Accident_Index,Vehicle_Reference,Vehicle_Type,Towing_and_Articulation,Vehicle_Manoeuvre,Vehicle_Location-Restricted_Lane,Junction_Location,Skidding_and_Overturning,Hit_Object_in_Carriageway,Vehicle_Leaving_Carriageway,Hit_Object_off_Carriageway,1st_Point_of_Impact,Was_Vehicle_Left_Hand_Drive?,Journey_Purpose_of_Driver,Sex_of_Driver,Age_of_Driver,Age_Band_of_Driver,Engine_Capacity_(CC),Propulsion_Code,Age_of_Vehicle,Driver_IMD_Decile,Driver_Home_Area_Type,Vehicle_IMD_Decile
201506L003490,2,9,0,18,0,0,0,0,0,0,0,1,6,1,47,8,-1,-1,-1,-1,1,-1
201506L003490,3,9,0,18,0,0,0,0,0,0,1,1,6,2,51,8,1598,1,3,-1,1,-1
201506L003508,1,9,0,18,0,8,0,0,0,0,1,1,6,1,28,6,1390,1,9,-1,1,-1
201506L003508,2,9,0,18,0,8,0,0,0,0,2,1,6,1,41,7,1598,1,2,-1,1,-1
201506L003508,3,9,0,2,0,8,0,0,0,0,0,1,6,1,36,7,-1,-1,-1,-1,1,-1
201506L003952,1,9,0,18,0,8,0,0,0,0,1,1,6,1,22,5,1198,1,9,-1,1,-1
201506L004143,1,9,0,18,0,2,0,0,0,0,1,1,6,1,36,7,1910,2,11,-1,1,-1
201506L004147,1,9,0,17,0,0,1,0,0,0,4,1,6,1,27,6,1686,2,11,-1,1,-1
201506L004147,2,9,0,16,0,0,0,0,0,0,1,1,6,2,47,8,-1,-1,-1,-1,1,-1
201506L004200,1,9,0,18,0,0,1,0,1,4,1,1,1,1,18,4,1149,1,13,-1,1,-1
201506L004267,1,9,0,18,0,1,0,0,0,0,1,1,6,3,-1,-1,1299,1,16,-1,-1,-1
201506L004267,2,9,0,10,0,1,0,0,0,0,2,1,6,2,28,6,1910,2,11,-1,1,-1
201506L004316,1,9,0,18,0,1,0,0,0,0,1,1,6,1,30,6,2198,1,14,-1,-1,-1
201506L004316,2,9,0,3,0,4,0,0,0,0,2,1,6,2,67,10,1198,1,-1,-1,1,-1
201506L004423,1,9,0,18,0,0,0,0,0,0,1,1,6,1,38,7,1999,1,1,-1,1,-1
201506L004423,2,9,0,18,0,0,0,0,0,0,1,1,6,1,27,6,1124,1,10,-1,1,-1
201506L004458,1,21,0,18,0,0,0,0,0,0,1,1,1,1,33,6,12780,2,9,-1,1,-1
201506L004458,2,9,0,3,0,0,0,0,0,0,2,1,6,2,51,8,1598,2,3,-1,1,-1
201506L004458,3,9,0,3,0,0,0,0,0,0,2,1,6,1,79,11,1493,2,7,-1,1,-1
201506L004527,1,9,0,14,0,0,0,0,0,0,0,1,6,1,47,8,1590,1,16,-1,-1,-1
201506L004527,2,5,0,14,0,0,0,0,0,0,4,1,6,1,48,8,1043,1,2,-1,1,-1
201506L004547,1,21,1,5,0,0,0,0,0,0,1,1,1,1,57,9,12870,2,7,-1,1,-1
201506L004612,1,4,0,16,0,2,0,0,0,0,3,1,6,2,44,7,-1,-1,-1,-1,1,-1
201506L004612,2,9,0,17,0,1,0,0,0,0,3,1,6,1,68,10,1296,1,8,-1,1,-1
201506L004613,1,9,0,18,0,8,0,0,0,0,1,1,6,1,57,9,1995,2,10,-1,1,-1
201506L004619,1,9,0,4,0,1,0,0,0,0,4,1,6,2,29,6,1242,1,13,-1,3,-1
201506L004619,2,9,0,4,0,1,1,0,0,0,1,1,6,2,34,6,1362,1,1,-1,1,-1
201506L004636,1,9,0,18,0,4,0,0,0,0,1,1,6,1,50,8,2191,2,-1,-1,1,-1
201506L004636,2,1,0,18,0,8,0,0,0,0,4,1,6,1,65,9,-1,-1,-1,-1,1,-1
201506L004721,1,90,4,18,0,0,0,10,0,10,1,1,1,1,57,9,-1,-1,-1,-1,3,-1
201506L004721,2,90,0,2,0,0,0,0,0,0,1,1,6,1,66,10,-1,-1,-1,-1,1,-1
201506L004801,1,9,0,18,0,8,0,0,0,0,3,1,6,1,35,6,1364,1,-1,-1,2,-1
201506L004801,2,5,0,18,0,8,1,0,0,0,1,1,6,1,25,5,998,1,10,-1,2,-1
201506L004891,1,3,0,9,0,8,0,0,0,0,4,1,6,1,17,4,-1,-1,-1,-1,1,-1
201506L004891,2,9,0,18,0,8,0,0,0,0,3,1,6,1,23,5,1368,1,6,-1,1,-1
201506L004891,3,9,0,18,0,8,0,0,0,0,2,1,6,1,41,7,1461,2,2,-1,1,-1
201506L004905,1,19,0,18,0,0,0,0,0,0,1,1,6,1,30,6,1968,2,1,-1,-1,-1
201506L004905,2,9,0,18,0,0,0,0,0,0,2,1,6,1,30,6,2151,2,15,-1,1,-1
201506L004905,3,9,0,18,0,0,0,0,0,0,2,1,6,1,30,6,-1,-1,-1,-1,-1,-1
201506L004919,1,9,0,9,0,8,0,0,0,0,1,1,6,1,52,8,1598,1,7,-1,1,-1
201506L004919,2,9,0,16,0,8,0,0,0,0,1,1,6,1,28,6,-1,-1,-1,-1,1,-1
201506L005092,1,9,0,1,0,5,0,0,0,0,2,1,6,1,63,9,1997,1,13,-1,-1,-1
201506L005385,1,9,0,18,0,2,0,0,0,0,1,1,6,2,36,7,1242,1,12,-1,1,-1
201506L005489,1,9,0,18,0,0,1,0,1,2,1,1,6,1,26,6,2967,1,13,-1,1,-1
201506L005788,1,19,0,18,0,6,0,0,0,0,0,1,1,1,24,5,2402,2,7,-1,1,-1
201506L005788,2,9,0,18,0,8,0,0,0,0,3,1,6,2,35,6,1596,1,7,-1,3,-1
201506L005808,1,9,0,9,0,6,0,0,0,0,3,1,6,2,50,8,1999,1,3,-1,1,-1
201506L005808,2,5,0,18,0,8,0,0,0,0,1,1,2,1,51,8,-1,-1,-1,-1,1,-1
201506L006263,1,5,0,18,0,0,0,10,1,10,1,1,6,1,57,9,999,1,-1,-1,3,-1
201506L006263,2,9,0,8,0,0,0,0,0,0,4,1,6,2,50,8,1598,1,3,-1,1,-1
201506L006359,1,9,0,9,0,8,0,0,0,0,3,1,6,1,43,7,1560,2,9,-1,1,-1
201506L006359,2,2,0,13,0,8,0,0,0,0,1,1,6,1,16,4,49,1,3,-1,1,-1
201506L006361,1,9,0,18,0,8,0,0,0,0,4,1,6,1,44,7,1596,1,8,-1,1,-1
201506L006361,2,1,0,18,0,8,0,0,0,0,1,1,3,1,12,3,-1,-1,-1,-1,1,-1
201506L006362,1,9,0,9,0,6,0,0,0,0,1,1,6,1,24,5,1339,1,9,-1,-1,-1
201506L006362,2,9,0,17,0,8,0,0,0,0,4,1,6,1,28,6,-1,-1,-1,-1,2,-1
201506L006452,1,9,0,9,0,6,0,0,0,0,1,1,2,2,49,8,1796,1,13,-1,1,-1
201506L006452,2,9,0,18,0,8,0,0,0,0,4,1,6,1,20,4,1198,1,7,-1,1,-1
201506L006458,1,9,0,4,9,4,0,0,0,0,1,1,6,2,86,11,1240,1,9,-1,2,-1
201506L006476,1,9,0,9,0,6,0,0,0,0,3,1,2,1,55,8,-1,-1,-1,-1,1,-1
201506L006476,2,3,0,18,0,8,0,0,0,0,4,1,2,1,18,4,124,1,-1,-1,1,-1
201506L006647,1,9,0,18,0,8,0,4,0,0,1,1,1,1,25,5,1686,2,2,-1,1,-1
201506L006647,2,9,0,10,0,8,0,0,0,0,2,1,1,2,32,6,999,1,-1,-1,1,-1
201506L006647,3,19,0,10,0,8,0,0,0,0,1,1,1,1,56,9,1753,2,4,-1,1,-1
201506L006662,1,9,0,9,0,5,0,0,0,0,1,1,6,1,45,7,1896,2,11,-1,1,-1
201506L006662,2,3,0,18,0,8,0,0,0,0,1,1,6,1,59,9,124,1,7,-1,1,-1
201506L006719,1,1,0,15,0,1,0,0,0,0,3,1,6,1,9,2,-1,-1,-1,-1,2,-1
201506L006719,2,9,0,14,0,1,0,0,0,0,1,1,6,1,78,11,1896,2,16,-1,1,-1
201506L006781,1,9,0,18,0,8,0,0,0,0,1,1,6,1,32,6,1900,2,16,-1,1,-1
201506L006781,2,9,0,9,0,8,0,0,0,0,1,1,6,2,26,6,1399,2,4,-1,1,-1
201506L006843,1,9,0,18,0,0,0,0,0,0,4,1,1,2,36,7,1499,2,-1,-1,1,-1
201506L007062,1,9,0,18,9,1,0,0,0,0,0,1,6,1,30,6,-1,-1,-1,-1,-1,-1
201506L007142,1,9,0,18,0,8,0,0,0,0,1,1,6,1,23,5,1248,2,4,-1,1,-1
201506L007142,2,9,0,18,0,8,0,0,0,0,4,1,6,1,53,8,2979,1,11,-1,1,-1
201506L007311,1,9,0,9,0,8,0,0,0,0,4,1,6,2,21,5,1198,1,12,-1,1,-1
201506L007311,2,9,0,18,0,8,0,0,0,0,1,1,6,2,60,9,1995,2,1,-1,1,-1
201506L007409,1,3,0,18,0,0,0,0,0,0,1,1,6,1,49,8,125,1,-1,-1,1,-1
201506L007409,2,9,0,2,0,0,0,4,0,0,3,1,6,3,-1,-1,1991,2,9,-1,1,-1
201506L007409,3,9,0,2,0,0,0,4,0,0,4,1,6,3,-1,-1,1984,1,8,-1,1,-1
201506L007441,1,9,0,7,0,1,0,0,0,0,4,1,6,1,41,7,1332,1,16,-1,1,-1
201506L007441,2,1,0,18,9,8,0,0,0,0,1,1,6,1,15,3,-1,-1,-1,-1,1,-1
201506L007444,1,1,0,18,0,8,0,0,0,0,4,1,6,1,30,6,-1,-1,-1,-1,1,-1
201506L007444,2,9,0,18,0,8,0,0,0,0,0,1,6,1,26,6,1560,2,3,-1,1,-1
201506L007447,1,9,0,9,0,8,0,0,0,0,4,1,2,1,38,7,1390,1,6,-1,1,-1
201506L007447,2,5,0,18,0,8,0,0,0,0,1,1,2,1,39,7,599,1,12,-1,2,-1
201506L007485,1,9,0,9,0,8,0,0,0,0,4,1,6,1,68,10,1799,1,7,-1,-1,-1
201506L007485,2,4,0,18,0,8,0,0,0,0,1,1,6,1,43,7,-1,-1,-1,-1,-1,-1
201506L007526,1,9,0,18,0,0,0,0,0,0,4,1,6,2,35,6,1360,1,6,-1,1,-1
201506L007606,1,9,0,9,0,8,0,0,0,0,1,1,6,1,36,7,1242,1,8,-1,1,-1
201506L007606,2,9,0,18,0,8,0,0,0,0,1,1,6,2,55,8,1560,2,3,-1,1,-1
201506L007672,1,9,0,9,0,6,0,0,0,0,1,1,1,2,37,7,1995,2,1,-1,1,-1
201506L007672,2,9,0,18,0,8,0,0,0,0,1,1,1,2,57,9,1997,1,16,-1,1,-1
201506L007785,1,9,0,9,0,8,0,0,0,0,4,1,6,2,21,5,1360,1,15,-1,1,-1
201506L007785,2,3,0,18,0,8,0,0,0,0,4,1,6,2,19,4,-1,-1,-1,-1,1,-1
201506L007816,1,11,0,18,0,1,0,0,0,0,4,1,1,3,-1,-1,-1,-1,-1,-1,-1,-1
201506L007830,1,9,0,4,0,1,0,0,1,0,1,1,6,1,25,5,-1,-1,-1,-1,-1,-1
201506L007830,2,1,0,18,9,1,0,0,0,0,0,1,6,1,11,3,-1,-1,-1,-1,1,-1
201506L008034,1,9,0,18,0,8,0,0,0,0,1,2,6,3,-1,-1,1997,1,12,-1,-1,-1
201506L008034,2,9,0,18,0,8,0,0,8,10,4,1,2,1,35,6,1590,1,10,-1,1,-1
201506L008034,3,19,0,2,9,1,0,0,0,0,2,1,6,3,33,6,1998,2,12,-1,-1,-1
201506L008044,1,9,0,18,0,8,0,0,0,0,1,1,6,1,36,7,1686,2,2,-1,1,-1
201506L008044,2,9,0,9,0,6,0,0,0,0,3,1,2,2,26,6,1398,2,12,-1,1,-1
201506L008068,1,19,0,1,0,2,0,0,0,0,2,1,1,1,38,7,2198,2,-1,-1,1,-1
201506L008073,1,9,0,18,0,0,0,0,0,0,1,1,2,1,28,6,1242,1,13,-1,1,-1
201506L008073,2,9,0,18,0,0,0,0,1,10,0,1,2,1,66,10,1124,1,11,-1,1,-1
201506L008079,1,9,0,18,0,0,1,0,0,0,1,1,6,2,61,9,899,1,1,-1,1,-1
201506L008079,2,8,0,18,0,0,0,0,0,0,1,1,1,1,46,8,1797,8,6,-1,1,-1
201506L008171,1,9,0,18,0,4,0,0,0,0,1,1,1,3,-1,-1,1388,1,14,-1,-1,-1
201506L008171,2,9,0,3,0,4,0,0,0,0,2,1,6,1,40,7,1229,1,8,-1,1,-1
201506L008182,1,1,0,18,0,8,0,0,0,0,1,1,6,1,12,3,-1,-1,-1,-1,1,-1
201506L008182,2,9,0,18,0,8,0,0,0,0,1,1,6,1,66,10,1364,1,4,-1,1,-1
201506L008333,1,9,0,9,0,4,0,0,0,0,1,1,2,2,33,6,1598,1,10,-1,1,-1
201506L008333,2,1,0,17,0,8,0,0,0,0,4,1,2,1,40,7,-1,-1,-1,-1,1,-1
201506L008369,1,19,0,18,0,1,0,0,0,0,1,1,2,1,46,8,1995,2,5,-1,1,-1
201506L008372,1,3,0,18,0,8,0,0,1,10,1,1,6,1,46,8,124,1,1,-1,1,-1
201506L008523,1,9,0,18,0,1,0,0,0,0,1,1,6,1,81,11,1198,1,4,-1,2,-1
201506L008523,2,9,0,2,0,1,0,0,0,0,2,1,6,3,-1,-1,1242,1,-1,-1,-1,-1
201506L008528,1,9,0,18,0,0,0,0,0,0,0,1,2,2,35,6,998,1,7,-1,1,-1
201506L008563,1,9,0,5,0,1,0,0,0,0,0,1,3,2,73,10,1242,1,-1,-1,-1,-1
201506L008649,1,3,0,18,0,0,1,0,0,0,1,1,3,1,30,6,-1,-1,-1,-1,1,-1
201506L008649,2,9,0,3,0,0,0,0,0,0,2,1,3,1,17,4,1229,1,7,-1,3,-1
201506L008668,1,21,0,18,0,1,1,0,0,0,1,1,1,1,32,6,5880,2,10,-1,1,-1
201506L008668,2,9,0,18,0,1,0,0,1,1,2,1,2,1,44,7,1124,1,7,-1,1,-1
201506L008682,1,9,0,18,0,2,0,0,0,0,1,1,6,1,32,6,2179,2,3,-1,-1,-1
201506L008709,1,9,0,5,0,6,0,0,1,1,3,1,1,1,18,4,1461,2,-1,-1,1,-1
201506L008709,2,8,0,18,0,8,0,0,0,0,1,1,1,1,54,8,1997,2,6,-1,1,-1
201506L008936,1,9,0,9,0,1,0,0,0,0,1,1,6,2,30,6,-1,-1,-1,-1,-1,-1
201506L008936,2,1,0,18,0,8,0,0,0,0,4,1,6,1,35,6,-1,-1,-1,-1,1,-1
201506L008939,1,11,0,5,0,0,0,0,0,0,0,1,1,1,54,8,7300,2,10,-1,1,-1
201506L009142,1,19,0,14,0,0,0,0,0,0,1,1,1,1,25,5,1996,2,4,-1,1,-1
201506L009142,2,9,0,5,8,0,0,0,0,0,3,1,6,1,30,6,1398,1,13,-1,1,-1
201506L009191,1,9,0,9,0,8,0,0,0,0,3,1,6,1,44,7,1598,1,14,-1,1,-1
201506L009191,2,2,0,13,0,8,0,0,0,0,4,1,6,3,-1,-1,-1,-1,-1,-1,-1,-1
201506L009192,1,9,0,9,0,2,0,0,0,0,1,1,6,2,56,9,1560,2,6,-1,1,-1
201506L009220,1,9,0,5,0,0,0,0,0,0,1,1,6,2,30,6,-1,-1,-1,-1,-1,-1
201506L009254,1,9,0,9,0,5,0,0,0,0,1,1,6,2,44,7,1968,2,8,-1,1,-1
201506L009290,1,9,0,5,0,1,0,0,0,0,1,1,6,1,27,6,1587,1,11,-1,-1,-1
201506L009290,2,1,0,18,0,2,0,0,0,0,2,1,6,1,29,6,-1,-1,-1,-1,-1,-1
201506L009374,1,9,0,18,0,0,0,0,0,0,1,1,6,2,33,6,796,1,8,-1,2,-1
201506L009401,1,9,0,18,0,0,0,0,0,0,1,1,2,2,19,4,796,1,14,-1,3,-1
201506L009401,2,9,0,3,0,0,0,0,0,0,2,1,2,2,29,6,1149,1,7,-1,1,-1
201506L009454,1,9,0,9,0,1,0,0,0,0,1,1,6,1,50,8,1242,1,5,-1,1,-1
201506L009486,1,9,0,9,0,8,0,0,0,0,1,1,6,2,39,7,973,1,14,-1,-1,-1
201506L009486,2,9,0,18,0,8,0,0,0,0,3,1,6,1,24,5,1595,1,11,-1,1,-1
201506L009564,1,9,0,9,0,8,0,0,0,0,1,1,6,1,32,6,1968,2,4,-1,-1,-1
201506L009583,1,8,0,18,0,0,0,0,0,0,1,1,1,1,55,8,1798,1,9,-1,1,-1
201506L009583,2,9,0,18,0,0,0,0,0,0,2,1,6,1,35,6,1968,2,9,-1,1,-1
201506L009586,1,9,0,7,0,6,0,0,0,0,1,1,1,1,68,10,1796,1,11,-1,1,-1
201506L009746,1,9,0,17,0,2,0,4,0,0,1,1,1,1,43,7,1598,1,8,-1,1,-1
201506L009746,2,9,0,2,0,1,0,0,0,0,2,1,6,1,30,6,1896,2,12,-1,-1,-1
201506L009775,1,9,0,18,0,8,0,0,0,0,1,1,6,1,25,5,1229,1,10,-1,1,-1
201506L009775,2,9,0,18,0,8,1,7,0,0,4,1,2,2,57,9,1199,1,12,-1,1,-1
201506L009775,3,9,0,3,0,8,0,0,0,0,1,1,1,1,70,10,1910,2,7,-1,-1,-1
201506L009777,1,9,0,12,0,6,0,0,0,0,3,1,6,1,72,10,1997,2,8,-1,1,-1
201506L009777,2,3,0,18,0,8,0,0,0,0,1,1,6,1,24,5,125,1,-1,-1,1,-1
201506L009784,1,9,0,9,0,6,0,0,0,0,4,1,6,2,23,5,1242,1,18,-1,-1,-1
201506L009784,2,9,0,18,0,8,0,0,0,0,0,1,6,1,22,5,1124,1,15,-1,-1,-1
201506L009785,1,9,0,9,0,2,0,0,0,0,1,1,6,1,36,7,1800,2,16,-1,1,-1
201506L009787,1,9,0,9,0,8,0,0,0,0,1,1,6,1,26,6,-1,-1,-1,-1,1,-1
201506L009787,2,9,0,18,0,8,0,0,0,0,1,1,6,1,78,11,-1,-1,-1,-1,1,-1
201506L009791,1,9,0,4,0,8,0,0,0,0,1,1,6,1,43,7,-1,-1,-1,-1,1,-1
201506L009791,2,19,0,3,0,8,1,0,0,0,3,1,6,2,55,8,-1,-1,-1,-1,-1,-1
201506L009797,1,9,0,18,0,2,0,0,0,0,4,1,6,2,30,6,1587,1,8,-1,1,-1
201506L009816,1,9,0,4,0,1,0,0,0,0,1,1,6,1,28,6,1362,1,1,-1,1,-1
201506L009816,2,9,0,4,0,1,0,0,0,0,2,1,2,2,21,5,999,1,-1,-1,1,-1
201506L009837,1,9,0,9,0,8,0,0,0,0,1,1,6,2,57,9,1332,1,8,-1,1,-1
201506L009896,1,9,0,9,0,8,0,0,0,0,1,1,6,2,34,6,1598,1,2,-1,1,-1
201506L010202,1,4,0,18,0,8,0,0,0,0,3,1,6,1,35,6,124,1,11,-1,2,-1
201506L010202,2,9,0,9,0,8,0,0,0,0,1,1,6,1,55,8,1242,1,8,-1,1,-1
201506L010210,1,9,0,9,0,3,0,0,0,0,1,1,6,1,39,7,-1,-1,-1,-1,-1,-1
201506L010400,1,9,0,18,0,8,0,0,0,0,1,1,6,2,62,9,998,1,-1,-1,1,-1
201506L010400,2,9,0,18,0,8,0,0,0,0,2,1,6,1,61,9,-1,-1,-1,-1,2,-1
201506L095362,1,8,0,18,0,1,0,0,0,0,1,1,1,1,47,8,-1,-1,-1,-1,1,-1
201506L095554,1,9,0,5,0,8,0,0,0,0,2,1,6,1,41,7,1461,2,2,-1,1,-1
201506L095554,2,9,0,4,0,8,0,0,0,0,1,1,6,1,67,10,1560,2,3,-1,1,-1
201506L095813,1,9,0,9,0,5,0,0,0,0,1,1,6,1,47,8,1596,1,6,-1,1,-1
201506L095828,1,9,0,9,0,8,0,0,0,0,4,1,6,2,65,9,1086,1,7,-1,1,-1
201506L095828,2,1,0,18,0,8,0,0,0,0,1,1,6,1,49,8,-1,-1,-1,-1,1,-1
201506L095915,1,19,0,18,0,0,0,0,1,4,1,1,1,1,22,5,1560,2,4,-1,1,-1
201506L095915,2,9,0,18,0,0,0,0,0,0,3,1,6,1,39,7,-1,-1,-1,-1,1,-1
201506L095957,1,9,0,18,0,8,0,0,0,0,1,1,6,1,46,8,1560,2,5,-1,2,-1
201506L095957,2,9,0,18,0,8,0,0,0,0,1,1,6,2,31,6,-1,-1,-1,-1,2,-1
201506L095957,3,9,0,18,0,8,0,0,0,0,1,1,6,2,45,7,1598,1,2,-1,2,-1
201506L096106,1,9,0,9,0,8,0,0,0,0,1,1,2,2,34,6,1490,1,9,-1,1,-1
201506L096106,2,3,0,13,0,8,0,0,0,0,1,1,2,1,25,5,125,1,1,-1,1,-1
201506L096106,3,9,0,4,0,8,0,0,0,0,2,1,2,1,62,9,1242,1,7,-1,-1,-1
201506L096108,1,9,0,18,0,8,0,0,0,0,4,1,6,1,72,10,1956,2,6,-1,1,-1
201506L096108,2,5,0,18,0,8,0,0,0,0,1,1,1,1,59,9,750,1,32,-1,1,-1
201506L096108,3,9,0,18,0,1,0,0,0,0,3,1,6,2,41,7,1598,1,12,-1,1,-1
201506L096127,1,9,0,9,0,8,0,0,0,0,4,1,1,1,50,8,2987,2,7,-1,1,-1
201506L096127,2,9,0,18,0,8,0,0,0,0,1,1,6,2,39,7,1598,1,5,-1,1,-1
201506L096129,1,9,0,4,0,1,0,0,0,0,1,1,6,2,18,4,999,1,6,-1,1,-1
201506L096129,2,9,0,4,0,1,0,0,0,0,2,1,6,1,29,6,-1,-1,-1,-1,1,-1
201506L096129,3,9,0,18,0,1,0,0,0,0,2,1,6,2,50,8,1396,1,1,-1,1,-1
201506L096175,1,9,0,18,0,0,0,0,0,0,3,1,6,2,74,10,1299,1,13,-1,-1,-1
201506L096183,1,9,0,18,0,1,0,0,0,0,1,1,6,2,43,7,1796,1,16,-1,1,-1
201506L096183,2,19,0,18,0,1,0,0,0,0,1,1,1,1,46,8,-1,-1,-1,-1,-1,-1
201506L096298,1,9,0,9,0,8,0,0,7,10,1,1,6,2,56,9,1995,1,5,-1,3,-1
201506L096298,2,9,0,18,0,8,0,0,7,10,4,1,6,1,39,7,-1,-1,-1,-1,1,-1
201506L096309,1,9,0,9,0,6,0,0,0,0,1,1,6,2,62,9,1560,2,7,-1,1,-1
201506L096309,2,9,0,18,0,8,0,0,0,0,4,1,6,2,47,8,1598,1,8,-1,1,-1
201506L096324,1,9,0,9,0,6,0,0,0,0,4,1,6,1,60,9,-1,-1,-1,-1,2,-1
201506L096324,2,9,0,18,0,1,0,0,0,0,4,1,6,2,29,6,1206,1,6,-1,1,-1
201506L096324,3,9,0,10,0,1,0,0,0,0,1,1,6,1,42,7,-1,-1,-1,-1,1,-1
201506L096437,1,9,0,18,0,0,0,0,0,0,1,1,1,1,21,5,1242,1,14,-1,1,-1
201506L096497,1,9,0,18,0,2,0,0,0,0,4,1,6,3,-1,-1,-1,-1,-1,-1,-1,-1
201506L096517,1,90,0,18,0,1,0,0,0,0,1,1,1,1,45,7,2999,2,5,-1,1,-1
201506L096517,2,9,0,9,0,2,0,0,0,0,1,1,6,1,62,9,1968,2,-1,-1,1,-1
201506L096532,1,3,0,18,0,1,0,4,0,10,2,1,6,1,36,7,100,1,10,-1,1,-1
201506L096532,2,9,0,2,0,1,0,0,0,0,2,1,6,3,-1,-1,1124,1,12,-1,-1,-1
201506L096536,1,9,0,9,0,6,0,0,0,0,1,1,6,2,29,6,-1,-1,-1,-1,1,-1
201506L096536,2,9,0,18,0,8,0,0,0,0,4,1,6,2,40,7,2987,2,8,-1,1,-1
201506L096580,1,9,0,18,0,8,0,0,0,0,1,1,6,1,51,8,1995,2,6,-1,1,-1
201506L096580,2,9,0,9,0,5,0,0,0,0,2,1,6,2,28,6,1364,1,10,-1,-1,-1
201506L096646,1,9,0,18,0,0,0,0,0,0,1,1,6,2,66,10,1248,1,5,-1,1,-1
201506L096696,1,9,0,16,9,0,0,10,1,10,1,1,6,1,18,4,998,1,6,-1,1,-1
201506L096701,1,9,0,18,0,8,0,0,0,0,1,1,1,1,51,8,-1,-1,-1,-1,1,-1
201506L096701,2,9,0,9,0,6,0,0,0,0,3,1,2,2,47,8,-1,-1,-1,-1,1,-1
201506L096712,1,9,0,9,0,6,0,0,0,0,3,1,6,1,30,6,1598,1,9,-1,1,-1
201506L096712,2,9,0,18,0,8,0,0,0,0,3,1,6,1,77,11,-1,-1,-1,-1,1,-1
201506L096769,1,9,0,17,0,0,1,0,7,10,1,1,6,2,45,7,-1,-1,-1,-1,1,-1
201506L096844,1,9,0,18,0,8,0,0,0,0,1,1,6,2,60,9,2179,2,2,-1,1,-1
201506L096844,2,9,0,18,0,8,0,0,0,10,4,1,6,2,45,7,1199,1,14,-1,1,-1
201506L096928,1,21,0,7,0,5,0,0,0,0,4,1,1,1,60,9,10837,2,5,-1,1,-1
201506L097032,1,9,0,5,0,6,0,0,0,0,1,1,6,1,58,9,1994,2,11,-1,1,-1
201506L097032,2,2,0,18,0,8,0,0,0,0,3,1,6,1,16,4,50,1,1,-1,1,-1
201506L097082,1,9,0,18,0,8,0,0,0,0,1,1,6,1,40,7,1998,2,14,-1,1,-1
201506L097082,2,3,0,3,0,8,0,0,0,0,1,1,1,1,24,5,108,1,1,-1,1,-1
201506L097126,1,9,0,18,0,0,0,0,0,0,1,1,6,3,-1,-1,-1,-1,-1,-1,-1,-1
201506L097157,1,9,0,5,0,1,0,0,0,0,1,1,2,1,59,9,1086,1,9,-1,1,-1
201506L097165,1,9,0,18,0,1,0,0,0,0,1,1,1,1,28,6,1390,1,13,-1,1,-1
201506L097165,2,9,0,18,0,1,0,0,0,0,2,1,6,2,56,9,898,1,1,-1,1,-1
201506L097181,1,9,0,5,0,8,0,0,0,0,1,1,6,1,62,9,-1,-1,-1,-1,1,-1
201506L097181,2,9,0,18,0,8,0,0,0,0,1,1,6,2,42,7,1598,1,11,-1,1,-1
201506L097188,1,9,0,9,0,8,0,0,0,0,4,1,6,2,43,7,2000,2,9,-1,1,-1
201506L097188,2,9,0,18,0,8,0,0,0,0,1,1,6,1,28,6,1596,1,13,-1,1,-1
201506L097199,1,9,0,18,0,4,0,0,0,0,1,1,6,1,71,10,-1,-1,-1,-1,1,-1
201506L097199,2,9,0,9,0,4,0,0,0,0,1,1,6,2,45,7,1910,2,7,-1,1,-1
201506L097209,1,9,0,18,0,0,0,0,0,0,1,1,6,2,29,6,1596,1,8,-1,1,-1
201506L097239,1,9,0,18,0,1,0,0,0,0,1,1,6,1,64,9,1229,1,5,-1,1,-1
201506L097321,1,8,0,9,0,1,0,0,0,0,0,1,6,3,-1,-1,-1,-1,-1,-1,-1,-1
201506L097321,2,2,0,18,0,1,0,0,0,0,1,1,6,2,30,6,-1,-1,-1,-1,3,-1
201506L097321,3,9,0,18,0,1,0,0,0,0,2,1,6,2,30,6,-1,-1,-1,-1,1,-1
201506L097341,1,9,0,16,0,0,1,0,0,0,1,1,6,1,17,4,-1,-1,-1,-1,1,-1
201506L097341,2,21,0,17,0,0,0,0,0,0,1,1,1,1,44,7,9200,2,9,-1,1,-1
201506L097404,1,9,0,9,0,8,0,0,0,0,1,1,2,2,24,5,998,1,11,-1,1,-1
201506L097404,2,1,0,18,0,8,0,0,0,0,1,1,6,1,46,8,-1,-1,-1,-1,1,-1
201506L097445,1,9,0,3,0,8,0,0,0,0,4,1,6,1,36,7,1248,1,1,-1,1,-1
201506L097445,2,9,0,9,0,8,0,0,0,0,4,1,6,1,24,5,1560,2,2,-1,1,-1
201506L097505,1,9,0,9,0,1,0,0,0,0,1,1,6,1,47,8,1998,2,9,-1,2,-1
201506L097509,1,9,0,15,0,0,0,0,0,0,3,1,2,1,77,11,1396,1,12,-1,1,-1
201506L097509,2,5,0,15,0,0,0,0,0,0,4,1,2,1,48,8,748,1,13,-1,1,-1
201506L097622,1,9,0,18,0,1,0,10,0,0,1,1,6,1,29,6,1560,2,-1,-1,-1,-1