Accident_Index,Vehicle_Reference,Vehicle_Type,Towing_and_Articulation,Vehicle_Manoeuvre,Vehicle_Location-Restricted_Lane,Junction_Location,Skidding_and_Overturning,Hit_Object_in_Carriageway,Vehicle_Leaving_Carriageway,Hit_Object_off_Carriageway,1st_Point_of_Impact,Was_Vehicle_Left_Hand_Drive?,Journey_Purpose_of_Driver,Sex_of_Driver,Age_of_Driver,Age_Band_of_Driver,Engine_Capacity_(CC),Propulsion_Code,Age_of_Vehicle,Driver_IMD_Decile,Driver_Home_Area_Type,Vehicle_IMD_Decile
201501CP00275,1,8,0,7,0,8,0,0,0,0,4,1,1,1,39,7,2148,2,7,-1,1,-1
201501CP00276,1,11,0,9,0,1,0,0,0,0,0,1,1,1,57,9,4500,2,-1,-1,1,-1
201501CP00277,1,19,0,11,0,8,0,0,0,0,0,1,6,3,-1,-1,-1,-1,-1,-1,-1,-1
201501CP00277,2,11,0,18,0,8,0,0,0,0,0,1,1,1,52,8,6370,2,6,-1,1,-1
201501CP00278,1,5,0,14,0,1,0,0,0,0,1,1,6,1,-1,-1,600,1,10,-1,1,-1
201501CP00279,1,8,0,2,0,1,0,0,0,0,4,1,1,3,-1,-1,-1,-1,-1,-1,-1,-1
201501CP00279,2,1,0,18,0,1,0,0,0,0,1,1,6,1,46,8,-1,-1,-1,-1,1,-1
201501CP00280,1,9,0,18,0,2,0,0,0,0,4,1,6,2,30,6,1595,2,5,-1,1,-1
201501CP00281,1,9,0,9,0,8,0,0,0,0,1,1,6,1,55,8,1798,8,3,-1,1,-1
201501CP00281,2,1,0,18,0,8,0,0,0,0,3,1,6,1,54,8,-1,-1,-1,-1,1,-1
201501CP00282,1,9,0,4,0,1,0,0,0,0,0,1,6,3,-1,-1,2987,2,2,-1,-1,-1
201501CP00282,2,3,0,18,0,1,0,0,0,0,0,1,6,1,26,6,124,1,2,-1,-1,-1
201501CP00283,1,9,0,6,0,0,0,0,0,0,3,1,6,3,-1,-1,-1,-1,-1,-1,-1,-1
201501CP00283,2,1,0,18,0,0,0,0,0,0,1,1,6,1,38,7,-1,-1,-1,-1,1,-1
201501CP00284,1,1,0,18,0,2,0,0,0,0,1,1,2,1,49,8,-1,-1,-1,-1,1,-1
201501CP00284,2,8,0,2,0,2,0,0,0,0,1,1,1,3,-1,-1,1798,8,1,-1,1,-1
201501CP00285,1,1,0,18,0,8,0,0,0,0,3,1,6,2,26,6,-1,-1,-1,-1,1,-1
201501CP00285,2,20,0,9,0,8,0,0,0,0,1,1,6,3,-1,-1,-1,-1,-1,-1,-1,-1
201501CP00286,1,9,0,18,0,8,0,0,0,0,4,1,6,1,40,7,-1,-1,-1,-1,1,-1
201501CP00286,2,1,0,18,0,8,0,0,0,0,1,1,6,1,36,7,-1,-1,-1,-1,1,-1
201501CP00287,1,11,0,18,0,1,0,0,0,0,0,1,1,1,-1,-1,9360,2,8,-1,1,-1
201501CP00288,1,1,0,18,0,1,0,8,0,0,1,1,6,1,33,6,-1,-1,-1,-1,1,-1
201501CP00288,2,8,0,2,0,1,0,0,0,0,4,1,6,1,42,7,1797,8,5,-1,1,-1
201501CP00289,1,9,0,9,0,8,0,0,0,0,4,1,6,2,43,7,-1,-1,-1,-1,1,-1
201501CP00289,2,9,0,18,0,8,0,0,0,0,1,1,6,1,35,6,-1,-1,-1,-1,1,-1
201501CP00290,1,1,0,18,0,1,0,0,0,0,0,1,6,1,26,6,-1,-1,-1,-1,1,-1
201501CP00290,2,8,0,6,0,1,0,0,0,0,0,1,1,1,44,7,1997,2,1,-1,1,-1
201501CP00291,1,11,0,18,2,8,0,0,0,0,4,1,1,1,50,8,9000,2,5,-1,1,-1
201501CP00293,1,11,0,5,0,0,0,0,0,0,0,1,1,1,45,7,4461,2,2,-1,1,-1
201501CW10001,1,9,0,18,0,0,0,0,0,0,1,1,6,3,-1,-1,-1,-1,-1,-1,-1,-1
201501CW10002,1,9,0,9,0,2,0,0,0,0,3,1,2,1,51,8,1796,1,11,-1,1,-1
201501CW10003,1,3,0,18,0,0,0,0,0,0,1,1,1,1,18,4,108,1,6,-1,-1,-1
201501CW10003,2,8,0,6,0,0,0,0,0,0,3,1,1,1,27,6,1797,8,6,-1,1,-1
201501CW10004,1,9,0,9,0,2,0,0,0,0,1,1,6,1,32,6,1995,1,13,-1,1,-1
201501CW10005,1,19,0,18,0,2,0,0,0,0,1,1,1,1,-1,-1,1995,2,4,-1,-1,-1
201501CW10006,1,9,0,5,0,8,0,0,0,0,2,1,6,1,33,6,-1,-1,-1,-1,1,-1
201501CW10006,2,20,0,5,0,8,0,0,0,0,1,1,1,1,43,7,4485,2,-1,-1,1,-1
201501CW10007,1,8,0,18,0,1,0,0,0,0,3,1,1,1,47,8,1910,2,5,-1,1,-1
201501CW10010,1,9,0,18,0,8,0,0,0,0,1,1,1,1,38,7,-1,-1,-1,-1,1,-1
201501CW10010,2,8,0,18,0,8,0,0,0,0,1,1,1,1,51,8,2402,2,13,-1,1,-1
201501CW10011,1,8,0,18,0,8,0,0,0,0,1,1,1,1,32,6,2499,2,1,-1,1,-1
201501CW10012,1,19,0,18,0,8,0,0,0,0,1,1,6,1,38,7,1560,2,5,-1,1,-1
201501CW10012,2,1,0,18,4,8,0,0,0,0,3,1,6,1,50,8,-1,-1,-1,-1,1,-1
201501CW10013,1,9,0,18,0,1,0,0,0,0,4,1,6,2,-1,-1,1997,2,9,-1,-1,-1
201501CW10015,1,19,0,9,0,2,0,0,0,0,3,1,1,1,43,7,-1,-1,-1,-1,1,-1
201501CW10016,1,19,0,3,0,1,0,0,0,0,2,1,1,1,25,5,-1,-1,-1,-1,1,-1
201501CW10016,2,8,0,3,0,1,0,0,0,0,2,1,1,1,25,5,2664,2,15,-1,1,-1
201501CW10016,3,21,0,18,0,1,0,0,0,0,1,1,1,1,33,6,12740,2,3,-1,1,-1
201501CW10017,1,9,0,12,0,1,0,0,0,0,3,1,1,1,36,7,1590,1,16,-1,1,-1
201501CW10017,2,5,0,18,0,1,0,0,0,0,4,1,1,1,49,8,1255,1,3,-1,1,-1
201501CW10018,1,9,0,15,0,8,0,0,0,0,1,1,6,1,24,5,-1,-1,-1,-1,1,-1
201501CW10018,2,9,0,9,2,8,0,0,0,0,4,1,2,1,59,9,-1,-1,-1,-1,1,-1
201501CW10019,1,3,0,18,0,2,1,10,1,1,4,1,6,1,29,6,102,1,8,-1,1,-1
201501CW10020,1,5,0,5,0,2,0,0,0,0,3,1,1,1,47,8,600,1,3,-1,1,-1
201501CW10020,2,9,0,5,0,2,0,0,0,0,4,1,6,2,47,8,4163,1,7,-1,1,-1
201501CW10021,1,8,0,18,0,0,0,0,0,0,4,1,1,1,33,6,-1,-1,-1,-1,1,-1
201501CW10023,1,9,0,9,0,8,0,0,0,0,1,1,6,1,43,7,1783,1,10,-1,1,-1
201501CW10023,2,11,0,18,0,8,0,0,0,0,3,1,1,1,41,7,7300,2,11,-1,1,-1
201501CW10026,1,9,0,9,0,8,0,0,0,0,4,1,6,1,26,6,1798,1,1,-1,1,-1
201501CW10026,2,4,0,14,0,8,0,0,0,0,1,1,1,1,22,5,670,1,3,-1,1,-1
201501CW10027,1,9,0,9,0,2,0,0,0,0,3,1,6,1,30,6,1242,1,7,-1,-1,-1
201501CW10027,2,3,0,4,0,1,1,0,0,0,1,1,6,1,23,5,124,1,3,-1,1,-1
201501CW10029,1,9,0,9,0,2,0,0,0,0,1,1,6,2,22,5,1796,1,9,-1,1,-1
201501CW10030,1,9,0,13,0,2,0,7,0,0,4,1,6,1,29,6,1998,1,8,-1,1,-1
201501CW10031,1,9,0,18,0,1,0,0,0,0,4,1,6,1,26,6,1995,1,6,-1,1,-1
201501CW10031,2,3,0,18,0,1,0,0,0,0,3,1,6,1,26,6,108,1,6,-1,1,-1
201501CW10032,1,19,0,9,0,2,0,0,0,0,1,1,1,1,-1,-1,1560,2,3,-1,-1,-1
201501CW10034,1,9,0,9,0,1,0,0,0,0,3,1,1,1,34,6,1398,1,10,-1,1,-1
201501CW10034,2,1,0,7,0,2,0,0,0,0,1,1,1,1,45,7,-1,-1,-1,-1,1,-1
201501CW10036,1,9,0,7,0,8,0,0,0,0,1,1,6,1,40,7,2967,2,2,-1,1,-1
201501CW10036,2,1,0,18,0,8,0,0,0,0,1,1,6,1,43,7,-1,-1,-1,-1,2,-1
201501CW10037,1,9,0,9,0,8,0,0,0,0,3,1,6,1,46,8,1796,1,18,-1,1,-1
201501CW10037,2,1,0,18,0,8,0,0,0,0,4,1,6,1,47,8,-1,-1,-1,-1,1,-1
201501CW10038,1,3,0,15,0,0,0,0,0,0,4,1,2,2,-1,-1,124,1,12,-1,1,-1
201501CW10039,1,11,0,5,0,0,0,0,0,0,3,1,1,1,55,8,8300,2,8,-1,1,-1
201501CW10040,1,8,0,7,0,2,0,0,0,0,2,1,1,1,66,10,2664,2,14,-1,1,-1
201501CW10040,2,3,0,7,0,2,0,0,0,0,1,1,6,1,39,7,125,1,5,-1,-1,-1
201501CW10041,1,8,0,18,0,1,0,0,0,0,3,1,1,1,45,7,1598,1,-1,-1,1,-1
201501CW10042,1,9,0,7,0,1,0,0,0,0,4,1,6,1,26,6,1242,1,13,-1,-1,-1
201501CW10042,2,3,0,7,0,1,0,0,0,0,1,1,1,1,26,6,125,1,7,-1,1,-1
201501CW10044,1,19,0,18,0,0,0,0,0,0,1,1,6,1,-1,-1,2148,2,6,-1,-1,-1
201501CW10048,1,11,0,5,0,1,0,0,0,0,4,1,1,1,52,8,7300,2,13,-1,1,-1
201501CW10049,1,9,0,2,0,0,0,0,0,0,3,1,6,1,62,9,1896,2,7,-1,1,-1
201501CW10049,2,1,0,18,0,0,0,8,0,0,1,1,6,1,62,9,-1,-1,-1,-1,1,-1
201501CW10050,1,2,0,18,0,8,0,0,0,0,1,1,1,1,-1,-1,49,1,9,-1,-1,-1
201501CW10050,2,9,0,9,0,8,0,0,0,0,3,1,6,3,-1,-1,-1,-1,-1,-1,-1,-1
201501CW10051,1,3,0,18,0,1,0,0,0,0,4,1,2,1,43,7,125,1,2,-1,1,-1
201501CW10052,1,5,0,3,0,1,0,0,0,0,1,1,6,1,29,6,745,1,1,-1,3,-1
201501CW10052,2,19,0,1,0,1,0,0,0,0,2,1,6,1,-1,-1,2198,2,9,-1,1,-1
201501CW10053,1,8,0,18,0,8,0,0,0,0,2,1,1,1,35,6,1798,8,3,-1,1,-1
201501CW10053,2,3,0,15,0,8,0,0,0,0,1,1,6,1,28,6,125,1,10,-1,1,-1
201501CW10054,1,5,0,17,0,8,0,0,0,0,1,1,6,1,36,7,659,1,8,-1,1,-1
201501CW10055,1,8,0,3,0,1,0,0,0,0,4,1,1,1,59,9,1997,2,7,-1,1,-1
201501CW10056,1,9,0,9,0,8,0,0,0,0,1,1,6,1,36,7,-1,-1,-1,-1,1,-1
201501CW10056,2,9,0,18,0,8,0,0,0,0,4,1,6,1,24,5,1968,2,9,-1,1,-1
201501CW10057,1,8,0,7,0,8,0,0,0,0,3,1,1,1,-1,-1,1797,8,4,-1,1,-1
201501CW10057,2,1,0,18,0,8,0,0,0,0,1,1,6,1,30,6,-1,-1,-1,-1,1,-1
201501CW10058,1,11,0,5,2,0,0,0,0,0,0,1,1,1,52,8,4461,2,2,-1,1,-1
201501CW10059,1,8,0,6,0,0,0,0,0,0,4,1,1,1,51,8,2499,2,4,-1,-1,-1
201501CW10059,2,5,0,18,0,0,0,0,0,0,3,1,6,1,-1,-1,636,1,9,-1,1,-1
201501CW10060,1,8,0,18,0,0,0,0,0,0,4,1,1,1,54,8,1798,8,1,-1,1,-1
201501CW10061,1,8,0,18,0,1,0,0,0,0,4,1,6,1,44,7,-1,-1,-1,-1,1,-1
201501CW10061,2,1,0,18,0,1,0,0,0,0,1,1,6,1,34,6,-1,-1,-1,-1,1,-1
201501CW10063,1,9,0,18,0,8,0,0,0,0,1,1,6,1,27,6,-1,-1,-1,-1,1,-1
201501CW10063,2,9,0,18,0,8,0,10,1,1,2,1,6,1,26,6,1999,1,10,-1,1,-1
201501CW10063,3,9,0,18,0,8,0,0,0,0,1,1,6,1,24,5,2148,2,6,-1,1,-1
201501CW10065,1,1,0,18,0,0,0,8,0,0,1,1,2,1,58,9,-1,-1,-1,-1,1,-1
201501CW10065,2,9,0,2,0,0,0,0,0,0,3,1,6,1,-1,-1,1956,2,4,-1,-1,-1
201501CW10069,1,9,0,17,0,1,0,0,0,0,1,1,6,1,40,7,1997,2,13,-1,1,-1
201501CW10069,2,8,0,17,0,1,0,0,0,0,2,1,1,2,50,8,2402,2,10,-1,1,-1
201501CW10071,1,9,0,7,0,1,0,0,0,0,4,1,6,1,22,5,2496,1,13,-1,1,-1
201501CW10071,2,1,0,17,0,1,0,0,0,0,3,1,6,1,37,7,-1,-1,-1,-1,1,-1
201501CW10072,1,9,0,14,0,2,0,0,0,0,1,1,6,1,68,10,1398,1,4,-1,1,-1
201501CW10073,1,4,0,13,0,1,0,0,0,0,4,1,2,1,47,8,599,1,9,-1,1,-1
201501CW10073,2,8,0,9,0,1,0,0,0,0,3,1,1,1,52,8,2143,2,1,-1,1,-1
201501CW10074,1,9,0,3,0,1,0,0,0,0,2,1,6,1,24,5,-1,-1,-1,-1,1,-1
201501CW10074,2,19,0,4,0,1,0,0,0,0,1,1,6,1,-1,-1,2198,2,7,-1,-1,-1
201501CW10075,1,11,0,18,0,2,0,0,0,0,0,1,1,1,57,9,7300,2,11,-1,1,-1
201501CW10078,1,19,0,1,0,0,0,0,0,0,2,1,1,1,37,7,2402,2,9,-1,1,-1
201501CW10082,1,11,0,7,0,1,0,0,0,0,0,1,1,1,44,7,4760,2,3,-1,1,-1
201501CW10084,1,9,0,9,0,8,0,0,0,0,0,1,6,1,38,7,1797,8,5,-1,1,-1
201501CW10085,1,11,0,18,0,2,0,0,0,0,1,1,1,1,59,9,6700,2,3,-1,1,-1
201501CW10085,2,9,0,18,0,2,0,0,0,0,2,1,6,1,29,6,1997,2,7,-1,1,-1
201501CW10088,1,11,0,18,0,0,0,0,0,0,4,1,1,1,40,7,7300,2,11,-1,1,-1
201501CW10089,1,3,0,18,0,0,0,0,0,0,1,1,6,3,-1,-1,-1,-1,-1,-1,-1,-1
201501CW10090,1,9,0,9,0,8,0,0,0,0,4,1,1,1,25,5,-1,-1,-1,-1,-1,-1
201501CW10090,2,3,0,18,0,8,0,0,0,0,1,1,6,1,28,6,124,1,2,-1,1,-1
201501CW10091,1,9,0,7,0,8,0,0,0,0,0,1,6,1,20,4,1956,2,3,-1,1,-1
201501CW10091,2,5,0,18,0,8,0,0,0,0,4,1,6,1,53,8,1170,1,8,-1,1,-1
201501CW10092,1,3,0,14,0,0,0,0,0,0,4,1,6,1,32,6,124,1,8,-1,1,-1
201501CW10093,1,11,0,5,0,2,0,0,0,0,0,1,1,1,39,7,4500,2,4,-1,1,-1
201501CW10094,1,19,0,2,0,2,0,0,0,0,3,1,1,1,-1,-1,2198,2,1,-1,1,-1
201501CW10094,2,20,0,18,0,2,0,4,0,0,4,1,1,1,36,7,2287,2,4,-1,1,-1
201501CW10095,1,3,0,18,0,1,0,0,0,0,4,1,2,1,47,8,125,1,2,-1,-1,-1
201501CW10095,2,8,0,18,0,1,0,0,0,0,3,1,1,1,64,9,2402,2,11,-1,1,-1
201501CW10097,1,9,0,6,0,8,0,0,0,0,3,1,1,1,49,8,2967,2,3,-1,1,-1
201501CW10097,2,3,0,18,0,8,0,0,0,0,1,1,1,1,27,6,124,1,13,-1,1,-1
201501CW10098,1,19,0,18,0,1,0,0,0,0,0,1,1,1,56,9,1998,2,14,-1,1,-1
201501CW10098,2,11,0,18,0,1,0,0,0,0,4,1,1,1,26,6,9360,2,5,-1,1,-1
201501CW10099,1,9,0,7,0,2,0,0,0,0,1,1,6,2,30,6,-1,-1,-1,-1,1,-1
201501CW10101,1,11,0,18,0,1,0,0,0,0,0,1,1,1,40,7,4500,2,1,-1,1,-1
201501CW10102,1,8,0,18,0,2,0,0,0,0,3,1,1,1,56,9,1798,8,1,-1,1,-1
201501CW10103,1,8,0,18,0,8,0,0,0,0,3,1,1,1,53,8,2402,2,11,-1,1,-1
201501CW10103,2,9,0,18,0,8,0,0,0,0,1,1,6,1,29,6,1598,2,1,-1,1,-1
201501CW10104,1,9,0,2,0,2,0,0,0,0,3,1,6,1,73,10,2597,1,10,-1,3,-1
201501CW10104,2,3,0,18,0,2,0,8,0,0,1,1,1,1,24,5,125,1,9,-1,1,-1
201501CW10105,1,9,0,18,0,8,0,0,0,0,4,1,6,1,46,8,1493,1,15,-1,1,-1
201501CW10105,2,9,0,7,0,1,0,0,0,0,1,1,6,2,65,9,1598,1,2,-1,1,-1
201501CW10107,1,9,0,18,0,0,0,0,0,0,1,1,6,2,-1,-1,-1,-1,-1,-1,-1,-1
201501CW10108,1,8,0,10,0,1,0,0,0,0,2,1,1,1,63,9,2402,2,10,-1,-1,-1
201501CW10108,2,9,0,4,0,1,0,0,0,0,1,1,6,2,-1,-1,1598,1,2,-1,-1,-1
201501CW10109,1,3,0,18,0,8,0,0,0,0,4,1,1,1,24,5,108,1,1,-1,1,-1
201501CW10109,2,8,0,9,0,8,0,0,0,0,1,1,1,1,41,7,2499,2,7,-1,1,-1
201501CW10110,1,8,0,7,0,1,0,0,0,0,1,1,1,1,36,7,2143,2,4,-1,1,-1
201501CW10110,2,1,0,18,0,8,0,0,0,0,4,1,6,1,39,7,-1,-1,-1,-1,-1,-1
201501CW10111,1,5,0,5,0,2,0,0,0,0,3,1,6,1,26,6,599,1,12,-1,1,-1
201501CW10112,1,8,0,18,0,1,0,0,0,0,4,1,1,1,54,8,1598,1,7,-1,1,-1
201501CW10113,1,1,0,18,0,1,0,0,0,0,4,1,6,1,48,8,-1,-1,-1,-1,1,-1
201501CW10113,2,19,0,7,0,8,0,0,0,0,0,1,6,3,-1,-1,-1,-1,-1,-1,-1,-1
201501CW10114,1,3,0,18,0,0,0,0,0,0,4,1,1,1,27,6,108,1,7,-1,1,-1
201501CW10114,2,9,0,6,0,0,0,0,0,0,3,1,6,1,-1,-1,-1,-1,-1,-1,1,-1
201501CW10116,1,1,0,18,0,0,0,8,0,0,4,1,6,1,25,5,-1,-1,-1,-1,1,-1
201501CW10116,2,8,0,3,0,0,0,0,0,0,3,1,1,1,-1,-1,1598,1,9,-1,-1,-1
201501CW10118,1,8,0,3,0,2,0,0,0,0,4,1,1,1,-1,-1,1206,1,5,-1,-1,-1
201501CW10118,2,1,0,15,0,2,0,8,0,0,1,1,6,1,38,7,-1,-1,-1,-1,1,-1
201501CW10120,1,3,0,17,0,0,1,10,1,10,4,1,2,1,22,5,125,1,4,-1,-1,-1
201501CW10123,1,8,0,9,0,8,0,0,0,0,1,1,1,1,43,7,1797,8,5,-1,1,-1
201501CW10123,2,1,0,18,0,8,0,0,0,0,1,1,2,1,37,7,-1,-1,-1,-1,1,-1
201501CW10124,1,11,0,18,0,2,0,0,0,0,4,1,1,1,62,9,4760,2,4,-1,1,-1
201501CW10125,1,11,0,7,0,8,0,0,0,0,2,1,1,1,54,8,9360,2,2,-1,1,-1
201501CW10125,2,1,0,7,0,8,0,0,0,0,3,1,2,1,45,7,-1,-1,-1,-1,1,-1
201501CW10126,1,9,0,18,0,2,0,0,0,0,4,1,1,1,64,9,3456,8,2,-1,1,-1
201501CW10126,2,1,0,15,0,2,0,4,0,0,3,1,6,1,-1,-1,-1,-1,-1,-1,1,-1
201501CW10126,3,8,0,2,0,2,0,0,0,0,2,1,6,3,-1,-1,2499,2,5,-1,-1,-1
201501CW10127,1,11,0,18,0,0,0,0,0,0,0,1,1,1,30,6,4461,2,2,-1,1,-1
201501CW10128,1,1,0,15,0,8,0,0,0,0,3,1,2,1,36,7,-1,-1,-1,-1,1,-1
201501CW10128,2,9,4,9,0,8,0,0,0,0,1,1,6,1,-1,-1,2400,2,2,-1,-1,-1
201501CW10130,1,8,0,18,0,2,0,0,0,0,4,1,1,1,44,7,1599,1,14,-1,1,-1
201501CW10131,1,8,0,2,0,0,0,0,0,0,3,1,1,1,54,8,1995,2,5,-1,1,-1
201501CW10131,2,1,0,18,0,0,0,8,0,0,1,1,6,2,49,8,-1,-1,-1,-1,1,-1
201501CW10132,1,11,0,18,0,0,0,0,0,0,4,1,1,1,66,10,6700,2,6,-1,1,-1
201501CW10133,1,9,0,5,0,1,0,0,0,0,1,1,6,1,43,7,3824,1,9,-1,1,-1
201501CW10133,2,9,0,5,0,1,0,0,0,0,2,1,6,2,71,10,1896,2,8,-1,1,-1
201501CW10134,1,19,0,7,0,1,0,0,0,0,2,1,2,1,52,8,2261,1,8,-1,1,-1
201501CW10134,2,1,0,18,0,1,0,0,0,0,1,1,2,1,24,5,-1,-1,-1,-1,1,-1
201501CW10136,1,2,0,18,0,1,0,0,0,0,3,1,1,1,27,6,-1,3,-1,-1,1,-1
201501CW10136,2,9,0,7,0,1,0,0,0,0,4,1,6,2,48,8,1968,2,4,-1,1,-1
201501CW10137,1,8,0,18,0,8,0,0,0,0,4,1,1,1,-1,-1,2499,2,8,-1,1,-1
201501CW10137,2,1,0,7,0,8,0,0,0,0,1,1,6,1,29,6,-1,-1,-1,-1,-1,-1
201501CW10138,1,9,0,4,0,1,0,0,0,0,2,1,6,1,41,7,1794,1,14,-1,1,-1
201501CW10138,2,9,0,18,0,1,0,0,0,0,1,1,6,1,35,6,2494,1,13,-1,1,-1
201501CW10139,1,9,0,18,0,2,0,0,0,0,1,1,6,2,-1,-1,1149,1,11,-1,-1,-1
201501CW10140,1,19,0,1,0,0,0,0,0,0,2,1,1,1,31,6,2143,2,3,-1,1,-1
201501CW10140,2,5,0,18,0,0,0,0,0,0,1,1,2,1,41,7,745,1,1,-1,1,-1
201501CW10141,1,4,0,18,0,8,0,0,0,0,3,1,6,2,32,6,108,1,4,-1,1,-1
201501CW10141,2,9,0,9,0,8,0,0,0,0,0,1,6,1,-1,-1,-1,-1,-1,-1,-1,-1
201501CW10142,1,19,0,5,0,8,0,0,0,0,4,1,1,1,33,6,1598,2,-1,-1,-1,-1
201501CW10142,2,5,0,18,0,8,0,0,0,0,1,1,2,2,34,6,883,1,1,-1,1,-1
201501CW10143,1,1,0,18,0,1,0,0,0,0,3,1,6,1,50,8,-1,-1,-1,-1,1,-1
201501CW10143,2,8,0,18,0,1,0,0,0,0,4,1,1,1,-1,-1,2143,2,3,-1,-1,-1
201501CW10144,1,1,0,18,0,1,0,0,0,0,3,1,6,2,39,7,-1,-1,-1,-1,1,-1
201501CW10144,2,9,0,7,0,1,0,0,0,0,4,1,6,3,-1,-1,-1,-1,-1,-1,-1,-1
201501CW10146,1,9,0,12,0,0,0,0,0,0,3,1,1,1,48,8,1910,2,5,-1,1,-1
201501CW10146,2,3,0,18,0,0,0,0,0,0,4,1,6,1,33,6,749,1,20,-1,1,-1
201501CW10148,1,9,0,18,0,0,0,4,0,0,4,1,6,1,23,5,2000,2,6,-1,1,-1
201501CW10148,2,9,0,13,0,0,0,0,0,0,0,1,6,3,-1,-1,-1,-1,-1,-1,-1,-1
201501CW10148,3,9,0,2,0,0,0,0,0,0,3,1,6,3,-1,-1,-1,-1,-1,-1,-1,-1
201501CW10149,1,8,0,9,0,8,0,0,0,0,4,1,1,1,36,7,1798,8,2,-1,1,-1
201501CW10149,2,2,0,18,0,8,0,0,0,0,1,1,1,1,27,6,125,1,9,-1,1,-1
201501CW10150,1,9,0,15,0,0,0,10,1,0,3,1,6,1,-1,-1,1360,1,6,-1,-1,-1
201501CW10150,2,9,0,3,0,0,0,0,0,0,4,1,6,1,-1,-1,1956,2,-1,-1,1,-1
201501CW10151,1,9,0,5,0,8,0,0,0,0,2,1,6,2,36,7,1900,2,9,-1,1,-1
201501CW10151,2,20,0,5,0,8,0,0,0,0,1,1,1,1,-1,-1,11946,2,3,-1,-1,-1
201501CW10152,1,8,0,18,0,0,0,0,0,0,4,1,1,1,-1,-1,1896,2,7,-1,-1,-1
201501CW10153,1,11,0,5,0,2,0,0,0,0,1,1,1,1,-1,-1,4760,2,3,-1,-1,-1
201501CW10154,1,11,0,18,0,1,0,0,0,0,3,1,1,1,46,8,6700,2,5,-1,1,-1
201501CW10155,1,3,0,18,0,3,0,0,0,0,1,1,2,1,17,4,-1,-1,-1,-1,3,-1
201501CW10156,1,8,0,5,0,1,0,0,0,0,1,1,1,1,46,8,2499,2,5,-1,1,-1
201501CW10157,1,9,0,18,0,2,0,0,0,0,3,1,6,1,29,6,2000,2,6,-1,1,-1
201501CW10158,1,11,0,18,0,1,0,0,0,0,1,1,6,1,38,7,7300,2,11,-1,-1,-1
201501CW10159,1,4,0,4,0,1,0,0,0,0,1,1,6,1,42,7,125,1,10,-1,1,-1
201501CW10160,1,9,0,4,0,0,0,0,0,0,2,1,6,2,29,6,-1,-1,-1,-1,1,-1
201501CW10160,2,5,0,18,0,0,0,0,0,0,1,1,2,1,30,6,649,1,8,-1,1,-1
201501CW10161,1,1,0,18,0,1,0,0,0,0,1,1,6,2,18,4,-1,-1,-1,-1,1,-1
201501CW10161,2,9,0,13,0,1,0,0,0,0,2,1,6,1,-1,-1,-1,-1,-1,-1,-1,-1
201501CW10163,1,11,0,7,0,1,0,0,0,0,0,1,1,1,29,6,9360,2,5,-1,1,-1
201501CW10164,1,9,0,6,0,1,0,0,0,0,3,1,6,1,27,6,1968,2,1,-1,1,-1
201501CW10164,2,3,0,18,0,1,0,0,0,0,4,1,1,1,25,5,125,1,3,-1,1,-1
201501CW10165,1,9,0,9,0,8,0,0,0,0,1,1,6,1,29,6,1598,1,1,-1,1,-1
201501CW10165,2,3,0,18,0,8,0,0,0,0,1,1,1,1,26,6,109,1,2,-1,1,-1
201501CW10166,1,9,0,3,0,0,0,0,0,0,1,1,1,1,39,7,2401,2,10,-1,1,-1
201501CW10166,2,3,0,18,0,0,0,0,0,0,1,1,1,1,25,5,125,1,6,-1,-1,-1
201501CW10167,1,9,0,4,0,1,0,0,0,0,2,1,6,1,-1,-1,2993,2,8,-1,-1,-1
201501CW10167,2,8,0,9,0,1,0,0,0,0,1,1,1,1,-1,-1,2402,2,12,-1,-1,-1
201501CW10169,1,19,0,5,0,1,0,0,0,0,1,1,6,1,56,9,2198,2,5,-1,1,-1
201501CW10169,2,1,0,18,0,8,0,0,0,0,4,1,6,1,-1,-1,-1,-1,-1,-1,-1,-1
201501CW10170,1,1,0,18,0,1,0,0,0,0,4,1,6,1,27,6,-1,-1,-1,-1,-1,-1
201501CW10172,1,21,0,5,0,1,0,0,0,0,0,1,1,1,55,8,10677,2,1,-1,1,-1
201501CW10172,2,3,0,5,0,1,0,0,0,0,4,1,2,1,37,7,124,1,2,-1,1,-1
201501CW10172,3,1,0,5,0,1,0,0,0,0,3,1,6,1,26,6,-1,-1,-1,-1,1,-1
201501CW10173,1,9,0,3,0,2,0,0,0,0,1,1,6,2,-1,-1,-1,-1,-1,-1,-1,-1
201501CW10173,2,9,0,4,0,2,0,0,0,0,2,1,6,1,80,11,1956,2,5,-1,1,-1
201501CW10174,1,11,0,18,0,2,0,0,0,0,4,1,1,1,62,9,4462,2,10,-1,1,-1
201501CW10175,1,11,0,3,0,2,0,0,0,0,0,1,1,1,33,6,4500,2,-1,-1,-1,-1
201501CW10176,1,8,0,18,0,0,0,0,0,0,4,1,6,1,-1,-1,1339,8,5,-1,-1,-1
201501CW10179,1,21,0,4,0,2,0,0,0,0,2,1,1,1,32,6,12580,2,10,-1,3,-1
201501CW10179,2,21,0,18,0,2,0,0,0,0,1,1,1,1,51,8,6692,2,3,-1,3,-1
201501CW10180,1,1,0,18,0,0,0,0,0,0,1,1,6,1,-1,-1,-1,-1,-1,-1,-1,-1
201501CW10183,1,20,0,2,0,0,0,0,0,0,3,1,1,1,41,7,-1,-1,-1,-1,1,-1
201501CW10183,2,9,0,18,0,0,0,4,0,0,4,1,6,1,-1,-1,-1,-1,-1,-1,-1,-1
201501CW10184,1,9,0,18,0,1,0,0,0,0,4,1,6,1,51,8,1988,1,14,-1,1,-1
201501CW10184,2,5,0,15,0,1,0,0,0,0,3,1,6,1,52,8,798,1,2,-1,1,-1
201501CW10186,1,8,0,5,0,8,0,0,0,0,1,1,1,1,52,8,2143,2,3,-1,1,-1