Accident_Index,Vehicle_Reference,Vehicle_Type,Towing_and_Articulation,Vehicle_Manoeuvre,Vehicle_Location-Restricted_Lane,Junction_Location,Skidding_and_Overturning,Hit_Object_in_Carriageway,Vehicle_Leaving_Carriageway,Hit_Object_off_Carriageway,1st_Point_of_Impact,Was_Vehicle_Left_Hand_Drive?,Journey_Purpose_of_Driver,Sex_of_Driver,Age_of_Driver,Age_Band_of_Driver,Engine_Capacity_(CC),Propulsion_Code,Age_of_Vehicle,Driver_IMD_Decile,Driver_Home_Area_Type,Vehicle_IMD_Decile
201501CW10188,1,9,0,18,0,0,0,0,0,0,4,1,6,1,35,6,1896,2,10,-1,-1,-1
201501CW10189,1,3,0,18,0,0,1,0,0,0,1,1,6,1,36,7,124,1,5,-1,1,-1
201501CW10192,1,8,0,18,0,0,0,0,0,0,4,1,1,1,49,8,2664,2,14,-1,1,-1
201501CW10193,1,8,0,18,0,8,0,0,0,0,3,1,1,1,45,7,1598,1,5,-1,1,-1
201501CW10193,2,9,0,18,0,8,0,0,0,0,1,1,6,1,23,5,2148,2,6,-1,1,-1
201501CW10194,1,9,0,18,0,0,0,0,0,0,1,1,6,1,21,5,1461,2,1,-1,1,-1
201501CW10194,2,9,0,18,0,0,0,0,0,0,1,1,6,1,64,9,1995,2,5,-1,1,-1
201501CW10195,1,19,0,18,0,8,0,0,0,0,1,1,1,1,41,7,2494,2,10,-1,1,-1
201501CW10195,2,9,0,5,0,8,0,0,0,0,3,1,6,1,25,5,-1,-1,-1,-1,1,-1
201501CW10197,1,9,0,12,0,0,0,0,0,0,3,1,6,2,26,6,1596,1,6,-1,1,-1
201501CW10197,2,9,0,18,0,0,0,0,0,0,4,1,6,1,-1,-1,2993,2,1,-1,1,-1
201501CW10199,1,1,0,7,0,2,0,0,0,0,1,1,6,1,23,5,-1,-1,-1,-1,1,-1
201501CW10200,1,9,0,12,0,0,0,0,0,0,1,1,6,1,-1,-1,-1,-1,-1,-1,-1,-1
201501CW10200,2,1,0,18,0,0,0,0,0,0,2,1,2,1,30,6,-1,-1,-1,-1,1,-1
201501CW10201,1,1,0,18,0,1,0,0,0,0,1,1,6,1,-1,-1,-1,-1,-1,-1,-1,-1
201501CW10203,1,5,0,18,0,8,0,0,0,0,3,1,6,1,59,9,955,1,13,-1,1,-1
201501CW10203,2,9,0,9,0,8,0,0,0,0,1,1,6,1,41,7,1991,2,4,-1,1,-1
201501CW10205,1,19,0,9,0,8,0,0,0,0,3,1,6,1,28,6,1753,2,2,-1,1,-1
201501CW10205,2,3,0,14,0,8,0,0,0,0,1,1,6,1,32,6,109,1,2,-1,1,-1
201501CW10206,1,5,0,14,0,0,0,0,0,0,4,1,2,1,44,7,659,1,9,-1,1,-1
201501CW10208,1,3,0,9,0,8,0,0,0,0,3,1,6,1,19,4,-1,-1,-1,-1,1,-1
201501CW10208,2,9,0,9,0,8,0,0,0,0,4,1,6,1,-1,-1,1995,2,2,-1,-1,-1
201501CW10209,1,8,0,7,0,8,0,0,0,0,1,1,1,1,-1,-1,2402,2,13,-1,-1,-1
201501CW10211,1,11,0,4,0,0,0,0,1,1,4,1,1,1,49,8,6700,2,3,-1,1,-1
201501CW10213,1,9,0,18,0,2,0,0,0,0,1,1,6,1,-1,-1,-1,-1,-1,-1,-1,-1
201501CW10214,1,3,0,13,0,0,0,0,0,0,1,1,2,1,29,6,124,1,4,-1,1,-1
201501CW10214,2,11,0,5,0,0,0,0,0,0,0,1,1,3,-1,-1,6700,2,6,-1,-1,-1
201501CW10214,3,19,0,4,0,0,0,0,0,0,2,1,6,3,-1,-1,-1,-1,-1,-1,-1,-1
201501CW10215,1,5,0,18,0,0,0,10,7,10,1,1,6,1,-1,-1,-1,-1,-1,-1,-1,-1
201501CW10216,1,8,0,3,0,8,0,0,0,0,1,1,1,1,49,8,1796,1,8,-1,1,-1
201501CW10216,2,9,0,18,0,8,0,0,0,0,2,1,1,2,46,8,1560,2,1,-1,-1,-1
201501CW10220,1,9,0,7,0,8,0,0,0,0,1,1,6,1,42,7,1999,1,12,-1,1,-1
201501CW10220,2,3,0,18,0,8,0,0,0,0,2,1,6,2,48,8,124,1,10,-1,1,-1
201501CW10221,1,9,0,18,0,1,0,0,0,0,3,1,6,1,27,6,1997,1,1,-1,1,-1
201501CW10223,1,11,0,5,0,0,0,0,0,0,0,1,1,1,55,8,-1,-1,-1,-1,1,-1
201501CW10224,1,3,0,9,0,8,0,0,0,0,1,1,6,1,37,7,125,1,2,-1,1,-1
201501CW10224,2,1,0,18,0,8,0,0,0,0,4,1,6,1,31,6,-1,-1,-1,-1,1,-1
201501CW10225,1,19,0,18,0,0,0,0,0,0,4,1,1,1,45,7,1598,2,1,-1,1,-1
201501CW10226,1,11,0,18,0,0,0,0,0,0,0,1,1,2,50,8,-1,-1,-1,-1,1,-1
201501CW10227,1,1,0,15,0,1,0,0,0,0,1,1,6,1,41,7,-1,-1,-1,-1,-1,-1
201501CW10227,2,9,0,3,0,1,0,0,0,0,4,1,6,1,58,9,3311,8,6,-1,-1,-1
201501CW10228,1,3,0,18,0,8,0,0,0,0,4,1,1,2,30,6,125,1,10,-1,1,-1
201501CW10228,2,9,0,5,0,8,0,0,0,0,0,1,6,1,55,8,-1,-1,-1,-1,1,-1
201501CW10229,1,9,0,9,0,8,0,0,0,0,1,1,1,1,-1,-1,2987,2,1,-1,-1,-1
201501CW10229,2,1,0,18,0,8,0,0,0,0,1,1,6,1,27,6,-1,-1,-1,-1,1,-1
201501CW10230,1,8,0,9,0,1,0,0,0,0,3,1,1,1,50,8,1997,2,5,-1,1,-1
201501CW10230,2,5,0,13,0,1,0,0,0,0,4,1,6,1,46,8,599,1,7,-1,1,-1
201501CW10231,1,9,0,4,0,8,0,0,0,0,3,1,2,1,26,6,-1,-1,-1,-1,1,-1
201501CW10231,2,3,0,14,0,8,0,0,0,0,4,1,2,1,34,6,-1,-1,-1,-1,1,-1
201501CW10232,1,9,0,9,0,8,0,0,0,0,4,1,6,1,31,6,1984,1,11,-1,1,-1
201501CW10232,2,1,0,15,0,8,0,0,0,0,1,1,6,1,26,6,-1,-1,-1,-1,1,-1
201501CW10233,1,11,0,18,0,2,0,0,0,0,3,1,1,1,53,8,4760,2,3,-1,1,-1
201501CW10235,1,8,0,7,0,8,0,0,0,0,1,1,1,1,37,7,-1,-1,-1,-1,1,-1
201501CW10236,1,4,0,15,0,1,0,0,0,0,4,1,6,1,33,6,471,1,2,-1,-1,-1
201501CW10236,2,9,0,5,0,1,0,0,0,0,3,1,6,1,44,7,2148,2,9,-1,1,-1
201501CW10237,1,9,0,9,0,2,0,0,0,0,1,1,6,2,69,10,1329,1,1,-1,1,-1
201501CW10238,1,4,0,18,0,0,0,0,0,0,1,1,6,3,-1,-1,-1,-1,-1,-1,-1,-1
201501CW10239,1,2,0,5,0,8,0,0,0,0,2,1,2,2,34,6,124,1,1,-1,1,-1
201501CW10239,2,9,0,5,0,8,0,0,0,0,4,1,1,1,41,7,1497,8,7,-1,-1,-1
201501CW10240,1,11,0,18,0,1,0,0,0,0,4,1,1,1,49,8,4461,2,1,-1,1,-1
201501CW10241,1,9,0,18,0,8,0,0,0,0,3,1,1,1,34,6,-1,-1,-1,-1,1,-1
201501CW10241,2,9,0,9,0,8,0,0,0,0,1,1,1,1,45,7,1461,2,5,-1,1,-1
201501CW10243,1,9,0,18,0,1,0,0,0,0,4,1,6,3,-1,-1,-1,-1,-1,-1,-1,-1
201501CW10244,1,8,0,9,0,8,0,0,0,0,1,1,6,1,-1,-1,1997,2,3,-1,-1,-1
201501CW10244,2,1,0,18,0,8,0,0,0,0,1,1,6,1,40,7,-1,-1,-1,-1,1,-1
201501CW10246,1,11,0,3,2,0,0,0,0,0,0,1,1,1,48,8,6700,2,5,-1,1,-1
201501CW10247,1,11,0,18,0,1,0,0,0,0,4,1,1,1,55,8,4760,2,2,-1,1,-1
201501CW10248,1,9,0,18,0,8,0,0,0,0,1,1,6,3,-1,-1,1997,2,1,-1,-1,-1
201501CW10250,1,9,0,4,0,0,0,0,0,0,2,1,1,1,34,6,1582,2,1,-1,1,-1
201501CW10250,2,9,0,5,0,0,0,0,0,0,1,1,6,2,37,7,1997,1,8,-1,1,-1
201501CW10251,1,1,0,9,0,2,0,0,0,0,1,1,6,1,27,6,-1,-1,-1,-1,1,-1
201501CW10252,1,8,0,18,0,8,0,0,0,0,3,1,1,1,63,9,2664,2,16,-1,3,-1
201501CW10252,2,9,0,6,0,8,0,0,0,0,1,1,6,1,45,7,2143,12,-1,-1,1,-1
201501CW10253,1,9,0,9,0,8,0,0,0,0,4,1,6,2,27,6,1995,1,4,-1,1,-1
201501CW10253,2,8,0,9,0,8,0,0,0,0,3,1,1,1,24,5,1797,8,5,-1,1,-1
201501CW10254,1,19,0,7,0,1,0,0,0,0,0,1,1,1,55,8,1896,2,6,-1,1,-1
201501CW10254,2,11,0,18,0,1,0,0,0,0,0,1,1,1,55,8,8268,2,11,-1,1,-1
201501CW10255,1,8,0,18,0,1,0,0,0,0,4,1,1,1,45,7,2499,2,8,-1,1,-1
201501CW10255,2,1,0,18,0,1,0,0,0,0,3,1,2,1,50,8,-1,-1,-1,-1,-1,-1
201501CW10256,1,11,0,18,0,0,0,0,0,0,1,1,6,1,48,8,6700,2,6,-1,1,-1
201501CW10257,1,3,0,7,0,2,0,0,0,0,3,1,6,2,39,7,124,1,10,-1,1,-1
201501CW10258,1,8,0,9,0,8,0,0,0,0,3,1,1,1,36,7,1797,8,4,-1,1,-1
201501CW10258,2,8,0,9,0,8,0,0,0,0,4,1,1,1,42,7,2720,2,8,-1,1,-1
201501CW10259,1,11,0,18,0,0,0,0,0,0,0,1,1,1,58,9,4500,2,4,-1,1,-1
201501CW10260,1,9,0,18,0,0,0,10,7,4,1,1,6,1,-1,-1,-1,-1,-1,-1,-1,-1
201501CW10261,1,8,0,18,0,0,0,0,0,0,1,1,1,1,38,7,1995,2,5,-1,1,-1
201501CW10261,2,9,0,18,0,0,0,0,0,0,2,1,6,2,29,6,1995,2,1,-1,1,-1
201501CW10262,1,9,0,9,0,8,0,0,0,0,1,1,6,1,54,8,1956,2,1,-1,1,-1
201501CW10262,2,1,0,18,0,8,0,0,0,0,3,1,6,1,-1,-1,-1,-1,-1,-1,1,-1
201501CW10263,1,8,0,18,0,1,0,0,0,0,1,1,1,1,46,8,2148,2,7,-1,1,-1
201501CW10263,2,3,0,18,0,2,0,0,0,0,1,1,2,1,29,6,125,1,5,-1,1,-1
201501CW10264,1,19,0,18,0,8,0,0,0,0,3,1,1,1,-1,-1,2402,2,11,-1,2,-1
201501CW10264,2,11,0,18,0,8,0,0,0,0,4,1,1,1,39,7,6700,2,5,-1,1,-1
201501CW10265,1,1,0,18,0,8,0,0,0,0,1,1,1,1,23,5,-1,-1,-1,-1,1,-1
201501CW10265,2,9,0,9,0,8,0,0,0,0,4,1,1,1,27,6,-1,-1,-1,-1,1,-1
201501CW10266,1,8,0,11,0,0,0,0,0,0,4,1,6,1,45,7,1797,8,5,-1,1,-1
201501CW10266,2,1,0,18,0,0,0,0,0,0,1,1,6,1,55,8,-1,-1,-1,-1,1,-1
201501CW10269,1,9,0,5,0,8,0,0,0,0,1,1,2,1,53,8,1398,1,1,-1,1,-1
201501CW10269,2,1,0,17,0,8,0,0,0,0,4,1,2,1,28,6,-1,-1,-1,-1,1,-1
201501CW10270,1,11,0,5,0,8,0,0,0,0,0,1,1,1,51,8,4461,2,2,-1,1,-1
201501CW10271,1,8,0,9,0,8,0,0,0,0,1,1,1,1,34,6,1798,8,2,-1,1,-1
201501CW10271,2,5,0,18,0,8,0,0,0,0,4,1,1,1,45,7,749,1,11,-1,1,-1
201501CW10272,1,9,0,4,0,8,0,0,0,0,1,1,2,1,49,8,4398,1,10,-1,1,-1
201501CW10273,1,9,0,1,0,8,0,0,0,0,2,1,6,1,44,7,1997,2,7,-1,1,-1
201501CW10275,1,9,0,3,0,1,0,0,0,0,2,1,6,1,49,8,-1,-1,-1,-1,1,-1
201501CW10275,2,1,0,18,0,1,0,0,0,0,1,1,6,1,22,5,-1,-1,-1,-1,1,-1
201501CW10276,1,1,0,18,0,8,0,0,0,0,1,1,2,1,25,5,-1,-1,-1,-1,1,-1
201501CW10277,1,8,0,3,0,8,0,0,0,0,2,1,1,1,51,8,2143,2,3,-1,1,-1
201501CW10277,2,1,0,4,0,8,0,0,0,0,1,1,2,2,34,6,-1,-1,-1,-1,1,-1
201501CW10278,1,1,0,7,0,2,0,8,0,0,1,1,6,1,25,5,-1,-1,-1,-1,1,-1
201501CW10278,2,9,0,2,0,2,0,0,0,0,3,1,1,1,-1,-1,-1,-1,-1,-1,-1,-1
201501CW10279,1,3,0,18,0,0,0,0,0,0,3,1,2,1,34,6,124,1,2,-1,1,-1
201501CW10281,1,1,0,18,0,8,0,0,0,0,4,1,6,2,34,6,-1,-1,-1,-1,1,-1
201501CW10281,2,19,0,9,0,1,0,0,0,0,1,1,6,1,-1,-1,-1,-1,-1,-1,-1,-1
201501CW10282,1,9,0,18,0,0,0,0,0,0,4,1,6,1,-1,-1,-1,-1,-1,-1,-1,-1
201501CW10283,1,9,0,2,0,0,0,0,0,0,3,1,6,2,38,7,1398,1,11,-1,1,-1
201501CW10283,2,1,0,17,0,0,0,8,0,0,1,1,2,1,32,6,-1,-1,-1,-1,1,-1
201501CW10284,1,8,0,7,0,2,0,0,0,0,3,1,6,1,47,8,-1,-1,-1,-1,1,-1
201501CW10284,2,1,0,7,0,2,0,0,0,0,4,1,6,1,29,6,-1,-1,-1,-1,1,-1
201501CW10285,1,19,0,18,0,0,0,0,0,0,1,1,6,1,46,8,2198,2,1,-1,1,-1
201501CW10286,1,2,0,18,0,8,0,0,0,0,1,1,1,1,19,4,108,1,1,-1,1,-1
201501CW10287,1,5,0,17,0,0,0,0,0,0,1,1,6,1,29,6,675,1,5,-1,1,-1
201501CW10287,2,9,0,17,0,0,0,0,0,0,2,1,6,1,43,7,1997,2,4,-1,1,-1
201501CW10288,1,1,0,18,0,8,0,0,0,0,4,1,6,1,51,8,-1,-1,-1,-1,1,-1
201501CW10288,2,8,0,12,0,8,0,0,0,0,3,1,1,1,51,8,2402,2,13,-1,1,-1
201501CW10289,1,9,0,4,0,0,0,0,0,0,2,1,6,1,-1,-1,-1,-1,-1,-1,-1,-1
201501CW10289,2,3,0,4,0,0,0,0,0,0,1,1,2,1,36,7,124,1,2,-1,1,-1
201501CW10290,1,9,0,9,0,8,0,0,0,0,1,1,6,1,42,7,2148,2,9,-1,1,-1
201501CW10291,1,9,0,9,0,8,0,0,1,0,2,1,6,1,92,11,1587,1,8,-1,1,-1
201501CW10291,2,8,0,9,0,8,0,0,0,0,2,1,1,1,-1,-1,2402,2,9,-1,1,-1
201501CW10291,3,9,0,9,0,8,0,0,0,0,1,1,6,1,41,7,1799,1,7,-1,2,-1
201501CW10292,1,8,0,18,0,8,0,0,0,0,3,1,1,1,34,6,1339,8,4,-1,1,-1
201501CW10292,2,9,0,18,0,8,0,0,0,0,1,1,6,1,-1,-1,1498,1,9,-1,-1,-1
201501CW10293,1,8,0,18,0,8,0,0,0,0,1,1,1,1,28,6,1797,8,5,-1,1,-1
201501CW10293,2,9,0,18,0,8,0,0,0,0,3,1,1,1,39,7,1797,8,5,-1,1,-1
201501CW10294,1,9,0,18,0,8,0,0,0,0,1,1,6,1,47,8,1984,1,12,-1,-1,-1
201501CW10295,1,9,0,3,0,1,0,0,0,0,2,1,1,1,31,6,1896,2,13,-1,1,-1
201501CW10295,2,9,0,4,0,1,0,0,0,0,1,1,6,1,-1,-1,-1,-1,-1,-1,-1,-1
201501CW10296,1,9,0,18,0,2,0,0,0,0,1,1,6,1,34,6,1598,2,2,-1,1,-1
201501CW10296,2,3,0,14,0,1,0,0,0,0,1,1,6,1,18,4,124,1,13,-1,1,-1
201501CW10297,1,8,0,18,0,8,0,0,0,0,3,1,1,1,55,8,1997,2,3,-1,1,-1
201501CW10297,2,8,0,9,0,8,0,0,0,0,1,1,1,1,50,8,2499,2,2,-1,1,-1
201501CW10299,1,11,0,5,0,0,0,0,0,0,0,1,1,1,53,8,7300,2,11,-1,1,-1
201501CW10300,1,9,0,9,0,8,0,0,0,0,2,1,2,2,33,6,1796,1,8,-1,1,-1
201501CW10300,2,8,0,18,0,8,0,0,0,0,1,1,1,1,-1,-1,1798,8,1,-1,1,-1
201501CW10303,1,5,0,18,0,8,0,0,0,0,1,1,6,1,37,7,645,1,7,-1,1,-1
201501CW10303,2,9,0,9,0,8,0,0,0,0,4,2,6,2,50,8,-1,-1,-1,-1,-1,-1
201501CW10304,1,20,0,5,0,8,0,0,0,0,4,1,1,1,33,6,-1,-1,-1,-1,1,-1
201501CW10304,2,9,0,5,0,8,0,0,0,0,3,1,1,1,18,4,998,1,1,-1,1,-1
201501CW10304,3,11,0,5,0,8,0,0,0,0,0,1,6,3,-1,-1,-1,-1,-1,-1,-1,-1
201501CW10305,1,11,0,18,0,8,0,0,0,0,1,1,6,1,56,9,9200,2,6,-1,-1,-1
201501CW10306,1,11,0,18,0,8,0,0,0,0,0,1,1,1,47,8,9100,2,4,-1,1,-1
201501CW10307,1,19,0,9,0,8,0,0,0,0,1,1,6,1,56,9,2402,2,12,-1,1,-1
201501CW10308,1,1,0,9,0,8,0,0,0,0,1,1,6,1,23,5,-1,-1,-1,-1,1,-1
201501CW10308,2,9,0,18,0,8,0,0,0,0,1,1,6,1,23,5,1991,1,-1,-1,1,-1
201501CW10309,1,9,0,3,0,8,0,0,0,0,4,1,6,1,30,6,1796,1,9,-1,1,-1
201501CW10309,2,1,0,18,0,8,0,8,0,0,1,1,6,1,32,6,-1,-1,-1,-1,1,-1
201501CW10311,1,11,0,4,0,0,0,0,0,0,0,1,6,1,37,7,6700,2,4,-1,1,-1
201501CW10312,1,21,0,6,0,0,0,0,0,0,3,1,1,1,56,9,-1,-1,-1,-1,-1,-1
201501CW10312,2,3,0,18,0,0,0,0,0,0,1,1,2,2,25,5,-1,-1,-1,-1,1,-1
201501CW10313,1,11,0,3,0,0,0,0,0,0,0,1,1,1,52,8,7300,2,11,-1,-1,-1
201501CW10314,1,5,0,6,0,0,0,0,0,0,1,1,6,1,26,6,471,1,2,-1,1,-1
201501CW10314,2,5,0,14,0,0,0,0,0,0,1,1,6,1,37,7,670,1,3,-1,1,-1
201501CW10315,1,20,0,4,0,8,0,0,0,0,1,1,1,1,49,8,-1,-1,-1,-1,1,-1
201501CW10316,1,20,0,11,0,8,0,0,0,0,4,1,6,1,40,7,-1,-1,-1,-1,1,-1
201501CW10316,2,9,0,15,0,8,0,0,0,0,3,1,6,2,46,8,2143,2,2,-1,1,-1
201501CW10317,1,11,0,7,0,8,0,0,1,0,0,1,1,1,27,6,4760,2,3,-1,1,-1
201501CW10318,1,19,0,11,0,0,0,0,0,0,1,1,1,1,42,7,2198,2,2,-1,1,-1
201501CW10318,2,1,0,11,0,0,0,4,0,0,1,1,6,2,49,8,-1,-1,-1,-1,1,-1
201501CW10318,3,20,0,2,0,0,0,0,0,0,2,1,1,3,-1,-1,-1,-1,-1,-1,-1,-1
201501CW10319,1,9,0,1,0,0,0,0,0,0,2,1,6,1,35,6,2922,1,12,-1,1,-1
201501CW10320,1,9,0,7,0,8,0,0,0,0,4,1,6,1,-1,-1,-1,-1,-1,-1,-1,-1
201501CW10321,1,9,0,7,0,8,0,0,0,0,1,1,6,1,-1,-1,1398,1,5,-1,-1,-1
201501CW10322,1,8,0,9,0,8,0,0,0,0,4,1,6,1,38,7,-1,-1,-1,-1,1,-1
201501CW10322,2,5,0,18,0,8,0,0,0,0,1,1,6,1,45,7,670,1,3,-1,1,-1
201501CW10323,1,8,0,18,0,8,0,0,0,0,1,1,2,1,59,9,1248,2,7,-1,1,-1
201501CW10323,2,1,0,9,0,8,0,0,0,0,4,1,2,1,55,8,-1,-1,-1,-1,-1,-1
201501CW10324,1,8,0,5,0,8,0,0,0,0,1,1,1,1,65,9,2402,2,12,-1,1,-1
201501CW10324,2,3,0,5,0,8,0,0,0,0,2,1,1,1,29,6,125,1,1,-1,1,-1
201501CW10325,1,9,0,4,0,8,0,0,0,0,2,1,6,1,33,6,1560,2,1,-1,1,-1
201501CW10325,2,9,0,4,0,8,0,0,0,0,1,1,6,1,-1,-1,-1,-1,-1,-1,-1,-1
201501CW10326,1,9,0,9,0,8,0,0,0,0,1,1,6,1,29,6,2179,2,14,-1,1,-1
201501CW10326,2,1,0,9,0,8,0,0,0,0,3,1,6,1,28,6,-1,-1,-1,-1,1,-1
201501CW10327,1,8,0,18,0,8,0,0,0,0,1,1,1,1,72,10,2499,2,7,-1,1,-1
201501CW10327,2,9,0,7,0,8,0,0,0,0,2,1,6,1,-1,-1,1560,2,-1,-1,1,-1
201501CW10328,1,9,0,16,0,1,0,0,0,0,1,1,6,1,-1,-1,-1,-1,-1,-1,-1,-1
201501CW10329,1,9,0,18,0,8,0,0,0,0,1,1,6,3,-1,-1,-1,-1,-1,-1,-1,-1
201501CW10329,2,9,0,9,0,8,0,0,0,0,4,1,6,1,27,6,-1,-1,-1,-1,1,-1
201501CW10331,1,9,0,18,0,8,0,0,0,0,1,1,6,2,37,7,1968,1,11,-1,1,-1
201501CW10332,1,8,0,4,0,0,0,0,0,0,0,1,1,1,51,8,2143,2,3,-1,1,-1
201501CW10333,1,1,0,18,0,8,0,0,0,0,3,1,2,1,25,5,-1,-1,-1,-1,1,-1
201501CW10333,2,19,0,7,0,8,0,0,0,0,4,1,1,1,-1,-1,1686,2,4,-1,-1,-1
201501CW10335,1,11,0,5,0,0,0,0,0,0,0,1,1,1,53,8,6692,2,6,-1,1,-1
201501CW10336,1,9,0,18,0,8,0,0,0,0,1,1,6,1,24,5,-1,-1,-1,-1,1,-1
201501CW10337,1,1,0,18,0,8,0,0,0,0,3,1,6,1,36,7,-1,-1,-1,-1,1,-1
201501CW10337,2,9,0,18,0,8,0,0,0,0,4,1,6,1,-1,-1,2143,2,3,-1,-1,-1
201501CW10339,1,1,0,18,0,8,0,0,0,0,3,1,2,2,41,7,-1,-1,-1,-1,1,-1
201501CW10339,2,2,0,7,0,8,0,0,0,0,4,1,2,2,-1,-1,124,1,8,-1,1,-1
201501CW10340,1,8,0,5,0,8,0,0,1,0,1,1,1,1,-1,-1,-1,-1,-1,-1,-1,-1
201501CW10342,1,2,0,18,0,0,0,0,0,0,3,1,6,1,31,6,-1,-1,-1,-1,1,-1
201501CW10342,2,9,0,11,0,0,0,0,0,0,4,1,6,3,-1,-1,-1,-1,-1,-1,-1,-1
201501CW10344,1,21,0,18,0,8,0,0,0,0,4,1,1,1,47,8,-1,-1,-1,-1,1,-1
201501CW10346,1,1,0,18,0,0,0,0,0,0,1,1,1,1,21,5,-1,-1,-1,-1,1,-1
201501CW10348,1,9,0,18,0,8,0,0,0,0,1,1,1,1,40,7,1248,1,2,-1,1,-1
201501CW10348,2,1,0,9,0,8,0,0,0,0,1,1,1,1,38,7,-1,-1,-1,-1,1,-1
201501CW10349,1,8,0,18,0,8,0,0,0,0,3,1,6,1,65,9,2499,2,8,-1,1,-1
201501CW10349,2,9,0,18,0,8,0,0,0,0,1,1,6,1,27,6,1595,2,6,-1,1,-1
201501CW10350,1,8,0,16,0,1,0,0,0,0,4,1,1,1,54,8,1997,2,1,-1,1,-1
201501CW10351,1,9,0,18,0,0,0,0,0,0,0,1,6,3,-1,-1,-1,-1,-1,-1,-1,-1
201501CW10353,1,11,0,5,0,1,0,0,0,0,0,1,1,1,64,9,6700,2,5,-1,1,-1
201501CW10354,1,9,0,2,0,0,0,0,0,0,3,1,4,1,45,7,1968,2,6,-1,-1,-1
201501CW10354,2,1,0,14,0,0,0,4,0,0,1,1,6,1,48,8,-1,-1,-1,-1,1,-1
201501CW10355,1,11,0,4,0,1,0,0,0,0,0,1,6,1,56,9,6700,2,6,-1,1,-1
201501CW10356,1,11,0,4,0,1,0,0,0,0,1,1,1,1,64,9,4500,2,-1,-1,1,-1
201501CW10356,2,8,0,3,0,1,0,0,0,0,2,1,6,1,71,10,2664,2,16,-1,1,-1
201501CW10356,3,9,0,3,0,1,0,0,0,0,2,1,6,1,65,9,2967,2,3,-1,1,-1
201501CW10356,4,8,0,3,0,8,0,0,0,0,2,1,1,1,51,8,1798,8,-1,-1,1,-1
201501CW10357,1,9,0,9,0,1,0,0,0,0,3,1,6,2,33,6,1461,2,10,-1,1,-1
201501CW10357,2,3,0,13,0,1,0,0,0,0,4,1,6,1,59,9,124,1,7,-1,1,-1
201501CW10358,1,5,0,5,0,0,0,0,1,0,3,1,6,1,34,6,779,1,4,-1,1,-1
201501CW10358,2,9,0,13,0,0,0,0,0,0,1,1,4,1,31,6,1997,2,5,-1,1,-1
201501CW10359,1,3,0,17,0,8,0,0,0,0,3,1,6,1,29,6,124,1,4,-1,1,-1
201501CW10359,2,9,0,9,0,8,0,0,0,0,4,1,6,2,-1,-1,1390,1,11,-1,1,-1
201501CW10360,1,1,0,15,0,8,0,0,0,0,3,1,2,2,29,6,-1,-1,-1,-1,1,-1
201501CW10360,2,11,0,18,0,8,0,0,0,0,4,1,1,3,-1,-1,-1,-1,-1,-1,-1,-1
201501CW10362,1,8,0,18,0,0,0,0,1,0,3,1,1,2,52,8,1997,2,1,-1,1,-1
201501CW10363,1,9,0,18,0,1,0,0,0,0,4,1,6,1,41,7,1590,1,14,-1,1,-1
201501CW10364,1,19,0,18,0,0,0,0,0,0,4,1,1,1,-1,-1,1968,2,3,-1,-1,-1
201501CW10365,1,9,0,18,0,0,0,0,1,0,1,1,6,2,45,7,1339,1,7,-1,-1,-1
201501CW10366,1,9,0,18,0,0,0,0,0,0,1,1,1,1,27,6,1242,1,5,-1,1,-1
201501CW10367,1,1,0,9,0,8,0,0,0,0,1,1,6,1,44,7,-1,-1,-1,-1,1,-1
201501CW10368,1,11,0,16,0,8,0,0,0,0,0,1,1,3,-1,-1,-1,-1,-1,-1,-1,-1
201501CW10369,1,11,0,18,0,0,0,0,0,0,3,1,1,1,39,7,6700,2,8,-1,1,-1
201501CW10369,2,11,0,11,0,0,0,0,0,0,4,1,6,2,50,8,9360,2,5,-1,-1,-1
201501CW10372,1,9,0,18,0,8,0,0,0,0,1,1,6,3,-1,-1,-1,-1,-1,-1,-1,-1
201501CW10373,1,8,0,3,0,8,0,0,0,0,2,1,1,1,52,8,2148,2,5,-1,-1,-1
201501CW10373,2,9,0,18,0,1,0,0,0,0,1,1,1,1,-1,-1,-1,-1,-1,-1,-1,-1
201501CW10374,1,8,0,18,0,8,0,0,0,0,1,1,1,1,53,8,2499,2,6,-1,1,-1
201501CW10375,1,9,0,1,0,8,0,0,0,0,2,1,6,1,-1,-1,2698,2,7,-1,1,-1
201501CW10376,1,9,0,18,0,0,0,0,0,0,1,1,6,3,-1,-1,-1,-1,-1,-1,-1,-1
201501CW10377,1,8,0,7,0,0,0,0,0,0,1,1,1,1,51,8,2402,2,11,-1,1,-1
201501CW10377,2,9,0,12,0,0,0,0,0,0,3,1,6,1,-1,-1,4966,1,12,-1,-1,-1
201501CW10378,1,11,0,4,0,8,0,0,0,0,0,1,1,1,46,8,4461,2,2,-1,1,-1
201501CW10379,1,8,0,9,0,8,0,0,0,0,1,1,6,1,55,8,-1,-1,-1,-1,1,-1
201501CW10379,2,5,0,18,0,8,0,0,0,0,1,1,6,1,63,9,998,1,13,-1,1,-1
201501CW10381,1,9,0,18,0,0,0,0,0,0,4,1,6,1,34,6,-1,-1,-1,-1,1,-1
201501CW10381,2,9,0,18,0,0,0,0,0,0,1,1,6,1,33,6,1796,1,8,-1,1,-1
201501CW10382,1,8,0,18,0,0,0,0,0,0,1,1,6,1,-1,-1,-1,-1,-1,-1,-1,-1
201501CW10383,1,19,0,3,0,1,0,0,0,0,2,1,6,1,69,10,2402,2,11,-1,1,-1
201501CW10383,2,9,0,18,0,1,0,0,0,0,1,1,6,3,-1,-1,-1,-1,-1,-1,-1,-1
201501CW10384,1,11,0,5,0,8,0,0,0,0,0,1,1,3,-1,-1,-1,-1,-1,-1,-1,-1
201501CW10385,1,11,0,4,0,0,0,0,0,0,0,1,1,1,52,8,4461,2,1,-1,1,-1
201501CW10386,1,9,0,9,0,8,0,0,0,0,3,1,1,2,41,7,2996,1,8,-1,1,-1