Accident_Index,Vehicle_Reference,Vehicle_Type,Towing_and_Articulation,Vehicle_Manoeuvre,Vehicle_Location-Restricted_Lane,Junction_Location,Skidding_and_Overturning,Hit_Object_in_Carriageway,Vehicle_Leaving_Carriageway,Hit_Object_off_Carriageway,1st_Point_of_Impact,Was_Vehicle_Left_Hand_Drive?,Journey_Purpose_of_Driver,Sex_of_Driver,Age_of_Driver,Age_Band_of_Driver,Engine_Capacity_(CC),Propulsion_Code,Age_of_Vehicle,Driver_IMD_Decile,Driver_Home_Area_Type,Vehicle_IMD_Decile
201501CW11499,1,5,0,13,0,8,0,0,0,0,1,1,6,1,50,8,955,1,10,-1,1,-1
201501CW11500,1,3,0,17,0,8,0,0,0,0,1,1,6,1,33,6,124,1,3,-1,1,-1
201501CW11500,2,9,0,9,0,8,0,0,0,0,0,1,6,1,-1,-1,1995,2,9,-1,-1,-1
201501CW11501,1,1,0,18,0,8,0,0,0,0,3,1,2,1,47,8,-1,-1,-1,-1,1,-1
201501CW11501,2,8,0,9,0,8,0,0,0,0,1,1,2,1,42,7,2143,2,-1,-1,1,-1
201501CW11502,1,8,0,17,0,8,0,0,0,0,1,1,1,1,36,7,1798,8,2,-1,1,-1
201501CW11502,2,3,0,17,0,8,0,0,0,0,2,1,6,1,42,7,125,1,-1,-1,1,-1
201501CW11504,1,5,0,18,0,8,0,0,0,0,1,1,6,1,34,6,649,1,7,-1,1,-1
201501CW11504,2,9,0,9,0,8,0,0,0,0,4,1,6,1,39,7,-1,-1,-1,-1,1,-1
201501CW11505,1,11,0,7,0,8,0,0,0,0,1,1,1,1,38,7,-1,-1,-1,-1,1,-1
201501CW11505,2,9,0,7,0,8,0,0,0,0,2,1,6,1,41,7,1598,2,3,-1,1,-1
201501CW11506,1,19,0,7,0,8,0,0,0,0,1,1,6,1,46,8,1461,2,4,-1,1,-1
201501CW11506,2,1,0,18,0,8,0,0,0,0,3,1,6,2,30,6,-1,-1,-1,-1,1,-1
201501CW11507,1,19,0,18,0,8,0,0,0,0,1,1,6,1,54,8,2402,2,11,-1,1,-1
201501CW11507,2,9,0,18,0,8,0,0,0,0,1,1,6,1,18,4,1598,2,-1,-1,1,-1
201501CW11508,1,8,0,18,0,0,0,0,0,0,1,1,6,1,57,9,2499,2,-1,-1,1,-1
201501CW11511,1,19,0,18,0,8,0,0,0,0,1,1,6,1,27,6,1461,2,5,-1,1,-1
201501CW11512,1,19,0,2,0,0,0,0,0,0,3,1,6,1,36,7,1560,2,1,-1,1,-1
201501CW11512,2,1,0,18,0,0,0,8,0,0,1,1,6,1,58,9,-1,-1,-1,-1,1,-1
201501CW11513,1,8,0,9,0,8,0,0,0,0,4,1,1,1,50,8,1997,2,4,-1,1,-1
201501CW11513,2,3,0,18,0,8,0,0,0,0,1,1,6,2,26,6,124,1,-1,-1,1,-1
201501CW11514,1,19,0,2,0,0,0,0,0,0,2,1,1,1,-1,-1,2143,2,5,-1,-1,-1
201501CW11514,2,1,0,18,0,0,0,4,0,0,1,1,1,1,40,7,-1,-1,-1,-1,1,-1
201501CW11515,1,11,0,4,0,8,0,0,0,0,0,1,6,1,29,6,4760,2,2,-1,1,-1
201501CW11516,1,8,0,9,0,8,0,0,0,0,1,1,6,1,53,8,-1,-1,-1,-1,1,-1
201501CW11517,1,8,0,3,0,1,0,0,0,0,2,1,1,1,35,6,1910,2,5,-1,1,-1
201501CW11517,2,9,0,18,0,1,0,0,0,0,1,1,6,1,-1,-1,998,1,2,-1,-1,-1
201501CW11518,1,1,0,18,0,1,0,0,0,0,1,1,6,1,28,6,-1,-1,-1,-1,1,-1
201501CW11518,2,19,0,18,0,1,0,0,0,0,4,1,6,1,-1,-1,2143,2,3,-1,-1,-1
201501CW11520,1,11,0,18,0,8,0,0,0,0,0,1,6,1,53,8,4760,2,3,-1,1,-1
201501CW11521,1,8,0,16,0,8,0,0,0,0,4,1,6,1,40,7,2143,2,2,-1,1,-1
201501CW11521,2,5,0,16,0,8,0,0,0,0,3,1,6,1,46,8,-1,-1,-1,-1,1,-1
201501CW11523,1,8,0,18,0,0,0,0,0,0,2,1,6,1,32,6,1968,2,6,-1,1,-1
201501CW11523,2,1,0,18,0,0,0,0,0,0,1,1,6,2,29,6,-1,-1,-1,-1,1,-1
201501CW11524,1,9,0,7,0,8,0,0,0,0,2,1,6,2,45,7,1197,1,1,-1,3,-1
201501CW11524,2,8,0,18,0,8,0,0,0,0,1,1,6,1,53,8,2143,2,-1,-1,1,-1
201501CW11525,1,9,0,9,0,8,0,0,0,0,4,1,6,1,22,5,1587,1,13,-1,1,-1
201501CW11525,2,3,0,18,0,8,0,0,0,0,1,1,6,1,33,6,124,1,3,-1,1,-1
201501CW11526,1,9,0,1,0,8,0,0,0,0,1,1,6,2,71,10,1598,1,9,-1,1,-1
201501CW11526,2,8,0,7,0,8,0,0,0,0,1,1,6,1,-1,-1,2664,2,14,-1,1,-1
201501CW11527,1,8,0,18,0,0,0,0,0,0,1,1,6,1,35,6,1968,2,3,-1,1,-1
201501CW11528,1,9,0,18,0,8,0,0,0,0,1,1,6,2,49,8,1973,1,17,-1,1,-1
201501CW11528,2,19,0,18,0,1,0,0,0,0,1,1,1,1,24,5,1560,2,-1,-1,1,-1
201501CW11529,1,8,0,18,0,1,0,0,0,0,0,1,6,1,28,6,1791,8,3,-1,1,-1
201501CW11531,1,8,0,4,0,1,0,0,0,0,2,1,1,1,61,9,1896,2,8,-1,1,-1
201501CW11531,2,8,0,18,0,1,0,0,0,0,1,1,1,1,49,8,2402,2,10,-1,1,-1
201501CW11532,1,11,0,4,0,8,0,0,0,0,0,1,6,1,35,6,4500,2,-1,-1,1,-1
201501CW11534,1,9,0,1,0,8,0,0,0,0,2,1,6,1,-1,-1,2993,2,1,-1,-1,-1
201501CW11534,2,1,0,18,0,8,0,0,0,0,1,1,6,2,24,5,-1,-1,-1,-1,1,-1
201501CW11535,1,8,0,9,0,8,0,0,0,0,1,1,1,1,-1,-1,2402,2,9,-1,-1,-1
201501CW11535,2,1,0,18,0,8,0,0,0,0,1,1,6,1,55,8,-1,-1,-1,-1,1,-1
201501CW11538,1,11,0,2,0,2,0,0,0,0,0,1,6,1,49,8,9100,2,4,-1,1,-1
201501CW11538,2,9,0,16,0,8,0,0,0,0,1,1,6,1,-1,-1,-1,-1,-1,-1,-1,-1
201501CW11539,1,9,0,16,0,8,0,0,0,0,4,1,6,1,61,9,1997,1,8,-1,1,-1
201501CW11539,2,11,0,16,0,8,0,0,0,0,3,2,1,1,50,8,-1,-1,-1,-1,-1,-1
201501CW11540,1,9,0,18,0,8,0,0,0,0,3,1,6,2,25,5,1995,2,-1,-1,-1,-1
201501CW11540,2,9,0,9,0,8,0,0,0,0,4,1,6,1,41,7,2996,2,6,-1,1,-1
201501CW11541,1,20,0,16,0,8,0,0,0,0,4,1,1,1,43,7,3920,2,8,-1,1,-1
201501CW11541,2,1,0,16,0,8,0,0,0,0,3,1,6,2,36,7,-1,-1,-1,-1,1,-1
201501CW11542,1,3,0,18,0,8,0,0,0,0,1,1,6,1,20,4,124,1,3,-1,1,-1
201501CW11543,1,4,0,18,0,8,0,0,0,0,4,1,6,1,27,6,-1,-1,-1,-1,1,-1
201501CW11544,1,11,0,4,0,8,0,0,0,0,0,1,1,1,61,9,7300,2,11,-1,1,-1
201501CW11545,1,8,0,18,0,8,0,0,0,0,1,1,1,1,60,9,2499,2,6,-1,1,-1
201501CW11545,2,3,0,9,0,8,0,0,0,0,1,1,6,1,20,4,-1,-1,-1,-1,1,-1
201501CW11546,1,9,0,16,0,0,0,4,0,0,1,1,6,1,77,11,2494,8,1,-1,1,-1
201501CW11546,2,11,0,2,0,0,0,0,0,0,2,1,6,1,37,7,9200,2,3,-1,1,-1
201501CW11547,1,1,0,18,0,8,0,0,0,0,1,1,6,1,42,7,-1,-1,-1,-1,1,-1
201501CW11547,2,9,0,7,0,8,0,0,0,0,2,1,6,1,-1,-1,-1,-1,-1,-1,-1,-1
201501CW11548,1,20,0,18,0,8,0,0,0,0,0,1,1,1,65,9,4250,2,10,-1,3,-1
201501CW11549,1,1,0,18,0,8,0,0,0,0,1,1,6,1,27,6,-1,-1,-1,-1,1,-1
201501CW11551,1,9,0,12,0,8,0,0,0,0,3,1,6,1,-1,-1,-1,-1,-1,-1,1,-1
201501CW11551,2,1,0,18,0,2,0,0,0,0,1,1,6,2,40,7,-1,-1,-1,-1,1,-1
201501CW11552,1,19,0,18,0,0,0,0,0,0,4,1,1,1,-1,-1,-1,-1,-1,-1,-1,-1
201501CW11553,1,19,0,7,0,8,0,0,0,0,4,1,6,1,42,7,-1,-1,-1,-1,1,-1
201501CW11554,1,19,0,1,0,8,0,0,0,0,2,1,1,1,-1,-1,-1,-1,-1,-1,-1,-1
201501CW11556,1,8,0,6,0,0,0,0,0,0,1,1,1,1,-1,-1,2499,2,1,-1,-1,-1
201501CW11556,2,9,0,18,0,0,0,0,0,0,3,1,6,1,-1,-1,1798,8,-1,-1,-1,-1
201501CW11558,1,1,0,18,0,8,0,0,0,0,1,1,6,1,27,6,-1,-1,-1,-1,1,-1
201501CW11558,2,9,0,9,0,8,0,0,0,0,1,1,1,1,-1,-1,-1,-1,-1,-1,-1,-1
201501CW11559,1,11,0,5,0,0,0,0,0,0,0,1,1,1,-1,-1,-1,-1,-1,-1,-1,-1
201501CW11560,1,9,0,7,0,8,0,0,0,0,1,1,6,2,32,6,1598,1,10,-1,1,-1
201501CW11561,1,9,0,18,0,0,0,0,0,0,1,1,6,3,-1,-1,2993,2,10,-1,-1,-1
201501CW11562,1,9,0,17,0,8,0,0,0,0,1,1,6,1,25,5,1995,1,7,-1,1,-1
201501CW11562,2,1,0,9,0,8,0,0,0,0,1,1,6,1,39,7,-1,-1,-1,-1,1,-1
201501CW11563,1,3,0,4,0,8,0,0,0,0,1,1,6,1,19,4,125,1,8,-1,1,-1
201501CW11564,1,3,0,18,0,8,0,0,0,0,1,1,6,1,23,5,124,1,8,-1,1,-1
201501CW11564,2,1,0,9,0,8,0,0,0,0,3,1,6,1,29,6,-1,-1,-1,-1,1,-1
201501CW11565,1,9,0,14,0,2,0,0,0,0,3,1,6,1,54,8,3148,2,8,-1,1,-1
201501CW11566,1,3,0,17,0,0,0,0,0,0,1,1,6,1,40,7,-1,-1,-1,-1,1,-1
201501CW11568,1,9,0,9,0,8,0,0,0,0,1,1,6,1,36,7,2987,2,-1,-1,1,-1
201501CW11568,2,1,0,18,0,8,0,0,0,0,1,1,6,1,36,7,-1,-1,-1,-1,1,-1
201501CW11569,1,9,0,9,0,8,0,0,0,0,4,1,6,1,49,8,1796,1,12,-1,-1,-1
201501CW11569,2,1,0,18,0,8,0,0,0,0,1,1,6,1,59,9,-1,-1,-1,-1,1,-1
201501CW11570,1,9,0,9,0,8,0,0,0,0,3,1,6,1,56,9,1600,2,5,-1,1,-1
201501CW11570,2,3,0,18,0,8,0,0,0,0,1,1,6,1,24,5,124,1,12,-1,1,-1
201501CW11571,1,1,0,18,0,8,0,0,0,0,3,1,6,2,49,8,-1,-1,-1,-1,1,-1
201501CW11571,2,9,0,9,0,8,0,0,0,0,1,1,6,2,-1,-1,5998,1,9,-1,-1,-1
201501CW11574,1,5,0,4,0,8,0,0,0,0,3,1,6,1,36,7,806,1,-1,-1,1,-1
201501CW11574,2,9,0,12,0,8,0,0,0,0,0,1,6,2,25,5,2987,2,4,-1,3,-1
201501CW11575,1,1,0,7,0,8,0,0,0,0,1,1,1,1,21,5,-1,-1,-1,-1,1,-1
201501CW11577,1,3,0,18,0,8,0,0,0,0,1,1,6,1,27,6,-1,-1,-1,-1,1,-1
201501CW11577,2,9,0,7,0,8,0,0,0,0,4,1,6,1,28,6,1598,2,-1,-1,1,-1
201501CW11578,1,1,0,18,0,0,0,0,0,0,1,1,1,1,40,7,-1,-1,-1,-1,-1,-1
201501CW11578,2,9,0,6,0,0,0,0,0,0,4,1,1,2,38,7,1797,8,5,-1,1,-1
201501CW11579,1,1,0,18,0,0,0,0,0,0,4,1,6,1,46,8,-1,-1,-1,-1,1,-1
201501CW11579,2,9,0,12,0,0,0,0,0,0,4,1,6,2,-1,-1,2997,1,8,-1,1,-1
201501CW11580,1,1,0,18,2,0,0,4,0,0,1,1,6,2,20,4,-1,-1,-1,-1,1,-1
201501CW11580,2,9,0,4,2,0,0,0,0,0,2,1,6,3,-1,-1,2231,2,2,-1,-1,-1
201501CW11581,1,9,0,18,0,2,0,0,0,0,1,1,6,1,69,10,16860,2,18,-1,1,-1
201501CW11582,1,9,0,6,0,0,0,0,0,0,4,1,6,1,25,5,1299,1,13,-1,-1,-1
201501CW11582,2,4,0,18,0,0,0,0,0,0,1,1,6,1,29,6,-1,-1,-1,-1,1,-1
201501CW11583,1,9,0,18,0,8,0,0,0,0,3,1,6,2,71,10,1798,8,1,-1,1,-1
201501CW11583,2,9,0,18,0,8,0,0,0,0,1,1,6,1,22,5,1995,2,5,-1,1,-1
201501CW11585,1,9,0,7,0,8,0,0,0,0,4,1,6,1,22,5,1995,2,7,-1,1,-1
201501CW11585,2,3,0,18,0,8,0,0,0,0,1,1,6,1,34,6,125,1,4,-1,1,-1
201501CW11587,1,5,0,14,0,0,0,0,0,0,1,1,6,1,53,8,891,1,28,-1,1,-1
201501CW11587,2,8,0,3,0,0,0,0,0,0,2,1,6,1,43,7,1997,2,1,-1,1,-1
201501CW11588,1,9,0,3,0,8,0,0,0,0,3,1,6,1,50,8,1797,8,5,-1,1,-1
201501CW11588,2,9,0,11,0,8,0,0,0,0,1,1,6,1,-1,-1,2987,2,3,-1,-1,-1
201501CW11589,1,1,0,18,0,8,0,0,0,0,1,1,6,1,-1,-1,-1,-1,-1,-1,-1,-1
201501CW11591,1,9,0,18,0,0,0,0,0,0,1,1,6,1,77,11,2198,2,6,-1,1,-1
201501CW11591,2,19,0,3,0,0,0,0,0,0,2,1,6,1,23,5,1995,2,7,-1,1,-1
201501CW11591,3,8,0,3,0,0,0,0,0,0,2,1,6,1,-1,-1,2143,2,1,-1,1,-1
201501CW11592,1,3,0,17,0,8,0,0,0,0,0,1,6,1,46,8,124,1,9,-1,1,-1
201501CW11593,1,8,0,18,0,8,0,0,0,0,4,1,6,1,35,6,1968,2,7,-1,1,-1
201501CW11594,1,9,0,6,0,0,0,0,0,0,3,1,6,1,30,6,1242,1,3,-1,1,-1
201501CW11594,2,9,0,18,0,0,0,0,0,0,1,1,6,1,17,4,1598,1,3,-1,1,-1
201501CW11596,1,3,0,18,0,8,0,0,0,0,1,1,6,1,22,5,124,1,-1,-1,1,-1
201501CW11596,2,9,0,9,0,8,0,0,0,0,1,1,6,1,33,6,1995,2,7,-1,1,-1
201501CW11597,1,9,0,6,0,8,0,0,0,0,3,1,6,1,-1,-1,1995,1,5,-1,1,-1
201501CW11597,2,3,0,17,0,8,0,0,0,0,1,1,6,1,-1,-1,-1,-1,-1,-1,1,-1
201501CW11598,1,8,0,10,0,8,0,0,0,0,1,1,6,1,50,8,1797,8,4,-1,1,-1
201501CW11598,2,3,0,16,0,8,0,0,0,0,1,1,6,1,20,4,114,1,-1,-1,1,-1
201501CW11599,1,5,0,14,0,1,0,0,0,0,1,1,6,1,32,6,883,1,10,-1,1,-1
201501CW11599,2,11,0,4,0,1,0,0,0,0,2,1,1,1,45,7,6700,2,4,-1,1,-1
201501CW11600,1,3,0,14,0,8,0,0,0,0,1,1,1,1,17,4,-1,-1,-1,-1,1,-1
201501CW11600,2,9,0,7,0,8,0,0,0,0,3,1,1,1,34,6,1896,2,8,-1,1,-1
201501CW11601,1,5,0,18,0,2,0,0,0,0,1,1,2,1,28,6,599,1,12,-1,1,-1
201501CW11603,1,3,0,18,0,8,0,0,0,0,1,1,1,1,27,6,125,1,4,-1,-1,-1
201501CW11603,2,9,0,18,0,8,0,0,0,0,3,1,6,1,21,5,1968,2,6,-1,1,-1
201501CW11604,1,8,0,9,0,8,0,0,0,0,1,1,6,1,45,7,1956,2,4,-1,1,-1
201501CW11604,2,1,0,18,0,8,0,0,0,0,1,1,6,1,23,5,-1,-1,-1,-1,1,-1
201501CW11605,1,8,0,3,0,8,0,0,0,0,4,1,1,1,42,7,2499,2,4,-1,1,-1
201501CW11605,2,3,0,15,0,8,0,0,0,0,3,1,6,1,23,5,125,1,-1,-1,1,-1
201501CW11606,1,19,0,18,0,8,0,0,0,0,4,1,1,1,-1,-1,-1,-1,-1,-1,-1,-1
201501CW11609,1,19,0,18,0,2,0,0,0,0,1,1,1,1,35,6,1996,2,4,-1,2,-1
201501CW11613,1,1,0,18,0,8,0,0,0,0,3,1,6,2,31,6,-1,-1,-1,-1,1,-1
201501CW11613,2,9,0,11,0,8,0,0,0,0,4,1,6,1,47,8,1797,8,4,-1,1,-1
201501CW11614,1,21,0,18,0,0,0,0,0,0,1,1,1,1,59,9,10518,2,2,-1,1,-1
201501CW11614,2,9,0,4,0,0,0,0,0,0,1,1,6,1,36,7,2179,2,5,-1,1,-1
201501CW11616,1,11,0,2,0,8,0,0,0,0,0,1,6,1,29,6,4500,2,-1,-1,1,-1
201501CW11618,1,1,0,18,0,0,0,0,0,0,1,1,6,1,26,6,-1,-1,-1,-1,1,-1
201501CW11620,1,19,0,1,0,1,0,0,0,0,2,1,6,1,27,6,-1,-1,-1,-1,1,-1
201501CW11621,1,9,0,18,0,0,0,0,0,0,2,1,6,2,28,6,-1,-1,-1,-1,1,-1
201501CW11621,2,9,0,18,0,0,0,0,0,0,0,1,6,1,70,10,2184,2,-1,-1,1,-1
201501CW11622,1,3,0,18,0,8,0,0,0,0,1,1,6,1,23,5,125,1,7,-1,1,-1
201501CW11622,2,1,0,13,0,8,0,0,0,0,2,1,6,1,30,6,-1,-1,-1,-1,1,-1
201501CW11623,1,11,0,9,0,8,0,0,0,0,3,1,1,1,42,7,6700,2,6,-1,1,-1
201501CW11623,2,1,0,18,0,8,0,0,0,0,1,1,6,1,44,7,-1,-1,-1,-1,1,-1
201501CW11624,1,11,0,4,0,8,0,0,0,0,0,1,6,1,38,7,6692,2,6,-1,1,-1
201501CW11625,1,9,0,12,0,0,0,0,0,0,3,1,6,2,20,4,1229,1,8,-1,1,-1
201501CW11625,2,19,0,11,0,0,0,0,0,0,3,1,1,1,36,7,2198,2,-1,-1,1,-1
201501CW11625,3,1,0,18,0,0,0,0,0,0,3,1,6,2,-1,-1,-1,-1,-1,-1,-1,-1
201501CW11625,4,1,0,18,0,0,0,0,0,0,3,1,6,2,20,4,-1,-1,-1,-1,1,-1
201501CW11626,1,8,0,3,0,8,0,0,0,0,3,1,6,1,44,7,2967,2,1,-1,1,-1
201501CW11626,2,9,0,6,0,8,0,0,0,0,1,1,6,2,45,7,2499,2,13,-1,1,-1
201501CW11627,1,1,0,18,0,8,0,0,0,0,1,1,6,1,22,5,-1,-1,-1,-1,1,-1
201501CW11628,1,1,0,18,0,1,0,0,0,0,1,1,6,1,31,6,-1,-1,-1,-1,1,-1
201501CW11628,2,8,0,6,0,1,0,0,0,0,3,1,6,1,-1,-1,1798,8,1,-1,1,-1
201501CW11629,1,1,0,18,0,8,0,0,0,0,1,1,6,1,25,5,-1,-1,-1,-1,1,-1
201501CW11629,2,8,0,2,0,8,0,0,0,0,3,1,1,1,-1,-1,1997,2,2,-1,-1,-1
201501CW11631,1,8,0,5,0,0,0,0,0,0,3,1,1,1,-1,-1,-1,-1,-1,-1,-1,-1
201501CW11632,1,3,0,4,0,0,0,0,0,0,0,1,6,1,24,5,-1,-1,-1,-1,1,-1
201501CW11633,1,19,0,9,0,8,0,0,0,0,4,1,6,1,23,5,2198,2,-1,-1,1,-1
201501CW11633,2,1,0,18,0,8,0,0,0,0,1,1,6,1,32,6,-1,-1,-1,-1,-1,-1
201501CW11634,1,3,0,18,0,8,0,0,0,0,1,1,6,1,22,5,114,1,1,-1,1,-1
201501CW11636,1,11,0,4,0,0,0,0,0,0,0,1,6,1,45,7,4500,2,-1,-1,1,-1
201501CW11640,1,11,0,4,0,8,0,0,0,0,0,1,1,1,72,10,4760,2,2,-1,1,-1
201501CW11643,1,8,0,18,0,8,0,0,0,0,4,1,1,1,28,6,1797,8,5,-1,1,-1
201501CW11643,2,8,0,18,0,8,0,0,0,0,1,1,1,1,41,7,1956,2,4,-1,1,-1
201501CW11644,1,3,0,17,0,8,0,0,0,0,1,1,6,1,22,5,124,1,4,-1,1,-1
201501CW11644,2,9,0,9,0,8,0,0,0,0,1,1,6,2,42,7,1798,8,2,-1,1,-1
201501CW11645,1,1,0,18,0,8,0,0,0,0,1,1,6,1,40,7,-1,-1,-1,-1,1,-1
201501CW11645,2,8,0,17,0,8,0,0,0,0,1,1,6,1,38,7,2987,2,2,-1,1,-1
201501CW11646,1,11,0,16,0,0,0,0,0,0,0,1,1,1,33,6,4500,2,-1,-1,1,-1
201501CW11647,1,9,0,6,0,8,0,0,0,0,4,1,6,1,24,5,1995,2,7,-1,1,-1
201501CW11647,2,5,0,18,0,8,0,0,0,0,1,1,6,1,35,6,748,1,18,-1,-1,-1
201501CW11648,1,21,0,18,0,2,0,0,0,0,1,1,1,1,30,6,12777,2,-1,-1,1,-1
201501CW11648,2,8,0,4,0,2,0,0,0,0,2,1,1,1,37,7,1997,2,7,-1,1,-1
201501CW11649,1,3,0,18,0,2,0,0,0,0,0,1,6,1,30,6,124,1,5,-1,1,-1
201501CW11649,2,19,0,12,0,2,0,0,0,0,0,1,6,1,35,6,-1,-1,-1,-1,1,-1
201501CW11650,1,9,0,9,0,2,0,0,0,0,3,1,1,1,42,7,1968,2,3,-1,1,-1
201501CW11651,1,9,0,18,0,8,0,0,0,0,4,1,6,1,-1,-1,-1,-1,-1,-1,-1,-1
201501CW11652,1,1,0,14,0,0,0,0,0,0,3,1,2,1,45,7,-1,-1,-1,-1,1,-1
201501CW11652,2,9,0,18,0,0,0,0,0,0,4,1,6,3,-1,-1,-1,-1,-1,-1,-1,-1
201501CW11653,1,3,0,18,0,8,0,0,0,0,1,1,6,1,52,8,124,1,3,-1,-1,-1
201501CW11653,2,5,0,9,0,8,0,0,0,0,3,1,6,1,-1,-1,-1,-1,-1,-1,-1,-1
201501CW11654,1,5,0,18,0,8,0,0,0,0,1,1,6,1,28,6,1690,1,2,-1,1,-1
201501CW11654,2,19,0,9,0,2,0,0,0,0,1,1,6,1,41,7,2198,2,2,-1,1,-1
201501CW11655,1,1,0,18,0,8,0,8,0,0,1,1,6,1,29,6,-1,-1,-1,-1,1,-1
201501CW11655,2,8,0,2,0,8,0,0,0,0,3,1,1,1,-1,-1,-1,-1,-1,-1,-1,-1
201501CW11656,1,1,0,18,0,0,0,0,0,0,2,1,6,1,51,8,-1,-1,-1,-1,1,-1
201501CW11656,2,9,0,18,0,0,0,0,0,0,1,1,6,3,-1,-1,-1,-1,-1,-1,-1,-1
201501CW11657,1,1,0,7,0,8,0,0,0,0,1,1,6,2,28,6,-1,-1,-1,-1,1,-1
201501CW11657,2,19,0,7,0,8,0,0,0,0,3,1,1,1,-1,-1,2143,2,5,-1,-1,-1
201501CW11658,1,9,0,18,0,8,0,0,0,0,1,1,6,1,-1,-1,-1,-1,-1,-1,-1,-1
201501CW11659,1,9,0,18,0,8,0,0,0,0,1,1,6,2,48,8,-1,-1,-1,-1,1,-1
201501CW11660,1,9,0,18,0,8,0,0,0,0,0,1,6,3,-1,-1,-1,-1,-1,-1,-1,-1
201501CW11661,1,3,0,18,0,0,0,0,0,0,1,1,6,1,36,7,108,1,-1,-1,1,-1
201501CW11661,2,9,0,6,0,0,0,0,0,0,3,1,6,2,30,6,2143,2,4,-1,1,-1
201501CW11662,1,8,0,5,0,2,0,0,0,0,3,1,1,1,-1,-1,-1,-1,-1,-1,-1,-1
201501CW11665,1,8,0,9,0,8,0,0,0,0,1,1,1,1,72,10,2664,2,15,-1,1,-1
201501CW11665,2,3,0,18,0,8,0,0,0,0,1,1,6,2,-1,-1,-1,-1,-1,-1,1,-1
201501CW11666,1,11,0,5,0,8,0,0,0,0,0,1,6,1,41,7,4461,2,1,-1,1,-1
201501CW11667,1,3,0,18,0,8,0,0,0,0,1,1,6,1,18,4,-1,-1,-1,-1,1,-1
201501CW11667,2,9,0,9,0,8,0,0,0,0,1,1,6,1,30,6,1248,1,2,-1,1,-1
201501CW11668,1,9,0,18,0,8,0,0,0,0,1,1,6,1,50,8,5935,1,-1,-1,1,-1
201501CW11669,1,3,0,17,0,8,0,0,0,0,1,1,6,1,43,7,125,1,3,-1,1,-1
201501CW11669,2,9,0,6,0,8,0,0,0,0,1,1,6,1,-1,-1,2993,2,11,-1,-1,-1
201501CW11670,1,11,0,17,0,0,0,0,0,0,0,1,6,2,52,8,6692,2,5,-1,1,-1
201501CW11671,1,8,0,9,0,8,0,0,0,0,1,1,6,1,36,7,1997,2,4,-1,1,-1
201501CW11671,2,3,0,4,0,8,0,10,3,10,1,1,6,1,19,4,125,1,8,-1,1,-1
201501CW11672,1,8,0,18,0,1,0,0,0,0,2,1,1,1,38,7,2499,2,6,-1,1,-1
201501CW11672,2,9,0,3,0,8,0,0,0,0,2,1,6,2,25,5,1198,1,12,-1,1,-1
201501CW11673,1,1,0,18,0,8,0,0,0,0,1,1,6,1,30,6,-1,-1,-1,-1,1,-1
201501CW11674,1,1,0,18,0,8,0,0,0,0,1,1,6,1,31,6,-1,-1,-1,-1,1,-1
201501CW11674,2,8,0,18,0,8,0,0,0,0,4,1,6,1,44,7,2499,2,4,-1,1,-1
201501CW11675,1,11,0,4,0,1,0,0,0,0,0,1,1,1,41,7,4500,2,5,-1,1,-1
201501CW11677,1,9,0,9,0,8,0,0,0,0,4,1,2,1,-1,-1,-1,-1,-1,-1,-1,-1
201501CW11677,2,3,0,18,0,8,0,0,0,0,1,1,1,1,31,6,125,1,10,-1,1,-1
201501CW11678,1,8,0,6,0,8,0,0,0,0,3,1,6,1,50,8,1797,8,5,-1,1,-1
201501CW11678,2,1,0,18,0,8,0,0,0,0,1,1,6,1,29,6,-1,-1,-1,-1,1,-1
201501CW11680,1,9,0,9,0,8,0,0,0,0,1,1,6,1,23,5,2597,1,14,-1,-1,-1
201501CW11680,2,5,0,18,0,8,0,0,0,0,1,1,6,1,42,7,-1,-1,-1,-1,1,-1
201501CW11681,1,4,0,7,0,8,0,0,0,0,3,1,6,1,23,5,-1,-1,-1,-1,1,-1
201501CW11681,2,20,0,7,0,8,0,0,0,0,4,1,1,1,-1,-1,5861,2,15,-1,-1,-1
201501CW11682,1,1,0,4,0,8,0,0,0,0,1,1,6,1,26,6,-1,-1,-1,-1,1,-1
201501CW11682,2,21,0,7,0,8,0,0,0,0,4,1,6,1,59,9,-1,-1,-1,-1,1,-1
201501CW11683,1,9,0,9,0,2,0,0,0,0,1,1,6,1,77,11,1968,2,7,-1,2,-1
201501CW11684,1,1,0,18,0,0,0,0,0,0,1,1,6,2,54,8,-1,-1,-1,-1,1,-1
201501CW11684,2,8,0,16,0,0,0,0,0,0,1,1,1,1,-1,-1,1997,2,1,-1,1,-1
201501CW11685,1,19,0,18,0,8,0,0,0,0,3,1,6,1,37,7,1896,2,5,-1,1,-1
201501CW11685,2,8,0,7,0,8,0,0,0,0,1,1,1,1,53,8,1997,2,5,-1,1,-1
201501CW11686,1,11,0,4,0,2,0,0,0,0,0,1,6,1,31,6,4760,2,2,-1,1,-1
201501CW11687,1,9,0,18,0,8,0,0,0,0,1,1,6,1,37,7,2926,2,10,-1,1,-1
201501CW11688,1,8,0,18,0,8,0,0,0,0,3,1,1,1,-1,-1,2499,2,1,-1,-1,-1
201501CW11689,1,3,0,18,0,8,0,0,0,0,1,1,6,1,39,7,-1,-1,-1,-1,1,-1
201501CW11689,2,8,0,18,0,8,0,0,0,0,4,1,6,1,28,6,1598,2,1,-1,1,-1
201501CW11689,3,9,0,18,0,8,0,0,0,0,1,1,6,1,55,8,1560,2,6,-1,1,-1
201501CW11690,1,8,0,18,0,8,0,0,0,0,4,1,1,1,49,8,2499,2,1,-1,-1,-1
201501CW11690,2,9,0,18,0,8,0,10,3,10,1,1,6,1,-1,-1,1995,2,9,-1,-1,-1
201501CW11692,1,19,0,18,0,8,0,0,0,0,1,1,6,1,59,9,2198,2,2,-1,1,-1
201501CW11692,2,8,0,18,0,8,0,0,0,0,4,1,1,1,41,7,2402,2,10,-1,1,-1