Accident_Index,Vehicle_Reference,Vehicle_Type,Towing_and_Articulation,Vehicle_Manoeuvre,Vehicle_Location-Restricted_Lane,Junction_Location,Skidding_and_Overturning,Hit_Object_in_Carriageway,Vehicle_Leaving_Carriageway,Hit_Object_off_Carriageway,1st_Point_of_Impact,Was_Vehicle_Left_Hand_Drive?,Journey_Purpose_of_Driver,Sex_of_Driver,Age_of_Driver,Age_Band_of_Driver,Engine_Capacity_(CC),Propulsion_Code,Age_of_Vehicle,Driver_IMD_Decile,Driver_Home_Area_Type,Vehicle_IMD_Decile
201501CW11693,1,11,0,18,0,8,0,0,0,0,1,1,1,1,40,7,7300,2,11,-1,1,-1
201501CW11694,1,3,0,14,0,8,0,0,0,0,1,1,6,1,39,7,125,1,3,-1,1,-1
201501CW11696,1,9,0,18,0,8,2,0,0,0,1,1,6,1,45,7,1968,2,3,-1,1,-1
201501CW11696,2,9,0,3,0,8,0,0,0,0,3,1,6,1,44,7,1896,2,8,-1,1,-1
201501CW11698,1,3,0,18,0,1,0,0,0,0,3,1,6,1,31,6,-1,-1,-1,-1,1,-1
201501CW11699,1,11,0,18,0,8,0,0,0,0,1,1,1,1,-1,-1,-1,-1,-1,-1,-1,-1
201501CW11700,1,8,0,9,0,8,0,0,0,0,1,1,6,1,23,5,1797,8,4,-1,1,-1
201501CW11701,1,3,0,17,0,8,0,0,0,0,3,1,1,1,29,6,108,1,1,-1,1,-1
201501CW11701,2,9,0,9,0,8,0,0,0,0,1,1,6,1,-1,-1,-1,-1,-1,-1,-1,-1
201501CW11702,1,1,0,18,0,0,0,0,0,0,3,1,6,2,50,8,-1,-1,-1,-1,1,-1
201501CW11702,2,8,0,11,0,0,0,0,0,0,4,1,6,1,32,6,1997,2,4,-1,1,-1
201501CW11703,1,11,0,2,0,8,0,0,0,0,0,1,1,1,-1,-1,-1,-1,-1,-1,-1,-1
201501CW11704,1,9,0,9,0,8,0,0,0,0,1,1,6,2,47,8,2967,2,-1,-1,1,-1
201501CW11705,1,9,0,18,2,0,0,0,0,0,2,1,6,1,40,7,1497,8,8,-1,1,-1
201501CW11705,2,9,0,18,0,0,0,0,0,0,1,1,6,1,-1,-1,1598,1,11,-1,-1,-1
201501CW11706,1,8,0,2,0,0,0,0,0,0,4,1,1,1,31,6,1798,8,-1,-1,1,-1
201501CW11706,2,19,0,1,0,0,0,0,0,0,4,1,1,1,-1,-1,10837,2,3,-1,1,-1
201501CW11707,1,1,0,18,0,8,0,0,0,0,1,1,2,1,41,7,-1,-1,-1,-1,1,-1
201501CW11707,2,9,0,18,0,8,0,0,0,0,4,1,6,2,-1,-1,1997,2,5,-1,-1,-1
201501CW11708,1,9,0,18,0,2,0,0,0,0,4,1,6,2,34,6,1989,1,15,-1,1,-1
201501CW11708,2,20,0,12,0,8,0,0,0,0,3,1,1,1,-1,-1,-1,-1,-1,-1,-1,-1
201501CW11708,3,11,0,18,0,2,0,0,0,0,2,1,1,1,-1,-1,4500,2,5,-1,-1,-1
201501CW11709,1,11,0,2,0,1,0,0,0,0,0,1,6,1,57,9,4500,2,5,-1,1,-1
201501CW11710,1,8,0,9,0,8,0,0,0,0,1,1,1,1,30,6,1997,2,4,-1,1,-1
201501CW11710,2,3,0,18,0,8,0,0,0,0,1,1,6,1,34,6,750,1,6,-1,1,-1
201501CW11712,1,3,0,18,0,8,0,0,0,0,1,1,6,1,21,5,124,1,3,-1,1,-1
201501CW11712,2,8,0,16,0,8,0,0,0,0,1,1,6,1,33,6,1797,8,5,-1,1,-1
201501CW11713,1,11,0,4,0,8,0,0,0,0,0,1,6,1,27,6,4461,2,1,-1,3,-1
201501CW11714,1,1,0,18,0,8,0,0,0,0,2,1,6,1,16,4,-1,-1,-1,-1,1,-1
201501CW11714,2,9,0,18,0,8,0,0,0,0,1,1,6,1,-1,-1,-1,-1,-1,-1,-1,-1
201501CW11716,1,11,0,18,0,0,0,0,0,0,0,1,1,3,-1,-1,-1,-1,-1,-1,-1,-1
201501CW11717,1,3,0,18,0,8,0,0,0,0,1,1,6,3,-1,-1,125,1,8,-1,-1,-1
201501CW11718,1,9,0,18,0,8,0,0,0,0,1,1,6,2,50,8,1598,1,-1,-1,-1,-1
201501CW11718,2,8,0,3,0,8,0,0,0,0,2,1,1,1,45,7,1997,2,1,-1,1,-1
201501CW11719,1,19,0,3,0,8,0,0,0,0,3,1,1,1,42,7,2198,2,1,-1,1,-1
201501CW11719,2,3,0,3,0,8,0,8,0,0,4,1,6,1,22,5,109,1,2,-1,1,-1
201501CW11720,1,19,0,7,0,8,0,0,0,0,4,1,6,1,34,6,2298,2,5,-1,1,-1
201501CW11720,2,1,0,18,0,8,0,0,0,0,1,1,6,1,13,3,-1,-1,-1,-1,1,-1
201501CW11721,1,9,0,18,0,8,0,0,0,0,1,1,6,2,57,9,1997,2,-1,-1,1,-1
201501CW11721,2,1,0,18,0,8,0,0,0,0,4,1,6,1,56,9,-1,-1,-1,-1,-1,-1
201501CW11722,1,9,0,9,0,8,0,0,0,0,1,1,6,2,57,9,1497,8,7,-1,1,-1
201501CW11723,1,21,0,9,0,8,0,0,0,0,1,1,6,1,26,6,2287,2,5,-1,1,-1
201501CW11723,2,3,0,18,0,8,0,0,0,0,1,1,6,1,37,7,124,1,9,-1,1,-1
201501CW11724,1,11,0,4,0,0,0,0,0,0,0,1,6,1,36,7,6692,2,6,-1,1,-1
201501CW11725,1,9,0,9,0,8,0,0,0,0,1,1,6,1,47,8,1794,1,10,-1,1,-1
201501CW11726,1,9,0,18,0,0,0,0,0,0,1,1,6,1,-1,-1,-1,-1,-1,-1,1,-1
201501CW11727,1,8,0,9,0,8,0,0,0,0,1,1,1,1,24,5,1797,8,5,-1,1,-1
201501CW11728,1,9,0,18,0,8,0,0,0,0,4,1,6,2,44,7,1995,2,2,-1,1,-1
201501CW11728,2,1,0,7,0,8,0,0,0,0,3,1,6,2,30,6,-1,-1,-1,-1,1,-1
201501CW11731,1,1,0,18,0,1,0,0,0,0,1,1,6,1,39,7,-1,-1,-1,-1,1,-1
201501CW11731,2,8,0,3,0,1,0,0,0,0,4,1,1,1,50,8,2499,2,1,-1,1,-1
201501CW11732,1,5,0,16,0,8,0,0,0,0,1,1,6,1,-1,-1,600,1,13,-1,-1,-1
201501CW11732,2,1,0,16,0,8,0,0,0,0,3,1,6,1,36,7,-1,-1,-1,-1,-1,-1
201501CW11734,1,9,0,14,0,8,0,0,0,0,0,1,6,1,39,7,6498,1,-1,-1,1,-1
201501CW11735,1,3,0,7,0,8,0,0,0,0,3,1,1,1,25,5,108,1,-1,-1,1,-1
201501CW11736,1,8,0,10,0,8,0,0,0,0,1,1,6,1,40,7,1798,8,-1,-1,1,-1
201501CW11737,1,1,0,18,0,8,0,0,0,0,1,1,6,1,28,6,-1,-1,-1,-1,1,-1
201501CW11737,2,8,0,6,0,8,0,0,0,0,3,1,1,1,-1,-1,-1,-1,-1,-1,-1,-1
201501CW11738,1,3,0,18,0,8,0,0,0,0,1,1,6,1,19,4,108,1,5,-1,1,-1
201501CW11738,2,9,0,9,0,8,0,0,0,0,1,1,6,1,72,10,2996,1,9,-1,1,-1
201501CW11739,1,19,0,18,0,2,0,0,0,0,1,1,1,1,44,7,-1,-1,-1,-1,-1,-1
201501CW11741,1,8,0,11,0,8,0,0,0,0,1,1,1,1,39,7,-1,-1,-1,-1,1,-1
201501CW11741,2,9,0,18,0,8,0,0,0,0,0,1,1,1,-1,-1,-1,-1,-1,-1,-1,-1
201501CW11741,3,1,0,18,0,8,0,4,0,0,1,1,6,1,44,7,-1,-1,-1,-1,-1,-1
201501CW11742,1,9,0,18,0,8,0,0,0,0,1,1,6,1,72,10,1399,2,10,-1,1,-1
201501CW11744,1,19,0,18,0,0,0,0,0,0,3,1,6,1,42,7,2148,2,11,-1,1,-1
201501CW11744,2,3,0,18,0,0,0,0,0,0,1,1,6,1,-1,-1,599,1,10,-1,-1,-1
201501CW11745,1,9,0,18,0,8,0,0,0,0,1,1,6,1,31,6,2143,2,1,-1,1,-1
201501CW11747,1,4,0,18,0,8,0,0,0,0,1,1,6,1,54,8,278,1,4,-1,-1,-1
201501CW11747,2,8,0,18,0,8,0,0,0,0,3,1,6,1,36,7,-1,-1,-1,-1,1,-1
201501CW11748,1,21,0,18,0,0,0,4,0,0,4,1,1,1,-1,-1,6370,2,3,-1,-1,-1
201501CW11748,2,8,0,2,0,0,0,0,0,0,3,1,1,1,51,8,3498,8,1,-1,-1,-1
201501CW11750,1,3,0,18,0,8,0,0,0,0,3,1,6,1,23,5,124,1,14,-1,1,-1
201501CW11750,2,19,0,18,0,8,0,0,0,0,4,1,1,1,47,8,2198,2,3,-1,1,-1
201501CW11750,3,19,0,12,0,8,0,0,0,0,1,1,6,1,63,9,2402,2,9,-1,2,-1
201501CW11751,1,8,0,9,0,8,0,0,0,0,4,1,1,1,49,8,1339,8,5,-1,1,-1
201501CW11751,2,9,0,18,0,8,0,0,0,0,1,1,6,1,47,8,1399,2,11,-1,1,-1
201501CW11752,1,19,0,18,0,8,0,0,0,0,4,1,1,1,50,8,-1,-1,-1,-1,3,-1
201501CW11753,1,9,0,2,0,0,0,0,0,0,2,1,6,2,34,6,1956,2,-1,-1,1,-1
201501CW11753,2,1,0,18,0,0,0,0,0,0,1,1,6,1,25,5,-1,-1,-1,-1,3,-1
201501CW11754,1,8,0,2,0,0,0,0,0,0,3,1,6,1,25,5,-1,-1,-1,-1,1,-1
201501CW11754,2,1,0,14,0,0,0,8,0,0,1,1,6,1,42,7,-1,-1,-1,-1,1,-1
201501CW11755,1,9,0,2,0,0,0,0,0,0,1,2,1,1,52,8,-1,-1,-1,-1,1,-1
201501CW11755,2,8,0,1,0,0,0,0,0,0,2,1,1,1,-1,-1,2499,2,-1,-1,-1,-1
201501CW11757,1,21,0,7,0,8,0,0,0,0,4,1,6,1,45,7,4485,2,1,-1,1,-1
201501CW11757,2,3,0,7,0,8,0,0,0,0,1,1,6,1,20,4,-1,-1,-1,-1,1,-1
201501CW11759,1,1,0,9,0,8,0,0,0,0,1,1,6,1,40,7,-1,-1,-1,-1,1,-1
201501CW11759,2,9,0,18,0,8,0,0,0,0,1,1,6,1,-1,-1,-1,-1,-1,-1,-1,-1
201501CW11762,1,1,0,18,0,0,0,0,0,0,1,1,1,2,27,6,-1,-1,-1,-1,1,-1
201501CW11762,2,9,0,18,0,0,0,0,0,0,1,1,6,2,-1,-1,1997,1,6,-1,-1,-1
201501CW11764,1,9,0,18,0,8,0,0,0,0,1,1,6,1,53,8,998,1,15,-1,-1,-1
201501CW11764,2,1,0,11,0,8,0,0,0,0,2,1,6,2,27,6,-1,-1,-1,-1,-1,-1
201501CW11765,1,1,0,16,0,8,0,0,0,0,1,1,6,1,48,8,-1,-1,-1,-1,1,-1
201501CW11767,1,9,0,18,0,8,0,0,0,0,0,1,6,1,58,9,1997,1,12,-1,1,-1
201501CW11768,1,9,0,9,0,8,0,0,0,0,1,1,6,1,41,7,1968,2,5,-1,1,-1
201501CW11768,2,1,0,18,0,8,0,0,0,0,1,1,6,1,33,6,-1,-1,-1,-1,1,-1
201501CW11769,1,9,0,9,0,8,0,0,0,0,3,1,6,2,30,6,1796,1,6,-1,1,-1
201501CW11769,2,2,0,14,0,8,0,0,0,0,1,1,6,1,23,5,125,1,6,-1,1,-1
201501CW11770,1,5,0,18,0,8,0,0,0,0,1,1,6,1,25,5,-1,-1,-1,-1,-1,-1
201501CW11770,2,9,0,9,0,8,0,0,0,0,4,1,6,1,55,8,2995,1,4,-1,1,-1
201501CW11771,1,8,0,4,0,8,0,0,0,0,0,1,6,1,39,7,2499,2,2,-1,1,-1
201501CW11772,1,9,0,18,0,8,0,0,0,0,1,1,6,1,21,5,1395,1,1,-1,1,-1
201501CW11772,2,9,0,18,0,8,0,0,0,0,3,1,6,3,-1,-1,-1,-1,-1,-1,-1,-1
201501CW11773,1,8,0,7,0,8,0,0,0,0,1,1,1,1,-1,-1,1968,2,2,-1,-1,-1
201501CW11774,1,8,0,9,0,8,0,0,0,0,2,1,1,1,27,6,1497,8,7,-1,1,-1
201501CW11774,2,21,0,9,0,8,0,0,0,0,1,1,1,1,-1,-1,-1,-1,-1,-1,-1,-1
201501CW11775,1,8,0,9,0,8,0,0,0,0,1,1,1,1,-1,-1,-1,-1,-1,-1,-1,-1
201501CW11776,1,9,0,9,0,8,0,0,0,0,3,1,6,1,23,5,1970,1,14,-1,1,-1
201501CW11776,2,1,0,16,0,8,0,0,0,0,1,1,6,2,44,7,-1,-1,-1,-1,1,-1
201501CW11777,1,11,0,4,0,0,0,0,0,0,0,1,1,1,46,8,4461,2,2,-1,1,-1
201501CW11778,1,9,0,18,0,8,0,0,0,0,1,1,6,1,68,10,4999,1,1,-1,1,-1
201501CW11778,2,1,0,18,0,8,0,0,0,0,1,1,6,1,21,5,-1,-1,-1,-1,1,-1
201501CW11779,1,1,0,18,0,8,0,0,0,0,4,1,2,1,52,8,-1,-1,-1,-1,1,-1
201501CW11779,2,9,0,9,0,8,0,0,0,0,1,1,6,3,-1,-1,-1,-1,-1,-1,-1,-1
201501CW11780,1,1,0,16,0,8,0,0,0,0,1,1,6,1,51,8,-1,-1,-1,-1,1,-1
201501CW11780,2,9,0,9,0,8,0,0,0,0,3,1,6,1,-1,-1,1991,1,1,-1,1,-1
201501CW11781,1,3,0,13,0,0,0,0,0,0,4,1,6,1,32,6,124,1,4,-1,1,-1
201501CW11781,2,11,0,12,0,0,0,0,0,0,3,1,1,1,-1,-1,-1,-1,-1,-1,-1,-1
201501CW11782,1,9,0,7,0,8,0,0,0,0,1,1,6,1,-1,-1,2143,2,-1,-1,-1,-1
201501CW11783,1,3,0,18,0,0,0,0,0,0,2,1,6,1,32,6,124,1,3,-1,1,-1
201501CW11783,2,8,0,18,0,0,0,0,0,0,1,1,1,1,-1,-1,2499,2,8,-1,-1,-1
201501CW11784,1,3,0,17,0,0,1,0,0,0,1,1,6,1,30,6,125,1,11,-1,1,-1
201501CW11785,1,11,0,4,0,0,0,0,0,0,0,1,6,1,45,7,4461,2,1,-1,1,-1
201501CW11786,1,3,0,13,0,8,0,0,0,0,1,1,6,1,19,4,125,1,1,-1,1,-1
201501CW11786,2,9,0,9,0,8,0,0,0,0,3,1,6,1,34,6,3600,1,8,-1,1,-1
201501CW11787,1,3,0,12,0,8,0,0,0,0,2,1,6,1,47,8,998,1,4,-1,1,-1
201501CW11787,2,11,0,18,0,8,0,0,0,0,1,1,1,1,-1,-1,-1,-1,-1,-1,-1,-1
201501CW11788,1,11,0,4,0,8,0,0,0,0,0,1,1,1,35,6,4461,2,1,-1,1,-1
201501CW11789,1,9,0,9,0,8,0,0,0,0,1,1,6,2,-1,-1,1796,1,13,-1,1,-1
201501CW11789,2,1,0,18,0,8,0,0,0,0,1,1,6,1,54,8,-1,-1,-1,-1,1,-1
201501CW11790,1,8,0,9,0,8,0,0,0,0,1,1,1,1,31,6,1797,8,5,-1,1,-1
201501CW11791,1,9,0,15,0,8,0,0,0,0,1,1,6,1,71,10,4293,1,13,-1,1,-1
201501CW11792,1,3,0,18,0,8,0,0,0,0,1,1,6,1,18,4,125,1,-1,-1,1,-1
201501CW11793,1,8,0,1,0,0,0,0,0,0,2,1,1,1,41,7,1997,2,4,-1,1,-1
201501CW11794,1,8,0,6,0,2,0,0,0,0,3,1,1,1,51,8,2499,2,1,-1,1,-1
201501CW11794,2,1,0,18,0,2,0,0,0,0,1,1,6,1,32,6,-1,-1,-1,-1,1,-1
201501CW11795,1,8,0,2,0,0,0,0,0,0,3,1,1,1,54,8,1242,1,-1,-1,1,-1
201501CW11795,2,1,0,18,0,0,0,8,0,0,1,1,6,1,54,8,-1,-1,-1,-1,1,-1
201501CW11797,1,9,0,18,0,8,0,0,0,0,1,1,6,1,31,6,2143,12,-1,-1,1,-1
201501CW11797,2,9,0,18,0,8,0,0,0,0,2,1,6,1,38,7,-1,-1,-1,-1,1,-1
201501CW11798,1,8,0,18,0,8,0,0,0,0,1,1,6,1,42,7,2179,2,2,-1,1,-1
201501CW11799,1,19,0,18,0,2,0,0,0,0,4,1,1,1,-1,-1,-1,-1,-1,-1,-1,-1
201501CW11800,1,3,0,18,0,8,0,0,0,0,1,1,6,1,22,5,124,1,5,-1,1,-1
201501CW11800,2,9,0,9,0,8,0,0,0,0,1,1,6,1,40,7,1988,1,12,-1,1,-1
201501CW11803,1,11,0,18,3,8,0,0,0,0,1,1,6,1,51,8,4461,2,2,-1,1,-1
201501CW11804,1,1,0,18,0,0,0,0,0,0,2,1,6,2,42,7,-1,-1,-1,-1,1,-1
201501CW11804,2,3,0,18,0,0,0,0,0,0,1,1,6,1,-1,-1,1000,1,7,-1,-1,-1
201501CW11805,1,8,0,18,0,0,0,0,0,0,1,1,1,1,57,9,2664,2,15,-1,1,-1
201501CW11807,1,8,0,18,0,8,0,0,0,0,1,1,1,1,44,7,2402,2,9,-1,1,-1
201501CW11808,1,3,0,9,0,8,0,0,0,0,1,1,6,1,18,4,125,1,9,-1,1,-1
201501CW11808,2,8,0,17,0,1,0,0,0,0,1,1,6,1,54,8,1968,2,2,-1,1,-1
201501CW11808,3,3,0,18,0,8,0,0,0,0,0,1,6,1,-1,-1,124,1,6,-1,-1,-1
201501CW11809,1,11,0,4,0,8,0,0,0,0,0,1,1,1,52,8,4500,2,3,-1,1,-1
201501CW11810,1,11,0,4,0,8,0,0,0,0,0,1,1,1,45,7,4500,2,-1,-1,1,-1
201501CW11811,1,21,0,12,0,0,0,0,0,0,3,1,1,1,62,9,10677,2,-1,-1,1,-1
201501CW11811,2,9,0,18,0,0,0,0,0,0,4,1,6,2,35,6,1598,1,5,-1,1,-1
201501CW11812,1,3,0,18,0,8,0,0,0,0,4,1,6,1,38,7,-1,-1,-1,-1,1,-1
201501CW11812,2,8,0,9,0,8,0,0,0,0,1,1,1,1,-1,-1,1798,8,1,-1,1,-1
201501CW11815,1,3,0,13,0,8,1,0,0,0,1,1,6,1,-1,-1,-1,-1,-1,-1,1,-1
201501CW11815,2,9,0,9,0,8,0,0,0,0,3,1,6,1,65,9,-1,-1,-1,-1,-1,-1
201501CW11816,1,8,0,18,0,2,0,0,0,0,1,1,1,1,44,7,1497,8,6,-1,1,-1
201501CW11816,2,8,0,4,0,2,0,0,0,0,3,1,1,1,34,6,2499,2,-1,-1,-1,-1
201501CW11817,1,11,0,4,0,8,0,0,0,0,0,1,1,1,61,9,4461,2,2,-1,1,-1
201501CW11818,1,9,0,18,0,8,0,0,0,0,1,1,6,1,-1,-1,-1,-1,-1,-1,-1,-1
201501CW11818,2,1,0,17,0,8,0,0,0,0,1,1,6,1,58,9,-1,-1,-1,-1,1,-1
201501CW11819,1,5,0,18,0,8,0,0,0,0,1,1,6,1,36,7,999,1,7,-1,1,-1
201501CW11819,2,1,0,7,0,8,0,0,0,0,2,1,6,1,35,6,-1,-1,-1,-1,1,-1
201501CW11820,1,8,0,18,0,2,0,0,0,0,3,1,1,1,45,7,2664,2,15,-1,1,-1
201501CW11821,1,8,0,9,0,8,0,0,0,0,1,1,6,1,61,9,2402,2,11,-1,1,-1
201501CW11821,2,1,0,18,0,8,0,0,0,0,1,1,6,1,31,6,-1,-1,-1,-1,1,-1
201501CW11823,1,3,0,18,0,1,0,0,0,0,2,1,6,1,37,7,-1,-1,-1,-1,1,-1
201501CW11823,2,20,0,18,0,8,0,0,0,0,1,1,6,1,-1,-1,-1,-1,-1,-1,-1,-1
201501CW11824,1,90,0,18,0,8,0,0,0,0,4,1,1,1,50,8,2198,2,1,-1,1,-1
201501CW11824,2,1,0,18,0,8,0,0,0,0,1,1,6,2,-1,-1,-1,-1,-1,-1,-1,-1
201501CW11825,1,1,0,17,0,8,0,0,0,0,1,1,6,1,-1,-1,-1,-1,-1,-1,-1,-1
201501CW11826,1,19,0,1,0,0,0,0,0,0,4,1,6,1,44,7,-1,-1,-1,-1,1,-1
201501CW11827,1,9,0,3,0,8,0,0,0,0,2,1,6,1,40,7,2902,2,9,-1,1,-1
201501CW11827,2,1,0,18,0,8,0,0,0,0,1,1,6,1,29,6,-1,-1,-1,-1,1,-1
201501CW11829,1,9,0,18,0,8,0,0,0,0,1,1,6,1,52,8,1587,1,12,-1,1,-1
201501CW11830,1,8,0,18,0,8,0,0,0,0,1,1,1,1,43,7,2148,2,6,-1,1,-1
201501CW11830,2,9,0,18,0,8,0,0,0,0,4,1,6,1,28,6,1360,1,10,-1,1,-1
201501CW11831,1,11,0,17,0,8,0,0,0,0,4,1,1,1,47,8,6700,2,8,-1,1,-1
201501CW11832,1,8,0,18,0,8,0,0,0,0,4,1,1,1,35,6,2199,2,5,-1,1,-1
201501CW11832,2,8,0,7,0,8,0,0,0,0,1,1,1,1,46,8,2499,2,1,-1,1,-1
201501CW11833,1,11,0,18,0,0,0,0,0,0,4,1,6,3,-1,-1,-1,-1,-1,-1,-1,-1
201501CW11834,1,3,0,9,0,8,0,0,0,0,1,1,6,1,19,4,108,1,-1,-1,1,-1
201501CW11834,2,9,0,18,0,8,0,0,0,0,1,1,6,1,56,9,5998,1,8,-1,1,-1
201501CW11835,1,3,0,18,0,8,0,0,0,0,3,1,6,1,50,8,102,1,-1,-1,-1,-1
201501CW11835,2,9,0,11,0,8,0,0,0,0,4,1,6,1,56,9,1798,8,3,-1,1,-1
201501CW11836,1,9,0,15,0,0,0,0,0,0,0,1,6,1,31,6,1598,1,5,-1,1,-1
201501CW11836,2,1,0,18,0,0,0,10,1,10,4,1,6,1,28,6,-1,-1,-1,-1,1,-1
201501CW11837,1,8,0,18,0,8,0,0,0,0,3,1,1,1,-1,-1,2499,2,1,-1,-1,-1
201501CW11837,2,1,0,2,0,1,0,0,0,0,3,1,6,1,39,7,-1,-1,-1,-1,1,-1
201501CW11839,1,9,0,18,0,8,0,0,0,0,1,1,6,1,26,6,-1,-1,-1,-1,1,-1
201501CW11840,1,9,0,9,0,8,0,0,0,0,4,1,6,1,56,9,1968,2,1,-1,3,-1
201501CW11840,2,9,0,18,0,8,0,0,0,0,1,1,6,1,23,5,-1,-1,-1,-1,1,-1
201501CW11843,1,3,0,18,0,8,0,0,0,0,1,1,6,1,37,7,124,1,6,-1,1,-1
201501CW11843,2,9,0,9,0,8,0,0,0,0,1,1,6,1,-1,-1,1595,1,12,-1,-1,-1
201501CW11844,1,9,0,17,0,8,0,0,0,0,1,1,6,3,-1,-1,-1,-1,-1,-1,-1,-1
201501CW11845,1,3,0,18,0,8,0,0,0,0,1,1,6,1,23,5,-1,-1,-1,-1,1,-1
201501CW11845,2,9,0,9,0,8,0,0,0,0,4,1,6,1,30,6,2000,2,9,-1,1,-1
201501CW11846,1,3,0,7,0,8,0,0,0,0,1,1,6,1,20,4,124,1,10,-1,1,-1
201501CW11846,2,9,0,8,0,8,0,0,0,0,3,1,6,1,56,9,1997,2,1,-1,1,-1
201501CW11849,1,1,0,18,0,0,0,0,0,0,3,1,6,2,31,6,-1,-1,-1,-1,1,-1
201501CW11849,2,1,0,18,0,0,0,0,0,0,3,1,6,1,-1,-1,-1,-1,-1,-1,-1,-1
201501CW11851,1,8,0,7,0,8,0,0,0,0,3,1,6,1,35,6,1797,8,3,-1,1,-1
201501CW11851,2,19,0,7,0,8,0,0,0,0,4,1,6,1,-1,-1,1968,2,5,-1,-1,-1
201501CW11852,1,1,0,18,0,0,0,0,0,0,1,1,6,2,33,6,-1,-1,-1,-1,1,-1
201501CW11853,1,8,0,7,0,8,0,0,0,0,2,1,1,1,55,8,-1,-1,-1,-1,1,-1
201501CW11853,2,1,0,17,0,8,0,0,0,0,1,1,6,1,42,7,-1,-1,-1,-1,1,-1
201501CW11854,1,8,0,3,0,8,0,0,0,0,2,2,1,1,33,6,-1,-1,-1,-1,1,-1
201501CW11854,2,9,0,18,0,1,0,0,0,0,1,1,6,1,-1,-1,-1,-1,-1,-1,-1,-1
201501CW11855,1,3,0,9,0,8,0,0,0,0,4,1,6,1,26,6,125,1,1,-1,1,-1
201501CW11855,2,9,0,18,0,8,0,0,0,0,1,1,6,1,-1,-1,1956,2,4,-1,-1,-1
201501CW11857,1,9,0,3,0,8,0,0,0,0,4,1,6,2,25,5,2979,1,-1,-1,1,-1
201501CW11857,2,1,0,15,0,8,0,0,0,0,1,1,6,1,36,7,-1,-1,-1,-1,1,-1
201501CW11857,3,9,0,3,0,8,0,0,0,0,4,1,6,3,-1,-1,-1,-1,-1,-1,-1,-1
201501CW11859,1,1,0,18,0,8,0,0,0,0,1,1,6,1,31,6,-1,-1,-1,-1,1,-1
201501CW11859,2,9,0,9,0,8,0,0,0,0,4,1,6,1,-1,-1,1798,8,2,-1,-1,-1
201501CW11861,1,3,0,18,0,8,0,0,0,0,1,1,6,1,39,7,124,1,11,-1,1,-1
201501CW11861,2,8,0,6,0,2,0,0,0,0,3,1,1,1,-1,-1,1248,1,2,-1,-1,-1
201501CW11862,1,9,0,9,0,8,0,0,0,0,4,1,6,2,41,7,1598,1,8,-1,1,-1
201501CW11863,1,1,0,7,0,8,0,0,0,0,2,1,6,1,55,8,-1,-1,-1,-1,-1,-1
201501CW11863,2,19,0,7,0,8,0,0,0,0,1,1,6,3,-1,-1,-1,-1,-1,-1,-1,-1
201501CW11864,1,1,0,18,0,2,0,0,0,0,2,1,6,1,17,4,-1,-1,-1,-1,1,-1
201501CW11864,2,9,0,18,0,2,0,0,0,0,1,1,6,3,-1,-1,-1,-1,-1,-1,-1,-1
201501CW11865,1,8,0,6,0,0,0,0,0,0,3,1,1,1,67,10,2499,2,1,-1,1,-1
201501CW11865,2,1,0,13,0,0,0,0,0,0,1,1,6,1,41,7,-1,-1,-1,-1,1,-1
201501CW11866,1,3,0,18,0,0,0,0,0,0,1,1,6,1,-1,-1,125,1,10,-1,1,-1
201501CW11867,1,9,0,7,0,8,0,0,0,0,4,1,6,1,33,6,2720,2,6,-1,1,-1
201501CW11867,2,1,0,18,0,8,0,0,0,0,1,1,6,2,26,6,-1,-1,-1,-1,1,-1
201501CW11868,1,4,0,18,0,8,0,0,0,0,1,1,6,1,57,9,176,1,14,-1,1,-1
201501CW11868,2,9,0,2,0,8,0,0,0,0,1,1,6,1,55,8,2400,2,6,-1,1,-1
201501CW11869,1,8,0,18,0,8,0,0,0,0,1,1,1,1,28,6,1997,2,1,-1,1,-1
201501CW11871,1,3,0,18,0,8,0,0,0,0,1,1,6,2,34,6,124,1,1,-1,1,-1
201501CW11872,1,11,0,18,0,8,0,0,0,0,4,1,1,1,-1,-1,-1,-1,-1,-1,-1,-1
201501CW11873,1,9,0,9,0,8,0,0,0,0,3,1,6,1,60,9,2143,2,1,-1,1,-1
201501CW11873,2,3,0,18,0,8,0,0,0,0,1,1,6,1,37,7,124,1,2,-1,1,-1
201501CW11875,1,19,0,2,0,0,0,0,0,0,2,1,6,1,34,6,2198,2,-1,-1,1,-1
201501CW11875,2,1,0,18,0,0,0,0,0,0,1,1,6,1,71,10,-1,-1,-1,-1,1,-1
201501CW11876,1,9,0,18,0,8,0,0,0,0,1,1,6,1,26,6,1685,2,1,-1,1,-1
201501CW11876,2,1,0,18,0,8,0,0,0,0,1,1,6,1,32,6,-1,-1,-1,-1,1,-1
201501CW11877,1,9,0,18,0,8,0,0,0,0,2,1,6,1,48,8,1497,8,8,-1,1,-1
201501CW11877,2,1,0,18,0,8,0,0,0,0,1,1,6,1,40,7,-1,-1,-1,-1,-1,-1
201501CW11878,1,8,0,18,0,8,0,0,0,0,1,1,1,1,49,8,2499,2,8,-1,1,-1
201501CW11878,2,19,0,18,0,8,0,0,0,0,1,1,6,1,-1,-1,-1,-1,-1,-1,-1,-1
201501CW11879,1,9,0,9,0,8,0,0,0,0,3,1,6,1,61,9,1799,1,8,-1,1,-1
201501CW11879,2,3,0,13,0,8,0,0,0,0,1,1,2,2,29,6,125,1,1,-1,1,-1
201501CW11880,1,8,0,7,0,8,0,0,0,0,4,1,6,1,53,8,2499,2,4,-1,1,-1
201501CW11880,2,1,0,18,0,8,0,0,0,0,1,1,6,1,29,6,-1,-1,-1,-1,1,-1
201501CW11883,1,10,0,5,0,2,0,0,0,0,1,1,1,1,-1,-1,-1,-1,-1,-1,1,-1
201501CW11884,1,21,0,14,0,8,0,0,0,0,3,1,1,1,46,8,10677,2,-1,-1,1,-1