Accident_Index,Vehicle_Reference,Vehicle_Type,Towing_and_Articulation,Vehicle_Manoeuvre,Vehicle_Location-Restricted_Lane,Junction_Location,Skidding_and_Overturning,Hit_Object_in_Carriageway,Vehicle_Leaving_Carriageway,Hit_Object_off_Carriageway,1st_Point_of_Impact,Was_Vehicle_Left_Hand_Drive?,Journey_Purpose_of_Driver,Sex_of_Driver,Age_of_Driver,Age_Band_of_Driver,Engine_Capacity_(CC),Propulsion_Code,Age_of_Vehicle,Driver_IMD_Decile,Driver_Home_Area_Type,Vehicle_IMD_Decile
201501FH10408,2,3,0,18,0,8,0,0,0,0,1,1,6,1,33,6,125,1,3,-1,1,-1
201501FH10409,1,9,0,18,0,8,0,0,0,0,1,1,6,1,58,9,2290,1,20,-1,1,-1
201501FH10409,2,9,0,18,0,8,0,10,3,10,1,1,6,1,24,5,1598,1,6,-1,1,-1
201501FH10410,1,9,0,9,0,8,0,0,0,0,1,1,6,2,48,8,1595,1,15,-1,1,-1
201501FH10410,2,1,0,18,0,8,0,0,0,0,1,1,6,1,51,8,-1,-1,-1,-1,1,-1
201501FH10411,1,1,0,18,0,8,0,0,0,0,1,1,6,2,14,3,-1,-1,-1,-1,1,-1
201501FH10411,2,9,0,18,0,8,0,0,0,0,1,1,6,2,52,8,1998,1,11,-1,1,-1
201501FH10412,1,9,0,7,0,8,0,0,0,0,4,1,6,1,20,4,1390,1,11,-1,1,-1
201501FH10412,2,1,0,18,0,8,0,0,0,0,1,1,6,1,45,7,-1,-1,-1,-1,1,-1
201501FH10414,1,9,0,11,0,0,0,0,0,0,1,1,1,1,38,7,1956,2,1,-1,1,-1
201501FH10414,2,3,0,18,0,0,0,0,0,0,1,1,1,1,-1,-1,124,1,1,-1,1,-1
201501FH10416,1,19,0,7,0,8,0,0,0,0,4,1,6,1,36,7,1997,2,7,-1,1,-1
201501FH10417,1,8,0,9,0,8,0,0,0,0,1,1,6,1,31,6,1997,2,6,-1,1,-1
201501FH10417,2,1,0,18,0,8,0,0,0,0,1,1,6,2,26,6,-1,-1,-1,-1,1,-1
201501FH10418,1,9,0,18,0,8,0,0,0,0,1,1,6,1,41,7,1998,1,11,-1,1,-1
201501FH10418,2,3,0,18,0,8,0,0,0,0,1,1,6,1,20,4,-1,-1,-1,-1,1,-1
201501FH10419,1,4,0,15,0,8,0,0,0,0,1,1,6,1,38,7,198,1,9,-1,1,-1
201501FH10419,2,9,0,9,0,8,0,0,0,0,1,1,6,1,23,5,1364,1,8,-1,1,-1
201501FH10420,1,3,0,18,0,8,0,0,0,0,1,1,6,1,34,6,124,1,-1,-1,1,-1
201501FH10421,1,11,0,5,0,1,0,0,0,0,0,1,1,2,51,8,4461,2,2,-1,1,-1
201501FH10422,1,4,0,18,0,0,0,0,0,0,1,1,6,1,57,9,279,1,7,-1,1,-1
201501FH10423,1,9,0,7,0,8,0,0,0,0,4,1,6,1,24,5,2967,2,-1,-1,1,-1
201501FH10423,2,3,0,18,0,8,0,0,0,0,1,1,6,1,59,9,125,1,4,-1,1,-1
201501FH10424,1,9,0,9,0,8,0,0,0,0,1,1,6,2,26,6,1968,2,1,-1,1,-1
201501FH10424,2,1,0,9,0,8,0,0,0,0,1,1,6,1,57,9,-1,-1,-1,-1,1,-1
201501FH10425,1,3,0,18,0,0,0,0,0,0,3,1,6,1,20,4,125,1,4,-1,1,-1
201501FH10425,2,9,0,13,0,0,0,0,0,0,1,1,6,1,-1,-1,-1,-1,-1,-1,-1,-1
201501FH10426,1,8,0,7,0,8,0,0,0,0,3,1,1,1,29,6,1797,8,4,-1,1,-1
201501FH10426,2,90,0,9,0,8,0,0,0,0,2,1,1,1,48,8,6374,2,2,-1,1,-1
201501FH10427,1,11,0,4,0,0,0,0,0,0,0,1,1,1,-1,-1,-1,-1,-1,-1,-1,-1
201501FH10428,1,11,0,18,0,0,0,0,0,0,1,1,1,2,39,7,8268,2,13,-1,1,-1
201501FH10429,1,9,0,9,0,8,0,0,0,0,1,1,6,2,50,8,2987,2,10,-1,1,-1
201501FH10429,2,3,0,18,0,8,0,0,0,0,1,1,6,1,21,5,125,1,3,-1,1,-1
201501FH10430,1,3,0,14,0,8,0,0,0,0,4,1,6,1,22,5,125,1,5,-1,1,-1
201501FH10430,2,8,0,7,0,8,0,0,0,0,3,1,1,1,31,6,2148,2,10,-1,1,-1
201501FH10432,1,9,0,9,0,8,0,0,0,0,1,1,6,2,45,7,998,1,21,-1,1,-1
201501FH10432,2,5,0,18,0,8,0,0,0,0,1,1,6,1,44,7,499,1,10,-1,1,-1
201501FH10433,1,3,0,18,0,8,0,0,0,0,1,1,6,1,-1,-1,-1,-1,-1,-1,-1,-1
201501FH10434,1,3,0,18,0,0,0,0,0,0,1,1,6,3,-1,-1,-1,-1,-1,-1,-1,-1
201501FH10435,1,9,0,9,0,8,0,0,0,0,1,1,6,1,35,6,2143,2,1,-1,1,-1
201501FH10436,1,9,0,16,0,8,0,0,0,0,1,1,6,1,22,5,999,1,1,-1,1,-1
201501FH10436,2,90,0,18,0,8,0,0,0,0,3,1,6,1,67,10,-1,-1,-1,-1,1,-1
201501FH10438,1,9,0,7,0,8,0,0,0,0,4,1,6,1,43,7,1910,2,7,-1,1,-1
201501FH10438,2,3,0,15,0,8,0,0,0,0,1,1,6,1,29,6,125,1,9,-1,1,-1
201501FH10439,1,11,0,18,0,0,0,0,0,0,1,1,6,1,25,5,6700,2,6,-1,-1,-1
201501FH10440,1,5,0,17,0,8,0,0,0,0,3,1,2,1,40,7,599,1,13,-1,1,-1
201501FH10440,2,9,0,16,0,8,0,0,0,0,4,1,2,1,41,7,1240,1,11,-1,1,-1
201501FH10441,1,8,0,18,0,8,0,0,0,0,4,1,1,1,35,6,1997,2,4,-1,1,-1
201501FH10441,2,9,0,12,0,8,0,0,0,0,3,1,6,3,-1,-1,1229,1,1,-1,-1,-1
201501FH10442,1,8,0,7,0,8,0,0,0,0,4,1,1,1,30,6,2143,2,4,-1,1,-1
201501FH10442,2,1,0,18,0,8,0,0,0,0,1,1,6,1,17,4,-1,-1,-1,-1,3,-1
201501FH10443,1,9,0,10,0,8,0,0,0,0,1,1,6,1,42,7,2000,2,7,-1,1,-1
201501FH10443,2,9,0,1,0,8,0,0,0,0,1,1,6,1,-1,-1,1296,1,8,-1,-1,-1
201501FH10444,1,9,0,9,0,8,0,0,0,0,1,1,6,2,39,7,1596,1,9,-1,1,-1
201501FH10444,2,9,0,18,0,8,0,0,0,0,1,1,6,1,31,6,1968,2,4,-1,1,-1
201501FH10445,1,5,0,18,0,8,0,0,0,0,4,1,6,1,49,8,1043,1,4,-1,-1,-1
201501FH10445,2,9,0,9,0,8,0,0,0,0,4,1,6,1,49,8,1985,1,22,-1,1,-1
201501FH10446,1,9,0,18,0,8,0,0,0,0,1,1,6,2,30,6,1900,2,9,-1,1,-1
201501FH10449,1,8,0,9,0,8,0,0,0,0,1,1,6,1,30,6,1791,8,3,-1,1,-1
201501FH10450,1,3,0,7,0,8,0,0,0,0,4,1,6,1,21,5,125,1,-1,-1,1,-1
201501FH10450,2,3,0,7,0,8,0,0,0,0,4,1,6,1,21,5,125,1,-1,-1,1,-1
201501FH10451,1,11,0,18,0,0,0,0,0,0,1,1,6,1,26,6,6700,2,3,-1,1,-1
201501FH10453,1,5,0,18,0,8,0,0,0,0,1,1,6,1,52,8,599,1,7,-1,1,-1
201501FH10454,1,9,0,9,0,8,0,0,0,0,1,1,6,1,30,6,1598,1,10,-1,1,-1
201501FH10454,2,1,0,18,0,8,0,0,0,0,1,1,6,2,38,7,-1,-1,-1,-1,1,-1
201501FH10455,1,19,0,9,0,8,0,0,0,0,4,1,6,1,36,7,1461,2,-1,-1,1,-1
201501FH10455,2,1,0,18,4,8,0,0,0,0,1,1,6,1,59,9,-1,-1,-1,-1,1,-1
201501FH10456,1,9,0,18,0,8,0,0,0,0,1,1,6,1,-1,-1,1598,1,1,-1,1,-1
201501FH10456,2,9,0,2,0,8,0,0,0,0,1,1,6,2,26,6,1198,1,10,-1,1,-1
201501FH10456,3,9,0,2,0,8,0,0,0,0,4,1,6,1,40,7,1984,1,8,-1,1,-1
201501FH10456,4,9,0,2,0,8,0,0,0,0,4,1,6,1,61,9,1992,2,8,-1,1,-1
201501FH10456,5,9,0,2,0,8,0,0,0,0,4,1,6,1,52,8,1587,1,19,-1,-1,-1
201501FH10457,1,9,0,9,0,8,0,0,0,0,4,1,6,2,32,6,1968,2,7,-1,1,-1
201501FH10457,2,1,0,18,0,8,0,0,0,0,1,1,6,2,25,5,-1,-1,-1,-1,1,-1
201501FH10458,1,9,0,18,0,8,0,0,0,0,4,1,6,1,65,9,2179,2,3,-1,1,-1
201501FH10458,2,1,0,9,0,8,0,0,0,0,1,1,6,1,24,5,-1,-1,-1,-1,1,-1
201501FH10459,1,1,0,15,2,8,0,0,0,0,1,1,6,2,26,6,-1,-1,-1,-1,1,-1
201501FH10459,2,11,0,9,0,8,0,0,0,0,1,1,6,1,41,7,4760,2,3,-1,1,-1
201501FH10460,1,9,0,18,0,8,0,0,0,0,1,1,6,2,74,10,1798,1,3,-1,1,-1
201501FH10461,1,9,0,18,0,0,0,0,0,0,1,1,6,2,21,5,2497,1,13,-1,1,-1
201501FH10461,2,9,0,4,0,0,0,0,0,0,2,1,6,1,-1,-1,2993,2,12,-1,-1,-1
201501FH10462,1,1,0,18,0,8,0,0,0,0,1,1,6,1,32,6,-1,-1,-1,-1,1,-1
201501FH10462,2,3,0,9,0,8,0,0,0,0,1,1,6,1,18,4,-1,-1,-1,-1,1,-1
201501FH10463,1,3,0,18,0,8,0,0,0,0,1,1,6,1,36,7,125,1,1,-1,1,-1
201501FH10464,1,9,0,9,0,8,0,0,0,0,4,1,6,2,63,9,1242,1,15,-1,1,-1
201501FH10464,2,3,0,18,0,8,0,0,0,0,1,1,6,1,19,4,-1,-1,-1,-1,1,-1
201501FH10466,1,8,0,7,0,8,0,0,0,0,3,1,1,1,58,9,2149,2,8,-1,1,-1
201501FH10466,2,19,0,7,0,8,0,0,0,0,4,1,1,1,-1,-1,2461,2,9,-1,-1,-1
201501FH10467,1,9,0,9,0,8,0,0,0,0,1,1,6,2,26,6,1390,1,5,-1,1,-1
201501FH10467,2,1,0,18,0,8,0,0,0,0,1,1,6,2,-1,-1,-1,-1,-1,-1,1,-1
201501FH10469,1,9,0,16,0,8,0,0,0,0,1,1,6,1,32,6,1998,2,10,-1,1,-1
201501FH10470,1,9,0,9,0,8,0,0,0,0,1,1,6,2,71,10,-1,-1,-1,-1,1,-1
201501FH10470,2,3,0,18,0,8,0,0,0,0,1,1,1,1,29,6,108,1,-1,-1,1,-1
201501FH10471,1,9,0,18,0,8,0,0,0,0,1,1,1,1,-1,-1,-1,-1,-1,-1,-1,-1
201501FH10471,2,19,0,7,0,8,0,0,0,0,3,1,1,1,65,9,-1,-1,-1,-1,1,-1
201501FH10472,1,9,0,18,0,8,0,0,0,0,1,1,6,1,43,7,2198,1,10,-1,1,-1
201501FH10472,2,8,0,9,0,8,0,0,0,0,1,1,1,1,45,7,1896,2,5,-1,-1,-1
201501FH10473,1,9,0,9,0,8,0,0,0,0,1,1,6,1,28,6,1461,2,1,-1,1,-1
201501FH10473,2,3,0,16,0,8,0,0,0,0,1,1,6,1,16,4,-1,-1,-1,-1,1,-1
201501FH10474,1,3,0,18,0,8,0,0,0,0,1,1,6,3,-1,-1,124,1,1,-1,-1,-1
201501FH10475,1,3,0,18,0,8,0,10,3,1,1,1,6,1,25,5,108,1,-1,-1,1,-1
201501FH10476,1,9,0,4,0,0,0,0,0,0,2,1,6,2,33,6,1598,2,5,-1,1,-1
201501FH10476,2,2,0,18,0,0,0,0,0,0,1,1,6,1,16,4,49,1,16,-1,1,-1
201501FH10477,1,11,0,4,0,8,0,0,0,0,4,1,6,1,46,8,-1,-1,-1,-1,1,-1
201501FH10478,1,9,0,18,0,8,0,0,0,0,4,1,6,1,73,10,2204,2,8,-1,1,-1
201501FH10478,2,1,0,12,0,8,0,0,0,0,3,1,6,1,24,5,-1,-1,-1,-1,1,-1
201501FH10479,1,8,0,3,0,8,0,0,0,0,2,1,6,1,-1,-1,1497,8,6,-1,1,-1
201501FH10479,2,9,0,9,0,8,0,0,0,0,1,1,6,1,-1,-1,2996,1,9,-1,-1,-1
201501FH10480,1,3,0,18,0,8,0,0,0,0,1,1,1,1,29,6,-1,-1,-1,-1,1,-1
201501FH10480,2,9,0,9,0,8,0,0,0,0,1,1,6,2,56,9,1968,2,3,-1,1,-1
201501FH10481,1,19,0,9,0,8,0,0,0,0,1,1,1,1,26,6,-1,-1,-1,-1,1,-1
201501FH10481,2,3,0,13,0,8,0,0,0,0,1,1,6,2,40,7,125,1,2,-1,1,-1
201501FH10483,1,8,0,16,0,8,0,0,0,0,1,1,1,1,-1,-1,2499,2,8,-1,-1,-1
201501FH10485,1,9,0,9,0,8,0,0,0,0,1,1,6,2,-1,-1,1229,1,1,-1,-1,-1
201501FH10486,1,4,0,18,0,0,0,0,0,0,3,1,6,1,20,4,321,1,-1,-1,1,-1
201501FH10486,2,10,0,11,0,0,0,0,0,0,4,1,6,1,45,7,-1,-1,-1,-1,-1,-1
201501FH10487,1,11,0,18,0,0,0,0,0,0,4,1,1,3,-1,-1,9000,2,6,-1,-1,-1
201501FH10487,2,1,0,18,0,0,0,0,0,0,3,1,6,1,30,6,-1,-1,-1,-1,1,-1
201501FH10488,1,11,0,4,0,8,0,0,0,0,0,1,1,1,52,8,4500,2,6,-1,1,-1
201501FH10489,1,1,0,9,0,8,0,0,0,0,1,1,6,1,49,8,-1,-1,-1,-1,1,-1
201501FH10489,2,9,0,18,0,8,0,0,0,0,1,1,6,3,-1,-1,1296,1,7,-1,-1,-1
201501FH10490,1,3,0,17,0,8,0,0,0,0,1,1,6,1,18,4,124,1,1,-1,1,-1
201501FH10491,1,9,0,18,0,8,0,0,0,0,1,1,6,3,-1,-1,-1,-1,-1,-1,-1,-1
201501FH10492,1,3,0,14,0,8,0,0,0,0,1,1,6,1,35,6,124,1,15,-1,1,-1
201501FH10492,2,9,0,18,0,8,0,0,0,0,3,1,6,1,38,7,2143,2,2,-1,-1,-1
201501FH10493,1,1,0,18,0,0,0,0,0,0,1,1,6,1,33,6,-1,-1,-1,-1,1,-1
201501FH10493,2,9,0,2,0,0,0,0,0,0,1,1,6,1,44,7,1997,2,12,-1,1,-1
201501FH10494,1,9,0,3,0,8,0,0,0,0,2,1,6,1,24,5,1796,1,4,-1,1,-1
201501FH10494,2,9,0,18,0,8,0,0,0,0,1,1,6,1,37,7,2198,2,7,-1,-1,-1
201501FH10495,1,9,0,16,0,8,0,0,0,0,1,1,6,3,-1,-1,-1,-1,-1,-1,-1,-1
201501FH10496,1,9,0,2,0,1,0,0,0,0,3,1,6,3,-1,-1,-1,-1,-1,-1,-1,-1
201501FH10496,2,1,0,18,0,8,0,8,0,0,1,1,6,2,51,8,-1,-1,-1,-1,1,-1
201501FH10497,1,8,0,12,0,0,0,0,0,0,3,1,6,1,45,7,1753,2,8,-1,1,-1
201501FH10497,2,3,0,18,0,0,0,0,0,0,1,1,6,1,30,6,125,1,-1,-1,1,-1
201501FH10498,1,9,0,18,0,8,0,0,0,0,1,1,6,1,-1,-1,1339,1,-1,-1,1,-1
201501FH10499,1,1,0,18,0,8,0,0,0,0,1,1,6,1,28,6,-1,-1,-1,-1,1,-1
201501FH10499,2,9,0,9,0,8,0,0,0,0,4,1,6,1,-1,-1,1995,2,7,-1,-1,-1
201501FH10500,1,1,0,18,0,8,0,0,0,0,1,1,6,2,43,7,-1,-1,-1,-1,1,-1
201501FH10501,1,9,0,18,0,8,0,0,0,0,4,1,6,2,31,6,1339,1,1,-1,3,-1
201501FH10501,2,1,0,15,0,8,0,0,0,0,3,1,6,1,14,3,-1,-1,-1,-1,1,-1
201501FH10502,1,9,0,7,0,8,0,0,0,0,4,1,6,2,33,6,1598,1,10,-1,-1,-1
201501FH10503,1,11,0,18,0,8,0,0,0,0,0,1,6,1,50,8,4760,2,3,-1,1,-1
201501FH10504,1,9,0,11,0,8,0,0,0,0,2,1,6,1,24,5,1596,1,6,-1,1,-1
201501FH10504,2,9,0,18,0,8,0,0,0,0,1,1,6,1,26,6,2993,2,-1,-1,1,-1
201501FH10505,1,9,0,9,0,8,0,0,0,0,3,1,6,1,36,7,2143,2,-1,-1,1,-1
201501FH10505,2,5,0,18,0,8,0,0,0,0,1,1,6,1,27,6,675,1,2,-1,1,-1
201501FH10506,1,9,0,9,0,8,0,0,0,0,3,1,6,1,57,9,1149,1,8,-1,1,-1
201501FH10506,2,1,0,18,0,8,0,0,0,0,1,1,6,1,38,7,-1,-1,-1,-1,1,-1
201501FH10507,1,3,0,18,0,8,0,0,0,0,1,1,6,1,42,7,124,1,2,-1,1,-1
201501FH10508,1,3,0,18,0,0,0,0,0,0,1,1,6,1,26,6,124,1,1,-1,1,-1
201501FH10508,2,19,0,6,0,0,0,0,0,0,4,1,1,1,30,6,1968,2,-1,-1,1,-1
201501FH10509,1,9,0,9,0,8,0,0,0,0,1,1,6,2,35,6,2143,2,1,-1,1,-1
201501FH10509,2,1,0,18,4,8,0,0,0,0,1,1,6,1,22,5,-1,-1,-1,-1,-1,-1
201501FH10510,1,9,0,4,0,0,0,0,0,0,2,1,6,3,-1,-1,1896,2,17,-1,-1,-1
201501FH10510,2,9,0,4,0,0,0,0,0,0,2,1,6,3,-1,-1,1362,1,4,-1,-1,-1
201501FH10510,3,9,0,4,0,0,0,0,0,0,2,1,6,3,-1,-1,1910,2,8,-1,-1,-1
201501FH10510,4,9,0,4,0,0,0,0,0,0,2,1,6,1,20,4,1797,8,5,-1,-1,-1
201501FH10510,5,9,0,18,0,0,0,0,0,0,1,1,6,1,31,6,1794,1,12,-1,1,-1
201501FH10511,1,5,0,18,0,8,0,0,0,0,1,1,6,1,39,7,1198,1,2,-1,1,-1
201501FH10511,2,19,0,9,0,8,0,0,0,0,1,1,6,1,48,8,2500,2,9,-1,1,-1
201501FH10512,1,9,0,18,0,8,0,0,0,0,1,1,6,1,26,6,1120,2,1,-1,2,-1
201501FH10512,2,1,0,18,0,8,0,0,0,0,1,1,6,1,31,6,-1,-1,-1,-1,1,-1
201501FH10513,1,9,0,18,0,0,0,0,0,0,1,1,6,1,-1,-1,1397,1,8,-1,-1,-1
201501FH10514,1,9,0,18,0,8,0,0,0,0,1,1,6,3,-1,-1,-1,-1,-1,-1,-1,-1
201501FH10515,1,9,0,18,0,2,0,0,0,0,2,1,6,2,26,6,1149,1,11,-1,1,-1
201501FH10515,2,9,0,18,0,2,0,0,0,0,1,1,6,1,-1,-1,-1,-1,-1,-1,-1,-1
201501FH10516,1,9,0,9,0,8,0,0,0,0,1,1,6,2,44,7,1995,2,9,-1,1,-1
201501FH10516,2,3,0,15,0,8,0,0,0,0,1,1,6,1,18,4,125,1,8,-1,1,-1
201501FH10516,3,9,0,3,0,8,0,0,0,0,4,1,6,1,26,6,1796,1,8,-1,1,-1
201501FH10517,1,3,0,10,0,8,0,0,0,0,2,1,6,1,19,4,49,1,9,-1,1,-1
201501FH10517,2,3,0,18,0,8,0,0,0,0,1,1,6,1,18,4,108,1,1,-1,1,-1
201501FH10518,1,9,0,4,0,0,0,0,0,0,2,1,6,1,24,5,1984,1,8,-1,1,-1
201501FH10518,2,9,0,4,0,0,0,0,0,0,2,1,6,1,31,6,2993,2,4,-1,1,-1
201501FH10518,3,9,0,18,0,0,0,0,0,0,1,1,6,1,54,8,1595,1,14,-1,1,-1
201501FH10519,1,1,0,18,0,0,0,10,1,2,1,1,6,1,39,7,-1,-1,-1,-1,1,-1
201501FH10520,1,5,0,18,0,8,0,0,0,0,1,1,6,1,39,7,748,1,7,-1,1,-1
201501FH10520,2,9,0,9,0,8,0,0,0,0,3,1,6,2,-1,-1,1995,2,5,-1,-1,-1
201501FH10521,1,9,0,9,0,8,0,0,0,0,2,1,6,2,31,6,1596,1,1,-1,1,-1
201501FH10521,2,9,0,9,0,8,0,0,0,0,1,1,6,3,-1,-1,1984,1,7,-1,-1,-1
201501FH10522,1,1,0,18,0,8,0,0,0,0,1,1,6,1,46,8,-1,-1,-1,-1,1,-1
201501FH10522,2,9,0,7,0,8,0,0,0,0,4,1,6,1,-1,-1,-1,-1,-1,-1,-1,-1
201501FH10523,1,3,0,18,0,0,0,0,0,0,3,1,6,1,24,5,124,1,-1,-1,1,-1
201501FH10523,2,9,0,11,0,0,0,0,0,0,4,1,6,1,-1,-1,1596,1,4,-1,-1,-1
201501FH10524,1,9,0,18,0,8,0,0,0,0,1,1,6,1,19,4,1229,1,6,-1,1,-1
201501FH10524,2,1,0,18,0,8,0,0,0,0,1,1,6,1,40,7,-1,-1,-1,-1,1,-1
201501FH10525,1,3,0,18,0,8,0,0,0,0,1,1,6,1,24,5,108,1,1,-1,1,-1
201501FH10526,1,11,0,7,0,8,0,0,0,0,4,1,1,1,34,6,9000,2,4,-1,1,-1
201501FH10528,1,1,0,18,0,8,0,0,0,0,1,1,6,1,49,8,-1,-1,-1,-1,1,-1
201501FH10528,2,3,0,9,0,8,0,0,0,0,1,1,6,1,-1,-1,49,1,1,-1,-1,-1
201501FH10531,1,1,0,18,0,8,0,0,0,0,1,1,6,1,34,6,-1,-1,-1,-1,1,-1
201501FH10531,2,9,0,9,0,8,0,0,0,0,1,1,6,1,-1,-1,-1,-1,-1,-1,-1,-1
201501FH10532,1,3,0,10,0,8,0,0,0,0,2,1,1,1,-1,-1,-1,-1,-1,-1,-1,-1
201501FH10532,2,9,0,9,0,8,0,0,0,0,1,1,6,1,29,6,1896,2,8,-1,1,-1
201501FH10533,1,9,0,17,0,0,0,4,0,0,1,1,6,1,34,6,1598,2,5,-1,1,-1
201501FH10533,2,19,0,2,0,0,0,0,0,0,1,1,6,2,48,8,-1,-1,-1,-1,1,-1
201501FH10535,1,11,0,5,0,0,0,0,0,0,0,1,6,1,49,8,4500,2,6,-1,1,-1
201501FH10536,1,19,0,9,0,8,0,0,0,0,3,1,1,1,44,7,2298,2,5,-1,1,-1
201501FH10536,2,5,0,18,0,8,0,0,0,0,1,1,6,1,42,7,782,1,10,-1,1,-1
201501FH10537,1,19,0,9,0,8,0,0,0,0,3,1,6,1,37,7,2198,2,8,-1,1,-1
201501FH10537,2,3,0,18,0,8,0,0,0,0,1,1,6,1,41,7,125,1,4,-1,1,-1
201501FH10538,1,3,0,18,0,8,0,0,0,0,1,1,6,1,17,4,125,1,6,-1,1,-1
201501FH10538,2,9,0,7,0,8,0,0,0,0,3,1,6,1,68,10,2993,2,7,-1,1,-1
201501FH10539,1,9,0,18,0,0,0,0,0,0,1,1,6,2,-1,-1,-1,-1,-1,-1,-1,-1
201501FH10540,1,9,0,4,0,8,0,0,0,0,2,1,1,1,39,7,1988,2,12,-1,1,-1
201501FH10540,2,11,0,18,0,8,0,0,0,0,1,1,6,1,47,8,4500,2,6,-1,1,-1
201501FH10541,1,9,0,7,0,8,0,0,0,0,4,1,6,1,48,8,1200,1,1,-1,1,-1
201501FH10541,2,1,0,18,0,8,0,0,0,0,1,1,6,1,23,5,-1,-1,-1,-1,1,-1
201501FH10542,1,1,0,18,0,8,0,0,0,0,1,1,6,1,50,8,-1,-1,-1,-1,1,-1
201501FH10542,2,90,0,18,0,8,0,0,0,0,3,1,6,1,26,6,-1,-1,-1,-1,1,-1
201501FH10543,1,9,0,18,0,8,0,0,0,0,2,1,6,2,20,4,1229,1,9,-1,1,-1
201501FH10543,2,9,0,12,0,8,0,0,0,0,1,1,6,1,-1,-1,2720,2,7,-1,1,-1
201501FH10544,1,9,0,18,0,0,0,0,0,0,1,1,6,2,52,8,1984,1,6,-1,1,-1
201501FH10544,2,9,0,12,0,0,0,0,0,0,3,1,6,2,45,7,1598,1,7,-1,1,-1
201501FH10544,3,9,0,18,0,0,0,0,0,0,2,1,6,2,45,7,2987,2,7,-1,1,-1
201501FH10545,1,19,0,18,0,8,0,0,0,0,1,1,6,1,36,7,2298,2,2,-1,1,-1
201501FH10545,2,3,0,18,0,8,0,0,0,0,1,1,6,1,24,5,125,1,7,-1,1,-1
201501FH10546,1,9,0,9,0,8,0,0,0,0,4,1,6,1,23,5,1229,1,1,-1,1,-1
201501FH10546,2,1,0,15,0,8,0,0,0,0,1,1,6,1,38,7,-1,-1,-1,-1,1,-1
201501FH10547,1,9,0,18,0,8,0,0,0,0,1,1,6,1,20,4,998,1,7,-1,1,-1
201501FH10548,1,9,0,18,0,8,0,0,0,0,1,1,6,1,31,6,998,1,1,-1,1,-1
201501FH10548,2,9,0,18,0,8,0,0,0,0,1,1,6,1,42,7,2362,1,9,-1,1,-1
201501FH10549,1,5,0,18,0,0,0,0,0,0,1,1,6,1,43,7,1000,1,6,-1,1,-1
201501FH10549,2,9,0,6,0,0,0,0,0,0,4,1,6,1,42,7,1329,1,5,-1,-1,-1
201501FH10550,1,9,0,3,0,0,0,0,0,0,3,1,6,2,27,6,1995,1,10,-1,1,-1
201501FH10550,2,9,0,18,0,0,0,0,0,0,3,1,6,2,41,7,2143,2,1,-1,1,-1
201501FH10551,1,3,0,18,0,0,0,10,0,0,1,1,6,1,20,4,125,1,4,-1,1,-1
201501FH10551,2,8,0,6,0,0,0,0,0,0,0,1,6,1,38,7,2499,2,1,-1,1,-1
201501FH10552,1,9,0,17,0,0,0,0,0,0,1,1,6,1,27,6,1598,2,-1,-1,1,-1
201501FH10552,2,1,0,17,0,0,0,0,0,0,2,1,6,1,40,7,-1,-1,-1,-1,1,-1
201501FH10553,1,1,0,18,0,8,0,0,0,0,1,1,6,1,-1,-1,-1,-1,-1,-1,-1,-1
201501FH10554,1,9,0,18,0,1,0,0,0,0,1,1,6,3,-1,-1,-1,-1,-1,-1,-1,-1
201501FH10555,1,5,0,18,0,8,0,0,0,0,1,1,6,1,48,8,1157,1,8,-1,1,-1
201501FH10555,2,19,0,9,0,8,0,0,0,0,1,1,1,1,55,8,1968,2,3,-1,1,-1
201501FH10557,1,9,0,18,0,8,0,0,0,0,1,1,6,1,43,7,1560,2,1,-1,1,-1
201501FH10557,2,9,0,18,0,8,0,0,0,0,1,1,6,1,53,8,998,1,-1,-1,1,-1
201501FH10559,1,9,0,9,0,8,0,0,0,0,3,1,6,1,61,9,1240,1,9,-1,1,-1
201501FH10559,2,9,0,5,0,1,0,0,0,0,1,1,6,1,33,6,-1,-1,-1,-1,1,-1
201501FH10560,1,8,0,7,0,8,0,0,0,0,4,1,6,1,45,7,1997,2,4,-1,1,-1
201501FH10560,2,3,0,7,0,8,0,0,0,0,1,1,6,1,18,4,1284,1,4,-1,1,-1
201501FH10561,1,9,0,9,0,8,0,0,0,0,1,1,6,2,70,10,1199,1,14,-1,1,-1
201501FH10561,2,1,0,18,0,8,0,0,0,0,1,1,6,1,29,6,-1,-1,-1,-1,1,-1
201501FH10562,1,8,0,9,0,8,0,0,0,0,3,1,1,1,38,7,1797,8,5,-1,1,-1
201501FH10562,2,9,0,18,0,8,0,0,0,0,1,1,6,1,31,6,1348,1,14,-1,-1,-1
201501FH10563,1,8,0,9,0,8,0,0,0,0,1,1,1,1,35,6,1796,1,4,-1,1,-1
201501FH10564,1,9,0,18,0,0,0,0,0,0,4,1,6,1,39,7,2362,1,13,-1,1,-1
201501FH10564,2,8,0,12,0,0,0,0,0,0,3,1,1,1,48,8,1497,8,7,-1,1,-1
201501FH10565,1,9,0,18,0,0,0,0,0,0,3,1,6,1,64,9,1796,1,11,-1,1,-1
201501FH10565,2,5,0,18,0,0,0,0,0,0,2,1,6,1,25,5,599,1,8,-1,1,-1
201501FH10566,1,9,0,18,0,8,0,0,0,0,1,1,6,1,62,9,1398,1,13,-1,1,-1
201501FH10567,1,8,0,10,0,8,0,0,0,0,2,1,6,1,59,9,1797,8,5,-1,1,-1
201501FH10567,2,3,0,16,0,8,0,0,0,0,1,1,6,1,20,4,125,1,8,-1,1,-1
201501FH10568,1,11,0,4,0,8,0,0,0,0,0,1,6,1,34,6,1968,2,4,-1,1,-1
201501FH10569,1,9,0,4,0,1,0,0,0,0,1,1,6,1,27,6,-1,-1,-1,-1,1,-1
201501FH10569,2,1,0,18,0,1,0,0,0,0,1,1,6,1,41,7,-1,-1,-1,-1,1,-1