Accident_Index,Vehicle_Reference,Vehicle_Type,Towing_and_Articulation,Vehicle_Manoeuvre,Vehicle_Location-Restricted_Lane,Junction_Location,Skidding_and_Overturning,Hit_Object_in_Carriageway,Vehicle_Leaving_Carriageway,Hit_Object_off_Carriageway,1st_Point_of_Impact,Was_Vehicle_Left_Hand_Drive?,Journey_Purpose_of_Driver,Sex_of_Driver,Age_of_Driver,Age_Band_of_Driver,Engine_Capacity_(CC),Propulsion_Code,Age_of_Vehicle,Driver_IMD_Decile,Driver_Home_Area_Type,Vehicle_IMD_Decile
201501GD10061,2,9,0,9,0,8,0,0,0,0,3,1,6,1,-1,-1,1560,2,1,-1,1,-1
201501GD10062,1,3,0,15,2,2,0,0,0,0,3,1,6,2,39,7,124,1,11,-1,1,-1
201501GD10062,2,19,0,7,0,2,0,0,0,0,4,1,1,1,24,5,2287,2,3,-1,1,-1
201501GD10064,1,8,0,9,0,8,0,0,0,0,3,1,1,1,60,9,2402,2,11,-1,1,-1
201501GD10064,2,1,0,18,0,8,0,0,0,0,1,1,6,1,39,7,-1,-1,-1,-1,-1,-1
201501GD10065,1,9,0,18,0,2,0,0,0,0,1,1,6,3,-1,-1,-1,-1,-1,-1,-1,-1
201501GD10067,1,9,0,18,0,8,0,0,0,0,4,1,1,1,50,8,1995,2,2,-1,1,-1
201501GD10067,2,9,0,9,0,8,0,0,0,0,4,1,1,1,30,6,1997,2,5,-1,1,-1
201501GD10068,1,19,0,9,0,8,0,0,0,0,3,1,1,1,22,5,1753,2,3,-1,1,-1
201501GD10068,2,3,0,18,0,8,1,0,0,0,1,1,6,1,50,8,125,1,3,-1,1,-1
201501GD10069,1,4,0,18,0,0,0,0,0,0,3,1,6,2,46,8,-1,-1,-1,-1,1,-1
201501GD10070,1,1,0,18,0,2,0,0,0,0,1,1,6,1,33,6,-1,-1,-1,-1,1,-1
201501GD10070,2,9,0,6,0,2,0,0,0,0,2,1,6,3,-1,-1,-1,-1,-1,-1,-1,-1
201501GD10071,1,1,0,18,0,1,0,0,0,0,1,1,6,1,33,6,-1,-1,-1,-1,1,-1
201501GD10074,1,19,0,9,0,0,0,0,0,0,2,1,1,1,23,5,2402,2,13,-1,1,-1
201501GD10074,2,9,0,18,0,0,0,0,0,0,1,1,6,3,-1,-1,-1,-1,-1,-1,-1,-1
201501GD10075,1,9,0,5,0,1,0,0,0,0,2,1,6,1,31,6,1753,2,8,-1,1,-1
201501GD10075,2,9,0,5,0,1,0,0,0,0,1,1,6,1,25,5,-1,-1,-1,-1,1,-1
201501GD10076,1,9,0,4,0,1,0,0,0,0,1,1,6,1,67,10,1596,1,8,-1,1,-1
201501GD10077,1,1,0,18,9,8,0,0,0,0,3,1,6,2,8,2,-1,-1,-1,-1,1,-1
201501GD10077,2,9,0,18,0,8,0,0,0,0,1,1,6,3,-1,-1,-1,-1,-1,-1,-1,-1
201501GD10078,1,2,0,4,0,0,0,0,0,0,1,1,1,1,70,10,49,1,6,-1,1,-1
201501GD10078,2,9,0,1,0,0,0,0,0,0,2,1,6,1,-1,-1,2179,2,6,-1,1,-1
201501GD10079,1,9,0,3,0,1,0,0,0,0,2,1,1,2,29,6,2987,2,6,-1,1,-1
201501GD10079,2,9,0,18,0,1,0,0,0,0,1,1,6,1,35,6,-1,-1,-1,-1,1,-1
201501GD10081,1,19,0,7,0,8,0,0,0,0,4,1,1,1,32,6,2402,2,4,-1,1,-1
201501GD10081,2,1,0,15,0,8,1,0,0,0,1,1,6,1,35,6,-1,-1,-1,-1,1,-1
201501GD10083,1,9,0,4,0,2,0,0,0,0,4,1,6,3,-1,-1,-1,-1,-1,-1,-1,-1
201501GD10084,1,19,0,18,0,8,0,0,0,0,1,1,1,1,50,8,2198,2,1,-1,1,-1
201501GD10084,2,1,0,18,0,8,0,0,0,0,3,1,6,2,37,7,-1,-1,-1,-1,1,-1
201501GD10086,1,9,0,3,0,0,0,4,0,0,1,1,6,2,50,8,998,1,2,-1,1,-1
201501GD10086,2,9,0,18,0,0,0,0,0,0,1,1,6,3,-1,-1,1598,2,1,-1,-1,-1
201501GD10086,3,9,0,2,0,0,0,0,0,0,3,1,6,1,46,8,1595,1,12,-1,1,-1
201501GD10087,1,3,0,15,2,0,0,0,0,0,3,1,1,1,37,7,599,1,11,-1,1,-1
201501GD10087,2,19,0,9,0,0,0,0,0,0,3,1,1,1,35,6,1968,2,1,-1,-1,-1
201501GD10088,1,19,0,9,0,1,0,0,0,0,4,1,1,1,41,7,-1,-1,-1,-1,1,-1
201501GD10088,2,1,0,18,0,2,0,0,0,0,1,1,6,2,31,6,-1,-1,-1,-1,1,-1
201501GD10089,1,19,0,4,0,1,0,0,0,0,4,1,1,1,68,10,-1,-1,-1,-1,1,-1
201501GD10090,1,11,0,4,0,1,0,0,0,0,0,1,1,1,46,8,-1,-1,-1,-1,1,-1
201501GD10091,1,9,0,6,0,1,0,0,0,0,3,1,6,1,51,8,1343,1,11,-1,1,-1
201501GD10091,2,3,0,14,0,1,0,0,0,0,1,1,6,1,18,4,124,1,4,-1,-1,-1
201501GD10092,1,9,0,9,0,8,0,0,0,0,1,1,6,1,27,6,1781,1,16,-1,1,-1
201501GD10092,2,9,0,18,0,8,0,0,0,0,3,1,6,1,49,8,1896,2,12,-1,1,-1
201501GD10093,1,9,0,6,0,1,0,0,0,0,3,1,6,1,33,6,1796,1,11,-1,1,-1
201501GD10093,2,2,0,14,0,1,1,0,0,0,1,1,6,1,-1,-1,49,1,3,-1,1,-1
201501GD10096,1,9,0,18,0,8,0,0,0,0,1,1,6,2,-1,-1,1598,1,12,-1,-1,-1
201501GD10096,2,1,0,18,0,8,0,0,0,0,4,1,6,2,33,6,-1,-1,-1,-1,1,-1
201501GD10097,1,11,0,5,0,1,0,0,0,0,0,1,1,1,43,7,6692,2,2,-1,1,-1
201501GD10100,1,9,0,18,0,8,0,0,0,0,3,1,1,1,50,8,1797,8,5,-1,1,-1
201501GD10100,2,9,0,9,0,8,0,0,0,0,1,1,6,3,-1,-1,1995,2,8,-1,-1,-1
201501GD10101,1,9,0,9,0,8,0,0,0,0,4,1,6,1,29,6,1596,1,9,-1,1,-1
201501GD10101,2,1,0,15,0,8,0,0,0,0,1,1,6,1,34,6,-1,-1,-1,-1,1,-1
201501GD10102,1,19,0,18,0,8,0,0,0,0,4,1,6,1,44,7,1560,2,4,-1,1,-1
201501GD10102,2,19,0,18,0,8,0,0,0,0,1,1,6,1,52,8,1248,2,10,-1,1,-1
201501GD10106,1,9,0,18,0,8,0,0,0,0,3,1,6,1,32,6,1995,2,8,-1,1,-1
201501GD10106,2,19,0,9,0,8,0,0,0,0,1,1,6,1,25,5,1149,7,14,-1,-1,-1
201501GD10107,1,9,0,18,0,2,0,0,0,0,1,1,6,3,-1,-1,-1,-1,-1,-1,-1,-1
201501GD10107,2,8,0,18,0,2,0,0,0,0,3,1,6,3,-1,-1,-1,-1,-1,-1,-1,-1
201501GD10108,1,9,0,18,0,1,0,0,0,0,1,1,6,1,30,6,1995,1,5,-1,1,-1
201501GD10111,1,3,0,18,0,2,0,0,0,0,3,1,6,1,35,6,125,1,-1,-1,1,-1
201501GD10111,2,9,0,13,0,2,0,0,0,0,4,1,6,3,-1,-1,-1,-1,-1,-1,-1,-1
201501GD10112,1,9,0,3,0,1,0,0,0,0,2,1,6,1,55,8,1997,2,6,-1,1,-1
201501GD10112,2,9,0,18,0,1,0,0,0,0,2,1,6,1,-1,-1,-1,-1,-1,-1,-1,-1
201501GD10113,1,3,0,13,0,8,1,0,0,0,1,1,6,1,22,5,125,1,3,-1,1,-1
201501GD10113,2,9,0,5,0,8,0,0,0,0,3,1,6,1,44,7,1896,2,10,-1,1,-1
201501GD10115,1,9,0,18,0,8,0,0,0,0,1,1,6,1,23,5,-1,-1,-1,-1,1,-1
201501GD10116,1,9,0,9,0,8,0,0,0,0,4,1,6,2,50,8,-1,-1,-1,-1,1,-1
201501GD10116,2,1,0,18,0,8,0,0,0,0,1,1,6,1,34,6,-1,-1,-1,-1,1,-1
201501GD10117,1,9,0,9,0,2,0,4,0,0,1,1,6,1,48,8,1149,1,15,-1,1,-1
201501GD10117,2,19,0,2,0,2,0,0,0,0,3,1,6,3,-1,-1,2198,2,3,-1,-1,-1
201501GD10117,3,4,0,2,0,2,0,0,0,0,1,1,6,3,-1,-1,-1,-1,-1,-1,-1,-1
201501GD10117,4,9,0,2,0,2,0,0,0,0,1,1,6,3,-1,-1,-1,-1,-1,-1,-1,-1
201501GD10118,1,1,0,18,0,8,0,0,0,0,3,1,6,1,36,7,-1,-1,-1,-1,1,-1
201501GD10118,2,9,0,9,0,8,0,0,0,0,1,1,6,2,30,6,1686,2,6,-1,1,-1
201501GD10119,1,9,0,18,0,1,0,0,0,0,3,1,6,3,-1,-1,1968,2,2,-1,-1,-1
201501GD10120,1,9,0,3,0,1,0,0,0,0,3,1,2,2,34,6,1794,1,11,-1,1,-1
201501GD10120,2,9,0,3,0,1,0,0,0,0,4,1,6,1,19,4,1896,2,14,-1,1,-1
201501GD10120,3,1,0,14,0,1,0,8,0,0,1,1,6,1,45,7,-1,-1,-1,-1,1,-1
201501GD10121,1,3,0,14,0,8,0,0,0,0,1,1,6,1,20,4,124,1,3,-1,1,-1
201501GD10121,2,9,0,9,0,8,0,0,0,0,3,1,6,2,34,6,1598,1,13,-1,1,-1
201501GD10122,1,19,0,9,0,8,0,0,0,0,4,1,1,1,33,6,1896,2,7,-1,1,-1
201501GD10122,2,1,0,10,0,8,0,0,0,0,3,1,6,2,36,7,-1,-1,-1,-1,1,-1
201501GD10123,1,9,0,7,0,8,0,0,0,0,1,1,6,1,28,6,1339,8,5,-1,1,-1
201501GD10123,2,1,0,7,0,8,0,0,0,0,2,1,6,2,38,7,-1,-1,-1,-1,1,-1
201501GD10124,1,4,0,3,0,1,0,0,0,0,1,1,2,1,35,6,-1,-1,-1,-1,1,-1
201501GD10124,2,9,0,1,0,1,0,0,0,0,2,1,6,2,30,6,1560,2,1,-1,-1,-1
201501GD10125,1,9,0,4,0,1,0,0,0,0,2,1,6,2,37,7,-1,-1,-1,-1,1,-1
201501GD10125,2,9,0,18,0,1,0,0,0,0,1,1,6,1,50,8,1896,2,14,-1,1,-1
201501GD10126,1,1,0,18,0,8,0,0,0,0,4,1,1,2,27,6,-1,-1,-1,-1,1,-1
201501GD10126,2,9,0,7,0,8,0,0,0,0,1,1,3,2,37,7,1898,1,13,-1,1,-1
201501GD10128,1,3,0,9,0,0,0,0,0,0,1,1,6,3,-1,-1,-1,-1,-1,-1,-1,-1
201501GD10129,1,9,0,18,0,0,0,0,0,0,1,1,6,2,30,6,1242,1,13,-1,1,-1
201501GD10130,1,9,0,9,0,8,0,0,0,0,4,1,1,1,55,8,1995,2,13,-1,1,-1
201501GD10130,2,1,0,18,0,8,0,0,0,0,1,1,6,1,27,6,-1,-1,-1,-1,1,-1
201501GD10131,1,9,0,10,0,8,0,0,0,0,4,1,6,1,57,9,-1,-1,-1,-1,1,-1
201501GD10131,2,1,0,18,0,8,0,0,0,0,1,1,6,1,29,6,-1,-1,-1,-1,1,-1
201501GD10132,1,9,0,9,4,1,0,0,0,0,4,1,2,1,34,6,1956,2,1,-1,1,-1
201501GD10132,2,1,0,15,0,2,0,0,0,0,1,1,2,1,35,6,-1,-1,-1,-1,1,-1
201501GD10133,1,8,0,18,0,8,0,0,0,0,1,1,1,1,39,7,1329,1,6,-1,1,-1
201501GD10133,2,8,0,9,0,8,0,0,0,0,4,1,2,1,40,7,1686,2,4,-1,1,-1
201501GD10134,1,1,5,4,0,1,0,0,0,0,2,1,6,1,43,7,-1,-1,-1,-1,1,-1
201501GD10134,2,9,0,18,0,1,0,0,0,0,1,1,6,1,47,8,1198,1,3,-1,1,-1
201501GD10135,1,3,0,18,0,0,1,0,0,0,1,1,6,1,22,5,124,1,10,-1,1,-1
201501GD10135,2,20,0,2,0,0,0,0,0,0,2,1,1,3,-1,-1,-1,-1,-1,-1,-1,-1
201501GD10135,3,19,0,3,0,0,0,0,0,0,2,1,1,1,27,6,2148,2,7,-1,1,-1
201501GD10136,1,9,0,9,0,8,0,0,0,0,1,1,6,1,46,8,1598,1,5,-1,1,-1
201501GD10136,2,9,0,18,0,8,0,0,0,0,3,1,6,1,37,7,-1,-1,-1,-1,1,-1
201501GD10138,1,9,0,9,0,1,0,0,0,0,3,1,6,1,46,8,1998,2,7,-1,1,-1
201501GD10138,2,3,0,13,0,1,0,0,0,0,1,1,2,1,35,6,124,1,10,-1,1,-1
201501GD10140,1,5,0,18,0,8,0,0,0,0,3,1,6,1,38,7,-1,-1,-1,-1,1,-1
201501GD10140,2,9,0,9,0,8,0,0,0,0,4,1,6,2,28,6,1398,1,3,-1,1,-1
201501GD10141,1,8,0,6,0,1,0,0,0,0,3,1,1,1,54,8,2499,2,7,-1,-1,-1
201501GD10141,2,3,0,18,0,1,0,0,0,0,1,1,1,1,30,6,125,1,4,-1,-1,-1
201501GD10142,1,9,0,9,0,8,0,0,0,0,1,1,6,1,28,6,-1,-1,-1,-1,1,-1
201501GD10142,2,9,0,18,0,8,0,0,0,0,3,1,6,2,31,6,1995,2,4,-1,1,-1
201501GD10143,1,4,0,14,0,1,0,0,0,0,1,1,6,1,26,6,114,1,1,-1,1,-1
201501GD10144,1,3,0,14,0,8,0,0,0,0,1,1,1,1,32,6,108,1,1,-1,1,-1
201501GD10144,2,9,0,9,0,8,0,0,0,0,3,1,6,1,36,7,1196,1,18,-1,1,-1
201501GD10145,1,11,0,9,0,8,0,0,0,0,1,1,1,1,77,11,4461,2,1,-1,1,-1
201501GD10145,2,19,0,18,0,8,0,0,0,0,3,1,6,1,46,8,-1,-1,-1,-1,1,-1
201501GD10147,1,1,0,10,0,1,0,0,0,0,1,1,6,1,29,6,-1,-1,-1,-1,1,-1
201501GD10147,2,9,0,17,0,8,0,0,0,0,1,1,6,3,-1,-1,1686,2,2,-1,-1,-1
201501GD10148,1,9,0,14,0,2,0,0,0,0,1,1,6,2,29,6,1242,1,11,-1,3,-1
201501GD10149,1,1,0,18,0,8,0,0,0,0,1,1,6,1,35,6,-1,-1,-1,-1,1,-1
201501GD10150,1,9,0,15,4,2,0,0,0,0,3,1,2,2,25,5,-1,-1,-1,-1,1,-1
201501GD10150,2,19,0,7,0,2,0,0,0,0,4,1,1,1,-1,-1,-1,-1,-1,-1,-1,-1
201501GD10153,1,9,0,18,0,2,0,0,0,0,1,1,6,2,20,4,1242,1,9,-1,1,-1
201501GD10153,2,9,0,3,0,2,0,0,0,0,2,1,6,2,36,7,2993,2,8,-1,1,-1
201501GD10153,3,9,0,3,0,2,0,0,0,0,2,1,6,1,50,8,1995,2,4,-1,1,-1
201501GD10155,1,9,0,18,0,8,0,0,0,0,3,1,6,1,66,10,2179,2,6,-1,1,-1
201501GD10155,2,11,0,9,0,8,0,0,0,0,1,1,1,1,31,6,12000,2,12,-1,3,-1
201501GD10156,1,1,0,18,0,8,0,0,0,0,4,1,6,2,45,7,-1,-1,-1,-1,1,-1
201501GD10156,2,9,0,9,0,8,0,0,0,0,1,1,6,3,-1,-1,1896,2,5,-1,-1,-1
201501GD10157,1,9,0,4,0,0,0,0,0,0,2,1,6,1,51,8,1796,1,20,-1,1,-1
201501GD10157,2,9,0,18,0,0,0,0,0,0,1,1,6,1,-1,-1,1598,1,7,-1,-1,-1
201501GD10159,1,9,0,18,0,2,0,0,0,0,1,1,6,3,-1,-1,-1,-1,-1,-1,-1,-1
201501GD10160,1,9,0,9,0,2,0,0,0,0,3,1,6,2,24,5,-1,-1,-1,-1,1,-1
201501GD10160,2,3,0,13,0,2,0,0,0,0,1,1,6,3,-1,-1,-1,-1,-1,-1,-1,-1
201501GD10161,1,9,0,18,2,1,0,0,0,0,3,1,6,2,33,6,-1,-1,-1,-1,1,-1
201501GD10161,2,8,0,4,0,2,0,0,0,0,3,1,1,1,35,6,-1,-1,-1,-1,1,-1
201501GD10161,3,8,0,18,0,2,0,0,0,0,4,1,6,1,48,8,2499,2,8,-1,1,-1
201501GD10162,1,11,0,5,0,0,0,0,0,0,0,1,1,1,27,6,-1,-1,-1,-1,1,-1
201501GD10163,1,8,0,5,0,8,0,0,0,0,4,1,6,1,52,8,1997,2,6,-1,1,-1
201501GD10163,2,1,0,15,0,8,0,0,0,0,1,1,2,1,27,6,-1,-1,-1,-1,1,-1
201501GD10164,1,3,0,14,0,1,0,0,0,0,1,1,2,1,57,9,108,1,2,-1,1,-1
201501GD10165,1,9,0,9,0,8,0,0,0,0,3,1,6,2,44,7,-1,-1,-1,-1,1,-1
201501GD10165,2,3,0,14,0,8,0,0,0,0,1,1,6,1,17,4,124,1,7,-1,1,-1
201501GD10167,1,9,0,18,0,1,0,0,0,0,4,1,6,1,35,6,1198,1,7,-1,1,-1
201501GD10167,2,9,0,12,0,1,0,0,0,0,3,1,6,3,-1,-1,-1,-1,-1,-1,-1,-1
201501GD10168,1,9,0,18,0,8,0,0,0,0,4,1,6,1,32,6,2993,2,4,-1,1,-1
201501GD10168,2,9,0,9,0,8,0,0,0,0,1,1,6,3,-1,-1,2354,1,12,-1,-1,-1
201501GD10170,1,8,0,18,0,8,0,0,0,0,4,1,2,1,49,8,1998,2,4,-1,1,-1
201501GD10170,2,3,0,18,0,8,0,0,0,0,1,1,6,1,28,6,125,1,1,-1,-1,-1
201501GD10172,1,1,0,15,4,8,0,0,0,0,3,1,2,1,35,6,-1,-1,-1,-1,1,-1
201501GD10172,2,9,0,7,0,8,0,0,0,0,4,1,6,3,-1,-1,1598,2,1,-1,-1,-1
201501GD10173,1,9,0,18,0,8,0,0,0,0,1,1,6,1,-1,-1,-1,-1,-1,-1,1,-1
201501GD10173,2,1,0,18,0,8,0,0,0,0,1,1,2,1,36,7,-1,-1,-1,-1,1,-1
201501GD10174,1,9,0,9,0,8,0,0,0,0,1,1,6,1,27,6,1364,1,11,-1,-1,-1
201501GD10174,2,1,0,18,0,8,0,0,0,0,1,1,6,2,31,6,-1,-1,-1,-1,1,-1
201501GD10175,1,5,0,18,0,2,0,0,0,0,1,1,1,1,29,6,600,1,3,-1,1,-1
201501GD10176,1,11,0,18,0,0,0,0,0,0,2,1,1,1,35,6,-1,-1,-1,-1,1,-1
201501GD10176,2,19,0,18,0,0,0,0,0,0,4,1,1,1,50,8,2198,2,2,-1,1,-1
201501GD10176,3,9,0,18,0,0,0,0,0,0,1,1,6,1,64,9,-1,-1,-1,-1,1,-1
201501GD10177,1,20,0,18,0,8,0,0,0,0,4,1,1,1,36,7,-1,-1,-1,-1,3,-1
201501GD10178,1,9,0,18,0,0,0,0,0,0,3,1,6,3,-1,-1,-1,-1,-1,-1,-1,-1
201501GD10179,1,3,0,4,0,8,0,0,0,0,3,1,2,1,36,7,125,1,6,-1,1,-1
201501GD10179,2,9,0,9,0,8,0,0,0,0,1,1,6,1,-1,-1,-1,-1,-1,-1,1,-1
201501GD10180,1,3,0,9,0,8,0,0,0,0,4,1,2,1,30,6,125,1,3,-1,1,-1
201501GD10180,2,1,0,18,0,8,0,0,0,0,1,1,6,2,28,6,-1,-1,-1,-1,1,-1
201501GD10181,1,1,0,18,0,2,0,0,0,0,2,1,6,2,28,6,-1,-1,-1,-1,-1,-1
201501GD10181,2,19,0,18,0,2,0,0,0,0,1,1,6,1,-1,-1,1998,2,15,-1,-1,-1
201501GD10182,1,11,0,18,0,1,0,0,0,0,0,1,1,1,44,7,9000,2,6,-1,1,-1
201501GD10183,1,19,0,18,0,1,0,0,0,0,1,1,6,3,-1,-1,-1,-1,-1,-1,-1,-1
201501GD10185,1,3,0,18,0,1,1,0,0,0,1,1,6,1,51,8,125,1,2,-1,1,-1
201501GD10185,2,1,0,4,0,1,0,0,0,0,2,1,6,2,7,2,-1,-1,-1,-1,-1,-1
201501GD10186,1,9,0,18,0,0,0,0,0,0,4,1,6,3,-1,-1,-1,-1,-1,-1,-1,-1
201501GD10187,1,9,0,18,0,2,0,0,0,0,4,1,6,2,29,6,1596,1,10,-1,1,-1
201501GD10187,2,9,0,9,0,1,0,0,0,0,1,1,6,3,-1,-1,-1,-1,-1,-1,-1,-1
201501GD10189,1,9,0,9,0,8,0,0,0,0,3,1,1,2,69,10,1798,1,7,-1,3,-1
201501GD10189,2,3,0,14,0,8,0,0,0,0,1,1,1,1,23,5,102,1,8,-1,1,-1
201501GD10191,1,9,0,18,0,2,0,8,0,0,1,1,6,1,61,9,1598,1,11,-1,1,-1
201501GD10191,2,9,0,2,0,2,0,0,0,0,3,1,6,2,-1,-1,998,1,4,-1,-1,-1
201501GD10192,1,9,0,9,0,8,0,0,0,0,3,1,6,1,23,5,-1,-1,-1,-1,1,-1
201501GD10192,2,8,0,18,0,8,0,0,0,0,1,1,1,1,51,8,1997,2,3,-1,1,-1
201501GD10194,1,9,0,18,0,2,0,0,0,0,2,1,6,2,35,6,1956,2,4,-1,1,-1
201501GD10194,2,2,0,18,0,2,0,0,0,0,1,1,1,1,37,7,102,1,8,-1,1,-1
201501GD10195,1,9,0,9,0,0,0,0,0,0,3,1,6,1,42,7,1998,1,12,-1,1,-1
201501GD10195,2,9,0,1,0,0,0,0,0,0,2,1,6,3,-1,-1,1598,1,6,-1,-1,-1
201501GD10196,1,11,0,5,0,1,0,0,0,0,0,1,1,1,33,6,6700,2,5,-1,1,-1
201501GD10199,1,9,0,9,0,8,0,0,0,0,3,1,6,1,41,7,1598,1,10,-1,1,-1
201501GD10199,2,3,0,14,0,8,0,0,0,0,1,1,6,1,41,7,125,1,3,-1,1,-1
201501GD10201,1,19,0,7,0,8,0,0,0,0,4,1,1,1,32,6,2198,2,2,-1,1,-1
201501GD10201,2,1,0,15,0,8,0,0,0,0,3,1,6,1,30,6,-1,-1,-1,-1,-1,-1
201501GD10202,1,9,0,9,0,8,0,0,0,0,1,1,2,1,42,7,1798,8,3,-1,1,-1
201501GD10202,2,1,0,18,0,8,0,0,0,0,1,1,6,1,19,4,-1,-1,-1,-1,1,-1
201501GD10203,1,11,0,5,0,0,0,0,0,0,1,1,1,1,64,9,4760,2,4,-1,1,-1
201501GD10205,1,1,0,18,0,1,0,0,0,0,1,1,6,1,34,6,-1,-1,-1,-1,1,-1
201501GD10206,1,11,0,5,0,2,0,0,0,0,0,1,1,1,51,8,9360,2,5,-1,1,-1
201501GD10207,1,19,0,18,0,0,0,0,0,0,2,1,1,1,21,5,1560,2,-1,-1,1,-1
201501GD10207,2,9,0,18,0,0,0,0,0,0,1,1,6,1,50,8,1598,1,2,-1,2,-1
201501GD10207,3,9,0,18,0,0,0,0,0,0,1,1,2,1,22,5,898,1,-1,-1,1,-1
201501GD10208,1,9,0,3,0,1,0,0,0,0,2,1,6,2,43,7,1598,1,12,-1,1,-1
201501GD10208,2,19,0,18,0,1,0,0,0,0,1,1,1,1,38,7,2461,2,6,-1,1,-1
201501GD10211,1,1,0,18,0,2,0,0,0,0,2,1,6,1,33,6,-1,-1,-1,-1,1,-1
201501GD10212,1,11,0,9,0,1,0,0,0,0,0,1,1,1,62,9,6692,2,6,-1,-1,-1
201501GD10213,1,9,0,4,0,1,0,0,0,0,2,1,1,1,39,7,1968,2,4,-1,1,-1
201501GD10213,2,9,0,18,0,1,0,0,0,0,1,1,1,1,63,9,1998,1,8,-1,1,-1
201501GD10215,1,8,0,18,0,8,0,0,0,0,1,1,1,1,38,7,1497,8,6,-1,-1,-1
201501GD10215,2,9,0,18,0,8,0,0,0,0,4,1,6,1,-1,-1,1108,1,18,-1,1,-1
201501GD10217,1,3,0,14,0,1,1,0,0,0,3,1,6,1,26,6,124,1,3,-1,1,-1
201501GD10217,2,9,0,9,0,8,0,0,0,0,0,1,6,1,-1,-1,1497,8,8,-1,1,-1
201501GD10218,1,3,0,15,2,8,0,0,0,0,1,1,6,1,43,7,244,1,12,-1,1,-1
201501GD10218,2,9,0,9,0,8,0,0,0,0,4,1,6,2,34,6,2926,2,14,-1,1,-1
201501GD10219,1,9,0,9,0,2,0,0,0,0,1,1,6,1,20,4,1388,1,11,-1,1,-1
201501GD10220,1,9,0,9,0,1,0,0,0,0,1,1,6,1,59,9,2156,1,20,-1,1,-1
201501GD10220,2,9,0,18,0,2,0,0,0,0,1,1,6,1,37,7,1796,1,12,-1,1,-1
201501GD10220,3,9,0,18,0,2,0,0,0,0,3,1,6,2,43,7,1229,1,8,-1,1,-1
201501GD10221,1,9,0,9,0,8,0,0,0,0,4,1,6,1,38,7,2720,2,6,-1,1,-1
201501GD10221,2,9,0,18,0,8,0,0,0,0,3,1,1,1,32,6,-1,-1,-1,-1,-1,-1
201501GD10222,1,5,0,15,0,2,0,0,0,0,1,1,6,1,56,9,-1,-1,-1,-1,1,-1
201501GD10222,2,19,0,9,0,1,0,0,0,0,4,1,1,1,22,5,-1,-1,-1,-1,1,-1
201501GD10223,1,1,0,3,0,1,0,0,0,0,2,1,6,2,29,6,-1,-1,-1,-1,1,-1
201501GD10223,2,9,0,18,0,1,0,0,0,0,1,1,6,2,-1,-1,-1,-1,-1,-1,-1,-1
201501GD10225,1,1,0,18,0,0,0,0,0,0,2,1,6,1,19,4,-1,-1,-1,-1,1,-1
201501GD10225,2,9,0,18,0,0,0,0,0,0,1,1,6,2,-1,-1,1149,1,12,-1,-1,-1
201501GD10227,1,9,0,18,0,8,0,0,0,0,3,1,1,1,30,6,2143,2,3,-1,1,-1
201501GD10227,2,1,0,9,0,8,0,0,0,0,1,1,6,1,28,6,-1,-1,-1,-1,1,-1
201501GD10228,1,20,0,18,0,1,0,8,0,0,4,1,1,1,50,8,2143,2,3,-1,2,-1
201501GD10228,2,9,0,2,0,1,0,0,0,0,3,1,6,1,26,6,1995,2,2,-1,1,-1
201501GD10229,1,1,0,18,4,1,0,0,0,0,2,1,6,1,47,8,-1,-1,-1,-1,1,-1
201501GD10229,2,9,0,18,0,1,0,0,0,0,1,1,6,3,-1,-1,-1,-1,-1,-1,-1,-1
201501GD10231,1,9,0,18,0,8,0,0,0,0,1,1,6,1,59,9,1497,8,7,-1,1,-1
201501GD10231,2,1,0,18,0,8,0,0,0,0,4,1,6,1,31,6,-1,-1,-1,-1,1,-1
201501GD10232,1,9,0,18,0,2,0,0,3,10,1,1,6,1,23,5,-1,-1,-1,-1,1,-1
201501GD10233,1,11,0,18,2,0,0,0,0,0,1,1,1,1,20,4,-1,-1,-1,-1,-1,-1
201501GD10234,1,9,0,7,0,8,0,0,0,0,4,1,1,1,30,6,875,1,3,-1,1,-1
201501GD10234,2,1,0,15,0,1,0,0,0,0,1,1,6,1,33,6,-1,-1,-1,-1,1,-1
201501GD10235,1,3,0,14,0,0,0,0,0,0,1,1,6,1,31,6,-1,-1,-1,-1,1,-1
201501GD10235,2,9,0,9,2,0,0,0,0,0,4,1,1,1,36,7,-1,-1,-1,-1,1,-1
201501GD10236,1,9,0,18,0,1,0,0,0,0,1,1,6,3,-1,-1,-1,-1,-1,-1,-1,-1
201501GD10237,1,9,0,9,0,8,0,0,0,0,4,1,6,1,31,6,1995,2,5,-1,1,-1
201501GD10238,1,9,0,1,0,1,0,4,0,0,2,1,6,1,17,4,1598,2,4,-1,1,-1
201501GD10238,2,8,0,2,0,1,0,0,0,0,1,1,1,1,48,8,1896,2,8,-1,1,-1
201501GD10239,1,9,0,10,0,1,0,0,0,0,4,1,6,1,30,6,1124,1,12,-1,1,-1
201501GD10239,2,9,0,15,0,1,0,0,0,0,3,1,6,3,-1,-1,2497,1,9,-1,-1,-1
201501GD10240,1,9,0,7,0,2,0,0,0,0,3,1,6,3,-1,-1,-1,-1,-1,-1,-1,-1
201501GD10241,1,9,0,7,0,8,0,0,0,0,2,1,6,2,42,7,1596,1,6,-1,1,-1
201501GD10241,2,9,0,18,0,1,0,0,0,0,1,1,6,3,-1,-1,1390,1,11,-1,-1,-1
201501GD10242,1,9,0,4,0,0,0,0,0,0,2,1,6,1,52,8,1997,2,6,-1,-1,-1
201501GD10242,2,1,0,18,0,0,0,0,0,0,1,1,6,1,21,5,-1,-1,-1,-1,1,-1
201501GD10243,1,3,0,9,0,8,0,0,0,0,3,1,6,1,26,6,125,1,6,-1,-1,-1
201501GD10243,2,3,0,13,0,8,0,0,0,0,1,1,6,1,37,7,125,1,-1,-1,1,-1
201501GD10244,1,11,0,18,0,2,0,0,0,0,1,1,1,1,25,5,4500,2,3,-1,1,-1