Accident_Index,Vehicle_Reference,Vehicle_Type,Towing_and_Articulation,Vehicle_Manoeuvre,Vehicle_Location-Restricted_Lane,Junction_Location,Skidding_and_Overturning,Hit_Object_in_Carriageway,Vehicle_Leaving_Carriageway,Hit_Object_off_Carriageway,1st_Point_of_Impact,Was_Vehicle_Left_Hand_Drive?,Journey_Purpose_of_Driver,Sex_of_Driver,Age_of_Driver,Age_Band_of_Driver,Engine_Capacity_(CC),Propulsion_Code,Age_of_Vehicle,Driver_IMD_Decile,Driver_Home_Area_Type,Vehicle_IMD_Decile
201501HT20108,2,9,0,9,0,2,0,0,0,0,1,1,6,3,-1,-1,-1,-1,-1,-1,-1,-1
201501HT20109,1,8,0,18,2,1,0,0,0,0,1,1,1,1,49,8,2499,2,1,-1,1,-1
201501HT20110,1,9,0,18,0,1,0,0,0,0,1,1,6,1,29,6,1598,1,2,-1,1,-1
201501HT20111,1,5,0,18,0,2,0,0,0,0,1,1,6,1,48,8,600,1,10,-1,1,-1
201501HT20112,1,1,0,18,0,8,0,0,0,0,4,1,2,2,30,6,-1,-1,-1,-1,1,-1
201501HT20112,2,9,0,16,0,8,0,0,0,0,1,1,6,1,51,8,1988,1,14,-1,-1,-1
201501HT20115,1,4,0,18,0,2,0,0,0,0,1,1,6,1,20,4,249,1,3,-1,1,-1
201501HT20117,1,9,0,18,0,8,0,0,0,0,4,1,2,2,56,9,1598,1,12,-1,1,-1
201501HT20117,2,9,0,7,0,8,0,0,0,0,1,1,6,2,-1,-1,-1,-1,-1,-1,-1,-1
201501HT20118,1,9,0,3,0,1,0,0,0,0,2,1,6,1,28,6,1796,1,4,-1,1,-1
201501HT20118,2,19,0,5,0,1,0,0,0,0,1,1,1,1,48,8,-1,-1,-1,-1,-1,-1
201501HT20119,1,9,0,18,0,1,0,0,0,0,4,1,6,1,30,6,2720,2,6,-1,1,-1
201501HT20119,2,9,0,12,0,1,0,0,0,0,3,1,6,1,-1,-1,1995,2,1,-1,-1,-1
201501HT20120,1,5,0,18,0,8,0,0,0,0,1,1,1,1,28,6,999,1,6,-1,-1,-1
201501HT20120,2,8,0,9,0,8,0,0,0,0,4,1,1,1,60,9,2402,2,9,-1,1,-1
201501HT20121,1,8,0,9,0,8,0,0,0,0,1,1,1,1,61,9,1997,2,4,-1,1,-1
201501HT20122,1,9,0,18,0,1,0,0,0,0,3,1,6,1,42,7,1910,2,5,-1,1,-1
201501HT20123,1,9,0,9,0,8,0,0,0,0,4,1,6,1,34,6,-1,-1,-1,-1,1,-1
201501HT20123,2,1,0,18,0,8,0,0,0,0,1,1,6,1,53,8,-1,-1,-1,-1,1,-1
201501HT20124,1,3,0,7,0,2,0,0,0,0,4,1,1,1,29,6,125,1,2,-1,1,-1
201501HT20124,2,9,0,7,0,2,0,0,0,0,3,1,6,1,56,9,996,1,1,-1,1,-1
201501HT20125,1,4,0,18,0,8,1,0,0,0,1,1,1,1,34,6,124,1,1,-1,1,-1
201501HT20125,2,9,0,9,0,8,0,0,0,0,4,1,6,1,39,7,1794,1,13,-1,1,-1
201501HT20126,1,9,0,14,0,2,0,0,0,0,3,1,2,1,49,8,-1,-1,-1,-1,1,-1
201501HT20126,2,1,0,18,0,2,0,0,0,0,4,1,6,2,44,7,-1,-1,-1,-1,1,-1
201501HT20127,1,19,0,12,0,1,0,0,0,0,4,1,1,1,26,6,2198,2,3,-1,1,-1
201501HT20127,2,19,0,12,0,1,0,0,0,0,3,1,6,1,31,6,-1,-1,-1,-1,1,-1
201501HT20128,1,9,0,9,0,8,0,0,0,0,4,1,1,1,38,7,1896,2,11,-1,1,-1
201501HT20128,2,1,0,18,0,8,0,0,0,0,1,1,2,1,30,6,-1,-1,-1,-1,1,-1
201501HT20130,1,9,0,4,0,1,0,0,0,0,2,1,6,1,37,7,1984,1,14,-1,-1,-1
201501HT20130,2,3,0,18,0,1,0,0,0,0,1,1,6,1,36,7,125,1,4,-1,1,-1
201501HT20132,1,2,0,14,0,8,0,0,0,0,1,1,6,1,24,5,125,1,2,-1,1,-1
201501HT20132,2,9,0,9,0,8,0,0,0,0,3,1,6,1,35,6,1796,1,8,-1,1,-1
201501HT20133,1,1,0,4,0,1,0,0,0,0,4,1,2,1,30,6,-1,-1,-1,-1,1,-1
201501HT20133,2,8,0,12,0,1,0,0,0,0,3,1,6,3,-1,-1,-1,-1,-1,-1,-1,-1
201501HT20134,1,1,0,18,4,8,0,0,0,0,4,1,6,1,32,6,-1,-1,-1,-1,1,-1
201501HT20134,2,8,0,9,0,8,0,0,0,0,1,1,6,1,-1,-1,2499,2,5,-1,1,-1
201501HT20135,1,11,0,14,0,2,0,0,0,0,0,1,1,1,34,6,4500,2,1,-1,1,-1
201501HT20136,1,9,0,18,0,0,0,0,0,0,2,1,6,1,35,6,2143,2,4,-1,1,-1
201501HT20136,2,9,0,18,0,0,0,0,0,0,1,1,6,3,-1,-1,-1,-1,-1,-1,-1,-1
201501HT20137,1,9,0,18,0,8,0,0,0,0,4,1,6,3,-1,-1,-1,-1,-1,-1,-1,-1
201501HT20138,1,3,0,18,0,8,0,0,0,0,1,1,6,1,23,5,125,1,7,-1,1,-1
201501HT20138,2,9,0,9,0,8,0,0,0,0,4,1,6,3,-1,-1,-1,-1,-1,-1,-1,-1
201501HT20139,1,9,0,7,0,0,0,0,0,0,3,1,6,1,41,7,1229,1,10,-1,1,-1
201501HT20139,2,2,0,18,0,0,0,0,0,0,1,1,1,1,43,7,124,1,14,-1,1,-1
201501HT20142,1,9,0,9,0,8,0,0,0,0,4,1,6,2,54,8,1598,1,9,-1,1,-1
201501HT20142,2,3,0,18,0,8,0,0,0,0,1,1,6,1,-1,-1,125,1,3,-1,1,-1
201501HT20143,1,9,0,1,0,0,0,0,0,0,4,1,6,1,27,6,-1,-1,-1,-1,1,-1
201501HT20143,2,9,0,2,0,0,0,0,0,0,1,1,6,3,-1,-1,-1,-1,-1,-1,-1,-1
201501HT20144,1,3,0,18,0,1,0,0,0,0,1,1,6,3,-1,-1,124,1,16,-1,-1,-1
201501HT20144,2,90,0,18,0,1,0,0,0,0,1,1,6,2,49,8,-1,-1,-1,-1,1,-1
201501HT20145,1,9,0,18,0,2,0,0,0,0,1,1,6,3,-1,-1,1595,1,24,-1,-1,-1
201501HT20146,1,9,0,4,0,2,0,0,0,0,2,1,1,1,55,8,-1,-1,-1,-1,1,-1
201501HT20146,2,9,0,18,0,2,0,0,0,0,1,1,1,1,30,6,-1,-1,-1,-1,1,-1
201501HT20146,3,9,0,3,0,2,0,0,0,0,2,1,6,2,20,4,-1,-1,-1,-1,1,-1
201501HT20148,1,9,0,3,0,1,0,0,0,0,1,1,6,1,21,5,1910,2,6,-1,1,-1
201501HT20148,2,9,0,1,0,1,0,0,0,0,2,1,6,3,-1,-1,-1,-1,-1,-1,-1,-1
201501HT20149,1,11,0,4,0,2,0,0,0,0,4,1,1,1,39,7,3900,2,11,-1,-1,-1
201501HT20149,2,11,0,5,0,2,0,0,0,0,3,1,1,1,36,7,3900,2,9,-1,1,-1
201501HT20150,1,9,0,18,0,1,0,0,0,0,1,1,6,3,-1,-1,-1,-1,-1,-1,-1,-1
201501HT20151,1,19,0,5,0,8,0,0,0,0,1,1,1,1,53,8,-1,-1,-1,-1,-1,-1
201501HT20151,2,9,0,5,0,8,0,0,0,0,2,1,2,2,53,8,-1,-1,-1,-1,1,-1
201501HT20152,1,9,0,4,0,0,0,0,0,0,1,1,6,1,56,9,2987,2,4,-1,-1,-1
201501HT20152,2,1,0,18,9,0,0,0,0,0,3,1,6,2,26,6,-1,-1,-1,-1,1,-1
201501HT20153,1,9,0,18,0,8,0,0,0,0,3,1,6,1,32,6,1995,2,4,-1,1,-1
201501HT20153,2,9,0,9,0,8,0,0,0,0,1,1,6,1,23,5,1896,2,8,-1,1,-1
201501HT20154,1,9,0,9,0,8,0,0,0,0,1,1,6,2,21,5,1598,2,2,-1,1,-1
201501HT20154,2,1,0,18,0,8,0,0,0,0,3,1,6,2,28,6,-1,-1,-1,-1,1,-1
201501HT20155,1,3,0,18,0,0,1,0,0,0,1,1,6,1,19,4,125,1,11,-1,1,-1
201501HT20155,2,1,0,18,9,0,0,0,0,0,3,1,6,1,48,8,-1,-1,-1,-1,1,-1
201501HT20156,1,5,0,18,0,1,1,0,0,0,1,1,6,1,24,5,-1,-1,-1,-1,1,-1
201501HT20156,2,19,0,11,0,1,0,0,0,0,2,1,1,1,50,8,1399,2,4,-1,1,-1
201501HT20157,1,9,0,4,0,8,0,0,0,0,4,1,6,1,29,6,1686,2,11,-1,1,-1
201501HT20157,2,9,0,7,0,8,0,0,0,0,1,1,6,1,-1,-1,1596,1,13,-1,-1,-1
201501HT20158,1,1,0,18,0,1,0,0,0,0,3,1,2,1,26,6,-1,-1,-1,-1,1,-1
201501HT20158,2,9,0,13,0,1,0,0,0,0,4,1,2,1,51,8,3498,1,9,-1,1,-1
201501HT20159,1,3,0,18,0,1,0,0,0,0,1,1,6,1,-1,-1,-1,-1,-1,-1,-1,-1
201501HT20160,1,9,0,18,0,1,0,0,0,0,1,1,6,1,25,5,1794,1,9,-1,1,-1
201501HT20160,2,19,0,4,0,1,0,0,0,0,2,1,1,1,31,6,-1,-1,-1,-1,1,-1
201501HT20161,1,3,0,7,0,2,0,0,0,0,3,1,6,1,-1,-1,988,1,12,-1,1,-1
201501HT20161,2,9,0,7,0,2,0,0,0,0,4,1,6,3,-1,-1,1968,2,5,-1,-1,-1
201501HT20163,1,9,0,4,0,1,0,0,0,0,4,1,6,2,31,6,1686,2,10,-1,1,-1
201501HT20163,2,1,0,15,4,1,0,0,0,0,1,1,6,2,-1,-1,-1,-1,-1,-1,1,-1
201501HT20164,1,9,0,18,0,1,0,0,0,0,3,1,6,1,-1,-1,1600,2,5,-1,1,-1
201501HT20165,1,8,0,18,0,0,0,0,0,0,1,1,1,1,39,7,1797,8,5,-1,1,-1
201501HT20166,1,9,0,18,0,1,5,4,1,2,1,1,6,3,-1,-1,-1,-1,-1,-1,-1,-1
201501HT20166,2,9,0,2,0,2,0,0,0,0,3,1,6,2,33,6,-1,-1,-1,-1,1,-1
201501HT20166,3,9,0,1,0,1,0,0,0,0,1,1,6,1,44,7,1798,8,3,-1,1,-1
201501HT20168,1,4,0,15,9,1,0,10,1,0,4,1,6,1,67,10,-1,-1,-1,-1,1,-1
201501HT20168,2,19,0,2,0,1,0,0,0,0,0,1,6,1,25,5,2151,2,13,-1,1,-1
201501HT20169,1,8,0,18,0,8,0,0,0,0,0,1,1,1,53,8,2499,2,5,-1,1,-1
201501HT20171,1,9,0,3,0,1,0,0,0,0,3,1,1,1,48,8,2993,2,1,-1,1,-1
201501HT20171,2,9,0,11,0,1,0,0,0,0,4,1,6,1,25,5,1390,1,1,-1,-1,-1
201501HT20172,1,8,0,18,0,8,0,0,0,0,4,1,6,1,33,6,1968,2,6,-1,1,-1
201501HT20172,2,9,0,18,0,8,0,0,0,0,1,1,6,2,39,7,1598,1,12,-1,1,-1
201501HT20173,1,9,0,11,0,1,0,0,0,0,4,1,2,1,51,8,1199,2,4,-1,1,-1
201501HT20173,2,5,0,18,0,1,0,0,0,0,3,1,2,1,28,6,582,1,14,-1,1,-1
201501HT20174,1,9,0,13,0,1,0,0,0,0,4,1,6,1,-1,-1,-1,-1,-1,-1,-1,-1
201501HT20174,2,1,0,18,0,1,0,0,0,0,3,1,6,2,29,6,-1,-1,-1,-1,1,-1
201501HT20175,1,1,0,18,0,2,0,0,0,0,1,1,6,1,38,7,-1,-1,-1,-1,1,-1
201501HT20175,2,9,0,7,0,2,0,0,0,0,4,1,6,2,28,6,2979,1,13,-1,1,-1
201501HT20176,1,11,0,18,0,2,0,0,0,0,0,1,1,1,50,8,4461,2,1,-1,1,-1
201501HT20177,1,3,0,14,0,0,0,0,0,0,1,1,2,1,42,7,-1,-1,-1,-1,1,-1
201501HT20177,2,9,0,9,0,0,0,0,0,0,3,1,2,2,-1,-1,1388,1,5,-1,1,-1
201501HT20178,1,9,0,5,0,2,0,0,0,0,1,1,6,3,-1,-1,2993,2,9,-1,-1,-1
201501HT20179,1,11,0,13,0,1,0,0,0,0,4,1,1,1,27,6,4500,2,3,-1,1,-1
201501HT20179,2,1,0,18,0,1,0,0,0,0,3,1,6,1,27,6,-1,-1,-1,-1,1,-1
201501HT20180,1,19,0,5,0,2,0,0,0,0,3,1,1,1,59,9,2198,2,2,-1,-1,-1
201501HT20181,1,9,0,3,0,1,0,0,0,0,3,1,6,1,27,6,1968,2,8,-1,1,-1
201501HT20181,2,9,0,16,0,8,0,0,0,0,1,1,6,3,-1,-1,-1,-1,-1,-1,-1,-1
201501HT20182,1,9,0,18,0,0,0,0,0,0,3,1,6,1,21,5,1596,1,10,-1,1,-1
201501HT20182,2,20,0,18,0,0,0,0,0,0,1,1,1,1,-1,-1,10677,2,1,-1,-1,-1
201501HT20183,1,19,0,1,0,0,0,0,0,0,2,1,6,3,-1,-1,-1,-1,-1,-1,-1,-1
201501HT20184,1,9,0,9,0,2,0,0,0,0,1,1,1,1,24,5,1364,1,10,-1,2,-1
201501HT20185,1,9,0,9,0,8,0,0,0,0,4,1,6,1,51,8,2987,2,4,-1,1,-1
201501HT20185,2,1,0,18,0,8,0,0,0,0,1,1,6,1,36,7,-1,-1,-1,-1,1,-1
201501HT20186,1,1,0,18,4,1,0,0,0,0,3,1,2,1,25,5,-1,-1,-1,-1,1,-1
201501HT20186,2,9,0,13,0,1,0,0,0,0,4,1,6,1,-1,-1,1794,1,7,-1,-1,-1
201501HT20187,1,5,0,18,0,8,1,0,0,0,4,1,6,1,43,7,1050,1,8,-1,1,-1
201501HT20187,2,9,0,6,0,8,0,0,0,0,3,1,6,1,-1,-1,1995,2,6,-1,-1,-1
201501HT20188,1,1,0,15,0,0,0,0,0,0,1,1,2,1,45,7,-1,-1,-1,-1,1,-1
201501HT20188,2,11,0,3,0,0,0,0,0,0,0,1,1,3,-1,-1,-1,-1,-1,-1,-1,-1
201501HT20189,1,9,0,18,0,8,0,0,0,0,4,1,6,1,40,7,-1,-1,-1,-1,1,-1
201501HT20189,2,9,0,5,0,8,0,0,0,0,1,1,6,1,40,7,1339,8,6,-1,1,-1
201501HT20190,1,9,0,9,0,8,0,0,0,0,4,1,6,1,25,5,1968,2,11,-1,1,-1
201501HT20190,2,11,0,9,0,8,0,0,0,0,1,1,1,1,51,8,4500,2,3,-1,-1,-1
201501HT20191,1,9,0,18,0,0,0,0,0,0,4,1,6,1,39,7,1797,8,4,-1,1,-1
201501HT20192,1,11,0,18,0,1,0,0,0,0,0,1,1,2,51,8,8268,2,13,-1,1,-1
201501HT20193,1,9,0,13,0,0,0,0,0,0,4,1,6,1,33,6,1798,8,1,-1,1,-1
201501HT20193,2,1,0,18,0,0,0,0,0,0,3,1,6,1,38,7,-1,-1,-1,-1,1,-1
201501HT20195,1,9,0,18,0,0,0,0,0,0,3,1,6,1,42,7,1497,8,7,-1,1,-1
201501HT20195,2,9,0,18,0,0,0,0,0,0,3,1,6,1,-1,-1,-1,-1,-1,-1,-1,-1
201501HT20196,1,9,0,7,0,5,0,0,0,0,4,1,1,1,-1,-1,-1,-1,-1,-1,-1,-1
201501HT20196,2,1,0,18,0,1,0,0,0,0,3,1,2,1,38,7,-1,-1,-1,-1,1,-1
201501HT20197,1,9,0,18,0,8,0,0,0,0,3,1,6,1,27,6,1995,2,11,-1,-1,-1
201501HT20197,2,9,0,18,0,8,0,0,0,0,1,1,6,3,-1,-1,1997,1,14,-1,-1,-1
201501HT20198,1,9,0,18,0,0,0,0,0,0,1,1,6,1,32,6,-1,-1,-1,-1,1,-1
201501HT20198,2,1,0,18,0,0,0,0,0,0,3,1,6,1,24,5,-1,-1,-1,-1,1,-1
201501HT20199,1,19,0,4,0,0,0,0,0,0,1,1,6,1,31,6,1598,2,1,-1,1,-1
201501HT20199,2,9,0,4,0,0,0,0,0,0,2,1,6,1,28,6,1992,2,10,-1,1,-1
201501HT20200,1,9,0,4,0,0,0,0,0,0,1,1,6,1,30,6,1389,1,13,-1,1,-1
201501HT20200,2,9,0,3,0,0,0,0,0,0,2,1,6,1,49,8,1339,8,5,-1,1,-1
201501HT20200,3,9,0,3,0,0,0,0,0,0,2,1,6,1,-1,-1,-1,-1,-1,-1,-1,-1
201501HT20201,1,19,0,7,0,5,0,0,0,0,1,1,1,1,48,8,2143,2,1,-1,1,-1
201501HT20202,1,9,0,9,0,8,0,0,0,0,3,1,1,1,41,7,1797,8,5,-1,-1,-1
201501HT20202,2,19,0,9,0,8,0,0,0,0,4,1,6,3,-1,-1,12777,2,2,-1,-1,-1
201501HT20203,1,9,0,13,0,1,0,0,0,0,4,1,6,2,35,6,2979,1,8,-1,1,-1
201501HT20203,2,4,0,18,0,1,0,0,0,0,3,1,6,1,41,7,998,1,9,-1,1,-1
201501HT20204,1,9,0,4,0,0,0,0,0,0,2,1,2,1,45,7,1388,1,9,-1,1,-1
201501HT20204,2,3,0,4,0,0,0,0,0,0,1,1,2,1,21,5,124,1,8,-1,1,-1
201501HT20205,1,8,0,18,0,8,0,0,0,0,4,1,1,1,61,9,2143,2,4,-1,1,-1
201501HT20205,2,19,0,18,0,8,0,0,0,0,1,1,1,1,37,7,2143,2,1,-1,1,-1
201501HT20206,1,3,0,9,0,8,0,0,0,0,3,1,1,1,29,6,125,1,5,-1,1,-1
201501HT20206,2,9,0,18,0,8,0,0,0,0,1,1,6,3,-1,-1,-1,-1,-1,-1,-1,-1
201501HT20207,1,11,0,18,0,1,0,0,0,0,0,1,1,1,31,6,9000,2,6,-1,-1,-1
201501HT20208,1,9,0,18,0,8,0,0,0,0,1,1,6,1,28,6,1598,1,9,-1,1,-1
201501HT20208,2,1,0,18,0,8,0,0,0,0,3,1,6,1,25,5,-1,-1,-1,-1,-1,-1
201501HT20209,1,9,0,18,0,0,0,0,0,0,2,1,2,2,18,4,1368,1,6,-1,2,-1
201501HT20209,2,9,0,18,0,0,0,0,0,0,1,1,2,1,51,8,1596,1,5,-1,1,-1
201501HT20210,1,8,0,18,0,0,0,0,0,0,4,1,1,1,36,7,1997,2,3,-1,1,-1
201501HT20210,2,9,0,12,0,0,0,0,0,0,3,1,6,1,-1,-1,2720,2,10,-1,-1,-1
201501HT20211,1,3,0,13,0,8,0,0,0,0,4,1,1,1,26,6,124,1,1,-1,1,-1
201501HT20211,2,9,0,9,0,8,0,0,0,0,3,1,6,3,-1,-1,1390,1,11,-1,-1,-1
201501HT20212,1,19,0,4,0,0,0,0,0,0,2,1,2,1,34,6,1753,2,7,-1,1,-1
201501HT20212,2,5,0,18,0,0,0,0,0,0,1,1,2,1,48,8,998,1,16,-1,1,-1
201501HT20213,1,19,0,7,0,8,0,0,0,0,4,1,2,1,52,8,2148,2,10,-1,1,-1
201501HT20213,2,3,0,15,0,8,0,0,0,0,3,1,2,1,23,5,125,1,1,-1,1,-1
201501HT20214,1,9,0,18,0,1,0,0,0,0,1,1,2,1,68,10,2597,1,12,-1,2,-1
201501HT20216,1,9,0,4,0,1,0,0,0,0,2,1,6,2,28,6,1198,1,2,-1,1,-1
201501HT20216,2,19,0,18,0,1,0,0,0,0,1,1,6,1,-1,-1,2402,2,7,-1,-1,-1
201501HT20217,1,9,0,18,0,1,0,0,0,0,1,1,6,1,-1,-1,-1,-1,-1,-1,-1,-1
201501HT20218,1,9,0,9,0,5,0,0,0,0,1,1,6,3,-1,-1,-1,-1,-1,-1,-1,-1
201501HT20219,1,90,0,18,0,0,0,0,0,0,4,1,1,1,27,6,-1,-1,-1,-1,-1,-1
201501HT20220,1,9,0,18,0,8,0,0,0,0,3,1,6,1,40,7,1560,2,8,-1,1,-1
201501HT20220,2,9,0,18,0,8,0,0,0,0,1,1,6,2,-1,-1,1598,1,10,-1,1,-1
201501HT20221,1,1,0,18,0,8,0,0,0,0,3,1,6,1,22,5,-1,-1,-1,-1,1,-1
201501HT20221,2,9,0,9,0,8,0,0,0,0,1,1,6,1,-1,-1,-1,-1,-1,-1,-1,-1
201501HT20222,1,3,0,18,2,1,0,0,0,0,3,1,6,1,-1,-1,-1,-1,-1,-1,1,-1
201501HT20222,2,9,0,7,0,5,0,0,0,0,4,1,6,3,-1,-1,1149,1,8,-1,-1,-1
201501HT20223,1,9,0,18,0,0,0,0,0,0,1,1,6,1,28,6,1995,1,9,-1,1,-1
201501HT20224,1,8,0,5,0,0,0,0,0,0,3,1,1,1,35,6,1797,8,4,-1,1,-1
201501HT20224,2,3,0,18,0,0,0,0,0,0,1,1,6,1,43,7,124,1,4,-1,1,-1
201501HT20225,1,9,0,4,0,0,0,0,0,0,2,1,2,2,32,6,1596,1,7,-1,-1,-1
201501HT20225,2,9,0,18,0,0,0,0,0,0,1,1,6,1,-1,-1,1948,1,14,-1,1,-1
201501HT20226,1,9,0,3,0,1,0,0,0,0,2,1,2,1,37,7,1988,1,16,-1,1,-1
201501HT20226,2,9,0,18,0,1,0,0,0,0,1,1,2,1,-1,-1,1997,2,2,-1,-1,-1
201501HT20228,1,9,0,4,0,0,0,0,0,0,2,1,2,2,28,6,1600,1,14,-1,1,-1
201501HT20228,2,9,0,4,0,0,0,0,0,0,2,1,2,1,23,5,1560,2,8,-1,1,-1
201501HT20228,3,9,0,4,0,0,0,0,0,0,2,1,2,1,55,8,1560,2,4,-1,1,-1
201501HT20228,4,9,0,18,0,0,0,0,0,0,1,1,2,1,23,5,1598,2,3,-1,1,-1
201501HT20230,1,19,0,18,9,0,0,10,1,0,1,1,6,1,-1,-1,2143,2,2,-1,-1,-1
201501HT20231,1,1,0,18,0,1,0,0,0,0,3,1,6,2,25,5,-1,-1,-1,-1,1,-1
201501HT20231,2,19,0,7,0,5,0,0,0,0,4,1,6,3,-1,-1,2295,7,12,-1,-1,-1
201501HT20232,1,3,0,18,0,0,0,0,0,0,1,1,6,1,-1,-1,125,1,7,-1,-1,-1
201501HT20233,1,9,0,16,0,1,0,0,0,0,1,1,6,1,19,4,-1,-1,-1,-1,1,-1
201501HT20235,1,5,0,18,0,0,0,0,0,0,1,1,2,1,32,6,599,1,8,-1,1,-1
201501HT20235,2,9,0,12,0,0,0,0,0,0,2,1,1,1,44,7,1910,2,9,-1,1,-1
201501HT20236,1,11,0,18,0,0,0,0,0,0,4,1,1,1,26,6,8268,2,12,-1,-1,-1
201501HT20237,1,9,0,18,0,1,0,0,0,0,1,1,6,1,74,10,1242,1,12,-1,1,-1
201501HT20238,1,1,0,18,0,0,0,0,0,0,3,1,6,1,30,6,-1,-1,-1,-1,1,-1
201501HT20238,2,9,0,13,0,0,0,0,0,0,4,1,6,3,-1,-1,-1,-1,-1,-1,-1,-1
201501HT20239,1,9,0,9,0,8,0,0,0,0,3,1,6,1,33,6,1590,1,10,-1,1,-1
201501HT20239,2,9,0,18,0,8,0,0,0,0,1,1,6,2,38,7,1797,8,5,-1,1,-1
201501HT20240,1,8,0,7,0,5,0,0,0,0,4,1,1,1,-1,-1,1910,2,7,-1,-1,-1
201501HT20240,2,1,0,18,0,1,0,0,0,0,3,1,6,2,25,5,-1,-1,-1,-1,1,-1
201501HT20241,1,9,0,7,0,8,0,0,0,0,1,1,6,2,-1,-1,1796,1,1,-1,1,-1
201501HT20242,1,3,0,3,0,1,0,0,0,0,2,1,6,1,39,7,125,1,2,-1,-1,-1
201501HT20242,2,9,0,5,0,1,0,0,0,0,1,1,6,1,-1,-1,1598,1,1,-1,-1,-1
201501HT20243,1,3,0,18,0,2,0,0,0,0,1,1,2,1,28,6,125,1,1,-1,1,-1
201501HT20243,2,9,0,6,0,2,0,0,0,0,3,1,2,1,31,6,1797,8,4,-1,1,-1
201501HT20244,1,9,0,18,0,0,0,0,0,0,1,1,2,2,22,5,1390,1,11,-1,1,-1
201501HT20244,2,1,0,18,0,0,0,0,0,0,4,1,6,1,24,5,-1,-1,-1,-1,1,-1
201501HT20245,1,9,0,18,0,8,0,0,0,0,1,1,6,1,36,7,1968,2,1,-1,1,-1
201501HT20245,2,9,0,9,0,8,0,0,0,0,1,1,6,1,34,6,1598,2,1,-1,1,-1
201501HT20246,1,3,0,3,0,2,0,0,0,0,1,1,6,1,26,6,125,1,7,-1,1,-1
201501HT20246,2,9,0,1,0,2,0,0,0,0,2,1,6,1,35,6,2401,2,12,-1,-1,-1
201501HT20247,1,9,0,18,0,2,0,0,0,0,1,1,6,1,-1,-1,1797,8,5,-1,1,-1
201501HT20248,1,1,0,18,0,1,0,0,0,0,3,1,2,2,37,7,-1,-1,-1,-1,1,-1
201501HT20248,2,9,0,13,0,1,0,0,0,0,4,1,6,2,-1,-1,1895,1,15,-1,-1,-1
201501HT20249,1,9,0,18,0,2,0,0,0,0,1,1,6,1,67,10,1598,1,7,-1,1,-1
201501HT20250,1,3,0,18,9,2,0,10,1,0,1,1,6,3,-1,-1,125,1,-1,-1,-1,-1
201501HT20251,1,3,0,16,0,0,0,0,0,0,4,1,6,1,21,5,125,1,1,-1,1,-1
201501HT20251,2,9,0,12,0,0,0,0,0,0,3,1,6,3,-1,-1,1797,8,5,-1,-1,-1
201501HT20252,1,1,0,18,0,1,0,0,0,0,3,1,6,1,26,6,-1,-1,-1,-1,1,-1
201501HT20252,2,9,0,7,0,5,0,0,0,0,4,1,6,3,-1,-1,998,1,1,-1,-1,-1
201501HT20255,1,9,0,3,0,2,0,0,0,0,2,1,3,2,47,8,1995,2,1,-1,1,-1
201501HT20255,2,8,0,18,0,2,0,0,0,0,1,1,1,1,-1,-1,998,1,5,-1,-1,-1
201501HT20257,1,3,0,13,0,8,0,0,0,0,4,1,1,1,20,4,125,1,4,-1,1,-1
201501HT20257,2,9,0,9,0,8,0,0,0,0,3,1,6,1,-1,-1,2171,1,14,-1,-1,-1
201501HT20258,1,9,0,18,0,1,0,0,0,0,1,1,6,1,49,8,-1,-1,-1,-1,1,-1
201501HT20259,1,9,0,9,0,8,0,0,0,0,1,1,6,1,22,5,1968,2,8,-1,1,-1
201501HT20259,2,21,0,18,0,8,0,0,0,0,1,1,1,1,52,8,5880,2,2,-1,1,-1
201501HT20260,1,9,0,7,0,5,0,0,0,0,4,1,6,1,25,5,1799,1,5,-1,1,-1
201501HT20260,2,3,0,18,2,1,0,0,0,0,3,1,6,1,26,6,125,1,7,-1,1,-1
201501HT20261,1,1,0,18,0,8,0,0,0,0,4,1,2,1,22,5,-1,-1,-1,-1,1,-1
201501HT20261,2,9,0,7,0,8,0,0,0,0,1,1,6,1,-1,-1,1995,2,10,-1,-1,-1
201501HT20263,1,9,0,18,0,5,0,0,0,0,1,1,6,1,38,7,1998,1,13,-1,1,-1
201501HT20264,1,3,0,18,9,0,0,10,1,0,1,1,6,1,21,5,125,1,5,-1,1,-1
201501HT20265,1,9,0,3,0,2,0,0,0,0,2,1,1,1,26,6,998,1,1,-1,1,-1
201501HT20265,2,9,0,18,0,2,0,0,0,0,1,1,6,1,-1,-1,-1,-1,-1,-1,-1,-1
201501HT20266,1,1,0,18,0,0,0,8,0,0,1,1,6,2,29,6,-1,-1,-1,-1,-1,-1
201501HT20266,2,9,0,2,0,0,0,0,0,0,3,1,6,1,-1,-1,1769,1,12,-1,-1,-1
201501HT20267,1,9,0,18,0,2,0,4,0,0,1,1,2,1,21,5,-1,-1,-1,-1,1,-1
201501HT20267,2,19,0,2,0,2,0,0,0,0,2,1,6,1,33,6,2148,2,6,-1,1,-1
201501HT20268,1,11,0,18,0,2,0,0,0,0,1,1,1,1,32,6,4500,2,4,-1,1,-1
201501HT20269,1,1,0,18,0,1,0,0,0,0,3,1,6,1,40,7,-1,-1,-1,-1,1,-1
201501HT20269,2,9,0,7,0,5,0,0,0,0,4,1,6,3,-1,-1,-1,-1,-1,-1,-1,-1
201501HT20270,1,1,0,18,0,0,0,0,0,0,3,1,6,1,52,8,-1,-1,-1,-1,1,-1
201501HT20270,2,9,0,13,0,0,0,0,0,0,4,1,2,2,31,6,1390,1,1,-1,1,-1
201501HT20271,1,19,0,18,0,0,0,0,0,0,1,1,1,1,54,8,1968,2,1,-1,-1,-1
201501HT20272,1,9,0,3,0,1,0,0,0,0,2,1,6,1,39,7,1396,1,15,-1,1,-1
201501HT20272,2,19,0,3,0,1,0,0,0,0,2,1,1,1,28,6,2148,2,6,-1,1,-1