Accident_Index,Vehicle_Reference,Vehicle_Type,Towing_and_Articulation,Vehicle_Manoeuvre,Vehicle_Location-Restricted_Lane,Junction_Location,Skidding_and_Overturning,Hit_Object_in_Carriageway,Vehicle_Leaving_Carriageway,Hit_Object_off_Carriageway,1st_Point_of_Impact,Was_Vehicle_Left_Hand_Drive?,Journey_Purpose_of_Driver,Sex_of_Driver,Age_of_Driver,Age_Band_of_Driver,Engine_Capacity_(CC),Propulsion_Code,Age_of_Vehicle,Driver_IMD_Decile,Driver_Home_Area_Type,Vehicle_IMD_Decile
201501HT21075,1,9,0,18,0,8,0,0,0,0,1,1,6,1,32,6,5998,1,9,-1,3,-1
201501HT21075,2,9,0,9,0,8,0,0,0,0,4,1,6,1,46,8,1896,2,7,-1,1,-1
201501HT21076,1,9,0,16,0,8,0,0,0,0,1,1,6,1,52,8,1596,1,10,-1,1,-1
201501HT21076,2,9,0,17,0,8,0,0,0,0,1,1,6,1,21,5,5461,1,1,-1,1,-1
201501HT21077,1,9,0,18,0,1,0,0,0,0,3,1,6,1,20,4,1596,1,7,-1,1,-1
201501HT21078,1,9,0,7,0,8,0,0,0,0,3,1,6,1,40,7,2967,2,8,-1,1,-1
201501HT21078,2,9,0,18,0,8,0,0,0,0,1,1,6,1,27,6,2000,2,4,-1,1,-1
201501HT21079,1,9,0,3,0,0,0,0,0,0,2,1,6,2,36,7,1386,1,9,-1,1,-1
201501HT21079,2,19,0,18,0,0,0,0,0,0,1,1,6,1,-1,-1,1560,2,1,-1,1,-1
201501HT21080,1,3,0,18,0,1,0,0,0,0,1,1,6,1,44,7,124,1,2,-1,1,-1
201501HT21080,2,9,0,4,0,1,0,0,0,0,2,1,6,1,57,9,995,1,9,-1,1,-1
201501HT21081,1,1,0,18,0,8,0,0,0,0,1,1,2,1,42,7,-1,-1,-1,-1,1,-1
201501HT21081,2,8,0,9,0,8,0,0,0,0,3,1,6,1,-1,-1,-1,-1,-1,-1,1,-1
201501HT21082,1,9,0,3,0,0,0,0,0,0,2,1,6,1,24,5,1956,2,1,-1,1,-1
201501HT21082,2,9,0,18,0,0,0,0,0,0,1,1,6,3,-1,-1,-1,-1,-1,-1,-1,-1
201501HT21083,1,9,0,1,0,2,0,0,0,0,2,1,6,1,60,9,1560,2,6,-1,1,-1
201501HT21084,1,9,0,9,0,8,0,0,0,0,3,1,6,1,22,5,1596,1,15,-1,1,-1
201501HT21084,2,90,0,18,0,8,0,0,0,0,1,1,1,1,43,7,-1,-1,-1,-1,1,-1
201501HT21085,1,9,0,9,0,8,0,0,0,0,3,1,6,1,59,9,1497,1,13,-1,-1,-1
201501HT21085,2,9,0,13,0,8,0,0,0,0,4,1,6,1,24,5,1968,2,9,-1,-1,-1
201501HT21086,1,8,0,1,0,2,0,0,0,0,2,1,1,1,41,7,1560,2,4,-1,1,-1
201501HT21087,1,19,0,18,0,0,0,0,0,0,3,1,6,1,27,6,1995,2,3,-1,2,-1
201501HT21087,2,4,0,13,0,0,0,0,0,0,4,1,6,1,59,9,670,1,2,-1,1,-1
201501HT21088,1,3,0,9,0,8,0,0,0,0,4,1,1,1,40,7,109,1,3,-1,1,-1
201501HT21088,2,3,0,18,0,8,0,0,0,0,1,1,6,1,-1,-1,-1,-1,-1,-1,-1,-1
201501HT21089,1,9,0,9,0,8,0,0,0,0,3,1,2,1,41,7,-1,-1,-1,-1,1,-1
201501HT21089,2,3,0,13,0,8,0,0,0,0,4,1,2,1,30,6,124,1,9,-1,1,-1
201501HT21090,1,9,0,13,0,1,0,0,0,0,4,1,1,1,-1,-1,-1,-1,-1,-1,-1,-1
201501HT21090,2,1,0,18,0,1,0,0,0,0,3,1,6,1,26,6,-1,-1,-1,-1,1,-1
201501HT21091,1,9,0,4,0,0,0,0,0,0,2,1,2,1,33,6,1596,1,7,-1,1,-1
201501HT21091,2,9,0,18,0,0,0,0,0,0,1,1,6,1,25,5,-1,-1,-1,-1,-1,-1
201501HT21092,1,8,0,18,0,2,0,0,0,0,4,1,1,1,31,6,2499,2,-1,-1,2,-1
201501HT21096,1,1,0,18,0,0,0,0,0,0,3,1,6,2,30,6,-1,-1,-1,-1,1,-1
201501HT21096,2,11,0,13,0,0,0,0,0,0,4,1,1,1,37,7,-1,-1,-1,-1,1,-1
201501HT21097,1,9,0,18,0,0,0,0,0,0,1,1,6,1,38,7,1798,8,-1,-1,1,-1
201501HT21097,2,9,0,4,0,0,0,0,0,0,2,1,6,2,55,8,2231,2,2,-1,1,-1
201501HT21098,1,9,0,4,0,0,0,0,0,0,2,1,6,1,45,7,-1,-1,-1,-1,1,-1
201501HT21098,2,20,0,18,0,0,0,0,0,0,1,1,1,1,35,6,7698,2,-1,-1,1,-1
201501HT21100,1,8,0,3,0,0,0,0,0,0,2,1,1,1,33,6,1339,8,5,-1,1,-1
201501HT21100,2,8,0,18,0,0,0,0,0,0,1,1,6,1,-1,-1,1791,8,3,-1,-1,-1
201501HT21102,1,1,0,18,4,1,0,0,0,0,3,1,2,1,41,7,-1,-1,-1,-1,1,-1
201501HT21102,2,9,0,7,0,5,0,0,0,0,4,1,6,2,-1,-1,1199,1,12,-1,-1,-1
201501HT21103,1,9,0,10,0,1,0,0,0,0,3,1,6,2,40,7,1242,1,15,-1,-1,-1
201501HT21103,2,9,0,14,0,1,0,0,0,0,4,1,6,1,-1,-1,1560,2,8,-1,-1,-1
201501HT21104,1,1,0,18,0,1,0,0,0,0,2,1,6,1,30,6,-1,-1,-1,-1,1,-1
201501HT21104,2,9,0,18,0,1,0,0,0,0,1,1,6,3,-1,-1,1598,1,7,-1,-1,-1
201501HT21105,1,9,0,5,0,1,0,0,0,0,1,1,6,2,37,7,1598,1,14,-1,1,-1
201501HT21105,2,3,0,3,0,1,0,0,0,0,2,1,6,1,41,7,124,1,-1,-1,1,-1
201501HT21106,1,8,0,18,2,0,0,0,0,0,4,1,1,1,49,8,2143,2,2,-1,1,-1
201501HT21108,1,1,0,18,0,8,0,0,0,0,4,1,2,1,29,6,-1,-1,-1,-1,1,-1
201501HT21108,2,9,0,7,0,8,0,0,0,0,1,1,6,1,-1,-1,1997,2,4,-1,1,-1
201501HT21109,1,9,0,10,0,1,0,0,0,0,3,1,6,1,31,6,1198,1,1,-1,1,-1
201501HT21109,2,9,0,7,0,2,0,0,0,0,1,1,6,1,-1,-1,1596,1,9,-1,-1,-1
201501HT21111,1,9,0,3,0,1,0,0,0,0,2,1,6,2,33,6,1598,1,10,-1,1,-1
201501HT21111,2,9,0,18,0,1,0,0,0,0,1,1,6,2,-1,-1,1968,2,1,-1,-1,-1
201501HT21112,1,9,0,18,0,0,0,0,0,0,1,1,6,3,-1,-1,2499,1,9,-1,-1,-1
201501HT21113,1,9,0,2,0,0,0,0,0,0,2,1,6,2,26,6,1995,2,7,-1,1,-1
201501HT21113,2,9,0,6,0,0,0,4,0,0,2,1,6,2,-1,-1,-1,-1,-1,-1,-1,-1
201501HT21114,1,1,0,18,0,2,0,10,0,0,4,1,2,2,33,6,-1,-1,-1,-1,1,-1
201501HT21116,1,9,0,7,0,8,0,0,0,0,1,1,6,1,29,6,1598,1,9,-1,1,-1
201501HT21116,2,3,0,18,0,8,0,0,0,0,4,1,6,1,37,7,124,1,7,-1,1,-1
201501HT21117,1,9,0,18,0,0,0,0,0,0,4,1,2,1,45,7,1598,1,14,-1,1,-1
201501HT21117,2,9,0,12,0,0,0,0,0,0,3,1,6,1,-1,-1,1995,2,11,-1,-1,-1
201501HT21118,1,9,0,3,0,1,0,0,0,0,2,1,6,1,40,7,1389,1,12,-1,1,-1
201501HT21118,2,9,0,18,0,1,0,0,0,0,1,1,6,1,20,4,1061,1,12,-1,-1,-1
201501HT21119,1,9,0,3,0,8,0,0,0,0,2,1,6,1,43,7,2254,1,14,-1,1,-1
201501HT21119,2,19,0,4,0,8,0,0,0,0,1,1,6,1,-1,-1,2198,2,-1,-1,-1,-1
201501HT21120,1,9,0,18,2,1,0,0,0,0,1,1,6,1,27,6,2497,2,10,-1,1,-1
201501HT21121,1,9,0,3,0,0,0,0,0,0,2,1,6,1,40,7,1590,1,12,-1,1,-1
201501HT21121,2,9,0,18,0,0,0,0,0,0,1,1,6,1,-1,-1,1796,1,10,-1,-1,-1
201501HT21122,1,11,0,5,0,2,0,0,0,0,0,1,1,2,52,8,9360,2,5,-1,-1,-1
201501HT21123,1,1,0,18,4,1,0,0,0,0,3,1,6,1,26,6,-1,-1,-1,-1,1,-1
201501HT21123,2,19,0,7,0,5,0,0,0,0,4,1,6,1,-1,-1,2198,2,1,-1,-1,-1
201501HT21124,1,1,0,15,0,1,0,8,0,0,1,1,6,1,42,7,-1,-1,-1,-1,1,-1
201501HT21124,2,9,0,3,0,1,0,0,0,0,4,1,6,1,-1,-1,1598,1,13,-1,-1,-1
201501HT21125,1,9,0,18,0,0,0,2,2,10,1,1,6,1,44,7,1995,2,9,-1,1,-1
201501HT21126,1,9,0,18,0,8,0,0,0,0,1,1,6,1,19,4,998,1,13,-1,1,-1
201501HT21126,2,1,0,18,4,8,0,0,0,0,4,1,2,1,25,5,-1,-1,-1,-1,1,-1
201501HT21127,1,9,0,10,0,1,0,0,0,0,2,1,6,1,29,6,1998,2,8,-1,1,-1
201501HT21127,2,9,0,18,0,1,0,0,0,0,1,1,6,1,71,10,1590,1,10,-1,1,-1
201501HT21129,1,9,0,3,0,1,0,0,0,0,2,1,6,1,25,5,1339,1,13,-1,1,-1
201501HT21129,2,9,0,18,0,1,0,0,0,0,1,1,6,1,28,6,-1,-1,-1,-1,1,-1
201501HT21131,1,3,0,3,0,0,0,0,0,0,2,1,2,1,21,5,125,1,-1,-1,1,-1
201501HT21131,2,20,0,18,0,0,0,0,0,0,1,1,1,1,-1,-1,-1,-1,-1,-1,-1,-1
201501HT21132,1,9,0,18,0,8,0,0,0,0,1,1,6,1,35,6,1598,1,7,-1,1,-1
201501HT21132,2,4,0,9,0,8,0,0,0,0,3,1,6,1,20,4,125,1,8,-1,1,-1
201501HT21133,1,4,0,18,0,0,0,0,0,0,1,1,6,3,-1,-1,-1,-1,-1,-1,-1,-1
201501HT21134,1,9,0,18,0,2,0,0,0,0,1,1,6,3,-1,-1,-1,-1,-1,-1,-1,-1
201501HT21135,1,21,1,18,0,0,0,0,0,0,4,1,1,1,51,8,-1,-1,-1,-1,1,-1
201501HT21136,1,9,0,17,0,1,0,0,0,0,2,1,6,2,69,10,1598,1,4,-1,1,-1
201501HT21136,2,5,0,17,0,1,0,0,0,0,1,1,6,1,-1,-1,690,1,1,-1,-1,-1
201501HT21137,1,9,0,18,9,1,0,10,1,0,1,1,6,3,-1,-1,-1,-1,-1,-1,-1,-1
201501HT21138,1,19,0,16,0,0,0,0,0,0,1,1,1,1,44,7,1968,2,1,-1,1,-1
201501HT21139,1,9,0,18,0,1,0,0,0,0,1,1,6,3,-1,-1,-1,-1,-1,-1,-1,-1
201501HT21140,1,1,0,18,0,1,0,0,0,0,3,1,6,2,21,5,-1,-1,-1,-1,1,-1
201501HT21140,2,9,0,7,0,5,0,0,0,0,4,1,6,3,-1,-1,-1,-1,-1,-1,-1,-1
201501HT21141,1,11,0,3,0,0,0,0,0,0,0,1,1,1,39,7,9000,2,6,-1,1,-1
201501HT21142,1,9,0,7,0,2,0,0,0,0,3,1,2,1,58,9,1198,1,8,-1,2,-1
201501HT21143,1,9,0,9,0,8,0,0,0,0,4,1,2,1,31,6,1587,1,10,-1,1,-1
201501HT21143,2,1,0,18,0,8,0,0,0,0,1,1,2,1,35,6,-1,-1,-1,-1,1,-1
201501HT21144,1,9,0,9,0,8,0,0,0,0,4,1,6,1,54,8,2993,2,5,-1,1,-1
201501HT21144,2,9,0,15,0,8,1,0,0,0,1,1,1,1,24,5,-1,-1,-1,-1,1,-1
201501HT21145,1,1,0,13,0,8,0,0,0,0,4,1,6,1,25,5,-1,-1,-1,-1,1,-1
201501HT21145,2,9,0,9,0,8,0,0,0,0,3,1,6,3,-1,-1,-1,-1,-1,-1,-1,-1
201501HT21146,1,9,0,9,0,8,0,0,0,0,1,1,6,1,30,6,1242,1,16,-1,3,-1
201501HT21146,2,1,0,18,0,8,0,0,0,0,3,1,6,1,16,4,-1,-1,-1,-1,-1,-1
201501HT21147,1,9,0,18,0,1,0,0,0,0,4,1,6,1,49,8,1598,1,12,-1,1,-1
201501HT21148,1,9,0,6,0,0,0,0,0,0,4,1,6,2,42,7,1984,1,5,-1,1,-1
201501HT21148,2,1,0,18,0,0,0,0,0,0,1,1,6,1,34,6,-1,-1,-1,-1,1,-1
201501HT21149,1,3,0,18,2,0,0,0,0,0,3,1,2,1,53,8,124,1,8,-1,1,-1
201501HT21149,2,9,0,11,2,0,0,0,0,0,4,1,1,1,32,6,1797,8,6,-1,1,-1
201501HT21150,1,9,0,5,0,0,0,0,0,0,3,1,6,1,47,8,1797,8,5,-1,1,-1
201501HT21150,2,4,0,18,0,0,0,0,0,0,4,1,6,1,42,7,-1,-1,-1,-1,1,-1
201501HT21151,1,9,0,18,0,2,0,0,0,0,3,1,6,1,27,6,2987,2,6,-1,1,-1
201501HT21152,1,9,0,12,0,1,0,0,0,0,3,1,1,1,38,7,1339,8,3,-1,1,-1
201501HT21152,2,3,0,18,0,1,0,0,0,0,4,1,6,1,32,6,125,1,-1,-1,1,-1
201501HT21153,1,3,0,18,0,8,0,0,0,0,1,1,6,2,31,6,109,1,-1,-1,1,-1
201501HT21153,2,9,0,9,0,8,0,0,0,0,3,1,6,3,-1,-1,1968,2,3,-1,-1,-1
201501HT21154,1,9,0,18,0,0,0,0,0,0,3,1,6,1,20,4,1995,2,9,-1,1,-1
201501HT21154,2,1,0,18,0,0,0,0,0,0,1,1,6,1,39,7,-1,-1,-1,-1,-1,-1
201501HT21155,1,9,0,18,0,1,0,0,0,0,1,1,1,1,47,8,1968,2,2,-1,1,-1
201501HT21156,1,1,0,3,0,1,0,0,0,0,2,1,2,1,-1,-1,-1,-1,-1,-1,-1,-1
201501HT21156,2,9,0,18,0,1,0,0,0,0,1,1,6,3,-1,-1,-1,-1,-1,-1,-1,-1
201501HT21157,1,9,0,18,0,0,0,0,0,0,1,1,6,1,26,6,2143,2,4,-1,1,-1
201501HT21157,2,1,0,18,0,0,0,0,0,0,1,1,6,1,18,4,-1,-1,-1,-1,1,-1
201501HT21161,1,3,0,18,0,0,0,10,0,0,4,1,6,1,-1,-1,125,1,6,-1,-1,-1
201501HT21162,1,9,0,3,0,1,0,0,0,0,2,1,6,1,32,6,2148,2,13,-1,1,-1
201501HT21162,2,9,0,3,0,1,0,0,0,0,2,1,6,1,-1,-1,1796,1,8,-1,-1,-1
201501HT21162,3,9,0,18,0,1,0,0,0,0,1,1,6,1,-1,-1,1794,1,12,-1,-1,-1
201501HT21163,1,9,0,3,0,1,0,0,0,0,2,1,6,1,58,9,1794,1,14,-1,1,-1
201501HT21163,2,9,0,3,0,1,0,0,0,0,2,1,6,2,23,5,998,1,2,-1,1,-1
201501HT21163,3,19,0,18,0,1,0,0,0,0,1,1,1,1,44,7,1995,2,8,-1,1,-1
201501HT21164,1,1,0,18,0,8,0,0,0,0,1,1,6,1,34,6,-1,-1,-1,-1,1,-1
201501HT21164,2,9,0,9,0,8,0,0,0,0,3,1,6,2,-1,-1,1685,2,3,-1,-1,-1
201501HT21167,1,9,0,3,0,1,0,0,0,0,2,1,2,2,66,10,998,1,5,-1,1,-1
201501HT21167,2,9,0,18,0,1,0,0,0,0,1,1,6,3,-1,-1,-1,-1,-1,-1,-1,-1
201501HT21168,1,11,0,18,0,0,0,0,0,0,0,1,1,1,29,6,4500,2,4,-1,1,-1
201501HT21169,1,9,0,7,0,1,0,0,0,0,0,1,1,1,31,6,1995,2,3,-1,1,-1
201501HT21169,2,3,0,7,0,1,0,0,0,0,0,1,1,1,31,6,108,1,1,-1,1,-1
201501HT21170,1,1,0,4,0,1,0,0,0,0,2,1,6,1,49,8,-1,-1,-1,-1,1,-1
201501HT21170,2,9,0,18,0,1,0,0,0,0,1,1,6,1,-1,-1,1956,2,3,-1,-1,-1
201501HT21171,1,3,0,10,0,8,0,0,0,0,3,1,6,1,18,4,108,1,-1,-1,1,-1
201501HT21171,2,9,0,9,0,8,0,0,0,0,1,1,6,1,35,6,-1,-1,-1,-1,-1,-1
201501HT21172,1,9,0,18,0,1,0,0,0,0,2,1,6,1,22,5,1397,1,6,-1,1,-1
201501HT21172,2,19,0,18,0,1,0,0,0,0,1,1,6,3,-1,-1,-1,-1,-1,-1,-1,-1
201501HT21173,1,9,0,18,0,0,0,0,0,0,4,1,2,2,29,6,-1,-1,-1,-1,1,-1
201501HT21173,2,9,0,12,0,0,0,0,0,0,3,1,6,2,38,7,1497,8,9,-1,-1,-1
201501HT21176,1,8,0,6,0,2,0,0,0,0,4,1,1,1,48,8,1798,8,-1,-1,1,-1
201501HT21176,2,9,0,18,0,1,0,0,0,0,1,1,6,1,29,6,1956,2,7,-1,1,-1
201501HT21183,1,8,0,4,0,0,0,0,0,0,2,1,1,1,47,8,1997,2,4,-1,1,-1
201501HT21183,2,2,0,18,0,0,0,0,0,0,1,1,6,3,-1,-1,-1,-1,-1,-1,-1,-1
201501HT21184,1,9,0,18,0,1,0,0,0,0,1,1,6,2,18,4,1198,1,-1,-1,1,-1
201501HT21185,1,5,0,3,0,1,0,0,0,0,2,1,2,1,47,8,656,1,8,-1,1,-1
201501HT21185,2,19,0,18,0,1,0,0,0,0,1,1,6,1,-1,-1,12777,2,2,-1,-1,-1
201501HT21186,1,9,0,3,0,0,0,0,0,0,2,1,6,2,29,6,2143,2,4,-1,1,-1
201501HT21186,2,9,0,18,0,0,0,0,0,0,1,1,6,2,-1,-1,1397,1,13,-1,-1,-1
201501HT21187,1,19,0,18,0,0,0,0,0,0,4,1,6,1,-1,-1,-1,-1,-1,-1,-1,-1
201501HT21188,1,4,0,18,0,8,0,0,0,0,4,1,6,1,32,6,124,1,5,-1,1,-1
201501HT21188,2,9,0,9,0,8,0,0,0,0,1,1,6,1,-1,-1,1598,1,-1,-1,-1,-1
201501HT21189,1,9,0,3,0,1,0,0,0,0,2,1,6,1,25,5,2143,2,2,-1,1,-1
201501HT21189,2,9,0,18,0,1,0,0,0,0,1,1,6,1,21,5,1388,1,11,-1,1,-1
201501HT21190,1,9,0,4,0,1,0,0,0,0,2,1,1,1,-1,-1,-1,-1,-1,-1,-1,-1
201501HT21190,2,19,0,18,0,1,0,0,0,0,1,1,6,1,22,5,1248,2,8,-1,1,-1
201501HT21191,1,9,0,10,0,1,0,0,0,0,2,1,6,1,31,6,1595,1,8,-1,1,-1
201501HT21191,2,1,0,18,0,1,0,0,0,0,1,1,6,1,-1,-1,-1,-1,-1,-1,-1,-1
201501HT21192,1,3,0,18,0,2,0,4,0,0,1,1,1,1,42,7,125,1,2,-1,1,-1
201501HT21192,2,9,0,2,0,2,0,0,0,0,3,1,6,3,-1,-1,1995,1,10,-1,-1,-1
201501HT21192,3,9,0,18,0,2,0,0,0,0,0,1,6,1,-1,-1,1991,1,2,-1,-1,-1
201501HT21194,1,11,0,4,0,1,0,0,0,0,3,1,1,1,30,6,4500,2,1,-1,1,-1
201501HT21194,2,1,0,13,0,1,0,0,0,0,4,1,6,1,30,6,-1,-1,-1,-1,-1,-1
201501HT21195,1,3,0,18,0,2,0,0,0,0,3,1,6,1,14,3,125,1,4,-1,1,-1
201501HT21196,1,8,0,7,0,2,0,0,0,0,4,1,1,1,39,7,1797,8,5,-1,1,-1
201501HT21197,1,3,0,18,0,1,0,0,0,0,4,1,6,1,18,4,108,1,-1,-1,1,-1
201501HT21198,1,9,0,4,0,1,0,0,0,0,2,1,6,1,38,7,1984,1,9,-1,1,-1
201501HT21198,2,1,0,18,0,1,0,0,0,0,1,1,6,1,45,7,-1,-1,-1,-1,1,-1
201501HT21199,1,9,0,18,0,1,0,0,0,0,2,1,1,1,32,6,1339,8,2,-1,1,-1
201501HT21199,2,4,0,18,0,1,0,0,0,0,1,1,6,1,25,5,-1,-1,-1,-1,-1,-1
201501HT21200,1,9,0,4,0,0,0,0,0,0,2,1,6,1,25,5,1796,1,10,-1,1,-1
201501HT21200,2,9,0,18,0,0,0,0,0,0,1,1,6,2,57,9,1968,2,5,-1,1,-1
201501HT21201,1,11,0,13,0,1,0,0,0,0,4,1,1,1,54,8,4500,2,6,-1,1,-1
201501HT21201,2,1,0,18,0,1,0,0,0,0,3,1,6,2,22,5,-1,-1,-1,-1,-1,-1
201501HT21202,1,9,0,4,0,1,0,0,0,0,1,1,2,1,37,7,898,1,-1,-1,1,-1
201501HT21202,2,8,0,3,0,1,0,0,0,0,2,1,1,1,40,7,2148,2,5,-1,1,-1
201501HT21203,1,9,0,18,0,0,0,10,5,6,1,1,6,1,25,5,2996,1,9,-1,1,-1
201501HT21206,1,9,0,18,0,2,0,0,0,0,1,1,6,1,27,6,1968,2,1,-1,1,-1
201501HT21207,1,9,0,12,0,1,0,0,0,0,3,1,2,1,32,6,1995,2,9,-1,1,-1
201501HT21207,2,9,0,18,0,1,0,0,0,0,4,1,6,1,57,9,-1,-1,-1,-1,1,-1
201501HT21208,1,9,0,4,0,1,0,0,0,0,2,1,6,1,27,6,2000,2,6,-1,1,-1
201501HT21208,2,9,0,18,0,1,0,0,0,0,1,1,6,1,-1,-1,2993,2,7,-1,-1,-1
201501HT21209,1,9,0,9,0,8,0,0,0,0,4,1,6,2,32,6,1895,1,13,-1,1,-1
201501HT21209,2,1,0,18,0,8,0,0,0,0,1,1,6,1,36,7,-1,-1,-1,-1,1,-1
201501HT21210,1,9,0,9,0,8,0,0,0,0,4,1,1,1,37,7,1390,1,12,-1,-1,-1
201501HT21210,2,1,0,18,0,8,0,0,0,0,1,1,2,2,30,6,-1,-1,-1,-1,1,-1
201501HT21211,1,3,0,18,0,8,0,0,0,0,4,1,2,1,29,6,124,1,2,-1,1,-1
201501HT21211,2,9,0,9,0,8,0,0,0,0,1,1,6,1,30,6,998,1,14,-1,1,-1
201501HT21212,1,9,0,18,0,1,0,0,0,0,1,1,6,1,38,7,2967,1,15,-1,1,-1
201501HT21213,1,19,0,9,0,5,0,0,0,0,1,1,1,1,44,7,2287,2,5,-1,-1,-1
201501HT21214,1,9,0,9,0,8,0,0,0,0,1,1,6,2,45,7,998,1,2,-1,1,-1
201501HT21214,2,1,0,18,0,8,0,0,0,0,4,1,2,1,30,6,-1,-1,-1,-1,1,-1
201501HT21215,1,9,0,9,0,2,0,0,0,0,1,1,6,2,-1,-1,1398,1,1,-1,-1,-1
201501HT21216,1,8,0,18,0,8,0,0,0,0,4,1,1,1,40,7,1797,8,5,-1,1,-1
201501HT21216,2,1,0,18,0,8,0,0,0,0,1,1,6,1,33,6,-1,-1,-1,-1,1,-1
201501HT21217,1,3,0,18,0,0,0,0,0,0,1,1,6,1,-1,-1,-1,-1,-1,-1,-1,-1
201501HT21217,2,9,0,4,0,0,0,0,0,0,1,1,6,2,25,5,1598,1,10,-1,1,-1
201501HT21218,1,19,0,6,0,0,0,0,0,0,3,1,6,1,35,6,2299,2,3,-1,1,-1
201501HT21218,2,1,0,18,0,0,0,0,0,0,1,1,6,1,25,5,-1,-1,-1,-1,1,-1
201501HT21219,1,3,0,14,0,1,0,8,0,0,1,1,1,1,44,7,-1,-1,-1,-1,1,-1
201501HT21219,2,9,0,3,0,1,0,0,0,0,3,1,6,1,19,4,1497,8,8,-1,1,-1
201501HT21220,1,9,0,18,0,0,0,0,0,0,1,1,6,1,19,4,1796,1,12,-1,1,-1
201501HT21220,2,9,0,6,0,0,0,0,0,0,2,1,6,1,-1,-1,2917,1,21,-1,1,-1
201501HT21222,1,8,0,4,0,0,0,0,0,0,2,1,1,1,41,7,1997,2,-1,-1,1,-1
201501HT21222,2,9,0,18,0,0,0,0,0,0,1,1,6,2,22,5,1390,1,12,-1,-1,-1
201501HT21223,1,9,0,1,0,0,0,0,0,0,2,1,6,1,28,6,1910,2,7,-1,1,-1
201501HT21223,2,1,0,3,0,0,0,0,0,0,1,1,6,1,73,10,-1,-1,-1,-1,1,-1
201501HT21224,1,9,0,4,0,0,0,0,0,0,2,1,6,1,42,7,1396,1,14,-1,1,-1
201501HT21224,2,21,0,12,0,0,0,0,0,0,1,1,1,1,44,7,4764,2,8,-1,1,-1
201501HT21225,1,11,0,18,0,1,0,0,0,0,0,1,1,1,51,8,6692,2,4,-1,1,-1
201501HT21226,1,19,0,9,0,8,0,0,0,0,3,1,6,1,66,10,2198,2,1,-1,1,-1
201501HT21226,2,3,0,18,0,8,0,0,0,0,1,1,6,1,28,6,124,1,16,-1,1,-1
201501HT21227,1,3,0,18,0,1,0,0,0,0,3,1,2,1,36,7,125,1,4,-1,1,-1
201501HT21227,2,9,0,7,0,5,0,0,0,0,4,1,6,3,-1,-1,-1,-1,-1,-1,-1,-1
201501HT21228,1,5,0,13,0,8,0,0,0,0,4,1,6,1,43,7,798,1,-1,-1,1,-1
201501HT21228,2,9,0,9,0,8,0,0,0,0,3,1,6,1,36,7,1596,1,7,-1,1,-1
201501HT21229,1,9,0,18,0,0,0,0,0,0,1,1,6,1,58,9,1497,8,7,-1,1,-1
201501HT21230,1,19,0,3,0,1,0,0,0,0,2,1,1,1,50,8,2148,2,8,-1,1,-1
201501HT21230,2,9,0,18,0,1,1,0,0,0,1,1,2,2,25,5,1598,1,7,-1,-1,-1
201501HT21230,3,19,0,3,0,1,0,0,0,0,4,1,1,1,47,8,2477,2,1,-1,1,-1
201501HT21231,1,9,0,5,0,8,0,0,0,0,1,1,6,2,57,9,1364,1,7,-1,-1,-1
201501HT21231,2,3,0,18,0,8,0,0,0,0,1,1,6,1,19,4,124,1,2,-1,1,-1
201501HT21232,1,9,0,5,0,0,0,0,0,0,1,1,6,1,44,7,1198,1,12,-1,-1,-1
201501HT21232,2,8,0,18,0,0,0,0,0,0,1,1,6,1,40,7,1497,8,7,-1,-1,-1
201501HT21233,1,8,0,9,0,8,0,0,0,0,4,1,1,1,45,7,1339,8,5,-1,1,-1
201501HT21233,2,5,0,18,0,8,0,0,0,0,1,1,2,1,30,6,656,1,7,-1,1,-1
201501HT21234,1,19,0,18,9,1,0,10,1,2,1,1,1,2,-1,-1,-1,-1,-1,-1,-1,-1
201501HT21235,1,9,0,18,0,0,0,0,0,0,1,1,6,1,39,7,1798,8,3,-1,1,-1
201501HT21236,1,9,0,18,0,0,0,0,0,0,1,1,6,1,31,6,1896,2,12,-1,1,-1
201501HT21237,1,3,0,18,9,2,0,10,1,1,1,1,6,1,19,4,124,1,6,-1,1,-1
201501HT21238,1,9,0,5,0,1,0,0,0,0,3,1,6,1,23,5,1596,1,12,-1,1,-1
201501HT21238,2,3,0,18,0,1,0,0,0,0,4,1,1,1,27,6,125,1,-1,-1,1,-1
201501HT21239,1,9,0,8,0,1,0,0,0,0,3,1,1,1,40,7,1956,2,5,-1,1,-1
201501HT21239,2,9,0,9,0,2,0,0,0,0,3,1,6,1,-1,-1,1598,1,12,-1,-1,-1
201501HT21241,1,9,0,18,0,0,0,10,2,2,1,1,6,2,40,7,1497,8,7,-1,1,-1
201501HT21242,1,1,0,14,0,2,0,8,0,0,1,1,6,2,31,6,-1,-1,-1,-1,1,-1
201501HT21242,2,9,0,3,0,2,0,0,0,0,3,1,6,1,32,6,999,1,-1,-1,1,-1
201501HT29006,1,9,0,9,0,2,0,0,0,0,1,1,6,1,30,6,1598,2,1,-1,1,-1
201501HT29021,1,9,0,18,0,0,0,0,0,0,1,1,6,2,58,9,1197,1,4,-1,1,-1
201501HT29021,2,9,0,6,0,0,0,0,0,0,3,1,6,1,41,7,1796,1,11,-1,-1,-1
201501HT29025,1,9,0,5,0,0,0,0,0,0,1,1,6,2,32,6,1360,1,14,-1,1,-1
201501HT29025,2,9,0,5,0,0,0,0,0,0,2,1,6,1,53,8,2987,2,8,-1,1,-1
201501HT29029,1,3,0,18,0,2,0,0,0,0,3,1,2,1,26,6,-1,-1,-1,-1,1,-1
201501HT29029,2,9,0,6,0,1,0,0,0,0,1,1,6,1,46,8,1248,2,11,-1,1,-1
201501HT29033,1,9,0,3,0,0,0,0,0,0,2,1,6,1,37,7,1997,2,1,-1,1,-1