Accident_Index,Vehicle_Reference,Vehicle_Type,Towing_and_Articulation,Vehicle_Manoeuvre,Vehicle_Location-Restricted_Lane,Junction_Location,Skidding_and_Overturning,Hit_Object_in_Carriageway,Vehicle_Leaving_Carriageway,Hit_Object_off_Carriageway,1st_Point_of_Impact,Was_Vehicle_Left_Hand_Drive?,Journey_Purpose_of_Driver,Sex_of_Driver,Age_of_Driver,Age_Band_of_Driver,Engine_Capacity_(CC),Propulsion_Code,Age_of_Vehicle,Driver_IMD_Decile,Driver_Home_Area_Type,Vehicle_IMD_Decile
201501JC30461,2,9,0,18,0,8,0,0,0,0,1,1,6,1,-1,-1,-1,-1,-1,-1,1,-1
201501JC30463,1,9,0,18,0,8,0,0,0,0,3,1,6,1,35,6,1596,1,6,-1,1,-1
201501JC30463,2,9,0,9,0,8,0,0,0,0,1,1,6,2,26,6,1198,1,1,-1,1,-1
201501JC30464,1,9,0,7,0,1,0,0,0,0,1,1,6,1,-1,-1,-1,-1,-1,-1,-1,-1
201501JC30465,1,9,0,4,0,1,0,0,0,0,1,1,6,1,31,6,1199,1,13,-1,1,-1
201501JC30465,2,9,0,3,0,1,0,0,0,0,2,1,6,1,64,9,-1,-1,-1,-1,1,-1
201501JC30466,1,19,0,18,0,1,0,0,0,0,1,1,6,1,45,7,-1,-1,-1,-1,1,-1
201501JC30466,2,19,0,3,0,1,0,0,0,0,2,1,6,1,54,8,-1,-1,-1,-1,1,-1
201501JC30467,1,9,0,3,0,1,0,0,0,0,4,1,6,1,31,6,-1,-1,-1,-1,1,-1
201501JC30467,2,19,0,15,4,1,0,0,0,0,3,1,6,3,-1,-1,2402,2,7,-1,-1,-1
201501JC30469,1,9,0,11,0,2,0,0,4,0,4,1,6,1,49,8,1596,1,1,-1,1,-1
201501JC30469,2,9,0,18,0,2,0,0,0,0,3,1,6,1,27,6,1998,2,10,-1,1,-1
201501JC30470,1,11,0,3,0,0,0,0,0,0,0,1,1,1,57,9,8268,2,12,-1,1,-1
201501JC30471,1,9,0,18,0,0,0,0,0,0,1,1,6,1,46,8,1796,1,4,-1,1,-1
201501JC30472,1,1,0,18,0,8,0,0,0,0,4,1,6,1,28,6,-1,-1,-1,-1,1,-1
201501JC30472,2,9,0,18,0,8,0,0,0,0,1,1,6,3,-1,-1,899,1,-1,-1,-1,-1
201501JC30474,1,9,0,18,0,1,0,0,0,0,1,1,1,1,61,9,1598,1,7,-1,1,-1
201501JC30474,2,1,0,18,0,2,0,0,0,0,4,1,6,1,47,8,-1,-1,-1,-1,1,-1
201501JC30476,1,9,0,18,0,1,0,0,0,0,3,1,6,2,28,6,1598,1,4,-1,1,-1
201501JC30477,1,9,0,4,0,1,0,0,0,0,1,1,6,1,33,6,1389,1,20,-1,1,-1
201501JC30477,2,9,0,3,0,1,0,0,0,0,2,1,6,1,36,7,3498,1,8,-1,1,-1
201501JC30478,1,3,0,18,0,0,0,0,0,0,1,1,6,1,21,5,-1,-1,-1,-1,1,-1
201501JC30478,2,8,0,6,0,0,0,0,0,0,4,1,1,1,41,7,-1,-1,-1,-1,1,-1
201501JC30480,1,9,0,9,0,1,0,0,0,0,3,1,6,1,29,6,2000,1,6,-1,1,-1
201501JC30480,2,5,0,18,0,1,0,0,0,0,1,1,6,1,34,6,-1,-1,-1,-1,1,-1
201501JC30481,1,9,0,4,0,0,0,0,0,0,2,1,6,1,51,8,1995,2,12,-1,1,-1
201501JC30481,2,9,0,4,0,0,0,0,0,0,1,1,6,1,24,5,1612,1,3,-1,3,-1
201501JC30482,1,9,0,18,0,0,0,0,0,0,3,1,1,1,33,6,599,1,13,-1,1,-1
201501JC30482,2,20,0,18,0,0,0,0,0,0,3,1,1,1,37,7,11021,2,9,-1,1,-1
201501JC30482,3,9,0,2,0,0,0,0,0,0,3,1,6,1,29,6,1398,2,10,-1,-1,-1
201501JC30483,1,3,0,18,0,0,0,8,0,0,1,1,2,1,54,8,125,1,8,-1,-1,-1
201501JC30483,2,9,0,2,0,0,0,0,0,0,3,1,6,1,42,7,1896,2,10,-1,1,-1
201501JC30485,1,9,0,4,0,0,0,0,0,0,2,1,6,1,29,6,1197,1,5,-1,1,-1
201501JC30485,2,9,0,4,0,0,0,0,0,0,2,1,6,2,43,7,1598,1,4,-1,1,-1
201501JC30485,3,9,0,18,0,0,0,0,0,0,1,1,6,1,26,6,1499,2,-1,-1,1,-1
201501JC30486,1,9,0,3,0,0,0,0,0,0,1,1,6,1,42,7,1598,1,8,-1,1,-1
201501JC30486,2,9,0,1,0,0,0,0,0,0,2,1,6,1,-1,-1,2183,2,4,-1,-1,-1
201501JC30487,1,9,0,18,0,8,0,0,0,0,3,1,6,1,34,6,2143,2,2,-1,1,-1
201501JC30487,2,9,0,7,0,8,0,0,0,0,1,1,6,1,-1,-1,1840,1,14,-1,1,-1
201501JC30488,1,9,0,5,0,0,0,10,1,10,1,1,6,1,80,11,1400,1,9,-1,1,-1
201501JC30489,1,9,0,7,0,1,0,0,0,0,3,1,6,1,77,11,1796,1,15,-1,1,-1
201501JC30489,2,1,0,18,0,1,0,0,0,0,1,1,6,1,72,10,-1,-1,-1,-1,1,-1
201501JC30490,1,3,0,13,0,0,0,0,0,0,1,1,6,1,37,7,124,1,2,-1,1,-1
201501JC30492,1,8,0,18,0,1,0,0,0,0,4,1,1,1,45,7,1956,2,2,-1,1,-1
201501JC30493,1,9,0,18,0,8,0,0,0,0,1,1,6,2,46,8,1783,1,11,-1,1,-1
201501JC30493,2,9,0,18,0,8,0,0,0,0,4,1,6,1,36,7,-1,-1,-1,-1,-1,-1
201501JC30494,1,9,0,9,0,8,0,0,0,0,4,1,6,1,37,7,1242,1,3,-1,1,-1
201501JC30494,2,9,0,18,0,8,0,0,0,0,1,1,6,3,-1,-1,-1,-1,-1,-1,-1,-1
201501JC30496,1,9,0,18,0,1,1,0,0,0,1,1,6,1,38,7,3199,1,13,-1,1,-1
201501JC30496,2,9,0,9,0,1,0,0,0,0,4,1,6,1,67,10,1560,2,-1,-1,1,-1
201501JC30496,3,9,0,10,0,1,0,10,1,0,1,1,6,2,29,6,1388,1,8,-1,1,-1
201501JC30497,1,9,0,4,0,1,0,0,0,0,2,1,6,2,27,6,1968,2,9,-1,-1,-1
201501JC30497,2,9,0,18,0,1,0,0,0,0,1,1,6,1,-1,-1,1598,1,13,-1,-1,-1
201501JC30498,1,9,0,1,0,1,0,0,0,0,2,1,6,1,33,6,1796,1,10,-1,1,-1
201501JC30499,1,11,0,5,0,1,0,0,0,0,0,1,1,1,43,7,9360,2,5,-1,1,-1
201501JC30500,1,3,0,18,0,0,0,0,0,0,2,1,6,1,51,8,124,1,1,-1,1,-1
201501JC30500,2,9,0,18,0,0,0,0,0,0,1,1,6,1,57,9,1761,1,16,-1,1,-1
201501JC30501,1,9,0,18,0,1,1,0,0,0,1,1,6,1,24,5,1968,2,-1,-1,1,-1
201501JC30501,2,9,0,6,0,1,0,10,3,10,3,1,6,2,50,8,1497,8,8,-1,1,-1
201501JC30504,1,9,0,9,0,2,0,0,0,0,1,1,6,1,34,6,1840,1,15,-1,1,-1
201501JC30505,1,9,0,9,0,2,0,0,0,0,3,1,1,1,30,6,-1,-1,-1,-1,1,-1
201501JC30505,2,3,0,13,0,1,0,0,0,0,1,1,1,1,33,6,124,1,11,-1,1,-1
201501JC30506,1,9,0,10,0,8,0,0,0,0,3,1,6,1,34,6,1986,2,8,-1,1,-1
201501JC30506,2,9,0,9,0,8,0,0,0,0,1,1,6,1,-1,-1,1896,2,13,-1,1,-1
201501JC30507,1,9,0,9,0,8,0,0,0,0,4,1,6,2,43,7,1349,1,7,-1,1,-1
201501JC30507,2,3,0,15,0,8,0,0,0,0,1,1,6,1,19,4,124,1,-1,-1,1,-1
201501JC30509,1,9,0,18,0,8,0,0,0,0,1,1,6,2,65,9,1390,1,13,-1,1,-1
201501JC30509,2,9,0,9,0,8,0,0,0,0,4,1,6,2,51,8,1796,1,4,-1,2,-1
201501JC30511,1,9,0,18,0,1,0,0,0,0,1,1,6,1,69,10,1997,2,5,-1,1,-1
201501JC30512,1,9,0,3,0,0,0,0,0,0,2,1,2,1,41,7,2993,2,4,-1,1,-1
201501JC30512,2,9,0,18,0,0,0,0,0,0,1,1,6,1,48,8,1896,2,11,-1,1,-1
201501JC30513,1,9,0,4,0,1,0,0,0,0,2,1,6,2,51,8,1794,1,11,-1,1,-1
201501JC30513,2,9,0,18,0,1,0,0,0,0,1,1,6,1,68,10,2496,1,12,-1,1,-1
201501JC30518,1,9,0,18,0,1,0,0,0,0,4,1,6,1,21,5,1368,1,5,-1,1,-1
201501JC30519,1,9,0,18,0,0,0,0,0,0,4,1,6,2,22,5,1242,1,9,-1,1,-1
201501JC30519,2,9,0,5,0,0,0,0,0,0,3,1,6,2,19,4,999,1,4,-1,1,-1
201501JC30520,1,9,0,12,0,1,0,0,0,0,3,1,2,1,23,5,1242,1,14,-1,1,-1
201501JC30520,2,3,0,18,0,1,0,0,0,0,1,1,2,1,27,6,125,1,15,-1,1,-1
201501JC30522,1,19,0,3,0,8,0,0,0,0,2,1,6,1,51,8,1998,2,12,-1,1,-1
201501JC30522,2,9,0,18,0,8,0,0,0,0,1,1,6,1,28,6,-1,-1,-1,-1,-1,-1
201501JC30524,1,3,0,18,0,0,1,0,0,0,4,1,2,1,32,6,125,1,2,-1,1,-1
201501JC30524,2,9,0,12,0,0,0,0,0,0,0,1,6,1,40,7,1997,2,5,-1,1,-1
201501JC30525,1,9,0,7,0,1,0,0,0,0,4,1,6,1,73,10,1149,1,15,-1,1,-1
201501JC30525,2,1,0,18,4,1,0,0,0,0,1,1,6,2,-1,-1,-1,-1,-1,-1,1,-1
201501JC30526,1,9,0,18,0,0,0,10,4,6,2,1,6,2,25,5,1461,2,13,-1,1,-1
201501JC30526,2,9,0,12,0,0,0,0,0,0,1,1,6,1,21,5,1984,1,8,-1,1,-1
201501JC30526,3,19,0,18,0,0,0,0,0,0,1,1,6,1,47,8,1753,2,7,-1,1,-1
201501JC30526,4,9,0,18,0,0,0,0,0,0,2,1,6,1,33,6,1870,2,8,-1,1,-1
201501JC30526,5,9,0,18,0,0,0,10,4,6,1,1,6,2,52,8,1995,1,12,-1,1,-1
201501JC30529,1,9,0,18,0,0,0,4,0,0,1,1,6,1,27,6,1781,1,14,-1,1,-1
201501JC30529,2,9,0,2,0,0,0,0,0,0,3,1,6,3,-1,-1,1769,1,10,-1,-1,-1
201501JC30529,3,9,0,2,0,0,0,0,0,0,3,1,6,3,-1,-1,-1,-1,-1,-1,-1,-1
201501JC30530,1,3,0,18,0,8,0,0,0,0,4,1,6,1,-1,-1,125,1,7,-1,-1,-1
201501JC30530,2,9,0,7,0,8,0,0,0,0,1,1,6,1,-1,-1,1995,2,2,-1,-1,-1
201501JC30531,1,9,0,18,0,2,0,0,0,0,1,1,6,1,21,5,1242,1,6,-1,1,-1
201501JC30531,2,9,0,18,0,2,0,0,0,0,2,1,6,1,30,6,1461,2,5,-1,1,-1
201501JC30532,1,11,0,2,0,0,0,0,0,0,2,1,1,1,26,6,4500,2,4,-1,1,-1
201501JC30532,2,9,0,18,0,0,0,4,0,0,1,1,6,1,26,6,1498,1,7,-1,1,-1
201501JC30534,1,9,0,18,0,0,0,10,1,2,1,1,6,1,41,7,1995,1,5,-1,3,-1
201501JC30535,1,8,0,1,9,1,0,0,0,0,2,1,1,1,58,9,1797,8,6,-1,1,-1
201501JC30536,1,19,0,9,0,8,0,0,0,0,1,1,1,1,27,6,1997,2,11,-1,1,-1
201501JC30536,2,3,0,18,0,8,0,0,0,0,4,1,2,1,35,6,125,1,3,-1,1,-1
201501JC30537,1,9,0,18,0,8,0,0,0,0,4,1,6,1,50,8,2993,2,5,-1,1,-1
201501JC30537,2,9,0,9,0,8,0,0,0,0,1,1,6,2,27,6,1598,1,5,-1,1,-1
201501JC30539,1,9,0,5,0,0,0,0,0,0,3,1,6,2,31,6,1596,1,12,-1,1,-1
201501JC30539,2,9,0,18,0,0,0,0,0,0,4,1,6,1,27,6,-1,-1,-1,-1,1,-1
201501JC30540,1,19,0,3,0,0,0,0,0,0,2,1,6,1,32,6,1686,2,12,-1,1,-1
201501JC30540,2,19,0,18,0,0,0,0,0,0,1,1,6,1,-1,-1,-1,-1,-1,-1,-1,-1
201501JC30540,3,10,0,3,0,0,0,0,0,0,2,1,6,1,-1,-1,-1,-1,-1,-1,-1,-1
201501JC30541,1,9,0,9,0,8,0,0,0,0,4,1,1,1,-1,-1,-1,-1,-1,-1,-1,-1
201501JC30541,2,1,0,18,0,8,0,0,0,0,1,1,6,1,12,3,-1,-1,-1,-1,1,-1
201501JC30542,1,9,0,9,0,8,0,0,0,0,1,1,1,1,69,10,1600,2,6,-1,1,-1
201501JC30542,2,2,0,18,0,8,0,0,0,0,1,1,2,1,19,4,102,1,10,-1,1,-1
201501JC30543,1,9,0,18,0,0,0,0,0,0,1,1,2,2,22,5,1390,1,8,-1,1,-1
201501JC30543,2,11,0,3,0,0,0,0,0,0,2,1,1,1,47,8,9360,2,5,-1,1,-1
201501JC30545,1,19,0,18,0,1,0,0,0,0,3,1,6,1,51,8,1870,2,11,-1,1,-1
201501JC30545,2,9,0,11,0,1,0,0,0,0,4,1,6,1,22,5,1332,1,17,-1,1,-1
201501JC30546,1,8,0,8,0,1,0,0,0,0,3,1,1,1,40,7,1798,8,3,-1,1,-1
201501JC30546,2,19,0,9,0,2,0,0,0,0,4,1,6,1,-1,-1,2402,2,13,-1,-1,-1
201501JC30547,1,9,0,18,0,0,0,0,0,0,4,1,6,1,53,8,1461,2,4,-1,1,-1
201501JC30547,2,9,0,12,0,0,0,0,0,0,3,1,6,1,21,5,1753,2,4,-1,1,-1
201501JC30548,1,9,0,18,0,8,0,0,0,0,1,1,6,1,28,6,2231,2,3,-1,-1,-1
201501JC30548,2,9,0,9,0,8,0,0,0,0,4,1,6,1,20,4,1686,2,8,-1,1,-1
201501JC30549,1,9,0,18,0,8,0,0,0,0,3,1,6,2,28,6,1995,2,1,-1,1,-1
201501JC30549,2,9,0,17,0,8,0,0,0,0,1,1,6,1,-1,-1,-1,-1,-1,-1,1,-1
201501JC30550,1,9,0,4,0,1,0,0,0,0,2,1,6,2,53,8,1240,1,11,-1,1,-1
201501JC30550,2,9,0,18,0,1,0,0,0,0,1,1,6,3,-1,-1,-1,-1,-1,-1,-1,-1
201501JC30552,1,8,0,18,0,8,0,0,0,0,4,1,6,1,47,8,1339,8,5,-1,1,-1
201501JC30552,2,9,0,9,0,6,0,0,0,0,1,1,6,1,-1,-1,-1,-1,-1,-1,-1,-1
201501JC30554,1,9,0,18,0,2,0,4,0,0,1,1,1,1,-1,-1,-1,-1,-1,-1,-1,-1
201501JC30554,2,9,0,2,0,2,0,0,0,0,2,1,6,1,-1,-1,2497,2,14,-1,-1,-1
201501JC30555,1,9,0,9,0,2,0,10,1,2,1,1,6,1,24,5,1679,1,14,-1,1,-1
201501JC30557,1,8,0,18,0,8,0,0,0,0,1,1,1,1,32,6,1798,8,-1,-1,1,-1
201501JC30557,2,19,0,9,0,8,0,0,0,0,3,1,6,1,64,9,2198,2,2,-1,2,-1
201501JC30558,1,9,0,3,0,2,0,0,0,0,2,1,6,2,57,9,1364,2,11,-1,1,-1
201501JC30558,2,9,0,18,0,2,0,0,0,0,1,1,6,2,30,6,-1,-1,-1,-1,-1,-1
201501JC30559,1,3,0,18,0,8,0,0,0,0,1,1,6,1,29,6,-1,-1,-1,-1,1,-1
201501JC30559,2,9,0,18,0,8,0,0,0,0,3,1,6,2,36,7,1995,2,2,-1,1,-1
201501JC30560,1,8,0,2,0,0,0,0,0,0,3,1,6,1,29,6,1997,2,4,-1,1,-1
201501JC30560,2,1,0,18,0,0,0,8,0,0,1,1,6,1,27,6,-1,-1,-1,-1,1,-1
201501JC30561,1,9,0,6,0,1,0,0,0,0,4,1,6,1,38,7,1984,1,6,-1,1,-1
201501JC30561,2,5,0,18,0,2,0,0,0,0,1,1,6,1,32,6,499,1,7,-1,1,-1
201501JC30564,1,9,0,2,0,0,0,0,0,0,2,1,6,1,38,7,1598,2,4,-1,1,-1
201501JC30564,2,1,0,18,0,0,0,4,0,0,1,1,6,1,22,5,-1,-1,-1,-1,1,-1
201501JC30565,1,9,0,1,0,0,0,0,0,0,2,1,6,3,-1,-1,-1,-1,-1,-1,-1,-1
201501JC30567,1,20,0,3,0,1,0,0,0,0,2,1,1,1,39,7,2287,2,3,-1,1,-1
201501JC30567,2,9,0,3,0,1,0,0,0,0,2,1,2,1,29,6,1390,1,13,-1,1,-1
201501JC30567,3,9,0,18,0,1,0,0,0,0,1,1,2,1,24,5,1753,2,11,-1,-1,-1
201501JC30569,1,9,0,18,0,0,0,0,0,0,1,1,6,1,83,11,1796,1,16,-1,1,-1
201501JC30569,2,8,0,5,0,0,0,0,0,0,1,1,6,1,56,9,1995,2,5,-1,1,-1
201501JC30570,1,9,0,18,0,8,0,0,0,0,4,1,6,1,36,7,1870,2,13,-1,1,-1
201501JC30570,2,9,0,9,0,8,0,0,0,0,1,1,1,1,45,7,1997,2,1,-1,1,-1
201501JC30572,1,9,0,18,0,8,0,0,0,0,1,1,6,2,27,6,1598,1,8,-1,1,-1
201501JC30572,2,9,0,18,0,8,0,0,0,0,3,1,6,1,20,4,1388,1,12,-1,1,-1
201501JC30573,1,4,0,17,0,8,0,0,0,0,3,1,1,1,21,5,108,1,1,-1,1,-1
201501JC30573,2,9,0,17,0,8,0,0,0,0,4,1,6,3,-1,-1,-1,-1,-1,-1,-1,-1
201501JC30574,1,9,0,7,0,2,0,0,0,0,4,1,6,1,-1,-1,-1,-1,-1,-1,-1,-1
201501JC30575,1,9,0,3,0,0,0,0,0,0,2,1,3,2,35,6,1997,2,1,-1,1,-1
201501JC30575,2,9,0,16,0,0,0,0,0,0,1,1,6,2,-1,-1,1248,2,9,-1,-1,-1
201501JC30576,1,9,0,18,0,0,0,0,0,0,1,1,6,2,-1,-1,1390,1,8,-1,-1,-1
201501JC30576,2,9,0,4,0,0,0,0,0,0,2,1,6,1,-1,-1,-1,-1,-1,-1,-1,-1
201501JC30577,1,9,0,4,0,2,0,0,0,0,2,1,6,1,22,5,1229,1,8,-1,1,-1
201501JC30577,2,9,0,18,0,2,0,0,0,0,1,1,6,1,37,7,1998,2,10,-1,1,-1
201501JC30578,1,9,0,7,0,5,0,0,0,0,4,1,6,2,32,6,1386,1,11,-1,1,-1
201501JC30578,2,1,0,18,0,1,0,0,0,0,3,1,6,1,26,6,-1,-1,-1,-1,1,-1
201501JC30579,1,9,0,9,0,8,0,0,0,0,1,1,6,1,46,8,2770,2,9,-1,1,-1
201501JC30579,2,3,0,18,0,8,0,0,0,0,1,1,2,1,33,6,124,1,-1,-1,1,-1
201501JC30580,1,9,0,9,0,8,0,0,0,0,1,1,6,3,-1,-1,-1,-1,-1,-1,-1,-1
201501JC30580,2,1,0,18,0,8,0,0,0,0,4,1,6,1,48,8,-1,-1,-1,-1,1,-1
201501JC30582,1,9,0,18,0,0,0,0,0,0,1,1,6,2,52,8,1598,1,8,-1,1,-1
201501JC30584,1,9,0,18,0,1,0,0,0,0,1,1,6,3,-1,-1,-1,-1,-1,-1,-1,-1
201501JC30585,1,9,0,9,0,8,0,0,0,0,1,1,6,1,63,9,1896,2,18,-1,1,-1
201501JC30585,2,3,0,18,0,8,0,0,0,0,4,1,6,1,28,6,125,1,2,-1,1,-1
201501JC30586,1,8,0,7,0,2,0,0,0,0,4,1,2,1,40,7,1497,8,7,-1,1,-1
201501JC30588,1,19,0,18,0,0,0,0,0,0,1,1,6,1,77,11,2148,2,9,-1,-1,-1
201501JC30589,1,9,0,2,0,1,0,0,0,0,3,1,6,1,45,7,2143,2,2,-1,1,-1
201501JC30589,2,1,0,18,0,1,0,8,0,0,1,1,6,2,30,6,-1,-1,-1,-1,1,-1
201501JC30591,1,9,0,8,0,1,0,0,0,0,2,1,6,1,30,6,599,1,12,-1,1,-1
201501JC30591,2,9,0,4,0,1,0,0,0,0,1,1,6,1,-1,-1,-1,-1,-1,-1,-1,-1
201501JC30592,1,9,0,9,0,8,0,0,0,0,4,1,6,2,65,9,-1,-1,-1,-1,1,-1
201501JC30592,2,9,0,7,0,8,0,0,0,0,3,1,6,2,48,8,2497,1,4,-1,1,-1
201501JC30593,1,9,0,7,0,5,0,0,0,0,2,1,6,1,48,8,1797,8,5,-1,1,-1
201501JC30593,2,9,0,18,0,1,0,0,0,0,1,1,6,3,-1,-1,-1,-1,-1,-1,-1,-1
201501JC30594,1,9,0,3,0,0,0,0,0,0,1,1,6,2,35,6,1199,1,11,-1,1,-1
201501JC30594,2,9,0,18,0,0,0,0,0,0,1,1,6,1,-1,-1,1598,1,12,-1,-1,-1
201501JC30595,1,9,0,3,0,1,0,0,0,0,4,1,6,1,25,5,2198,2,1,-1,1,-1
201501JC30595,2,19,0,12,0,1,0,0,0,0,3,1,6,1,-1,-1,2402,2,12,-1,-1,-1
201501JC30596,1,9,0,4,0,0,0,0,0,0,2,1,6,1,46,8,2698,2,8,-1,1,-1
201501JC30596,2,9,0,18,0,0,0,0,0,0,1,1,6,3,-1,-1,-1,-1,-1,-1,-1,-1
201501JC30597,1,9,0,9,0,8,0,0,0,0,3,1,6,1,-1,-1,1229,1,1,-1,1,-1
201501JC30597,2,1,0,18,0,8,0,0,0,0,1,1,6,2,26,6,-1,-1,-1,-1,1,-1
201501JC30598,1,9,0,18,0,0,0,0,0,0,1,1,1,1,33,6,1791,8,3,-1,1,-1
201501JC30598,2,1,0,18,0,0,0,0,0,0,4,1,6,1,27,6,-1,-1,-1,-1,1,-1
201501JC30599,1,11,0,18,0,1,0,0,0,0,0,1,1,1,-1,-1,9000,2,6,-1,-1,-1
201501JC30600,1,9,0,7,0,8,0,0,0,0,3,1,6,1,31,6,1242,1,7,-1,1,-1
201501JC30600,2,9,0,18,0,8,0,0,0,0,1,1,6,2,31,6,1497,8,9,-1,1,-1
201501JC30601,1,11,0,3,0,2,0,0,0,0,0,1,1,1,33,6,6700,2,3,-1,1,-1
201501JC30602,1,19,0,18,0,1,0,0,0,0,1,1,3,1,50,8,2402,2,15,-1,1,-1
201501JC30602,2,9,0,4,0,1,0,0,0,0,2,1,1,2,46,8,1598,2,2,-1,1,-1
201501JC30603,1,19,0,9,0,8,0,0,0,0,3,1,1,1,28,6,1896,2,10,-1,2,-1
201501JC30603,2,3,0,13,0,8,0,0,0,0,4,1,6,1,17,4,125,1,-1,-1,1,-1
201501JC30604,1,9,0,7,0,8,0,0,0,0,1,1,6,1,72,10,1598,1,2,-1,1,-1
201501JC30604,2,8,0,18,0,8,0,0,0,0,4,1,6,1,53,8,-1,-1,-1,-1,1,-1
201501JC30607,1,9,0,2,0,0,0,0,0,0,3,1,1,1,42,7,-1,-1,-1,-1,-1,-1
201501JC30607,2,1,0,18,0,0,0,8,0,0,1,1,6,2,31,6,-1,-1,-1,-1,1,-1
201501JC30609,1,8,0,2,0,1,0,0,0,0,3,1,1,1,-1,-1,1339,1,11,-1,3,-1
201501JC30609,2,1,0,18,0,1,0,8,0,0,1,1,6,1,26,6,-1,-1,-1,-1,1,-1
201501JC30610,1,9,0,18,0,0,0,0,0,0,1,1,6,3,-1,-1,-1,-1,-1,-1,-1,-1
201501JC30612,1,9,0,9,0,8,0,0,0,0,1,1,6,1,33,6,2148,2,6,-1,1,-1
201501JC30612,2,9,0,17,0,8,0,0,0,0,4,1,6,2,35,6,2000,2,10,-1,1,-1
201501JC30613,1,9,0,3,0,2,0,0,0,0,1,1,6,1,27,6,-1,-1,-1,-1,1,-1
201501JC30613,2,9,0,18,0,1,0,0,0,0,1,1,6,1,-1,-1,-1,-1,-1,-1,-1,-1
201501JC30614,1,9,0,16,0,1,0,0,0,0,1,1,6,2,-1,-1,-1,-1,-1,-1,-1,-1
201501JC30614,2,1,0,16,0,1,0,0,0,0,2,1,6,2,47,8,-1,-1,-1,-1,1,-1
201501JC30615,1,9,0,3,0,0,0,0,0,0,4,1,1,1,39,7,2993,2,8,-1,1,-1
201501JC30615,2,9,0,5,0,0,0,0,0,0,3,1,3,1,-1,-1,2776,2,11,-1,-1,-1
201501JC30616,1,3,0,18,0,2,0,0,0,0,1,1,6,1,32,6,125,1,7,-1,1,-1
201501JC30616,2,1,0,18,0,2,0,0,0,0,3,1,6,1,39,7,-1,-1,-1,-1,1,-1
201501JC30618,1,9,0,18,0,1,0,0,0,0,4,1,6,2,25,5,1198,1,-1,-1,1,-1
201501JC30618,2,9,0,5,0,1,0,0,0,0,3,1,6,1,-1,-1,1248,1,4,-1,-1,-1
201501JC30619,1,9,0,18,0,8,0,0,0,0,1,1,6,1,25,5,1984,1,9,-1,1,-1
201501JC30619,2,9,0,18,0,8,0,0,0,0,4,1,6,2,41,7,1910,2,6,-1,-1,-1
201501JC30620,1,21,1,11,0,0,0,0,0,0,4,1,1,1,47,8,12900,2,7,-1,1,-1
201501JC30620,2,9,0,18,0,0,0,0,0,0,3,1,2,2,33,6,1390,1,2,-1,1,-1
201501JC30621,1,9,0,18,0,8,0,0,0,0,1,1,1,2,47,8,1797,8,3,-1,1,-1
201501JC30621,2,1,0,18,0,8,0,0,0,0,3,1,6,1,45,7,-1,-1,-1,-1,1,-1
201501JC30622,1,9,0,9,0,8,0,0,0,0,1,1,6,1,33,6,1598,1,8,-1,1,-1
201501JC30622,2,3,0,18,0,8,0,0,0,0,4,1,6,1,25,5,124,1,12,-1,1,-1
201501JC30623,1,9,0,18,0,0,0,0,0,0,1,1,2,2,50,8,1685,2,3,-1,1,-1
201501JC30625,1,9,0,3,0,1,0,0,0,0,2,1,6,2,41,7,1997,2,2,-1,1,-1
201501JC30625,2,9,0,18,0,1,0,0,0,0,1,1,6,1,29,6,2720,2,10,-1,1,-1
201501JC30627,1,1,0,18,0,0,0,0,0,0,3,1,6,1,27,6,-1,-1,-1,-1,1,-1
201501JC30627,2,9,0,13,0,0,0,0,0,0,4,1,6,3,-1,-1,2993,2,7,-1,-1,-1
201501JC30628,1,3,0,18,0,0,0,0,0,0,1,1,2,1,35,6,125,1,1,-1,1,-1
201501JC30630,1,3,0,18,0,1,0,0,0,0,1,1,2,1,26,6,124,1,-1,-1,1,-1
201501JC30630,2,9,0,18,0,1,0,0,0,0,2,1,6,2,-1,-1,1499,1,-1,-1,-1,-1
201501JC30631,1,9,0,18,0,0,0,0,0,0,4,1,6,3,-1,-1,-1,-1,-1,-1,-1,-1
201501JC30632,1,9,0,2,0,0,0,0,0,0,3,1,6,2,33,6,1794,1,14,-1,1,-1
201501JC30632,2,1,0,18,0,0,0,8,0,0,1,1,6,1,48,8,-1,-1,-1,-1,1,-1
201501JC30633,1,20,0,18,0,1,0,0,0,0,1,1,1,1,31,6,4461,2,3,-1,1,-1
201501JC30633,2,19,0,10,0,1,0,0,0,0,2,1,6,2,57,9,1461,2,4,-1,1,-1
201501JC30634,1,9,0,16,0,0,0,10,8,10,1,1,6,1,18,4,1895,1,15,-1,1,-1
201501JC30635,1,1,0,18,0,8,0,0,0,0,3,1,6,1,35,6,-1,-1,-1,-1,1,-1
201501JC30635,2,9,0,9,0,8,0,0,0,0,1,1,6,2,-1,-1,1596,1,6,-1,1,-1
201501JC30636,1,9,0,3,0,8,0,0,0,0,2,1,6,2,42,7,1587,1,12,-1,1,-1
201501JC30636,2,9,0,3,0,8,0,0,0,0,2,1,1,1,29,6,-1,-1,-1,-1,-1,-1
201501JC30636,3,9,0,18,0,8,0,0,0,0,1,1,6,1,53,8,2967,5,13,-1,1,-1
201501JC30637,1,9,0,18,0,0,0,0,0,0,3,1,6,1,85,11,1360,1,13,-1,1,-1
201501JC30638,1,11,0,18,0,1,0,0,0,0,0,1,1,1,45,7,9000,2,5,-1,1,-1
201501JC30639,1,1,0,18,0,0,0,0,0,0,2,1,6,1,34,6,-1,-1,-1,-1,1,-1
201501JC30639,2,8,0,18,0,0,0,0,0,0,1,1,6,1,-1,-1,1995,2,2,-1,-1,-1
201501JC30640,1,8,0,18,0,8,0,0,0,0,3,1,6,1,30,6,1798,8,3,-1,1,-1