Accident_Index,Vehicle_Reference,Vehicle_Type,Towing_and_Articulation,Vehicle_Manoeuvre,Vehicle_Location-Restricted_Lane,Junction_Location,Skidding_and_Overturning,Hit_Object_in_Carriageway,Vehicle_Leaving_Carriageway,Hit_Object_off_Carriageway,1st_Point_of_Impact,Was_Vehicle_Left_Hand_Drive?,Journey_Purpose_of_Driver,Sex_of_Driver,Age_of_Driver,Age_Band_of_Driver,Engine_Capacity_(CC),Propulsion_Code,Age_of_Vehicle,Driver_IMD_Decile,Driver_Home_Area_Type,Vehicle_IMD_Decile
201501JC30640,2,9,0,7,0,8,0,0,0,0,1,1,6,3,-1,-1,1753,2,8,-1,-1,-1
201501JC30641,1,9,0,2,0,1,0,0,0,0,3,1,6,1,51,8,1769,1,11,-1,1,-1
201501JC30641,2,1,0,18,0,1,0,8,0,0,1,1,6,1,32,6,-1,-1,-1,-1,1,-1
201501JC30642,1,3,0,18,2,0,0,0,0,0,3,1,2,1,32,6,125,1,7,-1,1,-1
201501JC30642,2,9,0,11,2,0,0,0,0,0,4,1,2,1,31,6,1896,2,13,-1,1,-1
201501JC30643,1,9,0,18,0,0,0,8,0,0,1,1,6,2,28,6,998,1,3,-1,1,-1
201501JC30643,2,9,0,2,0,0,0,0,0,0,3,1,6,1,29,6,1956,2,5,-1,1,-1
201501JC30644,1,8,0,4,0,0,0,0,0,0,2,1,1,1,45,7,1956,2,2,-1,1,-1
201501JC30644,2,19,0,18,0,0,0,0,0,0,1,1,1,1,46,8,2402,2,4,-1,1,-1
201501JC30645,1,9,0,9,0,8,0,0,0,0,4,1,6,2,28,6,2926,2,13,-1,1,-1
201501JC30645,2,1,0,18,0,8,0,0,0,0,1,1,6,1,44,7,-1,-1,-1,-1,1,-1
201501JC30646,1,9,0,4,0,0,0,0,0,0,2,1,6,1,29,6,-1,-1,-1,-1,-1,-1
201501JC30646,2,9,0,4,0,0,0,0,0,0,2,1,6,1,48,8,-1,-1,-1,-1,1,-1
201501JC30646,3,9,0,4,0,0,0,0,0,0,2,1,6,1,48,8,1389,1,13,-1,1,-1
201501JC30646,4,9,0,18,0,0,0,0,0,0,1,1,6,2,49,8,1968,2,5,-1,-1,-1
201501JC30647,1,11,0,18,0,1,0,0,0,0,1,1,1,1,31,6,4500,2,3,-1,1,-1
201501JC30647,2,9,0,8,0,1,0,0,0,0,2,1,1,1,48,8,-1,-1,-1,-1,1,-1
201501JC30650,1,19,0,7,0,5,0,0,0,0,4,1,1,1,40,7,2148,2,9,-1,1,-1
201501JC30650,2,1,0,18,0,1,0,0,0,0,3,1,2,1,36,7,-1,-1,-1,-1,1,-1
201501JC30652,1,9,0,4,0,0,0,0,0,0,2,1,6,1,53,8,1198,1,8,-1,-1,-1
201501JC30652,2,9,0,18,0,0,0,0,0,0,1,1,6,2,30,6,1968,2,9,-1,-1,-1
201501JC30653,1,1,0,18,0,8,0,0,0,0,3,1,6,1,30,6,-1,-1,-1,-1,1,-1
201501JC30653,2,9,0,9,0,8,0,0,0,0,1,1,6,1,31,6,1560,2,5,-1,1,-1
201501JC30656,1,9,0,9,0,5,0,0,0,0,1,1,6,2,68,10,1598,1,13,-1,1,-1
201501JC30657,1,9,0,11,2,1,0,0,0,0,4,1,6,1,60,9,2720,2,8,-1,1,-1
201501JC30657,2,1,0,18,2,1,0,0,0,0,3,1,6,1,48,8,-1,-1,-1,-1,1,-1
201501JC30658,1,9,0,18,0,0,0,0,0,0,3,1,6,3,-1,-1,-1,-1,-1,-1,-1,-1
201501JC30660,1,9,0,3,0,1,0,0,0,0,2,1,6,1,24,5,-1,-1,-1,-1,1,-1
201501JC30660,2,9,0,18,0,1,0,0,0,0,1,1,6,1,-1,-1,1596,1,10,-1,1,-1
201501JC30661,1,9,0,2,0,2,0,0,0,0,2,1,6,1,43,7,1995,2,12,-1,1,-1
201501JC30661,2,20,0,18,0,2,0,4,0,0,1,2,6,1,-1,-1,-1,-1,-1,-1,-1,-1
201501JC30662,1,9,0,17,0,2,0,0,0,0,1,1,6,1,23,5,1242,1,11,-1,-1,-1
201501JC30662,2,9,0,18,0,1,0,0,0,0,3,1,6,1,31,6,1896,2,13,-1,-1,-1
201501JC30664,1,11,0,5,0,0,0,0,0,0,1,1,1,1,42,7,8268,2,10,-1,1,-1
201501JC30665,1,9,0,9,0,8,0,0,0,0,4,1,6,1,50,8,1988,1,13,-1,1,-1
201501JC30665,2,1,0,18,0,8,0,0,0,0,1,1,6,1,36,7,-1,-1,-1,-1,1,-1
201501JC30666,1,9,0,3,0,1,0,0,0,0,2,1,6,2,20,4,1796,1,6,-1,1,-1
201501JC30666,2,9,0,4,0,1,0,0,0,0,2,1,6,1,19,4,1198,1,11,-1,1,-1
201501JC30666,3,19,0,18,0,1,0,0,0,0,1,1,6,1,-1,-1,-1,-1,-1,-1,-1,-1
201501JC30667,1,11,0,18,0,0,0,0,0,0,4,1,1,1,55,8,8268,2,12,-1,1,-1
201501JC30667,2,9,0,5,0,0,0,0,0,0,3,1,6,1,55,8,-1,-1,-1,-1,1,-1
201501JC30668,1,9,0,9,0,8,0,0,0,0,1,1,6,1,28,6,1968,2,1,-1,1,-1
201501JC30668,2,1,0,18,0,8,0,0,0,0,3,1,6,2,35,6,-1,-1,-1,-1,-1,-1
201501JC30669,1,9,0,9,0,2,0,0,0,0,1,1,6,1,18,4,1242,1,7,-1,1,-1
201501JC30670,1,9,0,4,0,0,0,0,0,0,2,1,6,1,49,8,2720,2,7,-1,1,-1
201501JC30670,2,9,0,4,0,0,0,0,0,0,2,1,6,1,33,6,1596,1,8,-1,1,-1
201501JC30670,3,19,0,4,0,0,0,0,0,0,2,1,6,1,32,6,1560,2,1,-1,1,-1
201501JC30670,4,9,0,18,0,0,0,0,0,0,1,1,6,1,33,6,1799,1,9,-1,1,-1
201501JC30671,1,3,0,3,0,1,0,0,0,0,1,1,2,1,29,6,125,1,6,-1,1,-1
201501JC30671,2,9,0,1,0,1,0,0,0,0,2,1,6,1,-1,-1,1242,1,14,-1,-1,-1
201501JC30673,1,9,0,17,0,8,0,0,0,0,2,1,6,2,25,5,1390,1,12,-1,1,-1
201501JC30673,2,9,0,17,0,8,0,0,0,0,1,1,6,2,-1,-1,2198,1,9,-1,-1,-1
201501JC30674,1,9,0,12,0,0,0,0,0,0,3,1,6,1,22,5,2993,2,10,-1,1,-1
201501JC30674,2,2,0,18,0,0,0,0,0,0,2,1,6,1,25,5,749,1,7,-1,1,-1
201501JC30674,3,2,0,18,0,0,0,0,0,0,2,1,6,1,22,5,124,1,-1,-1,1,-1
201501JC30675,1,9,0,3,0,2,0,0,0,0,2,1,6,2,67,10,1240,1,12,-1,1,-1
201501JC30675,2,9,0,4,0,2,0,0,0,0,2,1,1,1,50,8,1896,2,9,-1,1,-1
201501JC30675,3,19,0,18,0,2,0,0,0,0,1,1,1,1,31,6,2402,2,9,-1,-1,-1
201501JC30678,1,9,0,5,0,0,0,0,0,0,0,1,6,1,35,6,1896,2,16,-1,1,-1
201501JC30678,2,2,0,18,0,0,0,0,0,0,4,1,1,1,21,5,107,1,1,-1,1,-1
201501JC30679,1,1,0,18,0,1,0,0,0,0,1,1,6,1,53,8,-1,-1,-1,-1,-1,-1
201501JC30680,1,9,0,9,0,2,0,0,0,0,1,1,1,1,33,6,1797,8,-1,-1,1,-1
201501JC30681,1,9,0,6,0,2,0,0,0,0,3,1,6,1,27,6,1895,1,13,-1,1,-1
201501JC30681,2,9,0,18,0,2,0,0,0,0,1,1,6,1,22,5,-1,-1,-1,-1,1,-1
201501JC30682,1,9,0,18,0,1,0,0,0,0,2,1,6,1,53,8,1948,1,15,-1,1,-1
201501JC30682,2,9,0,18,0,1,0,0,0,0,1,1,6,1,24,5,1988,1,13,-1,-1,-1
201501JC30683,1,9,0,7,0,8,0,0,0,0,1,1,6,1,-1,-1,-1,-1,-1,-1,-1,-1
201501JC30685,1,9,0,3,0,0,0,0,0,0,2,1,6,1,45,7,-1,-1,-1,-1,1,-1
201501JC30685,2,9,0,18,0,0,0,0,0,0,1,1,6,1,-1,-1,1461,2,1,-1,-1,-1
201501JC30687,1,19,0,18,0,0,0,0,0,0,2,1,1,1,48,8,1598,2,2,-1,1,-1
201501JC30687,2,9,0,18,0,0,0,0,0,0,1,1,6,1,23,5,-1,-1,-1,-1,1,-1
201501JC30693,1,9,0,18,0,0,0,0,0,0,1,1,2,2,32,6,1598,1,12,-1,1,-1
201501JC30693,2,9,0,18,0,0,0,0,0,0,3,1,2,1,32,6,1973,1,15,-1,1,-1
201501JC30694,1,9,0,18,0,2,0,0,0,0,4,1,6,2,-1,-1,1390,1,5,-1,1,-1
201501JC30695,1,9,0,7,0,2,0,0,0,0,2,1,6,2,31,6,1197,1,4,-1,1,-1
201501JC30695,2,9,0,7,0,2,0,0,0,0,1,1,6,1,26,6,1242,1,8,-1,1,-1
201501JC30696,1,9,0,5,0,2,0,0,0,0,3,1,6,1,35,6,1956,2,4,-1,1,-1
201501JC30696,2,1,0,18,0,2,0,0,0,0,4,1,6,1,32,6,-1,-1,-1,-1,1,-1
201501JC30697,1,9,0,18,9,1,0,10,7,5,1,1,6,1,23,5,1998,2,10,-1,1,-1
201501JC30698,1,9,0,18,0,2,0,0,0,0,4,1,6,2,44,7,1149,1,6,-1,1,-1
201501JC30699,1,9,0,4,0,1,0,0,0,0,2,1,2,1,46,8,1582,2,2,-1,1,-1
201501JC30699,2,9,0,18,0,1,0,0,0,0,1,1,2,1,30,6,-1,-1,-1,-1,1,-1
201501JC30699,3,9,0,4,0,1,0,0,0,0,2,1,2,1,50,8,1798,8,3,-1,1,-1
201501JC30700,1,11,0,18,0,0,0,0,0,0,1,1,1,1,19,4,4500,2,-1,-1,1,-1
201501JC30700,2,1,0,11,0,0,0,0,0,0,1,1,6,1,19,4,-1,-1,-1,-1,1,-1
201501JC30701,1,19,0,4,0,0,0,0,0,0,2,1,1,1,27,6,-1,-1,-1,-1,1,-1
201501JC30701,2,19,0,18,0,0,0,0,0,0,1,1,1,1,-1,-1,-1,-1,-1,-1,-1,-1
201501JC30703,1,9,0,4,0,0,0,0,0,0,2,1,6,1,46,8,1560,2,10,-1,1,-1
201501JC30703,2,9,0,18,0,0,0,0,0,0,2,1,6,2,23,5,1397,1,12,-1,-1,-1
201501JC30703,3,3,0,18,0,0,0,0,0,0,1,1,6,2,40,7,-1,-1,-1,-1,-1,-1
201501JC30704,1,9,0,18,0,1,0,0,0,0,1,1,6,1,39,7,2597,1,13,-1,-1,-1
201501JC30704,2,9,0,9,0,1,0,0,0,0,2,1,6,2,50,8,1242,1,9,-1,1,-1
201501JC30705,1,9,0,18,0,0,0,0,0,0,4,1,6,3,-1,-1,-1,-1,-1,-1,-1,-1
201501JC30706,1,1,0,4,2,0,0,0,0,0,3,1,2,1,34,6,-1,-1,-1,-1,1,-1
201501JC30706,2,19,0,18,0,0,0,0,0,0,4,1,1,1,-1,-1,4461,2,7,-1,-1,-1
201501JC30707,1,9,0,6,0,0,0,0,0,0,2,1,6,2,61,9,999,1,1,-1,1,-1
201501JC30707,2,9,0,18,0,0,0,0,0,0,1,1,6,1,23,5,1997,2,-1,-1,1,-1
201501JC30707,3,9,0,3,0,0,0,0,0,0,2,1,6,1,47,8,-1,-1,-1,-1,1,-1
201501JC30708,1,2,0,18,0,0,0,0,0,0,1,1,1,1,23,5,102,1,8,-1,1,-1
201501JC30709,1,11,0,4,0,0,0,0,0,0,0,1,2,1,40,7,4500,2,3,-1,1,-1
201501JC30710,1,9,0,4,0,0,0,0,0,0,1,1,6,1,57,9,1686,2,9,-1,1,-1
201501JC30710,2,9,0,4,0,0,0,0,0,0,2,1,6,1,37,7,1794,1,11,-1,-1,-1
201501JC30711,1,9,0,9,0,8,0,0,0,0,1,1,6,1,38,7,-1,-1,-1,-1,1,-1
201501JC30711,2,5,0,14,0,8,0,0,0,0,1,1,6,1,25,5,-1,-1,-1,-1,1,-1
201501JC30712,1,9,0,9,0,1,0,0,0,0,1,1,2,1,55,8,2500,1,16,-1,1,-1
201501JC30712,2,9,0,15,0,1,0,0,0,0,1,1,6,3,-1,-1,-1,-1,-1,-1,-1,-1
201501JC30713,1,9,0,18,0,3,0,0,0,0,4,1,6,1,32,6,-1,-1,-1,-1,1,-1
201501JC30714,1,9,0,18,0,1,0,7,0,0,1,1,6,1,51,8,1799,1,16,-1,1,-1
201501JC30715,1,9,0,18,0,1,0,0,0,0,3,1,6,1,20,4,1598,1,5,-1,1,-1
201501JC30717,1,9,0,2,0,0,0,0,0,0,2,1,6,1,31,6,1497,8,2,-1,1,-1
201501JC30717,2,9,0,1,0,0,0,4,0,0,2,1,6,1,21,5,1299,1,10,-1,1,-1
201501JC30718,1,9,0,9,0,8,0,0,0,0,1,1,6,1,19,4,1596,1,8,-1,1,-1
201501JC30718,2,9,0,18,0,8,0,0,0,0,1,1,6,1,57,9,1896,2,7,-1,1,-1
201501JC30720,1,90,0,18,0,0,0,0,0,0,3,1,6,1,-1,-1,-1,-1,-1,-1,-1,-1
201501JC30721,1,11,0,18,0,1,0,0,0,0,1,1,1,1,49,8,9360,2,5,-1,-1,-1
201501JC30721,2,2,0,18,0,2,0,0,0,0,1,1,6,2,19,4,125,1,1,-1,1,-1
201501JC30722,1,9,0,6,0,1,0,4,0,0,3,1,6,1,22,5,-1,-1,-1,-1,1,-1
201501JC30722,2,9,0,18,0,1,0,0,0,0,1,1,6,1,24,5,1995,2,8,-1,1,-1
201501JC30722,3,9,0,2,0,1,0,0,0,0,3,1,6,1,-1,-1,1390,1,12,-1,-1,-1
201501JC30724,1,9,0,2,0,0,0,0,0,0,3,1,6,3,-1,-1,1339,1,9,-1,-1,-1
201501JC30724,2,1,0,18,0,0,0,4,0,0,1,1,2,1,24,5,-1,-1,-1,-1,1,-1
201501JC30726,1,9,0,9,0,8,0,0,0,0,4,1,6,2,59,9,1329,1,5,-1,1,-1
201501JC30726,2,3,0,18,0,8,0,0,0,0,1,1,6,1,31,6,124,1,10,-1,1,-1
201501JC30728,1,3,0,18,0,8,0,0,0,0,1,1,6,1,25,5,124,1,3,-1,1,-1
201501JC30728,2,9,0,9,0,8,0,0,0,0,1,1,6,3,26,6,-1,-1,-1,-1,-1,-1
201501JC30729,1,1,0,18,0,1,0,0,0,0,3,1,6,1,26,6,-1,-1,-1,-1,1,-1
201501JC30729,2,9,0,7,0,1,0,0,0,0,1,1,6,2,43,7,898,1,-1,-1,1,-1
201501JC30730,1,9,0,18,0,2,0,0,0,0,1,1,6,2,23,5,1598,2,1,-1,1,-1
201501JC30730,2,19,0,1,0,2,0,0,0,0,2,1,6,1,30,6,2143,2,1,-1,-1,-1
201501JC30731,1,9,0,18,0,8,0,0,0,0,3,1,6,1,49,8,1598,2,4,-1,1,-1
201501JC30731,2,1,0,18,0,8,0,0,0,0,1,1,6,1,25,5,-1,-1,-1,-1,1,-1
201501JC30733,1,9,0,18,0,1,0,0,0,0,1,1,6,3,-1,-1,-1,-1,-1,-1,-1,-1
201501JC30735,1,3,0,9,0,8,0,0,0,0,4,1,6,2,57,9,-1,-1,-1,-1,1,-1
201501JC30735,2,9,0,9,0,8,0,0,0,0,1,1,6,1,19,4,-1,-1,-1,-1,3,-1
201501JC30737,1,9,0,18,0,1,0,0,0,0,1,1,6,1,26,6,1499,2,-1,-1,1,-1
201501JC30737,2,9,0,18,0,2,0,0,0,0,1,1,6,2,19,4,1242,1,1,-1,1,-1
201501JC30738,1,8,0,18,0,8,0,0,0,0,3,1,1,1,30,6,1800,8,3,-1,1,-1
201501JC30738,2,9,0,9,0,8,0,0,0,0,1,1,6,1,-1,-1,1686,2,10,-1,-1,-1
201501JC30739,1,9,0,12,0,0,0,0,0,0,1,1,6,2,86,11,1275,1,17,-1,1,-1
201501JC30739,2,9,0,18,0,0,0,0,0,0,1,1,6,1,39,7,1242,1,5,-1,1,-1
201501JC30742,1,9,0,11,0,8,0,0,0,0,1,1,6,1,53,8,3000,1,14,-1,1,-1
201501JC30742,2,3,0,18,0,8,0,0,0,0,1,1,6,1,50,8,124,1,6,-1,1,-1
201501JC30744,1,3,0,18,0,0,0,0,0,0,3,1,6,1,34,6,125,1,-1,-1,1,-1
201501JC30744,2,9,0,14,0,0,0,0,0,0,1,1,6,1,-1,-1,-1,-1,-1,-1,1,-1
201501JC30747,1,19,0,13,0,8,0,0,0,0,1,1,1,1,54,8,-1,-1,-1,-1,1,-1
201501JC30747,2,9,0,9,0,8,0,0,0,0,3,1,6,1,29,6,1600,1,11,-1,1,-1
201501JC30748,1,19,0,18,9,1,0,0,0,0,1,1,6,1,-1,-1,-1,-1,-1,-1,-1,-1
201501JC30750,1,1,0,18,4,1,0,0,0,0,2,1,6,1,36,7,-1,-1,-1,-1,1,-1
201501JC30750,2,9,0,7,4,1,0,0,0,0,1,1,6,3,-1,-1,1798,1,13,-1,-1,-1
201501JC30752,1,9,0,9,0,8,0,0,0,0,2,1,6,2,32,6,-1,-1,-1,-1,1,-1
201501JC30752,2,9,0,9,0,1,0,0,0,0,1,1,6,1,-1,-1,1560,2,10,-1,-1,-1
201501JC30752,3,9,0,18,0,8,0,0,0,0,0,1,6,1,-1,-1,-1,-1,-1,-1,-1,-1
201501JC30754,1,9,0,5,0,0,0,0,0,0,1,1,6,2,37,7,-1,-1,-1,-1,1,-1
201501JC30755,1,9,0,1,0,8,0,0,0,0,2,1,6,1,-1,-1,-1,-1,-1,-1,-1,-1
201501JC30756,1,9,0,18,0,2,0,0,0,0,1,1,6,2,-1,-1,1497,8,6,-1,1,-1
201501JC30756,2,1,0,18,0,2,0,0,0,0,4,1,6,1,16,4,-1,-1,-1,-1,1,-1
201501JC30757,1,9,0,7,0,1,0,0,0,0,1,1,6,2,42,7,1242,1,7,-1,1,-1
201501JC30758,1,9,0,18,0,1,0,0,0,0,3,1,1,2,39,7,1388,1,12,-1,1,-1
201501JC30758,2,90,0,9,0,1,0,0,0,0,1,1,1,1,49,8,-1,-1,-1,-1,1,-1
201501JC30759,1,9,0,3,0,0,0,0,0,0,1,1,6,1,32,6,1968,2,10,-1,1,-1
201501JC30759,2,19,0,1,0,0,0,0,0,0,2,1,6,1,-1,-1,2151,2,14,-1,-1,-1
201501JC30760,1,9,0,10,0,1,0,0,0,0,2,1,2,2,38,7,1995,2,8,-1,1,-1
201501JC30760,2,9,0,18,0,1,0,0,0,0,1,1,6,1,28,6,1596,1,13,-1,-1,-1
201501JC30761,1,9,0,17,0,0,1,4,0,0,1,1,6,2,18,4,1498,1,10,-1,1,-1
201501JC30761,2,19,0,2,0,0,0,0,0,0,1,1,6,3,-1,-1,1560,2,1,-1,-1,-1
201501JC30761,3,9,0,2,0,0,0,4,0,0,1,1,6,3,-1,-1,-1,-1,-1,-1,-1,-1
201501JC30761,4,9,0,2,0,0,0,4,0,0,1,1,6,3,-1,-1,1339,1,9,-1,-1,-1
201501JC30761,5,9,0,2,0,0,0,4,0,0,1,1,6,3,-1,-1,1248,2,4,-1,-1,-1
201501JC30763,1,9,0,18,0,0,2,10,1,1,4,1,6,2,71,10,1240,1,11,-1,1,-1
201501JC30764,1,19,0,9,0,1,0,0,0,0,1,1,1,1,42,7,1560,2,1,-1,1,-1
201501JC30765,1,9,0,10,0,1,0,0,0,0,2,1,6,2,46,8,1596,1,6,-1,-1,-1
201501JC30765,2,9,0,18,0,1,0,0,0,0,1,1,6,1,50,8,1598,1,10,-1,1,-1
201501JC30767,1,9,0,18,0,1,0,0,0,0,1,1,6,1,67,10,1339,1,2,-1,1,-1
201501JC30767,2,4,0,9,0,8,0,0,0,0,4,1,1,1,34,6,-1,-1,-1,-1,1,-1
201501JC30768,1,1,0,18,9,0,0,0,0,0,1,1,6,1,-1,-1,-1,-1,-1,-1,-1,-1
201501JC30769,1,9,0,4,0,0,0,0,0,0,1,1,6,1,53,8,1596,1,7,-1,1,-1
201501JC30769,2,9,0,4,0,0,0,0,0,0,2,1,6,2,34,6,1596,1,4,-1,1,-1
201501JC30770,1,9,0,18,0,0,0,0,0,0,4,1,6,1,45,7,1910,2,5,-1,1,-1
201501JC30772,1,1,0,18,0,8,0,0,0,0,1,1,6,1,34,6,-1,-1,-1,-1,-1,-1
201501JC30772,2,9,0,7,0,8,0,0,0,0,4,1,6,3,-1,-1,-1,-1,-1,-1,-1,-1
201501JC30773,1,9,0,18,0,8,0,0,0,0,1,1,6,1,43,7,2000,2,10,-1,1,-1
201501JC30773,2,9,0,18,0,8,0,0,0,0,1,1,6,2,51,8,-1,-1,-1,-1,1,-1
201501JC30773,3,9,0,18,0,8,0,0,0,0,1,1,6,2,33,6,-1,-1,-1,-1,-1,-1
201501JC30775,1,8,0,18,0,2,0,0,0,0,1,1,1,1,29,6,1995,2,4,-1,1,-1
201501JC30776,1,9,0,3,0,0,0,0,0,0,2,1,6,1,48,8,2148,2,7,-1,1,-1
201501JC30776,2,9,0,18,0,0,0,0,0,0,1,1,6,1,57,9,2231,2,2,-1,1,-1
201501JC30777,1,9,0,16,0,8,0,0,0,0,3,1,6,1,37,7,1390,1,3,-1,1,-1
201501JC30777,2,9,0,16,0,8,0,0,0,0,4,1,6,1,-1,-1,1997,2,5,-1,-1,-1
201501JC30778,1,9,0,5,0,8,0,0,0,0,4,1,6,2,54,8,1242,1,11,-1,1,-1
201501JC30778,2,1,0,15,0,8,0,0,0,0,1,1,6,1,31,6,-1,-1,-1,-1,1,-1
201501JC30780,1,3,0,18,0,8,0,0,0,0,1,1,6,1,18,4,-1,-1,-1,-1,1,-1
201501JC30780,2,9,0,9,0,8,0,0,0,0,4,1,6,1,-1,-1,-1,-1,-1,-1,-1,-1
201501JC30781,1,9,0,9,0,2,0,0,0,0,1,1,6,1,68,10,-1,-1,-1,-1,1,-1
201501JC30782,1,9,0,18,0,2,0,0,0,0,4,1,6,2,53,8,1388,1,8,-1,1,-1
201501JC30783,1,9,0,9,0,8,0,0,0,0,4,1,6,1,24,5,-1,-1,-1,-1,1,-1
201501JC30783,2,3,0,18,0,8,0,0,0,0,1,1,2,1,23,5,109,1,2,-1,1,-1
201501JC30786,1,11,0,3,0,0,0,0,0,0,0,1,1,1,30,6,9000,2,7,-1,1,-1
201501JC30789,1,9,0,9,0,8,0,0,0,0,3,1,6,2,30,6,1998,1,8,-1,1,-1
201501JC30789,2,9,0,7,0,8,0,0,0,0,4,1,6,1,69,10,1596,1,2,-1,1,-1
201501JC30790,1,9,0,3,0,0,0,0,0,0,2,1,6,2,46,8,1596,1,11,-1,-1,-1
201501JC30790,2,9,0,3,0,0,0,0,0,0,2,1,2,1,64,9,998,1,2,-1,-1,-1
201501JC30790,3,21,0,4,0,0,0,0,0,0,1,1,1,1,32,6,-1,-1,-1,-1,1,-1
201501JC30791,1,9,0,18,0,0,0,0,0,0,3,1,6,2,27,6,2685,2,12,-1,1,-1
201501JC30791,2,9,0,5,0,0,0,0,0,0,1,1,6,2,34,6,1598,1,1,-1,1,-1
201501JC30792,1,9,0,9,0,2,0,0,0,0,4,1,3,1,41,7,1968,2,3,-1,1,-1
201501JC30793,1,9,0,9,0,8,0,0,0,0,4,1,6,3,-1,-1,4398,1,11,-1,-1,-1
201501JC30793,2,1,0,18,0,8,0,0,0,0,1,1,1,1,40,7,-1,-1,-1,-1,1,-1
201501JC30796,1,9,0,18,0,1,0,0,0,0,1,1,6,1,59,9,2143,2,-1,-1,1,-1
201501JC30797,1,9,0,3,0,8,0,0,0,0,3,1,6,2,57,9,-1,-1,-1,-1,1,-1
201501JC30797,2,9,0,9,0,8,0,0,0,0,1,1,6,1,-1,-1,-1,-1,-1,-1,-1,-1
201501JC30798,1,9,0,2,0,0,0,0,0,0,3,1,6,2,37,7,1199,2,3,-1,-1,-1
201501JC30798,2,3,0,18,0,0,0,4,0,0,4,1,6,1,29,6,125,1,1,-1,1,-1
201501JC30799,1,9,0,1,0,2,0,4,0,0,1,1,6,2,23,5,1149,1,8,-1,1,-1
201501JC30799,2,9,0,2,0,2,0,10,7,0,2,1,6,3,-1,-1,1396,1,13,-1,-1,-1
201501JC30799,3,9,0,2,0,2,0,0,0,0,3,1,6,3,-1,-1,1497,8,1,-1,-1,-1
201501JC30800,1,9,0,9,0,1,0,0,0,0,1,1,6,2,36,7,1997,2,5,-1,-1,-1
201501JC30801,1,9,0,1,0,1,0,0,0,0,2,1,6,1,22,5,1968,2,2,-1,1,-1
201501JC30805,1,9,0,11,0,8,0,0,0,0,4,1,6,1,67,10,1560,2,4,-1,3,-1
201501JC30805,2,3,0,12,0,8,0,0,0,0,3,1,6,1,19,4,-1,-1,-1,-1,1,-1
201501JC30806,1,1,0,7,0,8,0,0,0,0,2,1,2,1,51,8,-1,-1,-1,-1,1,-1
201501JC30806,2,9,0,18,0,8,0,0,0,0,1,1,6,2,67,10,998,1,-1,-1,1,-1
201501JC30808,1,3,0,4,0,0,0,0,0,0,2,1,6,1,40,7,124,1,9,-1,1,-1
201501JC30808,2,9,0,18,0,0,0,0,0,0,1,1,6,2,-1,-1,1598,1,8,-1,1,-1
201501JC30809,1,11,0,18,0,8,0,0,0,0,4,1,1,1,49,8,4500,2,3,-1,-1,-1
201501JC30809,2,9,0,5,0,8,0,0,0,0,3,1,6,1,33,6,1998,1,15,-1,1,-1
201501JC30810,1,9,0,9,0,8,0,0,0,0,4,1,6,1,-1,-1,1364,1,9,-1,1,-1
201501JC30810,2,1,0,18,0,8,0,0,0,0,1,1,6,1,22,5,-1,-1,-1,-1,1,-1
201501JC30811,1,9,0,18,0,0,0,0,0,0,3,1,1,1,48,8,1896,2,6,-1,1,-1
201501JC30811,2,19,0,11,0,0,0,0,0,0,4,1,2,1,26,6,1248,2,4,-1,1,-1
201501JC30812,1,8,0,1,0,1,0,0,0,0,2,1,1,1,39,7,1798,8,2,-1,1,-1
201501JC30814,1,90,0,18,0,8,0,0,0,0,1,1,6,1,23,5,-1,-1,-1,-1,1,-1
201501JC30814,2,9,0,10,0,8,0,0,0,0,2,1,6,2,26,6,1461,2,2,-1,1,-1
201501JC30815,1,5,0,9,0,8,0,0,0,0,3,1,2,1,30,6,998,1,5,-1,1,-1
201501JC30815,2,9,0,18,0,8,0,0,0,0,1,1,2,1,21,5,999,1,3,-1,-1,-1
201501JC30817,1,9,0,9,0,2,0,0,0,0,2,1,2,2,55,8,1595,1,16,-1,1,-1
201501JC30817,2,19,0,9,0,2,0,0,0,0,1,1,6,1,24,5,2143,2,3,-1,1,-1
201501JC30818,1,9,0,18,0,8,0,0,0,0,1,1,6,1,30,6,-1,-1,-1,-1,1,-1
201501JC30818,2,1,0,9,0,8,0,0,0,0,4,1,6,1,21,5,-1,-1,-1,-1,1,-1
201501JC30819,1,9,0,18,0,8,0,0,0,0,1,1,6,1,22,5,-1,-1,-1,-1,1,-1
201501JC30819,2,9,0,9,0,8,0,0,0,0,4,1,6,2,52,8,1197,1,1,-1,1,-1
201501JC30820,1,9,0,18,0,0,0,4,0,0,1,1,1,1,45,7,1686,2,5,-1,1,-1
201501JC30820,2,9,0,2,0,0,0,4,0,0,3,1,6,1,39,7,1968,2,6,-1,1,-1
201501JC30820,3,9,0,2,0,0,0,0,0,0,2,1,6,3,-1,-1,-1,-1,-1,-1,-1,-1
201501JC30821,1,9,0,4,0,8,0,0,0,0,2,1,6,2,30,6,1248,1,3,-1,1,-1
201501JC30821,2,8,0,18,0,8,0,0,0,0,1,1,6,1,-1,-1,1998,2,5,-1,1,-1
201501JC30822,1,9,0,1,0,6,0,0,0,0,2,1,6,1,-1,-1,-1,-1,-1,-1,-1,-1
201501JC30823,1,9,0,9,0,8,0,0,0,0,4,1,6,1,-1,-1,-1,-1,-1,-1,-1,-1
201501JC30824,1,11,0,18,0,0,0,0,0,0,0,1,1,1,39,7,6692,2,2,-1,1,-1
201501JC30825,1,9,0,4,0,1,0,0,0,0,2,1,6,1,23,5,2143,2,1,-1,1,-1
201501JC30825,2,9,0,18,0,1,0,0,0,0,1,1,6,1,51,8,-1,-1,-1,-1,1,-1
201501JC30826,1,9,0,9,0,8,0,0,0,0,1,1,6,1,20,4,998,1,10,-1,1,-1
201501JC30826,2,9,0,18,0,8,0,0,0,0,1,1,6,1,45,7,1997,2,1,-1,1,-1
201501JC30827,1,9,0,17,0,0,1,10,2,7,2,1,6,2,30,6,1896,2,9,-1,1,-1