Accident_Index,Vehicle_Reference,Vehicle_Type,Towing_and_Articulation,Vehicle_Manoeuvre,Vehicle_Location-Restricted_Lane,Junction_Location,Skidding_and_Overturning,Hit_Object_in_Carriageway,Vehicle_Leaving_Carriageway,Hit_Object_off_Carriageway,1st_Point_of_Impact,Was_Vehicle_Left_Hand_Drive?,Journey_Purpose_of_Driver,Sex_of_Driver,Age_of_Driver,Age_Band_of_Driver,Engine_Capacity_(CC),Propulsion_Code,Age_of_Vehicle,Driver_IMD_Decile,Driver_Home_Area_Type,Vehicle_IMD_Decile
201501JC30828,1,1,0,10,0,8,0,0,0,0,1,1,6,1,55,8,-1,-1,-1,-1,1,-1
201501JC30828,2,9,0,9,0,8,0,0,0,0,3,1,6,1,-1,-1,1896,2,9,-1,-1,-1
201501JC30831,1,19,0,18,0,2,0,0,0,0,1,1,1,1,24,5,2143,2,-1,-1,1,-1
201501JC30831,2,11,0,18,0,1,0,0,0,0,1,1,1,1,52,8,9000,2,5,-1,1,-1
201501JC30832,1,9,0,10,0,8,0,0,0,0,2,1,6,1,24,5,1398,1,1,-1,1,-1
201501JC30832,2,9,0,3,0,8,0,0,0,0,2,1,6,1,20,4,1364,1,8,-1,1,-1
201501JC30832,3,19,0,18,0,8,0,0,0,0,1,1,1,1,33,6,2143,2,-1,-1,1,-1
201501JC30833,1,9,0,9,0,8,0,0,0,0,3,1,6,1,49,8,1248,2,12,-1,1,-1
201501JC30833,2,3,0,18,0,8,1,0,0,0,1,1,1,1,20,4,108,1,2,-1,1,-1
201501JC30837,1,9,0,18,0,8,0,0,0,0,1,1,6,2,23,5,1199,1,12,-1,1,-1
201501JC30837,2,9,0,9,0,8,0,0,0,0,3,1,6,1,-1,-1,1086,1,12,-1,-1,-1
201501JC30839,1,19,0,18,0,0,0,0,0,0,4,1,1,1,57,9,2151,2,12,-1,1,-1
201501JC30839,2,19,0,12,0,0,0,0,0,0,3,1,6,1,-1,-1,2198,2,9,-1,-1,-1
201501JC30841,1,9,0,18,0,0,0,0,0,0,4,1,6,2,77,11,1587,1,9,-1,1,-1
201501JC30850,1,3,0,18,0,8,0,0,0,0,3,1,1,1,23,5,108,1,-1,-1,1,-1
201501JC30850,2,9,0,9,0,8,0,0,0,0,1,1,6,3,-1,-1,-1,-1,-1,-1,-1,-1
201501JC30852,1,1,0,9,0,8,0,0,0,0,4,1,6,1,30,6,-1,-1,-1,-1,1,-1
201501JC30852,2,9,0,18,0,8,0,0,0,0,1,1,6,2,-1,-1,1598,1,2,-1,-1,-1
201501JC30875,1,9,0,4,0,0,0,0,1,0,2,1,4,2,44,7,1598,1,2,-1,1,-1
201501JC30875,2,9,0,4,0,0,0,0,0,0,1,1,6,2,23,5,1596,1,8,-1,-1,-1
201501JC39072,1,9,0,2,0,0,0,0,0,0,2,1,6,1,55,8,1124,1,11,-1,1,-1
201501JC39072,2,19,0,18,0,0,0,4,0,0,1,1,1,3,-1,-1,7146,2,7,-1,-1,-1
201501JI40001,1,9,0,6,0,0,0,0,0,0,3,1,6,2,34,6,1997,1,12,-1,1,-1
201501JI40001,2,3,0,13,0,0,0,0,0,0,4,1,1,1,25,5,-1,-1,-1,-1,1,-1
201501JI40003,1,9,0,9,0,8,0,0,0,0,4,1,6,1,18,4,1229,1,5,-1,1,-1
201501JI40003,2,9,0,18,0,8,0,0,0,0,1,1,6,1,21,5,999,1,6,-1,1,-1
201501JI40005,1,9,0,18,0,1,0,0,0,0,1,1,6,1,36,7,998,1,11,-1,1,-1
201501JI40006,1,2,0,18,0,8,0,0,0,0,3,1,6,1,18,4,49,1,2,-1,1,-1
201501JI40006,2,9,0,18,0,8,0,0,0,0,1,1,6,3,-1,-1,1199,1,11,-1,-1,-1
201501JI40007,1,9,0,4,0,1,0,0,0,0,1,1,6,2,30,6,1422,2,11,-1,1,-1
201501JI40009,1,9,0,14,0,1,0,0,0,0,1,1,1,1,64,9,-1,-1,-1,-1,1,-1
201501JI40010,1,9,0,18,0,1,0,4,0,0,4,1,6,1,33,6,1149,1,1,-1,1,-1
201501JI40010,2,9,0,2,0,1,0,0,0,0,3,1,6,1,76,11,1368,1,4,-1,1,-1
201501JI40016,1,9,0,18,0,8,0,0,0,0,1,1,1,2,22,5,1364,1,10,-1,1,-1
201501JI40016,2,9,0,18,0,8,0,0,0,0,2,1,1,1,30,6,-1,-1,-1,-1,3,-1
201501JI40019,1,11,0,18,0,1,0,0,0,0,0,1,1,1,49,8,7300,2,10,-1,1,-1
201501JI40020,1,9,0,7,0,8,0,0,0,0,3,1,2,2,39,7,998,1,2,-1,1,-1
201501JI40020,2,5,0,18,0,8,2,0,0,0,1,1,2,1,47,8,600,1,3,-1,1,-1
201501JI40021,1,19,0,4,0,0,0,0,0,0,3,1,1,1,40,7,-1,-1,-1,-1,-1,-1
201501JI40021,2,90,0,1,0,0,0,0,0,0,2,1,1,1,58,9,-1,-1,-1,-1,-1,-1
201501JI40022,1,9,0,18,0,2,0,4,1,4,1,1,6,1,21,5,2494,1,12,-1,1,-1
201501JI40022,2,9,0,2,0,2,0,0,0,0,2,1,6,1,64,9,-1,-1,-1,-1,1,-1
201501JI40022,3,9,0,2,0,2,0,0,0,0,2,1,6,2,-1,-1,1598,1,5,-1,1,-1
201501JI40023,1,1,0,17,0,8,0,0,0,0,4,1,1,1,38,7,-1,-1,-1,-1,1,-1
201501JI40023,2,9,0,18,0,8,0,0,0,0,1,1,1,1,56,9,1753,2,6,-1,1,-1
201501JI40027,1,9,0,18,0,2,5,4,0,0,4,1,6,3,-1,-1,1598,1,5,-1,-1,-1
201501JI40027,2,9,0,2,0,2,0,0,0,0,3,1,6,2,28,6,-1,-1,-1,-1,1,-1
201501JI40028,1,9,0,4,0,1,0,0,0,0,2,1,6,1,-1,-1,1896,2,10,-1,1,-1
201501JI40028,2,9,0,18,0,1,1,0,0,0,1,1,6,3,-1,-1,2494,1,21,-1,-1,-1
201501JI40030,1,9,0,4,0,0,0,0,0,0,2,1,6,1,30,6,1898,1,14,-1,1,-1
201501JI40030,2,9,0,18,0,0,0,0,0,0,1,1,1,1,21,5,1599,1,12,-1,1,-1
201501JI40031,1,3,0,18,0,0,0,0,0,0,3,1,6,1,30,6,278,1,5,-1,1,-1
201501JI40031,2,9,0,13,0,0,0,0,0,0,4,1,6,1,-1,-1,1968,2,2,-1,-1,-1
201501JI40032,1,2,0,18,0,8,0,0,0,0,4,1,1,1,21,5,49,1,6,-1,1,-1
201501JI40034,1,9,0,18,0,1,0,0,0,0,1,1,6,2,65,9,1598,1,10,-1,-1,-1
201501JI40034,2,9,0,3,0,1,0,0,0,0,2,1,6,2,43,7,-1,-1,-1,-1,1,-1
201501JI40035,1,11,0,5,0,0,0,0,0,0,4,1,1,1,61,9,6700,2,4,-1,-1,-1
201501JI40036,1,9,0,9,0,8,0,0,0,0,1,1,1,1,-1,-1,2000,1,11,-1,-1,-1
201501JI40036,2,1,0,18,0,8,0,0,0,0,3,1,1,1,43,7,-1,-1,-1,-1,1,-1
201501JI40037,1,9,0,3,0,0,0,0,0,0,2,1,6,1,19,4,1796,1,16,-1,1,-1
201501JI40037,2,19,0,18,0,0,0,0,0,0,1,1,1,3,-1,-1,2198,2,2,-1,-1,-1
201501JI40038,1,9,0,18,0,0,0,0,0,0,0,1,6,3,-1,-1,-1,-1,-1,-1,-1,-1
201501JI40038,2,9,0,18,0,0,0,0,0,0,2,1,6,1,33,6,3199,1,16,-1,1,-1
201501JI40038,3,9,0,18,0,0,0,0,0,0,1,1,6,1,50,8,-1,-1,-1,-1,-1,-1
201501JI40038,4,9,0,18,0,0,0,0,0,0,1,1,6,2,26,6,999,1,6,-1,1,-1
201501JI40041,1,8,0,5,0,0,0,0,0,0,4,1,1,1,39,7,1582,2,2,-1,1,-1
201501JI40043,1,9,0,4,0,1,0,0,0,0,2,1,6,1,20,4,1388,1,3,-1,1,-1
201501JI40043,2,9,0,18,0,1,0,0,0,0,1,1,6,1,-1,-1,998,1,2,-1,-1,-1
201501JI40044,1,9,0,18,0,0,0,0,0,0,4,1,6,1,54,8,1997,2,3,-1,1,-1
201501JI40045,1,9,0,4,0,0,0,0,0,0,2,1,6,1,48,8,1910,2,7,-1,1,-1
201501JI40045,2,19,0,18,0,0,0,0,0,0,1,1,6,1,-1,-1,2198,2,4,-1,-1,-1
201501JI40046,1,9,0,9,0,8,0,0,0,0,4,1,2,1,30,6,1388,1,10,-1,1,-1
201501JI40046,2,1,0,15,4,8,0,0,0,0,1,1,6,1,-1,-1,-1,-1,-1,-1,1,-1
201501JI40047,1,9,0,5,0,0,0,4,0,0,1,1,6,1,55,8,3387,1,14,-1,1,-1
201501JI40047,2,9,0,2,0,0,0,0,0,0,2,1,6,1,41,7,1796,1,10,-1,1,-1
201501JI40047,3,9,0,2,0,0,0,0,0,0,3,1,6,2,49,8,1461,2,1,-1,1,-1
201501JI40049,1,9,0,18,0,8,0,0,0,0,4,1,6,1,23,5,-1,-1,-1,-1,1,-1
201501JI40049,2,9,0,18,0,8,0,0,0,0,1,1,6,1,36,7,-1,-1,-1,-1,1,-1
201501JI40050,1,8,0,18,0,1,0,0,0,0,1,1,1,1,54,8,2402,2,10,-1,1,-1
201501JI40050,2,9,0,18,0,2,0,0,0,0,2,1,6,3,-1,-1,1598,1,5,-1,-1,-1
201501JI40051,1,9,0,18,0,0,0,0,0,0,1,1,6,1,24,5,1364,1,7,-1,1,-1
201501JI40051,2,9,0,7,0,0,0,0,0,0,2,1,1,1,50,8,1995,2,5,-1,1,-1
201501JI40054,1,9,0,5,0,1,0,0,0,0,3,1,1,2,37,7,1396,1,2,-1,1,-1
201501JI40054,2,9,0,2,0,8,0,0,0,0,4,1,6,1,57,9,-1,-1,-1,-1,1,-1
201501JI40054,3,9,0,7,0,2,0,4,1,1,2,1,6,1,42,7,1798,1,13,-1,1,-1
201501JI40055,1,9,0,18,0,0,0,4,0,0,4,1,6,1,18,4,-1,-1,-1,-1,1,-1
201501JI40055,2,9,0,2,0,0,0,0,1,2,2,1,6,1,34,6,-1,-1,-1,-1,1,-1
201501JI40056,1,9,0,9,0,8,0,0,0,0,4,1,2,2,31,6,1598,1,5,-1,1,-1
201501JI40056,2,1,0,15,0,8,0,0,0,0,1,1,6,1,37,7,-1,-1,-1,-1,1,-1
201501JI40057,1,9,0,5,0,8,0,0,0,0,3,1,6,1,67,10,-1,-1,-1,-1,1,-1
201501JI40057,2,9,0,5,0,8,0,0,0,0,4,1,6,1,-1,-1,1198,1,1,-1,-1,-1
201501JI40059,1,9,0,7,0,2,0,0,0,0,3,1,6,2,47,8,-1,-1,-1,-1,1,-1
201501JI40059,2,9,0,18,0,2,0,0,0,0,4,1,6,1,23,5,2993,2,7,-1,1,-1
201501JI40060,1,5,0,9,0,2,0,0,0,0,1,1,6,1,41,7,645,1,13,-1,1,-1
201501JI40060,2,9,0,14,0,1,0,0,0,0,1,1,6,1,-1,-1,1197,1,1,-1,-1,-1
201501JI40062,1,9,0,4,0,0,0,0,0,0,4,1,6,2,48,8,1364,2,8,-1,1,-1
201501JI40063,1,3,0,18,0,0,0,0,0,0,4,1,6,1,20,4,124,1,1,-1,1,-1
201501JI40064,1,9,0,18,0,1,0,0,0,0,1,1,1,1,58,9,1240,1,12,-1,1,-1
201501JI40064,2,9,0,10,0,1,0,0,0,0,2,1,6,2,39,7,998,1,10,-1,1,-1
201501JI40064,3,9,0,10,0,1,0,0,0,0,2,1,6,2,33,6,1390,1,14,-1,1,-1
201501JI40065,1,9,0,18,0,0,0,0,0,0,3,1,6,1,58,9,2987,2,5,-1,1,-1
201501JI40065,2,9,0,18,0,0,0,0,1,0,3,1,6,1,28,6,1498,1,3,-1,-1,-1
201501JI40066,1,9,0,7,0,1,0,0,0,0,2,1,6,2,31,6,1390,1,10,-1,-1,-1
201501JI40066,2,9,0,18,0,1,0,0,0,0,1,1,6,3,-1,-1,2148,2,11,-1,1,-1
201501JI40067,1,9,0,9,0,8,0,0,0,0,4,1,6,2,22,5,1598,1,2,-1,1,-1
201501JI40067,2,3,0,18,0,8,0,0,0,0,1,1,6,1,26,6,125,1,6,-1,1,-1
201501JI40068,1,9,0,18,0,8,0,0,0,0,3,1,3,1,42,7,-1,-1,-1,-1,1,-1
201501JI40068,2,9,0,18,0,8,0,0,0,0,1,1,3,2,37,7,-1,-1,-1,-1,1,-1
201501JI40070,1,9,0,5,0,0,0,0,0,0,4,1,6,3,-1,-1,-1,-1,-1,-1,-1,-1
201501JI40071,1,9,0,5,0,8,0,0,0,0,4,1,6,2,31,6,1995,1,10,-1,1,-1
201501JI40071,2,9,0,18,0,8,0,0,0,0,3,1,6,2,37,7,-1,-1,-1,-1,1,-1
201501JI40072,1,9,0,9,0,8,0,0,0,0,3,1,6,2,34,6,1686,2,11,-1,1,-1
201501JI40072,2,1,0,17,0,8,0,0,0,0,2,1,6,1,22,5,-1,-1,-1,-1,1,-1
201501JI40073,1,3,0,13,0,8,0,0,0,0,4,1,6,1,22,5,125,1,4,-1,1,-1
201501JI40073,2,9,0,9,0,8,0,0,0,0,3,1,6,1,34,6,1498,1,6,-1,1,-1
201501JI40075,1,9,0,4,0,1,0,0,0,0,1,1,1,1,24,5,-1,-1,-1,-1,-1,-1
201501JI40075,2,19,0,10,0,1,0,0,0,0,2,1,1,1,48,8,-1,-1,-1,-1,1,-1
201501JI40076,1,9,0,18,0,8,0,0,0,0,1,1,6,3,-1,-1,-1,-1,-1,-1,-1,-1
201501JI40077,1,9,0,4,0,1,0,0,0,0,2,1,6,1,39,7,1398,1,13,-1,1,-1
201501JI40077,2,9,0,18,0,1,0,0,0,0,1,1,6,2,-1,-1,1397,1,7,-1,1,-1
201501JI40078,1,9,0,4,0,0,0,0,0,0,2,1,6,1,34,6,998,1,9,-1,-1,-1
201501JI40078,2,9,0,18,0,0,0,0,0,0,1,1,6,1,-1,-1,1598,1,15,-1,-1,-1
201501JI40079,1,9,0,18,0,8,0,10,0,0,4,1,6,1,28,6,2143,2,1,-1,3,-1
201501JI40079,2,9,0,7,0,8,0,0,0,0,1,1,6,3,-1,-1,3222,2,11,-1,-1,-1
201501JI40080,1,9,0,18,0,1,0,0,0,0,1,1,6,3,-1,-1,-1,-1,-1,-1,-1,-1
201501JI40081,1,9,0,9,0,2,0,0,0,0,1,1,2,2,42,7,1560,2,1,-1,1,-1
201501JI40082,1,3,0,18,0,8,0,0,0,0,3,1,6,1,28,6,125,1,5,-1,1,-1
201501JI40082,2,9,0,9,0,8,0,0,0,0,4,1,6,2,35,6,1360,1,10,-1,1,-1
201501JI40083,1,9,0,4,0,1,0,0,0,0,2,1,6,1,71,10,1364,1,8,-1,1,-1
201501JI40083,2,8,0,18,0,1,0,0,0,0,1,1,2,1,59,9,2664,2,14,-1,1,-1
201501JI40084,1,9,0,3,0,1,0,0,0,0,2,1,6,1,33,6,1149,1,6,-1,1,-1
201501JI40084,2,9,0,18,0,1,0,0,0,0,1,1,6,2,33,6,1598,1,6,-1,1,-1
201501JI40085,1,9,0,12,0,0,0,0,0,0,0,1,6,2,36,7,1560,2,4,-1,1,-1
201501JI40085,2,3,0,14,0,0,1,0,0,0,3,1,6,1,28,6,125,1,2,-1,1,-1
201501JI40086,1,1,0,18,9,8,0,0,0,0,1,1,6,1,23,5,-1,-1,-1,-1,1,-1
201501JI40086,2,9,0,7,0,8,0,0,0,0,4,1,6,3,-1,-1,-1,-1,-1,-1,-1,-1
201501JI40087,1,9,0,3,0,1,0,0,0,0,2,1,6,2,45,7,1149,1,8,-1,1,-1
201501JI40087,2,9,0,1,0,2,0,0,0,0,2,1,6,3,-1,-1,-1,-1,-1,-1,-1,-1
201501JI40088,1,9,0,3,0,1,0,0,0,0,2,1,6,1,49,8,1299,1,10,-1,1,-1
201501JI40088,2,9,0,5,0,1,0,0,0,0,1,1,6,2,21,5,1686,2,10,-1,1,-1
201501JI40089,1,9,0,18,0,0,1,7,1,2,1,1,6,1,21,5,-1,-1,-1,-1,1,-1
201501JI40089,2,9,0,18,0,0,0,0,0,0,0,1,1,1,38,7,-1,-1,-1,-1,-1,-1
201501JI40091,1,9,0,18,0,8,0,0,0,0,4,1,2,2,48,8,-1,-1,-1,-1,1,-1
201501JI40091,2,9,0,5,0,8,0,0,0,0,3,1,6,2,31,6,1968,2,9,-1,1,-1
201501JI40092,1,9,0,3,0,0,0,0,0,0,2,1,6,1,44,7,4395,1,3,-1,1,-1
201501JI40092,2,9,0,18,0,0,0,0,0,0,1,1,6,2,37,7,1596,1,12,-1,1,-1
201501JI40094,1,11,0,4,0,1,0,0,0,0,0,1,1,1,27,6,-1,-1,-1,-1,1,-1
201501JI40095,1,9,0,4,0,0,0,0,0,0,1,1,6,1,56,9,1600,1,9,-1,-1,-1
201501JI40095,2,9,0,4,0,0,0,0,0,0,2,1,6,2,30,6,1598,1,11,-1,1,-1
201501JI40097,1,9,0,9,0,8,0,0,0,0,4,1,6,1,46,8,1598,1,9,-1,1,-1
201501JI40097,2,3,0,18,0,8,0,0,0,0,1,1,6,1,23,5,124,1,3,-1,1,-1
201501JI40098,1,9,0,9,0,1,0,0,0,0,1,1,6,1,47,8,-1,-1,-1,-1,1,-1
201501JI40098,2,9,0,18,0,1,0,0,0,0,1,1,6,1,50,8,1598,1,2,-1,1,-1
201501JI40098,3,9,0,7,0,8,0,0,0,0,3,1,6,1,23,5,2494,2,12,-1,-1,-1
201501JI40099,1,9,0,4,0,0,0,0,0,0,1,1,6,1,18,4,1198,1,12,-1,1,-1
201501JI40099,2,9,0,18,0,0,0,0,0,0,2,1,6,1,28,6,2000,2,4,-1,1,-1
201501JI40102,1,9,0,18,0,1,0,0,0,0,2,1,6,2,27,6,1598,1,14,-1,1,-1
201501JI40102,2,3,0,11,0,1,0,0,0,0,2,1,6,1,27,6,108,1,3,-1,1,-1
201501JI40102,3,19,0,18,0,1,0,0,0,0,1,1,6,1,-1,-1,1900,2,15,-1,1,-1
201501JI40102,4,20,0,3,0,1,0,0,0,0,2,1,6,1,54,8,10518,2,3,-1,1,-1
201501JI40104,1,19,0,9,0,1,0,0,0,0,3,1,1,1,23,5,1753,2,9,-1,1,-1
201501JI40104,2,19,0,14,0,1,1,0,0,0,1,1,1,1,28,6,-1,-1,-1,-1,-1,-1
201501JI40105,1,9,0,18,0,0,0,0,0,0,2,1,6,1,53,8,-1,-1,-1,-1,1,-1
201501JI40105,2,9,0,18,0,0,0,0,0,0,1,1,6,1,-1,-1,1248,2,7,-1,1,-1
201501JI40107,1,9,0,18,0,0,0,0,0,0,2,1,6,1,48,8,2143,2,4,-1,1,-1
201501JI40107,2,9,0,18,0,0,0,0,0,0,1,1,6,1,-1,-1,1560,2,5,-1,1,-1
201501JI40108,1,9,0,17,0,8,0,0,0,0,1,1,6,2,54,8,1598,1,13,-1,1,-1
201501JI40108,2,1,0,16,0,8,0,0,0,0,1,1,6,1,49,8,-1,-1,-1,-1,1,-1
201501JI40109,1,9,0,18,0,2,0,0,0,0,3,1,6,1,60,9,-1,-1,-1,-1,-1,-1
201501JI40109,2,9,0,18,0,1,0,0,0,0,3,1,6,3,-1,-1,-1,-1,-1,-1,-1,-1
201501JI40110,1,9,0,18,0,1,0,0,0,0,1,1,6,2,38,7,1997,2,10,-1,1,-1
201501JI40110,2,9,0,9,0,1,0,0,0,0,2,1,6,1,43,7,-1,-1,-1,-1,1,-1
201501JI40111,1,8,0,3,0,0,0,0,0,0,2,1,1,1,45,7,2499,2,6,-1,1,-1
201501JI40111,2,19,0,3,0,0,0,0,0,0,2,1,6,1,40,7,-1,-1,-1,-1,1,-1
201501JI40111,3,9,0,11,0,0,0,0,0,0,1,1,6,2,38,7,1149,1,12,-1,1,-1
201501JI40113,1,9,0,18,0,8,0,0,0,0,1,1,6,3,-1,-1,-1,-1,-1,-1,-1,-1
201501JI40113,2,90,0,18,0,8,0,0,0,0,3,1,6,1,43,7,-1,-1,-1,-1,-1,-1
201501JI40114,1,9,0,18,0,8,0,0,0,0,4,1,6,2,33,6,1497,8,2,-1,1,-1
201501JI40114,2,9,0,18,0,8,0,0,0,0,1,1,6,3,-1,-1,-1,-1,-1,-1,-1,-1
201501JI40116,1,3,0,13,0,1,0,0,0,0,1,1,1,1,25,5,125,1,10,-1,1,-1
201501JI40116,2,9,0,9,0,1,0,0,0,0,3,1,6,1,22,5,973,1,16,-1,1,-1
201501JI40118,1,9,0,18,0,0,0,0,0,0,2,1,6,2,56,9,2996,2,7,-1,1,-1
201501JI40118,2,9,0,18,0,0,0,0,0,0,1,1,6,1,36,7,-1,-1,-1,-1,-1,-1
201501JI40120,1,9,0,18,0,1,0,0,1,1,4,1,6,1,67,10,1422,2,7,-1,1,-1
201501JI40121,1,9,0,18,0,2,0,0,0,0,4,1,6,2,57,9,1781,1,13,-1,1,-1
201501JI40122,1,9,0,9,0,8,0,0,0,0,3,1,6,2,39,7,1198,1,3,-1,1,-1
201501JI40122,2,9,0,18,0,8,0,0,0,0,1,1,6,2,55,8,1498,1,4,-1,-1,-1
201501JI40123,1,9,0,18,0,0,0,0,5,7,3,1,2,1,38,7,1598,1,13,-1,1,-1
201501JI40124,1,9,0,18,0,8,0,0,0,0,4,1,6,1,22,5,-1,-1,-1,-1,1,-1
201501JI40124,2,9,0,18,0,8,0,0,0,0,1,1,6,1,18,4,-1,-1,-1,-1,2,-1
201501JI40125,1,9,0,5,0,0,0,0,0,0,3,1,6,2,55,8,1999,1,7,-1,1,-1
201501JI40125,2,3,0,18,0,0,1,0,0,0,4,1,1,1,28,6,125,1,4,-1,1,-1
201501JI40127,1,5,0,11,0,0,0,0,0,0,1,1,1,1,27,6,599,1,8,-1,3,-1
201501JI40127,2,9,0,11,0,0,0,0,0,0,2,1,2,1,-1,-1,999,1,3,-1,1,-1
201501JI40127,3,9,0,18,0,0,0,0,0,0,4,1,1,1,-1,-1,-1,-1,-1,-1,1,-1
201501JI40128,1,19,0,1,0,2,0,0,0,0,2,1,6,1,29,6,2402,2,4,-1,1,-1
201501JI40129,1,9,0,3,0,1,0,0,0,0,2,1,6,2,24,5,1198,1,8,-1,1,-1
201501JI40129,2,9,0,18,0,1,0,0,0,0,1,1,6,3,-1,-1,1834,1,13,-1,-1,-1
201501JI40130,1,21,0,18,0,1,0,0,0,0,0,1,1,1,30,6,2402,2,4,-1,1,-1
201501JI40130,2,5,0,14,0,1,1,0,0,0,3,1,2,1,32,6,998,1,15,-1,-1,-1
201501JI40131,1,9,0,17,0,0,0,0,0,0,1,1,6,2,69,10,1796,1,10,-1,-1,-1
201501JI40132,1,9,0,18,0,1,0,0,0,0,1,1,6,1,24,5,1364,1,9,-1,1,-1
201501JI40133,1,9,0,18,0,1,0,0,0,0,1,1,6,1,42,7,2497,2,10,-1,1,-1
201501JI40133,2,9,0,18,0,1,0,0,0,0,2,1,6,2,49,8,-1,3,-1,-1,1,-1
201501JI40134,1,9,0,10,0,8,0,0,0,0,1,1,6,2,44,7,1299,1,11,-1,1,-1
201501JI40134,2,9,0,18,0,8,0,0,0,0,4,1,6,2,52,8,-1,-1,-1,-1,1,-1
201501JI40135,1,9,0,6,0,1,0,0,0,0,4,1,6,1,58,9,1794,1,11,-1,1,-1
201501JI40135,2,3,0,18,0,1,0,0,0,0,1,1,6,1,44,7,125,1,4,-1,1,-1
201501JI40136,1,9,0,18,0,1,0,0,0,0,1,1,1,1,33,6,-1,-1,-1,-1,1,-1
201501JI40136,2,9,0,3,0,1,0,0,0,0,2,1,6,1,41,7,-1,-1,-1,-1,1,-1
201501JI40137,1,9,0,18,0,2,0,0,0,0,4,1,1,1,27,6,1560,2,3,-1,1,-1
201501JI40138,1,9,0,9,0,8,0,0,0,0,4,1,6,1,46,8,2720,2,6,-1,-1,-1
201501JI40138,2,9,0,18,0,8,0,0,0,0,3,1,6,2,44,7,1796,1,8,-1,1,-1
201501JI40139,1,9,0,18,0,8,0,0,0,0,1,1,6,1,37,7,-1,-1,-1,-1,1,-1
201501JI40139,2,9,0,9,0,8,0,0,0,0,4,1,6,1,30,6,-1,-1,-1,-1,1,-1
201501JI40141,1,9,0,3,0,1,0,0,0,0,2,1,2,2,28,6,1199,1,13,-1,1,-1
201501JI40141,2,9,0,5,0,1,0,0,0,0,1,1,2,1,30,6,-1,-1,-1,-1,3,-1
201501JI40144,1,9,0,9,0,8,0,0,0,0,1,1,6,2,48,8,-1,-1,-1,-1,1,-1
201501JI40144,2,9,0,18,0,8,0,0,0,0,4,1,6,1,29,6,1598,1,14,-1,1,-1
201501JI40146,1,9,0,11,0,0,0,0,0,0,4,1,6,2,23,5,1198,1,8,-1,1,-1
201501JI40146,2,4,0,18,0,0,0,0,0,0,3,1,6,1,30,6,-1,-1,-1,-1,1,-1
201501JI40147,1,9,0,18,0,8,0,0,0,0,3,1,6,2,49,8,-1,-1,-1,-1,1,-1
201501JI40147,2,9,0,18,0,8,0,0,0,0,1,1,6,2,-1,-1,-1,-1,-1,-1,-1,-1
201501JI40149,1,19,0,7,0,2,0,0,0,0,4,1,1,1,40,7,2143,2,5,-1,1,-1
201501JI40152,1,9,0,18,0,1,0,0,0,0,1,1,6,2,30,6,-1,-1,-1,-1,1,-1
201501JI40153,1,9,0,9,0,2,0,0,0,0,1,1,6,2,61,9,1229,1,7,-1,1,-1
201501JI40154,1,9,0,6,0,1,0,0,0,0,3,1,6,1,47,8,1984,1,3,-1,1,-1
201501JI40154,2,4,0,13,0,1,0,0,0,0,1,1,2,1,25,5,471,1,1,-1,1,-1
201501JI40156,1,9,0,18,0,1,1,0,0,0,1,1,6,2,29,6,1390,1,10,-1,1,-1
201501JI40156,2,9,0,5,0,2,0,0,0,0,1,1,1,1,28,6,-1,-1,-1,-1,1,-1
201501JI40157,1,9,0,18,0,8,0,0,0,0,1,1,6,1,51,8,1769,1,13,-1,1,-1
201501JI40157,2,9,0,9,0,8,0,0,0,0,4,1,6,2,45,7,-1,-1,-1,-1,1,-1
201501JI40158,1,9,0,9,0,8,0,0,0,0,3,1,6,2,37,7,1998,1,9,-1,1,-1
201501JI40158,2,9,0,9,0,8,0,0,0,0,4,1,6,1,31,6,1582,2,1,-1,1,-1
201501JI40160,1,9,0,9,0,8,0,0,0,0,1,1,6,2,48,8,4394,1,9,-1,1,-1
201501JI40160,2,3,0,18,4,8,0,0,0,0,1,1,1,1,46,8,125,1,4,-1,1,-1
201501JI40161,1,9,0,18,0,8,0,0,0,0,1,1,6,1,25,5,1994,1,14,-1,1,-1
201501JI40162,1,9,0,5,0,2,0,0,0,0,4,1,6,1,53,8,1397,1,14,-1,1,-1
201501JI40163,1,9,0,18,0,0,0,0,0,0,1,1,2,2,32,6,-1,-1,-1,-1,1,-1
201501JI40163,2,9,0,3,0,0,0,0,0,0,2,1,2,1,64,9,1998,1,3,-1,3,-1
201501JI40163,3,21,0,3,0,0,0,0,0,0,2,1,1,1,47,8,12900,2,5,-1,1,-1
201501JI40165,1,9,0,4,0,0,0,0,0,0,1,1,6,2,-1,-1,1390,1,14,-1,1,-1
201501JI40165,2,9,0,3,0,0,0,0,0,0,2,1,6,1,61,9,1000,1,15,-1,1,-1
201501JI40166,1,8,0,2,0,0,0,0,0,0,3,1,1,1,42,7,1997,2,8,-1,1,-1
201501JI40166,2,9,0,6,0,0,0,4,0,0,1,1,6,3,-1,-1,1796,1,7,-1,-1,-1
201501JI40167,1,9,0,18,0,2,0,0,0,0,4,1,6,1,72,10,1798,1,7,-1,1,-1
201501JI40168,1,9,0,18,0,8,0,0,0,0,4,1,6,1,60,9,2979,1,12,-1,1,-1
201501JI40168,2,9,0,7,0,8,0,0,0,0,1,1,6,1,38,7,1797,8,6,-1,1,-1
201501JI40169,1,9,0,18,0,0,0,0,0,0,3,1,6,1,32,6,-1,-1,-1,-1,1,-1
201501JI40169,2,5,0,13,0,0,0,0,0,0,3,1,6,1,29,6,-1,-1,-1,-1,1,-1
201501JI40170,1,9,0,9,0,0,0,0,0,0,1,1,6,3,-1,-1,-1,-1,-1,-1,-1,-1
201501JI40171,1,19,0,3,0,2,0,0,0,0,2,1,6,1,30,6,2999,2,4,-1,1,-1
201501JI40171,2,9,0,18,0,2,0,0,0,0,1,1,6,1,-1,-1,-1,-1,-1,-1,-1,-1