Accident_Index,Vehicle_Reference,Vehicle_Type,Towing_and_Articulation,Vehicle_Manoeuvre,Vehicle_Location-Restricted_Lane,Junction_Location,Skidding_and_Overturning,Hit_Object_in_Carriageway,Vehicle_Leaving_Carriageway,Hit_Object_off_Carriageway,1st_Point_of_Impact,Was_Vehicle_Left_Hand_Drive?,Journey_Purpose_of_Driver,Sex_of_Driver,Age_of_Driver,Age_Band_of_Driver,Engine_Capacity_(CC),Propulsion_Code,Age_of_Vehicle,Driver_IMD_Decile,Driver_Home_Area_Type,Vehicle_IMD_Decile
201501JI40172,1,9,0,5,0,1,0,0,0,0,4,1,6,2,37,7,1388,1,8,-1,1,-1
201501JI40172,2,9,0,12,0,1,0,0,0,0,3,1,6,3,-1,-1,1198,1,2,-1,-1,-1
201501JI40173,1,19,0,3,0,1,0,0,0,0,2,1,1,1,54,8,-1,-1,-1,-1,-1,-1
201501JI40173,2,9,0,5,0,1,0,0,0,0,1,1,6,1,18,4,1198,1,6,-1,1,-1
201501JI40174,1,3,0,12,0,1,0,0,0,0,3,1,6,1,20,4,124,1,1,-1,1,-1
201501JI40174,2,3,0,18,0,1,0,0,0,0,4,1,6,1,18,4,125,1,6,-1,1,-1
201501JI40175,1,9,0,4,0,1,0,0,0,0,2,1,6,1,34,6,1400,1,11,-1,1,-1
201501JI40175,2,9,0,18,0,1,0,0,0,0,1,1,6,3,-1,-1,-1,-1,-1,-1,-1,-1
201501JI40177,1,5,0,18,0,8,0,0,0,0,2,1,6,1,35,6,599,1,13,-1,1,-1
201501JI40177,2,19,0,18,0,8,0,0,0,0,1,1,1,1,31,6,1997,2,5,-1,1,-1
201501JI40178,1,9,0,17,0,2,0,0,0,0,1,1,2,2,49,8,1598,1,9,-1,1,-1
201501JI40179,1,9,0,18,0,8,0,0,0,0,4,1,1,1,28,6,1796,1,8,-1,1,-1
201501JI40179,2,9,0,18,0,8,0,0,0,0,1,1,6,1,30,6,1995,2,9,-1,-1,-1
201501JI40180,1,3,0,4,0,0,0,0,0,0,1,1,6,1,19,4,125,1,1,-1,2,-1
201501JI40180,2,9,0,9,0,0,0,0,0,0,4,1,6,1,-1,-1,-1,-1,-1,-1,1,-1
201501JI40181,1,9,0,3,0,0,0,0,0,0,2,1,6,1,41,7,1896,2,16,-1,1,-1
201501JI40181,2,9,0,18,0,0,0,0,0,0,1,1,6,1,-1,-1,1968,2,4,-1,1,-1
201501JI40183,1,9,0,3,0,0,0,0,0,0,2,1,6,2,72,10,1497,1,14,-1,1,-1
201501JI40183,2,9,0,4,0,0,0,0,0,0,2,1,6,1,55,8,1397,1,14,-1,-1,-1
201501JI40183,3,9,0,4,0,0,0,0,0,0,2,1,6,1,69,10,-1,-1,-1,-1,1,-1
201501JI40183,4,9,0,4,0,0,0,0,0,0,2,1,6,2,52,8,-1,-1,-1,-1,1,-1
201501JI40183,5,9,0,18,0,0,0,0,0,0,1,1,6,1,34,6,2172,2,11,-1,1,-1
201501JI40184,1,1,0,18,9,1,0,0,0,0,3,1,6,1,38,7,-1,-1,-1,-1,1,-1
201501JI40184,2,9,0,18,0,1,0,0,0,0,4,1,6,3,-1,-1,-1,-1,-1,-1,-1,-1
201501JI40185,1,9,0,9,0,2,0,0,0,0,1,1,6,3,-1,-1,1910,2,7,-1,-1,-1
201501JI40186,1,9,0,9,0,8,0,0,0,0,4,1,6,1,31,6,1598,1,3,-1,-1,-1
201501JI40186,2,1,0,15,0,8,0,0,0,0,1,1,6,1,32,6,-1,-1,-1,-1,1,-1
201501JI40187,1,9,0,17,0,2,0,0,0,0,4,1,6,1,39,7,1229,1,5,-1,1,-1
201501JI40188,1,9,0,18,0,1,0,10,1,2,4,1,6,1,28,6,-1,-1,-1,-1,1,-1
201501JI40189,1,9,0,18,0,1,0,0,0,0,1,1,1,1,21,5,-1,-1,-1,-1,1,-1
201501JI40189,2,9,0,3,0,1,0,0,0,0,2,1,6,2,18,4,1242,1,17,-1,-1,-1
201501JI40192,1,9,0,18,0,2,0,0,0,0,4,1,6,1,58,9,1999,1,11,-1,1,-1
201501JI40193,1,3,0,18,0,8,0,0,0,0,3,1,2,1,45,7,49,1,2,-1,1,-1
201501JI40193,2,9,0,18,0,8,0,0,0,0,0,1,1,1,-1,-1,-1,-1,-1,-1,-1,-1
201501JI40195,1,9,0,7,0,5,0,0,0,0,2,1,6,1,21,5,1229,1,10,-1,1,-1
201501JI40195,2,9,0,18,0,1,0,0,0,0,1,1,6,1,53,8,1753,2,14,-1,1,-1
201501JI40198,1,11,0,5,0,0,0,0,0,0,0,1,1,1,51,8,6700,2,4,-1,-1,-1
201501JI40199,1,11,0,3,0,1,0,0,0,0,3,1,1,1,50,8,4500,2,8,-1,1,-1
201501JI40199,2,21,0,14,0,1,0,0,0,0,4,1,1,1,45,7,3920,2,11,-1,1,-1
201501JI40200,1,9,0,18,0,1,0,0,0,0,4,1,3,2,49,8,1461,2,1,-1,1,-1
201501JI40201,1,9,0,17,0,1,0,0,0,0,1,1,6,1,85,11,996,1,6,-1,1,-1
201501JI40201,2,9,0,2,0,1,0,0,0,0,4,1,6,2,78,11,3311,8,10,-1,1,-1
201501JI40201,3,9,0,2,0,1,0,0,0,0,4,1,6,2,-1,-1,1108,1,5,-1,1,-1
201501JI40202,1,9,0,18,0,8,0,0,0,0,4,1,3,1,56,9,2685,2,13,-1,1,-1
201501JI40202,2,9,0,9,0,8,0,0,0,0,1,1,6,1,-1,-1,1360,1,4,-1,1,-1
201501JI40204,1,9,0,3,0,1,0,0,0,0,3,1,6,2,54,8,1769,1,9,-1,1,-1
201501JI40204,2,9,0,14,0,1,0,0,0,0,4,1,6,2,33,6,1389,1,21,-1,1,-1
201501JI40208,1,9,0,11,0,8,0,0,0,0,4,1,6,1,21,5,2457,1,9,-1,1,-1
201501JI40208,2,9,0,16,0,8,0,0,0,0,3,1,6,2,61,9,-1,-1,-1,-1,1,-1
201501JI40210,1,9,0,18,0,0,5,4,0,0,1,1,6,1,26,6,1598,1,10,-1,1,-1
201501JI40210,2,9,0,2,0,0,0,0,0,0,3,1,6,1,-1,-1,1388,1,18,-1,1,-1
201501JI40212,1,9,0,18,0,2,0,0,0,0,1,1,6,1,18,4,-1,-1,-1,-1,1,-1
201501JI40212,2,11,0,18,0,2,0,0,0,0,2,1,1,1,46,8,6700,2,5,-1,1,-1
201501JI40213,1,3,0,18,0,0,0,0,0,0,3,1,6,1,26,6,125,1,2,-1,1,-1
201501JI40213,2,9,0,11,0,0,0,0,0,0,4,1,6,3,-1,-1,1796,1,11,-1,-1,-1
201501JI40214,1,8,0,18,2,8,0,0,0,0,4,1,1,1,49,8,1598,1,5,-1,1,-1
201501JI40214,2,9,0,9,6,8,0,0,0,0,1,1,6,2,25,5,1499,2,2,-1,1,-1
201501JI40217,1,9,0,5,0,0,0,0,0,0,1,1,6,1,30,6,-1,-1,-1,-1,-1,-1
201501JI40218,1,9,0,4,0,1,0,0,0,0,2,1,6,2,28,6,1598,1,10,-1,1,-1
201501JI40218,2,9,0,18,0,1,0,0,0,0,1,1,6,1,28,6,-1,-1,-1,-1,1,-1
201501JI40219,1,9,0,18,9,1,0,0,0,0,1,1,6,3,-1,-1,1560,2,1,-1,-1,-1
201501JI40220,1,9,0,12,0,0,0,0,0,0,3,1,6,1,34,6,1796,1,12,-1,1,-1
201501JI40220,2,11,0,18,0,0,0,0,0,0,4,1,1,1,33,6,-1,-1,-1,-1,1,-1
201501JI40221,1,9,0,18,0,1,0,0,0,0,1,1,6,1,19,4,-1,-1,-1,-1,1,-1
201501JI40221,2,9,0,18,0,1,0,0,0,0,1,1,6,1,19,4,1364,1,8,-1,1,-1
201501JI40222,1,9,0,3,0,0,0,0,0,0,2,1,6,2,35,6,1896,2,11,-1,1,-1
201501JI40222,2,9,0,5,0,0,0,0,0,0,1,1,6,1,-1,-1,-1,-1,-1,-1,-1,-1
201501JI40223,1,9,0,18,0,1,0,0,0,0,4,1,2,1,26,6,-1,-1,-1,-1,1,-1
201501JI40224,1,9,0,5,0,8,0,0,1,0,3,1,2,2,54,8,-1,-1,-1,-1,1,-1
201501JI40224,2,11,0,9,0,8,0,0,0,0,1,1,1,1,50,8,8268,2,10,-1,1,-1
201501JI40225,1,9,0,4,0,1,0,0,0,0,2,1,6,1,38,7,1984,1,6,-1,1,-1
201501JI40225,2,4,0,18,0,1,0,0,0,0,1,1,6,1,44,7,125,1,1,-1,-1,-1
201501JI40226,1,8,0,4,0,1,0,0,0,0,2,1,2,1,56,9,1598,1,8,-1,1,-1
201501JI40226,2,9,0,4,0,1,0,0,0,0,1,1,3,2,33,6,-1,-1,-1,-1,1,-1
201501JI40227,1,9,0,6,0,1,0,0,0,0,4,1,6,1,21,5,1229,1,1,-1,1,-1
201501JI40227,2,9,0,18,0,1,0,0,0,0,1,1,6,3,-1,-1,1364,1,11,-1,-1,-1
201501JI40228,1,9,0,18,0,0,0,0,0,0,3,1,6,2,43,7,1364,1,9,-1,1,-1
201501JI40228,2,9,0,5,0,0,0,0,0,0,3,1,6,3,-1,-1,1968,2,1,-1,-1,-1
201501JI40229,1,9,0,18,0,1,0,0,0,0,4,1,1,2,27,6,1364,1,5,-1,1,-1
201501JI40229,2,90,0,18,0,1,0,0,0,0,1,1,6,1,87,11,-1,-1,-1,-1,1,-1
201501JI40230,1,9,0,7,0,5,0,0,0,0,4,1,6,2,42,7,2967,2,6,-1,1,-1
201501JI40230,2,1,0,15,0,8,0,0,0,0,3,1,6,2,29,6,-1,-1,-1,-1,1,-1
201501JI40232,1,19,0,8,0,1,0,0,0,0,2,1,1,1,26,6,1870,2,10,-1,1,-1
201501JI40232,2,9,0,18,0,1,0,0,0,0,1,1,6,1,42,7,2429,1,10,-1,-1,-1
201501JI40234,1,9,0,17,0,8,0,0,0,0,1,1,1,1,21,5,-1,-1,-1,-1,1,-1
201501JI40234,2,9,0,17,0,8,0,0,0,0,2,1,1,1,47,8,-1,-1,-1,-1,1,-1
201501JI40236,1,11,0,5,0,8,0,0,0,0,0,1,1,1,-1,-1,-1,-1,-1,-1,-1,-1
201501JI40237,1,9,0,18,0,2,0,0,0,0,4,1,6,1,-1,-1,1984,1,9,-1,-1,-1
201501JI40237,2,1,0,18,0,2,0,0,0,0,3,1,6,1,-1,-1,-1,-1,-1,-1,-1,-1
201501JI40238,1,9,0,4,0,1,0,0,0,0,2,1,6,2,33,6,1968,2,3,-1,1,-1
201501JI40238,2,19,0,4,0,1,0,0,0,0,1,1,6,1,-1,-1,1998,2,10,-1,1,-1
201501JI40239,1,9,0,10,0,8,0,0,0,0,2,1,6,2,40,7,1596,1,5,-1,-1,-1
201501JI40239,2,9,0,18,0,8,0,0,0,0,1,1,6,1,51,8,1686,2,16,-1,1,-1
201501JI40240,1,9,0,18,0,0,0,0,0,0,1,1,6,1,25,5,-1,-1,-1,-1,1,-1
201501JI40240,2,9,0,4,0,0,0,0,0,0,2,1,6,1,18,4,1910,2,9,-1,3,-1
201501JI40240,3,9,0,4,0,0,0,0,0,0,2,1,6,1,51,8,1198,1,6,-1,1,-1
201501JI40241,1,9,0,9,0,8,0,0,0,0,3,1,6,1,24,5,1968,2,1,-1,-1,-1
201501JI40241,2,5,0,18,0,8,0,0,0,0,1,1,6,1,30,6,-1,-1,-1,-1,-1,-1
201501JI40242,1,9,0,18,0,2,0,0,0,0,4,1,6,3,-1,-1,1598,1,15,-1,-1,-1
201501JI40243,1,9,0,3,0,1,0,0,0,0,2,1,6,1,30,6,998,1,14,-1,1,-1
201501JI40243,2,9,0,18,0,1,0,0,0,0,1,1,6,1,-1,-1,-1,-1,-1,-1,-1,-1
201501JI40244,1,9,0,4,0,8,0,0,0,0,2,1,6,1,38,7,1896,2,9,-1,-1,-1
201501JI40244,2,9,0,5,0,8,0,0,0,0,1,1,6,2,29,6,1242,1,6,-1,-1,-1
201501JI40245,1,9,0,9,0,8,0,0,0,0,3,1,6,1,20,4,1229,1,8,-1,1,-1
201501JI40245,2,1,0,9,0,8,0,0,0,0,1,1,6,1,64,9,-1,-1,-1,-1,1,-1
201501JI40247,1,9,0,18,0,8,0,0,0,0,1,1,6,1,36,7,1364,1,9,-1,1,-1
201501JI40247,2,9,0,5,0,8,0,0,0,0,3,1,6,1,-1,-1,-1,-1,-1,-1,-1,-1
201501JI40249,1,9,0,7,0,8,0,0,0,0,3,1,6,1,-1,-1,2993,2,4,-1,-1,-1
201501JI40249,2,1,0,17,0,8,0,0,0,0,1,1,6,1,46,8,-1,-1,-1,-1,1,-1
201501JI40250,1,9,0,18,0,1,0,0,0,0,4,1,6,1,33,6,2488,2,10,-1,1,-1
201501JI40250,2,19,0,15,0,1,0,0,0,0,3,1,1,1,60,9,1995,2,8,-1,1,-1
201501JI40251,1,1,0,18,0,0,0,8,0,0,1,1,6,1,38,7,-1,-1,-1,-1,1,-1
201501JI40251,2,9,0,2,0,0,0,0,0,0,3,1,6,3,-1,-1,-1,-1,-1,-1,-1,-1
201501JI40252,1,9,0,3,0,0,0,0,0,0,2,1,6,1,37,7,-1,-1,-1,-1,1,-1
201501JI40252,2,9,0,18,0,0,0,0,0,0,1,1,6,2,-1,-1,1598,1,14,-1,1,-1
201501JI40252,3,9,0,3,0,0,0,0,0,0,2,1,6,2,-1,-1,1242,1,6,-1,1,-1
201501JI40254,1,3,0,7,0,8,0,0,0,0,4,1,6,1,52,8,85,1,14,-1,1,-1
201501JI40254,2,9,0,17,0,8,0,0,0,0,3,1,6,2,28,6,1995,1,8,-1,1,-1
201501JI40256,1,9,0,3,0,0,0,0,0,0,2,1,6,2,58,9,1328,1,-1,-1,3,-1
201501JI40256,2,9,0,5,0,0,0,0,0,0,1,1,6,1,-1,-1,-1,-1,-1,-1,-1,-1
201501JI40257,1,1,0,18,0,0,0,0,0,0,1,1,6,1,31,6,-1,-1,-1,-1,1,-1
201501JI40258,1,9,0,18,0,8,0,0,0,0,1,1,6,1,-1,-1,-1,-1,-1,-1,-1,-1
201501JI40259,1,9,0,9,0,8,0,0,0,0,4,1,6,1,36,7,1781,1,11,-1,1,-1
201501JI40259,2,3,0,18,0,8,0,0,0,0,1,1,6,1,25,5,-1,-1,-1,-1,1,-1
201501JI40260,1,9,0,4,0,0,0,0,0,0,2,1,6,1,19,4,1590,1,11,-1,1,-1
201501JI40260,2,5,0,4,0,0,0,0,0,0,1,1,6,1,36,7,471,1,-1,-1,1,-1
201501JI40261,1,1,0,17,0,8,0,0,0,0,1,1,6,1,25,5,-1,-1,-1,-1,1,-1
201501JI40261,2,9,0,7,0,8,0,0,0,0,4,1,6,1,-1,-1,2231,2,8,-1,-1,-1
201501JI40262,1,11,0,5,0,1,0,0,0,0,0,1,1,1,48,8,7300,2,10,-1,-1,-1
201501JI40263,1,19,0,4,0,2,0,0,0,0,2,1,6,1,34,6,-1,-1,-1,-1,1,-1
201501JI40263,2,9,0,4,0,2,0,0,0,0,1,1,6,1,51,8,1598,1,14,-1,1,-1
201501JI40264,1,9,0,4,0,8,0,0,0,0,2,1,6,1,50,8,1598,1,6,-1,1,-1
201501JI40264,2,9,0,18,0,8,0,0,0,0,1,1,6,1,31,6,-1,-1,-1,-1,1,-1
201501JI40266,1,9,0,3,0,0,0,0,0,0,2,1,6,1,21,5,1364,1,10,-1,1,-1
201501JI40266,2,9,0,18,0,0,0,0,0,0,1,1,6,1,22,5,1995,2,8,-1,1,-1
201501JI40266,3,9,0,3,0,0,0,0,0,0,2,1,6,1,48,8,1198,1,-1,-1,1,-1
201501JI40268,1,9,0,9,0,1,0,0,0,0,4,1,6,1,26,6,1995,2,1,-1,1,-1
201501JI40268,2,9,0,11,0,1,0,0,0,0,3,1,6,2,-1,-1,1200,1,-1,-1,-1,-1
201501JI40269,1,9,0,18,0,8,0,0,0,0,1,1,6,1,53,8,-1,-1,-1,-1,-1,-1
201501JI40269,2,1,0,18,0,8,0,0,0,0,3,1,6,1,17,4,-1,-1,-1,-1,1,-1
201501JI40270,1,9,0,18,0,8,0,0,0,0,1,1,6,2,-1,-1,2993,2,4,-1,-1,-1
201501JI40270,2,9,0,18,0,8,0,10,8,10,1,1,6,1,-1,-1,-1,-1,-1,-1,-1,-1
201501JI40271,1,3,0,4,0,8,0,0,0,0,2,1,6,1,54,8,125,1,2,-1,1,-1
201501JI40271,2,19,0,18,0,8,0,0,0,0,1,1,6,1,-1,-1,-1,-1,-1,-1,-1,-1
201501JI40272,1,9,0,4,0,8,0,0,0,0,2,1,6,1,36,7,1364,1,10,-1,1,-1
201501JI40272,2,9,0,18,0,8,0,0,0,0,1,1,6,1,-1,-1,1596,1,9,-1,-1,-1
201501JI40273,1,9,0,11,0,8,0,0,0,0,4,1,6,2,23,5,1242,1,11,-1,1,-1
201501JI40273,2,9,0,18,0,8,0,0,0,0,3,1,6,2,26,6,1596,1,15,-1,1,-1
201501JI40274,1,9,0,18,0,8,0,0,0,0,3,1,6,1,25,5,3199,1,19,-1,1,-1
201501JI40274,2,9,0,11,0,8,0,0,0,0,3,1,6,1,-1,-1,2987,2,8,-1,-1,-1
201501JI40275,1,9,0,5,0,0,0,0,0,0,1,1,6,2,25,5,-1,-1,-1,-1,1,-1
201501JI40275,2,9,0,3,0,0,0,0,0,0,2,1,6,2,52,8,1328,1,10,-1,1,-1
201501JI40276,1,9,0,2,0,0,0,0,0,0,3,1,6,1,-1,-1,-1,-1,-1,-1,1,-1
201501JI40276,2,1,0,18,0,0,0,8,0,0,1,1,6,1,-1,-1,-1,-1,-1,-1,1,-1
201501JI40278,1,5,0,18,0,0,0,0,0,0,4,1,6,1,59,9,-1,-1,-1,-1,1,-1
201501JI40279,1,9,0,18,0,8,0,0,1,4,4,1,6,1,-1,-1,-1,-1,-1,-1,1,-1
201501JI40280,1,9,0,4,0,0,0,0,0,0,2,1,6,1,29,6,1796,1,10,-1,-1,-1
201501JI40280,2,9,0,18,0,0,0,0,0,0,1,1,6,1,18,4,-1,-1,-1,-1,1,-1
201501JI40282,1,2,0,13,0,0,0,0,0,0,4,1,1,1,30,6,49,1,5,-1,1,-1
201501JI40282,2,9,0,6,0,0,0,0,0,0,3,1,6,1,40,7,1598,1,12,-1,-1,-1
201501JI40283,1,9,0,4,0,1,0,0,0,0,2,1,6,2,30,6,1686,2,4,-1,1,-1
201501JI40283,2,9,0,11,0,1,0,0,0,0,1,1,6,1,39,7,1598,1,14,-1,1,-1
201501JI40284,1,1,0,5,0,1,0,0,0,0,1,1,6,1,22,5,-1,-1,-1,-1,1,-1
201501JI40284,2,9,0,5,0,1,0,0,0,0,2,1,6,2,-1,-1,-1,-1,-1,-1,-1,-1
201501JI40286,1,9,0,3,0,1,0,0,0,0,2,1,6,1,47,8,-1,-1,-1,-1,-1,-1
201501JI40286,2,9,0,5,0,1,0,0,0,0,1,1,2,2,-1,-1,1368,1,2,-1,1,-1
201501JI40288,1,3,0,18,0,0,0,0,0,0,1,1,6,1,45,7,125,1,1,-1,1,-1
201501JI40288,2,9,0,4,0,0,0,0,0,0,2,1,6,1,26,6,1895,1,16,-1,1,-1
201501JI40289,1,9,0,3,0,1,0,0,0,0,2,1,6,2,38,7,1798,1,6,-1,1,-1
201501JI40289,2,9,0,3,0,1,0,0,0,0,2,1,6,2,25,5,1796,1,9,-1,1,-1
201501JI40289,3,9,0,18,0,1,0,0,0,0,1,1,6,2,18,4,1598,1,9,-1,1,-1
201501JI40290,1,9,0,9,0,8,0,0,0,0,3,1,6,1,41,7,1598,1,8,-1,1,-1
201501JI40290,2,3,0,14,0,8,0,0,0,0,1,1,6,1,20,4,125,1,9,-1,1,-1
201501JI40291,1,3,0,13,0,0,0,0,0,0,4,1,6,1,30,6,-1,-1,-1,-1,3,-1
201501JI40291,2,19,0,12,0,0,0,0,0,0,3,1,6,1,25,5,1870,2,9,-1,-1,-1
201501JI40292,1,9,0,4,0,2,0,0,0,0,2,1,6,2,-1,-1,1397,1,11,-1,1,-1
201501JI40292,2,9,0,18,0,2,0,0,0,0,1,1,6,1,27,6,1796,1,10,-1,-1,-1
201501JI40293,1,9,0,18,0,8,0,0,0,0,1,1,1,1,41,7,2143,2,2,-1,1,-1
201501JI40293,2,9,0,3,0,8,0,0,0,0,2,1,6,2,22,5,1242,1,3,-1,1,-1
201501JI40293,3,9,0,3,0,8,0,0,0,0,2,1,6,2,49,8,1299,1,15,-1,1,-1
201501JI40294,1,9,0,18,0,0,0,0,0,0,3,1,6,2,25,5,-1,-1,-1,-1,1,-1
201501JI40294,2,19,0,18,0,0,0,0,0,0,4,1,6,1,32,6,-1,-1,-1,-1,-1,-1
201501JI40295,1,9,0,5,0,8,0,0,0,0,1,1,6,1,44,7,1329,1,6,-1,-1,-1
201501JI40295,2,1,0,18,0,8,0,0,0,0,4,1,6,1,18,4,-1,-1,-1,-1,1,-1
201501JI40296,1,11,0,18,0,1,0,0,0,0,0,1,1,1,56,9,9360,2,4,-1,1,-1
201501JI40297,1,9,0,9,0,5,0,0,0,0,1,1,6,2,68,10,1198,1,1,-1,1,-1
201501JI40299,1,21,1,7,0,8,0,0,0,0,4,1,6,1,55,8,12130,2,10,-1,1,-1
201501JI40302,1,9,0,4,0,1,0,0,0,0,4,1,6,1,24,5,1753,2,5,-1,1,-1
201501JI40303,1,9,0,9,0,8,0,0,0,0,1,1,6,1,40,7,1397,1,13,-1,1,-1
201501JI40303,2,1,0,18,0,8,0,0,0,0,3,1,6,1,36,7,-1,-1,-1,-1,1,-1
201501JI40304,1,11,0,2,0,0,0,0,0,0,2,1,1,1,42,7,6700,2,4,-1,1,-1
201501JI40304,2,19,0,18,0,0,0,4,0,0,1,1,6,1,-1,-1,2148,2,7,-1,1,-1
201501JI40307,1,9,0,18,0,0,0,0,0,0,2,1,6,1,25,5,1499,2,-1,-1,1,-1
201501JI40307,2,3,0,18,0,0,0,0,0,0,1,1,6,1,-1,-1,125,1,1,-1,-1,-1
201501JI40308,1,1,0,9,0,8,0,0,0,0,3,1,6,1,26,6,-1,-1,-1,-1,1,-1
201501JI40308,2,9,0,18,0,8,0,0,0,0,4,1,6,1,-1,-1,1206,1,6,-1,-1,-1
201501JI40309,1,9,0,4,0,1,0,0,0,0,3,1,1,1,47,8,1797,8,4,-1,1,-1
201501JI40309,2,9,0,7,0,2,0,0,0,0,1,1,6,3,-1,-1,-1,-1,-1,-1,-1,-1
201501JI40311,1,9,0,18,0,8,0,0,0,0,1,1,6,1,48,8,1988,1,11,-1,1,-1
201501JI40311,2,9,0,9,0,8,0,0,0,0,4,1,6,2,23,5,-1,-1,-1,-1,1,-1
201501JI40312,1,11,0,4,0,8,0,0,0,0,0,1,6,1,62,9,8268,2,10,-1,1,-1
201501JI40313,1,3,0,8,0,1,0,0,0,0,2,1,6,1,27,6,115,1,1,-1,1,-1
201501JI40313,2,9,0,5,0,1,0,0,0,0,1,1,6,2,33,6,1968,2,8,-1,1,-1
201501JI40314,1,9,0,12,0,0,0,0,0,0,4,1,6,1,28,6,1598,1,5,-1,1,-1
201501JI40314,2,9,0,18,0,0,0,0,0,0,1,1,6,1,36,7,-1,-1,-1,-1,1,-1
201501JI40315,1,9,0,9,0,8,0,0,0,0,1,1,6,1,27,6,1598,2,-1,-1,1,-1
201501JI40315,2,1,0,18,0,8,0,0,0,0,3,1,6,1,56,9,-1,-1,-1,-1,1,-1
201501JI40316,1,9,0,9,0,2,0,0,0,0,1,1,6,2,75,10,1597,1,14,-1,1,-1
201501JI40317,1,9,0,18,0,0,0,0,0,0,1,1,6,1,40,7,3724,1,12,-1,1,-1
201501JI40317,2,9,0,18,0,0,0,0,0,0,1,1,6,2,20,4,1199,1,11,-1,1,-1
201501JI40319,1,9,0,18,0,8,0,0,0,0,1,1,6,1,30,6,2993,2,4,-1,1,-1
201501JI40319,2,9,0,9,0,8,0,0,0,0,3,1,6,2,24,5,1242,1,7,-1,-1,-1
201501JI40319,3,9,0,3,0,1,0,0,0,0,3,1,6,1,37,7,1896,2,11,-1,1,-1
201501JI40320,1,9,0,11,0,8,0,0,0,0,4,1,6,1,54,8,2148,2,8,-1,1,-1
201501JI40320,2,1,0,18,0,8,0,0,0,0,3,1,6,1,39,7,-1,-1,-1,-1,1,-1
201501JI40320,3,9,0,2,0,8,0,0,0,0,3,1,6,1,68,10,-1,-1,-1,-1,1,-1
201501JI40323,1,9,0,18,0,8,0,0,0,0,4,1,6,2,38,7,1246,1,9,-1,1,-1
201501JI40323,2,9,0,18,0,8,0,0,0,0,1,1,6,1,62,9,1598,1,16,-1,1,-1
201501JI40325,1,9,0,9,0,8,0,0,0,0,1,1,6,2,57,9,1360,1,6,-1,1,-1
201501JI40325,2,1,0,13,0,8,0,0,0,0,3,1,6,1,32,6,-1,-1,-1,-1,1,-1
201501JI40328,1,9,0,18,0,8,0,0,0,0,1,1,6,1,32,6,1360,1,8,-1,1,-1
201501JI40329,1,9,0,9,0,8,0,0,0,0,4,1,6,2,-1,-1,1995,2,1,-1,1,-1
201501JI40329,2,3,0,13,0,8,0,0,0,0,4,1,6,1,37,7,125,1,3,-1,1,-1
201501JI40330,1,9,0,18,0,8,0,0,0,0,4,1,6,2,29,6,1498,1,7,-1,1,-1
201501JI40330,2,9,0,5,0,8,0,0,0,0,1,1,6,1,-1,-1,2979,1,13,-1,1,-1
201501JI40330,3,9,0,4,0,8,0,0,0,0,3,1,6,1,-1,-1,3199,1,16,-1,1,-1
201501JI40331,1,9,0,18,0,8,0,0,0,0,1,1,6,2,27,6,1390,1,1,-1,1,-1
201501JI40331,2,9,0,4,0,8,0,0,0,0,2,1,6,1,32,6,1951,2,11,-1,1,-1
201501JI40332,1,4,0,3,0,8,0,0,0,0,3,1,2,1,51,8,998,1,9,-1,1,-1
201501JI40332,2,9,0,18,0,8,0,0,0,0,4,1,6,2,34,6,1997,1,6,-1,1,-1
201501JI40333,1,9,0,4,0,0,0,0,0,0,2,1,1,2,41,7,999,1,5,-1,1,-1
201501JI40333,2,9,0,18,0,0,0,0,0,0,1,1,1,1,89,11,2179,2,2,-1,1,-1
201501JI40334,1,11,0,4,0,1,0,0,0,0,0,1,1,1,37,7,3900,2,9,-1,-1,-1
201501JI40335,1,9,0,18,0,8,0,4,0,0,4,1,6,2,38,7,2993,2,8,-1,-1,-1
201501JI40335,2,9,0,2,0,8,0,0,0,0,4,1,6,3,-1,-1,-1,-1,-1,-1,-1,-1
201501JI40336,1,9,0,18,0,8,0,10,7,0,3,1,6,1,52,8,-1,-1,-1,-1,1,-1
201501JI40336,2,9,0,13,0,8,0,10,7,0,4,1,6,1,25,5,1998,1,11,-1,1,-1
201501JI40337,1,9,0,18,0,0,0,4,0,0,1,1,6,1,79,11,-1,-1,-1,-1,1,-1
201501JI40337,2,9,0,18,0,0,0,0,0,0,1,1,6,1,23,5,3222,2,12,-1,1,-1
201501JI40337,3,9,0,2,0,0,0,0,0,0,3,1,6,2,-1,-1,1388,1,9,-1,-1,-1
201501JI40338,1,9,0,18,0,0,5,0,0,0,1,1,6,2,38,7,1560,2,8,-1,1,-1
201501JI40338,2,9,0,18,0,0,0,0,0,0,2,1,6,2,-1,-1,1951,2,10,-1,1,-1
201501JI40339,1,19,0,3,0,1,0,0,0,0,1,1,2,1,28,6,2198,2,6,-1,1,-1
201501JI40339,2,9,0,1,0,1,0,0,0,0,2,1,6,2,-1,-1,-1,-1,-1,-1,-1,-1
201501JI40340,1,9,0,18,0,0,0,0,0,0,3,1,6,1,22,5,-1,-1,-1,-1,1,-1
201501JI40340,2,9,0,13,0,0,0,0,0,0,4,1,6,1,-1,-1,-1,-1,-1,-1,-1,-1
201501JI40341,1,9,0,2,0,0,0,0,0,0,3,1,6,1,40,7,1995,2,11,-1,1,-1
201501JI40341,2,9,0,1,0,0,0,4,0,0,4,1,6,1,-1,-1,1898,2,11,-1,-1,-1
201501JI40342,1,9,0,8,0,1,0,0,0,0,2,1,6,2,43,7,1598,1,8,-1,1,-1
201501JI40342,2,9,0,7,0,1,0,0,0,0,1,1,6,1,-1,-1,1998,1,15,-1,-1,-1
201501JI40344,1,1,0,18,0,8,0,0,0,0,3,1,6,1,20,4,-1,-1,-1,-1,1,-1
201501JI40344,2,9,0,13,0,8,0,0,0,0,4,1,6,3,-1,-1,-1,-1,-1,-1,-1,-1
201501JI40345,1,9,0,9,0,2,0,0,0,0,1,1,6,1,29,6,1598,1,5,-1,1,-1