Accident_Index,Vehicle_Reference,Vehicle_Type,Towing_and_Articulation,Vehicle_Manoeuvre,Vehicle_Location-Restricted_Lane,Junction_Location,Skidding_and_Overturning,Hit_Object_in_Carriageway,Vehicle_Leaving_Carriageway,Hit_Object_off_Carriageway,1st_Point_of_Impact,Was_Vehicle_Left_Hand_Drive?,Journey_Purpose_of_Driver,Sex_of_Driver,Age_of_Driver,Age_Band_of_Driver,Engine_Capacity_(CC),Propulsion_Code,Age_of_Vehicle,Driver_IMD_Decile,Driver_Home_Area_Type,Vehicle_IMD_Decile
201501JI40346,1,9,0,4,0,2,0,0,0,0,1,1,6,2,28,6,2495,2,12,-1,1,-1
201501JI40346,2,9,0,4,0,2,0,0,0,0,2,1,6,1,46,8,1896,2,12,-1,1,-1
201501JI40347,1,9,0,18,0,2,0,0,0,0,3,1,6,2,35,6,1600,1,11,-1,1,-1
201501JI40347,2,9,0,11,0,2,0,0,0,0,4,1,6,1,-1,-1,-1,-1,-1,-1,-1,-1
201501JI40348,1,9,0,4,0,1,0,0,0,0,2,1,6,2,43,7,1339,1,10,-1,1,-1
201501JI40348,2,19,0,18,0,1,0,0,0,0,3,1,6,1,36,7,2198,2,1,-1,1,-1
201501JI40348,3,9,0,18,0,1,0,0,0,0,1,1,6,1,28,6,1910,2,5,-1,1,-1
201501JI40349,1,9,0,18,0,1,0,0,0,0,3,1,6,1,36,7,1896,2,10,-1,1,-1
201501JI40349,2,9,0,5,0,2,0,0,0,0,1,1,6,3,-1,-1,1968,2,1,-1,-1,-1
201501JI40350,1,9,0,10,0,8,0,0,0,0,2,1,6,1,75,10,1597,1,22,-1,1,-1
201501JI40350,2,5,0,18,0,8,0,0,0,0,1,1,6,1,28,6,-1,-1,-1,-1,1,-1
201501JI40351,1,9,0,3,0,0,0,0,0,0,2,1,2,2,37,7,2148,2,14,-1,1,-1
201501JI40351,2,9,0,18,0,0,0,0,0,0,1,1,4,1,43,7,-1,-1,-1,-1,1,-1
201501JI40352,1,8,0,5,0,8,0,0,0,0,1,1,1,1,-1,-1,1686,2,2,-1,-1,-1
201501JI40352,2,1,0,18,0,8,0,0,0,0,4,1,6,2,51,8,-1,-1,-1,-1,1,-1
201501JI40354,1,9,0,18,0,8,0,4,0,0,3,1,6,2,32,6,2967,2,7,-1,1,-1
201501JI40354,2,9,0,4,0,8,0,0,0,0,1,1,6,2,33,6,1797,8,3,-1,1,-1
201501JI40354,3,9,0,2,0,1,0,0,0,0,3,1,6,3,-1,-1,-1,-1,-1,-1,-1,-1
201501JI40355,1,9,0,12,0,1,1,10,5,6,3,1,1,2,52,8,1587,1,11,-1,1,-1
201501JI40355,2,21,1,18,0,1,0,0,0,0,3,1,1,1,53,8,11705,2,8,-1,1,-1
201501JI40356,1,3,0,18,0,0,0,0,0,0,3,1,6,1,20,4,102,1,8,-1,1,-1
201501JI40356,2,9,0,13,0,0,0,0,0,0,4,1,6,3,-1,-1,-1,-1,-1,-1,-1,-1
201501JI40357,1,9,0,18,0,8,0,0,0,0,3,1,3,2,39,7,1240,1,11,-1,1,-1
201501JI40357,2,9,0,9,0,6,0,0,0,0,1,1,6,1,-1,-1,-1,-1,-1,-1,-1,-1
201501JI40358,1,9,0,18,0,0,0,0,0,0,1,1,6,2,37,7,1998,1,10,-1,1,-1
201501JI40358,2,9,0,3,0,0,0,0,0,0,2,1,6,1,37,7,2494,1,12,-1,1,-1
201501JI40359,1,9,0,18,0,8,0,0,0,0,1,1,6,1,-1,-1,2498,2,17,-1,-1,-1
201501JI40360,1,9,0,4,0,1,0,0,0,0,2,1,6,1,24,5,1896,2,16,-1,1,-1
201501JI40360,2,9,0,4,0,1,0,0,0,0,2,1,6,2,61,9,1398,2,7,-1,1,-1
201501JI40360,3,9,0,18,0,1,0,0,0,0,1,1,6,1,46,8,1753,2,9,-1,-1,-1
201501JI40361,1,9,0,18,0,0,0,0,0,0,4,1,6,1,23,5,1229,1,10,-1,-1,-1
201501JI40361,2,9,0,6,0,0,0,0,0,0,1,1,6,1,-1,-1,1364,1,10,-1,-1,-1
201501JI40362,1,9,0,9,0,2,0,0,0,0,3,1,6,1,22,5,3200,1,9,-1,1,-1
201501JI40362,2,9,0,16,0,1,0,0,0,0,1,1,6,1,28,6,1248,1,-1,-1,-1,-1
201501JI40363,1,9,0,18,0,0,1,10,4,10,1,1,2,1,56,9,1870,2,9,-1,1,-1
201501JI40364,1,9,0,4,0,0,0,0,0,0,1,1,6,2,58,9,998,1,4,-1,1,-1
201501JI40365,1,9,0,4,0,2,0,0,0,0,3,1,6,2,42,7,1399,2,7,-1,1,-1
201501JI40365,2,9,0,18,0,1,0,0,0,0,3,1,6,1,-1,-1,1796,1,11,-1,-1,-1
201501JI40366,1,9,0,18,0,8,0,0,0,0,3,1,1,2,32,6,-1,-1,-1,-1,-1,-1
201501JI40366,2,9,0,9,0,8,0,0,0,0,1,1,1,1,23,5,1560,2,-1,-1,1,-1
201501JI40367,1,9,0,18,0,2,0,0,0,0,3,1,6,1,38,7,1995,2,11,-1,1,-1
201501JI40368,1,9,0,18,0,8,0,0,0,0,4,1,2,1,48,8,3222,2,12,-1,1,-1
201501JI40368,2,1,0,18,0,8,0,0,0,0,1,1,6,2,32,6,-1,-1,-1,-1,1,-1
201501JI40369,1,9,0,18,0,0,5,10,0,0,1,1,2,1,57,9,1341,1,11,-1,1,-1
201501JI40371,1,9,0,18,0,8,0,0,0,0,3,1,6,2,55,8,999,1,5,-1,1,-1
201501JI40372,1,9,0,18,0,0,0,4,0,0,1,1,6,2,30,6,1242,1,9,-1,-1,-1
201501JI40372,2,9,0,18,0,0,0,0,0,0,1,1,6,1,25,5,1596,1,12,-1,1,-1
201501JI40372,3,9,0,2,0,0,0,0,0,0,3,1,6,3,-1,-1,2993,2,4,-1,-1,-1
201501JI40373,1,9,0,18,0,8,0,0,7,2,4,1,6,1,25,5,1242,1,6,-1,1,-1
201501JI40373,2,9,0,5,0,8,0,0,0,0,1,1,6,3,-1,-1,-1,-1,-1,-1,-1,-1
201501JI40375,1,9,0,3,0,1,0,0,7,0,2,1,3,2,31,6,1149,1,9,-1,1,-1
201501JI40375,2,19,0,18,0,1,0,0,0,0,1,1,6,1,-1,-1,1560,2,-1,-1,-1,-1
201501JI40376,1,3,0,18,0,2,0,0,0,0,1,1,6,3,-1,-1,-1,-1,-1,-1,-1,-1
201501JI40377,1,9,0,9,0,6,0,0,0,0,1,1,6,2,53,8,1397,1,5,-1,1,-1
201501JI40378,1,9,0,18,0,0,0,4,0,0,4,1,6,2,44,7,-1,-1,-1,-1,1,-1
201501JI40378,2,9,0,2,0,0,0,0,0,0,3,1,6,2,60,9,1587,1,6,-1,1,-1
201501JI40378,3,19,0,2,0,0,0,0,0,0,3,1,1,1,62,9,2198,2,8,-1,3,-1
201501JI40378,4,9,0,2,0,0,0,0,0,0,3,1,6,1,63,9,2497,2,18,-1,1,-1
201501JI40379,1,9,0,18,0,1,0,10,1,10,1,1,6,1,65,9,1386,1,6,-1,1,-1
201501JI40380,1,9,0,9,0,5,0,0,0,0,4,1,6,2,22,5,2143,2,3,-1,1,-1
201501JI40380,2,9,0,18,0,8,0,0,0,0,1,1,6,2,68,10,2231,2,2,-1,1,-1
201501JI40381,1,9,0,18,0,8,0,0,0,0,1,1,6,1,44,7,2000,2,4,-1,1,-1
201501JI40382,1,9,0,18,0,8,0,0,0,0,4,1,6,1,40,7,1396,1,12,-1,1,-1
201501JI40382,2,9,0,18,0,8,0,0,0,0,1,1,6,3,-1,-1,-1,-1,-1,-1,-1,-1
201501JI40383,1,9,0,7,0,2,0,0,0,0,4,1,6,1,22,5,1995,2,2,-1,1,-1
201501JI40385,1,9,0,9,0,8,0,0,0,0,3,1,6,2,18,4,1198,1,-1,-1,1,-1
201501JI40385,2,9,0,18,0,8,0,0,0,0,1,1,6,1,50,8,998,1,4,-1,1,-1
201501JI40386,1,9,0,18,0,1,0,0,0,0,3,1,6,1,27,6,1596,1,2,-1,1,-1
201501JI40386,2,11,0,18,0,2,0,0,0,0,3,1,1,1,59,9,8268,2,10,-1,1,-1
201501JI40387,1,9,0,18,0,8,0,0,0,0,1,1,6,2,62,9,1242,1,16,-1,1,-1
201501JI40387,2,1,0,18,0,8,0,0,0,0,1,1,6,1,27,6,-1,-1,-1,-1,1,-1
201501JI40388,1,9,0,4,0,1,0,0,0,0,3,1,6,2,33,6,1598,1,12,-1,1,-1
201501JI40388,2,9,0,18,0,2,0,0,0,0,3,1,6,3,-1,-1,1753,2,8,-1,-1,-1
201501JI40389,1,1,0,9,0,1,0,0,0,0,3,1,6,1,15,3,-1,-1,-1,-1,1,-1
201501JI40389,2,9,0,18,0,1,0,0,0,0,1,1,2,1,21,5,1597,1,6,-1,1,-1
201501JI40390,1,11,0,17,2,8,0,0,0,0,3,1,1,1,56,9,9360,2,5,-1,1,-1
201501JI40390,2,9,0,17,0,8,0,0,0,0,0,1,6,2,-1,-1,-1,-1,-1,-1,-1,-1
201501JI40392,1,9,0,9,0,8,0,0,0,0,3,1,6,2,34,6,1560,2,7,-1,-1,-1
201501JI40392,2,9,0,13,0,8,0,0,0,0,1,1,6,3,-1,-1,-1,-1,-1,-1,-1,-1
201501JI40393,1,9,0,4,0,8,0,0,0,0,2,1,1,1,25,5,1598,2,3,-1,1,-1
201501JI40393,2,9,0,18,0,8,0,0,0,0,1,1,6,1,-1,-1,1999,1,12,-1,-1,-1
201501JI40394,1,21,0,7,0,8,0,0,0,0,3,1,1,1,43,7,3920,2,2,-1,2,-1
201501JI40394,2,21,0,18,0,8,0,0,0,0,3,1,1,1,47,8,5900,2,8,-1,-1,-1
201501JI40396,1,9,0,17,0,8,0,0,0,0,4,1,6,1,23,5,1995,2,4,-1,1,-1
201501JI40396,2,3,0,18,0,8,0,0,0,0,1,1,6,1,25,5,689,1,1,-1,1,-1
201501JI40398,1,11,0,7,0,2,0,0,0,0,1,1,1,1,47,8,7300,2,10,-1,1,-1
201501JI40399,1,9,0,18,0,1,0,0,0,0,1,1,6,3,-1,-1,-1,-1,-1,-1,-1,-1
201501JI40400,1,9,0,18,0,8,0,0,0,0,1,1,6,3,-1,-1,1199,1,11,-1,-1,-1
201501JI40400,2,1,0,18,0,8,0,0,0,0,4,1,6,1,20,4,-1,-1,-1,-1,1,-1
201501JI40401,1,9,0,4,0,2,0,0,0,0,2,1,1,1,52,8,-1,-1,-1,-1,-1,-1
201501JI40401,2,9,0,18,0,2,0,0,0,0,1,1,6,1,41,7,2993,2,2,-1,1,-1
201501JI40402,1,11,0,7,0,8,0,0,0,0,3,1,1,1,31,6,4500,2,8,-1,1,-1
201501JI40402,2,9,0,7,0,8,0,0,0,0,3,1,3,2,47,8,2494,1,13,-1,1,-1
201501JI40403,1,9,0,3,0,8,0,0,0,0,2,1,6,2,27,6,1242,1,3,-1,1,-1
201501JI40403,2,9,0,18,0,8,0,0,0,0,4,1,6,1,51,8,1781,1,9,-1,1,-1
201501JI40403,3,5,0,5,0,8,0,0,0,0,1,1,6,1,52,8,1050,1,5,-1,1,-1
201501JI40404,1,9,0,18,0,1,0,0,0,0,1,1,6,2,39,7,1984,2,6,-1,1,-1
201501JI40404,2,9,0,9,0,6,0,0,0,0,4,1,6,1,36,7,1753,2,7,-1,1,-1
201501JI40404,3,9,0,3,0,1,0,0,0,0,1,1,6,1,22,5,-1,-1,-1,-1,1,-1
201501JI40406,1,9,0,5,0,0,0,0,0,0,1,1,6,2,23,5,1997,2,14,-1,1,-1
201501JI40406,2,1,0,18,0,0,0,0,0,0,2,1,6,1,12,3,-1,-1,-1,-1,1,-1
201501JI40407,1,9,0,3,0,1,0,0,0,0,2,1,6,1,33,6,1596,1,9,-1,1,-1
201501JI40407,2,9,0,18,0,1,0,0,0,0,1,1,6,1,-1,-1,1995,2,5,-1,1,-1
201501JI40408,1,9,0,9,0,2,0,0,0,0,1,1,2,1,71,10,1797,8,5,-1,1,-1
201501JI40409,1,9,0,7,0,8,0,0,0,0,1,1,6,3,-1,-1,-1,-1,-1,-1,-1,-1
201501JI40410,1,9,0,18,0,0,0,0,0,0,1,1,1,1,67,10,-1,-1,-1,-1,1,-1
201501JI40410,2,11,0,3,0,0,0,0,0,0,2,1,1,1,62,9,8268,2,12,-1,1,-1
201501JI40412,1,9,0,18,0,1,0,0,0,0,1,1,6,1,41,7,2378,1,9,-1,1,-1
201501JI40412,2,9,0,18,0,2,0,0,0,0,1,1,6,3,-1,-1,1870,2,11,-1,-1,-1
201501JI40414,1,19,0,18,0,2,0,0,0,0,1,1,1,1,44,7,-1,-1,-1,-1,1,-1
201501JI40416,1,9,0,3,0,1,0,0,0,0,2,1,6,1,74,10,989,1,17,-1,1,-1
201501JI40416,2,9,0,18,0,1,0,0,0,0,1,1,6,3,-1,-1,1997,1,9,-1,-1,-1
201501JI40417,1,9,0,3,0,1,0,0,0,0,2,1,6,2,26,6,1497,8,1,-1,1,-1
201501JI40417,2,9,0,3,0,1,0,0,0,0,2,1,1,1,48,8,1399,2,5,-1,1,-1
201501JI40417,3,9,0,18,0,1,0,0,0,0,1,1,6,1,48,8,1560,2,10,-1,1,-1
201501JI40418,1,9,0,18,0,8,0,0,0,0,1,1,6,1,35,6,998,1,12,-1,1,-1
201501JI40419,1,9,0,4,0,2,0,4,0,0,1,1,6,1,33,6,1329,1,4,-1,1,-1
201501JI40419,2,9,0,2,0,2,0,0,0,0,2,1,6,3,-1,-1,-1,-1,-1,-1,-1,-1
201501JI40420,1,9,0,3,0,0,0,0,0,0,2,1,6,2,30,6,1995,1,9,-1,1,-1
201501JI40420,2,9,0,4,0,0,0,0,0,0,1,1,6,1,55,8,1995,2,2,-1,1,-1
201501JI40421,1,9,0,18,0,0,0,0,0,0,1,1,6,3,-1,-1,1799,1,7,-1,-1,-1
201501JI40425,1,11,0,4,0,1,0,0,0,0,2,1,1,1,32,6,6700,2,5,-1,1,-1
201501JI40425,2,9,0,18,0,1,0,0,0,0,1,1,6,2,31,6,2997,1,14,-1,1,-1
201501JI40426,1,9,0,18,0,8,0,0,0,0,3,1,6,1,49,8,1587,1,14,-1,1,-1
201501JI40426,2,9,0,18,0,8,0,0,0,0,1,1,6,1,20,4,1395,1,-1,-1,1,-1
201501JI40427,1,9,0,4,0,0,0,0,0,0,2,1,6,1,49,8,1997,2,12,-1,-1,-1
201501JI40427,2,21,1,18,0,0,0,0,0,0,1,1,1,1,35,6,12740,2,1,-1,-1,-1
201501JI40429,1,9,0,18,0,8,0,0,0,0,4,1,6,1,77,11,1598,1,15,-1,1,-1
201501JI40429,2,9,0,18,0,8,0,0,0,0,1,1,6,1,56,9,-1,-1,-1,-1,1,-1
201501JI40430,1,9,0,18,0,8,0,0,0,0,4,1,6,1,-1,-1,1197,1,1,-1,1,-1
201501JI40430,2,9,0,5,0,8,0,0,0,0,1,1,6,2,-1,-1,1596,1,10,-1,1,-1
201501JI40432,1,9,0,7,0,2,0,0,0,0,1,1,6,1,61,9,1386,1,10,-1,1,-1
201501JI40433,1,9,0,12,0,0,0,0,0,0,1,1,6,1,33,6,1598,2,2,-1,1,-1
201501JI40433,2,9,0,18,0,0,0,0,0,0,1,1,6,2,59,9,996,1,2,-1,1,-1
201501JI40434,1,9,0,9,0,8,0,0,0,0,4,1,6,1,26,6,1596,1,6,-1,1,-1
201501JI40434,2,1,0,15,0,8,0,0,0,0,1,1,6,1,46,8,-1,-1,-1,-1,-1,-1
201501JI40435,1,1,0,18,0,8,0,0,0,0,2,1,6,2,24,5,-1,-1,-1,-1,1,-1
201501JI40435,2,9,0,16,0,8,0,0,0,0,1,1,6,1,55,8,1199,1,11,-1,1,-1
201501JI40436,1,9,0,7,0,8,0,0,0,0,4,1,6,1,67,10,1390,1,6,-1,1,-1
201501JI40436,2,1,0,15,4,1,0,0,0,0,1,1,6,1,36,7,-1,-1,-1,-1,1,-1
201501JI40438,1,9,0,9,0,2,0,0,0,0,1,1,6,3,-1,-1,-1,-1,-1,-1,-1,-1
201501JI40439,1,9,0,18,0,1,0,0,0,0,1,1,6,2,46,8,1598,1,11,-1,1,-1
201501JI40440,1,9,0,18,0,0,0,0,0,0,4,1,6,2,22,5,1242,1,6,-1,1,-1
201501JI40441,1,9,0,3,0,1,0,0,0,0,2,1,6,1,69,10,1798,1,13,-1,1,-1
201501JI40441,2,9,0,18,0,1,0,0,0,0,3,1,2,1,35,6,-1,-1,-1,-1,1,-1
201501JI40441,3,9,0,3,0,1,0,0,0,0,4,1,6,1,32,6,2993,2,12,-1,1,-1
201501JI40442,1,9,0,18,0,2,0,0,0,0,3,1,6,3,-1,-1,1339,8,6,-1,-1,-1
201501JI40443,1,9,0,18,0,8,0,0,0,0,1,1,6,1,23,5,1242,1,-1,-1,1,-1
201501JI40443,2,9,0,9,0,8,0,0,0,0,1,1,6,3,-1,-1,1149,1,17,-1,-1,-1
201501JI40444,1,9,0,18,0,8,0,0,0,0,3,1,1,1,52,8,1798,1,5,-1,1,-1
201501JI40444,2,9,0,9,0,8,0,0,0,0,1,1,6,2,22,5,1796,1,6,-1,-1,-1
201501JI40445,1,9,0,9,0,0,0,0,0,0,2,1,6,1,65,9,1753,2,5,-1,1,-1
201501JI40445,2,19,0,18,0,0,0,0,0,0,1,1,6,1,-1,-1,2402,2,4,-1,-1,-1
201501JI40446,1,9,0,3,0,1,0,0,0,0,2,1,6,2,31,6,999,1,9,-1,-1,-1
201501JI40446,2,9,0,3,0,1,0,0,0,0,2,1,6,2,54,8,1781,1,9,-1,1,-1
201501JI40446,3,9,0,18,0,1,0,0,0,0,1,1,6,1,41,7,1798,1,12,-1,1,-1
201501JI40447,1,4,0,7,0,1,0,0,0,0,2,1,6,1,49,8,279,1,4,-1,1,-1
201501JI40447,2,9,0,7,0,1,0,0,0,0,1,1,6,2,68,10,1298,1,13,-1,1,-1
201501JI40449,1,9,0,18,0,2,0,10,1,5,1,1,6,1,29,6,1598,1,10,-1,1,-1
201501JI40449,2,19,0,18,0,2,0,0,0,0,0,1,6,3,-1,-1,-1,-1,-1,-1,-1,-1
201501JI40450,1,9,0,18,0,8,0,0,0,0,3,1,6,2,37,7,1329,1,1,-1,1,-1
201501JI40450,2,9,0,18,0,8,0,0,0,0,1,1,6,1,63,9,1396,1,16,-1,1,-1
201501JI40452,1,9,0,14,0,8,0,0,0,0,1,1,6,1,22,5,-1,-1,-1,-1,1,-1
201501JI40452,2,4,0,18,0,8,0,0,0,0,1,1,1,1,23,5,-1,-1,-1,-1,-1,-1
201501JI40453,1,9,0,4,0,1,0,0,0,0,2,1,6,1,47,8,1998,1,14,-1,1,-1
201501JI40453,2,9,0,18,0,1,0,0,0,0,1,1,6,1,-1,-1,1997,2,6,-1,1,-1
201501JI40454,1,5,0,5,0,8,0,0,0,0,4,1,6,1,45,7,1340,1,1,-1,1,-1
201501JI40454,2,9,0,9,0,8,0,0,0,0,1,1,6,1,-1,-1,1390,1,5,-1,-1,-1
201501JI40455,1,11,0,5,0,1,0,0,0,0,0,1,1,3,-1,-1,-1,-1,-1,-1,-1,-1
201501JI40456,1,9,0,3,0,0,0,0,0,0,2,1,6,1,33,6,998,1,12,-1,1,-1
201501JI40456,2,9,0,18,0,0,0,0,0,0,1,1,6,2,-1,-1,2000,2,5,-1,-1,-1
201501JI40456,3,9,0,3,0,0,0,0,0,0,2,1,6,3,-1,-1,2497,2,10,-1,-1,-1
201501JI40457,1,19,0,3,0,0,0,0,0,0,2,1,6,1,38,7,-1,-1,-1,-1,1,-1
201501JI40457,2,9,0,18,0,0,0,0,0,0,1,1,6,1,34,6,1596,1,12,-1,1,-1
201501JI40459,1,9,0,18,0,8,0,0,0,0,1,1,6,3,-1,-1,-1,-1,-1,-1,-1,-1
201501JI40460,1,5,0,18,0,0,1,0,0,0,4,1,6,1,26,6,-1,-1,-1,-1,1,-1
201501JI40460,2,11,0,18,0,0,0,0,0,0,2,1,1,1,-1,-1,6700,2,4,-1,-1,-1
201501JI40461,1,9,0,3,0,1,0,0,0,0,2,1,6,1,25,5,1794,1,10,-1,1,-1
201501JI40461,2,9,0,18,0,1,0,0,0,0,1,1,6,2,-1,-1,1229,1,7,-1,-1,-1
201501JI40463,1,9,0,18,0,2,0,0,0,0,4,1,6,1,27,6,1390,1,7,-1,1,-1
201501JI40463,2,9,0,7,0,2,0,0,0,0,3,1,6,3,-1,-1,2967,1,15,-1,-1,-1
201501JI40464,1,9,0,5,0,0,0,7,7,1,1,1,6,1,73,10,1242,1,-1,-1,1,-1
201501JI40466,1,9,0,18,0,0,0,0,0,0,1,1,6,1,34,6,1998,2,10,-1,1,-1
201501JI40466,2,9,0,4,0,0,0,0,0,0,2,1,6,2,56,9,2494,1,16,-1,1,-1
201501JI40466,3,9,0,3,0,0,0,0,0,0,2,1,6,2,-1,-1,1995,2,14,-1,1,-1
201501JI40467,1,9,0,4,0,1,0,0,0,0,2,1,6,1,46,8,-1,-1,-1,-1,1,-1
201501JI40467,2,9,0,4,0,1,0,0,0,0,1,1,6,2,32,6,1240,1,7,-1,1,-1
201501JI40468,1,9,0,18,0,2,0,0,0,0,1,1,6,1,-1,-1,-1,-1,-1,-1,-1,-1
201501JI40469,1,9,0,9,0,8,0,0,0,0,4,1,6,1,18,4,998,1,13,-1,1,-1
201501JI40469,2,9,0,9,0,8,0,0,0,0,3,1,6,1,63,9,1796,1,11,-1,1,-1
201501JI40469,3,9,0,3,0,1,0,0,0,0,1,1,6,1,51,8,1390,1,12,-1,1,-1
201501JI40470,1,9,0,4,0,1,0,0,0,0,2,1,6,1,37,7,-1,-1,-1,-1,1,-1
201501JI40470,2,9,0,11,0,1,0,0,0,0,1,1,6,3,-1,-1,-1,-1,-1,-1,-1,-1
201501JI40471,1,90,0,14,0,1,0,0,0,0,1,1,1,1,29,6,-1,-1,-1,-1,-1,-1
201501JI40471,2,9,0,9,0,1,0,0,0,0,3,1,6,1,41,7,1596,1,10,-1,1,-1
201501JI40472,1,9,0,7,0,2,0,0,0,0,1,1,6,1,44,7,1796,1,12,-1,1,-1
201501JI40473,1,9,0,5,0,0,0,0,0,0,1,1,3,2,47,8,1997,2,7,-1,1,-1
201501JI40474,1,3,0,18,0,8,0,0,0,0,1,1,6,1,20,4,124,1,10,-1,1,-1
201501JI40474,2,9,0,9,0,8,0,0,0,0,3,1,6,3,-1,-1,-1,-1,-1,-1,-1,-1
201501JI40476,1,9,0,7,0,8,0,0,0,0,4,1,6,1,66,10,1910,2,6,-1,1,-1
201501JI40476,2,9,0,18,0,8,0,0,0,0,1,1,6,1,30,6,2184,2,10,-1,1,-1
201501JI40477,1,9,0,18,0,0,0,0,0,0,4,1,6,2,53,8,2993,2,10,-1,1,-1
201501JI40478,1,19,0,14,0,1,0,0,0,0,4,1,1,1,34,6,1560,2,2,-1,1,-1
201501JI40478,2,9,0,3,0,1,0,0,0,0,2,1,1,1,46,8,-1,-1,-1,-1,-1,-1
201501JI40480,1,9,0,3,0,1,0,0,0,0,4,1,6,2,36,7,1242,1,4,-1,1,-1
201501JI40480,2,1,0,18,0,1,0,0,0,0,3,1,4,1,5,1,-1,-1,-1,-1,1,-1
201501JI40481,1,9,0,16,0,2,0,0,0,0,1,1,1,1,47,8,2198,1,8,-1,1,-1
201501JI40483,1,3,0,9,0,8,0,0,0,0,1,1,6,1,17,4,125,1,1,-1,1,-1
201501JI40483,2,9,0,18,0,8,0,0,0,0,4,1,6,2,64,9,1968,2,7,-1,1,-1
201501JI40484,1,1,0,18,0,1,0,8,0,0,1,1,1,1,35,6,-1,-1,-1,-1,-1,-1
201501JI40484,2,9,0,3,0,1,0,0,0,0,4,1,6,1,28,6,1896,2,10,-1,1,-1
201501JI40485,1,9,0,3,0,1,0,0,0,0,1,1,6,2,23,5,1388,1,12,-1,1,-1
201501JI40485,2,9,0,18,0,1,0,0,0,0,1,1,6,3,-1,-1,-1,-1,-1,-1,-1,-1
201501JI40486,1,9,0,18,0,0,0,0,0,0,1,1,6,3,-1,-1,-1,-1,-1,-1,-1,-1
201501JI40487,1,9,0,9,0,8,0,0,0,0,4,1,6,1,21,5,1595,1,7,-1,1,-1
201501JI40487,2,9,0,18,0,8,0,0,0,0,1,1,6,1,31,6,-1,-1,-1,-1,1,-1
201501JI40488,1,9,0,2,0,2,0,0,0,0,4,1,6,1,25,5,1296,1,9,-1,1,-1
201501JI40488,2,9,0,18,0,1,0,8,0,0,4,1,6,3,-1,-1,-1,-1,-1,-1,-1,-1
201501JI40490,1,9,0,18,0,1,0,0,0,0,1,1,6,1,23,5,-1,-1,-1,-1,1,-1
201501JI40490,2,9,0,10,0,1,0,0,0,0,2,1,6,1,41,7,1400,1,8,-1,1,-1
201501JI40491,1,9,0,18,0,8,0,0,0,0,2,1,6,1,64,9,2993,2,3,-1,1,-1
201501JI40491,2,9,0,18,0,8,0,0,0,0,1,1,1,1,-1,-1,-1,-1,-1,-1,1,-1
201501JI40492,1,9,0,18,0,8,0,0,0,0,1,1,6,2,44,7,1598,1,5,-1,1,-1
201501JI40492,2,9,0,9,0,8,0,0,0,0,4,1,1,2,26,6,1198,1,10,-1,1,-1
201501JI40493,1,9,0,18,0,8,0,0,0,0,1,1,6,1,32,6,-1,-1,-1,-1,1,-1
201501JI40493,2,9,0,7,0,8,0,0,0,0,1,1,6,3,-1,-1,-1,-1,-1,-1,-1,-1
201501JI40494,1,9,0,5,0,1,0,4,7,10,1,1,6,2,55,8,1389,1,22,-1,1,-1
201501JI40494,2,9,0,2,0,1,0,0,0,0,1,1,6,2,36,7,1686,2,-1,-1,1,-1
201501JI40496,1,4,0,18,9,0,0,4,1,0,1,1,6,1,24,5,125,1,1,-1,-1,-1
201501JI40496,2,9,0,2,9,0,0,0,0,0,4,1,6,1,55,8,1499,2,2,-1,-1,-1
201501JI40497,1,9,0,12,0,0,0,0,0,0,3,1,6,1,20,4,1364,1,8,-1,1,-1
201501JI40497,2,9,0,18,0,0,0,0,0,0,4,1,6,1,21,5,1229,1,7,-1,1,-1
201501JI40498,1,3,0,18,0,0,0,0,0,0,1,1,6,1,29,6,279,1,-1,-1,1,-1
201501JI40498,2,9,0,18,0,0,0,0,0,0,2,1,6,1,-1,-1,1686,2,4,-1,1,-1
201501JI40499,1,9,0,18,0,0,0,0,0,0,1,1,6,1,43,7,1896,2,11,-1,1,-1
201501JI40499,2,9,0,18,0,0,0,0,0,0,1,1,6,1,53,8,2967,1,14,-1,1,-1
201501JI40500,1,9,0,18,0,0,0,0,0,0,1,1,6,1,58,9,1796,1,14,-1,1,-1
201501JI40501,1,9,0,6,0,2,0,0,0,0,3,1,6,2,66,10,1590,1,12,-1,1,-1
201501JI40501,2,9,0,2,0,2,0,0,0,0,3,1,6,3,-1,-1,2171,1,11,-1,-1,-1
201501JI40501,3,1,0,18,0,1,0,4,0,0,1,1,6,1,62,9,-1,-1,-1,-1,1,-1
201501JI40502,1,9,0,4,0,1,0,0,0,0,2,1,1,1,29,6,1800,1,15,-1,-1,-1
201501JI40502,2,9,0,18,0,1,0,0,0,0,1,1,6,1,18,4,1299,1,8,-1,1,-1
201501JI40503,1,9,0,3,0,1,0,0,0,0,2,1,6,2,35,6,1995,2,2,-1,1,-1
201501JI40503,2,9,0,18,0,1,0,0,0,0,1,1,6,3,-1,-1,-1,-1,-1,-1,-1,-1
201501JI40504,1,9,0,3,0,1,0,0,0,0,2,1,6,2,24,5,1686,2,10,-1,1,-1
201501JI40504,2,9,0,18,0,1,0,0,0,0,1,1,6,3,-1,-1,-1,-1,-1,-1,-1,-1
201501JI40505,1,5,0,14,0,1,0,0,0,0,1,1,2,1,42,7,1170,1,10,-1,1,-1
201501JI40505,2,9,0,9,0,8,0,0,0,0,3,1,6,3,-1,-1,-1,-1,-1,-1,-1,-1
201501JI40506,1,11,0,18,0,1,0,0,0,0,1,1,1,1,51,8,6700,2,4,-1,1,-1
201501JI40506,2,1,0,18,9,1,0,0,0,0,2,1,6,1,19,4,-1,-1,-1,-1,1,-1
201501JI40507,1,9,0,18,0,0,0,10,7,10,1,1,6,1,57,9,1086,1,7,-1,1,-1