Accident_Index,Vehicle_Reference,Vehicle_Type,Towing_and_Articulation,Vehicle_Manoeuvre,Vehicle_Location-Restricted_Lane,Junction_Location,Skidding_and_Overturning,Hit_Object_in_Carriageway,Vehicle_Leaving_Carriageway,Hit_Object_off_Carriageway,1st_Point_of_Impact,Was_Vehicle_Left_Hand_Drive?,Journey_Purpose_of_Driver,Sex_of_Driver,Age_of_Driver,Age_Band_of_Driver,Engine_Capacity_(CC),Propulsion_Code,Age_of_Vehicle,Driver_IMD_Decile,Driver_Home_Area_Type,Vehicle_IMD_Decile
201501JI40666,1,9,0,9,0,8,0,0,0,0,1,1,1,1,43,7,-1,-1,-1,-1,1,-1
201501JI40666,2,3,0,13,0,8,0,0,0,0,1,1,6,1,51,8,125,1,1,-1,-1,-1
201501JI40667,1,9,0,2,0,0,0,0,0,0,3,1,6,1,43,7,1360,1,11,-1,1,-1
201501JI40667,2,11,0,18,0,0,0,0,0,0,4,1,6,1,54,8,8268,2,12,-1,1,-1
201501JI40668,1,21,0,11,0,0,0,0,0,0,1,1,1,1,49,8,12809,2,-1,-1,1,-1
201501JI40668,2,9,0,18,0,0,0,0,0,0,3,1,6,2,71,10,1498,1,4,-1,1,-1
201501JI40669,1,11,0,4,0,8,0,0,0,0,0,1,1,1,-1,-1,7300,2,10,-1,-1,-1
201501JI40670,1,9,0,4,0,0,0,0,0,0,2,1,6,1,-1,-1,1242,1,3,-1,1,-1
201501JI40670,2,9,0,18,0,0,0,0,0,0,1,1,6,1,50,8,1199,1,11,-1,1,-1
201501JI40670,3,9,0,18,0,0,0,0,0,0,1,1,6,3,-1,-1,2497,1,10,-1,-1,-1
201501JI40671,1,9,0,18,0,8,0,0,0,0,1,1,6,1,20,4,1242,1,8,-1,1,-1
201501JI40671,2,21,0,2,0,8,0,0,0,0,2,1,1,1,64,9,-1,-1,-1,-1,1,-1
201501JI40672,1,21,0,12,0,0,0,0,0,0,3,2,1,1,46,8,-1,-1,-1,-1,-1,-1
201501JI40672,2,9,0,18,0,0,0,0,0,0,4,1,6,2,31,6,1364,1,6,-1,1,-1
201501JI40673,1,19,0,18,0,0,0,0,0,0,1,1,6,1,44,7,1995,2,4,-1,1,-1
201501JI40673,2,19,0,12,0,0,0,0,0,0,2,1,6,1,-1,-1,-1,-1,-1,-1,-1,-1
201501JI40674,1,19,0,6,0,8,0,0,0,0,1,1,6,1,58,9,2198,2,7,-1,1,-1
201501JI40675,1,9,0,18,0,8,0,4,7,0,1,1,6,1,22,5,2993,2,5,-1,1,-1
201501JI40675,2,9,0,2,6,8,0,0,0,0,3,1,6,1,42,7,1348,1,15,-1,1,-1
201501JI40676,1,9,0,4,0,0,0,0,0,0,2,1,6,1,47,8,22311,2,3,-1,1,-1
201501JI40676,2,9,0,4,0,0,0,0,0,0,1,1,6,2,41,7,1596,1,12,-1,1,-1
201501JI40677,1,9,0,18,0,8,0,0,0,0,1,1,6,2,45,7,1590,1,13,-1,1,-1
201501JI40677,2,9,0,9,0,8,0,0,0,0,4,1,6,1,29,6,1598,1,6,-1,1,-1
201501JI40678,1,9,0,18,0,0,0,0,0,0,2,1,6,1,34,6,4293,1,13,-1,1,-1
201501JI40678,2,9,0,18,0,0,0,0,0,0,2,1,6,1,46,8,1296,1,8,-1,1,-1
201501JI40678,3,9,0,18,0,0,0,0,0,0,1,1,6,1,58,9,2148,2,11,-1,1,-1
201501JI40679,1,9,0,18,0,1,0,0,0,0,1,1,6,1,-1,-1,1968,2,7,-1,-1,-1
201501JI40680,1,9,0,18,0,0,0,0,0,0,3,1,6,2,25,5,1995,2,1,-1,1,-1
201501JI40680,2,21,0,11,0,0,0,0,0,0,4,1,1,3,-1,-1,-1,-1,-1,-1,-1,-1
201501JI40681,1,9,0,17,0,0,0,0,0,0,3,1,6,2,40,7,1242,1,-1,-1,1,-1
201501JI40681,2,9,0,16,0,0,0,0,0,0,3,1,6,3,-1,-1,1895,1,14,-1,-1,-1
201501JI40682,1,11,0,2,0,0,0,0,0,0,0,1,1,1,35,6,4250,2,6,-1,1,-1
201501JI40683,1,8,0,9,0,8,0,0,0,0,3,1,1,1,56,9,1794,1,7,-1,1,-1
201501JI40683,2,9,0,18,0,8,0,0,0,0,1,1,6,1,22,5,1560,2,8,-1,1,-1
201501JI40684,1,9,0,18,0,8,1,0,0,0,1,1,6,1,22,5,1995,2,12,-1,1,-1
201501JI40684,2,9,0,5,0,8,0,0,0,0,4,1,6,2,24,5,1596,1,4,-1,1,-1
201501JI40685,1,9,0,10,0,8,0,0,0,0,2,1,6,2,40,7,1398,1,14,-1,1,-1
201501JI40685,2,9,0,18,0,8,0,0,0,0,1,1,6,2,60,9,996,1,3,-1,1,-1
201501JI40686,1,9,0,18,0,0,0,0,0,0,1,1,6,1,-1,-1,1968,2,2,-1,1,-1
201501JI40687,1,4,0,18,0,0,0,0,0,0,1,1,6,3,-1,-1,-1,-1,-1,-1,-1,-1
201501JI40688,1,11,0,18,0,0,0,0,0,0,0,1,1,1,-1,-1,-1,-1,-1,-1,-1,-1
201501JI40689,1,9,0,17,9,2,0,10,1,2,1,1,6,1,44,7,1896,2,8,-1,1,-1
201501JI40690,1,19,0,4,0,8,0,0,0,0,4,1,6,1,31,6,2287,2,4,-1,-1,-1
201501JI40690,2,1,0,18,0,8,0,0,0,0,3,1,6,1,31,6,-1,-1,-1,-1,-1,-1
201501JI40690,3,9,0,4,0,8,0,0,0,0,4,1,6,1,53,8,1596,1,3,-1,1,-1
201501JI40691,1,9,0,13,0,0,0,0,0,0,1,1,6,1,36,7,1582,2,2,-1,-1,-1
201501JI40692,1,9,0,17,0,0,0,0,1,0,1,1,3,1,20,4,1598,2,-1,-1,1,-1
201501JI40693,1,9,0,18,0,0,0,0,0,0,1,1,6,1,-1,-1,1388,1,6,-1,-1,-1
201501JI40694,1,9,0,13,0,0,0,0,0,0,1,1,6,1,-1,-1,-1,-1,-1,-1,-1,-1
201501JI40694,2,9,0,18,0,0,0,0,0,0,2,1,6,1,44,7,1998,2,9,-1,1,-1
201501JI40694,3,9,0,18,0,0,0,0,0,0,2,1,6,1,24,5,1998,2,10,-1,1,-1
201501JI40696,1,9,0,8,0,1,0,0,0,0,2,1,6,2,56,9,1599,1,10,-1,1,-1
201501JI40696,2,9,0,18,0,1,0,0,0,0,1,1,6,3,-1,-1,1840,1,14,-1,-1,-1
201501JI40698,1,9,0,18,0,2,0,0,0,0,1,1,6,1,28,6,1995,2,5,-1,1,-1
201501JI40698,2,9,0,18,0,2,0,7,0,0,2,1,6,1,38,7,1587,1,13,-1,1,-1
201501JI40699,1,9,0,7,0,8,0,0,0,0,1,1,6,1,-1,-1,1598,1,5,-1,-1,-1
201501JI40700,1,3,0,3,0,8,0,0,0,0,2,1,6,1,24,5,108,1,7,-1,1,-1
201501JI40700,2,9,0,9,0,8,0,0,0,0,1,1,6,1,24,5,1332,1,17,-1,1,-1
201501JI40701,1,9,0,9,0,8,0,0,0,0,1,1,6,2,28,6,999,1,1,-1,1,-1
201501JI40701,2,9,0,18,0,8,0,0,0,0,3,1,6,1,26,6,1984,1,1,-1,1,-1
201501JI40702,1,9,0,18,0,8,0,0,0,0,1,1,6,1,20,4,1598,2,-1,-1,1,-1
201501JI40702,2,9,0,9,0,8,0,0,0,0,3,1,6,2,33,6,-1,-1,-1,-1,1,-1
201501JI40703,1,9,0,12,0,8,0,0,0,0,1,1,6,1,27,6,1329,1,6,-1,1,-1
201501JI40704,1,9,0,18,0,0,0,0,0,0,1,1,6,3,-1,-1,-1,-1,-1,-1,-1,-1
201501JI40705,1,9,0,3,0,1,0,0,0,0,2,1,6,2,29,6,2987,2,8,-1,1,-1
201501JI40705,2,9,0,3,0,1,0,0,0,0,2,1,6,1,35,6,2993,2,6,-1,1,-1
201501JI40705,3,9,0,18,0,1,0,0,0,0,1,1,6,1,60,9,2993,2,9,-1,1,-1
201501JI40706,1,9,0,18,0,8,0,0,0,0,4,1,6,1,38,7,1997,2,3,-1,1,-1
201501JI40706,2,19,0,9,0,8,0,0,0,0,1,1,6,1,-1,-1,1560,2,-1,-1,1,-1
201501JI40707,1,9,0,9,0,8,0,0,0,0,4,1,6,2,26,6,973,1,12,-1,1,-1
201501JI40707,2,1,0,18,0,8,0,0,0,0,1,1,6,1,38,7,-1,-1,-1,-1,1,-1
201501JI40708,1,9,0,18,0,8,0,0,0,0,1,1,6,1,33,6,1798,1,11,-1,1,-1
201501JI40710,1,9,0,9,0,8,0,0,0,0,3,1,6,2,63,9,1360,1,11,-1,1,-1
201501JI40710,2,3,0,18,0,8,0,0,0,0,1,1,6,1,26,6,125,1,3,-1,1,-1
201501JI40711,1,9,0,18,0,8,0,0,0,0,4,1,6,1,47,8,1330,1,8,-1,1,-1
201501JI40711,2,9,0,18,0,8,0,0,0,0,1,1,6,1,43,7,-1,-1,-1,-1,1,-1
201501JI40712,1,9,0,9,0,8,0,0,0,0,1,1,6,2,-1,-1,-1,-1,-1,-1,-1,-1
201501JI40713,1,9,0,18,0,1,0,0,0,0,1,1,6,2,48,8,2143,2,6,-1,1,-1
201501JI40714,1,9,0,13,0,8,0,0,0,0,4,1,6,2,26,6,1968,2,10,-1,1,-1
201501JI40714,2,9,0,9,0,8,0,0,0,0,3,1,6,1,48,8,2993,2,1,-1,1,-1
201501JI40715,1,9,0,2,0,2,0,4,0,0,2,1,6,1,56,9,1796,1,6,-1,1,-1
201501JI40715,2,9,0,2,0,2,0,4,0,0,2,1,6,1,27,6,2184,2,19,-1,1,-1
201501JI40715,3,9,0,18,0,2,0,4,0,0,1,1,6,3,-1,-1,-1,-1,-1,-1,-1,-1
201501JI40716,1,9,0,18,0,1,5,10,0,0,4,1,6,1,45,7,1796,1,11,-1,1,-1
201501JI40716,2,9,0,2,0,1,0,0,0,0,2,1,6,3,-1,-1,1956,2,-1,-1,-1,-1
201501JI40717,1,9,0,18,0,8,0,0,0,0,1,1,6,1,42,7,1200,1,2,-1,1,-1
201501JI40717,2,9,0,18,0,8,0,0,0,0,3,1,6,3,-1,-1,1598,1,7,-1,-1,-1
201501JI40718,1,9,0,9,0,2,0,0,0,0,1,1,6,3,-1,-1,-1,-1,-1,-1,-1,-1
201501JI40719,1,9,0,2,0,0,0,0,0,0,3,1,6,3,-1,-1,2993,2,10,-1,-1,-1
201501JI40719,2,9,0,18,0,0,0,4,0,0,4,1,6,3,-1,-1,-1,-1,-1,-1,-1,-1
201501JI40720,1,9,0,18,0,8,0,0,0,0,3,1,6,1,45,7,1598,1,12,-1,1,-1
201501JI40720,2,9,0,18,0,8,0,0,0,0,3,1,6,1,18,4,1229,1,3,-1,1,-1
201501JI40721,1,3,0,13,0,1,0,0,0,0,3,1,1,1,19,4,109,1,2,-1,-1,-1
201501JI40721,2,9,0,9,0,1,0,0,0,0,3,1,6,2,25,5,1242,1,1,-1,1,-1
201501JI40723,1,9,0,7,0,1,0,0,0,0,4,1,1,2,67,10,1299,1,11,-1,1,-1
201501JI40723,2,1,0,7,0,1,0,0,0,0,3,1,6,1,29,6,-1,-1,-1,-1,1,-1
201501JI40724,1,9,0,18,9,0,0,10,1,0,1,1,1,1,-1,-1,-1,-1,-1,-1,-1,-1
201501JI40725,1,9,0,18,0,1,0,0,0,0,1,1,6,1,21,5,1242,1,14,-1,1,-1
201501JI40725,2,9,0,3,0,1,0,0,0,0,2,1,6,1,17,4,1461,2,-1,-1,-1,-1
201501JI40725,3,9,0,3,0,1,0,0,0,0,2,1,6,1,-1,-1,-1,-1,-1,-1,-1,-1
201501JI40726,1,9,0,7,0,2,0,0,0,0,4,1,6,1,36,7,1248,2,10,-1,1,-1
201501JI40728,1,9,0,18,0,8,0,0,0,0,1,1,6,1,50,8,1598,2,4,-1,1,-1
201501JI40728,2,9,0,9,0,8,0,0,0,0,3,1,6,1,26,6,1598,1,12,-1,1,-1
201501JI40729,1,9,0,17,0,0,0,4,0,0,1,1,6,1,32,6,2499,1,9,-1,1,-1
201501JI40729,2,9,0,16,0,0,0,0,0,0,3,1,6,1,31,6,2926,2,13,-1,1,-1
201501JI40730,1,9,0,7,0,3,0,0,0,0,4,1,6,2,24,5,1587,1,12,-1,-1,-1
201501JI40730,2,9,0,7,0,3,0,0,0,0,3,1,6,2,40,7,1796,1,7,-1,-1,-1
201501JI40732,1,9,0,4,0,1,0,0,0,0,1,1,1,1,29,6,1596,1,2,-1,1,-1
201501JI40732,2,9,0,9,0,2,0,0,0,0,1,1,6,1,-1,-1,1995,2,6,-1,1,-1
201501JI40733,1,3,0,18,0,8,0,0,0,0,4,1,6,1,36,7,125,1,1,-1,1,-1
201501JI40733,2,9,0,18,0,8,0,0,0,0,3,1,6,1,34,6,1400,1,10,-1,1,-1
201501JI40734,1,9,0,18,0,0,0,0,0,0,1,1,6,2,-1,-1,1598,1,5,-1,-1,-1
201501JI40735,1,11,0,5,0,0,0,0,0,0,0,1,1,1,65,9,6700,2,5,-1,1,-1
201501JI40736,1,9,0,18,0,1,0,0,0,0,4,1,6,1,45,7,1998,1,17,-1,1,-1
201501JI40736,2,9,0,15,0,1,0,0,0,0,3,1,6,1,-1,-1,1896,2,12,-1,-1,-1
201501JI40736,3,9,0,18,0,1,0,0,0,0,3,1,6,1,64,9,1390,1,13,-1,1,-1
201501JI40737,1,9,0,6,0,0,0,0,0,0,3,1,6,1,72,10,1198,1,9,-1,1,-1
201501JI40737,2,9,0,13,0,0,0,0,0,0,4,1,6,1,-1,-1,1995,2,12,-1,1,-1
201501JI40738,1,9,0,18,0,0,0,0,0,0,4,1,6,1,55,8,1998,1,14,-1,1,-1
201501JI40739,1,9,0,18,0,1,0,0,0,0,1,1,6,1,22,5,999,1,7,-1,1,-1
201501JI40739,2,9,0,9,0,1,0,0,0,0,2,1,1,1,41,7,1560,2,5,-1,-1,-1
201501JI40740,1,8,0,18,0,0,0,0,5,6,4,1,1,1,37,7,1968,2,1,-1,1,-1
201501JI40740,2,21,0,12,0,0,0,0,0,0,3,1,1,1,-1,-1,-1,-1,-1,-1,-1,-1
201501JI40741,1,9,0,18,0,0,0,0,0,0,1,1,6,2,51,8,1997,1,1,-1,2,-1
201501JI40742,1,9,0,18,0,1,0,0,0,0,1,1,6,2,27,6,1798,1,12,-1,1,-1
201501JI40742,2,9,0,3,0,1,0,0,0,0,2,1,6,2,59,9,1598,1,7,-1,1,-1
201501JI40743,1,11,0,3,0,0,0,0,0,0,0,1,1,1,-1,-1,8268,2,11,-1,-1,-1
201501JI40744,1,9,0,5,0,8,0,0,0,0,1,1,6,3,-1,-1,1686,2,13,-1,-1,-1
201501JI40744,2,9,0,5,0,8,0,0,0,0,2,1,6,1,59,9,2995,1,12,-1,1,-1
201501JI40745,1,8,0,6,0,0,0,0,0,0,3,1,1,1,50,8,1998,2,8,-1,1,-1
201501JI40745,2,4,0,14,0,0,0,0,0,0,1,1,6,1,26,6,689,1,-1,-1,1,-1
201501JI40746,1,9,0,2,0,2,0,0,0,0,4,1,6,2,67,10,1388,1,12,-1,-1,-1
201501JI40746,2,9,0,16,0,2,0,4,0,0,3,1,6,1,33,6,1995,1,13,-1,1,-1
201501JI40747,1,5,0,3,0,1,0,0,0,0,2,1,6,1,40,7,125,1,2,-1,-1,-1
201501JI40747,2,9,0,4,0,1,0,0,0,0,1,1,6,1,31,6,1598,1,-1,-1,1,-1
201501JI40748,1,9,0,3,0,1,0,0,0,0,2,1,6,2,44,7,1968,2,10,-1,1,-1
201501JI40748,2,9,0,4,0,1,0,0,0,0,1,1,6,3,-1,-1,1997,2,1,-1,-1,-1
201501JI40749,1,9,0,9,0,8,0,0,0,0,4,1,6,3,-1,-1,1390,1,13,-1,-1,-1
201501JI40749,2,9,0,18,0,8,0,0,0,0,1,1,6,1,19,4,1598,2,4,-1,1,-1
201501JI40750,1,1,0,18,0,1,0,0,0,0,0,1,6,1,28,6,-1,-1,-1,-1,-1,-1
201501JI40750,2,9,0,7,0,8,0,0,0,0,0,1,6,3,-1,-1,-1,-1,-1,-1,-1,-1
201501JI40751,1,9,0,18,0,0,0,0,0,0,1,1,6,1,19,4,1242,1,-1,-1,1,-1
201501JI40752,1,9,0,4,0,1,0,0,0,0,1,1,6,2,26,6,1587,1,9,-1,1,-1
201501JI40752,2,9,0,4,0,1,0,0,0,0,2,1,6,2,43,7,2987,2,9,-1,-1,-1
201501JI40753,1,9,0,10,0,8,0,0,0,0,3,1,6,2,41,7,1995,2,5,-1,1,-1
201501JI40753,2,9,0,18,0,8,0,0,0,0,1,1,6,1,-1,-1,-1,-1,-1,-1,-1,-1
201501JI40754,1,9,0,18,0,1,0,0,0,0,0,1,6,1,-1,-1,-1,-1,-1,-1,-1,-1
201501JI40755,1,9,0,3,0,1,0,0,0,0,2,1,6,2,46,8,1149,1,9,-1,1,-1
201501JI40755,2,9,0,4,0,1,0,0,0,0,1,1,6,1,-1,-1,1686,2,10,-1,-1,-1
201501JI40757,1,9,0,9,0,8,0,0,0,0,3,1,6,1,23,5,1995,2,3,-1,-1,-1
201501JI40757,2,9,0,18,0,8,0,0,0,0,1,1,6,1,55,8,3498,1,7,-1,1,-1
201501JI40758,1,9,0,18,0,1,0,0,0,0,2,1,6,2,-1,-1,2995,1,12,-1,1,-1
201501JI40758,2,9,0,18,0,1,0,0,0,0,1,1,6,1,54,8,1596,1,11,-1,1,-1
201501JI40758,3,19,0,18,0,1,0,0,0,0,1,1,6,1,31,6,-1,-1,-1,-1,1,-1
201501JI40759,1,11,0,18,0,1,0,0,0,0,0,1,1,3,-1,-1,6700,2,4,-1,-1,-1
201501JI40760,1,9,0,18,0,0,0,0,0,0,1,1,6,1,48,8,-1,-1,-1,-1,1,-1
201501JI40760,2,19,0,3,0,0,0,0,0,0,2,1,6,1,55,8,-1,-1,-1,-1,1,-1
201501JI40765,1,9,0,10,0,8,0,0,0,0,1,1,6,1,49,8,1339,1,8,-1,1,-1
201501JI40765,2,9,0,18,0,8,0,0,0,0,1,1,6,1,20,4,1598,2,2,-1,3,-1
201501JI40765,3,9,0,9,0,8,0,0,0,0,0,1,6,3,-1,-1,-1,-1,-1,-1,-1,-1
201501JI40766,1,9,0,18,0,8,0,0,0,0,3,1,6,1,-1,-1,-1,-1,-1,-1,-1,-1
201501JI40767,1,3,0,18,0,8,0,0,0,0,1,1,6,1,18,4,-1,-1,-1,-1,1,-1
201501JI40767,2,9,0,7,0,8,0,0,0,0,4,1,6,2,-1,-1,-1,-1,-1,-1,-1,-1
201501JI40768,1,9,0,18,0,0,0,0,0,0,1,1,6,3,-1,-1,1396,1,2,-1,-1,-1
201501JI40769,1,9,0,4,0,1,0,0,0,0,2,1,6,1,33,6,-1,-1,-1,-1,-1,-1
201501JI40769,2,19,0,4,0,1,0,0,0,0,1,1,6,1,26,6,2402,2,9,-1,1,-1
201501JI40770,1,9,0,18,0,0,1,0,5,6,1,1,6,1,35,6,1399,2,12,-1,1,-1
201501JI40771,1,9,0,18,0,8,0,0,0,0,1,1,6,2,24,5,1598,1,2,-1,1,-1
201501JI40771,2,9,0,9,0,8,0,0,0,0,3,1,6,1,68,10,1997,1,15,-1,1,-1
201501JI40773,1,9,0,18,0,8,0,0,0,0,1,1,6,2,24,5,1399,1,8,-1,1,-1
201501JI40773,2,9,0,18,0,8,0,0,0,0,3,1,6,1,63,9,1910,2,9,-1,1,-1
201501JI40776,1,9,0,18,0,0,0,0,0,0,1,1,6,1,35,6,1149,1,7,-1,1,-1
201501JI40778,1,9,0,18,0,0,0,0,0,0,4,1,6,1,-1,-1,-1,-1,-1,-1,-1,-1
201501JI40779,1,9,0,2,0,0,0,0,0,0,3,1,6,3,-1,-1,1769,1,14,-1,-1,-1
201501JI40779,2,9,0,18,0,0,0,4,0,0,4,1,6,1,-1,-1,1796,1,12,-1,-1,-1
201501JI40780,1,9,0,4,0,0,0,0,0,0,2,1,6,2,41,7,998,1,14,-1,1,-1
201501JI40780,2,9,0,4,0,0,0,0,0,0,2,1,6,2,41,7,1596,1,14,-1,1,-1
201501JI40780,3,9,0,18,0,0,0,0,0,0,1,1,6,1,-1,-1,2988,2,20,-1,-1,-1
201501JI40782,1,19,0,3,0,0,0,0,0,0,2,1,2,1,24,5,2198,2,-1,-1,1,-1
201501JI40782,2,9,0,18,0,0,0,0,0,0,1,1,6,1,23,5,999,1,1,-1,1,-1
201501JI40783,1,9,0,18,0,0,0,0,0,0,1,1,6,1,-1,-1,-1,-1,-1,-1,-1,-1
201501JI40783,2,1,0,18,0,0,0,0,0,0,1,1,6,1,19,4,-1,-1,-1,-1,1,-1
201501JI40785,1,19,0,5,0,0,0,0,0,0,1,1,6,1,-1,-1,-1,-1,-1,-1,1,-1
201501JI40785,2,9,0,3,0,0,0,0,0,0,2,1,6,1,36,7,1896,2,13,-1,1,-1
201501JI40786,1,9,0,18,0,1,0,0,0,0,1,1,6,1,19,4,1364,1,9,-1,1,-1
201501JI40787,1,9,0,18,0,1,0,0,0,0,1,1,6,1,25,5,998,1,14,-1,1,-1
201501JI40789,1,9,0,3,0,0,0,0,0,0,2,1,6,2,37,7,1324,1,15,-1,1,-1
201501JI40789,2,9,0,4,0,0,0,0,0,0,1,1,6,1,-1,-1,1398,1,2,-1,-1,-1
201501JI40790,1,9,0,16,0,1,0,0,0,0,1,1,6,2,60,9,1598,1,7,-1,1,-1
201501JI40790,2,9,0,2,0,1,0,0,0,0,2,1,6,3,-1,-1,1360,1,4,-1,-1,-1
201501JI40791,1,9,0,9,0,8,0,0,0,0,1,1,6,1,80,11,1968,2,4,-1,1,-1
201501JI40791,2,9,0,9,0,8,0,0,0,0,2,1,6,1,44,7,-1,-1,-1,-1,1,-1
201501JI40792,1,9,0,5,0,0,0,0,0,0,3,1,6,1,46,8,1900,2,7,-1,1,-1
201501JI40792,2,3,0,18,0,0,0,0,0,0,4,1,6,1,24,5,125,1,9,-1,1,-1
201501JI40793,1,3,0,18,0,0,0,0,0,0,0,1,6,1,31,6,124,1,17,-1,-1,-1
201501JI40794,1,9,0,3,0,0,0,0,0,0,2,1,6,1,47,8,2143,2,4,-1,1,-1
201501JI40794,2,9,0,4,0,0,0,0,0,0,1,1,6,2,25,5,1242,1,12,-1,1,-1
201501JI40795,1,9,0,17,0,0,0,0,0,0,1,1,6,3,-1,-1,-1,-1,-1,-1,-1,-1
201501JI40796,1,9,0,18,0,8,0,0,0,0,3,1,6,2,20,4,1390,1,1,-1,1,-1
201501JI40796,2,9,0,9,0,8,0,0,0,0,1,1,6,1,40,7,2926,2,13,-1,1,-1
201501JI40797,1,9,0,4,0,1,0,0,0,0,2,1,6,2,51,8,1124,1,12,-1,1,-1
201501JI40797,2,5,0,4,0,1,0,0,0,0,1,1,6,1,42,7,-1,-1,-1,-1,1,-1
201501JI40798,1,9,0,18,0,8,0,0,0,0,3,1,6,1,31,6,1997,2,4,-1,1,-1
201501JI40798,2,9,0,18,0,8,0,0,0,0,1,1,6,1,38,7,1995,2,10,-1,1,-1
201501JI40800,1,20,0,18,0,0,0,0,0,0,4,1,6,3,-1,-1,-1,-1,-1,-1,-1,-1
201501JI40801,1,9,0,18,0,0,0,10,1,2,1,1,6,2,30,6,1984,1,5,-1,1,-1
201501JI40802,1,9,0,1,0,0,0,0,0,0,2,1,6,1,-1,-1,-1,-1,-1,-1,-1,-1
201501JI40803,1,9,0,3,0,0,0,0,0,0,2,1,6,2,58,9,1560,2,4,-1,-1,-1
201501JI40803,2,9,0,18,0,0,0,0,0,0,1,1,6,1,-1,-1,1299,1,11,-1,-1,-1
201501JI40804,1,9,0,18,0,2,0,0,0,0,1,1,6,1,54,8,1598,1,12,-1,1,-1
201501JI40805,1,9,0,8,0,1,0,0,0,0,2,1,6,1,33,6,1598,2,2,-1,1,-1
201501JI40805,2,9,0,18,0,1,0,0,0,0,1,1,6,2,46,8,1598,1,8,-1,1,-1
201501JI40806,1,9,0,3,0,0,0,0,0,0,2,1,6,1,45,7,2199,2,1,-1,1,-1
201501JI40806,2,9,0,18,0,0,0,0,0,0,1,1,6,1,26,6,1870,2,12,-1,1,-1
201501JI40807,1,9,0,4,0,8,0,0,0,0,2,1,6,1,50,8,1896,2,10,-1,1,-1
201501JI40807,2,9,0,18,0,8,0,0,0,0,1,1,6,1,42,7,1769,1,12,-1,1,-1
201501JI40808,1,9,0,18,0,0,0,0,0,0,3,1,6,1,27,6,799,2,5,-1,1,-1
201501JI40808,2,5,0,11,0,0,0,0,0,0,4,1,6,1,37,7,498,1,15,-1,1,-1
201501JI40809,1,9,0,4,0,0,0,0,0,0,2,1,6,1,64,9,2143,2,4,-1,1,-1
201501JI40809,2,19,0,4,0,0,0,0,0,0,1,1,6,1,24,5,1870,2,11,-1,3,-1
201501JI40810,1,9,0,10,0,1,0,0,0,0,2,1,3,1,44,7,-1,-1,-1,-1,1,-1
201501JI40810,2,9,0,10,0,1,0,0,0,0,2,1,3,1,31,6,1896,2,7,-1,-1,-1
201501JI40810,3,19,0,18,0,1,0,0,0,0,1,1,6,1,62,9,-1,-1,-1,-1,-1,-1
201501JI40812,1,3,0,18,0,0,0,0,0,0,1,1,6,1,31,6,125,1,1,-1,1,-1
201501JI40813,1,9,0,18,0,0,0,0,1,4,4,1,6,1,-1,-1,1329,1,6,-1,-1,-1
201501JI40813,2,9,0,12,0,0,0,0,0,0,3,1,6,1,-1,-1,1896,2,10,-1,-1,-1
201501JI40814,1,9,0,4,0,0,1,0,0,0,1,1,6,2,33,6,998,1,3,-1,1,-1
201501JI40814,2,9,0,18,0,0,1,0,0,0,1,1,6,1,-1,-1,973,1,13,-1,-1,-1
201501JI40815,1,9,0,18,0,1,0,0,0,0,1,1,6,1,-1,-1,-1,-1,-1,-1,-1,-1
201501JI40816,1,3,0,15,0,1,1,0,0,0,3,1,6,1,18,4,124,1,2,-1,1,-1
201501JI40816,2,19,0,9,0,1,0,0,0,0,4,1,1,1,26,6,2300,2,9,-1,3,-1
201501JI40821,1,9,0,18,0,8,0,0,0,0,4,1,6,2,56,9,1299,1,23,-1,1,-1
201501JI40821,2,9,0,18,0,8,0,0,0,0,1,1,6,3,-1,-1,-1,-1,-1,-1,-1,-1
201501JI40825,1,9,0,13,0,8,0,0,0,0,4,1,1,1,-1,-1,-1,-1,-1,-1,-1,-1
201501JI40825,2,9,0,9,0,8,0,0,0,0,3,1,6,1,29,6,1368,1,4,-1,1,-1
201501JI40826,1,1,0,7,0,2,0,0,0,0,3,1,6,1,41,7,-1,-1,-1,-1,-1,-1
201501JI40826,2,9,0,10,0,1,0,0,0,0,3,1,6,1,-1,-1,-1,-1,-1,-1,-1,-1
201501JI40828,1,9,0,18,0,0,0,0,0,0,1,1,3,1,47,8,1598,1,9,-1,1,-1
201501JI40830,1,3,0,5,0,0,0,0,0,0,4,1,6,1,24,5,124,1,10,-1,1,-1
201501JI40830,2,9,0,5,0,0,0,0,0,0,3,1,6,1,37,7,2993,2,8,-1,1,-1
201501JI40831,1,1,0,18,0,1,0,0,0,0,4,1,2,2,42,7,-1,-1,-1,-1,1,-1
201501JI40831,2,9,0,7,0,1,0,0,0,0,1,1,6,1,-1,-1,2204,2,5,-1,-1,-1
201501JI40832,1,9,0,2,0,0,0,0,0,0,1,1,6,3,-1,-1,-1,-1,-1,-1,-1,-1
201501JI40832,2,9,0,2,0,0,0,0,0,0,2,1,6,1,25,5,1398,1,-1,-1,1,-1
201501JI40833,1,9,0,16,0,0,0,0,0,0,2,1,6,2,49,8,1461,2,4,-1,1,-1
201501JI40833,2,9,0,16,0,0,0,0,0,0,1,1,6,1,-1,-1,1796,1,11,-1,-1,-1
201501JI40835,1,9,0,3,0,0,0,0,0,0,2,1,6,1,23,5,1995,2,8,-1,-1,-1
201501JI40835,2,9,0,18,0,0,0,0,0,0,1,1,6,1,-1,-1,1686,2,13,-1,1,-1
201501JI40836,1,9,0,7,9,1,0,0,0,0,4,1,6,2,47,8,1596,1,12,-1,1,-1
201501JI40837,1,9,0,3,0,1,0,0,0,0,2,1,6,1,32,6,2000,1,11,-1,1,-1
201501JI40837,2,9,0,4,0,1,0,0,0,0,1,1,6,1,-1,-1,1598,1,9,-1,-1,-1
201501JI40839,1,9,0,1,0,1,0,0,0,0,2,1,6,3,-1,-1,-1,-1,-1,-1,-1,-1