Accident_Index,Vehicle_Reference,Vehicle_Type,Towing_and_Articulation,Vehicle_Manoeuvre,Vehicle_Location-Restricted_Lane,Junction_Location,Skidding_and_Overturning,Hit_Object_in_Carriageway,Vehicle_Leaving_Carriageway,Hit_Object_off_Carriageway,1st_Point_of_Impact,Was_Vehicle_Left_Hand_Drive?,Journey_Purpose_of_Driver,Sex_of_Driver,Age_of_Driver,Age_Band_of_Driver,Engine_Capacity_(CC),Propulsion_Code,Age_of_Vehicle,Driver_IMD_Decile,Driver_Home_Area_Type,Vehicle_IMD_Decile
201501KD50113,2,9,0,17,0,0,0,0,0,0,1,1,6,1,42,7,1560,2,4,-1,1,-1
201501KD50115,1,19,0,18,0,1,0,0,0,0,3,1,1,1,31,6,2198,2,2,-1,1,-1
201501KD50115,2,9,0,11,0,1,0,0,0,0,4,1,6,2,-1,-1,1956,2,1,-1,-1,-1
201501KD50117,1,9,0,9,0,8,0,0,0,0,1,1,6,1,48,8,1598,1,2,-1,1,-1
201501KD50117,2,3,0,14,0,8,0,0,0,0,4,1,6,1,22,5,124,1,1,-1,1,-1
201501KD50118,1,9,0,4,0,1,0,0,0,0,2,1,6,1,24,5,1596,1,13,-1,1,-1
201501KD50118,2,9,0,18,0,1,0,0,0,0,1,1,6,1,33,6,1686,2,11,-1,3,-1
201501KD50119,1,9,0,18,0,8,0,0,0,0,1,1,6,1,51,8,1598,1,14,-1,1,-1
201501KD50119,2,9,0,9,0,8,0,0,0,0,1,1,6,1,21,5,1242,1,8,-1,1,-1
201501KD50120,1,9,0,18,0,8,0,0,0,0,1,1,6,2,63,9,2993,2,3,-1,1,-1
201501KD50120,2,9,0,9,0,8,0,0,0,0,1,1,6,2,19,4,-1,-1,-1,-1,1,-1
201501KD50121,1,9,0,4,0,0,0,0,0,0,2,1,6,1,50,8,1791,8,4,-1,1,-1
201501KD50121,2,9,0,4,0,0,0,0,0,0,2,1,6,2,41,7,1968,2,3,-1,1,-1
201501KD50121,3,9,0,18,0,0,0,0,0,0,1,1,6,1,36,7,-1,-1,-1,-1,1,-1
201501KD50122,1,9,0,3,0,0,0,0,0,0,2,1,6,1,61,9,1248,2,6,-1,1,-1
201501KD50122,2,9,0,3,0,0,0,0,0,0,2,1,6,2,62,9,1560,2,9,-1,1,-1
201501KD50122,3,9,0,4,0,0,0,0,0,0,2,1,6,1,59,9,1989,1,16,-1,1,-1
201501KD50122,4,9,0,18,0,0,0,0,0,0,1,1,6,1,45,7,1686,2,4,-1,1,-1
201501KD50123,1,9,0,4,0,0,0,0,0,0,2,1,6,2,27,6,1242,1,1,-1,1,-1
201501KD50123,2,20,0,18,0,0,0,0,0,0,1,2,1,1,33,6,-1,-1,-1,-1,-1,-1
201501KD50124,1,5,0,4,0,0,0,0,0,0,2,1,6,1,24,5,649,1,5,-1,1,-1
201501KD50124,2,9,0,4,0,0,0,0,0,0,2,1,6,1,53,8,1388,1,7,-1,1,-1
201501KD50124,3,9,0,18,0,0,0,0,0,0,1,1,6,1,28,6,1360,1,14,-1,1,-1
201501KD50126,1,9,0,18,0,8,0,0,0,0,3,1,6,2,27,6,1598,1,11,-1,1,-1
201501KD50126,2,9,0,16,0,8,0,0,0,0,1,1,3,2,35,6,1968,2,5,-1,1,-1
201501KD50127,1,9,0,18,0,0,0,0,0,0,4,1,6,1,68,10,1896,2,12,-1,1,-1
201501KD50128,1,9,0,18,0,8,0,0,0,0,4,1,6,2,21,5,1242,1,3,-1,1,-1
201501KD50128,2,9,0,9,0,8,0,0,0,0,1,1,6,2,-1,-1,1299,1,10,-1,1,-1
201501KD50130,1,9,0,18,0,8,0,0,0,0,1,1,6,1,22,5,2143,2,1,-1,1,-1
201501KD50130,2,9,0,9,0,8,0,0,0,0,3,1,6,2,23,5,1275,1,23,-1,1,-1
201501KD50131,1,9,0,18,0,8,0,0,0,0,4,1,6,1,24,5,2000,1,9,-1,1,-1
201501KD50131,2,9,0,9,0,8,0,0,0,0,1,1,6,1,29,6,1388,1,3,-1,-1,-1
201501KD50132,1,9,0,9,0,8,0,0,0,0,3,1,6,1,39,7,-1,-1,-1,-1,1,-1
201501KD50132,2,9,0,18,0,8,0,0,0,0,1,1,6,2,-1,-1,1595,1,1,-1,-1,-1
201501KD50133,1,9,0,4,0,1,0,0,0,0,2,1,6,1,29,6,1149,1,5,-1,1,-1
201501KD50133,2,19,0,18,0,1,0,0,0,0,1,1,6,3,-1,-1,-1,-1,-1,-1,-1,-1
201501KD50134,1,9,0,18,0,1,0,0,0,0,1,1,6,1,26,6,1997,2,10,-1,1,-1
201501KD50135,1,11,0,18,0,0,0,0,0,0,1,1,1,1,54,8,6700,2,4,-1,1,-1
201501KD50136,1,21,1,17,0,8,0,0,0,0,1,1,1,1,-1,-1,10837,2,2,-1,-1,-1
201501KD50136,2,9,0,17,0,8,0,0,0,0,2,1,6,1,52,8,1956,2,3,-1,-1,-1
201501KD50137,1,9,0,5,0,0,0,0,0,0,3,1,6,1,38,7,1796,1,7,-1,1,-1
201501KD50137,2,5,0,18,0,0,0,0,0,0,4,1,6,1,-1,-1,599,1,12,-1,-1,-1
201501KD50138,1,9,0,13,0,0,0,0,0,0,4,1,1,1,20,4,-1,-1,-1,-1,1,-1
201501KD50138,2,9,0,18,0,0,0,0,0,0,3,1,2,2,49,8,1995,2,3,-1,1,-1
201501KD50139,1,9,0,18,0,0,0,0,0,0,1,1,6,1,36,7,1998,2,10,-1,-1,-1
201501KD50139,2,21,1,18,0,0,0,0,0,0,2,1,1,1,34,6,12740,2,2,-1,1,-1
201501KD50140,1,10,0,7,0,8,0,0,0,0,1,1,1,1,62,9,-1,-1,-1,-1,1,-1
201501KD50140,2,8,0,18,0,8,0,0,0,0,4,1,1,1,39,7,1910,2,6,-1,1,-1
201501KD50141,1,9,0,18,0,2,0,0,0,0,1,1,6,1,22,5,-1,-1,-1,-1,1,-1
201501KD50141,2,9,0,4,0,2,0,0,0,0,2,1,6,2,33,6,1598,1,2,-1,1,-1
201501KD50142,1,8,0,3,0,0,0,0,0,0,2,1,1,1,67,10,1560,2,2,-1,1,-1
201501KD50142,2,19,0,18,0,0,0,0,0,0,1,1,1,1,32,6,2198,2,2,-1,1,-1
201501KD50144,1,9,0,18,0,8,0,0,0,0,1,1,6,1,76,11,1999,1,12,-1,1,-1
201501KD50144,2,9,0,9,0,8,0,0,0,0,3,1,6,1,55,8,1400,1,9,-1,-1,-1
201501KD50145,1,9,0,18,0,1,0,0,0,0,1,1,6,2,38,7,1796,1,11,-1,1,-1
201501KD50146,1,9,0,18,0,0,0,0,0,0,1,1,1,1,63,9,1598,1,6,-1,1,-1
201501KD50147,1,9,0,3,0,1,0,0,0,0,2,1,6,1,42,7,1596,1,16,-1,1,-1
201501KD50147,2,9,0,5,0,1,0,0,0,0,1,1,6,1,-1,-1,2720,2,8,-1,-1,-1
201501KD50148,1,9,0,11,9,0,0,10,1,2,1,1,2,1,22,5,1995,1,11,-1,1,-1
201501KD50149,1,19,0,3,0,0,0,0,0,0,2,1,6,2,26,6,-1,-1,-1,-1,3,-1
201501KD50149,2,21,1,18,0,0,0,0,0,0,1,1,1,1,-1,-1,-1,-1,-1,-1,-1,-1
201501KD50150,1,9,0,18,9,1,5,10,1,9,4,1,6,2,20,4,698,1,10,-1,1,-1
201501KD50151,1,9,0,17,0,8,0,0,0,0,2,1,6,2,22,5,1242,1,-1,-1,1,-1
201501KD50151,2,9,0,17,0,8,0,0,0,0,1,1,6,1,-1,-1,1599,1,12,-1,-1,-1
201501KD50152,1,9,0,16,0,1,0,0,0,0,2,1,1,1,30,6,1332,1,16,-1,1,-1
201501KD50152,2,9,0,16,0,1,0,0,0,0,1,1,6,2,22,5,1995,2,10,-1,3,-1
201501KD50154,1,9,0,18,0,2,0,0,0,0,1,1,2,2,48,8,1240,1,6,-1,1,-1
201501KD50155,1,1,0,18,0,8,0,0,0,0,3,1,2,1,34,6,-1,-1,-1,-1,1,-1
201501KD50155,2,9,0,9,0,8,0,0,0,0,1,1,6,1,25,5,1560,2,2,-1,1,-1
201501KD50156,1,9,0,3,0,0,0,0,0,0,4,1,3,1,43,7,-1,-1,-1,-1,1,-1
201501KD50156,2,1,0,15,0,0,0,8,0,0,1,1,6,1,42,7,-1,-1,-1,-1,1,-1
201501KD50157,1,9,0,18,0,8,0,0,0,0,4,1,6,1,33,6,1968,2,3,-1,1,-1
201501KD50157,2,9,0,18,0,8,0,0,0,0,1,1,6,1,-1,-1,-1,-1,-1,-1,-1,-1
201501KD50158,1,9,0,18,9,1,0,10,1,2,1,1,6,2,19,4,-1,-1,-1,-1,2,-1
201501KD50159,1,9,0,18,0,0,0,0,0,0,1,1,6,2,22,5,1598,1,9,-1,1,-1
201501KD50159,2,5,0,4,0,0,0,0,0,0,2,1,6,1,22,5,600,1,14,-1,1,-1
201501KD50160,1,9,0,9,0,8,0,0,0,0,1,1,6,1,41,7,1242,1,9,-1,1,-1
201501KD50160,2,9,0,18,0,8,0,0,0,0,3,1,6,1,72,10,1598,1,7,-1,-1,-1
201501KD50161,1,19,0,3,0,1,0,0,0,0,2,1,6,1,76,11,2198,2,8,-1,-1,-1
201501KD50161,2,9,0,4,0,1,0,0,0,0,2,1,6,2,45,7,-1,-1,-1,-1,1,-1
201501KD50161,3,9,0,18,0,1,0,0,0,0,1,1,6,1,60,9,1796,1,15,-1,1,-1
201501KD50162,1,9,0,18,9,2,1,10,7,2,1,1,6,2,17,4,-1,-1,-1,-1,1,-1
201501KD50163,1,20,0,2,0,0,0,0,0,0,2,1,1,1,52,8,4500,2,1,-1,-1,-1
201501KD50163,2,9,0,18,0,0,0,4,0,0,1,1,6,1,90,11,1242,1,2,-1,1,-1
201501KD50164,1,9,0,4,0,0,0,0,0,0,2,1,6,1,59,9,1388,1,8,-1,2,-1
201501KD50164,2,9,0,18,0,0,0,0,0,0,1,1,6,1,56,9,998,1,1,-1,1,-1
201501KD50165,1,9,0,18,0,1,0,0,0,0,1,1,6,1,-1,-1,-1,-1,-1,-1,-1,-1
201501KD50166,1,9,0,18,0,0,0,0,0,0,4,1,6,3,-1,-1,-1,-1,-1,-1,-1,-1
201501KD50167,1,9,0,18,0,1,0,10,2,10,1,1,6,1,-1,-1,-1,-1,-1,-1,1,-1
201501KD50168,1,9,0,14,0,8,0,0,0,0,1,1,6,1,23,5,-1,-1,-1,-1,1,-1
201501KD50168,2,9,0,9,0,8,0,0,0,0,3,1,6,2,49,8,1997,2,2,-1,1,-1
201501KD50169,1,9,0,18,0,0,0,0,0,0,3,1,2,2,37,7,1242,1,10,-1,1,-1
201501KD50169,2,21,1,11,0,0,0,0,0,0,4,2,1,1,49,8,-1,-1,-1,-1,-1,-1
201501KD50170,1,3,0,18,0,8,0,0,0,0,4,1,1,1,21,5,124,1,11,-1,1,-1
201501KD50170,2,9,0,9,0,8,0,0,0,0,1,1,1,1,79,11,1598,2,2,-1,1,-1
201501KD50171,1,9,0,17,0,8,0,0,0,0,4,1,3,2,29,6,1598,1,9,-1,1,-1
201501KD50171,2,11,0,17,0,8,0,0,0,0,3,1,1,2,36,7,9000,2,6,-1,1,-1
201501KD50173,1,9,0,18,0,0,0,0,0,0,1,1,6,1,22,5,1995,2,2,-1,-1,-1
201501KD50173,2,9,0,5,0,0,0,0,0,0,2,1,1,1,30,6,1461,2,14,-1,1,-1
201501KD50174,1,9,0,18,0,8,0,0,0,0,1,1,6,1,19,4,1397,1,13,-1,1,-1
201501KD50174,2,9,0,9,0,8,0,0,0,0,3,1,6,2,38,7,1998,1,7,-1,1,-1
201501KD50175,1,9,0,18,0,0,0,0,0,0,2,1,6,2,62,9,1596,1,14,-1,3,-1
201501KD50175,2,5,0,18,0,0,0,0,0,0,1,1,6,1,24,5,599,1,12,-1,1,-1
201501KD50176,1,19,0,14,0,0,0,0,0,0,1,1,6,1,35,6,1753,2,10,-1,1,-1
201501KD50177,1,9,0,18,0,8,0,0,0,0,1,1,6,2,27,6,1595,1,5,-1,1,-1
201501KD50177,2,3,0,18,0,8,0,0,0,0,1,1,6,1,39,7,1181,1,29,-1,1,-1
201501KD50178,1,9,0,3,0,0,0,0,0,0,2,1,6,2,49,8,1995,2,1,-1,-1,-1
201501KD50178,2,9,0,3,0,0,0,0,0,0,2,1,6,2,23,5,1995,2,7,-1,1,-1
201501KD50178,3,9,0,4,0,0,0,0,0,0,2,1,6,1,22,5,-1,-1,-1,-1,1,-1
201501KD50178,4,21,1,18,0,0,0,0,0,0,1,2,1,1,60,9,-1,-1,-1,-1,-1,-1
201501KD50179,1,9,0,7,0,5,0,0,0,0,4,1,6,1,45,7,1497,1,11,-1,1,-1
201501KD50179,2,1,0,18,0,1,0,0,0,0,3,1,6,1,34,6,-1,-1,-1,-1,1,-1
201501KD50180,1,1,0,18,0,0,0,0,0,0,3,1,2,1,46,8,-1,-1,-1,-1,1,-1
201501KD50180,2,19,0,13,0,0,0,0,0,0,4,1,1,1,51,8,2402,2,8,-1,1,-1
201501KD50181,1,9,0,18,0,0,0,0,0,0,4,1,6,1,38,7,2148,2,9,-1,1,-1
201501KD50182,1,9,0,18,0,8,0,0,0,0,4,1,6,1,44,7,1198,1,1,-1,1,-1
201501KD50182,2,9,0,18,0,8,0,0,0,0,1,1,6,1,23,5,1497,8,6,-1,1,-1
201501KD50183,1,9,0,18,0,0,0,0,0,0,1,1,2,2,50,8,1796,1,12,-1,1,-1
201501KD50183,2,9,0,3,0,0,0,0,0,0,2,1,6,2,29,6,1591,1,8,-1,1,-1
201501KD50183,3,19,0,3,0,0,0,0,0,0,2,1,2,1,-1,-1,-1,-1,-1,-1,1,-1
201501KD50184,1,9,0,18,0,0,0,10,5,6,1,1,6,1,18,4,1390,1,8,-1,1,-1
201501KD50185,1,9,0,2,0,0,0,0,0,0,2,1,6,1,36,7,2295,1,16,-1,1,-1
201501KD50185,2,9,0,18,0,0,0,4,0,0,1,1,6,1,40,7,-1,-1,-1,-1,-1,-1
201501KD50186,1,9,0,18,0,0,0,0,0,0,2,1,1,1,34,6,1998,2,11,-1,1,-1
201501KD50186,2,9,0,18,0,0,0,0,0,0,1,1,1,1,21,5,1596,1,13,-1,1,-1
201501KD50187,1,9,0,1,0,1,0,0,0,0,2,1,2,1,39,7,1796,1,7,-1,1,-1
201501KD50188,1,9,0,18,0,8,0,0,0,0,1,1,1,1,32,6,2179,2,1,-1,1,-1
201501KD50188,2,1,0,17,0,8,0,0,0,0,4,1,6,1,37,7,-1,-1,-1,-1,-1,-1
201501KD50189,1,9,0,18,0,0,0,10,5,6,1,1,6,2,19,4,1299,1,8,-1,1,-1
201501KD50190,1,9,0,18,0,8,0,0,0,0,1,1,6,1,38,7,1970,1,14,-1,1,-1
201501KD50190,2,9,0,9,0,8,0,0,0,0,4,1,6,1,34,6,2521,1,8,-1,1,-1
201501KD50191,1,11,0,3,0,0,0,0,0,0,0,1,1,1,46,8,8268,2,12,-1,1,-1
201501KD50192,1,9,0,3,0,1,0,0,0,0,2,1,6,1,70,10,1388,1,8,-1,1,-1
201501KD50192,2,9,0,18,0,1,0,0,0,0,1,1,6,1,25,5,-1,-1,-1,-1,-1,-1
201501KD50193,1,9,0,11,2,1,0,0,0,0,4,1,2,1,33,6,1242,1,6,-1,1,-1
201501KD50193,2,11,0,18,2,1,0,0,0,0,3,1,1,2,41,7,6692,2,6,-1,1,-1
201501KD50194,1,9,0,18,0,8,0,0,0,0,1,1,6,1,44,7,1364,1,8,-1,1,-1
201501KD50194,2,9,0,9,0,8,0,0,0,0,4,1,6,1,24,5,999,1,4,-1,3,-1
201501KD50195,1,9,0,18,0,1,0,4,0,0,4,1,6,2,27,6,1896,2,12,-1,1,-1
201501KD50195,2,9,0,2,0,1,0,0,0,0,3,1,6,1,-1,-1,1149,1,14,-1,1,-1
201501KD50197,1,9,0,4,0,0,0,0,0,0,2,1,6,2,23,5,1397,1,7,-1,1,-1
201501KD50197,2,9,0,4,0,0,0,0,0,0,2,1,6,1,66,10,-1,-1,-1,-1,3,-1
201501KD50197,3,9,0,4,0,0,0,0,0,0,2,1,6,2,44,7,1595,1,9,-1,1,-1
201501KD50197,4,9,0,4,0,0,0,0,0,0,2,1,6,2,44,7,998,1,-1,-1,1,-1
201501KD50197,5,9,0,18,0,0,0,0,0,0,1,1,6,2,49,8,1199,1,15,-1,1,-1
201501KD50198,1,8,0,10,0,1,0,0,0,0,1,1,1,1,48,8,2499,2,8,-1,1,-1
201501KD50198,2,9,0,1,0,1,0,0,0,0,2,1,6,1,-1,-1,1242,1,1,-1,-1,-1
201501KD50199,1,9,0,3,0,0,0,0,0,0,1,1,1,2,41,7,1388,1,8,-1,1,-1
201501KD50199,2,19,0,1,0,0,0,0,0,0,2,1,1,1,47,8,2198,2,7,-1,1,-1
201501KD50200,1,9,0,18,0,0,0,0,0,0,1,1,1,1,27,6,-1,-1,-1,-1,2,-1
201501KD50201,1,9,0,18,0,8,0,0,0,0,1,1,6,1,53,8,4398,1,15,-1,1,-1
201501KD50201,2,1,0,18,0,8,0,0,0,0,4,1,6,1,28,6,-1,-1,-1,-1,1,-1
201501KD50202,1,9,0,18,0,0,0,10,5,6,1,1,6,1,50,8,1422,2,13,-1,1,-1
201501KD50203,1,9,0,9,0,8,0,0,0,0,1,1,6,2,48,8,1596,1,9,-1,1,-1
201501KD50203,2,4,0,18,0,8,0,0,0,0,4,1,6,1,55,8,1200,1,17,-1,3,-1
201501KD50204,1,9,0,4,0,0,0,0,0,0,2,1,6,2,23,5,1388,1,8,-1,1,-1
201501KD50204,2,19,0,18,0,0,0,0,0,0,1,1,6,1,27,6,1870,2,9,-1,-1,-1
201501KD50205,1,3,0,18,0,8,0,0,0,0,3,1,6,1,19,4,124,1,12,-1,1,-1
201501KD50205,2,9,0,9,0,8,0,0,0,0,1,1,6,1,48,8,4554,1,19,-1,1,-1
201501KD50206,1,1,0,18,0,0,0,0,0,0,3,1,6,1,50,8,-1,-1,-1,-1,-1,-1
201501KD50206,2,8,0,13,0,0,0,0,0,0,4,1,6,1,-1,-1,-1,-1,-1,-1,-1,-1
201501KD50207,1,9,0,7,0,5,0,0,0,0,2,1,6,1,50,8,-1,-1,-1,-1,1,-1
201501KD50207,2,3,0,18,0,1,0,0,0,0,1,1,6,1,30,6,124,1,14,-1,1,-1
201501KD50208,1,19,0,6,0,1,0,0,0,0,4,1,6,1,30,6,1598,2,2,-1,1,-1
201501KD50208,2,3,0,18,0,2,0,0,0,0,1,1,6,1,16,4,-1,-1,-1,-1,-1,-1
201501KD50209,1,11,0,18,0,0,0,0,0,0,0,1,1,1,47,8,9000,2,7,-1,1,-1
201501KD50212,1,9,0,18,0,0,0,0,0,0,1,1,6,2,-1,-1,2830,2,20,-1,-1,-1
201501KD50212,2,9,0,4,0,0,0,0,0,0,2,2,6,1,30,6,-1,-1,-1,-1,-1,-1
201501KD50213,1,9,0,18,0,0,0,0,0,0,1,1,6,1,-1,-1,1149,1,10,-1,-1,-1
201501KD50214,1,9,0,7,0,5,0,0,0,0,1,1,6,3,-1,-1,-1,-1,-1,-1,-1,-1
201501KD50216,1,9,0,18,9,0,0,10,1,3,1,1,6,1,31,6,1587,1,9,-1,1,-1
201501KD50217,1,9,0,17,0,0,0,10,0,0,4,1,6,1,48,8,1998,2,9,-1,1,-1
201501KD50218,1,9,0,3,0,0,0,0,0,0,2,1,6,1,24,5,1242,1,1,-1,1,-1
201501KD50218,2,9,0,18,0,0,0,0,0,0,1,1,6,1,-1,-1,1596,1,4,-1,1,-1
201501KD50219,1,9,0,6,0,8,0,0,0,0,3,1,6,1,18,4,1229,1,-1,-1,-1,-1
201501KD50219,2,9,0,18,0,8,0,0,0,0,4,1,1,1,52,8,1797,8,6,-1,-1,-1
201501KD50220,1,1,0,17,0,8,0,0,0,0,2,1,2,1,34,6,-1,-1,-1,-1,1,-1
201501KD50220,2,9,0,17,0,8,0,0,0,0,1,1,6,2,40,7,2987,2,3,-1,-1,-1
201501KD50221,1,9,0,18,0,8,0,0,0,0,4,1,6,2,54,8,-1,-1,-1,-1,1,-1
201501KD50221,2,9,0,9,0,8,0,0,0,0,1,1,6,2,33,6,2231,2,8,-1,1,-1
201501KD50222,1,9,0,4,0,0,0,0,0,0,2,1,6,2,44,7,-1,-1,-1,-1,1,-1
201501KD50222,2,19,0,18,0,0,0,0,0,0,1,1,6,1,-1,-1,1248,2,10,-1,-1,-1
201501KD50224,1,9,0,3,0,1,0,0,0,0,1,1,1,1,44,7,1596,1,4,-1,1,-1
201501KD50224,2,9,0,1,0,1,0,0,0,0,2,1,6,1,-1,-1,1995,2,7,-1,-1,-1
201501KD50225,1,9,0,18,0,1,0,0,0,0,1,1,6,1,33,6,1242,1,13,-1,1,-1
201501KD50225,2,19,0,10,0,1,0,0,0,0,2,1,1,1,29,6,-1,-1,-1,-1,1,-1
201501KD50226,1,3,0,17,0,1,0,0,0,0,3,1,2,1,53,8,-1,-1,-1,-1,1,-1
201501KD50227,1,9,0,17,0,0,0,0,0,0,1,1,3,1,51,8,1596,1,3,-1,1,-1
201501KD50227,2,9,0,16,0,0,0,0,0,0,1,1,6,3,-1,-1,1998,1,3,-1,-1,-1
201501KD50228,1,9,0,1,0,0,0,0,0,0,2,1,6,2,30,6,2000,2,6,-1,1,-1
201501KD50228,2,9,0,1,0,0,0,0,0,0,2,1,6,2,-1,-1,1794,1,11,-1,-1,-1
201501KD50229,1,19,0,13,0,0,0,0,0,0,4,1,6,3,-1,-1,2402,2,7,-1,-1,-1
201501KD50229,2,1,0,18,4,0,0,0,0,0,3,1,6,1,41,7,-1,-1,-1,-1,1,-1
201501KD50230,1,9,0,18,0,0,0,0,0,0,4,1,6,2,35,6,1596,1,12,-1,1,-1
201501KD50231,1,9,0,18,0,0,0,0,0,0,1,1,6,2,54,8,1329,1,6,-1,1,-1
201501KD50234,1,9,0,18,0,8,0,0,0,0,1,1,3,2,23,5,1149,1,11,-1,1,-1
201501KD50234,2,9,0,9,0,8,0,0,0,0,1,1,3,2,21,5,1388,1,11,-1,1,-1
201501KD50235,1,9,0,18,0,2,0,0,0,0,1,1,6,1,31,6,1796,1,7,-1,1,-1
201501KD50235,2,9,0,18,0,1,0,0,0,0,1,1,6,1,27,6,1598,2,5,-1,3,-1
201501KD50236,1,9,0,7,0,8,0,0,0,0,2,1,6,2,22,5,1242,1,-1,-1,3,-1
201501KD50236,2,5,0,18,0,8,0,0,0,0,1,1,6,1,28,6,599,1,6,-1,1,-1
201501KD50237,1,9,0,9,0,8,0,0,0,0,1,1,6,2,73,10,-1,-1,-1,-1,1,-1
201501KD50237,2,9,0,18,0,8,0,0,0,0,1,1,6,2,35,6,1199,1,14,-1,1,-1
201501KD50238,1,19,0,10,0,8,0,0,0,0,2,1,1,1,51,8,1686,2,15,-1,3,-1
201501KD50238,2,19,0,18,0,8,0,0,0,0,1,1,6,1,-1,-1,2198,2,9,-1,-1,-1
201501KD50239,1,10,0,2,0,8,0,0,0,0,2,1,1,1,63,9,2402,2,13,-1,1,-1
201501KD50239,2,1,0,18,0,8,0,4,0,0,1,1,2,1,47,8,-1,-1,-1,-1,1,-1
201501KD50240,1,9,0,3,0,0,0,0,0,0,2,1,6,2,51,8,1397,1,5,-1,1,-1
201501KD50240,2,5,0,18,0,0,0,0,0,0,1,1,3,1,32,6,-1,-1,-1,-1,1,-1
201501KD50241,1,9,0,18,0,8,0,0,0,0,3,1,1,1,50,8,1798,1,3,-1,1,-1
201501KD50241,2,9,0,18,0,8,0,0,0,0,1,1,1,1,40,7,1598,1,6,-1,1,-1
201501KD50242,1,9,0,18,0,8,0,0,0,0,4,1,6,1,26,6,1796,1,12,-1,1,-1
201501KD50242,2,9,0,18,0,8,0,0,0,0,1,1,6,1,64,9,1796,1,15,-1,1,-1
201501KD50244,1,21,0,9,0,8,0,0,0,0,4,1,1,1,47,8,4580,2,3,-1,1,-1
201501KD50244,2,9,0,18,0,8,0,0,0,0,1,1,6,2,23,5,1595,1,6,-1,1,-1
201501KD50245,1,9,0,4,0,0,0,0,0,0,2,1,6,2,26,6,1598,1,10,-1,1,-1
201501KD50245,2,9,0,18,0,0,0,0,0,0,1,1,6,1,-1,-1,1400,2,8,-1,1,-1
201501KD50246,1,9,0,2,0,0,0,0,0,0,2,1,6,1,25,5,1248,2,4,-1,1,-1
201501KD50246,2,9,0,18,0,0,0,4,0,0,1,1,6,2,61,9,1497,8,9,-1,-1,-1
201501KD50247,1,9,0,18,0,8,0,0,0,0,1,1,6,1,19,4,1398,1,1,-1,1,-1
201501KD50247,2,9,0,9,0,8,0,0,0,0,4,1,1,1,31,6,1999,1,14,-1,1,-1
201501KD50248,1,9,0,9,0,8,0,0,0,0,3,1,1,1,28,6,1798,1,7,-1,1,-1
201501KD50248,2,8,0,17,0,8,0,0,0,0,1,1,1,1,54,8,2402,2,13,-1,1,-1
201501KD50249,1,9,0,18,0,0,0,0,0,0,1,1,2,2,24,5,-1,-1,-1,-1,1,-1
201501KD50250,1,9,0,9,0,2,0,0,0,0,1,1,6,2,51,8,1560,2,1,-1,1,-1
201501KD50251,1,5,0,18,0,0,0,0,0,0,1,1,6,1,26,6,-1,-1,-1,-1,1,-1
201501KD50251,2,9,0,4,0,0,0,0,0,0,2,1,6,1,19,4,-1,-1,-1,-1,1,-1
201501KD50252,1,9,0,4,0,1,0,0,0,0,2,1,6,2,41,7,-1,-1,-1,-1,3,-1
201501KD50252,2,3,0,18,0,1,0,0,0,0,1,1,6,1,19,4,125,1,1,-1,1,-1
201501KD50253,1,19,0,18,0,0,0,0,0,0,4,1,6,1,48,8,1998,2,9,-1,1,-1
201501KD50254,1,9,0,18,0,0,0,0,0,0,1,1,6,2,48,8,2720,2,10,-1,1,-1
201501KD50254,2,9,0,18,0,0,0,0,0,0,2,1,6,2,75,10,1997,2,7,-1,3,-1
201501KD50256,1,9,0,6,0,0,0,0,0,0,4,1,1,1,41,7,1149,1,12,-1,1,-1
201501KD50256,2,5,0,18,0,0,0,0,0,0,1,1,1,1,20,4,124,1,6,-1,2,-1
201501KD50257,1,9,0,7,0,5,0,0,0,0,2,1,1,1,56,9,1598,2,1,-1,3,-1
201501KD50257,2,1,0,18,0,1,0,0,0,0,1,1,6,2,28,6,-1,-1,-1,-1,1,-1
201501KD50258,1,9,0,18,0,0,0,0,0,0,4,1,6,3,-1,-1,-1,-1,-1,-1,-1,-1
201501KD50259,1,9,0,18,0,0,0,4,0,0,1,1,6,2,40,7,995,1,11,-1,1,-1
201501KD50259,2,19,0,2,0,0,0,0,0,0,2,1,6,1,68,10,1399,2,4,-1,1,-1
201501KD50260,1,9,0,18,0,1,0,0,0,0,1,1,6,1,45,7,2967,2,4,-1,1,-1
201501KD50260,2,9,0,4,0,1,0,0,0,0,2,1,6,1,29,6,2993,2,5,-1,1,-1
201501KD50262,1,5,0,3,0,1,0,0,0,0,2,1,2,1,62,9,865,1,1,-1,1,-1
201501KD50262,2,9,0,18,0,1,0,0,0,0,1,1,6,3,-1,-1,-1,-1,-1,-1,-1,-1
201501KD50264,1,9,0,1,0,8,0,4,0,0,2,1,2,2,33,6,1997,2,9,-1,-1,-1
201501KD50264,2,9,0,2,0,8,0,0,0,0,4,1,6,2,24,5,1242,1,14,-1,1,-1
201501KD50265,1,9,0,4,0,0,0,0,0,0,2,1,6,1,37,7,1798,1,1,-1,1,-1
201501KD50265,2,9,0,4,0,0,0,0,0,0,2,1,6,1,62,9,1686,2,4,-1,1,-1
201501KD50265,3,19,0,18,0,0,0,0,0,0,1,1,6,1,41,7,1995,2,4,-1,1,-1
201501KD50266,1,3,0,18,0,2,0,0,0,0,1,1,6,1,50,8,1255,1,4,-1,1,-1
201501KD50267,1,9,0,18,0,8,0,0,0,0,3,1,6,2,42,7,1598,1,8,-1,1,-1
201501KD50267,2,9,0,9,0,8,0,0,0,0,1,1,6,2,-1,-1,1796,1,4,-1,-1,-1
201501KD50270,1,9,0,18,0,0,0,0,0,0,1,1,2,1,25,5,1753,2,14,-1,1,-1