Accident_Index,Vehicle_Reference,Vehicle_Type,Towing_and_Articulation,Vehicle_Manoeuvre,Vehicle_Location-Restricted_Lane,Junction_Location,Skidding_and_Overturning,Hit_Object_in_Carriageway,Vehicle_Leaving_Carriageway,Hit_Object_off_Carriageway,1st_Point_of_Impact,Was_Vehicle_Left_Hand_Drive?,Journey_Purpose_of_Driver,Sex_of_Driver,Age_of_Driver,Age_Band_of_Driver,Engine_Capacity_(CC),Propulsion_Code,Age_of_Vehicle,Driver_IMD_Decile,Driver_Home_Area_Type,Vehicle_IMD_Decile
201501KF60202,1,8,0,7,0,8,0,0,0,0,1,1,1,1,35,6,1798,8,1,-1,-1,-1
201501KF60202,2,20,0,18,0,8,0,0,0,0,4,1,1,1,25,5,11021,2,9,-1,-1,-1
201501KF60203,1,3,0,12,0,0,0,0,0,0,3,1,1,1,26,6,125,1,2,-1,1,-1
201501KF60203,2,9,0,18,0,0,0,0,0,0,4,1,6,2,26,6,1399,1,8,-1,1,-1
201501KF60204,1,9,0,18,0,0,0,0,0,0,1,1,6,2,29,6,1596,1,4,-1,1,-1
201501KF60205,1,9,0,3,0,0,0,0,0,0,2,1,6,1,28,6,1198,1,4,-1,1,-1
201501KF60205,2,9,0,18,0,0,0,0,0,0,1,1,6,2,-1,-1,1986,2,7,-1,-1,-1
201501KF60206,1,9,0,3,0,1,0,0,0,0,2,1,6,1,29,6,998,1,14,-1,1,-1
201501KF60206,2,9,0,18,0,1,0,0,0,0,1,1,6,1,31,6,1794,1,11,-1,-1,-1
201501KF60207,1,9,0,18,0,0,0,0,0,0,1,1,6,1,33,6,1986,2,10,-1,1,-1
201501KF60207,2,9,0,4,0,0,0,0,0,0,2,1,6,1,24,5,-1,-1,-1,-1,1,-1
201501KF60207,3,9,0,4,0,0,0,0,0,0,2,1,6,1,50,8,2143,2,2,-1,1,-1
201501KF60207,4,9,0,4,0,0,0,0,0,0,2,1,6,1,42,7,1998,1,12,-1,1,-1
201501KF60208,1,9,0,18,0,1,0,0,0,0,1,1,6,1,-1,-1,-1,-1,-1,-1,-1,-1
201501KF60209,1,19,0,9,0,2,0,0,0,0,1,1,6,1,47,8,1753,2,5,-1,1,-1
201501KF60210,1,9,0,3,0,1,0,0,0,0,4,1,6,2,38,7,1598,2,5,-1,1,-1
201501KF60210,2,1,0,15,0,1,0,8,0,0,1,1,6,2,26,6,-1,-1,-1,-1,1,-1
201501KF60211,1,11,0,18,0,1,0,0,0,0,0,1,1,1,52,8,8268,2,11,-1,1,-1
201501KF60212,1,19,0,18,0,1,0,2,0,0,1,1,6,2,19,4,-1,-1,-1,-1,1,-1
201501KF60213,1,11,0,7,0,8,0,0,0,0,3,1,1,1,37,7,8268,2,12,-1,1,-1
201501KF60213,2,19,0,18,0,8,0,0,0,0,1,1,1,1,73,10,2143,2,4,-1,1,-1
201501KF60214,1,1,0,14,0,0,0,0,0,0,1,1,6,1,-1,-1,-1,-1,-1,-1,-1,-1
201501KF60215,1,9,0,18,0,0,0,0,0,0,1,1,2,1,52,8,1999,1,9,-1,1,-1
201501KF60216,1,9,0,4,0,0,0,0,0,0,2,1,6,2,25,5,1596,1,14,-1,1,-1
201501KF60216,2,9,0,18,0,0,0,0,0,0,1,1,6,1,30,6,-1,-1,-1,-1,1,-1
201501KF60217,1,9,0,14,0,0,0,0,0,0,1,1,6,1,23,5,1390,1,9,-1,1,-1
201501KF60218,1,3,0,14,0,1,0,0,0,0,1,1,6,1,22,5,125,1,-1,-1,1,-1
201501KF60219,1,9,0,3,0,0,0,0,0,0,2,1,6,2,72,10,1596,1,13,-1,1,-1
201501KF60219,2,9,0,18,0,0,0,0,0,0,1,1,6,1,-1,-1,1999,1,12,-1,-1,-1
201501KF60220,1,9,0,18,0,0,0,0,0,0,1,1,6,1,28,6,2993,2,5,-1,1,-1
201501KF60220,2,9,0,18,0,0,0,0,0,0,2,1,6,1,41,7,1896,2,10,-1,1,-1
201501KF60221,1,9,0,18,0,1,0,0,0,0,1,1,6,1,29,6,1598,1,14,-1,1,-1
201501KF60221,2,1,0,18,0,1,0,0,0,0,3,1,6,1,20,4,-1,-1,-1,-1,1,-1
201501KF60223,1,3,0,18,0,8,0,0,0,0,1,1,6,1,22,5,-1,-1,-1,-1,1,-1
201501KF60223,2,9,0,9,0,8,0,0,0,0,4,1,6,1,54,8,1398,1,13,-1,1,-1
201501KF60224,1,9,0,9,0,2,0,0,0,0,1,1,6,1,-1,-1,-1,-1,-1,-1,-1,-1
201501KF60225,1,9,0,18,0,1,0,0,0,0,1,1,6,2,74,10,1199,1,14,-1,1,-1
201501KF60226,1,8,0,18,0,0,0,0,0,0,1,1,6,1,43,7,1997,2,3,-1,1,-1
201501KF60226,2,9,0,18,0,0,0,0,0,0,2,1,6,1,35,6,1988,1,12,-1,1,-1
201501KF60227,1,9,0,3,0,1,0,0,0,0,2,1,2,1,35,6,1598,1,4,-1,1,-1
201501KF60227,2,9,0,18,0,1,0,0,0,0,1,1,6,2,-1,-1,1360,1,9,-1,-1,-1
201501KF60228,1,9,0,2,0,0,0,0,0,0,3,1,6,2,30,6,1499,2,1,-1,1,-1
201501KF60228,2,1,0,18,0,0,0,8,0,0,1,1,6,1,32,6,-1,-1,-1,-1,1,-1
201501KF60229,1,9,0,10,0,1,0,0,0,0,3,1,6,2,33,6,1598,2,1,-1,1,-1
201501KF60229,2,9,0,7,0,2,0,0,0,0,1,1,6,2,-1,-1,-1,-1,-1,-1,1,-1
201501KF60230,1,9,0,18,0,0,0,0,0,0,4,1,6,1,25,5,1997,1,3,-1,-1,-1
201501KF60231,1,9,0,18,0,8,0,0,0,0,1,1,6,1,31,6,1753,2,7,-1,1,-1
201501KF60231,2,9,0,9,0,8,0,0,0,0,2,1,6,1,-1,-1,1598,1,10,-1,1,-1
201501KF60232,1,19,0,1,0,0,0,0,0,0,2,1,1,1,-1,-1,2198,2,3,-1,1,-1
201501KF60233,1,9,0,7,0,5,0,0,0,0,4,1,6,1,26,6,1560,2,1,-1,1,-1
201501KF60233,2,5,0,18,0,1,0,0,0,0,3,1,6,1,48,8,-1,-1,-1,-1,1,-1
201501KF60234,1,9,0,2,0,2,0,0,0,0,3,1,6,1,25,5,1598,1,7,-1,1,-1
201501KF60234,2,9,0,18,0,2,0,8,0,0,1,1,6,3,-1,-1,-1,-1,-1,-1,-1,-1
201501KF60235,1,9,0,18,0,8,0,0,0,0,1,1,1,1,-1,-1,1910,2,5,-1,1,-1
201501KF60235,2,1,0,18,0,8,0,0,0,0,2,1,2,1,39,7,-1,-1,-1,-1,1,-1
201501KF60236,1,9,0,18,0,1,0,0,0,0,1,1,6,2,27,6,-1,-1,-1,-1,-1,-1
201501KF60238,1,19,0,18,0,1,0,0,0,0,1,1,6,1,24,5,-1,-1,-1,-1,1,-1
201501KF60239,1,9,0,18,0,8,0,0,0,0,4,1,6,2,35,6,1587,1,12,-1,1,-1
201501KF60239,2,9,0,18,0,8,0,0,0,0,1,1,6,3,-1,-1,-1,-1,-1,-1,-1,-1
201501KF60240,1,9,0,18,0,8,0,0,0,0,3,1,6,1,19,4,1598,1,6,-1,1,-1
201501KF60240,2,9,0,9,0,8,0,0,0,0,1,1,6,2,35,6,1339,1,12,-1,1,-1
201501KF60241,1,11,0,18,0,1,0,0,0,0,0,1,1,1,44,7,8268,2,12,-1,1,-1
201501KF60243,1,21,0,9,0,8,0,0,0,0,3,1,1,1,42,7,-1,-1,-1,-1,1,-1
201501KF60243,2,3,0,13,0,8,0,0,0,0,4,1,6,1,44,7,125,1,9,-1,1,-1
201501KF60244,1,9,0,18,0,8,0,0,0,0,1,1,6,1,27,6,1956,2,3,-1,1,-1
201501KF60244,2,9,0,18,0,8,0,0,0,0,3,1,6,2,28,6,1984,1,10,-1,1,-1
201501KF60245,1,2,0,18,0,8,0,0,0,0,1,1,6,1,33,6,125,1,2,-1,1,-1
201501KF60245,2,9,0,9,0,8,0,0,0,0,4,1,6,1,38,7,1598,2,3,-1,-1,-1
201501KF60246,1,9,0,3,0,1,0,0,0,0,2,1,6,1,32,6,1360,1,11,-1,1,-1
201501KF60246,2,9,0,18,0,1,0,0,0,0,1,1,6,1,-1,-1,2143,2,4,-1,-1,-1
201501KF60248,1,9,0,3,0,1,0,0,0,0,1,1,6,2,46,8,1198,1,3,-1,1,-1
201501KF60248,2,9,0,1,0,1,0,0,0,0,2,1,6,1,-1,-1,1995,2,9,-1,-1,-1
201501KF60249,1,9,0,18,0,0,0,0,0,0,1,1,6,1,56,9,1998,1,8,-1,1,-1
201501KF60250,1,9,0,4,0,2,0,0,0,0,2,1,1,1,-1,-1,-1,-1,-1,-1,-1,-1
201501KF60250,2,9,0,18,0,2,0,0,0,0,1,1,6,2,37,7,1991,2,5,-1,1,-1
201501KF60251,1,3,0,4,0,1,0,0,0,0,2,1,6,1,35,6,124,1,3,-1,1,-1
201501KF60251,2,9,0,18,0,1,0,0,0,0,1,1,6,2,34,6,1343,1,11,-1,1,-1
201501KF60252,1,9,0,16,0,8,0,0,0,0,1,1,6,2,50,8,1198,1,7,-1,1,-1
201501KF60252,2,3,0,17,0,8,0,0,0,0,1,1,6,1,22,5,125,1,11,-1,1,-1
201501KF60253,1,1,0,9,0,2,0,0,0,0,1,1,6,1,-1,-1,-1,-1,-1,-1,-1,-1
201501KF60254,1,9,0,18,0,2,0,0,0,0,1,1,1,1,48,8,1797,8,6,-1,-1,-1
201501KF60254,2,1,0,18,0,2,0,0,0,0,4,1,6,2,48,8,-1,-1,-1,-1,1,-1
201501KF60255,1,9,0,3,0,1,0,0,0,0,2,1,6,1,49,8,1598,1,2,-1,1,-1
201501KF60255,2,9,0,18,0,1,0,0,0,0,1,1,6,1,40,7,1968,2,7,-1,-1,-1
201501KF60256,1,9,0,1,0,1,0,0,0,0,2,1,6,1,43,7,-1,-1,-1,-1,1,-1
201501KF60257,1,9,0,7,0,2,0,0,0,0,1,1,6,2,46,8,1995,2,8,-1,1,-1
201501KF60257,2,9,0,1,0,1,0,0,0,0,2,1,6,1,44,7,1995,2,11,-1,1,-1
201501KF60258,1,11,0,3,0,0,0,0,0,0,0,1,1,1,58,9,6700,2,3,-1,1,-1
201501KF60259,1,19,0,3,0,1,0,0,0,0,2,1,6,1,52,8,-1,-1,-1,-1,1,-1
201501KF60259,2,1,0,18,0,1,0,0,0,0,1,1,6,1,19,4,-1,-1,-1,-1,-1,-1
201501KF60260,1,3,0,18,0,0,0,0,0,0,1,1,6,1,-1,-1,125,1,7,-1,-1,-1
201501KF60262,1,9,0,17,0,1,0,0,0,0,1,1,6,2,67,10,-1,-1,-1,-1,1,-1
201501KF60264,1,9,0,3,0,0,0,0,0,0,2,1,6,1,20,4,2231,2,7,-1,1,-1
201501KF60264,2,9,0,3,0,0,0,0,0,0,2,1,6,1,38,7,1461,2,-1,-1,1,-1
201501KF60264,3,9,0,4,0,0,0,0,0,0,2,1,6,1,54,8,2143,2,2,-1,1,-1
201501KF60264,4,9,0,18,0,0,0,0,0,0,1,1,6,1,-1,-1,2148,2,10,-1,1,-1
201501KF60265,1,9,0,18,0,2,0,0,0,0,1,1,6,2,55,8,1388,1,11,-1,1,-1
201501KF60266,1,9,0,18,0,8,0,0,0,0,1,1,6,1,22,5,2143,2,5,-1,1,-1
201501KF60266,2,11,0,18,0,8,0,0,0,0,4,1,1,1,32,6,4500,2,4,-1,1,-1
201501KF60268,1,9,0,18,0,0,0,0,0,0,1,1,2,1,25,5,-1,-1,-1,-1,1,-1
201501KF60268,2,8,0,3,0,0,0,0,0,0,2,1,1,1,50,8,1997,2,3,-1,1,-1
201501KF60269,1,9,0,18,0,0,0,0,0,0,1,1,2,1,38,7,1598,2,4,-1,1,-1
201501KF60269,2,9,0,3,0,0,0,0,0,0,2,1,2,1,52,8,1991,1,12,-1,1,-1
201501KF60269,3,19,0,3,0,0,0,0,0,0,2,1,1,1,37,7,2198,2,5,-1,1,-1
201501KF60270,1,19,0,3,0,1,0,0,0,0,2,1,6,1,26,6,1686,2,11,-1,2,-1
201501KF60270,2,9,0,5,0,1,0,0,0,0,1,1,1,1,-1,-1,-1,-1,-1,-1,-1,-1
201501KF60271,1,9,0,9,0,8,0,0,0,0,2,1,2,1,37,7,1997,2,11,-1,1,-1
201501KF60271,2,9,0,18,0,8,0,0,0,0,1,1,6,1,45,7,1796,1,8,-1,1,-1
201501KF60272,1,3,0,13,0,8,0,0,0,0,4,1,6,1,-1,-1,124,1,6,-1,-1,-1
201501KF60272,2,9,0,9,0,8,0,0,0,0,3,1,2,2,34,6,1339,8,6,-1,1,-1
201501KF60273,1,9,0,9,0,8,0,0,0,0,4,1,6,2,24,5,1598,1,9,-1,1,-1
201501KF60273,2,1,0,18,0,8,0,0,0,0,1,1,2,1,30,6,-1,-1,-1,-1,1,-1
201501KF60274,1,9,0,9,0,8,0,0,0,0,1,1,6,1,23,5,1390,1,8,-1,1,-1
201501KF60274,2,9,0,18,0,8,0,0,0,0,1,1,6,1,23,5,1995,2,6,-1,1,-1
201501KF60275,1,9,0,18,0,2,0,0,0,0,1,1,6,1,41,7,1598,1,4,-1,1,-1
201501KF60277,1,9,0,9,0,8,0,0,0,0,1,1,1,1,55,8,3311,8,8,-1,1,-1
201501KF60277,2,9,0,18,0,8,0,0,0,0,3,1,1,1,33,6,1598,2,3,-1,1,-1
201501KF60279,1,1,0,18,0,8,0,0,0,0,3,1,6,1,37,7,-1,-1,-1,-1,1,-1
201501KF60279,2,9,0,9,0,8,0,0,0,0,1,1,6,3,-1,-1,-1,-1,-1,-1,-1,-1
201501KF60281,1,1,0,15,4,1,0,0,0,0,1,1,6,1,27,6,-1,-1,-1,-1,1,-1
201501KF60281,2,9,0,3,0,1,0,0,0,0,4,1,6,1,-1,-1,1769,1,13,-1,-1,-1
201501KF60283,1,9,0,4,0,1,0,0,0,0,2,1,6,2,32,6,1386,1,10,-1,1,-1
201501KF60283,2,9,0,18,0,1,0,0,0,0,1,1,6,1,26,6,1598,1,1,-1,-1,-1
201501KF60284,1,9,0,18,0,2,0,0,0,0,1,1,6,1,20,4,1995,1,10,-1,-1,-1
201501KF60284,2,11,0,3,0,2,0,0,0,0,2,1,1,1,50,8,1968,2,4,-1,1,-1
201501KF60286,1,9,0,1,0,8,0,0,0,0,2,1,3,2,-1,-1,1999,1,13,-1,-1,-1
201501KF60288,1,9,0,18,0,0,0,0,0,0,4,1,6,1,30,6,2198,1,11,-1,1,-1
201501KF60288,2,9,0,12,0,0,0,0,0,0,3,1,6,2,34,6,1798,1,4,-1,1,-1
201501KF60290,1,9,0,9,0,8,0,0,0,0,1,1,6,2,31,6,1248,1,3,-1,1,-1
201501KF60290,2,3,0,18,0,8,0,0,0,0,3,1,6,1,29,6,125,1,11,-1,1,-1
201501KF60291,1,9,0,6,0,0,0,0,0,0,3,1,6,1,43,7,1686,2,6,-1,1,-1
201501KF60291,2,11,0,12,0,0,0,0,0,0,1,1,1,1,45,7,4500,2,1,-1,1,-1
201501KF60292,1,9,0,12,0,0,0,0,0,0,3,1,6,1,39,7,2231,2,9,-1,1,-1
201501KF60292,2,3,0,18,0,0,0,0,0,0,4,1,6,1,22,5,125,1,7,-1,1,-1
201501KF60293,1,9,0,18,9,1,0,10,1,0,1,1,6,1,25,5,1995,2,13,-1,1,-1
201501KF60294,1,9,0,9,0,8,0,0,0,0,1,1,6,1,26,6,1400,1,10,-1,1,-1
201501KF60296,1,9,0,9,0,8,0,0,0,0,4,1,6,2,40,7,1997,1,13,-1,1,-1
201501KF60297,1,9,0,18,0,8,0,0,0,0,4,1,6,2,42,7,2995,8,1,-1,1,-1
201501KF60297,2,9,0,7,0,8,0,0,0,0,1,1,6,2,35,6,1299,1,14,-1,1,-1
201501KF60298,1,9,0,2,0,0,0,0,0,0,4,1,6,2,33,6,1699,1,6,-1,1,-1
201501KF60298,2,9,0,4,0,0,0,4,0,0,4,1,6,2,-1,-1,1997,2,1,-1,-1,-1
201501KF60299,1,9,0,6,0,1,0,0,0,0,3,1,6,1,36,7,2995,1,10,-1,1,-1
201501KF60299,2,9,0,18,0,1,0,0,0,0,1,1,6,1,48,8,1797,8,6,-1,1,-1
201501KF60300,1,9,0,3,0,0,0,0,0,0,2,1,3,2,36,7,1242,1,11,-1,1,-1
201501KF60300,2,9,0,18,0,0,0,0,0,0,1,1,6,1,-1,-1,-1,-1,-1,-1,-1,-1
201501KF60301,1,11,0,18,0,1,0,0,0,0,0,1,1,1,42,7,7300,2,10,-1,-1,-1
201501KF60302,1,3,0,18,0,0,0,0,0,0,3,1,2,1,23,5,125,1,5,-1,1,-1
201501KF60302,2,19,0,13,0,0,0,0,0,0,4,1,2,1,26,6,1896,2,9,-1,1,-1
201501KF60303,1,9,0,18,0,0,0,0,0,0,1,1,6,2,-1,-1,1596,1,10,-1,-1,-1
201501KF60303,2,1,0,18,0,0,0,0,0,0,3,1,6,1,30,6,-1,-1,-1,-1,1,-1
201501KF60304,1,9,0,18,0,8,0,0,0,0,4,1,6,2,30,6,1560,2,5,-1,1,-1
201501KF60304,2,9,0,18,0,8,0,0,0,0,1,1,6,1,22,5,1997,2,13,-1,1,-1
201501KF60305,1,9,0,1,0,2,0,0,0,0,2,1,6,2,48,8,1498,1,-1,-1,1,-1
201501KF60306,1,11,0,18,0,2,0,0,0,0,0,1,1,1,41,7,8268,2,12,-1,1,-1
201501KF60307,1,19,0,18,0,1,0,0,0,0,1,1,6,1,44,7,1995,2,4,-1,1,-1
201501KF60307,2,9,0,4,0,1,0,0,0,0,2,1,6,1,26,6,1390,1,12,-1,1,-1
201501KF60308,1,3,0,18,0,1,0,0,0,0,1,1,6,3,-1,-1,-1,-1,-1,-1,-1,-1
201501KF60309,1,9,0,18,0,0,0,0,0,0,1,1,6,1,31,6,1389,1,15,-1,1,-1
201501KF60309,2,9,0,18,0,0,0,0,0,0,2,1,6,1,-1,-1,1149,1,10,-1,-1,-1
201501KF60310,1,9,0,7,0,5,0,0,0,0,4,1,6,2,57,9,998,1,16,-1,1,-1
201501KF60310,2,9,0,18,2,1,0,0,0,0,3,1,6,1,-1,-1,2401,2,12,-1,-1,-1
201501KF60311,1,9,0,5,0,8,0,0,0,0,2,1,1,2,47,8,1398,1,2,-1,1,-1
201501KF60311,2,9,0,5,0,8,0,0,0,0,1,1,1,1,24,5,-1,-1,-1,-1,1,-1
201501KF60313,1,2,0,18,0,1,0,0,0,0,4,1,6,1,28,6,124,1,12,-1,-1,-1
201501KF60313,2,9,0,5,0,1,0,0,0,0,3,1,6,2,-1,-1,-1,-1,-1,-1,-1,-1
201501KF60314,1,9,0,3,0,0,0,0,0,0,4,1,6,2,28,6,1596,1,13,-1,1,-1
201501KF60314,2,9,0,12,0,0,0,0,0,0,3,1,6,1,-1,-1,1493,2,10,-1,-1,-1
201501KF60315,1,19,0,18,0,2,0,0,0,0,4,1,2,1,42,7,2402,2,9,-1,1,-1
201501KF60315,2,9,0,12,0,2,0,0,0,0,3,1,6,1,32,6,4367,2,2,-1,1,-1
201501KF60316,1,9,0,4,0,0,0,0,0,0,2,1,6,2,33,6,1390,1,8,-1,1,-1
201501KF60316,2,19,0,18,0,0,0,0,0,0,1,1,6,1,35,6,1968,2,5,-1,1,-1
201501KF60316,3,9,0,3,0,0,0,0,0,0,2,1,6,1,24,5,998,1,2,-1,1,-1
201501KF60317,1,9,0,18,0,8,0,0,0,0,4,1,6,2,24,5,1242,1,12,-1,1,-1
201501KF60317,2,9,0,18,0,8,0,0,0,0,1,1,6,2,55,8,1794,1,7,-1,-1,-1
201501KF60318,1,9,0,18,0,0,0,0,0,0,1,1,6,1,28,6,1995,2,8,-1,1,-1
201501KF60319,1,2,0,7,0,5,0,0,0,0,4,1,6,3,-1,-1,49,1,2,-1,-1,-1
201501KF60319,2,1,0,18,0,1,0,0,0,0,3,1,6,1,12,3,-1,-1,-1,-1,1,-1
201501KF60320,1,9,0,18,0,1,0,0,0,0,1,1,6,1,41,7,1948,1,17,-1,1,-1
201501KF60320,2,9,0,4,0,1,0,0,0,0,2,1,6,1,31,6,1995,2,11,-1,1,-1
201501KF60321,1,3,0,18,0,8,0,0,0,0,3,1,2,1,19,4,125,1,-1,-1,1,-1
201501KF60321,2,9,0,18,0,8,0,0,0,0,4,1,6,1,22,5,1229,1,2,-1,1,-1
201501KF60322,1,3,0,10,0,1,0,0,0,0,2,1,6,1,31,6,124,1,7,-1,1,-1
201501KF60322,2,3,0,18,0,1,0,0,0,0,1,1,6,3,-1,-1,125,1,4,-1,-1,-1
201501KF60323,1,11,0,18,0,2,0,0,0,0,1,1,1,3,-1,-1,-1,-1,-1,-1,-1,-1
201501KF60324,1,9,0,9,0,8,0,0,0,0,1,1,6,1,25,5,1560,2,-1,-1,1,-1
201501KF60324,2,9,0,18,0,8,0,0,0,0,4,1,6,1,25,5,1900,2,10,-1,1,-1
201501KF60325,1,9,0,18,0,1,0,0,0,0,1,1,6,3,-1,-1,1560,2,-1,-1,-1,-1
201501KF60326,1,9,0,11,0,1,0,0,0,0,3,1,6,2,28,6,1587,1,11,-1,1,-1
201501KF60326,2,3,0,18,0,1,0,0,0,0,4,1,6,1,18,4,124,1,9,-1,-1,-1
201501KF60327,1,9,0,1,0,2,0,0,0,0,1,1,6,1,41,7,1560,2,1,-1,-1,-1
201501KF60329,1,3,0,18,0,1,0,0,0,0,0,1,6,1,24,5,124,1,4,-1,3,-1
201501KF60330,1,1,0,18,0,8,0,0,0,0,1,1,6,2,29,6,-1,-1,-1,-1,1,-1
201501KF60330,2,9,0,9,0,8,0,0,0,0,4,1,6,3,-1,-1,1797,8,5,-1,-1,-1
201501KF60331,1,9,0,9,0,8,0,0,0,0,3,1,6,1,34,6,1968,2,1,-1,1,-1
201501KF60331,2,9,0,18,0,8,0,0,0,0,1,1,6,1,22,5,1598,1,2,-1,1,-1
201501KF60332,1,9,0,18,0,1,0,0,0,0,1,1,1,1,39,7,1910,2,5,-1,1,-1
201501KF60333,1,9,0,9,0,8,0,0,0,0,3,1,6,2,20,4,1242,1,11,-1,1,-1
201501KF60333,2,2,0,13,0,8,0,0,0,0,1,1,6,1,-1,-1,-1,-1,-1,-1,-1,-1
201501KF60335,1,9,0,18,0,0,0,0,0,0,2,1,6,2,50,8,1596,1,1,-1,1,-1
201501KF60335,2,9,0,18,0,0,0,0,0,0,1,1,1,1,31,6,1560,2,-1,-1,1,-1
201501KF60336,1,9,0,9,0,8,0,0,0,0,4,1,6,1,21,5,998,1,4,-1,1,-1
201501KF60336,2,1,0,18,0,8,0,0,0,0,1,1,6,1,48,8,-1,-1,-1,-1,1,-1
201501KF60337,1,9,0,18,0,1,0,10,1,1,1,1,6,1,23,5,2967,2,8,-1,1,-1
201501KF60338,1,9,0,18,0,8,0,0,0,0,1,1,6,1,24,5,1242,1,8,-1,1,-1
201501KF60338,2,9,0,1,0,8,0,0,0,0,4,1,6,3,-1,-1,1598,1,11,-1,-1,-1
201501KF60340,1,5,0,18,0,0,0,0,0,0,1,1,6,1,39,7,599,1,8,-1,1,-1
201501KF60340,2,20,0,11,0,0,0,0,0,0,4,1,1,1,34,6,-1,-1,-1,-1,1,-1
201501KF60341,1,9,0,3,0,2,0,0,0,0,2,1,3,2,32,6,1332,1,8,-1,1,-1
201501KF60341,2,9,0,18,0,2,0,0,0,0,1,1,6,2,-1,-1,1461,2,6,-1,-1,-1
201501KF60344,1,9,0,18,0,8,0,0,0,0,1,1,6,2,33,6,998,1,5,-1,1,-1
201501KF60344,2,1,0,18,0,8,0,0,0,0,4,1,6,1,20,4,-1,-1,-1,-1,1,-1
201501KF60345,1,9,0,9,0,8,0,0,0,0,3,1,6,1,20,4,1242,1,-1,-1,1,-1
201501KF60345,2,3,0,13,0,8,0,0,0,0,4,1,6,1,29,6,125,1,9,-1,1,-1
201501KF60346,1,9,0,7,0,8,0,0,0,0,1,1,6,1,27,6,-1,-1,-1,-1,1,-1
201501KF60346,2,9,0,18,0,8,0,0,0,0,3,1,6,1,26,6,1598,2,2,-1,1,-1
201501KF60347,1,9,0,18,0,2,0,0,0,0,3,1,2,1,20,4,1242,1,6,-1,1,-1
201501KF60347,2,9,0,18,0,1,0,0,0,0,3,1,6,1,-1,-1,-1,-1,-1,-1,-1,-1
201501KF60348,1,9,0,2,0,1,0,0,0,0,3,1,6,1,35,6,1598,1,11,-1,1,-1
201501KF60348,2,9,0,7,0,2,0,4,0,0,1,1,6,1,-1,-1,-1,-1,-1,-1,-1,-1
201501KF60349,1,9,0,4,0,1,0,0,0,0,2,1,6,1,30,6,-1,-1,-1,-1,1,-1
201501KF60349,2,9,0,18,0,1,0,0,0,0,1,1,6,1,-1,-1,1598,1,10,-1,-1,-1
201501KF60350,1,9,0,13,0,1,0,0,0,0,4,1,6,1,36,7,1339,1,13,-1,1,-1
201501KF60350,2,1,0,18,0,1,0,0,0,0,3,1,6,1,32,6,-1,-1,-1,-1,1,-1
201501KF60352,1,9,0,7,0,8,0,0,0,0,3,1,2,1,33,6,-1,-1,-1,-1,1,-1
201501KF60352,2,9,0,1,0,8,0,0,0,0,2,1,1,3,-1,-1,-1,-1,-1,-1,-1,-1
201501KF60354,1,9,0,18,0,8,0,0,0,0,4,1,6,2,22,5,1360,1,14,-1,1,-1
201501KF60354,2,21,1,16,0,8,0,0,0,0,3,2,1,1,48,8,-1,-1,-1,-1,-1,-1
201501KF60355,1,9,0,3,0,1,0,0,0,0,4,1,2,2,56,9,998,1,17,-1,1,-1
201501KF60355,2,3,0,15,0,1,0,8,0,0,1,1,6,1,36,7,-1,-1,-1,-1,1,-1
201501KF60356,1,21,4,11,0,0,0,0,0,0,4,1,1,1,25,5,12902,2,1,-1,-1,-1
201501KF60356,2,9,0,18,0,0,0,0,0,0,3,1,2,2,32,6,1390,1,8,-1,1,-1
201501KF60357,1,9,0,13,0,1,0,0,0,0,4,1,2,2,73,10,1895,1,15,-1,1,-1
201501KF60357,2,1,0,18,0,1,0,0,0,0,3,1,6,1,30,6,-1,-1,-1,-1,1,-1
201501KF60358,1,9,0,18,0,8,0,0,0,0,4,1,1,1,40,7,1997,2,4,-1,1,-1
201501KF60358,2,9,0,12,0,8,0,0,0,0,3,2,6,1,74,10,-1,-1,-1,-1,-1,-1
201501KF60360,1,1,0,18,4,1,0,0,0,0,3,1,6,1,49,8,-1,-1,-1,-1,1,-1
201501KF60360,2,9,0,7,0,5,0,0,0,0,4,1,6,2,50,8,-1,-1,-1,-1,-1,-1
201501KF60361,1,9,0,18,0,8,0,0,0,0,1,1,6,1,30,6,3246,1,12,-1,1,-1
201501KF60361,2,9,0,9,0,8,0,0,0,0,3,1,6,2,52,8,1490,1,8,-1,1,-1
201501KF60362,1,9,0,3,0,2,0,0,0,0,2,1,6,2,45,7,1390,1,9,-1,1,-1
201501KF60362,2,9,0,18,0,2,0,0,0,0,1,1,6,1,-1,-1,1984,1,13,-1,-1,-1
201501KF60363,1,9,0,3,0,1,0,0,0,0,2,1,6,1,41,7,1398,1,9,-1,1,-1
201501KF60363,2,9,0,18,0,1,0,0,0,0,1,1,6,1,-1,-1,1560,2,2,-1,-1,-1
201501KF60364,1,9,0,9,0,8,0,0,0,0,4,1,6,2,34,6,1360,1,14,-1,1,-1
201501KF60364,2,1,0,18,0,8,0,0,0,0,1,1,6,1,43,7,-1,-1,-1,-1,1,-1
201501KF60366,1,9,0,3,0,1,0,0,0,0,2,1,6,1,26,6,1198,1,1,-1,1,-1
201501KF60366,2,9,0,3,0,1,0,0,0,0,2,1,6,1,-1,-1,1596,1,6,-1,-1,-1
201501KF60366,3,19,0,18,0,1,0,0,0,0,1,1,6,1,-1,-1,2402,2,10,-1,1,-1
201501KF60368,1,9,0,16,0,0,0,0,0,0,1,1,6,2,25,5,1968,2,6,-1,1,-1
201501KF60368,2,1,0,17,0,0,0,0,0,0,1,1,6,1,48,8,-1,-1,-1,-1,1,-1
201501KF60369,1,9,0,18,0,1,0,0,0,0,4,1,6,3,-1,-1,-1,-1,-1,-1,-1,-1
201501KF60371,1,9,0,5,9,1,0,0,0,0,1,1,2,1,36,7,2496,2,11,-1,1,-1