Accident_Index,Vehicle_Reference,Vehicle_Type,Towing_and_Articulation,Vehicle_Manoeuvre,Vehicle_Location-Restricted_Lane,Junction_Location,Skidding_and_Overturning,Hit_Object_in_Carriageway,Vehicle_Leaving_Carriageway,Hit_Object_off_Carriageway,1st_Point_of_Impact,Was_Vehicle_Left_Hand_Drive?,Journey_Purpose_of_Driver,Sex_of_Driver,Age_of_Driver,Age_Band_of_Driver,Engine_Capacity_(CC),Propulsion_Code,Age_of_Vehicle,Driver_IMD_Decile,Driver_Home_Area_Type,Vehicle_IMD_Decile
201501KF60372,1,9,0,18,0,0,0,0,0,0,1,1,6,2,74,10,1598,1,14,-1,1,-1
201501KF60373,1,9,0,17,0,8,0,7,0,0,1,1,2,1,43,7,1781,1,11,-1,1,-1
201501KF60374,1,2,0,18,0,8,0,0,0,0,1,1,6,1,16,4,49,1,1,-1,1,-1
201501KF60374,2,9,0,7,0,8,0,0,0,0,3,1,6,1,-1,-1,1910,2,7,-1,-1,-1
201501KF60375,1,9,0,18,0,8,0,0,0,0,1,1,6,2,-1,-1,1596,1,11,-1,-1,-1
201501KF60375,2,9,0,18,0,8,0,0,0,0,3,1,2,2,24,5,1242,1,7,-1,1,-1
201501KF60376,1,9,0,17,0,0,0,0,0,0,1,1,2,2,35,6,1995,2,9,-1,1,-1
201501KF60377,1,19,0,11,0,0,0,0,0,0,4,1,6,1,46,8,2198,2,1,-1,1,-1
201501KF60377,2,21,1,18,0,0,0,0,0,0,3,1,1,1,33,6,4500,5,8,-1,1,-1
201501KF60378,1,9,0,4,0,1,0,0,0,0,2,1,6,1,34,6,2993,2,9,-1,2,-1
201501KF60378,2,9,0,18,0,1,0,0,0,0,1,1,6,2,-1,-1,-1,-1,-1,-1,1,-1
201501KF60379,1,9,0,7,0,8,0,0,0,0,1,1,6,1,23,5,1598,1,5,-1,1,-1
201501KF60379,2,9,0,18,0,8,0,0,0,0,4,1,6,1,41,7,1598,1,12,-1,1,-1
201501KF60381,1,3,0,18,0,0,0,0,0,0,3,1,6,1,19,4,125,1,5,-1,1,-1
201501KF60381,2,9,0,11,0,0,0,0,0,0,4,1,6,1,32,6,1242,1,5,-1,1,-1
201501KF60383,1,9,0,3,0,1,0,0,0,0,2,1,6,2,64,9,1386,1,8,-1,1,-1
201501KF60383,2,9,0,18,0,1,0,0,0,0,1,1,6,1,-1,-1,1599,1,8,-1,-1,-1
201501KF60384,1,9,0,18,0,0,0,0,0,0,4,1,6,3,-1,-1,-1,-1,-1,-1,-1,-1
201501KF60385,1,9,0,3,0,8,0,0,0,0,3,1,6,1,41,7,1560,2,4,-1,1,-1
201501KF60385,2,9,0,1,0,8,0,0,0,0,2,1,6,2,-1,-1,-1,-1,-1,-1,-1,-1
201501KF60386,1,9,0,3,0,1,0,0,0,0,2,1,6,2,42,7,1988,1,13,-1,1,-1
201501KF60386,2,9,0,18,0,1,0,0,0,0,1,1,6,1,25,5,-1,-1,-1,-1,-1,-1
201501KF60387,1,9,0,10,0,1,0,0,0,0,2,1,6,2,48,8,1753,2,14,-1,1,-1
201501KF60387,2,9,0,18,0,1,0,0,0,0,1,1,6,2,20,4,1242,1,1,-1,-1,-1
201501KF60388,1,9,0,8,0,1,0,0,0,0,2,1,6,2,62,9,1329,1,4,-1,1,-1
201501KF60388,2,9,0,18,0,1,0,0,0,0,1,1,6,1,-1,-1,-1,-1,-1,-1,-1,-1
201501KF60389,1,1,0,16,0,8,0,0,0,0,1,1,2,1,33,6,-1,-1,-1,-1,1,-1
201501KF60389,2,9,0,9,0,8,0,0,0,0,4,1,6,1,35,6,-1,-1,-1,-1,-1,-1
201501KF60391,1,9,0,2,0,0,0,0,0,0,2,1,1,1,45,7,1599,1,10,-1,1,-1
201501KF60391,2,9,0,1,0,0,0,4,0,0,2,1,6,1,-1,-1,-1,-1,-1,-1,-1,-1
201501KF60392,1,9,0,18,0,1,0,0,0,0,4,1,6,1,41,7,1596,1,5,-1,1,-1
201501KF60394,1,9,0,18,0,0,0,0,0,0,4,1,6,2,20,4,1242,1,12,-1,1,-1
201501KF60394,2,8,0,5,0,0,0,0,0,0,3,1,6,1,42,7,1796,1,5,-1,1,-1
201501KF60395,1,9,0,18,2,0,0,0,0,0,3,1,1,2,38,7,1396,1,1,-1,1,-1
201501KF60395,2,9,0,11,2,0,0,0,0,0,4,1,6,1,20,4,1796,1,13,-1,-1,-1
201501KF60396,1,9,0,18,0,2,0,0,0,0,4,1,6,2,51,8,1910,2,11,-1,1,-1
201501KF60396,2,1,0,18,9,2,0,0,0,0,3,1,6,1,3,1,-1,-1,-1,-1,1,-1
201501KF60397,1,9,0,9,0,8,0,0,0,0,4,1,1,1,42,7,1998,2,4,-1,1,-1
201501KF60397,2,3,0,18,0,8,0,0,0,0,1,1,6,1,34,6,599,1,6,-1,1,-1
201501KF60398,1,9,0,5,0,0,0,0,0,0,1,1,6,1,62,9,1248,2,6,-1,1,-1
201501KF60399,1,9,0,18,0,1,0,0,0,0,1,1,3,1,33,6,1600,1,16,-1,1,-1
201501KF60400,1,9,0,4,0,0,0,0,0,0,2,1,2,1,30,6,1596,1,12,-1,1,-1
201501KF60400,2,9,0,18,0,0,0,0,0,0,1,1,6,1,-1,-1,-1,-1,-1,-1,-1,-1
201501KF60401,1,9,0,18,0,0,0,0,0,0,3,1,6,1,87,11,1598,1,12,-1,1,-1
201501KF60401,2,21,0,11,0,0,0,0,0,0,4,1,1,1,-1,-1,12900,2,8,-1,-1,-1
201501KF60402,1,9,0,7,0,2,0,0,0,0,1,1,6,2,34,6,1796,1,6,-1,1,-1
201501KF60402,2,9,0,10,0,1,0,0,0,0,1,1,6,1,48,8,1997,2,5,-1,1,-1
201501KF60403,1,9,0,18,0,1,0,0,0,0,1,1,6,2,28,6,1461,2,1,-1,1,-1
201501KF60405,1,1,0,18,0,1,0,0,0,0,1,1,2,1,32,6,-1,-1,-1,-1,-1,-1
201501KF60406,1,9,0,18,0,1,0,0,0,0,1,1,6,1,62,9,1686,2,4,-1,-1,-1
201501KF60407,1,9,0,18,0,1,0,0,0,0,2,1,6,1,58,9,1587,1,12,-1,1,-1
201501KF60407,2,2,0,18,0,1,0,0,0,0,1,1,6,1,36,7,102,1,9,-1,1,-1
201501KF60408,1,1,0,4,0,0,0,0,0,0,2,1,2,1,22,5,-1,-1,-1,-1,1,-1
201501KF60408,2,9,0,18,0,0,0,0,0,0,1,1,6,2,73,10,1329,1,6,-1,1,-1
201501KF60409,1,9,0,18,0,2,0,0,0,0,1,1,1,2,23,5,1388,1,3,-1,1,-1
201501KF60410,1,9,0,18,0,0,0,0,0,0,1,1,6,2,-1,-1,1596,1,5,-1,-1,-1
201501KF60412,1,19,0,2,0,2,0,0,0,0,2,1,6,1,49,8,-1,-1,-1,-1,1,-1
201501KF60412,2,9,0,7,0,2,0,4,0,0,1,1,6,1,-1,-1,1364,1,6,-1,-1,-1
201501KF60415,1,11,0,5,0,0,0,0,0,0,0,1,1,1,30,6,9360,2,5,-1,1,-1
201501KF60417,1,9,0,4,0,0,0,0,0,0,2,1,6,1,27,6,1396,1,12,-1,1,-1
201501KF60417,2,9,0,4,0,0,0,0,0,0,2,1,6,2,39,7,1968,2,5,-1,1,-1
201501KF60417,3,9,0,18,0,0,0,0,0,0,1,1,1,1,59,9,1598,2,7,-1,1,-1
201501KF60418,1,9,0,4,0,2,0,0,0,0,2,1,2,2,35,6,1339,1,10,-1,1,-1
201501KF60418,2,9,0,18,0,2,0,0,0,0,1,1,6,1,-1,-1,-1,-1,-1,-1,-1,-1
201501KF60419,1,9,0,3,0,1,0,0,0,0,2,1,6,2,38,7,1596,1,16,-1,1,-1
201501KF60419,2,9,0,18,0,1,0,0,0,0,1,1,6,1,-1,-1,1499,2,2,-1,1,-1
201501KF60420,1,9,0,3,0,1,0,0,0,0,2,1,6,1,72,10,1995,2,7,-1,1,-1
201501KF60420,2,9,0,18,0,1,0,0,0,0,1,1,6,1,-1,-1,1323,1,15,-1,1,-1
201501KF60421,1,9,0,18,0,8,0,0,0,0,3,1,6,1,35,6,1388,1,6,-1,1,-1
201501KF60421,2,10,0,9,0,8,0,0,0,0,1,1,1,1,68,10,-1,-1,-1,-1,1,-1
201501KF60422,1,9,0,18,0,1,0,0,0,0,1,1,6,3,-1,-1,-1,-1,-1,-1,-1,-1
201501KF60423,1,8,0,5,0,2,0,0,0,0,1,1,1,1,44,7,1997,2,6,-1,1,-1
201501KF60424,1,9,0,18,0,0,0,0,0,0,1,1,6,2,-1,-1,1497,8,2,-1,-1,-1
201501KF60425,1,11,0,18,0,1,0,0,0,0,0,1,1,1,-1,-1,-1,-1,-1,-1,-1,-1
201501KF60426,1,9,0,4,0,1,0,0,0,0,2,1,6,1,45,7,1398,1,11,-1,-1,-1
201501KF60426,2,9,0,4,0,1,0,0,0,0,1,1,6,1,27,6,1796,1,8,-1,-1,-1
201501KF60427,1,9,0,18,0,1,0,0,0,0,1,1,6,1,35,6,1598,2,1,-1,-1,-1
201501KF60428,1,9,0,18,0,8,0,0,0,0,1,1,6,1,57,9,1798,8,-1,-1,1,-1
201501KF60428,2,9,0,18,0,8,1,0,0,0,1,1,6,3,-1,-1,1997,2,5,-1,-1,-1
201501KF60429,1,9,0,18,0,0,0,0,0,0,1,1,6,1,60,9,1598,1,12,-1,1,-1
201501KF60430,1,9,0,18,0,1,0,0,0,0,1,1,6,1,-1,-1,-1,-1,-1,-1,-1,-1
201501KF60430,2,1,0,18,0,1,0,0,0,0,3,1,6,2,18,4,-1,-1,-1,-1,1,-1
201501KF60431,1,9,0,17,0,8,0,0,0,0,2,1,6,2,20,4,1598,1,11,-1,1,-1
201501KF60431,2,9,0,17,0,8,0,0,0,0,1,1,6,3,-1,-1,1197,1,5,-1,-1,-1
201501KF60432,1,9,0,3,0,0,0,0,0,0,1,1,6,1,33,6,1560,2,10,-1,1,-1
201501KF60432,2,9,0,1,0,0,0,0,0,0,2,1,6,1,-1,-1,-1,-1,-1,-1,-1,-1
201501KF60433,1,9,0,18,0,8,0,0,0,0,3,1,6,1,28,6,1598,1,5,-1,1,-1
201501KF60433,2,9,0,18,0,8,0,0,0,0,1,1,6,1,21,5,-1,-1,-1,-1,1,-1
201501KF60434,1,9,0,13,0,1,0,10,1,10,1,1,6,1,19,4,1796,1,12,-1,1,-1
201501KF60434,2,9,0,18,0,1,0,0,0,0,2,1,6,1,18,4,1398,1,5,-1,1,-1
201501KF60435,1,9,0,18,0,1,0,0,0,0,1,1,6,1,52,8,1598,1,10,-1,1,-1
201501KF60436,1,9,0,9,0,8,0,0,0,0,1,1,6,2,20,4,1242,1,1,-1,1,-1
201501KF60436,2,3,0,18,0,8,0,0,0,0,1,1,6,1,20,4,102,1,8,-1,1,-1
201501KF60437,1,1,0,18,0,1,0,10,0,0,4,1,6,1,25,5,-1,-1,-1,-1,1,-1
201501KF60438,1,19,0,18,0,8,0,0,0,0,1,1,6,1,38,7,1995,2,5,-1,1,-1
201501KF60438,2,1,0,17,0,8,0,0,0,0,4,1,6,1,45,7,-1,-1,-1,-1,1,-1
201501KF60439,1,4,0,3,0,0,0,0,0,0,2,1,2,1,28,6,782,1,-1,-1,1,-1
201501KF60439,2,5,0,18,0,0,0,0,0,0,1,1,2,1,56,9,-1,-1,-1,-1,1,-1
201501KF60440,1,3,0,18,0,0,1,0,0,0,3,1,1,1,27,6,125,1,-1,-1,1,-1
201501KF60440,2,9,0,5,0,0,0,0,0,0,0,1,6,1,32,6,1339,1,12,-1,1,-1
201501KF60441,1,19,0,9,0,8,0,0,0,0,3,1,6,2,50,8,2402,2,11,-1,1,-1
201501KF60441,2,9,0,18,0,8,0,0,0,0,1,1,6,2,49,8,1794,1,13,-1,1,-1
201501KF60442,1,9,0,18,0,0,0,0,0,0,1,1,6,2,64,9,1598,1,7,-1,1,-1
201501KF60444,1,9,0,18,0,8,0,0,0,0,3,1,6,1,35,6,1896,2,14,-1,-1,-1
201501KF60444,2,9,0,9,0,8,0,0,0,0,1,1,6,3,-1,-1,-1,-1,-1,-1,-1,-1
201501KF60445,1,9,0,18,9,2,0,10,1,10,1,1,6,2,21,5,1598,1,11,-1,1,-1
201501KF60446,1,1,0,18,0,8,0,0,0,0,1,1,6,1,-1,-1,-1,-1,-1,-1,-1,-1
201501KF60446,2,9,0,7,0,8,0,0,0,0,4,1,6,2,-1,-1,-1,-1,-1,-1,-1,-1
201501KF60447,1,11,0,3,0,0,0,0,0,0,3,1,1,1,50,8,8268,2,12,-1,1,-1
201501KF60447,2,9,0,14,0,0,0,0,0,0,4,1,6,1,33,6,1796,1,2,-1,-1,-1
201501KF60448,1,9,0,18,0,2,0,0,0,0,1,1,6,1,31,6,1685,2,1,-1,1,-1
201501KF60449,1,9,0,17,0,0,0,7,0,0,1,1,6,1,25,5,1242,1,6,-1,1,-1
201501KF60450,1,9,0,18,0,0,0,0,0,0,4,1,6,2,48,8,1242,1,17,-1,1,-1
201501KF60451,1,9,0,18,0,0,0,0,0,0,4,1,2,1,32,6,1229,1,3,-1,1,-1
201501KF60451,2,21,1,12,0,0,0,0,0,0,3,2,1,1,30,6,-1,-1,-1,-1,-1,-1
201501KF60452,1,9,0,3,0,2,0,0,0,0,2,1,6,2,51,8,1299,1,13,-1,1,-1
201501KF60452,2,9,0,18,0,2,0,0,0,0,1,1,6,1,-1,-1,-1,-1,-1,-1,-1,-1
201501KF60453,1,3,0,18,0,8,0,0,0,0,3,1,6,1,52,8,125,1,1,-1,1,-1
201501KF60453,2,9,0,9,0,8,0,0,0,0,1,1,6,1,35,6,1988,1,11,-1,1,-1
201501KF60454,1,2,0,4,0,0,0,0,0,0,2,1,6,1,16,4,124,1,14,-1,1,-1
201501KF60454,2,21,1,18,0,0,0,0,0,0,1,1,1,1,42,7,6692,2,3,-1,1,-1
201501KF60455,1,8,0,18,0,1,0,0,0,0,2,1,1,1,37,7,2143,2,4,-1,1,-1
201501KF60455,2,19,0,18,0,1,0,0,0,0,1,1,6,1,34,6,1560,2,2,-1,3,-1
201501KF60456,1,9,0,3,0,0,0,0,0,0,2,1,6,2,32,6,1600,1,4,-1,1,-1
201501KF60456,2,9,0,4,0,0,0,0,0,0,2,1,2,2,34,6,1995,2,1,-1,1,-1
201501KF60456,3,9,0,18,0,0,0,0,0,0,1,1,6,1,51,8,1783,1,14,-1,1,-1
201501KF60457,1,9,0,18,0,0,0,4,0,0,3,1,6,2,50,8,1796,1,9,-1,-1,-1
201501KF60457,2,9,0,2,0,0,0,0,0,0,3,1,6,1,42,7,1956,2,3,-1,-1,-1
201501KF60458,1,9,0,18,0,0,0,0,0,0,4,1,6,2,40,7,1769,1,13,-1,1,-1
201501KF60459,1,9,0,7,0,5,0,0,0,0,4,1,6,3,-1,-1,1995,2,9,-1,-1,-1
201501KF60459,2,1,0,18,4,1,0,0,0,0,3,1,2,1,44,7,-1,-1,-1,-1,1,-1
201501KF60460,1,11,0,18,0,8,0,0,0,0,0,1,1,1,45,7,4500,2,5,-1,1,-1
201501KF60461,1,11,0,3,0,0,0,0,0,0,0,1,1,1,39,7,9000,2,6,-1,1,-1
201501KF60462,1,1,0,18,0,1,0,0,0,0,2,1,2,1,26,6,-1,-1,-1,-1,1,-1
201501KF60462,2,9,0,18,0,1,0,0,0,0,1,1,6,1,-1,-1,1798,8,-1,-1,-1,-1
201501KF60465,1,9,0,4,0,0,0,0,0,0,2,1,6,1,50,8,1995,2,5,-1,1,-1
201501KF60465,2,9,0,18,0,0,0,0,0,0,1,1,6,2,49,8,1595,1,14,-1,1,-1
201501KF60467,1,11,0,18,0,0,0,0,0,0,0,1,1,1,43,7,9400,2,10,-1,-1,-1
201501KF60469,1,9,0,18,0,8,0,0,0,0,3,1,6,1,21,5,1596,1,9,-1,1,-1
201501KF60469,2,9,0,18,0,8,0,0,0,0,1,1,6,1,18,4,998,1,6,-1,1,-1
201501KF60471,1,3,0,17,0,8,0,0,0,0,2,1,6,2,24,5,125,1,1,-1,1,-1
201501KF60471,2,9,0,17,0,8,0,0,0,0,1,1,6,1,23,5,1596,1,10,-1,1,-1
201501KF60472,1,4,0,18,0,0,0,0,0,0,1,1,6,1,22,5,-1,-1,-1,-1,-1,-1
201501KF60473,1,9,0,18,0,8,0,0,0,0,1,1,2,1,47,8,1896,2,9,-1,1,-1
201501KF60473,2,9,0,9,0,8,0,0,0,0,3,1,2,2,36,7,1598,1,8,-1,1,-1
201501KF60474,1,9,0,18,0,8,0,0,0,0,1,1,6,1,62,9,-1,-1,-1,-1,1,-1
201501KF60474,2,9,0,2,0,8,0,0,0,0,3,1,6,1,41,7,-1,-1,-1,-1,-1,-1
201501KF60475,1,9,0,18,0,1,0,0,0,0,1,1,6,2,24,5,1598,1,12,-1,1,-1
201501KF60475,2,9,0,18,0,2,0,0,0,0,1,1,6,1,19,4,1986,2,10,-1,1,-1
201501KF60476,1,2,0,18,0,0,0,0,0,0,3,1,6,1,44,7,124,1,15,-1,1,-1
201501KF60477,1,9,0,4,0,0,0,0,0,0,2,1,6,2,23,5,1124,1,10,-1,1,-1
201501KF60477,2,9,0,18,0,0,0,0,0,0,1,1,6,2,30,6,-1,-1,-1,-1,-1,-1
201501KF60478,1,11,0,3,0,0,0,0,0,0,0,1,1,2,40,7,8268,2,12,-1,1,-1
201501KF60479,1,1,0,18,0,8,0,0,0,0,1,1,6,1,24,5,-1,-1,-1,-1,1,-1
201501KF60479,2,9,0,9,0,8,0,0,0,0,3,1,6,1,-1,-1,1388,1,3,-1,-1,-1
201501KF60480,1,3,0,18,0,8,0,0,0,0,4,1,6,1,-1,-1,125,1,1,-1,1,-1
201501KF60481,1,9,0,18,0,8,0,0,0,0,1,1,6,1,34,6,1997,2,11,-1,1,-1
201501KF60481,2,9,0,7,0,8,0,0,0,0,3,1,6,1,-1,-1,1598,1,8,-1,1,-1
201501KF60482,1,9,0,3,0,1,0,0,0,0,4,1,6,2,24,5,1389,1,13,-1,1,-1
201501KF60482,2,9,0,15,0,1,0,0,0,0,3,1,6,3,-1,-1,-1,-1,-1,-1,-1,-1
201501KF60483,1,9,0,9,0,8,0,0,0,0,4,1,6,2,29,6,1598,1,10,-1,1,-1
201501KF60483,2,9,0,18,0,8,0,0,0,0,1,1,6,1,33,6,1997,2,5,-1,1,-1
201501KF60484,1,9,0,9,0,8,0,0,0,0,1,1,6,1,-1,-1,1229,1,7,-1,-1,-1
201501KF60484,2,1,0,18,0,8,0,0,0,0,3,1,6,1,33,6,-1,-1,-1,-1,1,-1
201501KF60485,1,9,0,5,0,0,0,0,0,0,1,1,2,2,58,9,1329,1,2,-1,1,-1
201501KF60486,1,9,0,9,0,8,0,0,0,0,1,1,6,2,36,7,1461,2,4,-1,1,-1
201501KF60486,2,3,0,18,0,8,0,0,0,0,4,1,6,1,25,5,-1,-1,-1,-1,3,-1
201501KF60487,1,1,0,18,0,2,0,8,0,0,1,1,6,1,56,9,-1,-1,-1,-1,1,-1
201501KF60487,2,9,0,2,0,2,0,0,0,0,3,1,1,1,34,6,998,1,15,-1,1,-1
201501KF60488,1,9,0,18,0,1,0,0,0,0,1,1,6,3,-1,-1,-1,-1,-1,-1,-1,-1
201501KF60489,1,9,0,18,0,2,0,0,0,0,4,1,6,1,43,7,1598,1,11,-1,1,-1
201501KF60491,1,9,0,18,0,2,0,0,0,0,1,1,6,1,25,5,-1,-1,-1,-1,1,-1
201501KF60492,1,9,0,13,0,8,0,10,7,0,3,1,1,1,30,6,1560,2,-1,-1,1,-1
201501KF60492,2,9,0,9,0,8,0,0,0,0,1,1,6,1,21,5,1686,2,11,-1,1,-1
201501KF60493,1,9,0,7,0,8,0,0,0,0,1,1,6,1,-1,-1,1596,1,10,-1,-1,-1
201501KF60493,2,3,0,18,0,8,0,0,0,0,4,1,6,1,31,6,125,1,5,-1,1,-1
201501KF60495,1,9,0,1,0,8,0,0,0,0,2,1,6,2,21,5,-1,-1,-1,-1,1,-1
201501KF60496,1,9,0,5,0,8,0,0,0,0,1,1,6,1,27,6,1686,2,12,-1,1,-1
201501KF60496,2,9,0,2,0,8,0,0,0,0,2,1,6,1,-1,-1,-1,-1,-1,-1,-1,-1
201501KF60497,1,9,0,18,0,8,0,0,0,0,1,1,6,1,45,7,998,1,3,-1,1,-1
201501KF60497,2,9,0,18,0,8,0,0,0,0,4,1,6,1,45,7,1689,2,11,-1,1,-1
201501KF60499,1,9,0,18,0,8,0,0,0,0,1,1,6,1,36,7,1490,1,23,-1,1,-1
201501KF60499,2,9,0,9,0,8,0,0,0,0,4,1,6,1,36,7,1995,2,8,-1,1,-1
201501KF60500,1,9,0,4,0,8,0,0,0,0,2,1,6,1,40,7,1398,1,12,-1,1,-1
201501KF60500,2,9,0,18,0,8,0,0,0,0,1,1,6,1,-1,-1,1149,1,13,-1,-1,-1
201501KF60501,1,9,0,9,0,8,0,0,0,0,3,1,6,1,21,5,1598,2,2,-1,1,-1
201501KF60501,2,2,0,18,0,8,0,0,0,0,1,1,6,1,24,5,124,1,5,-1,1,-1
201501KF60502,1,9,0,18,0,8,0,0,0,0,1,1,6,1,27,6,2143,2,-1,-1,1,-1
201501KF60503,1,9,0,18,0,0,0,0,0,0,2,1,6,1,25,5,1986,2,8,-1,1,-1
201501KF60503,2,3,0,18,0,0,0,0,0,0,3,1,6,1,31,6,-1,-1,-1,-1,-1,-1
201501KF60503,3,3,0,18,0,0,0,0,0,0,4,1,6,1,21,5,-1,-1,-1,-1,-1,-1
201501KF60504,1,9,0,17,0,8,0,0,0,0,2,1,6,1,37,7,1995,2,2,-1,1,-1
201501KF60504,2,9,0,17,0,8,0,0,0,0,1,1,6,2,53,8,2253,1,14,-1,1,-1
201501KF60505,1,8,0,12,0,8,0,10,4,6,3,1,1,1,43,7,-1,-1,-1,-1,1,-1
201501KF60505,2,19,0,18,0,8,0,0,0,0,1,1,1,1,-1,-1,-1,-1,-1,-1,1,-1
201501KF60506,1,3,0,18,0,2,0,0,0,0,4,1,6,1,29,6,-1,-1,-1,-1,1,-1
201501KF60508,1,9,0,16,0,8,0,0,0,0,2,1,6,1,35,6,1598,1,10,-1,1,-1
201501KF60508,2,9,0,16,0,8,0,0,0,0,2,1,6,1,21,5,1598,1,7,-1,1,-1
201501KF60508,3,9,0,16,0,8,0,0,0,0,1,1,6,1,23,5,1796,1,10,-1,1,-1
201501KF60509,1,11,0,18,0,8,0,0,0,0,0,1,1,1,25,5,-1,-1,-1,-1,1,-1
201501KF60510,1,9,0,18,0,0,0,10,1,10,4,1,6,1,34,6,1769,1,11,-1,1,-1
201501KF60510,2,9,0,2,0,0,0,0,0,0,3,1,6,2,24,5,-1,-1,-1,-1,1,-1
201501KF60510,3,9,0,2,0,0,0,0,0,0,3,1,6,1,62,9,1597,1,17,-1,-1,-1
201501KF60511,1,4,0,18,0,8,0,0,0,0,1,1,6,1,36,7,649,1,1,-1,1,-1
201501KF60511,2,9,0,9,0,8,0,0,0,0,3,1,6,1,48,8,4619,1,17,-1,1,-1
201501KF60512,1,9,0,4,0,8,0,0,0,0,2,1,6,2,51,8,1598,1,7,-1,1,-1
201501KF60512,2,9,0,18,0,8,0,0,0,0,1,1,6,1,-1,-1,-1,-1,-1,-1,-1,-1
201501KF60513,1,9,0,2,0,8,0,0,0,0,3,1,6,1,25,5,1968,2,11,-1,1,-1
201501KF60513,2,1,0,18,0,8,0,0,0,0,1,1,6,1,54,8,-1,-1,-1,-1,1,-1
201501KF60514,1,9,0,4,0,8,0,0,0,0,3,1,6,1,42,7,1995,2,10,-1,1,-1
201501KF60514,2,9,0,15,0,8,0,0,0,0,4,1,6,1,-1,-1,-1,-1,-1,-1,-1,-1
201501KF60515,1,1,0,18,0,0,0,0,0,0,3,1,6,1,37,7,-1,-1,-1,-1,1,-1
201501KF60515,2,9,0,13,0,0,0,0,0,0,4,1,6,2,-1,-1,1798,1,8,-1,-1,-1
201501KF60518,1,9,0,4,0,8,0,0,0,0,2,1,6,1,45,7,1956,2,2,-1,1,-1
201501KF60518,2,9,0,18,0,8,0,0,0,0,1,1,6,1,41,7,1997,1,6,-1,-1,-1
201501KF60520,1,9,0,18,0,8,0,0,0,0,1,1,6,1,19,4,1796,1,10,-1,1,-1
201501KF60520,2,9,0,6,0,8,0,0,0,0,3,1,6,1,-1,-1,1995,2,8,-1,-1,-1
201501KF60522,1,3,0,18,0,8,0,0,0,0,1,1,2,1,22,5,-1,-1,-1,-1,1,-1
201501KF60522,2,9,0,9,0,8,0,0,0,0,1,1,6,1,-1,-1,1995,2,8,-1,-1,-1
201501KF60523,1,1,0,18,0,8,0,0,0,0,3,1,6,1,37,7,-1,-1,-1,-1,1,-1
201501KF60523,2,9,0,9,0,8,0,0,0,0,1,1,6,1,26,6,1368,1,5,-1,1,-1
201501KF60524,1,19,0,18,0,0,0,0,0,0,1,1,6,1,22,5,2198,2,2,-1,1,-1
201501KF60524,2,9,0,3,0,0,0,0,0,0,2,1,6,2,34,6,1461,2,1,-1,1,-1
201501KF60524,3,9,0,3,0,0,0,0,0,0,2,1,6,1,48,8,1956,2,1,-1,1,-1
201501KF60525,1,1,0,18,0,8,0,0,0,0,3,1,6,1,40,7,-1,-1,-1,-1,1,-1
201501KF60525,2,9,0,7,0,8,0,0,0,0,4,1,6,2,-1,-1,-1,-1,-1,-1,-1,-1
201501KF60527,1,9,0,18,0,1,0,0,0,0,1,1,6,3,-1,-1,-1,-1,-1,-1,-1,-1
201501KF60528,1,19,0,18,0,1,0,0,0,0,2,1,6,1,45,7,1560,2,1,-1,-1,-1
201501KF60528,2,9,0,18,0,1,0,0,0,0,1,1,6,2,50,8,1339,1,9,-1,-1,-1
201501KF60529,1,9,0,18,0,1,0,0,0,0,1,1,6,3,-1,-1,-1,-1,-1,-1,-1,-1
201501KF60530,1,9,0,1,0,0,0,0,0,0,2,1,6,1,-1,-1,1796,1,10,-1,-1,-1
201501KF60531,1,9,0,18,0,0,0,0,0,0,3,1,6,1,33,6,2993,2,9,-1,1,-1
201501KF60532,1,9,0,18,0,8,0,0,0,0,4,1,6,1,29,6,-1,-1,-1,-1,1,-1
201501KF60533,1,1,0,18,0,8,0,0,0,0,1,1,6,1,30,6,-1,-1,-1,-1,1,-1
201501KF60535,1,9,0,9,0,8,0,0,0,0,1,1,6,1,28,6,1995,2,5,-1,1,-1
201501KF60535,2,1,0,18,0,8,0,0,0,0,3,1,6,1,52,8,-1,-1,-1,-1,1,-1
201501KF60536,1,9,0,11,0,0,0,0,0,0,4,1,6,1,40,7,-1,-1,-1,-1,1,-1
201501KF60536,2,2,0,18,0,0,0,0,0,0,3,1,6,1,44,7,124,1,15,-1,1,-1
201501KF60537,1,9,0,18,0,1,0,0,0,0,1,1,6,2,31,6,1995,1,8,-1,1,-1
201501KF60538,1,9,0,9,0,8,0,0,0,0,4,1,6,1,55,8,1796,1,12,-1,1,-1
201501KF60539,1,8,0,10,0,8,0,0,0,0,3,1,1,1,45,7,1497,8,10,-1,1,-1
201501KF60539,2,9,0,18,0,8,0,0,0,0,4,1,6,1,-1,-1,1598,1,15,-1,-1,-1
201501KF60540,1,3,0,18,0,0,0,0,0,0,4,1,6,1,25,5,-1,-1,-1,-1,1,-1
201501KF60540,2,9,0,5,0,0,0,0,0,0,3,1,6,1,26,6,1796,1,10,-1,1,-1
201501KF60541,1,9,0,3,0,0,0,0,0,0,2,1,6,2,39,7,1995,2,4,-1,1,-1
201501KF60541,2,9,0,18,0,0,0,0,0,0,1,1,6,1,-1,-1,1390,1,6,-1,-1,-1
201501KF60542,1,9,0,18,0,1,0,0,0,0,1,1,6,1,24,5,2987,2,1,-1,1,-1
201501KF60542,2,9,0,4,0,1,0,0,0,0,2,1,6,2,58,9,1328,1,12,-1,1,-1
201501KF60543,1,9,0,18,0,0,1,0,2,7,1,1,6,1,27,6,998,1,16,-1,1,-1
201501KF60543,2,9,0,18,0,0,0,0,0,0,0,1,6,3,-1,-1,-1,-1,-1,-1,-1,-1
201501KF60544,1,21,0,4,0,0,0,0,0,0,2,1,6,1,25,5,10837,2,-1,-1,1,-1
201501KF60544,2,9,0,4,0,0,0,0,0,0,1,1,1,1,37,7,1995,2,6,-1,1,-1