Accident_Index,Vehicle_Reference,Vehicle_Type,Towing_and_Articulation,Vehicle_Manoeuvre,Vehicle_Location-Restricted_Lane,Junction_Location,Skidding_and_Overturning,Hit_Object_in_Carriageway,Vehicle_Leaving_Carriageway,Hit_Object_off_Carriageway,1st_Point_of_Impact,Was_Vehicle_Left_Hand_Drive?,Journey_Purpose_of_Driver,Sex_of_Driver,Age_of_Driver,Age_Band_of_Driver,Engine_Capacity_(CC),Propulsion_Code,Age_of_Vehicle,Driver_IMD_Decile,Driver_Home_Area_Type,Vehicle_IMD_Decile
201501LX50279,2,3,0,18,0,8,0,0,0,0,1,1,6,2,32,6,-1,-1,-1,-1,1,-1
201501LX50281,1,9,0,9,0,8,0,0,0,0,1,1,6,2,30,6,1388,1,11,-1,1,-1
201501LX50281,2,1,0,18,0,8,0,0,0,0,1,1,6,1,-1,-1,-1,-1,-1,-1,1,-1
201501LX50282,1,9,0,7,0,8,0,0,0,0,4,1,6,3,-1,-1,1242,1,10,-1,-1,-1
201501LX50282,2,1,0,18,0,8,0,0,0,0,1,1,6,1,30,6,-1,-1,-1,-1,-1,-1
201501LX50283,1,1,0,18,0,0,0,2,0,0,3,1,6,1,21,5,-1,-1,-1,-1,1,-1
201501LX50283,2,9,0,11,0,0,0,0,0,0,4,1,6,1,-1,-1,-1,-1,-1,-1,-1,-1
201501LX50284,1,8,0,16,0,8,5,0,0,0,3,1,6,1,31,6,1896,2,6,-1,1,-1
201501LX50285,1,9,0,9,0,1,0,0,0,0,1,1,6,1,55,8,2995,1,3,-1,1,-1
201501LX50286,1,8,0,18,0,8,0,0,0,0,1,1,6,1,57,9,2402,2,13,-1,1,-1
201501LX50286,2,1,0,18,0,8,0,0,0,0,2,1,6,1,26,6,-1,-1,-1,-1,-1,-1
201501LX50287,1,9,0,9,0,8,0,0,0,0,3,1,6,2,31,6,1398,1,1,-1,1,-1
201501LX50287,2,3,0,13,0,8,0,0,0,0,4,1,6,1,37,7,125,1,2,-1,1,-1
201501LX50288,1,3,0,18,0,2,0,0,0,0,1,1,6,1,31,6,124,1,2,-1,1,-1
201501LX50289,1,9,0,18,0,8,0,0,0,0,1,1,6,1,31,6,1596,1,9,-1,1,-1
201501LX50289,2,3,0,15,0,8,0,0,0,0,1,1,6,1,26,6,125,1,7,-1,1,-1
201501LX50291,1,1,0,18,0,0,0,0,0,0,0,1,6,1,50,8,-1,-1,-1,-1,1,-1
201501LX50291,2,11,0,13,0,0,0,0,0,0,0,1,1,3,-1,-1,-1,-1,-1,-1,-1,-1
201501LX50293,1,19,0,18,0,8,0,0,0,0,1,1,6,1,26,6,2198,2,2,-1,1,-1
201501LX50293,2,9,0,3,0,8,0,0,0,0,2,1,6,2,23,5,1348,1,14,-1,1,-1
201501LX50293,3,19,0,3,0,8,0,0,0,0,2,1,6,1,26,6,2143,2,2,-1,1,-1
201501LX50294,1,3,0,18,0,0,0,0,0,0,1,1,6,1,26,6,125,1,3,-1,-1,-1
201501LX50294,2,8,0,6,0,0,0,0,0,0,3,1,6,1,45,7,2499,2,7,-1,1,-1
201501LX50295,1,9,0,18,0,1,0,0,0,0,1,1,6,2,47,8,1598,2,-1,-1,1,-1
201501LX50296,1,11,0,5,0,2,0,0,0,0,0,1,6,1,63,9,4500,2,-1,-1,1,-1
201501LX50298,1,3,0,13,0,8,0,0,0,0,4,1,6,1,26,6,124,1,6,-1,1,-1
201501LX50298,2,9,0,9,0,8,0,0,0,0,3,1,6,1,52,8,1596,1,9,-1,1,-1
201501LX50299,1,9,0,9,0,8,0,0,0,0,4,1,6,2,45,7,1149,1,10,-1,1,-1
201501LX50299,2,1,0,18,0,8,0,0,0,0,1,1,6,2,36,7,-1,-1,-1,-1,1,-1
201501LX50300,1,1,0,18,0,0,0,0,0,0,0,1,6,1,46,8,-1,-1,-1,-1,1,-1
201501LX50302,1,3,0,18,0,8,0,0,0,0,1,1,6,1,21,5,125,1,-1,-1,1,-1
201501LX50302,2,8,0,9,0,8,0,0,0,0,4,1,6,1,53,8,1797,8,5,-1,1,-1
201501LX50303,1,9,0,13,0,0,5,10,1,10,4,1,6,2,34,6,-1,-1,-1,-1,1,-1
201501LX50303,2,9,0,18,0,0,0,0,0,0,3,1,6,1,40,7,1968,2,4,-1,1,-1
201501LX50304,1,9,0,18,0,0,0,4,1,10,1,1,6,1,55,8,1398,1,3,-1,1,-1
201501LX50304,2,9,0,2,0,0,0,0,0,0,3,1,6,1,55,8,1598,1,7,-1,1,-1
201501LX50305,1,1,0,18,0,0,0,0,0,0,1,1,6,1,40,7,-1,-1,-1,-1,1,-1
201501LX50305,2,3,0,2,0,0,0,0,0,0,2,1,6,3,-1,-1,-1,-1,-1,-1,-1,-1
201501LX50306,1,11,0,4,0,0,0,0,0,0,0,1,1,1,49,8,4500,2,-1,-1,-1,-1
201501LX50307,1,5,0,18,0,8,0,0,0,0,1,1,6,1,21,5,125,1,9,-1,1,-1
201501LX50307,2,9,0,7,0,8,0,0,0,0,4,1,6,1,38,7,1390,1,12,-1,1,-1
201501LX50308,1,3,0,18,0,8,0,0,0,0,1,1,6,1,20,4,-1,-1,-1,-1,1,-1
201501LX50308,2,9,0,9,0,8,0,0,0,0,1,1,6,1,30,6,2996,1,4,-1,1,-1
201501LX50309,1,9,0,18,0,8,0,0,0,0,3,1,6,1,54,8,1769,1,12,-1,1,-1
201501LX50309,2,3,0,14,0,8,0,0,0,0,1,1,6,1,19,4,124,1,6,-1,1,-1
201501LX50310,1,9,0,18,0,8,0,0,0,0,1,1,6,1,29,6,1339,8,5,-1,-1,-1
201501LX50310,2,3,0,18,0,8,0,0,0,0,1,1,6,1,21,5,125,1,3,-1,1,-1
201501LX50310,3,8,0,9,0,8,0,0,0,0,4,1,6,1,41,7,2499,2,7,-1,1,-1
201501LX50311,1,9,0,9,0,8,0,0,0,0,1,1,6,1,38,7,1900,2,11,-1,1,-1
201501LX50311,2,1,0,18,0,8,0,0,0,0,1,1,6,2,39,7,-1,-1,-1,-1,1,-1
201501LX50312,1,9,0,2,0,8,0,0,0,0,4,1,6,1,36,7,1390,1,7,-1,1,-1
201501LX50312,2,9,0,1,0,8,0,0,0,0,2,1,6,1,-1,-1,2688,2,15,-1,-1,-1
201501LX50313,1,9,0,18,0,2,0,10,1,10,1,1,6,1,23,5,-1,-1,-1,-1,1,-1
201501LX50314,1,9,0,6,0,8,0,0,0,0,3,1,6,2,-1,-1,1796,1,2,-1,-1,-1
201501LX50314,2,3,0,18,0,8,0,0,0,0,1,1,6,1,35,6,124,1,7,-1,1,-1
201501LX50315,1,9,0,9,0,8,0,0,0,0,4,1,6,1,36,7,2995,1,12,-1,1,-1
201501LX50315,2,9,0,18,0,8,0,0,0,0,1,1,6,1,-1,-1,1242,1,14,-1,-1,-1
201501LX50316,1,9,0,6,0,0,0,0,0,0,3,1,6,2,32,6,1368,1,5,-1,1,-1
201501LX50316,2,1,0,18,0,0,0,0,0,0,1,1,6,1,32,6,-1,-1,-1,-1,1,-1
201501LX50317,1,3,0,3,0,1,0,0,0,0,2,1,1,1,35,6,-1,-1,-1,-1,1,-1
201501LX50317,2,9,0,4,0,1,0,0,0,0,1,1,6,1,44,7,2499,1,9,-1,1,-1
201501LX50318,1,11,0,4,0,8,0,0,0,0,0,1,1,1,55,8,7300,2,11,-1,1,-1
201501LX50319,1,3,0,15,0,8,0,0,0,0,1,1,6,2,-1,-1,125,1,1,-1,1,-1
201501LX50319,2,9,0,9,0,8,0,0,0,0,1,1,6,1,29,6,1598,2,3,-1,1,-1
201501LX50320,1,1,0,18,0,0,0,0,0,0,1,1,6,1,15,3,-1,-1,-1,-1,-1,-1
201501LX50321,1,1,0,18,0,8,0,0,0,0,1,1,6,2,28,6,-1,-1,-1,-1,1,-1
201501LX50321,2,9,0,9,0,8,0,0,0,0,4,1,6,2,21,5,1242,1,12,-1,1,-1
201501LX50322,1,9,0,5,0,0,0,0,0,0,3,1,6,1,35,6,2967,2,3,-1,1,-1
201501LX50322,2,5,0,18,0,0,0,0,0,0,1,1,6,1,41,7,-1,-1,-1,-1,1,-1
201501LX50323,1,3,0,18,0,2,0,0,0,0,1,1,1,1,64,9,108,1,1,-1,1,-1
201501LX50323,2,9,0,18,0,1,0,0,0,0,1,1,6,1,57,9,2720,2,10,-1,-1,-1
201501LX50324,1,11,0,18,0,1,0,0,0,0,1,1,1,1,50,8,-1,-1,-1,-1,1,-1
201501LX50324,2,11,0,9,0,1,0,0,0,0,2,1,1,1,42,7,6700,2,6,-1,1,-1
201501LX50325,1,1,0,4,0,8,0,0,0,0,2,1,6,1,35,6,-1,-1,-1,-1,1,-1
201501LX50325,2,9,0,18,0,8,0,0,0,0,1,1,6,2,-1,-1,-1,-1,-1,-1,-1,-1
201501LX50326,1,9,0,9,0,8,0,0,0,0,4,1,6,1,28,6,1598,2,5,-1,-1,-1
201501LX50326,2,9,0,18,0,8,0,0,0,0,1,1,6,1,46,8,1598,1,2,-1,1,-1
201501LX50327,1,3,0,18,0,8,0,0,0,0,1,1,6,1,28,6,125,1,2,-1,-1,-1
201501LX50327,2,9,0,9,0,8,0,0,0,0,4,1,6,1,42,7,-1,-1,-1,-1,1,-1
201501LX50329,1,9,0,18,0,8,0,0,0,0,1,1,6,1,28,6,1493,1,19,-1,-1,-1
201501LX50329,2,19,0,18,0,8,0,0,0,0,1,1,6,1,-1,-1,-1,-1,-1,-1,-1,-1
201501LX50330,1,2,0,18,0,0,0,0,0,0,4,1,6,1,25,5,-1,-1,-1,-1,1,-1
201501LX50331,1,1,0,18,0,8,0,0,0,0,1,1,6,1,48,8,-1,-1,-1,-1,1,-1
201501LX50331,2,19,0,9,0,8,0,0,0,0,3,1,6,1,-1,-1,2402,2,5,-1,-1,-1
201501LX50332,1,9,0,18,0,0,0,0,0,0,3,1,6,1,31,6,-1,-1,-1,-1,1,-1
201501LX50333,1,9,0,9,0,8,0,0,0,0,4,1,6,1,25,5,-1,-1,-1,-1,-1,-1
201501LX50333,2,3,0,18,0,8,0,0,0,0,1,1,6,1,46,8,125,1,3,-1,1,-1
201501LX50334,1,9,0,9,0,8,0,0,0,0,3,1,6,1,22,5,1598,1,6,-1,1,-1
201501LX50334,2,1,0,18,0,8,0,0,0,0,1,1,6,2,36,7,-1,-1,-1,-1,1,-1
201501LX50335,1,8,0,2,0,1,0,0,0,0,3,1,1,1,44,7,1797,8,5,-1,1,-1
201501LX50335,2,1,0,14,0,1,0,8,0,0,1,1,6,1,32,6,-1,-1,-1,-1,1,-1
201501LX50336,1,9,0,18,0,8,0,0,0,0,4,1,6,1,44,7,1560,2,7,-1,1,-1
201501LX50337,1,9,0,18,0,0,0,0,0,0,4,1,6,1,30,6,2497,1,10,-1,-1,-1
201501LX50339,1,9,0,9,0,8,0,0,0,0,3,1,6,2,35,6,1390,1,14,-1,1,-1
201501LX50339,2,3,0,18,0,8,0,0,0,0,1,1,6,1,20,4,124,1,1,-1,1,-1
201501LX50340,1,9,0,18,0,8,0,0,0,0,3,1,6,2,52,8,2435,1,15,-1,-1,-1
201501LX50340,2,1,0,18,0,8,0,0,0,0,1,1,6,1,31,6,-1,-1,-1,-1,1,-1
201501LX50341,1,9,0,18,0,8,0,0,0,0,4,1,6,1,26,6,1995,2,6,-1,1,-1
201501LX50342,1,1,0,18,0,0,0,0,0,0,3,1,6,1,35,6,-1,-1,-1,-1,1,-1
201501LX50342,2,8,0,15,0,0,0,0,0,0,4,1,1,1,-1,-1,2402,2,11,-1,2,-1
201501LX50343,1,9,0,9,0,8,0,0,0,0,4,1,6,1,31,6,-1,-1,-1,-1,1,-1
201501LX50343,2,3,0,18,0,8,0,0,0,0,1,1,6,1,36,7,249,1,1,-1,1,-1
201501LX50344,1,9,0,4,0,8,0,0,0,0,2,1,6,2,55,8,1339,1,2,-1,1,-1
201501LX50344,2,3,0,18,0,8,0,0,0,0,1,1,6,1,-1,-1,125,1,2,-1,1,-1
201501LX50345,1,9,0,18,0,8,0,0,0,0,1,1,6,1,-1,-1,1968,2,8,-1,1,-1
201501LX50345,2,9,0,4,0,8,0,0,0,0,2,1,6,1,44,7,1400,2,7,-1,1,-1
201501LX50346,1,1,0,18,0,8,0,0,0,0,3,1,6,1,45,7,-1,-1,-1,-1,1,-1
201501LX50346,2,19,0,7,0,8,0,0,0,0,1,1,6,3,-1,-1,1248,2,6,-1,-1,-1
201501LX50347,1,5,0,4,0,2,0,0,0,0,1,1,6,1,20,4,-1,-1,-1,-1,1,-1
201501LX50347,2,3,0,4,0,2,0,0,0,0,2,1,6,2,18,4,124,1,3,-1,1,-1
201501LX50348,1,9,0,18,0,8,0,0,0,0,3,1,6,1,30,6,-1,-1,-1,-1,1,-1
201501LX50348,2,9,0,18,0,8,0,0,0,0,1,1,6,1,25,5,1598,1,12,-1,1,-1
201501LX50349,1,9,0,7,0,8,0,0,0,0,0,1,6,2,53,8,-1,-1,-1,-1,-1,-1
201501LX50349,2,11,0,4,0,8,0,0,0,0,0,1,1,1,-1,-1,6700,2,8,-1,-1,-1
201501LX50350,1,9,0,18,0,8,0,0,0,0,1,1,6,2,60,9,973,1,13,-1,-1,-1
201501LX50351,1,3,0,18,0,0,0,10,1,10,3,1,6,1,30,6,124,1,2,-1,1,-1
201501LX50352,1,11,0,4,0,0,0,0,0,0,2,1,6,1,-1,-1,4500,2,-1,-1,1,-1
201501LX50352,2,9,0,18,0,0,0,0,0,0,1,1,6,1,28,6,1390,1,2,-1,1,-1
201501LX50353,1,1,0,18,0,8,0,0,0,0,1,1,6,1,31,6,-1,-1,-1,-1,-1,-1
201501LX50353,2,19,0,9,0,8,0,0,0,0,4,1,1,1,32,6,2402,2,9,-1,-1,-1
201501LX50354,1,1,0,18,0,8,0,0,0,0,1,1,6,1,50,8,-1,-1,-1,-1,1,-1
201501LX50354,2,19,0,9,0,8,0,0,0,0,3,1,6,1,-1,-1,-1,-1,-1,-1,-1,-1
201501LX50355,1,11,0,2,0,0,0,0,0,0,0,1,6,1,55,8,-1,-1,-1,-1,1,-1
201501LX50356,1,9,0,15,0,0,0,0,0,0,4,1,6,1,-1,-1,3498,1,9,-1,-1,-1
201501LX50356,2,1,0,18,0,0,0,0,0,0,3,1,6,1,24,5,-1,-1,-1,-1,1,-1
201501LX50357,1,9,0,6,0,8,0,0,0,0,3,1,6,1,35,6,-1,-1,-1,-1,1,-1
201501LX50357,2,20,0,18,0,8,0,0,0,0,1,1,6,1,55,8,3920,2,2,-1,1,-1
201501LX50359,1,1,0,18,0,8,0,0,0,0,1,1,6,2,37,7,-1,-1,-1,-1,1,-1
201501LX50359,2,9,0,9,0,8,0,0,0,0,4,1,6,3,-1,-1,1248,2,7,-1,-1,-1
201501LX50360,1,19,0,18,0,1,0,0,0,0,1,1,1,1,33,6,2198,2,-1,-1,1,-1
201501LX50361,1,11,0,4,0,8,0,0,0,0,4,1,1,2,25,5,6700,2,5,-1,1,-1
201501LX50362,1,5,0,18,0,1,0,0,0,0,1,1,6,1,49,8,892,1,19,-1,2,-1
201501LX50364,1,3,0,18,0,1,0,0,0,0,1,1,6,1,36,7,124,1,12,-1,1,-1
201501LX50365,1,9,0,9,0,8,0,0,0,0,4,1,6,1,51,8,1600,1,8,-1,-1,-1
201501LX50365,2,1,0,18,0,8,0,0,0,0,1,1,6,1,27,6,-1,-1,-1,-1,-1,-1
201501LX50366,1,8,0,18,0,8,0,0,0,0,1,1,1,1,42,7,2499,2,1,-1,1,-1
201501LX50366,2,9,0,2,0,8,0,0,0,0,2,1,6,1,42,7,-1,-1,-1,-1,-1,-1
201501LX50366,3,9,0,2,0,8,0,0,0,0,2,1,6,1,35,6,-1,-1,-1,-1,1,-1
201501LX50366,4,9,0,2,0,8,0,0,0,0,2,1,6,2,28,6,2720,2,9,-1,1,-1
201501LX50367,1,9,0,3,0,1,0,0,0,0,2,1,1,1,32,6,-1,-1,-1,-1,1,-1
201501LX50367,2,1,0,18,0,1,0,0,0,0,1,1,6,1,48,8,-1,-1,-1,-1,1,-1
201501LX50368,1,19,0,1,0,2,0,0,0,0,2,1,1,1,55,8,2179,2,9,-1,1,-1
201501LX50368,2,1,0,3,0,1,0,0,0,0,1,1,6,2,28,6,-1,-1,-1,-1,1,-1
201501LX50369,1,9,0,7,0,8,0,0,0,0,4,1,6,1,32,6,-1,-1,-1,-1,1,-1
201501LX50369,2,1,0,18,0,8,0,0,0,0,1,1,6,1,51,8,-1,-1,-1,-1,1,-1
201501LX50372,1,9,0,18,0,2,0,0,0,0,1,1,6,1,53,8,1598,1,7,-1,1,-1
201501LX50373,1,4,0,18,0,1,0,0,0,0,3,1,1,1,20,4,-1,-1,-1,-1,1,-1
201501LX50373,2,20,4,18,0,1,0,0,0,0,4,1,6,3,-1,-1,-1,-1,-1,-1,-1,-1
201501LX50375,1,11,0,18,0,8,0,0,0,0,1,1,1,3,-1,-1,-1,-1,-1,-1,-1,-1
201501LX50375,2,9,0,7,0,8,0,0,0,0,3,1,6,2,-1,-1,1364,2,4,-1,1,-1
201501LX50376,1,1,0,18,0,8,0,0,0,0,1,1,6,2,25,5,-1,-1,-1,-1,1,-1
201501LX50376,2,9,0,9,0,8,0,0,0,0,4,1,6,2,-1,-1,1796,1,10,-1,-1,-1
201501LX50378,1,9,0,18,0,0,0,0,0,0,1,1,6,1,41,7,1985,1,13,-1,1,-1
201501LX50379,1,9,0,9,0,8,0,0,0,0,3,1,6,1,57,9,1396,1,19,-1,1,-1
201501LX50379,2,3,0,18,0,8,0,0,0,0,1,1,6,1,34,6,125,1,4,-1,1,-1
201501LX50380,1,9,0,3,0,0,0,0,0,0,2,1,6,1,37,7,1197,1,-1,-1,-1,-1
201501LX50380,2,9,0,18,0,0,0,0,0,0,1,1,6,1,-1,-1,-1,-1,-1,-1,-1,-1
201501LX50381,1,9,0,9,0,8,0,0,0,0,4,1,6,2,47,8,1560,2,1,-1,1,-1
201501LX50381,2,2,0,18,0,8,0,0,0,0,1,1,6,1,24,5,49,1,4,-1,-1,-1
201501LX50383,1,11,0,4,0,2,0,0,0,0,0,1,1,2,53,8,-1,-1,-1,-1,1,-1
201501LX50386,1,9,0,18,0,2,0,0,0,0,1,1,6,1,43,7,1598,1,9,-1,1,-1
201501LX50386,2,1,0,18,0,2,0,0,0,0,2,1,6,1,32,6,-1,-1,-1,-1,1,-1
201501LX50387,1,3,0,18,0,1,0,0,0,0,1,1,6,1,18,4,-1,-1,-1,-1,-1,-1
201501LX50387,2,9,0,18,0,1,0,0,0,0,2,1,6,1,29,6,-1,-1,-1,-1,1,-1
201501LX50388,1,9,0,4,0,1,0,0,0,0,1,1,6,1,28,6,1560,2,4,-1,1,-1
201501LX50388,2,9,0,3,0,1,0,0,0,0,2,1,6,2,48,8,1200,1,2,-1,-1,-1
201501LX50388,3,9,0,3,0,1,0,0,0,0,2,1,6,1,77,11,1596,1,9,-1,1,-1
201501LX50389,1,9,0,12,0,1,0,0,0,0,3,1,6,1,46,8,1896,2,21,-1,1,-1
201501LX50389,2,1,0,18,0,1,0,0,0,0,1,1,6,1,36,7,-1,-1,-1,-1,1,-1
201501LX50390,1,3,0,18,0,8,0,0,0,0,1,1,6,1,46,8,499,1,7,-1,3,-1
201501LX50390,2,9,0,9,0,8,0,0,0,0,4,1,6,1,-1,-1,1997,2,4,-1,-1,-1
201501LX50391,1,1,0,18,0,1,0,0,0,0,1,1,6,1,-1,-1,-1,-1,-1,-1,-1,-1
201501LX50392,1,1,0,18,0,8,0,0,0,0,1,1,6,2,27,6,-1,-1,-1,-1,-1,-1
201501LX50392,2,9,0,7,0,8,0,0,0,0,3,1,1,2,49,8,2143,2,3,-1,-1,-1
201501LX50394,1,9,0,18,0,1,0,0,0,0,1,1,6,3,-1,-1,-1,-1,-1,-1,-1,-1
201501LX50395,1,3,0,18,0,8,0,0,0,0,3,1,6,1,26,6,-1,-1,-1,-1,-1,-1
201501LX50396,1,9,0,18,0,2,0,0,0,0,1,1,6,1,22,5,1124,1,10,-1,1,-1
201501LX50397,1,9,0,6,0,2,0,0,0,0,3,1,6,1,57,9,2497,2,3,-1,1,-1
201501LX50397,2,9,0,18,0,1,0,0,0,0,1,1,1,1,44,7,1997,2,5,-1,1,-1
201501LX50398,1,9,0,18,0,1,0,0,0,0,1,1,6,1,51,8,2995,1,9,-1,1,-1
201501LX50399,1,9,0,9,0,8,0,0,0,0,3,1,6,2,50,8,1598,1,7,-1,1,-1
201501LX50399,2,1,0,18,0,8,0,0,0,0,1,1,6,1,41,7,-1,-1,-1,-1,1,-1
201501LX50400,1,1,0,18,0,8,0,0,0,0,3,1,6,2,53,8,-1,-1,-1,-1,-1,-1
201501LX50400,2,9,0,7,0,8,0,0,0,0,4,1,6,3,-1,-1,-1,-1,-1,-1,-1,-1
201501LX50402,1,9,0,18,0,8,0,0,0,0,4,1,6,1,34,6,1956,2,2,-1,1,-1
201501LX50404,1,3,0,18,0,8,0,0,0,0,1,1,6,1,25,5,125,1,-1,-1,1,-1
201501LX50404,2,9,0,4,0,8,0,0,0,0,2,1,6,1,42,7,1598,1,3,-1,1,-1
201501LX50405,1,1,0,18,0,8,0,0,0,0,2,1,6,1,22,5,-1,-1,-1,-1,1,-1
201501LX50405,2,9,0,18,0,8,0,0,0,0,1,1,6,1,-1,-1,-1,-1,-1,-1,-1,-1
201501LX50407,1,20,0,18,0,8,0,0,0,0,3,1,6,1,28,6,-1,-1,-1,-1,-1,-1
201501LX50407,2,1,0,9,0,8,0,0,0,0,4,1,6,1,33,6,-1,-1,-1,-1,1,-1
201501LX50408,1,9,0,4,0,8,0,0,0,0,2,1,6,1,70,10,1242,1,10,-1,1,-1
201501LX50408,2,9,0,18,0,8,0,0,0,0,1,1,6,1,62,9,1997,2,4,-1,1,-1
201501LX50409,1,9,0,18,0,8,0,0,0,0,1,1,6,2,48,8,1392,1,16,-1,1,-1
201501LX50409,2,9,0,9,0,8,0,0,0,0,4,1,6,2,41,7,2979,1,11,-1,1,-1
201501LX50410,1,11,0,4,0,1,0,0,0,0,0,1,1,2,25,5,-1,3,2,-1,1,-1
201501LX50411,1,9,0,1,0,8,0,0,0,0,2,1,6,2,30,6,1595,1,1,-1,1,-1
201501LX50411,2,1,0,9,0,8,0,0,0,0,3,1,6,1,46,8,-1,-1,-1,-1,1,-1
201501LX50412,1,9,0,3,0,1,0,0,0,0,2,1,6,2,22,5,-1,-1,-1,-1,1,-1
201501LX50412,2,9,0,4,0,1,0,0,0,0,1,1,6,1,-1,-1,1390,1,13,-1,-1,-1
201501LX50413,1,1,0,18,0,8,0,0,0,0,1,1,6,1,26,6,-1,-1,-1,-1,1,-1
201501LX50413,2,9,0,9,0,8,0,0,0,0,4,1,6,1,-1,-1,-1,-1,-1,-1,-1,-1
201501LX50414,1,1,0,18,0,8,0,0,0,0,1,1,6,1,55,8,-1,-1,-1,-1,1,-1
201501LX50414,2,9,0,7,0,8,0,0,0,0,4,1,6,1,38,7,1390,1,6,-1,1,-1
201501LX50415,1,9,0,18,0,1,0,0,0,0,1,1,6,1,21,5,4244,1,9,-1,1,-1
201501LX50416,1,9,0,1,0,0,0,0,0,0,0,1,6,3,-1,-1,1199,1,12,-1,-1,-1
201501LX50417,1,11,0,5,0,8,0,0,0,0,0,1,1,1,58,9,6700,2,5,-1,1,-1
201501LX50418,1,11,0,4,0,8,0,0,0,0,2,1,1,1,46,8,7300,2,12,-1,1,-1
201501LX50418,2,9,0,18,0,8,0,0,0,0,1,1,6,1,-1,-1,1968,2,2,-1,1,-1
201501LX50419,1,9,0,7,0,8,0,0,0,0,1,1,6,1,48,8,1399,2,3,-1,1,-1
201501LX50420,1,3,0,18,0,0,0,0,0,0,4,1,6,1,40,7,124,1,2,-1,1,-1
201501LX50420,2,9,0,12,0,0,0,0,0,0,3,1,6,3,-1,-1,-1,-1,-1,-1,-1,-1
201501LX50421,1,5,0,4,0,1,0,0,0,0,2,1,6,1,29,6,583,1,20,-1,1,-1
201501LX50421,2,9,0,4,0,1,0,0,0,0,1,1,6,1,24,5,1587,1,10,-1,1,-1
201501LX50422,1,9,0,9,0,8,0,0,0,0,4,1,6,2,21,5,-1,-1,-1,-1,1,-1
201501LX50422,2,5,0,18,0,8,0,0,0,0,1,1,6,1,27,6,599,1,8,-1,1,-1
201501LX50423,1,9,0,18,0,1,0,0,0,0,1,1,6,1,23,5,1596,1,11,-1,1,-1
201501LX50424,1,9,0,18,0,2,0,0,0,0,1,1,6,1,81,11,1299,1,17,-1,1,-1
201501LX50425,1,20,0,15,0,0,0,0,0,0,4,1,1,1,58,9,4500,2,1,-1,1,-1
201501LX50425,2,1,0,18,0,0,0,0,0,0,3,1,6,1,30,6,-1,-1,-1,-1,-1,-1
201501LX50426,1,11,0,4,0,1,0,0,0,0,1,1,1,1,61,9,6700,2,5,-1,1,-1
201501LX50426,2,8,0,3,0,1,0,0,0,0,2,1,1,1,30,6,1390,1,2,-1,1,-1
201501LX50427,1,19,0,18,0,8,0,0,0,0,3,1,6,1,38,7,2402,2,8,-1,1,-1
201501LX50427,2,9,0,18,0,8,0,0,0,0,4,1,6,1,20,4,973,1,12,-1,1,-1
201501LX50428,1,9,0,18,0,1,0,0,0,0,1,1,6,1,30,6,1749,1,15,-1,1,-1
201501LX50428,2,9,0,18,0,1,0,0,0,0,2,1,1,1,30,6,1598,1,9,-1,1,-1
201501LX50430,1,9,0,6,0,2,0,0,0,0,3,1,6,1,28,6,1299,1,14,-1,1,-1
201501LX50430,2,3,0,18,0,1,0,0,0,0,1,1,6,1,24,5,125,1,7,-1,1,-1
201501LX50431,1,5,0,18,0,1,0,0,0,0,1,1,6,1,43,7,1293,1,1,-1,1,-1
201501LX50432,1,9,0,4,0,1,0,0,0,0,1,1,6,1,38,7,-1,-1,-1,-1,1,-1
201501LX50432,2,9,0,3,0,1,0,0,0,0,2,1,6,1,51,8,1598,1,10,-1,1,-1
201501LX50433,1,1,0,18,0,8,0,0,0,0,4,1,6,1,46,8,-1,-1,-1,-1,-1,-1
201501LX50433,2,9,0,2,0,8,0,0,0,0,3,1,6,1,40,7,-1,-1,-1,-1,1,-1
201501LX50434,1,9,0,9,0,8,0,0,0,0,4,1,6,2,53,8,1968,2,2,-1,1,-1
201501LX50434,2,1,0,18,0,8,0,0,0,0,1,1,6,1,46,8,-1,-1,-1,-1,-1,-1
201501LX50436,1,9,0,4,0,8,0,0,0,0,2,1,6,2,44,7,1598,1,9,-1,1,-1
201501LX50436,2,9,0,18,0,8,0,0,0,0,1,1,6,1,-1,-1,1229,1,2,-1,1,-1
201501LX50439,1,4,0,18,0,1,0,0,0,0,1,1,6,1,24,5,125,1,8,-1,1,-1
201501LX50441,1,1,0,14,0,1,0,8,0,0,1,1,6,2,36,7,-1,-1,-1,-1,1,-1
201501LX50441,2,9,0,2,0,1,0,0,0,0,3,1,6,2,39,7,1995,2,2,-1,1,-1
201501LX50442,1,1,0,7,0,8,0,0,0,0,3,1,6,1,-1,-1,-1,-1,-1,-1,-1,-1
201501LX50442,2,9,0,18,0,8,0,0,0,0,1,1,6,1,-1,-1,-1,-1,-1,-1,-1,-1
201501LX50443,1,3,0,18,0,8,0,0,0,0,1,1,6,1,-1,-1,125,1,5,-1,1,-1
201501LX50443,2,9,0,18,0,8,0,0,0,0,3,1,6,1,28,6,1598,1,11,-1,1,-1
201501LX50444,1,1,0,18,0,1,0,0,0,0,3,1,6,1,30,6,-1,-1,-1,-1,1,-1
201501LX50444,2,1,0,18,0,1,0,0,0,0,4,1,6,1,-1,-1,-1,-1,-1,-1,-1,-1
201501LX50447,1,19,0,9,0,8,0,0,0,0,4,1,1,1,48,8,2402,2,5,-1,1,-1
201501LX50447,2,4,0,18,0,8,0,0,0,0,1,1,6,1,29,6,-1,-1,-1,-1,1,-1
201501LX50448,1,9,0,18,0,1,0,0,0,0,1,1,6,1,29,6,1995,1,12,-1,1,-1
201501LX50448,2,9,0,11,0,1,0,0,0,0,2,1,1,1,32,6,1798,8,-1,-1,-1,-1
201501LX50449,1,9,0,18,0,1,0,0,0,0,1,1,6,2,53,8,1596,1,13,-1,1,-1
201501LX50450,1,4,0,18,0,1,0,0,0,0,1,1,6,2,51,8,448,1,25,-1,1,-1
201501LX50452,1,9,0,18,0,1,0,0,0,0,3,1,6,2,28,6,1388,1,3,-1,1,-1