Accident_Index,Vehicle_Reference,Vehicle_Type,Towing_and_Articulation,Vehicle_Manoeuvre,Vehicle_Location-Restricted_Lane,Junction_Location,Skidding_and_Overturning,Hit_Object_in_Carriageway,Vehicle_Leaving_Carriageway,Hit_Object_off_Carriageway,1st_Point_of_Impact,Was_Vehicle_Left_Hand_Drive?,Journey_Purpose_of_Driver,Sex_of_Driver,Age_of_Driver,Age_Band_of_Driver,Engine_Capacity_(CC),Propulsion_Code,Age_of_Vehicle,Driver_IMD_Decile,Driver_Home_Area_Type,Vehicle_IMD_Decile
201501MM71023,2,9,0,9,0,8,0,0,0,0,0,1,6,3,-1,-1,-1,-1,-1,-1,-1,-1
201501MM71024,1,9,0,9,0,2,0,0,0,0,1,1,6,1,38,7,1497,8,8,-1,1,-1
201501MM71025,1,9,0,11,0,2,0,0,0,0,4,1,6,1,58,9,1560,2,-1,-1,1,-1
201501MM71025,2,1,0,18,0,2,0,0,0,0,3,1,6,2,41,7,-1,-1,-1,-1,1,-1
201501MM71026,1,9,0,4,0,1,0,0,0,0,2,1,6,1,48,8,1598,2,-1,-1,1,-1
201501MM71026,2,9,0,18,0,1,0,0,0,0,1,1,6,1,-1,-1,1968,2,2,-1,-1,-1
201501MM71027,1,3,0,18,0,8,0,7,0,0,1,1,6,1,22,5,108,1,3,-1,1,-1
201501MM71027,2,19,0,18,0,8,0,0,0,0,0,1,6,3,-1,-1,-1,-1,-1,-1,-1,-1
201501MM71028,1,19,0,18,0,0,0,0,0,0,4,1,6,1,28,6,2198,2,2,-1,1,-1
201501MM71029,1,9,0,18,0,8,0,0,0,0,1,1,6,2,61,9,1275,1,19,-1,1,-1
201501MM71029,2,9,0,9,0,8,0,0,0,0,4,1,6,1,50,8,1339,1,8,-1,1,-1
201501MM71030,1,9,0,18,0,1,0,0,0,0,4,1,6,2,20,4,1242,1,11,-1,1,-1
201501MM71030,2,19,0,18,0,1,0,0,0,0,3,1,6,1,55,8,9186,2,1,-1,-1,-1
201501MM71031,1,9,0,18,0,0,0,0,0,0,3,1,6,2,59,9,1242,1,5,-1,-1,-1
201501MM71031,2,1,0,18,0,0,0,0,0,0,1,1,6,1,14,3,-1,-1,-1,-1,-1,-1
201501MM71033,1,11,0,7,0,1,0,0,0,0,4,1,1,1,34,6,-1,-1,-1,-1,1,-1
201501MM71033,2,1,0,18,0,1,0,0,0,0,1,1,6,1,21,5,-1,-1,-1,-1,1,-1
201501MM71034,1,9,0,9,0,8,0,0,0,0,3,1,6,1,51,8,1995,2,7,-1,1,-1
201501MM71034,2,1,0,17,0,8,0,0,0,0,1,1,6,2,41,7,-1,-1,-1,-1,1,-1
201501MM71035,1,8,0,3,0,8,0,0,0,0,2,1,6,1,31,6,2499,2,2,-1,1,-1
201501MM71035,2,9,0,3,0,8,0,0,0,0,2,1,6,1,32,6,1997,2,4,-1,1,-1
201501MM71035,3,9,0,18,0,8,0,0,0,0,1,1,6,3,-1,-1,1299,1,12,-1,-1,-1
201501MM71036,1,9,0,7,0,1,0,0,0,0,1,1,6,1,34,6,1596,1,12,-1,1,-1
201501MM71036,2,3,0,8,0,1,0,0,0,0,2,1,6,1,48,8,124,1,-1,-1,1,-1
201501MM71037,1,19,0,9,0,1,0,0,0,0,1,1,1,1,45,7,2143,2,-1,-1,1,-1
201501MM71037,2,1,0,18,0,1,0,0,0,0,3,1,6,1,30,6,-1,-1,-1,-1,1,-1
201501MM71038,1,9,0,7,0,8,0,0,0,0,4,1,6,1,36,7,1595,1,4,-1,1,-1
201501MM71038,2,5,0,18,0,8,0,0,0,0,3,1,6,1,34,6,-1,-1,-1,-1,1,-1
201501MM71039,1,9,0,7,0,8,0,0,0,0,4,1,6,1,24,5,-1,-1,-1,-1,-1,-1
201501MM71039,2,1,0,18,0,8,0,0,0,0,1,1,6,2,40,7,-1,-1,-1,-1,-1,-1
201501MM71040,1,9,0,9,0,1,0,0,0,0,1,1,6,2,25,5,1598,2,-1,-1,-1,-1
201501MM71040,2,1,0,18,0,1,0,0,0,0,1,1,6,1,15,3,-1,-1,-1,-1,1,-1
201501MM71041,1,9,0,9,0,8,0,0,0,0,4,1,6,1,33,6,1461,2,8,-1,1,-1
201501MM71041,2,1,0,18,0,8,0,0,0,0,1,1,6,1,39,7,-1,-1,-1,-1,-1,-1
201501MM71042,1,9,0,11,0,0,0,0,0,0,4,1,6,1,35,6,1229,1,3,-1,1,-1
201501MM71043,1,11,0,2,0,1,0,0,0,0,0,1,1,1,51,8,-1,-1,-1,-1,1,-1
201501MM71044,1,9,0,3,0,0,0,0,0,0,2,1,6,2,42,7,1596,1,5,-1,1,-1
201501MM71044,2,11,0,4,0,0,0,0,0,0,1,1,6,1,61,9,8268,2,12,-1,1,-1
201501MM71045,1,5,0,15,2,1,0,0,0,0,3,1,6,1,58,9,748,1,9,-1,1,-1
201501MM71045,2,9,0,11,0,1,0,0,0,0,4,1,6,2,42,7,3628,2,8,-1,-1,-1
201501MM71046,1,3,0,18,0,1,1,0,0,0,2,1,6,1,19,4,125,1,3,-1,1,-1
201501MM71046,2,9,0,9,0,5,0,0,0,0,4,1,6,2,54,8,-1,-1,-1,-1,1,-1
201501MM71047,1,9,0,7,0,8,0,0,0,0,4,1,6,1,34,6,1560,2,4,-1,1,-1
201501MM71047,2,5,0,15,0,8,0,0,0,0,3,1,6,1,44,7,750,1,-1,-1,1,-1
201501MM71047,3,9,0,10,0,8,0,0,0,0,3,1,6,2,47,8,998,1,11,-1,1,-1
201501MM71048,1,11,0,5,0,8,0,0,0,0,1,1,1,1,49,8,8300,2,9,-1,1,-1
201501MM71048,2,9,0,7,0,8,0,0,0,0,4,1,6,2,-1,-1,-1,-1,-1,-1,-1,-1
201501MM71049,1,9,0,9,0,2,0,0,0,0,1,1,6,2,-1,-1,1386,1,7,-1,1,-1
201501MM71050,1,1,0,14,0,2,0,0,0,0,3,1,6,2,26,6,-1,-1,-1,-1,1,-1
201501MM71050,2,20,0,13,0,2,0,0,0,0,4,1,1,1,75,10,-1,-1,-1,-1,1,-1
201501MM71050,3,11,0,3,0,2,0,0,0,0,3,1,6,3,-1,-1,-1,-1,-1,-1,-1,-1
201501MM71051,1,11,0,18,0,2,0,0,0,0,4,1,1,1,45,7,6700,2,7,-1,1,-1
201501MM71053,1,3,0,18,0,1,0,0,0,0,4,1,6,1,38,7,124,1,3,-1,1,-1
201501MM71053,2,9,0,18,0,1,0,0,0,0,3,1,6,1,38,7,2987,2,8,-1,1,-1
201501MM71054,1,5,0,18,0,8,0,0,0,0,1,1,6,1,42,7,689,1,1,-1,-1,-1
201501MM71054,2,19,0,9,0,8,0,0,0,0,1,1,6,1,-1,-1,1598,2,3,-1,-1,-1
201501MM71055,1,9,0,3,0,1,0,0,0,0,2,1,6,1,21,5,1995,2,4,-1,1,-1
201501MM71055,2,9,0,4,0,1,0,0,0,0,1,1,6,1,45,7,1598,1,6,-1,1,-1
201501MM71057,1,9,0,7,0,8,0,0,0,0,4,1,6,1,34,6,1998,1,15,-1,1,-1
201501MM71057,2,3,0,18,0,8,0,0,0,0,3,1,6,1,22,5,125,1,7,-1,1,-1
201501MM71058,1,3,0,13,0,8,0,0,0,0,1,1,6,1,23,5,108,1,5,-1,1,-1
201501MM71058,2,9,0,9,0,8,0,0,0,0,3,1,6,1,-1,-1,1997,2,6,-1,-1,-1
201501MM71059,1,9,0,18,0,8,0,0,0,0,1,1,6,1,21,5,1796,1,8,-1,1,-1
201501MM71059,2,9,0,8,0,8,0,0,0,0,2,1,6,2,36,7,-1,-1,-1,-1,1,-1
201501MM71060,1,3,0,18,0,0,0,0,0,0,3,1,6,1,30,6,125,1,1,-1,1,-1
201501MM71060,2,9,0,18,0,0,0,0,0,0,4,1,6,1,28,6,1796,1,15,-1,1,-1
201501MM71061,1,9,0,4,0,8,0,0,0,0,2,1,6,1,30,6,1389,1,11,-1,1,-1
201501MM71061,2,3,0,18,0,8,0,0,0,0,1,1,6,1,46,8,-1,-1,-1,-1,1,-1
201501MM71062,1,9,0,3,0,0,0,0,0,0,2,1,6,1,46,8,2993,2,6,-1,1,-1
201501MM71062,2,9,0,4,0,0,0,0,0,0,1,1,6,1,-1,-1,-1,-1,-1,-1,1,-1
201501MM71064,1,5,0,18,0,1,0,0,0,0,3,1,6,1,25,5,-1,-1,-1,-1,1,-1
201501MM71065,1,3,0,17,0,0,0,0,0,0,0,1,6,1,32,6,125,1,-1,-1,1,-1
201501MM71066,1,9,0,5,0,1,0,0,0,0,2,1,6,1,41,7,1997,1,1,-1,1,-1
201501MM71066,2,3,0,5,0,1,0,0,0,0,1,1,6,1,27,6,278,1,4,-1,1,-1
201501MM71067,1,19,0,9,0,8,0,0,0,0,1,1,6,1,42,7,1998,2,10,-1,1,-1
201501MM71067,2,9,0,18,0,8,0,0,0,0,3,1,6,1,36,7,1395,1,1,-1,1,-1
201501MM71068,1,4,0,18,0,1,0,0,0,0,0,1,6,1,37,7,400,1,5,-1,1,-1
201501MM71070,1,3,0,18,0,8,0,9,0,0,0,1,6,1,16,4,124,1,3,-1,1,-1
201501MM71071,1,9,0,9,0,8,0,0,0,0,4,1,6,2,28,6,1598,1,4,-1,1,-1
201501MM71071,2,9,0,18,0,8,0,0,0,0,1,1,6,1,-1,-1,-1,-1,-1,-1,-1,-1
201501MM71073,1,9,0,6,0,2,0,0,0,0,3,1,6,1,19,4,1598,1,8,-1,1,-1
201501MM71073,2,3,0,18,0,2,0,0,0,0,1,1,6,1,20,4,-1,-1,-1,-1,1,-1
201501MM71074,1,9,0,18,0,8,0,0,0,0,3,1,6,2,-1,-1,-1,-1,-1,-1,-1,-1
201501MM71074,2,9,0,9,0,8,0,0,0,0,1,1,6,1,-1,-1,1668,1,9,-1,-1,-1
201501MM71076,1,9,0,9,0,8,0,0,0,0,3,1,6,1,54,8,1798,1,1,-1,-1,-1
201501MM71076,2,9,0,13,0,8,0,0,0,0,4,1,6,1,-1,-1,-1,-1,-1,-1,-1,-1
201501MM71077,1,5,0,18,0,8,0,0,0,0,3,1,6,1,55,8,748,1,4,-1,1,-1
201501MM71078,1,19,0,9,0,8,0,0,0,0,3,1,6,1,36,7,-1,-1,-1,-1,-1,-1
201501MM71078,2,3,0,13,0,8,0,0,0,0,1,1,6,1,31,6,107,1,2,-1,1,-1
201501MM71079,1,9,0,18,0,8,0,0,0,0,2,1,6,1,46,8,998,1,2,-1,1,-1
201501MM71079,2,9,0,18,0,8,0,0,0,0,1,1,6,1,-1,-1,1388,1,9,-1,-1,-1
201501MM71080,1,3,0,18,0,8,0,0,0,0,1,1,6,2,38,7,124,1,3,-1,1,-1
201501MM71080,2,9,0,9,0,8,0,0,0,0,3,1,6,2,25,5,1598,1,2,-1,1,-1
201501MM71081,1,9,0,18,0,1,0,0,0,0,3,1,6,2,36,7,1242,1,2,-1,1,-1
201501MM71081,2,9,0,7,0,2,0,0,0,0,3,1,6,2,42,7,1388,1,11,-1,1,-1
201501MM71082,1,1,0,18,0,8,0,0,0,0,3,1,2,2,30,6,-1,-1,-1,-1,1,-1
201501MM71082,2,19,0,7,0,8,0,0,0,0,4,1,1,1,27,6,-1,-1,-1,-1,-1,-1
201501MM71083,1,9,0,6,0,1,0,0,0,0,3,1,6,1,20,4,1360,1,12,-1,1,-1
201501MM71083,2,3,0,13,0,1,0,0,0,0,1,1,2,1,42,7,-1,-1,-1,-1,1,-1
201501MM71084,1,19,0,2,0,2,0,0,0,0,3,1,6,1,34,6,2461,2,9,-1,1,-1
201501MM71084,2,1,0,18,0,2,0,0,0,0,1,1,6,1,48,8,-1,-1,-1,-1,-1,-1
201501MM71085,1,1,0,18,0,1,0,0,0,0,0,1,6,1,23,5,-1,-1,-1,-1,1,-1
201501MM71085,2,19,0,9,0,1,0,0,0,0,0,1,6,3,-1,-1,-1,-1,-1,-1,-1,-1
201501MM71086,1,9,0,9,0,8,0,0,0,0,1,1,6,2,20,4,1560,2,5,-1,1,-1
201501MM71086,2,3,0,18,0,8,0,0,0,0,4,1,6,1,27,6,124,1,-1,-1,1,-1
201501MM71088,1,3,0,18,0,1,0,0,0,0,4,1,6,1,42,7,124,1,11,-1,1,-1
201501MM71088,2,9,0,2,0,1,0,0,0,0,1,1,6,3,-1,-1,-1,-1,-1,-1,-1,-1
201501MM71093,1,4,0,18,0,1,0,0,0,0,4,1,6,1,54,8,471,1,2,-1,1,-1
201501MM71096,1,8,0,3,0,1,0,0,0,0,2,1,1,1,26,6,1791,8,3,-1,1,-1
201501MM71096,2,9,0,4,0,1,0,0,0,0,1,1,6,3,-1,-1,1995,2,8,-1,-1,-1
201501MM71097,1,1,0,18,0,8,0,0,0,0,3,1,6,1,23,5,-1,-1,-1,-1,1,-1
201501MM71097,2,19,0,7,0,8,0,0,0,0,4,1,6,1,-1,-1,-1,-1,-1,-1,-1,-1
201501MM71102,1,1,0,11,0,8,0,0,0,0,1,1,6,1,17,4,-1,-1,-1,-1,1,-1
201501MM71102,2,19,0,9,0,8,0,0,0,0,4,1,1,1,-1,-1,-1,-1,-1,-1,-1,-1
201501MM71107,1,9,0,18,0,8,0,0,0,0,3,1,6,2,33,6,1997,1,10,-1,1,-1
201501MM71107,2,9,0,9,0,8,0,0,0,0,1,1,6,1,-1,-1,-1,-1,-1,-1,-1,-1
201501MM71118,1,9,0,9,0,8,0,0,0,0,3,1,6,1,37,7,1794,1,12,-1,1,-1
201501MM71118,2,3,0,18,0,8,0,0,0,0,1,1,6,1,25,5,125,1,5,-1,1,-1
201501MM71118,3,3,0,18,0,8,0,0,0,0,1,1,6,1,22,5,-1,-1,-1,-1,1,-1
201501MM71118,4,9,0,18,0,8,0,0,0,0,1,1,6,1,38,7,-1,-1,-1,-1,1,-1
201501MM71119,1,9,0,7,0,2,0,0,0,0,4,1,6,1,31,6,1995,1,4,-1,1,-1
201501MM71123,1,1,0,18,0,8,0,0,0,0,1,1,6,2,34,6,-1,-1,-1,-1,1,-1
201501MM71123,2,9,0,7,0,8,0,0,0,0,4,1,6,1,-1,-1,-1,-1,-1,-1,-1,-1
201501MM71124,1,9,0,9,0,8,0,0,0,0,1,1,6,1,-1,-1,-1,-1,-1,-1,-1,-1
201501MM71124,2,1,0,18,0,8,0,0,0,0,1,1,6,1,30,6,-1,-1,-1,-1,1,-1
201501MM71127,1,9,0,7,0,8,0,0,0,0,3,1,3,1,29,6,-1,-1,-1,-1,1,-1
201501MM71127,2,5,0,18,0,8,0,0,0,0,1,1,6,1,49,8,-1,-1,-1,-1,1,-1
201501MM71129,1,11,0,4,0,8,0,0,0,0,0,1,1,1,-1,-1,4760,2,4,-1,-1,-1
201501MM71131,1,1,0,15,0,0,0,0,0,0,1,1,6,1,26,6,-1,-1,-1,-1,1,-1
201501MM71131,2,8,0,3,0,0,0,0,0,0,4,1,6,3,-1,-1,1956,2,4,-1,-1,-1
201501MM71133,1,11,0,4,0,0,0,0,0,0,0,1,1,1,51,8,-1,-1,-1,-1,1,-1
201501MM71134,1,9,0,9,0,8,0,0,0,0,1,1,2,2,64,9,1587,1,12,-1,1,-1
201501MM71134,2,9,0,18,0,8,0,0,1,1,3,1,2,1,26,6,1956,2,2,-1,1,-1
201501MM71135,1,4,0,9,0,1,0,0,0,0,1,1,6,1,51,8,599,1,12,-1,1,-1
201501MM71135,2,20,0,9,0,8,0,0,0,0,2,1,1,1,50,8,4461,2,3,-1,2,-1
201501MM71136,1,11,0,9,0,8,0,0,0,0,3,1,1,1,28,6,7300,2,9,-1,1,-1
201501MM71136,2,9,0,18,0,1,0,0,0,0,1,1,6,1,45,7,1360,1,27,-1,1,-1
201501MM71138,1,11,0,4,0,0,0,0,0,0,4,1,1,1,29,6,-1,2,13,-1,1,-1
201501MM71138,2,1,0,15,0,0,0,0,0,0,3,1,6,1,25,5,-1,-1,-1,-1,1,-1
201501MM71142,1,9,0,3,0,1,0,0,0,0,2,1,6,1,61,9,1995,2,4,-1,1,-1
201501MM71142,2,9,0,4,0,1,0,0,0,0,1,1,6,1,-1,-1,-1,-1,-1,-1,-1,-1
201501MM71144,1,9,0,18,0,8,1,0,0,0,1,1,2,1,20,4,-1,-1,-1,-1,1,-1
201501MM71144,2,9,0,18,0,8,0,0,0,0,3,1,6,1,25,5,1995,2,8,-1,1,-1
201501MM71150,1,5,0,18,0,1,0,0,0,0,1,1,6,1,-1,-1,583,1,21,-1,-1,-1
201501MM71151,1,9,0,18,0,1,0,10,1,10,4,1,6,2,51,8,-1,-1,-1,-1,-1,-1
201501MM71154,1,9,0,18,0,0,0,0,0,0,2,1,6,1,30,6,1995,1,10,-1,1,-1
201501MM71154,2,9,0,18,0,0,1,0,0,0,1,1,6,1,48,8,-1,-1,-1,-1,1,-1
201501MM79001,1,2,0,18,0,8,0,0,0,0,4,1,6,1,22,5,49,1,4,-1,1,-1
201501MM79003,1,3,0,18,2,1,1,10,1,4,0,1,1,1,27,6,85,1,7,-1,-1,-1
201501MM79003,2,21,0,7,0,1,0,0,0,0,0,1,1,1,51,8,12777,2,9,-1,1,-1
201501MM79007,1,3,0,18,0,8,0,0,0,0,3,1,1,1,35,6,124,1,3,-1,1,-1
201501MM79007,2,9,0,6,0,8,0,0,0,0,1,1,6,2,-1,-1,-1,-1,-1,-1,1,-1
201501MM79010,1,1,0,18,0,2,0,8,0,0,1,1,6,2,27,6,-1,-1,-1,-1,1,-1
201501MM79010,2,9,0,2,0,2,0,0,0,0,4,1,6,3,-1,-1,-1,-1,-1,-1,-1,-1
201501MM79011,1,9,0,9,0,8,0,0,0,0,4,1,6,2,28,6,1398,1,3,-1,1,-1
201501MM79011,2,3,0,18,0,8,0,0,0,0,1,1,6,2,36,7,125,1,2,-1,1,-1
201501MM79013,1,9,0,18,0,0,0,0,0,0,1,1,6,2,23,5,1364,1,9,-1,1,-1
201501MM79015,1,9,0,18,2,8,0,10,1,10,1,1,2,1,26,6,-1,-1,-1,-1,1,-1
201501MM79015,2,9,0,9,0,8,0,0,0,0,2,1,2,2,26,6,1399,1,8,-1,1,-1
201501MM79017,1,3,0,15,0,8,0,0,0,0,1,1,6,1,34,6,124,1,9,-1,1,-1
201501MM79017,2,9,0,9,0,8,0,0,0,0,4,1,6,2,47,8,2993,2,-1,-1,3,-1
201501MM79018,1,9,0,7,0,8,0,0,0,0,0,1,6,1,19,4,1199,1,12,-1,1,-1
201501MM79018,2,11,0,18,0,8,0,0,0,0,0,1,1,1,33,6,-1,2,13,-1,1,-1
201501MM79019,1,11,0,5,0,2,0,0,0,0,4,1,1,1,47,8,7300,2,9,-1,1,-1
201501MM79020,1,9,0,14,0,0,0,0,0,0,1,1,2,1,35,6,1896,2,11,-1,1,-1
201501MM79021,1,5,0,14,0,0,0,0,0,0,1,1,1,1,44,7,996,1,12,-1,1,-1
201501MM79033,1,1,0,16,0,1,0,0,0,0,4,1,6,1,52,8,-1,-1,-1,-1,1,-1
201501MM79033,2,9,0,17,0,1,0,0,0,0,1,1,6,1,-1,-1,-1,-1,-1,-1,1,-1
201501MM79034,1,90,0,7,0,8,0,0,0,0,4,1,1,1,58,9,-1,-1,-1,-1,1,-1
201501MM79034,2,1,0,18,0,8,0,0,0,0,3,1,6,1,61,9,-1,-1,-1,-1,1,-1
201501MM79039,1,1,0,18,0,1,0,0,0,0,1,1,6,2,28,6,-1,-1,-1,-1,1,-1
201501MM79039,2,11,0,9,0,8,0,0,0,0,4,1,1,1,40,7,6700,2,6,-1,-1,-1
201501MM79040,1,9,0,16,0,8,0,0,0,0,4,1,1,1,33,6,1798,8,1,-1,1,-1
201501MM79040,2,9,0,7,0,8,1,0,0,0,1,1,6,1,-1,-1,1994,2,12,-1,-1,-1
201501MM79049,1,1,0,18,4,2,0,10,1,0,3,1,2,1,40,7,-1,-1,-1,-1,1,-1
201501MM79049,2,11,0,18,0,2,0,0,0,0,4,1,1,3,-1,-1,-1,-1,-1,-1,-1,-1
201501MM79050,1,5,0,18,0,0,1,0,0,0,4,1,2,1,25,5,-1,-1,-1,-1,1,-1
201501MM79055,1,9,0,18,0,2,0,0,0,0,3,1,6,2,41,7,1796,1,9,-1,1,-1
201501MM79055,2,19,0,18,0,2,0,0,0,0,4,1,6,1,32,6,-1,-1,-1,-1,2,-1
201501MM79060,1,1,0,18,0,0,0,0,0,0,1,1,6,1,23,5,-1,-1,-1,-1,1,-1
201501MM79060,2,9,0,6,0,0,0,0,0,0,3,1,6,1,35,6,1997,2,10,-1,1,-1
201501MM79076,1,9,0,9,0,8,0,0,0,0,4,1,6,1,21,5,1598,1,10,-1,1,-1
201501MM79076,2,9,0,18,0,8,0,0,0,0,1,1,6,1,25,5,-1,-1,-1,-1,1,-1
201501MM79081,1,9,0,18,0,0,0,0,0,0,1,1,6,1,86,11,-1,-1,-1,-1,1,-1
201501MM79083,1,9,0,2,0,0,0,0,0,0,3,1,6,2,26,6,999,1,-1,-1,-1,-1
201501MM79083,2,1,0,18,0,0,0,0,0,0,1,1,6,1,42,7,-1,-1,-1,-1,1,-1
201501MM79084,1,1,0,18,0,1,0,0,0,0,1,1,6,1,18,4,-1,-1,-1,-1,1,-1
201501MM79086,1,3,0,18,0,0,0,0,0,0,1,1,6,1,26,6,-1,-1,-1,-1,1,-1
201501MM79088,1,19,0,18,0,8,0,0,0,0,1,1,6,1,39,7,1995,2,2,-1,-1,-1
201501MM79088,2,9,0,9,0,8,0,0,0,0,1,1,6,1,28,6,1598,1,12,-1,1,-1
201501MM79106,1,9,0,11,0,1,0,0,0,0,4,1,6,1,44,7,1995,2,2,-1,-1,-1
201501MM79106,2,5,0,18,0,1,0,0,0,0,3,1,6,1,32,6,-1,-1,-1,-1,1,-1
201501MM79113,1,9,0,4,0,8,0,0,0,0,2,1,6,2,59,9,1598,2,1,-1,1,-1
201501MM79113,2,9,0,18,0,8,0,0,0,0,1,1,6,1,-1,-1,-1,-1,-1,-1,-1,-1
201501MM79162,1,9,0,10,0,8,0,0,0,0,2,1,6,2,50,8,1242,1,11,-1,1,-1
201501MM79162,2,19,0,18,0,8,0,0,0,0,1,1,6,1,-1,-1,2402,2,11,-1,-1,-1
201501MM79162,3,9,0,10,0,8,0,0,0,0,2,1,6,1,42,7,1797,8,4,-1,1,-1
201501MM79163,1,9,0,9,0,8,0,0,0,0,3,1,1,1,43,7,1798,8,-1,-1,1,-1
201501MM79163,2,3,0,14,0,8,0,0,0,0,1,1,2,1,34,6,-1,-1,-1,-1,-1,-1
201501MM79182,1,5,0,18,0,0,0,0,0,0,4,1,6,1,-1,-1,-1,-1,-1,-1,-1,-1
201501MM79186,1,9,0,3,0,8,0,0,0,0,3,1,6,1,40,7,-1,-1,-1,-1,1,-1
201501MM79186,2,1,0,18,0,8,0,0,0,0,1,1,6,2,34,6,-1,-1,-1,-1,1,-1
201501MM79187,1,9,0,9,0,8,0,0,0,0,0,1,6,2,50,8,1968,2,3,-1,2,-1
201501MM79187,2,9,0,4,0,8,0,0,0,0,0,1,6,1,38,7,-1,-1,-1,-1,1,-1
201501MM79188,1,19,0,7,0,8,0,0,0,0,4,1,6,1,51,8,2402,2,6,-1,1,-1
201501MM79188,2,1,0,15,0,8,0,0,0,0,1,1,6,1,31,6,-1,-1,-1,-1,1,-1
201501MM79206,1,11,0,4,0,8,0,0,0,0,0,1,1,1,40,7,-1,-1,-1,-1,-1,-1
201501MM79207,1,8,0,4,0,0,0,0,0,0,2,1,6,1,58,9,2402,2,13,-1,1,-1
201501MM79207,2,9,0,18,0,0,0,0,0,0,1,1,6,1,-1,-1,4398,1,10,-1,1,-1
201501MM79216,1,9,0,6,0,8,0,0,0,0,3,1,6,1,46,8,1560,2,5,-1,1,-1
201501MM79216,2,1,0,18,0,8,0,0,0,0,1,1,6,2,24,5,-1,-1,-1,-1,1,-1
201501MM79236,1,9,0,9,0,8,0,0,0,0,4,1,6,1,-1,-1,1598,2,1,-1,1,-1
201501MM79238,1,9,0,18,0,8,0,0,0,0,1,1,6,1,54,8,1995,1,12,-1,-1,-1
201501MM79238,2,1,0,4,0,8,0,0,0,0,2,1,6,1,28,6,-1,-1,-1,-1,1,-1
201501MM79252,1,9,0,18,0,8,0,0,0,0,1,1,6,1,37,7,2204,2,11,-1,1,-1
201501MM79252,2,9,0,9,0,8,0,0,0,0,4,1,6,1,-1,-1,1229,1,8,-1,-1,-1
201501MM79278,1,9,0,18,0,0,0,0,0,0,1,1,6,1,28,6,1995,2,3,-1,1,-1
201501MM79278,2,9,0,18,0,0,0,0,0,0,3,1,6,1,-1,-1,1999,1,12,-1,-1,-1
201501MM79279,1,9,0,9,0,8,0,0,0,0,4,1,6,1,34,6,-1,-1,-1,-1,1,-1
201501MM79280,1,20,0,7,0,8,0,0,0,0,4,1,6,1,-1,-1,-1,-1,-1,-1,1,-1
201501MM79280,2,1,0,18,0,8,0,0,0,0,1,1,6,1,44,7,-1,-1,-1,-1,1,-1
201501MM79283,1,20,0,7,0,8,0,0,0,0,4,1,6,1,38,7,-1,-1,-1,-1,-1,-1
201501MM79283,2,5,0,18,0,8,0,0,0,0,1,1,6,2,31,6,998,1,-1,-1,1,-1
201501MM79290,1,1,0,18,0,8,0,0,0,0,1,1,6,1,43,7,-1,-1,-1,-1,1,-1
201501MM79290,2,19,0,9,0,8,0,0,0,0,4,1,6,1,-1,-1,-1,-1,-1,-1,-1,-1
201501PL60005,1,1,0,18,0,8,0,0,0,0,1,1,6,1,55,8,-1,-1,-1,-1,1,-1
201501PL60005,2,11,0,7,0,8,0,0,0,0,4,1,6,1,-1,-1,9000,2,9,-1,-1,-1
201501PL60011,1,9,0,18,0,0,0,0,0,0,1,1,6,1,21,5,-1,-1,-1,-1,-1,-1
201501PL60011,2,9,0,2,0,0,0,0,0,0,1,1,6,3,-1,-1,-1,-1,-1,-1,-1,-1
201501PL60012,1,1,0,18,0,1,0,0,0,0,1,1,6,1,39,7,-1,-1,-1,-1,1,-1
201501PL60013,1,5,0,18,0,8,0,0,0,0,1,1,6,1,33,6,-1,-1,-1,-1,1,-1
201501PL60013,2,9,0,9,0,8,0,0,0,0,3,1,6,1,32,6,1796,1,13,-1,1,-1
201501PL60014,1,9,0,18,0,0,0,0,0,0,1,1,6,1,38,7,1995,2,5,-1,1,-1
201501PL60015,1,11,0,16,0,1,0,0,0,0,0,1,1,1,55,8,6700,2,4,-1,-1,-1
201501PL60016,1,9,0,16,0,8,0,0,0,0,4,1,6,1,45,7,1242,1,6,-1,1,-1
201501PL60016,2,1,0,7,0,8,0,0,0,0,1,1,6,1,42,7,-1,-1,-1,-1,1,-1
201501PL60019,1,19,0,9,0,8,0,0,0,0,1,1,6,1,28,6,1753,2,6,-1,-1,-1
201501PL60019,2,5,0,15,0,8,0,0,0,0,1,1,6,1,48,8,-1,-1,-1,-1,1,-1
201501PL60020,1,9,0,18,0,0,0,0,0,0,1,1,6,1,22,5,-1,-1,-1,-1,1,-1
201501PL60021,1,9,0,3,0,1,0,0,0,0,2,1,6,1,28,6,1797,8,1,-1,1,-1
201501PL60021,2,9,0,18,0,1,0,0,0,0,1,1,6,1,32,6,2148,2,10,-1,1,-1
201501PL60022,1,19,0,9,0,8,0,0,0,0,4,1,6,1,27,6,2402,2,8,-1,2,-1
201501PL60022,2,9,0,18,0,8,0,0,0,0,1,1,6,1,59,9,980,1,24,-1,1,-1
201501PL60023,1,9,0,3,0,1,0,0,0,0,2,1,6,1,25,5,-1,-1,-1,-1,1,-1
201501PL60023,2,9,0,3,0,1,0,0,0,0,2,1,6,1,-1,-1,1596,1,5,-1,-1,-1
201501PL60023,3,9,0,18,0,1,0,0,0,0,1,1,6,3,-1,-1,-1,-1,-1,-1,-1,-1
201501PL60024,1,9,0,14,0,1,0,0,0,0,1,1,6,1,-1,-1,1596,1,13,-1,-1,-1
201501PL60024,2,1,0,14,0,1,0,0,0,0,2,1,6,1,29,6,-1,-1,-1,-1,1,-1
201501PL60025,1,9,0,9,0,8,0,0,0,0,1,1,6,1,49,8,-1,-1,-1,-1,1,-1
201501PL60025,2,9,0,18,0,8,0,0,0,0,1,1,6,1,34,6,-1,-1,-1,-1,1,-1
201501PL60027,1,19,0,18,0,1,0,7,7,0,1,1,6,1,25,5,-1,-1,-1,-1,1,-1
201501PL60027,2,9,0,2,0,1,0,0,0,0,2,1,6,3,-1,-1,-1,-1,-1,-1,-1,-1
201501PL60027,3,9,0,2,0,1,0,0,0,0,2,1,6,3,-1,-1,-1,-1,-1,-1,-1,-1