Accident_Index,Vehicle_Reference,Vehicle_Type,Towing_and_Articulation,Vehicle_Manoeuvre,Vehicle_Location-Restricted_Lane,Junction_Location,Skidding_and_Overturning,Hit_Object_in_Carriageway,Vehicle_Leaving_Carriageway,Hit_Object_off_Carriageway,1st_Point_of_Impact,Was_Vehicle_Left_Hand_Drive?,Journey_Purpose_of_Driver,Sex_of_Driver,Age_of_Driver,Age_Band_of_Driver,Engine_Capacity_(CC),Propulsion_Code,Age_of_Vehicle,Driver_IMD_Decile,Driver_Home_Area_Type,Vehicle_IMD_Decile
201501PY20634,1,9,0,7,0,8,0,0,0,0,3,1,6,2,24,5,1618,1,-1,-1,1,-1
201501PY20634,2,9,0,15,0,8,0,0,0,0,4,1,6,2,51,8,1360,1,13,-1,-1,-1
201501PY20635,1,9,0,18,0,0,0,0,0,0,4,1,6,1,-1,-1,-1,-1,-1,-1,-1,-1
201501PY20636,1,3,0,18,0,2,0,0,0,0,0,1,6,2,20,4,125,1,4,-1,-1,-1
201501PY20637,1,9,0,18,0,8,0,0,0,0,4,1,6,2,42,7,1400,1,13,-1,1,-1
201501PY20637,2,19,0,9,0,8,0,0,0,0,1,1,6,1,30,6,1998,2,12,-1,1,-1
201501PY20638,1,9,0,18,0,8,0,0,0,0,1,1,6,2,42,7,998,1,1,-1,1,-1
201501PY20638,2,9,0,9,0,8,0,0,0,0,4,1,6,2,-1,-1,2979,1,1,-1,1,-1
201501PY20640,1,9,0,18,0,8,0,0,0,0,4,1,6,2,24,5,1198,1,6,-1,1,-1
201501PY20640,2,9,0,18,0,8,0,0,0,0,1,1,6,1,-1,-1,1956,2,2,-1,1,-1
201501PY20641,1,9,0,9,0,8,0,0,0,0,4,1,6,2,31,6,1995,2,7,-1,1,-1
201501PY20641,2,1,0,18,0,8,0,0,0,0,1,1,6,1,46,8,-1,-1,-1,-1,1,-1
201501PY20642,1,9,0,18,0,0,0,0,0,0,1,1,6,1,22,5,1560,2,2,-1,1,-1
201501PY20642,2,9,0,4,0,0,0,0,0,0,2,1,6,1,42,7,-1,-1,-1,-1,-1,-1
201501PY20643,1,9,0,1,0,0,0,10,1,2,2,1,6,1,-1,-1,2521,1,7,-1,1,-1
201501PY20644,1,9,0,18,0,8,0,0,0,0,3,1,6,2,54,8,1490,1,8,-1,1,-1
201501PY20644,2,9,0,18,0,8,0,0,0,0,1,1,6,1,46,8,-1,-1,-1,-1,1,-1
201501PY20645,1,19,0,18,0,8,0,0,0,0,1,1,6,1,-1,-1,-1,-1,-1,-1,-1,-1
201501PY20645,2,1,0,4,0,8,0,0,0,0,2,1,6,1,14,3,-1,-1,-1,-1,1,-1
201501PY20646,1,9,0,4,0,8,0,0,0,0,2,1,6,2,31,6,1796,1,13,-1,1,-1
201501PY20646,2,9,0,18,0,8,0,0,0,0,1,1,4,2,24,5,1242,1,1,-1,-1,-1
201501PY20647,1,1,0,4,0,8,0,0,0,0,2,1,6,1,48,8,-1,-1,-1,-1,1,-1
201501PY20647,2,9,0,4,0,8,0,0,0,0,1,1,6,1,-1,-1,1596,1,1,-1,-1,-1
201501PY20648,1,9,0,10,0,8,0,0,0,0,2,1,6,2,34,6,1360,1,5,-1,1,-1
201501PY20648,2,9,0,18,0,8,0,0,0,0,1,1,6,1,34,6,-1,-1,-1,-1,1,-1
201501PY20649,1,2,0,15,0,8,0,0,0,0,4,1,6,1,17,4,125,1,8,-1,1,-1
201501PY20649,2,9,0,18,0,8,0,0,0,0,3,1,6,1,35,6,-1,-1,-1,-1,1,-1
201501PY20650,1,9,0,18,0,8,0,0,0,0,4,1,6,1,26,6,1598,1,-1,-1,1,-1
201501PY20651,1,9,0,18,0,8,0,0,0,0,4,1,6,1,24,5,1796,2,2,-1,1,-1
201501PY20651,2,20,0,18,0,8,0,10,1,2,1,1,6,1,55,8,-1,-1,-1,-1,1,-1
201501PY20652,1,9,0,18,0,0,0,10,1,10,1,1,6,1,26,6,1997,2,7,-1,1,-1
201501PY20653,1,5,0,18,0,8,0,0,0,0,3,1,6,1,42,7,599,1,22,-1,1,-1
201501PY20653,2,9,0,7,0,8,0,0,0,0,4,1,6,1,34,6,1998,2,11,-1,1,-1
201501PY20654,1,9,0,18,0,8,0,0,0,0,1,1,6,2,21,5,1242,1,6,-1,1,-1
201501PY20654,2,9,0,9,0,8,0,0,0,0,3,1,6,1,28,6,1498,1,2,-1,1,-1
201501PY20655,1,9,0,4,0,8,0,0,0,0,2,1,6,1,27,6,1229,1,10,-1,1,-1
201501PY20655,2,9,0,18,0,8,0,0,0,0,1,1,6,1,-1,-1,-1,-1,-1,-1,-1,-1
201501PY20657,1,9,0,9,0,8,0,0,0,0,3,1,6,2,31,6,1598,1,9,-1,1,-1
201501PY20657,2,3,0,18,0,8,0,0,0,0,1,1,6,1,76,11,599,1,8,-1,1,-1
201501PY20658,1,9,0,18,0,8,0,0,0,0,3,1,6,2,33,6,2143,2,1,-1,1,-1
201501PY20659,1,9,0,18,0,8,0,0,0,0,1,1,6,1,41,7,2400,2,5,-1,1,-1
201501PY20659,2,9,0,9,0,8,0,0,0,0,4,1,6,2,21,5,-1,-1,-1,-1,1,-1
201501PY20660,1,9,0,18,0,0,0,10,1,2,4,1,6,1,21,5,1596,1,10,-1,1,-1
201501PY20661,1,9,0,18,0,8,0,0,0,0,1,1,6,2,18,4,998,1,13,-1,1,-1
201501PY20661,2,9,0,9,0,8,0,0,0,0,3,1,6,2,38,7,1598,2,1,-1,1,-1
201501PY20662,1,9,0,9,0,8,0,0,0,0,3,1,6,1,49,8,-1,-1,-1,-1,1,-1
201501PY20662,2,1,0,18,0,8,0,0,0,0,1,1,6,1,45,7,-1,-1,-1,-1,1,-1
201501PY20663,1,9,0,5,0,0,0,0,0,0,3,1,6,2,48,8,1896,2,8,-1,1,-1
201501PY20663,2,9,0,18,0,0,0,0,0,0,1,1,6,2,54,8,1910,2,5,-1,1,-1
201501PY20664,1,9,0,9,0,8,0,0,0,0,4,1,6,1,45,7,998,1,11,-1,1,-1
201501PY20664,2,3,0,18,0,8,0,0,0,0,1,1,6,1,35,6,-1,-1,-1,-1,1,-1
201501PY20665,1,9,0,18,0,8,0,0,0,0,1,1,6,1,55,8,1995,2,2,-1,1,-1
201501PY20665,2,9,0,4,0,8,0,0,0,0,2,1,6,2,41,7,1753,2,7,-1,1,-1
201501PY20666,1,1,0,18,0,8,0,0,0,0,4,1,6,1,49,8,-1,-1,-1,-1,1,-1
201501PY20666,2,9,0,18,0,8,0,0,0,0,1,1,6,1,-1,-1,1796,1,7,-1,1,-1
201501PY20667,1,9,0,18,0,0,0,0,0,0,1,1,6,1,64,9,1910,2,11,-1,2,-1
201501PY20667,2,9,0,12,0,0,0,0,0,0,3,1,6,1,29,6,1685,2,1,-1,3,-1
201501PY20668,1,9,0,18,0,8,0,7,0,0,1,1,6,1,31,6,2494,1,11,-1,1,-1
201501PY20669,1,9,0,18,0,8,0,0,0,0,3,1,6,2,35,6,1781,1,17,-1,1,-1
201501PY20669,2,1,0,18,0,8,0,0,0,0,1,1,6,1,48,8,-1,-1,-1,-1,1,-1
201501PY20670,1,9,0,5,0,8,0,0,0,0,3,1,6,1,44,7,-1,-1,-1,-1,1,-1
201501PY20670,2,3,0,15,0,8,0,0,0,0,4,1,6,1,18,4,-1,-1,-1,-1,1,-1
201501PY20671,1,11,0,4,0,0,0,0,0,0,0,1,1,1,62,9,4500,2,3,-1,1,-1
201501PY20672,1,9,0,18,0,8,0,0,0,0,4,1,6,1,75,10,1390,1,6,-1,1,-1
201501PY20673,1,9,0,18,0,0,0,0,0,0,3,1,6,1,33,6,-1,-1,-1,-1,1,-1
201501PY20673,2,9,0,2,0,0,0,0,0,0,3,1,6,1,33,6,1398,2,4,-1,1,-1
201501PY20673,3,9,0,18,0,0,0,0,0,0,1,1,6,2,76,11,1781,1,12,-1,1,-1
201501PY20674,1,3,0,18,0,8,0,0,0,0,1,1,6,2,28,6,124,1,16,-1,1,-1
201501PY20674,2,9,0,9,0,8,0,0,0,0,4,1,6,2,44,7,1956,2,1,-1,1,-1
201501PY20675,1,9,0,9,0,8,0,0,0,0,1,1,6,1,20,4,1339,1,3,-1,1,-1
201501PY20675,2,2,0,15,0,8,0,0,0,0,4,1,6,1,34,6,176,1,17,-1,1,-1
201501PY20676,1,9,0,18,0,8,0,0,0,0,3,1,6,1,-1,-1,1296,1,9,-1,1,-1
201501PY20678,1,11,0,4,0,0,0,0,0,0,0,1,6,1,26,6,6700,2,3,-1,1,-1
201501PY20679,1,3,0,18,0,8,0,0,0,0,1,1,6,1,18,4,-1,-1,-1,-1,1,-1
201501PY20679,2,9,0,9,0,8,0,0,0,0,4,1,6,1,44,7,-1,-1,-1,-1,1,-1
201501PY20680,1,9,0,4,0,8,0,0,0,0,1,1,6,1,41,7,-1,-1,-1,-1,1,-1
201501PY20680,2,9,0,18,0,8,0,0,0,0,4,1,6,1,55,8,2204,2,6,-1,-1,-1
201501PY20680,3,19,0,18,0,8,0,0,0,0,1,1,6,1,54,8,2198,2,3,-1,1,-1
201501PY20681,1,9,0,18,0,0,0,7,0,0,3,1,6,1,85,11,1388,1,3,-1,1,-1
201501PY20682,1,11,0,18,0,0,0,0,0,0,4,1,1,1,-1,-1,4500,2,6,-1,1,-1
201501PY20682,2,9,0,1,0,0,0,0,0,0,2,1,6,1,84,11,1242,1,3,-1,1,-1
201501PY20683,1,9,0,18,0,0,0,0,0,0,4,1,6,2,28,6,1598,1,3,-1,1,-1
201501PY20684,1,9,0,18,0,8,0,0,0,0,1,1,6,2,17,4,1086,1,5,-1,-1,-1
201501PY20685,1,9,0,18,0,8,0,0,0,0,4,1,6,1,50,8,1796,1,11,-1,1,-1
201501PY20685,2,1,0,18,0,8,0,0,0,0,1,1,6,1,42,7,-1,-1,-1,-1,1,-1
201501PY20686,1,9,0,18,0,8,0,0,0,0,1,1,6,2,17,4,1598,2,3,-1,1,-1
201501PY20686,2,9,0,7,0,8,0,0,0,0,3,1,6,2,21,5,-1,-1,-1,-1,1,-1
201501PY20687,1,9,0,18,0,8,0,0,0,0,1,1,6,1,49,8,1968,2,4,-1,1,-1
201501PY20687,2,9,0,9,0,8,0,0,0,0,4,1,6,2,42,7,1596,1,12,-1,1,-1
201501PY20688,1,9,0,18,0,8,0,0,0,0,3,1,6,2,51,8,1598,1,10,-1,1,-1
201501PY20688,2,9,0,18,0,8,0,0,0,0,3,1,6,1,-1,-1,2148,2,7,-1,-1,-1
201501PY20689,1,9,0,4,0,8,0,0,0,0,2,1,6,2,21,5,1242,1,1,-1,1,-1
201501PY20689,2,9,0,18,0,8,0,0,0,0,1,1,6,1,-1,-1,-1,-1,-1,-1,-1,-1
201501PY20690,1,9,0,18,0,0,0,0,0,0,1,1,6,1,22,5,1796,1,17,-1,1,-1
201501PY20690,2,9,0,18,0,0,0,0,0,0,3,1,6,2,31,6,1299,1,13,-1,1,-1
201501PY20690,3,9,0,2,0,0,0,0,0,0,3,1,6,1,27,6,1995,2,4,-1,1,-1
201501PY20691,1,9,0,4,0,0,0,0,0,0,3,1,6,1,46,8,1368,1,8,-1,1,-1
201501PY20691,2,20,0,18,0,0,0,0,0,0,3,1,6,1,28,6,-1,-1,-1,-1,1,-1
201501PY20692,1,9,0,18,0,8,0,0,0,0,1,1,6,2,60,9,1796,1,12,-1,1,-1
201501PY20692,2,9,0,8,0,8,0,0,0,0,2,1,6,1,33,6,1995,2,2,-1,1,-1
201501PY20693,1,9,0,7,0,8,0,0,0,0,1,1,6,1,21,5,1229,1,1,-1,1,-1
201501PY20693,2,3,0,15,0,8,0,0,0,0,1,1,6,1,20,4,124,1,2,-1,1,-1
201501PY20694,1,9,0,18,0,8,0,0,0,0,4,1,6,1,45,7,-1,-1,-1,-1,1,-1
201501PY20695,1,9,0,18,0,8,0,0,0,0,4,1,6,1,-1,-1,-1,-1,-1,-1,-1,-1
201501PY20696,1,9,0,8,0,8,0,0,0,0,2,1,6,2,31,6,1360,1,12,-1,1,-1
201501PY20696,2,9,0,18,0,8,0,0,0,0,1,1,6,1,-1,-1,-1,-1,-1,-1,-1,-1
201501PY20697,1,9,0,18,0,8,0,0,0,0,4,1,6,1,35,6,1995,2,3,-1,1,-1
201501PY20699,1,9,0,5,0,0,0,0,0,0,3,1,6,2,63,9,2494,1,15,-1,1,-1
201501PY20699,2,1,0,18,0,0,0,0,0,0,1,1,6,1,20,4,-1,-1,-1,-1,-1,-1
201501PY20700,1,9,0,4,0,8,0,0,0,0,2,1,6,1,60,9,2231,2,2,-1,1,-1
201501PY20700,2,9,0,18,0,8,0,0,0,0,1,1,6,2,55,8,1395,1,1,-1,1,-1
201501PY20701,1,11,0,4,0,8,0,0,0,0,0,1,1,1,48,8,6700,2,3,-1,1,-1
201501PY20702,1,3,0,18,0,8,0,0,0,0,4,1,6,1,42,7,124,1,1,-1,1,-1
201501PY20702,2,9,0,7,0,8,0,0,0,0,2,1,6,1,-1,-1,1390,1,11,-1,-1,-1
201501PY20703,1,3,0,15,0,8,0,0,0,0,4,1,6,1,58,9,680,1,6,-1,1,-1
201501PY20703,2,9,0,3,0,8,0,0,0,0,3,1,6,1,27,6,1995,2,10,-1,1,-1
201501PY20704,1,9,0,7,0,8,0,0,0,0,3,1,6,1,41,7,1896,2,6,-1,1,-1
201501PY20704,2,9,0,9,0,8,0,0,0,0,3,1,6,2,38,7,1997,2,3,-1,1,-1
201501PY20705,1,9,0,7,0,8,0,0,0,0,4,1,6,1,19,4,1596,1,14,-1,1,-1
201501PY20705,2,1,0,18,0,8,0,0,0,0,1,1,6,1,27,6,-1,-1,-1,-1,1,-1
201501PY20706,1,8,0,18,0,0,1,0,0,0,4,1,1,1,51,8,2402,2,9,-1,1,-1
201501PY20707,1,9,0,18,0,8,0,0,0,0,1,1,6,2,34,6,1686,2,1,-1,1,-1
201501PY20707,2,9,0,9,0,8,0,0,0,0,4,1,6,1,33,6,1968,2,3,-1,1,-1
201501PY20708,1,9,0,18,0,8,0,0,0,0,4,1,6,1,41,7,1797,8,5,-1,1,-1
201501PY20709,1,9,0,7,0,8,0,10,1,1,4,1,6,1,17,4,1242,1,1,-1,1,-1
201501PY20710,1,9,0,9,0,8,0,0,0,0,4,1,6,1,33,6,-1,-1,-1,-1,1,-1
201501PY20710,2,9,0,18,0,8,0,0,0,0,1,1,6,2,48,8,1997,1,13,-1,-1,-1
201501PY20711,1,9,0,18,0,0,1,7,0,0,3,1,6,1,-1,-1,-1,-1,-1,-1,-1,-1
201501PY20713,1,9,0,4,0,0,0,0,0,0,4,1,6,1,22,5,-1,-1,-1,-1,1,-1
201501PY20715,1,9,0,12,0,8,0,0,0,0,3,1,6,1,78,11,1596,1,12,-1,1,-1
201501PY20715,2,1,0,15,0,8,0,0,0,0,4,1,6,1,16,4,-1,-1,-1,-1,1,-1
201501PY20716,1,9,0,4,0,0,0,0,0,0,2,1,6,2,63,9,-1,-1,-1,-1,1,-1
201501PY20716,2,11,0,18,0,0,0,0,0,0,1,1,1,2,42,7,6700,2,9,-1,1,-1
201501PY20717,1,9,0,18,0,8,0,0,0,0,1,1,6,1,20,4,-1,-1,-1,-1,1,-1
201501PY20717,2,9,0,3,0,8,0,10,1,2,2,1,6,2,68,10,998,1,6,-1,1,-1
201501PY20719,1,9,0,18,0,8,0,0,0,0,4,1,6,1,34,6,-1,-1,-1,-1,1,-1
201501PY20719,2,9,0,9,0,8,0,0,0,0,1,1,6,1,-1,-1,-1,-1,-1,-1,-1,-1
201501PY20720,1,9,0,2,0,8,0,0,0,0,3,1,6,2,63,9,2400,2,5,-1,1,-1
201501PY20720,2,9,0,18,0,8,0,0,0,0,3,1,6,1,-1,-1,999,1,27,-1,-1,-1
201501PY20721,1,9,0,18,0,8,0,10,1,4,4,1,6,2,21,5,973,1,14,-1,1,-1
201501PY20722,1,9,0,7,0,8,0,0,0,0,3,1,6,2,30,6,1968,2,3,-1,1,-1
201501PY20722,2,9,0,18,0,8,0,0,0,0,1,1,6,1,39,7,-1,-1,-1,-1,2,-1
201501PY20723,1,9,0,18,0,8,0,0,0,0,3,1,6,2,48,8,1360,1,13,-1,1,-1
201501PY20725,1,9,0,18,0,8,0,0,0,0,4,1,6,1,21,5,2143,2,4,-1,1,-1
201501PY20726,1,9,0,18,0,8,0,0,0,0,4,1,6,2,48,8,1399,1,7,-1,1,-1
201501PY20726,2,9,0,18,0,8,0,0,0,0,1,1,6,2,50,8,1598,1,13,-1,1,-1
201501PY20727,1,11,0,18,0,8,0,0,0,0,1,1,6,2,44,7,6370,2,3,-1,1,-1
201501PY20728,1,9,0,9,0,8,0,0,0,0,4,1,6,1,17,4,1229,1,3,-1,1,-1
201501PY20728,2,9,0,18,0,8,0,0,0,0,1,1,6,1,51,8,1395,1,1,-1,1,-1
201501PY20729,1,9,0,18,0,8,0,0,0,0,4,1,6,1,62,9,-1,-1,-1,-1,1,-1
201501PY20729,2,9,0,18,0,8,0,0,0,0,1,1,6,1,36,7,-1,-1,-1,-1,1,-1
201501PY20730,1,9,0,4,0,0,0,0,0,0,2,1,6,1,17,4,1149,1,6,-1,1,-1
201501PY20730,2,9,0,4,0,0,0,0,0,0,2,1,6,1,17,4,1364,1,10,-1,1,-1
201501PY20730,3,9,0,18,0,0,0,0,0,0,1,1,6,1,18,4,1242,1,14,-1,1,-1
201501PY20731,1,3,0,18,0,8,0,0,0,0,1,1,6,1,28,6,-1,-1,-1,-1,1,-1
201501PY20731,2,9,0,9,0,8,0,0,0,0,3,1,6,1,-1,-1,-1,-1,-1,-1,-1,-1
201501PY20732,1,9,0,9,0,8,0,0,0,0,3,1,6,1,25,5,1798,8,2,-1,1,-1
201501PY20732,2,9,0,18,0,8,0,0,0,0,1,1,6,2,25,5,1798,1,7,-1,1,-1
201501PY20733,1,9,0,4,0,8,0,0,0,0,2,1,6,2,-1,-1,1968,2,1,-1,1,-1
201501PY20733,2,19,0,18,0,8,0,0,0,0,1,1,6,1,-1,-1,-1,-1,-1,-1,-1,-1
201501PY20735,1,9,0,18,0,8,0,0,0,0,3,1,6,2,44,7,1598,1,7,-1,1,-1
201501PY20735,2,9,0,9,0,8,0,0,0,0,1,1,6,2,40,7,1560,2,4,-1,1,-1
201501PY20736,1,9,0,6,0,0,0,0,0,0,4,1,6,2,28,6,1796,1,8,-1,1,-1
201501PY20736,2,9,0,18,0,0,0,0,0,0,1,1,6,1,-1,-1,1560,2,3,-1,-1,-1
201501PY20737,1,9,0,18,0,1,0,0,0,0,1,1,6,1,54,8,1240,1,11,-1,1,-1
201501PY20738,1,9,0,9,0,1,0,0,0,0,1,1,6,2,-1,-1,998,1,13,-1,-1,-1
201501PY20738,2,9,0,15,0,1,0,0,0,0,1,1,6,3,-1,-1,-1,-1,-1,-1,-1,-1
201501PY20739,1,9,0,18,0,8,0,0,0,0,1,1,6,2,21,5,1388,1,13,-1,1,-1
201501PY20739,2,9,0,4,0,8,0,0,0,0,2,1,6,1,55,8,1339,8,3,-1,1,-1
201501PY20740,1,3,0,18,0,8,0,0,0,0,1,1,6,1,51,8,598,1,22,-1,2,-1
201501PY20740,2,9,0,9,0,8,0,0,0,0,2,1,6,2,-1,-1,1199,1,11,-1,1,-1
201501PY20741,1,9,0,7,0,8,0,0,0,0,3,1,6,1,18,4,1995,1,7,-1,1,-1
201501PY20741,2,1,0,18,0,8,0,0,0,0,1,1,6,1,42,7,-1,-1,-1,-1,1,-1
201501PY20742,1,3,0,9,0,8,0,0,0,0,4,1,6,1,36,7,124,1,6,-1,1,-1
201501PY20742,2,9,0,7,0,8,0,0,0,0,3,1,6,1,-1,-1,-1,-1,-1,-1,-1,-1
201501PY20743,1,9,0,9,0,8,0,0,0,0,4,1,6,2,72,10,-1,-1,-1,-1,-1,-1
201501PY20743,2,1,0,18,0,8,0,0,0,0,3,1,6,1,-1,-1,-1,-1,-1,-1,1,-1
201501PY20744,1,3,0,4,0,8,0,0,0,0,2,1,6,1,23,5,125,1,-1,-1,1,-1
201501PY20744,2,9,0,18,0,8,0,0,0,0,1,1,6,1,-1,-1,-1,-1,-1,-1,-1,-1
201501PY20745,1,1,0,18,0,3,0,0,0,0,1,1,6,1,36,7,-1,-1,-1,-1,1,-1
201501PY20745,2,20,0,9,0,8,0,0,0,0,4,1,6,1,-1,-1,-1,-1,-1,-1,-1,-1
201501PY20746,1,9,0,18,0,8,0,0,0,0,1,1,6,1,26,6,1991,2,6,-1,1,-1
201501PY20746,2,9,0,4,0,8,0,0,0,0,2,1,6,1,25,5,3628,2,7,-1,-1,-1
201501PY20747,1,9,0,18,0,0,0,0,0,0,1,1,6,1,61,9,1596,1,4,-1,1,-1
201501PY20747,2,9,0,4,0,0,0,0,0,0,2,1,6,2,40,7,-1,-1,-1,-1,1,-1
201501PY20749,1,11,0,18,0,0,0,0,0,0,3,1,6,2,38,7,6370,2,3,-1,1,-1
201501PY20749,2,9,0,15,0,0,0,0,0,0,4,1,6,1,35,6,1398,2,-1,-1,1,-1
201501PY20750,1,9,0,7,0,8,0,0,0,0,3,1,6,2,22,5,-1,-1,-1,-1,1,-1
201501PY20750,2,9,0,18,0,8,0,0,0,0,4,1,6,2,44,7,1240,1,6,-1,1,-1
201501PY20752,1,9,0,9,0,8,0,0,0,0,3,1,6,1,55,8,2996,1,1,-1,1,-1
201501PY20752,2,3,0,18,0,8,0,0,0,0,1,1,6,1,-1,-1,800,1,3,-1,1,-1
201501PY20753,1,9,0,9,0,8,0,0,0,0,4,1,6,1,54,8,1796,1,12,-1,1,-1
201501PY20753,2,9,0,9,0,8,0,0,0,0,1,1,6,2,62,9,1364,1,1,-1,1,-1
201501PY20754,1,9,0,4,0,0,0,10,1,4,4,1,6,1,50,8,1242,1,8,-1,1,-1
201501PY20755,1,9,0,9,0,8,0,0,0,0,4,1,6,1,28,6,999,1,-1,-1,1,-1
201501PY20755,2,3,0,18,0,8,0,0,0,0,1,1,6,1,17,4,125,1,10,-1,1,-1
201501PY20758,1,9,0,4,0,8,0,0,0,0,2,1,6,1,-1,-1,1781,1,13,-1,1,-1
201501PY20758,2,9,0,18,0,8,0,0,0,0,1,1,6,1,-1,-1,2987,2,2,-1,-1,-1
201501PY20759,1,9,0,1,0,8,0,0,0,0,2,1,6,1,24,5,2969,2,9,-1,1,-1
201501PY20760,1,11,0,5,0,8,0,0,0,0,0,1,1,1,60,9,6370,2,-1,-1,1,-1
201501PY20761,1,9,0,18,0,8,0,0,0,0,1,1,6,1,65,9,1998,1,17,-1,1,-1
201501PY20761,2,9,0,9,0,8,0,0,0,0,4,1,6,2,36,7,1794,1,8,-1,1,-1
201501PY20762,1,9,0,18,0,8,0,0,0,0,4,1,6,2,32,6,2979,1,10,-1,1,-1
201501PY20763,1,11,0,4,0,8,0,0,0,0,0,1,1,1,55,8,7300,2,9,-1,1,-1
201501PY20764,1,9,0,18,0,0,0,0,0,0,3,1,6,1,58,9,-1,-1,-1,-1,1,-1
201501PY20764,2,9,0,18,0,0,0,0,0,0,1,1,6,1,53,8,-1,-1,-1,-1,1,-1
201501PY20765,1,9,0,18,0,8,0,0,0,0,1,1,6,1,55,8,1800,1,16,-1,1,-1
201501PY20765,2,9,0,9,0,8,0,0,0,0,3,1,6,1,55,8,1248,2,2,-1,1,-1
201501PY20766,1,9,0,9,0,8,0,0,0,0,4,1,6,1,61,9,-1,-1,-1,-1,1,-1
201501PY20768,1,11,0,18,0,0,0,0,0,0,4,1,6,1,38,7,-1,-1,-1,-1,1,-1
201501PY20768,2,9,0,6,0,0,0,0,0,0,3,1,6,1,24,5,-1,-1,-1,-1,1,-1
201501PY20769,1,2,0,18,0,0,0,0,0,0,1,1,6,1,-1,-1,49,1,-1,-1,1,-1
201501PY20769,2,9,0,4,0,0,0,0,0,0,2,1,6,2,36,7,1995,2,7,-1,1,-1
201501PY20770,1,9,0,18,0,0,0,0,0,0,1,1,6,1,21,5,1984,1,6,-1,1,-1
201501PY20770,2,9,0,18,0,0,0,0,0,0,3,1,6,1,21,5,1596,1,9,-1,1,-1
201501PY20771,1,9,0,5,0,0,0,0,0,0,3,1,6,2,22,5,1388,1,17,-1,1,-1
201501PY20771,2,3,0,18,0,0,0,0,0,0,1,1,6,1,-1,-1,108,1,4,-1,1,-1
201501PY20772,1,9,0,18,0,0,0,7,0,0,1,1,6,1,38,7,1956,2,3,-1,1,-1
201501PY20773,1,9,0,9,0,8,0,0,0,0,4,1,6,2,35,6,1390,1,8,-1,1,-1
201501PY20773,2,9,0,18,0,8,0,0,0,0,1,1,6,1,58,9,1985,1,16,-1,-1,-1
201501PY20774,1,9,0,9,0,8,0,0,0,0,3,1,6,2,35,6,2720,2,8,-1,1,-1
201501PY20774,2,9,0,15,0,8,0,0,0,0,1,1,6,1,-1,-1,-1,-1,-1,-1,-1,-1
201501PY20775,1,11,0,5,0,8,0,0,0,0,0,1,1,1,71,10,6370,2,3,-1,1,-1
201501PY20776,1,9,0,9,0,8,0,0,0,0,3,1,6,1,40,7,1498,1,8,-1,1,-1
201501PY20776,2,3,0,15,0,8,0,0,0,0,1,1,6,1,-1,-1,865,1,1,-1,1,-1
201501PY20777,1,9,0,18,0,0,0,7,0,0,4,1,6,1,82,11,1598,1,14,-1,-1,-1
201501PY20778,1,9,0,7,0,8,0,0,0,0,3,1,6,1,20,4,1242,1,1,-1,2,-1
201501PY20778,2,9,0,18,0,8,0,0,0,0,1,1,6,1,65,9,2488,1,10,-1,1,-1
201501PY20779,1,9,0,18,0,8,0,0,0,0,3,1,6,1,40,7,1329,1,1,-1,1,-1
201501PY20780,1,9,0,18,0,0,0,0,0,0,4,1,6,2,36,7,1560,2,2,-1,1,-1
201501PY20781,1,9,0,18,0,8,0,0,0,0,1,1,6,1,31,6,-1,-1,-1,-1,1,-1
201501PY20781,2,3,0,18,0,8,1,0,1,0,1,1,6,1,18,4,125,1,-1,-1,1,-1
201501PY20782,1,9,0,7,0,8,0,0,0,0,3,1,6,1,-1,-1,-1,-1,-1,-1,-1,-1
201501PY20784,1,9,0,18,0,8,0,0,0,0,2,1,6,1,34,6,-1,-1,-1,-1,1,-1
201501PY20784,2,9,0,18,0,8,0,0,0,0,3,1,6,1,55,8,-1,-1,-1,-1,1,-1
201501PY20784,3,9,0,18,0,8,0,0,0,0,1,1,6,1,54,8,2204,2,9,-1,1,-1
201501PY20785,1,9,0,4,0,8,0,0,0,0,2,1,6,2,46,8,1242,1,-1,-1,1,-1
201501PY20785,2,9,0,18,0,8,0,0,0,0,1,1,6,1,81,11,1599,1,10,-1,1,-1
201501PY20785,3,9,0,4,0,8,0,0,0,0,2,1,6,1,-1,-1,1598,1,8,-1,1,-1
201501PY20786,1,9,0,18,0,8,0,0,0,0,1,1,6,1,31,6,1769,2,24,-1,1,-1
201501PY20786,2,9,0,9,0,8,0,0,0,0,4,1,6,2,27,6,-1,-1,-1,-1,1,-1
201501PY20787,1,9,0,9,0,8,0,0,0,0,3,1,6,1,51,8,1332,1,18,-1,1,-1
201501PY20787,2,5,0,18,0,8,0,0,0,0,1,1,6,1,18,4,108,1,1,-1,1,-1
201501PY20788,1,9,0,9,0,8,0,0,0,0,4,1,6,1,48,8,1397,1,5,-1,3,-1
201501PY20788,2,9,0,18,0,8,0,0,0,0,1,1,6,2,54,8,1399,2,12,-1,-1,-1
201501PY20789,1,9,0,4,0,8,0,0,0,0,2,1,6,2,20,4,1598,2,1,-1,1,-1
201501PY20789,2,9,0,18,0,8,0,0,0,0,1,1,6,2,35,6,2179,2,8,-1,1,-1
201501PY20790,1,9,0,18,0,0,0,0,0,0,1,1,6,2,28,6,1995,2,1,-1,2,-1
201501PY20790,2,9,0,4,0,0,0,0,0,0,2,1,6,1,-1,-1,-1,-1,-1,-1,-1,-1
201501PY20791,1,1,0,18,0,8,0,0,0,0,1,1,6,1,48,8,-1,-1,-1,-1,1,-1
201501PY20791,2,9,0,9,0,8,0,0,0,0,4,1,6,1,-1,-1,1197,1,-1,-1,-1,-1
201501PY20792,1,9,0,9,0,8,0,0,0,0,1,1,6,2,46,8,1242,1,3,-1,1,-1
201501PY20792,2,3,0,18,0,8,0,0,0,0,3,1,6,1,60,9,499,1,10,-1,1,-1