Accident_Index,Vehicle_Reference,Vehicle_Type,Towing_and_Articulation,Vehicle_Manoeuvre,Vehicle_Location-Restricted_Lane,Junction_Location,Skidding_and_Overturning,Hit_Object_in_Carriageway,Vehicle_Leaving_Carriageway,Hit_Object_off_Carriageway,1st_Point_of_Impact,Was_Vehicle_Left_Hand_Drive?,Journey_Purpose_of_Driver,Sex_of_Driver,Age_of_Driver,Age_Band_of_Driver,Engine_Capacity_(CC),Propulsion_Code,Age_of_Vehicle,Driver_IMD_Decile,Driver_Home_Area_Type,Vehicle_IMD_Decile
201501QK50318,2,9,0,9,0,8,0,0,0,0,1,1,6,1,22,5,1796,1,7,-1,1,-1
201501QK50320,1,5,0,14,0,8,0,0,0,0,1,1,6,1,20,4,645,1,12,-1,1,-1
201501QK50320,2,9,0,6,0,8,0,0,0,0,3,1,6,1,50,8,1995,2,-1,-1,1,-1
201501QK50321,1,9,0,18,0,8,0,0,7,10,3,1,6,2,68,10,1339,1,10,-1,1,-1
201501QK50321,2,9,0,18,0,8,0,0,0,0,1,1,6,2,46,8,1598,2,1,-1,1,-1
201501QK50322,1,9,0,18,0,2,0,0,0,0,1,1,6,1,-1,-1,1968,2,1,-1,-1,-1
201501QK50323,1,9,0,8,0,1,0,0,0,0,2,1,6,1,54,8,1796,1,5,-1,1,-1
201501QK50323,2,9,0,5,0,1,0,0,0,0,1,1,6,2,29,6,1596,1,7,-1,1,-1
201501QK50324,1,3,0,5,0,6,0,0,0,0,4,1,1,1,32,6,-1,-1,-1,-1,-1,-1
201501QK50324,2,1,0,18,0,8,0,0,0,0,1,1,2,1,35,6,-1,-1,-1,-1,1,-1
201501QK50325,1,11,0,2,0,0,0,0,0,0,0,1,1,1,31,6,9360,2,4,-1,-1,-1
201501QK50326,1,9,0,4,0,1,0,0,0,0,1,1,6,1,20,4,1229,1,8,-1,1,-1
201501QK50326,2,9,0,4,0,1,0,0,0,0,2,1,2,2,25,5,1332,1,9,-1,1,-1
201501QK50327,1,9,0,5,0,6,0,0,0,0,1,1,6,1,75,10,1598,1,14,-1,1,-1
201501QK50327,2,3,0,18,0,8,0,0,0,0,4,1,6,1,23,5,124,1,4,-1,1,-1
201501QK50329,1,2,0,4,0,8,0,0,0,0,1,1,1,1,17,4,124,1,5,-1,1,-1
201501QK50329,2,8,0,7,0,5,0,0,0,0,4,1,6,1,-1,-1,-1,-1,-1,-1,-1,-1
201501QK50331,1,19,0,18,0,0,0,0,0,0,1,1,6,1,40,7,-1,-1,-1,-1,1,-1
201501QK50332,1,9,0,18,0,0,0,0,0,0,4,1,6,1,93,11,1997,2,6,-1,1,-1
201501QK50333,1,9,0,9,0,8,0,0,0,0,3,1,6,1,28,6,1999,1,9,-1,1,-1
201501QK50333,2,3,0,13,0,8,0,0,0,0,1,1,6,1,-1,-1,-1,-1,-1,-1,1,-1
201501QK50334,1,9,0,4,0,1,0,0,0,0,1,1,6,1,51,8,1995,2,12,-1,1,-1
201501QK50334,2,9,0,4,0,1,0,0,0,0,2,1,6,2,51,8,2200,1,14,-1,1,-1
201501QK50336,1,8,0,18,0,1,0,0,0,0,3,1,1,1,48,8,1997,2,6,-1,1,-1
201501QK50337,1,9,0,9,0,8,0,0,0,0,3,1,6,1,66,10,2148,2,8,-1,1,-1
201501QK50337,2,4,0,13,0,8,0,0,0,0,4,1,6,1,34,6,599,1,2,-1,1,-1
201501QK50338,1,9,0,3,0,1,0,0,0,0,2,1,6,1,27,6,1242,1,3,-1,1,-1
201501QK50338,2,9,0,18,0,1,0,0,0,0,1,1,6,1,53,8,-1,-1,-1,-1,1,-1
201501QK50339,1,9,0,9,0,8,0,0,0,0,1,1,6,1,21,5,1596,1,10,-1,1,-1
201501QK50339,2,1,0,13,0,8,0,0,0,0,1,1,6,1,34,6,-1,-1,-1,-1,1,-1
201501QK50340,1,3,0,9,0,5,0,7,0,0,4,1,6,1,18,4,125,1,1,-1,-1,-1
201501QK50340,2,9,0,9,0,5,0,0,0,0,0,1,1,1,45,7,-1,-1,-1,-1,-1,-1
201501QK50341,1,9,0,5,0,0,0,0,0,0,3,1,6,2,32,6,1390,1,9,-1,1,-1
201501QK50341,2,3,0,18,0,0,0,0,0,0,4,1,6,1,33,6,124,1,2,-1,1,-1
201501QK50341,3,9,0,18,0,0,0,0,0,0,3,1,6,2,49,8,1560,2,-1,-1,1,-1
201501QK50342,1,9,0,18,0,8,0,0,0,0,1,1,6,1,55,8,1783,1,14,-1,1,-1
201501QK50342,2,9,0,9,0,8,0,0,0,0,3,1,6,1,-1,-1,1969,2,-1,-1,1,-1
201501QK50343,1,9,0,18,0,8,0,0,0,0,3,1,6,1,25,5,1679,1,15,-1,1,-1
201501QK50343,2,9,0,5,0,6,0,0,0,0,1,1,6,1,-1,-1,1896,2,9,-1,-1,-1
201501QK50345,1,9,0,9,0,1,0,0,0,0,4,1,6,1,35,6,-1,-1,-1,-1,1,-1
201501QK50345,2,9,0,16,0,1,0,0,0,0,1,1,6,1,35,6,2143,2,5,-1,1,-1
201501QK50346,1,9,0,18,0,0,0,10,0,0,3,1,6,1,31,6,1596,1,9,-1,1,-1
201501QK50346,2,9,0,18,0,0,0,0,0,0,4,1,6,1,-1,-1,1998,1,7,-1,-1,-1
201501QK50347,1,9,0,1,0,2,0,0,0,0,0,1,6,1,17,4,1229,1,7,-1,1,-1
201501QK50349,1,3,0,15,0,1,0,10,0,0,3,1,6,1,34,6,125,1,-1,-1,1,-1
201501QK50349,2,9,0,3,0,1,0,0,0,0,4,1,6,1,43,7,1198,1,3,-1,1,-1
201501QK50351,1,9,0,9,0,8,0,0,0,0,1,1,6,1,23,5,1796,1,13,-1,1,-1
201501QK50351,2,2,0,18,0,8,0,0,0,0,4,1,6,1,23,5,125,1,11,-1,1,-1
201501QK50352,1,19,0,17,0,8,0,0,0,0,3,1,1,1,32,6,1248,2,3,-1,-1,-1
201501QK50352,2,9,0,11,0,8,0,0,0,0,4,1,6,2,-1,-1,-1,-1,-1,-1,-1,-1
201501QK50353,1,1,0,9,0,8,0,0,0,0,4,1,6,1,42,7,-1,-1,-1,-1,1,-1
201501QK50353,2,9,0,18,0,8,0,0,0,0,1,1,6,1,-1,-1,-1,-1,-1,-1,-1,-1
201501QK50354,1,3,0,18,0,8,0,0,0,0,1,1,1,1,24,5,125,1,6,-1,1,-1
201501QK50354,2,9,0,9,0,5,0,0,0,0,1,1,6,2,40,7,1997,2,1,-1,1,-1
201501QK50355,1,9,0,14,0,2,0,0,0,0,1,1,6,1,-1,-1,1149,1,14,-1,-1,-1
201501QK50356,1,9,0,5,0,0,0,0,0,0,3,1,6,2,36,7,1598,1,5,-1,1,-1
201501QK50358,1,9,0,9,0,8,0,0,0,0,4,1,6,2,18,4,999,1,3,-1,1,-1
201501QK50358,2,9,0,18,0,8,0,0,0,0,1,1,6,2,41,7,1997,2,7,-1,1,-1
201501QK50360,1,9,0,18,0,8,0,0,0,0,1,1,6,2,37,7,1998,1,-1,-1,1,-1
201501QK50360,2,9,0,9,0,8,0,0,0,0,3,1,6,1,-1,-1,-1,-1,-1,-1,-1,-1
201501QK50361,1,9,0,1,0,2,0,0,0,0,2,1,6,1,-1,-1,999,1,2,-1,-1,-1
201501QK50362,1,9,0,8,0,1,0,0,0,0,2,1,6,2,40,7,1995,1,13,-1,1,-1
201501QK50362,2,19,0,5,0,1,0,0,0,0,1,1,6,2,39,7,2198,2,1,-1,1,-1
201501QK50363,1,11,0,5,2,8,0,0,0,0,0,1,1,1,59,9,4500,2,5,-1,-1,-1
201501QK50364,1,19,0,18,0,8,0,0,0,0,4,1,2,1,53,8,1896,2,11,-1,1,-1
201501QK50364,2,9,0,6,0,8,0,0,0,0,1,1,6,2,26,6,1397,1,7,-1,1,-1
201501QK50365,1,9,0,5,0,6,0,0,0,0,0,1,6,1,57,9,1995,2,8,-1,1,-1
201501QK50365,2,3,0,18,0,8,0,0,0,0,0,1,6,1,19,4,125,1,1,-1,1,-1
201501QK50366,1,11,0,4,0,0,0,0,0,0,0,1,1,1,41,7,4500,2,4,-1,1,-1
201501QK50367,1,9,0,18,0,8,0,0,0,0,3,1,6,1,33,6,1968,2,5,-1,1,-1
201501QK50367,2,9,0,9,0,5,0,0,0,0,1,1,6,2,-1,-1,1598,2,4,-1,-1,-1
201501QK50368,1,9,0,3,0,1,0,0,0,0,2,1,6,1,-1,-1,1598,1,3,-1,1,-1
201501QK50368,2,9,0,18,0,1,0,0,0,0,1,1,6,1,21,5,1400,1,16,-1,1,-1
201501QK50369,1,9,0,7,0,5,0,7,1,2,1,1,2,2,38,7,1198,1,13,-1,1,-1
201501QK50370,1,9,0,9,0,8,0,0,0,0,1,1,6,1,76,11,-1,-1,-1,-1,1,-1
201501QK50370,2,3,0,17,0,8,0,0,0,0,3,1,6,1,45,7,125,1,1,-1,1,-1
201501QK50371,1,11,0,18,0,8,0,0,0,0,0,1,1,1,60,9,9360,2,3,-1,1,-1
201501QK50372,1,3,0,18,0,0,0,0,0,0,3,1,6,1,17,4,-1,-1,-1,-1,1,-1
201501QK50372,2,9,0,13,0,0,0,0,0,0,4,1,6,3,-1,-1,-1,-1,-1,-1,-1,-1
201501QK50373,1,8,0,9,0,8,0,7,7,0,4,1,1,1,42,7,1997,2,4,-1,1,-1
201501QK50373,2,9,0,18,0,8,0,0,0,0,1,1,6,2,34,6,1360,1,14,-1,1,-1
201501QK50374,1,9,0,9,0,6,0,0,0,0,3,1,6,1,61,9,2400,2,6,-1,1,-1
201501QK50374,2,3,0,18,0,8,0,0,0,0,1,1,6,2,30,6,108,1,2,-1,1,-1
201501QK50376,1,9,0,18,0,8,0,0,0,0,1,1,6,2,34,6,1796,1,14,-1,1,-1
201501QK50376,2,9,0,10,0,8,0,0,0,0,2,1,1,1,41,7,-1,-1,-1,-1,-1,-1
201501QK50377,1,9,0,4,0,8,0,0,0,0,0,1,3,1,40,7,1968,2,9,-1,1,-1
201501QK50378,1,9,0,18,0,0,0,0,0,0,1,1,6,1,42,7,1390,1,12,-1,1,-1
201501QK50379,1,9,0,18,0,2,0,0,0,0,4,1,1,2,57,9,1498,1,9,-1,1,-1
201501QK50379,2,9,0,6,0,2,0,0,0,0,3,1,2,1,-1,-1,2987,2,8,-1,-1,-1
201501QK50380,1,11,0,18,0,1,0,0,0,0,4,1,1,1,49,8,4500,2,6,-1,1,-1
201501QK50381,1,3,0,7,0,8,0,0,0,0,4,1,6,1,35,6,125,1,1,-1,1,-1
201501QK50382,1,2,0,18,0,8,0,0,0,0,4,1,6,1,33,6,49,1,1,-1,1,-1
201501QK50382,2,9,0,7,0,8,0,0,0,0,3,1,6,2,57,9,1396,1,14,-1,1,-1
201501QK50383,1,9,0,18,0,2,0,0,0,0,1,1,6,2,-1,-1,-1,-1,-1,-1,-1,-1
201501QK50383,2,1,0,18,0,2,0,0,0,0,3,1,4,1,9,2,-1,-1,-1,-1,1,-1
201501QK50385,1,9,0,18,0,2,0,0,0,0,1,1,6,1,69,10,1229,1,-1,-1,1,-1
201501QK50385,2,9,0,3,0,2,0,0,0,0,2,1,6,1,44,7,-1,-1,-1,-1,1,-1
201501QK50386,1,19,0,18,0,8,0,0,0,0,4,1,6,1,40,7,2300,2,15,-1,1,-1
201501QK50386,2,9,0,7,0,8,0,0,0,0,1,1,6,1,25,5,1749,1,14,-1,-1,-1
201501QK50387,1,9,0,9,0,8,0,0,0,0,3,1,6,1,44,7,1598,2,4,-1,1,-1
201501QK50387,2,9,0,18,0,8,0,0,0,0,4,1,6,2,-1,-1,1329,1,3,-1,1,-1
201501QK50388,1,9,0,5,0,0,0,4,0,0,1,1,6,1,-1,-1,-1,-1,-1,-1,-1,-1
201501QK50388,2,9,0,2,0,0,0,0,0,0,2,1,6,1,47,8,2429,1,14,-1,1,-1
201501QK50389,1,9,0,9,0,1,0,0,0,0,1,1,6,1,-1,-1,1149,1,12,-1,1,-1
201501QK50389,2,1,0,18,0,1,0,0,0,0,3,1,6,1,39,7,-1,-1,-1,-1,1,-1
201501QK50390,1,9,0,8,0,1,0,0,0,0,2,1,6,2,51,8,1997,1,11,-1,-1,-1
201501QK50390,2,9,0,18,0,1,0,0,0,0,1,1,6,1,-1,-1,1596,1,8,-1,1,-1
201501QK50392,1,8,0,5,0,8,0,0,0,0,1,1,1,1,44,7,1497,8,7,-1,1,-1
201501QK50393,1,9,0,18,0,0,5,4,0,0,1,1,6,1,54,8,1124,1,6,-1,1,-1
201501QK50393,2,9,0,2,0,0,0,0,0,0,4,1,6,1,28,6,1762,1,15,-1,1,-1
201501QK50393,3,9,0,18,0,0,0,0,0,0,1,1,6,1,26,6,1796,1,11,-1,1,-1
201501QK50394,1,9,0,3,0,1,0,0,0,0,2,1,3,2,40,7,1796,1,11,-1,1,-1
201501QK50394,2,9,0,18,0,1,0,0,0,0,1,1,6,1,-1,-1,1400,1,15,-1,-1,-1
201501QK50395,1,9,0,3,0,2,0,0,0,0,2,1,6,1,21,5,1598,1,10,-1,1,-1
201501QK50395,2,9,0,18,0,2,0,0,0,0,1,1,6,1,22,5,1198,1,6,-1,1,-1
201501QK50396,1,11,0,5,0,0,0,0,0,0,0,1,1,1,50,8,6700,2,3,-1,1,-1
201501QK50398,1,9,0,18,0,0,0,0,0,0,1,1,6,2,44,7,1400,1,9,-1,1,-1
201501QK50399,1,8,0,9,0,1,0,0,0,0,3,1,1,1,50,8,2231,2,6,-1,1,-1
201501QK50399,2,3,0,13,0,1,0,0,0,0,1,1,6,1,21,5,124,1,1,-1,1,-1
201501QK50400,1,9,0,7,0,6,0,0,0,0,1,1,1,2,-1,-1,1590,1,10,-1,-1,-1
201501QK50400,2,1,0,18,0,8,0,0,0,0,2,1,1,1,24,5,-1,-1,-1,-1,-1,-1
201501QK50401,1,9,0,3,0,1,0,0,0,0,2,1,6,1,74,10,-1,-1,-1,-1,1,-1
201501QK50401,2,9,0,18,0,1,0,0,0,0,1,1,6,1,39,7,1997,2,5,-1,1,-1
201501QK50402,1,4,0,7,0,6,0,0,0,0,2,1,6,1,34,6,998,1,2,-1,1,-1
201501QK50402,2,9,0,18,0,8,0,0,0,0,1,1,6,3,-1,-1,-1,-1,-1,-1,-1,-1
201501QK50403,1,3,0,10,0,8,0,0,0,0,2,1,6,1,30,6,124,1,-1,-1,1,-1
201501QK50403,2,19,0,9,0,8,0,0,0,0,1,1,6,1,39,7,1560,2,2,-1,1,-1
201501QK50404,1,9,0,9,0,8,0,0,0,0,1,1,6,3,-1,-1,1686,2,10,-1,-1,-1
201501QK50404,2,2,0,18,0,8,0,0,0,0,3,1,6,1,41,7,999,1,3,-1,-1,-1
201501QK50405,1,9,0,9,0,8,0,0,0,0,3,1,6,2,29,6,1388,1,4,-1,1,-1
201501QK50405,2,9,0,18,0,8,0,0,0,0,1,1,6,1,67,10,1797,1,21,-1,1,-1
201501QK50406,1,9,0,3,0,2,0,0,0,0,2,1,6,2,64,9,-1,-1,-1,-1,1,-1
201501QK50406,2,19,0,18,0,2,0,0,0,0,1,1,6,1,-1,-1,-1,-1,-1,-1,-1,-1
201501QK50407,1,9,0,18,0,2,0,0,0,0,1,1,6,1,50,8,1686,2,6,-1,1,-1
201501QK50408,1,9,0,18,0,8,0,0,0,0,2,1,6,1,48,8,1686,2,13,-1,1,-1
201501QK50408,2,1,0,9,0,8,0,0,0,0,1,1,6,1,62,9,-1,-1,-1,-1,1,-1
201501QK50409,1,9,0,18,0,0,0,0,0,0,1,1,6,2,23,5,1339,1,4,-1,1,-1
201501QK50409,2,9,0,18,0,0,0,0,0,0,1,1,6,1,-1,-1,1299,1,14,-1,-1,-1
201501QK50410,1,9,0,18,0,1,0,0,0,0,2,1,6,1,49,8,1968,2,5,-1,1,-1
201501QK50410,2,9,0,18,0,1,0,0,0,0,1,1,6,1,27,6,1332,1,18,-1,1,-1
201501QK50411,1,9,0,9,0,8,0,0,0,0,3,1,6,1,57,9,1984,1,5,-1,1,-1
201501QK50411,2,5,0,13,0,8,0,0,0,0,4,1,6,1,33,6,599,1,16,-1,1,-1
201501QK50412,1,9,0,18,0,2,0,0,0,0,1,1,6,1,18,4,1398,1,1,-1,1,-1
201501QK50414,1,9,0,6,0,0,0,0,0,0,3,1,6,1,32,6,2148,2,10,-1,1,-1
201501QK50414,2,3,0,13,0,0,0,0,0,0,1,1,6,2,22,5,125,1,2,-1,1,-1
201501QK50416,1,9,0,9,0,2,0,0,0,0,1,1,6,1,-1,-1,1997,2,1,-1,-1,-1
201501QK50417,1,9,0,18,0,1,0,0,0,0,4,1,6,1,49,8,1198,1,12,-1,1,-1
201501QK50417,2,1,0,18,0,1,0,0,0,0,3,1,6,1,63,9,-1,-1,-1,-1,1,-1
201501QK50418,1,4,0,14,0,2,0,0,0,0,1,1,1,1,41,7,499,1,9,-1,1,-1
201501QK50419,1,19,0,5,0,1,0,0,0,0,1,1,1,1,38,7,-1,-1,-1,-1,1,-1
201501QK50419,2,11,0,4,0,1,0,0,0,0,2,1,1,1,31,6,9360,2,5,-1,1,-1
201501QK50420,1,9,0,9,0,8,0,0,0,0,3,1,6,1,47,8,1995,2,8,-1,1,-1
201501QK50420,2,3,0,18,0,8,0,0,0,0,1,1,6,1,32,6,108,1,7,-1,-1,-1
201501QK50421,1,9,0,9,0,6,0,0,0,0,1,1,6,2,31,6,2378,1,10,-1,1,-1
201501QK50421,2,9,0,18,0,8,0,0,0,0,3,1,6,3,-1,-1,1796,1,10,-1,-1,-1
201501QK50422,1,9,0,18,0,1,0,0,0,0,1,1,6,2,36,7,1595,1,2,-1,1,-1
201501QK50423,1,3,0,18,0,8,0,0,0,0,4,1,6,1,28,6,125,1,1,-1,1,-1
201501QK50423,2,9,0,18,0,8,0,0,0,0,0,1,6,1,45,7,2400,2,3,-1,1,-1
201501QK50424,1,9,0,9,0,8,0,0,0,0,3,1,6,1,35,6,1600,2,6,-1,1,-1
201501QK50424,2,3,0,13,0,8,0,0,0,0,1,1,6,1,20,4,125,1,11,-1,1,-1
201501QK50425,1,9,0,18,0,1,0,0,0,0,4,1,6,1,33,6,-1,-1,-1,-1,1,-1
201501QK50426,1,9,0,9,0,2,0,0,0,0,1,1,6,1,21,5,1364,1,10,-1,1,-1
201501QK50427,1,9,0,9,0,8,0,0,0,0,3,1,6,1,29,6,2143,2,-1,-1,1,-1
201501QK50427,2,5,0,13,0,8,0,0,0,0,1,1,6,1,63,9,750,1,16,-1,1,-1
201501QK50428,1,1,0,18,9,0,0,0,0,0,1,1,6,1,-1,-1,-1,-1,-1,-1,-1,-1
201501QK50429,1,9,0,9,0,8,0,0,0,0,1,1,6,1,21,5,1598,1,11,-1,1,-1
201501QK50429,2,3,0,14,0,8,0,0,0,0,4,1,6,1,21,5,124,1,4,-1,1,-1
201501QK50430,1,9,0,3,0,6,0,0,0,0,2,1,6,1,44,7,999,1,14,-1,1,-1
201501QK50430,2,19,0,18,0,1,0,0,0,0,1,1,1,1,42,7,2143,2,2,-1,1,-1
201501QK50430,3,9,0,18,0,6,0,0,0,0,1,1,1,1,36,7,-1,-1,-1,-1,-1,-1
201501QK50432,1,2,0,15,0,8,0,0,0,0,1,1,6,1,26,6,124,1,10,-1,1,-1
201501QK50432,2,9,0,9,0,8,0,0,0,0,1,1,6,1,21,5,1686,2,6,-1,1,-1
201501QK50433,1,4,0,18,0,8,0,0,0,0,3,1,2,1,44,7,865,1,5,-1,1,-1
201501QK50434,1,9,0,18,0,8,0,10,1,1,1,1,6,1,68,10,1998,1,17,-1,1,-1
201501QK50434,2,9,0,2,0,8,0,0,0,0,2,1,6,3,-1,-1,1242,1,12,-1,-1,-1
201501QK50434,3,9,0,9,0,6,0,0,0,0,1,1,1,1,-1,-1,-1,-1,-1,-1,1,-1
201501QK50435,1,1,0,18,0,0,0,0,0,0,2,1,6,1,13,3,-1,-1,-1,-1,-1,-1
201501QK50435,2,9,0,18,0,0,0,0,0,0,1,1,6,2,48,8,1997,2,12,-1,1,-1
201501QK50436,1,3,0,13,0,2,0,0,0,0,4,1,6,1,22,5,124,1,2,-1,1,-1
201501QK50436,2,11,0,12,0,2,0,0,0,0,3,1,1,1,46,8,-1,-1,-1,-1,1,-1
201501QK50436,3,9,0,3,0,1,0,0,0,0,1,1,6,1,30,6,1388,1,6,-1,1,-1
201501QK50437,1,19,0,18,0,8,0,0,0,0,1,1,6,1,48,8,1870,2,9,-1,-1,-1
201501QK50437,2,9,0,9,0,8,0,0,0,0,4,1,6,1,19,4,1364,1,8,-1,-1,-1
201501QK50438,1,5,0,13,0,8,0,0,0,0,4,1,6,1,44,7,645,1,1,-1,1,-1
201501QK50438,2,9,0,9,0,8,0,0,0,0,3,1,6,2,-1,-1,1598,1,2,-1,-1,-1
201501QK50439,1,9,0,18,0,8,0,0,0,0,4,1,6,1,55,8,1968,2,1,-1,1,-1
201501QK50439,2,90,0,14,0,8,0,0,0,0,1,1,1,1,-1,-1,-1,-1,-1,-1,-1,-1
201501QK50440,1,9,0,10,0,8,0,0,0,0,2,1,6,1,38,7,1968,2,2,-1,1,-1
201501QK50440,2,9,0,18,0,8,0,0,0,0,1,1,6,2,-1,-1,1995,2,4,-1,-1,-1
201501QK50441,1,9,0,18,0,0,0,0,0,0,1,1,6,1,27,6,1390,1,6,-1,1,-1
201501QK50443,1,9,0,17,0,2,0,0,0,0,1,1,6,1,24,5,1797,8,5,-1,1,-1
201501QK50444,1,9,0,9,0,8,0,0,0,0,2,1,3,1,38,7,2231,2,8,-1,1,-1
201501QK50444,2,19,0,18,0,8,0,0,0,0,1,1,6,1,54,8,2287,2,7,-1,1,-1
201501QK50445,1,9,0,14,0,0,0,0,0,0,1,1,6,1,26,6,1599,1,12,-1,1,-1
201501QK50445,2,9,0,6,0,0,0,0,0,0,3,1,6,1,-1,-1,2198,2,-1,-1,-1,-1
201501QK50446,1,8,0,7,0,8,0,0,0,0,1,1,1,1,46,8,1997,2,6,-1,1,-1
201501QK50446,2,9,0,18,0,8,0,0,0,0,4,1,6,1,47,8,998,1,19,-1,1,-1
201501QK50447,1,9,0,3,0,0,0,0,0,0,2,1,6,1,37,7,1968,2,3,-1,1,-1
201501QK50447,2,9,0,18,0,0,0,0,0,0,1,1,6,2,-1,-1,1794,1,13,-1,-1,-1
201501QK50448,1,8,0,7,0,5,0,0,0,0,2,1,1,1,51,8,-1,-1,-1,-1,1,-1
201501QK50448,2,9,0,18,0,8,0,0,0,0,1,1,6,1,-1,-1,1596,1,11,-1,-1,-1
201501QK50449,1,19,0,18,0,1,0,0,0,0,1,1,6,1,-1,-1,-1,-1,-1,-1,-1,-1
201501QK50450,1,9,0,18,0,1,0,0,0,0,4,1,2,1,29,6,1390,1,2,-1,1,-1
201501QK50451,1,9,0,9,0,8,0,4,0,0,4,1,6,2,57,9,1794,1,10,-1,1,-1
201501QK50451,2,9,0,2,0,8,0,0,0,0,4,1,6,1,31,6,1198,1,2,-1,1,-1
201501QK50452,1,11,0,4,0,1,0,0,0,0,0,1,1,1,38,7,9360,2,5,-1,1,-1
201501QK50453,1,9,0,9,0,5,0,0,0,0,3,1,6,1,46,8,2521,1,10,-1,1,-1
201501QK50453,2,4,0,18,0,8,0,0,0,0,1,1,6,1,34,6,599,1,11,-1,1,-1
201501QK50454,1,9,0,9,0,8,0,9,7,0,4,1,6,2,22,5,1198,1,7,-1,1,-1
201501QK50454,2,9,0,18,0,8,0,0,0,0,1,1,6,1,-1,-1,1896,2,13,-1,1,-1
201501QK50454,3,9,0,18,0,8,0,0,1,1,1,1,6,1,-1,-1,1685,2,1,-1,1,-1
201501QK50455,1,9,0,9,0,8,0,0,0,0,4,1,6,1,25,5,1329,1,-1,-1,1,-1
201501QK50455,2,9,0,18,0,8,0,0,0,0,1,1,6,1,80,11,1783,1,11,-1,1,-1
201501QK50456,1,9,0,18,0,8,0,0,0,0,2,1,6,1,54,8,1988,1,11,-1,1,-1
201501QK50456,2,11,0,18,0,8,0,0,0,0,1,1,6,1,38,7,9360,2,5,-1,1,-1
201501QK50458,1,9,0,7,0,6,0,0,0,0,1,1,6,2,34,6,1390,1,9,-1,1,-1
201501QK50458,2,2,0,13,0,8,0,0,0,0,4,1,1,1,-1,-1,125,1,1,-1,1,-1
201501QK50459,1,9,0,9,0,0,5,4,7,0,1,1,6,1,52,8,1591,1,3,-1,1,-1
201501QK50459,2,9,0,2,0,0,0,0,7,0,4,1,6,3,-1,-1,1598,2,5,-1,-1,-1
201501QK50460,1,2,0,18,0,0,0,0,0,0,2,1,6,1,21,5,50,1,2,-1,1,-1
201501QK50460,2,9,0,18,0,0,0,0,0,0,1,1,6,3,-1,-1,-1,-1,-1,-1,-1,-1
201501QK50461,1,90,0,17,9,8,0,0,0,0,1,1,6,1,92,11,-1,-1,-1,-1,1,-1
201501QK50461,2,9,0,5,0,6,0,0,0,0,3,1,6,2,-1,-1,2967,2,8,-1,-1,-1
201501QK50462,1,2,0,9,0,8,0,0,0,0,3,1,2,1,23,5,124,1,2,-1,-1,-1
201501QK50462,2,19,0,9,0,8,0,0,0,0,4,1,6,1,49,8,-1,-1,-1,-1,1,-1
201501QK50463,1,9,0,5,0,2,0,0,0,0,1,1,6,1,34,6,2000,2,10,-1,1,-1
201501QK50463,2,1,0,18,0,1,0,0,0,0,4,1,6,1,13,3,-1,-1,-1,-1,1,-1
201501QK50464,1,11,0,17,0,2,0,0,0,0,0,1,1,1,28,6,9360,2,5,-1,1,-1
201501QK50465,1,9,0,18,0,1,0,0,0,0,3,1,6,1,56,9,1590,1,10,-1,1,-1
201501QK50466,1,11,0,4,0,1,0,0,0,0,0,1,1,1,44,7,9360,2,5,-1,1,-1
201501QK50467,1,3,0,18,0,0,0,0,0,0,1,1,6,1,38,7,-1,-1,-1,-1,1,-1
201501QK50467,2,9,0,6,0,0,0,0,0,0,4,1,6,1,21,5,1461,2,1,-1,1,-1
201501QK50468,1,9,0,18,0,8,0,0,0,0,3,1,6,2,57,9,1997,1,3,-1,1,-1
201501QK50468,2,9,0,9,0,8,0,0,0,0,4,1,6,2,26,6,1339,1,4,-1,1,-1
201501QK50469,1,9,0,18,0,1,0,0,0,0,4,1,6,2,21,5,1198,1,5,-1,1,-1
201501QK50471,1,9,0,3,0,2,0,0,0,0,2,1,6,2,20,4,998,1,4,-1,1,-1
201501QK50471,2,9,0,18,0,2,0,0,0,0,1,1,6,1,77,11,1995,2,7,-1,1,-1
201501QK50472,1,9,0,3,0,1,0,0,0,0,1,1,6,2,32,6,1560,2,-1,-1,1,-1
201501QK50472,2,9,0,3,0,1,0,0,0,0,2,1,6,2,48,8,1364,1,3,-1,1,-1
201501QK50473,1,9,0,5,0,1,0,0,0,0,3,1,6,1,24,5,1598,1,12,-1,1,-1
201501QK50473,2,9,0,18,0,1,0,0,0,0,4,1,6,2,-1,-1,1895,1,16,-1,1,-1
201501QK50474,1,9,0,5,0,8,0,0,0,0,1,1,6,1,-1,-1,-1,-1,-1,-1,-1,-1
201501QK50475,1,9,0,9,0,8,0,0,0,0,4,1,6,1,37,7,1390,1,12,-1,1,-1
201501QK50477,1,9,0,5,0,2,0,0,0,0,3,1,6,1,42,7,-1,-1,-1,-1,1,-1
201501QK50477,2,4,0,18,0,2,0,0,0,0,4,1,6,1,42,7,647,1,10,-1,1,-1
201501QK50478,1,9,0,9,0,6,0,0,0,0,1,1,6,1,38,7,1910,2,12,-1,1,-1
201501QK50478,2,9,0,18,0,8,0,0,0,0,1,1,1,1,31,6,2199,2,-1,-1,1,-1
201501QK50478,3,9,0,10,0,8,0,0,0,0,3,1,1,1,48,8,1598,1,12,-1,2,-1
201501QK50479,1,2,0,18,0,0,1,0,0,0,1,1,6,1,29,6,49,1,3,-1,1,-1
201501QK50480,1,9,0,5,0,0,0,0,0,0,1,1,6,2,33,6,1956,2,-1,-1,1,-1
201501QK50480,2,9,0,3,0,0,0,0,0,0,2,1,6,1,33,6,2967,2,8,-1,1,-1
201501QK50481,1,11,0,4,0,8,0,0,0,0,0,1,1,1,-1,-1,9360,2,5,-1,-1,-1
201501QK50481,2,9,0,9,0,5,0,0,0,0,0,1,6,3,-1,-1,-1,-1,-1,-1,-1,-1