Accident_Index,Vehicle_Reference,Vehicle_Type,Towing_and_Articulation,Vehicle_Manoeuvre,Vehicle_Location-Restricted_Lane,Junction_Location,Skidding_and_Overturning,Hit_Object_in_Carriageway,Vehicle_Leaving_Carriageway,Hit_Object_off_Carriageway,1st_Point_of_Impact,Was_Vehicle_Left_Hand_Drive?,Journey_Purpose_of_Driver,Sex_of_Driver,Age_of_Driver,Age_Band_of_Driver,Engine_Capacity_(CC),Propulsion_Code,Age_of_Vehicle,Driver_IMD_Decile,Driver_Home_Area_Type,Vehicle_IMD_Decile
201501QK50638,1,19,0,4,0,0,0,0,0,0,3,1,1,1,26,6,2143,2,1,-1,1,-1
201501QK50639,1,9,0,18,0,8,0,0,0,0,1,1,6,1,42,7,1590,1,19,-1,1,-1
201501QK50639,2,9,0,9,0,6,0,0,0,0,3,1,6,2,35,6,1598,1,11,-1,1,-1
201501QK50640,1,19,0,18,0,0,0,0,0,0,4,1,6,1,58,9,-1,-1,-1,-1,3,-1
201501QK50642,1,9,0,4,0,8,0,0,0,0,2,1,6,1,-1,-1,1968,2,5,-1,1,-1
201501QK50642,2,9,0,4,0,8,0,0,0,0,2,1,6,1,34,6,2204,2,7,-1,1,-1
201501QK50642,3,19,0,4,0,8,0,0,0,0,1,1,6,1,36,7,1248,2,7,-1,1,-1
201501QK50643,1,5,4,18,0,2,0,0,0,0,4,1,6,1,31,6,1584,1,5,-1,1,-1
201501QK50643,2,9,0,15,0,2,0,0,0,0,3,1,6,1,-1,-1,1388,1,6,-1,-1,-1
201501QK50644,1,9,0,17,0,0,0,0,0,0,1,1,6,1,30,6,1389,1,10,-1,1,-1
201501QK50645,1,9,0,3,0,2,0,0,0,0,2,1,6,1,56,9,4367,2,5,-1,1,-1
201501QK50645,2,9,0,3,0,2,0,0,0,0,2,1,6,1,32,6,1339,1,12,-1,-1,-1
201501QK50645,3,9,0,18,0,2,0,0,0,0,1,1,6,2,59,9,1598,1,4,-1,1,-1
201501QK50646,1,19,0,3,0,1,0,0,0,0,2,1,1,1,28,6,-1,-1,-1,-1,1,-1
201501QK50646,2,11,0,4,0,1,0,0,0,0,2,1,1,1,54,8,-1,-1,-1,-1,1,-1
201501QK50646,3,11,0,4,0,1,0,0,0,0,1,1,1,1,48,8,12600,2,12,-1,1,-1
201501QK50647,1,9,0,18,0,8,0,10,1,1,1,1,1,1,22,5,1910,2,8,-1,1,-1
201501QK50647,2,9,0,9,0,8,0,0,0,0,1,1,6,1,34,6,1998,1,14,-1,1,-1
201501QK50648,1,1,0,18,0,8,0,0,0,0,4,1,2,1,48,8,-1,-1,-1,-1,1,-1
201501QK50648,2,19,0,18,0,8,0,0,0,0,1,1,6,1,-1,-1,1753,2,9,-1,1,-1
201501QK50649,1,9,0,18,0,1,0,0,0,0,3,1,6,1,27,6,2143,2,1,-1,1,-1
201501QK50650,1,11,0,7,0,8,0,0,0,0,2,1,1,1,41,7,9360,2,3,-1,1,-1
201501QK50650,2,9,0,9,0,8,0,0,0,0,1,1,6,2,27,6,-1,-1,-1,-1,-1,-1
201501QK50651,1,9,0,18,0,1,5,4,0,0,1,1,6,1,55,8,1595,1,6,-1,1,-1
201501QK50651,2,9,0,18,0,2,0,0,0,0,3,1,6,2,53,8,1997,1,2,-1,1,-1
201501QK50651,3,9,0,2,0,1,0,0,0,0,2,1,6,3,-1,-1,998,1,16,-1,-1,-1
201501QK50653,1,9,0,18,0,0,5,4,0,0,4,1,6,1,28,6,2179,2,3,-1,1,-1
201501QK50653,2,8,0,3,0,0,0,0,0,0,3,1,1,1,53,8,1797,8,6,-1,1,-1
201501QK50653,3,19,0,3,0,0,0,0,0,0,3,1,6,1,-1,-1,-1,-1,-1,-1,1,-1
201501QK50653,4,9,0,2,0,0,0,0,0,0,3,1,6,3,-1,-1,1968,2,9,-1,-1,-1
201501QK50653,5,9,0,2,0,0,0,0,0,0,3,1,6,3,-1,-1,998,1,9,-1,-1,-1
201501QK50654,1,4,0,18,0,8,0,0,0,0,1,1,1,1,22,5,125,1,5,-1,-1,-1
201501QK50654,2,9,0,9,0,8,0,0,0,0,3,1,6,2,52,8,1948,1,-1,-1,1,-1
201501QK50655,1,3,0,4,0,0,1,0,0,0,1,1,1,1,21,5,108,1,-1,-1,1,-1
201501QK50655,2,9,0,3,0,0,0,0,0,0,1,1,6,1,53,8,998,1,15,-1,1,-1
201501QK50656,1,9,0,9,0,8,0,0,0,0,4,1,6,1,24,5,2000,2,6,-1,1,-1
201501QK50656,2,1,0,18,0,8,0,0,0,0,1,1,6,1,32,6,-1,-1,-1,-1,1,-1
201501QK50657,1,9,0,5,0,8,0,0,0,0,4,1,6,1,25,5,1390,1,4,-1,1,-1
201501QK50657,2,9,0,18,0,8,0,0,0,0,3,1,6,1,54,8,-1,-1,-1,-1,1,-1
201501QK50657,3,1,0,18,0,8,0,0,0,0,1,1,6,1,55,8,-1,-1,-1,-1,-1,-1
201501QK50658,1,9,0,18,0,8,0,0,0,0,4,1,6,1,39,7,1497,1,9,-1,1,-1
201501QK50658,2,11,0,5,0,6,0,0,0,0,1,1,6,1,61,9,6700,2,3,-1,1,-1
201501QK50659,1,9,0,9,0,5,0,0,0,0,1,1,6,2,60,9,1595,1,6,-1,1,-1
201501QK50660,1,9,0,18,0,8,0,7,7,2,4,1,2,2,35,6,1587,1,17,-1,1,-1
201501QK50660,2,19,0,7,0,8,0,0,0,0,1,1,1,1,27,6,2198,2,2,-1,1,-1
201501QK50661,1,9,0,3,0,2,0,0,0,0,2,1,6,2,26,6,1598,1,13,-1,1,-1
201501QK50661,2,9,0,18,0,2,0,0,0,0,1,1,6,1,25,5,1968,2,-1,-1,-1,-1
201501QK50661,3,9,0,3,0,2,0,0,0,0,2,1,6,3,-1,-1,1896,2,12,-1,1,-1
201501QK50661,4,9,0,3,0,2,0,0,0,0,2,1,6,3,-1,-1,2099,1,13,-1,1,-1
201501QK50662,1,8,0,1,0,0,0,0,0,0,2,1,6,1,-1,-1,1497,8,7,-1,-1,-1
201501QK50664,1,9,0,4,0,0,1,0,0,0,4,1,2,1,43,7,3969,1,29,-1,1,-1
201501QK50664,2,3,0,5,0,0,0,0,0,0,3,1,2,1,29,6,108,1,4,-1,1,-1
201501QK50665,1,9,0,18,0,0,0,0,0,0,1,1,2,1,24,5,1995,1,6,-1,1,-1
201501QK50665,2,9,0,6,0,0,0,0,0,0,4,1,6,1,40,7,1998,2,-1,-1,1,-1
201501QK50666,1,5,0,12,0,8,0,0,0,0,3,1,6,1,30,6,-1,-1,-1,-1,1,-1
201501QK50666,2,9,0,11,0,8,0,0,0,0,4,1,6,2,22,5,1400,1,10,-1,-1,-1
201501QK50668,1,5,0,13,0,1,0,0,0,0,4,1,6,1,29,6,599,1,4,-1,-1,-1
201501QK50668,2,9,0,9,0,1,0,0,0,0,3,1,6,2,34,6,1988,1,14,-1,1,-1
201501QK50669,1,9,0,6,0,0,0,0,0,0,3,1,1,1,25,5,-1,-1,-1,-1,-1,-1
201501QK50669,2,3,0,4,0,0,1,0,0,0,1,1,6,1,19,4,124,1,7,-1,1,-1
201501QK50670,1,9,0,4,0,8,0,0,0,0,3,1,6,1,41,7,1997,1,1,-1,1,-1
201501QK50670,2,9,0,14,0,8,0,0,0,0,1,1,6,1,61,9,-1,-1,-1,-1,1,-1
201501QK50671,1,5,0,4,0,8,0,0,0,0,1,1,6,1,40,7,670,1,3,-1,1,-1
201501QK50671,2,9,0,9,0,5,0,0,0,0,4,1,6,1,-1,-1,-1,-1,-1,-1,-1,-1
201501QK50672,1,9,0,5,0,6,0,0,0,0,4,1,6,2,34,6,1560,2,7,-1,1,-1
201501QK50672,2,3,0,18,0,8,0,0,0,0,1,1,6,2,23,5,-1,-1,-1,-1,1,-1
201501QK50673,1,19,0,4,0,0,0,0,0,0,1,1,2,1,64,9,1968,2,4,-1,1,-1
201501QK50673,2,1,0,3,0,0,0,0,0,0,2,1,6,1,49,8,-1,-1,-1,-1,1,-1
201501QK50674,1,9,0,3,0,8,0,0,0,0,2,1,2,1,33,6,2979,1,6,-1,1,-1
201501QK50674,2,19,0,13,0,8,0,0,0,0,1,1,2,1,45,7,2198,2,-1,-1,-1,-1
201501QK50676,1,9,0,18,0,1,0,0,1,1,3,1,2,1,34,6,1998,2,8,-1,1,-1
201501QK50676,2,21,1,11,0,1,0,0,0,0,4,1,1,1,-1,-1,-1,-1,-1,-1,-1,-1
201501QK50677,1,9,0,9,0,6,0,0,0,0,3,1,6,1,39,7,-1,-1,-1,-1,1,-1
201501QK50677,2,3,0,14,0,8,0,0,0,0,1,1,1,1,26,6,125,1,2,-1,1,-1
201501QK50678,1,9,0,6,0,8,0,0,0,0,1,1,6,2,43,7,1596,1,4,-1,1,-1
201501QK50678,2,3,0,18,0,8,1,0,0,0,1,1,6,1,43,7,108,1,-1,-1,1,-1
201501QK50681,1,19,0,18,0,8,0,0,0,0,2,1,6,1,36,7,1968,2,2,-1,1,-1
201501QK50681,2,9,0,18,0,8,0,0,0,0,1,1,6,1,46,8,1995,2,10,-1,1,-1
201501QK50683,1,9,0,18,0,2,0,0,0,0,1,1,6,1,26,6,1896,2,11,-1,1,-1
201501QK50684,1,90,0,4,0,0,0,0,0,0,1,1,1,2,51,8,-1,-1,-1,-1,-1,-1
201501QK50684,2,9,0,3,0,0,0,0,0,0,2,1,2,2,24,5,1390,1,6,-1,1,-1
201501QK50684,3,9,0,4,0,0,0,0,0,0,2,1,6,2,-1,-1,2143,2,4,-1,1,-1
201501QK50685,1,4,0,17,0,0,0,0,1,2,1,1,1,1,23,5,125,1,2,-1,1,-1
201501QK50685,2,9,0,2,0,0,0,0,0,0,4,1,6,3,-1,-1,1329,1,6,-1,-1,-1
201501QK50686,1,19,0,9,0,8,0,0,0,0,4,1,6,1,53,8,-1,-1,-1,-1,1,-1
201501QK50686,2,3,0,18,0,8,0,0,0,0,1,1,6,1,48,8,124,1,7,-1,1,-1
201501QK50687,1,9,0,5,0,0,0,0,0,0,1,1,6,1,26,6,1598,2,2,-1,1,-1
201501QK50688,1,1,0,18,0,8,0,0,0,0,4,1,6,1,31,6,-1,-1,-1,-1,1,-1
201501QK50688,2,9,0,7,0,6,0,0,0,0,3,1,6,1,32,6,2993,2,4,-1,1,-1
201501QK50690,1,11,0,5,0,1,0,0,0,0,0,1,1,1,48,8,9360,2,3,-1,1,-1
201501QK50691,1,9,0,18,0,0,0,0,0,0,1,1,6,1,50,8,1392,1,20,-1,1,-1
201501QK50692,1,19,0,18,0,1,0,0,0,0,3,1,1,1,43,7,2198,2,-1,-1,1,-1
201501QK50693,1,9,0,12,0,0,0,0,0,0,2,1,6,1,39,7,1590,1,14,-1,1,-1
201501QK50693,2,21,0,18,0,0,0,0,0,0,1,1,2,1,57,9,12902,2,1,-1,3,-1
201501QK50694,1,5,0,5,0,8,0,0,0,0,0,1,6,1,52,8,599,1,17,-1,-1,-1
201501QK50695,1,3,0,18,0,0,0,0,0,0,1,1,1,1,28,6,125,1,5,-1,-1,-1
201501QK50695,2,9,0,6,0,0,0,0,0,0,3,1,6,1,58,9,1598,1,5,-1,1,-1
201501QK50696,1,9,0,9,0,8,0,0,0,0,1,1,6,1,28,6,1396,1,13,-1,1,-1
201501QK50696,2,1,0,7,0,8,0,0,0,0,1,1,6,1,43,7,-1,-1,-1,-1,1,-1
201501QK50697,1,19,0,18,0,2,0,0,0,0,4,1,1,1,25,5,2143,2,3,-1,1,-1
201501QK50697,2,1,0,15,0,2,0,0,1,0,3,1,6,1,31,6,-1,-1,-1,-1,1,-1
201501QK50699,1,8,0,9,0,6,0,0,0,0,1,1,6,1,24,5,-1,-1,-1,-1,1,-1
201501QK50699,2,3,0,14,0,8,0,0,0,0,1,1,6,1,26,6,125,1,4,-1,1,-1
201501QK50699,3,19,0,3,0,8,0,0,0,0,3,1,6,1,25,5,2198,2,4,-1,1,-1
201501QK50700,1,9,0,18,0,8,0,0,0,0,1,1,6,1,27,6,1999,1,12,-1,1,-1
201501QK50700,2,9,0,18,2,8,0,0,0,0,3,1,1,1,56,9,1999,1,10,-1,1,-1
201501QK50700,3,9,0,18,0,8,0,0,0,0,3,1,6,2,40,7,1329,1,-1,-1,1,-1
201501QK50701,1,9,0,5,0,8,0,0,0,0,1,1,6,2,35,6,-1,-1,-1,-1,-1,-1
201501QK50701,2,1,0,5,0,8,0,0,0,0,4,1,6,1,26,6,-1,-1,-1,-1,1,-1
201501QK50702,1,9,0,4,0,0,0,0,0,0,2,1,6,2,30,6,998,1,1,-1,-1,-1
201501QK50702,2,9,0,18,0,0,0,0,0,0,1,1,1,1,55,8,2995,1,11,-1,1,-1
201501QK50703,1,11,0,3,0,0,0,0,0,0,4,1,1,1,39,7,7300,2,11,-1,1,-1
201501QK50705,1,4,0,4,0,0,0,0,0,0,1,1,6,1,16,4,124,1,-1,-1,1,-1
201501QK50706,1,9,0,9,0,6,0,0,0,0,1,1,6,1,49,8,2967,1,12,-1,1,-1
201501QK50706,2,3,0,14,0,8,0,0,0,0,1,1,6,1,27,6,102,1,8,-1,1,-1
201501QK50707,1,9,0,4,0,8,0,0,0,0,1,1,6,1,20,4,1390,1,9,-1,-1,-1
201501QK50707,2,9,0,9,0,8,0,0,0,0,4,1,3,1,43,7,1598,1,10,-1,1,-1
201501QK50708,1,1,0,5,4,8,0,0,0,0,1,1,1,1,39,7,-1,-1,-1,-1,-1,-1
201501QK50708,2,9,0,7,0,5,0,0,0,0,4,1,2,2,29,6,1598,1,2,-1,1,-1
201501QK50709,1,3,0,18,0,8,0,0,0,0,0,1,6,1,42,7,-1,-1,-1,-1,1,-1
201501QK50709,2,3,0,9,0,5,0,0,0,0,0,1,6,1,-1,-1,124,1,9,-1,-1,-1
201501QK50710,1,9,0,16,0,2,0,0,0,0,3,1,2,1,27,6,1598,1,11,-1,1,-1
201501QK50711,1,9,0,5,0,6,0,0,0,0,1,1,6,1,36,7,-1,-1,-1,-1,1,-1
201501QK50711,2,9,0,17,0,8,0,0,0,0,4,1,6,1,31,6,2497,1,10,-1,1,-1
201501QK50712,1,9,0,5,0,0,0,0,0,0,1,1,6,2,54,8,1598,1,7,-1,1,-1
201501QK50712,2,3,0,17,0,0,0,0,0,0,1,1,6,1,-1,-1,124,1,13,-1,1,-1
201501QK50713,1,4,0,18,0,8,0,0,0,0,1,1,1,1,42,7,124,1,10,-1,-1,-1
201501QK50714,1,9,0,11,0,8,0,0,0,0,4,1,6,1,37,7,1598,1,12,-1,1,-1
201501QK50714,2,8,0,15,0,8,0,0,0,0,3,1,1,1,37,7,1997,2,6,-1,1,-1
201501QK50715,1,9,0,7,0,8,0,0,0,0,1,1,2,1,43,7,1896,2,12,-1,3,-1
201501QK50715,2,1,0,11,0,8,0,0,0,0,2,1,2,1,56,9,-1,-1,-1,-1,1,-1
201501QK50716,1,9,0,4,0,1,0,0,0,0,1,1,2,1,46,8,1396,1,14,-1,1,-1
201501QK50716,2,2,0,4,0,1,0,0,0,0,2,1,2,1,-1,-1,124,1,2,-1,1,-1
201501QK50717,1,11,0,4,2,1,0,0,0,0,0,1,1,1,32,6,-1,-1,-1,-1,1,-1
201501QK50718,1,9,0,18,0,8,0,0,0,0,1,1,6,1,27,6,-1,-1,-1,-1,1,-1
201501QK50718,2,9,0,9,0,5,0,0,0,0,4,1,2,1,34,6,1896,2,11,-1,1,-1
201501QK50719,1,9,0,9,0,5,0,0,0,0,4,1,2,1,43,7,1149,1,10,-1,1,-1
201501QK50719,2,1,0,18,0,8,0,0,0,0,1,1,6,2,-1,-1,-1,-1,-1,-1,1,-1
201501QK50721,1,9,0,11,0,0,0,0,0,0,4,1,6,1,34,6,1598,2,1,-1,1,-1
201501QK50721,2,5,0,18,0,0,0,0,0,0,3,1,6,1,27,6,689,1,-1,-1,1,-1
201501QK50722,1,9,0,5,0,8,0,0,0,0,3,1,6,2,-1,-1,1956,2,4,-1,1,-1
201501QK50722,2,9,0,13,0,8,0,0,0,0,4,1,6,1,47,8,1951,2,14,-1,1,-1
201501QK50723,1,3,0,13,0,2,0,0,0,0,1,1,6,1,17,4,125,1,3,-1,1,-1
201501QK50723,2,9,0,6,0,2,0,0,0,0,3,1,6,1,45,7,1796,1,14,-1,1,-1
201501QK50724,1,11,0,4,0,1,0,0,0,0,0,1,6,1,50,8,7300,2,11,-1,1,-1
201501QK50726,1,9,0,18,0,0,0,0,0,0,3,1,6,2,30,6,2143,2,2,-1,1,-1
201501QK50726,2,9,0,13,0,0,0,0,0,0,4,1,6,1,-1,-1,1596,1,8,-1,-1,-1
201501QK50727,1,4,0,13,0,8,0,0,0,0,4,1,1,1,-1,-1,125,1,11,-1,1,-1
201501QK50727,2,9,0,9,0,5,0,0,0,0,3,1,6,2,-1,-1,2143,2,5,-1,-1,-1
201501QK50728,1,9,0,7,0,8,0,0,0,0,3,1,1,1,40,7,1988,1,13,-1,1,-1
201501QK50728,2,9,0,18,0,8,0,0,0,0,4,1,1,1,23,5,1598,2,2,-1,1,-1
201501QK50732,1,9,0,11,0,0,0,0,0,0,4,1,6,1,37,7,1995,1,12,-1,1,-1
201501QK50732,2,11,0,18,2,0,0,0,0,0,3,1,1,1,44,7,4500,2,-1,-1,-1,-1
201501QK50733,1,9,0,4,0,1,0,0,0,0,1,1,6,2,28,6,1991,2,9,-1,1,-1
201501QK50733,2,9,0,3,0,1,0,7,0,0,2,1,6,2,54,8,1998,1,9,-1,1,-1
201501QK50734,1,9,0,10,0,8,0,0,0,0,2,1,6,1,51,8,1598,1,11,-1,1,-1
201501QK50734,2,19,0,4,0,8,1,0,0,0,1,1,6,1,35,6,2148,2,7,-1,1,-1
201501QK50736,1,9,0,4,0,0,0,0,0,0,2,1,6,1,51,8,1275,1,18,-1,1,-1
201501QK50736,2,8,0,4,0,0,0,0,0,0,2,1,6,1,49,8,1998,2,5,-1,1,-1
201501QK50736,3,9,0,4,0,0,0,0,0,0,1,1,6,1,25,5,1896,1,16,-1,1,-1
201501QK50737,1,9,0,9,0,6,0,0,0,0,3,1,6,2,23,5,1360,1,12,-1,1,-1
201501QK50737,2,3,0,14,0,8,1,0,0,0,4,1,6,1,38,7,278,1,3,-1,1,-1
201501QK50738,1,9,0,18,0,0,0,0,0,0,1,1,6,2,62,9,1149,1,11,-1,1,-1
201501QK50738,2,11,0,3,0,0,0,0,0,0,2,1,6,1,48,8,9360,2,5,-1,1,-1
201501QK50739,1,9,0,14,0,0,0,0,0,0,4,1,6,2,32,6,1229,1,3,-1,1,-1
201501QK50740,1,9,0,5,0,8,0,0,0,0,1,1,6,2,44,7,3456,8,1,-1,1,-1
201501QK50740,2,9,0,18,0,8,0,0,1,0,3,1,6,2,36,7,1242,1,2,-1,1,-1
201501QK50741,1,11,0,5,0,1,0,0,0,0,0,1,1,1,36,7,5132,2,1,-1,1,-1
201501QK50742,1,9,0,11,0,0,0,0,0,0,1,1,6,1,32,6,-1,-1,-1,-1,-1,-1
201501QK50742,2,11,0,5,0,0,0,0,0,0,2,1,1,1,48,8,9360,2,3,-1,1,-1
201501QK50743,1,19,0,9,0,1,0,0,0,0,3,1,1,1,50,8,1560,2,4,-1,1,-1
201501QK50743,2,1,0,13,0,1,0,0,0,0,1,1,1,1,38,7,-1,-1,-1,-1,1,-1
201501QK50744,1,3,0,13,0,0,0,0,0,0,4,1,6,1,48,8,125,1,1,-1,1,-1
201501QK50744,2,9,0,6,0,0,0,0,0,0,3,1,6,1,52,8,1598,1,7,-1,-1,-1
201501QK50745,1,9,0,3,0,1,0,0,0,0,2,1,6,1,39,7,1389,1,9,-1,1,-1
201501QK50745,2,9,0,18,0,1,0,0,0,0,1,1,6,1,28,6,1595,1,10,-1,1,-1
201501QK50746,1,9,0,14,0,8,0,0,0,0,3,1,6,1,33,6,-1,-1,-1,-1,1,-1
201501QK50747,1,9,0,18,0,2,0,0,0,0,1,1,3,2,32,6,1896,2,12,-1,-1,-1
201501QK50748,1,9,0,18,0,0,0,0,0,0,3,1,6,1,28,6,1798,1,8,-1,1,-1
201501QK50748,2,9,0,14,0,0,0,0,0,0,1,1,6,1,32,6,1582,2,2,-1,1,-1
201501QK50750,1,9,0,3,0,1,0,0,0,0,2,1,6,1,33,6,1149,1,9,-1,1,-1
201501QK50750,2,9,0,3,0,1,0,0,0,0,2,1,6,2,22,5,1149,1,7,-1,1,-1
201501QK50750,3,9,0,4,0,1,0,0,0,0,1,1,6,1,27,6,1968,2,6,-1,1,-1
201501QK50751,1,9,0,18,0,1,0,0,0,0,3,1,6,1,22,5,1229,1,7,-1,1,-1
201501QK50751,2,19,0,5,0,1,0,0,0,0,1,1,6,1,-1,-1,1968,2,1,-1,-1,-1
201501QK50752,1,9,0,1,0,0,0,10,2,10,1,1,6,2,47,8,1850,1,17,-1,1,-1
201501QK50754,1,9,0,9,0,8,0,0,0,0,4,1,2,2,41,7,1598,1,8,-1,1,-1
201501QK50754,2,1,0,18,0,8,0,0,0,0,1,1,6,1,29,6,-1,-1,-1,-1,1,-1
201501QK50755,1,9,0,2,0,0,0,0,0,0,3,1,2,1,28,6,1364,1,6,-1,1,-1
201501QK50755,2,19,0,18,0,0,0,0,0,0,4,1,6,1,-1,-1,2198,2,5,-1,-1,-1
201501QK50756,1,3,0,18,0,8,0,0,0,0,4,1,1,1,23,5,-1,-1,-1,-1,1,-1
201501QK50757,1,9,0,4,0,1,0,0,0,0,1,1,2,2,31,6,1598,1,8,-1,1,-1
201501QK50757,2,1,0,10,0,1,0,0,0,0,2,1,6,1,24,5,-1,-1,-1,-1,1,-1
201501QK50759,1,9,0,7,0,5,0,0,0,0,4,1,6,1,42,7,1995,1,11,-1,1,-1
201501QK50759,2,8,0,18,2,8,0,0,0,0,3,1,6,1,61,9,2499,2,5,-1,1,-1
201501QK50760,1,11,0,5,0,1,0,0,0,0,4,1,1,1,47,8,9000,2,7,-1,1,-1
201501QK50761,1,8,0,18,0,0,0,0,0,0,1,1,1,1,37,7,1461,2,-1,-1,1,-1
201501QK50761,2,9,0,18,0,0,0,0,0,0,2,1,6,2,52,8,1587,1,13,-1,1,-1
201501QK50761,3,9,0,18,0,0,0,0,0,0,2,1,6,1,45,7,1329,1,3,-1,-1,-1
201501QK50763,1,11,0,4,0,2,0,0,0,0,0,1,1,1,53,8,9000,2,8,-1,1,-1
201501QK50764,1,9,0,9,0,5,0,0,0,0,4,1,6,1,62,9,1598,1,6,-1,1,-1
201501QK50764,2,3,0,15,0,8,0,0,0,0,3,1,6,1,24,5,124,1,3,-1,1,-1
201501QK50765,1,9,0,3,0,1,0,0,0,0,2,1,6,2,21,5,-1,-1,-1,-1,1,-1
201501QK50765,2,9,0,4,0,1,0,0,0,0,1,1,6,1,26,6,2400,2,5,-1,1,-1
201501QK50768,1,3,0,7,0,8,0,0,0,0,2,1,6,1,19,4,125,1,3,-1,1,-1
201501QK50768,2,9,0,18,0,8,0,0,0,0,1,1,6,2,-1,-1,-1,-1,-1,-1,-1,-1
201501QK50769,1,11,0,4,2,0,0,0,0,0,0,1,1,1,30,6,9360,2,5,-1,1,-1
201501QK50770,1,9,0,18,0,8,0,0,0,0,1,1,6,1,44,7,2496,1,8,-1,1,-1
201501QK50770,2,1,0,17,0,8,0,0,0,0,2,1,6,1,31,6,-1,-1,-1,-1,1,-1
201501QK50771,1,9,0,3,0,0,0,0,0,0,2,1,6,1,20,4,1242,1,6,-1,1,-1
201501QK50771,2,9,0,18,0,0,0,0,0,0,1,1,6,2,38,7,2148,2,9,-1,1,-1
201501QK50772,1,11,0,5,0,2,0,0,0,0,0,1,1,1,50,8,7300,2,13,-1,1,-1
201501QK50773,1,9,0,4,0,2,0,0,0,0,2,1,6,2,26,6,2204,2,9,-1,1,-1
201501QK50773,2,9,0,4,0,2,0,0,0,0,1,1,6,1,20,4,1968,2,1,-1,1,-1
201501QK50774,1,9,0,9,0,8,0,0,0,0,3,1,6,1,27,6,2204,2,8,-1,1,-1
201501QK50774,2,1,0,13,0,8,0,0,0,0,1,1,6,1,36,7,-1,-1,-1,-1,1,-1
201501QK50775,1,9,0,7,0,8,0,0,0,0,4,1,6,2,31,6,1968,2,8,-1,1,-1
201501QK50775,2,1,0,15,0,8,0,0,0,0,3,1,6,1,34,6,-1,-1,-1,-1,1,-1
201501QK50776,1,3,0,4,0,0,0,0,0,0,0,1,6,1,33,6,124,1,-1,-1,1,-1
201501QK50776,2,9,0,12,0,0,0,0,0,0,0,1,6,2,22,5,1497,8,-1,-1,1,-1
201501QK50777,1,9,0,18,0,1,0,0,0,0,3,1,2,1,48,8,1796,1,9,-1,1,-1
201501QK50778,1,9,0,3,0,1,0,0,0,0,2,1,6,1,32,6,2204,2,10,-1,1,-1
201501QK50778,2,9,0,18,0,1,0,0,0,0,1,1,6,1,-1,-1,2143,2,5,-1,-1,-1
201501QK50778,3,9,0,3,0,1,0,0,0,0,2,1,6,1,-1,-1,-1,-1,-1,-1,-1,-1
201501QK50779,1,19,0,1,0,2,0,0,0,0,2,1,6,1,-1,-1,2143,2,5,-1,-1,-1
201501QK50780,1,9,0,3,0,1,0,0,0,0,2,1,6,2,42,7,1560,2,2,-1,1,-1
201501QK50780,2,9,0,5,0,1,0,0,0,0,1,1,6,1,58,9,3498,1,9,-1,1,-1
201501QK50781,1,9,0,9,0,5,0,0,0,0,1,1,1,2,52,8,1796,1,6,-1,1,-1
201501QK50781,2,5,0,18,0,8,0,0,0,0,1,1,1,1,42,7,998,1,7,-1,1,-1
201501QK50782,1,9,0,9,0,8,0,0,0,0,4,1,6,2,30,6,1796,2,2,-1,1,-1
201501QK50782,2,3,0,18,0,8,0,0,0,0,1,1,6,1,22,5,125,1,5,-1,1,-1
201501QK50783,1,19,0,4,0,1,0,0,0,0,2,1,6,1,53,8,1560,2,1,-1,1,-1
201501QK50783,2,19,0,4,0,1,0,0,0,0,2,1,2,1,35,6,2143,2,1,-1,1,-1
201501QK50783,3,19,0,4,0,1,0,0,0,0,1,1,6,1,27,6,2148,2,8,-1,1,-1
201501QK50784,1,9,0,9,0,5,0,0,0,0,3,1,6,2,38,7,3628,2,6,-1,1,-1
201501QK50784,2,2,0,13,0,8,0,0,0,0,4,1,6,1,31,6,124,1,2,-1,1,-1
201501QK50785,1,21,4,13,0,0,0,0,0,0,4,1,1,1,35,6,10837,2,1,-1,1,-1
201501QK50785,2,1,0,5,0,0,0,0,0,0,3,1,6,1,57,9,-1,-1,-1,-1,-1,-1
201501QK50787,1,9,0,5,0,6,0,0,0,0,4,1,6,1,35,6,1461,2,9,-1,1,-1
201501QK50787,2,9,0,18,2,8,0,0,0,0,1,1,1,1,35,6,-1,-1,-1,-1,-1,-1
201501QK50788,1,8,0,2,0,8,0,0,0,0,3,1,1,1,52,8,1497,8,7,-1,1,-1
201501QK50788,2,1,0,18,0,8,0,8,0,0,1,1,6,1,21,5,-1,-1,-1,-1,1,-1
201501QK50789,1,1,0,18,4,1,0,0,0,0,3,1,6,2,45,7,-1,-1,-1,-1,1,-1
201501QK50789,2,9,0,18,0,1,0,0,0,0,3,1,6,1,52,8,1968,2,1,-1,1,-1
201501QK50789,3,9,0,18,0,1,0,0,0,0,4,1,6,3,-1,-1,-1,-1,-1,-1,-1,-1
201501QK50790,1,9,0,4,0,8,0,0,0,0,1,1,6,2,79,11,1339,1,6,-1,1,-1
201501QK50791,1,9,0,18,0,0,0,0,0,0,4,1,6,2,25,5,1198,1,3,-1,1,-1
201501QK50791,2,9,0,5,0,0,0,0,0,0,3,1,6,2,-1,-1,1296,1,9,-1,-1,-1
201501QK50792,1,9,0,4,0,0,0,0,0,0,2,1,6,1,33,6,1198,1,10,-1,1,-1
201501QK50792,2,3,0,18,0,0,0,0,0,0,1,1,6,1,34,6,599,1,5,-1,1,-1
201501QK50793,1,9,0,18,0,1,0,0,0,0,3,1,6,2,42,7,3456,8,6,-1,1,-1
201501QK50794,1,3,0,18,0,2,0,0,0,0,4,1,6,1,41,7,125,1,7,-1,1,-1
201501QK50794,2,9,0,5,0,2,0,0,0,0,3,1,6,1,33,6,1797,8,5,-1,1,-1
201501QK50795,1,1,0,18,0,8,0,0,0,0,1,1,2,1,27,6,-1,-1,-1,-1,1,-1