Accident_Index,Vehicle_Reference,Vehicle_Type,Towing_and_Articulation,Vehicle_Manoeuvre,Vehicle_Location-Restricted_Lane,Junction_Location,Skidding_and_Overturning,Hit_Object_in_Carriageway,Vehicle_Leaving_Carriageway,Hit_Object_off_Carriageway,1st_Point_of_Impact,Was_Vehicle_Left_Hand_Drive?,Journey_Purpose_of_Driver,Sex_of_Driver,Age_of_Driver,Age_Band_of_Driver,Engine_Capacity_(CC),Propulsion_Code,Age_of_Vehicle,Driver_IMD_Decile,Driver_Home_Area_Type,Vehicle_IMD_Decile
201501RG40471,2,9,0,15,0,8,0,0,0,0,4,1,6,1,-1,-1,998,1,14,-1,-1,-1
201501RG40473,1,9,0,13,0,0,0,0,0,0,4,1,6,1,31,6,2926,2,13,-1,1,-1
201501RG40473,2,1,0,18,0,0,0,0,0,0,3,1,6,2,31,6,-1,-1,-1,-1,-1,-1
201501RG40474,1,1,0,12,0,0,0,0,0,0,3,1,6,1,-1,-1,-1,-1,-1,-1,1,-1
201501RG40474,2,3,0,18,0,0,0,0,0,0,4,1,6,1,25,5,125,1,4,-1,3,-1
201501RG40475,1,9,0,3,0,1,0,0,0,0,2,1,6,1,45,7,1995,2,10,-1,1,-1
201501RG40475,2,9,0,4,0,1,0,0,0,0,1,1,6,3,-1,-1,-1,-1,-1,-1,-1,-1
201501RG40476,1,9,0,1,0,8,0,0,0,0,2,1,6,1,30,6,2179,2,6,-1,1,-1
201501RG40476,2,3,0,18,0,8,0,0,0,0,1,1,6,1,34,6,125,1,-1,-1,1,-1
201501RG40477,1,11,0,18,0,1,0,0,0,0,4,1,1,2,38,7,4500,2,4,-1,1,-1
201501RG40477,2,1,0,18,0,1,0,0,0,0,3,1,6,1,38,7,-1,-1,-1,-1,1,-1
201501RG40478,1,3,0,18,0,8,0,0,0,0,3,1,6,1,26,6,-1,-1,-1,-1,1,-1
201501RG40478,2,9,0,11,0,8,0,0,0,0,4,1,6,1,-1,-1,-1,-1,-1,-1,-1,-1
201501RG40479,1,19,0,4,0,8,0,0,0,0,2,1,6,1,26,6,2198,2,-1,-1,1,-1
201501RG40479,2,9,0,4,0,8,0,0,0,0,2,1,6,2,28,6,-1,-1,-1,-1,1,-1
201501RG40479,3,9,0,18,0,8,0,0,0,0,1,1,6,1,21,5,-1,-1,-1,-1,1,-1
201501RG40480,1,9,0,18,0,8,0,0,0,0,3,1,6,1,25,5,1797,8,1,-1,1,-1
201501RG40480,2,9,0,9,0,8,0,0,0,0,1,1,6,1,-1,-1,1998,2,4,-1,1,-1
201501RG40481,1,11,0,4,0,1,0,0,0,0,0,1,1,1,59,9,4500,2,1,-1,1,-1
201501RG40482,1,9,0,18,0,0,0,10,1,10,4,1,6,1,28,6,1995,2,11,-1,1,-1
201501RG40485,1,9,0,1,0,0,0,0,0,0,3,1,6,1,40,7,1596,1,9,-1,1,-1
201501RG40485,2,11,0,18,0,0,0,0,0,0,4,1,1,1,45,7,-1,-1,-1,-1,1,-1
201501RG40486,1,9,0,18,0,8,0,0,0,0,3,1,6,1,66,10,-1,-1,-1,-1,1,-1
201501RG40487,1,9,0,2,0,0,0,0,0,0,3,1,6,2,28,6,1149,1,4,-1,1,-1
201501RG40487,2,9,0,18,0,0,0,0,0,0,4,1,6,1,-1,-1,-1,-1,-1,-1,-1,-1
201501RG40488,1,9,0,4,0,8,0,0,0,0,2,1,6,2,28,6,-1,-1,-1,-1,1,-1
201501RG40488,2,9,0,18,0,8,0,0,0,0,1,1,6,1,52,8,-1,-1,-1,-1,2,-1
201501RG40488,3,9,0,4,0,8,0,0,0,0,2,1,6,1,31,6,-1,-1,-1,-1,1,-1
201501RG40489,1,9,0,5,0,1,0,0,0,0,1,1,6,1,29,6,1997,2,10,-1,1,-1
201501RG40489,2,9,0,3,0,1,0,0,0,0,2,1,6,2,22,5,998,1,1,-1,1,-1
201501RG40490,1,2,0,18,0,0,0,0,0,0,0,1,6,1,43,7,-1,-1,-1,-1,-1,-1
201501RG40492,1,3,0,18,0,8,0,0,0,0,1,1,6,1,21,5,-1,-1,-1,-1,1,-1
201501RG40492,2,9,0,9,0,8,0,0,0,0,3,1,6,1,36,7,2393,1,10,-1,1,-1
201501RG40493,1,3,0,4,0,0,0,0,0,0,1,1,6,1,58,9,124,1,3,-1,1,-1
201501RG40493,2,19,0,4,0,0,0,0,0,0,2,1,6,1,37,7,-1,-1,-1,-1,1,-1
201501RG40494,1,9,0,18,0,1,0,0,0,0,1,1,6,3,-1,-1,-1,-1,-1,-1,-1,-1
201501RG40495,1,3,0,18,0,8,0,0,0,0,4,1,6,1,20,4,-1,-1,-1,-1,1,-1
201501RG40495,2,9,0,2,0,8,0,0,0,0,3,1,6,1,-1,-1,-1,-1,-1,-1,-1,-1
201501RG40496,1,9,0,4,0,8,0,0,0,0,2,1,6,1,38,7,-1,-1,-1,-1,1,-1
201501RG40496,2,9,0,18,0,8,0,0,0,0,1,1,6,1,-1,-1,2771,1,18,-1,1,-1
201501RG40498,1,11,0,4,0,8,0,0,0,0,0,1,1,1,42,7,4500,2,5,-1,-1,-1
201501RG40499,1,9,0,4,0,8,0,0,0,0,2,1,6,1,-1,-1,-1,-1,-1,-1,-1,-1
201501RG40499,2,19,0,18,0,8,0,0,0,0,1,1,6,1,30,6,2143,2,1,-1,1,-1
201501RG40500,1,1,0,18,0,8,0,0,0,0,4,1,6,1,40,7,-1,-1,-1,-1,1,-1
201501RG40501,1,11,0,5,0,1,0,0,0,0,0,1,1,1,47,8,5132,2,-1,-1,1,-1
201501RG40502,1,9,0,9,0,2,0,0,0,0,1,1,6,2,59,9,-1,-1,-1,-1,1,-1
201501RG40503,1,9,0,9,0,8,0,0,0,0,1,1,6,1,-1,-1,-1,-1,-1,-1,-1,-1
201501RG40504,1,9,0,9,0,8,0,10,7,1,3,1,6,1,16,4,-1,-1,-1,-1,1,-1
201501RG40504,2,9,0,18,0,8,0,0,0,0,1,1,6,1,29,6,1998,2,7,-1,1,-1
201501RG40505,1,9,0,18,0,8,0,0,0,0,2,1,6,1,28,6,1124,1,11,-1,1,-1
201501RG40505,2,20,0,17,0,8,0,0,0,0,1,1,6,1,21,5,2287,2,2,-1,1,-1
201501RG40506,1,9,0,18,0,8,0,0,0,0,4,1,6,1,-1,-1,-1,-1,-1,-1,-1,-1
201501RG40507,1,9,0,4,0,8,0,0,0,0,2,1,6,1,36,7,1229,1,7,-1,1,-1
201501RG40507,2,1,0,18,0,8,0,0,0,0,1,1,6,1,42,7,-1,-1,-1,-1,-1,-1
201501RG40508,1,9,0,3,0,1,0,0,0,0,2,1,6,1,70,10,-1,-1,-1,-1,-1,-1
201501RG40508,2,9,0,3,0,1,0,0,0,0,2,1,6,1,33,6,-1,-1,-1,-1,1,-1
201501RG40508,3,9,0,18,0,1,0,0,0,0,1,1,6,2,28,6,-1,-1,-1,-1,1,-1
201501RG40509,1,1,0,18,0,8,0,0,0,0,1,1,6,1,30,6,-1,-1,-1,-1,1,-1
201501RG40509,2,9,0,7,0,8,0,0,0,0,4,1,6,1,34,6,1390,2,11,-1,1,-1
201501RG40511,1,9,0,18,0,8,0,0,0,0,4,1,6,1,21,5,1400,2,9,-1,1,-1
201501RG40511,2,19,0,18,0,8,0,0,0,0,1,1,6,1,58,9,1753,2,7,-1,1,-1
201501RG40512,1,9,0,4,0,8,0,0,0,0,2,1,6,1,26,6,1995,1,9,-1,1,-1
201501RG40512,2,9,0,4,0,8,0,0,0,0,1,1,6,1,26,6,-1,-1,-1,-1,1,-1
201501RG40513,1,19,0,18,0,0,0,0,0,0,1,1,6,1,36,7,-1,-1,-1,-1,1,-1
201501RG40514,1,9,0,2,0,0,0,0,0,0,2,1,6,3,-1,-1,-1,-1,-1,-1,-1,-1
201501RG40514,2,9,0,2,0,0,0,0,0,0,2,1,6,3,-1,-1,-1,-1,-1,-1,-1,-1
201501RG40514,3,9,0,18,0,0,0,0,0,0,1,1,6,3,85,11,1149,1,2,-1,-1,-1
201501RG40515,1,9,0,9,0,1,0,0,0,0,1,1,6,2,-1,-1,-1,-1,-1,-1,-1,-1
201501RG40516,1,19,0,1,0,0,0,0,0,0,2,1,6,1,51,8,2287,2,7,-1,1,-1
201501RG40517,1,9,0,18,0,1,0,0,0,0,1,1,6,1,49,8,-1,-1,-1,-1,1,-1
201501RG40518,1,9,0,4,0,2,0,0,0,0,2,1,6,1,24,5,1242,1,8,-1,1,-1
201501RG40518,2,9,0,4,0,2,0,0,0,0,1,1,6,1,22,5,954,1,17,-1,1,-1
201501RG40521,1,9,0,6,0,0,0,0,0,0,3,1,6,1,57,9,1896,2,9,-1,1,-1
201501RG40521,2,3,0,18,0,0,0,0,0,0,1,1,6,1,20,4,125,1,2,-1,1,-1
201501RG40522,1,5,0,18,0,8,0,10,0,0,4,1,6,1,30,6,599,1,14,-1,-1,-1
201501RG40523,1,5,0,4,0,8,0,0,0,0,2,1,6,1,46,8,645,1,1,-1,1,-1
201501RG40523,2,9,0,18,0,8,0,0,0,0,1,1,6,1,54,8,-1,-1,-1,-1,1,-1
201501RG40524,1,9,0,9,0,8,0,0,0,0,2,1,6,2,42,7,1598,1,5,-1,1,-1
201501RG40524,2,9,0,9,0,8,0,0,0,0,1,1,6,1,52,8,-1,-1,-1,-1,1,-1
201501RG40525,1,9,0,18,0,8,0,0,0,0,1,1,6,2,20,4,1798,8,1,-1,1,-1
201501RG40525,2,9,0,9,0,8,0,0,0,0,1,1,6,2,21,5,1598,1,3,-1,1,-1
201501RG40526,1,4,0,18,0,8,0,0,0,0,1,1,6,1,36,7,125,1,2,-1,1,-1
201501RG40527,1,9,0,18,0,8,0,0,0,0,1,1,6,1,25,5,1995,2,4,-1,1,-1
201501RG40527,2,9,0,18,0,8,0,0,0,0,3,1,6,1,43,7,-1,-1,-1,-1,1,-1
201501RG40528,1,9,0,18,0,0,0,0,0,0,1,1,6,2,37,7,1995,2,8,-1,1,-1
201501RG40528,2,19,0,18,0,0,0,0,0,0,1,1,6,1,51,8,2664,2,12,-1,1,-1
201501RG40530,1,9,0,2,0,0,0,0,0,0,4,1,6,1,28,6,1896,2,14,-1,1,-1
201501RG40530,2,1,0,18,0,0,0,0,0,0,3,1,6,1,26,6,-1,-1,-1,-1,-1,-1
201501RG40531,1,9,0,18,0,1,0,0,0,0,1,1,6,1,28,6,-1,-1,-1,-1,1,-1
201501RG40531,2,9,0,18,0,1,0,0,0,0,2,1,6,2,45,7,1753,2,5,-1,1,-1
201501RG40532,1,9,0,7,0,8,0,10,0,0,3,1,6,1,24,5,1968,2,5,-1,1,-1
201501RG40532,2,9,0,18,0,8,0,0,0,0,4,1,6,2,48,8,1199,1,12,-1,-1,-1
201501RG40533,1,9,0,18,0,0,0,0,0,0,3,1,6,2,43,7,2401,2,11,-1,1,-1
201501RG40533,2,9,0,18,0,0,0,0,0,0,3,1,6,3,-1,-1,-1,-1,-1,-1,-1,-1
201501RG40534,1,9,0,9,0,8,0,0,0,0,1,1,6,1,58,9,1299,1,10,-1,1,-1
201501RG40534,2,90,0,18,0,8,0,0,0,0,1,1,1,2,-1,-1,2143,2,3,-1,-1,-1
201501RG40535,1,9,0,18,0,8,0,0,0,0,1,1,6,2,22,5,-1,-1,-1,-1,1,-1
201501RG40535,2,9,0,18,0,8,0,0,0,0,2,1,6,1,-1,-1,-1,-1,-1,-1,-1,-1
201501RG40536,1,9,0,9,0,8,0,0,0,0,3,1,6,1,51,8,2993,2,1,-1,2,-1
201501RG40536,2,3,0,15,0,8,0,0,0,0,1,1,6,1,22,5,108,1,3,-1,1,-1
201501RG40537,1,9,0,18,0,0,0,0,0,0,1,1,6,1,52,8,1398,1,3,-1,1,-1
201501RG40537,2,9,0,4,0,0,0,0,0,0,2,1,6,1,32,6,1896,2,13,-1,1,-1
201501RG40538,1,9,0,4,0,0,0,0,0,0,2,1,6,2,42,7,2198,1,8,-1,1,-1
201501RG40538,2,9,0,4,0,0,0,0,0,0,1,1,6,2,-1,-1,-1,-1,-1,-1,-1,-1
201501RG40539,1,3,0,18,9,8,0,0,0,0,1,1,6,3,-1,-1,-1,-1,-1,-1,-1,-1
201501RG40540,1,9,0,3,0,2,0,0,0,0,2,1,6,2,22,5,1560,2,1,-1,1,-1
201501RG40540,2,9,0,3,0,2,0,0,0,0,2,1,6,1,58,9,-1,-1,-1,-1,1,-1
201501RG40540,3,9,0,18,0,2,0,0,0,0,1,1,6,2,59,9,1685,2,-1,-1,1,-1
201501RG40541,1,9,0,18,0,8,5,10,1,1,1,1,6,2,59,9,1149,1,13,-1,1,-1
201501RG40542,1,5,0,18,0,8,0,0,0,0,4,1,6,1,50,8,645,1,5,-1,1,-1
201501RG40542,2,9,0,18,0,8,0,0,0,0,1,1,6,1,-1,-1,1368,1,9,-1,1,-1
201501RG40543,1,9,0,4,0,2,0,0,0,0,1,1,6,1,35,6,-1,-1,-1,-1,1,-1
201501RG40543,2,3,0,4,0,2,0,0,0,0,2,1,6,1,26,6,125,1,-1,-1,1,-1
201501RG40544,1,9,0,3,0,1,0,0,0,0,2,1,6,1,24,5,1998,2,11,-1,1,-1
201501RG40544,2,9,0,18,0,1,0,0,0,0,1,1,6,1,44,7,1499,2,-1,-1,1,-1
201501RG40545,1,9,0,14,0,0,0,0,0,0,2,1,6,2,23,5,1242,1,-1,-1,1,-1
201501RG40545,2,3,0,14,0,0,0,0,0,0,1,1,6,1,23,5,124,1,2,-1,1,-1
201501RG40546,1,9,0,7,0,8,0,0,0,0,3,1,6,2,-1,-1,1598,1,12,-1,1,-1
201501RG40546,2,8,0,15,0,8,0,0,0,0,4,1,6,1,50,8,-1,-1,-1,-1,1,-1
201501RG40547,1,9,0,4,0,8,0,0,0,0,2,1,6,1,28,6,1970,1,13,-1,1,-1
201501RG40547,2,9,0,4,0,8,0,0,0,0,1,1,6,3,-1,-1,-1,-1,-1,-1,-1,-1
201501RG40549,1,9,0,18,0,0,0,0,0,0,1,1,6,1,58,9,1598,2,1,-1,2,-1
201501RG40549,2,9,0,18,0,0,0,0,0,0,1,1,6,2,17,4,1390,1,17,-1,1,-1
201501RG40550,1,3,0,18,0,0,0,0,0,0,4,1,6,1,28,6,-1,-1,-1,-1,1,-1
201501RG40550,2,9,0,12,0,0,0,0,0,0,3,1,6,3,-1,-1,-1,-1,-1,-1,-1,-1
201501RG40551,1,11,0,5,0,0,0,0,0,0,0,1,6,2,58,9,7300,2,13,-1,1,-1
201501RG40553,1,19,0,18,0,0,0,0,0,0,1,1,1,1,40,7,2143,2,1,-1,-1,-1
201501RG40553,2,21,0,18,0,0,0,0,0,0,2,1,1,1,45,7,-1,-1,-1,-1,-1,-1
201501RG40555,1,9,0,18,0,1,0,0,0,0,1,1,6,2,37,7,2967,1,15,-1,1,-1
201501RG40557,1,9,0,3,0,2,0,0,0,0,2,1,6,1,34,6,1240,1,10,-1,1,-1
201501RG40557,2,9,0,3,0,2,0,0,0,0,2,1,6,1,25,5,-1,-1,-1,-1,1,-1
201501RG40557,3,9,0,18,0,2,0,0,0,0,1,1,6,3,-1,-1,1197,1,1,-1,-1,-1
201501RG40558,1,20,0,1,9,2,0,0,0,0,2,1,6,1,-1,-1,-1,-1,-1,-1,-1,-1
201501RG40559,1,9,0,16,0,8,0,0,0,0,1,1,6,1,24,5,1796,1,10,-1,1,-1
201501RG40559,2,9,0,16,0,8,0,0,0,0,1,1,6,1,38,7,2198,7,12,-1,1,-1
201501RG40560,1,3,0,18,0,8,0,0,0,0,3,1,6,1,25,5,-1,-1,-1,-1,1,-1
201501RG40560,2,9,0,11,0,8,0,0,0,0,4,1,6,1,44,7,1364,1,6,-1,1,-1
201501RG40561,1,9,0,18,0,8,0,0,0,0,1,1,6,2,64,9,998,1,-1,-1,1,-1
201501RG40561,2,9,0,9,0,8,0,0,0,0,4,1,6,1,29,6,-1,-1,-1,-1,3,-1
201501RG40562,1,9,0,3,0,0,0,0,0,0,2,1,6,1,39,7,1339,8,4,-1,1,-1
201501RG40562,2,9,0,18,0,0,0,0,0,0,1,1,6,3,-1,-1,1299,1,13,-1,-1,-1
201501RG40563,1,9,0,4,0,8,0,0,0,0,2,1,6,2,34,6,1598,1,8,-1,1,-1
201501RG40563,2,9,0,18,0,8,0,0,0,0,1,1,6,2,31,6,1398,1,5,-1,1,-1
201501RG40564,1,9,0,18,0,0,0,0,0,0,1,1,6,1,25,5,1895,1,17,-1,1,-1
201501RG40564,2,9,0,18,0,0,0,0,0,0,2,1,6,1,36,7,2172,2,12,-1,1,-1
201501RG40565,1,9,0,18,0,0,0,0,0,0,2,1,6,1,33,6,1997,1,15,-1,1,-1
201501RG40565,2,9,0,18,0,0,0,0,0,0,1,1,6,1,46,8,1596,1,13,-1,1,-1
201501RG40568,1,9,0,18,0,8,0,7,0,0,1,1,6,2,75,10,1896,2,14,-1,1,-1
201501RG40569,1,9,0,18,0,8,0,0,0,0,1,1,6,2,42,7,1896,2,8,-1,1,-1
201501RG40569,2,9,0,18,0,8,0,0,0,0,1,1,6,3,-1,-1,-1,-1,-1,-1,-1,-1
201501RG40570,1,9,0,18,0,8,0,0,0,0,1,1,6,2,51,8,1796,1,6,-1,1,-1
201501RG40570,2,1,0,9,0,8,0,0,0,0,4,1,6,1,31,6,-1,-1,-1,-1,1,-1
201501RG40572,1,9,0,18,0,8,0,0,0,0,4,1,6,1,29,6,1242,1,9,-1,-1,-1
201501RG40572,2,19,0,7,0,8,0,0,0,0,1,1,6,3,-1,-1,-1,-1,-1,-1,-1,-1
201501RG40573,1,1,0,18,0,1,0,0,0,0,0,1,6,1,45,7,-1,-1,-1,-1,1,-1
201501RG40574,1,9,0,18,0,8,0,0,0,0,4,1,6,2,-1,-1,-1,-1,-1,-1,1,-1
201501RG40575,1,9,0,3,0,2,0,0,0,0,2,1,6,1,54,8,1560,2,1,-1,1,-1
201501RG40575,2,9,0,18,0,2,0,0,0,0,1,1,6,1,49,8,-1,-1,-1,-1,1,-1
201501RG40577,1,9,0,7,0,8,0,0,0,0,3,1,6,1,24,5,2231,2,8,-1,1,-1
201501RG40577,2,9,0,7,0,8,0,0,0,0,4,1,6,1,42,7,3498,1,9,-1,1,-1
201501RG40578,1,9,0,10,0,1,0,0,0,0,2,1,6,2,51,8,1596,1,13,-1,1,-1
201501RG40578,2,9,0,9,0,1,0,0,0,0,1,1,6,1,-1,-1,-1,-1,-1,-1,-1,-1
201501RG40579,1,9,0,7,0,8,0,0,0,0,0,1,6,2,26,6,1390,1,2,-1,1,-1
201501RG40579,2,1,0,18,0,8,0,0,0,0,0,1,6,2,61,9,-1,-1,-1,-1,-1,-1
201501RG40580,1,9,0,18,0,8,0,0,0,0,1,1,6,1,-1,-1,-1,-1,-1,-1,-1,-1
201501RG40580,2,9,0,1,0,8,0,0,0,0,2,1,6,1,25,5,1995,2,1,-1,1,-1
201501RG40581,1,9,0,9,0,8,0,0,0,0,4,1,6,1,68,10,1197,1,-1,-1,1,-1
201501RG40581,2,3,0,15,0,8,0,0,0,0,1,1,6,1,-1,-1,-1,-1,-1,-1,-1,-1
201501RG40582,1,9,0,9,0,8,0,10,1,10,1,1,6,2,19,4,1397,1,4,-1,1,-1
201501RG40583,1,9,0,18,0,0,0,7,0,0,3,1,6,1,-1,-1,-1,-1,-1,-1,-1,-1
201501RG40584,1,9,0,9,0,8,0,0,0,0,4,1,6,2,38,7,1388,1,12,-1,1,-1
201501RG40584,2,1,0,18,0,8,0,0,0,0,1,1,6,1,42,7,-1,-1,-1,-1,1,-1
201501RG40585,1,3,0,18,0,8,0,0,0,0,1,1,6,1,26,6,125,1,3,-1,1,-1
201501RG40585,2,9,0,6,0,8,0,0,0,0,3,1,6,2,63,9,-1,-1,-1,-1,1,-1
201501RG40586,1,9,0,7,0,8,0,0,0,0,4,1,6,1,37,7,1796,1,9,-1,1,-1
201501RG40587,1,9,0,4,0,0,0,0,0,0,2,1,6,1,-1,-1,-1,-1,-1,-1,-1,-1
201501RG40587,2,9,0,4,0,0,0,0,0,0,2,1,6,2,34,6,998,1,13,-1,1,-1
201501RG40587,3,9,0,18,0,0,0,0,0,0,1,1,6,1,30,6,2179,2,-1,-1,1,-1
201501RG40589,1,19,0,15,0,8,0,0,0,0,1,1,6,1,28,6,1598,2,-1,-1,-1,-1
201501RG40589,2,9,0,9,0,8,0,0,0,0,1,1,6,1,41,7,1997,2,3,-1,1,-1
201501RG40590,1,3,0,7,0,2,0,0,0,0,1,1,6,1,31,6,124,1,4,-1,1,-1
201501RG40591,1,9,0,9,0,8,0,0,0,0,3,1,6,2,55,8,-1,-1,-1,-1,1,-1
201501RG40591,2,9,0,18,0,8,0,0,0,0,1,1,6,1,31,6,1390,1,18,-1,1,-1
201501RG40592,1,19,0,18,0,8,0,0,0,0,4,1,6,2,48,8,-1,-1,-1,-1,1,-1
201501RG40593,1,9,0,18,0,0,0,0,0,0,1,1,6,1,-1,-1,1598,1,7,-1,-1,-1
201501RG40594,1,9,0,18,0,8,0,0,0,0,4,1,6,2,55,8,1799,1,5,-1,1,-1
201501RG40595,1,9,0,18,0,8,0,0,0,0,1,1,6,1,17,4,-1,-1,-1,-1,1,-1
201501RG40595,2,9,0,7,0,8,0,0,0,0,4,1,6,2,25,5,1968,2,8,-1,1,-1
201501RG40596,1,3,0,18,0,0,0,0,0,0,3,1,6,1,28,6,98,1,28,-1,1,-1
201501RG40596,2,9,0,18,0,0,0,0,0,0,4,1,6,2,24,5,1598,2,2,-1,1,-1
201501RG40597,1,5,0,18,0,8,0,0,0,0,1,1,6,1,38,7,656,1,-1,-1,1,-1
201501RG40597,2,9,0,7,0,8,0,0,0,0,2,1,6,1,35,6,1398,2,13,-1,1,-1
201501RG40598,1,9,0,18,0,8,0,0,0,0,1,1,6,1,47,8,1497,8,-1,-1,1,-1
201501RG40598,2,1,0,18,0,8,0,0,0,0,4,1,6,1,38,7,-1,-1,-1,-1,1,-1
201501RG40600,1,5,0,13,0,8,0,0,0,0,1,1,6,1,36,7,742,1,20,-1,1,-1
201501RG40600,2,9,0,9,0,8,0,0,0,0,3,1,6,3,-1,-1,-1,-1,-1,-1,-1,-1
201501RG40601,1,9,0,4,0,8,0,0,0,0,2,1,6,1,38,7,1997,2,1,-1,1,-1
201501RG40601,2,1,0,18,0,8,0,0,0,0,1,1,6,1,25,5,-1,-1,-1,-1,-1,-1
201501RG40602,1,9,0,18,0,8,0,0,0,0,4,1,6,1,62,9,1390,1,10,-1,1,-1
201501RG40602,2,3,0,18,0,8,0,0,0,0,1,1,6,1,-1,-1,125,1,6,-1,3,-1
201501RG40603,1,9,0,18,0,8,0,0,0,0,1,1,6,1,45,7,1997,2,4,-1,1,-1
201501RG40603,2,9,0,9,0,8,0,0,0,0,4,1,6,2,49,8,2179,2,1,-1,1,-1
201501RG40604,1,1,0,18,0,8,0,0,0,0,4,1,6,1,-1,-1,-1,-1,-1,-1,-1,-1
201501RG40605,1,9,0,18,0,8,0,0,0,0,3,1,6,1,64,9,-1,-1,-1,-1,1,-1
201501RG40605,2,9,0,9,0,8,0,0,0,0,1,1,6,1,54,8,1997,2,8,-1,1,-1
201501RG40606,1,9,0,9,0,8,0,0,0,0,4,1,6,1,35,6,1956,2,6,-1,1,-1
201501RG40606,2,4,0,18,0,8,0,0,0,0,1,1,6,1,21,5,806,1,-1,-1,1,-1
201501RG40608,1,9,0,18,0,8,0,0,0,0,4,1,6,1,59,9,2148,2,13,-1,1,-1
201501RG40608,2,9,0,18,0,8,0,0,0,0,1,1,6,2,18,4,1400,1,15,-1,1,-1
201501RG40611,1,9,0,18,0,8,0,0,0,0,4,1,6,1,28,6,2497,2,20,-1,1,-1
201501RG40611,2,9,0,18,0,8,0,0,0,0,1,1,6,1,-1,-1,1198,1,3,-1,-1,-1
201501RG40612,1,9,0,18,0,0,0,0,0,0,3,1,6,1,-1,-1,-1,-1,-1,-1,-1,-1
201501RG40613,1,3,0,18,0,8,0,0,0,0,1,1,6,1,23,5,125,1,3,-1,1,-1
201501RG40613,2,9,0,9,0,8,0,0,0,0,3,1,6,1,46,8,1796,1,10,-1,1,-1
201501RG40614,1,9,0,18,0,8,0,0,0,0,3,1,6,1,36,7,1348,1,14,-1,1,-1
201501RG40615,1,9,0,6,0,8,0,0,0,0,3,1,6,1,54,8,1560,2,-1,-1,-1,-1
201501RG40615,2,9,0,18,0,8,0,0,0,0,4,1,6,2,37,7,1796,1,2,-1,1,-1
201501RG40616,1,9,0,18,0,8,0,0,0,0,1,1,6,1,35,6,1229,1,8,-1,1,-1
201501RG40616,2,9,0,7,0,8,0,0,0,0,1,1,6,2,31,6,1984,1,-1,-1,1,-1
201501RG40617,1,3,0,18,0,0,1,0,0,0,1,1,6,1,38,7,599,1,13,-1,1,-1
201501RG40617,2,9,0,18,0,0,0,0,0,0,2,1,6,1,34,6,1596,1,8,-1,1,-1
201501RG40618,1,9,0,4,0,8,0,0,0,0,2,1,6,1,25,5,1956,2,3,-1,1,-1
201501RG40618,2,9,0,18,0,8,0,0,0,0,1,1,6,2,48,8,999,1,1,-1,1,-1
201501RG40619,1,9,0,3,0,1,0,0,0,0,2,1,6,2,74,10,1598,1,14,-1,-1,-1
201501RG40619,2,8,0,4,0,1,0,0,0,0,1,1,6,1,45,7,2664,2,14,-1,1,-1
201501RG40620,1,9,0,17,0,2,1,10,1,2,3,1,6,1,48,8,1596,1,15,-1,1,-1
201501RG40622,1,9,0,18,0,0,0,0,0,0,3,1,6,2,48,8,-1,-1,-1,-1,1,-1
201501RG40622,2,9,0,18,0,0,0,0,0,0,1,1,6,1,24,5,-1,-1,-1,-1,-1,-1
201501RG40622,3,4,0,18,0,0,0,0,0,0,2,1,6,1,52,8,124,1,-1,-1,1,-1
201501RG40623,1,11,0,4,0,8,0,0,0,0,0,1,6,2,46,8,6700,2,1,-1,1,-1
201501RG40624,1,11,0,18,0,8,0,0,0,0,0,1,1,1,36,7,6370,2,6,-1,1,-1
201501RG40625,1,5,0,18,0,8,0,0,0,0,3,1,6,1,26,6,599,1,9,-1,1,-1
201501RG40625,2,9,0,18,0,8,0,0,0,0,4,1,6,1,38,7,-1,-1,-1,-1,1,-1
201501RG40627,1,9,0,9,0,8,0,0,0,0,4,1,6,2,66,10,1390,1,3,-1,1,-1
201501RG40627,2,1,0,18,0,8,0,0,0,0,1,1,6,1,29,6,-1,-1,-1,-1,1,-1
201501RG40628,1,9,0,18,0,8,0,0,0,0,1,1,6,1,55,8,1749,7,13,-1,1,-1
201501RG40629,1,2,0,18,0,8,0,0,0,0,1,1,6,1,26,6,124,1,4,-1,1,-1
201501RG40629,2,9,0,7,0,8,0,0,0,0,2,1,6,1,-1,-1,998,1,9,-1,-1,-1
201501RG40630,1,9,0,1,0,8,0,0,0,0,2,1,6,1,26,6,1595,1,-1,-1,1,-1
201501RG40631,1,9,0,18,0,8,0,0,0,0,4,1,6,1,42,7,2000,1,10,-1,1,-1
201501RG40632,1,9,0,18,0,8,0,0,0,0,3,1,6,1,38,7,1769,1,10,-1,1,-1
201501RG40632,2,1,0,9,0,8,0,0,0,0,1,1,6,1,31,6,-1,-1,-1,-1,1,-1
201501RG40633,1,9,0,18,0,8,0,0,0,0,1,1,6,1,44,7,1497,8,9,-1,1,-1
201501RG40633,2,9,0,7,0,8,0,0,0,0,3,1,6,1,-1,-1,-1,-1,-1,-1,-1,-1
201501RG40634,1,9,0,18,0,8,0,0,0,0,1,1,6,1,29,6,-1,-1,-1,-1,1,-1
201501RG40634,2,9,0,18,0,8,0,0,0,0,3,1,6,1,38,7,2143,2,3,-1,1,-1
201501RG40635,1,9,0,17,0,0,0,0,0,0,1,1,6,1,38,7,1686,2,9,-1,1,-1
201501RG40635,2,3,0,16,0,0,0,0,0,0,1,1,6,1,18,4,125,1,1,-1,1,-1
201501RG40636,1,9,0,2,0,0,0,0,0,0,3,1,6,1,65,9,1242,1,2,-1,1,-1
201501RG40636,2,1,0,18,0,0,0,0,0,0,1,1,6,1,60,9,-1,-1,-1,-1,1,-1
201501RG40637,1,9,0,18,0,8,0,0,0,0,3,1,6,2,23,5,1198,1,5,-1,1,-1
201501RG40637,2,1,0,9,0,8,0,0,0,0,1,1,6,2,27,6,-1,-1,-1,-1,1,-1
201501RG40639,1,1,0,18,0,8,0,0,0,0,4,1,6,1,42,7,-1,-1,-1,-1,1,-1