Accident_Index,Vehicle_Reference,Vehicle_Type,Towing_and_Articulation,Vehicle_Manoeuvre,Vehicle_Location-Restricted_Lane,Junction_Location,Skidding_and_Overturning,Hit_Object_in_Carriageway,Vehicle_Leaving_Carriageway,Hit_Object_off_Carriageway,1st_Point_of_Impact,Was_Vehicle_Left_Hand_Drive?,Journey_Purpose_of_Driver,Sex_of_Driver,Age_of_Driver,Age_Band_of_Driver,Engine_Capacity_(CC),Propulsion_Code,Age_of_Vehicle,Driver_IMD_Decile,Driver_Home_Area_Type,Vehicle_IMD_Decile
201501SX20305,1,9,0,18,0,1,0,0,0,0,1,1,6,1,35,6,1871,2,13,-1,1,-1
201501SX20306,1,9,0,18,0,1,0,0,0,0,2,1,6,1,61,9,1797,8,5,-1,1,-1
201501SX20306,2,8,0,18,0,1,0,0,0,0,1,1,1,1,47,8,1598,2,3,-1,1,-1
201501SX20307,1,9,0,9,0,8,0,0,0,0,1,1,6,2,63,9,-1,-1,-1,-1,1,-1
201501SX20307,2,5,0,18,0,8,0,0,0,0,4,1,6,1,27,6,-1,-1,-1,-1,1,-1
201501SX20308,1,11,0,18,0,0,0,0,0,0,0,1,1,1,49,8,6696,2,2,-1,1,-1
201501SX20309,1,9,0,4,0,2,0,0,0,0,2,1,1,1,70,10,1997,2,2,-1,1,-1
201501SX20309,2,19,0,18,0,2,0,0,0,0,1,1,6,1,29,6,2460,2,7,-1,1,-1
201501SX20310,1,9,0,1,0,0,0,0,0,0,1,1,6,3,-1,-1,2148,2,12,-1,-1,-1
201501SX20310,2,9,0,3,0,0,0,0,0,0,2,1,6,1,-1,-1,2996,1,10,-1,1,-1
201501SX20311,1,9,0,7,0,1,0,4,0,0,1,1,6,1,18,4,1796,1,12,-1,1,-1
201501SX20311,2,9,0,2,0,1,0,0,0,0,1,1,6,1,80,11,1498,1,3,-1,1,-1
201501SX20313,1,9,0,9,0,1,0,10,7,7,1,1,6,1,52,8,1991,2,10,-1,1,-1
201501SX20313,2,9,0,18,0,1,0,0,0,0,1,1,6,1,45,7,1997,2,1,-1,1,-1
201501SX20314,1,9,0,18,0,8,0,0,0,0,2,1,6,1,63,9,1598,1,1,-1,1,-1
201501SX20314,2,9,0,18,0,8,0,0,0,0,1,1,6,3,-1,-1,-1,-1,-1,-1,-1,-1
201501SX20315,1,9,0,18,0,1,0,0,0,0,3,1,2,1,44,7,1968,2,5,-1,1,-1
201501SX20315,2,19,0,1,0,1,0,0,0,0,4,1,6,1,36,7,2287,2,8,-1,1,-1
201501SX20317,1,9,0,3,0,1,0,0,0,0,2,1,6,1,35,6,1363,2,13,-1,1,-1
201501SX20317,2,9,0,18,0,1,0,0,0,0,1,1,6,1,-1,-1,2171,1,13,-1,-1,-1
201501SX20318,1,9,0,18,0,0,0,0,0,0,2,1,6,2,44,7,1596,1,14,-1,1,-1
201501SX20318,2,9,0,18,0,0,0,0,0,0,1,1,6,1,30,6,1968,2,-1,-1,-1,-1
201501SX20319,1,9,0,4,0,0,0,0,0,0,1,1,6,1,39,7,1596,1,11,-1,-1,-1
201501SX20319,2,9,0,18,0,0,0,0,0,0,2,1,6,2,42,7,1149,1,16,-1,1,-1
201501SX20320,1,9,0,17,0,0,1,0,0,0,3,1,6,1,29,6,1598,1,12,-1,1,-1
201501SX20320,2,9,0,16,0,0,0,0,0,0,3,1,6,1,52,8,1997,1,7,-1,1,-1
201501SX20321,1,9,0,6,0,8,0,0,0,0,3,1,6,1,45,7,2967,2,1,-1,-1,-1
201501SX20321,2,9,0,18,0,8,0,0,0,0,1,1,6,1,23,5,1560,2,8,-1,1,-1
201501SX20322,1,9,0,16,0,8,0,0,0,0,4,1,6,1,24,5,1199,1,11,-1,1,-1
201501SX20323,1,3,0,18,0,1,0,0,0,0,3,1,6,1,22,5,108,1,1,-1,1,-1
201501SX20326,1,9,0,18,0,2,0,0,0,0,1,1,6,2,17,4,1396,1,4,-1,1,-1
201501SX20328,1,9,0,18,0,1,0,0,0,0,4,1,1,1,59,9,1997,2,2,-1,1,-1
201501SX20330,1,19,0,18,0,1,0,4,0,0,1,1,1,1,34,6,2299,2,-1,-1,1,-1
201501SX20330,2,9,0,18,0,2,0,0,0,0,4,1,6,1,55,8,1968,2,3,-1,3,-1
201501SX20330,3,21,0,18,0,2,0,0,0,0,1,1,1,1,60,9,10518,2,3,-1,3,-1
201501SX20330,4,9,0,18,0,2,0,0,0,0,1,1,6,2,37,7,1598,1,16,-1,1,-1
201501SX20332,1,9,0,5,0,8,0,0,0,0,1,1,6,1,55,8,1598,1,6,-1,1,-1
201501SX20332,2,5,0,9,0,8,0,0,0,0,4,1,6,1,31,6,-1,-1,-1,-1,1,-1
201501SX20335,1,9,0,18,0,0,0,0,0,0,3,1,6,1,52,8,1968,2,-1,-1,1,-1
201501SX20335,2,8,0,18,0,0,0,0,0,0,3,1,6,1,35,6,1997,2,-1,-1,1,-1
201501SX20336,1,9,0,18,0,2,0,0,0,0,1,1,6,2,36,7,2993,2,3,-1,1,-1
201501SX20337,1,9,0,3,0,1,0,0,0,0,2,1,6,1,53,8,1339,1,10,-1,1,-1
201501SX20337,2,9,0,18,0,1,0,0,0,0,1,1,6,1,-1,-1,-1,-1,-1,-1,-1,-1
201501SX20338,1,9,0,9,0,8,0,0,0,0,4,1,6,2,49,8,998,1,10,-1,1,-1
201501SX20338,2,3,0,18,0,8,0,0,0,0,1,1,6,2,-1,-1,125,1,1,-1,1,-1
201501SX20341,1,9,0,18,0,8,0,0,0,0,1,1,2,2,54,8,1364,1,7,-1,1,-1
201501SX20341,2,9,0,18,0,8,0,0,0,0,3,1,6,2,48,8,-1,-1,-1,-1,1,-1
201501SX20342,1,9,0,18,0,8,0,0,0,0,4,1,6,1,51,8,2521,1,10,-1,2,-1
201501SX20342,2,9,0,18,0,8,0,0,0,0,1,1,3,1,42,7,1968,2,3,-1,1,-1
201501SX20345,1,9,0,4,0,7,0,0,0,0,2,1,6,2,28,6,1587,1,12,-1,1,-1
201501SX20345,2,9,0,18,0,7,0,0,0,0,1,1,6,1,34,6,2179,2,7,-1,3,-1
201501SX20345,3,9,0,18,0,7,0,0,0,0,1,1,6,1,47,8,1388,1,9,-1,1,-1
201501SX20346,1,5,0,9,0,8,0,0,0,0,4,1,6,1,60,9,1340,1,3,-1,1,-1
201501SX20346,2,9,0,9,0,8,0,0,0,0,3,1,6,1,51,8,1995,2,1,-1,-1,-1
201501SX20347,1,1,0,18,0,8,0,0,0,0,3,1,6,2,35,6,-1,-1,-1,-1,1,-1
201501SX20347,2,9,0,7,0,8,0,0,0,0,4,1,6,3,-1,-1,-1,-1,-1,-1,-1,-1
201501SX20349,1,9,0,5,0,0,0,0,0,0,3,1,6,2,66,10,1796,1,10,-1,1,-1
201501SX20349,2,9,0,18,0,0,0,0,0,0,3,1,6,1,30,6,1998,2,7,-1,1,-1
201501SX20350,1,3,0,18,0,1,0,0,0,0,4,1,6,1,24,5,124,1,9,-1,1,-1
201501SX20351,1,3,0,5,0,8,0,0,0,0,1,1,6,1,35,6,124,1,12,-1,1,-1
201501SX20351,2,1,0,18,0,8,0,0,0,0,4,1,6,1,63,9,-1,-1,-1,-1,1,-1
201501SX20354,1,9,0,18,0,1,0,0,0,0,4,1,6,2,38,7,-1,-1,-1,-1,1,-1
201501SX20355,1,11,0,4,0,8,0,0,0,0,0,1,1,1,54,8,9360,2,3,-1,1,-1
201501SX20356,1,9,0,17,0,1,0,0,0,0,1,1,6,1,21,5,-1,-1,-1,-1,1,-1
201501SX20356,2,9,0,3,0,1,0,0,0,0,2,1,6,1,44,7,1796,1,7,-1,1,-1
201501SX20356,3,9,0,10,0,8,0,0,0,0,2,1,6,2,58,9,-1,-1,-1,-1,1,-1
201501SX20357,1,1,0,18,0,0,0,0,0,0,4,1,6,1,11,3,-1,-1,-1,-1,-1,-1
201501SX20357,2,9,0,18,0,0,0,0,0,0,1,1,6,2,44,7,1973,1,14,-1,1,-1
201501SX20358,1,8,0,16,0,8,5,7,1,10,3,1,2,1,36,7,1797,8,5,-1,1,-1
201501SX20359,1,9,0,18,0,8,0,0,0,0,4,1,6,1,38,7,1968,2,8,-1,1,-1
201501SX20359,2,9,0,18,0,8,0,0,0,0,1,1,6,1,-1,-1,1995,2,13,-1,1,-1
201501SX20362,1,9,0,18,0,0,5,7,0,0,3,1,6,1,22,5,-1,-1,-1,-1,1,-1
201501SX20363,1,9,0,3,0,1,0,0,0,0,2,1,6,2,47,8,1388,1,6,-1,1,-1
201501SX20363,2,9,0,18,0,1,0,0,0,0,1,1,6,1,-1,-1,1598,1,8,-1,-1,-1
201501SX20364,1,9,0,18,0,0,0,0,0,0,1,1,6,1,48,8,2494,1,11,-1,1,-1
201501SX20364,2,9,0,3,0,0,0,0,0,0,2,1,6,2,28,6,-1,-1,-1,-1,1,-1
201501SX20364,3,9,0,3,0,0,0,0,0,0,2,1,6,2,32,6,698,1,9,-1,-1,-1
201501SX20365,1,9,0,9,0,8,0,0,0,0,3,1,6,2,30,6,1799,1,5,-1,1,-1
201501SX20365,2,3,0,13,0,8,0,0,0,0,4,1,6,1,34,6,124,1,9,-1,1,-1
201501SX20369,1,9,0,18,0,0,0,0,0,0,3,1,6,1,54,8,2960,2,11,-1,1,-1
201501SX20370,1,9,0,18,0,0,0,0,0,0,3,1,6,1,19,4,1796,1,11,-1,1,-1
201501SX20370,2,9,0,12,0,0,0,0,0,0,4,1,6,1,-1,-1,-1,-1,-1,-1,1,-1
201501SX20371,1,9,0,18,0,0,0,0,5,6,1,1,6,1,28,6,1349,1,6,-1,1,-1
201501SX20372,1,8,0,2,0,2,0,0,0,0,3,1,1,1,46,8,1497,8,7,-1,-1,-1
201501SX20372,2,9,0,18,0,1,0,8,0,0,1,1,6,3,-1,-1,-1,-1,-1,-1,-1,-1
201501SX20373,1,9,0,18,0,1,0,0,0,0,2,1,6,2,36,7,2987,2,4,-1,1,-1
201501SX20373,2,9,0,18,0,1,0,0,0,0,1,1,6,2,19,4,1299,1,8,-1,1,-1
201501SX20375,1,11,0,18,0,1,0,0,0,0,1,1,1,1,67,10,8300,2,9,-1,-1,-1
201501SX20376,1,9,0,1,0,8,0,0,0,0,4,1,6,2,48,8,1796,1,9,-1,1,-1
201501SX20376,2,4,0,18,0,8,0,0,0,0,1,1,6,1,30,6,124,1,8,-1,1,-1
201501SX20377,1,11,0,2,0,1,0,0,0,0,0,1,1,1,48,8,6700,2,7,-1,-1,-1
201501SX20378,1,9,0,3,0,0,0,0,0,0,2,1,6,1,56,9,2148,2,6,-1,1,-1
201501SX20378,2,9,0,18,0,0,0,0,0,0,1,1,6,1,77,11,-1,-1,-1,-1,1,-1
201501SX20379,1,8,0,9,0,1,0,0,0,0,4,1,1,1,58,9,2499,2,1,-1,1,-1
201501SX20379,2,9,0,18,0,1,0,0,0,0,1,1,2,1,39,7,1596,1,9,-1,1,-1
201501SX20380,1,9,0,18,0,1,0,0,5,7,1,1,6,1,58,9,-1,-1,-1,-1,1,-1
201501SX20380,2,9,0,18,0,1,0,0,0,0,3,1,6,1,57,9,1498,1,5,-1,1,-1
201501SX20380,3,9,0,18,0,1,0,0,0,0,3,1,6,2,28,6,1398,1,1,-1,1,-1
201501SX20380,4,9,0,18,0,1,0,0,0,0,3,1,6,1,52,8,2993,2,1,-1,1,-1
201501SX20381,1,1,0,18,0,8,0,0,0,0,4,1,6,1,26,6,-1,-1,-1,-1,1,-1
201501SX20381,2,8,0,18,0,8,0,0,0,0,1,1,6,1,-1,-1,-1,-1,-1,-1,-1,-1
201501SX20382,1,9,0,9,0,2,0,0,0,0,3,1,6,1,28,6,1797,8,5,-1,1,-1
201501SX20383,1,9,0,18,0,1,0,0,0,0,3,1,2,2,65,9,599,1,13,-1,1,-1
201501SX20383,2,9,0,5,0,1,0,0,0,0,1,1,2,2,-1,-1,-1,-1,-1,-1,-1,-1
201501SX20384,1,9,0,18,0,1,0,0,0,0,3,1,6,1,50,8,1498,1,6,-1,1,-1
201501SX20384,2,3,0,4,0,1,1,0,0,0,1,1,1,1,21,5,125,1,3,-1,1,-1
201501SX20385,1,9,0,18,0,0,0,0,0,0,1,1,6,1,23,5,-1,-1,-1,-1,1,-1
201501SX20385,2,9,0,18,0,0,0,0,4,6,2,1,6,1,43,7,1248,2,8,-1,1,-1
201501SX20386,1,9,0,9,0,8,0,0,0,0,4,1,6,1,19,4,-1,-1,-1,-1,1,-1
201501SX20386,2,4,0,18,0,8,0,0,0,0,1,1,6,1,19,4,125,1,4,-1,1,-1
201501SX20387,1,9,0,18,0,8,0,0,0,0,1,1,6,1,47,8,-1,-1,-1,-1,1,-1
201501SX20387,2,9,0,18,0,8,0,0,0,0,4,1,6,2,72,10,-1,-1,-1,-1,1,-1
201501SX20387,3,9,0,4,0,8,0,0,0,0,3,1,6,1,49,8,-1,-1,-1,-1,2,-1
201501SX20389,1,11,0,9,0,8,0,0,0,0,1,1,1,1,55,8,4500,2,8,-1,1,-1
201501SX20389,2,9,0,18,0,8,0,0,0,0,3,1,6,1,73,10,1995,1,4,-1,1,-1
201501SX20390,1,9,0,3,0,0,0,0,0,0,2,1,6,1,33,6,1995,2,12,-1,1,-1
201501SX20390,2,9,0,4,0,0,0,0,0,0,1,1,6,1,31,6,1998,2,8,-1,1,-1
201501SX20390,3,9,0,3,0,0,0,0,0,0,2,1,6,2,26,6,998,1,15,-1,1,-1
201501SX20391,1,9,0,18,0,8,0,0,0,0,4,1,6,2,46,8,1997,2,5,-1,1,-1
201501SX20391,2,9,0,18,0,8,0,0,0,0,1,1,6,3,-1,-1,-1,-1,-1,-1,-1,-1
201501SX20392,1,9,0,3,0,0,0,0,0,0,2,1,6,1,58,9,1984,1,4,-1,1,-1
201501SX20392,2,5,0,18,0,0,0,0,0,0,1,1,6,1,54,8,1198,1,2,-1,1,-1
201501SX20393,1,9,0,18,0,0,0,0,0,0,4,1,6,1,52,8,1968,2,5,-1,1,-1
201501SX20393,2,9,0,6,0,0,0,0,0,0,3,1,6,2,-1,-1,-1,-1,-1,-1,-1,-1
201501SX20396,1,9,0,18,0,8,0,0,0,0,3,1,6,1,64,9,1149,1,8,-1,1,-1
201501SX20396,2,9,0,18,0,8,0,0,0,0,1,1,6,1,17,4,1390,1,3,-1,1,-1
201501SX20398,1,9,0,4,0,0,0,0,0,0,3,1,6,2,47,8,1587,1,12,-1,1,-1
201501SX20398,2,9,0,1,0,0,0,0,0,0,1,1,6,1,19,4,999,1,8,-1,1,-1
201501SX20401,1,9,0,4,0,1,0,0,0,0,2,1,6,1,24,5,1396,1,11,-1,1,-1
201501SX20401,2,9,0,18,0,1,0,0,0,0,1,1,6,3,-1,-1,1598,1,8,-1,-1,-1
201501SX20402,1,9,0,3,0,1,0,0,0,0,2,1,6,1,23,5,1598,1,1,-1,1,-1
201501SX20402,2,9,0,3,0,1,0,0,0,0,1,1,6,2,32,6,1799,1,8,-1,1,-1
201501SX20405,1,9,0,12,0,2,0,0,0,0,2,1,1,1,51,8,1797,8,4,-1,-1,-1
201501SX20405,2,9,0,18,0,2,0,0,0,0,1,1,6,1,45,7,1598,1,17,-1,-1,-1
201501SX20406,1,21,4,18,0,0,0,0,0,0,1,1,1,1,45,7,9290,2,5,-1,3,-1
201501SX20406,2,9,0,3,0,0,0,0,4,6,2,1,6,1,34,6,2198,2,9,-1,1,-1
201501SX20407,1,9,0,18,0,8,0,0,0,0,1,1,6,1,28,6,-1,-1,-1,-1,1,-1
201501SX20407,2,9,0,12,0,8,0,0,0,0,3,1,6,2,21,5,1198,1,8,-1,1,-1
201501SX20408,1,9,0,3,0,2,0,0,0,0,2,1,6,1,61,9,1797,8,6,-1,1,-1
201501SX20408,2,9,0,4,0,2,0,0,0,0,1,1,6,2,71,10,1598,1,9,-1,1,-1
201501SX20409,1,9,0,18,0,8,0,0,0,0,1,1,6,1,49,8,2497,1,9,-1,1,-1
201501SX20409,2,21,1,18,0,8,0,0,0,0,3,1,1,1,27,6,12900,2,7,-1,1,-1
201501SX20410,1,3,0,18,0,0,0,0,0,0,1,1,6,1,-1,-1,-1,-1,-1,-1,-1,-1
201501SX20411,1,3,0,17,0,0,0,0,0,0,0,1,6,1,43,7,124,1,3,-1,1,-1
201501SX20411,2,9,0,5,0,0,0,0,0,0,0,1,6,1,23,5,998,1,4,-1,1,-1
201501SX20412,1,9,0,5,0,8,0,0,0,0,1,1,6,2,19,4,1149,1,13,-1,1,-1
201501SX20412,2,19,0,18,0,8,0,0,0,0,3,1,6,3,-1,-1,1993,1,26,-1,-1,-1
201501SX20413,1,9,0,3,0,0,0,0,0,0,2,1,2,1,48,8,1242,1,6,-1,2,-1
201501SX20413,2,9,0,18,0,0,0,0,0,0,1,1,6,2,-1,-1,1896,2,8,-1,-1,-1
201501SX20414,1,9,0,9,0,1,0,0,0,0,1,1,6,2,-1,-1,998,1,6,-1,-1,-1
201501SX20414,2,1,0,18,0,1,0,0,0,0,3,1,6,1,61,9,-1,-1,-1,-1,1,-1
201501SX20415,1,3,0,14,0,0,0,0,0,0,1,1,4,1,17,4,125,1,4,-1,1,-1
201501SX20416,1,5,0,18,0,1,0,0,0,0,4,1,6,1,32,6,599,1,5,-1,1,-1
201501SX20416,2,9,0,11,0,1,0,0,0,0,0,1,6,3,-1,-1,-1,-1,-1,-1,-1,-1
201501SX20417,1,9,0,9,0,8,0,0,0,0,1,1,6,2,42,7,4398,1,11,-1,1,-1
201501SX20417,2,9,0,3,0,8,0,0,0,0,2,1,6,2,44,7,2179,2,7,-1,-1,-1
201501SX20418,1,9,0,2,0,0,0,0,0,0,3,1,6,1,56,9,2148,2,11,-1,1,-1
201501SX20418,2,1,0,18,0,0,0,4,0,0,1,1,2,1,35,6,-1,-1,-1,-1,1,-1
201501SX20419,1,9,0,9,0,5,0,0,0,0,3,1,6,1,22,5,1364,2,5,-1,1,-1
201501SX20419,2,3,0,13,0,8,0,0,0,0,1,1,6,1,27,6,125,1,3,-1,1,-1
201501SX20421,1,9,0,18,0,8,0,0,0,0,1,1,6,1,59,9,1596,1,10,-1,1,-1
201501SX20421,2,9,0,18,0,8,0,0,0,0,4,1,6,3,-1,-1,-1,-1,-1,-1,-1,-1
201501SX20422,1,11,0,18,0,0,0,0,0,0,4,1,1,1,46,8,4500,2,4,-1,1,-1
201501SX20423,1,9,0,18,0,8,0,0,0,0,1,1,6,2,65,9,1198,1,11,-1,1,-1
201501SX20423,2,9,0,9,0,8,0,0,0,0,1,1,6,1,40,7,998,1,3,-1,1,-1
201501SX20424,1,3,0,18,0,0,0,0,0,0,1,1,6,1,33,6,124,1,3,-1,1,-1
201501SX20425,1,9,0,9,0,1,0,0,0,0,4,1,3,2,33,6,1975,1,9,-1,1,-1
201501SX20425,2,4,0,18,0,1,0,0,0,0,1,1,6,1,18,4,125,1,3,-1,1,-1
201501SX20426,1,9,0,18,0,0,0,0,0,0,3,1,6,1,45,7,1968,2,8,-1,1,-1
201501SX20426,2,9,0,18,0,0,0,0,0,0,1,1,6,1,44,7,2143,2,4,-1,1,-1
201501SX20427,1,9,0,18,0,2,0,0,0,0,4,1,6,2,92,11,1596,1,9,-1,1,-1
201501SX20429,1,2,0,18,0,1,0,4,0,0,4,1,1,1,30,6,124,1,13,-1,1,-1
201501SX20429,2,9,0,2,0,1,0,0,0,0,3,1,6,1,65,9,1240,1,6,-1,-1,-1
201501SX20429,3,19,0,7,0,1,0,0,0,0,0,1,6,3,-1,-1,-1,-1,-1,-1,-1,-1
201501SX20430,1,9,0,18,0,1,0,0,0,0,1,1,6,1,49,8,1598,2,4,-1,2,-1
201501SX20430,2,9,0,4,0,1,0,0,0,0,2,1,6,2,31,6,1461,2,-1,-1,-1,-1
201501SX20430,3,9,0,3,0,1,0,0,0,0,2,1,6,1,-1,-1,-1,-1,-1,-1,-1,-1
201501SX20431,1,9,0,18,0,8,0,0,0,0,1,1,6,1,30,6,1984,1,7,-1,1,-1
201501SX20431,2,9,0,9,0,8,0,0,0,0,4,1,6,1,24,5,2354,1,10,-1,1,-1
201501SX20432,1,1,0,3,0,0,0,0,0,0,1,1,2,1,28,6,-1,-1,-1,-1,1,-1
201501SX20432,2,9,0,1,0,0,0,0,0,0,2,1,6,2,-1,-1,1975,1,9,-1,-1,-1
201501SX20433,1,3,0,18,0,8,0,0,0,0,1,1,1,2,26,6,124,1,2,-1,1,-1
201501SX20433,2,9,0,9,0,8,0,0,0,0,4,1,6,2,40,7,1590,1,10,-1,-1,-1
201501SX20434,1,20,0,18,0,0,0,10,5,10,3,1,1,1,47,8,4461,2,6,-1,1,-1
201501SX20435,1,9,0,18,0,0,0,10,1,2,1,1,1,1,25,5,-1,-1,-1,-1,-1,-1
201501SX20435,2,9,0,3,0,0,0,0,0,0,2,1,6,1,42,7,1984,1,12,-1,1,-1
201501SX20436,1,3,0,9,0,8,0,0,0,0,1,1,6,1,22,5,124,1,1,-1,1,-1
201501SX20436,2,20,0,18,0,8,0,0,0,0,3,1,6,1,50,8,5880,2,7,-1,1,-1
201501SX20438,1,9,0,6,0,8,0,4,0,0,3,1,6,1,31,6,1598,2,3,-1,-1,-1
201501SX20438,2,9,0,18,0,8,0,0,0,0,1,1,6,2,24,5,1896,2,10,-1,1,-1
201501SX20440,1,9,0,4,0,0,0,0,0,0,3,1,1,1,23,5,1910,2,10,-1,1,-1
201501SX20440,2,9,0,18,0,0,0,0,0,0,3,1,6,2,17,4,1296,1,8,-1,-1,-1
201501SX20443,1,9,0,17,0,0,0,0,0,0,1,1,6,1,24,5,799,2,6,-1,1,-1
201501SX20443,2,19,0,16,0,0,0,4,0,0,1,1,6,1,32,6,1998,2,12,-1,1,-1
201501SX20443,3,9,0,2,0,0,0,0,0,0,3,1,6,3,-1,-1,1598,1,1,-1,-1,-1
201501SX20444,1,9,0,9,0,5,0,0,0,0,3,1,6,2,40,7,1582,2,3,-1,-1,-1
201501SX20444,2,1,0,18,0,8,0,0,0,0,1,1,6,1,44,7,-1,-1,-1,-1,-1,-1
201501SX20446,1,9,0,4,0,8,0,0,0,0,1,1,6,2,48,8,1968,2,-1,-1,1,-1
201501SX20446,2,9,0,9,0,8,0,0,0,0,4,1,6,2,53,8,1242,1,5,-1,1,-1
201501SX20446,3,9,0,8,0,1,0,0,0,0,3,1,6,1,72,10,-1,-1,-1,-1,-1,-1
201501SX20448,1,9,0,9,0,6,0,0,0,0,3,1,1,1,43,7,1598,1,9,-1,1,-1
201501SX20448,2,9,0,18,0,8,1,0,0,0,1,1,6,1,-1,-1,-1,-1,-1,-1,-1,-1
201501SX20452,1,9,0,13,0,2,0,0,0,0,4,1,6,2,63,9,1390,1,13,-1,1,-1
201501SX20452,2,3,0,5,0,2,0,0,0,0,3,1,6,1,27,6,125,1,3,-1,1,-1
201501SX20453,1,9,0,18,0,0,0,0,0,0,4,1,6,2,46,8,1590,1,11,-1,1,-1
201501SX20454,1,9,0,7,0,8,0,0,0,0,3,1,6,2,53,8,1850,1,15,-1,1,-1
201501SX20454,2,1,0,18,0,8,0,0,0,0,1,1,6,1,19,4,-1,-1,-1,-1,1,-1
201501SX20455,1,9,0,7,0,2,0,0,7,10,1,1,6,2,28,6,1794,1,13,-1,1,-1
201501SX20456,1,9,0,7,0,8,0,0,0,0,1,1,6,1,54,8,1596,1,1,-1,1,-1
201501SX20457,1,90,0,9,0,8,5,0,0,0,4,1,1,1,39,7,-1,-1,-1,-1,1,-1
201501SX20458,1,9,0,12,0,0,5,0,0,0,1,1,6,1,30,6,1998,1,1,-1,1,-1
201501SX20458,2,9,0,18,0,0,0,0,0,0,2,1,6,1,66,10,1396,1,6,-1,1,-1
201501SX20458,3,8,0,18,0,0,0,0,0,0,3,1,1,1,61,9,2993,2,2,-1,1,-1
201501SX20459,1,5,0,18,0,1,0,0,0,0,3,1,6,1,-1,-1,999,1,6,-1,-1,-1
201501SX20460,1,9,0,18,0,2,5,4,0,0,4,1,6,1,23,5,1497,8,-1,-1,1,-1
201501SX20460,2,9,0,2,0,2,0,0,0,0,3,1,6,3,-1,-1,2143,2,2,-1,-1,-1
201501SX20462,1,9,0,14,0,2,0,0,0,0,4,1,2,2,24,5,1598,1,-1,-1,1,-1
201501SX20462,2,1,0,14,0,2,0,0,0,0,3,1,2,1,36,7,-1,-1,-1,-1,1,-1
201501SX20464,1,9,0,18,0,2,0,0,0,0,1,1,6,1,49,8,1329,1,5,-1,1,-1
201501SX20466,1,9,0,5,0,1,0,0,0,0,1,1,6,1,42,7,1332,1,16,-1,1,-1
201501SX20466,2,3,0,9,0,6,0,0,0,0,1,1,6,1,22,5,125,1,-1,-1,1,-1
201501SX20467,1,9,0,4,2,2,0,0,0,0,1,1,2,1,36,7,1984,1,10,-1,1,-1
201501SX20468,1,9,0,5,0,8,0,0,0,0,1,1,6,1,40,7,2143,2,1,-1,1,-1
201501SX20468,2,3,0,17,0,8,0,0,0,0,3,1,6,1,23,5,-1,-1,-1,-1,1,-1
201501SX20469,1,9,0,18,0,1,0,0,0,0,1,1,6,1,20,4,1598,1,2,-1,1,-1
201501SX20469,2,9,0,7,0,1,0,0,0,0,0,1,6,3,-1,-1,1986,2,7,-1,-1,-1
201501SX20469,3,9,0,4,0,1,0,0,0,0,2,1,6,1,38,7,1242,1,9,-1,1,-1
201501SX20469,4,9,0,18,0,1,0,0,0,0,1,1,6,2,24,5,1242,1,2,-1,-1,-1
201501SX20470,1,9,0,18,0,0,0,0,0,0,1,1,6,1,46,8,1998,1,14,-1,1,-1
201501SX20471,1,9,0,18,0,8,0,0,0,0,1,1,6,2,63,9,1598,1,5,-1,1,-1
201501SX20471,2,9,0,18,0,8,0,0,0,0,1,1,6,3,-1,-1,1497,1,12,-1,-1,-1
201501SX20472,1,11,0,5,0,1,0,0,0,0,2,1,1,1,52,8,6696,2,2,-1,1,-1
201501SX20472,2,9,0,18,0,1,0,0,0,0,1,1,1,2,51,8,1560,2,1,-1,1,-1
201501SX20472,3,9,0,4,0,1,0,0,0,0,2,1,6,2,88,11,1240,1,11,-1,1,-1
201501SX20472,4,19,0,6,0,1,0,0,0,0,2,1,6,1,54,8,-1,-1,-1,-1,1,-1
201501SX20473,1,4,0,13,0,8,0,0,0,0,4,1,6,1,22,5,398,1,7,-1,1,-1
201501SX20473,2,9,0,9,0,5,0,0,0,0,3,1,6,2,43,7,1248,2,4,-1,-1,-1
201501SX20474,1,11,0,4,0,1,0,0,0,0,0,1,1,1,36,7,6700,2,5,-1,1,-1
201501SX20475,1,9,0,18,0,1,0,7,7,2,1,1,6,2,67,10,1300,1,14,-1,1,-1
201501SX20476,1,9,0,4,0,0,0,0,0,0,1,1,6,2,49,8,998,1,1,-1,1,-1
201501SX20477,1,9,0,18,0,8,0,0,0,0,3,1,6,2,47,8,-1,-1,-1,-1,1,-1
201501SX20477,2,9,0,9,0,8,0,0,0,0,1,1,6,1,-1,-1,1124,1,9,-1,1,-1
201501SX20478,1,9,0,9,0,8,0,0,0,0,1,1,6,2,49,8,1685,2,2,-1,1,-1
201501SX20478,2,3,0,18,0,8,0,0,0,0,1,1,6,1,20,4,124,1,10,-1,1,-1
201501SX20479,1,9,0,18,0,0,0,0,0,0,4,1,6,2,45,7,1998,2,10,-1,1,-1
201501SX20480,1,9,0,4,0,2,0,0,0,0,2,1,6,1,25,5,1968,2,9,-1,1,-1
201501SX20480,2,19,0,18,0,2,0,0,0,0,1,1,6,1,-1,-1,1998,2,10,-1,-1,-1
201501SX20481,1,9,0,18,0,1,0,0,0,0,3,1,6,2,60,9,1461,2,1,-1,1,-1
201501SX20482,1,9,0,10,0,8,0,0,0,0,2,1,6,1,28,6,1389,1,11,-1,1,-1
201501SX20482,2,9,0,18,0,8,0,0,0,0,1,1,6,2,18,4,1198,1,3,-1,1,-1
201501SX20484,1,9,0,9,0,1,0,0,0,0,3,1,6,2,39,7,1386,1,8,-1,1,-1
201501SX20484,2,9,0,18,0,1,0,0,0,0,1,1,6,1,57,9,1299,1,16,-1,1,-1
201501SX20485,1,11,0,4,2,0,0,0,0,0,0,1,1,1,55,8,9200,2,12,-1,1,-1