Accident_Index,Vehicle_Reference,Vehicle_Type,Towing_and_Articulation,Vehicle_Manoeuvre,Vehicle_Location-Restricted_Lane,Junction_Location,Skidding_and_Overturning,Hit_Object_in_Carriageway,Vehicle_Leaving_Carriageway,Hit_Object_off_Carriageway,1st_Point_of_Impact,Was_Vehicle_Left_Hand_Drive?,Journey_Purpose_of_Driver,Sex_of_Driver,Age_of_Driver,Age_Band_of_Driver,Engine_Capacity_(CC),Propulsion_Code,Age_of_Vehicle,Driver_IMD_Decile,Driver_Home_Area_Type,Vehicle_IMD_Decile
201501SX20485,2,9,0,11,2,0,0,0,0,0,0,1,6,3,-1,-1,-1,-1,-1,-1,-1,-1
201501SX20486,1,9,0,18,0,1,0,0,0,0,4,1,6,2,48,8,1596,1,7,-1,1,-1
201501SX20486,2,9,0,5,0,1,0,0,0,0,3,1,6,1,62,9,1910,2,5,-1,1,-1
201501SX20491,1,9,0,2,0,8,0,0,0,0,1,1,6,2,-1,-1,2995,1,15,-1,1,-1
201501SX20491,2,9,0,1,0,8,0,0,0,0,2,1,6,1,-1,-1,1198,1,12,-1,-1,-1
201501SX20492,1,9,0,18,0,8,0,0,0,0,4,1,6,2,29,6,1997,1,12,-1,1,-1
201501SX20492,2,9,0,18,0,8,0,0,0,0,1,1,6,2,28,6,2148,2,12,-1,1,-1
201501SX20493,1,5,0,18,0,2,0,0,0,0,4,1,6,1,50,8,1085,1,18,-1,1,-1
201501SX20493,2,9,0,6,0,2,0,0,0,0,3,1,6,3,-1,-1,1598,2,5,-1,-1,-1
201501SX20494,1,8,0,3,0,1,0,0,0,0,2,1,1,1,40,7,1798,8,1,-1,1,-1
201501SX20494,2,21,1,18,0,1,0,0,0,0,1,1,1,1,54,8,12419,2,4,-1,-1,-1
201501SX20495,1,19,0,18,0,1,0,4,0,0,1,1,6,1,18,4,2198,2,-1,-1,1,-1
201501SX20496,1,5,0,3,0,1,0,0,0,0,3,1,2,1,27,6,998,1,6,-1,1,-1
201501SX20496,2,9,0,5,0,1,0,0,0,0,4,1,6,2,-1,-1,1399,2,4,-1,-1,-1
201501SX20498,1,9,0,9,0,8,0,0,0,0,4,1,6,2,26,6,1198,1,10,-1,1,-1
201501SX20498,2,3,0,18,0,8,0,0,0,0,1,1,6,1,47,8,-1,-1,-1,-1,1,-1
201501SX20499,1,9,0,4,0,0,0,0,0,0,2,1,6,1,60,9,1598,1,12,-1,1,-1
201501SX20499,2,9,0,18,0,0,0,0,0,0,1,1,6,1,24,5,1390,1,10,-1,1,-1
201501SX20500,1,20,0,18,0,0,0,0,0,0,4,1,1,1,51,8,-1,-1,-1,-1,1,-1
201501SX20501,1,9,0,18,0,1,0,0,0,0,1,1,6,1,-1,-1,1984,1,4,-1,-1,-1
201501SX20501,2,9,0,3,0,1,0,0,0,0,2,1,2,1,21,5,1360,1,6,-1,-1,-1
201501SX20501,3,9,0,3,0,1,0,0,0,0,2,1,6,1,41,7,3600,6,18,-1,1,-1
201501SX20503,1,9,0,3,0,2,0,0,0,0,2,1,6,1,62,9,1598,2,2,-1,1,-1
201501SX20503,2,9,0,18,0,2,0,0,0,0,1,1,6,3,-1,-1,3498,1,9,-1,-1,-1
201501SX20504,1,9,0,4,0,0,0,0,0,0,2,1,1,1,39,7,1995,2,9,-1,1,-1
201501SX20504,2,9,0,4,0,0,0,0,0,0,1,1,6,1,-1,-1,-1,-1,-1,-1,1,-1
201501SX20505,1,9,0,9,0,5,0,0,0,0,1,1,6,1,49,8,1332,1,17,-1,1,-1
201501SX20505,2,9,0,9,0,6,0,0,0,0,3,1,6,1,52,8,1997,2,12,-1,1,-1
201501SX20506,1,9,0,18,0,8,0,0,0,0,1,1,6,1,80,11,998,1,3,-1,1,-1
201501SX20506,2,9,0,4,0,8,0,0,0,0,2,1,6,1,21,5,1998,1,13,-1,1,-1
201501SX20507,1,4,0,7,0,8,1,0,0,0,0,1,6,1,30,6,-1,-1,-1,-1,3,-1
201501SX20508,1,1,0,18,9,8,0,0,0,0,1,1,6,1,50,8,-1,-1,-1,-1,1,-1
201501SX20508,2,9,0,9,0,6,0,0,0,0,4,1,6,1,42,7,1796,1,16,-1,1,-1
201501SX20510,1,9,0,3,0,2,1,0,0,0,2,1,6,2,54,8,1998,1,11,-1,1,-1
201501SX20510,2,9,0,18,0,2,0,0,0,0,1,1,6,1,-1,-1,2148,2,6,-1,-1,-1
201501SX20511,1,4,0,13,0,8,0,0,0,0,4,1,2,1,37,7,471,1,1,-1,1,-1
201501SX20511,2,19,0,9,0,5,0,0,0,0,3,1,2,1,26,6,1560,2,1,-1,1,-1
201501SX20512,1,3,0,18,0,8,0,0,0,0,1,1,6,2,32,6,125,1,3,-1,1,-1
201501SX20512,2,9,0,9,0,6,0,0,0,0,3,1,6,2,43,7,1686,2,5,-1,1,-1
201501SX20513,1,9,0,3,0,8,0,0,0,0,2,1,6,1,28,6,1968,2,8,-1,1,-1
201501SX20513,2,9,0,3,0,8,0,0,0,0,2,1,6,2,26,6,1896,2,11,-1,1,-1
201501SX20513,3,9,0,18,0,8,0,0,0,0,1,1,6,1,-1,-1,1396,1,11,-1,1,-1
201501SX20515,1,9,0,5,0,8,0,0,0,0,1,1,6,1,31,6,1968,2,6,-1,-1,-1
201501SX20515,2,3,0,16,0,8,0,0,0,0,4,1,6,1,21,5,124,1,11,-1,1,-1
201501SX20516,1,9,0,18,0,1,2,0,1,10,1,1,6,1,79,11,1240,1,6,-1,1,-1
201501SX20518,1,11,0,4,0,8,0,0,0,0,0,1,1,1,32,6,4500,2,4,-1,1,-1
201501SX20519,1,9,0,9,0,6,0,0,0,0,1,1,3,1,43,7,1995,2,7,-1,1,-1
201501SX20519,2,4,0,14,0,8,0,0,0,0,1,1,2,1,24,5,124,1,3,-1,1,-1
201501SX20520,1,9,0,18,0,1,0,0,0,0,4,1,6,2,86,11,1598,1,7,-1,-1,-1
201501SX20521,1,9,0,17,0,0,2,10,1,9,1,1,6,1,-1,-1,-1,-1,-1,-1,1,-1
201501SX20522,1,9,0,16,0,0,0,4,0,0,1,1,2,1,38,7,1590,1,16,-1,1,-1
201501SX20522,2,19,0,2,0,0,0,0,0,0,2,1,6,3,-1,-1,2402,2,9,-1,-1,-1
201501SX20523,1,9,0,7,0,8,0,0,0,0,1,1,6,2,42,7,1596,1,4,-1,1,-1
201501SX20523,2,9,0,18,0,8,0,0,0,0,4,1,6,1,29,6,1968,2,-1,-1,1,-1
201501SX20524,1,9,0,3,0,1,0,0,0,0,2,1,6,1,23,5,1598,1,7,-1,1,-1
201501SX20524,2,9,0,18,0,1,0,0,0,0,1,1,6,2,41,7,-1,-1,-1,-1,1,-1
201501SX20525,1,9,0,18,0,0,0,4,0,0,1,1,2,1,26,6,999,1,8,-1,1,-1
201501SX20525,2,19,0,2,0,0,0,0,0,0,1,1,6,3,-1,-1,1686,2,13,-1,-1,-1
201501SX20527,1,9,0,12,0,2,0,0,0,0,3,1,6,1,37,7,-1,-1,-1,-1,1,-1
201501SX20527,2,20,0,18,0,2,0,0,0,0,4,1,6,1,31,6,2977,2,6,-1,-1,-1
201501SX20528,1,11,0,4,0,0,0,0,0,0,0,1,1,1,29,6,8268,2,12,-1,1,-1
201501SX20530,1,9,0,18,0,8,0,0,0,0,3,1,6,1,85,11,1248,1,4,-1,1,-1
201501SX20530,2,9,0,9,0,8,0,0,0,0,1,1,6,1,21,5,-1,-1,-1,-1,1,-1
201501SX20532,1,9,0,18,0,8,0,0,0,0,1,1,3,2,43,7,1968,2,-1,-1,1,-1
201501SX20533,1,9,0,3,0,8,0,0,0,0,2,1,6,1,26,6,1997,2,7,-1,1,-1
201501SX20533,2,9,0,18,0,8,0,0,0,0,1,1,6,1,59,9,3498,1,6,-1,1,-1
201501SX20534,1,9,0,9,0,5,0,0,0,0,3,1,6,1,49,8,2198,1,7,-1,1,-1
201501SX20534,2,2,0,13,0,8,0,0,0,0,4,1,6,1,20,4,49,1,3,-1,-1,-1
201501SX20536,1,3,0,4,0,0,0,0,0,0,4,1,6,1,39,7,125,1,1,-1,1,-1
201501SX20536,2,21,0,5,0,0,0,0,0,0,1,1,1,1,50,8,-1,-1,-1,-1,-1,-1
201501SX20537,1,9,0,9,0,5,0,0,0,0,4,1,6,1,50,8,1560,2,1,-1,1,-1
201501SX20537,2,3,0,18,0,8,0,0,0,0,1,1,6,1,18,4,49,1,3,-1,1,-1
201501SX20538,1,9,0,18,0,8,0,0,0,0,1,1,6,1,41,7,1797,8,3,-1,1,-1
201501SX20538,2,9,0,14,0,8,0,0,0,0,1,1,6,1,41,7,3199,1,13,-1,1,-1
201501SX20539,1,9,0,18,0,0,5,0,0,0,1,1,6,1,44,7,1997,1,25,-1,1,-1
201501SX20540,1,1,0,18,0,8,0,0,0,0,3,1,2,2,28,6,-1,-1,-1,-1,1,-1
201501SX20540,2,9,0,9,0,5,0,0,0,0,1,1,6,1,-1,-1,1596,1,10,-1,1,-1
201501SX20541,1,19,0,1,0,0,0,0,0,0,2,1,6,1,56,9,2494,2,11,-1,1,-1
201501SX20542,1,9,0,9,0,6,0,0,1,2,1,1,6,1,87,11,2149,2,8,-1,1,-1
201501SX20542,2,9,0,18,0,8,0,0,0,0,2,1,6,2,37,7,1797,8,5,-1,1,-1
201501SX20543,1,1,0,18,0,8,0,0,0,0,1,1,1,1,-1,-1,-1,-1,-1,-1,1,-1
201501SX20543,2,9,0,7,0,5,0,0,0,0,4,1,2,1,49,8,1461,2,3,-1,3,-1
201501SX20545,1,9,0,7,0,6,0,0,0,0,1,1,6,2,50,8,1596,1,2,-1,1,-1
201501SX20545,2,1,0,18,0,8,0,0,0,0,2,1,6,1,73,10,-1,-1,-1,-1,-1,-1
201501SX20547,1,9,0,18,0,1,0,0,0,0,1,1,6,1,28,6,1598,1,4,-1,1,-1
201501SX20547,2,9,0,4,0,1,0,0,0,0,2,1,6,1,-1,-1,1895,1,14,-1,-1,-1
201501SX20549,1,9,0,18,0,1,5,7,2,4,1,1,6,1,-1,-1,1422,2,14,-1,-1,-1
201501SX20549,2,9,0,4,0,1,0,0,0,0,1,1,6,1,23,5,1995,2,2,-1,-1,-1
201501SX20549,3,9,0,18,0,1,0,0,0,0,1,1,6,1,24,5,1461,2,9,-1,1,-1
201501SX20549,4,9,0,2,0,1,0,0,0,0,3,1,6,3,-1,-1,1398,1,3,-1,-1,-1
201501SX20552,1,9,0,4,0,1,0,0,0,0,2,1,6,2,52,8,1598,1,6,-1,-1,-1
201501SX20552,2,11,0,18,0,1,0,0,0,0,1,1,1,1,31,6,4500,2,5,-1,-1,-1
201501SX20553,1,9,0,4,0,8,0,0,0,0,1,1,6,2,24,5,1598,1,3,-1,1,-1
201501SX20553,2,9,4,9,0,8,0,0,0,0,4,1,6,1,-1,-1,1896,2,13,-1,-1,-1
201501SX20556,1,19,0,1,0,2,0,0,0,0,2,1,6,1,51,8,1997,1,5,-1,1,-1
201501SX20557,1,11,0,4,0,2,0,0,0,0,0,1,1,1,30,6,4500,2,8,-1,-1,-1
201501SX20559,1,9,0,4,0,0,0,0,0,0,2,1,6,1,33,6,2967,2,-1,-1,1,-1
201501SX20559,2,9,0,12,0,0,0,0,0,0,1,1,6,1,22,5,1995,2,1,-1,1,-1
201501SX20560,1,9,0,18,0,0,0,0,0,0,4,1,6,2,29,6,1598,1,7,-1,1,-1
201501SX20561,1,9,0,7,0,5,0,0,0,0,4,1,6,2,73,10,1497,8,2,-1,1,-1
201501SX20561,2,3,0,15,0,8,1,0,0,0,3,1,1,1,32,6,125,1,-1,-1,1,-1
201501SX20562,1,9,0,18,0,8,0,0,0,0,1,1,2,2,34,6,1781,1,13,-1,1,-1
201501SX20562,2,9,0,9,0,8,0,0,0,0,4,1,6,2,22,5,1198,1,5,-1,1,-1
201501SX20564,1,9,0,9,0,8,0,7,0,0,3,1,2,1,22,5,1390,1,8,-1,1,-1
201501SX20564,2,9,0,18,0,8,0,0,0,0,1,1,3,2,40,7,1598,1,2,-1,1,-1
201501SX20565,1,9,0,2,0,0,0,0,0,0,3,1,1,1,48,8,1198,1,13,-1,1,-1
201501SX20565,2,1,0,18,0,0,0,0,0,0,1,1,1,2,26,6,-1,-1,-1,-1,1,-1
201501SX20566,1,9,0,9,0,5,1,0,0,0,3,1,2,1,24,5,1242,1,2,-1,1,-1
201501SX20566,2,9,0,5,0,8,0,0,0,0,1,1,6,1,-1,-1,1329,1,4,-1,-1,-1
201501SX20567,1,9,0,3,0,1,0,0,0,0,2,1,6,1,40,7,2969,2,8,-1,1,-1
201501SX20567,2,19,0,18,0,1,0,0,0,0,1,1,1,1,36,7,2198,2,3,-1,1,-1
201501SX20569,1,9,0,18,0,8,0,0,0,0,3,1,6,1,68,10,1596,1,1,-1,1,-1
201501SX20569,2,9,0,18,0,6,0,0,0,0,4,1,2,1,26,6,1591,1,5,-1,-1,-1
201501SX20570,1,9,0,9,0,5,0,0,0,0,3,1,6,2,36,7,2993,2,7,-1,1,-1
201501SX20570,2,5,0,18,0,8,0,0,0,0,4,1,6,1,22,5,806,1,1,-1,1,-1
201501SX20571,1,9,0,18,0,8,0,0,3,3,1,1,6,1,36,7,1560,2,8,-1,1,-1
201501SX20571,2,9,0,18,0,8,0,4,0,0,3,1,6,2,74,10,999,1,3,-1,1,-1
201501SX20571,3,9,0,2,0,8,0,0,0,0,3,1,6,3,-1,-1,-1,-1,-1,-1,-1,-1
201501SX20572,1,9,0,3,0,1,0,0,0,0,2,1,6,2,50,8,-1,-1,-1,-1,1,-1
201501SX20572,2,9,0,18,0,1,0,0,0,0,1,1,6,1,27,6,-1,-1,-1,-1,1,-1
201501SX20573,1,9,0,18,0,0,0,4,2,7,1,1,6,2,52,8,1797,8,2,-1,1,-1
201501SX20573,2,9,0,2,0,0,0,0,0,0,4,1,6,3,-1,-1,1600,1,11,-1,-1,-1
201501SX20574,1,9,0,9,0,5,0,0,0,0,3,1,6,1,49,8,1598,1,5,-1,1,-1
201501SX20574,2,1,0,18,0,6,0,0,0,0,1,1,6,1,48,8,-1,-1,-1,-1,1,-1
201501SX20575,1,9,0,18,0,8,0,0,0,0,1,1,2,2,33,6,1598,1,5,-1,1,-1
201501SX20575,2,19,0,18,0,8,0,0,0,0,3,1,1,1,39,7,2402,2,4,-1,1,-1
201501SX20576,1,9,0,9,0,8,0,0,0,0,1,1,3,2,43,7,1598,1,6,-1,-1,-1
201501SX20576,2,9,0,7,0,8,0,0,0,0,1,1,6,2,58,9,1248,2,1,-1,1,-1
201501SX20577,1,9,0,18,0,0,0,4,0,0,1,1,6,2,34,6,1240,1,11,-1,1,-1
201501SX20577,2,9,0,2,0,0,0,0,0,0,2,1,6,3,-1,-1,1796,1,10,-1,-1,-1
201501SX20578,1,9,0,1,0,1,0,4,0,0,2,1,6,1,34,6,-1,-1,-1,-1,-1,-1
201501SX20578,2,9,0,2,0,1,0,10,7,0,4,1,6,3,-1,-1,1598,1,2,-1,-1,-1
201501SX20579,1,3,0,18,0,1,0,0,0,0,4,1,1,1,46,8,124,1,7,-1,-1,-1
201501SX20579,2,19,0,6,0,1,0,0,0,0,3,1,1,1,53,8,2298,2,1,-1,-1,-1
201501SX20582,1,8,0,3,0,1,0,0,0,0,2,1,1,1,33,6,1598,1,6,-1,1,-1
201501SX20582,2,9,0,5,0,1,0,0,0,0,1,1,6,1,38,7,1598,1,9,-1,1,-1
201501SX20584,1,9,0,9,0,8,0,0,0,0,4,1,6,2,65,9,1998,1,9,-1,1,-1
201501SX20584,2,3,0,18,0,8,0,0,0,0,1,1,2,1,24,5,125,1,4,-1,-1,-1
201501SX20585,1,9,0,4,0,0,0,0,0,0,1,1,6,1,19,4,3456,8,4,-1,1,-1
201501SX20586,1,4,0,18,0,2,0,0,0,0,1,1,2,1,27,6,498,1,13,-1,1,-1
201501SX20586,2,9,0,5,0,2,0,0,0,0,3,1,6,1,-1,-1,2982,2,1,-1,1,-1
201501SX20588,1,5,0,4,0,1,1,7,4,2,1,1,6,1,50,8,598,1,16,-1,1,-1
201501SX20590,1,9,0,3,0,8,0,0,0,0,4,1,6,2,37,7,1390,1,11,-1,1,-1
201501SX20590,2,9,0,18,0,8,0,0,0,0,1,1,6,2,43,7,1390,1,9,-1,1,-1
201501SX20591,1,9,0,4,0,1,0,0,0,0,2,1,1,1,24,5,1596,1,13,-1,1,-1
201501SX20591,2,11,0,18,0,1,0,0,0,0,1,1,1,1,-1,-1,-1,-1,-1,-1,-1,-1
201501SX20592,1,9,0,17,0,0,0,0,0,0,3,1,6,1,59,9,-1,-1,-1,-1,1,-1
201501SX20592,2,9,0,9,0,0,0,7,0,0,1,1,6,1,-1,-1,1796,1,10,-1,-1,-1
201501SX20593,1,9,0,5,0,8,0,0,0,0,1,1,6,2,90,11,2393,1,16,-1,1,-1
201501SX20593,2,1,0,18,0,8,0,0,0,0,4,1,2,1,-1,-1,-1,-1,-1,-1,1,-1
201501SX20595,1,9,0,7,0,6,0,0,0,0,1,1,6,1,55,8,1590,1,17,-1,1,-1
201501SX20596,1,9,0,18,0,0,0,0,0,0,4,1,6,2,-1,-1,-1,-1,-1,-1,-1,-1
201501SX20597,1,9,0,4,0,0,0,0,0,0,2,1,6,1,26,6,1995,2,4,-1,1,-1
201501SX20597,2,19,0,4,0,0,0,0,0,0,1,1,6,1,30,6,1995,2,7,-1,1,-1
201501SX20598,1,9,0,3,0,1,0,0,0,0,2,1,6,2,29,6,1973,1,18,-1,1,-1
201501SX20598,2,9,0,18,0,1,0,0,0,0,1,1,2,2,44,7,1798,1,2,-1,-1,-1
201501SX20599,1,9,0,4,0,0,0,0,0,0,4,1,6,2,60,9,1598,1,13,-1,1,-1
201501SX20600,1,3,0,18,0,8,0,0,0,0,3,1,6,1,29,6,125,1,2,-1,1,-1
201501SX20600,2,3,0,18,0,8,0,0,0,0,1,1,6,1,20,4,125,1,2,-1,1,-1
201501SX20601,1,9,0,9,0,8,0,0,0,0,3,1,6,1,44,7,1968,2,8,-1,1,-1
201501SX20601,2,5,0,14,0,8,0,0,0,0,1,1,6,1,29,6,1237,1,3,-1,1,-1
201501SX20602,1,1,0,18,0,8,0,0,0,0,1,1,2,1,38,7,-1,-1,-1,-1,1,-1
201501SX20602,2,9,0,9,0,5,0,0,0,0,1,1,6,2,-1,-1,1560,2,1,-1,-1,-1
201501SX20603,1,9,0,4,0,8,0,0,0,0,2,1,6,1,63,9,1968,2,6,-1,1,-1
201501SX20603,2,19,0,18,0,8,0,0,0,0,2,1,2,1,45,7,2300,2,9,-1,1,-1
201501SX20603,3,19,0,18,0,8,0,0,0,0,1,1,2,1,43,7,4580,2,7,-1,1,-1
201501SX20604,1,9,0,18,0,1,0,0,0,0,4,1,6,2,-1,-1,1591,1,4,-1,-1,-1
201501SX20605,1,9,0,14,0,0,0,4,0,0,1,1,2,2,35,6,1598,1,11,-1,1,-1
201501SX20605,2,9,0,2,0,0,0,4,1,7,2,1,6,3,-1,-1,1198,1,1,-1,-1,-1
201501SX20605,3,9,0,2,0,0,0,4,0,0,2,1,6,3,-1,-1,1197,1,4,-1,-1,-1
201501SX20606,1,1,0,18,0,0,0,0,0,0,3,1,6,1,57,9,-1,-1,-1,-1,1,-1
201501SX20606,2,19,0,13,0,0,0,0,0,0,4,1,6,1,57,9,1248,2,1,-1,1,-1
201501SX20608,1,9,0,3,0,8,0,0,0,0,2,1,6,2,22,5,1229,1,4,-1,1,-1
201501SX20608,2,9,0,18,0,8,0,0,0,0,1,1,6,2,-1,-1,-1,-1,-1,-1,-1,-1
201501SX20609,1,19,0,18,0,0,0,0,0,0,4,1,1,1,27,6,1598,2,1,-1,-1,-1
201501SX20609,2,9,0,18,0,0,0,0,4,6,3,1,1,1,44,7,1400,2,8,-1,1,-1
201501SX20611,1,9,0,2,0,2,0,0,0,0,3,1,6,2,28,6,1984,1,7,-1,1,-1
201501SX20611,2,9,0,18,0,2,0,0,0,0,4,1,6,1,42,7,2188,2,9,-1,1,-1
201501SX20612,1,9,0,9,0,5,0,0,0,0,4,1,6,2,72,10,1339,1,11,-1,1,-1
201501SX20612,2,1,0,18,0,8,0,10,0,0,3,1,6,1,16,4,-1,-1,-1,-1,1,-1
201501SX20613,1,20,0,18,0,2,0,0,0,0,2,1,6,1,41,7,-1,-1,-1,-1,1,-1
201501SX20613,2,9,0,18,0,2,0,0,0,0,1,1,6,2,24,5,998,1,14,-1,1,-1
201501SX20614,1,3,0,18,0,8,0,0,0,0,1,1,6,1,21,5,-1,-1,-1,-1,1,-1
201501SX20614,2,9,0,18,0,8,0,0,0,0,4,1,6,2,59,9,1242,1,7,-1,1,-1
201501SX20616,1,9,0,8,0,1,0,0,0,0,2,1,6,1,30,6,1598,1,1,-1,1,-1
201501SX20616,2,9,0,18,0,1,0,0,0,0,1,1,6,2,-1,-1,1299,1,13,-1,1,-1
201501SX20617,1,9,0,13,0,0,0,0,0,0,1,1,6,2,36,7,1590,1,12,-1,1,-1
201501SX20617,2,9,0,16,0,0,0,0,0,0,3,1,1,1,-1,-1,2987,2,6,-1,1,-1
201501SX20617,3,9,0,16,0,0,0,0,0,0,3,1,6,1,-1,-1,-1,-1,-1,-1,-1,-1
201501SX20618,1,1,0,18,0,8,0,0,0,0,3,1,2,1,30,6,-1,-1,-1,-1,1,-1
201501SX20618,2,19,0,7,0,8,0,0,0,0,1,1,6,3,-1,-1,-1,-1,-1,-1,-1,-1
201501SX20619,1,19,0,17,0,0,0,10,1,7,1,1,6,1,27,6,2402,2,7,-1,1,-1
201501SX20620,1,11,0,7,0,8,0,0,0,0,0,1,1,1,39,7,7300,2,11,-1,1,-1
201501SX20621,1,19,0,7,0,8,0,0,0,0,3,1,1,1,40,7,1995,2,1,-1,1,-1
201501SX20621,2,1,0,18,0,8,0,0,0,0,4,1,6,1,35,6,-1,-1,-1,-1,1,-1
201501SX20622,1,9,0,9,0,1,0,0,0,0,1,1,6,2,35,6,1984,1,12,-1,1,-1
201501SX20622,2,9,0,18,2,1,0,0,0,0,3,1,6,1,28,6,1796,1,6,-1,1,-1
201501SX20623,1,9,0,18,0,2,0,0,0,0,1,1,6,1,33,6,-1,-1,-1,-1,1,-1
201501SX20624,1,5,0,4,0,1,0,0,0,0,3,1,6,1,-1,-1,998,1,14,-1,1,-1
201501SX20624,2,9,0,5,0,1,0,0,0,0,4,1,6,2,46,8,1796,1,12,-1,-1,-1
201501SX20626,1,9,0,18,0,0,0,0,7,10,3,1,2,2,54,8,1461,2,3,-1,1,-1
201501SX20627,1,9,0,18,0,2,0,0,0,0,1,1,2,1,59,9,-1,-1,-1,-1,1,-1
201501SX20628,1,9,0,9,0,1,0,10,7,0,4,1,6,1,58,9,1248,1,1,-1,1,-1
201501SX20628,2,9,0,18,0,1,0,0,0,0,4,1,6,1,25,5,1229,1,1,-1,1,-1
201501SX20628,3,9,0,18,0,1,0,0,0,0,1,1,6,1,26,6,-1,-1,-1,-1,1,-1
201501SX20629,1,9,0,4,0,8,0,0,0,0,1,1,6,1,40,7,1389,1,18,-1,1,-1
201501SX20629,2,9,0,9,0,6,0,0,0,0,4,1,6,2,88,11,1399,1,6,-1,1,-1
201501SX20631,1,9,0,9,0,5,0,0,0,0,1,1,6,1,23,5,1339,8,5,-1,1,-1
201501SX20631,2,3,0,15,0,8,0,0,0,0,3,1,6,1,38,7,125,1,-1,-1,1,-1
201501SX20632,1,11,0,18,0,1,1,0,0,0,1,1,1,1,38,7,4500,2,5,-1,1,-1
201501SX20632,2,4,0,3,0,1,0,0,0,0,2,1,6,1,28,6,125,1,5,-1,1,-1
201501SX20633,1,1,0,18,0,0,0,0,0,0,4,1,6,2,46,8,-1,-1,-1,-1,1,-1
201501SX20633,2,9,0,5,0,0,0,0,0,0,1,1,6,3,-1,-1,-1,-1,-1,-1,-1,-1
201501SX20634,1,9,0,4,0,8,0,0,0,0,1,1,6,1,61,9,1339,1,12,-1,1,-1
201501SX20634,2,9,0,18,0,8,0,0,1,0,3,1,6,2,20,4,1390,1,-1,-1,1,-1
201501SX20635,1,9,0,18,0,1,0,0,0,0,1,1,6,2,30,6,2987,2,3,-1,1,-1
201501SX20635,2,9,0,10,0,1,0,0,0,0,2,1,6,1,55,8,-1,-1,-1,-1,1,-1
201501SX20636,1,9,0,2,0,2,0,0,0,0,1,1,6,2,48,8,1560,2,-1,-1,1,-1
201501SX20636,2,9,0,1,0,2,0,4,0,0,2,1,6,1,-1,-1,-1,-1,-1,-1,-1,-1
201501SX20637,1,9,0,4,0,8,0,0,0,0,2,1,2,1,51,8,1998,1,4,-1,1,-1
201501SX20637,2,9,0,18,0,8,0,0,0,0,1,1,2,1,32,6,-1,-1,-1,-1,1,-1
201501SX20637,3,9,0,18,0,8,0,0,0,0,1,1,1,1,25,5,1995,2,7,-1,1,-1
201501SX20639,1,9,0,18,0,0,0,0,0,0,4,1,3,2,37,7,1598,1,4,-1,1,-1
201501SX20640,1,9,0,9,0,8,0,0,0,0,1,1,6,1,24,5,-1,-1,-1,-1,1,-1
201501SX20640,2,3,0,18,0,8,0,0,0,0,1,1,6,1,28,6,124,1,3,-1,-1,-1
201501SX20641,1,9,0,18,0,1,0,4,0,0,1,1,6,1,35,6,2967,2,4,-1,1,-1
201501SX20641,2,9,0,2,0,1,0,0,1,0,3,1,6,3,-1,-1,-1,-1,-1,-1,-1,-1
201501SX20641,3,9,0,2,0,1,0,4,1,0,3,1,6,3,-1,-1,-1,-1,-1,-1,-1,-1
201501SX20641,4,9,0,2,0,1,0,4,1,0,3,1,6,3,-1,-1,1986,2,10,-1,-1,-1
201501SX20642,1,9,0,18,0,8,0,0,0,0,3,1,6,1,67,10,998,1,9,-1,1,-1
201501SX20643,1,4,0,4,0,0,0,0,0,0,1,1,6,1,51,8,244,1,6,-1,1,-1
201501SX20643,2,9,0,3,0,0,0,0,0,0,4,1,6,2,39,7,2987,2,7,-1,1,-1
201501SX20644,1,9,0,12,0,0,0,0,0,0,2,1,3,2,33,6,1968,2,8,-1,1,-1
201501SX20644,2,21,0,18,0,0,0,0,0,0,1,1,1,1,50,8,6370,2,12,-1,1,-1
201501SX20645,1,9,0,7,0,2,0,0,0,0,1,1,6,1,36,7,1598,1,1,-1,1,-1
201501SX20646,1,9,0,18,0,0,5,4,0,0,1,1,6,1,75,10,1339,1,6,-1,1,-1
201501SX20646,2,9,0,2,0,0,0,0,0,0,3,1,6,3,-1,-1,1298,1,13,-1,-1,-1
201501SX20646,3,9,0,2,0,0,0,4,0,0,3,1,6,3,-1,-1,1242,1,1,-1,-1,-1
201501SX20646,4,9,0,2,0,0,0,4,0,0,2,1,6,3,-1,-1,-1,-1,-1,-1,-1,-1
201501SX20647,1,19,0,9,0,5,0,0,0,0,3,1,1,1,53,8,1560,2,-1,-1,2,-1
201501SX20647,2,3,0,13,0,8,0,0,0,0,1,1,6,1,20,4,125,1,10,-1,1,-1
201501SX20648,1,9,0,17,0,0,0,0,0,0,3,1,6,1,33,6,1794,1,9,-1,-1,-1
201501SX20649,1,9,0,5,0,6,0,0,1,10,3,1,6,2,42,7,1343,1,12,-1,1,-1
201501SX20649,2,8,0,18,0,8,0,0,0,0,1,1,1,1,36,7,1242,1,4,-1,1,-1
201501SX20650,1,9,0,3,0,0,0,0,0,0,2,1,1,1,22,5,1797,8,6,-1,1,-1
201501SX20650,2,19,0,18,0,0,0,0,0,0,1,1,6,1,46,8,2299,2,1,-1,1,-1
201501SX20650,3,9,0,3,0,0,0,0,0,0,2,1,2,1,39,7,1896,2,9,-1,1,-1
201501SX20651,1,19,0,2,0,0,0,0,0,0,4,1,1,1,65,9,1399,2,3,-1,1,-1
201501SX20651,2,9,0,18,0,0,0,4,0,0,4,1,6,2,-1,-1,1240,1,8,-1,1,-1
201501SX20652,1,9,0,4,0,0,0,0,0,0,2,1,6,2,-1,-1,-1,-1,-1,-1,1,-1
201501SX20652,2,9,0,18,0,0,0,0,0,0,1,1,6,1,35,6,1339,1,10,-1,1,-1
201501SX20652,3,9,0,18,0,0,0,0,0,0,1,1,1,1,53,8,1834,1,14,-1,1,-1