Accident_Index,Vehicle_Reference,Vehicle_Type,Towing_and_Articulation,Vehicle_Manoeuvre,Vehicle_Location-Restricted_Lane,Junction_Location,Skidding_and_Overturning,Hit_Object_in_Carriageway,Vehicle_Leaving_Carriageway,Hit_Object_off_Carriageway,1st_Point_of_Impact,Was_Vehicle_Left_Hand_Drive?,Journey_Purpose_of_Driver,Sex_of_Driver,Age_of_Driver,Age_Band_of_Driver,Engine_Capacity_(CC),Propulsion_Code,Age_of_Vehicle,Driver_IMD_Decile,Driver_Home_Area_Type,Vehicle_IMD_Decile
201501SX20821,1,9,0,18,0,8,1,7,7,2,1,1,6,1,22,5,1598,1,9,-1,1,-1
201501SX20821,2,9,0,2,0,8,0,0,0,0,1,1,6,3,-1,-1,1390,1,15,-1,-1,-1
201501SX20821,3,9,0,2,0,8,0,0,0,0,3,1,6,3,-1,-1,1598,1,9,-1,-1,-1
201501SX20823,1,1,0,18,0,8,0,0,0,0,4,1,6,2,59,9,-1,-1,-1,-1,1,-1
201501SX20823,2,9,0,5,0,6,0,0,0,0,1,1,6,2,-1,-1,2290,1,6,-1,1,-1
201501SX20824,1,9,0,18,0,0,0,11,0,0,1,1,2,2,53,8,1598,1,15,-1,1,-1
201501SX20824,2,9,0,18,0,0,0,0,0,0,3,1,2,2,41,7,1998,1,15,-1,1,-1
201501SX20825,1,9,0,18,0,0,0,0,0,0,4,1,6,1,30,6,1598,2,-1,-1,1,-1
201501SX20825,2,9,0,4,0,0,1,10,0,0,4,1,6,1,38,7,1248,2,9,-1,1,-1
201501SX20825,3,9,0,2,0,0,0,0,0,0,3,1,6,3,-1,-1,1685,2,3,-1,-1,-1
201501SX20826,1,9,0,5,0,8,0,7,1,1,1,1,6,1,34,6,2148,2,11,-1,1,-1
201501SX20826,2,9,0,9,0,5,0,0,0,0,4,1,6,1,36,7,-1,-1,-1,-1,1,-1
201501SX20827,1,19,0,7,0,5,0,0,0,0,3,1,6,1,27,6,2198,2,-1,-1,1,-1
201501SX20828,1,9,0,9,0,5,0,0,0,0,4,1,1,1,53,8,2143,2,-1,-1,-1,-1
201501SX20828,2,1,0,15,0,5,0,0,0,0,1,1,1,1,39,7,-1,-1,-1,-1,1,-1
201501SX20829,1,9,0,13,0,0,0,0,0,0,4,1,2,2,69,10,1998,1,12,-1,1,-1
201501SX20829,2,9,0,1,0,0,0,0,0,0,3,1,1,2,35,6,-1,-1,-1,-1,-1,-1
201501SX20830,1,9,0,18,0,1,0,0,2,7,4,1,6,1,28,6,1386,1,6,-1,1,-1
201501SX20831,1,9,0,4,0,8,0,0,0,0,2,1,6,2,38,7,998,1,10,-1,1,-1
201501SX20831,2,9,0,4,0,8,0,0,0,0,1,1,6,2,26,6,2183,2,5,-1,1,-1
201501SX20833,1,19,0,2,0,2,0,0,0,0,4,1,6,1,-1,-1,1870,2,9,-1,-1,-1
201501SX20833,2,19,0,18,0,2,0,4,0,0,1,1,6,1,28,6,1995,2,7,-1,1,-1
201501SX20833,3,9,0,18,0,1,0,0,0,0,1,1,6,1,27,6,1995,2,3,-1,1,-1
201501SX20834,1,9,0,18,0,8,0,0,0,0,1,1,6,1,43,7,2143,2,4,-1,-1,-1
201501SX20834,2,9,0,9,0,8,0,0,1,7,4,1,6,2,31,6,1995,1,8,-1,-1,-1
201501SX20835,1,19,0,18,0,0,0,10,0,0,3,1,1,1,50,8,-1,-1,-1,-1,-1,-1
201501SX20835,2,9,0,18,0,0,0,0,0,0,4,1,2,2,41,7,2188,2,12,-1,1,-1
201501SX20836,1,9,0,12,0,1,0,0,0,0,2,1,6,2,34,6,1997,1,11,-1,1,-1
201501SX20836,2,9,0,18,0,1,0,0,0,0,1,1,6,1,52,8,1997,2,5,-1,1,-1
201501SX20837,1,9,0,4,0,2,0,0,0,0,1,1,1,2,47,8,1796,1,10,-1,1,-1
201501SX20838,1,21,0,17,0,0,0,0,0,0,3,1,1,1,33,6,4461,2,3,-1,1,-1
201501SX20838,2,19,0,2,0,0,0,0,0,0,3,1,6,1,31,6,1968,2,1,-1,3,-1
201501SX20838,3,19,0,16,0,0,0,0,0,0,1,1,6,1,27,6,2402,2,10,-1,1,-1
201501SX20839,1,19,0,18,0,0,0,0,0,0,4,1,6,1,49,8,2198,2,8,-1,1,-1
201501SX20840,1,9,0,18,0,1,0,0,0,0,3,1,6,2,30,6,1796,1,11,-1,1,-1
201501SX20840,2,9,0,11,0,1,0,0,0,0,1,1,6,1,-1,-1,2987,2,6,-1,-1,-1
201501SX20841,1,9,0,9,0,6,0,0,0,0,1,1,6,2,43,7,1598,1,8,-1,1,-1
201501SX20843,1,9,0,18,0,0,0,0,0,0,1,1,6,1,33,6,1796,1,13,-1,1,-1
201501SX20843,2,9,0,18,0,0,0,0,0,0,2,1,6,1,40,7,1399,2,4,-1,-1,-1
201501SX20843,3,10,0,18,0,0,0,0,0,0,3,1,6,1,-1,-1,2298,2,3,-1,-1,-1
201501SX20844,1,4,0,18,0,1,1,0,0,0,1,1,6,1,24,5,125,1,9,-1,1,-1
201501SX20844,2,9,0,5,0,2,0,0,0,0,3,1,6,1,29,6,1596,1,10,-1,1,-1
201501SX20845,1,19,0,3,0,0,0,0,0,0,2,1,1,1,57,9,2198,2,-1,-1,1,-1
201501SX20845,2,9,0,18,0,0,0,0,0,0,1,1,6,2,30,6,1596,1,13,-1,1,-1
201501SX20845,3,9,0,4,0,0,0,0,0,0,2,1,1,1,32,6,1596,1,1,-1,1,-1
201501SX20847,1,3,0,18,0,0,0,0,0,0,3,1,1,1,22,5,125,1,6,-1,1,-1
201501SX20847,2,9,0,13,0,0,0,0,0,0,4,1,6,3,-1,-1,1390,1,9,-1,-1,-1
201501SX20849,1,1,0,18,0,0,0,0,0,0,1,1,6,1,-1,-1,-1,-1,-1,-1,-1,-1
201501SX20850,1,9,0,18,0,1,0,0,0,0,2,1,6,2,45,7,1598,1,5,-1,1,-1
201501SX20850,2,9,0,18,0,1,0,0,0,0,1,1,6,1,31,6,2987,2,6,-1,1,-1
201501SX20851,1,3,0,4,0,8,0,0,0,0,0,1,6,1,20,4,125,1,-1,-1,1,-1
201501SX20851,2,9,0,7,0,8,0,0,0,0,0,1,6,3,-1,-1,-1,-1,-1,-1,-1,-1
201501SX20852,1,9,0,4,0,8,0,0,0,0,1,1,6,1,32,6,-1,-1,-1,-1,1,-1
201501SX20852,2,9,0,5,0,8,0,0,0,0,4,1,6,1,18,4,1242,1,9,-1,1,-1
201501SX20853,1,9,0,18,0,2,1,7,8,2,1,1,6,1,20,4,1360,1,12,-1,1,-1
201501SX20855,1,9,0,18,0,2,0,0,0,0,4,1,6,3,-1,-1,-1,-1,-1,-1,-1,-1
201501SX20856,1,3,0,18,0,8,0,0,0,0,1,1,6,1,36,7,125,1,7,-1,1,-1
201501SX20856,2,9,0,9,0,8,0,0,0,0,1,1,6,2,25,5,1497,8,7,-1,1,-1
201501SX20858,1,9,0,3,0,1,0,0,0,0,2,1,6,2,39,7,1998,1,8,-1,1,-1
201501SX20858,2,9,0,18,0,1,0,0,0,0,1,1,6,1,-1,-1,-1,-1,-1,-1,-1,-1
201501SX20859,1,9,0,10,0,1,0,0,0,0,1,1,6,1,19,4,1360,1,11,-1,1,-1
201501SX20859,2,9,0,10,0,1,0,0,0,0,2,1,6,2,37,7,1400,1,10,-1,1,-1
201501SX20860,1,8,0,18,0,8,0,0,1,4,1,1,1,1,51,8,1796,1,11,-1,1,-1
201501SX20861,1,9,0,9,0,8,0,0,0,0,1,1,6,2,52,8,1991,1,-1,-1,1,-1
201501SX20861,2,5,0,13,0,8,0,0,0,0,1,1,6,1,47,8,892,1,16,-1,1,-1
201501SX20862,1,9,0,18,0,0,0,0,0,0,1,1,6,1,-1,-1,-1,-1,-1,-1,-1,-1
201501SX20863,1,9,0,11,0,8,0,0,0,0,1,1,6,2,44,7,1364,2,11,-1,1,-1
201501SX20864,1,9,0,9,0,8,0,0,0,0,4,1,6,1,71,10,1590,1,16,-1,1,-1
201501SX20864,2,9,0,18,0,8,0,0,0,0,1,1,6,2,35,6,1598,1,2,-1,1,-1
201501SX20866,1,20,0,18,0,2,0,0,0,0,1,1,1,1,-1,-1,-1,-1,-1,-1,-1,-1
201501SX20867,1,11,0,18,0,1,0,0,0,0,0,1,1,1,41,7,5132,2,1,-1,1,-1
201501SX20868,1,21,1,18,0,8,0,0,0,0,2,1,1,1,38,7,10837,2,3,-1,1,-1
201501SX20868,2,19,0,18,0,8,0,0,4,6,1,1,2,1,25,5,1248,2,2,-1,1,-1
201501SX20869,1,9,0,11,0,0,0,0,0,0,2,1,6,1,30,6,3799,1,1,-1,1,-1
201501SX20869,2,3,0,18,0,0,0,0,0,0,1,1,6,1,56,9,125,1,10,-1,1,-1
201501SX20870,1,9,0,7,0,2,1,7,7,1,1,1,6,1,25,5,1388,1,5,-1,1,-1
201501SX20870,2,9,0,8,0,1,0,0,0,0,3,1,6,2,31,6,1596,1,10,-1,1,-1
201501SX20871,1,9,0,3,0,0,0,0,0,0,2,1,6,2,45,7,1397,1,13,-1,2,-1
201501SX20871,2,9,0,5,0,0,0,0,0,0,1,1,6,1,-1,-1,1799,1,9,-1,-1,-1
201501SX20872,1,9,0,18,0,8,0,10,0,0,4,1,2,2,56,9,1896,2,12,-1,1,-1
201501SX20872,2,19,0,18,0,8,0,0,0,0,3,1,2,1,46,8,2148,2,9,-1,1,-1
201501SX20873,1,9,0,3,0,1,0,0,0,0,2,1,6,2,18,4,1390,1,14,-1,-1,-1
201501SX20873,2,9,0,18,0,1,0,0,0,0,1,1,6,2,-1,-1,-1,-1,-1,-1,-1,-1
201501SX20874,1,9,0,17,0,1,0,0,0,0,1,1,6,3,-1,-1,-1,-1,-1,-1,-1,-1
201501SX20875,1,9,0,9,0,8,0,0,0,0,3,1,6,2,34,6,1796,1,15,-1,1,-1
201501SX20875,2,3,0,13,0,8,0,0,0,0,1,1,6,1,34,6,108,1,-1,-1,1,-1
201501SX20876,1,3,0,18,0,0,0,4,0,0,4,1,6,1,21,5,125,1,10,-1,1,-1
201501SX20877,1,9,0,2,0,0,0,0,0,0,2,1,6,2,47,8,1149,1,12,-1,1,-1
201501SX20877,2,3,0,18,0,0,1,0,0,0,1,1,6,1,42,7,124,1,1,-1,1,-1
201501SX20878,1,3,0,18,0,0,0,0,0,0,1,1,1,1,37,7,125,1,-1,-1,1,-1
201501SX20878,2,11,0,3,0,0,0,0,0,0,2,1,1,1,35,6,-1,2,9,-1,1,-1
201501SX20878,3,9,0,18,0,0,0,0,0,0,2,1,1,1,40,7,-1,-1,-1,-1,1,-1
201501SX20878,4,9,0,18,0,0,0,0,0,0,1,1,6,3,-1,-1,1596,1,15,-1,-1,-1
201501SX20879,1,9,0,18,0,0,0,0,0,0,1,1,6,3,-1,-1,1985,1,15,-1,-1,-1
201501SX20879,2,1,0,18,0,0,0,0,0,0,2,1,2,1,31,6,-1,-1,-1,-1,1,-1
201501SX20880,1,9,0,18,0,2,0,0,0,0,3,1,6,1,45,7,1686,2,9,-1,1,-1
201501SX20881,1,9,0,9,0,8,0,0,0,0,1,1,1,1,29,6,898,1,-1,-1,1,-1
201501SX20881,2,9,0,18,0,8,0,0,0,0,1,1,1,1,27,6,698,1,9,-1,1,-1
201501SX20882,1,9,0,18,0,0,0,0,0,0,1,1,6,1,37,7,1598,2,-1,-1,1,-1
201501SX20883,1,9,0,9,0,8,5,0,0,0,4,1,6,2,61,9,1397,1,14,-1,1,-1
201501SX20883,2,9,0,18,0,8,0,0,0,0,1,1,6,2,31,6,1086,1,7,-1,1,-1
201501SX20883,3,11,0,8,0,1,0,0,0,0,1,1,1,1,34,6,3900,2,9,-1,1,-1
201501SX20884,1,19,0,9,0,8,0,0,0,0,4,1,6,1,51,8,2151,2,13,-1,1,-1
201501SX20884,2,9,0,18,0,8,0,0,0,0,1,1,6,2,56,9,1397,1,12,-1,1,-1
201501SX20886,1,4,0,18,0,1,0,0,0,0,4,1,2,1,36,7,249,1,3,-1,1,-1
201501SX20886,2,9,0,6,0,1,0,0,0,0,0,1,6,1,-1,-1,1598,1,13,-1,-1,-1
201501SX20887,1,5,0,18,0,8,0,0,0,0,4,1,6,1,57,9,999,1,-1,-1,1,-1
201501SX20891,1,9,0,18,0,0,0,0,0,0,1,1,6,1,23,5,1229,1,10,-1,1,-1
201501SX20892,1,9,0,9,0,8,0,0,0,0,1,1,6,1,-1,-1,1796,1,14,-1,-1,-1
201501SX20892,2,1,0,9,0,8,0,0,0,0,3,1,6,1,45,7,-1,-1,-1,-1,1,-1
201501SX20893,1,11,0,4,0,1,0,0,0,0,0,1,1,1,50,8,3900,2,9,-1,1,-1
201501SX20894,1,9,0,17,0,8,0,0,0,0,4,1,6,1,41,7,2494,8,-1,-1,1,-1
201501SX20894,2,9,0,9,0,8,0,0,0,0,1,1,6,1,-1,-1,2198,1,10,-1,-1,-1
201501SX20895,1,11,0,5,0,1,0,0,0,0,0,1,1,1,50,8,5132,2,1,-1,1,-1
201501SX20896,1,9,0,18,0,1,0,0,0,0,1,1,2,1,42,7,1797,8,4,-1,1,-1
201501SX20896,2,21,1,3,0,1,0,0,0,0,3,1,1,1,52,8,10837,2,6,-1,1,-1
201501SX20896,3,9,0,3,0,1,0,0,0,0,2,1,6,1,35,6,1296,1,7,-1,1,-1
201501SX20896,4,9,0,3,0,1,0,0,0,0,2,1,6,1,31,6,1461,2,1,-1,1,-1
201501SX20897,1,9,0,18,0,2,0,4,0,0,1,1,6,2,82,11,1796,1,4,-1,1,-1
201501SX20897,2,9,0,2,0,2,0,0,0,0,2,1,6,3,-1,-1,2990,1,17,-1,-1,-1
201501SX20898,1,9,0,18,0,1,0,0,0,0,2,1,6,2,28,6,1240,1,10,-1,1,-1
201501SX20898,2,3,0,18,0,1,0,0,0,0,1,1,6,1,31,6,-1,-1,-1,-1,1,-1
201501SX20899,1,9,0,18,0,0,0,4,0,0,1,1,6,1,58,9,1596,1,-1,-1,1,-1
201501SX20899,2,9,0,2,0,0,0,0,0,0,3,1,6,3,-1,-1,1798,1,10,-1,-1,-1
201501SX20900,1,9,0,18,0,1,0,0,0,0,1,1,6,2,68,10,1124,1,12,-1,1,-1
201501SX20901,1,9,0,18,0,8,0,0,0,0,4,1,6,2,22,5,1229,1,5,-1,1,-1
201501SX20901,2,9,0,5,0,8,0,0,0,0,1,1,6,2,-1,-1,1299,1,16,-1,1,-1
201501SX20902,1,9,0,18,0,1,0,0,0,0,1,1,6,2,36,7,2494,8,-1,-1,1,-1
201501SX20903,1,3,0,18,0,1,0,0,0,0,4,1,6,1,19,4,124,1,6,-1,1,-1
201501SX20903,2,9,0,12,0,1,0,0,0,0,3,1,6,1,38,7,-1,-1,-1,-1,1,-1
201501SX20903,3,9,0,18,0,1,0,0,0,0,4,1,6,1,35,6,2204,2,8,-1,1,-1
201501SX20904,1,9,0,4,0,0,0,0,0,0,2,1,6,2,53,8,1797,1,-1,-1,1,-1
201501SX20904,2,3,0,18,0,0,0,0,0,0,1,1,6,1,25,5,125,1,6,-1,1,-1
201501SX20905,1,9,0,18,0,1,0,4,0,0,1,1,6,1,84,11,1598,1,11,-1,1,-1
201501SX20906,1,9,0,3,0,1,0,0,0,0,2,1,6,1,28,6,1587,1,11,-1,1,-1
201501SX20906,2,9,0,18,0,1,0,0,0,0,1,1,6,2,80,11,1086,1,9,-1,1,-1
201501SX20907,1,9,0,7,0,8,0,0,0,0,1,1,6,1,26,6,1229,1,6,-1,1,-1
201501SX20907,2,9,0,18,0,8,0,0,0,0,4,1,6,1,24,5,-1,-1,-1,-1,1,-1
201501SX20908,1,9,0,18,0,8,0,0,0,0,4,1,6,2,24,5,1796,1,6,-1,1,-1
201501SX20911,1,9,0,3,0,0,0,0,0,0,2,1,6,2,-1,-1,-1,-1,-1,-1,-1,-1
201501SX20911,2,9,0,18,0,0,0,0,0,0,1,1,6,1,-1,-1,1598,1,10,-1,-1,-1
201501SX20912,1,9,0,9,0,1,0,0,0,0,1,1,6,1,38,7,1998,2,9,-1,1,-1
201501SX20915,1,9,0,9,0,6,0,0,0,0,1,1,6,1,27,6,1797,8,5,-1,1,-1
201501SX20915,2,3,0,13,0,8,0,0,0,0,1,1,6,1,35,6,124,1,4,-1,-1,-1
201501SX20916,1,9,0,18,0,1,0,0,0,0,1,1,6,2,23,5,1124,1,10,-1,1,-1
201501SX20916,2,9,0,3,0,1,0,0,0,0,2,1,6,2,41,7,1587,1,9,-1,1,-1
201501SX20916,3,9,0,3,0,1,0,0,0,0,2,1,6,2,46,8,1364,1,5,-1,1,-1
201501SX20917,1,9,0,18,0,8,0,0,0,0,1,1,1,1,45,7,1997,2,6,-1,1,-1
201501SX20917,2,9,0,18,0,8,0,0,0,0,4,1,1,2,42,7,1598,1,9,-1,1,-1
201501SX20918,1,9,0,18,0,0,0,0,0,0,1,1,6,2,28,6,1796,1,10,-1,1,-1
201501SX20919,1,9,0,9,0,8,0,0,0,0,4,1,6,2,40,7,1600,1,17,-1,1,-1
201501SX20919,2,3,0,15,0,8,0,0,0,0,1,1,6,1,18,4,124,1,13,-1,1,-1
201501SX20922,1,9,0,9,0,5,0,0,0,0,4,1,3,2,29,6,1968,2,8,-1,1,-1
201501SX20922,2,1,0,15,0,8,0,0,0,0,1,1,6,1,38,7,-1,-1,-1,-1,1,-1
201501SX20923,1,9,0,18,0,0,0,0,0,0,2,1,6,1,55,8,-1,-1,-1,-1,-1,-1
201501SX20923,2,19,0,18,0,0,0,0,0,0,1,1,6,1,51,8,1870,2,9,-1,1,-1
201501SX20924,1,3,0,18,0,1,0,0,0,0,3,1,6,1,19,4,125,1,-1,-1,1,-1
201501SX20925,1,9,0,3,0,0,0,0,0,0,2,1,6,1,38,7,1686,2,7,-1,1,-1
201501SX20925,2,9,0,18,0,0,0,0,0,0,1,1,6,1,35,6,1968,2,7,-1,1,-1
201501SX20927,1,19,0,18,0,8,0,0,0,0,1,1,6,2,-1,-1,-1,-1,-1,-1,-1,-1
201501SX20927,2,9,0,18,0,8,0,0,0,0,2,1,6,2,-1,-1,2494,1,12,-1,-1,-1
201501SX20927,3,9,0,18,0,8,0,0,0,0,2,1,6,2,-1,-1,-1,-1,-1,-1,-1,-1
201501SX20927,4,9,0,18,0,8,0,0,0,0,2,1,6,2,56,9,-1,-1,-1,-1,1,-1
201501SX20928,1,3,0,17,0,1,0,0,0,0,4,1,6,1,57,9,125,1,1,-1,1,-1
201501SX20929,1,9,0,3,0,0,0,0,0,0,2,1,2,1,-1,-1,-1,-1,-1,-1,1,-1
201501SX20929,2,9,0,4,0,0,0,0,0,0,2,1,6,1,-1,-1,-1,-1,-1,-1,1,-1
201501SX20929,3,9,0,4,0,0,1,0,0,0,1,1,1,1,45,7,1794,1,9,-1,1,-1
201501SX20929,4,9,0,4,0,0,0,0,0,0,1,1,6,2,-1,-1,1242,1,-1,-1,1,-1
201501SX20930,1,9,0,18,0,0,0,0,0,0,3,1,6,2,63,9,2000,1,7,-1,1,-1
201501SX20930,2,9,0,18,0,0,0,10,7,10,1,1,6,1,52,8,1968,2,1,-1,1,-1
201501SX20931,1,9,0,5,0,1,0,0,0,0,1,1,6,1,21,5,-1,-1,-1,-1,1,-1
201501SX20931,2,9,0,5,0,2,0,0,0,0,2,1,6,2,23,5,1998,1,13,-1,1,-1
201501SX20934,1,9,0,6,0,0,0,0,0,0,1,1,3,1,32,6,-1,-1,-1,-1,-1,-1
201501SX20934,2,9,0,18,0,0,0,0,0,0,4,1,3,2,30,6,1598,1,10,-1,1,-1
201501SX20934,3,9,0,3,0,0,0,0,0,0,3,1,6,2,27,6,1587,1,10,-1,1,-1
201501SX20938,1,3,0,18,0,1,0,0,0,0,3,1,1,1,46,8,125,1,2,-1,1,-1
201501SX20938,2,9,0,9,0,2,0,0,0,0,1,1,6,2,45,7,1595,1,3,-1,1,-1
201501SX20939,1,9,0,4,0,1,0,0,0,0,2,1,6,1,23,5,1598,1,11,-1,1,-1
201501SX20939,2,19,0,18,0,1,0,0,0,0,1,1,6,1,23,5,2402,2,7,-1,-1,-1
201501SX20940,1,9,0,3,0,0,0,0,0,0,2,1,6,1,24,5,-1,-1,-1,-1,1,-1
201501SX20940,2,9,0,18,0,0,0,0,0,0,1,1,6,1,-1,-1,1995,2,5,-1,1,-1
201501SX20941,1,9,0,3,0,1,0,0,0,0,2,1,2,2,31,6,1560,2,7,-1,1,-1
201501SX20941,2,11,0,3,0,1,0,0,0,0,1,1,1,2,51,8,5132,2,1,-1,1,-1
201501SX20942,1,9,0,18,0,0,0,0,0,0,3,1,2,2,56,9,998,1,2,-1,1,-1
201501SX20943,1,11,0,3,0,2,0,0,0,0,0,1,1,1,64,9,6700,2,8,-1,1,-1
201501SX20945,1,9,0,18,0,0,0,0,0,0,3,1,6,2,61,9,1598,2,1,-1,1,-1
201501SX20945,2,9,0,18,0,0,5,0,4,6,4,1,6,1,30,6,1995,2,7,-1,1,-1
201501SX20947,1,3,0,18,0,1,0,0,0,0,1,1,6,1,21,5,124,1,6,-1,1,-1
201501SX20947,2,9,0,9,0,1,0,0,0,0,3,1,6,1,-1,-1,-1,-1,-1,-1,-1,-1
201501SX20948,1,2,0,18,0,0,0,0,0,0,0,1,6,1,25,5,-1,-1,-1,-1,1,-1
201501SX20948,2,9,0,14,0,0,0,0,0,0,0,1,6,3,-1,-1,-1,-1,-1,-1,-1,-1
201501SX20949,1,9,0,18,0,0,0,0,0,0,1,1,6,1,30,6,1364,1,7,-1,1,-1
201501SX20950,1,11,0,4,0,8,0,0,0,0,0,1,1,3,-1,-1,-1,-1,-1,-1,-1,-1
201501SX20952,1,11,0,18,2,1,0,0,0,0,3,1,1,1,34,6,-1,-1,-1,-1,1,-1
201501SX20953,1,9,0,4,0,0,0,0,0,0,2,1,6,1,56,9,2967,2,1,-1,1,-1
201501SX20953,2,3,0,18,0,0,0,0,0,0,1,1,6,1,34,6,124,1,-1,-1,1,-1
201501SX20954,1,9,0,18,0,0,0,0,0,0,1,1,6,2,25,5,599,1,13,-1,1,-1
201501SX20954,2,9,0,4,0,0,0,0,0,0,2,1,6,1,52,8,1798,8,-1,-1,1,-1
201501SX20955,1,9,0,7,0,2,0,0,0,0,3,1,6,2,23,5,1349,1,5,-1,1,-1
201501SX20955,2,20,0,7,0,2,0,0,0,0,4,1,6,1,-1,-1,10837,2,1,-1,-1,-1
201501SX20956,1,9,0,16,0,0,0,0,0,0,1,1,6,2,20,4,1299,1,12,-1,1,-1
201501SX20956,2,10,0,17,0,0,0,0,0,0,3,1,1,1,54,8,2198,2,3,-1,1,-1
201501SX20957,1,9,0,18,0,8,0,0,0,0,3,1,2,2,37,7,2148,2,6,-1,1,-1
201501SX20957,2,20,0,18,0,8,0,0,0,0,1,1,1,1,51,8,4461,2,3,-1,1,-1
201501SX20958,1,11,0,18,0,0,0,0,0,0,0,1,1,1,29,6,4500,2,7,-1,1,-1
201501SX20959,1,19,0,3,0,0,0,0,0,0,2,1,1,1,32,6,1968,2,2,-1,1,-1
201501SX20959,2,9,0,3,0,0,0,0,0,0,2,1,1,1,58,9,1997,2,3,-1,2,-1
201501SX20959,3,19,0,3,0,0,0,0,0,0,2,1,1,1,48,8,2143,2,1,-1,2,-1
201501SX20959,4,9,0,18,0,0,0,0,0,0,1,1,1,2,45,7,1598,1,1,-1,1,-1
201501SX20960,1,9,0,5,0,2,0,0,0,0,3,1,6,1,35,6,1242,1,6,-1,1,-1
201501SX20960,2,9,0,18,0,2,0,0,0,0,1,1,6,1,48,8,-1,-1,-1,-1,-1,-1
201501SX20961,1,19,0,2,6,2,0,0,0,0,3,1,1,1,26,6,2198,2,2,-1,3,-1
201501SX20961,2,21,0,18,0,2,0,0,0,0,4,1,1,1,-1,-1,10837,2,-1,-1,1,-1
201501SX20962,1,9,0,18,0,8,0,0,0,0,4,1,6,1,35,6,1968,2,7,-1,1,-1
201501SX20962,2,9,0,18,0,8,0,0,0,0,1,1,6,1,67,10,2979,1,11,-1,1,-1
201501SX20964,1,11,0,2,0,0,0,0,0,0,0,1,1,3,-1,-1,-1,-1,-1,-1,-1,-1
201501SX20965,1,3,0,9,0,8,0,0,0,0,1,1,1,1,24,5,125,1,7,-1,1,-1
201501SX20965,2,9,0,18,0,8,0,0,0,0,3,1,6,2,69,10,1390,1,13,-1,1,-1
201501SX20968,1,9,0,18,0,1,0,0,0,0,2,1,6,1,54,8,1968,2,8,-1,1,-1
201501SX20968,2,9,0,18,0,1,0,0,0,0,1,1,6,1,-1,-1,-1,-1,-1,-1,-1,-1
201501SX20970,1,9,0,7,0,8,0,0,0,0,3,1,6,1,42,7,2979,1,1,-1,1,-1
201501SX20970,2,9,0,18,0,8,0,0,0,0,4,1,6,2,19,4,1995,2,11,-1,1,-1
201501SX20971,1,9,0,18,0,1,0,0,0,0,1,1,6,1,78,11,1348,1,13,-1,1,-1
201501SX20972,1,5,0,18,0,8,0,0,0,0,1,1,6,1,24,5,-1,-1,-1,-1,1,-1
201501SX20972,2,9,0,9,0,8,0,0,0,0,4,1,6,2,28,6,1199,2,5,-1,1,-1
201501SX20973,1,11,0,3,0,1,0,0,0,0,2,1,1,1,42,7,7300,2,12,-1,-1,-1
201501SX20973,2,9,0,4,0,1,0,0,0,0,1,1,2,1,19,4,1998,1,10,-1,1,-1
201501SX20974,1,1,0,18,0,8,0,0,0,0,1,1,6,1,15,3,-1,-1,-1,-1,-1,-1
201501SX20974,2,9,0,9,0,8,0,0,0,0,1,1,6,1,46,8,1499,1,7,-1,1,-1
201501SX20975,1,4,0,18,0,1,0,0,0,0,4,1,6,1,40,7,120,1,14,-1,1,-1
201501SX20975,2,9,0,9,0,1,0,0,0,0,1,1,6,2,24,5,1229,1,2,-1,1,-1
201501SX20977,1,9,0,12,0,0,0,0,0,0,1,1,6,1,35,6,2969,2,7,-1,1,-1
201501SX20978,1,9,0,5,0,1,0,0,0,0,1,1,6,1,53,8,2987,2,1,-1,1,-1
201501SX20978,2,5,0,18,0,1,0,0,0,0,4,1,6,1,48,8,-1,-1,-1,-1,-1,-1
201501SX20979,1,9,0,6,0,1,0,0,0,0,3,1,6,1,43,7,1999,1,13,-1,1,-1
201501SX20979,2,5,0,18,0,1,0,0,0,0,1,1,6,1,19,4,645,1,3,-1,1,-1
201501SX20980,1,9,0,4,0,1,0,0,0,0,2,1,2,2,37,7,1560,2,8,-1,1,-1
201501SX20980,2,9,0,18,0,1,0,0,0,0,1,1,6,1,-1,-1,-1,-1,-1,-1,-1,-1
201501SX20981,1,3,0,18,0,1,1,0,0,0,1,1,1,1,36,7,108,1,1,-1,1,-1
201501SX20981,2,8,0,7,0,1,0,0,0,0,3,1,6,1,40,7,-1,-1,-1,-1,-1,-1
201501SX20983,1,9,0,3,0,1,0,0,0,0,4,1,6,2,29,6,1422,2,6,-1,1,-1
201501SX20983,2,1,0,18,0,1,0,0,0,0,1,1,6,1,19,4,-1,-1,-1,-1,1,-1
201501SX20984,1,3,0,18,0,8,0,0,0,0,1,1,2,1,28,6,125,1,-1,-1,-1,-1
201501SX20984,2,9,0,9,0,5,0,0,0,0,3,1,6,1,33,6,1398,8,1,-1,1,-1
201501SX20985,1,5,0,4,0,2,0,0,0,0,2,1,6,1,43,7,1352,1,9,-1,1,-1
201501SX20985,2,9,0,18,0,2,0,0,0,0,1,1,6,1,-1,-1,-1,-1,-1,-1,-1,-1
201501SX20986,1,9,0,18,0,1,0,0,0,0,1,1,6,3,-1,-1,-1,-1,-1,-1,-1,-1
201501SX20987,1,9,0,4,0,1,0,0,0,0,1,1,6,1,25,5,1560,2,1,-1,1,-1
201501SX20987,2,9,0,3,0,1,0,0,0,0,2,1,6,1,31,6,1781,1,16,-1,1,-1
201501SX20988,1,9,0,1,0,1,0,0,0,0,0,1,6,1,70,10,1497,8,7,-1,1,-1
201501SX20988,2,1,0,18,0,1,0,0,0,0,0,1,6,2,43,7,-1,-1,-1,-1,1,-1
201501SX20989,1,9,0,11,0,1,0,0,0,0,4,1,6,1,33,6,-1,-1,-1,-1,1,-1