Accident_Index,Vehicle_Reference,Vehicle_Type,Towing_and_Articulation,Vehicle_Manoeuvre,Vehicle_Location-Restricted_Lane,Junction_Location,Skidding_and_Overturning,Hit_Object_in_Carriageway,Vehicle_Leaving_Carriageway,Hit_Object_off_Carriageway,1st_Point_of_Impact,Was_Vehicle_Left_Hand_Drive?,Journey_Purpose_of_Driver,Sex_of_Driver,Age_of_Driver,Age_Band_of_Driver,Engine_Capacity_(CC),Propulsion_Code,Age_of_Vehicle,Driver_IMD_Decile,Driver_Home_Area_Type,Vehicle_IMD_Decile
201501TD00018,1,9,0,18,0,1,0,0,0,0,3,1,6,1,22,5,1560,2,4,-1,1,-1
201501TD00019,1,21,0,6,0,8,0,0,0,0,3,1,6,1,43,7,9200,2,8,-1,2,-1
201501TD00019,2,5,0,18,0,8,0,0,0,0,1,1,6,1,47,8,599,1,12,-1,1,-1
201501TD00020,1,20,0,7,0,8,0,0,0,0,1,1,6,1,50,8,10677,2,-1,-1,3,-1
201501TD00020,2,1,0,18,0,1,0,0,0,0,1,1,6,1,34,6,-1,-1,-1,-1,1,-1
201501TD00022,1,9,0,7,0,2,0,0,0,0,4,1,6,1,87,11,2499,1,6,-1,1,-1
201501TD00023,1,9,0,18,0,2,0,0,0,0,1,1,6,1,32,6,2926,2,13,-1,1,-1
201501TD00024,1,19,0,1,0,0,0,0,0,0,2,1,6,2,47,8,1968,2,1,-1,1,-1
201501TD00025,1,5,0,18,0,0,1,10,6,0,3,1,6,1,36,7,899,1,16,-1,1,-1
201501TD00025,2,9,0,18,0,0,0,0,0,0,3,1,1,2,41,7,1910,2,8,-1,3,-1
201501TD00026,1,90,0,1,0,0,0,0,0,0,2,1,1,1,48,8,7142,2,7,-1,1,-1
201501TD00027,1,20,0,7,0,8,0,0,0,0,4,1,1,1,31,6,6693,2,2,-1,1,-1
201501TD00027,2,1,0,15,0,8,0,0,0,0,3,1,6,2,26,6,-1,-1,-1,-1,1,-1
201501TD00028,1,9,0,18,0,2,0,0,0,0,1,1,6,1,28,6,1995,2,8,-1,1,-1
201501TD00029,1,9,0,18,0,2,0,0,0,0,1,1,6,1,41,7,2979,1,14,-1,1,-1
201501TD00030,1,9,0,18,0,1,5,0,1,4,4,1,6,1,24,5,2099,1,13,-1,1,-1
201501TD00031,1,21,1,4,0,0,0,0,0,0,1,1,1,1,30,6,-1,-1,-1,-1,1,-1
201501TD00032,1,9,0,18,0,0,0,0,1,10,3,1,6,1,55,8,2835,2,15,-1,1,-1
201501TD00032,2,21,0,18,0,0,0,0,0,0,3,1,1,1,66,10,11946,2,15,-1,1,-1
201501TD00033,1,5,0,18,0,1,0,0,0,0,1,1,6,1,57,9,998,1,33,-1,1,-1
201501TD00033,2,11,0,14,0,2,0,0,0,0,1,1,1,1,23,5,9360,2,6,-1,-1,-1
201501TD00034,1,19,0,18,0,0,0,0,0,0,1,1,6,1,30,6,2198,2,2,-1,1,-1
201501TD00035,1,21,0,7,0,8,0,0,0,0,4,1,1,1,60,9,12777,2,2,-1,1,-1
201501TD00035,2,1,0,15,0,8,0,0,0,0,3,1,6,2,36,7,-1,-1,-1,-1,1,-1
201501TD00036,1,9,0,18,0,2,0,0,0,0,1,1,6,1,26,6,2143,2,4,-1,1,-1
201501TD00038,1,5,0,18,0,8,0,0,0,0,1,1,6,1,22,5,599,1,19,-1,1,-1
201501TD00038,2,11,0,9,0,8,0,0,0,0,4,1,1,1,54,8,4500,2,4,-1,1,-1
201501TD00039,1,9,0,18,0,2,0,7,1,1,4,1,6,1,23,5,1910,2,8,-1,1,-1
201501TD00041,1,90,0,18,0,8,0,0,0,0,4,1,1,1,32,6,-1,-1,-1,-1,1,-1
201501TD00041,2,5,0,15,0,8,0,0,0,0,3,1,6,1,39,7,599,1,14,-1,1,-1
201501TD00042,1,20,0,5,0,0,0,0,0,0,1,1,1,1,49,8,-1,-1,-1,-1,3,-1
201501TD00043,1,9,0,18,0,2,0,0,0,0,3,1,6,2,34,6,1997,2,7,-1,1,-1
201501TD00045,1,9,0,18,0,0,0,10,1,4,3,1,6,1,20,4,1229,1,3,-1,1,-1
201501TD00047,1,90,0,9,0,6,0,0,0,0,4,1,1,1,53,8,12777,2,7,-1,3,-1
201501TD00048,1,20,0,3,0,0,0,0,0,0,2,1,1,1,55,8,-1,-1,-1,-1,-1,-1
201501TD00048,2,19,0,18,0,0,0,0,0,0,1,1,1,1,35,6,1248,2,2,-1,1,-1
201501TD00049,1,5,0,18,0,0,0,0,4,1,3,1,6,1,25,5,849,1,4,-1,1,-1
201501TD00050,1,9,0,18,0,2,0,0,0,0,1,1,6,1,30,6,1587,1,15,-1,1,-1
201501TD00050,2,11,0,18,0,1,0,0,0,0,1,1,1,2,49,8,7300,2,12,-1,1,-1
201501TD00051,1,9,0,18,0,0,0,0,7,10,1,1,6,1,34,6,3999,1,4,-1,1,-1
201501TD00051,2,11,0,18,0,0,0,0,0,0,4,1,1,1,58,9,6700,2,1,-1,1,-1
201501TD00052,1,3,0,18,0,8,0,0,0,0,1,1,1,1,18,4,125,1,6,-1,1,-1
201501TD00052,2,9,0,9,0,8,0,0,0,0,4,1,6,2,20,4,1360,1,9,-1,1,-1
201501TD00053,1,5,0,18,0,8,0,0,0,0,1,1,6,1,22,5,640,1,14,-1,1,-1
201501TD00053,2,9,0,9,0,8,0,0,0,0,4,1,6,1,38,7,1796,1,13,-1,1,-1
201501TD00054,1,3,0,18,0,0,0,10,2,10,1,1,6,1,25,5,125,1,6,-1,1,-1
201501TD00055,1,21,0,18,0,1,0,0,0,0,4,1,1,1,40,7,6374,2,2,-1,1,-1
201501TD00055,2,1,0,15,0,1,0,0,0,0,3,1,6,2,55,8,-1,-1,-1,-1,1,-1
201501TD00056,1,9,0,18,0,0,5,7,7,1,1,1,6,2,77,11,1339,1,2,-1,2,-1
201501TD00057,1,3,0,13,0,2,1,0,1,0,1,1,2,1,44,7,124,1,4,-1,1,-1
201501TD00058,1,11,0,18,0,0,0,0,0,0,4,1,1,1,43,7,9360,2,3,-1,1,-1
201501TD00059,1,11,0,7,0,2,0,0,0,0,4,1,1,2,44,7,7300,2,11,-1,1,-1
201501TD00060,1,5,0,18,0,2,0,10,1,5,1,1,6,1,20,4,-1,-1,-1,-1,1,-1
201501TD00065,1,5,0,18,0,8,0,0,0,0,4,1,6,1,32,6,999,1,4,-1,1,-1
201501TD00065,2,19,0,18,0,8,0,0,0,0,3,1,1,1,28,6,1968,2,1,-1,1,-1
201501TD00066,1,11,0,18,0,2,0,0,0,0,1,1,1,1,50,8,9360,2,4,-1,1,-1
201501TD00067,1,9,0,16,0,0,0,0,0,0,3,1,6,1,74,10,1399,2,5,-1,1,-1
201501TD00067,2,19,0,18,0,0,0,0,0,0,1,1,1,1,50,8,2198,2,5,-1,1,-1
201501TD00067,3,11,0,18,0,0,0,0,0,0,1,1,1,1,52,8,4461,2,2,-1,1,-1
201501TD00068,1,9,0,18,0,8,0,0,0,0,1,1,6,1,30,6,1796,1,5,-1,1,-1
201501TD00069,1,3,0,18,0,2,0,0,0,0,1,1,6,1,25,5,85,1,17,-1,1,-1
201501TD00070,1,5,0,18,0,8,1,0,0,0,3,1,6,1,26,6,749,1,8,-1,1,-1
201501TD00070,2,9,0,9,0,8,0,0,0,0,4,1,6,2,59,9,1149,1,2,-1,1,-1
201501TD00071,1,9,0,18,0,0,0,0,0,0,1,1,6,1,20,4,1999,1,10,-1,1,-1
201501TD00072,1,21,0,7,2,8,0,0,0,0,4,1,1,1,46,8,12740,2,2,-1,2,-1
201501TD00072,2,1,0,15,2,1,0,0,0,0,1,1,6,2,32,6,-1,-1,-1,-1,1,-1
201501TD00074,1,9,0,18,0,0,0,4,1,0,2,1,6,1,19,4,1596,1,10,-1,1,-1
201501TD00074,2,19,0,2,0,0,0,4,0,0,2,1,6,1,-1,-1,2148,2,8,-1,1,-1
201501TD00074,3,9,0,2,0,0,0,4,0,0,2,1,6,1,-1,-1,2143,2,2,-1,1,-1
201501TD00074,4,9,0,2,0,0,0,0,0,0,2,1,6,3,-1,-1,1590,1,12,-1,-1,-1
201501TD00075,1,9,0,18,0,8,0,0,0,0,1,1,6,1,24,5,1582,2,2,-1,1,-1
201501TD00075,2,8,0,18,0,8,0,0,0,0,3,1,1,1,52,8,2499,2,4,-1,-1,-1
201501TD00076,1,9,0,18,0,0,0,0,0,0,4,1,6,1,22,5,1364,1,9,-1,1,-1
201501TD00077,1,20,0,5,0,1,0,0,0,0,3,1,1,1,49,8,10837,2,3,-1,1,-1
201501TD00077,2,3,0,5,0,1,0,0,0,0,4,1,6,1,28,6,124,1,2,-1,-1,-1
201501TD00079,1,9,0,3,0,0,0,0,0,0,3,1,6,1,41,7,1596,1,6,-1,1,-1
201501TD00079,2,3,0,18,0,0,0,0,0,0,3,1,6,1,70,10,125,1,13,-1,1,-1
201501TD00080,1,9,0,18,0,1,0,0,0,0,4,1,6,1,22,5,1956,2,1,-1,1,-1
201501TD00081,1,9,0,18,0,8,0,0,0,0,1,1,6,1,31,6,1997,2,6,-1,-1,-1
201501TD00081,2,1,0,18,0,8,0,0,0,0,4,1,6,1,60,9,-1,-1,-1,-1,1,-1
201501TD00082,1,9,0,18,0,1,0,7,1,0,1,1,6,1,55,8,1998,1,1,-1,1,-1
201501TD00084,1,20,0,12,0,0,0,0,0,0,0,1,1,1,54,8,5880,2,9,-1,1,-1
201501TD00084,2,9,0,18,0,0,0,0,0,0,0,1,6,3,-1,-1,-1,-1,-1,-1,-1,-1
201501TD00084,3,9,0,18,0,0,0,0,6,6,3,1,6,1,21,5,-1,-1,-1,-1,1,-1
201501TD00085,1,9,0,17,0,8,0,0,0,0,1,1,6,1,42,7,1598,1,8,-1,1,-1
201501TD00085,2,5,0,18,0,8,0,0,0,0,3,1,6,1,71,10,487,1,7,-1,1,-1
201501TD00086,1,9,0,18,0,0,0,0,0,0,4,1,6,1,27,6,2099,1,12,-1,1,-1
201501TD00087,1,5,0,17,0,0,1,10,1,1,4,1,6,1,34,6,599,1,5,-1,1,-1
201501TD00088,1,9,0,5,0,1,0,0,0,0,1,1,6,1,23,5,1896,2,13,-1,1,-1
201501TD00089,1,9,0,18,0,1,0,10,1,2,4,1,6,1,45,7,1796,1,25,-1,1,-1
201501TD00089,2,9,0,2,0,1,0,0,0,0,4,1,6,1,-1,-1,1968,2,7,-1,-1,-1
201501TD00093,1,21,0,7,0,1,0,0,0,0,1,1,1,1,49,8,6871,2,1,-1,-1,-1
201501TD00094,1,9,0,18,0,0,0,0,0,0,1,1,6,1,24,5,2497,1,8,-1,1,-1
201501TD00095,1,9,0,18,0,0,0,0,0,0,1,1,6,1,27,6,2993,2,10,-1,1,-1
201501TD00096,1,9,0,18,0,0,0,0,0,0,1,1,6,2,72,10,1339,1,9,-1,1,-1
201501TD00096,2,11,0,18,0,0,0,0,0,0,1,1,1,2,50,8,9200,2,9,-1,-1,-1
201501TD00098,1,19,0,18,0,0,0,0,0,0,3,1,1,1,38,7,2800,2,9,-1,1,-1
201501TD00099,1,5,0,17,0,0,1,0,0,0,1,1,6,1,62,9,865,1,6,-1,1,-1
201501TD00099,2,9,0,17,0,0,0,0,0,0,1,1,6,1,57,9,1796,1,8,-1,1,-1
201501TD00100,1,19,0,2,0,2,0,0,0,0,4,1,6,1,23,5,2461,2,7,-1,1,-1
201501TD00100,2,9,0,18,0,1,0,4,0,0,1,1,6,1,31,6,5998,1,8,-1,1,-1
201501TD00100,3,3,0,2,0,1,0,0,0,0,1,1,6,3,-1,-1,124,1,8,-1,-1,-1
201501TD00101,1,9,0,15,0,0,5,10,1,9,4,1,6,1,68,10,3996,1,12,-1,1,-1
201501TD00102,1,5,0,18,0,2,0,10,1,2,2,1,6,1,38,7,1050,1,5,-1,1,-1
201501TD00102,2,8,0,9,0,2,0,0,0,0,1,1,1,1,43,7,2143,2,4,-1,1,-1
201501TD00104,1,11,0,4,0,1,0,0,0,0,0,1,1,1,63,9,9000,2,5,-1,1,-1
201501TD00105,1,11,0,18,0,1,0,0,0,0,1,1,1,1,56,9,4500,2,-1,-1,1,-1
201501TD00106,1,9,0,18,0,0,0,0,0,0,4,1,6,1,45,7,1995,2,3,-1,1,-1
201501TD00106,2,9,0,18,0,0,0,0,0,0,4,1,6,1,42,7,1896,2,13,-1,1,-1
201501TD00107,1,21,0,18,0,0,0,4,0,0,3,1,6,1,35,6,5880,2,9,-1,1,-1
201501TD00107,2,9,0,2,0,0,0,10,7,10,4,1,6,2,39,7,1896,2,9,-1,1,-1
201501TD00108,1,3,0,18,0,0,1,7,7,1,1,1,6,1,17,4,124,1,-1,-1,1,-1
201501TD00109,1,9,0,15,0,1,0,0,0,0,3,1,6,3,-1,-1,1149,1,10,-1,-1,-1
201501TD00109,2,8,0,18,0,1,0,0,0,0,4,1,1,1,31,6,1598,1,6,-1,1,-1
201501TD00110,1,19,0,18,0,1,0,0,0,0,1,1,6,1,53,8,1995,2,7,-1,1,-1
201501TD00112,1,11,0,18,0,0,0,0,0,0,1,1,1,1,40,7,9360,2,3,-1,1,-1
201501TD00113,1,21,0,5,0,2,0,0,0,0,1,1,6,1,35,6,5900,2,7,-1,1,-1
201501TD00114,1,21,0,5,0,1,0,0,0,0,1,1,6,1,40,7,10837,2,6,-1,1,-1
201501TD00115,1,5,0,18,2,1,0,10,1,2,3,1,6,1,36,7,675,1,-1,-1,1,-1
201501TD00115,2,9,0,7,0,1,0,0,0,0,4,1,6,1,61,9,1997,2,9,-1,1,-1
201501TD00117,1,3,0,18,0,0,1,0,0,0,3,1,6,1,19,4,124,1,-1,-1,1,-1
201501TD00118,1,9,0,1,0,1,0,10,7,10,2,1,6,1,69,10,1796,1,12,-1,1,-1
201501TD00119,1,5,0,17,0,0,0,10,1,7,4,1,6,1,28,6,999,1,7,-1,1,-1
201501TD00120,1,9,0,18,0,1,0,7,8,2,1,1,6,3,-1,-1,1389,1,11,-1,-1,-1
201501TD00122,1,5,0,18,0,0,1,0,0,0,1,1,6,1,24,5,749,1,16,-1,1,-1
201501TD00122,2,9,0,6,0,0,0,10,1,2,3,1,6,1,58,9,1998,1,17,-1,1,-1
201501TD00123,1,5,0,17,0,0,0,0,1,4,1,1,6,1,24,5,750,1,5,-1,1,-1
201501TD00126,1,21,0,5,0,2,0,0,0,0,1,1,6,1,52,8,12580,2,11,-1,1,-1
201501TD00129,1,3,0,18,0,8,0,0,0,0,1,1,6,1,49,8,124,1,5,-1,1,-1
201501TD00129,2,9,0,9,0,8,0,0,0,0,4,1,6,1,25,5,1395,1,-1,-1,1,-1
201501TD00130,1,9,0,18,0,0,0,0,0,0,1,1,6,1,51,8,-1,-1,-1,-1,1,-1
201501TD00131,1,9,0,18,0,2,0,0,0,0,1,1,6,1,74,10,1299,1,13,-1,1,-1
201501TD00133,1,8,0,9,0,2,0,0,0,0,4,1,1,1,30,6,1598,2,3,-1,1,-1
201501TD00135,1,4,0,17,0,1,0,10,1,2,4,1,6,1,19,4,499,1,14,-1,1,-1
201501TD00136,1,8,0,18,0,1,0,0,0,0,1,1,2,1,54,8,2499,2,4,-1,1,-1
201501TD00139,1,1,0,5,0,1,0,0,0,0,3,1,6,1,69,10,-1,-1,-1,-1,1,-1
201501TD00139,2,1,0,18,0,1,0,0,0,0,1,1,6,1,25,5,-1,-1,-1,-1,1,-1
201501TD00140,1,5,0,18,0,2,0,0,0,0,1,1,2,1,43,7,599,1,11,-1,1,-1
201501TD00141,1,19,0,9,0,1,0,0,0,0,3,1,6,1,41,7,1968,2,2,-1,1,-1
201501TD00141,2,5,0,13,0,1,0,10,7,1,1,1,6,1,56,9,1255,1,6,-1,1,-1
201501TD00142,1,21,0,7,0,8,0,0,0,0,4,1,6,1,38,7,6693,2,2,-1,1,-1
201501TD00143,1,9,0,16,0,1,0,0,0,0,1,1,6,2,43,7,1796,1,10,-1,1,-1
201501TD00143,2,19,0,17,0,2,0,10,1,2,1,1,6,1,44,7,1968,2,5,-1,1,-1
201501TD00144,1,90,0,7,0,8,0,0,0,0,4,1,6,1,36,7,6700,2,-1,-1,1,-1
201501TD00145,1,9,0,17,0,0,0,0,0,0,1,1,2,1,55,8,1995,2,9,-1,1,-1
201501TD00145,2,9,0,16,0,0,0,0,0,0,1,1,6,2,16,4,1794,1,11,-1,1,-1
201501TD00147,1,21,0,18,0,1,0,0,0,0,1,1,6,1,44,7,12777,2,-1,-1,1,-1
201501TD00147,2,90,0,18,0,1,5,0,0,0,3,1,6,1,67,10,-1,-1,-1,-1,1,-1
201501TD00149,1,11,0,5,0,1,0,0,0,0,4,1,1,1,31,6,4500,2,5,-1,1,-1
201501TD00151,1,19,0,18,0,0,0,0,0,0,1,1,1,1,-1,-1,-1,-1,-1,-1,-1,-1
201501TD00152,1,9,0,18,0,0,0,0,0,0,4,1,6,1,22,5,1984,1,-1,-1,1,-1
201501TD00152,2,9,0,2,0,0,0,0,0,0,4,1,6,1,35,6,1798,1,4,-1,-1,-1
201501TD00153,1,90,0,18,0,8,0,0,0,0,3,1,6,1,15,3,-1,-1,-1,-1,1,-1
201501TD00153,2,11,0,9,0,8,0,0,0,0,1,1,1,1,61,9,4500,2,3,-1,1,-1
201501TD00154,1,21,1,18,0,0,0,0,0,0,4,1,1,1,62,9,11946,2,4,-1,1,-1
201501TD00155,1,4,0,14,0,1,0,0,0,0,1,1,6,1,23,5,244,1,9,-1,1,-1
201501TD00156,1,4,0,18,0,1,0,10,1,0,1,1,6,1,62,9,1084,1,12,-1,-1,-1
201501TD00156,2,9,0,18,0,1,0,10,7,0,1,1,6,1,31,6,1686,2,10,-1,-1,-1
201501TD00157,1,19,0,18,0,0,0,0,0,0,4,1,6,1,53,8,2402,2,4,-1,1,-1
201501TD00158,1,3,0,13,0,0,0,0,0,0,3,1,6,1,33,6,125,1,3,-1,1,-1
201501TD00158,2,21,0,18,0,0,0,0,0,0,4,1,1,1,25,5,10518,2,4,-1,1,-1
201501TD00158,3,19,0,18,0,0,0,0,0,0,3,1,1,1,50,8,1461,2,10,-1,1,-1
201501TD00159,1,21,1,5,0,0,0,0,0,0,1,1,1,1,53,8,12777,2,2,-1,1,-1
201501TD00160,1,19,0,16,0,1,0,0,0,0,1,1,2,1,45,7,-1,-1,-1,-1,1,-1
201501TD00161,1,5,0,13,0,0,0,6,1,7,1,1,6,1,57,9,1299,1,11,-1,1,-1
201501TD00162,1,9,0,18,0,0,0,10,1,2,1,1,2,1,68,10,1910,2,10,-1,1,-1
201501TD00162,2,9,0,18,0,0,5,0,0,0,1,1,2,1,69,10,1598,1,8,-1,1,-1
201501TD00163,1,9,0,18,0,0,0,0,0,0,1,1,6,1,86,11,1242,1,9,-1,1,-1
201501TD00163,2,21,0,1,0,0,0,0,0,0,1,1,1,1,45,7,6692,2,6,-1,1,-1
201501TD00165,1,9,0,18,0,8,0,0,0,0,1,1,1,1,39,7,4172,1,12,-1,1,-1
201501TD00166,1,9,0,5,0,1,0,7,1,10,1,1,6,1,74,10,2290,1,15,-1,1,-1
201501TD00166,2,9,0,18,0,1,0,10,7,10,4,1,6,1,20,4,1390,1,9,-1,3,-1
201501TW60001,1,9,0,9,0,8,0,0,0,0,3,1,2,1,67,10,2597,1,13,-1,1,-1
201501TW60001,2,1,0,17,0,8,0,0,0,0,1,1,2,2,72,10,-1,-1,-1,-1,1,-1
201501TW60003,1,9,0,2,0,0,0,0,0,0,3,1,6,1,67,10,1995,2,1,-1,1,-1
201501TW60003,2,9,0,18,0,0,0,0,0,0,1,1,6,1,36,7,1242,1,6,-1,1,-1
201501TW60005,1,9,0,9,0,8,0,0,0,0,4,1,1,1,61,9,1968,2,7,-1,1,-1
201501TW60005,2,1,0,16,0,8,0,0,0,0,1,1,2,1,41,7,-1,-1,-1,-1,1,-1
201501TW60007,1,3,0,14,0,8,0,4,0,0,1,1,2,1,23,5,-1,-1,-1,-1,-1,-1
201501TW60007,2,9,0,2,0,8,0,0,0,0,3,1,6,3,-1,-1,-1,-1,-1,-1,-1,-1
201501TW60009,1,8,0,7,0,8,0,0,0,0,1,1,1,1,52,8,1995,2,11,-1,1,-1
201501TW60011,1,9,0,3,0,8,0,0,0,0,2,1,6,1,53,8,2993,2,2,-1,1,-1
201501TW60011,2,9,0,4,0,8,0,0,0,0,1,1,6,2,33,6,1587,1,9,-1,1,-1
201501TW60013,1,9,0,18,2,0,0,0,0,0,1,1,6,1,40,7,1598,2,3,-1,1,-1
201501TW60015,1,9,0,9,0,8,0,0,0,0,1,1,6,1,83,11,1397,1,6,-1,1,-1
201501TW60015,2,9,0,9,0,8,0,0,0,0,4,1,6,1,33,6,2993,2,12,-1,1,-1
201501TW60016,1,1,0,18,0,1,0,8,0,0,1,1,6,2,68,10,-1,-1,-1,-1,1,-1
201501TW60016,2,9,0,2,0,1,0,0,0,0,3,1,6,1,-1,-1,1364,1,5,-1,1,-1
201501TW60017,1,9,0,9,0,8,0,0,0,0,1,1,6,1,68,10,2171,1,13,-1,-1,-1
201501TW60017,2,1,0,18,0,8,0,0,0,0,4,1,6,1,29,6,-1,-1,-1,-1,1,-1
201501TW60018,1,9,0,6,0,0,0,0,0,0,3,1,6,1,46,8,2993,2,5,-1,1,-1
201501TW60018,2,3,0,18,0,0,0,0,0,0,1,1,6,2,19,4,124,1,1,-1,1,-1
201501TW60019,1,1,0,18,0,8,0,0,0,0,4,1,6,2,34,6,-1,-1,-1,-1,1,-1
201501TW60019,2,9,0,9,0,8,0,0,0,0,1,1,6,1,-1,-1,-1,-1,-1,-1,-1,-1
201501TW60020,1,9,0,3,0,0,0,0,0,0,2,1,6,2,26,6,1389,1,11,-1,1,-1
201501TW60020,2,9,0,4,0,0,0,0,0,0,1,1,6,1,-1,-1,1399,1,9,-1,-1,-1
201501TW60021,1,9,0,2,0,0,0,0,0,0,3,1,6,1,52,8,1686,2,5,-1,1,-1
201501TW60021,2,1,0,18,0,0,0,8,0,0,1,1,6,1,21,5,-1,-1,-1,-1,1,-1
201501TW60022,1,9,0,18,0,8,0,10,1,10,1,1,6,2,48,8,-1,-1,-1,-1,1,-1
201501TW60022,2,9,0,18,0,8,0,0,0,0,4,1,6,1,18,4,-1,-1,-1,-1,1,-1
201501TW60024,1,3,0,14,0,0,0,0,0,0,1,1,6,1,25,5,124,1,5,-1,1,-1
201501TW60025,1,8,0,4,0,0,0,0,0,0,4,1,1,1,49,8,1798,8,2,-1,1,-1
201501TW60026,1,9,0,18,0,1,0,0,0,0,1,1,1,2,20,4,1198,1,4,-1,1,-1
201501TW60027,1,1,0,18,0,1,0,0,0,0,3,1,6,1,28,6,-1,-1,-1,-1,-1,-1
201501TW60027,2,9,0,18,0,1,0,0,0,0,4,1,6,1,-1,-1,1995,1,11,-1,-1,-1
201501TW60028,1,19,0,10,0,1,0,0,0,0,2,1,2,1,32,6,-1,-1,-1,-1,1,-1
201501TW60028,2,3,0,18,0,1,1,0,0,0,1,1,2,1,24,5,125,1,1,-1,1,-1
201501TW60030,1,9,0,14,0,0,0,0,0,0,1,1,2,1,34,6,1329,1,5,-1,1,-1
201501TW60031,1,9,0,3,0,0,0,0,0,0,2,1,6,1,37,7,1984,1,8,-1,1,-1
201501TW60031,2,1,0,18,0,0,0,0,0,0,1,1,6,2,23,5,-1,-1,-1,-1,-1,-1
201501TW60032,1,9,0,4,0,0,0,0,0,0,2,1,6,1,25,5,1997,1,2,-1,1,-1
201501TW60032,2,10,0,4,0,0,0,0,0,0,1,1,1,1,49,8,2198,2,3,-1,-1,-1
201501TW60034,1,9,0,18,0,8,0,0,0,0,3,1,3,1,45,7,-1,-1,-1,-1,1,-1
201501TW60034,2,9,0,7,0,8,0,0,0,0,1,1,6,1,-1,-1,1998,1,11,-1,-1,-1
201501TW60036,1,1,0,4,0,8,0,0,0,0,1,1,1,1,39,7,-1,-1,-1,-1,1,-1
201501TW60036,2,9,0,9,0,8,0,0,1,0,1,1,6,3,-1,-1,-1,-1,-1,-1,-1,-1
201501TW60037,1,11,0,4,0,8,0,0,0,0,1,1,1,1,28,6,3900,2,12,-1,1,-1
201501TW60037,2,9,0,18,0,8,0,0,0,0,4,1,6,1,27,6,-1,-1,-1,-1,-1,-1
201501TW60038,1,5,0,4,0,0,0,0,0,0,1,1,2,1,50,8,998,1,4,-1,1,-1
201501TW60039,1,8,0,6,0,0,0,0,0,0,3,1,1,1,36,7,1797,8,5,-1,1,-1
201501TW60039,2,3,0,13,0,0,0,0,0,0,1,1,1,1,34,6,125,1,9,-1,1,-1
201501TW60041,1,11,0,4,0,8,0,0,0,0,2,1,1,1,43,7,6374,2,4,-1,1,-1
201501TW60041,2,9,0,4,0,8,0,0,0,0,1,1,2,2,72,10,1596,1,6,-1,1,-1
201501TW60042,1,9,0,6,0,8,0,0,0,0,1,1,6,2,48,8,1596,1,4,-1,1,-1
201501TW60042,2,1,0,18,0,8,0,0,1,0,1,1,6,1,26,6,-1,-1,-1,-1,1,-1
201501TW60043,1,9,0,18,0,0,0,0,0,0,1,1,6,1,65,9,1497,8,9,-1,1,-1
201501TW60045,1,9,0,9,0,0,0,0,0,0,1,1,6,2,35,6,-1,-1,-1,-1,1,-1
201501TW60045,2,9,0,18,0,0,0,0,0,0,2,1,4,2,38,7,-1,-1,-1,-1,1,-1
201501TW60046,1,9,0,1,0,8,0,0,0,0,2,1,2,2,19,4,1360,1,11,-1,1,-1
201501TW60046,2,21,0,4,0,8,0,0,0,0,4,1,1,1,47,8,-1,-1,-1,-1,1,-1
201501TW60047,1,19,0,1,0,8,0,0,0,0,2,1,1,1,-1,-1,1870,2,11,-1,-1,-1
201501TW60049,1,9,0,5,0,8,0,0,0,0,3,1,6,1,42,7,3189,1,11,-1,1,-1
201501TW60049,2,1,0,17,0,8,0,0,0,0,4,1,6,1,38,7,-1,-1,-1,-1,1,-1
201501TW60050,1,8,0,4,0,8,0,0,0,0,4,1,6,2,52,8,-1,-1,-1,-1,1,-1
201501TW60051,1,9,0,7,0,8,0,0,0,0,1,1,3,2,44,7,2497,2,11,-1,1,-1
201501TW60051,2,9,0,18,0,8,0,0,0,0,1,1,3,1,42,7,-1,-1,-1,-1,1,-1
201501TW60053,1,9,0,5,0,8,0,0,0,0,1,1,2,1,54,8,2143,12,2,-1,-1,-1
201501TW60053,2,1,0,3,0,8,0,0,0,0,3,1,2,2,32,6,-1,-1,-1,-1,1,-1
201501TW60057,1,8,0,9,0,8,0,0,0,0,1,1,2,1,59,9,1956,2,2,-1,1,-1
201501TW60057,2,3,0,18,0,8,0,0,0,0,1,1,2,1,43,7,670,1,2,-1,1,-1
201501TW60058,1,8,0,5,0,8,0,0,0,0,3,1,1,1,59,9,1910,2,6,-1,1,-1
201501TW60058,2,21,0,11,0,8,0,0,0,0,4,1,1,3,-1,-1,-1,-1,-1,-1,-1,-1
201501TW60059,1,9,0,13,0,0,0,0,0,0,4,1,6,1,59,9,2143,2,4,-1,1,-1
201501TW60059,2,1,0,18,0,0,0,0,0,0,3,1,6,1,31,6,-1,-1,-1,-1,1,-1
201501TW60060,1,9,0,18,0,8,0,0,0,0,1,1,6,1,26,6,1968,2,8,-1,1,-1
201501TW60060,2,9,0,4,0,8,0,0,0,0,2,1,6,2,20,4,998,1,8,-1,1,-1
201501TW60061,1,1,0,18,0,0,0,0,0,0,1,1,2,1,39,7,-1,-1,-1,-1,1,-1
201501TW60061,2,20,0,4,0,0,0,0,0,0,2,1,2,1,39,7,6692,2,3,-1,1,-1
201501TW60062,1,9,0,14,0,0,0,0,0,0,4,1,6,1,74,10,1896,2,13,-1,1,-1
201501TW60063,1,9,0,18,0,8,0,0,0,0,1,1,6,1,-1,-1,1910,2,8,-1,-1,-1
201501TW60064,1,9,0,18,0,0,0,10,2,10,4,1,6,1,49,8,1598,1,6,-1,1,-1
201501TW60064,2,9,0,18,0,0,0,0,0,0,3,1,6,1,51,8,2000,1,9,-1,1,-1