Accident_Index,Vehicle_Reference,Vehicle_Type,Towing_and_Articulation,Vehicle_Manoeuvre,Vehicle_Location-Restricted_Lane,Junction_Location,Skidding_and_Overturning,Hit_Object_in_Carriageway,Vehicle_Leaving_Carriageway,Hit_Object_off_Carriageway,1st_Point_of_Impact,Was_Vehicle_Left_Hand_Drive?,Journey_Purpose_of_Driver,Sex_of_Driver,Age_of_Driver,Age_Band_of_Driver,Engine_Capacity_(CC),Propulsion_Code,Age_of_Vehicle,Driver_IMD_Decile,Driver_Home_Area_Type,Vehicle_IMD_Decile
201501TW60065,1,5,0,14,0,0,0,0,0,0,1,1,6,1,52,8,998,1,9,-1,1,-1
201501TW60066,1,1,0,18,0,8,0,0,0,0,1,1,6,2,25,5,-1,-1,-1,-1,1,-1
201501TW60066,2,9,0,16,0,8,0,0,0,0,1,1,6,3,-1,-1,-1,-1,-1,-1,-1,-1
201501TW60067,1,1,0,17,0,8,0,0,0,0,1,1,2,1,27,6,-1,-1,-1,-1,1,-1
201501TW60067,2,9,0,9,0,8,0,0,0,0,1,1,2,1,26,6,1149,1,8,-1,1,-1
201501TW60068,1,5,0,13,0,0,0,10,7,10,4,1,6,1,30,6,649,1,1,-1,1,-1
201501TW60068,2,9,0,9,0,0,0,0,0,0,3,1,6,1,20,4,1390,1,14,-1,1,-1
201501TW60069,1,5,0,18,0,8,0,0,0,0,1,1,6,1,21,5,645,1,6,-1,1,-1
201501TW60069,2,9,0,9,0,8,0,0,0,0,4,1,6,2,-1,-1,999,1,16,-1,1,-1
201501TW60071,1,9,0,18,0,8,0,4,0,0,4,1,6,1,24,5,-1,-1,-1,-1,1,-1
201501TW60071,2,9,0,9,0,8,0,0,0,0,1,1,2,2,55,8,1329,1,3,-1,1,-1
201501TW60071,3,9,0,2,0,2,0,0,0,0,2,1,6,3,-1,-1,1796,1,12,-1,-1,-1
201501TW60072,1,1,0,9,0,8,0,0,0,0,1,1,6,1,50,8,-1,-1,-1,-1,1,-1
201501TW60072,2,9,0,18,0,8,0,0,0,0,1,1,6,1,50,8,-1,-1,-1,-1,1,-1
201501TW60073,1,9,0,7,0,8,0,0,0,0,1,1,6,1,53,8,2967,2,5,-1,1,-1
201501TW60073,2,1,0,18,0,8,0,0,0,0,2,1,6,1,78,11,-1,-1,-1,-1,1,-1
201501TW60074,1,5,0,4,0,8,0,0,0,0,1,1,2,1,43,7,-1,-1,-1,-1,1,-1
201501TW60075,1,1,0,18,0,2,0,0,0,0,4,1,6,1,48,8,-1,-1,-1,-1,1,-1
201501TW60075,2,9,0,5,0,2,0,0,0,0,3,1,6,2,-1,-1,1595,1,-1,-1,2,-1
201501TW60076,1,9,0,18,0,0,0,10,1,1,4,1,6,1,33,6,1798,1,3,-1,1,-1
201501TW60077,1,20,0,3,0,1,0,0,0,0,2,1,1,1,47,8,3920,2,9,-1,1,-1
201501TW60077,2,11,0,18,0,1,0,0,0,0,1,1,1,2,50,8,9000,2,6,-1,1,-1
201501TW60078,1,9,0,5,0,1,0,0,0,0,1,1,6,2,44,7,2987,2,5,-1,1,-1
201501TW60078,2,9,0,3,0,1,0,0,0,0,2,1,6,1,50,8,1198,1,12,-1,1,-1
201501TW60079,1,3,0,18,0,8,0,0,0,0,3,1,2,1,53,8,102,1,8,-1,1,-1
201501TW60079,2,9,0,13,0,8,0,0,0,0,4,1,2,2,71,10,1332,1,4,-1,1,-1
201501TW60080,1,9,0,18,0,0,0,0,0,0,1,1,6,2,34,6,-1,-1,-1,-1,1,-1
201501TW60080,2,9,0,4,0,0,0,0,0,0,2,1,6,2,34,6,-1,-1,-1,-1,1,-1
201501TW60080,3,9,0,3,0,0,0,0,0,0,2,1,6,1,43,7,1598,1,10,-1,1,-1
201501TW60081,1,9,0,9,0,8,0,0,1,0,1,1,2,1,45,7,1364,2,5,-1,1,-1
201501TW60081,2,1,0,9,0,8,0,0,0,0,1,1,2,1,35,6,-1,-1,-1,-1,1,-1
201501TW60082,1,9,0,12,0,0,0,0,0,0,3,1,6,1,28,6,-1,-1,-1,-1,1,-1
201501TW60082,2,3,0,12,0,0,0,0,0,0,2,1,6,1,31,6,124,1,7,-1,1,-1
201501TW60083,1,9,0,18,0,0,0,0,0,0,1,1,6,1,51,8,1527,2,13,-1,1,-1
201501TW60083,2,9,0,18,0,0,0,0,0,0,1,1,6,2,45,7,1399,2,8,-1,1,-1
201501TW60084,1,3,0,18,0,8,0,0,0,0,0,1,2,1,28,6,124,1,-1,-1,1,-1
201501TW60084,2,9,0,9,0,8,0,0,0,0,0,1,6,3,-1,-1,-1,-1,-1,-1,-1,-1
201501TW60085,1,9,0,7,0,8,0,4,0,0,1,1,6,1,-1,-1,998,1,12,-1,1,-1
201501TW60085,2,9,0,2,0,8,0,0,0,0,3,1,6,1,-1,-1,1388,1,9,-1,1,-1
201501TW60086,1,9,0,5,0,8,0,0,0,0,4,1,6,1,79,11,1388,1,8,-1,3,-1
201501TW60086,2,1,0,5,0,8,0,0,0,0,1,1,4,2,26,6,-1,-1,-1,-1,1,-1
201501TW60087,1,1,0,9,0,8,0,0,0,0,1,1,2,1,45,7,-1,-1,-1,-1,1,-1
201501TW60087,2,9,0,9,0,8,0,0,0,0,1,1,2,1,-1,-1,-1,-1,-1,-1,1,-1
201501TW60088,1,9,0,18,0,8,0,0,0,0,4,1,6,1,28,6,1998,1,10,-1,1,-1
201501TW60088,2,19,0,15,0,8,0,0,0,0,1,1,6,3,-1,-1,-1,-1,-1,-1,-1,-1
201501TW60089,1,1,0,18,0,8,0,0,0,0,1,1,2,1,44,7,-1,-1,-1,-1,1,-1
201501TW60089,2,9,0,9,0,8,0,0,0,0,1,1,3,1,-1,-1,1796,1,12,-1,-1,-1
201501TW60090,1,3,0,18,0,0,1,4,0,0,1,1,2,1,52,8,124,1,5,-1,1,-1
201501TW60090,2,19,0,2,0,0,0,0,0,0,2,1,6,1,-1,-1,-1,-1,-1,-1,1,-1
201501TW60091,1,9,0,18,0,8,0,10,1,2,1,1,6,1,23,5,2979,1,-1,-1,1,-1
201501TW60092,1,11,0,16,0,8,0,0,0,0,2,1,1,2,65,9,9000,2,6,-1,1,-1
201501TW60092,2,9,0,16,0,8,0,0,0,0,1,1,2,1,24,5,1995,2,8,-1,1,-1
201501TW60093,1,1,0,9,0,8,0,4,0,0,1,1,6,1,49,8,-1,-1,-1,-1,1,-1
201501TW60093,2,9,0,2,0,8,0,0,0,0,2,1,6,2,-1,-1,2967,2,5,-1,-1,-1
201501TW60094,1,1,0,18,0,8,0,0,0,0,1,1,1,1,35,6,-1,-1,-1,-1,1,-1
201501TW60094,2,9,0,9,0,8,0,0,0,0,4,1,6,2,-1,-1,1595,1,12,-1,-1,-1
201501TW60095,1,9,0,9,0,8,0,0,0,0,3,1,4,1,55,8,1753,2,8,-1,1,-1
201501TW60095,2,3,0,13,0,8,0,0,0,0,1,1,6,1,25,5,125,1,12,-1,1,-1
201501TW60096,1,9,0,5,9,0,0,0,0,0,3,1,2,1,55,8,1560,2,1,-1,1,-1
201501TW60097,1,1,0,18,0,0,0,0,0,0,1,1,6,1,21,5,-1,-1,-1,-1,1,-1
201501TW60098,1,9,0,11,0,8,0,0,0,0,4,1,2,1,30,6,1796,1,7,-1,1,-1
201501TW60098,2,1,0,14,0,8,0,0,0,0,1,1,2,1,51,8,-1,-1,-1,-1,1,-1
201501TW60099,1,9,0,5,0,0,0,0,0,0,1,1,3,1,48,8,1796,1,18,-1,1,-1
201501TW60100,1,9,0,18,0,8,0,0,0,0,3,1,6,1,89,11,1364,1,7,-1,1,-1
201501TW60100,2,5,0,9,0,8,0,0,0,0,1,1,2,1,32,6,-1,-1,-1,-1,1,-1
201501TW60101,1,9,0,18,0,8,0,0,0,0,1,1,6,2,50,8,1994,1,6,-1,1,-1
201501TW60101,2,9,0,18,0,8,0,0,0,0,1,1,6,3,-1,-1,-1,-1,-1,-1,-1,-1
201501TW60103,1,3,0,4,0,0,0,0,0,0,1,1,1,1,26,6,125,1,6,-1,1,-1
201501TW60105,1,9,0,7,0,8,0,0,0,0,3,1,6,1,38,7,1995,2,14,-1,1,-1
201501TW60105,2,1,0,18,0,8,0,0,0,0,1,1,6,1,51,8,-1,-1,-1,-1,1,-1
201501TW60106,1,9,0,1,0,8,0,0,0,0,2,1,1,1,49,8,6750,1,15,-1,1,-1
201501TW60107,1,1,0,18,0,0,0,0,0,0,1,1,2,1,-1,-1,-1,-1,-1,-1,-1,-1
201501TW60108,1,19,0,9,0,8,0,0,0,0,1,1,2,1,50,8,2198,2,1,-1,1,-1
201501TW60108,2,1,0,18,0,8,0,0,0,0,1,1,2,1,28,6,-1,-1,-1,-1,-1,-1
201501TW60109,1,9,0,1,0,0,0,4,0,0,3,1,6,1,25,5,1796,1,11,-1,1,-1
201501TW60109,2,9,0,2,0,0,0,0,0,0,1,1,6,2,48,8,1998,1,12,-1,1,-1
201501TW60110,1,5,0,13,0,0,0,0,0,0,3,1,2,1,59,9,1172,1,12,-1,3,-1
201501TW60110,2,9,0,5,0,0,0,0,0,0,1,1,2,1,-1,-1,2993,2,3,-1,1,-1
201501TW60111,1,1,0,18,0,8,0,0,0,0,1,1,2,1,34,6,-1,-1,-1,-1,1,-1
201501TW60111,2,9,0,18,0,8,0,0,0,0,4,2,6,2,-1,-1,-1,-1,-1,-1,1,-1
201501TW60112,1,9,0,9,0,0,0,0,0,0,3,1,1,2,49,8,1360,1,9,-1,1,-1
201501TW60112,2,2,0,18,0,0,0,0,0,0,1,1,1,1,34,6,279,1,6,-1,1,-1
201501TW60113,1,9,0,9,0,0,0,0,1,0,4,1,1,1,35,6,1896,2,8,-1,1,-1
201501TW60113,2,1,0,18,4,0,0,0,1,0,1,1,6,2,35,6,-1,-1,-1,-1,1,-1
201501TW60114,1,9,0,4,0,0,0,0,0,0,1,1,6,1,23,5,1198,1,7,-1,1,-1
201501TW60115,1,9,0,18,0,0,0,0,1,2,1,1,6,2,36,7,1582,2,1,-1,1,-1
201501TW60116,1,5,0,13,0,0,0,0,0,0,1,1,1,2,36,7,675,1,3,-1,1,-1
201501TW60116,2,19,0,9,0,0,0,0,0,0,3,1,1,1,-1,-1,-1,-1,-1,-1,-1,-1
201501TW60117,1,9,0,5,0,0,0,0,0,0,2,1,2,1,59,9,1348,1,15,-1,1,-1
201501TW60117,2,9,0,5,0,0,0,0,0,0,1,1,2,2,30,6,1390,1,18,-1,1,-1
201501TW60118,1,9,0,5,0,0,0,10,1,10,1,1,6,1,81,11,2993,2,7,-1,1,-1
201501TW60119,1,1,0,18,0,8,0,0,0,0,4,1,2,1,69,10,-1,-1,-1,-1,1,-1
201501TW60119,2,9,0,7,0,8,0,0,0,0,4,1,6,1,-1,-1,1299,1,15,-1,-1,-1
201501TW60121,1,9,0,4,0,0,0,0,0,0,2,1,2,2,46,8,-1,-1,-1,-1,1,-1
201501TW60121,2,9,0,4,0,0,0,0,0,0,1,1,6,1,-1,-1,-1,-1,-1,-1,-1,-1
201501TW60123,1,11,0,5,0,8,0,0,0,0,0,1,1,1,50,8,8268,2,13,-1,1,-1
201501TW60125,1,9,0,9,0,8,0,0,0,0,1,1,6,1,35,6,1997,2,2,-1,1,-1
201501TW60125,2,3,0,18,0,8,0,0,0,0,1,1,6,1,25,5,-1,-1,-1,-1,1,-1
201501TW60127,1,8,0,4,0,0,0,0,0,0,2,1,1,1,46,8,2179,2,2,-1,-1,-1
201501TW60127,2,9,0,4,0,0,0,0,0,0,1,1,2,1,65,9,-1,-1,-1,-1,3,-1
201501TW60128,1,9,0,18,0,0,0,0,0,0,1,1,6,2,62,9,1560,2,8,-1,1,-1
201501TW60129,1,11,0,4,0,0,0,0,0,0,0,1,1,1,-1,-1,-1,-1,-1,-1,-1,-1
201501TW60130,1,9,0,16,0,8,0,0,0,0,4,1,6,3,-1,-1,-1,-1,-1,-1,-1,-1
201501TW60130,2,1,0,18,0,8,0,0,0,0,1,1,2,2,27,6,-1,-1,-1,-1,1,-1
201501TW60132,1,8,0,18,0,0,0,0,0,0,0,1,6,1,65,9,2143,2,3,-1,1,-1
201501TW60132,2,1,0,18,0,0,0,0,0,0,0,1,2,1,43,7,-1,-1,-1,-1,1,-1
201501TW60133,1,9,0,16,0,8,0,0,0,0,3,1,2,1,46,8,2171,1,13,-1,1,-1
201501TW60133,2,1,0,16,0,8,0,0,0,0,1,1,2,1,21,5,-1,-1,-1,-1,1,-1
201501TW60134,1,19,0,2,0,8,0,0,0,0,2,1,6,1,69,10,2148,2,8,-1,1,-1
201501TW60134,2,1,0,18,0,8,0,4,0,0,1,1,6,1,25,5,-1,-1,-1,-1,1,-1
201501TW60135,1,9,0,1,0,0,0,4,1,10,2,1,6,1,77,11,1796,1,14,-1,1,-1
201501TW60135,2,9,0,2,0,0,0,0,1,0,3,1,6,1,34,6,1798,1,10,-1,1,-1
201501TW60136,1,9,0,4,0,0,0,0,0,0,2,1,6,1,35,6,2143,2,4,-1,-1,-1
201501TW60136,2,9,0,18,0,0,0,0,0,0,1,1,6,2,71,10,2497,1,11,-1,-1,-1
201501TW60137,1,11,0,4,0,8,0,0,0,0,0,1,1,1,44,7,4500,2,7,-1,1,-1
201501TW60140,1,9,0,18,0,0,0,0,0,0,4,1,6,3,-1,-1,1339,1,9,-1,-1,-1
201501TW60141,1,3,0,18,0,0,0,0,1,0,1,1,2,1,49,8,124,1,6,-1,1,-1
201501TW60141,2,9,0,3,0,0,0,0,0,0,2,1,2,1,58,9,-1,-1,-1,-1,1,-1
201501TW60142,1,9,0,1,0,0,0,0,0,0,2,1,2,2,56,9,1995,1,4,-1,1,-1
201501TW60143,1,3,0,15,0,0,0,0,0,0,1,1,2,1,22,5,244,1,13,-1,1,-1
201501TW60143,2,19,0,9,0,0,0,0,0,0,4,1,2,1,34,6,1896,2,9,-1,1,-1
201501TW60144,1,9,0,2,0,0,0,0,0,0,3,1,6,2,37,7,1560,2,4,-1,1,-1
201501TW60144,2,1,0,14,0,0,0,4,0,0,4,1,6,1,59,9,-1,-1,-1,-1,1,-1
201501TW60145,1,9,0,9,0,8,0,0,0,0,1,1,6,2,74,10,799,2,6,-1,1,-1
201501TW60145,2,1,0,18,0,8,0,0,0,0,1,1,6,1,42,7,-1,-1,-1,-1,1,-1
201501TW60146,1,8,0,6,0,0,0,0,0,0,1,1,1,1,39,7,1598,1,8,-1,1,-1
201501TW60146,2,3,0,13,0,0,0,0,0,0,3,1,2,1,57,9,124,1,7,-1,1,-1
201501TW60148,1,9,0,3,0,0,0,0,0,0,2,1,6,1,70,10,1968,2,1,-1,1,-1
201501TW60148,2,9,0,11,0,0,0,0,1,0,0,1,6,1,-1,-1,1997,2,2,-1,-1,-1
201501TW60148,3,9,0,18,0,0,0,0,0,0,1,1,6,1,-1,-1,1997,1,13,-1,-1,-1
201501TW60149,1,1,0,16,0,8,0,10,1,10,1,1,6,1,37,7,-1,-1,-1,-1,1,-1
201501TW60150,1,1,0,14,0,8,0,4,0,0,4,1,1,1,35,6,-1,-1,-1,-1,1,-1
201501TW60150,2,9,0,2,0,8,0,0,1,0,3,1,6,1,-1,-1,1598,1,12,-1,1,-1
201501TW60151,1,9,0,5,0,8,0,0,0,0,3,1,6,2,60,9,-1,-1,-1,-1,1,-1
201501TW60151,2,9,0,18,0,8,0,0,0,0,1,1,6,1,32,6,-1,-1,-1,-1,1,-1
201501TW60151,3,9,0,5,0,8,0,0,0,0,3,1,6,2,52,8,2179,2,1,-1,1,-1
201501TW60152,1,1,0,18,0,0,1,0,0,0,3,1,6,1,59,9,-1,-1,-1,-1,1,-1
201501TW60153,1,9,0,4,0,0,0,0,0,0,1,1,2,1,47,8,1596,1,10,-1,1,-1
201501TW60153,2,9,0,18,0,0,0,0,0,0,2,1,2,2,32,6,998,1,1,-1,1,-1
201501TW60153,3,9,0,18,0,0,0,0,0,0,0,1,1,1,29,6,-1,-1,-1,-1,1,-1
201501TW60156,1,5,0,4,0,8,0,0,0,0,2,1,2,1,47,8,1340,1,7,-1,1,-1
201501TW60156,2,9,0,7,0,8,0,0,0,0,1,1,6,1,-1,-1,-1,-1,-1,-1,-1,-1
201501TW60157,1,1,0,18,0,8,0,0,0,0,1,1,2,1,51,8,-1,-1,-1,-1,1,-1
201501TW60157,2,9,0,9,0,8,0,0,0,0,1,1,6,1,-1,-1,1461,2,4,-1,1,-1
201501TW60158,1,3,0,14,0,8,0,0,0,0,3,1,2,1,36,7,124,1,7,-1,1,-1
201501TW60158,2,9,0,9,0,8,0,0,0,0,1,1,2,1,49,8,2401,2,14,-1,1,-1
201501TW60159,1,19,0,9,0,8,0,0,0,0,1,1,6,1,39,7,2402,2,13,-1,1,-1
201501TW60159,2,9,0,3,0,8,0,0,0,0,2,1,6,2,36,7,1995,1,7,-1,1,-1
201501TW60160,1,9,0,18,0,8,0,0,0,0,1,1,2,1,24,5,1360,1,13,-1,1,-1
201501TW60160,2,9,0,7,0,8,0,0,0,0,2,1,2,2,47,8,1998,1,9,-1,1,-1
201501TW60161,1,9,0,9,0,0,0,0,0,0,4,1,1,2,33,6,1242,1,17,-1,-1,-1
201501TW60161,2,1,0,18,0,0,0,0,0,0,1,1,1,1,56,9,-1,-1,-1,-1,1,-1
201501TW60162,1,9,0,3,0,8,0,0,0,0,2,1,6,1,32,6,1598,1,13,-1,1,-1
201501TW60162,2,9,0,4,0,8,0,0,0,0,1,1,6,2,54,8,-1,-1,-1,-1,1,-1
201501TW60162,3,9,0,18,0,8,0,0,0,0,1,1,6,1,66,10,1360,1,11,-1,1,-1
201501TW60163,1,3,0,18,0,8,0,0,0,0,1,1,1,1,49,8,108,1,5,-1,1,-1
201501TW60163,2,9,0,18,0,8,0,0,1,0,1,1,6,2,43,7,2400,2,5,-1,1,-1
201501TW60164,1,9,0,9,0,8,0,0,0,0,2,1,2,2,25,5,1198,1,3,-1,1,-1
201501TW60164,2,19,0,4,0,8,0,0,0,0,1,1,1,1,-1,-1,1560,2,-1,-1,-1,-1
201501TW60166,1,8,0,9,0,8,0,0,0,0,3,1,1,1,46,8,2499,2,7,-1,1,-1
201501TW60166,2,2,0,14,0,8,0,0,0,0,4,1,6,1,30,6,-1,-1,-1,-1,1,-1
201501TW60167,1,9,0,18,0,7,0,0,0,0,1,1,6,1,48,8,996,1,1,-1,1,-1
201501TW60168,1,9,0,18,0,0,0,0,0,0,1,1,6,2,29,6,1400,1,8,-1,1,-1
201501TW60168,2,3,0,15,0,0,1,4,0,0,2,1,2,1,18,4,124,1,7,-1,1,-1
201501TW60168,3,19,0,2,0,0,0,0,0,0,1,1,6,3,-1,-1,-1,-1,-1,-1,1,-1
201501TW60169,1,9,0,9,0,8,0,0,0,0,4,1,3,2,45,7,2967,2,3,-1,1,-1
201501TW60169,2,1,0,18,0,8,0,0,0,0,1,1,2,1,51,8,-1,-1,-1,-1,1,-1
201501TW60170,1,9,0,18,0,0,0,10,1,2,1,1,1,1,37,7,1560,2,1,-1,1,-1
201501TW60171,1,1,0,18,0,0,0,0,0,0,3,1,2,2,43,7,-1,-1,-1,-1,1,-1
201501TW60171,2,9,0,13,0,0,0,0,0,0,4,1,6,1,-1,-1,-1,-1,-1,-1,-1,-1
201501TW60173,1,1,0,18,0,0,0,0,0,0,1,1,2,1,52,8,-1,-1,-1,-1,1,-1
201501TW60173,2,9,0,3,0,0,0,0,0,0,3,1,1,1,43,7,1968,2,2,-1,-1,-1
201501TW60174,1,9,0,14,0,0,0,0,0,0,1,1,2,2,35,6,1498,1,8,-1,1,-1
201501TW60174,2,1,0,18,0,0,0,0,0,0,1,1,2,1,-1,-1,-1,-1,-1,-1,1,-1
201501TW60174,3,11,0,3,0,0,0,0,0,0,3,1,1,1,51,8,3900,2,10,-1,1,-1
201501TW60176,1,5,0,12,0,0,1,0,0,0,0,1,2,1,27,6,599,1,7,-1,1,-1
201501TW60176,2,11,0,12,0,0,0,0,0,0,0,1,1,1,-1,-1,-1,-1,-1,-1,-1,-1
201501TW60177,1,9,0,4,0,8,0,0,0,0,2,1,6,1,36,7,1997,2,4,-1,1,-1
201501TW60177,2,9,0,18,0,8,0,0,0,0,1,1,6,1,41,7,-1,-1,-1,-1,1,-1
201501TW60178,1,9,0,18,0,1,0,0,0,0,1,1,6,3,-1,-1,-1,-1,-1,-1,-1,-1
201501TW60179,1,9,0,1,7,0,0,0,0,0,2,1,6,2,46,8,1995,2,6,-1,1,-1
201501TW60180,1,1,0,18,0,0,0,4,0,0,1,1,2,1,55,8,-1,-1,-1,-1,1,-1
201501TW60180,2,9,0,2,0,0,0,0,0,0,2,1,6,1,-1,-1,1796,1,6,-1,1,-1
201501TW60181,1,9,0,1,0,8,0,10,0,0,2,1,6,1,24,5,1598,2,5,-1,1,-1
201501TW60181,2,9,0,4,0,8,0,0,0,0,1,1,6,2,48,8,2967,2,5,-1,-1,-1
201501TW60182,1,9,0,3,0,8,0,0,0,0,2,1,6,1,72,10,1598,1,3,-1,1,-1
201501TW60182,2,9,0,18,0,8,0,0,0,0,1,1,6,1,-1,-1,1364,1,9,-1,-1,-1
201501TW60183,1,1,0,3,0,8,0,0,0,0,2,1,2,1,33,6,-1,-1,-1,-1,1,-1
201501TW60183,2,9,0,5,0,8,0,0,0,0,1,1,6,2,-1,-1,1840,1,13,-1,1,-1
201501TW60184,1,3,0,18,0,0,0,0,0,0,1,1,1,1,18,4,125,1,6,-1,1,-1
201501TW60184,2,19,0,9,0,0,0,0,0,0,2,1,1,1,55,8,1870,2,9,-1,1,-1
201501TW60187,1,9,0,16,0,8,0,0,0,0,1,1,2,1,40,7,3824,1,7,-1,1,-1
201501TW60187,2,1,0,16,0,8,0,0,0,0,2,1,6,1,20,4,-1,-1,-1,-1,-1,-1
201501TW60188,1,9,0,2,0,0,0,0,0,0,0,1,6,2,-1,-1,-1,-1,-1,-1,-1,-1
201501TW60188,2,9,0,18,0,0,0,4,0,0,3,1,6,3,-1,-1,-1,-1,-1,-1,-1,-1
201501TW60189,1,19,0,18,0,8,0,4,0,0,1,1,1,1,26,6,2143,2,2,-1,1,-1
201501TW60189,2,9,0,5,0,8,0,0,0,0,3,1,2,2,41,7,1598,1,7,-1,1,-1
201501TW60189,3,9,0,2,0,8,0,0,0,0,3,1,6,3,-1,-1,3199,1,16,-1,-1,-1
201501TW60190,1,11,0,3,0,8,0,0,0,0,1,1,1,1,27,6,-1,-1,-1,-1,1,-1
201501TW60190,2,3,0,18,0,8,0,0,0,0,1,1,6,1,19,4,125,1,1,-1,1,-1
201501TW60191,1,1,0,4,0,8,0,0,0,0,1,1,4,2,43,7,-1,-1,-1,-1,-1,-1
201501TW60191,2,9,0,7,0,8,0,0,0,0,1,1,6,1,-1,-1,-1,-1,-1,-1,-1,-1
201501TW60192,1,3,0,9,0,8,0,0,0,0,3,1,1,1,34,6,102,1,10,-1,1,-1
201501TW60192,2,9,0,5,0,8,0,0,0,0,1,1,6,2,-1,-1,1598,1,-1,-1,1,-1
201501TW60195,1,1,0,14,0,0,0,0,0,0,2,1,2,1,45,7,-1,-1,-1,-1,1,-1
201501TW60195,2,9,0,12,0,0,0,0,1,0,3,1,6,1,-1,-1,1397,1,5,-1,-1,-1
201501TW60196,1,9,0,14,0,0,0,0,1,0,1,1,3,2,-1,-1,2143,2,4,-1,-1,-1
201501TW60197,1,9,0,4,0,1,0,0,0,0,1,1,6,1,84,11,-1,-1,-1,-1,1,-1
201501TW60199,1,9,0,9,0,0,0,0,0,0,3,1,2,2,39,7,2494,8,1,-1,1,-1
201501TW60199,2,3,0,14,0,0,0,0,0,0,1,1,6,1,48,8,124,1,14,-1,1,-1
201501TW60200,1,9,0,18,0,0,0,0,0,0,1,1,2,1,28,6,1242,1,11,-1,1,-1
201501TW60200,2,8,0,18,0,0,0,0,0,0,1,1,2,2,35,6,1968,2,5,-1,1,-1
201501TW60201,1,1,0,18,0,8,0,0,0,0,2,1,6,1,28,6,-1,-1,-1,-1,1,-1
201501TW60201,2,9,0,11,0,8,0,0,0,0,1,1,6,2,-1,-1,1796,1,14,-1,1,-1
201501TW60202,1,4,0,2,0,8,0,0,0,0,3,1,1,1,29,6,125,1,1,-1,1,-1
201501TW60202,2,19,0,1,0,8,0,4,0,0,2,1,1,1,34,6,2402,2,9,-1,1,-1
201501TW60203,1,9,0,18,0,0,0,0,0,0,4,1,6,1,43,7,2987,2,8,-1,-1,-1
201501TW60204,1,9,0,18,0,0,0,0,0,0,1,1,6,2,74,10,1995,2,11,-1,1,-1
201501TW60204,2,1,0,18,0,0,0,0,0,0,4,1,6,1,51,8,-1,-1,-1,-1,1,-1
201501TW60205,1,9,0,18,0,8,0,0,0,0,1,1,2,2,41,7,1598,1,1,-1,1,-1
201501TW60206,1,9,0,18,0,0,0,0,0,0,2,1,6,1,-1,-1,-1,-1,-1,-1,-1,-1
201501TW60206,2,9,0,12,0,0,0,0,0,0,1,1,6,2,-1,-1,998,1,11,-1,-1,-1
201501TW60207,1,19,0,4,0,1,0,0,0,0,4,1,2,1,27,6,-1,-1,-1,-1,1,-1
201501TW60208,1,9,0,4,0,8,0,0,0,0,1,1,6,2,52,8,1598,1,7,-1,1,-1
201501TW60208,2,9,0,4,0,8,0,0,0,0,2,1,6,2,26,6,1461,2,6,-1,1,-1
201501TW60209,1,1,0,18,0,8,0,0,0,0,3,1,6,2,49,8,-1,-1,-1,-1,1,-1
201501TW60209,2,9,3,14,0,8,0,0,0,0,4,1,6,3,-1,-1,1997,2,4,-1,1,-1
201501TW60210,1,9,0,7,0,0,0,0,0,0,1,1,2,2,26,6,1596,1,8,-1,1,-1
201501TW60210,2,1,0,18,0,0,0,0,1,0,3,1,6,1,42,7,-1,-1,-1,-1,1,-1
201501TW60212,1,9,0,9,0,8,0,0,0,0,1,1,2,1,35,6,998,1,8,-1,1,-1
201501TW60212,2,9,0,18,0,8,0,0,0,0,3,1,2,1,52,8,-1,-1,-1,-1,3,-1
201501TW60213,1,9,0,9,0,8,0,0,0,0,1,1,6,1,76,11,1108,1,5,-1,1,-1
201501TW60213,2,4,0,3,0,8,0,0,0,0,4,1,6,1,24,5,125,1,1,-1,1,-1
201501TW60214,1,11,0,4,0,0,0,4,0,0,4,1,1,1,37,7,9100,2,7,-1,1,-1
201501TW60214,2,9,0,2,0,0,0,0,0,0,3,1,6,1,-1,-1,1596,1,8,-1,1,-1
201501TW60215,1,1,0,18,0,0,0,0,0,0,3,1,6,1,52,8,-1,-1,-1,-1,1,-1
201501TW60215,2,9,0,13,0,0,0,0,0,0,4,1,6,1,-1,-1,-1,-1,-1,-1,-1,-1
201501TW60216,1,9,0,1,0,8,0,0,0,0,2,1,6,2,55,8,1398,1,3,-1,1,-1
201501TW60217,1,9,0,18,0,8,0,0,0,0,1,1,4,1,28,6,599,1,13,-1,1,-1
201501TW60217,2,9,0,9,0,8,0,0,0,0,4,1,6,2,37,7,1240,1,11,-1,1,-1
201501TW60218,1,9,0,1,0,8,0,0,0,0,2,1,6,1,84,11,1686,2,2,-1,1,-1
201501TW60219,1,8,0,3,0,0,0,0,0,0,2,1,1,1,41,7,1497,8,9,-1,1,-1
201501TW60219,2,9,0,18,0,0,0,0,0,0,1,1,4,1,-1,-1,2720,2,10,-1,1,-1
201501TW60220,1,9,0,3,0,0,0,0,0,0,3,1,1,1,51,8,1390,1,14,-1,1,-1
201501TW60220,2,1,0,14,0,0,0,0,0,0,1,1,2,1,39,7,-1,-1,-1,-1,1,-1
201501TW60221,1,1,0,13,0,8,0,0,0,0,4,1,1,1,22,5,-1,-1,-1,-1,1,-1
201501TW60221,2,11,0,18,0,8,0,0,0,0,1,1,2,1,50,8,3900,2,10,-1,-1,-1
201501TW60222,1,5,0,13,0,8,0,0,1,0,4,1,1,1,38,7,647,1,20,-1,1,-1
201501TW60222,2,9,0,9,0,8,0,0,0,0,3,1,6,1,44,7,1968,2,1,-1,1,-1
201501TW60223,1,1,0,18,0,8,0,0,0,0,2,1,2,2,50,8,-1,-1,-1,-1,-1,-1
201501TW60223,2,9,0,13,0,8,0,0,0,0,4,1,6,1,-1,-1,-1,-1,-1,-1,-1,-1
201501TW60224,1,11,0,18,0,8,0,0,0,0,1,1,1,1,36,7,9000,2,6,-1,1,-1
201501TW60225,1,1,0,4,0,0,0,0,0,0,3,1,6,1,18,4,-1,-1,-1,-1,1,-1