Accident_Index,Vehicle_Reference,Vehicle_Type,Towing_and_Articulation,Vehicle_Manoeuvre,Vehicle_Location-Restricted_Lane,Junction_Location,Skidding_and_Overturning,Hit_Object_in_Carriageway,Vehicle_Leaving_Carriageway,Hit_Object_off_Carriageway,1st_Point_of_Impact,Was_Vehicle_Left_Hand_Drive?,Journey_Purpose_of_Driver,Sex_of_Driver,Age_of_Driver,Age_Band_of_Driver,Engine_Capacity_(CC),Propulsion_Code,Age_of_Vehicle,Driver_IMD_Decile,Driver_Home_Area_Type,Vehicle_IMD_Decile
201501TW60225,2,9,0,18,0,0,0,0,0,0,4,1,6,1,-1,-1,1596,1,13,-1,-1,-1
201501TW60226,1,9,0,9,0,8,0,0,0,0,4,1,2,2,20,4,973,1,12,-1,1,-1
201501TW60226,2,9,0,18,0,8,0,0,1,0,1,1,6,1,-1,-1,1998,2,9,-1,-1,-1
201501TW60227,1,9,0,3,0,0,0,0,0,0,2,1,6,1,65,9,1341,1,12,-1,1,-1
201501TW60227,2,9,0,3,0,0,0,0,0,0,2,1,2,2,28,6,1986,2,7,-1,1,-1
201501TW60227,3,9,0,18,0,0,0,0,1,0,1,1,2,1,45,7,1461,2,1,-1,1,-1
201501TW60228,1,4,0,18,0,0,0,0,0,0,1,1,6,1,37,7,955,1,17,-1,1,-1
201501TW60228,2,9,0,12,0,0,0,0,0,0,3,1,6,2,46,8,1197,1,2,-1,1,-1
201501TW60229,1,9,0,18,0,8,0,0,0,0,1,1,3,1,42,7,2967,2,4,-1,1,-1
201501TW60229,2,1,0,9,0,8,0,0,0,0,1,1,2,1,33,6,-1,-1,-1,-1,1,-1
201501TW60230,1,9,0,18,0,8,0,0,0,0,1,1,6,1,27,6,1598,1,7,-1,1,-1
201501TW60230,2,9,0,3,0,8,0,0,0,0,2,1,6,1,42,7,-1,-1,-1,-1,1,-1
201501TW60232,1,9,0,2,0,8,0,0,1,0,2,1,6,1,-1,-1,1968,2,-1,-1,-1,-1
201501TW60232,2,1,0,7,0,8,0,4,0,0,1,1,6,1,51,8,-1,-1,-1,-1,1,-1
201501TW60233,1,3,0,18,0,8,1,0,0,0,3,1,2,1,24,5,125,1,9,-1,-1,-1
201501TW60234,1,9,0,18,0,0,0,7,1,2,1,1,6,2,18,4,998,1,-1,-1,1,-1
201501TW60236,1,2,0,4,0,8,0,0,0,0,0,1,2,1,20,4,-1,-1,-1,-1,1,-1
201501TW60236,2,20,0,18,0,8,0,0,0,0,0,1,1,1,-1,-1,-1,-1,-1,-1,-1,-1
201501TW60239,1,9,0,18,0,1,0,0,1,0,1,1,6,3,-1,-1,-1,-1,-1,-1,-1,-1
201501TW60240,1,9,0,2,0,0,0,0,0,0,3,1,6,1,41,7,1998,1,12,-1,1,-1
201501TW60240,2,1,0,14,0,0,0,4,0,0,1,1,6,2,42,7,-1,-1,-1,-1,1,-1
201501TW60242,1,9,0,11,0,0,0,0,0,0,4,1,6,2,39,7,-1,-1,-1,-1,1,-1
201501TW60242,2,1,0,18,0,0,0,0,0,0,1,1,6,1,35,6,-1,-1,-1,-1,1,-1
201501TW60243,1,9,0,4,0,0,1,0,0,0,1,1,2,1,34,6,2967,2,8,-1,1,-1
201501TW60243,2,9,0,4,0,0,0,0,1,0,2,1,2,2,56,9,1108,1,11,-1,1,-1
201501TW60244,1,8,0,13,0,0,0,0,0,0,4,1,6,1,58,9,998,1,11,-1,1,-1
201501TW60244,2,1,0,18,0,0,0,0,0,0,3,1,6,1,25,5,-1,-1,-1,-1,1,-1
201501TW60245,1,9,0,7,0,0,0,0,0,0,4,1,6,1,55,8,1995,2,3,-1,1,-1
201501TW60245,2,1,0,18,0,0,0,0,0,0,1,1,6,1,23,5,-1,-1,-1,-1,1,-1
201501TW60246,1,9,0,16,0,0,0,10,7,10,1,1,6,1,36,7,1390,1,5,-1,-1,-1
201501TW60248,1,5,0,18,0,8,0,0,0,0,1,1,1,2,56,9,749,1,10,-1,1,-1
201501TW60248,2,9,0,9,0,8,0,0,0,0,4,1,3,2,46,8,1242,1,5,-1,1,-1
201501TW60249,1,9,0,18,0,8,1,0,0,0,3,1,2,1,54,8,1896,2,9,-1,1,-1
201501TW60249,2,9,0,18,0,8,1,0,0,0,1,1,2,1,54,8,1339,1,6,-1,1,-1
201501TW60250,1,9,0,3,0,8,0,0,0,0,1,1,2,2,28,6,1360,1,11,-1,1,-1
201501TW60250,2,9,0,18,0,8,0,0,0,0,2,1,2,1,38,7,-1,-1,-1,-1,1,-1
201501TW60251,1,3,0,18,0,0,0,0,0,0,1,1,6,1,29,6,124,1,10,-1,1,-1
201501TW60251,2,9,0,9,0,0,0,0,0,0,3,1,6,1,30,6,1596,1,14,-1,1,-1
201501TW60252,1,3,0,4,0,0,0,0,0,0,1,1,2,1,23,5,644,1,7,-1,1,-1
201501TW60253,1,1,0,18,0,8,0,0,1,0,4,1,6,1,42,7,-1,-1,-1,-1,2,-1
201501TW60255,1,1,0,14,0,8,0,0,0,0,1,1,1,1,32,6,-1,-1,-1,-1,1,-1
201501TW60255,2,9,0,9,0,8,0,0,0,0,3,1,6,1,-1,-1,-1,-1,-1,-1,-1,-1
201501TW60256,1,9,0,9,0,8,0,0,0,0,4,1,6,1,19,4,-1,-1,-1,-1,1,-1
201501TW60256,2,2,0,18,0,8,0,0,0,0,1,1,4,1,57,9,-1,-1,-1,-1,1,-1
201501TW60257,1,1,0,4,0,8,0,0,1,0,1,1,2,1,21,5,-1,-1,-1,-1,1,-1
201501TW60258,1,5,0,3,0,8,0,0,0,0,2,1,2,1,46,8,-1,-1,-1,-1,1,-1
201501TW60258,2,2,0,4,0,8,0,0,1,0,1,1,1,1,20,4,125,1,-1,-1,1,-1
201501TW60259,1,9,0,3,0,0,0,0,0,0,2,1,6,1,59,9,2995,1,9,-1,1,-1
201501TW60259,2,9,0,18,0,0,0,0,0,0,1,1,6,1,33,6,1984,1,13,-1,1,-1
201501TW60260,1,9,0,18,0,8,0,0,0,0,3,1,6,1,45,7,1397,1,12,-1,1,-1
201501TW60260,2,9,0,9,0,8,0,0,0,0,1,1,6,1,48,8,2488,1,7,-1,1,-1
201501TW60262,1,3,0,13,0,8,0,0,0,0,1,1,6,1,19,4,125,1,4,-1,1,-1
201501TW60262,2,19,0,9,0,8,0,0,0,0,3,1,1,1,36,7,1998,2,12,-1,1,-1
201501TW60263,1,9,0,4,0,8,0,0,0,0,2,1,6,2,22,5,1598,1,1,-1,1,-1
201501TW60263,2,9,0,18,0,8,0,0,0,0,1,1,6,1,-1,-1,1988,1,11,-1,1,-1
201501TW60263,3,9,0,9,0,8,0,0,0,0,2,1,6,2,51,8,1998,1,16,-1,1,-1
201501TW60264,1,1,0,18,0,8,0,0,0,0,3,1,2,1,47,8,-1,-1,-1,-1,1,-1
201501TW60264,2,9,0,7,0,8,0,0,0,0,4,1,6,1,-1,-1,1595,1,11,-1,-1,-1
201501TW60265,1,9,0,4,0,0,0,0,0,0,2,1,2,2,33,6,1598,1,9,-1,-1,-1
201501TW60265,2,9,0,4,0,0,0,0,0,0,1,1,6,2,56,9,2179,2,3,-1,1,-1
201501TW60266,1,9,0,18,0,8,0,0,0,0,2,1,6,1,22,5,1199,1,12,-1,1,-1
201501TW60266,2,9,0,18,0,8,0,0,0,0,1,1,6,1,32,6,1597,1,5,-1,1,-1
201501TW60268,1,1,0,18,0,8,0,0,0,0,4,1,3,1,13,3,-1,-1,-1,-1,1,-1
201501TW60269,1,9,0,3,0,8,0,0,0,0,4,1,6,1,35,6,1461,2,3,-1,1,-1
201501TW60269,2,1,0,15,0,8,0,0,0,0,3,1,6,1,33,6,-1,-1,-1,-1,-1,-1
201501TW60269,3,9,0,3,0,8,0,0,0,0,3,1,6,1,-1,-1,1984,1,-1,-1,1,-1
201501TW60270,1,2,0,18,0,8,0,0,0,0,3,1,1,1,16,4,49,1,5,-1,1,-1
201501TW60270,2,9,0,9,0,8,0,0,0,0,1,1,1,1,-1,-1,-1,-1,-1,-1,-1,-1
201501TW60271,1,11,0,12,0,0,0,0,0,0,0,1,1,1,40,7,9000,2,6,-1,1,-1
201501TW60272,1,1,0,18,4,0,0,0,0,0,3,1,6,2,38,7,-1,-1,-1,-1,1,-1
201501TW60272,2,9,0,7,0,0,0,0,0,0,1,1,6,1,-1,-1,2946,1,17,-1,-1,-1
201501TW60273,1,9,0,18,0,8,0,0,0,0,1,1,6,2,25,5,1400,1,9,-1,1,-1
201501TW60274,1,3,0,7,0,8,1,0,0,0,0,1,2,1,32,6,125,1,2,-1,1,-1
201501TW60275,1,3,0,18,0,8,0,0,0,0,2,1,6,2,30,6,124,1,1,-1,1,-1
201501TW60275,2,9,0,9,0,8,0,0,0,0,0,1,6,1,-1,-1,-1,-1,-1,-1,-1,-1
201501TW60276,1,19,0,1,0,0,0,0,0,0,2,1,1,3,-1,-1,1968,2,1,-1,-1,-1
201501TW60277,1,1,0,16,0,0,0,0,0,0,0,1,6,1,55,8,-1,-1,-1,-1,1,-1
201501TW60277,2,9,0,11,0,0,0,0,0,0,0,1,6,1,-1,-1,1769,1,12,-1,1,-1
201501TW60278,1,9,0,9,0,8,0,0,0,0,3,1,6,2,55,8,2148,2,11,-1,1,-1
201501TW60278,2,5,0,18,0,8,0,0,0,0,1,1,6,1,40,7,1000,1,-1,-1,1,-1
201501TW60279,1,19,0,3,0,0,0,0,0,0,2,1,2,1,60,9,2143,2,4,-1,1,-1
201501TW60279,2,9,0,18,0,0,0,0,0,0,1,1,6,2,-1,-1,1997,2,2,-1,1,-1
201501TW60280,1,19,0,1,0,0,0,0,0,0,2,1,1,1,45,7,2198,2,8,-1,1,-1
201501TW60281,1,1,0,18,0,0,0,0,0,0,3,1,1,1,28,6,-1,-1,-1,-1,1,-1
201501TW60281,2,19,0,13,0,0,0,0,0,0,4,1,1,1,28,6,2143,2,3,-1,1,-1
201501TW60282,1,9,0,1,0,0,0,0,0,0,2,1,6,2,-1,-1,1968,2,8,-1,3,-1
201501TW60283,1,9,0,18,0,8,0,0,0,0,1,1,6,2,22,5,1242,1,5,-1,1,-1
201501TW60283,2,1,0,18,0,8,0,0,0,0,3,1,6,1,50,8,-1,-1,-1,-1,1,-1
201501TW60284,1,9,0,6,0,0,0,0,0,0,1,1,1,1,54,8,-1,-1,-1,-1,1,-1
201501TW60284,2,3,0,6,0,0,0,0,0,0,3,1,2,1,40,7,-1,-1,-1,-1,1,-1
201501TW60285,1,9,0,3,0,0,0,0,0,0,2,1,2,1,33,6,1596,1,12,-1,1,-1
201501TW60285,2,9,0,3,0,0,0,0,1,0,2,1,6,1,20,4,-1,-1,-1,-1,3,-1
201501TW60285,3,9,0,4,0,0,0,0,0,0,1,1,6,2,20,4,1299,1,13,-1,1,-1
201501TW60286,1,9,0,3,0,8,0,0,0,0,1,1,1,1,40,7,1248,2,4,-1,1,-1
201501TW60286,2,9,0,4,0,8,0,0,0,0,2,1,2,2,23,5,-1,-1,-1,-1,1,-1
201501TW60287,1,9,0,18,0,0,0,0,0,0,1,1,6,3,-1,-1,-1,-1,-1,-1,-1,-1
201501TW60289,1,9,0,7,0,8,0,0,0,0,3,1,6,2,42,7,1997,2,5,-1,1,-1
201501TW60289,2,9,0,18,0,8,0,0,0,0,1,1,6,1,38,7,1998,1,10,-1,1,-1
201501TW60290,1,9,0,18,0,0,0,0,0,0,2,1,6,1,57,9,2198,2,10,-1,1,-1
201501TW60290,2,2,0,12,0,0,0,0,0,0,1,1,6,2,52,8,124,1,13,-1,1,-1
201501TW60291,1,9,0,3,0,0,0,0,0,0,2,1,2,2,39,7,1390,1,11,-1,1,-1
201501TW60291,2,9,0,18,0,0,0,0,0,0,1,1,6,1,-1,-1,2685,2,13,-1,-1,-1
201501TW60292,1,9,0,5,0,8,0,0,0,0,3,1,6,2,-1,-1,-1,-1,-1,-1,1,-1
201501TW60292,2,1,0,14,0,8,0,0,0,0,1,1,6,1,33,6,-1,-1,-1,-1,1,-1
201501TW60293,1,9,0,5,0,8,0,0,0,0,1,1,6,2,20,4,796,1,9,-1,1,-1
201501TW60293,2,9,0,18,0,8,0,0,0,0,3,1,6,1,-1,-1,1769,1,16,-1,1,-1
201501TW60294,1,1,0,18,0,8,0,0,0,0,1,1,2,1,54,8,-1,-1,-1,-1,-1,-1
201501TW60295,1,8,0,12,0,8,0,0,0,0,3,1,1,1,46,8,1910,2,5,-1,1,-1
201501TW60295,2,2,0,18,0,8,0,0,0,0,4,1,6,1,21,5,-1,-1,-1,-1,1,-1
201501TW60296,1,4,0,14,0,0,0,0,0,0,1,1,1,1,49,8,244,1,10,-1,1,-1
201501TW60297,1,3,0,18,0,8,0,0,0,0,4,1,2,1,26,6,600,1,9,-1,1,-1
201501TW60297,2,19,0,12,0,8,0,0,0,0,1,1,6,1,-1,-1,2198,2,9,-1,1,-1
201501TW60298,1,5,0,4,0,0,0,0,0,0,0,1,6,1,56,9,-1,-1,-1,-1,1,-1
201501TW60299,1,11,0,4,0,8,0,0,0,0,4,1,1,1,56,9,4500,2,5,-1,1,-1
201501TW60300,1,9,0,4,0,0,0,0,0,0,2,1,3,2,48,8,1798,1,4,-1,1,-1
201501TW60300,2,19,0,4,0,0,0,0,0,0,2,1,2,1,26,6,2148,2,8,-1,1,-1
201501TW60300,3,9,0,18,0,0,0,0,0,0,1,1,6,2,50,8,2987,2,4,-1,1,-1
201501TW60302,1,9,0,3,0,8,0,0,0,0,2,1,6,1,32,6,1198,1,10,-1,1,-1
201501TW60302,2,9,0,18,0,8,0,0,0,0,1,1,6,1,-1,-1,1498,1,9,-1,-1,-1
201501TW60303,1,9,0,5,0,8,0,0,0,0,1,1,1,1,25,5,1956,2,-1,-1,-1,-1
201501TW60303,2,8,0,5,0,8,0,0,0,0,3,1,6,1,57,9,1248,2,7,-1,1,-1
201501TW60304,1,1,0,18,0,2,0,0,0,0,3,1,6,2,52,8,-1,-1,-1,-1,1,-1
201501TW60304,2,9,0,13,0,2,0,0,0,0,4,1,6,1,-1,-1,-1,-1,-1,-1,-1,-1
201501TW60305,1,1,0,18,0,0,0,0,0,0,4,1,2,2,46,8,-1,-1,-1,-1,1,-1
201501TW60305,2,9,0,5,0,0,0,0,1,0,1,1,6,2,-1,-1,3199,1,17,-1,-1,-1
201501TW60306,1,90,0,14,9,8,0,8,0,0,1,1,6,1,63,9,-1,-1,-1,-1,1,-1
201501TW60306,2,19,0,2,0,8,0,0,0,0,4,1,1,1,-1,-1,-1,-1,-1,-1,-1,-1
201501TW60307,1,9,0,18,0,8,0,0,0,0,3,1,6,2,35,6,1796,1,9,-1,1,-1
201501TW60307,2,9,0,9,0,8,0,0,0,0,1,1,6,2,-1,-1,-1,-1,-1,-1,-1,-1
201501TW60308,1,9,0,18,0,8,0,0,0,0,1,1,6,1,19,4,1390,1,4,-1,1,-1
201501TW60309,1,19,0,18,0,1,0,0,0,0,1,1,1,1,23,5,2198,2,2,-1,1,-1
201501TW60309,2,19,0,4,0,1,0,0,0,0,2,1,1,1,23,5,-1,-1,-1,-1,1,-1
201501TW60310,1,2,0,4,0,8,0,0,0,0,1,1,6,1,27,6,49,1,14,-1,1,-1
201501TW60310,2,9,0,3,0,8,0,0,0,0,2,1,1,1,-1,-1,-1,-1,-1,-1,1,-1
201501TW60312,1,19,0,18,0,8,0,0,0,0,1,1,1,1,35,6,2148,2,10,-1,1,-1
201501TW60312,2,9,0,9,0,8,0,0,0,0,3,1,2,1,39,7,875,1,4,-1,1,-1
201501TW60312,3,9,0,2,0,8,0,0,0,0,3,1,6,1,36,7,1896,2,9,-1,1,-1
201501TW60312,4,9,0,2,0,8,0,0,0,0,4,1,6,1,-1,-1,1850,1,15,-1,1,-1
201501TW60313,1,9,0,9,0,8,0,0,0,0,1,1,6,2,52,8,-1,-1,-1,-1,1,-1
201501TW60314,1,1,0,14,0,0,0,4,0,0,1,1,2,2,50,8,-1,-1,-1,-1,1,-1
201501TW60314,2,9,0,2,0,0,0,0,0,0,3,1,6,1,-1,-1,-1,-1,-1,-1,-1,-1
201501TW60316,1,9,0,5,0,8,0,10,7,4,3,1,6,1,22,5,1149,1,11,-1,-1,-1
201501TW60317,1,9,0,4,0,8,0,0,0,0,3,1,6,2,31,6,-1,-1,-1,-1,1,-1
201501TW60317,2,1,0,18,0,8,0,0,0,0,4,1,6,1,68,10,-1,-1,-1,-1,-1,-1
201501TW60318,1,9,0,9,0,8,0,0,0,0,4,1,6,1,75,10,1598,2,1,-1,1,-1
201501TW60318,2,3,0,9,0,8,0,0,0,0,1,1,6,1,22,5,-1,-1,-1,-1,1,-1
201501TW60319,1,1,0,18,0,8,0,0,0,0,2,1,2,2,69,10,-1,-1,-1,-1,1,-1
201501TW60319,2,9,0,18,0,8,0,0,0,0,1,1,2,2,46,8,1198,1,-1,-1,1,-1
201501TW60320,1,1,0,18,0,0,1,0,0,0,0,1,2,1,24,5,-1,-1,-1,-1,1,-1
201501TW60321,1,1,0,18,0,1,0,0,0,0,1,1,6,1,32,6,-1,-1,-1,-1,1,-1
201501TW60322,1,9,0,9,0,8,0,0,0,0,1,1,6,2,43,7,1242,1,2,-1,1,-1
201501TW60322,2,1,0,9,0,8,0,0,0,0,3,1,6,1,72,10,-1,-1,-1,-1,1,-1
201501TW60324,1,9,0,1,0,8,0,0,0,0,2,1,6,1,19,4,1598,2,-1,-1,1,-1
201501TW60325,1,9,0,18,0,0,0,0,0,0,0,1,1,1,-1,-1,-1,-1,-1,-1,1,-1
201501TW60325,2,21,0,3,0,0,0,0,0,0,0,1,1,3,-1,-1,-1,-1,-1,-1,-1,-1
201501TW60326,1,1,0,9,0,8,0,0,0,0,2,1,2,2,17,4,-1,-1,-1,-1,1,-1
201501TW60326,2,11,0,13,0,8,0,0,0,0,4,1,1,3,-1,-1,-1,-1,-1,-1,-1,-1
201501TW60327,1,1,0,14,0,8,0,4,0,0,4,1,2,1,51,8,-1,-1,-1,-1,1,-1
201501TW60327,2,9,0,2,0,8,0,0,0,0,3,1,6,1,-1,-1,-1,-1,-1,-1,-1,-1
201501TW60328,1,9,0,3,0,8,0,0,1,0,2,1,6,2,62,9,1798,1,9,-1,-1,-1
201501TW60328,2,9,0,4,0,8,0,0,0,0,1,1,2,2,23,5,1242,1,2,-1,1,-1
201501TW60329,1,9,0,18,0,0,0,0,0,0,1,1,6,1,-1,-1,-1,-1,-1,-1,-1,-1
201501TW60330,1,9,0,6,0,0,0,0,0,0,3,1,6,2,39,7,1598,2,4,-1,1,-1
201501TW60330,2,5,0,13,0,0,0,0,0,0,1,1,6,1,25,5,599,1,5,-1,-1,-1
201501TW60331,1,5,0,6,0,0,0,0,0,0,2,1,2,1,49,8,-1,-1,-1,-1,1,-1
201501TW60331,2,9,0,18,0,0,0,0,0,0,1,1,2,1,52,8,-1,-1,-1,-1,1,-1
201501TW60332,1,9,0,4,0,0,0,0,0,0,2,1,6,2,28,6,-1,-1,-1,-1,1,-1
201501TW60332,2,19,0,4,0,0,0,0,0,0,1,1,1,1,-1,-1,1995,2,8,-1,-1,-1
201501TW60333,1,9,0,2,0,0,0,0,1,0,3,1,6,1,41,7,1598,1,7,-1,1,-1
201501TW60333,2,1,0,14,0,0,0,0,0,0,1,1,6,1,46,8,-1,-1,-1,-1,1,-1
201501TW60334,1,5,0,4,0,8,0,0,0,0,0,1,2,1,23,5,599,1,9,-1,1,-1
201501TW60334,2,9,0,9,0,8,0,0,0,0,0,1,1,1,47,8,1798,8,2,-1,1,-1
201501TW60335,1,1,0,17,0,8,0,0,0,0,2,1,2,1,33,6,-1,-1,-1,-1,1,-1
201501TW60335,2,9,0,16,0,8,0,0,0,0,1,1,2,1,35,6,1995,2,3,-1,-1,-1
201501TW60336,1,9,0,3,0,0,0,0,0,0,1,1,2,2,23,5,1587,1,12,-1,2,-1
201501TW60336,2,9,0,1,0,0,0,0,0,0,2,1,6,1,-1,-1,1996,1,13,-1,-1,-1
201501TW60337,1,3,0,18,0,8,0,0,0,0,1,1,1,1,22,5,125,1,5,-1,1,-1
201501TW60337,2,9,0,5,0,8,0,0,0,0,1,1,2,1,45,7,1995,2,1,-1,1,-1
201501TW60339,1,3,0,18,0,8,0,0,0,0,1,1,2,1,28,6,124,1,2,-1,1,-1
201501TW60340,1,9,0,18,0,8,0,0,0,0,3,1,2,1,56,9,2993,2,4,-1,1,-1
201501TW60340,2,19,0,18,0,8,5,10,7,10,1,1,6,1,-1,-1,2402,2,11,-1,1,-1
201501TW60341,1,9,0,18,0,0,0,4,1,0,1,1,6,1,76,11,-1,-1,-1,-1,1,-1
201501TW60341,2,19,0,2,0,0,0,0,0,0,2,1,6,1,43,7,2148,2,11,-1,1,-1
201501TW60342,1,1,0,18,0,0,0,0,0,0,1,1,6,1,53,8,-1,-1,-1,-1,1,-1
201501TW60343,1,1,0,14,0,0,0,0,0,0,1,1,2,2,20,4,-1,-1,-1,-1,1,-1
201501TW60343,2,9,0,6,0,0,0,0,0,0,3,1,6,1,-1,-1,2671,1,14,-1,-1,-1
201501TW60345,1,3,0,18,0,0,0,0,0,0,1,1,6,1,21,5,124,1,4,-1,1,-1
201501TW60345,2,9,0,12,0,0,0,0,0,0,4,1,6,1,41,7,1390,1,9,-1,1,-1
201501TW60346,1,9,0,18,0,0,0,0,0,0,4,1,2,1,26,6,1199,1,12,-1,1,-1
201501TW60346,2,3,0,18,0,0,0,0,1,0,3,1,2,1,40,7,125,1,2,-1,1,-1
201501TW60347,1,1,0,18,0,8,0,0,0,0,3,1,6,2,49,8,-1,-1,-1,-1,1,-1
201501TW60347,2,1,0,13,0,8,0,0,0,0,4,1,6,1,54,8,-1,-1,-1,-1,1,-1
201501TW60348,1,1,0,18,0,0,0,0,1,0,0,1,6,2,54,8,-1,-1,-1,-1,1,-1
201501TW60349,1,9,0,4,0,0,0,0,0,0,2,1,6,2,45,7,-1,-1,-1,-1,1,-1
201501TW60349,2,5,0,18,0,0,0,0,0,0,1,1,1,1,32,6,-1,-1,-1,-1,1,-1
201501TW60350,1,19,0,7,0,8,0,0,0,0,4,1,1,1,25,5,2198,2,-1,-1,1,-1
201501TW60350,2,3,0,7,0,8,0,0,0,0,1,1,1,1,36,7,125,1,1,-1,1,-1
201501TW60351,1,1,0,18,0,8,0,0,0,0,1,1,2,1,34,6,-1,-1,-1,-1,1,-1
201501TW60351,2,9,0,9,0,8,0,0,0,0,1,1,6,1,-1,-1,1868,2,11,-1,-1,-1
201501TW60352,1,3,0,13,0,8,0,0,0,0,3,1,1,1,27,6,125,1,8,-1,1,-1
201501TW60352,2,19,0,9,0,8,0,0,0,0,1,1,1,1,27,6,2287,2,3,-1,1,-1
201501TW60353,1,9,0,9,0,8,0,0,0,0,1,1,6,1,35,6,1998,2,7,-1,1,-1
201501TW60354,1,1,0,18,0,8,0,0,0,0,3,1,2,2,56,9,-1,-1,-1,-1,1,-1
201501TW60354,2,19,0,7,0,8,0,0,1,0,4,1,1,1,-1,-1,2198,2,8,-1,1,-1
201501TW60355,1,11,0,16,0,8,0,0,0,0,0,1,1,1,51,8,4500,2,3,-1,1,-1
201501TW60356,1,8,0,4,0,8,0,0,0,0,2,1,2,1,46,8,1984,1,9,-1,1,-1
201501TW60356,2,4,0,18,0,8,0,0,0,0,1,1,1,1,35,6,125,1,2,-1,1,-1
201501TW60357,1,9,0,4,0,8,0,0,0,0,1,1,2,2,35,6,1998,1,11,-1,-1,-1
201501TW60357,2,9,0,4,0,8,0,0,0,0,2,1,2,2,47,8,1598,1,8,-1,1,-1
201501TW60358,1,11,0,4,0,8,0,0,0,0,1,1,1,1,33,6,5883,2,13,-1,1,-1
201501TW60358,2,9,0,9,0,8,0,0,0,0,3,1,2,2,27,6,1248,2,9,-1,-1,-1
201501TW60359,1,1,0,18,0,0,0,10,1,2,4,1,2,1,48,8,-1,-1,-1,-1,1,-1
201501TW60360,1,1,0,9,0,8,0,0,0,0,3,1,2,1,41,7,-1,-1,-1,-1,1,-1
201501TW60361,1,5,0,18,0,0,0,0,0,0,1,1,1,1,-1,-1,1237,1,3,-1,-1,-1
201501TW60361,2,5,0,18,0,0,0,0,0,0,3,1,1,1,-1,-1,1237,1,3,-1,-1,-1
201501TW60361,3,11,0,2,0,0,0,0,0,0,3,1,6,1,-1,-1,4500,2,3,-1,1,-1
201501TW60362,1,5,0,18,0,8,0,0,0,0,3,1,2,1,58,9,599,1,4,-1,1,-1
201501TW60363,1,9,0,9,0,8,0,0,0,0,3,1,6,1,31,6,1968,2,5,-1,1,-1
201501TW60363,2,3,0,18,0,8,0,0,0,0,1,1,6,1,29,6,125,1,2,-1,1,-1
201501TW60364,1,9,0,9,0,8,1,10,3,10,1,1,2,2,47,8,998,1,14,-1,1,-1
201501TW60365,1,9,0,7,0,8,1,0,0,0,1,1,6,1,19,4,1199,1,14,-1,1,-1
201501TW60365,2,9,0,18,0,8,0,0,0,0,1,1,6,1,-1,-1,1229,1,1,-1,-1,-1
201501TW60366,1,9,0,4,0,8,0,0,0,0,3,1,2,1,41,7,1560,2,3,-1,1,-1
201501TW60367,1,9,0,3,0,8,0,0,0,0,2,1,2,2,28,6,2179,2,-1,-1,1,-1
201501TW60367,2,9,0,18,0,8,0,0,0,0,1,1,6,1,-1,-1,-1,-1,-1,-1,-1,-1
201501TW60368,1,9,0,5,0,0,0,0,0,0,1,1,2,2,67,10,1995,2,1,-1,1,-1
201501TW60368,2,11,0,3,0,0,0,0,0,0,2,1,1,1,34,6,-1,-1,-1,-1,-1,-1
201501TW60369,1,9,0,18,0,0,0,10,7,10,1,1,4,1,34,6,2987,2,5,-1,1,-1
201501TW60370,1,9,0,9,0,8,0,0,0,0,0,1,6,1,80,11,1299,1,14,-1,1,-1
201501TW60370,2,1,0,18,0,8,0,10,1,0,1,1,6,2,50,8,-1,-1,-1,-1,-1,-1
201501TW60371,1,19,0,18,0,8,0,0,0,0,1,1,1,1,39,7,2287,2,-1,-1,1,-1
201501TW60371,2,19,0,18,0,8,0,0,0,0,2,1,1,1,33,6,-1,-1,-1,-1,1,-1
201501TW60372,1,9,0,9,0,8,0,0,0,0,4,1,2,1,56,9,1198,1,1,-1,2,-1
201501TW60372,2,1,0,5,0,8,0,0,0,0,1,1,1,1,30,6,-1,-1,-1,-1,1,-1
201501TW60373,1,9,0,5,0,8,0,0,0,0,1,1,6,1,51,8,875,1,3,-1,1,-1
201501TW60373,2,9,0,5,0,8,0,0,0,0,4,1,6,1,50,8,1461,2,2,-1,-1,-1
201501TW60375,1,1,0,18,0,8,0,0,0,0,4,1,2,1,63,9,-1,-1,-1,-1,1,-1
201501TW60375,2,9,0,7,0,8,0,0,0,0,1,1,6,2,-1,-1,-1,-1,-1,-1,-1,-1
201501TW60376,1,9,0,2,0,0,0,0,0,0,3,1,1,1,57,9,1560,2,-1,-1,1,-1
201501TW60376,2,1,0,14,0,0,0,4,0,0,1,1,6,1,50,8,-1,-1,-1,-1,1,-1
201501TW60377,1,1,0,18,0,8,0,0,0,0,3,1,2,2,-1,-1,-1,-1,-1,-1,1,-1
201501TW60377,2,9,0,13,0,8,0,0,0,0,1,1,6,2,-1,-1,-1,-1,-1,-1,-1,-1
201501TW60378,1,5,0,18,0,8,0,0,0,0,3,1,6,1,41,7,-1,-1,-1,-1,1,-1
201501TW60378,2,19,0,11,0,8,0,0,0,0,4,1,1,1,28,6,9290,2,-1,-1,-1,-1
201501TW60379,1,9,0,3,0,8,0,0,0,0,2,1,2,2,57,9,1968,2,8,-1,1,-1
201501TW60379,2,3,0,18,0,8,1,0,0,0,1,1,2,1,22,5,124,1,1,-1,1,-1
201501TW60380,1,9,0,3,0,0,0,0,0,0,2,1,2,2,22,5,998,1,13,-1,1,-1
201501TW60380,2,9,0,3,0,0,0,0,0,0,2,1,2,1,62,9,-1,-1,-1,-1,1,-1
201501TW60380,3,9,0,3,0,0,0,0,0,0,2,1,2,1,43,7,1596,1,12,-1,-1,-1
201501TW60380,4,9,0,18,0,0,0,0,0,0,1,1,2,2,29,6,-1,-1,-1,-1,-1,-1
201501TW60381,1,1,0,14,0,8,0,0,0,0,1,1,2,1,53,8,-1,-1,-1,-1,1,-1
201501TW60381,2,9,0,5,0,8,0,0,0,0,3,1,2,2,-1,-1,1198,1,6,-1,1,-1
201501TW60382,1,1,0,17,0,8,0,0,0,0,4,1,2,1,37,7,-1,-1,-1,-1,1,-1