Accident_Index,Vehicle_Reference,Vehicle_Type,Towing_and_Articulation,Vehicle_Manoeuvre,Vehicle_Location-Restricted_Lane,Junction_Location,Skidding_and_Overturning,Hit_Object_in_Carriageway,Vehicle_Leaving_Carriageway,Hit_Object_off_Carriageway,1st_Point_of_Impact,Was_Vehicle_Left_Hand_Drive?,Journey_Purpose_of_Driver,Sex_of_Driver,Age_of_Driver,Age_Band_of_Driver,Engine_Capacity_(CC),Propulsion_Code,Age_of_Vehicle,Driver_IMD_Decile,Driver_Home_Area_Type,Vehicle_IMD_Decile
201501TX20131,1,9,0,4,0,0,0,0,0,0,1,1,6,2,36,7,1360,1,12,-1,1,-1
201501TX20131,2,21,0,3,0,0,0,0,0,0,2,1,1,1,35,6,6370,2,13,-1,1,-1
201501TX20131,3,9,0,3,0,0,0,0,1,0,2,1,6,1,27,6,1598,1,6,-1,1,-1
201501TX20131,4,9,0,3,0,0,0,0,0,0,2,1,2,2,-1,-1,1984,1,14,-1,-1,-1
201501TX20132,1,9,0,18,0,0,0,0,0,0,2,1,6,1,45,7,-1,-1,-1,-1,1,-1
201501TX20132,2,9,0,17,0,0,0,0,0,0,1,1,2,2,36,7,1895,1,14,-1,1,-1
201501TX20133,1,9,0,4,0,8,0,0,0,0,1,1,2,1,48,8,1398,2,12,-1,1,-1
201501TX20135,1,9,0,9,0,8,0,0,0,0,1,1,6,2,29,6,1118,1,23,-1,1,-1
201501TX20135,2,9,0,18,0,8,0,0,0,0,1,1,6,1,73,10,-1,-1,-1,-1,1,-1
201501TX20136,1,9,0,18,0,0,0,0,0,0,4,1,6,1,-1,-1,-1,-1,-1,-1,1,-1
201501TX20137,1,19,0,11,0,0,0,4,0,0,1,1,2,1,40,7,1870,2,9,-1,1,-1
201501TX20137,2,9,0,2,0,0,0,0,1,0,2,1,6,1,-1,-1,1242,1,14,-1,1,-1
201501TX20137,3,19,0,2,0,0,0,0,0,0,2,1,6,1,51,8,2198,2,5,-1,1,-1
201501TX20137,4,9,0,2,0,0,0,0,0,0,2,1,6,1,-1,-1,2792,1,14,-1,1,-1
201501TX20137,5,9,0,2,0,0,0,0,1,0,2,1,6,1,-1,-1,2793,1,17,-1,1,-1
201501TX20138,1,3,0,18,0,8,0,0,0,0,1,1,2,1,33,6,125,1,1,-1,1,-1
201501TX20138,2,9,0,9,0,8,0,0,0,0,4,1,2,2,-1,-1,1598,1,9,-1,-1,-1
201501TX20139,1,19,0,18,0,8,0,0,0,0,1,1,2,1,45,7,-1,-1,-1,-1,1,-1
201501TX20140,1,9,0,9,0,8,0,0,1,0,1,1,6,1,25,5,1796,1,11,-1,1,-1
201501TX20140,2,1,0,18,0,8,0,0,0,0,2,1,6,1,59,9,-1,-1,-1,-1,1,-1
201501TX20142,1,9,0,9,0,8,0,0,0,0,4,1,6,1,27,6,2171,1,14,-1,1,-1
201501TX20142,2,9,0,14,0,8,0,0,0,0,1,1,6,1,73,10,-1,-1,-1,-1,1,-1
201501TX20144,1,3,0,4,0,0,0,0,0,0,1,1,1,2,48,8,124,1,7,-1,1,-1
201501TX20144,2,9,0,5,0,0,0,0,0,0,1,1,1,2,58,9,1598,1,6,-1,1,-1
201501TX20145,1,19,0,16,0,8,0,0,0,0,3,1,1,1,50,8,1995,2,2,-1,1,-1
201501TX20145,2,19,0,16,0,8,0,0,0,0,1,1,1,1,-1,-1,1968,2,-1,-1,1,-1
201501TX20146,1,3,0,14,0,1,0,0,0,0,3,1,1,1,35,6,125,1,-1,-1,1,-1
201501TX20146,2,9,0,9,0,1,0,0,0,0,1,1,6,1,41,7,2143,2,3,-1,1,-1
201501TX20148,1,9,0,18,0,8,0,0,0,0,4,1,1,2,72,10,1397,1,14,-1,1,-1
201501TX20148,2,9,0,9,0,8,0,0,0,0,1,1,6,1,-1,-1,2354,1,10,-1,-1,-1
201501TX20149,1,9,0,9,0,8,0,0,0,0,1,1,6,2,51,8,2099,1,13,-1,1,-1
201501TX20149,2,9,0,18,0,8,0,0,0,0,1,1,6,1,35,6,1560,2,7,-1,1,-1
201501TX20150,1,9,0,11,0,0,0,0,0,0,4,1,1,1,47,8,3498,8,2,-1,1,-1
201501TX20150,2,5,0,18,0,0,0,0,0,0,3,1,2,1,41,7,600,1,1,-1,1,-1
201501TX20151,1,9,0,18,0,0,0,10,7,2,1,1,6,2,35,6,1800,1,16,-1,1,-1
201501TX20153,1,9,0,18,0,0,0,0,0,0,1,1,6,1,31,6,1398,1,14,-1,1,-1
201501TX20154,1,9,0,7,0,8,0,0,0,0,3,1,1,1,49,8,1997,2,8,-1,1,-1
201501TX20154,2,19,0,18,0,8,0,0,0,0,1,1,2,1,51,8,2464,2,6,-1,1,-1
201501TX20155,1,9,0,9,0,8,0,0,0,0,4,1,6,1,23,5,-1,-1,-1,-1,1,-1
201501TX20155,2,9,0,12,0,8,0,0,0,0,1,1,6,1,19,4,1497,8,8,-1,1,-1
201501TX20156,1,5,0,9,0,0,0,0,0,0,3,1,2,2,35,6,-1,-1,-1,-1,1,-1
201501TX20156,2,2,0,13,0,0,0,0,1,0,1,1,6,1,-1,-1,-1,-1,-1,-1,-1,-1
201501TX20157,1,1,0,18,0,8,0,0,0,0,1,1,6,1,39,7,-1,-1,-1,-1,1,-1
201501TX20157,2,9,0,9,0,8,0,0,0,0,3,1,6,1,-1,-1,-1,-1,-1,-1,-1,-1
201501TX20158,1,1,0,18,0,0,0,0,0,0,1,1,2,1,24,5,-1,-1,-1,-1,1,-1
201501TX20158,2,9,0,7,0,0,0,0,0,0,3,1,2,2,27,6,1586,1,1,-1,1,-1
201501TX20159,1,3,0,13,0,8,0,0,0,0,1,1,6,1,36,7,124,1,3,-1,1,-1
201501TX20159,2,9,0,9,0,8,0,0,1,0,3,1,4,2,-1,-1,1389,1,19,-1,1,-1
201501TX20160,1,4,0,5,0,1,0,0,0,0,4,1,1,1,43,7,1237,1,3,-1,1,-1
201501TX20160,2,9,0,5,0,1,0,0,0,0,3,1,6,2,25,5,1229,1,8,-1,1,-1
201501TX20161,1,9,0,5,0,8,0,0,0,0,3,1,6,1,40,7,1796,1,7,-1,1,-1
201501TX20161,2,9,0,11,0,8,0,0,0,0,4,1,6,1,-1,-1,-1,-1,-1,-1,-1,-1
201501TX20162,1,11,0,4,0,8,0,0,0,0,0,1,1,1,29,6,6370,2,3,-1,1,-1
201501TX20164,1,1,0,18,2,0,0,0,0,0,1,1,2,1,27,6,-1,-1,-1,-1,1,-1
201501TX20164,2,11,0,13,0,0,0,0,0,0,4,1,1,1,51,8,9000,2,5,-1,1,-1
201501TX20165,1,3,0,13,0,0,0,0,0,0,4,1,4,1,18,4,-1,-1,-1,-1,1,-1
201501TX20165,2,9,0,9,0,0,0,0,0,0,1,1,2,1,47,8,1997,2,9,-1,1,-1
201501TX20166,1,3,0,18,0,8,0,0,0,0,1,1,6,1,42,7,124,1,6,-1,1,-1
201501TX20166,2,1,0,9,0,8,0,0,0,0,3,1,6,1,-1,-1,-1,-1,-1,-1,-1,-1
201501TX20167,1,9,0,9,0,8,0,0,0,0,2,1,2,1,42,7,-1,-1,-1,-1,1,-1
201501TX20167,2,2,0,13,0,8,0,0,0,0,1,1,2,1,23,5,124,1,-1,-1,1,-1
201501TX20168,1,9,0,17,0,8,0,0,0,0,4,1,6,1,68,10,1796,1,4,-1,1,-1
201501TX20168,2,9,0,17,0,8,0,0,0,0,1,1,6,1,68,10,1998,1,13,-1,1,-1
201501TX20169,1,9,0,3,0,8,0,0,0,0,2,1,6,2,55,8,1248,2,9,-1,1,-1
201501TX20169,2,19,0,4,0,8,0,0,0,0,1,1,6,1,-1,-1,1996,2,1,-1,-1,-1
201501TX20170,1,9,0,4,0,8,0,0,0,0,2,1,6,1,44,7,1332,1,19,-1,1,-1
201501TX20170,2,9,0,18,0,8,0,0,0,0,1,1,2,1,51,8,1497,8,8,-1,1,-1
201501TX20172,1,19,0,9,0,8,0,0,0,0,1,1,2,1,28,6,2143,2,2,-1,1,-1
201501TX20173,1,9,0,9,0,8,0,0,1,0,2,1,6,2,53,8,1398,2,12,-1,1,-1
201501TX20173,2,9,0,4,0,8,0,0,0,0,1,1,6,1,-1,-1,2148,2,12,-1,1,-1
201501TX20174,1,3,0,18,0,8,0,0,1,0,1,1,2,1,27,6,125,1,11,-1,1,-1
201501TX20174,2,9,0,7,0,8,0,0,1,0,1,1,6,2,-1,-1,-1,-1,-1,-1,-1,-1
201501TX20176,1,9,0,9,0,8,0,0,0,0,3,1,1,1,51,8,1497,8,9,-1,1,-1
201501TX20176,2,2,0,13,0,8,0,0,1,0,1,1,2,1,26,6,124,1,10,-1,-1,-1
201501TX20177,1,21,0,18,0,8,0,0,0,0,2,1,1,1,39,7,10837,2,2,-1,1,-1
201501TX20177,2,9,0,4,0,8,0,0,0,0,1,1,2,1,-1,-1,-1,-1,-1,-1,1,-1
201501TX20177,3,9,0,4,0,8,0,0,0,0,1,1,6,2,55,8,-1,-1,-1,-1,1,-1
201501TX20177,4,9,0,4,0,8,0,0,1,0,1,1,4,1,56,9,1560,2,7,-1,1,-1
201501TX20178,1,9,0,2,0,8,0,0,0,0,2,1,6,2,47,8,-1,-1,-1,-1,1,-1
201501TX20178,2,9,0,18,0,8,0,4,0,0,1,1,6,1,89,11,1086,1,5,-1,1,-1
201501TX20179,1,9,0,7,0,8,0,0,0,0,3,1,2,1,24,5,1968,2,11,-1,1,-1
201501TX20179,2,9,0,7,0,8,0,0,0,0,1,1,2,1,49,8,2685,2,12,-1,1,-1
201501TX20180,1,9,0,16,0,8,0,0,0,0,3,1,6,1,45,7,1796,1,17,-1,1,-1
201501TX20180,2,1,0,18,0,8,0,0,0,0,1,1,6,1,50,8,-1,-1,-1,-1,1,-1
201501TX20181,1,9,0,18,0,8,0,0,0,0,3,1,2,1,27,6,-1,-1,-1,-1,1,-1
201501TX20181,2,9,0,18,0,8,0,0,0,0,1,1,1,1,27,6,-1,-1,-1,-1,1,-1
201501TX20182,1,3,0,18,0,8,0,0,0,0,3,1,2,1,26,6,125,1,12,-1,1,-1
201501TX20182,2,9,0,9,0,8,0,0,0,0,1,1,2,1,23,5,1598,2,5,-1,1,-1
201501TX20183,1,3,0,18,0,0,0,0,0,0,1,1,1,1,35,6,49,1,9,-1,1,-1
201501TX20187,1,9,0,9,0,8,0,0,0,0,0,1,6,1,44,7,1598,1,14,-1,1,-1
201501TX20187,2,3,0,4,0,8,0,0,0,0,0,1,6,1,24,5,109,1,3,-1,1,-1
201501TX20188,1,21,1,18,0,8,0,0,0,0,1,1,1,1,59,9,-1,-1,-1,-1,-1,-1
201501TX20188,2,1,0,9,0,8,0,0,0,0,2,1,2,1,40,7,-1,-1,-1,-1,1,-1
201501TX20190,1,9,0,18,0,8,0,4,0,0,3,2,2,1,38,7,-1,-1,-1,-1,1,-1
201501TX20190,2,9,0,2,0,8,0,0,0,0,4,1,6,1,52,8,-1,-1,-1,-1,1,-1
201501TX20190,3,9,0,2,0,1,0,0,0,0,3,1,6,1,42,7,1995,2,5,-1,1,-1
201501TX20190,4,9,0,2,0,2,0,0,0,0,3,1,6,2,36,7,2000,2,9,-1,1,-1
201501TX20190,5,9,0,2,0,8,0,0,0,0,3,1,4,1,37,7,1995,2,1,-1,1,-1
201501TX20191,1,9,0,9,0,8,0,0,0,0,3,1,2,1,43,7,1398,1,11,-1,1,-1
201501TX20191,2,1,0,18,0,8,0,0,0,0,1,1,2,1,27,6,-1,-1,-1,-1,1,-1
201501TX20192,1,9,0,4,0,0,0,10,1,10,2,1,2,2,67,10,-1,-1,-1,-1,1,-1
201501TX20192,2,9,0,18,0,0,0,0,0,0,1,1,6,3,-1,-1,-1,-1,-1,-1,-1,-1
201501TX20194,1,2,0,4,0,8,0,0,0,0,2,1,1,1,62,9,49,1,6,-1,-1,-1
201501TX20194,2,9,0,18,0,8,0,0,0,0,1,1,4,1,40,7,-1,-1,-1,-1,-1,-1
201501TX20195,1,9,0,7,0,8,0,0,0,0,3,1,2,2,29,6,-1,-1,-1,-1,1,-1
201501TX20195,2,1,0,17,0,8,0,0,0,0,1,1,2,1,31,6,-1,-1,-1,-1,1,-1
201501TX20196,1,4,0,18,0,0,1,4,0,0,1,1,6,1,42,7,803,1,3,-1,-1,-1
201501TX20196,2,9,0,7,0,0,0,0,0,0,3,1,6,1,31,6,1995,2,4,-1,3,-1
201501TX20196,3,9,0,2,0,0,0,0,0,0,3,1,6,1,23,5,1595,1,8,-1,1,-1
201501TX20197,1,2,0,18,0,8,0,0,0,0,1,1,2,1,19,4,124,1,15,-1,1,-1
201501TX20197,2,9,0,9,0,8,0,0,0,0,1,1,2,1,36,7,1199,1,12,-1,1,-1
201501TX20198,1,9,0,3,0,1,0,0,0,0,2,1,6,1,22,5,-1,-1,-1,-1,1,-1
201501TX20198,2,9,0,4,0,1,0,0,0,0,1,1,6,1,-1,-1,1995,2,9,-1,1,-1
201501TX20199,1,9,0,18,0,0,0,0,0,0,1,1,1,1,32,6,1598,2,4,-1,1,-1
201501TX20199,2,9,0,18,0,0,0,0,0,0,2,1,6,2,24,5,1390,1,1,-1,1,-1
201501TX20199,3,9,0,7,0,0,0,0,0,0,0,1,6,3,-1,-1,2993,2,4,-1,-1,-1
201501TX20200,1,4,0,18,0,8,1,0,0,0,1,1,2,1,24,5,124,1,9,-1,1,-1
201501TX20201,1,1,0,18,0,8,0,0,0,0,3,1,2,2,-1,-1,-1,-1,-1,-1,-1,-1
201501TX20201,2,19,4,12,0,8,0,0,0,0,4,1,2,3,-1,-1,-1,-1,-1,-1,-1,-1
201501TX20204,1,9,0,7,0,8,0,0,0,0,1,1,6,2,43,7,1390,1,13,-1,1,-1
201501TX20205,1,11,0,18,0,0,0,0,0,0,1,1,1,1,35,6,4500,2,4,-1,1,-1
201501TX20206,1,3,0,18,0,0,0,0,0,0,0,1,2,1,34,6,821,1,2,-1,1,-1
201501TX20207,1,9,0,18,0,0,0,0,0,0,3,1,6,1,29,6,1896,2,12,-1,1,-1
201501TX20207,2,2,0,18,0,0,0,4,0,0,4,1,6,1,15,3,-1,-1,-1,-1,1,-1
201501TX20208,1,9,0,5,0,8,0,0,0,0,1,1,6,2,35,6,1799,1,8,-1,1,-1
201501TX20209,1,9,0,16,0,8,0,0,0,0,1,1,6,2,51,8,2179,2,2,-1,-1,-1
201501TX20210,1,9,0,3,0,8,0,0,0,0,2,1,6,2,43,7,1399,2,4,-1,1,-1
201501TX20210,2,9,0,18,0,8,0,0,0,0,1,1,6,1,-1,-1,1389,1,11,-1,-1,-1
201501TX20211,1,11,0,4,0,8,0,0,0,0,0,1,1,1,-1,-1,-1,-1,-1,-1,-1,-1
201501TX20211,2,9,0,4,0,8,0,0,0,0,0,1,6,1,-1,-1,-1,-1,-1,-1,-1,-1
201501TX20212,1,9,0,18,0,0,5,4,0,0,1,1,1,2,34,6,1360,1,16,-1,1,-1
201501TX20212,2,9,0,2,0,0,0,0,0,0,3,1,6,2,-1,-1,1339,1,4,-1,1,-1
201501TX20214,1,90,0,5,0,0,0,0,0,0,4,1,1,1,27,6,7142,2,6,-1,1,-1
201501TX20215,1,9,0,18,0,8,0,0,0,0,4,1,1,2,66,10,999,1,8,-1,1,-1
201501TX20216,1,11,0,4,0,8,0,0,0,0,0,1,1,1,36,7,9360,2,5,-1,1,-1
201501TX20217,1,9,0,3,0,1,0,0,0,0,2,1,6,1,56,9,1797,8,6,-1,1,-1
201501TX20217,2,9,0,4,0,1,0,0,0,0,1,1,6,2,40,7,-1,-1,-1,-1,-1,-1
201501TX20218,1,9,0,3,0,0,0,0,0,0,4,1,2,1,41,7,1598,1,4,-1,1,-1
201501TX20218,2,1,0,15,0,0,0,4,0,0,1,1,2,1,36,7,-1,-1,-1,-1,1,-1
201501TX20219,1,1,0,18,4,0,0,0,0,0,3,1,1,1,35,6,-1,-1,-1,-1,1,-1
201501TX20219,2,9,0,11,0,0,0,0,0,0,3,1,6,1,-1,-1,1461,2,1,-1,-1,-1
201501TX20220,1,11,0,7,0,8,0,0,1,0,1,1,1,1,34,6,-1,-1,-1,-1,-1,-1
201501TX20220,2,1,0,7,0,8,0,0,0,0,3,1,2,1,50,8,-1,-1,-1,-1,1,-1
201501TX20222,1,9,0,18,0,0,0,0,0,0,1,1,6,1,23,5,1968,2,8,-1,1,-1
201501TX20222,2,9,0,4,0,0,0,0,0,0,2,1,6,1,27,6,1248,2,1,-1,1,-1
201501TX20223,1,3,0,4,0,0,0,0,0,0,4,1,2,1,32,6,124,1,9,-1,1,-1
201501TX20224,1,9,0,9,0,8,0,0,0,0,2,1,2,2,31,6,1598,1,5,-1,1,-1
201501TX20224,2,5,0,13,0,8,0,0,0,0,1,1,2,1,45,7,1050,1,9,-1,3,-1
201501TX20225,1,9,0,9,0,8,0,0,0,0,1,1,2,2,48,8,-1,-1,-1,-1,1,-1
201501TX20225,2,9,0,15,0,8,0,0,0,0,1,1,2,1,38,7,-1,-1,-1,-1,1,-1
201501TX20226,1,9,0,5,0,8,0,0,0,0,3,1,2,2,18,4,1086,1,6,-1,1,-1
201501TX20226,2,2,0,18,0,8,0,0,0,0,1,1,1,1,52,8,459,1,9,-1,1,-1
201501TX20227,1,9,0,18,0,0,0,0,1,7,3,1,1,1,45,7,1248,2,1,-1,1,-1
201501TX20227,2,8,0,11,0,0,0,0,0,0,1,1,6,3,-1,-1,-1,-1,-1,-1,-1,-1
201501TX20228,1,9,0,16,0,3,0,0,0,0,4,1,1,1,41,7,1900,2,13,-1,1,-1
201501TX20228,2,1,0,18,0,3,0,0,0,0,2,1,2,2,31,6,-1,-1,-1,-1,1,-1
201501TX20230,1,19,0,5,0,0,0,0,0,0,4,1,6,1,34,6,2402,2,7,-1,1,-1
201501TX20230,2,9,0,18,0,0,0,0,0,0,1,1,6,2,50,8,1386,1,8,-1,1,-1
201501TX20231,1,3,0,14,0,8,0,0,0,0,1,1,1,1,31,6,124,1,10,-1,1,-1
201501TX20232,1,8,0,2,0,0,0,0,0,0,1,1,1,1,49,8,1997,2,1,-1,1,-1
201501TX20232,2,9,0,1,0,0,0,4,0,0,2,1,6,1,-1,-1,1497,8,8,-1,1,-1
201501TX20233,1,9,0,9,0,8,0,0,0,0,4,1,6,1,32,6,-1,-1,-1,-1,3,-1
201501TX20233,2,5,0,18,2,8,0,0,0,0,1,1,6,1,31,6,806,1,1,-1,1,-1
201501TX20234,1,9,0,4,0,0,0,0,0,0,3,1,6,1,45,7,1240,1,8,-1,1,-1
201501TX20235,1,5,0,7,0,8,0,0,0,0,0,1,6,1,53,8,865,1,1,-1,1,-1
201501TX20235,2,9,0,18,0,8,0,0,0,0,0,1,6,1,-1,-1,1461,2,5,-1,1,-1
201501TX20236,1,9,0,3,0,8,0,0,0,0,3,1,2,2,37,7,1995,2,7,-1,1,-1
201501TX20236,2,9,0,1,0,8,0,0,0,0,2,1,6,1,-1,-1,-1,-1,-1,-1,-1,-1
201501TX20237,1,9,0,7,0,8,0,0,0,0,3,1,6,1,54,8,1498,1,3,-1,1,-1
201501TX20237,2,1,0,18,5,8,0,0,0,0,1,1,6,1,33,6,-1,-1,-1,-1,1,-1
201501TX20238,1,9,0,18,0,0,0,0,4,6,1,1,6,1,30,6,-1,-1,-1,-1,1,-1
201501TX20239,1,9,0,2,0,0,0,0,0,0,3,1,6,2,38,7,2393,1,7,-1,1,-1
201501TX20239,2,9,0,14,0,0,0,0,0,0,4,1,6,3,-1,-1,-1,-1,-1,-1,-1,-1
201501TX20240,1,9,0,18,0,0,5,0,4,6,1,1,6,1,22,5,-1,-1,-1,-1,1,-1
201501TX20241,1,9,0,18,0,0,0,0,0,0,1,1,2,1,23,5,1598,1,6,-1,1,-1
201501TX20241,2,9,0,18,0,0,0,11,0,0,0,1,6,1,45,7,1598,2,1,-1,-1,-1
201501TX20242,1,11,0,14,0,2,0,0,0,0,4,1,1,1,58,9,9000,2,5,-1,-1,-1
201501TX20243,1,11,0,5,0,8,0,0,0,0,1,1,1,1,60,9,4500,2,7,-1,-1,-1
201501TX20243,2,1,0,9,0,8,0,0,0,0,4,1,6,1,38,7,-1,-1,-1,-1,1,-1
201501TX20244,1,9,0,15,0,8,0,0,1,0,1,1,2,2,25,5,1596,1,8,-1,1,-1
201501TX20244,2,21,1,11,0,8,0,0,0,0,4,1,1,1,-1,-1,12902,2,2,-1,-1,-1
201501TX20245,1,3,0,18,0,8,0,0,0,0,4,1,6,1,19,4,125,1,3,-1,1,-1
201501TX20245,2,9,0,5,0,8,0,0,0,0,1,1,6,2,25,5,-1,-1,-1,-1,1,-1
201501TX20246,1,9,0,18,0,0,0,0,0,0,2,1,6,1,23,5,1598,1,12,-1,-1,-1
201501TX20246,2,9,0,11,0,0,0,0,0,0,1,1,6,2,-1,-1,2993,2,10,-1,-1,-1
201501TX20247,1,20,0,18,0,8,0,0,1,0,2,1,1,1,51,8,5880,2,9,-1,1,-1
201501TX20247,2,9,0,18,0,8,0,0,0,0,1,1,2,2,44,7,2688,2,14,-1,1,-1
201501TX20248,1,9,0,9,0,8,1,0,0,0,3,1,6,1,38,7,1995,1,13,-1,1,-1
201501TX20248,2,9,0,9,0,8,0,0,0,0,1,1,6,1,73,10,1596,1,-1,-1,1,-1
201501TX20249,1,9,0,18,0,8,0,0,0,0,4,1,2,2,31,6,2198,2,8,-1,1,-1
201501TX20249,2,3,0,9,0,8,0,0,0,0,1,1,1,1,27,6,124,1,8,-1,1,-1
201501TX20251,1,9,0,4,0,8,0,0,0,0,1,1,2,1,57,9,1560,2,2,-1,1,-1
201501TX20251,2,1,0,18,0,8,0,0,0,0,4,1,2,1,33,6,-1,-1,-1,-1,1,-1
201501TX20252,1,9,0,4,0,8,0,0,0,0,1,1,2,1,22,5,1229,1,7,-1,1,-1
201501TX20253,1,3,0,17,0,8,0,0,0,0,1,1,6,1,22,5,124,1,10,-1,1,-1
201501TX20253,2,9,0,18,0,8,0,0,0,0,1,1,6,1,34,6,1995,1,5,-1,1,-1
201501TX20254,1,1,0,18,0,8,0,0,0,0,1,1,6,2,28,6,-1,-1,-1,-1,1,-1
201501TX20254,2,9,0,9,0,8,0,0,0,0,1,1,2,2,-1,-1,1995,2,3,-1,-1,-1
201501TX20255,1,9,0,18,0,8,0,0,0,0,1,1,2,1,40,7,1896,2,8,-1,1,-1
201501TX20255,2,9,0,9,0,8,0,0,0,0,4,1,2,2,40,7,1596,1,9,-1,1,-1
201501TX20256,1,9,0,1,0,8,0,0,0,0,2,1,6,1,40,7,-1,-1,-1,-1,1,-1
201501TX20257,1,9,0,9,0,8,0,0,0,0,3,1,1,2,29,6,1968,2,8,-1,1,-1
201501TX20257,2,5,0,13,0,8,0,0,0,0,1,1,2,1,29,6,-1,-1,-1,-1,-1,-1
201501TX20258,1,9,0,3,0,8,0,0,0,0,3,1,6,1,32,6,1497,8,8,-1,1,-1
201501TX20258,2,19,0,16,0,8,0,0,0,0,3,1,2,1,32,6,2143,2,1,-1,1,-1
201501TX20259,1,9,0,18,0,8,0,0,0,0,2,1,4,1,30,6,1598,1,13,-1,1,-1
201501TX20259,2,9,0,11,0,8,0,0,1,0,1,1,6,2,-1,-1,1796,1,10,-1,-1,-1
201501TX20260,1,9,0,14,0,8,0,0,0,0,4,1,6,1,24,5,-1,-1,-1,-1,1,-1
201501TX20260,2,9,0,13,0,8,0,0,0,0,3,1,6,2,27,6,1199,1,14,-1,1,-1
201501TX20261,1,19,0,18,0,8,0,0,0,0,4,1,1,1,-1,-1,2198,2,1,-1,-1,-1
201501TX20261,2,1,0,7,0,8,0,0,0,0,1,1,6,1,28,6,-1,-1,-1,-1,1,-1
201501TX20263,1,9,0,18,0,8,0,0,0,0,3,1,2,1,29,6,1985,1,13,-1,1,-1
201501TX20264,1,11,0,4,0,8,0,0,1,0,0,1,1,1,51,8,4250,2,6,-1,1,-1
201501TX20265,1,9,0,2,0,0,0,0,0,0,2,2,6,2,31,6,1497,8,7,-1,1,-1
201501TX20265,2,9,0,18,0,0,0,0,0,0,1,1,6,3,-1,-1,-1,-1,-1,-1,-1,-1
201501TX20266,1,9,0,3,0,0,0,0,0,0,2,1,6,1,50,8,1796,1,6,-1,3,-1
201501TX20266,2,9,0,3,0,0,0,0,0,0,1,1,6,1,29,6,1360,1,13,-1,1,-1
201501TX20266,3,9,0,18,0,0,0,0,0,0,1,1,6,1,83,11,1598,1,10,-1,1,-1
201501TX20267,1,21,1,11,0,0,0,0,0,0,4,1,1,1,41,7,12900,2,8,-1,1,-1
201501TX20267,2,9,0,5,0,0,0,0,0,0,1,1,2,2,23,5,1560,2,4,-1,1,-1
201501TX20268,1,9,0,12,0,0,0,0,0,0,1,1,6,1,48,8,1598,1,13,-1,1,-1
201501TX20268,2,9,0,18,0,0,1,0,0,0,1,1,6,1,44,7,-1,-1,-1,-1,1,-1
201501TX20269,1,9,0,4,0,8,0,0,0,0,4,1,6,2,69,10,1895,1,15,-1,1,-1
201501TX20271,1,19,0,7,0,8,0,0,0,0,4,1,2,1,26,6,1248,2,6,-1,1,-1
201501TX20271,2,1,0,18,0,8,0,0,1,0,1,1,2,1,32,6,-1,-1,-1,-1,1,-1
201501TX20272,1,11,0,4,0,0,0,0,0,0,0,1,1,1,52,8,9000,2,9,-1,-1,-1
201501TX20273,1,3,0,9,0,8,1,10,7,0,1,1,6,1,27,6,-1,-1,-1,-1,1,-1
201501TX20274,1,9,0,4,0,8,0,0,0,0,2,1,2,1,42,7,2993,2,4,-1,1,-1
201501TX20274,2,9,0,18,0,8,0,0,0,0,1,1,6,1,26,6,1598,1,1,-1,1,-1
201501TX20275,1,9,0,18,0,0,5,0,5,6,1,1,6,1,57,9,1461,2,2,-1,1,-1
201501TX20276,1,9,0,3,0,8,0,0,0,0,1,1,2,2,29,6,1364,1,8,-1,1,-1
201501TX20276,2,9,0,4,0,8,0,0,0,0,2,1,1,1,34,6,-1,-1,-1,-1,1,-1
201501TX20276,3,9,0,4,0,8,0,0,0,0,1,1,6,1,41,7,-1,-1,-1,-1,1,-1
201501TX20277,1,9,0,9,0,8,0,0,0,0,2,1,2,2,43,7,1242,1,1,-1,1,-1
201501TX20277,2,19,0,9,0,8,0,0,0,0,1,1,1,1,-1,-1,2143,2,4,-1,-1,-1
201501TX20278,1,9,0,3,0,8,0,0,0,0,2,1,2,2,23,5,2188,2,12,-1,1,-1
201501TX20278,2,9,0,4,0,8,0,0,0,0,1,1,6,1,-1,-1,1968,2,8,-1,-1,-1
201501TX20279,1,9,0,11,0,0,0,0,0,0,4,1,2,2,56,9,1968,2,2,-1,1,-1
201501TX20279,2,5,0,18,0,0,0,0,1,0,3,1,2,1,44,7,865,1,8,-1,1,-1
201501TX20280,1,9,0,3,0,8,0,0,0,0,1,1,2,2,20,4,998,1,6,-1,1,-1
201501TX20280,2,9,0,18,0,8,0,0,0,0,1,1,6,1,-1,-1,1296,1,9,-1,-1,-1
201501TX20280,3,9,0,18,0,8,0,0,0,0,1,1,6,3,-1,-1,1332,1,16,-1,-1,-1
201501TX20281,1,9,0,4,0,8,0,0,0,0,2,1,1,1,30,6,1984,1,10,-1,-1,-1
201501TX20281,2,9,0,4,0,8,0,0,0,0,1,1,6,2,21,5,1329,1,2,-1,1,-1
201501TX20281,3,9,0,18,0,8,0,0,0,0,1,1,6,3,-1,-1,-1,-1,-1,-1,1,-1
201501TX20282,1,9,0,5,0,0,0,0,0,0,4,1,6,3,-1,-1,-1,-1,-1,-1,-1,-1
201501TX20283,1,9,0,4,0,0,0,0,0,0,2,1,2,2,42,7,1686,2,1,-1,1,-1
201501TX20283,2,9,0,4,0,0,0,0,0,0,1,1,2,1,-1,-1,-1,-1,-1,-1,-1,-1
201501TX20284,1,9,0,9,0,8,0,0,0,0,3,1,6,2,40,7,1200,1,-1,-1,1,-1
201501TX20284,2,3,0,18,0,8,0,0,0,0,1,1,6,1,25,5,654,1,12,-1,1,-1
201501TX20285,1,9,0,18,0,8,0,0,0,0,1,1,6,1,31,6,1296,1,8,-1,-1,-1
201501TX20285,2,9,0,18,0,8,0,0,1,0,1,1,6,1,26,6,-1,-1,-1,-1,1,-1
201501TX20286,1,9,0,3,0,8,0,0,0,0,2,1,2,1,45,7,-1,-1,-1,-1,1,-1