Accident_Index,Vehicle_Reference,Vehicle_Type,Towing_and_Articulation,Vehicle_Manoeuvre,Vehicle_Location-Restricted_Lane,Junction_Location,Skidding_and_Overturning,Hit_Object_in_Carriageway,Vehicle_Leaving_Carriageway,Hit_Object_off_Carriageway,1st_Point_of_Impact,Was_Vehicle_Left_Hand_Drive?,Journey_Purpose_of_Driver,Sex_of_Driver,Age_of_Driver,Age_Band_of_Driver,Engine_Capacity_(CC),Propulsion_Code,Age_of_Vehicle,Driver_IMD_Decile,Driver_Home_Area_Type,Vehicle_IMD_Decile
201501TX20439,1,5,0,14,0,8,0,0,0,0,4,1,6,1,40,7,996,1,11,-1,1,-1
201501TX20439,2,9,0,12,0,8,0,0,0,0,3,1,6,2,-1,-1,-1,-1,-1,-1,-1,-1
201501TX20440,1,3,0,4,0,1,1,0,0,0,4,1,6,2,35,6,-1,-1,-1,-1,1,-1
201501TX20442,1,9,0,18,0,0,0,0,0,0,1,1,6,2,48,8,1242,1,2,-1,1,-1
201501TX20442,2,1,0,18,0,0,0,0,0,0,1,1,6,1,16,4,-1,-1,-1,-1,-1,-1
201501TX20444,1,9,0,4,0,0,0,0,0,0,1,1,2,2,48,8,1399,1,12,-1,1,-1
201501TX20444,2,1,0,16,0,0,0,0,0,0,1,1,6,1,10,2,-1,-1,-1,-1,1,-1
201501TX20445,1,9,0,18,0,0,0,0,0,0,1,1,6,1,50,8,1999,1,9,-1,1,-1
201501TX20446,1,9,0,7,0,8,0,0,0,0,1,1,6,1,-1,-1,1596,1,19,-1,-1,-1
201501TX20447,1,3,0,14,0,8,0,0,0,0,1,1,6,1,-1,-1,-1,-1,-1,-1,-1,-1
201501TX20448,1,9,0,5,0,0,0,0,0,0,3,1,6,1,36,7,1598,1,9,-1,1,-1
201501TX20448,2,9,0,13,0,0,0,0,0,0,4,1,6,1,34,6,1242,1,7,-1,1,-1
201501TX20450,1,9,0,18,0,0,0,0,0,0,1,1,6,2,55,8,2457,1,7,-1,1,-1
201501TX20450,2,8,0,4,0,0,0,0,0,0,2,1,6,2,41,7,-1,-1,-1,-1,1,-1
201501TX20451,1,3,0,13,0,1,0,7,0,0,3,1,6,1,20,4,124,1,-1,-1,1,-1
201501TX20453,1,5,0,3,0,0,0,4,0,0,1,1,6,1,32,6,689,1,-1,-1,1,-1
201501TX20453,2,9,0,2,0,0,0,0,0,0,3,1,6,1,68,10,1388,1,9,-1,1,-1
201501TX20454,1,9,0,3,0,0,0,0,0,0,1,1,6,2,43,7,2497,2,10,-1,1,-1
201501TX20454,2,9,0,1,0,0,0,0,0,0,2,1,6,2,47,8,2143,2,1,-1,1,-1
201501TX20455,1,3,0,18,0,8,0,0,0,0,1,1,6,1,32,6,100,1,15,-1,1,-1
201501TX20455,2,9,0,9,0,8,0,0,0,0,4,1,6,1,65,9,1598,1,9,-1,1,-1
201501TX20456,1,9,0,3,0,2,0,0,0,0,4,1,1,2,58,9,1598,1,7,-1,1,-1
201501TX20456,2,1,0,15,0,2,0,0,0,0,3,1,6,1,31,6,-1,-1,-1,-1,1,-1
201501TX20457,1,8,0,6,0,0,0,0,0,0,3,1,1,1,48,8,2664,2,16,-1,1,-1
201501TX20457,2,4,0,18,0,0,0,0,0,0,4,1,6,2,41,7,109,1,3,-1,-1,-1
201501TX20458,1,8,0,4,0,8,0,0,0,0,2,1,1,1,-1,-1,-1,-1,-1,-1,1,-1
201501TX20458,2,90,0,18,0,8,0,0,0,0,1,1,6,1,-1,-1,-1,-1,-1,-1,-1,-1
201501TX20459,1,1,0,18,0,8,0,0,0,0,3,1,6,1,40,7,-1,-1,-1,-1,1,-1
201501TX20459,2,19,0,9,0,8,0,0,0,0,1,1,6,3,-1,-1,-1,-1,-1,-1,-1,-1
201501TX20460,1,9,0,3,0,1,0,0,0,0,2,1,6,2,54,8,1998,1,8,-1,1,-1
201501TX20460,2,20,0,18,0,1,0,0,0,0,1,2,1,1,49,8,-1,-1,-1,-1,-1,-1
201501TX20462,1,9,0,18,0,2,0,4,0,0,1,1,6,2,51,8,1598,1,4,-1,1,-1
201501TX20462,2,9,0,2,0,2,0,0,0,0,3,1,6,3,-1,-1,2143,2,1,-1,-1,-1
201501TX20462,3,9,0,2,0,2,0,0,0,0,2,1,6,3,-1,-1,2996,1,5,-1,-1,-1
201501TX20463,1,8,0,18,0,8,0,0,0,0,1,1,1,1,22,5,1797,8,5,-1,1,-1
201501TX20464,1,9,0,1,0,0,0,0,0,0,2,1,6,1,29,6,1598,1,8,-1,1,-1
201501TX20464,2,9,0,16,0,0,0,0,0,0,1,1,6,2,-1,-1,2184,2,10,-1,-1,-1
201501TX20465,1,9,0,16,0,1,0,0,0,0,1,2,6,1,17,4,1398,1,3,-1,-1,-1
201501TX20465,2,9,0,17,0,2,0,0,0,0,3,1,6,1,55,8,1493,1,16,-1,1,-1
201501TX20465,3,9,0,17,0,1,0,0,0,0,3,1,6,1,42,7,1598,1,5,-1,1,-1
201501TX20465,4,9,0,17,0,1,0,0,0,0,3,1,6,3,35,6,1995,2,3,-1,1,-1
201501TX20466,1,3,0,3,0,8,0,0,0,0,2,1,2,1,61,9,125,1,10,-1,1,-1
201501TX20466,2,19,0,1,0,8,0,0,0,0,1,1,1,1,33,6,1968,2,-1,-1,1,-1
201501TX20467,1,9,0,11,0,0,0,0,0,0,3,1,2,1,52,8,1896,2,9,-1,1,-1
201501TX20467,2,9,0,18,0,0,0,0,0,0,1,1,2,1,40,7,4163,1,4,-1,1,-1
201501TX20469,1,9,0,17,0,0,0,0,0,0,3,1,6,2,33,6,1149,1,9,-1,-1,-1
201501TX20469,2,9,0,16,0,0,0,0,0,0,3,1,6,3,-1,-1,-1,-1,-1,-1,-1,-1
201501TX20470,1,8,0,18,0,0,0,0,0,0,1,1,6,1,55,8,2143,2,1,-1,1,-1
201501TX20471,1,9,0,14,0,0,0,0,0,0,1,1,6,1,26,6,1598,1,7,-1,1,-1
201501TX20471,2,9,0,9,0,0,0,0,0,0,4,1,6,1,23,5,1229,1,3,-1,1,-1
201501TX20472,1,9,0,5,0,0,0,0,0,0,1,1,6,1,40,7,1598,1,13,-1,1,-1
201501TX20474,1,9,0,4,0,0,0,0,0,0,2,1,6,2,63,9,1598,2,2,-1,1,-1
201501TX20474,2,9,0,18,0,0,0,0,0,0,1,1,6,1,30,6,1560,2,7,-1,1,-1
201501TX20475,1,9,0,12,0,0,0,0,0,0,2,1,6,2,23,5,1598,1,1,-1,1,-1
201501TX20475,2,9,0,18,0,0,0,0,0,0,1,1,6,1,35,6,-1,-1,-1,-1,1,-1
201501TX20476,1,9,0,18,0,1,0,0,0,0,3,1,6,2,37,7,1598,1,5,-1,1,-1
201501TX20476,2,9,0,5,0,2,0,0,0,0,3,1,6,1,-1,-1,-1,-1,-1,-1,-1,-1
201501TX20477,1,9,0,9,0,8,0,0,0,0,1,1,2,2,31,6,1560,2,4,-1,1,-1
201501TX20478,1,11,0,7,0,2,0,0,0,0,0,1,1,1,48,8,4500,2,6,-1,-1,-1
201501TX20479,1,9,0,9,0,8,0,0,0,0,3,1,2,1,20,4,1390,1,10,-1,1,-1
201501TX20479,2,9,0,18,0,8,0,0,1,0,1,1,2,2,35,6,2493,8,1,-1,1,-1
201501TX20480,1,8,0,3,0,0,0,0,0,0,2,1,1,1,35,6,2499,2,3,-1,1,-1
201501TX20480,2,9,0,18,0,0,0,0,0,0,1,1,6,1,45,7,2148,2,12,-1,1,-1
201501TX20481,1,9,0,3,0,1,0,0,0,0,2,1,6,2,41,7,1390,1,3,-1,1,-1
201501TX20481,2,9,0,18,0,1,0,0,0,0,1,1,6,1,21,5,1242,1,12,-1,1,-1
201501TX20481,3,9,0,3,0,1,0,0,0,0,2,1,6,1,42,7,1896,2,11,-1,1,-1
201501TX20483,1,1,0,18,0,2,0,0,1,0,4,1,6,1,25,5,-1,-1,-1,-1,1,-1
201501TX20483,2,9,0,9,0,1,0,0,0,0,1,2,6,1,-1,-1,1910,2,9,-1,-1,-1
201501TX20485,1,3,0,7,0,1,0,0,0,0,4,1,6,1,24,5,125,1,15,-1,1,-1
201501TX20485,2,3,0,18,0,1,0,0,0,0,1,1,6,1,21,5,124,1,2,-1,1,-1
201501TX20486,1,3,0,13,0,8,1,0,0,0,1,1,6,1,26,6,124,1,1,-1,1,-1
201501TX20486,2,9,0,18,0,8,0,0,0,0,1,1,6,1,53,8,1461,2,-1,-1,1,-1
201501TX20487,1,8,0,7,0,8,0,0,0,0,1,1,6,1,36,7,2143,2,3,-1,1,-1
201501TX20487,2,1,0,17,0,8,0,0,0,0,4,1,6,2,57,9,-1,-1,-1,-1,1,-1
201501TX20488,1,1,0,18,4,8,0,0,0,0,4,1,2,2,38,7,-1,-1,-1,-1,1,-1
201501TX20488,2,9,0,7,0,8,0,0,0,0,1,1,6,1,-1,-1,-1,-1,-1,-1,-1,-1
201501TX20489,1,19,0,4,0,8,1,0,0,0,1,1,1,1,25,5,12809,2,1,-1,1,-1
201501TX20489,2,9,0,4,0,8,1,0,1,0,2,1,2,1,42,7,998,1,1,-1,1,-1
201501TX20490,1,9,0,18,0,8,0,0,0,0,1,1,2,2,27,6,1598,1,11,-1,1,-1
201501TX20490,2,9,0,18,0,8,0,0,0,0,1,1,2,2,44,7,-1,-1,-1,-1,1,-1
201501TX20490,3,9,0,18,0,8,0,0,0,0,1,1,2,1,31,6,-1,-1,-1,-1,1,-1
201501TX20491,1,9,0,9,0,8,0,0,0,0,3,1,6,2,34,6,1598,1,12,-1,1,-1
201501TX20491,2,3,0,13,0,8,0,0,0,0,1,1,2,2,40,7,-1,-1,-1,-1,1,-1
201501TX20492,1,9,0,18,0,8,0,0,0,0,4,1,6,1,21,5,1198,1,1,-1,1,-1
201501TX20492,2,1,0,7,0,8,0,0,0,0,1,1,2,1,23,5,-1,-1,-1,-1,1,-1
201501TX20493,1,9,0,18,0,0,0,0,0,0,1,1,6,2,57,9,-1,-1,-1,-1,1,-1
201501TX20494,1,9,0,18,0,8,0,0,0,0,1,1,6,2,50,8,1360,1,3,-1,1,-1
201501TX20494,2,8,0,9,0,8,0,0,0,0,1,1,1,1,41,7,-1,-1,-1,-1,1,-1
201501TX20495,1,5,0,13,0,0,0,0,0,0,1,1,2,1,50,8,998,1,6,-1,1,-1
201501TX20496,1,9,0,9,0,0,0,0,0,0,1,2,6,2,-1,-1,-1,-1,-1,-1,1,-1
201501TX20497,1,11,0,4,0,0,0,0,0,0,0,1,1,1,33,6,-1,-1,-1,-1,1,-1
201501TX20499,1,9,0,18,0,8,0,0,0,0,4,1,4,1,36,7,1199,1,11,-1,-1,-1
201501TX20499,2,1,0,18,0,8,0,0,0,0,1,1,6,1,17,4,-1,-1,-1,-1,1,-1
201501TX20500,1,5,0,18,0,0,0,0,0,0,1,1,2,1,39,7,745,1,-1,-1,1,-1
201501TX20501,1,9,0,16,0,8,0,0,0,0,3,1,2,1,33,6,-1,-1,-1,-1,1,-1
201501TX20501,2,9,0,16,0,8,0,0,0,0,1,1,6,1,-1,-1,1360,1,13,-1,-1,-1
201501TX20502,1,8,0,13,0,8,0,0,0,0,1,1,1,1,25,5,2143,2,3,-1,1,-1
201501TX20502,2,3,0,16,0,8,0,0,0,0,3,1,2,2,35,6,124,1,4,-1,1,-1
201501TX20502,3,19,0,16,0,8,0,0,0,0,4,1,1,1,54,8,-1,-1,-1,-1,-1,-1
201501TX20503,1,8,0,7,0,8,0,0,0,0,1,1,4,1,-1,-1,1995,2,1,-1,1,-1
201501TX20503,2,9,0,18,0,8,0,0,0,0,1,1,6,1,62,9,1598,1,17,-1,1,-1
201501TX20504,1,21,0,9,0,8,0,0,0,0,1,1,1,1,47,8,6692,2,4,-1,1,-1
201501TX20504,2,9,0,18,0,8,0,0,0,0,1,1,2,1,24,5,1198,1,3,-1,1,-1
201501TX20505,1,8,0,3,0,0,0,0,0,0,2,1,1,1,53,8,1598,1,9,-1,1,-1
201501TX20505,2,9,0,18,0,0,0,0,0,0,1,1,6,1,-1,-1,-1,-1,-1,-1,-1,-1
201501TX20507,1,9,0,18,0,0,0,0,0,0,1,1,6,2,53,8,1598,1,10,-1,1,-1
201501TX20507,2,9,0,18,0,0,0,0,1,0,3,1,6,1,47,8,1995,2,3,-1,1,-1
201501TX20508,1,9,0,18,0,1,0,0,0,0,2,1,6,2,70,10,1390,1,17,-1,1,-1
201501TX20508,2,9,0,18,0,1,0,0,0,0,1,1,6,2,23,5,1149,1,7,-1,1,-1
201501TX20509,1,9,0,9,0,8,0,0,1,0,4,1,3,2,70,10,1590,1,14,-1,1,-1
201501TX20509,2,1,0,18,0,8,0,0,0,0,4,1,2,1,26,6,-1,-1,-1,-1,1,-1
201501TX20510,1,8,0,9,0,8,0,0,0,0,4,1,1,1,51,8,2148,2,7,-1,1,-1
201501TX20510,2,9,0,15,0,8,0,10,0,0,3,1,4,1,-1,-1,-1,-1,-1,-1,-1,-1
201501TX20511,1,8,0,7,0,8,0,0,0,0,2,1,1,1,36,7,1956,2,5,-1,1,-1
201501TX20511,2,9,0,7,0,8,0,0,1,0,1,1,6,1,-1,-1,-1,-1,-1,-1,-1,-1
201501TX20512,1,1,0,18,0,8,0,0,0,0,0,1,6,1,50,8,-1,-1,-1,-1,1,-1
201501TX20512,2,9,0,9,0,8,0,0,0,0,0,1,6,1,-1,-1,1800,1,15,-1,1,-1
201501TX20513,1,9,0,18,0,0,0,0,5,6,3,1,6,2,-1,-1,-1,-1,-1,-1,-1,-1
201501TX20514,1,3,0,3,0,8,0,0,0,0,2,1,1,1,28,6,108,1,3,-1,1,-1
201501TX20514,2,9,0,4,0,8,0,0,0,0,1,1,6,1,24,5,1968,2,6,-1,1,-1
201501TX20514,3,90,0,18,0,8,0,0,0,0,0,1,1,1,40,7,-1,-1,-1,-1,1,-1
201501TX20515,1,19,0,4,0,1,0,0,0,0,1,1,1,1,-1,-1,2198,2,3,-1,-1,-1
201501TX20515,2,9,0,3,0,1,0,0,0,0,2,1,6,1,31,6,1798,8,3,-1,1,-1
201501TX20516,1,9,0,10,0,1,0,0,0,0,2,1,6,1,25,5,2000,2,4,-1,1,-1
201501TX20516,2,9,0,18,0,1,0,0,0,0,1,1,6,1,21,5,1364,1,11,-1,1,-1
201501TX20517,1,5,0,12,0,8,0,0,0,0,1,1,2,2,39,7,645,1,10,-1,1,-1
201501TX20517,2,9,4,4,0,8,0,0,0,0,2,1,2,1,27,6,2495,2,13,-1,3,-1
201501TX20518,1,9,0,3,0,0,0,0,0,0,2,1,2,1,50,8,2143,2,2,-1,-1,-1
201501TX20518,2,8,0,18,0,0,0,0,0,0,1,1,1,1,23,5,1997,2,2,-1,1,-1
201501TX20519,1,8,0,17,0,8,0,10,6,10,1,1,1,1,23,5,2143,2,3,-1,1,-1
201501TX20520,1,5,0,4,0,8,0,0,0,0,0,1,2,1,34,6,998,1,6,-1,1,-1
201501TX20521,1,9,0,18,0,0,0,0,0,0,2,1,6,1,42,7,1598,1,5,-1,-1,-1
201501TX20521,2,9,0,12,0,0,0,0,0,0,1,1,6,1,50,8,2143,2,-1,-1,1,-1
201501TX20522,1,9,0,9,0,1,0,0,0,0,4,1,2,1,45,7,1299,1,9,-1,1,-1
201501TX20522,2,8,0,9,0,1,0,0,0,0,1,1,1,1,55,8,1997,2,3,-1,1,-1
201501TX20523,1,9,0,18,0,0,0,0,0,0,3,1,6,1,63,9,1392,1,16,-1,1,-1
201501TX20523,2,9,0,18,0,0,0,0,0,0,3,1,6,2,-1,-1,-1,-1,-1,-1,-1,-1
201501TX20524,1,19,0,9,0,8,0,0,0,0,0,1,6,1,27,6,1968,2,2,-1,1,-1
201501TX20524,2,2,0,17,0,8,0,0,0,0,0,1,6,1,25,5,-1,-1,-1,-1,1,-1
201501TX20525,1,9,0,12,0,0,0,0,0,0,3,1,6,1,28,6,-1,-1,-1,-1,1,-1
201501TX20525,2,3,0,13,0,0,0,0,0,0,1,1,1,1,41,7,125,1,4,-1,1,-1
201501TX20527,1,9,0,9,0,8,0,0,0,0,1,1,2,2,61,9,1995,2,7,-1,1,-1
201501TX20527,2,9,0,18,0,8,0,0,0,0,4,1,6,2,46,8,1229,1,4,-1,1,-1
201501TX20528,1,9,0,14,0,8,0,0,0,0,1,1,6,1,31,6,1995,2,10,-1,-1,-1
201501TX20528,2,5,0,14,0,8,0,0,0,0,1,1,6,1,31,6,998,1,5,-1,-1,-1
201501TX20529,1,1,0,18,0,8,0,0,1,0,4,1,6,1,32,6,-1,-1,-1,-1,1,-1
201501TX20529,2,9,0,16,0,8,0,0,0,0,1,1,6,2,-1,-1,1995,2,1,-1,-1,-1
201501TX20530,1,19,0,18,0,8,0,0,0,0,3,1,1,1,20,4,1968,2,7,-1,1,-1
201501TX20530,2,19,0,18,0,8,0,0,0,0,1,1,1,1,22,5,1995,2,7,-1,1,-1
201501TX20531,1,9,0,18,0,0,0,0,1,7,4,1,2,1,30,6,2993,2,1,-1,-1,-1
201501TX20532,1,9,0,7,0,5,0,0,0,0,4,1,6,2,47,8,1061,1,11,-1,1,-1
201501TX20532,2,1,0,18,0,1,0,0,0,0,3,1,6,1,62,9,-1,-1,-1,-1,1,-1
201501TX20533,1,9,0,17,0,8,0,0,0,0,4,1,6,2,27,6,2993,2,10,-1,1,-1
201501TX20533,2,9,0,17,0,8,0,0,0,0,1,1,6,2,38,7,1984,1,9,-1,1,-1
201501TX20534,1,9,0,2,0,0,0,0,0,0,2,1,6,1,29,6,1199,1,12,-1,1,-1
201501TX20534,2,9,0,10,0,0,0,4,0,0,1,1,2,1,22,5,1988,1,14,-1,1,-1
201501TX20535,1,9,0,18,0,8,0,0,0,0,4,1,1,1,27,6,1497,1,11,-1,1,-1
201501TX20535,2,1,0,7,0,8,0,0,0,0,3,1,1,1,46,8,-1,-1,-1,-1,1,-1
201501TX20536,1,1,0,18,0,8,0,0,0,0,1,1,6,1,30,6,-1,-1,-1,-1,1,-1
201501TX20536,2,9,0,9,0,8,0,0,0,0,1,1,6,1,28,6,1198,1,9,-1,1,-1
201501TX20538,1,9,0,11,0,0,0,0,1,4,1,1,6,1,39,7,1364,1,10,-1,1,-1
201501TX20540,1,9,0,6,0,8,0,0,0,0,3,1,6,1,33,6,2996,2,7,-1,-1,-1
201501TX20540,2,9,0,5,0,8,0,0,0,0,4,1,6,1,29,6,1968,2,1,-1,1,-1
201501TX20540,3,19,0,18,0,8,0,0,0,0,1,1,1,1,59,9,2402,2,6,-1,1,-1
201501TX20541,1,9,0,9,0,8,0,0,0,0,3,1,6,1,26,6,1388,1,10,-1,1,-1
201501TX20541,2,9,0,13,0,8,0,0,0,0,4,1,6,1,-1,-1,-1,-1,-1,-1,-1,-1
201501TX20542,1,9,0,12,0,8,0,0,0,0,3,1,2,1,37,7,1998,1,12,-1,1,-1
201501TX20542,2,5,0,18,0,8,0,0,0,0,1,1,2,1,23,5,-1,-1,-1,-1,1,-1
201501TX20543,1,8,0,18,0,8,0,0,0,0,3,1,1,1,29,6,1329,1,4,-1,1,-1
201501TX20543,2,21,0,18,0,8,0,0,0,0,4,1,2,1,27,6,5880,2,8,-1,1,-1
201501TX20546,1,8,0,4,0,0,0,0,0,0,2,1,1,1,53,8,2143,2,3,-1,1,-1
201501TX20546,2,9,0,18,0,0,0,0,0,0,1,1,6,1,-1,-1,1796,1,15,-1,-1,-1
201501TX20547,1,8,0,4,0,0,0,0,0,0,2,1,1,1,57,9,1798,8,3,-1,1,-1
201501TX20547,2,5,0,4,0,0,0,0,0,0,1,1,2,1,26,6,649,1,8,-1,1,-1
201501TX20548,1,9,0,18,0,0,0,0,0,0,4,1,6,2,50,8,1598,1,6,-1,1,-1
201501TX20548,2,1,0,18,0,0,0,0,0,0,1,1,6,2,11,3,-1,-1,-1,-1,1,-1
201501TX20548,3,1,0,18,0,0,0,0,0,0,1,1,6,2,11,3,-1,-1,-1,-1,1,-1
201501TX20549,1,4,0,9,0,0,0,0,0,0,3,1,6,1,24,5,300,1,2,-1,1,-1
201501TX20549,2,9,0,9,0,0,0,0,0,0,1,1,6,2,70,10,1386,1,7,-1,1,-1
201501TX20550,1,9,0,18,0,0,0,0,0,0,3,1,6,1,31,6,-1,-1,-1,-1,1,-1
201501TX20550,2,9,0,18,0,0,0,0,0,0,1,1,6,1,39,7,2967,2,3,-1,1,-1
201501TX20551,1,20,0,9,0,8,0,0,0,0,2,1,1,1,44,7,2998,2,4,-1,1,-1
201501TX20551,2,9,0,18,0,8,0,0,0,0,1,1,2,1,24,5,1796,1,10,-1,1,-1
201501TX20552,1,9,0,3,0,8,0,0,0,0,1,1,2,2,23,5,1395,1,1,-1,1,-1
201501TX20552,2,9,0,18,0,8,0,0,0,0,2,1,6,1,47,8,2720,2,7,-1,-1,-1
201501TX20553,1,9,0,7,0,8,0,0,0,0,4,1,2,1,39,7,1590,1,11,-1,1,-1
201501TX20553,2,1,0,18,0,8,0,0,0,0,1,1,6,2,28,6,-1,-1,-1,-1,1,-1
201501TX20554,1,19,0,18,0,0,1,0,0,0,1,1,6,1,36,7,2402,2,8,-1,1,-1
201501TX20554,2,8,0,4,0,0,0,0,0,0,2,1,6,1,38,7,1797,8,4,-1,1,-1
201501TX20554,3,9,0,4,0,0,0,0,0,0,2,1,6,1,57,9,4266,1,16,-1,1,-1
201501TX20556,1,3,0,15,4,8,0,0,0,0,3,1,1,1,24,5,124,1,8,-1,1,-1
201501TX20556,2,19,0,7,0,8,0,0,0,0,4,1,1,1,34,6,1560,2,1,-1,1,-1
201501TX20557,1,9,0,9,0,8,0,0,0,0,1,1,6,2,-1,-1,1753,2,8,-1,-1,-1
201501TX20558,1,9,0,7,0,8,0,0,0,0,3,1,6,1,47,8,2979,1,11,-1,1,-1
201501TX20558,2,90,0,7,0,8,0,0,0,0,4,1,1,1,36,7,-1,-1,-1,-1,-1,-1
201501TX20558,3,9,0,7,0,8,0,4,0,0,2,1,1,1,41,7,1968,2,1,-1,-1,-1
201501TX20558,4,9,0,5,0,8,0,0,0,0,1,1,6,1,-1,-1,-1,-1,-1,-1,-1,-1
201501TX20560,1,3,0,18,0,8,0,0,0,0,1,1,6,1,29,6,124,1,13,-1,1,-1
201501TX20560,2,9,0,9,0,8,0,0,0,0,4,1,6,1,31,6,1587,1,12,-1,1,-1
201501TX20561,1,2,0,7,0,8,0,0,0,0,4,1,1,1,20,4,49,1,5,-1,1,-1
201501TX20561,2,1,0,18,0,8,0,0,0,0,1,1,2,2,26,6,-1,-1,-1,-1,1,-1
201501TX20562,1,9,0,18,0,0,0,0,0,0,3,1,6,2,48,8,1299,1,13,-1,1,-1
201501TX20562,2,20,0,11,0,0,0,0,0,0,4,1,6,1,-1,-1,-1,-1,-1,-1,-1,-1
201501TX20563,1,5,0,18,0,0,0,0,1,0,4,1,2,1,-1,-1,649,1,7,-1,-1,-1
201501TX20563,2,9,0,12,0,0,0,0,0,0,3,1,6,1,-1,-1,1896,2,6,-1,-1,-1
201501TX20564,1,9,0,11,0,1,0,0,0,0,4,1,2,2,60,9,1984,2,2,-1,1,-1
201501TX20564,2,5,0,4,0,8,0,0,0,0,1,1,6,1,44,7,600,1,14,-1,1,-1
201501TX20565,1,9,0,9,0,8,0,0,0,0,3,1,1,2,50,8,1197,1,1,-1,1,-1
201501TX20565,2,3,0,14,0,8,0,0,0,0,1,1,6,1,22,5,124,1,3,-1,1,-1
201501TX20566,1,9,0,18,0,8,0,0,0,0,4,1,2,1,58,9,1596,1,5,-1,1,-1
201501TX20566,2,9,0,12,0,8,0,0,0,0,1,1,6,1,24,5,1598,1,7,-1,1,-1
201501TX20567,1,1,0,18,0,1,0,0,0,0,3,1,2,1,24,5,-1,-1,-1,-1,1,-1
201501TX20567,2,9,0,18,0,1,0,0,0,0,4,1,6,2,-1,-1,1598,1,8,-1,-1,-1
201501TX20568,1,9,0,2,0,1,0,0,0,0,3,1,6,1,25,5,2993,2,1,-1,1,-1
201501TX20568,2,1,0,18,0,1,0,8,0,0,1,1,2,1,59,9,-1,-1,-1,-1,-1,-1
201501TX20569,1,9,0,13,0,0,0,0,0,0,4,1,6,1,37,7,3199,1,16,-1,-1,-1
201501TX20569,2,1,0,18,0,0,0,0,0,0,3,1,6,1,7,2,-1,-1,-1,-1,-1,-1
201501TX20570,1,9,0,5,0,0,0,0,0,0,2,1,6,2,45,7,1400,1,16,-1,1,-1
201501TX20570,2,8,0,5,0,0,0,0,0,0,1,1,6,1,26,6,1797,8,5,-1,1,-1
201501TX20571,1,3,0,6,0,0,0,0,0,0,1,1,6,1,60,9,125,1,1,-1,1,-1
201501TX20571,2,1,0,18,0,0,0,0,0,0,1,1,2,1,29,6,-1,-1,-1,-1,1,-1
201501TX20572,1,9,0,1,0,2,0,10,1,2,3,1,6,1,30,6,1497,8,11,-1,1,-1
201501TX20575,1,9,0,4,0,8,0,0,0,0,0,1,6,1,30,6,-1,-1,-1,-1,1,-1
201501TX20575,2,9,0,4,0,8,0,0,0,0,2,1,6,1,-1,-1,1896,2,12,-1,-1,-1
201501TX20575,3,9,0,4,0,8,0,0,0,0,3,1,2,2,51,8,1596,1,9,-1,1,-1
201501TX20576,1,1,0,5,0,8,0,0,0,0,3,1,6,1,56,9,-1,-1,-1,-1,1,-1
201501TX20576,2,9,0,7,0,8,0,0,0,0,1,1,6,2,-1,-1,1598,1,13,-1,-1,-1
201501TX20577,1,9,0,2,0,0,0,0,0,0,3,1,6,2,36,7,2497,2,8,-1,1,-1
201501TX20577,2,9,0,14,0,0,0,4,0,0,4,1,6,2,-1,-1,1968,2,2,-1,-1,-1
201501TX20580,1,9,0,3,0,8,0,0,0,0,2,1,2,1,41,7,1995,2,3,-1,1,-1
201501TX20580,2,9,0,18,0,8,0,0,0,0,1,1,6,1,37,7,1590,1,15,-1,1,-1
201501TX20581,1,9,0,9,0,8,0,0,1,0,2,1,6,1,54,8,1998,1,11,-1,1,-1
201501TX20581,2,3,0,18,0,8,0,0,0,0,1,1,6,2,25,5,471,1,-1,-1,1,-1
201501TX20582,1,9,0,9,0,8,0,0,0,0,2,1,2,1,25,5,1995,2,11,-1,1,-1
201501TX20582,2,9,0,18,0,8,0,0,0,0,1,1,6,1,-1,-1,-1,-1,-1,-1,-1,-1
201501TX20584,1,19,0,4,0,0,0,0,0,0,2,1,1,1,20,4,2198,2,7,-1,1,-1
201501TX20584,2,9,0,18,0,0,0,0,0,0,1,1,6,2,25,5,1364,1,7,-1,1,-1
201501TX20585,1,9,0,18,0,0,0,0,0,0,1,1,6,1,26,6,2979,1,8,-1,1,-1
201501TX20585,2,9,0,4,0,0,0,0,0,0,2,1,6,1,21,5,1242,1,12,-1,1,-1
201501TX20587,1,19,0,2,0,0,0,0,0,0,3,1,1,1,51,8,2198,2,7,-1,1,-1
201501TX20587,2,1,0,14,0,0,0,4,0,0,1,1,1,1,50,8,-1,-1,-1,-1,1,-1
201501TX20588,1,9,0,5,0,8,0,0,0,0,3,1,6,2,29,6,1496,2,-1,-1,1,-1
201501TX20588,2,9,0,9,0,8,0,0,0,0,1,1,6,1,46,8,2148,2,11,-1,1,-1
201501TX20589,1,1,0,4,0,0,0,0,0,0,0,1,2,1,53,8,-1,-1,-1,-1,1,-1
201501TX20589,2,3,0,4,0,0,0,0,0,0,0,1,1,1,18,4,124,1,8,-1,1,-1
201501TX20591,1,9,0,4,0,0,0,0,0,0,2,1,2,1,33,6,1395,1,2,-1,1,-1
201501TX20591,2,9,0,4,0,0,0,0,0,0,1,1,2,2,24,5,1389,1,17,-1,1,-1
201501TX20592,1,9,0,18,0,1,0,0,0,0,2,1,6,2,42,7,-1,-1,-1,-1,1,-1
201501TX20592,2,9,0,18,0,1,0,0,0,0,1,1,6,2,-1,-1,3700,1,10,-1,-1,-1
201501TX20592,3,9,0,18,0,1,0,0,0,0,2,1,6,2,-1,-1,1229,1,3,-1,1,-1
201501TX20593,1,5,0,18,0,0,0,0,0,0,1,1,6,1,49,8,1200,1,9,-1,1,-1
201501TX20593,2,9,0,4,0,0,0,0,1,0,3,1,6,1,56,9,999,1,16,-1,1,-1
201501TX20594,1,9,0,18,0,8,0,0,0,0,4,1,6,1,80,11,898,1,1,-1,1,-1