Accident_Index,Vehicle_Reference,Vehicle_Type,Towing_and_Articulation,Vehicle_Manoeuvre,Vehicle_Location-Restricted_Lane,Junction_Location,Skidding_and_Overturning,Hit_Object_in_Carriageway,Vehicle_Leaving_Carriageway,Hit_Object_off_Carriageway,1st_Point_of_Impact,Was_Vehicle_Left_Hand_Drive?,Journey_Purpose_of_Driver,Sex_of_Driver,Age_of_Driver,Age_Band_of_Driver,Engine_Capacity_(CC),Propulsion_Code,Age_of_Vehicle,Driver_IMD_Decile,Driver_Home_Area_Type,Vehicle_IMD_Decile
201501VK30075,1,2,0,15,0,1,0,0,0,0,1,1,1,1,19,4,108,1,1,-1,-1,-1
201501VK30075,2,9,0,9,0,1,0,0,0,0,4,1,6,1,48,8,2156,1,19,-1,1,-1
201501VK30076,1,1,0,18,0,8,0,0,0,0,4,1,6,1,20,4,-1,-1,-1,-1,3,-1
201501VK30076,2,9,0,9,0,8,0,0,0,0,1,1,6,1,74,10,1339,1,4,-1,1,-1
201501VK30080,1,9,0,9,0,8,0,0,0,0,4,1,6,2,47,8,1124,1,12,-1,1,-1
201501VK30080,2,1,0,18,0,8,0,0,0,0,1,1,6,1,26,6,-1,-1,-1,-1,1,-1
201501VK30081,1,9,0,4,0,8,0,0,0,0,1,1,2,1,28,6,1124,1,15,-1,1,-1
201501VK30081,2,1,0,18,0,8,0,0,0,0,4,1,6,1,30,6,-1,-1,-1,-1,1,-1
201501VK30082,1,8,0,4,0,8,0,0,0,0,1,1,1,1,38,7,-1,-1,-1,-1,1,-1
201501VK30084,1,5,0,18,0,0,0,0,0,0,1,1,2,1,44,7,599,1,14,-1,1,-1
201501VK30084,2,9,0,4,0,0,0,0,0,0,2,1,2,2,50,8,4367,2,3,-1,1,-1
201501VK30084,3,9,0,4,0,0,0,0,0,0,2,1,2,1,29,6,-1,-1,-1,-1,1,-1
201501VK30084,4,9,0,4,0,0,0,0,0,0,1,1,2,1,-1,-1,2461,2,7,-1,3,-1
201501VK30084,5,9,0,4,0,0,0,0,0,0,1,1,2,1,27,6,-1,-1,-1,-1,3,-1
201501VK30085,1,9,0,18,0,1,0,0,0,0,1,1,6,2,79,11,1598,1,14,-1,1,-1
201501VK30087,1,9,0,12,0,8,1,0,0,0,1,1,6,1,61,9,1796,1,5,-1,1,-1
201501VK30087,2,9,0,11,0,8,1,0,1,0,3,1,6,1,42,7,3799,1,5,-1,1,-1
201501VK30088,1,9,0,4,0,1,0,0,0,0,2,1,2,2,41,7,1598,1,1,-1,-1,-1
201501VK30088,2,3,0,18,0,1,0,0,0,0,1,1,6,1,26,6,649,1,11,-1,1,-1
201501VK30089,1,11,0,4,0,0,0,0,0,0,0,1,1,1,50,8,4500,2,6,-1,1,-1
201501VK30090,1,8,0,9,0,8,0,0,0,0,4,1,1,1,46,8,1339,8,5,-1,1,-1
201501VK30090,2,9,0,18,0,8,0,0,0,0,1,1,3,2,30,6,1998,1,11,-1,1,-1
201501VK30091,1,9,0,3,0,0,0,0,0,0,2,1,2,2,24,5,1242,1,9,-1,1,-1
201501VK30091,2,9,0,4,0,0,0,0,0,0,1,1,2,2,-1,-1,1595,1,4,-1,-1,-1
201501VK30092,1,9,0,9,0,8,0,0,0,0,3,1,2,2,22,5,1299,1,13,-1,1,-1
201501VK30092,2,3,0,18,0,1,0,0,0,0,1,1,6,1,-1,-1,124,1,1,-1,1,-1
201501VK30093,1,9,0,7,0,8,0,0,0,0,2,1,2,1,20,4,1198,1,9,-1,1,-1
201501VK30093,2,1,0,7,0,8,0,0,0,0,1,1,2,1,34,6,-1,-1,-1,-1,1,-1
201501VK30095,1,9,0,18,0,0,0,0,0,0,1,1,2,2,19,4,-1,-1,-1,-1,1,-1
201501VK30095,2,9,0,18,0,0,0,0,0,0,1,1,1,1,-1,-1,998,1,15,-1,1,-1
201501VK30095,3,11,0,3,0,0,0,0,0,0,2,1,1,1,27,6,-1,-1,-1,-1,1,-1
201501VK30096,1,9,0,18,0,0,0,0,0,0,1,1,4,2,47,8,1198,1,4,-1,1,-1
201501VK30097,1,9,0,18,0,0,0,0,0,0,2,1,2,2,27,6,998,1,2,-1,1,-1
201501VK30097,2,9,0,4,0,0,0,0,0,0,1,1,2,1,25,5,1198,1,7,-1,-1,-1
201501VK30099,1,1,0,18,0,0,0,0,1,0,3,1,6,2,36,7,-1,-1,-1,-1,1,-1
201501VK30099,2,9,0,13,0,0,0,0,2,10,4,1,4,2,-1,-1,1998,1,10,-1,1,-1
201501VK30100,1,1,0,18,0,8,0,0,1,0,1,1,2,1,42,7,-1,-1,-1,-1,1,-1
201501VK30100,2,19,5,7,0,8,0,0,0,0,4,1,1,1,-1,-1,-1,-1,-1,-1,-1,-1
201501VK30101,1,9,0,18,0,0,0,0,0,0,4,1,6,2,35,6,1598,2,2,-1,1,-1
201501VK30101,2,9,0,18,0,0,0,0,0,0,3,1,6,2,-1,-1,1299,1,7,-1,-1,-1
201501VK30104,1,5,0,9,0,8,0,0,0,0,4,1,2,1,52,8,1050,1,8,-1,1,-1
201501VK30104,2,9,0,18,0,1,0,0,0,0,1,1,2,2,37,7,1995,2,4,-1,1,-1
201501VK30105,1,11,0,4,0,0,0,0,0,0,0,1,1,1,39,7,9000,2,6,-1,1,-1
201501VK30106,1,3,0,18,0,1,0,0,0,0,4,1,6,1,44,7,-1,-1,-1,-1,1,-1
201501VK30106,2,9,0,15,0,1,0,0,0,0,1,1,6,1,25,5,1598,1,13,-1,1,-1
201501VK30107,1,3,0,9,0,8,0,0,0,0,3,1,1,1,41,7,125,1,2,-1,2,-1
201501VK30107,2,9,0,9,0,8,0,0,0,0,1,1,6,2,75,10,1900,2,9,-1,1,-1
201501VK30108,1,9,0,8,0,1,0,0,0,0,2,1,6,2,37,7,1397,1,13,-1,1,-1
201501VK30108,2,9,0,18,0,1,0,0,0,0,1,1,6,1,-1,-1,1598,1,11,-1,-1,-1
201501VK30109,1,9,0,7,0,8,0,4,0,0,1,1,2,1,28,6,1299,1,13,-1,1,-1
201501VK30109,2,9,0,2,0,8,0,0,0,0,2,1,2,1,41,7,1968,2,5,-1,1,-1
201501VK30110,1,9,0,9,0,8,0,0,0,0,3,1,6,1,49,8,1999,1,5,-1,1,-1
201501VK30110,2,3,0,18,0,8,0,0,0,0,1,1,6,1,40,7,125,1,6,-1,1,-1
201501VK30111,1,9,0,3,0,0,0,0,0,0,2,1,2,2,31,6,998,1,2,-1,1,-1
201501VK30111,2,9,0,4,0,0,0,0,0,0,1,1,2,2,-1,-1,1596,1,14,-1,-1,-1
201501VK30112,1,9,0,18,0,0,0,10,1,7,3,1,6,2,44,7,1587,1,18,-1,1,-1
201501VK30113,1,1,0,17,0,0,0,0,0,0,1,1,2,2,36,7,-1,-1,-1,-1,-1,-1
201501VK30113,2,19,0,9,0,0,0,0,1,0,1,1,2,1,-1,-1,-1,-1,-1,-1,-1,-1
201501VK30114,1,19,0,9,0,8,0,0,0,0,3,2,2,1,25,5,1753,2,7,-1,1,-1
201501VK30114,2,3,0,9,0,8,0,0,0,0,1,1,1,1,19,4,124,1,1,-1,1,-1
201501VK30115,1,1,0,18,0,0,0,0,0,0,1,1,6,3,-1,-1,-1,-1,-1,-1,-1,-1
201501VK30116,1,1,0,17,0,8,0,0,0,0,1,1,6,1,-1,-1,-1,-1,-1,-1,-1,-1
201501VK30117,1,9,0,18,0,0,0,0,0,0,2,1,2,1,21,5,-1,-1,-1,-1,-1,-1
201501VK30117,2,9,0,18,0,0,0,0,0,0,1,1,6,1,31,6,2143,2,2,-1,1,-1
201501VK30118,1,1,0,18,0,0,0,0,0,0,0,1,6,1,37,7,-1,-1,-1,-1,-1,-1
201501VK30119,1,9,0,3,0,0,0,0,0,0,2,1,2,2,31,6,1968,2,-1,-1,1,-1
201501VK30119,2,9,0,18,0,0,0,0,0,0,1,1,6,1,-1,-1,1994,1,12,-1,-1,-1
201501VK30120,1,9,0,6,0,1,0,0,0,0,3,1,6,2,43,7,1289,1,16,-1,1,-1
201501VK30120,2,3,0,14,0,1,0,0,0,0,1,1,1,1,21,5,124,1,5,-1,2,-1
201501VK30122,1,9,0,18,0,0,0,0,0,0,4,1,6,3,-1,-1,-1,-1,-1,-1,-1,-1
201501VK30123,1,9,0,9,0,0,0,0,0,0,1,1,6,1,-1,-1,2143,2,4,-1,1,-1
201501VK30123,2,5,0,18,0,0,0,0,0,0,1,1,6,1,27,6,599,1,12,-1,1,-1
201501VK30124,1,19,0,13,0,8,0,0,0,0,1,1,1,1,33,6,5880,2,11,-1,1,-1
201501VK30124,2,1,0,9,0,8,0,0,0,0,2,1,2,1,33,6,-1,-1,-1,-1,1,-1
201501VK30125,1,1,0,17,0,8,0,0,0,0,3,1,2,2,27,6,-1,-1,-1,-1,1,-1
201501VK30125,2,9,0,16,0,8,0,0,0,0,1,1,6,1,-1,-1,-1,-1,-1,-1,-1,-1
201501VK30126,1,9,0,3,0,0,0,0,0,0,2,1,6,1,31,6,1339,1,13,-1,1,-1
201501VK30126,2,9,0,18,0,0,0,0,0,0,1,1,6,1,-1,-1,-1,-1,-1,-1,1,-1
201501VK30128,1,9,0,18,0,8,0,0,0,0,1,1,6,1,61,9,2996,1,3,-1,-1,-1
201501VK30129,1,9,0,9,0,8,0,0,0,0,4,1,6,1,59,9,1339,1,4,-1,1,-1
201501VK30129,2,3,0,18,0,8,0,0,0,0,1,1,6,1,21,5,125,1,4,-1,1,-1
201501VK30131,1,2,0,14,0,8,0,0,0,0,1,1,2,2,37,7,125,1,2,-1,1,-1
201501VK30131,2,19,0,9,0,8,0,0,0,0,3,1,6,1,-1,-1,-1,-1,-1,-1,-1,-1
201501VK30132,1,9,0,3,0,8,0,0,0,0,2,1,6,2,52,8,1587,1,13,-1,1,-1
201501VK30132,2,9,0,4,0,8,0,0,0,0,1,1,6,1,-1,-1,-1,-1,-1,-1,-1,-1
201501VK30133,1,11,0,4,0,8,0,0,0,0,0,1,1,1,63,9,4500,2,6,-1,1,-1
201501VK30135,1,9,0,3,0,8,0,0,0,0,2,1,2,2,25,5,1390,1,2,-1,1,-1
201501VK30135,2,9,0,18,0,8,0,0,0,0,1,1,6,1,-1,-1,1595,1,2,-1,-1,-1
201501VK30136,1,1,0,18,0,8,0,0,0,0,1,1,6,1,37,7,-1,-1,-1,-1,1,-1
201501VK30136,2,9,0,9,0,8,0,0,0,0,1,1,6,1,49,8,1797,8,5,-1,1,-1
201501VK30138,1,5,0,18,0,8,0,0,0,0,1,1,6,1,36,7,805,1,16,-1,1,-1
201501VK30138,2,9,0,9,0,8,0,0,0,0,4,1,6,1,47,8,1896,2,12,-1,1,-1
201501VK30139,1,9,0,18,0,0,0,0,0,0,2,1,6,1,43,7,1598,1,5,-1,1,-1
201501VK30139,2,9,0,1,0,0,0,0,0,0,4,1,6,2,58,9,1560,2,8,-1,1,-1
201501VK30139,3,9,0,2,0,0,0,0,0,0,4,1,6,1,-1,-1,1968,2,3,-1,1,-1
201501VK30140,1,9,0,9,0,8,0,0,0,0,3,1,2,2,27,6,1368,1,9,-1,1,-1
201501VK30140,2,3,0,13,0,8,0,0,0,0,1,1,6,1,-1,-1,-1,-1,-1,-1,-1,-1
201501VK30141,1,9,0,9,0,1,0,0,0,0,1,1,1,2,36,7,1198,1,9,-1,1,-1
201501VK30141,2,1,0,18,0,1,0,0,0,0,1,1,1,1,30,6,-1,-1,-1,-1,1,-1
201501VK30142,1,9,0,18,0,8,0,0,0,0,2,1,6,2,58,9,1598,1,6,-1,1,-1
201501VK30142,2,9,0,18,0,8,0,0,0,0,2,1,6,1,42,7,1895,1,17,-1,1,-1
201501VK30142,3,9,0,18,0,8,0,0,0,0,1,1,6,1,33,6,1560,2,2,-1,-1,-1
201501VK30143,1,1,0,18,0,8,0,0,0,0,3,1,6,1,25,5,-1,-1,-1,-1,1,-1
201501VK30143,2,9,0,18,0,8,0,0,0,0,4,1,6,1,-1,-1,1598,1,11,-1,-1,-1
201501VK30145,1,9,0,17,0,8,0,0,0,0,1,1,6,3,-1,-1,-1,-1,-1,-1,-1,-1
201501VK30146,1,9,0,9,0,8,0,0,0,0,1,1,2,1,21,5,1395,1,-1,-1,1,-1
201501VK30146,2,1,0,18,0,8,0,0,0,0,1,1,2,1,41,7,-1,-1,-1,-1,-1,-1
201501VK30147,1,11,0,5,0,8,0,0,0,0,0,1,1,1,43,7,4461,2,2,-1,1,-1
201501VK30150,1,9,0,3,0,2,0,0,0,0,2,1,6,2,32,6,1199,2,3,-1,1,-1
201501VK30150,2,9,0,18,0,2,0,0,0,0,2,1,6,1,38,7,1299,1,9,-1,1,-1
201501VK30150,3,9,0,18,0,8,0,0,0,0,1,1,6,2,53,8,1197,1,1,-1,1,-1
201501VK30151,1,11,0,2,0,0,0,0,0,0,0,1,6,1,29,6,6700,2,3,-1,1,-1
201501VK30152,1,9,0,18,0,0,0,0,0,0,3,1,6,1,-1,-1,1995,2,1,-1,1,-1
201501VK30152,2,9,0,18,0,0,0,0,0,0,4,1,6,1,-1,-1,1596,1,9,-1,1,-1
201501VK30153,1,9,0,18,0,8,0,0,0,0,4,1,6,2,33,6,3200,2,8,-1,1,-1
201501VK30153,2,1,0,9,0,8,0,0,0,0,1,1,6,1,61,9,-1,-1,-1,-1,1,-1
201501VK30154,1,9,0,7,0,8,0,0,0,0,2,1,6,1,26,6,1598,1,14,-1,1,-1
201501VK30154,2,19,0,18,0,8,0,0,0,0,1,1,1,1,-1,-1,2198,2,4,-1,-1,-1
201501VK30155,1,9,0,18,0,8,0,0,0,0,1,1,6,1,73,10,2987,2,2,-1,1,-1
201501VK30156,1,1,0,18,0,8,0,0,0,0,3,1,6,1,35,6,-1,-1,-1,-1,1,-1
201501VK30156,2,9,0,18,0,8,0,0,0,0,4,1,6,1,36,7,-1,-1,-1,-1,1,-1
201501VK30157,1,11,0,4,0,8,0,0,0,0,0,1,6,1,62,9,6700,2,6,-1,1,-1
201501VK30158,1,19,0,9,0,8,0,0,0,0,4,1,1,1,22,5,2143,2,2,-1,-1,-1
201501VK30158,2,5,0,18,0,8,0,0,0,0,3,1,1,1,57,9,600,1,10,-1,1,-1
201501VK30159,1,19,0,18,0,8,0,0,0,0,2,1,1,1,30,6,1870,2,10,-1,1,-1
201501VK30159,2,9,0,18,0,8,0,0,0,0,1,1,6,3,-1,-1,-1,-1,-1,-1,-1,-1
201501VK30161,1,9,0,18,0,0,0,0,0,0,2,1,6,1,36,7,1896,2,11,-1,1,-1
201501VK30161,2,9,0,18,0,0,0,0,0,0,1,1,6,1,-1,-1,998,1,-1,-1,1,-1
201501VK30162,1,9,0,18,0,8,0,0,0,0,1,1,6,1,24,5,1599,1,7,-1,1,-1
201501VK30163,1,1,0,10,0,8,0,0,0,0,1,1,6,1,44,7,-1,-1,-1,-1,1,-1
201501VK30163,2,9,0,9,0,8,0,0,0,0,1,1,6,2,40,7,1896,2,15,-1,1,-1
201501VK30164,1,11,0,17,0,0,0,0,0,0,0,1,1,2,43,7,9000,2,6,-1,1,-1
201501VK30165,1,5,0,18,0,8,0,0,0,0,1,1,6,1,24,5,645,1,7,-1,1,-1
201501VK30165,2,9,0,9,0,8,0,0,0,0,4,1,6,1,18,4,1199,1,14,-1,1,-1
201501VK30166,1,9,0,10,0,8,0,0,0,0,1,1,6,2,49,8,1598,1,6,-1,1,-1
201501VK30166,2,3,0,18,0,8,0,0,0,0,4,1,6,1,36,7,125,1,3,-1,-1,-1
201501VK30166,3,8,0,9,0,8,0,0,0,0,1,1,6,1,31,6,2987,2,4,-1,1,-1
201501VK30167,1,9,0,18,0,0,0,0,0,0,4,1,6,1,80,11,-1,-1,-1,-1,1,-1
201501VK30168,1,9,0,4,0,8,0,0,0,0,2,1,6,1,50,8,1769,1,16,-1,1,-1
201501VK30168,2,9,0,18,0,8,0,0,0,0,1,1,6,1,19,4,1360,1,5,-1,1,-1
201501VK30169,1,9,0,9,0,8,0,0,0,0,3,1,6,1,50,8,1796,1,11,-1,1,-1
201501VK30169,2,9,0,13,0,8,0,0,0,0,4,1,1,1,57,9,1968,2,3,-1,1,-1
201501VK30170,1,19,0,9,0,8,0,0,0,0,0,1,1,1,56,9,2402,2,11,-1,1,-1
201501VK30170,2,1,0,4,0,8,1,0,0,0,0,1,2,1,42,7,-1,-1,-1,-1,1,-1
201501VK30172,1,9,0,18,0,8,0,0,0,0,1,1,6,1,18,4,1197,1,-1,-1,1,-1
201501VK30172,2,9,0,9,0,8,0,10,3,10,4,1,6,2,25,5,1598,1,9,-1,1,-1
201501VK30174,1,9,0,5,0,0,0,0,0,0,3,1,2,2,42,7,1339,1,6,-1,1,-1
201501VK30174,2,1,0,13,0,0,0,0,0,0,1,1,2,1,45,7,-1,-1,-1,-1,1,-1
201501VK30175,1,11,0,4,0,8,0,0,0,0,0,1,1,1,45,7,9360,2,7,-1,1,-1
201501VK30175,2,1,0,16,0,8,0,0,0,0,0,1,6,1,-1,-1,-1,-1,-1,-1,-1,-1
201501VK30176,1,3,0,3,0,8,0,0,0,0,2,1,6,1,35,6,124,1,-1,-1,1,-1
201501VK30176,2,9,0,5,0,8,0,0,0,0,1,1,6,2,60,9,1995,2,-1,-1,1,-1
201501VK30177,1,5,0,18,0,8,0,0,0,0,1,1,1,1,22,5,675,1,5,-1,1,-1
201501VK30177,2,19,0,9,0,8,0,0,0,0,1,1,1,1,48,8,2148,2,7,-1,1,-1
201501VK30178,1,9,0,18,0,8,0,0,0,0,1,1,6,1,77,11,1461,2,10,-1,1,-1
201501VK30178,2,1,0,18,0,8,0,0,0,0,2,1,6,1,39,7,-1,-1,-1,-1,1,-1
201501VK30179,1,1,0,18,0,8,0,0,0,0,1,1,3,1,-1,-1,-1,-1,-1,-1,1,-1
201501VK30179,2,9,0,17,0,8,0,0,0,0,1,1,6,2,-1,-1,1242,1,13,-1,-1,-1
201501VK30180,1,9,0,12,0,0,0,0,5,6,3,1,2,2,26,6,1400,2,9,-1,1,-1
201501VK30180,2,9,0,12,0,0,0,0,0,0,3,1,6,3,-1,-1,-1,-1,-1,-1,-1,-1
201501VK30181,1,3,0,13,0,8,0,0,0,0,1,1,1,1,41,7,278,1,2,-1,1,-1
201501VK30181,2,9,0,9,0,7,0,0,1,0,3,1,2,1,-1,-1,1995,1,14,-1,-1,-1
201501VK30182,1,9,0,9,0,8,0,0,0,0,3,1,6,2,42,7,1600,1,17,-1,1,-1
201501VK30182,2,3,0,18,0,8,0,0,0,0,1,1,6,2,23,5,124,1,21,-1,1,-1
201501VK30183,1,9,0,5,0,8,0,0,0,0,3,1,6,1,-1,-1,1242,1,8,-1,-1,-1
201501VK30184,1,11,0,4,0,8,0,0,0,0,0,1,1,3,-1,-1,-1,-1,-1,-1,-1,-1
201501VK30185,1,9,0,3,0,8,0,0,1,0,2,1,6,1,31,6,1995,2,10,-1,1,-1
201501VK30185,2,9,0,3,0,8,0,0,0,0,2,1,6,1,62,9,1996,2,7,-1,1,-1
201501VK30185,3,9,0,18,0,8,0,0,0,0,1,1,6,1,68,10,-1,-1,-1,-1,1,-1
201501VK30187,1,1,0,14,0,0,0,4,0,0,4,1,1,2,47,8,-1,-1,-1,-1,1,-1
201501VK30187,2,19,0,2,0,0,0,0,0,0,3,1,1,1,-1,-1,-1,-1,-1,-1,-1,-1
201501VK30188,1,9,0,9,0,8,0,0,0,0,2,1,6,1,26,6,1598,1,3,-1,1,-1
201501VK30188,2,9,0,18,0,8,0,0,0,0,1,1,6,1,21,5,1596,1,9,-1,2,-1
201501VK30189,1,1,0,17,0,8,0,0,0,0,1,1,6,1,26,6,-1,-1,-1,-1,1,-1
201501VK30189,2,9,0,18,0,8,0,0,0,0,1,1,6,2,-1,-1,1242,1,2,-1,-1,-1
201501VK30190,1,9,0,18,0,0,0,0,1,0,4,1,2,2,-1,-1,-1,-1,-1,-1,-1,-1
201501VK30192,1,9,0,2,0,8,0,0,0,0,3,1,6,1,38,7,-1,-1,-1,-1,1,-1
201501VK30192,2,1,0,4,0,8,0,0,0,0,1,1,6,2,46,8,-1,-1,-1,-1,1,-1
201501VK30193,1,9,0,4,0,0,0,0,0,0,2,1,6,1,46,8,1461,2,8,-1,1,-1
201501VK30193,2,9,0,18,0,0,0,0,0,0,1,1,6,1,-1,-1,-1,-1,-1,-1,-1,-1
201501VK30195,1,9,0,18,0,8,0,7,7,1,1,1,2,2,60,9,998,1,5,-1,1,-1
201501VK30195,2,9,0,18,0,8,0,0,0,0,1,1,2,1,57,9,1998,2,12,-1,1,-1
201501VK30196,1,3,0,18,0,0,0,0,0,0,1,1,6,1,21,5,-1,-1,-1,-1,1,-1
201501VK30197,1,19,0,9,0,8,0,0,0,0,3,1,6,1,34,6,1968,2,10,-1,-1,-1
201501VK30197,2,2,0,18,0,8,0,0,0,0,1,1,6,1,29,6,-1,-1,-1,-1,1,-1
201501VK30198,1,11,0,4,0,8,0,0,0,0,0,1,6,1,50,8,6370,2,3,-1,1,-1
201501VK30199,1,9,0,18,0,8,0,0,0,0,2,1,6,1,32,6,1596,1,2,-1,1,-1
201501VK30199,2,9,0,12,0,8,0,0,0,0,1,1,6,2,44,7,1968,2,8,-1,1,-1
201501VK30200,1,90,0,2,0,0,0,0,0,0,2,1,1,2,24,5,2686,2,10,-1,1,-1
201501VK30200,2,1,0,18,0,0,0,4,0,0,1,1,2,1,70,10,-1,-1,-1,-1,1,-1
201501VK30201,1,11,0,3,0,8,0,0,0,0,0,1,1,2,40,7,4500,2,8,-1,-1,-1
201501VK30202,1,3,0,13,0,8,0,0,0,0,1,1,6,1,17,4,124,1,-1,-1,1,-1
201501VK30202,2,19,0,9,0,8,0,0,0,0,1,1,1,1,50,8,2143,2,4,-1,1,-1
201501VK30203,1,9,0,1,0,8,0,0,0,0,2,1,6,1,26,6,1968,2,2,-1,1,-1
201501VK30205,1,11,0,4,0,8,0,0,0,0,0,1,6,2,41,7,4500,2,8,-1,1,-1
201501VK30206,1,1,0,18,0,2,0,0,0,0,1,1,6,1,25,5,-1,-1,-1,-1,1,-1
201501VK30208,1,9,0,18,0,0,0,0,1,0,1,1,6,1,29,6,1995,1,11,-1,1,-1
201501VK30209,1,1,0,18,0,0,0,0,0,0,1,1,2,1,41,7,-1,-1,-1,-1,1,-1
201501VK30209,2,9,0,4,0,0,0,0,0,0,4,1,3,1,-1,-1,2151,2,12,-1,-1,-1
201501VK30210,1,19,0,9,0,8,0,0,0,0,4,1,2,2,57,9,1870,2,12,-1,1,-1
201501VK30210,2,1,0,5,0,8,0,0,0,0,1,1,2,2,50,8,-1,-1,-1,-1,1,-1
201501VK30212,1,11,0,4,0,0,0,0,0,0,0,1,1,1,54,8,8268,2,13,-1,1,-1
201501VK30213,1,9,0,9,0,8,0,0,0,0,1,1,6,1,35,6,1598,1,5,-1,1,-1
201501VK30213,2,8,0,3,0,8,0,0,0,0,2,1,1,1,55,8,1242,1,4,-1,1,-1
201501VK30214,1,9,0,4,0,0,0,0,1,0,1,1,2,2,21,5,1798,1,2,-1,1,-1
201501VK30214,2,9,0,7,0,0,0,0,1,0,1,1,6,2,23,5,1240,1,12,-1,1,-1
201501VK30215,1,9,0,1,0,2,0,0,0,0,2,1,6,2,42,7,1388,1,12,-1,1,-1
201501VK30216,1,8,0,1,0,0,0,0,1,0,3,1,1,1,53,8,1896,2,9,-1,1,-1
201501VK30216,2,11,0,18,0,0,0,0,0,0,1,1,1,1,-1,-1,-1,-1,-1,-1,-1,-1
201501VK30218,1,9,0,18,0,8,1,10,1,1,1,1,6,2,26,6,1995,2,5,-1,1,-1
201501VK30219,1,9,0,9,0,8,0,0,0,0,1,1,2,2,35,6,1991,2,6,-1,1,-1
201501VK30219,2,9,0,18,0,8,0,0,0,0,1,1,6,3,-1,-1,-1,-1,-1,-1,-1,-1
201501VK30221,1,11,0,7,0,8,0,0,0,0,0,1,1,1,40,7,8268,2,14,-1,1,-1
201501VK30222,1,9,0,4,0,0,0,0,0,0,1,1,6,1,-1,-1,1388,1,11,-1,-1,-1
201501VK30223,1,8,0,4,0,0,0,0,0,0,4,1,1,1,55,8,1990,1,9,-1,1,-1
201501VK30225,1,8,0,9,0,8,0,0,0,0,3,1,1,1,37,7,1598,1,6,-1,1,-1
201501VK30225,2,1,0,18,0,8,0,0,1,0,1,1,2,1,26,6,-1,-1,-1,-1,1,-1
201501VK30228,1,9,0,18,0,8,0,0,0,0,3,1,6,1,22,5,1598,1,8,-1,1,-1
201501VK30228,2,9,0,9,0,8,0,0,1,0,1,1,6,1,-1,-1,1598,2,1,-1,-1,-1
201501VK30229,1,1,0,18,0,2,0,0,0,0,3,1,6,1,20,4,-1,-1,-1,-1,1,-1
201501VK30229,2,9,0,13,0,2,0,0,0,0,1,1,6,3,-1,-1,-1,-1,-1,-1,-1,-1
201501VK30230,1,9,0,18,0,8,0,0,0,0,1,1,6,2,27,6,1769,1,10,-1,1,-1
201501VK30230,2,2,0,11,0,8,0,0,0,0,4,1,6,1,24,5,124,1,7,-1,1,-1
201501VK30231,1,9,0,7,0,8,0,0,0,0,1,1,6,1,20,4,-1,-1,-1,-1,2,-1
201501VK30232,1,9,0,4,0,0,0,0,0,0,2,1,6,2,55,8,1995,2,3,-1,1,-1
201501VK30232,2,9,0,18,0,0,0,0,0,0,1,1,6,1,46,8,-1,-1,-1,-1,1,-1
201501VK30233,1,9,0,7,0,8,0,0,0,0,4,1,6,2,38,7,1590,1,12,-1,1,-1
201501VK30233,2,3,0,18,0,8,0,0,0,0,1,1,6,1,19,4,125,1,5,-1,1,-1
201501VK30234,1,9,0,18,0,8,0,0,1,0,1,1,6,1,37,7,1997,2,6,-1,1,-1
201501VK30236,1,1,0,4,0,0,0,0,0,0,0,1,6,1,41,7,-1,-1,-1,-1,1,-1
201501VK30237,1,4,0,6,0,8,0,0,0,0,2,1,1,1,29,6,-1,-1,-1,-1,1,-1
201501VK30237,2,19,0,4,0,8,1,0,1,0,1,1,6,1,38,7,-1,-1,-1,-1,-1,-1
201501VK30238,1,9,0,16,0,8,0,0,0,0,4,1,1,1,40,7,-1,-1,-1,-1,-1,-1
201501VK30239,1,9,0,9,0,8,0,0,0,0,1,1,1,1,57,9,-1,-1,-1,-1,2,-1
201501VK30239,2,1,0,18,0,8,0,0,0,0,1,1,1,2,40,7,-1,-1,-1,-1,1,-1
201501VK30240,1,1,0,5,0,8,0,0,0,0,3,1,2,1,44,7,-1,-1,-1,-1,1,-1
201501VK30240,2,19,0,13,0,8,0,0,0,0,4,1,1,3,-1,-1,-1,-1,-1,-1,-1,-1
201501VK30241,1,9,0,9,0,8,0,0,0,0,4,1,6,1,50,8,1242,1,15,-1,1,-1
201501VK30241,2,1,0,18,0,8,0,0,0,0,1,1,6,1,44,7,-1,-1,-1,-1,1,-1
201501VK30242,1,9,0,18,0,0,0,0,0,0,1,1,6,3,-1,-1,-1,-1,-1,-1,-1,-1
201501VK30244,1,9,0,9,0,8,0,0,1,0,0,1,6,1,76,11,1598,2,4,-1,1,-1
201501VK30244,2,3,0,18,0,8,0,0,0,0,0,1,6,1,42,7,124,1,13,-1,1,-1
201501VK30246,1,9,0,3,0,0,0,0,0,0,2,1,6,1,71,10,1596,1,7,-1,1,-1
201501VK30246,2,1,0,18,0,0,0,0,0,0,1,1,6,1,-1,-1,-1,-1,-1,-1,-1,-1
201501VK30248,1,9,0,9,0,8,0,0,0,0,1,1,6,1,31,6,-1,-1,-1,-1,1,-1
201501VK30248,2,9,0,18,0,8,0,0,0,0,3,1,6,1,23,5,-1,-1,-1,-1,1,-1
201501VK30249,1,9,0,18,0,8,0,0,0,0,4,1,6,2,82,11,-1,-1,-1,-1,1,-1
201501VK30249,2,9,0,7,0,8,0,0,0,0,1,1,6,2,-1,-1,-1,-1,-1,-1,1,-1
201501VK30251,1,9,0,2,0,0,0,0,0,0,3,1,6,2,25,5,1499,1,-1,-1,-1,-1
201501VK30251,2,1,0,14,0,0,0,4,0,0,4,1,6,2,55,8,-1,-1,-1,-1,1,-1
201501VK30252,1,1,0,13,0,8,0,0,1,0,4,1,6,1,27,6,-1,-1,-1,-1,1,-1
201501VK30252,2,8,0,9,0,8,0,0,0,0,3,1,1,1,-1,-1,1686,2,4,-1,-1,-1