Accident_Index,Vehicle_Reference,Vehicle_Type,Towing_and_Articulation,Vehicle_Manoeuvre,Vehicle_Location-Restricted_Lane,Junction_Location,Skidding_and_Overturning,Hit_Object_in_Carriageway,Vehicle_Leaving_Carriageway,Hit_Object_off_Carriageway,1st_Point_of_Impact,Was_Vehicle_Left_Hand_Drive?,Journey_Purpose_of_Driver,Sex_of_Driver,Age_of_Driver,Age_Band_of_Driver,Engine_Capacity_(CC),Propulsion_Code,Age_of_Vehicle,Driver_IMD_Decile,Driver_Home_Area_Type,Vehicle_IMD_Decile
201501WW50218,2,5,0,18,0,0,0,0,0,0,1,1,6,3,-1,-1,-1,-1,-1,-1,-1,-1
201501WW50220,1,1,0,18,0,8,0,0,0,0,1,1,6,2,38,7,-1,-1,-1,-1,1,-1
201501WW50220,2,9,0,9,0,8,0,0,0,0,1,1,6,1,-1,-1,-1,-1,-1,-1,-1,-1
201501WW50222,1,9,0,18,0,8,0,0,0,0,1,1,6,1,38,7,1796,1,16,-1,1,-1
201501WW50222,2,9,0,9,0,8,0,0,0,0,1,1,6,1,38,7,1896,2,6,-1,1,-1
201501WW50223,1,4,0,16,0,2,0,0,0,0,1,1,6,1,19,4,124,1,5,-1,1,-1
201501WW50224,1,5,0,18,0,8,0,0,0,0,1,1,6,1,26,6,600,1,9,-1,1,-1
201501WW50224,2,9,0,6,0,8,0,0,0,0,3,1,6,1,22,5,1796,1,10,-1,1,-1
201501WW50225,1,9,0,9,0,8,0,0,0,0,1,1,1,2,50,8,1895,1,14,-1,1,-1
201501WW50226,1,9,0,8,0,0,0,0,0,0,2,1,6,1,53,8,1896,2,12,-1,1,-1
201501WW50226,2,9,0,16,0,0,0,0,0,0,2,1,6,1,56,9,1997,2,7,-1,1,-1
201501WW50226,3,9,0,18,0,0,0,0,0,0,1,1,6,1,28,6,988,1,30,-1,-1,-1
201501WW50227,1,9,0,4,0,8,0,0,0,0,4,1,6,1,36,7,1124,1,11,-1,1,-1
201501WW50227,2,9,0,18,0,8,0,0,0,0,3,1,6,1,30,6,1242,1,2,-1,1,-1
201501WW50227,3,1,0,18,0,8,0,0,0,0,1,1,6,1,54,8,-1,-1,-1,-1,1,-1
201501WW50228,1,9,0,16,0,8,0,0,0,0,1,1,6,2,22,5,1240,1,9,-1,1,-1
201501WW50228,2,9,0,18,0,8,0,0,0,0,3,1,6,1,30,6,-1,-1,-1,-1,-1,-1
201501WW50229,1,9,0,18,0,8,0,0,0,0,1,1,6,2,33,6,1242,1,7,-1,1,-1
201501WW50230,1,19,0,18,0,8,0,0,0,0,1,1,1,1,44,7,1896,2,10,-1,1,-1
201501WW50231,1,8,0,2,0,0,0,0,0,0,3,1,6,1,57,9,1997,2,3,-1,1,-1
201501WW50231,2,1,0,18,0,0,0,0,0,0,1,1,6,2,-1,-1,-1,-1,-1,-1,-1,-1
201501WW50232,1,9,0,18,0,8,0,0,0,0,3,1,6,1,26,6,1598,1,9,-1,1,-1
201501WW50234,1,9,0,18,0,8,0,0,0,0,1,1,6,1,50,8,1995,1,11,-1,1,-1
201501WW50235,1,5,0,18,0,0,0,0,0,0,1,1,6,1,43,7,1298,1,4,-1,1,-1
201501WW50236,1,3,0,14,0,8,0,0,0,0,1,1,6,1,33,6,125,1,8,-1,1,-1
201501WW50236,2,9,0,9,0,8,0,0,0,0,1,1,6,1,49,8,2993,2,4,-1,1,-1
201501WW50237,1,1,0,18,0,8,0,0,0,0,1,1,6,1,32,6,-1,-1,-1,-1,1,-1
201501WW50237,2,9,0,9,0,8,0,0,0,0,1,1,6,2,-1,-1,-1,-1,-1,-1,-1,-1
201501WW50238,1,8,0,12,0,8,0,0,0,0,1,1,1,1,33,6,-1,-1,-1,-1,1,-1
201501WW50238,2,9,0,18,0,8,0,0,0,0,3,1,6,1,30,6,1598,1,3,-1,1,-1
201501WW50238,3,8,0,18,0,8,0,0,0,0,3,1,6,1,60,9,1598,2,4,-1,1,-1
201501WW50238,4,8,0,18,0,8,0,0,0,0,1,1,1,1,40,7,1598,1,10,-1,1,-1
201501WW50238,5,9,0,18,0,8,0,0,0,0,1,1,6,1,29,6,1240,1,10,-1,1,-1
201501WW50239,1,1,0,18,0,8,0,0,0,0,4,1,6,1,31,6,-1,-1,-1,-1,1,-1
201501WW50239,2,9,0,9,0,8,0,0,0,0,1,1,6,1,-1,-1,1598,2,2,-1,1,-1
201501WW50240,1,9,0,10,0,8,0,0,0,0,3,1,6,2,-1,-1,2179,2,3,-1,1,-1
201501WW50240,2,1,0,7,0,8,0,0,0,0,1,1,6,1,61,9,-1,-1,-1,-1,1,-1
201501WW50241,1,21,0,7,0,8,0,0,0,0,4,1,1,1,34,6,5900,2,8,-1,1,-1
201501WW50241,2,1,0,18,0,8,0,0,0,0,1,1,6,1,31,6,-1,-1,-1,-1,-1,-1
201501WW50242,1,9,0,10,0,8,0,0,0,0,1,1,6,2,35,6,1598,1,8,-1,1,-1
201501WW50243,1,9,0,9,0,8,0,0,0,0,3,1,6,1,41,7,1797,8,3,-1,1,-1
201501WW50243,2,1,0,18,0,8,0,0,0,0,1,1,6,1,30,6,-1,-1,-1,-1,1,-1
201501WW50244,1,11,0,5,0,0,0,0,0,0,0,1,6,1,55,8,4500,2,7,-1,1,-1
201501WW50245,1,5,0,18,0,8,0,10,7,4,1,1,6,1,25,5,599,1,8,-1,1,-1
201501WW50245,2,19,0,9,0,8,0,0,0,0,3,1,6,1,25,5,1997,2,1,-1,1,-1
201501WW50246,1,19,0,7,0,8,0,0,0,0,4,1,6,1,38,7,-1,-1,-1,-1,1,-1
201501WW50246,2,3,0,18,0,8,0,0,0,0,1,1,6,1,53,8,125,1,2,-1,1,-1
201501WW50247,1,9,0,1,0,0,0,0,0,0,1,1,6,1,22,5,1781,1,13,-1,1,-1
201501WW50249,1,11,0,18,0,8,0,0,0,0,1,1,6,1,33,6,9000,2,9,-1,1,-1
201501WW50249,2,9,0,2,0,8,0,0,0,0,3,1,6,1,22,5,1769,1,11,-1,1,-1
201501WW50250,1,1,0,18,0,1,0,0,0,0,1,1,6,1,-1,-1,-1,-1,-1,-1,-1,-1
201501WW50251,1,9,0,18,0,8,0,0,0,0,1,1,6,2,68,10,1198,1,8,-1,1,-1
201501WW50252,1,1,0,9,0,8,0,0,0,0,1,1,6,1,30,6,-1,-1,-1,-1,1,-1
201501WW50252,2,9,0,17,0,8,0,0,0,0,1,1,6,3,-1,-1,-1,-1,-1,-1,-1,-1
201501WW50253,1,11,0,6,0,0,0,7,7,10,1,1,1,1,41,7,4500,2,3,-1,1,-1
201501WW50253,2,9,0,18,0,0,0,0,0,0,3,1,6,1,36,7,1496,2,1,-1,1,-1
201501WW50253,3,11,0,2,0,0,0,0,0,0,3,1,1,1,43,7,6700,2,6,-1,1,-1
201501WW50253,4,9,0,18,0,0,0,0,0,0,4,1,6,1,28,6,1995,2,1,-1,2,-1
201501WW50253,5,9,0,18,0,0,0,0,0,0,4,1,6,1,38,7,1560,2,3,-1,1,-1
201501WW50254,1,1,0,4,0,8,0,0,0,0,2,1,6,1,48,8,-1,-1,-1,-1,1,-1
201501WW50254,2,9,0,13,0,8,0,0,0,0,1,1,6,1,-1,-1,3189,1,10,-1,-1,-1
201501WW50255,1,9,0,18,0,0,0,0,0,0,2,1,6,1,24,5,1390,1,6,-1,1,-1
201501WW50255,2,9,0,13,0,0,0,0,0,0,1,1,6,3,-1,-1,-1,-1,-1,-1,-1,-1
201501WW50256,1,9,0,17,0,8,0,0,0,0,1,1,6,2,-1,-1,-1,-1,-1,-1,-1,-1
201501WW50258,1,19,0,3,0,1,0,0,0,0,4,1,6,1,53,8,2198,2,3,-1,1,-1
201501WW50258,2,1,0,18,0,8,0,10,1,2,1,1,6,2,33,6,-1,-1,-1,-1,-1,-1
201501WW50259,1,9,0,18,0,0,0,0,0,0,4,1,6,1,79,11,1997,1,2,-1,1,-1
201501WW50260,1,3,0,7,0,1,0,10,7,1,4,1,6,1,33,6,125,1,1,-1,1,-1
201501WW50263,1,9,0,9,0,8,0,0,0,0,0,1,6,1,34,6,1390,1,11,-1,1,-1
201501WW50263,2,1,0,14,0,1,0,0,0,0,1,1,6,2,43,7,-1,-1,-1,-1,1,-1
201501WW50264,1,8,0,9,0,8,0,0,0,0,1,1,1,1,42,7,2664,2,16,-1,1,-1
201501WW50264,2,1,0,18,0,8,0,0,0,0,4,1,6,1,52,8,-1,-1,-1,-1,1,-1
201501WW50265,1,4,0,14,0,1,0,0,0,0,4,1,1,1,22,5,125,1,6,-1,1,-1
201501WW50265,2,9,0,9,0,1,0,0,0,0,3,1,6,1,43,7,1799,1,20,-1,1,-1
201501WW50266,1,9,0,3,0,1,0,0,0,0,2,1,6,2,71,10,1587,1,17,-1,1,-1
201501WW50266,2,9,0,18,0,1,0,0,0,0,1,1,6,1,-1,-1,1973,1,16,-1,-1,-1
201501WW50267,1,9,0,3,0,1,0,0,0,0,2,1,6,1,34,6,2143,2,-1,-1,1,-1
201501WW50267,2,19,0,4,0,1,0,0,0,0,1,1,1,1,49,8,-1,-1,-1,-1,-1,-1
201501WW50268,1,5,0,9,0,8,0,0,0,0,1,1,1,1,37,7,656,1,10,-1,1,-1
201501WW50268,2,5,0,9,0,1,0,0,0,0,3,1,1,1,69,10,998,1,10,-1,3,-1
201501WW50269,1,1,0,5,0,1,0,0,0,0,1,1,2,1,38,7,-1,-1,-1,-1,2,-1
201501WW50269,2,9,0,7,0,1,0,0,0,0,4,1,6,1,-1,-1,1598,1,15,-1,1,-1
201501WW50270,1,19,0,9,0,8,0,0,0,0,1,1,1,1,30,6,2198,2,1,-1,1,-1
201501WW50270,2,1,0,18,0,8,0,0,0,0,1,1,6,1,32,6,-1,-1,-1,-1,1,-1
201501WW50271,1,9,0,17,0,8,0,0,0,0,3,1,6,2,21,5,1299,1,14,-1,1,-1
201501WW50271,2,5,0,17,0,8,0,0,0,0,1,1,6,1,55,8,998,1,7,-1,1,-1
201501WW50272,1,19,0,2,0,1,0,0,0,0,3,1,1,1,25,5,1560,2,3,-1,1,-1
201501WW50272,2,9,0,18,0,1,0,0,0,0,4,1,3,2,39,7,1995,1,9,-1,1,-1
201501WW50273,1,9,0,6,0,2,0,0,0,0,3,1,2,1,28,6,1968,2,5,-1,3,-1
201501WW50273,2,4,0,13,0,2,0,0,0,0,4,1,6,2,28,6,779,1,5,-1,-1,-1
201501WW50274,1,9,0,18,0,8,0,0,0,0,1,1,2,1,21,5,999,1,8,-1,1,-1
201501WW50274,2,11,0,3,0,8,0,0,0,0,2,1,1,1,37,7,-1,-1,-1,-1,1,-1
201501WW50275,1,1,0,15,0,8,0,0,0,0,1,1,6,1,22,5,-1,-1,-1,-1,1,-1
201501WW50275,2,9,0,9,0,8,0,0,0,0,1,1,6,3,-1,-1,1229,1,7,-1,-1,-1
201501WW50276,1,1,0,9,0,8,0,0,0,0,1,1,6,2,44,7,-1,-1,-1,-1,1,-1
201501WW50276,2,9,0,7,0,8,0,0,0,0,1,1,6,2,-1,-1,1390,1,3,-1,-1,-1
201501WW50277,1,9,0,14,0,0,0,0,0,0,1,1,6,1,36,7,1797,8,5,-1,1,-1
201501WW50278,1,9,0,5,0,1,0,0,0,0,4,1,6,1,41,7,1986,2,9,-1,1,-1
201501WW50279,1,3,0,4,0,8,0,0,0,0,2,1,6,1,60,9,125,1,1,-1,1,-1
201501WW50279,2,9,0,18,0,1,0,0,0,0,1,1,6,3,-1,-1,-1,-1,-1,-1,-1,-1
201501WW50281,1,8,0,17,0,8,0,0,0,0,1,1,6,1,43,7,1896,2,6,-1,1,-1
201501WW50282,1,3,0,18,0,0,0,0,0,0,1,1,6,1,19,4,125,1,4,-1,1,-1
201501WW50283,1,9,0,9,0,8,0,0,0,0,3,1,6,1,33,6,2993,2,10,-1,1,-1
201501WW50283,2,1,0,13,0,8,0,0,0,0,1,1,6,1,40,7,-1,-1,-1,-1,1,-1
201501WW50284,1,3,0,14,0,1,0,0,0,0,4,1,6,2,34,6,-1,-1,-1,-1,1,-1
201501WW50285,1,9,0,2,0,1,0,0,0,0,3,1,6,1,52,8,1598,1,6,-1,1,-1
201501WW50285,2,3,0,18,0,1,0,8,0,0,1,1,6,1,26,6,108,1,7,-1,1,-1
201501WW50286,1,19,0,1,0,0,0,4,0,0,2,1,1,1,51,8,-1,-1,-1,-1,1,-1
201501WW50286,2,9,0,2,0,0,0,0,0,0,3,1,6,3,-1,-1,1149,1,10,-1,-1,-1
201501WW50287,1,8,0,3,0,0,0,0,0,0,2,1,1,1,46,8,1497,8,8,-1,-1,-1
201501WW50287,2,1,0,18,0,0,0,0,0,0,1,1,6,1,29,6,-1,-1,-1,-1,1,-1
201501WW50288,1,9,0,18,0,8,0,0,0,0,1,1,6,1,41,7,1984,2,6,-1,1,-1
201501WW50288,2,9,0,4,0,8,0,0,0,0,2,1,6,2,65,9,1149,1,3,-1,1,-1
201501WW50289,1,9,0,18,0,0,0,0,0,0,1,1,6,1,45,7,1995,2,-1,-1,1,-1
201501WW50290,1,11,0,5,0,1,0,0,0,0,4,1,1,2,40,7,4500,2,1,-1,1,-1
201501WW50291,1,9,0,6,0,8,0,0,0,0,4,1,6,2,21,5,1598,1,14,-1,1,-1
201501WW50291,2,3,0,18,0,8,0,0,0,0,1,1,1,1,33,6,-1,-1,-1,-1,1,-1
201501WW50292,1,9,0,3,0,2,0,0,0,0,2,1,6,2,40,7,998,1,8,-1,1,-1
201501WW50292,2,21,0,1,0,2,0,0,0,0,2,1,1,1,44,7,-1,-1,-1,-1,1,-1
201501WW50293,1,9,0,5,0,0,0,10,7,10,3,1,6,2,70,10,1329,1,3,-1,1,-1
201501WW50294,1,8,0,18,0,0,0,0,0,0,4,1,1,1,60,9,1797,8,6,-1,1,-1
201501WW50294,2,1,0,18,0,0,0,0,0,0,1,1,6,1,12,3,-1,-1,-1,-1,1,-1
201501WW50295,1,9,0,18,0,2,0,10,7,2,3,1,1,1,57,9,1242,1,2,-1,1,-1
201501WW50296,1,9,0,2,0,0,0,0,0,0,1,1,6,2,31,6,2993,2,3,-1,1,-1
201501WW50296,2,1,0,18,0,0,0,4,0,0,1,1,6,1,-1,-1,-1,-1,-1,-1,1,-1
201501WW50297,1,9,0,18,0,1,0,0,0,0,3,1,6,1,50,8,1339,1,4,-1,3,-1
201501WW50298,1,1,0,15,4,8,0,0,0,0,1,1,6,1,21,5,-1,-1,-1,-1,1,-1
201501WW50298,2,9,0,9,0,8,0,0,0,0,1,1,6,1,44,7,2143,2,4,-1,1,-1
201501WW50299,1,1,0,18,0,0,0,0,0,0,1,1,6,2,28,6,-1,-1,-1,-1,1,-1
201501WW50300,1,3,0,18,0,1,0,0,0,0,1,1,6,1,29,6,125,1,2,-1,1,-1
201501WW50301,1,9,0,18,0,8,0,0,0,0,3,1,6,1,20,4,999,1,2,-1,1,-1
201501WW50301,2,1,0,18,0,8,0,0,0,0,1,1,6,1,24,5,-1,-1,-1,-1,1,-1
201501WW50302,1,9,0,18,0,2,0,0,0,0,4,1,6,1,47,8,-1,-1,-1,-1,1,-1
201501WW50303,1,9,0,7,0,8,0,0,0,0,4,1,6,2,38,7,1299,1,13,-1,1,-1
201501WW50303,2,1,0,7,4,8,0,0,0,0,1,1,6,1,35,6,-1,-1,-1,-1,1,-1
201501WW50304,1,9,0,18,0,8,0,0,0,0,1,1,6,1,32,6,-1,-1,-1,-1,1,-1
201501WW50305,1,9,0,18,0,8,0,0,0,0,1,1,6,2,63,9,1968,2,1,-1,1,-1
201501WW50306,1,9,0,18,0,0,0,0,0,0,2,1,6,1,44,7,1598,1,14,-1,1,-1
201501WW50306,2,19,0,18,0,0,0,0,0,0,1,1,1,1,25,5,1248,2,1,-1,1,-1
201501WW50308,1,9,0,3,0,8,0,0,0,0,2,1,6,1,23,5,1388,1,11,-1,1,-1
201501WW50308,2,9,0,18,0,8,0,0,0,0,1,1,6,2,-1,-1,-1,-1,-1,-1,-1,-1
201501WW50309,1,9,0,9,0,8,0,0,0,0,3,1,6,2,62,9,1896,2,10,-1,1,-1
201501WW50309,2,21,0,18,0,8,0,0,0,0,1,2,1,1,29,6,-1,-1,-1,-1,-1,-1
201501WW50310,1,1,0,7,0,8,0,0,0,0,1,1,6,1,-1,-1,-1,-1,-1,-1,-1,-1
201501WW50311,1,1,0,18,0,8,0,0,0,0,1,1,6,1,24,5,-1,-1,-1,-1,1,-1
201501WW50311,2,9,0,7,0,8,0,0,0,0,4,1,6,1,51,8,-1,-1,-1,-1,1,-1
201501WW50312,1,19,0,7,0,8,0,0,0,0,2,1,1,1,52,8,1598,2,3,-1,1,-1
201501WW50312,2,1,0,18,0,8,0,0,0,0,1,1,6,1,25,5,-1,-1,-1,-1,-1,-1
201501WW50313,1,8,0,2,0,1,0,0,0,0,2,1,1,1,38,7,1797,8,4,-1,1,-1
201501WW50313,2,9,0,18,0,1,0,4,0,0,1,1,6,1,-1,-1,-1,-1,-1,-1,-1,-1
201501WW50315,1,19,0,4,0,0,0,0,0,0,1,1,1,1,36,7,1968,2,3,-1,1,-1
201501WW50315,2,9,0,4,0,0,0,0,0,0,2,1,6,1,66,10,1910,2,5,-1,1,-1
201501WW50315,3,9,0,4,0,0,0,0,0,0,2,1,6,1,76,11,1388,1,10,-1,1,-1
201501WW50315,4,8,0,2,0,0,0,0,0,0,0,1,1,1,40,7,1584,1,7,-1,1,-1
201501WW50316,1,1,0,17,0,0,0,0,0,0,1,1,6,1,36,7,-1,-1,-1,-1,1,-1
201501WW50316,2,9,0,6,0,0,0,0,0,0,1,1,6,2,-1,-1,1598,1,7,-1,-1,-1
201501WW50317,1,3,0,14,0,8,0,0,0,0,1,1,6,2,26,6,124,1,2,-1,1,-1
201501WW50317,2,9,0,9,0,8,0,0,0,0,1,1,6,2,47,8,1997,2,6,-1,1,-1
201501WW50318,1,11,0,11,0,8,0,0,0,0,0,1,6,1,26,6,4500,2,6,-1,1,-1
201501WW50318,2,1,0,15,0,8,0,10,1,10,1,1,6,1,38,7,-1,-1,-1,-1,1,-1
201501WW50319,1,9,0,9,0,8,0,0,0,0,3,1,6,1,61,9,-1,-1,-1,-1,1,-1
201501WW50319,2,3,0,13,0,8,0,0,0,0,1,1,6,1,36,7,102,1,10,-1,1,-1
201501WW50320,1,1,0,18,0,8,0,0,0,0,3,1,6,1,25,5,-1,-1,-1,-1,1,-1
201501WW50320,2,9,0,18,0,8,0,0,0,0,1,1,6,3,-1,-1,1995,2,12,-1,-1,-1
201501WW50321,1,9,0,3,0,1,0,0,0,0,2,1,6,1,24,5,1388,1,6,-1,1,-1
201501WW50321,2,1,0,18,0,1,0,0,0,0,1,1,6,1,15,3,-1,-1,-1,-1,1,-1
201501WW50322,1,5,0,14,0,0,0,0,0,0,1,1,6,1,54,8,744,1,1,-1,1,-1
201501WW50322,2,9,0,12,0,0,0,0,0,0,3,1,6,2,-1,-1,-1,-1,-1,-1,-1,-1
201501WW50322,3,9,0,18,0,0,0,0,0,0,3,1,6,1,-1,-1,1997,2,7,-1,-1,-1
201501WW50324,1,19,0,7,0,8,0,0,0,0,1,1,1,1,-1,-1,1560,2,1,-1,-1,-1
201501WW50325,1,9,0,6,0,0,0,0,0,0,3,1,6,1,25,5,999,1,3,-1,1,-1
201501WW50325,2,3,0,18,0,0,0,0,0,0,1,1,6,1,35,6,125,1,-1,-1,1,-1
201501WW50326,1,3,0,13,0,8,0,0,0,0,3,1,6,1,25,5,125,1,4,-1,1,-1
201501WW50326,2,9,0,9,0,8,0,0,0,0,3,1,6,1,-1,-1,1242,1,13,-1,-1,-1
201501WW50327,1,2,0,16,0,8,0,0,0,0,1,1,6,2,61,9,-1,-1,-1,-1,1,-1
201501WW50327,2,1,0,17,0,8,0,0,0,0,2,1,6,1,31,6,-1,-1,-1,-1,1,-1
201501WW50328,1,1,0,18,0,8,0,0,0,0,1,1,6,1,38,7,-1,-1,-1,-1,1,-1
201501WW50328,2,9,0,7,0,8,0,0,0,0,3,1,6,2,-1,-1,1386,1,4,-1,-1,-1
201501WW50329,1,9,0,2,0,0,0,10,0,0,3,1,6,2,29,6,1396,1,3,-1,1,-1
201501WW50329,2,9,0,17,0,0,0,4,0,0,4,1,6,1,52,8,1596,1,2,-1,1,-1
201501WW50330,1,9,0,18,0,0,2,4,0,0,1,1,6,2,45,7,1598,1,2,-1,1,-1
201501WW50330,2,9,0,2,0,0,0,0,0,0,4,1,6,1,64,9,2993,2,5,-1,1,-1
201501WW50330,3,9,0,2,0,0,0,0,0,0,3,1,6,2,43,7,2179,2,2,-1,1,-1
201501WW50330,4,9,0,2,0,0,0,0,0,0,4,1,6,2,46,8,1799,1,7,-1,-1,-1
201501WW50331,1,9,0,18,0,0,0,0,0,0,4,1,6,2,24,5,1587,1,10,-1,1,-1
201501WW50332,1,1,0,18,0,0,0,0,0,0,3,1,6,1,24,5,-1,-1,-1,-1,1,-1
201501WW50332,2,21,0,18,0,0,0,0,0,0,4,1,1,1,50,8,10518,2,3,-1,2,-1
201501WW50333,1,9,0,7,0,8,0,0,0,0,4,1,6,1,47,8,2143,2,-1,-1,1,-1
201501WW50333,2,1,0,18,0,8,0,0,0,0,1,1,6,1,54,8,-1,-1,-1,-1,-1,-1
201501WW50334,1,9,0,10,0,1,0,0,0,0,2,1,2,1,39,7,1598,1,7,-1,1,-1
201501WW50334,2,9,0,18,0,1,0,0,0,0,1,1,6,1,-1,-1,-1,-1,-1,-1,-1,-1
201501WW50335,1,3,0,18,0,8,0,0,0,0,1,1,6,1,17,4,-1,-1,-1,-1,1,-1
201501WW50335,2,9,0,9,0,8,0,0,0,0,4,1,6,2,47,8,1984,1,2,-1,1,-1
201501WW50336,1,11,0,2,0,0,0,0,0,0,0,1,1,1,44,7,7300,2,12,-1,1,-1
201501WW50337,1,9,0,9,0,8,0,0,0,0,1,1,6,1,-1,-1,1896,2,13,-1,-1,-1
201501WW50338,1,1,0,18,0,2,0,10,1,10,1,1,6,1,22,5,-1,-1,-1,-1,1,-1
201501WW50339,1,19,0,9,0,8,0,0,0,0,4,1,1,1,38,7,2198,2,4,-1,1,-1
201501WW50339,2,3,0,18,0,8,0,0,0,0,1,1,6,1,24,5,108,1,7,-1,1,-1
201501WW50340,1,9,0,9,0,8,0,0,0,0,1,1,6,1,-1,-1,-1,-1,-1,-1,-1,-1
201501WW50341,1,8,0,16,0,8,0,0,0,0,3,1,1,1,-1,-1,-1,-1,-1,-1,-1,-1
201501WW50342,1,20,0,4,0,8,0,0,0,0,1,1,1,1,60,9,3920,2,9,-1,-1,-1
201501WW50342,2,9,0,3,0,8,0,0,0,0,2,1,2,1,40,7,2777,2,7,-1,1,-1
201501WW50343,1,3,0,13,0,8,0,0,0,0,1,1,6,1,24,5,125,1,-1,-1,1,-1
201501WW50343,2,8,0,9,0,8,0,0,0,0,3,1,1,1,37,7,2987,2,1,-1,1,-1
201501WW50345,1,9,0,3,0,0,0,0,0,0,2,1,6,2,55,8,-1,-1,-1,-1,1,-1
201501WW50345,2,1,0,18,0,0,0,0,0,0,1,1,6,2,25,5,-1,-1,-1,-1,1,-1
201501WW50346,1,9,0,9,0,8,0,0,0,0,4,1,6,2,54,8,1364,1,-1,-1,1,-1
201501WW50346,2,1,0,15,0,8,0,0,0,0,1,1,6,1,29,6,-1,-1,-1,-1,1,-1
201501WW50349,1,1,0,18,0,1,0,0,0,0,1,1,6,1,26,6,-1,-1,-1,-1,1,-1
201501WW50349,2,9,0,2,0,1,0,0,0,0,3,1,6,1,-1,-1,-1,-1,-1,-1,-1,-1
201501WW50350,1,9,0,18,0,8,0,0,1,0,4,1,2,1,40,7,1995,1,12,-1,1,-1
201501WW50351,1,3,0,3,0,8,0,0,0,0,2,1,6,1,30,6,-1,-1,-1,-1,1,-1
201501WW50351,2,9,0,18,0,8,0,0,0,0,1,1,6,2,51,8,1596,1,12,-1,1,-1
201501WW50352,1,9,0,9,0,8,0,0,0,0,4,1,6,1,64,9,1991,2,4,-1,1,-1
201501WW50352,2,1,0,18,0,8,0,0,0,0,1,1,6,1,35,6,-1,-1,-1,-1,1,-1
201501WW50353,1,3,0,15,0,0,0,0,0,0,3,1,6,1,22,5,125,1,3,-1,1,-1
201501WW50353,2,9,0,11,0,0,0,0,0,0,1,1,6,1,53,8,1796,1,6,-1,1,-1
201501WW50355,1,9,0,9,0,8,0,0,0,0,1,1,6,1,64,9,1598,1,11,-1,1,-1
201501WW50355,2,3,0,18,0,8,0,0,0,0,1,1,6,1,22,5,102,1,9,-1,1,-1
201501WW50356,1,8,0,4,0,0,0,0,0,0,2,1,1,1,44,7,1997,2,6,-1,1,-1
201501WW50356,2,9,0,18,0,0,0,0,0,0,1,1,6,1,22,5,1348,1,14,-1,3,-1
201501WW50357,1,9,0,9,0,8,0,0,0,0,1,1,6,1,30,6,1598,1,9,-1,1,-1
201501WW50357,2,1,0,18,0,8,0,0,0,0,1,1,6,1,40,7,-1,-1,-1,-1,1,-1
201501WW50358,1,1,0,18,0,8,0,0,0,0,1,1,6,2,43,7,-1,-1,-1,-1,1,-1
201501WW50358,2,9,0,9,0,8,0,0,0,0,1,1,6,1,-1,-1,1149,1,13,-1,-1,-1
201501WW50359,1,8,0,9,0,8,0,0,0,0,4,1,6,1,34,6,2499,1,8,-1,1,-1
201501WW50359,2,1,0,18,0,8,0,0,0,0,1,1,6,1,33,6,-1,-1,-1,-1,1,-1
201501WW50360,1,9,0,4,0,0,0,0,0,0,3,1,6,1,31,6,2143,2,3,-1,1,-1
201501WW50361,1,1,0,18,0,8,0,0,0,0,1,1,6,1,27,6,-1,-1,-1,-1,1,-1
201501WW50361,2,20,0,7,0,8,0,0,0,0,0,1,1,1,-1,-1,-1,-1,-1,-1,-1,-1
201501WW50363,1,9,0,9,0,8,0,0,0,0,3,1,2,2,24,5,1299,1,14,-1,1,-1
201501WW50363,2,3,0,13,0,8,0,0,0,0,1,1,2,1,29,6,125,1,4,-1,1,-1
201501WW50365,1,9,0,4,0,8,0,0,0,0,1,2,4,1,31,6,2993,2,3,-1,1,-1
201501WW50366,1,3,0,13,0,2,0,0,0,0,1,1,6,1,25,5,125,1,5,-1,1,-1
201501WW50366,2,9,0,6,0,2,0,0,0,0,3,1,6,1,-1,-1,1968,2,4,-1,1,-1
201501WW50367,1,9,0,3,0,8,0,0,0,0,2,1,2,1,26,6,2993,2,2,-1,1,-1
201501WW50367,2,3,0,18,0,8,0,0,1,0,1,1,2,1,42,7,124,1,15,-1,1,-1
201501WW50368,1,19,0,9,0,8,0,0,0,0,1,1,1,1,56,9,1360,7,14,-1,1,-1
201501WW50368,2,9,0,18,0,8,0,0,0,0,1,1,6,2,66,10,1984,1,14,-1,1,-1
201501WW50369,1,3,0,17,0,8,0,0,0,0,1,1,6,1,27,6,125,1,-1,-1,1,-1
201501WW50369,2,9,0,9,0,8,0,0,0,0,1,1,6,1,-1,-1,2402,2,5,-1,1,-1
201501WW50369,3,9,0,10,0,8,0,0,0,0,1,1,6,1,-1,-1,1910,2,8,-1,-1,-1
201501WW50370,1,5,0,14,0,1,0,0,0,0,1,1,6,1,57,9,883,1,3,-1,1,-1
201501WW50371,1,9,0,7,0,8,0,0,0,0,1,1,6,3,-1,-1,-1,-1,-1,-1,-1,-1
201501WW50372,1,20,0,4,0,8,0,0,0,0,2,1,2,1,50,8,2148,2,8,-1,1,-1
201501WW50372,2,3,0,18,0,8,0,0,0,0,1,1,1,1,22,5,-1,-1,-1,-1,1,-1
201501WW50373,1,9,0,3,0,8,0,0,0,0,1,1,6,2,51,8,1998,1,11,-1,1,-1
201501WW50373,2,9,0,3,0,8,0,0,0,0,2,1,1,1,34,6,1995,2,4,-1,1,-1
201501WW50373,3,9,0,4,0,8,0,0,0,0,2,1,2,1,49,8,1586,1,9,-1,1,-1
201501WW50374,1,9,0,11,0,0,0,0,0,0,1,1,6,1,29,6,2976,1,14,-1,1,-1
201501WW50374,2,1,0,18,0,0,0,0,0,0,2,1,6,2,27,6,-1,-1,-1,-1,1,-1
201501WW50375,1,1,0,18,0,0,0,0,0,0,1,1,2,1,25,5,-1,-1,-1,-1,1,-1
201501WW50375,2,11,0,12,0,0,0,0,0,0,3,1,1,1,-1,-1,-1,-1,-1,-1,-1,-1