Accident_Index,Vehicle_Reference,Vehicle_Type,Towing_and_Articulation,Vehicle_Manoeuvre,Vehicle_Location-Restricted_Lane,Junction_Location,Skidding_and_Overturning,Hit_Object_in_Carriageway,Vehicle_Leaving_Carriageway,Hit_Object_off_Carriageway,1st_Point_of_Impact,Was_Vehicle_Left_Hand_Drive?,Journey_Purpose_of_Driver,Sex_of_Driver,Age_of_Driver,Age_Band_of_Driver,Engine_Capacity_(CC),Propulsion_Code,Age_of_Vehicle,Driver_IMD_Decile,Driver_Home_Area_Type,Vehicle_IMD_Decile
201501WW50818,1,1,0,14,0,0,0,8,0,0,1,1,6,2,25,5,-1,-1,-1,-1,1,-1
201501WW50818,2,9,0,2,0,0,0,0,0,0,3,1,6,2,-1,-1,-1,-1,-1,-1,-1,-1
201501WW50819,1,9,0,18,0,8,0,0,0,0,4,1,6,1,51,8,2143,2,2,-1,1,-1
201501WW50819,2,19,0,1,0,8,0,0,0,0,2,1,6,1,30,6,-1,-1,-1,-1,-1,-1
201501WW50820,1,3,0,18,0,8,0,0,0,0,1,1,6,1,-1,-1,-1,-1,-1,-1,-1,-1
201501WW50822,1,9,0,13,0,8,0,0,0,0,1,1,6,1,55,8,3199,1,14,-1,1,-1
201501WW50823,1,3,0,18,2,8,0,0,0,0,1,1,6,1,31,6,125,1,-1,-1,1,-1
201501WW50823,2,9,0,7,0,8,0,0,0,0,4,1,6,2,50,8,1299,1,12,-1,-1,-1
201501WW50824,1,9,0,9,0,8,0,0,0,0,3,1,6,1,29,6,1995,2,8,-1,1,-1
201501WW50824,2,3,0,13,0,8,0,0,0,0,1,1,6,1,23,5,125,1,5,-1,1,-1
201501WW50825,1,19,0,9,0,8,0,0,0,0,4,1,1,1,22,5,1598,2,1,-1,1,-1
201501WW50825,2,1,0,15,0,8,0,0,0,0,1,1,6,1,35,6,-1,-1,-1,-1,1,-1
201501WW50826,1,9,0,3,0,8,0,0,0,0,2,1,6,1,37,7,1339,1,12,-1,1,-1
201501WW50826,2,9,0,18,0,8,0,0,0,0,1,1,6,1,35,6,1995,1,7,-1,1,-1
201501WW50827,1,8,0,9,0,8,0,0,0,0,4,1,6,1,29,6,-1,-1,-1,-1,1,-1
201501WW50827,2,1,0,18,0,8,0,0,0,0,1,1,6,1,24,5,-1,-1,-1,-1,1,-1
201501WW50828,1,9,0,18,0,8,2,4,0,0,1,1,6,1,23,5,-1,-1,-1,-1,1,-1
201501WW50828,2,9,0,2,0,8,0,0,0,0,2,1,6,2,43,7,2993,2,1,-1,1,-1
201501WW50829,1,8,0,4,0,0,0,0,0,0,2,1,6,2,42,7,2499,2,5,-1,1,-1
201501WW50829,2,1,0,18,0,0,0,0,0,0,1,1,6,1,33,6,-1,-1,-1,-1,-1,-1
201501WW50830,1,9,0,9,0,8,0,0,0,0,3,1,6,1,44,7,1956,2,6,-1,1,-1
201501WW50830,2,1,0,9,0,8,0,0,0,0,4,1,6,1,16,4,-1,-1,-1,-1,1,-1
201501WW50831,1,9,0,12,0,0,0,0,0,0,3,1,6,1,70,10,2967,2,2,-1,1,-1
201501WW50831,2,1,0,18,0,0,0,0,0,0,1,1,6,1,57,9,-1,-1,-1,-1,1,-1
201501WW50832,1,5,0,18,0,8,0,0,0,0,1,1,6,1,32,6,1000,1,1,-1,3,-1
201501WW50832,2,9,0,9,0,8,0,0,0,0,1,1,6,2,26,6,1299,1,9,-1,1,-1
201501WW50833,1,1,0,18,0,8,0,4,0,0,1,1,6,1,44,7,-1,-1,-1,-1,1,-1
201501WW50833,2,9,0,2,0,8,0,0,0,0,3,1,6,1,35,6,1798,1,7,-1,1,-1
201501WW50834,1,9,0,11,0,0,0,0,0,0,1,1,6,2,66,10,1598,2,2,-1,1,-1
201501WW50834,2,9,0,12,0,0,0,4,0,0,4,1,6,2,76,11,1339,1,13,-1,1,-1
201501WW50834,3,9,0,2,0,0,0,0,0,0,4,1,6,1,59,9,1560,2,7,-1,1,-1
201501WW50835,1,9,0,9,0,8,0,0,0,0,1,1,6,1,39,7,1587,1,7,-1,1,-1
201501WW50836,1,8,0,17,0,8,0,0,0,0,3,1,1,1,58,9,2402,2,12,-1,1,-1
201501WW50836,2,5,0,17,0,8,0,0,0,0,4,1,6,1,56,9,748,1,5,-1,1,-1
201501WW50837,1,3,0,18,0,8,0,0,0,0,1,1,6,1,39,7,125,1,-1,-1,1,-1
201501WW50837,2,9,0,9,0,8,0,0,0,0,1,1,6,1,64,9,1797,1,17,-1,1,-1
201501WW50838,1,11,0,4,0,8,0,0,0,0,0,1,6,1,34,6,4500,2,1,-1,1,-1
201501WW50839,1,9,0,9,0,8,0,0,0,0,3,1,6,1,31,6,1997,2,11,-1,1,-1
201501WW50839,2,3,0,13,0,8,0,0,0,0,1,1,6,1,22,5,109,1,1,-1,1,-1
201501WW50840,1,9,0,9,0,8,0,0,0,0,3,1,6,2,76,11,1242,1,10,-1,-1,-1
201501WW50840,2,5,0,18,0,8,0,0,0,0,1,1,6,1,36,7,-1,-1,-1,-1,1,-1
201501WW50841,1,5,0,18,0,1,0,0,0,0,4,1,6,1,30,6,471,1,2,-1,1,-1
201501WW50841,2,19,0,2,0,1,0,0,0,0,3,1,6,1,21,5,1968,2,3,-1,1,-1
201501WW50841,3,3,0,18,0,2,0,0,0,0,3,1,6,1,40,7,-1,-1,-1,-1,1,-1
201501WW50842,1,9,0,18,0,8,0,0,0,0,1,1,6,1,89,11,1086,1,10,-1,1,-1
201501WW50842,2,11,0,7,0,8,0,0,0,0,1,1,1,1,35,6,7300,2,13,-1,1,-1
201501WW50843,1,9,0,18,0,8,0,0,0,0,1,1,6,2,25,5,-1,-1,-1,-1,1,-1
201501WW50844,1,9,0,9,0,8,0,0,0,0,1,1,6,1,29,6,1796,1,8,-1,1,-1
201501WW50844,2,3,0,18,0,8,0,0,0,0,1,1,6,1,39,7,125,1,-1,-1,1,-1
201501WW50844,3,9,0,10,0,8,0,0,0,0,1,1,6,2,61,9,3628,2,8,-1,1,-1
201501WW50845,1,9,0,18,0,8,0,10,3,2,1,1,6,1,22,5,1995,2,3,-1,1,-1
201501WW50846,1,5,0,18,0,8,0,0,0,0,3,1,6,1,30,6,599,1,5,-1,1,-1
201501WW50846,2,9,0,7,0,8,0,0,0,0,4,1,6,1,39,7,1390,1,6,-1,1,-1
201501WW50847,1,1,0,18,0,8,0,0,0,0,1,1,6,1,32,6,-1,-1,-1,-1,1,-1
201501WW50848,1,9,0,7,0,8,0,0,0,0,4,1,6,1,42,7,1395,1,-1,-1,1,-1
201501WW50848,2,3,0,18,0,8,0,0,0,0,1,1,6,1,29,6,125,1,7,-1,1,-1
201501WW50849,1,1,0,18,0,2,0,0,0,0,3,1,6,1,46,8,-1,-1,-1,-1,1,-1
201501WW50849,2,21,0,18,0,2,0,0,0,0,1,1,1,1,-1,-1,-1,-1,-1,-1,-1,-1
201501WW50850,1,1,0,18,0,8,0,0,0,0,1,1,6,2,29,6,-1,-1,-1,-1,1,-1
201501WW50850,2,19,0,9,0,8,0,0,0,0,1,1,6,2,51,8,1998,2,14,-1,1,-1
201501WW50851,1,11,0,5,0,0,0,0,0,0,1,1,1,1,46,8,4500,2,1,-1,1,-1
201501WW50852,1,4,0,14,0,8,0,0,0,0,1,1,6,1,39,7,-1,-1,-1,-1,1,-1
201501WW50852,2,9,0,6,0,8,0,0,0,0,3,1,6,1,28,6,1229,5,10,-1,1,-1
201501WW50853,1,1,0,18,0,8,0,0,0,0,1,1,6,1,29,6,-1,-1,-1,-1,1,-1
201501WW50853,2,9,0,18,0,8,0,0,0,0,1,1,6,2,-1,-1,-1,-1,-1,-1,1,-1
201501WW50854,1,19,0,17,0,0,0,0,0,0,2,1,6,1,35,6,1996,2,5,-1,1,-1
201501WW50854,2,9,0,17,0,0,0,0,0,0,2,1,6,1,43,7,2143,2,5,-1,-1,-1
201501WW50854,3,19,0,17,0,0,0,0,0,0,1,1,6,1,52,8,1686,2,11,-1,1,-1
201501WW50855,1,9,0,9,0,8,0,0,0,0,1,1,6,1,35,6,2967,2,4,-1,1,-1
201501WW50855,2,1,0,18,0,8,0,0,0,0,0,1,6,2,29,6,-1,-1,-1,-1,1,-1
201501WW50857,1,1,0,18,0,8,0,0,0,0,1,1,6,2,29,6,-1,-1,-1,-1,1,-1
201501WW50857,2,9,0,7,0,8,0,0,0,0,4,1,6,1,-1,-1,-1,-1,-1,-1,-1,-1
201501WW50858,1,9,0,9,0,8,0,0,0,0,1,1,6,1,74,10,1600,2,5,-1,1,-1
201501WW50858,2,3,0,16,0,8,0,0,0,0,1,1,6,1,20,4,125,1,8,-1,1,-1
201501WW50859,1,9,0,9,0,8,0,0,0,0,4,1,6,1,34,6,2993,2,5,-1,1,-1
201501WW50859,2,1,0,18,0,8,0,0,0,0,1,1,6,1,47,8,-1,-1,-1,-1,1,-1
201501WW50860,1,9,0,9,0,8,0,0,0,0,1,1,6,2,42,7,1598,2,3,-1,1,-1
201501WW50860,2,4,0,15,0,8,0,0,0,0,1,1,6,1,47,8,399,1,4,-1,1,-1
201501WW50861,1,9,0,18,0,8,0,0,0,0,2,1,6,1,34,6,-1,-1,-1,-1,1,-1
201501WW50861,2,9,0,18,0,8,0,0,0,0,1,1,6,2,26,6,1390,1,15,-1,1,-1
201501WW50862,1,1,0,18,0,0,0,0,0,0,3,1,6,1,30,6,-1,-1,-1,-1,1,-1
201501WW50862,2,9,0,18,0,0,0,0,0,0,4,1,6,1,-1,-1,-1,-1,-1,-1,-1,-1
201501WW50863,1,9,0,18,0,8,0,10,1,2,1,1,6,1,32,6,-1,-1,-1,-1,1,-1
201501WW50864,1,9,0,3,0,0,0,0,0,0,2,1,6,1,40,7,2099,1,13,-1,1,-1
201501WW50864,2,9,0,18,0,0,0,0,0,0,1,1,6,2,-1,-1,1798,1,6,-1,-1,-1
201501WW50865,1,9,0,4,0,8,0,0,0,0,2,1,1,1,-1,-1,-1,-1,-1,-1,-1,-1
201501WW50865,2,3,0,18,0,8,0,0,0,0,1,1,6,1,29,6,124,1,11,-1,1,-1
201501WW50866,1,1,0,18,0,8,0,0,0,0,1,1,6,1,39,7,-1,-1,-1,-1,1,-1
201501WW50866,2,9,0,9,0,8,0,0,0,0,4,1,6,1,-1,-1,-1,-1,-1,-1,-1,-1
201501WW50867,1,9,0,2,0,2,0,0,0,0,3,1,6,1,31,6,1598,1,10,-1,1,-1
201501WW50867,2,1,0,18,0,2,0,0,0,0,1,1,6,2,20,4,-1,-1,-1,-1,1,-1
201501WW50868,1,9,0,4,0,8,0,0,0,0,1,1,6,1,29,6,-1,-1,-1,-1,1,-1
201501WW50868,2,19,0,3,0,8,0,0,0,0,2,1,1,1,-1,-1,1753,2,12,-1,1,-1
201501WW50869,1,9,0,18,0,8,0,0,0,0,1,1,6,1,34,6,1997,2,4,-1,1,-1
201501WW50869,2,3,0,15,0,8,0,0,0,0,1,1,1,1,28,6,49,1,-1,-1,1,-1
201501WW50870,1,9,0,7,0,8,0,0,0,0,4,1,6,1,49,8,1985,1,14,-1,1,-1
201501WW50870,2,1,0,18,0,8,0,0,0,0,1,1,6,1,52,8,-1,-1,-1,-1,1,-1
201501WW50871,1,9,0,9,0,8,0,0,0,0,4,1,6,1,24,5,-1,-1,-1,-1,1,-1
201501WW50871,2,1,0,18,0,8,0,0,0,0,1,1,6,1,25,5,-1,-1,-1,-1,-1,-1
201501WW50872,1,9,0,9,0,8,0,0,0,0,1,1,6,1,24,5,-1,-1,-1,-1,1,-1
201501WW50872,2,1,0,18,0,8,0,0,0,0,1,1,6,1,25,5,-1,-1,-1,-1,1,-1
201501WW50873,1,21,0,9,0,8,0,0,0,0,1,1,1,1,58,9,9200,2,5,-1,1,-1
201501WW50873,2,5,0,3,0,8,0,0,0,0,1,1,6,1,50,8,1050,1,8,-1,1,-1
201501WW50874,1,19,0,18,0,8,0,0,0,0,1,1,6,1,22,5,2198,2,1,-1,1,-1
201501WW50874,2,9,0,3,0,8,0,0,0,0,2,1,6,1,31,6,1596,1,12,-1,1,-1
201501WW50874,3,9,0,10,0,8,0,0,0,0,2,1,6,1,53,8,1124,1,14,-1,1,-1
201501WW50876,1,2,0,10,0,8,0,0,0,0,1,1,6,1,25,5,49,1,-1,-1,1,-1
201501WW50876,2,9,0,9,0,8,0,0,0,0,1,1,6,1,-1,-1,1591,1,7,-1,1,-1
201501WW50877,1,19,0,9,0,8,0,0,0,0,1,1,6,1,26,6,2198,2,1,-1,1,-1
201501WW50877,2,3,0,17,0,8,0,0,0,0,1,1,6,1,41,7,125,1,10,-1,1,-1
201501WW50878,1,3,0,18,0,2,0,0,0,0,1,1,6,1,25,5,125,1,5,-1,1,-1
201501WW50878,2,5,0,18,0,2,0,0,0,0,1,1,6,1,35,6,-1,-1,-1,-1,1,-1
201501WW50879,1,11,0,4,0,8,0,0,0,0,0,1,1,1,51,8,4461,2,2,-1,1,-1
201501WW50880,1,5,0,18,2,0,0,10,1,5,3,1,6,1,28,6,599,1,6,-1,1,-1
201501WW50880,2,9,0,11,0,0,0,0,0,0,4,1,6,1,-1,-1,-1,-1,-1,-1,-1,-1
201501WW50881,1,9,0,18,0,2,0,0,0,0,1,1,6,1,52,8,1587,1,12,-1,1,-1
201501WW50881,2,9,0,11,0,2,0,0,0,0,1,1,6,1,36,7,-1,-1,-1,-1,1,-1
201501WW50882,1,9,0,18,0,8,0,0,0,0,1,1,6,1,30,6,1769,1,11,-1,1,-1
201501WW50882,2,3,0,4,0,8,0,0,0,0,2,1,6,1,29,6,125,1,1,-1,1,-1
201501WW50883,1,9,0,9,0,8,0,0,0,0,3,1,6,1,59,9,1840,1,13,-1,3,-1
201501WW50883,2,3,0,18,0,8,0,0,0,0,1,1,6,1,28,6,108,1,-1,-1,1,-1
201501WW50884,1,9,0,18,0,0,0,0,0,0,1,1,6,1,47,8,1390,1,5,-1,1,-1
201501WW50885,1,8,0,9,0,8,0,0,0,0,3,1,1,1,47,8,1798,8,-1,-1,1,-1
201501WW50885,2,3,0,18,0,8,0,0,0,0,1,1,6,1,40,7,124,1,14,-1,1,-1
201501WW50886,1,9,0,16,0,8,0,0,0,0,2,1,6,1,54,8,1995,1,5,-1,1,-1
201501WW50886,2,9,0,9,0,8,0,0,0,0,1,1,6,2,47,8,1968,2,6,-1,1,-1
201501WW50887,1,9,0,3,0,2,0,0,0,0,4,1,6,1,-1,-1,2993,2,12,-1,-1,-1
201501WW50887,2,1,0,15,0,8,0,0,0,0,1,1,6,1,25,5,-1,-1,-1,-1,1,-1
201501WW50888,1,9,0,8,0,8,0,0,0,0,2,1,6,1,26,6,1390,1,3,-1,1,-1
201501WW50888,2,1,0,18,0,8,0,0,0,0,1,1,6,1,42,7,-1,-1,-1,-1,1,-1
201501WW50889,1,20,0,7,0,8,0,0,0,0,4,1,6,1,55,8,-1,-1,-1,-1,1,-1
201501WW50889,2,1,0,18,0,8,0,0,0,0,1,1,6,2,40,7,-1,-1,-1,-1,1,-1
201501WW50890,1,8,0,3,0,0,0,0,0,0,2,1,1,1,40,7,1997,2,3,-1,1,-1
201501WW50890,2,9,0,3,0,0,0,0,0,0,2,1,6,1,36,7,1910,2,9,-1,1,-1
201501WW50890,3,9,0,18,0,0,0,0,0,0,2,1,6,1,36,7,2143,2,2,-1,1,-1
201501WW50890,4,9,0,18,0,0,0,0,0,0,1,1,6,1,53,8,1598,1,9,-1,1,-1
201501WW50891,1,8,0,9,0,8,0,0,0,0,1,1,6,1,32,6,2499,2,8,-1,1,-1
201501WW50892,1,9,0,9,0,8,0,0,0,0,1,1,6,1,36,7,1840,1,18,-1,1,-1
201501WW50892,2,3,0,18,0,8,0,0,0,0,1,1,6,1,55,8,125,1,11,-1,1,-1
201501WW50893,1,9,0,9,0,8,0,0,0,0,1,1,6,2,59,9,1198,1,8,-1,1,-1
201501WW50894,1,11,0,2,0,1,0,0,0,0,0,1,6,1,45,7,6700,2,8,-1,1,-1
201501WW50895,1,9,0,7,0,8,0,0,0,0,3,1,6,1,19,4,1598,1,8,-1,1,-1
201501WW50895,2,2,0,18,0,8,0,0,0,0,1,1,1,1,17,4,-1,-1,-1,-1,1,-1
201501WW50898,1,3,0,18,0,8,0,0,0,0,1,1,6,1,52,8,-1,-1,-1,-1,1,-1
201501WW50900,1,1,0,10,0,8,0,0,0,0,1,1,6,1,36,7,-1,-1,-1,-1,1,-1
201501WW50900,2,9,0,9,0,8,0,0,0,0,1,1,6,1,-1,-1,-1,-1,-1,-1,1,-1
201501WW50901,1,3,0,17,0,8,0,0,0,0,1,1,6,1,32,6,124,1,1,-1,1,-1
201501WW50901,2,9,0,9,0,8,0,0,0,0,1,1,6,2,40,7,-1,-1,-1,-1,1,-1
201501WW50903,1,9,0,9,0,8,0,0,0,0,4,1,6,2,53,8,998,1,8,-1,-1,-1
201501WW50903,2,1,0,18,0,8,0,0,0,0,1,1,6,1,51,8,-1,-1,-1,-1,1,-1
201501WW50904,1,9,0,9,0,8,0,0,0,0,1,1,6,1,67,10,1364,1,7,-1,1,-1
201501WW50905,1,3,0,4,0,8,0,0,0,0,1,1,6,1,20,4,108,1,3,-1,1,-1
201501WW50906,1,3,0,18,0,0,0,0,0,0,1,1,6,1,-1,-1,-1,-1,-1,-1,-1,-1
201501WW50907,1,9,0,9,0,8,0,0,0,0,1,1,6,2,41,7,3199,1,11,-1,1,-1
201501WW50907,2,5,0,16,0,8,0,0,0,0,1,1,6,1,-1,-1,781,1,12,-1,1,-1
201501WW50908,1,5,0,18,0,8,0,0,0,0,1,1,6,1,28,6,1157,1,14,-1,1,-1
201501WW50908,2,9,0,9,0,8,0,0,0,0,1,1,6,1,-1,-1,2231,2,4,-1,-1,-1
201501WW50909,1,9,0,9,0,8,0,0,0,0,1,1,6,1,44,7,1461,2,1,-1,1,-1
201501WW50909,2,1,0,18,0,8,0,0,0,0,3,1,6,1,29,6,-1,-1,-1,-1,1,-1
201501WW50910,1,1,0,18,0,8,0,0,0,0,1,1,6,1,36,7,-1,-1,-1,-1,1,-1
201501WW50911,1,4,0,18,0,8,0,0,0,0,1,1,6,1,48,8,279,1,7,-1,1,-1
201501WW50912,1,11,0,4,0,8,0,0,0,0,0,1,6,1,58,9,8268,2,14,-1,-1,-1
201501WW50913,1,9,0,9,0,8,0,0,0,0,1,1,6,1,29,6,1998,1,-1,-1,1,-1
201501WW50914,1,1,0,18,0,8,0,0,0,0,1,1,6,1,29,6,-1,-1,-1,-1,1,-1
201501WW50914,2,9,0,9,0,8,0,0,0,0,1,1,6,1,42,7,1686,2,4,-1,1,-1
201501WW50915,1,11,0,4,0,2,0,0,0,0,0,1,1,1,40,7,6700,2,4,-1,1,-1
201501WW50916,1,9,0,9,0,8,0,0,0,0,3,1,6,1,-1,-1,1998,2,-1,-1,1,-1
201501WW50916,2,2,0,18,0,8,0,0,0,0,1,1,6,1,23,5,102,1,8,-1,1,-1
201501WW50917,1,19,0,5,0,0,0,0,0,0,3,1,1,1,35,6,1686,2,13,-1,1,-1
201501WW50917,2,1,0,18,0,0,0,0,0,0,3,1,1,1,38,7,-1,-1,-1,-1,1,-1
201501WW50918,1,8,0,4,0,8,0,0,0,0,2,1,6,1,39,7,1497,8,7,-1,1,-1
201501WW50918,2,9,0,18,0,8,0,0,0,0,1,1,6,1,46,8,1984,1,5,-1,1,-1
201501WW50919,1,9,0,18,0,8,0,0,0,0,1,1,1,1,43,7,799,2,3,-1,1,-1
201501WW50919,2,9,0,18,0,8,0,0,7,2,4,1,1,1,37,7,2143,2,1,-1,-1,-1
201501WW50920,1,5,0,15,0,0,0,0,0,0,4,1,6,1,38,7,647,1,17,-1,1,-1
201501WW50921,1,3,0,7,0,8,0,0,0,0,3,1,1,1,33,6,102,1,10,-1,1,-1
201501WW50921,2,9,0,18,0,8,0,0,0,0,1,1,6,1,30,6,-1,-1,-1,-1,1,-1
201501WW50922,1,9,0,5,0,1,0,0,0,0,3,1,6,1,35,6,1995,2,1,-1,1,-1
201501WW50922,2,4,0,15,0,1,0,0,0,0,4,1,6,1,-1,-1,1198,1,25,-1,1,-1
201501WW50923,1,9,0,18,0,8,0,0,0,0,1,1,1,1,29,6,1896,2,10,-1,1,-1
201501WW50923,2,1,0,18,0,8,0,0,0,0,4,1,1,2,28,6,-1,-1,-1,-1,1,-1
201501WW50924,1,4,0,18,0,8,0,0,0,0,1,1,6,1,26,6,124,1,11,-1,1,-1
201501WW50924,2,9,0,18,0,8,0,0,0,0,1,1,6,1,49,8,995,1,11,-1,1,-1
201501WW50925,1,9,0,18,0,8,0,0,0,0,1,1,6,1,59,9,1461,2,2,-1,1,-1
201501WW50926,1,3,0,4,0,8,0,0,0,0,1,1,6,1,29,6,125,1,1,-1,1,-1
201501WW50926,2,9,0,11,0,8,0,0,0,0,4,1,6,1,26,6,1596,1,13,-1,1,-1
201501WW50927,1,11,0,5,0,2,0,0,0,0,1,1,6,1,48,8,7300,2,10,-1,1,-1
201501WW50928,1,1,0,18,0,0,0,8,0,0,1,1,6,2,43,7,-1,-1,-1,-1,1,-1
201501WW50928,2,21,0,2,0,0,0,0,0,0,3,1,6,1,49,8,4250,2,14,-1,1,-1
201501WW50929,1,8,0,18,0,0,0,0,0,0,1,1,6,1,39,7,2499,2,1,-1,1,-1
201501WW50929,2,3,0,18,0,0,0,0,0,0,1,1,6,1,26,6,109,1,1,-1,-1,-1
201501WW50930,1,9,0,9,0,8,0,0,0,0,1,1,6,1,26,6,1596,1,11,-1,1,-1
201501WW50930,2,1,0,18,0,8,0,0,0,0,1,1,6,1,35,6,-1,-1,-1,-1,1,-1
201501WW50931,1,9,0,16,0,8,0,0,0,0,2,1,6,1,46,8,-1,-1,-1,-1,1,-1
201501WW50931,2,9,0,16,0,8,0,0,0,0,1,1,6,2,-1,-1,1198,1,1,-1,-1,-1
201501WW50932,1,3,0,16,0,0,0,0,0,0,1,1,6,1,23,5,124,1,2,-1,1,-1
201501WW50933,1,5,0,18,0,8,0,0,0,0,1,1,6,1,35,6,675,1,4,-1,1,-1
201501WW50933,2,9,0,4,0,8,0,0,0,0,2,1,6,1,22,5,1986,2,8,-1,1,-1
201501WW50934,1,9,0,9,0,8,0,0,0,0,3,1,6,1,42,7,1781,1,10,-1,1,-1
201501WW50934,2,3,0,13,0,8,0,0,0,0,1,1,6,1,27,6,109,1,1,-1,1,-1
201501WW50935,1,9,0,7,0,8,0,0,0,0,1,1,6,2,72,10,1242,1,6,-1,3,-1
201501WW50935,2,1,0,18,0,8,0,0,0,0,1,1,6,1,31,6,-1,-1,-1,-1,1,-1
201501WW50936,1,11,0,4,0,0,0,0,0,0,0,1,1,1,33,6,6700,2,6,-1,-1,-1
201501WW50937,1,1,0,15,0,8,0,0,0,0,1,1,6,1,30,6,-1,-1,-1,-1,1,-1
201501WW50937,2,9,0,9,0,8,0,0,0,0,1,1,6,2,46,8,1999,1,13,-1,1,-1
201501WW50938,1,1,0,18,0,0,0,8,0,0,1,1,2,1,46,8,-1,-1,-1,-1,1,-1
201501WW50938,2,9,0,2,0,0,0,0,0,0,4,1,2,2,49,8,1998,1,13,-1,1,-1
201501WW50939,1,9,0,5,0,1,0,0,0,0,1,1,6,2,44,7,973,1,13,-1,1,-1
201501WW50940,1,9,0,18,0,8,0,0,0,0,1,1,6,1,39,7,1598,1,7,-1,1,-1
201501WW50940,2,1,0,9,0,8,0,0,0,0,1,1,6,1,50,8,-1,-1,-1,-1,1,-1
201501WW50941,1,9,0,4,0,0,0,0,0,0,2,1,6,1,23,5,1242,1,6,-1,1,-1
201501WW50941,2,9,0,4,0,0,0,0,0,0,2,1,6,1,19,4,1149,1,9,-1,1,-1
201501WW50941,3,19,0,18,0,0,0,0,0,0,1,1,6,1,29,6,1995,2,1,-1,1,-1
201501WW50942,1,3,0,18,0,8,0,0,0,0,4,1,6,1,34,6,125,1,2,-1,1,-1
201501WW50942,2,9,0,18,0,8,0,0,0,0,1,1,6,1,49,8,2993,2,1,-1,1,-1
201501WW50943,1,5,0,18,0,8,0,0,0,0,1,1,6,1,58,9,782,1,2,-1,3,-1
201501WW50943,2,1,0,18,0,8,0,0,0,0,1,1,6,1,28,6,-1,-1,-1,-1,1,-1
201501WW50944,1,9,0,4,0,8,0,0,0,0,2,1,6,1,34,6,1991,1,13,-1,1,-1
201501WW50944,2,8,0,18,0,8,0,0,0,0,1,1,6,1,35,6,-1,-1,-1,-1,1,-1
201501WW50945,1,5,0,9,0,8,0,0,0,0,4,1,6,1,44,7,-1,-1,-1,-1,1,-1
201501WW50945,2,21,4,9,0,8,0,0,0,0,3,2,1,1,34,6,-1,-1,-1,-1,-1,-1
201501WW50946,1,9,0,9,0,8,0,0,0,0,1,1,6,1,44,7,1560,2,5,-1,1,-1
201501WW50946,2,1,0,18,0,8,0,0,0,0,1,1,6,1,25,5,-1,-1,-1,-1,1,-1
201501WW50947,1,5,0,18,0,8,0,0,0,0,1,1,6,1,40,7,1285,1,-1,-1,1,-1
201501WW50948,1,1,0,14,0,0,0,0,0,0,1,1,6,1,29,6,-1,-1,-1,-1,1,-1
201501WW50948,2,19,0,6,0,0,0,0,0,0,3,1,1,1,-1,-1,-1,-1,-1,-1,-1,-1
201501WW50949,1,1,0,17,0,0,0,0,0,0,3,1,6,1,49,8,-1,-1,-1,-1,1,-1
201501WW50949,2,11,0,17,0,0,0,0,0,0,4,1,1,3,-1,-1,-1,-1,-1,-1,-1,-1
201501WW50950,1,9,0,9,0,8,0,0,0,0,1,1,6,2,22,5,1360,1,11,-1,1,-1
201501WW50950,2,3,0,14,0,8,0,0,0,0,1,1,6,2,37,7,-1,-1,-1,-1,1,-1
201501WW50951,1,11,0,4,0,1,0,0,0,0,0,1,1,1,55,8,3900,2,13,-1,1,-1
201501WW50952,1,9,0,9,0,8,0,0,0,0,4,1,1,2,22,5,1390,1,3,-1,1,-1
201501WW50952,2,1,0,15,4,8,0,0,0,0,1,1,1,1,42,7,-1,-1,-1,-1,1,-1
201501WW50953,1,1,0,18,4,8,0,0,0,0,1,1,6,1,37,7,-1,-1,-1,-1,1,-1
201501WW50953,2,9,0,9,0,8,0,0,0,0,4,1,6,2,29,6,1498,1,7,-1,1,-1
201501WW50954,1,3,0,18,0,0,0,0,0,0,1,1,6,1,24,5,124,1,8,-1,1,-1
201501WW50955,1,9,0,18,0,8,0,0,0,0,1,1,6,1,-1,-1,-1,-1,-1,-1,-1,-1
201501WW50955,2,19,0,3,0,8,0,0,0,0,2,1,1,1,29,6,1896,2,5,-1,1,-1
201501WW50956,1,3,0,18,0,8,0,0,0,0,1,1,6,1,24,5,124,1,-1,-1,1,-1
201501WW50956,2,9,0,9,0,8,0,0,0,0,1,1,6,1,24,5,1242,1,12,-1,1,-1
201501WW50957,1,1,0,18,0,8,0,0,0,0,1,1,6,1,26,6,-1,-1,-1,-1,1,-1
201501WW50957,2,9,0,9,0,8,0,0,0,0,1,1,6,2,25,5,1390,1,5,-1,1,-1
201501WW50958,1,9,0,1,0,8,0,0,0,0,2,1,1,1,-1,-1,-1,-1,-1,-1,-1,-1
201501WW50958,2,9,0,2,0,2,0,0,0,0,1,1,6,2,58,9,1197,1,-1,-1,1,-1
201501WW50959,1,9,0,2,0,1,0,0,0,0,3,1,6,1,-1,-1,1968,2,4,-1,1,-1
201501WW50959,2,1,0,14,0,1,0,0,0,0,1,1,6,1,27,6,-1,-1,-1,-1,3,-1
201501WW50960,1,9,0,16,0,8,0,0,0,0,2,2,6,1,39,7,-1,-1,-1,-1,1,-1
201501WW50960,2,8,0,16,0,8,0,0,0,0,1,1,1,1,53,8,-1,-1,-1,-1,1,-1
201501WW50961,1,1,0,18,0,2,0,0,0,0,1,1,6,1,54,8,-1,-1,-1,-1,1,-1
201501WW50961,2,8,0,17,0,2,0,0,0,0,3,1,1,1,45,7,1797,8,4,-1,1,-1
201501WW50962,1,9,0,4,0,8,0,0,0,0,2,1,6,1,33,6,1753,2,6,-1,1,-1
201501WW50962,2,9,0,18,0,8,0,0,0,0,1,1,6,1,27,6,-1,-1,-1,-1,1,-1
201501WW50963,1,5,0,18,0,0,0,0,0,0,2,1,6,1,35,6,999,1,6,-1,1,-1
201501WW50963,2,9,0,18,0,0,0,0,0,0,1,1,6,2,-1,-1,2967,2,1,-1,-1,-1