Accident_Index,Vehicle_Reference,Vehicle_Type,Towing_and_Articulation,Vehicle_Manoeuvre,Vehicle_Location-Restricted_Lane,Junction_Location,Skidding_and_Overturning,Hit_Object_in_Carriageway,Vehicle_Leaving_Carriageway,Hit_Object_off_Carriageway,1st_Point_of_Impact,Was_Vehicle_Left_Hand_Drive?,Journey_Purpose_of_Driver,Sex_of_Driver,Age_of_Driver,Age_Band_of_Driver,Engine_Capacity_(CC),Propulsion_Code,Age_of_Vehicle,Driver_IMD_Decile,Driver_Home_Area_Type,Vehicle_IMD_Decile
201501XD80194,1,11,0,5,0,2,0,0,0,0,0,1,1,1,29,6,9000,2,5,-1,1,-1
201501XD80195,1,9,0,7,0,8,0,0,0,0,3,1,6,1,51,8,1360,1,10,-1,1,-1
201501XD80195,2,1,0,18,0,8,0,0,0,0,1,1,6,1,38,7,-1,-1,-1,-1,1,-1
201501XD80196,1,9,0,14,0,0,0,0,0,0,1,1,6,1,50,8,1988,1,11,-1,1,-1
201501XD80196,2,11,0,3,0,0,0,0,0,0,0,1,1,3,-1,-1,-1,-1,-1,-1,-1,-1
201501XD80197,1,9,0,11,0,0,0,0,0,0,3,1,1,1,29,6,1582,2,2,-1,-1,-1
201501XD80198,1,9,0,9,0,8,0,0,0,0,3,1,6,2,25,5,1600,1,16,-1,1,-1
201501XD80198,2,1,0,18,0,8,0,0,0,0,1,1,6,1,37,7,-1,-1,-1,-1,1,-1
201501XD80199,1,9,0,14,0,0,0,0,0,0,4,1,6,1,41,7,1686,2,4,-1,1,-1
201501XD80200,1,1,0,18,0,0,0,0,0,0,1,1,2,1,33,6,-1,-1,-1,-1,1,-1
201501XD80201,1,9,0,7,0,1,0,0,0,0,4,1,6,1,21,5,-1,-1,-1,-1,1,-1
201501XD80201,2,9,0,7,0,1,0,0,0,0,3,1,6,1,68,10,1762,1,18,-1,1,-1
201501XD80202,1,11,0,18,0,1,0,0,0,0,0,1,1,1,49,8,4500,2,1,-1,1,-1
201501XD80203,1,19,0,10,0,8,0,0,0,0,1,1,6,2,26,6,1248,2,1,-1,1,-1
201501XD80203,2,9,0,18,0,1,0,0,0,0,1,1,6,1,81,11,-1,-1,-1,-1,1,-1
201501XD80203,3,9,0,9,0,8,0,0,0,0,1,1,6,2,32,6,3189,1,7,-1,1,-1
201501XD80204,1,9,0,18,0,0,0,0,0,0,1,1,6,1,60,9,1794,1,10,-1,1,-1
201501XD80205,1,9,0,3,0,8,0,0,0,0,2,1,2,1,57,9,1149,1,8,-1,1,-1
201501XD80205,2,19,0,18,0,8,0,0,0,0,1,1,1,1,-1,-1,2402,2,12,-1,-1,-1
201501XD80207,1,9,0,12,0,0,0,0,0,0,3,1,6,1,28,6,2656,1,11,-1,1,-1
201501XD80207,2,9,0,18,0,0,0,0,0,0,4,1,6,1,42,7,1560,2,5,-1,1,-1
201501XD80208,1,3,0,18,0,8,0,0,0,0,1,1,1,1,24,5,942,1,1,-1,1,-1
201501XD80209,1,9,0,16,0,8,0,4,0,0,4,1,2,2,58,9,1799,1,10,-1,1,-1
201501XD80209,2,9,0,2,0,8,0,0,0,0,3,1,6,2,38,7,-1,-1,-1,-1,1,-1
201501XD80210,1,9,0,17,0,8,0,0,0,0,4,1,6,1,34,6,1797,8,3,-1,1,-1
201501XD80210,2,9,0,18,0,8,0,0,0,0,1,1,6,3,-1,-1,-1,-1,-1,-1,-1,-1
201501XD80211,1,9,0,4,0,0,0,0,0,0,2,1,2,2,53,8,1799,1,7,-1,1,-1
201501XD80211,2,9,0,4,0,0,0,0,0,0,1,1,6,1,34,6,998,1,2,-1,1,-1
201501XD80212,1,9,0,18,0,1,0,0,0,0,1,1,6,3,-1,-1,-1,-1,-1,-1,-1,-1
201501XD80213,1,9,0,3,0,8,0,0,0,0,3,1,2,1,54,8,2597,1,11,-1,1,-1
201501XD80213,2,21,0,14,0,8,0,0,0,0,4,1,6,3,-1,-1,-1,-1,-1,-1,-1,-1
201501XD80214,1,9,0,18,0,0,0,0,0,0,1,1,6,1,33,6,-1,-1,-1,-1,-1,-1
201501XD80214,2,9,0,5,0,0,0,0,0,0,1,1,6,1,31,6,1995,1,7,-1,1,-1
201501XD80215,1,2,0,18,0,8,0,0,0,0,1,1,1,1,49,8,49,1,7,-1,1,-1
201501XD80216,1,19,0,9,0,1,0,0,0,0,3,1,2,1,57,9,-1,-1,-1,-1,1,-1
201501XD80216,2,3,0,13,0,1,0,0,0,0,4,1,2,1,25,5,124,1,3,-1,1,-1
201501XD80217,1,9,0,14,0,8,0,0,0,0,3,1,2,1,47,8,1242,1,3,-1,3,-1
201501XD80217,2,3,0,9,0,8,0,0,0,0,1,1,2,2,30,6,124,1,10,-1,1,-1
201501XD80218,1,1,0,18,0,8,0,0,0,0,1,1,2,1,23,5,-1,-1,-1,-1,1,-1
201501XD80219,1,19,0,4,0,0,0,0,0,0,1,1,1,1,45,7,2198,2,2,-1,-1,-1
201501XD80219,2,9,0,4,0,0,0,0,1,0,1,1,1,1,31,6,1596,1,6,-1,1,-1
201501XD80219,3,19,0,4,0,0,0,0,0,0,2,1,2,2,27,6,1868,2,10,-1,2,-1
201501XD80221,1,3,0,4,0,8,1,0,0,0,1,1,1,1,48,8,125,1,6,-1,1,-1
201501XD80221,2,9,0,4,0,8,0,0,0,0,2,1,1,1,22,5,2597,1,12,-1,1,-1
201501XD80222,1,1,0,18,0,8,0,0,0,0,1,1,1,1,33,6,-1,-1,-1,-1,1,-1
201501XD80222,2,9,0,9,0,8,0,0,0,0,3,1,6,1,25,5,1796,1,19,-1,1,-1
201501XD80223,1,19,0,5,0,7,0,0,0,0,4,1,1,1,41,7,1461,2,6,-1,1,-1
201501XD80223,2,1,0,18,0,8,0,0,0,0,1,1,6,1,49,8,-1,-1,-1,-1,1,-1
201501XD80224,1,9,0,2,0,8,0,0,0,0,3,1,1,1,30,6,1242,1,2,-1,1,-1
201501XD80224,2,1,0,14,0,8,0,4,1,0,1,1,2,1,35,6,-1,-1,-1,-1,1,-1
201501XD80224,3,21,0,18,0,8,0,0,0,0,3,1,2,1,54,8,-1,-1,-1,-1,1,-1
201501XD80225,1,3,0,18,0,0,0,0,0,0,0,1,6,1,21,5,124,1,15,-1,1,-1
201501XD80226,1,1,0,18,0,8,0,0,0,0,1,1,6,1,38,7,-1,-1,-1,-1,1,-1
201501XD80226,2,9,0,7,0,8,0,0,0,0,4,1,6,2,-1,-1,1400,2,10,-1,-1,-1
201501XD80227,1,9,0,3,0,0,0,0,0,0,1,1,2,1,51,8,1596,1,14,-1,1,-1
201501XD80227,2,20,0,5,0,0,0,0,0,0,2,1,1,1,-1,-1,-1,-1,-1,-1,-1,-1
201501XD80228,1,9,0,18,0,8,0,0,0,0,1,1,6,2,22,5,1198,1,8,-1,1,-1
201501XD80228,2,1,0,18,0,8,0,0,0,0,1,1,6,1,42,7,-1,-1,-1,-1,1,-1
201501XD80229,1,2,0,13,0,8,0,0,0,0,3,1,1,1,66,10,49,1,8,-1,1,-1
201501XD80229,2,9,0,9,0,8,0,0,0,0,1,1,2,1,-1,-1,1390,1,5,-1,-1,-1
201501XD80230,1,1,0,5,0,8,0,0,0,0,1,1,2,2,28,6,-1,-1,-1,-1,1,-1
201501XD80230,2,19,0,7,0,8,0,0,0,0,4,1,1,1,-1,-1,-1,-1,-1,-1,-1,-1
201501XD80231,1,19,0,9,0,8,0,0,0,0,1,1,2,1,36,7,1870,2,13,-1,1,-1
201501XD80232,1,11,0,4,0,8,0,0,0,0,0,1,1,1,53,8,9360,2,5,-1,1,-1
201501XD80233,1,2,0,4,0,8,0,0,0,0,1,1,2,1,27,6,-1,-1,-1,-1,1,-1
201501XD80234,1,19,0,18,0,8,0,0,0,0,1,1,1,1,29,6,2402,2,6,-1,1,-1
201501XD80234,2,9,0,3,0,8,0,0,0,0,2,1,6,1,73,10,1596,1,7,-1,1,-1
201501XD80235,1,9,0,5,0,0,0,4,0,0,3,1,2,1,49,8,-1,-1,-1,-1,1,-1
201501XD80235,2,9,0,18,0,0,0,0,0,0,4,1,6,1,29,6,1995,2,10,-1,1,-1
201501XD80235,3,9,0,2,0,0,0,0,0,0,3,1,6,1,41,7,1461,2,10,-1,-1,-1
201501XD80237,1,9,0,18,0,0,0,2,0,0,1,1,1,1,38,7,1968,2,3,-1,1,-1
201501XD80238,1,9,0,3,0,0,0,0,0,0,1,1,6,1,24,5,1396,1,12,-1,1,-1
201501XD80239,1,9,0,9,0,8,0,0,0,0,1,1,6,2,28,6,998,1,11,-1,1,-1
201501XD80239,2,21,1,9,0,8,0,0,0,0,3,1,1,3,-1,-1,-1,-1,-1,-1,-1,-1
201501XD80240,1,21,0,11,0,1,1,0,0,0,4,1,1,1,31,6,12900,2,3,-1,1,-1
201501XD80240,2,9,0,18,0,1,1,0,0,0,1,1,4,1,58,9,1339,1,-1,-1,1,-1
201501XD80241,1,9,0,4,0,0,0,0,0,0,1,1,3,2,35,6,1596,1,11,-1,1,-1
201501XD80241,2,9,0,5,0,0,0,0,0,0,2,1,1,1,56,9,-1,-1,-1,-1,1,-1
201501XD80242,1,10,0,4,0,8,0,0,0,0,1,1,6,1,38,7,2151,2,14,-1,1,-1
201501XD80242,2,9,0,4,0,8,0,0,0,0,2,1,6,1,44,7,2148,2,6,-1,1,-1
201501XD80243,1,9,0,4,0,8,0,0,0,0,1,1,1,1,64,9,-1,-1,-1,-1,1,-1
201501XD80244,1,3,0,4,0,8,0,0,0,0,1,1,6,1,24,5,125,1,4,-1,1,-1
201501XD80246,1,1,0,18,0,8,0,0,0,0,2,1,6,2,23,5,-1,-1,-1,-1,1,-1
201501XD80246,2,9,0,7,0,8,0,0,0,0,4,1,6,1,-1,-1,-1,-1,-1,-1,-1,-1
201501XD80247,1,9,0,15,0,0,0,4,8,4,1,1,6,1,22,5,-1,-1,-1,-1,1,-1
201501XD80247,2,9,0,2,0,0,0,0,0,0,2,1,6,2,49,8,1198,1,2,-1,1,-1
201501XD80247,3,9,0,2,0,0,0,0,0,0,2,1,4,1,41,7,2354,1,10,-1,1,-1
201501XD80248,1,1,0,18,0,8,0,0,0,0,1,1,6,1,45,7,-1,-1,-1,-1,1,-1
201501XD80248,2,9,0,3,0,8,0,0,0,0,2,1,6,1,49,8,1598,1,7,-1,1,-1
201501XD80249,1,9,0,16,0,8,0,0,0,0,2,1,6,1,28,6,1809,1,23,-1,1,-1
201501XD80249,2,9,0,18,0,8,0,0,0,0,1,1,6,1,36,7,1388,1,12,-1,1,-1
201501XD80250,1,3,0,11,0,0,1,0,0,0,1,1,6,1,32,6,124,1,8,-1,1,-1
201501XD80250,2,9,0,5,0,0,0,0,0,0,1,1,6,1,52,8,-1,-1,-1,-1,1,-1
201501XD80251,1,3,0,18,0,0,0,0,0,0,1,1,2,1,21,5,125,1,4,-1,1,-1
201501XD80251,2,9,0,9,0,0,0,0,1,0,4,1,2,2,62,9,999,1,7,-1,1,-1
201501XD80252,1,8,0,9,0,8,0,0,0,0,1,1,1,1,39,7,1390,1,7,-1,1,-1
201501XD80252,2,8,0,18,0,8,0,0,0,0,3,1,1,1,35,6,1396,1,11,-1,1,-1
201501XD80253,1,9,0,9,0,0,0,0,0,0,3,1,6,2,30,6,1229,1,9,-1,1,-1
201501XD80253,2,3,0,14,0,0,0,0,0,0,1,1,1,1,21,5,125,1,5,-1,1,-1
201501XD80254,1,8,0,4,0,0,0,0,0,0,1,1,1,1,27,6,-1,-1,-1,-1,1,-1
201501XD80255,1,9,0,3,0,0,0,0,0,0,1,1,6,1,38,7,1598,1,8,-1,1,-1
201501XD80255,2,9,0,5,0,0,0,0,0,0,2,1,6,1,77,11,1590,1,13,-1,1,-1
201501XD80256,1,9,0,18,0,8,0,0,0,0,3,1,2,2,45,7,1560,2,4,-1,1,-1
201501XD80256,2,8,0,9,0,8,0,0,0,0,1,1,1,1,-1,-1,1398,1,5,-1,-1,-1
201501XD80257,1,9,0,3,0,0,0,0,0,0,1,1,6,2,30,6,1995,1,12,-1,1,-1
201501XD80257,2,9,0,4,0,0,0,0,0,0,2,1,6,2,-1,-1,1596,1,11,-1,-1,-1
201501XD80258,1,1,0,16,0,2,0,0,0,0,1,1,6,2,54,8,-1,-1,-1,-1,1,-1
201501XD80258,2,9,0,7,0,2,0,0,0,0,4,1,6,1,-1,-1,-1,-1,-1,-1,-1,-1
201501XD80259,1,9,0,3,0,0,0,0,0,0,2,1,6,2,30,6,1299,1,7,-1,1,-1
201501XD80259,2,9,0,18,0,0,0,0,0,0,1,1,6,1,18,4,-1,-1,-1,-1,1,-1
201501XD80260,1,9,0,18,0,8,0,0,0,0,2,1,6,1,78,11,1388,1,9,-1,1,-1
201501XD80262,1,9,0,9,0,8,0,0,0,0,1,1,2,2,44,7,1995,2,2,-1,2,-1
201501XD80263,1,9,0,16,0,8,0,0,0,0,2,1,6,1,37,7,1995,2,5,-1,1,-1
201501XD80263,2,9,0,16,0,8,0,0,0,0,1,1,6,1,-1,-1,1339,1,9,-1,-1,-1
201501XD80265,1,9,0,11,0,0,0,0,0,0,4,2,6,2,31,6,-1,-1,-1,-1,1,-1
201501XD80265,2,9,0,18,0,0,0,0,0,0,1,1,6,1,55,8,2362,1,14,-1,1,-1
201501XD80266,1,11,0,16,0,8,0,0,0,0,0,1,1,1,39,7,6700,2,6,-1,1,-1
201501XD80267,1,11,0,16,0,0,0,0,0,0,0,1,1,1,48,8,9000,2,5,-1,1,-1
201501XD80268,1,5,0,16,0,8,0,0,0,0,3,1,6,1,35,6,750,1,13,-1,1,-1
201501XD80268,2,9,0,18,0,8,0,0,0,0,3,1,6,1,-1,-1,1995,2,1,-1,3,-1
201501XD80268,3,9,0,17,0,8,0,0,0,0,1,1,6,3,-1,-1,-1,-1,-1,-1,-1,-1
201501XD80269,1,9,0,4,0,0,0,0,0,0,3,1,6,1,54,8,1596,1,3,-1,1,-1
201501XD80270,1,9,0,7,0,8,0,0,0,0,2,1,3,1,29,6,1799,1,8,-1,1,-1
201501XD80270,2,9,0,7,0,8,0,0,1,0,1,1,3,1,65,9,2143,2,6,-1,1,-1
201501XD80271,1,9,0,5,0,8,0,0,1,0,3,1,6,2,25,5,1598,1,8,-1,1,-1
201501XD80271,2,1,0,13,0,8,0,0,0,0,1,1,6,1,45,7,-1,-1,-1,-1,1,-1
201501XD80272,1,9,0,3,0,8,0,0,0,0,2,1,2,1,35,6,1896,2,10,-1,1,-1
201501XD80272,2,9,0,4,0,8,0,0,0,0,1,1,6,1,-1,-1,1242,1,13,-1,-1,-1
201501XD80273,1,3,0,14,0,0,0,0,0,0,1,1,1,1,18,4,-1,-1,-1,-1,1,-1
201501XD80273,2,9,0,14,0,0,0,0,0,0,1,1,6,1,-1,-1,1497,8,8,-1,-1,-1
201501XD80276,1,8,0,7,0,8,0,0,0,0,1,1,1,1,36,7,1910,2,8,-1,1,-1
201501XD80277,1,9,0,9,0,8,0,0,0,0,3,1,2,1,71,10,1360,1,22,-1,1,-1
201501XD80277,2,9,0,18,0,8,0,0,0,0,1,1,6,3,-1,-1,1796,1,10,-1,-1,-1
201501XD80278,1,9,0,3,0,0,0,0,0,0,2,1,1,1,28,6,999,1,5,-1,-1,-1
201501XD80278,2,9,0,4,0,0,0,0,0,0,1,1,6,1,46,8,1229,1,4,-1,1,-1
201501XD80278,3,9,0,4,0,0,0,0,0,0,2,1,6,1,41,7,1497,8,7,-1,1,-1
201501XD80278,4,9,0,18,0,0,0,0,1,0,1,1,6,2,-1,-1,1339,8,5,-1,1,-1
201501XD80279,1,9,0,3,0,0,0,0,0,0,2,1,6,2,37,7,1389,1,11,-1,1,-1
201501XD80279,2,9,0,4,0,0,0,0,0,0,1,1,6,1,-1,-1,1198,1,10,-1,1,-1
201501XD80280,1,11,0,4,0,0,0,0,0,0,0,1,1,1,52,8,4500,2,6,-1,1,-1
201501XD80281,1,9,0,4,0,0,0,0,0,0,4,1,2,2,28,6,1951,2,11,-1,1,-1
201501XD80281,2,9,0,12,0,0,0,0,0,0,1,1,6,1,28,6,1895,1,14,-1,1,-1
201501XD80281,3,19,0,4,0,0,0,0,0,0,4,1,6,1,33,6,1560,2,1,-1,1,-1
201501XD80281,4,9,0,4,0,0,0,0,0,0,2,1,4,1,37,7,1896,2,8,-1,1,-1
201501XD80282,1,9,0,4,0,0,0,0,0,0,1,1,2,2,50,8,973,1,12,-1,1,-1
201501XD80282,2,9,0,4,0,0,0,0,0,0,1,1,2,2,50,8,-1,-1,-1,-1,1,-1
201501XD80283,1,2,0,9,0,8,0,0,0,0,0,1,1,1,20,4,108,1,-1,-1,1,-1
201501XD80283,2,19,0,18,0,8,0,0,0,0,0,1,1,1,-1,-1,2198,2,1,-1,1,-1
201501XD80284,1,8,0,9,0,8,0,0,0,0,1,1,1,1,45,7,1796,1,5,-1,-1,-1
201501XD80284,2,3,0,9,0,8,0,0,0,0,2,1,6,1,20,4,124,1,5,-1,1,-1
201501XD80284,3,8,0,9,0,8,0,0,0,0,2,1,1,1,43,7,1996,2,4,-1,1,-1
201501XD80285,1,9,0,18,0,0,0,10,7,0,0,1,2,2,38,7,1341,1,11,-1,1,-1
201501XD80286,1,9,0,3,0,8,0,0,0,0,2,1,6,1,33,6,1364,1,8,-1,1,-1
201501XD80286,2,9,0,18,0,8,0,0,1,0,1,1,6,3,-1,-1,1388,1,11,-1,1,-1
201501XD80287,1,9,0,9,0,8,0,0,0,0,3,1,6,1,21,5,-1,-1,-1,-1,1,-1
201501XD80287,2,9,0,9,0,8,0,0,0,0,1,1,6,2,38,7,1598,1,10,-1,1,-1
201501XD80288,1,9,0,3,0,0,0,0,0,0,2,1,6,1,79,11,1388,1,5,-1,1,-1
201501XD80288,2,9,0,3,0,0,0,0,0,0,2,1,6,2,56,9,1339,1,3,-1,1,-1
201501XD80288,3,9,0,4,0,0,0,0,0,0,1,1,6,1,25,5,1229,1,5,-1,1,-1
201501XD80289,1,9,0,2,0,0,0,0,0,0,3,1,2,2,41,7,-1,-1,-1,-1,1,-1
201501XD80289,2,19,0,1,0,0,0,4,0,0,2,1,1,3,-1,-1,-1,-1,-1,-1,-1,-1
201501XD80290,1,9,0,18,0,8,0,0,0,0,3,1,1,1,36,7,1796,1,12,-1,1,-1
201501XD80290,2,19,0,5,0,8,0,0,0,0,1,1,1,1,-1,-1,1248,2,10,-1,-1,-1
201501XD80291,1,9,0,4,0,8,0,0,0,0,2,1,4,1,41,7,-1,-1,-1,-1,1,-1
201501XD80291,2,2,0,18,0,8,0,0,0,0,1,1,6,1,-1,-1,-1,-1,-1,-1,-1,-1
201501XD80292,1,9,0,18,0,1,0,4,0,0,1,1,6,1,51,8,1597,1,14,-1,1,-1
201501XD80292,2,9,0,2,0,1,0,4,0,0,1,1,6,1,30,6,1796,1,9,-1,1,-1
201501XD80292,3,9,0,2,0,1,0,0,0,0,1,1,6,1,59,9,2597,1,15,-1,1,-1
201501XD80293,1,9,0,9,0,8,0,0,0,0,1,1,6,2,22,5,1598,1,12,-1,1,-1
201501XD80293,2,1,0,18,0,8,0,0,0,0,3,1,2,2,34,6,-1,-1,-1,-1,1,-1
201501XD80294,1,9,0,3,0,0,0,0,0,0,2,1,1,1,41,7,1910,2,7,-1,-1,-1
201501XD80294,2,9,0,18,0,0,0,0,0,0,1,1,1,1,52,8,999,1,2,-1,1,-1
201501XD80295,1,9,0,18,0,8,0,0,0,0,1,1,4,2,69,10,1339,1,1,-1,1,-1
201501XD80296,1,9,0,5,0,8,0,0,0,0,1,1,2,1,38,7,1796,1,7,-1,1,-1
201501XD80296,2,1,0,18,0,8,0,0,0,0,4,1,2,1,53,8,-1,-1,-1,-1,1,-1
201501XD80297,1,9,0,18,0,0,0,0,0,0,1,1,6,1,-1,-1,-1,-1,-1,-1,-1,-1
201501XD80298,1,9,0,16,0,8,0,0,0,0,2,1,2,1,38,7,1560,2,7,-1,-1,-1
201501XD80298,2,19,0,16,0,8,0,0,0,0,1,1,1,1,34,6,2402,2,11,-1,1,-1
201501XD80299,1,9,0,3,0,0,0,0,0,0,4,1,6,2,48,8,1598,1,8,-1,1,-1
201501XD80299,2,1,0,15,0,0,0,8,0,0,1,1,6,1,26,6,-1,-1,-1,-1,-1,-1
201501XD80301,1,9,0,5,9,0,0,0,0,0,4,1,6,1,-1,-1,1799,1,8,-1,-1,-1
201501XD80302,1,8,0,9,0,7,0,0,0,0,4,1,6,1,-1,-1,2148,2,11,-1,-1,-1
201501XD80302,2,9,0,18,0,8,0,0,0,0,1,1,6,2,41,7,1595,1,1,-1,1,-1
201501XD80303,1,9,0,8,0,1,0,0,0,0,2,1,6,1,21,5,1198,1,8,-1,1,-1
201501XD80303,2,9,0,4,0,1,0,0,0,0,1,1,6,1,-1,-1,2148,2,10,-1,1,-1
201501XD80304,1,8,0,4,0,1,1,7,1,1,1,1,1,1,52,8,-1,-1,-1,-1,1,-1
201501XD80305,1,9,0,3,0,8,0,0,0,0,2,1,2,1,38,7,1248,1,2,-1,1,-1
201501XD80305,2,9,0,18,0,8,0,0,0,0,1,1,6,1,-1,-1,998,1,1,-1,-1,-1
201501XD80306,1,9,0,3,0,0,0,0,0,0,2,1,6,1,38,7,1896,2,10,-1,1,-1
201501XD80306,2,9,0,4,0,0,0,0,0,0,1,1,6,1,49,8,1796,1,14,-1,-1,-1
201501XD80306,3,9,0,14,0,0,0,0,0,0,0,1,1,2,-1,-1,1560,2,1,-1,1,-1
201501XD80307,1,19,0,4,0,0,0,0,1,0,2,1,2,1,35,6,2198,2,7,-1,1,-1
201501XD80307,2,3,0,4,0,0,0,0,0,0,1,1,2,1,29,6,124,1,-1,-1,1,-1
201501XD80308,1,9,0,18,0,8,0,0,0,0,2,1,6,2,22,5,1240,1,10,-1,1,-1
201501XD80308,2,9,0,18,0,1,0,0,0,0,1,1,6,1,-1,-1,1596,1,16,-1,2,-1
201501XD80309,1,1,0,18,4,8,0,0,0,0,1,1,6,1,32,6,-1,-1,-1,-1,1,-1
201501XD80309,2,9,0,9,0,8,0,0,0,0,1,1,6,2,28,6,2987,2,8,-1,1,-1
201501XD80310,1,9,0,3,0,7,0,0,0,0,2,1,6,2,52,8,1339,1,3,-1,1,-1
201501XD80310,2,9,0,3,0,7,0,0,0,0,2,1,6,2,38,7,998,1,8,-1,-1,-1
201501XD80310,3,9,0,4,0,7,0,0,0,0,1,1,6,1,26,6,1339,1,4,-1,1,-1
201501XD80311,1,11,0,3,0,0,0,0,0,0,0,1,1,1,-1,-1,-1,-1,-1,-1,-1,-1
201501XD80312,1,3,0,18,0,0,0,0,0,0,1,1,1,1,-1,-1,-1,-1,-1,-1,-1,-1
201501XD80312,2,9,0,18,0,0,0,0,0,0,3,2,6,1,-1,-1,-1,-1,-1,-1,-1,-1
201501XD80313,1,9,0,9,0,8,0,0,0,0,0,1,6,2,54,8,1998,1,11,-1,1,-1
201501XD80313,2,3,0,18,0,8,0,0,0,0,3,1,6,1,35,6,109,1,2,-1,1,-1
201501XD80314,1,3,0,13,0,8,0,0,0,0,1,1,6,1,44,7,125,1,3,-1,1,-1
201501XD80314,2,9,0,9,0,8,0,0,0,0,3,1,6,1,27,6,-1,-1,-1,-1,1,-1
201501XD80315,1,90,0,10,0,8,0,0,0,0,4,1,1,1,31,6,-1,-1,-1,-1,-1,-1
201501XD80315,2,1,0,18,0,8,0,0,0,0,1,1,6,1,19,4,-1,-1,-1,-1,1,-1
201501XD80317,1,9,0,18,0,1,0,0,0,0,3,1,6,1,50,8,-1,-1,-1,-1,3,-1
201501XD80317,2,9,0,5,0,1,0,0,0,0,0,1,6,2,24,5,998,1,4,-1,1,-1
201501XD80318,1,8,0,4,0,0,0,0,1,10,1,1,1,1,26,6,2148,2,7,-1,1,-1
201501XD80321,1,9,0,9,0,8,0,0,0,0,3,1,6,2,55,8,1198,1,11,-1,1,-1
201501XD80321,2,3,0,14,0,8,0,0,0,0,1,1,6,1,20,4,124,1,8,-1,1,-1
201501XD80322,1,3,0,18,0,0,0,0,0,0,3,1,2,1,26,6,125,1,1,-1,-1,-1
201501XD80322,2,9,0,11,0,0,0,0,0,0,4,1,6,2,34,6,1198,1,11,-1,1,-1
201501XD80323,1,5,0,18,0,2,1,0,0,0,1,1,6,1,29,6,599,1,-1,-1,1,-1
201501XD80323,2,9,0,18,0,2,0,0,0,0,2,1,6,1,31,6,-1,-1,-1,-1,1,-1
201501XD80324,1,11,0,18,0,8,0,0,0,0,1,1,1,2,53,8,9000,2,7,-1,1,-1
201501XD80326,1,9,0,3,0,1,0,0,0,0,1,1,6,1,58,9,2496,1,11,-1,1,-1
201501XD80326,2,9,0,3,0,1,0,0,0,0,2,1,6,1,35,6,1360,1,8,-1,1,-1
201501XD80326,3,9,0,4,0,1,0,0,0,0,2,1,6,1,55,8,1497,1,12,-1,1,-1
201501XD80329,1,9,0,18,0,8,0,0,0,0,1,1,6,1,44,7,1229,1,1,-1,-1,-1
201501XD80329,2,9,0,9,0,8,0,10,1,0,4,1,6,1,57,9,1769,1,15,-1,1,-1
201501XD80330,1,5,0,18,0,1,1,4,0,0,4,1,6,1,22,5,599,1,19,-1,1,-1
201501XD80330,2,9,0,2,0,1,0,0,0,0,3,1,6,3,-1,-1,1229,1,4,-1,-1,-1
201501XD80331,1,5,0,18,0,8,0,0,0,0,4,1,6,1,41,7,-1,-1,-1,-1,1,-1
201501XD80331,2,9,0,9,0,8,0,0,0,0,1,1,6,1,29,6,2987,2,5,-1,1,-1
201501XD80332,1,9,0,18,0,0,0,0,0,0,1,1,6,1,-1,-1,1498,1,7,-1,-1,-1
201501XD80334,1,19,0,4,0,0,0,0,0,0,2,1,6,1,27,6,-1,-1,-1,-1,1,-1
201501XD80334,2,4,0,18,0,0,0,0,0,0,1,1,6,1,-1,-1,108,1,3,-1,-1,-1
201501XD80335,1,9,0,3,0,8,0,0,0,0,2,1,3,1,37,7,2295,1,15,-1,3,-1
201501XD80335,2,9,0,18,0,8,0,0,0,0,1,1,6,1,-1,-1,1598,1,8,-1,-1,-1
201501XD80336,1,9,0,18,0,1,0,0,0,0,4,1,6,2,-1,-1,1364,1,6,-1,-1,-1
201501XD80337,1,9,0,10,0,8,0,0,0,0,2,1,6,1,49,8,1149,1,8,-1,1,-1
201501XD80337,2,9,0,9,0,1,0,0,0,0,1,1,6,2,43,7,1587,1,8,-1,1,-1
201501XD80338,1,9,0,8,0,1,0,0,0,0,2,1,6,2,57,9,1995,2,6,-1,1,-1
201501XD80338,2,9,0,4,0,1,0,0,0,0,1,1,6,3,-1,-1,998,1,18,-1,-1,-1
201501XD80340,1,3,0,18,0,8,0,0,0,0,4,1,1,1,23,5,124,1,3,-1,1,-1
201501XD80340,2,1,0,18,0,8,0,0,0,0,1,1,6,1,57,9,-1,-1,-1,-1,-1,-1
201501XD80341,1,9,0,9,0,8,0,0,0,0,1,1,2,1,27,6,1242,1,14,-1,1,-1
201501XD80341,2,9,0,18,0,8,0,0,0,0,3,1,6,2,-1,-1,1798,1,2,-1,1,-1
201501XD80343,1,9,0,18,0,2,0,0,0,0,1,1,1,1,57,9,-1,-1,-1,-1,1,-1
201501XD80343,2,3,0,10,0,2,0,0,0,0,2,1,2,1,-1,-1,-1,-1,-1,-1,1,-1
201501XD80345,1,9,0,6,0,0,0,4,0,0,4,1,6,1,45,7,1587,1,7,-1,1,-1
201501XD80345,2,3,0,18,0,0,0,0,0,0,1,1,6,1,31,6,125,1,7,-1,1,-1
201501XD80345,3,9,0,2,0,0,0,0,0,0,2,1,6,3,-1,-1,980,1,24,-1,-1,-1
201501XD80346,1,11,0,2,0,8,0,0,0,0,4,1,1,1,36,7,4500,2,1,-1,1,-1
201501XD80346,2,21,1,9,9,8,0,4,0,0,3,2,1,1,64,9,-1,-1,-1,-1,1,-1
201501XD80347,1,9,0,18,0,8,0,10,3,4,1,1,6,2,85,11,1390,1,13,-1,-1,-1
201501XD80347,2,9,0,4,0,8,0,0,0,0,0,1,6,2,37,7,1995,2,7,-1,-1,-1
201501XD80348,1,9,0,7,0,8,0,0,0,0,1,1,6,2,51,8,1339,1,1,-1,1,-1
201501XD80349,1,3,0,18,0,0,0,0,0,0,1,1,6,1,20,4,125,1,4,-1,1,-1