Accident_Index,Vehicle_Reference,Vehicle_Type,Towing_and_Articulation,Vehicle_Manoeuvre,Vehicle_Location-Restricted_Lane,Junction_Location,Skidding_and_Overturning,Hit_Object_in_Carriageway,Vehicle_Leaving_Carriageway,Hit_Object_off_Carriageway,1st_Point_of_Impact,Was_Vehicle_Left_Hand_Drive?,Journey_Purpose_of_Driver,Sex_of_Driver,Age_of_Driver,Age_Band_of_Driver,Engine_Capacity_(CC),Propulsion_Code,Age_of_Vehicle,Driver_IMD_Decile,Driver_Home_Area_Type,Vehicle_IMD_Decile
201501XD80350,1,9,0,4,0,8,0,0,0,0,1,1,2,1,36,7,1398,1,15,-1,1,-1
201501XD80351,1,9,0,12,0,8,0,0,0,0,3,1,6,1,66,10,4942,1,21,-1,1,-1
201501XD80351,2,4,0,18,0,8,0,0,0,0,4,1,6,1,66,10,500,1,56,-1,1,-1
201501XD80352,1,11,0,4,0,0,0,0,0,0,0,1,1,1,42,7,9360,2,5,-1,1,-1
201501XD80353,1,3,0,4,0,8,0,0,0,0,0,1,2,1,-1,-1,124,1,4,-1,1,-1
201501XD80354,1,9,0,18,0,8,0,0,0,0,2,1,6,1,34,6,2000,2,6,-1,1,-1
201501XD80354,2,19,0,18,0,1,0,0,0,0,1,1,1,1,34,6,2198,2,8,-1,1,-1
201501XD80355,1,8,0,7,0,8,0,0,0,0,1,1,1,1,31,6,1797,8,5,-1,1,-1
201501XD80355,2,9,0,1,0,8,0,0,0,0,2,1,6,1,-1,-1,1229,1,10,-1,-1,-1
201501XD80356,1,9,0,4,0,1,0,0,0,0,2,1,6,2,21,5,998,1,11,-1,1,-1
201501XD80356,2,9,0,18,0,1,0,0,0,0,1,1,6,2,-1,-1,-1,-1,-1,-1,1,-1
201501XD80357,1,8,0,18,0,8,0,0,0,0,2,1,1,1,25,5,1396,1,10,-1,1,-1
201501XD80357,2,9,0,4,0,8,0,0,0,0,1,1,6,1,-1,-1,1560,2,-1,-1,1,-1
201501XD80359,1,3,0,5,0,8,0,0,0,0,3,1,1,2,29,6,-1,-1,-1,-1,1,-1
201501XD80359,2,8,0,5,0,1,0,0,0,0,4,1,1,1,55,8,1497,8,7,-1,1,-1
201501XD80360,1,9,0,18,0,0,0,0,0,0,1,1,6,1,37,7,1390,1,15,-1,1,-1
201501XD80361,1,9,0,18,0,0,0,0,0,0,1,1,2,1,30,6,3993,1,1,-1,1,-1
201501XD80361,2,9,0,3,0,0,0,0,0,0,2,1,2,1,40,7,-1,-1,-1,-1,1,-1
201501XD80361,3,9,0,3,0,0,0,0,0,0,0,1,2,1,23,5,1390,1,5,-1,1,-1
201501XD80361,4,9,0,3,0,0,0,0,0,0,2,1,2,2,47,8,998,1,21,-1,-1,-1
201501XD80361,5,9,0,3,0,0,0,0,0,0,2,1,2,1,54,8,1986,2,10,-1,1,-1
201501XD80362,1,9,0,9,0,8,1,0,0,0,4,1,6,1,59,9,-1,-1,-1,-1,1,-1
201501XD80362,2,9,0,18,0,8,0,0,0,0,1,1,6,1,29,6,1984,1,7,-1,-1,-1
201501XD80363,1,9,0,5,0,8,0,0,0,0,1,1,6,2,36,7,1796,1,8,-1,1,-1
201501XD80363,2,1,0,18,0,8,0,0,0,0,4,1,6,1,45,7,-1,-1,-1,-1,1,-1
201501XD80364,1,5,0,18,0,8,0,10,1,2,4,1,2,1,31,6,919,1,12,-1,1,-1
201501XD80364,2,9,0,9,0,8,0,0,0,0,3,1,6,3,-1,-1,-1,-1,-1,-1,-1,-1
201501XD80365,1,9,0,11,0,0,0,0,0,0,3,1,2,2,41,7,1339,8,9,-1,1,-1
201501XD80365,2,5,0,13,0,0,0,0,0,0,1,1,2,1,49,8,1250,1,13,-1,1,-1
201501XD80366,1,9,0,18,0,8,0,0,0,0,1,1,6,1,-1,-1,1596,1,10,-1,1,-1
201501XD80366,2,3,0,9,0,8,0,0,0,0,3,1,6,1,32,6,125,1,6,-1,1,-1
201501XD80367,1,11,0,4,0,0,0,0,0,0,4,1,1,1,53,8,4500,2,6,-1,1,-1
201501XD80368,1,9,0,7,0,8,0,0,0,0,1,1,2,1,40,7,1896,2,10,-1,1,-1
201501XD80368,2,90,0,12,0,8,0,0,0,0,1,1,6,3,-1,-1,-1,-1,-1,-1,-1,-1
201501XD80369,1,19,0,5,0,8,0,0,1,0,2,1,2,1,31,6,1753,2,3,-1,1,-1
201501XD80369,2,9,0,18,0,8,0,0,0,0,1,1,6,1,-1,-1,2148,2,7,-1,-1,-1
201501XD80370,1,3,0,3,0,8,0,0,0,0,2,1,6,1,51,8,1050,1,6,-1,1,-1
201501XD80370,2,20,0,5,0,8,0,0,0,0,1,1,2,1,63,9,6870,2,3,-1,2,-1
201501XD80370,3,9,0,3,0,8,0,0,0,0,2,1,1,2,25,5,1390,1,7,-1,1,-1
201501XD80371,1,9,0,18,0,8,0,0,0,0,1,1,6,1,31,6,-1,-1,-1,-1,1,-1
201501XD80373,1,9,0,18,0,8,0,0,0,0,3,1,6,1,57,9,1998,1,15,-1,1,-1
201501XD80373,2,8,0,7,0,8,0,0,0,0,3,1,3,1,40,7,1686,2,2,-1,1,-1
201501XD80374,1,2,0,9,0,8,0,0,0,0,3,1,6,1,20,4,49,1,7,-1,1,-1
201501XD80374,2,9,0,18,0,8,0,0,0,0,1,1,6,1,33,6,-1,-1,-1,-1,1,-1
201501XD80375,1,9,0,18,0,0,0,0,0,0,3,1,6,1,23,5,1390,1,4,-1,1,-1
201501XD80375,2,9,0,1,0,0,0,0,0,0,3,1,6,1,17,4,1995,2,10,-1,1,-1
201501XD80376,1,9,0,11,0,0,0,0,0,0,4,1,2,1,64,9,2993,2,4,-1,2,-1
201501XD80376,2,5,0,18,0,0,0,0,0,0,3,1,2,1,39,7,599,1,13,-1,1,-1
201501XD80377,1,9,0,18,0,8,0,0,0,0,1,1,6,1,51,8,-1,-1,-1,-1,1,-1
201501XD80377,2,3,0,9,0,8,0,0,0,0,4,1,6,1,18,4,124,1,10,-1,1,-1
201501XD80378,1,3,0,4,0,8,0,0,0,0,1,1,2,1,25,5,125,1,9,-1,1,-1
201501XD80378,2,9,0,5,0,8,0,0,0,0,3,1,6,3,-1,-1,-1,-1,-1,-1,-1,-1
201501XD80379,1,2,0,18,0,8,1,0,0,0,1,1,1,1,22,5,114,1,1,-1,1,-1
201501XD80379,2,2,0,9,0,8,0,0,0,0,2,1,6,1,33,6,108,1,2,-1,-1,-1
201501XD80380,1,9,0,9,0,8,0,0,0,0,1,1,6,1,33,6,1600,1,4,-1,1,-1
201501XD80380,2,9,0,9,0,8,0,0,0,0,1,1,6,1,56,9,1910,2,8,-1,1,-1
201501XD80381,1,19,0,7,0,8,0,0,0,0,3,1,1,1,66,10,2402,2,7,-1,1,-1
201501XD80381,2,9,0,9,0,8,0,0,0,0,3,1,6,2,32,6,1339,1,13,-1,1,-1
201501XD80382,1,19,0,7,0,8,0,0,0,0,1,1,1,1,51,8,1248,2,4,-1,-1,-1
201501XD80382,2,1,0,5,0,8,0,0,1,0,3,1,2,1,34,6,-1,-1,-1,-1,1,-1
201501XD80383,1,9,0,18,0,8,0,7,1,1,1,1,1,1,22,5,1968,2,4,-1,1,-1
201501XD80383,2,9,0,9,0,8,0,0,0,0,1,1,6,1,28,6,1998,1,20,-1,1,-1
201501XD80384,1,9,0,4,0,8,0,0,0,0,3,1,6,1,25,5,1149,1,10,-1,1,-1
201501XD80385,1,9,0,6,0,8,0,0,0,0,3,1,2,2,33,6,1596,1,11,-1,1,-1
201501XD80385,2,5,0,15,0,8,0,0,0,0,1,1,2,1,36,7,599,1,7,-1,1,-1
201501XD80386,1,9,0,18,0,8,0,4,0,0,3,1,6,1,26,6,1461,2,1,-1,1,-1
201501XD80386,2,9,0,2,0,8,0,0,0,0,2,1,6,3,-1,-1,2776,2,8,-1,-1,-1
201501XD80386,3,9,0,2,0,8,0,0,0,0,2,1,6,1,32,6,2490,1,19,-1,-1,-1
201501XD80386,4,9,0,2,0,8,0,0,0,0,1,1,6,1,29,6,-1,-1,-1,-1,1,-1
201501XD80387,1,9,0,9,0,8,0,0,0,0,1,1,3,2,40,7,1798,8,3,-1,1,-1
201501XD80387,2,1,0,9,0,8,0,0,0,0,1,1,2,1,26,6,-1,-1,-1,-1,1,-1
201501XD80388,1,9,0,11,0,2,0,0,0,0,4,1,6,3,-1,-1,1910,2,10,-1,-1,-1
201501XD80388,2,5,0,18,0,2,0,0,0,0,3,1,2,1,45,7,599,1,10,-1,1,-1
201501XD80388,3,9,0,12,0,2,0,0,0,0,3,1,2,2,25,5,1910,2,9,-1,-1,-1
201501XD80388,4,21,1,18,0,2,0,0,0,0,2,1,1,1,-1,-1,12809,2,2,-1,1,-1
201501XD80389,1,9,0,18,0,0,0,10,1,2,4,1,6,1,43,7,-1,-1,-1,-1,1,-1
201501XD80389,2,1,0,18,0,0,0,0,0,0,1,1,6,1,21,5,-1,-1,-1,-1,1,-1
201501XD80390,1,5,0,4,0,0,0,0,1,0,1,1,1,1,49,8,670,1,2,-1,1,-1
201501XD80390,2,21,0,5,0,0,0,0,1,0,2,1,1,1,-1,-1,12900,2,8,-1,1,-1
201501XD80391,1,9,0,5,0,8,0,0,0,0,3,1,2,1,21,5,1149,1,14,-1,3,-1
201501XD80391,2,9,0,9,0,8,0,0,0,0,1,1,6,1,-1,-1,998,1,6,-1,1,-1
201501XD80392,1,3,0,18,0,8,0,0,0,0,1,1,2,1,38,7,125,1,2,-1,1,-1
201501XD80392,2,9,0,7,0,8,0,0,0,0,4,1,1,2,40,7,1364,2,8,-1,1,-1
201501XD80393,1,3,0,4,0,8,0,0,0,0,1,1,2,1,23,5,124,1,6,-1,1,-1
201501XD80394,1,20,0,7,0,8,0,0,0,0,0,1,1,1,65,9,4461,2,4,-1,-1,-1
201501XD80394,2,5,0,4,0,8,0,0,0,0,0,1,2,1,55,8,892,1,17,-1,1,-1
201501XD80396,1,9,0,7,0,8,0,0,0,0,4,1,6,2,67,10,-1,-1,-1,-1,1,-1
201501XD80397,1,9,0,18,0,8,0,0,0,0,1,1,2,2,31,6,1364,1,7,-1,1,-1
201501XD80397,2,3,0,3,0,8,0,0,0,0,2,1,2,1,32,6,125,1,3,-1,1,-1
201501XD80399,1,1,0,14,0,8,0,0,0,0,4,1,1,1,48,8,-1,-1,-1,-1,1,-1
201501XD80399,2,9,0,9,0,8,0,0,0,0,1,1,1,2,-1,-1,1796,1,9,-1,-1,-1
201501XD80400,1,3,0,9,0,8,0,0,0,0,3,1,6,1,22,5,124,1,4,-1,1,-1
201501XD80400,2,9,0,13,0,8,0,0,0,0,2,1,6,1,30,6,1798,8,3,-1,1,-1
201501XD80401,1,3,0,13,0,8,0,0,0,0,4,1,6,1,48,8,125,1,1,-1,1,-1
201501XD80401,2,9,0,14,0,8,0,0,0,0,3,1,2,1,42,7,-1,-1,-1,-1,1,-1
201501XD80402,1,9,0,9,0,8,0,0,0,0,3,1,2,1,38,7,1796,1,11,-1,1,-1
201501XD80402,2,4,0,18,0,8,0,0,0,0,1,1,6,2,39,7,249,1,6,-1,1,-1
201501XD80403,1,9,0,9,0,8,0,0,0,0,1,1,2,1,28,6,-1,-1,-1,-1,1,-1
201501XD80403,2,1,0,7,0,8,0,0,0,0,4,1,2,2,32,6,-1,-1,-1,-1,1,-1
201501XD80404,1,9,0,18,0,8,0,0,0,0,4,1,6,1,32,6,1149,1,4,-1,1,-1
201501XD80404,2,9,0,9,0,8,0,0,0,0,1,1,6,2,72,10,1595,1,8,-1,1,-1
201501XD80405,1,9,0,4,0,0,0,0,0,0,1,1,6,1,23,5,1364,1,7,-1,1,-1
201501XD80405,2,1,0,5,0,0,0,0,0,0,4,1,6,2,9,2,-1,-1,-1,-1,1,-1
201501XD80406,1,9,0,7,0,8,0,0,0,0,4,1,2,1,30,6,1398,1,3,-1,1,-1
201501XD80406,2,9,0,15,0,8,0,0,1,0,1,1,2,1,45,7,998,1,12,-1,1,-1
201501XD80408,1,1,0,11,0,8,0,0,0,0,1,1,6,1,39,7,-1,-1,-1,-1,1,-1
201501XD80408,2,9,0,12,0,8,0,0,0,0,3,1,6,3,-1,-1,-1,-1,-1,-1,-1,-1
201501XD80409,1,9,0,3,0,0,0,0,0,0,2,1,6,1,38,7,1598,1,-1,-1,1,-1
201501XD80409,2,9,0,4,0,0,0,0,0,0,2,1,6,2,22,5,1242,1,7,-1,1,-1
201501XD80409,3,9,0,4,0,0,0,0,0,0,1,1,6,2,24,5,1390,1,10,-1,1,-1
201501XD80411,1,9,0,18,0,0,0,0,0,0,1,1,6,2,44,7,1984,1,7,-1,1,-1
201501XD80411,2,3,0,18,0,0,0,0,0,0,1,1,6,1,30,6,125,1,10,-1,1,-1
201501XD80412,1,19,0,7,0,8,0,0,0,0,4,1,1,1,46,8,1560,2,-1,-1,3,-1
201501XD80412,2,1,0,18,0,8,0,0,0,0,1,1,2,1,69,10,-1,-1,-1,-1,1,-1
201501XD80413,1,9,0,4,0,0,0,0,0,0,3,1,6,1,57,9,1984,1,14,-1,1,-1
201501XD80413,2,1,0,18,0,0,0,0,0,0,3,1,6,2,38,7,-1,-1,-1,-1,1,-1
201501XD80414,1,9,0,9,0,8,0,0,0,0,1,1,6,2,22,5,1242,1,3,-1,1,-1
201501XD80415,1,9,0,3,0,8,0,0,0,0,2,1,2,2,36,7,1390,1,9,-1,1,-1
201501XD80415,2,19,0,18,0,8,0,0,0,0,1,1,1,1,37,7,2200,2,9,-1,-1,-1
201501XD80415,3,90,0,1,0,8,0,0,0,0,0,1,1,3,-1,-1,-1,-1,-1,-1,-1,-1
201501XD80416,1,3,0,13,0,8,0,0,0,0,4,1,2,1,27,6,108,1,2,-1,1,-1
201501XD80417,1,9,0,5,0,8,0,0,0,0,1,1,6,1,45,7,-1,-1,-1,-1,1,-1
201501XD80417,2,3,0,14,0,8,0,0,0,0,1,1,6,1,23,5,124,1,5,-1,1,-1
201501XD80418,1,11,0,18,0,0,0,0,0,0,0,1,1,1,26,6,9000,2,4,-1,1,-1
201501XD80420,1,3,0,9,0,8,0,0,0,0,3,1,2,1,23,5,108,1,1,-1,1,-1
201501XD80420,2,9,0,13,0,8,0,0,0,0,1,1,6,1,38,7,1598,2,4,-1,1,-1
201501XD80421,1,9,0,18,0,0,0,0,0,0,1,1,2,1,27,6,1797,8,6,-1,1,-1
201501XD80421,2,9,0,4,0,0,0,0,1,0,2,1,2,1,24,5,1598,1,9,-1,1,-1
201501XD80423,1,5,0,13,0,8,1,0,1,0,0,1,2,1,32,6,695,1,7,-1,1,-1
201501XD80423,2,9,0,9,0,8,0,0,0,0,0,1,6,1,-1,-1,1995,2,2,-1,-1,-1
201501XD80424,1,9,0,4,0,8,0,0,0,0,2,1,2,2,45,7,1390,1,16,-1,1,-1
201501XD80424,2,5,0,12,0,8,0,0,0,0,1,1,2,1,-1,-1,675,1,7,-1,1,-1
201501XD80425,1,9,0,18,0,8,0,0,0,0,4,1,1,2,45,7,1461,2,5,-1,1,-1
201501XD80425,2,9,0,7,0,8,0,0,0,0,1,1,1,1,28,6,-1,-1,-1,-1,1,-1
201501XD80427,1,9,0,18,0,0,0,10,1,0,1,1,1,1,40,7,1797,8,5,-1,1,-1
201501XD80427,2,9,0,18,0,0,0,0,0,0,1,1,6,1,50,8,1781,1,19,-1,1,-1
201501XD80428,1,3,0,17,0,8,0,0,0,0,4,1,4,1,55,8,250,1,-1,-1,1,-1
201501XD80428,2,9,0,12,0,8,0,0,0,0,1,1,6,1,38,7,-1,-1,-1,-1,1,-1
201501XD80430,1,11,0,4,0,1,0,0,0,0,0,1,1,1,53,8,9000,2,4,-1,1,-1
201501XD80431,1,11,0,4,0,0,0,0,0,0,1,2,1,1,41,7,-1,-1,-1,-1,1,-1
201501XD80432,1,19,0,18,0,8,0,0,0,0,1,1,6,1,52,8,-1,-1,-1,-1,1,-1
201501XD80432,2,9,0,18,0,8,0,0,0,0,3,1,4,1,67,10,2487,2,16,-1,1,-1
201501XD80433,1,9,0,4,0,0,0,0,0,0,1,1,6,1,48,8,998,1,8,-1,1,-1
201501XD80434,1,5,0,4,0,0,0,0,0,0,1,1,2,1,47,8,680,1,9,-1,2,-1
201501XD80435,1,5,0,14,0,0,0,4,0,0,4,1,6,1,30,6,649,1,2,-1,-1,-1
201501XD80435,2,9,0,2,0,0,0,0,0,0,3,1,6,1,45,7,-1,-1,-1,-1,1,-1
201501XD80436,1,9,0,4,0,0,0,0,0,0,1,1,6,1,47,8,1905,1,23,-1,1,-1
201501XD80436,2,19,0,1,0,0,0,4,0,0,2,1,1,1,33,6,-1,-1,-1,-1,1,-1
201501XD80437,1,3,0,18,0,8,0,0,0,0,2,1,6,1,19,4,125,1,1,-1,1,-1
201501XD80437,2,9,0,18,0,8,0,0,0,0,1,1,6,2,22,5,1390,1,12,-1,1,-1
201501XD80438,1,9,0,18,0,8,0,0,0,0,1,1,6,2,54,8,998,1,4,-1,1,-1
201501XD80438,2,1,0,16,0,8,0,0,0,0,4,1,6,1,42,7,-1,-1,-1,-1,1,-1
201501XD80439,1,9,0,18,0,8,0,0,0,0,3,1,6,1,35,6,1686,2,4,-1,1,-1
201501XD80439,2,9,0,9,0,8,0,0,0,0,1,1,6,3,-1,-1,-1,-1,-1,-1,-1,-1
201501XD80440,1,3,0,13,0,1,0,0,0,0,3,1,6,1,39,7,599,1,10,-1,1,-1
201501XD80440,2,9,0,9,0,1,0,0,0,0,0,1,6,2,31,6,3222,2,10,-1,1,-1
201501XD80441,1,19,0,18,0,0,0,0,0,0,1,1,2,1,26,6,2461,2,8,-1,1,-1
201501XD80441,2,19,0,3,0,0,0,0,0,0,2,1,6,1,-1,-1,-1,-1,-1,-1,-1,-1
201501XD80441,3,9,0,3,0,0,0,0,0,0,2,1,1,1,41,7,1988,1,14,-1,1,-1
201501XD80441,4,9,0,3,0,0,0,0,0,0,2,1,2,1,52,8,1998,1,10,-1,1,-1
201501XD80442,1,9,0,5,0,8,0,0,0,0,2,1,6,1,60,9,2987,2,10,-1,1,-1
201501XD80442,2,9,0,5,0,8,0,0,1,0,1,1,6,1,59,9,2148,2,9,-1,1,-1
201501XD80443,1,9,0,3,0,0,0,0,1,0,2,1,6,1,58,9,1798,1,5,-1,1,-1
201501XD80443,2,9,0,4,0,0,0,0,0,0,2,1,6,2,45,7,1149,1,13,-1,1,-1
201501XD80443,3,9,0,4,0,0,0,0,0,0,1,1,6,2,64,9,1199,1,1,-1,1,-1
201501XD80444,1,1,0,18,0,8,0,0,0,0,3,1,6,2,29,6,-1,-1,-1,-1,-1,-1
201501XD80444,2,9,0,13,0,8,0,0,0,0,1,1,6,1,29,6,2143,2,1,-1,1,-1
201501XD80445,1,1,0,14,0,8,0,0,0,0,1,1,6,1,26,6,-1,-1,-1,-1,1,-1
201501XD80445,2,9,0,9,0,8,0,0,0,0,0,1,6,2,21,5,1240,1,11,-1,1,-1
201501XD80445,3,9,0,4,0,8,0,0,0,0,3,1,6,2,57,9,1995,2,2,-1,1,-1
201501XD80445,4,3,0,5,0,8,0,0,0,0,4,1,6,1,31,6,125,1,1,-1,1,-1
201501XD80446,1,9,0,4,0,0,0,0,0,0,2,1,1,2,29,6,1686,2,9,-1,1,-1
201501XD80446,2,9,0,4,0,0,0,0,0,0,1,1,1,1,34,6,1995,2,12,-1,1,-1
201501XD80446,3,9,0,4,0,0,0,0,0,0,1,1,1,1,22,5,1397,1,6,-1,1,-1
201501XD80446,4,9,0,4,0,0,0,0,0,0,1,1,1,1,21,5,2099,1,12,-1,3,-1
201501XD80447,1,5,0,13,0,0,0,0,0,0,4,1,6,1,40,7,124,1,4,-1,1,-1
201501XD80447,2,9,0,9,0,0,0,0,0,0,3,1,6,1,29,6,3189,1,8,-1,1,-1
201501XD80448,1,3,0,16,0,8,0,0,0,0,2,1,6,1,35,6,-1,-1,-1,-1,-1,-1
201501XD80448,2,9,0,16,0,8,0,0,1,0,1,1,6,1,36,7,2204,2,10,-1,1,-1
201501XD80449,1,9,0,17,0,1,0,0,0,0,2,1,6,2,52,8,-1,-1,-1,-1,1,-1
201501XD80449,2,9,0,17,0,1,0,0,0,0,2,1,6,1,48,8,1200,1,1,-1,1,-1
201501XD80449,3,9,0,17,0,1,0,0,0,0,1,1,6,2,49,8,-1,-1,-1,-1,1,-1
201501XD80450,1,9,0,9,0,8,0,0,0,0,3,1,6,1,66,10,3222,2,10,-1,1,-1
201501XD80450,2,5,0,18,0,8,0,0,0,0,1,1,6,1,39,7,599,1,13,-1,1,-1
201501XD80451,1,9,0,18,0,0,0,4,0,0,1,1,6,2,60,9,1364,2,6,-1,1,-1
201501XD80451,2,9,0,2,0,0,0,0,0,0,3,1,6,1,49,8,1598,1,10,-1,1,-1
201501XD80451,3,9,0,2,0,0,0,0,0,0,2,1,6,1,45,7,1956,2,5,-1,-1,-1
201501XD80451,4,9,0,2,0,0,0,0,0,0,1,1,6,1,54,8,1796,1,8,-1,1,-1
201501XD80452,1,8,0,18,0,0,0,4,4,10,1,1,6,1,76,11,2402,2,11,-1,1,-1
201501XD80452,2,9,0,2,0,0,0,0,0,0,2,1,6,1,45,7,-1,-1,-1,-1,1,-1
201501XD80453,1,9,0,9,0,8,0,0,0,0,1,1,6,1,18,4,2993,2,11,-1,1,-1
201501XD80453,2,9,0,18,0,8,0,0,0,0,1,1,6,1,19,4,1400,1,15,-1,1,-1
201501XD80454,1,9,0,9,0,8,0,0,0,0,3,1,1,1,27,6,2993,2,1,-1,1,-1
201501XD80455,1,9,0,9,0,8,0,0,0,0,1,1,6,1,68,10,1242,1,5,-1,-1,-1
201501XD80455,2,9,0,16,0,8,0,0,0,0,1,1,6,1,-1,-1,1984,1,10,-1,1,-1
201501XD80457,1,3,0,18,0,8,0,0,0,0,3,1,6,1,18,4,124,1,12,-1,1,-1
201501XD80457,2,8,0,9,0,8,0,0,0,0,1,1,1,1,55,8,1796,1,10,-1,1,-1
201501XD80458,1,19,0,7,0,8,0,0,0,0,4,1,6,1,54,8,1968,2,4,-1,1,-1
201501XD80461,1,19,0,9,0,8,0,0,0,0,1,1,6,1,-1,-1,-1,-1,-1,-1,-1,-1
201501XD80462,1,9,0,18,0,8,0,0,0,0,2,1,6,1,63,9,1395,1,1,-1,1,-1
201501XD80462,2,9,0,9,0,8,0,0,0,0,1,1,6,1,62,9,1590,1,18,-1,1,-1
201501XD80463,1,19,0,18,0,8,0,0,0,0,3,1,1,1,33,6,1248,2,8,-1,1,-1
201501XD80463,2,9,0,9,0,8,0,0,0,0,1,1,6,2,32,6,2993,2,7,-1,1,-1
201501XD80464,1,9,0,18,0,8,0,0,0,0,1,1,6,1,35,6,1598,1,13,-1,1,-1
201501XD80464,2,9,0,9,0,8,0,0,0,0,1,1,6,1,49,8,1895,1,13,-1,1,-1
201501XD80466,1,9,0,9,0,8,0,0,0,0,1,1,1,1,39,7,-1,-1,-1,-1,1,-1
201501XD80466,2,11,0,9,0,8,0,0,0,0,3,1,1,1,29,6,7300,2,12,-1,1,-1
201501XD80468,1,9,0,9,0,8,0,0,0,0,1,1,6,1,67,10,1598,1,9,-1,1,-1
201501XD80469,1,9,0,11,0,0,0,0,0,0,4,1,6,1,25,5,1910,2,9,-1,1,-1
201501XD80469,2,5,0,18,0,0,0,0,0,0,3,1,6,1,30,6,675,1,-1,-1,1,-1
201501XD80471,1,9,0,18,0,8,0,0,0,0,4,1,6,2,38,7,1796,1,10,-1,1,-1
201501XD80472,1,90,0,18,0,8,0,0,0,0,1,1,1,1,-1,-1,2464,2,8,-1,-1,-1
201501XD80472,2,3,0,3,0,8,0,0,0,0,2,1,2,1,21,5,124,1,-1,-1,1,-1
201501XD80473,1,9,0,12,0,0,0,0,0,0,3,1,2,1,46,8,1596,1,13,-1,1,-1
201501XD80473,2,3,0,18,0,0,0,0,0,0,4,1,2,1,27,6,125,1,2,-1,-1,-1
201501XD80475,1,9,0,9,0,8,0,0,0,0,3,1,6,2,26,6,1397,1,13,-1,-1,-1
201501XD80475,2,3,0,13,0,8,0,0,0,0,1,1,6,1,18,4,49,1,7,-1,1,-1
201501XD80476,1,9,0,18,0,1,0,0,0,0,1,1,6,2,36,7,1600,1,16,-1,1,-1
201501XD80477,1,9,0,7,0,8,0,0,0,0,2,1,6,1,36,7,2148,2,10,-1,1,-1
201501XD80477,2,8,0,7,0,8,0,0,0,0,1,1,1,1,32,6,1997,2,5,-1,1,-1
201501XD80478,1,1,0,18,0,8,0,0,0,0,4,1,6,1,24,5,-1,-1,-1,-1,1,-1
201501XD80478,2,9,0,7,0,8,0,0,0,0,3,1,6,2,-1,-1,-1,3,-1,-1,-1,-1
201501XD80479,1,3,0,18,0,8,0,0,0,0,4,1,6,3,-1,-1,124,1,5,-1,-1,-1
201501XD80480,1,9,0,4,0,8,0,0,0,0,1,1,6,1,48,8,-1,-1,-1,-1,1,-1
201501XD80480,2,9,0,4,0,8,0,0,0,0,2,1,6,2,68,10,1339,1,12,-1,1,-1
201501XD80481,1,9,0,18,0,8,0,0,0,0,4,1,6,1,-1,-1,1995,1,4,-1,-1,-1
201501XD80482,1,19,0,4,0,1,0,0,0,0,1,1,1,1,49,8,1870,2,9,-1,1,-1
201501XD80482,2,9,0,3,0,1,0,0,0,0,2,1,6,2,40,7,1198,1,8,-1,1,-1
201501XD80482,3,9,0,3,0,1,0,0,0,0,2,1,6,2,61,9,2204,2,9,-1,1,-1
201501XD80484,1,21,0,18,0,0,0,0,0,0,4,1,1,1,49,8,12740,2,4,-1,1,-1
201501XD80484,2,9,0,15,0,0,0,0,0,0,3,1,6,1,49,8,1388,1,13,-1,1,-1
201501XD80485,1,9,0,4,0,0,0,0,0,0,2,1,6,1,42,7,1796,1,11,-1,1,-1
201501XD80485,2,5,0,18,0,0,0,0,0,0,1,1,6,1,28,6,599,1,8,-1,1,-1
201501XD80486,1,9,0,16,0,0,1,10,2,2,1,1,6,1,57,9,1997,1,1,-1,1,-1
201501XD80487,1,9,0,9,0,8,0,0,0,0,0,1,6,2,53,8,993,1,13,-1,1,-1
201501XD80487,2,1,0,17,0,8,0,0,0,0,0,1,6,1,37,7,-1,-1,-1,-1,1,-1
201501XD80488,1,9,0,3,0,8,0,0,0,0,2,1,6,2,29,6,1598,1,8,-1,1,-1
201501XD80488,2,9,0,18,0,8,0,0,0,0,1,1,6,3,-1,-1,-1,-1,-1,-1,-1,-1
201501XD80488,3,9,0,3,0,8,0,0,0,0,2,1,6,3,-1,-1,1998,1,13,-1,1,-1
201501XD80489,1,5,0,18,0,8,0,0,0,0,1,1,6,1,26,6,645,1,14,-1,1,-1
201501XD80489,2,9,0,9,0,8,0,0,0,0,1,1,6,1,31,6,1900,2,11,-1,1,-1
201501XD80490,1,19,0,17,0,8,0,0,0,0,4,1,6,1,32,6,1968,2,2,-1,1,-1
201501XD80491,1,9,0,4,0,0,0,0,0,0,1,1,6,1,42,7,1968,2,7,-1,1,-1
201501XD80491,2,9,0,4,0,0,0,0,0,0,2,1,6,2,36,7,1796,1,10,-1,-1,-1
201501XD80492,1,9,0,2,0,0,0,0,0,0,4,1,6,1,29,6,1598,1,14,-1,1,-1
201501XD80492,2,1,0,18,0,0,0,8,0,0,1,1,6,1,39,7,-1,-1,-1,-1,1,-1
201501XD80493,1,9,0,3,0,8,0,0,0,0,2,1,6,1,29,6,1497,8,7,-1,1,-1
201501XD80493,2,19,0,3,0,8,0,0,0,0,2,1,6,1,62,9,2198,2,4,-1,1,-1
201501XD80493,3,9,0,4,0,8,0,0,0,0,1,1,6,2,23,5,1124,1,14,-1,1,-1
201501XD80494,1,9,0,18,0,0,0,0,0,0,1,1,6,2,44,7,1598,1,8,-1,1,-1
201501XD80495,1,21,0,18,0,0,0,10,4,6,1,1,1,1,62,9,12900,2,8,-1,1,-1
201501XD80495,2,9,0,18,0,0,0,0,0,0,2,1,6,1,50,8,1910,2,7,-1,1,-1
201501XD80495,3,9,0,18,0,0,0,0,0,0,2,1,6,1,53,8,1995,2,5,-1,-1,-1
201501XD80495,4,9,0,18,0,0,0,0,0,0,2,1,6,1,38,7,4395,1,2,-1,1,-1