Accident_Index,Vehicle_Reference,Vehicle_Type,Towing_and_Articulation,Vehicle_Manoeuvre,Vehicle_Location-Restricted_Lane,Junction_Location,Skidding_and_Overturning,Hit_Object_in_Carriageway,Vehicle_Leaving_Carriageway,Hit_Object_off_Carriageway,1st_Point_of_Impact,Was_Vehicle_Left_Hand_Drive?,Journey_Purpose_of_Driver,Sex_of_Driver,Age_of_Driver,Age_Band_of_Driver,Engine_Capacity_(CC),Propulsion_Code,Age_of_Vehicle,Driver_IMD_Decile,Driver_Home_Area_Type,Vehicle_IMD_Decile
201501XD80495,5,9,0,18,0,0,0,0,0,0,2,2,6,2,24,5,-1,-1,-1,-1,1,-1
201501XD80495,6,9,0,18,0,0,0,0,0,0,2,1,6,1,50,8,1797,8,5,-1,1,-1
201501XD80496,1,9,0,9,0,8,0,0,0,0,1,1,6,1,32,6,1984,1,5,-1,1,-1
201501XD80498,1,1,0,18,0,8,0,0,0,0,1,1,6,1,32,6,-1,-1,-1,-1,1,-1
201501XD80498,2,9,0,9,0,8,0,0,0,0,1,1,6,2,-1,-1,1796,1,13,-1,1,-1
201501XD80500,1,9,0,9,0,8,0,0,0,0,1,1,6,1,24,5,1595,1,10,-1,1,-1
201501XD80500,2,1,0,18,0,8,0,0,0,0,1,1,6,2,33,6,-1,-1,-1,-1,1,-1
201501XD80501,1,9,0,1,0,2,0,0,0,0,2,1,6,1,26,6,-1,-1,-1,-1,1,-1
201501XD80502,1,1,0,18,0,0,0,8,0,0,1,1,6,1,28,6,-1,-1,-1,-1,1,-1
201501XD80502,2,9,0,2,0,0,0,0,0,0,3,1,6,2,-1,-1,1781,1,14,-1,1,-1
201501XD80503,1,9,0,18,0,8,2,10,1,2,1,1,6,1,28,6,3246,1,11,-1,1,-1
201501XD80504,1,9,0,6,0,8,0,0,0,0,3,1,6,1,32,6,1248,1,5,-1,1,-1
201501XD80504,2,3,0,18,0,8,0,0,0,0,1,1,6,1,28,6,125,1,-1,-1,1,-1
201501XD80505,1,5,0,4,0,8,0,0,0,0,3,1,6,1,32,6,-1,-1,-1,-1,1,-1
201501XD80506,1,5,0,18,0,8,0,0,0,0,1,1,6,1,47,8,1340,1,-1,-1,1,-1
201501XD80506,2,9,0,9,0,8,0,0,0,0,3,1,6,3,-1,-1,1998,2,6,-1,-1,-1
201501XD80507,1,3,0,18,0,8,0,0,0,0,4,1,6,1,26,6,125,1,4,-1,1,-1
201501XD80507,2,9,0,12,0,8,0,0,0,0,3,1,6,1,32,6,1388,1,12,-1,1,-1
201501XD80509,1,9,0,17,0,1,0,0,0,0,4,1,6,3,-1,-1,-1,-1,-1,-1,-1,-1
201501XD80511,1,9,0,1,0,0,0,0,0,0,2,1,6,1,31,6,1998,1,12,-1,1,-1
201501XD80512,1,9,0,1,0,0,0,0,0,0,2,1,6,1,56,9,2987,2,10,-1,-1,-1
201501XD80512,2,9,0,2,0,0,0,0,0,0,1,1,6,1,-1,-1,-1,-1,-1,-1,-1,-1
201501XD80513,1,9,0,18,0,8,0,0,0,0,1,1,6,1,40,7,2967,2,8,-1,1,-1
201501XD80513,2,9,0,7,0,8,0,0,0,0,3,1,6,2,25,5,1388,1,11,-1,1,-1
201501XD80515,1,9,0,18,0,1,0,0,0,0,4,1,6,1,26,6,1598,1,11,-1,1,-1
201501XD80515,2,9,0,12,0,1,0,0,0,0,3,1,6,1,-1,-1,-1,-1,-1,-1,-1,-1
201501XD80516,1,9,0,17,0,8,0,0,0,0,3,1,6,1,46,8,2231,2,9,-1,1,-1
201501XD80516,2,9,0,11,0,8,0,0,0,0,4,1,6,1,-1,-1,-1,-1,-1,-1,-1,-1
201501XD80517,1,2,0,18,0,0,0,0,0,0,1,1,6,1,41,7,124,1,5,-1,1,-1
201501XD80517,2,9,0,6,0,0,0,0,0,0,4,1,6,1,46,8,1339,8,5,-1,1,-1
201501XD80518,1,8,0,7,0,2,0,0,0,0,2,1,6,1,43,7,2499,2,8,-1,1,-1
201501XD80518,2,3,0,7,0,2,0,0,0,0,1,1,6,2,28,6,124,1,4,-1,1,-1
201501XD80519,1,9,0,4,0,0,0,0,0,0,2,1,6,2,43,7,998,1,1,-1,1,-1
201501XD80519,2,5,0,18,0,0,0,0,0,0,1,1,6,1,26,6,-1,-1,-1,-1,-1,-1
201501XD80520,1,9,0,18,0,8,0,0,0,0,3,1,6,1,30,6,2148,2,7,-1,1,-1
201501XD80520,2,9,0,7,0,8,0,0,0,0,3,1,6,1,-1,-1,1896,2,12,-1,1,-1
201501XD80521,1,9,0,7,0,8,0,0,0,0,3,1,6,2,22,5,1388,1,5,-1,1,-1
201501XD80521,2,9,0,18,0,8,0,0,0,0,1,1,6,1,21,5,1197,1,-1,-1,1,-1
201501XD80522,1,9,0,18,0,8,0,0,0,0,2,1,6,1,29,6,1598,1,7,-1,1,-1
201501XD80522,2,9,0,18,0,8,0,0,0,0,1,1,6,1,39,7,2993,2,8,-1,1,-1
201501XD80523,1,11,0,18,0,1,0,0,0,0,1,1,1,1,62,9,-1,-1,-1,-1,1,-1
201501XD80524,1,3,0,18,0,0,0,0,0,0,3,1,6,2,31,6,125,1,-1,-1,1,-1
201501XD80526,1,9,0,18,0,0,0,10,1,4,4,1,6,2,-1,-1,-1,-1,-1,-1,1,-1
201501XD80527,1,9,0,18,0,8,0,0,0,0,3,1,6,1,50,8,-1,-1,-1,-1,1,-1
201501XD80527,2,9,0,18,0,8,0,0,0,0,1,1,6,2,-1,-1,-1,-1,-1,-1,1,-1
201501XD80528,1,9,0,4,0,0,0,0,0,0,2,1,6,1,21,5,1086,1,11,-1,1,-1
201501XD80528,2,9,0,18,0,0,0,0,0,0,1,1,6,1,47,8,1997,2,7,-1,1,-1
201501XD80529,1,5,0,4,0,1,0,0,0,0,2,1,6,1,27,6,599,1,9,-1,1,-1
201501XD80529,2,5,0,4,0,1,0,0,0,0,1,1,6,1,32,6,636,1,11,-1,1,-1
201501XD80530,1,11,0,3,0,1,0,0,0,0,3,1,1,2,31,6,-1,-1,-1,-1,1,-1
201501XD80530,2,21,1,7,0,2,0,0,0,0,3,2,1,1,-1,-1,-1,-1,-1,-1,-1,-1
201501XD80531,1,11,0,4,0,8,0,0,0,0,0,1,1,1,42,7,9000,2,5,-1,1,-1
201501XD80532,1,9,0,2,0,0,0,0,0,0,4,1,6,1,-1,-1,2148,2,12,-1,-1,-1
201501XD80532,2,1,0,15,0,0,0,8,0,0,1,1,6,1,42,7,-1,-1,-1,-1,1,-1
201501XD80533,1,1,0,18,0,1,0,0,0,0,3,1,2,1,40,7,-1,-1,-1,-1,1,-1
201501XD80533,2,9,0,13,0,1,0,0,0,0,4,1,6,1,-1,-1,1299,1,11,-1,1,-1
201501XD80534,1,3,0,18,0,2,0,0,0,0,4,1,6,1,29,6,125,1,4,-1,1,-1
201501XD80534,2,9,0,6,0,2,0,0,0,0,3,1,6,1,54,8,3227,2,14,-1,1,-1
201501XD80535,1,9,0,18,0,8,0,0,0,0,1,1,6,1,46,8,990,1,20,-1,1,-1
201501XD80536,1,9,0,4,0,8,0,0,0,0,2,1,6,2,38,7,-1,-1,-1,-1,1,-1
201501XD80536,2,9,0,18,0,8,0,0,0,0,1,1,6,1,-1,-1,-1,-1,-1,-1,-1,-1
201501XD80537,1,9,0,3,0,1,0,0,0,0,2,1,6,1,61,9,4000,1,8,-1,1,-1
201501XD80537,2,3,0,4,0,1,0,0,0,0,1,1,6,1,21,5,124,1,-1,-1,1,-1
201501XD80538,1,9,0,9,0,8,0,0,0,0,3,1,6,2,31,6,2993,2,8,-1,1,-1
201501XD80538,2,5,0,18,0,8,0,0,0,0,1,1,6,1,22,5,125,1,11,-1,1,-1
201501XD80539,1,9,0,13,0,1,0,0,0,0,4,1,6,2,69,10,1796,1,8,-1,1,-1
201501XD80539,2,1,0,18,0,1,0,0,0,0,3,1,6,1,37,7,-1,-1,-1,-1,-1,-1
201501XD80540,1,9,0,4,0,1,0,0,0,0,1,1,6,1,54,8,1796,1,6,-1,1,-1
201501XD80540,2,9,0,4,0,1,0,0,0,0,2,1,6,2,23,5,1461,2,5,-1,-1,-1
201501XD80541,1,9,0,18,0,8,0,0,0,0,4,1,6,2,34,6,-1,-1,-1,-1,1,-1
201501XD80541,2,2,0,7,0,8,0,0,0,0,1,1,6,1,-1,-1,49,1,14,-1,-1,-1
201501XD80542,1,1,0,18,4,0,0,0,0,0,3,1,2,1,46,8,-1,-1,-1,-1,1,-1
201501XD80542,2,11,0,9,0,0,0,0,0,0,1,1,1,3,-1,-1,6871,2,8,-1,-1,-1
201501XD80543,1,4,0,18,0,2,0,0,0,0,1,1,6,1,46,8,937,1,21,-1,1,-1
201501XD80543,2,5,0,6,0,2,0,0,0,0,4,1,6,1,53,8,-1,-1,-1,-1,-1,-1
201501XD80544,1,9,0,6,0,0,0,0,0,0,3,1,6,1,25,5,1598,1,13,-1,1,-1
201501XD80544,2,3,0,18,0,0,0,0,0,0,1,1,6,1,30,6,125,1,6,-1,1,-1
201501XD80545,1,5,0,4,0,1,0,0,0,0,0,1,6,1,34,6,999,1,4,-1,1,-1
201501XD80546,1,11,0,4,0,2,0,0,0,0,0,1,1,1,55,8,9360,2,6,-1,1,-1
201501XD80548,1,9,0,2,0,8,0,0,0,0,3,1,6,1,36,7,2199,2,5,-1,1,-1
201501XD80548,2,3,0,18,0,8,0,0,0,0,1,1,6,1,-1,-1,-1,-1,-1,-1,-1,-1
201501XD80549,1,3,0,4,0,8,0,0,0,0,4,1,1,1,49,8,125,1,7,-1,1,-1
201501XD80549,2,9,0,12,0,8,0,0,0,0,3,1,6,2,52,8,1796,1,12,-1,1,-1
201501XD80550,1,8,0,7,0,8,0,0,1,0,0,1,1,1,48,8,2987,2,5,-1,1,-1
201501XD80551,1,9,0,4,0,0,0,0,0,0,3,1,6,1,34,6,1124,1,13,-1,1,-1
201501XD80552,1,9,0,4,0,8,0,0,0,0,1,1,6,1,41,7,1896,2,13,-1,1,-1
201501XD80554,1,9,0,9,0,8,0,0,0,0,1,1,6,1,64,9,1998,1,16,-1,1,-1
201501XD80554,2,9,0,18,0,8,0,0,0,0,1,1,6,1,19,4,1797,8,5,-1,2,-1
201501XD80555,1,5,0,18,0,8,0,0,0,0,1,1,6,1,22,5,599,1,14,-1,1,-1
201501XD80555,2,9,0,9,0,8,0,0,0,0,1,1,6,1,25,5,1364,1,10,-1,1,-1
201501XD80556,1,9,0,5,0,1,0,0,0,0,0,1,1,1,43,7,-1,-1,-1,-1,1,-1
201501XD80556,2,3,0,18,0,1,0,0,0,0,0,1,6,1,29,6,125,1,3,-1,-1,-1
201501XD80557,1,19,0,4,0,0,0,0,0,0,1,1,1,1,30,6,1560,2,1,-1,1,-1
201501XD80557,2,9,0,4,0,0,0,0,0,0,2,1,2,2,37,7,1086,1,8,-1,1,-1
201501XD80557,3,9,0,4,0,0,0,0,0,0,1,1,6,1,-1,-1,1390,1,14,-1,1,-1
201501XD80558,1,3,0,9,0,8,0,0,0,0,1,1,2,1,30,6,124,1,-1,-1,1,-1
201501XD80558,2,8,0,5,0,8,0,0,0,0,1,1,2,1,34,6,1497,8,8,-1,1,-1
201501XD80559,1,5,0,18,0,2,1,0,0,0,0,1,6,1,38,7,599,1,17,-1,1,-1
201501XD80560,1,1,0,18,0,1,0,0,0,0,2,1,6,1,53,8,-1,-1,-1,-1,1,-1
201501XD80560,2,9,0,13,0,1,0,0,0,0,1,1,6,3,-1,-1,-1,-1,-1,-1,-1,-1
201501XD80561,1,9,0,2,0,1,0,0,0,0,3,1,6,2,-1,-1,-1,-1,-1,-1,-1,-1
201501XD80561,2,1,0,14,0,1,0,4,0,0,1,1,6,1,44,7,-1,-1,-1,-1,1,-1
201501XD80562,1,11,0,4,0,1,0,0,0,0,0,1,1,1,47,8,9000,2,4,-1,1,-1
201501XD80563,1,9,0,18,0,1,0,0,0,0,1,1,1,1,35,6,1390,1,15,-1,1,-1
201501XD80564,1,9,0,3,0,8,0,0,0,0,1,1,6,2,33,6,-1,-1,-1,-1,1,-1
201501XD80564,2,9,0,5,0,8,0,0,0,0,2,1,6,2,-1,-1,-1,-1,-1,-1,-1,-1
201501XD80565,1,3,0,18,0,8,0,0,0,0,4,1,6,1,19,4,125,1,1,-1,1,-1
201501XD80565,2,9,0,7,0,8,0,0,0,0,1,1,6,1,28,6,1229,1,9,-1,1,-1
201501XD80566,1,9,0,7,0,8,0,0,0,0,1,1,2,1,28,6,1998,2,9,-1,1,-1
201501XD80566,2,1,0,18,0,8,0,0,0,0,4,1,2,2,34,6,-1,-1,-1,-1,1,-1
201501XD80567,1,9,0,18,0,8,0,0,0,0,2,1,6,1,25,5,1984,1,4,-1,1,-1
201501XD80567,2,9,0,18,0,8,0,0,0,0,1,1,6,1,-1,-1,1600,1,9,-1,3,-1
201501XD80569,1,1,0,7,0,0,0,0,0,0,1,1,6,1,10,2,-1,-1,-1,-1,1,-1
201501XD80569,2,8,0,18,0,0,0,0,0,0,1,1,6,1,57,9,1896,2,7,-1,1,-1
201501XD80570,1,11,0,18,0,1,0,0,0,0,2,1,1,1,33,6,-1,-1,-1,-1,1,-1
201501XD80570,2,9,0,18,0,1,0,0,0,0,1,1,6,2,26,6,1242,1,4,-1,1,-1
201501XD80571,1,5,0,18,0,0,0,0,0,0,1,1,6,1,26,6,599,1,8,-1,1,-1
201501XD80571,2,9,0,6,0,0,0,0,0,0,3,1,6,1,40,7,1896,2,8,-1,1,-1
201501XD80572,1,19,0,3,0,8,0,0,1,0,2,1,1,1,42,7,1753,2,9,-1,1,-1
201501XD80572,2,9,0,18,0,8,0,0,0,0,1,1,6,1,-1,-1,-1,-1,-1,-1,-1,-1
201501XD80574,1,3,0,4,0,5,0,0,0,0,1,1,6,1,18,4,124,1,9,-1,1,-1
201501XD80574,2,9,0,7,0,8,0,0,0,0,4,1,6,1,32,6,3199,1,13,-1,1,-1
201501XD80576,1,4,0,18,0,0,0,0,0,0,1,1,6,1,26,6,-1,-1,-1,-1,2,-1
201501XD80576,2,9,0,11,0,0,0,0,0,0,2,1,6,1,55,8,1796,1,9,-1,1,-1
201501XD80577,1,9,0,18,0,1,0,0,0,0,2,1,6,1,25,5,1599,1,11,-1,2,-1
201501XD80577,2,9,0,18,0,1,0,0,0,0,1,1,6,1,-1,-1,1364,1,6,-1,-1,-1
201501XD80578,1,9,0,18,0,2,0,0,0,0,1,1,6,1,-1,-1,-1,-1,-1,-1,-1,-1
201501XD80580,1,3,0,18,0,0,0,0,0,0,0,1,2,1,39,7,124,1,1,-1,1,-1
201501XD80581,1,9,0,7,0,8,0,0,0,0,1,1,6,1,40,7,1242,1,6,-1,-1,-1
201501XD80581,2,9,0,17,0,8,0,0,0,0,3,1,6,1,67,10,2597,1,13,-1,1,-1
201501XD80581,3,11,0,17,0,8,0,0,0,0,0,1,6,1,53,8,4500,2,3,-1,1,-1
201501XD80581,4,1,0,18,0,8,0,0,0,0,1,1,6,1,30,6,-1,-1,-1,-1,1,-1
201501XD80582,1,9,0,4,0,0,0,0,0,0,1,1,6,1,40,7,1560,2,8,-1,1,-1
201501XD80582,2,9,0,4,0,0,0,0,0,0,2,1,6,1,39,7,1910,2,5,-1,1,-1
201501XD80583,1,9,0,5,0,8,0,0,0,0,4,1,6,2,32,6,1598,1,14,-1,1,-1
201501XD80583,2,9,0,15,0,8,0,0,0,0,3,1,6,1,-1,-1,-1,-1,-1,-1,-1,-1
201501XD80584,1,1,0,14,0,8,0,4,0,0,1,1,6,1,29,6,-1,-1,-1,-1,1,-1
201501XD80584,2,9,0,14,0,8,0,0,0,0,1,1,6,1,29,6,1997,1,9,-1,1,-1
201501XD80585,1,9,0,7,0,8,0,0,0,0,4,1,6,1,56,9,2494,1,23,-1,1,-1
201501XD80585,2,1,0,18,0,8,0,0,0,0,1,1,1,1,43,7,-1,-1,-1,-1,1,-1
201501XD80586,1,1,0,18,0,0,0,0,0,0,1,1,2,1,29,6,-1,-1,-1,-1,1,-1
201501XD80586,2,9,0,9,0,0,0,0,0,0,4,1,6,2,55,8,1984,1,2,-1,1,-1
201501XD80587,1,9,0,4,0,0,0,0,0,0,2,1,6,1,42,7,2993,2,2,-1,1,-1
201501XD80587,2,9,0,18,0,0,0,0,0,0,1,1,6,1,38,7,2148,2,11,-1,1,-1
201501XD80588,1,19,0,7,0,8,0,0,0,0,4,1,1,2,56,9,1995,2,2,-1,1,-1
201501XD80588,2,1,0,18,0,8,0,0,0,0,1,1,1,2,61,9,-1,-1,-1,-1,1,-1
201501XD80589,1,9,0,18,0,8,0,0,0,0,1,1,6,1,56,9,1896,2,6,-1,1,-1
201501XD80589,2,5,0,18,0,8,0,0,0,0,4,1,6,1,35,6,675,1,-1,-1,1,-1
201501XD80590,1,1,0,18,0,0,0,0,0,0,1,1,6,1,25,5,-1,-1,-1,-1,1,-1
201501XD80590,2,11,0,11,0,0,0,0,0,0,4,1,1,1,47,8,6700,2,7,-1,-1,-1
201501XD80592,1,9,0,4,0,8,0,0,0,0,1,1,6,2,24,5,1229,1,1,-1,1,-1
201501XD80592,2,9,0,4,0,8,0,0,0,0,2,1,6,1,69,10,1299,1,11,-1,1,-1
201501XD80593,1,20,0,5,0,0,0,0,0,0,3,1,1,1,59,9,6700,2,1,-1,1,-1
201501XD80593,2,9,0,18,0,0,0,0,0,0,4,1,6,1,26,6,999,1,3,-1,1,-1
201501XD80594,1,9,0,9,0,8,0,0,0,0,3,1,6,1,34,6,1991,1,-1,-1,1,-1
201501XD80594,2,5,0,14,0,8,0,0,0,0,1,1,6,1,32,6,599,1,7,-1,1,-1
201501XD80595,1,9,0,17,0,1,0,0,0,0,1,1,6,1,20,4,1242,1,9,-1,1,-1
201501XD80596,1,9,0,9,0,8,0,0,0,0,1,1,6,1,-1,-1,1242,1,10,-1,-1,-1
201501XD80596,2,1,0,18,0,8,0,0,0,0,1,1,6,1,52,8,-1,-1,-1,-1,1,-1
201501XD80597,1,9,0,18,0,8,0,0,0,0,1,1,6,2,21,5,1242,1,3,-1,1,-1
201501XD80597,2,9,0,7,0,8,0,0,0,0,3,1,6,2,22,5,1362,1,1,-1,1,-1
201501XD80599,1,5,0,4,0,0,0,0,0,0,2,1,6,1,28,6,999,1,3,-1,1,-1
201501XD80599,2,5,0,4,0,0,0,0,0,0,1,1,6,1,-1,-1,1000,1,7,-1,1,-1
201501XD80601,1,9,0,3,0,8,0,0,0,0,2,1,6,1,53,8,2000,1,11,-1,1,-1
201501XD80601,2,9,0,18,0,1,0,0,0,0,1,1,6,2,-1,-1,-1,-1,-1,-1,-1,-1
201501XD80602,1,1,0,18,0,8,0,0,0,0,1,1,6,1,70,10,-1,-1,-1,-1,1,-1
201501XD80602,2,9,0,7,0,8,0,0,0,0,4,1,6,2,-1,-1,1299,1,12,-1,1,-1
201501XD80603,1,11,0,5,0,2,0,0,0,0,0,1,1,1,-1,-1,-1,-1,-1,-1,1,-1
201501XD80605,1,9,0,3,0,8,0,0,0,0,2,1,6,1,51,8,-1,-1,-1,-1,1,-1
201501XD80605,2,19,0,18,0,8,0,0,0,0,1,1,6,1,-1,-1,2198,2,2,-1,1,-1
201501XD80606,1,9,0,18,0,0,0,0,0,0,3,1,6,1,46,8,1596,1,14,-1,1,-1
201501XD80608,1,9,0,9,0,8,0,0,0,0,1,1,6,2,39,7,1995,2,9,-1,1,-1
201501XD80608,2,1,0,18,0,8,0,0,0,0,3,1,6,1,28,6,-1,-1,-1,-1,1,-1
201501XD80609,1,5,0,4,0,8,0,0,0,0,1,1,6,2,43,7,998,1,7,-1,1,-1
201501XD80610,1,3,0,18,0,0,0,0,0,0,0,1,2,1,36,7,124,1,1,-1,1,-1
201501XD80612,1,8,0,18,0,0,1,10,1,1,4,1,1,1,21,5,1595,1,16,-1,1,-1
201501XD80613,1,9,0,7,0,7,0,0,0,0,4,1,6,1,35,6,1332,1,4,-1,1,-1
201501XD80614,1,1,0,18,0,8,0,0,0,0,3,1,6,1,30,6,-1,-1,-1,-1,1,-1
201501XD80614,2,9,0,9,0,8,0,0,0,0,1,1,6,1,-1,-1,-1,-1,-1,-1,-1,-1
201501XD80615,1,3,0,5,0,8,0,0,0,0,2,1,2,2,25,5,-1,-1,-1,-1,1,-1
201501XD80615,2,21,1,5,0,8,0,0,0,0,1,1,1,1,50,8,4462,2,2,-1,1,-1
201501XD80616,1,9,0,7,0,8,0,0,0,0,1,1,6,1,36,7,1800,1,16,-1,1,-1
201501XD80616,2,9,0,18,0,8,0,0,0,0,0,1,6,3,-1,-1,-1,-1,-1,-1,-1,-1
201501XD80617,1,9,0,18,0,0,0,0,0,0,1,1,1,1,62,9,1364,2,8,-1,1,-1
201501XD80618,1,9,0,4,0,2,0,0,0,0,2,1,6,1,87,11,1598,2,2,-1,1,-1
201501XD80618,2,9,0,4,0,2,0,0,0,0,2,1,6,1,-1,-1,2993,2,8,-1,1,-1
201501XD80618,3,9,0,18,0,2,0,0,0,0,1,1,6,1,37,7,2685,2,12,-1,1,-1
201501XD80620,1,9,0,18,0,8,0,10,1,10,1,1,6,1,70,10,1796,1,8,-1,1,-1
201501XD80620,2,9,0,2,0,8,0,0,0,0,3,1,6,1,37,7,1596,1,15,-1,1,-1
201501XD80620,3,3,0,2,0,8,0,0,0,0,3,1,6,1,38,7,125,1,1,-1,1,-1
201501XD80620,4,1,0,2,0,8,0,0,0,0,3,1,6,1,37,7,-1,-1,-1,-1,1,-1
201501XD80621,1,3,0,18,0,0,0,0,1,0,3,1,6,1,19,4,124,1,-1,-1,1,-1
201501XD80621,2,9,0,9,0,0,0,0,0,0,1,1,6,1,32,6,2967,2,7,-1,1,-1
201501XD80622,1,9,0,9,0,0,0,0,0,0,1,1,6,1,49,8,-1,-1,-1,-1,1,-1
201501XD80622,2,9,0,9,0,0,0,0,0,0,3,1,6,2,59,9,1796,1,6,-1,1,-1
201501XD80623,1,3,0,14,0,0,0,0,0,0,4,1,6,1,32,6,125,1,11,-1,1,-1
201501XD80623,2,9,0,5,0,0,0,0,0,0,3,1,6,1,31,6,1399,2,9,-1,1,-1
201501XD80624,1,1,0,18,0,8,0,0,0,0,2,1,6,1,59,9,-1,-1,-1,-1,1,-1
201501XD80624,2,9,0,18,0,8,0,0,0,0,1,1,6,1,-1,-1,-1,-1,-1,-1,-1,-1
201501XD80625,1,9,0,3,0,0,0,0,1,0,1,1,2,1,41,7,-1,-1,-1,-1,-1,-1
201501XD80626,1,9,0,4,0,8,0,0,0,0,1,1,6,1,30,6,1896,2,11,-1,1,-1
201501XD80626,2,9,0,4,0,8,0,0,0,0,2,1,6,1,-1,-1,1995,2,1,-1,-1,-1
201501XD80627,1,9,0,18,0,8,0,10,1,2,4,1,6,1,19,4,1686,2,10,-1,1,-1
201501XD80627,2,9,0,18,0,8,0,0,0,0,3,1,6,1,-1,-1,2993,2,8,-1,-1,-1
201501XD80628,1,9,0,5,0,8,0,0,0,0,4,1,6,1,53,8,1896,2,10,-1,1,-1
201501XD80628,2,3,0,18,0,8,0,0,0,0,1,1,2,1,35,6,125,1,5,-1,1,-1
201501XD80629,1,11,0,4,0,2,0,0,0,0,0,1,1,1,29,6,9000,2,5,-1,1,-1
201501XD80630,1,3,0,11,2,0,0,0,0,0,2,1,6,1,38,7,102,1,8,-1,1,-1
201501XD80630,2,9,0,15,0,0,0,0,0,0,1,1,6,2,18,4,1995,2,11,-1,1,-1
201501XD80631,1,9,0,3,0,8,0,0,0,0,1,1,2,2,28,6,2698,2,7,-1,1,-1
201501XD80631,2,3,0,9,0,8,0,0,0,0,4,1,6,1,51,8,124,1,8,-1,1,-1
201501XD80632,1,9,0,4,0,0,0,0,0,0,3,1,6,2,47,8,1587,1,10,-1,1,-1
201501XD80632,2,1,0,13,0,0,0,0,0,0,1,1,6,1,36,7,-1,-1,-1,-1,-1,-1
201501XD80633,1,3,0,18,0,8,0,0,0,0,1,1,6,1,27,6,125,1,9,-1,1,-1
201501XD80633,2,9,0,9,0,8,0,0,0,0,1,1,6,2,-1,-1,1598,1,4,-1,1,-1
201501XD80634,1,9,0,17,0,8,0,0,0,0,3,1,6,2,47,8,2143,2,3,-1,1,-1
201501XD80634,2,9,0,17,0,8,0,0,0,0,1,1,6,1,53,8,-1,-1,-1,-1,1,-1
201501XD80635,1,9,0,9,0,8,0,0,0,0,4,1,6,1,18,4,1386,1,7,-1,1,-1
201501XD80635,2,9,0,18,0,8,0,0,0,0,1,1,6,1,40,7,1753,2,8,-1,1,-1
201501XD80636,1,8,0,18,0,8,0,0,0,0,4,1,1,1,62,9,-1,-1,-1,-1,1,-1
201501XD80637,1,3,0,18,0,8,0,0,0,0,4,1,6,1,28,6,124,1,-1,-1,1,-1
201501XD80637,2,9,0,9,0,8,0,0,0,0,1,1,6,1,42,7,2143,2,3,-1,1,-1
201501XD80638,1,8,0,4,0,8,0,0,0,0,0,1,6,1,40,7,1896,2,7,-1,1,-1
201501XD80638,2,9,0,4,0,8,0,0,0,0,0,1,6,1,37,7,-1,-1,-1,-1,1,-1
201501XD80639,1,3,0,13,0,0,0,0,0,0,4,1,1,1,29,6,124,1,-1,-1,1,-1
201501XD80639,2,19,0,4,0,0,0,0,0,0,3,1,1,1,37,7,1560,2,4,-1,1,-1
201501XD80639,3,8,0,4,0,0,0,0,0,0,3,1,1,1,42,7,2402,2,12,-1,1,-1
201501XD80639,4,19,0,3,0,0,0,0,0,0,3,1,1,1,45,7,2287,2,-1,-1,3,-1
201501XD80640,1,19,0,4,0,0,0,0,1,0,2,1,1,1,34,6,-1,-1,-1,-1,1,-1
201501XD80640,2,9,0,18,0,0,0,0,0,0,1,1,1,1,43,7,-1,-1,-1,-1,1,-1
201501XD80641,1,9,0,18,0,8,0,0,0,0,1,1,2,2,55,8,1910,2,9,-1,1,-1
201501XD80641,2,9,0,9,0,1,0,0,0,0,4,1,2,1,39,7,1588,1,13,-1,1,-1
201501XD80642,1,9,0,3,0,0,0,0,0,0,2,1,2,2,32,6,1598,1,10,-1,1,-1
201501XD80642,2,19,0,3,0,0,0,0,0,0,2,1,2,1,69,10,-1,-1,-1,-1,1,-1
201501XD80642,3,9,0,18,0,0,0,0,0,0,1,1,2,2,32,6,1596,1,7,-1,1,-1
201501XD80644,1,9,0,18,0,8,0,0,0,0,1,1,6,1,-1,-1,1199,1,13,-1,-1,-1
201501XD80645,1,11,0,4,0,8,0,0,0,0,0,1,1,1,61,9,9000,2,4,-1,1,-1
201501XD80646,1,1,0,18,0,8,0,0,0,0,1,1,2,1,22,5,-1,-1,-1,-1,1,-1
201501XD80646,2,9,0,6,0,8,0,0,0,0,4,1,6,1,-1,-1,-1,-1,-1,-1,-1,-1
201501XD80647,1,9,0,18,0,8,0,0,0,0,1,1,6,2,35,6,2143,2,5,-1,-1,-1
201501XD80647,2,9,0,3,0,8,0,0,0,0,2,1,6,1,29,6,1781,1,14,-1,1,-1
201501XD80648,1,9,0,12,0,8,0,0,0,0,3,1,6,1,42,7,1995,2,11,-1,1,-1
201501XD80648,2,9,0,12,0,8,0,0,0,0,4,1,6,1,22,5,1198,1,12,-1,1,-1
201501XD80650,1,9,0,11,0,0,0,0,0,0,0,1,2,1,37,7,2148,2,11,-1,1,-1
201501XD80650,2,3,0,18,0,0,0,10,1,0,0,1,1,1,20,4,125,1,3,-1,1,-1
201501XD80652,1,9,0,1,9,8,0,0,0,0,2,1,6,3,-1,-1,1242,1,1,-1,-1,-1
201501XD80653,1,11,0,16,0,8,0,0,0,0,0,1,1,1,59,9,9000,2,5,-1,1,-1
201501XD80654,1,9,0,18,0,8,0,0,0,0,3,1,6,1,35,6,2987,2,8,-1,1,-1
201501XD80654,2,1,0,7,0,8,0,0,0,0,1,1,6,1,10,2,-1,-1,-1,-1,1,-1
201501XD80655,1,9,0,18,0,0,0,0,0,0,4,1,6,1,46,8,2231,2,9,-1,1,-1
201501XD80655,2,9,0,1,0,0,0,0,1,0,2,1,6,1,-1,-1,-1,-1,-1,-1,1,-1
201501XD80656,1,19,0,4,0,8,0,0,0,0,1,1,1,1,26,6,2143,2,3,-1,1,-1
201501XD80658,1,19,0,9,0,2,0,0,0,0,3,1,1,1,29,6,2143,2,-1,-1,-1,-1
201501XD80658,2,3,0,13,0,2,0,0,0,0,1,1,1,1,29,6,125,1,1,-1,1,-1