Accident_Index,Vehicle_Reference,Vehicle_Type,Towing_and_Articulation,Vehicle_Manoeuvre,Vehicle_Location-Restricted_Lane,Junction_Location,Skidding_and_Overturning,Hit_Object_in_Carriageway,Vehicle_Leaving_Carriageway,Hit_Object_off_Carriageway,1st_Point_of_Impact,Was_Vehicle_Left_Hand_Drive?,Journey_Purpose_of_Driver,Sex_of_Driver,Age_of_Driver,Age_Band_of_Driver,Engine_Capacity_(CC),Propulsion_Code,Age_of_Vehicle,Driver_IMD_Decile,Driver_Home_Area_Type,Vehicle_IMD_Decile
201501XD80659,1,9,0,18,0,8,0,0,1,10,1,1,6,1,29,6,1390,1,4,-1,1,-1
201501XD80660,1,4,0,18,0,8,0,0,0,0,1,1,6,1,26,6,599,1,9,-1,1,-1
201501XD80661,1,3,0,18,0,0,0,0,0,0,1,1,1,1,38,7,-1,-1,-1,-1,1,-1
201501XD80662,1,19,0,3,0,8,1,0,0,0,4,1,1,1,32,6,2402,2,10,-1,1,-1
201501XD80662,2,9,0,3,0,8,0,0,0,0,3,1,2,1,35,6,2987,2,9,-1,1,-1
201501XD80663,1,5,0,13,0,8,0,0,0,0,1,1,1,1,31,6,929,1,15,-1,1,-1
201501XD80663,2,9,0,9,0,8,0,0,0,0,3,1,1,1,36,7,1910,2,10,-1,1,-1
201501XD80664,1,9,0,5,0,8,0,0,0,0,1,1,1,1,37,7,1497,1,14,-1,1,-1
201501XD80664,2,9,0,18,0,8,0,0,0,0,4,1,1,1,21,5,1360,1,13,-1,1,-1
201501XD80665,1,9,0,4,0,0,0,0,0,0,2,1,6,1,29,6,1596,1,9,-1,1,-1
201501XD80665,2,9,0,18,0,0,0,0,0,0,1,1,6,2,36,7,998,1,21,-1,1,-1
201501XD80666,1,9,0,4,0,8,0,0,0,0,4,1,2,1,22,5,1461,2,1,-1,1,-1
201501XD80666,2,20,0,2,0,8,0,0,0,0,3,1,1,1,-1,-1,-1,-1,-1,-1,1,-1
201501XD80666,3,1,0,4,0,8,0,4,0,0,4,1,2,1,72,10,-1,-1,-1,-1,1,-1
201501XD80667,1,9,0,3,0,0,0,0,0,0,2,1,6,2,66,10,1598,1,10,-1,1,-1
201501XD80667,2,19,0,18,0,0,0,0,0,0,1,1,6,1,-1,-1,2198,2,3,-1,-1,-1
201501XD80668,1,1,0,5,0,8,0,0,0,0,1,1,1,1,26,6,-1,-1,-1,-1,1,-1
201501XD80668,2,9,0,18,0,8,0,0,0,0,1,1,6,2,-1,-1,1988,1,14,-1,1,-1
201501XD80669,1,1,0,18,0,8,0,0,1,0,1,1,2,1,54,8,-1,-1,-1,-1,1,-1
201501XD80669,2,9,0,18,0,8,0,0,0,0,3,2,2,1,47,8,1997,2,14,-1,1,-1
201501XD80670,1,8,0,9,0,8,0,0,0,0,3,1,1,1,51,8,1399,1,6,-1,1,-1
201501XD80670,2,9,0,18,0,8,0,0,0,0,1,1,4,1,31,6,2143,2,5,-1,1,-1
201501XD80671,1,9,0,3,0,0,0,0,0,0,2,1,4,1,64,9,998,1,14,-1,1,-1
201501XD80671,2,9,0,18,0,0,0,0,0,0,1,1,6,1,-1,-1,-1,-1,-1,-1,-1,-1
201501XD80672,1,3,0,12,0,0,0,0,0,0,0,1,2,1,24,5,102,1,8,-1,1,-1
201501XD80673,1,3,0,15,0,1,0,0,0,0,1,1,2,1,28,6,-1,-1,-1,-1,1,-1
201501XD80673,2,20,0,5,0,1,0,0,0,0,4,1,1,1,71,10,-1,-1,-1,-1,1,-1
201501XD80674,1,9,0,7,0,0,0,0,0,0,4,1,6,1,32,6,2143,2,-1,-1,1,-1
201501XD80674,2,1,0,18,0,0,0,0,0,0,1,1,6,1,50,8,-1,-1,-1,-1,1,-1
201501XD80675,1,9,0,18,0,8,0,0,0,0,2,1,6,2,30,6,1388,1,3,-1,1,-1
201501XD80675,2,9,0,18,0,8,0,0,0,0,1,1,6,1,-1,-1,1998,1,12,-1,-1,-1
201501XD80676,1,9,0,2,0,8,0,0,0,0,0,2,1,1,47,8,-1,-1,-1,-1,1,-1
201501XD80676,2,9,0,1,0,8,0,0,0,0,2,1,6,3,-1,-1,-1,-1,-1,-1,-1,-1
201501XD80677,1,5,0,18,0,0,1,0,0,0,1,1,6,2,43,7,998,1,10,-1,1,-1
201501XD80677,2,9,0,3,0,0,0,0,0,0,2,1,6,1,34,6,5439,1,11,-1,1,-1
201501XD80677,3,20,0,3,0,0,0,0,0,0,2,1,6,1,-1,-1,-1,-1,-1,-1,1,-1
201501XD80677,4,21,1,4,0,0,0,0,0,0,3,1,1,3,-1,-1,-1,-1,-1,-1,-1,-1
201501XD80678,1,3,0,18,0,8,0,0,0,0,1,1,2,1,24,5,779,1,1,-1,1,-1
201501XD80678,2,9,0,12,0,8,0,0,0,0,3,1,2,1,72,10,2926,2,12,-1,1,-1
201501XD80679,1,3,0,17,0,8,0,0,0,0,3,1,6,1,25,5,125,1,-1,-1,1,-1
201501XD80679,2,9,0,17,0,8,0,0,0,0,4,1,6,1,40,7,1989,1,16,-1,1,-1
201501XD80680,1,19,0,9,0,0,0,0,0,0,1,1,1,1,28,6,-1,-1,-1,-1,1,-1
201501XD80680,2,1,0,18,0,0,0,0,0,0,1,1,2,1,58,9,-1,-1,-1,-1,1,-1
201501XD80681,1,9,0,7,0,8,0,0,0,0,2,1,2,1,43,7,1398,1,11,-1,1,-1
201501XD80681,2,9,0,7,0,8,0,0,0,0,1,1,2,2,48,8,1598,2,1,-1,1,-1
201501XD80682,1,9,0,18,0,8,0,0,0,0,1,1,2,1,20,4,998,1,1,-1,1,-1
201501XD80682,2,19,0,9,0,8,0,0,0,0,1,1,2,1,55,8,2464,2,6,-1,1,-1
201501XD80683,1,11,0,3,0,8,0,0,1,0,0,1,1,1,-1,-1,-1,-1,-1,-1,-1,-1
201501XD80684,1,9,0,4,0,8,0,0,0,0,2,1,1,1,32,6,1686,2,11,-1,3,-1
201501XD80684,2,3,0,7,0,8,0,0,0,0,1,1,2,1,32,6,125,1,4,-1,1,-1
201501XD80685,1,3,0,5,0,8,0,0,0,0,1,1,6,1,19,4,124,1,3,-1,1,-1
201501XD80685,2,11,0,18,0,8,0,0,0,0,1,1,1,1,29,6,7300,2,11,-1,1,-1
201501XD80687,1,9,0,18,0,8,2,7,1,0,1,1,6,1,45,7,-1,-1,-1,-1,1,-1
201501XD80688,1,9,0,5,0,8,0,0,0,0,3,1,2,2,37,7,2000,2,6,-1,1,-1
201501XD80688,2,3,0,18,0,8,0,0,0,0,1,1,2,1,27,6,125,1,12,-1,-1,-1
201501XD80690,1,1,0,4,0,0,0,0,0,0,1,1,2,1,59,9,-1,-1,-1,-1,1,-1
201501XD80690,2,9,0,9,0,0,0,0,0,0,4,1,2,1,-1,-1,1968,2,8,-1,1,-1
201501XD80690,3,8,0,4,0,0,0,0,1,0,2,2,1,1,36,7,1497,8,8,-1,-1,-1
201501XD80691,1,11,0,5,0,8,0,0,0,0,0,1,1,1,31,6,9360,2,6,-1,1,-1
201501XD80692,1,9,0,14,0,0,0,0,0,0,4,1,6,1,32,6,-1,-1,-1,-1,1,-1
201501XD80692,2,9,0,5,0,0,0,0,1,0,3,1,6,1,-1,-1,1199,1,12,-1,-1,-1
201501XD80693,1,9,0,9,0,8,0,0,0,0,1,1,6,1,29,6,-1,-1,-1,-1,1,-1
201501XD80693,2,1,0,18,0,8,0,0,0,0,1,1,6,1,37,7,-1,-1,-1,-1,1,-1
201501XD80694,1,19,0,3,0,8,0,0,0,0,2,1,1,1,35,6,-1,-1,-1,-1,1,-1
201501XD80694,2,21,0,18,0,8,0,0,0,0,1,1,1,1,44,7,12580,2,11,-1,1,-1
201501XD80695,1,9,0,1,0,0,0,0,1,0,2,1,6,1,56,9,1598,1,14,-1,1,-1
201501XD80696,1,9,0,9,0,8,0,0,1,0,1,1,6,1,48,8,2143,2,2,-1,1,-1
201501XD80696,2,9,0,18,0,8,0,0,0,0,3,1,6,1,41,7,998,1,5,-1,1,-1
201501XD80697,1,11,0,4,0,8,0,0,0,0,0,1,1,3,-1,-1,-1,-1,-1,-1,-1,-1
201501XD80698,1,9,0,4,0,8,0,0,0,0,2,1,6,1,30,6,1968,2,1,-1,1,-1
201501XD80698,2,8,0,4,0,8,0,0,0,0,1,1,6,1,34,6,1900,2,11,-1,1,-1
201501XD80699,1,9,0,18,0,0,0,0,0,0,1,1,6,2,47,8,1968,2,6,-1,1,-1
201501XD80699,2,9,0,18,0,0,0,0,0,0,2,1,2,1,43,7,1199,1,15,-1,1,-1
201501XD80699,3,9,0,18,0,0,0,0,0,0,2,1,6,1,49,8,-1,-1,-1,-1,-1,-1
201501XD80700,1,9,0,4,0,0,0,0,0,0,2,1,6,1,25,5,1390,1,4,-1,1,-1
201501XD80700,2,9,0,18,0,0,0,0,0,0,1,1,6,1,40,7,1995,2,3,-1,1,-1
201501XD80701,1,9,0,18,0,8,0,7,0,0,3,1,2,1,39,7,2149,2,8,-1,1,-1
201501XD80701,2,9,0,18,0,8,0,0,0,0,1,1,2,2,31,6,1390,1,7,-1,1,-1
201501XD80702,1,9,0,7,0,8,0,0,0,0,1,1,1,1,54,8,1794,1,7,-1,1,-1
201501XD80702,2,19,0,9,0,8,0,0,0,0,1,1,6,1,-1,-1,2402,2,4,-1,-1,-1
201501XD80704,1,9,0,18,0,8,0,0,0,0,1,1,6,1,26,6,1599,1,7,-1,1,-1
201501XD80704,2,5,0,18,0,8,0,0,1,0,3,1,6,2,36,7,660,1,-1,-1,1,-1
201501XD80705,1,9,0,5,0,8,0,0,0,0,2,1,6,1,37,7,1198,1,12,-1,1,-1
201501XD80705,2,9,0,4,0,8,1,0,0,0,1,1,6,1,74,10,1870,2,10,-1,1,-1
201501XD80706,1,9,0,12,0,0,0,10,7,4,1,1,2,1,28,6,1794,1,13,-1,1,-1
201501XD80706,2,9,0,18,0,0,0,0,0,0,3,1,6,1,-1,-1,-1,-1,-1,-1,-1,-1
201501XD80707,1,2,0,4,0,8,0,0,0,0,0,1,6,1,21,5,124,1,8,-1,1,-1
201501XD80708,1,3,0,18,0,0,0,0,0,0,2,1,1,1,44,7,124,1,10,-1,-1,-1
201501XD80708,2,11,0,18,0,0,0,0,0,0,4,1,1,1,44,7,4500,2,6,-1,-1,-1
201501XD80709,1,9,0,18,0,8,0,0,0,0,1,1,2,2,25,5,1198,1,6,-1,1,-1
201501XD80710,1,9,0,7,0,8,0,0,0,0,4,1,6,1,38,7,2987,2,8,-1,1,-1
201501XD80711,1,3,0,13,0,0,0,0,0,0,1,1,2,1,27,6,108,1,7,-1,1,-1
201501XD80711,2,9,0,9,0,0,0,0,0,0,3,1,2,2,49,8,1797,8,3,-1,1,-1
201501XD80712,1,9,0,4,0,0,0,0,0,0,1,1,2,1,37,7,1198,1,9,-1,1,-1
201501XD80712,2,9,0,4,0,0,0,0,0,0,1,1,2,2,23,5,1598,1,3,-1,1,-1
201501XD80712,3,11,0,3,0,0,0,0,1,0,2,1,1,1,-1,-1,-1,-1,-1,-1,1,-1
201501XD80713,1,1,0,18,0,8,0,0,0,0,3,1,2,1,35,6,-1,-1,-1,-1,1,-1
201501XD80713,2,90,0,13,0,8,0,0,0,0,4,1,6,3,-1,-1,-1,-1,-1,-1,-1,-1
201501XD80714,1,19,0,18,0,8,0,0,0,0,4,1,1,1,34,6,2198,2,1,-1,1,-1
201501XD80715,1,9,0,3,0,0,0,0,0,0,2,1,6,1,32,6,1968,2,8,-1,1,-1
201501XD80715,2,9,0,4,0,0,0,0,0,0,1,1,6,1,50,8,1248,2,7,-1,1,-1
201501XD80715,3,9,0,12,0,0,0,0,0,0,3,1,6,2,38,7,1229,1,8,-1,1,-1
201501XD80716,1,9,0,14,0,0,0,0,0,0,3,1,2,1,28,6,1984,1,8,-1,1,-1
201501XD80716,2,11,0,5,0,0,0,0,0,0,3,1,1,1,28,6,4500,2,4,-1,-1,-1
201501XD80717,1,9,0,4,0,0,0,0,0,0,2,1,6,2,51,8,1781,1,10,-1,1,-1
201501XD80717,2,9,0,4,0,0,0,0,0,0,1,1,6,1,41,7,1242,1,10,-1,1,-1
201501XD80718,1,9,0,4,0,0,0,0,0,0,2,1,6,2,54,8,1390,1,13,-1,1,-1
201501XD80718,2,9,0,4,0,0,0,0,0,0,1,1,6,2,-1,-1,1329,1,5,-1,1,-1
201501XD80719,1,1,0,18,0,8,0,0,0,0,1,1,6,1,29,6,-1,-1,-1,-1,1,-1
201501XD80719,2,9,0,5,0,8,0,0,0,0,3,1,2,1,57,9,-1,-1,-1,-1,1,-1
201501XD80720,1,9,0,18,0,1,0,0,0,0,1,1,6,3,-1,-1,-1,-1,-1,-1,-1,-1
201501XD80721,1,9,0,16,0,8,0,0,1,0,4,1,1,1,28,6,-1,-1,-1,-1,2,-1
201501XD80721,2,9,0,12,0,8,0,0,0,0,3,1,6,1,-1,-1,-1,-1,-1,-1,-1,-1
201501XD80723,1,1,0,18,0,8,0,0,0,0,3,1,6,1,13,3,-1,-1,-1,-1,1,-1
201501XD80723,2,90,0,18,0,8,0,0,0,0,4,1,1,1,45,7,-1,-1,-1,-1,1,-1
201501XD80724,1,9,0,7,0,0,0,0,0,0,4,1,6,1,30,6,3222,2,11,-1,1,-1
201501XD80724,2,1,0,18,0,0,0,0,0,0,1,1,6,1,28,6,-1,-1,-1,-1,1,-1
201501XD80729,1,9,0,5,0,8,0,0,0,0,1,1,6,1,39,7,1399,2,13,-1,1,-1
201501XD80729,2,20,0,9,0,8,0,0,0,0,4,1,6,1,31,6,-1,-1,-1,-1,1,-1
201501XD80730,1,9,0,7,0,8,0,0,0,0,2,1,6,2,38,7,1796,1,14,-1,1,-1
201501XD80730,2,9,0,7,0,8,0,0,1,0,1,1,6,1,-1,-1,-1,-1,-1,-1,-1,-1
201501XD80731,1,9,0,18,0,8,0,0,0,0,1,1,6,1,-1,-1,2987,2,4,-1,-1,-1
201501XD80734,1,9,0,18,0,0,0,0,0,0,4,1,6,1,26,6,1229,1,-1,-1,1,-1
201501XD80734,2,5,0,18,0,0,0,0,0,0,1,1,6,1,26,6,600,1,1,-1,1,-1
201501XD80735,1,9,0,4,0,0,0,0,0,0,1,1,2,2,30,6,1596,1,8,-1,1,-1
201501XD80736,1,9,0,9,0,8,0,0,0,0,3,1,6,1,27,6,1248,2,9,-1,1,-1
201501XD80736,2,1,0,18,0,8,0,0,0,0,1,1,6,1,34,6,-1,-1,-1,-1,-1,-1
201501XD80737,1,9,0,9,0,8,0,0,0,0,0,1,6,1,48,8,1995,2,1,-1,1,-1
201501XD80737,2,19,0,7,0,7,0,0,0,0,0,1,6,1,24,5,-1,-1,-1,-1,1,-1
201501XD80738,1,9,0,18,0,8,0,0,0,0,1,1,6,2,61,9,1598,1,6,-1,1,-1
201501XD80738,2,9,0,18,0,8,0,4,0,0,1,1,6,3,-1,-1,1560,2,4,-1,1,-1
201501XD80738,3,9,0,2,0,8,0,0,0,0,3,1,6,2,31,6,2148,2,10,-1,-1,-1
201501XD80739,1,9,0,18,0,8,0,0,0,0,1,1,6,1,39,7,2400,2,3,-1,1,-1
201501XD80739,2,3,0,18,0,8,0,0,1,0,1,1,6,1,24,5,125,1,-1,-1,1,-1
201501XD80740,1,9,0,17,0,8,0,0,0,0,1,1,1,1,33,6,1956,2,1,-1,1,-1
201501XD80740,2,9,0,17,0,8,0,0,0,0,2,1,2,1,45,7,1587,1,13,-1,1,-1
201501XD80740,3,9,0,17,0,8,0,0,0,0,2,1,2,1,37,7,2497,2,10,-1,3,-1
201501XD80741,1,8,0,9,0,8,0,0,0,0,1,1,1,1,33,6,2987,2,3,-1,1,-1
201501XD80743,1,9,0,4,0,0,0,0,0,0,1,1,6,1,58,9,1968,2,7,-1,1,-1
201501XD80743,2,9,0,4,0,0,0,0,0,0,2,1,6,1,35,6,1998,1,8,-1,1,-1
201501XD80743,3,9,0,4,0,0,0,0,0,0,2,1,6,1,30,6,1242,1,8,-1,1,-1
201501XD80744,1,9,0,9,0,0,0,0,0,0,3,1,2,1,33,6,1800,1,15,-1,1,-1
201501XD80744,2,2,0,18,0,0,0,0,0,0,1,1,4,1,24,5,125,1,1,-1,1,-1
201501XD80745,1,9,0,18,0,8,0,0,0,0,3,1,4,1,37,7,1598,2,3,-1,2,-1
201501XD80745,2,9,0,7,0,8,0,0,0,0,1,1,6,1,19,4,2494,1,18,-1,1,-1
201501XD80746,1,1,0,18,0,8,0,0,0,0,1,1,6,1,35,6,-1,-1,-1,-1,1,-1
201501XD80746,2,9,0,5,0,7,0,0,1,0,1,1,6,1,-1,-1,-1,-1,-1,-1,-1,-1
201501XD80748,1,5,0,3,0,0,0,0,0,0,0,1,6,1,45,7,779,1,1,-1,1,-1
201501XD80748,2,19,0,18,0,0,0,0,0,0,0,1,1,1,-1,-1,2461,2,6,-1,-1,-1
201501XD80749,1,9,0,9,0,8,0,0,0,0,1,1,1,1,-1,-1,-1,-1,-1,-1,-1,-1
201501XD80749,2,1,0,18,0,8,0,0,0,0,1,1,6,1,15,3,-1,-1,-1,-1,1,-1
201501XD80749,3,1,0,18,0,8,0,0,0,0,3,1,6,1,16,4,-1,-1,-1,-1,1,-1
201501XD80750,1,9,0,9,0,8,0,0,0,0,2,1,2,1,43,7,1242,1,15,-1,-1,-1
201501XD80750,2,3,0,9,0,8,0,0,0,0,1,1,1,1,19,4,125,1,10,-1,-1,-1
201501XD80751,1,5,0,18,0,0,0,11,0,0,4,1,2,1,41,7,645,2,7,-1,1,-1
201501XD80752,1,3,0,4,0,8,1,0,1,0,0,1,2,1,21,5,-1,-1,-1,-1,1,-1
201501XD80753,1,9,0,4,0,0,0,0,0,0,2,1,2,1,27,6,1497,8,-1,-1,1,-1
201501XD80753,2,9,0,18,0,0,0,0,0,0,1,1,2,2,49,8,1995,1,5,-1,1,-1
201501XD80754,1,9,0,9,0,8,0,0,0,0,2,1,2,2,40,7,-1,-1,-1,-1,1,-1
201501XD80754,2,9,0,13,0,8,0,0,0,0,1,1,2,2,26,6,1998,1,11,-1,1,-1
201501XD80755,1,9,0,13,0,0,0,0,0,0,4,1,6,1,23,5,1998,1,16,-1,1,-1
201501XD80755,2,1,0,9,0,0,0,0,7,0,2,1,6,1,13,3,-1,-1,-1,-1,-1,-1
201501XD80756,1,9,0,2,0,0,0,0,0,0,2,1,2,1,29,6,1598,1,5,-1,1,-1
201501XD80756,2,9,0,4,0,0,0,4,0,0,1,1,6,1,-1,-1,1596,1,12,-1,-1,-1
201501XD80757,1,9,0,18,0,0,0,0,0,0,2,1,2,1,28,6,1242,1,11,-1,1,-1
201501XD80757,2,9,0,18,0,0,0,0,0,0,1,1,2,2,36,7,1598,1,9,-1,1,-1
201501XD80758,1,5,0,4,0,8,0,0,0,0,0,1,2,1,51,8,1199,1,10,-1,1,-1
201501XD80759,1,3,0,18,0,8,0,0,0,0,1,1,6,1,23,5,124,1,12,-1,1,-1
201501XD80759,2,9,0,9,0,8,0,0,0,0,2,1,6,2,52,8,2993,2,10,-1,1,-1
201501XD80761,1,2,0,18,0,8,0,0,0,0,1,1,6,1,20,4,124,1,7,-1,1,-1
201501XD80761,2,9,0,7,0,8,0,0,0,0,4,1,6,1,39,7,1242,1,13,-1,1,-1
201501XD80762,1,19,0,9,0,8,0,0,0,0,1,1,1,1,51,8,2953,2,9,-1,1,-1
201501XD80762,2,9,0,9,0,8,0,0,0,0,1,1,6,2,23,5,1242,1,7,-1,1,-1
201501XD80763,1,9,0,18,0,0,1,10,1,2,2,1,6,1,-1,-1,2993,2,3,-1,-1,-1
201501XD80764,1,9,0,4,0,8,0,0,0,0,2,1,2,2,36,7,1995,2,5,-1,1,-1
201501XD80764,2,1,0,18,0,8,0,0,1,0,1,1,6,1,-1,-1,-1,-1,-1,-1,-1,-1
201501XD80765,1,9,0,18,0,0,0,0,0,0,1,1,2,2,28,6,1229,1,10,-1,1,-1
201501XD80766,1,9,0,18,0,0,0,0,0,0,1,1,2,1,27,6,1999,1,7,-1,1,-1
201501XD80767,1,3,0,4,0,8,0,0,0,0,2,1,2,2,37,7,124,1,8,-1,1,-1
201501XD80767,2,19,0,18,0,8,0,0,0,0,1,1,1,1,-1,-1,-1,-1,-1,-1,-1,-1
201501XD80768,1,9,0,3,0,8,0,0,0,0,2,1,6,1,49,8,1339,1,10,-1,1,-1
201501XD80768,2,9,0,18,0,8,0,0,0,0,1,1,6,1,-1,-1,-1,-1,-1,-1,-1,-1
201501XD80769,1,19,0,18,0,8,0,0,0,0,1,1,1,1,-1,-1,2148,2,8,-1,-1,-1
201501XD80770,1,9,0,18,0,0,0,0,0,0,1,1,4,2,51,8,1339,1,1,-1,1,-1
201501XD80771,1,9,0,9,0,8,0,0,0,0,3,1,2,1,59,9,2171,2,12,-1,1,-1
201501XD80771,2,1,0,17,0,8,0,0,1,0,1,1,6,1,50,8,-1,-1,-1,-1,1,-1
201501XD80772,1,9,0,18,0,0,0,0,0,0,1,1,6,1,-1,-1,-1,-1,-1,-1,-1,-1
201501XD80773,1,9,0,9,0,8,0,0,0,0,4,1,6,2,38,7,2400,2,5,-1,1,-1
201501XD80773,2,3,0,15,0,8,0,0,0,0,1,1,6,1,40,7,125,1,1,-1,1,-1
201501XD80774,1,9,0,18,0,8,0,0,0,0,3,1,6,2,52,8,1296,1,9,-1,-1,-1
201501XD80774,2,9,0,18,0,8,0,0,0,0,1,1,6,1,19,4,1596,1,10,-1,1,-1
201501XD80775,1,11,0,7,0,8,0,0,0,0,3,1,1,1,58,9,6700,2,6,-1,1,-1
201501XD80776,1,9,0,16,0,0,5,0,0,0,0,1,1,1,35,6,1984,1,14,-1,1,-1
201501XD80777,1,9,0,6,0,0,0,0,0,0,3,1,6,1,51,8,1598,1,8,-1,1,-1
201501XD80777,2,3,0,18,0,0,0,0,0,0,1,1,4,1,26,6,124,1,9,-1,1,-1
201501XD80778,1,8,0,18,0,0,0,0,0,0,4,1,6,1,-1,-1,-1,-1,-1,-1,1,-1
201501XD80778,2,5,0,13,0,0,0,0,0,0,1,1,6,1,-1,-1,-1,-1,-1,-1,-1,-1
201501XD80780,1,9,0,6,0,0,0,0,0,0,0,1,1,1,56,9,1590,1,13,-1,1,-1
201501XD80780,2,2,0,4,0,0,0,0,0,0,0,1,1,2,40,7,125,1,-1,-1,1,-1
201501XD80781,1,20,0,11,0,8,0,0,0,0,2,1,6,1,24,5,-1,-1,-1,-1,1,-1
201501XD80781,2,9,0,18,0,8,0,0,0,0,1,1,6,1,61,9,1560,2,2,-1,1,-1
201501XD80781,3,9,0,18,0,8,0,0,0,0,1,1,6,3,-1,-1,-1,-1,-1,-1,-1,-1
201501XD80782,1,9,0,3,0,8,0,0,0,0,2,1,6,1,55,8,1229,1,9,-1,1,-1
201501XD80782,2,9,0,18,0,8,0,0,0,0,1,1,6,1,67,10,4520,1,35,-1,1,-1
201501XD80783,1,9,0,18,0,0,0,0,1,0,1,1,6,1,36,7,998,1,2,-1,1,-1
201501XD80784,1,5,0,14,0,0,0,0,0,0,1,1,6,1,57,9,499,1,10,-1,1,-1
201501XD80784,2,9,0,5,0,0,0,0,0,0,0,1,6,1,-1,-1,-1,-1,-1,-1,-1,-1
201501XD80786,1,9,0,9,0,8,0,0,0,0,1,1,6,2,47,8,1796,1,16,-1,1,-1
201501XD80786,2,1,0,18,0,8,0,0,0,0,1,1,6,2,46,8,-1,-1,-1,-1,1,-1
201501XD80787,1,2,0,18,0,0,0,0,0,0,3,1,2,1,48,8,49,1,7,-1,1,-1
201501XD80787,2,90,0,13,0,0,0,0,0,0,4,1,6,3,-1,-1,-1,-1,-1,-1,-1,-1
201501XD80788,1,9,0,18,0,2,0,0,0,0,4,1,6,2,34,6,1229,1,8,-1,1,-1
201501XD80788,2,1,0,18,0,8,0,0,0,0,3,1,6,1,20,4,-1,-1,-1,-1,1,-1
201501XD80789,1,5,0,15,0,0,0,0,0,0,1,1,2,1,46,8,599,1,6,-1,1,-1
201501XD80789,2,9,0,11,0,0,0,0,0,0,4,1,2,1,25,5,1395,1,-1,-1,1,-1
201501XD80790,1,9,0,9,0,8,0,0,0,0,3,1,6,1,47,8,1398,2,5,-1,1,-1
201501XD80790,2,5,0,13,0,8,0,0,0,0,1,1,6,1,21,5,656,1,8,-1,1,-1
201501XD80791,1,9,0,18,0,8,0,0,0,0,1,1,6,2,46,8,1242,1,16,-1,1,-1
201501XD80791,2,3,0,9,0,8,0,0,0,0,4,1,6,1,25,5,-1,-1,-1,-1,1,-1
201501XD80792,1,9,0,12,0,8,0,0,0,0,1,1,6,1,28,6,1997,2,2,-1,1,-1
201501XD80792,2,3,0,12,0,8,0,0,0,0,2,1,6,1,27,6,108,1,1,-1,1,-1
201501XD80793,1,5,0,18,0,8,0,0,0,0,1,1,6,1,33,6,749,1,8,-1,1,-1
201501XD80794,1,9,0,3,0,8,0,0,0,0,2,1,6,2,28,6,1598,1,6,-1,1,-1
201501XD80794,2,9,0,18,0,8,0,0,0,0,1,1,6,3,-1,-1,-1,-1,-1,-1,-1,-1
201501XD80795,1,9,0,4,0,0,0,0,0,0,2,1,6,1,58,9,1984,1,3,-1,1,-1
201501XD80795,2,9,0,18,0,0,0,0,0,0,2,1,6,1,67,10,1595,1,15,-1,1,-1
201501XD80795,3,9,0,18,0,0,0,0,0,0,2,1,6,2,33,6,1299,1,12,-1,1,-1
201501XD80795,4,19,0,18,0,0,0,0,0,0,1,1,1,1,33,6,1560,2,6,-1,1,-1
201501XD80796,1,9,0,9,0,8,0,0,0,0,3,1,6,1,20,4,1598,1,14,-1,1,-1
201501XD80796,2,1,0,18,0,8,0,0,0,0,1,1,6,1,56,9,-1,-1,-1,-1,1,-1
201501XD80798,1,9,0,3,0,0,0,0,0,0,2,1,6,2,30,6,1997,1,2,-1,1,-1
201501XD80798,2,9,0,18,0,0,0,0,0,0,1,1,6,1,56,9,1968,2,7,-1,1,-1
201501XD80799,1,9,0,8,0,8,0,0,0,0,2,1,6,1,51,8,1990,1,9,-1,3,-1
201501XD80799,2,9,0,7,0,8,0,0,0,0,1,1,6,1,-1,-1,-1,-1,-1,-1,-1,-1
201501XD80800,1,9,0,9,0,8,0,0,0,0,1,1,6,2,30,6,1390,1,1,-1,1,-1
201501XD80800,2,11,0,8,0,8,0,0,0,0,0,1,6,1,58,9,9360,2,4,-1,1,-1
201501XD80801,1,9,0,18,0,0,0,0,0,0,1,1,6,1,40,7,2993,2,9,-1,1,-1
201501XD80801,2,9,0,12,0,0,0,10,1,7,2,1,6,1,-1,-1,1984,1,13,-1,1,-1
201501XD80802,1,1,0,18,0,0,0,0,0,0,3,1,6,1,55,8,-1,-1,-1,-1,1,-1
201501XD80802,2,19,0,13,0,0,0,0,0,0,4,1,1,1,-1,-1,-1,-1,-1,-1,-1,-1
201501XD80803,1,9,0,18,0,1,0,0,0,0,1,1,6,3,-1,-1,-1,-1,-1,-1,-1,-1
201501XD80804,1,19,0,18,0,0,0,0,0,0,1,1,1,3,-1,-1,-1,-1,-1,-1,-1,-1
201501XD80805,1,19,0,17,0,0,0,0,0,0,0,1,6,1,27,6,1598,2,-1,-1,1,-1
201501XD80805,2,9,0,17,0,0,0,0,0,0,2,1,6,1,46,8,1396,1,1,-1,1,-1
201501XD80805,3,9,0,17,0,0,0,0,0,0,2,1,6,1,27,6,1598,1,14,-1,1,-1
201501XD80806,1,1,0,17,0,8,0,0,0,0,1,1,6,1,44,7,-1,-1,-1,-1,-1,-1
201501XD80806,2,9,0,9,0,8,0,0,0,0,1,1,6,1,28,6,1229,1,9,-1,1,-1
201501XD80807,1,19,0,2,0,2,0,0,0,0,3,1,6,1,33,6,-1,-1,-1,-1,1,-1
201501XD80807,2,1,0,18,0,8,0,0,0,0,1,1,6,1,46,8,-1,-1,-1,-1,1,-1
201501XD80808,1,8,0,18,0,8,0,0,0,0,1,1,6,1,41,7,2143,2,4,-1,1,-1
201501XD80808,2,9,0,3,0,8,0,0,0,0,2,1,6,2,27,6,1275,1,19,-1,1,-1
201501XD80809,1,9,0,18,0,0,0,0,0,0,1,1,6,1,60,9,1988,1,11,-1,1,-1