Accident_Index,Vehicle_Reference,Vehicle_Type,Towing_and_Articulation,Vehicle_Manoeuvre,Vehicle_Location-Restricted_Lane,Junction_Location,Skidding_and_Overturning,Hit_Object_in_Carriageway,Vehicle_Leaving_Carriageway,Hit_Object_off_Carriageway,1st_Point_of_Impact,Was_Vehicle_Left_Hand_Drive?,Journey_Purpose_of_Driver,Sex_of_Driver,Age_of_Driver,Age_Band_of_Driver,Engine_Capacity_(CC),Propulsion_Code,Age_of_Vehicle,Driver_IMD_Decile,Driver_Home_Area_Type,Vehicle_IMD_Decile
201501XH30129,1,9,0,18,0,8,0,0,0,0,1,1,6,1,-1,-1,-1,-1,-1,-1,-1,-1
201501XH30132,1,9,0,18,0,2,5,4,0,0,1,1,6,1,20,4,-1,-1,-1,-1,1,-1
201501XH30133,1,9,0,9,0,8,0,0,0,0,3,1,6,2,28,6,1560,2,3,-1,1,-1
201501XH30133,2,9,0,18,0,8,0,0,0,0,1,1,6,1,43,7,1910,2,8,-1,-1,-1
201501XH30134,1,1,0,17,4,8,0,0,0,0,4,1,2,1,31,6,-1,-1,-1,-1,1,-1
201501XH30134,2,9,0,7,0,8,0,0,0,0,3,1,2,2,-1,-1,1742,1,1,-1,1,-1
201501XH30135,1,9,0,4,0,1,0,0,0,0,1,1,6,2,78,11,1242,1,3,-1,1,-1
201501XH30136,1,9,0,18,0,1,0,0,0,0,1,1,6,1,-1,-1,1995,2,8,-1,1,-1
201501XH30136,2,9,0,4,0,1,0,0,0,0,2,1,6,2,25,5,-1,-1,-1,-1,1,-1
201501XH30136,3,9,0,3,0,1,0,0,0,0,2,1,6,1,28,6,1149,1,10,-1,1,-1
201501XH30136,4,9,0,3,0,1,0,0,0,0,2,1,6,1,-1,-1,1598,1,4,-1,-1,-1
201501XH30137,1,9,0,18,0,0,0,10,7,10,1,1,6,1,17,4,-1,-1,-1,-1,-1,-1
201501XH30137,2,9,0,18,0,0,0,0,0,0,0,1,1,2,-1,-1,-1,-1,-1,-1,-1,-1
201501XH30138,1,9,0,18,0,0,5,6,0,0,3,1,6,1,-1,-1,1242,1,13,-1,-1,-1
201501XH30138,2,9,0,18,0,0,0,0,0,0,4,1,6,1,30,6,3999,1,4,-1,-1,-1
201501XH30138,3,9,0,3,0,0,0,0,0,0,2,1,6,2,41,7,999,1,1,-1,1,-1
201501XH30139,1,9,0,18,0,1,0,0,0,0,1,1,6,1,48,8,998,1,11,-1,1,-1
201501XH30139,2,9,0,9,0,1,0,0,0,0,3,1,2,2,22,5,1199,1,13,-1,1,-1
201501XH30140,1,9,0,6,0,8,0,0,0,0,1,1,6,1,28,6,2993,2,1,-1,1,-1
201501XH30140,2,9,0,18,0,8,0,0,0,0,3,1,6,2,28,6,1149,1,4,-1,1,-1
201501XH30141,1,3,0,18,0,8,0,0,0,0,4,1,6,1,34,6,125,1,1,-1,1,-1
201501XH30141,2,9,0,12,0,8,0,0,0,0,3,1,6,2,40,7,-1,-1,-1,-1,1,-1
201501XH30142,1,9,0,3,0,2,0,0,0,0,2,1,6,1,38,7,1386,1,7,-1,1,-1
201501XH30142,2,9,0,18,0,2,0,0,0,0,1,1,6,2,17,4,1198,1,12,-1,1,-1
201501XH30143,1,9,0,14,0,2,0,0,0,0,4,1,6,2,-1,-1,1598,1,16,-1,-1,-1
201501XH30144,1,9,0,1,0,1,0,0,0,0,2,1,6,2,22,5,1598,1,8,-1,1,-1
201501XH30145,1,9,0,9,0,8,0,0,0,0,1,1,6,2,28,6,2967,2,7,-1,1,-1
201501XH30145,2,1,0,15,0,8,0,0,0,0,3,1,6,1,29,6,-1,-1,-1,-1,1,-1
201501XH30146,1,19,0,18,0,0,0,0,0,0,3,1,1,1,26,6,2151,2,11,-1,1,-1
201501XH30147,1,8,0,5,0,8,0,0,0,0,1,1,6,1,37,7,1995,2,10,-1,1,-1
201501XH30152,1,9,0,9,0,8,0,0,0,0,1,1,2,1,27,6,998,1,12,-1,1,-1
201501XH30152,2,9,0,18,0,8,0,0,0,0,3,1,2,2,42,7,1248,1,3,-1,1,-1
201501XH30153,1,9,0,3,0,2,0,0,0,0,2,1,6,2,-1,-1,1995,2,9,-1,1,-1
201501XH30153,2,9,0,4,0,2,0,0,0,0,1,1,6,1,49,8,2993,2,4,-1,1,-1
201501XH30154,1,9,0,3,0,1,0,0,0,0,2,1,6,1,54,8,3993,1,1,-1,-1,-1
201501XH30154,2,9,0,4,0,1,0,0,0,0,1,1,6,1,61,9,-1,-1,-1,-1,-1,-1
201501XH30155,1,9,0,5,0,8,0,0,0,0,1,1,6,1,49,8,1368,1,7,-1,1,-1
201501XH30155,2,9,0,5,0,8,0,0,0,0,2,1,6,1,-1,-1,1360,1,13,-1,-1,-1
201501XH30157,1,9,0,3,0,1,0,0,0,0,2,1,6,2,67,10,1229,1,8,-1,1,-1
201501XH30157,2,9,0,18,0,1,0,0,0,0,1,1,6,1,52,8,1995,1,11,-1,1,-1
201501XH30158,1,9,0,1,0,1,0,0,0,0,2,1,6,1,26,6,1794,1,14,-1,1,-1
201501XH30159,1,19,0,18,0,8,0,0,0,0,1,1,1,1,40,7,2298,2,3,-1,1,-1
201501XH30159,2,9,0,9,0,8,0,0,0,0,1,1,6,2,17,4,-1,-1,-1,-1,1,-1
201501XH30160,1,9,0,9,0,8,0,0,0,0,3,1,6,2,46,8,1598,2,1,-1,1,-1
201501XH30160,2,9,0,13,0,8,0,0,0,0,1,1,6,2,19,4,1598,2,5,-1,1,-1
201501XH30161,1,9,0,3,0,8,0,0,0,0,2,1,6,2,36,7,1685,2,2,-1,1,-1
201501XH30161,2,9,0,18,0,8,0,0,0,0,1,1,6,2,32,6,-1,-1,-1,-1,1,-1
201501XH30162,1,9,0,9,0,8,0,0,0,0,3,1,6,1,25,5,1229,1,8,-1,1,-1
201501XH30162,2,9,0,18,0,8,0,0,0,0,1,1,6,2,37,7,2295,1,14,-1,1,-1
201501XH30163,1,3,0,13,0,2,0,0,0,0,4,1,6,1,22,5,124,1,1,-1,1,-1
201501XH30163,2,5,0,18,0,2,0,0,0,0,3,1,6,1,22,5,689,1,-1,-1,1,-1
201501XH30164,1,9,0,5,0,1,0,0,0,0,4,1,2,1,35,6,1997,2,9,-1,1,-1
201501XH30164,2,4,0,12,0,1,0,0,0,0,3,1,2,1,45,7,124,1,1,-1,1,-1
201501XH30165,1,8,0,5,0,0,0,0,0,0,3,1,1,1,-1,-1,-1,-1,-1,-1,-1,-1
201501XH30167,1,9,0,12,0,0,0,0,0,0,0,1,6,1,17,4,1197,1,4,-1,1,-1
201501XH30167,2,9,0,18,0,0,0,10,4,0,3,1,6,1,55,8,1956,2,3,-1,1,-1
201501XH30167,3,9,0,17,0,0,0,0,0,0,3,1,6,1,62,9,1797,8,3,-1,1,-1
201501XH30168,1,9,0,18,0,2,0,0,0,0,4,1,6,1,59,9,2286,1,-1,-1,1,-1
201501XH30168,2,19,0,18,0,1,0,0,0,0,4,1,1,1,51,8,2402,2,14,-1,1,-1
201501XH30169,1,5,0,7,0,0,2,11,0,0,1,1,2,1,23,5,645,1,16,-1,1,-1
201501XH30169,2,8,0,3,0,0,0,0,0,0,2,1,1,1,53,8,1997,2,4,-1,1,-1
201501XH30171,1,9,0,18,0,0,0,0,0,0,1,1,6,1,20,4,1995,2,5,-1,1,-1
201501XH30173,1,1,0,9,0,8,0,0,0,0,4,1,6,1,20,4,-1,-1,-1,-1,1,-1
201501XH30175,1,20,0,6,0,8,0,0,0,0,4,1,1,1,39,7,6370,2,10,-1,1,-1
201501XH30175,2,9,0,9,0,8,0,0,0,0,3,1,6,1,39,7,1798,1,6,-1,1,-1
201501XH30177,1,9,0,9,0,8,0,0,0,0,1,1,6,1,17,4,1390,1,14,-1,1,-1
201501XH30177,2,9,0,18,0,8,0,0,0,0,1,1,6,1,29,6,1349,1,13,-1,1,-1
201501XH30178,1,11,0,9,0,2,0,4,0,0,4,1,1,3,-1,-1,8268,2,12,-1,-1,-1
201501XH30180,1,10,0,18,0,1,0,0,0,0,4,1,6,3,-1,-1,-1,-1,-1,-1,-1,-1
201501XH30181,1,9,0,5,0,0,0,0,0,0,3,1,6,2,26,6,1998,1,11,-1,1,-1
201501XH30181,2,9,0,18,0,0,0,0,0,0,4,1,6,1,18,4,1199,1,12,-1,2,-1
201501XH30182,1,9,0,11,0,0,1,0,5,6,1,1,6,2,20,4,1242,1,2,-1,1,-1
201501XH30182,2,9,0,18,0,0,1,0,1,7,3,1,6,1,49,8,1956,2,1,-1,1,-1
201501XH30183,1,9,0,18,0,0,0,0,0,0,1,1,6,1,39,7,-1,-1,-1,-1,1,-1
201501XH30184,1,9,0,3,0,1,0,0,0,0,2,1,6,2,37,7,1598,1,10,-1,1,-1
201501XH30184,2,9,0,5,0,1,0,0,0,0,1,1,6,1,-1,-1,3222,2,13,-1,1,-1
201501XH30185,1,9,0,18,0,8,0,0,0,0,4,1,6,2,35,6,1896,2,11,-1,1,-1
201501XH30185,2,1,0,18,0,8,0,0,0,0,3,1,6,1,54,8,-1,-1,-1,-1,1,-1
201501XH30186,1,4,0,18,2,8,0,0,0,0,3,1,6,1,46,8,499,1,4,-1,1,-1
201501XH30186,2,9,0,7,0,5,0,0,0,0,4,1,6,2,30,6,1896,2,7,-1,1,-1
201501XH30187,1,9,0,18,0,8,0,4,0,0,4,1,6,1,20,4,1895,1,14,-1,1,-1
201501XH30188,1,4,0,13,0,0,0,0,0,0,1,1,1,1,33,6,279,1,6,-1,1,-1
201501XH30188,2,9,0,5,0,0,0,0,0,0,1,1,1,2,24,5,1149,1,12,-1,1,-1
201501XH30189,1,9,0,9,0,8,0,0,0,0,1,1,6,3,-1,-1,-1,-1,-1,-1,-1,-1
201501XH30190,1,3,0,14,0,1,0,0,0,0,4,1,6,2,25,5,125,1,2,-1,1,-1
201501XH30190,2,9,0,9,0,8,0,0,0,0,1,1,6,1,43,7,1794,1,10,-1,1,-1
201501XH30191,1,9,0,9,0,1,0,0,0,0,4,1,6,1,51,8,2497,2,18,-1,1,-1
201501XH30191,2,5,0,13,0,1,0,0,0,0,1,1,6,1,24,5,649,1,1,-1,1,-1
201501XH30192,1,9,0,9,0,8,0,0,0,0,3,1,6,1,18,4,1910,2,8,-1,1,-1
201501XH30192,2,9,0,11,0,8,0,0,0,0,4,1,6,3,-1,-1,-1,-1,-1,-1,-1,-1
201501XH30195,1,9,0,18,0,8,0,0,7,0,3,1,6,1,31,6,1332,1,6,-1,1,-1
201501XH30195,2,9,0,18,0,8,0,0,0,0,1,1,6,1,-1,-1,1598,1,2,-1,-1,-1
201501XH30196,1,9,0,18,0,0,0,0,0,0,3,1,6,2,20,4,1124,1,9,-1,1,-1
201501XH30197,1,9,0,18,0,8,0,0,1,7,1,1,6,1,22,5,1796,1,8,-1,1,-1
201501XH30198,1,8,0,18,0,8,0,0,0,0,3,1,1,1,54,8,-1,-1,-1,-1,1,-1
201501XH30198,2,9,0,5,0,6,0,0,0,0,1,1,6,1,33,6,2926,2,10,-1,2,-1
201501XH30199,1,9,0,18,0,0,0,0,0,0,1,1,1,2,34,6,1956,2,1,-1,1,-1
201501XH30200,1,9,0,7,0,1,0,0,0,0,1,1,6,1,47,8,1984,1,20,-1,1,-1
201501XH30200,2,1,0,18,0,1,0,0,0,0,4,1,6,2,40,7,-1,-1,-1,-1,1,-1
201501XH30202,1,9,0,18,0,8,0,0,0,0,1,1,6,1,39,7,1968,2,6,-1,1,-1
201501XH30202,2,2,0,18,0,8,0,0,0,0,4,1,6,1,26,6,109,1,2,-1,1,-1
201501XH30204,1,3,0,18,0,8,0,0,0,0,0,1,1,1,26,6,125,1,2,-1,1,-1
201501XH30205,1,9,0,18,0,0,0,0,0,0,1,1,6,2,45,7,998,1,4,-1,1,-1
201501XH30206,1,8,0,18,0,8,0,0,0,0,1,1,1,1,65,9,1248,2,7,-1,1,-1
201501XH30206,2,3,0,18,0,6,0,0,0,0,4,1,6,1,25,5,124,1,1,-1,1,-1
201501XH30208,1,19,0,9,0,2,0,0,0,0,1,1,6,1,31,6,1868,2,10,-1,1,-1
201501XH30208,2,9,0,18,0,1,0,0,0,0,4,1,6,1,40,7,1598,1,12,-1,1,-1
201501XH30209,1,9,0,5,0,0,0,0,0,0,1,1,6,2,35,6,1364,2,9,-1,1,-1
201501XH30209,2,9,0,4,0,0,0,0,0,0,2,1,6,2,44,7,1997,1,7,-1,1,-1
201501XH30210,1,9,0,1,0,8,0,4,0,0,2,1,6,2,-1,-1,1984,1,1,-1,-1,-1
201501XH30210,2,9,0,2,0,8,0,0,0,0,2,1,6,2,50,8,973,1,15,-1,1,-1
201501XH30212,1,9,0,1,0,1,0,0,0,0,2,1,1,1,46,8,-1,-1,-1,-1,1,-1
201501XH30212,2,9,0,18,0,1,0,0,0,0,3,1,1,1,38,7,2993,2,9,-1,1,-1
201501XH30214,1,11,0,9,0,8,0,0,0,0,0,1,1,1,46,8,4500,2,5,-1,1,-1
201501XH30217,1,9,0,18,0,2,1,4,0,0,4,1,6,2,77,11,1198,1,2,-1,1,-1
201501XH30217,2,9,0,2,0,2,0,0,0,0,3,1,6,3,-1,-1,1242,1,8,-1,-1,-1
201501XH30218,1,3,0,16,0,8,1,0,0,0,0,1,6,1,18,4,124,1,2,-1,1,-1
201501XH30219,1,9,0,18,0,0,5,0,1,0,2,1,6,2,46,8,1596,1,10,-1,1,-1
201501XH30219,2,21,0,18,0,0,0,0,0,0,1,2,1,1,32,6,-1,-1,-1,-1,-1,-1
201501XH30220,1,19,0,18,0,2,0,0,0,0,1,1,6,1,58,9,2463,2,9,-1,1,-1
201501XH30221,1,9,0,18,0,0,0,10,5,6,1,1,2,2,45,7,-1,-1,-1,-1,1,-1
201501XH30222,1,11,0,4,0,0,0,0,0,0,0,1,1,1,47,8,6700,2,3,-1,1,-1
201501XH30223,1,3,0,4,0,1,0,0,0,0,2,1,6,2,49,8,124,1,13,-1,1,-1
201501XH30223,2,9,0,18,0,1,0,0,0,0,1,1,6,2,64,9,1242,1,5,-1,1,-1
201501XH30225,1,8,0,4,0,0,0,0,0,0,2,1,1,1,43,7,1497,8,7,-1,-1,-1
201501XH30225,2,9,0,4,0,0,0,0,0,0,1,1,6,1,-1,-1,-1,-1,-1,-1,-1,-1
201501XH30225,3,9,0,3,0,0,0,0,0,0,2,1,6,1,21,5,-1,-1,-1,-1,1,-1
201501XH30226,1,9,0,18,0,8,0,0,0,0,1,1,6,2,62,9,1998,1,14,-1,1,-1
201501XH30226,2,5,0,4,0,8,0,0,0,0,2,1,6,1,59,9,897,1,10,-1,1,-1
201501XH30227,1,9,0,5,0,6,0,0,0,0,3,1,6,1,48,8,1395,1,1,-1,-1,-1
201501XH30227,2,9,0,18,0,8,0,10,7,0,1,1,6,2,18,4,1598,1,12,-1,1,-1
201501XH30228,1,9,0,3,0,1,0,0,0,0,2,1,6,1,39,7,1389,1,14,-1,1,-1
201501XH30228,2,3,0,4,0,1,1,0,0,0,1,1,6,1,24,5,124,1,3,-1,1,-1
201501XH30229,1,9,0,13,0,1,0,0,0,0,4,1,6,1,27,6,1997,2,5,-1,1,-1
201501XH30229,2,11,0,5,0,1,0,0,0,0,3,1,1,1,38,7,6700,2,3,-1,1,-1
201501XH30231,1,9,0,7,0,5,0,0,0,0,0,1,6,2,36,7,1061,1,10,-1,1,-1
201501XH30231,2,1,0,4,0,8,0,0,0,0,0,1,2,2,22,5,-1,-1,-1,-1,-1,-1
201501XH30234,1,9,0,9,0,8,0,0,0,0,4,1,2,1,20,4,2993,2,11,-1,1,-1
201501XH30234,2,9,0,18,0,8,0,0,0,0,1,1,2,1,29,6,998,1,15,-1,1,-1
201501XH30235,1,9,0,18,0,0,0,0,0,0,4,1,6,3,-1,-1,-1,-1,-1,-1,-1,-1
201501XH30236,1,9,0,9,0,1,0,0,0,0,4,1,6,1,77,11,1598,1,9,-1,1,-1
201501XH30236,2,4,0,13,0,1,0,0,0,0,1,1,6,1,21,5,125,1,1,-1,1,-1
201501XH30237,1,9,0,18,0,0,0,0,0,0,1,1,6,2,-1,-1,1598,1,18,-1,-1,-1
201501XH30238,1,21,1,12,0,0,0,0,0,0,3,2,1,1,61,9,12900,2,3,-1,1,-1
201501XH30238,2,9,0,18,0,0,0,0,0,0,4,1,6,2,62,9,1747,1,14,-1,1,-1
201501XH30239,1,9,0,18,0,1,0,0,0,0,1,1,2,2,28,6,1595,1,8,-1,-1,-1
201501XH30239,2,8,0,4,0,1,0,0,0,0,2,1,1,3,-1,-1,1997,2,1,-1,-1,-1
201501XH30240,1,9,0,7,0,2,0,10,1,2,3,1,3,2,43,7,1397,1,12,-1,1,-1
201501XH30240,2,1,0,17,0,1,0,0,0,0,4,1,2,1,32,6,-1,-1,-1,-1,1,-1
201501XH30243,1,9,0,18,0,1,0,0,0,0,1,1,6,1,21,5,1797,8,4,-1,3,-1
201501XH30243,2,9,0,3,0,1,0,0,0,0,2,1,6,1,47,8,1598,1,13,-1,1,-1
201501XH30245,1,9,0,9,0,5,0,0,0,0,1,1,6,1,50,8,1753,2,7,-1,1,-1
201501XH30245,2,9,0,18,0,8,0,0,0,0,1,1,6,1,-1,-1,2792,1,14,-1,-1,-1
201501XH30247,1,1,0,18,0,0,0,4,0,0,4,1,6,1,24,5,-1,-1,-1,-1,1,-1
201501XH30247,2,9,0,2,0,0,0,0,0,0,4,1,6,1,-1,-1,1461,2,11,-1,-1,-1
201501XH30248,1,8,0,18,0,1,0,0,0,0,3,1,1,1,41,7,1797,8,4,-1,1,-1
201501XH30248,2,9,0,5,0,1,0,0,0,0,1,1,3,1,-1,-1,1998,2,8,-1,-1,-1
201501XH30252,1,9,0,18,0,1,0,10,1,10,1,1,6,1,25,5,-1,-1,-1,-1,1,-1
201501XH30253,1,9,0,1,0,0,0,0,0,0,2,1,6,2,44,7,973,1,16,-1,1,-1
201501XH30255,1,9,0,18,0,0,0,0,0,0,1,1,6,1,26,6,1956,2,2,-1,1,-1
201501XH30255,2,9,0,3,0,0,0,0,0,0,2,1,6,2,44,7,1596,1,7,-1,1,-1
201501XH30255,3,9,0,3,0,0,0,0,0,0,2,1,6,1,48,8,1242,1,10,-1,1,-1
201501XH30255,4,9,0,3,0,0,0,0,0,0,2,1,6,2,40,7,1343,1,11,-1,1,-1
201501XH30256,1,9,0,18,0,1,0,0,0,0,0,1,1,1,47,8,-1,-1,-1,-1,-1,-1
201501XH30256,2,9,0,4,0,1,0,0,0,0,2,1,6,1,53,8,-1,-1,-1,-1,-1,-1
201501XH30256,3,19,0,18,0,1,0,0,0,0,1,1,6,1,-1,-1,-1,-1,-1,-1,-1,-1
201501XH30257,1,9,0,7,0,1,0,0,0,0,1,1,2,2,57,9,1388,1,12,-1,1,-1
201501XH30257,2,9,0,18,0,3,0,0,0,0,2,1,2,1,32,6,1968,2,2,-1,1,-1
201501XH30259,1,3,0,9,0,1,0,0,0,0,1,1,1,1,28,6,124,1,9,-1,1,-1
201501XH30259,2,9,0,9,0,1,0,0,0,0,3,1,2,2,33,6,2179,2,3,-1,2,-1
201501XH30260,1,9,0,9,0,1,0,0,0,0,1,1,1,1,58,9,1595,1,-1,-1,-1,-1
201501XH30260,2,9,0,18,0,1,0,0,0,0,1,1,6,2,30,6,1596,1,9,-1,1,-1
201501XH30261,1,9,0,4,0,8,0,0,0,0,2,1,6,2,38,7,1388,1,9,-1,1,-1
201501XH30261,2,9,0,13,0,8,0,0,0,0,1,1,6,1,28,6,1896,2,15,-1,1,-1
201501XH30262,1,1,0,18,0,8,0,0,0,0,2,1,2,1,25,5,-1,-1,-1,-1,1,-1
201501XH30262,2,9,0,7,0,8,0,0,0,0,1,1,6,1,25,5,1598,1,10,-1,-1,-1
201501XH30264,1,9,0,18,0,8,0,0,0,0,3,1,6,1,49,8,-1,-1,-1,-1,1,-1
201501XH30264,2,1,0,18,0,8,0,0,0,0,1,1,6,1,24,5,-1,-1,-1,-1,1,-1
201501XH30265,1,9,0,4,0,8,0,0,0,0,2,1,6,2,-1,-1,1596,1,7,-1,-1,-1
201501XH30265,2,9,0,11,0,8,0,0,1,0,0,1,6,3,-1,-1,-1,-1,-1,-1,-1,-1
201501XH30265,3,9,0,18,0,8,0,0,0,0,1,1,6,3,-1,-1,-1,-1,-1,-1,-1,-1
201501XH30265,4,19,0,18,0,8,0,0,0,0,1,1,6,3,-1,-1,-1,-1,-1,-1,-1,-1
201501XH30266,1,9,0,3,0,1,0,0,0,0,4,1,6,1,41,7,-1,-1,-1,-1,1,-1
201501XH30267,1,9,0,3,0,0,0,0,0,0,3,1,6,1,39,7,1368,1,7,-1,1,-1
201501XH30267,2,9,0,18,0,0,0,0,0,0,4,1,6,1,37,7,1598,1,7,-1,1,-1
201501XH30267,3,5,0,14,0,0,0,0,0,0,4,1,6,1,25,5,-1,-1,-1,-1,1,-1
201501XH30269,1,11,0,4,2,8,0,0,0,0,1,1,1,1,47,8,6700,2,3,-1,1,-1
201501XH30269,2,9,0,7,0,5,0,0,0,0,4,1,6,1,66,10,1997,2,11,-1,1,-1
201501XH30270,1,9,0,18,0,8,0,0,0,0,1,1,6,2,25,5,1598,2,2,-1,1,-1
201501XH30270,2,9,0,9,0,8,0,0,0,0,3,1,6,2,44,7,1997,2,2,-1,1,-1
201501XH30271,1,9,0,1,0,0,0,0,0,0,2,1,6,1,36,7,1198,1,-1,-1,1,-1
201501XH30273,1,9,0,9,0,8,0,0,0,0,3,1,6,1,57,9,1597,1,6,-1,1,-1
201501XH30273,2,5,0,13,0,8,0,0,0,0,4,1,6,1,57,9,599,1,2,-1,1,-1
201501XH30274,1,9,0,3,0,1,0,0,0,0,2,1,6,1,42,7,1600,2,6,-1,1,-1
201501XH30274,2,9,0,18,0,1,0,0,0,0,1,1,6,2,52,8,2494,1,14,-1,1,-1
201501XH30275,1,9,0,4,0,0,0,0,0,0,2,1,6,1,54,8,2143,2,3,-1,1,-1
201501XH30275,2,9,0,18,0,0,0,0,0,0,1,1,6,1,22,5,1598,1,8,-1,1,-1
201501XH30276,1,1,0,9,0,8,0,0,0,0,2,1,2,1,37,7,-1,-1,-1,-1,1,-1
201501XH30276,2,9,0,5,0,8,0,0,0,0,1,1,6,1,-1,-1,1364,1,8,-1,1,-1
201501XH30277,1,9,0,7,0,1,0,0,0,0,1,1,6,1,-1,-1,-1,-1,-1,-1,-1,-1
201501XH30278,1,9,0,18,0,0,0,0,0,0,4,1,6,2,42,7,1497,8,3,-1,1,-1
201501XH30279,1,9,0,18,0,8,0,0,0,0,4,1,6,1,60,9,1995,2,2,-1,1,-1
201501XH30279,2,9,0,5,0,8,0,0,0,0,1,1,6,1,36,7,1392,1,16,-1,1,-1
201501XH30280,1,9,0,18,0,0,0,0,0,0,2,1,6,1,-1,-1,1956,2,4,-1,1,-1
201501XH30280,2,9,0,18,0,0,0,0,0,0,1,1,6,1,46,8,1598,2,4,-1,1,-1
201501XH30281,1,4,0,18,0,8,0,0,0,0,1,1,2,1,25,5,750,1,-1,-1,1,-1
201501XH30281,2,9,0,9,0,8,0,0,0,0,3,1,2,2,33,6,1598,2,-1,-1,1,-1
201501XH30283,1,1,0,15,0,0,0,0,0,0,3,1,6,1,36,7,-1,-1,-1,-1,1,-1
201501XH30283,2,9,0,4,0,0,0,0,0,0,4,1,6,1,53,8,1395,1,1,-1,-1,-1
201501XH30284,1,9,0,3,0,0,0,0,0,0,2,1,6,2,57,9,1984,1,-1,-1,1,-1
201501XH30284,2,9,0,5,0,0,0,0,0,0,1,1,6,1,49,8,1198,1,6,-1,1,-1
201501XH30285,1,9,0,2,0,0,0,0,0,0,4,1,3,2,23,5,1422,2,7,-1,1,-1
201501XH30285,2,9,0,18,0,0,0,4,0,0,4,1,3,2,-1,-1,2362,1,12,-1,-1,-1
201501XH30287,1,9,0,18,0,0,0,0,0,0,1,1,6,2,32,6,1796,1,12,-1,1,-1
201501XH30288,1,9,0,3,0,8,0,0,0,0,2,1,6,1,60,9,3222,2,15,-1,1,-1
201501XH30288,2,9,0,18,0,8,0,0,0,0,1,1,6,2,25,5,-1,-1,-1,-1,1,-1
201501XH30289,1,9,0,5,0,6,0,0,0,0,1,1,6,2,-1,-1,-1,-1,-1,-1,-1,-1
201501XH30289,2,19,0,18,0,8,0,0,0,0,4,1,1,1,51,8,2148,2,7,-1,1,-1
201501XH30290,1,9,0,18,0,1,0,0,0,0,2,1,6,2,45,7,1364,1,9,-1,1,-1
201501XH30290,2,19,0,18,0,1,0,0,0,0,1,1,2,1,45,7,-1,-1,-1,-1,-1,-1
201501XH30292,1,9,0,4,0,8,0,0,0,0,1,1,6,2,28,6,1364,1,6,-1,1,-1
201501XH30292,2,9,0,9,0,8,0,0,0,0,1,1,6,2,25,5,1229,1,6,-1,1,-1
201501XH30294,1,9,0,18,0,0,0,0,2,2,4,1,6,1,23,5,-1,-1,-1,-1,1,-1
201501XH30295,1,9,0,7,0,1,0,0,0,0,1,1,6,2,33,6,1598,1,8,-1,1,-1
201501XH30295,2,9,0,18,0,1,0,0,0,0,4,1,6,1,56,9,1229,1,2,-1,1,-1
201501XH30296,1,1,0,18,0,8,0,0,0,0,4,1,6,1,36,7,-1,-1,-1,-1,1,-1
201501XH30296,2,9,0,18,0,8,0,0,0,0,1,1,6,3,-1,-1,-1,-1,-1,-1,-1,-1
201501XH30298,1,21,1,18,0,0,0,0,0,0,3,1,6,3,-1,-1,12740,2,5,-1,-1,-1
201501XH30299,1,9,0,18,0,2,0,0,0,0,3,1,6,1,29,6,1461,2,6,-1,1,-1
201501XH30301,1,9,0,9,0,8,0,0,0,0,4,1,6,1,31,6,1587,1,11,-1,1,-1
201501XH30301,2,9,0,18,0,8,0,0,0,0,1,1,6,2,24,5,1242,1,-1,-1,1,-1
201501XH30302,1,9,0,9,0,2,0,0,0,0,1,1,6,1,40,7,1896,2,10,-1,1,-1
201501XH30303,1,9,0,9,0,8,0,0,0,0,1,1,6,2,41,7,1796,1,11,-1,2,-1
201501XH30303,2,9,0,18,0,8,0,0,0,0,1,1,6,1,37,7,2671,1,16,-1,1,-1
201501XH30304,1,9,0,18,0,8,0,0,0,0,1,1,6,1,43,7,1895,1,15,-1,1,-1
201501XH30304,2,9,0,9,0,8,0,0,0,0,4,1,6,1,22,5,1242,1,8,-1,1,-1
201501XH30305,1,11,0,18,0,1,0,0,0,0,0,1,1,1,54,8,9360,2,5,-1,1,-1
201501XH30307,1,9,0,18,0,8,0,10,1,0,3,1,6,2,30,6,1362,1,3,-1,1,-1
201501XH30307,2,20,0,11,0,8,0,0,0,0,4,1,6,1,55,8,2998,2,9,-1,-1,-1
201501XH30309,1,8,0,18,0,0,0,0,0,0,2,1,1,1,53,8,1598,2,3,-1,1,-1
201501XH30309,2,9,0,18,0,0,0,0,0,0,1,1,6,1,-1,-1,1390,1,16,-1,-1,-1
201501XH30312,1,9,0,5,0,1,0,0,0,0,1,1,2,2,45,7,1998,1,9,-1,1,-1
201501XH30313,1,9,0,9,0,1,0,0,0,0,1,1,6,2,17,4,1242,1,12,-1,1,-1
201501XH30313,2,9,0,18,0,1,0,0,0,0,1,1,6,1,19,4,1229,1,10,-1,2,-1
201501XH30315,1,9,0,18,0,2,0,4,0,0,4,1,6,2,18,4,1242,1,1,-1,1,-1
201501XH30316,1,9,0,1,0,2,0,0,0,0,2,1,6,3,-1,-1,-1,-1,-1,-1,-1,-1
201501XH30316,2,1,0,3,0,1,0,0,0,0,1,1,6,1,11,3,-1,-1,-1,-1,-1,-1
201501XH30317,1,9,0,18,0,0,0,0,0,0,2,1,6,2,23,5,1398,1,5,-1,1,-1
201501XH30317,2,9,0,13,0,0,5,10,5,6,4,1,6,1,29,6,-1,-1,-1,-1,1,-1
201501XH30319,1,9,0,9,0,8,0,0,0,0,4,1,6,1,58,9,1242,1,10,-1,-1,-1
201501XH30319,2,5,0,18,0,8,0,0,0,0,1,1,6,1,23,5,-1,-1,-1,-1,-1,-1
201501XH30320,1,5,0,18,0,2,1,0,0,0,4,1,6,1,55,8,955,1,12,-1,1,-1
201501XH30321,1,9,0,18,0,1,0,10,1,4,1,1,6,2,55,8,1590,1,13,-1,1,-1