Accident_Index,Vehicle_Reference,Vehicle_Type,Towing_and_Articulation,Vehicle_Manoeuvre,Vehicle_Location-Restricted_Lane,Junction_Location,Skidding_and_Overturning,Hit_Object_in_Carriageway,Vehicle_Leaving_Carriageway,Hit_Object_off_Carriageway,1st_Point_of_Impact,Was_Vehicle_Left_Hand_Drive?,Journey_Purpose_of_Driver,Sex_of_Driver,Age_of_Driver,Age_Band_of_Driver,Engine_Capacity_(CC),Propulsion_Code,Age_of_Vehicle,Driver_IMD_Decile,Driver_Home_Area_Type,Vehicle_IMD_Decile
201501YE80463,1,19,0,18,0,1,0,0,0,0,2,1,1,1,27,6,2143,2,1,-1,1,-1
201501YE80463,2,9,0,18,0,1,0,0,0,0,1,1,6,1,-1,-1,-1,-1,-1,-1,-1,-1
201501YE80466,1,19,0,2,0,1,0,0,0,0,4,1,6,1,47,8,2148,2,9,-1,1,-1
201501YE80466,2,9,0,18,0,2,0,4,0,0,4,1,6,1,58,9,1762,1,18,-1,1,-1
201501YE80468,1,9,0,18,0,1,0,0,0,0,1,1,6,2,41,7,1995,2,1,-1,1,-1
201501YE80468,2,9,0,3,0,1,0,0,1,0,2,1,6,1,22,5,-1,-1,-1,-1,1,-1
201501YE80470,1,9,0,2,0,0,0,0,0,0,4,1,6,1,51,8,1796,1,11,-1,1,-1
201501YE80470,2,9,0,18,0,0,0,0,0,0,1,1,6,1,-1,-1,2996,2,5,-1,-1,-1
201501YE80471,1,9,0,18,0,8,0,0,0,0,1,1,6,2,56,9,1461,2,7,-1,1,-1
201501YE80471,2,9,0,9,0,6,0,0,0,0,3,1,6,2,37,7,1796,1,19,-1,1,-1
201501YE80472,1,9,0,3,0,8,0,0,0,0,3,1,6,1,44,7,2685,2,11,-1,1,-1
201501YE80472,2,9,0,1,0,6,0,0,0,0,2,1,6,1,33,6,2143,2,2,-1,1,-1
201501YE80474,1,9,0,5,0,6,0,0,0,0,1,1,6,1,36,7,1596,1,11,-1,1,-1
201501YE80474,2,8,0,18,0,8,0,0,0,0,3,1,1,1,40,7,1798,8,3,-1,1,-1
201501YE80475,1,11,0,4,2,0,0,0,0,0,0,1,1,1,47,8,9360,2,3,-1,1,-1
201501YE80476,1,9,0,18,0,8,0,0,0,0,1,1,6,1,36,7,1600,1,15,-1,1,-1
201501YE80476,2,9,0,9,0,8,0,0,0,0,1,1,6,2,27,6,1461,2,7,-1,1,-1
201501YE80478,1,9,0,18,0,8,0,0,0,0,1,1,6,1,51,8,1686,2,7,-1,1,-1
201501YE80478,2,1,0,18,0,6,0,0,0,0,3,1,6,1,46,8,-1,-1,-1,-1,1,-1
201501YE80479,1,9,0,9,0,8,0,4,0,0,1,1,6,2,24,5,1587,1,11,-1,1,-1
201501YE80479,2,9,0,2,0,8,0,4,0,0,2,1,6,3,-1,-1,1781,1,14,-1,-1,-1
201501YE80479,3,9,0,2,0,2,0,4,0,0,1,1,6,3,-1,-1,1796,1,11,-1,-1,-1
201501YE80479,4,9,0,2,0,2,0,4,0,0,2,1,6,3,-1,-1,2460,2,10,-1,-1,-1
201501YE80480,1,9,0,18,0,1,0,0,0,0,1,1,6,3,-1,-1,1242,1,1,-1,-1,-1
201501YE80480,2,1,0,18,0,1,0,0,0,0,2,1,6,1,40,7,-1,-1,-1,-1,1,-1
201501YE80481,1,9,0,14,0,8,0,0,0,0,3,1,6,2,27,6,1598,1,8,-1,1,-1
201501YE80481,2,9,0,17,0,8,0,0,0,0,4,1,6,1,38,7,1686,2,6,-1,1,-1
201501YE80482,1,21,0,12,0,0,0,0,0,0,3,2,6,1,-1,-1,-1,-1,-1,-1,-1,-1
201501YE80482,2,9,0,18,0,0,0,0,0,0,4,1,6,2,-1,-1,1248,1,5,-1,-1,-1
201501YE80483,1,9,0,18,0,0,5,4,0,0,1,1,6,1,35,6,1686,2,13,-1,1,-1
201501YE80483,2,8,0,18,0,0,0,0,0,0,3,1,2,1,50,8,2499,2,8,-1,1,-1
201501YE80484,1,9,0,18,0,0,0,0,0,0,4,1,6,1,42,7,1339,1,8,-1,1,-1
201501YE80486,1,19,0,18,0,8,0,4,1,7,1,1,1,1,56,9,2143,2,4,-1,1,-1
201501YE80486,2,9,0,2,9,8,0,0,0,0,3,1,6,3,-1,-1,899,1,-1,-1,-1,-1
201501YE80486,3,9,0,2,9,8,0,0,0,0,3,1,6,3,-1,-1,1149,1,12,-1,-1,-1
201501YE80486,4,9,0,2,9,8,0,0,0,0,3,1,6,3,-1,-1,1995,2,3,-1,-1,-1
201501YE80487,1,9,0,18,0,0,0,10,7,10,1,1,6,2,-1,-1,1329,1,3,-1,1,-1
201501YE80489,1,9,0,3,0,2,0,0,0,0,2,1,6,2,21,5,1598,2,2,-1,1,-1
201501YE80489,2,9,0,18,0,2,0,0,0,0,1,1,6,3,-1,-1,-1,-1,-1,-1,-1,-1
201501YE80492,1,9,0,18,0,1,0,0,0,0,4,1,1,1,-1,-1,-1,-1,-1,-1,-1,-1
201501YE80494,1,9,0,5,0,0,0,0,0,0,1,1,6,1,-1,-1,1598,1,1,-1,-1,-1
201501YE80495,1,11,0,18,0,2,0,0,0,0,1,1,1,1,-1,-1,-1,-1,-1,-1,-1,-1
201501YE80496,1,9,0,3,0,0,0,0,0,0,2,1,6,1,33,6,1995,2,7,-1,1,-1
201501YE80496,2,9,0,18,0,0,0,0,0,0,1,1,6,1,-1,-1,1248,2,8,-1,-1,-1
201501YE80497,1,3,0,13,0,0,0,11,0,0,1,1,6,1,21,5,-1,-1,-1,-1,-1,-1
201501YE80500,1,9,0,9,0,6,0,0,1,0,4,1,6,1,22,5,1598,1,13,-1,1,-1
201501YE80500,2,9,0,18,0,8,0,0,0,0,1,1,6,1,26,6,2967,2,4,-1,1,-1
201501YE80500,3,9,0,2,0,8,0,0,1,10,3,1,6,3,-1,-1,2987,2,4,-1,-1,-1
201501YE80501,1,9,0,9,0,5,0,0,0,0,3,1,6,1,33,6,1797,8,4,-1,1,-1
201501YE80501,2,19,0,13,0,8,0,0,0,0,4,1,6,1,-1,-1,-1,-1,-1,-1,-1,-1
201501YE80502,1,1,0,18,0,0,0,0,0,0,3,1,6,2,10,2,-1,-1,-1,-1,1,-1
201501YE80502,2,9,0,18,0,0,0,0,0,0,1,1,6,1,25,5,1596,1,10,-1,1,-1
201501YE80504,1,9,0,18,0,8,0,0,0,0,4,1,6,1,47,8,1997,1,8,-1,1,-1
201501YE80504,2,9,0,5,0,8,0,0,0,0,1,1,6,1,-1,-1,1840,1,14,-1,-1,-1
201501YE80505,1,1,0,18,0,1,0,0,0,0,3,1,6,1,41,7,-1,-1,-1,-1,1,-1
201501YE80505,2,8,0,13,0,1,0,0,0,0,4,1,1,1,30,6,1339,8,4,-1,1,-1
201501YE80506,1,9,0,18,0,1,0,0,0,0,1,1,6,1,-1,-1,1242,1,8,-1,-1,-1
201501YE80507,1,9,0,18,0,2,0,0,1,0,3,1,6,2,47,8,1596,1,14,-1,1,-1
201501YE80507,2,9,0,18,0,1,0,0,0,0,3,1,6,2,66,10,1198,1,1,-1,1,-1
201501YE80508,1,9,0,18,0,8,0,0,0,0,3,1,2,1,21,5,1598,1,8,-1,1,-1
201501YE80508,2,9,0,17,0,8,0,0,0,0,1,1,6,2,-1,-1,1299,1,12,-1,-1,-1
201501YE80509,1,9,0,9,0,8,0,0,0,0,1,1,6,1,42,7,1997,2,7,-1,1,-1
201501YE80509,2,3,0,18,0,8,0,0,0,0,4,1,6,1,34,6,125,1,5,-1,1,-1
201501YE80510,1,9,0,18,0,1,0,0,0,0,1,1,6,1,51,8,1596,1,4,-1,1,-1
201501YE80510,2,5,0,3,0,1,0,0,0,0,2,1,6,1,37,7,998,1,10,-1,1,-1
201501YE80511,1,9,0,18,0,1,0,0,0,0,1,1,6,2,23,5,2143,2,-1,-1,1,-1
201501YE80512,1,9,0,9,0,8,0,0,0,0,4,1,6,1,86,11,1275,1,20,-1,1,-1
201501YE80512,2,9,0,18,0,8,0,0,0,0,1,1,6,1,37,7,1390,1,13,-1,1,-1
201501YE80512,3,9,0,18,0,8,0,0,0,0,3,1,6,2,24,5,1968,2,1,-1,2,-1
201501YE80514,1,9,0,9,0,8,0,0,0,0,3,1,6,2,-1,-1,999,1,13,-1,1,-1
201501YE80514,2,3,0,14,0,8,0,0,0,0,1,1,6,1,-1,-1,125,1,3,-1,1,-1
201501YE80517,1,9,0,6,9,1,0,10,0,0,1,1,6,2,-1,-1,-1,-1,-1,-1,-1,-1
201501YE80518,1,9,0,18,0,0,0,0,0,0,3,1,6,1,48,8,4921,2,9,-1,-1,-1
201501YE80518,2,9,0,18,0,0,2,0,4,6,4,1,6,1,18,4,1199,1,12,-1,1,-1
201501YE80519,1,9,0,9,0,8,0,4,0,0,3,1,6,1,79,11,1560,2,4,-1,1,-1
201501YE80519,2,9,0,14,0,8,0,0,0,0,1,1,1,1,-1,-1,-1,-1,-1,-1,-1,-1
201501YE80521,1,19,0,6,0,1,0,0,0,0,4,1,6,2,54,8,2402,2,9,-1,1,-1
201501YE80521,2,3,0,18,0,2,0,0,0,0,1,1,6,1,19,4,124,1,4,-1,1,-1
201501YE80522,1,1,0,18,0,2,0,0,0,0,3,1,6,1,18,4,-1,-1,-1,-1,1,-1
201501YE80522,2,9,0,18,0,2,0,0,0,0,1,1,6,1,24,5,1364,1,5,-1,1,-1
201501YE80523,1,9,0,4,0,1,0,0,0,0,1,1,6,1,22,5,1400,1,9,-1,1,-1
201501YE80523,2,9,0,9,0,1,0,0,0,0,1,1,6,1,-1,-1,1598,1,14,-1,-1,-1
201501YE80524,1,9,0,1,0,8,0,0,0,0,2,1,6,1,61,9,1968,2,6,-1,1,-1
201501YE80524,2,9,0,18,0,8,0,0,0,0,1,1,6,1,24,5,1796,2,2,-1,1,-1
201501YE80526,1,9,0,3,0,1,0,0,0,0,2,1,6,1,66,10,1595,1,25,-1,1,-1
201501YE80526,2,9,0,5,0,1,0,0,0,0,1,1,6,2,41,7,1598,1,8,-1,1,-1
201501YE80527,1,9,0,1,0,0,0,0,0,0,2,1,6,1,68,10,1997,2,2,-1,1,-1
201501YE80529,1,9,0,18,0,0,0,0,0,0,1,1,6,1,52,8,1910,2,7,-1,1,-1
201501YE80529,2,9,0,3,0,0,0,0,0,0,2,1,6,2,21,5,1242,1,1,-1,1,-1
201501YE80529,3,9,0,3,0,0,0,0,0,0,2,1,6,1,58,9,1248,2,4,-1,1,-1
201501YE80530,1,9,0,9,0,8,0,0,0,0,4,1,6,2,18,4,1086,1,7,-1,2,-1
201501YE80530,2,9,0,18,0,8,0,0,0,0,1,1,6,1,28,6,-1,-1,-1,-1,1,-1
201501YE80531,1,9,0,5,0,8,0,0,0,0,1,1,6,2,22,5,1390,1,11,-1,1,-1
201501YE80531,2,9,0,18,0,8,0,0,0,0,4,1,6,1,-1,-1,1796,1,7,-1,1,-1
201501YE80534,1,9,0,18,0,0,0,4,7,0,1,1,6,2,47,8,998,1,11,-1,1,-1
201501YE80535,1,9,0,17,0,2,0,0,0,0,1,1,6,1,46,8,1587,1,12,-1,1,-1
201501YE80536,1,9,0,3,0,0,0,0,0,0,2,1,6,2,41,7,1995,2,2,-1,-1,-1
201501YE80536,2,9,0,18,0,0,0,0,0,0,1,1,6,1,-1,-1,1796,1,17,-1,-1,-1
201501YE80539,1,9,0,3,0,1,0,0,0,0,2,1,6,1,52,8,1339,1,13,-1,1,-1
201501YE80539,2,9,0,18,0,1,0,0,0,0,1,1,6,1,-1,-1,1368,1,7,-1,-1,-1
201501YE80540,1,3,0,18,0,1,0,0,0,0,4,1,6,1,23,5,100,1,15,-1,1,-1
201501YE80542,1,9,0,14,0,0,0,0,0,0,1,1,6,2,-1,-1,-1,-1,-1,-1,-1,-1
201501YE80543,1,3,0,3,0,2,0,0,0,0,2,1,6,1,25,5,-1,-1,-1,-1,1,-1
201501YE80543,2,9,0,18,0,2,0,0,0,0,1,1,6,3,-1,-1,-1,-1,-1,-1,-1,-1
201501YE80544,1,9,0,9,0,8,0,0,0,0,3,1,6,2,32,6,1390,1,4,-1,1,-1
201501YE80544,2,5,0,18,0,8,0,0,0,0,1,1,6,1,24,5,998,1,14,-1,1,-1
201501YE80545,1,9,0,9,0,8,0,0,0,0,4,1,6,1,33,6,1364,1,11,-1,1,-1
201501YE80545,2,9,0,18,0,8,0,0,0,0,1,1,6,1,32,6,1991,1,1,-1,1,-1
201501YE80546,1,9,0,9,0,8,0,0,0,0,1,1,6,1,54,8,1997,2,12,-1,1,-1
201501YE80546,2,4,0,18,0,8,0,0,0,0,3,1,6,1,53,8,1284,1,7,-1,1,-1
201501YE80547,1,8,0,5,0,1,0,0,0,0,4,1,1,1,-1,-1,1968,2,3,-1,-1,-1
201501YE80548,1,9,0,7,0,8,0,0,0,0,1,1,6,1,-1,-1,2987,2,9,-1,-1,-1
201501YE80549,1,9,0,18,0,1,0,0,0,0,1,1,6,3,-1,-1,-1,-1,-1,-1,-1,-1
201501YE80550,1,9,0,18,0,2,0,0,0,0,4,1,6,1,67,10,1396,2,4,-1,1,-1
201501YE80552,1,9,0,18,0,0,0,0,0,0,2,1,6,2,50,8,1798,1,7,-1,1,-1
201501YE80552,2,19,0,18,0,0,0,0,0,0,1,1,6,1,43,7,2148,2,9,-1,1,-1
201501YE80553,1,9,0,9,0,8,0,0,0,0,1,1,6,2,46,8,1796,1,6,-1,1,-1
201501YE80553,2,9,0,18,0,8,0,0,0,0,3,1,6,1,19,4,1198,1,1,-1,1,-1
201501YE80554,1,9,0,16,0,0,0,10,7,10,1,1,6,1,20,4,1590,1,11,-1,1,-1
201501YE80555,1,8,0,18,0,1,0,10,1,0,4,1,1,1,-1,-1,-1,-1,-1,-1,-1,-1
201501YE80557,1,9,0,9,0,8,0,0,0,0,3,1,6,2,-1,-1,1242,1,1,-1,-1,-1
201501YE80557,2,3,0,13,0,8,0,0,0,0,1,1,6,1,23,5,125,1,4,-1,1,-1
201501YE80558,1,9,0,9,0,8,0,0,0,0,3,1,6,1,41,7,1995,2,8,-1,1,-1
201501YE80558,2,9,0,18,0,8,0,0,0,0,1,1,6,1,-1,-1,1199,1,12,-1,-1,-1
201501YE80559,1,8,0,5,0,8,0,0,0,0,1,1,6,1,38,7,1968,2,6,-1,1,-1
201501YE80559,2,19,0,18,0,8,0,0,0,0,4,1,6,1,-1,-1,1997,2,-1,-1,-1,-1
201501YE80560,1,9,0,9,0,8,0,0,0,0,1,1,6,2,18,4,1229,1,6,-1,1,-1
201501YE80560,2,9,0,18,0,8,0,10,1,1,4,1,1,1,-1,-1,-1,-1,-1,-1,-1,-1
201501YE80561,1,9,0,18,0,8,0,0,0,0,1,1,6,1,50,8,1995,2,5,-1,1,-1
201501YE80561,2,9,0,4,0,8,0,0,0,0,2,2,6,1,33,6,-1,-1,-1,-1,1,-1
201501YE80561,3,9,0,3,0,8,0,0,0,0,2,1,6,1,40,7,1598,2,1,-1,1,-1
201501YE80562,1,3,0,9,0,8,0,0,0,0,4,1,2,2,36,7,124,1,4,-1,1,-1
201501YE80562,2,9,0,18,0,8,0,0,0,0,1,1,6,1,-1,-1,2171,1,14,-1,-1,-1
201501YE80563,1,9,0,18,0,0,0,10,1,3,1,1,6,1,20,4,-1,-1,-1,-1,1,-1
201501YE80564,1,9,0,18,0,2,0,0,0,0,1,1,6,1,53,8,1951,2,15,-1,1,-1
201501YE80565,1,8,0,9,0,8,0,0,0,0,4,1,1,1,-1,-1,1686,2,4,-1,-1,-1
201501YE80565,2,9,0,18,0,8,0,0,0,0,1,1,6,2,-1,-1,2979,1,11,-1,1,-1
201501YE80566,1,9,0,18,0,1,0,0,0,0,1,1,6,2,39,7,1598,1,3,-1,1,-1
201501YE80567,1,9,0,6,0,8,0,0,0,0,2,1,6,1,41,7,1769,1,14,-1,1,-1
201501YE80567,2,5,0,18,0,8,0,0,0,0,1,1,6,1,52,8,498,1,16,-1,1,-1
201501YE80568,1,9,0,9,0,8,0,0,0,0,4,1,6,1,30,6,1199,1,15,-1,1,-1
201501YE80568,2,9,0,18,0,8,0,0,0,0,1,1,6,1,27,6,1781,1,14,-1,1,-1
201501YE80570,1,9,0,18,0,0,0,4,0,0,4,1,6,3,-1,-1,1497,1,9,-1,-1,-1
201501YE80570,2,9,0,2,0,0,0,0,0,0,4,1,6,2,22,5,2143,2,2,-1,1,-1
201501YE80570,3,9,0,2,0,0,0,0,0,0,1,1,6,1,20,4,1995,2,-1,-1,1,-1
201501YE80571,1,9,0,5,0,0,0,0,0,0,3,1,6,2,36,7,1390,1,12,-1,1,-1
201501YE80571,2,9,0,18,0,0,0,0,0,0,4,1,6,2,19,4,1396,1,17,-1,1,-1
201501YE80573,1,9,0,18,0,8,0,0,0,0,1,1,6,1,17,4,1229,1,8,-1,1,-1
201501YE80573,2,9,0,9,0,8,0,0,0,0,3,1,6,1,51,8,1896,2,11,-1,1,-1
201501YE80574,1,3,0,18,0,0,0,0,0,0,2,1,6,1,31,6,124,1,-1,-1,1,-1
201501YE80574,2,9,0,18,0,0,0,0,0,0,1,1,6,2,19,4,1896,2,7,-1,1,-1
201501YE80575,1,11,0,9,0,5,0,0,0,0,0,1,1,1,64,9,-1,-1,-1,-1,2,-1
201501YE80577,1,9,0,9,0,8,0,0,0,0,4,1,6,1,-1,-1,999,1,4,-1,-1,-1
201501YE80577,2,1,0,18,0,8,0,0,0,0,1,1,6,1,35,6,-1,-1,-1,-1,1,-1
201501YE80578,1,20,0,2,0,0,0,0,0,0,3,1,1,1,57,9,5193,2,4,-1,1,-1
201501YE80578,2,20,0,18,0,0,0,0,0,0,4,1,1,1,29,6,2198,2,3,-1,1,-1
201501YE80579,1,9,0,7,0,8,0,0,0,0,4,1,6,1,23,5,998,1,-1,-1,1,-1
201501YE80579,2,3,0,18,0,8,0,0,0,0,1,1,6,1,25,5,125,1,5,-1,1,-1
201501YE80580,1,9,0,7,0,8,0,0,0,0,4,1,6,1,67,10,1363,2,13,-1,1,-1
201501YE80580,2,9,0,15,0,8,0,0,0,0,3,1,6,1,-1,-1,1997,2,8,-1,-1,-1
201501YE80582,1,9,0,9,0,8,0,0,0,0,1,1,6,1,31,6,1596,1,11,-1,1,-1
201501YE80582,2,9,0,18,0,8,0,10,1,2,3,1,6,1,18,4,998,1,1,-1,1,-1
201501YE80583,1,9,0,4,0,1,0,0,0,0,2,1,6,1,72,10,1388,1,1,-1,1,-1
201501YE80583,2,21,0,18,0,1,0,0,0,0,1,1,1,1,52,8,12900,2,3,-1,2,-1
201501YE80585,1,9,0,18,0,0,0,0,0,0,2,1,6,2,33,6,1995,2,-1,-1,1,-1
201501YE80585,2,9,0,18,0,0,0,0,0,0,1,1,6,1,-1,-1,2494,1,24,-1,-1,-1
201501YE80586,1,9,0,9,0,8,0,0,0,0,4,1,6,2,18,4,998,1,8,-1,1,-1
201501YE80586,2,9,0,18,0,8,0,0,0,0,1,1,6,1,40,7,2720,2,9,-1,1,-1
201501YE80587,1,9,0,18,0,0,5,4,7,0,4,1,6,2,23,5,1598,1,3,-1,1,-1
201501YE80588,1,21,1,12,0,0,0,0,0,0,3,2,1,1,45,7,-1,-1,-1,-1,-1,-1
201501YE80588,2,9,0,18,0,0,0,0,4,6,4,1,6,2,40,7,1870,2,17,-1,1,-1
201501YE80590,1,9,0,7,0,8,0,0,0,0,1,1,6,2,67,10,1398,1,11,-1,1,-1
201501YE80590,2,9,0,18,0,8,0,0,0,0,4,1,6,1,48,8,2148,2,10,-1,1,-1
201501YE80591,1,9,0,9,0,8,0,0,0,0,1,1,6,2,43,7,657,1,20,-1,1,-1
201501YE80591,2,3,0,18,0,8,0,0,0,0,3,1,6,1,29,6,108,1,2,-1,1,-1
201501YE80593,1,9,0,18,0,0,0,0,0,0,3,1,6,2,64,9,1461,2,3,-1,1,-1
201501YE80593,2,21,0,18,0,0,0,0,0,0,4,2,1,1,56,9,-1,-1,-1,-1,-1,-1
201501YE80594,1,9,0,18,0,8,0,0,0,0,3,1,6,1,73,10,999,1,14,-1,1,-1
201501YE80594,2,9,0,18,0,8,0,0,0,0,1,1,6,1,-1,-1,-1,-1,-1,-1,1,-1
201501YE80596,1,9,0,7,0,8,0,0,0,0,3,1,6,2,44,7,1796,1,9,-1,-1,-1
201501YE80596,2,9,0,18,0,8,0,0,0,0,1,1,6,2,40,7,1995,1,7,-1,1,-1
201501YE80597,1,9,0,9,0,8,0,0,0,0,1,1,6,3,-1,-1,2148,2,11,-1,-1,-1
201501YE80599,1,9,0,3,0,1,0,0,0,0,2,1,6,1,32,6,1598,2,1,-1,1,-1
201501YE80599,2,9,0,18,0,1,0,0,0,0,1,1,6,1,-1,-1,2204,2,8,-1,-1,-1
201501YE80600,1,9,0,4,0,0,0,0,0,0,2,1,6,1,21,5,1149,1,12,-1,1,-1
201501YE80600,2,9,0,18,0,0,0,0,0,0,1,1,6,1,74,10,1396,1,15,-1,1,-1
201501YE80602,1,9,0,11,0,0,0,0,0,0,4,1,6,2,23,5,1299,1,11,-1,1,-1
201501YE80602,2,19,0,18,0,0,0,0,0,0,2,1,6,1,30,6,2198,2,3,-1,1,-1
201501YE80602,3,9,0,18,0,0,0,0,0,0,1,1,6,1,53,8,-1,-1,-1,-1,1,-1
201501YE80605,1,8,0,18,0,8,0,0,0,0,3,1,1,1,-1,-1,1598,1,9,-1,-1,-1
201501YE80605,2,9,0,9,0,8,0,0,0,0,1,1,6,1,-1,-1,1998,1,14,-1,-1,-1
201501YE80607,1,9,0,3,0,0,0,0,0,0,2,1,6,1,23,5,-1,-1,-1,-1,1,-1
201501YE80607,2,9,0,18,0,0,0,0,0,0,1,1,6,1,37,7,-1,-1,-1,-1,-1,-1
201501YE80608,1,9,0,17,0,8,0,0,0,0,1,1,1,1,40,7,-1,-1,-1,-1,1,-1
201501YE80608,2,9,0,16,0,8,0,0,0,0,1,1,6,1,45,7,4163,1,8,-1,1,-1
201501YE80609,1,9,0,9,0,2,0,0,0,0,1,1,6,1,35,6,1598,2,4,-1,1,-1
201501YE80610,1,19,0,9,0,6,0,0,0,0,1,1,2,1,-1,-1,1560,2,1,-1,1,-1
201501YE80610,2,9,0,4,0,8,0,0,0,0,4,1,6,2,26,6,973,1,12,-1,1,-1
201501YE80611,1,9,0,9,0,8,0,0,0,0,3,1,6,1,44,7,2148,2,7,-1,1,-1
201501YE80611,2,9,0,18,0,8,0,0,0,0,2,1,6,1,19,4,1781,1,14,-1,1,-1
201501YE80612,1,9,0,9,0,2,0,0,0,0,1,1,6,1,53,8,2295,1,13,-1,-1,-1
201501YE80613,1,9,0,9,0,8,0,0,0,0,1,1,6,1,39,7,1341,1,13,-1,1,-1
201501YE80613,2,9,0,18,0,8,0,0,0,0,1,1,6,2,61,9,1560,2,3,-1,1,-1
201501YE80615,1,9,0,18,0,0,5,0,0,0,1,1,6,1,18,4,1299,1,10,-1,1,-1
201501YE80616,1,9,0,10,0,8,0,0,0,0,2,1,6,2,26,6,1368,1,8,-1,1,-1
201501YE80616,2,9,0,18,0,8,0,0,0,0,1,1,6,2,-1,-1,1368,1,8,-1,-1,-1
201501YE80617,1,9,0,3,0,1,0,0,0,0,2,1,6,2,34,6,1998,1,10,-1,1,-1
201501YE80617,2,9,0,18,0,1,0,0,0,0,1,1,6,1,-1,-1,-1,-1,-1,-1,-1,-1
201501YE80618,1,9,0,17,0,1,0,10,1,4,1,1,6,2,69,10,1781,1,17,-1,1,-1
201501YE80619,1,9,0,3,0,1,0,0,0,0,2,1,6,1,34,6,1798,1,7,-1,1,-1
201501YE80619,2,9,0,18,0,1,0,0,0,0,1,1,6,2,-1,-1,1598,1,2,-1,-1,-1
201501YE80620,1,9,0,3,0,1,0,0,0,0,2,1,6,1,34,6,1598,1,2,-1,2,-1
201501YE80620,2,9,0,18,0,1,0,0,0,0,1,1,6,1,-1,-1,1998,1,17,-1,-1,-1
201501YE80621,1,3,0,18,0,2,0,0,0,0,1,1,6,1,-1,-1,-1,-1,-1,-1,-1,-1
201501YE80622,1,9,0,9,0,8,0,0,0,0,1,1,6,2,-1,-1,1242,1,3,-1,-1,-1
201501YE80622,2,3,0,18,0,8,0,0,0,0,3,1,6,1,20,4,-1,-1,-1,-1,1,-1
201501YE80623,1,8,0,18,0,2,0,0,0,0,4,1,1,1,42,7,1797,8,6,-1,1,-1
201501YE80624,1,19,0,5,0,8,0,0,0,0,4,1,1,1,27,6,2148,2,8,-1,1,-1
201501YE80624,2,3,0,5,0,8,0,0,0,0,2,1,6,1,46,8,98,1,23,-1,1,-1
201501YE80625,1,9,0,18,0,0,0,10,1,2,1,1,6,2,52,8,1299,1,14,-1,-1,-1
201501YE80626,1,9,0,11,0,1,0,0,0,0,2,1,6,1,20,4,1582,2,4,-1,1,-1
201501YE80626,2,9,0,18,0,1,0,0,0,0,1,1,6,1,31,6,1995,1,7,-1,1,-1
201501YE80628,1,9,0,16,0,0,0,10,2,1,1,1,6,1,25,5,1988,1,16,-1,1,-1
201501YE80629,1,9,0,18,0,1,0,0,0,0,1,1,6,1,32,6,1149,1,8,-1,1,-1
201501YE80629,2,9,0,3,0,1,0,0,0,0,2,1,6,2,50,8,1339,1,9,-1,1,-1
201501YE80629,3,9,0,3,0,1,0,0,0,0,2,1,6,1,33,6,1149,1,13,-1,1,-1
201501YE80632,1,11,0,5,0,0,0,0,0,0,0,1,1,1,64,9,-1,-1,-1,-1,1,-1
201501YE80633,1,19,0,13,0,2,0,7,0,0,1,1,6,2,40,7,2295,7,10,-1,2,-1
201501YE80633,2,19,0,18,0,1,0,0,0,0,1,1,1,1,27,6,2402,2,4,-1,1,-1
201501YE80634,1,19,0,18,0,0,0,0,0,0,1,1,6,1,24,5,2461,2,7,-1,2,-1
201501YE80634,2,21,0,18,0,0,0,0,0,0,2,2,6,3,-1,-1,-1,-1,-1,-1,-1,-1
201501YE80635,1,21,0,12,0,0,0,0,0,0,3,2,1,1,52,8,-1,-1,-1,-1,-1,-1
201501YE80635,2,9,0,18,0,0,0,0,1,7,4,1,6,1,52,8,998,1,1,-1,1,-1
201501YE80636,1,9,0,7,0,1,0,0,0,0,4,1,6,1,27,6,1598,1,6,-1,1,-1
201501YE80636,2,3,0,18,0,1,0,0,0,0,1,1,6,1,27,6,124,1,10,-1,1,-1
201501YE80638,1,9,0,4,0,1,0,0,0,0,2,1,6,1,24,5,998,1,-1,-1,1,-1
201501YE80638,2,2,0,18,0,1,0,0,0,0,1,1,6,1,16,4,49,1,4,-1,1,-1
201501YE80639,1,3,0,18,0,1,0,4,0,0,4,1,6,1,38,7,124,1,5,-1,1,-1
201501YE80639,2,19,0,2,0,1,0,0,0,0,3,1,6,1,51,8,2198,2,3,-1,-1,-1
201501YE80640,1,9,0,7,0,8,0,0,0,0,4,1,6,1,38,7,2231,2,9,-1,1,-1
201501YE80640,2,5,0,18,0,8,0,0,0,0,3,1,6,1,35,6,599,1,15,-1,1,-1
201501YE80641,1,1,0,18,0,8,0,0,0,0,1,1,6,1,17,4,-1,-1,-1,-1,1,-1
201501YE80641,2,9,0,4,0,8,0,0,0,0,4,1,6,1,45,7,1596,1,7,-1,1,-1
201501YE80642,1,9,0,18,0,8,0,0,0,0,3,1,6,1,54,8,2143,2,-1,-1,1,-1
201501YE80642,2,9,0,18,0,8,0,0,0,0,3,1,6,2,23,5,1390,1,3,-1,1,-1
201501YE80643,1,9,0,18,0,0,0,0,5,6,2,1,6,1,65,9,1461,2,-1,-1,-1,-1
201501YE80643,2,9,0,11,0,0,0,0,1,7,1,1,6,1,20,4,4398,1,11,-1,1,-1
201501YE80645,1,9,0,9,0,8,0,0,0,0,3,1,6,1,35,6,1296,1,7,-1,1,-1
201501YE80645,2,4,0,13,0,8,0,0,0,0,1,1,6,1,31,6,124,1,-1,-1,1,-1
201501YE80646,1,9,0,3,0,1,0,0,0,0,3,1,6,1,47,8,1968,2,2,-1,1,-1
201501YE80646,2,9,0,7,0,2,0,0,0,0,1,1,6,1,-1,-1,2143,2,-1,-1,1,-1
201501YE80648,1,9,0,16,0,8,0,0,0,0,3,1,6,1,51,8,1398,1,14,-1,1,-1