Accident_Index,Vehicle_Reference,Vehicle_Type,Towing_and_Articulation,Vehicle_Manoeuvre,Vehicle_Location-Restricted_Lane,Junction_Location,Skidding_and_Overturning,Hit_Object_in_Carriageway,Vehicle_Leaving_Carriageway,Hit_Object_off_Carriageway,1st_Point_of_Impact,Was_Vehicle_Left_Hand_Drive?,Journey_Purpose_of_Driver,Sex_of_Driver,Age_of_Driver,Age_Band_of_Driver,Engine_Capacity_(CC),Propulsion_Code,Age_of_Vehicle,Driver_IMD_Decile,Driver_Home_Area_Type,Vehicle_IMD_Decile
201501YE89065,1,9,0,3,0,1,0,0,0,0,2,1,6,1,32,6,1796,1,8,-1,1,-1
201501YE89065,2,9,0,5,0,1,0,0,0,0,1,1,6,2,33,6,1390,1,1,-1,1,-1
201501YE89089,1,9,0,17,0,2,0,0,0,0,1,1,6,2,37,7,1598,1,9,-1,1,-1
201501YE89089,2,9,0,16,0,1,0,0,0,0,1,1,6,3,-1,-1,1364,1,10,-1,-1,-1
201501YE89104,1,9,0,18,0,2,0,0,0,0,3,1,6,1,64,9,2967,1,11,-1,1,-1
201501YE89106,1,9,0,18,0,0,0,0,0,0,1,1,6,1,25,5,-1,-1,-1,-1,1,-1
201501YE89106,2,9,0,18,0,0,0,0,0,0,1,1,6,2,29,6,1598,1,4,-1,1,-1
201501YE89134,1,9,0,9,0,8,0,0,0,0,3,1,6,1,44,7,1999,2,-1,-1,-1,-1
201501YE89134,2,9,0,18,0,8,0,0,0,0,1,1,6,1,-1,-1,1984,1,5,-1,-1,-1
201501YE89149,1,9,0,10,0,8,0,0,0,0,1,1,6,1,38,7,1988,1,13,-1,1,-1
201501YE89149,2,9,0,18,0,8,0,0,0,0,1,1,6,2,-1,-1,1390,1,12,-1,-1,-1
201501YE89169,1,9,0,9,0,2,0,0,0,0,1,1,6,2,20,4,1598,1,10,-1,1,-1
201501YE89169,2,9,0,18,0,1,0,0,0,0,1,1,6,3,-1,-1,1199,1,12,-1,-1,-1
201501YE89196,1,9,0,18,0,1,0,0,0,0,1,1,6,3,-1,-1,-1,-1,-1,-1,-1,-1
201501YE89197,1,9,0,3,0,1,0,0,0,0,2,1,6,2,59,9,1998,1,16,-1,1,-1
201501YE89197,2,9,0,18,0,1,0,0,0,0,1,1,6,1,35,6,-1,-1,-1,-1,-1,-1
201501YE89198,1,9,0,4,0,8,0,0,0,0,1,1,6,1,-1,-1,-1,-1,-1,-1,-1,-1
201501YE89198,2,11,0,18,0,8,0,0,0,0,4,1,1,1,36,7,3900,2,13,-1,1,-1
201501YE89201,1,9,0,18,0,8,0,0,0,0,1,1,6,2,23,5,1328,1,9,-1,1,-1
201501YE89201,2,9,0,9,0,5,0,0,0,0,4,1,6,1,-1,-1,-1,-1,-1,-1,-1,-1
201501YE89203,1,9,0,9,0,5,0,0,7,0,4,1,6,2,24,5,-1,-1,-1,-1,1,-1
201501YE89203,2,9,0,15,0,8,0,0,0,0,3,1,6,1,-1,-1,1686,2,6,-1,1,-1
201501YE89204,1,19,0,18,0,1,0,0,0,0,1,1,6,3,-1,-1,2402,2,6,-1,-1,-1
201501YE89204,2,4,0,10,0,1,0,0,0,0,2,1,6,1,57,9,1293,1,5,-1,1,-1
201501YE89207,1,9,0,18,0,0,0,0,0,0,4,1,3,1,40,7,2993,2,7,-1,1,-1
201501YE89207,2,9,0,15,0,0,1,0,0,0,3,1,6,2,-1,-1,1461,2,5,-1,-1,-1
201501YE89208,1,19,0,1,0,8,0,0,0,0,2,1,2,1,36,7,2402,2,7,-1,1,-1
201501YE89210,1,9,0,9,0,8,0,0,1,7,1,1,6,2,18,4,-1,-1,-1,-1,-1,-1
201501YE89210,2,9,0,18,0,1,0,0,0,0,0,1,6,1,35,6,-1,-1,-1,-1,-1,-1
201501YE89214,1,9,0,9,0,0,0,0,0,0,1,1,6,3,-1,-1,-1,-1,-1,-1,-1,-1
201501YE89214,2,1,0,9,0,0,0,0,0,0,4,1,6,1,22,5,-1,-1,-1,-1,-1,-1
201501YE89222,1,9,0,4,0,0,0,0,0,0,1,1,6,2,26,6,-1,-1,-1,-1,-1,-1
201501YE89223,1,1,0,18,0,8,0,0,0,0,4,1,6,2,25,5,-1,-1,-1,-1,1,-1
201501YE89223,2,19,0,18,0,8,0,0,0,0,1,1,6,1,-1,-1,2402,2,5,-1,-1,-1
201501YE89232,1,9,0,7,0,1,0,0,0,0,1,1,6,2,-1,-1,1242,1,11,-1,-1,-1
201501YE89243,1,9,0,18,0,1,0,0,0,0,1,1,6,1,33,6,1242,1,13,-1,-1,-1
201501YE89247,1,9,0,18,0,1,0,0,0,0,1,1,6,1,65,9,1995,2,8,-1,1,-1
201501YE89247,2,9,0,18,0,1,0,0,0,0,1,1,6,1,45,7,1598,1,13,-1,1,-1
201501YE89247,3,9,0,7,0,2,0,0,0,0,0,1,6,2,24,5,998,1,8,-1,1,-1
201501YE89292,1,9,0,18,0,0,0,4,0,0,1,1,6,2,24,5,1461,2,1,-1,2,-1
201501YE89292,2,19,0,2,0,0,0,4,0,0,1,1,6,1,58,9,-1,-1,-1,-1,-1,-1
201501YE89292,3,9,0,2,0,0,0,4,0,0,1,1,6,2,29,6,1598,1,6,-1,-1,-1
201501YE89292,4,9,0,2,0,0,0,0,0,0,1,1,6,3,-1,-1,-1,-1,-1,-1,-1,-1
201501YR90011,1,8,0,3,0,0,0,0,0,0,4,1,1,1,41,7,1798,8,1,-1,1,-1
201501YR90011,2,1,0,15,0,0,0,8,0,0,0,1,6,1,32,6,-1,-1,-1,-1,1,-1
201501YR90014,1,1,0,5,0,1,0,0,0,0,2,1,6,1,37,7,-1,-1,-1,-1,1,-1
201501YR90014,2,9,0,5,0,1,0,0,0,0,1,1,6,2,-1,-1,1598,1,15,-1,1,-1
201501YR90016,1,9,0,9,0,2,0,0,0,0,1,1,6,1,47,8,1896,2,10,-1,1,-1
201501YR90019,1,9,0,9,0,8,0,0,0,0,4,1,6,1,32,6,1988,2,10,-1,1,-1
201501YR90019,2,9,0,18,0,8,0,0,0,0,3,1,6,2,36,7,1598,1,4,-1,1,-1
201501YR90020,1,9,0,18,0,8,0,0,0,0,3,2,6,1,38,7,-1,-1,-1,-1,1,-1
201501YR90020,2,9,0,11,0,8,0,0,0,0,4,1,6,1,47,8,-1,-1,-1,-1,1,-1
201501YR90022,1,9,0,18,0,8,0,0,0,0,2,1,6,2,48,8,1598,1,19,-1,1,-1
201501YR90022,2,3,0,18,0,8,0,0,0,0,1,1,6,1,27,6,108,1,5,-1,1,-1
201501YR90023,1,9,0,9,0,8,0,0,0,0,4,1,6,1,32,6,2199,2,5,-1,1,-1
201501YR90023,2,9,0,18,0,8,0,0,0,0,1,1,6,1,38,7,4163,1,7,-1,1,-1
201501YR90026,1,9,0,1,0,8,0,0,0,0,2,1,6,3,-1,-1,-1,-1,-1,-1,-1,-1
201501YR90027,1,9,0,18,0,1,0,0,0,0,4,1,6,2,50,8,1781,1,12,-1,1,-1
201501YR90030,1,9,0,11,0,1,0,0,0,0,4,1,6,1,53,8,1598,1,6,-1,1,-1
201501YR90030,2,9,0,18,0,1,0,0,0,0,3,1,6,1,29,6,1240,1,11,-1,1,-1
201501YR90032,1,9,0,18,0,0,0,0,0,0,4,1,6,1,24,5,1400,1,15,-1,1,-1
201501YR90035,1,19,0,1,0,2,0,4,0,0,2,1,6,1,-1,-1,3920,2,9,-1,-1,-1
201501YR90037,1,3,0,18,0,2,0,0,0,0,4,1,6,1,30,6,125,1,2,-1,-1,-1
201501YR90041,1,9,0,18,0,2,0,0,0,0,1,1,6,1,33,6,-1,-1,-1,-1,1,-1
201501YR90042,1,5,0,18,2,0,0,0,0,0,1,1,6,1,33,6,1170,1,6,-1,1,-1
201501YR90044,1,3,0,18,0,8,0,0,0,0,3,1,6,1,28,6,124,1,1,-1,1,-1
201501YR90044,2,9,0,9,0,8,0,0,0,0,1,1,6,3,-1,-1,999,1,7,-1,-1,-1
201501YR90045,1,9,0,9,0,8,0,0,0,0,4,1,6,2,22,5,1997,2,13,-1,1,-1
201501YR90045,2,9,0,18,0,8,0,0,0,0,1,1,6,1,-1,-1,1299,1,14,-1,1,-1
201501YR90046,1,11,0,18,0,0,0,0,0,0,1,1,1,3,-1,-1,-1,-1,-1,-1,-1,-1
201501YR90047,1,9,0,2,0,2,0,0,0,0,3,1,6,1,21,5,998,1,13,-1,1,-1
201501YR90047,2,1,0,18,0,2,0,8,0,0,1,1,6,2,28,6,-1,-1,-1,-1,1,-1
201501YR90048,1,9,0,7,2,8,0,0,0,0,2,1,6,1,43,7,-1,-1,-1,-1,1,-1
201501YR90048,2,9,0,18,0,8,0,0,0,0,1,1,6,3,-1,-1,-1,-1,-1,-1,-1,-1
201501YR90049,1,9,0,6,0,0,0,0,0,0,3,1,6,2,46,8,3199,1,15,-1,1,-1
201501YR90051,1,9,0,14,0,0,0,0,0,0,4,1,6,2,23,5,2979,1,2,-1,1,-1
201501YR90051,2,9,0,6,0,0,0,0,0,0,3,1,6,1,55,8,1995,2,10,-1,1,-1
201501YR90052,1,9,0,18,0,1,0,0,0,0,1,1,6,2,-1,-1,-1,-1,-1,-1,-1,-1
201501YR90054,1,11,0,18,0,1,0,0,0,0,0,1,1,1,51,8,9360,2,5,-1,1,-1
201501YR90055,1,9,0,18,0,1,0,0,0,0,1,1,6,1,58,9,2967,2,2,-1,1,-1
201501YR90055,2,11,0,18,0,1,0,0,0,0,3,1,1,1,41,7,9360,2,3,-1,1,-1
201501YR90057,1,9,0,7,0,8,5,10,7,2,3,1,6,2,26,6,1390,1,10,-1,1,-1
201501YR90057,2,9,0,17,0,8,0,0,0,0,1,1,6,1,25,5,2926,2,11,-1,1,-1
201501YR90059,1,1,0,18,0,0,0,0,0,0,4,1,6,2,-1,-1,-1,-1,-1,-1,1,-1
201501YR90059,2,9,0,18,0,0,0,0,0,0,1,1,6,1,-1,-1,1896,2,17,-1,-1,-1
201501YR90060,1,9,0,14,0,1,0,0,0,0,1,1,6,1,45,7,2995,1,13,-1,1,-1
201501YR90062,1,9,0,9,0,2,0,0,0,0,1,1,6,3,-1,-1,-1,-1,-1,-1,-1,-1
201501YR90064,1,19,0,18,0,0,0,0,0,0,1,1,1,1,40,7,1560,2,2,-1,1,-1
201501YR90064,2,19,0,18,0,0,0,0,0,0,1,1,1,2,47,8,-1,-1,-1,-1,1,-1
201501YR90065,1,9,0,18,0,0,0,0,0,0,3,1,1,1,20,4,3498,1,9,-1,1,-1
201501YR90065,2,1,0,18,0,0,0,0,0,0,4,1,6,1,77,11,-1,-1,-1,-1,-1,-1
201501YR90066,1,11,0,18,0,1,0,0,0,0,0,1,1,1,61,9,6692,2,5,-1,1,-1
201501YR90069,1,9,0,18,0,8,0,0,0,0,3,1,1,1,68,10,-1,-1,-1,-1,1,-1
201501YR90069,2,9,0,18,0,8,0,0,0,0,1,1,1,2,51,8,1598,1,6,-1,1,-1
201501YR90070,1,19,0,6,0,0,0,0,0,0,3,1,1,1,30,6,2148,2,7,-1,-1,-1
201501YR90070,2,3,0,14,0,0,0,0,0,0,1,1,1,1,49,8,125,1,1,-1,1,-1
201501YR90072,1,9,0,11,0,1,0,0,0,0,4,1,6,1,53,8,1398,1,12,-1,1,-1
201501YR90072,2,11,0,5,0,1,0,0,0,0,1,1,1,1,45,7,6692,2,2,-1,1,-1
201501YR90073,1,21,1,3,0,0,0,0,0,0,2,1,1,1,53,8,-1,-1,-1,-1,1,-1
201501YR90073,2,19,0,18,0,0,0,0,0,0,1,1,1,1,25,5,2143,2,1,-1,1,-1
201501YR90074,1,9,0,18,0,0,0,0,0,0,3,1,6,1,-1,-1,-1,-1,-1,-1,-1,-1
201501YR90074,2,3,0,13,0,0,0,0,0,0,1,1,6,1,-1,-1,-1,-1,-1,-1,-1,-1
201501YR90077,1,9,0,14,0,1,0,0,0,0,0,1,1,1,38,7,-1,-1,-1,-1,-1,-1
201501YR90077,2,9,0,7,0,2,0,0,0,0,2,1,6,1,26,6,1896,2,9,-1,1,-1
201501YR90077,3,2,0,7,0,2,0,0,0,0,1,1,6,1,57,9,49,1,1,-1,1,-1
201501YR90078,1,1,0,18,0,1,0,0,0,0,3,1,6,1,29,6,-1,-1,-1,-1,1,-1
201501YR90078,2,9,0,7,0,1,0,0,0,0,4,1,6,1,-1,-1,3199,1,12,-1,-1,-1
201501YR90079,1,3,0,14,0,0,0,0,0,0,1,1,6,2,-1,-1,-1,-1,-1,-1,-1,-1
201501YR90080,1,9,0,6,0,0,0,0,0,0,3,1,6,1,20,4,1388,1,4,-1,1,-1
201501YR90080,2,3,0,13,0,0,0,0,0,0,4,1,6,1,57,9,125,1,4,-1,1,-1
201501YR90081,1,11,0,18,0,1,0,0,0,0,0,1,1,1,62,9,6692,2,2,-1,1,-1
201501YR90082,1,9,0,7,0,2,0,0,0,0,2,1,6,2,35,6,-1,-1,-1,-1,1,-1
201501YR90082,2,9,0,18,0,1,0,0,0,0,3,1,6,2,-1,-1,1360,1,5,-1,1,-1
201501YR90082,3,9,0,18,0,2,0,0,0,0,1,1,6,1,-1,-1,1997,2,1,-1,1,-1
201501YR90086,1,9,0,14,0,0,0,0,0,0,1,1,6,1,36,7,1497,8,7,-1,1,-1
201501YR90087,1,9,0,18,0,1,0,0,0,0,1,1,6,1,44,7,1997,2,11,-1,-1,-1
201501YR90087,2,9,0,18,0,1,0,0,0,0,2,1,6,1,34,6,1998,1,6,-1,1,-1
201501YR90088,1,4,0,18,0,8,0,0,0,0,1,1,1,2,28,6,125,1,8,-1,1,-1
201501YR90088,2,9,0,5,0,8,0,0,0,0,3,1,6,1,38,7,2987,2,7,-1,1,-1
201501YR90089,1,2,0,18,0,8,0,0,0,0,4,1,2,1,29,6,125,1,5,-1,1,-1
201501YR90089,2,9,0,12,0,8,0,0,0,0,3,1,6,3,-1,-1,-1,-1,-1,-1,-1,-1
201501YR90091,1,9,0,12,0,0,0,0,0,0,0,1,6,1,40,7,998,1,16,-1,1,-1
201501YR90091,2,3,0,18,0,0,0,0,0,0,4,1,6,1,38,7,125,1,5,-1,-1,-1
201501YR90093,1,9,0,4,0,1,0,0,0,0,2,1,6,2,36,7,1386,1,5,-1,1,-1
201501YR90093,2,9,0,18,0,1,0,0,0,0,1,1,6,1,-1,-1,1798,1,5,-1,-1,-1
201501YR90095,1,11,0,5,0,1,0,0,0,0,0,1,1,1,27,6,6700,2,5,-1,1,-1
201501YR90096,1,9,0,2,0,2,0,0,0,0,3,1,6,1,32,6,1956,2,2,-1,1,-1
201501YR90096,2,9,0,18,0,2,0,8,0,0,1,1,6,1,34,6,2979,1,13,-1,1,-1
201501YR90098,1,9,0,9,0,8,0,0,0,0,3,1,6,1,57,9,1997,2,7,-1,1,-1
201501YR90098,2,1,0,18,0,8,0,0,0,0,1,1,6,1,33,6,-1,-1,-1,-1,1,-1
201501YR90099,1,9,0,7,0,2,0,0,0,0,1,1,6,3,-1,-1,-1,-1,-1,-1,-1,-1
201501YR90100,1,9,0,9,0,8,0,0,0,0,3,1,6,2,43,7,1461,2,6,-1,1,-1
201501YR90100,2,9,0,18,0,8,0,0,0,0,1,1,6,1,68,10,1896,2,8,-1,1,-1
201501YR90101,1,11,0,18,0,0,0,0,0,0,0,1,1,1,23,5,6692,2,2,-1,1,-1
201501YR90103,1,9,0,18,0,8,0,0,0,0,4,1,6,1,49,8,-1,-1,-1,-1,1,-1
201501YR90103,2,9,0,18,0,8,0,10,3,2,1,1,6,1,48,8,-1,-1,-1,-1,1,-1
201501YR90104,1,9,0,18,0,2,0,4,3,4,1,1,6,1,77,11,-1,3,-1,-1,-1,-1
201501YR90105,1,9,0,18,0,8,0,0,0,0,1,1,6,2,45,7,-1,-1,-1,-1,-1,-1
201501YR90105,2,9,0,1,0,8,0,0,0,0,2,1,6,1,-1,-1,1995,2,11,-1,1,-1
201501YR90107,1,11,0,5,0,2,0,0,0,0,0,1,1,1,30,6,6692,2,2,-1,1,-1
201501YR90109,1,9,0,9,0,1,0,0,0,0,1,1,6,1,60,9,1769,1,9,-1,1,-1
201501YR90109,2,3,0,14,0,1,0,0,0,0,4,1,2,2,33,6,125,1,1,-1,1,-1
201501YR90110,1,9,0,18,0,8,0,0,0,0,4,1,6,1,32,6,1598,1,7,-1,1,-1
201501YR90110,2,9,0,6,0,8,0,0,0,0,3,1,6,1,37,7,1753,2,8,-1,1,-1
201501YR90111,1,9,0,18,0,1,0,0,0,0,1,1,6,1,57,9,1396,1,15,-1,1,-1
201501YR90112,1,19,0,18,0,1,0,0,0,0,1,1,6,1,43,7,-1,-1,-1,-1,1,-1
201501YR90112,2,2,0,7,0,2,1,0,0,0,1,1,6,1,-1,-1,124,1,6,-1,-1,-1
201501YR90114,1,9,0,18,0,1,0,0,0,0,1,1,6,1,54,8,998,1,12,-1,1,-1
201501YR90115,1,3,0,18,0,0,1,0,0,0,1,1,1,1,22,5,125,1,1,-1,1,-1
201501YR90115,2,8,0,6,0,0,0,0,0,0,3,1,1,1,40,7,2499,2,8,-1,1,-1
201501YR90116,1,9,0,18,0,8,0,0,0,0,1,1,6,1,46,8,1753,2,13,-1,1,-1
201501YR90116,2,9,0,18,0,8,0,0,0,0,4,1,6,2,34,6,1560,2,6,-1,1,-1
201501YR90118,1,2,0,13,0,1,0,0,0,0,4,1,2,2,22,5,124,1,12,-1,1,-1
201501YR90118,2,19,0,9,0,1,0,0,0,0,3,1,2,1,42,7,2148,2,8,-1,1,-1
201501YR90119,1,9,0,17,0,2,0,0,0,0,1,1,6,1,34,6,1242,1,13,-1,1,-1
201501YR90119,2,9,0,5,0,2,0,0,0,0,4,1,6,1,34,6,1900,2,16,-1,1,-1
201501YR90120,1,9,0,18,0,0,0,0,0,0,1,1,6,1,31,6,1124,1,13,-1,1,-1
201501YR90121,1,11,0,5,0,1,0,0,0,0,0,1,1,1,37,7,6700,2,5,-1,1,-1
201501YR90122,1,9,0,3,0,1,0,0,0,0,2,1,6,1,21,5,1296,1,8,-1,1,-1
201501YR90122,2,9,0,18,0,1,0,0,0,0,1,1,6,1,46,8,2180,2,20,-1,1,-1
201501YR90125,1,9,0,18,0,2,0,10,0,0,3,1,6,1,37,7,1984,1,6,-1,1,-1
201501YR90125,2,9,0,11,0,2,0,0,0,0,4,1,6,1,35,6,2926,2,14,-1,1,-1
201501YR90126,1,9,0,18,0,8,0,0,0,0,1,1,6,1,77,11,1753,2,8,-1,1,-1
201501YR90126,2,9,0,18,0,8,0,0,0,0,3,1,6,1,69,10,1396,1,16,-1,1,-1
201501YR90126,3,9,0,18,0,8,0,0,0,0,3,1,6,2,30,6,1596,1,13,-1,1,-1
201501YR90127,1,9,0,18,0,0,0,4,0,0,1,1,6,2,33,6,1796,2,2,-1,1,-1
201501YR90127,2,9,0,2,0,0,0,10,1,10,2,1,6,1,44,7,1998,1,5,-1,-1,-1
201501YR90128,1,9,0,3,0,1,0,0,0,0,2,1,6,2,34,6,1587,1,14,-1,1,-1
201501YR90128,2,9,0,18,0,1,0,0,0,0,1,1,6,1,43,7,1497,8,7,-1,1,-1
201501YR90128,3,9,0,3,0,1,0,0,0,0,2,1,6,1,42,7,2143,2,1,-1,1,-1
201501YR90130,1,11,0,3,0,0,0,0,0,0,2,1,1,1,55,8,4500,2,4,-1,1,-1
201501YR90130,2,9,0,18,0,0,0,0,0,0,1,1,2,2,23,5,1598,1,10,-1,1,-1
201501YR90131,1,1,0,18,9,0,0,0,0,0,1,1,6,1,-1,-1,-1,-1,-1,-1,-1,-1
201501YR90132,1,9,0,18,0,0,0,0,0,0,3,1,6,1,-1,-1,-1,-1,-1,-1,-1,-1
201501YR90133,1,9,0,18,0,8,0,0,0,0,1,1,6,1,34,6,1598,1,15,-1,1,-1
201501YR90134,1,9,0,3,0,0,0,0,0,0,2,1,6,2,34,6,1995,1,9,-1,1,-1
201501YR90134,2,9,0,18,0,0,0,0,0,0,1,1,6,1,-1,-1,1998,1,14,-1,-1,-1
201501YR90136,1,9,0,10,0,1,0,0,3,10,2,1,6,1,31,6,2967,2,4,-1,1,-1
201501YR90136,2,9,0,4,0,1,0,0,0,0,1,1,6,1,31,6,1199,1,13,-1,1,-1
201501YR90137,1,9,0,4,0,1,0,0,0,0,2,1,6,2,56,9,1769,1,14,-1,1,-1
201501YR90137,2,9,0,3,0,1,0,0,0,0,2,1,6,2,24,5,1390,1,3,-1,2,-1
201501YR90137,3,9,0,18,0,1,0,0,0,0,1,1,6,1,20,4,-1,-1,-1,-1,-1,-1
201501YR90138,1,9,0,18,0,1,0,0,0,0,1,1,6,1,62,9,1995,2,3,-1,1,-1
201501YR90139,1,9,0,4,0,1,0,0,0,0,2,1,6,1,24,5,1956,2,4,-1,1,-1
201501YR90139,2,9,0,18,0,1,0,0,0,0,1,1,6,1,-1,-1,1598,1,11,-1,-1,-1
201501YR90140,1,9,0,3,0,1,0,0,0,0,2,1,6,1,21,5,1988,1,12,-1,1,-1
201501YR90140,2,9,0,18,0,1,0,0,0,0,1,1,6,1,-1,-1,-1,-1,-1,-1,1,-1
201501YR90141,1,9,0,18,0,2,0,0,0,0,1,1,6,1,-1,-1,3199,1,11,-1,1,-1
201501YR90142,1,3,0,7,0,8,0,0,0,0,2,1,6,1,25,5,599,1,7,-1,1,-1
201501YR90142,2,9,0,18,0,8,0,0,0,0,1,1,6,1,-1,-1,-1,-1,-1,-1,-1,-1
201501YR90143,1,3,0,18,0,8,0,0,0,0,1,1,6,1,30,6,125,1,7,-1,1,-1
201501YR90143,2,11,0,9,0,8,0,0,0,0,1,1,1,1,39,7,6692,2,2,-1,1,-1
201501YR90144,1,9,0,5,0,0,0,0,0,0,1,1,6,1,50,8,2231,2,3,-1,1,-1
201501YR90144,2,5,0,18,0,0,0,0,0,0,1,1,6,1,39,7,996,1,9,-1,2,-1
201501YR90145,1,9,0,2,0,0,0,0,0,0,2,1,6,1,37,7,1998,1,12,-1,1,-1
201501YR90145,2,9,0,18,0,0,0,4,0,0,1,1,6,1,28,6,1248,2,11,-1,-1,-1
201501YR90147,1,9,0,18,0,0,0,0,0,0,3,1,6,1,86,11,-1,-1,-1,-1,1,-1
201501YR90147,2,19,0,18,0,0,0,0,0,0,3,1,6,1,54,8,2295,7,11,-1,1,-1
201501YR90148,1,9,0,18,0,1,0,0,0,0,3,1,6,1,31,6,-1,-1,-1,-1,1,-1
201501YR90148,2,9,0,7,0,1,0,0,0,0,3,1,6,1,-1,-1,1596,1,16,-1,-1,-1
201501YR90149,1,9,0,8,0,1,0,0,0,0,2,1,6,2,36,7,1198,1,11,-1,1,-1
201501YR90149,2,9,0,18,0,1,0,0,0,0,1,1,6,2,-1,-1,1242,1,11,-1,-1,-1
201501YR90150,1,1,0,13,0,8,0,0,0,0,1,1,6,1,34,6,-1,-1,-1,-1,1,-1
201501YR90150,2,9,0,9,0,8,0,0,0,0,3,1,6,2,46,8,998,1,2,-1,1,-1
201501YR90151,1,19,0,18,0,0,0,8,0,0,1,1,6,1,-1,-1,2198,2,6,-1,-1,-1
201501YR90151,2,9,0,2,0,0,0,0,0,0,4,1,6,2,24,5,1997,1,9,-1,1,-1
201501YR90152,1,9,0,3,0,1,0,0,0,0,2,1,6,1,41,7,2179,2,10,-1,1,-1
201501YR90152,2,9,0,18,0,1,0,0,0,0,1,1,6,1,-1,-1,-1,-1,-1,-1,1,-1
201501YR90153,1,9,0,4,0,1,0,0,0,0,2,1,6,2,50,8,599,1,15,-1,1,-1
201501YR90153,2,9,0,5,0,1,0,0,0,0,1,1,6,1,27,6,1973,1,15,-1,1,-1
201501YR90153,3,9,0,3,0,1,0,0,0,0,2,1,6,1,-1,-1,1985,1,14,-1,-1,-1
201501YR90153,4,9,0,3,0,1,0,0,0,0,2,1,6,1,-1,-1,-1,-1,-1,-1,1,-1
201501YR90154,1,9,0,3,0,1,0,0,0,0,2,1,6,1,40,7,-1,-1,-1,-1,-1,-1
201501YR90154,2,9,0,18,0,1,0,0,0,0,2,1,6,1,20,4,-1,-1,-1,-1,2,-1
201501YR90155,1,9,0,18,0,0,0,0,0,0,1,1,6,2,33,6,1796,1,12,-1,1,-1
201501YR90157,1,9,0,7,0,8,0,0,0,0,1,1,6,1,-1,-1,2198,1,13,-1,-1,-1
201501YR90157,2,9,0,18,0,8,0,0,0,0,4,1,6,2,26,6,1364,1,10,-1,1,-1
201501YR90158,1,9,0,9,0,8,0,0,0,0,1,1,6,1,-1,-1,1798,8,1,-1,-1,-1
201501YR90158,2,9,0,2,0,8,0,0,0,0,3,1,6,1,-1,-1,2362,1,14,-1,-1,-1
201501YR90159,1,9,0,9,0,8,0,0,0,0,4,1,6,2,52,8,998,1,2,-1,-1,-1
201501YR90159,2,9,0,18,0,8,0,0,0,0,1,1,6,2,32,6,-1,-1,-1,-1,1,-1
201501YR90160,1,9,0,9,0,8,0,0,0,0,3,1,6,1,27,6,1796,1,10,-1,1,-1
201501YR90160,2,9,0,18,0,8,0,0,0,0,1,1,6,3,-1,-1,6208,1,7,-1,-1,-1
201501YR90161,1,19,0,18,0,2,0,4,0,0,1,1,6,1,37,7,2198,2,2,-1,1,-1
201501YR90161,2,9,0,2,0,2,0,0,0,0,2,1,6,2,36,7,-1,-1,-1,-1,1,-1
201501YR90162,1,9,0,18,0,0,0,4,0,0,1,1,6,1,25,5,2521,1,8,-1,1,-1
201501YR90163,1,5,0,18,0,2,0,0,0,0,1,1,6,1,41,7,1690,1,5,-1,1,-1
201501YR90163,2,9,0,18,0,1,0,0,0,0,3,1,6,1,44,7,-1,-1,-1,-1,1,-1
201501YR90164,1,9,0,1,0,1,0,0,0,0,2,1,6,1,37,7,2000,1,10,-1,1,-1
201501YR90165,1,3,0,14,0,0,0,0,0,0,1,1,6,1,-1,-1,-1,-1,-1,-1,-1,-1
201501YR90166,1,9,0,17,0,1,0,0,0,0,4,1,6,1,25,5,-1,-1,-1,-1,1,-1
201501YR90167,1,9,0,18,0,0,0,0,0,0,1,1,6,1,59,9,1598,1,15,-1,1,-1
201501YR90168,1,9,0,5,0,1,0,0,0,0,3,1,6,1,-1,-1,1968,2,1,-1,-1,-1
201501YR90168,2,1,0,18,0,1,0,0,0,0,4,1,6,1,47,8,-1,-1,-1,-1,1,-1
201501YR90169,1,9,0,9,0,8,0,0,0,0,1,1,6,1,49,8,1896,2,8,-1,1,-1
201501YR90169,2,9,0,10,0,8,0,0,0,0,3,1,6,1,22,5,2987,2,8,-1,2,-1
201501YR90170,1,11,0,18,0,0,0,0,0,0,0,1,1,1,48,8,6692,2,6,-1,1,-1
201501YR90171,1,9,0,18,0,1,0,0,0,0,4,1,6,1,37,7,995,1,11,-1,1,-1
201501YR90172,1,3,0,14,0,2,0,0,0,0,1,1,6,1,34,6,124,1,2,-1,1,-1
201501YR90173,1,9,0,3,0,1,0,0,0,0,2,1,6,1,46,8,2982,2,8,-1,1,-1
201501YR90173,2,11,0,18,0,1,0,0,0,0,1,1,1,1,31,6,7300,2,10,-1,1,-1
201501YR90174,1,9,0,9,0,8,0,0,0,0,1,1,6,1,26,6,1797,8,4,-1,1,-1
201501YR90174,2,2,0,14,0,8,0,0,0,0,4,1,6,1,47,8,49,1,2,-1,1,-1
201501YR90176,1,9,0,18,0,8,0,0,0,0,1,1,1,1,41,7,1995,2,9,-1,1,-1
201501YR90176,2,9,0,10,0,8,0,0,0,0,2,1,6,1,33,6,-1,-1,-1,-1,1,-1
201501YR90176,3,11,0,18,0,8,0,0,0,0,3,1,1,1,57,9,7300,1,13,-1,1,-1
201501YR90177,1,9,0,18,0,1,0,0,0,0,3,1,6,1,68,10,1582,2,3,-1,1,-1
201501YR90179,1,9,0,5,0,1,0,0,0,0,1,1,6,1,-1,-1,-1,-1,-1,-1,-1,-1
201501YR90180,1,20,0,2,0,0,0,0,0,0,4,1,1,1,52,8,-1,2,11,-1,1,-1
201501YR90180,2,21,1,14,0,0,0,0,0,0,3,1,1,1,50,8,10518,2,8,-1,-1,-1
201501YR90182,1,9,0,18,0,8,0,0,0,0,3,1,6,1,39,7,1200,1,11,-1,1,-1
201501YR90182,2,9,0,18,0,8,0,0,0,0,1,1,6,3,-1,-1,1997,2,6,-1,-1,-1