Accident_Index,Vehicle_Reference,Vehicle_Type,Towing_and_Articulation,Vehicle_Manoeuvre,Vehicle_Location-Restricted_Lane,Junction_Location,Skidding_and_Overturning,Hit_Object_in_Carriageway,Vehicle_Leaving_Carriageway,Hit_Object_off_Carriageway,1st_Point_of_Impact,Was_Vehicle_Left_Hand_Drive?,Journey_Purpose_of_Driver,Sex_of_Driver,Age_of_Driver,Age_Band_of_Driver,Engine_Capacity_(CC),Propulsion_Code,Age_of_Vehicle,Driver_IMD_Decile,Driver_Home_Area_Type,Vehicle_IMD_Decile
201501YR90519,2,9,0,12,0,1,0,0,0,0,3,1,6,1,-1,-1,1560,2,9,-1,-1,-1
201501YR90520,1,9,0,18,0,1,0,0,0,0,4,1,6,1,23,5,-1,-1,-1,-1,1,-1
201501YR90520,2,9,0,18,0,1,0,0,0,0,1,1,6,3,-1,-1,-1,-1,-1,-1,-1,-1
201501YR90521,1,9,0,16,0,0,0,0,0,0,1,1,2,2,32,6,1242,1,6,-1,1,-1
201501YR90522,1,1,0,3,0,1,0,0,0,0,2,1,6,1,22,5,-1,-1,-1,-1,1,-1
201501YR90522,2,9,0,18,0,1,0,0,0,0,1,1,6,2,-1,-1,1396,1,12,-1,-1,-1
201501YR90523,1,9,0,17,0,8,0,0,0,0,1,1,6,2,38,7,1108,1,13,-1,-1,-1
201501YR90523,2,9,0,16,0,8,0,0,0,0,1,1,6,1,26,6,-1,-1,-1,-1,-1,-1
201501YR90524,1,9,0,9,0,1,0,0,0,0,1,1,6,2,26,6,1390,1,14,-1,1,-1
201501YR90524,2,5,0,15,0,1,0,0,0,0,1,1,6,1,34,6,599,1,14,-1,1,-1
201501YR90527,1,9,0,18,0,1,0,0,0,0,1,1,6,2,38,7,2783,1,12,-1,1,-1
201501YR90527,2,9,0,4,0,1,0,0,0,0,2,1,6,1,45,7,1896,2,7,-1,1,-1
201501YR90527,3,9,0,3,0,1,0,0,0,0,2,1,6,1,25,5,1598,2,2,-1,1,-1
201501YR90528,1,9,0,5,0,2,0,0,0,0,3,1,6,1,31,6,1951,2,14,-1,1,-1
201501YR90528,2,3,0,5,0,2,0,0,0,0,4,1,2,1,29,6,125,1,8,-1,1,-1
201501YR90529,1,9,0,18,0,8,0,0,0,0,1,1,6,1,46,8,1395,1,-1,-1,1,-1
201501YR90529,2,3,0,18,0,8,0,0,0,0,1,1,6,1,17,4,125,1,12,-1,1,-1
201501YR90530,1,19,0,9,0,1,0,0,0,0,3,1,6,1,26,6,2143,2,3,-1,1,-1
201501YR90530,2,3,0,13,0,1,0,10,7,10,4,1,6,1,40,7,-1,-1,-1,-1,1,-1
201501YR90532,1,1,0,18,0,8,0,0,0,0,1,1,2,1,29,6,-1,-1,-1,-1,1,-1
201501YR90532,2,9,0,9,0,8,0,0,0,0,4,1,6,3,-1,-1,-1,-1,-1,-1,-1,-1
201501YR90533,1,9,0,3,0,0,0,0,0,0,2,1,6,2,26,6,1149,1,7,-1,1,-1
201501YR90533,2,9,0,18,0,0,0,0,0,0,1,1,6,1,-1,-1,1397,1,13,-1,-1,-1
201501YR90536,1,3,0,18,0,0,1,0,0,0,1,1,6,1,20,4,125,1,3,-1,1,-1
201501YR90536,2,9,0,6,0,0,0,0,0,0,4,1,6,1,21,5,2171,1,11,-1,1,-1
201501YR90537,1,9,0,18,0,2,0,0,0,0,3,1,6,1,42,7,-1,-1,-1,-1,1,-1
201501YR90537,2,9,0,18,0,2,0,0,0,0,4,1,6,2,20,4,1598,2,1,-1,1,-1
201501YR90538,1,9,0,18,0,1,0,0,0,0,1,1,6,1,21,5,1995,2,4,-1,1,-1
201501YR90538,2,9,0,4,0,1,0,0,0,0,2,1,6,1,36,7,1206,1,6,-1,1,-1
201501YR90539,1,9,0,9,0,8,0,0,0,0,3,1,6,1,45,7,1296,1,7,-1,1,-1
201501YR90539,2,3,0,14,0,8,0,0,0,0,1,1,6,1,25,5,-1,-1,-1,-1,1,-1
201501YR90540,1,9,0,18,0,1,0,0,0,0,1,1,6,1,25,5,1796,1,11,-1,1,-1
201501YR90540,2,1,0,18,0,1,0,0,0,0,3,1,6,1,18,4,-1,-1,-1,-1,1,-1
201501YR90542,1,9,0,18,0,1,0,0,0,0,1,1,6,1,-1,-1,2397,1,15,-1,1,-1
201501YR90543,1,11,0,9,0,1,0,0,0,0,1,1,1,1,61,9,4500,2,4,-1,1,-1
201501YR90543,2,1,0,18,0,1,0,0,0,0,1,1,6,1,31,6,-1,-1,-1,-1,1,-1
201501YR90544,1,9,0,18,0,1,0,0,0,0,3,1,6,1,78,11,1598,1,14,-1,1,-1
201501YR90545,1,3,0,18,2,1,0,0,0,0,1,1,1,1,21,5,-1,-1,-1,-1,1,-1
201501YR90545,2,9,0,7,0,1,0,0,0,0,4,1,1,1,33,6,-1,-1,-1,-1,1,-1
201501YR90546,1,3,0,18,0,1,0,0,0,0,4,1,2,2,50,8,124,1,8,-1,1,-1
201501YR90547,1,9,0,18,0,2,0,0,0,0,1,1,6,1,29,6,1997,2,8,-1,1,-1
201501YR90548,1,11,0,18,0,0,0,4,0,0,1,1,1,1,28,6,7300,2,10,-1,1,-1
201501YR90548,2,9,0,2,0,0,0,4,0,0,2,1,6,2,50,8,1995,1,3,-1,1,-1
201501YR90549,1,9,0,3,0,0,0,0,0,0,1,1,6,2,28,6,1995,2,7,-1,1,-1
201501YR90549,2,9,0,1,0,0,0,0,0,0,2,1,6,1,-1,-1,2151,2,13,-1,-1,-1
201501YR90551,1,9,0,7,2,8,0,10,1,10,4,1,6,1,51,8,1597,1,17,-1,1,-1
201501YR90551,2,9,0,15,0,8,0,10,1,10,1,1,6,1,21,5,2143,2,-1,-1,1,-1
201501YR90552,1,9,0,9,0,8,0,0,0,0,4,1,6,1,37,7,1991,2,8,-1,1,-1
201501YR90552,2,9,0,5,0,8,0,0,0,0,1,1,6,2,41,7,3387,1,8,-1,1,-1
201501YR90553,1,3,0,3,0,1,0,0,0,0,2,1,6,1,29,6,124,1,4,-1,-1,-1
201501YR90553,2,9,0,9,0,1,0,0,0,0,1,1,6,1,-1,-1,-1,-1,-1,-1,-1,-1
201501YR90554,1,9,0,7,0,1,0,0,0,0,3,1,6,1,48,8,2231,2,8,-1,1,-1
201501YR90554,2,11,0,7,0,1,0,0,0,0,4,1,1,1,-1,-1,4500,2,5,-1,-1,-1
201501YR90556,1,8,0,6,0,1,0,0,0,0,1,1,6,1,68,10,2499,2,3,-1,1,-1
201501YR90556,2,3,0,7,0,2,0,0,0,0,1,1,6,1,38,7,125,1,3,-1,1,-1
201501YR90559,1,9,0,9,0,8,0,0,0,0,3,1,6,1,44,7,-1,-1,-1,-1,1,-1
201501YR90559,2,1,0,18,0,8,0,0,0,0,1,1,6,1,33,6,-1,-1,-1,-1,1,-1
201501YR90560,1,9,0,18,0,1,0,0,0,0,4,1,2,1,30,6,1968,2,7,-1,1,-1
201501YR90560,2,5,0,18,2,1,0,0,0,0,1,1,2,1,44,7,599,1,2,-1,1,-1
201501YR90562,1,1,0,18,0,0,0,0,0,0,2,1,6,1,37,7,-1,-1,-1,-1,1,-1
201501YR90562,2,19,0,18,0,0,0,0,0,0,1,1,6,1,-1,-1,1995,2,7,-1,-1,-1
201501YR90563,1,9,0,18,0,0,5,4,0,0,4,1,6,1,50,8,2494,1,26,-1,1,-1
201501YR90564,1,9,0,18,0,0,0,0,0,0,3,1,6,2,23,5,1399,2,4,-1,1,-1
201501YR90564,2,9,0,13,0,0,0,0,0,0,4,1,6,3,-1,-1,-1,-1,-1,-1,-1,-1
201501YR90565,1,9,0,9,0,8,0,0,0,0,2,1,6,1,26,6,1596,1,9,-1,1,-1
201501YR90565,2,9,0,18,0,8,0,0,0,0,1,1,6,1,26,6,-1,-1,-1,-1,1,-1
201501YR90566,1,11,0,18,2,1,0,0,0,0,0,1,1,1,52,8,6692,2,5,-1,1,-1
201501YR90567,1,19,0,10,0,1,0,0,0,0,2,1,1,1,53,8,2198,2,1,-1,1,-1
201501YR90567,2,1,0,18,0,1,0,0,0,0,1,1,6,1,33,6,-1,-1,-1,-1,1,-1
201501YR90568,1,9,0,18,0,8,0,0,0,0,1,1,6,1,31,6,1896,2,13,-1,1,-1
201501YR90570,1,9,0,5,0,1,0,0,0,0,3,1,6,2,33,6,1896,2,11,-1,1,-1
201501YR90570,2,9,0,5,0,1,0,0,0,0,4,1,6,1,-1,-1,1997,2,14,-1,-1,-1
201501YR90571,1,8,0,6,0,0,0,0,0,0,4,1,1,1,52,8,1910,2,7,-1,1,-1
201501YR90571,2,9,0,18,0,0,0,0,0,0,1,1,6,1,-1,-1,-1,-1,-1,-1,-1,-1
201501YR90572,1,9,0,18,0,2,0,0,0,0,3,1,6,1,-1,-1,-1,-1,-1,-1,-1,-1
201501YR90573,1,3,0,15,0,1,0,0,0,0,1,1,6,1,30,6,125,1,5,-1,1,-1
201501YR90573,2,9,0,9,0,1,0,0,0,0,4,1,1,1,54,8,998,1,1,-1,1,-1
201501YR90574,1,9,0,3,0,2,0,0,0,0,2,1,6,2,74,10,1598,1,13,-1,-1,-1
201501YR90574,2,8,0,5,0,2,0,0,0,0,1,1,1,1,-1,-1,1798,1,4,-1,-1,-1
201501YR90575,1,4,0,18,0,1,0,0,0,0,1,1,6,1,19,4,124,1,12,-1,1,-1
201501YR90575,2,9,0,18,0,2,0,0,0,0,1,1,6,3,-1,-1,-1,-1,-1,-1,-1,-1
201501YR90576,1,9,0,7,0,8,0,10,1,10,1,1,6,1,-1,-1,1995,2,7,-1,-1,-1
201501YR90577,1,9,0,13,0,2,0,0,0,0,4,1,6,2,25,5,1196,1,19,-1,1,-1
201501YR90578,1,9,0,7,0,8,0,0,0,0,4,1,6,1,46,8,1686,2,4,-1,1,-1
201501YR90578,2,1,0,18,0,8,0,0,0,0,1,1,6,1,34,6,-1,-1,-1,-1,1,-1
201501YR90579,1,9,0,18,0,8,0,4,0,0,4,1,6,1,30,6,1968,2,2,-1,-1,-1
201501YR90579,2,9,0,5,0,8,0,0,0,0,1,1,6,1,-1,-1,-1,-1,-1,-1,-1,-1
201501YR90580,1,9,0,9,0,2,0,0,0,0,4,1,6,1,22,5,1242,1,-1,-1,1,-1
201501YR90581,1,3,0,18,0,0,0,0,0,0,1,1,6,1,29,6,-1,-1,-1,-1,1,-1
201501YR90582,1,3,0,14,0,8,1,0,0,0,1,1,6,1,26,6,124,1,1,-1,1,-1
201501YR90582,2,9,0,7,0,6,0,0,0,0,3,1,6,2,52,8,1390,1,13,-1,1,-1
201501YR90583,1,1,0,18,0,2,0,0,0,0,3,1,6,1,40,7,-1,-1,-1,-1,-1,-1
201501YR90583,2,11,0,13,0,2,0,0,0,0,4,1,6,3,-1,-1,88,2,1,-1,-1,-1
201501YR90584,1,9,0,10,0,1,0,0,0,0,2,1,6,1,49,8,2720,2,6,-1,1,-1
201501YR90584,2,9,0,10,0,1,0,0,0,0,2,1,6,1,59,9,1596,1,4,-1,-1,-1
201501YR90584,3,9,0,18,0,1,0,0,0,0,1,1,6,2,-1,-1,1798,1,7,-1,1,-1
201501YR90585,1,9,0,3,0,1,0,0,0,0,1,1,6,1,35,6,1390,1,1,-1,1,-1
201501YR90585,2,9,0,1,0,1,0,0,0,0,2,1,6,1,-1,-1,1686,2,4,-1,-1,-1
201501YR90586,1,9,0,3,0,2,0,0,0,0,2,1,6,2,18,4,998,1,5,-1,1,-1
201501YR90586,2,9,0,18,0,2,0,0,0,0,1,1,6,3,-1,-1,1360,1,18,-1,-1,-1
201501YR90587,1,9,0,1,0,1,0,0,0,0,2,1,6,1,58,9,3564,1,6,-1,1,-1
201501YR90587,2,9,0,3,0,1,0,0,0,0,1,1,6,1,33,6,1497,8,7,-1,1,-1
201501YR90588,1,1,0,18,9,2,0,0,0,0,1,1,6,1,24,5,-1,-1,-1,-1,1,-1
201501YR90589,1,9,0,3,0,0,0,0,0,0,3,1,6,1,58,9,1968,2,1,-1,1,-1
201501YR90589,2,9,0,9,0,0,5,0,0,0,4,1,6,1,26,6,-1,-1,-1,-1,1,-1
201501YR90590,1,9,0,6,0,1,0,0,0,0,4,1,6,2,37,7,1968,2,9,-1,1,-1
201501YR90590,2,3,0,18,0,1,0,0,0,0,1,1,6,2,28,6,124,1,1,-1,1,-1
201501YR90591,1,1,0,18,4,0,0,0,0,0,1,1,2,1,-1,-1,-1,-1,-1,-1,-1,-1
201501YR90592,1,9,0,6,0,2,0,0,0,0,4,1,6,2,24,5,1299,1,10,-1,1,-1
201501YR90592,2,4,0,18,0,1,0,0,0,0,1,1,6,2,54,8,-1,-1,-1,-1,1,-1
201501YR90593,1,1,0,18,0,0,0,0,0,0,1,1,6,1,-1,-1,-1,-1,-1,-1,-1,-1
201501YR90595,1,19,0,9,0,2,0,0,0,0,1,1,6,1,58,9,1560,2,1,-1,1,-1
201501YR90595,2,1,0,10,0,2,0,0,0,0,3,1,6,2,60,9,-1,-1,-1,-1,1,-1
201501YR90596,1,3,0,15,0,1,0,0,0,0,1,1,2,1,19,4,124,1,1,-1,1,-1
201501YR90596,2,1,0,9,0,1,0,0,0,0,1,1,2,1,29,6,-1,-1,-1,-1,1,-1
201501YR90597,1,3,0,9,0,8,0,0,0,0,1,1,6,1,33,6,108,1,-1,-1,1,-1
201501YR90597,2,9,0,18,0,8,0,0,0,0,3,1,6,1,29,6,1242,1,9,-1,1,-1
201501YR90598,1,3,0,18,2,1,0,0,0,0,4,1,6,1,18,4,125,1,6,-1,1,-1
201501YR90599,1,5,0,14,0,1,0,0,0,0,1,1,6,1,51,8,398,1,7,-1,1,-1
201501YR90600,1,11,0,18,0,1,0,0,0,0,0,1,1,1,46,8,4760,2,2,-1,1,-1
201501YR90601,1,1,0,18,0,8,0,0,0,0,3,1,6,2,38,7,-1,-1,-1,-1,1,-1
201501YR90601,2,9,0,7,0,8,0,0,0,0,4,1,6,3,-1,-1,-1,-1,-1,-1,-1,-1
201501YR90602,1,19,0,13,0,8,0,0,0,0,4,1,6,1,39,7,1968,2,4,-1,1,-1
201501YR90602,2,9,0,9,0,8,0,0,0,0,3,1,6,2,46,8,1229,1,10,-1,1,-1
201501YR90603,1,5,0,13,0,1,0,0,0,0,4,1,6,1,22,5,249,1,11,-1,1,-1
201501YR90603,2,9,0,9,0,1,0,0,0,0,3,1,6,3,-1,-1,-1,-1,-1,-1,-1,-1
201501YR90605,1,9,0,4,0,0,0,0,0,0,2,1,6,1,29,6,1796,1,6,-1,1,-1
201501YR90605,2,3,0,18,0,0,0,0,0,0,1,1,6,2,44,7,125,1,-1,-1,1,-1
201501YR90607,1,19,0,9,0,8,0,0,0,0,1,1,6,1,57,9,2143,2,2,-1,1,-1
201501YR90607,2,5,0,16,0,8,0,0,0,0,3,1,6,1,51,8,600,1,2,-1,1,-1
201501YR90608,1,9,0,9,0,6,0,0,0,0,1,1,1,1,43,7,1798,8,-1,-1,1,-1
201501YR90608,2,1,0,9,0,5,0,0,0,0,3,1,6,1,27,6,-1,-1,-1,-1,1,-1
201501YR90609,1,21,0,3,0,2,0,0,0,0,2,1,1,1,57,9,11705,2,7,-1,1,-1
201501YR90609,2,9,0,4,0,2,0,0,0,0,1,1,6,1,60,9,1590,1,11,-1,1,-1
201501YR90611,1,8,0,18,0,1,0,0,0,0,1,1,1,1,-1,-1,1997,2,6,-1,-1,-1
201501YR90611,2,19,0,4,0,1,0,0,0,0,2,1,6,3,-1,-1,-1,-1,-1,-1,-1,-1
201501YR90612,1,9,0,18,0,8,0,0,0,0,4,1,6,1,28,6,1396,1,1,-1,1,-1
201501YR90612,2,9,0,18,0,8,0,0,0,0,1,1,6,1,47,8,1968,2,3,-1,1,-1
201501YR90613,1,9,0,7,0,1,0,0,0,0,2,1,6,2,23,5,1995,2,6,-1,1,-1
201501YR90613,2,9,0,7,0,1,0,0,0,0,1,1,6,1,57,9,2993,2,10,-1,1,-1
201501YR90614,1,5,0,18,0,1,0,0,0,0,3,1,6,1,33,6,647,1,12,-1,1,-1
201501YR90614,2,9,0,9,0,1,0,0,0,0,1,1,6,1,49,8,1399,1,10,-1,1,-1
201501YR90615,1,9,0,9,0,1,0,0,0,0,3,1,6,1,48,8,2967,2,4,-1,1,-1
201501YR90615,2,1,0,14,0,1,0,0,0,0,1,1,6,2,33,6,-1,-1,-1,-1,1,-1
201501YR90616,1,9,0,18,0,8,0,0,0,0,4,1,6,2,20,4,973,1,14,-1,1,-1
201501YR90616,2,9,0,7,0,8,0,0,0,0,1,1,6,1,64,9,-1,-1,-1,-1,1,-1
201501YR90617,1,9,0,18,0,0,0,10,1,2,4,1,6,1,40,7,1999,1,12,-1,1,-1
201501YR90619,1,9,0,18,0,0,5,4,0,0,1,1,6,1,44,7,973,1,12,-1,1,-1
201501YR90620,1,9,0,9,0,1,0,0,0,0,3,1,6,1,36,7,1997,2,2,-1,-1,-1
201501YR90620,2,1,0,13,0,1,0,0,0,0,1,1,6,1,21,5,-1,-1,-1,-1,1,-1
201501YR90621,1,9,0,3,0,0,0,0,0,0,2,1,6,1,29,6,1598,2,2,-1,1,-1
201501YR90621,2,19,0,18,0,0,0,0,0,0,1,1,1,1,-1,-1,2287,2,4,-1,-1,-1
201501YR90622,1,9,0,7,0,8,0,0,0,0,3,1,6,1,-1,-1,1560,2,5,-1,1,-1
201501YR90622,2,9,0,7,0,8,0,0,0,0,4,1,6,1,-1,-1,-1,-1,-1,-1,1,-1
201501YR90623,1,9,0,18,0,1,0,0,0,0,1,1,2,1,40,7,1797,8,5,-1,1,-1
201501YR90625,1,1,0,18,0,0,0,0,0,0,1,1,6,1,23,5,-1,-1,-1,-1,1,-1
201501YR90625,2,9,0,5,0,0,0,0,0,0,1,1,6,2,-1,-1,998,1,5,-1,-1,-1
201501YR90626,1,9,0,7,0,8,0,0,0,0,4,1,6,3,-1,-1,698,1,12,-1,-1,-1
201501YR90626,2,1,0,18,0,8,0,0,0,0,1,1,6,1,59,9,-1,-1,-1,-1,-1,-1
201501YR90627,1,19,0,11,2,8,0,10,3,10,2,1,1,1,55,8,1560,2,3,-1,1,-1
201501YR90627,2,9,0,18,0,8,0,0,0,0,1,1,1,1,-1,-1,-1,-1,-1,-1,-1,-1
201501YR90628,1,9,0,18,0,1,0,10,1,10,1,1,6,1,33,6,-1,-1,-1,-1,1,-1
201501YR90629,1,9,0,3,0,0,0,0,0,0,2,2,6,1,29,6,-1,-1,-1,-1,1,-1
201501YR90629,2,1,0,18,0,0,0,0,0,0,1,1,6,1,42,7,-1,-1,-1,-1,1,-1
201501YR90630,1,9,0,5,0,8,0,0,0,0,2,1,6,1,45,7,1587,1,12,-1,1,-1
201501YR90630,2,9,0,5,0,8,0,0,0,0,1,1,6,1,35,6,1995,2,2,-1,1,-1
201501YR90632,1,3,0,14,0,8,0,0,0,0,1,1,6,1,22,5,124,1,12,-1,1,-1
201501YR90632,2,9,0,9,0,8,0,0,0,0,3,1,6,1,-1,-1,-1,-1,-1,-1,-1,-1
201501YR90633,1,1,0,7,0,8,0,0,0,0,1,1,6,2,-1,-1,-1,-1,-1,-1,-1,-1
201501YR90633,2,9,0,18,0,8,0,0,0,0,1,1,6,1,31,6,1998,1,13,-1,1,-1
201501YR90634,1,9,0,7,0,8,0,0,0,0,4,1,6,1,34,6,-1,-1,-1,-1,1,-1
201501YR90634,2,1,0,18,0,8,0,0,0,0,1,1,6,1,36,7,-1,-1,-1,-1,1,-1
201501YR90635,1,9,0,9,0,8,0,0,0,0,4,1,6,1,58,9,1598,1,7,-1,1,-1
201501YR90635,2,9,0,15,0,8,0,0,0,0,3,1,6,1,39,7,1560,2,-1,-1,1,-1
201501YR90637,1,9,0,9,0,8,0,0,0,0,4,1,6,1,47,8,2616,1,11,-1,1,-1
201501YR90637,2,1,0,18,0,8,0,0,0,0,1,1,6,1,31,6,-1,-1,-1,-1,1,-1
201501YR90638,1,9,0,18,0,8,0,0,0,0,1,1,6,1,37,7,1896,2,9,-1,1,-1
201501YR90638,2,1,0,15,0,8,0,0,0,0,3,1,6,1,42,7,-1,-1,-1,-1,1,-1
201501YR90639,1,9,0,18,0,1,0,0,0,0,1,1,6,1,52,8,2685,2,11,-1,1,-1
201501YR90640,1,9,0,2,0,1,0,0,0,0,0,1,6,2,39,7,1995,2,4,-1,1,-1
201501YR90640,2,1,0,18,0,1,0,0,0,0,0,1,6,1,32,6,-1,-1,-1,-1,1,-1
201501YR90641,1,3,0,18,0,1,0,0,0,0,4,1,2,2,32,6,125,1,2,-1,1,-1
201501YR90641,2,8,0,5,0,1,0,0,0,0,3,1,1,1,-1,-1,2499,2,2,-1,-1,-1
201501YR90642,1,1,0,18,0,8,0,0,0,0,4,1,2,1,35,6,-1,-1,-1,-1,1,-1
201501YR90642,2,9,0,18,0,8,0,0,0,0,1,1,6,1,-1,-1,-1,-1,-1,-1,-1,-1
201501YR90643,1,3,0,18,0,1,0,0,0,0,1,1,6,1,18,4,124,1,12,-1,1,-1
201501YR90643,2,9,0,9,0,1,0,0,0,0,3,1,6,2,59,9,1108,1,6,-1,1,-1
201501YR90644,1,9,0,7,0,1,0,0,0,0,4,1,6,1,33,6,-1,-1,-1,-1,1,-1
201501YR90644,2,1,0,15,0,1,0,0,0,0,1,1,6,2,51,8,-1,-1,-1,-1,1,-1
201501YR90645,1,9,0,18,0,0,0,4,0,0,4,1,6,2,48,8,998,1,6,-1,1,-1
201501YR90645,2,9,0,5,0,0,0,0,0,0,3,1,6,1,23,5,-1,-1,-1,-1,1,-1
201501YR90647,1,1,0,12,0,8,0,0,0,0,2,1,6,1,27,6,-1,-1,-1,-1,1,-1
201501YR90647,2,9,0,18,0,8,0,0,0,0,1,1,6,1,23,5,2143,2,6,-1,1,-1
201501YR90648,1,3,0,14,0,0,0,0,0,0,4,1,6,1,24,5,124,1,15,-1,1,-1
201501YR90648,2,9,0,6,0,0,0,0,0,0,3,1,6,2,-1,-1,1598,1,10,-1,-1,-1
201501YR90649,1,9,0,3,0,0,0,0,0,0,2,1,6,1,48,8,1198,1,13,-1,1,-1
201501YR90649,2,9,0,18,0,0,0,0,0,0,1,1,6,2,30,6,1896,2,14,-1,-1,-1
201501YR90650,1,9,0,18,0,0,0,4,0,0,4,1,6,2,47,8,1598,2,1,-1,1,-1
201501YR90651,1,19,0,18,0,1,0,0,0,0,1,1,6,3,-1,-1,1870,2,9,-1,-1,-1
201501YR90652,1,19,0,9,0,8,0,0,0,0,4,1,6,1,58,9,1968,2,2,-1,1,-1
201501YR90652,2,9,0,15,0,8,0,0,0,0,1,1,6,2,23,5,1984,1,7,-1,1,-1
201501YR90653,1,9,0,10,0,1,0,0,0,0,2,1,6,1,54,8,1596,1,3,-1,1,-1
201501YR90653,2,9,0,5,0,1,0,0,0,0,1,1,6,1,-1,-1,1850,1,14,-1,-1,-1
201501YR90654,1,19,0,18,0,8,0,0,0,0,4,1,1,1,27,6,2402,2,13,-1,1,-1
201501YR90654,2,9,0,9,0,8,0,0,0,0,1,1,6,2,36,7,2993,2,6,-1,1,-1
201501YR90655,1,9,0,18,0,1,0,0,0,0,1,1,6,2,26,6,999,1,5,-1,1,-1
201501YR90655,2,9,0,18,0,2,0,0,0,0,1,1,6,2,26,6,2231,2,9,-1,1,-1
201501YR90656,1,9,0,9,0,8,0,0,0,0,4,1,6,1,48,8,1997,2,8,-1,1,-1
201501YR90656,2,1,0,15,0,8,0,0,0,0,1,1,6,1,-1,-1,-1,-1,-1,-1,-1,-1
201501YR90657,1,9,0,10,0,8,0,0,0,0,2,1,2,2,22,5,1596,1,9,-1,1,-1
201501YR90657,2,9,0,18,0,8,0,10,3,10,1,1,6,3,-1,-1,2987,2,4,-1,-1,-1
201501YR90658,1,9,0,2,0,0,0,0,0,0,3,1,6,1,72,10,1597,1,19,-1,1,-1
201501YR90658,2,1,0,18,0,0,0,8,0,0,1,1,6,1,37,7,-1,-1,-1,-1,1,-1
201501YR90659,1,9,0,7,0,8,0,0,0,0,4,1,6,1,50,8,1598,1,4,-1,1,-1
201501YR90659,2,3,0,15,0,8,0,0,0,0,3,1,6,1,32,6,-1,-1,-1,-1,1,-1
201501YR90660,1,11,0,18,0,0,0,0,0,0,0,1,1,1,56,9,6692,2,4,-1,1,-1
201501YR90661,1,1,0,18,0,2,0,0,0,0,1,1,2,2,49,8,-1,-1,-1,-1,1,-1
201501YR90661,2,9,0,5,0,2,0,0,0,0,3,1,6,1,-1,-1,-1,-1,-1,-1,-1,-1
201501YR90662,1,9,0,9,0,8,0,0,0,0,3,1,6,1,22,5,1229,1,2,-1,1,-1
201501YR90662,2,9,0,18,0,8,0,0,0,0,1,1,6,1,65,9,2000,1,8,-1,-1,-1
201501YR90664,1,3,0,18,0,0,0,0,0,0,0,1,6,1,33,6,125,1,1,-1,1,-1
201501YR90664,2,9,0,11,0,0,0,0,0,0,0,1,6,1,-1,-1,-1,-1,-1,-1,-1,-1
201501YR90665,1,9,0,18,0,8,0,0,0,0,4,1,6,1,34,6,2148,2,6,-1,1,-1
201501YR90665,2,9,0,9,0,8,0,0,0,0,1,1,6,1,-1,-1,1240,1,12,-1,-1,-1
201501YR90666,1,9,0,3,0,2,0,0,0,0,2,1,6,1,59,9,3199,1,11,-1,1,-1
201501YR90666,2,2,0,18,0,2,0,0,0,0,1,1,6,1,33,6,124,1,7,-1,1,-1
201501YR90667,1,9,0,9,0,8,0,0,0,0,4,1,1,1,-1,-1,-1,-1,-1,-1,1,-1
201501YR90667,2,3,0,18,0,8,0,0,0,0,1,1,6,1,28,6,125,1,-1,-1,1,-1
201501YR90669,1,9,0,17,0,8,0,7,7,0,1,1,6,1,19,4,2148,2,10,-1,1,-1
201501YR90670,1,11,0,18,0,1,0,0,0,0,1,1,1,1,59,9,5132,2,-1,-1,1,-1
201501YR90671,1,3,0,18,0,1,0,0,0,0,3,1,6,1,21,5,124,1,10,-1,1,-1
201501YR90673,1,1,0,18,0,0,0,0,0,0,1,1,6,1,43,7,-1,-1,-1,-1,1,-1
201501YR90673,2,19,0,6,0,0,0,0,0,0,3,1,6,1,-1,-1,1997,2,13,-1,-1,-1
201501YR90675,1,9,0,6,0,0,0,0,0,0,0,1,6,2,45,7,1339,1,4,-1,1,-1
201501YR90675,2,3,0,18,0,0,0,0,0,0,3,1,6,1,34,6,125,1,5,-1,1,-1
201501YR90677,1,9,0,9,0,8,0,0,0,0,3,1,6,2,40,7,1596,1,5,-1,1,-1
201501YR90677,2,9,0,18,0,8,0,0,0,0,1,1,6,3,-1,-1,1596,1,12,-1,-1,-1
201501YR90679,1,9,0,9,0,8,0,0,0,0,4,1,6,2,-1,-1,1699,1,8,-1,-1,-1
201501YR90679,2,3,0,18,0,8,0,0,0,0,1,1,6,1,-1,-1,-1,-1,-1,-1,-1,-1
201501YR90680,1,9,0,3,0,1,0,0,0,0,2,1,6,1,43,7,2099,1,13,-1,1,-1
201501YR90680,2,9,0,18,0,1,0,0,0,0,1,1,6,2,-1,-1,1998,2,10,-1,-1,-1
201501YR90682,1,3,0,7,0,8,0,0,0,0,1,1,6,1,32,6,124,1,2,-1,1,-1
201501YR90683,1,1,0,18,0,8,0,0,0,0,4,1,6,1,10,2,-1,-1,-1,-1,1,-1
201501YR90683,2,9,0,4,0,8,0,0,0,0,1,1,6,2,23,5,-1,-1,-1,-1,1,-1
201501YR90684,1,1,0,15,0,1,0,0,0,0,3,1,2,2,49,8,-1,-1,-1,-1,1,-1
201501YR90684,2,9,0,7,0,1,0,0,0,0,4,1,6,1,-1,-1,2268,2,-1,-1,-1,-1
201501YR90686,1,11,0,18,0,0,0,0,0,0,4,1,1,1,53,8,7300,2,11,-1,1,-1
201501YR90687,1,9,0,7,0,1,0,0,0,0,1,1,6,2,50,8,1368,1,1,-1,1,-1
201501YR90687,2,1,0,18,0,1,0,0,0,0,4,1,6,2,29,6,-1,-1,-1,-1,1,-1
201501YR90688,1,9,0,18,0,1,0,11,0,0,1,1,2,1,33,6,-1,-1,-1,-1,1,-1
201501YR90689,1,9,0,18,0,1,0,0,0,0,1,1,6,2,26,6,1242,1,6,-1,1,-1
201501YR90689,2,9,0,4,0,1,0,0,0,0,2,1,6,1,50,8,4966,1,10,-1,1,-1
201501YR90689,3,9,0,18,0,1,0,0,0,0,1,1,6,2,-1,-1,1598,1,10,-1,1,-1