Accident_Index,Vehicle_Reference,Vehicle_Type,Towing_and_Articulation,Vehicle_Manoeuvre,Vehicle_Location-Restricted_Lane,Junction_Location,Skidding_and_Overturning,Hit_Object_in_Carriageway,Vehicle_Leaving_Carriageway,Hit_Object_off_Carriageway,1st_Point_of_Impact,Was_Vehicle_Left_Hand_Drive?,Journey_Purpose_of_Driver,Sex_of_Driver,Age_of_Driver,Age_Band_of_Driver,Engine_Capacity_(CC),Propulsion_Code,Age_of_Vehicle,Driver_IMD_Decile,Driver_Home_Area_Type,Vehicle_IMD_Decile
201501YR90690,1,9,0,18,0,8,0,0,0,0,4,1,6,1,46,8,1997,1,12,-1,1,-1
201501YR90690,2,11,0,18,0,8,0,0,0,0,1,1,1,1,47,8,4760,2,3,-1,1,-1
201501YR90691,1,11,0,7,0,1,0,0,0,0,0,1,1,1,30,6,4500,2,4,-1,1,-1
201501YR90692,1,9,0,3,0,1,0,0,0,0,2,1,6,1,27,6,2204,2,8,-1,1,-1
201501YR90692,2,9,0,3,0,1,0,0,0,0,2,1,6,1,51,8,-1,-1,-1,-1,1,-1
201501YR90692,3,9,0,18,0,1,0,0,0,0,1,1,6,1,37,7,1497,8,10,-1,1,-1
201501YR90693,1,11,0,7,0,8,0,0,0,0,3,1,1,1,24,5,4500,2,4,-1,1,-1
201501YR90693,2,19,0,9,0,8,0,0,0,0,3,1,1,1,-1,-1,-1,-1,-1,-1,-1,-1
201501YR90694,1,9,0,18,0,1,0,0,0,0,4,1,6,1,25,5,999,1,-1,-1,1,-1
201501YR90694,2,9,0,7,0,1,0,0,0,0,1,1,6,1,40,7,1598,1,7,-1,1,-1
201501YR90695,1,9,0,18,0,0,0,0,0,0,1,1,6,2,25,5,998,1,11,-1,1,-1
201501YR90695,2,9,0,4,0,0,0,0,0,0,2,1,6,1,45,7,3956,1,11,-1,1,-1
201501YR90696,1,11,0,14,0,1,0,0,0,0,0,1,1,1,60,9,7300,2,11,-1,3,-1
201501YR90698,1,9,0,9,0,1,0,0,0,0,0,1,2,1,29,6,1685,2,3,-1,1,-1
201501YR90698,2,5,0,18,0,1,1,4,0,0,1,1,2,1,52,8,1402,1,12,-1,1,-1
201501YR90698,3,9,0,2,0,1,0,0,0,0,1,1,6,3,-1,-1,1796,1,3,-1,-1,-1
201501YR90698,4,9,0,2,0,1,0,0,0,0,1,1,6,3,-1,-1,-1,-1,-1,-1,-1,-1
201501YR90700,1,1,0,14,0,0,0,8,0,0,1,1,6,1,30,6,-1,-1,-1,-1,-1,-1
201501YR90700,2,9,0,2,0,0,0,0,0,0,3,1,6,1,-1,-1,1598,1,11,-1,1,-1
201501YR90701,1,1,0,18,0,8,0,0,0,0,1,1,6,1,-1,-1,-1,-1,-1,-1,-1,-1
201501YR90701,2,8,0,8,0,8,0,0,0,0,4,1,1,1,34,6,1598,1,9,-1,1,-1
201501YR90704,1,9,0,18,0,1,0,0,0,0,1,1,6,1,32,6,1242,1,10,-1,1,-1
201501YR90704,2,9,0,4,0,1,0,0,0,0,2,1,6,1,43,7,1984,1,2,-1,-1,-1
201501YR90705,1,11,0,7,0,2,0,10,1,2,1,1,1,1,55,8,4500,2,6,-1,1,-1
201501YR90706,1,9,0,18,0,8,0,0,0,0,2,1,6,1,53,8,1997,2,8,-1,1,-1
201501YR90706,2,9,0,18,0,8,0,0,0,0,1,1,6,1,66,10,998,1,1,-1,1,-1
201501YR90707,1,9,0,9,0,8,0,0,0,0,4,1,6,1,30,6,-1,-1,-1,-1,-1,-1
201501YR90707,2,4,0,18,0,8,0,0,0,0,1,1,6,1,29,6,1170,1,8,-1,1,-1
201501YR90708,1,11,0,18,0,1,0,0,0,0,0,1,1,1,35,6,4760,2,2,-1,1,-1
201501YR90709,1,9,0,2,0,8,0,0,0,0,1,1,6,1,59,9,2494,1,17,-1,1,-1
201501YR90709,2,9,0,18,0,8,0,0,0,0,1,1,6,1,-1,-1,1995,2,1,-1,1,-1
201501YR90710,1,9,0,7,0,8,0,4,0,0,3,1,6,1,48,8,1995,2,14,-1,1,-1
201501YR90710,2,9,0,18,0,8,0,0,0,0,1,1,6,1,40,7,2987,2,6,-1,1,-1
201501YR90713,1,8,0,18,0,1,0,0,0,0,1,1,1,1,74,10,2664,2,15,-1,1,-1
201501YR90714,1,9,0,4,0,1,0,0,0,0,4,1,6,1,-1,-1,2720,2,10,-1,-1,-1
201501YR90714,2,1,0,18,0,1,0,0,0,0,3,1,6,1,-1,-1,-1,-1,-1,-1,-1,-1
201501YR90715,1,9,0,9,0,8,0,0,0,0,3,1,6,3,-1,-1,-1,-1,-1,-1,-1,-1
201501YR90715,2,5,0,13,0,8,0,0,0,0,4,1,6,1,25,5,-1,-1,-1,-1,1,-1
201501YR90717,1,9,0,17,0,0,0,0,0,0,2,1,6,2,46,8,1598,1,8,-1,1,-1
201501YR90717,2,9,0,17,0,0,0,0,0,0,1,1,6,1,-1,-1,1341,1,10,-1,-1,-1
201501YR90718,1,9,0,7,0,8,0,0,0,0,3,1,6,1,21,5,1598,1,8,-1,1,-1
201501YR90718,2,1,0,18,0,8,0,0,0,0,1,1,6,1,31,6,-1,-1,-1,-1,-1,-1
201501YR90719,1,9,0,6,0,0,0,0,0,0,2,1,6,2,58,9,1248,2,10,-1,1,-1
201501YR90719,2,3,0,16,0,0,0,0,0,0,1,1,6,1,32,6,125,1,9,-1,2,-1
201501YR90720,1,1,0,18,0,8,0,0,0,0,2,1,6,1,22,5,-1,-1,-1,-1,1,-1
201501YR90720,2,4,0,18,0,8,0,0,0,0,1,1,6,3,-1,-1,-1,-1,-1,-1,-1,-1
201501YR90721,1,11,0,18,2,1,0,0,0,0,0,1,1,1,30,6,6692,2,5,-1,1,-1
201501YR90722,1,8,0,5,0,8,0,0,0,0,1,1,6,1,70,10,2402,2,12,-1,1,-1
201501YR90722,2,1,0,18,0,8,0,0,0,0,4,1,6,2,22,5,-1,-1,-1,-1,-1,-1
201501YR90723,1,9,0,17,0,0,0,4,0,0,4,1,6,2,51,8,1598,1,6,-1,1,-1
201501YR90723,2,9,0,2,0,0,0,0,0,0,3,1,6,1,89,11,-1,-1,-1,-1,-1,-1
201501YR90723,3,9,0,2,0,0,0,10,1,2,3,1,6,2,-1,-1,1598,1,1,-1,-1,-1
201501YR90723,4,9,0,2,0,0,0,0,0,0,4,1,6,1,28,6,1596,1,9,-1,-1,-1
201501YR90724,1,9,0,14,0,0,0,0,0,0,1,1,6,1,43,7,1596,1,9,-1,1,-1
201501YR90725,1,9,0,3,0,0,0,0,0,0,3,1,6,2,54,8,3199,1,19,-1,1,-1
201501YR90725,2,90,0,14,0,0,0,0,0,0,4,1,1,1,34,6,6370,2,8,-1,1,-1
201501YR90725,3,9,0,14,0,0,0,0,0,0,3,1,6,2,28,6,1397,1,7,-1,1,-1
201501YR90726,1,9,0,18,0,1,0,0,0,0,1,1,2,1,39,7,-1,-1,-1,-1,1,-1
201501YR90726,2,9,0,4,0,1,0,0,0,0,2,1,6,2,59,9,1686,2,4,-1,1,-1
201501YR90727,1,9,0,6,0,8,0,0,0,0,3,1,6,1,60,9,1596,1,16,-1,1,-1
201501YR90727,2,9,0,18,0,8,0,0,0,0,1,1,6,1,35,6,2993,2,10,-1,-1,-1
201501YR90729,1,3,0,18,0,2,0,0,0,0,1,1,6,1,-1,-1,124,1,11,-1,-1,-1
201501YR90731,1,3,0,18,0,2,0,0,0,0,3,1,1,1,29,6,125,1,6,-1,1,-1
201501YR90731,2,9,0,6,0,1,0,0,0,0,1,1,6,3,-1,-1,1968,2,-1,-1,-1,-1
201501YR90732,1,9,0,7,0,1,0,0,0,0,1,1,6,1,-1,-1,-1,-1,-1,-1,-1,-1
201501YR90733,1,3,0,18,0,1,0,0,0,0,1,1,2,1,29,6,124,1,2,-1,1,-1
201501YR90733,2,9,0,7,0,1,0,0,0,0,3,1,6,1,-1,-1,1198,1,5,-1,-1,-1
201501YR90734,1,11,0,18,0,1,0,0,0,0,0,1,1,2,45,7,7300,2,12,-1,1,-1
201501YR90735,1,5,0,14,0,1,0,0,0,0,4,1,6,1,52,8,599,1,13,-1,1,-1
201501YR90735,2,9,0,9,0,2,0,0,0,0,1,1,6,2,73,10,1390,1,4,-1,1,-1
201501YR90736,1,9,0,14,0,0,0,0,0,0,3,1,6,1,55,8,-1,-1,-1,-1,1,-1
201501YR90736,2,9,0,18,0,0,0,0,0,0,3,1,6,1,34,6,1794,1,11,-1,3,-1
201501YR90737,1,9,0,18,0,1,0,10,1,2,1,1,6,2,64,9,999,1,2,-1,1,-1
201501YR90737,2,9,0,2,0,1,0,0,0,0,4,1,6,3,-1,-1,1390,1,12,-1,-1,-1
201501YR90738,1,9,0,9,0,8,0,0,0,0,3,1,6,1,53,8,-1,-1,-1,-1,2,-1
201501YR90738,2,2,0,13,0,8,0,0,0,0,4,1,6,1,22,5,125,1,6,-1,1,-1
201501YR90739,1,9,0,5,0,0,0,0,0,0,1,1,6,2,61,9,1339,1,9,-1,1,-1
201501YR90740,1,9,0,18,0,0,0,0,0,0,2,1,6,2,32,6,1390,1,10,-1,2,-1
201501YR90740,2,9,0,18,0,0,0,0,0,0,1,1,6,1,-1,-1,1598,1,10,-1,-1,-1
201501YR90741,1,2,0,3,0,1,0,0,0,0,1,1,1,1,23,5,49,1,8,-1,1,-1
201501YR90741,2,9,0,1,0,1,0,0,0,0,2,1,6,1,-1,-1,-1,-1,-1,-1,-1,-1
201501YR90742,1,9,0,18,0,1,0,4,0,0,4,1,6,1,21,5,1598,1,13,-1,1,-1
201501YR90743,1,9,0,18,0,8,0,0,0,0,1,1,6,1,37,7,1595,1,13,-1,1,-1
201501YR90743,2,19,0,9,0,8,0,0,0,0,4,1,6,1,37,7,2143,2,2,-1,1,-1
201501YR90744,1,3,0,18,0,1,0,0,0,0,1,1,6,1,19,4,125,1,7,-1,1,-1
201501YR90744,2,9,0,18,0,1,0,0,0,0,3,1,6,3,-1,-1,1796,1,13,-1,-1,-1
201501YR90745,1,11,0,3,0,0,0,0,0,0,0,1,1,1,31,6,4500,2,7,-1,1,-1
201501YR90746,1,9,0,18,0,8,0,10,1,10,1,1,6,1,31,6,2143,2,2,-1,1,-1
201501YR90747,1,9,0,18,0,2,0,0,0,0,1,1,6,3,-1,-1,1390,1,7,-1,-1,-1
201501YR90747,2,1,0,18,0,2,0,0,0,0,4,1,6,1,13,3,-1,-1,-1,-1,1,-1
201501YR90748,1,9,0,18,0,0,0,0,0,0,1,1,6,1,27,6,1299,1,12,-1,1,-1
201501YR90749,1,9,0,9,0,8,0,0,0,0,4,1,6,2,49,8,-1,-1,-1,-1,-1,-1
201501YR90749,2,2,0,18,0,8,0,0,0,0,1,1,1,1,30,6,124,1,2,-1,1,-1
201501YR90750,1,9,0,18,0,2,0,0,0,0,1,1,6,1,50,8,2435,1,17,-1,1,-1
201501YR90751,1,11,0,18,0,1,0,0,0,0,0,1,1,1,52,8,-1,-1,-1,-1,-1,-1
201501YR90752,1,9,0,18,0,0,0,0,0,0,1,1,6,1,-1,-1,-1,-1,-1,-1,-1,-1
201501YR90753,1,9,0,5,0,1,0,0,0,0,1,1,2,2,40,7,1796,1,16,-1,1,-1
201501YR90754,1,9,0,18,0,0,0,0,0,0,1,1,6,1,32,6,1248,2,10,-1,1,-1
201501YR90755,1,8,0,9,0,8,0,0,0,0,3,1,1,1,55,8,1798,8,2,-1,1,-1
201501YR90755,2,9,0,18,0,8,0,0,0,0,1,1,6,2,39,7,1498,1,9,-1,1,-1
201501YR90756,1,11,0,18,0,8,0,0,0,0,4,1,1,1,54,8,7300,2,12,-1,1,-1
201501YR90756,2,1,0,4,0,8,0,0,0,0,2,1,2,1,42,7,-1,-1,-1,-1,1,-1
201501YR90757,1,9,0,9,0,1,0,0,0,0,0,1,6,1,-1,-1,-1,-1,-1,-1,-1,-1
201501YR90758,1,20,0,14,0,2,0,0,0,0,4,1,1,1,45,7,-1,-1,-1,-1,1,-1
201501YR90758,2,1,0,14,0,2,0,0,0,0,3,1,6,2,27,6,-1,-1,-1,-1,1,-1
201501YR90759,1,9,0,3,0,8,0,0,0,0,2,1,6,2,41,7,1397,1,5,-1,-1,-1
201501YR90759,2,9,0,18,0,8,0,0,0,0,1,1,6,2,41,7,1390,1,12,-1,1,-1
201501YR90760,1,19,0,9,0,1,0,0,0,0,1,1,1,1,29,6,2198,2,7,-1,1,-1
201501YR90760,2,3,0,18,0,1,0,0,0,0,1,1,6,1,20,4,124,1,12,-1,-1,-1
201501YR90761,1,9,0,4,0,1,0,0,0,0,2,1,6,1,36,7,1896,2,17,-1,1,-1
201501YR90761,2,9,0,4,0,1,0,0,0,0,1,1,6,1,28,6,1364,1,10,-1,1,-1
201501YR90762,1,9,0,18,0,2,0,0,0,0,4,1,6,2,25,5,1598,1,8,-1,1,-1
201501YR90762,2,1,0,18,4,2,0,0,0,0,3,1,6,1,36,7,-1,-1,-1,-1,1,-1
201501YR90763,1,9,0,16,0,0,0,0,0,0,1,1,6,2,21,5,1598,2,3,-1,1,-1
201501YR90763,2,9,0,17,0,0,0,0,0,0,1,1,6,1,25,5,1098,1,46,-1,1,-1
201501YR90764,1,9,0,18,0,0,0,0,0,0,0,1,6,1,47,8,2000,2,11,-1,1,-1
201501YR90764,2,90,0,18,0,0,0,0,0,0,0,1,6,1,16,4,-1,-1,-1,-1,1,-1
201501YR90765,1,9,0,9,0,2,0,0,0,0,1,1,1,1,65,9,2231,2,8,-1,1,-1
201501YR90765,2,3,0,18,0,1,0,0,0,0,1,1,1,1,26,6,125,1,5,-1,1,-1
201501YR90766,1,9,0,9,0,5,0,0,0,0,3,1,6,1,51,8,1299,1,15,-1,1,-1
201501YR90766,2,2,0,13,0,8,0,0,7,2,4,1,6,1,17,4,49,1,8,-1,1,-1
201501YR90767,1,9,0,1,0,2,0,0,0,0,2,1,6,3,-1,-1,-1,-1,-1,-1,-1,-1
201501YR90768,1,9,0,9,0,1,0,0,0,0,3,1,6,1,32,6,1995,2,-1,-1,1,-1
201501YR90768,2,5,0,13,0,1,0,0,0,0,1,1,1,1,34,6,-1,-1,-1,-1,-1,-1
201501YR90769,1,9,0,6,0,1,0,0,0,0,3,1,2,2,31,6,1598,1,13,-1,1,-1
201501YR90769,2,1,0,18,0,1,0,0,0,0,1,1,2,2,24,5,-1,-1,-1,-1,1,-1
201501YR90771,1,3,0,18,0,1,0,0,0,0,1,1,6,1,30,6,124,1,4,-1,1,-1
201501YR90772,1,9,0,9,0,2,0,0,0,0,0,1,6,1,45,7,1149,1,12,-1,1,-1
201501YR90772,2,19,0,18,0,1,0,10,1,10,1,1,1,1,18,4,1560,2,-1,-1,1,-1
201501YR90773,1,9,0,4,0,0,0,0,0,0,4,1,2,1,26,6,1956,2,2,-1,1,-1
201501YR90774,1,1,0,18,0,8,0,0,0,0,1,1,6,1,11,3,-1,-1,-1,-1,-1,-1
201501YR90774,2,9,0,9,0,8,0,0,0,0,3,1,6,3,-1,-1,-1,-1,-1,-1,-1,-1
201501YR90775,1,1,0,9,0,8,0,0,0,0,3,1,6,1,-1,-1,-1,-1,-1,-1,1,-1
201501YR90775,2,9,0,13,0,8,0,0,0,0,4,1,6,3,-1,-1,-1,-1,-1,-1,-1,-1
201501YR90776,1,9,0,18,0,0,0,0,0,0,4,1,6,1,54,8,1910,2,5,-1,1,-1
201501YR90777,1,9,0,18,0,8,1,0,4,6,3,1,6,1,44,7,1988,1,11,-1,1,-1
201501YR90777,2,9,0,11,0,8,0,0,0,0,4,1,6,1,-1,-1,1596,1,6,-1,-1,-1
201501YR90778,1,1,0,18,0,2,1,4,0,0,1,1,2,2,44,7,-1,-1,-1,-1,1,-1
201501YR90778,2,9,0,2,0,2,0,0,0,0,3,1,6,2,-1,-1,1598,1,4,-1,-1,-1
201501YR90779,1,9,0,4,0,0,0,0,0,0,1,1,1,2,50,8,1242,1,8,-1,1,-1
201501YR90780,1,9,0,18,0,1,0,0,0,0,1,1,6,1,-1,-1,-1,-1,-1,-1,-1,-1
201501YR90780,2,1,0,18,0,1,0,0,0,0,2,1,6,1,45,7,-1,-1,-1,-1,1,-1
201501YR90781,1,9,0,3,0,0,0,0,0,0,2,1,6,2,28,6,1598,1,4,-1,1,-1
201501YR90781,2,9,0,3,0,0,0,0,0,0,2,1,6,1,-1,-1,-1,-1,-1,-1,1,-1
201501YR90781,3,9,0,18,0,0,0,0,0,0,1,1,6,1,35,6,-1,-1,-1,-1,-1,-1
201501YR90782,1,9,0,9,0,2,0,0,0,0,3,1,6,1,53,8,1794,1,7,-1,-1,-1
201501YR90782,2,1,0,18,0,1,0,0,0,0,1,1,6,2,26,6,-1,-1,-1,-1,-1,-1
201501YR90783,1,9,0,9,0,8,0,10,1,10,2,1,6,2,36,7,1391,1,19,-1,1,-1
201501YR90783,2,9,0,18,0,8,0,0,0,0,1,1,6,1,59,9,1753,2,13,-1,1,-1
201501YR90784,1,9,0,18,0,8,0,0,0,0,3,1,6,1,49,8,1299,1,15,-1,-1,-1
201501YR90784,2,9,0,9,0,8,0,0,0,0,1,1,6,2,25,5,1242,1,3,-1,-1,-1
201501YR90785,1,9,0,18,0,0,0,0,0,0,0,1,1,1,-1,-1,-1,-1,-1,-1,-1,-1
201501YR90785,2,9,0,18,9,0,0,0,7,2,1,1,6,3,-1,-1,1999,1,14,-1,-1,-1
201501YR90786,1,9,0,9,0,8,0,0,0,0,4,1,6,2,66,10,1896,2,16,-1,1,-1
201501YR90786,2,2,0,18,0,8,0,0,0,0,1,1,6,2,29,6,49,1,3,-1,1,-1
201501YR90787,1,9,0,18,0,0,0,0,0,0,1,1,2,2,36,7,998,1,-1,-1,1,-1
201501YR90788,1,1,0,18,0,2,0,0,0,0,3,1,6,1,23,5,-1,-1,-1,-1,1,-1
201501YR90788,2,2,0,13,0,2,0,0,0,0,4,1,6,3,-1,-1,278,1,2,-1,-1,-1
201501YR90789,1,9,0,3,0,1,0,0,0,0,2,1,6,2,42,7,1497,8,8,-1,1,-1
201501YR90789,2,9,0,18,0,1,0,0,0,0,1,1,6,2,28,6,1597,1,7,-1,1,-1
201501YR90790,1,11,0,4,0,1,0,0,0,0,0,1,6,1,40,7,6692,2,2,-1,1,-1
201501YR90790,2,9,0,11,0,1,0,0,0,0,0,1,6,3,-1,-1,1422,2,13,-1,-1,-1
201501YR90791,1,9,0,9,0,2,0,0,0,0,3,1,6,2,21,5,1198,1,1,-1,1,-1
201501YR90791,2,3,0,18,0,1,0,0,0,0,3,1,6,1,25,5,124,1,2,-1,1,-1
201501YR90793,1,9,0,18,0,8,0,0,0,0,1,1,2,1,22,5,6208,1,4,-1,1,-1
201501YR90793,2,9,0,9,0,8,0,0,0,0,3,1,2,1,27,6,1461,2,-1,-1,1,-1
201501YR90794,1,9,0,9,0,1,0,0,0,0,4,1,6,1,20,4,1600,1,10,-1,1,-1
201501YR90794,2,5,0,18,0,1,0,0,0,0,1,1,6,1,52,8,-1,-1,-1,-1,1,-1
201501YR90795,1,11,0,18,0,1,0,0,0,0,0,1,1,1,52,8,6692,2,4,-1,1,-1
201501YR90797,1,9,0,18,0,1,0,0,0,0,1,1,6,3,-1,-1,1390,1,5,-1,-1,-1
201501YR90797,2,9,0,16,0,2,0,0,0,0,1,1,6,2,36,7,1595,1,8,-1,1,-1
201501YR90798,1,11,0,4,2,8,0,0,0,0,3,1,1,1,25,5,6692,2,4,-1,1,-1
201501YR90798,2,9,0,7,0,8,0,0,0,0,1,1,6,3,-1,-1,-1,-1,-1,-1,-1,-1
201501YR90799,1,9,0,18,0,1,1,7,1,1,1,1,6,1,31,6,-1,-1,-1,-1,1,-1
201501YR90800,1,9,0,18,0,0,0,0,0,0,1,1,6,3,-1,-1,-1,-1,-1,-1,-1,-1
201501YR90801,1,9,0,18,0,1,0,0,0,0,1,1,6,1,26,6,1995,2,7,-1,1,-1
201501YR90801,2,9,0,9,0,1,0,0,0,0,4,1,6,1,48,8,2987,2,9,-1,1,-1
201501YR90802,1,2,0,4,0,8,0,0,0,0,2,1,2,1,25,5,125,1,8,-1,-1,-1
201501YR90802,2,9,0,9,0,6,0,0,0,0,1,1,6,3,-1,-1,1581,1,15,-1,-1,-1
201501YR90803,1,9,0,18,0,0,0,0,0,0,1,1,6,1,28,6,1800,1,15,-1,-1,-1
201501YR90804,1,11,0,18,0,1,0,0,0,0,0,1,1,1,60,9,4500,2,3,-1,1,-1
201501YR90805,1,3,0,18,0,1,0,0,0,0,1,1,1,1,41,7,125,1,5,-1,1,-1
201501YR90805,2,9,0,9,0,2,0,0,0,0,4,1,1,2,66,10,1390,1,5,-1,1,-1
201501YR90806,1,8,0,2,0,0,0,0,0,0,3,1,6,1,32,6,-1,-1,-1,-1,1,-1
201501YR90806,2,9,0,18,0,0,0,0,0,0,1,1,6,3,-1,-1,-1,-1,-1,-1,-1,-1
201501YR90807,1,9,0,18,0,8,0,0,0,0,1,1,6,1,76,11,2148,2,14,-1,1,-1
201501YR90807,2,9,0,7,0,8,0,0,0,0,2,1,6,3,-1,-1,1968,2,8,-1,-1,-1
201501YR90808,1,3,0,13,0,1,0,0,0,0,1,1,1,1,52,8,125,1,7,-1,1,-1
201501YR90808,2,9,0,9,0,1,0,0,0,0,3,1,6,1,27,6,2967,2,10,-1,1,-1
201501YR90809,1,9,0,16,0,0,0,0,0,0,1,1,6,1,28,6,2497,1,8,-1,-1,-1
201501YR90809,2,1,0,18,0,0,0,0,0,0,3,1,6,2,48,8,-1,-1,-1,-1,1,-1
201501YR90810,1,9,0,18,0,0,0,4,0,0,1,1,6,2,67,10,1598,1,1,-1,1,-1
201501YR90810,2,9,0,2,0,0,0,0,0,0,4,1,6,3,-1,-1,4398,1,12,-1,-1,-1
201501YR90811,1,3,0,14,0,1,0,0,0,0,1,1,6,1,19,4,124,1,-1,-1,1,-1
201501YR90811,2,9,0,9,0,1,0,0,0,0,3,1,6,2,32,6,1242,1,5,-1,1,-1
201501YR90812,1,3,0,9,0,1,0,0,0,0,4,1,2,1,21,5,125,1,8,-1,1,-1
201501YR90812,2,9,0,18,0,1,0,0,0,0,1,1,3,2,64,9,1299,1,13,-1,1,-1
201501YR90813,1,9,0,17,0,8,0,0,0,0,4,1,6,1,41,7,5204,1,1,-1,1,-1
201501YR90813,2,20,0,1,0,8,0,0,0,0,2,1,1,1,-1,-1,2143,2,1,-1,-1,-1
201501YR90814,1,9,0,7,0,8,0,0,0,0,4,1,6,3,-1,-1,-1,-1,-1,-1,-1,-1
201501YR90814,2,1,0,18,0,8,0,0,0,0,1,1,6,1,26,6,-1,-1,-1,-1,1,-1
201501YR90815,1,9,0,3,0,0,0,0,0,0,2,1,6,1,25,5,1995,2,4,-1,1,-1
201501YR90815,2,19,0,18,0,0,0,0,0,0,1,1,6,1,-1,-1,-1,-1,-1,-1,1,-1
201501YR90816,1,1,0,9,0,5,0,0,0,0,2,1,6,1,47,8,-1,-1,-1,-1,-1,-1
201501YR90816,2,11,0,9,0,5,0,0,0,0,1,1,1,3,-1,-1,-1,-1,-1,-1,-1,-1
201501YR90817,1,9,0,18,0,1,0,0,0,0,1,1,6,1,-1,-1,1997,2,7,-1,-1,-1
201501YR90818,1,9,0,2,0,8,0,0,0,0,3,1,6,2,22,5,1229,1,8,-1,1,-1
201501YR90818,2,21,1,7,0,8,0,4,0,0,3,1,1,1,36,7,10837,2,2,-1,1,-1
201501YR90819,1,9,0,7,0,1,0,10,2,1,4,1,6,1,55,8,-1,-1,-1,-1,1,-1
201501YR90819,2,9,0,18,2,1,0,0,0,0,1,1,6,3,-1,-1,-1,-1,-1,-1,-1,-1
201501YR90820,1,11,0,18,0,1,0,0,0,0,0,1,1,1,21,5,9360,2,5,-1,1,-1
201501YR90821,1,1,0,9,0,8,0,0,0,0,3,1,2,2,44,7,-1,-1,-1,-1,1,-1
201501YR90821,2,9,0,18,0,5,0,0,0,0,1,1,6,1,-1,-1,-1,-1,-1,-1,-1,-1
201501YR90822,1,9,0,18,0,0,0,0,0,0,1,1,6,1,-1,-1,-1,-1,-1,-1,-1,-1
201501YR90823,1,9,0,18,0,2,0,0,0,0,1,1,3,1,28,6,2998,2,24,-1,1,-1
201501YR90824,1,9,0,5,0,0,0,0,0,0,1,1,6,1,-1,-1,-1,-1,-1,-1,-1,-1
201501YR90825,1,9,0,7,0,1,0,0,0,0,0,1,1,1,36,7,2143,2,-1,-1,3,-1
201501YR90825,2,1,0,15,0,1,0,0,0,0,0,1,6,1,51,8,-1,-1,-1,-1,1,-1
201501YR90826,1,1,0,9,0,8,0,0,0,0,2,1,6,1,35,6,-1,-1,-1,-1,-1,-1
201501YR90826,2,9,0,7,0,8,0,0,0,0,1,1,6,3,-1,-1,-1,-1,-1,-1,-1,-1
201501YR90827,1,9,0,4,0,1,0,0,0,0,2,1,6,1,36,7,2151,2,15,-1,1,-1
201501YR90827,2,8,0,18,0,1,0,0,0,0,1,1,6,1,-1,-1,-1,-1,-1,-1,-1,-1
201501YR90828,1,3,0,18,2,1,0,0,0,0,1,1,2,1,26,6,124,1,2,-1,1,-1
201501YR90828,2,9,0,9,0,1,0,0,0,0,4,1,1,1,48,8,-1,-1,-1,-1,1,-1
201501YR90829,1,8,0,5,0,6,0,0,0,0,1,1,6,1,49,8,2143,2,5,-1,-1,-1
201501YR90829,2,1,0,18,0,8,0,0,0,0,4,1,6,1,37,7,-1,-1,-1,-1,1,-1
201501YR90830,1,1,0,18,0,2,0,0,0,0,3,1,6,2,27,6,-1,-1,-1,-1,1,-1
201501YR90830,2,9,0,13,0,2,0,0,0,0,4,1,6,1,-1,-1,1598,1,7,-1,1,-1
201501YR90831,1,8,0,10,0,8,0,0,0,0,3,1,6,1,41,7,1997,2,1,-1,1,-1
201501YR90831,2,9,0,18,0,8,0,0,0,0,3,1,6,3,-1,-1,-1,-1,-1,-1,-1,-1
201501YR90832,1,11,0,4,0,2,0,0,0,0,0,1,1,1,34,6,4500,2,-1,-1,1,-1
201501YR90833,1,9,0,7,0,8,1,7,1,10,1,1,6,2,30,6,1275,1,16,-1,1,-1
201501YR90835,1,9,0,9,0,1,0,0,0,0,3,1,6,1,33,6,1598,1,13,-1,1,-1
201501YR90835,2,1,0,14,0,1,0,0,0,0,1,1,1,1,20,4,-1,-1,-1,-1,1,-1
201501YR90836,1,9,0,7,0,5,0,0,0,0,4,1,2,2,41,7,1596,1,7,-1,1,-1
201501YR90836,2,9,0,18,0,8,0,0,0,0,3,1,6,1,-1,-1,1390,1,9,-1,-1,-1
201501YR90837,1,9,0,14,0,1,0,7,0,0,1,1,6,2,24,5,1598,1,8,-1,1,-1
201501YR90838,1,8,0,18,0,1,0,0,0,0,4,1,1,1,56,9,1997,2,5,-1,1,-1
201501YR90838,2,1,0,18,4,1,0,0,0,0,1,1,6,1,34,6,-1,-1,-1,-1,1,-1
201501YR90839,1,9,0,1,0,8,0,0,0,0,2,1,6,2,70,10,1329,1,4,-1,1,-1
201501YR90840,1,4,0,18,0,8,0,0,0,0,3,1,6,1,19,4,124,1,6,-1,-1,-1
201501YR90840,2,9,0,9,0,5,0,0,0,0,1,1,2,1,57,9,1796,1,10,-1,1,-1
201501YR90843,1,9,0,18,0,0,0,4,0,0,1,1,6,1,46,8,1560,2,9,-1,1,-1
201501YR90843,2,9,0,2,0,0,0,4,0,0,2,1,6,1,51,8,2198,1,15,-1,-1,-1
201501YR90843,3,9,0,2,0,0,0,4,0,0,2,1,6,2,40,7,1598,1,4,-1,-1,-1
201501YR90843,4,9,0,2,0,0,0,0,0,0,2,1,6,1,24,5,1796,1,11,-1,-1,-1
201501YR90844,1,9,0,9,0,5,0,0,0,0,3,1,6,1,62,9,1275,1,16,-1,1,-1
201501YR90844,2,3,0,13,0,8,0,0,0,0,4,1,1,1,38,7,-1,-1,-1,-1,1,-1
201501YR90845,1,11,0,4,0,1,0,0,0,0,0,1,1,1,56,9,4760,2,2,-1,1,-1
201501YR90846,1,9,0,18,0,2,0,0,0,0,1,1,2,1,51,8,1242,1,4,-1,1,-1
201501YR90849,1,9,0,3,0,0,0,0,0,0,2,1,6,2,42,7,1870,2,11,-1,1,-1
201501YR90849,2,9,0,18,0,0,0,0,0,0,1,1,6,1,-1,-1,1560,2,6,-1,-1,-1