Accident_Index,Vehicle_Reference,Vehicle_Type,Towing_and_Articulation,Vehicle_Manoeuvre,Vehicle_Location-Restricted_Lane,Junction_Location,Skidding_and_Overturning,Hit_Object_in_Carriageway,Vehicle_Leaving_Carriageway,Hit_Object_off_Carriageway,1st_Point_of_Impact,Was_Vehicle_Left_Hand_Drive?,Journey_Purpose_of_Driver,Sex_of_Driver,Age_of_Driver,Age_Band_of_Driver,Engine_Capacity_(CC),Propulsion_Code,Age_of_Vehicle,Driver_IMD_Decile,Driver_Home_Area_Type,Vehicle_IMD_Decile
201501YR99010,1,9,0,18,0,0,1,10,0,0,4,1,6,1,22,5,1796,1,15,-1,1,-1
201501YR99013,1,19,0,9,0,8,0,0,0,0,3,1,1,1,34,6,2151,2,12,-1,1,-1
201501YR99013,2,1,0,18,0,8,0,0,0,0,4,1,6,1,35,6,-1,-1,-1,-1,1,-1
201501YR99014,1,9,0,7,0,6,0,0,0,0,4,1,6,1,42,7,1995,2,9,-1,1,-1
201501YR99014,2,1,0,7,0,6,0,0,0,0,1,1,6,1,48,8,-1,-1,-1,-1,1,-1
201501YR99015,1,2,0,9,0,8,0,0,0,0,2,1,1,1,26,6,125,1,5,-1,1,-1
201501YR99015,2,8,0,5,0,8,0,0,0,0,1,1,1,1,30,6,1686,2,3,-1,1,-1
201501YR99016,1,2,0,18,0,8,0,0,0,0,1,1,1,1,22,5,109,1,2,-1,1,-1
201501YR99016,2,9,0,7,0,8,0,0,0,0,4,1,6,2,32,6,1997,2,9,-1,1,-1
201501YR99018,1,3,0,3,0,2,0,0,0,0,1,1,6,1,32,6,124,1,10,-1,1,-1
201501YR99018,2,19,0,1,0,1,0,0,0,0,2,1,6,1,-1,-1,2477,2,8,-1,1,-1
201501YR99019,1,9,0,3,0,8,0,0,0,0,2,1,6,2,62,9,1240,1,7,-1,1,-1
201501YR99019,2,9,0,18,0,8,0,0,0,0,1,1,6,1,-1,-1,-1,-1,-1,-1,-1,-1
201501YR99021,1,1,4,18,0,1,0,0,0,0,2,1,6,1,41,7,-1,-1,-1,-1,1,-1
201501YR99021,2,9,0,18,0,1,0,0,0,0,1,1,6,1,-1,-1,1368,1,9,-1,-1,-1
201501YR99023,1,9,0,18,0,0,0,0,0,0,3,1,6,1,34,6,1998,1,12,-1,1,-1
201501YR99023,2,9,0,18,0,0,1,0,0,0,3,1,6,1,70,10,1596,1,-1,-1,1,-1
201501YR99024,1,9,0,9,0,8,0,0,0,0,4,1,1,1,34,6,1686,2,4,-1,1,-1
201501YR99024,2,3,0,5,0,8,0,0,0,0,1,1,1,1,27,6,124,1,11,-1,-1,-1
201501YR99026,1,9,0,9,0,2,0,0,7,10,1,1,3,2,40,7,1560,2,9,-1,1,-1
201501YR99026,2,1,0,18,4,2,0,0,1,0,0,1,6,1,33,6,-1,-1,-1,-1,1,-1
201501YR99027,1,9,0,4,0,2,0,0,0,0,2,1,6,1,35,6,1598,2,3,-1,1,-1
201501YR99027,2,9,0,4,0,2,0,0,0,0,2,1,6,1,38,7,1968,2,6,-1,1,-1
201501YR99027,3,9,0,18,0,2,0,0,0,0,1,1,6,1,58,9,1390,1,10,-1,1,-1
201501YR99031,1,9,0,18,0,2,0,0,0,0,1,1,6,1,-1,-1,1560,2,-1,-1,-1,-1
201501YR99036,1,11,0,18,0,2,0,0,0,0,0,1,1,1,56,9,5132,2,-1,-1,-1,-1
201501YR99036,2,19,0,11,0,2,0,0,0,0,0,1,6,3,-1,-1,-1,-1,-1,-1,-1,-1
201501YR99039,1,19,0,18,0,0,0,0,0,0,4,1,6,1,44,7,1686,2,13,-1,1,-1
201501YR99045,1,19,0,18,0,1,0,0,0,0,4,1,2,1,39,7,1560,2,-1,-1,1,-1
201501YR99045,2,1,0,18,0,1,0,0,0,0,1,1,6,1,23,5,-1,-1,-1,-1,1,-1
201501YR99049,1,9,0,18,0,8,0,0,0,0,4,1,6,1,25,5,-1,-1,-1,-1,1,-1
201501YR99049,2,9,0,9,0,8,0,0,0,0,1,1,6,3,-1,-1,-1,-1,-1,-1,-1,-1
201501YR99064,1,19,0,18,0,1,0,0,0,0,1,1,1,1,43,7,2179,2,8,-1,1,-1
201501YR99064,2,5,0,18,0,1,0,0,0,0,1,1,6,1,51,8,647,1,15,-1,1,-1
201501YR99071,1,3,0,14,0,1,0,10,7,2,1,1,1,1,18,4,109,1,2,-1,1,-1
201501YR99072,1,8,0,2,0,2,0,0,0,0,3,1,6,1,48,8,2143,12,-1,-1,1,-1
201501YR99072,2,3,0,18,0,2,0,0,0,0,1,1,2,2,38,7,125,1,5,-1,1,-1
201501YR99074,1,9,0,3,0,1,0,0,0,0,2,1,6,2,-1,-1,-1,-1,-1,-1,1,-1
201501YR99074,2,9,0,5,0,1,0,0,0,0,1,1,6,1,-1,-1,1797,8,4,-1,-1,-1
201501YR99075,1,4,0,18,0,2,0,0,0,0,1,1,1,1,24,5,125,1,2,-1,1,-1
201501YR99076,1,9,0,4,0,8,0,0,0,0,1,1,1,2,38,7,1395,1,-1,-1,-1,-1
201501YR99076,2,9,0,4,0,8,0,0,7,2,4,1,1,1,19,4,-1,-1,-1,-1,1,-1
201501YR99077,1,8,0,18,0,0,0,0,0,0,3,1,6,1,52,8,1956,2,1,-1,1,-1
201501YR99077,2,9,0,18,0,0,0,0,0,0,3,1,6,1,29,6,2987,2,5,-1,1,-1
201501YR99079,1,9,0,18,0,2,0,0,0,0,1,1,2,1,53,8,1997,2,12,-1,1,-1
201501YR99081,1,9,0,9,0,1,0,0,0,0,3,1,6,1,25,5,2000,2,10,-1,1,-1
201501YR99081,2,9,0,18,0,1,0,0,0,0,1,1,6,2,43,7,1598,1,14,-1,1,-1
201501YR99084,1,9,0,18,0,1,0,0,0,0,3,1,6,1,38,7,1600,1,11,-1,1,-1
201501YR99085,1,9,0,9,0,1,0,0,0,0,4,1,6,2,19,4,1229,1,7,-1,1,-1
201501YR99085,2,3,0,18,0,1,0,0,0,0,1,1,1,1,27,6,125,1,3,-1,1,-1
201501YR99088,1,9,0,18,0,1,0,0,0,0,1,1,6,1,70,10,1794,1,11,-1,1,-1
201501YR99096,1,9,0,18,0,8,0,10,7,10,1,1,6,1,49,8,-1,-1,-1,-1,1,-1
201501YR99096,2,19,0,18,0,8,0,4,0,0,3,1,6,1,30,6,-1,-1,-1,-1,1,-1
201501YR99097,1,9,0,18,0,2,0,8,0,0,1,1,6,2,52,8,1061,1,9,-1,1,-1
201501YR99097,2,19,0,2,0,1,0,0,0,0,4,1,1,1,42,7,-1,-1,-1,-1,1,-1
201501YR99105,1,9,0,18,0,0,0,0,0,0,1,1,6,2,33,6,-1,-1,-1,-1,1,-1
201501YR99105,2,9,0,18,0,0,0,0,0,0,1,1,6,3,-1,-1,2597,1,13,-1,-1,-1
201501YR99106,1,1,0,18,0,8,0,0,0,0,4,1,6,1,29,6,-1,-1,-1,-1,1,-1
201501YR99106,2,9,0,18,0,6,0,0,0,0,1,1,6,1,58,9,2268,2,1,-1,1,-1
201501YR99109,1,9,0,9,0,1,0,0,0,0,3,1,6,1,33,6,1398,1,4,-1,1,-1
201501YR99109,2,9,0,18,0,1,0,0,0,0,1,1,6,3,-1,-1,-1,-1,-1,-1,-1,-1
201501YR99119,1,11,0,5,0,0,0,0,0,0,0,1,1,1,61,9,6700,2,7,-1,1,-1
201501YR99121,1,9,0,9,0,1,0,4,0,0,3,1,6,1,22,5,2000,1,6,-1,1,-1
201501YR99121,2,9,0,13,0,1,0,0,0,0,1,1,6,3,-1,-1,1968,2,4,-1,-1,-1
201501YR99121,3,9,0,2,0,1,0,0,0,0,3,1,6,1,45,7,-1,-1,-1,-1,-1,-1
201501YR99122,1,9,0,7,0,1,0,0,0,0,4,1,6,1,35,6,1390,1,5,-1,1,-1
201501YR99124,1,9,0,5,0,8,0,0,0,0,1,1,6,1,58,9,1398,1,14,-1,1,-1
201501YR99124,2,3,0,18,0,8,0,0,0,0,4,1,6,2,41,7,499,1,11,-1,1,-1
201501YR99125,1,9,0,18,0,8,0,0,0,0,1,1,6,1,25,5,3189,1,7,-1,1,-1
201501YR99125,2,9,0,18,0,8,0,0,0,0,4,1,6,1,54,8,1686,2,1,-1,1,-1
201501YR99127,1,9,0,9,0,8,0,0,0,0,4,1,6,1,24,5,1598,1,6,-1,1,-1
201501YR99127,2,1,0,15,0,8,0,0,0,0,1,1,6,1,47,8,-1,-1,-1,-1,1,-1
201501YR99128,1,9,0,18,0,8,0,0,0,0,3,1,6,1,53,8,1968,2,8,-1,1,-1
201501YR99128,2,9,0,9,0,8,0,0,0,0,4,1,6,2,31,6,1497,8,8,-1,1,-1
201501YR99132,1,9,0,18,0,8,0,0,0,0,4,1,6,1,22,5,-1,-1,-1,-1,-1,-1
201501YR99132,2,9,0,18,0,8,0,0,0,0,1,1,6,2,71,10,-1,-1,-1,-1,1,-1
201501YR99133,1,19,0,1,0,1,0,0,0,0,2,1,6,1,34,6,-1,-1,-1,-1,1,-1
201501YR99136,1,3,0,9,0,1,0,0,0,0,2,1,6,1,28,6,124,1,4,-1,1,-1
201501YR99136,2,9,0,9,0,1,0,0,0,0,1,1,6,1,42,7,1968,2,7,-1,1,-1
201501YR99137,1,3,0,18,0,8,0,0,0,0,3,1,6,1,17,4,124,1,11,-1,1,-1
201501YR99137,2,9,0,18,0,8,1,0,0,0,1,1,6,1,53,8,1461,2,-1,-1,1,-1
201501YR99138,1,9,0,18,0,0,0,0,0,0,3,1,6,1,26,6,1798,1,8,-1,1,-1
201501YR99138,2,9,0,18,0,0,0,0,0,0,3,1,6,1,55,8,2191,2,3,-1,1,-1
201501YR99139,1,9,0,1,0,1,0,0,0,0,2,1,6,1,38,7,1388,1,11,-1,1,-1
201501YR99160,1,9,0,9,0,6,0,0,0,0,0,1,6,1,60,9,1753,2,6,-1,1,-1
201501YR99160,2,11,0,4,0,1,0,0,0,0,0,1,1,1,44,7,4760,2,3,-1,-1,-1
201501YR99189,1,9,0,18,0,0,0,0,0,0,1,1,6,1,44,7,1461,2,10,-1,-1,-1
201501YR99203,1,9,0,18,0,0,0,4,0,0,4,1,6,1,52,8,2979,1,14,-1,-1,-1
201501YR99203,2,9,0,2,0,0,0,0,0,0,4,1,6,1,40,7,1896,2,6,-1,-1,-1
201501YR99206,1,21,0,18,0,1,0,0,0,0,1,1,1,1,50,8,7790,2,9,-1,1,-1
201501YR99207,1,9,0,7,0,1,0,0,0,0,1,1,6,3,-1,-1,1124,1,15,-1,-1,-1
201501YR99207,2,9,0,18,0,1,0,0,0,0,0,1,1,1,41,7,-1,-1,-1,-1,-1,-1
201501YR99208,1,9,0,10,0,1,0,0,0,0,2,1,6,1,-1,-1,5439,1,10,-1,-1,-1
201501YR99208,2,9,0,4,0,1,0,0,0,0,1,1,6,1,-1,-1,2793,1,16,-1,-1,-1
201501YR99216,1,11,0,18,2,1,0,0,0,0,1,1,1,1,31,6,6692,2,4,-1,1,-1
201501YR99287,1,9,0,9,0,8,0,0,0,0,1,1,6,1,62,9,1598,1,9,-1,1,-1
201501ZD30008,1,5,0,18,0,1,0,0,0,0,1,1,6,1,43,7,599,1,8,-1,1,-1
201501ZD30011,1,9,0,3,0,8,0,0,0,0,2,1,6,1,27,6,1400,1,17,-1,1,-1
201501ZD30011,2,11,0,4,0,8,0,0,0,0,1,1,1,3,-1,-1,6871,2,6,-1,-1,-1
201501ZD30012,1,9,0,18,0,2,0,10,0,0,2,1,6,2,57,9,1598,1,7,-1,1,-1
201501ZD30012,2,9,0,18,0,2,0,0,0,0,1,1,6,3,-1,-1,-1,-1,-1,-1,-1,-1
201501ZD30013,1,9,0,18,0,1,0,0,0,0,2,1,6,1,32,6,1364,1,7,-1,1,-1
201501ZD30013,2,9,0,18,0,1,0,0,0,0,1,1,6,1,-1,-1,1598,1,14,-1,1,-1
201501ZD30014,1,9,0,16,0,2,0,0,0,0,1,1,6,2,35,6,-1,-1,-1,-1,-1,-1
201501ZD30014,2,9,0,16,0,2,0,0,0,0,2,1,6,2,46,8,1400,1,8,-1,1,-1
201501ZD30015,1,9,0,18,0,2,0,0,0,0,1,1,6,1,53,8,1956,2,2,-1,-1,-1
201501ZD30015,2,9,0,18,0,2,0,0,0,0,2,1,6,2,70,10,-1,-1,-1,-1,-1,-1
201501ZD30016,1,11,0,18,0,1,0,0,0,0,0,1,1,1,40,7,6692,2,6,-1,1,-1
201501ZD30019,1,9,0,18,0,1,0,0,0,0,1,1,6,3,-1,-1,-1,-1,-1,-1,-1,-1
201501ZD30020,1,9,0,2,0,1,0,0,0,0,3,1,6,1,-1,-1,1598,1,9,-1,1,-1
201501ZD30020,2,1,0,14,0,1,0,8,0,0,1,1,6,1,55,8,-1,-1,-1,-1,1,-1
201501ZD30021,1,3,0,18,0,1,0,0,0,0,1,1,6,3,-1,-1,-1,-1,-1,-1,-1,-1
201501ZD30022,1,9,0,9,0,8,0,0,0,0,4,1,6,1,52,8,1998,1,12,-1,1,-1
201501ZD30022,2,5,0,18,0,8,0,0,0,0,1,1,6,1,24,5,675,1,3,-1,1,-1
201501ZD30023,1,9,0,18,0,1,0,0,0,0,1,1,6,1,45,7,1596,1,1,-1,1,-1
201501ZD30024,1,9,0,18,0,1,0,0,0,0,1,1,6,1,32,6,1598,1,15,-1,1,-1
201501ZD30025,1,9,0,18,0,8,0,0,0,0,1,1,6,2,56,9,1997,1,11,-1,1,-1
201501ZD30025,2,9,0,7,0,8,0,0,0,0,3,1,6,1,42,7,-1,-1,-1,-1,1,-1
201501ZD30026,1,9,0,13,0,2,0,0,0,0,1,1,6,1,47,8,1396,1,14,-1,1,-1
201501ZD30026,2,1,0,18,0,2,0,0,0,0,2,1,6,1,56,9,-1,-1,-1,-1,1,-1
201501ZD30028,1,9,0,2,0,1,0,0,0,0,2,1,6,1,19,4,1399,2,11,-1,1,-1
201501ZD30028,2,9,0,18,0,1,0,4,0,0,1,1,6,1,33,6,1956,2,4,-1,1,-1
201501ZD30029,1,9,0,18,0,1,0,0,0,0,1,1,6,1,60,9,1598,1,11,-1,1,-1
201501ZD30030,1,3,0,18,0,1,0,0,0,0,1,1,6,3,-1,-1,-1,-1,-1,-1,-1,-1
201501ZD30034,1,9,0,18,0,1,0,0,0,0,1,1,1,1,44,7,1968,2,-1,-1,1,-1
201501ZD30035,1,9,0,18,0,1,0,0,0,0,1,1,6,2,29,6,1124,1,13,-1,1,-1
201501ZD30038,1,1,0,13,0,1,0,0,0,0,1,1,6,1,37,7,-1,-1,-1,-1,1,-1
201501ZD30038,2,9,0,5,0,1,0,0,0,0,3,1,6,2,-1,-1,1598,2,2,-1,-1,-1
201501ZD30039,1,9,0,18,0,0,0,0,0,0,1,1,6,2,45,7,1996,1,13,-1,-1,-1
201501ZD30041,1,9,0,18,0,8,0,0,0,0,1,1,6,1,20,4,1198,1,13,-1,1,-1
201501ZD30041,2,9,0,7,0,8,0,0,0,0,3,1,6,3,-1,-1,-1,-1,-1,-1,-1,-1
201501ZD30042,1,11,0,16,0,1,0,0,0,0,0,1,1,1,46,8,6692,2,5,-1,1,-1
201501ZD30043,1,19,0,18,0,1,0,0,0,0,1,1,1,1,47,8,1753,2,8,-1,1,-1
201501ZD30047,1,9,0,9,0,8,0,0,0,0,3,1,1,1,45,7,-1,-1,-1,-1,1,-1
201501ZD30047,2,5,0,18,0,8,0,0,0,0,1,1,6,1,28,6,645,1,11,-1,1,-1
201501ZD30048,1,9,0,18,0,1,0,0,0,0,1,1,6,2,36,7,2198,1,9,-1,1,-1
201501ZD30050,1,19,0,7,0,8,0,0,0,0,4,1,1,1,36,7,2148,2,7,-1,1,-1
201501ZD30050,2,1,0,18,0,8,0,0,0,0,1,1,6,1,40,7,-1,-1,-1,-1,1,-1
201501ZD30051,1,9,0,18,0,1,0,0,0,0,1,1,6,1,53,8,1560,2,4,-1,-1,-1
201501ZD30052,1,9,0,13,0,1,0,0,0,0,4,1,6,1,58,9,1984,1,1,-1,1,-1
201501ZD30052,2,1,0,18,0,1,0,0,0,0,3,1,6,1,45,7,-1,-1,-1,-1,1,-1
201501ZD30053,1,9,0,18,0,2,0,0,0,0,1,1,6,1,-1,-1,1796,1,10,-1,1,-1
201501ZD30054,1,90,0,9,0,8,0,0,0,0,4,1,1,1,34,6,-1,-1,-1,-1,1,-1
201501ZD30054,2,9,0,18,0,8,0,0,0,0,1,1,6,1,21,5,1390,1,12,-1,-1,-1
201501ZD30056,1,3,0,15,0,8,0,0,0,0,1,1,6,1,46,8,745,1,1,-1,-1,-1
201501ZD30056,2,9,0,7,0,8,0,0,0,0,4,1,6,1,-1,-1,1973,1,15,-1,-1,-1
201501ZD30058,1,9,0,9,0,8,0,0,0,0,4,1,6,1,46,8,-1,-1,-1,-1,1,-1
201501ZD30058,2,1,0,18,0,8,0,0,0,0,1,1,6,1,20,4,-1,-1,-1,-1,1,-1
201501ZD30059,1,9,0,18,0,2,0,0,0,0,1,1,6,2,43,7,1587,1,9,-1,1,-1
201501ZD30060,1,9,0,14,0,2,0,0,0,0,1,1,6,1,28,6,1596,1,2,-1,1,-1
201501ZD30060,2,9,0,14,0,1,0,0,0,0,1,1,6,1,22,5,1600,1,15,-1,1,-1
201501ZD30061,1,5,0,4,0,1,0,0,0,0,1,1,1,1,64,9,670,1,3,-1,1,-1
201501ZD30061,2,19,0,4,0,1,0,0,0,0,2,1,6,1,-1,-1,2198,2,2,-1,-1,-1
201501ZD30065,1,9,0,18,0,1,0,7,0,0,4,1,6,1,80,11,1598,1,12,-1,1,-1
201501ZD30067,1,9,0,18,0,1,0,10,1,2,1,1,1,1,54,8,-1,-1,-1,-1,-1,-1
201501ZD30068,1,9,0,4,0,1,0,0,0,0,2,1,6,2,27,6,-1,-1,-1,-1,1,-1
201501ZD30068,2,9,0,4,0,1,0,0,0,0,1,1,6,2,19,4,-1,-1,-1,-1,1,-1
201501ZD30069,1,9,0,7,0,8,0,10,0,0,1,1,1,2,-1,-1,-1,-1,-1,-1,-1,-1
201501ZD30074,1,9,0,4,0,1,0,0,0,0,1,1,6,2,-1,-1,1796,1,9,-1,1,-1
201501ZD30074,2,9,0,4,0,1,0,0,0,0,2,1,6,1,31,6,2000,1,8,-1,1,-1
201501ZD30079,1,9,0,18,0,8,0,0,0,0,1,1,6,1,21,5,1598,1,7,-1,1,-1
201501ZD30079,2,9,0,9,0,8,0,0,0,0,3,1,6,2,22,5,1598,1,10,-1,1,-1
201501ZD30083,1,9,0,3,0,8,0,0,0,0,2,1,6,2,37,7,1968,2,3,-1,1,-1
201501ZD30083,2,9,0,14,0,8,0,0,0,0,1,1,6,1,23,5,1598,2,1,-1,1,-1
201501ZD30084,1,9,0,9,0,8,0,0,0,0,4,1,6,1,41,7,2792,1,13,-1,-1,-1
201501ZD30084,2,9,0,18,0,8,0,0,0,0,1,1,6,1,20,4,1248,2,6,-1,1,-1
201501ZD30086,1,9,0,18,0,8,0,0,0,0,1,1,6,2,36,7,2035,1,7,-1,1,-1
201501ZD30086,2,9,0,9,0,8,0,0,0,0,3,1,6,1,53,8,-1,-1,-1,-1,1,-1
201501ZD30087,1,19,0,18,0,8,0,0,0,0,1,1,1,1,22,5,-1,-1,-1,-1,1,-1
201501ZD30087,2,9,0,9,0,8,0,0,0,0,4,1,6,1,54,8,2987,2,6,-1,1,-1
201501ZD30089,1,1,0,18,0,2,0,0,0,0,2,1,6,1,24,5,-1,-1,-1,-1,-1,-1
201501ZD30089,2,9,0,13,0,2,0,0,0,0,1,1,6,3,-1,-1,2457,1,1,-1,-1,-1
201501ZD30091,1,11,0,18,0,2,0,0,0,0,1,1,1,1,24,5,9200,2,12,-1,1,-1
201501ZD30091,2,9,0,18,0,1,0,0,0,0,1,1,6,1,51,8,2143,2,1,-1,1,-1
201501ZD30092,1,9,0,5,0,1,0,0,0,0,1,1,1,1,61,9,1896,2,7,-1,1,-1
201501ZD30092,2,1,0,18,0,1,0,0,0,0,2,1,6,1,53,8,-1,-1,-1,-1,-1,-1
201501ZD30093,1,9,0,18,0,8,0,0,0,0,1,1,6,1,26,6,1598,1,17,-1,1,-1
201501ZD30093,2,9,0,9,0,8,0,0,0,0,4,1,6,2,-1,-1,1591,1,1,-1,1,-1
201501ZD30094,1,1,0,3,0,1,0,0,0,0,3,1,6,1,54,8,-1,-1,-1,-1,1,-1
201501ZD30094,2,9,0,14,0,1,0,0,0,0,4,1,6,2,-1,-1,1598,1,1,-1,-1,-1
201501ZD30097,1,11,0,18,0,1,0,0,0,0,1,1,6,3,-1,-1,3900,2,12,-1,-1,-1
201501ZD30099,1,9,0,18,0,8,0,0,0,0,1,1,6,2,50,8,1988,1,12,-1,1,-1
201501ZD30099,2,9,0,6,0,8,0,0,0,0,3,1,6,3,-1,-1,1796,1,6,-1,-1,-1
201501ZD30100,1,9,0,3,0,1,0,0,0,0,2,1,6,1,50,8,1796,1,15,-1,1,-1
201501ZD30100,2,9,0,4,0,1,0,0,0,0,1,1,6,1,-1,-1,3301,1,18,-1,-1,-1
201501ZD30101,1,9,0,18,0,1,0,0,0,0,1,1,6,2,22,5,-1,-1,-1,-1,1,-1
201501ZD30101,2,9,0,18,0,2,0,0,0,0,1,1,6,1,-1,-1,1388,1,8,-1,-1,-1
201501ZD30103,1,1,0,15,0,1,0,0,0,0,1,1,6,1,21,5,-1,-1,-1,-1,-1,-1
201501ZD30103,2,9,0,3,0,1,0,0,0,0,4,1,6,2,-1,-1,1398,2,10,-1,-1,-1
201501ZD30106,1,11,0,7,0,8,0,0,0,0,4,1,1,1,53,8,9200,2,11,-1,1,-1
201501ZD30107,1,21,0,18,0,1,0,0,0,0,3,1,1,1,29,6,-1,-1,-1,-1,1,-1
201501ZD30107,2,9,0,11,0,1,0,0,0,0,4,1,6,2,-1,-1,1598,1,11,-1,1,-1
201501ZD30108,1,5,0,18,0,8,0,0,0,0,1,1,1,1,40,7,-1,-1,-1,-1,1,-1
201501ZD30108,2,9,0,7,0,8,0,0,0,0,3,1,6,1,-1,-1,1598,2,-1,-1,-1,-1
201501ZD30109,1,9,0,18,0,1,0,0,0,0,1,1,6,1,27,6,1197,1,4,-1,3,-1
201501ZD30111,1,9,0,9,0,8,0,0,0,0,3,1,6,1,34,6,1560,2,8,-1,1,-1
201501ZD30111,2,9,0,18,0,8,0,0,0,0,1,1,6,2,-1,-1,-1,-1,-1,-1,1,-1
201501ZD30112,1,11,0,4,0,2,0,0,0,0,4,1,6,3,-1,-1,-1,-1,-1,-1,-1,-1
201501ZD30113,1,5,0,18,0,8,0,0,0,0,4,1,6,1,34,6,649,1,9,-1,1,-1
201501ZD30113,2,9,0,18,0,8,0,0,0,0,1,1,6,3,-1,-1,-1,-1,-1,-1,-1,-1
201501ZD30114,1,9,0,18,0,1,0,0,0,0,1,1,6,1,58,9,-1,-1,-1,-1,1,-1
201501ZD30114,2,9,0,3,0,1,0,0,0,0,2,1,6,1,55,8,2171,1,14,-1,1,-1
201501ZD30116,1,9,0,3,0,1,0,0,0,0,2,1,6,1,52,8,1364,2,3,-1,1,-1
201501ZD30116,2,19,0,4,0,1,0,0,0,0,1,1,6,1,-1,-1,2146,2,13,-1,1,-1
201501ZD30117,1,9,0,18,0,8,0,0,0,0,4,1,6,1,61,9,1388,1,13,-1,1,-1
201501ZD30117,2,9,0,18,0,8,0,0,0,0,1,1,6,2,19,4,1598,1,9,-1,1,-1
201501ZD30118,1,9,0,18,0,1,0,0,0,0,3,1,6,2,38,7,-1,-1,-1,-1,1,-1
201501ZD30118,2,20,0,13,0,1,0,0,0,0,4,1,6,3,-1,-1,-1,-1,-1,-1,-1,-1
201501ZD30120,1,9,0,5,0,1,0,0,0,0,2,1,6,1,67,10,2000,1,11,-1,1,-1
201501ZD30120,2,4,0,5,0,1,0,0,0,0,1,1,1,1,-1,-1,108,1,5,-1,1,-1
201501ZD30122,1,3,0,4,0,1,0,0,0,0,0,1,6,1,21,5,124,1,3,-1,1,-1
201501ZD30124,1,9,0,18,0,1,0,0,0,0,1,1,1,1,46,8,-1,-1,-1,-1,-1,-1
201501ZD30125,1,9,0,18,0,8,0,0,0,0,1,1,6,2,22,5,1368,1,8,-1,1,-1
201501ZD30125,2,9,0,18,0,8,0,0,0,0,3,1,6,1,51,8,2387,2,8,-1,1,-1
201501ZD30126,1,9,0,18,0,2,0,0,0,0,1,1,6,2,57,9,1591,1,1,-1,1,-1
201501ZD30126,2,9,0,18,0,1,0,0,0,0,1,1,6,2,74,10,1341,1,10,-1,1,-1
201501ZD30127,1,9,0,3,0,1,0,0,0,0,2,1,6,1,25,5,1390,1,12,-1,1,-1
201501ZD30127,2,9,0,14,0,1,0,0,0,0,1,1,6,3,-1,-1,1999,1,14,-1,-1,-1
201501ZD30129,1,9,0,3,0,1,0,0,0,0,2,1,6,1,58,9,2300,1,15,-1,1,-1
201501ZD30129,2,9,0,4,0,1,0,0,0,0,1,1,6,3,-1,-1,-1,-1,-1,-1,-1,-1
201501ZD30130,1,19,0,18,0,8,0,0,0,0,1,1,1,1,27,6,2402,2,9,-1,1,-1
201501ZD30130,2,9,0,7,0,8,0,0,0,0,3,1,6,2,28,6,1198,1,12,-1,-1,-1
201501ZD30131,1,9,0,7,0,8,0,0,0,0,3,1,6,1,62,9,1597,1,19,-1,1,-1
201501ZD30131,2,1,0,18,0,8,0,0,0,0,1,1,6,1,50,8,-1,-1,-1,-1,1,-1
201501ZD30132,1,19,0,18,0,1,0,0,0,0,1,1,6,1,27,6,2143,2,2,-1,1,-1
201501ZD30133,1,9,0,18,0,1,0,0,0,0,1,1,1,1,49,8,1796,1,22,-1,1,-1
201501ZD30135,1,11,0,18,0,1,0,0,0,0,1,1,1,3,-1,-1,8268,2,12,-1,-1,-1
201501ZD30136,1,9,0,1,0,0,0,0,0,0,2,1,6,1,54,8,1560,2,-1,-1,1,-1
201501ZD30137,1,9,0,18,0,8,0,0,0,0,1,1,6,1,25,5,2616,1,7,-1,1,-1
201501ZD30137,2,9,0,9,0,8,0,10,7,10,3,1,6,1,31,6,2000,1,9,-1,1,-1
201501ZD30138,1,5,0,18,0,2,0,0,0,0,2,1,6,1,21,5,599,1,16,-1,1,-1
201501ZD30138,2,9,0,18,0,2,0,0,0,0,1,1,6,1,64,9,1560,2,2,-1,1,-1
201501ZD30139,1,9,0,18,0,0,5,0,0,0,0,1,6,1,23,5,1998,1,11,-1,1,-1
201501ZD30140,1,4,0,4,0,1,0,0,0,0,0,1,6,1,44,7,249,1,20,-1,1,-1
201501ZD30140,2,9,0,18,0,8,0,0,0,0,0,1,6,3,-1,-1,-1,-1,-1,-1,-1,-1
201501ZD30141,1,5,0,18,0,8,0,0,0,0,1,1,2,1,58,9,1170,1,7,-1,1,-1
201501ZD30141,2,19,0,7,0,8,0,0,0,0,3,1,1,1,41,7,1753,2,11,-1,-1,-1
201501ZD30143,1,9,0,18,0,1,0,0,0,0,1,1,6,2,-1,-1,1598,1,19,-1,1,-1
201501ZD30146,1,9,0,9,0,8,0,0,0,0,4,1,6,1,50,8,-1,-1,-1,-1,1,-1
201501ZD30146,2,3,0,18,0,8,0,0,0,0,1,1,6,1,-1,-1,124,1,8,-1,1,-1
201501ZD30147,1,9,0,18,0,2,0,0,0,0,1,1,6,1,46,8,1596,1,12,-1,1,-1
201501ZD30148,1,9,0,18,0,1,5,10,0,0,1,1,6,1,34,6,-1,-1,-1,-1,1,-1
201501ZD30149,1,9,0,18,0,1,0,0,0,0,1,1,6,3,-1,-1,-1,-1,-1,-1,-1,-1
201501ZD30150,1,9,0,18,0,1,0,0,0,0,1,1,6,3,-1,-1,1781,1,12,-1,-1,-1
201501ZD30151,1,4,0,18,0,1,0,0,0,0,1,1,6,1,44,7,689,1,1,-1,1,-1
201501ZD30153,1,9,0,18,0,1,0,0,0,0,1,1,6,3,-1,-1,-1,-1,-1,-1,-1,-1
201501ZD30153,2,9,0,3,0,1,0,0,0,0,3,1,6,1,23,5,1796,1,9,-1,1,-1
201501ZD30154,1,90,0,2,0,0,0,0,0,0,2,1,1,1,-1,-1,-1,-1,-1,-1,-1,-1
201501ZD30154,2,9,0,5,0,0,0,4,0,0,1,1,6,3,-1,-1,1598,1,1,-1,-1,-1
201501ZD30155,1,2,0,18,0,1,0,0,0,0,1,1,6,3,-1,-1,-1,-1,-1,-1,-1,-1
201501ZD30156,1,9,0,14,0,8,0,8,0,0,1,1,6,1,53,8,2401,2,8,-1,1,-1
201501ZD30156,2,9,0,2,0,8,0,0,0,0,3,1,6,2,-1,-1,-1,-1,-1,-1,-1,-1