Accident_Index,Vehicle_Reference,Vehicle_Type,Towing_and_Articulation,Vehicle_Manoeuvre,Vehicle_Location-Restricted_Lane,Junction_Location,Skidding_and_Overturning,Hit_Object_in_Carriageway,Vehicle_Leaving_Carriageway,Hit_Object_off_Carriageway,1st_Point_of_Impact,Was_Vehicle_Left_Hand_Drive?,Journey_Purpose_of_Driver,Sex_of_Driver,Age_of_Driver,Age_Band_of_Driver,Engine_Capacity_(CC),Propulsion_Code,Age_of_Vehicle,Driver_IMD_Decile,Driver_Home_Area_Type,Vehicle_IMD_Decile
201501ZD30157,1,9,0,18,0,8,0,0,0,0,1,1,6,1,-1,-1,-1,-1,-1,-1,1,-1
201501ZD30157,2,9,0,9,0,8,0,0,0,0,4,1,6,3,-1,-1,-1,-1,-1,-1,-1,-1
201501ZD30158,1,9,0,7,0,0,0,0,0,0,3,1,1,2,45,7,1995,1,7,-1,1,-1
201501ZD30158,2,9,0,18,0,0,0,0,0,0,1,1,6,1,29,6,1995,1,7,-1,1,-1
201501ZD30160,1,3,0,18,0,1,0,0,0,0,1,1,6,1,21,5,125,1,1,-1,1,-1
201501ZD30161,1,9,0,18,0,1,0,4,0,0,1,1,6,1,20,4,1390,1,9,-1,1,-1
201501ZD30161,2,9,0,2,0,2,0,0,0,0,3,1,6,3,-1,-1,-1,-1,-1,-1,-1,-1
201501ZD30162,1,9,0,18,0,8,0,0,0,0,4,1,6,1,47,8,1296,1,8,-1,1,-1
201501ZD30162,2,9,0,18,0,8,0,0,0,0,1,1,6,1,22,5,1242,1,2,-1,1,-1
201501ZD30163,1,9,0,7,0,8,0,0,0,0,3,1,6,1,-1,-1,1995,1,10,-1,1,-1
201501ZD30163,2,3,0,18,0,8,0,0,0,0,1,1,6,1,59,9,124,1,11,-1,1,-1
201501ZD30164,1,9,0,18,0,8,0,0,0,0,1,1,6,2,50,8,1596,1,8,-1,1,-1
201501ZD30164,2,9,0,7,0,8,0,0,0,0,3,1,6,2,30,6,1796,1,6,-1,1,-1
201501ZD30166,1,9,0,18,0,1,0,0,0,0,1,1,6,1,36,7,1497,8,2,-1,1,-1
201501ZD30167,1,9,0,3,0,1,0,0,0,0,2,1,6,1,23,5,1149,1,10,-1,1,-1
201501ZD30167,2,9,0,4,0,1,0,0,0,0,1,1,6,1,-1,-1,1198,1,2,-1,1,-1
201501ZD30169,1,9,0,18,0,1,0,0,0,0,1,1,6,1,37,7,1598,1,11,-1,1,-1
201501ZD30170,1,8,0,4,0,1,0,0,0,0,1,1,1,1,-1,-1,1896,2,7,-1,-1,-1
201501ZD30171,1,9,0,18,0,1,0,0,0,0,1,1,1,1,51,8,1596,1,10,-1,1,-1
201501ZD30172,1,9,0,3,0,1,0,0,0,0,2,1,1,1,47,8,1968,2,6,-1,1,-1
201501ZD30172,2,9,0,4,0,1,0,0,0,0,1,1,6,1,-1,-1,-1,-1,-1,-1,-1,-1
201501ZD30173,1,9,0,18,0,2,0,0,0,0,1,1,6,2,52,8,1598,1,4,-1,1,-1
201501ZD30173,2,9,0,18,0,1,0,0,0,0,1,1,6,2,50,8,-1,-1,-1,-1,1,-1
201501ZD30175,1,11,0,18,0,1,0,0,0,0,3,1,1,2,43,7,-1,2,12,-1,1,-1
201501ZD30175,2,9,0,11,0,1,0,0,0,0,4,1,6,1,-1,-1,1560,2,8,-1,3,-1
201501ZD30176,1,9,0,9,0,8,0,0,0,0,3,1,6,2,17,4,999,1,-1,-1,1,-1
201501ZD30176,2,9,0,18,0,8,0,0,0,0,1,1,6,2,27,6,-1,-1,-1,-1,1,-1
201501ZD30180,1,9,0,18,0,1,0,4,0,0,1,1,6,1,32,6,-1,-1,-1,-1,1,-1
201501ZD30180,2,9,0,2,0,1,0,0,0,0,2,1,6,3,-1,-1,-1,-1,-1,-1,-1,-1
201501ZD30182,1,9,0,2,0,2,0,0,0,0,1,1,6,2,-1,-1,1796,1,3,-1,-1,-1
201501ZD30182,2,9,0,14,0,1,0,4,0,0,1,1,6,1,32,6,899,1,1,-1,1,-1
201501ZD30183,1,3,0,18,0,1,0,0,0,0,1,1,1,1,30,6,124,1,3,-1,1,-1
201501ZD30184,1,9,0,7,0,8,0,0,0,0,3,1,6,2,50,8,1200,1,1,-1,-1,-1
201501ZD30184,2,3,0,18,0,8,0,0,0,0,1,1,6,1,21,5,109,1,2,-1,1,-1
201501ZD30185,1,9,0,18,0,1,0,0,0,0,1,1,6,3,-1,-1,-1,-1,-1,-1,-1,-1
201501ZD30186,1,9,0,18,0,1,0,0,0,0,1,1,6,1,31,6,1360,1,16,-1,1,-1
201501ZD30187,1,11,0,13,0,1,0,0,0,0,1,1,1,1,44,7,-1,-1,-1,-1,1,-1
201501ZD30187,2,1,0,18,0,1,0,0,0,0,2,1,6,1,15,3,-1,-1,-1,-1,1,-1
201501ZD30189,1,9,0,18,0,2,0,0,0,0,1,1,6,1,-1,-1,1339,1,10,-1,1,-1
201501ZD30190,1,1,0,18,0,2,0,0,0,0,1,1,6,1,14,3,-1,-1,-1,-1,1,-1
201501ZD30190,2,9,0,18,0,1,0,0,0,0,1,1,6,2,-1,-1,1388,1,11,-1,-1,-1
201501ZD30191,1,9,0,18,0,2,0,0,0,0,1,1,6,1,26,6,-1,-1,-1,-1,-1,-1
201501ZD30191,2,19,0,6,0,1,0,0,0,0,3,1,6,1,-1,-1,1753,2,12,-1,1,-1
201501ZD30192,1,9,0,7,0,8,0,0,0,0,3,1,6,1,61,9,1598,2,5,-1,1,-1
201501ZD30192,2,5,0,18,0,8,0,0,0,0,1,1,6,1,31,6,996,1,11,-1,1,-1
201501ZD30193,1,9,0,7,0,8,0,0,0,0,3,1,6,1,36,7,2499,1,4,-1,1,-1
201501ZD30193,2,3,0,18,0,8,0,0,0,0,1,1,6,1,29,6,125,1,11,-1,1,-1
201501ZD30194,1,9,0,9,0,8,0,0,0,0,4,1,6,2,37,7,1998,1,11,-1,1,-1
201501ZD30194,2,1,0,18,0,8,0,0,0,0,1,1,6,1,42,7,-1,-1,-1,-1,1,-1
201501ZD30196,1,9,0,18,0,2,0,0,0,0,1,1,6,2,31,6,1796,1,8,-1,1,-1
201501ZD30197,1,8,0,18,0,1,0,0,0,0,1,1,1,1,24,5,1798,8,-1,-1,1,-1
201501ZD30199,1,9,0,7,0,8,0,0,0,0,3,1,6,1,52,8,1998,1,8,-1,1,-1
201501ZD30199,2,9,0,18,0,8,0,0,0,0,1,1,6,1,17,4,-1,-1,-1,-1,1,-1
201501ZD30200,1,9,0,18,0,1,0,0,0,0,1,1,6,2,70,10,1364,1,7,-1,1,-1
201501ZD30201,1,9,0,18,0,1,0,0,0,0,3,1,6,1,64,9,1600,1,10,-1,1,-1
201501ZD30201,2,9,0,11,0,1,0,0,0,0,4,1,6,2,24,5,1798,1,2,-1,1,-1
201501ZD30202,1,9,0,14,0,1,0,0,0,0,1,1,6,3,-1,-1,-1,-1,-1,-1,-1,-1
201501ZD30202,2,90,0,2,0,1,0,0,0,0,0,1,1,3,-1,-1,-1,-1,-1,-1,-1,-1
201501ZD30203,1,19,0,9,0,8,0,0,0,0,4,1,1,1,55,8,1461,2,3,-1,1,-1
201501ZD30203,2,1,0,1,0,8,0,0,0,0,1,1,6,1,59,9,-1,-1,-1,-1,1,-1
201501ZD30204,1,9,0,9,0,8,0,0,0,0,3,1,6,1,68,10,1796,1,10,-1,1,-1
201501ZD30204,2,9,0,18,0,8,0,0,0,0,1,1,6,2,25,5,1229,1,4,-1,1,-1
201501ZD30205,1,3,0,18,0,1,0,0,0,0,1,1,6,1,23,5,-1,-1,-1,-1,-1,-1
201501ZD30205,2,9,0,18,0,1,0,0,0,0,2,1,6,1,24,5,1598,1,3,-1,1,-1
201501ZD30207,1,5,0,18,0,1,0,0,0,0,1,1,6,1,29,6,942,1,2,-1,1,-1
201501ZD30208,1,3,0,9,0,8,0,0,0,0,4,1,6,1,24,5,-1,-1,-1,-1,1,-1
201501ZD30208,2,9,0,18,0,8,0,0,0,0,1,1,6,2,33,6,1296,1,7,-1,1,-1
201501ZD30209,1,2,0,18,0,8,0,0,0,0,1,1,6,1,18,4,125,1,8,-1,1,-1
201501ZD30209,2,9,0,7,0,8,0,0,0,0,3,1,6,1,46,8,1984,1,13,-1,1,-1
201501ZD30210,1,9,0,18,0,1,0,0,0,0,1,1,6,1,40,7,1242,1,17,-1,-1,-1
201501ZD30211,1,9,0,18,0,1,0,10,1,10,1,1,6,1,20,4,-1,-1,-1,-1,-1,-1
201501ZD30212,1,9,0,1,0,1,0,4,0,0,2,1,6,1,56,9,-1,-1,-1,-1,1,-1
201501ZD30212,2,9,0,2,0,2,0,0,0,0,1,1,6,1,55,8,-1,-1,-1,-1,1,-1
201501ZD30214,1,9,0,18,0,1,0,10,1,2,1,1,6,1,50,8,1598,1,3,-1,1,-1
201501ZD30215,1,3,0,3,0,1,0,0,0,0,2,1,6,1,23,5,125,1,8,-1,1,-1
201501ZD30215,2,9,0,4,0,1,0,0,0,0,1,1,6,1,48,8,1598,1,15,-1,1,-1
201501ZD30216,1,5,0,13,0,8,0,0,0,0,1,1,6,1,33,6,-1,-1,-1,-1,1,-1
201501ZD30216,2,19,0,9,0,8,0,0,0,0,3,1,6,1,29,6,2198,2,1,-1,-1,-1
201501ZD30217,1,9,0,9,0,8,0,0,0,0,3,1,6,1,40,7,1997,2,1,-1,1,-1
201501ZD30217,2,3,0,13,0,8,0,0,0,0,1,1,6,2,23,5,125,1,3,-1,1,-1
201501ZD30218,1,9,0,4,0,1,0,0,0,0,1,1,6,2,26,6,1984,1,8,-1,1,-1
201501ZD30218,2,9,0,4,0,1,0,0,0,0,2,1,6,2,39,7,1229,1,11,-1,1,-1
201501ZD30219,1,5,0,18,0,8,0,0,0,0,1,1,6,1,54,8,-1,-1,-1,-1,1,-1
201501ZD30219,2,9,0,9,0,8,0,0,0,0,4,1,6,2,54,8,-1,-1,-1,-1,1,-1
201501ZD30220,1,9,0,18,0,8,0,0,0,0,1,1,6,2,25,5,1598,1,10,-1,1,-1
201501ZD30220,2,9,0,7,0,8,0,0,0,0,3,1,6,1,23,5,1596,1,8,-1,1,-1
201501ZD30221,1,9,0,4,0,2,0,0,0,0,2,1,6,2,31,6,-1,-1,-1,-1,1,-1
201501ZD30221,2,19,0,4,0,2,0,0,0,0,1,1,6,3,-1,-1,-1,-1,-1,-1,-1,-1
201501ZD30223,1,19,0,7,0,1,0,0,0,0,1,1,1,1,57,9,-1,-1,-1,-1,1,-1
201501ZD30223,2,1,0,7,0,1,0,0,0,0,2,1,6,1,43,7,-1,-1,-1,-1,1,-1
201501ZD30224,1,9,0,9,0,8,0,0,0,0,4,1,6,1,19,4,1364,1,8,-1,1,-1
201501ZD30224,2,9,0,18,0,8,0,0,0,0,1,1,6,1,17,4,999,1,15,-1,1,-1
201501ZD30225,1,9,0,18,0,8,0,0,0,0,3,1,6,1,52,8,1998,1,10,-1,-1,-1
201501ZD30225,2,9,0,18,0,8,0,0,0,0,1,1,6,3,-1,-1,-1,-1,-1,-1,-1,-1
201501ZD30226,1,1,0,17,0,8,0,0,0,0,1,1,6,1,26,6,-1,-1,-1,-1,-1,-1
201501ZD30226,2,9,0,5,0,8,0,0,0,0,3,1,6,1,-1,-1,1399,2,6,-1,-1,-1
201501ZD30227,1,9,0,18,0,1,0,0,0,0,2,1,6,1,24,5,-1,-1,-1,-1,1,-1
201501ZD30227,2,9,0,13,0,1,0,0,0,0,1,1,6,3,-1,-1,-1,-1,-1,-1,-1,-1
201501ZD30228,1,3,0,13,0,1,0,0,0,0,1,1,6,1,20,4,124,1,9,-1,1,-1
201501ZD30228,2,1,0,18,0,1,0,0,0,0,2,1,6,2,30,6,-1,-1,-1,-1,1,-1
201501ZD30229,1,11,0,2,0,2,0,0,0,0,0,1,1,1,45,7,8300,2,9,-1,1,-1
201501ZD30231,1,9,0,13,0,1,0,0,0,0,1,1,6,1,41,7,1598,1,15,-1,1,-1
201501ZD30231,2,90,0,18,0,1,0,0,0,0,2,1,6,1,71,10,-1,-1,-1,-1,1,-1
201501ZD30232,1,19,0,4,0,8,0,0,0,0,1,1,6,1,50,8,-1,-1,-1,-1,1,-1
201501ZD30232,2,19,0,9,0,8,0,0,0,0,1,1,6,2,41,7,-1,-1,-1,-1,1,-1
201501ZD30233,1,3,0,9,0,8,0,0,0,0,3,1,6,1,23,5,-1,-1,-1,-1,3,-1
201501ZD30233,2,9,0,9,0,8,0,0,0,0,1,1,6,1,42,7,1497,8,2,-1,-1,-1
201501ZD30234,1,9,0,4,0,1,0,0,0,0,2,1,6,1,46,8,1328,1,2,-1,-1,-1
201501ZD30234,2,9,0,4,0,1,0,0,0,0,1,1,6,1,-1,-1,3993,1,3,-1,-1,-1
201501ZD30235,1,9,0,18,0,1,0,0,0,0,1,1,6,1,48,8,1781,1,14,-1,1,-1
201501ZD30236,1,9,0,6,0,8,0,0,0,0,3,1,6,2,30,6,1199,1,13,-1,-1,-1
201501ZD30236,2,9,0,18,0,8,0,0,0,0,1,1,6,1,56,9,-1,-1,-1,-1,1,-1
201501ZD30237,1,9,0,4,0,1,0,0,0,0,2,1,6,1,-1,-1,3311,8,10,-1,1,-1
201501ZD30237,2,19,0,4,0,1,0,0,0,0,1,1,1,1,-1,-1,1995,2,6,-1,-1,-1
201501ZD30238,1,9,0,18,0,8,0,0,0,0,1,1,6,1,45,7,1124,1,12,-1,1,-1
201501ZD30238,2,9,0,7,0,8,0,0,0,0,4,1,1,1,-1,-1,-1,-1,-1,-1,-1,-1
201501ZD30239,1,9,0,18,0,1,0,0,0,0,1,1,6,2,46,8,1598,1,1,-1,1,-1
201501ZD30241,1,9,0,18,0,1,0,0,0,0,1,1,6,1,-1,-1,1798,1,4,-1,-1,-1
201501ZD30242,1,9,0,3,0,1,0,0,0,0,2,1,6,1,20,4,1198,1,1,-1,3,-1
201501ZD30242,2,19,0,4,0,1,0,0,0,0,1,1,6,1,40,7,1868,2,10,-1,1,-1
201501ZD30243,1,9,0,18,0,1,0,0,0,0,1,1,6,2,21,5,1995,1,5,-1,1,-1
201501ZD30243,2,9,0,18,0,1,0,0,0,0,2,1,6,1,25,5,1388,1,12,-1,1,-1
201501ZD30244,1,5,0,18,0,8,0,0,0,0,1,1,6,1,22,5,487,1,17,-1,1,-1
201501ZD30244,2,19,0,7,0,8,0,0,0,0,3,1,1,1,63,9,1998,2,10,-1,1,-1
201501ZD30245,1,4,0,18,0,1,0,0,0,0,1,1,6,2,18,4,125,1,1,-1,1,-1
201501ZD30246,1,9,0,7,0,8,0,0,0,0,3,1,6,2,55,8,1997,1,5,-1,1,-1
201501ZD30246,2,1,0,18,0,8,0,0,0,0,1,1,6,1,42,7,-1,-1,-1,-1,1,-1
201501ZD30247,1,9,0,4,0,1,0,0,0,0,1,1,6,1,23,5,2148,2,8,-1,1,-1
201501ZD30247,2,9,0,3,0,1,0,0,0,0,2,1,6,2,44,7,-1,-1,-1,-1,1,-1
201501ZD30248,1,9,0,3,0,1,0,0,0,0,2,1,1,1,-1,-1,-1,-1,-1,-1,-1,-1
201501ZD30248,2,9,0,4,0,1,0,0,0,0,1,1,6,2,47,8,1398,1,5,-1,1,-1
201501ZD30249,1,9,0,9,0,8,0,0,0,0,4,1,1,1,55,8,-1,-1,-1,-1,1,-1
201501ZD30249,2,3,0,18,0,8,0,0,0,0,1,1,6,1,19,4,124,1,15,-1,1,-1
201501ZD30252,1,11,0,18,0,1,0,0,0,0,0,1,1,1,38,7,4500,2,-1,-1,1,-1
201501ZD30254,1,9,0,4,0,0,0,0,0,0,1,1,6,1,30,6,1968,2,6,-1,1,-1
201501ZD30254,2,9,0,3,0,0,0,0,0,0,2,1,6,1,28,6,1598,1,6,-1,1,-1
201501ZD30254,3,9,0,3,0,0,0,0,0,0,2,1,6,2,28,6,1497,8,8,-1,1,-1
201501ZD30255,1,9,0,3,0,1,0,0,0,0,2,1,6,1,59,9,-1,-1,-1,-1,1,-1
201501ZD30255,2,9,0,4,0,1,0,0,0,0,1,1,6,1,-1,-1,1998,1,11,-1,-1,-1
201501ZD30256,1,19,0,7,0,8,0,0,0,0,3,1,6,1,52,8,2188,2,12,-1,1,-1
201501ZD30256,2,2,0,18,0,8,0,0,0,0,1,1,1,1,16,4,125,1,2,-1,1,-1
201501ZD30257,1,11,0,18,0,0,0,0,0,0,1,1,1,1,-1,-1,-1,-1,-1,-1,-1,-1
201501ZD30258,1,9,0,9,0,8,0,0,0,0,3,1,6,2,53,8,998,1,1,-1,1,-1
201501ZD30258,2,5,0,18,0,8,0,0,0,0,1,1,6,1,32,6,998,1,11,-1,1,-1
201501ZD30260,1,9,0,18,0,8,0,0,0,0,1,1,6,1,77,11,-1,-1,-1,-1,1,-1
201501ZD30260,2,9,0,9,0,8,0,0,0,0,1,1,6,2,27,6,1242,1,5,-1,1,-1
201501ZD30262,1,3,0,9,0,8,0,10,1,2,2,1,6,1,18,4,125,1,4,-1,1,-1
201501ZD30262,2,9,0,18,0,8,0,0,0,0,1,1,6,3,-1,-1,-1,-1,-1,-1,-1,-1
201501ZD30264,1,3,0,7,0,2,0,0,0,0,0,1,6,1,29,6,124,1,4,-1,-1,-1
201501ZD30265,1,9,0,4,0,2,0,0,0,0,2,1,1,2,26,6,1686,2,1,-1,1,-1
201501ZD30265,2,9,0,4,0,2,0,0,0,0,1,1,6,2,31,6,1242,1,11,-1,1,-1
201501ZD30266,1,1,0,18,0,2,0,0,0,0,3,1,6,1,28,6,-1,-1,-1,-1,1,-1
201501ZD30266,2,9,0,13,0,2,0,0,0,0,4,1,6,3,-1,-1,1590,1,19,-1,-1,-1
201501ZD30267,1,11,0,18,0,1,0,0,0,0,1,1,1,1,73,10,6692,2,5,-1,1,-1
201501ZD30268,1,9,0,18,0,1,0,0,0,0,2,1,1,1,-1,-1,-1,-1,-1,-1,-1,-1
201501ZD30268,2,9,0,18,0,1,0,0,0,0,1,1,6,2,26,6,1596,1,15,-1,1,-1
201501ZD30270,1,9,0,9,0,8,0,0,0,0,4,1,6,1,74,10,1587,1,14,-1,1,-1
201501ZD30270,2,3,0,18,0,8,0,0,0,0,1,1,6,1,16,4,124,1,1,-1,1,-1
201501ZD30271,1,9,0,2,0,1,0,0,0,0,3,1,6,1,76,11,1590,1,14,-1,1,-1
201501ZD30271,2,1,0,14,0,1,0,8,0,0,1,1,6,1,48,8,-1,-1,-1,-1,1,-1
201501ZD30272,1,9,0,7,0,8,0,0,0,0,3,1,6,1,31,6,1895,1,14,-1,1,-1
201501ZD30272,2,9,0,18,0,8,0,0,0,0,1,1,1,1,40,7,1582,2,1,-1,1,-1
201501ZD30273,1,9,0,5,0,8,0,0,0,0,1,1,6,2,32,6,-1,-1,-1,-1,1,-1
201501ZD30273,2,9,0,7,0,8,0,0,0,0,3,1,6,1,-1,-1,2429,1,9,-1,1,-1
201501ZD30274,1,1,0,18,0,1,0,0,0,0,3,1,6,2,40,7,-1,-1,-1,-1,1,-1
201501ZD30274,2,9,0,18,0,1,0,0,0,0,1,1,1,1,40,7,1598,1,9,-1,1,-1
201501ZD30277,1,9,0,18,0,2,0,10,1,1,1,1,6,1,45,7,-1,-1,-1,-1,1,-1
201501ZD30280,1,9,0,18,0,2,0,10,7,2,1,1,6,1,-1,-1,-1,-1,-1,-1,-1,-1
201501ZD30281,1,4,0,3,0,1,0,0,0,0,2,1,6,1,-1,-1,125,1,1,-1,-1,-1
201501ZD30281,2,9,0,4,0,1,0,0,0,0,1,1,6,1,40,7,2362,1,9,-1,-1,-1
201501ZD30284,1,9,0,9,0,8,0,0,0,0,1,1,6,1,27,6,1995,2,8,-1,1,-1
201501ZD30285,1,9,0,18,0,1,0,10,0,0,1,1,6,1,25,5,1968,2,2,-1,1,-1
201501ZD30286,1,9,0,18,0,1,0,0,0,0,1,1,6,1,-1,-1,-1,-1,-1,-1,1,-1
201501ZD30287,1,9,0,6,0,0,0,0,0,0,4,1,6,1,46,8,1998,1,14,-1,1,-1
201501ZD30287,2,9,0,18,0,0,0,0,0,0,1,1,6,1,33,6,2000,1,10,-1,1,-1
201501ZD30290,1,9,0,18,0,2,0,0,0,0,1,1,6,1,50,8,2000,1,9,-1,1,-1
201501ZD30291,1,9,0,18,0,0,0,0,0,0,4,1,6,2,42,7,2204,2,8,-1,1,-1
201501ZD30295,1,9,0,14,0,2,0,0,0,0,4,1,6,3,-1,-1,-1,-1,-1,-1,-1,-1
201501ZD30296,1,9,0,3,0,1,0,0,0,0,2,1,6,2,50,8,1596,1,10,-1,1,-1
201501ZD30296,2,9,0,3,0,1,0,0,0,0,2,1,6,1,48,8,1896,2,5,-1,3,-1
201501ZD30296,3,9,0,18,0,1,0,0,0,0,1,1,6,2,51,8,-1,-1,-1,-1,1,-1
201501ZD30297,1,9,0,9,0,8,0,0,0,0,1,1,6,2,51,8,1968,2,-1,-1,1,-1
201501ZD30297,2,9,0,18,0,8,0,0,0,0,1,1,6,1,39,7,1341,1,14,-1,1,-1
201501ZD30298,1,9,0,7,0,8,0,0,0,0,2,1,6,2,69,10,998,1,-1,-1,1,-1
201501ZD30298,2,1,0,18,0,8,0,0,0,0,1,1,6,1,19,4,-1,-1,-1,-1,1,-1
201501ZD30300,1,9,0,4,0,1,0,0,0,0,2,1,6,1,40,7,1984,1,3,-1,1,-1
201501ZD30300,2,9,0,18,0,1,0,0,0,0,1,1,6,1,46,8,-1,-1,-1,-1,1,-1
201501ZD30301,1,21,0,11,0,8,0,0,0,0,4,1,1,1,47,8,4461,2,6,-1,1,-1
201501ZD30301,2,9,0,18,0,8,0,0,0,0,3,1,6,2,46,8,1388,1,6,-1,1,-1
201501ZD30303,1,1,0,18,0,8,0,0,0,0,3,1,6,2,40,7,-1,-1,-1,-1,1,-1
201501ZD30303,2,9,0,11,0,8,0,0,0,0,4,1,6,3,-1,-1,-1,-1,-1,-1,-1,-1
201501ZD30304,1,9,0,7,0,8,0,0,0,0,3,1,1,1,24,5,-1,-1,-1,-1,1,-1
201501ZD30304,2,4,0,18,0,8,0,0,0,0,1,1,6,1,67,10,-1,-1,-1,-1,1,-1
201501ZD30305,1,3,0,13,0,8,0,0,0,0,4,1,6,1,40,7,-1,-1,-1,-1,1,-1
201501ZD30305,2,9,0,9,0,8,0,0,0,0,3,1,6,2,42,7,1769,1,12,-1,1,-1
201501ZD30306,1,5,0,18,0,2,0,0,0,0,3,1,6,1,27,6,-1,-1,-1,-1,1,-1
201501ZD30306,2,9,0,11,0,2,0,0,0,0,4,1,6,2,-1,-1,-1,-1,-1,-1,-1,-1
201501ZD30307,1,9,0,7,0,8,0,0,0,0,3,1,6,2,-1,-1,1198,1,4,-1,1,-1
201501ZD30307,2,4,0,18,0,8,0,0,0,0,1,1,6,1,40,7,998,1,8,-1,1,-1
201501ZD30308,1,9,0,16,0,8,0,0,0,0,3,1,6,2,42,7,1200,1,1,-1,1,-1
201501ZD30308,2,1,0,18,0,8,0,0,0,0,1,1,6,2,29,6,-1,-1,-1,-1,1,-1
201501ZD30309,1,9,0,9,0,8,0,0,0,0,1,1,6,2,21,5,1242,1,-1,-1,1,-1
201501ZD30309,2,19,0,14,0,8,0,0,0,0,1,1,6,1,-1,-1,2400,2,14,-1,1,-1
201501ZD30310,1,3,0,13,0,0,0,0,0,0,4,1,6,1,24,5,-1,-1,-1,-1,1,-1
201501ZD30310,2,9,0,18,0,0,0,0,0,0,3,1,6,2,45,7,1686,2,3,-1,1,-1
201501ZD30311,1,3,0,14,0,8,0,0,0,0,4,1,6,1,21,5,124,1,3,-1,1,-1
201501ZD30311,2,9,0,9,0,8,0,0,0,0,1,1,6,1,52,8,1248,2,9,-1,1,-1
201501ZD30312,1,5,0,14,0,8,0,0,0,0,1,1,6,1,46,8,599,1,5,-1,1,-1
201501ZD30312,2,19,0,9,0,8,0,0,0,0,3,1,6,1,41,7,-1,-1,-1,-1,1,-1
201501ZD30313,1,9,0,2,0,8,0,0,0,0,2,1,6,2,34,6,1991,2,5,-1,1,-1
201501ZD30313,2,9,0,1,0,8,0,0,0,0,2,1,6,2,-1,-1,1998,1,9,-1,-1,-1
201501ZD30314,1,9,0,4,0,1,0,0,0,0,2,1,6,1,37,7,2398,1,17,-1,1,-1
201501ZD30314,2,20,0,4,0,1,0,0,0,0,1,1,1,1,28,6,-1,-1,-1,-1,1,-1
201501ZD30317,1,9,0,18,0,1,0,0,0,0,1,1,6,1,58,9,-1,-1,-1,-1,1,-1
201501ZD30318,1,9,0,4,0,8,0,0,0,0,2,1,6,2,-1,-1,1240,1,5,-1,1,-1
201501ZD30318,2,9,0,18,0,8,0,0,0,0,1,1,6,1,-1,-1,-1,-1,-1,-1,-1,-1
201501ZD30319,1,9,0,18,0,8,0,0,0,0,1,1,6,1,-1,-1,-1,-1,-1,-1,-1,-1
201501ZD30319,2,9,0,18,0,8,0,0,0,0,1,1,6,1,29,6,2979,1,10,-1,-1,-1
201501ZD30320,1,9,0,18,0,8,0,0,0,0,4,1,6,1,30,6,1598,1,8,-1,1,-1
201501ZD30320,2,19,0,9,0,8,0,0,0,0,4,1,6,1,54,8,2402,2,14,-1,1,-1
201501ZD30321,1,9,0,18,0,0,0,10,1,0,4,1,6,1,-1,-1,-1,-1,-1,-1,-1,-1
201501ZD30322,1,1,0,18,0,1,0,0,0,0,3,1,6,1,41,7,-1,-1,-1,-1,1,-1
201501ZD30322,2,9,0,13,0,1,0,0,0,0,4,1,6,3,-1,-1,-1,-1,-1,-1,-1,-1
201501ZD30323,1,9,0,7,0,8,0,0,0,0,4,1,6,2,33,6,1489,1,17,-1,1,-1
201501ZD30323,2,1,0,15,0,8,0,0,0,0,3,1,6,1,31,6,-1,-1,-1,-1,1,-1
201501ZD30324,1,11,0,18,0,8,0,0,0,0,3,1,1,1,57,9,-1,2,6,-1,1,-1
201501ZD30324,2,9,0,9,0,8,0,0,0,0,1,1,6,1,-1,-1,-1,-1,-1,-1,-1,-1
201501ZD30325,1,9,0,9,0,2,0,0,0,0,1,1,6,1,61,9,-1,-1,-1,-1,1,-1
201501ZD30326,1,11,0,4,0,0,0,0,0,0,0,1,1,1,40,7,6700,2,1,-1,1,-1
201501ZD30329,1,9,0,17,0,8,0,0,0,0,3,1,6,2,35,6,1242,1,3,-1,2,-1
201501ZD30329,2,19,0,17,0,8,0,0,0,0,4,1,6,1,-1,-1,-1,-1,-1,-1,-1,-1
201501ZD30330,1,9,0,18,0,1,0,0,0,0,1,1,6,2,41,7,1590,1,13,-1,1,-1
201501ZD30330,2,1,0,18,0,1,0,0,0,0,3,1,6,1,16,4,-1,-1,-1,-1,1,-1
201501ZD30331,1,21,0,18,0,8,0,0,0,0,1,1,6,3,-1,-1,-1,-1,-1,-1,-1,-1
201501ZD30332,1,11,0,4,0,1,0,0,0,0,0,1,1,1,50,8,4500,2,-1,-1,1,-1
201501ZD30334,1,9,0,9,0,8,0,0,0,0,1,1,6,1,39,7,1995,1,22,-1,1,-1
201501ZD30334,2,3,0,18,0,8,0,0,0,0,1,1,6,1,24,5,125,1,7,-1,1,-1
201501ZD30335,1,9,0,18,0,1,0,0,0,0,3,1,6,2,19,4,1229,1,8,-1,1,-1
201501ZD30335,2,9,0,11,0,1,0,0,0,0,4,1,6,3,-1,-1,-1,-1,-1,-1,-1,-1
201501ZD30337,1,9,0,3,0,1,0,0,0,0,2,1,6,2,21,5,1229,1,7,-1,1,-1
201501ZD30337,2,9,0,4,0,1,0,0,0,0,1,1,6,3,-1,-1,1796,1,11,-1,-1,-1
201501ZD30339,1,11,0,18,0,8,0,0,0,0,1,1,1,1,52,8,-1,-1,-1,-1,1,-1
201501ZD30339,2,9,0,7,0,8,0,0,0,0,1,1,6,1,29,6,1753,2,14,-1,1,-1
201501ZD30340,1,9,0,9,0,2,0,10,1,2,1,1,6,2,40,7,1242,1,1,-1,-1,-1
201501ZD30341,1,8,0,18,0,8,0,0,0,0,4,1,1,1,37,7,2499,2,6,-1,1,-1
201501ZD30341,2,9,0,9,0,8,0,0,0,0,1,1,6,1,50,8,-1,-1,-1,-1,1,-1
201501ZD30342,1,11,0,4,0,2,0,0,0,0,0,1,1,1,54,8,6696,2,2,-1,1,-1
201501ZD30343,1,9,0,9,0,8,0,0,0,0,3,1,6,2,43,7,-1,-1,-1,-1,1,-1
201501ZD30343,2,3,0,13,0,8,0,0,0,0,4,1,6,1,27,6,108,1,2,-1,1,-1
201501ZD30345,1,9,0,18,0,1,0,0,0,0,1,1,6,1,-1,-1,-1,-1,-1,-1,-1,-1
201501ZD30346,1,9,0,16,0,1,0,0,0,0,2,1,1,1,24,5,1796,1,12,-1,1,-1
201501ZD30346,2,9,0,16,0,1,0,0,0,0,1,1,6,2,48,8,4293,1,13,-1,1,-1