Accident_Index,Vehicle_Reference,Vehicle_Type,Towing_and_Articulation,Vehicle_Manoeuvre,Vehicle_Location-Restricted_Lane,Junction_Location,Skidding_and_Overturning,Hit_Object_in_Carriageway,Vehicle_Leaving_Carriageway,Hit_Object_off_Carriageway,1st_Point_of_Impact,Was_Vehicle_Left_Hand_Drive?,Journey_Purpose_of_Driver,Sex_of_Driver,Age_of_Driver,Age_Band_of_Driver,Engine_Capacity_(CC),Propulsion_Code,Age_of_Vehicle,Driver_IMD_Decile,Driver_Home_Area_Type,Vehicle_IMD_Decile
2015030000439,1,9,0,16,0,0,0,0,7,10,1,1,6,1,68,10,1242,1,6,-1,3,-1
2015030000439,2,9,0,17,0,0,0,0,0,0,1,1,6,1,50,8,-1,-1,-1,-1,3,-1
2015030000440,1,9,0,9,0,8,0,0,0,0,1,1,6,1,55,8,2204,2,8,-1,1,-1
2015030000440,2,9,0,18,0,2,0,0,0,0,1,1,6,1,38,7,-1,-1,-1,-1,2,-1
2015030000442,1,4,0,18,0,0,1,0,0,0,0,1,6,1,51,8,498,1,42,-1,1,-1
2015030000443,1,17,0,9,0,2,0,0,0,0,0,1,6,3,-1,-1,-1,-1,-1,-1,-1,-1
2015030000443,2,1,0,18,0,1,1,0,0,0,0,1,6,1,49,8,-1,-1,-1,-1,2,-1
2015030000443,3,1,0,18,0,1,1,0,0,0,1,1,6,1,17,4,-1,-1,-1,-1,2,-1
2015030000456,1,9,0,9,0,6,0,0,0,0,3,1,6,1,77,11,998,1,3,-1,2,-1
2015030000456,2,9,0,18,0,1,0,0,0,0,1,1,1,1,59,9,-1,-1,-1,-1,1,-1
2015030000457,1,9,0,7,0,8,1,0,3,10,1,1,1,1,24,5,1229,1,2,-1,1,-1
2015030000458,1,19,0,18,0,1,1,0,0,0,1,1,1,1,26,6,-1,-1,-1,-1,1,-1
2015030000458,2,9,0,3,0,1,0,0,0,0,2,1,2,1,55,8,1398,1,1,-1,3,-1
2015030000458,3,9,0,18,0,1,0,0,0,0,1,1,2,2,53,8,-1,-1,-1,-1,2,-1
2015030000459,1,9,0,16,0,0,0,0,0,0,1,1,2,1,43,7,-1,-1,-1,-1,1,-1
2015030000459,2,9,0,17,0,0,0,0,0,1,3,1,2,1,42,7,1596,1,1,-1,2,-1
2015030000460,1,9,0,9,0,2,0,0,0,0,1,1,6,1,57,9,2143,2,-1,-1,1,-1
2015030000473,1,9,0,18,0,0,0,0,2,10,1,1,6,1,34,6,1242,1,10,-1,2,-1
2015030000474,1,9,0,5,0,1,0,0,0,0,1,1,6,2,84,11,1398,2,2,-1,1,-1
2015030000474,2,9,0,10,0,1,0,0,0,0,0,1,6,1,65,9,1997,2,10,-1,1,-1
2015030000474,3,9,0,18,0,1,0,0,0,0,3,1,6,1,49,8,1200,1,3,-1,2,-1
2015030000475,1,9,0,18,0,0,1,0,0,0,1,1,6,1,22,5,2204,2,6,-1,-1,-1
2015030000475,2,9,0,18,0,0,0,0,0,0,1,1,6,2,51,8,1968,2,6,-1,3,-1
2015030000476,1,9,0,9,0,5,0,0,0,0,4,1,6,2,57,9,1360,1,10,-1,1,-1
2015030000476,2,5,0,18,0,1,0,0,0,0,1,1,6,1,54,8,656,1,7,-1,2,-1
2015030000477,1,8,0,7,0,8,0,0,0,0,1,1,6,1,38,7,1896,2,5,-1,3,-1
2015030000477,2,9,0,9,0,8,0,0,0,0,4,1,6,1,43,7,-1,-1,-1,-1,1,-1
2015030000480,1,9,0,18,0,0,0,0,0,0,4,1,6,2,25,5,1329,1,2,-1,1,-1
2015030000481,1,9,0,18,0,1,0,0,0,0,3,1,6,1,63,9,-1,-1,-1,-1,1,-1
2015030000485,1,8,0,16,0,0,1,0,2,7,4,1,6,1,39,7,1895,1,14,-1,-1,-1
2015030000486,1,21,1,3,0,0,0,0,0,0,1,1,6,1,54,8,12777,2,4,-1,3,-1
2015030000486,2,9,0,4,0,0,0,0,0,0,2,1,6,2,60,9,-1,-1,-1,-1,2,-1
2015030000486,3,9,0,3,0,0,0,0,0,0,2,1,6,1,56,9,1968,2,3,-1,3,-1
2015030000494,1,9,0,13,0,0,0,0,7,4,0,1,6,2,36,7,1598,2,1,-1,3,-1
2015030000494,2,9,0,18,0,0,0,0,0,0,0,1,6,1,73,10,-1,-1,-1,-1,3,-1
2015030000495,1,9,0,18,0,0,1,0,0,4,0,1,6,2,29,6,-1,-1,-1,-1,3,-1
2015030000496,1,9,0,2,0,0,0,0,1,0,0,1,2,1,21,5,1242,1,2,-1,3,-1
2015030000496,2,9,0,18,0,0,1,0,1,0,1,1,1,1,54,8,1995,2,4,-1,3,-1
2015030000502,1,9,0,9,0,1,0,0,0,0,0,1,6,1,76,11,1396,1,12,-1,-1,-1
2015030000502,2,9,0,18,0,1,0,0,0,0,3,1,6,1,33,6,1968,2,3,-1,-1,-1
2015030000502,3,1,0,18,0,1,0,0,0,0,2,1,6,1,49,8,-1,-1,-1,-1,1,-1
2015030000503,1,20,0,18,0,0,0,0,0,0,1,1,6,3,-1,-1,-1,-1,-1,-1,-1,-1
2015030000503,2,1,0,18,9,0,0,0,0,0,1,1,6,1,50,8,-1,-1,-1,-1,1,-1
2015030000504,1,9,0,9,0,1,0,0,0,0,1,1,6,1,74,10,1997,2,12,-1,1,-1
2015030000504,2,1,0,9,0,1,0,0,0,0,1,1,6,1,66,10,-1,-1,-1,-1,1,-1
2015030000505,1,9,0,18,0,0,1,0,0,0,1,1,6,1,82,11,1329,1,6,-1,1,-1
2015030000505,2,9,0,18,0,0,1,4,0,0,1,1,6,2,29,6,3993,1,1,-1,3,-1
2015030000522,1,9,0,4,0,1,1,0,0,0,1,1,6,1,54,8,-1,-1,-1,-1,1,-1
2015030000522,2,9,0,3,0,1,0,0,0,0,2,1,6,1,55,8,1995,2,8,-1,2,-1
2015030000523,1,9,0,16,0,3,0,0,0,0,1,1,1,1,46,8,2993,2,2,-1,1,-1
2015030000524,1,9,0,18,0,0,2,0,0,0,1,1,6,1,53,8,1769,1,9,-1,-1,-1
2015030000524,2,9,0,18,0,0,1,0,0,0,4,1,6,1,26,6,1598,2,3,-1,2,-1
2015030000525,1,9,0,18,0,1,0,0,0,0,1,1,6,1,50,8,1999,2,-1,-1,2,-1
2015030000525,2,9,0,18,0,1,0,0,0,0,2,1,6,1,44,7,1753,2,5,-1,2,-1
2015030000525,3,9,0,1,0,1,0,0,0,0,0,1,6,3,-1,-1,1248,1,2,-1,-1,-1
2015030000526,1,9,0,18,0,8,0,0,0,0,1,1,6,1,63,9,1685,2,4,-1,2,-1
2015030000526,2,9,0,9,0,8,0,0,0,0,4,1,6,2,42,7,1582,2,5,-1,2,-1
2015030000528,1,9,0,4,0,0,1,0,0,0,1,1,6,2,58,9,1997,2,12,-1,1,-1
2015030000528,2,90,0,2,0,0,0,0,0,0,2,1,6,1,35,6,-1,-1,-1,-1,3,-1
2015030000530,1,20,0,3,0,3,0,0,0,0,1,1,6,1,35,6,4116,2,10,-1,1,-1
2015030000530,2,9,0,4,0,3,0,0,0,0,2,1,6,2,65,9,1896,2,12,-1,3,-1
2015030000533,1,9,0,7,0,7,0,0,0,0,3,1,6,2,30,6,1390,1,1,-1,1,-1
2015030000533,2,9,0,18,0,1,0,0,0,0,3,1,6,2,26,6,1783,1,14,-1,1,-1
2015030000533,3,9,0,2,0,1,0,0,0,0,3,1,6,1,54,8,1587,1,17,-1,1,-1
2015030000534,1,5,0,18,0,0,1,0,0,0,0,1,6,1,46,8,553,1,24,-1,3,-1
2015030000534,2,9,0,18,0,0,1,1,0,0,4,1,6,1,43,7,1461,2,1,-1,1,-1
2015030000537,1,9,0,7,0,1,0,0,0,0,1,1,6,1,57,9,1339,1,8,-1,3,-1
2015030000537,2,9,0,18,0,8,0,0,0,0,4,1,6,2,23,5,1242,1,5,-1,3,-1
2015030000538,1,9,0,4,0,4,0,0,0,0,2,1,6,1,58,9,1598,1,9,-1,1,-1
2015030000538,2,9,0,4,0,4,0,0,0,0,1,1,6,2,-1,-1,-1,-1,-1,-1,1,-1
2015030000539,1,9,0,16,0,1,0,0,0,0,1,1,6,1,-1,-1,-1,-1,-1,-1,1,-1
2015030000539,2,9,0,3,0,1,0,0,0,0,2,1,6,2,65,9,2393,1,16,-1,1,-1
2015030000540,1,9,0,17,0,0,0,0,1,4,4,1,6,1,48,8,1390,1,7,-1,1,-1
2015030000546,1,9,0,18,0,1,1,11,0,0,1,1,6,2,25,5,1242,1,14,-1,1,-1
2015030000548,1,9,0,18,0,1,0,0,0,0,1,1,6,2,20,4,1199,1,14,-1,1,-1
2015030000548,2,1,0,18,0,1,0,0,0,0,3,1,6,1,18,4,-1,-1,-1,-1,1,-1
2015030000549,1,9,0,17,0,0,2,10,1,10,1,1,6,1,27,6,-1,-1,-1,-1,2,-1
2015030000550,1,9,0,18,0,1,0,0,0,0,1,1,6,1,74,10,1968,2,8,-1,3,-1
2015030000550,2,9,0,2,0,1,0,0,0,0,2,1,6,2,35,6,-1,-1,-1,-1,2,-1
2015030000550,3,9,0,2,0,1,0,0,0,0,1,1,6,1,35,6,1242,1,6,-1,2,-1
2015030000556,1,9,0,18,0,0,0,4,0,0,1,1,6,1,29,6,1364,1,6,-1,1,-1
2015030000556,2,9,0,2,0,0,0,0,0,0,2,1,6,1,-1,-1,2993,2,8,-1,1,-1
2015030000556,3,9,0,2,0,0,0,0,0,0,1,1,6,2,-1,-1,1242,1,4,-1,3,-1
2015030000556,4,9,0,2,0,0,0,0,0,0,1,1,6,2,-1,-1,1596,1,9,-1,1,-1
2015030000557,1,9,0,9,0,6,0,0,0,0,1,1,6,2,28,6,-1,-1,-1,-1,3,-1
2015030000557,2,9,0,18,0,6,0,0,0,0,1,1,6,2,25,5,998,1,1,-1,2,-1
2015030000558,1,5,0,18,0,0,0,0,1,9,1,1,6,1,43,7,1000,1,10,-1,1,-1
2015030000559,1,5,0,17,0,1,5,0,1,10,1,1,6,1,28,6,599,1,4,-1,2,-1
2015030000560,1,9,0,8,0,8,0,0,0,0,4,1,6,3,-1,-1,2993,2,1,-1,-1,-1
2015030000561,1,9,0,17,0,0,2,0,1,7,1,1,6,1,50,8,-1,-1,-1,-1,1,-1
2015030000562,1,9,0,18,0,3,0,0,0,0,3,1,6,1,44,7,1798,1,7,-1,1,-1
2015030000562,2,1,0,18,0,4,0,0,0,0,1,1,6,1,13,3,-1,-1,-1,-1,2,-1
2015030000565,1,9,0,18,0,0,0,0,0,0,0,1,6,3,-1,-1,-1,-1,-1,-1,-1,-1
2015030000565,2,9,0,18,0,0,1,0,1,10,4,1,6,1,47,8,1956,2,1,-1,3,-1
2015030000581,1,9,0,18,0,1,0,0,7,10,1,1,6,1,68,10,2401,2,11,-1,3,-1
2015030000581,2,9,0,18,0,1,0,0,0,0,2,1,6,1,63,9,-1,-1,-1,-1,3,-1
2015030000581,3,9,0,18,0,1,0,0,7,0,1,1,6,2,38,7,-1,-1,-1,-1,3,-1
2015030000581,4,9,0,18,0,1,0,0,0,0,0,1,6,1,30,6,-1,-1,-1,-1,1,-1
2015030000583,1,5,0,18,0,0,1,0,0,0,0,1,6,1,54,8,998,1,5,-1,2,-1
2015030000586,1,19,0,3,0,1,0,0,0,0,1,1,1,1,-1,-1,2402,2,5,-1,-1,-1
2015030000586,2,9,0,3,0,1,0,0,0,0,2,1,6,2,49,8,1598,1,9,-1,1,-1
2015030000590,1,9,0,18,0,0,0,7,0,0,1,1,6,1,58,9,1390,1,6,-1,3,-1
2015030000605,1,9,0,9,0,6,0,0,0,0,4,1,6,1,47,8,-1,-1,-1,-1,-1,-1
2015030000605,2,9,0,18,0,1,1,0,0,0,1,1,6,2,22,5,1197,1,2,-1,-1,-1
2015030000606,1,1,0,18,0,8,0,0,0,0,1,1,6,1,45,7,-1,-1,-1,-1,1,-1
2015030000606,2,9,0,18,0,8,0,0,0,0,1,1,6,1,24,5,1598,1,5,-1,1,-1
2015030000608,1,9,0,9,0,6,0,0,0,0,1,1,6,2,30,6,1910,2,8,-1,1,-1
2015030000608,2,1,0,9,0,6,0,0,0,0,2,1,6,2,45,7,-1,-1,-1,-1,1,-1
2015030000619,1,1,0,9,0,6,1,0,0,0,1,1,6,1,12,3,-1,-1,-1,-1,2,-1
2015030000619,2,9,0,18,0,8,0,0,0,0,4,1,1,1,47,8,2494,2,8,-1,3,-1
2015030000620,1,2,0,4,0,0,0,0,0,0,1,1,6,1,16,4,49,1,1,-1,1,-1
2015030000620,2,9,0,4,0,0,0,0,0,0,2,1,6,2,18,4,1598,1,4,-1,3,-1
2015030000621,1,5,0,18,0,0,2,0,0,0,0,1,6,1,39,7,996,1,10,-1,1,-1
2015030000622,1,9,0,18,0,1,0,0,0,0,1,2,2,1,42,7,-1,-1,-1,-1,1,-1
2015030000624,1,9,0,17,0,0,1,0,1,4,2,1,6,2,17,4,1149,1,9,-1,3,-1
2015030000625,1,9,0,4,9,0,0,0,1,0,1,1,6,3,-1,-1,2993,2,5,-1,3,-1
2015030000633,1,9,0,18,0,0,5,0,7,7,1,1,6,2,36,7,1388,1,9,-1,1,-1
2015030000634,1,9,0,13,0,0,1,0,7,10,1,1,6,1,17,4,1997,2,13,-1,1,-1
2015030000634,2,9,0,18,0,0,0,0,0,0,0,1,1,1,40,7,2993,2,2,-1,1,-1
2015030000634,3,9,0,18,0,0,0,0,7,0,2,1,6,1,76,11,1956,2,4,-1,3,-1
2015030000642,1,9,0,18,0,3,0,0,0,0,1,1,2,1,40,7,1968,2,5,-1,1,-1
2015030000642,2,9,0,18,0,4,0,0,0,0,3,1,2,2,40,7,1242,1,2,-1,1,-1
2015030000643,1,9,0,9,0,6,0,0,0,0,1,1,6,1,56,9,1986,2,9,-1,1,-1
2015030000643,2,9,0,16,0,1,0,0,0,0,1,1,6,2,90,11,1199,1,12,-1,1,-1
2015030000644,1,9,0,18,0,0,5,0,0,0,1,1,6,1,27,6,-1,-1,-1,-1,-1,-1
2015030000644,2,9,0,18,0,0,0,0,0,0,2,1,6,2,25,5,1229,1,7,-1,1,-1
2015030000649,1,9,0,18,0,0,0,0,0,0,0,1,6,3,-1,-1,-1,-1,-1,-1,-1,-1
2015030000649,2,9,0,17,0,0,1,0,7,9,1,1,6,2,26,6,1461,2,7,-1,1,-1
2015030000656,1,9,0,18,0,8,0,0,0,0,1,1,6,1,41,7,1796,1,14,-1,1,-1
2015030000657,1,9,0,17,0,0,1,0,7,0,1,1,6,1,54,8,-1,-1,-1,-1,1,-1
2015030000659,1,9,0,18,0,0,0,0,0,0,1,1,1,1,22,5,1896,2,5,-1,1,-1
2015030000659,2,1,0,18,0,0,0,0,0,0,0,1,6,2,37,7,-1,-1,-1,-1,1,-1
2015030000660,1,9,0,18,0,1,0,0,0,0,1,1,6,1,50,8,-1,-1,-1,-1,2,-1
2015030000660,2,9,0,4,0,2,0,0,0,0,1,1,6,2,65,9,1998,1,12,-1,2,-1
2015030000665,1,9,0,18,0,0,0,0,0,0,1,1,6,1,27,6,-1,-1,-1,-1,-1,-1
2015030000665,2,9,0,18,0,0,0,0,0,0,1,1,6,1,59,9,1968,2,2,-1,1,-1
2015030000665,3,9,0,18,0,0,0,0,0,0,1,1,1,1,35,6,1895,1,15,-1,1,-1
2015030000666,1,9,0,18,0,0,0,0,0,0,1,1,6,1,20,4,1364,1,8,-1,1,-1
2015030000667,1,9,0,7,0,6,2,0,0,0,3,1,6,1,24,5,-1,-1,-1,-1,1,-1
2015030000668,1,9,0,18,0,2,0,0,0,0,1,1,6,1,18,4,1229,1,3,-1,1,-1
2015030000668,2,9,0,5,0,2,0,0,0,0,1,1,6,2,22,5,1896,2,7,-1,1,-1
2015030000669,1,5,0,18,0,0,0,0,0,0,0,1,6,1,31,6,599,1,11,-1,1,-1
2015030000680,1,3,0,18,0,2,0,0,0,0,0,1,6,1,50,8,125,1,1,-1,1,-1
2015030000681,1,9,0,4,0,0,0,4,0,0,1,1,6,2,71,10,1968,2,1,-1,3,-1
2015030000681,2,9,0,2,0,0,0,0,0,0,2,1,6,2,71,10,1598,1,1,-1,2,-1
2015030000682,1,9,0,18,9,0,0,0,0,0,1,1,6,3,-1,-1,1686,2,9,-1,-1,-1
2015030000682,2,9,0,4,9,0,0,0,0,0,3,1,6,1,25,5,1896,2,11,-1,1,-1
2015030000683,1,9,0,16,0,1,1,7,8,1,4,1,6,1,23,5,1896,2,12,-1,1,-1
2015030000684,1,9,0,17,0,0,5,0,2,10,1,1,6,1,17,4,1086,1,8,-1,3,-1
2015030000684,2,9,0,16,0,0,0,0,0,0,1,1,6,1,-1,-1,2179,2,5,-1,3,-1
2015030000703,1,20,4,18,0,2,0,0,0,0,4,1,1,1,26,6,-1,2,12,-1,3,-1
2015030000708,1,9,0,13,0,1,0,0,0,0,2,1,6,1,34,6,1998,2,14,-1,1,-1
2015030000708,2,9,0,18,0,1,0,0,0,0,1,1,6,1,36,7,-1,-1,-1,-1,-1,-1
2015030000711,1,9,0,18,0,0,0,0,0,0,4,1,6,2,34,6,1560,2,7,-1,1,-1
2015030000713,1,9,0,3,0,1,0,0,0,10,1,1,6,2,22,5,1364,1,8,-1,1,-1
2015030000713,2,9,0,3,0,1,0,0,0,0,0,1,6,1,57,9,2494,2,7,-1,1,-1
2015030000717,1,9,0,13,0,0,0,0,1,0,1,1,6,1,27,6,1364,1,5,-1,1,-1
2015030000717,2,21,1,18,0,0,0,0,0,0,2,1,1,1,25,5,15607,2,2,-1,1,-1
2015030000718,1,9,0,14,0,0,0,0,0,0,3,1,6,2,68,10,-1,-1,-1,-1,3,-1
2015030000720,1,9,0,16,0,2,1,0,0,0,3,1,6,1,57,9,-1,-1,-1,-1,2,-1
2015030000721,1,5,0,18,0,0,0,0,1,0,1,1,6,1,49,8,999,1,5,-1,3,-1
2015030000722,1,9,0,18,0,1,0,0,0,0,1,1,6,1,44,7,-1,-1,-1,-1,1,-1
2015030000724,1,5,0,17,0,0,0,0,1,10,1,1,6,1,55,8,670,1,3,-1,1,-1
2015030000725,1,21,1,1,0,8,0,0,0,0,2,2,1,1,39,7,-1,-1,-1,-1,-1,-1
2015030000725,2,4,0,3,0,8,0,0,0,0,3,1,6,1,54,8,745,1,-1,-1,2,-1
2015030000727,1,9,0,18,0,0,0,0,0,0,2,1,6,1,49,8,1598,1,7,-1,2,-1
2015030000727,2,1,0,18,0,0,0,0,0,0,0,1,6,1,34,6,-1,-1,-1,-1,1,-1
2015030000728,1,9,0,5,0,6,0,0,0,0,2,1,6,2,21,5,875,1,2,-1,1,-1
2015030000728,2,9,0,18,0,6,0,0,0,0,1,1,6,1,18,4,1197,1,1,-1,1,-1
2015030000735,1,9,0,18,1,0,5,4,0,0,1,1,6,1,24,5,1796,1,9,-1,1,-1
2015030000735,2,9,0,2,0,0,0,0,0,0,2,1,6,1,19,4,1896,2,12,-1,-1,-1
2015030000735,3,9,0,2,0,0,0,0,0,0,1,1,6,1,-1,-1,-1,-1,-1,-1,1,-1
2015030000737,1,9,0,3,0,1,0,0,0,0,1,1,6,1,30,6,1896,2,7,-1,1,-1
2015030000737,2,9,0,3,0,1,0,0,0,0,1,1,6,1,21,5,1995,2,5,-1,1,-1
2015030000738,1,9,0,18,0,1,0,0,1,10,3,1,6,1,26,6,1388,1,9,-1,-1,-1
2015030000738,2,9,0,18,0,1,0,0,0,0,1,1,6,1,53,8,-1,-1,-1,-1,2,-1
2015030000739,1,9,0,18,0,0,0,10,1,7,4,1,6,1,64,9,-1,-1,-1,-1,1,-1
2015030000739,2,21,1,18,0,0,0,0,0,0,0,1,1,1,66,10,12809,2,2,-1,1,-1
2015030000741,1,9,0,18,0,0,1,0,0,0,4,1,6,3,-1,-1,-1,-1,-1,-1,-1,-1
2015030000742,1,9,0,6,0,0,0,0,0,0,3,1,6,1,23,5,1490,1,7,-1,1,-1
2015030000742,2,3,0,14,0,0,0,0,0,0,1,1,6,1,54,8,125,1,1,-1,3,-1
2015030000743,1,9,0,18,0,0,0,0,0,0,0,1,6,2,18,4,-1,-1,-1,-1,3,-1
2015030000747,1,9,0,18,0,8,0,0,0,0,1,1,6,1,70,10,1794,1,11,-1,1,-1
2015030000748,1,9,0,5,0,1,0,0,0,0,2,1,6,2,81,11,998,1,13,-1,3,-1
2015030000748,2,21,0,18,0,1,0,0,0,0,1,1,6,1,49,8,10837,2,2,-1,1,-1
2015030000749,1,5,0,13,0,0,0,0,0,0,3,1,6,1,-1,-1,-1,-1,-1,-1,-1,-1
2015030000749,2,9,0,18,0,0,0,0,0,0,3,1,6,1,84,11,-1,-1,-1,-1,3,-1
2015030000750,1,9,0,18,0,8,0,0,0,0,3,1,6,2,48,8,1124,1,13,-1,2,-1
2015030000750,2,9,0,18,0,1,0,0,0,0,1,1,6,1,59,9,1461,2,2,-1,2,-1
2015030000763,1,9,0,18,0,1,0,0,0,0,3,1,6,3,-1,-1,-1,-1,-1,-1,-1,-1
2015030000767,1,9,0,18,0,0,5,0,1,10,1,1,6,1,19,4,-1,-1,-1,-1,3,-1
2015030000769,1,90,0,3,0,4,0,0,0,0,1,1,6,1,51,8,-1,-1,-1,-1,-1,-1
2015030000769,2,9,0,4,0,4,0,0,0,0,2,1,6,1,45,7,1968,2,4,-1,1,-1
2015030000769,3,9,0,3,0,4,0,0,0,0,2,1,6,1,26,6,1910,2,7,-1,3,-1
2015030000770,1,9,0,13,0,0,0,0,0,0,3,1,6,3,-1,-1,-1,-1,-1,-1,-1,-1
2015030000770,2,1,0,18,0,0,0,0,0,0,3,1,6,1,79,11,-1,-1,-1,-1,1,-1
2015030000775,1,5,0,18,2,1,0,0,0,0,1,1,6,1,19,4,599,1,16,-1,1,-1
2015030000775,2,9,0,9,0,5,0,0,0,0,1,1,6,1,58,9,-1,-1,-1,-1,1,-1
2015030000782,1,21,0,18,0,0,0,0,2,10,1,1,6,1,47,8,-1,-1,-1,-1,1,-1
2015030000783,1,9,0,18,0,0,0,0,0,0,1,1,6,2,26,6,1798,1,13,-1,3,-1
2015030000784,1,9,0,18,0,0,5,0,1,4,1,1,6,1,19,4,-1,-1,-1,-1,3,-1
2015030000787,1,9,0,4,0,0,0,0,0,0,1,1,6,1,22,5,1229,1,9,-1,3,-1
2015030000787,2,9,0,4,0,0,0,0,0,0,0,1,6,1,80,11,-1,-1,-1,-1,2,-1
2015030000788,1,21,1,18,0,0,0,0,1,1,1,1,1,1,47,8,12419,2,-1,-1,2,-1
2015030000789,1,9,0,4,0,1,0,0,0,0,1,1,6,1,68,10,1598,2,1,-1,2,-1
2015030000789,2,9,0,4,0,1,0,0,0,0,2,1,6,2,22,5,1390,1,5,-1,3,-1
2015030000790,1,9,0,17,0,2,1,0,7,10,1,1,6,2,24,5,-1,-1,-1,-1,2,-1
2015030000792,1,4,0,13,0,0,0,0,0,0,0,1,6,3,30,6,-1,-1,-1,-1,-1,-1
2015030000792,2,4,0,13,0,0,0,0,0,0,0,1,6,3,30,6,-1,-1,-1,-1,-1,-1
2015030000792,3,5,0,13,0,0,0,0,1,0,0,1,6,1,54,8,2294,1,7,-1,1,-1
2015030000793,1,9,0,4,0,1,0,0,0,0,1,1,6,3,-1,-1,-1,-1,-1,-1,-1,-1
2015030000793,2,9,0,4,0,1,0,0,0,0,2,1,6,1,29,6,1242,1,14,-1,1,-1
2015030000797,1,9,0,16,0,8,5,0,7,4,1,1,1,1,23,5,-1,-1,-1,-1,3,-1
2015030000803,1,9,0,18,0,1,1,0,0,0,1,1,1,2,19,4,998,1,2,-1,3,-1
2015030000803,2,9,0,18,0,1,0,0,0,0,2,1,1,1,36,7,1984,1,15,-1,2,-1
2015030000803,3,9,0,18,0,1,0,0,0,0,2,1,1,1,57,9,1968,2,4,-1,1,-1
2015030000805,1,9,0,18,0,0,0,0,0,0,1,1,6,1,30,6,1242,1,15,-1,3,-1
2015030000807,1,9,0,18,0,0,1,0,0,0,1,1,6,1,40,7,-1,-1,-1,-1,3,-1
2015030000807,2,9,0,4,0,0,0,0,0,0,2,1,6,2,64,9,-1,-1,-1,-1,3,-1
2015030000808,1,9,0,5,0,3,0,0,0,0,3,1,6,1,44,7,-1,-1,-1,-1,2,-1
2015030000808,2,3,0,9,0,3,0,0,0,0,3,1,6,1,17,4,49,1,6,-1,3,-1
2015030000809,1,4,0,18,0,0,0,0,0,0,0,1,6,1,17,4,124,1,6,-1,1,-1
2015030000835,1,9,0,18,0,1,0,0,0,0,1,1,6,1,62,9,1598,1,6,-1,2,-1
2015030000835,2,9,0,18,0,1,0,0,0,0,4,1,6,1,33,6,1995,2,11,-1,2,-1
2015030000836,1,9,0,7,0,8,0,0,0,0,4,1,6,3,-1,-1,-1,-1,-1,-1,-1,-1
2015030000836,2,1,0,18,0,8,0,0,0,0,1,1,6,1,28,6,-1,-1,-1,-1,1,-1
2015030000847,1,1,0,5,0,2,0,0,0,0,1,1,6,1,36,7,-1,-1,-1,-1,3,-1
2015030000847,2,9,0,3,0,2,0,0,0,0,2,1,6,1,47,8,1329,1,6,-1,1,-1
2015030000848,1,9,0,9,0,1,0,0,0,0,4,1,6,1,22,5,1796,1,8,-1,1,-1
2015030000848,2,9,0,18,0,1,0,0,0,0,1,1,6,2,24,5,1197,1,2,-1,3,-1
2015030000849,1,4,0,4,0,0,0,0,0,0,3,1,6,1,54,8,175,1,47,-1,3,-1
2015030000849,2,9,0,4,0,0,0,0,0,0,3,1,6,2,26,6,1968,2,-1,-1,-1,-1
2015030000850,1,9,0,18,0,0,0,0,0,0,2,1,6,1,-1,-1,-1,-1,-1,-1,-1,-1
2015030000850,2,4,0,18,0,0,1,0,0,0,1,1,6,1,43,7,-1,-1,-1,-1,1,-1
2015030000851,1,9,0,18,0,4,0,0,0,0,1,1,6,1,37,7,1149,1,4,-1,1,-1
2015030000851,2,9,0,18,0,8,0,0,0,0,4,1,6,1,88,11,1198,1,4,-1,1,-1
2015030000852,1,-1,0,18,0,0,0,0,0,0,3,1,6,3,-1,-1,-1,-1,-1,-1,-1,-1
2015030000852,2,9,0,18,0,0,0,0,0,0,3,1,6,2,63,9,1360,1,9,-1,1,-1
2015030000855,1,9,0,17,0,0,2,0,0,0,4,1,6,1,23,5,-1,-1,-1,-1,1,-1
2015030000857,1,9,0,16,0,0,5,0,7,10,1,1,6,1,17,4,1598,1,9,-1,1,-1
2015030000858,1,9,0,16,0,0,0,0,7,10,1,1,6,1,40,7,1396,1,14,-1,1,-1
2015030000858,2,9,0,18,0,0,0,0,0,0,0,1,6,1,30,6,-1,-1,-1,-1,-1,-1
2015030000858,3,9,0,18,0,0,0,0,0,0,0,1,6,1,30,6,-1,-1,-1,-1,-1,-1
2015030000874,1,9,0,9,0,2,0,0,0,0,4,1,6,1,73,10,-1,-1,-1,-1,1,-1
2015030000874,2,1,0,9,0,2,0,0,0,0,3,1,2,1,52,8,-1,-1,-1,-1,1,-1
2015030000875,1,9,0,9,0,6,0,0,0,0,1,1,2,1,44,7,1329,1,2,-1,1,-1
2015030000875,2,9,0,18,0,8,0,0,0,0,1,1,2,2,43,7,2179,2,-1,-1,1,-1
2015030000876,1,9,0,18,0,1,0,0,7,0,1,1,6,1,83,11,1389,1,11,-1,3,-1
2015030000876,2,9,0,10,0,1,0,0,0,0,0,1,6,1,36,7,1995,2,5,-1,2,-1
2015030000880,1,9,0,9,0,7,0,0,1,0,3,1,6,2,24,5,1598,1,3,-1,1,-1
2015030000880,2,9,0,18,0,1,0,0,0,0,1,1,6,1,35,6,1560,2,1,-1,3,-1
2015030000882,1,9,0,9,0,2,0,0,0,0,1,1,6,1,59,9,1388,1,10,-1,2,-1
2015030000882,2,4,0,18,0,1,0,0,0,0,1,1,6,1,21,5,124,1,1,-1,2,-1