Accident_Index,Vehicle_Reference,Vehicle_Type,Towing_and_Articulation,Vehicle_Manoeuvre,Vehicle_Location-Restricted_Lane,Junction_Location,Skidding_and_Overturning,Hit_Object_in_Carriageway,Vehicle_Leaving_Carriageway,Hit_Object_off_Carriageway,1st_Point_of_Impact,Was_Vehicle_Left_Hand_Drive?,Journey_Purpose_of_Driver,Sex_of_Driver,Age_of_Driver,Age_Band_of_Driver,Engine_Capacity_(CC),Propulsion_Code,Age_of_Vehicle,Driver_IMD_Decile,Driver_Home_Area_Type,Vehicle_IMD_Decile
2015030002388,2,9,0,10,0,1,0,0,0,0,4,1,6,2,47,8,1390,1,9,-1,1,-1
2015030002389,1,1,0,16,0,0,0,0,2,10,1,1,6,1,56,9,-1,-1,-1,-1,2,-1
2015030002389,2,9,0,17,0,0,0,0,0,0,0,1,6,2,34,6,1968,2,1,-1,3,-1
2015030002390,1,9,0,9,0,8,0,0,0,0,3,1,6,1,60,9,1461,2,2,-1,2,-1
2015030002390,2,1,0,16,0,1,0,0,0,0,1,1,6,1,49,8,-1,-1,-1,-1,-1,-1
2015030002392,1,5,0,17,0,0,1,0,0,0,3,1,6,1,51,8,865,1,1,-1,1,-1
2015030002396,1,9,0,18,0,0,2,0,1,4,1,1,6,1,32,6,1398,2,7,-1,3,-1
2015030002403,1,9,0,18,0,0,0,0,0,0,1,1,6,1,72,10,1242,1,16,-1,1,-1
2015030002403,2,9,0,18,0,0,0,0,0,0,1,1,6,1,57,9,1998,1,10,-1,1,-1
2015030002404,1,4,0,13,0,0,0,0,0,0,3,1,6,1,43,7,198,1,28,-1,1,-1
2015030002405,1,9,0,12,0,1,0,0,0,0,3,1,1,1,24,5,-1,-1,-1,-1,-1,-1
2015030002405,2,9,0,18,0,1,0,0,0,0,4,1,6,1,54,8,1598,1,5,-1,1,-1
2015030002406,1,3,0,16,5,0,0,0,8,4,1,1,6,1,19,4,-1,-1,-1,-1,1,-1
2015030002407,1,3,0,17,0,0,0,0,0,0,3,1,6,1,45,7,124,1,6,-1,3,-1
2015030002414,1,9,0,18,0,0,0,0,1,10,1,1,6,1,40,7,1956,2,1,-1,1,-1
2015030002419,1,8,0,9,0,1,0,0,0,0,1,1,6,1,83,11,1587,1,9,-1,1,-1
2015030002419,2,9,0,17,0,5,0,0,0,0,1,1,6,1,30,6,1794,1,7,-1,3,-1
2015030002427,1,19,0,18,0,0,0,0,0,0,1,2,6,1,20,4,-1,-1,-1,-1,-1,-1
2015030002427,2,20,2,18,0,0,0,0,0,0,2,2,1,1,34,6,-1,-1,-1,-1,-1,-1
2015030002433,1,9,0,1,0,1,0,0,7,10,3,1,6,1,90,11,1598,1,6,-1,1,-1
2015030002434,1,4,0,18,0,0,1,0,0,0,1,1,6,1,22,5,125,1,11,-1,1,-1
2015030002434,2,9,0,18,0,0,0,0,0,0,2,1,6,1,78,11,1390,1,2,-1,1,-1
2015030002435,1,9,0,9,0,1,0,0,0,0,3,1,6,1,80,11,-1,3,2,-1,3,-1
2015030002435,2,1,0,18,0,1,0,0,0,0,1,1,6,2,45,7,-1,-1,-1,-1,2,-1
2015030002437,1,4,0,18,0,0,0,0,1,7,4,1,6,1,64,9,996,1,8,-1,1,-1
2015030002439,1,9,0,7,0,4,0,0,0,0,3,1,6,2,47,8,1896,2,5,-1,3,-1
2015030002439,2,1,0,18,0,4,0,0,0,0,4,1,6,2,66,10,-1,-1,-1,-1,2,-1
2015030002440,1,9,0,16,0,0,0,0,7,10,1,1,2,2,18,4,-1,-1,-1,-1,3,-1
2015030002441,1,9,0,17,0,0,1,10,2,0,1,1,6,1,25,5,1984,1,3,-1,1,-1
2015030002441,2,9,0,2,6,0,0,0,0,0,0,1,6,1,-1,-1,1997,2,13,-1,1,-1
2015030002441,3,20,1,2,6,0,0,0,0,0,3,1,6,1,-1,-1,-1,-1,-1,-1,1,-1
2015030002442,1,9,0,18,0,0,0,0,5,6,1,1,6,2,36,7,1248,2,7,-1,-1,-1
2015030002443,1,9,0,7,0,8,0,0,0,0,4,1,6,2,46,8,1242,1,13,-1,2,-1
2015030002445,1,9,0,4,0,1,0,0,0,0,1,1,1,1,46,8,1997,2,3,-1,2,-1
2015030002446,1,9,0,18,0,0,0,0,1,9,1,1,6,1,21,5,973,1,17,-1,3,-1
2015030002446,2,19,0,18,0,0,0,0,0,0,1,1,6,1,38,7,2198,2,-1,-1,-1,-1
2015030002452,1,9,0,18,0,0,0,0,0,0,1,1,6,2,55,8,1686,2,3,-1,3,-1
2015030002456,1,9,0,4,0,1,0,0,0,0,4,1,6,2,37,7,1596,1,13,-1,3,-1
2015030002458,1,9,0,9,0,8,0,0,0,0,3,1,6,1,50,8,-1,-1,-1,-1,-1,-1
2015030002460,1,9,0,18,0,1,0,0,0,0,1,1,2,2,22,5,2231,2,9,-1,3,-1
2015030002460,2,9,0,18,0,1,0,0,0,0,2,1,2,2,21,5,999,1,-1,-1,2,-1
2015030002460,3,9,0,18,0,1,0,0,0,0,2,1,2,1,43,7,1991,2,10,-1,2,-1
2015030002460,4,9,0,18,0,1,0,0,0,0,2,1,2,1,21,5,1968,2,9,-1,3,-1
2015030002461,1,21,5,18,0,1,0,0,0,0,1,1,1,2,62,9,-1,2,15,-1,1,-1
2015030002461,2,21,0,3,0,1,0,0,0,0,2,1,1,1,49,8,-1,-1,-1,-1,2,-1
2015030002464,1,9,0,16,0,0,1,0,2,10,4,1,6,1,26,6,1997,2,14,-1,1,-1
2015030002464,2,11,0,18,0,0,0,0,0,0,1,1,1,1,44,7,4461,2,1,-1,3,-1
2015030002465,1,9,0,18,0,0,0,0,0,0,1,1,6,1,59,9,1968,2,9,-1,3,-1
2015030002465,2,9,0,2,0,0,0,0,0,0,2,1,6,1,53,8,1986,2,8,-1,3,-1
2015030002465,3,9,0,2,0,0,0,0,0,0,2,1,6,2,35,6,1870,2,11,-1,2,-1
2015030002468,1,9,0,5,0,1,0,0,0,0,3,1,6,1,61,9,1956,2,1,-1,-1,-1
2015030002468,2,9,0,18,0,1,0,0,0,4,1,1,6,1,42,7,1598,2,-1,-1,-1,-1
2015030002469,1,9,0,18,0,6,0,0,0,0,1,1,6,1,83,11,1753,2,8,-1,1,-1
2015030002469,2,1,0,18,0,2,0,0,0,0,1,1,6,1,58,9,-1,-1,-1,-1,1,-1
2015030002470,1,9,0,17,0,0,0,0,0,0,3,1,6,2,45,7,1364,1,6,-1,2,-1
2015030002470,2,9,0,16,0,0,0,0,0,0,3,1,6,1,61,9,1242,1,2,-1,2,-1
2015030002473,1,9,0,17,0,0,0,0,0,0,1,1,6,1,48,8,-1,-1,-1,-1,2,-1
2015030002473,2,9,0,16,0,0,0,0,0,0,1,1,6,1,64,9,-1,-1,-1,-1,3,-1
2015030002477,1,9,0,18,0,1,0,0,0,0,4,1,6,2,44,7,1995,2,7,-1,1,-1
2015030002477,2,9,0,18,0,1,0,0,0,0,3,1,6,2,44,7,1360,1,9,-1,1,-1
2015030002478,1,9,0,18,0,0,0,0,7,0,1,1,6,1,22,5,1598,1,1,-1,3,-1
2015030002478,2,21,0,18,0,0,0,0,0,0,1,1,6,1,60,9,12777,2,4,-1,3,-1
2015030002480,1,90,0,18,0,0,0,0,0,0,4,1,6,3,-1,-1,-1,-1,-1,-1,-1,-1
2015030002481,1,9,0,18,0,0,5,12,1,1,1,1,6,2,70,10,996,1,2,-1,1,-1
2015030002482,1,9,0,18,0,0,2,0,0,0,1,1,6,2,20,4,1242,1,14,-1,3,-1
2015030002482,2,9,0,18,0,0,1,0,0,0,3,1,6,1,43,7,-1,-1,-1,-1,3,-1
2015030002487,1,19,0,1,9,0,0,0,0,0,2,1,1,1,38,7,2800,2,13,-1,1,-1
2015030002488,1,9,0,14,0,1,0,0,0,0,1,1,6,1,77,11,1596,1,7,-1,2,-1
2015030002488,2,9,0,9,0,5,0,0,0,0,3,1,6,1,87,11,1390,1,14,-1,3,-1
2015030002493,1,19,0,1,0,1,0,0,0,0,4,1,6,1,38,7,2148,2,9,-1,1,-1
2015030002493,2,3,0,18,0,1,0,0,0,0,1,1,6,1,30,6,124,1,-1,-1,-1,-1
2015030002494,1,19,0,5,0,1,0,0,0,0,0,1,1,1,25,5,2198,2,1,-1,2,-1
2015030002494,2,9,0,2,0,1,0,0,0,0,2,1,6,2,33,6,1986,1,4,-1,3,-1
2015030002495,1,20,1,16,0,0,0,0,0,0,1,1,6,1,36,7,-1,-1,-1,-1,1,-1
2015030002495,2,21,0,17,0,0,0,0,0,0,3,1,6,1,26,6,-1,-1,-1,-1,1,-1
2015030002496,1,9,0,18,0,0,5,0,0,0,1,1,6,2,46,8,998,1,1,-1,1,-1
2015030002498,1,9,0,4,0,0,0,0,0,0,1,1,6,3,-1,-1,-1,-1,-1,-1,-1,-1
2015030002498,2,9,0,3,0,0,0,0,0,0,0,1,6,2,54,8,1339,1,1,-1,1,-1
2015030002500,1,19,0,17,0,0,0,0,7,10,4,1,6,1,65,9,1248,2,9,-1,-1,-1
2015030002501,1,9,0,18,0,0,0,0,0,0,0,1,6,3,-1,-1,-1,-1,-1,-1,-1,-1
2015030002501,2,9,0,18,0,0,2,0,1,0,0,1,6,2,21,5,1242,1,6,-1,1,-1
2015030002502,1,9,0,6,0,0,0,0,0,0,1,1,6,1,30,6,1390,1,12,-1,1,-1
2015030002502,2,9,0,18,0,0,0,0,0,0,3,1,6,1,28,6,-1,-1,-1,-1,1,-1
2015030002503,1,90,0,4,5,0,0,0,0,0,0,1,6,1,49,8,-1,-1,-1,-1,3,-1
2015030002504,1,9,0,18,0,4,0,0,0,0,1,1,6,2,32,6,1587,1,14,-1,1,-1
2015030002504,2,1,0,18,0,4,0,0,0,0,2,1,6,1,34,6,-1,-1,-1,-1,1,-1
2015030002508,1,9,0,5,0,2,0,0,0,0,1,1,6,2,58,9,999,1,1,-1,1,-1
2015030002510,1,9,0,6,0,0,0,0,0,0,1,1,6,2,57,9,1198,1,1,-1,1,-1
2015030002510,2,9,0,13,0,0,0,0,0,0,1,1,6,1,77,11,-1,-1,-1,-1,2,-1
2015030002513,1,2,0,4,0,1,1,0,0,0,4,1,6,1,16,4,49,1,-1,-1,3,-1
2015030002521,1,9,0,5,0,2,0,0,0,0,3,1,6,1,25,5,1753,2,8,-1,1,-1
2015030002521,2,9,0,18,0,1,0,0,0,0,4,1,6,2,37,7,1086,1,10,-1,1,-1
2015030002522,1,9,0,5,0,8,0,0,0,0,1,1,6,2,30,6,1396,1,11,-1,1,-1
2015030002522,2,9,0,5,0,8,0,0,0,0,1,1,6,2,54,8,1198,1,2,-1,1,-1
2015030002523,1,11,0,4,0,0,0,0,0,0,0,1,1,1,55,8,4250,2,11,-1,1,-1
2015030002525,1,9,0,1,0,0,0,0,0,0,2,1,6,3,-1,-1,-1,-1,-1,-1,-1,-1
2015030002526,1,9,0,16,0,0,1,0,1,10,1,1,6,1,19,4,1360,1,6,-1,1,-1
2015030002531,1,9,0,18,0,0,0,0,0,0,0,1,6,3,-1,-1,-1,-1,-1,-1,-1,-1
2015030002531,2,5,0,17,0,0,1,0,0,0,3,1,6,1,23,5,599,1,15,-1,2,-1
2015030002534,1,9,0,17,0,0,1,0,0,0,1,1,6,1,17,4,1229,1,10,-1,3,-1
2015030002534,2,9,0,16,0,0,0,0,0,0,1,1,6,2,45,7,998,1,2,-1,3,-1
2015030002534,3,9,0,16,0,0,0,0,0,0,1,1,6,1,32,6,4799,1,4,-1,3,-1
2015030002537,1,19,0,3,0,1,0,0,0,0,1,1,6,1,30,6,1598,2,-1,-1,2,-1
2015030002537,2,19,0,3,0,1,0,0,0,0,2,1,6,1,22,5,-1,-1,-1,-1,1,-1
2015030002537,3,19,0,3,0,1,0,0,0,0,2,1,6,1,62,9,1248,2,-1,-1,1,-1
2015030002538,1,9,0,18,0,0,0,0,0,0,1,1,6,1,45,7,1590,1,13,-1,1,-1
2015030002539,1,9,0,18,0,0,0,0,0,0,4,1,6,2,68,10,1995,2,1,-1,1,-1
2015030002539,2,1,0,18,0,0,0,0,0,0,2,1,6,1,56,9,-1,-1,-1,-1,2,-1
2015030002540,1,9,0,18,0,1,0,0,0,0,1,1,6,1,63,9,2191,2,3,-1,3,-1
2015030002540,2,9,0,4,0,1,0,0,0,0,2,1,6,2,19,4,1296,1,7,-1,1,-1
2015030002541,1,9,0,18,0,0,0,0,0,0,1,1,6,1,20,4,1598,2,2,-1,2,-1
2015030002541,2,9,0,18,0,0,0,0,0,0,2,1,6,1,22,5,1910,2,8,-1,1,-1
2015030002546,1,9,0,18,0,0,0,0,0,0,1,1,6,1,63,9,2656,1,9,-1,1,-1
2015030002546,2,9,0,18,0,0,0,0,0,0,1,1,6,1,48,8,-1,-1,-1,-1,1,-1
2015030002547,1,9,0,13,0,0,0,0,0,0,1,1,2,1,46,8,1753,2,7,-1,1,-1
2015030002547,2,9,0,18,0,0,0,0,1,0,2,1,6,2,30,6,-1,-1,-1,-1,1,-1
2015030002547,3,9,0,18,0,0,0,0,1,0,1,1,6,2,43,7,1198,1,11,-1,3,-1
2015030002547,4,19,0,18,0,0,0,0,1,0,1,1,1,1,38,7,1598,2,1,-1,2,-1
2015030002548,1,9,0,18,0,0,0,0,0,0,1,1,6,1,40,7,1910,2,11,-1,2,-1
2015030002549,1,1,0,18,0,0,0,0,0,0,3,1,2,1,32,6,-1,-1,-1,-1,1,-1
2015030002549,2,9,0,18,0,0,0,0,0,0,1,1,6,2,25,5,1461,2,8,-1,1,-1
2015030002550,1,9,0,16,0,0,0,0,0,0,1,1,1,2,54,8,1598,2,5,-1,3,-1
2015030002550,2,9,0,17,0,0,0,0,0,0,1,1,6,2,43,7,1598,1,8,-1,1,-1
2015030002550,3,9,0,17,0,0,0,0,0,0,1,1,6,2,48,8,1598,1,7,-1,1,-1
2015030002551,1,9,0,16,0,8,2,10,7,0,4,1,6,1,28,6,1493,2,4,-1,3,-1
2015030002552,1,3,0,13,0,8,0,0,0,0,1,1,6,1,21,5,124,1,-1,-1,2,-1
2015030002552,2,90,0,9,0,5,0,0,0,0,3,1,6,1,40,7,-1,-1,-1,-1,2,-1
2015030002553,1,3,0,5,0,1,1,0,0,0,0,1,1,1,20,4,108,1,-1,-1,1,-1
2015030002554,1,9,0,10,0,1,0,0,0,0,1,1,6,1,66,10,1968,2,9,-1,1,-1
2015030002554,2,9,0,18,0,1,0,0,0,0,1,1,6,2,19,4,1560,2,4,-1,3,-1
2015030002554,3,9,0,10,0,1,0,0,0,0,1,1,6,2,-1,-1,1339,1,10,-1,1,-1
2015030002554,4,9,0,18,0,1,0,0,0,0,2,1,6,1,53,8,1998,2,2,-1,3,-1
2015030002555,1,9,0,18,0,0,0,0,0,0,1,1,6,1,63,9,1392,1,17,-1,1,-1
2015030002555,2,9,0,18,0,0,0,0,0,0,2,1,6,2,49,8,-1,-1,-1,-1,1,-1
2015030002556,1,9,0,18,0,4,0,0,0,0,1,1,6,1,62,9,2967,2,8,-1,3,-1
2015030002556,2,1,0,18,0,8,0,0,0,0,2,1,6,1,49,8,-1,-1,-1,-1,3,-1
2015030002562,1,9,0,18,0,0,0,0,0,0,1,1,6,1,41,7,1995,2,10,-1,-1,-1
2015030002565,1,9,0,6,0,0,0,0,0,0,1,1,6,2,76,11,1598,1,1,-1,1,-1
2015030002565,2,9,0,18,0,0,0,0,0,0,4,1,6,1,49,8,1995,2,5,-1,-1,-1
2015030002566,1,1,0,18,0,6,0,0,0,0,2,1,6,1,16,4,-1,-1,-1,-1,1,-1
2015030002567,1,9,0,18,0,0,0,0,6,2,1,1,6,2,40,7,1390,1,13,-1,2,-1
2015030002567,2,9,0,18,0,0,0,0,0,0,1,1,6,2,42,7,1956,2,6,-1,2,-1
2015030002570,1,9,0,4,0,0,0,0,1,4,1,1,6,1,19,4,1199,1,11,-1,3,-1
2015030002570,2,19,0,2,6,0,0,0,0,0,2,1,6,1,38,7,2287,2,1,-1,1,-1
2015030002571,1,9,0,18,0,0,0,0,0,0,1,1,6,3,-1,-1,-1,-1,-1,-1,-1,-1
2015030002572,1,9,0,18,0,0,1,0,1,10,3,1,6,1,18,4,998,1,11,-1,1,-1
2015030002573,1,9,0,18,0,1,0,0,0,0,1,1,6,1,22,5,1499,2,2,-1,1,-1
2015030002573,2,9,0,18,0,1,0,7,1,10,4,1,6,2,25,5,1796,1,12,-1,1,-1
2015030002576,1,9,0,5,0,6,0,0,0,0,4,1,6,2,78,11,1560,2,8,-1,3,-1
2015030002576,2,4,0,9,0,6,0,0,0,0,1,1,6,1,52,8,499,1,37,-1,3,-1
2015030002581,1,9,0,9,0,5,0,0,0,0,4,1,6,1,18,4,1242,1,6,-1,3,-1
2015030002581,2,9,0,18,0,1,0,0,0,0,1,1,6,2,25,5,-1,-1,-1,-1,2,-1
2015030002582,1,9,0,5,0,1,0,0,0,0,1,1,6,1,51,8,1910,2,8,-1,1,-1
2015030002582,2,1,0,18,0,1,0,0,0,0,1,1,6,1,43,7,-1,-1,-1,-1,3,-1
2015030002583,1,9,0,17,0,0,0,0,7,10,1,1,6,2,18,4,1328,1,7,-1,3,-1
2015030002584,1,9,0,18,0,0,0,0,0,0,1,1,6,3,-1,-1,-1,-1,-1,-1,-1,-1
2015030002585,1,19,0,1,0,1,0,0,0,0,2,1,6,3,-1,-1,2148,2,9,-1,-1,-1
2015030002585,2,9,0,2,0,1,0,0,0,0,2,1,6,2,43,7,2720,2,5,-1,3,-1
2015030002586,1,9,0,9,0,2,0,0,0,0,1,1,6,1,59,9,2000,2,10,-1,1,-1
2015030002586,2,1,0,7,0,1,0,0,0,0,1,1,6,1,67,10,-1,-1,-1,-1,1,-1
2015030002590,1,9,0,18,0,8,0,0,0,0,1,1,6,2,18,4,998,1,7,-1,2,-1
2015030002590,2,9,0,18,0,8,0,0,0,0,1,1,6,1,42,7,-1,-1,-1,-1,2,-1
2015030002591,1,9,0,18,0,6,0,0,0,0,1,1,6,3,-1,-1,1796,1,10,-1,-1,-1
2015030002591,2,9,0,18,0,8,0,0,7,0,1,1,6,1,22,5,1590,1,14,-1,3,-1
2015030002592,1,1,0,18,0,0,0,0,0,0,2,1,6,1,9,2,-1,-1,-1,-1,1,-1
2015030002592,2,9,0,18,0,0,0,0,0,0,4,1,6,2,51,8,1796,1,9,-1,1,-1
2015030002593,1,9,0,9,0,6,0,0,0,0,1,1,6,2,18,4,1339,1,9,-1,1,-1
2015030002593,2,9,0,18,0,1,0,0,0,0,1,1,6,2,47,8,1229,1,-1,-1,3,-1
2015030002594,1,9,0,18,0,0,0,0,0,0,1,1,1,1,50,8,-1,-1,-1,-1,-1,-1
2015030002594,2,1,0,18,0,0,0,0,0,0,2,1,6,1,20,4,-1,-1,-1,-1,1,-1
2015030002596,1,9,0,18,0,4,0,0,0,0,1,1,6,2,21,5,1368,1,5,-1,1,-1
2015030002596,2,9,0,18,0,8,0,0,0,0,4,1,6,2,52,8,1242,1,10,-1,1,-1
2015030002598,1,9,0,7,0,6,0,0,0,0,0,1,6,3,-1,-1,-1,-1,-1,-1,-1,-1
2015030002598,2,1,0,18,0,8,0,0,0,0,0,1,6,1,10,2,-1,-1,-1,-1,1,-1
2015030002599,1,9,0,18,0,0,0,0,0,0,3,1,6,1,85,11,1198,1,3,-1,3,-1
2015030002599,2,9,0,18,0,0,0,0,0,0,3,1,6,2,40,7,1598,2,1,-1,-1,-1
2015030002601,1,9,0,7,0,1,0,0,0,0,1,1,6,1,26,6,1896,2,8,-1,1,-1
2015030002601,2,11,0,8,0,1,0,0,0,0,1,1,1,1,24,5,-1,-1,-1,-1,1,-1
2015030002602,1,19,0,18,0,0,1,0,0,0,2,1,6,1,27,6,2143,2,4,-1,1,-1
2015030002602,2,9,0,18,0,0,0,0,0,0,2,1,6,1,62,9,1896,2,8,-1,1,-1
2015030002602,3,9,0,3,0,0,0,0,0,0,2,1,6,1,79,11,1396,2,1,-1,2,-1
2015030002604,1,9,0,18,0,0,0,0,0,0,1,1,6,1,68,10,1896,2,14,-1,1,-1
2015030002604,2,9,0,2,0,0,0,0,0,0,0,1,6,1,50,8,2495,2,11,-1,3,-1
2015030002604,3,9,0,2,0,0,0,0,0,0,3,1,6,2,47,8,1349,1,7,-1,3,-1
2015030002604,4,9,0,2,0,0,0,0,0,0,3,1,6,2,-1,-1,1149,1,10,-1,2,-1
2015030002605,1,9,0,9,0,6,0,0,0,0,1,1,6,1,22,5,1598,1,15,-1,2,-1
2015030002605,2,9,0,18,0,8,0,0,0,0,4,1,6,2,36,7,1248,1,1,-1,3,-1
2015030002608,1,9,0,17,0,1,2,0,1,9,4,1,6,1,47,8,1984,1,9,-1,2,-1
2015030002612,1,1,0,16,0,1,0,0,0,0,3,1,6,1,21,5,-1,-1,-1,-1,3,-1
2015030002612,2,1,0,16,0,1,0,0,0,0,3,1,6,1,36,7,-1,-1,-1,-1,3,-1
2015030002614,1,9,0,1,0,0,0,0,0,0,3,1,6,2,45,7,1769,1,13,-1,1,-1
2015030002617,1,9,0,9,0,6,0,0,0,0,3,1,6,2,34,6,1991,2,6,-1,1,-1
2015030002617,2,9,0,18,0,8,0,0,0,0,1,1,2,1,55,8,1560,2,1,-1,1,-1
2015030002618,1,9,0,9,0,6,0,0,0,0,0,1,6,2,38,7,1968,2,4,-1,1,-1
2015030002618,2,1,0,18,0,6,0,0,0,0,0,1,6,1,51,8,-1,-1,-1,-1,-1,-1
2015030002619,1,5,0,16,0,0,1,0,1,0,1,1,6,1,68,10,847,1,-1,-1,1,-1
2015030002622,1,9,0,12,0,0,0,0,0,0,3,1,6,1,32,6,1896,2,8,-1,2,-1
2015030002622,2,9,0,18,0,0,2,0,0,0,4,1,6,1,48,8,2487,2,15,-1,2,-1
2015030002624,1,10,0,7,0,2,0,0,0,0,1,1,1,1,20,4,-1,-1,-1,-1,1,-1
2015030002633,1,9,0,18,0,0,0,0,0,0,3,1,6,2,29,6,998,1,-1,-1,2,-1
2015030002634,1,9,0,18,0,1,0,0,0,0,1,1,1,1,71,10,2521,1,5,-1,1,-1
2015030002635,1,21,1,4,0,1,1,0,0,0,1,1,1,1,29,6,11967,2,2,-1,1,-1
2015030002635,2,3,0,3,0,1,0,0,0,0,2,1,1,1,50,8,113,1,-1,-1,1,-1
2015030002641,1,9,0,18,0,1,0,0,0,0,4,1,6,1,48,8,1995,2,1,-1,1,-1
2015030002642,1,9,0,18,0,0,0,0,0,0,1,1,6,1,26,6,1796,1,9,-1,-1,-1
2015030002642,2,19,4,4,0,0,0,0,0,0,2,1,1,1,30,6,2198,2,1,-1,2,-1
2015030002643,1,9,0,18,0,1,0,0,0,0,1,1,6,1,43,7,-1,-1,-1,-1,1,-1
2015030002643,2,9,0,3,0,1,0,0,0,0,2,1,6,2,-1,-1,-1,-1,-1,-1,-1,-1
2015030002643,3,9,0,3,0,1,0,0,0,0,2,1,6,2,25,5,1242,1,1,-1,-1,-1
2015030002643,4,9,0,3,0,1,0,0,0,0,2,1,6,1,40,7,-1,-1,-1,-1,1,-1
2015030002644,1,9,0,16,0,0,0,0,0,0,0,1,6,2,70,10,1364,1,9,-1,1,-1
2015030002644,2,1,0,16,0,0,1,0,0,0,0,1,6,2,46,8,-1,-1,-1,-1,2,-1
2015030002645,1,9,0,16,0,0,0,0,1,0,3,1,6,2,18,4,1124,1,10,-1,3,-1
2015030002645,2,9,0,17,0,0,0,0,0,0,3,1,6,1,30,6,-1,-1,-1,-1,2,-1
2015030002645,3,9,0,17,0,0,0,0,1,0,3,1,6,1,58,9,1995,2,3,-1,2,-1
2015030002646,1,9,0,18,0,1,1,0,0,0,1,1,6,1,20,4,973,1,12,-1,2,-1
2015030002646,2,9,0,10,0,1,0,0,0,0,2,1,6,1,38,7,1798,1,6,-1,1,-1
2015030002647,1,11,0,18,0,0,0,0,0,0,1,1,1,1,39,7,4461,2,-1,-1,1,-1
2015030002648,1,9,0,2,0,0,0,0,0,0,0,1,6,2,74,10,1968,2,7,-1,1,-1
2015030002648,2,1,0,18,0,0,0,0,0,0,0,1,6,2,46,8,-1,-1,-1,-1,1,-1
2015030002651,1,9,0,18,0,0,0,0,0,0,1,1,6,2,25,5,1242,1,1,-1,1,-1
2015030002651,2,9,0,2,0,0,0,0,0,0,2,1,6,1,43,7,2959,2,9,-1,1,-1
2015030002651,3,9,0,2,0,0,0,0,0,0,2,1,6,1,43,7,1242,1,2,-1,1,-1
2015030002652,1,9,0,18,0,0,0,0,0,0,1,1,6,1,32,6,-1,-1,-1,-1,1,-1
2015030002652,2,9,0,3,0,0,0,0,0,0,2,1,6,2,47,8,1198,1,4,-1,3,-1
2015030002654,1,9,0,5,0,4,0,0,0,0,1,1,6,1,60,9,1481,2,9,-1,3,-1
2015030002654,2,9,0,18,0,4,0,0,0,0,1,1,6,2,17,4,-1,-1,-1,-1,1,-1
2015030002655,1,1,0,18,0,1,0,0,0,0,1,1,6,1,16,4,-1,-1,-1,-1,2,-1
2015030002655,2,9,0,18,0,1,0,0,0,0,3,1,4,1,47,8,1598,1,13,-1,-1,-1
2015030002656,1,9,0,1,0,1,0,0,0,0,2,1,6,1,30,6,-1,-1,-1,-1,-1,-1
2015030002657,1,9,0,18,0,0,1,0,1,10,1,1,6,1,18,4,1388,1,11,-1,3,-1
2015030002658,1,9,0,18,0,0,0,0,0,0,4,1,6,2,47,8,1560,2,2,-1,3,-1
2015030002660,1,8,0,5,0,0,0,0,0,0,1,1,1,3,-1,-1,-1,-1,-1,-1,-1,-1
2015030002661,1,9,0,12,0,6,0,0,0,0,1,1,6,2,35,6,1598,1,10,-1,1,-1
2015030002661,2,9,0,4,0,1,0,0,0,0,2,1,6,1,40,7,998,1,29,-1,-1,-1
2015030002663,1,9,0,18,0,1,0,0,0,0,1,1,6,1,23,5,1398,1,-1,-1,2,-1
2015030002663,2,9,0,3,0,1,0,0,0,0,2,1,6,2,23,5,1339,1,13,-1,2,-1
2015030002667,1,9,0,9,0,0,0,0,1,0,1,1,6,1,35,6,1588,2,22,-1,2,-1
2015030002673,1,9,0,17,0,0,1,10,8,0,1,1,1,1,58,9,1299,1,11,-1,1,-1
2015030002673,2,9,0,16,0,0,0,0,0,0,0,1,6,2,50,8,1399,2,10,-1,2,-1
2015030002674,1,9,0,18,0,1,0,0,0,0,1,1,6,1,43,7,1461,2,1,-1,1,-1
2015030002679,1,10,0,18,0,0,0,0,0,0,1,1,6,1,25,5,-1,-1,-1,-1,1,-1
2015030002679,2,9,0,18,0,0,0,0,0,0,1,1,6,2,50,8,-1,-1,-1,-1,3,-1
2015030002680,1,9,0,4,0,1,2,0,0,10,1,1,6,2,18,4,1149,1,9,-1,1,-1
2015030002687,1,9,0,18,0,0,0,0,7,10,1,1,6,1,21,5,1199,2,3,-1,3,-1
2015030002690,1,9,0,17,0,0,0,0,1,0,1,1,6,2,61,9,1896,2,7,-1,-1,-1
2015030002691,1,9,0,18,0,0,0,0,0,0,2,1,6,1,79,11,998,1,1,-1,1,-1
2015030002691,2,9,0,4,0,0,0,0,0,0,2,1,6,1,46,8,1997,2,7,-1,3,-1
2015030002691,3,9,0,3,0,0,0,0,0,0,2,1,6,1,51,8,2993,2,1,-1,3,-1
2015030002692,1,9,0,17,0,0,1,0,8,10,2,1,6,2,23,5,1461,2,6,-1,3,-1
2015030002692,2,20,0,18,0,0,0,0,0,0,1,1,1,1,50,8,-1,-1,-1,-1,1,-1
2015030002693,1,9,0,18,0,0,1,0,1,10,1,1,6,2,51,8,1242,1,6,-1,1,-1