Accident_Index,Vehicle_Reference,Vehicle_Type,Towing_and_Articulation,Vehicle_Manoeuvre,Vehicle_Location-Restricted_Lane,Junction_Location,Skidding_and_Overturning,Hit_Object_in_Carriageway,Vehicle_Leaving_Carriageway,Hit_Object_off_Carriageway,1st_Point_of_Impact,Was_Vehicle_Left_Hand_Drive?,Journey_Purpose_of_Driver,Sex_of_Driver,Age_of_Driver,Age_Band_of_Driver,Engine_Capacity_(CC),Propulsion_Code,Age_of_Vehicle,Driver_IMD_Decile,Driver_Home_Area_Type,Vehicle_IMD_Decile
201504ED15475,1,9,0,18,0,6,0,0,0,0,4,1,2,2,18,4,1149,1,6,-1,-1,-1
201504ED15475,2,8,0,18,0,8,0,0,0,0,3,1,1,1,44,7,1968,2,10,-1,1,-1
201504ED15475,3,9,0,18,0,8,0,0,0,0,3,1,2,1,27,6,1461,2,6,-1,1,-1
201504ED15476,1,19,0,18,0,0,0,0,0,0,3,1,6,1,51,8,2148,2,9,-1,1,-1
201504ED15476,2,9,0,18,0,0,0,0,0,0,1,1,6,1,22,5,1910,2,7,-1,1,-1
201504ED15476,3,9,0,2,0,0,0,0,0,0,3,1,6,3,-1,-1,-1,-1,-1,-1,-1,-1
201504ED15477,1,9,0,18,0,0,0,0,0,0,1,1,6,2,47,8,1390,1,12,-1,1,-1
201504ED15477,2,9,0,2,0,0,0,0,0,0,2,1,6,3,-1,-1,998,1,3,-1,-1,-1
201504ED15478,1,9,0,3,0,2,0,0,0,0,1,1,6,2,37,7,1560,2,3,-1,1,-1
201504ED15479,1,1,0,18,9,1,0,0,0,0,0,1,6,1,25,5,-1,-1,-1,-1,1,-1
201504ED15480,1,9,0,18,0,0,0,0,0,0,1,1,6,3,-1,-1,-1,-1,-1,-1,-1,-1
201504ED15481,1,9,0,9,0,6,0,0,0,0,3,1,6,1,59,9,1386,1,9,-1,1,-1
201504ED15482,1,9,0,18,0,0,0,0,0,0,1,1,1,1,58,9,-1,-1,-1,-1,1,-1
201504ED15483,1,9,0,5,0,1,0,0,0,0,1,1,6,1,45,7,2148,2,14,-1,1,-1
201504ED15483,2,9,0,18,0,8,0,0,0,0,1,1,6,1,29,6,1968,2,11,-1,1,-1
201504ED15484,1,2,0,18,0,0,5,0,0,0,1,1,6,1,22,5,49,1,9,-1,1,-1
201504ED15484,2,9,0,2,0,0,0,0,0,0,2,1,6,1,46,8,1956,2,3,-1,1,-1
201504ED15484,3,9,0,2,0,0,0,0,0,0,3,1,6,2,32,6,1242,1,-1,-1,1,-1
201504ED15485,1,3,0,18,0,2,0,0,0,0,1,1,6,1,22,5,102,1,1,-1,1,-1
201504ED15486,1,9,0,18,0,8,0,0,0,0,1,1,6,2,67,10,1248,2,6,-1,1,-1
201504ED15487,1,9,0,12,0,0,0,0,0,0,2,1,1,1,52,8,-1,-1,-1,-1,3,-1
201504ED15487,2,21,1,18,0,0,0,0,0,0,1,1,1,1,45,7,12900,2,4,-1,1,-1
201504ED15488,1,9,0,18,0,0,0,0,0,0,1,1,6,1,42,7,1995,2,-1,-1,3,-1
201504ED15489,1,9,0,18,0,0,0,0,0,0,0,1,6,2,19,4,-1,-1,-1,-1,1,-1
201504ED15490,1,9,0,18,0,1,0,0,0,0,4,1,1,1,60,9,2982,2,3,-1,3,-1
201504ED15491,1,21,0,18,0,4,0,0,3,9,1,1,1,1,52,8,12777,2,2,-1,-1,-1
201504ED15493,1,9,0,18,0,0,2,0,7,10,1,1,6,1,31,6,1229,1,4,-1,1,-1
201504ED15494,1,9,0,18,0,6,0,0,0,0,3,1,6,1,17,4,1389,1,18,-1,-1,-1
201504ED15494,2,9,0,18,0,1,0,0,0,0,1,1,6,1,39,7,1560,2,9,-1,1,-1
201504ED15495,1,9,0,18,0,0,0,0,0,0,1,1,6,1,17,4,1956,2,6,-1,1,-1
201504ED15495,2,9,0,3,0,0,0,0,1,10,1,1,6,1,32,6,1364,2,10,-1,1,-1
201504ED15495,3,9,0,2,0,0,0,0,0,0,3,1,6,3,-1,-1,2926,2,13,-1,-1,-1
201504ED15496,1,2,0,18,0,4,0,0,0,0,4,1,1,1,29,6,50,1,3,-1,-1,-1
201504ED15497,1,9,0,5,0,8,0,0,0,0,1,1,6,2,57,9,998,1,-1,-1,-1,-1
201504ED15497,2,9,0,5,0,8,0,0,0,0,4,1,6,2,25,5,999,1,1,-1,1,-1
201504ED15498,1,8,0,9,0,6,0,0,0,0,1,1,1,1,35,6,1753,2,8,-1,1,-1
201504ED15498,2,9,0,18,0,8,1,0,0,0,4,1,6,2,31,6,1360,1,9,-1,1,-1
201504ED15498,3,8,0,4,0,1,0,0,0,0,1,1,1,1,48,8,1686,2,7,-1,1,-1
201504ED15498,4,9,0,4,0,1,0,0,1,0,3,1,2,1,17,4,1242,1,8,-1,1,-1
201504ED15499,1,8,0,9,0,6,0,0,0,0,1,1,1,1,49,8,1896,2,10,-1,1,-1
201504ED15499,2,9,0,18,0,8,0,0,0,0,1,1,6,1,35,6,1389,1,19,-1,3,-1
201504ED15500,1,9,0,5,0,1,0,0,0,0,3,1,6,1,40,7,1900,2,10,-1,1,-1
201504ED15501,1,9,0,18,0,0,0,0,0,0,1,1,6,2,46,8,1997,2,9,-1,1,-1
201504ED15501,2,9,0,18,0,0,0,0,0,0,2,1,1,1,48,8,1896,2,10,-1,1,-1
201504ED15502,1,9,0,7,0,8,1,6,0,0,1,1,6,1,21,5,1596,1,11,-1,1,-1
201504ED15503,1,9,0,9,0,8,0,0,0,0,3,1,6,1,70,10,998,1,12,-1,1,-1
201504ED15503,2,1,0,18,0,8,0,0,0,0,1,1,6,1,49,8,-1,-1,-1,-1,1,-1
201504ED15504,1,9,0,18,0,0,0,0,0,0,4,1,6,3,-1,-1,-1,-1,-1,-1,-1,-1
201504ED15504,2,9,0,18,0,0,0,0,0,0,3,1,6,1,47,8,1595,1,2,-1,1,-1
201504ED15505,1,9,0,3,0,0,0,0,0,0,0,1,6,3,64,9,-1,-1,-1,-1,-1,-1
201504ED15506,1,9,0,9,0,8,5,0,0,0,4,1,6,2,68,10,1149,1,10,-1,1,-1
201504ED15506,2,9,0,18,0,8,0,0,0,0,1,1,6,2,42,7,1596,1,8,-1,1,-1
201504ED15507,1,3,0,18,0,1,0,0,0,0,1,1,6,1,23,5,125,1,10,-1,1,-1
201504ED15507,2,9,0,18,0,1,0,0,0,0,3,1,6,2,54,8,1796,1,7,-1,1,-1
201504ED15508,1,9,0,18,0,7,2,0,5,6,1,1,6,2,27,6,1596,1,10,-1,1,-1
201504ED15509,1,9,0,18,0,8,0,0,3,4,1,1,6,1,21,5,998,1,1,-1,1,-1
201504ED15509,2,9,0,18,0,8,0,0,0,0,2,1,6,1,38,7,1598,1,15,-1,1,-1
201504ED15510,1,19,0,18,0,1,0,0,0,0,1,1,1,1,26,6,2402,2,5,-1,-1,-1
201504ED15510,2,9,0,9,0,1,0,0,0,0,2,1,2,2,53,8,1587,1,12,-1,1,-1
201504ED15511,1,9,0,18,0,0,0,0,0,0,4,1,6,2,25,5,1956,2,5,-1,1,-1
201504ED15512,1,5,0,16,0,0,2,0,0,0,1,1,6,1,30,6,649,1,8,-1,1,-1
201504ED15512,2,8,0,17,0,0,0,0,0,0,1,1,6,2,36,7,2143,2,1,-1,1,-1
201504ED15513,1,9,0,3,0,1,0,0,0,0,2,1,6,1,32,6,1896,2,8,-1,1,-1
201504ED15513,2,9,0,4,0,1,0,0,0,0,1,1,6,1,48,8,1796,1,10,-1,1,-1
201504ED15514,1,3,0,4,0,1,0,0,0,0,1,1,6,1,18,4,-1,-1,-1,-1,1,-1
201504ED15514,2,9,0,4,0,1,0,0,0,0,2,1,6,1,48,8,1596,1,6,-1,2,-1
201504ED15515,1,8,0,9,0,6,0,0,0,0,3,1,1,1,53,8,1896,2,5,-1,1,-1
201504ED15517,1,11,0,4,0,1,0,0,0,0,0,1,6,1,57,9,6374,2,5,-1,1,-1
201504ED15518,1,9,0,18,0,0,0,0,0,0,1,1,6,1,35,6,-1,-1,-1,-1,1,-1
201504ED15518,2,90,0,18,0,0,0,0,0,0,1,1,6,1,19,4,-1,-1,-1,-1,1,-1
201504ED15519,1,9,0,9,0,6,0,0,0,0,1,1,6,1,55,8,1796,1,8,-1,1,-1
201504ED15519,2,9,0,18,0,8,0,0,0,0,1,1,6,1,30,6,1910,2,9,-1,1,-1
201504ED15520,1,8,0,5,0,0,0,0,0,0,0,1,1,1,36,7,1896,2,11,-1,1,-1
201504ED15521,1,9,0,18,0,8,0,0,0,0,1,1,6,1,28,6,998,1,7,-1,1,-1
201504ED15521,2,9,0,5,0,8,0,0,0,0,3,1,6,1,22,5,1984,1,4,-1,1,-1
201504ED15522,1,9,0,18,0,1,0,0,0,0,1,1,6,1,43,7,2497,2,9,-1,1,-1
201504ED15522,2,9,0,6,0,8,0,0,0,0,2,1,6,1,52,8,1587,1,9,-1,1,-1
201504ED15523,1,5,0,7,0,0,1,0,0,0,1,1,6,1,30,6,599,1,12,-1,1,-1
201504ED15523,2,9,0,18,0,0,0,0,0,0,1,1,6,2,73,10,1598,2,4,-1,3,-1
201504ED15524,1,9,0,3,0,0,0,0,0,0,1,1,6,3,-1,-1,1896,2,17,-1,-1,-1
201504ED15524,2,9,0,4,0,0,0,0,0,0,2,1,6,1,28,6,1998,1,9,-1,1,-1
201504ED15525,1,9,0,4,0,8,0,0,0,0,1,1,6,2,19,4,1229,1,2,-1,3,-1
201504ED15525,2,9,0,4,0,1,0,0,0,0,1,1,6,2,22,5,1242,1,2,-1,1,-1
201504ED15525,3,9,0,10,0,1,0,0,0,0,2,1,6,1,33,6,1910,2,7,-1,-1,-1
201504ED15526,1,9,0,18,0,0,1,0,1,10,1,1,6,3,-1,-1,3189,1,10,-1,-1,-1
201504ED15527,1,9,0,18,0,6,0,0,0,0,0,1,1,1,51,8,1499,2,1,-1,2,-1
201504ED15528,1,3,0,18,0,0,1,0,0,0,1,1,6,1,34,6,124,1,6,-1,1,-1
201504ED15528,2,9,0,18,0,0,0,0,0,0,1,1,6,3,-1,-1,1590,1,14,-1,-1,-1
201504ED15529,1,9,0,18,0,0,0,0,0,0,1,1,6,2,24,5,998,1,14,-1,1,-1
201504ED15529,2,9,0,3,0,0,0,0,0,0,2,1,6,1,46,8,1499,2,-1,-1,1,-1
201504ED15530,1,9,0,9,0,8,0,0,4,1,4,1,2,2,44,7,2993,2,11,-1,2,-1
201504ED15530,2,9,0,18,0,8,0,0,0,0,1,1,2,1,39,7,1896,2,10,-1,1,-1
201504ED15531,1,9,0,18,0,5,0,0,0,0,4,1,6,3,-1,-1,-1,-1,-1,-1,-1,-1
201504ED15532,1,9,0,18,0,1,1,0,0,0,1,1,6,1,41,7,1200,1,-1,-1,1,-1
201504ED15532,2,9,0,18,0,1,0,0,0,0,1,1,6,1,49,8,1598,1,7,-1,1,-1
201504ED15533,1,9,0,4,0,1,0,0,0,0,1,1,6,1,22,5,1900,2,15,-1,1,-1
201504ED15533,2,9,0,3,0,1,0,0,0,0,2,1,6,2,55,8,1995,2,5,-1,1,-1
201504ED15534,1,9,0,18,0,0,1,0,5,0,1,1,2,1,42,7,1598,2,4,-1,1,-1
201504ED15534,2,9,0,18,0,0,1,0,0,0,2,1,2,1,27,6,1198,1,11,-1,1,-1
201504ED15535,1,9,0,18,0,0,5,0,2,7,4,1,6,1,52,8,1798,1,10,-1,1,-1
201504ED15536,1,9,0,18,0,0,0,0,0,0,1,1,6,1,28,6,1560,2,9,-1,1,-1
201504ED15536,2,9,0,2,0,0,0,0,1,2,1,1,6,3,-1,-1,1149,1,8,-1,-1,-1
201504ED15536,3,9,0,2,0,0,0,0,0,0,2,1,6,3,-1,-1,1388,1,11,-1,-1,-1
201504ED15537,1,9,0,18,0,8,0,7,0,0,1,1,6,2,40,7,998,1,1,-1,1,-1
201504ED15537,2,9,0,18,0,8,0,0,0,0,3,1,6,1,25,5,1997,2,10,-1,1,-1
201504ED15538,1,9,0,5,0,0,0,0,0,0,1,1,6,2,34,6,1799,1,9,-1,-1,-1
201504ED15538,2,3,0,18,0,0,0,0,0,0,1,1,2,1,60,9,124,1,1,-1,-1,-1
201504ED15539,1,9,0,9,0,6,0,0,0,0,1,1,6,2,28,6,1956,2,3,-1,1,-1
201504ED15539,2,9,0,18,0,8,0,0,0,0,4,1,3,2,33,6,1299,1,7,-1,1,-1
201504ED15540,1,9,0,9,0,8,0,0,0,0,1,1,6,2,39,7,1968,2,1,-1,1,-1
201504ED15540,2,9,0,18,0,8,0,0,0,0,1,1,6,1,41,7,1968,2,6,-1,1,-1
201504ED15541,1,9,0,9,0,0,0,0,0,0,3,1,6,2,44,7,1794,1,12,-1,1,-1
201504ED15541,2,4,0,18,0,0,0,0,0,0,1,1,6,1,22,5,471,1,2,-1,1,-1
201504ED15542,1,9,0,18,0,4,0,0,1,9,1,1,6,1,20,4,1984,1,1,-1,1,-1
201504ED15543,1,9,0,9,0,3,0,0,0,0,1,1,6,2,70,10,1229,1,7,-1,1,-1
201504ED15544,1,9,0,5,0,8,0,0,0,0,1,1,6,1,20,4,2148,2,8,-1,1,-1
201504ED15544,2,9,0,5,0,8,0,0,0,0,2,1,6,1,35,6,1896,2,5,-1,1,-1
201504ED15545,1,9,0,12,0,0,0,0,0,0,2,1,6,2,25,5,1229,1,3,-1,1,-1
201504ED15545,2,9,0,18,0,0,0,0,0,0,1,1,2,1,63,9,1686,2,1,-1,1,-1
201504ED15546,1,3,0,18,0,1,1,0,0,0,3,1,6,1,32,6,125,1,-1,-1,1,-1
201504ED15547,1,9,0,6,0,8,0,0,0,0,4,1,6,1,61,9,1598,1,9,-1,1,-1
201504ED15547,2,5,0,18,0,8,0,0,0,0,1,1,6,1,49,8,680,1,8,-1,1,-1
201504ED15548,1,9,0,9,0,6,0,0,0,0,3,1,6,2,21,5,1149,1,11,-1,1,-1
201504ED15548,2,9,0,18,0,8,0,0,0,0,1,1,6,2,47,8,796,1,12,-1,1,-1
201504ED15549,1,20,0,2,0,0,0,0,0,0,0,1,1,1,-1,-1,-1,-1,-1,-1,-1,-1
201504ED15550,1,9,0,9,0,8,0,0,0,0,1,1,6,1,17,4,1248,1,-1,-1,1,-1
201504ED15550,2,9,0,9,0,8,0,0,0,7,1,1,6,1,53,8,1398,1,5,-1,1,-1
201504ED15551,1,8,0,18,0,0,0,0,0,0,1,1,6,1,43,7,1686,2,10,-1,1,-1
201504ED15552,1,9,0,9,0,2,0,0,0,0,1,1,4,1,19,4,1149,1,10,-1,1,-1
201504ED15552,2,9,0,5,0,2,0,0,0,0,1,1,6,1,63,9,2993,2,7,-1,1,-1
201504ED15553,1,9,0,18,0,1,0,0,0,0,1,1,6,1,21,5,1398,2,12,-1,1,-1
201504ED15553,2,9,0,5,0,8,0,0,0,0,4,1,3,2,42,7,998,1,3,-1,1,-1
201504ED15554,1,9,0,16,0,0,1,0,0,0,1,1,6,1,25,5,1124,1,14,-1,1,-1
201504ED15554,2,9,0,18,0,0,0,0,0,0,1,1,6,1,34,6,2188,2,6,-1,1,-1
201504ED15555,1,19,0,4,0,0,0,0,0,0,1,1,2,1,27,6,2464,2,5,-1,1,-1
201504ED15555,2,9,0,4,0,0,0,0,0,0,2,1,6,1,23,5,1242,1,10,-1,3,-1
201504ED15555,3,9,0,4,0,0,0,0,0,0,2,1,2,1,53,8,-1,-1,-1,-1,2,-1
201504ED15556,1,9,0,18,0,0,0,0,0,0,1,1,6,2,74,10,1390,1,15,-1,-1,-1
201504ED15557,1,9,0,6,0,0,0,0,7,0,1,1,6,2,21,5,1198,1,1,-1,1,-1
201504ED15557,2,5,0,15,0,0,0,0,7,0,1,1,6,1,23,5,1340,1,6,-1,1,-1
201504ED15558,1,9,0,18,0,8,1,0,5,6,1,1,2,1,41,7,2993,2,1,-1,3,-1
201504ED15558,2,9,0,18,0,8,1,0,0,0,3,1,6,1,45,7,1461,2,11,-1,-1,-1
201504ED15559,1,9,0,18,0,0,0,0,0,0,1,1,6,1,28,6,1388,1,10,-1,1,-1
201504ED15559,2,9,0,18,0,0,0,0,0,0,1,1,6,1,20,4,2831,2,22,-1,1,-1
201504ED15559,3,9,0,18,0,0,0,0,0,0,1,1,6,1,70,10,1896,2,14,-1,1,-1
201504ED15559,4,9,0,18,0,0,0,0,0,0,1,1,6,1,63,9,-1,-1,-1,-1,1,-1
201504ED15560,1,9,0,4,0,1,0,0,0,0,2,1,6,1,27,6,1588,1,12,-1,3,-1
201504ED15560,2,9,0,4,0,1,0,0,0,0,1,1,6,1,-1,-1,2967,1,14,-1,-1,-1
201504ED15561,1,3,0,18,0,8,2,0,0,0,1,1,6,1,20,4,124,1,6,-1,1,-1
201504ED15561,2,9,0,10,0,8,0,0,0,0,1,1,1,1,21,5,-1,-1,-1,-1,1,-1
201504ED15562,1,9,0,18,0,4,0,0,0,0,3,1,6,1,25,5,1968,2,9,-1,-1,-1
201504ED15562,2,9,0,18,0,4,0,0,0,0,1,1,6,2,30,6,1390,1,10,-1,-1,-1
201504ED15563,1,19,0,18,0,6,0,0,0,0,1,1,1,1,25,5,1560,2,2,-1,1,-1
201504ED15563,2,9,0,3,0,1,0,0,0,0,3,1,6,1,31,6,1198,1,1,-1,-1,-1
201504ED15564,1,9,0,17,0,0,5,0,0,10,1,1,6,2,25,5,1984,1,1,-1,1,-1
201504ED15565,1,9,0,9,0,5,0,0,0,0,1,1,6,1,44,7,1595,1,9,-1,1,-1
201504ED15566,1,9,0,18,0,0,0,0,1,0,1,1,6,2,70,10,998,1,1,-1,1,-1
201504ED15566,2,9,0,18,0,0,0,0,1,1,1,1,6,1,68,10,1995,2,8,-1,1,-1
201504ED15567,1,1,0,18,0,8,1,0,0,0,1,1,6,1,35,6,-1,-1,-1,-1,1,-1
201504ED15567,2,19,0,18,0,8,1,0,0,0,4,1,6,1,43,7,-1,-1,-1,-1,1,-1
201504ED15568,1,9,0,18,0,0,1,0,5,6,1,1,6,2,29,6,1560,2,5,-1,1,-1
201504ED15568,2,9,0,18,0,0,1,4,0,0,1,1,6,1,22,5,1499,2,-1,-1,2,-1
201504ED15568,3,9,0,18,0,0,0,4,0,0,3,1,6,2,22,5,1400,1,16,-1,3,-1
201504ED15569,1,9,0,16,0,8,0,0,0,0,1,1,6,1,22,5,1124,1,11,-1,3,-1
201504ED15569,2,9,0,17,0,8,0,0,0,0,1,1,6,2,20,4,1560,2,3,-1,1,-1
201504ED15569,3,9,0,18,0,8,0,0,0,0,1,1,6,2,63,9,999,1,1,-1,3,-1
201504ED15570,1,9,0,4,0,1,0,0,0,0,4,1,1,2,60,9,1598,1,9,-1,-1,-1
201504ED15571,1,9,0,18,0,0,0,0,0,0,1,1,6,2,49,8,1598,2,-1,-1,1,-1
201504ED15571,2,9,0,18,0,0,0,0,1,10,1,1,6,1,33,6,1896,2,14,-1,1,-1
201504ED15572,1,4,0,18,0,1,0,0,0,0,0,1,6,1,40,7,249,1,21,-1,1,-1
201504ED15573,1,19,0,9,0,8,0,0,0,0,1,1,6,1,53,8,1968,2,11,-1,1,-1
201504ED15573,2,2,0,9,0,8,0,0,0,0,1,1,6,2,24,5,49,1,-1,-1,1,-1
201504ED15574,1,9,0,5,0,4,0,0,0,0,1,1,6,2,71,10,998,1,5,-1,1,-1
201504ED15574,2,2,0,9,0,8,0,0,0,0,4,1,6,1,16,4,49,1,-1,-1,1,-1
201504ED15574,3,9,0,3,0,1,0,0,0,0,3,1,6,2,43,7,1598,1,10,-1,1,-1
201504ED15575,1,9,0,18,0,0,1,0,0,0,1,1,6,1,26,6,1870,2,12,-1,1,-1
201504ED15575,2,9,0,4,0,0,0,0,0,0,2,1,6,1,59,9,1598,1,3,-1,1,-1
201504ED15575,3,9,0,4,0,0,0,0,0,0,1,1,6,1,34,6,1339,1,13,-1,1,-1
201504ED15576,1,3,0,18,0,0,1,0,0,0,0,1,6,1,19,4,123,1,-1,-1,1,-1
201504ED15577,1,9,0,18,0,4,0,0,0,0,1,1,6,3,-1,-1,998,1,14,-1,-1,-1
201504ED15577,2,9,0,5,0,4,0,0,0,0,3,1,6,1,24,5,1794,1,12,-1,1,-1
201504ED15578,1,4,0,18,0,0,0,0,0,0,1,1,6,1,23,5,250,1,-1,-1,1,-1
201504ED15580,1,9,0,17,0,0,0,0,0,4,1,1,2,1,47,8,1997,2,16,-1,1,-1
201504ED15581,1,19,0,18,0,0,1,0,1,7,1,1,6,1,22,5,1870,2,10,-1,1,-1
201504ED15582,1,90,0,8,0,0,0,0,0,0,1,1,6,1,40,7,-1,-1,-1,-1,2,-1
201504ED15582,2,9,0,8,0,0,0,0,0,0,4,1,6,2,42,7,1388,1,13,-1,2,-1
201504ED15583,1,19,0,1,0,1,0,0,0,0,2,1,1,1,27,6,2143,2,2,-1,1,-1
201504ED15583,2,8,0,3,0,1,0,0,0,0,1,1,6,1,32,6,1762,6,15,-1,1,-1
201504ED15584,1,9,0,5,0,6,0,0,0,0,1,1,6,1,29,6,1796,1,16,-1,1,-1
201504ED15584,2,9,0,17,0,2,0,0,0,0,1,1,1,1,28,6,1997,2,13,-1,1,-1
201504ED15585,1,11,0,7,0,4,0,0,0,0,3,1,1,2,53,8,4250,2,16,-1,1,-1
201504ED15585,2,90,0,18,0,8,0,0,0,0,1,1,6,1,80,11,-1,-1,-1,-1,1,-1
201504ED15586,1,9,0,16,0,0,0,0,0,0,1,1,2,1,38,7,1598,1,9,-1,1,-1
201504ED15586,2,9,0,18,0,0,0,0,1,0,1,1,2,1,47,8,1870,2,12,-1,1,-1
201504ED15587,1,9,0,18,0,2,0,0,0,0,3,1,6,1,52,8,1969,2,1,-1,1,-1
201504ED15588,1,9,0,5,0,2,0,0,0,0,1,1,6,3,-1,-1,-1,-1,-1,-1,-1,-1
201504ED15589,1,9,0,4,0,0,0,0,0,0,1,1,6,3,-1,-1,-1,-1,-1,-1,-1,-1
201504ED15590,1,9,0,18,0,1,1,0,1,10,1,1,6,1,20,4,1242,1,-1,-1,1,-1
201504ED15590,2,9,0,9,0,2,0,0,1,0,3,1,6,1,34,6,1753,2,10,-1,1,-1
201504ED15591,1,9,0,9,0,6,0,0,1,1,3,1,6,1,68,10,1199,1,1,-1,2,-1
201504ED15591,2,9,0,18,0,1,0,0,0,0,1,1,2,2,49,8,1364,1,8,-1,1,-1
201504ED15592,1,20,0,5,0,2,0,0,0,0,0,1,1,1,47,8,2998,2,5,-1,-1,-1
201504ED15592,2,3,0,18,0,1,1,0,0,0,0,1,1,2,45,7,125,1,4,-1,1,-1
201504ED15593,1,9,0,18,0,8,5,0,0,0,1,1,6,2,32,6,1796,1,13,-1,1,-1
201504ED15593,2,9,0,2,0,8,0,0,0,0,1,1,6,3,-1,-1,1242,1,12,-1,-1,-1
201504ED15594,1,9,0,11,0,1,0,0,0,0,4,1,2,2,64,9,973,1,13,-1,1,-1
201504ED15594,2,9,0,5,0,2,0,0,0,0,3,1,6,2,81,11,1360,1,11,-1,-1,-1
201504ED15595,1,9,0,9,0,1,0,0,0,0,4,1,6,2,69,10,998,1,3,-1,1,-1
201504ED15595,2,9,0,18,0,1,0,0,0,0,1,1,6,1,21,5,2967,2,8,-1,-1,-1
201504ED15595,3,9,0,2,0,1,0,0,0,0,2,1,6,3,-1,-1,1598,2,1,-1,-1,-1
201504ED15596,1,8,0,1,0,0,0,0,0,0,2,1,1,1,51,8,1497,8,8,-1,1,-1
201504ED15597,1,9,0,18,0,0,0,0,0,0,1,1,2,2,25,5,1388,1,11,-1,1,-1
201504ED15598,1,9,0,18,0,0,0,0,0,0,1,1,1,2,24,5,996,1,2,-1,3,-1
201504ED15598,2,9,0,18,0,0,0,0,0,0,2,1,1,1,61,9,1995,2,1,-1,3,-1
201504ED15599,1,11,0,18,0,8,1,0,0,0,1,1,1,1,64,9,-1,2,16,-1,1,-1
201504ED15599,2,9,0,3,0,8,0,0,0,0,2,1,6,1,43,7,1199,1,13,-1,1,-1
201504ED15600,1,9,0,18,0,1,0,0,0,0,1,1,6,2,27,6,1299,1,11,-1,1,-1
201504ED15600,2,8,0,3,0,1,0,0,0,0,2,1,1,1,54,8,2204,2,8,-1,1,-1
201504ED15601,1,9,0,18,0,1,1,0,0,0,1,1,6,2,18,4,1197,1,5,-1,2,-1
201504ED15602,1,9,0,18,0,1,0,0,0,0,1,1,6,3,-1,-1,-1,-1,-1,-1,-1,-1
201504ED15602,2,9,0,5,0,1,0,0,0,0,2,1,1,1,31,6,1995,2,8,-1,1,-1
201504ED15603,1,9,0,4,0,1,0,0,0,0,1,1,1,1,28,6,1582,2,3,-1,1,-1
201504ED15603,2,9,0,4,0,1,0,0,0,0,2,1,6,1,30,6,973,1,14,-1,1,-1
201504ED15604,1,9,0,5,0,2,0,0,0,0,1,1,3,2,38,7,1896,2,12,-1,1,-1
201504ED15604,2,1,0,18,0,8,0,12,0,0,1,1,6,1,37,7,-1,-1,-1,-1,1,-1
201504ED15605,1,9,0,9,0,1,0,0,0,0,1,1,6,2,56,9,1598,1,2,-1,1,-1
201504ED15605,2,9,0,4,0,1,0,0,0,0,1,1,6,1,38,7,1900,2,15,-1,1,-1
201504ED15606,1,9,0,18,0,2,0,4,0,0,1,1,6,1,32,6,1997,2,10,-1,1,-1
201504ED15606,2,9,0,2,0,2,0,0,1,0,2,1,6,1,45,7,1197,1,5,-1,1,-1
201504ED15607,1,9,0,9,0,8,0,0,0,0,4,1,6,2,68,10,998,1,-1,-1,1,-1
201504ED15607,2,2,0,18,0,1,0,0,0,0,1,1,6,1,17,4,49,1,1,-1,-1,-1
201504ED15608,1,9,0,9,0,2,0,0,0,0,1,1,6,2,20,4,1242,1,-1,-1,1,-1
201504ED15608,2,9,0,18,0,1,0,0,0,0,1,1,2,1,44,7,-1,3,-1,-1,1,-1
201504ED15609,1,9,0,9,0,6,0,0,0,0,1,1,1,1,40,7,1686,2,10,-1,1,-1
201504ED15609,2,9,0,18,0,1,0,0,0,0,3,1,4,2,29,6,2685,2,13,-1,1,-1
201504ED15610,1,9,0,1,8,0,0,0,0,0,2,1,6,1,-1,-1,-1,-1,-1,-1,-1,-1
201504ED15610,2,1,0,18,6,0,0,0,0,1,2,1,6,1,24,5,-1,-1,-1,-1,1,-1
201504ED15611,1,9,0,18,0,0,0,0,0,0,4,1,6,1,27,6,1461,2,1,-1,1,-1
201504ED15612,1,1,0,6,0,5,0,0,0,0,1,1,6,1,37,7,-1,-1,-1,-1,1,-1
201504ED15612,2,9,0,18,0,1,0,0,0,0,1,1,6,3,-1,-1,-1,-1,-1,-1,-1,-1
201504ED15613,1,9,0,18,0,1,0,0,0,1,1,1,6,1,81,11,1198,1,5,-1,3,-1
201504ED15615,1,9,0,8,0,8,0,0,0,0,1,1,6,3,-1,-1,-1,-1,-1,-1,-1,-1
201504ED15615,2,9,0,18,0,8,0,0,0,0,3,1,1,1,45,7,2993,2,2,-1,-1,-1
201504ED15616,1,90,0,1,0,5,0,0,0,0,2,1,6,1,33,6,-1,-1,-1,-1,1,-1
201504ED15617,1,9,0,18,0,1,0,0,0,0,1,1,1,1,43,7,1994,2,12,-1,1,-1
201504ED15618,1,3,0,18,0,0,1,0,0,0,1,1,2,1,23,5,124,1,1,-1,-1,-1
201504ED15619,1,9,0,18,0,0,0,0,0,0,1,1,6,2,58,9,1198,1,1,-1,1,-1
201504ED15619,2,9,0,2,0,0,1,0,0,0,1,1,6,3,-1,-1,1896,2,8,-1,-1,-1
201504ED15620,1,9,0,2,0,0,0,0,0,0,1,1,1,1,33,6,1390,1,11,-1,1,-1
201504ED15621,1,9,0,17,0,0,0,0,7,9,1,1,2,2,29,6,1587,1,9,-1,1,-1
201504ED15622,1,9,0,18,0,0,2,0,1,2,3,1,6,2,20,4,1299,1,10,-1,-1,-1
201504ED15623,1,11,0,18,0,1,0,0,0,0,1,1,1,1,62,9,5900,2,15,-1,1,-1
201504ED15624,1,9,0,18,0,1,0,0,0,0,4,1,6,1,70,10,-1,-1,-1,-1,1,-1