Accident_Index,Vehicle_Reference,Vehicle_Type,Towing_and_Articulation,Vehicle_Manoeuvre,Vehicle_Location-Restricted_Lane,Junction_Location,Skidding_and_Overturning,Hit_Object_in_Carriageway,Vehicle_Leaving_Carriageway,Hit_Object_off_Carriageway,1st_Point_of_Impact,Was_Vehicle_Left_Hand_Drive?,Journey_Purpose_of_Driver,Sex_of_Driver,Age_of_Driver,Age_Band_of_Driver,Engine_Capacity_(CC),Propulsion_Code,Age_of_Vehicle,Driver_IMD_Decile,Driver_Home_Area_Type,Vehicle_IMD_Decile
201504ED15625,1,9,0,18,0,0,5,0,0,10,1,1,2,2,37,7,1997,2,14,-1,1,-1
201504ED15626,1,9,0,18,0,0,0,0,1,1,1,1,6,1,22,5,1149,1,16,-1,3,-1
201504ED15627,1,8,0,16,0,8,0,0,0,0,4,1,1,1,25,5,1910,2,7,-1,1,-1
201504ED15628,1,8,0,9,0,8,0,0,0,0,1,1,1,1,39,7,1968,2,7,-1,1,-1
201504ED15629,1,9,0,18,0,0,0,0,1,2,4,1,6,1,21,5,1360,1,15,-1,-1,-1
201504ED15630,1,8,0,18,0,0,5,10,1,10,1,1,1,1,48,8,1198,1,5,-1,-1,-1
201504ED15631,1,9,0,18,0,0,1,0,0,0,1,1,6,1,-1,-1,-1,-1,-1,-1,1,-1
201504ED15631,2,9,0,3,0,0,0,0,0,0,2,1,6,1,30,6,1995,2,11,-1,1,-1
201504ED15632,1,9,0,18,0,0,1,0,0,0,3,1,6,1,38,7,2143,2,-1,-1,1,-1
201504ED15632,2,9,0,18,0,0,0,0,0,0,4,1,6,1,42,7,1364,1,9,-1,1,-1
201504ED15633,1,9,0,18,0,1,0,0,0,7,1,1,1,1,49,8,1796,1,12,-1,1,-1
201504ED15633,2,5,0,10,0,1,0,0,0,0,2,1,6,1,33,6,-1,-1,-1,-1,1,-1
201504ED15634,1,9,0,5,0,2,0,0,0,0,1,1,6,1,64,9,1229,1,2,-1,1,-1
201504ED15635,1,21,1,18,0,0,0,4,0,0,1,1,1,1,37,7,10518,2,5,-1,1,-1
201504ED15635,2,19,0,4,0,0,0,4,0,0,2,1,6,1,61,9,2402,2,9,-1,1,-1
201504ED15635,3,9,0,4,0,0,0,4,0,0,2,1,6,1,72,10,1497,8,10,-1,1,-1
201504ED15636,1,9,0,9,0,1,0,0,0,0,1,1,6,2,21,5,1229,1,4,-1,1,-1
201504ED15636,2,9,0,17,0,2,0,0,0,0,1,1,6,2,39,7,1199,1,14,-1,1,-1
201504ED15637,1,19,0,18,0,1,0,0,0,0,2,1,1,1,59,9,2143,2,3,-1,1,-1
201504ED15637,2,19,0,18,0,1,1,0,0,0,1,1,1,1,53,8,2488,2,8,-1,1,-1
201504ED15637,3,9,0,10,0,1,0,0,0,0,0,1,6,1,47,8,1398,1,-1,-1,-1,-1
201504ED15638,1,9,0,18,0,0,0,0,0,0,1,1,6,2,27,6,1497,1,10,-1,1,-1
201504ED15638,2,9,0,2,0,0,0,0,1,10,1,1,6,3,-1,-1,1242,1,3,-1,-1,-1
201504ED15638,3,9,0,2,0,0,0,0,0,0,1,1,1,3,-1,-1,1995,2,2,-1,-1,-1
201504ED15639,1,8,0,5,0,4,0,0,0,0,1,1,6,1,57,9,1686,2,11,-1,1,-1
201504ED15639,2,9,0,9,0,4,0,0,0,0,1,1,6,1,35,6,1390,1,9,-1,1,-1
201504ED15640,1,9,0,18,0,4,0,0,0,0,1,1,6,2,34,6,1242,1,13,-1,1,-1
201504ED15640,2,9,0,9,0,4,0,0,0,0,1,1,6,1,41,7,1248,2,4,-1,1,-1
201504ED15641,1,9,0,9,0,6,0,0,0,0,1,1,6,1,58,9,1493,1,17,-1,1,-1
201504ED15641,2,9,0,18,0,8,0,0,0,0,1,1,6,2,37,7,1240,1,10,-1,1,-1
201504ED15642,1,8,0,1,0,0,0,0,0,0,3,1,6,1,47,8,1995,2,10,-1,1,-1
201504ED15642,2,9,0,2,0,0,0,0,0,0,3,1,6,2,32,6,1997,2,8,-1,1,-1
201504ED15643,1,9,0,4,0,0,0,0,0,0,0,1,6,1,22,5,1499,1,9,-1,1,-1
201504ED15644,1,9,0,18,0,1,0,0,0,0,1,1,6,1,-1,-1,-1,-1,-1,-1,-1,-1
201504ED15645,1,9,0,3,0,1,0,0,0,0,2,1,6,1,48,8,1229,1,8,-1,3,-1
201504ED15645,2,9,0,3,0,1,0,0,0,0,2,1,6,1,25,5,1598,1,7,-1,1,-1
201504ED15646,1,9,0,18,0,0,5,10,0,0,0,1,6,1,18,4,1587,1,8,-1,1,-1
201504ED15647,1,9,0,18,0,1,0,0,0,0,1,1,6,3,-1,-1,-1,-1,-1,-1,-1,-1
201504ED15648,1,3,0,18,0,6,0,0,0,0,1,1,6,1,17,4,124,1,8,-1,1,-1
201504ED15648,2,2,0,18,0,1,0,0,0,0,1,1,6,1,17,4,49,1,8,-1,1,-1
201504EF15001,1,9,0,18,0,0,5,0,1,2,1,1,6,2,23,5,-1,-1,-1,-1,1,-1
201504EF15002,1,9,0,18,0,0,0,0,0,0,1,1,6,1,27,6,-1,-1,-1,-1,-1,-1
201504EF15002,2,8,0,18,0,0,0,0,0,0,1,1,1,1,23,5,1896,2,10,-1,1,-1
201504EF15003,1,9,0,18,0,0,0,0,0,0,1,1,6,1,40,7,1896,2,12,-1,1,-1
201504EF15003,2,9,0,18,0,0,0,0,0,0,2,1,6,2,45,7,1598,1,8,-1,1,-1
201504EF15004,1,9,0,7,0,6,0,0,0,0,3,1,6,1,61,9,1596,1,10,-1,1,-1
201504EF15004,2,1,0,18,0,8,0,0,0,0,1,1,6,1,75,10,-1,-1,-1,-1,1,-1
201504EF15005,1,19,0,7,0,6,0,0,0,0,1,1,6,1,28,6,2402,2,9,-1,1,-1
201504EF15005,2,1,0,18,0,1,0,0,0,0,1,1,2,1,50,8,-1,-1,-1,-1,1,-1
201504EF15006,1,9,0,18,0,1,0,0,0,0,4,1,1,1,68,10,-1,-1,-1,-1,3,-1
201504EF15007,1,9,0,3,0,1,1,0,0,0,1,1,6,2,32,6,1242,1,6,-1,3,-1
201504EF15007,2,9,0,3,0,1,0,0,0,0,2,1,1,2,39,7,1598,1,10,-1,1,-1
201504EF15007,3,9,0,18,0,1,0,0,0,0,0,1,6,2,66,10,1560,2,3,-1,1,-1
201504EF15008,1,9,0,18,0,0,0,0,7,7,1,1,6,2,21,5,-1,-1,-1,-1,1,-1
201504EF15009,1,9,0,18,0,0,0,0,0,0,1,1,6,1,39,7,1368,1,4,-1,3,-1
201504EF15011,1,90,0,12,0,7,0,0,0,0,3,1,6,1,55,8,-1,-1,-1,-1,1,-1
201504EF15011,2,9,0,18,0,8,0,0,0,0,4,1,1,1,42,7,1995,2,4,-1,1,-1
201504EF15012,1,9,0,9,0,0,1,0,0,0,4,1,6,1,29,6,-1,-1,-1,-1,1,-1
201504EF15013,1,9,0,4,0,0,0,0,0,0,1,1,6,2,48,8,1598,1,7,-1,3,-1
201504EF15014,1,9,0,18,0,8,0,0,0,0,1,1,6,1,47,8,1199,1,14,-1,1,-1
201504EF15014,2,9,0,18,0,8,0,0,0,0,3,1,6,1,35,6,1995,2,10,-1,1,-1
201504EF15015,1,9,0,18,0,6,0,0,0,0,1,1,6,3,-1,-1,-1,-1,-1,-1,-1,-1
201504EF15016,1,9,0,2,0,0,0,0,0,0,2,1,1,2,43,7,-1,-1,-1,-1,1,-1
201504EF15016,2,9,0,18,0,0,0,0,0,0,1,1,6,2,25,5,1229,1,3,-1,1,-1
201504EF15017,1,9,0,18,0,8,0,0,0,0,1,1,6,1,19,4,-1,-1,-1,-1,3,-1
201504EF15017,2,8,0,9,0,8,0,0,1,10,3,1,1,1,68,10,1896,2,9,-1,1,-1
201504EF15018,1,9,0,7,0,6,0,0,0,0,3,1,6,1,42,7,1399,1,7,-1,1,-1
201504EF15018,2,9,0,18,0,8,1,0,0,0,1,1,6,2,25,5,-1,-1,-1,-1,1,-1
201504EF15019,1,9,0,9,0,5,0,11,0,10,1,1,6,1,23,5,1995,2,4,-1,1,-1
201504EF15020,1,9,0,18,0,1,1,0,0,0,1,1,6,2,22,5,1686,2,10,-1,1,-1
201504EF15020,2,9,0,18,0,1,0,0,0,0,2,1,6,2,89,11,1598,1,3,-1,1,-1
201504EF15021,1,9,0,5,0,4,0,0,0,0,1,1,6,1,66,10,1968,2,3,-1,1,-1
201504EF15021,2,9,0,18,0,3,0,0,0,0,4,1,2,1,51,8,1896,2,11,-1,1,-1
201504EF15022,1,9,0,18,0,8,0,0,0,0,1,1,6,1,79,11,1560,2,3,-1,3,-1
201504EF15023,1,9,0,18,0,0,1,0,2,6,3,1,6,1,37,7,2143,2,2,-1,1,-1
201504EF15024,1,8,0,16,0,2,0,0,0,0,1,1,1,1,40,7,1910,2,8,-1,1,-1
201504EF15024,2,9,0,3,0,1,0,0,0,0,2,1,6,1,50,8,1596,1,8,-1,2,-1
201504EF15025,1,9,0,18,0,0,0,0,0,0,1,1,6,1,25,5,1900,2,11,-1,1,-1
201504EF15026,1,9,0,1,0,0,0,0,0,0,2,1,6,1,27,6,1910,2,10,-1,-1,-1
201504EF15027,1,90,0,18,0,0,0,0,0,0,1,1,6,3,-1,-1,-1,-1,-1,-1,-1,-1
201504EF15028,1,9,0,4,0,0,0,0,0,0,1,1,6,1,30,6,1968,2,8,-1,1,-1
201504EF15029,1,1,0,18,0,2,0,0,0,0,1,1,6,1,35,6,-1,-1,-1,-1,1,-1
201504EF15029,2,9,0,18,0,1,0,0,0,0,4,1,6,1,40,7,1997,2,14,-1,1,-1
201504EF15030,1,9,0,5,0,6,0,0,0,0,0,1,6,2,61,9,1598,1,3,-1,1,-1
201504EF15030,2,9,0,18,0,8,0,0,0,0,4,1,6,2,68,10,1399,1,6,-1,1,-1
201504EF15030,3,9,0,10,0,5,0,0,0,0,3,1,1,2,44,7,1198,1,4,-1,1,-1
201504EF15031,1,9,0,9,0,1,0,0,0,0,1,1,1,1,74,10,1599,1,7,-1,1,-1
201504EF15031,2,9,0,18,0,8,0,0,0,0,1,1,6,2,55,8,1968,2,2,-1,1,-1
201504EF15032,1,9,0,18,0,0,0,0,0,0,1,1,1,2,39,7,1200,1,1,-1,1,-1
201504EF15032,2,9,0,4,0,0,0,0,0,0,2,1,1,1,42,7,2993,2,2,-1,2,-1
201504EF15033,1,9,0,18,0,1,0,0,0,0,1,1,6,1,36,7,1598,1,12,-1,1,-1
201504EF15033,2,9,0,3,0,1,0,0,0,0,2,1,2,2,41,7,1229,1,5,-1,1,-1
201504EF15034,1,9,0,18,0,5,0,0,0,0,1,1,6,2,78,11,1299,1,11,-1,1,-1
201504EF15035,1,9,0,18,0,8,0,0,0,0,4,1,6,3,-1,-1,1997,2,1,-1,-1,-1
201504EF15036,1,9,0,9,0,6,0,0,0,0,1,1,6,2,46,8,1870,2,9,-1,3,-1
201504EF15036,2,9,0,18,0,8,0,0,0,0,4,1,6,2,43,7,2183,2,3,-1,1,-1
201504EF15037,1,9,0,1,0,2,0,0,0,0,2,1,6,2,25,5,1422,2,11,-1,1,-1
201504EF15038,1,9,0,18,0,8,0,0,0,0,4,1,6,3,-1,-1,-1,-1,-1,-1,-1,-1
201504EF15038,2,4,0,18,0,8,5,0,0,0,3,1,6,1,60,9,250,1,3,-1,2,-1
201504EF15039,1,9,0,9,0,5,0,0,3,0,0,1,6,3,67,10,998,1,1,-1,1,-1
201504EF15040,1,1,0,18,0,0,0,0,0,0,1,1,6,1,13,3,-1,-1,-1,-1,1,-1
201504EF15040,2,9,0,18,0,0,0,0,0,0,3,1,2,1,50,8,1956,2,4,-1,2,-1
201504EF15042,1,9,0,11,0,0,0,0,0,0,1,1,2,2,29,6,1994,2,7,-1,-1,-1
201504EF15042,2,9,0,4,0,0,0,0,0,0,2,1,2,2,39,7,1968,2,4,-1,1,-1
201504EF15042,3,9,0,4,0,0,0,0,0,0,2,1,6,1,22,5,1390,1,5,-1,1,-1
201504EF15044,1,9,0,18,0,2,0,0,0,0,1,1,2,1,45,7,1598,1,6,-1,1,-1
201504EF15045,1,9,0,18,0,0,0,0,0,10,1,1,6,1,24,5,-1,-1,-1,-1,1,-1
201504EF15046,1,9,0,3,0,4,0,0,0,0,2,1,6,2,57,9,1298,1,22,-1,1,-1
201504EF15046,2,9,0,3,0,4,0,0,0,0,1,1,6,2,35,6,1997,2,12,-1,1,-1
201504EF15047,1,9,0,5,0,1,0,0,0,0,1,1,6,1,54,8,1248,2,4,-1,1,-1
201504EF15047,2,1,0,18,0,1,0,0,0,0,1,1,6,1,24,5,-1,-1,-1,-1,1,-1
201504EF15048,1,9,0,18,0,0,1,0,0,0,4,1,6,1,19,4,1242,1,13,-1,1,-1
201504EF15048,2,90,0,18,0,0,0,0,0,0,3,1,2,1,29,6,-1,-1,-1,-1,3,-1
201504EF15049,1,11,0,18,0,8,0,0,0,0,1,1,1,1,50,8,7300,2,6,-1,1,-1
201504EF15049,2,9,0,9,0,1,0,0,0,0,1,1,6,2,45,7,2143,2,2,-1,1,-1
201504EF15050,1,1,0,18,0,6,0,0,0,0,3,1,6,1,9,2,-1,-1,-1,-1,1,-1
201504EF15050,2,9,0,18,0,1,0,0,0,0,1,1,6,2,25,5,1587,1,12,-1,1,-1
201504EF15051,1,9,0,5,0,6,0,0,0,0,1,1,1,1,67,10,1560,2,2,-1,1,-1
201504EF15051,2,3,0,18,0,8,0,0,0,0,4,1,6,1,25,5,124,1,21,-1,1,-1
201504EF15052,1,9,0,4,0,1,0,0,0,0,1,1,6,1,69,10,1560,2,3,-1,2,-1
201504EF15053,1,9,0,18,0,0,0,0,0,0,3,1,6,1,50,8,1240,1,9,-1,1,-1
201504EF15054,1,9,0,18,0,1,0,0,0,0,1,1,6,1,47,8,1400,1,10,-1,1,-1
201504EF15055,1,9,0,4,0,8,0,0,0,0,2,1,6,2,37,7,1598,1,12,-1,3,-1
201504EF15055,2,9,0,18,0,8,0,0,0,0,1,1,6,2,33,6,1149,1,13,-1,1,-1
201504EF15056,1,9,0,9,0,6,0,0,0,0,1,1,2,2,22,5,1596,1,9,-1,3,-1
201504EF15056,2,8,0,18,0,8,0,7,0,0,1,1,1,1,48,8,1686,2,6,-1,1,-1
201504EF15057,1,19,0,9,0,8,0,0,0,0,0,1,1,1,46,8,2143,2,2,-1,1,-1
201504EF15058,1,9,0,12,0,6,1,0,5,6,1,1,6,2,19,4,-1,-1,-1,-1,1,-1
201504EF15061,1,9,0,18,0,0,1,0,0,0,1,1,6,2,31,6,1149,1,4,-1,1,-1
201504EF15061,2,9,0,18,0,0,0,0,0,0,2,1,6,1,27,6,1968,2,7,-1,1,-1
201504EF15062,1,9,0,9,0,5,0,0,0,0,1,1,6,1,34,6,1798,1,7,-1,1,-1
201504EF15062,2,9,0,18,0,1,0,0,0,0,1,1,6,2,29,6,1242,1,2,-1,1,-1
201504EF15063,1,9,0,18,0,4,1,10,3,1,4,1,6,1,27,6,998,1,14,-1,1,-1
201504EF15064,1,9,0,18,0,2,0,0,0,0,4,1,6,1,19,4,1199,1,12,-1,1,-1
201504EF15064,2,9,0,2,0,2,0,10,0,0,3,1,6,2,31,6,1242,1,13,-1,1,-1
201504EF15064,3,9,0,2,0,2,0,0,0,0,2,1,6,1,67,10,1997,2,1,-1,1,-1
201504EF15064,4,9,0,2,0,2,0,0,0,0,2,1,6,1,63,9,1399,2,4,-1,1,-1
201504EF15065,1,9,0,18,0,8,0,0,0,0,4,1,6,1,83,11,1598,1,3,-1,1,-1
201504EF15065,2,9,0,2,0,8,0,0,1,0,3,1,6,1,-1,-1,4367,2,1,-1,-1,-1
201504EF15065,3,8,0,18,8,8,0,0,0,1,1,1,1,1,45,7,1997,2,8,-1,1,-1
201504EF15066,1,9,0,1,0,0,0,4,0,0,2,1,6,1,67,10,1248,2,8,-1,1,-1
201504EF15066,2,9,0,2,0,0,0,0,0,0,3,1,6,1,42,7,1798,1,4,-1,1,-1
201504EF15067,1,9,0,18,0,4,0,0,0,0,2,1,6,2,28,6,-1,-1,-1,-1,1,-1
201504EF15067,2,9,0,18,0,4,0,0,0,0,1,1,2,1,23,5,-1,-1,-1,-1,1,-1
201504EF15068,1,9,0,18,0,1,0,0,7,0,1,1,6,1,30,6,1598,1,8,-1,1,-1
201504EF15068,2,9,0,5,0,8,0,0,0,0,3,1,6,1,42,7,2179,2,6,-1,1,-1
201504EF15069,1,9,0,17,0,0,2,10,0,0,4,1,2,2,31,6,-1,-1,-1,-1,1,-1
201504EF15069,2,9,0,17,0,0,1,0,0,0,1,1,2,1,54,8,1968,2,10,-1,2,-1
201504EF15070,1,1,0,18,0,0,0,0,0,0,1,1,6,1,16,4,-1,-1,-1,-1,1,-1
201504EF15070,2,9,0,2,9,0,0,0,0,0,2,1,6,2,57,9,1599,1,7,-1,3,-1
201504EF15071,1,9,0,18,0,1,1,0,0,0,1,1,6,2,36,7,1242,1,6,-1,3,-1
201504EF15071,2,90,0,10,0,1,1,0,0,0,2,1,6,1,51,8,-1,-1,-1,-1,1,-1
201504EF15072,1,9,0,18,0,1,5,0,0,0,4,1,6,1,35,6,1598,2,3,-1,1,-1
201504EF15072,2,9,0,18,0,1,0,0,0,0,1,1,6,1,29,6,1910,2,7,-1,1,-1
201504EF15072,3,19,0,2,0,2,0,0,0,0,4,1,6,1,43,7,1461,2,11,-1,1,-1
201504EF15073,1,9,0,9,0,8,0,0,0,0,1,1,6,1,39,7,1896,2,7,-1,1,-1
201504EF15073,2,9,0,17,0,8,0,0,0,0,1,1,6,1,21,5,998,1,-1,-1,-1,-1
201504EF15073,3,3,0,16,0,8,0,0,0,0,1,1,6,1,22,5,124,1,1,-1,1,-1
201504EF15074,1,9,0,18,0,0,1,0,0,10,3,1,2,2,24,5,1560,2,2,-1,1,-1
201504EF15075,1,9,0,18,0,0,0,0,1,2,1,1,6,1,39,7,1149,1,11,-1,1,-1
201504EF15076,1,9,0,18,0,0,0,0,0,0,4,1,6,1,53,8,2231,2,7,-1,1,-1
201504EF15077,1,9,0,10,0,1,0,0,0,0,1,1,6,1,42,7,1596,1,11,-1,1,-1
201504EF15077,2,9,0,9,0,8,0,0,0,0,1,1,6,1,43,7,1910,2,9,-1,1,-1
201504EF15078,1,9,0,7,0,5,1,10,1,1,1,1,6,1,51,8,2792,1,15,-1,1,-1
201504EF15079,1,9,0,18,0,0,0,0,0,0,3,1,6,1,32,6,1591,1,2,-1,1,-1
201504EF15080,1,9,0,3,0,4,0,0,0,0,2,1,6,1,54,8,-1,-1,-1,-1,1,-1
201504EF15080,2,9,0,3,0,4,0,0,0,0,2,1,6,2,58,9,1598,1,9,-1,2,-1
201504EF15081,1,9,0,18,0,8,0,0,0,0,4,1,6,3,-1,-1,3222,2,11,-1,-1,-1
201504EF15081,2,9,0,18,0,8,0,0,0,0,1,1,6,1,61,9,1598,1,8,-1,1,-1
201504EF15082,1,8,0,9,0,8,0,10,1,10,3,1,1,1,57,9,1968,2,9,-1,1,-1
201504EF15082,2,90,0,18,0,8,0,0,0,0,4,1,6,3,-1,-1,-1,-1,-1,-1,-1,-1
201504EF15082,3,9,0,2,0,2,0,0,0,0,2,1,6,3,-1,-1,-1,-1,-1,-1,-1,-1
201504EF15082,4,9,0,2,0,2,0,0,0,0,2,1,6,1,81,11,1396,1,17,-1,1,-1
201504EF15083,1,9,0,4,0,4,0,0,0,0,1,1,6,1,45,7,-1,-1,-1,-1,1,-1
201504EF15083,2,9,0,4,0,4,0,0,0,0,2,1,6,2,60,9,1560,2,3,-1,1,-1
201504EF15084,1,90,0,1,0,1,0,0,0,0,2,1,3,3,-1,-1,-1,-1,-1,-1,-1,-1
201504EF15085,1,9,0,16,0,2,0,10,0,0,4,1,6,1,19,4,1229,1,-1,-1,1,-1
201504EF15085,2,9,0,18,0,1,0,4,0,0,3,1,6,1,31,6,2993,2,-1,-1,3,-1
201504EF15085,3,9,0,2,0,1,0,0,0,0,3,1,6,1,33,6,1560,2,3,-1,-1,-1
201504EF15086,1,9,0,18,0,0,0,0,0,0,1,1,6,1,21,5,-1,-1,-1,-1,1,-1
201504EF15086,2,9,0,3,0,0,0,0,0,0,2,1,1,1,46,8,1560,2,5,-1,1,-1
201504EF15086,3,9,0,3,0,0,0,0,0,0,2,1,6,1,32,6,1868,2,15,-1,-1,-1
201504EF15086,4,9,0,3,0,0,0,0,0,0,2,1,2,1,52,8,-1,-1,-1,-1,1,-1
201504EF15087,1,9,0,18,0,0,2,0,1,0,4,1,1,1,26,6,1598,2,4,-1,2,-1
201504EF15088,1,9,0,18,0,0,2,0,1,0,0,1,1,2,25,5,1242,1,8,-1,-1,-1
201504EF15089,1,9,0,3,0,1,1,0,0,0,1,1,6,2,45,7,1461,2,4,-1,1,-1
201504EF15089,2,9,0,3,0,1,0,0,0,0,2,1,1,1,43,7,2000,2,6,-1,2,-1
201504EF15090,1,1,0,18,0,8,1,0,0,0,2,1,6,1,42,7,-1,-1,-1,-1,2,-1
201504EF15090,2,9,0,9,0,8,0,0,0,0,2,1,1,2,50,8,1199,1,1,-1,1,-1
201504EF15092,1,9,0,5,0,2,0,0,0,0,1,1,6,1,36,7,1598,1,12,-1,1,-1
201504EF15093,1,19,0,18,0,0,0,0,0,0,1,1,1,1,45,7,1995,2,2,-1,1,-1
201504EF15093,2,21,0,18,0,0,0,0,0,0,1,1,1,1,49,8,6871,2,12,-1,1,-1
201504EF15094,1,9,0,9,0,1,0,0,0,0,3,1,1,1,71,10,-1,-1,-1,-1,1,-1
201504EF15094,2,1,0,14,0,1,1,7,1,10,3,1,2,1,52,8,-1,-1,-1,-1,2,-1
201504EF15095,1,9,0,17,0,0,2,0,1,0,4,1,2,2,25,5,-1,-1,-1,-1,-1,-1
201504EF15096,1,9,0,18,0,0,5,4,0,0,1,1,6,1,49,8,1461,2,1,-1,1,-1
201504EF15096,2,9,0,2,0,0,0,0,0,0,3,1,6,1,-1,-1,1596,1,1,-1,1,-1
201504EF15096,3,19,0,2,0,0,0,0,0,0,4,1,6,3,-1,-1,1560,2,3,-1,-1,-1
201504EF15097,1,8,0,18,0,1,0,0,0,0,4,1,1,1,52,8,1896,2,7,-1,1,-1
201504EF15097,2,9,0,9,0,1,0,0,0,0,1,1,6,2,27,6,1598,1,13,-1,1,-1
201504EF15098,1,9,0,1,0,8,0,0,0,0,2,1,6,1,60,9,1761,1,15,-1,1,-1
201504EF15100,1,9,0,9,0,8,0,0,7,0,3,1,6,2,32,6,1896,2,9,-1,1,-1
201504EF15100,2,9,0,18,0,8,0,10,7,10,1,1,6,2,74,10,1598,1,14,-1,1,-1
201504EF15101,1,9,0,18,0,1,0,0,0,0,4,1,6,3,-1,-1,-1,-1,-1,-1,-1,-1
201504EF15101,2,9,0,9,0,1,0,0,0,0,3,1,6,1,20,4,2765,2,17,-1,2,-1
201504EF15102,1,9,0,10,0,6,0,0,0,0,1,1,6,2,47,8,1149,1,10,-1,1,-1
201504EF15102,2,1,0,18,4,1,0,0,0,0,1,1,6,1,49,8,-1,-1,-1,-1,1,-1
201504EF15103,1,9,0,18,0,8,1,0,0,0,1,1,6,1,44,7,1998,1,11,-1,1,-1
201504EF15103,2,9,0,9,0,5,0,0,7,0,4,1,6,2,51,8,1798,1,3,-1,3,-1
201504EF15104,1,1,0,18,0,0,0,0,0,0,1,1,6,1,51,8,-1,-1,-1,-1,1,-1
201504EF15104,2,9,0,3,0,0,0,0,0,0,2,1,1,2,27,6,-1,-1,-1,-1,-1,-1
201504EF15105,1,9,0,18,8,1,0,0,0,0,3,1,6,2,41,7,1896,2,14,-1,1,-1
201504EF15105,2,9,0,18,0,1,0,0,0,0,4,1,6,2,37,7,1598,1,10,-1,1,-1
201504EF15106,1,9,0,18,0,0,0,0,7,2,1,1,6,2,76,11,1149,1,11,-1,1,-1
201504EF15107,1,9,0,5,0,4,0,0,0,0,1,1,6,1,30,6,1198,1,5,-1,1,-1
201504EF15107,2,9,0,4,0,4,0,0,0,0,2,1,6,1,68,10,1248,1,3,-1,1,-1
201504EF15108,1,19,0,9,0,1,0,0,0,0,1,1,6,1,20,4,1248,2,5,-1,1,-1
201504EF15108,2,9,0,4,0,1,0,0,0,0,2,1,6,1,81,11,1398,1,2,-1,1,-1
201504EF15109,1,9,0,9,0,6,0,0,0,0,1,1,6,1,77,11,1398,2,1,-1,1,-1
201504EF15109,2,5,0,18,0,8,1,0,0,0,1,1,6,1,43,7,998,1,10,-1,1,-1
201504EF15110,1,9,0,9,0,1,0,0,0,0,1,1,6,1,19,4,-1,-1,-1,-1,1,-1
201504EF15110,2,9,0,18,0,1,0,0,0,0,1,1,1,2,52,8,1973,1,14,-1,3,-1
201504EF15111,1,9,0,18,0,0,1,0,4,6,3,1,6,1,52,8,2793,1,17,-1,3,-1
201504EF15112,1,9,0,7,0,6,0,0,0,0,1,1,6,1,32,6,1596,1,6,-1,1,-1
201504EF15112,2,1,0,18,0,1,0,0,0,0,4,1,1,1,47,8,-1,-1,-1,-1,1,-1
201504EF15113,1,11,0,4,0,1,0,0,0,0,0,1,1,1,60,9,7300,2,8,-1,1,-1
201504EF15113,2,9,0,7,0,5,0,0,0,0,0,1,6,3,-1,-1,-1,-1,-1,-1,-1,-1
201504EF15114,1,9,0,18,0,0,0,0,0,0,4,1,6,1,26,6,1896,2,10,-1,1,-1
201504EF15115,1,9,0,18,0,0,0,0,0,0,4,1,6,2,66,10,998,1,4,-1,1,-1
201504EF15116,1,9,0,18,0,8,0,0,0,0,2,1,6,1,46,8,1497,1,13,-1,1,-1
201504EF15116,2,9,0,8,0,8,0,0,0,0,1,1,6,3,-1,-1,1984,1,13,-1,-1,-1
201504EF15117,1,5,0,16,0,0,0,0,8,10,1,1,6,1,53,8,1078,1,2,-1,1,-1
201504EF15118,1,9,0,18,7,6,1,0,1,0,1,1,6,1,32,6,1956,2,-1,-1,1,-1
201504EF15119,1,9,0,8,0,4,0,0,0,0,1,1,6,1,51,8,1968,2,5,-1,3,-1
201504EF15119,2,9,0,8,0,4,0,0,0,0,2,1,6,2,56,9,1248,2,1,-1,1,-1
201504EF15120,1,9,0,18,0,1,0,0,0,0,1,1,6,1,48,8,2401,2,11,-1,1,-1
201504EF15121,1,90,0,18,0,0,5,0,0,0,1,1,6,1,54,8,-1,-1,-1,-1,1,-1
201504EF15121,2,1,0,5,0,0,1,0,0,0,2,1,2,1,38,7,-1,-1,-1,-1,1,-1
201504EF15124,1,9,0,18,0,0,0,4,0,0,4,1,6,1,43,7,1686,2,13,-1,1,-1
201504EF15124,2,9,0,2,0,0,0,0,0,0,4,1,6,1,26,6,1461,2,1,-1,1,-1
201504EF15125,1,9,0,17,0,0,2,0,1,0,3,1,6,2,23,5,1124,1,15,-1,1,-1
201504EF15126,1,9,0,18,0,0,0,0,0,0,1,1,6,1,31,6,998,1,15,-1,1,-1
201504EF15126,2,9,0,18,0,0,0,0,0,0,1,1,6,1,28,6,2987,2,-1,-1,1,-1
201504EF15126,3,9,0,2,0,0,0,0,0,0,2,1,6,2,46,8,1998,2,12,-1,1,-1
201504EF15126,4,9,0,2,0,0,0,0,0,0,4,1,6,1,57,9,1390,1,7,-1,1,-1
201504EF15126,5,9,0,2,0,0,0,0,0,0,1,1,6,2,38,7,1490,1,6,-1,1,-1
201504EF15126,6,9,0,2,0,0,0,0,0,0,1,1,6,2,52,8,-1,-1,-1,-1,1,-1
201504EF15127,1,9,0,5,0,4,0,0,0,0,1,1,6,1,82,11,1086,1,4,-1,1,-1
201504EF15127,2,5,0,5,0,4,0,0,0,0,2,1,6,1,47,8,599,1,22,-1,1,-1
201504EF15128,1,9,0,18,0,8,0,0,0,0,4,1,2,2,44,7,1896,2,9,-1,1,-1
201504EF15128,2,9,0,5,0,8,0,0,0,0,1,1,6,1,38,7,1896,2,11,-1,3,-1
201504EF15129,1,9,0,9,0,8,0,0,0,0,3,1,6,2,49,8,998,1,4,-1,1,-1
201504EF15129,2,9,0,18,0,8,0,0,0,0,1,1,6,1,31,6,1586,1,12,-1,2,-1