Accident_Index,Vehicle_Reference,Vehicle_Type,Towing_and_Articulation,Vehicle_Manoeuvre,Vehicle_Location-Restricted_Lane,Junction_Location,Skidding_and_Overturning,Hit_Object_in_Carriageway,Vehicle_Leaving_Carriageway,Hit_Object_off_Carriageway,1st_Point_of_Impact,Was_Vehicle_Left_Hand_Drive?,Journey_Purpose_of_Driver,Sex_of_Driver,Age_of_Driver,Age_Band_of_Driver,Engine_Capacity_(CC),Propulsion_Code,Age_of_Vehicle,Driver_IMD_Decile,Driver_Home_Area_Type,Vehicle_IMD_Decile
201504EG15003,1,9,0,1,0,8,0,0,0,0,2,1,6,2,33,6,998,1,6,-1,1,-1
201504EG15004,1,9,0,18,0,0,0,0,0,0,3,1,2,2,57,9,1796,1,13,-1,1,-1
201504EG15005,1,9,0,18,0,0,0,0,0,0,1,1,6,1,62,9,1560,2,4,-1,1,-1
201504EG15005,2,9,0,18,0,0,0,0,0,0,2,1,6,1,50,8,2143,2,5,-1,3,-1
201504EG15006,1,9,0,18,0,1,0,0,0,0,1,1,6,2,24,5,1995,2,11,-1,1,-1
201504EG15006,2,9,0,3,0,1,0,0,0,0,2,1,6,2,34,6,1461,2,7,-1,1,-1
201504EG15007,1,9,0,18,0,1,0,0,0,0,1,1,6,1,75,10,1229,1,4,-1,1,-1
201504EG15008,1,8,0,9,0,6,0,0,0,0,1,1,6,1,50,8,1896,2,8,-1,1,-1
201504EG15009,1,9,0,18,0,6,0,0,0,0,1,2,2,1,22,5,-1,-1,-1,-1,1,-1
201504EG15009,2,9,0,18,0,8,0,4,0,0,3,1,6,2,30,6,1390,1,9,-1,1,-1
201504EG15009,3,9,0,2,0,8,0,0,0,0,4,1,6,3,-1,-1,1910,2,8,-1,-1,-1
201504EG15011,1,9,0,17,0,0,1,0,0,0,1,1,2,1,41,7,-1,-1,-1,-1,2,-1
201504EG15011,2,9,0,17,0,0,0,0,7,0,3,1,2,2,47,8,1587,1,9,-1,1,-1
201504EG15011,3,9,0,17,0,0,0,0,0,0,1,1,1,1,29,6,-1,-1,-1,-1,1,-1
201504EG15012,1,9,0,9,0,8,0,0,7,0,1,1,6,2,69,10,1560,2,2,-1,1,-1
201504EG15012,2,3,0,16,0,8,0,0,1,0,1,1,6,1,19,4,125,1,1,-1,3,-1
201504EG15013,1,9,0,9,0,0,0,0,0,0,0,1,6,1,20,4,1229,1,10,-1,3,-1
201504EG15014,1,9,0,7,0,0,2,0,7,1,3,1,1,1,40,7,1896,2,11,-1,1,-1
201504EG15015,1,9,0,16,0,0,0,0,7,2,1,1,6,1,81,11,1242,1,5,-1,2,-1
201504EG15016,1,9,0,18,0,0,0,0,2,2,4,1,6,1,71,10,1598,2,3,-1,2,-1
201504EG15017,1,9,0,9,0,6,0,0,0,0,1,1,6,1,81,11,1395,1,2,-1,3,-1
201504EG15017,2,9,0,18,0,8,0,0,7,9,1,1,6,1,76,11,-1,-1,-1,-1,1,-1
201504EG15018,1,9,0,18,0,0,1,0,0,0,1,1,2,1,52,8,-1,-1,-1,-1,1,-1
201504EG15018,2,9,0,18,0,0,0,0,0,0,1,1,6,1,74,10,1229,1,3,-1,1,-1
201504EG15018,3,9,0,18,0,0,0,0,0,0,1,1,6,2,24,5,1560,2,1,-1,1,-1
201504EG15019,1,9,0,9,0,5,0,0,0,0,1,1,6,2,23,5,1388,1,11,-1,1,-1
201504EG15019,2,1,0,18,0,6,0,0,0,0,1,1,6,1,30,6,-1,-1,-1,-1,1,-1
201504EG15020,1,9,0,18,0,1,1,0,0,0,1,1,6,1,22,5,1598,2,1,-1,1,-1
201504EG15020,2,9,0,18,0,1,0,0,0,0,2,1,6,1,45,7,1596,1,4,-1,1,-1
201504EG15021,1,9,0,9,0,8,0,0,0,0,1,1,6,2,63,9,1999,1,8,-1,1,-1
201504EG15021,2,1,0,18,0,8,0,0,0,0,4,1,6,1,73,10,-1,-1,-1,-1,3,-1
201504EG15022,1,19,0,16,0,0,0,0,0,0,0,1,6,3,-1,-1,-1,-1,-1,-1,-1,-1
201504EG15022,2,1,0,16,0,0,0,0,1,0,0,1,6,1,69,10,-1,-1,-1,-1,1,-1
201504EG15023,1,19,0,9,0,6,0,0,0,0,1,1,1,1,28,6,2148,2,7,-1,1,-1
201504EG15023,2,8,0,3,6,2,0,0,0,0,2,1,1,1,43,7,1910,2,10,-1,1,-1
201504EG15024,1,9,0,13,0,0,0,0,0,0,1,1,6,3,-1,-1,-1,-1,-1,-1,-1,-1
201504EG15025,1,2,0,14,0,1,0,0,0,0,1,1,6,3,-1,-1,-1,-1,-1,-1,-1,-1
201504EG15026,1,9,0,18,0,0,1,0,0,0,1,1,1,1,35,6,998,1,15,-1,1,-1
201504EG15027,1,9,0,18,0,4,0,0,0,0,1,1,6,1,56,9,1596,1,2,-1,2,-1
201504EG15027,2,9,0,18,0,8,0,0,0,0,4,1,6,1,87,11,1796,1,12,-1,3,-1
201504EG15028,1,3,0,16,0,0,1,10,7,0,1,1,6,1,22,5,124,1,2,-1,1,-1
201504EG15028,2,9,0,17,0,0,0,0,0,0,4,1,6,2,35,6,2967,2,3,-1,3,-1
201504EG15029,1,9,0,18,0,0,2,0,1,0,1,1,2,2,50,8,-1,-1,-1,-1,1,-1
201504EG15030,1,9,0,18,0,0,0,0,0,0,1,1,6,2,69,10,2143,2,2,-1,1,-1
201504EG15030,2,19,0,18,0,0,0,0,0,0,1,1,1,1,26,6,2198,2,4,-1,1,-1
201504EG15031,1,9,0,13,0,1,0,0,0,0,3,1,6,1,19,4,1995,1,4,-1,-1,-1
201504EG15031,2,9,0,9,0,1,0,0,0,0,4,1,6,1,20,4,1368,1,8,-1,-1,-1
201504EG15032,1,9,0,18,0,6,0,0,0,0,1,1,6,1,62,9,1956,2,1,-1,2,-1
201504EG15032,2,8,0,18,0,8,0,0,1,0,1,1,1,1,34,6,1399,2,9,-1,1,-1
201504EG15033,1,1,0,18,0,1,0,0,0,0,1,1,2,1,59,9,-1,-1,-1,-1,1,-1
201504EG15033,2,9,0,7,0,8,0,0,0,0,4,1,6,1,74,10,1991,2,6,-1,3,-1
201504EG15034,1,9,0,18,0,8,5,0,1,4,1,1,6,1,29,6,1900,2,17,-1,3,-1
201504EG15035,1,9,0,4,0,1,0,0,0,0,1,1,2,1,62,9,3200,2,12,-1,-1,-1
201504EG15035,2,9,0,4,0,1,0,0,0,0,2,1,6,1,42,7,-1,-1,-1,-1,1,-1
201504EG15036,1,9,0,3,0,4,0,0,0,0,2,1,6,2,52,8,1349,1,-1,-1,1,-1
201504EG15036,2,9,0,3,0,4,0,0,0,0,1,1,6,1,67,10,1390,1,12,-1,1,-1
201504EG15037,1,9,0,17,0,1,1,0,7,4,1,1,6,1,39,7,-1,-1,-1,-1,1,-1
201504EG15038,1,9,0,18,0,0,2,0,1,0,4,1,6,2,31,6,1598,2,2,-1,1,-1
201504EG15039,1,9,0,9,0,8,0,0,0,0,1,1,6,1,28,6,2295,1,16,-1,1,-1
201504EG15039,2,9,0,18,0,8,0,0,0,0,4,1,6,1,26,6,1968,2,8,-1,1,-1
201504EG15040,1,9,0,18,0,0,0,0,0,0,3,1,6,2,19,4,1299,1,8,-1,3,-1
201504EG15040,2,1,0,18,0,0,0,0,1,0,1,1,6,1,41,7,-1,-1,-1,-1,1,-1
201504EG15042,1,9,0,4,0,4,0,0,0,0,0,1,6,1,52,8,1910,2,8,-1,3,-1
201504EG15042,2,1,0,18,0,3,2,0,0,0,0,1,6,1,47,8,-1,-1,-1,-1,1,-1
201504EG15043,1,9,0,18,0,1,0,0,1,10,1,1,6,1,19,4,1596,1,1,-1,1,-1
201504EG15043,2,9,0,5,0,1,0,0,0,0,0,1,6,2,32,6,1896,2,6,-1,1,-1
201504EG15044,1,9,0,13,0,0,0,0,0,0,3,1,6,2,44,7,2926,2,12,-1,3,-1
201504EG15044,2,5,0,13,0,0,2,0,8,4,4,1,6,1,25,5,599,1,7,-1,3,-1
201504EG15044,3,5,0,13,0,0,0,0,0,0,0,1,6,1,25,5,-1,-1,-1,-1,1,-1
201504EG15045,1,3,0,13,0,8,0,0,0,0,4,1,2,1,21,5,125,1,5,-1,3,-1
201504EG15045,2,9,0,9,0,8,0,0,0,0,3,1,6,3,-1,-1,-1,-1,-1,-1,-1,-1
201504EG15046,1,9,0,5,0,6,0,0,0,0,1,1,6,1,31,6,1968,2,8,-1,1,-1
201504EG15046,2,3,0,14,0,2,0,0,0,0,1,1,6,1,27,6,124,1,7,-1,1,-1
201504EG15046,3,9,0,4,0,2,0,0,0,0,0,1,6,1,52,8,2401,2,7,-1,1,-1
201504EG15047,1,9,0,9,0,8,0,0,0,0,4,1,6,1,50,8,1398,2,13,-1,-1,-1
201504EG15047,2,5,0,18,0,8,0,0,0,0,1,1,6,1,32,6,599,1,8,-1,1,-1
201504EG15048,1,9,0,17,0,8,0,0,1,10,1,1,6,1,24,5,-1,-1,-1,-1,1,-1
201504EG15049,1,9,0,17,0,0,2,0,1,3,1,1,6,1,20,4,1598,2,3,-1,3,-1
201504EG15050,1,9,0,9,0,8,0,0,0,0,1,1,3,2,40,7,796,1,13,-1,2,-1
201504EG15051,1,9,0,18,0,0,0,0,0,0,1,1,6,2,74,10,-1,-1,-1,-1,1,-1
201504EG15052,1,9,0,18,0,6,0,4,1,0,1,1,6,1,59,9,1242,1,1,-1,2,-1
201504EG15052,2,9,0,2,0,2,0,10,1,10,3,1,6,1,33,6,-1,-1,-1,-1,1,-1
201504EG15052,3,9,0,2,2,2,0,0,0,0,4,1,6,2,28,6,1229,1,3,-1,1,-1
201504EG15053,1,9,0,17,0,1,1,0,1,10,1,1,6,1,19,4,1229,1,2,-1,3,-1
201504EG15054,1,9,0,18,0,6,0,0,0,0,1,1,6,1,38,7,1598,1,4,-1,-1,-1
201504EG15054,2,9,0,18,0,8,0,0,7,10,4,1,6,2,26,6,1749,1,14,-1,1,-1
201504EG15055,1,9,0,18,0,4,0,0,0,0,1,1,6,1,62,9,1560,2,5,-1,1,-1
201504EG15055,2,2,0,18,0,8,0,0,0,0,4,1,6,1,24,5,49,1,6,-1,3,-1
201504EG15056,1,9,0,17,0,0,1,0,7,4,2,1,6,1,23,5,1796,1,10,-1,1,-1
201504EG15056,2,9,0,18,0,0,0,0,1,4,3,1,6,1,27,6,1796,1,8,-1,1,-1
201504EG15057,1,9,0,4,0,0,0,0,0,0,0,1,6,2,74,10,1246,1,7,-1,2,-1
201504EG15058,1,9,0,5,0,8,0,0,0,0,3,1,6,1,66,10,2400,2,4,-1,1,-1
201504EG15058,2,9,0,18,0,8,0,0,0,0,1,1,6,1,21,5,1896,2,8,-1,1,-1
201504EG15059,1,9,0,18,0,0,1,0,8,4,2,1,6,1,19,4,1900,2,10,-1,2,-1
201504EG15060,1,9,0,13,0,4,1,10,3,2,1,1,6,2,36,7,1598,1,7,-1,1,-1
201504EG15061,1,9,0,18,0,0,0,0,7,4,3,1,6,1,63,9,1951,2,11,-1,3,-1
201504EG15061,2,9,0,13,0,0,0,0,7,4,4,1,6,1,43,7,3600,1,9,-1,3,-1
201504EG15062,1,9,0,18,0,1,0,0,0,0,4,1,6,1,74,10,1796,1,14,-1,2,-1
201504EG15063,1,9,0,5,0,4,0,0,0,0,1,1,2,2,43,7,2000,2,9,-1,2,-1
201504EG15063,2,9,0,9,0,8,0,0,0,0,4,1,6,2,44,7,1560,2,8,-1,1,-1
201504EG15064,1,9,0,18,0,6,0,0,0,10,1,1,6,1,21,5,1242,1,13,-1,1,-1
201504EG15065,1,9,0,18,0,0,1,0,1,4,1,1,6,1,38,7,1896,2,11,-1,1,-1
201504EG15066,1,90,0,5,0,0,0,0,0,0,1,1,1,1,25,5,-1,-1,-1,-1,1,-1
201504EG15066,2,9,0,18,0,0,0,0,0,0,4,1,6,1,24,5,998,1,-1,-1,-1,-1
201504EG15067,1,9,0,1,9,0,0,0,0,0,2,1,6,2,72,10,1198,1,4,-1,1,-1
201504EG15068,1,9,0,18,0,0,0,0,0,0,1,1,6,2,23,5,1422,2,10,-1,1,-1
201504EG15068,2,9,0,7,0,0,0,0,0,0,2,1,6,2,77,11,1461,2,6,-1,1,-1
201504EG15069,1,9,0,18,0,8,0,0,0,0,3,1,6,2,38,7,1598,1,8,-1,1,-1
201504EG15069,2,9,0,18,0,8,0,0,0,0,1,1,6,2,43,7,1360,1,16,-1,1,-1
201504EG15070,1,9,0,18,0,4,0,0,0,0,4,1,1,1,46,8,-1,-1,-1,-1,-1,-1
201504EG15070,2,1,0,18,0,4,0,0,0,0,3,1,1,1,32,6,-1,-1,-1,-1,1,-1
201504EG15071,1,9,0,4,0,0,0,0,1,10,4,1,6,1,73,10,1399,1,7,-1,1,-1
201504EG15072,1,8,0,6,0,8,0,0,0,0,3,1,1,1,49,8,1896,2,8,-1,1,-1
201504EG15072,2,9,0,18,0,8,0,0,0,0,1,1,2,1,31,6,1995,2,8,-1,1,-1
201504EG15073,1,9,0,9,0,8,0,0,1,10,1,1,6,2,34,6,1896,2,13,-1,1,-1
201504EG15074,1,9,0,9,0,8,1,0,3,1,3,1,6,2,52,8,2231,2,9,-1,3,-1
201504EG15074,2,9,0,18,0,8,1,0,1,1,1,1,6,2,24,5,1499,8,1,-1,2,-1
201504EG15075,1,9,0,18,0,1,0,0,0,0,4,1,6,3,-1,-1,-1,-1,-1,-1,-1,-1
201504EG15075,2,9,0,18,0,1,0,0,0,0,4,1,6,1,79,11,1997,1,2,-1,3,-1
201504EG15076,1,9,0,9,0,6,0,0,0,0,3,1,6,1,50,8,1995,2,3,-1,1,-1
201504EG15076,2,9,0,18,0,1,0,0,0,0,1,1,6,1,23,5,1997,2,13,-1,1,-1
201504EG15077,1,9,0,18,0,6,0,0,0,0,1,1,6,1,39,7,1998,1,13,-1,1,-1
201504EG15077,2,9,0,18,0,8,0,0,1,0,3,1,6,2,24,5,1399,1,8,-1,1,-1
201504EG15078,1,8,0,5,0,8,0,0,0,0,4,1,1,1,36,7,2402,2,11,-1,1,-1
201504EG15079,1,9,0,7,0,8,0,0,0,0,4,1,6,2,76,11,1339,1,7,-1,2,-1
201504EG15079,2,1,0,18,0,8,0,0,0,0,3,1,6,1,57,9,-1,-1,-1,-1,-1,-1
201504EG15080,1,19,0,18,0,1,0,0,0,0,1,1,3,1,44,7,2500,2,10,-1,1,-1
201504EG15081,1,1,0,7,0,8,0,0,0,0,1,1,6,1,32,6,-1,-1,-1,-1,1,-1
201504EG15081,2,9,0,4,0,8,0,0,0,0,1,1,6,1,63,9,1242,1,13,-1,2,-1
201504EG15082,1,9,0,18,0,4,0,0,0,0,1,1,6,1,20,4,1598,2,3,-1,1,-1
201504EG15082,2,9,0,18,0,4,0,0,0,0,3,1,6,1,27,6,-1,-1,-1,-1,1,-1
201504EG15083,1,9,0,5,0,6,0,0,0,0,1,1,6,1,26,6,1800,1,9,-1,1,-1
201504EG15083,2,9,0,5,0,8,0,0,0,0,2,1,6,2,33,6,1360,1,7,-1,1,-1
201504EG15084,1,9,0,7,0,2,0,0,0,0,1,1,6,1,67,10,1686,2,12,-1,-1,-1
201504EG15085,1,9,0,18,0,1,0,0,0,0,0,1,6,3,-1,-1,-1,-1,-1,-1,-1,-1
201504EG15085,2,2,0,18,0,1,0,0,0,0,0,1,6,1,16,4,50,1,5,-1,3,-1
201504EG15087,1,11,0,18,0,2,0,0,0,0,0,1,1,1,56,9,3900,2,11,-1,1,-1
201504EG15088,1,9,0,1,0,8,0,0,0,0,2,1,1,2,35,6,1995,2,1,-1,-1,-1
201504EG15089,1,9,0,9,0,8,0,0,0,0,1,1,6,1,18,4,998,1,1,-1,1,-1
201504EG15089,2,5,0,18,0,8,1,0,0,0,1,1,6,1,28,6,599,1,20,-1,1,-1
201504EG15090,1,9,0,9,0,6,0,0,0,0,3,1,6,1,21,5,-1,-1,-1,-1,1,-1
201504EG15090,2,1,0,18,0,8,0,0,0,0,1,1,6,1,33,6,-1,-1,-1,-1,3,-1
201504EG15091,1,11,0,18,0,8,0,0,0,0,4,1,1,1,66,10,4250,2,3,-1,1,-1
201504EG15092,1,9,0,4,0,1,0,0,0,0,1,1,6,2,79,11,1388,1,11,-1,-1,-1
201504EG15092,2,9,0,10,0,1,0,0,0,0,2,1,6,2,35,6,-1,-1,-1,-1,-1,-1
201504EG15093,1,1,0,16,0,4,0,0,0,0,1,1,2,1,50,8,-1,-1,-1,-1,1,-1
201504EG15093,2,90,0,9,0,4,0,0,0,0,1,1,1,1,57,9,-1,-1,-1,-1,1,-1
201504EG15094,1,9,0,18,0,0,0,0,0,0,1,1,3,2,20,4,998,1,10,-1,1,-1
201504EG15095,1,9,0,4,0,0,0,0,0,0,1,1,6,2,27,6,1199,1,14,-1,1,-1
201504EG15095,2,9,0,4,0,0,0,0,0,0,2,1,6,2,23,5,1248,2,6,-1,1,-1
201504EG15096,1,5,0,16,0,0,5,0,0,0,1,1,6,1,31,6,904,1,16,-1,1,-1
201504EG15096,2,9,0,17,0,0,1,0,0,0,1,1,6,2,28,6,1956,2,3,-1,3,-1
201504EG15097,1,9,0,17,0,0,5,0,1,10,1,1,2,1,30,6,998,1,14,-1,1,-1
201504EG15098,1,11,0,18,0,8,0,0,0,0,0,1,1,1,46,8,9360,2,2,-1,1,-1
201504EG15099,1,9,0,18,0,0,1,0,1,10,3,1,6,1,44,7,1242,1,14,-1,2,-1
201504EG15100,1,9,0,6,0,0,0,0,0,0,4,1,6,1,58,9,1388,1,12,-1,-1,-1
201504EG15100,2,5,0,18,0,0,0,0,0,0,1,1,2,1,36,7,998,1,11,-1,1,-1
201504EG15101,1,9,0,18,0,1,1,0,0,0,1,1,6,1,33,6,5204,1,-1,-1,1,-1
201504EG15102,1,3,0,17,0,0,1,0,2,10,4,1,6,1,19,4,124,1,-1,-1,3,-1
201504EG15102,2,9,0,16,0,0,0,0,0,0,0,1,6,1,64,9,-1,-1,-1,-1,-1,-1
201504EG15103,1,90,0,18,0,1,0,0,0,0,1,1,6,1,50,8,-1,-1,-1,-1,1,-1
201504EG15103,2,9,0,3,0,1,0,0,0,0,2,1,6,1,71,10,2179,2,8,-1,1,-1
201504EG15103,3,90,0,3,0,1,0,0,0,0,2,1,6,3,-1,-1,-1,-1,-1,-1,-1,-1
201504EG15104,1,9,0,18,0,0,0,0,0,0,0,1,6,3,-1,-1,-1,-1,-1,-1,-1,-1
201504EG15104,2,3,0,13,0,0,0,10,0,0,1,1,2,1,24,5,125,1,1,-1,1,-1
201504EG15105,1,9,0,4,0,1,0,0,0,0,1,1,6,2,36,7,1598,1,6,-1,1,-1
201504EG15105,2,9,0,3,0,1,0,0,0,0,2,1,6,2,27,6,1390,1,2,-1,1,-1
201504EG15106,1,9,0,18,0,0,2,0,0,0,3,1,6,1,19,4,1124,1,14,-1,3,-1
201504EG15107,1,9,0,18,0,8,0,0,0,0,1,1,6,2,77,11,1390,1,15,-1,1,-1
201504EG15108,1,19,0,18,0,8,1,4,0,0,1,1,6,1,33,6,1998,2,13,-1,1,-1
201504EG15108,2,9,0,2,0,8,0,0,0,0,3,1,1,1,34,6,1582,2,3,-1,1,-1
201504EG15108,3,9,0,18,0,1,0,0,0,0,0,1,1,1,39,7,-1,-1,-1,-1,2,-1
201504EG15109,1,9,0,9,0,8,0,0,0,0,4,1,6,2,33,6,1299,1,11,-1,-1,-1
201504EG15109,2,1,0,18,0,8,0,0,0,0,1,1,6,2,42,7,-1,-1,-1,-1,1,-1
201504EG15110,1,9,0,3,0,1,0,0,0,0,1,1,1,1,43,7,1896,2,11,-1,1,-1
201504EG15110,2,9,0,3,0,1,0,0,0,0,2,1,1,2,25,5,1390,1,8,-1,1,-1
201504EG15112,1,5,0,18,0,1,0,0,0,0,3,1,6,1,53,8,-1,-1,-1,-1,1,-1
201504EG15112,2,9,0,9,0,6,0,0,0,0,3,1,6,1,29,6,1896,2,16,-1,1,-1
201504EG15113,1,9,0,18,0,8,0,0,0,0,4,1,6,2,41,7,2993,2,6,-1,1,-1
201504EG15114,1,4,0,13,0,8,0,0,0,0,1,1,2,1,45,7,399,1,14,-1,2,-1
201504EG15114,2,9,0,13,0,8,0,0,0,0,4,1,2,1,25,5,1984,1,8,-1,1,-1
201504EG15114,3,19,0,9,0,8,0,0,0,0,3,1,2,1,27,6,2198,2,6,-1,3,-1
201504EG15115,1,1,0,18,0,0,0,0,0,0,1,1,6,1,34,6,-1,-1,-1,-1,1,-1
201504EG15115,2,9,0,18,0,0,0,0,0,0,1,1,6,1,44,7,1986,2,7,-1,1,-1
201504EG15116,1,9,0,18,0,0,5,0,8,0,1,1,6,1,25,5,1900,2,15,-1,1,-1
201504EG15117,1,9,0,9,0,5,0,0,7,1,1,1,6,2,27,6,1896,2,11,-1,1,-1
201504EG15118,1,9,0,18,0,4,0,0,0,0,3,1,6,1,76,11,1389,1,12,-1,1,-1
201504EG15118,2,3,0,9,0,3,0,0,0,0,1,1,6,1,57,9,124,1,2,-1,1,-1
201504EG15119,1,9,0,17,0,0,0,4,2,10,1,1,6,2,29,6,998,1,2,-1,3,-1
201504EG15119,2,5,0,18,0,0,0,0,0,0,1,1,6,1,55,8,903,1,7,-1,1,-1
201504EG15119,3,9,0,2,0,0,0,0,0,0,4,2,6,3,64,9,-1,-1,-1,-1,-1,-1
201504EG15120,1,9,0,18,0,4,0,0,0,0,1,1,4,1,19,4,1598,2,1,-1,1,-1
201504EG15120,2,9,0,2,0,4,0,0,0,0,2,1,6,2,36,7,1240,1,10,-1,1,-1
201504EG15121,1,9,0,18,0,6,0,0,0,0,1,1,1,1,27,6,1242,1,11,-1,3,-1
201504EG15122,1,21,1,18,0,8,0,0,0,0,3,1,1,1,52,8,15607,2,7,-1,2,-1
201504EG15123,1,9,0,18,0,5,0,0,0,0,1,1,6,1,27,6,1595,1,12,-1,1,-1
201504EG15124,1,9,0,4,0,0,0,0,0,0,1,1,6,1,75,10,1397,1,14,-1,1,-1
201504EG15124,2,9,0,4,0,0,0,0,0,0,2,1,6,2,80,11,1596,1,10,-1,1,-1
201504EG15125,1,9,0,18,0,1,0,0,0,0,1,1,1,2,61,9,1968,2,4,-1,1,-1
201504EG15125,2,9,0,10,0,1,0,0,0,0,2,1,1,1,31,6,-1,-1,-1,-1,3,-1
201504EG15126,1,9,0,9,0,6,0,0,0,0,3,1,6,2,26,6,998,1,2,-1,3,-1
201504EG15126,2,9,0,18,0,1,0,0,0,0,4,1,6,2,68,10,1242,1,4,-1,3,-1
201504EG15127,1,9,0,18,0,1,0,0,0,0,1,1,6,1,66,10,1668,1,13,-1,1,-1
201504EG15127,2,9,0,4,0,1,0,0,0,0,1,1,6,1,28,6,1398,2,9,-1,1,-1
201504EG15128,1,3,0,18,0,0,0,0,1,10,1,1,6,1,34,6,125,1,2,-1,2,-1
201504EG15129,1,9,0,18,9,6,0,0,0,0,1,1,6,2,46,8,1461,2,-1,-1,1,-1
201504EG15130,1,9,0,18,0,8,0,0,0,0,4,1,6,1,17,4,1328,1,9,-1,1,-1
201504EG15131,1,5,0,18,0,0,1,0,2,10,1,1,6,1,36,7,645,1,10,-1,1,-1
201504EG15132,1,19,0,9,0,8,0,0,0,0,4,1,1,1,24,5,2999,2,12,-1,1,-1
201504EG15133,1,2,0,4,0,0,0,0,0,0,1,1,6,2,18,4,49,1,5,-1,1,-1
201504EG15133,2,9,0,4,0,0,0,0,0,0,2,1,6,2,58,9,1598,2,2,-1,1,-1
201504EG15134,1,9,0,13,0,0,1,0,0,0,1,1,6,1,25,5,3799,1,3,-1,1,-1
201504EG15134,2,9,0,16,0,0,0,0,1,0,1,1,2,1,53,8,1870,2,10,-1,1,-1
201504EG15134,3,9,0,16,0,0,0,0,1,0,1,1,6,1,67,10,1995,2,2,-1,1,-1
201504EG15135,1,9,0,9,0,1,0,0,0,0,0,1,6,2,28,6,1364,1,7,-1,3,-1
201504EG15135,2,1,0,18,0,1,2,4,0,0,2,1,6,1,52,8,-1,-1,-1,-1,1,-1
201504EG15136,1,1,0,4,0,0,1,4,0,0,1,1,6,1,41,7,-1,-1,-1,-1,1,-1
201504EG15136,2,9,0,3,0,0,0,0,0,0,1,1,6,1,53,8,2698,2,5,-1,3,-1
201504EG15137,1,9,0,16,0,0,0,0,0,0,1,1,6,1,53,8,1396,1,16,-1,2,-1
201504EG15137,2,21,1,17,0,0,0,0,0,0,1,1,1,1,35,6,10518,2,1,-1,3,-1
201504EG15138,1,9,0,3,0,1,0,0,0,0,1,1,2,1,53,8,1598,2,2,-1,1,-1
201504EG15138,2,9,0,5,0,1,0,0,0,0,2,1,6,2,36,7,1686,2,14,-1,1,-1
201504EG15139,1,9,0,9,0,6,0,0,0,0,3,1,6,2,18,4,1242,1,7,-1,1,-1
201504EG15139,2,9,0,18,0,8,0,0,0,0,4,1,6,1,49,8,1461,2,9,-1,1,-1
201504EG15140,1,9,0,3,1,5,0,0,0,0,1,1,6,3,-1,-1,1596,1,9,-1,-1,-1
201504EG15140,2,9,0,3,1,3,0,0,0,0,2,1,6,2,28,6,1197,1,2,-1,1,-1
201504EG15141,1,5,0,13,0,0,0,0,0,0,1,1,6,1,41,7,-1,-1,-1,-1,1,-1
201504EG15141,2,9,0,9,0,0,0,0,0,0,3,1,6,2,52,8,1098,1,-1,-1,2,-1
201504EG15142,1,9,0,9,0,3,0,0,0,0,1,1,6,1,36,7,1753,2,10,-1,1,-1
201504EG15142,2,9,0,18,0,4,0,0,0,0,1,1,6,3,-1,-1,-1,-1,-1,-1,-1,-1
201504EG15144,1,9,0,5,0,1,0,0,0,0,4,1,6,1,-1,-1,1995,2,2,-1,-1,-1
201504EG15145,1,9,0,18,0,0,0,0,0,0,4,1,2,1,43,7,-1,-1,-1,-1,1,-1
201504EG15145,2,1,0,18,0,0,0,0,0,0,2,1,6,1,12,3,-1,-1,-1,-1,1,-1
201504EG15146,1,9,0,18,0,8,1,12,0,0,1,1,1,1,52,8,1582,2,5,-1,1,-1
201504EG15147,1,9,0,18,0,3,1,0,1,7,4,1,6,1,32,6,1781,1,14,-1,1,-1
201504EG15148,1,9,0,18,0,1,0,0,0,0,1,1,2,1,22,5,-1,-1,-1,-1,2,-1
201504EG15148,2,9,0,4,0,1,0,0,0,0,2,1,2,2,34,6,1600,2,5,-1,2,-1
201504EG15149,1,9,0,5,0,8,0,0,0,0,0,1,6,1,52,8,1248,2,9,-1,1,-1
201504EG15149,2,1,0,18,0,8,1,0,0,0,0,1,6,1,41,7,-1,-1,-1,-1,1,-1
201504EG15150,1,9,0,17,0,0,2,0,1,10,1,1,6,1,25,5,1910,2,8,-1,1,-1
201504EG15151,1,9,0,17,0,8,1,0,1,1,1,1,6,2,41,7,1240,1,11,-1,3,-1
201504EG15153,1,9,0,9,0,8,0,0,0,0,1,1,6,1,72,10,1998,1,11,-1,3,-1
201504EG15153,2,9,0,18,0,8,0,0,0,0,1,1,6,1,44,7,1995,1,10,-1,3,-1
201504EG15154,1,9,0,12,0,8,5,10,1,0,3,1,6,1,42,7,1149,1,13,-1,1,-1
201504EG15154,2,9,0,11,0,8,0,0,0,0,4,1,6,1,68,10,2143,2,4,-1,1,-1
201504EG15155,1,9,0,18,0,2,5,0,1,4,1,1,6,2,77,11,1198,1,1,-1,3,-1
201504EG15156,1,9,0,18,0,1,0,0,0,0,3,1,6,1,24,5,1598,2,3,-1,1,-1
201504EG15156,2,8,0,18,0,6,0,0,0,0,1,1,1,1,59,9,1896,2,7,-1,1,-1
201504EG15157,1,19,0,10,0,8,1,0,0,0,1,1,6,1,31,6,1753,2,13,-1,1,-1
201504EG15157,2,9,0,9,0,8,0,0,0,0,2,1,6,2,19,4,998,1,8,-1,1,-1
201504EG15158,1,9,0,7,0,1,0,0,0,0,1,1,6,1,18,4,973,1,12,-1,1,-1
201504EG15158,2,9,0,18,0,8,0,0,0,0,1,1,6,1,69,10,1587,1,9,-1,-1,-1
201504EG15159,1,9,0,18,0,1,0,0,0,0,1,1,6,3,-1,-1,-1,-1,-1,-1,-1,-1