Accident_Index,Vehicle_Reference,Vehicle_Type,Towing_and_Articulation,Vehicle_Manoeuvre,Vehicle_Location-Restricted_Lane,Junction_Location,Skidding_and_Overturning,Hit_Object_in_Carriageway,Vehicle_Leaving_Carriageway,Hit_Object_off_Carriageway,1st_Point_of_Impact,Was_Vehicle_Left_Hand_Drive?,Journey_Purpose_of_Driver,Sex_of_Driver,Age_of_Driver,Age_Band_of_Driver,Engine_Capacity_(CC),Propulsion_Code,Age_of_Vehicle,Driver_IMD_Decile,Driver_Home_Area_Type,Vehicle_IMD_Decile
201504EG15159,2,9,0,18,0,2,0,0,0,0,1,1,6,2,35,6,1389,1,14,-1,1,-1
201504EG15160,1,5,0,17,0,0,1,0,0,0,3,1,6,1,43,7,599,1,19,-1,1,-1
201504EG15161,1,9,0,16,0,8,0,0,7,0,1,1,6,1,30,6,1956,2,3,-1,1,-1
201504EG15161,2,9,0,17,0,8,0,0,0,0,1,1,6,1,37,7,1986,2,8,-1,1,-1
201504EG15162,1,9,0,17,0,8,0,0,7,2,1,1,2,1,19,4,1388,1,9,-1,1,-1
201504EG15163,1,9,0,18,0,3,1,0,0,0,1,1,6,1,64,9,1998,1,-1,-1,3,-1
201504EG15163,2,9,0,18,0,3,0,0,0,0,4,1,6,2,40,7,1796,1,9,-1,1,-1
201504EG15164,1,9,0,5,8,6,0,0,0,0,0,1,6,2,86,11,1339,1,8,-1,3,-1
201504EG15164,2,1,0,18,0,8,0,0,0,0,3,1,6,1,46,8,-1,-1,-1,-1,1,-1
201504EG15165,1,9,0,18,0,0,0,0,0,0,4,1,6,3,-1,-1,-1,-1,-1,-1,-1,-1
201504EG15167,1,9,0,16,0,1,0,0,0,0,1,1,6,1,28,6,1587,1,25,-1,1,-1
201504EG15167,2,9,0,5,0,6,0,0,0,0,1,1,6,2,55,8,1796,1,10,-1,-1,-1
201504EG15168,1,1,0,18,0,8,0,0,0,0,1,1,6,1,25,5,-1,-1,-1,-1,1,-1
201504EG15168,2,9,0,18,0,8,0,0,0,0,3,1,6,1,47,8,1984,2,2,-1,1,-1
201504EG15169,1,9,0,18,0,8,0,0,0,0,3,1,6,1,20,4,1299,1,12,-1,1,-1
201504EG15170,1,9,0,9,0,5,0,0,0,0,1,1,6,2,41,7,1598,2,3,-1,1,-1
201504EG15170,2,9,0,18,0,8,0,0,0,0,1,1,1,1,33,6,1124,1,7,-1,1,-1
201504EG15171,1,3,0,18,0,0,0,0,0,0,3,1,6,1,19,4,125,1,-1,-1,2,-1
201504EG15172,1,9,0,9,0,1,0,0,0,0,1,1,6,1,24,5,1360,1,15,-1,1,-1
201504EG15172,2,1,0,18,0,1,0,0,0,0,1,1,2,1,35,6,-1,-1,-1,-1,1,-1
201504EG15173,1,90,0,9,0,6,0,0,0,0,1,1,6,1,65,9,-1,-1,-1,-1,3,-1
201504EG15173,2,4,0,18,0,1,0,0,0,0,1,1,6,1,74,10,-1,-1,-1,-1,1,-1
201504EG15174,1,9,0,5,0,0,0,0,0,0,1,1,6,1,25,5,3200,2,-1,-1,3,-1
201504EG15174,2,1,0,15,0,0,0,0,0,0,4,1,6,2,47,8,-1,-1,-1,-1,3,-1
201504EG15175,1,9,0,1,0,0,0,0,0,0,4,1,6,1,67,10,1560,2,1,-1,1,-1
201504EG15176,1,9,0,18,0,8,0,0,0,0,1,1,6,2,29,6,1242,1,4,-1,1,-1
201504EG15177,1,9,0,15,1,0,0,0,0,0,0,1,6,3,-1,-1,-1,-1,-1,-1,-1,-1
201504EG15177,2,9,0,4,1,0,0,0,0,0,1,1,6,1,27,6,2521,1,9,-1,1,-1
201504EG15177,3,9,0,4,1,0,0,0,0,0,2,1,6,1,49,8,1769,1,13,-1,1,-1
201504EG15178,1,9,0,18,0,6,0,0,0,0,1,1,6,1,33,6,-1,-1,-1,-1,-1,-1
201504EG15178,2,9,0,18,0,8,0,0,1,10,3,1,6,2,34,6,1596,1,1,-1,1,-1
201504EG15179,1,90,0,3,0,1,0,0,0,0,0,1,1,1,-1,-1,-1,-1,-1,-1,-1,-1
201504EG15180,1,9,0,18,0,1,0,0,7,10,3,1,6,1,33,6,1968,2,-1,-1,1,-1
201504EG15180,2,9,0,18,0,2,0,0,1,10,3,1,6,2,24,5,1598,2,4,-1,2,-1
201504EG15181,1,1,0,18,0,6,0,0,0,0,1,1,6,2,9,2,-1,-1,-1,-1,-1,-1
201504EG15181,2,9,0,18,0,8,0,0,0,0,4,1,6,1,42,7,-1,-1,-1,-1,1,-1
201504EG15182,1,90,4,1,0,6,0,0,0,0,2,1,1,1,21,5,-1,2,4,-1,1,-1
201504EG15182,2,9,0,3,0,8,0,0,0,0,1,1,6,2,46,8,3199,1,13,-1,2,-1
201504EG15183,1,9,0,18,0,8,0,7,0,0,1,1,6,2,21,5,1124,1,14,-1,1,-1
201504EG15184,1,9,0,18,0,0,0,0,0,0,1,1,6,1,32,6,1999,2,-1,-1,1,-1
201504EG15184,2,9,0,2,0,0,0,0,0,0,3,1,6,1,44,7,4172,2,9,-1,-1,-1
201504EG15185,1,17,0,18,0,0,5,0,0,0,0,1,1,2,16,4,-1,-1,-1,-1,-1,-1
201504EG15186,1,9,0,9,0,6,0,0,1,0,3,1,2,2,20,4,1086,1,8,-1,2,-1
201504EG15186,2,9,0,18,0,8,0,0,7,10,1,1,6,1,67,10,1968,2,3,-1,3,-1
201504EG15187,1,3,0,4,0,0,0,0,0,0,4,1,6,1,17,4,124,1,7,-1,1,-1
201504EG15188,1,9,0,5,0,1,0,0,0,0,4,1,6,1,62,9,1900,2,10,-1,1,-1
201504EG15189,1,9,0,18,0,1,0,0,0,0,1,1,6,2,19,4,1229,1,1,-1,1,-1
201504EG15189,2,9,0,4,0,1,0,0,0,0,2,1,6,2,31,6,1783,1,14,-1,1,-1
201504EG15190,1,9,0,5,0,6,0,10,3,1,3,1,6,2,80,11,1360,1,3,-1,1,-1
201504EG15190,2,9,0,18,0,8,0,0,0,0,1,1,6,2,41,7,1586,1,8,-1,3,-1
201504EG15191,1,9,0,18,0,0,0,0,0,0,1,1,1,2,31,6,1388,1,7,-1,1,-1
201504EG15191,2,9,0,18,0,0,0,0,0,0,1,1,6,2,61,9,1598,1,2,-1,1,-1
201504EG15191,3,9,0,2,0,0,0,0,0,0,3,1,6,1,45,7,1595,1,15,-1,1,-1
201504EG15192,1,9,0,9,0,6,0,0,0,0,1,1,6,1,27,6,1968,2,12,-1,-1,-1
201504EG15192,2,9,0,18,0,1,0,0,0,0,4,1,6,2,33,6,1229,1,2,-1,1,-1
201504EG15193,1,9,0,18,0,2,0,0,0,0,1,1,6,2,34,6,1199,1,15,-1,1,-1
201504EG15193,2,90,0,2,0,2,0,0,0,0,2,1,6,1,47,8,2800,2,15,-1,1,-1
201504EG15194,1,3,0,17,0,0,0,10,2,10,4,1,2,1,26,6,108,1,6,-1,3,-1
201504EG15196,1,9,0,1,0,2,0,0,3,10,2,1,6,1,89,11,1242,1,10,-1,1,-1
201504EG15197,1,9,0,17,0,0,0,0,0,0,0,1,6,3,-1,-1,-1,-1,-1,-1,-1,-1
201504EG15197,2,5,0,16,0,0,1,0,1,0,0,1,6,1,19,4,997,1,9,-1,3,-1
201504EG15198,1,9,0,18,0,1,0,0,3,10,1,1,6,2,82,11,1240,1,10,-1,1,-1
201504EG15198,2,9,0,2,0,1,0,0,0,0,3,1,6,3,-1,-1,1390,1,14,-1,-1,-1
201504EG15199,1,9,0,18,0,8,0,0,0,0,1,1,6,1,27,6,1298,1,15,-1,1,-1
201504EG15199,2,9,0,3,0,8,0,0,0,0,2,1,6,2,42,7,1498,1,5,-1,1,-1
201504EG15200,1,9,0,17,0,0,0,0,0,0,1,1,6,1,53,8,1868,2,14,-1,3,-1
201504EG15200,2,9,0,16,0,0,5,0,0,0,1,1,6,1,86,11,2000,2,4,-1,3,-1
201504EG15201,1,5,0,13,0,2,0,0,2,10,3,1,6,1,41,7,675,1,1,-1,3,-1
201504EG15201,2,9,0,18,0,1,0,0,0,0,3,1,6,2,71,10,1797,8,3,-1,1,-1
201504EG15201,3,9,0,18,0,2,0,0,2,10,0,1,6,1,60,9,1199,1,13,-1,1,-1
201504EG15202,1,9,0,17,0,0,2,0,2,9,1,1,6,1,37,7,3125,2,14,-1,1,-1
201504EG15204,1,8,0,6,0,0,0,0,0,0,3,1,6,1,65,9,-1,-1,-1,-1,-1,-1
201504EG15204,2,9,0,18,0,0,0,0,7,10,1,1,6,2,35,6,1598,2,2,-1,3,-1
201504EG15205,1,9,4,14,0,0,0,0,0,0,2,1,6,2,46,8,-1,-1,-1,-1,1,-1
201504EG15205,2,1,0,3,0,0,0,0,0,0,3,1,6,2,51,8,-1,-1,-1,-1,1,-1
201504EG15206,1,9,0,14,0,0,0,0,0,0,1,1,2,2,23,5,998,1,14,-1,1,-1
201504EG15207,1,9,0,18,0,0,0,0,0,0,4,1,6,3,-1,-1,-1,-1,-1,-1,-1,-1
201504EG15208,1,9,0,9,0,4,0,0,0,0,1,1,6,3,-1,-1,-1,-1,-1,-1,-1,-1
201504EG15208,2,1,0,18,0,8,0,0,0,0,2,1,6,1,22,5,-1,-1,-1,-1,1,-1
201504EG15209,1,9,0,5,0,6,0,0,0,0,1,1,1,2,36,7,1995,2,8,-1,1,-1
201504EG15209,2,1,0,18,0,1,0,0,0,0,4,1,6,1,41,7,-1,-1,-1,-1,-1,-1
201504EG15210,1,9,0,18,0,8,0,0,0,0,1,1,6,1,42,7,-1,-1,-1,-1,1,-1
201504EG15210,2,9,0,4,0,8,0,0,0,0,2,1,6,1,52,8,1685,2,1,-1,1,-1
201504EG15211,1,9,0,18,0,0,0,0,0,0,1,1,6,2,73,10,1197,1,4,-1,-1,-1
201504EG15211,2,9,0,3,0,0,0,0,0,0,2,1,6,2,48,8,998,1,11,-1,2,-1
201504EG15212,1,8,0,18,0,1,0,0,0,0,1,1,1,1,33,6,1896,2,12,-1,-1,-1
201504EG15212,2,9,0,10,0,1,0,0,0,0,2,1,6,2,38,7,1388,1,6,-1,-1,-1
201504EG15213,1,9,0,17,0,0,1,10,7,10,4,1,6,1,21,5,1242,1,6,-1,1,-1
201504EG15214,1,3,0,18,0,1,0,0,0,0,1,1,1,1,17,4,-1,-1,-1,-1,1,-1
201504EG15214,2,3,0,18,0,1,0,0,0,0,1,1,1,1,17,4,125,1,-1,-1,3,-1
201504EG15215,1,9,0,18,0,4,0,0,0,0,1,1,6,1,70,10,1997,2,11,-1,1,-1
201504EG15215,2,9,0,9,0,6,0,0,0,0,3,1,6,2,23,5,1896,2,9,-1,1,-1
201504EG15216,1,9,0,18,0,3,0,0,0,0,1,1,2,1,19,4,1298,1,11,-1,2,-1
201504EG15217,1,9,0,18,0,0,0,0,0,0,1,1,6,2,24,5,1197,1,-1,-1,1,-1
201504EG15217,2,9,0,18,0,0,0,0,0,0,1,1,6,1,64,9,1597,2,1,-1,1,-1
201504EG15217,3,9,0,4,0,0,0,0,0,0,2,1,6,1,48,8,1198,1,-1,-1,1,-1
201504EG15217,4,9,0,4,0,0,0,0,0,0,0,1,6,1,56,9,1399,2,8,-1,1,-1
201504EG15218,1,9,0,9,0,6,0,0,0,0,3,1,6,1,82,11,1798,1,1,-1,1,-1
201504EG15218,2,11,0,18,0,1,0,0,0,0,1,1,1,1,50,8,4250,2,5,-1,1,-1
201504EG15219,1,3,0,17,0,0,0,0,2,10,1,1,6,1,15,3,-1,-1,-1,-1,1,-1
201504EG15220,1,9,0,16,0,8,1,4,0,0,1,1,6,1,22,5,1598,2,3,-1,1,-1
201504EG15220,2,9,0,2,0,2,0,0,0,0,4,1,6,3,-1,-1,1587,1,9,-1,-1,-1
201504EG15220,3,9,0,2,0,2,0,0,0,0,4,1,6,3,-1,-1,2184,2,12,-1,-1,-1
201504EG15221,1,1,0,18,0,6,0,0,4,0,1,1,6,1,12,3,-1,-1,-1,-1,1,-1
201504EG15221,2,9,0,18,0,1,0,0,0,0,3,1,2,2,26,6,998,1,4,-1,1,-1
201504EG15222,1,9,0,9,0,8,0,0,0,0,1,1,6,1,61,9,1896,2,10,-1,1,-1
201504EG15222,2,9,0,18,0,8,0,10,1,10,1,1,6,1,33,6,1998,1,11,-1,1,-1
201504EG15222,3,9,0,18,9,1,0,1,7,0,1,1,6,3,-1,-1,6208,1,5,-1,-1,-1
201504EG15222,4,9,0,2,0,2,0,4,0,0,1,1,6,1,28,6,1995,2,8,-1,1,-1
201504EG15222,5,9,0,2,0,2,0,4,0,0,1,1,6,1,-1,-1,2993,2,9,-1,1,-1
201504EG15223,1,9,0,9,0,8,0,0,7,10,1,1,6,1,82,11,1242,1,9,-1,1,-1
201504EG15224,1,9,0,9,0,6,0,0,0,0,1,1,6,1,69,10,1794,1,7,-1,1,-1
201504EG15224,2,2,0,18,0,8,0,0,0,0,1,1,6,1,16,4,49,1,2,-1,3,-1
201504EG15225,1,9,0,9,0,6,0,0,0,0,1,1,6,2,77,11,1984,2,3,-1,3,-1
201504EG15225,2,5,0,18,0,8,5,10,3,1,4,1,6,1,74,10,1649,1,4,-1,1,-1
201504EG15226,1,9,0,9,0,8,0,0,0,0,4,1,6,1,35,6,-1,-1,-1,-1,1,-1
201504EG15226,2,1,0,18,0,8,0,0,0,0,1,1,6,1,51,8,-1,-1,-1,-1,1,-1
201504EG15227,1,9,0,17,0,2,2,10,1,1,3,1,6,1,17,4,1229,1,10,-1,3,-1
201504EG15228,1,2,0,9,0,6,0,0,0,0,1,1,6,1,17,4,49,1,-1,-1,3,-1
201504EG15228,2,9,0,18,0,8,0,0,0,0,4,1,2,2,33,6,1686,2,13,-1,1,-1
201504EG15229,1,9,0,16,0,0,0,0,0,0,4,1,6,1,45,7,1870,2,12,-1,1,-1
201504EG15229,2,1,0,16,0,0,0,0,0,0,2,1,6,1,76,11,-1,-1,-1,-1,-1,-1
201504EG15230,1,9,0,1,0,6,0,0,0,0,0,1,6,2,42,7,1896,2,15,-1,1,-1
201504EG15230,2,11,0,18,0,8,0,0,0,0,0,1,1,1,60,9,4250,2,9,-1,1,-1
201504EG15231,1,9,0,18,0,8,0,0,7,4,1,1,6,1,27,6,998,1,13,-1,1,-1
201504EG15232,1,9,0,5,0,0,0,0,0,0,1,1,2,2,59,9,1199,2,2,-1,1,-1
201504EG15233,1,5,0,3,0,0,0,0,0,0,3,1,6,1,48,8,-1,-1,-1,-1,1,-1
201504EG15234,1,9,0,1,0,0,0,0,0,0,2,1,6,2,36,7,2231,2,4,-1,1,-1
201504EG15234,2,9,0,2,0,0,0,0,0,0,1,1,6,1,-1,-1,1994,1,11,-1,3,-1
201504EG15235,1,8,0,17,0,1,1,0,0,0,1,1,1,1,37,7,1991,2,8,-1,1,-1
201504EG15236,1,9,0,18,0,1,0,0,0,0,1,1,6,1,43,7,1700,2,11,-1,1,-1
201504EG15236,2,9,0,5,0,1,0,0,0,0,2,1,6,1,34,6,1246,1,10,-1,1,-1
201504EG15237,1,9,0,7,0,8,0,0,0,0,1,1,6,1,25,5,1798,1,11,-1,1,-1
201504EG15237,2,9,0,3,0,1,0,0,0,0,1,1,6,1,51,8,2987,2,9,-1,-1,-1
201504EG15238,1,5,0,18,0,8,1,0,0,0,1,1,6,1,45,7,998,1,20,-1,1,-1
201504EG15238,2,9,0,9,0,6,0,0,0,0,1,1,6,1,57,9,1582,2,3,-1,1,-1
201504EG15239,1,9,0,18,0,1,0,0,0,0,1,1,6,3,-1,-1,1910,2,11,-1,-1,-1
201504EG15239,2,9,0,18,0,6,0,0,0,0,1,1,6,2,37,7,1995,2,7,-1,1,-1
201504EG15240,1,9,0,18,0,0,0,0,0,0,1,1,6,3,-1,-1,-1,-1,-1,-1,-1,-1
201504EG15240,2,1,0,18,0,0,0,0,0,0,2,1,1,1,24,5,-1,-1,-1,-1,1,-1
201504EG15241,1,9,0,7,0,3,1,0,0,0,1,1,3,1,51,8,1796,1,12,-1,1,-1
201504EG15241,2,19,0,2,0,5,0,0,0,0,2,1,1,1,51,8,2198,2,-1,-1,1,-1
201504EG15242,1,9,0,5,0,2,0,0,0,0,1,1,6,1,36,7,1360,1,9,-1,1,-1
201504EG15242,2,9,0,4,0,2,0,0,0,0,2,1,1,1,18,4,1388,1,4,-1,1,-1
201504EG15243,1,5,0,14,0,0,0,0,0,0,4,1,6,1,38,7,-1,-1,-1,-1,1,-1
201504EG15244,1,9,0,3,0,2,0,0,0,0,1,1,6,1,30,6,1761,1,15,-1,1,-1
201504EG15244,2,9,0,3,0,1,0,0,0,0,2,1,6,1,35,6,1850,1,14,-1,-1,-1
201504EG15245,1,21,0,5,9,1,0,0,0,0,4,1,1,1,46,8,-1,-1,-1,-1,1,-1
201504EG15248,1,9,0,18,0,1,0,0,0,0,1,1,6,2,46,8,998,1,1,-1,1,-1
201504EG15249,1,9,0,18,0,1,0,0,0,0,4,1,2,1,54,8,-1,-1,-1,-1,3,-1
201504EG15250,1,9,0,18,0,2,0,0,0,0,1,1,6,2,75,10,1391,1,19,-1,3,-1
201504EG15251,1,9,0,18,0,2,0,0,0,0,1,1,3,2,38,7,2993,2,2,-1,1,-1
201504EG15252,1,9,0,18,0,8,1,0,7,9,1,1,6,1,58,9,-1,-1,-1,-1,1,-1
201504EG15252,2,9,4,7,0,8,0,0,0,0,2,1,6,1,65,9,-1,-1,-1,-1,1,-1
201504EG15253,1,9,0,4,0,8,0,0,0,0,1,1,6,2,74,10,1198,1,2,-1,-1,-1
201504EG15254,1,9,0,18,0,0,0,0,0,0,1,1,6,2,34,6,1997,2,14,-1,1,-1
201504EG15254,2,9,0,18,0,0,0,0,2,4,2,1,6,2,74,10,1242,1,3,-1,1,-1
201504EG15255,1,9,0,18,0,0,0,0,0,0,1,1,6,2,26,6,1896,2,12,-1,1,-1
201504EG15255,2,9,0,18,0,0,0,0,0,0,1,1,6,1,55,8,1905,2,18,-1,1,-1
201504EG15256,1,9,0,18,0,0,0,0,0,0,3,1,6,1,54,8,1896,2,14,-1,1,-1
201504EG15256,2,9,0,18,0,0,0,0,0,0,1,1,6,2,69,10,-1,-1,-1,-1,3,-1
201504EG15257,1,9,0,18,0,6,0,0,0,0,3,1,6,2,25,5,998,1,11,-1,-1,-1
201504EG15257,2,9,0,18,0,1,0,0,0,0,1,1,6,2,61,9,1560,2,-1,-1,1,-1
201504EG15258,1,9,0,9,0,5,0,0,0,0,0,1,6,3,-1,-1,-1,-1,-1,-1,-1,-1
201504EG15258,2,1,0,18,0,1,0,0,0,0,0,1,2,1,20,4,-1,-1,-1,-1,-1,-1
201504EG15259,1,9,0,7,0,1,0,0,0,0,0,1,1,3,35,6,-1,-1,-1,-1,1,-1
201504EG15259,2,1,0,18,0,1,0,0,0,0,0,1,6,1,42,7,-1,-1,-1,-1,1,-1
201504EG15260,1,9,0,5,0,6,0,0,0,0,3,1,1,1,42,7,1968,2,8,-1,1,-1
201504EG15260,2,9,0,18,0,8,0,0,0,0,1,1,1,1,43,7,1700,2,11,-1,1,-1
201504EG15261,1,9,0,18,0,0,0,0,0,0,1,1,6,2,21,5,1248,2,6,-1,1,-1
201504EG15261,2,9,0,4,0,0,0,0,0,0,2,1,6,1,67,10,1240,1,10,-1,1,-1
201504EG15261,3,9,0,4,0,0,0,0,0,0,2,1,6,1,40,7,998,1,14,-1,1,-1
201504EG15261,4,90,0,18,0,0,0,0,0,0,0,1,1,1,30,6,-1,-1,-1,-1,-1,-1
201504EG15261,5,90,0,18,0,0,0,0,0,0,0,1,1,2,26,6,-1,-1,-1,-1,-1,-1
201504EG15263,1,9,0,1,0,0,0,0,0,0,0,1,6,1,61,9,2495,2,19,-1,-1,-1
201504EG15264,1,9,0,3,0,3,0,0,0,0,4,1,6,2,52,8,998,1,5,-1,1,-1
201504EG15265,1,9,0,16,0,0,0,0,7,4,4,1,6,1,26,6,1199,1,11,-1,1,-1
201504EG15266,1,9,0,3,0,4,0,0,0,0,1,1,6,2,78,11,1339,1,11,-1,2,-1
201504EG15266,2,9,0,7,0,3,0,0,0,0,1,1,2,1,38,7,1998,2,12,-1,3,-1
201504EG15267,1,9,0,5,0,0,0,0,0,0,3,1,1,1,34,6,1582,2,1,-1,2,-1
201504EG15268,1,9,0,18,0,0,0,0,0,0,1,1,6,1,48,8,1582,2,4,-1,2,-1
201504EG15268,2,9,0,3,0,0,0,0,0,0,2,1,6,1,23,5,1339,1,4,-1,2,-1
201504EG15268,3,9,0,3,0,0,0,0,0,0,2,1,6,2,46,8,1329,1,2,-1,1,-1
201504EG15269,1,8,0,18,0,1,0,0,0,0,1,1,1,1,54,8,1896,2,8,-1,1,-1
201504EG15269,2,9,0,10,0,2,0,0,0,0,1,1,6,2,20,4,998,1,1,-1,1,-1
201504EG15270,1,9,0,18,0,8,0,0,0,0,1,1,6,1,25,5,1598,2,1,-1,2,-1
201504EG15271,1,9,0,18,0,0,0,0,0,0,4,1,6,2,69,10,1297,1,8,-1,3,-1
201504EG15272,1,9,0,16,0,0,0,0,2,0,4,1,6,2,51,8,1339,1,3,-1,2,-1
201504EG15274,1,9,0,16,0,0,0,0,0,0,0,1,2,1,36,7,1905,2,17,-1,1,-1
201504EG15275,1,9,0,9,0,8,0,0,0,0,3,1,6,2,78,11,1198,1,4,-1,1,-1
201504EG15275,2,9,0,18,0,8,0,0,0,0,3,1,6,2,53,8,1596,1,6,-1,3,-1
201504EG15276,1,1,0,18,0,8,0,0,0,0,1,1,4,1,12,3,-1,-1,-1,-1,1,-1
201504EG15276,2,9,0,9,0,5,0,0,0,0,4,1,6,2,47,8,2184,2,11,-1,3,-1
201504EG15277,1,9,0,4,0,0,0,0,0,0,4,1,6,1,59,9,1240,1,9,-1,1,-1
201504EG15277,2,1,0,18,0,0,0,10,1,1,3,1,6,1,22,5,-1,-1,-1,-1,1,-1
201504EG15278,1,19,0,1,0,8,0,0,0,0,2,1,1,2,31,6,1560,2,1,-1,3,-1
201504EG15279,1,8,0,18,0,4,0,0,0,0,1,1,1,1,46,8,1686,2,7,-1,1,-1
201504EG15279,2,9,0,4,0,4,0,0,0,0,2,1,3,2,34,6,1390,1,8,-1,1,-1
201504EG15280,1,3,0,16,0,0,1,0,0,0,4,1,2,1,17,4,113,1,-1,-1,1,-1
201504EG15281,1,9,0,18,0,1,0,0,0,0,1,1,6,1,63,9,1998,2,10,-1,1,-1
201504EG15281,2,9,0,2,0,1,0,0,0,0,0,1,6,1,49,8,1686,2,12,-1,1,-1
201504EG15282,1,9,0,18,0,0,0,0,2,4,1,1,6,1,18,4,1242,1,2,-1,1,-1
201504EG15283,1,9,0,16,0,0,0,0,0,0,1,1,6,1,55,8,1242,1,6,-1,-1,-1
201504EG15283,2,8,0,17,0,0,0,0,0,0,1,1,1,1,39,7,1896,2,10,-1,-1,-1
201504EG15284,1,9,0,4,0,4,0,0,0,0,0,1,6,1,35,6,1956,2,-1,-1,2,-1
201504EG15284,2,1,0,18,0,3,5,0,1,10,4,1,6,1,69,10,-1,-1,-1,-1,-1,-1
201504EG15285,1,19,0,13,0,0,2,7,0,0,1,-1,-1,1,30,6,1896,2,10,-1,1,-1
201504EG15285,2,19,0,18,0,0,0,0,0,0,0,-1,-1,1,64,9,-1,-1,-1,-1,-1,-1
201504EG15286,1,8,0,18,0,0,1,0,5,0,1,1,1,1,-1,-1,-1,-1,-1,-1,-1,-1
201504EG15287,1,9,0,9,0,1,0,0,0,0,1,1,6,1,54,8,1397,1,4,-1,2,-1
201504EG15287,2,3,0,18,0,1,0,0,0,0,1,1,6,1,26,6,125,1,10,-1,2,-1
201504SA10619,1,10,0,3,0,2,0,0,0,0,0,1,6,1,35,6,-1,-1,-1,-1,1,-1
201504SA15001,1,9,0,18,0,6,0,0,0,0,1,1,6,1,23,5,-1,-1,-1,-1,1,-1
201504SA15001,2,10,0,18,0,8,0,0,7,0,4,1,1,1,51,8,2402,2,11,-1,1,-1
201504SA15002,1,9,0,5,0,1,0,0,0,0,1,1,2,1,34,6,1339,1,12,-1,2,-1
201504SA15003,1,9,0,18,0,0,0,0,0,0,1,1,6,1,43,7,1242,1,1,-1,1,-1
201504SA15003,2,9,0,9,0,0,0,0,0,0,3,1,2,2,20,4,1242,1,11,-1,-1,-1
201504SA15004,1,9,0,18,0,0,0,0,0,0,1,1,2,2,21,5,-1,-1,-1,-1,3,-1
201504SA15005,1,9,0,18,0,0,0,0,0,0,1,1,6,1,24,5,2393,1,15,-1,1,-1
201504SA15005,2,9,0,18,0,0,0,0,0,0,2,1,6,2,34,6,-1,-1,-1,-1,3,-1
201504SA15005,3,9,0,18,0,0,0,0,0,0,2,1,6,1,33,6,1240,1,8,-1,-1,-1
201504SA15005,4,9,0,18,0,0,0,0,0,0,2,1,6,1,30,6,1329,1,1,-1,3,-1
201504SA15005,5,9,0,18,0,0,0,0,0,0,2,1,6,1,44,7,1968,2,1,-1,2,-1
201504SA15006,1,9,0,18,0,2,0,0,0,0,1,1,2,2,38,7,1560,2,7,-1,2,-1
201504SA15007,1,9,0,9,0,6,0,0,0,0,1,1,1,2,50,8,1896,2,10,-1,1,-1
201504SA15008,1,9,0,9,0,1,0,0,0,0,1,1,6,2,52,8,1870,2,9,-1,3,-1
201504SA15008,2,3,0,18,0,1,0,0,0,0,1,1,6,1,17,4,125,1,8,-1,1,-1
201504SA15009,1,9,0,5,0,4,0,0,0,0,1,1,2,1,59,9,1598,2,4,-1,1,-1
201504SA15009,2,2,0,18,0,8,0,0,0,0,4,1,2,1,17,4,-1,-1,-1,-1,-1,-1
201504SA15010,1,9,0,9,0,6,0,0,0,0,3,1,6,1,26,6,1598,1,19,-1,1,-1
201504SA15010,2,9,0,18,0,8,0,0,0,0,1,1,6,2,63,9,2143,2,4,-1,1,-1
201504SA15011,1,9,0,18,0,1,0,0,0,0,4,1,1,1,27,6,-1,-1,-1,-1,1,-1
201504SA15012,1,9,0,18,0,0,0,0,0,0,4,1,6,2,27,6,998,1,5,-1,1,-1
201504SA15013,1,9,0,9,0,5,0,0,0,0,3,1,6,1,37,7,-1,-1,-1,-1,1,-1
201504SA15013,2,9,0,9,0,5,0,0,0,0,3,1,6,1,66,10,1598,1,3,-1,-1,-1
201504SA15014,1,3,0,4,0,1,1,0,0,0,1,1,6,1,67,10,124,1,1,-1,1,-1
201504SA15014,2,9,0,3,0,1,0,0,0,0,2,1,6,1,36,7,1560,2,1,-1,2,-1
201504SA15015,1,19,0,17,0,0,2,0,7,4,0,1,6,1,43,7,1560,2,1,-1,1,-1
201504SA15016,1,9,0,18,0,3,0,0,0,0,1,1,6,2,32,6,1560,2,5,-1,1,-1
201504SA15016,2,9,0,3,0,1,0,0,0,0,2,1,6,2,46,8,1598,2,3,-1,2,-1
201504SA15017,1,2,0,17,0,0,0,0,0,0,2,1,3,1,16,4,50,1,12,-1,1,-1
201504SA15017,2,9,0,14,0,0,0,0,0,0,1,1,6,3,-1,-1,-1,-1,-1,-1,-1,-1
201504SA15018,1,9,0,18,0,0,0,0,0,0,1,1,1,1,55,8,1560,2,3,-1,2,-1
201504SA15018,2,9,0,5,0,0,0,0,0,0,2,1,1,2,53,8,-1,-1,-1,-1,-1,-1
201504SA15018,3,8,0,5,0,0,0,0,0,0,2,1,1,1,25,5,1998,2,12,-1,1,-1
201504SA15018,4,9,0,5,0,0,0,0,0,0,2,1,1,2,25,5,-1,-1,-1,-1,1,-1
201504SA15019,1,9,0,9,0,1,0,0,0,0,4,1,6,2,33,6,1968,2,8,-1,1,-1
201504SA15019,2,1,0,18,0,1,0,0,0,0,1,1,6,2,55,8,-1,-1,-1,-1,1,-1
201504SA15020,1,9,0,5,0,8,0,0,0,0,1,1,6,3,-1,-1,-1,-1,-1,-1,-1,-1
201504SA15020,2,9,0,18,0,8,0,0,0,0,4,1,6,2,37,7,1598,1,13,-1,1,-1
201504SA15021,1,9,0,1,0,1,0,0,0,0,2,1,6,3,-1,-1,-1,-1,-1,-1,-1,-1
201504SA15022,1,9,0,4,0,0,0,0,4,6,1,1,6,1,37,7,1991,2,8,-1,1,-1
201504SA15022,2,9,0,4,0,0,1,0,0,0,4,1,6,1,24,5,-1,-1,-1,-1,2,-1