Accident_Index,Vehicle_Reference,Vehicle_Type,Towing_and_Articulation,Vehicle_Manoeuvre,Vehicle_Location-Restricted_Lane,Junction_Location,Skidding_and_Overturning,Hit_Object_in_Carriageway,Vehicle_Leaving_Carriageway,Hit_Object_off_Carriageway,1st_Point_of_Impact,Was_Vehicle_Left_Hand_Drive?,Journey_Purpose_of_Driver,Sex_of_Driver,Age_of_Driver,Age_Band_of_Driver,Engine_Capacity_(CC),Propulsion_Code,Age_of_Vehicle,Driver_IMD_Decile,Driver_Home_Area_Type,Vehicle_IMD_Decile
201504SA15022,3,21,0,4,0,0,0,0,0,0,2,1,1,1,49,8,-1,-1,-1,-1,1,-1
201504SA15023,1,9,0,14,0,0,1,0,1,7,1,1,6,2,24,5,1199,1,11,-1,-1,-1
201504SA15024,1,9,0,1,0,0,0,0,0,0,2,1,6,2,61,9,1461,2,10,-1,1,-1
201504SA15025,1,9,0,4,0,1,0,0,0,0,1,1,2,2,62,9,1598,1,4,-1,-1,-1
201504SA15025,2,4,0,3,0,1,0,0,0,0,2,1,2,1,55,8,-1,-1,-1,-1,-1,-1
201504SA15026,1,9,0,9,0,8,0,0,0,0,3,1,6,2,18,4,1149,1,15,-1,2,-1
201504SA15026,2,9,0,17,0,8,0,0,0,0,1,1,6,2,60,9,1248,2,5,-1,-1,-1
201504SA15027,1,9,0,18,0,0,1,10,0,6,3,1,1,2,21,5,-1,-1,-1,-1,3,-1
201504SA15028,1,9,0,18,0,0,0,0,4,6,1,1,6,1,31,6,1896,2,12,-1,1,-1
201504SA15029,1,9,0,5,0,8,0,0,0,0,1,1,6,1,74,10,1339,1,2,-1,1,-1
201504SA15029,2,1,0,18,0,8,0,0,0,0,3,1,6,2,48,8,-1,-1,-1,-1,1,-1
201504SA15030,1,9,0,18,0,0,1,0,4,6,3,1,1,1,27,6,1248,2,3,-1,3,-1
201504SA15030,2,9,0,18,0,0,1,0,0,9,3,1,1,1,38,7,1896,2,12,-1,1,-1
201504SA15031,1,9,0,3,9,2,0,0,0,0,1,1,6,2,63,9,1584,1,13,-1,1,-1
201504SA15031,2,9,0,1,9,2,0,4,0,0,2,1,6,1,69,10,-1,-1,-1,-1,1,-1
201504SA15032,1,9,0,17,9,2,0,0,0,0,1,1,6,3,-1,-1,-1,-1,-1,-1,-1,-1
201504SA15033,1,9,0,18,0,0,2,0,1,2,3,1,6,1,28,6,1396,1,13,-1,3,-1
201504SA15034,1,9,0,18,0,6,0,0,0,0,1,1,1,1,33,6,-1,-1,-1,-1,1,-1
201504SA15034,2,9,0,18,0,8,0,0,7,2,1,1,6,2,79,11,-1,-1,-1,-1,1,-1
201504SA15035,1,9,0,18,0,8,1,0,0,0,1,1,2,1,60,9,-1,-1,-1,-1,1,-1
201504SA15035,2,19,0,9,0,8,0,0,0,0,1,1,1,1,39,7,2402,2,4,-1,1,-1
201504SA15036,1,9,0,7,0,6,0,0,0,0,1,1,6,1,51,8,-1,-1,-1,-1,1,-1
201504SA15036,2,1,0,18,0,8,0,0,0,0,4,1,6,1,46,8,-1,-1,-1,-1,1,-1
201504SA15037,1,9,0,7,0,0,1,0,0,0,1,1,1,1,21,5,3200,1,7,-1,1,-1
201504SA15037,2,19,0,18,0,0,0,0,0,0,1,1,6,1,52,8,-1,-1,-1,-1,-1,-1
201504SA15038,1,5,0,18,0,8,0,0,3,1,1,1,6,1,22,5,599,1,18,-1,1,-1
201504SA15039,1,9,0,5,8,6,0,0,0,0,1,1,6,1,36,7,1598,1,10,-1,3,-1
201504SA15039,2,5,0,18,0,8,0,0,0,0,1,1,6,1,52,8,839,1,5,-1,2,-1
201504SA15039,3,9,0,5,8,6,2,0,0,0,3,1,6,2,61,9,998,1,1,-1,3,-1
201504SA15040,1,9,0,4,0,3,0,0,0,0,1,1,6,2,72,10,1397,1,5,-1,3,-1
201504SA15041,1,9,0,4,0,0,0,0,0,0,1,1,6,1,78,11,2435,1,16,-1,-1,-1
201504SA15041,2,9,0,3,0,0,0,0,0,0,2,1,6,2,40,7,2616,1,9,-1,3,-1
201504SA15042,1,9,0,4,0,0,0,0,0,0,2,1,6,3,-1,-1,-1,-1,-1,-1,-1,-1
201504SA15042,2,19,0,4,0,0,0,0,0,0,1,1,1,1,22,5,2198,2,3,-1,1,-1
201504SA15042,3,9,0,4,0,0,0,0,0,0,1,1,6,2,34,6,1198,1,5,-1,2,-1
201504SA15044,1,9,0,18,0,0,1,0,1,2,3,1,6,1,20,4,1199,1,13,-1,1,-1
201504SA15045,1,9,0,18,0,4,0,0,0,0,1,1,2,1,24,5,2000,2,6,-1,1,-1
201504SA15045,2,19,4,18,0,4,0,0,0,0,4,1,1,1,40,7,2198,2,2,-1,1,-1
201504SA15046,1,19,0,9,0,5,0,0,0,0,4,1,1,1,29,6,2977,2,11,-1,3,-1
201504SA15046,2,1,0,18,0,1,1,0,0,0,1,1,2,1,51,8,-1,-1,-1,-1,1,-1
201504SA15047,1,9,0,13,0,0,0,0,0,0,4,1,6,3,-1,-1,-1,-1,-1,-1,-1,-1
201504SA15047,2,1,0,11,0,0,0,0,0,0,3,1,2,1,28,6,-1,-1,-1,-1,2,-1
201504SA15048,1,1,0,18,0,8,0,0,0,0,1,1,6,1,40,7,-1,-1,-1,-1,1,-1
201504SA15048,2,9,0,18,0,8,0,0,0,0,2,1,6,1,59,9,1896,2,12,-1,1,-1
201504SA15049,1,9,0,4,6,0,0,0,0,0,1,1,6,1,67,10,1461,2,2,-1,1,-1
201504SA15049,2,9,0,4,6,0,0,0,0,0,2,1,2,1,22,5,1976,1,5,-1,1,-1
201504SA15050,1,8,0,18,0,4,5,0,8,7,1,1,6,1,42,7,1997,2,5,-1,1,-1
201504SA15051,1,9,0,16,0,8,0,0,0,0,1,1,6,1,21,5,-1,-1,-1,-1,1,-1
201504SA15051,2,9,0,17,0,8,0,0,0,0,3,1,6,2,46,8,1984,2,3,-1,1,-1
201504SA15052,1,19,0,18,0,8,0,0,0,0,0,1,1,1,29,6,2499,2,1,-1,1,-1
201504SA15052,2,1,0,18,0,8,0,10,0,0,4,1,2,1,59,9,-1,-1,-1,-1,-1,-1
201504SA15053,1,9,0,18,0,0,0,0,0,0,1,1,6,2,50,8,1798,1,8,-1,1,-1
201504SA15053,2,9,0,2,0,0,0,0,0,0,3,1,6,2,48,8,1596,1,8,-1,-1,-1
201504SA15054,1,9,0,9,0,5,0,0,0,0,1,1,6,1,22,5,1396,1,11,-1,1,-1
201504SA15055,1,9,0,18,0,8,0,0,0,0,3,1,6,2,42,7,-1,-1,-1,-1,1,-1
201504SA15055,2,9,0,18,0,8,0,0,0,0,1,1,6,1,66,10,1395,1,2,-1,1,-1
201504SA15056,1,11,0,18,0,1,0,0,0,0,1,1,6,1,52,8,12000,2,13,-1,3,-1
201504SA15056,2,9,0,3,0,1,0,0,0,0,4,1,6,2,60,9,1995,2,1,-1,1,-1
201504SA15057,1,21,0,9,0,8,0,0,0,0,3,1,1,1,36,7,11705,2,8,-1,1,-1
201504SA15057,2,9,0,3,0,8,0,0,0,0,2,1,6,1,64,9,1997,2,7,-1,1,-1
201504SA15058,1,1,0,18,0,8,0,0,0,0,1,1,6,1,81,11,-1,-1,-1,-1,1,-1
201504SA15058,2,9,0,18,0,8,0,0,0,0,1,1,2,1,24,5,1598,1,2,-1,-1,-1
201504SA15059,1,9,0,18,0,0,0,0,0,0,0,1,6,3,-1,-1,-1,-1,-1,-1,-1,-1
201504SA15059,2,9,0,18,0,0,0,0,0,0,0,1,2,2,36,7,1598,1,7,-1,1,-1
201504SA15061,1,9,0,9,0,0,0,0,0,0,1,1,6,1,44,7,1397,1,7,-1,1,-1
201504SA15061,2,5,0,14,0,0,0,0,0,0,4,1,6,1,41,7,918,1,18,-1,1,-1
201504SA15062,1,9,0,9,0,4,0,0,0,0,1,1,3,1,48,8,1582,2,3,-1,1,-1
201504SA15062,2,1,0,18,0,8,0,0,0,0,4,1,1,1,30,6,-1,-1,-1,-1,-1,-1
201504SA15063,1,9,0,9,0,6,0,0,0,0,4,1,6,1,25,5,1199,1,13,-1,1,-1
201504SA15064,1,9,0,13,0,8,1,0,0,0,1,1,6,1,45,7,1497,1,15,-1,1,-1
201504SA15064,2,9,0,9,0,5,0,0,0,0,2,1,6,1,24,5,1329,1,2,-1,1,-1
201504SA15065,1,9,0,12,0,0,1,0,1,7,1,1,6,1,24,5,-1,-1,-1,-1,1,-1
201504SA15065,2,9,0,11,0,0,0,0,4,6,4,1,6,2,22,5,-1,-1,-1,-1,1,-1
201504SA15066,1,9,0,17,0,1,0,0,0,0,4,1,1,2,49,8,1560,2,2,-1,1,-1
201504SA15067,1,9,0,9,0,6,0,0,0,0,1,1,6,1,23,5,1956,2,4,-1,1,-1
201504SA15067,2,8,0,18,0,1,0,0,0,0,1,1,1,1,37,7,1598,1,10,-1,1,-1
201504SA15068,1,9,0,13,0,0,0,0,0,0,4,1,1,1,51,8,-1,-1,-1,-1,1,-1
201504SA15068,2,9,0,6,0,0,0,0,0,0,3,1,6,1,68,10,1206,1,5,-1,1,-1
201504SA15069,1,8,0,9,0,1,0,0,0,0,1,1,6,3,-1,-1,-1,-1,-1,-1,-1,-1
201504SA15069,2,1,0,7,0,1,0,0,0,0,1,1,6,1,30,6,-1,-1,-1,-1,1,-1
201504SA15070,1,9,0,9,0,6,0,0,0,0,1,1,6,2,32,6,1796,1,12,-1,3,-1
201504SA15070,2,9,0,18,0,1,0,0,7,2,4,1,6,2,26,6,1240,1,5,-1,1,-1
201504SA15071,1,9,0,4,0,8,0,0,0,0,4,1,6,1,45,7,1229,1,7,-1,1,-1
201504SA15072,1,9,0,4,0,1,0,0,0,0,3,1,6,2,42,7,2967,2,1,-1,1,-1
201504SA15072,2,5,0,18,0,1,0,0,0,0,1,1,6,1,67,10,647,1,16,-1,3,-1
201504SA15072,3,9,0,18,0,1,0,0,0,0,3,1,1,1,31,6,2179,2,7,-1,1,-1
201504SA15073,1,10,0,18,0,0,0,0,0,0,3,1,3,1,32,6,-1,-1,-1,-1,-1,-1
201504SA15074,1,9,0,18,0,0,0,0,1,4,1,1,6,2,18,4,1299,1,11,-1,1,-1
201504SA15075,1,9,0,18,0,0,0,4,0,0,1,1,6,2,85,11,1360,1,8,-1,3,-1
201504SA15075,2,19,0,2,0,0,0,0,0,0,2,1,6,1,66,10,2151,2,15,-1,3,-1
201504SA15076,1,9,0,12,0,0,0,0,0,0,1,2,2,1,27,6,-1,-1,-1,-1,3,-1
201504SA15076,2,9,0,18,0,0,0,0,0,0,1,1,1,1,45,7,2148,2,12,-1,-1,-1
201504SA15077,1,9,0,9,0,7,0,0,0,0,1,1,6,1,62,9,1461,2,6,-1,2,-1
201504SA15077,2,9,0,18,0,8,0,0,0,0,3,1,3,2,43,7,1149,1,11,-1,2,-1
201504SA15078,1,9,0,7,0,6,1,0,0,0,1,1,6,1,27,6,1968,2,-1,-1,1,-1
201504SA15078,2,9,0,5,0,2,0,0,0,0,2,1,6,1,26,6,1124,1,14,-1,1,-1
201504SA15079,1,9,0,18,0,0,0,0,1,4,3,1,6,1,23,5,-1,-1,-1,-1,1,-1
201504SA15080,1,9,0,14,0,1,0,0,0,0,1,1,2,3,61,9,1240,1,11,-1,1,-1
201504SA15080,2,11,0,2,0,1,0,0,0,0,0,1,6,1,40,7,8268,2,14,-1,1,-1
201504SA15081,1,9,0,18,0,1,1,0,0,0,1,1,6,1,50,8,1360,1,10,-1,1,-1
201504SA15082,1,9,0,4,0,4,0,0,0,0,1,1,2,2,26,6,1397,1,5,-1,1,-1
201504SA15082,2,9,0,4,0,4,0,0,0,0,2,1,6,1,18,4,1242,1,9,-1,1,-1
201504SA15083,1,11,0,4,0,8,0,0,0,0,0,1,6,1,59,9,8300,2,9,-1,1,-1
201504SA15084,1,9,0,4,0,6,0,0,0,0,1,1,6,1,28,6,1995,2,13,-1,3,-1
201504SA15084,2,1,0,18,0,8,2,0,0,0,4,1,6,1,28,6,-1,-1,-1,-1,1,-1
201504SA15085,1,9,0,7,0,6,1,0,7,0,1,1,6,1,27,6,1900,2,10,-1,1,-1
201504SA15085,2,9,0,18,0,8,1,0,0,0,4,1,2,1,23,5,1149,1,16,-1,1,-1
201504SA15085,3,9,0,18,0,1,1,0,0,0,1,1,2,1,30,6,2926,2,13,-1,1,-1
201504SA15086,1,9,0,7,0,8,0,0,0,0,1,1,6,1,32,6,2179,2,12,-1,1,-1
201504SA15086,2,1,0,18,0,1,0,0,0,0,1,1,6,1,54,8,-1,-1,-1,-1,1,-1
201504SA15087,1,9,0,5,0,8,0,0,0,0,2,1,6,1,23,5,1199,1,11,-1,1,-1
201504SA15087,2,9,0,5,0,8,0,0,0,0,2,1,6,2,34,6,1995,1,12,-1,1,-1
201504SA15088,1,8,0,6,0,2,0,0,0,0,3,1,1,1,49,8,1497,8,9,-1,1,-1
201504SA15088,2,9,0,18,0,2,1,0,0,0,1,1,2,1,35,6,1968,2,1,-1,1,-1
201504SA15089,1,9,0,18,0,0,0,0,1,0,2,1,6,1,30,6,1598,1,3,-1,1,-1
201504SA15089,2,9,0,18,0,0,0,0,0,0,1,1,6,2,24,5,-1,-1,-1,-1,1,-1
201504SA15089,3,9,0,18,0,0,0,0,0,0,1,1,2,1,53,8,-1,-1,-1,-1,1,-1
201504SA15089,4,9,0,18,0,0,0,0,0,0,4,1,2,1,41,7,2184,2,6,-1,1,-1
201504SA15090,1,9,0,1,9,6,0,0,0,0,2,1,6,2,42,7,1398,1,10,-1,1,-1
201504SA15092,1,9,0,9,0,8,0,0,0,0,3,1,6,1,83,11,-1,-1,-1,-1,1,-1
201504SA15092,2,9,0,18,0,1,1,0,0,0,1,1,2,1,20,4,1149,1,15,-1,2,-1
201504SA15093,1,9,0,18,0,0,1,0,0,0,1,1,2,2,42,7,-1,-1,-1,-1,1,-1
201504SA15093,2,9,0,3,0,0,0,0,0,0,2,1,2,2,26,6,1598,1,10,-1,1,-1
201504SA15093,3,9,0,3,0,0,0,0,0,0,2,1,2,1,29,6,1499,2,2,-1,1,-1
201504SA15094,1,3,0,18,0,1,0,0,0,0,4,1,6,1,21,5,-1,-1,-1,-1,-1,-1
201504SA15094,2,19,0,8,0,1,0,0,0,0,0,1,6,3,-1,-1,-1,-1,-1,-1,-1,-1
201504SA15094,3,9,0,18,0,1,0,0,0,0,4,1,6,2,32,6,1360,1,13,-1,1,-1
201504SA15095,1,9,0,9,0,6,0,0,0,0,1,1,6,2,40,7,2199,2,4,-1,1,-1
201504SA15095,2,5,0,18,0,8,0,0,0,0,4,1,1,1,47,8,1170,1,2,-1,1,-1
201504SA15096,1,19,0,7,0,5,0,0,0,0,4,1,6,3,-1,-1,-1,-1,-1,-1,-1,-1
201504SA15097,1,19,0,18,0,1,0,0,0,0,1,1,1,1,44,7,2198,2,1,-1,1,-1
201504SA15097,2,9,0,18,0,1,0,0,0,0,1,1,6,2,24,5,1560,2,1,-1,1,-1
201504SA15098,1,9,0,18,0,0,0,0,0,0,1,1,6,1,78,11,1242,1,13,-1,1,-1
201504SA15098,2,9,0,2,0,0,0,0,0,0,2,1,6,2,36,7,1560,2,1,-1,1,-1
201504SA15099,1,9,0,5,0,0,0,0,0,0,0,1,6,2,44,7,1968,2,3,-1,1,-1
201504SA15099,2,9,0,3,0,0,0,0,0,0,2,1,2,2,33,6,1598,1,12,-1,1,-1
201504SA15100,1,9,0,18,0,1,0,0,0,0,1,1,2,2,56,9,1600,1,23,-1,1,-1
201504SA15100,2,9,0,18,0,1,0,0,0,0,2,1,2,2,23,5,1997,1,1,-1,2,-1
201504SA15101,1,9,0,18,0,8,0,0,0,0,4,1,6,2,27,6,1796,1,14,-1,1,-1
201504SA15101,2,9,0,18,0,8,0,0,0,0,1,1,6,2,39,7,1598,1,14,-1,1,-1
201504SA15102,1,9,0,18,0,1,0,0,0,0,1,1,6,1,52,8,1086,1,7,-1,1,-1
201504SA15102,2,9,0,4,0,1,0,0,0,0,2,1,6,1,40,7,-1,-1,-1,-1,2,-1
201504SA15103,1,9,0,7,0,5,0,0,0,0,4,1,6,3,-1,-1,-1,-1,-1,-1,-1,-1
201504SA15103,2,1,4,18,0,6,0,0,0,0,1,1,6,1,22,5,-1,-1,-1,-1,1,-1
201504SA15105,1,4,0,18,9,0,0,0,0,0,1,1,6,3,-1,-1,-1,-1,-1,-1,-1,-1
201504SA15106,1,9,0,17,0,2,2,0,0,0,4,1,6,1,33,6,-1,-1,-1,-1,1,-1
201504SA15107,1,9,0,18,0,1,0,4,7,10,1,1,6,1,66,10,-1,-1,-1,-1,1,-1
201504SA15107,2,9,0,18,0,1,0,0,0,0,1,1,6,1,32,6,1997,2,13,-1,1,-1
201504SA15107,3,9,0,2,0,1,0,0,0,0,2,1,6,3,-1,-1,1994,2,12,-1,-1,-1
201504SA15107,4,9,0,2,0,1,0,0,0,0,3,1,6,3,-1,-1,1598,1,14,-1,-1,-1
201504SA15108,1,3,0,6,9,0,0,0,1,0,1,1,6,1,-1,-1,-1,-1,-1,-1,-1,-1
201504SA15109,1,9,0,18,0,0,0,4,0,0,1,1,3,2,35,6,1686,2,4,-1,-1,-1
201504SA15109,2,9,0,2,0,0,0,11,1,2,2,1,1,1,26,6,998,1,3,-1,1,-1
201504SA15110,1,9,0,9,0,8,0,0,0,0,1,1,6,2,42,7,-1,-1,-1,-1,1,-1
201504SA15110,2,9,0,18,0,8,0,0,1,0,1,1,6,1,32,6,2179,2,7,-1,1,-1
201504SA15111,1,9,0,7,0,1,0,0,0,0,0,1,6,3,-1,-1,-1,-1,-1,-1,-1,-1
201504SA15112,1,1,0,18,0,1,2,0,0,1,1,1,4,1,12,3,-1,-1,-1,-1,-1,-1
201504SA15112,2,9,0,5,0,6,0,0,0,0,3,1,2,1,56,9,1794,1,12,-1,1,-1
201504SA15113,1,9,0,4,0,0,0,0,0,0,1,1,6,1,46,8,1422,2,9,-1,1,-1
201504SA15113,2,9,0,4,0,0,0,0,0,0,2,1,1,2,49,8,1360,1,8,-1,1,-1
201504SA15114,1,90,0,1,9,0,0,0,0,0,2,1,1,1,61,9,-1,-1,-1,-1,1,-1
201504SA15115,1,1,0,18,4,8,0,4,0,0,1,1,2,1,55,8,-1,-1,-1,-1,1,-1
201504SA15115,2,9,0,2,4,8,0,0,0,0,2,1,2,1,41,7,1753,2,16,-1,1,-1
201504SA15116,1,9,0,18,0,1,0,0,0,0,4,1,6,1,27,6,1596,1,13,-1,1,-1
201504SA15117,1,9,0,6,0,8,0,0,0,0,3,1,2,1,22,5,998,1,6,-1,1,-1
201504SA15117,2,9,0,18,0,8,0,0,0,0,1,1,6,2,64,9,1086,1,5,-1,1,-1
201504SA15118,1,9,0,9,0,5,0,0,0,0,3,1,6,3,-1,-1,2179,2,8,-1,-1,-1
201504SA15118,2,9,0,18,0,8,0,0,0,0,3,1,1,1,44,7,1968,2,1,-1,1,-1
201504SA15119,1,9,0,9,0,8,0,0,0,0,1,1,6,3,-1,-1,-1,-1,-1,-1,-1,-1
201504SA15119,2,1,0,18,0,8,0,0,0,0,3,1,2,1,32,6,-1,-1,-1,-1,1,-1
201504SA15120,1,9,0,5,0,0,0,0,0,0,1,1,6,2,17,4,1388,1,11,-1,1,-1
201504SA15120,2,9,0,3,0,0,0,0,0,0,2,1,2,2,40,7,1587,1,12,-1,1,-1
201504SA15121,1,9,0,18,0,0,2,0,4,2,4,1,2,1,53,8,1587,1,15,-1,1,-1
201504SA15122,1,3,0,3,0,8,2,0,0,0,1,1,2,1,21,5,124,1,2,-1,1,-1
201504SA15122,2,9,0,3,0,8,0,0,0,0,2,1,6,2,58,9,1396,1,5,-1,1,-1
201504SA15123,1,9,0,14,0,8,0,0,0,0,1,1,6,1,41,7,1598,1,16,-1,1,-1
201504SA15123,2,9,0,10,0,6,0,0,0,0,0,1,6,2,27,6,1596,1,11,-1,1,-1
201504SA15124,1,9,0,7,0,5,0,0,0,0,4,1,1,2,49,8,1796,1,10,-1,2,-1
201504SA15124,2,1,0,18,0,1,0,0,0,0,1,1,4,1,13,3,-1,-1,-1,-1,-1,-1
201504SA15125,1,9,0,7,0,5,0,0,0,0,1,1,6,3,-1,-1,-1,-1,-1,-1,-1,-1
201504SA15125,2,1,0,18,0,1,5,0,0,0,4,1,6,1,25,5,-1,-1,-1,-1,1,-1
201504SA15126,1,9,0,9,0,5,0,0,0,0,3,1,1,1,21,5,1461,2,5,-1,1,-1
201504SA15126,2,5,0,18,0,8,0,0,0,0,4,1,1,1,27,6,600,1,9,-1,1,-1
201504SA15127,1,9,0,7,0,8,0,0,0,0,1,1,2,2,40,7,1360,1,8,-1,1,-1
201504SA15127,2,1,0,18,0,8,0,0,0,0,4,1,2,1,50,8,-1,-1,-1,-1,1,-1
201504SA15128,1,3,0,18,0,0,1,0,0,0,1,1,2,2,24,5,124,1,6,-1,1,-1
201504SA15128,2,9,0,3,0,0,0,0,0,0,2,1,6,2,68,10,1299,1,12,-1,1,-1
201504SA15129,1,9,0,5,1,6,0,0,1,1,2,1,2,2,24,5,1149,1,5,-1,1,-1
201504SA15129,2,1,0,18,0,1,0,0,0,0,1,1,1,1,51,8,-1,-1,-1,-1,1,-1
201504SA15130,1,9,0,18,0,0,0,0,0,0,2,1,6,2,50,8,-1,-1,-1,-1,1,-1
201504SA15130,2,5,0,18,0,0,0,0,0,0,1,1,6,1,47,8,-1,-1,-1,-1,1,-1
201504SA15132,1,9,0,9,0,6,0,0,0,0,3,1,6,2,19,4,998,1,4,-1,1,-1
201504SA15132,2,9,0,18,0,8,0,0,0,0,1,1,6,2,81,11,1124,1,13,-1,1,-1
201504SA15133,1,9,0,18,0,0,0,0,0,0,1,1,2,1,59,9,1349,1,13,-1,1,-1
201504SA15133,2,9,0,2,0,0,0,0,0,0,1,1,6,2,29,6,1995,1,5,-1,1,-1
201504SA15134,1,9,0,7,1,7,0,0,0,0,1,1,1,1,44,7,-1,-1,-1,-1,-1,-1
201504SA15134,2,8,0,18,0,1,0,0,0,0,3,1,1,1,40,7,1686,2,7,-1,1,-1
201504SA15135,1,90,0,11,0,8,0,0,0,0,2,1,2,1,27,6,-1,-1,-1,-1,1,-1
201504SA15135,2,1,0,18,0,8,0,0,0,0,1,1,2,1,25,5,-1,-1,-1,-1,1,-1
201504SA15136,1,9,0,3,0,1,0,0,0,0,4,1,6,2,23,5,998,1,14,-1,1,-1
201504SA15136,2,1,0,4,9,1,0,0,0,0,4,1,6,1,43,7,-1,-1,-1,-1,-1,-1
201504SA15137,1,9,0,9,0,5,0,0,0,0,4,1,6,2,30,6,1896,2,14,-1,1,-1
201504SA15137,2,9,0,18,0,1,0,0,0,0,1,1,2,1,54,8,1364,1,9,-1,1,-1
201504SA15138,1,9,0,7,0,6,0,0,0,0,3,1,2,1,43,7,5000,1,2,-1,1,-1
201504SA15138,2,5,0,18,0,1,5,0,0,0,1,1,6,1,23,5,800,1,1,-1,1,-1
201504SA15139,1,21,1,4,0,0,0,0,0,0,1,1,1,1,28,6,10837,2,1,-1,1,-1
201504SA15139,2,19,0,4,0,0,0,0,0,0,2,1,6,1,35,6,-1,-1,-1,-1,1,-1
201504SA15139,3,10,0,4,0,0,0,0,0,0,2,1,6,1,51,8,2799,2,14,-1,1,-1
201504SA15139,4,9,0,4,0,0,0,0,0,0,2,1,6,1,24,5,1968,2,1,-1,2,-1
201504SA15140,1,9,0,5,0,8,0,0,0,0,1,1,6,2,65,9,-1,-1,-1,-1,1,-1
201504SA15140,2,9,0,5,0,8,0,0,0,0,4,1,6,1,67,10,1197,1,-1,-1,1,-1
201504SA15141,1,9,0,18,0,0,0,0,0,0,1,1,6,1,28,6,1896,2,13,-1,3,-1
201504SA15141,2,9,0,3,0,0,0,0,0,0,2,1,6,1,51,8,1997,2,7,-1,1,-1
201504SA15141,3,9,0,3,0,0,0,0,0,0,2,1,6,1,27,6,1968,2,4,-1,1,-1
201504SA15141,4,9,0,3,0,0,0,0,0,0,2,1,6,1,23,5,1595,1,8,-1,1,-1
201504SA15142,1,3,0,18,0,8,1,0,0,0,1,1,1,2,25,5,124,1,-1,-1,1,-1
201504SA15142,2,9,0,4,0,8,0,0,0,0,2,1,1,2,41,7,1995,2,8,-1,1,-1
201504SA15143,1,3,0,18,0,0,2,0,0,0,1,1,2,1,27,6,125,1,2,-1,1,-1
201504SA15143,2,9,0,18,0,0,0,0,0,0,2,1,1,1,30,6,-1,-1,-1,-1,1,-1
201504SA15144,1,9,0,18,0,0,0,0,0,0,1,1,6,2,28,6,2400,2,7,-1,1,-1
201504SA15144,2,9,0,3,0,0,0,0,0,0,2,1,6,1,21,5,1997,2,10,-1,1,-1
201504SA15144,3,9,0,3,0,0,0,0,0,0,2,1,6,1,49,8,1600,1,15,-1,1,-1
201504SA15144,4,9,0,3,0,0,0,0,0,0,2,1,6,1,34,6,1998,1,13,-1,1,-1
201504SA15145,1,5,0,18,5,2,0,0,1,2,1,1,2,1,40,7,599,1,22,-1,1,-1
201504SA15146,1,10,0,9,0,6,0,0,0,0,3,1,1,1,55,8,2299,2,3,-1,1,-1
201504SA15146,2,9,0,18,0,1,0,0,0,0,1,1,6,1,61,9,-1,-1,-1,-1,1,-1
201504SA15147,1,11,0,18,0,8,0,0,0,0,4,1,1,1,30,6,9000,2,8,-1,1,-1
201504SA15147,2,9,0,18,0,8,0,0,0,0,1,1,6,1,32,6,1799,1,4,-1,1,-1
201504SA15147,3,9,0,18,0,8,0,0,0,0,1,1,6,2,28,6,-1,-1,-1,-1,1,-1
201504SA15148,1,9,0,18,0,0,0,0,0,0,3,1,6,1,18,4,-1,-1,-1,-1,3,-1
201504SA15148,2,9,0,18,0,0,0,0,2,10,3,1,6,2,38,7,-1,-1,-1,-1,1,-1
201504SA15149,1,9,0,9,0,6,0,0,0,0,3,1,1,2,28,6,1242,1,2,-1,1,-1
201504SA15149,2,3,0,18,0,1,0,0,0,0,4,1,1,1,23,5,124,1,4,-1,1,-1
201504SA15150,1,19,0,9,0,6,0,0,0,0,1,1,6,1,51,8,1560,2,5,-1,2,-1
201504SA15150,2,9,0,18,0,8,0,0,7,10,4,1,6,1,81,11,3311,8,10,-1,1,-1
201504SA15151,1,3,0,17,0,0,1,0,1,0,0,1,6,2,26,6,125,1,-1,-1,1,-1
201504SA15152,1,9,0,18,0,0,0,4,0,0,3,1,6,1,84,11,1364,2,10,-1,1,-1
201504SA15152,2,9,0,2,0,0,0,0,0,0,4,1,6,2,35,6,-1,-1,-1,-1,1,-1
201504SA15153,1,3,0,18,0,2,0,0,0,0,1,1,6,3,-1,-1,-1,-1,-1,-1,-1,-1
201504SA15154,1,9,0,18,0,0,1,4,0,0,1,1,2,1,22,5,1796,1,13,-1,2,-1
201504SA15154,2,17,4,18,0,0,1,0,7,0,1,1,1,1,58,9,6728,2,1,-1,3,-1
201504SA15154,3,8,0,2,0,0,1,0,0,0,2,1,6,1,31,6,1997,2,6,-1,1,-1
201504SA15154,4,9,0,2,0,0,0,0,0,0,2,1,6,3,-1,-1,2410,1,21,-1,-1,-1
201504SA15155,1,9,0,18,0,0,1,0,1,1,3,1,6,1,46,8,2967,1,14,-1,1,-1
201504SA15156,1,9,0,18,0,0,0,0,0,0,1,1,6,2,25,5,998,1,5,-1,-1,-1
201504SA15156,2,9,0,18,0,0,0,0,0,0,2,1,6,2,21,5,1149,1,7,-1,1,-1
201504SA15157,1,9,0,5,0,0,0,0,0,0,3,1,6,1,17,4,1229,1,4,-1,1,-1
201504SA15157,2,9,0,18,0,0,0,0,0,0,1,1,6,1,20,4,1248,2,7,-1,1,-1
201504SA15157,3,9,0,2,0,0,0,0,0,0,3,1,6,3,-1,-1,1229,1,3,-1,-1,-1
201504SA15158,1,19,0,18,0,0,0,0,0,0,3,1,6,1,32,6,1998,2,12,-1,2,-1
201504SA15158,2,9,0,18,0,0,0,0,0,0,3,1,6,1,60,9,2993,2,8,-1,1,-1
201504SA15159,1,9,0,18,0,0,0,0,0,0,1,1,6,2,21,5,1598,1,3,-1,1,-1
201504SA15159,2,9,0,18,0,0,0,0,0,0,2,1,1,1,25,5,-1,-1,-1,-1,1,-1