Accident_Index,Vehicle_Reference,Vehicle_Type,Towing_and_Articulation,Vehicle_Manoeuvre,Vehicle_Location-Restricted_Lane,Junction_Location,Skidding_and_Overturning,Hit_Object_in_Carriageway,Vehicle_Leaving_Carriageway,Hit_Object_off_Carriageway,1st_Point_of_Impact,Was_Vehicle_Left_Hand_Drive?,Journey_Purpose_of_Driver,Sex_of_Driver,Age_of_Driver,Age_Band_of_Driver,Engine_Capacity_(CC),Propulsion_Code,Age_of_Vehicle,Driver_IMD_Decile,Driver_Home_Area_Type,Vehicle_IMD_Decile
201504WB15364,1,9,0,18,0,0,5,0,1,10,1,1,6,1,69,10,1591,1,6,-1,3,-1
201504WB15365,1,9,0,4,0,0,0,0,0,0,1,1,6,1,48,8,1599,1,10,-1,1,-1
201504WB15365,2,9,0,4,0,0,0,0,0,0,2,1,6,2,45,7,1461,2,1,-1,-1,-1
201504WB15366,1,19,0,18,0,0,2,0,8,6,3,1,6,1,49,8,2300,2,11,-1,1,-1
201504WB15367,1,3,0,9,0,5,0,0,0,0,3,1,1,1,17,4,124,1,10,-1,1,-1
201504WB15368,1,9,0,5,9,6,0,0,0,0,1,1,6,2,31,6,1995,2,10,-1,2,-1
201504WB15369,1,9,0,18,0,8,0,0,0,0,1,1,6,2,26,6,1398,1,1,-1,1,-1
201504WB15370,1,19,0,13,0,0,0,0,0,0,1,1,1,1,61,9,1896,2,16,-1,1,-1
201504WB15370,2,9,0,18,0,0,0,0,0,0,0,1,1,2,44,7,2179,2,2,-1,1,-1
201504WB15370,3,9,0,18,0,0,0,0,0,0,1,1,6,2,37,7,1988,2,11,-1,2,-1
201504WB15371,1,9,0,18,0,0,0,0,0,0,1,1,6,2,75,10,998,1,1,-1,1,-1
201504WB15371,2,9,0,18,0,0,0,0,0,0,1,1,6,2,75,10,1598,2,3,-1,2,-1
201504WB15372,1,9,0,18,0,1,0,0,0,0,0,1,6,3,-1,-1,-1,-1,-1,-1,-1,-1
201504WB15372,2,11,0,18,0,8,0,0,0,0,0,1,1,1,46,8,9000,2,5,-1,3,-1
201504WB15373,1,9,0,9,0,6,0,0,0,0,1,1,6,2,24,5,1461,2,4,-1,1,-1
201504WB15373,2,4,0,18,0,1,0,0,0,0,1,1,6,2,37,7,499,1,18,-1,2,-1
201504WB15374,1,9,0,18,0,4,0,0,0,0,1,1,6,2,33,6,1896,2,10,-1,3,-1
201504WB15374,2,1,0,18,0,8,0,0,0,0,1,1,6,1,55,8,-1,-1,-1,-1,1,-1
201504WB15375,1,11,0,9,0,1,0,0,0,0,1,1,1,1,64,9,6700,2,3,-1,1,-1
201504WB15376,1,9,0,18,0,0,0,0,7,1,1,1,6,2,49,8,2000,1,10,-1,1,-1
201504WB15377,1,21,0,18,0,0,0,0,0,0,4,1,1,1,50,8,-1,2,12,-1,3,-1
201504WB15377,2,1,0,15,0,0,0,0,0,0,3,1,6,2,19,4,-1,-1,-1,-1,-1,-1
201504WB15378,1,9,0,18,0,6,0,0,0,0,3,1,6,3,-1,-1,-1,-1,-1,-1,-1,-1
201504WB15378,2,3,0,18,0,1,0,0,0,0,4,1,2,2,22,5,124,1,7,-1,1,-1
201504WB15379,1,9,0,18,0,0,0,0,1,10,4,1,6,2,44,7,1560,2,8,-1,1,-1
201504WB15380,1,1,0,18,0,1,0,0,0,0,0,1,6,2,54,8,-1,-1,-1,-1,1,-1
201504WB15381,1,9,0,18,0,1,0,0,0,0,1,1,1,2,36,7,1956,2,2,-1,1,-1
201504WB15381,2,9,0,18,0,1,0,0,0,0,2,1,6,2,35,6,1598,1,2,-1,2,-1
201504WB15382,1,9,0,18,0,8,1,0,0,0,1,1,6,1,68,10,1400,1,15,-1,-1,-1
201504WB15382,2,9,0,18,0,8,1,0,0,0,1,1,6,2,42,7,998,1,6,-1,2,-1
201504WB15383,1,9,0,3,0,0,0,0,0,0,1,1,6,1,41,7,1596,1,13,-1,1,-1
201504WB15383,2,9,0,3,0,0,0,0,0,0,2,1,6,1,27,6,1956,2,4,-1,2,-1
201504WB15384,1,9,0,9,0,0,0,0,7,10,4,1,6,1,22,5,1968,2,5,-1,1,-1
201504WB15384,2,5,0,18,0,0,2,0,7,9,1,1,6,1,20,4,599,1,15,-1,1,-1
201504WB15385,1,9,0,17,0,0,0,0,0,0,0,1,6,1,54,8,2268,2,-1,-1,3,-1
201504WB15385,2,9,0,16,0,0,0,11,0,0,1,1,6,2,64,9,1596,1,9,-1,3,-1
201504WB15386,1,9,0,18,0,1,0,0,0,0,4,1,6,1,86,11,1329,1,2,-1,3,-1
201504WB15386,2,9,0,2,0,1,0,0,0,0,3,1,6,3,-1,-1,1590,1,11,-1,-1,-1
201504WB15387,1,9,0,12,0,7,1,0,0,6,1,1,2,1,22,5,1248,1,6,-1,1,-1
201504WB15388,1,9,0,12,0,0,0,0,0,0,0,1,6,2,84,11,1229,1,9,-1,3,-1
201504WB15388,2,9,0,18,0,0,0,0,0,7,1,1,6,1,76,11,1587,1,8,-1,1,-1
201504WB15388,3,9,0,13,0,0,0,0,0,0,4,1,6,1,44,7,2967,2,1,-1,1,-1
201504WB15389,1,9,0,18,0,2,0,0,0,0,1,1,6,1,65,9,1596,1,6,-1,1,-1
201504WB15389,2,9,0,3,0,2,0,0,0,0,2,1,3,2,39,7,1596,1,12,-1,1,-1
201504WB15390,1,9,0,9,0,0,0,0,0,0,3,1,6,3,-1,-1,-1,-1,-1,-1,-1,-1
201504WB15390,2,2,0,14,0,0,0,0,0,0,2,1,4,1,17,4,49,1,6,-1,1,-1
201504WB15391,1,19,0,17,0,0,1,0,1,4,1,1,6,1,37,7,2999,2,12,-1,2,-1
201504WB15392,1,9,0,18,0,0,0,0,1,4,1,1,1,1,28,6,-1,-1,-1,-1,1,-1
201504WB15393,1,9,0,18,0,0,0,0,0,1,1,1,6,1,27,6,1124,1,14,-1,1,-1
201504WB15393,2,9,0,3,0,0,0,0,0,0,2,1,2,2,35,6,1598,1,5,-1,1,-1
201504WB15394,1,9,0,5,0,8,0,0,0,0,1,1,6,1,63,9,-1,-1,-1,-1,2,-1
201504WB15394,2,1,0,18,0,1,5,0,1,0,1,1,6,1,29,6,-1,-1,-1,-1,1,-1
201504WB15395,1,1,0,18,0,6,0,0,0,0,1,1,6,1,5,1,-1,-1,-1,-1,1,-1
201504WB15395,2,9,0,18,0,1,0,0,0,0,1,1,6,1,38,7,1998,1,12,-1,3,-1
201504WB15396,1,9,0,7,0,1,5,0,7,1,1,1,6,1,19,4,1197,1,4,-1,2,-1
201504WB15397,1,9,0,17,0,0,0,0,0,0,1,1,6,1,48,8,2793,1,16,-1,-1,-1
201504WB15398,1,19,0,18,0,0,0,0,0,0,1,1,6,1,29,6,2148,2,7,-1,1,-1
201504WB15398,2,19,0,18,0,0,0,0,0,0,1,1,1,1,28,6,-1,-1,-1,-1,-1,-1
201504WB15399,1,9,0,18,0,0,0,0,0,0,1,1,6,1,67,10,1896,2,12,-1,1,-1
201504WB15400,1,9,0,4,0,0,0,0,0,0,1,1,6,1,26,6,1399,2,3,-1,1,-1
201504WB15400,2,9,0,3,0,0,0,0,0,0,2,1,2,3,43,7,1390,1,6,-1,3,-1
201504WB15401,1,9,0,18,0,0,1,0,2,10,4,1,6,1,28,6,2000,2,11,-1,1,-1
201504WB15401,2,9,0,18,0,0,0,0,0,0,3,1,6,1,56,9,-1,-1,-1,-1,1,-1
201504WB15402,1,5,0,16,0,0,1,0,7,10,4,1,6,1,71,10,865,1,5,-1,1,-1
201504WB15403,1,9,0,3,0,1,0,0,0,0,1,1,6,2,46,8,1799,1,9,-1,3,-1
201504WB15405,1,9,0,18,0,2,0,0,0,0,1,1,6,1,27,6,1968,2,-1,-1,1,-1
201504WB15405,2,9,0,18,0,1,0,0,0,0,2,1,6,1,60,9,1997,2,11,-1,3,-1
201504WB15405,3,9,5,2,0,1,0,0,0,0,2,1,6,3,-1,-1,1206,1,6,-1,-1,-1
201504WB15405,4,9,0,2,0,1,0,0,0,0,2,1,6,3,-1,-1,998,1,7,-1,-1,-1
201504WB15406,1,11,0,5,0,2,0,0,0,0,0,1,1,1,50,8,6871,2,15,-1,1,-1
201504WB15406,2,11,0,18,2,1,0,0,0,0,0,1,1,1,43,7,6871,2,15,-1,1,-1
201504WB15407,1,9,0,18,0,1,0,0,0,0,1,1,6,1,55,8,2993,2,2,-1,1,-1
201504WB15408,1,9,0,4,0,4,0,0,0,0,1,1,6,2,22,5,1398,2,5,-1,-1,-1
201504WB15408,2,1,0,5,0,4,0,0,0,0,2,1,6,1,35,6,-1,-1,-1,-1,1,-1
201504WB15409,1,9,0,1,0,0,0,0,0,0,3,1,6,1,48,8,-1,-1,-1,-1,1,-1
201504WB15409,2,9,0,18,0,0,0,0,0,0,4,1,2,1,29,6,1043,1,18,-1,3,-1
201504WB15410,1,9,0,18,0,0,0,0,2,0,1,1,6,1,62,9,-1,-1,-1,-1,1,-1
201504WB15411,1,9,0,18,0,0,0,0,0,0,4,1,6,1,60,9,-1,-1,-1,-1,-1,-1
201504WB15411,2,5,0,18,0,0,0,0,0,0,3,1,6,2,20,4,-1,-1,-1,-1,1,-1
201504WB15412,1,8,0,5,0,2,0,0,0,0,3,1,1,1,56,9,1896,2,11,-1,1,-1
201504WB15412,2,1,0,18,0,1,0,0,0,0,1,1,4,2,25,5,-1,-1,-1,-1,1,-1
201504WB15413,1,9,0,4,0,0,0,0,0,0,1,1,1,1,73,10,998,1,5,-1,3,-1
201504WB15413,2,9,0,3,0,0,0,0,0,0,2,1,6,1,53,8,1595,2,5,-1,1,-1
201504WB15413,3,9,0,3,0,0,0,0,0,0,2,1,6,2,62,9,1248,1,1,-1,3,-1
201504WB15414,1,9,0,17,0,0,0,0,0,0,3,1,2,1,24,5,-1,-1,-1,-1,2,-1
201504WB15414,2,9,0,16,0,0,0,0,0,0,3,1,1,2,30,6,1582,2,-1,-1,1,-1
201504WB15415,1,9,0,17,0,0,5,0,2,4,1,1,6,1,20,4,1229,1,10,-1,3,-1
201504WB15416,1,9,0,6,0,1,0,0,0,0,1,1,6,1,52,8,1968,2,5,-1,1,-1
201504WB15416,2,1,0,18,0,1,0,0,0,0,1,1,6,1,25,5,-1,-1,-1,-1,-1,-1
201504WB15417,1,19,0,18,0,0,0,0,0,0,1,1,6,2,33,6,1753,2,11,-1,3,-1
201504WB15417,2,9,0,3,0,0,0,0,0,0,2,1,6,2,45,7,1390,1,14,-1,1,-1
201504WB15418,1,21,0,11,0,0,0,0,0,0,4,1,1,1,44,7,7146,2,3,-1,1,-1
201504WB15419,1,11,0,2,3,0,0,0,0,0,0,1,1,1,54,8,6700,2,4,-1,1,-1
201504WB15420,1,9,0,14,0,0,0,11,0,0,4,1,6,1,27,6,1124,1,17,-1,1,-1
201504WB15421,1,9,0,2,0,0,0,0,0,0,0,1,6,3,-1,-1,-1,-1,-1,-1,-1,-1
201504WB15422,1,1,0,18,0,2,0,0,0,0,1,1,1,1,21,5,-1,-1,-1,-1,1,-1
201504WB15422,2,9,0,18,0,8,0,0,0,0,3,1,6,2,51,8,2720,2,9,-1,3,-1
201504WB15423,1,17,4,18,0,0,0,0,0,0,0,1,6,3,-1,-1,-1,-1,-1,-1,-1,-1
201504WB15423,2,3,0,18,0,0,1,0,0,0,0,1,1,1,45,7,124,1,4,-1,2,-1
201504WB15424,1,9,0,7,4,8,0,0,0,0,4,1,6,3,-1,-1,-1,-1,-1,-1,-1,-1
201504WB15424,2,1,0,18,4,8,0,0,0,0,1,1,6,1,39,7,-1,-1,-1,-1,1,-1
201504WB15425,1,9,0,9,0,1,0,0,0,0,1,1,1,1,48,8,1968,2,2,-1,2,-1
201504WB15425,2,3,0,18,0,8,0,0,0,0,3,1,2,1,31,6,125,1,2,-1,1,-1
201504WB15426,1,9,0,18,0,1,0,0,0,0,1,1,6,2,55,8,1896,2,13,-1,-1,-1
201504WB15426,2,9,0,9,0,1,0,0,0,0,4,1,6,2,25,5,1956,2,4,-1,1,-1
201504WB15427,1,9,0,7,0,2,0,0,0,0,0,1,3,1,49,8,1299,1,15,-1,1,-1
201504WB15427,2,1,0,18,0,1,1,0,0,0,0,1,1,1,39,7,-1,-1,-1,-1,1,-1
201504WB15428,1,5,0,18,0,0,0,0,0,0,1,1,6,1,27,6,599,1,18,-1,1,-1
201504WB15428,2,9,0,3,0,0,0,0,0,0,2,1,6,1,49,8,-1,-1,-1,-1,2,-1
201504WB15429,1,9,0,18,0,1,0,0,0,0,1,1,6,1,68,10,1339,1,11,-1,1,-1
201504WB15429,2,9,0,3,0,1,0,0,0,0,2,1,6,1,32,6,1753,2,7,-1,1,-1
201504WB15430,1,9,0,17,0,3,1,0,1,9,1,1,6,1,18,4,1124,1,12,-1,1,-1
201504WB15431,1,3,0,18,0,1,0,0,0,0,0,1,6,2,22,5,125,1,-1,-1,1,-1
201504WB15432,1,21,1,16,0,0,0,0,7,0,1,1,1,1,50,8,10308,2,3,-1,1,-1
201504WB15433,1,9,0,9,0,1,0,0,0,0,3,1,3,1,30,6,1896,2,14,-1,1,-1
201504WB15433,2,3,0,14,0,8,1,0,1,0,1,1,6,1,19,4,-1,-1,-1,-1,1,-1
201504WB15433,3,21,1,3,0,2,0,0,0,0,2,1,1,1,62,9,12740,2,1,-1,2,-1
201504WB15434,1,9,0,17,0,0,0,2,0,0,4,1,6,1,43,7,2495,2,16,-1,1,-1
201504WB15435,1,9,0,18,0,0,0,0,0,0,1,1,6,3,-1,-1,-1,-1,-1,-1,-1,-1
201504WB15436,1,9,0,17,0,8,0,0,1,10,1,1,6,1,73,10,1461,2,1,-1,2,-1
201504WB15437,1,9,0,7,0,1,2,0,0,0,1,1,2,2,66,10,1598,1,5,-1,1,-1
201504WB15437,2,9,0,16,0,1,2,0,0,0,1,1,2,1,46,8,-1,-1,-1,-1,1,-1
201504WB15438,1,5,0,4,0,1,1,0,0,0,4,1,6,2,42,7,600,1,21,-1,1,-1
201504WB15439,1,9,0,16,0,0,0,0,0,10,1,1,6,1,24,5,1798,1,7,-1,1,-1
201504WB15440,1,9,0,16,0,1,2,10,0,0,1,1,6,1,21,5,1587,1,8,-1,2,-1
201504WB15441,1,9,0,16,0,3,0,0,0,0,1,1,6,1,41,7,3200,2,14,-1,1,-1
201504WB15441,2,8,0,18,0,1,0,0,0,0,1,1,1,2,46,8,1997,2,6,-1,1,-1
201504WB15442,1,9,0,16,0,0,0,0,7,10,1,1,6,1,22,5,1198,1,12,-1,3,-1
201504WB15443,1,19,0,9,0,5,0,0,0,0,1,1,6,1,18,4,1499,2,-1,-1,1,-1
201504WB15444,1,8,0,5,0,0,0,0,0,0,1,1,1,1,64,9,1995,2,5,-1,1,-1
201504WB15445,1,9,0,18,0,0,0,0,0,0,1,1,6,2,60,9,4556,1,15,-1,1,-1
201504WB15445,2,9,0,4,0,0,1,0,0,0,2,1,6,1,68,10,2143,2,4,-1,1,-1
201504WB15445,3,9,0,10,0,0,0,0,0,0,2,1,6,2,33,6,1868,2,15,-1,3,-1
201504WB15446,1,9,0,17,0,8,1,0,7,4,2,1,6,2,49,8,1124,1,11,-1,1,-1
201504WB15447,1,9,0,7,0,1,1,0,3,10,2,1,1,1,29,6,1582,2,-1,-1,1,-1
201504WB15448,1,9,0,9,0,8,0,0,0,0,1,1,6,1,29,6,1975,1,10,-1,1,-1
201504WB15448,2,9,0,18,0,1,0,0,0,0,1,1,6,2,38,7,1798,1,7,-1,1,-1
201504WB15450,1,9,0,18,0,0,0,0,0,1,1,1,6,2,36,7,1560,2,2,-1,1,-1
201504WB15450,2,1,0,18,0,0,0,0,1,10,2,1,6,2,19,4,-1,-1,-1,-1,1,-1
201504WB15451,1,9,0,18,0,1,0,0,0,0,1,1,6,2,48,8,1997,2,10,-1,3,-1
201504WB15451,2,9,0,3,0,1,0,0,0,0,2,1,6,1,33,6,1596,1,11,-1,1,-1
201504WB15452,1,9,0,18,0,8,0,0,1,10,1,1,6,1,28,6,1998,8,-1,-1,1,-1
201504WB15453,1,9,0,9,0,2,0,0,0,0,1,1,6,2,37,7,1587,1,12,-1,1,-1
201504WB15453,2,9,0,18,0,1,0,0,0,0,4,1,2,1,48,8,1598,1,7,-1,1,-1
201504WB15454,1,9,0,18,0,0,0,0,0,0,1,1,6,2,53,8,1968,2,3,-1,2,-1
201504WB15454,2,9,0,18,0,0,0,0,0,0,1,1,6,1,60,9,1198,1,13,-1,1,-1
201504WB15455,1,9,0,17,0,0,0,0,0,0,1,1,6,1,18,4,1700,2,13,-1,1,-1
201504WB15455,2,9,0,17,0,0,0,0,0,0,2,1,6,1,18,4,1229,1,10,-1,1,-1
201504WB15456,1,9,0,14,0,0,0,0,0,0,4,1,6,3,-1,-1,-1,-1,-1,-1,-1,-1
201504WB15457,1,21,1,18,0,0,0,0,0,0,1,1,1,1,62,9,10837,2,3,-1,1,-1
201504WB15457,2,9,0,7,0,0,0,0,0,0,2,1,6,1,48,8,1560,2,6,-1,1,-1
201504WB15457,3,9,0,8,9,0,0,0,0,0,3,1,6,1,52,8,-1,-1,-1,-1,2,-1
201504WB15457,4,9,0,18,0,0,0,0,0,0,1,1,6,1,64,9,-1,-1,-1,-1,-1,-1
201504WB15458,1,9,5,18,0,8,0,0,0,0,1,1,6,1,46,8,2996,2,5,-1,1,-1
201504WB15458,2,9,0,5,0,8,0,0,1,4,1,1,6,2,57,9,1794,1,11,-1,1,-1
201504WB15459,1,9,0,5,0,1,0,0,0,0,1,1,6,1,36,7,1686,2,10,-1,1,-1
201504WB15459,2,9,0,17,0,8,0,0,0,1,1,1,6,1,18,4,998,1,5,-1,1,-1
201504WB15460,1,9,0,18,0,1,0,0,0,0,1,1,6,2,53,8,2993,2,5,-1,1,-1
201504WB15460,2,9,0,18,0,1,0,0,0,0,2,1,6,2,52,8,1968,2,5,-1,3,-1
201504WB15461,1,9,0,6,0,0,0,0,0,0,3,1,6,1,68,10,1598,1,12,-1,3,-1
201504WB15461,2,3,0,18,0,0,0,0,0,0,1,1,6,2,18,4,124,1,6,-1,1,-1
201504WB15462,1,9,0,18,0,8,1,0,1,4,1,1,6,1,23,5,1997,2,14,-1,3,-1
201504WB15462,2,9,5,18,0,8,0,0,7,10,1,1,6,1,50,8,-1,-1,-1,-1,3,-1
201504WB15464,1,9,0,5,0,6,0,0,0,0,1,1,6,2,64,9,1388,1,8,-1,1,-1
201504WB15464,2,9,0,18,0,8,0,0,0,0,1,1,6,2,48,8,996,1,2,-1,1,-1
201504WB15465,1,9,0,11,0,0,1,0,1,7,2,1,6,1,23,5,1995,1,10,-1,1,-1
201504WB15465,2,21,1,18,0,0,0,0,0,0,1,1,1,3,-1,-1,-1,-1,-1,-1,-1,-1
201504WB15466,1,9,0,18,0,0,2,0,1,7,4,1,6,1,23,5,1242,1,7,-1,1,-1
201504WB15467,1,9,0,18,0,0,1,0,1,10,2,1,6,2,32,6,2198,2,10,-1,1,-1
201504WB15468,1,9,0,18,0,0,0,0,0,0,2,1,6,2,31,6,1968,2,9,-1,1,-1
201504WB15468,2,9,0,18,0,0,0,0,0,0,1,1,6,2,22,5,1242,1,1,-1,1,-1
201504WB15469,1,9,0,9,0,6,0,0,0,0,1,1,6,1,44,7,1686,2,4,-1,1,-1
201504WB15470,1,9,0,18,0,0,1,0,1,9,1,1,6,1,28,6,2987,2,-1,-1,1,-1
201504WB15471,1,9,0,18,0,1,0,0,0,0,4,1,6,3,-1,-1,-1,-1,-1,-1,-1,-1
201504WB15472,1,9,0,18,0,2,0,0,0,0,3,1,1,1,50,8,-1,-1,-1,-1,-1,-1
201504WB15472,2,17,5,18,0,2,0,0,0,0,1,1,1,1,21,5,6788,2,4,-1,3,-1
201504WB15473,1,9,0,17,0,8,0,0,1,10,1,1,6,1,72,10,1198,1,12,-1,1,-1
201504WB15474,1,9,0,18,0,8,0,0,0,0,1,2,6,1,31,6,-1,-1,-1,-1,-1,-1
201504WB15474,2,9,0,18,0,8,1,0,1,0,3,1,6,1,74,10,1242,1,2,-1,1,-1
201504WB15475,1,21,0,18,0,0,0,0,1,10,4,1,1,1,49,8,12740,2,2,-1,1,-1
201504WB15476,1,90,0,18,0,0,0,0,0,0,1,1,2,1,49,8,-1,-1,-1,-1,1,-1
201504WB15477,1,9,0,18,0,0,0,0,0,0,1,1,1,3,64,9,-1,-1,-1,-1,-1,-1
201504WB15478,1,9,0,9,0,8,0,0,0,0,1,1,6,1,58,9,1998,1,17,-1,1,-1
201504WB15479,1,9,0,12,0,8,0,0,0,0,1,1,6,2,38,7,1896,2,7,-1,2,-1
201504WB15479,2,9,0,16,0,8,0,0,0,0,4,1,6,1,24,5,1360,1,16,-1,1,-1
201504WB15480,1,19,0,5,0,2,0,0,0,0,1,1,1,1,63,9,-1,-1,-1,-1,1,-1
201504WB15480,2,9,0,18,0,2,0,0,0,0,1,1,6,1,68,10,998,1,3,-1,1,-1
201504WB15481,1,9,0,17,0,1,0,0,7,0,1,1,6,1,22,5,1597,1,31,-1,3,-1
201504WB15481,2,9,0,5,0,6,0,0,0,0,3,1,6,1,49,8,2967,2,2,-1,2,-1
201504WB15483,1,19,0,9,0,5,0,0,0,0,1,1,6,1,-1,-1,-1,-1,-1,-1,-1,-1
201504WB15484,1,9,0,18,0,1,1,0,0,0,1,1,6,1,40,7,1997,2,11,-1,1,-1
201504WB15484,2,9,0,3,0,1,0,0,0,0,2,1,6,2,49,8,1149,1,12,-1,1,-1
201504WB15485,1,9,0,17,0,0,0,0,0,0,1,1,6,2,26,6,1598,2,1,-1,1,-1
201504WB15485,2,1,0,16,0,0,1,0,0,0,1,1,6,1,41,7,-1,-1,-1,-1,1,-1
201504WB15485,3,1,0,16,0,0,1,0,0,0,1,1,6,1,57,9,-1,-1,-1,-1,1,-1
201504WB15485,4,1,0,16,0,0,1,0,0,0,1,1,6,1,64,9,-1,-1,-1,-1,-1,-1
201504WB15486,1,1,0,18,0,0,0,0,0,0,1,1,6,1,64,9,-1,-1,-1,-1,1,-1
201504WB15486,2,9,0,18,0,0,0,0,0,0,1,1,6,2,66,10,-1,-1,-1,-1,1,-1
201504WD15001,1,9,0,7,0,4,0,0,0,0,1,1,6,2,18,4,1299,1,13,-1,3,-1
201504WD15001,2,8,0,18,0,3,0,0,0,0,4,1,1,1,36,7,1560,2,4,-1,1,-1
201504WD15002,1,9,0,16,0,0,1,0,8,10,1,1,6,1,47,8,1995,2,13,-1,1,-1
201504WD15002,2,9,0,2,9,0,0,0,0,0,1,1,6,1,51,8,1598,1,6,-1,1,-1
201504WD15002,3,9,0,2,9,0,0,0,0,0,1,1,6,1,39,7,-1,-1,-1,-1,1,-1
201504WD15003,1,9,0,1,9,0,0,0,0,0,2,1,6,2,52,8,905,1,2,-1,2,-1
201504WD15004,1,9,0,5,0,6,0,0,0,0,3,1,6,2,79,11,1598,1,2,-1,1,-1
201504WD15004,2,9,0,18,0,1,0,0,0,0,4,1,6,2,31,6,-1,-1,-1,-1,3,-1
201504WD15005,1,9,0,18,0,8,0,0,0,0,1,1,6,1,23,5,1598,1,12,-1,1,-1
201504WD15005,2,9,0,18,0,8,1,0,7,0,4,1,6,2,75,10,1896,2,15,-1,1,-1
201504WD15006,1,9,0,4,0,2,0,0,0,0,1,1,6,1,36,7,2204,2,10,-1,1,-1
201504WD15006,2,9,0,4,0,2,0,0,0,0,2,1,6,2,27,6,1390,1,7,-1,1,-1
201504WD15007,1,9,0,16,0,0,1,10,1,9,1,1,6,1,20,4,1390,1,11,-1,3,-1
201504WD15008,1,9,0,16,0,0,1,10,8,10,4,1,6,2,21,5,998,1,2,-1,2,-1
201504WD15009,1,9,0,18,0,0,0,0,0,0,2,1,6,3,-1,-1,2982,2,2,-1,-1,-1
201504WD15009,2,9,0,18,0,0,1,0,1,0,2,1,6,2,48,8,1997,2,6,-1,1,-1
201504WD15010,1,9,0,9,0,2,0,0,0,0,1,1,6,2,19,4,998,1,9,-1,1,-1
201504WD15010,2,1,0,14,0,1,0,0,0,0,4,1,2,2,54,8,-1,-1,-1,-1,1,-1
201504WD15011,1,9,0,18,0,1,0,0,0,0,1,1,6,1,41,7,1896,2,14,-1,1,-1
201504WD15011,2,9,0,18,0,1,0,0,7,0,4,1,6,2,20,4,998,1,7,-1,1,-1
201504WD15012,1,20,0,5,0,0,0,0,0,0,0,1,6,1,30,6,-1,-1,-1,-1,1,-1
201504WD15013,1,9,0,18,0,0,0,0,1,1,1,1,2,2,19,4,1149,1,7,-1,1,-1
201504WD15014,1,3,0,4,0,5,0,0,1,0,1,1,6,1,26,6,124,1,4,-1,1,-1
201504WD15014,2,9,0,4,0,5,0,0,0,0,2,1,6,2,18,4,1149,1,11,-1,1,-1
201504WD15015,1,8,0,5,0,6,0,0,0,0,1,1,1,1,46,8,1998,2,8,-1,1,-1
201504WD15015,2,9,0,18,0,8,0,0,0,0,1,1,1,2,18,4,1242,1,1,-1,1,-1
201504WD15016,1,9,0,18,0,0,0,4,0,0,1,1,6,1,67,10,1598,1,5,-1,1,-1
201504WD15016,2,90,0,2,0,0,2,0,0,0,1,1,6,1,44,7,-1,-1,-1,-1,1,-1
201504WD15017,1,1,0,18,0,8,5,0,0,0,1,1,6,1,43,7,-1,-1,-1,-1,1,-1
201504WD15017,2,9,0,2,0,8,0,0,0,0,4,1,6,3,-1,-1,-1,-1,-1,-1,-1,-1
201504WD15018,1,9,0,18,0,8,0,0,0,0,1,1,2,1,22,5,1596,1,8,-1,1,-1
201504WD15018,2,3,0,9,0,8,0,0,0,0,2,1,2,1,41,7,102,1,8,-1,1,-1
201504WD15019,1,9,0,16,0,0,0,0,0,0,1,1,6,2,47,8,1896,2,8,-1,-1,-1
201504WD15019,2,9,0,17,0,0,0,0,0,0,3,1,6,2,47,8,1968,2,1,-1,1,-1
201504WD15020,1,9,0,18,0,0,0,0,0,0,1,1,2,1,50,8,1998,1,11,-1,1,-1
201504WD15020,2,9,0,18,0,0,0,0,0,1,2,1,2,2,42,7,1596,1,6,-1,1,-1
201504WD15021,1,9,0,18,0,0,0,0,0,0,1,1,2,2,25,5,-1,-1,-1,-1,1,-1
201504WD15021,2,9,0,18,0,0,0,0,0,0,1,1,1,1,67,10,1998,2,11,-1,1,-1
201504WD15021,3,9,0,2,0,0,0,0,0,0,3,1,6,1,48,8,1588,1,11,-1,1,-1
201504WD15022,1,9,0,18,0,0,0,0,0,0,1,1,6,1,52,8,1991,1,24,-1,1,-1
201504WD15023,1,9,0,18,0,3,0,0,0,7,1,1,6,2,29,6,1598,1,10,-1,1,-1
201504WD15024,1,9,0,5,0,1,0,0,0,0,1,1,2,2,20,4,1598,1,12,-1,1,-1
201504WD15024,2,3,0,10,0,1,0,0,0,0,2,1,6,1,17,4,125,1,3,-1,1,-1
201504WD15025,1,9,0,9,0,1,0,0,0,0,1,1,6,1,46,8,1397,1,4,-1,1,-1
201504WD15025,2,5,0,10,0,1,0,0,0,0,3,1,6,1,37,7,1156,1,20,-1,1,-1
201504WD15026,1,9,0,7,0,8,0,0,0,0,1,1,1,1,33,6,-1,-1,-1,-1,1,-1
201504WD15026,2,9,0,7,0,8,0,0,0,0,2,1,6,1,33,6,1399,2,4,-1,1,-1
201504WD15027,1,9,0,18,0,8,0,0,7,10,1,1,2,2,50,8,1686,2,1,-1,1,-1
201504WD15027,2,9,0,18,0,8,0,0,7,10,1,1,3,2,69,10,-1,-1,-1,-1,1,-1
201504WD15028,1,9,0,16,0,0,0,0,0,0,1,1,6,1,48,8,2496,2,12,-1,-1,-1
201504WD15028,2,9,0,18,0,0,0,0,1,0,1,1,6,2,82,11,-1,-1,-1,-1,-1,-1
201504WD15029,1,9,0,9,0,2,0,0,0,0,1,1,1,1,37,7,-1,-1,-1,-1,1,-1
201504WD15030,1,9,0,9,0,6,0,0,0,0,1,1,6,1,57,9,1796,1,14,-1,1,-1
201504WD15030,2,9,0,18,0,2,0,0,1,0,1,1,6,1,39,7,1560,2,4,-1,1,-1
201504WD15032,1,9,0,9,0,8,0,0,0,0,3,1,2,2,51,8,-1,-1,-1,-1,1,-1