Accident_Index,Vehicle_Reference,Vehicle_Type,Towing_and_Articulation,Vehicle_Manoeuvre,Vehicle_Location-Restricted_Lane,Junction_Location,Skidding_and_Overturning,Hit_Object_in_Carriageway,Vehicle_Leaving_Carriageway,Hit_Object_off_Carriageway,1st_Point_of_Impact,Was_Vehicle_Left_Hand_Drive?,Journey_Purpose_of_Driver,Sex_of_Driver,Age_of_Driver,Age_Band_of_Driver,Engine_Capacity_(CC),Propulsion_Code,Age_of_Vehicle,Driver_IMD_Decile,Driver_Home_Area_Type,Vehicle_IMD_Decile
2015051500120,1,19,0,18,0,0,0,0,1,11,1,1,1,1,51,8,2402,2,4,-1,1,-1
2015051500125,1,9,0,18,0,0,0,0,1,11,1,1,6,2,71,10,1597,1,16,-1,1,-1
2015051500126,1,5,0,18,0,8,0,0,0,0,1,1,6,1,51,8,649,1,3,-1,1,-1
2015051500126,2,9,0,9,0,8,0,0,0,0,1,1,6,1,65,9,1560,2,1,-1,1,-1
2015051500127,1,9,0,18,0,0,5,0,0,0,4,1,6,1,34,6,-1,-1,-1,-1,1,-1
2015051500127,2,9,0,2,0,0,0,0,0,0,3,1,6,3,-1,-1,1398,2,12,-1,-1,-1
2015051500127,3,9,0,2,0,0,0,0,0,0,1,1,6,3,-1,-1,2143,2,2,-1,-1,-1
2015051500128,1,9,0,18,0,0,0,0,0,0,1,1,6,3,-1,-1,-1,-1,-1,-1,-1,-1
2015051500128,2,3,0,18,0,0,0,0,0,0,2,1,6,1,18,4,124,1,5,-1,1,-1
2015051500129,1,9,0,18,0,6,0,0,0,0,1,1,6,2,42,7,-1,-1,-1,-1,1,-1
2015051500129,2,9,0,18,0,8,0,0,7,0,4,1,6,2,31,6,1388,1,5,-1,1,-1
2015051500130,1,9,0,18,0,0,0,0,0,0,1,1,6,1,39,7,-1,-1,-1,-1,1,-1
2015051500130,2,9,0,4,0,0,0,0,0,0,2,1,6,1,46,8,4164,2,17,-1,1,-1
2015051500131,1,9,0,18,0,4,0,0,0,0,1,1,6,2,25,5,-1,-1,-1,-1,1,-1
2015051500131,2,9,0,18,0,4,0,0,0,0,1,1,6,1,60,9,1598,1,2,-1,1,-1
2015051500132,1,5,0,18,0,3,0,0,0,0,1,1,2,1,32,6,599,1,20,-1,1,-1
2015051500132,2,9,0,18,0,3,0,0,0,0,1,1,2,2,30,6,1242,1,5,-1,1,-1
2015051500134,1,9,0,18,0,0,0,0,0,0,4,1,2,2,38,7,1339,1,4,-1,1,-1
2015051500135,1,19,0,18,0,2,0,0,0,0,1,1,6,1,40,7,1248,2,10,-1,1,-1
2015051500135,2,1,0,7,0,1,0,0,0,0,1,1,6,1,35,6,-1,-1,-1,-1,1,-1
2015051500137,1,19,0,4,0,0,0,0,0,0,0,1,6,3,-1,-1,-1,-1,-1,-1,-1,-1
2015051500137,2,9,0,18,0,0,0,0,0,0,1,1,6,1,50,8,1896,2,12,-1,1,-1
2015051500138,1,9,0,7,0,1,0,0,0,0,2,1,6,3,-1,-1,2295,1,15,-1,-1,-1
2015051500138,2,1,0,18,0,1,0,0,0,0,1,1,4,1,16,4,-1,-1,-1,-1,1,-1
2015051500140,1,9,0,17,0,0,0,0,0,0,3,1,2,1,32,6,1995,2,1,-1,1,-1
2015051500142,1,9,0,9,0,8,0,0,0,0,1,1,6,2,50,8,1598,1,9,-1,1,-1
2015051500142,2,9,0,18,0,8,0,0,0,0,3,1,6,1,48,8,1598,1,12,-1,1,-1
2015051500143,1,9,0,18,0,0,0,0,0,0,1,1,6,1,47,8,1598,1,13,-1,1,-1
2015051500144,1,9,0,5,0,2,0,0,0,0,1,1,1,1,54,8,1597,1,16,-1,1,-1
2015051500144,2,19,0,18,0,1,0,0,0,0,1,1,2,1,26,6,1686,2,13,-1,1,-1
2015051500146,1,19,0,18,0,1,1,0,0,0,1,1,2,1,45,7,1968,2,5,-1,3,-1
2015051500146,2,9,0,3,0,1,0,0,0,0,2,1,1,1,28,6,1968,2,5,-1,2,-1
2015051500147,1,9,0,18,0,0,0,0,0,0,1,1,6,2,36,7,1598,1,15,-1,1,-1
2015051500148,1,9,0,6,0,8,0,0,0,0,4,1,2,2,27,6,2148,2,12,-1,1,-1
2015051500149,1,8,0,5,0,0,0,0,0,0,0,1,1,1,39,7,1896,2,8,-1,1,-1
2015051500150,1,9,0,9,0,5,0,0,0,0,1,1,6,3,-1,-1,-1,-1,-1,-1,-1,-1
2015051500151,1,19,0,18,0,3,0,0,0,0,1,1,1,1,26,6,2198,2,1,-1,1,-1
2015051500151,2,9,0,3,0,4,0,0,0,0,2,1,6,1,50,8,1597,2,1,-1,1,-1
2015051500151,3,9,0,3,0,8,0,0,0,0,2,1,6,1,50,8,1998,2,9,-1,1,-1
2015051500154,1,19,0,5,0,2,0,0,0,0,1,1,6,1,27,6,1560,2,1,-1,1,-1
2015051500154,2,1,0,5,0,1,0,0,0,0,4,1,6,1,47,8,-1,-1,-1,-1,1,-1
2015051500155,1,9,0,18,0,0,0,4,0,0,1,1,3,1,32,6,1198,1,6,-1,1,-1
2015051500155,2,19,0,2,0,0,0,0,0,0,2,1,6,3,-1,-1,2499,2,7,-1,-1,-1
2015051500156,1,19,0,18,0,8,5,0,2,7,4,1,1,1,26,6,2198,2,1,-1,1,-1
2015051500156,2,9,0,9,0,8,0,0,0,0,1,1,2,2,40,7,1896,2,14,-1,1,-1
2015051500157,1,19,0,18,0,0,0,0,0,0,1,1,6,3,-1,-1,2402,2,12,-1,-1,-1
2015051500157,2,9,0,4,0,0,0,0,0,0,2,1,2,1,28,6,2979,1,14,-1,1,-1
2015051500158,1,19,0,18,0,8,0,0,0,0,4,1,1,1,30,6,2198,2,4,-1,1,-1
2015051500158,2,9,0,18,0,8,0,0,1,11,1,1,6,1,68,10,2400,2,3,-1,1,-1
2015051500159,1,9,0,18,0,8,0,0,0,0,1,1,6,1,20,4,1390,1,5,-1,1,-1
2015051500159,2,9,0,18,0,8,0,0,0,0,4,1,1,1,23,5,1461,2,2,-1,1,-1
2015051500160,1,9,0,18,0,0,0,0,0,0,0,1,6,1,45,7,1598,1,2,-1,1,-1
2015051500161,1,9,0,18,0,2,0,0,0,0,1,1,6,1,24,5,1368,1,8,-1,1,-1
2015051500161,2,11,0,3,0,2,0,0,0,0,2,1,1,1,30,6,6700,2,4,-1,1,-1
2015051500162,1,9,0,4,0,0,0,0,0,0,1,1,1,1,46,8,1582,2,1,-1,-1,-1
2015051500162,2,9,0,1,0,0,0,0,0,0,2,1,6,1,32,6,1598,1,12,-1,1,-1
2015051500163,1,9,0,18,0,0,0,0,0,0,4,1,6,2,48,8,1397,1,7,-1,1,-1
2015051500164,1,9,0,18,0,6,0,0,0,0,1,1,6,1,22,5,1995,2,9,-1,1,-1
2015051500164,2,9,0,18,0,8,0,0,1,1,4,1,6,1,59,9,1598,1,3,-1,1,-1
2015051500165,1,2,0,16,0,0,1,10,0,0,1,1,6,1,15,3,-1,-1,-1,-1,1,-1
2015051500168,1,9,0,3,0,1,0,0,0,0,4,1,6,1,28,6,1796,1,11,-1,1,-1
2015051500169,1,8,0,11,0,0,0,0,0,0,1,1,1,1,52,8,1997,2,9,-1,1,-1
2015051500170,1,9,0,18,0,0,0,0,0,0,1,1,6,3,-1,-1,-1,-1,-1,-1,-1,-1
2015051500171,1,9,0,9,0,8,5,10,0,0,1,1,6,2,19,4,-1,-1,-1,-1,1,-1
2015051500172,1,9,0,18,0,0,1,0,5,6,1,1,6,1,23,5,1242,1,2,-1,1,-1
2015051500172,2,9,0,18,0,0,1,0,1,0,3,1,6,1,51,8,2148,2,11,-1,1,-1
2015051500172,3,9,0,18,0,0,1,0,0,0,2,1,6,1,54,8,1240,1,10,-1,1,-1
2015051500172,4,9,0,18,0,0,0,11,0,0,1,1,6,2,54,8,1598,2,1,-1,1,-1
2015051500173,1,9,0,9,0,6,0,0,0,0,1,1,6,1,37,7,1968,2,1,-1,1,-1
2015051500173,2,11,0,18,0,8,0,0,0,0,3,1,1,1,53,8,6700,2,1,-1,1,-1
2015051500177,1,9,0,9,0,8,1,0,1,2,1,1,6,2,28,6,1995,2,1,-1,1,-1
2015051500178,1,9,0,4,0,0,1,0,0,0,1,1,6,1,35,6,1598,2,3,-1,1,-1
2015051500178,2,9,0,3,0,0,0,0,0,0,2,1,6,1,30,6,1560,2,1,-1,1,-1
2015051500178,3,9,0,3,0,0,0,0,0,0,2,1,6,2,34,6,1398,1,3,-1,1,-1
2015051500178,4,9,0,6,0,0,0,0,0,0,4,1,6,1,43,7,1998,2,9,-1,1,-1
2015051500181,1,9,0,4,0,1,0,0,0,0,1,1,6,1,54,8,1870,2,12,-1,1,-1
2015051500184,1,9,0,18,0,0,1,7,4,7,1,1,6,1,46,8,-1,-1,-1,-1,1,-1
2015051500185,1,20,0,18,0,0,0,0,0,0,4,1,1,1,25,5,2402,2,8,-1,1,-1
2015051500185,2,21,0,2,0,0,0,0,0,0,2,1,1,1,55,8,10837,2,4,-1,1,-1
2015051500185,3,9,0,18,0,0,0,0,0,0,3,1,6,1,50,8,1560,2,6,-1,1,-1
2015051500187,1,9,0,18,0,1,0,0,0,0,1,1,6,2,58,9,998,1,2,-1,1,-1
2015051500187,2,9,0,18,0,8,0,0,0,0,4,1,6,1,63,9,1600,1,3,-1,-1,-1
2015051500187,3,19,0,18,0,1,0,0,0,0,3,1,6,1,37,7,1995,2,3,-1,1,-1
2015051500188,1,9,0,4,0,1,0,0,0,0,1,1,6,1,35,6,1198,1,13,-1,1,-1
2015051500188,2,9,0,3,0,1,0,0,0,0,2,1,6,1,51,8,998,1,3,-1,1,-1
2015051500188,3,9,0,3,0,1,0,0,0,0,2,1,6,2,63,9,1398,1,1,-1,1,-1
2015051500189,1,19,0,18,0,0,0,0,0,0,3,1,6,1,43,7,1868,2,13,-1,1,-1
2015051500189,2,8,0,2,0,0,0,0,0,0,3,1,1,1,51,8,1598,1,2,-1,1,-1
2015051500190,1,9,0,18,0,8,1,0,0,0,1,1,2,1,30,6,-1,-1,-1,-1,1,-1
2015051500190,2,9,0,18,0,8,0,0,0,0,1,1,6,1,47,8,-1,-1,-1,-1,1,-1
2015051500191,2,9,0,7,0,1,0,0,0,0,3,1,6,3,-1,-1,1997,2,2,-1,-1,-1
2015051500192,1,8,0,18,0,0,0,0,0,0,4,1,6,1,23,5,1896,2,13,-1,1,-1
2015051500193,1,21,1,9,0,5,0,0,0,0,1,2,1,1,54,8,-1,-1,-1,-1,-1,-1
2015051500193,2,9,0,18,0,8,0,7,0,0,1,1,6,1,25,5,-1,-1,-1,-1,1,-1
2015051500193,3,9,0,18,0,1,0,0,0,0,1,1,6,1,48,8,-1,-1,-1,-1,1,-1
2015051500195,1,11,0,5,0,0,0,0,0,0,4,1,1,2,41,7,9600,2,14,-1,1,-1
2015051500196,1,9,0,9,0,6,0,0,0,0,1,1,6,1,84,11,1248,1,4,-1,1,-1
2015051500197,1,19,0,1,0,0,0,11,0,0,2,1,2,2,42,7,1896,2,9,-1,1,-1
2015051500198,1,9,0,18,0,1,1,0,0,0,1,1,2,1,31,6,1599,1,7,-1,1,-1
2015051500198,2,9,0,18,0,1,1,0,0,0,2,1,6,1,44,7,1299,1,13,-1,1,-1
2015051500199,1,8,0,18,0,0,0,0,0,0,1,1,1,1,69,10,1896,2,8,-1,1,-1
2015051500199,2,9,0,3,0,0,0,0,0,0,2,1,6,1,22,5,1995,2,4,-1,3,-1
2015051500200,1,9,0,9,0,1,0,0,0,0,1,1,6,1,32,6,-1,-1,-1,-1,1,-1
2015051500200,2,9,0,18,0,1,0,0,0,0,1,1,6,1,23,5,1300,1,19,-1,1,-1
2015051500201,1,9,0,18,0,4,0,0,0,0,1,1,6,3,-1,-1,-1,-1,-1,-1,-1,-1
2015051500201,2,9,0,9,0,3,0,0,0,0,4,1,6,1,63,9,996,1,3,-1,1,-1
2015051500202,1,9,0,18,0,0,0,0,0,0,1,1,6,3,-1,-1,2319,1,11,-1,-1,-1
2015051500202,2,9,0,18,0,0,0,0,0,0,2,1,6,2,43,7,1984,1,14,-1,1,-1
2015051500205,1,9,0,9,0,8,0,0,0,0,1,1,6,2,27,6,1598,1,9,-1,1,-1
2015051500207,1,9,0,9,0,1,0,0,0,0,1,1,2,2,21,5,1598,2,1,-1,1,-1
2015051500207,2,3,0,18,0,8,0,0,0,0,3,1,6,1,36,7,125,1,3,-1,1,-1
2015051500207,3,9,0,10,0,1,0,0,0,0,1,1,1,2,37,7,1242,1,2,-1,1,-1
2015051500208,1,9,0,9,0,8,0,0,0,0,1,1,6,1,24,5,1686,2,10,-1,1,-1
2015051500209,1,9,0,18,0,4,0,0,0,0,1,1,6,3,-1,-1,-1,-1,-1,-1,-1,-1
2015051500209,2,9,0,18,0,8,0,0,2,6,4,1,6,1,42,7,1596,1,10,-1,1,-1
2015051500210,1,9,0,18,0,0,0,0,0,0,1,1,6,1,55,8,1796,1,2,-1,1,-1
2015051500210,2,9,0,18,0,0,0,0,0,0,1,1,6,2,27,6,1596,1,6,-1,1,-1
2015051500211,1,9,0,18,0,0,0,0,1,0,2,1,6,1,-1,-1,-1,-1,-1,-1,-1,-1
2015051500212,2,9,0,18,0,8,0,0,0,0,0,1,6,1,48,8,-1,-1,-1,-1,1,-1
2015051500213,1,9,0,9,0,6,0,0,0,0,4,1,6,1,55,8,2198,2,7,-1,1,-1
2015051500213,2,21,0,18,0,8,0,0,0,0,3,1,1,1,53,8,-1,-1,-1,-1,1,-1
2015051500216,1,9,0,3,0,0,0,0,0,0,2,1,1,1,24,5,799,2,4,-1,1,-1
2015051500216,2,9,0,4,0,0,0,0,0,0,2,1,6,1,26,6,-1,-1,-1,-1,1,-1
2015051500216,3,9,0,11,0,0,0,0,0,0,1,1,6,1,50,8,2148,2,10,-1,1,-1
2015051500218,1,4,0,18,0,1,0,0,0,0,1,1,6,1,16,4,-1,-1,-1,-1,1,-1
2015051500219,1,2,0,18,0,0,1,0,0,0,1,1,6,1,37,7,125,1,1,-1,1,-1
2015051500220,1,9,0,9,0,6,0,0,0,0,1,1,6,1,30,6,2000,1,10,-1,1,-1
2015051500220,2,9,0,18,0,8,0,0,0,0,4,1,6,1,58,9,1560,2,1,-1,1,-1
2015051500222,1,9,0,9,0,6,0,0,0,0,3,1,2,1,43,7,1995,2,1,-1,1,-1
2015051500222,2,9,0,18,0,1,0,0,0,0,1,1,6,2,54,8,1998,1,11,-1,1,-1
2015051500223,1,8,0,18,0,1,0,0,0,0,1,1,1,1,46,8,2170,2,11,-1,1,-1
2015051500228,1,9,0,5,0,1,0,0,0,0,1,1,6,3,-1,-1,-1,-1,-1,-1,-1,-1
2015051500229,1,9,0,5,0,2,0,0,0,0,3,1,2,2,37,7,1124,1,10,-1,1,-1
2015051500229,2,2,0,18,0,1,0,0,7,0,1,1,6,1,43,7,124,1,3,-1,1,-1
2015051500230,1,9,0,18,0,1,0,0,1,0,1,1,6,2,22,5,-1,-1,-1,-1,1,-1
2015051500230,2,9,0,2,0,1,0,0,1,0,2,1,6,2,39,7,1598,1,3,-1,1,-1
2015051500233,1,9,0,18,0,1,0,0,0,0,1,1,6,3,-1,-1,-1,-1,-1,-1,-1,-1
2015051500234,1,9,0,18,0,0,0,0,0,0,1,1,6,1,30,6,1461,2,2,-1,1,-1
2015051500235,1,9,0,18,0,8,0,0,0,0,1,1,6,2,65,9,1596,1,6,-1,1,-1
2015051500235,2,9,0,9,0,8,0,0,0,0,4,1,6,1,19,4,1796,1,5,-1,1,-1
2015051500239,1,9,0,18,0,0,0,0,0,0,1,1,6,3,-1,-1,-1,-1,-1,-1,-1,-1
2015051500239,2,9,0,3,0,0,0,0,0,0,2,1,6,1,53,8,1596,1,7,-1,1,-1
2015051500239,3,8,0,3,0,0,0,0,0,0,2,1,1,1,61,9,1896,2,7,-1,1,-1
2015051500240,1,9,0,4,0,0,0,0,0,0,1,1,6,2,34,6,1596,1,10,-1,1,-1
2015051500240,2,9,0,4,0,0,0,0,0,0,2,1,6,1,51,8,1248,1,2,-1,1,-1
2015051500241,1,9,0,18,0,6,0,0,0,0,1,1,6,2,75,10,1598,1,10,-1,1,-1
2015051500241,2,9,0,18,0,8,0,0,7,11,3,1,6,2,52,8,1598,1,3,-1,1,-1
2015051500242,1,8,0,7,0,6,0,0,0,0,1,1,6,1,47,8,1956,2,4,-1,1,-1
2015051500242,2,1,0,18,0,8,0,0,0,0,4,1,6,1,51,8,-1,-1,-1,-1,1,-1
2015051500243,1,9,0,13,0,2,0,0,0,0,0,1,6,1,53,8,2179,2,1,-1,1,-1
2015051500243,2,9,0,18,0,2,1,0,1,4,1,1,1,1,19,4,1388,1,10,-1,1,-1
2015051500246,1,19,0,18,0,4,0,0,0,0,1,2,1,1,58,9,1461,2,2,-1,1,-1
2015051500246,2,1,0,18,0,8,0,0,0,0,2,1,6,1,51,8,-1,-1,-1,-1,1,-1
2015051500248,1,19,0,18,0,1,0,0,0,0,1,1,6,1,35,6,1870,2,10,-1,1,-1
2015051500248,2,9,0,3,0,1,0,0,0,0,2,1,6,1,60,9,999,1,6,-1,1,-1
2015051500249,1,9,0,5,0,6,0,0,0,0,1,1,6,2,38,7,1798,1,11,-1,1,-1
2015051500249,2,9,0,9,0,1,1,0,4,10,4,2,6,1,19,4,1364,1,10,-1,1,-1
2015051500251,1,11,0,7,0,1,0,0,0,0,3,1,1,1,55,8,6700,2,1,-1,1,-1
2015051500253,1,9,0,18,0,1,0,0,1,7,3,1,1,1,38,7,-1,-1,-1,-1,1,-1
2015051500254,1,9,0,18,0,2,0,0,0,0,1,1,6,1,57,9,1461,2,6,-1,1,-1
2015051500255,1,9,0,18,0,8,0,0,1,7,3,1,6,1,36,7,1242,1,11,-1,1,-1
2015051500255,2,9,0,9,0,8,0,0,0,0,1,1,6,1,28,6,1396,1,1,-1,1,-1
2015051500257,1,9,0,18,0,6,0,0,0,0,1,1,6,1,17,4,-1,-1,-1,-1,2,-1
2015051500257,2,9,0,18,0,8,0,0,0,0,3,1,6,2,64,9,1910,2,5,-1,1,-1
2015051500258,1,8,0,18,0,8,0,0,0,0,3,1,1,1,56,9,2664,2,17,-1,1,-1
2015051500259,1,8,0,18,0,0,0,0,0,0,1,1,1,1,35,6,2499,2,5,-1,1,-1
2015051500260,1,9,0,18,0,8,0,0,0,0,1,1,6,1,55,8,1995,2,8,-1,1,-1
2015051500260,2,9,0,18,0,8,0,0,0,0,3,1,6,1,25,5,2979,1,1,-1,1,-1
2015051500261,1,9,0,18,0,6,0,0,0,0,1,1,6,2,47,8,1242,1,3,-1,1,-1
2015051500261,2,9,0,18,0,1,0,7,1,3,4,1,6,2,70,10,-1,-1,-1,-1,1,-1
2015051500263,1,9,0,18,0,0,0,0,0,0,1,1,6,1,30,6,1598,2,2,-1,1,-1
2015051500265,1,9,0,18,0,1,0,0,0,0,1,1,6,2,55,8,1596,1,13,-1,1,-1
2015051500265,2,9,0,4,0,1,0,0,0,0,2,1,2,1,40,7,1398,1,2,-1,1,-1
2015051500268,1,9,0,18,0,0,0,0,0,0,3,1,6,1,-1,-1,-1,-1,-1,-1,-1,-1
2015051500269,1,9,0,18,0,0,5,7,4,6,1,1,6,1,45,7,1998,1,14,-1,1,-1
2015051500271,1,19,0,18,0,2,0,0,0,0,1,2,2,1,50,8,1686,2,9,-1,1,-1
2015051500272,1,8,0,18,0,8,0,0,0,0,1,1,6,3,-1,-1,-1,-1,-1,-1,-1,-1
2015051500272,2,1,0,9,0,8,0,0,0,0,3,1,2,1,23,5,-1,-1,-1,-1,1,-1
2015051500275,1,9,0,1,0,1,0,0,0,0,2,1,6,1,30,6,1397,1,6,-1,1,-1
2015051500276,1,8,0,18,0,0,0,0,0,0,4,1,1,1,33,6,1997,2,6,-1,1,-1
2015051500278,1,9,0,18,0,6,0,0,0,0,1,1,6,2,29,6,1968,2,6,-1,1,-1
2015051500278,2,9,0,18,0,1,0,0,0,0,3,2,6,2,68,10,1596,1,8,-1,1,-1
2015051500278,3,9,0,18,0,1,0,0,0,0,0,1,1,1,40,7,1968,2,5,-1,1,-1
2015051500279,1,9,0,4,0,0,0,0,0,0,1,1,6,1,23,5,1999,1,12,-1,1,-1
2015051500279,2,9,0,4,0,0,0,0,0,0,2,1,6,1,49,8,1956,2,4,-1,1,-1
2015051500282,1,8,0,1,0,0,0,0,0,0,2,1,1,1,29,6,1686,2,5,-1,1,-1
2015051500282,2,19,0,3,0,0,0,0,0,0,1,1,1,1,31,6,1560,2,2,-1,1,-1
2015051500283,1,21,1,9,0,8,0,0,0,0,3,1,1,1,40,7,12777,2,4,-1,1,-1
2015051500283,2,19,0,9,0,8,0,0,0,0,1,1,6,1,31,6,1560,2,7,-1,1,-1
2015051500284,1,9,0,18,0,0,0,0,0,0,1,1,6,3,-1,-1,1753,2,12,-1,-1,-1
2015051500284,2,9,0,3,0,0,0,0,0,0,1,1,6,2,34,6,2148,2,7,-1,1,-1
2015051500286,1,9,0,18,0,0,0,0,0,0,1,1,6,1,20,4,-1,-1,-1,-1,1,-1
2015051500286,2,9,0,2,0,0,0,0,0,0,2,1,2,1,41,7,-1,-1,-1,-1,1,-1
2015051500287,1,9,0,18,0,0,2,0,1,11,1,1,2,1,20,4,-1,-1,-1,-1,1,-1
2015051500287,2,9,0,18,0,0,0,0,0,0,3,1,2,2,50,8,1596,1,1,-1,2,-1
2015051500291,1,9,0,9,0,8,0,0,0,0,4,2,2,1,42,7,-1,-1,-1,-1,-1,-1
2015051500291,2,5,0,18,0,8,0,0,0,0,1,1,2,1,43,7,1137,1,17,-1,1,-1
2015051500292,1,9,0,18,0,0,0,0,0,0,1,1,1,1,46,8,1995,2,5,-1,1,-1
2015051500293,1,9,0,5,0,0,0,0,0,0,1,1,6,3,-1,-1,1461,2,5,-1,-1,-1
2015051500294,1,9,0,7,0,6,0,0,0,0,4,1,2,1,57,9,2179,2,2,-1,1,-1
2015051500294,2,2,0,18,0,1,1,0,0,0,4,1,2,2,59,9,49,1,5,-1,1,-1
2015051500296,1,9,0,9,0,6,0,0,0,0,3,1,6,1,77,11,1198,1,5,-1,1,-1
2015051500296,2,9,0,18,0,8,0,0,0,0,1,1,6,2,53,8,1598,1,8,-1,1,-1
2015051500298,1,2,0,18,0,8,0,0,1,0,1,1,6,1,20,4,-1,-1,-1,-1,1,-1
2015051500298,2,9,0,9,0,8,0,0,0,0,1,1,6,1,30,6,1360,1,13,-1,1,-1
2015051500300,1,8,0,18,0,0,0,0,0,0,4,1,1,1,70,10,1896,2,6,-1,1,-1
2015051500304,1,9,0,13,0,0,0,0,0,0,4,1,6,3,-1,-1,-1,-1,-1,-1,-1,-1
2015051500304,2,9,0,18,0,0,1,0,1,11,3,1,6,2,24,5,1596,1,2,-1,1,-1
2015051500305,1,9,0,18,0,0,0,0,0,0,1,1,6,1,48,8,1587,1,10,-1,1,-1
2015051500307,1,8,0,10,0,1,0,0,0,0,4,1,1,1,45,7,-1,-1,-1,-1,1,-1
2015051500307,2,9,0,18,0,1,0,0,0,0,1,1,6,2,24,5,1598,1,11,-1,1,-1
2015051500309,1,9,0,18,0,0,0,0,0,0,4,1,6,2,31,6,1898,1,14,-1,1,-1
2015051500310,1,9,0,18,0,1,0,0,0,0,1,1,2,1,45,7,1390,1,6,-1,1,-1
2015051500310,2,2,0,18,0,1,1,0,0,0,3,1,2,2,30,6,125,1,1,-1,1,-1
2015051500311,1,9,0,7,0,1,1,0,1,2,1,1,6,2,68,10,1240,1,8,-1,1,-1
2015051500312,1,9,0,18,0,0,2,0,1,1,3,1,6,1,57,9,1995,2,1,-1,1,-1
2015051500316,1,9,0,9,0,8,0,0,0,0,3,1,6,1,20,4,-1,-1,-1,-1,1,-1
2015051500316,2,9,0,18,0,8,0,0,0,0,1,1,6,2,62,9,1896,2,14,-1,1,-1
2015051500317,1,9,0,7,0,8,0,0,0,0,3,1,6,2,50,8,-1,-1,-1,-1,1,-1
2015051500317,2,9,0,18,0,8,0,0,0,0,1,1,6,2,22,5,1299,1,11,-1,1,-1
2015051500318,1,9,0,18,0,0,0,0,0,0,1,1,6,2,44,7,-1,-1,-1,-1,-1,-1
2015051500320,1,9,0,18,0,6,0,0,0,0,1,1,6,3,-1,-1,-1,-1,-1,-1,-1,-1
2015051500323,1,9,0,18,0,0,0,10,7,1,3,1,6,1,90,11,796,1,15,-1,1,-1
2015051500326,1,9,0,7,0,8,1,0,0,0,1,1,6,2,22,5,1596,1,6,-1,1,-1
2015051500326,2,19,0,4,0,1,0,0,0,0,1,1,1,1,56,9,1248,2,4,-1,1,-1
2015051500327,1,9,0,18,0,0,0,0,0,0,1,1,6,1,21,5,2000,2,11,-1,1,-1
2015051500327,2,9,0,4,0,0,0,0,0,0,2,1,2,2,38,7,1560,2,3,-1,1,-1
2015051500327,3,19,0,4,0,0,0,0,0,0,2,1,1,1,60,9,2402,2,6,-1,1,-1
2015051500328,1,21,0,7,0,7,0,0,0,0,1,1,1,1,30,6,4461,2,4,-1,1,-1
2015051500328,2,9,0,7,0,7,0,0,0,0,2,1,6,1,67,10,2497,2,10,-1,1,-1
2015051500329,1,9,0,18,0,0,1,0,4,6,1,1,2,2,26,6,1390,1,11,-1,1,-1
2015051500329,2,9,0,18,0,0,1,1,4,0,1,1,2,1,35,6,1390,1,9,-1,1,-1
2015051500329,3,9,0,18,0,0,0,0,0,0,2,1,2,1,30,6,1798,1,7,-1,1,-1
2015051500330,1,9,0,9,0,5,0,0,0,0,4,1,1,1,64,9,1753,2,7,-1,1,-1
2015051500331,1,19,0,18,0,6,1,0,0,0,1,1,6,1,21,5,1868,2,14,-1,1,-1
2015051500331,2,9,0,2,0,1,0,0,0,0,1,1,6,1,46,8,-1,-1,-1,-1,1,-1
2015051500333,1,9,0,18,0,1,0,0,0,0,1,1,6,2,21,5,1199,1,12,-1,1,-1
2015051500334,1,9,0,18,0,0,0,0,0,0,4,1,6,3,-1,-1,-1,-1,-1,-1,-1,-1
2015051500335,1,9,0,18,0,0,0,0,0,0,4,1,6,2,34,6,1991,2,7,-1,1,-1
2015051500336,1,9,0,18,0,0,1,0,2,7,1,1,6,1,20,4,1598,1,7,-1,1,-1
2015051500336,2,9,0,6,0,0,0,0,0,0,1,1,6,1,55,8,1999,1,4,-1,1,-1
2015051500340,1,9,0,18,0,0,0,0,0,0,1,1,6,3,-1,-1,-1,-1,-1,-1,-1,-1
2015051500340,2,9,0,18,0,0,0,7,0,0,2,1,6,3,-1,-1,2457,1,8,-1,-1,-1
2015051500340,3,9,0,18,0,0,0,0,0,0,3,1,6,2,45,7,2143,2,3,-1,1,-1
2015051500342,1,9,0,1,0,0,0,0,0,0,2,1,6,3,-1,-1,-1,-1,-1,-1,-1,-1
2015051500342,2,2,0,18,0,0,0,0,0,0,2,1,2,1,54,8,124,1,1,-1,1,-1
2015051500344,1,9,0,4,0,0,0,0,0,0,1,1,6,2,43,7,4398,1,11,-1,1,-1
2015051500344,2,9,0,4,0,0,0,0,0,0,2,1,2,2,29,6,1595,1,10,-1,1,-1
2015051500345,1,8,0,3,0,8,0,0,0,0,3,1,6,1,-1,-1,1997,2,6,-1,1,-1
2015051500347,1,9,0,7,0,1,0,0,0,0,4,1,6,3,-1,-1,-1,-1,-1,-1,-1,-1
2015051500347,2,1,0,18,0,1,0,0,0,0,3,1,2,1,23,5,-1,-1,-1,-1,1,-1
2015051500348,1,9,0,1,0,1,0,0,0,0,2,1,6,3,-1,-1,-1,-1,-1,-1,-1,-1
2015051500351,1,9,0,18,0,0,0,0,0,0,4,1,2,2,23,5,1364,1,6,-1,1,-1