Accident_Index,Vehicle_Reference,Vehicle_Type,Towing_and_Articulation,Vehicle_Manoeuvre,Vehicle_Location-Restricted_Lane,Junction_Location,Skidding_and_Overturning,Hit_Object_in_Carriageway,Vehicle_Leaving_Carriageway,Hit_Object_off_Carriageway,1st_Point_of_Impact,Was_Vehicle_Left_Hand_Drive?,Journey_Purpose_of_Driver,Sex_of_Driver,Age_of_Driver,Age_Band_of_Driver,Engine_Capacity_(CC),Propulsion_Code,Age_of_Vehicle,Driver_IMD_Decile,Driver_Home_Area_Type,Vehicle_IMD_Decile
2015051500715,3,19,0,18,0,1,0,0,0,0,0,1,1,1,35,6,2987,2,4,-1,-1,-1
2015051500719,1,9,0,9,0,8,0,0,0,0,3,1,6,2,58,9,1398,2,8,-1,1,-1
2015051500719,2,98,1,8,0,5,0,0,0,0,3,1,6,3,-1,-1,-1,-1,-1,-1,-1,-1
2015051500720,1,19,0,18,0,4,0,0,0,0,1,1,6,3,-1,-1,-1,-1,-1,-1,-1,-1
2015051500720,2,9,0,3,0,4,0,0,0,0,2,1,6,2,21,5,1124,1,11,-1,1,-1
2015051500723,1,9,0,9,0,6,0,0,0,0,1,1,6,1,40,7,1781,1,16,-1,1,-1
2015051500723,2,5,0,14,0,1,0,0,0,0,1,1,6,1,50,8,999,1,9,-1,1,-1
2015051500724,1,3,0,18,0,1,1,0,0,0,1,1,6,1,18,4,125,1,2,-1,1,-1
2015051500724,2,8,0,18,0,1,0,0,0,0,3,1,1,2,52,8,1998,2,7,-1,1,-1
2015051500725,1,9,0,18,0,0,0,0,0,0,1,1,6,1,35,6,1242,1,9,-1,1,-1
2015051500726,1,8,0,18,0,0,0,0,0,0,1,1,1,1,30,6,1910,2,8,-1,1,-1
2015051500727,1,9,0,18,0,1,0,0,0,0,4,1,4,2,62,9,1560,2,-1,-1,1,-1
2015051500727,2,9,0,18,0,1,0,0,0,0,1,1,6,1,62,9,1398,1,4,-1,1,-1
2015051500728,1,9,0,18,0,0,0,0,0,0,1,1,6,1,91,11,1368,1,9,-1,1,-1
2015051500728,2,9,0,18,0,0,0,0,0,0,3,1,6,1,49,8,1796,1,15,-1,1,-1
2015051500730,1,9,0,13,0,1,0,0,0,0,1,1,6,3,-1,-1,-1,-1,-1,-1,-1,-1
2015051500730,2,9,0,9,0,5,0,0,0,0,3,1,3,2,39,7,1560,2,7,-1,1,-1
2015051500731,1,19,0,18,0,0,0,0,0,0,4,1,6,3,-1,-1,-1,-1,-1,-1,-1,-1
2015051500732,1,9,0,18,0,8,0,0,0,0,1,1,2,1,24,5,973,1,13,-1,1,-1
2015051500732,2,9,0,9,0,1,0,0,3,0,3,1,6,1,77,11,1560,2,3,-1,1,-1
2015051500733,1,9,0,1,0,0,0,0,0,0,2,1,6,1,34,6,1560,2,7,-1,1,-1
2015051500734,1,9,0,10,0,1,0,0,0,0,3,1,6,1,19,4,1149,1,8,-1,1,-1
2015051500734,2,2,0,18,0,1,0,0,0,0,1,1,6,1,21,5,49,1,2,-1,1,-1
2015051500735,1,21,0,18,0,0,0,0,0,0,2,1,6,3,-1,-1,-1,-1,-1,-1,-1,-1
2015051500735,2,9,0,18,0,0,0,0,0,0,1,1,6,1,25,5,1242,1,1,-1,1,-1
2015051500736,1,9,0,18,0,0,0,0,0,0,1,1,6,1,54,8,2993,2,1,-1,1,-1
2015051500736,2,9,0,18,0,0,0,0,0,0,2,1,2,1,25,5,-1,-1,-1,-1,1,-1
2015051500737,1,9,0,18,0,0,0,0,0,0,1,1,6,3,-1,-1,-1,-1,-1,-1,-1,-1
2015051500737,2,1,0,18,0,0,0,0,0,0,2,1,6,1,25,5,-1,-1,-1,-1,1,-1
2015051500738,1,9,0,17,0,0,2,0,1,11,1,1,2,1,50,8,-1,-1,-1,-1,1,-1
2015051500739,1,9,0,18,0,8,0,0,0,0,1,1,6,1,30,6,1796,1,8,-1,1,-1
2015051500739,2,19,0,18,0,8,0,0,0,0,4,1,6,1,56,9,1560,2,5,-1,1,-1
2015051500740,1,9,0,9,0,1,0,0,0,0,1,1,6,2,52,8,1995,2,2,-1,1,-1
2015051500740,2,4,0,18,0,1,0,0,0,0,1,1,6,1,22,5,125,1,3,-1,1,-1
2015051500741,1,9,0,18,0,0,0,0,0,0,1,1,6,1,23,5,1229,1,10,-1,1,-1
2015051500741,2,9,0,18,0,0,0,0,0,0,1,1,6,1,61,9,2143,2,3,-1,1,-1
2015051500742,1,9,0,18,0,0,0,0,0,0,1,1,6,2,46,8,1798,1,9,-1,1,-1
2015051500743,1,5,0,18,0,0,1,0,0,0,1,1,6,1,65,9,1237,1,3,-1,2,-1
2015051500743,2,9,0,4,0,0,0,0,0,0,2,1,6,1,39,7,1598,2,4,-1,1,-1
2015051500743,3,5,0,18,0,0,1,0,0,0,1,1,6,1,27,6,675,1,2,-1,1,-1
2015051500744,1,9,0,18,0,0,0,0,0,0,4,1,6,2,50,8,796,1,12,-1,1,-1
2015051500745,1,9,0,7,0,1,0,0,0,0,2,1,6,1,43,7,1560,2,8,-1,1,-1
2015051500745,2,1,0,18,0,1,0,0,0,0,1,1,6,1,47,8,-1,-1,-1,-1,1,-1
2015051500746,1,9,0,1,0,0,0,0,0,0,2,1,6,1,54,8,1124,1,12,-1,1,-1
2015051500748,1,9,0,18,0,8,0,0,0,0,1,1,6,2,40,7,1598,1,2,-1,1,-1
2015051500748,2,1,0,18,0,8,0,0,0,0,4,1,6,1,27,6,-1,-1,-1,-1,1,-1
2015051500749,1,21,0,18,0,8,0,0,1,9,1,1,1,1,36,7,-1,-1,-1,-1,-1,-1
2015051500749,2,9,0,18,0,8,0,0,0,0,4,1,6,1,21,5,1560,2,6,-1,1,-1
2015051500750,1,9,0,18,0,1,0,0,0,0,4,1,2,1,32,6,1796,1,8,-1,1,-1
2015051500751,1,9,0,5,0,0,0,0,1,4,3,1,3,2,41,7,1995,2,1,-1,1,-1
2015051500751,2,9,0,18,0,0,0,0,4,0,4,1,2,2,22,5,1870,2,4,-1,1,-1
2015051500751,3,9,0,2,0,0,0,0,0,0,3,1,3,2,44,7,1595,1,2,-1,1,-1
2015051500752,1,9,0,9,0,8,0,0,0,0,3,1,6,2,35,6,-1,-1,-1,-1,1,-1
2015051500752,2,9,0,18,0,2,0,0,0,0,1,1,6,1,32,6,1560,2,10,-1,1,-1
2015051500753,1,21,1,7,0,8,0,0,0,0,4,1,1,1,46,8,11705,2,9,-1,1,-1
2015051500753,2,9,0,7,0,8,0,0,0,0,3,1,2,2,31,6,1598,1,12,-1,1,-1
2015051500754,1,9,0,18,0,1,0,0,0,0,1,1,6,2,35,6,3199,1,13,-1,1,-1
2015051500755,1,9,0,18,0,1,0,0,0,0,1,1,2,2,60,9,1242,1,2,-1,1,-1
2015051500757,1,5,0,14,0,1,0,0,0,0,1,1,6,1,23,5,806,1,1,-1,1,-1
2015051500757,2,9,0,9,0,2,0,0,0,0,1,1,2,1,35,6,1896,2,7,-1,1,-1
2015051500758,1,9,0,4,0,1,0,0,0,0,1,1,6,2,17,4,1242,1,5,-1,3,-1
2015051500758,2,9,0,4,0,1,0,0,0,0,2,1,6,1,47,8,2698,2,9,-1,1,-1
2015051500760,1,9,0,18,0,1,0,0,0,0,1,1,6,2,49,8,1149,1,13,-1,1,-1
2015051500760,2,9,0,3,0,1,0,0,0,0,2,1,6,1,76,11,1598,2,2,-1,1,-1
2015051500761,1,9,0,18,0,0,0,0,0,0,4,1,6,2,67,10,1399,1,4,-1,1,-1
2015051500763,1,5,0,18,0,0,1,0,0,0,1,1,6,3,-1,-1,-1,-1,-1,-1,-1,-1
2015051500764,1,9,0,18,0,0,0,0,0,0,1,1,2,1,21,5,1299,1,12,-1,1,-1
2015051500765,1,8,0,9,0,6,0,0,0,0,1,1,1,2,61,9,1749,1,12,-1,1,-1
2015051500766,1,5,0,4,0,1,1,0,0,0,3,1,2,1,52,8,649,1,6,-1,1,-1
2015051500767,1,1,0,18,0,1,0,0,0,0,3,1,6,1,47,8,-1,-1,-1,-1,1,-1
2015051500767,2,9,0,4,0,1,0,0,0,0,1,1,6,1,62,9,1598,2,2,-1,1,-1
2015051500768,1,3,0,9,0,8,0,0,0,0,3,1,6,1,21,5,124,1,2,-1,1,-1
2015051500768,2,9,0,7,0,8,0,0,0,0,4,1,6,2,50,8,1399,2,6,-1,1,-1
2015051500769,1,5,0,18,0,1,0,0,0,0,3,1,6,1,60,9,-1,-1,-1,-1,1,-1
2015051500769,2,9,0,3,0,2,0,0,0,0,3,1,6,1,35,6,1975,1,8,-1,1,-1
2015051500770,1,9,0,5,0,4,0,0,0,0,1,1,1,1,51,8,1995,2,3,-1,1,-1
2015051500770,2,9,0,18,0,4,0,0,2,10,4,1,2,1,29,6,1598,1,9,-1,1,-1
2015051500771,1,9,0,18,0,0,0,0,0,0,1,1,6,3,-1,-1,1598,1,3,-1,-1,-1
2015051500771,2,9,0,18,0,0,0,0,0,0,2,1,6,1,21,5,2000,2,10,-1,1,-1
2015051500772,1,9,0,7,0,5,0,0,0,0,4,1,1,2,30,6,1582,2,2,-1,-1,-1
2015051500775,1,9,0,18,0,8,0,0,0,0,1,1,1,1,36,7,1968,2,3,-1,1,-1
2015051500775,2,9,0,18,0,1,0,0,0,0,4,1,6,1,77,11,1299,1,18,-1,1,-1
2015051500776,1,9,0,9,0,2,0,0,0,0,3,1,2,1,57,9,1753,2,13,-1,1,-1
2015051500776,2,9,0,7,0,2,0,0,0,0,1,1,2,1,48,8,1360,1,4,-1,1,-1
2015051500777,1,9,0,3,0,1,0,0,0,0,1,1,6,2,35,6,1360,1,12,-1,1,-1
2015051500777,2,9,0,18,0,1,0,0,0,0,1,1,6,2,58,9,996,1,1,-1,1,-1
2015051500778,1,98,1,18,0,1,0,0,0,0,4,1,1,1,45,7,12777,2,9,-1,1,-1
2015051500778,2,9,0,18,0,1,0,0,1,0,3,1,6,2,45,7,1149,1,9,-1,1,-1
2015051500779,1,9,0,18,0,0,0,0,0,0,1,1,2,1,50,8,2000,2,4,-1,2,-1
2015051500779,2,19,0,18,0,0,0,0,0,0,1,1,1,1,41,7,2143,2,2,-1,2,-1
2015051500779,3,9,0,18,0,0,0,0,0,0,1,1,2,2,69,10,1590,1,15,-1,2,-1
2015051500783,1,19,0,18,0,3,0,0,0,0,4,1,1,1,56,9,2402,2,13,-1,1,-1
2015051500783,2,1,0,18,0,8,0,0,0,0,3,1,6,1,45,7,-1,-1,-1,-1,1,-1
2015051500785,1,9,0,18,0,0,0,0,0,0,3,1,6,2,69,10,1596,1,4,-1,-1,-1
2015051500786,1,8,0,3,0,0,0,0,0,0,2,1,1,1,67,10,2499,2,5,-1,1,-1
2015051500786,2,1,0,18,0,0,0,0,0,0,1,1,2,2,25,5,-1,-1,-1,-1,1,-1
2015051500787,1,9,0,6,0,1,0,0,1,4,1,2,6,3,-1,-1,2521,1,11,-1,-1,-1
2015051500787,2,9,0,8,0,1,0,0,0,0,2,1,2,1,47,8,1900,2,10,-1,1,-1
2015051500788,1,9,0,9,0,1,0,0,0,0,3,1,2,1,44,7,1798,1,5,-1,1,-1
2015051500788,2,9,0,13,0,1,0,0,0,0,1,1,2,2,38,7,1598,1,10,-1,1,-1
2015051500789,1,11,0,18,0,0,0,0,0,0,1,1,1,1,55,8,-1,2,15,-1,1,-1
2015051500790,1,9,0,18,0,1,0,0,0,0,1,1,6,1,-1,-1,-1,-1,-1,-1,-1,-1
2015051500791,1,9,0,5,0,8,0,0,0,0,1,1,6,3,-1,-1,1989,1,15,-1,-1,-1
2015051500791,2,9,0,18,0,8,0,0,0,0,3,1,6,1,57,9,2959,2,8,-1,1,-1
2015051500793,1,9,0,18,0,8,0,0,0,0,3,1,1,1,17,4,1995,2,1,-1,1,-1
2015051500793,2,9,0,18,0,8,0,0,0,0,1,1,6,1,80,11,1896,2,12,-1,1,-1
2015051500794,1,9,0,18,0,8,0,0,0,0,1,1,6,1,25,5,1997,2,1,-1,1,-1
2015051500794,2,9,0,18,0,8,0,0,0,0,3,1,6,2,24,5,-1,-1,-1,-1,1,-1
2015051500795,1,9,0,18,0,4,0,0,0,0,1,1,6,3,-1,-1,-1,-1,-1,-1,-1,-1
2015051500795,2,9,0,3,0,4,0,0,0,0,2,1,2,1,48,8,-1,-1,-1,-1,1,-1
2015051500797,1,9,0,7,0,5,0,0,0,0,4,1,6,1,29,6,2993,2,7,-1,1,-1
2015051500797,2,1,0,18,0,8,0,0,0,0,1,1,6,2,38,7,-1,-1,-1,-1,1,-1
2015051500798,1,9,0,18,0,0,1,10,0,0,4,1,6,1,17,4,1596,1,14,-1,1,-1
2015051500798,2,9,0,18,0,0,0,0,0,0,1,1,6,2,40,7,1598,1,9,-1,1,-1
2015051500799,1,9,0,18,0,0,0,0,0,0,1,1,6,2,25,5,1796,1,5,-1,1,-1
2015051500799,2,8,0,11,0,0,0,0,0,0,4,1,1,1,61,9,2499,2,6,-1,1,-1
2015051500801,1,9,0,4,0,0,0,0,0,0,1,1,6,1,65,9,1910,2,11,-1,1,-1
2015051500802,1,9,0,18,0,2,0,0,0,0,1,1,6,1,47,8,1753,2,11,-1,1,-1
2015051500802,2,9,0,18,0,2,0,0,0,0,3,1,6,1,33,6,1598,1,4,-1,1,-1
2015051500804,1,9,0,8,0,1,0,0,0,0,2,1,6,1,25,5,1461,2,5,-1,1,-1
2015051500804,2,9,0,10,0,1,0,0,0,0,1,1,6,1,45,7,2926,2,14,-1,1,-1
2015051500805,1,9,0,9,0,3,0,0,0,0,1,1,6,2,29,6,1242,1,10,-1,1,-1
2015051500805,2,9,0,7,0,3,0,0,0,0,1,1,6,1,27,6,1398,2,3,-1,1,-1
2015051500806,1,9,0,18,0,0,0,0,0,0,1,1,6,2,41,7,-1,-1,-1,-1,1,-1
2015051500806,2,9,0,18,0,0,0,0,0,0,1,1,6,1,40,7,1598,1,10,-1,1,-1
2015051500806,3,9,0,2,0,0,0,0,0,0,1,1,6,3,-1,-1,1368,1,10,-1,-1,-1
2015051500808,1,9,0,4,0,1,0,0,0,0,1,1,6,2,48,8,-1,-1,-1,-1,1,-1
2015051500808,2,9,0,3,0,1,0,0,0,0,2,1,2,1,51,8,1598,1,5,-1,1,-1
2015051500808,3,9,0,3,0,1,0,0,0,0,2,1,6,1,58,9,1798,1,5,-1,1,-1
2015051500809,1,9,0,1,0,0,0,0,0,0,2,1,6,1,57,9,1951,2,14,-1,1,-1
2015051500809,2,9,0,3,0,0,0,0,0,0,4,1,1,1,34,6,-1,-1,-1,-1,3,-1
2015051500812,1,9,0,18,0,0,0,0,0,0,1,1,2,2,30,6,1896,2,12,-1,1,-1
2015051500812,2,9,0,18,0,0,0,0,0,0,2,1,2,1,32,6,-1,-1,-1,-1,1,-1
2015051500812,3,21,1,3,0,0,0,0,0,0,2,1,1,1,29,6,12740,2,1,-1,1,-1
2015051500813,1,9,0,18,0,8,0,0,0,0,1,1,6,1,33,6,2987,2,7,-1,1,-1
2015051500813,2,9,0,18,0,8,0,0,0,0,3,1,6,1,40,7,1999,1,-1,-1,1,-1
2015051500814,1,9,0,4,0,8,0,0,0,0,0,1,1,1,34,6,2993,2,2,-1,1,-1
2015051500814,2,9,0,7,0,8,0,0,7,2,1,1,6,3,-1,-1,1598,1,16,-1,-1,-1
2015051500816,1,9,0,18,0,0,0,0,0,0,4,1,6,3,-1,-1,-1,-1,-1,-1,-1,-1
2015051500817,1,19,0,7,0,8,0,0,0,0,3,1,1,1,32,6,1997,2,10,-1,3,-1
2015051500817,2,1,0,4,0,8,0,0,0,0,1,1,6,1,54,8,-1,-1,-1,-1,1,-1
2015051500818,1,9,0,18,0,8,0,0,0,0,4,1,2,1,28,6,-1,-1,-1,-1,1,-1
2015051500818,2,3,0,18,0,1,0,0,0,0,1,1,2,1,64,9,124,1,4,-1,1,-1
2015051500819,1,9,0,5,0,1,0,11,0,0,4,1,6,1,83,11,1796,1,16,-1,1,-1
2015051500820,1,9,0,18,0,0,0,0,0,0,1,1,2,2,20,4,1461,2,8,-1,1,-1
2015051500821,1,9,0,18,0,1,0,0,0,0,1,1,6,2,59,9,-1,-1,-1,-1,1,-1
2015051500821,2,9,0,10,0,1,0,0,0,0,2,1,6,1,50,8,1968,2,7,-1,1,-1
2015051500822,1,9,0,5,0,0,0,0,0,0,1,1,6,2,25,5,1242,1,11,-1,1,-1
2015051500822,2,9,0,18,0,0,0,0,0,0,3,1,6,1,39,7,2143,2,1,-1,1,-1
2015051500823,1,9,0,5,0,1,0,4,0,0,4,1,6,1,53,8,1596,1,13,-1,1,-1
2015051500823,2,9,0,2,0,2,0,0,0,0,4,1,1,1,35,6,2993,2,4,-1,-1,-1
2015051500824,1,9,0,3,0,1,0,0,0,0,3,1,2,1,46,8,1198,1,6,-1,1,-1
2015051500824,2,1,0,18,0,1,0,0,0,0,1,1,6,1,44,7,-1,-1,-1,-1,1,-1
2015051500826,1,9,0,18,0,1,5,0,1,10,3,1,6,1,29,6,1198,1,4,-1,1,-1
2015051500826,2,19,0,10,0,1,0,0,0,0,4,1,1,1,45,7,1560,2,8,-1,1,-1
2015051500826,3,9,0,10,0,1,0,0,0,0,2,1,6,1,64,9,1685,2,1,-1,1,-1
2015051500827,1,9,0,16,0,1,0,0,0,0,3,1,6,3,-1,-1,-1,-1,-1,-1,-1,-1
2015051500827,2,9,0,13,0,1,2,10,1,11,4,1,6,1,27,6,2979,1,3,-1,1,-1
2015051500828,1,9,0,18,0,1,0,0,0,0,1,1,6,2,45,7,2231,2,9,-1,1,-1
2015051500828,2,5,0,3,0,1,0,0,0,0,2,1,6,1,29,6,999,1,1,-1,1,-1
2015051500828,3,9,0,4,0,1,0,0,0,0,1,1,6,1,23,5,1149,1,14,-1,1,-1
2015051500829,1,9,0,18,0,0,0,0,0,0,1,1,6,3,-1,-1,-1,-1,-1,-1,-1,-1
2015051500830,1,9,0,9,0,1,0,0,0,0,3,1,6,1,52,8,1389,1,11,-1,1,-1
2015051500830,2,9,0,18,0,1,0,0,0,0,1,1,6,1,74,10,1399,2,5,-1,1,-1
2015051500831,1,9,0,5,0,0,0,0,0,0,4,1,6,1,79,11,1364,1,5,-1,1,-1
2015051500833,1,9,0,4,0,1,0,0,0,0,0,1,6,1,45,7,1388,1,12,-1,1,-1
2015051500833,2,1,0,18,0,1,0,0,0,0,4,1,6,1,12,3,-1,-1,-1,-1,1,-1
2015051500835,1,9,0,18,0,0,0,0,0,0,3,1,6,1,81,11,1596,1,13,-1,1,-1
2015051500836,1,9,0,18,0,4,0,0,0,0,1,1,2,2,54,8,1388,1,12,-1,1,-1
2015051500836,2,1,0,18,0,3,0,0,0,0,1,1,6,1,81,11,-1,-1,-1,-1,1,-1
2015051500837,1,4,0,18,0,0,0,4,0,0,1,1,6,3,-1,-1,-1,-1,-1,-1,-1,-1
2015051500837,2,19,0,2,0,0,0,0,0,0,1,1,6,3,-1,-1,1896,2,17,-1,-1,-1
2015051500838,1,9,0,18,0,1,0,0,0,0,1,1,6,2,32,6,1398,1,5,-1,1,-1
2015051500840,1,9,0,17,0,1,0,0,0,0,4,1,2,1,58,9,1598,1,15,-1,1,-1
2015051500841,1,8,0,3,0,6,0,0,0,0,4,1,1,1,59,9,2402,2,12,-1,1,-1
2015051500841,2,9,0,18,0,8,0,0,0,0,1,1,1,1,29,6,2143,2,1,-1,1,-1
2015051500841,3,8,0,3,0,1,0,0,0,0,1,1,1,1,63,9,2664,2,8,-1,1,-1
2015051500842,1,9,0,18,0,1,0,0,0,0,1,1,1,1,23,5,1591,1,6,-1,1,-1
2015051500842,2,9,0,3,0,1,0,0,0,0,2,1,2,1,44,7,1398,1,1,-1,1,-1
2015051500842,3,9,0,10,0,5,0,0,0,0,2,1,6,1,59,9,2143,2,1,-1,1,-1
2015051500843,1,9,0,18,0,0,0,0,0,0,4,1,6,1,52,8,1560,2,9,-1,1,-1
2015051500844,1,9,0,18,0,2,0,0,0,0,1,1,6,1,31,6,1796,1,7,-1,1,-1
2015051500844,2,9,0,9,0,1,0,0,0,0,1,1,6,1,34,6,1781,1,14,-1,2,-1
2015051500844,3,19,0,18,0,1,0,0,0,0,1,1,6,1,-1,-1,2198,2,5,-1,-1,-1
2015051500844,4,9,0,2,0,1,0,0,0,0,4,1,6,1,33,6,1461,2,8,-1,1,-1
2015051500845,1,9,0,5,0,1,0,0,0,0,1,1,6,2,60,9,1596,1,9,-1,1,-1
2015051500846,1,9,0,18,0,1,0,0,0,0,0,1,1,1,53,8,2993,2,1,-1,-1,-1
2015051500846,2,5,0,18,0,8,0,0,0,0,1,1,1,1,21,5,651,1,11,-1,1,-1
2015051500846,3,8,0,9,0,5,0,0,0,0,3,1,1,1,51,8,2664,2,15,-1,1,-1
2015051500847,1,9,0,9,0,5,0,0,0,0,4,1,6,1,41,7,1997,1,13,-1,1,-1
2015051500847,2,1,0,18,0,1,0,0,0,0,1,1,6,1,34,6,-1,-1,-1,-1,1,-1
2015051500848,1,9,0,1,0,0,0,0,0,0,0,1,6,1,53,8,1598,1,13,-1,1,-1
2015051500849,1,1,0,18,0,2,0,0,0,0,3,1,6,1,16,4,-1,-1,-1,-1,1,-1
2015051500849,2,9,0,18,0,1,0,0,0,0,1,1,6,2,59,9,1975,1,14,-1,1,-1
2015051500850,1,9,0,18,0,8,0,0,0,0,4,1,6,1,58,9,1596,1,3,-1,1,-1
2015051500851,1,8,0,5,0,2,0,0,0,0,0,1,6,1,55,8,1988,2,9,-1,1,-1
2015051500851,2,3,0,4,0,1,1,0,0,0,0,1,2,1,21,5,125,1,1,-1,1,-1
2015051500854,1,9,0,9,0,6,0,0,0,0,1,1,6,2,34,6,1360,1,3,-1,1,-1
2015051500854,2,9,0,14,0,1,0,0,0,0,1,1,6,2,69,10,1242,1,15,-1,1,-1
2015051500856,1,9,0,18,0,0,1,0,0,0,1,1,6,1,22,5,1388,1,15,-1,1,-1
2015051500856,2,8,0,18,0,0,0,0,0,0,1,1,1,1,48,8,1753,2,7,-1,1,-1
2015051500857,1,8,0,9,0,2,0,0,0,0,0,1,1,1,64,9,2664,2,14,-1,1,-1
2015051500858,1,9,0,18,0,0,5,4,0,0,1,1,6,1,40,7,1595,1,8,-1,1,-1
2015051500858,2,9,0,2,0,0,0,0,0,0,2,1,6,3,-1,-1,1229,1,4,-1,-1,-1
2015051500860,1,9,0,3,0,1,0,0,0,0,2,1,6,1,83,11,1364,1,7,-1,1,-1
2015051500860,2,9,0,18,0,1,0,0,0,0,1,1,6,1,21,5,1386,1,6,-1,1,-1
2015051500862,1,9,0,3,0,1,0,0,0,0,2,1,6,1,35,6,-1,-1,-1,-1,1,-1
2015051500862,2,9,0,4,0,1,0,0,0,0,2,1,6,2,34,6,1596,1,12,-1,1,-1
2015051500862,3,9,0,4,0,1,0,0,0,0,1,1,6,3,-1,-1,2497,2,10,-1,-1,-1
2015051500863,1,9,0,11,0,0,0,0,0,0,1,1,6,1,24,5,1598,1,1,-1,1,-1
2015051500866,1,2,0,7,0,5,1,0,1,8,1,1,2,1,35,6,49,1,1,-1,1,-1
2015051500867,1,9,0,9,0,8,0,0,0,0,4,1,6,2,24,5,1242,1,9,-1,1,-1
2015051500867,2,3,0,18,0,8,0,0,0,0,1,1,6,1,22,5,125,1,16,-1,1,-1
2015051500868,1,9,0,18,0,8,0,0,0,0,3,1,6,1,72,10,-1,-1,-1,-1,1,-1
2015051500868,2,4,0,18,0,8,1,0,0,0,1,1,6,1,32,6,125,1,6,-1,1,-1
2015051500869,1,9,0,18,0,6,0,0,0,0,1,1,6,1,46,8,1587,1,13,-1,1,-1
2015051500869,2,9,0,18,0,1,0,0,0,0,1,1,6,1,17,4,1587,1,8,-1,1,-1
2015051500870,1,19,0,4,0,0,0,0,0,0,3,1,1,1,39,7,2148,2,7,-1,1,-1
2015051500870,2,1,0,5,0,0,0,0,0,0,4,1,6,1,59,9,-1,-1,-1,-1,1,-1
2015051500871,1,8,0,18,0,0,0,0,0,0,1,1,1,1,54,8,1997,2,5,-1,1,-1
2015051500872,1,9,0,18,0,1,0,0,0,0,1,1,6,1,24,5,1390,1,9,-1,1,-1
2015051500872,2,9,0,3,0,1,0,0,0,0,2,1,6,1,31,6,1397,1,5,-1,1,-1
2015051500873,1,19,0,13,0,8,0,0,0,0,4,1,6,3,-1,-1,1753,2,12,-1,-1,-1
2015051500873,2,90,0,4,0,8,0,0,1,0,1,2,1,1,32,6,6692,2,6,-1,1,-1
2015051500876,1,9,0,9,0,1,0,0,0,0,3,1,6,1,24,5,-1,-1,-1,-1,1,-1
2015051500876,2,9,0,18,0,1,0,0,0,0,3,1,6,2,61,9,1360,1,8,-1,1,-1
2015051500877,1,9,0,18,0,8,0,0,0,0,4,1,6,2,25,5,1242,1,7,-1,1,-1
2015051500877,2,9,0,18,0,8,0,0,0,0,3,1,2,1,31,6,1796,1,14,-1,1,-1
2015051500878,1,9,0,9,0,6,0,0,0,0,1,1,6,2,33,6,1397,1,6,-1,1,-1
2015051500878,2,9,0,18,0,1,0,0,0,0,1,1,6,1,55,8,998,1,1,-1,1,-1
2015051500879,1,19,0,18,0,1,0,0,0,0,0,1,1,1,41,7,2198,2,1,-1,-1,-1
2015051500879,2,9,0,18,0,1,0,0,0,0,3,1,6,1,79,11,1596,1,14,-1,1,-1
2015051500879,3,9,0,18,0,1,0,0,0,0,1,1,6,2,38,7,1595,1,10,-1,1,-1
2015051500879,4,9,0,18,0,1,0,0,0,0,0,1,6,2,39,7,1598,1,5,-1,1,-1
2015051500880,1,9,0,18,0,0,2,0,2,4,1,1,6,1,35,6,-1,-1,-1,-1,2,-1
2015051500881,1,9,0,18,0,1,0,0,0,0,2,1,6,1,58,9,-1,-1,-1,-1,1,-1
2015051500881,2,9,0,18,0,1,0,0,0,0,1,1,6,1,25,5,1364,1,6,-1,1,-1
2015051500883,1,9,0,18,0,6,0,0,0,0,1,1,6,2,25,5,1796,1,12,-1,1,-1
2015051500883,2,8,0,18,0,8,0,0,0,0,3,1,1,1,38,7,1998,2,8,-1,1,-1
2015051500883,3,9,0,3,0,6,0,0,0,0,1,1,6,1,28,6,1910,2,9,-1,1,-1
2015051500884,1,19,0,7,0,1,0,0,0,0,1,1,1,1,41,7,2198,2,2,-1,1,-1
2015051500884,2,1,0,18,0,1,1,10,0,0,0,1,6,1,19,4,-1,-1,-1,-1,1,-1
2015051500885,1,8,0,1,0,8,0,0,0,0,2,1,1,1,28,6,1753,2,7,-1,1,-1
2015051500886,1,9,0,4,0,0,0,0,0,0,1,1,1,1,33,6,1582,2,2,-1,1,-1
2015051500886,2,9,0,1,0,0,0,0,0,0,2,1,6,2,20,4,1461,2,1,-1,1,-1
2015051500888,1,9,0,5,0,4,0,0,0,0,1,1,6,1,49,8,1596,1,6,-1,1,-1
2015051500888,2,1,0,18,0,8,0,0,0,0,4,1,6,1,13,3,-1,-1,-1,-1,1,-1
2015051500889,1,9,0,18,0,8,0,0,0,0,3,1,6,2,22,5,-1,-1,-1,-1,1,-1
2015051500889,2,3,0,18,0,1,0,0,0,0,1,1,6,1,18,4,124,1,2,-1,1,-1
2015051500890,1,9,0,5,0,0,0,0,0,0,1,1,2,1,66,10,1896,2,10,-1,1,-1
2015051500890,2,5,0,18,0,0,1,0,0,0,1,1,6,1,43,7,399,1,20,-1,1,-1
2015051500891,1,9,0,18,0,0,0,0,0,0,4,1,6,2,60,9,1399,2,12,-1,1,-1
2015051500892,1,21,0,9,0,8,0,0,0,0,1,1,1,1,30,6,8970,2,9,-1,1,-1
2015051500892,2,9,0,18,0,8,0,0,0,0,1,1,6,1,21,5,1229,1,1,-1,1,-1