Accident_Index,Vehicle_Reference,Vehicle_Type,Towing_and_Articulation,Vehicle_Manoeuvre,Vehicle_Location-Restricted_Lane,Junction_Location,Skidding_and_Overturning,Hit_Object_in_Carriageway,Vehicle_Leaving_Carriageway,Hit_Object_off_Carriageway,1st_Point_of_Impact,Was_Vehicle_Left_Hand_Drive?,Journey_Purpose_of_Driver,Sex_of_Driver,Age_of_Driver,Age_Band_of_Driver,Engine_Capacity_(CC),Propulsion_Code,Age_of_Vehicle,Driver_IMD_Decile,Driver_Home_Area_Type,Vehicle_IMD_Decile
2015051501722,2,9,0,9,0,8,0,0,0,0,4,1,6,2,67,10,1198,1,2,-1,1,-1
2015051501723,1,9,0,10,0,1,0,0,0,0,3,1,6,2,30,6,1388,1,7,-1,1,-1
2015051501723,2,19,0,9,0,1,1,0,0,0,1,1,1,1,21,5,1997,2,11,-1,1,-1
2015051501724,1,8,0,9,0,8,0,0,0,0,1,1,1,1,36,7,2499,2,5,-1,1,-1
2015051501725,1,19,0,18,0,8,0,0,0,0,1,1,1,1,40,7,1753,2,6,-1,-1,-1
2015051501725,2,9,0,9,0,8,0,0,0,0,2,1,6,2,28,6,1299,1,13,-1,1,-1
2015051501726,1,9,0,18,0,0,0,0,0,0,0,1,6,3,-1,-1,-1,-1,-1,-1,-1,-1
2015051501727,1,9,0,9,0,8,0,0,0,0,4,1,6,1,23,5,1198,1,5,-1,3,-1
2015051501727,2,9,0,18,0,1,0,0,0,0,1,1,1,2,29,6,1120,2,1,-1,-1,-1
2015051501728,1,2,0,18,0,1,0,0,0,0,1,1,2,2,48,8,49,1,2,-1,1,-1
2015051501728,2,9,0,5,0,6,0,0,0,0,1,1,6,2,34,6,1242,1,3,-1,1,-1
2015051501729,1,9,0,9,0,8,0,0,0,0,1,1,6,2,17,4,1149,1,6,-1,1,-1
2015051501729,2,9,0,2,0,1,0,0,0,0,1,1,6,3,-1,-1,1598,2,1,-1,-1,-1
2015051501729,3,9,0,2,0,1,0,0,0,0,1,1,6,3,-1,-1,-1,-1,-1,-1,-1,-1
2015051501730,1,9,0,7,0,4,0,0,0,0,1,1,1,2,23,5,1198,1,5,-1,1,-1
2015051501730,2,1,0,16,0,8,0,0,0,0,2,1,2,1,25,5,-1,-1,-1,-1,1,-1
2015051501731,1,9,0,18,0,1,0,0,0,0,1,1,6,3,-1,-1,-1,-1,-1,-1,-1,-1
2015051501731,2,9,0,10,0,1,0,0,0,0,2,1,1,1,26,6,1968,2,2,-1,1,-1
2015051501732,1,9,0,18,0,0,0,0,0,0,1,1,6,3,-1,-1,-1,-1,-1,-1,-1,-1
2015051501733,1,9,0,18,0,0,0,0,0,0,3,1,6,1,24,5,2198,1,10,-1,1,-1
2015051501734,1,9,0,18,0,1,1,0,0,0,1,1,6,1,39,7,1753,2,7,-1,1,-1
2015051501734,2,9,0,9,0,8,0,0,0,0,2,1,6,1,60,9,1388,1,11,-1,1,-1
2015051501734,3,9,0,18,0,1,0,0,0,0,1,1,6,1,44,7,1560,2,-1,-1,1,-1
2015051501735,1,9,0,9,0,5,1,0,0,0,1,1,6,2,17,4,1299,1,13,-1,1,-1
2015051501735,2,9,0,18,0,1,0,0,0,0,1,1,2,2,38,7,1497,8,1,-1,1,-1
2015051501736,1,9,0,6,0,8,0,0,0,0,3,1,6,2,30,6,999,1,1,-1,1,-1
2015051501736,2,4,0,18,0,8,1,0,0,0,1,1,2,1,30,6,398,1,13,-1,1,-1
2015051501737,1,9,0,18,0,8,0,0,0,0,1,1,6,1,60,9,2400,2,7,-1,1,-1
2015051501737,2,9,0,18,0,8,0,0,0,0,4,1,6,1,43,7,1995,2,-1,-1,1,-1
2015051501738,1,9,0,9,0,5,0,0,0,0,4,1,1,1,28,6,1753,2,8,-1,1,-1
2015051501738,2,1,0,18,0,1,0,0,0,0,4,1,2,1,52,8,-1,-1,-1,-1,1,-1
2015051501739,1,9,0,18,0,2,0,0,0,0,4,1,6,3,-1,-1,-1,-1,-1,-1,-1,-1
2015051501740,1,9,0,18,0,1,0,0,0,0,3,1,6,2,68,10,1598,1,2,-1,1,-1
2015051501741,1,9,0,18,0,0,0,0,0,0,1,1,2,2,28,6,1399,2,3,-1,1,-1
2015051501741,2,9,0,2,0,0,0,0,0,0,1,1,6,3,-1,-1,2179,2,2,-1,-1,-1
2015051501742,1,19,0,18,0,0,0,4,0,0,1,1,1,1,32,6,1598,2,1,-1,1,-1
2015051501742,2,19,0,2,0,0,0,4,0,0,1,1,1,1,45,7,2198,2,7,-1,1,-1
2015051501742,3,9,0,2,0,0,0,0,0,0,2,1,6,2,41,7,1560,2,7,-1,1,-1
2015051501743,1,9,0,5,0,6,0,0,0,0,3,1,6,1,41,7,1798,1,13,-1,1,-1
2015051501743,2,9,0,18,0,1,0,0,0,0,1,1,6,2,29,6,1995,1,9,-1,-1,-1
2015051501743,3,9,0,2,0,2,0,0,0,0,4,1,6,3,-1,-1,1998,1,12,-1,-1,-1
2015051501744,1,9,0,9,0,8,0,0,0,0,3,1,6,1,50,8,1329,1,1,-1,1,-1
2015051501744,2,9,0,18,0,8,0,0,0,0,1,1,2,1,32,6,999,1,1,-1,1,-1
2015051501745,1,9,0,6,0,1,0,0,0,0,1,1,6,2,77,11,899,1,16,-1,1,-1
2015051501745,2,21,1,18,0,1,0,0,0,0,1,1,1,1,50,8,12740,2,2,-1,1,-1
2015051501746,1,9,0,18,0,2,0,10,0,0,3,1,6,3,-1,-1,-1,-1,-1,-1,-1,-1
2015051501747,1,9,0,18,0,1,0,0,0,0,4,1,6,2,56,9,1995,2,2,-1,1,-1
2015051501747,2,9,0,18,0,1,0,0,0,0,1,1,6,2,51,8,1598,1,6,-1,1,-1
2015051501749,1,9,0,2,0,0,0,0,0,0,3,1,6,3,-1,-1,1998,2,9,-1,-1,-1
2015051501749,2,1,0,18,0,0,0,4,0,0,1,1,6,1,43,7,-1,-1,-1,-1,1,-1
2015051501751,1,9,0,18,0,8,0,0,0,0,4,1,6,3,-1,-1,-1,-1,-1,-1,-1,-1
2015051501751,2,1,0,18,0,8,0,0,0,0,1,1,6,1,24,5,-1,-1,-1,-1,1,-1
2015051501752,1,19,0,3,0,0,0,0,0,0,1,1,1,1,64,9,2402,2,7,-1,1,-1
2015051501752,2,19,0,3,0,0,0,0,0,0,2,1,1,1,59,9,1753,2,9,-1,1,-1
2015051501752,3,19,0,3,0,0,0,0,0,0,2,1,1,1,23,5,2198,2,-1,-1,1,-1
2015051501752,4,19,0,3,0,0,0,0,0,0,2,1,1,1,49,8,2402,2,7,-1,1,-1
2015051501753,1,9,0,18,0,0,0,0,0,0,1,1,6,2,54,8,1360,1,9,-1,1,-1
2015051501753,2,9,0,3,0,0,0,0,0,0,2,1,6,1,76,11,1198,1,2,-1,1,-1
2015051501754,1,9,0,7,0,2,0,0,0,0,4,1,2,1,47,8,1242,1,3,-1,1,-1
2015051501754,2,21,0,7,0,2,0,0,0,0,3,1,1,1,68,10,12740,2,1,-1,1,-1
2015051501755,1,9,0,11,0,3,0,0,0,0,4,1,6,2,32,6,1242,1,8,-1,1,-1
2015051501755,2,1,0,18,0,3,0,0,0,0,1,1,6,2,51,8,-1,-1,-1,-1,1,-1
2015051501756,1,9,0,9,0,8,0,0,1,11,1,1,6,1,20,4,1598,2,2,-1,1,-1
2015051501757,1,9,0,18,0,8,0,0,0,0,1,1,6,3,-1,-1,-1,-1,-1,-1,-1,-1
2015051501757,2,9,0,16,0,1,0,0,1,0,4,2,6,1,62,9,1596,1,15,-1,1,-1
2015051501758,1,9,0,18,0,4,0,0,0,0,1,1,6,1,43,7,1248,2,5,-1,1,-1
2015051501758,2,9,0,17,0,8,0,0,0,0,4,1,6,1,27,6,1461,2,1,-1,1,-1
2015051501759,1,9,0,18,0,1,0,0,0,0,1,1,6,2,51,8,1498,1,13,-1,-1,-1
2015051501759,2,1,0,5,0,1,0,0,0,0,4,1,6,1,19,4,-1,-1,-1,-1,1,-1
2015051501760,1,9,0,1,0,6,0,0,0,0,2,1,6,1,59,9,1560,2,2,-1,1,-1
2015051501761,1,5,0,18,0,0,1,0,0,0,1,1,2,1,29,6,998,1,13,-1,1,-1
2015051501761,2,19,0,3,0,0,0,0,0,0,4,1,2,1,25,5,2198,2,8,-1,1,-1
2015051501761,3,19,0,10,0,0,0,0,0,0,2,1,2,1,27,6,1998,2,11,-1,1,-1
2015051501762,1,5,0,16,0,0,0,10,0,0,1,1,6,1,23,5,806,1,2,-1,1,-1
2015051501763,1,9,0,15,0,0,0,0,0,0,4,1,6,2,18,4,1398,1,4,-1,1,-1
2015051501763,2,1,0,18,0,0,0,0,0,0,3,1,6,1,46,8,-1,-1,-1,-1,1,-1
2015051501764,1,19,0,3,0,1,0,0,0,0,2,1,6,1,49,8,2151,2,12,-1,1,-1
2015051501764,2,9,0,3,0,1,0,0,0,0,1,1,6,2,22,5,1399,2,5,-1,1,-1
2015051501765,1,9,0,9,0,0,0,0,0,0,1,1,6,2,41,7,996,1,6,-1,1,-1
2015051501765,2,1,0,18,0,0,0,0,0,0,1,1,2,1,32,6,-1,-1,-1,-1,1,-1
2015051501766,1,9,0,7,0,6,0,0,0,0,4,1,6,1,30,6,1798,1,6,-1,1,-1
2015051501766,2,1,0,18,0,8,0,0,0,0,1,1,6,1,21,5,-1,-1,-1,-1,1,-1
2015051501767,1,9,0,18,0,8,0,0,0,0,1,1,2,2,29,6,1388,1,11,-1,1,-1
2015051501767,2,8,0,18,0,8,0,0,0,0,1,1,1,1,64,9,2664,2,16,-1,1,-1
2015051501768,1,9,0,18,0,0,0,0,0,0,4,1,6,1,36,7,1995,1,4,-1,1,-1
2015051501769,1,9,0,18,0,0,0,0,0,0,1,1,6,1,58,9,-1,-1,-1,-1,1,-1
2015051501769,2,20,0,6,0,0,0,0,0,0,2,1,1,1,54,8,6174,2,9,-1,1,-1
2015051501770,1,9,0,18,0,0,1,0,8,11,4,1,6,1,22,5,1596,1,12,-1,1,-1
2015051501771,1,9,0,18,0,0,0,0,0,0,1,1,6,1,28,6,1329,1,5,-1,1,-1
2015051501771,2,9,0,3,0,0,0,0,0,0,2,1,6,2,31,6,1910,2,9,-1,1,-1
2015051501772,1,9,0,1,0,0,0,0,0,0,2,1,3,1,33,6,1986,2,7,-1,1,-1
2015051501772,2,1,0,18,0,0,0,0,0,0,1,1,4,1,6,2,-1,-1,-1,-1,1,-1
2015051501773,1,9,0,18,0,0,1,0,0,0,1,1,3,2,43,7,1599,1,11,-1,1,-1
2015051501774,1,9,0,18,0,0,0,4,0,0,1,1,6,1,27,6,1560,2,8,-1,1,-1
2015051501774,2,9,0,2,0,0,0,0,0,0,4,1,1,3,-1,-1,1995,2,1,-1,-1,-1
2015051501775,1,9,0,9,0,1,0,0,0,0,1,1,1,1,37,7,1582,2,2,-1,-1,-1
2015051501775,2,9,0,18,0,2,0,0,0,0,1,1,6,1,32,6,1360,1,7,-1,1,-1
2015051501776,1,9,0,18,0,1,0,0,0,0,1,1,6,2,26,6,1198,1,1,-1,1,-1
2015051501776,2,9,0,18,0,1,0,0,0,0,2,1,6,2,25,5,1686,2,10,-1,1,-1
2015051501777,1,9,0,5,0,1,0,11,0,0,1,1,6,2,50,8,1997,2,5,-1,1,-1
2015051501778,1,98,0,5,0,0,0,0,0,0,1,1,6,1,48,8,2143,2,1,-1,1,-1
2015051501779,1,9,0,18,0,0,0,0,0,0,1,1,6,1,28,6,2495,1,14,-1,1,-1
2015051501779,2,9,0,18,0,0,0,0,0,0,2,1,6,1,46,8,1798,1,11,-1,1,-1
2015051501780,1,9,0,1,0,6,1,0,0,0,2,1,6,3,-1,-1,-1,-1,-1,-1,-1,-1
2015051501781,1,9,0,9,0,1,0,0,0,0,4,1,6,1,32,6,-1,-1,-1,-1,1,-1
2015051501781,2,9,0,18,0,1,0,0,0,0,1,1,6,1,21,5,998,1,1,-1,1,-1
2015051501781,3,9,0,9,0,1,0,0,0,0,1,1,6,2,27,6,1398,2,13,-1,1,-1
2015051501782,1,11,0,18,0,0,0,0,0,0,1,1,1,1,47,8,6700,2,4,-1,1,-1
2015051501782,2,9,0,4,0,0,0,0,0,0,2,1,6,2,31,6,1360,1,14,-1,1,-1
2015051501782,3,9,0,10,0,0,0,0,0,0,0,1,6,1,35,6,2231,2,5,-1,1,-1
2015051501783,1,9,0,9,0,4,0,0,0,0,1,1,6,2,42,7,1900,2,10,-1,2,-1
2015051501783,2,9,0,18,0,4,1,0,1,2,4,1,6,1,32,6,-1,-1,-1,-1,-1,-1
2015051501784,1,9,0,9,0,8,0,0,0,0,1,1,6,1,52,8,1998,1,10,-1,1,-1
2015051501784,2,9,0,18,0,1,0,0,0,0,2,1,6,1,41,7,1956,2,4,-1,1,-1
2015051501785,1,19,0,18,0,8,0,0,0,0,1,1,6,1,52,8,2198,2,1,-1,1,-1
2015051501786,1,9,0,14,0,2,5,4,0,0,1,1,6,1,84,11,1198,1,2,-1,1,-1
2015051501786,2,9,0,2,0,2,0,0,0,0,1,1,6,3,-1,-1,1390,1,6,-1,-1,-1
2015051501787,1,4,0,18,0,0,1,0,0,0,1,1,6,3,-1,-1,125,1,9,-1,-1,-1
2015051501787,2,1,0,4,0,0,0,0,0,0,1,1,6,1,41,7,-1,-1,-1,-1,1,-1
2015051501789,1,9,0,5,0,2,0,0,0,0,1,1,6,1,32,6,2231,2,8,-1,1,-1
2015051501789,2,3,0,18,0,1,0,0,0,0,1,1,6,1,22,5,124,1,1,-1,1,-1
2015051501790,1,8,0,18,0,1,0,0,0,0,1,1,1,1,29,6,1686,2,7,-1,1,-1
2015051501790,2,9,0,10,0,1,0,0,0,0,2,1,6,1,57,9,1596,1,12,-1,1,-1
2015051501791,1,9,0,17,0,8,0,0,0,0,1,1,2,1,21,5,1461,2,-1,-1,1,-1
2015051501791,2,9,0,16,0,1,0,0,0,0,1,1,6,1,61,9,1910,2,8,-1,2,-1
2015051501792,1,9,0,15,0,0,0,0,0,0,1,1,6,1,34,6,1061,1,10,-1,1,-1
2015051501793,1,1,0,18,0,1,0,0,0,0,3,1,6,2,53,8,-1,-1,-1,-1,1,-1
2015051501793,2,9,0,1,0,1,0,0,0,0,2,1,6,1,55,8,1149,1,11,-1,1,-1
2015051501794,1,9,0,7,0,2,2,0,4,6,3,1,6,1,29,6,2495,2,9,-1,1,-1
2015051501794,2,9,0,18,0,1,0,0,0,0,0,1,1,1,34,6,1582,2,1,-1,-1,-1
2015051501795,1,9,0,18,0,1,0,0,0,0,1,1,6,2,41,7,998,1,1,-1,1,-1
2015051501795,2,9,0,9,0,1,0,0,0,0,3,1,6,1,45,7,2497,1,7,-1,1,-1
2015051501796,1,9,0,9,0,6,0,0,0,0,1,1,6,2,36,7,1796,1,9,-1,1,-1
2015051501796,2,9,0,18,0,8,2,0,0,0,4,1,6,2,23,5,1386,1,8,-1,1,-1
2015051501797,1,9,0,18,0,8,0,0,0,0,4,1,6,2,59,9,1589,1,18,-1,1,-1
2015051501797,2,9,0,18,0,1,0,0,0,0,1,1,6,1,27,6,1388,1,9,-1,1,-1
2015051501798,1,9,0,1,0,8,0,0,0,0,2,1,6,1,26,6,2143,2,3,-1,1,-1
2015051501799,1,1,0,4,0,1,0,0,0,0,2,1,2,1,37,7,-1,-1,-1,-1,1,-1
2015051501799,2,19,0,7,0,1,0,0,0,0,1,1,2,1,35,6,2198,2,2,-1,1,-1
2015051501800,1,11,0,18,0,2,0,0,0,0,3,1,1,1,55,8,3900,2,9,-1,1,-1
2015051501800,2,9,0,5,0,2,0,0,0,0,1,1,6,1,55,8,1968,2,2,-1,1,-1
2015051501801,1,9,0,16,0,0,5,0,8,4,1,1,6,1,48,8,1686,2,4,-1,1,-1
2015051501802,1,9,0,18,0,0,0,0,0,0,1,1,2,1,25,5,1390,1,6,-1,1,-1
2015051501802,2,9,0,3,0,0,0,0,0,0,2,1,2,2,43,7,1686,2,3,-1,2,-1
2015051501803,1,9,0,9,0,2,0,0,0,0,1,1,2,1,34,6,1781,1,13,-1,1,-1
2015051501805,1,9,0,4,0,0,0,0,0,0,1,1,6,3,-1,-1,1995,2,1,-1,-1,-1
2015051501805,2,9,0,3,0,0,0,0,0,0,2,1,6,2,29,6,1596,1,12,-1,1,-1
2015051501806,1,9,0,5,0,2,0,0,0,0,3,1,2,2,38,7,-1,-1,-1,-1,1,-1
2015051501806,2,1,0,5,0,2,0,0,0,0,3,1,2,1,37,7,-1,-1,-1,-1,1,-1
2015051501807,1,9,0,9,0,1,0,0,0,0,2,1,6,1,60,9,1598,1,1,-1,1,-1
2015051501807,2,9,0,18,0,1,0,0,0,0,1,1,6,2,26,6,1995,2,12,-1,1,-1
2015051501808,1,9,0,3,0,0,1,0,0,0,1,1,6,2,40,7,1388,1,1,-1,1,-1
2015051501808,2,9,0,2,0,0,0,0,0,0,3,1,1,2,46,8,1560,2,5,-1,1,-1
2015051501809,1,9,0,4,0,1,0,0,0,0,1,1,6,2,40,7,1364,1,9,-1,1,-1
2015051501809,2,9,0,3,0,1,0,0,0,0,2,1,6,1,42,7,2261,1,7,-1,1,-1
2015051501809,3,9,0,3,0,1,0,0,0,0,2,1,2,1,37,7,1968,2,2,-1,1,-1
2015051501809,4,9,0,18,0,1,0,0,0,0,1,1,6,1,28,6,998,1,1,-1,1,-1
2015051501810,1,10,0,4,0,0,0,0,0,0,0,1,1,1,43,7,6000,1,9,-1,1,-1
2015051501811,1,9,0,18,0,1,0,0,0,0,1,1,6,1,68,10,1896,2,14,-1,1,-1
2015051501811,2,9,0,3,0,2,0,0,0,0,2,1,6,2,53,8,1242,1,13,-1,1,-1
2015051501812,1,5,0,18,0,0,0,0,0,0,1,1,6,3,-1,-1,689,1,-1,-1,-1,-1
2015051501812,2,9,0,18,0,0,0,0,0,0,1,1,6,1,34,6,1753,2,9,-1,1,-1
2015051501813,1,9,0,7,0,1,0,0,0,0,4,1,6,1,24,5,1968,2,4,-1,1,-1
2015051501813,2,1,0,18,0,1,0,0,0,0,1,1,2,2,41,7,-1,-1,-1,-1,1,-1
2015051501814,1,9,0,9,0,8,0,0,0,0,1,1,6,1,27,6,998,1,15,-1,1,-1
2015051501814,2,9,0,9,0,8,0,0,0,0,2,1,6,2,61,9,1598,1,7,-1,1,-1
2015051501815,1,9,0,18,0,0,0,0,0,0,1,1,6,3,-1,-1,-1,-1,-1,-1,-1,-1
2015051501816,1,19,0,18,0,0,0,0,0,0,1,1,6,1,34,6,2402,2,9,-1,1,-1
2015051501817,1,9,0,4,0,1,0,0,0,0,4,1,2,1,49,8,1956,2,4,-1,2,-1
2015051501818,1,9,0,18,0,0,0,0,0,0,1,1,6,2,41,7,1596,1,11,-1,1,-1
2015051501818,2,9,0,18,0,0,0,0,0,0,2,1,6,1,39,7,1910,2,9,-1,1,-1
2015051501819,1,19,0,18,0,4,0,0,0,0,1,1,1,1,41,7,1560,2,2,-1,1,-1
2015051501819,2,9,0,3,0,4,0,0,0,0,2,1,1,2,43,7,1596,1,7,-1,1,-1
2015051501820,1,9,0,5,0,6,0,0,0,0,1,1,6,1,56,9,1560,2,7,-1,1,-1
2015051501820,2,9,0,3,0,1,0,0,0,0,1,1,6,1,27,6,1560,2,1,-1,1,-1
2015051501820,3,9,0,18,0,1,0,0,0,0,1,1,6,2,33,6,1339,1,9,-1,1,-1
2015051501821,1,9,0,4,0,0,0,0,0,0,3,1,6,2,47,8,1461,2,2,-1,3,-1
2015051501822,1,9,0,18,0,0,0,0,0,0,1,1,6,3,-1,-1,1986,2,9,-1,-1,-1
2015051501822,2,9,0,3,0,0,0,0,0,0,2,1,6,1,49,8,1598,2,-1,-1,1,-1
2015051501823,1,9,0,18,0,0,1,0,0,0,1,1,6,1,31,6,2457,1,6,-1,1,-1
2015051501823,2,9,0,18,0,0,0,0,0,0,1,1,6,1,36,7,1461,2,-1,-1,1,-1
2015051501823,3,9,0,2,0,0,0,0,0,0,2,1,6,3,-1,-1,1461,2,1,-1,-1,-1
2015051501824,1,9,0,18,0,1,0,0,0,0,1,1,1,2,43,7,1596,1,7,-1,1,-1
2015051501824,2,9,0,3,0,1,0,0,0,0,2,1,6,1,64,9,998,1,1,-1,1,-1
2015051501825,1,9,0,18,0,1,2,0,0,0,1,1,6,2,64,9,1995,2,2,-1,3,-1
2015051501825,2,9,0,18,0,2,1,0,0,0,1,1,2,1,36,7,1968,2,9,-1,1,-1
2015051501825,3,9,0,18,0,8,0,0,0,0,0,1,2,1,60,9,1242,1,12,-1,1,-1
2015051501826,1,9,0,18,0,1,1,0,0,0,1,1,6,1,19,4,1328,1,9,-1,1,-1
2015051501826,2,9,0,4,0,1,0,0,0,0,2,1,2,1,42,7,1870,2,13,-1,1,-1
2015051501827,1,9,0,5,0,4,0,0,0,0,3,1,6,2,69,10,1339,1,6,-1,1,-1
2015051501827,2,1,0,18,0,8,0,0,0,0,1,1,6,1,75,10,-1,-1,-1,-1,1,-1
2015051501830,1,9,0,18,0,0,0,0,0,0,1,1,2,1,62,9,1975,1,16,-1,1,-1
2015051501830,2,9,0,18,0,0,0,0,0,0,2,1,2,1,47,8,1598,2,2,-1,1,-1
2015051501831,1,9,0,16,0,3,0,0,0,0,1,1,6,1,37,7,2143,2,-1,-1,1,-1
2015051501832,1,9,0,18,0,1,0,0,0,0,1,2,6,3,-1,-1,-1,-1,-1,-1,-1,-1
2015051501832,2,9,0,10,0,1,0,0,0,0,2,1,6,1,69,10,1910,2,5,-1,1,-1
2015051501833,1,9,0,6,0,1,0,0,0,0,3,1,6,1,22,5,1598,1,5,-1,1,-1
2015051501833,2,9,0,13,0,1,0,0,0,0,1,1,6,1,44,7,1896,2,16,-1,1,-1
2015051501834,1,9,0,5,0,1,0,0,0,0,1,1,6,2,62,9,1149,1,2,-1,1,-1
2015051501834,2,9,0,5,0,1,0,0,0,0,2,1,6,2,31,6,1242,1,12,-1,1,-1
2015051501835,1,19,0,18,0,8,0,0,0,0,1,1,1,1,36,7,1560,2,2,-1,-1,-1
2015051501836,1,9,0,18,0,0,1,0,0,0,1,1,6,3,-1,-1,1910,2,11,-1,-1,-1
2015051501836,2,9,0,3,0,0,0,0,0,0,2,1,6,1,28,6,1388,1,9,-1,1,-1
2015051501836,3,9,0,18,0,0,1,0,0,0,1,1,6,1,35,6,1560,2,-1,-1,1,-1
2015051501837,1,9,0,17,0,0,1,0,1,11,1,1,2,2,52,8,1600,1,15,-1,1,-1
2015051501838,1,9,0,7,0,8,0,0,0,0,4,1,6,1,47,8,993,1,30,-1,1,-1
2015051501838,2,1,0,18,0,8,0,0,0,0,1,1,6,1,10,2,-1,-1,-1,-1,1,-1
2015051501839,1,9,0,10,0,1,0,0,0,0,3,1,6,1,24,5,1595,1,4,-1,1,-1
2015051501839,2,3,0,18,0,1,1,0,0,0,1,1,6,1,20,4,125,1,1,-1,1,-1
2015051501840,1,11,0,18,0,8,0,0,0,0,4,1,6,1,37,7,2402,2,4,-1,1,-1
2015051501840,2,9,0,9,0,6,0,0,0,0,1,1,6,1,21,5,1596,1,7,-1,-1,-1
2015051501841,1,19,0,4,0,4,0,9,7,11,1,1,1,1,23,5,2143,2,2,-1,1,-1
2015051501842,1,9,0,9,0,8,0,0,0,0,1,1,6,2,25,5,1956,2,5,-1,1,-1
2015051501842,2,9,0,18,0,8,0,0,0,0,2,1,6,1,36,7,1242,1,1,-1,1,-1
2015051501842,3,9,0,18,0,8,0,0,0,0,1,1,6,1,43,7,2143,12,2,-1,1,-1
2015051501843,1,9,0,4,0,1,1,0,0,0,1,1,6,2,20,4,1242,1,6,-1,1,-1
2015051501843,2,9,0,3,0,1,0,0,0,0,2,1,6,2,68,10,1587,1,8,-1,1,-1
2015051501843,3,9,0,3,0,1,0,0,0,0,2,1,6,1,47,8,1364,1,9,-1,1,-1
2015051501844,1,9,0,17,0,0,0,0,0,0,1,1,6,1,46,8,1560,2,6,-1,1,-1
2015051501844,2,9,0,2,0,0,0,0,0,0,1,1,6,1,23,5,1995,2,5,-1,1,-1
2015051501845,1,9,0,18,0,1,0,0,0,0,1,1,6,3,-1,-1,1796,1,16,-1,-1,-1
2015051501845,2,9,0,3,0,1,0,0,0,0,2,1,6,1,41,7,1753,2,13,-1,1,-1
2015051501846,1,9,0,3,0,1,0,0,0,0,1,1,2,1,46,8,1598,1,6,-1,1,-1
2015051501846,2,9,0,3,0,1,0,0,0,0,2,1,2,2,28,6,1242,1,3,-1,1,-1
2015051501846,3,9,0,3,0,1,0,0,0,0,2,1,2,2,28,6,1368,1,5,-1,1,-1
2015051501846,4,9,0,3,0,1,0,0,0,0,2,1,2,1,42,7,998,1,6,-1,1,-1
2015051501847,1,3,0,18,0,8,0,0,0,0,1,1,6,1,21,5,124,1,13,-1,1,-1
2015051501847,2,9,0,18,0,8,0,0,0,0,2,1,6,2,56,9,1560,2,-1,-1,1,-1
2015051501848,1,9,0,18,0,1,0,0,0,0,4,1,6,3,-1,-1,-1,-1,-1,-1,-1,-1
2015051501848,2,1,0,18,0,1,0,0,0,0,3,1,6,1,14,3,-1,-1,-1,-1,1,-1
2015051501849,1,9,0,14,0,2,0,0,0,0,1,1,6,3,-1,-1,2521,1,7,-1,-1,-1
2015051501849,2,9,0,6,0,1,0,0,0,0,1,1,6,2,50,8,1390,1,11,-1,1,-1
2015051501850,1,19,0,9,0,1,0,0,0,0,0,1,6,3,-1,-1,-1,-1,-1,-1,-1,-1
2015051501850,2,9,0,18,0,1,1,0,1,4,3,1,6,1,18,4,1242,1,8,-1,1,-1
2015051501851,1,9,0,16,0,0,2,10,1,10,1,1,6,2,23,5,1299,1,9,-1,1,-1
2015051501852,1,9,0,16,0,0,2,0,7,0,3,1,6,2,22,5,1199,1,11,-1,1,-1
2015051501853,1,19,0,7,0,1,0,0,1,0,4,1,1,1,33,6,2402,2,4,-1,1,-1
2015051501853,2,1,0,18,0,1,0,0,0,0,1,1,6,1,19,4,-1,-1,-1,-1,1,-1
2015051501854,1,9,0,4,0,1,0,0,0,0,1,1,6,1,23,5,1798,1,10,-1,1,-1
2015051501854,2,9,0,9,0,1,0,0,0,0,2,1,6,2,30,6,998,1,1,-1,1,-1
2015051501855,1,9,0,5,0,8,5,0,0,0,4,1,1,2,27,6,998,1,-1,-1,1,-1
2015051501855,2,19,0,18,0,1,0,0,0,0,1,1,1,1,41,7,2198,2,2,-1,1,-1
2015051501856,1,9,0,18,0,1,0,0,0,0,1,1,6,2,20,4,1242,1,8,-1,1,-1
2015051501856,2,9,0,10,0,1,0,0,0,0,2,1,6,1,35,6,999,1,15,-1,1,-1
2015051501857,1,9,0,12,0,0,0,0,0,0,3,1,1,1,36,7,1753,2,8,-1,1,-1
2015051501857,2,9,0,18,0,0,0,0,0,0,4,1,6,1,21,5,1956,2,2,-1,1,-1
2015051501858,1,9,0,18,0,0,0,0,0,0,1,1,6,1,26,6,1242,1,-1,-1,1,-1
2015051501858,2,9,0,18,0,0,0,0,0,0,2,1,6,2,48,8,996,1,2,-1,1,-1
2015051501859,1,8,0,9,0,0,0,0,0,0,4,1,1,1,25,5,1896,2,8,-1,1,-1
2015051501859,2,1,0,18,0,0,0,0,0,0,1,1,6,1,24,5,-1,-1,-1,-1,1,-1
2015051501860,1,9,0,2,0,0,0,0,0,0,0,1,6,2,43,7,1386,1,7,-1,1,-1
2015051501860,2,1,0,18,0,0,0,0,1,11,0,1,2,1,43,7,-1,-1,-1,-1,1,-1
2015051501861,1,8,0,18,0,0,0,0,0,0,3,1,1,1,60,9,2664,2,16,-1,1,-1