Accident_Index,Vehicle_Reference,Vehicle_Type,Towing_and_Articulation,Vehicle_Manoeuvre,Vehicle_Location-Restricted_Lane,Junction_Location,Skidding_and_Overturning,Hit_Object_in_Carriageway,Vehicle_Leaving_Carriageway,Hit_Object_off_Carriageway,1st_Point_of_Impact,Was_Vehicle_Left_Hand_Drive?,Journey_Purpose_of_Driver,Sex_of_Driver,Age_of_Driver,Age_Band_of_Driver,Engine_Capacity_(CC),Propulsion_Code,Age_of_Vehicle,Driver_IMD_Decile,Driver_Home_Area_Type,Vehicle_IMD_Decile
2015051501862,1,9,0,18,0,0,0,0,0,0,4,1,2,1,31,6,1796,2,2,-1,1,-1
2015051501862,2,1,0,18,0,0,0,0,0,0,1,1,2,1,66,10,-1,-1,-1,-1,1,-1
2015051501864,1,9,0,18,0,6,1,0,1,1,1,1,6,3,-1,-1,2400,2,4,-1,-1,-1
2015051501864,2,9,0,18,0,8,1,0,1,2,3,1,6,1,22,5,1997,2,-1,-1,1,-1
2015051501865,1,11,0,4,0,0,0,0,0,0,0,1,1,1,49,8,8650,2,14,-1,1,-1
2015051501866,1,8,0,9,0,1,0,0,0,0,1,1,2,1,64,9,1997,2,7,-1,1,-1
2015051501866,2,4,0,18,0,1,0,0,0,0,1,1,2,1,43,7,471,1,2,-1,1,-1
2015051501867,1,9,0,18,0,1,0,0,0,0,1,1,2,1,30,6,1299,1,12,-1,1,-1
2015051501867,2,9,0,3,0,1,0,0,0,0,2,1,2,2,50,8,1242,1,10,-1,1,-1
2015051501868,1,9,0,1,0,0,0,0,0,0,2,1,6,3,-1,-1,-1,-1,-1,-1,-1,-1
2015051501868,2,9,0,2,0,0,0,0,0,0,2,1,6,3,-1,-1,1995,2,1,-1,-1,-1
2015051501869,1,9,0,1,0,2,0,0,0,0,2,1,6,1,34,6,1422,2,14,-1,1,-1
2015051501870,1,9,0,18,0,0,0,0,0,0,1,1,3,2,43,7,3456,8,5,-1,1,-1
2015051501870,2,1,0,18,0,0,1,0,0,0,0,1,3,1,12,3,-1,-1,-1,-1,1,-1
2015051501871,1,9,0,18,0,0,0,0,0,0,1,1,6,3,-1,-1,1968,2,6,-1,-1,-1
2015051501871,2,9,0,3,0,0,0,0,0,0,2,1,6,1,28,6,1598,1,13,-1,1,-1
2015051501872,1,9,0,18,0,0,0,0,0,0,1,1,6,1,45,7,1995,2,-1,-1,1,-1
2015051501872,2,9,0,18,0,0,0,0,0,0,1,1,6,2,33,6,1598,1,9,-1,1,-1
2015051501872,3,9,0,18,0,0,0,0,0,0,0,1,6,1,31,6,1796,1,7,-1,1,-1
2015051501874,1,9,0,9,0,6,0,0,0,0,4,1,1,1,54,8,1910,2,6,-1,1,-1
2015051501874,2,3,0,18,0,1,0,0,0,0,1,1,1,1,17,4,125,1,-1,-1,1,-1
2015051501875,1,9,0,18,0,8,0,0,0,0,1,1,6,1,19,4,1149,1,4,-1,1,-1
2015051501875,2,9,0,5,0,8,0,0,0,0,3,1,6,2,33,6,1598,1,6,-1,1,-1
2015051501876,1,9,0,5,0,6,0,0,0,0,1,1,2,1,49,8,1242,1,7,-1,1,-1
2015051501876,2,9,0,18,0,1,0,0,7,11,1,1,2,1,59,9,-1,-1,-1,-1,1,-1
2015051501877,1,1,0,18,0,1,0,0,0,0,1,1,2,1,17,4,-1,-1,-1,-1,1,-1
2015051501877,2,9,0,18,0,4,0,0,0,0,4,1,6,2,55,8,1388,1,3,-1,1,-1
2015051501878,1,21,1,12,0,8,0,0,0,0,3,2,1,1,27,6,-1,-1,-1,-1,-1,-1
2015051501878,2,9,0,18,0,8,1,0,1,7,4,1,2,1,56,9,1299,1,15,-1,1,-1
2015051501880,1,9,0,9,0,6,0,0,0,0,1,1,6,2,76,11,995,1,9,-1,1,-1
2015051501880,2,9,4,18,0,1,3,0,0,0,4,1,6,1,43,7,-1,-1,-1,-1,3,-1
2015051501881,1,9,0,18,0,0,0,0,0,0,4,1,2,2,22,5,1229,1,2,-1,1,-1
2015051501882,1,9,0,7,0,1,2,0,1,2,1,1,6,1,51,8,1598,1,10,-1,2,-1
2015051501883,1,9,0,18,0,1,1,0,0,0,1,1,6,3,-1,-1,1388,1,6,-1,-1,-1
2015051501884,1,3,0,12,0,1,0,0,0,0,3,1,6,2,28,6,124,1,15,-1,1,-1
2015051501885,1,19,0,9,0,1,0,0,0,0,1,1,1,1,30,6,2461,2,5,-1,1,-1
2015051501885,2,9,0,13,0,1,0,0,1,10,4,1,2,2,22,5,-1,-1,-1,-1,1,-1
2015051501885,3,9,0,2,0,1,0,0,0,0,2,1,2,3,-1,-1,1598,1,4,-1,-1,-1
2015051501886,1,8,0,18,0,8,0,0,0,0,1,1,1,1,53,8,2664,2,16,-1,1,-1
2015051501886,2,8,0,18,0,8,0,0,1,2,4,1,1,1,63,9,2402,2,13,-1,1,-1
2015051501887,1,9,0,9,0,5,0,0,0,0,1,1,1,1,30,6,1998,2,5,-1,1,-1
2015051501887,2,3,0,18,0,8,0,0,0,0,1,1,6,1,22,5,-1,-1,-1,-1,1,-1
2015051501888,1,9,0,17,0,0,1,0,1,2,1,1,2,1,49,8,1781,1,16,-1,1,-1
2015051501888,2,9,0,18,0,0,0,0,0,0,0,1,6,3,-1,-1,-1,-1,-1,-1,-1,-1
2015051501889,1,9,0,2,0,0,0,0,0,0,3,1,6,1,77,11,1200,1,-1,-1,1,-1
2015051501889,2,1,0,18,0,0,0,0,0,0,1,1,6,1,34,6,-1,-1,-1,-1,1,-1
2015051501890,1,4,0,18,0,0,0,0,0,0,1,1,6,3,-1,-1,-1,-1,-1,-1,-1,-1
2015051501890,2,1,0,18,0,0,0,0,0,0,1,1,2,1,55,8,-1,-1,-1,-1,1,-1
2015051501891,1,1,0,4,0,1,0,0,0,0,0,1,6,1,26,6,-1,-1,-1,-1,1,-1
2015051501891,2,9,0,4,0,1,0,0,0,0,2,1,6,3,-1,-1,-1,-1,-1,-1,-1,-1
2015051501892,1,9,0,9,0,8,0,0,0,0,3,1,6,1,76,11,1339,1,7,-1,1,-1
2015051501892,2,8,0,18,0,8,0,0,0,0,1,1,1,1,40,7,1797,8,2,-1,1,-1
2015051501892,3,9,0,2,0,1,0,0,0,0,3,1,6,3,-1,-1,1995,1,12,-1,-1,-1
2015051501893,1,9,0,7,0,5,0,0,0,0,1,1,6,1,25,5,1796,1,11,-1,1,-1
2015051501893,2,9,0,4,0,1,0,0,0,0,1,1,6,2,53,8,1598,1,13,-1,1,-1
2015051501894,1,5,0,18,0,0,0,12,0,0,1,1,6,1,55,8,1638,1,61,-1,2,-1
2015051501895,2,9,0,18,0,0,0,0,0,0,4,1,2,1,54,8,2499,2,12,-1,1,-1
2015051501896,1,9,0,4,0,0,0,0,0,0,4,1,1,1,56,9,1910,2,8,-1,1,-1
2015051501897,1,9,0,9,0,5,0,0,0,0,1,1,2,1,32,6,1956,2,5,-1,1,-1
2015051501897,2,3,0,18,0,8,0,0,0,0,1,1,6,1,73,10,125,1,2,-1,1,-1
2015051501898,1,9,0,18,0,0,0,0,0,0,3,1,2,1,50,8,1242,1,13,-1,1,-1
2015051501898,2,20,0,11,0,0,0,0,0,0,4,1,1,1,49,8,6693,2,1,-1,1,-1
2015051501899,1,9,0,7,0,1,0,0,0,0,4,1,2,2,54,8,1968,2,1,-1,1,-1
2015051501899,2,1,0,18,0,2,0,0,0,0,3,1,1,2,27,6,-1,-1,-1,-1,1,-1
2015051501900,1,9,4,18,0,0,4,0,5,7,4,1,1,1,43,7,2495,2,8,-1,1,-1
2015051501901,1,19,0,18,0,7,0,0,0,0,3,1,6,1,43,7,2198,2,1,-1,1,-1
2015051501901,2,9,0,18,0,2,0,0,0,0,4,1,6,1,43,7,1598,2,4,-1,1,-1
2015051501902,1,19,0,9,0,6,0,0,0,0,3,1,1,1,30,6,2402,2,11,-1,1,-1
2015051501902,2,9,0,18,0,1,0,0,0,0,1,1,6,2,45,7,1299,1,13,-1,1,-1
2015051501904,1,9,0,18,0,0,1,0,0,0,1,1,6,2,25,5,1998,2,8,-1,1,-1
2015051501904,2,9,0,18,0,0,0,0,0,0,2,1,6,2,77,11,1686,2,4,-1,1,-1
2015051501905,1,9,0,7,0,2,0,0,0,0,2,1,2,2,46,8,2143,2,6,-1,2,-1
2015051501905,2,3,0,18,0,1,1,0,0,0,1,1,6,2,17,4,124,1,1,-1,2,-1
2015051501905,3,9,0,9,0,2,0,0,0,0,0,1,2,1,40,7,1956,2,4,-1,1,-1
2015051501906,1,9,0,18,0,7,0,0,0,0,1,1,6,2,38,7,1598,1,11,-1,1,-1
2015051501906,2,9,0,18,0,1,1,0,1,4,2,1,6,2,32,6,1242,1,9,-1,1,-1
2015051501907,1,1,0,18,0,0,0,0,0,0,1,1,2,1,42,7,-1,-1,-1,-1,1,-1
2015051501907,2,11,0,2,0,0,1,0,0,0,2,1,1,3,-1,-1,-1,-1,-1,-1,-1,-1
2015051501908,1,9,0,11,0,1,0,0,0,0,1,1,6,1,-1,-1,1587,1,16,-1,1,-1
2015051501908,2,1,0,18,0,1,0,0,0,0,2,1,6,1,43,7,-1,-1,-1,-1,1,-1
2015051501909,1,9,0,6,0,0,1,0,7,2,1,1,6,2,87,11,1248,1,5,-1,1,-1
2015051501910,1,9,0,18,0,8,0,0,0,0,1,1,2,1,19,4,998,1,1,-1,1,-1
2015051501910,2,19,0,18,0,8,0,0,0,0,1,1,6,1,55,8,1998,2,11,-1,1,-1
2015051501911,1,9,0,11,0,0,0,0,0,0,0,1,6,1,46,8,-1,-1,-1,-1,1,-1
2015051501911,2,11,0,18,0,0,0,0,0,0,0,1,1,3,-1,-1,-1,-1,-1,-1,-1,-1
2015051501912,1,19,0,5,0,1,0,0,0,0,1,1,1,1,21,5,2143,2,2,-1,1,-1
2015051501912,2,9,0,18,0,1,0,0,0,0,2,1,6,1,44,7,1956,2,1,-1,1,-1
2015051501912,3,19,0,10,0,1,0,0,0,0,2,1,1,1,41,7,1560,2,-1,-1,1,-1
2015051501912,4,9,0,10,0,8,0,0,0,0,4,1,6,2,35,6,1596,1,13,-1,1,-1
2015051501913,1,9,0,18,0,1,0,0,0,0,4,1,6,1,59,9,1461,2,2,-1,1,-1
2015051501913,2,9,0,9,0,6,0,0,0,0,1,1,6,1,35,6,1598,2,5,-1,1,-1
2015051501914,1,9,0,14,0,2,0,4,0,0,1,1,6,2,30,6,1598,1,10,-1,1,-1
2015051501914,2,9,0,14,0,2,0,0,0,0,4,1,2,2,55,8,1560,2,2,-1,1,-1
2015051501914,3,11,0,2,0,2,0,0,0,0,2,1,1,1,48,8,3900,2,9,-1,1,-1
2015051501915,1,9,0,17,0,0,1,0,1,4,1,1,6,1,25,5,1910,2,10,-1,1,-1
2015051501915,2,9,0,2,0,0,0,0,0,0,4,1,6,3,-1,-1,1956,2,-1,-1,-1,-1
2015051501915,3,9,0,2,0,0,0,0,0,0,2,1,6,3,-1,-1,1910,2,7,-1,-1,-1
2015051501917,1,9,0,18,0,8,0,0,0,0,3,1,2,1,54,8,1685,2,2,-1,1,-1
2015051501917,2,9,0,18,0,8,0,0,0,0,1,1,6,1,65,9,2987,2,9,-1,1,-1
2015051501918,1,9,0,6,0,0,0,0,1,1,1,1,1,1,54,8,1598,1,13,-1,2,-1
2015051501920,1,9,0,14,0,0,1,0,0,0,1,1,6,1,64,9,996,1,6,-1,1,-1
2015051501921,1,9,0,18,0,1,0,0,0,0,1,1,6,3,-1,-1,1598,1,10,-1,-1,-1
2015051501921,2,9,0,4,0,1,0,0,0,0,2,1,6,2,25,5,1229,1,6,-1,1,-1
2015051501922,2,9,0,18,0,0,0,0,1,10,1,1,6,1,18,4,973,1,13,-1,1,-1
2015051501923,1,19,0,18,0,8,0,0,1,11,1,1,6,1,29,6,-1,-1,-1,-1,1,-1
2015051501923,2,9,0,18,0,8,0,0,0,0,3,1,6,1,33,6,1973,1,14,-1,1,-1
2015051501923,3,9,0,2,0,2,0,0,0,0,1,1,6,3,-1,-1,1389,1,18,-1,-1,-1
2015051501923,4,9,0,2,0,2,0,0,0,0,1,1,6,3,-1,-1,1560,2,8,-1,-1,-1
2015051501924,1,9,0,5,0,1,0,0,0,0,1,1,6,2,44,7,1596,1,10,-1,1,-1
2015051501924,2,9,0,9,0,8,0,0,0,0,3,1,6,2,22,5,1896,2,9,-1,1,-1
2015051501925,1,9,0,1,0,1,0,0,0,0,2,1,6,1,31,6,1796,1,13,-1,1,-1
2015051501925,2,9,0,7,0,1,0,0,0,0,2,1,6,2,43,7,1299,1,9,-1,1,-1
2015051501926,1,9,0,5,0,0,0,0,0,0,1,1,6,2,41,7,2993,2,-1,-1,3,-1
2015051501926,2,9,0,4,0,0,0,0,0,0,2,1,6,2,32,6,1242,1,13,-1,1,-1
2015051501927,1,9,0,4,0,0,0,0,0,0,1,1,6,1,24,5,1399,2,7,-1,1,-1
2015051501927,2,9,0,3,0,0,0,0,0,0,2,1,6,1,39,7,1596,1,8,-1,1,-1
2015051501927,3,9,0,4,0,0,0,0,0,0,2,1,6,1,79,11,1198,1,9,-1,1,-1
2015051501927,4,9,0,4,0,0,0,0,0,0,2,1,2,2,23,5,1461,2,2,-1,1,-1
2015051501928,1,5,0,18,0,8,1,0,0,0,1,1,6,1,24,5,600,1,17,-1,3,-1
2015051501929,1,9,0,18,0,2,0,0,0,0,4,1,6,2,48,8,1997,2,12,-1,1,-1
2015051501930,1,1,0,18,0,8,0,0,0,0,1,1,6,2,17,4,-1,-1,-1,-1,-1,-1
2015051501930,2,10,0,18,0,1,0,0,0,0,4,1,1,1,44,7,2151,2,15,-1,1,-1
2015051501931,1,8,0,18,0,1,0,0,0,0,1,1,1,1,63,9,1598,2,3,-1,1,-1
2015051501931,2,9,0,3,0,1,0,0,0,0,2,1,6,1,57,9,1968,2,9,-1,1,-1
2015051501932,1,19,0,18,0,0,0,0,0,0,4,2,6,3,-1,-1,-1,-1,-1,-1,-1,-1
2015051501932,2,1,0,18,0,0,0,0,0,0,1,1,1,1,27,6,-1,-1,-1,-1,1,-1
2015051501933,1,9,0,18,0,1,0,0,0,0,1,1,6,2,43,7,2400,2,5,-1,1,-1
2015051501933,2,9,0,18,0,1,0,0,0,0,2,1,2,2,37,7,1560,2,3,-1,1,-1
2015051501934,1,19,0,1,0,8,0,0,0,0,3,1,1,1,57,9,2198,2,1,-1,1,-1
2015051501935,1,9,0,7,0,6,0,10,1,7,1,1,6,1,48,8,1461,2,12,-1,1,-1
2015051501936,1,9,0,12,0,0,0,0,0,0,2,1,2,2,41,7,1364,1,1,-1,1,-1
2015051501936,2,9,0,18,0,0,0,7,6,0,1,1,6,1,26,6,1994,1,12,-1,1,-1
2015051501937,1,4,0,18,0,0,0,0,1,0,1,1,6,3,-1,-1,-1,-1,-1,-1,-1,-1
2015051501938,1,8,0,9,0,1,0,0,0,0,1,1,6,1,55,8,1995,2,10,-1,1,-1
2015051501938,2,9,0,6,0,2,0,0,0,0,3,1,6,2,71,10,1332,1,16,-1,1,-1
2015051501939,1,9,0,5,0,1,0,0,0,0,1,1,1,1,55,8,1753,2,6,-1,-1,-1
2015051501939,2,9,0,3,0,1,0,0,0,0,2,1,6,1,30,6,999,1,8,-1,1,-1
2015051501940,1,9,0,18,0,2,5,0,7,11,1,1,6,1,48,8,2470,2,22,-1,3,-1
2015051501941,1,9,0,18,0,0,0,0,0,0,4,1,6,1,26,6,1596,1,13,-1,1,-1
2015051501942,1,9,0,5,0,6,0,0,0,0,1,1,6,1,23,5,1598,1,11,-1,1,-1
2015051501942,2,9,0,18,0,8,0,0,0,0,4,1,6,1,59,9,1590,1,10,-1,1,-1
2015051501943,1,1,0,18,0,8,0,0,0,0,3,1,6,1,18,4,-1,-1,-1,-1,1,-1
2015051501943,2,9,0,6,0,2,0,0,0,0,1,1,1,2,40,7,1910,2,11,-1,1,-1
2015051501944,1,11,0,18,0,1,0,0,0,0,1,1,1,1,55,8,6700,2,4,-1,1,-1
2015051501944,2,9,0,3,0,1,0,0,0,0,2,1,6,2,41,7,1229,1,8,-1,1,-1
2015051501945,1,9,0,9,0,8,0,0,0,0,4,1,6,2,21,5,1560,2,5,-1,1,-1
2015051501945,2,9,0,18,0,8,0,0,0,0,1,1,6,2,28,6,999,1,10,-1,1,-1
2015051501946,1,9,0,7,0,8,0,0,0,0,1,1,6,1,35,6,1598,1,2,-1,1,-1
2015051501947,1,9,0,18,0,0,0,0,0,0,3,1,6,1,25,5,1974,2,15,-1,1,-1
2015051501948,1,9,0,18,0,8,0,0,0,0,3,1,6,1,48,8,2171,1,14,-1,1,-1
2015051501949,1,2,0,18,0,4,0,0,0,0,1,1,6,2,45,7,49,1,2,-1,-1,-1
2015051501949,2,9,0,5,0,4,0,0,0,0,3,1,2,1,71,10,1796,1,1,-1,1,-1
2015051501950,1,1,0,18,0,0,0,0,0,0,1,1,6,1,10,2,-1,-1,-1,-1,1,-1
2015051501950,2,9,0,18,0,0,0,0,0,0,4,1,2,1,52,8,1986,2,10,-1,1,-1
2015051501951,1,21,1,18,0,0,1,0,0,0,1,2,1,1,44,7,12902,2,-1,-1,1,-1
2015051501952,1,9,0,18,0,0,1,0,0,0,1,1,6,2,78,11,1910,2,9,-1,3,-1
2015051501952,2,9,0,18,0,0,0,0,0,0,2,1,6,2,51,8,1598,1,13,-1,3,-1
2015051501953,1,9,0,3,0,0,0,0,0,0,1,1,2,1,63,9,2143,2,1,-1,1,-1
2015051501953,2,9,0,3,0,0,0,0,0,0,2,1,6,1,48,8,1560,2,6,-1,1,-1
2015051501954,1,9,0,18,0,1,0,0,0,0,1,1,6,1,64,9,1597,1,16,-1,1,-1
2015051501954,2,9,0,2,0,1,0,0,0,0,2,1,6,1,29,6,1686,2,5,-1,1,-1
2015051501955,1,19,0,1,0,4,0,0,0,0,2,1,6,1,38,7,2198,2,1,-1,1,-1
2015051501955,2,5,0,3,0,4,0,0,0,0,1,1,6,1,39,7,599,1,16,-1,1,-1
2015051501956,1,8,0,9,0,4,0,0,0,0,3,1,1,1,36,7,2231,2,9,-1,1,-1
2015051501956,2,1,0,7,0,3,0,0,0,0,4,1,2,1,59,9,-1,-1,-1,-1,1,-1
2015051501957,1,9,0,18,0,8,0,0,0,0,0,1,2,1,47,8,1968,2,7,-1,1,-1
2015051501957,2,9,0,9,0,8,0,0,0,0,1,1,2,1,57,9,1896,2,12,-1,1,-1
2015051501958,1,9,0,5,0,2,0,0,0,0,4,1,6,2,29,6,1956,2,1,-1,1,-1
2015051501958,2,9,0,18,0,1,0,0,1,11,1,1,6,2,52,8,1341,1,14,-1,-1,-1
2015051501959,1,9,0,3,0,1,0,0,0,0,2,1,6,1,42,7,1596,1,10,-1,1,-1
2015051501959,2,9,0,11,0,3,0,0,0,0,1,1,6,1,54,8,2993,2,5,-1,1,-1
2015051501960,1,9,0,17,0,0,1,0,0,0,4,1,6,3,-1,-1,1799,1,18,-1,-1,-1
2015051501960,2,9,0,3,0,0,0,0,0,0,2,1,1,1,58,9,1598,2,3,-1,1,-1
2015051501961,1,9,0,18,0,0,0,0,0,0,0,1,6,3,-1,-1,-1,-1,-1,-1,-1,-1
2015051501961,2,9,0,18,0,0,0,0,0,0,0,1,1,1,22,5,1597,1,10,-1,1,-1
2015051501961,3,5,0,18,0,0,1,0,0,0,0,1,6,1,25,5,899,1,17,-1,1,-1
2015051501962,1,9,0,5,0,1,0,0,0,0,1,1,2,1,50,8,2393,1,11,-1,1,-1
2015051501962,2,9,0,18,0,1,0,0,1,11,1,1,2,1,58,9,3628,2,7,-1,1,-1
2015051501963,1,9,0,18,0,8,0,0,0,0,1,1,6,1,77,11,1798,1,2,-1,1,-1
2015051501963,2,9,0,18,0,8,0,0,0,0,1,1,6,2,49,8,3456,1,8,-1,1,-1
2015051501964,1,1,0,18,0,1,0,0,0,0,1,1,6,1,46,8,-1,-1,-1,-1,1,-1
2015051501964,2,9,0,3,0,1,0,0,0,0,2,1,6,3,-1,-1,-1,-1,-1,-1,-1,-1
2015051501965,1,11,0,4,0,0,0,0,0,0,4,1,1,3,-1,-1,-1,-1,-1,-1,-1,-1
2015051501966,1,9,0,9,0,2,0,0,1,0,1,1,6,1,81,11,1997,2,1,-1,1,-1
2015051501966,2,9,0,18,0,1,0,0,0,0,4,1,6,1,26,6,1997,2,9,-1,1,-1
2015051501967,1,1,0,18,0,0,0,0,0,0,3,1,6,1,19,4,-1,-1,-1,-1,1,-1
2015051501967,2,9,0,17,0,0,0,0,0,0,2,1,1,1,29,6,998,1,13,-1,1,-1
2015051501968,1,1,0,18,0,1,0,0,0,0,1,1,2,1,52,8,-1,-1,-1,-1,1,-1
2015051501968,2,9,0,7,0,1,0,0,0,0,2,1,6,2,76,11,1242,1,7,-1,1,-1
2015051501969,1,9,0,7,0,0,0,0,0,0,4,2,6,2,28,6,1496,2,-1,-1,-1,-1
2015051501969,2,5,0,18,0,0,0,0,0,0,1,1,6,1,31,6,599,1,5,-1,1,-1
2015051501970,1,9,0,18,0,8,1,0,0,0,1,1,6,1,59,9,1997,2,7,-1,1,-1
2015051501970,2,19,0,3,0,1,0,0,0,0,2,1,1,1,58,9,2198,2,7,-1,1,-1
2015051501970,3,9,0,3,0,1,0,0,0,0,2,1,6,2,33,6,1796,1,12,-1,1,-1
2015051501971,1,9,0,6,0,8,0,0,0,0,3,1,6,1,29,6,-1,-1,-1,-1,1,-1
2015051501971,2,9,0,18,0,8,0,0,7,11,4,1,6,1,85,11,2685,2,12,-1,1,-1
2015051501972,2,9,0,5,0,0,0,0,0,0,1,1,6,1,84,11,1596,1,9,-1,1,-1
2015051501973,1,9,0,18,0,0,0,0,0,0,4,1,6,2,29,6,999,1,-1,-1,1,-1
2015051501974,1,9,0,18,0,0,0,0,0,0,4,1,6,2,67,10,1368,1,11,-1,1,-1
2015051501975,1,5,0,18,0,0,0,0,0,0,4,1,6,1,42,7,999,1,3,-1,1,-1
2015051501975,2,1,0,9,0,0,0,0,0,0,0,1,6,1,17,4,-1,-1,-1,-1,1,-1
2015051501976,1,9,0,7,0,8,0,0,0,0,0,1,6,3,-1,-1,-1,-1,-1,-1,-1,-1
2015051501977,1,9,0,9,0,1,0,0,0,0,4,1,2,1,29,6,1896,2,9,-1,1,-1
2015051501977,2,2,0,18,0,1,1,0,0,0,1,1,2,1,32,6,125,1,4,-1,1,-1
2015051501978,1,19,0,9,0,8,0,0,0,0,4,1,6,1,53,8,2402,2,10,-1,1,-1
2015051501978,2,1,0,18,0,1,0,0,0,0,1,1,6,1,38,7,-1,-1,-1,-1,1,-1
2015051501979,1,9,0,18,0,0,0,0,0,0,1,1,2,1,88,11,1598,2,5,-1,1,-1
2015051501979,2,9,0,18,0,0,0,0,0,0,1,1,6,2,48,8,1490,1,4,-1,1,-1
2015051501980,1,9,0,5,0,6,0,0,0,0,4,1,2,2,33,6,1242,1,6,-1,-1,-1
2015051501980,2,5,0,18,0,1,0,0,0,0,1,1,2,1,55,8,988,1,12,-1,2,-1
2015051501981,1,9,0,3,0,0,0,0,0,0,1,1,6,3,-1,-1,-1,-1,-1,-1,-1,-1
2015051501981,2,3,0,3,0,0,0,0,0,0,2,1,6,1,25,5,124,1,5,-1,1,-1
2015051501982,1,4,0,18,0,7,1,0,8,7,3,1,6,1,27,6,398,1,25,-1,1,-1
2015051501983,1,9,0,18,0,0,0,0,0,0,1,1,6,1,18,4,1390,1,9,-1,-1,-1
2015051501983,2,9,0,3,0,0,0,0,0,0,2,1,6,2,25,5,998,1,6,-1,3,-1
2015051501983,3,9,0,3,0,0,0,0,0,0,2,1,6,2,47,8,1896,2,5,-1,1,-1
2015051501984,1,9,0,9,0,1,0,0,0,0,1,1,6,1,25,5,1596,1,12,-1,1,-1
2015051501985,1,11,0,4,0,0,0,0,0,0,0,1,1,1,44,7,6871,2,5,-1,1,-1
2015051501986,1,9,0,18,0,0,0,0,0,0,1,1,2,1,56,9,1400,1,15,-1,-1,-1
2015051501986,2,9,0,18,0,0,0,0,0,0,1,1,6,1,55,8,2993,2,2,-1,1,-1
2015051501987,1,9,0,7,0,1,0,0,0,0,4,1,6,2,36,7,1124,1,10,-1,1,-1
2015051501987,2,1,0,18,0,1,0,0,0,0,1,1,6,1,44,7,-1,-1,-1,-1,1,-1
2015051501988,1,9,0,18,0,0,0,0,0,0,1,1,6,2,87,11,1149,1,13,-1,1,-1
2015051501988,2,9,0,18,0,0,0,0,0,0,2,1,6,1,66,10,1968,2,7,-1,1,-1
2015051501989,1,9,0,18,0,0,0,4,1,5,1,1,6,1,78,11,1339,1,10,-1,1,-1
2015051501989,2,9,0,4,0,0,0,0,0,0,2,1,6,1,45,7,1986,2,8,-1,1,-1
2015051501990,1,9,0,15,0,0,1,0,0,0,1,1,6,1,26,6,2300,1,13,-1,1,-1
2015051501990,2,9,0,18,0,0,0,0,0,0,0,1,6,2,55,8,1240,1,6,-1,1,-1
2015051501990,3,19,0,18,0,0,0,0,0,0,2,1,6,1,56,9,2151,2,13,-1,1,-1
2015051501990,4,9,0,18,0,0,0,0,0,0,2,1,6,1,28,6,-1,-1,-1,-1,1,-1
2015051501991,1,9,0,12,0,1,0,0,0,0,0,2,6,3,-1,-1,-1,-1,-1,-1,-1,-1
2015051501991,2,3,0,5,0,1,1,10,0,0,1,1,6,1,28,6,125,1,7,-1,1,-1
2015051501992,1,9,0,4,0,1,0,0,0,0,1,1,6,2,36,7,2987,2,2,-1,1,-1
2015051501992,2,9,0,3,0,1,0,0,0,0,2,1,6,2,57,9,1461,2,5,-1,1,-1
2015051501993,1,9,0,1,0,1,0,0,0,0,2,1,6,1,27,6,1998,1,13,-1,1,-1
2015051501993,2,9,0,3,0,1,0,0,0,0,2,1,6,2,30,6,1388,1,12,-1,1,-1
2015051501994,1,9,0,17,0,0,0,0,0,0,1,1,6,2,28,6,1686,2,3,-1,1,-1
2015051501995,1,9,0,9,0,1,0,0,0,0,0,1,1,1,36,7,1582,2,4,-1,-1,-1
2015051501995,2,9,0,9,0,2,0,0,0,0,1,1,6,1,15,3,1796,1,13,-1,1,-1
2015051501995,3,9,0,2,0,1,0,0,0,0,1,1,6,1,29,6,1598,1,12,-1,1,-1
2015051501996,1,9,0,5,0,1,0,0,0,0,1,1,6,2,43,7,1560,2,1,-1,1,-1
2015051501996,2,9,0,5,0,1,0,0,0,0,2,1,6,1,55,8,1796,1,13,-1,1,-1
2015051501996,3,9,0,5,0,1,0,0,0,0,2,1,6,2,58,9,1229,1,6,-1,1,-1
2015051501998,1,9,0,6,0,8,1,0,0,0,1,1,6,1,29,6,1299,1,14,-1,1,-1
2015051501998,2,1,0,18,0,8,0,0,0,0,1,1,6,1,46,8,-1,-1,-1,-1,1,-1
2015051501999,1,9,0,18,0,1,0,0,0,0,4,1,6,2,18,4,1598,2,5,-1,1,-1
2015051501999,2,9,0,18,0,8,0,0,0,0,4,1,2,1,30,6,1560,2,7,-1,1,-1
2015051502000,1,9,0,18,0,0,0,0,0,0,3,1,6,1,44,7,1968,2,5,-1,1,-1
2015051502000,2,9,0,18,0,0,0,0,0,0,1,1,6,2,28,6,1995,2,3,-1,1,-1
2015051502001,1,9,0,4,0,0,0,0,0,0,4,1,6,2,53,8,2143,2,2,-1,2,-1
2015051502002,1,19,0,18,0,0,0,0,0,0,1,1,6,1,41,7,1997,2,9,-1,1,-1
2015051502002,2,9,0,3,0,0,0,0,0,0,2,1,6,1,58,9,1994,2,6,-1,1,-1
2015051502003,1,1,0,18,0,1,0,0,0,0,1,1,6,1,21,5,-1,-1,-1,-1,1,-1