Accident_Index,Vehicle_Reference,Vehicle_Type,Towing_and_Articulation,Vehicle_Manoeuvre,Vehicle_Location-Restricted_Lane,Junction_Location,Skidding_and_Overturning,Hit_Object_in_Carriageway,Vehicle_Leaving_Carriageway,Hit_Object_off_Carriageway,1st_Point_of_Impact,Was_Vehicle_Left_Hand_Drive?,Journey_Purpose_of_Driver,Sex_of_Driver,Age_of_Driver,Age_Band_of_Driver,Engine_Capacity_(CC),Propulsion_Code,Age_of_Vehicle,Driver_IMD_Decile,Driver_Home_Area_Type,Vehicle_IMD_Decile
2015051502852,1,8,0,5,0,0,0,0,0,0,3,1,1,2,51,8,1300,2,8,-1,1,-1
2015051502852,2,9,0,18,0,0,0,0,0,0,1,1,6,1,51,8,1289,1,15,-1,1,-1
2015051502853,1,9,0,18,0,8,0,0,0,0,3,1,6,3,-1,-1,-1,-1,-1,-1,-1,-1
2015051502858,1,9,0,18,0,1,0,0,0,0,3,1,6,1,42,7,1997,2,9,-1,1,-1
2015051502859,1,9,0,18,0,0,0,0,0,0,1,1,6,1,45,7,1596,1,9,-1,1,-1
2015051502860,1,9,0,18,0,1,0,0,0,0,1,1,6,1,56,9,1689,2,12,-1,1,-1
2015051502861,1,9,0,9,0,8,0,0,0,0,1,1,6,1,27,6,1229,1,2,-1,1,-1
2015051502861,2,9,0,18,0,8,0,0,0,0,4,1,6,2,49,8,1598,1,9,-1,1,-1
2015051502862,1,9,0,1,0,0,0,0,0,0,2,1,6,2,40,7,1686,2,2,-1,1,-1
2015051502863,1,9,0,17,0,0,1,0,7,0,4,1,6,2,69,10,2494,1,16,-1,3,-1
2015051502865,1,3,0,16,0,3,1,0,0,0,0,1,6,1,21,5,125,1,3,-1,1,-1
2015051502866,1,9,0,4,0,8,1,0,7,0,4,1,6,1,24,5,1299,1,12,-1,1,-1
2015051502866,2,9,0,18,0,8,0,0,0,0,1,1,1,1,35,6,-1,-1,-1,-1,1,-1
2015051502867,1,11,0,18,0,0,0,0,0,0,4,1,1,1,49,8,6696,2,2,-1,1,-1
2015051502873,1,9,0,12,0,4,1,0,2,2,1,1,6,1,32,6,1753,2,9,-1,1,-1
2015051502873,2,9,0,3,0,4,0,0,0,0,2,1,2,1,46,8,1753,2,8,-1,1,-1
2015051502875,1,8,0,18,0,0,0,0,0,0,0,1,6,3,-1,-1,-1,-1,-1,-1,-1,-1
2015051502877,1,9,0,7,0,1,0,0,0,0,1,1,6,2,-1,-1,-1,-1,-1,-1,-1,-1
2015051502882,1,1,0,9,0,4,0,0,0,0,4,1,2,1,41,7,-1,-1,-1,-1,1,-1
2015051502884,1,9,0,5,0,6,0,0,0,0,1,1,2,2,62,9,1598,1,14,-1,1,-1
2015051502884,2,1,0,18,0,1,0,0,0,0,1,1,1,1,17,4,-1,-1,-1,-1,1,-1
2015051502885,1,1,0,18,0,0,0,0,0,0,3,1,6,1,44,7,-1,-1,-1,-1,1,-1
2015051502888,1,9,0,6,0,0,0,0,0,0,3,1,1,1,55,8,1956,2,1,-1,1,-1
2015051502888,2,1,0,18,0,0,0,0,7,0,1,1,6,1,47,8,-1,-1,-1,-1,1,-1
2015051502890,1,9,0,9,0,1,0,0,0,0,1,1,6,2,31,6,998,1,2,-1,1,-1
2015051502890,2,4,0,18,0,8,0,0,0,0,1,1,6,1,22,5,-1,-1,-1,-1,1,-1
2015051502892,1,9,0,9,0,1,0,0,0,0,1,1,6,1,18,4,1198,1,2,-1,1,-1
2015051502893,1,8,0,9,0,8,0,0,0,0,1,1,1,1,24,5,998,1,1,-1,1,-1
2015051502893,2,8,0,18,0,8,0,0,0,0,1,1,2,1,29,6,1560,2,11,-1,1,-1
2015051502893,3,9,0,10,0,1,0,0,0,0,1,1,6,1,55,8,1368,1,11,-1,1,-1
2015051502894,1,11,0,7,0,1,0,0,0,0,1,1,1,1,59,9,4760,2,2,-1,1,-1
2015051502894,2,9,0,10,0,1,0,0,0,0,3,1,6,2,35,6,1240,1,12,-1,1,-1
2015051502895,1,19,0,18,0,3,5,0,1,2,1,1,6,1,45,7,2151,2,15,-1,1,-1
2015051502897,1,9,0,18,0,4,0,0,0,0,1,1,6,1,34,6,3982,1,19,-1,2,-1
2015051502897,2,1,0,18,0,3,0,0,0,0,4,1,2,1,30,6,-1,-1,-1,-1,1,-1
2015051502899,1,9,0,18,0,0,0,0,0,0,1,1,6,2,79,11,1242,1,3,-1,2,-1
2015051502900,1,9,0,12,0,5,0,0,3,9,3,1,6,1,23,5,1388,1,12,-1,1,-1
2015051502900,2,9,0,18,0,1,0,0,3,9,1,1,6,1,22,5,1783,1,12,-1,1,-1
2015051502904,1,9,0,18,0,0,0,0,0,0,1,1,6,1,34,6,1896,2,7,-1,1,-1
2015051502904,2,9,0,18,0,0,0,0,0,0,2,1,2,2,52,8,1299,1,8,-1,1,-1
2015051502909,1,9,0,18,0,0,1,0,1,9,3,1,6,1,27,6,1560,2,10,-1,1,-1
2015051502911,1,9,0,1,0,0,0,4,0,0,2,1,6,3,-1,-1,1598,1,7,-1,-1,-1
2015051502911,2,9,0,2,0,0,0,0,0,0,1,1,6,2,24,5,1598,2,-1,-1,1,-1
2015051502912,1,9,0,18,0,6,0,0,0,0,0,1,1,1,40,7,2993,2,3,-1,-1,-1
2015051502912,2,9,0,18,0,6,0,0,0,0,1,1,6,1,20,4,1560,2,11,-1,1,-1
2015051502912,3,9,0,10,0,8,0,0,0,0,2,1,1,1,31,6,1896,2,6,-1,1,-1
2015051502913,1,11,0,18,0,8,0,0,0,0,0,1,1,1,58,9,6871,2,5,-1,1,-1
2015051502914,1,9,0,4,0,1,0,0,0,0,1,1,6,1,45,7,2401,2,12,-1,1,-1
2015051502914,2,9,0,10,0,1,0,0,0,0,2,1,6,2,33,6,1300,1,16,-1,1,-1
2015051502914,3,9,0,10,0,1,0,0,0,0,2,1,6,1,58,9,1598,1,4,-1,1,-1
2015051502915,1,9,0,7,0,8,0,0,0,0,1,2,6,3,-1,-1,-1,-1,-1,-1,-1,-1
2015051502918,1,9,0,18,0,0,0,0,0,0,4,1,6,1,-1,-1,-1,-1,-1,-1,-1,-1
2015051502919,1,19,0,18,0,1,0,0,0,0,1,1,1,1,43,7,1753,2,11,-1,1,-1
2015051502921,1,9,0,5,0,0,0,0,0,0,1,1,6,3,-1,-1,2143,2,1,-1,-1,-1
2015051502921,2,1,0,18,0,0,0,0,0,0,4,1,2,1,22,5,-1,-1,-1,-1,1,-1
2015051502922,1,19,0,4,0,0,0,0,0,0,4,1,2,1,70,10,2143,2,-1,-1,1,-1
2015051502923,1,9,0,18,0,0,0,0,0,0,1,1,2,2,30,6,1598,2,-1,-1,1,-1
2015051502923,2,9,0,18,0,0,0,0,0,0,2,1,2,1,39,7,1364,1,10,-1,1,-1
2015051502923,3,9,0,18,0,0,0,0,0,0,2,1,2,1,43,7,1968,2,10,-1,1,-1
2015051502924,1,9,0,18,0,0,0,0,0,0,1,1,1,1,26,6,1975,1,14,-1,1,-1
2015051502924,2,9,0,18,0,0,0,0,0,0,3,1,6,1,46,8,1341,1,12,-1,1,-1
2015051502924,3,9,0,18,0,0,2,0,1,4,1,1,6,1,35,6,1598,1,9,-1,1,-1
2015051502926,1,9,0,5,0,6,0,0,1,0,1,2,6,3,-1,-1,-1,-1,-1,-1,-1,-1
2015051502926,2,1,0,5,0,1,0,0,3,0,4,1,2,1,52,8,-1,-1,-1,-1,1,-1
2015051502927,1,9,0,1,0,0,0,0,1,11,2,1,6,2,37,7,1242,1,3,-1,1,-1
2015051502927,2,9,0,18,0,0,0,0,0,0,1,1,3,2,32,6,1149,1,15,-1,1,-1
2015051502928,1,9,0,8,0,1,0,0,0,0,3,1,2,2,29,6,2143,2,-1,-1,1,-1
2015051502928,2,11,0,10,0,1,0,0,0,0,4,1,1,1,51,8,6700,2,6,-1,1,-1
2015051502929,1,11,0,11,0,3,0,0,0,0,4,1,1,1,49,8,6700,2,6,-1,1,-1
2015051502929,2,1,0,17,0,8,0,0,0,0,3,1,6,1,51,8,-1,-1,-1,-1,1,-1
2015051502930,1,3,0,18,0,8,0,0,0,0,1,1,1,1,19,4,124,1,3,-1,1,-1
2015051502930,2,9,0,5,0,8,0,0,0,0,1,1,6,2,25,5,1198,1,2,-1,1,-1
2015051502931,1,9,0,4,0,0,0,0,0,0,1,1,6,1,27,6,2143,2,2,-1,1,-1
2015051502931,2,9,0,4,0,0,0,0,0,0,2,1,6,1,45,7,1596,1,12,-1,1,-1
2015051502931,3,9,0,4,0,0,0,0,0,0,2,1,6,2,52,8,1956,2,4,-1,1,-1
2015051502943,1,19,0,7,0,8,0,0,0,0,2,1,6,3,-1,-1,-1,-1,-1,-1,-1,-1
2015051502944,1,9,0,18,0,1,0,0,0,0,1,1,6,1,29,6,1995,2,5,-1,1,-1
2015051502944,2,9,0,2,0,1,0,0,2,11,2,1,6,3,-1,-1,1590,1,12,-1,-1,-1
2015051502944,3,9,0,2,0,1,0,0,0,0,2,1,6,3,-1,-1,2000,1,8,-1,-1,-1
2015051502946,1,9,0,18,0,0,1,0,1,0,3,1,2,1,46,8,2200,1,15,-1,1,-1
2015051502946,2,19,0,9,0,0,1,0,0,0,1,1,6,1,71,10,2446,2,16,-1,1,-1
2015051502947,1,9,0,18,0,0,0,0,0,0,1,1,6,3,-1,-1,-1,-1,-1,-1,-1,-1
2015051502947,2,1,0,18,0,0,0,0,0,0,1,1,6,1,17,4,-1,-1,-1,-1,1,-1
2015051502948,1,9,0,18,0,0,1,0,0,0,1,1,6,1,26,6,1984,1,1,-1,1,-1
2015051502948,2,9,0,18,0,0,0,0,1,10,1,1,6,1,33,6,2231,2,9,-1,1,-1
2015051502951,1,9,0,3,0,1,0,0,2,11,1,1,6,1,87,11,1896,2,7,-1,1,-1
2015051502951,2,9,0,3,0,1,0,0,0,0,2,1,6,2,24,5,1998,2,7,-1,3,-1
2015051502953,1,8,0,18,0,0,0,0,0,0,4,1,6,1,58,9,1598,2,1,-1,1,-1
2015051502953,2,98,0,18,0,0,0,0,0,0,1,1,6,1,35,6,12900,2,6,-1,1,-1
2015051502954,1,9,0,18,0,1,0,0,0,0,1,1,1,1,49,8,1598,2,4,-1,1,-1
2015051502954,2,9,0,9,0,1,0,0,0,0,1,1,1,1,27,6,1796,1,-1,-1,1,-1
2015051502954,3,9,0,8,0,1,0,0,0,0,3,1,2,1,49,8,799,2,6,-1,1,-1
2015051502955,1,9,0,4,0,0,0,0,0,0,1,1,1,1,28,6,1995,2,1,-1,1,-1
2015051502955,2,9,0,4,0,0,0,0,0,0,2,1,6,1,57,9,1973,1,14,-1,-1,-1
2015051502956,1,9,0,3,0,1,0,0,0,0,1,1,6,1,14,3,998,1,2,-1,1,-1
2015051502956,2,9,0,3,0,1,0,0,0,0,2,1,2,2,29,6,1368,1,7,-1,1,-1
2015051502956,3,9,0,3,0,1,0,0,0,0,2,1,6,2,45,7,1598,1,13,-1,1,-1
2015051502957,1,9,0,18,0,8,0,0,0,0,1,1,2,2,31,6,1598,1,9,-1,1,-1
2015051502957,2,9,0,18,0,8,0,0,0,0,3,1,2,2,61,9,998,1,-1,-1,1,-1
2015051502958,1,19,0,9,0,0,0,0,0,0,4,1,6,1,46,8,2198,2,5,-1,1,-1
2015051502958,2,8,0,18,0,0,0,0,0,0,3,1,1,1,48,8,2402,2,9,-1,1,-1
2015051502959,1,9,0,18,0,8,0,0,0,0,1,1,1,1,63,9,1956,2,1,-1,1,-1
2015051502960,1,9,0,5,0,4,0,0,0,0,1,1,2,1,55,8,1995,2,10,-1,1,-1
2015051502960,2,9,0,5,0,3,0,0,0,0,2,1,3,2,47,8,1229,1,9,-1,1,-1
2015051502961,1,9,0,18,0,0,0,0,1,11,1,1,2,1,28,6,1968,2,2,-1,1,-1
2015051502961,2,19,0,18,0,0,0,0,4,11,2,1,1,1,43,7,-1,-1,-1,-1,1,-1
2015051502962,1,9,0,18,0,0,0,0,0,0,4,1,6,2,69,10,1198,1,1,-1,1,-1
2015051502963,1,9,0,18,0,0,0,0,0,0,4,1,6,1,60,9,2199,2,-1,-1,1,-1
2015051502963,2,9,0,2,0,0,0,0,1,0,2,1,6,2,40,7,-1,-1,-1,-1,1,-1
2015051502967,1,1,0,18,0,8,0,0,0,0,1,1,6,1,23,5,-1,-1,-1,-1,1,-1
2015051502967,2,9,0,18,0,8,0,0,0,0,3,1,2,1,67,10,1910,2,10,-1,1,-1
2015051502968,1,9,0,5,0,6,0,0,0,0,1,1,6,1,33,6,2179,2,1,-1,1,-1
2015051502968,2,1,0,18,0,1,0,0,0,0,4,1,6,1,38,7,-1,-1,-1,-1,1,-1
2015051502973,1,9,0,10,0,1,0,0,0,0,1,1,2,1,61,9,1796,1,16,-1,1,-1
2015051502973,2,1,0,10,0,1,0,0,0,0,2,1,6,2,41,7,-1,-1,-1,-1,1,-1
2015051502974,1,1,0,18,0,1,0,0,0,0,1,1,6,1,21,5,-1,-1,-1,-1,1,-1
2015051502975,1,9,0,18,0,0,0,0,0,0,1,1,6,2,33,6,1560,2,3,-1,1,-1
2015051502975,2,9,0,18,0,0,0,0,0,0,1,1,1,1,62,9,1968,2,2,-1,3,-1
2015051502977,1,9,0,9,0,6,0,0,0,0,3,1,2,1,38,7,1388,1,11,-1,1,-1
2015051502977,2,4,0,18,0,1,0,0,0,0,1,1,2,1,22,5,124,1,1,-1,1,-1
2015051502978,1,9,0,18,0,0,0,0,0,0,0,1,6,1,54,8,1749,1,12,-1,1,-1
2015051502979,1,9,0,18,0,8,0,0,0,0,1,1,2,1,22,5,1461,2,7,-1,1,-1
2015051502979,2,8,0,18,0,8,0,0,7,1,4,1,1,1,49,8,2402,2,11,-1,1,-1
2015051502980,1,9,0,4,0,1,0,0,0,0,2,1,6,1,57,9,1560,2,8,-1,1,-1
2015051502980,2,9,0,4,0,1,0,4,0,0,1,1,6,2,65,9,1086,1,10,-1,1,-1
2015051502981,1,9,0,18,0,8,0,0,0,0,1,1,6,2,56,9,2993,2,1,-1,1,-1
2015051502981,2,9,0,18,0,8,0,0,0,0,4,1,6,2,19,4,1229,1,-1,-1,1,-1
2015051502984,1,9,0,18,0,1,0,0,2,2,1,1,6,1,39,7,1198,1,-1,-1,1,-1
2015051502985,1,9,0,18,0,0,0,0,0,0,4,1,6,2,37,7,1596,1,7,-1,1,-1
2015051502987,1,9,0,18,0,1,0,0,0,0,1,1,6,3,-1,-1,-1,-1,-1,-1,-1,-1
2015051502987,2,9,0,4,0,1,1,0,0,0,2,1,6,2,33,6,1240,1,10,-1,1,-1
2015051502988,1,21,0,9,0,8,1,0,0,0,4,1,1,1,54,8,4249,2,2,-1,1,-1
2015051502988,2,9,0,18,0,8,1,0,0,0,1,1,6,2,35,6,1398,1,4,-1,2,-1
2015051502989,1,9,0,18,0,0,0,4,0,0,1,1,6,1,36,7,1968,2,2,-1,3,-1
2015051502989,2,19,0,2,0,0,0,0,0,0,2,1,6,3,-1,-1,1560,2,2,-1,-1,-1
2015051502989,3,9,0,2,0,0,0,0,0,0,3,1,6,3,-1,-1,1685,2,1,-1,-1,-1
2015051502990,1,9,0,9,0,8,0,0,0,0,1,1,2,1,23,5,1598,1,14,-1,1,-1
2015051502991,1,9,0,18,0,0,0,0,0,0,1,1,6,1,48,8,1388,1,4,-1,1,-1
2015051502994,1,9,0,5,0,1,1,0,0,0,3,1,1,1,31,6,1560,2,2,-1,1,-1
2015051502995,1,9,0,18,0,8,0,0,0,0,3,1,6,2,47,8,1769,1,13,-1,1,-1
2015051502995,2,9,0,18,0,8,0,0,0,0,1,1,6,2,60,9,1399,2,12,-1,1,-1
2015051502996,1,9,0,18,0,0,0,4,0,0,1,1,6,1,61,9,1753,2,11,-1,1,-1
2015051502996,2,9,0,2,0,0,0,0,0,0,0,1,6,3,-1,-1,1560,2,5,-1,-1,-1
2015051502996,3,9,0,2,0,0,0,0,0,0,0,1,6,3,-1,-1,1598,1,6,-1,-1,-1
2015051502998,1,9,0,5,0,4,0,0,0,0,3,1,6,2,50,8,1997,2,10,-1,1,-1
2015051502998,2,1,0,18,0,4,0,0,0,0,1,1,6,1,29,6,-1,-1,-1,-1,1,-1
2015051502999,1,9,0,18,0,8,0,0,0,0,1,1,6,1,22,5,1149,1,12,-1,1,-1
2015051503000,1,9,0,18,0,0,0,0,0,0,1,1,6,1,20,4,998,1,14,-1,1,-1
2015051503000,2,9,0,18,0,0,0,0,0,0,2,1,6,1,49,8,1968,2,1,-1,1,-1
2015051503001,1,9,0,5,0,8,5,0,0,0,3,1,6,2,70,10,1299,1,14,-1,2,-1
2015051503001,2,9,0,18,0,1,0,0,0,0,1,1,6,1,47,8,1997,2,5,-1,1,-1
2015051503002,1,3,0,18,0,0,0,0,0,0,1,1,6,1,51,8,125,1,1,-1,1,-1
2015051503002,2,9,0,4,0,0,0,0,0,0,2,1,2,1,43,7,1988,2,11,-1,1,-1
2015051503006,1,9,0,16,0,1,2,0,1,0,1,1,6,1,20,4,1388,1,11,-1,1,-1
2015051503006,2,9,0,18,0,3,0,0,0,0,1,1,6,1,67,10,1968,2,1,-1,1,-1
2015051503009,1,9,0,4,0,1,0,0,0,0,1,1,6,3,-1,-1,-1,-1,-1,-1,-1,-1
2015051503009,2,8,0,3,0,1,0,0,0,0,2,1,1,3,-1,-1,1493,2,5,-1,-1,-1
2015051503010,1,9,0,5,0,4,0,0,0,0,4,1,6,1,36,7,1349,1,7,-1,1,-1
2015051503010,2,98,0,5,0,4,0,0,0,0,1,1,1,1,62,9,7284,2,14,-1,1,-1
2015051503012,1,9,0,18,0,0,0,0,0,0,3,1,6,3,-1,-1,1242,1,2,-1,-1,-1
2015051503013,1,1,0,12,0,1,0,0,0,0,2,1,4,1,17,4,-1,-1,-1,-1,1,-1
2015051503013,2,9,0,18,0,1,0,0,0,0,1,1,1,1,39,7,1753,2,6,-1,-1,-1
2015051503014,1,9,0,18,0,0,0,0,0,0,1,1,6,1,78,11,1242,1,4,-1,2,-1
2015051503015,1,9,0,18,0,0,0,0,0,0,1,1,6,2,46,8,1598,1,8,-1,1,-1
2015051503017,1,8,0,9,0,8,0,0,0,0,4,1,1,1,27,6,1997,2,7,-1,1,-1
2015051503017,2,8,0,18,0,8,0,0,0,0,1,1,1,1,47,8,2499,2,7,-1,1,-1
2015051503018,1,9,0,9,0,1,0,0,0,0,1,1,6,2,84,11,1199,1,1,-1,1,-1
2015051503018,2,1,0,18,0,8,0,0,0,0,1,1,6,1,64,9,-1,-1,-1,-1,1,-1
2015051503019,1,9,0,9,0,8,0,0,0,0,4,1,6,1,47,8,1997,1,-1,-1,1,-1
2015051503019,2,1,0,18,0,8,0,0,0,0,1,1,2,1,57,9,-1,-1,-1,-1,1,-1
2015051503020,1,8,0,5,0,6,0,0,0,0,1,1,1,1,39,7,2499,2,5,-1,1,-1
2015051503021,1,9,0,9,0,8,0,0,0,0,1,1,6,1,54,8,2204,2,8,-1,1,-1
2015051503021,2,9,0,18,0,8,0,0,0,0,3,1,6,1,26,6,1753,2,15,-1,1,-1
2015051503021,3,9,0,18,0,8,0,0,0,0,0,1,6,1,57,9,-1,-1,-1,-1,1,-1
2015051503024,1,4,0,18,0,0,0,4,0,0,1,1,6,1,18,4,124,1,5,-1,1,-1
2015051503025,1,9,0,18,0,3,0,0,0,0,1,1,6,1,50,8,999,1,-1,-1,1,-1
2015051503026,1,9,0,9,0,1,0,0,0,0,1,1,6,2,54,8,1461,2,1,-1,1,-1
2015051503027,1,9,0,9,0,1,0,0,0,0,2,1,6,2,37,7,1364,1,8,-1,1,-1
2015051503027,2,9,0,18,0,1,0,0,0,0,1,1,6,1,18,4,1242,1,-1,-1,1,-1
2015051503030,1,19,0,9,0,1,0,0,0,0,1,1,2,1,55,8,1560,2,1,-1,1,-1
2015051503030,2,9,0,17,0,1,0,0,0,0,1,1,2,1,50,8,1124,1,14,-1,1,-1
2015051503031,1,9,0,4,0,0,0,0,0,0,1,1,6,3,-1,-1,1587,1,6,-1,-1,-1
2015051503031,2,9,0,4,0,0,0,0,0,0,2,1,2,2,42,7,1149,1,-1,-1,1,-1
2015051503032,1,9,0,9,0,8,0,0,0,0,4,1,2,2,25,5,1242,1,9,-1,1,-1
2015051503034,1,9,0,18,0,1,0,0,0,0,0,1,1,1,34,6,2993,2,5,-1,-1,-1
2015051503034,2,9,0,18,0,1,0,0,0,0,0,1,1,1,36,7,2400,2,4,-1,1,-1
2015051503034,3,9,0,18,0,1,0,0,0,0,0,1,1,1,31,6,2993,2,1,-1,1,-1
2015051503034,4,9,0,18,0,1,0,0,0,0,3,1,1,1,49,8,2993,2,2,-1,-1,-1
2015051503034,5,9,0,18,0,8,0,7,4,1,1,1,6,1,28,6,2967,2,2,-1,1,-1
2015051503034,6,9,0,9,0,1,0,0,0,0,1,1,6,2,72,10,1248,1,1,-1,1,-1
2015051503036,1,9,0,1,0,5,0,0,0,0,2,1,6,3,-1,-1,1360,1,13,-1,-1,-1
2015051503040,1,9,0,18,0,4,0,0,0,0,1,1,6,2,52,8,996,1,1,-1,1,-1
2015051503040,2,9,0,9,0,3,0,0,0,0,4,1,2,1,19,4,1229,1,-1,-1,1,-1
2015051503040,3,19,0,8,0,4,0,0,0,0,1,1,1,1,47,8,2402,2,7,-1,1,-1
2015051503041,1,9,0,4,0,1,0,0,0,0,1,1,6,3,-1,-1,1956,2,3,-1,-1,-1
2015051503041,2,9,0,3,0,1,0,0,0,0,2,1,6,2,56,9,1461,2,4,-1,1,-1
2015051503042,1,9,0,9,0,8,0,0,0,0,4,1,6,1,71,10,1242,1,12,-1,1,-1
2015051503042,2,19,0,18,0,1,0,0,0,0,1,1,1,1,55,8,2402,2,7,-1,1,-1
2015051503043,1,19,0,18,0,0,0,0,0,0,4,1,6,1,49,8,2198,2,2,-1,1,-1
2015051503043,2,9,0,18,0,0,0,0,4,10,4,1,6,2,66,10,1796,1,12,-1,1,-1
2015051503044,1,9,0,18,0,6,0,0,0,0,3,1,2,1,26,6,1995,2,10,-1,1,-1
2015051503044,2,8,0,18,0,8,0,0,0,0,1,1,1,1,49,8,1997,2,6,-1,1,-1
2015051503045,1,1,0,18,0,0,0,0,0,0,1,1,6,1,13,3,-1,-1,-1,-1,1,-1
2015051503045,2,19,0,18,0,0,0,0,0,0,3,1,1,1,47,8,1560,2,-1,-1,1,-1
2015051503048,1,9,0,18,0,0,0,0,0,0,1,1,3,2,29,6,1995,2,7,-1,1,-1
2015051503049,1,9,0,4,0,1,0,0,0,0,0,1,1,1,50,8,1582,2,1,-1,-1,-1
2015051503049,2,9,0,18,0,1,1,0,0,0,1,1,6,1,24,5,1984,1,8,-1,1,-1
2015051503049,3,9,0,18,0,1,1,0,2,2,2,1,2,2,39,7,998,1,2,-1,1,-1
2015051503050,1,9,0,18,0,1,0,0,0,0,1,1,6,1,-1,-1,1396,1,13,-1,-1,-1
2015051503050,2,9,0,3,0,1,0,0,0,0,2,1,2,2,33,6,1242,1,2,-1,1,-1
2015051503051,1,9,0,18,0,8,0,0,0,0,1,1,6,3,-1,-1,-1,-1,-1,-1,-1,-1
2015051503052,1,9,0,18,0,8,0,0,0,0,0,1,6,1,35,6,1995,2,3,-1,1,-1
2015051503052,2,8,0,18,0,8,0,0,0,0,1,1,1,1,29,6,1986,2,5,-1,1,-1
2015051503053,1,9,0,7,0,3,0,0,0,0,0,1,6,1,45,7,1461,2,1,-1,1,-1
2015051503055,1,9,0,9,0,8,0,0,0,0,1,1,6,1,26,6,1397,1,12,-1,1,-1
2015051503055,2,9,0,18,0,8,0,0,0,0,1,1,6,1,38,7,1998,2,11,-1,1,-1
2015051503056,1,9,0,18,0,0,0,0,0,0,4,1,6,1,-1,-1,-1,-1,-1,-1,-1,-1
2015051503060,1,9,0,9,0,8,0,0,0,0,3,1,2,2,54,8,1798,1,12,-1,1,-1
2015051503060,2,3,0,18,0,8,0,0,0,0,1,1,2,1,30,6,124,1,-1,-1,1,-1
2015051503061,1,9,0,16,0,0,1,0,7,9,1,1,6,2,34,6,1299,1,12,-1,1,-1
2015051503062,1,9,0,3,0,1,0,0,0,0,2,1,6,2,35,6,2295,1,14,-1,1,-1
2015051503062,2,2,0,5,0,1,0,0,0,0,1,1,6,1,23,5,50,1,5,-1,1,-1
2015051503063,1,9,0,10,0,1,0,0,0,0,4,1,6,1,54,8,1229,1,9,-1,1,-1
2015051503063,2,8,0,15,0,1,0,0,0,0,1,1,6,3,-1,-1,2664,2,16,-1,-1,-1
2015051503067,1,9,0,7,0,3,0,0,0,0,4,2,6,3,-1,-1,-1,-1,-1,-1,-1,-1
2015051503068,1,19,0,14,0,0,0,0,0,0,3,1,1,1,31,6,2198,2,-1,-1,-1,-1
2015051503070,1,9,0,18,0,6,0,0,1,0,1,1,2,1,27,6,1397,1,7,-1,1,-1
2015051503070,2,9,0,9,0,6,0,0,0,0,0,1,6,3,-1,-1,-1,-1,-1,-1,-1,-1
2015051503071,2,9,0,3,0,0,0,0,0,0,2,1,2,1,21,5,1598,1,9,-1,1,-1
2015051503072,1,5,0,17,0,0,1,0,1,11,4,1,2,1,32,6,998,1,9,-1,1,-1
2015051503073,1,9,0,18,0,0,0,0,0,0,1,1,1,1,43,7,1968,2,6,-1,-1,-1
2015051503073,2,9,0,6,0,0,0,0,0,0,1,1,2,1,24,5,1598,1,5,-1,1,-1
2015051503074,1,9,0,9,0,6,0,0,0,0,1,1,6,1,68,10,1560,2,1,-1,1,-1
2015051503074,2,11,0,18,0,8,0,0,0,0,3,1,1,1,33,6,6696,2,-1,-1,1,-1
2015051503075,1,9,0,13,0,8,0,0,0,0,1,1,6,1,28,6,2698,2,7,-1,1,-1
2015051503075,2,9,0,9,0,8,0,0,7,0,4,1,6,2,55,8,1998,1,11,-1,1,-1
2015051503076,1,9,0,1,0,0,0,0,0,0,2,1,6,1,60,9,1598,1,12,-1,1,-1
2015051503078,1,9,0,1,0,8,0,0,0,0,0,1,6,3,-1,-1,-1,-1,-1,-1,-1,-1
2015051503078,2,9,0,1,0,6,0,0,0,0,0,1,6,2,34,6,1999,1,9,-1,1,-1
2015051503079,1,8,0,18,0,0,0,0,0,0,4,1,1,1,47,8,1968,2,1,-1,1,-1
2015051503080,1,21,0,18,0,0,0,0,0,0,1,1,6,1,27,6,12580,2,10,-1,1,-1
2015051503080,2,9,0,18,0,0,0,0,0,0,2,1,2,2,36,7,1242,1,1,-1,1,-1
2015051503081,1,9,0,18,0,0,0,0,0,0,1,1,1,1,27,6,1686,2,4,-1,1,-1
2015051503082,1,3,0,12,0,0,1,0,0,0,0,1,6,1,19,4,125,1,9,-1,1,-1
2015051503085,1,9,0,9,0,2,0,0,0,0,1,1,6,1,21,5,1388,1,10,-1,1,-1
2015051503086,1,9,0,9,0,8,0,0,0,0,1,1,6,1,31,6,1956,2,-1,-1,1,-1
2015051503088,1,9,0,18,0,0,0,0,0,0,1,1,6,1,40,7,1685,2,-1,-1,1,-1
2015051503088,2,9,0,3,0,0,0,0,0,0,2,1,1,2,35,6,1120,2,1,-1,-1,-1
2015051503089,1,3,0,16,0,3,1,0,0,0,4,1,2,1,22,5,124,1,14,-1,1,-1
2015051503089,2,9,0,16,0,2,0,0,0,0,0,1,6,2,31,6,1998,1,10,-1,1,-1
2015051503090,1,9,0,18,0,1,0,0,0,0,1,1,6,1,24,5,1497,1,14,-1,1,-1
2015051503090,2,9,0,3,0,4,0,0,0,0,2,1,6,2,21,5,1560,2,1,-1,1,-1
2015051503091,1,9,0,18,0,0,1,0,0,0,1,1,2,1,52,8,1124,1,14,-1,1,-1