Accident_Index,Vehicle_Reference,Vehicle_Type,Towing_and_Articulation,Vehicle_Manoeuvre,Vehicle_Location-Restricted_Lane,Junction_Location,Skidding_and_Overturning,Hit_Object_in_Carriageway,Vehicle_Leaving_Carriageway,Hit_Object_off_Carriageway,1st_Point_of_Impact,Was_Vehicle_Left_Hand_Drive?,Journey_Purpose_of_Driver,Sex_of_Driver,Age_of_Driver,Age_Band_of_Driver,Engine_Capacity_(CC),Propulsion_Code,Age_of_Vehicle,Driver_IMD_Decile,Driver_Home_Area_Type,Vehicle_IMD_Decile
2015051503091,2,9,0,18,0,0,0,0,0,0,2,1,2,2,32,6,1364,1,4,-1,1,-1
2015051503092,1,9,0,9,0,5,0,0,0,0,1,1,1,1,39,7,1794,1,11,-1,1,-1
2015051503094,1,9,0,18,0,0,0,0,0,0,1,1,2,2,22,5,1229,1,2,-1,3,-1
2015051503095,1,9,0,18,0,0,2,0,0,0,4,1,6,1,20,4,1229,1,10,-1,1,-1
2015051503095,2,9,0,18,0,0,0,0,0,0,1,1,6,1,50,8,2198,2,10,-1,3,-1
2015051503097,1,9,0,1,0,0,0,0,1,10,2,1,1,2,35,6,1582,2,2,-1,-1,-1
2015051503109,1,9,0,16,0,0,1,0,1,10,1,1,6,1,47,8,1796,1,11,-1,1,-1
2015051503112,1,9,0,4,0,0,0,0,0,0,1,1,6,1,46,8,1390,1,18,-1,1,-1
2015051503112,2,9,0,3,0,0,0,0,0,0,2,1,6,1,49,8,1396,1,5,-1,1,-1
2015051503113,1,9,0,18,0,0,0,0,0,0,1,1,6,1,40,7,1560,2,5,-1,1,-1
2015051503114,1,9,0,9,0,5,0,0,0,0,4,1,6,1,61,9,1951,2,12,-1,1,-1
2015051503114,2,9,0,18,0,8,0,0,0,0,1,1,6,2,52,8,1598,1,7,-1,2,-1
2015051503115,1,9,0,16,0,3,2,0,1,7,1,1,6,1,36,7,2793,1,16,-1,1,-1
2015051503116,1,9,0,18,0,1,1,0,1,7,1,1,6,2,23,5,995,1,8,-1,1,-1
2015051503119,1,3,0,7,0,3,0,0,0,0,1,1,2,1,34,6,125,1,1,-1,-1,-1
2015051503120,1,9,0,5,0,1,0,0,0,0,1,1,6,2,46,8,1242,1,12,-1,1,-1
2015051503120,2,9,0,18,0,1,0,0,0,0,1,1,6,1,45,7,1598,1,16,-1,1,-1
2015051503121,1,9,0,1,0,0,0,0,0,0,2,1,6,1,38,7,1242,1,12,-1,1,-1
2015051503122,1,9,0,1,0,0,0,0,1,11,2,1,6,1,40,7,1999,1,14,-1,1,-1
2015051503123,1,9,0,18,0,8,0,0,0,0,4,1,6,2,28,6,1149,1,-1,-1,1,-1
2015051503123,2,9,0,18,0,8,0,0,0,0,1,1,6,2,35,6,2179,2,1,-1,1,-1
2015051503124,1,9,0,18,0,0,0,0,0,0,1,1,6,2,56,9,1560,2,1,-1,1,-1
2015051503124,2,19,0,18,0,0,0,0,0,0,2,1,6,1,43,7,1753,2,2,-1,1,-1
2015051503125,1,9,0,18,0,8,1,0,7,1,4,1,6,2,25,5,1388,1,11,-1,1,-1
2015051503126,1,9,0,10,0,1,0,0,0,0,1,1,6,1,30,6,1560,2,-1,-1,1,-1
2015051503126,2,9,0,18,0,1,1,0,0,0,3,1,3,1,37,7,1598,2,3,-1,1,-1
2015051503127,1,8,0,5,0,2,0,0,0,0,4,1,1,1,58,9,-1,-1,-1,-1,1,-1
2015051503127,2,9,0,18,0,8,0,0,0,0,3,1,2,1,30,6,1360,1,13,-1,1,-1
2015051503129,1,19,0,9,0,8,0,0,0,0,4,1,1,1,49,8,2299,2,3,-1,1,-1
2015051503129,2,9,0,5,0,8,0,0,0,0,1,1,6,1,37,7,1753,2,6,-1,3,-1
2015051503130,1,9,0,9,0,8,0,0,0,0,3,1,6,2,31,6,1968,2,1,-1,1,-1
2015051503132,1,9,0,10,0,1,0,0,0,0,4,1,6,1,63,9,1560,2,2,-1,1,-1
2015051503132,2,9,0,2,0,1,0,0,0,0,3,1,3,2,43,7,998,1,-1,-1,1,-1
2015051503136,1,9,0,4,0,0,0,0,0,0,1,1,6,3,-1,-1,-1,-1,-1,-1,-1,-1
2015051503136,2,1,0,4,0,0,0,0,0,0,2,1,6,1,23,5,-1,-1,-1,-1,1,-1
2015051503137,1,9,0,9,0,1,0,0,0,0,1,1,6,3,-1,-1,-1,-1,-1,-1,-1,-1
2015051503138,1,9,0,18,0,0,0,0,0,0,1,1,6,1,67,10,1997,2,13,-1,1,-1
2015051503138,2,9,0,2,0,0,0,0,0,0,1,1,6,1,39,7,1388,1,10,-1,1,-1
2015051503140,1,9,0,18,0,0,0,0,0,0,1,1,6,2,46,8,1368,1,2,-1,1,-1
2015051503140,2,9,0,3,0,0,0,0,0,0,2,1,6,2,38,7,2993,2,3,-1,1,-1
2015051503141,1,9,0,18,0,1,0,0,0,0,1,1,6,3,-1,-1,-1,-1,-1,-1,-1,-1
2015051503141,2,1,0,18,0,1,0,0,0,0,2,1,6,1,14,3,-1,-1,-1,-1,-1,-1
2015051503143,1,8,0,18,0,0,0,0,0,7,4,1,1,3,-1,-1,1997,2,7,-1,-1,-1
2015051503143,2,9,0,18,0,0,0,0,0,0,4,1,6,3,-1,-1,-1,-1,-1,-1,-1,-1
2015051503144,1,9,0,7,0,3,0,0,0,0,4,1,2,1,59,9,2231,2,3,-1,1,-1
2015051503144,2,9,0,7,0,1,0,0,0,0,3,1,2,1,31,6,1956,2,5,-1,-1,-1
2015051503145,1,9,0,9,0,6,0,0,0,0,1,1,1,1,43,7,1997,2,4,-1,3,-1
2015051503145,2,4,0,14,0,1,0,0,0,0,1,1,2,1,60,9,904,1,14,-1,1,-1
2015051503148,1,9,0,3,0,0,0,0,0,0,4,1,6,1,60,9,1598,2,-1,-1,1,-1
2015051503148,2,9,0,18,0,0,0,0,0,0,1,1,6,2,60,9,1781,1,14,-1,1,-1
2015051503149,1,9,0,9,0,1,0,0,0,0,1,1,6,1,38,7,1796,1,6,-1,1,-1
2015051503149,2,1,0,18,0,1,0,0,0,0,1,1,6,2,20,4,-1,-1,-1,-1,1,-1
2015051503150,1,9,0,7,0,2,0,0,0,0,1,1,6,2,25,5,1997,2,8,-1,1,-1
2015051503151,1,9,0,17,0,0,0,0,0,0,1,1,2,2,43,7,1242,1,4,-1,1,-1
2015051503151,2,8,0,16,0,0,0,0,0,0,1,1,1,1,54,8,1896,2,11,-1,1,-1
2015051503152,1,5,0,5,0,0,0,0,0,0,3,1,2,1,55,8,1198,1,18,-1,1,-1
2015051503152,2,9,0,18,0,0,0,0,0,0,4,1,6,2,72,10,1956,2,3,-1,1,-1
2015051503153,1,9,0,18,0,0,0,0,0,0,1,1,6,1,49,8,1798,1,12,-1,1,-1
2015051503155,1,9,0,18,0,1,1,0,2,2,1,1,6,1,21,5,3000,1,22,-1,1,-1
2015051503160,1,9,0,18,0,8,0,0,0,0,1,1,6,1,41,7,1956,2,2,-1,1,-1
2015051503160,2,9,0,18,0,8,0,0,0,0,2,1,6,2,42,7,1560,2,-1,-1,1,-1
2015051503160,3,9,0,18,0,4,0,0,0,0,0,1,6,3,-1,-1,-1,-1,-1,-1,-1,-1
2015051503161,1,9,0,18,0,0,2,4,0,0,1,1,6,1,25,5,1598,1,3,-1,1,-1
2015051503161,2,9,0,2,0,0,0,0,0,0,3,1,6,3,-1,-1,1248,1,2,-1,-1,-1
2015051503161,3,9,0,2,0,0,0,0,0,0,4,1,6,3,-1,-1,1796,1,6,-1,-1,-1
2015051503164,1,9,0,18,0,0,0,0,0,0,1,1,6,1,69,10,1198,1,6,-1,1,-1
2015051503165,1,9,0,1,0,0,0,4,0,0,2,1,6,2,86,11,-1,-1,-1,-1,1,-1
2015051503165,2,9,0,2,0,0,0,0,0,0,2,1,6,3,-1,-1,1968,2,-1,-1,-1,-1
2015051503166,1,9,0,18,0,1,0,0,0,0,2,1,1,1,48,8,1398,1,-1,-1,-1,-1
2015051503166,2,9,0,18,0,1,0,0,0,0,1,1,2,2,21,5,1198,1,10,-1,1,-1
2015051503171,1,9,0,18,0,2,0,0,0,0,1,1,2,2,28,6,998,1,1,-1,1,-1
2015051503173,1,3,0,18,0,0,0,0,0,0,1,1,6,1,22,5,124,1,1,-1,1,-1
2015051503173,2,9,0,6,0,0,0,0,0,0,3,1,6,1,65,9,1910,2,10,-1,1,-1
2015051503176,1,9,0,4,0,0,1,0,0,0,1,1,6,1,43,7,2000,2,6,-1,1,-1
2015051503177,1,9,0,18,0,8,0,0,0,0,1,1,6,1,49,8,2793,1,19,-1,1,-1
2015051503177,2,9,0,9,0,8,0,0,1,2,3,1,6,1,25,5,-1,-1,-1,-1,1,-1
2015051503178,1,9,0,18,0,0,0,0,0,0,1,1,6,1,34,6,2720,2,6,-1,1,-1
2015051503178,2,1,0,18,0,0,0,0,0,0,2,1,2,1,44,7,-1,-1,-1,-1,1,-1
2015051503181,1,9,0,2,0,0,0,0,0,0,4,1,1,1,57,9,-1,-1,-1,-1,1,-1
2015051503181,2,1,0,3,0,0,0,8,1,2,1,1,2,1,60,9,-1,-1,-1,-1,1,-1
2015051503183,1,9,0,9,0,1,0,0,0,0,1,1,6,3,-1,-1,-1,-1,-1,-1,-1,-1
2015051503183,2,1,0,18,0,1,0,0,0,0,1,1,6,1,45,7,-1,-1,-1,-1,1,-1
2015051503184,1,9,0,18,0,1,0,0,0,0,1,1,6,3,-1,-1,-1,-1,-1,-1,-1,-1
2015051503184,2,1,0,18,0,1,0,0,0,0,4,1,4,1,12,3,-1,-1,-1,-1,1,-1
2015051503185,1,19,0,18,0,0,0,0,0,0,1,1,6,1,30,6,-1,-1,-1,-1,1,-1
2015051503187,1,9,0,18,0,1,1,0,0,0,4,1,1,1,42,7,-1,-1,-1,-1,1,-1
2015051503188,1,9,0,9,0,0,0,0,0,0,3,1,6,1,61,9,1796,1,4,-1,1,-1
2015051503188,2,1,0,18,0,0,0,0,0,0,1,1,6,1,21,5,-1,-1,-1,-1,1,-1
2015051503190,1,11,0,18,0,0,0,0,0,0,4,1,6,3,-1,-1,2464,2,7,-1,-1,-1
2015051503194,1,9,0,18,0,6,0,0,0,0,4,1,6,1,65,9,1968,2,6,-1,1,-1
2015051503194,2,3,0,18,0,1,0,0,0,0,1,1,6,1,29,6,124,1,13,-1,1,-1
2015051503195,1,1,0,18,0,1,0,0,0,0,1,1,6,1,12,3,-1,-1,-1,-1,1,-1
2015051503195,2,9,0,18,0,1,0,0,0,0,1,1,6,2,60,9,1198,1,12,-1,1,-1
2015051503196,1,9,0,7,0,8,0,0,0,0,4,1,6,1,26,6,1388,1,12,-1,1,-1
2015051503196,2,9,0,18,0,8,0,0,0,0,3,1,6,1,81,11,1797,8,4,-1,1,-1
2015051503198,1,1,0,18,0,4,0,0,0,0,1,1,2,1,25,5,-1,-1,-1,-1,1,-1
2015051503198,2,9,0,18,0,4,0,0,0,0,3,1,6,2,37,7,1398,1,-1,-1,1,-1
2015051503205,1,9,0,18,0,4,0,0,0,0,1,1,6,2,72,10,1596,1,2,-1,3,-1
2015051503205,2,9,0,18,0,8,0,0,0,0,4,1,6,2,39,7,1242,1,5,-1,1,-1
2015051503206,1,9,0,18,0,0,0,0,0,0,1,1,2,1,49,8,1242,1,11,-1,1,-1
2015051503207,1,9,0,18,0,0,0,0,0,0,1,1,6,1,40,7,1398,1,4,-1,1,-1
2015051503207,2,9,0,3,0,0,0,0,0,0,2,1,6,2,37,7,1461,2,9,-1,1,-1
2015051503207,3,19,0,3,0,0,0,0,0,0,2,1,2,1,71,10,1560,2,-1,-1,1,-1
2015051503207,4,9,0,3,0,0,0,0,0,0,2,1,6,2,37,7,1968,2,12,-1,1,-1
2015051503208,1,11,0,18,0,2,0,0,0,0,1,1,1,1,63,9,4760,2,2,-1,-1,-1
2015051503209,1,9,0,9,0,8,0,0,0,0,3,1,6,2,49,8,1796,1,10,-1,1,-1
2015051503211,1,9,0,9,0,8,0,0,0,0,4,1,6,2,85,11,1329,1,3,-1,1,-1
2015051503211,2,3,0,18,0,8,0,0,0,0,1,1,6,1,28,6,125,1,14,-1,1,-1
2015051503214,1,8,0,18,0,0,0,0,0,0,1,1,1,1,32,6,2402,2,12,-1,1,-1
2015051503215,1,9,0,9,0,8,0,0,0,0,4,1,6,2,49,8,1988,2,10,-1,1,-1
2015051503216,1,9,0,1,0,0,0,0,0,0,2,1,6,3,-1,-1,1896,2,9,-1,-1,-1
2015051503218,1,20,1,3,0,1,0,0,0,0,3,1,1,1,62,9,7790,2,5,-1,3,-1
2015051503219,1,19,0,18,0,8,0,0,0,0,1,1,1,1,27,6,1598,2,-1,-1,1,-1
2015051503219,2,9,0,18,0,8,0,0,0,0,4,1,6,1,74,10,1398,2,3,-1,1,-1
2015051503220,1,9,0,9,0,2,0,0,0,0,3,1,6,1,24,5,1198,1,8,-1,1,-1
2015051503220,2,5,0,18,0,1,0,0,0,0,1,1,6,1,32,6,647,1,8,-1,1,-1
2015051503225,1,9,0,17,0,1,1,0,0,0,1,1,6,1,64,9,1997,2,5,-1,1,-1
2015051503225,2,9,0,18,0,8,0,0,0,0,2,1,6,2,33,6,1689,2,14,-1,3,-1
2015051503227,1,9,0,18,0,0,1,0,0,0,1,1,2,2,28,6,1242,1,6,-1,1,-1
2015051503227,2,9,0,18,0,0,0,0,0,0,2,1,6,1,40,7,1956,2,5,-1,1,-1
2015051503232,1,9,0,9,0,6,0,0,1,10,1,1,6,1,34,6,998,1,3,-1,1,-1
2015051503233,1,19,0,7,0,5,0,0,0,0,3,1,6,3,-1,-1,-1,-1,-1,-1,-1,-1
2015051503233,2,3,0,7,0,5,0,0,0,0,4,1,2,2,17,4,125,1,2,-1,1,-1
2015051503234,1,9,0,10,0,0,0,0,0,0,1,1,6,1,80,11,2497,1,12,-1,1,-1
2015051503235,1,9,0,16,0,0,0,0,0,0,1,1,6,2,76,11,996,1,3,-1,1,-1
2015051503235,2,9,0,18,0,0,0,0,0,0,1,1,6,2,63,9,1796,1,12,-1,1,-1
2015051503236,1,19,0,18,0,3,0,0,0,0,4,1,1,1,46,8,2143,2,3,-1,1,-1
2015051503236,2,9,0,17,0,3,0,0,0,0,3,1,6,2,38,7,1910,2,8,-1,1,-1
2015051503237,1,9,0,18,0,1,0,0,0,0,1,1,1,1,57,9,1596,1,13,-1,1,-1
2015051503237,2,9,0,5,0,8,0,0,0,0,3,1,6,2,79,11,998,1,1,-1,1,-1
2015051503240,1,3,0,18,0,1,0,0,0,0,1,1,6,1,52,8,124,1,8,-1,1,-1
2015051503240,2,9,0,9,0,1,0,0,0,0,2,1,6,2,35,6,1397,1,12,-1,1,-1
2015051503241,1,9,0,18,0,1,0,0,0,0,1,1,6,2,25,5,2143,2,-1,-1,1,-1
2015051503241,2,9,0,7,0,5,0,0,0,0,2,1,1,1,54,8,1910,2,9,-1,1,-1
2015051503242,1,3,0,18,0,8,0,0,0,0,1,1,2,1,24,5,124,1,2,-1,1,-1
2015051503242,2,19,0,18,0,1,0,0,0,0,0,1,1,1,36,7,2461,2,6,-1,1,-1
2015051503243,1,9,0,9,0,8,0,0,0,0,1,1,6,2,35,6,1390,1,8,-1,1,-1
2015051503243,2,9,0,18,0,1,0,0,0,0,1,1,6,1,26,6,1399,2,9,-1,1,-1
2015051503244,1,19,0,1,0,0,0,0,0,0,2,1,6,3,-1,-1,-1,-1,-1,-1,-1,-1
2015051503245,1,9,0,18,0,8,0,0,1,0,1,1,6,1,24,5,1596,1,12,-1,1,-1
2015051503245,2,9,0,9,0,8,0,0,0,0,1,1,6,1,32,6,1956,2,3,-1,1,-1
2015051503245,3,9,0,7,0,2,0,0,0,0,3,1,6,2,33,6,2000,2,15,-1,1,-1
2015051503245,4,9,0,9,0,8,0,0,0,0,1,1,6,2,48,8,1248,2,5,-1,1,-1
2015051503248,1,9,0,18,0,0,0,0,5,11,1,1,6,1,63,9,2084,1,13,-1,1,-1
2015051503249,1,9,0,18,0,4,0,0,0,0,2,1,6,2,29,6,1560,2,4,-1,1,-1
2015051503249,2,9,0,3,0,8,0,0,0,0,1,1,6,2,69,10,1364,1,8,-1,1,-1
2015051503251,1,9,0,18,0,4,0,0,0,0,1,1,2,1,31,6,1560,2,1,-1,1,-1
2015051503251,2,1,0,9,0,1,0,0,0,0,1,1,6,1,68,10,-1,-1,-1,-1,1,-1
2015051503252,1,9,0,18,0,2,0,0,1,3,1,1,6,1,70,10,1598,1,5,-1,1,-1
2015051503254,1,9,0,9,0,1,0,0,0,0,1,1,6,3,-1,-1,-1,-1,-1,-1,-1,-1
2015051503254,2,9,0,3,0,1,0,0,0,0,1,1,6,2,50,8,1197,1,-1,-1,1,-1
2015051503254,3,19,0,3,0,1,0,0,0,0,1,1,2,1,26,6,2402,2,7,-1,1,-1
2015051503256,1,9,0,9,0,1,0,0,0,0,1,1,2,1,34,6,1242,1,2,-1,1,-1
2015051503256,2,9,0,18,0,1,0,0,7,0,4,1,6,1,81,11,1388,1,6,-1,1,-1
2015051503257,1,8,0,14,0,0,0,0,0,0,4,1,1,1,-1,-1,-1,-1,-1,-1,-1,-1
2015051503258,1,9,0,18,0,0,0,0,0,0,1,1,6,1,40,7,1560,2,-1,-1,1,-1
2015051503258,2,1,0,18,0,0,0,0,0,0,3,1,6,1,65,9,-1,-1,-1,-1,1,-1
2015051503259,1,9,0,5,0,8,0,0,0,0,1,1,6,3,-1,-1,2435,1,10,-1,-1,-1
2015051503259,2,19,0,18,0,8,0,0,0,0,3,1,6,1,42,7,1753,2,12,-1,1,-1
2015051503262,1,11,0,18,0,1,0,0,0,0,1,1,1,1,56,9,6700,2,6,-1,3,-1
2015051503263,1,9,0,18,0,1,0,0,0,0,0,1,1,1,41,7,1753,2,4,-1,-1,-1
2015051503263,2,9,0,18,0,1,0,0,0,0,1,1,6,3,-1,-1,-1,-1,-1,-1,-1,-1
2015051503263,3,9,0,18,0,1,0,0,0,0,2,1,6,1,17,4,1149,1,2,-1,1,-1
2015051503264,1,98,0,9,0,5,0,0,0,0,3,1,1,1,31,6,-1,-1,-1,-1,1,-1
2015051503264,2,8,0,18,0,1,0,0,0,0,4,1,1,1,41,7,1896,2,7,-1,1,-1
2015051503266,1,9,0,18,0,0,1,0,1,0,4,1,2,1,36,7,4395,1,-1,-1,1,-1
2015051503266,2,19,0,18,0,0,1,0,4,0,3,1,2,1,35,6,1499,2,1,-1,1,-1
2015051503266,3,9,0,18,0,0,0,0,0,0,2,1,2,1,49,8,1997,2,6,-1,1,-1
2015051503266,4,9,0,18,0,0,0,0,0,0,1,1,2,1,40,7,-1,-1,-1,-1,1,-1
2015051503266,5,19,0,18,0,0,0,0,0,0,1,1,2,1,67,10,-1,-1,-1,-1,1,-1
2015051503270,1,9,0,5,0,1,0,0,7,0,1,1,2,1,24,5,1598,1,5,-1,1,-1
2015051503270,2,1,0,18,0,1,0,0,0,0,1,1,6,2,39,7,-1,-1,-1,-1,1,-1
2015051503271,1,9,0,9,0,6,0,0,0,0,1,1,6,3,-1,-1,2521,1,11,-1,-1,-1
2015051503273,1,9,0,18,0,0,0,0,0,0,1,1,6,2,25,5,1461,2,4,-1,1,-1
2015051503273,2,19,0,4,0,0,0,0,0,0,2,1,2,1,50,8,2198,2,2,-1,1,-1
2015051503273,3,8,0,3,0,0,0,0,0,0,2,1,1,1,48,8,1560,2,3,-1,1,-1
2015051503274,1,9,0,18,0,1,0,0,0,0,1,1,6,1,24,5,1995,1,12,-1,1,-1
2015051503275,1,1,0,18,0,0,0,0,0,0,3,1,4,1,15,3,-1,-1,-1,-1,1,-1
2015051503275,2,11,0,18,0,0,0,0,0,0,4,1,1,3,-1,-1,-1,-1,-1,-1,-1,-1
2015051503276,1,9,0,18,0,6,0,0,0,0,1,1,6,2,47,8,1364,1,9,-1,-1,-1
2015051503277,1,9,0,18,0,8,0,0,1,4,1,1,6,3,-1,-1,1994,1,15,-1,-1,-1
2015051503277,2,9,0,18,0,8,0,0,0,0,3,1,6,1,55,8,1560,2,-1,-1,1,-1
2015051503278,1,9,0,2,0,0,0,0,0,0,3,1,6,1,26,6,-1,-1,-1,-1,1,-1
2015051503278,2,1,0,18,0,0,0,0,0,0,1,1,6,1,26,6,-1,-1,-1,-1,1,-1
2015051503279,1,9,0,18,0,1,0,0,0,0,0,1,6,3,-1,-1,1242,1,-1,-1,-1,-1
2015051503279,2,11,0,5,0,1,0,0,0,0,0,1,1,1,42,7,6692,2,4,-1,1,-1
2015051503281,1,9,0,18,0,2,0,0,0,0,3,1,6,1,61,9,1596,1,10,-1,1,-1
2015051503282,1,9,0,5,0,0,0,0,0,0,1,1,6,2,66,10,1560,2,2,-1,1,-1
2015051503282,2,9,0,3,0,0,0,0,0,0,2,1,6,2,43,7,1242,1,1,-1,1,-1
2015051503282,3,9,0,3,0,0,0,0,0,0,2,1,6,1,80,11,1598,1,16,-1,1,-1
2015051503283,1,9,0,9,0,8,0,0,0,0,1,1,6,1,32,6,1590,1,12,-1,1,-1
2015051503283,2,9,0,2,0,8,0,0,0,0,3,1,6,3,-1,-1,1596,1,14,-1,-1,-1
2015051503284,1,9,0,6,0,1,0,0,0,0,1,1,6,3,-1,-1,-1,-1,-1,-1,-1,-1
2015051503284,2,9,0,10,0,1,0,0,0,0,2,1,6,2,31,6,998,1,8,-1,1,-1
2015051503285,1,9,0,18,0,0,0,0,0,0,1,1,6,1,37,7,1388,1,7,-1,1,-1
2015051503285,2,9,0,17,0,0,0,0,0,0,2,1,2,2,26,6,1388,1,8,-1,1,-1
2015051503288,1,9,0,5,0,1,0,0,0,0,2,1,1,1,38,7,1896,2,6,-1,1,-1
2015051503288,2,9,0,4,0,1,0,0,0,0,3,1,6,1,41,7,1242,1,14,-1,1,-1
2015051503291,1,9,0,18,0,1,0,0,0,0,1,1,6,1,31,6,1995,2,-1,-1,1,-1
2015051503291,2,9,0,3,0,1,0,0,0,0,2,1,6,1,61,9,1200,1,-1,-1,1,-1
2015051503292,1,11,0,18,0,0,0,0,0,0,1,1,1,1,39,7,-1,-1,-1,-1,1,-1
2015051503292,2,9,0,2,0,0,0,0,0,0,2,1,6,1,36,7,-1,-1,-1,-1,1,-1
2015051503293,1,97,0,13,0,0,1,0,0,0,1,1,6,3,-1,-1,-1,-1,-1,-1,-1,-1
2015051503293,2,8,0,18,0,0,0,0,0,0,3,1,1,1,43,7,1896,2,7,-1,1,-1
2015051503295,1,9,0,18,0,0,0,0,7,4,1,1,6,1,51,8,1560,2,1,-1,1,-1
2015051503296,1,9,0,12,0,0,0,0,0,0,3,1,6,2,61,9,1686,2,2,-1,1,-1
2015051503298,1,9,0,9,0,8,0,0,0,0,1,1,6,1,20,4,1339,1,13,-1,1,-1
2015051503298,2,1,0,18,0,1,0,0,0,0,1,1,6,1,22,5,-1,-1,-1,-1,1,-1
2015051503303,1,9,0,4,0,0,1,0,1,4,3,1,6,1,57,9,1796,1,9,-1,1,-1
2015051503304,1,9,0,9,0,2,0,0,0,0,1,1,6,1,25,5,1399,2,7,-1,1,-1
2015051503304,2,9,0,18,0,2,0,0,0,0,4,1,6,1,53,8,1997,2,2,-1,1,-1
2015051503307,1,9,0,18,0,0,0,0,0,0,1,1,1,2,35,6,1900,2,10,-1,1,-1
2015051503309,1,9,0,9,0,4,0,0,0,0,1,1,6,1,80,11,1686,2,4,-1,1,-1
2015051503309,2,9,0,18,0,4,0,0,0,0,0,1,6,1,82,11,1968,2,3,-1,1,-1
2015051503310,1,19,0,18,0,8,0,0,0,0,3,1,2,1,60,9,-1,-1,-1,-1,1,-1
2015051503310,2,9,0,18,0,8,0,0,0,0,1,1,6,1,61,9,1998,2,7,-1,1,-1
2015051503311,1,9,0,18,0,2,0,0,0,0,1,1,6,1,29,6,998,1,1,-1,1,-1
2015051503316,1,9,0,9,0,8,0,4,0,0,1,1,2,1,29,6,1995,1,7,-1,1,-1
2015051503316,2,1,0,18,0,8,0,0,7,0,4,1,2,1,30,6,-1,-1,-1,-1,1,-1
2015051503316,3,8,0,10,0,8,0,0,0,0,0,1,1,1,66,10,1910,2,5,-1,1,-1
2015051503318,1,9,0,3,0,1,0,0,0,0,1,1,6,1,35,6,1910,2,8,-1,1,-1
2015051503318,2,9,0,3,0,1,0,0,0,0,2,1,6,2,25,5,1388,1,12,-1,1,-1
2015051503318,3,9,0,3,0,1,0,0,0,0,2,1,6,2,30,6,1198,1,11,-1,-1,-1
2015051503319,1,9,0,1,0,0,0,0,0,0,3,1,6,2,46,8,1598,1,9,-1,1,-1
2015051503320,1,9,0,9,0,6,0,0,0,0,3,1,2,2,31,6,1388,1,9,-1,1,-1
2015051503320,2,4,0,14,0,8,0,0,0,0,1,1,6,2,19,4,498,1,18,-1,3,-1
2015051503321,1,9,0,18,0,1,0,0,0,0,3,1,6,2,65,9,1242,1,6,-1,1,-1
2015051503321,2,9,0,18,0,1,0,0,0,0,1,1,6,1,82,11,1390,1,-1,-1,1,-1
2015051503322,1,8,0,1,0,0,0,0,0,0,2,1,6,1,-1,-1,1896,2,10,-1,-1,-1
2015051503323,1,19,0,18,0,8,0,0,0,0,1,1,1,1,63,9,2298,2,3,-1,1,-1
2015051503323,2,11,0,7,0,6,0,0,0,0,3,1,1,1,56,9,6871,2,5,-1,1,-1
2015051503324,1,9,0,18,0,0,0,0,0,0,1,1,6,1,-1,-1,-1,-1,-1,-1,-1,-1
2015051503328,1,9,0,9,0,8,0,0,0,0,1,1,6,1,39,7,1598,1,10,-1,1,-1
2015051503328,2,3,0,18,0,1,0,0,0,0,1,1,6,1,32,6,125,1,-1,-1,1,-1
2015051503329,1,11,0,9,0,8,0,0,0,0,1,1,1,1,59,9,4760,2,2,-1,1,-1
2015051503330,1,8,0,18,0,8,0,0,0,0,1,1,1,1,37,7,1461,2,1,-1,1,-1
2015051503330,2,9,0,18,0,8,1,0,0,0,3,1,6,2,67,10,1229,1,5,-1,1,-1
2015051503333,1,19,0,18,0,8,0,0,0,0,1,1,1,1,47,8,2998,2,1,-1,1,-1
2015051503333,2,1,0,18,0,8,0,0,0,0,4,1,2,2,36,7,-1,-1,-1,-1,1,-1
2015051503334,1,9,0,3,0,0,0,0,0,0,2,1,2,2,48,8,1686,2,4,-1,1,-1
2015051503335,1,19,0,9,0,1,0,0,0,0,1,1,2,1,33,6,2402,2,8,-1,1,-1
2015051503335,2,5,0,18,0,1,1,0,0,0,1,1,2,1,32,6,865,1,6,-1,1,-1
2015051503336,1,9,0,13,0,1,0,0,7,10,1,1,6,2,51,8,1596,1,11,-1,1,-1
2015051503336,2,19,0,9,0,1,0,0,0,0,0,1,2,1,30,6,1753,2,9,-1,2,-1
2015051503337,1,9,0,9,0,2,0,0,7,11,1,1,6,2,68,10,1686,2,12,-1,1,-1
2015051503337,2,9,0,18,0,8,0,0,0,0,1,1,6,1,27,6,1686,2,1,-1,1,-1
2015051503337,3,9,0,2,0,1,0,0,0,0,2,1,6,3,-1,-1,1364,2,1,-1,-1,-1
2015051503338,1,9,0,5,0,0,0,0,0,0,3,1,6,1,73,10,1398,2,11,-1,1,-1
2015051503339,1,19,0,1,0,0,0,0,0,0,2,1,1,1,40,7,2148,2,7,-1,3,-1
2015051503340,1,9,0,18,0,1,0,0,0,0,4,1,6,1,18,4,1149,1,2,-1,1,-1
2015051503340,2,9,0,18,0,1,0,0,0,0,1,1,6,2,22,5,999,1,15,-1,1,-1
2015051503341,1,9,0,9,0,5,0,0,0,0,1,1,6,2,18,4,1398,2,12,-1,1,-1
2015051503341,2,1,0,18,0,8,0,0,0,0,3,1,4,1,13,3,-1,-1,-1,-1,1,-1