Accident_Index,Vehicle_Reference,Vehicle_Type,Towing_and_Articulation,Vehicle_Manoeuvre,Vehicle_Location-Restricted_Lane,Junction_Location,Skidding_and_Overturning,Hit_Object_in_Carriageway,Vehicle_Leaving_Carriageway,Hit_Object_off_Carriageway,1st_Point_of_Impact,Was_Vehicle_Left_Hand_Drive?,Journey_Purpose_of_Driver,Sex_of_Driver,Age_of_Driver,Age_Band_of_Driver,Engine_Capacity_(CC),Propulsion_Code,Age_of_Vehicle,Driver_IMD_Decile,Driver_Home_Area_Type,Vehicle_IMD_Decile
201506A009925,1,9,0,18,0,1,0,0,0,0,1,1,6,1,37,7,999,1,-1,-1,1,-1
201506A009925,2,8,0,10,0,1,0,0,0,0,2,1,6,1,41,7,1968,2,7,-1,1,-1
201506A009927,1,21,1,12,0,4,0,0,0,0,4,1,1,1,40,7,-1,-1,-1,-1,-1,-1
201506A009927,2,9,0,18,0,4,0,0,0,0,4,1,2,2,33,6,1995,2,5,-1,1,-1
201506A009939,1,9,0,18,0,2,0,0,0,0,1,1,6,1,19,4,1329,1,1,-1,1,-1
201506A009939,2,9,0,6,0,1,0,0,0,0,1,1,6,1,19,4,1124,1,11,-1,-1,-1
201506A010063,1,9,0,18,0,8,0,0,1,0,1,1,6,1,23,5,1753,2,6,-1,1,-1
201506A010067,1,9,0,4,0,1,0,0,0,0,1,1,6,2,30,6,999,1,1,-1,1,-1
201506A010086,1,1,0,17,0,1,0,0,0,0,1,1,6,1,19,4,-1,-1,-1,-1,1,-1
201506A010086,2,9,0,2,0,1,0,0,0,0,1,1,6,1,70,10,1598,1,6,-1,1,-1
201506A010100,1,9,0,6,0,1,0,0,0,0,4,1,6,3,-1,-1,-1,-1,-1,-1,-1,-1
201506A010182,1,9,0,18,0,8,0,0,0,0,1,1,6,1,27,6,1781,1,11,-1,1,-1
201506A010182,2,9,0,9,0,8,0,0,0,0,1,1,6,1,33,6,899,1,21,-1,1,-1
201506A010200,1,9,0,18,0,1,0,0,0,0,1,1,6,2,38,7,1246,1,10,-1,1,-1
201506A010597,1,9,0,18,0,8,0,0,0,0,1,1,6,1,49,8,1598,1,8,-1,1,-1
201506A010597,2,9,0,18,0,8,0,0,0,0,1,1,6,1,28,6,1360,1,5,-1,1,-1
201506A095861,1,9,0,7,0,5,0,0,0,0,1,1,6,2,30,6,1229,1,9,-1,1,-1
201506A096020,1,9,0,18,0,1,0,0,0,0,1,1,6,2,30,6,1591,1,1,-1,1,-1
201506A096020,2,9,0,3,0,1,0,0,0,0,2,1,1,2,29,6,1796,1,7,-1,1,-1
201506A096036,1,8,0,5,0,1,0,0,0,0,0,1,1,1,33,6,1998,2,7,-1,1,-1
201506A096045,1,20,0,1,0,5,0,0,0,0,2,1,1,1,54,8,6374,2,2,-1,1,-1
201506A096061,1,9,0,18,0,0,0,0,0,0,1,1,6,1,51,8,1596,1,12,-1,1,-1
201506A096061,2,11,0,18,0,0,0,0,0,0,1,1,1,1,23,5,-1,-1,-1,-1,1,-1
201506A096065,1,9,0,18,0,1,0,0,0,0,1,1,6,1,21,5,1242,1,8,-1,1,-1
201506A096065,2,1,0,18,0,8,0,0,0,0,4,1,6,2,22,5,-1,-1,-1,-1,-1,-1
201506A096084,1,9,0,13,0,8,0,0,0,0,4,1,2,1,27,6,-1,-1,-1,-1,1,-1
201506A096084,2,90,0,10,0,8,0,0,0,0,3,1,1,1,55,8,6370,2,6,-1,1,-1
201506A096089,1,8,0,18,0,1,0,0,0,0,1,1,1,1,23,5,1896,2,6,-1,1,-1
201506A096140,1,9,0,4,0,1,0,0,0,0,1,1,1,1,45,7,1753,2,4,-1,1,-1
201506A096162,1,9,0,5,0,6,0,0,0,0,1,1,6,2,26,6,1794,1,12,-1,1,-1
201506A096162,2,9,0,18,0,8,0,0,0,0,4,1,6,1,36,7,1968,2,9,-1,1,-1
201506A096178,1,8,0,9,0,2,0,0,0,0,1,1,1,1,26,6,-1,-1,-1,-1,1,-1
201506A096191,1,9,0,9,0,8,0,0,0,0,1,1,6,1,58,9,1968,2,8,-1,1,-1
201506A096191,2,5,0,18,0,8,0,0,0,0,1,1,6,1,26,6,599,1,16,-1,1,-1
201506A096224,1,9,0,18,0,8,0,0,0,0,1,1,2,2,21,5,1248,1,1,-1,1,-1
201506A096359,1,9,0,17,0,1,0,10,7,10,1,1,6,1,28,6,1461,2,1,-1,1,-1
201506A096428,1,9,0,9,0,8,0,0,0,0,1,1,6,1,34,6,1968,2,6,-1,1,-1
201506A096428,2,9,0,18,0,8,0,0,0,0,4,1,6,2,69,10,999,1,1,-1,1,-1
201506A096446,1,9,0,18,0,6,0,0,7,0,4,1,6,1,16,4,1199,1,11,-1,3,-1
201506A096446,2,9,0,7,0,2,0,0,0,0,1,1,6,2,32,6,1396,2,4,-1,1,-1
201506A096446,3,9,0,2,0,2,0,0,0,0,2,2,6,3,-1,-1,-1,-1,-1,-1,-1,-1
201506A096464,1,9,0,18,0,1,0,0,0,0,1,1,6,2,44,7,1390,1,10,-1,1,-1
201506A096464,2,8,0,18,0,1,0,0,0,0,2,1,1,1,33,6,1896,2,6,-1,1,-1
201506A096471,1,9,0,15,0,1,0,0,0,0,1,1,6,2,26,6,1900,2,11,-1,1,-1
201506A096477,1,9,0,12,0,0,0,0,0,0,1,1,6,1,16,4,-1,-1,-1,-1,1,-1
201506A096477,2,9,0,18,0,0,0,0,0,0,0,1,1,1,35,6,1560,2,4,-1,-1,-1
201506A096477,3,9,0,18,0,0,0,0,0,0,3,1,6,1,43,7,-1,-1,-1,-1,1,-1
201506A096500,1,9,0,6,0,2,0,0,0,0,1,1,6,1,29,6,1686,2,5,-1,1,-1
201506A096500,2,3,0,17,0,2,5,0,1,0,3,1,2,1,46,8,124,1,10,-1,1,-1
201506A096563,1,9,0,18,0,8,0,0,0,0,1,1,6,2,20,4,1242,1,3,-1,1,-1
201506A096563,2,9,0,18,0,6,0,0,0,0,1,1,6,1,43,7,1587,1,13,-1,1,-1
201506A096599,1,8,0,18,0,2,0,0,0,0,1,1,1,1,27,6,-1,-1,-1,-1,1,-1
201506A096616,1,21,0,18,0,0,0,0,0,0,1,1,1,1,42,7,4462,2,2,-1,1,-1
201506A096782,1,3,0,18,0,8,0,0,0,0,1,1,2,1,19,4,124,1,6,-1,1,-1
201506A096782,2,9,0,7,0,5,0,0,0,0,4,1,2,1,36,7,1199,1,1,-1,1,-1
201506A096957,1,9,0,9,0,8,0,0,0,0,1,1,6,3,-1,-1,-1,-1,-1,-1,-1,-1
201506A096957,2,1,0,18,0,8,5,0,0,0,2,1,4,1,11,3,-1,-1,-1,-1,1,-1
201506A096996,1,9,0,18,0,0,1,0,0,0,1,1,1,1,48,8,1995,1,14,-1,1,-1
201506A096996,2,9,0,18,0,0,0,0,0,0,2,1,1,2,54,8,1397,1,16,-1,1,-1
201506A097001,1,9,0,17,0,0,1,0,8,10,1,1,6,1,20,4,-1,-1,-1,-1,1,-1
201506A097043,1,20,0,18,0,6,0,0,0,0,4,1,1,1,32,6,-1,-1,-1,-1,-1,-1
201506A097043,2,9,0,18,0,8,0,0,0,0,1,1,2,1,50,8,1560,2,8,-1,1,-1
201506A097096,1,9,0,9,0,8,0,0,0,0,4,1,1,1,62,9,1560,2,2,-1,1,-1
201506A097096,2,3,0,18,0,8,0,0,0,0,1,1,6,1,62,9,1000,1,24,-1,1,-1
201506A097122,1,2,0,18,0,0,0,0,0,0,4,1,2,1,17,4,49,1,4,-1,1,-1
201506A097122,2,90,0,3,0,0,0,0,0,0,2,1,2,1,36,7,-1,-1,-1,-1,1,-1
201506A097162,1,9,0,18,0,1,0,0,0,0,1,1,6,1,30,6,-1,-1,-1,-1,-1,-1
201506A097162,2,9,0,3,0,1,0,0,0,0,2,1,1,1,38,7,1364,2,1,-1,1,-1
201506A097195,1,9,0,7,0,8,0,0,0,0,1,1,1,1,49,8,1798,1,3,-1,-1,-1
201506A097195,2,11,0,18,0,8,0,0,0,0,4,1,1,1,35,6,6700,2,3,-1,1,-1
201506A097225,1,9,0,18,0,0,0,0,0,0,1,1,6,1,28,6,2457,1,7,-1,1,-1
201506A097243,1,9,0,18,0,0,0,0,0,0,2,1,6,1,44,7,-1,-1,-1,-1,1,-1
201506A097243,2,3,0,4,0,0,0,0,0,0,1,1,6,1,17,4,-1,-1,-1,-1,1,-1
201506A097300,1,9,0,7,0,8,1,0,0,0,3,1,6,1,26,6,-1,-1,-1,-1,1,-1
201506A097300,2,9,0,18,0,8,1,0,1,0,4,1,6,1,22,5,1968,2,1,-1,1,-1
201506A097315,1,9,0,18,0,0,1,0,0,0,1,1,2,2,21,5,1399,2,7,-1,1,-1
201506A097315,2,19,0,3,0,0,0,0,0,0,2,1,2,1,35,6,1995,2,1,-1,1,-1
201506A097315,3,9,0,3,0,0,0,0,0,0,2,1,2,1,31,6,1397,1,4,-1,1,-1
201506A097323,1,9,0,9,0,8,0,0,0,0,3,1,2,2,50,8,1612,1,4,-1,1,-1
201506A097323,2,3,0,18,0,8,0,0,0,0,1,1,2,1,24,5,124,1,1,-1,1,-1
201506A097335,1,8,0,7,0,8,0,0,0,0,1,1,1,1,61,9,-1,-1,-1,-1,1,-1
201506A097335,2,1,0,18,0,8,0,0,0,0,1,1,6,1,25,5,-1,-1,-1,-1,1,-1
201506A097376,1,9,0,17,0,0,0,4,0,0,1,1,6,2,26,6,-1,-1,-1,-1,1,-1
201506A097376,2,19,0,2,0,0,0,0,0,0,1,1,6,3,-1,-1,2151,2,12,-1,1,-1
201506A097451,1,11,0,2,3,0,0,0,0,0,0,1,1,1,43,7,-1,-1,-1,-1,1,-1
201506A097522,1,9,0,18,0,0,0,0,0,0,1,1,6,3,-1,-1,1686,2,12,-1,-1,-1
201506A097522,2,9,0,18,0,0,0,0,0,0,1,1,6,1,30,6,1999,1,8,-1,1,-1
201506A097522,3,9,0,2,0,0,0,0,0,0,3,1,6,2,30,6,1229,1,2,-1,1,-1
201506A097547,1,9,0,18,0,0,0,0,0,0,0,1,6,1,30,6,-1,-1,-1,-1,-1,-1
201506A097547,2,1,0,18,0,0,0,0,0,0,0,1,6,1,57,9,-1,-1,-1,-1,3,-1
201506A097713,1,9,0,18,0,0,0,0,0,0,1,1,6,2,34,6,3200,1,8,-1,1,-1
201506A097768,1,11,0,18,2,0,0,0,0,0,0,1,1,1,62,9,4760,2,4,-1,1,-1
201506A097768,2,9,0,18,0,0,0,0,0,0,0,1,6,3,30,6,-1,-1,-1,-1,-1,-1
201506A097816,1,8,0,18,0,8,0,0,0,0,1,1,1,1,47,8,1998,2,11,-1,-1,-1
201506A097816,2,9,0,4,0,8,0,0,0,0,2,1,6,2,65,9,1560,2,1,-1,1,-1
201506A097837,1,9,0,18,0,1,0,0,0,0,3,1,1,2,52,8,-1,-1,-1,-1,1,-1
201506A097851,1,9,0,18,0,8,0,0,0,0,4,1,6,1,54,8,-1,-1,-1,-1,1,-1
201506A097851,2,9,0,15,0,8,0,0,0,0,1,1,6,1,38,7,1896,2,11,-1,1,-1
201506A097855,1,9,0,18,0,0,0,0,0,0,4,1,3,1,54,8,4799,1,10,-1,1,-1
201506A097886,1,9,0,9,0,8,0,0,0,0,1,1,6,3,-1,-1,-1,-1,-1,-1,-1,-1
201506A097886,2,1,0,18,0,8,0,0,0,0,3,1,2,1,42,7,-1,-1,-1,-1,1,-1
201506A097891,1,8,0,9,0,8,0,0,0,0,4,1,1,1,24,5,1248,2,7,-1,-1,-1
201506A097891,2,9,0,18,0,8,0,0,0,0,1,1,6,2,34,6,1240,1,11,-1,1,-1
201506A097912,1,9,0,9,0,8,0,0,0,0,1,1,2,2,23,5,1598,1,8,-1,-1,-1
201506A097912,2,11,0,17,0,8,0,0,0,0,1,1,1,1,55,8,3900,2,11,-1,1,-1
201506A097922,1,9,0,5,0,8,0,0,0,0,4,1,6,2,25,5,1388,1,7,-1,1,-1
201506A097922,2,5,0,18,0,8,0,0,0,0,1,1,6,1,36,7,1198,1,4,-1,1,-1
201506A097974,1,8,0,18,0,8,0,0,0,0,1,1,1,1,43,7,-1,-1,-1,-1,1,-1
201506A097974,2,8,0,18,0,8,0,0,0,0,3,1,1,1,56,9,1956,2,2,-1,-1,-1
201506A098045,1,9,0,18,0,8,0,0,0,0,1,1,6,2,56,9,-1,-1,-1,-1,1,-1
201506A098045,2,9,0,18,0,8,0,0,0,0,4,1,1,1,26,6,2720,2,8,-1,1,-1
201506A098045,3,9,0,2,0,2,0,0,0,0,3,1,6,3,-1,-1,1910,2,9,-1,-1,-1
201506A098045,4,9,0,2,0,2,0,0,0,0,1,1,6,3,-1,-1,1995,1,8,-1,-1,-1
201506A098071,1,19,0,18,0,2,0,0,0,0,1,1,1,1,40,7,-1,-1,-1,-1,1,-1
201506A098078,1,9,0,18,0,8,0,0,0,0,3,1,6,1,33,6,1798,1,4,-1,1,-1
201506A098078,2,9,0,18,0,8,0,0,0,0,1,1,6,1,42,7,1242,1,10,-1,1,-1
201506A098083,1,9,0,5,0,1,0,0,0,0,4,1,6,1,42,7,1598,1,11,-1,1,-1
201506A098117,1,3,0,18,0,1,1,0,0,0,1,1,1,1,35,6,108,1,2,-1,1,-1
201506A098117,2,9,0,3,0,1,0,0,0,0,2,1,1,1,34,6,1598,1,2,-1,1,-1
201506A098130,1,9,0,9,0,5,0,0,0,0,3,1,1,1,31,6,1995,2,10,-1,1,-1
201506A098243,1,8,0,17,0,2,0,0,0,0,4,1,6,1,26,6,1794,1,7,-1,1,-1
201506A098256,1,8,0,1,0,0,0,0,0,0,0,1,6,1,47,8,1753,2,5,-1,1,-1
201506A098276,1,9,0,18,0,1,0,0,0,0,3,1,6,2,66,10,1560,2,6,-1,1,-1
201506A098302,1,9,0,18,0,8,0,0,0,0,4,1,2,1,55,8,1198,1,10,-1,1,-1
201506A098302,2,9,0,18,0,8,0,0,0,0,1,1,6,2,49,8,998,1,13,-1,1,-1
201506A098341,1,9,0,5,0,6,0,0,0,0,1,1,6,1,31,6,-1,-1,-1,-1,1,-1
201506A098341,2,8,0,18,0,8,0,0,0,0,3,1,1,1,37,7,2664,2,15,-1,1,-1
201506A098356,1,9,0,5,0,1,0,0,0,0,1,1,6,2,34,6,1598,1,15,-1,1,-1
201506A098356,2,9,0,5,0,1,0,0,0,0,1,1,6,2,34,6,-1,-1,-1,-1,1,-1
201506A098388,1,9,0,18,0,8,0,0,0,0,1,1,2,2,35,6,1497,1,11,-1,1,-1
201506A098388,2,3,0,18,0,8,0,0,0,0,1,1,2,1,34,6,124,1,4,-1,1,-1
201506A098527,1,9,0,10,0,8,0,0,0,0,1,1,6,1,35,6,1984,1,12,-1,1,-1
201506A098527,2,9,0,10,0,8,0,0,0,0,2,1,6,1,39,7,1968,2,7,-1,1,-1
201506A098544,1,9,0,5,0,6,0,0,0,0,1,1,6,3,-1,-1,1997,1,12,-1,-1,-1
201506A098544,2,9,0,18,0,8,0,0,0,0,4,1,6,1,39,7,1995,2,2,-1,1,-1
201506A098585,1,8,0,3,0,0,0,0,0,0,2,1,1,1,34,6,1999,1,8,-1,1,-1
201506A098585,2,9,0,4,0,0,0,0,0,0,1,1,4,2,27,6,1198,1,2,-1,3,-1
201506A098649,1,9,0,18,0,8,0,0,0,0,1,1,6,1,44,7,1461,2,2,-1,1,-1
201506A098667,1,9,0,18,0,0,0,0,0,0,1,1,1,1,49,8,-1,-1,-1,-1,1,-1
201506A098667,2,1,0,18,0,0,0,0,1,0,2,1,1,1,52,8,-1,-1,-1,-1,3,-1
201506A098703,1,9,0,18,0,8,0,0,0,0,1,1,6,1,63,9,-1,-1,-1,-1,1,-1
201506A098703,2,9,0,18,0,8,0,0,0,0,3,1,6,2,20,4,1242,1,5,-1,1,-1
201506A098738,1,9,0,9,0,2,0,0,0,0,0,1,6,3,-1,-1,-1,-1,-1,-1,-1,-1
201506A098738,2,3,0,18,0,1,0,0,1,10,1,1,6,1,17,4,125,1,-1,-1,1,-1
201506A098748,1,21,1,7,0,5,0,0,0,0,4,1,1,1,61,9,12809,2,3,-1,3,-1
201506A098762,1,9,0,9,0,8,0,0,0,0,3,1,6,1,68,10,1968,2,6,-1,1,-1
201506A098762,2,9,0,18,0,8,0,0,7,10,4,1,6,1,45,7,1998,2,11,-1,1,-1
201506A098808,1,9,0,9,0,8,0,0,0,0,1,1,6,1,18,4,1124,1,14,-1,1,-1
201506A098808,2,3,0,18,0,8,0,0,0,0,1,1,6,1,47,8,125,1,1,-1,1,-1
201506A098832,1,9,0,9,0,8,0,0,0,0,1,1,6,1,46,8,1896,2,12,-1,1,-1
201506A098832,2,8,0,18,0,8,0,0,0,0,3,1,1,1,44,7,1995,2,3,-1,1,-1
201506A098841,1,9,0,9,0,5,0,0,0,0,1,1,6,1,29,6,1598,1,12,-1,1,-1
201506A098841,2,90,2,18,0,8,0,0,0,0,1,1,6,2,79,11,-1,-1,-1,-1,1,-1
201506A098852,1,9,0,4,0,1,0,0,0,0,2,1,6,2,19,4,999,1,1,-1,2,-1
201506A098852,2,9,0,18,0,1,0,0,0,0,1,1,6,1,21,5,2143,2,4,-1,-1,-1
201506A098879,1,5,0,14,0,8,0,0,0,0,1,1,6,1,52,8,781,1,14,-1,1,-1
201506A098879,2,9,0,9,0,8,0,0,0,0,1,1,6,2,47,8,998,1,5,-1,1,-1
201506A098887,1,8,0,9,0,8,0,0,0,0,1,1,1,1,37,7,1686,2,6,-1,-1,-1
201506A098887,2,19,0,18,0,8,0,0,1,1,1,1,1,1,41,7,2402,2,11,-1,1,-1
201506A098999,1,9,0,18,0,1,0,0,0,0,4,1,6,1,56,9,1396,1,14,-1,1,-1
201506A099022,1,8,0,9,0,5,0,0,7,10,1,1,1,1,31,6,1896,2,5,-1,1,-1
201506A099022,2,1,0,18,0,8,0,0,0,0,1,1,6,2,25,5,-1,-1,-1,-1,1,-1
201506A099025,1,9,0,9,0,8,0,0,0,0,0,1,6,1,47,8,1388,1,11,-1,1,-1
201506A099025,2,1,0,18,0,8,0,0,0,0,4,1,2,2,36,7,-1,-1,-1,-1,1,-1
201506A099115,1,9,0,18,0,8,0,0,0,0,1,1,6,2,33,6,1397,1,11,-1,1,-1
201506A099115,2,9,0,18,0,8,0,0,0,0,3,1,6,2,36,7,1198,1,9,-1,1,-1
201506A099164,1,19,0,7,0,5,0,0,0,0,2,1,6,3,33,6,-1,-1,-1,-1,-1,-1
201506A099164,2,1,0,18,4,1,0,0,0,0,1,1,1,2,49,8,-1,-1,-1,-1,1,-1
201506A099322,1,9,0,18,0,8,0,7,0,10,2,1,6,2,24,5,1360,1,5,-1,1,-1
201506A099322,2,9,0,18,0,8,0,0,0,0,1,1,6,1,59,9,1598,2,1,-1,1,-1
201506A099322,3,9,0,18,0,8,0,0,0,0,1,1,6,2,32,6,1598,2,3,-1,1,-1
201506A099340,1,9,0,9,0,6,0,0,0,0,1,1,6,1,25,5,-1,-1,-1,-1,1,-1
201506A099340,2,9,0,18,0,2,0,0,0,0,1,1,2,2,39,7,1299,1,14,-1,1,-1
201506A099367,1,11,0,5,0,0,0,0,0,0,1,1,1,1,56,9,5900,2,8,-1,1,-1
201506A099438,1,9,0,18,0,0,0,0,0,0,1,1,6,2,29,6,1390,1,9,-1,1,-1
201506A099479,1,8,0,18,0,1,0,0,0,0,1,1,1,1,42,7,1968,2,6,-1,1,-1
201506A099486,1,3,0,18,0,1,5,0,0,0,3,1,6,1,21,5,124,1,6,-1,1,-1
201506A099486,2,8,0,18,0,1,0,0,0,0,4,1,6,1,30,6,1598,2,5,-1,1,-1
201506A099496,1,19,0,18,0,8,0,0,0,0,1,1,6,1,30,6,-1,-1,-1,-1,-1,-1
201506A099496,2,1,0,18,0,6,2,0,0,0,3,1,6,1,18,4,-1,-1,-1,-1,1,-1
201506A099512,1,9,0,14,0,0,0,0,0,0,1,1,6,2,23,5,998,1,-1,-1,1,-1
201506A099512,2,11,0,3,0,0,0,0,0,0,0,1,1,1,28,6,7300,2,10,-1,1,-1
201506A099536,1,9,0,9,0,8,0,0,0,0,1,1,1,1,58,9,998,1,1,-1,1,-1
201506A099536,2,9,0,18,0,8,0,0,0,0,1,1,1,1,30,6,1794,1,15,-1,1,-1
201506A099537,1,9,0,18,0,1,0,0,0,0,1,1,6,1,30,6,1896,2,11,-1,1,-1
201506A099537,2,9,0,3,0,1,0,0,0,0,2,1,6,1,42,7,1398,2,7,-1,1,-1
201506A099553,1,9,0,9,0,8,0,0,0,0,4,1,1,2,23,5,1388,1,4,-1,1,-1
201506A099553,2,9,0,18,0,8,0,0,0,0,1,1,1,2,37,7,1198,1,5,-1,1,-1
201506A099629,1,9,0,18,0,8,0,0,0,0,1,1,3,2,38,7,1229,1,1,-1,-1,-1
201506A099646,1,9,0,18,0,1,0,0,0,0,1,1,6,3,-1,-1,1796,1,12,-1,-1,-1
201506A099646,2,8,0,10,0,1,0,0,0,0,2,1,6,1,57,9,1910,2,7,-1,1,-1
201506A099661,1,9,0,1,0,1,0,0,0,0,2,1,6,2,30,6,-1,-1,-1,-1,-1,-1
201506A099690,1,9,0,18,0,8,0,0,7,10,4,1,1,1,30,6,2993,2,4,-1,-1,-1
201506A099690,2,9,0,9,0,8,0,0,0,0,3,1,6,2,36,7,1390,1,2,-1,1,-1
201506A099693,1,9,0,9,0,8,0,0,0,0,1,1,6,1,33,6,1796,1,13,-1,-1,-1
201506A099693,2,9,0,18,0,8,0,0,1,7,3,1,6,1,23,5,1998,1,9,-1,1,-1
201506A099698,1,9,0,18,0,1,0,0,0,0,4,1,6,1,30,6,-1,-1,-1,-1,-1,-1
201506A099698,2,1,0,18,0,1,0,0,0,0,2,1,2,1,30,6,-1,-1,-1,-1,1,-1
201506A099728,1,19,0,18,0,8,0,0,0,0,1,1,1,1,20,4,2287,2,1,-1,1,-1
201506A099728,2,9,0,18,0,8,0,0,0,0,3,1,6,1,28,6,1997,2,6,-1,1,-1
201506A099783,1,9,0,7,0,5,0,0,0,0,1,1,6,1,52,8,-1,-1,-1,-1,1,-1
201506A099783,2,9,0,7,2,1,0,0,0,0,1,1,6,1,26,6,1896,2,12,-1,1,-1
201506A099806,1,9,0,18,0,1,0,0,0,0,1,1,6,3,-1,-1,-1,-1,-1,-1,-1,-1
201506A099806,2,9,0,18,0,2,0,0,0,0,4,1,2,1,49,8,1560,2,2,-1,1,-1
201506A099838,1,9,0,10,0,2,0,0,0,0,2,1,6,2,26,6,1598,1,1,-1,1,-1
201506A099838,2,9,0,18,0,2,0,0,0,0,1,1,6,2,31,6,1596,1,14,-1,1,-1
201506A099838,3,9,0,18,0,2,0,0,0,0,1,1,6,2,23,5,1198,1,-1,-1,-1,-1
201506A099851,1,21,0,18,0,1,0,0,0,0,1,1,1,1,45,7,8970,2,10,-1,1,-1
201506A099851,2,9,0,18,0,1,0,0,0,0,2,1,2,2,20,4,1199,1,13,-1,1,-1
201506A099851,3,4,0,18,0,1,0,0,0,0,2,1,2,1,58,9,400,1,3,-1,1,-1
201506A099881,1,9,0,18,0,8,0,0,0,0,1,1,6,1,18,4,1686,2,11,-1,1,-1
201506A099881,2,8,0,18,0,8,0,0,1,0,3,1,2,1,54,8,2402,2,11,-1,1,-1
201506A099905,1,9,0,7,0,8,0,0,0,0,1,1,6,2,39,7,1390,1,13,-1,1,-1
201506A099905,2,4,0,16,0,8,0,0,0,0,4,1,6,1,40,7,659,1,11,-1,1,-1
201506A099966,1,9,0,18,0,0,0,0,0,0,3,1,6,1,21,5,1984,1,9,-1,1,-1
201506A099966,2,9,0,18,0,0,0,0,0,0,3,1,6,2,54,8,1388,1,4,-1,1,-1
201506A099989,1,3,0,9,0,5,0,0,0,0,2,1,6,1,30,6,-1,-1,-1,-1,-1,-1
201506A099989,2,1,0,18,0,8,0,0,0,0,1,1,6,2,31,6,-1,-1,-1,-1,1,-1
201506AF04769,1,9,0,3,0,0,0,0,0,0,1,1,6,1,20,4,1598,1,10,-1,1,-1
201506AF04769,2,9,0,18,0,0,0,0,0,0,2,1,6,1,28,6,1995,1,12,-1,1,-1
201506AF06110,1,8,0,18,0,8,0,0,0,0,3,1,6,1,30,6,-1,-1,-1,-1,-1,-1
201506AF06110,2,9,0,18,0,8,0,0,0,0,1,1,6,1,39,7,2231,2,3,-1,-1,-1
201506AF09891,1,11,0,18,0,1,0,0,0,0,0,1,1,1,46,8,7300,2,10,-1,1,-1
201506AQ01174,1,9,0,1,0,4,0,0,0,0,2,1,6,1,30,6,1997,2,13,-1,-1,-1
201506AQ01174,2,3,0,3,0,8,0,0,0,0,1,1,6,1,19,4,124,1,3,-1,1,-1
201506E000075,1,9,0,9,0,8,0,0,0,0,1,1,6,1,25,5,1598,2,3,-1,1,-1
201506E000075,2,8,0,18,0,8,0,0,0,0,1,1,1,1,35,6,1995,2,7,-1,1,-1
201506E000098,1,1,0,18,0,8,0,0,0,0,0,1,6,1,34,6,-1,-1,-1,-1,1,-1
201506E000098,2,9,0,18,0,8,0,0,0,0,0,1,6,2,50,8,-1,-1,-1,-1,1,-1
201506E000161,1,9,0,9,0,8,0,0,0,0,4,1,1,2,22,5,1299,1,8,-1,1,-1
201506E000386,1,9,0,12,0,0,0,0,0,0,3,1,6,1,31,6,998,1,16,-1,1,-1
201506E000386,2,9,0,18,0,0,0,0,4,0,4,1,6,1,27,6,-1,-1,-1,-1,1,-1
201506E000432,1,9,0,18,0,0,0,0,0,0,4,1,2,1,43,7,1896,2,8,-1,1,-1
201506E000489,1,9,0,18,0,8,0,0,0,0,1,1,6,1,31,6,1686,2,2,-1,1,-1
201506E000489,2,9,0,18,0,8,0,0,0,0,3,1,6,1,44,7,1396,1,1,-1,1,-1
201506E000499,1,9,0,9,0,2,0,0,0,0,3,1,2,1,29,6,1560,2,5,-1,1,-1
201506E000534,1,9,0,6,0,0,0,0,0,0,1,1,6,1,24,5,999,1,1,-1,1,-1
201506E000534,2,9,0,18,0,0,0,0,0,0,1,1,6,1,26,6,1598,1,9,-1,1,-1
201506E000534,3,9,0,2,0,0,0,0,0,0,3,1,6,3,-1,-1,1388,1,8,-1,-1,-1
201506E000578,1,9,0,18,0,8,0,0,0,0,1,1,6,2,19,4,1198,1,9,-1,1,-1
201506E000578,2,1,0,9,0,8,0,0,0,0,1,1,6,1,40,7,-1,-1,-1,-1,1,-1
201506E000604,1,8,0,3,0,0,0,0,0,0,2,1,1,1,54,8,1560,2,4,-1,1,-1
201506E000604,2,9,0,3,0,0,0,0,0,0,0,1,1,1,45,7,1686,2,11,-1,1,-1
201506E000643,1,9,0,18,0,1,0,0,0,0,1,1,6,1,20,4,1587,1,8,-1,1,-1
201506E000643,2,9,0,8,0,1,0,0,0,0,2,1,6,1,27,6,1461,2,1,-1,1,-1
201506E000745,1,9,0,18,0,1,1,0,0,0,1,1,6,2,27,6,-1,-1,-1,-1,1,-1
201506E000745,2,9,0,3,0,1,0,0,0,0,2,1,1,1,36,7,1896,2,9,-1,1,-1
201506E000745,3,9,0,3,0,1,0,0,0,0,2,1,6,1,37,7,1998,1,10,-1,1,-1
201506E000756,1,9,0,7,0,5,0,0,0,0,1,1,6,2,41,7,1296,1,7,-1,1,-1
201506E000756,2,1,0,18,0,8,0,0,0,0,2,1,6,2,23,5,-1,-1,-1,-1,-1,-1
201506E000762,1,90,0,7,0,1,0,0,0,0,4,1,6,1,26,6,-1,-1,-1,-1,1,-1
201506E000762,2,1,0,18,4,1,0,0,0,0,3,1,6,1,28,6,-1,-1,-1,-1,1,-1
201506E000781,1,9,0,18,0,1,0,0,0,0,1,1,2,2,26,6,998,1,1,-1,1,-1
201506E000849,1,9,0,18,0,1,0,0,0,0,2,1,6,1,27,6,1753,2,9,-1,1,-1