Accident_Index,Vehicle_Reference,Vehicle_Type,Towing_and_Articulation,Vehicle_Manoeuvre,Vehicle_Location-Restricted_Lane,Junction_Location,Skidding_and_Overturning,Hit_Object_in_Carriageway,Vehicle_Leaving_Carriageway,Hit_Object_off_Carriageway,1st_Point_of_Impact,Was_Vehicle_Left_Hand_Drive?,Journey_Purpose_of_Driver,Sex_of_Driver,Age_of_Driver,Age_Band_of_Driver,Engine_Capacity_(CC),Propulsion_Code,Age_of_Vehicle,Driver_IMD_Decile,Driver_Home_Area_Type,Vehicle_IMD_Decile
201506E000849,2,9,0,4,0,1,0,0,0,0,1,1,6,1,48,8,-1,-1,-1,-1,1,-1
201506E000966,1,90,0,18,0,2,5,0,1,4,1,1,1,1,64,9,2970,2,2,-1,1,-1
201506E001018,1,9,0,18,0,0,0,0,0,0,4,1,6,3,-1,-1,-1,-1,-1,-1,-1,-1
201506E001061,1,8,0,6,0,2,0,0,0,0,2,1,1,1,38,7,-1,-1,-1,-1,-1,-1
201506E001061,2,1,0,6,0,1,0,0,0,0,3,1,6,1,22,5,-1,-1,-1,-1,1,-1
201506E001094,1,9,0,18,0,1,0,0,0,1,1,1,1,1,77,11,1598,2,2,-1,1,-1
201506E001120,1,9,0,18,0,8,1,0,0,0,1,1,6,1,86,11,-1,-1,-1,-1,1,-1
201506E001120,2,9,0,18,0,8,2,0,0,0,1,1,6,2,51,8,998,1,2,-1,1,-1
201506E001120,3,9,0,18,0,8,0,0,0,0,1,1,6,1,56,9,1796,1,20,-1,1,-1
201506E001136,1,9,0,9,0,5,0,0,0,0,1,1,6,2,75,10,1396,1,17,-1,1,-1
201506E001136,2,1,0,18,0,8,0,0,0,0,3,1,6,1,30,6,-1,-1,-1,-1,-1,-1
201506E001223,1,9,0,18,0,8,0,0,0,0,3,1,6,1,30,6,1388,1,8,-1,1,-1
201506E001223,2,1,0,18,0,8,0,0,0,0,1,1,6,1,12,3,-1,-1,-1,-1,1,-1
201506E001226,1,9,0,18,0,8,0,0,0,0,1,1,6,1,30,6,-1,-1,-1,-1,-1,-1
201506E001226,2,9,0,18,0,8,1,0,0,0,4,1,6,1,47,8,1598,2,1,-1,1,-1
201506E001235,1,9,0,18,0,8,0,0,0,0,1,1,6,1,27,6,1956,2,2,-1,1,-1
201506E001235,2,9,0,18,0,8,0,0,0,0,4,1,6,1,41,7,2184,2,10,-1,1,-1
201506E001270,1,9,0,18,0,2,0,0,0,0,1,1,6,3,-1,-1,-1,-1,-1,-1,-1,-1
201506E001270,2,1,0,18,0,6,0,0,0,0,3,1,6,2,55,8,-1,-1,-1,-1,1,-1
201506E001279,1,11,0,4,2,2,0,0,0,0,1,1,1,1,57,9,-1,2,16,-1,1,-1
201506E001294,1,9,0,18,0,8,1,0,7,10,4,1,6,1,28,6,1398,1,5,-1,1,-1
201506E001294,2,9,0,15,0,8,1,0,0,0,1,1,1,1,50,8,-1,-1,-1,-1,1,-1
201506E001295,1,9,0,9,0,2,0,0,1,1,3,1,6,1,62,9,1998,2,12,-1,1,-1
201506E001295,2,18,0,18,1,8,0,0,0,0,1,1,1,1,46,8,-1,-1,-1,-1,1,-1
201506E001298,1,9,0,18,0,1,0,4,0,0,1,1,3,1,63,9,1995,2,2,-1,1,-1
201506E001298,2,9,0,2,0,1,0,4,0,0,1,1,6,3,-1,-1,1397,1,16,-1,-1,-1
201506E001298,3,9,0,2,0,1,0,0,0,0,1,1,6,3,-1,-1,1596,1,16,-1,-1,-1
201506E001299,1,1,0,18,0,1,0,0,0,0,1,1,6,1,51,8,-1,-1,-1,-1,1,-1
201506E001299,2,90,0,9,0,1,0,0,0,0,1,1,6,1,27,6,-1,-1,-1,-1,1,-1
201506E001304,1,2,0,18,0,2,0,4,1,0,1,1,6,1,26,6,50,1,3,-1,1,-1
201506E001304,2,9,0,2,0,2,0,0,0,0,1,1,6,3,-1,-1,1299,1,16,-1,-1,-1
201506E001353,1,9,0,17,0,8,0,0,0,0,1,1,6,1,59,9,998,1,6,-1,2,-1
201506E001353,2,9,0,9,0,8,0,0,0,0,4,1,2,2,34,6,1248,2,2,-1,1,-1
201506E001438,1,9,0,7,0,5,0,0,0,0,4,1,6,1,30,6,1998,2,8,-1,-1,-1
201506E001469,1,9,0,1,0,0,0,0,0,0,2,1,6,1,39,7,-1,-1,-1,-1,1,-1
201506E001470,1,9,0,3,0,1,0,0,0,0,1,1,6,3,-1,-1,1781,1,14,-1,-1,-1
201506E001470,2,9,0,3,0,1,0,0,0,0,2,1,6,1,26,6,1396,1,14,-1,1,-1
201506E001470,3,9,0,10,0,1,0,0,0,0,2,1,6,1,24,5,1995,2,12,-1,1,-1
201506E001483,1,9,0,6,0,1,0,0,0,0,3,1,1,2,40,7,-1,-1,-1,-1,1,-1
201506E001483,2,1,0,14,0,1,0,0,0,0,1,1,1,1,37,7,-1,-1,-1,-1,1,-1
201506E001486,1,9,0,18,0,8,0,0,0,0,1,1,6,1,39,7,1360,1,16,-1,1,-1
201506E001486,2,9,0,18,0,8,0,0,7,0,4,1,6,1,20,4,1149,1,17,-1,1,-1
201506E001513,1,9,0,17,0,8,5,10,1,10,2,1,6,1,18,4,1461,2,9,-1,-1,-1
201506E001513,2,9,0,17,0,8,0,0,0,0,0,1,1,1,30,6,2993,2,2,-1,-1,-1
201506E001550,1,9,0,9,0,8,0,0,0,0,3,1,6,2,43,7,1149,1,10,-1,1,-1
201506E001550,2,9,0,18,0,8,0,0,0,0,1,1,6,1,62,9,2495,2,12,-1,1,-1
201506E001563,1,9,0,9,0,8,0,0,0,0,4,1,6,2,67,10,1086,1,4,-1,1,-1
201506E001563,2,9,0,18,0,8,0,0,0,0,1,1,6,2,34,6,1242,1,1,-1,1,-1
201506E001635,1,9,0,7,0,2,0,0,0,0,1,1,6,1,30,6,-1,-1,-1,-1,-1,-1
201506E001670,1,9,0,5,0,0,0,0,0,0,3,1,6,2,24,5,1798,1,8,-1,1,-1
201506E001775,1,9,0,7,0,8,0,0,0,0,3,1,6,1,27,6,1242,1,13,-1,1,-1
201506E001775,2,9,0,18,0,8,1,0,0,0,1,2,2,1,26,6,-1,-1,-1,-1,1,-1
201506E001949,1,9,0,18,0,2,0,0,0,0,1,1,6,2,30,6,1598,1,6,-1,1,-1
201506E001949,2,9,0,3,0,2,0,0,0,0,2,1,6,1,20,4,1364,1,-1,-1,-1,-1
201506E001949,3,9,0,3,0,2,0,0,0,0,2,1,2,2,30,6,1388,1,12,-1,1,-1
201506E001964,1,9,0,18,0,1,0,0,0,0,1,1,6,1,35,6,-1,-1,-1,-1,1,-1
201506E001985,1,9,0,9,0,8,0,0,0,0,1,1,2,2,25,5,1596,1,11,-1,-1,-1
201506E001985,2,9,0,18,0,8,2,0,7,0,4,1,2,2,24,5,-1,-1,-1,-1,1,-1
201506E002006,1,1,0,18,4,8,0,0,0,0,1,1,6,2,46,8,-1,-1,-1,-1,1,-1
201506E002006,2,9,0,18,0,8,0,0,0,0,4,1,6,1,22,5,1329,1,1,-1,1,-1
201506E002021,1,9,0,2,0,0,0,0,0,0,1,1,6,2,39,7,-1,-1,-1,-1,1,-1
201506E002021,2,1,0,16,0,0,0,0,0,0,1,1,2,1,20,4,-1,-1,-1,-1,-1,-1
201506E002051,1,9,0,1,0,2,0,0,0,0,2,2,6,1,30,6,1749,1,13,-1,1,-1
201506E002207,1,9,0,9,0,2,5,0,0,0,1,1,6,1,25,5,1198,1,2,-1,1,-1
201506E002207,2,9,0,2,0,1,0,0,0,0,1,1,6,3,-1,-1,-1,-1,-1,-1,1,-1
201506E002210,1,1,0,18,0,8,0,0,0,0,1,1,2,1,30,6,-1,-1,-1,-1,1,-1
201506E002210,2,20,0,7,0,8,0,0,0,0,4,1,1,1,53,8,12740,2,1,-1,1,-1
201506E002226,1,21,0,11,0,0,0,0,0,0,1,1,1,1,46,8,-1,-1,-1,-1,1,-1
201506E002226,2,9,0,18,0,0,0,0,0,0,1,1,6,2,41,7,1596,1,10,-1,1,-1
201506E002276,1,8,0,18,0,0,0,0,0,2,1,1,1,1,27,6,1968,2,7,-1,-1,-1
201506E002301,1,9,0,18,0,1,0,0,7,1,1,1,6,1,57,9,3189,1,12,-1,1,-1
201506E002316,1,8,0,3,0,2,0,0,0,0,3,1,1,1,42,7,1997,2,7,-1,1,-1
201506E002316,2,1,0,18,0,2,0,0,0,0,1,1,4,1,13,3,-1,-1,-1,-1,1,-1
201506E002368,1,5,0,18,0,8,0,0,0,0,4,1,6,1,54,8,582,1,14,-1,1,-1
201506E002368,2,9,0,9,0,8,0,0,0,0,3,1,6,1,62,9,-1,-1,-1,-1,1,-1
201506E002368,3,9,0,18,0,8,0,0,0,0,1,1,6,2,45,7,-1,-1,-1,-1,1,-1
201506E002374,1,9,0,9,0,8,0,0,0,0,1,1,1,2,49,8,1198,1,8,-1,1,-1
201506E002374,2,1,0,18,0,8,0,0,0,0,1,1,1,1,35,6,-1,-1,-1,-1,1,-1
201506E002384,1,9,0,2,0,0,0,0,0,0,0,1,6,2,56,9,1598,1,8,-1,1,-1
201506E002384,2,1,0,13,0,0,0,0,0,0,3,1,6,2,67,10,-1,-1,-1,-1,-1,-1
201506E002421,1,9,0,6,0,8,0,0,0,0,3,1,6,2,57,9,1398,1,2,-1,1,-1
201506E002421,2,5,0,18,0,8,0,0,0,0,1,1,6,1,45,7,471,1,-1,-1,1,-1
201506E002459,1,9,0,18,0,1,0,0,0,0,1,1,6,2,19,4,1198,1,3,-1,1,-1
201506E002459,2,9,0,4,0,1,0,0,0,0,2,1,6,1,46,8,1769,1,13,-1,1,-1
201506E002513,1,9,0,18,0,1,0,0,0,0,1,1,6,2,30,6,-1,-1,-1,-1,-1,-1
201506E002520,1,4,0,18,0,1,2,0,1,0,1,1,6,1,30,6,498,1,25,-1,-1,-1
201506E002668,1,5,0,18,0,8,5,0,0,0,1,1,6,1,28,6,998,1,5,-1,1,-1
201506E002668,2,9,0,9,0,5,2,0,0,0,1,1,3,2,66,10,1461,2,1,-1,1,-1
201506E002692,1,9,0,9,0,6,0,0,0,0,1,1,6,2,33,6,1390,1,2,-1,1,-1
201506E002692,2,20,0,18,0,8,0,0,1,0,3,1,1,1,25,5,-1,-1,-1,-1,1,-1
201506E002785,1,3,0,18,0,8,0,0,0,0,0,1,6,1,21,5,125,1,10,-1,1,-1
201506E002785,2,9,0,9,0,8,0,0,0,0,0,1,6,2,20,4,1686,2,1,-1,1,-1
201506E002838,1,9,0,9,0,8,0,0,0,0,1,1,6,1,20,4,1390,1,6,-1,2,-1
201506E002838,2,9,0,18,0,8,0,0,0,0,1,1,2,2,52,8,1796,1,11,-1,1,-1
201506E002874,1,9,0,7,0,6,0,0,0,0,1,1,6,1,41,7,1598,1,9,-1,1,-1
201506E002874,2,11,0,18,0,8,0,0,0,0,3,1,1,1,51,8,6696,2,1,-1,-1,-1
201506E002933,1,11,0,18,0,1,0,0,0,0,4,1,1,3,-1,-1,-1,-1,-1,-1,-1,-1
201506E002933,2,1,0,18,0,1,0,0,0,0,3,1,6,1,34,6,-1,-1,-1,-1,-1,-1
201506E002946,1,9,0,9,0,8,0,0,0,0,1,1,6,1,78,11,1796,1,14,-1,1,-1
201506E002946,2,1,0,18,0,8,0,0,0,0,3,1,6,1,32,6,-1,-1,-1,-1,1,-1
201506E002953,1,9,0,18,0,5,0,0,0,0,1,1,6,3,-1,-1,-1,-1,-1,-1,-1,-1
201506E003007,1,9,0,4,0,0,0,0,0,0,1,1,6,1,31,6,1248,2,6,-1,-1,-1
201506E003007,2,9,0,3,0,0,0,0,0,0,2,1,6,1,42,7,1753,2,13,-1,1,-1
201506E003032,1,3,0,18,0,8,0,0,0,0,1,1,6,1,20,4,124,1,4,-1,1,-1
201506E003032,2,9,0,9,0,8,0,0,0,0,3,1,6,1,39,7,1968,2,2,-1,1,-1
201506E003045,1,8,0,6,0,0,0,0,0,0,3,1,6,1,46,8,1797,8,6,-1,1,-1
201506E003045,2,9,0,18,0,0,0,0,0,0,4,1,6,1,34,6,1360,1,15,-1,1,-1
201506E003052,1,9,0,9,0,8,0,0,0,0,1,1,6,2,23,5,1124,1,10,-1,1,-1
201506E003052,2,1,0,18,0,8,0,0,0,0,1,1,1,1,23,5,-1,-1,-1,-1,1,-1
201506E003104,1,3,0,6,0,8,0,0,0,0,4,1,6,1,51,8,124,1,5,-1,1,-1
201506E003104,2,9,0,18,0,8,0,0,0,0,1,1,1,1,50,8,1956,2,5,-1,1,-1
201506E003112,1,9,0,9,0,8,0,0,0,0,1,1,1,1,42,7,2987,2,8,-1,1,-1
201506E003112,2,9,0,18,0,8,1,0,0,0,1,1,6,1,23,5,1198,1,12,-1,1,-1
201506E003156,1,19,0,18,0,0,0,0,0,0,1,1,1,1,38,7,1995,2,3,-1,-1,-1
201506E003249,1,9,0,18,0,0,0,0,0,0,0,1,6,1,30,6,-1,-1,-1,-1,-1,-1
201506E003249,2,9,0,18,0,0,0,0,0,0,2,1,2,2,35,6,-1,-1,-1,-1,1,-1
201506E003249,3,19,0,18,0,0,1,0,0,0,1,1,2,1,29,6,1868,2,12,-1,1,-1
201506E003260,1,9,0,9,9,5,0,0,1,10,1,1,1,2,19,4,1360,1,10,-1,1,-1
201506E003269,1,9,0,18,0,8,0,0,0,0,1,1,6,1,35,6,1984,1,10,-1,1,-1
201506E003269,2,9,0,3,0,8,0,0,0,0,2,1,6,1,66,10,1396,1,12,-1,1,-1
201506E003279,1,5,0,18,0,8,0,0,0,0,1,1,6,1,22,5,599,1,17,-1,1,-1
201506E003279,2,9,0,9,0,8,0,0,0,0,1,1,2,1,31,6,1242,1,12,-1,1,-1
201506E003421,1,9,0,7,0,5,0,0,0,0,3,1,6,1,39,7,1587,1,11,-1,1,-1
201506E003440,1,9,0,1,0,0,0,0,0,0,2,1,6,3,-1,-1,1229,1,6,-1,-1,-1
201506E003441,1,9,0,18,0,8,0,0,0,0,1,1,6,1,23,5,1199,1,14,-1,1,-1
201506E003441,2,9,0,9,0,5,0,0,0,0,1,1,6,1,46,8,1991,2,7,-1,1,-1
201506E003441,3,9,0,10,0,1,0,0,0,0,0,1,6,1,26,6,1796,1,14,-1,1,-1
201506E003456,1,3,0,18,0,1,0,0,0,10,1,1,1,1,30,6,125,1,9,-1,1,-1
201506E003464,1,11,0,12,0,2,0,0,0,0,0,1,1,1,30,6,-1,-1,-1,-1,-1,-1
201506E003464,2,3,0,12,0,2,5,10,4,0,1,1,1,1,20,4,125,1,6,-1,1,-1
201506E003547,1,9,0,18,0,1,1,0,3,10,1,1,6,1,30,6,1388,1,11,-1,-1,-1
201506E003547,2,9,0,18,0,1,0,0,0,0,0,1,1,1,30,6,1560,2,4,-1,-1,-1
201506E003572,1,9,0,18,0,2,0,0,0,0,1,1,6,1,27,6,-1,-1,-1,-1,1,-1
201506E003572,2,5,0,3,0,2,0,0,0,0,2,1,6,2,41,7,800,1,1,-1,1,-1
201506E003585,1,9,0,5,0,0,0,0,0,0,1,1,6,2,64,9,1598,1,8,-1,1,-1
201506E003585,2,19,0,18,0,0,0,0,0,0,4,1,1,1,39,7,2143,2,4,-1,1,-1
201506E003585,3,9,0,2,0,0,0,0,0,0,3,1,6,1,75,10,1560,2,-1,-1,1,-1
201506E003812,1,9,0,18,0,1,0,0,0,0,1,1,6,1,30,6,2149,2,8,-1,-1,-1
201506E003812,2,9,0,18,0,1,0,0,0,0,2,1,6,1,37,7,-1,-1,-1,-1,1,-1
201506E003907,1,9,0,4,0,1,1,0,0,0,1,1,6,1,20,4,1198,1,11,-1,1,-1
201506E003907,2,9,0,4,0,1,0,0,0,0,2,1,6,2,20,4,1124,1,15,-1,1,-1
201506E003907,3,9,0,4,0,1,0,0,0,0,2,1,6,1,34,6,1368,1,4,-1,1,-1
201506E003909,1,9,0,9,0,6,0,0,0,0,3,1,6,2,27,6,1197,1,1,-1,1,-1
201506E003909,2,9,0,5,0,8,0,0,0,0,1,1,6,1,44,7,1461,2,3,-1,1,-1
201506E003915,1,9,0,18,0,1,0,0,0,0,1,1,6,2,24,5,1149,1,6,-1,1,-1
201506E003947,1,9,0,18,0,2,1,0,8,0,4,1,1,1,22,5,998,1,17,-1,1,-1
201506E003970,1,19,0,5,0,0,0,0,0,0,4,1,6,1,50,8,-1,-1,-1,-1,-1,-1
201506E003988,1,9,0,18,0,2,0,0,0,0,1,1,6,1,31,6,1598,1,9,-1,1,-1
201506E003988,2,9,0,2,0,2,0,0,0,0,2,1,6,3,-1,-1,998,1,13,-1,-1,-1
201506E004073,1,9,0,18,0,4,0,0,0,3,0,1,6,3,-1,-1,-1,-1,-1,-1,-1,-1
201506E004073,2,1,0,9,0,3,0,0,0,0,1,1,6,1,23,5,-1,-1,-1,-1,1,-1
201506E004206,1,9,0,9,8,8,0,0,0,0,1,1,1,1,39,7,2231,2,10,-1,1,-1
201506E004206,2,9,0,3,3,8,0,0,0,0,0,1,1,1,40,7,1595,1,10,-1,1,-1
201506E004206,3,1,0,18,0,8,0,0,0,0,0,1,1,1,50,8,-1,-1,-1,-1,1,-1
201506E004246,1,9,0,16,0,0,0,0,0,0,0,1,6,3,-1,-1,-1,-1,-1,-1,-1,-1
201506E004312,1,9,0,18,0,1,0,0,0,0,1,1,2,1,39,7,-1,-1,-1,-1,1,-1
201506E004312,2,9,0,4,0,1,0,0,0,0,2,1,6,2,29,6,1995,2,5,-1,1,-1
201506E004396,1,1,0,18,0,2,0,0,0,0,1,1,6,1,10,2,-1,-1,-1,-1,-1,-1
201506E004396,2,9,0,18,0,2,0,0,0,0,4,1,6,2,49,8,1341,1,12,-1,-1,-1
201506E004493,1,9,0,3,0,1,0,0,0,0,2,1,6,1,25,5,1968,2,5,-1,-1,-1
201506E004493,2,9,0,18,0,1,0,0,0,0,1,1,6,2,24,5,998,1,7,-1,1,-1
201506E004523,1,9,0,18,0,1,0,0,0,0,4,1,6,1,67,10,2494,8,1,-1,1,-1
201506E004600,1,9,0,18,0,0,0,0,0,0,4,1,6,1,21,5,1968,2,5,-1,1,-1
201506E004684,1,9,0,18,0,8,1,0,0,0,3,1,6,1,18,4,1198,1,8,-1,1,-1
201506E004684,2,9,0,18,0,8,0,0,0,0,4,1,6,1,18,4,1329,1,2,-1,1,-1
201506E004701,1,19,0,18,0,1,0,0,0,0,1,1,6,1,30,6,-1,-1,-1,-1,-1,-1
201506E004701,2,9,0,8,0,1,0,0,0,0,2,1,6,2,32,6,1461,2,10,-1,1,-1
201506E004850,1,9,0,7,0,2,0,0,0,0,1,1,6,3,-1,-1,1124,1,12,-1,-1,-1
201506E004850,2,9,0,10,0,1,0,0,0,0,1,1,6,2,45,7,1590,1,14,-1,1,-1
201506E004850,3,9,0,7,0,2,0,0,0,0,0,1,1,1,30,6,1896,2,7,-1,-1,-1
201506E005044,1,9,0,18,0,6,0,0,1,2,1,1,6,2,53,8,1086,1,10,-1,1,-1
201506E005103,1,9,0,6,0,0,0,0,0,0,0,1,2,1,30,6,1998,1,-1,-1,-1,-1
201506E005103,2,1,0,18,0,0,0,0,0,0,0,1,6,1,64,9,-1,-1,-1,-1,1,-1
201506E005165,1,9,0,4,0,0,0,0,0,0,2,1,1,1,55,8,-1,-1,-1,-1,1,-1
201506E005165,2,9,0,18,0,0,0,0,0,0,3,1,6,3,-1,-1,-1,-1,-1,-1,-1,-1
201506E005202,1,9,0,7,0,8,0,0,0,0,4,1,6,2,25,5,1399,2,6,-1,1,-1
201506E005202,2,9,0,18,0,8,0,0,0,0,1,1,6,1,22,5,-1,-1,-1,-1,1,-1
201506E005235,1,9,0,18,0,0,0,0,0,0,1,1,6,1,20,4,1229,1,8,-1,-1,-1
201506E005356,1,9,0,5,0,0,0,0,0,0,4,1,6,2,33,6,1796,1,1,-1,1,-1
201506E005361,1,9,0,9,0,6,0,0,0,0,1,1,6,1,19,4,973,1,12,-1,1,-1
201506E005361,2,9,0,18,0,1,0,0,0,0,3,1,6,1,33,6,1398,1,6,-1,1,-1
201506E005391,1,9,0,9,0,8,0,0,0,0,1,1,6,1,47,8,1995,2,5,-1,1,-1
201506E005391,2,9,0,18,0,8,0,0,0,0,1,1,6,1,60,9,998,1,14,-1,1,-1
201506E005462,1,9,0,9,0,8,0,0,0,0,4,1,6,1,33,6,2993,2,8,-1,1,-1
201506E005462,2,9,0,18,0,8,0,0,0,0,1,1,6,1,36,7,1390,1,5,-1,1,-1
201506E005544,1,9,0,18,0,0,1,0,7,10,1,1,6,1,21,5,1398,1,11,-1,1,-1
201506E005679,1,5,0,18,0,0,0,0,0,0,1,1,6,1,30,6,-1,-1,-1,-1,1,-1
201506E005679,2,9,0,2,0,0,0,0,0,4,0,1,6,3,-1,-1,1598,2,-1,-1,1,-1
201506E005848,1,9,0,9,0,8,0,0,0,0,1,1,6,2,28,6,1242,1,9,-1,-1,-1
201506E005848,2,1,0,18,0,8,0,0,0,0,1,1,6,1,24,5,-1,-1,-1,-1,1,-1
201506E005939,1,9,0,18,0,0,1,0,0,0,1,1,6,1,51,8,-1,-1,-1,-1,1,-1
201506E005939,2,9,0,4,0,0,0,0,0,0,2,1,1,1,30,6,1248,2,5,-1,-1,-1
201506E005944,1,9,0,9,0,8,0,0,0,0,1,1,2,2,63,9,1198,1,4,-1,1,-1
201506E005944,2,9,0,18,8,8,0,0,0,1,0,1,1,1,41,7,1984,1,13,-1,-1,-1
201506E005956,1,9,0,18,0,2,0,0,0,0,1,1,6,1,59,9,1596,1,14,-1,1,-1
201506E005956,2,9,0,3,0,2,0,0,0,0,2,1,6,1,40,7,2143,2,2,-1,-1,-1
201506E006052,1,11,0,18,0,6,0,0,0,0,1,1,1,1,30,6,-1,-1,-1,-1,-1,-1
201506E006052,2,9,0,18,0,6,0,0,0,0,1,1,1,1,45,7,1598,1,4,-1,1,-1
201506E006052,3,9,0,4,0,2,0,0,0,0,3,1,6,1,25,5,1395,1,-1,-1,1,-1
201506E006054,1,9,0,9,0,5,0,0,0,0,1,2,1,1,22,5,1896,2,6,-1,1,-1
201506E006054,2,1,0,18,4,8,0,0,0,0,1,1,2,1,35,6,-1,-1,-1,-1,1,-1
201506E006068,1,9,0,18,0,0,0,0,0,0,4,1,2,2,39,7,1956,2,2,-1,1,-1
201506E006071,1,9,0,9,0,5,0,0,7,0,3,1,6,1,30,6,1995,2,7,-1,1,-1
201506E006071,2,5,0,18,0,8,2,0,7,0,4,1,6,1,39,7,800,1,13,-1,1,-1
201506E006085,1,9,0,6,0,8,0,0,0,0,3,1,6,1,30,6,1242,1,9,-1,-1,-1
201506E006085,2,9,0,18,0,8,0,0,0,0,1,1,6,1,22,5,1199,1,14,-1,1,-1
201506E006160,1,1,0,9,0,5,0,0,0,0,2,1,6,1,22,5,-1,-1,-1,-1,1,-1
201506E006160,2,9,0,18,0,8,0,0,0,0,1,1,1,1,43,7,2993,2,2,-1,-1,-1
201506E006189,1,9,0,18,0,6,0,0,0,0,1,1,1,1,36,7,1598,2,3,-1,-1,-1
201506E006189,2,9,0,18,0,8,0,0,0,0,1,1,6,1,19,4,1124,1,10,-1,1,-1
201506E006200,1,9,0,18,0,2,0,0,0,0,4,1,2,2,66,10,1896,2,7,-1,1,-1
201506E006216,1,9,0,18,0,1,0,0,0,0,1,1,6,1,32,6,1998,2,9,-1,1,-1
201506E006216,2,9,0,3,0,1,0,0,0,0,2,1,6,1,42,7,1461,2,7,-1,1,-1
201506E006223,1,9,0,9,0,2,0,0,0,0,1,1,6,1,37,7,1599,1,11,-1,1,-1
201506E006223,2,1,0,18,0,1,0,0,0,0,1,1,6,2,27,6,-1,-1,-1,-1,1,-1
201506E006273,1,19,0,1,0,1,0,0,0,0,2,1,6,1,30,6,-1,-1,-1,-1,-1,-1
201506E006409,1,9,0,18,0,8,0,0,0,0,1,1,6,3,-1,-1,-1,-1,-1,-1,-1,-1
201506E006409,2,9,0,18,0,8,0,0,0,0,3,1,6,2,34,6,1598,1,6,-1,1,-1
201506E006475,1,9,0,18,0,1,0,0,0,0,1,1,6,1,38,7,1850,1,15,-1,1,-1
201506E006499,1,9,0,3,0,8,0,0,0,0,2,1,6,1,58,9,1686,2,10,-1,1,-1
201506E006499,2,20,0,18,0,8,0,0,0,0,1,1,6,1,26,6,-1,-1,-1,-1,-1,-1
201506E006586,1,9,0,18,0,8,0,0,0,0,1,1,6,3,-1,-1,2319,1,16,-1,-1,-1
201506E006586,2,9,0,18,0,8,0,0,0,0,4,1,6,1,22,5,-1,-1,-1,-1,1,-1
201506E006621,1,9,0,9,0,8,0,0,0,0,1,1,6,2,22,5,1242,1,3,-1,1,-1
201506E006621,2,9,0,18,0,8,0,0,0,0,3,1,6,1,35,6,1296,1,8,-1,1,-1
201506E006674,1,5,0,13,0,8,2,0,0,0,1,1,6,1,26,6,996,1,14,-1,1,-1
201506E006674,2,9,0,9,0,5,0,0,0,0,3,1,2,1,36,7,1560,2,2,-1,1,-1
201506E006677,1,9,0,18,0,1,0,0,6,2,4,1,6,1,22,5,4398,1,10,-1,1,-1
201506E006681,1,9,0,18,0,6,0,0,0,0,4,1,6,1,42,7,1600,1,16,-1,1,-1
201506E006681,2,9,0,18,0,8,0,0,0,0,1,1,6,1,39,7,1560,2,-1,-1,1,-1
201506E006795,1,9,0,13,0,1,0,0,0,0,1,1,6,1,32,6,1339,1,1,-1,1,-1
201506E006795,2,9,0,9,0,1,0,0,0,0,1,1,6,2,45,7,1598,1,1,-1,1,-1
201506E006797,1,9,0,16,0,0,0,4,0,0,1,1,6,1,35,6,1395,1,1,-1,-1,-1
201506E006797,2,9,0,2,0,0,0,0,0,0,1,1,6,1,39,7,2497,2,11,-1,-1,-1
201506E006799,1,9,0,9,0,8,0,0,0,0,4,1,6,1,22,5,2143,2,-1,-1,1,-1
201506E006799,2,5,0,18,0,8,0,0,0,0,1,1,6,1,22,5,599,1,12,-1,-1,-1
201506E006833,1,9,0,9,0,6,0,0,0,0,1,1,6,2,51,8,1396,1,14,-1,1,-1
201506E006833,2,9,0,18,0,8,0,0,7,2,1,1,1,1,37,7,1422,2,10,-1,1,-1
201506E006847,1,19,0,18,0,0,0,0,0,0,1,1,1,1,20,4,1995,2,2,-1,1,-1
201506E006847,2,21,0,2,0,0,0,0,0,0,0,1,1,1,50,8,-1,-1,-1,-1,1,-1
201506E006873,1,9,0,9,0,8,0,0,0,0,1,1,6,1,49,8,1596,1,10,-1,1,-1
201506E006873,2,1,0,18,0,8,0,0,0,0,1,1,6,1,32,6,-1,-1,-1,-1,1,-1
201506E006905,1,9,0,7,0,8,0,0,0,0,4,1,6,1,73,10,2149,2,8,-1,1,-1
201506E006905,2,1,0,18,4,1,0,0,0,0,1,1,2,2,21,5,-1,-1,-1,-1,1,-1
201506E006906,1,5,0,18,0,8,0,0,0,0,1,1,6,1,29,6,998,1,16,-1,1,-1
201506E006906,2,9,0,9,0,8,0,0,0,0,2,1,6,1,27,6,2967,2,1,-1,-1,-1
201506E006914,1,9,0,18,0,8,0,0,0,0,1,1,6,1,19,4,2000,1,10,-1,-1,-1
201506E006914,2,9,0,18,0,8,0,0,0,0,2,1,6,1,34,6,1390,1,14,-1,1,-1
201506E006914,3,9,0,18,0,8,0,0,0,0,2,1,6,1,49,8,1598,1,14,-1,1,-1
201506E006914,4,9,0,18,0,8,0,0,0,0,2,1,6,1,43,7,1198,1,11,-1,-1,-1
201506E006914,5,9,0,18,0,8,0,0,0,0,2,1,6,1,34,6,2000,1,5,-1,1,-1
201506E006926,1,9,0,9,0,8,0,0,0,0,4,1,6,3,-1,-1,-1,-1,-1,-1,-1,-1
201506E006926,2,2,0,9,0,8,0,0,0,0,3,1,2,2,43,7,49,1,4,-1,1,-1