Accident_Index,Vehicle_Reference,Vehicle_Type,Towing_and_Articulation,Vehicle_Manoeuvre,Vehicle_Location-Restricted_Lane,Junction_Location,Skidding_and_Overturning,Hit_Object_in_Carriageway,Vehicle_Leaving_Carriageway,Hit_Object_off_Carriageway,1st_Point_of_Impact,Was_Vehicle_Left_Hand_Drive?,Journey_Purpose_of_Driver,Sex_of_Driver,Age_of_Driver,Age_Band_of_Driver,Engine_Capacity_(CC),Propulsion_Code,Age_of_Vehicle,Driver_IMD_Decile,Driver_Home_Area_Type,Vehicle_IMD_Decile
201506E006926,3,9,0,2,0,8,0,0,0,0,3,1,6,2,24,5,1582,2,1,-1,-1,-1
201506E006961,1,9,0,4,0,0,0,0,0,0,1,1,6,1,33,6,1598,2,-1,-1,1,-1
201506E006961,2,9,0,4,0,0,0,0,0,0,2,1,6,1,59,9,1596,1,9,-1,-1,-1
201506E006961,3,9,0,4,0,0,0,0,0,0,2,1,6,1,64,9,1398,1,1,-1,-1,-1
201506E007228,1,9,0,18,0,8,0,0,0,0,3,1,6,1,30,6,1560,2,4,-1,1,-1
201506E007228,2,9,0,18,0,8,0,0,0,0,1,1,6,1,23,5,-1,-1,-1,-1,1,-1
201506E007271,1,9,0,9,0,8,0,0,0,0,4,1,6,3,-1,-1,1339,1,8,-1,-1,-1
201506E007271,2,2,0,18,0,8,1,0,0,0,1,1,4,1,17,4,100,1,7,-1,1,-1
201506E007415,1,9,0,18,0,8,0,0,0,0,2,1,6,2,30,6,1397,1,8,-1,-1,-1
201506E007415,2,8,0,18,0,8,0,0,0,0,2,1,1,1,38,7,1497,8,7,-1,1,-1
201506E007431,1,9,0,9,0,8,0,0,0,0,1,1,1,1,39,7,1461,2,9,-1,1,-1
201506E007431,2,8,0,18,0,8,0,0,0,0,3,1,1,1,34,6,1995,2,8,-1,1,-1
201506E007437,1,9,0,18,0,8,1,0,7,0,1,1,6,1,20,4,1368,1,6,-1,-1,-1
201506E007437,2,9,0,9,0,8,0,0,0,0,1,1,6,1,40,7,1598,1,11,-1,1,-1
201506E007452,1,9,0,11,4,0,0,0,0,0,1,1,6,1,37,7,1598,1,3,-1,1,-1
201506E007452,2,1,0,18,4,0,0,0,0,0,3,1,6,1,56,9,-1,-1,-1,-1,1,-1
201506E007501,1,11,0,12,0,2,0,0,0,0,1,1,1,1,65,9,-1,2,16,-1,1,-1
201506E007530,1,9,0,18,0,2,0,0,0,0,1,1,1,1,56,9,1900,2,9,-1,1,-1
201506E007543,1,9,0,18,0,6,0,0,0,0,4,1,6,1,29,6,2179,2,-1,-1,1,-1
201506E007543,2,9,0,18,0,8,0,0,0,0,1,1,6,1,35,6,1388,1,12,-1,1,-1
201506E007587,1,9,0,9,0,8,0,0,0,0,1,1,1,1,45,7,1598,1,8,-1,1,-1
201506E007587,2,1,0,17,0,8,0,0,0,0,2,1,2,2,28,6,-1,-1,-1,-1,1,-1
201506E007643,1,9,0,18,0,8,0,0,0,0,4,1,6,1,20,4,1587,1,8,-1,1,-1
201506E007643,2,9,0,18,0,8,0,0,0,0,3,1,6,2,29,6,1390,1,9,-1,1,-1
201506E007684,1,9,0,5,0,8,0,0,0,0,1,1,6,1,-1,-1,1968,2,1,-1,-1,-1
201506E007684,2,1,0,18,0,8,0,0,0,0,4,1,2,1,31,6,-1,-1,-1,-1,1,-1
201506E007690,1,9,0,5,0,0,0,0,0,0,1,1,6,1,30,6,1910,2,7,-1,-1,-1
201506E007690,2,9,0,6,0,0,0,0,0,0,2,1,3,2,20,4,-1,-1,-1,-1,1,-1
201506E007700,1,9,0,18,0,8,1,0,2,2,1,1,6,1,21,5,1794,1,13,-1,1,-1
201506E007700,2,10,0,18,0,8,0,0,0,0,2,1,1,1,37,7,-1,-1,-1,-1,1,-1
201506E007854,1,9,0,18,0,8,0,0,0,0,1,1,6,1,73,10,1794,1,13,-1,1,-1
201506E007854,2,9,0,9,0,8,0,0,0,0,1,1,2,2,23,5,1598,2,1,-1,1,-1
201506E007965,1,19,0,18,0,0,0,0,0,0,1,1,6,1,49,8,2198,2,-1,-1,1,-1
201506E007965,2,9,0,18,0,0,0,0,0,0,2,1,6,1,30,6,1560,2,3,-1,1,-1
201506E007987,1,9,0,4,0,1,1,0,0,0,1,1,6,3,-1,-1,-1,-1,-1,-1,-1,-1
201506E007987,2,9,0,4,0,1,0,0,0,0,2,1,1,2,39,7,1496,2,-1,-1,2,-1
201506E007994,1,11,0,18,2,1,0,0,0,0,1,1,1,1,50,8,4461,2,1,-1,1,-1
201506E008002,1,9,0,18,0,4,0,0,0,0,1,1,2,2,37,7,1596,1,13,-1,1,-1
201506E008002,2,1,0,17,0,8,0,0,0,0,2,1,6,1,47,8,-1,-1,-1,-1,1,-1
201506E008012,1,9,0,5,0,8,0,0,0,0,1,1,1,2,29,6,-1,-1,-1,-1,1,-1
201506E008012,2,1,0,18,0,8,0,0,0,0,1,1,6,2,25,5,-1,-1,-1,-1,2,-1
201506E008085,1,9,0,18,0,8,0,0,0,0,4,1,6,1,57,9,1910,2,11,-1,1,-1
201506E008094,1,9,0,9,0,8,0,0,0,0,4,1,6,1,47,8,1461,2,12,-1,1,-1
201506E008094,2,5,0,18,0,8,2,0,0,0,3,1,6,1,29,6,636,1,2,-1,1,-1
201506E008126,1,21,0,18,0,0,0,0,0,0,1,1,1,1,56,9,3920,2,2,-1,1,-1
201506E008314,1,9,0,18,0,8,0,0,0,0,1,1,6,1,84,11,1242,1,1,-1,1,-1
201506E008314,2,9,0,9,0,8,0,0,0,0,2,1,6,1,52,8,998,1,1,-1,1,-1
201506E008352,1,1,0,18,0,1,1,0,0,0,0,1,4,1,15,3,-1,-1,-1,-1,1,-1
201506E008352,2,9,0,18,0,1,0,0,0,0,0,1,6,2,49,8,1598,1,11,-1,-1,-1
201506E008362,1,9,0,13,0,0,0,0,0,0,4,1,6,1,49,8,998,1,11,-1,1,-1
201506E008362,2,9,0,18,0,0,0,0,0,0,1,1,6,1,42,7,1598,1,1,-1,1,-1
201506E008390,1,8,0,18,0,0,0,0,0,0,4,1,6,1,30,6,2499,2,6,-1,1,-1
201506E008480,1,9,0,18,0,7,0,0,0,0,1,1,6,1,23,5,1597,1,6,-1,-1,-1
201506E008480,2,9,0,18,0,7,0,0,0,0,2,1,6,1,20,4,1598,2,5,-1,-1,-1
201506E008547,1,9,0,5,0,8,0,0,0,1,0,1,2,2,31,6,1598,1,8,-1,1,-1
201506E008648,1,9,0,13,0,8,0,0,0,0,1,1,6,1,30,6,1995,2,1,-1,-1,-1
201506E008648,2,8,0,9,0,8,0,0,0,0,3,1,6,1,39,7,3175,1,11,-1,1,-1
201506E008648,3,9,0,18,0,8,0,0,0,0,3,1,6,1,28,6,2204,2,9,-1,1,-1
201506E008674,1,8,0,18,0,8,0,0,0,0,3,1,1,1,40,7,1598,2,2,-1,1,-1
201506E008674,2,1,0,18,0,8,0,0,0,0,1,1,6,1,50,8,-1,-1,-1,-1,1,-1
201506E008793,1,5,0,4,0,8,0,0,0,0,1,1,6,1,30,6,-1,-1,-1,-1,1,-1
201506E008793,2,1,0,18,0,8,0,0,0,0,1,1,6,1,46,8,-1,-1,-1,-1,1,-1
201506E008866,1,9,0,9,0,5,0,0,0,0,1,1,6,1,20,4,1229,1,-1,-1,1,-1
201506E008866,2,1,0,18,0,8,0,0,0,0,1,1,6,1,18,4,-1,-1,-1,-1,1,-1
201506E008990,1,9,0,18,0,1,0,0,0,0,1,1,6,1,30,6,-1,-1,-1,-1,-1,-1
201506E009034,1,9,0,12,0,1,0,0,0,0,3,1,6,2,27,6,1360,1,15,-1,1,-1
201506E009034,2,9,0,18,0,1,1,7,2,10,4,1,6,2,36,7,1461,2,-1,-1,1,-1
201506E009212,1,9,0,18,0,8,0,0,0,0,1,1,1,1,70,10,2720,2,8,-1,1,-1
201506E009239,1,9,0,18,0,4,0,0,0,0,3,1,6,1,30,6,-1,-1,-1,-1,-1,-1
201506E009239,2,9,0,18,0,3,0,0,0,0,4,1,6,2,28,6,1598,2,1,-1,1,-1
201506E009240,1,9,0,9,0,8,0,0,0,0,1,1,1,1,74,10,1198,1,-1,-1,1,-1
201506E009240,2,1,0,18,0,8,0,0,0,0,1,1,6,2,27,6,-1,-1,-1,-1,1,-1
201506E009260,1,9,0,18,0,8,0,0,0,0,1,1,6,3,-1,-1,-1,-1,-1,-1,-1,-1
201506E009260,2,9,0,9,0,6,0,0,0,0,2,1,6,2,29,6,1240,1,10,-1,1,-1
201506E009277,1,21,0,9,0,8,5,0,0,0,4,1,1,1,34,6,-1,-1,-1,-1,1,-1
201506E009348,1,9,0,18,0,1,0,0,0,0,1,1,1,1,60,9,1796,1,8,-1,1,-1
201506E009348,2,9,0,18,0,1,0,0,0,0,2,1,6,2,31,6,1386,1,9,-1,1,-1
201506E009348,3,9,0,18,0,1,0,0,0,0,2,1,2,1,46,8,1968,2,3,-1,1,-1
201506E009395,1,9,0,7,0,8,0,0,0,0,1,1,6,1,39,7,-1,-1,-1,-1,1,-1
201506E009395,2,1,0,18,0,8,0,0,0,0,3,1,6,1,55,8,-1,-1,-1,-1,1,-1
201506E009396,1,9,0,7,0,3,0,0,0,0,1,1,6,1,37,7,2902,2,11,-1,1,-1
201506E009459,1,9,0,9,0,5,0,0,0,0,0,1,6,1,45,7,1124,1,9,-1,-1,-1
201506E009459,2,4,0,18,0,8,1,0,0,0,0,1,1,1,20,4,125,1,-1,-1,1,-1
201506E009482,1,9,0,9,0,8,0,0,0,0,1,1,6,1,19,4,1242,1,8,-1,1,-1
201506E009482,2,4,0,18,0,8,0,0,0,0,1,1,6,1,17,4,125,1,6,-1,1,-1
201506E009570,1,9,0,18,0,0,0,0,0,0,1,1,1,1,26,6,1997,2,8,-1,1,-1
201506E009571,1,9,0,9,0,5,0,0,0,0,1,1,6,1,30,6,-1,-1,-1,-1,-1,-1
201506E009752,1,20,1,18,0,1,0,0,0,0,1,1,1,1,51,8,-1,2,13,-1,1,-1
201506E009752,2,1,0,18,0,1,0,0,0,0,1,1,6,1,16,4,-1,-1,-1,-1,1,-1
201506E009765,1,9,0,6,0,1,0,0,0,0,1,1,6,2,25,5,1598,1,2,-1,1,-1
201506E009765,2,9,0,17,0,2,0,0,0,0,3,1,6,1,36,7,1968,2,6,-1,3,-1
201506E009783,1,9,0,9,0,8,0,0,0,0,4,1,6,2,48,8,1198,1,9,-1,1,-1
201506E009783,2,1,0,18,0,8,2,0,0,0,1,1,2,1,32,6,-1,-1,-1,-1,1,-1
201506E009856,1,9,0,18,0,2,0,0,0,0,1,1,6,3,-1,-1,1499,2,-1,-1,-1,-1
201506E009856,2,9,0,18,0,1,0,0,0,0,4,1,6,1,36,7,2993,2,1,-1,-1,-1
201506E009856,3,9,0,18,0,1,0,0,0,0,3,1,6,2,44,7,1968,2,5,-1,3,-1
201506E009856,4,9,0,18,0,1,0,0,0,0,4,1,6,1,33,6,1590,1,10,-1,1,-1
201506E009856,5,9,0,18,0,1,0,0,0,0,4,1,6,1,55,8,1968,2,7,-1,1,-1
201506E009856,6,9,0,4,0,1,0,0,0,0,0,1,1,1,23,5,1388,1,8,-1,1,-1
201506E009881,1,11,0,18,0,0,0,0,0,1,1,2,1,1,58,9,-1,-1,-1,-1,-1,-1
201506E009887,1,9,0,9,0,2,0,0,0,0,1,1,6,1,58,9,1598,1,5,-1,1,-1
201506E009900,1,19,0,9,0,8,0,0,0,0,4,1,2,2,51,8,2298,2,4,-1,1,-1
201506E009900,2,1,0,18,2,8,0,0,0,1,2,1,2,2,24,5,-1,-1,-1,-1,1,-1
201506E009958,1,9,0,18,0,1,0,0,0,0,1,1,6,3,-1,-1,-1,-1,-1,-1,-1,-1
201506E009958,2,1,0,18,0,1,0,0,0,0,2,1,6,1,27,6,-1,-1,-1,-1,1,-1
201506E009966,1,9,0,9,0,8,0,0,0,0,1,1,1,1,53,8,1968,2,5,-1,1,-1
201506E009966,2,1,0,18,0,8,0,0,0,0,1,1,6,1,38,7,-1,-1,-1,-1,1,-1
201506E009986,1,9,0,18,0,8,0,0,0,0,3,1,1,1,30,6,1598,1,5,-1,1,-1
201506E009986,2,9,0,18,0,8,0,0,0,0,1,1,6,1,25,5,1968,2,1,-1,1,-1
201506E010014,1,9,0,17,0,0,0,0,0,0,0,1,1,2,50,8,998,1,11,-1,1,-1
201506E010224,1,9,0,9,0,8,0,0,0,0,1,1,6,3,-1,-1,1896,2,15,-1,-1,-1
201506E010224,2,1,0,18,0,8,0,0,0,0,2,1,1,1,26,6,-1,-1,-1,-1,1,-1
201506E010323,1,9,0,18,0,1,0,0,0,0,1,1,6,1,22,5,1198,1,3,-1,1,-1
201506E010323,2,9,0,4,0,1,0,0,0,0,2,1,6,2,55,8,1388,1,5,-1,1,-1
201506E010323,3,9,0,4,0,1,0,0,0,0,2,1,6,1,44,7,1968,2,3,-1,1,-1
201506E010424,1,9,0,9,0,8,0,0,0,0,0,1,2,2,52,8,1296,1,9,-1,1,-1
201506E010424,2,4,0,18,0,8,0,0,0,0,0,1,2,1,20,4,499,1,15,-1,2,-1
201506E010528,1,9,0,3,0,8,0,0,0,0,1,1,6,3,-1,-1,-1,-1,-1,-1,-1,-1
201506E010528,2,3,0,18,0,8,0,7,1,2,2,1,6,1,53,8,125,1,-1,-1,1,-1
201506E010564,1,9,0,9,0,8,0,0,0,0,1,1,6,1,29,6,1390,1,6,-1,1,-1
201506E010766,1,9,0,9,0,8,0,0,0,0,4,1,6,2,28,6,1398,1,-1,-1,1,-1
201506E010766,2,9,0,18,0,8,0,0,0,0,1,1,6,1,26,6,1997,2,7,-1,1,-1
201506E095675,1,9,0,18,0,1,0,0,0,0,1,1,2,1,44,7,1390,1,6,-1,1,-1
201506E095821,1,9,0,9,0,1,0,0,0,0,1,1,6,2,40,7,-1,-1,-1,-1,1,-1
201506E095821,2,9,0,18,0,1,0,0,0,0,1,1,6,2,20,4,1299,1,13,-1,1,-1
201506E096003,1,9,0,18,0,1,0,0,0,0,4,1,2,2,36,7,1339,1,7,-1,1,-1
201506E096003,2,1,0,9,0,1,0,0,0,0,3,1,2,1,45,7,-1,-1,-1,-1,-1,-1
201506E096009,1,9,0,9,0,8,0,0,0,0,1,1,6,1,30,6,998,1,12,-1,-1,-1
201506E096009,2,9,0,7,0,8,0,0,0,0,4,1,3,1,36,7,1686,2,6,-1,1,-1
201506E096110,1,9,0,18,4,8,0,0,0,0,3,1,6,1,30,6,1968,2,2,-1,-1,-1
201506E096148,1,9,0,18,0,4,0,0,0,0,1,1,6,2,21,5,1968,2,2,-1,3,-1
201506E096148,2,9,0,18,0,3,0,0,0,0,4,1,6,2,44,7,3628,2,8,-1,1,-1
201506E096160,1,9,0,5,0,1,0,0,0,0,0,1,6,1,25,5,1598,2,3,-1,1,-1
201506E096253,1,9,0,9,0,8,0,0,0,0,1,1,6,3,-1,-1,-1,-1,-1,-1,-1,-1
201506E096287,1,9,0,1,0,2,0,0,0,0,3,1,6,2,37,7,998,1,15,-1,1,-1
201506E096339,1,3,0,18,0,8,0,0,0,0,1,1,2,1,22,5,124,1,10,-1,1,-1
201506E096339,2,9,0,6,0,8,0,0,0,0,1,1,1,1,30,6,1061,1,10,-1,-1,-1
201506E096555,1,9,0,9,0,8,0,0,0,0,1,1,6,3,-1,-1,1598,2,1,-1,-1,-1
201506E096555,2,9,0,18,0,8,0,0,3,10,1,1,6,2,41,7,-1,-1,-1,-1,1,-1
201506E096572,1,9,0,14,0,2,0,0,0,0,3,1,6,2,32,6,1686,2,9,-1,1,-1
201506E096572,2,9,0,6,0,6,0,0,0,0,2,1,6,1,38,7,1598,1,9,-1,1,-1
201506E096575,1,9,0,18,0,1,0,0,0,0,4,1,1,1,21,5,-1,-1,-1,-1,-1,-1
201506E096575,2,1,0,18,0,8,0,0,0,0,0,1,6,1,28,6,-1,-1,-1,-1,-1,-1
201506E096608,1,9,0,5,0,4,0,0,0,0,3,1,6,3,-1,-1,-1,-1,-1,-1,-1,-1
201506E096608,2,1,0,18,0,8,0,0,0,0,2,1,2,2,31,6,-1,-1,-1,-1,1,-1
201506E096710,1,9,0,3,0,0,0,0,0,0,4,1,6,2,30,6,1149,1,7,-1,1,-1
201506E096710,2,1,0,18,4,0,0,0,0,0,1,1,6,1,31,6,-1,-1,-1,-1,1,-1
201506E096846,1,9,0,18,0,2,0,0,0,0,1,1,6,1,38,7,1560,2,7,-1,1,-1
201506E096846,2,9,0,18,0,2,0,0,0,0,2,1,6,1,43,7,-1,-1,-1,-1,1,-1
201506E096846,3,19,0,18,0,2,0,0,0,0,2,1,1,1,31,6,-1,-1,-1,-1,1,-1
201506E096846,4,9,0,18,0,2,0,0,0,0,2,1,6,2,24,5,1360,1,9,-1,1,-1
201506E096846,5,9,0,18,0,2,0,0,0,0,2,1,6,2,34,6,1599,1,10,-1,1,-1
201506E096864,1,9,0,18,0,0,0,0,0,0,1,1,1,2,46,8,1499,1,10,-1,1,-1
201506E096864,2,9,0,2,0,0,0,0,0,0,2,1,1,1,53,8,-1,-1,-1,-1,2,-1
201506E097037,1,9,0,12,0,0,0,0,0,0,3,1,6,1,30,6,1796,1,9,-1,1,-1
201506E097037,2,9,0,18,0,0,0,0,0,3,0,1,6,1,51,8,2143,2,1,-1,1,-1
201506E097037,3,9,0,18,0,0,0,0,0,7,1,1,6,2,35,6,1995,2,10,-1,1,-1
201506E097037,4,9,0,18,0,0,0,0,0,0,2,1,6,1,34,6,1461,2,10,-1,1,-1
201506E097038,1,9,0,9,0,8,0,0,0,0,1,1,6,3,-1,-1,-1,-1,-1,-1,-1,-1
201506E097039,1,9,0,17,0,2,1,0,1,10,1,1,6,1,23,5,-1,-1,-1,-1,1,-1
201506E097040,1,9,0,6,0,0,0,0,0,0,1,1,6,1,30,6,-1,-1,-1,-1,-1,-1
201506E097040,2,3,0,18,0,0,0,0,0,0,3,1,6,1,25,5,124,1,2,-1,1,-1
201506E097143,1,9,0,18,0,1,0,0,0,0,1,1,6,1,27,6,1229,1,5,-1,-1,-1
201506E097143,2,9,0,3,0,1,0,0,0,0,2,1,6,2,49,8,1197,1,-1,-1,1,-1
201506E097163,1,9,0,9,0,8,0,0,0,0,1,1,6,1,26,6,-1,-1,-1,-1,1,-1
201506E097163,2,9,0,18,0,8,0,0,0,0,1,1,6,1,43,7,-1,-1,-1,-1,1,-1
201506E097171,1,9,0,5,0,8,0,0,0,0,1,1,3,2,55,8,998,1,14,-1,1,-1
201506E097171,2,1,0,18,0,8,0,0,0,0,4,1,1,1,27,6,-1,-1,-1,-1,1,-1
201506E097264,1,9,0,9,0,6,0,0,0,0,4,1,6,1,23,5,1595,1,25,-1,1,-1
201506E097264,2,9,0,18,0,8,0,0,0,0,3,1,6,1,39,7,-1,-1,-1,-1,1,-1
201506E097343,1,9,0,12,0,0,0,0,0,0,3,1,6,1,49,8,1596,1,6,-1,3,-1
201506E097343,2,3,0,18,0,0,0,0,0,0,4,1,6,1,35,6,125,1,10,-1,-1,-1
201506E097471,1,9,0,18,0,1,0,0,0,0,1,1,6,3,-1,-1,-1,-1,-1,-1,-1,-1
201506E097471,2,9,0,4,0,1,0,0,0,0,2,1,1,1,39,7,1896,2,6,-1,1,-1
201506E097473,1,9,0,9,0,6,0,0,0,0,3,1,6,2,23,5,1968,2,9,-1,1,-1
201506E097473,2,19,0,14,0,8,0,0,0,0,1,1,6,1,27,6,-1,-1,-1,-1,1,-1
201506E097499,1,9,0,9,0,6,0,0,0,0,1,1,6,1,20,4,-1,-1,-1,-1,1,-1
201506E097499,2,9,0,18,0,8,0,0,0,0,1,1,1,1,52,8,1968,2,2,-1,1,-1
201506E097579,1,9,0,18,0,4,0,0,0,0,3,1,6,3,30,6,1332,1,16,-1,-1,-1
201506E097579,2,9,0,18,0,8,0,0,0,0,1,1,6,2,21,5,996,1,1,-1,1,-1
201506E097681,1,9,0,18,0,8,0,0,0,0,1,1,6,3,-1,-1,-1,-1,-1,-1,-1,-1
201506E097681,2,9,0,18,0,8,0,0,0,0,1,1,1,1,30,6,-1,-1,-1,-1,1,-1
201506E097707,1,9,0,9,0,8,0,0,0,0,1,1,6,1,30,6,2979,1,5,-1,-1,-1
201506E097707,2,9,0,18,0,8,0,0,0,0,3,1,6,2,39,7,998,1,3,-1,1,-1
201506E097815,1,9,0,7,0,8,0,0,0,0,4,1,1,1,24,5,1598,2,3,-1,1,-1
201506E097815,2,1,0,18,0,8,0,0,0,0,1,1,6,2,38,7,-1,-1,-1,-1,1,-1
201506E097818,1,19,0,9,0,6,0,0,0,0,1,1,1,1,33,6,2402,2,5,-1,1,-1
201506E097818,2,9,0,18,0,8,0,0,0,0,1,1,2,1,29,6,1368,1,5,-1,1,-1
201506E097836,1,9,0,9,0,8,0,0,0,0,1,1,1,2,54,8,1197,1,2,-1,1,-1
201506E097836,2,1,0,18,0,8,0,0,0,0,1,1,1,1,40,7,-1,-1,-1,-1,1,-1
201506E097840,1,9,0,17,0,0,0,4,7,4,1,1,6,1,30,6,-1,-1,-1,-1,1,-1
201506E097840,2,9,0,2,0,0,0,0,0,0,1,1,6,1,43,7,-1,-1,-1,-1,1,-1
201506E097853,1,9,0,18,0,0,0,0,0,0,1,1,6,2,18,4,-1,-1,-1,-1,1,-1
201506E097853,2,9,0,2,0,0,0,0,0,0,1,1,6,2,30,6,1598,1,10,-1,-1,-1
201506E097861,1,9,0,9,0,8,0,0,0,0,1,1,6,1,23,5,-1,-1,-1,-1,-1,-1
201506E097861,2,9,0,18,0,8,0,0,0,0,4,1,6,1,23,5,-1,-1,-1,-1,1,-1
201506E097957,1,9,0,18,0,8,0,0,0,0,1,1,6,2,51,8,1997,1,8,-1,1,-1
201506E097957,2,9,0,18,0,8,0,0,7,10,1,1,6,1,57,9,1895,1,17,-1,1,-1
201506E097981,1,9,0,13,0,0,0,0,0,0,1,1,6,3,-1,-1,-1,-1,-1,-1,-1,-1
201506E097981,2,9,0,18,0,0,1,7,5,10,1,1,6,1,25,5,-1,-1,-1,-1,1,-1
201506E097984,1,9,0,18,0,0,0,4,0,0,1,1,6,1,31,6,1598,1,8,-1,1,-1
201506E097984,2,9,0,2,0,0,0,4,0,0,2,1,6,2,24,5,1598,1,1,-1,1,-1
201506E097984,3,9,0,2,0,0,0,0,0,0,1,1,6,3,-1,-1,1896,2,7,-1,1,-1
201506E097984,4,9,0,2,0,0,0,0,0,0,1,1,6,3,-1,-1,-1,-1,-1,-1,1,-1
201506E098008,1,19,0,18,0,1,0,0,0,0,1,1,1,1,34,6,2402,2,6,-1,1,-1
201506E098008,2,9,0,10,0,1,0,0,0,0,2,1,2,2,43,7,2000,2,11,-1,1,-1
201506E098018,1,9,0,17,0,0,5,0,1,1,1,1,6,2,53,8,1598,1,10,-1,1,-1
201506E098035,1,9,0,18,0,2,0,0,0,0,4,1,6,2,59,9,-1,-1,-1,-1,1,-1
201506E098039,1,9,0,9,0,8,0,0,0,0,4,1,6,1,49,8,-1,-1,-1,-1,1,-1
201506E098039,2,4,0,18,0,8,0,0,0,0,1,1,6,1,24,5,-1,-1,-1,-1,1,-1
201506E098039,3,9,0,9,0,8,0,0,0,0,4,1,6,1,25,5,1229,1,1,-1,1,-1
201506E098056,1,9,0,6,0,2,0,0,0,0,1,1,6,3,-1,-1,-1,-1,-1,-1,-1,-1
201506E098056,2,3,0,18,0,2,0,0,0,0,1,1,6,1,19,4,124,1,1,-1,-1,-1
201506E098056,3,9,0,2,0,2,0,0,0,0,2,1,6,3,-1,-1,-1,-1,-1,-1,-1,-1
201506E098062,1,9,0,18,0,0,0,0,0,0,1,1,6,2,58,9,1299,1,15,-1,1,-1
201506E098067,1,9,0,9,0,8,0,0,0,0,4,1,6,2,73,10,1598,1,15,-1,1,-1
201506E098067,2,1,0,18,0,8,0,0,0,0,1,1,2,1,28,6,-1,-1,-1,-1,1,-1
201506E098073,1,9,0,6,0,0,0,0,0,0,3,1,6,2,29,6,1198,1,5,-1,1,-1
201506E098073,2,9,0,18,0,0,0,0,0,0,1,1,6,1,57,9,1796,1,8,-1,1,-1
201506E098093,1,9,0,9,0,8,0,0,0,0,1,1,6,2,29,6,998,1,1,-1,1,-1
201506E098093,2,9,0,17,0,8,0,0,0,0,1,1,6,1,35,6,-1,-1,-1,-1,1,-1
201506E098100,1,9,0,4,0,2,0,0,0,0,2,1,1,1,32,6,1497,1,10,-1,1,-1
201506E098100,2,8,0,13,0,2,0,0,0,0,1,1,1,1,42,7,1999,1,7,-1,1,-1
201506E098169,1,9,0,1,0,8,0,0,0,0,1,1,6,1,28,6,-1,-1,-1,-1,1,-1
201506E098169,2,9,0,3,0,8,0,0,0,0,1,1,2,1,49,8,-1,-1,-1,-1,1,-1
201506E098184,1,9,0,9,0,5,0,0,0,0,1,1,1,1,39,7,1910,2,9,-1,1,-1
201506E098205,1,19,0,9,0,6,0,0,0,0,1,1,2,1,41,7,1753,2,7,-1,1,-1
201506E098205,2,1,0,18,0,8,0,0,0,0,4,1,6,2,55,8,-1,-1,-1,-1,1,-1
201506E098228,1,9,0,18,0,8,0,0,0,0,3,1,6,1,55,8,1995,2,7,-1,1,-1
201506E098228,2,1,0,18,0,8,0,0,0,0,1,1,6,1,65,9,-1,-1,-1,-1,-1,-1
201506E098239,1,9,0,18,0,0,0,0,0,0,1,1,6,2,38,7,1461,2,5,-1,1,-1
201506E098274,1,9,0,5,0,1,0,0,0,0,4,1,6,2,32,6,1198,1,7,-1,1,-1
201506E098274,2,9,0,18,0,8,0,0,2,4,3,1,6,1,54,8,-1,-1,-1,-1,1,-1
201506E098280,1,9,0,18,0,8,0,0,1,10,1,1,6,1,21,5,-1,-1,-1,-1,1,-1
201506E098280,2,9,0,5,0,8,0,0,2,0,3,1,6,1,36,7,1242,1,1,-1,1,-1
201506E098340,1,9,0,16,0,8,1,10,1,10,3,1,6,1,30,6,1910,2,9,-1,-1,-1
201506E098362,1,9,0,18,0,8,0,0,0,0,1,1,6,2,38,7,998,1,15,-1,1,-1
201506E098422,1,9,0,9,0,8,0,0,0,0,4,1,6,1,41,7,1461,2,6,-1,1,-1
201506E098422,2,1,0,18,0,8,0,0,0,0,1,1,6,1,37,7,-1,-1,-1,-1,1,-1
201506E098450,1,9,0,18,0,8,0,0,0,0,4,1,6,3,-1,-1,-1,-1,-1,-1,-1,-1
201506E098450,2,1,0,18,0,8,0,0,0,0,1,1,6,1,37,7,-1,-1,-1,-1,1,-1
201506E098712,1,9,0,18,0,2,0,0,0,0,1,1,6,1,23,5,1991,1,1,-1,1,-1
201506E098712,2,1,0,18,0,2,1,0,0,0,2,1,6,1,22,5,-1,-1,-1,-1,1,-1
201506E098725,1,9,0,18,0,0,0,0,0,0,1,1,6,2,21,5,1595,1,11,-1,1,-1
201506E098757,1,9,0,18,0,8,0,0,0,0,3,1,6,2,22,5,998,1,4,-1,1,-1
201506M097955,2,9,0,2,0,1,0,0,0,0,3,1,6,3,-1,-1,1600,2,4,-1,-1,-1
201506M097986,1,9,0,18,0,1,0,0,0,0,1,1,2,1,38,7,1329,1,2,-1,1,-1
201506M097986,2,9,0,10,0,1,0,0,0,0,2,1,2,2,38,7,1997,2,10,-1,-1,-1
201506M098025,1,9,0,9,0,6,0,0,0,10,1,1,6,1,25,5,1497,1,9,-1,1,-1
201506M098025,2,8,0,18,0,8,0,0,0,0,1,1,1,1,34,6,1560,2,8,-1,1,-1
201506M098042,1,9,0,18,0,4,0,0,0,0,1,1,6,1,32,6,1229,1,7,-1,1,-1
201506M098042,2,9,0,18,0,4,0,0,0,0,1,1,1,1,38,7,1984,1,3,-1,1,-1
201506M098042,3,9,0,18,0,8,0,0,0,0,3,1,6,1,52,8,-1,-1,-1,-1,1,-1