Accident_Index,Vehicle_Reference,Vehicle_Type,Towing_and_Articulation,Vehicle_Manoeuvre,Vehicle_Location-Restricted_Lane,Junction_Location,Skidding_and_Overturning,Hit_Object_in_Carriageway,Vehicle_Leaving_Carriageway,Hit_Object_off_Carriageway,1st_Point_of_Impact,Was_Vehicle_Left_Hand_Drive?,Journey_Purpose_of_Driver,Sex_of_Driver,Age_of_Driver,Age_Band_of_Driver,Engine_Capacity_(CC),Propulsion_Code,Age_of_Vehicle,Driver_IMD_Decile,Driver_Home_Area_Type,Vehicle_IMD_Decile
201506M098407,1,9,0,9,0,6,0,0,0,0,1,1,6,1,50,8,1390,1,2,-1,1,-1
201506M098407,2,9,0,18,0,8,0,0,0,0,1,1,1,1,37,7,1363,2,13,-1,1,-1
201506M098434,1,9,0,9,0,6,0,0,0,0,1,1,6,2,58,9,1968,2,5,-1,1,-1
201506M098434,2,9,0,7,0,8,0,0,0,0,1,1,6,1,43,7,1998,2,12,-1,1,-1
201506M098451,1,9,0,18,0,4,0,0,0,0,1,1,1,1,51,8,998,1,3,-1,1,-1
201506M098451,2,1,0,18,0,8,0,0,0,0,1,1,1,1,46,8,-1,-1,-1,-1,1,-1
201506M098537,1,1,0,18,4,8,0,0,0,0,1,1,6,1,18,4,-1,-1,-1,-1,-1,-1
201506M098537,2,9,0,7,0,5,0,0,0,0,1,1,6,2,30,6,1995,2,8,-1,-1,-1
201506M098594,1,9,0,13,0,2,0,0,0,0,2,1,6,2,53,8,1360,1,6,-1,1,-1
201506M098594,2,1,0,9,0,2,0,0,0,0,1,1,6,1,14,3,-1,-1,-1,-1,1,-1
201506M098618,1,9,0,18,0,8,0,0,0,0,1,1,6,3,-1,-1,1248,2,10,-1,-1,-1
201506M098618,2,9,0,18,0,8,0,0,0,0,2,1,6,1,43,7,1896,2,10,-1,1,-1
201506M098723,1,19,0,18,0,2,0,10,0,1,1,1,1,1,40,7,1896,2,6,-1,1,-1
201506M098785,1,9,0,9,0,8,0,0,0,0,3,1,1,2,33,6,1360,1,3,-1,1,-1
201506M098785,2,9,0,18,0,8,0,0,0,0,1,1,6,1,30,6,1596,1,14,-1,-1,-1
201506M098788,1,9,0,6,0,1,0,0,7,10,1,1,6,1,50,8,-1,-1,-1,-1,1,-1
201506M098788,2,9,0,18,0,1,0,0,0,0,4,1,6,2,42,7,1341,1,12,-1,1,-1
201506M098801,1,9,0,9,0,8,0,0,0,0,1,1,6,2,35,6,1390,1,8,-1,1,-1
201506M098801,2,9,0,18,0,8,0,0,0,0,3,1,6,1,27,6,1984,1,4,-1,1,-1
201506M099094,1,9,0,14,0,0,0,0,0,0,1,1,6,2,40,7,2982,2,11,-1,1,-1
201506M099094,2,11,0,4,0,0,0,0,0,0,0,1,1,1,57,9,4461,2,2,-1,1,-1
201506M099103,1,9,0,1,0,5,0,0,0,0,2,1,6,1,59,9,1388,1,10,-1,1,-1
201506M099177,1,9,0,18,0,1,0,0,0,0,1,1,6,2,30,6,3199,1,13,-1,-1,-1
201506M099177,2,9,0,3,0,1,0,0,0,0,2,1,6,1,39,7,998,1,11,-1,1,-1
201506M099252,1,9,0,18,0,8,0,0,0,0,1,1,6,1,30,6,-1,-1,-1,-1,-1,-1
201506M099252,2,1,0,9,0,8,0,0,0,0,2,1,6,1,23,5,-1,-1,-1,-1,1,-1
201506M099326,1,9,0,9,0,6,0,0,0,0,4,1,6,2,48,8,1896,2,14,-1,1,-1
201506M099326,2,3,0,18,0,8,0,0,0,0,1,1,6,1,22,5,-1,-1,-1,-1,1,-1
201506M099327,1,9,0,9,0,5,0,0,0,0,3,1,6,1,21,5,-1,-1,-1,-1,1,-1
201506M099327,2,9,0,18,0,8,0,0,0,0,3,1,6,1,42,7,4197,1,8,-1,1,-1
201506M099332,1,9,0,18,0,8,0,0,0,0,1,1,6,1,71,10,2494,1,16,-1,1,-1
201506M099480,1,9,0,9,0,8,0,0,0,0,1,1,6,1,32,6,1560,2,5,-1,1,-1
201506M099480,2,9,0,18,0,8,0,0,0,0,4,1,6,1,18,4,998,1,8,-1,2,-1
201506M099504,1,9,0,5,0,8,0,0,0,0,1,1,6,2,44,7,1590,1,12,-1,1,-1
201506M099504,2,9,0,18,0,8,0,0,0,0,4,1,2,2,51,8,1329,1,1,-1,1,-1
201506M099513,1,9,0,9,0,5,0,0,0,0,1,1,6,2,61,9,1597,1,19,-1,1,-1
201506M099513,2,9,0,18,0,1,0,0,0,0,1,1,6,1,22,5,1398,1,3,-1,1,-1
201506M099516,1,9,0,3,0,8,0,0,0,0,1,1,6,2,74,10,998,1,4,-1,1,-1
201506M099516,2,9,0,5,0,8,0,0,0,0,3,1,6,2,45,7,1242,1,1,-1,1,-1
201506M099558,1,9,0,18,0,8,0,0,0,0,2,1,6,1,39,7,1998,1,28,-1,1,-1
201506M099558,2,9,0,9,0,8,0,0,0,0,1,1,6,1,32,6,2148,2,11,-1,1,-1
201506M099577,1,9,0,18,0,8,0,0,0,0,1,1,6,1,42,7,-1,-1,-1,-1,1,-1
201506M099583,1,9,0,18,0,8,0,0,0,0,1,1,6,1,51,8,-1,-1,-1,-1,1,-1
201506M099583,2,9,0,18,0,8,0,0,0,0,1,1,6,2,29,6,1364,1,7,-1,1,-1
201506M099584,1,9,0,9,0,8,0,0,0,0,3,1,2,1,27,6,-1,-1,-1,-1,1,-1
201506M099584,2,3,0,18,0,8,0,0,0,0,3,1,2,1,26,6,125,1,3,-1,1,-1
201506M099732,1,9,0,18,0,8,0,0,0,0,1,1,6,1,85,11,1598,1,8,-1,1,-1
201506M099732,2,9,0,9,0,8,0,0,0,0,3,1,6,1,43,7,3993,1,3,-1,3,-1
201506M099785,1,9,0,18,0,0,0,0,1,4,1,1,6,1,22,5,1796,1,15,-1,1,-1
201506M099794,1,9,0,9,0,8,0,0,0,0,1,1,1,1,78,11,996,1,5,-1,1,-1
201506M099794,2,90,0,10,0,8,0,0,0,0,1,1,2,2,53,8,-1,-1,-1,-1,1,-1
201506M099805,1,9,0,18,0,8,0,0,0,0,1,1,6,2,30,6,659,1,9,-1,1,-1
201506M099805,2,9,0,18,0,8,1,0,0,0,3,1,6,2,48,8,-1,-1,-1,-1,1,-1
201506M099884,1,9,0,18,0,8,0,0,0,0,3,1,6,1,55,8,998,1,-1,-1,1,-1
201506M099884,2,9,0,18,0,8,1,0,0,0,1,1,6,2,23,5,1149,1,8,-1,1,-1
201506M099891,1,9,0,5,0,6,0,0,0,0,1,1,6,1,60,9,-1,-1,-1,-1,1,-1
201506M099891,2,1,0,5,0,6,0,0,0,0,1,1,6,2,50,8,-1,-1,-1,-1,1,-1
201506M099930,1,9,0,9,0,8,0,0,0,0,4,1,6,1,24,5,-1,-1,-1,-1,-1,-1
201506M099930,2,9,0,18,0,8,0,0,0,0,1,1,6,1,28,6,1896,2,13,-1,1,-1
201506M099930,3,9,0,10,0,1,0,0,0,0,1,1,6,1,50,8,1461,2,5,-1,1,-1
201506ME08950,1,3,0,18,0,1,1,0,0,0,0,1,6,2,41,7,124,1,14,-1,-1,-1
201506ME97169,1,9,0,18,0,0,0,0,0,0,1,1,6,1,32,6,1560,2,1,-1,-1,-1
201506ME97169,2,9,0,18,0,0,0,0,0,0,1,1,6,1,52,8,1794,1,12,-1,1,-1
201506ME98207,1,9,0,9,0,5,0,0,0,0,4,1,6,3,-1,-1,-1,-1,-1,-1,-1,-1
201506ME98207,2,9,0,18,0,8,0,0,0,0,1,1,1,1,45,7,1968,2,4,-1,1,-1
201506N000092,1,9,0,18,0,1,0,0,0,0,1,1,6,1,64,9,2993,2,1,-1,3,-1
201506N000092,2,9,0,3,0,8,0,0,0,0,2,1,6,2,46,8,1198,1,1,-1,3,-1
201506N000495,1,9,0,18,0,0,0,10,7,2,1,1,1,1,44,7,-1,-1,-1,-1,-1,-1
201506N000498,1,9,0,3,0,0,0,0,0,0,1,1,2,2,27,6,1598,1,3,-1,1,-1
201506N000498,2,9,0,18,0,0,0,0,0,0,2,1,6,1,38,7,1398,1,3,-1,1,-1
201506N000546,1,9,0,9,0,6,0,0,0,0,1,1,6,1,46,8,3628,2,8,-1,-1,-1
201506N000549,1,9,0,9,0,6,0,0,0,2,1,1,6,2,70,10,1400,1,15,-1,1,-1
201506N000549,2,9,0,18,0,8,0,0,0,0,1,1,6,1,56,9,1995,2,4,-1,1,-1
201506N000592,1,9,0,3,0,1,0,0,0,0,2,1,6,2,35,6,1398,1,7,-1,1,-1
201506N000592,2,9,0,18,0,1,0,0,0,0,1,1,6,2,25,5,998,1,12,-1,1,-1
201506N000749,1,9,0,11,0,1,0,0,0,0,0,1,6,3,-1,-1,1560,2,2,-1,-1,-1
201506N000749,2,1,0,18,0,1,1,0,0,0,1,1,1,1,42,7,-1,-1,-1,-1,1,-1
201506N000749,3,19,0,18,0,1,0,0,0,0,2,1,6,3,30,6,-1,-1,-1,-1,-1,-1
201506N000918,1,19,0,18,0,1,0,0,0,0,1,2,2,1,26,6,-1,-1,-1,-1,1,-1
201506N000918,2,9,0,8,0,1,0,0,0,0,2,2,2,2,47,8,-1,-1,-1,-1,1,-1
201506N000942,1,9,0,18,0,0,0,0,0,0,4,1,6,1,33,6,3498,1,-1,-1,1,-1
201506N000946,1,10,0,9,0,8,0,0,0,0,4,1,1,1,30,6,-1,-1,-1,-1,-1,-1
201506N000946,2,9,0,18,0,8,0,0,0,0,4,1,2,2,17,4,999,1,-1,-1,1,-1
201506N000967,1,9,0,18,0,0,0,0,0,0,1,1,6,1,30,6,-1,-1,-1,-1,-1,-1
201506N000967,2,1,0,18,0,0,0,0,1,0,2,1,6,1,47,8,-1,-1,-1,-1,1,-1
201506N000971,1,9,0,5,0,0,0,0,0,0,3,1,6,2,24,5,1991,2,6,-1,1,-1
201506N000971,2,9,0,18,0,0,0,0,0,0,1,1,6,1,76,11,995,1,9,-1,1,-1
201506N001007,1,20,0,17,0,2,1,0,7,4,1,1,6,2,32,6,-1,-1,-1,-1,1,-1
201506N001010,1,9,0,18,0,8,0,0,0,0,1,1,6,1,25,5,1968,2,2,-1,1,-1
201506N001010,2,9,0,9,0,2,0,0,0,0,0,1,6,1,40,7,1368,1,4,-1,1,-1
201506N001010,3,9,0,2,6,2,0,0,0,0,2,1,6,2,30,6,-1,-1,-1,-1,1,-1
201506N001010,4,9,0,2,6,2,0,0,0,0,3,1,6,1,30,6,1390,1,1,-1,1,-1
201506N001044,1,8,0,18,0,0,0,0,0,0,1,1,6,1,45,7,-1,-1,-1,-1,-1,-1
201506N001129,1,9,0,18,0,6,1,0,0,0,3,1,6,1,20,4,1390,1,1,-1,1,-1
201506N001129,2,9,0,18,0,1,0,0,0,0,0,1,1,1,46,8,2967,2,4,-1,1,-1
201506N001129,3,9,0,18,0,8,0,0,0,0,1,1,6,2,42,7,1000,1,-1,-1,1,-1
201506N001220,1,9,0,18,0,8,0,0,0,0,1,1,6,1,30,6,1997,1,16,-1,-1,-1
201506N001220,2,9,0,18,0,8,0,0,0,0,2,1,6,2,26,6,1598,1,8,-1,1,-1
201506N001254,1,5,0,18,0,8,2,0,0,0,1,1,2,1,22,5,-1,-1,-1,-1,1,-1
201506N001254,2,8,0,9,0,8,0,0,0,0,3,1,6,1,52,8,-1,-1,-1,-1,1,-1
201506N001328,1,9,0,9,0,8,0,0,0,0,1,1,1,1,30,6,2494,2,1,-1,1,-1
201506N001328,2,9,0,18,0,8,0,0,0,0,1,1,6,1,72,10,1332,1,16,-1,1,-1
201506N001359,1,9,0,18,0,4,0,0,0,0,1,1,6,1,20,4,1229,1,-1,-1,1,-1
201506N001359,2,9,0,9,0,3,0,0,0,0,4,1,6,2,40,7,1997,1,11,-1,1,-1
201506N001359,3,9,0,10,0,4,0,0,0,0,1,1,6,2,29,6,1461,2,3,-1,1,-1
201506N001484,1,9,0,18,0,0,0,0,0,0,1,1,6,1,18,4,1229,1,-1,-1,1,-1
201506N001623,1,1,0,18,0,0,0,0,0,0,1,1,6,1,9,2,-1,-1,-1,-1,-1,-1
201506N001623,2,9,0,2,0,0,0,0,0,0,0,1,6,1,83,11,1995,2,9,-1,1,-1
201506N001675,1,9,0,18,0,1,0,0,0,0,1,1,6,2,20,4,1242,1,3,-1,1,-1
201506N001675,2,9,0,3,0,2,0,0,0,0,2,1,6,2,28,6,1798,1,7,-1,1,-1
201506N001725,1,5,0,17,0,0,0,10,0,0,1,1,6,1,34,6,750,1,2,-1,1,-1
201506N001818,1,9,0,18,0,1,0,0,0,0,1,1,6,1,68,10,1461,2,1,-1,1,-1
201506N001854,1,9,0,18,0,0,0,0,0,0,3,1,2,1,20,4,1598,1,4,-1,1,-1
201506N001974,1,9,0,18,0,1,0,0,0,0,1,1,2,2,50,8,1397,1,12,-1,1,-1
201506N001990,1,9,0,18,0,4,1,0,0,0,1,1,6,2,55,8,1598,1,15,-1,1,-1
201506N001990,2,9,0,18,0,4,1,0,0,0,3,1,6,2,40,7,1299,1,8,-1,1,-1
201506N001990,3,9,0,18,0,4,0,0,0,0,3,1,6,1,60,9,1995,2,1,-1,1,-1
201506N002105,1,9,0,18,0,0,0,0,0,0,2,1,6,2,30,6,1968,2,12,-1,1,-1
201506N002105,2,9,0,18,0,0,0,0,0,0,2,1,6,1,22,5,1968,2,9,-1,1,-1
201506N002105,3,19,0,18,0,0,0,0,0,0,1,1,6,1,35,6,-1,-1,-1,-1,1,-1
201506N002105,4,19,0,18,0,0,0,0,0,0,1,1,6,1,37,7,1560,2,5,-1,1,-1
201506N002105,5,9,0,18,0,0,0,0,0,6,1,1,1,1,54,8,-1,-1,-1,-1,3,-1
201506N002146,1,9,0,18,0,6,0,0,0,0,4,1,6,1,63,9,1951,2,13,-1,3,-1
201506N002146,2,1,0,18,4,8,0,0,0,0,1,1,2,1,41,7,-1,-1,-1,-1,1,-1
201506N002348,1,19,0,18,0,8,0,0,0,0,1,1,6,1,50,8,2402,2,8,-1,3,-1
201506N002348,2,9,0,9,0,8,0,0,0,0,4,1,6,1,42,7,-1,-1,-1,-1,1,-1
201506N002401,1,9,0,18,0,1,0,0,0,0,0,1,6,2,23,5,1686,2,2,-1,1,-1
201506N002514,1,9,0,3,0,1,0,0,0,0,1,1,6,1,35,6,-1,-1,-1,-1,1,-1
201506N002514,2,9,0,3,0,1,0,0,0,0,2,1,6,1,53,8,1968,2,1,-1,1,-1
201506N002560,1,9,0,18,0,0,0,0,0,0,1,1,2,2,25,5,1329,1,5,-1,1,-1
201506N002755,1,9,0,9,0,8,0,0,0,0,4,1,6,2,24,5,1360,1,4,-1,1,-1
201506N002755,2,9,0,18,0,8,0,0,0,0,1,1,6,2,76,11,-1,-1,-1,-1,1,-1
201506N002764,1,9,0,18,0,4,0,0,0,0,3,1,6,1,66,10,1998,1,14,-1,1,-1
201506N002764,2,1,0,18,0,4,0,0,0,0,1,1,6,2,43,7,-1,-1,-1,-1,-1,-1
201506N002787,1,9,0,9,0,6,0,0,0,0,1,1,6,2,39,7,998,1,13,-1,1,-1
201506N002787,2,9,0,18,0,8,0,0,0,0,1,1,6,1,20,4,1149,1,13,-1,1,-1
201506N002858,1,9,0,9,9,8,0,0,0,0,3,1,1,1,60,9,-1,-1,-1,-1,1,-1
201506N002940,1,9,0,7,0,8,0,0,0,0,4,1,6,3,-1,-1,-1,-1,-1,-1,-1,-1
201506N002940,2,1,0,18,0,8,0,0,0,0,1,1,6,2,33,6,-1,-1,-1,-1,1,-1
201506N002954,1,9,0,18,0,8,0,0,0,0,1,1,6,1,51,8,1995,2,9,-1,1,-1
201506N002954,2,1,0,9,0,5,0,0,0,0,2,1,1,1,18,4,-1,-1,-1,-1,1,-1
201506N003199,1,9,0,7,0,8,0,0,0,0,1,1,6,2,30,6,-1,-1,-1,-1,-1,-1
201506N003199,2,1,0,18,0,8,0,0,0,0,3,1,6,1,10,2,-1,-1,-1,-1,1,-1
201506N003258,1,9,0,17,0,1,0,0,0,0,1,1,6,1,58,9,2926,2,13,-1,-1,-1
201506N003258,2,9,0,16,0,2,0,0,1,0,1,1,6,2,45,7,1896,2,12,-1,1,-1
201506N003258,3,9,0,18,0,2,0,0,0,0,1,1,6,2,44,7,1995,2,2,-1,2,-1
201506N003258,4,9,0,18,0,2,0,0,0,0,1,1,6,2,61,9,1242,1,6,-1,-1,-1
201506N003466,1,9,0,7,0,4,0,0,0,0,1,1,6,2,36,7,1997,2,1,-1,1,-1
201506N003466,2,1,0,18,0,4,0,0,0,0,1,1,6,1,48,8,-1,-1,-1,-1,3,-1
201506N003499,1,9,0,9,0,5,0,0,0,0,3,1,6,2,40,7,1560,2,2,-1,1,-1
201506N003499,2,1,0,18,0,8,0,0,0,0,3,1,1,1,37,7,-1,-1,-1,-1,1,-1
201506N003795,1,9,0,9,0,6,0,0,0,0,1,1,6,1,70,10,1798,1,10,-1,1,-1
201506N003795,2,9,0,18,0,1,0,0,0,0,4,1,6,1,69,10,1796,1,12,-1,1,-1
201506N004058,1,9,0,9,0,6,0,0,0,0,3,1,6,2,25,5,1598,1,1,-1,1,-1
201506N004058,2,3,0,18,0,8,0,0,0,0,1,1,2,1,59,9,-1,-1,-1,-1,1,-1
201506N004153,1,9,0,7,0,8,0,0,0,0,4,1,6,2,49,8,1395,1,1,-1,1,-1
201506N004153,2,1,0,18,4,8,0,0,0,0,3,1,6,1,57,9,-1,-1,-1,-1,1,-1
201506N004175,1,9,0,18,0,0,0,0,0,10,4,1,6,1,32,6,-1,-1,-1,-1,1,-1
201506N004175,2,1,0,18,9,0,0,0,0,0,1,1,6,1,11,3,-1,-1,-1,-1,1,-1
201506N004203,1,9,0,18,0,1,0,0,0,0,1,1,1,1,41,7,2143,2,1,-1,-1,-1
201506N004203,2,9,0,10,0,5,0,0,0,0,2,1,1,1,38,7,1956,2,-1,-1,1,-1
201506N004207,1,9,0,18,0,1,0,0,0,0,3,1,6,2,21,5,1496,2,1,-1,-1,-1
201506N004341,1,9,0,9,0,8,0,0,7,0,1,1,6,3,-1,-1,2771,1,15,-1,-1,-1
201506N004341,2,9,0,18,0,8,0,0,0,7,1,1,1,1,29,6,-1,-1,-1,-1,1,-1
201506N004341,3,8,0,18,0,8,0,0,0,7,1,1,6,1,58,9,1796,1,8,-1,1,-1
201506N004441,1,9,0,9,0,3,0,0,0,0,4,1,6,1,22,5,1229,1,6,-1,1,-1
201506N004441,2,9,0,18,0,4,0,0,0,0,1,1,6,2,23,5,998,1,5,-1,1,-1
201506N004498,1,9,0,4,0,0,0,0,0,0,4,1,6,2,33,6,1998,2,10,-1,1,-1
201506N004498,2,9,0,2,0,0,0,0,0,0,4,1,6,2,26,6,1796,2,1,-1,1,-1
201506N004498,3,1,0,16,0,0,0,0,0,0,1,1,6,1,7,2,-1,-1,-1,-1,1,-1
201506N004555,1,9,0,18,0,8,0,0,0,0,1,1,6,1,29,6,-1,-1,-1,-1,1,-1
201506N004555,2,1,0,18,0,8,0,0,0,0,1,1,6,1,8,2,-1,-1,-1,-1,1,-1
201506N004719,1,9,0,4,0,0,0,0,0,0,1,1,6,1,40,7,1794,1,11,-1,1,-1
201506N004965,1,9,0,18,0,1,0,0,0,0,4,1,6,1,19,4,1398,1,1,-1,1,-1
201506N005038,1,9,0,9,0,5,0,0,0,2,1,1,6,1,23,5,1598,1,6,-1,1,-1
201506N005173,1,9,0,5,0,2,0,0,0,0,1,1,6,2,58,9,1796,1,8,-1,1,-1
201506N005173,2,9,0,4,0,2,0,0,0,0,2,1,6,2,33,6,-1,-1,-1,-1,1,-1
201506N005173,3,9,0,4,0,2,0,0,0,0,2,1,6,1,60,9,1124,1,11,-1,1,-1
201506N005358,1,9,0,18,0,6,0,0,0,0,1,1,6,1,21,5,-1,-1,-1,-1,1,-1
201506N005358,2,9,0,18,0,8,0,0,0,9,1,1,6,1,30,6,1685,2,-1,-1,1,-1
201506N005755,1,21,0,1,0,2,0,0,0,0,2,1,1,1,32,6,-1,-1,-1,-1,1,-1
201506N005756,1,9,0,18,0,2,1,0,0,0,1,1,6,1,24,5,1364,1,6,-1,1,-1
201506N005756,2,9,0,18,0,2,0,0,0,0,2,1,6,2,60,9,1399,2,9,-1,1,-1
201506N005809,1,9,0,9,0,8,0,0,0,0,1,1,2,1,46,8,1995,2,3,-1,1,-1
201506N005809,2,9,0,18,0,8,0,0,0,0,4,1,6,2,47,8,1587,1,15,-1,1,-1
201506N005957,1,9,0,9,0,8,0,0,0,0,1,1,6,2,64,9,1299,1,9,-1,1,-1
201506N005957,2,1,0,18,0,8,0,0,0,0,3,1,2,1,27,6,-1,-1,-1,-1,-1,-1
201506N006134,1,9,0,7,0,6,0,0,0,0,3,1,6,2,53,8,1598,1,12,-1,1,-1
201506N006134,2,90,0,18,0,8,0,0,0,0,1,1,1,1,25,5,-1,-1,-1,-1,1,-1
201506N006211,1,9,0,18,0,0,0,0,0,0,1,1,6,1,30,6,1997,2,11,-1,-1,-1
201506N006211,2,9,0,18,0,0,0,0,0,0,2,1,6,1,67,10,2995,1,4,-1,1,-1
201506N006230,1,9,0,18,0,8,0,0,7,0,1,1,6,1,38,7,1360,1,13,-1,1,-1
201506N006230,2,19,0,18,0,8,0,0,0,0,1,1,1,1,30,6,1560,2,7,-1,1,-1
201506N006307,1,9,0,9,0,6,0,0,0,0,1,1,1,2,50,8,1242,1,4,-1,1,-1
201506N006412,1,10,0,3,0,0,0,0,0,0,1,1,1,1,63,9,-1,-1,-1,-1,1,-1
201506N006446,1,9,0,16,0,0,0,0,7,10,1,1,6,2,30,6,1296,1,7,-1,1,-1
201506N006446,2,9,0,17,0,0,0,0,0,0,3,1,2,1,30,6,2470,2,23,-1,1,-1
201506N006446,3,9,0,17,0,0,0,10,1,0,3,1,6,2,46,8,1781,1,14,-1,3,-1
201506N006454,1,9,0,18,0,8,0,0,0,0,1,1,6,2,60,9,998,1,9,-1,1,-1
201506N006454,2,1,0,18,0,8,0,0,0,0,1,1,2,1,45,7,-1,-1,-1,-1,1,-1
201506N006602,1,9,0,18,0,1,0,0,0,0,1,1,1,1,72,10,1461,2,-1,-1,1,-1
201506N006602,2,9,0,3,0,1,0,0,0,0,0,1,1,2,51,8,2143,2,4,-1,1,-1
201506N006788,1,9,0,9,0,5,0,0,0,0,1,1,6,3,-1,-1,-1,-1,-1,-1,-1,-1
201506N006788,2,1,0,18,0,8,0,0,0,0,1,1,2,1,30,6,-1,-1,-1,-1,1,-1
201506N007224,1,9,0,18,0,0,0,0,0,0,4,1,6,2,27,6,995,1,4,-1,1,-1
201506N007224,2,1,0,5,0,0,0,0,0,0,1,1,6,1,94,11,-1,-1,-1,-1,-1,-1
201506N007291,1,9,0,9,0,8,0,0,0,0,3,1,2,1,30,6,-1,-1,-1,-1,-1,-1
201506N007291,2,1,0,18,0,8,0,0,0,0,1,1,2,1,34,6,-1,-1,-1,-1,-1,-1
201506N007295,1,9,0,7,0,2,0,0,0,0,1,1,2,2,22,5,1124,1,8,-1,1,-1
201506N007391,1,9,0,3,0,8,0,0,0,0,4,1,6,3,-1,-1,-1,-1,-1,-1,-1,-1
201506N007391,2,1,0,3,5,8,0,0,0,0,1,1,6,1,20,4,-1,-1,-1,-1,1,-1
201506N007455,1,9,0,9,0,8,0,0,0,0,4,1,1,1,51,8,1397,1,14,-1,-1,-1
201506N007455,2,5,0,18,0,8,0,0,0,0,4,1,1,1,58,9,-1,-1,-1,-1,1,-1
201506N007494,1,9,0,18,0,0,0,0,0,0,4,1,6,3,-1,-1,-1,-1,-1,-1,-1,-1
201506N007568,1,9,0,5,0,8,0,0,0,0,1,1,2,1,42,7,1390,1,6,-1,1,-1
201506N007568,2,3,0,18,0,8,0,0,0,0,1,1,2,1,28,6,124,1,3,-1,1,-1
201506N007707,1,9,0,18,0,0,1,10,7,10,1,1,6,1,24,5,1587,1,12,-1,-1,-1
201506N007707,2,9,0,2,9,0,0,0,0,0,3,1,6,3,-1,-1,999,1,-1,-1,-1,-1
201506N007707,3,9,0,2,9,0,0,0,0,0,1,1,6,3,-1,-1,1598,1,5,-1,-1,-1
201506N007707,4,9,0,2,9,0,0,0,0,0,1,1,6,1,80,11,-1,-1,-1,-1,-1,-1
201506N007895,1,9,0,5,0,6,0,0,0,0,3,1,2,2,27,6,-1,-1,-1,-1,1,-1
201506N007895,2,9,0,18,0,8,0,0,0,0,1,1,3,1,48,8,2400,2,2,-1,3,-1
201506N008273,1,9,0,17,0,0,0,0,0,0,1,1,6,1,21,5,1299,1,13,-1,1,-1
201506N008273,2,9,0,16,0,0,0,0,0,0,1,1,6,2,34,6,1598,1,7,-1,1,-1
201506N008353,1,9,0,9,0,1,0,0,0,0,1,1,6,2,27,6,2179,2,2,-1,1,-1
201506N008445,1,9,0,18,0,4,0,0,0,0,1,1,6,1,26,6,1598,1,14,-1,1,-1
201506N008445,2,9,0,9,0,8,0,0,0,0,3,1,6,1,30,6,1596,1,6,-1,1,-1
201506N008510,1,9,0,4,0,2,0,0,0,0,1,1,2,2,26,6,1248,1,2,-1,1,-1
201506N008592,1,19,0,9,0,8,0,0,0,0,1,1,1,1,35,6,2143,2,2,-1,1,-1
201506N008635,1,9,0,18,0,4,0,0,0,0,4,1,1,1,25,5,1388,1,5,-1,-1,-1
201506N008635,2,9,0,18,0,4,0,0,0,0,1,1,1,1,30,6,1998,1,12,-1,-1,-1
201506N008809,1,9,0,17,0,0,2,0,2,0,1,1,1,1,21,5,-1,-1,-1,-1,1,-1
201506N008836,1,9,0,9,0,6,0,0,0,0,1,1,6,1,19,4,1461,2,1,-1,-1,-1
201506N008836,2,9,0,18,0,8,0,0,0,0,4,1,6,1,44,7,1753,2,8,-1,1,-1
201506N008860,1,9,0,18,0,8,0,0,0,0,1,1,1,1,22,5,1229,1,10,-1,1,-1
201506N008909,1,21,1,5,0,1,0,0,0,0,1,1,1,1,49,8,11967,2,2,-1,1,-1
201506N008909,2,9,0,5,0,1,1,0,0,0,2,1,6,2,58,9,1339,1,8,-1,1,-1
201506N008952,1,19,0,18,0,6,0,0,0,0,4,1,1,1,49,8,1868,2,11,-1,1,-1
201506N008952,2,1,0,18,0,8,0,0,0,0,1,1,6,1,43,7,-1,-1,-1,-1,1,-1
201506N008968,1,4,0,5,0,1,0,0,0,0,1,1,2,1,19,4,124,1,12,-1,-1,-1
201506N008968,2,9,0,7,0,1,0,0,0,0,4,1,2,1,45,7,1598,1,9,-1,-1,-1
201506N009112,1,9,0,18,0,8,0,0,0,0,1,1,6,1,50,8,1997,1,13,-1,1,-1
201506N009112,2,8,0,9,0,1,0,0,0,0,2,1,1,1,52,8,1998,2,6,-1,1,-1
201506N009266,1,9,0,1,0,0,0,0,0,0,2,1,6,1,30,6,-1,-1,-1,-1,-1,-1
201506N009266,2,9,0,2,0,0,0,0,0,0,4,1,6,2,45,7,1086,1,11,-1,1,-1
201506N009460,1,9,0,9,0,8,0,0,0,0,3,1,6,2,48,8,1299,1,10,-1,1,-1
201506N009636,1,90,0,4,0,1,0,0,0,0,1,1,6,1,23,5,-1,-1,-1,-1,1,-1
201506N009722,1,9,0,18,0,1,0,0,0,0,4,1,6,1,65,9,1560,2,7,-1,1,-1
201506N009728,1,9,0,18,0,4,0,0,0,0,1,1,6,2,88,11,1389,1,12,-1,1,-1
201506N009728,2,9,0,18,0,4,0,0,0,0,4,1,6,2,61,9,1242,1,-1,-1,1,-1
201506N009773,1,9,0,18,0,8,0,0,0,0,1,1,6,1,34,6,1242,1,8,-1,1,-1
201506N009790,1,9,0,9,0,8,0,0,0,0,1,1,1,2,61,9,1329,1,4,-1,1,-1
201506N009790,2,4,0,18,0,8,0,0,0,0,1,1,1,1,68,10,498,1,12,-1,1,-1