Accident_Index,Vehicle_Reference,Vehicle_Type,Towing_and_Articulation,Vehicle_Manoeuvre,Vehicle_Location-Restricted_Lane,Junction_Location,Skidding_and_Overturning,Hit_Object_in_Carriageway,Vehicle_Leaving_Carriageway,Hit_Object_off_Carriageway,1st_Point_of_Impact,Was_Vehicle_Left_Hand_Drive?,Journey_Purpose_of_Driver,Sex_of_Driver,Age_of_Driver,Age_Band_of_Driver,Engine_Capacity_(CC),Propulsion_Code,Age_of_Vehicle,Driver_IMD_Decile,Driver_Home_Area_Type,Vehicle_IMD_Decile
2015075019301,1,9,0,18,0,0,0,0,0,0,1,1,6,1,38,7,1796,1,13,-1,1,-1
2015075019301,2,9,0,2,0,0,0,0,0,0,3,1,6,1,24,5,1998,1,10,-1,1,-1
2015075019324,1,8,0,9,9,0,0,0,0,0,1,1,1,1,-1,-1,-1,-1,-1,-1,-1,-1
2015075019529,1,9,0,18,0,0,1,0,0,0,0,1,1,1,24,5,-1,-1,-1,-1,1,-1
2015075019529,2,19,0,18,0,0,0,0,0,0,0,1,6,3,-1,-1,-1,-1,-1,-1,-1,-1
2015075019677,1,9,0,5,0,6,0,0,0,0,1,1,6,1,71,10,1299,1,14,-1,1,-1
2015075019677,2,1,0,5,0,6,0,0,0,0,1,1,6,1,56,9,-1,-1,-1,-1,1,-1
2015075019683,1,98,0,17,0,2,0,0,0,0,4,1,1,1,53,8,4461,2,7,-1,1,-1
2015075019683,2,9,4,16,0,1,1,0,0,0,1,1,1,1,63,9,1392,1,16,-1,1,-1
2015075019855,1,8,0,18,0,8,0,0,0,0,1,1,1,1,-1,-1,1997,2,10,-1,1,-1
2015075019855,2,9,0,18,0,8,0,0,0,0,4,1,1,1,21,5,1390,1,12,-1,1,-1
2015075020043,1,19,0,18,0,4,0,0,0,0,1,1,6,1,-1,-1,2402,2,14,-1,-1,-1
2015075020043,2,9,0,18,0,3,0,0,0,0,4,1,6,2,64,9,1596,1,6,-1,1,-1
2015075020165,1,9,0,5,0,1,0,0,0,0,1,1,6,2,-1,-1,1229,1,10,-1,1,-1
2015075020165,2,9,0,3,0,1,0,0,0,0,2,1,6,1,23,5,1587,1,14,-1,1,-1
2015075020598,1,9,0,4,0,1,0,0,0,0,3,1,6,1,-1,-1,-1,-1,-1,-1,-1,-1
2015075020975,1,9,0,18,0,0,0,0,0,0,2,1,6,1,52,8,-1,-1,-1,-1,1,-1
2015075020975,2,9,0,18,0,0,0,0,0,0,1,1,6,1,20,4,1150,1,8,-1,-1,-1
2015075020975,3,9,0,18,0,0,0,0,0,0,1,1,6,1,22,5,1598,1,8,-1,3,-1
2015075020975,4,9,0,18,0,0,0,0,0,0,1,1,6,1,20,4,-1,-1,-1,-1,1,-1
2015075020975,5,9,0,18,0,0,0,0,0,0,1,1,6,1,46,8,-1,-1,-1,-1,2,-1
2015075020975,6,19,0,18,0,0,0,0,0,0,1,1,6,1,23,5,2198,2,3,-1,1,-1
2015075020976,1,19,0,18,0,1,0,0,0,0,1,1,6,1,17,4,2402,2,7,-1,1,-1
2015075020976,2,9,0,10,0,1,0,0,0,0,2,1,6,2,39,7,1598,2,1,-1,1,-1
2015075021166,1,9,0,18,0,0,0,0,0,0,1,1,6,1,32,6,1560,2,3,-1,1,-1
2015075021166,2,9,0,18,0,0,0,0,0,0,2,1,6,2,36,7,-1,-1,-1,-1,1,-1
2015075021185,1,11,0,2,3,1,0,0,0,0,0,1,1,1,-1,-1,12816,5,2,-1,1,-1
2015075021316,1,9,0,18,0,8,0,0,0,0,1,1,6,1,30,6,1956,2,5,-1,1,-1
2015075021358,1,9,0,7,0,8,0,0,0,0,3,1,2,1,42,7,1397,1,6,-1,1,-1
2015075021358,2,1,0,18,0,8,0,0,0,0,1,1,6,1,57,9,-1,-1,-1,-1,1,-1
2015075021415,1,9,0,18,0,1,1,0,7,11,1,1,6,1,18,4,1229,1,2,-1,1,-1
2015075021417,1,9,0,18,0,0,1,0,1,4,3,1,6,1,41,7,2494,1,14,-1,1,-1
2015075021635,1,9,0,18,0,4,0,0,3,0,4,1,2,2,26,6,1461,2,13,-1,1,-1
2015075021635,2,9,0,18,0,8,0,0,0,0,1,1,2,1,25,5,-1,-1,-1,-1,1,-1
2015075021786,1,9,0,5,0,0,0,0,0,0,0,1,6,1,-1,-1,1910,2,7,-1,2,-1
2015075021786,2,1,0,5,0,0,0,0,0,0,0,1,6,1,38,7,-1,-1,-1,-1,1,-1
2015075022012,1,9,0,18,0,0,0,0,0,0,1,1,6,1,67,10,2143,2,-1,-1,1,-1
2015075022022,1,4,0,18,0,1,0,0,0,0,3,1,6,1,24,5,748,1,18,-1,1,-1
2015075022022,2,9,0,9,0,1,0,0,0,10,1,1,6,2,55,8,998,1,7,-1,1,-1
2015075022028,1,9,0,16,9,0,2,10,7,9,1,1,6,1,50,8,-1,-1,-1,-1,1,-1
2015075022064,1,9,0,17,0,0,0,0,0,0,3,1,6,1,18,4,-1,-1,-1,-1,1,-1
2015075022064,2,9,0,18,0,0,0,0,0,0,3,1,6,2,55,8,1910,2,8,-1,2,-1
2015075022271,1,9,0,4,0,1,0,0,0,0,2,1,6,1,17,4,1229,1,7,-1,1,-1
2015075022271,2,9,0,4,0,1,0,0,0,0,1,1,6,3,21,5,1389,1,14,-1,1,-1
2015075022795,1,21,1,12,0,0,0,0,0,0,0,1,6,3,-1,-1,-1,-1,-1,-1,-1,-1
2015075022795,2,9,0,18,0,0,1,10,2,10,1,1,6,2,20,4,1229,1,2,-1,1,-1
2015075022875,1,9,0,18,0,1,0,0,0,0,1,1,6,1,-1,-1,-1,-1,-1,-1,1,-1
2015075022875,2,9,0,10,0,1,0,0,0,0,2,1,1,2,54,8,1389,1,10,-1,1,-1
2015075023386,1,9,0,18,0,7,0,0,0,0,1,1,1,1,53,8,-1,-1,-1,-1,3,-1
2015075023386,2,19,0,4,0,7,0,0,0,0,2,1,1,1,50,8,1248,2,8,-1,1,-1
2015075023595,1,1,0,18,0,4,0,0,0,0,0,1,6,2,85,11,-1,-1,-1,-1,1,-1
2015075023613,1,9,0,18,0,8,0,0,0,0,4,1,6,3,-1,-1,-1,-1,-1,-1,-1,-1
2015075023965,1,9,0,18,0,1,0,0,0,0,1,1,6,2,23,5,1390,1,6,-1,1,-1
2015075023965,2,9,0,9,0,8,0,0,0,0,1,1,6,1,21,5,1686,2,1,-1,1,-1
2015075024105,1,9,0,15,0,0,1,0,0,0,1,1,6,1,23,5,2987,2,8,-1,1,-1
2015075024105,2,9,0,18,0,0,0,0,0,0,1,1,2,2,33,6,1596,1,9,-1,1,-1
2015075024408,1,9,0,15,0,1,0,0,0,0,3,1,1,1,55,8,-1,-1,-1,-1,2,-1
2015075024408,2,4,0,10,0,1,0,0,0,0,3,1,1,1,16,4,-1,-1,-1,-1,2,-1
2015075024418,1,1,0,14,0,1,0,0,0,0,1,1,2,1,42,7,-1,-1,-1,-1,3,-1
2015075024418,2,9,0,3,0,1,0,0,0,0,3,1,2,1,38,7,2996,1,1,-1,3,-1
2015075024551,1,9,0,18,0,1,0,0,0,0,1,1,6,2,42,7,2183,2,3,-1,1,-1
2015075024551,2,9,0,18,0,1,0,0,0,0,2,1,6,2,46,8,1596,1,5,-1,1,-1
2015075024800,1,9,0,3,0,0,0,0,0,0,1,1,6,1,40,7,999,1,8,-1,1,-1
2015075024800,2,9,0,3,0,0,0,0,0,0,2,1,1,2,41,7,1794,1,13,-1,2,-1
2015075024800,3,9,0,3,0,0,0,0,0,0,2,1,6,1,-1,-1,1560,2,3,-1,2,-1
2015075024864,1,9,0,18,0,0,0,0,0,0,0,1,6,3,-1,-1,-1,-1,-1,-1,-1,-1
2015075024864,2,9,0,18,0,0,0,0,1,10,4,1,6,1,66,10,1598,2,2,-1,1,-1
2015075024980,1,9,0,18,0,8,0,0,0,0,3,1,6,1,42,7,1998,1,23,-1,1,-1
2015075025375,1,9,0,18,0,1,0,0,0,0,1,1,2,1,61,9,1796,1,4,-1,3,-1
2015075025375,2,3,0,18,0,1,0,0,0,0,0,1,2,2,19,4,125,1,1,-1,1,-1
2015075025452,1,8,0,18,0,1,0,0,0,0,3,1,1,3,-1,-1,-1,-1,-1,-1,-1,-1
2015075025484,1,10,0,4,0,1,0,0,0,0,1,1,1,1,-1,-1,2402,2,8,-1,1,-1
2015075025484,2,9,0,3,0,1,0,0,0,0,2,1,6,1,31,6,-1,-1,-1,-1,1,-1
2015075025643,1,21,1,18,0,0,3,4,8,11,4,1,1,1,46,8,12777,2,8,-1,-1,-1
2015075025643,2,9,0,2,0,0,0,0,0,0,2,1,1,1,53,8,-1,-1,-1,-1,-1,-1
2015075025704,1,9,0,1,0,0,0,0,0,0,2,1,6,2,51,8,1910,2,10,-1,1,-1
2015075025704,2,9,0,8,0,0,0,0,0,0,4,1,6,2,32,6,1199,1,14,-1,1,-1
2015075025971,1,9,0,4,0,0,0,0,0,0,1,1,6,1,19,4,1198,1,10,-1,1,-1
2015075025971,2,9,0,4,0,0,0,0,0,0,2,1,6,1,64,9,1461,2,6,-1,1,-1
2015075026017,1,9,0,5,0,1,0,0,0,0,3,1,2,2,25,5,1248,2,4,-1,1,-1
2015075026017,2,1,0,18,0,5,0,0,0,0,1,1,2,1,52,8,-1,-1,-1,-1,1,-1
2015075026183,1,2,0,18,9,0,0,0,1,1,1,1,6,1,23,5,49,1,4,-1,1,-1
2015075026356,1,9,0,18,0,1,1,0,2,7,3,1,1,1,44,7,-1,-1,-1,-1,1,-1
2015075026365,1,9,0,16,0,0,1,0,1,4,4,1,1,2,51,8,-1,-1,-1,-1,1,-1
2015075026366,1,9,0,4,9,0,0,0,7,5,1,1,1,1,19,4,-1,-1,-1,-1,-1,-1
2015075026418,1,9,0,18,0,6,0,0,0,0,1,1,6,1,39,7,1995,1,3,-1,1,-1
2015075026418,2,9,0,18,0,8,0,0,0,0,4,1,6,2,46,8,1397,1,3,-1,1,-1
2015075026449,1,3,0,18,0,0,1,0,0,0,0,1,4,1,18,4,124,1,10,-1,1,-1
2015075026485,1,9,0,18,0,0,1,0,2,7,1,1,6,2,38,7,-1,-1,-1,-1,1,-1
2015075026485,2,9,0,18,0,0,0,0,0,0,4,1,1,1,24,5,-1,-1,-1,-1,1,-1
2015075026515,1,9,0,16,0,0,1,0,0,0,1,1,1,1,53,8,1956,2,3,-1,1,-1
2015075026619,1,9,0,4,0,0,1,0,0,0,1,1,6,1,-1,-1,1896,2,12,-1,1,-1
2015075026619,2,19,0,3,0,0,0,0,0,0,2,1,1,1,53,8,1248,2,7,-1,1,-1
2015075026769,1,9,0,18,0,0,1,10,2,0,0,1,6,2,21,5,1360,1,9,-1,1,-1
2015075026769,2,9,0,18,0,0,0,0,0,0,0,1,6,1,53,8,1998,1,11,-1,3,-1
2015075026828,1,9,0,3,0,2,0,0,0,0,0,1,6,2,23,5,1598,1,5,-1,1,-1
2015075026828,2,9,0,5,0,8,0,0,0,0,0,1,6,1,36,7,1388,1,10,-1,1,-1
2015075026889,1,9,0,9,0,3,0,0,0,0,3,1,6,2,18,4,-1,-1,-1,-1,1,-1
2015075026966,1,9,0,16,0,0,1,0,0,0,1,1,2,1,25,5,-1,-1,-1,-1,1,-1
2015075026966,2,21,0,17,0,0,0,0,0,0,1,1,1,1,51,8,8970,2,9,-1,-1,-1
2015075027281,1,9,0,16,0,0,2,0,1,2,1,1,6,2,29,6,1598,1,8,-1,1,-1
2015075027478,1,9,0,18,0,8,0,0,0,0,3,1,1,1,43,7,1995,2,2,-1,1,-1
2015075027478,2,9,0,9,0,6,0,0,0,6,1,1,2,1,22,5,1956,2,2,-1,1,-1
2015075027627,1,21,1,18,0,0,1,0,0,0,1,1,1,1,64,9,11705,2,8,-1,1,-1
2015075027627,2,21,0,4,0,0,2,0,0,0,2,1,1,1,45,7,4462,2,2,-1,1,-1
2015075027627,3,21,1,4,0,0,0,0,0,0,2,2,1,1,33,6,-1,-1,-1,-1,-1,-1
2015075027627,4,9,0,18,0,0,0,0,0,0,4,1,6,2,45,7,2148,2,11,-1,1,-1
2015075027782,1,9,0,18,0,2,0,0,0,0,1,1,6,2,24,5,1229,1,6,-1,1,-1
2015075028034,1,9,0,18,0,0,0,0,0,0,1,1,6,1,54,8,-1,-1,-1,-1,1,-1
2015075028034,2,10,0,3,0,0,0,0,0,0,2,1,1,1,48,8,2500,2,8,-1,1,-1
2015075028242,1,9,0,4,0,1,0,0,0,0,1,1,6,1,38,7,1968,2,8,-1,1,-1
2015075028242,2,9,0,3,0,1,0,0,0,0,2,1,6,1,46,8,1598,1,3,-1,1,-1
2015075028242,3,9,0,3,0,1,0,0,0,0,2,1,6,2,22,5,1198,1,2,-1,1,-1
2015075028560,1,19,0,18,0,8,0,0,0,0,1,1,2,1,22,5,2198,2,5,-1,1,-1
2015075028560,2,9,0,9,0,8,0,0,0,0,1,1,6,1,42,7,-1,-1,-1,-1,1,-1
2015075029022,1,9,0,9,0,1,0,0,0,0,1,1,6,1,35,6,1590,1,10,-1,1,-1
2015075029022,2,3,0,18,0,1,0,0,0,0,1,1,6,1,25,5,124,1,6,-1,-1,-1
2015075029300,1,9,0,18,0,0,0,0,0,0,4,1,6,3,-1,-1,-1,-1,-1,-1,-1,-1
2015075029300,2,1,0,18,0,0,0,0,0,0,3,1,6,1,51,8,-1,-1,-1,-1,1,-1
2015075029633,1,8,0,5,0,0,0,0,0,0,0,1,6,3,-1,-1,-1,-1,-1,-1,-1,-1
2015075029844,1,9,0,9,0,8,0,0,0,0,1,1,6,2,33,6,1988,2,10,-1,3,-1
2015075029844,2,9,0,18,0,8,0,0,0,0,3,1,6,1,77,11,1560,2,5,-1,1,-1
2015075029866,1,5,0,18,0,5,0,2,1,1,1,1,6,1,24,5,656,1,7,-1,-1,-1
2015075030294,1,9,0,3,0,2,0,0,0,0,4,1,1,1,31,6,-1,-1,-1,-1,1,-1
2015075030294,2,3,0,18,0,2,0,0,0,0,4,1,1,1,51,8,-1,-1,-1,-1,1,-1
2015075030374,1,9,0,18,0,0,2,0,0,0,4,1,2,1,69,10,1390,1,7,-1,3,-1
2015075030818,1,9,0,18,0,8,0,0,0,0,1,1,1,2,44,7,1997,2,1,-1,1,-1
2015075030898,1,9,0,18,0,1,0,0,0,0,1,1,6,1,-1,-1,-1,-1,-1,-1,-1,-1
2015075030918,1,9,0,9,0,1,0,0,0,0,1,1,1,1,25,5,1970,1,14,-1,1,-1
2015075030918,2,9,0,18,0,1,0,0,0,0,4,1,1,1,52,8,-1,-1,-1,-1,3,-1
2015075031360,1,21,1,18,0,0,0,0,0,0,1,1,1,1,51,8,12740,2,2,-1,-1,-1
2015075031360,2,21,1,18,0,0,0,0,0,0,1,1,1,1,67,10,6370,2,4,-1,1,-1
2015075031360,3,9,0,18,0,0,0,0,0,0,2,1,6,1,52,8,1968,2,3,-1,3,-1
2015075031360,4,9,0,18,0,0,0,0,0,0,2,1,6,2,23,5,1422,2,6,-1,1,-1
2015075031360,5,21,1,18,0,0,0,0,0,0,2,1,1,1,54,8,6870,2,8,-1,1,-1
2015075031383,1,9,0,10,0,1,0,0,0,0,2,1,1,1,51,8,1995,2,2,-1,-1,-1
2015075031383,2,3,0,18,0,1,1,0,0,0,1,1,1,1,18,4,125,1,1,-1,1,-1
2015075031436,1,1,0,18,0,1,0,0,0,0,1,1,6,1,19,4,-1,-1,-1,-1,1,-1
2015075031436,2,9,0,9,0,8,0,0,0,0,4,1,2,1,51,8,1969,2,1,-1,1,-1
2015075031466,1,3,0,7,0,1,1,0,0,0,0,1,2,1,18,4,124,1,11,-1,1,-1
2015075031568,1,9,0,9,0,2,0,0,0,0,1,2,6,2,58,9,1398,1,3,-1,1,-1
2015075031568,2,9,0,5,0,2,0,0,0,0,1,2,6,2,23,5,1242,1,7,-1,1,-1
2015075031568,3,9,0,3,0,1,0,0,0,0,1,2,6,1,60,9,1668,1,13,-1,1,-1
2015075031700,1,9,0,1,0,0,0,0,0,0,2,1,1,1,25,5,1998,2,10,-1,1,-1
2015075031700,2,4,0,18,0,0,0,0,0,0,2,1,1,1,42,7,125,1,4,-1,-1,-1
2015075031871,1,3,0,18,0,1,0,0,0,0,1,1,2,1,27,6,124,1,2,-1,1,-1
2015075031871,2,9,0,4,0,2,0,0,0,0,2,1,6,2,58,9,1951,2,14,-1,3,-1
2015075031871,3,9,0,13,0,1,0,0,0,0,0,1,1,1,37,7,1582,2,1,-1,1,-1
2015075031929,1,9,0,7,0,1,0,0,0,0,1,1,6,1,48,8,1997,1,10,-1,1,-1
2015075031929,2,9,0,9,0,1,0,0,0,0,2,1,6,2,21,5,1968,2,8,-1,3,-1
2015075031929,3,9,0,9,0,1,0,0,0,0,2,1,6,2,26,6,1598,1,3,-1,1,-1
2015075031929,4,9,0,9,0,1,0,0,0,0,2,1,6,2,49,8,2776,2,1,-1,1,-1
2015075032031,1,9,0,7,0,6,0,0,0,0,1,1,6,3,33,6,1968,2,8,-1,1,-1
2015075032031,2,1,0,18,0,8,0,0,0,0,2,1,6,1,29,6,-1,-1,-1,-1,1,-1
2015075032070,1,9,0,18,0,2,0,0,0,0,1,1,2,1,47,8,1870,2,11,-1,1,-1
2015075032314,1,9,0,4,0,2,0,0,0,0,1,1,2,1,56,9,1388,1,7,-1,1,-1
2015075032314,2,1,0,18,0,1,0,0,0,0,2,1,2,1,58,9,-1,-1,-1,-1,1,-1
2015075032376,1,9,0,16,0,0,1,0,1,4,1,1,1,2,25,5,1388,1,5,-1,1,-1
2015075032486,1,9,0,18,0,2,1,0,0,0,1,1,2,2,60,9,1388,1,14,-1,1,-1
2015075032520,1,9,0,9,0,8,0,0,0,0,1,1,1,2,64,9,3528,1,30,-1,1,-1
2015075032520,2,9,0,18,0,1,0,0,0,0,1,1,1,2,42,7,1339,1,7,-1,1,-1
2015075032527,1,9,0,18,0,1,0,0,0,0,1,1,1,2,27,6,1582,2,3,-1,1,-1
2015075032527,2,9,0,10,0,1,0,0,0,0,2,1,6,2,43,7,1781,1,15,-1,1,-1
2015075032577,1,21,0,18,0,1,1,0,0,0,1,1,1,1,28,6,11946,2,2,-1,1,-1
2015075032577,2,9,0,4,0,1,0,0,0,0,2,1,1,1,58,9,-1,-1,-1,-1,1,-1
2015075032577,3,19,0,4,0,1,0,0,0,0,2,1,1,1,51,8,2198,2,8,-1,1,-1
2015075032577,4,9,0,4,0,1,0,0,0,0,2,1,1,2,61,9,1360,1,9,-1,1,-1
2015075032718,1,9,0,6,0,0,0,0,0,0,3,1,2,1,44,7,3199,1,13,-1,3,-1
2015075032718,2,5,0,18,0,0,0,0,0,0,1,1,2,1,28,6,636,1,10,-1,1,-1
2015075032863,1,19,0,18,0,8,0,0,0,0,1,1,1,1,24,5,2198,2,2,-1,1,-1
2015075032863,2,9,0,18,0,8,0,0,0,0,1,1,6,1,33,6,1995,2,6,-1,1,-1
2015075032872,1,9,0,4,0,1,0,0,0,0,1,1,6,1,-1,-1,-1,-1,-1,-1,-1,-1
2015075032872,2,9,0,10,0,1,0,0,0,0,2,1,3,2,61,9,1598,1,12,-1,1,-1
2015075033111,1,9,0,18,0,0,0,0,0,0,1,1,6,2,60,9,1794,1,12,-1,1,-1
2015075033111,2,9,0,4,0,0,0,0,0,0,2,1,2,1,49,8,1956,2,6,-1,1,-1
2015075033275,1,20,0,18,0,0,0,0,0,0,1,1,1,1,38,7,-1,-1,-1,-1,1,-1
2015075033275,2,21,4,18,0,0,0,0,0,0,2,1,1,1,53,8,4250,2,10,-1,1,-1
2015075033330,1,9,0,17,0,0,2,0,1,11,1,1,2,1,39,7,1598,1,8,-1,1,-1
2015075033349,1,9,0,18,0,4,0,0,0,0,2,1,1,1,29,6,1685,2,2,-1,1,-1
2015075033349,2,1,0,18,0,8,0,0,0,0,0,1,1,1,49,8,-1,-1,-1,-1,1,-1
2015075033380,1,11,0,18,2,0,0,0,0,0,1,1,1,1,45,7,5900,2,8,-1,1,-1
2015075033415,1,9,0,9,0,5,0,0,2,11,1,1,2,1,45,7,1998,1,1,-1,1,-1
2015075033415,2,9,0,18,0,1,0,0,2,0,1,2,2,1,32,6,998,1,1,-1,1,-1
2015075033445,1,9,0,18,0,1,0,0,0,0,4,1,6,1,-1,-1,1598,1,1,-1,-1,-1
2015075033445,2,9,0,15,0,1,0,0,0,0,3,1,1,1,39,7,2993,2,5,-1,1,-1
2015075033578,1,9,0,16,0,1,0,0,0,0,4,1,1,1,59,9,4293,1,13,-1,1,-1
2015075033578,2,9,0,9,0,1,0,0,0,0,3,1,2,2,27,6,-1,-1,-1,-1,1,-1
2015075033578,3,9,0,2,8,1,0,0,0,0,2,1,6,2,52,8,1968,2,9,-1,1,-1
2015075033986,1,9,0,5,0,6,0,0,0,0,4,1,6,1,70,10,3947,1,23,-1,3,-1
2015075033986,2,9,0,18,0,8,0,0,0,0,1,1,2,1,38,7,2198,1,8,-1,1,-1
2015075033986,3,9,0,18,0,8,0,0,1,11,1,1,6,1,58,9,-1,-1,-1,-1,1,-1
2015075033986,4,9,0,3,0,1,0,0,0,0,3,1,6,2,39,7,1242,1,14,-1,1,-1
2015075033994,1,9,0,18,0,6,0,0,0,0,3,1,6,2,28,6,1242,1,6,-1,1,-1
2015075033994,2,9,0,18,0,8,0,0,0,0,1,1,6,1,40,7,4367,2,-1,-1,3,-1
2015075034002,1,9,0,5,0,0,0,0,0,0,0,1,6,2,27,6,1598,1,10,-1,3,-1
2015075034215,1,9,0,9,0,6,0,0,0,0,3,1,1,1,32,6,1527,2,19,-1,1,-1
2015075034215,2,10,0,18,0,8,0,0,0,0,1,1,1,1,23,5,-1,-1,-1,-1,1,-1
2015075034410,1,9,0,5,0,1,0,0,0,0,1,1,1,2,48,8,1461,2,5,-1,-1,-1
2015075034410,2,3,0,5,0,1,0,0,0,0,2,1,1,1,44,7,125,1,2,-1,-1,-1
2015075034518,1,9,0,11,0,0,0,2,0,0,4,1,6,2,62,9,-1,-1,-1,-1,1,-1
2015075034518,2,21,1,18,0,0,0,0,2,7,3,2,1,1,24,5,-1,-1,-1,-1,-1,-1
2015075034518,3,21,1,18,0,0,0,0,0,0,4,1,1,1,50,8,11967,2,3,-1,1,-1
2015075034580,1,9,0,15,0,0,0,0,0,0,4,1,1,1,52,8,-1,-1,-1,-1,1,-1
2015075034580,2,1,0,18,0,0,0,0,0,0,3,1,2,2,43,7,-1,-1,-1,-1,1,-1
2015075034677,1,9,0,2,0,0,0,0,0,0,3,1,6,1,-1,-1,1870,2,11,-1,-1,-1
2015075034732,1,9,0,4,0,1,0,0,0,0,1,1,6,1,81,11,1242,1,10,-1,1,-1
2015075034732,2,9,0,18,0,1,0,0,0,0,2,1,6,2,23,5,1461,2,3,-1,1,-1
2015075034741,1,9,0,9,0,8,0,0,0,0,1,1,6,2,69,10,1560,2,6,-1,1,-1
2015075034746,1,9,0,18,0,5,0,0,0,0,4,1,6,1,49,8,1984,2,4,-1,1,-1
2015075034746,2,1,0,18,0,1,5,0,0,0,1,1,6,1,52,8,-1,-1,-1,-1,1,-1
2015075034771,1,19,0,5,0,8,0,0,0,0,1,1,1,1,45,7,2143,2,2,-1,1,-1
2015075034771,2,1,0,18,0,8,0,0,0,0,4,1,2,1,43,7,-1,-1,-1,-1,1,-1
2015075035133,1,9,0,9,0,8,0,0,0,0,3,1,6,2,75,10,1240,1,8,-1,1,-1
2015075035133,2,9,0,18,0,1,1,0,1,0,1,1,6,2,28,6,1686,2,9,-1,2,-1
2015075035192,1,20,0,18,0,0,0,0,0,0,4,1,1,1,50,8,4461,2,7,-1,1,-1
2015075035308,1,1,0,18,0,0,0,0,0,0,0,1,6,1,50,8,-1,-1,-1,-1,1,-1
2015075035308,2,9,0,13,0,0,0,0,0,0,0,1,6,3,-1,-1,-1,-1,-1,-1,-1,-1
2015075035588,1,9,0,17,0,0,0,0,2,0,1,1,6,1,21,5,2143,2,1,-1,3,-1
2015075035629,1,9,0,18,0,0,2,0,5,4,3,1,2,1,66,10,2231,2,3,-1,-1,-1
2015075036058,1,9,0,16,0,0,1,0,0,7,1,1,6,1,20,4,-1,-1,-1,-1,1,-1
2015075036095,1,1,0,18,0,8,0,0,0,0,1,1,6,1,15,3,-1,-1,-1,-1,1,-1
2015075036095,2,9,0,7,0,8,0,0,0,0,1,1,6,2,30,6,1598,1,3,-1,1,-1
2015075036136,1,9,0,16,0,0,2,10,1,11,2,1,6,1,34,6,1399,2,10,-1,1,-1
2015075036614,1,9,0,18,0,0,0,0,0,0,1,1,6,1,48,8,2987,2,3,-1,2,-1
2015075036614,2,9,0,3,0,0,0,0,0,0,2,1,6,2,40,7,2184,2,12,-1,2,-1
2015075036905,1,9,0,18,3,8,0,10,0,0,3,1,6,1,41,7,1400,1,16,-1,1,-1
2015075036905,2,9,0,18,3,8,0,0,0,0,1,1,1,1,42,7,1248,2,4,-1,1,-1
2015075036955,1,9,0,1,5,0,0,0,0,0,0,1,6,1,-1,-1,2987,2,8,-1,-1,-1
2015075037330,1,9,0,18,0,0,0,0,0,0,4,1,6,3,-1,-1,-1,-1,-1,-1,-1,-1
2015075037761,1,9,0,9,0,6,0,0,0,0,1,1,6,1,-1,-1,1560,2,1,-1,-1,-1
2015075037761,2,9,0,18,0,1,0,0,0,0,1,1,6,1,53,8,-1,-1,-1,-1,1,-1
2015075037861,1,9,0,5,0,8,1,0,0,0,1,1,6,2,51,8,-1,-1,-1,-1,1,-1
2015075037861,2,9,0,18,0,1,1,0,0,0,1,1,6,2,17,4,1390,1,1,-1,-1,-1
2015075037939,1,9,0,5,0,0,0,0,0,0,1,1,6,1,60,9,1997,2,12,-1,1,-1
2015075037939,2,1,0,18,0,0,5,0,0,0,4,1,6,1,15,3,-1,-1,-1,-1,1,-1
2015075038022,1,9,0,18,0,5,0,0,0,0,1,1,6,2,60,9,1796,1,5,-1,1,-1
2015075038022,2,9,0,4,0,1,0,0,0,0,2,1,6,2,59,9,-1,-1,-1,-1,1,-1
2015075038042,1,9,0,18,0,0,1,0,0,0,4,1,2,1,50,8,1994,1,13,-1,3,-1
2015075038042,2,9,0,18,0,0,0,0,0,0,4,1,2,1,23,5,1896,2,12,-1,3,-1
2015075038042,3,9,0,18,0,0,0,0,0,0,4,1,2,2,28,6,-1,-1,-1,-1,1,-1
2015075038282,1,9,0,18,0,0,0,0,1,0,4,1,2,2,25,5,1242,1,2,-1,-1,-1
2015075038599,1,9,0,18,0,0,0,0,1,11,1,1,1,1,26,6,-1,-1,-1,-1,1,-1
2015075038820,1,21,1,12,0,0,0,0,0,0,3,2,1,1,41,7,-1,-1,-1,-1,-1,-1
2015075038820,2,9,0,18,0,0,2,0,1,7,4,1,6,1,54,8,-1,-1,-1,-1,1,-1
2015075039292,1,9,0,18,0,8,0,0,0,0,4,1,6,1,37,7,1598,1,7,-1,2,-1
2015075039292,2,9,0,18,0,8,0,0,0,0,1,1,6,2,56,9,1364,1,8,-1,2,-1
2015075039498,1,9,0,18,0,2,5,0,7,11,3,1,2,1,29,6,-1,-1,-1,-1,1,-1
2015075039498,2,9,0,2,0,2,0,0,0,0,1,1,6,1,-1,-1,1399,2,10,-1,1,-1
2015075039569,1,21,1,18,0,0,1,0,4,0,1,1,1,1,30,6,-1,2,7,-1,3,-1
2015075039569,2,21,1,18,0,0,0,0,0,0,2,1,1,1,47,8,12900,2,7,-1,1,-1
2015075039569,3,9,0,18,0,0,0,0,0,0,2,1,1,2,32,6,-1,-1,-1,-1,2,-1
2015075039813,1,9,0,9,0,8,0,0,0,0,1,1,6,1,83,11,1598,1,10,-1,1,-1
2015075039813,2,1,0,18,0,8,0,0,0,0,3,1,6,1,53,8,-1,-1,-1,-1,1,-1