Accident_Index,Vehicle_Reference,Vehicle_Type,Towing_and_Articulation,Vehicle_Manoeuvre,Vehicle_Location-Restricted_Lane,Junction_Location,Skidding_and_Overturning,Hit_Object_in_Carriageway,Vehicle_Leaving_Carriageway,Hit_Object_off_Carriageway,1st_Point_of_Impact,Was_Vehicle_Left_Hand_Drive?,Journey_Purpose_of_Driver,Sex_of_Driver,Age_of_Driver,Age_Band_of_Driver,Engine_Capacity_(CC),Propulsion_Code,Age_of_Vehicle,Driver_IMD_Decile,Driver_Home_Area_Type,Vehicle_IMD_Decile
2015075150866,2,98,0,2,0,0,0,0,0,0,0,2,6,3,-1,-1,-1,-1,-1,-1,-1,-1
2015075150867,1,9,0,18,0,1,1,0,0,0,1,1,6,1,66,10,998,1,19,-1,3,-1
2015075150867,2,9,0,3,0,1,0,0,0,0,2,1,6,2,36,7,1560,2,7,-1,3,-1
2015075150932,1,9,0,18,0,0,5,0,0,0,1,1,6,1,26,6,1956,2,-1,-1,1,-1
2015075150932,2,9,0,18,0,0,0,0,0,0,2,1,2,1,54,8,2191,2,2,-1,3,-1
2015075150932,3,9,0,18,0,0,0,0,0,0,2,1,2,1,34,6,1968,2,4,-1,1,-1
2015075151067,1,9,0,17,0,0,1,0,0,0,1,1,6,1,25,5,1560,2,3,-1,1,-1
2015075151067,2,9,0,16,0,0,1,0,0,0,1,1,6,2,27,6,1999,1,9,-1,3,-1
2015075151527,1,9,0,5,0,1,0,0,0,0,1,1,6,1,60,9,1798,1,5,-1,1,-1
2015075151527,2,1,0,9,0,5,0,0,0,0,1,1,6,1,52,8,-1,-1,-1,-1,1,-1
2015075151572,1,19,0,5,0,1,0,0,0,0,4,1,1,1,43,7,1248,2,3,-1,1,-1
2015075151631,1,9,0,13,0,0,1,0,0,0,3,1,6,2,71,10,1360,1,5,-1,1,-1
2015075151631,2,9,0,16,0,0,0,0,0,0,0,1,6,1,70,10,998,1,5,-1,2,-1
2015075151631,3,9,0,17,0,0,0,0,1,0,3,1,1,1,47,8,-1,-1,-1,-1,3,-1
2015075151857,1,19,0,18,0,8,0,0,0,0,0,1,6,3,-1,-1,-1,-1,-1,-1,-1,-1
2015075151857,2,11,0,18,0,8,0,0,0,0,0,1,6,1,-1,-1,-1,-1,-1,-1,-1,-1
2015075152089,1,9,0,7,0,5,1,0,3,3,1,1,6,2,22,5,1229,1,7,-1,1,-1
2015075152140,1,9,0,9,0,6,0,0,0,0,3,1,2,2,29,6,1248,1,3,-1,1,-1
2015075152140,2,9,0,18,0,8,0,0,0,0,1,1,2,2,21,5,1229,1,9,-1,1,-1
2015075152406,1,8,0,9,0,1,0,0,0,0,1,1,1,1,36,7,1796,1,11,-1,1,-1
2015075152406,2,1,0,7,0,1,0,0,0,0,3,1,6,1,53,8,-1,-1,-1,-1,1,-1
2015075152484,1,9,0,18,0,7,0,0,0,0,1,1,6,2,24,5,1398,1,5,-1,1,-1
2015075152484,2,9,0,18,0,7,0,0,0,0,2,1,6,1,34,6,1896,2,11,-1,1,-1
2015075152761,1,9,0,9,0,6,0,0,0,0,1,1,6,1,39,7,-1,-1,-1,-1,1,-1
2015075152761,2,5,0,18,0,1,0,0,7,0,4,1,6,1,50,8,-1,-1,-1,-1,1,-1
2015075152880,1,9,4,18,0,0,0,0,0,0,1,1,6,1,42,7,2231,2,8,-1,3,-1
2015075152880,2,9,0,18,0,0,0,0,4,6,2,1,6,1,27,6,1390,1,3,-1,1,-1
2015075153901,1,9,0,16,0,0,1,0,1,9,1,1,2,2,18,4,1242,1,8,-1,-1,-1
2015075154063,1,20,0,6,0,0,0,0,0,0,0,1,1,1,-1,-1,2287,2,3,-1,-1,-1
2015075154063,2,5,0,18,0,0,1,0,0,0,0,1,6,1,57,9,883,1,14,-1,3,-1
2015075154249,1,5,0,16,0,0,1,0,0,0,1,1,6,1,22,5,1002,1,19,-1,1,-1
2015075154249,2,9,0,2,0,0,0,0,0,0,2,1,6,3,-1,-1,998,1,5,-1,-1,-1
2015075154357,1,4,0,9,0,8,0,0,0,0,4,1,6,1,26,6,124,1,9,-1,1,-1
2015075154358,1,9,0,17,0,0,1,0,7,0,4,1,6,1,18,4,1390,1,14,-1,1,-1
2015075154648,1,9,0,18,0,0,0,0,0,0,1,1,2,1,26,6,1596,1,12,-1,1,-1
2015075154710,1,21,0,18,0,1,0,0,0,0,1,1,1,1,-1,-1,12580,2,9,-1,-1,-1
2015075154710,2,21,4,8,0,6,0,0,0,0,2,1,1,1,32,6,2998,2,4,-1,1,-1
2015075154821,1,9,0,16,0,0,0,0,0,0,1,1,6,3,-1,-1,-1,-1,-1,-1,-1,-1
2015075154821,2,22,0,18,0,0,0,0,0,0,1,1,6,2,72,10,-1,-1,-1,-1,1,-1
2015075154943,1,9,0,15,0,1,0,4,0,0,1,1,6,1,44,7,1086,1,7,-1,1,-1
2015075154943,2,9,0,2,0,2,0,4,0,0,2,1,6,2,61,9,1995,2,2,-1,1,-1
2015075154943,3,9,0,2,0,2,0,0,0,0,2,1,6,1,47,8,1339,1,12,-1,1,-1
2015075154967,1,9,0,18,0,0,0,0,0,0,1,1,6,2,28,6,1461,2,12,-1,1,-1
2015075154967,2,9,0,3,0,0,0,0,0,0,2,1,6,1,45,7,1995,2,7,-1,1,-1
2015075155153,1,1,0,18,9,0,0,11,0,0,2,1,6,3,-1,-1,-1,-1,-1,-1,-1,-1
2015075155158,1,9,0,3,0,1,0,0,0,0,3,1,3,2,46,8,1796,1,13,-1,1,-1
2015075155158,2,21,0,18,0,1,0,0,0,0,1,1,1,1,26,6,-1,-1,-1,-1,1,-1
2015075155247,1,9,0,9,0,6,0,0,0,0,1,1,6,1,-1,-1,1896,2,11,-1,-1,-1
2015075155247,2,9,0,10,0,1,0,0,0,0,2,1,6,1,27,6,2179,2,3,-1,1,-1
2015075155247,3,9,0,18,0,8,0,0,0,0,3,1,3,2,53,8,1598,1,8,-1,1,-1
2015075155247,4,10,0,18,0,8,0,0,0,0,1,1,1,1,45,7,-1,-1,-1,-1,1,-1
2015075155312,1,9,0,9,0,5,0,0,0,0,4,1,6,2,54,8,1198,1,9,-1,2,-1
2015075155312,2,9,0,18,0,8,0,0,0,0,1,1,6,1,46,8,2926,2,14,-1,1,-1
2015075155422,1,9,0,9,0,8,0,0,0,0,1,1,6,1,41,7,1598,1,1,-1,1,-1
2015075155448,1,9,0,16,0,0,1,0,8,11,1,1,6,2,18,4,998,1,6,-1,3,-1
2015075155509,1,21,1,18,0,8,0,0,0,0,3,1,1,1,36,7,12777,2,6,-1,1,-1
2015075155509,2,9,0,9,0,8,0,0,0,0,1,1,6,2,58,9,2499,1,10,-1,1,-1
2015075155584,1,9,0,18,0,0,0,0,0,0,1,1,6,1,25,5,1796,1,13,-1,1,-1
2015075155584,2,21,1,18,0,0,0,0,0,0,1,1,1,1,41,7,12900,2,4,-1,1,-1
2015075155832,1,9,0,18,0,8,0,0,0,0,1,1,6,1,72,10,1587,1,18,-1,3,-1
2015075155832,2,9,0,10,0,1,0,0,0,0,2,1,6,1,56,9,973,1,12,-1,1,-1
2015075155832,3,9,0,18,0,8,0,0,0,0,1,1,6,1,21,5,1242,1,3,-1,2,-1
2015075155931,1,9,0,18,0,8,0,0,1,11,2,1,6,1,65,9,-1,-1,-1,-1,1,-1
2015075155931,2,19,0,18,0,1,0,0,7,11,1,1,1,1,42,7,2402,2,5,-1,1,-1
2015075156225,1,9,0,18,0,8,0,0,0,0,1,1,2,2,49,8,1242,1,10,-1,1,-1
2015075156719,1,9,0,18,0,0,0,0,0,0,4,1,3,2,45,7,1997,2,6,-1,1,-1
2015075156885,1,9,0,12,0,3,0,0,0,0,3,1,6,2,25,5,1199,1,11,-1,-1,-1
2015075156885,2,9,0,12,0,1,0,0,0,0,4,1,6,2,24,5,1229,1,1,-1,-1,-1
2015075157240,1,9,0,4,0,0,0,0,0,0,2,1,6,1,71,10,2401,2,13,-1,1,-1
2015075157240,2,9,0,4,0,0,0,0,0,0,1,1,6,2,38,7,1397,1,5,-1,1,-1
2015075157329,1,21,1,11,0,0,0,0,0,0,4,2,1,1,-1,-1,-1,-1,-1,-1,-1,-1
2015075157329,2,9,0,18,0,0,0,0,0,0,3,1,6,1,59,9,1368,1,2,-1,1,-1
2015075157827,1,9,0,18,0,1,0,0,0,0,1,1,1,1,57,9,1991,1,-1,-1,-1,-1
2015075157827,2,9,0,18,0,1,0,0,0,0,2,1,1,1,38,7,-1,-1,-1,-1,1,-1
2015075157902,1,9,0,18,0,1,0,0,0,0,1,1,2,2,67,10,1796,1,13,-1,2,-1
2015075157902,2,19,0,18,0,1,0,0,0,0,1,1,6,1,55,8,-1,-1,-1,-1,1,-1
2015075157936,1,9,0,1,0,0,0,4,0,0,4,1,3,2,34,6,1560,2,3,-1,1,-1
2015075157936,2,20,0,2,0,0,0,0,1,11,3,1,1,1,-1,-1,2488,2,7,-1,3,-1
2015075158083,1,9,0,15,0,0,0,0,0,0,4,1,6,1,32,6,1956,2,1,-1,1,-1
2015075158083,2,9,0,18,0,0,0,0,0,0,3,1,6,1,72,10,-1,-1,-1,-1,1,-1
2015075158168,1,9,0,18,0,8,0,0,0,0,1,1,6,2,42,7,1995,2,4,-1,1,-1
2015075158549,1,9,0,6,0,1,0,0,0,0,3,1,6,1,68,10,1999,1,8,-1,1,-1
2015075158549,2,9,0,18,0,1,1,0,0,0,1,1,2,1,46,8,-1,-1,-1,-1,1,-1
2015075158550,1,9,0,16,0,1,0,0,0,11,1,1,6,1,71,10,999,1,1,-1,-1,-1
2015075158681,1,9,0,17,0,0,1,0,1,11,4,1,6,1,23,5,1587,1,12,-1,1,-1
2015075158951,1,9,0,12,0,0,0,0,7,10,2,1,1,1,30,6,1686,2,2,-1,1,-1
2015075158951,2,9,0,18,0,0,0,0,7,10,1,1,1,1,43,7,1984,2,3,-1,1,-1
2015075159328,1,9,0,9,0,6,0,0,0,0,4,1,6,2,35,6,1956,2,4,-1,1,-1
2015075159328,2,1,0,18,0,8,0,0,1,0,1,1,1,2,26,6,-1,-1,-1,-1,1,-1
2015075159336,1,21,0,1,0,2,0,0,0,0,1,1,1,1,64,9,12600,2,13,-1,3,-1
2015075159336,2,9,0,18,0,8,0,0,0,0,4,1,6,1,71,10,1560,2,4,-1,1,-1
2015075159526,1,9,0,8,0,1,0,0,0,0,1,1,6,1,72,10,-1,-1,-1,-1,1,-1
2015075159526,2,5,0,18,0,1,0,0,0,0,4,1,6,1,53,8,649,1,1,-1,1,-1
2015075159675,1,9,0,18,0,1,0,0,0,0,1,1,6,1,53,8,2148,2,4,-1,2,-1
2015075159675,2,9,0,3,0,1,0,0,0,0,2,1,6,2,50,8,1364,1,-1,-1,1,-1
2015075159675,3,19,0,3,0,1,0,0,0,0,2,1,6,1,-1,-1,1753,2,4,-1,-1,-1
2015075159716,1,9,0,5,0,2,0,0,0,0,3,1,6,1,24,5,1560,2,8,-1,1,-1
2015075159716,2,1,0,18,0,2,1,0,0,0,3,1,6,1,21,5,-1,-1,-1,-1,1,-1
2015075159730,1,9,0,5,0,1,0,0,0,0,1,1,6,1,54,8,1600,1,-1,-1,1,-1
2015075160274,1,19,0,18,0,0,0,0,0,0,1,1,6,1,37,7,2298,2,4,-1,1,-1
2015075160274,2,9,0,18,0,0,0,0,0,0,2,1,6,1,52,8,2143,12,2,-1,1,-1
2015075160280,1,9,0,18,0,2,0,0,0,0,1,1,6,1,35,6,-1,-1,-1,-1,1,-1
2015075160280,2,19,0,18,0,1,0,0,1,0,1,1,1,1,45,7,-1,-1,-1,-1,1,-1
2015075160326,1,9,0,9,0,6,0,0,0,0,4,1,6,1,52,8,-1,-1,-1,-1,1,-1
2015075160326,2,1,0,18,0,1,0,0,1,0,2,1,6,1,31,6,-1,-1,-1,-1,1,-1
2015075160418,1,9,0,18,0,6,0,0,0,0,4,1,6,2,68,10,1360,1,11,-1,1,-1
2015075160418,2,9,0,9,0,7,0,0,0,0,1,1,2,2,21,5,1968,2,8,-1,1,-1
2015075160442,1,9,0,18,0,0,0,0,0,0,3,1,6,2,21,5,1360,1,9,-1,1,-1
2015075160519,1,9,0,6,0,6,0,0,0,0,3,1,6,1,19,4,1242,1,8,-1,1,-1
2015075160519,2,5,0,18,0,1,0,0,0,0,1,1,2,1,50,8,1050,1,10,-1,1,-1
2015075160541,1,9,0,5,0,2,0,0,0,0,3,1,6,1,44,7,2993,2,-1,-1,3,-1
2015075160541,2,1,0,17,0,2,0,0,0,0,4,1,6,1,43,7,-1,-1,-1,-1,1,-1
2015075160623,1,9,0,4,0,0,0,0,0,0,1,2,6,2,71,10,1422,2,7,-1,1,-1
2015075161673,1,9,0,18,0,8,0,0,0,0,3,1,6,1,19,4,1198,1,5,-1,1,-1
2015075161673,2,9,0,9,0,8,0,0,0,0,1,1,6,1,75,10,1596,1,1,-1,1,-1
2015075161744,1,9,0,16,0,1,1,0,8,2,3,1,6,1,46,8,1995,2,-1,-1,-1,-1
2015075161744,2,9,0,18,0,1,0,0,0,0,0,1,6,1,41,7,1582,2,3,-1,-1,-1
2015075161805,1,4,0,16,0,8,2,0,7,0,4,1,6,1,18,4,125,1,9,-1,1,-1
2015075161805,2,9,0,17,0,8,0,0,0,0,1,1,6,2,38,7,1598,2,3,-1,3,-1
2015075162273,1,9,0,18,0,0,0,0,0,0,1,1,2,1,43,7,-1,-1,-1,-1,-1,-1
2015075162273,2,9,0,18,0,0,0,0,0,0,2,1,6,1,44,7,1997,2,6,-1,1,-1
2015075162282,1,9,0,18,0,1,0,0,0,0,1,1,2,1,50,8,1986,2,9,-1,1,-1
2015075162282,2,9,0,5,0,6,0,0,0,0,3,1,2,1,45,7,1968,2,4,-1,1,-1
2015075162599,1,9,0,18,0,4,0,0,0,0,1,1,2,1,26,6,1997,2,11,-1,1,-1
2015075162599,2,9,0,18,0,8,0,0,0,0,4,1,2,1,41,7,1997,2,4,-1,1,-1
2015075162600,1,2,0,14,0,2,0,4,0,0,1,1,6,1,16,4,49,1,1,-1,1,-1
2015075162600,2,9,0,2,0,2,0,0,0,0,4,1,6,3,-1,-1,1896,2,12,-1,1,-1
2015075162657,1,2,0,18,0,8,1,0,0,6,1,1,2,1,19,4,49,1,2,-1,2,-1
2015075162765,1,9,0,10,0,1,0,11,0,0,2,1,6,2,36,7,1995,2,13,-1,1,-1
2015075162765,2,9,0,18,0,1,0,11,1,0,1,1,6,1,25,5,1360,1,15,-1,1,-1
2015075162765,3,9,0,18,0,1,0,1,0,0,3,1,6,2,40,7,1598,1,2,-1,1,-1
2015075162905,1,3,0,7,0,3,1,0,0,0,4,1,6,2,17,4,124,1,13,-1,1,-1
2015075162911,1,9,0,17,0,2,0,2,7,1,4,1,6,1,18,4,1149,1,7,-1,1,-1
2015075162968,1,9,0,18,0,6,0,0,0,0,3,1,6,2,-1,-1,1796,1,11,-1,2,-1
2015075162968,2,1,0,18,0,8,0,0,0,0,1,1,6,1,25,5,-1,-1,-1,-1,1,-1
2015075163320,1,8,0,18,2,7,0,0,0,0,1,1,1,1,45,7,-1,-1,-1,-1,1,-1
2015075163320,2,1,0,11,2,5,0,0,0,0,2,1,1,1,34,6,-1,-1,-1,-1,-1,-1
2015075163731,1,11,0,5,0,2,0,0,0,0,0,1,1,2,38,7,4461,2,4,-1,1,-1
2015075163975,1,9,0,9,0,8,0,0,0,0,3,1,1,2,34,6,1198,1,1,-1,1,-1
2015075163975,2,3,0,18,0,8,0,0,0,0,1,1,1,2,19,4,124,1,13,-1,1,-1
2015075164046,1,5,0,5,0,1,0,0,0,0,0,1,2,1,27,6,599,1,15,-1,1,-1
2015075164376,1,9,0,9,0,1,0,0,0,0,1,1,2,2,21,5,1242,1,12,-1,1,-1
2015075164376,2,9,0,18,0,1,0,0,0,0,3,1,2,1,33,6,1360,1,9,-1,1,-1
2015075164394,1,9,0,10,0,8,0,0,0,0,0,1,1,1,26,6,1685,2,2,-1,1,-1
2015075164394,2,1,0,18,0,1,0,0,0,0,3,1,1,1,25,5,-1,-1,-1,-1,1,-1
2015075164542,1,9,0,3,0,1,0,0,0,0,1,1,6,1,79,11,1998,1,11,-1,1,-1
2015075164542,2,9,0,18,0,8,0,0,0,0,3,1,2,1,73,10,1896,2,12,-1,1,-1
2015075164559,1,9,0,18,0,1,0,0,0,0,1,1,6,1,37,7,1599,1,11,-1,1,-1
2015075164559,2,19,0,3,0,1,0,0,0,0,2,1,1,1,27,6,1598,2,-1,-1,1,-1
2015075165483,1,9,0,16,0,0,0,0,5,6,1,1,6,1,35,6,1910,2,8,-1,1,-1
2015075165508,1,21,0,18,0,0,1,0,0,0,1,1,1,1,41,7,4461,2,4,-1,-1,-1
2015075165601,1,9,0,9,0,5,0,12,0,0,1,1,6,1,-1,-1,1229,1,10,-1,1,-1
2015075165727,1,9,0,2,0,0,0,0,0,0,0,1,1,2,52,8,1248,2,2,-1,1,-1
2015075165727,2,1,0,18,0,0,0,0,0,0,2,1,6,2,48,8,-1,-1,-1,-1,3,-1
2015075165950,1,9,0,5,0,1,0,0,0,0,1,1,6,2,67,10,1198,1,6,-1,1,-1
2015075165950,2,1,0,17,0,2,5,0,0,0,4,1,6,1,48,8,-1,-1,-1,-1,1,-1
2015075166031,1,9,0,18,0,6,5,0,0,0,1,1,6,2,77,11,1242,1,3,-1,3,-1
2015075166031,2,9,0,18,0,8,5,0,0,0,1,1,6,2,76,11,1388,1,7,-1,1,-1
2015075166031,3,9,0,18,0,1,0,0,0,0,1,1,1,1,55,8,1995,2,11,-1,2,-1
2015075166111,1,20,0,13,0,0,0,0,0,0,4,1,1,1,55,8,-1,-1,-1,-1,3,-1
2015075166111,2,1,0,18,0,0,0,0,1,10,3,1,6,1,54,8,-1,-1,-1,-1,3,-1
2015075166315,1,9,0,18,0,0,1,0,0,0,4,1,6,2,22,5,1199,1,11,-1,1,-1
2015075166315,2,9,0,18,0,0,0,0,0,0,1,1,6,2,36,7,1598,2,1,-1,1,-1
2015075166507,1,9,0,7,0,6,0,10,1,0,3,1,6,1,19,4,1229,1,9,-1,1,-1
2015075166507,2,9,0,18,0,1,0,0,0,0,1,1,6,1,28,6,1686,2,11,-1,1,-1
2015075166603,1,9,0,9,0,8,0,0,0,0,1,1,6,1,34,6,2521,1,8,-1,1,-1
2015075166817,1,9,0,18,0,0,0,0,0,0,1,1,6,1,40,7,1998,1,8,-1,1,-1
2015075166817,2,9,0,18,0,0,0,0,0,0,2,1,1,2,54,8,998,1,2,-1,1,-1
2015075166829,1,19,0,18,0,1,0,0,0,0,1,1,1,2,20,4,2198,2,8,-1,1,-1
2015075166829,2,9,0,3,0,1,0,0,0,0,2,1,6,1,39,7,1560,2,5,-1,3,-1
2015075166829,3,19,0,3,0,1,0,0,0,0,2,1,1,1,53,8,2198,2,1,-1,1,-1
2015075166829,4,9,0,7,0,5,0,0,0,0,0,1,6,3,-1,-1,-1,-1,-1,-1,-1,-1
2015075167197,1,2,0,3,0,0,0,0,0,0,0,1,6,2,22,5,-1,-1,-1,-1,1,-1
2015075167197,2,9,0,3,0,0,0,0,0,0,4,1,6,2,-1,-1,1598,1,9,-1,1,-1
2015075167309,1,9,0,9,0,8,1,0,0,0,1,1,3,2,24,5,998,1,4,-1,2,-1
2015075167309,2,9,0,18,0,1,1,0,0,0,1,1,6,1,36,7,1968,2,3,-1,3,-1
2015075167718,1,9,0,18,0,0,0,0,0,0,1,1,6,3,-1,-1,-1,-1,-1,-1,-1,-1
2015075167718,2,1,0,18,0,0,0,0,0,0,1,1,6,1,14,3,-1,-1,-1,-1,1,-1
2015075167851,1,19,0,18,0,0,0,0,0,0,1,1,1,1,60,9,-1,-1,-1,-1,1,-1
2015075168188,1,19,0,9,0,1,0,0,0,0,3,1,1,1,48,8,2287,2,3,-1,1,-1
2015075168188,2,5,0,13,0,1,0,0,0,0,4,1,2,1,31,6,599,1,5,-1,1,-1
2015075168329,1,9,0,10,0,1,0,0,0,0,3,1,6,1,29,6,1299,1,14,-1,1,-1
2015075168329,2,4,0,18,0,1,2,0,0,0,1,1,6,1,49,8,1043,1,4,-1,1,-1
2015075168505,1,9,0,6,0,0,0,0,0,0,2,1,6,1,32,6,1596,1,10,-1,1,-1
2015075168505,2,5,0,13,0,0,0,0,0,0,3,1,6,1,34,6,599,1,17,-1,1,-1
2015075168602,1,9,0,9,0,6,0,0,0,0,1,1,6,1,-1,-1,-1,-1,-1,-1,-1,-1
2015075168602,2,1,0,18,0,8,0,0,0,0,4,1,6,2,22,5,-1,-1,-1,-1,1,-1
2015075169500,1,5,0,18,0,1,1,0,0,0,0,1,6,1,59,9,790,1,11,-1,1,-1
2015075169500,2,9,0,4,0,1,0,0,0,0,0,1,6,1,43,7,1198,1,5,-1,1,-1
2015075169561,1,4,0,18,0,0,0,0,0,0,2,1,6,1,22,5,-1,-1,-1,-1,1,-1
2015075169834,1,9,0,5,0,1,0,0,0,0,1,1,6,3,-1,-1,-1,-1,-1,-1,-1,-1
2015075169834,2,1,0,3,0,1,0,0,0,0,2,1,6,1,23,5,-1,-1,-1,-1,1,-1
2015075169881,1,9,0,9,0,2,0,0,0,0,1,1,6,1,31,6,1796,1,14,-1,2,-1
2015075169881,2,5,0,18,0,1,0,0,0,0,1,1,6,1,68,10,-1,-1,-1,-1,2,-1
2015075170416,1,19,0,5,0,4,0,0,3,0,1,1,1,1,25,5,1997,2,1,-1,-1,-1
2015075170416,2,3,0,16,0,8,0,0,0,0,4,1,1,1,22,5,-1,-1,-1,-1,1,-1
2015075170417,1,19,0,18,0,1,0,0,1,0,1,1,6,1,31,6,-1,-1,-1,-1,1,-1
2015075170581,1,9,0,4,0,0,0,0,0,0,1,1,1,2,27,6,1598,2,2,-1,-1,-1
2015075170581,2,9,0,4,0,0,0,0,0,0,2,1,6,2,39,7,2979,1,1,-1,3,-1
2015075170609,1,21,0,18,0,0,0,0,0,0,1,1,1,1,43,7,10308,2,5,-1,-1,-1
2015075170609,2,9,0,18,0,0,0,0,0,0,2,1,6,1,58,9,1560,2,3,-1,-1,-1
2015075171026,1,9,0,5,0,4,0,0,0,0,1,1,6,1,52,8,1198,1,-1,-1,1,-1
2015075171026,2,1,0,18,0,8,0,0,0,0,4,1,6,1,56,9,-1,-1,-1,-1,1,-1
2015075171998,1,9,0,9,0,2,0,0,0,0,1,1,6,1,26,6,1197,1,1,-1,1,-1
2015075172283,1,3,0,16,0,1,5,0,0,0,4,1,6,1,25,5,124,1,3,-1,1,-1
2015075172715,1,9,0,18,0,0,5,0,2,10,1,1,6,2,88,11,1242,1,6,-1,2,-1
2015075172809,1,9,0,18,0,1,0,0,0,0,1,1,6,1,63,9,-1,-1,-1,-1,1,-1
2015075172809,2,9,0,18,0,1,0,0,0,0,2,1,6,2,40,7,1968,2,8,-1,3,-1
2015075172809,3,3,0,10,0,1,0,0,0,0,2,1,6,1,19,4,124,1,8,-1,1,-1
2015075172838,1,9,0,9,0,6,0,0,0,0,1,2,1,1,25,5,-1,-1,-1,-1,1,-1
2015075172838,2,9,0,9,0,1,2,0,0,0,4,2,1,2,17,4,-1,-1,-1,-1,1,-1
2015075173007,1,9,0,16,0,0,0,0,1,0,4,1,6,2,45,7,1995,2,8,-1,1,-1
2015075173035,1,1,0,18,0,0,1,0,0,0,0,1,6,1,89,11,-1,-1,-1,-1,3,-1
2015075173035,2,9,0,14,0,0,0,0,0,0,0,1,6,2,40,7,-1,-1,-1,-1,2,-1
2015075173430,1,9,0,17,0,0,0,0,2,7,1,1,6,2,25,5,1390,1,14,-1,1,-1
2015075173805,1,5,0,18,0,1,0,0,0,0,1,1,6,1,63,9,1052,1,19,-1,1,-1
2015075173805,2,9,0,10,0,1,0,0,0,0,2,1,2,2,33,6,1560,2,5,-1,3,-1
2015075173839,1,9,0,16,0,0,1,0,0,0,1,1,2,2,46,8,796,1,5,-1,1,-1
2015075173839,2,9,0,18,0,0,5,0,7,0,1,1,6,1,33,6,1686,2,10,-1,1,-1
2015075173905,1,9,0,18,0,1,1,0,0,0,3,1,6,1,55,8,995,1,6,-1,1,-1
2015075173905,2,21,0,18,0,2,0,0,1,0,3,1,1,1,41,7,4461,2,3,-1,1,-1
2015075173905,3,9,0,10,0,8,0,0,0,0,0,1,6,2,58,9,1598,1,3,-1,1,-1
2015075174066,1,19,0,18,0,8,0,0,0,0,1,1,1,1,60,9,2148,2,10,-1,1,-1
2015075174066,2,9,0,18,0,8,0,0,1,0,2,1,6,1,70,10,1200,1,-1,-1,1,-1
2015075174095,1,9,0,9,0,8,0,0,0,0,1,1,6,2,19,4,1587,1,10,-1,2,-1
2015075174095,2,9,0,18,0,8,0,0,0,0,1,1,6,1,78,11,999,1,2,-1,1,-1
2015075174221,1,9,0,11,0,3,0,0,0,0,1,1,6,1,60,9,1686,2,-1,-1,1,-1
2015075174221,2,9,0,18,0,3,0,0,0,0,2,1,6,2,22,5,1596,1,10,-1,1,-1
2015075174264,1,9,0,9,0,8,0,0,0,0,1,1,6,2,64,9,998,1,1,-1,3,-1
2015075174264,2,9,0,18,0,8,0,0,0,0,1,1,6,2,63,9,2184,2,8,-1,3,-1
2015075174315,1,9,0,4,0,0,0,0,0,0,1,1,6,1,42,7,1797,8,1,-1,1,-1
2015075174315,2,9,0,4,0,0,0,0,0,0,2,1,6,1,56,9,1399,1,10,-1,1,-1
2015075174333,1,9,0,17,0,0,0,0,1,11,1,1,6,2,22,5,1149,1,9,-1,1,-1
2015075174414,1,9,0,9,0,8,0,0,0,0,3,1,2,2,35,6,1968,2,1,-1,1,-1
2015075174414,2,5,0,3,0,3,0,0,0,0,4,1,2,1,50,8,649,1,9,-1,1,-1
2015075174951,1,9,0,18,0,0,0,0,0,0,1,1,6,3,-1,-1,1997,2,13,-1,-1,-1
2015075174951,2,19,0,18,0,0,0,0,0,0,2,1,1,1,24,5,2500,2,10,-1,1,-1
2015075175218,1,9,0,9,0,6,0,0,0,0,1,1,6,1,80,11,2179,2,6,-1,1,-1
2015075175218,2,9,0,18,0,8,5,0,0,0,4,1,6,1,18,4,998,1,15,-1,1,-1
2015075175341,1,9,0,18,0,1,0,0,0,0,1,1,6,1,-1,-1,-1,-1,-1,-1,1,-1
2015075175341,2,1,0,17,0,1,0,0,0,0,4,1,6,1,51,8,-1,-1,-1,-1,1,-1
2015075175372,1,1,0,18,0,0,0,0,0,0,1,1,6,1,14,3,-1,-1,-1,-1,3,-1
2015075175372,2,9,0,18,0,0,0,0,0,0,3,1,6,1,33,6,3222,2,12,-1,1,-1
2015075175379,1,9,0,16,0,1,0,0,0,0,4,1,6,1,38,7,1796,1,12,-1,1,-1
2015075175647,1,9,0,16,0,8,0,0,0,0,3,1,6,1,47,8,1998,2,13,-1,1,-1
2015075175647,2,9,0,9,0,8,0,0,0,0,1,1,6,1,19,4,1242,1,2,-1,1,-1
2015075175798,1,9,0,18,0,0,1,0,2,3,1,1,6,2,51,8,1242,1,8,-1,1,-1
2015075176097,1,9,0,16,0,4,0,10,3,1,1,1,6,1,18,4,2148,2,9,-1,1,-1
2015075176177,1,9,0,18,0,0,1,0,0,0,3,1,6,2,28,6,1895,1,16,-1,2,-1
2015075176177,2,11,0,18,0,0,0,0,0,0,1,1,1,1,64,9,12000,2,7,-1,2,-1
2015075176311,1,9,0,18,0,8,1,0,0,0,1,1,6,2,37,7,1242,1,13,-1,1,-1
2015075176311,2,9,0,18,0,1,1,0,0,0,1,1,6,1,61,9,1598,1,7,-1,1,-1
2015075176374,1,9,0,9,0,6,0,0,0,0,3,1,6,1,23,5,-1,-1,-1,-1,3,-1