Accident_Index,Vehicle_Reference,Vehicle_Type,Towing_and_Articulation,Vehicle_Manoeuvre,Vehicle_Location-Restricted_Lane,Junction_Location,Skidding_and_Overturning,Hit_Object_in_Carriageway,Vehicle_Leaving_Carriageway,Hit_Object_off_Carriageway,1st_Point_of_Impact,Was_Vehicle_Left_Hand_Drive?,Journey_Purpose_of_Driver,Sex_of_Driver,Age_of_Driver,Age_Band_of_Driver,Engine_Capacity_(CC),Propulsion_Code,Age_of_Vehicle,Driver_IMD_Decile,Driver_Home_Area_Type,Vehicle_IMD_Decile
2015075176374,2,8,0,18,0,1,0,0,1,0,1,1,1,1,39,7,1560,2,7,-1,1,-1
2015075176391,1,8,0,4,0,2,1,0,0,0,1,1,1,1,53,8,1997,2,5,-1,1,-1
2015075176391,2,9,0,3,0,2,0,0,0,0,2,1,6,2,32,6,1368,1,6,-1,1,-1
2015075176401,1,9,0,18,0,0,5,0,0,10,3,1,6,2,44,7,1299,1,13,-1,3,-1
2015075176402,1,22,0,18,0,8,2,0,0,0,3,1,6,1,62,9,-1,-1,-1,-1,1,-1
2015075176542,1,1,0,18,0,4,0,0,0,0,1,1,6,1,59,9,-1,-1,-1,-1,1,-1
2015075176542,2,9,0,18,0,4,0,0,0,0,1,1,6,1,49,8,2987,2,8,-1,1,-1
2015075176743,1,3,0,15,0,0,0,0,0,0,1,1,6,1,25,5,125,1,1,-1,1,-1
2015075176743,2,19,0,7,0,0,0,0,0,0,4,1,6,1,58,9,1560,2,2,-1,1,-1
2015075177038,1,9,0,17,0,0,1,0,1,10,1,1,6,1,28,6,1796,1,11,-1,-1,-1
2015075177396,1,9,0,3,0,1,0,0,0,0,2,1,6,1,61,9,1796,1,1,-1,3,-1
2015075177396,2,9,0,4,0,8,0,0,0,0,1,1,6,1,38,7,1968,2,2,-1,2,-1
2015075177396,3,9,0,18,0,8,0,0,0,0,1,1,2,1,31,6,2499,2,14,-1,1,-1
2015075177396,4,9,0,9,0,5,0,0,0,0,0,1,6,3,-1,-1,-1,-1,-1,-1,-1,-1
2015075177397,1,9,0,1,9,6,0,0,0,0,2,1,6,2,27,6,1796,1,3,-1,2,-1
2015075177397,2,1,0,18,9,8,0,0,0,0,1,1,6,1,18,4,-1,-1,-1,-1,1,-1
2015075177753,1,9,0,18,0,4,0,0,0,0,3,1,6,1,19,4,998,1,7,-1,1,-1
2015075177753,2,2,0,18,0,4,0,0,0,0,1,1,2,1,17,4,49,1,2,-1,1,-1
2015075178021,1,20,0,18,0,0,1,0,0,0,1,1,1,1,42,7,-1,-1,-1,-1,3,-1
2015075178021,2,20,0,18,0,0,1,0,0,0,1,1,1,1,48,8,-1,-1,-1,-1,1,-1
2015075178035,1,19,0,16,0,8,1,0,0,0,1,1,1,1,46,8,-1,-1,-1,-1,1,-1
2015075178035,2,21,0,17,0,8,0,0,0,0,1,1,1,1,61,9,-1,2,9,-1,1,-1
2015075178064,1,9,0,18,0,2,0,0,0,0,3,1,6,1,-1,-1,-1,-1,-1,-1,-1,-1
2015075178064,2,9,0,18,0,2,0,0,0,0,4,1,2,2,56,9,1461,2,3,-1,3,-1
2015075178117,1,9,0,16,0,0,1,0,0,0,1,1,2,1,49,8,1910,2,9,-1,3,-1
2015075178117,2,9,0,18,0,0,0,0,0,0,1,1,6,2,46,8,1997,2,16,-1,3,-1
2015075178545,1,9,0,17,0,0,0,0,2,11,1,1,2,1,87,11,2999,2,13,-1,3,-1
2015075178704,1,1,0,18,0,8,0,0,0,0,3,1,6,1,14,3,-1,-1,-1,-1,1,-1
2015075178704,2,9,0,18,0,8,0,0,0,0,1,1,6,2,53,8,1149,1,3,-1,1,-1
2015075179105,1,21,1,3,0,1,0,0,0,0,1,1,1,1,51,8,12777,2,3,-1,1,-1
2015075179105,2,9,0,3,0,1,0,0,0,0,2,1,2,1,24,5,1198,1,8,-1,3,-1
2015075179105,3,9,0,3,0,1,0,0,0,0,2,1,2,1,43,7,2993,2,3,-1,1,-1
2015075179105,4,19,0,3,0,1,0,0,0,0,2,1,1,1,31,6,2300,2,11,-1,1,-1
2015075179105,5,19,0,3,0,1,0,0,0,0,2,1,1,1,51,8,1753,2,12,-1,1,-1
2015075179165,1,9,0,9,0,6,0,0,0,0,4,1,2,2,47,8,1242,1,2,-1,1,-1
2015075179165,2,1,0,18,0,8,5,0,0,0,3,1,6,1,51,8,-1,-1,-1,-1,1,-1
2015075179342,1,9,0,1,0,2,0,0,0,0,2,1,2,2,60,9,1598,1,10,-1,1,-1
2015075179535,1,21,1,12,0,0,0,0,0,0,0,1,1,1,47,8,10518,2,9,-1,-1,-1
2015075179535,2,9,0,18,0,0,2,0,1,7,1,1,6,2,22,5,1229,1,3,-1,1,-1
2015075179655,1,9,0,18,0,8,0,0,0,0,4,1,6,2,23,5,1229,1,7,-1,1,-1
2015075179788,1,19,0,4,0,1,0,0,0,0,1,1,2,1,21,5,1995,2,3,-1,-1,-1
2015075179795,1,1,0,4,0,0,0,0,0,0,3,1,6,1,24,5,-1,-1,-1,-1,1,-1
2015075179795,2,9,0,4,0,0,1,0,7,11,1,1,1,1,39,7,1582,2,3,-1,1,-1
2015075180306,1,5,0,18,0,1,0,0,0,0,0,1,2,2,42,7,1200,1,11,-1,1,-1
2015075180546,1,19,5,3,0,4,0,0,0,0,4,1,6,3,-1,-1,1248,2,10,-1,-1,-1
2015075180794,1,21,1,11,0,0,0,0,0,0,4,1,1,1,50,8,12902,2,3,-1,1,-1
2015075180794,2,9,0,18,0,0,1,0,0,0,3,1,6,2,68,10,1584,1,7,-1,1,-1
2015075180794,3,9,0,18,0,0,0,0,0,0,1,1,6,1,64,9,1248,2,8,-1,1,-1
2015075180879,1,9,0,6,0,0,0,0,0,0,3,1,1,1,31,6,2204,2,9,-1,1,-1
2015075180879,2,3,0,18,0,0,0,0,0,0,4,1,6,1,22,5,102,1,9,-1,1,-1
2015075180915,1,9,0,3,0,0,0,0,0,0,2,1,2,2,50,8,1799,1,9,-1,1,-1
2015075180915,2,9,0,3,0,0,0,0,0,0,2,1,2,2,31,6,1242,1,9,-1,1,-1
2015075180915,3,9,0,3,0,0,0,0,0,0,1,1,6,3,-1,-1,-1,-1,-1,-1,-1,-1
2015075180939,1,9,0,18,0,0,1,0,1,0,1,1,2,1,23,5,1199,2,2,-1,1,-1
2015075180939,2,9,0,18,0,0,1,0,1,9,4,1,6,1,43,7,1598,1,3,-1,2,-1
2015075182097,1,9,0,4,0,0,1,0,0,0,1,1,6,2,45,7,1798,1,11,-1,1,-1
2015075182097,2,9,0,4,0,0,0,0,0,0,2,1,1,1,48,8,1229,1,1,-1,2,-1
2015075182097,3,9,0,3,0,0,0,0,0,0,2,1,6,1,39,7,1951,2,13,-1,1,-1
2015075182472,1,9,0,18,0,0,0,0,0,0,1,1,1,1,45,7,1998,2,10,-1,1,-1
2015075182472,2,9,0,18,0,0,0,0,0,0,2,1,1,1,53,8,1998,2,9,-1,1,-1
2015075182605,1,2,0,18,0,0,1,4,0,0,1,1,1,1,36,7,125,1,1,-1,1,-1
2015075182605,2,9,0,14,0,0,0,0,0,0,0,1,1,2,42,7,1248,2,5,-1,2,-1
2015075182605,3,9,0,2,0,0,0,0,0,0,2,1,6,3,-1,-1,1242,1,1,-1,-1,-1
2015075182630,1,21,1,18,0,0,0,0,0,0,3,1,1,1,48,8,10308,2,5,-1,1,-1
2015075182630,2,9,0,18,0,0,0,0,0,0,4,1,1,1,25,5,-1,-1,-1,-1,1,-1
2015075182630,3,9,0,18,0,0,0,0,0,0,1,1,6,1,42,7,2402,2,7,-1,2,-1
2015075182782,1,98,0,3,0,1,0,0,0,0,1,2,2,1,37,7,-1,-1,-1,-1,-1,-1
2015075182782,2,9,0,3,0,1,0,0,0,0,2,1,6,1,56,9,2497,2,10,-1,1,-1
2015075182785,1,90,3,18,0,8,0,0,0,0,0,1,6,3,21,5,-1,-1,-1,-1,1,-1
2015075182785,2,9,0,18,0,1,0,0,0,0,0,1,6,3,52,8,1229,1,6,-1,1,-1
2015075182785,3,21,1,18,0,1,0,0,0,0,0,1,1,1,38,7,12600,2,12,-1,1,-1
2015075182785,4,21,1,18,0,1,0,0,0,0,2,1,1,1,33,6,12777,2,3,-1,2,-1
2015075182785,5,21,1,18,0,1,1,0,0,0,1,1,1,1,27,6,12580,2,10,-1,1,-1
2015075182785,6,21,1,18,0,1,1,0,0,0,1,1,1,1,56,9,12777,2,4,-1,3,-1
2015075182785,7,21,1,13,0,1,1,0,0,0,1,1,1,1,37,7,16400,2,1,-1,3,-1
2015075182785,8,21,0,18,0,1,1,0,0,0,1,1,1,1,42,7,6692,2,6,-1,1,-1
2015075182785,9,21,1,18,0,1,1,0,0,0,1,2,1,1,37,7,-1,-1,-1,-1,-1,-1
2015075182841,1,9,0,9,0,1,0,0,0,0,1,1,3,1,69,10,1997,2,3,-1,1,-1
2015075182841,2,1,0,18,0,8,0,0,0,0,1,1,6,1,59,9,-1,-1,-1,-1,1,-1
2015075183006,1,9,0,18,0,1,2,0,1,2,4,1,6,1,26,6,2401,2,10,-1,1,-1
2015075183104,1,9,0,18,0,0,0,0,7,10,4,1,6,1,84,11,1198,1,6,-1,1,-1
2015075183104,2,17,4,18,0,0,0,0,0,0,3,1,1,1,69,10,-1,2,25,-1,3,-1
2015075183179,1,9,0,9,0,6,0,0,0,0,1,1,6,1,59,9,1997,2,1,-1,1,-1
2015075183179,2,3,0,3,0,2,2,0,0,0,2,1,2,1,25,5,124,1,3,-1,1,-1
2015075183250,1,9,0,14,0,1,0,0,0,0,1,1,2,1,32,6,1968,2,2,-1,1,-1
2015075183250,2,9,0,9,0,5,0,0,0,0,2,1,6,2,55,8,1596,1,13,-1,3,-1
2015075183250,3,90,0,2,0,1,0,0,0,0,0,1,6,1,62,9,-1,-1,-1,-1,1,-1
2015075183392,1,9,0,4,0,4,0,0,0,0,2,1,6,2,50,8,1248,2,2,-1,-1,-1
2015075183392,2,9,0,4,0,4,0,0,0,0,1,1,6,2,49,8,1799,1,7,-1,1,-1
2015075183408,1,9,0,18,0,0,0,0,0,0,0,1,1,1,26,6,1388,1,12,-1,1,-1
2015075183884,1,9,0,9,0,1,0,0,0,0,1,1,6,1,71,10,1493,1,37,-1,1,-1
2015075183884,2,1,0,3,0,1,0,0,0,0,1,1,6,2,18,4,-1,-1,-1,-1,1,-1
2015075184087,1,5,0,14,0,0,0,0,0,0,1,1,6,1,45,7,1043,1,2,-1,1,-1
2015075184087,2,1,0,18,0,0,0,0,0,0,3,1,6,1,66,10,-1,-1,-1,-1,1,-1
2015075184150,1,9,0,4,9,4,1,0,7,2,1,1,6,2,46,8,1598,2,2,-1,1,-1
2015075184265,1,9,0,8,0,1,0,0,0,0,1,2,6,2,42,7,1599,1,11,-1,1,-1
2015075184265,2,1,0,18,0,1,0,0,0,0,1,1,2,1,49,8,-1,-1,-1,-1,1,-1
2015075184375,1,9,0,18,0,4,0,0,0,0,1,1,6,1,85,11,1596,1,6,-1,1,-1
2015075184375,2,9,0,5,0,3,0,0,0,0,4,1,6,1,34,6,-1,-1,-1,-1,1,-1
2015075184394,1,9,0,4,0,0,0,0,0,0,2,1,6,2,25,5,1388,1,12,-1,1,-1
2015075184394,2,9,0,18,0,0,5,0,0,0,1,1,6,1,42,7,1968,2,2,-1,1,-1
2015075184474,1,3,0,16,0,0,0,0,0,0,3,1,6,1,23,5,124,1,1,-1,1,-1
2015075184474,2,9,0,17,0,0,0,0,0,0,3,1,6,1,27,6,1997,2,12,-1,1,-1
2015075184606,1,9,0,4,0,4,0,0,0,0,1,1,6,1,17,4,1560,2,6,-1,1,-1
2015075184606,2,9,0,18,0,8,0,0,0,0,2,1,6,2,23,5,1229,1,4,-1,1,-1
2015075184781,1,9,0,18,0,2,0,0,0,0,1,2,6,1,28,6,1968,2,1,-1,1,-1
2015075185131,1,9,0,4,9,4,0,0,1,2,1,1,2,1,47,8,1998,1,2,-1,1,-1
2015075185219,1,9,3,7,0,5,1,0,0,0,4,1,6,1,62,9,3200,2,8,-1,1,-1
2015075185219,2,1,0,18,0,8,1,0,0,0,3,1,6,1,34,6,-1,-1,-1,-1,1,-1
2015075185328,1,9,0,13,0,0,0,0,0,0,1,1,6,2,30,6,1199,1,12,-1,1,-1
2015075185328,2,9,0,18,0,0,0,0,0,0,2,1,6,2,29,6,1398,1,3,-1,1,-1
2015075185328,3,9,0,18,0,0,0,0,0,0,2,1,6,2,29,6,1910,2,8,-1,1,-1
2015075185409,1,9,0,17,0,0,1,0,0,0,4,1,6,1,32,6,1598,1,17,-1,3,-1
2015075185409,2,9,0,16,0,0,0,0,0,0,1,1,6,1,40,7,1984,1,9,-1,1,-1
2015075185578,1,9,0,4,0,7,0,0,0,0,1,1,6,1,26,6,1360,1,19,-1,3,-1
2015075185578,2,9,0,4,0,7,0,0,0,0,2,1,6,2,53,8,1398,1,4,-1,-1,-1
2015075186048,1,3,0,18,0,8,0,0,0,0,4,1,1,1,18,4,124,1,1,-1,1,-1
2015075186048,2,2,0,7,0,8,0,0,0,0,3,1,6,1,16,4,49,1,4,-1,-1,-1
2015075186059,1,1,0,9,0,6,0,0,0,0,3,1,2,1,21,5,-1,-1,-1,-1,1,-1
2015075186059,2,9,0,18,0,8,1,0,0,0,1,1,2,2,58,9,1596,1,15,-1,1,-1
2015075186110,1,9,0,18,0,0,0,0,0,0,2,1,1,2,34,6,1595,1,8,-1,1,-1
2015075186110,2,9,0,18,0,0,1,0,0,0,1,1,1,1,64,9,1499,2,-1,-1,1,-1
2015075186361,1,9,0,18,0,0,0,0,0,0,1,1,6,1,28,6,1598,1,3,-1,1,-1
2015075186361,2,9,0,18,0,0,0,0,0,0,2,1,6,2,41,7,1229,1,5,-1,1,-1
2015075186471,1,9,0,18,0,0,1,0,4,0,3,1,1,1,57,9,1086,1,9,-1,-1,-1
2015075186492,1,9,0,17,0,0,1,0,7,4,1,1,6,2,34,6,1461,2,11,-1,1,-1
2015075186492,2,9,0,16,0,0,0,0,0,0,3,1,6,2,29,6,2993,2,6,-1,1,-1
2015075186492,3,9,0,16,0,0,1,0,1,0,3,1,2,1,41,7,2996,1,10,-1,1,-1
2015075186505,1,19,0,18,0,0,0,0,0,0,1,1,1,1,48,8,2198,2,1,-1,1,-1
2015075186505,2,19,0,3,0,0,0,0,0,0,2,1,1,1,27,6,2148,2,10,-1,1,-1
2015075186562,1,9,0,6,0,0,0,0,0,0,3,1,6,1,20,4,1229,1,6,-1,3,-1
2015075186562,2,5,0,18,0,0,0,0,0,0,1,1,6,1,52,8,918,1,19,-1,1,-1
2015075186637,1,9,0,18,0,0,0,0,0,0,1,1,6,1,24,5,1968,2,6,-1,1,-1
2015075186637,2,9,0,18,0,0,0,0,0,0,2,1,6,2,34,6,1968,2,4,-1,1,-1
2015075186637,3,9,0,18,0,0,0,0,0,0,0,1,6,3,-1,-1,-1,-1,-1,-1,-1,-1
2015075186714,1,9,0,18,0,0,2,0,5,1,4,1,6,1,63,9,1984,1,1,-1,1,-1
2015075186714,2,9,0,3,0,0,0,0,0,0,0,1,2,2,57,9,1242,1,3,-1,1,-1
2015075186714,3,9,0,3,0,0,0,0,0,0,2,1,2,2,50,8,1242,1,3,-1,1,-1
2015075186714,4,9,0,3,0,0,0,0,0,0,2,1,2,2,51,8,1339,1,8,-1,1,-1
2015075186822,1,9,0,16,0,1,0,0,1,0,1,1,6,1,59,9,1995,1,11,-1,3,-1
2015075186822,2,9,0,3,0,1,0,0,7,0,2,1,6,2,66,10,1198,1,4,-1,1,-1
2015075186822,3,9,0,3,0,1,0,0,0,0,2,1,6,2,51,8,1397,1,7,-1,2,-1
2015075187191,1,9,0,18,0,0,0,0,0,7,1,1,2,1,67,10,1769,1,11,-1,1,-1
2015075187252,1,9,0,1,9,6,0,0,0,0,2,1,3,2,41,7,1968,2,1,-1,1,-1
2015075187511,1,9,0,9,0,1,0,0,0,0,4,1,6,1,72,10,1968,2,6,-1,3,-1
2015075187511,2,1,0,18,0,1,0,0,1,11,1,1,6,1,34,6,-1,-1,-1,-1,1,-1
2015075187606,1,19,0,7,0,1,0,0,0,0,1,1,2,1,-1,-1,1995,2,7,-1,1,-1
2015075187606,2,5,0,7,0,1,5,0,0,0,2,1,6,1,45,7,996,1,15,-1,2,-1
2015075187698,1,19,0,18,0,0,0,0,0,0,0,1,1,1,42,7,1248,2,-1,-1,1,-1
2015075187828,1,9,0,12,0,0,0,0,0,0,1,1,6,1,75,10,1598,1,5,-1,2,-1
2015075187828,2,9,0,18,0,0,0,0,0,0,2,1,6,2,50,8,2198,1,11,-1,1,-1
2015075187921,1,9,0,9,0,8,0,0,0,0,1,1,6,1,28,6,2000,1,11,-1,1,-1
2015075188001,1,9,0,1,0,0,0,0,0,0,2,1,6,1,54,8,1999,1,13,-1,1,-1
2015075188001,2,9,0,18,0,0,0,0,0,0,1,1,6,1,67,10,1598,1,12,-1,1,-1
2015075188405,1,9,0,8,0,6,0,0,0,0,0,1,6,1,-1,-1,-1,-1,-1,-1,-1,-1
2015075188405,2,9,0,18,0,1,0,0,1,10,1,1,1,1,62,9,1896,2,13,-1,1,-1
2015075188574,1,9,0,18,0,0,0,0,0,0,1,1,6,1,61,9,973,1,13,-1,1,-1
2015075188574,2,9,0,18,0,0,0,0,0,0,2,1,6,2,41,7,1197,1,2,-1,1,-1
2015075188621,1,1,0,18,0,2,0,0,0,0,0,1,6,1,19,4,-1,-1,-1,-1,1,-1
2015075188621,2,1,0,18,0,2,0,11,0,0,1,1,6,1,18,4,-1,-1,-1,-1,1,-1
2015075189646,1,5,0,4,0,0,2,0,0,0,0,1,1,1,53,8,675,1,8,-1,1,-1
2015075189646,2,9,0,3,0,0,0,0,0,0,0,1,6,3,-1,-1,-1,-1,-1,-1,-1,-1
2015075189659,1,1,0,18,0,1,0,0,0,0,1,1,4,1,10,2,-1,-1,-1,-1,1,-1
2015075189659,2,9,0,18,0,1,0,0,0,0,1,1,3,2,33,6,1560,2,4,-1,1,-1
2015075189738,1,9,0,3,0,4,0,0,0,0,1,1,6,2,36,7,1598,1,2,-1,1,-1
2015075189738,2,20,0,3,0,4,0,0,0,0,2,1,1,1,46,8,-1,-1,-1,-1,3,-1
2015075189786,1,9,0,18,0,0,0,0,0,0,1,1,2,1,43,7,-1,-1,-1,-1,1,-1
2015075189786,2,9,0,18,0,0,0,0,0,0,2,1,6,1,29,6,-1,-1,-1,-1,1,-1
2015075189861,1,9,0,5,0,1,0,0,0,0,3,1,6,2,23,5,973,1,16,-1,1,-1
2015075189861,2,1,0,18,0,1,0,0,0,0,4,1,6,1,51,8,-1,-1,-1,-1,1,-1
2015075189960,1,9,0,3,0,1,0,0,0,0,1,2,6,2,66,10,2987,2,7,-1,1,-1
2015075189960,2,9,0,18,0,1,0,0,0,0,4,2,6,2,26,6,1197,1,-1,-1,1,-1
2015075190292,1,9,0,16,0,8,0,0,1,0,1,1,6,2,50,8,1461,2,11,-1,1,-1
2015075190292,2,21,4,17,0,8,0,0,0,0,3,1,1,1,67,10,12419,2,1,-1,-1,-1
2015075190416,1,8,0,18,0,0,0,0,0,0,1,1,1,1,49,8,2198,2,10,-1,-1,-1
2015075190416,2,20,0,3,0,0,0,0,0,0,2,1,1,1,37,7,2402,2,12,-1,1,-1
2015075190761,1,9,0,16,0,1,0,0,0,0,1,1,6,2,31,6,1560,2,7,-1,1,-1
2015075190761,2,9,0,17,0,2,0,0,0,0,1,1,2,1,36,7,1997,2,-1,-1,1,-1
2015075191014,1,3,0,15,0,1,0,0,0,0,4,1,6,1,17,4,-1,-1,-1,-1,1,-1
2015075191014,2,3,0,18,0,1,1,0,0,0,1,1,6,1,17,4,-1,-1,-1,-1,1,-1
2015075191014,3,9,0,2,0,1,0,0,0,0,0,1,6,3,-1,-1,-1,-1,-1,-1,-1,-1
2015075191024,1,9,0,12,0,0,0,0,0,0,0,1,6,1,46,8,1590,1,10,-1,1,-1
2015075191024,2,9,0,11,0,0,2,0,1,9,1,1,6,2,25,5,1598,1,9,-1,1,-1
2015075191036,1,9,0,17,0,8,0,0,0,0,3,1,1,2,26,6,1995,2,9,-1,1,-1
2015075191036,2,9,0,16,0,8,0,0,0,0,3,1,6,2,46,8,1910,2,5,-1,1,-1
2015075191502,1,9,0,4,0,0,0,0,0,0,2,1,2,2,27,6,1560,2,8,-1,1,-1
2015075191502,2,9,0,4,0,0,0,0,0,0,1,1,2,1,33,6,1798,1,9,-1,1,-1
2015075191583,1,9,0,18,0,2,0,0,0,0,1,1,6,1,43,7,1995,2,7,-1,1,-1
2015075191583,2,9,0,4,0,2,0,0,0,0,2,1,6,2,82,11,1339,1,9,-1,1,-1
2015075191583,3,9,0,3,0,2,0,0,0,0,2,1,6,2,32,6,998,1,1,-1,1,-1
2015075191583,4,9,0,3,0,2,0,0,0,0,2,1,6,2,21,5,1242,1,1,-1,1,-1
2015075191658,1,9,0,18,0,1,0,0,0,0,4,1,6,1,18,4,1149,1,9,-1,1,-1
2015075191658,2,9,0,7,0,1,0,0,0,0,3,1,6,2,45,7,999,1,1,-1,1,-1
2015075192837,1,19,0,16,0,1,0,0,0,0,1,2,6,1,51,8,3500,1,74,-1,1,-1
2015075192837,2,9,0,18,0,1,0,0,0,0,4,1,6,2,49,8,1598,1,9,-1,1,-1
2015075193459,1,9,0,18,0,4,0,0,0,0,1,1,6,2,70,10,1339,1,6,-1,2,-1
2015075193459,2,1,0,18,0,3,0,0,0,0,4,1,6,1,47,8,-1,-1,-1,-1,-1,-1
2015075193531,1,9,0,18,0,8,0,0,0,0,1,1,6,1,40,7,1997,2,10,-1,2,-1
2015075193531,2,9,0,18,0,8,0,0,0,0,3,1,6,1,68,10,1999,1,9,-1,2,-1
2015075193582,1,1,0,18,0,0,0,0,0,0,4,1,6,1,44,7,-1,-1,-1,-1,1,-1
2015075193589,1,9,0,12,0,0,0,0,0,0,3,1,6,2,28,6,1242,1,6,-1,3,-1
2015075193589,2,5,0,18,0,0,0,0,0,0,4,1,6,1,62,9,1203,1,11,-1,1,-1
2015075193606,1,9,0,18,0,1,1,0,0,7,3,2,6,1,64,9,1341,1,14,-1,3,-1
2015075193606,2,9,0,10,0,1,0,0,0,0,4,2,6,1,50,8,1598,2,4,-1,2,-1
2015075193619,1,9,0,4,0,0,0,0,0,0,2,1,6,1,41,7,1598,2,1,-1,1,-1
2015075193619,2,9,0,18,0,0,0,0,0,0,1,1,6,2,42,7,998,1,3,-1,1,-1
2015075193619,3,9,0,18,0,0,0,0,0,0,1,1,6,2,42,7,1242,1,4,-1,2,-1
2015075193728,1,9,0,18,0,8,0,0,0,0,4,1,6,1,53,8,1997,2,7,-1,3,-1
2015075193733,1,9,0,5,0,6,0,0,0,0,3,1,6,2,39,7,1360,1,3,-1,1,-1
2015075193733,2,9,0,18,0,8,0,0,0,0,1,1,6,1,19,4,1596,1,3,-1,1,-1
2015075193828,1,9,0,3,0,0,0,0,0,0,1,1,6,1,20,4,1124,1,12,-1,1,-1
2015075193828,2,9,0,3,0,0,0,0,0,0,2,1,6,1,32,6,1995,2,9,-1,1,-1
2015075194019,1,9,0,9,0,3,0,0,0,0,1,1,6,2,23,5,1199,1,13,-1,1,-1
2015075194019,2,5,0,7,0,3,0,0,0,1,4,1,6,1,61,9,750,1,2,-1,1,-1
2015075194088,1,9,0,18,0,1,0,0,0,0,4,1,6,1,25,5,-1,-1,-1,-1,1,-1
2015075194101,1,9,0,18,0,2,0,0,0,0,0,1,6,1,64,9,1753,2,11,-1,1,-1
2015075194101,2,1,0,18,0,2,0,0,0,0,1,1,6,2,35,6,-1,-1,-1,-1,1,-1
2015075194288,1,9,0,18,0,0,0,0,0,0,1,1,6,1,77,11,1197,1,-1,-1,2,-1
2015075194288,2,9,0,18,0,0,0,0,0,0,2,1,6,2,59,9,1590,1,13,-1,1,-1
2015075194471,1,1,0,16,0,0,0,0,0,0,0,1,6,1,53,8,-1,-1,-1,-1,3,-1
2015075194545,1,9,0,18,0,8,0,0,0,0,1,1,6,1,24,5,1242,1,13,-1,1,-1
2015075194545,2,9,0,10,0,8,0,0,0,0,2,1,6,2,54,8,1390,1,16,-1,1,-1
2015075194722,1,3,0,4,0,1,0,0,0,0,0,1,2,1,21,5,124,1,14,-1,1,-1
2015075194722,2,9,0,3,0,1,0,0,0,0,0,1,6,3,-1,-1,-1,-1,-1,-1,-1,-1
2015075194736,1,9,0,17,0,0,1,0,1,9,1,1,6,2,65,9,1229,1,6,-1,1,-1
2015075194861,1,3,0,7,0,4,1,10,0,0,1,1,2,1,20,4,124,1,2,-1,1,-1
2015075194899,1,9,0,18,0,0,0,0,7,10,1,1,6,1,70,10,1242,1,8,-1,1,-1
2015075194940,1,9,0,18,0,1,1,0,7,7,3,1,6,1,20,4,1242,1,10,-1,1,-1
2015075194992,1,9,0,9,0,6,1,0,1,2,3,1,3,2,34,6,1386,1,8,-1,1,-1
2015075194995,1,21,1,3,0,1,0,0,0,0,1,1,6,1,-1,-1,5880,2,5,-1,-1,-1
2015075194995,2,9,0,4,0,1,0,0,0,0,2,1,6,2,25,5,998,1,6,-1,1,-1
2015075194995,3,21,1,3,0,1,0,0,0,0,0,1,6,3,-1,-1,-1,-1,-1,-1,-1,-1
2015075195081,1,19,0,18,0,0,0,0,0,0,4,1,6,3,-1,-1,-1,-1,-1,-1,-1,-1
2015075195081,2,1,0,18,0,0,0,0,0,0,3,1,6,1,62,9,-1,-1,-1,-1,1,-1
2015075195313,1,9,0,7,0,1,0,0,0,0,0,1,6,3,-1,-1,-1,-1,-1,-1,-1,-1
2015075195313,2,3,0,18,0,8,0,0,0,0,0,1,2,1,19,4,124,1,1,-1,1,-1
2015075195483,1,9,0,18,0,8,0,10,7,0,3,1,2,2,58,9,-1,-1,-1,-1,-1,-1
2015075195483,2,9,0,9,0,6,0,0,0,0,1,1,2,2,47,8,2295,1,11,-1,1,-1
2015075195622,1,19,0,18,0,4,0,0,0,0,1,1,1,1,77,11,2151,2,10,-1,-1,-1
2015075195622,2,19,0,18,0,3,0,0,0,0,1,1,1,1,24,5,2198,2,1,-1,1,-1
2015075195709,1,9,0,4,0,0,0,0,0,0,0,1,6,1,82,11,1598,1,16,-1,1,-1
2015075195709,2,9,0,18,0,0,0,0,0,0,1,1,6,1,39,7,1390,1,15,-1,1,-1
2015075195709,3,9,0,18,0,0,0,0,0,0,1,1,6,2,28,6,1390,1,13,-1,1,-1
2015075195908,1,9,0,9,0,6,0,0,0,0,3,1,2,2,30,6,1240,1,6,-1,1,-1
2015075195908,2,11,0,18,0,8,0,0,0,0,1,1,3,1,36,7,-1,2,15,-1,1,-1
2015075195912,1,9,0,18,0,0,0,0,0,0,1,1,2,1,29,6,-1,-1,-1,-1,1,-1
2015075195912,2,9,0,18,0,0,0,0,0,0,2,1,2,2,31,6,1398,1,-1,-1,1,-1
2015075195912,3,9,0,18,0,0,0,0,0,0,2,1,2,1,36,7,1896,2,8,-1,1,-1
2015075195912,4,9,0,18,0,0,0,0,0,0,2,1,2,1,44,7,998,1,3,-1,1,-1
2015075195912,5,9,0,18,0,0,0,0,0,0,2,1,2,1,56,9,1560,2,1,-1,1,-1
2015075196062,1,9,0,9,0,1,0,0,0,0,3,1,6,2,36,7,1968,2,2,-1,1,-1
2015075196062,2,9,0,18,0,1,0,0,0,0,1,1,6,2,49,8,1850,1,13,-1,1,-1
2015075196104,1,9,0,18,0,0,0,0,0,0,1,1,2,1,46,8,2179,2,2,-1,3,-1