Accident_Index,Vehicle_Reference,Vehicle_Type,Towing_and_Articulation,Vehicle_Manoeuvre,Vehicle_Location-Restricted_Lane,Junction_Location,Skidding_and_Overturning,Hit_Object_in_Carriageway,Vehicle_Leaving_Carriageway,Hit_Object_off_Carriageway,1st_Point_of_Impact,Was_Vehicle_Left_Hand_Drive?,Journey_Purpose_of_Driver,Sex_of_Driver,Age_of_Driver,Age_Band_of_Driver,Engine_Capacity_(CC),Propulsion_Code,Age_of_Vehicle,Driver_IMD_Decile,Driver_Home_Area_Type,Vehicle_IMD_Decile
2015075196104,2,9,0,18,0,0,0,0,0,0,2,1,6,2,43,7,1299,1,12,-1,1,-1
2015075196104,3,9,0,18,0,0,0,0,0,0,2,1,6,1,33,6,-1,-1,-1,-1,1,-1
2015075196104,4,9,0,18,0,0,0,0,0,0,2,1,2,1,54,8,1900,2,9,-1,1,-1
2015075196117,1,9,0,8,0,8,0,0,0,0,1,1,2,1,20,4,2495,2,12,-1,3,-1
2015075196117,2,9,0,18,0,8,0,0,1,0,4,1,6,2,55,8,1198,1,1,-1,1,-1
2015075196117,3,19,0,10,0,8,0,0,0,0,0,1,2,1,20,4,2143,2,2,-1,1,-1
2015075196589,1,9,0,16,0,0,2,0,1,11,1,1,2,1,46,8,1590,1,11,-1,1,-1
2015075196639,1,9,0,17,0,0,1,0,8,4,1,1,1,1,20,4,1198,1,11,-1,1,-1
2015075196639,2,9,0,16,0,0,0,0,0,0,0,1,6,3,-1,-1,-1,-1,-1,-1,-1,-1
2015075196710,1,9,0,5,0,1,0,0,0,0,3,1,2,2,56,9,-1,-1,-1,-1,1,-1
2015075196710,2,3,0,18,0,1,5,0,0,0,1,1,2,2,23,5,124,1,11,-1,1,-1
2015075196710,3,9,0,7,0,2,0,0,0,0,0,1,6,3,-1,-1,-1,-1,-1,-1,-1,-1
2015075196929,1,9,0,16,0,0,1,0,2,0,1,1,2,2,49,8,1598,1,9,-1,1,-1
2015075196929,2,17,0,17,0,0,0,0,0,0,1,1,1,1,48,8,-1,-1,-1,-1,-1,-1
2015075196933,1,9,0,3,0,1,0,0,0,0,1,1,2,2,56,9,1397,1,4,-1,1,-1
2015075196933,2,9,0,8,0,1,0,0,0,0,2,1,1,1,43,7,4973,1,31,-1,1,-1
2015075197108,1,9,0,9,0,6,0,0,0,0,3,1,6,1,21,5,1300,1,19,-1,2,-1
2015075197108,2,19,0,18,0,1,0,0,0,0,3,1,2,1,33,6,2198,2,2,-1,1,-1
2015075197154,1,9,0,5,0,0,0,0,0,0,1,1,6,3,-1,-1,-1,-1,-1,-1,-1,-1
2015075197154,2,1,0,15,0,0,0,0,0,0,2,1,4,1,13,3,-1,-1,-1,-1,1,-1
2015075197643,1,9,0,18,0,0,1,4,0,0,1,1,6,1,46,8,1968,2,6,-1,1,-1
2015075197643,2,19,0,2,0,0,0,0,0,0,2,1,1,3,-1,-1,2143,2,1,-1,-1,-1
2015075198069,1,9,0,2,0,0,0,0,0,0,2,1,6,1,53,8,1582,2,1,-1,1,-1
2015075198107,1,9,0,18,0,1,0,0,0,0,4,1,6,2,47,8,1560,2,1,-1,1,-1
2015075198107,2,9,0,7,0,7,0,0,0,0,1,1,6,1,-1,-1,-1,-1,-1,-1,-1,-1
2015075198391,1,9,0,18,0,0,0,0,0,0,1,1,6,1,41,7,1149,1,14,-1,1,-1
2015075198391,2,9,0,18,0,0,0,0,0,0,2,1,6,1,36,7,1598,1,1,-1,1,-1
2015075198427,1,3,0,7,0,2,1,0,0,0,4,1,6,2,20,4,124,1,-1,-1,1,-1
2015075198551,1,9,0,3,0,0,0,0,0,0,3,2,6,1,59,9,1198,1,5,-1,3,-1
2015075198551,2,5,0,14,0,0,0,0,0,0,1,1,1,1,57,9,647,1,14,-1,1,-1
2015075198608,1,1,0,9,0,1,0,0,0,0,1,1,6,1,55,8,-1,-1,-1,-1,2,-1
2015075198608,2,9,0,7,0,1,0,0,0,0,1,1,6,1,48,8,1968,2,1,-1,3,-1
2015075198958,1,9,0,18,0,8,0,0,0,0,1,1,1,1,53,8,1781,1,12,-1,1,-1
2015075198958,2,9,0,9,0,2,0,0,7,0,4,1,1,1,63,9,1998,2,8,-1,3,-1
2015075198979,1,9,0,9,0,8,0,0,0,0,3,1,6,1,34,6,1896,2,8,-1,1,-1
2015075198979,2,9,0,18,0,8,0,0,0,0,1,1,1,1,52,8,1995,2,1,-1,1,-1
2015075199067,1,9,0,18,0,0,0,0,0,0,4,1,6,3,-1,-1,-1,-1,-1,-1,-1,-1
2015075199139,1,11,0,4,0,0,0,0,0,4,4,1,6,1,73,10,10000,2,13,-1,1,-1
2015075199379,1,9,0,18,0,4,0,0,0,0,0,1,6,3,-1,-1,-1,-1,-1,-1,-1,-1
2015075199379,2,1,0,18,0,4,0,0,0,0,1,1,6,1,66,10,-1,-1,-1,-1,1,-1
2015075199379,3,9,0,18,0,3,0,0,0,0,2,1,6,2,36,7,2987,2,7,-1,1,-1
2015075199393,1,9,0,3,0,0,0,0,0,0,2,1,6,1,82,11,1398,1,3,-1,1,-1
2015075199393,2,19,0,3,0,0,0,0,0,0,1,1,1,1,42,7,2198,2,1,-1,2,-1
2015075199393,3,9,0,4,0,0,0,0,0,0,2,1,2,2,33,6,1896,2,10,-1,1,-1
2015075199696,1,1,0,18,0,1,5,0,0,0,2,1,6,1,20,4,-1,-1,-1,-1,1,-1
2015075199696,2,9,0,18,0,1,0,0,0,0,1,1,6,1,-1,-1,-1,-1,-1,-1,-1,-1
2015075199699,1,9,0,18,0,0,0,0,0,0,4,1,1,2,48,8,1598,2,1,-1,1,-1
2015075199699,2,1,0,18,0,0,0,0,0,0,1,1,6,1,8,2,-1,-1,-1,-1,1,-1
2015075199728,1,9,0,18,0,0,0,0,0,0,3,1,6,2,43,7,1396,1,5,-1,1,-1
2015075199840,1,11,0,9,0,6,0,0,0,0,4,1,1,3,-1,-1,-1,-1,-1,-1,-1,-1
2015075199840,2,5,0,18,0,8,0,0,0,0,3,1,6,1,64,9,748,1,18,-1,3,-1
2015075200414,1,11,0,5,0,8,0,0,0,0,3,1,1,1,51,8,12816,2,2,-1,1,-1
2015075200414,2,9,0,16,0,8,0,0,0,0,3,1,2,1,28,6,1229,1,9,-1,1,-1
2015075200693,1,9,0,5,0,1,0,0,0,0,4,1,6,2,21,5,1399,2,3,-1,1,-1
2015075200693,2,9,0,18,0,1,5,0,0,0,1,1,6,1,36,7,-1,1,-1,-1,1,-1
2015075200697,1,9,0,18,0,1,5,0,7,2,1,1,6,1,63,9,1618,1,2,-1,3,-1
2015075200697,2,9,0,4,0,1,0,0,3,1,2,1,6,1,29,6,1560,2,6,-1,1,-1
2015075200697,3,9,0,18,0,8,0,0,0,0,4,1,6,1,62,9,1968,2,-1,-1,1,-1
2015075200865,1,9,0,9,0,1,0,0,0,0,1,1,6,2,58,9,1461,2,6,-1,1,-1
2015075200865,2,5,0,18,0,1,0,0,0,0,1,1,6,1,60,9,675,1,-1,-1,1,-1
2015075201306,1,21,1,16,0,0,3,0,0,0,0,1,1,1,28,6,10308,2,10,-1,1,-1
2015075201650,1,9,0,5,0,1,0,0,0,0,1,1,6,1,46,8,2987,2,-1,-1,1,-1
2015075201650,2,9,0,4,0,1,0,0,0,0,2,1,6,1,58,9,1796,1,16,-1,1,-1
2015075201717,1,9,0,16,0,0,0,10,1,11,1,1,6,2,65,9,2171,1,13,-1,3,-1
2015075201794,1,9,0,13,0,1,0,0,0,0,3,1,6,2,47,8,4969,1,-1,-1,1,-1
2015075201794,2,1,0,9,0,8,0,0,0,0,3,1,6,2,62,9,-1,-1,-1,-1,3,-1
2015075201799,1,9,0,18,0,1,0,0,0,0,1,1,6,1,85,11,1198,1,1,-1,1,-1
2015075202059,1,1,0,18,0,0,0,0,0,0,1,1,6,1,65,9,-1,-1,-1,-1,3,-1
2015075202059,2,9,0,2,0,0,0,0,0,0,2,1,6,1,49,8,1968,2,9,-1,1,-1
2015075202103,1,1,0,18,0,0,0,0,0,0,1,1,6,1,42,7,-1,-1,-1,-1,1,-1
2015075202103,2,9,0,4,0,0,0,0,0,0,2,1,2,1,39,7,1753,2,10,-1,1,-1
2015075202159,1,9,0,18,0,2,0,0,0,0,4,1,6,2,28,6,1086,1,5,-1,1,-1
2015075202207,1,3,0,14,0,1,1,4,0,0,0,1,6,1,21,5,125,1,12,-1,1,-1
2015075202207,2,9,0,2,0,1,0,0,0,0,3,1,6,3,-1,-1,1598,1,10,-1,-1,-1
2015075202233,1,4,0,7,0,1,1,0,0,0,1,1,6,1,28,6,-1,-1,-1,-1,1,-1
2015075202233,2,9,0,18,0,1,0,0,0,0,3,1,6,1,31,6,1198,1,11,-1,1,-1
2015075202636,1,9,0,18,0,3,0,0,0,0,1,1,6,2,29,6,1229,1,5,-1,1,-1
2015075203027,1,9,0,9,0,2,0,10,3,9,1,1,6,1,25,5,1995,1,8,-1,1,-1
2015075203141,1,9,0,4,0,0,0,0,0,0,2,1,6,1,67,10,1339,1,5,-1,1,-1
2015075203141,2,9,0,18,0,0,0,0,0,0,1,1,1,1,30,6,1995,2,3,-1,1,-1
2015075203301,1,9,4,9,0,8,0,0,0,0,3,1,2,1,46,8,2902,2,13,-1,1,-1
2015075203343,1,9,0,5,0,6,0,0,0,0,3,1,6,1,87,11,4701,1,16,-1,3,-1
2015075203343,2,1,0,18,0,8,0,0,0,0,1,1,6,1,45,7,-1,-1,-1,-1,2,-1
2015075203374,1,8,0,1,0,0,0,0,0,0,4,1,1,1,48,8,1896,2,10,-1,1,-1
2015075203685,1,19,0,9,0,8,0,0,0,0,1,1,1,1,36,7,2143,2,3,-1,1,-1
2015075203685,2,9,0,18,0,8,0,0,0,0,3,1,2,1,55,8,1995,2,9,-1,1,-1
2015075203760,1,9,0,4,0,0,0,0,0,0,1,1,3,2,25,5,1368,1,9,-1,1,-1
2015075203760,2,10,0,4,0,0,0,0,0,0,2,1,1,1,24,5,2500,2,7,-1,1,-1
2015075203828,1,9,0,9,0,6,0,0,0,0,1,1,6,1,-1,-1,-1,-1,-1,-1,-1,-1
2015075203828,2,1,0,18,0,1,0,0,0,0,3,1,6,1,22,5,-1,-1,-1,-1,1,-1
2015075204440,1,9,0,7,0,5,0,0,0,0,2,1,6,1,40,7,2521,1,6,-1,1,-1
2015075204484,1,1,0,9,0,5,0,0,0,0,1,1,2,1,58,9,-1,-1,-1,-1,1,-1
2015075204484,2,9,0,4,0,1,0,0,0,0,1,1,2,1,67,10,1400,2,8,-1,1,-1
2015075204484,3,1,0,9,0,5,0,0,0,0,0,1,2,1,51,8,-1,-1,-1,-1,1,-1
2015075204846,1,9,0,18,0,0,1,0,0,0,1,1,6,2,45,7,1242,1,11,-1,1,-1
2015075204846,2,17,0,4,0,0,0,0,0,0,0,1,1,1,51,8,-1,-1,-1,-1,3,-1
2015075204846,3,17,4,4,0,0,0,0,0,0,0,1,6,1,-1,-1,-1,2,4,-1,-1,-1
2015075204846,4,17,4,4,0,0,0,0,0,0,0,1,6,1,-1,-1,-1,2,13,-1,-1,-1
2015075204846,5,19,0,2,0,0,0,0,0,0,0,1,1,1,45,7,2151,2,12,-1,1,-1
2015075205066,1,9,0,4,0,1,0,0,0,0,2,1,6,1,36,7,1587,1,16,-1,1,-1
2015075205066,2,9,0,4,0,1,0,0,0,0,1,1,6,2,-1,-1,1796,1,11,-1,2,-1
2015075205542,1,19,0,2,0,0,0,0,0,0,0,1,6,3,-1,-1,-1,-1,-1,-1,-1,-1
2015075205542,2,1,0,18,0,0,1,0,0,0,0,1,6,1,46,8,-1,-1,-1,-1,1,-1
2015075205570,1,9,0,18,0,0,0,0,0,0,1,1,6,1,60,9,4367,2,4,-1,1,-1
2015075205570,2,9,0,4,0,0,0,0,1,0,2,1,6,2,21,5,1398,2,1,-1,1,-1
2015075205637,1,9,0,5,0,4,0,0,0,0,4,1,2,1,33,6,1896,2,5,-1,1,-1
2015075205637,2,1,0,18,0,8,0,0,0,0,1,1,6,1,62,9,-1,-1,-1,-1,-1,-1
2015075205662,1,9,0,7,0,7,0,0,0,0,2,1,6,1,66,10,1997,2,3,-1,1,-1
2015075205662,2,9,0,7,0,7,0,0,0,0,1,1,2,1,48,8,2993,2,2,-1,3,-1
2015075205678,1,98,0,18,0,1,0,0,0,0,3,1,1,1,44,7,2198,2,1,-1,1,-1
2015075205678,2,5,0,18,0,1,5,0,0,0,4,1,2,1,41,7,992,1,9,-1,1,-1
2015075205730,1,9,0,9,0,1,0,0,0,0,4,1,6,2,47,8,1198,1,4,-1,3,-1
2015075205730,2,9,0,18,0,1,0,0,0,0,1,1,6,2,49,8,1598,1,11,-1,2,-1
2015075205799,1,9,0,18,0,0,0,0,0,0,1,1,6,1,48,8,1240,1,10,-1,1,-1
2015075205799,2,9,0,18,0,0,5,0,0,0,2,1,6,2,20,4,995,1,9,-1,1,-1
2015075206231,1,3,0,13,0,8,0,0,0,0,1,1,6,1,20,4,124,1,2,-1,1,-1
2015075206231,2,9,0,9,0,8,0,0,0,0,3,1,6,2,35,6,1197,1,-1,-1,1,-1
2015075206289,1,9,0,4,0,0,0,0,0,0,1,1,6,1,56,9,2099,1,11,-1,1,-1
2015075206289,2,9,0,3,0,0,0,0,0,0,2,1,6,2,44,7,1595,1,5,-1,1,-1
2015075206504,1,9,0,7,0,1,0,0,0,0,0,1,6,1,-1,-1,-1,-1,-1,-1,-1,-1
2015075206504,2,11,0,7,0,1,0,0,0,0,0,1,1,1,25,5,7300,2,6,-1,1,-1
2015075206590,1,9,0,18,0,8,0,0,0,0,1,1,1,1,50,8,1560,2,1,-1,1,-1
2015075206590,2,9,0,3,0,8,0,0,0,0,2,1,6,1,44,7,1997,1,8,-1,1,-1
2015075206590,3,9,0,5,0,8,0,0,0,0,2,1,2,1,40,7,1588,1,17,-1,-1,-1
2015075206836,1,9,0,9,0,8,0,0,0,0,4,1,6,2,63,9,1995,1,6,-1,1,-1
2015075206836,2,1,0,15,4,8,0,0,0,0,1,1,1,1,55,8,-1,-1,-1,-1,1,-1
2015075206878,1,1,0,18,0,1,0,0,0,0,0,1,6,1,26,6,-1,-1,-1,-1,1,-1
2015075206878,2,9,0,13,0,1,0,0,0,0,0,1,6,1,-1,-1,-1,-1,-1,-1,-1,-1
2015075207169,1,21,1,18,0,0,0,0,0,0,1,1,1,1,41,7,10837,2,2,-1,-1,-1
2015075207169,2,21,1,18,0,0,0,0,0,0,2,1,1,1,31,6,-1,-1,-1,-1,-1,-1
2015075207169,3,21,0,18,0,0,0,0,0,0,2,1,1,1,37,7,7146,2,7,-1,1,-1
2015075207169,4,21,1,18,0,0,0,0,4,6,2,1,1,1,32,6,10837,2,-1,-1,-1,-1
2015075207395,1,9,0,7,0,1,0,0,0,0,4,1,1,2,20,4,1242,1,4,-1,1,-1
2015075207395,2,1,0,18,0,1,0,0,0,0,3,1,1,1,47,8,-1,-1,-1,-1,1,-1
2015075207423,1,9,0,3,0,1,0,0,0,0,0,1,2,2,55,8,1242,1,7,-1,1,-1
2015075207423,2,9,0,3,0,1,0,0,0,0,2,1,2,2,19,4,1397,1,14,-1,1,-1
2015075207423,3,9,0,4,0,1,0,0,0,0,2,1,3,2,31,6,-1,-1,-1,-1,1,-1
2015075207491,1,9,0,18,0,1,0,0,0,0,1,1,6,2,61,9,2204,2,8,-1,1,-1
2015075207491,2,9,0,9,0,6,0,0,0,0,3,1,6,2,40,7,1390,1,3,-1,1,-1
2015075207614,1,19,0,18,0,0,0,0,0,0,4,1,6,3,-1,-1,-1,-1,-1,-1,-1,-1
2015075208198,1,9,0,6,0,6,0,0,0,0,3,1,6,1,33,6,1968,2,5,-1,1,-1
2015075208198,2,9,0,18,0,1,0,0,0,0,1,1,6,1,19,4,1910,2,10,-1,-1,-1
2015075208725,1,9,0,18,9,6,0,0,1,1,3,1,6,1,59,9,1968,2,7,-1,1,-1
2015075208725,2,9,0,7,0,6,0,0,0,0,0,1,1,1,35,6,-1,-1,-1,-1,1,-1
2015075208725,3,9,0,2,9,1,0,0,0,0,1,1,6,3,-1,-1,1997,1,15,-1,-1,-1
2015075208807,1,1,0,18,0,0,0,0,0,0,1,1,6,1,44,7,-1,-1,-1,-1,1,-1
2015075208807,2,9,0,2,0,0,0,0,0,0,2,1,6,1,58,9,-1,-1,-1,-1,2,-1
2015075209170,1,9,0,3,0,4,0,0,0,0,1,1,6,2,49,8,1360,1,7,-1,1,-1
2015075209170,2,5,0,3,0,4,5,0,0,0,2,1,6,1,37,7,998,1,12,-1,1,-1
2015075209296,1,9,0,18,0,3,0,0,0,0,1,1,6,2,44,7,1586,1,1,-1,1,-1
2015075209471,1,9,0,7,0,8,1,0,7,0,1,1,6,1,17,4,1995,1,4,-1,2,-1
2015075209937,1,9,0,17,0,2,0,0,0,0,3,1,6,1,47,8,1398,2,8,-1,2,-1
2015075209969,1,9,0,9,0,8,1,0,0,0,1,1,6,1,36,7,1461,2,1,-1,1,-1
2015075209969,2,9,0,18,0,8,1,0,0,0,1,1,6,1,48,8,2179,2,3,-1,1,-1
2015075210013,1,9,0,7,0,1,0,0,0,0,4,1,2,2,59,9,1229,1,5,-1,3,-1
2015075210013,2,1,0,18,0,1,0,0,0,0,1,1,6,1,37,7,-1,-1,-1,-1,1,-1
2015075210119,1,9,0,4,0,0,0,0,0,0,2,1,6,2,35,6,-1,-1,-1,-1,1,-1
2015075210119,2,9,0,4,0,0,0,0,0,0,2,1,6,1,33,6,1995,2,5,-1,1,-1
2015075210119,3,9,0,18,0,0,1,0,0,0,1,1,6,1,27,6,2204,2,5,-1,1,-1
2015075210359,1,10,0,5,0,8,0,0,0,0,3,1,1,1,38,7,-1,-1,-1,-1,1,-1
2015075210359,2,3,0,18,0,8,0,0,0,0,1,1,6,1,17,4,125,1,1,-1,1,-1
2015075210859,1,9,0,13,0,0,0,0,0,0,1,1,2,1,35,6,2148,2,14,-1,1,-1
2015075210859,2,5,0,16,0,0,0,0,7,0,1,1,6,1,56,9,1050,1,4,-1,2,-1
2015075210932,1,9,0,18,0,8,0,0,0,0,1,1,1,1,43,7,1896,2,13,-1,-1,-1
2015075210932,2,9,0,9,0,8,5,0,0,0,3,1,1,2,54,8,1242,1,3,-1,1,-1
2015075211064,1,21,1,16,0,0,0,0,0,0,0,1,1,1,57,9,12580,2,9,-1,1,-1
2015075211064,2,9,0,17,0,0,1,11,0,0,1,1,2,1,40,7,1968,2,9,-1,1,-1
2015075211086,1,9,0,10,0,1,0,0,0,0,1,1,6,1,-1,-1,998,1,12,-1,1,-1
2015075211086,2,9,0,10,0,1,0,0,0,0,2,1,6,1,20,4,-1,-1,-1,-1,1,-1
2015075211119,1,20,1,18,0,0,0,0,0,0,1,1,6,1,-1,-1,12777,2,7,-1,-1,-1
2015075211119,2,19,0,9,0,0,0,0,0,0,2,1,6,1,44,7,2402,2,10,-1,1,-1
2015075211137,1,9,0,18,0,0,1,0,0,0,1,1,6,1,-1,-1,1598,1,9,-1,1,-1
2015075211137,2,9,0,18,0,0,0,0,0,0,3,1,6,1,60,9,1988,2,11,-1,1,-1
2015075211137,3,9,0,4,0,0,0,0,0,0,3,1,6,1,50,8,2400,2,1,-1,1,-1
2015075211225,1,3,0,17,0,0,1,0,1,10,1,1,6,1,27,6,124,1,4,-1,1,-1
2015075211343,1,9,0,13,0,1,0,0,0,0,4,1,6,1,32,6,1910,2,7,-1,1,-1
2015075211343,2,9,0,5,0,1,0,0,0,0,1,1,6,2,62,9,1368,1,1,-1,1,-1
2015075212277,1,9,0,3,0,0,0,0,0,0,2,1,6,2,49,8,1598,1,10,-1,1,-1
2015075212277,2,19,0,3,0,0,0,0,0,0,2,1,1,1,50,8,1248,2,4,-1,1,-1
2015075212277,3,9,0,4,0,0,0,0,0,0,1,1,6,1,82,11,1596,1,5,-1,1,-1
2015075212634,1,20,0,18,0,0,1,0,0,0,1,1,1,1,-1,-1,5480,2,12,-1,-1,-1
2015075212634,2,9,0,4,0,0,0,0,0,0,2,1,6,2,43,7,1870,2,11,-1,-1,-1
2015075212676,1,9,0,18,0,0,0,0,0,0,1,1,6,2,22,5,1390,1,14,-1,1,-1
2015075212676,2,9,0,3,0,0,0,0,0,0,2,1,6,1,54,8,1198,1,-1,-1,1,-1
2015075212783,1,9,0,4,0,0,0,0,0,0,1,1,6,2,51,8,1598,2,1,-1,3,-1
2015075212783,2,9,0,3,0,0,0,0,0,0,2,1,6,2,24,5,1896,2,7,-1,1,-1
2015075213286,1,9,0,18,0,8,0,0,0,0,1,1,2,2,25,5,1197,1,-1,-1,1,-1
2015075213286,2,9,0,9,0,6,0,0,0,0,3,1,2,2,23,5,1390,1,5,-1,1,-1
2015075213372,1,9,0,18,0,0,0,0,0,0,1,1,6,2,41,7,1242,1,5,-1,1,-1
2015075213372,2,20,0,4,0,0,0,0,0,0,2,1,1,1,50,8,-1,-1,-1,-1,1,-1
2015075213372,3,9,0,4,0,0,0,0,0,0,2,1,6,1,18,4,998,1,2,-1,1,-1
2015075213618,1,9,0,18,0,0,0,0,0,0,3,2,6,2,37,7,1560,2,5,-1,2,-1
2015075213618,2,9,0,18,0,0,5,0,2,0,3,2,6,1,67,10,1560,2,3,-1,2,-1
2015075213618,3,9,0,18,0,0,0,0,0,0,1,2,6,1,38,7,1895,1,16,-1,1,-1
2015075213912,1,8,0,18,0,7,0,0,0,0,4,1,6,1,36,7,1497,8,7,-1,1,-1
2015075213912,2,1,0,18,0,1,0,0,0,0,2,1,6,2,31,6,-1,-1,-1,-1,1,-1
2015075213924,1,19,0,18,0,1,1,0,0,0,1,1,1,1,33,6,2402,2,9,-1,2,-1
2015075213924,2,9,0,3,0,8,0,0,0,0,2,1,6,2,35,6,1198,1,2,-1,1,-1
2015075213972,1,9,0,5,0,8,0,0,0,0,1,1,1,1,37,7,1910,2,9,-1,1,-1
2015075213972,2,9,0,18,0,8,0,0,7,11,1,1,6,1,33,6,2295,1,14,-1,1,-1
2015075214115,1,9,0,18,0,8,0,0,7,1,1,1,6,1,16,4,1248,2,2,-1,3,-1
2015075214115,2,19,0,9,0,8,0,0,0,0,3,1,2,1,59,9,2198,2,4,-1,2,-1
2015075215030,1,9,0,18,0,0,0,0,0,0,1,1,6,2,-1,-1,-1,-1,-1,-1,-1,-1
2015075215030,2,9,0,3,0,0,0,0,0,0,2,1,6,1,53,8,1997,1,9,-1,1,-1
2015075215058,1,1,0,18,0,1,0,0,0,0,1,1,6,1,58,9,-1,-1,-1,-1,1,-1
2015075215058,2,9,0,18,0,1,0,0,0,0,2,1,6,2,-1,-1,-1,-1,-1,-1,-1,-1
2015075215245,1,5,0,16,0,0,5,0,0,0,1,1,6,1,41,7,999,1,-1,-1,2,-1
2015075215245,2,9,0,17,0,0,0,0,0,0,1,1,6,2,30,6,1686,2,2,-1,1,-1
2015075215627,1,9,0,7,0,6,0,0,7,0,3,1,6,2,20,4,1197,1,1,-1,1,-1
2015075215627,2,19,0,18,0,1,0,0,0,0,1,1,1,1,25,5,1753,2,10,-1,1,-1
2015075215988,1,9,0,17,0,0,2,0,0,0,4,1,1,1,23,5,1795,1,16,-1,1,-1
2015075216322,1,9,0,18,0,1,0,0,0,0,1,1,6,2,22,5,1229,1,8,-1,1,-1
2015075216322,2,9,0,3,0,1,0,0,0,0,2,1,6,1,20,4,1399,2,4,-1,1,-1
2015075216322,3,9,0,10,0,1,0,0,0,0,2,1,6,1,37,7,2143,2,-1,-1,1,-1
2015075216441,1,8,0,18,0,1,0,4,0,0,1,1,1,1,44,7,1896,2,8,-1,1,-1
2015075216441,2,19,0,3,0,1,0,4,0,0,2,1,2,1,29,6,1560,2,3,-1,1,-1
2015075216441,3,2,0,3,0,1,0,0,0,0,2,1,6,3,-1,-1,-1,-1,-1,-1,-1,-1
2015075216525,1,9,0,4,6,0,0,0,0,0,2,1,2,1,44,7,1796,7,7,-1,1,-1
2015075216525,2,9,0,4,6,0,0,0,0,0,1,1,6,1,58,9,1560,2,4,-1,1,-1
2015075216788,1,8,0,9,0,1,0,0,0,0,4,1,6,3,-1,-1,-1,-1,-1,-1,-1,-1
2015075217308,1,9,0,18,0,8,0,0,0,0,1,1,6,2,23,5,998,1,4,-1,1,-1
2015075217352,1,9,0,4,0,0,0,0,0,0,2,1,6,1,31,6,1796,1,6,-1,1,-1
2015075217352,2,5,0,18,0,0,5,0,0,0,1,1,6,1,37,7,599,1,14,-1,1,-1
2015075217352,3,5,0,18,0,0,0,0,0,0,1,1,6,1,34,6,599,1,12,-1,1,-1
2015075217372,1,9,0,17,0,0,0,0,0,0,1,1,6,1,32,6,1997,2,5,-1,1,-1
2015075217381,1,9,0,18,0,1,0,0,0,0,1,1,6,1,-1,-1,1896,2,12,-1,1,-1
2015075217381,2,9,0,8,0,1,0,0,0,0,2,1,6,1,57,9,1246,1,10,-1,1,-1
2015075217490,1,8,0,9,0,5,0,0,0,0,4,1,1,1,70,10,1896,2,9,-1,3,-1
2015075217490,2,9,0,18,0,8,1,0,0,0,1,1,6,1,20,4,1896,2,12,-1,1,-1
2015075218217,1,3,0,17,0,0,2,0,1,0,0,1,6,1,54,8,125,1,53,-1,1,-1
2015075218269,1,9,0,16,0,0,1,10,7,0,4,1,6,1,50,8,1796,1,8,-1,1,-1
2015075218269,2,9,0,16,0,0,0,0,0,0,1,1,1,1,53,8,1995,2,1,-1,1,-1
2015075218325,1,9,0,1,0,8,0,0,0,0,2,1,6,2,79,11,1390,1,5,-1,1,-1
2015075218325,2,19,0,2,0,1,0,0,0,0,4,1,6,1,29,6,2151,2,9,-1,1,-1
2015075218331,1,9,0,4,0,0,1,0,0,0,1,1,6,2,50,8,1956,2,1,-1,1,-1
2015075218331,2,9,0,4,0,0,0,0,0,0,2,1,6,1,47,8,1199,2,3,-1,1,-1
2015075218331,3,9,0,4,0,0,0,0,0,0,2,1,6,2,72,10,996,1,1,-1,3,-1
2015075218429,1,9,0,16,0,8,0,0,0,0,1,1,6,1,37,7,2993,2,1,-1,1,-1
2015075218429,2,9,0,17,0,8,0,0,0,0,1,1,6,2,21,5,2000,2,7,-1,1,-1
2015075218436,1,3,0,16,0,3,1,0,0,0,0,1,6,1,21,5,125,1,5,-1,1,-1
2015075218451,1,9,0,17,0,8,1,0,7,11,4,1,6,1,23,5,1242,1,7,-1,1,-1
2015075218451,2,9,0,16,0,8,0,0,0,0,1,1,6,1,78,11,1242,1,1,-1,1,-1
2015075218496,1,3,0,18,9,0,0,0,0,0,3,1,6,1,-1,-1,124,1,1,-1,-1,-1
2015075218496,2,3,0,18,9,0,0,0,0,0,4,1,6,2,18,4,124,1,-1,-1,1,-1
2015075218602,1,9,0,18,0,0,1,4,0,0,1,1,6,1,25,5,3239,1,20,-1,1,-1
2015075218602,2,9,0,2,0,0,0,0,1,0,3,1,6,1,43,7,1598,1,13,-1,1,-1
2015075218740,1,9,0,17,0,0,0,0,0,0,1,1,6,1,19,4,1229,1,9,-1,3,-1
2015075218916,1,9,0,9,0,8,0,0,0,0,4,1,2,1,23,5,1242,1,4,-1,1,-1
2015075218916,2,1,0,18,0,1,0,0,0,0,1,1,2,1,43,7,-1,-1,-1,-1,1,-1
2015075219122,1,1,0,18,0,8,0,0,0,0,1,1,6,1,71,10,-1,-1,-1,-1,1,-1
2015075219416,1,9,0,7,0,6,0,0,0,0,1,1,1,1,40,7,998,1,1,-1,2,-1
2015075219534,1,11,0,13,0,1,0,0,0,0,0,1,1,1,63,9,4461,2,1,-1,1,-1
2015075219534,2,1,0,18,0,1,0,10,0,0,1,1,2,2,28,6,-1,-1,-1,-1,1,-1