Accident_Index,Vehicle_Reference,Vehicle_Type,Towing_and_Articulation,Vehicle_Manoeuvre,Vehicle_Location-Restricted_Lane,Junction_Location,Skidding_and_Overturning,Hit_Object_in_Carriageway,Vehicle_Leaving_Carriageway,Hit_Object_off_Carriageway,1st_Point_of_Impact,Was_Vehicle_Left_Hand_Drive?,Journey_Purpose_of_Driver,Sex_of_Driver,Age_of_Driver,Age_Band_of_Driver,Engine_Capacity_(CC),Propulsion_Code,Age_of_Vehicle,Driver_IMD_Decile,Driver_Home_Area_Type,Vehicle_IMD_Decile
2015075219578,1,9,0,9,0,6,5,0,0,0,4,1,6,2,30,6,1329,1,3,-1,1,-1
2015075219578,2,9,0,18,0,8,0,0,0,0,3,1,6,2,33,6,1598,1,12,-1,1,-1
2015075220770,1,4,0,18,0,8,0,0,0,0,1,1,6,1,21,5,124,1,6,-1,1,-1
2015075220770,2,9,0,9,0,8,0,0,0,0,3,1,6,1,74,10,1995,1,7,-1,2,-1
2015075221130,1,9,0,17,0,0,1,0,0,0,1,1,2,2,48,8,1398,1,13,-1,1,-1
2015075221130,2,9,0,16,0,0,0,0,0,0,1,1,2,1,53,8,1397,1,13,-1,1,-1
2015075221130,3,9,0,16,0,0,0,0,0,0,1,1,2,2,25,5,1400,1,10,-1,1,-1
2015075221134,1,19,0,18,0,0,0,0,0,0,1,1,2,1,44,7,-1,-1,-1,-1,1,-1
2015075221134,2,9,0,3,0,0,0,0,0,0,2,1,2,2,48,8,1995,2,6,-1,1,-1
2015075221144,1,9,0,18,0,4,0,0,0,0,3,1,2,1,21,5,1389,1,11,-1,1,-1
2015075221144,2,9,0,18,0,3,0,10,4,0,4,1,2,2,27,6,1560,2,3,-1,1,-1
2015075221384,1,9,0,18,0,0,0,0,1,4,1,1,6,1,49,8,998,1,1,-1,-1,-1
2015075221384,2,21,1,18,0,0,0,0,1,4,1,1,1,1,44,7,10837,2,3,-1,1,-1
2015075221985,1,3,0,18,0,3,0,0,0,0,1,1,2,1,18,4,125,1,2,-1,1,-1
2015075221985,2,9,0,12,0,3,0,0,0,0,1,1,1,1,-1,-1,1797,8,5,-1,1,-1
2015075222665,1,9,0,11,0,0,0,0,0,0,4,1,6,2,53,8,1968,2,9,-1,1,-1
2015075222665,2,9,0,18,0,0,0,0,0,0,3,1,1,1,54,8,1598,2,1,-1,1,-1
2015075222762,1,9,0,16,0,0,5,0,8,11,3,1,6,2,53,8,996,1,6,-1,3,-1
2015075222856,1,1,0,18,0,0,1,0,0,0,1,1,6,1,49,8,-1,-1,-1,-1,1,-1
2015075222856,2,19,0,6,0,0,0,0,0,0,4,1,6,1,49,8,2198,2,1,-1,1,-1
2015075223020,1,8,0,18,0,0,0,0,0,0,1,1,1,1,44,7,-1,-1,-1,-1,1,-1
2015075223020,2,9,0,4,0,0,0,0,0,0,1,1,1,1,51,8,1598,1,5,-1,1,-1
2015075223020,3,9,0,4,0,0,0,0,4,6,2,1,1,1,48,8,1995,2,3,-1,1,-1
2015075223020,4,9,0,4,0,0,0,0,0,0,2,1,1,1,48,8,1598,2,4,-1,3,-1
2015075223573,1,9,0,18,0,1,0,0,0,0,1,1,6,1,-1,-1,1598,1,9,-1,-1,-1
2015075223573,2,9,0,3,0,1,0,0,0,0,2,1,1,2,60,9,1299,1,9,-1,1,-1
2015075223598,1,9,0,14,0,0,0,0,0,0,1,1,6,1,85,11,1598,1,9,-1,3,-1
2015075223598,2,19,0,2,0,0,0,0,0,0,0,1,1,1,51,8,1870,2,10,-1,1,-1
2015075223598,3,1,0,14,0,0,0,0,0,0,2,1,6,1,45,7,-1,-1,-1,-1,1,-1
2015075223766,1,9,0,18,0,1,0,0,0,0,1,1,6,2,18,4,1242,1,5,-1,1,-1
2015075223766,2,9,0,18,0,1,0,0,0,0,2,1,6,2,40,7,1198,1,2,-1,1,-1
2015075223800,1,9,0,5,0,1,0,0,0,0,1,1,1,2,43,7,2143,2,1,-1,1,-1
2015075223800,2,9,0,1,0,8,0,0,0,0,4,1,1,2,29,6,1368,1,5,-1,2,-1
2015075223807,1,19,0,18,0,6,5,0,1,11,3,1,1,1,31,6,2198,2,7,-1,1,-1
2015075223807,2,21,1,18,0,8,3,0,7,11,1,1,1,1,43,7,12777,2,3,-1,1,-1
2015075223969,1,9,0,5,0,4,0,0,0,0,3,1,6,1,22,5,1753,2,13,-1,1,-1
2015075223969,2,1,0,17,0,8,0,0,0,0,1,1,6,1,30,6,-1,-1,-1,-1,-1,-1
2015075224331,1,5,0,3,0,8,0,0,0,0,1,1,6,1,20,4,689,1,1,-1,1,-1
2015075224331,2,9,0,3,0,8,0,0,0,0,2,1,6,1,32,6,1242,1,9,-1,1,-1
2015075224331,3,9,0,4,0,8,0,0,0,0,0,1,6,3,-1,-1,-1,-1,-1,-1,-1,-1
2015075224346,1,19,4,5,0,2,0,0,0,0,4,1,1,1,48,8,2402,2,5,-1,3,-1
2015075224370,1,9,0,17,0,4,0,0,2,2,4,1,6,1,18,4,1199,1,12,-1,3,-1
2015075224669,1,9,0,12,0,0,2,0,0,0,3,1,6,2,21,5,1061,1,9,-1,2,-1
2015075224669,2,9,0,18,0,0,0,0,0,0,4,1,6,1,41,7,2979,7,13,-1,1,-1
2015075224813,1,19,0,5,0,4,0,0,0,0,3,1,1,1,49,8,2198,2,1,-1,1,-1
2015075224813,2,9,0,18,0,3,0,0,0,0,4,1,6,1,50,8,1590,1,11,-1,1,-1
2015075224853,1,19,0,18,0,0,0,0,0,0,1,1,6,1,-1,-1,-1,-1,-1,-1,-1,-1
2015075224853,2,1,0,18,0,0,0,0,0,0,3,1,6,1,72,10,-1,-1,-1,-1,1,-1
2015075224996,1,3,0,5,0,2,1,0,0,0,0,1,6,2,33,6,124,1,5,-1,1,-1
2015075225013,1,4,0,18,0,0,1,0,1,0,3,1,1,1,19,4,124,1,1,-1,1,-1
2015075225013,2,9,0,7,0,0,0,0,0,0,4,1,6,1,30,6,1968,2,11,-1,1,-1
2015075225037,1,9,0,4,0,0,0,0,0,0,2,1,6,1,39,7,1995,2,5,-1,1,-1
2015075225037,2,9,0,4,0,0,1,0,1,7,1,1,6,2,19,4,1341,1,16,-1,1,-1
2015075225103,1,9,0,9,0,6,0,0,0,0,1,1,6,2,54,8,998,1,7,-1,1,-1
2015075225103,2,9,0,17,0,8,0,0,7,0,4,1,6,2,54,8,1461,2,2,-1,2,-1
2015075225106,1,9,0,5,0,4,0,0,0,0,3,1,2,2,31,6,1598,1,10,-1,1,-1
2015075225106,2,1,0,18,0,3,0,0,0,0,4,1,6,1,41,7,-1,-1,-1,-1,1,-1
2015075225153,1,9,0,18,0,1,5,4,0,0,1,1,6,1,82,11,1995,2,2,-1,1,-1
2015075225153,2,9,0,2,0,1,0,0,0,0,1,1,6,2,-1,-1,1798,1,1,-1,3,-1
2015075225154,1,9,0,16,0,0,1,0,1,4,1,1,6,1,17,4,1124,1,11,-1,1,-1
2015075225160,1,9,0,18,0,8,0,0,0,0,1,1,6,1,37,7,1968,2,-1,-1,1,-1
2015075225160,2,1,0,18,0,8,0,0,0,0,1,1,2,1,20,4,-1,-1,-1,-1,1,-1
2015075225161,1,9,0,16,0,0,0,0,7,11,1,1,6,1,17,4,998,1,11,-1,1,-1
2015075226060,1,9,0,9,0,8,0,0,0,0,1,1,6,2,45,7,1560,2,9,-1,1,-1
2015075226060,2,9,0,18,0,8,0,0,0,0,3,1,6,1,54,8,2179,2,4,-1,1,-1
2015075226075,1,3,0,18,0,0,0,0,0,0,1,1,6,1,26,6,125,1,9,-1,3,-1
2015075226075,2,9,0,4,0,0,0,0,0,0,2,1,6,1,57,9,1560,2,3,-1,1,-1
2015075226248,1,9,0,11,0,0,2,0,0,0,1,1,6,2,22,5,1582,2,3,-1,3,-1
2015075226248,2,9,0,18,0,0,2,0,1,4,3,1,6,2,38,7,1560,2,7,-1,1,-1
2015075226418,1,9,0,7,0,0,0,0,0,0,3,1,6,2,36,7,1984,1,4,-1,1,-1
2015075226418,2,9,0,18,0,0,5,0,0,0,1,1,6,1,30,6,1560,2,4,-1,1,-1
2015075226444,1,5,0,16,0,5,2,0,0,0,0,1,6,1,26,6,1200,1,17,-1,3,-1
2015075226444,2,9,0,16,0,5,0,0,0,0,0,1,6,1,26,6,2521,1,5,-1,1,-1
2015075226619,1,9,0,9,0,8,0,0,0,0,1,1,6,1,38,7,1968,2,-1,-1,-1,-1
2015075226619,2,9,0,18,0,8,0,0,0,0,1,1,6,2,41,7,1149,1,5,-1,1,-1
2015075226643,1,21,1,18,0,0,2,5,0,0,1,1,1,1,54,8,11967,2,5,-1,1,-1
2015075227909,1,9,0,4,0,1,0,0,0,0,1,1,6,1,-1,-1,1995,2,4,-1,-1,-1
2015075227909,2,1,0,18,0,1,0,0,0,0,4,1,6,2,43,7,-1,-1,-1,-1,2,-1
2015075227980,1,9,0,5,0,4,0,0,0,0,1,1,6,1,-1,-1,2993,2,5,-1,1,-1
2015075227980,2,1,0,18,0,8,0,0,0,0,4,1,1,1,39,7,-1,-1,-1,-1,3,-1
2015075228076,1,9,0,9,0,8,0,0,0,0,1,1,6,2,21,5,1968,2,3,-1,1,-1
2015075228076,2,9,0,18,0,1,0,0,0,0,4,1,6,2,44,7,2400,2,2,-1,-1,-1
2015075228186,1,9,0,4,0,1,0,0,0,0,1,1,6,1,-1,-1,1998,2,13,-1,3,-1
2015075228186,2,9,0,3,0,1,0,0,0,0,2,1,6,1,45,7,2401,2,12,-1,1,-1
2015075228327,1,9,3,3,0,0,0,0,0,0,1,1,6,1,-1,-1,2143,2,1,-1,-1,-1
2015075228327,2,9,0,4,0,0,0,0,0,0,2,1,1,1,24,5,1229,1,2,-1,1,-1
2015075228467,1,19,0,17,0,0,0,0,0,0,1,1,1,1,52,8,2198,2,-1,-1,1,-1
2015075228467,2,9,0,16,0,0,0,0,0,0,1,1,2,2,50,8,1000,1,1,-1,3,-1
2015075228589,1,9,0,18,0,8,0,0,0,0,4,1,6,1,-1,-1,1998,2,9,-1,1,-1
2015075228589,2,9,0,18,0,8,0,0,0,0,3,1,6,1,29,6,1388,1,8,-1,1,-1
2015075228632,1,9,0,14,0,0,0,0,0,0,4,1,6,1,53,8,1798,1,11,-1,1,-1
2015075228852,1,2,0,18,0,1,5,4,0,0,1,1,6,1,23,5,50,1,15,-1,1,-1
2015075228852,2,9,0,2,0,1,0,0,0,0,2,1,6,2,44,7,1587,1,13,-1,1,-1
2015075229013,1,9,0,18,0,0,1,0,7,1,1,1,6,1,22,5,1596,1,10,-1,1,-1
2015075229044,1,9,0,17,0,0,0,0,0,0,1,1,6,1,21,5,1781,1,15,-1,3,-1
2015075229044,2,21,1,16,0,0,0,0,0,0,1,1,1,1,63,9,12809,2,2,-1,3,-1
2015075229212,1,9,0,14,0,1,0,0,0,0,0,1,6,3,-1,-1,-1,-1,-1,-1,-1,-1
2015075229212,2,19,0,2,9,1,0,0,0,0,0,1,1,1,29,6,2148,2,6,-1,1,-1
2015075229442,1,19,0,18,0,0,0,0,0,0,1,1,1,1,25,5,1753,2,8,-1,1,-1
2015075229442,2,9,0,4,0,0,0,0,0,0,2,1,6,2,21,5,1242,1,5,-1,1,-1
2015075229442,3,10,0,4,0,0,0,0,0,0,2,1,1,1,59,9,2143,2,-1,-1,1,-1
2015075229602,1,9,0,2,0,1,0,0,0,0,3,1,6,2,59,9,2199,2,3,-1,1,-1
2015075229602,2,1,0,18,0,1,0,0,0,0,4,1,6,1,42,7,-1,-1,-1,-1,1,-1
2015075230404,1,21,1,11,0,0,0,0,0,0,4,1,1,1,-1,-1,16400,2,-1,-1,3,-1
2015075230404,2,9,0,18,0,0,0,0,0,0,3,1,1,2,39,7,1956,2,4,-1,1,-1
2015075230431,1,9,0,17,0,0,0,0,1,11,4,1,6,2,47,8,1124,1,15,-1,1,-1
2015075230712,1,21,1,12,0,0,0,0,0,0,3,2,1,1,22,5,-1,-1,-1,-1,-1,-1
2015075230712,2,9,0,18,0,0,1,0,1,11,4,1,6,1,35,6,1398,2,5,-1,1,-1
2015075230852,1,9,0,9,0,5,0,0,0,0,1,1,6,2,18,4,1149,1,7,-1,1,-1
2015075230852,2,9,0,18,0,1,0,0,1,1,1,1,2,1,30,6,1560,2,7,-1,1,-1
2015075230852,3,9,0,8,0,1,0,0,0,0,1,1,2,1,38,7,1396,1,14,-1,1,-1
2015075230930,1,19,3,7,9,0,0,10,1,0,1,1,6,1,-1,-1,-1,-1,-1,-1,-1,-1
2015075231044,1,5,0,18,0,3,1,9,4,2,3,1,6,1,26,6,750,1,4,-1,1,-1
2015075231566,1,9,0,18,0,0,0,0,0,0,1,1,6,2,40,7,1968,2,3,-1,1,-1
2015075231566,2,9,0,18,0,0,0,0,0,0,4,1,6,2,44,7,-1,-1,-1,-1,1,-1
2015075231671,1,98,1,18,0,3,0,0,0,0,3,2,1,1,54,8,-1,-1,-1,-1,-1,-1
2015075231671,2,9,0,7,0,3,0,0,0,0,4,1,6,1,58,9,1997,2,2,-1,1,-1
2015075231891,1,9,0,18,0,0,0,10,7,11,1,1,6,2,61,9,2199,2,4,-1,1,-1
2015075231891,2,9,0,18,0,0,0,0,0,0,3,1,6,1,35,6,1600,2,6,-1,1,-1
2015075232224,1,9,0,16,0,1,0,0,0,0,1,1,6,1,53,8,1997,2,9,-1,1,-1
2015075232226,1,9,0,7,9,8,0,0,0,0,1,1,6,1,-1,-1,1796,1,6,-1,-1,-1
2015075232226,2,9,0,18,9,8,0,0,0,0,4,1,6,1,67,10,1598,2,3,-1,1,-1
2015075232711,1,9,0,10,0,1,0,0,0,0,2,1,6,2,56,9,1588,1,11,-1,1,-1
2015075232711,2,9,0,18,0,1,0,0,0,0,1,1,6,1,59,9,1969,2,-1,-1,1,-1
2015075232711,3,9,0,18,0,1,0,0,0,0,2,1,6,1,61,9,1995,2,1,-1,1,-1
2015075232711,4,9,0,18,0,1,0,0,0,0,1,1,6,1,63,9,1762,1,18,-1,1,-1
2015075232749,1,9,0,18,0,0,0,0,0,0,1,1,6,1,27,6,2198,1,7,-1,1,-1
2015075232749,2,19,0,18,0,0,0,0,0,0,2,1,6,1,26,6,1248,2,10,-1,1,-1
2015075232749,3,9,0,18,0,0,0,0,0,0,2,1,6,1,46,8,1956,2,1,-1,3,-1
2015075232879,1,9,0,18,0,4,0,0,0,0,3,1,6,2,66,10,1086,1,5,-1,1,-1
2015075232879,2,9,0,18,0,8,0,0,0,0,1,1,6,1,61,9,2198,2,1,-1,1,-1
2015075233080,1,9,0,5,0,8,0,0,0,0,4,2,6,2,36,7,1999,1,14,-1,1,-1
2015075233080,2,9,0,18,0,1,0,0,0,0,1,2,6,2,24,5,1598,2,5,-1,1,-1
2015075233096,1,9,4,9,0,3,0,0,0,0,1,1,6,1,57,9,-1,-1,-1,-1,2,-1
2015075233096,2,9,0,7,0,4,0,0,0,0,1,1,6,1,47,8,1999,1,12,-1,1,-1
2015075233110,1,3,0,16,0,3,1,0,0,0,1,1,6,2,29,6,124,1,1,-1,1,-1
2015075233110,2,9,0,4,0,1,0,0,0,0,3,1,6,2,37,7,2143,2,-1,-1,1,-1
2015075233135,1,9,0,4,0,0,2,0,1,11,0,1,6,1,59,9,1956,2,2,-1,1,-1
2015075233263,1,9,0,4,0,4,0,0,0,0,1,1,6,1,76,11,1248,1,5,-1,1,-1
2015075233263,2,9,0,4,0,4,0,0,0,0,2,1,6,1,47,8,1461,2,5,-1,1,-1
2015075233781,1,9,0,16,0,3,2,0,4,6,1,1,6,1,20,4,1229,1,5,-1,1,-1
2015075233959,1,5,0,18,0,1,0,0,0,0,1,1,6,1,46,8,929,1,15,-1,1,-1
2015075233959,2,9,0,4,0,1,0,0,0,0,2,1,6,1,30,6,1968,2,3,-1,1,-1
2015075233990,1,9,0,18,0,0,5,0,8,0,3,1,6,2,33,6,1242,1,1,-1,1,-1
2015075234574,1,9,0,16,0,0,0,0,0,0,1,1,1,2,17,4,1299,1,13,-1,1,-1
2015075234574,2,9,0,17,0,0,0,0,0,0,1,1,6,1,34,6,1598,1,10,-1,1,-1
2015075234697,1,9,0,18,0,2,0,0,0,0,1,1,6,1,53,8,2295,1,14,-1,1,-1
2015075234932,1,9,0,18,0,1,0,0,0,0,1,1,6,2,53,8,1968,2,4,-1,1,-1
2015075234932,2,9,0,9,0,2,0,0,0,0,1,1,2,2,35,6,1364,1,8,-1,-1,-1
2015075235303,1,9,0,5,0,8,0,0,3,0,2,1,6,1,73,10,1798,1,1,-1,3,-1
2015075235303,2,9,0,18,0,1,0,0,0,0,1,1,6,2,59,9,1995,2,15,-1,1,-1
2015075235323,1,9,0,18,0,1,0,0,0,0,1,1,6,2,18,4,1229,1,-1,-1,1,-1
2015075235323,2,9,0,3,0,1,0,0,0,0,2,1,6,2,51,8,1490,1,8,-1,1,-1
2015075235453,1,1,0,18,9,8,0,0,0,0,1,1,2,1,51,8,-1,-1,-1,-1,3,-1
2015075235453,2,19,0,8,0,1,0,0,0,0,4,1,2,1,46,8,1298,1,11,-1,1,-1
2015075235707,1,9,0,3,0,0,0,0,0,0,2,1,6,1,42,7,1968,2,8,-1,3,-1
2015075235707,2,9,0,18,0,0,0,0,0,0,1,1,6,2,70,10,1229,1,1,-1,2,-1
2015075236028,1,21,1,16,0,0,5,0,0,0,0,1,1,1,36,7,10518,2,8,-1,1,-1
2015075236089,1,90,0,4,0,0,0,0,0,0,1,1,1,1,64,9,-1,-1,-1,-1,1,-1
2015075236089,2,9,0,3,0,0,0,0,0,0,2,1,6,2,50,8,1388,1,4,-1,1,-1
2015075236089,3,19,0,3,0,0,0,0,0,0,2,1,1,1,32,6,1995,2,3,-1,1,-1
2015075236486,1,19,0,5,0,0,0,0,0,0,0,1,1,1,22,5,1598,2,1,-1,1,-1
2015075236643,1,9,0,3,0,2,0,0,0,0,2,1,2,1,40,7,1968,2,1,-1,1,-1
2015075236643,2,9,0,18,0,2,0,0,0,0,1,1,6,1,22,5,1596,1,10,-1,1,-1
2015075236700,1,19,0,18,0,1,0,0,0,0,4,1,1,2,33,6,2148,2,10,-1,1,-1
2015075236700,2,9,0,9,0,1,0,0,0,0,3,1,2,1,25,5,1598,1,12,-1,1,-1
2015075236824,1,3,0,18,0,0,0,12,0,0,1,1,6,1,18,4,125,1,4,-1,1,-1
2015075236866,1,9,0,13,0,1,0,0,0,0,1,1,6,1,23,5,1995,2,10,-1,1,-1
2015075236866,2,9,0,9,0,8,0,0,0,0,1,1,6,1,33,6,1390,1,9,-1,1,-1
2015075237318,1,9,0,18,0,1,0,0,0,0,1,1,1,2,28,6,1329,1,1,-1,1,-1
2015075237318,2,19,0,4,0,1,0,0,0,0,2,1,1,1,25,5,1996,2,4,-1,3,-1
2015075237318,3,9,0,4,0,1,0,0,0,0,2,1,1,2,27,6,1229,1,2,-1,1,-1
2015075237357,1,9,0,4,0,4,0,0,0,0,1,1,6,1,-1,-1,1596,1,12,-1,1,-1
2015075237357,2,9,0,4,0,4,0,0,0,0,2,1,6,2,39,7,1968,2,1,-1,1,-1
2015075237362,1,9,0,9,0,8,0,0,0,0,1,1,6,1,52,8,1795,1,17,-1,1,-1
2015075237362,2,9,0,18,0,8,0,0,0,0,3,1,1,2,23,5,1598,1,7,-1,1,-1
2015075237735,1,3,0,18,2,2,0,0,0,0,3,1,6,1,17,4,125,1,7,-1,1,-1
2015075237735,2,9,0,18,0,1,0,0,0,0,1,1,6,1,25,5,1999,1,14,-1,1,-1
2015075237874,1,9,0,4,0,1,0,0,0,0,4,1,6,2,50,8,1339,1,8,-1,1,-1
2015075237874,2,1,0,8,4,1,0,8,0,0,1,1,6,1,24,5,-1,-1,-1,-1,1,-1
2015075238163,1,9,0,7,0,6,0,0,0,0,0,1,6,1,-1,-1,973,1,12,-1,-1,-1
2015075238163,2,9,0,12,0,2,0,10,0,0,3,1,2,2,26,6,1600,2,3,-1,1,-1
2015075238174,1,9,0,5,0,2,0,0,0,0,1,2,1,1,49,8,-1,-1,-1,-1,1,-1
2015075238174,2,9,0,18,0,2,0,0,0,0,3,2,1,2,44,7,1560,2,1,-1,1,-1
2015075238578,1,9,0,18,0,0,0,0,0,0,1,1,6,2,22,5,1599,1,10,-1,2,-1
2015075238578,2,9,0,3,0,0,0,0,0,0,2,1,6,1,55,8,1968,2,4,-1,1,-1
2015075238683,1,9,0,9,0,8,0,0,0,0,1,1,6,2,40,7,-1,-1,-1,-1,1,-1
2015075238683,2,9,0,18,0,1,0,0,0,0,4,1,6,2,33,6,-1,-1,-1,-1,1,-1
2015075238744,1,9,0,9,0,8,0,0,0,0,3,1,1,1,44,7,1598,2,3,-1,-1,-1
2015075239103,1,9,0,18,0,2,0,10,8,10,1,1,2,1,29,6,1910,2,7,-1,1,-1
2015075239130,1,9,0,11,0,0,5,0,0,0,4,1,6,2,41,7,1598,1,7,-1,1,-1
2015075239130,2,21,1,18,0,0,0,0,0,0,3,1,1,1,51,8,12419,2,5,-1,3,-1
2015075239666,1,21,1,16,0,8,0,0,0,0,3,1,1,1,45,7,12777,2,7,-1,1,-1
2015075239666,2,19,0,17,0,8,0,0,1,0,3,1,6,2,47,8,1968,2,6,-1,2,-1
2015075239666,3,9,0,17,0,8,0,0,0,0,1,1,6,1,52,8,1968,2,3,-1,3,-1
2015075239689,1,5,0,18,0,1,0,0,1,10,1,1,2,1,34,6,647,1,10,-1,1,-1
2015075239689,2,9,0,10,0,1,0,0,0,0,2,1,6,1,74,10,2143,2,1,-1,1,-1
2015075239746,1,9,0,18,0,0,0,0,0,0,1,1,6,2,53,8,1998,2,11,-1,3,-1
2015075239829,1,9,0,9,0,6,0,0,0,0,1,1,6,1,23,5,1299,1,19,-1,1,-1
2015075239943,1,9,0,18,0,0,1,0,2,6,4,1,6,1,50,8,1997,2,1,-1,1,-1
2015075239943,2,9,0,18,0,0,1,0,0,0,3,1,6,1,25,5,1461,2,-1,-1,1,-1
2015075239943,3,9,0,18,0,0,0,0,0,0,1,1,6,1,41,7,2926,2,13,-1,1,-1
2015075239944,1,9,0,9,0,1,0,0,0,0,1,1,6,2,33,6,1598,1,11,-1,1,-1
2015075239944,2,9,0,18,0,1,0,0,0,0,1,1,6,1,29,6,2354,1,12,-1,1,-1
2015075239980,1,9,0,10,0,8,0,0,0,0,1,1,6,2,30,6,1968,2,5,-1,1,-1
2015075239980,2,9,0,18,0,1,0,0,0,0,2,1,6,2,78,11,999,1,2,-1,1,-1
2015075240039,1,9,0,18,0,0,0,0,0,0,1,1,6,2,19,4,1229,1,7,-1,1,-1
2015075240039,2,9,0,4,0,0,0,0,0,0,2,1,6,2,50,8,1149,1,11,-1,2,-1
2015075240039,3,9,0,4,0,0,0,0,0,0,2,1,6,2,56,9,1591,1,2,-1,1,-1
2015075240039,4,9,0,4,0,0,0,0,0,0,2,1,6,3,-1,-1,-1,-1,-1,-1,-1,-1
2015075240172,1,9,0,9,0,8,0,0,0,0,1,1,1,2,59,9,1999,1,5,-1,1,-1
2015075240172,2,9,0,18,0,1,0,0,0,0,1,1,6,1,53,8,1868,2,13,-1,1,-1
2015075240194,1,9,0,18,0,8,0,10,0,0,1,1,2,1,31,6,1968,2,2,-1,1,-1
2015075240194,2,9,0,5,0,8,0,0,0,0,3,1,2,2,30,6,1248,2,7,-1,1,-1
2015075240194,3,9,0,4,0,1,0,0,0,0,2,1,2,1,28,6,1986,2,9,-1,1,-1
2015075240194,4,9,0,4,0,1,0,0,0,0,1,1,2,1,44,7,1686,2,1,-1,1,-1
2015075240283,1,9,0,18,0,1,0,0,0,0,1,1,2,2,21,5,1242,1,3,-1,1,-1
2015075240283,2,9,0,5,0,7,0,0,0,0,3,1,6,1,43,7,1995,2,1,-1,3,-1
2015075241041,1,9,4,5,0,8,0,0,0,0,1,1,6,1,54,8,2993,2,4,-1,1,-1
2015075241041,2,9,0,18,0,1,0,0,0,0,4,1,6,1,43,7,-1,-1,-1,-1,1,-1
2015075241094,1,9,0,9,0,6,0,0,0,0,3,1,6,1,88,11,1997,2,13,-1,1,-1
2015075241094,2,3,0,18,0,1,0,0,0,0,1,1,6,1,54,8,125,1,4,-1,1,-1
2015075241168,1,5,0,4,0,4,1,0,4,6,1,1,6,1,23,5,656,1,5,-1,1,-1
2015075241419,1,9,0,18,0,1,0,0,0,0,0,1,6,3,-1,-1,-1,-1,-1,-1,-1,-1
2015075241419,2,3,0,7,0,1,2,0,0,0,0,1,6,2,19,4,124,1,7,-1,2,-1
2015075242028,1,9,0,18,0,0,0,0,0,0,1,1,6,1,20,4,1896,2,7,-1,1,-1
2015075242028,2,9,0,3,0,0,0,0,0,0,2,1,6,1,38,7,1598,1,11,-1,1,-1
2015075242028,3,9,0,3,0,0,0,0,0,0,2,1,6,1,44,7,1798,1,14,-1,1,-1
2015075242133,1,9,0,9,0,1,0,0,0,0,2,1,6,1,76,11,1968,2,-1,-1,1,-1
2015075242133,2,5,0,13,0,1,0,0,0,0,1,1,6,1,22,5,745,1,-1,-1,2,-1
2015075242207,1,9,0,16,0,0,0,0,7,0,1,1,6,1,21,5,1995,2,2,-1,3,-1
2015075242207,2,9,0,17,0,0,0,0,0,0,3,1,6,1,27,6,1364,1,8,-1,2,-1
2015075242252,1,9,0,18,0,0,0,0,0,0,1,1,6,1,73,10,1591,1,1,-1,1,-1
2015075242252,2,9,0,3,0,0,0,0,0,0,2,1,6,2,60,9,1560,2,2,-1,1,-1
2015075242886,1,9,0,5,0,8,0,0,0,0,3,1,6,1,76,11,1997,2,7,-1,3,-1
2015075242886,2,1,0,18,0,1,0,0,0,0,1,1,6,1,73,10,-1,-1,-1,-1,1,-1
2015075242976,1,19,0,18,0,0,0,0,0,0,1,1,1,1,45,7,2402,2,10,-1,2,-1
2015075242976,2,9,0,4,0,0,0,0,0,0,2,1,6,1,26,6,-1,-1,-1,-1,1,-1
2015075243052,1,9,0,9,0,6,0,0,0,0,1,1,6,2,56,9,1198,1,1,-1,1,-1
2015075243052,2,1,0,18,0,8,0,0,0,0,4,1,1,1,18,4,-1,-1,-1,-1,-1,-1
2015075243134,1,9,0,18,0,6,0,0,0,2,1,1,6,1,84,11,1598,1,6,-1,1,-1
2015075243152,1,9,0,4,6,0,0,0,0,0,1,1,6,2,26,6,1598,1,7,-1,-1,-1
2015075243459,1,9,0,18,0,2,0,0,0,0,1,1,2,1,31,6,1598,2,-1,-1,1,-1
2015075243734,1,9,0,16,0,0,2,0,7,10,3,1,6,1,17,4,1299,1,15,-1,1,-1
2015075243976,1,9,0,18,0,4,0,0,0,0,1,1,2,1,59,9,1396,1,6,-1,1,-1
2015075243976,2,1,0,18,0,8,0,0,0,0,4,1,2,2,45,7,-1,-1,-1,-1,1,-1
2015075244084,1,21,1,12,0,0,0,0,0,0,3,2,1,1,68,10,16350,2,7,-1,1,-1
2015075244084,2,9,0,18,0,0,0,0,0,0,4,1,6,1,59,9,1997,2,13,-1,1,-1
2015075244125,1,9,0,18,0,1,0,0,0,0,1,1,6,2,77,11,1242,1,9,-1,1,-1
2015075244125,2,9,0,3,0,1,0,0,0,0,2,1,6,2,27,6,1242,1,4,-1,1,-1
2015075244306,1,9,0,18,0,0,0,0,0,0,1,1,6,2,27,6,1199,1,11,-1,1,-1
2015075244468,1,9,0,18,0,1,0,0,0,0,1,1,6,1,25,5,2480,1,3,-1,1,-1
2015075244468,2,9,0,3,0,1,0,0,0,0,2,1,6,2,33,6,1364,1,9,-1,1,-1