Accident_Index,Vehicle_Reference,Vehicle_Type,Towing_and_Articulation,Vehicle_Manoeuvre,Vehicle_Location-Restricted_Lane,Junction_Location,Skidding_and_Overturning,Hit_Object_in_Carriageway,Vehicle_Leaving_Carriageway,Hit_Object_off_Carriageway,1st_Point_of_Impact,Was_Vehicle_Left_Hand_Drive?,Journey_Purpose_of_Driver,Sex_of_Driver,Age_of_Driver,Age_Band_of_Driver,Engine_Capacity_(CC),Propulsion_Code,Age_of_Vehicle,Driver_IMD_Decile,Driver_Home_Area_Type,Vehicle_IMD_Decile
2015075377420,1,9,0,5,0,0,0,0,0,0,1,1,6,3,-1,-1,1798,1,12,-1,-1,-1
2015075377421,1,3,0,18,0,0,1,10,2,11,4,1,1,1,33,6,125,1,-1,-1,1,-1
2015075377448,1,9,0,9,0,5,0,0,0,0,1,1,6,1,24,5,1956,2,6,-1,1,-1
2015075377617,1,9,0,14,0,0,1,0,0,0,1,1,2,1,32,6,-1,-1,-1,-1,1,-1
2015075377617,2,9,0,4,0,0,0,0,0,0,3,1,6,2,43,7,1398,2,12,-1,3,-1
2015075377617,3,9,0,4,0,0,0,0,0,0,2,1,2,1,47,8,1242,1,12,-1,1,-1
2015075377617,4,9,0,4,0,0,0,0,0,0,2,1,2,2,41,7,1997,2,5,-1,1,-1
2015075377645,1,9,0,18,0,1,0,0,0,0,1,1,6,1,-1,-1,1390,1,12,-1,2,-1
2015075377645,2,9,0,3,0,1,0,0,0,0,2,1,1,2,43,7,1560,2,-1,-1,-1,-1
2015075377770,1,9,0,18,9,0,0,0,7,0,3,1,6,2,29,6,1596,1,13,-1,1,-1
2015075378269,1,9,0,18,0,0,1,0,0,0,1,1,6,1,34,6,1968,2,1,-1,1,-1
2015075378269,2,9,0,18,0,0,1,0,0,6,2,1,6,1,34,6,1796,1,14,-1,1,-1
2015075378269,3,9,0,18,0,0,1,1,0,0,1,1,6,1,35,6,1598,1,9,-1,1,-1
2015075378269,4,9,0,18,0,0,1,1,0,0,1,1,6,1,39,7,1299,1,7,-1,1,-1
2015075378269,5,21,1,18,0,0,0,1,0,0,4,1,1,1,52,8,11967,2,2,-1,1,-1
2015075378335,1,9,0,17,0,0,1,0,1,9,1,1,6,2,18,4,998,1,12,-1,1,-1
2015075378762,1,9,0,9,0,1,0,0,0,0,1,1,6,1,49,8,998,1,13,-1,-1,-1
2015075378762,2,3,0,18,0,8,0,0,0,0,3,1,6,1,18,4,124,1,10,-1,-1,-1
2015075378797,1,9,4,7,0,2,0,0,0,0,0,1,6,1,69,10,2982,2,7,-1,3,-1
2015075378896,1,9,0,18,0,1,0,0,0,0,0,1,6,3,-1,-1,-1,-1,-1,-1,-1,-1
2015075378896,2,1,0,18,0,1,0,0,1,0,0,1,6,1,40,7,-1,-1,-1,-1,1,-1
2015075378972,1,9,0,18,0,2,0,0,0,0,1,1,6,2,35,6,1398,1,1,-1,1,-1
2015075378995,1,9,0,18,0,0,0,0,0,0,1,1,6,1,37,7,1968,2,10,-1,1,-1
2015075378995,2,9,0,18,0,0,0,0,0,0,2,1,6,1,47,8,998,1,7,-1,1,-1
2015075379265,1,9,0,16,0,0,0,7,1,7,4,1,6,1,28,6,3498,1,11,-1,1,-1
2015075379276,1,9,0,5,0,0,0,0,0,0,1,1,1,1,31,6,1995,2,3,-1,1,-1
2015075379781,1,9,0,18,0,0,0,0,0,0,1,1,6,1,-1,-1,1988,1,12,-1,1,-1
2015075380002,1,9,0,3,0,0,0,0,0,0,2,1,6,1,36,7,1390,1,5,-1,1,-1
2015075380002,2,9,0,4,0,0,0,0,0,0,1,1,6,1,49,8,2720,2,8,-1,1,-1
2015075380015,1,9,0,4,0,4,0,0,0,0,1,1,6,3,-1,-1,-1,-1,-1,-1,-1,-1
2015075380015,2,9,0,4,0,4,0,0,0,0,2,1,6,2,26,6,1598,1,12,-1,2,-1
2015075380015,3,9,0,18,0,3,0,0,0,0,0,1,6,3,-1,-1,-1,-1,-1,-1,-1,-1
2015075380040,1,9,0,16,0,8,0,0,0,0,1,1,6,2,44,7,998,1,-1,-1,1,-1
2015075380040,2,9,0,14,0,1,0,0,0,0,1,1,6,1,18,4,1242,1,9,-1,1,-1
2015075380051,1,9,0,18,0,4,0,0,0,0,1,1,6,1,27,6,1997,2,7,-1,1,-1
2015075380051,2,9,0,18,0,8,0,0,0,0,4,1,2,1,33,6,1242,1,13,-1,1,-1
2015075380791,1,9,0,5,0,1,0,0,0,0,1,1,6,1,57,9,1364,2,6,-1,1,-1
2015075380791,2,3,0,18,0,2,5,0,0,0,1,1,6,1,22,5,125,1,-1,-1,1,-1
2015075380791,3,19,0,2,0,1,0,0,0,0,0,1,6,3,-1,-1,-1,-1,-1,-1,-1,-1
2015075380953,1,9,0,18,0,0,0,0,0,0,1,1,6,2,89,11,1240,1,5,-1,1,-1
2015075381446,1,9,0,10,0,1,0,0,0,0,3,1,2,1,31,6,1242,1,12,-1,1,-1
2015075381446,2,3,0,18,0,1,1,0,0,0,1,1,2,1,21,5,125,1,1,-1,1,-1
2015075381543,1,9,0,16,0,0,0,6,0,0,1,1,6,1,25,5,1596,1,3,-1,1,-1
2015075381543,2,9,0,17,0,0,0,0,0,0,0,1,6,3,-1,-1,-1,-1,-1,-1,-1,-1
2015075382015,1,9,0,18,0,0,5,4,0,0,1,1,6,1,65,9,1968,2,1,-1,3,-1
2015075382015,2,9,0,2,0,0,0,4,0,0,3,1,6,3,-1,-1,1896,2,14,-1,-1,-1
2015075382015,3,9,0,2,0,0,0,0,0,0,2,1,6,3,-1,-1,1242,1,3,-1,-1,-1
2015075382237,1,19,0,9,0,6,0,0,0,0,1,1,6,3,-1,-1,-1,-1,-1,-1,-1,-1
2015075382237,2,19,0,7,0,5,0,0,0,0,1,1,6,2,39,7,1968,2,4,-1,1,-1
2015075382303,1,9,0,16,0,8,0,0,7,11,3,1,6,1,27,6,1598,1,9,-1,1,-1
2015075382303,2,9,0,18,0,8,0,0,0,0,0,1,1,1,27,6,2148,2,6,-1,1,-1
2015075382303,3,9,0,16,0,8,0,0,0,0,0,1,6,1,34,6,2993,2,-1,-1,1,-1
2015075382530,1,1,0,18,0,1,0,0,0,0,4,1,2,1,39,7,-1,-1,-1,-1,-1,-1
2015075382530,2,9,0,1,0,1,0,0,0,0,4,2,2,1,58,9,2179,2,2,-1,-1,-1
2015075382530,3,21,0,4,0,1,0,0,0,0,0,2,1,1,56,9,-1,-1,-1,-1,-1,-1
2015075382531,1,9,0,18,0,0,1,0,0,0,3,1,6,1,54,8,1799,1,4,-1,-1,-1
2015075382531,2,9,0,18,0,0,0,0,1,0,3,1,6,2,54,8,1461,2,2,-1,2,-1
2015075382531,3,9,0,18,0,0,1,0,0,0,1,1,6,1,55,8,-1,-1,-1,-1,2,-1
2015075382858,1,9,0,9,0,6,0,0,0,0,3,1,2,2,34,6,1968,2,5,-1,-1,-1
2015075382858,2,5,0,14,0,1,0,0,0,0,1,1,2,1,31,6,1352,1,6,-1,-1,-1
2015075382891,1,9,0,7,0,0,0,0,0,0,4,1,6,1,82,11,1242,1,6,-1,1,-1
2015075382891,2,9,0,2,0,0,0,0,0,0,2,1,6,2,40,7,-1,-1,-1,-1,1,-1
2015075383151,1,9,0,18,0,2,0,0,0,0,2,1,2,2,-1,-1,-1,-1,-1,-1,-1,-1
2015075383151,2,1,0,18,0,2,0,0,0,0,4,1,6,2,16,4,-1,-1,-1,-1,1,-1
2015075383268,1,9,0,9,0,5,0,0,0,0,1,1,6,1,31,6,1364,1,8,-1,1,-1
2015075383268,2,9,0,18,0,8,0,0,0,0,3,1,6,2,25,5,1229,1,4,-1,1,-1
2015075383674,1,9,0,5,0,2,0,0,0,0,1,1,6,1,72,10,1388,1,9,-1,1,-1
2015075383714,1,9,0,17,0,1,0,0,2,11,3,1,6,2,79,11,1240,1,12,-1,1,-1
2015075383992,1,9,0,17,0,8,1,10,7,0,4,1,2,1,24,5,1997,1,14,-1,1,-1
2015075383992,2,9,0,18,0,8,0,10,1,0,1,1,6,2,26,6,1598,1,9,-1,1,-1
2015075384054,1,9,0,18,0,0,0,0,0,0,0,1,6,1,21,5,1242,1,9,-1,1,-1
2015075384054,2,9,0,18,0,0,0,0,0,0,0,2,6,1,35,6,2993,2,8,-1,-1,-1
2015075384054,3,9,0,18,0,0,0,0,0,0,0,1,6,1,18,4,1364,1,-1,-1,1,-1
2015075384125,1,9,0,18,0,0,5,4,1,0,3,1,6,2,80,11,1242,1,15,-1,1,-1
2015075384125,2,9,0,2,0,0,0,0,0,0,3,1,6,3,-1,-1,1242,1,4,-1,-1,-1
2015075384581,1,9,0,16,9,0,1,10,1,3,4,1,6,1,23,5,1149,1,11,-1,1,-1
2015075384890,1,9,0,9,0,8,0,0,0,0,1,1,6,1,79,11,1997,1,11,-1,1,-1
2015075385101,1,9,0,18,0,0,0,0,7,4,1,1,6,1,34,6,1398,1,15,-1,1,-1
2015075385216,1,9,0,9,0,1,0,0,0,0,1,1,6,1,24,5,1124,1,11,-1,1,-1
2015075385216,2,9,0,18,0,1,0,0,0,0,1,1,6,2,39,7,1248,2,1,-1,3,-1
2015075385236,1,9,0,18,0,0,0,0,8,7,1,1,6,2,25,5,1242,1,2,-1,1,-1
2015075385236,2,9,0,18,0,0,0,0,2,7,1,1,6,1,29,6,1799,1,10,-1,1,-1
2015075385236,3,9,0,18,0,0,0,0,0,0,2,1,6,1,34,6,1968,2,7,-1,3,-1
2015075385258,1,9,0,18,0,0,1,0,1,11,1,1,6,2,24,5,1229,1,10,-1,1,-1
2015075385346,1,9,0,16,0,0,2,10,1,1,4,1,6,1,45,7,-1,-1,-1,-1,1,-1
2015075385346,2,9,0,16,0,0,0,0,0,0,0,1,6,1,52,8,1998,1,9,-1,1,-1
2015075385428,1,3,0,18,0,1,2,0,0,0,4,1,6,1,35,6,125,1,1,-1,1,-1
2015075385509,1,9,0,18,0,0,5,0,1,11,4,1,6,2,43,7,1242,1,14,-1,3,-1
2015075385764,1,9,0,13,0,0,1,0,0,0,3,1,6,1,25,5,1364,1,5,-1,1,-1
2015075385764,2,9,0,18,0,0,1,0,0,0,4,1,6,1,36,7,1968,2,6,-1,1,-1
2015075386102,1,21,0,18,0,1,0,0,0,0,1,1,6,1,23,5,-1,-1,-1,-1,1,-1
2015075386102,2,9,0,18,0,1,0,0,0,0,2,1,1,1,71,10,-1,-1,-1,-1,1,-1
2015075386102,3,9,0,18,0,1,0,0,0,0,0,1,1,1,36,7,2993,2,1,-1,1,-1
2015075386399,1,9,0,4,0,1,0,0,0,0,1,1,6,1,28,6,2143,2,-1,-1,1,-1
2015075386399,2,1,0,4,0,1,0,0,0,0,2,1,6,2,49,8,-1,-1,-1,-1,1,-1
2015075386399,3,9,0,4,0,1,0,0,0,0,2,1,6,1,49,8,1124,1,12,-1,1,-1
2015075386486,1,9,0,18,0,0,0,0,0,0,4,1,6,2,60,9,998,1,9,-1,1,-1
2015075386500,1,9,0,7,0,5,0,7,1,4,1,1,2,1,22,5,1598,1,6,-1,1,-1
2015075387215,1,9,0,5,0,0,0,0,0,0,3,1,6,1,22,5,1398,2,3,-1,1,-1
2015075387215,2,3,0,18,0,0,1,0,0,0,4,1,6,1,21,5,125,1,3,-1,1,-1
2015075387303,1,9,0,18,0,0,0,0,0,0,1,1,6,2,57,9,998,1,-1,-1,1,-1
2015075387985,1,1,0,18,9,1,0,0,0,0,0,1,6,1,30,6,-1,-1,-1,-1,-1,-1
2015075388064,1,9,0,18,7,0,0,0,1,11,1,1,6,2,78,11,998,1,1,-1,2,-1
2015075388164,1,4,0,5,0,0,1,0,0,0,1,1,6,1,22,5,124,1,-1,-1,1,-1
2015075388165,1,19,0,18,0,0,0,0,4,7,1,1,1,1,31,6,2148,2,6,-1,-1,-1
2015075388165,2,9,0,3,0,0,0,0,0,0,2,1,6,1,64,9,1461,2,1,-1,1,-1
2015075388165,3,9,0,3,0,0,0,0,0,0,2,1,6,2,23,5,1599,1,17,-1,1,-1
2015075388165,4,9,0,3,0,0,0,0,0,0,2,1,6,1,70,10,1997,2,15,-1,1,-1
2015075388165,5,9,0,3,0,0,0,0,0,0,2,1,1,1,41,7,1968,2,2,-1,-1,-1
2015075388187,1,9,0,18,0,1,0,0,0,0,1,1,6,2,74,10,998,1,13,-1,1,-1
2015075388188,1,9,0,1,0,8,0,0,0,0,2,1,6,1,-1,-1,1781,1,10,-1,-1,-1
2015075388540,1,9,0,4,0,0,1,0,0,0,1,1,6,2,27,6,1124,1,13,-1,1,-1
2015075388540,2,9,0,3,0,0,0,0,0,0,2,1,6,1,59,9,2179,2,4,-1,1,-1
2015075388540,3,9,0,3,0,0,0,0,0,0,2,1,6,2,71,10,1598,1,9,-1,2,-1
2015075388710,1,9,0,16,0,0,0,0,0,0,1,1,6,1,36,7,1242,1,16,-1,1,-1
2015075388710,2,9,0,16,0,0,0,0,0,0,2,1,6,1,45,7,1229,1,9,-1,1,-1
2015075389008,1,9,0,3,0,0,0,7,0,4,2,1,1,1,-1,-1,-1,-1,-1,-1,-1,-1
2015075389008,2,9,0,3,0,0,0,7,0,4,1,1,1,1,-1,-1,1596,1,12,-1,-1,-1
2015075389115,1,9,0,5,0,1,0,0,0,0,0,1,6,3,-1,-1,-1,-1,-1,-1,-1,-1
2015075389115,2,11,0,4,0,1,0,0,0,0,0,1,6,1,-1,-1,-1,-1,-1,-1,-1,-1
2015075389201,1,21,1,9,0,1,0,0,0,0,0,1,1,1,37,7,10837,2,-1,-1,1,-1
2015075389201,2,21,1,13,0,1,4,0,7,10,4,1,1,1,44,7,12740,2,3,-1,1,-1
2015075389532,1,9,0,18,0,0,0,0,0,0,1,1,6,1,-1,-1,-1,-1,-1,-1,-1,-1
2015075389532,2,1,0,9,0,0,0,0,0,0,2,1,6,1,13,3,-1,-1,-1,-1,1,-1
2015075390000,1,20,0,18,0,0,0,0,0,0,1,1,6,1,-1,-1,-1,-1,-1,-1,-1,-1
2015075390000,2,9,0,18,0,0,0,0,0,0,2,1,2,1,53,8,1910,2,9,-1,1,-1
2015075390035,1,9,0,8,0,1,0,0,0,0,1,1,1,2,53,8,998,1,4,-1,1,-1
2015075390035,2,9,0,18,0,1,1,0,0,0,1,1,6,1,-1,-1,-1,-1,-1,-1,-1,-1
2015075390243,1,3,0,4,0,3,0,0,0,0,2,1,2,1,57,9,125,1,4,-1,2,-1
2015075390243,2,9,0,4,0,3,0,0,0,0,1,1,6,1,90,11,998,1,15,-1,3,-1
2015075390396,1,9,0,18,0,3,0,0,0,0,4,1,2,2,53,8,998,1,-1,-1,1,-1
2015075390613,1,9,0,4,0,4,1,7,1,1,1,1,6,1,37,7,1199,1,16,-1,1,-1
2015075390782,1,9,0,18,0,1,1,0,0,0,1,1,6,1,39,7,1598,1,9,-1,1,-1
2015075390782,2,9,0,18,0,1,1,4,0,0,4,1,6,1,28,6,1461,2,11,-1,1,-1
2015075390782,3,9,0,2,0,1,0,0,0,0,1,1,6,1,-1,-1,1397,1,14,-1,-1,-1
2015100000115,1,9,0,16,0,0,0,0,0,0,4,1,6,1,-1,-1,2148,2,12,-1,1,-1
2015100000615,1,9,0,5,0,4,0,0,0,0,1,1,6,2,32,6,1596,1,7,-1,1,-1
2015100000615,2,9,0,3,0,1,0,0,0,0,2,1,6,2,42,7,1149,1,13,-1,1,-1
2015100001515,1,21,0,18,0,0,0,0,0,0,1,1,6,3,-1,-1,-1,-1,-1,-1,-1,-1
2015100001515,2,9,0,18,0,0,0,0,5,6,2,1,1,1,59,9,1582,2,7,-1,1,-1
2015100001715,1,9,0,18,0,0,0,0,0,11,4,1,6,2,51,8,1396,1,6,-1,1,-1
2015100002315,1,9,0,7,0,8,0,0,0,0,3,1,6,2,18,4,1998,2,11,-1,1,-1
2015100002715,1,2,0,18,0,0,2,0,0,0,1,1,6,2,18,4,50,1,3,-1,1,-1
2015100002915,1,1,0,7,0,5,0,0,0,0,1,1,6,2,10,2,-1,-1,-1,-1,1,-1
2015100002915,2,9,0,4,0,1,0,0,0,0,1,1,1,1,45,7,1796,1,8,-1,1,-1
2015100003115,1,9,0,18,0,8,0,0,3,2,1,1,6,1,51,8,-1,-1,-1,-1,1,-1
2015100003115,2,9,0,18,0,8,0,0,0,0,1,1,6,2,54,8,1900,2,15,-1,-1,-1
2015100003715,1,11,0,4,0,2,0,0,0,0,0,1,6,1,60,9,9600,2,16,-1,1,-1
2015100003915,1,9,0,18,0,0,0,0,0,0,1,1,6,3,-1,-1,2776,2,10,-1,-1,-1
2015100004615,1,9,0,1,0,8,0,0,0,0,2,1,6,3,-1,-1,1598,1,7,-1,-1,-1
2015100004615,2,9,0,18,0,8,0,0,0,0,3,1,6,1,23,5,1956,2,5,-1,1,-1
2015100004915,1,9,0,18,0,8,0,0,0,0,1,1,2,1,28,6,1968,2,6,-1,-1,-1
2015100004915,2,1,0,18,0,8,0,0,0,0,2,1,6,1,29,6,-1,-1,-1,-1,-1,-1
2015100005015,1,19,0,18,0,2,0,0,0,0,1,1,1,1,44,7,1560,2,3,-1,1,-1
2015100005315,1,9,0,18,0,1,0,0,0,0,1,1,6,3,-1,-1,-1,-1,-1,-1,-1,-1
2015100005715,1,9,0,9,0,5,0,0,0,0,3,1,6,1,88,11,-1,-1,-1,-1,3,-1
2015100005715,2,3,0,18,0,8,0,0,0,0,1,1,1,1,52,8,125,1,41,-1,2,-1
2015100005815,1,9,0,18,0,0,1,0,0,0,1,1,6,1,51,8,-1,-1,-1,-1,2,-1
2015100005815,2,9,0,4,0,0,0,0,0,0,2,1,2,2,27,6,1349,1,3,-1,1,-1
2015100006515,1,9,0,18,0,0,0,0,0,0,1,1,2,2,30,6,1560,2,4,-1,2,-1
2015100006515,2,9,0,3,0,0,0,0,0,0,2,1,6,1,25,5,2204,2,8,-1,1,-1
2015100006515,3,9,0,3,0,0,0,0,0,0,2,1,6,2,36,7,1900,2,10,-1,1,-1
2015100006615,1,9,0,18,0,1,0,0,0,0,1,1,6,3,-1,-1,-1,-1,-1,-1,-1,-1
2015100006615,2,1,0,18,0,1,0,0,0,0,4,1,6,1,15,3,-1,-1,-1,-1,1,-1
2015100006715,1,9,0,18,0,1,0,0,0,0,4,1,6,1,20,4,1461,2,1,-1,1,-1
2015100006715,2,9,0,3,0,1,0,0,0,0,2,1,6,1,42,7,2231,2,7,-1,1,-1
2015100006915,1,9,0,18,0,8,0,0,0,0,0,1,6,1,32,6,1896,2,9,-1,-1,-1
2015100006915,2,3,0,18,0,8,1,0,0,0,0,1,1,1,31,6,-1,-1,-1,-1,1,-1
2015100007615,1,9,0,18,0,0,5,0,1,4,1,1,2,1,19,4,-1,-1,-1,-1,1,-1
2015100007715,1,9,0,18,0,8,5,0,1,2,3,1,3,2,39,7,-1,-1,-1,-1,2,-1
2015100007915,1,9,0,9,0,6,0,0,0,0,1,1,6,1,27,6,1794,1,13,-1,-1,-1
2015100007915,2,9,0,18,0,1,0,0,0,0,4,1,2,2,22,5,1242,1,10,-1,1,-1
2015100008115,1,9,0,18,0,1,0,0,0,0,1,1,6,2,-1,-1,1598,2,5,-1,1,-1
2015100008115,2,9,0,3,0,1,0,0,0,0,2,1,2,2,53,8,1360,1,6,-1,1,-1
2015100008315,1,9,0,9,0,5,0,0,0,0,4,1,6,2,81,11,1998,1,9,-1,1,-1
2015100008315,2,9,0,18,0,8,0,0,0,0,1,1,6,1,68,10,-1,-1,-1,-1,1,-1
2015100008515,1,9,0,18,0,0,0,0,0,0,1,1,6,2,19,4,2720,2,9,-1,1,-1
2015100008515,2,9,0,4,0,0,0,0,0,0,2,1,6,1,37,7,1398,2,1,-1,1,-1
2015100008515,3,9,0,4,0,0,5,0,1,0,2,1,6,1,56,9,-1,-1,-1,-1,1,-1
2015100008515,4,21,0,5,0,0,0,0,0,0,3,1,1,1,64,9,12777,2,7,-1,-1,-1
2015100008715,1,9,0,11,0,0,2,10,1,4,1,1,2,1,28,6,-1,-1,-1,-1,2,-1
2015100009215,1,20,1,10,0,5,0,0,0,0,3,1,1,1,49,8,7790,2,5,-1,2,-1
2015100009215,2,9,0,18,0,1,0,0,0,0,4,1,2,2,41,7,-1,-1,-1,-1,1,-1
2015100009315,1,19,0,18,0,1,0,0,0,0,1,1,2,1,22,5,1560,2,1,-1,1,-1
2015100009315,2,9,0,3,0,1,0,0,0,0,2,1,2,1,31,6,1388,1,8,-1,1,-1
2015100009915,1,19,0,9,0,5,0,0,0,0,1,1,6,3,-1,-1,-1,-1,-1,-1,-1,-1
2015100009915,2,1,0,18,0,8,0,0,0,0,3,1,6,1,47,8,-1,-1,-1,-1,1,-1
2015100010015,1,9,0,9,0,6,0,0,0,0,3,1,2,2,34,6,1242,1,2,-1,-1,-1
2015100010015,2,1,0,18,0,8,0,0,0,0,1,1,2,2,27,6,-1,-1,-1,-1,-1,-1
2015100010215,1,11,0,3,2,1,0,0,0,0,0,1,6,1,48,8,6700,2,4,-1,1,-1
2015100010515,1,9,0,4,0,1,0,0,0,0,1,1,6,1,76,11,998,1,4,-1,2,-1
2015100010515,2,9,0,18,0,8,0,0,0,0,4,1,6,1,25,5,1360,1,6,-1,3,-1
2015100010915,1,9,0,18,0,1,0,11,0,0,1,1,2,2,34,6,1968,2,5,-1,1,-1
2015100011015,1,21,1,18,0,0,0,0,0,0,2,2,6,3,-1,-1,-1,-1,-1,-1,-1,-1
2015100011015,2,9,0,13,0,0,0,0,0,0,1,1,6,1,52,8,1995,2,1,-1,1,-1
2015100011315,1,19,0,18,0,0,0,0,0,0,1,1,1,1,63,9,1995,2,8,-1,1,-1
2015100011315,2,11,0,2,0,0,0,0,0,0,2,1,1,1,56,9,4250,2,4,-1,-1,-1
2015100011615,1,9,0,15,0,1,0,0,0,0,1,1,6,1,22,5,1149,1,12,-1,1,-1
2015100012215,1,9,0,18,0,0,0,0,0,0,1,1,6,3,-1,-1,-1,-1,-1,-1,-1,-1
2015100012715,1,9,0,5,0,0,0,0,0,0,1,1,6,2,29,6,1587,1,12,-1,1,-1
2015100012715,2,9,0,2,0,0,0,0,0,0,2,1,6,1,41,7,2993,2,9,-1,1,-1
2015100013015,1,9,0,6,9,8,1,0,7,0,1,1,6,3,-1,-1,-1,-1,-1,-1,-1,-1
2015100013215,1,11,0,1,0,3,0,0,0,0,2,1,1,1,32,6,9360,2,4,-1,-1,-1
2015100013215,2,9,0,3,0,1,0,0,0,0,1,1,6,2,43,7,1386,1,7,-1,1,-1
2015100013415,1,9,0,1,0,1,0,0,0,0,4,1,6,1,25,5,1870,2,12,-1,-1,-1
2015100013415,2,9,0,4,0,1,0,0,0,0,3,1,1,1,44,7,2993,2,3,-1,-1,-1
2015100013515,1,11,0,16,0,0,0,0,0,0,0,1,1,1,44,7,-1,2,6,-1,1,-1
2015100013915,1,9,0,18,0,0,0,0,0,0,1,1,6,2,-1,-1,1598,1,7,-1,1,-1
2015100013915,2,9,0,3,0,0,0,0,0,0,2,1,6,1,22,5,-1,-1,-1,-1,1,-1
2015100014215,1,9,0,13,0,1,0,0,0,0,1,1,6,1,45,7,-1,-1,-1,-1,1,-1
2015100014215,2,9,0,7,0,6,0,0,0,0,1,1,6,1,27,6,-1,-1,-1,-1,2,-1
2015100014215,3,17,4,18,0,8,0,0,0,0,0,1,6,3,-1,-1,-1,-1,-1,-1,-1,-1
2015100014415,1,19,0,9,0,5,0,0,0,0,0,1,1,1,26,6,1968,2,2,-1,1,-1
2015100014415,2,9,0,14,0,8,0,0,1,0,4,1,2,2,22,5,1390,1,9,-1,1,-1
2015100014515,1,9,0,18,0,0,1,0,5,6,1,1,6,2,28,6,1798,1,5,-1,1,-1
2015100014515,2,9,0,18,0,0,1,0,0,0,1,1,1,1,36,7,-1,-1,-1,-1,-1,-1
2015100014615,1,11,0,18,0,0,0,0,0,0,1,1,1,1,57,9,6871,2,11,-1,-1,-1
2015100014615,2,1,0,18,0,0,0,0,0,0,2,1,2,1,22,5,-1,-1,-1,-1,3,-1
2015100014715,1,9,0,9,0,5,0,0,0,0,4,1,6,1,42,7,1598,1,12,-1,1,-1
2015100014715,2,9,0,18,0,8,0,0,0,0,1,1,6,2,36,7,1242,1,6,-1,1,-1
2015100014815,1,9,0,17,0,0,2,0,8,9,1,1,6,1,24,5,-1,-1,-1,-1,1,-1
2015100015315,1,19,0,18,0,0,0,0,0,0,1,1,1,1,60,9,2143,2,1,-1,1,-1
2015100015315,2,1,0,18,0,0,0,0,0,0,2,1,2,1,49,8,-1,-1,-1,-1,2,-1
2015100015515,1,9,0,12,0,0,0,0,5,6,2,1,6,2,45,7,1596,1,12,-1,2,-1
2015100015515,2,9,0,18,0,0,0,0,1,0,4,1,6,1,29,6,1995,2,15,-1,2,-1
2015100015915,1,2,0,18,0,1,0,0,0,0,1,1,6,1,17,4,49,1,6,-1,1,-1
2015100015915,2,9,0,3,0,1,0,0,0,0,2,1,2,2,26,6,1149,1,12,-1,1,-1
2015100016215,1,9,0,18,0,4,0,0,0,0,1,1,6,1,58,9,1596,1,2,-1,1,-1
2015100016215,2,9,0,18,0,8,0,0,0,0,4,1,6,1,59,9,1229,1,2,-1,1,-1
2015100016515,1,9,0,1,0,1,0,0,0,0,2,1,6,3,-1,-1,-1,-1,-1,-1,-1,-1
2015100016715,1,9,0,9,0,5,0,0,0,0,3,1,6,1,-1,-1,1896,2,8,-1,1,-1
2015100016815,1,9,0,9,0,5,0,0,0,0,1,1,1,2,35,6,1461,2,1,-1,1,-1
2015100016815,2,1,0,18,0,8,0,0,0,0,1,1,3,1,26,6,-1,-1,-1,-1,1,-1
2015100016915,1,9,0,18,0,0,1,0,1,11,4,1,6,1,19,4,1229,1,1,-1,2,-1
2015100017015,1,9,0,18,0,0,2,11,2,10,4,1,2,2,18,4,-1,-1,-1,-1,2,-1
2015100017115,1,11,0,5,0,8,0,0,0,0,1,1,1,1,57,9,9600,2,15,-1,2,-1
2015100017115,2,1,0,18,0,8,0,0,0,0,4,1,2,1,46,8,-1,-1,-1,-1,-1,-1
2015100017315,1,9,0,9,0,6,0,0,0,0,3,1,6,1,79,11,-1,-1,-1,-1,3,-1
2015100017315,2,19,0,18,0,8,0,0,1,9,1,1,1,1,55,8,1995,2,2,-1,1,-1
2015100017415,1,9,0,18,0,2,1,0,0,2,1,1,6,2,18,4,1229,1,3,-1,1,-1
2015100017815,1,9,0,11,0,1,0,0,0,0,4,1,6,3,-1,-1,-1,-1,-1,-1,-1,-1
2015100017815,2,9,0,7,0,5,0,0,0,0,3,1,2,2,39,7,1124,1,11,-1,1,-1
2015100018215,1,9,0,5,0,4,0,0,0,0,1,1,3,1,46,8,1590,1,14,-1,1,-1
2015100018215,2,9,0,9,0,8,0,0,0,0,4,1,2,2,27,6,1968,2,5,-1,1,-1
2015100018515,1,9,0,18,0,1,0,0,0,0,1,1,6,2,72,10,1399,2,12,-1,1,-1
2015100018515,2,9,0,3,0,1,0,0,0,0,2,1,6,2,34,6,1461,2,1,-1,1,-1
2015100018715,1,9,0,9,0,6,0,0,0,0,1,1,6,3,-1,-1,-1,-1,-1,-1,-1,-1
2015100018715,2,1,0,18,0,8,0,0,0,0,1,1,4,1,14,3,-1,-1,-1,-1,-1,-1
2015100018815,1,9,0,18,0,8,0,0,0,0,0,1,6,3,-1,-1,-1,-1,-1,-1,-1,-1
2015100018815,2,11,0,18,0,8,0,0,0,0,0,1,1,1,56,9,4250,2,7,-1,1,-1
2015100019215,1,9,0,18,0,0,0,0,0,0,2,1,2,2,34,6,1595,1,10,-1,1,-1
2015100019215,2,9,0,18,0,0,0,0,0,0,1,1,2,2,23,5,1598,1,2,-1,1,-1