Accident_Index,Vehicle_Reference,Vehicle_Type,Towing_and_Articulation,Vehicle_Manoeuvre,Vehicle_Location-Restricted_Lane,Junction_Location,Skidding_and_Overturning,Hit_Object_in_Carriageway,Vehicle_Leaving_Carriageway,Hit_Object_off_Carriageway,1st_Point_of_Impact,Was_Vehicle_Left_Hand_Drive?,Journey_Purpose_of_Driver,Sex_of_Driver,Age_of_Driver,Age_Band_of_Driver,Engine_Capacity_(CC),Propulsion_Code,Age_of_Vehicle,Driver_IMD_Decile,Driver_Home_Area_Type,Vehicle_IMD_Decile
2015100019215,3,9,0,18,0,0,1,0,0,0,1,1,6,2,27,6,1968,2,10,-1,1,-1
2015100019415,1,9,0,18,0,0,0,0,0,0,1,1,6,1,19,4,1995,2,9,-1,1,-1
2015100019415,2,9,0,18,0,0,0,0,0,0,1,1,6,2,53,8,1398,1,1,-1,1,-1
2015100019815,1,9,0,18,0,0,0,0,0,0,2,1,6,1,30,6,-1,-1,-1,-1,2,-1
2015100019815,2,9,0,4,0,0,0,0,0,0,2,1,6,1,22,5,-1,-1,-1,-1,2,-1
2015100019815,3,9,0,4,0,0,1,0,0,0,2,1,6,1,34,6,-1,-1,-1,-1,1,-1
2015100020315,1,9,0,9,0,5,0,0,0,0,4,1,2,1,40,7,1149,1,12,-1,1,-1
2015100020315,2,1,0,18,0,8,0,0,0,0,1,1,2,2,25,5,-1,-1,-1,-1,1,-1
2015100020515,1,9,0,7,0,5,0,0,0,0,4,1,6,1,20,4,-1,-1,-1,-1,2,-1
2015100020515,2,11,0,18,2,1,0,0,0,0,1,1,1,1,50,8,9600,2,17,-1,1,-1
2015100020615,1,9,0,4,0,0,0,0,0,0,1,1,6,1,32,6,1242,1,3,-1,3,-1
2015100020615,2,9,0,3,0,0,0,0,0,0,2,1,6,1,19,4,1124,1,10,-1,1,-1
2015100021115,1,9,0,18,0,0,0,0,0,0,1,1,1,2,34,6,-1,-1,-1,-1,-1,-1
2015100021415,1,9,0,9,0,6,0,0,0,0,3,1,2,2,49,8,-1,-1,-1,-1,1,-1
2015100021415,2,9,0,18,0,8,0,0,0,0,1,1,6,1,28,6,-1,-1,-1,-1,1,-1
2015100021515,1,9,0,18,0,1,0,0,0,0,1,1,6,2,48,8,2720,2,9,-1,1,-1
2015100021515,2,9,0,18,0,1,0,0,0,0,1,1,1,1,38,7,1997,2,1,-1,1,-1
2015100022015,1,9,0,18,0,0,1,0,7,1,1,1,6,1,33,6,1896,2,9,-1,-1,-1
2015100022015,2,9,0,2,0,0,0,0,0,0,0,1,6,1,38,7,973,1,14,-1,1,-1
2015100022115,1,9,0,18,0,8,0,10,1,0,1,1,6,1,19,4,-1,-1,-1,-1,2,-1
2015100022115,2,9,0,18,0,1,0,0,0,0,2,1,1,2,37,7,2967,2,1,-1,-1,-1
2015100022115,3,9,0,18,0,2,0,0,0,0,4,1,1,1,45,7,2993,2,3,-1,-1,-1
2015100022215,1,9,0,4,0,1,0,0,0,0,1,1,6,1,29,6,1598,2,4,-1,1,-1
2015100022215,2,9,0,3,0,1,0,0,0,0,2,1,6,1,22,5,1870,2,10,-1,1,-1
2015100022315,1,9,0,18,0,2,0,0,0,0,1,1,1,1,33,6,1995,2,10,-1,1,-1
2015100022615,1,9,0,18,0,1,0,0,0,0,1,1,6,2,-1,-1,1968,2,8,-1,-1,-1
2015100022615,2,9,0,10,0,1,0,0,0,0,2,1,6,1,19,4,1598,2,2,-1,-1,-1
2015100022815,1,9,0,18,0,1,0,0,0,0,4,1,6,1,48,8,1988,1,12,-1,-1,-1
2015100022915,1,9,0,18,0,0,0,0,0,0,3,1,6,3,-1,-1,-1,-1,-1,-1,-1,-1
2015100022915,2,9,0,18,0,0,0,0,0,0,3,1,2,2,39,7,1198,1,6,-1,1,-1
2015100023015,1,9,0,5,0,4,0,0,0,0,1,1,6,2,21,5,-1,-1,-1,-1,2,-1
2015100023015,2,9,0,18,0,8,0,0,0,0,4,1,6,1,54,8,1596,1,8,-1,1,-1
2015100023415,1,9,0,18,0,0,0,0,0,0,1,1,6,2,47,8,1422,1,9,-1,1,-1
2015100023415,2,9,0,4,0,0,0,0,0,0,2,1,6,2,55,8,-1,-1,-1,-1,1,-1
2015100023715,1,9,0,5,0,1,0,0,0,0,1,1,3,2,40,7,1386,1,7,-1,3,-1
2015100023715,2,9,0,3,0,1,0,0,0,0,2,1,1,1,25,5,1197,1,1,-1,1,-1
2015100023815,1,9,0,18,0,8,0,0,0,0,1,1,4,3,-1,-1,1598,1,11,-1,-1,-1
2015100024015,1,11,0,3,0,1,0,0,0,0,0,1,6,2,39,7,-1,2,15,-1,1,-1
2015100025115,1,11,0,2,0,8,0,0,0,0,0,1,1,1,57,9,6370,2,2,-1,1,-1
2015100025215,1,9,0,9,0,6,0,0,0,0,1,1,2,2,53,8,2496,2,11,-1,2,-1
2015100025215,2,9,0,18,0,8,0,0,0,0,1,1,2,1,18,4,1968,2,8,-1,1,-1
2015100025315,1,9,0,9,0,5,0,0,0,0,1,1,6,2,83,11,995,1,3,-1,1,-1
2015100025315,2,1,0,18,0,8,0,0,0,0,1,1,6,2,29,6,-1,-1,-1,-1,1,-1
2015100025715,1,9,0,18,0,0,0,4,0,0,4,1,6,1,62,9,1560,2,3,-1,1,-1
2015100025715,2,9,0,2,0,0,0,0,0,0,4,1,6,3,-1,-1,1386,1,6,-1,1,-1
2015100025715,3,9,0,2,0,0,0,0,0,0,3,1,6,3,-1,-1,1596,1,12,-1,1,-1
2015100026015,1,9,0,16,0,2,2,0,2,11,4,1,6,2,50,8,-1,-1,-1,-1,3,-1
2015100026215,1,9,0,18,0,8,1,0,0,0,1,1,6,1,18,4,1197,1,4,-1,1,-1
2015100026215,2,9,0,18,0,8,0,0,0,0,3,1,6,1,45,7,1398,1,3,-1,1,-1
2015100026615,1,11,0,18,0,0,0,0,0,0,0,1,1,1,30,6,-1,2,15,-1,1,-1
2015100026915,1,9,0,9,0,5,0,0,0,0,1,1,6,1,76,11,1339,1,6,-1,1,-1
2015100026915,2,3,0,18,0,8,0,0,0,0,1,1,6,1,36,7,124,1,26,-1,1,-1
2015100027315,1,9,0,18,0,0,0,0,0,0,1,1,6,1,84,11,1199,2,3,-1,1,-1
2015100027315,2,9,0,18,0,0,0,0,0,0,1,1,6,2,25,5,998,1,2,-1,1,-1
2015100027315,3,9,0,3,0,0,0,0,0,0,2,1,6,2,23,5,1390,1,7,-1,1,-1
2015100027315,4,9,0,3,0,0,0,0,0,0,2,1,6,1,34,6,1560,2,1,-1,1,-1
2015100027415,1,9,0,4,0,0,0,0,0,0,1,1,6,1,80,11,1198,1,1,-1,1,-1
2015100027415,2,9,0,3,0,0,0,0,0,0,2,1,2,2,27,6,995,1,3,-1,1,-1
2015100028115,1,9,0,18,0,1,0,0,0,0,1,1,2,2,39,7,1769,1,11,-1,1,-1
2015100028115,2,8,0,3,0,1,0,0,0,0,2,1,1,1,32,6,1968,2,4,-1,1,-1
2015100029315,1,9,0,16,0,0,5,0,1,9,1,1,6,1,85,11,1296,1,8,-1,1,-1
2015100029915,1,19,0,2,0,1,0,0,0,0,2,1,6,3,-1,-1,2198,2,8,-1,-1,-1
2015100029915,2,9,0,18,0,8,0,4,0,0,1,1,6,2,24,5,1242,1,2,-1,-1,-1
2015100030215,1,9,0,9,0,6,0,0,0,0,3,1,2,2,63,9,2231,2,8,-1,1,-1
2015100030215,2,9,0,18,0,8,0,0,0,0,1,1,2,2,27,6,-1,-1,-1,-1,2,-1
2015100030515,1,11,0,18,0,8,0,0,0,0,1,1,1,1,62,9,3900,2,9,-1,1,-1
2015100030515,2,9,0,3,0,8,0,0,1,11,2,1,6,1,28,6,-1,-1,-1,-1,1,-1
2015100030615,1,9,0,6,0,2,0,0,1,0,3,1,6,2,19,4,1461,2,1,-1,1,-1
2015100030615,2,9,0,18,0,2,0,0,0,6,1,1,2,1,30,6,-1,-1,-1,-1,2,-1
2015100030815,1,5,0,11,0,0,0,0,0,0,4,1,6,1,57,9,883,1,15,-1,2,-1
2015100030815,2,9,0,18,0,0,0,0,0,0,3,1,6,1,23,5,-1,-1,-1,-1,1,-1
2015100030915,1,9,0,18,0,2,0,0,0,0,1,1,6,1,80,11,1149,1,5,-1,-1,-1
2015100030915,2,9,0,18,0,1,0,0,0,0,1,1,6,1,69,10,1598,2,3,-1,2,-1
2015100030915,3,9,0,2,0,1,0,0,0,0,2,1,6,1,55,8,2199,2,4,-1,3,-1
2015100031015,1,9,0,7,0,5,0,0,0,0,1,1,6,1,71,10,1998,1,12,-1,-1,-1
2015100031015,2,9,0,18,0,8,0,0,0,0,4,1,6,1,44,7,1956,2,2,-1,1,-1
2015100031215,1,19,0,18,0,0,0,0,0,0,1,1,1,1,58,9,2198,2,2,-1,2,-1
2015100031215,2,20,0,18,0,0,0,0,0,0,3,1,1,1,49,8,4461,2,6,-1,1,-1
2015100031615,1,9,0,18,0,4,0,0,0,0,1,1,6,3,-1,-1,-1,-1,-1,-1,-1,-1
2015100031615,2,1,0,18,0,4,1,0,2,0,3,1,2,1,50,8,-1,-1,-1,-1,2,-1
2015100031815,1,9,0,9,0,6,0,0,0,0,1,1,1,2,28,6,1461,2,5,-1,2,-1
2015100031815,2,9,0,18,0,8,0,0,7,0,1,1,6,1,42,7,1689,2,13,-1,3,-1
2015100032015,1,9,0,5,0,0,0,0,0,0,4,1,6,2,29,6,1596,1,10,-1,1,-1
2015100032015,2,19,0,18,0,0,5,0,2,11,3,1,2,1,55,8,-1,-1,-1,-1,2,-1
2015100032415,1,19,0,13,0,0,2,0,1,10,4,1,1,1,18,4,1298,1,14,-1,3,-1
2015100032415,2,11,0,18,0,0,0,0,0,0,0,1,6,3,-1,-1,-1,-1,-1,-1,-1,-1
2015100032515,1,9,0,18,0,8,0,0,0,0,1,1,1,1,-1,-1,-1,-1,-1,-1,3,-1
2015100032515,2,11,0,18,0,8,0,0,0,0,4,1,1,1,-1,-1,-1,-1,-1,-1,1,-1
2015100032715,1,9,0,1,0,0,0,0,0,0,2,1,6,2,55,8,1995,2,2,-1,1,-1
2015100032715,2,9,0,4,0,0,0,0,0,0,1,1,6,2,27,6,1995,2,6,-1,-1,-1
2015100032815,1,9,0,4,0,8,1,0,0,0,3,1,6,1,32,6,-1,-1,-1,-1,1,-1
2015100032815,2,9,0,18,0,8,0,0,0,0,4,1,6,2,34,6,1199,1,13,-1,1,-1
2015100032915,1,9,0,18,0,1,1,0,0,0,1,1,6,1,68,10,1999,1,9,-1,-1,-1
2015100032915,2,9,0,17,0,6,1,0,7,0,3,1,6,1,60,9,-1,-1,-1,-1,1,-1
2015100033015,1,11,0,7,0,5,0,0,0,0,4,1,1,1,63,9,-1,-1,-1,-1,-1,-1
2015100033315,1,9,0,18,0,0,0,0,0,0,1,1,1,1,30,6,1242,1,11,-1,1,-1
2015100033315,2,90,0,18,0,0,0,0,0,0,2,1,1,1,53,8,-1,3,40,-1,-1,-1
2015100033615,1,9,0,18,0,1,0,0,0,0,1,1,6,2,23,5,1299,1,13,-1,1,-1
2015100033915,1,9,0,18,0,0,0,0,0,0,1,1,6,2,30,6,1998,1,11,-1,1,-1
2015100033915,2,9,0,2,0,0,0,0,0,0,2,1,6,1,33,6,-1,-1,-1,-1,1,-1
2015100034515,1,9,0,7,0,8,0,0,0,0,1,1,6,1,63,9,2231,2,6,-1,1,-1
2015100034515,2,9,0,9,0,8,0,0,0,0,3,1,6,1,30,6,4367,2,3,-1,1,-1
2015100034815,1,9,0,18,0,0,0,0,1,11,1,1,6,2,35,6,-1,-1,-1,-1,2,-1
2015100034915,1,9,0,4,0,0,0,0,0,0,1,1,6,1,63,9,1461,2,1,-1,1,-1
2015100034915,2,9,0,5,0,0,0,0,0,0,2,1,2,1,34,6,1753,2,8,-1,1,-1
2015100035015,1,9,0,18,0,2,0,0,0,0,4,1,6,1,71,10,2967,2,5,-1,1,-1
2015100035115,1,9,0,4,0,1,0,0,0,0,1,1,6,1,60,9,-1,-1,-1,-1,1,-1
2015100035115,2,9,0,3,0,1,0,0,0,0,2,1,6,2,29,6,1461,2,-1,-1,1,-1
2015100035315,1,19,0,18,0,0,0,0,1,11,4,1,1,1,37,7,2198,2,2,-1,-1,-1
2015100035415,1,9,0,16,0,8,0,0,0,0,1,1,2,1,40,7,-1,-1,-1,-1,1,-1
2015100035415,2,9,0,10,0,5,0,0,0,0,1,1,6,2,35,6,-1,-1,-1,-1,1,-1
2015100036115,1,9,0,2,0,0,0,0,0,0,3,1,6,1,42,7,1896,2,14,-1,1,-1
2015100036115,2,1,0,15,0,0,0,8,0,0,1,1,2,1,42,7,-1,-1,-1,-1,1,-1
2015100036215,1,9,0,18,0,1,0,0,0,0,1,1,6,1,76,11,1598,1,2,-1,1,-1
2015100036315,1,9,0,18,0,1,0,0,0,0,1,1,6,2,-1,-1,1388,1,13,-1,1,-1
2015100036315,2,9,0,3,0,1,0,0,0,0,2,1,6,2,26,6,1461,2,7,-1,1,-1
2015100036915,1,9,0,18,0,2,0,0,0,0,1,1,6,3,-1,-1,-1,-1,-1,-1,-1,-1
2015100037115,1,9,0,18,0,8,1,7,0,10,1,1,6,2,47,8,-1,-1,-1,-1,1,-1
2015100037115,2,9,0,18,0,8,1,0,1,0,3,1,6,1,38,7,-1,-1,-1,-1,2,-1
2015100037715,1,9,0,18,0,1,0,0,0,0,1,1,6,1,28,6,1910,2,7,-1,1,-1
2015100037715,2,9,0,7,0,6,0,0,0,0,3,1,6,2,45,7,1968,2,2,-1,1,-1
2015100037815,1,9,0,18,0,1,0,0,0,0,1,1,6,1,54,8,1598,1,13,-1,1,-1
2015100037815,2,9,0,3,0,1,0,0,0,0,2,1,6,1,68,10,1598,1,6,-1,1,-1
2015100037815,3,9,0,3,0,1,0,0,0,0,2,1,6,1,67,10,1560,2,3,-1,1,-1
2015100038115,1,9,0,8,0,6,0,0,0,0,1,1,6,3,-1,-1,-1,-1,-1,-1,-1,-1
2015100038315,1,9,0,18,0,4,0,0,0,0,1,1,6,2,66,10,1242,1,9,-1,1,-1
2015100038315,2,9,0,18,0,8,0,0,0,0,4,1,6,2,59,9,1560,2,3,-1,1,-1
2015100038715,1,9,0,18,0,4,0,0,0,0,1,1,1,1,60,9,1999,2,-1,-1,2,-1
2015100038715,2,1,0,18,0,8,0,0,0,0,2,1,6,1,68,10,-1,-1,-1,-1,1,-1
2015100038815,1,11,0,5,0,1,0,0,0,0,0,1,1,1,44,7,9000,2,8,-1,-1,-1
2015100038915,1,8,0,18,0,1,0,0,0,0,1,1,1,1,50,8,1390,1,10,-1,-1,-1
2015100039015,1,9,0,13,0,0,0,0,0,0,0,1,6,3,-1,-1,-1,-1,-1,-1,-1,-1
2015100039015,2,9,0,18,0,0,0,0,0,0,0,1,6,3,-1,-1,-1,-1,-1,-1,-1,-1
2015100039015,3,9,0,18,0,0,0,0,1,4,1,1,6,1,54,8,2143,2,-1,-1,-1,-1
2015100039315,1,11,0,18,0,2,0,0,0,0,1,1,1,1,41,7,6700,2,4,-1,1,-1
2015100039515,1,9,0,5,0,0,0,0,0,0,1,1,6,1,70,10,1582,2,2,-1,2,-1
2015100039515,2,9,0,3,0,0,0,0,0,0,2,1,1,1,50,8,-1,-1,-1,-1,-1,-1
2015100039615,1,9,0,18,0,0,1,0,0,0,3,1,1,2,43,7,1769,1,10,-1,1,-1
2015100039615,2,9,0,2,0,0,0,0,0,0,2,1,1,1,54,8,1248,1,2,-1,1,-1
2015100039715,1,9,0,9,0,6,0,0,0,0,1,1,2,2,45,7,1599,1,8,-1,1,-1
2015100039715,2,1,0,18,0,8,0,0,0,0,4,1,2,1,32,6,-1,-1,-1,-1,1,-1
2015100039915,1,11,0,4,0,1,0,0,0,0,0,1,1,1,62,9,4461,2,1,-1,1,-1
2015100040015,1,19,0,5,0,0,0,0,0,0,1,1,1,1,48,8,-1,-1,-1,-1,1,-1
2015100040015,2,9,0,14,0,0,0,0,0,0,4,1,6,2,33,6,1242,1,6,-1,1,-1
2015100040115,1,9,0,9,0,5,0,0,3,0,1,1,6,1,46,8,1896,2,18,-1,1,-1
2015100040715,1,9,0,18,0,8,2,0,0,0,1,1,2,2,35,6,1598,2,4,-1,1,-1
2015100040715,2,9,0,18,0,8,0,0,0,0,4,1,2,1,33,6,1896,2,8,-1,1,-1
2015100041515,1,9,0,17,0,1,0,0,0,0,1,1,6,2,28,6,1598,1,2,-1,1,-1
2015100041815,1,9,0,7,0,5,0,0,0,0,1,1,6,3,-1,-1,-1,-1,-1,-1,-1,-1
2015100042615,1,19,0,18,0,8,0,0,0,0,1,1,2,1,27,6,1560,2,2,-1,1,-1
2015100042615,2,9,0,4,0,8,0,0,4,6,2,1,2,1,61,9,-1,-1,-1,-1,1,-1
2015100042715,1,9,0,15,0,1,0,0,7,11,1,1,6,1,21,5,1229,1,1,-1,1,-1
2015100042715,2,9,0,9,0,1,0,0,0,0,3,1,6,1,41,7,-1,-1,-1,-1,1,-1
2015100043015,1,19,0,18,0,0,0,0,1,7,1,1,1,1,41,7,2287,2,1,-1,1,-1
2015100043215,1,9,0,18,0,1,5,0,0,0,1,1,6,1,30,6,-1,-1,-1,-1,1,-1
2015100043415,1,9,0,18,0,8,0,0,0,0,1,1,6,2,17,4,1198,1,1,-1,1,-1
2015100043415,2,9,0,18,0,8,0,4,0,0,3,1,6,1,56,9,1951,2,9,-1,2,-1
2015100043415,3,9,0,2,0,2,0,0,0,0,2,1,6,1,69,10,1794,1,8,-1,1,-1
2015100043615,1,9,0,18,0,0,1,0,0,0,1,1,6,1,34,6,1590,1,14,-1,1,-1
2015100043615,2,9,0,14,0,0,0,0,0,0,2,1,6,2,38,7,1560,2,2,-1,1,-1
2015100043815,1,9,0,4,0,0,0,0,0,0,1,1,6,2,22,5,1229,1,3,-1,1,-1
2015100043815,2,20,0,4,0,0,0,0,0,0,2,1,1,1,51,8,-1,-1,-1,-1,1,-1
2015100043915,1,9,0,18,0,8,0,0,0,0,1,1,6,1,20,4,1000,1,2,-1,1,-1
2015100043915,2,9,0,18,0,8,0,0,0,0,4,1,6,2,-1,-1,-1,-1,-1,-1,1,-1
2015100044015,1,9,0,15,0,8,0,0,0,0,4,1,6,1,52,8,1896,2,9,-1,1,-1
2015100044015,2,5,0,7,0,8,0,0,0,0,3,1,6,1,42,7,592,1,21,-1,-1,-1
2015100044115,1,9,0,7,0,6,0,0,0,0,0,1,6,1,36,7,1461,2,1,-1,1,-1
2015100044115,2,11,0,18,2,1,0,0,0,0,0,1,6,1,43,7,6370,2,2,-1,1,-1
2015100044315,1,9,0,18,0,0,0,0,0,0,1,1,6,1,62,9,998,1,2,-1,1,-1
2015100044415,1,9,0,18,0,1,0,0,0,0,1,1,1,1,43,7,1910,2,8,-1,-1,-1
2015100044415,2,1,0,9,0,6,0,0,0,0,2,1,6,2,22,5,-1,-1,-1,-1,-1,-1
2015100044515,1,9,0,18,0,1,0,0,0,0,1,1,6,1,43,7,1229,1,1,-1,1,-1
2015100044515,2,9,0,18,0,1,0,0,0,0,2,1,6,1,22,5,1995,2,14,-1,1,-1
2015100045015,1,9,0,18,0,0,0,0,0,0,1,1,6,2,23,5,1598,1,9,-1,3,-1
2015100045015,2,9,0,3,0,0,0,0,0,0,2,1,6,1,64,9,1998,2,10,-1,1,-1
2015100045115,1,9,0,16,0,1,0,0,0,0,0,1,6,3,-1,-1,-1,-1,-1,-1,-1,-1
2015100045115,2,21,0,17,0,1,1,0,7,10,1,1,1,1,40,7,11705,2,9,-1,1,-1
2015100045315,1,9,0,9,0,5,0,0,0,0,1,1,6,2,56,9,1360,1,14,-1,1,-1
2015100045315,2,1,0,18,0,8,0,0,0,0,2,1,1,1,38,7,-1,-1,-1,-1,-1,-1
2015100046315,1,9,0,7,0,6,0,0,0,0,1,1,6,3,-1,-1,-1,-1,-1,-1,-1,-1
2015100046715,1,9,0,18,0,0,0,0,0,0,1,1,6,2,-1,-1,2993,2,1,-1,-1,-1
2015100046715,2,9,0,3,0,0,0,0,0,0,2,1,2,1,62,9,1685,2,2,-1,1,-1
2015100046915,1,9,0,18,0,8,0,0,0,0,1,1,6,1,24,5,1364,1,-1,-1,1,-1
2015100046915,2,19,0,18,0,8,0,0,1,7,3,1,1,1,40,7,2148,2,10,-1,1,-1
2015100047515,1,9,0,18,0,0,0,0,0,0,3,1,6,3,-1,-1,-1,-1,-1,-1,-1,-1
2015100047815,1,9,0,11,0,0,0,0,0,0,4,1,6,1,35,6,1995,2,8,-1,3,-1
2015100047815,2,5,0,18,0,0,0,0,0,0,3,1,2,1,40,7,599,1,14,-1,1,-1
2015100047915,1,9,0,18,0,0,0,0,0,0,1,1,6,1,27,6,1596,1,12,-1,-1,-1
2015100047915,2,9,0,3,0,0,0,0,0,0,2,1,2,1,44,7,1968,2,5,-1,1,-1
2015100048015,1,9,0,5,8,8,0,4,1,0,1,1,2,1,23,5,1840,1,16,-1,1,-1
2015100048015,2,9,0,18,0,8,0,0,0,0,1,1,2,2,41,7,-1,-1,-1,-1,1,-1
2015100048015,3,9,0,2,0,6,0,0,0,0,2,1,2,1,52,8,-1,-1,-1,-1,1,-1
2015100048115,1,9,0,18,0,0,0,0,0,0,1,1,1,2,36,7,1956,2,4,-1,1,-1
2015100048415,1,9,0,9,0,6,0,0,0,0,1,1,6,2,48,8,1598,1,9,-1,1,-1
2015100048415,2,9,0,18,0,8,0,0,0,0,4,1,6,2,37,7,1242,1,11,-1,1,-1
2015100048615,1,9,0,18,0,0,0,0,1,0,2,1,6,1,25,5,1598,1,12,-1,1,-1
2015100048615,2,9,0,2,0,0,0,0,0,0,2,1,6,3,-1,-1,1997,2,3,-1,1,-1
2015100048815,1,9,0,11,0,0,1,0,0,7,1,1,6,2,35,6,-1,-1,-1,-1,1,-1
2015100048815,2,19,0,18,0,0,0,0,0,0,1,1,1,1,56,9,1998,2,9,-1,1,-1
2015100048915,1,9,0,4,0,1,0,0,0,0,1,1,6,1,43,7,1995,2,3,-1,1,-1
2015100048915,2,9,0,3,0,1,0,0,0,0,2,1,6,1,50,8,-1,-1,-1,-1,1,-1
2015100048915,3,9,0,3,0,1,0,0,0,0,2,1,6,1,41,7,1910,2,8,-1,1,-1
2015100049015,1,9,0,18,0,1,0,0,0,0,1,1,6,2,30,6,1299,1,10,-1,2,-1
2015100049115,1,9,0,18,0,1,0,0,0,0,1,1,2,1,32,6,1598,1,3,-1,1,-1
2015100049215,1,9,0,18,0,8,0,0,0,0,1,1,6,1,22,5,1197,1,1,-1,1,-1
2015100049215,2,19,0,9,0,5,0,0,0,0,3,1,6,1,49,8,1753,2,9,-1,1,-1
2015100049415,1,19,0,4,0,0,0,0,0,0,1,1,6,1,28,6,1686,2,13,-1,1,-1
2015100049415,2,9,0,4,0,0,0,0,0,0,2,1,6,1,49,8,-1,-1,-1,-1,1,-1
2015100049515,1,9,0,17,0,2,2,0,7,9,4,1,2,1,43,7,-1,-1,-1,-1,2,-1
2015100049515,2,9,0,17,0,2,2,0,0,4,4,1,2,1,45,7,-1,-1,-1,-1,1,-1
2015100049915,1,9,0,1,0,0,0,0,0,0,2,1,6,1,23,5,1598,2,1,-1,1,-1
2015100050115,1,9,0,5,0,1,0,0,0,0,1,1,6,2,68,10,1388,1,8,-1,1,-1
2015100050115,2,9,0,3,0,1,0,0,0,0,2,1,6,2,38,7,1968,2,1,-1,1,-1
2015100050315,1,9,0,18,0,0,0,0,0,0,4,1,6,3,-1,-1,-1,-1,-1,-1,-1,-1
2015100050515,1,9,0,13,0,2,0,0,0,0,4,1,6,3,-1,-1,-1,-1,-1,-1,-1,-1
2015100050515,2,1,0,18,0,2,0,0,0,0,1,1,6,1,57,9,-1,-1,-1,-1,1,-1
2015100050815,1,9,0,9,0,5,0,0,0,0,3,1,6,2,25,5,1229,1,5,-1,2,-1
2015100051615,1,9,0,18,0,8,0,0,1,0,1,1,6,2,44,7,998,1,3,-1,1,-1
2015100051615,2,9,0,9,0,5,0,0,0,0,3,1,1,1,48,8,1753,2,6,-1,1,-1
2015100052715,1,9,0,18,0,4,0,0,3,0,1,1,6,2,22,5,-1,-1,-1,-1,1,-1
2015100052915,1,9,0,17,0,0,1,0,0,0,3,1,2,1,53,8,1388,1,7,-1,1,-1
2015100052915,2,9,0,18,0,0,1,0,0,0,1,1,2,2,60,9,-1,-1,-1,-1,2,-1
2015100053015,1,9,0,18,0,0,0,0,0,0,0,1,6,3,-1,-1,-1,-1,-1,-1,-1,-1
2015100053015,2,9,0,18,0,0,0,0,0,0,2,1,6,1,30,6,-1,-1,-1,-1,1,-1
2015100053015,3,9,0,18,0,0,1,0,1,11,1,1,1,1,25,5,1968,2,6,-1,1,-1
2015100053415,1,9,0,14,0,1,0,0,0,0,1,1,6,1,18,4,1198,1,12,-1,1,-1
2015100053415,2,9,0,9,0,1,0,0,0,0,1,1,1,1,28,6,1560,2,5,-1,1,-1
2015100053515,1,9,0,18,0,0,0,0,0,0,1,1,6,1,19,4,1896,2,12,-1,3,-1
2015100053515,2,9,0,18,0,0,0,0,0,0,2,1,6,2,21,5,-1,-1,-1,-1,2,-1
2015100053615,1,9,0,4,0,0,1,0,0,0,1,1,3,1,26,6,1248,1,7,-1,1,-1
2015100053615,2,9,0,4,0,0,1,0,0,11,2,1,2,2,25,5,1299,1,14,-1,1,-1
2015100053715,1,9,0,18,0,0,0,0,0,0,1,1,6,1,29,6,-1,-1,-1,-1,1,-1
2015100053715,2,9,0,18,0,0,0,0,0,0,1,1,6,2,26,6,1360,1,5,-1,1,-1
2015100053715,3,9,0,18,0,0,0,0,1,0,2,1,6,2,31,6,1149,1,2,-1,1,-1
2015100053915,1,9,0,18,0,0,1,0,2,7,1,1,1,1,50,8,-1,-1,-1,-1,1,-1
2015100053915,2,9,0,12,0,0,0,0,0,0,4,1,6,2,26,6,1198,1,1,-1,1,-1
2015100053915,3,19,0,18,0,0,0,0,0,0,2,1,1,1,60,9,2287,2,5,-1,1,-1
2015100053915,4,19,0,18,0,0,0,0,0,0,3,1,1,1,51,8,1560,2,2,-1,1,-1
2015100054015,1,9,0,18,0,0,0,0,0,0,1,1,6,2,71,10,1390,1,3,-1,1,-1
2015100054015,2,9,0,3,0,0,0,0,0,0,2,1,2,1,52,8,1461,2,1,-1,1,-1
2015100054115,1,9,0,5,0,1,0,0,0,0,3,1,6,1,42,7,1685,2,1,-1,1,-1
2015100054215,1,9,0,12,0,8,1,0,0,0,2,1,6,2,29,6,-1,-1,-1,-1,1,-1
2015100054215,2,9,0,18,0,8,1,0,0,0,1,1,6,1,32,6,1998,1,24,-1,1,-1
2015100054215,3,9,0,18,0,8,1,0,0,0,3,1,6,2,27,6,1390,1,13,-1,1,-1
2015100054315,1,1,0,18,0,8,0,0,0,0,1,1,6,1,21,5,-1,-1,-1,-1,1,-1
2015100054315,2,9,0,18,0,8,0,0,0,0,3,1,6,1,47,8,-1,-1,-1,-1,1,-1
2015100054715,1,9,0,4,0,8,1,0,0,0,1,1,2,2,51,8,1398,1,1,-1,1,-1
2015100054715,2,9,0,18,0,8,0,0,0,0,4,1,1,2,45,7,998,1,1,-1,1,-1
2015100054715,3,9,0,2,0,2,0,0,0,0,4,1,6,3,-1,-1,1341,1,10,-1,1,-1
2015100054815,1,19,0,18,0,0,0,0,0,0,1,1,2,1,56,9,1995,2,4,-1,3,-1
2015100054915,1,21,0,18,0,1,0,0,0,0,0,1,1,1,54,8,11967,2,3,-1,1,-1
2015100055015,1,9,0,6,0,8,0,0,0,0,0,1,1,1,32,6,1896,2,6,-1,1,-1
2015100055015,2,2,0,18,0,1,2,0,0,0,1,1,1,1,51,8,49,1,12,-1,1,-1