Accident_Index,Vehicle_Reference,Vehicle_Type,Towing_and_Articulation,Vehicle_Manoeuvre,Vehicle_Location-Restricted_Lane,Junction_Location,Skidding_and_Overturning,Hit_Object_in_Carriageway,Vehicle_Leaving_Carriageway,Hit_Object_off_Carriageway,1st_Point_of_Impact,Was_Vehicle_Left_Hand_Drive?,Journey_Purpose_of_Driver,Sex_of_Driver,Age_of_Driver,Age_Band_of_Driver,Engine_Capacity_(CC),Propulsion_Code,Age_of_Vehicle,Driver_IMD_Decile,Driver_Home_Area_Type,Vehicle_IMD_Decile
2015100085915,2,19,0,18,0,0,5,0,0,0,1,1,1,1,31,6,-1,-1,-1,-1,1,-1
2015100085915,3,9,0,18,0,0,0,0,0,0,0,1,6,2,40,7,1910,2,7,-1,2,-1
2015100086215,1,9,0,4,0,0,0,0,0,0,1,1,6,2,52,8,-1,-1,-1,-1,1,-1
2015100086215,2,19,0,3,0,0,0,0,0,0,2,1,1,1,30,6,2198,2,5,-1,3,-1
2015100086315,1,9,0,18,2,0,0,0,0,0,1,1,1,1,31,6,1248,2,3,-1,-1,-1
2015100086415,1,9,0,13,0,1,0,0,0,0,1,1,6,1,20,4,-1,-1,-1,-1,1,-1
2015100086415,2,9,0,4,0,1,0,0,0,0,2,1,6,2,24,5,998,1,5,-1,1,-1
2015100086515,1,11,0,4,0,0,0,0,0,0,0,1,1,1,46,8,-1,-1,-1,-1,1,-1
2015100086715,1,9,0,18,0,1,0,0,0,0,4,1,6,3,-1,-1,1368,1,7,-1,-1,-1
2015100086715,2,1,0,18,0,1,0,0,0,0,1,1,6,1,69,10,-1,-1,-1,-1,1,-1
2015100086815,1,9,0,15,0,0,0,0,8,11,3,1,6,3,-1,-1,-1,-1,-1,-1,-1,-1
2015100086815,2,9,0,18,0,0,0,0,0,0,4,1,6,2,24,5,1360,1,12,-1,1,-1
2015100087315,1,11,0,5,2,0,0,0,0,0,0,1,6,1,33,6,4500,2,4,-1,1,-1
2015100087415,1,8,0,18,0,0,0,0,0,0,1,1,1,3,-1,-1,-1,-1,-1,-1,-1,-1
2015100087515,1,9,0,18,0,0,0,0,0,0,1,1,6,1,-1,-1,1995,2,2,-1,2,-1
2015100087515,2,9,0,3,0,0,0,0,0,0,2,1,1,1,49,8,1896,2,6,-1,1,-1
2015100088115,1,9,0,5,0,1,0,0,0,0,1,1,6,1,49,8,1995,1,11,-1,1,-1
2015100088115,2,9,0,8,0,1,0,0,0,0,2,1,6,1,64,9,1598,1,4,-1,1,-1
2015100088315,1,9,0,5,0,0,0,0,0,0,1,1,6,1,49,8,1461,2,10,-1,1,-1
2015100088715,1,9,0,18,0,0,0,0,0,0,1,1,6,2,24,5,1360,1,9,-1,1,-1
2015100088715,2,9,0,18,0,0,0,0,0,0,2,1,6,1,48,8,1753,2,13,-1,1,-1
2015100089015,1,9,0,9,0,5,0,0,0,0,1,1,2,1,43,7,1796,1,7,-1,3,-1
2015100089015,2,2,0,18,0,8,0,0,0,0,1,1,6,1,16,4,49,1,6,-1,-1,-1
2015100089115,1,9,0,18,0,1,1,0,0,0,1,1,6,1,49,8,1995,1,13,-1,1,-1
2015100089115,2,9,0,8,0,1,0,0,0,0,2,1,2,1,42,7,-1,-1,-1,-1,1,-1
2015100089315,1,9,0,9,0,5,0,0,0,0,4,1,6,1,18,4,1598,2,3,-1,1,-1
2015100089315,2,4,0,16,0,8,0,0,0,0,1,1,2,1,60,9,397,1,13,-1,2,-1
2015100090015,1,9,0,4,0,4,0,0,0,0,1,1,2,1,30,6,1968,2,1,-1,-1,-1
2015100090015,2,9,0,4,0,4,0,0,0,0,2,1,2,2,21,5,-1,-1,-1,-1,-1,-1
2015100090215,1,21,0,7,0,4,0,0,0,0,3,1,6,1,-1,-1,12902,2,2,-1,-1,-1
2015100090215,2,9,0,4,0,4,0,0,0,0,1,1,6,2,26,6,1686,2,5,-1,1,-1
2015100090715,1,9,0,18,0,0,0,0,0,0,4,1,6,2,44,7,1598,1,2,-1,1,-1
2015100091315,1,9,0,18,0,2,0,0,0,0,4,1,6,1,51,8,1596,1,8,-1,1,-1
2015100091515,1,9,0,18,0,1,0,0,0,0,1,1,6,3,-1,-1,-1,-1,-1,-1,-1,-1
2015100091515,2,9,0,3,0,1,0,0,0,0,2,1,6,2,38,7,1240,1,11,-1,1,-1
2015100091715,1,9,0,9,0,5,0,0,0,0,1,1,6,2,24,5,1149,1,12,-1,1,-1
2015100092315,1,9,0,18,0,8,0,0,0,0,1,1,2,2,49,8,998,1,7,-1,1,-1
2015100092315,2,1,0,9,0,8,0,0,0,0,4,1,2,1,46,8,-1,-1,-1,-1,1,-1
2015100092515,1,9,0,18,0,4,0,0,0,0,1,1,6,1,26,6,1998,1,11,-1,1,-1
2015100092515,2,1,0,9,0,8,0,0,0,0,4,1,6,1,15,3,-1,-1,-1,-1,1,-1
2015100092815,1,9,0,5,0,8,0,0,0,0,3,1,6,2,45,7,1461,2,3,-1,1,-1
2015100092815,2,1,0,18,0,8,0,0,0,0,1,1,6,1,73,10,-1,-1,-1,-1,-1,-1
2015100093115,1,11,0,5,0,1,0,0,0,0,0,1,1,2,53,8,6692,2,6,-1,1,-1
2015100093815,1,9,0,1,0,6,0,0,0,0,0,1,6,3,-1,-1,-1,-1,-1,-1,-1,-1
2015100093915,1,9,0,18,0,0,1,0,0,0,1,1,2,1,45,7,1200,1,13,-1,1,-1
2015100093915,2,9,0,3,0,0,0,0,0,0,3,1,2,1,59,9,1997,2,11,-1,1,-1
2015100094215,1,9,0,18,0,1,0,0,0,0,1,1,1,2,45,7,-1,-1,-1,-1,2,-1
2015100094215,2,9,0,2,0,1,0,0,0,0,2,1,1,1,26,6,1984,1,6,-1,1,-1
2015100094415,1,9,0,18,0,8,0,0,0,1,4,1,6,2,23,5,-1,-1,-1,-1,1,-1
2015100094415,2,9,0,18,0,8,0,0,0,0,1,1,6,1,23,5,1364,1,6,-1,1,-1
2015100094515,1,9,0,18,0,4,0,0,0,0,1,1,3,2,42,7,1598,2,4,-1,2,-1
2015100094515,2,11,0,18,0,3,0,0,0,0,1,1,1,1,52,8,4461,2,2,-1,1,-1
2015100094615,1,9,0,9,0,5,0,0,0,0,1,1,6,1,18,4,1364,1,10,-1,1,-1
2015100094615,2,9,0,18,0,8,0,0,0,0,1,1,6,2,34,6,1150,1,8,-1,1,-1
2015100094715,1,9,0,18,0,0,0,0,0,0,4,1,6,3,-1,-1,-1,-1,-1,-1,-1,-1
2015100094715,2,9,0,18,0,0,0,0,1,11,3,1,6,1,41,7,1968,2,1,-1,1,-1
2015100094915,1,9,0,5,0,1,0,0,0,0,1,1,6,2,70,10,1349,1,4,-1,2,-1
2015100094915,2,9,0,3,0,1,0,0,0,0,2,1,6,2,18,4,1399,2,3,-1,1,-1
2015100095215,1,20,0,11,0,0,0,0,0,0,4,1,1,1,25,5,-1,-1,-1,-1,1,-1
2015100095215,2,9,0,18,0,0,0,0,0,0,3,1,1,2,17,4,1364,2,6,-1,1,-1
2015100095415,1,9,0,18,0,1,1,0,0,0,1,1,6,1,22,5,1198,1,5,-1,1,-1
2015100095415,2,9,0,2,0,1,0,0,0,0,2,1,1,1,40,7,-1,-1,-1,-1,1,-1
2015100095515,1,9,0,18,0,0,1,0,8,11,1,1,6,3,-1,-1,-1,-1,-1,-1,-1,-1
2015100095515,2,9,0,18,0,0,0,0,0,0,2,1,2,2,19,4,1229,1,1,-1,-1,-1
2015100095615,1,21,1,11,0,0,0,0,0,0,4,1,1,1,37,7,12740,2,2,-1,1,-1
2015100095615,2,9,0,18,0,0,0,0,0,0,3,1,2,2,57,9,1598,2,5,-1,1,-1
2015100096215,1,1,0,9,0,5,0,0,0,0,1,1,6,1,28,6,-1,-1,-1,-1,1,-1
2015100096215,2,9,0,18,2,1,0,0,0,0,1,1,2,1,-1,-1,1769,1,12,-1,1,-1
2015100096415,1,9,0,18,0,0,1,0,0,0,1,1,2,2,61,9,1968,2,5,-1,1,-1
2015100096415,2,9,0,3,0,0,0,0,0,0,2,1,2,2,37,7,1598,2,1,-1,2,-1
2015100096515,1,9,0,18,0,8,0,0,0,0,4,1,6,2,47,8,1149,1,3,-1,1,-1
2015100096515,2,1,0,18,0,8,0,0,0,0,3,1,1,1,46,8,-1,-1,-1,-1,1,-1
2015100097815,1,1,0,18,0,8,0,0,0,0,1,1,6,2,27,6,-1,-1,-1,-1,-1,-1
2015100097815,2,9,0,7,0,8,0,0,0,0,3,1,1,1,47,8,1560,2,6,-1,1,-1
2015100097915,1,9,0,9,0,6,0,0,0,0,4,1,6,3,-1,-1,-1,-1,-1,-1,-1,-1
2015100097915,2,9,0,18,0,8,0,0,0,0,1,1,1,1,55,8,1998,2,1,-1,1,-1
2015100098115,1,9,0,18,0,1,0,0,0,0,1,1,6,2,26,6,998,1,13,-1,1,-1
2015100098115,2,9,0,1,0,8,0,0,0,0,2,1,6,1,19,4,1299,1,7,-1,1,-1
2015100098315,1,9,4,18,0,0,0,0,0,0,4,1,1,1,62,9,1870,2,6,-1,-1,-1
2015100099015,1,9,0,18,0,1,0,0,0,0,1,1,6,2,-1,-1,1598,1,4,-1,1,-1
2015100099015,2,9,0,3,0,1,0,0,0,0,2,1,2,2,27,6,998,1,2,-1,1,-1
2015100099515,1,9,0,9,0,2,0,0,0,0,1,1,6,1,22,5,999,1,1,-1,1,-1
2015100099515,2,9,0,18,0,1,0,0,0,0,1,1,6,2,44,7,1498,1,10,-1,1,-1
2015100099615,1,9,0,5,0,8,1,0,0,11,1,1,6,1,49,8,1986,2,10,-1,1,-1
2015100099615,2,9,0,18,0,8,1,0,0,11,4,1,6,1,35,6,-1,-1,-1,-1,1,-1
2015100100615,1,9,0,18,0,0,1,0,1,11,1,1,2,1,17,4,1248,1,2,-1,-1,-1
2015100100915,1,1,0,18,0,8,0,0,0,0,1,1,6,1,30,6,-1,-1,-1,-1,1,-1
2015100100915,2,9,0,18,0,8,0,0,0,0,3,1,2,1,-1,-1,1398,1,4,-1,-1,-1
2015100101015,1,9,0,14,0,0,0,0,0,0,4,1,6,2,67,10,1994,2,5,-1,3,-1
2015100101015,2,9,0,2,0,0,0,0,0,0,4,1,6,2,27,6,2231,2,1,-1,1,-1
2015100101115,1,9,0,3,0,7,0,0,0,0,1,1,6,1,-1,-1,1242,1,9,-1,2,-1
2015100101115,2,9,0,3,0,7,0,0,0,0,2,1,6,1,45,7,1896,2,11,-1,1,-1
2015100101215,1,9,0,18,0,0,0,0,0,0,4,1,6,2,82,11,1328,1,11,-1,2,-1
2015100101415,1,9,0,18,0,0,0,0,8,2,1,1,1,1,33,6,1198,1,4,-1,1,-1
2015100101415,2,9,0,2,0,0,0,0,0,0,3,1,6,1,52,8,1968,2,7,-1,1,-1
2015100101515,1,9,0,18,0,2,0,0,0,0,1,1,6,2,29,6,1199,1,14,-1,1,-1
2015100101515,2,9,0,3,0,2,0,0,0,0,2,1,2,2,32,6,1560,2,1,-1,2,-1
2015100101615,1,19,0,9,0,8,0,0,0,0,1,1,1,1,26,6,1248,2,7,-1,1,-1
2015100101615,2,9,0,18,0,8,0,0,0,0,1,1,6,2,21,5,1240,1,5,-1,1,-1
2015100101715,1,9,0,5,0,8,0,0,0,0,1,1,6,1,82,11,-1,-1,-1,-1,1,-1
2015100101715,2,1,0,18,0,8,0,0,0,0,4,1,6,1,42,7,-1,-1,-1,-1,1,-1
2015100102215,1,9,0,18,0,1,0,0,0,0,1,1,1,1,44,7,1984,1,14,-1,1,-1
2015100102215,2,9,0,3,0,1,0,0,0,0,2,1,1,2,38,7,1329,1,5,-1,1,-1
2015100102215,3,21,0,2,0,1,0,0,0,0,0,1,6,3,-1,-1,-1,-1,-1,-1,-1,-1
2015100102515,1,9,0,17,0,4,0,0,0,0,1,1,6,2,47,8,1360,1,6,-1,1,-1
2015100102515,2,9,0,7,0,5,0,0,0,0,1,1,6,1,29,6,2000,2,8,-1,-1,-1
2015100102615,1,9,0,9,0,5,0,0,1,0,4,1,6,2,84,11,1198,1,3,-1,3,-1
2015100102615,2,9,0,18,0,8,0,0,2,7,1,1,6,1,42,7,2268,2,3,-1,3,-1
2015100102815,1,9,0,18,0,1,0,0,0,0,1,1,6,1,32,6,-1,-1,-1,-1,1,-1
2015100103015,1,9,0,18,0,4,0,0,0,0,1,1,6,1,77,11,1597,2,2,-1,3,-1
2015100103015,2,9,0,9,0,3,0,0,0,0,4,1,6,1,50,8,1796,1,11,-1,1,-1
2015100103115,1,9,0,4,0,1,0,0,0,0,1,1,6,2,21,5,1596,1,6,-1,1,-1
2015100103115,2,9,0,10,0,1,0,0,0,0,2,1,6,1,43,7,1399,2,12,-1,1,-1
2015100103115,3,9,0,10,0,1,0,0,0,0,2,1,6,1,41,7,1597,2,1,-1,1,-1
2015100103215,1,9,0,7,0,5,0,0,0,11,1,1,6,2,36,7,-1,-1,-1,-1,1,-1
2015100103315,1,9,0,18,0,0,0,0,0,11,1,1,6,1,25,5,1149,1,13,-1,3,-1
2015100103415,1,9,0,7,0,1,0,0,0,0,1,1,6,1,42,7,-1,-1,-1,-1,1,-1
2015100103415,2,9,0,15,0,1,0,0,0,0,3,1,6,1,20,4,-1,-1,-1,-1,1,-1
2015100103515,1,9,0,5,0,8,0,0,0,0,1,1,6,2,-1,-1,1240,1,9,-1,1,-1
2015100103515,2,9,0,18,0,1,0,0,0,0,4,1,6,2,52,8,-1,-1,-1,-1,3,-1
2015100103615,1,9,0,9,0,5,0,0,0,0,3,1,6,1,23,5,-1,-1,-1,-1,1,-1
2015100103615,2,90,0,18,0,8,0,0,0,0,4,1,1,1,37,7,2148,2,8,-1,1,-1
2015100103715,1,9,0,18,0,1,0,0,0,0,3,1,6,1,18,4,-1,-1,-1,-1,1,-1
2015100103715,2,9,0,18,0,1,0,0,0,0,3,1,3,1,63,9,1596,1,3,-1,1,-1
2015100103715,3,9,0,9,0,5,0,0,0,0,3,1,3,1,42,7,1248,2,5,-1,1,-1
2015100103715,4,9,0,18,0,1,0,0,0,0,0,1,1,1,33,6,1560,2,7,-1,-1,-1
2015100103815,1,9,0,4,0,1,0,0,0,0,1,2,6,3,-1,-1,-1,-1,-1,-1,-1,-1
2015100103815,2,9,0,3,0,1,0,0,0,0,2,1,6,2,27,6,1596,1,14,-1,2,-1
2015100103915,1,9,0,7,0,6,0,0,0,0,0,1,6,2,41,7,2204,2,8,-1,1,-1
2015100103915,2,3,0,18,0,8,0,0,0,0,3,1,2,1,55,8,125,1,5,-1,1,-1
2015100104215,1,9,0,18,0,0,5,7,0,0,1,1,6,1,22,5,-1,-1,-1,-1,1,-1
2015100104315,1,9,0,18,0,1,0,0,0,0,4,1,6,3,-1,-1,-1,-1,-1,-1,-1,-1
2015100104515,1,9,0,9,0,5,0,0,0,0,1,1,6,1,82,11,1994,2,17,-1,2,-1
2015100104515,2,9,0,18,0,8,0,0,0,0,1,1,6,1,31,6,1896,2,15,-1,2,-1
2015100104615,1,9,0,18,0,8,0,0,0,0,3,1,2,1,24,5,1390,1,3,-1,1,-1
2015100104615,2,1,0,18,0,8,0,0,0,0,1,1,2,1,36,7,-1,-1,-1,-1,1,-1
2015100104815,1,21,0,9,0,5,0,0,0,0,1,1,1,1,54,8,10837,2,3,-1,2,-1
2015100104815,2,19,0,18,0,8,5,0,1,0,4,1,1,1,27,6,3000,2,10,-1,3,-1
2015100105315,1,9,0,18,0,1,0,0,0,0,1,1,2,1,43,7,-1,-1,-1,-1,2,-1
2015100105315,2,9,0,10,0,1,0,0,0,0,2,1,6,2,44,7,998,1,7,-1,1,-1
2015100105415,1,9,0,18,0,8,0,0,0,0,3,1,2,1,44,7,2268,2,1,-1,1,-1
2015100105415,2,9,0,18,0,8,0,0,0,0,1,1,2,1,63,9,-1,-1,-1,-1,1,-1
2015100105515,1,9,0,6,0,2,0,0,0,0,1,1,6,1,74,10,1364,2,9,-1,1,-1
2015100105615,1,9,0,7,0,5,0,0,0,0,4,1,6,2,43,7,1248,1,1,-1,1,-1
2015100105915,1,9,0,13,0,0,1,0,0,0,1,1,6,1,24,5,1396,1,15,-1,1,-1
2015100105915,2,9,0,18,0,0,0,0,0,0,1,1,6,1,57,9,1560,2,8,-1,1,-1
2015100105915,3,9,0,18,0,0,1,0,0,0,0,1,1,1,53,8,1896,2,13,-1,1,-1
2015100106215,1,9,0,16,0,0,0,0,0,0,1,1,6,2,33,6,1149,1,10,-1,1,-1
2015100106215,2,9,0,16,0,0,0,0,0,0,2,1,6,2,49,8,1998,2,5,-1,1,-1
2015100106515,1,9,0,16,0,0,0,0,0,0,1,1,6,2,30,6,998,1,3,-1,1,-1
2015100106515,2,9,0,17,0,0,0,0,0,0,1,1,6,1,80,11,1390,1,9,-1,1,-1
2015100106815,1,9,0,18,0,0,0,0,0,0,0,1,6,3,-1,-1,-1,-1,-1,-1,-1,-1
2015100106815,2,9,0,18,0,0,0,0,7,4,0,1,6,2,45,7,1686,2,5,-1,1,-1
2015100107115,1,9,0,18,0,0,0,0,0,0,1,1,2,2,20,4,1242,1,3,-1,1,-1
2015100107115,2,19,0,3,0,0,0,0,0,0,2,1,1,1,25,5,2998,2,1,-1,1,-1
2015100107215,1,9,0,18,0,8,0,0,0,0,0,1,6,1,21,5,1597,1,30,-1,1,-1
2015100107215,2,3,0,18,0,8,0,0,0,0,0,1,6,1,64,9,849,1,14,-1,-1,-1
2015100107315,1,9,0,4,0,1,0,0,0,0,1,1,2,1,52,8,1560,2,3,-1,-1,-1
2015100107315,2,9,0,3,0,1,0,0,0,0,2,1,2,2,34,6,1995,2,9,-1,1,-1
2015100107415,1,19,0,18,0,4,0,0,0,0,0,1,1,1,46,8,1998,2,13,-1,1,-1
2015100107415,2,5,0,9,0,8,1,0,0,0,1,1,6,1,57,9,680,1,6,-1,1,-1
2015100107515,1,9,0,18,0,0,1,0,1,4,1,1,6,2,20,4,1461,2,9,-1,1,-1
2015100107615,1,9,0,4,0,6,0,0,0,0,2,1,6,1,28,6,1598,1,8,-1,3,-1
2015100107615,2,9,0,18,0,8,0,0,0,0,1,1,6,1,53,8,1896,2,10,-1,1,-1
2015100107715,1,9,0,6,0,0,0,0,0,0,3,1,2,1,48,8,1896,2,8,-1,-1,-1
2015100107715,2,5,0,18,0,0,1,0,0,0,1,1,2,1,32,6,599,1,10,-1,1,-1
2015100107815,1,9,0,18,0,0,0,0,0,0,1,1,2,1,21,5,1995,2,3,-1,1,-1
2015100107915,1,19,0,18,0,1,0,0,0,0,1,1,1,1,56,9,2494,2,11,-1,1,-1
2015100107915,2,9,0,10,0,1,0,0,0,0,2,1,1,2,46,8,998,1,3,-1,1,-1
2015100108015,1,9,0,18,0,1,0,0,0,0,1,1,6,1,29,6,1390,1,8,-1,1,-1
2015100108015,2,9,0,3,0,2,0,0,0,0,2,1,6,1,40,7,1596,1,1,-1,-1,-1
2015100108015,3,9,0,10,0,2,0,0,0,0,2,1,6,2,53,8,2393,1,11,-1,1,-1
2015100108315,1,9,0,17,0,0,5,0,7,0,4,1,6,1,17,4,1328,1,7,-1,1,-1
2015100108515,1,9,0,18,0,0,0,0,0,0,4,1,6,2,18,4,998,1,8,-1,3,-1
2015100108615,1,9,0,16,0,0,0,0,4,6,1,1,6,2,40,7,1124,1,14,-1,1,-1
2015100108615,2,9,0,17,0,0,1,0,0,0,1,1,6,2,50,8,1796,1,13,-1,1,-1
2015100108715,1,9,0,18,0,0,0,0,0,0,1,1,6,1,31,6,1461,2,10,-1,3,-1
2015100108715,2,9,0,17,0,0,0,0,0,0,1,1,6,1,29,6,-1,-1,-1,-1,2,-1
2015100108815,1,9,0,9,0,5,0,0,0,0,1,1,6,1,58,9,1999,1,4,-1,1,-1
2015100108815,2,19,0,18,0,8,0,0,0,0,1,1,1,1,36,7,2953,2,13,-1,1,-1
2015100108815,3,9,0,18,0,1,0,0,0,0,1,1,1,1,51,8,-1,-1,-1,-1,1,-1
2015100109115,1,9,0,18,0,0,1,0,0,0,2,1,6,1,22,5,-1,-1,-1,-1,1,-1
2015100109115,2,9,0,3,0,0,0,0,0,0,2,1,6,2,44,7,1242,1,8,-1,1,-1
2015100109315,1,9,0,1,0,6,0,0,0,0,2,2,6,3,-1,-1,-1,-1,-1,-1,-1,-1
2015100109315,2,19,0,9,0,6,0,0,0,0,3,2,1,1,58,9,1753,2,14,-1,1,-1
2015100109415,1,1,0,9,0,6,0,0,0,0,1,1,6,1,23,5,-1,-1,-1,-1,1,-1
2015100109415,2,9,0,18,0,1,0,0,0,0,3,1,1,1,44,7,2199,2,3,-1,1,-1
2015100109515,1,9,0,18,0,8,0,0,0,0,0,1,6,3,-1,-1,-1,-1,-1,-1,-1,-1
2015100109515,2,9,0,9,0,8,0,0,0,0,1,1,2,1,-1,-1,1956,2,1,-1,1,-1
2015100109515,3,9,0,9,0,8,0,0,0,0,2,1,2,1,60,9,1398,2,2,-1,1,-1
2015100109815,1,9,0,17,0,0,2,0,1,0,1,1,1,1,65,9,1994,2,14,-1,1,-1
2015100110115,1,9,0,18,0,1,0,0,1,2,1,1,6,2,69,10,-1,-1,-1,-1,3,-1
2015100110215,1,5,0,2,0,0,0,0,0,0,0,1,6,3,-1,-1,-1,-1,-1,-1,3,-1
2015100110315,1,9,0,18,0,0,0,0,0,1,1,1,6,2,44,7,1997,2,13,-1,1,-1
2015100110515,1,19,0,18,0,7,0,0,0,0,1,1,1,1,34,6,2198,2,5,-1,1,-1
2015100110515,2,9,0,18,0,8,0,0,0,0,1,1,1,1,52,8,-1,-1,-1,-1,1,-1
2015100110815,1,9,0,18,0,0,0,0,0,0,1,1,1,1,33,6,-1,-1,-1,-1,1,-1
2015100110815,2,9,0,2,0,0,0,0,0,0,2,1,1,1,53,8,-1,-1,-1,-1,-1,-1
2015100111315,1,9,0,5,0,8,0,0,0,0,4,1,6,1,33,6,1598,1,13,-1,1,-1
2015100111315,2,9,0,18,0,1,0,0,0,0,1,1,6,1,81,11,-1,-1,-1,-1,1,-1
2015100111715,1,9,0,11,0,1,0,0,0,0,4,1,2,1,24,5,1229,1,5,-1,1,-1
2015100111715,2,5,0,18,0,1,0,0,0,0,3,1,2,1,50,8,999,1,3,-1,1,-1
2015100111915,1,9,0,6,0,0,0,0,0,0,1,1,6,1,73,10,1560,2,1,-1,3,-1
2015100112215,1,9,0,5,0,8,0,0,0,0,4,1,6,2,36,7,-1,-1,-1,-1,1,-1
2015100112215,2,9,0,18,0,8,0,0,0,0,1,1,6,2,41,7,-1,-1,-1,-1,1,-1
2015100112315,1,9,0,18,0,8,0,0,3,0,1,1,1,1,51,8,3628,2,8,-1,1,-1
2015100112315,2,21,0,18,0,8,0,0,0,0,3,1,1,1,61,9,7698,2,1,-1,1,-1
2015100112415,1,9,0,18,0,0,0,0,5,0,4,1,6,1,26,6,1686,2,12,-1,1,-1
2015100112415,2,9,0,18,0,0,0,0,0,0,3,1,6,2,60,9,1497,1,10,-1,1,-1
2015100113015,1,9,0,18,0,0,0,0,7,9,1,1,6,1,50,8,1396,1,13,-1,1,-1
2015100113015,2,20,4,18,0,0,0,0,1,9,1,1,1,1,45,7,11021,2,10,-1,2,-1
2015100113115,1,9,0,9,0,8,0,0,0,0,0,1,6,2,24,5,2000,2,10,-1,1,-1
2015100113115,2,11,0,5,0,8,0,0,0,0,0,1,1,1,27,6,6370,2,8,-1,1,-1
2015100113315,1,9,0,4,0,0,1,0,0,0,1,1,6,2,26,6,1749,1,14,-1,2,-1
2015100113315,2,9,0,3,0,0,0,0,0,0,2,1,6,2,58,9,1956,2,2,-1,3,-1
2015100113915,1,9,0,7,0,8,0,0,0,0,1,1,6,3,-1,-1,-1,-1,-1,-1,-1,-1
2015100113915,2,1,0,5,0,8,0,0,0,0,1,1,6,1,19,4,-1,-1,-1,-1,-1,-1
2015100114315,1,9,0,18,0,1,0,0,0,0,1,1,6,3,-1,-1,-1,-1,-1,-1,-1,-1
2015100114315,2,9,0,7,0,1,1,0,0,0,2,1,1,1,28,6,1794,1,15,-1,1,-1
2015100114615,1,9,0,18,0,0,0,0,0,0,1,1,6,1,46,8,1968,2,1,-1,1,-1
2015100114615,2,9,0,4,0,0,0,0,0,0,2,1,6,2,47,8,-1,-1,-1,-1,1,-1
2015100114915,1,21,0,11,0,1,0,0,0,0,1,1,1,1,50,8,12809,2,-1,-1,2,-1
2015100114915,2,9,0,18,0,1,0,0,0,0,3,1,2,2,48,8,998,1,1,-1,2,-1
2015100115615,1,9,0,9,0,8,0,0,0,0,4,1,6,1,51,8,998,1,1,-1,1,-1
2015100116015,1,3,0,18,0,8,0,10,7,11,1,1,6,1,19,4,100,1,7,-1,1,-1
2015100116015,2,3,0,9,0,5,0,0,0,0,2,1,6,1,25,5,-1,-1,-1,-1,1,-1
2015100117015,1,9,0,18,0,0,0,0,0,0,1,1,3,1,48,8,-1,-1,-1,-1,3,-1
2015100117015,2,9,0,4,0,0,0,0,0,0,2,1,3,2,53,8,-1,-1,-1,-1,1,-1
2015100117215,1,9,0,18,0,1,0,0,0,0,1,1,6,3,-1,-1,-1,-1,-1,-1,-1,-1
2015100117215,2,9,0,3,0,1,0,0,0,0,2,1,1,2,29,6,1390,1,7,-1,-1,-1
2015100117415,1,9,0,7,0,1,0,0,0,0,1,1,6,2,27,6,1124,1,14,-1,1,-1
2015100117415,2,9,0,18,0,8,0,0,0,0,4,1,6,1,41,7,-1,-1,-1,-1,1,-1
2015100117515,1,21,0,13,0,8,0,0,0,0,1,1,1,1,51,8,12130,2,10,-1,3,-1
2015100117515,2,9,0,9,0,5,0,0,0,0,3,1,1,1,40,7,1997,2,5,-1,1,-1
2015100118415,1,9,0,5,0,4,0,0,0,0,3,1,6,3,-1,-1,-1,-1,-1,-1,-1,-1
2015100118415,2,1,0,18,0,8,0,0,0,0,1,1,1,1,30,6,-1,-1,-1,-1,1,-1
2015100118615,1,9,0,18,0,1,0,0,0,0,1,1,6,1,31,6,1798,1,11,-1,1,-1
2015100118615,2,9,0,18,0,1,0,0,0,0,1,1,6,2,36,7,1598,2,5,-1,1,-1
2015100119615,1,19,0,9,0,5,0,0,0,0,1,1,6,1,37,7,1560,2,4,-1,1,-1
2015100119615,2,9,0,18,0,1,0,0,0,0,4,1,6,2,22,5,1560,2,-1,-1,1,-1
2015100120015,1,9,0,18,0,1,0,0,0,0,1,1,6,1,29,6,1275,1,16,-1,1,-1
2015100120015,2,9,0,3,0,1,0,0,0,0,2,1,6,1,21,5,1086,1,5,-1,1,-1
2015100120415,1,11,0,18,0,1,0,0,0,0,0,1,1,1,43,7,4461,2,1,-1,1,-1
2015100120515,1,2,0,17,0,3,0,0,0,0,1,1,1,2,43,7,124,1,4,-1,-1,-1
2015100120515,2,9,0,17,0,3,0,0,0,0,3,1,6,2,26,6,1461,2,1,-1,-1,-1
2015100120615,1,9,0,18,0,0,0,0,0,0,1,1,6,1,19,4,1339,1,4,-1,1,-1
2015100120615,2,9,0,3,0,0,0,0,0,0,2,1,6,2,50,8,1398,1,-1,-1,-1,-1
2015100121015,1,2,0,7,0,5,0,0,0,0,1,1,4,1,16,4,49,1,7,-1,1,-1
2015100121115,1,9,0,18,0,1,0,0,0,0,1,1,6,2,25,5,1986,2,8,-1,1,-1
2015100121615,1,9,0,5,0,8,0,0,0,1,4,1,6,2,57,9,2171,1,11,-1,1,-1
2015100121615,2,9,0,18,0,8,0,0,7,0,1,1,6,2,44,7,1586,1,8,-1,1,-1
2015100122215,1,9,0,18,0,0,0,0,0,0,1,1,6,1,54,8,1997,2,9,-1,1,-1
2015100122215,2,9,0,4,0,0,0,0,0,0,2,1,6,2,37,7,1240,1,6,-1,3,-1