Accident_Index,Vehicle_Reference,Vehicle_Type,Towing_and_Articulation,Vehicle_Manoeuvre,Vehicle_Location-Restricted_Lane,Junction_Location,Skidding_and_Overturning,Hit_Object_in_Carriageway,Vehicle_Leaving_Carriageway,Hit_Object_off_Carriageway,1st_Point_of_Impact,Was_Vehicle_Left_Hand_Drive?,Journey_Purpose_of_Driver,Sex_of_Driver,Age_of_Driver,Age_Band_of_Driver,Engine_Capacity_(CC),Propulsion_Code,Age_of_Vehicle,Driver_IMD_Decile,Driver_Home_Area_Type,Vehicle_IMD_Decile
2015100122315,1,8,0,18,0,0,0,0,0,0,1,1,1,1,31,6,1896,2,12,-1,1,-1
2015100122715,1,9,0,9,0,5,0,0,0,0,0,1,6,1,-1,-1,1248,2,11,-1,1,-1
2015100122715,2,11,0,18,0,8,0,0,0,0,0,1,1,1,44,7,6370,2,7,-1,2,-1
2015100122815,1,9,0,18,0,2,0,0,0,0,1,1,6,1,50,8,2967,2,3,-1,1,-1
2015100122815,2,9,0,4,0,2,0,0,0,0,2,1,6,1,50,8,1242,1,3,-1,1,-1
2015100122915,1,11,0,4,0,0,0,0,0,0,0,1,6,1,53,8,3900,2,12,-1,1,-1
2015100123215,1,9,0,13,0,0,0,0,0,0,0,1,6,3,-1,-1,-1,-1,-1,-1,-1,-1
2015100123215,2,11,0,5,0,0,0,0,0,0,0,1,6,3,-1,-1,-1,-1,-1,-1,-1,-1
2015100123515,1,9,0,18,0,2,0,0,0,0,1,1,6,3,-1,-1,-1,-1,-1,-1,-1,-1
2015100123715,1,9,0,9,0,8,0,0,0,0,4,1,2,1,48,8,1560,2,1,-1,1,-1
2015100123715,2,19,0,18,0,8,0,0,0,0,1,1,1,1,46,8,2198,2,6,-1,1,-1
2015100123815,1,9,0,16,0,2,0,0,2,11,3,1,6,1,22,5,1984,1,1,-1,1,-1
2015100123815,2,19,0,17,0,1,0,0,0,0,3,1,6,1,38,7,-1,-1,-1,-1,3,-1
2015100123915,1,9,0,18,0,8,0,0,0,0,1,1,6,2,63,9,1497,1,9,-1,1,-1
2015100123915,2,1,0,18,0,8,0,0,0,0,4,1,1,2,21,5,-1,-1,-1,-1,1,-1
2015100124115,1,9,0,5,0,6,0,0,1,0,4,1,6,2,67,10,1956,2,1,-1,-1,-1
2015100124115,2,9,0,18,0,8,0,0,0,0,1,1,6,1,84,11,-1,-1,-1,-1,2,-1
2015100124215,1,9,0,1,0,0,0,0,0,0,4,1,6,2,81,11,2198,1,15,-1,3,-1
2015100125015,1,11,0,4,0,0,0,0,0,0,0,1,1,1,32,6,-1,2,6,-1,1,-1
2015100126015,1,5,0,18,0,0,2,0,5,0,1,1,6,1,26,6,599,1,19,-1,1,-1
2015100126515,1,4,0,18,0,8,0,0,1,0,1,1,6,1,24,5,-1,-1,-1,-1,1,-1
2015100126515,2,9,0,18,0,8,0,0,1,0,3,1,2,2,41,7,1598,1,2,-1,1,-1
2015100126515,3,9,0,2,0,2,0,0,0,0,2,1,6,1,49,8,1783,1,15,-1,1,-1
2015100126615,1,9,0,18,0,1,1,0,1,9,1,1,6,1,18,4,-1,-1,-1,-1,-1,-1
2015100126715,1,9,0,18,0,0,0,4,1,11,1,1,6,1,21,5,1364,1,2,-1,1,-1
2015100126715,2,9,0,2,0,0,0,0,0,0,2,1,6,1,-1,-1,1149,1,7,-1,1,-1
2015100127115,1,9,0,18,0,0,0,0,0,0,4,1,6,3,-1,-1,-1,-1,-1,-1,-1,-1
2015100127515,1,1,0,18,0,0,0,0,0,0,1,1,6,1,19,4,-1,-1,-1,-1,1,-1
2015100127715,1,19,0,18,0,1,0,0,0,0,1,1,6,1,62,9,-1,-1,-1,-1,3,-1
2015100127715,2,9,0,10,0,1,0,0,0,0,2,1,6,2,52,8,2496,2,10,-1,3,-1
2015100128315,1,11,0,18,0,2,0,0,0,0,0,1,1,1,37,7,3900,2,10,-1,2,-1
2015100128515,1,9,0,9,0,8,0,0,0,0,1,1,6,2,40,7,1598,1,9,-1,1,-1
2015100128515,2,9,0,18,0,8,0,0,0,0,1,1,6,2,19,4,1242,1,2,-1,1,-1
2015100128515,3,9,0,18,0,8,0,0,0,0,1,1,6,1,36,7,-1,-1,-1,-1,1,-1
2015100128515,4,9,0,9,0,8,0,0,0,0,0,1,6,3,-1,-1,-1,-1,-1,-1,-1,-1
2015100128715,1,9,0,18,0,1,0,0,0,0,1,1,1,2,24,5,1388,1,12,-1,1,-1
2015100129115,1,9,0,18,0,1,1,0,0,0,1,1,6,2,-1,-1,1388,1,4,-1,1,-1
2015100129115,2,9,0,8,0,1,0,0,0,0,2,1,2,2,36,7,1560,2,7,-1,1,-1
2015100129215,1,9,0,18,0,8,0,0,0,0,1,1,6,1,-1,-1,-1,-1,-1,-1,1,-1
2015100129215,2,1,0,18,0,8,0,0,0,0,3,1,6,2,23,5,-1,-1,-1,-1,1,-1
2015100129315,1,9,0,12,0,0,0,0,4,0,3,1,6,1,48,8,1149,1,10,-1,1,-1
2015100129315,2,19,0,18,0,0,0,0,0,0,4,1,1,1,49,8,2198,2,8,-1,1,-1
2015100130115,1,2,0,18,0,0,0,0,0,0,0,1,4,1,16,4,49,1,2,-1,1,-1
2015100130115,2,9,0,2,0,0,0,0,0,0,2,1,2,1,38,7,1968,2,4,-1,1,-1
2015100130215,1,19,0,9,0,6,0,0,1,0,3,1,1,1,76,11,2464,2,8,-1,3,-1
2015100130215,2,19,0,18,0,8,1,0,1,0,1,1,1,1,53,8,-1,-1,-1,-1,1,-1
2015100130315,1,9,0,11,0,0,0,0,0,0,4,1,6,1,53,8,1686,2,1,-1,1,-1
2015100130315,2,21,0,18,0,0,0,0,0,0,3,1,1,1,53,8,10837,2,4,-1,1,-1
2015100130615,1,9,0,18,0,1,0,0,0,0,1,1,6,3,-1,-1,-1,-1,-1,-1,-1,-1
2015100130615,2,9,0,10,0,1,0,0,0,0,2,1,2,1,55,8,1248,1,3,-1,1,-1
2015100130815,1,9,0,18,0,0,5,4,0,0,1,1,6,2,42,7,-1,-1,-1,-1,1,-1
2015100130815,2,9,0,2,0,0,0,0,0,0,1,1,6,2,44,7,998,1,11,-1,1,-1
2015100131215,1,9,0,18,0,0,0,0,0,0,1,1,6,1,44,7,-1,-1,-1,-1,1,-1
2015100131215,2,9,0,3,0,0,0,0,0,0,2,1,6,1,51,8,1598,1,13,-1,1,-1
2015100131315,1,9,0,18,0,1,5,0,0,1,1,1,6,2,32,6,-1,-1,-1,-1,-1,-1
2015100131415,1,9,0,18,0,2,0,0,0,0,1,1,6,2,48,8,1995,1,8,-1,1,-1
2015100131615,1,11,0,18,0,0,0,0,0,0,0,1,1,1,55,8,6700,2,6,-1,1,-1
2015100132415,1,9,0,9,0,6,0,0,0,0,3,1,2,1,32,6,1398,2,2,-1,1,-1
2015100132415,2,9,0,18,0,8,0,0,0,0,1,1,6,1,49,8,1896,2,13,-1,1,-1
2015100132515,1,9,0,18,0,1,0,0,7,1,1,1,6,2,59,9,-1,-1,-1,-1,-1,-1
2015100132615,1,9,0,18,0,0,0,0,0,0,1,1,6,2,68,10,1596,1,14,-1,1,-1
2015100132815,1,9,0,18,0,1,0,0,0,0,3,1,6,3,-1,-1,-1,-1,-1,-1,-1,-1
2015100132815,2,9,0,2,0,1,0,0,0,0,4,1,2,2,27,6,1198,1,2,-1,1,-1
2015100133015,1,9,0,9,0,6,0,4,0,0,3,1,6,1,24,5,1596,1,14,-1,1,-1
2015100133015,2,9,0,18,0,8,0,0,0,0,1,1,6,1,33,6,1994,1,16,-1,3,-1
2015100133015,3,9,0,2,0,2,0,0,0,0,1,1,6,2,-1,-1,998,1,8,-1,1,-1
2015100133015,4,9,0,2,0,2,0,0,0,0,1,1,6,2,69,10,1781,1,15,-1,1,-1
2015100133115,1,9,0,17,0,1,2,0,0,11,1,1,6,1,23,5,1560,2,2,-1,-1,-1
2015100133315,1,9,0,5,0,8,0,0,0,0,1,1,6,1,49,8,1596,1,14,-1,1,-1
2015100133315,2,1,0,18,0,8,0,0,0,0,1,1,6,1,69,10,-1,-1,-1,-1,1,-1
2015100133615,1,9,0,12,0,1,0,0,0,0,3,1,6,1,59,9,1399,2,4,-1,1,-1
2015100133615,2,9,0,18,0,1,0,0,0,0,4,1,1,1,44,7,1598,2,4,-1,1,-1
2015100133715,1,9,0,18,0,0,2,0,1,4,1,1,2,2,29,6,1362,1,1,-1,3,-1
2015100133815,1,9,0,18,0,0,1,0,0,0,1,1,6,1,68,10,2967,2,2,-1,3,-1
2015100133815,2,9,0,4,0,0,0,0,0,0,2,1,6,1,61,9,1461,2,-1,-1,3,-1
2015100134215,1,19,0,18,0,0,0,0,0,0,3,1,2,1,66,10,1360,1,8,-1,1,-1
2015100134315,1,21,1,11,0,0,0,0,0,0,1,1,1,1,63,9,12777,2,8,-1,1,-1
2015100134315,2,9,0,18,0,0,1,0,0,0,3,1,6,2,60,9,1753,2,8,-1,3,-1
2015100134415,1,1,0,18,9,0,1,0,0,0,1,1,6,1,19,4,-1,-1,-1,-1,1,-1
2015100134515,1,9,0,17,0,0,2,0,7,9,1,1,6,1,69,10,1461,2,2,-1,3,-1
2015100134615,1,9,0,18,0,0,2,0,2,0,4,1,6,1,21,5,999,1,2,-1,2,-1
2015100134615,2,9,0,18,0,0,0,0,0,0,1,1,2,1,48,8,1991,1,1,-1,1,-1
2015100134715,1,9,0,18,0,0,0,0,0,0,1,1,6,1,57,9,-1,-1,-1,-1,1,-1
2015100134715,2,10,0,3,0,0,0,0,0,0,2,1,1,1,45,7,-1,-1,-1,-1,1,-1
2015100134915,1,9,0,18,0,8,0,0,0,0,1,1,6,1,24,5,1560,2,1,-1,1,-1
2015100134915,2,1,0,18,0,8,0,0,0,0,4,1,6,2,31,6,-1,-1,-1,-1,1,-1
2015100135015,1,8,0,15,0,0,0,0,0,0,4,1,1,1,56,9,1997,2,4,-1,-1,-1
2015100135015,2,9,0,1,0,0,0,0,0,0,3,1,6,1,60,9,2171,2,11,-1,1,-1
2015100135615,1,9,0,18,0,0,0,0,0,0,1,1,3,1,44,7,1686,2,2,-1,1,-1
2015100135615,2,9,0,3,0,0,0,0,0,0,2,1,3,2,38,7,-1,-1,-1,-1,1,-1
2015100135615,3,9,0,3,0,0,0,0,0,0,2,1,6,1,76,11,1339,1,1,-1,1,-1
2015100135615,4,9,0,3,0,0,0,0,0,0,2,1,6,1,23,5,1341,1,12,-1,1,-1
2015100135715,1,9,0,18,0,0,0,0,6,1,1,1,6,1,58,9,1998,1,2,-1,1,-1
2015100135715,2,9,0,18,0,0,0,0,6,0,1,1,6,1,41,7,1242,1,-1,-1,1,-1
2015100136315,1,9,0,13,0,1,0,0,0,0,0,1,6,3,-1,-1,-1,-1,-1,-1,-1,-1
2015100136315,2,11,0,5,0,1,0,0,0,0,0,1,1,1,33,6,5900,2,12,-1,1,-1
2015100136415,1,9,0,18,0,1,0,0,0,0,1,1,2,1,32,6,1461,2,1,-1,1,-1
2015100136415,2,9,0,3,0,1,0,0,0,0,2,1,2,1,32,6,1968,2,4,-1,1,-1
2015100136415,3,9,0,3,0,1,0,0,0,0,2,1,2,1,64,9,1686,2,6,-1,2,-1
2015100136415,4,9,0,3,0,1,0,0,0,0,2,1,2,1,35,6,1997,1,5,-1,1,-1
2015100136815,1,19,0,18,0,8,0,0,0,0,3,1,6,1,45,7,2198,2,3,-1,1,-1
2015100136815,2,1,0,18,0,8,0,0,0,0,1,1,6,1,32,6,-1,-1,-1,-1,1,-1
2015100137015,1,9,0,4,0,1,0,0,0,0,1,1,6,2,31,6,1360,1,12,-1,1,-1
2015100137015,2,9,0,3,0,1,0,0,0,0,2,1,6,2,29,6,998,1,14,-1,1,-1
2015100137115,1,19,0,18,0,1,0,0,0,0,2,1,1,1,36,7,2402,2,12,-1,1,-1
2015100137115,2,9,0,3,0,1,0,0,0,0,2,1,2,1,45,7,1360,1,8,-1,1,-1
2015100137215,1,9,0,12,0,2,0,0,0,0,3,1,6,2,39,7,1598,1,6,-1,1,-1
2015100137215,2,9,0,18,0,2,0,0,0,0,4,1,6,1,60,9,1560,2,3,-1,1,-1
2015100137315,1,9,0,18,0,2,0,0,0,0,1,1,6,3,32,6,2993,2,4,-1,-1,-1
2015100137315,2,9,0,3,0,2,0,0,0,0,2,1,6,2,34,6,1242,1,6,-1,1,-1
2015100137615,1,9,0,9,0,6,0,0,0,0,1,1,6,1,78,11,-1,-1,-1,-1,1,-1
2015100137615,2,9,0,18,0,8,0,0,0,0,1,1,1,1,40,7,-1,-1,-1,-1,1,-1
2015100138215,1,9,0,18,0,3,0,0,0,0,4,1,6,1,43,7,-1,-1,-1,-1,1,-1
2015100138215,2,3,0,18,0,3,0,0,0,0,1,1,1,1,52,8,-1,-1,-1,-1,1,-1
2015100138615,1,9,0,18,0,1,1,0,0,0,1,1,1,1,36,7,-1,-1,-1,-1,2,-1
2015100138615,2,9,0,3,0,1,0,0,0,0,2,1,1,1,45,7,2179,2,2,-1,1,-1
2015100138615,3,9,0,3,0,1,0,0,0,0,2,1,6,2,25,5,1896,2,13,-1,1,-1
2015100138815,1,9,0,18,0,0,0,0,0,0,0,1,6,3,-1,-1,-1,-1,-1,-1,-1,-1
2015100138815,2,9,0,18,0,0,0,0,0,0,2,1,6,2,29,6,998,1,2,-1,1,-1
2015100138815,3,9,0,18,0,0,0,0,0,0,2,1,6,1,40,7,-1,-1,-1,-1,1,-1
2015100138815,4,9,0,18,0,0,0,0,0,0,1,1,6,1,47,8,999,1,1,-1,1,-1
2015100139115,1,9,0,18,0,4,0,0,0,0,1,1,6,1,69,10,1339,1,1,-1,1,-1
2015100139115,2,1,0,18,0,8,0,0,0,0,4,1,6,1,35,6,-1,-1,-1,-1,-1,-1
2015100139215,1,9,0,11,0,3,0,0,0,0,4,1,2,1,28,6,1368,1,10,-1,1,-1
2015100139215,2,9,0,18,0,3,0,0,0,0,3,1,2,2,55,8,1796,2,2,-1,3,-1
2015100139615,1,9,0,18,0,0,0,4,0,11,1,1,2,2,43,7,-1,-1,-1,-1,1,-1
2015100139615,2,9,0,2,0,0,0,0,0,0,2,1,6,1,60,9,2199,2,5,-1,1,-1
2015100139715,1,11,0,18,0,8,0,0,0,0,1,1,1,1,37,7,6700,2,7,-1,1,-1
2015100139715,2,9,0,18,0,8,0,0,0,0,4,1,6,1,24,5,1598,1,3,-1,-1,-1
2015100139915,1,9,0,18,0,0,0,0,0,0,1,1,6,3,-1,-1,-1,-1,-1,-1,-1,-1
2015100140215,1,9,0,18,0,1,0,0,0,0,1,1,6,2,31,6,1749,1,12,-1,1,-1
2015100140515,1,9,0,7,0,4,0,0,0,0,1,1,6,1,75,10,1598,1,6,-1,1,-1
2015100140515,2,11,0,7,0,4,0,0,0,0,1,1,1,1,60,9,6700,2,7,-1,3,-1
2015100140615,1,9,0,18,0,3,0,0,0,0,1,1,6,3,-1,-1,-1,-1,-1,-1,-1,-1
2015100140715,1,9,0,18,0,1,0,0,0,0,1,1,6,3,-1,-1,-1,-1,-1,-1,-1,-1
2015100141115,1,9,0,4,0,1,1,0,0,0,1,1,6,1,44,7,998,1,14,-1,1,-1
2015100141115,2,9,0,10,0,1,0,0,0,0,2,1,6,2,17,4,1360,1,11,-1,1,-1
2015100141215,1,9,0,9,0,6,0,0,0,0,1,1,6,3,-1,-1,1997,2,12,-1,-1,-1
2015100141215,2,9,0,18,0,8,0,0,0,0,3,1,1,1,34,6,-1,-1,-1,-1,1,-1
2015100141215,3,9,0,2,0,1,0,0,0,0,2,1,6,3,-1,-1,1596,1,7,-1,1,-1
2015100141415,1,8,0,6,0,8,0,0,0,0,1,1,1,1,49,8,1896,2,15,-1,1,-1
2015100141515,1,9,0,7,0,6,0,0,0,0,3,1,6,1,21,5,1461,2,2,-1,2,-1
2015100141515,2,21,0,18,0,8,0,0,0,0,1,1,1,1,70,10,14000,2,21,-1,3,-1
2015100141815,1,9,0,11,0,8,0,0,1,0,1,1,6,1,40,7,1198,1,2,-1,-1,-1
2015100141815,2,9,0,9,0,5,0,0,0,0,0,1,6,1,55,8,1997,1,12,-1,2,-1
2015100142115,1,9,0,18,0,0,0,0,0,0,1,1,1,1,38,7,1242,1,9,-1,1,-1
2015100142115,2,9,0,18,0,0,0,0,0,0,2,1,6,1,52,8,1461,2,5,-1,1,-1
2015100142215,1,19,0,18,0,0,0,0,0,0,1,1,2,1,22,5,2198,2,1,-1,1,-1
2015100142215,2,9,0,3,0,0,0,10,4,0,2,1,2,2,43,7,998,1,3,-1,1,-1
2015100142215,3,9,0,3,0,0,0,0,0,0,2,1,6,2,41,7,1598,1,4,-1,1,-1
2015100142215,4,9,0,3,0,0,0,0,0,0,2,1,2,1,50,8,1560,2,6,-1,1,-1
2015100142515,1,9,0,18,0,8,0,0,3,0,1,1,1,2,37,7,-1,-1,-1,-1,-1,-1
2015100142515,2,9,0,18,0,8,0,0,0,0,1,1,6,2,45,7,1598,1,3,-1,1,-1
2015100142615,1,9,0,11,0,0,0,0,0,0,2,1,6,3,-1,-1,-1,-1,-1,-1,-1,-1
2015100142615,2,9,0,3,0,0,0,0,0,0,2,1,1,2,23,5,1598,1,3,-1,2,-1
2015100142815,1,1,0,18,0,0,0,0,0,0,4,1,4,1,10,2,-1,-1,-1,-1,-1,-1
2015100142815,2,9,0,18,0,0,0,0,0,0,1,1,4,1,19,4,1149,1,10,-1,1,-1
2015100143015,1,9,0,9,0,6,0,0,0,0,1,1,1,1,38,7,1242,1,1,-1,1,-1
2015100143015,2,9,0,18,0,8,0,0,0,0,1,1,3,1,32,6,1368,1,8,-1,1,-1
2015100143315,1,9,0,18,0,8,1,0,0,0,1,1,1,1,28,6,-1,-1,-1,-1,1,-1
2015100143315,2,9,0,9,0,8,0,0,0,0,4,1,6,2,43,7,1461,2,2,-1,1,-1
2015100143715,1,9,0,18,0,0,1,0,0,0,1,1,6,2,32,6,1968,2,-1,-1,1,-1
2015100143715,2,9,0,3,0,0,0,0,0,0,2,1,6,1,64,9,1998,2,8,-1,1,-1
2015100143915,1,9,0,12,0,0,0,0,0,0,1,1,2,2,27,6,1598,1,3,-1,1,-1
2015100143915,2,4,0,18,0,0,0,0,0,0,3,1,2,1,19,4,124,1,-1,-1,3,-1
2015100144015,1,9,0,18,0,0,0,0,0,0,1,1,6,2,19,4,1198,1,12,-1,-1,-1
2015100144015,2,1,0,18,0,0,5,0,0,0,4,1,6,1,48,8,-1,-1,-1,-1,2,-1
2015100144315,1,9,0,18,0,6,0,0,0,0,0,1,6,1,51,8,1968,2,4,-1,2,-1
2015100144315,2,9,0,18,0,8,0,0,7,10,0,1,6,1,59,9,1242,1,8,-1,2,-1
2015100144415,1,9,0,9,0,4,0,0,0,0,1,1,6,2,54,8,1995,1,5,-1,1,-1
2015100144415,2,9,0,9,0,8,0,0,0,0,4,1,1,1,28,6,1998,2,9,-1,1,-1
2015100144515,1,9,0,18,0,0,0,10,7,3,1,1,6,2,74,10,1198,1,12,-1,1,-1
2015100145115,1,1,0,18,0,1,0,0,0,0,1,1,6,1,30,6,-1,-1,-1,-1,1,-1
2015100145115,2,9,0,18,0,2,0,0,0,0,1,1,6,1,29,6,1360,1,6,-1,1,-1
2015100145515,1,9,0,18,0,0,0,0,0,0,1,1,1,1,25,5,-1,-1,-1,-1,1,-1
2015100145515,2,9,0,18,0,0,0,0,0,6,4,1,6,1,38,7,1242,1,7,-1,1,-1
2015100145515,3,19,0,18,0,0,0,0,0,0,1,1,1,2,47,8,2198,2,3,-1,1,-1
2015100145815,1,9,0,18,0,0,0,0,0,0,1,1,2,2,36,7,1598,1,6,-1,1,-1
2015100146215,1,9,0,4,0,2,0,0,0,0,1,1,6,3,-1,-1,-1,-1,-1,-1,-1,-1
2015100146415,1,19,0,18,0,0,0,0,1,0,4,1,6,1,48,8,4461,2,5,-1,1,-1
2015100147215,1,90,0,18,0,0,0,0,0,0,0,1,1,1,57,9,2179,2,6,-1,-1,-1
2015100147215,2,11,0,18,0,0,0,0,0,0,0,1,1,1,28,6,6370,2,7,-1,-1,-1
2015100147715,1,11,0,4,0,0,0,0,0,0,0,1,1,1,33,6,-1,-1,-1,-1,-1,-1
2015100147815,1,9,0,18,0,0,0,0,0,0,1,1,6,1,-1,-1,1995,2,7,-1,1,-1
2015100147815,2,9,0,18,0,0,0,0,0,0,2,1,6,1,47,8,1968,2,7,-1,1,-1
2015100147815,3,9,0,18,0,0,0,0,0,0,2,1,6,1,20,4,1360,1,5,-1,1,-1
2015100148315,1,9,0,18,0,0,0,7,1,0,1,1,6,2,42,7,1390,1,3,-1,1,-1
2015100148415,1,9,0,18,0,1,0,0,0,0,4,1,6,3,-1,-1,-1,-1,-1,-1,-1,-1
2015100148615,1,9,0,18,0,8,0,0,0,0,1,1,1,1,49,8,2231,2,9,-1,1,-1
2015100148615,2,1,0,18,0,8,0,0,0,0,4,1,6,1,33,6,-1,-1,-1,-1,1,-1
2015100148715,1,9,0,18,0,0,0,0,0,0,1,1,6,1,21,5,1560,2,3,-1,1,-1
2015100148715,2,9,0,18,0,0,0,0,0,0,2,1,6,1,47,8,2143,2,2,-1,1,-1
2015100149015,1,9,0,18,0,0,0,0,0,0,1,1,6,1,23,5,-1,-1,-1,-1,1,-1
2015100149015,2,9,0,4,0,0,0,0,0,0,2,1,6,1,26,6,-1,-1,-1,-1,1,-1
2015100149015,3,9,0,4,0,0,0,0,0,0,2,1,1,1,54,8,-1,-1,-1,-1,1,-1
2015100149015,4,9,0,4,0,0,0,0,0,0,2,1,2,1,23,5,1968,2,6,-1,1,-1
2015100149015,5,19,0,4,0,0,0,0,0,0,2,1,1,1,41,7,2198,2,2,-1,-1,-1
2015100149115,1,11,0,18,0,0,0,0,0,0,0,1,1,1,27,6,4500,2,4,-1,1,-1
2015100149215,1,9,0,18,0,1,0,4,1,0,1,1,6,1,35,6,1242,1,7,-1,1,-1
2015100149215,2,9,0,2,0,1,0,0,0,0,2,1,6,3,-1,-1,2987,2,6,-1,-1,-1
2015100149415,1,9,0,18,0,0,0,0,0,0,1,1,6,1,59,9,-1,-1,-1,-1,1,-1
2015100149415,2,9,0,4,0,0,0,0,0,0,2,1,6,2,59,9,1595,1,-1,-1,-1,-1
2015100150115,1,9,0,18,0,0,0,0,0,0,4,1,2,2,44,7,1997,2,8,-1,1,-1
2015100150215,1,9,0,18,0,1,1,0,0,0,1,1,6,1,36,7,1596,1,5,-1,1,-1
2015100150215,2,9,0,18,0,1,1,0,0,0,2,1,6,2,28,6,1968,2,6,-1,1,-1
2015100150215,3,19,0,10,0,1,0,0,0,0,0,1,1,1,-1,-1,-1,-1,-1,-1,-1,-1
2015100150615,1,9,0,18,0,0,0,0,0,0,1,1,2,1,51,8,1598,2,1,-1,2,-1
2015100150615,2,19,0,3,0,0,0,0,0,0,2,1,6,1,20,4,-1,-1,-1,-1,1,-1
2015100150615,3,19,0,3,0,0,0,0,0,0,2,1,2,1,62,9,2198,2,1,-1,3,-1
2015100150715,1,9,0,9,0,5,0,0,0,0,4,1,2,2,-1,-1,1124,1,9,-1,1,-1
2015100150715,2,1,0,15,0,8,0,0,0,0,1,1,6,1,49,8,-1,-1,-1,-1,1,-1
2015100150915,1,9,0,17,0,1,0,0,0,0,1,1,6,2,33,6,-1,-1,-1,-1,1,-1
2015100150915,2,9,0,2,0,1,0,0,0,0,2,1,6,1,27,6,-1,3,1,-1,1,-1
2015100151215,1,9,0,9,0,6,0,0,0,0,1,1,1,1,-1,-1,1910,2,7,-1,-1,-1
2015100151215,2,3,0,18,0,8,0,0,0,0,4,1,2,1,24,5,124,1,2,-1,1,-1
2015100151315,1,19,0,3,0,1,0,0,0,0,1,1,1,1,53,8,1753,2,13,-1,-1,-1
2015100151315,2,9,0,3,0,1,0,0,0,0,2,1,6,1,31,6,1242,1,14,-1,-1,-1
2015100151315,3,9,0,10,0,5,0,0,0,0,2,1,6,2,58,9,-1,-1,-1,-1,-1,-1
2015100151315,4,9,0,18,0,8,0,0,0,0,0,1,6,3,-1,-1,-1,-1,-1,-1,-1,-1
2015100151615,1,9,0,18,0,1,0,0,0,0,1,1,6,1,44,7,1596,1,8,-1,1,-1
2015100151615,2,9,0,9,0,6,0,0,0,0,1,1,6,1,35,6,1596,1,2,-1,1,-1
2015100151815,1,9,0,5,0,1,0,0,0,0,1,1,6,1,51,8,1398,1,6,-1,1,-1
2015100151815,2,9,0,3,0,1,0,0,0,0,2,1,6,1,29,6,1461,2,1,-1,1,-1
2015100152115,1,9,0,11,0,8,0,0,0,0,4,1,6,2,66,10,1598,1,14,-1,3,-1
2015100152115,2,9,0,18,0,8,0,0,0,0,3,1,6,2,29,6,1598,1,14,-1,1,-1
2015100152415,1,9,0,18,0,1,0,0,0,0,1,1,6,3,-1,-1,-1,-1,-1,-1,-1,-1
2015100152415,2,9,0,5,0,1,0,0,0,0,2,1,2,1,28,6,1968,2,3,-1,2,-1
2015100152415,3,9,0,5,0,1,0,0,0,0,2,1,2,2,35,6,1598,1,8,-1,-1,-1
2015100152815,1,9,0,9,0,6,0,0,0,0,1,1,6,1,28,6,-1,-1,-1,-1,1,-1
2015100152815,2,19,0,17,0,8,0,0,0,0,1,1,1,1,27,6,1560,2,1,-1,1,-1
2015100153015,1,9,0,7,0,6,0,0,0,0,1,1,6,3,-1,-1,-1,-1,-1,-1,-1,-1
2015100153215,1,19,0,16,0,0,0,0,0,0,0,1,1,3,-1,-1,-1,-1,-1,-1,-1,-1
2015100153215,2,16,0,18,0,0,0,0,0,0,0,1,6,2,8,2,-1,-1,-1,-1,3,-1
2015100153215,3,16,0,18,0,0,0,0,0,0,0,1,6,2,11,3,-1,-1,-1,-1,3,-1
2015100153415,1,9,0,9,0,6,0,0,0,0,0,1,6,3,-1,-1,-1,-1,-1,-1,-1,-1
2015100153415,2,3,0,18,0,8,0,0,0,0,0,1,6,1,17,4,124,1,13,-1,-1,-1
2015100153515,1,9,0,4,0,1,0,0,0,0,1,1,1,1,34,6,1798,1,8,-1,1,-1
2015100153515,2,9,0,3,0,1,0,0,0,0,2,1,1,1,44,7,1596,1,10,-1,-1,-1
2015100153815,1,9,0,18,0,2,0,0,0,0,1,1,6,3,-1,-1,-1,-1,-1,-1,-1,-1
2015100153815,2,9,0,3,0,2,0,0,0,0,2,1,6,1,45,7,1560,2,2,-1,1,-1
2015100154115,1,9,0,11,0,1,0,0,0,0,0,1,6,3,-1,-1,-1,-1,-1,-1,-1,-1
2015100154115,2,11,0,18,0,1,0,0,0,0,0,1,6,1,-1,-1,4250,2,4,-1,1,-1
2015100154215,1,9,0,4,0,0,0,0,0,0,1,1,6,3,-1,-1,-1,-1,-1,-1,-1,-1
2015100154215,2,9,0,3,0,0,0,0,0,0,2,1,6,2,39,7,1560,2,6,-1,1,-1
2015100154815,1,19,0,9,0,6,0,0,0,0,1,1,1,1,53,8,2143,2,5,-1,1,-1
2015100154815,2,19,0,18,0,8,0,0,0,0,3,1,1,1,46,8,1248,2,4,-1,1,-1
2015100155215,1,9,0,18,0,2,0,0,0,0,1,1,6,1,19,4,1242,1,8,-1,1,-1
2015100155315,1,9,0,18,0,0,0,0,0,0,1,1,6,2,42,7,1685,2,1,-1,1,-1
2015100155415,1,9,0,5,0,0,0,0,0,0,1,1,6,2,27,6,1242,1,4,-1,1,-1
2015100155415,2,3,0,18,0,0,0,0,0,0,1,1,6,1,25,5,-1,-1,-1,-1,1,-1
2015100155515,1,5,0,16,0,0,1,0,1,1,4,1,6,1,19,4,600,1,1,-1,2,-1
2015100155615,1,9,0,18,0,1,0,0,0,0,1,1,6,2,32,6,1686,2,8,-1,1,-1