Accident_Index,Vehicle_Reference,Vehicle_Type,Towing_and_Articulation,Vehicle_Manoeuvre,Vehicle_Location-Restricted_Lane,Junction_Location,Skidding_and_Overturning,Hit_Object_in_Carriageway,Vehicle_Leaving_Carriageway,Hit_Object_off_Carriageway,1st_Point_of_Impact,Was_Vehicle_Left_Hand_Drive?,Journey_Purpose_of_Driver,Sex_of_Driver,Age_of_Driver,Age_Band_of_Driver,Engine_Capacity_(CC),Propulsion_Code,Age_of_Vehicle,Driver_IMD_Decile,Driver_Home_Area_Type,Vehicle_IMD_Decile
2015100193615,1,9,0,18,0,0,0,0,0,0,4,1,6,1,29,6,2495,2,14,-1,1,-1
2015100193715,1,9,0,18,0,0,0,0,0,0,3,1,6,1,48,8,1995,2,-1,-1,1,-1
2015100193815,1,9,0,18,0,0,0,0,0,0,1,1,6,2,46,8,1560,2,9,-1,1,-1
2015100193815,2,9,0,18,0,0,0,0,0,0,2,1,6,2,-1,-1,1461,2,12,-1,1,-1
2015100193815,3,9,0,18,0,0,0,0,0,0,2,1,6,1,38,7,-1,-1,-1,-1,-1,-1
2015100193915,1,9,0,12,0,1,2,0,1,1,3,1,6,2,52,8,1360,1,10,-1,1,-1
2015100193915,2,9,0,18,0,1,0,0,0,0,0,1,6,1,68,10,973,1,12,-1,3,-1
2015100194115,1,3,0,18,0,2,0,0,1,10,1,1,2,1,43,7,-1,-1,-1,-1,2,-1
2015100194515,1,9,0,18,0,1,0,0,0,0,1,1,6,1,43,7,1248,1,3,-1,1,-1
2015100194515,2,9,0,3,0,1,0,0,0,0,2,1,6,2,22,5,1299,1,14,-1,2,-1
2015100195015,1,5,0,3,0,0,0,0,0,0,4,1,6,1,80,11,499,1,9,-1,2,-1
2015100195515,1,19,0,4,0,1,0,12,0,0,1,1,2,1,50,8,-1,-1,-1,-1,1,-1
2015100195915,1,9,0,5,0,1,0,0,0,0,1,1,6,1,56,9,1398,1,11,-1,1,-1
2015100195915,2,5,0,3,0,1,0,0,0,0,2,1,1,1,49,8,1293,1,2,-1,1,-1
2015100196115,1,9,0,18,0,8,0,0,0,0,2,1,2,2,30,6,998,1,7,-1,-1,-1
2015100196115,2,9,0,18,0,8,0,0,0,0,1,1,2,1,24,5,1360,1,13,-1,1,-1
2015100196315,1,9,0,18,0,8,0,0,0,0,3,2,6,1,37,7,-1,-1,-1,-1,-1,-1
2015100196315,2,9,0,18,0,8,0,0,0,0,1,1,6,1,32,6,2460,2,9,-1,-1,-1
2015100196715,1,9,0,18,0,0,0,0,0,0,4,1,6,1,26,6,2521,1,8,-1,-1,-1
2015100196815,1,9,0,9,0,1,0,0,0,0,3,1,6,2,39,7,1896,2,8,-1,1,-1
2015100196815,2,3,0,13,0,1,1,0,7,0,1,1,6,1,66,10,-1,-1,-1,-1,1,-1
2015100196915,1,9,0,18,0,1,0,0,0,0,1,1,6,3,-1,-1,-1,-1,-1,-1,-1,-1
2015100196915,2,9,0,3,0,1,0,0,0,0,2,1,1,1,60,9,-1,-1,-1,-1,1,-1
2015100197115,1,9,0,7,0,5,0,0,0,0,3,1,2,1,37,7,1798,1,7,-1,1,-1
2015100197115,2,1,0,7,0,5,0,0,0,0,3,1,2,2,24,5,-1,-1,-1,-1,1,-1
2015100197215,1,9,0,18,0,8,0,0,0,0,1,1,6,1,44,7,2198,1,12,-1,1,-1
2015100197215,2,9,0,18,0,8,0,0,0,0,1,1,1,1,30,6,1686,2,3,-1,-1,-1
2015100197315,1,9,0,18,0,8,0,0,0,0,2,1,6,1,48,8,1686,2,11,-1,1,-1
2015100197315,2,5,0,18,0,8,0,0,0,0,1,1,6,1,54,8,649,1,-1,-1,1,-1
2015100197415,1,9,0,9,0,6,0,0,0,0,1,1,6,3,-1,-1,-1,-1,-1,-1,-1,-1
2015100197415,2,9,0,18,0,8,1,10,7,0,4,1,6,1,70,10,2198,1,11,-1,3,-1
2015100197615,1,9,0,18,0,1,0,0,0,0,1,1,6,1,29,6,-1,-1,-1,-1,-1,-1
2015100197615,2,9,0,3,0,1,0,0,0,0,2,1,6,1,28,6,1598,2,2,-1,1,-1
2015100197615,3,9,0,3,0,1,0,0,0,0,2,1,6,1,30,6,-1,-1,-1,-1,1,-1
2015100197715,1,9,0,18,0,0,0,0,0,0,1,1,2,2,25,5,1198,1,7,-1,1,-1
2015100197715,2,1,0,18,0,0,0,0,1,0,2,1,2,1,53,8,-1,-1,-1,-1,1,-1
2015100197915,1,9,0,4,0,0,0,0,0,0,0,1,6,3,-1,-1,-1,-1,-1,-1,-1,-1
2015100197915,2,11,0,5,0,0,0,0,0,0,0,1,1,1,60,9,6800,2,6,-1,1,-1
2015100198015,1,9,0,18,0,0,0,0,0,0,1,1,6,1,41,7,1299,1,13,-1,3,-1
2015100198115,1,3,0,16,0,0,0,0,0,0,4,1,6,1,48,8,124,1,4,-1,1,-1
2015100198315,1,9,0,18,0,8,0,0,0,0,1,1,2,1,41,7,1360,1,14,-1,1,-1
2015100198315,2,1,0,18,0,8,0,0,0,0,4,1,2,1,62,9,-1,-1,-1,-1,1,-1
2015100198915,1,9,0,18,0,0,0,0,0,0,1,1,6,1,30,6,1997,2,10,-1,1,-1
2015100198915,2,9,0,4,0,0,0,0,0,0,2,1,6,1,32,6,1686,2,3,-1,1,-1
2015100198915,3,9,0,3,0,0,0,0,0,0,2,1,6,2,35,6,1560,2,6,-1,1,-1
2015100199015,1,9,0,4,0,1,0,0,0,0,1,1,6,1,82,11,1598,1,12,-1,1,-1
2015100199015,2,9,0,3,0,1,0,0,0,0,2,1,6,1,83,11,1242,1,4,-1,1,-1
2015100199115,1,9,0,18,0,1,0,0,0,0,4,1,6,2,51,8,1769,1,13,-1,1,-1
2015100199215,1,9,0,18,0,7,0,0,0,0,1,1,6,2,68,10,998,1,5,-1,1,-1
2015100199215,2,9,0,17,0,8,0,0,1,1,4,1,6,2,38,7,1498,1,1,-1,1,-1
2015100199315,1,9,0,18,0,4,0,0,0,0,2,1,6,2,19,4,1242,1,2,-1,1,-1
2015100199315,2,9,0,18,0,4,0,0,0,0,2,1,2,2,31,6,1390,1,12,-1,1,-1
2015100199315,3,9,0,18,0,4,0,0,0,0,1,1,2,3,-1,-1,-1,-1,-1,-1,1,-1
2015100199415,1,9,0,7,0,3,0,0,0,0,1,1,6,2,87,11,1598,1,9,-1,2,-1
2015100199415,2,1,0,18,0,8,0,0,0,0,2,1,6,1,54,8,-1,-1,-1,-1,1,-1
2015100199515,1,9,0,18,0,0,1,0,0,0,1,1,6,1,41,7,1560,2,7,-1,1,-1
2015100199715,1,9,0,18,0,1,0,0,0,0,4,1,6,3,-1,-1,-1,-1,-1,-1,-1,-1
2015100199715,2,1,0,18,0,1,2,0,2,4,3,1,6,1,41,7,-1,-1,-1,-1,1,-1
2015100199915,1,11,0,18,0,8,0,0,0,0,0,1,1,1,40,7,-1,2,6,-1,1,-1
2015100200215,1,9,0,18,0,0,0,0,0,0,1,1,6,2,17,4,1598,2,5,-1,1,-1
2015100200215,2,9,0,3,0,0,0,0,0,0,2,1,6,1,30,6,-1,-1,-1,-1,2,-1
2015100200315,1,3,0,18,0,2,0,0,0,0,1,1,6,1,32,6,96,1,9,-1,-1,-1
2015100200315,2,9,0,2,0,2,0,0,0,0,2,1,6,1,34,6,1199,1,12,-1,1,-1
2015100200415,1,9,0,18,0,0,0,10,6,10,1,1,2,1,56,9,2179,2,3,-1,3,-1
2015100200515,1,9,0,18,0,8,5,0,0,0,4,1,6,1,73,10,1206,1,6,-1,1,-1
2015100200515,2,9,0,5,0,8,0,0,0,0,1,1,6,1,65,9,1998,2,7,-1,1,-1
2015100200815,1,9,0,18,0,0,0,4,0,0,4,1,1,1,50,8,1896,2,13,-1,1,-1
2015100200815,2,9,0,2,0,0,0,0,0,0,3,1,6,1,47,8,2967,2,1,-1,2,-1
2015100201315,1,9,0,18,0,0,0,10,1,11,1,1,6,1,44,7,2148,2,8,-1,1,-1
2015100201315,2,9,0,2,0,0,0,10,1,0,2,1,6,3,-1,-1,1242,1,11,-1,1,-1
2015100201315,3,9,0,2,0,0,0,0,0,0,1,1,6,3,-1,-1,1560,2,8,-1,1,-1
2015100201315,4,9,0,2,0,0,0,0,0,0,1,1,6,3,-1,-1,1596,1,9,-1,1,-1
2015100201415,1,9,0,13,0,0,0,0,0,0,0,1,6,3,-1,-1,-1,-1,-1,-1,-1,-1
2015100201415,2,9,0,18,0,0,0,10,0,10,4,1,6,1,21,5,-1,-1,-1,-1,-1,-1
2015100201515,1,19,0,14,0,1,0,0,0,11,1,1,6,1,30,6,1998,2,10,-1,1,-1
2015100201515,2,9,0,9,0,8,0,0,0,0,3,1,6,1,28,6,2987,2,8,-1,1,-1
2015100201715,1,1,0,18,0,0,0,0,0,0,1,1,6,3,-1,-1,-1,-1,-1,-1,-1,-1
2015100201715,2,9,0,2,0,0,0,0,0,0,4,1,6,3,-1,-1,1796,1,1,-1,-1,-1
2015100202015,1,9,0,18,0,0,0,4,0,0,1,1,6,2,21,5,998,1,-1,-1,1,-1
2015100202015,2,9,0,2,0,0,0,0,0,0,1,1,6,3,-1,-1,1781,1,13,-1,1,-1
2015100202015,3,9,0,2,0,0,0,0,0,0,1,1,6,3,-1,-1,1753,2,7,-1,1,-1
2015100202115,1,4,0,18,0,0,0,4,0,0,1,1,6,1,15,3,-1,-1,-1,-1,1,-1
2015100202115,2,9,0,2,0,0,0,0,0,0,2,1,6,1,66,10,1242,1,10,-1,1,-1
2015100202115,3,19,0,18,0,0,0,0,0,0,0,1,6,1,52,8,1998,2,14,-1,1,-1
2015100202315,1,5,0,18,0,8,0,0,1,0,1,1,6,1,39,7,599,1,8,-1,-1,-1
2015100202315,2,9,0,7,0,5,0,0,0,0,4,1,6,1,48,8,1950,2,15,-1,-1,-1
2015100202915,1,9,0,18,0,0,0,0,0,0,1,1,6,2,-1,-1,1997,2,5,-1,1,-1
2015100202915,2,9,0,2,0,0,0,0,0,0,2,1,6,1,48,8,1686,2,3,-1,-1,-1
2015100203115,1,9,0,18,0,1,0,0,0,0,1,1,6,1,65,9,1598,1,2,-1,1,-1
2015100203115,2,9,0,3,0,1,0,0,0,0,2,1,6,1,38,7,2967,2,1,-1,1,-1
2015100203515,1,11,0,2,0,0,0,0,0,0,0,1,1,1,54,8,6700,2,8,-1,-1,-1
2015100203615,1,5,0,3,0,1,0,0,0,0,3,1,6,2,47,8,499,1,8,-1,1,-1
2015100203915,1,9,0,18,0,8,0,0,0,0,1,1,1,2,21,5,1360,1,13,-1,1,-1
2015100203915,2,9,0,18,0,8,0,0,0,0,3,1,1,1,54,8,1560,2,2,-1,-1,-1
2015100204015,1,9,0,16,0,0,0,0,0,0,1,1,6,1,86,11,998,1,12,-1,1,-1
2015100204015,2,9,0,17,0,0,0,0,0,0,1,1,6,2,75,10,1598,1,9,-1,1,-1
2015100204015,3,9,0,17,0,0,0,0,0,0,1,1,6,1,62,9,999,1,-1,-1,1,-1
2015100204315,1,9,0,5,0,1,0,0,0,0,1,1,6,2,30,6,1240,1,11,-1,1,-1
2015100204315,2,9,0,3,0,1,0,0,0,0,2,1,6,2,42,7,1198,1,4,-1,1,-1
2015100204815,1,9,0,18,0,8,0,0,0,0,3,1,6,1,80,11,1386,1,6,-1,1,-1
2015100204815,2,9,0,18,0,8,0,0,0,0,1,1,6,2,23,5,1388,1,12,-1,2,-1
2015100205115,1,19,0,18,0,1,0,0,0,0,1,1,6,1,25,5,1997,2,1,-1,2,-1
2015100205115,2,9,0,3,0,1,0,0,0,0,2,1,6,1,35,6,1399,2,11,-1,-1,-1
2015100205215,1,9,0,18,0,0,2,10,7,11,1,1,6,1,23,5,1390,1,6,-1,1,-1
2015100205315,1,9,0,18,0,0,0,0,0,0,1,1,6,1,34,6,-1,-1,-1,-1,1,-1
2015100205315,2,9,0,18,0,0,0,0,0,0,2,1,6,1,51,8,2188,2,9,-1,2,-1
2015100205315,3,9,0,4,0,0,0,0,0,0,2,1,6,2,58,9,2000,2,10,-1,3,-1
2015100205315,4,9,0,4,0,0,0,0,0,0,0,1,6,1,34,6,1149,1,17,-1,1,-1
2015100205515,1,9,0,18,0,0,0,0,0,0,1,1,6,1,19,4,1986,2,8,-1,1,-1
2015100205515,2,9,0,2,0,0,0,0,0,0,2,1,6,1,32,6,1388,1,11,-1,1,-1
2015100205515,3,9,0,18,0,0,0,0,0,5,1,1,1,2,20,4,1242,1,-1,-1,1,-1
2015100205615,1,9,0,18,0,0,0,0,0,0,1,1,6,3,-1,-1,1242,1,12,-1,-1,-1
2015100205615,2,9,0,3,0,0,0,0,0,0,1,1,6,2,41,7,1900,2,15,-1,1,-1
2015100205715,1,9,0,12,0,1,0,0,0,0,4,1,2,2,18,4,1242,1,11,-1,1,-1
2015100205715,2,19,0,3,0,1,0,0,0,0,3,1,1,1,34,6,2198,2,8,-1,1,-1
2015100205715,3,19,0,3,0,1,0,0,0,0,2,1,1,1,25,5,2143,2,1,-1,1,-1
2015100205715,4,9,0,3,0,1,0,0,0,0,2,1,6,2,33,6,1995,2,5,-1,1,-1
2015100206215,1,19,0,7,0,6,0,0,0,0,1,1,1,1,43,7,2148,2,8,-1,1,-1
2015100206215,2,1,0,18,0,8,0,0,0,0,4,1,1,1,43,7,-1,-1,-1,-1,-1,-1
2015100206315,1,9,0,18,0,8,0,0,0,0,1,1,1,2,25,5,-1,-1,-1,-1,1,-1
2015100206315,2,8,0,18,0,8,0,0,0,0,4,1,6,1,48,8,-1,-1,-1,-1,1,-1
2015100206415,1,9,0,18,0,1,0,0,0,0,1,1,6,3,-1,-1,2495,2,17,-1,-1,-1
2015100206415,2,9,0,9,0,2,0,0,0,0,2,1,6,1,25,5,1149,1,2,-1,1,-1
2015100207215,1,9,0,18,0,1,1,0,0,0,1,1,6,1,19,4,1598,1,5,-1,1,-1
2015100207215,2,9,0,12,0,1,2,0,2,0,2,1,2,1,27,6,1461,2,1,-1,1,-1
2015100207215,3,9,0,18,0,7,0,0,0,0,0,1,6,1,37,7,1596,1,4,-1,1,-1
2015100207415,1,9,0,9,0,5,0,0,0,0,1,1,1,1,35,6,1598,1,9,-1,1,-1
2015100207415,2,9,0,18,0,8,0,0,0,0,1,1,6,2,58,9,1896,2,9,-1,1,-1
2015100207815,1,9,0,4,0,1,0,0,0,0,1,1,6,1,71,10,1398,1,2,-1,-1,-1
2015100207815,2,9,0,3,0,1,0,0,0,0,2,1,6,2,64,9,-1,-1,-1,-1,2,-1
2015100208315,1,9,0,9,0,8,1,0,1,0,4,1,6,1,25,5,1995,2,5,-1,1,-1
2015100208315,2,19,0,18,0,8,1,0,0,0,1,1,1,1,48,8,1868,2,11,-1,1,-1
2015100208415,1,9,0,4,0,1,0,0,0,0,1,1,6,1,58,9,1769,2,23,-1,1,-1
2015100208415,2,9,0,10,0,1,0,0,0,0,2,1,6,1,31,6,1995,2,11,-1,-1,-1
2015100208915,1,11,0,3,0,0,0,0,0,0,1,1,6,1,26,6,6700,2,4,-1,1,-1
2015100208915,2,9,0,3,0,0,0,0,0,0,2,1,6,1,53,8,1461,2,5,-1,1,-1
2015100209215,1,9,0,16,0,1,1,4,7,0,1,1,6,1,20,4,1994,1,17,-1,-1,-1
2015100209215,2,9,0,2,0,2,0,0,0,0,1,1,6,3,-1,-1,1598,1,11,-1,-1,-1
2015100209215,3,9,0,2,0,2,0,0,0,0,4,1,6,3,-1,-1,1364,2,7,-1,-1,-1
2015100209715,1,9,0,18,0,1,5,10,3,7,1,1,6,1,35,6,1747,1,13,-1,2,-1
2015100210015,1,9,0,5,0,1,0,0,0,0,1,1,1,1,43,7,1968,2,5,-1,1,-1
2015100210015,2,9,0,18,0,1,0,0,0,0,2,1,6,2,24,5,1242,1,5,-1,1,-1
2015100210215,1,9,0,18,0,8,0,0,0,0,1,1,6,2,68,10,1598,1,5,-1,1,-1
2015100210215,2,1,0,18,0,8,0,0,0,0,2,1,6,1,57,9,-1,-1,-1,-1,1,-1
2015100210315,1,11,0,18,0,1,0,0,0,0,1,1,1,1,66,10,9000,5,1,-1,1,-1
2015100210315,2,5,0,3,0,1,0,0,0,0,2,1,6,1,50,8,645,1,5,-1,1,-1
2015100210415,1,9,0,18,0,1,0,0,1,4,1,1,6,1,24,5,1124,1,13,-1,1,-1
2015100210415,2,9,0,18,0,1,0,0,0,0,0,1,1,1,-1,-1,2993,2,1,-1,-1,-1
2015100210715,1,9,0,18,0,0,0,0,0,0,3,1,6,2,21,5,1242,1,3,-1,1,-1
2015100210715,2,1,0,18,0,0,0,0,0,0,1,1,6,1,7,2,-1,-1,-1,-1,1,-1
2015100211215,1,19,0,4,0,1,0,0,0,0,1,1,6,3,-1,-1,2402,2,9,-1,-1,-1
2015100211215,2,9,0,3,0,1,0,0,0,0,2,1,6,1,56,9,1242,1,1,-1,1,-1
2015100211715,1,9,0,18,0,1,0,0,0,0,1,1,6,2,-1,-1,1461,2,8,-1,2,-1
2015100211715,2,9,0,18,0,1,0,0,0,0,3,1,1,2,35,6,1598,1,3,-1,2,-1
2015100212215,1,9,0,1,0,0,0,0,0,0,2,1,6,1,18,4,1248,2,4,-1,3,-1
2015100212415,1,9,0,18,0,0,2,0,2,7,1,1,6,1,23,5,1998,1,13,-1,1,-1
2015100212415,2,9,0,18,0,0,0,0,0,0,0,1,6,1,31,6,3200,1,7,-1,1,-1
2015100212415,3,9,0,11,0,0,0,0,0,0,0,1,6,1,40,7,2993,2,11,-1,1,-1
2015100213115,1,9,0,18,0,0,0,0,0,0,1,1,6,3,-1,-1,-1,-1,-1,-1,-1,-1
2015100213115,2,1,0,18,0,0,0,0,0,0,2,1,6,1,12,3,-1,-1,-1,-1,-1,-1
2015100214015,1,9,0,18,0,8,0,0,0,0,1,1,6,1,53,8,1461,2,1,-1,1,-1
2015100214015,2,9,0,9,0,8,0,0,0,0,3,1,6,1,70,10,2496,2,14,-1,1,-1
2015100214115,1,11,0,5,0,0,0,0,0,0,0,1,6,2,22,5,-1,-1,-1,-1,1,-1
2015100214215,1,9,0,9,0,5,0,0,0,0,1,1,6,1,62,9,2720,2,8,-1,2,-1
2015100214215,2,9,0,18,0,8,0,0,0,0,1,1,6,1,20,4,-1,-1,-1,-1,2,-1
2015100214715,1,9,0,18,0,8,0,0,0,0,1,1,6,2,22,5,1248,2,11,-1,1,-1
2015100214715,2,9,0,18,0,8,5,0,7,9,4,1,6,2,47,8,1598,1,3,-1,1,-1
2015100214915,1,21,0,18,0,0,0,0,0,0,1,1,1,1,50,8,12809,2,1,-1,1,-1
2015100214915,2,9,0,18,0,0,0,0,0,0,2,1,1,1,43,7,998,1,1,-1,1,-1
2015100214915,3,9,0,18,0,0,0,0,0,0,2,1,6,1,33,6,1984,1,21,-1,2,-1
2015100214915,4,9,0,18,0,0,0,0,0,0,2,1,1,1,47,8,2720,2,5,-1,1,-1
2015100215015,1,9,0,18,0,1,0,0,0,0,4,1,6,2,65,9,1997,2,15,-1,1,-1
2015100215315,1,9,0,11,0,8,5,0,8,10,2,1,6,2,21,5,1149,1,11,-1,1,-1
2015100215315,2,9,0,18,0,8,0,0,0,0,1,1,1,1,53,8,1968,2,6,-1,-1,-1
2015100215315,3,8,0,18,0,8,0,0,0,0,0,1,1,1,48,8,1598,2,3,-1,1,-1
2015100215615,1,9,0,18,0,8,0,0,0,0,0,1,6,3,-1,-1,-1,-1,-1,-1,-1,-1
2015100215615,2,11,0,9,2,1,0,0,0,0,0,1,1,1,64,9,4500,2,3,-1,1,-1
2015100215715,1,9,0,18,0,0,0,0,0,0,2,1,6,1,62,9,1968,2,7,-1,2,-1
2015100215715,2,1,0,18,0,0,0,0,0,0,2,1,6,2,42,7,-1,-1,-1,-1,1,-1
2015100216015,1,9,0,4,0,1,0,0,0,0,1,1,1,1,60,9,1461,2,5,-1,1,-1
2015100216015,2,9,0,3,0,1,0,0,0,0,2,1,1,2,26,6,998,1,1,-1,1,-1
2015100216115,1,9,0,9,0,5,0,0,0,0,1,1,6,1,-1,-1,-1,-1,-1,-1,1,-1
2015100216115,2,1,0,18,0,8,0,0,0,0,1,1,2,1,35,6,-1,-1,-1,-1,1,-1
2015100216215,1,9,0,5,0,1,0,0,0,0,1,1,6,1,22,5,989,1,9,-1,3,-1
2015100216215,2,9,0,3,0,1,0,0,0,0,2,1,2,2,66,10,1242,1,5,-1,2,-1
2015100216315,1,9,0,18,0,1,0,0,0,0,1,1,6,1,19,4,1242,1,9,-1,1,-1
2015100216315,2,9,0,4,0,1,0,0,0,0,2,1,6,2,37,7,1598,1,5,-1,1,-1
2015100216415,1,9,0,11,0,1,0,0,0,0,4,1,6,3,-1,-1,-1,-1,-1,-1,-1,-1
2015100216415,2,9,0,18,0,1,0,0,0,0,3,1,6,2,24,5,1248,2,9,-1,2,-1
2015100216815,1,9,0,9,0,5,0,0,0,0,0,1,6,2,49,8,1896,2,10,-1,1,-1
2015100216815,2,1,0,16,0,1,0,0,0,0,0,1,6,1,45,7,-1,-1,-1,-1,1,-1
2015100217415,1,9,0,18,0,6,0,0,0,0,1,1,6,3,-1,-1,-1,-1,-1,-1,-1,-1
2015100217415,2,9,0,5,0,8,0,0,1,2,4,1,2,2,34,6,1398,2,5,-1,1,-1
2015100217515,1,9,0,9,0,4,0,0,0,0,1,1,6,2,47,8,1598,1,2,-1,1,-1
2015100217515,2,1,0,18,0,8,0,0,0,0,4,1,6,1,54,8,-1,-1,-1,-1,1,-1
2015100217615,1,11,0,9,0,3,0,0,0,0,0,1,1,1,40,7,-1,-1,-1,-1,1,-1
2015100217615,2,9,0,18,0,3,0,0,0,0,0,1,6,3,-1,-1,-1,-1,-1,-1,-1,-1
2015100218015,1,9,0,18,0,0,0,0,0,0,4,1,6,2,19,4,1240,1,12,-1,1,-1
2015100218215,1,9,0,18,0,0,2,0,0,0,1,1,6,2,53,8,1197,1,1,-1,2,-1
2015100218215,2,9,0,18,0,0,0,0,0,0,2,1,6,2,29,6,1398,1,4,-1,1,-1
2015100218315,1,9,0,18,0,0,0,0,0,0,1,1,2,1,23,5,1242,1,10,-1,1,-1
2015100218315,2,1,0,18,0,0,1,0,7,0,1,1,2,1,41,7,-1,-1,-1,-1,-1,-1
2015100218715,1,9,0,18,0,1,0,0,0,0,1,1,6,1,58,9,1461,2,10,-1,1,-1
2015100218715,2,9,0,3,0,1,0,0,0,0,2,1,6,1,63,9,1956,2,4,-1,1,-1
2015100219115,1,9,0,18,0,8,0,0,0,0,3,1,6,2,92,11,1910,2,9,-1,1,-1
2015100219115,2,5,0,18,0,8,2,0,0,0,1,1,6,1,19,4,690,1,2,-1,-1,-1
2015100219215,1,9,0,18,0,1,0,0,0,0,1,1,2,2,37,7,1598,2,-1,-1,2,-1
2015100219215,2,9,0,3,0,1,0,0,0,0,2,1,2,1,33,6,-1,-1,-1,-1,1,-1
2015100219215,3,9,0,3,0,1,0,0,0,0,2,1,2,1,39,7,1991,2,6,-1,-1,-1
2015100219215,4,9,0,3,0,1,0,0,0,0,2,1,2,1,50,8,1364,1,5,-1,-1,-1
2015100219515,1,9,0,16,0,0,0,0,7,7,1,1,1,1,37,7,-1,-1,-1,-1,1,-1
2015100219915,1,9,0,18,0,0,0,0,0,0,1,1,2,1,20,4,1149,1,9,-1,3,-1
2015100219915,2,9,0,2,0,0,0,0,0,0,2,1,2,2,34,6,1242,1,14,-1,-1,-1
2015100220415,1,5,0,16,0,8,1,0,0,0,1,1,6,1,25,5,750,1,18,-1,1,-1
2015100220415,2,9,0,17,0,1,0,0,0,0,1,1,6,1,74,10,1951,2,11,-1,3,-1
2015100220915,1,90,0,14,0,1,0,0,0,0,1,1,1,1,25,5,2198,2,1,-1,1,-1
2015100220915,2,9,0,9,0,5,0,0,0,0,3,1,2,1,50,8,1149,1,6,-1,1,-1
2015100221015,1,9,0,7,0,5,0,0,0,0,4,1,6,2,22,5,1753,2,5,-1,-1,-1
2015100221015,2,1,0,18,0,8,0,0,0,0,3,1,6,1,27,6,-1,-1,-1,-1,1,-1
2015100221715,1,9,0,7,0,2,0,0,0,0,1,1,6,1,77,11,1598,1,5,-1,1,-1
2015100221715,2,11,0,18,0,1,0,0,0,0,1,1,1,1,23,5,5900,2,6,-1,1,-1
2015100222815,1,9,0,14,0,0,1,0,0,0,1,1,6,1,-1,-1,1598,1,6,-1,1,-1
2015100222815,2,9,0,2,0,0,0,0,0,0,2,1,6,1,44,7,1560,2,3,-1,1,-1
2015100223615,1,11,0,9,0,8,0,0,0,0,0,1,6,2,50,8,6370,2,7,-1,1,-1
2015100223915,1,11,0,18,0,1,0,0,0,0,0,1,1,1,44,7,6700,2,4,-1,1,-1
2015100224015,1,11,0,5,0,0,0,0,0,0,0,1,6,1,28,6,6800,2,6,-1,2,-1
2015100224315,1,9,0,16,0,0,0,11,1,10,4,1,6,1,19,4,1399,2,7,-1,2,-1
2015100224515,1,11,0,18,0,0,0,0,0,0,0,1,6,1,22,5,-1,-1,-1,-1,1,-1
2015100225115,1,9,0,18,0,0,0,0,1,11,1,1,2,2,36,7,2993,2,5,-1,2,-1
2015100225115,2,9,0,2,9,0,0,0,0,0,2,1,1,1,27,6,1461,2,7,-1,1,-1
2015100225415,1,8,0,18,0,2,0,0,0,0,4,1,1,1,43,7,1910,2,8,-1,1,-1
2015100225715,1,9,0,18,0,0,0,4,0,0,1,1,6,1,86,11,995,1,6,-1,1,-1
2015100225715,2,9,0,2,0,0,0,0,0,0,2,1,6,1,-1,-1,1798,1,9,-1,1,-1
2015100225815,1,9,0,18,0,1,0,0,0,0,1,1,6,1,-1,-1,1997,2,2,-1,-1,-1
2015100225815,2,9,0,3,0,1,0,0,0,0,2,1,6,1,66,10,1108,1,9,-1,1,-1
2015100225915,1,9,0,18,0,1,0,10,0,0,3,1,2,2,31,6,996,1,3,-1,2,-1
2015100225915,2,9,0,3,0,1,0,0,0,0,3,1,1,1,62,9,1598,2,2,-1,1,-1
2015100226015,1,9,0,3,0,1,0,0,0,0,3,1,6,2,45,7,1461,2,4,-1,2,-1
2015100226015,2,9,0,3,0,1,0,0,0,0,4,1,6,1,80,11,1997,1,1,-1,2,-1
2015100226315,1,9,0,18,0,1,0,0,0,0,1,1,6,1,-1,-1,1149,1,8,-1,1,-1
2015100226315,2,9,0,3,0,1,0,0,0,0,2,1,6,1,26,6,1598,1,10,-1,1,-1
2015100226315,3,9,0,3,0,1,0,0,0,0,2,1,6,1,-1,-1,1895,1,17,-1,1,-1
2015100226815,1,11,0,4,0,1,0,0,0,0,0,1,1,1,46,8,6692,2,6,-1,1,-1
2015100226915,1,9,0,9,0,6,0,0,0,0,3,1,6,1,66,10,-1,-1,-1,-1,3,-1
2015100226915,2,9,0,18,0,8,0,0,0,0,1,1,6,1,48,8,-1,-1,-1,-1,1,-1
2015100227115,1,9,0,9,0,8,0,0,0,0,1,1,6,1,31,6,1596,1,6,-1,1,-1
2015100227115,2,9,0,18,0,8,0,0,0,0,3,1,6,1,20,4,1199,1,11,-1,1,-1
2015100227315,1,9,0,7,0,6,0,0,1,11,1,1,6,2,36,7,1968,2,5,-1,1,-1
2015100227315,2,9,0,18,0,8,5,0,2,0,3,1,6,1,69,10,-1,-1,-1,-1,2,-1
2015100227415,1,9,0,18,0,0,0,0,1,4,1,1,6,1,25,5,973,1,14,-1,1,-1
2015100227615,1,1,0,4,0,0,0,0,0,0,3,1,6,1,30,6,-1,-1,-1,-1,1,-1
2015100227615,2,11,0,18,0,0,0,0,0,0,1,1,1,1,32,6,5900,2,6,-1,1,-1