Accident_Index,Vehicle_Reference,Vehicle_Type,Towing_and_Articulation,Vehicle_Manoeuvre,Vehicle_Location-Restricted_Lane,Junction_Location,Skidding_and_Overturning,Hit_Object_in_Carriageway,Vehicle_Leaving_Carriageway,Hit_Object_off_Carriageway,1st_Point_of_Impact,Was_Vehicle_Left_Hand_Drive?,Journey_Purpose_of_Driver,Sex_of_Driver,Age_of_Driver,Age_Band_of_Driver,Engine_Capacity_(CC),Propulsion_Code,Age_of_Vehicle,Driver_IMD_Decile,Driver_Home_Area_Type,Vehicle_IMD_Decile
2015100443115,2,19,0,3,0,1,0,0,0,0,2,1,2,1,47,8,-1,-1,-1,-1,1,-1
2015100443115,3,9,0,3,0,1,0,0,0,0,2,1,6,1,31,6,5439,1,9,-1,1,-1
2015100443115,4,9,0,3,0,1,0,0,0,0,2,1,6,1,51,8,1968,2,11,-1,1,-1
2015100443415,1,9,0,5,0,2,0,0,0,0,1,1,6,3,-1,-1,-1,-1,-1,-1,-1,-1
2015100443415,2,1,0,18,0,2,0,0,0,0,1,1,6,1,56,9,-1,-1,-1,-1,1,-1
2015100443515,1,9,0,18,0,1,0,0,0,0,1,1,6,3,-1,-1,-1,-1,-1,-1,-1,-1
2015100443515,2,9,0,3,0,1,0,0,0,0,2,1,2,2,35,6,1149,1,11,-1,1,-1
2015100443615,1,3,0,9,0,6,0,0,0,0,3,1,6,3,-1,-1,125,1,3,-1,-1,-1
2015100443915,1,11,0,5,0,0,0,0,0,0,0,1,6,1,52,8,6700,2,5,-1,1,-1
2015100444215,1,9,0,18,0,0,1,0,2,2,3,1,6,1,18,4,998,1,13,-1,1,-1
2015100444315,1,9,0,18,0,2,0,0,0,0,4,1,6,3,-1,-1,-1,-1,-1,-1,-1,-1
2015100445415,1,9,0,18,0,6,0,0,0,0,1,1,6,1,30,6,1598,1,15,-1,-1,-1
2015100445415,2,9,0,18,0,8,0,0,0,0,3,1,6,1,35,6,1582,2,6,-1,-1,-1
2015100445915,1,9,0,17,0,0,1,10,7,11,1,1,6,1,24,5,998,1,11,-1,1,-1
2015100445915,2,9,0,16,0,0,0,0,0,0,0,1,6,3,-1,-1,-1,-1,-1,-1,-1,-1
2015100446115,1,11,0,18,0,8,1,0,1,0,1,1,1,1,46,8,9600,2,16,-1,1,-1
2015100446115,2,9,0,18,0,8,0,0,0,0,2,1,6,2,31,6,1461,2,1,-1,1,-1
2015100446215,1,9,0,3,0,0,0,0,0,0,4,1,6,2,-1,-1,-1,-1,-1,-1,1,-1
2015100446215,2,1,0,18,0,0,0,0,0,0,1,1,2,1,47,8,-1,-1,-1,-1,-1,-1
2015100447315,1,9,0,18,0,0,5,4,0,0,1,1,6,1,18,4,1248,2,7,-1,1,-1
2015100447315,2,9,0,2,0,0,0,0,0,0,1,1,6,2,41,7,1598,1,3,-1,1,-1
2015100447315,3,9,0,2,0,0,0,0,0,0,1,1,6,1,22,5,998,1,11,-1,1,-1
2015100447515,1,9,0,5,0,0,0,0,0,0,3,1,6,2,20,4,1997,1,1,-1,1,-1
2015100447515,2,11,0,18,0,0,0,0,0,0,4,1,1,1,44,7,6370,2,5,-1,1,-1
2015100447615,1,9,0,18,0,8,0,0,0,0,1,1,6,1,37,7,1242,1,14,-1,1,-1
2015100447615,2,9,0,18,0,1,0,0,0,0,1,1,6,1,26,6,1910,2,7,-1,1,-1
2015100448215,1,21,1,18,0,2,0,0,0,0,4,1,6,1,58,9,12740,2,3,-1,1,-1
2015100448215,2,9,0,18,0,2,0,0,0,0,3,1,6,2,35,6,1229,1,2,-1,1,-1
2015100448415,1,11,0,9,0,6,0,7,7,10,1,1,1,2,44,7,9600,2,16,-1,1,-1
2015100449015,1,9,0,18,0,0,0,0,2,4,1,1,6,1,18,4,998,1,8,-1,1,-1
2015100449115,1,9,0,18,0,0,5,0,7,11,1,1,6,2,41,7,1461,2,10,-1,1,-1
2015100449215,1,9,0,9,0,6,0,0,0,0,3,1,6,1,48,8,1598,1,2,-1,3,-1
2015100449215,2,5,0,18,0,8,1,0,0,0,1,1,6,1,47,8,599,1,18,-1,1,-1
2015100449515,1,9,0,18,0,1,0,0,7,11,3,1,6,2,74,10,1364,1,-1,-1,3,-1
2015100449715,1,9,0,12,0,0,0,0,0,0,0,1,6,3,-1,-1,-1,-1,-1,-1,-1,-1
2015100449715,2,9,0,11,0,0,2,0,6,6,3,1,6,2,29,6,1997,1,13,-1,1,-1
2015100449715,3,9,0,18,0,0,0,0,0,0,1,1,6,1,33,6,1149,1,10,-1,1,-1
2015100449715,4,9,0,18,0,0,0,0,0,0,3,1,6,2,18,4,998,1,7,-1,2,-1
2015100449815,1,9,0,18,0,0,0,0,0,0,0,1,1,3,-1,-1,-1,-1,-1,-1,-1,-1
2015100449815,2,9,0,18,0,0,0,0,0,0,2,1,6,1,46,8,1798,8,3,-1,1,-1
2015100449815,3,9,0,18,0,0,0,0,0,0,2,1,6,1,62,9,1598,2,3,-1,1,-1
2015100449815,4,9,0,18,0,0,0,0,0,0,1,1,6,2,45,7,1560,2,5,-1,1,-1
2015100449815,5,21,0,18,0,0,0,0,0,0,1,1,1,1,62,9,12777,2,6,-1,1,-1
2015100449915,1,9,0,18,0,1,0,0,0,0,1,1,1,1,43,7,1248,2,3,-1,-1,-1
2015100449915,2,9,0,3,0,1,0,0,0,0,2,1,6,2,47,8,1242,1,8,-1,3,-1
2015100450015,1,1,0,18,0,8,0,0,0,0,1,1,6,1,11,3,-1,-1,-1,-1,1,-1
2015100450015,2,9,0,18,0,8,0,0,0,0,3,1,6,1,42,7,1968,2,6,-1,1,-1
2015100450115,1,9,0,12,0,0,0,0,0,0,3,1,6,1,21,5,1242,1,12,-1,1,-1
2015100450115,2,9,0,18,0,0,0,0,0,0,4,1,6,2,31,6,1229,1,-1,-1,1,-1
2015100450215,1,9,0,18,0,1,2,0,1,1,1,1,6,1,24,5,1206,1,5,-1,1,-1
2015100450315,1,5,0,16,0,0,0,0,2,0,4,1,6,1,55,8,1250,1,8,-1,1,-1
2015100450915,1,9,0,18,0,0,0,0,0,0,1,1,2,2,22,5,1242,1,4,-1,1,-1
2015100450915,2,9,0,4,0,0,0,0,0,0,2,1,2,1,30,6,1796,1,4,-1,1,-1
2015100451015,1,9,0,18,0,1,1,0,0,0,1,1,2,1,42,7,2204,2,9,-1,1,-1
2015100451015,2,9,0,3,0,1,0,0,0,0,2,1,2,1,31,6,1198,1,3,-1,1,-1
2015100451215,1,9,0,7,0,4,0,0,0,0,3,1,6,1,82,11,1198,1,6,-1,1,-1
2015100451215,2,1,0,17,0,8,0,0,0,0,1,1,1,1,49,8,-1,-1,-1,-1,-1,-1
2015100451315,1,9,0,16,0,0,1,0,0,0,1,1,6,1,72,10,998,1,15,-1,2,-1
2015100451315,2,9,0,17,0,0,0,0,0,0,3,1,6,1,18,4,1390,1,8,-1,1,-1
2015100451615,1,9,0,18,0,0,0,0,0,0,3,1,6,3,-1,-1,-1,-1,-1,-1,-1,-1
2015100451715,1,9,0,4,0,1,0,0,0,0,1,1,6,1,36,7,1997,2,14,-1,-1,-1
2015100451915,1,9,0,9,0,6,0,0,0,0,1,1,6,1,24,5,1396,1,10,-1,-1,-1
2015100451915,2,9,0,18,0,8,0,0,0,0,4,1,6,1,53,8,1990,1,13,-1,-1,-1
2015100452315,1,9,0,18,0,0,0,0,0,0,1,1,2,2,24,5,1242,1,8,-1,1,-1
2015100452315,2,19,0,3,0,0,0,0,0,0,2,1,2,1,61,9,1399,2,5,-1,1,-1
2015100452315,3,9,0,3,0,0,0,0,0,0,2,1,1,1,34,6,2967,2,1,-1,-1,-1
2015100452615,1,9,0,9,0,6,0,0,0,1,3,1,6,1,37,7,1598,2,1,-1,-1,-1
2015100453615,1,11,0,3,0,2,0,0,0,0,0,1,1,1,22,5,3900,2,10,-1,2,-1
2015100453915,1,9,0,7,0,1,0,0,0,0,1,1,2,2,50,8,1197,1,2,-1,1,-1
2015100454215,1,9,0,4,0,2,0,0,0,0,2,1,6,1,34,6,1390,1,13,-1,2,-1
2015100454215,2,9,0,4,0,2,0,0,0,0,1,1,6,2,46,8,1242,1,14,-1,1,-1
2015100454515,1,9,0,9,0,6,0,0,0,7,3,1,1,1,40,7,2993,2,5,-1,1,-1
2015100454515,2,20,0,18,0,8,0,0,0,0,0,1,1,1,42,7,6370,2,5,-1,1,-1
2015100454615,1,11,0,18,0,2,0,0,0,0,0,1,1,1,48,8,-1,2,6,-1,1,-1
2015100454915,1,9,0,18,0,1,1,0,0,0,1,1,6,2,-1,-1,1461,2,4,-1,2,-1
2015100454915,2,9,0,4,0,1,0,0,0,0,2,1,6,2,23,5,1598,1,11,-1,3,-1
2015100455115,1,9,0,4,0,0,1,0,0,0,1,1,2,1,29,6,1242,1,3,-1,1,-1
2015100455115,2,19,0,4,0,0,0,0,0,0,2,1,1,1,23,5,1753,2,7,-1,-1,-1
2015100455115,3,9,0,4,0,0,0,0,0,0,2,1,6,2,46,8,1560,2,2,-1,1,-1
2015100455615,1,9,0,18,0,4,0,0,0,0,1,1,6,1,23,5,1242,1,13,-1,1,-1
2015100455615,2,9,0,18,0,3,0,0,0,0,1,1,6,2,22,5,1995,2,4,-1,-1,-1
2015100455715,1,9,0,12,0,1,0,0,0,0,3,1,6,1,35,6,-1,-1,-1,-1,1,-1
2015100455715,2,5,0,4,0,1,0,0,0,0,4,1,6,1,44,7,599,1,12,-1,1,-1
2015100455815,1,9,0,18,0,0,0,0,0,0,1,1,6,1,28,6,2979,1,-1,-1,1,-1
2015100455815,2,9,0,2,6,0,0,0,0,0,2,1,6,1,45,7,1998,2,10,-1,1,-1
2015100456115,1,9,0,18,0,8,0,0,0,0,1,1,6,1,39,7,1590,1,13,-1,-1,-1
2015100456115,2,9,0,3,0,8,0,0,0,0,2,1,6,1,44,7,998,1,1,-1,1,-1
2015100456215,1,19,0,18,0,0,0,0,0,0,4,1,1,1,46,8,2143,2,2,-1,-1,-1
2015100456315,1,11,0,2,0,0,0,0,0,0,0,1,1,1,34,6,5900,2,6,-1,1,-1
2015100456415,1,8,0,18,0,0,0,0,0,0,0,1,1,1,67,10,-1,-1,-1,-1,3,-1
2015100456715,1,9,0,9,0,6,0,0,0,0,1,1,6,2,46,8,1240,1,7,-1,1,-1
2015100456715,2,1,0,18,0,1,0,0,0,0,4,1,6,1,66,10,-1,-1,-1,-1,1,-1
2015100456815,1,9,0,4,0,1,0,0,0,0,1,1,6,1,68,10,1796,1,2,-1,1,-1
2015100456815,2,9,0,3,0,1,0,0,0,0,2,1,6,1,33,6,1797,8,4,-1,-1,-1
2015100456915,1,9,0,9,0,6,0,0,0,0,1,1,6,1,36,7,1668,1,14,-1,-1,-1
2015100456915,2,9,0,8,0,8,0,0,0,0,1,1,6,1,29,6,1461,2,1,-1,3,-1
2015100457015,1,11,0,5,0,0,0,0,0,0,0,1,1,1,42,7,4500,2,4,-1,1,-1
2015100457315,1,11,0,2,0,0,0,0,0,0,0,1,1,1,60,9,6370,2,7,-1,1,-1
2015100457515,1,19,0,7,0,6,0,0,0,0,1,1,6,3,-1,-1,-1,-1,-1,-1,-1,-1
2015100457515,2,9,0,18,0,1,0,0,0,0,1,1,6,2,51,8,1299,1,12,-1,3,-1
2015100457815,1,9,0,1,0,0,0,0,0,0,2,1,1,1,21,5,1900,2,17,-1,2,-1
2015100458115,1,9,0,18,0,0,1,0,7,4,4,1,6,1,18,4,1086,1,9,-1,1,-1
2015100458415,1,9,0,9,0,3,0,0,0,0,1,1,6,1,75,10,2184,2,12,-1,-1,-1
2015100458415,2,1,0,18,0,8,0,0,0,0,2,1,2,1,60,9,-1,-1,-1,-1,1,-1
2015100458715,1,9,0,7,0,5,0,0,0,0,4,1,3,2,36,7,1995,2,2,-1,1,-1
2015100458715,2,1,0,18,0,8,0,0,0,0,4,1,1,2,41,7,-1,-1,-1,-1,3,-1
2015100458815,1,9,0,18,0,0,0,0,2,11,4,1,6,1,45,7,2204,2,6,-1,1,-1
2015100459415,1,9,0,9,0,5,0,0,7,11,4,1,6,2,24,5,1328,1,7,-1,1,-1
2015100459415,2,9,0,18,0,8,0,0,0,0,1,1,6,1,37,7,1896,2,11,-1,1,-1
2015100459515,1,1,0,18,0,8,0,0,0,0,1,1,6,2,7,2,-1,-1,-1,-1,-1,-1
2015100459515,2,9,0,10,0,1,0,0,0,0,3,1,6,1,34,6,973,1,13,-1,1,-1
2015100459715,1,9,0,18,0,2,5,0,0,0,1,1,6,2,35,6,1598,1,13,-1,1,-1
2015100459715,2,9,0,2,0,1,0,0,7,0,1,1,6,1,27,6,1896,2,10,-1,1,-1
2015100459815,1,9,0,18,0,1,0,0,0,0,1,1,2,1,26,6,1461,2,6,-1,-1,-1
2015100459915,1,9,0,18,0,8,0,0,1,0,1,1,6,3,-1,-1,1984,1,15,-1,-1,-1
2015100459915,2,9,0,18,0,8,2,0,0,11,3,1,6,1,36,7,1598,1,7,-1,1,-1
2015100460115,1,5,0,18,0,0,0,0,5,6,3,1,6,1,19,4,689,1,-1,-1,1,-1
2015100460215,1,9,0,7,0,3,5,0,0,10,1,1,6,2,21,5,1149,1,12,-1,1,-1
2015100460515,1,5,0,3,0,0,0,0,0,0,1,1,6,1,24,5,599,1,15,-1,1,-1
2015100460515,2,19,0,18,0,0,0,0,0,0,1,1,1,1,46,8,1560,2,3,-1,1,-1
2015100460715,1,9,0,5,0,0,0,0,0,0,3,1,6,2,25,5,999,1,5,-1,2,-1
2015100460715,2,1,0,15,0,0,0,0,0,0,4,1,6,1,51,8,-1,-1,-1,-1,-1,-1
2015100461015,1,9,0,7,0,6,0,0,0,0,4,1,2,2,31,6,996,1,6,-1,1,-1
2015100461015,2,1,0,18,0,8,0,0,0,0,1,1,6,1,55,8,-1,-1,-1,-1,1,-1
2015100461115,1,9,0,1,0,1,0,0,0,0,2,1,6,1,37,7,1390,1,12,-1,1,-1
2015100461215,1,5,0,18,0,0,0,0,0,0,1,1,6,1,52,8,1050,1,3,-1,1,-1
2015100461215,2,19,0,3,0,0,0,0,0,0,2,1,1,1,48,8,2151,2,13,-1,1,-1
2015100461315,1,9,0,13,0,8,0,0,7,2,1,1,6,3,-1,-1,-1,-1,-1,-1,-1,-1
2015100461315,2,9,0,9,0,5,0,0,0,0,3,1,6,1,60,9,1596,1,8,-1,-1,-1
2015100461415,1,9,0,11,0,8,0,0,0,0,4,1,1,1,68,10,1587,1,11,-1,1,-1
2015100461415,2,9,0,7,0,3,0,0,0,0,3,1,6,1,28,6,1753,2,6,-1,1,-1
2015100461515,1,9,0,9,0,6,0,0,7,0,1,1,6,1,84,11,1197,1,2,-1,1,-1
2015100461515,2,9,0,18,0,8,0,0,7,0,1,1,1,1,54,8,-1,-1,-1,-1,-1,-1
2015100461715,1,21,1,7,0,5,0,0,0,0,4,1,1,1,50,8,11967,2,3,-1,-1,-1
2015100461715,2,9,0,7,0,5,0,0,0,0,3,1,6,2,50,8,1598,1,11,-1,1,-1
2015100461815,1,9,0,12,0,0,0,0,0,0,1,1,2,2,18,4,1229,1,8,-1,1,-1
2015100461815,2,9,0,18,0,0,0,0,0,0,2,1,2,1,31,6,1398,1,1,-1,1,-1
2015100461815,3,9,0,18,0,0,0,0,0,0,1,1,2,1,39,7,1968,2,1,-1,1,-1
2015100462015,1,1,0,9,0,8,0,0,0,0,3,1,2,1,22,5,-1,-1,-1,-1,1,-1
2015100462015,2,9,0,13,0,8,0,0,0,0,4,1,2,1,37,7,1390,1,11,-1,1,-1
2015100462015,3,9,0,18,0,8,0,0,0,0,1,1,2,1,28,6,1984,1,-1,-1,1,-1
2015100462215,1,9,0,18,0,6,0,0,0,0,4,1,6,2,68,10,1968,2,2,-1,3,-1
2015100462215,2,9,0,9,0,8,0,0,0,0,1,1,6,2,44,7,1587,1,13,-1,-1,-1
2015100462315,1,9,0,7,0,6,0,0,0,0,1,1,6,1,41,7,1896,2,6,-1,2,-1
2015100462315,2,9,0,18,0,8,0,0,0,0,1,1,6,2,67,10,-1,-1,-1,-1,3,-1
2015100462615,1,9,0,2,0,0,0,0,0,0,3,1,6,1,68,10,1560,2,5,-1,2,-1
2015100462615,2,1,0,14,0,0,0,8,0,0,4,1,6,2,26,6,-1,-1,-1,-1,1,-1
2015100462815,1,9,0,18,0,8,0,0,0,0,1,1,6,3,-1,-1,-1,-1,-1,-1,-1,-1
2015100462815,2,19,0,18,0,8,0,0,0,0,2,1,6,1,64,9,1968,2,1,-1,1,-1
2015100463015,1,19,0,6,0,0,0,0,0,0,3,1,1,1,53,8,2143,2,-1,-1,1,-1
2015100463015,2,5,0,18,0,0,0,0,0,0,1,1,6,1,32,6,998,1,15,-1,1,-1
2015100463215,1,9,0,18,0,0,0,0,0,0,1,1,6,1,46,8,1968,2,10,-1,1,-1
2015100463215,2,9,0,2,0,0,0,0,0,0,3,1,6,1,53,8,1560,2,8,-1,1,-1
2015100464315,1,9,0,16,0,0,0,0,7,0,1,1,6,2,83,11,1390,1,15,-1,1,-1
2015100464315,2,9,0,17,0,0,0,0,0,0,1,1,6,2,43,7,1968,2,2,-1,1,-1
2015100464415,1,9,0,18,0,0,0,0,0,0,1,1,6,3,-1,-1,-1,-1,-1,-1,-1,-1
2015100464715,1,11,0,4,0,0,0,0,0,0,0,1,1,2,42,7,9000,5,1,-1,1,-1
2015100465215,1,9,0,13,0,1,0,0,0,0,4,1,6,3,-1,-1,1968,2,9,-1,-1,-1
2015100465215,2,9,0,12,0,1,0,0,0,0,3,1,6,1,25,5,1229,1,1,-1,1,-1
2015100465315,1,9,0,9,0,5,0,0,0,0,1,1,6,1,58,9,2987,2,8,-1,1,-1
2015100465315,2,9,0,2,0,2,0,0,0,0,3,1,6,2,49,8,1149,1,13,-1,1,-1
2015100465315,3,9,0,2,0,2,0,0,0,0,4,1,6,2,-1,-1,1995,2,5,-1,1,-1
2015100465915,1,9,0,1,0,0,0,0,0,0,2,1,6,1,68,10,1796,1,15,-1,1,-1
2015100465915,2,9,0,3,0,0,0,0,0,0,1,1,1,1,62,9,1910,2,7,-1,1,-1
2015100466415,1,9,0,11,0,7,0,0,0,0,0,1,6,3,-1,-1,-1,-1,-1,-1,-1,-1
2015100466415,2,11,0,18,0,8,0,0,0,0,0,1,1,1,37,7,6871,2,9,-1,1,-1
2015100466515,1,90,0,7,0,6,0,0,0,0,1,1,2,1,29,6,4400,2,5,-1,3,-1
2015100466515,2,9,0,18,0,8,0,0,0,0,3,1,6,1,70,10,2400,2,7,-1,3,-1
2015100466915,1,9,0,9,0,6,0,0,0,0,1,1,6,2,26,6,998,1,8,-1,1,-1
2015100466915,2,19,0,18,0,8,0,0,0,0,1,1,1,1,26,6,1995,2,2,-1,1,-1
2015100467115,1,1,0,18,0,0,0,0,0,0,1,1,6,2,37,7,-1,-1,-1,-1,-1,-1
2015100467115,2,9,0,2,0,0,0,0,0,0,2,1,6,2,66,10,2179,2,8,-1,-1,-1
2015100467215,1,90,0,16,0,0,0,4,0,0,1,1,6,1,18,4,-1,-1,-1,-1,1,-1
2015100467215,2,9,0,2,0,0,0,0,0,0,4,1,6,3,-1,-1,-1,-1,-1,-1,1,-1
2015100467515,1,9,0,11,0,3,0,0,0,0,0,1,6,3,-1,-1,1800,1,16,-1,-1,-1
2015100467515,2,9,0,18,0,1,0,0,0,0,2,1,6,1,33,6,1896,2,9,-1,1,-1
2015100467515,3,9,0,18,0,1,0,0,0,0,1,1,6,1,-1,-1,1968,2,7,-1,1,-1
2015100467615,1,9,0,18,0,8,0,0,0,0,1,1,6,1,-1,-1,2143,2,1,-1,-1,-1
2015100467615,2,1,0,18,0,8,0,0,0,0,4,1,6,1,32,6,-1,-1,-1,-1,1,-1
2015100468315,1,9,0,18,0,4,0,0,0,0,1,1,6,3,-1,-1,-1,-1,-1,-1,-1,-1
2015100468315,2,1,0,18,0,8,0,0,0,0,2,1,1,1,23,5,-1,-1,-1,-1,2,-1
2015100468415,1,9,0,16,0,0,2,0,1,10,1,1,2,1,38,7,1248,1,6,-1,3,-1
2015100468515,1,9,0,18,0,8,0,0,0,0,3,1,6,1,47,8,1497,8,1,-1,1,-1
2015100468515,2,21,1,18,0,8,0,0,0,0,1,1,1,1,58,9,-1,-1,-1,-1,1,-1
2015100469115,1,9,0,9,0,5,0,0,0,0,1,1,6,2,56,9,1995,2,7,-1,2,-1
2015100469115,2,9,0,18,0,1,0,0,1,1,3,1,6,1,30,6,1587,1,13,-1,1,-1
2015100469715,1,9,0,18,0,1,0,0,0,0,1,1,6,2,57,9,1296,1,7,-1,1,-1
2015100469715,2,1,0,18,0,1,0,0,0,0,4,1,6,1,41,7,-1,-1,-1,-1,-1,-1
2015100470215,1,9,0,18,0,1,0,0,0,0,1,1,6,2,23,5,1229,1,2,-1,1,-1
2015100470215,2,9,0,3,0,1,0,0,0,0,2,1,6,2,51,8,1328,1,9,-1,1,-1
2015100471215,1,11,0,18,0,0,0,0,0,0,0,1,1,1,56,9,9600,2,16,-1,3,-1
2015100471315,1,9,0,18,0,8,0,10,0,0,1,1,1,1,40,7,1598,2,-1,-1,-1,-1
2015100471315,2,9,0,9,0,6,0,0,0,0,0,1,6,1,53,8,1896,2,7,-1,1,-1
2015100471715,1,1,0,18,0,0,0,0,0,0,1,1,6,1,48,8,-1,-1,-1,-1,1,-1
2015100471715,2,9,0,2,0,0,0,0,0,0,2,1,1,1,58,9,1587,1,13,-1,1,-1
2015100471815,1,9,0,18,0,0,0,0,0,0,1,1,6,1,27,6,5461,1,-1,-1,1,-1
2015100471815,2,9,0,3,0,0,0,0,0,0,2,1,6,1,56,9,1396,1,16,-1,1,-1
2015100472115,1,11,0,4,0,0,0,0,0,0,0,1,1,1,44,7,-1,2,14,-1,1,-1
2015100472915,1,19,0,18,0,8,0,0,0,0,1,1,1,1,45,7,2402,2,14,-1,-1,-1
2015100472915,2,9,0,10,0,8,0,0,0,0,2,1,6,1,42,7,-1,-1,-1,-1,1,-1
2015100473215,1,9,0,9,0,5,0,0,0,0,4,1,6,1,34,6,1299,1,13,-1,1,-1
2015100473215,2,9,0,18,0,8,0,0,0,0,1,1,1,1,63,9,-1,-1,-1,-1,2,-1
2015100473815,1,9,0,17,0,0,1,0,7,9,3,1,6,2,42,7,998,1,8,-1,1,-1
2015100474015,1,9,0,9,0,3,0,0,0,0,3,1,6,1,59,9,1242,1,5,-1,1,-1
2015100474015,2,19,0,18,0,3,0,0,0,0,3,1,1,1,24,5,2402,2,14,-1,1,-1
2015100474115,1,9,0,18,0,1,0,0,0,0,1,1,6,2,39,7,998,1,3,-1,3,-1
2015100474115,2,9,0,3,0,1,0,0,0,0,1,1,6,2,61,9,998,1,-1,-1,-1,-1
2015100474215,1,9,0,18,0,1,0,0,0,0,1,1,6,1,35,6,1560,2,5,-1,1,-1
2015100474215,2,9,0,3,0,1,0,0,0,0,2,1,6,2,36,7,-1,-1,-1,-1,1,-1
2015100474315,1,9,0,18,0,0,0,0,0,0,1,1,6,3,-1,-1,1686,2,4,-1,-1,-1
2015100474315,2,9,0,3,0,0,0,0,0,0,2,1,6,3,-1,-1,1997,1,2,-1,-1,-1
2015100474415,1,9,0,5,8,0,0,0,0,0,3,1,6,1,32,6,-1,-1,-1,-1,1,-1
2015100474415,2,1,0,18,0,0,0,0,0,0,4,1,6,1,27,6,-1,-1,-1,-1,1,-1
2015100474915,1,1,0,18,0,1,1,0,0,0,1,1,6,1,42,7,-1,-1,-1,-1,3,-1
2015100474915,2,9,0,9,0,5,0,0,0,0,3,1,6,1,43,7,875,1,4,-1,1,-1
2015100475215,1,5,0,13,0,0,1,10,1,0,4,1,6,1,29,6,750,1,1,-1,1,-1
2015100475215,2,9,0,18,0,0,0,0,0,0,0,1,6,1,32,6,1600,1,17,-1,1,-1
2015100475315,1,9,0,18,0,0,0,4,0,0,1,1,6,1,30,6,1149,1,13,-1,1,-1
2015100475315,2,9,0,2,0,0,0,0,0,0,1,1,6,1,43,7,1896,2,14,-1,1,-1
2015100475315,3,19,0,2,0,0,0,0,0,0,1,1,6,1,57,9,1461,2,10,-1,-1,-1
2015100475415,1,5,0,17,0,0,0,0,0,0,1,1,6,1,42,7,954,1,13,-1,1,-1
2015100475415,2,9,0,16,0,0,0,0,0,0,3,1,1,1,34,6,-1,-1,-1,-1,1,-1
2015100475415,3,5,0,18,0,0,0,0,0,0,0,1,6,1,35,6,1000,1,13,-1,1,-1
2015100475815,1,9,0,9,0,5,0,0,0,0,1,1,6,1,62,9,1598,1,9,-1,2,-1
2015100475815,2,9,0,18,0,1,0,0,0,0,1,1,6,1,54,8,1598,1,9,-1,2,-1
2015100475815,3,19,0,2,0,2,0,0,0,0,3,1,1,1,52,8,2874,2,16,-1,3,-1
2015100476015,1,9,0,1,0,0,0,0,0,0,2,1,1,1,-1,-1,1242,1,10,-1,1,-1
2015100476015,2,9,0,2,0,0,0,0,0,0,2,1,6,2,53,8,999,1,1,-1,1,-1
2015100476115,1,9,0,18,0,8,0,0,3,11,3,1,6,1,80,11,1386,1,6,-1,1,-1
2015100476115,2,21,1,18,0,8,0,0,0,0,4,1,1,1,43,7,12740,2,2,-1,1,-1
2015100476715,1,9,0,13,0,0,0,0,0,0,0,1,6,3,-1,-1,-1,-1,-1,-1,-1,-1
2015100476715,2,9,0,18,0,0,0,0,0,0,1,1,6,1,42,7,2198,1,13,-1,2,-1
2015100476715,3,90,0,18,0,0,0,0,0,0,2,1,6,1,81,11,2287,2,-1,-1,3,-1
2015100477215,1,9,0,18,0,1,0,0,0,0,1,1,6,1,52,8,1997,2,-1,-1,1,-1
2015100477215,2,5,0,10,0,1,0,0,0,0,2,1,6,1,52,8,865,1,7,-1,3,-1
2015100477315,1,2,0,18,0,0,0,0,0,0,1,1,6,3,-1,-1,-1,-1,-1,-1,-1,-1
2015100477315,2,1,0,3,9,0,0,0,0,0,1,1,6,1,24,5,-1,-1,-1,-1,1,-1
2015100477415,1,9,0,9,0,6,0,0,0,0,0,1,6,3,-1,-1,-1,-1,-1,-1,-1,-1
2015100477415,2,5,0,18,0,8,1,0,0,0,2,1,6,1,59,9,-1,-1,-1,-1,1,-1
2015100477415,3,9,0,18,0,8,1,0,0,0,1,1,6,1,31,6,1595,1,7,-1,1,-1
2015100477615,1,9,0,18,4,8,0,0,0,0,1,1,6,2,31,6,1598,1,1,-1,1,-1
2015100477615,2,1,0,18,0,8,0,0,0,0,1,1,2,1,50,8,-1,-1,-1,-1,1,-1
2015100477915,1,3,0,18,9,1,0,0,0,0,1,1,6,1,27,6,124,1,4,-1,1,-1
2015100478715,1,9,0,9,0,6,0,0,0,0,4,1,6,2,21,5,1368,1,4,-1,1,-1
2015100478715,2,9,0,9,0,5,0,0,0,0,3,1,6,2,40,7,-1,-1,-1,-1,1,-1
2015100478815,1,9,0,18,0,8,1,0,0,0,1,1,2,2,44,7,1396,1,11,-1,1,-1
2015100478815,2,9,0,3,0,8,0,0,0,0,2,1,6,1,71,10,1398,1,1,-1,2,-1
2015100478815,3,9,0,3,0,8,0,0,0,0,2,1,6,2,31,6,-1,-1,-1,-1,2,-1
2015100479015,1,9,0,16,0,0,2,0,2,0,4,1,6,1,27,6,1199,1,11,-1,1,-1
2015100479115,1,9,0,18,0,0,0,0,0,0,1,1,6,1,85,11,1149,1,11,-1,1,-1
2015100479115,2,9,0,4,0,0,0,0,0,0,2,1,6,1,26,6,1968,2,7,-1,1,-1
2015100479115,3,9,0,4,0,0,0,0,0,0,2,1,6,1,25,5,2400,2,5,-1,1,-1