Accident_Index,Vehicle_Reference,Vehicle_Type,Towing_and_Articulation,Vehicle_Manoeuvre,Vehicle_Location-Restricted_Lane,Junction_Location,Skidding_and_Overturning,Hit_Object_in_Carriageway,Vehicle_Leaving_Carriageway,Hit_Object_off_Carriageway,1st_Point_of_Impact,Was_Vehicle_Left_Hand_Drive?,Journey_Purpose_of_Driver,Sex_of_Driver,Age_of_Driver,Age_Band_of_Driver,Engine_Capacity_(CC),Propulsion_Code,Age_of_Vehicle,Driver_IMD_Decile,Driver_Home_Area_Type,Vehicle_IMD_Decile
2015100613015,2,9,0,18,0,8,0,0,0,0,1,1,6,1,51,8,1910,2,6,-1,1,-1
2015100613115,1,9,0,18,0,3,0,0,0,0,0,1,6,1,44,7,998,1,13,-1,1,-1
2015100613115,2,5,0,18,0,8,0,0,0,0,1,1,6,1,51,8,599,1,-1,-1,1,-1
2015100613615,1,19,0,9,0,5,0,0,0,0,0,1,1,3,-1,-1,1598,2,-1,-1,-1,-1
2015100613615,2,11,0,13,0,8,0,0,0,0,4,1,1,1,45,7,3900,2,12,-1,1,-1
2015100613715,1,9,0,9,0,6,0,0,0,0,1,1,6,2,23,5,998,1,1,-1,1,-1
2015100613715,2,1,0,18,0,8,0,0,0,0,1,1,6,1,47,8,-1,-1,-1,-1,-1,-1
2015100613915,1,9,0,18,0,1,0,0,0,0,3,1,6,2,69,10,-1,-1,-1,-1,2,-1
2015100613915,2,9,0,18,0,2,0,0,0,0,3,1,6,1,20,4,1598,1,5,-1,1,-1
2015100614315,1,9,0,9,0,8,0,0,0,0,1,1,1,2,22,5,1242,1,1,-1,1,-1
2015100614315,2,9,0,1,0,4,0,0,0,0,3,1,1,2,31,6,1242,1,2,-1,1,-1
2015100614415,1,21,0,18,0,1,0,0,0,0,1,1,1,1,47,8,12419,2,3,-1,1,-1
2015100614415,2,19,0,3,0,1,0,0,0,0,2,1,1,2,47,8,-1,-1,-1,-1,1,-1
2015100614415,3,9,0,3,0,1,0,0,0,0,2,1,1,2,29,6,1360,1,3,-1,-1,-1
2015100614615,1,19,0,18,0,1,0,0,0,0,2,1,6,3,-1,-1,2982,2,3,-1,-1,-1
2015100614615,2,9,0,3,0,1,0,0,0,0,1,1,6,1,44,7,1968,2,7,-1,1,-1
2015100614715,1,9,0,18,0,8,0,0,0,0,1,1,3,1,45,7,1870,2,11,-1,1,-1
2015100614715,2,9,0,5,0,8,0,0,0,0,4,1,3,2,43,7,2488,1,11,-1,1,-1
2015100614815,1,11,0,4,0,0,0,0,0,0,0,1,1,1,52,8,9000,5,1,-1,1,-1
2015100615015,1,9,0,9,0,1,0,0,0,0,4,1,1,1,18,4,-1,-1,-1,-1,-1,-1
2015100615015,2,3,0,18,0,1,0,0,0,0,1,1,1,1,23,5,125,1,2,-1,1,-1
2015100615715,1,9,0,18,0,0,1,0,1,0,1,1,1,2,51,8,1597,1,11,-1,1,-1
2015100615715,2,9,0,18,0,0,0,0,0,0,0,1,6,3,-1,-1,-1,-1,-1,-1,-1,-1
2015100616315,1,1,0,18,0,8,0,0,0,0,1,1,4,1,15,3,-1,-1,-1,-1,1,-1
2015100616315,2,9,0,9,0,6,0,0,0,0,1,1,3,2,30,6,1390,1,11,-1,1,-1
2015100616415,1,9,0,18,0,0,0,0,0,0,1,1,3,2,30,6,1598,2,2,-1,1,-1
2015100616415,2,9,0,4,0,0,0,0,0,0,2,1,3,2,47,8,1198,1,2,-1,1,-1
2015100616515,1,9,0,18,0,0,0,0,0,0,1,1,6,1,29,6,2969,2,8,-1,-1,-1
2015100616515,2,9,0,18,0,0,0,0,1,0,2,1,6,1,25,5,2143,2,-1,-1,-1,-1
2015100617015,1,9,0,16,0,0,0,0,3,11,1,1,6,1,64,9,-1,-1,-1,-1,1,-1
2015100617315,1,9,0,18,0,1,0,0,0,0,4,1,6,1,52,8,1840,1,15,-1,1,-1
2015100617315,2,9,0,2,0,1,0,0,0,0,3,1,6,2,48,8,1560,2,2,-1,1,-1
2015100617315,3,9,0,2,0,1,0,0,0,0,1,1,6,1,52,8,1896,2,13,-1,1,-1
2015100617515,1,9,0,18,0,4,0,0,0,0,1,1,6,3,-1,-1,-1,-1,-1,-1,-1,-1
2015100617515,2,1,0,18,0,8,5,0,0,0,2,1,1,1,47,8,-1,-1,-1,-1,1,-1
2015100618415,1,9,0,18,0,1,0,0,0,0,4,1,6,3,-1,-1,-1,-1,-1,-1,-1,-1
2015100618815,1,9,0,18,0,1,0,0,0,0,3,1,6,1,40,7,1896,2,6,-1,1,-1
2015100619215,1,9,0,9,0,6,0,0,0,0,1,1,6,2,26,6,1229,1,2,-1,1,-1
2015100619515,1,21,1,12,0,1,0,0,0,0,3,1,1,3,-1,-1,10677,2,-1,-1,-1,-1
2015100619515,2,9,0,18,0,1,0,0,0,0,4,1,6,2,37,7,1598,2,1,-1,1,-1
2015100619815,1,9,0,7,0,8,0,0,0,0,1,1,6,1,27,6,1400,1,9,-1,2,-1
2015100619815,2,9,0,18,0,8,0,0,0,0,4,1,6,1,19,4,999,1,11,-1,1,-1
2015100620115,1,9,0,18,0,0,0,0,0,0,1,1,6,1,37,7,-1,-1,-1,-1,1,-1
2015100620115,2,9,0,3,0,0,0,0,0,0,2,1,1,1,26,6,1997,2,12,-1,1,-1
2015100620315,1,9,0,9,0,8,0,0,0,0,1,1,6,1,85,11,1386,1,9,-1,1,-1
2015100620315,2,3,0,18,0,8,0,0,0,0,1,1,6,1,30,6,125,1,-1,-1,1,-1
2015100620415,1,9,0,9,0,6,0,0,0,0,1,1,2,1,34,6,1896,2,13,-1,1,-1
2015100620415,2,9,0,18,0,1,0,0,0,0,1,1,2,1,35,6,1198,1,1,-1,1,-1
2015100620415,3,19,0,18,0,1,0,0,0,0,1,1,1,1,49,8,2402,2,4,-1,2,-1
2015100620615,1,9,0,9,0,6,0,0,0,0,1,1,6,1,80,11,-1,-1,-1,-1,1,-1
2015100620615,2,90,0,18,0,8,0,0,0,0,1,1,1,2,23,5,2299,2,1,-1,1,-1
2015100620715,1,9,0,12,0,0,0,10,4,0,3,1,2,1,30,6,1998,1,9,-1,1,-1
2015100620715,2,9,0,18,0,0,1,0,0,0,1,1,2,1,40,7,1870,2,12,-1,3,-1
2015100620815,1,9,0,6,0,2,0,0,0,0,3,1,6,2,58,9,1595,1,15,-1,1,-1
2015100620815,2,90,0,14,0,2,0,0,0,0,1,1,1,2,31,6,2987,2,-1,-1,1,-1
2015100620915,1,9,0,18,0,0,1,0,1,4,1,1,6,1,30,6,1998,1,15,-1,1,-1
2015100621315,1,9,0,18,0,8,0,0,0,0,0,1,6,1,22,5,1149,1,13,-1,1,-1
2015100621315,2,11,0,18,0,8,0,0,0,0,0,1,1,1,53,8,-1,-1,-1,-1,-1,-1
2015100621715,1,19,0,18,0,0,0,0,0,0,3,1,1,1,61,9,2143,2,-1,-1,-1,-1
2015100621715,2,9,0,18,0,0,0,0,0,0,3,1,1,1,30,6,1198,1,4,-1,-1,-1
2015100622215,1,9,0,18,0,0,0,0,0,0,0,1,2,2,27,6,1349,1,6,-1,1,-1
2015100622215,2,9,0,3,0,0,0,0,0,0,2,1,6,1,40,7,1199,1,15,-1,1,-1
2015100622215,3,9,0,3,0,0,0,0,0,0,2,1,2,2,-1,-1,999,1,1,-1,1,-1
2015100622315,1,9,0,4,0,1,0,0,0,0,1,1,6,2,25,5,1339,1,13,-1,1,-1
2015100622315,2,9,0,3,0,1,0,0,0,0,2,1,6,1,47,8,-1,-1,-1,-1,1,-1
2015100622415,1,9,0,7,0,5,0,0,0,0,2,1,1,1,48,8,-1,-1,-1,-1,1,-1
2015100622415,2,1,0,18,0,8,0,0,0,0,1,1,6,1,48,8,-1,-1,-1,-1,1,-1
2015100622515,1,9,0,18,0,2,0,0,0,0,1,1,6,1,22,5,998,1,11,-1,-1,-1
2015100622515,2,9,0,2,0,2,0,0,1,0,3,1,6,1,-1,-1,998,1,9,-1,1,-1
2015100622515,3,9,0,2,0,2,0,0,0,0,3,1,6,1,-1,-1,1598,2,4,-1,1,-1
2015100622715,1,19,0,9,0,6,5,0,0,0,3,1,6,1,52,8,1896,2,6,-1,1,-1
2015100622715,2,9,0,18,0,1,0,0,0,0,1,1,6,2,20,4,1490,1,9,-1,2,-1
2015100622715,3,9,0,10,0,1,0,0,0,0,1,1,6,1,41,7,1461,2,3,-1,-1,-1
2015100622915,1,1,0,18,0,1,0,0,0,0,0,1,6,3,-1,-1,-1,-1,-1,-1,-1,-1
2015100622915,2,9,0,18,0,1,0,9,3,0,3,1,6,1,71,10,1560,2,2,-1,1,-1
2015100623415,1,9,0,8,0,1,0,0,0,0,2,1,2,1,33,6,1242,1,1,-1,1,-1
2015100623415,2,9,0,18,0,1,0,0,0,0,1,1,6,2,71,10,1461,2,3,-1,1,-1
2015100623715,1,11,0,4,0,0,0,0,0,0,4,1,1,2,31,6,-1,-1,-1,-1,-1,-1
2015100623815,1,9,0,18,0,8,0,0,0,0,4,1,6,1,26,6,1995,2,4,-1,3,-1
2015100623815,2,1,0,7,0,6,0,0,0,0,1,1,6,2,26,6,-1,-1,-1,-1,1,-1
2015100623915,1,9,0,18,0,2,0,0,0,0,1,1,6,1,39,7,-1,-1,-1,-1,1,-1
2015100623915,2,9,0,3,0,2,0,0,0,0,2,1,1,1,63,9,1998,2,9,-1,1,-1
2015100624215,1,9,0,18,0,0,0,0,0,0,1,1,6,1,18,4,998,1,4,-1,1,-1
2015100624215,2,9,0,2,0,0,0,0,0,0,3,1,6,3,-1,-1,2000,1,8,-1,1,-1
2015100624215,3,9,0,2,0,0,0,0,0,0,2,1,6,3,-1,-1,1951,2,12,-1,1,-1
2015100624315,1,9,0,17,0,0,2,0,8,10,3,1,6,1,19,4,1149,1,9,-1,1,-1
2015100624415,1,9,0,16,0,0,1,0,2,9,4,1,6,1,46,8,1998,2,10,-1,3,-1
2015100624415,2,19,0,18,0,0,0,0,0,0,1,1,1,1,45,7,2198,2,2,-1,3,-1
2015100624515,1,9,0,5,0,4,0,0,0,0,1,1,6,1,-1,-1,1396,1,9,-1,-1,-1
2015100624515,2,9,0,3,0,1,0,0,0,0,2,1,6,2,26,6,1229,1,7,-1,1,-1
2015100624615,1,90,0,9,0,5,0,0,0,0,2,1,1,2,31,6,12740,2,4,-1,1,-1
2015100624615,2,9,0,17,0,8,0,0,7,0,1,1,2,2,22,5,1242,1,2,-1,2,-1
2015100624715,1,3,0,18,0,0,5,0,0,0,3,1,2,1,37,7,125,1,1,-1,-1,-1
2015100624715,2,9,0,3,0,0,0,0,0,0,0,1,6,1,89,11,1240,1,8,-1,1,-1
2015100624815,1,19,0,17,0,0,0,0,7,0,1,1,6,1,48,8,1248,2,-1,-1,1,-1
2015100624815,2,10,0,16,0,0,0,0,0,0,1,1,6,1,61,9,2463,2,13,-1,3,-1
2015100624915,1,9,0,9,0,5,0,0,0,0,1,1,6,1,50,8,1461,2,1,-1,1,-1
2015100624915,2,1,0,18,0,8,0,0,0,0,3,1,2,1,43,7,-1,-1,-1,-1,1,-1
2015100625015,1,9,0,18,0,0,0,0,0,0,1,1,6,1,44,7,1560,2,1,-1,-1,-1
2015100625015,2,9,0,3,0,0,0,0,0,0,2,1,6,1,58,9,2099,1,12,-1,1,-1
2015100625015,3,9,0,3,0,0,0,0,0,0,2,1,6,2,43,7,1149,1,-1,-1,1,-1
2015100625115,1,9,0,4,0,0,0,0,0,0,1,1,6,1,-1,-1,1598,1,5,-1,-1,-1
2015100625115,2,4,0,4,0,0,0,0,0,0,2,1,6,1,32,6,249,1,6,-1,2,-1
2015100625215,1,9,0,16,0,0,0,0,0,0,1,1,1,1,25,5,1596,1,5,-1,3,-1
2015100625215,2,11,0,17,0,0,0,0,0,0,1,1,2,1,51,8,3900,2,10,-1,1,-1
2015100625715,1,11,0,9,0,5,0,0,0,0,1,1,1,1,37,7,6700,2,7,-1,1,-1
2015100625715,2,1,0,18,0,8,0,0,0,0,1,1,2,1,51,8,-1,-1,-1,-1,1,-1
2015100625815,1,9,0,18,0,1,0,0,0,0,1,1,2,2,29,6,1896,2,6,-1,1,-1
2015100625815,2,9,0,4,0,1,0,0,0,0,2,1,2,1,18,4,1229,1,3,-1,1,-1
2015100625915,1,21,1,12,0,0,0,0,0,0,2,1,6,1,30,6,10308,2,3,-1,-1,-1
2015100625915,2,9,0,18,0,0,0,0,0,0,1,1,6,2,32,6,1896,2,13,-1,1,-1
2015100626015,1,19,0,17,0,0,0,0,0,0,3,1,1,1,34,6,2287,2,7,-1,1,-1
2015100626015,2,9,0,18,0,0,0,0,1,0,3,1,6,1,56,9,1896,2,10,-1,3,-1
2015100626115,1,9,0,18,0,8,0,0,0,0,3,1,6,1,38,7,1968,2,4,-1,1,-1
2015100626115,2,1,0,18,0,8,0,0,0,0,1,1,6,1,19,4,-1,-1,-1,-1,-1,-1
2015100626415,1,9,0,18,0,8,0,0,0,0,1,1,6,1,33,6,1560,2,2,-1,1,-1
2015100626415,2,9,0,18,0,8,0,0,0,0,3,1,1,1,35,6,2993,2,-1,-1,-1,-1
2015100626515,1,90,0,4,0,0,0,0,0,0,0,1,6,2,50,8,1584,1,39,-1,1,-1
2015100626515,2,19,0,12,0,0,0,0,0,0,3,1,1,1,45,7,-1,-1,-1,-1,1,-1
2015100626515,3,9,0,18,0,0,5,0,5,6,1,1,1,2,34,6,1560,2,2,-1,1,-1
2015100626715,1,8,0,18,0,0,1,12,0,0,3,1,1,1,54,8,1598,2,2,-1,1,-1
2015100626815,1,9,0,18,0,2,0,0,0,0,1,1,6,1,25,5,1796,1,10,-1,1,-1
2015100626915,1,9,0,9,0,6,0,0,0,0,3,1,6,1,75,10,1796,1,10,-1,3,-1
2015100626915,2,9,4,18,0,8,0,0,1,11,1,1,6,1,51,8,1995,2,11,-1,1,-1
2015100627215,1,9,0,18,0,0,0,0,0,0,0,1,2,1,40,7,1686,2,4,-1,1,-1
2015100627215,2,9,0,3,0,0,0,0,0,0,2,1,2,1,31,6,1598,1,-1,-1,-1,-1
2015100627815,1,9,0,4,0,0,0,0,0,0,1,1,1,1,61,9,2231,2,9,-1,1,-1
2015100627815,2,9,0,4,0,0,1,1,0,0,1,1,2,2,20,4,1390,1,1,-1,1,-1
2015100627815,3,9,0,3,0,0,0,0,0,0,3,1,2,1,55,8,1968,2,2,-1,1,-1
2015100627815,4,9,0,3,0,0,0,0,0,0,2,1,2,2,56,9,1586,1,1,-1,1,-1
2015100628115,1,11,0,3,0,2,0,0,0,0,0,1,6,1,69,10,3900,2,10,-1,1,-1
2015100628415,1,9,0,7,0,4,0,0,0,0,4,1,6,2,31,6,1995,2,-1,-1,1,-1
2015100628415,2,9,0,18,0,4,0,0,0,0,1,1,6,2,51,8,1124,1,6,-1,1,-1
2015100628515,1,9,0,18,0,1,0,0,0,0,1,1,6,1,19,4,2143,2,2,-1,1,-1
2015100628515,2,5,0,3,0,1,0,0,0,0,2,1,6,1,52,8,781,1,17,-1,1,-1
2015100628615,1,9,0,4,0,1,1,0,0,0,1,1,6,1,19,4,1590,1,17,-1,1,-1
2015100628615,2,9,0,18,0,2,0,0,0,0,1,1,6,1,54,8,1994,2,13,-1,3,-1
2015100628715,1,5,0,13,0,8,0,0,0,0,4,1,2,1,47,8,660,1,7,-1,1,-1
2015100628715,2,9,0,9,0,5,0,0,0,0,3,1,2,1,24,5,1896,2,12,-1,2,-1
2015100628815,1,9,0,18,0,0,0,0,0,0,1,1,6,2,-1,-1,1587,1,11,-1,1,-1
2015100629015,1,9,0,18,0,6,0,0,0,0,1,1,6,1,18,4,998,1,2,-1,2,-1
2015100629015,2,9,0,18,0,8,5,0,1,0,3,1,6,1,31,6,1598,1,4,-1,-1,-1
2015100629215,1,9,0,18,0,8,0,0,0,0,1,1,6,1,58,9,1799,1,8,-1,1,-1
2015100629215,2,1,0,18,0,8,0,0,0,0,1,1,6,1,16,4,-1,-1,-1,-1,1,-1
2015100629515,1,9,0,18,0,1,0,0,0,0,1,1,6,2,52,8,1461,2,2,-1,1,-1
2015100629815,1,9,0,18,0,2,0,0,0,0,1,1,6,1,61,9,-1,-1,-1,-1,1,-1
2015100629815,2,9,0,8,0,1,0,0,0,0,3,1,6,2,41,7,1598,1,5,-1,1,-1
2015100630215,1,90,0,18,9,2,0,10,7,10,1,1,6,1,39,7,700,1,9,-1,-1,-1
2015100630615,1,9,0,17,0,0,2,10,0,0,4,1,6,1,19,4,1199,1,11,-1,2,-1
2015100630915,1,9,0,18,0,1,0,0,0,0,0,1,6,2,34,6,1242,1,1,-1,1,-1
2015100630915,2,11,0,18,0,1,0,0,0,0,0,1,1,1,28,6,6871,2,12,-1,1,-1
2015100631015,1,11,0,14,0,0,0,0,0,0,4,1,1,1,59,9,4500,2,6,-1,1,-1
2015100631115,1,9,0,4,0,0,0,0,0,0,1,1,6,1,42,7,1560,2,10,-1,1,-1
2015100631115,2,9,0,4,0,0,0,0,0,0,2,1,6,1,44,7,2993,2,1,-1,3,-1
2015100631115,3,9,0,4,0,0,0,0,0,0,2,1,6,1,69,10,1198,1,1,-1,3,-1
2015100631115,4,9,0,4,0,0,0,0,0,0,2,1,6,1,36,7,1995,2,3,-1,3,-1
2015100631115,5,9,0,4,0,0,0,0,0,0,2,1,6,2,28,6,1390,1,13,-1,-1,-1
2015100631215,1,9,0,9,0,1,0,0,0,0,1,1,6,2,61,9,2902,2,7,-1,1,-1
2015100631215,2,9,0,3,0,1,0,0,0,0,2,1,6,2,54,8,1149,1,4,-1,2,-1
2015100631215,3,9,0,3,0,1,0,0,0,0,2,1,6,1,62,9,1560,2,8,-1,1,-1
2015100631415,1,19,0,18,0,8,0,0,0,0,1,1,1,1,44,7,4249,2,2,-1,1,-1
2015100631415,2,9,0,18,0,8,1,10,7,1,4,1,6,1,23,5,1910,2,8,-1,1,-1
2015100631615,1,9,0,7,0,6,0,0,0,0,1,1,6,2,18,4,998,1,11,-1,1,-1
2015100631615,2,1,0,18,0,8,0,0,0,0,2,1,6,1,35,6,-1,-1,-1,-1,1,-1
2015100631815,1,11,0,4,0,1,0,0,0,0,0,1,1,1,46,8,9600,2,15,-1,1,-1
2015100632015,1,21,0,12,0,1,0,0,0,0,1,2,1,1,28,6,-1,-1,-1,-1,-1,-1
2015100632015,2,9,0,18,0,1,0,0,0,0,4,1,6,1,31,6,1686,2,13,-1,2,-1
2015100632115,1,9,0,9,0,8,0,0,0,0,3,1,6,1,27,6,1598,2,3,-1,1,-1
2015100632115,2,9,0,18,0,1,0,0,0,0,1,1,6,1,56,9,1339,1,8,-1,1,-1
2015100632415,1,9,0,5,0,6,0,0,0,0,1,1,6,1,61,9,2179,2,2,-1,2,-1
2015100632415,2,9,0,18,0,8,0,0,0,0,3,1,6,2,78,11,1199,1,13,-1,2,-1
2015100632515,1,9,0,16,0,1,2,0,1,0,1,1,1,1,36,7,1598,2,4,-1,3,-1
2015100632715,1,9,0,9,0,5,0,0,0,0,4,1,6,2,77,11,1240,1,6,-1,2,-1
2015100632715,2,11,0,18,0,8,0,0,0,0,1,1,1,1,61,9,9000,2,8,-1,1,-1
2015100633715,1,3,0,16,0,1,0,0,0,0,1,1,2,1,29,6,125,1,1,-1,1,-1
2015100633715,2,19,0,17,0,1,0,0,0,0,1,1,2,1,63,9,2198,2,4,-1,1,-1
2015100633815,1,9,0,18,0,8,0,0,0,0,1,1,6,3,-1,-1,1995,2,13,-1,-1,-1
2015100633815,2,9,0,8,0,1,0,0,0,0,2,1,6,1,31,6,1896,2,8,-1,1,-1
2015100633915,1,9,0,18,0,0,0,7,0,10,1,1,1,2,50,8,-1,3,3,-1,1,-1
2015100634215,1,9,0,5,0,1,0,0,0,0,1,1,1,1,32,6,1995,2,6,-1,1,-1
2015100634215,2,1,0,10,0,1,0,0,0,0,2,1,1,1,24,5,-1,-1,-1,-1,1,-1
2015100634315,1,9,0,16,0,1,1,0,7,1,3,1,6,1,32,6,1461,2,7,-1,1,-1
2015100634415,1,9,0,18,0,1,0,0,0,0,1,1,6,1,25,5,1995,2,4,-1,-1,-1
2015100634415,2,9,0,18,0,1,0,0,0,0,3,1,6,2,21,5,998,1,6,-1,1,-1
2015100634415,3,9,0,2,0,1,0,0,0,0,1,1,6,2,28,6,1461,2,1,-1,1,-1
2015100634415,4,19,0,2,0,1,0,0,0,0,1,1,6,1,36,7,1248,2,1,-1,1,-1
2015100634615,1,9,0,7,0,5,0,0,0,0,4,1,6,3,-1,-1,-1,-1,-1,-1,-1,-1
2015100634915,1,11,0,5,2,0,0,0,0,0,0,1,1,1,36,7,6700,2,7,-1,-1,-1
2015100635015,1,9,0,18,0,8,0,0,0,0,1,1,6,3,-1,-1,-1,-1,-1,-1,-1,-1
2015100635715,1,9,0,18,0,1,0,0,0,0,1,1,6,3,-1,-1,-1,-1,-1,-1,-1,-1
2015100635715,2,9,0,3,0,1,0,0,0,0,2,1,6,2,37,7,1248,2,10,-1,1,-1
2015100635915,1,9,0,11,0,1,0,0,0,0,0,1,6,3,-1,-1,-1,-1,-1,-1,-1,-1
2015100635915,2,11,0,17,0,1,0,0,0,0,0,1,6,1,46,8,4760,2,2,-1,-1,-1
2015100636115,1,9,0,7,0,6,0,0,0,0,1,1,6,2,29,6,2993,2,-1,-1,1,-1
2015100636115,2,11,0,4,0,8,0,0,0,0,4,1,1,1,33,6,4500,2,4,-1,1,-1
2015100636315,1,9,0,17,0,0,0,0,0,0,1,1,6,3,-1,-1,1242,1,13,-1,-1,-1
2015100636315,2,9,0,16,0,0,0,0,0,0,1,1,6,1,45,7,2231,2,10,-1,1,-1
2015100636515,1,11,0,4,0,0,0,0,0,0,0,1,6,1,51,8,4461,2,2,-1,1,-1
2015100636615,1,21,0,18,0,8,0,0,0,0,1,1,1,1,21,5,5480,2,16,-1,-1,-1
2015100636615,2,9,0,18,0,8,0,0,0,0,2,1,6,2,22,5,998,1,8,-1,1,-1
2015100637215,1,9,0,18,0,0,5,0,0,0,1,1,6,2,31,6,1598,1,6,-1,1,-1
2015100637215,2,9,0,2,0,0,0,0,0,0,2,1,6,3,-1,-1,1749,1,11,-1,1,-1
2015100637615,1,9,0,9,0,8,0,0,0,0,3,1,6,1,39,7,1599,1,12,-1,1,-1
2015100637615,2,9,0,18,0,8,0,0,0,0,1,1,1,2,50,8,1198,1,-1,-1,1,-1
2015100637815,1,9,0,9,0,8,0,0,0,0,0,1,6,3,-1,-1,-1,-1,-1,-1,-1,-1
2015100637815,2,11,0,18,0,8,0,0,0,0,0,1,1,2,49,8,6370,2,5,-1,2,-1
2015100637915,1,9,0,18,0,8,0,0,0,0,4,1,6,1,58,9,2401,2,12,-1,1,-1
2015100637915,2,9,0,18,0,8,0,0,0,0,1,1,6,1,55,8,1896,2,11,-1,1,-1
2015100638015,1,9,0,9,0,8,0,0,0,0,1,1,6,3,-1,-1,1796,1,11,-1,-1,-1
2015100638115,1,11,0,5,0,0,0,0,0,0,0,1,1,1,38,7,6370,2,7,-1,1,-1
2015100638315,1,9,0,16,0,0,0,0,0,0,1,1,6,2,26,6,1299,1,13,-1,3,-1
2015100638315,2,9,0,17,0,0,0,0,0,0,1,1,6,1,69,10,-1,-1,-1,-1,1,-1
2015100638615,1,9,0,18,0,0,0,0,0,0,1,1,6,1,21,5,1422,2,13,-1,1,-1
2015100638615,2,9,0,3,0,0,0,0,0,0,2,1,6,1,19,4,1149,1,8,-1,2,-1
2015100639115,1,9,0,3,0,1,0,0,0,0,1,1,6,3,-1,-1,-1,-1,-1,-1,-1,-1
2015100639115,2,9,0,3,0,1,0,0,0,0,2,1,6,1,43,7,1753,2,12,-1,1,-1
2015100639215,1,9,0,18,0,2,0,0,0,0,1,1,6,1,24,5,1984,1,7,-1,1,-1
2015100639215,2,9,0,18,0,2,0,0,0,0,2,1,6,1,48,8,1870,2,4,-1,-1,-1
2015100639315,1,9,0,1,0,0,0,0,0,0,2,1,6,1,-1,-1,2148,2,5,-1,1,-1
2015100639315,2,8,0,2,0,0,0,0,0,0,3,1,1,1,56,9,1598,2,1,-1,-1,-1
2015100639415,1,9,0,4,0,1,0,0,0,0,1,1,6,3,-1,-1,1598,1,5,-1,-1,-1
2015100639415,2,9,0,3,0,1,0,0,0,0,2,1,6,1,26,6,1560,2,1,-1,1,-1
2015100639515,1,9,0,9,0,5,0,0,0,0,1,1,6,2,49,8,1598,1,12,-1,1,-1
2015100639515,2,3,0,18,0,8,0,0,0,0,1,1,6,1,35,6,124,1,4,-1,1,-1
2015100639715,1,9,0,18,0,8,0,0,0,0,1,1,6,1,-1,-1,1461,2,5,-1,1,-1
2015100639715,2,9,0,9,0,6,0,0,0,0,1,1,6,1,53,8,2400,2,-1,-1,1,-1
2015100639915,1,9,0,18,0,0,0,0,0,0,3,1,6,3,-1,-1,-1,-1,-1,-1,-1,-1
2015100640915,1,9,0,1,0,0,0,0,0,0,2,1,6,1,68,10,1798,1,5,-1,1,-1
2015100640915,2,9,0,2,0,0,0,0,0,0,3,1,1,2,52,8,1997,2,12,-1,1,-1
2015100641115,1,3,0,18,0,8,0,0,0,0,0,1,6,1,32,6,125,1,2,-1,1,-1
2015100641615,1,9,0,18,0,0,0,0,0,0,3,1,2,2,59,9,1248,1,3,-1,2,-1
2015100641715,1,9,0,1,0,1,0,0,0,0,2,1,2,1,52,8,1198,1,1,-1,2,-1
2015100642115,1,19,0,18,0,8,0,0,0,0,1,1,1,1,43,7,3920,2,9,-1,1,-1
2015100642115,2,9,0,7,0,6,0,0,0,0,2,1,6,2,52,8,1364,1,8,-1,3,-1
2015100642415,1,11,0,9,0,5,0,0,0,0,0,1,1,1,22,5,-1,2,15,-1,1,-1
2015100642615,1,5,0,18,0,2,0,0,0,0,3,1,6,3,-1,-1,-1,-1,-1,-1,-1,-1
2015100642815,1,9,0,18,0,8,0,0,0,0,1,1,2,1,61,9,1598,1,15,-1,-1,-1
2015100642815,2,1,0,18,0,8,0,0,0,0,4,1,2,1,41,7,-1,-1,-1,-1,1,-1
2015100643415,1,9,0,9,0,6,0,10,0,11,1,1,6,1,43,7,1199,1,12,-1,1,-1
2015100643415,2,9,0,9,0,5,0,0,0,0,1,1,6,1,-1,-1,1956,2,6,-1,1,-1
2015100644215,1,9,0,18,0,7,0,0,0,0,1,1,6,1,44,7,-1,-1,-1,-1,1,-1
2015100644215,2,9,0,3,0,7,0,0,0,0,2,1,6,1,25,5,1956,2,6,-1,1,-1
2015100644215,3,9,0,3,0,7,0,0,0,0,2,1,6,2,43,7,1229,1,8,-1,1,-1
2015100644315,1,9,0,18,0,3,0,10,8,2,3,1,2,2,23,5,1753,2,8,-1,-1,-1
2015100644415,1,9,0,18,0,1,0,0,0,10,1,1,6,2,68,10,-1,-1,-1,-1,2,-1
2015100644615,1,9,0,18,0,0,0,0,0,0,4,1,1,3,-1,-1,-1,-1,-1,-1,-1,-1
2015100645015,1,9,0,9,0,5,0,0,0,0,1,1,6,1,52,8,1956,2,-1,-1,1,-1
2015100645015,2,9,0,18,0,8,0,0,0,0,1,1,6,1,25,5,1598,2,-1,-1,1,-1
2015100645215,1,11,0,18,0,0,0,0,0,0,3,1,1,1,64,9,6700,2,7,-1,1,-1
2015100645315,1,9,0,18,0,8,0,0,0,0,3,1,6,2,49,8,1398,1,1,-1,2,-1
2015100645315,2,9,0,11,0,3,0,0,0,0,4,1,6,1,18,4,1149,1,11,-1,2,-1
2015100645515,1,9,0,18,0,0,1,0,2,2,1,1,6,1,23,5,1242,1,13,-1,1,-1