Accident_Index,Vehicle_Reference,Vehicle_Type,Towing_and_Articulation,Vehicle_Manoeuvre,Vehicle_Location-Restricted_Lane,Junction_Location,Skidding_and_Overturning,Hit_Object_in_Carriageway,Vehicle_Leaving_Carriageway,Hit_Object_off_Carriageway,1st_Point_of_Impact,Was_Vehicle_Left_Hand_Drive?,Journey_Purpose_of_Driver,Sex_of_Driver,Age_of_Driver,Age_Band_of_Driver,Engine_Capacity_(CC),Propulsion_Code,Age_of_Vehicle,Driver_IMD_Decile,Driver_Home_Area_Type,Vehicle_IMD_Decile
2015100687515,1,19,0,18,0,2,0,0,0,0,3,1,6,3,-1,-1,-1,-1,-1,-1,-1,-1
2015100688115,1,9,0,18,0,2,0,0,0,0,1,1,6,1,48,8,1560,2,5,-1,1,-1
2015100688215,1,9,0,5,0,4,0,0,0,0,1,1,6,1,86,11,1198,1,3,-1,1,-1
2015100688215,2,9,0,18,0,8,0,0,0,0,4,1,1,1,63,9,-1,-1,-1,-1,1,-1
2015100688315,1,9,0,11,0,3,0,0,0,0,1,1,6,2,28,6,2268,2,1,-1,2,-1
2015100688315,2,9,0,18,0,3,0,0,0,0,3,1,6,2,66,10,-1,-1,-1,-1,1,-1
2015100688415,1,9,0,18,0,1,1,0,0,0,1,1,1,2,25,5,1299,1,12,-1,1,-1
2015100688615,1,11,0,3,0,1,0,0,0,0,1,1,1,2,44,7,6700,2,4,-1,1,-1
2015100688815,1,9,0,18,0,2,0,0,0,0,3,1,2,1,55,8,1364,1,5,-1,1,-1
2015100689115,1,9,0,1,0,0,0,0,0,0,2,1,6,3,-1,-1,998,1,-1,-1,-1,-1
2015100689215,1,9,0,18,0,0,0,0,0,0,1,1,6,1,23,5,1968,2,9,-1,1,-1
2015100689315,1,9,0,18,0,1,0,0,0,0,1,1,6,1,22,5,1149,1,10,-1,1,-1
2015100689315,2,9,0,4,0,1,0,0,0,0,2,1,2,1,43,7,1968,2,5,-1,1,-1
2015100689415,1,21,0,4,0,0,0,0,0,0,1,1,1,1,51,8,10308,2,1,-1,-1,-1
2015100689415,2,9,0,3,0,0,0,0,0,0,2,1,6,1,35,6,1781,1,12,-1,1,-1
2015100689415,3,9,0,3,0,0,0,0,0,0,2,1,6,2,65,9,1956,2,4,-1,2,-1
2015100689815,1,9,0,9,0,5,0,0,0,0,1,1,6,1,30,6,1560,2,6,-1,1,-1
2015100689815,2,9,0,18,0,8,0,0,0,0,2,1,6,2,48,8,999,1,1,-1,1,-1
2015100690015,1,9,0,18,0,0,1,0,7,4,1,1,6,1,28,6,1975,1,11,-1,1,-1
2015100690115,1,9,0,18,0,4,0,0,0,0,3,1,6,2,41,7,1896,2,8,-1,1,-1
2015100690115,2,9,0,9,0,8,0,0,0,0,1,1,6,1,63,9,1796,1,7,-1,2,-1
2015100690215,1,11,0,18,0,1,0,0,0,0,0,1,1,1,34,6,4500,2,6,-1,2,-1
2015100690715,1,9,0,9,0,8,0,0,0,0,1,1,1,1,30,6,-1,-1,-1,-1,1,-1
2015100690715,2,1,0,18,0,8,0,0,0,0,1,1,6,1,24,5,-1,-1,-1,-1,-1,-1
2015100690815,1,9,0,18,0,0,1,0,0,0,2,1,1,1,48,8,-1,-1,-1,-1,-1,-1
2015100690815,2,9,0,18,0,0,0,0,0,0,1,1,1,2,18,4,-1,-1,-1,-1,1,-1
2015100690915,1,9,0,18,0,0,0,0,7,0,1,1,2,1,52,8,2198,2,3,-1,3,-1
2015100690915,2,9,0,18,0,0,0,0,0,0,1,1,6,2,47,8,1399,2,11,-1,1,-1
2015100690915,3,19,0,18,0,0,1,0,0,0,1,1,1,1,30,6,2299,2,1,-1,2,-1
2015100691215,1,9,0,18,0,0,0,0,0,0,1,1,2,1,26,6,1248,2,1,-1,1,-1
2015100691215,2,9,0,3,0,0,0,0,0,0,2,1,2,2,35,6,1598,1,6,-1,2,-1
2015100691315,1,9,0,18,0,0,0,0,0,0,1,1,6,2,84,11,1240,1,10,-1,2,-1
2015100691315,2,9,0,18,0,0,0,0,0,0,1,1,6,1,76,11,1956,2,1,-1,1,-1
2015100691515,1,9,0,18,0,0,5,0,1,10,1,1,6,2,24,5,1490,1,6,-1,2,-1
2015100691515,2,9,0,18,0,0,0,0,0,0,4,1,1,1,53,8,1398,1,3,-1,1,-1
2015100691615,1,9,0,18,0,1,0,0,0,0,1,1,6,1,25,5,1951,2,16,-1,1,-1
2015100691615,2,9,0,3,0,1,0,0,0,0,2,1,6,2,20,4,1997,1,11,-1,1,-1
2015100691715,1,19,0,1,0,0,0,0,0,0,3,1,1,1,44,7,2198,2,8,-1,1,-1
2015100691715,2,1,0,18,0,0,0,0,0,0,1,1,6,1,36,7,-1,-1,-1,-1,2,-1
2015100691815,1,9,0,18,0,1,0,0,0,0,3,1,6,1,28,6,2143,2,5,-1,1,-1
2015100691815,2,9,0,18,0,2,0,0,0,11,3,1,2,1,39,7,1598,1,8,-1,3,-1
2015100692115,1,9,0,18,0,0,0,0,0,0,1,1,1,2,34,6,1461,2,1,-1,1,-1
2015100692215,1,10,0,18,0,0,0,0,0,0,4,1,1,1,44,7,-1,-1,-1,-1,1,-1
2015100692415,1,9,0,18,0,0,5,0,7,7,1,1,6,1,50,8,2188,2,12,-1,1,-1
2015100692415,2,21,0,18,0,0,0,0,0,0,0,1,6,1,46,8,12902,2,2,-1,1,-1
2015100692515,1,9,0,18,0,8,0,0,0,0,3,1,6,1,51,8,1364,1,1,-1,1,-1
2015100692515,2,1,0,18,0,8,0,0,0,0,1,1,2,1,49,8,-1,-1,-1,-1,1,-1
2015100692615,1,9,0,18,0,0,1,0,0,0,1,1,6,1,47,8,1360,1,8,-1,1,-1
2015100692615,2,11,0,2,0,0,0,0,0,0,2,1,1,1,27,6,4500,2,4,-1,1,-1
2015100693115,1,9,0,18,0,1,0,0,0,0,1,1,6,1,-1,-1,1968,2,2,-1,1,-1
2015100693115,2,9,0,3,0,1,0,0,0,0,2,1,6,2,23,5,1248,2,4,-1,-1,-1
2015100693415,1,9,0,16,0,0,1,6,2,11,1,1,2,1,26,6,1587,1,14,-1,1,-1
2015100693515,1,19,0,18,0,0,0,0,0,0,1,1,6,3,-1,-1,-1,-1,-1,-1,-1,-1
2015100693515,2,19,0,2,0,0,0,0,0,0,3,1,6,3,-1,-1,-1,-1,-1,-1,-1,-1
2015100693915,1,3,0,18,0,0,0,0,0,0,1,1,6,1,20,4,125,1,8,-1,1,-1
2015100693915,2,9,0,2,0,0,0,0,0,0,2,1,6,2,47,8,2231,2,4,-1,1,-1
2015100694015,1,9,0,18,0,0,0,0,0,0,1,1,6,3,-1,-1,-1,-1,-1,-1,-1,-1
2015100694115,1,8,0,18,0,0,0,0,0,0,1,1,1,1,29,6,1364,2,-1,-1,1,-1
2015100694215,1,8,0,18,0,0,0,0,0,0,3,1,2,1,59,9,1598,2,4,-1,1,-1
2015100694515,1,9,0,9,0,5,0,0,0,0,4,1,6,1,30,6,1560,2,2,-1,1,-1
2015100694515,2,20,0,18,0,8,0,0,0,0,1,1,6,1,56,9,2198,2,3,-1,1,-1
2015100694515,3,9,0,10,0,1,0,0,0,0,1,1,6,2,41,7,1390,1,13,-1,1,-1
2015100694815,1,9,0,9,0,5,0,0,7,0,4,1,6,2,18,4,1240,1,5,-1,1,-1
2015100694815,2,9,0,18,0,8,0,0,0,0,1,1,6,2,36,7,1968,2,3,-1,3,-1
2015100694915,1,9,0,18,0,1,0,0,0,0,1,1,6,1,25,5,1596,1,13,-1,1,-1
2015100694915,2,1,0,18,0,1,0,0,0,0,1,1,6,1,33,6,-1,-1,-1,-1,-1,-1
2015100695015,1,9,0,7,0,6,0,0,0,0,4,1,2,2,55,8,1200,1,-1,-1,1,-1
2015100695715,1,9,0,17,0,0,1,0,7,9,3,1,6,2,56,9,996,1,5,-1,3,-1
2015100695715,2,19,0,16,0,0,0,0,0,0,3,1,1,1,54,8,2143,2,1,-1,1,-1
2015100695715,3,9,0,18,0,0,0,0,1,9,1,1,6,1,84,11,1991,1,15,-1,3,-1
2015100695815,1,90,0,9,0,6,0,0,0,0,3,1,1,1,38,7,2987,2,1,-1,2,-1
2015100695815,2,9,0,18,0,8,0,0,0,0,1,1,1,1,20,4,-1,-1,-1,-1,3,-1
2015100696015,1,9,0,18,0,0,0,0,0,0,3,1,2,1,47,8,1461,2,-1,-1,1,-1
2015100696515,1,3,0,11,0,8,0,0,0,0,4,1,6,1,52,8,125,1,15,-1,-1,-1
2015100696515,2,9,0,18,0,8,0,0,0,0,1,1,2,1,41,7,1560,2,10,-1,1,-1
2015100696615,1,9,0,18,0,0,0,0,0,0,1,1,6,1,20,4,1198,1,10,-1,3,-1
2015100696615,2,9,0,18,0,0,0,0,0,0,2,1,6,1,71,10,2993,2,1,-1,3,-1
2015100697015,1,9,0,18,0,8,0,0,0,0,1,1,1,2,30,6,1240,1,6,-1,1,-1
2015100697015,2,9,0,18,0,8,0,0,0,0,4,1,6,1,48,8,-1,-1,-1,-1,3,-1
2015100697115,1,9,0,4,0,1,0,0,0,0,1,1,1,2,47,8,1242,1,1,-1,-1,-1
2015100697115,2,20,0,4,0,1,0,0,0,0,2,1,1,1,55,8,2287,2,3,-1,1,-1
2015100697215,1,9,0,18,0,7,0,0,0,0,1,1,6,2,35,6,1242,1,-1,-1,1,-1
2015100697215,2,9,0,2,0,1,0,0,1,0,2,1,1,1,44,7,-1,-1,-1,-1,1,-1
2015100697415,1,9,0,18,0,1,0,0,0,0,1,1,6,1,52,8,2295,1,14,-1,1,-1
2015100697415,2,9,0,3,0,1,0,0,0,0,2,1,6,2,25,5,998,1,-1,-1,2,-1
2015100697715,1,19,0,18,0,0,0,0,0,0,1,1,1,1,31,6,2179,2,11,-1,1,-1
2015100697715,2,9,0,3,0,0,0,0,0,0,2,1,1,1,26,6,-1,-1,-1,-1,1,-1
2015100697715,3,9,0,3,0,0,0,0,0,0,2,1,2,2,49,8,1461,2,-1,-1,3,-1
2015100697915,1,9,0,9,0,6,0,0,7,0,4,1,6,1,90,11,1388,1,5,-1,1,-1
2015100697915,2,9,0,18,0,8,1,0,2,2,1,1,6,1,26,6,1497,8,-1,-1,2,-1
2015100698015,1,8,0,18,0,1,0,0,0,0,1,1,1,1,38,7,1910,2,8,-1,1,-1
2015100698015,2,11,0,3,0,1,0,0,0,0,2,1,1,1,28,6,9360,2,2,-1,1,-1
2015100698215,1,9,0,18,0,0,0,0,0,0,3,1,6,1,49,8,1999,2,-1,-1,1,-1
2015100698315,1,9,0,18,0,0,0,0,1,2,1,1,2,2,36,7,1598,1,7,-1,1,-1
2015100698415,1,9,0,5,0,0,0,0,0,0,1,1,6,1,37,7,2874,2,14,-1,1,-1
2015100698415,2,9,0,3,0,0,0,0,0,0,2,1,6,1,73,10,2191,2,-1,-1,1,-1
2015100698515,1,9,0,17,0,0,5,0,1,11,4,1,6,1,18,4,998,1,7,-1,1,-1
2015100698615,1,9,0,18,0,1,0,0,0,0,1,1,6,1,50,8,2000,2,10,-1,-1,-1
2015100698615,2,1,0,18,0,1,0,0,0,0,2,1,2,1,31,6,-1,-1,-1,-1,1,-1
2015100698815,1,9,0,18,0,8,0,0,0,0,3,1,6,2,38,7,1360,1,8,-1,1,-1
2015100698815,2,9,0,18,0,8,0,0,0,0,1,1,6,1,28,6,1686,2,13,-1,1,-1
2015100699015,1,9,0,9,0,5,0,0,0,0,1,1,6,1,68,10,1598,1,5,-1,1,-1
2015100699015,2,1,0,18,0,8,1,0,0,0,1,1,6,1,24,5,-1,-1,-1,-1,1,-1
2015100699415,1,19,0,18,0,0,0,0,0,0,1,1,2,1,37,7,1998,2,11,-1,1,-1
2015100699415,2,9,0,3,0,0,0,0,0,0,2,1,6,1,-1,-1,2993,2,11,-1,1,-1
2015100699415,3,9,0,3,0,0,0,0,0,0,2,1,6,1,35,6,1560,2,2,-1,1,-1
2015100699615,1,9,0,18,0,1,5,0,0,0,1,1,6,2,88,11,1198,1,-1,-1,3,-1
2015100699615,2,9,0,2,0,1,0,0,0,0,2,1,6,1,62,9,2199,2,3,-1,3,-1
2015100699815,1,9,0,18,0,0,1,0,1,11,1,1,6,1,20,4,1198,1,11,-1,3,-1
2015100699815,2,9,0,18,0,0,0,0,1,11,3,1,6,1,65,9,2179,2,2,-1,3,-1
2015100699915,1,9,0,9,0,6,0,0,0,0,3,1,2,2,19,4,-1,-1,-1,-1,1,-1
2015100699915,2,9,0,18,0,8,0,0,1,11,1,1,6,2,63,9,996,1,2,-1,-1,-1
2015100700015,1,9,0,9,0,6,0,0,0,0,3,1,2,1,19,4,1197,1,-1,-1,1,-1
2015100700015,2,4,0,18,0,8,1,0,0,0,1,1,2,1,23,5,125,1,1,-1,1,-1
2015100700115,1,9,0,18,0,8,0,0,0,0,1,1,6,2,85,11,1590,1,10,-1,1,-1
2015100700115,2,9,0,9,0,6,0,0,0,0,3,1,6,2,79,11,1590,1,12,-1,1,-1
2015100700315,1,9,0,4,0,1,0,0,0,0,1,1,6,2,38,7,1587,1,12,-1,3,-1
2015100700315,2,9,0,3,0,1,0,0,0,0,2,1,1,2,26,6,1596,1,8,-1,2,-1
2015100700315,3,9,0,10,0,1,0,0,0,0,0,1,6,3,-1,-1,-1,-1,-1,-1,-1,-1
2015100700515,1,9,0,7,0,4,0,0,0,0,3,1,6,1,48,8,2987,2,10,-1,1,-1
2015100700515,2,1,0,18,0,8,0,0,0,0,1,1,6,1,54,8,-1,-1,-1,-1,2,-1
2015100701215,1,9,0,7,0,6,0,0,0,0,1,1,6,1,63,9,1598,2,2,-1,1,-1
2015100701215,2,9,0,18,0,8,0,0,0,0,1,1,1,2,47,8,1998,1,7,-1,3,-1
2015100701715,1,1,0,18,0,8,1,0,0,0,1,1,4,1,14,3,-1,-1,-1,-1,1,-1
2015100701715,2,19,0,3,0,1,0,0,0,0,4,1,1,1,38,7,2198,2,3,-1,1,-1
2015100702715,1,19,0,16,0,0,0,0,0,0,1,1,1,1,-1,-1,2143,2,2,-1,-1,-1
2015100702715,2,9,0,3,0,0,0,0,0,0,2,1,1,1,35,6,2204,2,8,-1,1,-1
2015100702815,1,9,0,9,0,5,0,0,0,0,1,1,1,1,60,9,1598,1,2,-1,-1,-1
2015100702815,2,9,0,18,0,8,0,0,0,0,1,1,1,2,24,5,998,1,3,-1,2,-1
2015100703215,1,11,0,16,0,3,0,0,0,0,0,1,1,1,52,8,6692,2,6,-1,1,-1
2015100703615,1,9,0,18,0,0,0,0,0,0,0,1,1,3,-1,-1,-1,-1,-1,-1,-1,-1
2015100703615,2,11,0,18,0,0,0,0,0,0,0,1,1,2,50,8,9000,2,8,-1,2,-1
2015100703915,1,9,0,16,0,0,1,0,0,0,1,1,6,1,49,8,1242,1,16,-1,1,-1
2015100703915,2,9,0,17,0,0,0,0,0,0,1,1,6,1,28,6,1598,1,13,-1,1,-1
2015100704315,1,9,0,4,0,1,0,0,0,0,1,1,6,2,25,5,1229,1,6,-1,-1,-1
2015100704315,2,9,0,3,0,1,0,0,0,0,2,1,2,2,46,8,1390,1,12,-1,1,-1
2015100704615,1,9,0,5,0,0,0,0,0,0,1,1,6,1,40,7,1896,2,11,-1,1,-1
2015100704615,2,5,0,14,0,0,0,0,0,0,1,1,6,1,59,9,1199,1,15,-1,1,-1
2015100704815,1,9,0,18,0,2,0,0,0,0,1,1,2,1,40,7,1999,1,8,-1,1,-1
2015100704815,2,9,0,3,0,2,0,0,0,0,2,1,6,2,22,5,1199,1,12,-1,1,-1
2015100704815,3,9,0,3,0,2,0,0,0,0,2,1,6,1,50,8,1229,1,6,-1,1,-1
2015100705015,1,11,0,5,0,0,0,0,0,0,0,1,1,1,63,9,4500,2,4,-1,1,-1
2015100705515,1,9,0,18,0,0,0,0,0,0,1,1,6,2,42,7,2967,2,2,-1,-1,-1
2015100705515,2,9,0,4,0,0,0,0,0,0,2,1,6,2,46,8,1995,2,10,-1,1,-1
2015100705515,3,9,0,3,0,0,0,0,0,0,2,1,6,2,46,8,1995,2,2,-1,1,-1
2015100705515,4,9,0,3,0,0,0,0,0,0,2,1,6,2,45,7,1198,1,4,-1,1,-1
2015100705615,1,9,0,18,0,0,0,0,0,0,1,1,6,2,-1,-1,1968,2,9,-1,2,-1
2015100705615,2,9,0,18,0,0,0,0,0,0,2,1,2,2,22,5,998,1,5,-1,1,-1
2015100705715,1,9,0,12,0,2,0,0,0,0,1,1,2,2,32,6,-1,-1,-1,-1,1,-1
2015100705715,2,9,0,12,0,2,0,0,0,0,2,1,2,1,22,5,1968,2,-1,-1,1,-1
2015100705815,1,9,0,17,0,0,0,0,1,0,1,1,6,1,19,4,998,1,-1,-1,3,-1
2015100705915,1,9,0,12,0,6,0,0,0,0,3,1,6,1,52,8,1995,2,15,-1,1,-1
2015100705915,2,9,0,18,0,2,0,0,0,0,4,1,6,1,31,6,-1,-1,-1,-1,1,-1
2015100706015,1,3,0,18,0,2,1,0,0,0,1,1,1,1,38,7,124,1,-1,-1,1,-1
2015100706115,1,5,0,4,0,0,1,0,0,0,0,1,1,1,54,8,798,1,7,-1,1,-1
2015100707115,1,9,0,18,0,1,0,0,0,0,1,1,6,1,35,6,-1,-1,-1,-1,1,-1
2015100707215,1,9,0,18,0,0,0,0,0,0,3,1,6,3,-1,-1,-1,-1,-1,-1,-1,-1
2015100707215,2,16,0,18,0,0,0,0,0,0,4,1,6,2,22,5,-1,-1,-1,-1,3,-1
2015100707315,1,9,0,13,0,1,0,7,0,10,1,1,6,1,24,5,1600,1,15,-1,1,-1
2015100707315,2,9,0,18,0,1,0,0,0,0,3,1,4,2,45,7,1242,1,3,-1,1,-1
2015100707415,1,9,0,5,0,7,0,0,0,0,1,1,6,1,36,7,2979,1,13,-1,1,-1
2015100707415,2,9,0,3,0,1,0,0,0,0,2,1,1,1,22,5,1299,1,13,-1,1,-1
2015100707515,1,9,0,17,0,0,0,0,0,0,3,1,6,1,38,7,1124,1,10,-1,1,-1
2015100707815,1,9,0,18,0,0,0,0,8,0,1,1,6,1,26,6,1598,1,1,-1,-1,-1
2015100707815,2,9,0,2,0,0,0,0,0,11,2,1,6,3,-1,-1,1461,2,1,-1,-1,-1
2015100707815,3,9,0,2,0,0,0,0,0,11,2,1,6,3,-1,-1,1997,2,11,-1,-1,-1
2015100707815,4,19,0,2,0,0,0,0,0,0,1,1,6,3,-1,-1,2402,2,14,-1,-1,-1
2015100707815,5,9,0,2,9,0,0,0,0,0,2,1,6,3,-1,-1,1973,1,15,-1,-1,-1
2015100707915,1,9,0,5,0,6,0,0,3,1,4,1,6,1,61,9,1596,1,2,-1,1,-1
2015100707915,2,9,0,18,0,8,0,0,2,0,1,1,3,2,46,8,1596,1,2,-1,1,-1
2015100708315,1,9,0,5,0,1,0,0,0,0,1,1,6,3,-1,-1,-1,-1,-1,-1,-1,-1
2015100708315,2,9,0,5,0,1,0,0,0,0,2,1,2,2,47,8,1198,1,9,-1,1,-1
2015100708515,1,9,0,18,0,1,0,0,0,0,1,1,6,1,61,9,1200,1,2,-1,1,-1
2015100708515,2,9,0,18,0,1,0,0,0,0,2,1,6,1,61,9,2987,2,10,-1,-1,-1
2015100708715,1,9,0,18,0,4,0,10,3,1,1,1,6,2,36,7,1910,2,12,-1,1,-1
2015100708915,1,9,0,18,0,0,1,4,0,0,1,1,6,1,35,6,1600,1,12,-1,1,-1
2015100708915,2,9,0,2,0,0,0,0,0,0,2,1,1,1,74,10,1896,2,6,-1,1,-1
2015100709015,1,9,0,4,0,0,0,0,0,0,1,1,2,2,34,6,1598,1,9,-1,1,-1
2015100709015,2,9,0,4,0,0,0,0,0,0,0,1,1,2,36,7,1248,2,-1,-1,-1,-1
2015100709115,1,9,0,16,0,7,0,0,0,0,1,1,6,1,70,10,1798,1,2,-1,1,-1
2015100709115,2,21,0,18,0,8,0,0,0,0,4,1,1,1,46,8,12809,2,2,-1,2,-1
2015100709315,1,9,0,18,0,0,5,10,0,11,1,1,6,1,35,6,1240,1,12,-1,1,-1
2015100709415,1,9,0,18,0,8,1,0,2,11,1,1,6,3,-1,-1,1461,2,10,-1,-1,-1
2015100709415,2,19,0,18,0,8,0,0,0,0,0,1,1,1,47,8,1995,2,3,-1,-1,-1
2015100709515,1,11,0,9,0,6,0,0,0,0,4,1,1,1,49,8,9360,2,1,-1,1,-1
2015100709515,2,3,0,18,0,1,0,0,0,0,3,1,6,1,18,4,124,1,3,-1,1,-1
2015100709615,1,9,0,18,0,1,0,0,0,0,1,1,6,1,61,9,1598,2,2,-1,1,-1
2015100709615,2,9,0,10,0,1,0,0,0,0,2,1,6,2,44,7,1596,1,10,-1,1,-1
2015100709615,3,9,0,18,0,1,0,0,1,0,1,1,6,1,30,6,1299,1,11,-1,1,-1
2015100709615,4,9,0,2,0,1,0,0,0,0,2,1,6,3,-1,-1,1796,1,7,-1,1,-1
2015100709815,1,11,0,5,0,1,0,0,0,0,0,1,1,1,62,9,6700,2,5,-1,1,-1
2015100709915,1,9,0,16,0,0,2,10,7,3,1,1,2,2,19,4,1398,1,3,-1,1,-1
2015100710115,1,9,0,18,0,8,1,0,2,7,1,1,6,2,29,6,1360,1,14,-1,1,-1
2015100710215,1,1,0,18,0,0,0,0,0,0,1,1,6,1,31,6,-1,-1,-1,-1,-1,-1
2015100710215,2,8,0,18,2,0,0,0,0,0,3,1,6,1,54,8,1497,8,7,-1,-1,-1
2015100710315,1,9,0,5,0,8,0,0,0,0,1,1,6,3,-1,-1,-1,-1,-1,-1,-1,-1
2015100710315,2,3,0,9,0,8,1,0,0,0,2,1,2,2,18,4,124,1,21,-1,1,-1
2015100710915,1,9,0,18,0,0,0,0,0,0,1,1,2,1,56,9,2143,2,-1,-1,1,-1
2015100710915,2,9,0,3,0,0,0,0,0,0,2,1,2,1,32,6,1995,2,10,-1,-1,-1
2015100710915,3,9,0,3,0,0,0,0,0,0,2,1,2,2,46,8,1560,2,2,-1,1,-1
2015100711015,1,9,0,18,0,0,0,0,0,2,1,1,2,1,28,6,998,1,-1,-1,1,-1
2015100711115,1,9,0,18,0,1,0,0,0,0,3,1,6,1,69,10,1198,1,13,-1,1,-1
2015100711115,2,9,0,18,0,1,0,0,0,0,3,1,2,1,45,7,1896,2,12,-1,1,-1
2015100711215,1,9,0,18,0,1,0,0,0,0,1,1,6,3,-1,-1,-1,-1,-1,-1,-1,-1
2015100711215,2,9,0,3,0,1,0,0,0,0,2,1,6,2,23,5,1461,2,1,-1,1,-1
2015100711315,1,9,0,1,0,1,0,0,0,0,2,1,6,1,23,5,3222,2,10,-1,-1,-1
2015100711815,1,9,0,18,0,0,0,0,0,0,1,1,1,2,45,7,1598,1,11,-1,1,-1
2015100711915,1,9,0,3,0,0,0,0,0,0,1,1,6,3,-1,-1,1796,1,13,-1,-1,-1
2015100712115,1,9,0,18,0,0,0,7,0,0,1,1,6,1,70,10,2350,1,11,-1,2,-1
2015100712315,1,9,0,18,0,8,0,0,0,0,1,1,6,1,47,8,1968,2,2,-1,-1,-1
2015100712315,2,1,0,18,0,8,0,0,0,0,3,1,1,1,41,7,-1,-1,-1,-1,1,-1
2015100712415,1,9,0,12,0,0,0,0,0,0,0,1,6,3,-1,-1,-1,-1,-1,-1,-1,-1
2015100712415,2,5,0,18,0,0,1,10,1,0,4,1,2,1,25,5,656,1,9,-1,1,-1
2015100712515,1,8,0,18,0,8,0,0,0,0,1,1,6,3,-1,-1,-1,-1,-1,-1,-1,-1
2015100712515,2,1,0,18,0,8,0,0,0,0,3,1,6,1,39,7,-1,-1,-1,-1,1,-1
2015100712615,1,9,0,13,0,0,0,0,0,0,0,1,6,1,24,5,1968,2,8,-1,3,-1
2015100712615,2,9,0,18,0,0,0,0,0,0,1,1,6,1,24,5,1299,1,8,-1,3,-1
2015100712615,3,9,0,4,0,0,0,0,0,0,2,1,6,1,48,8,1685,2,1,-1,2,-1
2015100712615,4,9,0,18,0,0,0,0,0,0,0,1,6,2,-1,-1,1124,1,10,-1,3,-1
2015100713215,1,9,0,17,0,0,1,0,7,4,4,1,6,1,23,5,1242,1,11,-1,-1,-1
2015100713415,1,9,0,18,0,6,0,0,0,0,1,1,6,3,-1,-1,-1,-1,-1,-1,-1,-1
2015100713415,2,9,0,18,0,8,0,0,0,0,4,1,6,2,63,9,1397,1,5,-1,1,-1
2015100713615,1,11,0,4,0,0,0,0,0,0,0,1,1,1,29,6,4760,2,3,-1,2,-1
2015100714215,1,11,0,3,0,0,0,0,0,0,0,1,1,1,59,9,9360,2,1,-1,1,-1
2015100714715,1,20,0,1,0,6,0,0,0,0,4,1,1,1,57,9,8970,2,9,-1,3,-1
2015100714715,2,9,0,18,0,8,0,0,0,0,1,1,6,1,85,11,1149,1,5,-1,1,-1
2015100714815,1,9,0,18,0,0,0,0,0,0,0,1,6,3,-1,-1,-1,-1,-1,-1,-1,-1
2015100714815,2,9,0,18,0,0,0,0,0,0,4,1,6,1,37,7,1797,8,-1,-1,-1,-1
2015100715415,1,9,0,1,0,6,0,0,3,10,2,1,6,1,79,11,1197,1,3,-1,1,-1
2015100715715,1,9,0,10,0,0,0,0,0,0,0,1,6,3,-1,-1,-1,-1,-1,-1,-1,-1
2015100715715,2,5,0,18,0,0,1,0,0,0,4,1,2,1,33,6,999,1,6,-1,1,-1
2015100716315,1,9,0,16,0,0,1,0,0,0,1,1,6,2,44,7,1840,1,13,-1,-1,-1
2015100716315,2,9,0,17,0,0,0,0,0,0,1,1,6,2,54,8,1348,1,7,-1,1,-1
2015100716515,1,9,0,16,0,1,1,0,0,0,1,1,2,1,20,4,1598,1,14,-1,3,-1
2015100716515,2,11,0,17,0,1,0,0,0,0,3,1,1,1,57,9,10640,2,8,-1,1,-1
2015100716715,1,9,0,18,0,0,0,0,7,11,4,1,6,1,19,4,1997,2,12,-1,1,-1
2015100716715,2,9,0,18,0,0,0,0,1,0,1,1,6,2,-1,-1,1360,1,6,-1,1,-1
2015100717015,1,19,0,18,0,8,0,0,0,0,1,1,1,1,61,9,1896,2,13,-1,1,-1
2015100717015,2,9,0,18,0,8,0,0,0,0,4,1,6,2,47,8,1108,1,8,-1,1,-1
2015100717215,1,9,0,18,0,1,1,10,7,0,3,1,6,1,36,7,-1,-1,-1,-1,1,-1
2015100717315,1,9,0,7,0,6,0,0,0,0,1,1,6,2,29,6,1339,1,5,-1,1,-1
2015100717315,2,9,0,18,0,8,0,0,0,0,4,1,6,2,18,4,996,1,1,-1,1,-1
2015100717415,1,9,0,18,0,2,0,0,0,0,1,1,2,1,64,9,1995,1,10,-1,2,-1
2015100718015,1,9,0,18,0,8,0,0,0,0,4,1,6,1,81,11,1596,1,4,-1,1,-1
2015100718015,2,9,0,18,0,8,0,0,0,0,1,1,6,1,47,8,1753,2,8,-1,1,-1
2015100718115,1,9,0,18,0,1,2,0,0,0,1,1,6,1,24,5,1598,1,9,-1,1,-1
2015100718215,1,9,0,18,0,1,0,0,0,0,2,1,6,1,-1,-1,2993,2,8,-1,1,-1
2015100718515,1,9,0,18,0,0,1,0,0,0,1,1,1,2,37,7,1997,2,1,-1,1,-1
2015100718515,2,9,0,18,0,0,0,0,0,0,0,1,6,1,54,8,1396,1,3,-1,1,-1
2015100718515,3,9,0,18,0,0,0,0,0,0,2,1,6,2,38,7,1242,1,2,-1,1,-1
2015100718615,1,8,0,3,0,0,0,0,0,0,2,1,1,1,49,8,1896,2,13,-1,1,-1