Accident_Index,Vehicle_Reference,Vehicle_Type,Towing_and_Articulation,Vehicle_Manoeuvre,Vehicle_Location-Restricted_Lane,Junction_Location,Skidding_and_Overturning,Hit_Object_in_Carriageway,Vehicle_Leaving_Carriageway,Hit_Object_off_Carriageway,1st_Point_of_Impact,Was_Vehicle_Left_Hand_Drive?,Journey_Purpose_of_Driver,Sex_of_Driver,Age_of_Driver,Age_Band_of_Driver,Engine_Capacity_(CC),Propulsion_Code,Age_of_Vehicle,Driver_IMD_Decile,Driver_Home_Area_Type,Vehicle_IMD_Decile
2015100718615,2,9,0,18,0,0,0,0,0,0,1,1,6,2,19,4,875,1,4,-1,1,-1
2015100718715,1,9,0,18,0,8,0,0,0,0,1,1,6,2,22,5,998,1,9,-1,1,-1
2015100718715,2,9,0,18,0,8,0,0,0,0,3,1,6,2,33,6,998,1,9,-1,1,-1
2015100719015,1,3,0,12,0,6,0,0,0,0,0,1,6,1,21,5,124,1,2,-1,1,-1
2015100719015,2,21,0,12,0,6,0,0,0,0,0,1,6,1,45,7,-1,-1,-1,-1,-1,-1
2015100719015,3,9,0,18,0,8,0,0,0,0,0,2,1,1,32,6,1910,2,7,-1,1,-1
2015100719315,1,9,0,4,0,0,0,0,0,0,1,1,6,2,28,6,1198,1,6,-1,1,-1
2015100719315,2,21,0,4,0,0,0,0,0,0,4,1,1,1,31,6,11946,2,4,-1,1,-1
2015100719515,1,9,0,9,0,6,0,0,0,0,3,1,6,2,46,8,1349,1,7,-1,1,-1
2015100719515,2,5,0,18,0,8,0,0,0,0,1,1,6,1,30,6,599,1,16,-1,1,-1
2015100719615,1,9,0,1,0,0,0,0,0,0,2,1,1,1,33,6,1968,2,7,-1,1,-1
2015100719815,1,8,0,18,0,1,0,0,0,0,1,1,6,1,-1,-1,1598,2,4,-1,-1,-1
2015100719815,2,9,0,3,0,1,0,0,0,0,2,1,6,1,28,6,1388,1,11,-1,1,-1
2015100719915,1,11,0,18,0,1,0,0,0,0,3,1,1,1,53,8,9000,2,10,-1,1,-1
2015100719915,2,9,0,11,0,1,0,0,0,0,4,1,6,1,40,7,1560,2,-1,-1,1,-1
2015100720115,1,21,0,18,0,0,0,0,0,0,0,1,1,1,44,7,-1,-1,-1,-1,1,-1
2015100720115,2,9,0,18,0,0,1,0,0,0,0,1,6,1,32,6,1997,2,6,-1,3,-1
2015100720515,1,9,0,13,0,0,0,0,7,0,1,1,6,2,30,6,1349,1,7,-1,1,-1
2015100720515,2,19,0,18,0,0,0,0,7,0,3,1,1,1,41,7,1560,2,-1,-1,1,-1
2015100720615,1,9,0,18,0,6,0,0,0,0,1,1,6,2,23,5,998,1,15,-1,2,-1
2015100720615,2,9,0,18,0,8,0,0,7,4,3,1,6,2,33,6,1997,2,3,-1,3,-1
2015100720715,1,19,0,16,0,0,1,0,0,0,1,1,1,1,27,6,2198,2,7,-1,1,-1
2015100720715,2,20,0,17,0,0,0,0,0,0,1,1,1,1,56,9,-1,-1,-1,-1,3,-1
2015100720815,1,9,0,18,0,0,5,0,7,11,1,1,6,2,84,11,1240,1,5,-1,3,-1
2015100720915,1,9,0,18,0,0,0,0,1,0,1,1,6,2,77,11,-1,-1,-1,-1,1,-1
2015100720915,2,9,0,2,0,0,0,0,0,0,2,1,6,3,-1,-1,1586,1,-1,-1,1,-1
2015100720915,3,9,0,2,0,0,0,0,0,0,2,1,6,3,-1,-1,1461,2,3,-1,1,-1
2015100721015,1,9,0,4,0,1,0,0,0,0,1,1,6,3,-1,-1,-1,-1,-1,-1,-1,-1
2015100721015,2,9,0,3,0,1,0,0,0,0,2,1,6,2,53,8,1198,1,4,-1,-1,-1
2015100721215,1,9,0,9,0,5,0,0,0,0,1,1,6,1,31,6,1997,1,10,-1,1,-1
2015100721215,2,9,0,18,0,8,0,0,0,0,1,1,6,1,48,8,1896,2,9,-1,1,-1
2015100721415,1,9,0,18,0,1,0,0,0,0,1,1,6,2,41,7,1998,1,7,-1,1,-1
2015100721415,2,9,0,7,0,6,0,0,0,0,3,1,6,2,34,6,1998,1,7,-1,-1,-1
2015100722015,1,3,0,18,0,3,0,0,0,0,3,1,6,3,-1,-1,-1,-1,-1,-1,-1,-1
2015100722015,2,9,0,9,0,4,0,0,0,0,3,1,1,1,32,6,1997,2,1,-1,2,-1
2015100722215,1,90,0,18,0,0,0,0,0,0,1,1,1,1,49,8,6693,2,2,-1,1,-1
2015100722215,2,9,0,4,0,0,0,0,0,0,2,1,1,1,27,6,1242,1,1,-1,2,-1
2015100722515,1,9,0,11,0,0,0,0,0,0,3,1,2,1,33,6,1595,1,8,-1,1,-1
2015100722515,2,19,0,18,0,0,0,0,0,0,4,1,6,1,-1,-1,2198,2,1,-1,-1,-1
2015100722615,1,9,0,17,0,1,0,0,0,0,3,1,6,1,83,11,1598,1,8,-1,2,-1
2015100722615,2,9,0,16,0,1,0,0,0,0,3,1,6,1,34,6,1998,1,10,-1,1,-1
2015100722715,1,9,0,18,0,0,0,0,0,0,1,1,1,1,53,8,1896,2,9,-1,1,-1
2015100722815,1,9,0,18,0,0,5,0,7,11,1,1,6,2,76,11,1490,1,11,-1,3,-1
2015100723415,1,9,0,1,0,8,0,0,0,0,2,1,1,1,30,6,1598,2,4,-1,1,-1
2015100723415,2,9,0,13,0,8,0,0,0,0,3,1,6,1,-1,-1,1798,1,2,-1,1,-1
2015100723615,1,9,0,9,0,6,0,0,0,0,1,1,6,2,49,8,1685,2,-1,-1,1,-1
2015100723615,2,11,0,18,0,8,0,0,0,0,3,1,1,1,55,8,6370,2,7,-1,1,-1
2015100723715,1,9,0,9,0,5,0,0,0,0,1,1,6,1,32,6,1200,1,1,-1,1,-1
2015100723715,2,3,0,18,0,8,0,0,0,0,1,1,6,1,17,4,124,1,10,-1,1,-1
2015100723815,1,9,0,18,0,0,0,0,0,0,1,1,2,1,62,9,1990,1,10,-1,1,-1
2015100723815,2,9,0,18,0,0,0,0,0,0,2,1,6,1,51,8,998,1,8,-1,1,-1
2015100723915,1,9,0,18,0,8,0,0,0,0,1,1,6,1,33,6,1587,1,15,-1,1,-1
2015100723915,2,9,0,18,0,8,0,0,0,0,1,2,6,2,21,5,1397,1,5,-1,2,-1
2015100724015,1,5,0,18,0,0,0,0,0,0,1,1,6,1,33,6,599,1,12,-1,1,-1
2015100724015,2,9,0,2,0,0,0,0,0,0,1,1,6,1,30,6,1984,1,5,-1,1,-1
2015100724215,1,9,0,1,6,6,0,0,0,0,4,1,6,3,-1,-1,-1,-1,-1,-1,-1,-1
2015100724215,2,9,0,18,0,8,1,0,0,0,4,1,6,2,25,5,1796,1,13,-1,1,-1
2015100724315,1,19,0,9,0,5,0,0,0,0,1,1,6,1,47,8,1998,2,11,-1,1,-1
2015100724415,1,9,0,18,0,2,0,0,0,0,4,1,1,2,39,7,999,1,1,-1,1,-1
2015100724515,1,9,0,18,0,8,0,0,0,0,1,1,6,1,29,6,1753,2,8,-1,1,-1
2015100724515,2,10,0,18,0,8,0,0,0,0,1,1,6,1,51,8,2198,2,7,-1,-1,-1
2015100724615,1,9,0,4,0,0,1,0,4,0,1,1,1,1,17,4,1242,1,8,-1,1,-1
2015100724615,2,9,0,3,0,0,0,0,0,0,2,1,1,1,21,5,2926,2,12,-1,1,-1
2015100724615,3,9,0,3,0,0,0,0,0,0,2,1,1,2,54,8,-1,-1,-1,-1,1,-1
2015100724615,4,9,0,3,0,0,0,0,0,0,2,1,1,2,31,6,1896,2,9,-1,1,-1
2015100724715,1,9,0,18,0,8,0,0,0,0,1,1,1,1,24,5,-1,-1,-1,-1,1,-1
2015100725215,1,19,0,5,0,1,0,0,0,0,1,1,6,1,-1,-1,2198,2,4,-1,1,-1
2015100725215,2,9,0,5,0,1,0,0,0,0,2,1,2,1,55,8,-1,-1,-1,-1,1,-1
2015100726115,1,9,0,7,0,5,0,0,0,0,4,1,6,1,44,7,1995,2,8,-1,3,-1
2015100726115,2,1,0,18,0,1,0,0,0,0,1,1,6,1,50,8,-1,-1,-1,-1,1,-1
2015100726215,1,9,0,9,0,6,0,0,0,0,1,1,6,2,-1,-1,998,1,1,-1,1,-1
2015100726215,2,9,0,18,0,8,1,0,1,1,3,1,6,2,53,8,1560,2,-1,-1,1,-1
2015100726615,1,9,0,18,0,0,0,0,0,0,1,1,6,2,-1,-1,1997,2,2,-1,1,-1
2015100726615,2,9,0,3,0,0,0,0,0,0,2,1,6,2,54,8,2179,2,3,-1,1,-1
2015100726915,1,9,0,18,0,1,0,0,0,0,1,1,6,3,-1,-1,-1,-1,-1,-1,-1,-1
2015100726915,2,9,0,18,0,1,0,0,0,0,2,1,2,1,40,7,1240,1,12,-1,1,-1
2015100727715,1,9,0,15,0,4,0,0,3,2,1,1,6,1,19,4,2521,1,6,-1,1,-1
2015100728115,1,9,0,18,0,8,0,0,0,0,4,1,6,1,-1,-1,1796,1,8,-1,1,-1
2015100728115,2,3,0,18,0,8,0,0,0,0,1,1,1,1,40,7,125,1,1,-1,1,-1
2015100728415,1,1,0,18,9,1,0,0,0,0,1,1,4,1,14,3,-1,-1,-1,-1,1,-1
2015100728415,2,9,0,9,0,8,0,0,0,0,4,1,6,1,28,6,1461,2,-1,-1,1,-1
2015100728715,1,9,0,18,0,0,0,0,0,0,1,1,2,1,27,6,1997,2,6,-1,1,-1
2015100728915,1,9,0,1,0,0,0,0,0,0,2,1,6,1,44,7,1560,2,2,-1,1,-1
2015100728915,2,9,0,2,0,0,0,0,0,0,1,1,6,1,34,6,1242,1,13,-1,1,-1
2015100729015,1,9,0,18,0,8,0,0,0,0,1,1,6,2,34,6,998,1,12,-1,-1,-1
2015100729015,2,1,0,9,0,8,2,0,0,0,4,1,6,1,28,6,-1,-1,-1,-1,1,-1
2015100729115,1,3,0,18,0,8,0,0,0,0,1,1,1,1,25,5,125,1,4,-1,1,-1
2015100729115,2,9,0,18,0,8,0,0,0,0,3,1,6,1,60,9,1997,2,8,-1,2,-1
2015100729215,1,9,0,13,0,0,0,0,0,0,4,1,1,1,26,6,1910,2,7,-1,1,-1
2015100729215,2,1,0,18,0,0,0,0,0,0,3,1,1,2,38,7,-1,-1,-1,-1,-1,-1
2015100729915,1,9,0,7,0,8,0,0,0,0,4,1,1,2,39,7,2967,2,5,-1,1,-1
2015100729915,2,9,0,7,0,5,0,0,0,0,2,1,1,1,53,8,1910,2,7,-1,1,-1
2015100729915,3,9,0,1,0,1,0,0,0,0,1,1,1,1,65,9,-1,-1,-1,-1,1,-1
2015100730315,1,9,0,9,0,6,0,0,0,0,1,1,6,3,-1,-1,-1,-1,-1,-1,-1,-1
2015100730315,2,1,0,18,0,8,5,0,0,0,1,1,1,1,27,6,-1,-1,-1,-1,1,-1
2015100730515,1,9,0,9,0,8,0,0,0,0,1,1,6,3,-1,-1,-1,-1,-1,-1,-1,-1
2015100730515,2,1,0,18,0,8,5,0,0,0,1,1,1,1,32,6,-1,-1,-1,-1,1,-1
2015100731015,1,21,1,5,8,0,0,0,0,0,2,2,1,1,44,7,-1,-1,-1,-1,-1,-1
2015100731015,2,5,0,18,0,0,5,0,0,0,1,1,2,1,24,5,498,1,16,-1,1,-1
2015100731115,1,21,1,18,0,1,0,0,0,0,1,1,1,1,60,9,10518,2,6,-1,-1,-1
2015100731115,2,9,0,4,0,8,0,0,0,0,1,1,6,1,52,8,1560,2,2,-1,1,-1
2015100731415,1,19,0,3,0,1,0,0,0,0,1,1,1,1,36,7,2198,2,-1,-1,-1,-1
2015100731415,2,9,0,3,0,1,0,0,0,0,2,1,3,2,44,7,2184,2,9,-1,1,-1
2015100731615,1,9,0,5,0,6,0,0,0,0,3,1,6,2,82,11,1198,1,13,-1,3,-1
2015100731615,2,19,0,18,0,8,0,0,0,0,1,1,6,1,59,9,2198,2,3,-1,-1,-1
2015100731915,1,9,0,16,0,0,0,0,7,3,1,1,6,1,19,4,1461,2,8,-1,3,-1
2015100733015,1,9,0,5,0,1,0,0,0,0,1,1,2,2,21,5,1560,2,2,-1,1,-1
2015100733015,2,9,0,5,0,1,0,0,0,0,2,1,2,1,22,5,1242,1,1,-1,1,-1
2015100733215,1,9,0,9,0,6,0,0,0,0,1,1,6,1,89,11,1596,1,13,-1,1,-1
2015100733215,2,9,0,18,0,8,0,0,0,0,3,1,6,1,36,7,1997,2,-1,-1,1,-1
2015100733315,1,9,0,18,0,1,0,0,0,0,1,1,6,1,84,11,996,1,5,-1,1,-1
2015100733315,2,9,0,3,0,1,0,0,0,0,2,1,6,1,68,10,1991,2,9,-1,1,-1
2015100733515,1,9,0,18,0,1,0,0,0,0,1,1,6,1,20,4,998,1,7,-1,1,-1
2015100733515,2,9,0,3,0,1,0,0,0,0,2,1,6,2,22,5,1086,1,10,-1,1,-1
2015100734115,1,9,0,18,0,8,0,0,0,0,1,1,6,2,37,7,1582,2,4,-1,2,-1
2015100734115,2,9,0,3,0,8,0,0,0,0,2,1,6,2,24,5,1242,1,13,-1,1,-1
2015100734515,1,9,0,18,0,1,0,0,0,0,1,1,6,3,-1,-1,-1,-1,-1,-1,-1,-1
2015100734515,2,9,0,3,0,1,0,0,0,0,2,1,6,2,65,9,1193,1,1,-1,-1,-1
2015100734515,3,9,0,3,0,1,0,0,0,0,0,1,1,3,-1,-1,-1,-1,-1,-1,-1,-1
2015100734915,1,9,0,4,0,1,0,0,0,0,1,1,2,1,18,4,1124,1,7,-1,1,-1
2015100734915,2,9,0,3,0,1,0,0,0,0,2,1,2,2,58,9,998,1,8,-1,1,-1
2015100735415,1,9,0,3,0,1,0,0,0,0,1,1,6,3,-1,-1,-1,-1,-1,-1,-1,-1
2015100735415,2,9,0,8,0,1,0,0,0,0,2,1,1,2,30,6,1686,2,3,-1,1,-1
2015100735915,1,9,0,9,0,6,0,0,0,0,1,1,6,1,20,4,2199,2,3,-1,1,-1
2015100735915,2,9,0,18,0,8,0,0,1,0,1,1,6,1,61,9,1956,2,2,-1,2,-1
2015100736615,1,21,0,11,0,0,0,0,0,0,4,1,1,1,67,10,12740,2,-1,-1,3,-1
2015100736615,2,9,0,18,0,0,0,0,0,0,3,1,2,2,51,8,1242,1,-1,-1,1,-1
2015100736715,1,9,0,17,0,0,0,0,1,2,1,1,6,2,76,11,1248,1,5,-1,1,-1
2015100737115,1,9,0,18,0,8,0,0,0,0,1,1,6,2,28,6,1896,2,6,-1,1,-1
2015100737115,2,9,0,18,0,8,0,0,0,0,4,1,6,1,29,6,1968,2,7,-1,1,-1
2015100737215,1,9,0,18,0,0,0,7,0,10,1,1,6,1,87,11,1968,2,11,-1,3,-1
2015100737315,1,9,0,18,0,0,0,0,0,0,1,1,2,2,37,7,1598,1,2,-1,2,-1
2015100737415,1,9,0,18,0,0,0,0,0,0,1,1,6,3,-1,-1,-1,-1,-1,-1,-1,-1
2015100737915,1,9,0,9,0,6,0,0,0,0,1,1,6,1,49,8,-1,-1,-1,-1,1,-1
2015100737915,2,3,0,18,0,8,1,0,0,0,1,1,6,1,20,4,125,1,-1,-1,1,-1
2015100738015,1,9,0,18,0,1,1,0,0,0,1,1,6,3,-1,-1,-1,-1,-1,-1,-1,-1
2015100738015,2,9,0,3,0,1,0,0,0,0,2,1,1,2,51,8,1598,2,-1,-1,1,-1
2015100738115,1,21,0,12,0,0,0,0,0,0,1,1,2,1,62,9,12902,2,2,-1,2,-1
2015100738115,2,9,0,18,0,0,0,0,0,0,2,1,2,2,56,9,1598,2,2,-1,1,-1
2015100738315,1,11,0,3,0,0,0,0,0,0,0,1,1,1,64,9,-1,2,14,-1,1,-1
2015100738715,1,9,0,16,0,0,1,0,0,0,1,1,6,1,24,5,1360,1,9,-1,1,-1
2015100738715,2,9,0,17,0,0,1,0,0,0,4,1,1,1,28,6,2199,2,4,-1,1,-1
2015100739115,1,9,0,11,0,8,0,0,0,0,1,1,6,2,24,5,2000,2,11,-1,1,-1
2015100739115,2,5,0,18,0,8,0,0,0,0,4,1,6,1,55,8,998,1,15,-1,1,-1
2015100739215,1,9,0,18,0,0,1,0,0,0,4,1,6,3,-1,-1,-1,-1,-1,-1,-1,-1
2015100739315,1,9,0,18,0,1,0,0,0,0,1,1,6,3,-1,-1,-1,-1,-1,-1,-1,-1
2015100739415,1,9,0,18,0,0,0,0,0,0,1,1,3,1,52,8,973,1,14,-1,2,-1
2015100739715,1,9,0,9,0,5,0,0,0,0,3,1,6,2,-1,-1,2179,2,-1,-1,1,-1
2015100739915,1,9,0,18,0,8,0,0,3,0,3,1,3,1,41,7,1598,1,12,-1,1,-1
2015100739915,2,9,0,18,0,8,0,0,0,0,1,1,6,2,23,5,1242,1,8,-1,1,-1
2015100740415,1,9,0,4,0,1,1,0,0,0,1,1,6,2,21,5,1870,2,11,-1,2,-1
2015100740415,2,9,0,4,0,1,0,0,0,0,2,1,6,2,52,8,998,1,11,-1,2,-1
2015100740615,1,9,0,9,0,5,0,0,0,0,1,1,1,3,-1,-1,-1,-1,-1,-1,-1,-1
2015100740615,2,1,0,10,0,8,0,0,0,0,1,1,2,1,44,7,-1,-1,-1,-1,1,-1
2015100740715,1,9,0,18,0,0,0,0,0,0,1,1,6,1,58,9,2179,2,8,-1,3,-1
2015100740715,2,9,0,2,0,0,0,0,0,0,0,1,6,3,-1,-1,-1,3,1,-1,3,-1
2015100740815,1,9,0,11,0,8,1,10,2,2,1,1,6,1,28,6,2993,2,9,-1,1,-1
2015100740915,1,9,0,7,0,5,0,0,0,0,4,2,6,1,35,6,1994,2,7,-1,1,-1
2015100740915,2,1,0,18,0,8,0,0,0,0,1,1,6,1,21,5,-1,-1,-1,-1,-1,-1
2015100741315,1,9,0,4,0,1,1,0,0,0,1,1,6,2,21,5,1360,1,7,-1,1,-1
2015100741315,2,9,0,3,0,1,0,0,0,0,2,1,1,1,53,8,999,1,-1,-1,1,-1
2015100741415,1,11,0,14,0,0,0,0,0,0,1,1,1,1,63,9,9000,5,1,-1,1,-1
2015100741915,1,19,0,14,0,0,5,0,0,0,1,1,6,1,23,5,2499,2,11,-1,3,-1
2015100741915,2,9,0,2,0,0,0,0,1,0,3,1,6,3,-1,-1,1240,1,8,-1,3,-1
2015100742015,1,9,0,18,0,0,0,0,0,0,1,1,6,2,23,5,1598,1,3,-1,1,-1
2015100742015,2,9,0,18,0,0,0,0,0,0,2,1,6,1,33,6,2179,2,8,-1,2,-1
2015100742115,1,9,0,17,0,0,1,0,7,4,1,1,6,1,32,6,1339,1,7,-1,1,-1
2015100742215,1,19,0,18,0,0,0,0,0,0,1,1,1,1,30,6,1248,2,2,-1,1,-1
2015100742215,2,11,0,2,0,0,0,0,0,0,1,1,1,1,25,5,4461,2,2,-1,1,-1
2015100742615,1,9,0,9,0,6,0,0,0,0,1,1,2,1,32,6,1587,1,12,-1,1,-1
2015100742615,2,1,0,18,0,1,0,0,0,0,1,1,4,1,10,2,-1,-1,-1,-1,-1,-1
2015100742815,1,9,0,18,0,0,2,0,1,9,1,1,6,1,64,9,1364,2,7,-1,2,-1
2015100743115,1,9,0,4,0,1,0,0,0,0,1,1,6,2,-1,-1,1149,1,4,-1,1,-1
2015100743115,2,9,0,8,0,1,0,0,0,0,2,1,6,2,35,6,-1,-1,-1,-1,1,-1
2015100743315,1,11,0,4,0,0,0,0,0,0,0,1,1,1,53,8,-1,-1,-1,-1,1,-1
2015100743315,2,9,0,4,0,0,0,0,0,0,0,1,6,3,-1,-1,-1,-1,-1,-1,-1,-1
2015100743715,1,9,0,18,0,0,0,0,0,0,1,1,6,2,41,7,1299,1,11,-1,2,-1
2015100743715,2,9,0,18,0,0,0,0,0,0,2,1,6,2,28,6,-1,-1,-1,-1,1,-1
2015100743815,1,9,0,18,0,0,0,0,0,0,1,1,6,3,-1,-1,-1,-1,-1,-1,-1,-1
2015100743815,2,9,0,3,0,0,0,0,0,0,2,1,6,2,43,7,1586,1,-1,-1,1,-1
2015100744215,1,9,0,18,0,4,1,10,0,7,4,1,6,1,17,4,1229,1,3,-1,1,-1
2015100744415,1,9,0,18,0,8,0,10,0,11,1,1,6,2,28,6,1596,1,14,-1,1,-1
2015100744415,2,9,0,18,0,8,0,0,0,0,3,1,2,2,56,9,1598,2,1,-1,1,-1
2015100744715,1,9,0,18,0,1,0,0,0,0,1,1,6,2,36,7,1329,1,6,-1,-1,-1
2015100744715,2,9,0,10,0,1,0,0,0,0,2,1,6,1,22,5,1560,2,3,-1,1,-1
2015100744915,1,9,0,18,0,1,0,0,0,7,1,1,6,2,32,6,1598,1,9,-1,1,-1
2015100744915,2,9,0,18,0,1,0,0,0,0,1,1,6,1,23,5,1900,2,11,-1,1,-1
2015100745215,1,9,0,18,0,0,0,0,0,0,1,1,6,2,23,5,1956,2,4,-1,1,-1
2015100745215,2,9,0,4,0,0,0,0,0,0,2,1,6,1,32,6,2000,1,16,-1,1,-1
2015100745315,1,9,0,9,0,6,0,0,7,1,1,1,3,2,59,9,1998,2,10,-1,1,-1
2015100745515,1,9,0,18,0,8,1,10,1,11,1,1,6,2,48,8,1796,1,9,-1,1,-1
2015100745615,1,9,0,15,0,8,0,0,0,0,2,1,6,2,20,4,998,1,9,-1,1,-1
2015100745615,2,9,0,3,0,1,0,0,0,0,1,1,2,2,33,6,-1,-1,-1,-1,1,-1
2015100745615,3,9,0,3,0,1,0,0,0,0,1,1,2,1,30,6,1596,1,6,-1,1,-1
2015100746015,1,9,0,9,0,5,0,0,0,0,4,1,6,1,47,8,2143,2,-1,-1,1,-1
2015100746015,2,3,0,18,0,8,0,0,0,0,1,1,6,1,22,5,125,1,11,-1,1,-1
2015100746915,1,9,0,18,0,0,5,0,4,6,1,2,6,2,47,8,1597,1,15,-1,1,-1
2015100747115,1,9,0,18,0,4,0,0,0,0,3,1,1,1,49,8,2143,2,-1,-1,2,-1
2015100747115,2,1,0,18,0,8,0,0,0,0,1,1,6,1,17,4,-1,-1,-1,-1,-1,-1
2015100747315,1,9,0,18,0,0,1,0,1,11,1,1,6,2,20,4,1242,1,3,-1,1,-1
2015100747515,1,11,0,5,0,0,0,0,0,0,0,1,1,2,49,8,6871,2,11,-1,1,-1
2015100747615,1,9,0,18,0,8,0,0,0,0,1,1,6,1,30,6,1968,2,5,-1,1,-1
2015100747615,2,9,0,9,0,8,0,0,2,1,4,1,6,2,45,7,1598,1,16,-1,-1,-1
2015100748015,1,9,0,9,0,6,0,0,0,0,3,1,2,1,58,9,1799,1,9,-1,-1,-1
2015100748015,2,1,0,9,0,6,0,0,0,0,2,1,2,1,30,6,-1,-1,-1,-1,-1,-1
2015100748115,1,9,0,18,0,2,0,0,0,0,4,1,2,2,46,8,1598,1,6,-1,1,-1
2015100748215,1,9,0,18,0,2,0,0,0,0,1,1,6,1,81,11,1769,1,13,-1,1,-1
2015100748315,1,9,0,18,0,1,1,0,0,0,0,1,6,1,18,4,1199,1,13,-1,2,-1
2015100748315,2,9,0,7,0,5,0,0,1,11,2,1,2,1,26,6,1598,1,13,-1,2,-1
2015100748415,1,9,0,18,0,0,2,7,0,0,1,1,6,1,22,5,1598,1,14,-1,1,-1
2015100748515,1,9,0,18,0,0,1,0,0,0,2,1,1,1,38,7,998,1,1,-1,1,-1
2015100748515,2,9,0,18,0,0,0,0,4,0,2,1,6,2,54,8,1386,1,7,-1,-1,-1
2015100748515,3,9,0,3,0,0,0,0,0,0,2,1,6,2,29,6,1248,2,3,-1,1,-1
2015100748615,1,19,0,18,0,0,0,4,0,0,1,1,1,1,45,7,2198,2,2,-1,1,-1
2015100748615,2,9,0,2,0,0,0,0,0,6,1,1,6,2,42,7,2143,2,-1,-1,1,-1
2015100748615,3,9,0,4,0,0,0,0,0,0,2,1,6,2,53,8,1796,1,2,-1,2,-1
2015100748715,1,9,0,18,0,8,0,0,0,0,3,1,1,1,53,8,1364,1,-1,-1,2,-1
2015100748715,2,1,0,18,0,8,0,0,0,0,1,1,2,1,53,8,-1,-1,-1,-1,1,-1
2015100749115,1,9,0,18,0,0,0,0,0,0,4,1,6,2,37,7,1242,1,9,-1,3,-1
2015100749215,1,9,0,9,0,5,0,0,0,0,1,1,6,2,-1,-1,1200,1,2,-1,1,-1
2015100749215,2,9,0,2,0,1,0,0,0,0,3,1,6,2,62,9,1398,1,1,-1,1,-1
2015100749315,1,9,0,18,0,8,0,0,0,0,3,1,6,2,38,7,1598,2,3,-1,1,-1
2015100749315,2,9,0,18,0,8,0,0,0,0,4,1,6,1,53,8,1685,2,1,-1,-1,-1
2015100749415,1,9,0,5,0,2,0,0,0,0,1,1,6,1,-1,-1,1560,2,1,-1,-1,-1
2015100749415,2,9,0,3,0,2,0,0,0,0,2,1,6,1,23,5,1229,1,-1,-1,1,-1
2015100749615,1,9,0,1,0,1,0,0,0,0,2,1,6,1,48,8,2495,2,12,-1,3,-1
2015100749615,2,9,0,18,0,2,0,0,0,0,1,1,2,1,56,9,998,1,9,-1,2,-1
2015100749815,1,9,0,9,0,3,0,0,0,0,4,1,6,1,45,7,1598,1,9,-1,1,-1
2015100750315,1,9,0,18,0,0,1,0,0,0,1,1,6,1,24,5,1796,1,11,-1,2,-1
2015100750315,2,9,0,4,0,0,0,0,0,0,2,1,6,1,20,4,1229,1,-1,-1,2,-1
2015100750715,1,9,0,18,0,0,0,0,1,0,1,1,6,1,44,7,1497,1,12,-1,1,-1
2015100751015,1,9,0,4,0,0,1,0,0,0,1,1,2,2,20,4,998,1,17,-1,1,-1
2015100751015,2,9,0,3,0,0,0,0,0,0,2,1,1,1,30,6,1910,2,9,-1,-1,-1
2015100751315,1,9,0,9,0,6,0,0,0,0,3,1,6,2,26,6,1197,1,4,-1,1,-1
2015100751315,2,9,0,18,0,1,0,0,0,0,4,1,6,2,19,4,995,1,9,-1,1,-1
2015100752115,1,9,0,18,0,0,2,0,0,0,4,1,6,1,17,4,-1,-1,-1,-1,1,-1
2015100752515,1,11,0,18,0,8,0,0,0,0,0,1,1,1,55,8,9360,2,1,-1,1,-1
2015100753115,1,9,0,5,0,0,0,0,0,0,1,1,6,1,-1,-1,2461,2,17,-1,1,-1
2015100753115,2,9,0,3,0,0,0,0,0,0,2,1,6,2,43,7,1599,1,11,-1,2,-1
2015100753715,1,9,0,18,0,1,0,0,0,0,1,1,6,1,43,7,1598,1,11,-1,1,-1
2015100753715,2,9,0,18,0,1,0,0,0,0,2,1,6,2,22,5,1390,1,9,-1,1,-1
2015100753815,1,9,0,12,0,0,0,0,0,0,2,1,1,2,41,7,-1,-1,-1,-1,3,-1
2015100753815,2,9,0,18,0,0,0,0,3,0,1,1,1,1,30,6,998,1,1,-1,2,-1
2015100753815,3,9,0,18,0,0,0,0,3,0,0,1,1,1,35,6,2143,2,4,-1,3,-1
2015100754515,1,11,0,18,0,2,0,0,0,0,0,1,1,1,40,7,7300,2,12,-1,1,-1
2015100754515,2,9,0,3,0,2,0,0,0,0,2,1,6,1,54,8,1968,2,1,-1,1,-1
2015100754815,1,9,0,14,0,0,0,0,0,0,4,1,2,1,29,6,1596,1,13,-1,1,-1
2015100754815,2,1,0,4,0,0,0,0,0,0,3,1,6,2,42,7,-1,-1,-1,-1,1,-1
2015100755315,1,9,0,18,0,0,0,0,4,6,1,1,1,1,21,5,-1,-1,-1,-1,1,-1
2015100755315,2,9,0,4,0,0,0,0,0,0,2,1,1,1,37,7,1499,2,-1,-1,1,-1
2015100755315,3,9,0,4,0,0,0,0,0,0,1,1,1,2,41,7,1395,1,1,-1,1,-1
2015100755315,4,9,0,4,0,0,0,0,0,0,2,1,1,1,42,7,2496,2,8,-1,-1,-1
2015100755415,1,9,0,6,0,0,0,0,0,0,1,1,6,1,-1,-1,1796,1,12,-1,1,-1