Accident_Index,Vehicle_Reference,Vehicle_Type,Towing_and_Articulation,Vehicle_Manoeuvre,Vehicle_Location-Restricted_Lane,Junction_Location,Skidding_and_Overturning,Hit_Object_in_Carriageway,Vehicle_Leaving_Carriageway,Hit_Object_off_Carriageway,1st_Point_of_Impact,Was_Vehicle_Left_Hand_Drive?,Journey_Purpose_of_Driver,Sex_of_Driver,Age_of_Driver,Age_Band_of_Driver,Engine_Capacity_(CC),Propulsion_Code,Age_of_Vehicle,Driver_IMD_Decile,Driver_Home_Area_Type,Vehicle_IMD_Decile
2015100755415,2,9,0,18,0,0,0,0,0,0,1,1,6,1,-1,-1,1686,2,5,-1,1,-1
2015100756115,1,9,0,18,0,8,0,7,0,1,1,1,2,2,23,5,1598,1,12,-1,1,-1
2015100756215,1,9,0,9,0,6,0,0,0,0,3,1,6,2,25,5,1596,1,10,-1,1,-1
2015100756215,2,1,0,18,0,8,0,0,0,0,1,1,6,1,50,8,-1,-1,-1,-1,1,-1
2015100756515,1,19,0,9,0,5,0,0,0,0,1,1,1,1,41,7,2198,2,-1,-1,1,-1
2015100756515,2,9,0,18,0,8,0,0,0,0,1,1,3,1,49,8,1398,2,5,-1,1,-1
2015100756615,1,19,0,18,0,8,0,0,0,0,1,1,1,1,29,6,1995,2,6,-1,2,-1
2015100756615,2,9,0,4,0,8,0,0,0,0,2,1,6,1,69,10,1595,1,3,-1,1,-1
2015100757215,1,9,0,18,0,0,0,0,0,0,1,1,6,2,80,11,996,1,4,-1,3,-1
2015100757215,2,11,0,18,0,0,0,0,0,0,1,1,1,1,48,8,-1,2,15,-1,-1,-1
2015100757615,1,19,0,18,0,0,1,10,7,11,4,1,6,1,35,6,2500,2,8,-1,1,-1
2015100757715,1,9,0,18,0,0,0,10,2,0,2,1,6,1,50,8,1995,2,-1,-1,1,-1
2015100757715,2,9,0,18,0,0,2,10,2,0,1,1,2,1,29,6,1997,2,4,-1,1,-1
2015100757715,3,9,0,18,0,0,0,10,4,6,1,1,2,1,30,6,1896,2,11,-1,-1,-1
2015100757815,1,9,0,18,0,0,0,0,0,0,1,1,6,1,68,10,1389,1,15,-1,-1,-1
2015100757915,1,9,0,9,0,6,0,0,0,0,1,1,6,2,90,11,998,1,7,-1,1,-1
2015100757915,2,1,0,18,0,8,0,0,0,0,1,1,6,2,62,9,-1,-1,-1,-1,2,-1
2015100758015,1,9,0,18,0,1,1,0,0,0,1,1,1,2,39,7,1686,2,1,-1,1,-1
2015100758015,2,9,0,10,0,1,0,0,0,0,2,1,6,2,59,9,1390,1,8,-1,1,-1
2015100758115,1,9,0,18,0,0,0,0,0,0,1,1,2,1,26,6,1998,1,7,-1,1,-1
2015100758115,2,9,0,3,0,0,0,0,0,0,2,1,6,1,35,6,1896,2,12,-1,1,-1
2015100758115,3,9,0,3,0,0,0,0,0,0,2,1,6,2,51,8,1360,1,8,-1,1,-1
2015100758215,1,8,0,16,0,0,1,0,7,4,1,1,1,1,31,6,1598,2,2,-1,1,-1
2015100758315,1,9,0,18,0,0,0,0,0,0,3,1,6,1,41,7,1910,2,7,-1,1,-1
2015100758315,2,9,0,18,0,0,0,0,0,0,3,1,6,2,21,5,1198,1,2,-1,1,-1
2015100758315,3,9,0,18,0,0,0,0,0,0,3,1,6,2,59,9,1242,1,12,-1,1,-1
2015100758315,4,9,0,18,0,0,0,0,0,0,3,1,6,1,45,7,1368,1,5,-1,1,-1
2015100758315,5,9,0,18,0,0,0,0,0,0,3,1,6,2,57,9,1198,1,-1,-1,1,-1
2015100758315,6,19,0,18,0,0,0,0,0,0,1,1,6,1,53,8,1870,2,10,-1,1,-1
2015100758415,1,9,0,18,0,0,0,0,0,0,3,1,6,2,68,10,1339,1,-1,-1,1,-1
2015100758715,1,9,0,7,0,5,0,0,0,0,4,1,6,3,-1,-1,-1,-1,-1,-1,-1,-1
2015100759115,1,9,0,18,0,2,0,0,0,0,1,1,6,2,84,11,1199,1,11,-1,1,-1
2015100759215,1,9,0,18,0,0,2,0,7,0,3,1,6,1,52,8,1995,2,8,-1,3,-1
2015100759915,1,1,0,18,4,8,0,0,0,0,3,1,2,1,51,8,-1,-1,-1,-1,1,-1
2015100759915,2,9,0,9,0,5,0,0,0,0,3,1,6,2,45,7,1984,1,8,-1,1,-1
2015100760015,1,3,0,18,0,0,1,10,5,0,3,1,2,1,17,4,125,1,1,-1,1,-1
2015100760215,1,9,0,9,0,8,0,0,0,0,1,1,1,1,23,5,2148,2,6,-1,1,-1
2015100760215,2,9,0,18,0,8,1,0,0,0,3,1,6,2,37,7,998,1,9,-1,1,-1
2015100760215,3,9,0,18,0,8,0,0,0,0,1,1,1,1,63,9,1598,1,4,-1,1,-1
2015100760515,1,9,0,4,0,1,0,0,0,0,1,1,6,1,51,8,1398,1,1,-1,-1,-1
2015100760515,2,9,0,3,0,1,0,0,0,0,2,1,6,2,31,6,998,1,14,-1,1,-1
2015100760715,1,9,0,18,0,1,0,0,0,0,1,1,6,1,20,4,1598,1,16,-1,1,-1
2015100760715,2,9,0,18,0,1,0,0,0,0,0,1,1,1,48,8,2993,2,-1,-1,-1,-1
2015100760915,1,9,0,9,0,3,0,0,0,0,3,1,6,2,59,9,1999,1,5,-1,1,-1
2015100761015,1,9,0,18,0,0,0,0,0,0,1,1,1,1,42,7,2401,2,11,-1,1,-1
2015100761215,1,9,0,18,0,0,0,0,0,0,1,1,2,2,60,9,1598,1,4,-1,3,-1
2015100761215,2,9,0,3,0,0,0,0,0,0,2,1,6,2,58,9,1984,1,8,-1,2,-1
2015100761215,3,9,0,3,0,0,0,0,0,0,2,1,2,2,50,8,1968,2,-1,-1,3,-1
2015100761415,1,9,0,18,0,0,1,0,1,11,1,1,6,2,41,7,1299,1,13,-1,1,-1
2015100761415,2,9,0,18,0,0,0,0,0,0,3,1,6,2,64,9,1390,1,5,-1,1,-1
2015100761915,1,9,0,18,0,1,0,0,0,0,1,1,6,1,62,9,2493,8,2,-1,1,-1
2015100761915,2,9,0,3,0,1,0,0,0,0,2,1,1,1,57,9,1896,2,6,-1,1,-1
2015100761915,3,9,0,3,0,1,0,0,0,0,2,1,6,1,27,6,1797,8,1,-1,1,-1
2015100762115,1,9,0,9,0,6,0,0,0,0,1,1,6,2,33,6,-1,-1,-1,-1,1,-1
2015100762115,2,1,0,18,0,8,0,0,0,0,1,1,6,1,42,7,-1,-1,-1,-1,1,-1
2015100762215,1,9,0,1,0,0,0,0,0,0,2,1,6,1,51,8,1995,2,3,-1,1,-1
2015100762315,1,11,0,3,0,0,0,0,0,0,0,1,1,1,49,8,9600,2,16,-1,-1,-1
2015100763115,1,9,0,5,0,0,0,0,0,0,3,1,6,1,48,8,1499,1,-1,-1,1,-1
2015100763115,2,9,0,18,0,0,0,0,0,0,4,1,6,2,38,7,1461,2,-1,-1,-1,-1
2015100763315,1,9,0,16,0,3,0,10,5,0,3,1,6,2,30,6,1598,1,10,-1,-1,-1
2015100763415,1,9,0,18,0,0,0,0,4,6,1,1,6,1,65,9,1560,2,11,-1,1,-1
2015100763415,2,9,0,3,0,0,0,0,0,0,2,1,6,2,52,8,1995,2,11,-1,3,-1
2015100763415,3,9,0,3,0,0,0,0,0,0,2,1,6,1,38,7,1461,2,9,-1,1,-1
2015100763915,1,9,0,18,0,0,0,0,0,0,1,1,6,1,35,6,1461,2,5,-1,1,-1
2015100763915,2,19,0,18,0,0,0,0,0,0,2,1,6,1,-1,-1,-1,-1,-1,-1,3,-1
2015100764015,1,9,0,18,0,0,0,0,0,0,1,1,6,3,-1,-1,-1,-1,-1,-1,-1,-1
2015100764015,2,9,0,2,0,0,0,0,0,0,0,1,6,1,27,6,1596,1,5,-1,1,-1
2015100764315,1,9,0,9,0,6,0,0,0,0,3,1,1,1,44,7,1956,2,-1,-1,1,-1
2015100764515,1,9,0,18,0,1,0,0,0,0,1,1,6,3,-1,-1,-1,-1,-1,-1,-1,-1
2015100764515,2,9,0,3,0,1,0,0,0,0,2,1,6,2,29,6,2967,2,9,-1,1,-1
2015100764615,1,9,0,18,0,0,0,0,0,0,1,1,6,3,-1,-1,-1,-1,-1,-1,-1,-1
2015100764615,2,9,0,3,0,0,0,0,0,0,2,1,6,2,22,5,1364,1,6,-1,2,-1
2015100765315,1,9,0,18,0,6,0,0,0,0,1,1,6,1,35,6,2168,2,8,-1,-1,-1
2015100765615,1,9,0,1,0,8,0,0,0,0,2,1,6,1,47,8,1598,2,4,-1,1,-1
2015100765915,1,9,0,17,0,0,1,0,0,0,1,1,2,2,29,6,996,1,1,-1,1,-1
2015100765915,2,19,0,16,0,0,0,0,1,0,1,1,2,1,52,8,1560,2,-1,-1,3,-1
2015100766015,1,9,0,15,0,0,0,0,0,0,4,1,2,1,45,7,1798,1,1,-1,1,-1
2015100766015,2,1,0,18,0,0,0,0,0,0,3,1,2,1,25,5,-1,-1,-1,-1,1,-1
2015100766515,1,21,0,18,0,1,0,0,0,0,0,1,6,3,-1,-1,-1,-1,-1,-1,-1,-1
2015100766515,2,11,0,18,0,1,0,0,0,0,0,1,1,1,45,7,4760,2,3,-1,1,-1
2015100766915,1,9,0,9,0,6,0,0,0,0,4,1,6,1,59,9,1968,2,3,-1,1,-1
2015100767015,1,9,0,5,0,1,0,0,0,0,1,1,1,1,44,7,1242,1,-1,-1,-1,-1
2015100767015,2,9,0,18,0,1,0,0,0,0,1,1,1,2,31,6,1598,1,10,-1,1,-1
2015100767115,1,9,0,18,0,4,0,0,0,0,1,1,6,2,27,6,1199,1,13,-1,1,-1
2015100767115,2,9,0,18,0,8,1,0,0,0,4,1,6,2,50,8,1951,2,11,-1,1,-1
2015100767315,1,9,0,9,0,5,0,0,0,0,1,1,2,1,29,6,1124,1,10,-1,1,-1
2015100767315,2,3,0,18,0,8,0,0,0,0,1,1,2,1,24,5,-1,-1,-1,-1,3,-1
2015100767415,1,9,0,9,0,5,0,0,0,0,1,1,2,1,24,5,1399,1,10,-1,1,-1
2015100767415,2,9,0,18,0,8,0,0,0,0,1,1,6,2,44,7,1242,1,-1,-1,1,-1
2015100767815,1,3,0,18,0,6,0,0,0,0,1,1,6,1,18,4,124,1,7,-1,1,-1
2015100767815,2,8,0,18,0,1,0,0,0,0,1,1,1,1,77,11,1998,2,10,-1,1,-1
2015100768715,1,11,0,3,0,1,0,0,0,0,0,1,1,1,50,8,6692,2,6,-1,1,-1
2015100768915,1,9,0,18,0,0,0,0,0,0,1,1,6,1,18,4,998,1,9,-1,1,-1
2015100768915,2,9,0,2,0,0,0,0,0,0,2,1,1,1,53,8,-1,-1,-1,-1,1,-1
2015100769015,1,19,0,9,0,6,0,0,0,0,4,1,6,1,25,5,1868,2,9,-1,1,-1
2015100769015,2,9,0,18,0,1,0,0,0,11,1,1,2,2,19,4,1149,1,8,-1,1,-1
2015100769315,1,1,0,13,0,1,0,0,0,0,1,1,6,1,50,8,-1,-1,-1,-1,-1,-1
2015100769315,2,19,0,7,0,5,0,0,0,0,0,1,2,3,-1,-1,-1,-1,-1,-1,-1,-1
2015100769315,3,9,0,18,0,1,0,0,0,0,2,1,2,2,23,5,1242,1,7,-1,1,-1
2015100769315,4,9,0,18,0,1,0,0,0,0,2,1,1,3,-1,-1,1598,2,1,-1,-1,-1
2015100769915,1,9,0,18,0,0,0,0,0,0,1,1,6,3,-1,-1,-1,-1,-1,-1,-1,-1
2015100769915,2,9,0,3,0,0,0,0,0,0,2,1,6,2,19,4,1398,2,13,-1,1,-1
2015100770015,1,9,0,11,0,0,0,0,0,0,4,1,6,1,-1,-1,2143,2,-1,-1,2,-1
2015100770015,2,5,0,18,0,0,0,0,0,0,2,1,2,1,25,5,600,1,14,-1,1,-1
2015100770415,1,9,0,18,0,1,0,0,0,0,3,2,6,1,51,8,-1,-1,-1,-1,1,-1
2015100770415,2,9,0,3,0,2,0,0,0,0,3,1,6,1,55,8,1910,2,9,-1,1,-1
2015100770615,1,9,0,18,0,1,0,0,0,0,1,1,6,1,-1,-1,1149,1,7,-1,1,-1
2015100770615,2,9,0,10,0,1,0,0,0,0,2,1,6,2,22,5,1995,1,7,-1,1,-1
2015100770715,1,9,0,18,0,1,0,0,0,0,3,1,6,1,33,6,1796,1,12,-1,-1,-1
2015100770715,2,9,0,18,0,1,0,0,0,0,4,1,6,2,22,5,1390,1,12,-1,1,-1
2015100770815,1,9,0,3,0,0,0,0,0,0,1,1,6,1,38,7,-1,-1,-1,-1,1,-1
2015100770815,2,9,0,3,0,0,0,0,0,0,2,1,6,2,57,9,998,1,6,-1,1,-1
2015100771115,1,9,0,7,0,6,0,0,0,0,3,1,6,3,-1,-1,-1,-1,-1,-1,-1,-1
2015100771115,2,3,0,18,0,2,2,0,0,0,1,1,1,1,18,4,125,1,1,-1,1,-1
2015100771915,1,9,0,18,0,4,0,0,0,0,1,1,6,2,51,8,1598,1,-1,-1,-1,-1
2015100771915,2,1,0,18,0,8,0,0,0,0,3,1,1,1,49,8,-1,-1,-1,-1,-1,-1
2015100772615,1,9,0,3,0,0,0,0,0,0,2,1,2,2,45,7,1685,2,1,-1,1,-1
2015100772615,2,9,0,3,0,0,0,0,0,0,2,1,2,2,58,9,1242,1,3,-1,1,-1
2015100772615,3,9,0,3,0,0,0,0,0,0,2,1,2,1,29,6,2000,2,4,-1,1,-1
2015100773115,1,9,0,9,0,5,0,0,0,0,1,1,6,1,43,7,2685,2,10,-1,1,-1
2015100773115,2,19,0,18,0,8,0,0,1,0,1,1,1,1,29,6,1753,2,4,-1,-1,-1
2015100773315,1,9,0,7,0,3,1,0,0,0,1,1,6,1,53,8,1686,2,8,-1,1,-1
2015100773315,2,9,0,3,0,1,0,0,0,0,3,1,6,1,59,9,1968,2,7,-1,1,-1
2015100773515,1,9,0,17,0,0,0,0,0,0,4,1,6,1,25,5,1229,1,5,-1,2,-1
2015100773515,2,9,0,16,0,0,0,10,1,0,1,1,6,1,35,6,1986,2,8,-1,1,-1
2015100774015,1,9,0,18,0,0,0,0,0,0,1,1,6,1,68,10,1461,2,1,-1,1,-1
2015100774015,2,9,0,18,0,0,0,0,0,0,1,1,6,2,50,8,1496,1,-1,-1,1,-1
2015100774015,3,9,0,18,0,0,0,0,0,0,1,1,6,1,45,7,1798,1,9,-1,2,-1
2015100774215,1,19,0,1,0,0,0,0,0,0,2,1,6,1,-1,-1,2143,2,-1,-1,-1,-1
2015100774215,2,4,0,3,0,0,0,0,0,0,1,1,6,1,62,9,109,1,2,-1,1,-1
2015100774415,1,9,0,18,0,1,0,0,0,0,1,1,6,1,25,5,998,1,4,-1,1,-1
2015100774415,2,9,0,8,0,1,0,0,0,0,2,1,6,1,34,6,1560,2,2,-1,1,-1
2015100774815,1,9,0,18,0,0,1,0,0,0,1,1,6,2,40,7,1364,1,-1,-1,1,-1
2015100774815,2,9,0,2,0,0,0,0,1,11,2,1,6,2,44,7,1997,2,15,-1,2,-1
2015100774915,1,9,0,18,0,0,1,0,1,2,2,1,6,1,23,5,1796,1,13,-1,3,-1
2015100775015,1,9,0,18,0,0,0,0,0,0,4,1,6,2,46,8,2231,2,7,-1,1,-1
2015100775215,1,9,0,12,0,1,0,0,0,0,3,1,6,1,35,6,1910,2,7,-1,-1,-1
2015100775215,2,9,0,18,0,1,0,0,0,0,4,1,6,1,21,5,1364,1,1,-1,1,-1
2015100775915,1,9,0,1,0,0,0,0,0,0,0,1,6,3,-1,-1,-1,-1,-1,-1,-1,-1
2015100775915,2,11,0,18,0,0,0,0,0,0,0,1,1,1,31,6,7300,2,13,-1,-1,-1
2015100776415,1,9,0,18,0,1,0,0,0,0,1,1,2,2,37,7,1199,1,2,-1,1,-1
2015100776415,2,9,0,10,0,1,0,0,0,0,2,1,6,1,47,8,1910,2,7,-1,1,-1
2015100776415,3,9,0,9,0,6,0,0,0,0,4,1,6,1,53,8,1798,1,12,-1,1,-1
2015100776615,1,3,0,11,0,0,0,0,0,0,1,1,6,1,19,4,124,1,6,-1,1,-1
2015100776615,2,3,0,18,0,0,0,0,0,0,2,1,6,1,17,4,125,1,-1,-1,2,-1
2015100776715,1,9,0,18,0,1,0,0,0,0,1,1,6,1,51,8,1461,2,1,-1,1,-1
2015100776815,1,9,0,9,0,5,0,0,0,0,1,1,6,1,24,5,1360,1,9,-1,1,-1
2015100776815,2,9,0,18,0,8,0,0,0,0,1,1,6,1,41,7,1598,2,5,-1,1,-1
2015100777015,1,9,0,18,0,8,0,0,0,0,1,1,6,1,83,11,1242,1,-1,-1,1,-1
2015100777015,2,9,0,9,0,5,0,0,0,0,3,1,6,2,50,8,1796,1,5,-1,1,-1
2015100777115,1,9,0,18,0,0,1,0,1,9,1,1,2,1,53,8,1461,2,12,-1,1,-1
2015100777115,2,9,0,18,0,0,1,0,1,4,1,1,2,1,53,8,1242,1,11,-1,1,-1
2015100777215,1,9,0,18,0,0,1,0,1,9,1,1,1,2,47,8,1398,1,4,-1,2,-1
2015100777315,1,9,0,18,0,8,0,0,0,0,1,1,6,2,53,8,1999,2,-1,-1,1,-1
2015100777315,2,9,0,18,0,8,0,0,0,0,4,1,6,2,32,6,1149,1,7,-1,1,-1
2015100777515,1,9,0,18,0,0,0,0,0,0,1,1,2,1,39,7,-1,-1,-1,-1,1,-1
2015100777715,1,9,0,18,0,0,0,0,0,0,4,1,6,1,82,11,1560,2,8,-1,2,-1
2015100778015,1,19,0,18,0,1,0,0,0,0,1,1,6,1,57,9,1968,2,1,-1,1,-1
2015100778515,1,9,0,18,0,0,1,10,6,0,2,1,6,2,21,5,1229,1,6,-1,1,-1
2015100778515,2,9,0,18,0,0,0,0,0,0,1,1,6,1,38,7,1398,1,1,-1,-1,-1
2015100778615,1,9,0,7,0,3,0,0,0,0,1,1,6,3,-1,-1,-1,-1,-1,-1,-1,-1
2015100778715,1,9,0,18,0,8,0,0,0,0,1,1,6,3,-1,-1,-1,-1,-1,-1,-1,-1
2015100778915,1,9,0,4,0,1,0,0,0,0,1,1,6,2,46,8,1685,2,-1,-1,1,-1
2015100778915,2,9,0,3,0,1,0,0,0,0,2,1,6,2,37,7,1870,2,14,-1,1,-1
2015100779015,1,9,0,18,0,1,0,0,0,0,1,1,6,2,20,4,1199,1,14,-1,1,-1
2015100779015,2,9,0,3,0,1,0,0,0,0,2,1,6,1,60,9,1390,1,2,-1,1,-1
2015100779115,1,9,0,11,0,7,0,0,0,0,2,1,6,3,-1,-1,-1,-1,-1,-1,-1,-1
2015100779115,2,9,0,17,0,8,0,0,0,0,3,1,2,1,18,4,1229,1,-1,-1,1,-1
2015100779115,3,9,0,18,0,8,0,0,0,0,3,1,6,1,-1,-1,1968,2,9,-1,-1,-1
2015100779315,1,9,0,9,0,6,0,0,0,0,1,1,6,2,17,4,-1,-1,-1,-1,1,-1
2015100779315,2,1,0,18,0,8,0,0,0,0,1,1,6,1,61,9,-1,-1,-1,-1,1,-1
2015100779415,1,9,0,13,0,1,1,0,0,0,4,1,6,1,23,5,1560,2,2,-1,-1,-1
2015100779415,2,9,0,9,0,5,0,0,0,0,3,1,3,2,43,7,1198,1,-1,-1,1,-1
2015100779615,1,8,0,9,0,1,0,10,0,10,1,1,1,1,25,5,1896,2,12,-1,1,-1
2015100779715,1,5,0,18,0,0,1,0,0,0,1,1,6,1,43,7,645,1,15,-1,1,-1
2015100779715,2,9,0,18,0,0,0,0,0,0,2,1,6,1,31,6,1498,1,10,-1,2,-1
2015100779715,3,9,0,18,0,0,0,0,0,0,2,1,6,1,48,8,1461,2,-1,-1,1,-1
2015100779815,1,9,0,18,0,8,0,0,0,0,1,1,2,2,52,8,1061,1,9,-1,1,-1
2015100779815,2,9,0,5,0,8,0,0,0,0,1,1,2,2,27,6,1388,1,6,-1,1,-1
2015100779815,3,9,0,10,0,8,0,0,0,0,1,1,2,2,35,6,998,1,6,-1,-1,-1
2015100779915,1,9,0,1,0,8,0,0,0,0,2,1,6,1,87,11,1499,1,-1,-1,1,-1
2015100780215,1,11,0,3,0,0,0,0,0,0,0,1,6,1,53,8,-1,2,15,-1,1,-1
2015100780615,1,9,0,18,0,2,0,0,0,0,1,1,6,3,-1,-1,-1,-1,-1,-1,-1,-1
2015100780715,1,9,0,16,0,0,2,0,0,1,4,1,6,1,52,8,1998,1,10,-1,1,-1
2015100780915,1,11,0,17,0,8,0,0,0,0,0,1,6,2,53,8,4760,2,2,-1,1,-1
2015100781515,1,9,0,18,0,0,1,0,1,4,1,1,6,1,49,8,-1,-1,-1,-1,3,-1
2015100781915,1,11,0,2,0,0,0,0,0,0,0,1,1,1,40,7,9000,2,8,-1,1,-1
2015100782415,1,19,0,1,0,1,0,0,0,0,1,1,3,1,31,6,-1,-1,-1,-1,1,-1
2015100782415,2,9,0,2,0,1,0,0,0,0,1,1,6,2,49,8,1598,1,12,-1,1,-1
2015100782515,1,9,0,18,0,0,1,0,7,9,3,1,6,1,36,7,1388,1,15,-1,1,-1
2015100782715,1,9,0,18,0,0,0,0,0,0,1,1,6,1,76,11,1870,2,12,-1,1,-1
2015100783415,1,9,0,18,0,0,0,0,0,0,4,1,6,3,-1,-1,-1,-1,-1,-1,-1,-1
2015100783715,1,9,0,3,0,1,0,0,0,0,1,1,6,1,20,4,1390,1,11,-1,1,-1
2015100783715,2,9,0,10,0,1,0,0,0,0,2,1,6,2,32,6,1364,1,9,-1,1,-1
2015100784015,1,21,0,18,0,0,0,0,0,0,1,1,1,1,70,10,-1,2,1,-1,3,-1
2015100784015,2,17,0,18,0,0,0,0,1,9,2,1,1,1,54,8,-1,2,30,-1,3,-1
2015100785015,1,10,0,5,0,0,0,0,0,0,1,1,1,1,62,9,2998,2,9,-1,1,-1
2015100785015,2,1,0,5,0,0,0,0,0,0,2,1,2,1,54,8,-1,-1,-1,-1,2,-1
2015100785115,1,9,0,18,0,0,0,0,0,0,1,1,6,1,22,5,1968,2,-1,-1,-1,-1
2015100785515,1,19,0,3,0,0,1,0,0,0,1,1,6,1,-1,-1,1461,2,5,-1,-1,-1
2015100785515,2,9,0,3,0,0,0,0,0,0,2,1,6,2,29,6,1598,2,3,-1,1,-1
2015100785515,3,9,0,18,0,0,1,0,0,0,1,1,6,1,-1,-1,1461,2,10,-1,-1,-1
2015100785715,1,9,0,17,0,0,1,10,1,0,4,1,2,2,23,5,1390,1,9,-1,2,-1
2015100785715,2,9,0,16,0,0,1,0,0,0,1,1,2,1,47,8,2926,2,14,-1,1,-1
2015100785815,1,9,0,4,0,0,0,0,0,0,1,2,2,2,57,9,1422,2,6,-1,1,-1
2015100785815,2,9,0,4,0,0,0,0,0,0,2,2,2,2,42,7,1998,2,10,-1,1,-1
2015100785815,3,9,0,3,0,0,0,0,0,0,0,2,6,3,-1,-1,-1,-1,-1,-1,-1,-1
2015100785915,1,9,0,18,0,8,0,0,0,0,1,1,6,2,35,6,1598,1,2,-1,-1,-1
2015100785915,2,5,0,7,0,4,0,0,0,0,2,1,6,1,66,10,1170,1,-1,-1,1,-1
2015100786015,1,9,0,9,0,6,0,0,0,0,1,1,6,1,75,10,1399,1,9,-1,1,-1
2015100786315,1,9,0,9,0,5,0,0,0,0,3,1,6,1,54,8,998,1,8,-1,1,-1
2015100786415,1,8,0,18,0,0,0,0,0,0,4,1,1,1,53,8,1461,2,1,-1,1,-1
2015100786815,1,19,0,4,0,0,0,0,0,0,1,1,6,3,-1,-1,1598,2,-1,-1,-1,-1
2015100786815,2,9,0,4,0,0,0,0,0,0,2,1,6,1,31,6,1461,2,-1,-1,1,-1
2015100787115,1,9,0,18,0,1,0,0,0,0,4,1,6,1,73,10,1951,2,13,-1,1,-1
2015100787115,2,9,0,3,0,1,0,0,0,0,1,1,6,1,37,7,2685,2,11,-1,1,-1
2015100787215,1,9,0,18,0,1,1,0,0,0,1,1,6,1,46,8,1998,1,9,-1,1,-1
2015100787215,2,9,0,5,0,8,0,0,0,0,3,1,6,1,57,9,-1,-1,-1,-1,1,-1
2015100787315,1,9,0,18,0,0,0,0,0,0,4,1,6,2,27,6,1349,1,7,-1,3,-1
2015100788115,1,9,0,18,0,8,0,0,0,0,1,1,2,1,41,7,1956,2,1,-1,2,-1
2015100788615,1,21,0,18,0,0,0,0,0,0,4,1,1,1,53,8,10518,2,2,-1,1,-1
2015100788615,2,9,0,18,0,0,5,0,1,0,3,1,6,2,30,6,1997,2,13,-1,1,-1
2015100788915,1,9,0,18,0,1,0,0,0,0,3,1,6,2,62,9,-1,-1,-1,-1,1,-1
2015100789415,1,9,0,17,0,0,0,10,6,0,1,1,6,1,22,5,1388,1,11,-1,1,-1
2015100789415,2,9,0,16,0,0,0,0,0,0,2,1,6,1,62,9,-1,-1,-1,-1,1,-1
2015100789515,1,19,0,1,0,1,0,0,0,0,2,1,6,1,56,9,1753,2,11,-1,1,-1
2015100790015,1,9,0,18,0,8,0,0,0,0,1,1,6,1,28,6,1461,2,3,-1,1,-1
2015100790015,2,9,0,18,0,8,0,0,0,0,2,1,6,2,27,6,-1,-1,-1,-1,-1,-1
2015100790515,1,9,0,4,9,0,0,0,8,10,1,2,6,1,85,11,1198,1,3,-1,1,-1
2015100790615,1,11,0,4,0,2,0,0,0,0,0,1,1,1,27,6,4461,2,-1,-1,1,-1
2015100790915,1,9,0,18,0,0,0,0,0,0,1,1,2,1,50,8,1360,1,8,-1,1,-1
2015100790915,2,9,0,18,0,0,0,0,0,0,2,1,2,1,60,9,1997,2,13,-1,1,-1
2015100790915,3,9,0,3,0,0,0,0,0,0,2,1,6,1,34,6,1968,2,1,-1,1,-1
2015100790915,4,9,0,3,0,0,0,0,0,0,2,1,2,2,26,6,-1,-1,-1,-1,-1,-1
2015100791615,1,19,0,1,0,1,0,0,0,0,2,1,6,1,41,7,1870,2,11,-1,1,-1
2015100791615,2,9,0,4,0,2,0,0,0,0,1,1,6,1,56,9,2777,2,5,-1,1,-1
2015100791715,1,9,0,18,0,0,0,0,0,0,1,1,1,1,41,7,1956,2,6,-1,1,-1
2015100791715,2,9,0,3,0,0,0,0,4,6,2,1,6,1,52,8,1794,1,10,-1,1,-1
2015100792215,1,9,0,18,0,2,1,0,0,10,1,1,6,2,24,5,2184,2,13,-1,1,-1
2015100792315,1,19,0,18,0,0,1,0,2,4,1,1,1,1,29,6,-1,-1,-1,-1,1,-1
2015100792715,1,9,0,14,0,0,0,8,0,0,4,1,6,1,-1,-1,1200,1,-1,-1,1,-1
2015100792715,2,9,0,2,0,0,0,0,0,0,3,1,6,2,21,5,1229,1,3,-1,1,-1
2015100792915,1,9,0,17,0,8,0,0,0,0,1,1,6,3,-1,-1,-1,-1,-1,-1,-1,-1
2015100793615,1,9,0,18,0,6,0,0,0,0,1,1,6,1,19,4,1398,1,-1,-1,1,-1
2015100793615,2,11,0,18,0,8,0,0,0,0,4,1,1,1,51,8,6692,2,6,-1,1,-1
2015100794115,1,9,0,18,0,1,0,0,0,0,1,1,6,3,-1,-1,-1,-1,-1,-1,-1,-1
2015100794115,2,19,0,3,0,1,0,0,0,0,2,1,1,1,56,9,1870,2,9,-1,1,-1
2015100794315,1,9,0,18,0,0,0,7,0,0,1,1,6,1,76,11,1560,2,10,-1,1,-1
2015100794515,1,9,0,18,0,8,0,0,7,11,1,1,2,1,27,6,1998,2,9,-1,1,-1
2015100794515,2,9,0,9,0,5,0,0,0,0,3,1,6,2,48,8,-1,-1,-1,-1,1,-1
2015100794615,1,9,0,9,0,6,0,0,0,0,0,1,6,3,-1,-1,-1,-1,-1,-1,-1,-1
2015100794615,2,11,0,18,0,8,0,0,0,0,0,1,1,2,21,5,3900,2,10,-1,2,-1