Accident_Index,Vehicle_Reference,Vehicle_Type,Towing_and_Articulation,Vehicle_Manoeuvre,Vehicle_Location-Restricted_Lane,Junction_Location,Skidding_and_Overturning,Hit_Object_in_Carriageway,Vehicle_Leaving_Carriageway,Hit_Object_off_Carriageway,1st_Point_of_Impact,Was_Vehicle_Left_Hand_Drive?,Journey_Purpose_of_Driver,Sex_of_Driver,Age_of_Driver,Age_Band_of_Driver,Engine_Capacity_(CC),Propulsion_Code,Age_of_Vehicle,Driver_IMD_Decile,Driver_Home_Area_Type,Vehicle_IMD_Decile
201511NE25795,2,1,0,18,0,0,0,0,0,0,2,1,6,1,57,9,-1,-1,-1,-1,1,-1
201511NE27215,1,8,0,7,0,5,0,0,0,0,1,1,1,1,53,8,1998,2,7,-1,2,-1
201511NE27645,1,9,0,18,0,0,1,0,0,0,1,1,6,1,24,5,1997,2,12,-1,3,-1
201511NE27645,2,10,0,18,0,0,0,0,0,0,1,1,1,1,53,8,2148,2,6,-1,2,-1
201511NE27715,1,19,0,7,0,6,0,0,1,0,4,1,6,3,-1,-1,2402,2,14,-1,-1,-1
201511NE27765,1,9,0,18,0,8,0,7,0,0,1,1,6,1,86,11,1086,1,10,-1,1,-1
201511NF00555,1,9,0,16,0,8,1,0,1,2,1,1,6,1,19,4,1398,1,-1,-1,1,-1
201511NF01815,1,9,0,9,0,1,0,0,0,0,4,1,1,1,50,8,1796,1,3,-1,1,-1
201511NF01835,1,9,0,6,0,1,0,0,0,0,1,1,6,2,29,6,1997,2,14,-1,2,-1
201511NF01835,2,9,0,18,0,1,0,0,1,10,3,1,6,1,32,6,1598,1,9,-1,2,-1
201511NF01915,1,9,0,9,0,6,0,0,0,0,0,1,6,2,18,4,1399,2,5,-1,1,-1
201511NF01915,2,9,0,18,0,1,1,0,0,0,0,1,6,2,34,6,2982,2,7,-1,1,-1
201511NF03105,1,11,0,18,0,2,0,0,0,0,0,1,1,1,46,8,3900,2,11,-1,2,-1
201511NF03265,1,11,0,18,0,0,0,0,0,0,0,1,1,1,58,9,6370,2,7,-1,1,-1
201511NF05475,1,9,0,18,0,0,0,0,0,0,4,1,6,2,22,5,1968,2,3,-1,1,-1
201511NF05475,2,9,0,4,0,0,0,0,0,0,2,1,6,1,84,11,1560,2,7,-1,3,-1
201511NF05975,1,9,0,18,0,1,0,0,0,0,1,1,6,1,28,6,2926,2,14,-1,1,-1
201511NF05975,2,9,0,18,0,1,0,0,0,11,2,1,1,1,46,8,1490,1,8,-1,3,-1
201511NF05975,3,19,0,18,0,1,0,0,0,0,1,1,6,1,56,9,2143,2,4,-1,1,-1
201511NF06605,1,9,0,18,0,0,0,0,0,0,1,1,6,2,35,6,1199,1,12,-1,3,-1
201511NF06605,2,9,0,18,0,0,0,0,0,0,1,1,6,2,22,5,1596,1,6,-1,1,-1
201511NF06605,3,9,0,3,0,0,0,0,0,0,2,1,6,2,35,6,1896,2,7,-1,1,-1
201511NF06605,4,9,0,3,0,0,0,0,0,0,2,1,6,2,28,6,1582,2,2,-1,2,-1
201511NF06935,1,1,0,18,0,8,0,0,0,0,1,1,6,1,13,3,-1,-1,-1,-1,1,-1
201511NF06935,2,9,0,18,0,8,0,0,0,0,3,1,6,2,49,8,1198,1,9,-1,1,-1
201511NF07085,1,8,0,18,0,0,0,4,0,0,1,1,1,1,41,7,1896,2,5,-1,1,-1
201511NF07085,2,9,0,2,0,0,0,0,0,0,2,1,6,1,51,8,1995,2,12,-1,1,-1
201511NF07425,1,9,0,18,0,0,1,0,7,6,4,1,6,1,46,8,1799,1,7,-1,1,-1
201511NF07425,2,9,0,3,0,0,0,0,0,0,3,1,6,1,23,5,1598,2,2,-1,1,-1
201511NF07445,1,9,0,18,0,0,0,0,0,0,1,1,6,1,-1,-1,-1,-1,-1,-1,-1,-1
201511NF07445,2,19,0,3,0,0,0,0,0,0,2,1,2,1,18,4,2198,2,2,-1,3,-1
201511NF07945,1,9,0,18,0,8,0,0,0,0,1,1,6,1,79,11,1329,1,1,-1,1,-1
201511NF07945,2,9,0,9,0,8,0,0,0,0,4,1,6,1,59,9,1598,1,14,-1,2,-1
201511NF08275,1,9,0,18,0,8,0,0,0,0,1,1,6,1,-1,-1,-1,-1,-1,-1,-1,-1
201511NF08275,2,9,0,10,0,8,0,0,0,0,3,1,6,1,36,7,2393,1,12,-1,1,-1
201511NF08345,1,9,0,18,0,1,0,0,0,0,3,1,2,2,37,7,998,1,-1,-1,1,-1
201511NF08415,1,9,0,1,0,0,0,0,0,0,2,1,6,1,34,6,1461,2,5,-1,1,-1
201511NF08415,2,9,0,18,0,0,0,0,0,0,3,1,6,2,25,5,1998,2,14,-1,1,-1
201511NF08425,1,9,0,9,0,8,0,0,0,0,1,1,6,1,60,9,1560,2,1,-1,2,-1
201511NF08425,2,9,0,18,0,8,0,0,0,0,4,1,6,2,35,6,1200,1,-1,-1,1,-1
201511NF08695,1,9,0,5,0,1,0,0,0,0,1,1,6,2,17,4,1560,2,6,-1,2,-1
201511NF08695,2,9,0,18,0,1,0,0,0,0,4,1,6,1,52,8,1997,2,1,-1,3,-1
201511NF09015,1,19,0,18,0,7,0,1,0,0,0,1,6,3,-1,-1,-1,-1,-1,-1,-1,-1
201511NF09015,2,9,2,18,0,7,0,0,0,0,1,1,1,1,17,4,-1,-1,-1,-1,1,-1
201511NF09015,3,98,3,18,0,7,0,0,4,6,3,1,1,2,46,8,-1,-1,-1,-1,1,-1
201511NF09135,1,9,0,11,0,0,0,0,0,0,4,1,6,1,-1,-1,1686,2,9,-1,1,-1
201511NF09135,2,5,0,11,0,0,0,0,0,0,3,1,6,1,26,6,636,1,10,-1,2,-1
201511NF09175,1,9,0,18,0,0,2,0,8,4,3,1,6,1,24,5,1910,2,10,-1,2,-1
201511NF09565,1,9,0,18,0,0,2,0,1,11,1,1,6,1,18,4,2000,1,13,-1,1,-1
201511NF10385,1,1,0,9,0,8,1,0,0,0,4,1,6,1,7,2,-1,-1,-1,-1,1,-1
201511NF10385,2,19,0,18,0,8,0,0,0,0,1,1,6,1,75,10,-1,-1,-1,-1,1,-1
201511NF10815,1,9,0,9,0,6,0,0,0,0,1,1,6,1,70,10,1598,1,1,-1,1,-1
201511NF10815,2,9,0,18,0,1,2,0,0,0,4,1,6,2,26,6,-1,-1,-1,-1,1,-1
201511NF10845,1,9,0,18,0,1,0,0,1,11,3,1,6,2,50,8,1149,1,11,-1,1,-1
201511NF10845,2,9,0,18,0,1,0,0,0,0,1,1,6,1,38,7,1896,2,12,-1,2,-1
201511NF11405,1,9,0,18,0,0,1,0,1,1,1,1,6,1,39,7,1997,1,14,-1,1,-1
201511NF11405,2,9,0,18,0,0,0,0,1,4,3,1,6,1,61,9,1560,2,4,-1,2,-1
201511NF13165,1,9,0,18,0,0,0,0,0,0,1,1,6,1,55,8,1200,1,-1,-1,1,-1
201511NF13235,1,9,0,18,0,0,0,0,0,0,1,1,6,1,33,6,1968,2,4,-1,1,-1
201511NF13235,2,1,0,18,0,0,0,0,0,0,2,1,6,1,27,6,-1,-1,-1,-1,1,-1
201511NF13755,1,9,0,9,0,8,2,0,1,1,1,1,6,1,75,10,1998,2,15,-1,1,-1
201511NF13845,1,5,0,18,0,8,0,0,7,1,1,1,6,1,46,8,988,1,12,-1,1,-1
201511NF14035,1,8,0,6,0,2,0,0,0,0,3,1,1,2,48,8,1598,2,1,-1,1,-1
201511NF14035,2,11,0,18,0,2,0,0,0,0,4,1,1,1,37,7,4461,2,2,-1,1,-1
201511NF14065,1,9,0,18,0,0,0,4,0,0,1,1,6,2,36,7,998,1,1,-1,3,-1
201511NF14065,2,9,0,2,0,0,0,0,0,0,3,1,6,2,-1,-1,1598,1,7,-1,-1,-1
201511NF14065,3,9,0,2,0,0,0,0,0,0,3,1,6,1,-1,-1,-1,-1,-1,-1,-1,-1
201511NF15585,1,9,0,18,0,0,0,0,0,0,1,1,6,2,31,6,1598,1,12,-1,2,-1
201511NF15585,2,9,0,18,0,0,0,0,0,0,1,1,6,2,76,11,1329,1,-1,-1,1,-1
201511NF15875,1,90,0,18,0,2,0,0,0,0,1,1,1,1,43,7,-1,-1,-1,-1,1,-1
201511NF15915,1,9,0,1,0,1,0,0,0,0,2,1,6,1,18,4,1598,1,9,-1,1,-1
201511NF16075,1,9,0,18,0,0,0,0,0,0,4,1,6,3,-1,-1,-1,-1,-1,-1,-1,-1
201511NF16075,2,1,0,18,0,0,0,0,0,0,3,1,6,1,56,9,-1,-1,-1,-1,2,-1
201511NF16605,1,9,0,18,0,8,2,10,0,0,1,1,6,1,40,7,2835,2,17,-1,2,-1
201511NF17635,1,9,0,18,0,2,2,0,1,4,1,1,6,2,42,7,3000,2,18,-1,1,-1
201511NF17835,1,1,0,18,0,2,0,4,0,0,3,1,6,1,5,1,-1,-1,-1,-1,3,-1
201511NF17835,2,9,0,2,0,1,0,0,0,0,3,1,6,2,41,7,2199,2,2,-1,1,-1
201511NF17865,1,19,0,18,0,8,0,0,0,0,3,1,1,1,35,6,2198,2,1,-1,2,-1
201511NF17865,2,9,0,18,0,8,0,0,0,0,1,1,6,1,54,8,1560,2,5,-1,2,-1
201511NF17945,1,5,0,18,0,8,0,9,3,1,1,1,6,1,52,8,750,1,1,-1,1,-1
201511NF18335,1,19,0,1,0,8,0,0,0,0,2,1,1,1,36,7,1461,2,4,-1,1,-1
201511NF18345,1,9,0,18,0,1,0,0,0,0,1,1,6,1,59,9,2499,2,14,-1,1,-1
201511NF18845,1,19,0,5,0,2,0,0,0,0,0,1,2,1,64,9,2300,2,11,-1,2,-1
201511NF18845,2,1,0,18,0,2,0,0,0,0,4,1,6,1,50,8,-1,-1,-1,-1,1,-1
201511NF19015,1,9,0,1,9,0,0,0,0,0,0,1,6,3,-1,-1,-1,-1,-1,-1,-1,-1
201511NF20785,1,9,0,16,0,0,2,0,7,4,4,1,6,1,19,4,1896,2,11,-1,1,-1
201511NF20985,1,9,0,9,0,8,0,0,0,0,3,1,6,1,-1,-1,1997,2,11,-1,2,-1
201511NF20985,2,9,0,18,0,8,1,10,0,0,4,1,2,1,22,5,1968,2,9,-1,3,-1
201511NF21355,1,9,0,7,0,7,0,0,0,0,2,1,6,2,18,4,1527,2,21,-1,2,-1
201511NF21355,2,21,1,18,0,8,0,0,0,0,1,1,1,1,57,9,12600,2,10,-1,1,-1
201511NF22115,1,9,0,14,0,2,0,0,0,0,1,1,1,2,-1,-1,998,1,4,-1,1,-1
201511NF22115,2,19,0,2,0,2,0,0,0,0,0,1,1,3,-1,-1,2998,2,5,-1,-1,-1
201511NF22415,1,9,0,18,0,0,0,0,0,0,0,1,6,3,-1,-1,1598,1,3,-1,-1,-1
201511NF22415,2,9,0,1,0,0,0,0,7,11,2,1,6,1,21,5,1248,2,2,-1,1,-1
201511NF22635,1,9,0,18,0,1,0,0,0,0,4,1,6,3,-1,-1,996,1,-1,-1,-1,-1
201511NF23135,1,9,0,9,0,1,0,0,0,0,1,1,6,3,-1,-1,1598,1,12,-1,-1,-1
201511NF23135,2,9,0,2,0,1,0,0,1,0,2,1,6,1,31,6,1896,2,13,-1,2,-1
201511NF23365,1,9,0,18,0,0,0,0,0,0,1,1,2,2,26,6,1595,1,14,-1,1,-1
201511NF23365,2,9,0,18,0,0,0,0,0,0,2,1,2,2,28,6,1398,1,2,-1,1,-1
201511NF23375,1,19,0,18,0,0,0,0,0,0,1,1,1,1,45,7,2198,2,1,-1,1,-1
201511NF23375,2,19,0,18,0,0,0,0,1,0,2,1,1,1,49,8,1248,2,5,-1,1,-1
201511NF23985,1,9,0,18,0,8,0,0,0,0,1,1,6,2,30,6,1598,1,6,-1,1,-1
201511NF23985,2,9,0,18,0,8,0,0,0,0,3,1,6,1,56,9,1398,1,15,-1,2,-1
201511NF24015,1,9,0,9,0,8,0,0,0,0,1,1,6,2,63,9,1968,2,2,-1,1,-1
201511NF24015,2,9,0,18,0,8,0,0,0,0,3,1,6,2,-1,-1,1560,2,6,-1,1,-1
201511NF24065,1,19,0,4,0,0,0,0,0,0,2,1,2,1,-1,-1,1870,2,14,-1,-1,-1
201511NF24065,2,9,0,4,0,0,0,0,0,0,0,1,2,1,28,6,1997,2,6,-1,3,-1
201511NF24125,1,2,0,18,0,2,0,0,0,0,1,1,6,1,16,4,49,1,7,-1,1,-1
201511NF24125,2,9,0,4,0,2,0,0,0,0,2,1,6,2,29,6,1598,1,6,-1,2,-1
201511NF24285,1,9,0,18,0,4,0,0,0,0,1,1,6,2,64,9,1229,1,-1,-1,1,-1
201511NF24285,2,9,0,18,0,4,0,0,0,0,3,1,6,1,26,6,1599,1,8,-1,1,-1
201511NF24455,1,3,0,18,0,8,0,0,0,0,1,1,6,1,20,4,-1,-1,-1,-1,1,-1
201511NF24455,2,9,0,9,0,8,0,0,0,0,4,1,1,1,55,8,1560,2,5,-1,1,-1
201511NG00115,1,9,0,16,0,0,0,0,0,0,1,1,6,2,52,8,1598,1,1,-1,1,-1
201511NG00115,2,9,0,16,0,0,0,0,0,0,1,1,6,2,26,6,1598,1,9,-1,1,-1
201511NG00115,3,9,0,3,0,0,0,0,0,0,2,1,6,2,36,7,1596,1,12,-1,1,-1
201511NG00885,1,3,0,18,0,1,0,0,0,0,4,1,6,1,21,5,125,1,9,-1,3,-1
201511NG00885,2,9,0,9,0,6,0,0,0,0,1,1,6,1,60,9,1968,2,2,-1,1,-1
201511NG01245,1,19,0,7,0,8,0,0,0,0,1,1,1,1,27,6,2198,2,3,-1,1,-1
201511NG01245,2,9,0,18,0,8,0,0,0,0,1,1,6,1,41,7,-1,-1,-1,-1,1,-1
201511NG01375,1,11,0,18,0,1,0,0,0,0,0,1,1,1,28,6,4760,2,3,-1,1,-1
201511NG01455,1,9,0,16,0,0,0,0,0,0,1,1,2,1,49,8,1896,2,11,-1,3,-1
201511NG01455,2,9,0,17,0,0,1,0,0,0,3,1,6,3,58,9,-1,-1,-1,-1,1,-1
201511NG01455,3,9,0,17,0,0,0,0,0,0,1,1,6,2,51,8,1398,2,11,-1,1,-1
201511NG01635,1,9,0,18,0,4,0,0,1,1,1,1,6,1,41,7,1956,2,1,-1,1,-1
201511NG01635,2,9,0,17,0,8,0,0,0,0,4,1,6,2,20,4,1560,2,10,-1,2,-1
201511NG01925,1,9,0,18,0,1,0,0,0,0,3,1,6,2,52,8,-1,-1,-1,-1,1,-1
201511NG01925,2,9,0,18,0,1,0,0,0,0,1,1,1,2,29,6,1997,2,13,-1,1,-1
201511NG01935,1,9,0,12,0,0,0,0,0,0,3,1,2,1,44,7,1796,1,2,-1,1,-1
201511NG01935,2,21,1,18,0,0,0,0,0,0,1,1,1,1,50,8,16400,2,-1,-1,3,-1
201511NG01935,3,3,0,18,0,0,0,0,0,0,4,1,1,1,49,8,-1,-1,-1,-1,1,-1
201511NG02145,1,11,0,5,0,0,0,0,0,0,0,1,1,1,43,7,6370,2,7,-1,2,-1
201511NG03035,1,11,0,5,0,0,0,0,0,0,0,1,1,1,44,7,9000,2,8,-1,1,-1
201511NG03185,1,9,0,5,0,6,0,0,0,0,3,1,6,1,17,4,1595,2,5,-1,2,-1
201511NG03185,2,9,0,18,0,8,0,0,0,0,1,1,6,1,58,9,-1,-1,-1,-1,1,-1
201511NG04375,1,9,0,18,0,2,0,0,0,0,1,1,6,2,30,6,1956,2,3,-1,1,-1
201511NG04375,2,9,0,2,0,2,0,0,0,0,1,1,6,2,38,7,-1,-1,-1,-1,1,-1
201511NG05165,1,9,0,18,0,2,0,0,0,0,1,1,6,1,21,5,2000,2,10,-1,1,-1
201511NG05165,2,9,0,18,0,2,0,0,0,0,2,1,1,1,43,7,1896,2,6,-1,1,-1
201511NG05585,1,9,0,18,0,4,0,0,0,0,1,1,6,2,48,8,1396,1,11,-1,1,-1
201511NG05585,2,9,0,9,0,4,0,0,0,0,1,1,6,2,51,8,1995,1,9,-1,1,-1
201511NG05655,1,9,0,18,0,8,0,0,0,0,1,1,6,1,43,7,1796,1,4,-1,1,-1
201511NG05655,2,9,0,18,0,8,5,7,0,0,4,1,6,1,53,8,1493,2,10,-1,3,-1
201511NG06145,1,9,0,18,0,0,0,0,0,0,3,1,2,1,53,8,1595,1,11,-1,1,-1
201511NG06165,1,9,0,18,0,1,1,0,0,0,1,1,6,1,31,6,1328,1,8,-1,1,-1
201511NG06165,2,9,0,3,0,1,0,0,0,0,2,1,6,2,49,8,1242,1,12,-1,1,-1
201511NG06245,1,9,0,18,0,4,0,0,0,0,3,1,6,2,33,6,1999,1,13,-1,1,-1
201511NG06245,2,9,0,9,0,4,0,0,0,0,3,1,6,2,69,10,998,1,5,-1,3,-1
201511NG06855,1,9,0,7,0,8,0,0,0,0,1,1,6,1,18,4,1229,1,9,-1,1,-1
201511NG06855,2,9,0,8,0,8,0,0,0,0,2,1,6,1,61,9,998,1,1,-1,1,-1
201511NG07585,1,21,1,18,0,8,1,0,0,0,1,1,1,1,-1,-1,-1,-1,-1,-1,-1,-1
201511NG07585,2,9,0,9,0,8,0,0,0,0,4,1,6,2,30,6,1753,2,9,-1,1,-1
201511NG08215,1,9,0,18,0,1,0,0,0,0,1,1,2,1,42,7,1968,2,3,-1,3,-1
201511NG08215,2,9,0,4,0,1,0,0,0,0,2,1,2,2,46,8,-1,-1,-1,-1,3,-1
201511NG08725,1,9,0,18,0,0,0,0,0,0,4,1,2,1,23,5,1198,1,8,-1,2,-1
201511NG08755,1,1,0,16,0,0,0,0,0,0,1,1,6,1,13,3,-1,-1,-1,-1,1,-1
201511NG08755,2,9,0,17,0,0,0,0,0,0,1,1,6,2,56,9,1339,1,5,-1,1,-1
201511NG09005,1,19,0,5,0,2,0,0,0,0,3,1,1,1,-1,-1,2198,2,4,-1,1,-1
201511NG09005,2,9,0,15,0,2,0,0,0,0,4,1,6,2,34,6,1560,2,6,-1,1,-1
201511NG09375,1,9,0,7,9,8,0,0,0,0,4,1,6,1,83,11,1399,2,9,-1,1,-1
201511NG09725,1,19,0,14,0,0,0,0,0,0,1,1,6,3,-1,-1,-1,-1,-1,-1,-1,-1
201511NG09725,2,9,0,8,0,0,0,0,0,0,2,1,2,2,30,6,1995,2,10,-1,2,-1
201511NG09775,1,5,0,16,0,0,2,0,0,0,1,1,6,1,29,6,599,1,9,-1,1,-1
201511NG09775,2,9,0,17,0,0,1,0,0,0,1,1,6,1,63,9,1240,1,8,-1,2,-1
201511NG10215,1,9,0,9,0,1,0,0,0,0,1,1,6,1,80,11,1398,1,4,-1,2,-1
201511NG10215,2,9,0,9,0,1,0,0,0,0,2,1,6,2,68,10,1360,1,16,-1,2,-1
201511NG10525,1,9,0,9,0,8,0,0,0,0,1,1,6,2,44,7,1197,1,2,-1,1,-1
201511NG10525,2,9,0,18,0,8,0,0,0,0,3,1,6,2,50,8,1390,1,5,-1,1,-1
201511NG10635,1,9,0,9,0,6,0,0,0,0,1,1,6,1,22,5,1149,1,11,-1,2,-1
201511NG10835,1,9,0,7,0,4,0,0,0,0,4,1,6,1,77,11,1968,2,3,-1,1,-1
201511NG10835,2,1,0,7,0,4,0,0,0,0,3,1,6,1,27,6,-1,-1,-1,-1,2,-1
201511NG11235,1,11,0,2,6,0,0,0,0,0,0,1,1,1,44,7,9600,2,17,-1,1,-1
201511NG11855,1,9,0,18,0,2,1,0,0,0,1,1,6,2,24,5,1497,1,14,-1,1,-1
201511NG11865,1,9,0,18,0,4,0,0,0,0,1,1,1,1,39,7,1368,1,5,-1,1,-1
201511NG11865,2,8,0,18,0,8,0,0,0,0,4,1,1,1,33,6,-1,-1,-1,-1,1,-1
201511NG13565,1,1,0,6,9,0,0,0,1,11,1,1,6,1,43,7,-1,-1,-1,-1,1,-1
201511NG13565,2,9,0,18,0,0,0,0,0,0,0,1,6,3,-1,-1,-1,-1,-1,-1,-1,-1
201511NG13655,1,9,0,18,0,0,0,4,0,0,1,1,6,1,40,7,-1,-1,-1,-1,1,-1
201511NG13655,2,9,0,2,0,0,0,0,1,10,2,1,6,2,40,7,1598,1,8,-1,1,-1
201511NG14175,1,9,0,18,0,1,0,0,0,0,1,1,1,1,44,7,2495,2,9,-1,3,-1
201511NG14175,2,9,0,3,0,1,0,0,0,0,2,1,6,1,24,5,1199,1,12,-1,1,-1
201511NG14245,1,9,0,2,0,1,0,0,0,0,3,1,6,1,19,4,1995,2,4,-1,1,-1
201511NG14245,2,1,0,14,0,1,0,4,0,0,1,1,6,1,32,6,-1,-1,-1,-1,2,-1
201511NG14425,1,9,0,9,0,8,1,0,7,0,1,1,6,2,48,8,1399,2,10,-1,2,-1
201511NG14425,2,9,0,18,0,8,1,7,7,7,1,1,6,2,24,5,1998,2,10,-1,1,-1
201511NG14785,1,9,0,18,0,8,0,7,0,0,3,1,6,2,18,4,1388,1,13,-1,1,-1
201511NG14785,2,9,0,18,0,8,0,0,0,0,1,1,6,2,23,5,1598,1,-1,-1,1,-1
201511NG14785,3,9,0,18,0,8,0,0,0,0,3,1,6,2,21,5,1242,1,2,-1,1,-1
201511NG15515,1,9,0,18,0,8,0,0,0,0,1,1,6,2,62,9,1390,1,4,-1,3,-1
201511NG15595,1,21,0,18,0,0,0,0,0,0,4,1,1,1,25,5,6693,2,2,-1,2,-1
201511NG15775,1,11,0,4,0,8,0,0,0,0,0,1,1,1,28,6,6370,2,7,-1,1,-1
201511NG16085,1,9,0,18,0,1,0,0,0,0,3,1,6,2,44,7,1390,1,6,-1,1,-1
201511NG16085,2,9,0,18,0,1,0,0,0,0,1,1,2,2,34,6,1242,1,10,-1,1,-1
201511NG16925,1,9,0,9,0,6,0,0,0,0,1,1,1,1,41,7,1390,1,12,-1,1,-1
201511NG16925,2,9,0,18,0,1,0,0,0,0,4,1,6,2,39,7,4511,1,10,-1,1,-1
201511NG17535,1,9,0,5,0,1,0,0,0,0,1,1,6,2,48,8,1248,1,5,-1,1,-1
201511NG17535,2,5,0,3,0,1,0,0,0,0,2,1,6,1,24,5,999,1,-1,-1,1,-1
201511NG17665,1,9,0,16,0,0,1,0,0,0,2,1,6,2,17,4,1299,1,12,-1,1,-1
201511NG17665,2,9,0,17,0,0,0,0,0,0,2,1,6,2,20,4,999,1,14,-1,1,-1
201511NG17665,3,9,0,17,0,0,0,0,0,0,1,1,6,2,23,5,998,1,-1,-1,1,-1
201511NG17975,1,1,0,18,0,1,0,0,0,0,3,1,6,1,27,6,-1,-1,-1,-1,3,-1
201511NG17975,2,9,0,13,0,1,0,0,0,0,1,1,6,1,30,6,1796,1,8,-1,2,-1
201511NG18225,1,9,0,18,0,0,0,0,0,0,1,1,6,1,72,10,2148,2,9,-1,1,-1
201511NG18225,2,9,0,18,0,0,0,6,0,0,2,1,6,2,63,9,995,1,3,-1,1,-1
201511NG18225,3,9,0,18,0,0,0,0,0,0,2,1,6,2,43,7,1328,1,6,-1,1,-1
201511NG18225,4,20,0,18,0,0,0,0,0,0,1,1,1,1,39,7,4580,2,8,-1,-1,-1
201511NG18545,1,9,0,18,0,2,0,0,0,0,1,1,6,1,50,8,1998,1,-1,-1,1,-1
201511NG18545,2,9,0,18,0,2,0,0,0,0,2,1,6,2,23,5,998,1,5,-1,1,-1
201511NG18915,1,5,0,7,0,8,0,0,0,0,3,1,6,1,26,6,998,1,14,-1,1,-1
201511NG18915,2,9,0,10,0,8,0,0,0,0,3,1,6,1,44,7,-1,-1,-1,-1,3,-1
201511NG19175,1,9,0,13,0,1,0,0,0,0,1,1,6,1,31,6,1998,1,-1,-1,2,-1
201511NG19175,2,2,0,9,0,1,0,0,1,0,3,1,6,1,16,4,50,1,4,-1,2,-1
201511NG19625,1,9,0,18,0,0,0,0,1,4,3,1,3,2,58,9,1242,1,2,-1,1,-1
201511NG19625,2,9,0,13,0,0,0,0,5,6,4,1,6,1,30,6,1360,1,13,-1,1,-1
201511NG20215,1,9,0,9,0,6,0,0,1,0,3,1,2,1,32,6,1199,1,13,-1,1,-1
201511NG20215,2,11,0,18,0,1,0,0,0,0,1,1,1,2,54,8,-1,2,14,-1,2,-1
201511NG20565,1,21,1,18,0,8,0,0,0,0,3,2,1,1,-1,-1,-1,-1,-1,-1,-1,-1
201511NG20565,2,9,0,18,0,8,0,0,0,0,4,1,6,1,33,6,1596,1,1,-1,1,-1
201511NG20845,1,9,0,18,0,1,0,0,0,0,1,1,6,1,67,10,2184,2,11,-1,1,-1
201511NG20925,1,19,0,2,0,0,0,0,0,0,4,1,1,1,50,8,-1,-1,-1,-1,1,-1
201511NG21685,1,9,0,17,0,0,0,0,7,0,3,1,6,1,38,7,999,1,3,-1,2,-1
201511NG21685,2,9,0,16,0,0,0,0,7,0,3,1,6,2,41,7,1398,2,4,-1,1,-1
201511NG21835,1,9,0,7,0,8,0,0,0,0,4,1,2,2,26,6,1796,1,12,-1,3,-1
201511NG21835,2,9,0,18,0,8,0,0,0,0,3,1,2,2,24,5,1242,1,10,-1,1,-1
201511NG22085,1,11,0,2,0,0,0,0,0,0,0,1,1,1,39,7,9000,2,8,-1,1,-1
201511NG22315,1,9,0,18,0,1,0,0,0,0,0,1,1,1,25,5,1995,2,6,-1,1,-1
201511NG22315,2,9,0,13,0,1,1,0,0,6,3,1,6,1,18,4,1229,1,3,-1,1,-1
201511NG22315,3,9,0,8,0,1,0,0,0,0,3,1,6,1,52,8,2295,1,12,-1,2,-1
201511NG23035,1,20,0,18,0,1,0,0,0,0,1,1,1,1,51,8,4461,2,3,-1,1,-1
201511NG23035,2,9,0,3,0,1,0,0,0,0,2,1,2,1,43,7,2697,1,12,-1,2,-1
201511NG23525,1,9,0,18,0,0,5,4,0,0,4,1,6,1,80,11,1560,2,4,-1,1,-1
201511NG23525,2,9,0,2,0,0,0,0,0,0,3,1,6,2,49,8,1598,1,3,-1,1,-1
201511NG23895,1,9,0,13,0,0,0,0,0,0,0,1,1,1,-1,-1,2993,2,2,-1,1,-1
201511NG23895,2,10,0,18,0,0,0,10,1,0,0,1,1,1,34,6,2198,2,9,-1,2,-1
201511NG24155,1,9,0,15,0,0,0,0,0,0,0,1,6,3,-1,-1,2143,2,3,-1,-1,-1
201511NG24155,2,9,0,18,0,0,0,0,0,0,2,1,6,2,-1,-1,-1,-1,-1,-1,1,-1
201511NG24155,3,9,0,18,0,0,0,0,0,0,1,1,6,2,-1,-1,-1,-1,-1,-1,1,-1
201511NG24155,4,9,0,18,0,0,0,0,0,0,1,1,2,2,35,6,999,1,2,-1,1,-1
201511NG24325,1,9,0,17,0,1,2,10,1,4,2,1,6,1,16,4,1242,1,10,-1,1,-1
201511NG24375,1,11,0,5,0,1,0,11,0,0,1,1,1,1,51,8,-1,-1,-1,-1,1,-1
201511NG24895,1,9,0,18,0,0,0,0,0,0,1,1,6,2,38,7,1686,2,3,-1,1,-1
201511NG24895,2,9,0,4,0,0,0,0,0,0,2,1,6,1,47,8,1968,2,1,-1,1,-1
201511NG24895,3,19,0,4,0,0,0,0,0,0,2,1,6,1,46,8,2148,2,11,-1,1,-1
201511NG24965,1,10,0,17,0,0,1,0,1,0,0,1,3,2,48,8,-1,-1,-1,-1,1,-1
201511NG25475,1,9,0,7,0,8,0,0,0,0,3,1,1,2,59,9,1242,1,3,-1,1,-1
201511NG25475,2,9,0,18,0,8,0,0,0,0,3,1,3,2,51,8,1399,1,8,-1,1,-1
201511NG25475,3,9,0,18,0,1,0,0,0,0,0,1,1,1,-1,-1,1248,2,-1,-1,1,-1
201511NG26105,1,9,0,9,0,1,0,0,0,0,4,1,2,1,33,6,1968,2,8,-1,1,-1
201511NG26105,2,1,0,18,0,1,0,0,0,0,1,1,2,1,55,8,-1,-1,-1,-1,1,-1
201511NG26405,1,9,0,17,0,0,0,0,1,4,1,1,6,1,26,6,1781,1,14,-1,1,-1
201511NG26825,1,9,0,18,0,0,1,0,0,0,1,1,6,1,53,8,1968,2,5,-1,1,-1
201511NG27295,1,9,0,18,0,0,1,0,1,11,3,1,6,2,70,10,1596,1,11,-1,2,-1
201511NG27785,1,9,0,9,0,8,0,0,0,0,1,1,6,1,64,9,1753,2,12,-1,1,-1