Accident_Index,Vehicle_Reference,Vehicle_Type,Towing_and_Articulation,Vehicle_Manoeuvre,Vehicle_Location-Restricted_Lane,Junction_Location,Skidding_and_Overturning,Hit_Object_in_Carriageway,Vehicle_Leaving_Carriageway,Hit_Object_off_Carriageway,1st_Point_of_Impact,Was_Vehicle_Left_Hand_Drive?,Journey_Purpose_of_Driver,Sex_of_Driver,Age_of_Driver,Age_Band_of_Driver,Engine_Capacity_(CC),Propulsion_Code,Age_of_Vehicle,Driver_IMD_Decile,Driver_Home_Area_Type,Vehicle_IMD_Decile
201511NI20585,3,9,0,18,0,0,0,0,7,10,1,1,2,1,32,6,1396,1,14,-1,3,-1
201511NI20775,1,9,0,4,0,2,1,0,0,0,1,1,2,2,50,8,1995,1,7,-1,3,-1
201511NI20775,2,19,0,3,0,2,0,0,0,0,2,1,2,1,50,8,1968,2,-1,-1,1,-1
201511NI20775,3,19,0,3,0,2,0,0,0,0,2,1,2,1,21,5,2198,2,8,-1,3,-1
201511NI20885,1,9,0,18,0,8,0,0,0,0,1,1,2,2,18,4,998,1,11,-1,3,-1
201511NI20885,2,9,0,10,0,8,0,0,0,0,2,1,2,2,42,7,998,1,6,-1,1,-1
201511NI22125,1,9,0,5,0,1,0,0,0,0,1,1,6,1,56,9,1248,2,7,-1,1,-1
201511NI22125,2,9,0,8,0,1,0,0,0,0,2,1,6,1,65,9,1242,1,8,-1,1,-1
201511NI22245,1,9,0,18,0,8,0,0,0,0,1,1,6,1,39,7,1560,2,9,-1,2,-1
201511NI22245,2,9,0,18,0,8,0,4,0,0,1,1,6,1,72,10,1956,2,1,-1,1,-1
201511NI22245,3,9,0,2,0,8,0,0,0,0,2,1,6,2,72,10,998,1,13,-1,1,-1
201511NI22295,1,9,0,12,0,0,0,0,0,0,0,1,6,3,-1,-1,-1,-1,-1,-1,-1,-1
201511NI22295,2,9,0,18,0,0,1,0,1,11,4,1,6,1,26,6,1398,1,5,-1,1,-1
201511NI22295,3,9,0,18,0,0,0,0,0,0,1,1,6,1,30,6,-1,-1,-1,-1,1,-1
201511NI22845,1,20,0,5,0,1,0,0,0,0,1,1,1,1,55,8,4580,2,7,-1,1,-1
201511NI22845,2,9,0,8,0,1,0,0,0,0,2,1,6,2,61,9,1364,1,-1,-1,1,-1
201511NI22915,1,9,0,5,0,3,0,0,0,0,1,1,6,1,66,10,1998,2,8,-1,1,-1
201511NI22915,2,9,0,2,0,3,0,0,0,0,0,1,6,1,54,8,2268,2,1,-1,3,-1
201511NI23775,1,9,0,18,0,1,2,10,2,2,4,1,6,1,25,5,1360,1,9,-1,1,-1
201511NI24235,1,9,0,18,0,0,5,0,0,0,4,1,2,1,33,6,1461,2,1,-1,1,-1
201511NI24235,2,9,0,18,0,0,0,0,0,0,0,1,2,1,39,7,1956,2,1,-1,2,-1
201511NI24355,1,19,0,1,0,0,0,0,0,0,2,1,6,1,45,7,2198,2,1,-1,1,-1
201511NI24395,1,9,0,16,0,0,1,0,0,0,0,1,6,2,19,4,1229,1,9,-1,2,-1
201511NI25035,1,9,0,18,0,1,0,0,0,0,1,1,6,2,66,10,1596,1,4,-1,2,-1
201511NI25085,1,9,0,18,0,0,2,0,8,11,1,1,2,2,27,6,1149,1,10,-1,1,-1
201511NI25085,2,9,0,18,0,0,0,0,0,0,1,1,2,2,46,8,1598,1,9,-1,2,-1
201511NI25145,1,9,0,7,0,8,0,0,0,0,0,1,6,3,-1,-1,-1,-1,-1,-1,-1,-1
201511NI25145,2,3,0,17,0,8,2,0,0,0,3,1,2,1,33,6,125,1,-1,-1,1,-1
201511NI25225,1,19,0,9,0,1,0,0,0,0,1,1,1,1,24,5,2402,2,9,-1,1,-1
201511NI25225,2,9,0,18,0,1,0,0,0,0,2,1,2,2,41,7,998,1,-1,-1,3,-1
201511NI25325,1,8,0,18,0,0,0,0,0,0,1,1,6,1,47,8,1910,2,7,-1,1,-1
201511NI25935,1,9,0,4,0,8,1,0,0,0,1,1,6,2,31,6,1997,2,11,-1,1,-1
201511NI25935,2,9,0,3,0,8,0,0,0,0,2,1,6,2,45,7,1598,2,-1,-1,1,-1
201511NI25985,1,9,0,13,0,0,0,0,0,0,0,1,6,3,-1,-1,-1,-1,-1,-1,-1,-1
201511NI25985,2,9,0,17,0,0,0,10,0,0,4,1,6,1,26,6,1997,2,2,-1,1,-1
201511NI26265,1,9,0,5,9,1,0,0,1,0,1,1,6,1,76,11,1598,1,14,-1,1,-1
201511NI26395,1,9,0,18,0,8,0,0,0,0,1,1,6,3,-1,-1,-1,-1,-1,-1,-1,-1
201511NI26775,1,9,0,18,0,1,0,0,0,0,1,1,6,1,48,8,1461,2,5,-1,1,-1
201511NI26945,1,9,0,12,0,0,2,0,0,0,2,1,6,2,33,6,998,1,6,-1,1,-1
201511NI26945,2,9,0,12,0,0,0,0,0,0,1,1,1,1,31,6,1999,1,10,-1,1,-1
201511NI27065,1,9,0,18,0,0,0,0,0,0,1,1,6,2,50,8,1197,1,-1,-1,1,-1
201511NI27065,2,9,0,18,0,0,0,0,0,0,1,1,6,2,33,6,1686,2,2,-1,1,-1
201511NI27105,1,9,0,18,0,8,0,0,0,0,0,1,6,3,-1,-1,-1,-1,-1,-1,-1,-1
201511NI27305,1,9,0,13,0,0,0,0,0,0,1,1,2,1,30,6,1997,2,13,-1,1,-1
201511NI27305,2,3,0,18,0,0,0,0,0,0,1,1,2,1,24,5,124,1,8,-1,2,-1
201511NI27585,1,9,0,18,0,0,0,0,0,0,3,1,6,1,27,6,-1,-1,-1,-1,1,-1
201511NI27585,2,9,0,18,0,0,0,0,0,0,3,1,6,1,45,7,1299,1,12,-1,2,-1
201511NI27745,1,9,0,9,0,8,0,0,0,0,3,1,6,1,24,5,1396,1,12,-1,1,-1
201511NI27745,2,2,0,18,0,8,1,0,0,0,1,1,6,1,16,4,50,1,5,-1,2,-1
201511NI27875,1,9,0,9,0,8,0,0,0,0,4,1,6,1,75,10,1229,1,2,-1,3,-1
201511SA00865,1,9,0,18,0,0,1,0,0,0,4,1,6,1,52,8,1086,1,7,-1,3,-1
201511SA00865,2,9,0,2,0,0,0,0,0,0,3,1,6,2,35,6,1968,2,6,-1,3,-1
201511SA00895,1,19,0,9,0,8,0,0,0,0,0,1,6,1,44,7,1598,2,1,-1,1,-1
201511SA00895,2,11,0,18,0,8,0,0,0,0,0,1,1,1,36,7,6700,2,2,-1,1,-1
201511SA00985,1,9,0,5,0,6,0,0,0,0,1,1,6,1,35,6,1599,1,8,-1,1,-1
201511SA00985,2,9,0,18,0,1,0,0,0,0,1,1,6,1,22,5,-1,-1,-1,-1,1,-1
201511SA01615,1,9,0,13,0,0,5,0,0,0,1,1,1,1,26,6,-1,-1,-1,-1,1,-1
201511SA02525,1,9,0,9,0,6,0,0,0,0,0,1,1,1,43,7,1896,2,11,-1,1,-1
201511SA02525,2,3,0,18,0,1,1,0,0,0,0,1,1,1,28,6,125,1,8,-1,1,-1
201511SA02715,1,9,0,5,0,1,0,0,0,0,3,1,6,1,66,10,1991,2,11,-1,3,-1
201511SA03525,1,11,0,18,0,2,1,0,0,0,1,1,1,1,36,7,-1,-1,-1,-1,1,-1
201511SA03525,2,9,0,18,0,2,1,0,0,0,2,1,6,2,63,9,996,1,2,-1,1,-1
201511SA03525,3,9,0,18,0,2,1,0,0,0,2,1,2,2,42,7,1248,2,7,-1,1,-1
201511SA04555,1,19,0,18,0,0,0,0,0,0,1,1,6,1,51,8,1753,2,12,-1,1,-1
201511SA04635,1,9,0,9,0,6,0,0,0,0,3,1,6,2,24,5,1248,2,1,-1,1,-1
201511SA04635,2,9,0,18,0,8,0,0,0,0,1,1,6,3,67,10,1596,1,3,-1,1,-1
201511SA05405,1,9,0,18,0,0,0,0,0,0,1,1,6,1,86,11,1339,1,5,-1,1,-1
201511SA06315,1,9,0,18,0,1,0,0,0,0,1,1,6,2,24,5,1595,1,9,-1,2,-1
201511SA06315,2,9,0,18,0,1,0,0,0,0,2,1,2,1,30,6,1560,2,4,-1,3,-1
201511SA06315,3,9,0,10,0,1,0,0,0,0,2,1,6,2,45,7,1396,1,11,-1,1,-1
201511SA06625,1,9,0,9,0,4,0,0,0,0,1,1,6,1,21,5,1242,1,4,-1,1,-1
201511SA06625,2,5,0,18,0,3,0,0,0,0,2,1,6,1,24,5,-1,-1,-1,-1,1,-1
201511SA06645,1,9,0,9,0,1,0,0,0,0,1,1,6,1,67,10,-1,-1,-1,-1,1,-1
201511SA06645,2,9,0,18,0,1,0,0,0,0,1,1,6,2,33,6,1598,1,5,-1,1,-1
201511SA06915,1,9,0,18,0,0,0,0,0,0,4,1,6,1,26,6,1360,1,5,-1,1,-1
201511SA07215,1,9,0,18,0,0,0,0,0,0,3,1,6,1,25,5,1997,2,13,-1,1,-1
201511SA07215,2,9,0,18,0,0,0,0,0,0,4,1,1,1,45,7,-1,-1,-1,-1,1,-1
201511SA08045,1,9,0,18,0,0,0,0,0,0,1,1,6,1,25,5,1328,1,8,-1,3,-1
201511SA08115,1,9,0,13,0,0,2,0,1,10,3,1,6,1,22,5,1994,1,16,-1,1,-1
201511SA08115,2,9,0,18,0,0,0,0,0,0,0,1,6,1,19,4,998,1,5,-1,1,-1
201511SA08155,1,9,0,18,0,0,0,0,0,0,1,1,2,1,48,8,1390,1,4,-1,1,-1
201511SA08155,2,9,0,4,0,0,0,0,0,0,3,1,2,1,48,8,1598,1,9,-1,1,-1
201511SA09735,1,1,0,18,0,0,0,0,0,0,1,1,6,1,13,3,-1,-1,-1,-1,1,-1
201511SA09735,2,9,0,18,0,0,1,0,0,0,1,1,6,2,66,10,1595,1,5,-1,1,-1
201511SA09835,1,3,0,7,0,1,1,4,0,0,1,1,6,1,28,6,125,1,3,-1,2,-1
201511SA09835,2,9,0,2,0,1,0,0,0,0,3,1,6,2,-1,-1,1098,1,46,-1,2,-1
201511SA10325,1,9,0,1,0,0,0,0,0,0,1,1,6,1,27,6,1995,2,11,-1,3,-1
201511SA10475,1,1,0,18,0,6,0,0,0,0,1,1,6,1,10,2,-1,-1,-1,-1,1,-1
201511SA10475,2,9,0,18,0,2,0,0,0,0,3,1,6,1,45,7,1198,1,12,-1,1,-1
201511SA10565,1,9,0,16,0,0,0,0,8,1,1,1,6,2,35,6,1248,2,7,-1,2,-1
201511SA10735,1,9,0,18,0,0,0,0,0,0,4,1,2,1,74,10,1596,1,2,-1,1,-1
201511SA11845,1,9,0,16,0,1,1,0,7,0,3,1,6,2,29,6,1598,1,8,-1,2,-1
201511SA12715,1,9,0,7,0,1,0,0,0,0,1,1,6,1,20,4,1596,1,2,-1,2,-1
201511SA12715,2,9,0,8,0,1,0,0,0,0,2,1,6,1,23,5,1396,1,12,-1,1,-1
201511SA12925,1,9,0,18,0,2,0,4,7,10,1,1,6,2,77,11,1596,1,6,-1,2,-1
201511SA12925,2,9,0,2,6,2,0,0,7,1,1,1,6,2,81,11,1598,1,4,-1,1,-1
201511SA12985,1,9,0,12,0,8,0,0,0,0,3,1,6,3,26,6,999,1,2,-1,1,-1
201511SA12985,2,9,0,18,0,8,0,0,7,2,4,1,6,2,17,4,1242,1,9,-1,1,-1
201511SA12985,3,9,0,18,0,8,0,0,0,0,4,1,6,1,29,6,1968,2,6,-1,1,-1
201511SA13425,1,1,0,18,0,8,0,0,0,0,4,1,6,1,9,2,-1,-1,-1,-1,1,-1
201511SA13425,2,9,0,18,0,8,0,0,0,0,1,1,1,1,47,8,999,1,8,-1,1,-1
201511SA13645,1,9,0,18,0,8,0,0,0,0,4,1,6,1,27,6,1149,1,15,-1,1,-1
201511SA13685,1,21,0,18,0,0,0,4,0,0,1,1,1,1,23,5,12580,2,10,-1,3,-1
201511SA13685,2,19,0,2,0,0,0,0,1,0,2,1,1,1,64,9,2198,2,3,-1,1,-1
201511SA14575,1,9,0,18,0,8,0,0,0,0,1,1,6,1,37,7,1796,1,9,-1,1,-1
201511SA14575,2,9,0,18,0,8,0,0,0,0,1,1,6,2,17,4,2495,2,17,-1,3,-1
201511SA15015,1,19,0,17,0,2,1,0,0,0,1,1,6,1,33,6,1298,1,15,-1,1,-1
201511SA15015,2,9,0,16,0,1,0,0,0,0,1,1,6,1,56,9,1390,1,12,-1,1,-1
201511SA15045,1,9,0,18,0,8,0,0,3,11,1,1,6,2,41,7,-1,-1,-1,-1,2,-1
201511SA15045,2,9,0,18,0,8,0,0,0,0,3,1,1,1,64,9,-1,-1,-1,-1,1,-1
201511SA15065,1,1,0,18,0,0,0,0,0,0,1,1,6,1,48,8,-1,-1,-1,-1,1,-1
201511SA15065,2,11,0,2,0,0,0,0,0,0,2,1,6,1,55,8,9600,2,21,-1,1,-1
201511SA15525,1,9,0,1,0,8,0,0,0,0,2,1,6,1,30,6,1596,1,10,-1,1,-1
201511SA15525,2,9,0,18,0,8,0,0,0,0,3,1,6,2,39,7,1686,2,10,-1,1,-1
201511SA15975,1,9,0,18,0,0,0,0,0,0,1,1,6,2,27,6,1242,1,4,-1,1,-1
201511SA15975,2,19,0,4,0,0,0,0,0,0,2,1,1,1,54,8,2402,2,5,-1,2,-1
201511SA15975,3,9,0,2,0,0,0,0,0,0,0,1,1,1,-1,-1,1248,2,2,-1,-1,-1
201511SA16295,1,9,0,18,0,1,0,0,0,0,1,1,6,3,-1,-1,1587,1,9,-1,-1,-1
201511SA16295,2,9,0,3,0,1,0,0,0,0,2,1,6,1,76,11,796,1,9,-1,1,-1
201511SA16305,1,11,0,5,0,2,0,0,0,0,0,1,1,1,52,8,6700,2,2,-1,1,-1
201511SA16975,1,9,0,9,0,1,0,0,0,0,4,1,6,1,74,10,1905,2,16,-1,1,-1
201511SA16975,2,9,0,18,0,1,0,0,0,0,3,1,6,2,28,6,1956,2,-1,-1,1,-1
201511SA16985,1,9,0,17,0,1,1,0,0,0,1,1,6,2,73,10,1299,1,7,-1,1,-1
201511SA16985,2,9,0,16,0,1,0,0,1,11,1,1,1,1,45,7,-1,-1,-1,-1,1,-1
201511SA17575,1,9,0,18,0,1,0,0,0,0,1,1,6,2,27,6,1896,2,11,-1,3,-1
201511SA17575,2,9,0,4,0,1,0,0,0,0,2,1,6,1,21,5,1598,2,-1,-1,2,-1
201511SA17675,1,9,0,9,0,6,0,0,3,11,3,1,6,2,55,8,898,1,-1,-1,3,-1
201511SA17675,2,19,0,18,0,8,0,0,0,0,1,1,6,1,60,9,1248,2,9,-1,2,-1
201511SA17685,1,9,0,16,0,1,0,0,0,0,1,1,6,1,35,6,2987,2,7,-1,1,-1
201511SA18265,1,9,0,9,0,8,0,0,7,11,4,1,6,1,22,5,-1,-1,-1,-1,1,-1
201511SA18265,2,9,0,18,0,8,0,0,1,11,1,1,6,1,53,8,1995,2,5,-1,1,-1
201511SA18295,1,4,0,9,0,8,0,0,0,0,3,1,6,1,34,6,400,1,16,-1,2,-1
201511SA18295,2,9,0,18,0,8,0,0,0,0,1,1,6,1,39,7,1598,1,7,-1,2,-1
201511SA19115,1,9,0,13,0,0,0,0,0,0,4,1,6,3,-1,-1,1896,2,10,-1,-1,-1
201511SA19115,2,9,0,18,0,0,0,0,0,0,3,1,6,2,42,7,1197,1,-1,-1,1,-1
201511SA19235,1,9,0,9,0,8,0,0,0,0,1,1,6,2,25,5,1596,1,10,-1,1,-1
201511SA19235,2,9,0,18,0,8,0,0,7,11,4,1,6,1,47,8,1986,2,8,-1,1,-1
201511SA19775,1,9,0,5,0,4,0,0,0,0,1,1,1,2,44,7,1461,2,1,-1,2,-1
201511SA20905,1,9,0,18,0,8,0,0,0,0,1,1,6,3,-1,-1,1796,1,15,-1,-1,-1
201511SA20905,2,19,0,9,0,8,0,0,0,0,1,1,1,1,37,7,1560,2,2,-1,1,-1
201511SA20905,3,9,0,3,0,1,0,0,0,0,1,1,6,2,39,7,1399,2,5,-1,1,-1
201511SA20905,4,9,0,3,0,1,0,0,0,0,1,1,6,1,31,6,1968,2,6,-1,2,-1
201511SA21645,1,11,0,18,0,8,0,0,0,0,1,1,1,1,62,9,4250,2,7,-1,1,-1
201511SA21645,2,9,0,3,0,2,0,0,0,0,1,1,6,1,33,6,1598,1,4,-1,1,-1
201511SA21645,3,9,0,2,0,2,0,0,0,0,4,1,6,2,47,8,1299,1,12,-1,1,-1
201511SA21645,4,9,0,2,0,2,0,0,0,0,3,1,6,1,24,5,1560,2,6,-1,1,-1
201511SA21645,5,9,0,2,0,2,0,0,0,0,3,1,6,1,55,8,1984,1,13,-1,3,-1
201511SA21935,1,1,0,18,0,8,0,0,0,0,1,1,6,2,9,2,-1,-1,-1,-1,1,-1
201511SA21935,2,9,0,18,0,8,0,0,0,0,4,1,6,2,49,8,2149,2,8,-1,1,-1
201511SA22145,1,9,0,18,0,2,0,0,0,0,1,1,6,1,18,4,1240,1,8,-1,3,-1
201511SA22165,1,9,0,18,0,0,0,0,0,0,1,1,6,2,81,11,1248,1,4,-1,3,-1
201511SA22165,2,1,0,18,0,0,0,0,0,0,2,1,6,1,32,6,-1,-1,-1,-1,1,-1
201511SA22275,1,9,0,9,0,8,0,0,0,0,1,1,6,1,17,4,1229,1,-1,-1,1,-1
201511SA22275,2,5,0,18,0,8,0,0,0,0,3,1,6,1,35,6,644,1,9,-1,3,-1
201511SA22895,1,9,0,18,0,1,0,0,0,0,1,1,1,2,19,4,1149,1,13,-1,1,-1
201511SA22895,2,9,0,9,0,6,0,0,0,0,1,1,2,1,25,5,1796,1,12,-1,1,-1
201511SA22895,3,11,0,4,0,1,0,0,0,0,0,1,6,1,54,8,4250,2,16,-1,1,-1
201511SA23445,1,9,0,18,0,1,0,0,1,4,1,1,6,1,50,8,698,1,12,-1,3,-1
201511SA23735,1,9,0,18,0,0,0,0,7,3,1,1,6,1,28,6,1299,1,13,-1,1,-1
201511SA23785,1,9,0,15,0,2,0,0,0,0,4,1,1,2,54,8,996,1,5,-1,3,-1
201511SA24255,1,98,0,18,0,0,0,0,0,0,1,1,1,1,51,8,4461,2,7,-1,1,-1
201511SA24255,2,1,0,18,0,0,0,0,0,0,2,1,6,1,27,6,-1,-1,-1,-1,1,-1
201511SA25355,1,9,0,18,0,0,1,0,1,11,1,1,6,2,29,6,1229,1,1,-1,1,-1
201511SA25505,1,9,0,18,0,0,0,0,0,0,1,1,6,1,54,8,-1,-1,-1,-1,1,-1
201511SA25505,2,9,0,18,0,0,0,0,0,0,3,1,6,1,23,5,-1,-1,-1,-1,-1,-1
201511SA25555,1,9,0,7,0,8,0,0,0,0,1,1,6,3,-1,-1,-1,-1,-1,-1,-1,-1
201511SA25555,2,1,0,18,0,8,0,0,0,0,4,1,6,1,63,9,-1,-1,-1,-1,1,-1
201511SA25775,1,9,0,5,0,2,0,0,0,0,1,1,6,2,43,7,2987,2,5,-1,1,-1
201511SA25775,2,9,0,5,0,2,0,0,0,0,2,1,6,2,38,7,1582,2,1,-1,1,-1
201511SA26215,1,9,0,13,0,0,0,0,0,0,3,1,2,1,35,6,1499,2,-1,-1,1,-1
201511SA26215,2,9,0,13,0,0,0,0,7,0,4,1,2,2,45,7,1984,1,3,-1,1,-1
201511SA26215,3,98,0,18,0,0,0,0,0,0,1,1,1,1,72,10,12580,2,10,-1,2,-1
201511SA26215,4,9,0,18,0,0,0,0,0,0,1,1,6,2,85,11,1395,1,1,-1,1,-1
201511SA26425,1,19,0,18,0,0,0,0,0,0,1,1,1,1,52,8,2143,2,-1,-1,1,-1
201511SA26455,1,9,0,18,0,8,0,0,0,0,1,1,6,3,-1,-1,1796,1,9,-1,-1,-1
201511SA26455,2,9,0,9,0,8,0,0,0,0,2,1,6,2,53,8,1668,1,14,-1,1,-1
201511SA27415,1,9,0,18,0,0,0,0,0,0,1,1,6,1,43,7,2400,2,3,-1,3,-1
201511SA27415,2,9,0,3,0,0,0,0,0,0,2,1,6,1,26,6,1242,1,9,-1,3,-1
201511SA27415,3,9,0,3,0,0,0,0,0,0,2,1,6,2,26,6,1229,1,3,-1,2,-1
201511SA27445,1,9,0,18,0,0,0,0,0,0,1,1,6,1,67,10,1248,2,3,-1,1,-1
201511SA27845,1,9,0,18,0,8,0,0,0,0,4,1,6,1,28,6,-1,-1,-1,-1,2,-1
201511SB00905,1,9,0,17,0,0,1,0,7,3,1,2,6,1,35,6,1124,1,7,-1,2,-1
201511SB02225,1,19,0,18,0,8,0,0,0,0,1,1,1,1,30,6,2143,2,2,-1,1,-1
201511SB02225,2,9,0,18,0,8,0,0,0,0,3,1,6,2,29,6,1586,1,9,-1,2,-1
201511SB02555,1,9,0,9,0,8,0,0,0,0,3,1,6,2,68,10,1968,2,2,-1,3,-1
201511SB02555,2,9,0,18,0,8,1,0,0,0,1,1,6,3,40,7,-1,-1,-1,-1,-1,-1
201511SB02675,1,9,0,18,0,0,0,0,0,0,1,1,6,3,-1,-1,-1,-1,-1,-1,-1,-1
201511SB03075,1,9,0,18,0,1,0,0,0,0,1,1,6,2,66,10,1198,1,1,-1,2,-1
201511SB03075,2,9,0,3,0,1,0,0,0,0,2,1,6,1,57,9,1560,2,3,-1,3,-1
201511SB03845,1,9,0,17,0,8,2,0,1,4,1,1,6,1,18,4,-1,-1,-1,-1,-1,-1
201511SB03965,1,9,0,9,0,8,0,0,0,0,4,1,2,1,34,6,1299,1,13,-1,2,-1
201511SB03965,2,9,0,18,0,8,0,0,0,0,1,1,6,1,34,6,2171,1,12,-1,1,-1
201511SB04135,1,9,0,17,0,0,2,0,0,11,1,1,2,1,43,7,-1,-1,-1,-1,3,-1
201511SB04135,2,19,0,17,0,0,0,0,0,0,1,1,2,1,55,8,2198,2,2,-1,2,-1
201511SB04295,1,9,0,5,0,0,0,0,0,0,3,1,6,1,47,8,1591,1,2,-1,3,-1
201511SB04295,2,9,0,18,0,0,0,0,0,0,4,1,6,2,24,5,1560,2,7,-1,2,-1
201511SB04395,1,9,0,18,0,0,5,10,7,0,1,1,6,1,26,6,1199,1,11,-1,2,-1
201511SB04395,2,9,0,2,0,0,0,0,0,0,1,1,6,1,-1,-1,1560,2,2,-1,3,-1
201511SB04395,3,9,0,2,0,0,0,0,0,0,1,1,6,1,-1,-1,-1,-1,-1,-1,3,-1
201511SB05045,1,9,0,18,0,2,5,4,0,0,1,1,6,1,77,11,998,1,2,-1,1,-1
201511SB05045,2,9,0,2,0,2,0,4,0,0,1,1,6,1,-1,-1,1198,1,3,-1,-1,-1
201511SB05045,3,9,0,2,0,2,0,0,0,0,2,1,6,1,-1,-1,1461,2,1,-1,-1,-1
201511SB05185,1,9,0,16,0,0,1,0,1,3,1,1,2,1,26,6,1388,1,12,-1,2,-1
201511SB05215,1,9,0,18,0,1,0,0,0,0,1,1,6,2,58,9,1124,1,9,-1,2,-1
201511SB05225,1,9,0,18,0,2,0,0,0,0,1,1,2,1,29,6,1149,1,11,-1,2,-1
201511SB05435,1,4,0,18,0,2,1,0,0,0,0,1,6,1,52,8,998,1,6,-1,2,-1
201511SB05535,1,9,0,16,0,0,0,0,0,0,1,1,3,2,28,6,1995,2,8,-1,3,-1
201511SB05535,2,21,0,17,0,0,0,0,0,0,1,1,1,1,56,9,12000,2,13,-1,3,-1
201511SB06135,1,9,0,9,0,6,0,0,0,0,0,1,6,1,19,4,1299,1,10,-1,3,-1
201511SB06135,2,5,0,18,0,8,1,0,0,0,0,1,6,1,49,8,599,1,12,-1,1,-1
201511SB06135,3,5,0,18,0,8,0,0,0,0,0,1,6,1,45,7,-1,-1,-1,-1,2,-1
201511SB06305,1,9,0,9,0,8,0,0,0,0,4,1,6,1,18,4,1198,1,11,-1,3,-1
201511SB06305,2,9,0,18,0,8,0,0,0,0,1,1,6,1,70,10,1560,2,1,-1,3,-1
201511SB06505,1,9,0,9,0,8,0,0,0,0,3,1,6,1,66,10,1997,2,9,-1,2,-1
201511SB06505,2,5,0,18,0,8,0,0,0,0,1,1,6,1,53,8,583,1,16,-1,1,-1
201511SB06585,1,9,0,17,0,8,0,4,1,0,1,1,6,2,43,7,1951,2,12,-1,3,-1
201511SB06585,2,9,0,2,9,1,0,0,0,5,2,1,6,2,42,7,-1,-1,-1,-1,2,-1
201511SB06745,1,9,0,7,0,8,0,0,0,0,1,1,6,3,-1,-1,-1,-1,-1,-1,-1,-1
201511SB06885,1,19,0,18,0,8,0,0,0,0,3,1,1,1,30,6,2143,2,2,-1,1,-1
201511SB06885,2,9,0,18,0,8,0,0,0,0,1,1,3,2,48,8,1995,2,2,-1,2,-1
201511SB07155,1,9,0,18,0,0,0,0,0,0,1,1,6,1,21,5,1199,2,4,-1,2,-1
201511SB09105,1,9,0,9,0,6,0,0,0,0,1,1,2,2,26,6,1149,1,13,-1,2,-1
201511SB09105,2,9,0,17,0,8,0,0,0,0,4,1,2,1,54,8,1968,2,2,-1,1,-1
201511SB09965,1,9,0,18,0,0,0,0,0,0,1,1,6,1,67,10,1598,1,7,-1,2,-1
201511SB09965,2,9,0,18,0,0,0,0,0,0,1,1,6,2,87,11,1240,1,12,-1,3,-1
201511SB09965,3,9,0,2,0,0,0,0,0,0,0,1,6,1,65,9,1108,1,13,-1,3,-1
201511SB11625,1,9,0,18,0,1,0,0,0,0,1,1,2,2,24,5,1390,1,1,-1,3,-1
201511SB12015,1,9,0,18,0,1,0,0,7,0,4,1,1,1,57,9,1598,2,2,-1,1,-1
201511SB12015,2,9,0,18,0,1,0,0,0,0,4,1,6,1,35,6,2967,2,9,-1,2,-1
201511SB12635,1,9,0,9,0,8,0,0,0,0,1,1,2,2,46,8,1197,1,-1,-1,2,-1
201511SB12635,2,9,0,18,0,8,0,0,0,0,1,1,6,2,56,9,1995,2,12,-1,2,-1
201511SB12685,1,5,0,18,0,0,1,11,7,2,1,1,6,1,46,8,636,1,13,-1,1,-1
201511SB13805,1,9,0,13,0,0,0,0,0,0,0,1,6,3,-1,-1,-1,-1,-1,-1,-1,-1
201511SB13805,2,5,0,18,0,0,1,0,0,0,0,1,6,1,60,9,1052,1,22,-1,1,-1
201511SB13805,3,21,1,18,0,0,0,0,0,0,0,1,1,1,60,9,11705,2,7,-1,3,-1
201511SB14525,1,9,0,13,0,0,0,0,0,0,4,1,6,2,-1,-1,2231,2,1,-1,-1,-1
201511SB14525,2,1,0,18,0,0,0,0,7,0,3,1,6,1,28,6,-1,-1,-1,-1,2,-1
201511SB15315,1,9,0,9,0,8,0,0,0,0,1,1,6,2,17,4,1422,2,6,-1,2,-1
201511SB15315,2,9,0,18,0,8,0,0,0,0,4,1,6,1,45,7,2720,2,9,-1,3,-1
201511SB15565,1,9,0,14,0,0,0,0,0,0,1,1,6,1,20,4,1850,1,13,-1,2,-1
201511SB15565,2,9,0,18,0,0,0,0,1,0,1,1,6,1,30,6,1896,2,11,-1,2,-1
201511SB15635,1,5,0,17,0,0,1,0,1,10,1,1,6,1,56,9,749,1,15,-1,1,-1
201511SB15745,1,9,0,18,0,2,0,0,0,0,1,1,6,3,-1,-1,-1,-1,-1,-1,-1,-1
201511SB15885,1,5,0,18,0,0,0,0,7,11,1,1,6,1,22,5,690,1,1,-1,3,-1
201511SB17405,1,5,0,13,0,0,0,0,1,0,1,1,6,1,67,10,689,1,1,-1,2,-1
201511SB17405,2,9,0,18,0,0,1,0,0,0,1,1,6,2,42,7,1796,1,7,-1,1,-1
201511SB17625,1,9,0,18,0,1,5,0,1,10,1,1,6,2,33,6,1596,1,11,-1,1,-1
201511SB17625,2,19,0,18,0,2,0,0,0,0,1,1,6,2,22,5,2464,2,5,-1,1,-1
201511SB17905,1,9,0,1,0,1,0,4,1,11,2,1,6,1,24,5,1598,2,1,-1,1,-1
201511SB17905,2,9,0,2,0,1,0,0,0,0,2,1,6,1,56,9,1598,1,2,-1,2,-1
201511SB18455,1,5,0,17,0,0,1,10,1,0,1,1,6,1,83,11,599,1,14,-1,3,-1
201511SB19965,1,5,0,18,0,0,1,0,0,0,4,1,6,1,40,7,899,1,21,-1,2,-1