Accident_Index,Vehicle_Reference,Vehicle_Type,Towing_and_Articulation,Vehicle_Manoeuvre,Vehicle_Location-Restricted_Lane,Junction_Location,Skidding_and_Overturning,Hit_Object_in_Carriageway,Vehicle_Leaving_Carriageway,Hit_Object_off_Carriageway,1st_Point_of_Impact,Was_Vehicle_Left_Hand_Drive?,Journey_Purpose_of_Driver,Sex_of_Driver,Age_of_Driver,Age_Band_of_Driver,Engine_Capacity_(CC),Propulsion_Code,Age_of_Vehicle,Driver_IMD_Decile,Driver_Home_Area_Type,Vehicle_IMD_Decile
2015120019271,2,8,0,4,0,1,0,0,0,0,1,1,1,1,73,10,1587,1,11,-1,1,-1
2015120019394,1,9,0,7,0,6,0,0,0,0,0,1,6,1,25,5,-1,-1,-1,-1,1,-1
2015120019394,2,9,0,18,0,1,0,0,0,0,0,1,6,2,35,6,1587,1,11,-1,1,-1
2015120019398,1,19,0,18,0,1,0,0,0,0,1,1,1,1,69,10,1870,2,11,-1,1,-1
2015120019442,1,9,0,18,0,4,0,0,0,0,1,1,2,1,44,7,1598,2,6,-1,3,-1
2015120019442,2,3,0,9,0,8,0,0,0,0,1,1,2,1,23,5,124,1,13,-1,1,-1
2015120019460,1,21,1,9,0,6,0,0,0,0,2,1,6,3,-1,-1,-1,-1,-1,-1,-1,-1
2015120019460,2,9,0,18,0,8,0,0,1,11,1,1,1,1,34,6,2143,2,4,-1,1,-1
2015120019530,1,9,0,9,0,6,0,0,0,0,1,1,6,1,26,6,-1,-1,-1,-1,1,-1
2015120019530,2,9,0,18,0,8,0,0,0,0,4,1,6,1,19,4,1198,1,13,-1,1,-1
2015120019665,1,9,4,18,0,0,3,0,0,0,0,1,1,1,80,11,2993,2,9,-1,3,-1
2015120019665,2,9,0,18,0,0,0,0,0,6,4,1,6,2,60,9,1910,2,7,-1,2,-1
2015120019681,1,21,1,18,0,1,0,0,0,0,1,1,1,1,46,8,9290,2,5,-1,1,-1
2015120019681,2,21,0,18,0,1,0,0,0,0,2,1,1,1,50,8,-1,-1,-1,-1,1,-1
2015120019686,1,9,0,18,0,0,0,0,0,0,1,1,6,2,33,6,898,1,-1,-1,3,-1
2015120019686,2,9,0,18,0,0,0,0,0,0,2,1,6,1,-1,-1,1397,1,14,-1,1,-1
2015120019691,1,5,0,18,0,0,0,0,4,6,4,1,6,1,25,5,998,1,9,-1,3,-1
2015120019698,1,21,1,12,0,0,0,0,0,0,1,2,1,1,26,6,-1,-1,-1,-1,-1,-1
2015120019698,2,19,0,13,0,0,1,0,1,9,2,1,6,1,52,8,2477,2,9,-1,2,-1
2015120019705,1,9,0,18,0,7,5,0,0,0,1,1,6,2,61,9,1560,2,1,-1,1,-1
2015120019705,2,9,0,2,0,2,0,0,0,0,2,1,6,1,37,7,1686,2,8,-1,3,-1
2015120019705,3,9,0,18,0,1,0,0,0,0,4,1,6,3,-1,-1,-1,-1,-1,-1,-1,-1
2015120019836,1,9,0,9,0,8,0,0,0,0,2,1,6,1,70,10,1997,2,10,-1,1,-1
2015120019836,2,9,0,18,0,1,0,0,0,0,1,1,1,1,59,9,1968,2,2,-1,1,-1
2015120019932,1,9,0,9,0,6,0,0,0,0,3,1,6,3,-1,-1,-1,-1,-1,-1,-1,-1
2015120019932,2,1,0,18,0,8,0,0,0,0,4,1,4,2,13,3,-1,-1,-1,-1,2,-1
2015120019968,1,1,0,18,0,0,0,0,0,0,1,1,6,1,30,6,-1,-1,-1,-1,1,-1
2015120019968,2,9,0,2,0,0,0,0,0,0,4,1,6,1,-1,-1,-1,-1,-1,-1,-1,-1
2015120019982,1,17,0,1,0,0,0,0,0,0,1,1,1,1,34,6,4400,2,3,-1,1,-1
2015120019982,2,9,0,18,0,0,0,0,1,9,1,1,6,1,77,11,1248,2,7,-1,2,-1
2015120020035,1,9,0,14,0,0,0,0,0,0,1,1,6,1,30,6,-1,-1,-1,-1,-1,-1
2015120020099,1,9,0,18,0,0,1,10,1,3,2,1,6,1,22,5,-1,-1,-1,-1,1,-1
2015120020113,1,9,0,18,0,0,0,0,7,0,4,1,6,1,29,6,-1,-1,-1,-1,3,-1
2015120020113,2,9,0,18,0,0,0,0,0,0,1,1,2,2,49,8,1198,1,1,-1,2,-1
2015120020255,1,9,0,17,0,0,1,0,4,6,4,1,6,2,25,5,1598,1,9,-1,3,-1
2015120020315,1,9,0,16,0,0,1,0,0,0,3,1,6,1,21,5,-1,-1,-1,-1,2,-1
2015120020315,2,9,0,17,0,0,1,0,0,0,3,1,6,2,62,9,2400,12,2,-1,3,-1
2015120020317,1,19,0,18,0,0,1,0,1,1,1,1,1,1,25,5,2198,2,4,-1,1,-1
2015120020317,2,9,0,18,0,0,0,0,0,6,2,1,1,1,43,7,-1,-1,-1,-1,1,-1
2015120020357,1,9,0,1,0,0,0,0,0,0,2,1,6,3,-1,-1,-1,-1,-1,-1,-1,-1
2015120020472,1,19,0,18,0,0,5,0,2,11,2,1,6,1,46,8,-1,-1,-1,-1,1,-1
2015120020574,1,9,0,7,0,8,0,0,0,0,1,1,6,1,35,6,1600,1,12,-1,1,-1
2015120020574,2,1,0,7,4,3,0,0,0,0,4,1,2,1,64,9,-1,-1,-1,-1,1,-1
2015120020837,1,19,0,18,0,1,0,0,0,0,1,1,6,3,-1,-1,2287,2,7,-1,-1,-1
2015120020837,2,9,0,18,0,1,0,0,1,0,3,1,2,2,30,6,1560,2,1,-1,1,-1
2015120020886,1,1,0,16,0,0,0,0,0,0,0,1,6,1,46,8,-1,-1,-1,-1,2,-1
2015120020967,1,5,0,18,0,0,0,0,0,0,1,1,6,1,57,9,-1,-1,-1,-1,1,-1
2015120020967,2,19,0,4,0,0,0,0,0,0,2,1,1,1,38,7,-1,-1,-1,-1,1,-1
2015120021145,1,9,0,16,0,0,2,0,2,7,1,1,6,1,17,4,-1,-1,-1,-1,3,-1
2015120021200,1,9,0,11,0,5,2,0,3,1,1,1,6,1,41,7,-1,-1,-1,-1,2,-1
2015120021236,1,9,0,9,0,1,1,0,1,11,4,1,6,1,19,4,-1,-1,-1,-1,2,-1
2015120021515,1,9,0,9,0,0,0,0,7,0,3,1,6,2,40,7,-1,-1,-1,-1,1,-1
2015120021515,2,5,0,18,0,0,0,0,7,0,0,1,6,2,47,8,-1,-1,-1,-1,1,-1
2015120021515,3,9,0,18,0,0,0,0,0,0,2,1,6,2,50,8,1598,1,8,-1,3,-1
2015120021515,4,9,0,18,0,0,0,0,0,0,1,1,6,1,51,8,-1,-1,-1,-1,1,-1
2015120021516,1,9,0,9,0,1,0,0,0,0,4,1,6,2,70,10,-1,-1,-1,-1,1,-1
2015120021516,2,9,0,18,0,1,0,0,0,0,1,1,6,2,35,6,1242,1,8,-1,1,-1
2015120021516,3,9,0,3,0,1,0,0,0,0,1,1,6,2,74,10,1198,1,4,-1,3,-1
2015120021538,1,1,0,18,0,0,1,0,0,0,0,1,6,1,84,11,-1,-1,-1,-1,1,-1
2015120021627,1,9,0,9,0,1,0,0,0,0,0,1,6,1,34,6,1598,2,2,-1,1,-1
2015120021627,2,1,0,18,0,1,0,0,0,0,3,1,6,2,66,10,-1,-1,-1,-1,1,-1
2015120021657,1,9,0,9,0,6,0,0,0,0,1,1,6,1,81,11,-1,-1,-1,-1,1,-1
2015120021657,2,9,0,18,0,1,0,0,0,0,3,1,6,1,75,10,1560,2,3,-1,-1,-1
2015120021667,1,1,0,10,0,1,0,0,0,0,3,1,2,2,57,9,-1,-1,-1,-1,1,-1
2015120021667,2,20,0,18,0,1,0,0,0,0,1,1,2,1,60,9,-1,-1,-1,-1,1,-1
2015120021768,1,9,0,17,0,0,0,0,7,0,1,1,2,2,21,5,1149,1,7,-1,3,-1
2015120021890,1,9,0,9,0,8,0,0,0,0,1,1,2,1,41,7,1686,2,2,-1,1,-1
2015120021890,2,1,0,18,0,1,0,0,0,0,3,1,2,1,40,7,-1,-1,-1,-1,1,-1
2015120021909,1,9,0,18,0,0,0,0,0,0,1,1,2,1,85,11,1988,1,15,-1,2,-1
2015120021933,1,9,0,18,0,0,0,0,0,0,1,1,6,1,75,10,2179,2,7,-1,3,-1
2015120021933,2,19,0,3,0,0,0,0,0,0,2,1,1,1,38,7,1968,2,-1,-1,3,-1
2015120021933,3,21,1,3,0,0,0,0,0,0,2,1,1,1,68,10,12777,2,2,-1,1,-1
2015120021940,1,9,0,14,0,0,1,0,0,0,1,1,6,1,17,4,-1,-1,-1,-1,1,-1
2015120021940,2,9,0,18,0,0,0,0,0,0,2,1,6,1,39,7,1598,1,8,-1,2,-1
2015120021940,3,9,0,18,0,0,0,0,0,0,2,1,6,1,25,5,1149,1,13,-1,3,-1
2015120022221,1,4,0,4,0,0,1,12,7,0,1,1,6,1,25,5,738,1,14,-1,3,-1
2015120022262,1,9,0,18,0,0,0,0,0,0,1,1,6,1,21,5,1198,1,4,-1,1,-1
2015120022272,1,1,0,16,0,1,0,10,0,0,4,1,2,2,44,7,-1,-1,-1,-1,1,-1
2015120022300,1,9,0,9,0,1,0,0,0,0,1,1,2,1,53,8,1796,1,12,-1,2,-1
2015120022465,1,8,0,15,0,0,0,0,0,0,4,1,6,1,56,9,-1,-1,-1,-1,1,-1
2015120022465,2,3,0,18,0,0,0,0,0,0,3,1,6,1,18,4,124,1,5,-1,3,-1
2015120022614,1,9,0,5,0,1,0,0,0,0,1,1,6,1,45,7,5439,1,13,-1,1,-1
2015120022614,2,9,0,18,0,1,0,0,0,0,1,1,2,1,45,7,1968,2,1,-1,1,-1
2015120022614,3,9,0,10,0,2,0,0,0,0,3,1,6,2,22,5,1198,1,1,-1,1,-1
2015120022705,1,1,0,18,0,0,0,0,0,0,1,1,6,1,43,7,-1,-1,-1,-1,1,-1
2015120022705,2,9,0,3,0,0,0,0,0,0,1,1,6,1,47,8,2982,2,1,-1,1,-1
2015120023092,1,9,0,9,0,5,0,0,0,0,3,1,2,2,52,8,1968,2,5,-1,1,-1
2015120023092,2,2,0,18,0,1,0,0,0,0,1,1,2,1,16,4,50,1,1,-1,2,-1
2015120023227,1,2,0,16,0,1,1,0,0,0,3,1,6,2,20,4,50,1,7,-1,-1,-1
2015120023354,1,9,0,3,0,0,0,0,0,0,0,1,2,2,21,5,1299,1,14,-1,1,-1
2015120023354,2,19,0,4,0,0,0,0,1,0,1,1,2,1,33,6,1753,2,7,-1,1,-1
2015120023701,1,9,0,7,0,1,0,0,0,0,4,1,1,1,61,9,1248,2,2,-1,1,-1
2015120023701,2,1,0,18,4,1,0,0,0,0,3,1,6,2,61,9,-1,-1,-1,-1,1,-1
2015120023743,1,1,0,18,0,0,0,0,0,0,1,1,6,1,62,9,-1,-1,-1,-1,3,-1
2015120023743,2,21,1,2,0,0,0,0,0,0,2,1,1,1,41,7,9200,2,8,-1,1,-1
2015120023780,1,3,0,18,0,8,0,0,0,0,1,1,6,1,27,6,124,1,1,-1,1,-1
2015120023780,2,19,0,9,0,1,0,0,0,0,3,1,6,1,44,7,1997,2,8,-1,1,-1
2015120023838,1,5,0,16,0,0,1,0,7,11,1,1,6,1,56,9,1832,1,9,-1,1,-1
2015120023956,1,9,0,18,0,8,0,0,0,0,2,1,6,1,67,10,-1,-1,-1,-1,3,-1
2015120023956,2,9,0,18,0,8,0,0,0,0,1,1,6,1,49,8,-1,-1,-1,-1,1,-1
2015120024020,1,9,0,7,0,6,0,0,0,0,1,1,6,1,47,8,2204,2,10,-1,-1,-1
2015120024020,2,1,0,18,0,1,0,0,0,0,2,1,2,2,46,8,-1,-1,-1,-1,1,-1
2015120024184,1,9,0,1,0,1,0,0,0,0,2,1,6,1,17,4,1598,2,2,-1,1,-1
2015120024188,1,9,0,16,0,0,0,0,0,0,1,1,2,2,39,7,-1,-1,-1,-1,3,-1
2015120024188,2,8,0,18,0,0,0,0,1,11,1,1,1,1,31,6,2184,2,6,-1,1,-1
2015120024209,1,9,0,4,0,0,0,0,0,0,1,1,2,1,34,6,-1,-1,-1,-1,1,-1
2015120024209,2,9,0,4,0,0,0,0,0,6,2,1,2,2,21,5,-1,-1,-1,-1,3,-1
2015120024209,3,9,0,4,0,0,0,0,0,0,2,1,2,1,47,8,2987,2,9,-1,1,-1
2015120024393,1,9,0,16,0,0,0,0,2,11,1,1,2,1,22,5,-1,-1,-1,-1,2,-1
2015120024598,1,9,0,16,0,0,1,0,2,7,1,1,6,2,24,5,1229,1,2,-1,1,-1
2015120024822,1,9,0,18,0,1,0,0,3,9,1,1,6,1,28,6,1896,2,17,-1,1,-1
2015120025082,1,9,0,17,0,0,0,0,1,4,1,1,6,1,22,5,1900,1,15,-1,1,-1
2015120025126,1,9,0,18,0,0,5,0,1,4,1,1,6,1,50,8,1896,2,11,-1,1,-1
2015120025163,1,9,0,9,0,1,0,0,0,0,1,1,6,2,74,10,1086,1,5,-1,3,-1
2015120025163,2,1,0,18,4,8,0,0,0,0,4,1,6,1,18,4,-1,-1,-1,-1,-1,-1
2015120025309,1,8,0,1,0,0,0,0,0,0,2,1,1,1,42,7,-1,-1,-1,-1,1,-1
2015120025411,1,9,0,18,0,0,0,0,0,0,0,1,6,1,26,6,2179,2,8,-1,1,-1
2015120025441,1,9,0,17,0,0,0,0,1,4,1,1,6,1,22,5,-1,-1,-1,-1,3,-1
2015120025569,1,9,0,18,0,0,0,0,0,0,1,1,6,1,62,9,-1,-1,-1,-1,1,-1
2015120025569,2,1,0,18,0,0,0,0,0,0,1,1,6,1,44,7,-1,-1,-1,-1,1,-1
2015120025569,3,1,0,18,0,0,0,0,0,0,3,1,6,1,16,4,-1,-1,-1,-1,-1,-1
2015120025569,4,1,0,18,0,0,0,0,0,0,0,1,6,1,26,6,-1,-1,-1,-1,1,-1
2015120025569,5,1,0,18,0,0,0,0,0,0,0,1,6,1,-1,-1,-1,-1,-1,-1,-1,-1
2015120025775,1,9,0,9,0,6,0,0,0,0,3,1,6,1,67,10,2000,1,6,-1,1,-1
2015120025775,2,9,0,18,0,8,0,0,0,0,1,1,6,1,74,10,-1,-1,-1,-1,2,-1
2015120025775,3,9,0,9,0,5,0,0,0,0,0,1,6,3,50,8,-1,-1,-1,-1,-1,-1
2015120026032,1,9,0,16,0,0,2,0,1,0,1,1,1,2,48,8,1598,1,2,-1,-1,-1
2015120026042,1,9,0,5,0,8,0,0,0,0,1,1,6,1,70,10,3956,1,15,-1,3,-1
2015120026042,2,9,0,18,0,8,0,0,7,11,3,1,6,1,70,10,2231,2,9,-1,3,-1
2015120026211,1,9,0,9,9,5,0,0,0,0,1,1,2,1,43,7,2231,2,6,-1,3,-1
2015120026273,1,1,0,18,0,0,0,0,0,0,2,1,6,1,32,6,-1,-1,-1,-1,1,-1
2015120026273,2,21,0,14,0,0,0,0,0,0,1,1,6,3,-1,-1,-1,-1,-1,-1,-1,-1
2015120026428,1,9,0,18,0,1,1,4,0,0,3,1,6,1,28,6,1870,2,12,-1,1,-1
2015120026428,2,9,0,2,0,1,0,0,0,0,1,1,6,3,44,7,1984,1,4,-1,1,-1
2015120026436,1,8,0,7,0,8,0,0,0,0,4,1,1,1,66,10,-1,-1,-1,-1,2,-1
2015120026436,2,1,0,18,0,8,0,0,0,0,3,1,6,1,32,6,-1,-1,-1,-1,1,-1
2015120026479,1,19,0,18,0,0,0,4,1,6,1,1,1,1,43,7,-1,-1,-1,-1,1,-1
2015120026479,2,19,0,2,0,0,0,0,1,0,2,1,1,1,-1,-1,-1,-1,-1,-1,3,-1
2015120026479,3,21,0,2,0,0,0,0,0,0,0,1,1,3,-1,-1,10518,2,7,-1,3,-1
2015120026479,4,21,0,2,0,0,0,0,0,0,0,1,1,3,-1,-1,-1,-1,-1,-1,3,-1
2015120026529,1,9,0,18,0,0,0,0,0,0,2,1,1,1,18,4,1198,1,2,-1,3,-1
2015120026529,2,9,0,18,0,0,0,0,0,0,2,1,1,1,30,6,1995,1,13,-1,1,-1
2015120026529,3,9,0,18,0,0,0,0,1,0,1,1,1,1,30,6,1968,2,6,-1,1,-1
2015120026536,1,19,0,3,0,1,0,0,0,0,2,1,1,2,42,7,1995,2,2,-1,1,-1
2015120026536,2,19,0,3,0,1,0,0,0,0,1,1,1,1,23,5,2198,2,1,-1,1,-1
2015120026536,3,9,0,9,0,2,0,0,0,0,2,1,1,2,59,9,2993,2,6,-1,3,-1
2015120026540,1,9,0,4,0,1,0,0,0,0,2,1,6,2,32,6,998,1,2,-1,2,-1
2015120026540,2,9,0,4,0,1,0,0,0,0,1,1,6,1,32,6,-1,-1,-1,-1,3,-1
2015120026678,1,9,0,18,0,7,0,0,0,0,1,1,6,2,71,10,1598,2,4,-1,1,-1
2015120026678,2,9,0,18,0,1,0,0,0,0,3,1,6,1,77,11,-1,-1,-1,-1,3,-1
2015120026711,1,19,0,9,0,2,0,0,0,0,1,1,6,1,68,10,2499,2,3,-1,3,-1
2015120026711,2,1,0,18,0,6,0,0,0,0,1,1,2,2,24,5,-1,-1,-1,-1,1,-1
2015120026774,1,9,0,9,0,2,0,0,0,0,1,1,6,2,48,8,1995,2,4,-1,3,-1
2015120026783,1,9,0,18,0,0,0,0,0,0,4,1,6,2,49,8,1199,1,11,-1,3,-1
2015120026783,2,1,0,18,0,0,0,0,1,0,3,1,6,2,44,7,-1,-1,-1,-1,2,-1
2015120026845,1,9,0,5,0,4,0,0,0,0,3,1,2,2,61,9,1598,2,1,-1,1,-1
2015120026845,2,1,0,18,0,8,0,0,0,0,4,1,2,1,31,6,-1,-1,-1,-1,1,-1
2015120026931,1,9,0,5,8,6,0,0,0,0,1,1,6,2,19,4,1388,1,11,-1,1,-1
2015120026931,2,19,0,18,0,1,0,0,0,0,1,1,6,1,48,8,2198,2,2,-1,1,-1
2015120026965,1,9,0,18,0,0,5,0,2,7,1,1,6,1,23,5,-1,-1,-1,-1,1,-1
2015120027211,1,9,0,12,0,0,0,0,0,0,3,1,6,2,43,7,2184,2,11,-1,3,-1
2015120027211,2,3,0,18,0,0,0,0,0,0,4,1,6,1,24,5,124,1,3,-1,1,-1
2015120027212,1,9,0,18,0,8,0,0,0,0,1,1,6,2,72,10,1248,1,3,-1,-1,-1
2015120027212,2,1,0,4,0,6,0,0,0,0,3,1,6,1,71,10,-1,-1,-1,-1,2,-1
2015120027372,1,9,0,4,0,0,1,0,0,0,1,1,6,2,35,6,1995,2,9,-1,3,-1
2015120027372,2,9,0,4,0,0,0,0,0,0,2,1,2,1,30,6,999,1,1,-1,1,-1
2015120027372,3,9,0,4,0,0,0,0,0,0,2,1,6,1,19,4,973,1,15,-1,1,-1
2015120027558,1,9,0,18,0,3,0,0,0,0,0,1,6,3,-1,-1,-1,-1,-1,-1,-1,-1
2015120027558,2,9,0,18,0,3,0,0,1,9,0,1,2,2,49,8,1396,1,7,-1,1,-1
2015120027566,1,9,0,3,0,0,0,0,0,0,2,1,1,2,46,8,1895,1,14,-1,1,-1
2015120027566,2,9,0,4,0,0,0,0,0,0,1,1,6,2,23,5,1229,1,7,-1,1,-1
2015120027606,1,9,0,18,0,0,0,0,5,7,1,1,6,2,22,5,1398,2,5,-1,1,-1
2015120027842,1,9,0,18,0,8,0,0,0,0,1,1,6,2,49,8,1396,1,13,-1,1,-1
2015120027842,2,9,0,3,0,1,0,0,0,0,2,1,6,2,45,7,1685,2,3,-1,1,-1
2015120027842,3,9,0,10,0,1,0,0,0,0,2,1,6,1,55,8,1598,1,10,-1,3,-1
2015120027866,1,9,0,18,0,4,0,0,0,0,1,1,6,2,70,10,1242,1,3,-1,1,-1
2015120027866,2,1,0,18,0,4,0,0,0,0,4,1,6,1,65,9,-1,-1,-1,-1,1,-1
2015120027950,1,9,0,18,0,0,0,0,0,0,0,1,6,1,60,9,1686,2,2,-1,-1,-1
2015120027950,2,9,0,18,0,0,0,0,0,0,2,1,6,1,61,9,1968,2,4,-1,3,-1
2015120027950,3,9,0,18,0,0,0,0,0,0,1,1,6,1,42,7,1995,2,-1,-1,3,-1
2015120027950,4,9,0,18,0,0,0,0,0,0,1,1,6,1,54,8,1796,1,15,-1,1,-1
2015120027955,1,9,0,18,0,2,0,0,0,0,1,1,6,2,25,5,1242,1,13,-1,1,-1
2015120027976,1,9,0,18,0,0,1,0,0,0,0,1,6,2,37,7,1598,1,15,-1,1,-1
2015120027984,1,9,0,16,0,0,2,10,1,0,4,1,6,1,45,7,2495,2,12,-1,2,-1
2015120028049,1,9,0,5,0,4,0,0,0,0,1,1,1,2,21,5,998,1,7,-1,1,-1
2015120028049,2,2,0,18,0,8,0,0,0,0,4,1,2,1,16,4,-1,-1,-1,-1,1,-1
2015120028111,1,98,0,9,0,8,0,0,0,0,0,1,1,1,52,8,-1,-1,-1,-1,2,-1
2015120028111,2,1,0,18,0,1,0,0,0,0,0,1,6,2,48,8,-1,-1,-1,-1,1,-1
2015120028277,1,1,0,18,0,6,0,0,0,0,1,1,2,2,22,5,-1,-1,-1,-1,2,-1
2015120028277,2,1,0,18,0,8,0,0,0,0,1,1,2,1,61,9,-1,-1,-1,-1,3,-1
2015120028368,1,9,0,18,0,2,0,0,0,0,2,1,6,2,32,6,1598,1,3,-1,3,-1
2015120028368,2,9,0,18,0,1,1,0,0,0,1,1,6,1,74,10,1242,1,10,-1,1,-1
2015120028435,1,9,0,6,0,0,0,0,0,0,3,1,1,2,20,4,2993,2,1,-1,1,-1
2015120028435,2,5,0,14,0,0,0,0,0,0,1,1,6,1,72,10,-1,-1,-1,-1,2,-1
2015120028465,1,19,0,18,0,0,0,0,0,0,1,1,1,2,26,6,2499,2,1,-1,1,-1
2015120028465,2,9,0,4,0,0,0,0,0,0,2,1,6,2,61,9,1399,2,3,-1,2,-1
2015120028573,1,9,0,18,0,0,0,0,0,0,1,1,1,1,37,7,-1,-1,-1,-1,1,-1
2015120028573,2,21,1,18,0,0,0,0,0,0,2,1,1,1,55,8,12419,2,2,-1,1,-1
2015120028715,1,19,0,18,0,0,0,0,1,0,1,1,2,1,49,8,-1,-1,-1,-1,2,-1
2015120028958,1,9,0,2,0,0,0,0,0,0,2,1,1,1,32,6,-1,-1,-1,-1,1,-1
2015120028958,2,9,0,5,0,0,0,0,0,0,1,1,2,2,55,8,-1,-1,-1,-1,3,-1
2015120029342,1,9,0,9,0,8,0,0,0,0,1,1,6,1,18,4,1991,2,11,-1,2,-1
2015120029342,2,9,0,9,0,8,0,0,0,0,1,1,6,2,41,7,1598,2,3,-1,3,-1
2015120029405,1,8,0,9,0,5,0,0,0,0,1,1,1,1,58,9,1560,2,8,-1,1,-1
2015120029690,1,9,0,16,0,0,1,0,0,0,1,1,6,1,49,8,1461,2,3,-1,2,-1
2015120029690,2,9,0,17,0,0,0,0,0,0,1,1,6,1,55,8,1984,2,2,-1,-1,-1
2015120029699,1,9,0,16,0,0,1,0,0,0,1,1,6,1,39,7,954,1,20,-1,3,-1
2015120029699,2,9,0,17,0,0,0,0,0,0,3,1,6,2,39,7,1390,1,12,-1,3,-1
2015120029905,1,9,0,18,0,0,0,0,7,0,3,1,6,1,67,10,-1,-1,-1,-1,2,-1
2015120029905,2,9,0,18,0,0,0,0,0,0,3,1,6,1,50,8,1396,1,4,-1,1,-1
2015120029905,3,9,0,18,0,0,0,0,0,0,3,1,6,1,65,9,1560,2,6,-1,1,-1
2015120029905,4,9,0,18,0,0,0,0,1,0,3,1,6,1,75,10,1560,2,5,-1,3,-1
2015120030231,1,9,0,15,0,0,0,0,0,0,2,1,6,1,69,10,1339,1,5,-1,1,-1
2015120030231,2,1,0,9,0,0,0,0,0,0,1,1,2,1,35,6,-1,-1,-1,-1,1,-1
2015120030354,1,19,0,5,0,1,0,0,0,0,1,1,6,2,40,7,1753,2,11,-1,2,-1
2015120030354,2,1,0,18,0,1,0,0,0,0,3,1,4,2,17,4,-1,-1,-1,-1,1,-1
2015120030414,1,9,0,5,0,1,0,0,0,0,1,1,2,2,28,6,2143,2,-1,-1,1,-1
2015120030414,2,1,0,18,4,1,0,0,0,0,1,1,2,1,49,8,-1,-1,-1,-1,1,-1
2015120030602,1,9,0,9,0,6,0,0,0,0,1,1,2,1,41,7,-1,-1,-1,-1,2,-1
2015120030602,2,9,0,18,0,1,0,0,0,0,4,1,2,1,37,7,1796,1,5,-1,3,-1
2015120030750,1,1,0,18,4,1,0,0,0,0,1,1,6,1,28,6,-1,-1,-1,-1,1,-1
2015120030750,2,9,0,9,0,8,0,0,0,0,4,1,6,1,30,6,1951,2,12,-1,-1,-1
2015120030759,1,9,0,5,0,2,0,0,0,0,4,1,6,1,30,6,-1,-1,-1,-1,-1,-1
2015120030802,1,9,0,5,0,4,0,0,0,0,1,1,6,2,45,7,1796,1,2,-1,1,-1
2015120030802,2,9,0,18,0,4,0,0,0,0,3,1,6,1,27,6,1368,1,5,-1,1,-1
2015120030848,1,9,0,18,0,0,0,0,0,0,1,1,2,1,44,7,1298,1,14,-1,1,-1
2015120030848,2,1,0,18,0,0,0,0,0,0,2,1,4,1,50,8,-1,-1,-1,-1,1,-1
2015120030848,3,1,0,18,0,0,0,0,0,0,2,1,4,1,42,7,-1,-1,-1,-1,1,-1
2015120030873,1,9,0,9,0,6,0,0,0,0,1,1,2,1,47,8,-1,-1,-1,-1,1,-1
2015120030873,2,3,0,18,0,8,0,0,0,0,1,1,6,1,60,9,124,1,3,-1,3,-1
2015120030877,1,9,0,9,0,2,0,0,0,0,1,1,1,2,35,6,1968,2,2,-1,2,-1
2015120030877,2,1,0,18,0,1,0,0,0,0,4,1,2,2,46,8,-1,-1,-1,-1,1,-1
2015120030900,1,9,0,3,0,1,0,0,0,0,2,1,6,1,44,7,1399,2,7,-1,1,-1
2015120030900,2,9,0,18,0,1,0,0,0,0,1,1,6,1,42,7,1332,1,18,-1,3,-1
2015120030905,1,19,0,18,0,0,0,0,0,0,1,1,1,1,23,5,2198,2,9,-1,1,-1
2015120030905,2,20,0,18,0,0,0,0,0,0,2,1,1,1,47,8,-1,-1,-1,-1,1,-1
2015120030931,1,19,0,9,0,8,0,0,0,0,1,1,1,1,50,8,1560,2,3,-1,2,-1
2015120030931,2,9,0,18,0,8,0,0,0,0,1,1,2,2,40,7,2720,2,9,-1,1,-1
2015120031054,1,9,0,18,0,0,0,0,0,0,1,1,6,1,20,4,1598,2,5,-1,1,-1
2015120031154,1,9,0,4,0,1,0,0,0,0,1,1,2,1,52,8,1461,2,1,-1,1,-1
2015120031154,2,9,0,4,0,1,0,0,0,0,1,1,2,2,25,5,998,1,14,-1,1,-1
2015120031154,3,9,0,3,0,1,0,0,0,0,2,1,2,2,22,5,1390,1,9,-1,1,-1
2015120031154,4,9,0,18,0,1,0,0,0,0,3,1,2,1,55,8,2996,1,1,-1,3,-1
2015120031154,5,9,0,10,0,5,0,0,0,0,0,1,2,1,56,9,1560,2,6,-1,3,-1
2015120031165,1,16,0,18,9,0,5,0,0,0,0,1,6,2,35,6,-1,-1,-1,-1,3,-1
2015120031206,1,9,0,3,0,2,0,0,0,0,2,1,6,1,39,7,1986,1,6,-1,1,-1
2015120031206,2,9,0,3,0,2,0,0,0,0,1,1,6,2,65,9,1248,1,3,-1,1,-1
2015120031473,1,9,0,17,0,0,2,0,1,10,1,1,6,1,31,6,2198,1,13,-1,3,-1
2015120031504,1,9,0,12,0,0,0,0,0,0,3,1,6,1,42,7,1995,2,3,-1,-1,-1
2015120031504,2,9,0,18,0,0,0,0,0,0,1,1,6,1,29,6,2151,2,15,-1,1,-1
2015120031703,1,9,0,1,9,0,0,0,0,0,2,1,6,3,-1,-1,-1,-1,-1,-1,-1,-1
2015120031776,1,9,0,18,0,0,0,0,7,11,3,1,6,1,20,4,1149,1,15,-1,1,-1
2015120031873,1,9,0,10,0,1,0,0,0,0,2,1,6,2,43,7,1598,1,2,-1,1,-1