Accident_Index,Vehicle_Reference,Vehicle_Type,Towing_and_Articulation,Vehicle_Manoeuvre,Vehicle_Location-Restricted_Lane,Junction_Location,Skidding_and_Overturning,Hit_Object_in_Carriageway,Vehicle_Leaving_Carriageway,Hit_Object_off_Carriageway,1st_Point_of_Impact,Was_Vehicle_Left_Hand_Drive?,Journey_Purpose_of_Driver,Sex_of_Driver,Age_of_Driver,Age_Band_of_Driver,Engine_Capacity_(CC),Propulsion_Code,Age_of_Vehicle,Driver_IMD_Decile,Driver_Home_Area_Type,Vehicle_IMD_Decile
2015120069073,2,9,0,3,0,1,0,0,0,0,2,1,6,2,73,10,-1,-1,-1,-1,3,-1
2015120069177,1,3,0,18,0,0,0,0,0,0,3,1,6,1,17,4,49,1,16,-1,1,-1
2015120069263,1,9,0,18,0,0,0,0,0,0,3,1,6,3,-1,-1,-1,-1,-1,-1,-1,-1
2015120069312,1,19,0,18,0,0,0,0,0,0,0,1,6,1,-1,-1,-1,-1,-1,-1,-1,-1
2015120069312,2,1,0,18,0,0,0,0,0,0,0,1,6,1,17,4,-1,-1,-1,-1,2,-1
2015120069327,1,9,0,5,0,8,0,0,0,0,0,1,6,3,-1,-1,-1,-1,-1,-1,-1,-1
2015120069412,1,21,1,17,0,8,0,9,0,1,3,1,1,1,55,8,11967,2,3,-1,1,-1
2015120069555,1,9,0,18,0,5,0,0,0,0,1,1,1,1,29,6,1598,1,6,-1,1,-1
2015120070100,1,9,0,9,0,6,0,0,0,0,3,1,6,2,51,8,1149,1,5,-1,2,-1
2015120070100,2,9,0,18,0,1,1,0,0,0,1,1,6,1,50,8,-1,-1,-1,-1,2,-1
2015120070166,1,9,0,9,0,6,0,0,1,0,1,1,2,2,29,6,1598,1,1,-1,3,-1
2015120070166,2,9,0,18,0,1,2,0,0,0,1,1,6,1,44,7,2793,1,17,-1,1,-1
2015120070268,1,9,0,3,0,0,0,0,0,0,1,1,2,1,54,8,1769,1,13,-1,3,-1
2015120070268,2,1,0,18,0,0,0,0,0,0,2,1,2,1,60,9,-1,-1,-1,-1,1,-1
2015120070507,1,1,0,18,0,1,0,0,0,0,3,1,6,2,73,10,-1,-1,-1,-1,1,-1
2015120070507,2,9,0,2,0,1,0,0,0,0,4,1,6,1,22,5,1597,1,16,-1,1,-1
2015120070874,1,9,0,17,0,0,1,1,2,1,3,1,2,2,26,6,1390,1,4,-1,1,-1
2015120070874,2,9,0,16,0,0,0,0,0,0,1,1,2,2,47,8,1461,2,4,-1,1,-1
2015120071295,1,9,0,18,0,0,1,0,7,0,1,1,6,1,29,6,-1,-1,-1,-1,2,-1
2015120071295,2,3,0,18,0,0,1,0,0,0,1,1,6,1,17,4,124,1,10,-1,3,-1
2015120071532,1,9,0,9,0,6,0,0,0,0,1,1,6,2,50,8,3301,1,11,-1,1,-1
2015120071532,2,9,0,18,0,1,0,0,0,0,4,1,1,1,39,7,1299,1,14,-1,1,-1
2015120071654,1,19,0,5,0,6,0,0,0,0,1,1,1,1,38,7,2148,2,7,-1,3,-1
2015120071654,2,9,0,18,0,1,1,0,0,0,1,1,1,1,59,9,1399,2,3,-1,1,-1
2015120071654,3,19,0,10,0,1,0,0,0,0,3,1,1,1,46,8,2198,2,1,-1,1,-1
2015120071665,1,9,0,18,0,0,0,0,0,0,3,1,2,1,54,8,1968,2,8,-1,-1,-1
2015120071665,2,5,0,14,0,0,0,0,0,0,4,1,6,1,54,8,800,1,3,-1,2,-1
2015120071972,1,9,0,17,0,0,1,0,0,0,1,2,6,1,24,5,-1,-1,-1,-1,3,-1
2015120071972,2,9,0,16,0,0,0,0,1,0,1,1,6,2,53,8,2149,2,8,-1,2,-1
2015120071972,3,9,0,16,0,0,0,0,0,0,1,1,6,1,26,6,1590,1,14,-1,1,-1
2015120072063,1,9,0,18,0,0,0,0,0,0,1,1,6,1,-1,-1,-1,-1,-1,-1,-1,-1
2015120072063,2,1,0,3,9,0,0,0,0,0,1,1,6,2,13,3,-1,-1,-1,-1,2,-1
2015120072231,1,9,0,9,0,2,0,0,0,0,1,1,6,2,34,6,1995,2,11,-1,1,-1
2015120072231,2,9,0,10,0,5,0,0,0,0,3,1,6,2,19,4,998,1,4,-1,2,-1
2015120072231,3,9,0,18,0,8,0,0,0,0,4,1,6,2,27,6,1598,1,9,-1,1,-1
2015120072295,1,19,0,9,0,3,2,0,0,0,3,1,6,1,26,6,2402,2,10,-1,1,-1
2015120072341,1,9,0,18,0,4,0,0,0,0,3,1,6,2,39,7,1956,2,6,-1,3,-1
2015120072341,2,9,0,18,0,8,0,0,0,0,1,1,6,2,22,5,-1,-1,-1,-1,3,-1
2015120072416,1,9,0,18,0,0,0,0,0,0,4,1,6,1,44,7,2790,1,10,-1,1,-1
2015120072595,1,9,0,18,0,1,0,0,0,0,1,1,6,1,40,7,2664,2,15,-1,1,-1
2015120072595,2,8,0,9,0,8,0,0,0,0,3,1,1,1,49,8,2664,2,17,-1,1,-1
2015120072622,1,9,0,18,0,0,2,0,2,4,1,1,6,1,17,4,1364,1,9,-1,3,-1
2015120072826,1,1,0,18,0,0,1,0,0,0,0,1,6,1,40,7,-1,-1,-1,-1,1,-1
2015120072844,1,8,0,18,0,0,0,0,0,0,1,1,1,1,61,9,-1,-1,-1,-1,3,-1
2015120072844,2,9,0,18,0,0,0,0,1,0,1,1,6,1,37,7,-1,-1,-1,-1,1,-1
2015120073077,1,9,0,17,0,0,1,0,1,11,1,1,6,1,21,5,-1,-1,-1,-1,2,-1
2015120073228,1,9,0,18,0,5,0,0,5,6,1,1,2,1,29,6,1997,2,13,-1,1,-1
2015120073228,2,9,0,18,0,8,0,0,0,0,0,1,6,1,70,10,2902,2,7,-1,1,-1
2015120073355,1,9,0,3,0,0,0,0,0,0,2,1,6,2,41,7,2987,2,8,-1,1,-1
2015120073355,2,9,0,3,0,0,0,0,0,0,2,1,6,1,41,7,2401,2,9,-1,1,-1
2015120073355,3,9,0,18,0,0,0,0,1,0,1,1,6,2,70,10,1968,2,9,-1,1,-1
2015120073387,1,10,0,18,0,1,0,0,0,0,1,1,1,1,56,9,2198,2,4,-1,1,-1
2015120073419,1,5,0,16,0,0,0,0,7,0,3,1,6,1,52,8,954,1,12,-1,2,-1
2015120073419,2,9,0,17,0,0,0,0,0,0,3,1,6,2,53,8,1560,2,9,-1,3,-1
2015120073455,1,9,0,18,0,4,0,0,0,0,4,1,6,1,29,6,1229,1,7,-1,2,-1
2015120073628,1,1,0,18,0,8,0,0,0,0,1,1,6,1,14,3,-1,-1,-1,-1,1,-1
2015120073628,2,9,0,18,0,3,0,0,0,0,4,1,6,3,-1,-1,-1,-1,-1,-1,-1,-1
2015120073790,1,3,0,18,0,0,0,0,0,0,4,1,2,1,57,9,124,1,3,-1,1,-1
2015120073807,1,3,0,18,0,0,0,0,0,0,1,1,6,1,20,4,-1,-1,-1,-1,2,-1
2015120073807,2,9,0,3,0,0,0,0,0,0,0,1,6,1,68,10,1598,1,12,-1,2,-1
2015120073807,3,11,0,2,0,0,0,0,0,0,2,1,1,1,59,9,4461,2,2,-1,3,-1
2015120073807,4,9,0,18,0,0,0,0,0,0,0,1,6,1,61,9,1968,2,5,-1,1,-1
2015120074575,1,21,0,12,0,0,0,0,0,0,3,1,1,3,47,8,-1,-1,-1,-1,-1,-1
2015120074575,2,9,0,13,0,0,1,0,1,0,4,1,2,1,55,8,1968,2,8,-1,3,-1
2015120074926,1,9,0,5,0,4,0,0,0,0,1,1,2,2,27,6,1198,1,2,-1,2,-1
2015120074926,2,1,0,18,0,8,0,0,0,0,2,1,2,1,62,9,-1,-1,-1,-1,1,-1
2015120074970,1,9,0,12,0,0,0,0,1,11,1,1,1,2,28,6,2231,2,9,-1,1,-1
2015120074970,2,9,0,18,0,0,0,0,0,0,0,1,6,3,-1,-1,-1,-1,-1,-1,-1,-1
2015120075096,1,9,0,18,0,0,0,0,0,0,1,1,1,2,34,6,1753,2,12,-1,2,-1
2015120075096,2,9,0,4,0,0,0,0,0,0,2,1,6,2,34,6,1598,1,-1,-1,2,-1
2015120075219,1,9,0,2,0,0,0,0,0,0,3,1,6,2,79,11,-1,-1,-1,-1,-1,-1
2015120075337,1,9,0,9,0,8,5,0,0,0,1,1,2,1,53,8,-1,-1,-1,-1,3,-1
2015120075337,2,9,0,18,0,1,0,0,0,0,1,1,2,2,52,8,1390,1,6,-1,3,-1
2015120075488,1,2,0,17,0,0,1,0,1,0,4,1,6,1,19,4,124,1,1,-1,2,-1
2015120075741,1,9,0,18,0,1,0,0,0,0,1,1,6,2,35,6,1395,1,1,-1,1,-1
2015120075741,2,9,0,18,0,1,0,0,0,0,2,1,6,2,42,7,-1,-1,-1,-1,1,-1
2015120075798,1,1,0,18,0,1,0,0,0,0,1,1,6,1,43,7,-1,-1,-1,-1,1,-1
2015120075818,1,9,0,18,0,0,2,0,1,10,1,1,6,2,21,5,1242,1,-1,-1,3,-1
2015120076038,1,10,0,9,0,6,0,0,0,0,1,1,6,1,38,7,-1,-1,-1,-1,3,-1
2015120076038,2,1,0,18,0,2,1,0,0,0,1,1,6,2,38,7,-1,-1,-1,-1,1,-1
2015120076422,1,9,0,5,0,6,0,0,0,0,1,1,6,1,49,8,1499,2,-1,-1,3,-1
2015120076422,2,9,0,18,0,8,0,0,0,0,3,2,6,1,54,8,1951,2,12,-1,3,-1
2015120076666,1,9,0,18,0,1,0,0,0,0,1,1,6,1,26,6,1998,1,11,-1,1,-1
2015120076666,2,19,0,9,0,5,0,0,0,0,3,1,6,1,28,6,2477,2,3,-1,2,-1
2015120076911,1,9,0,9,0,8,0,0,0,0,3,1,6,1,58,9,1229,1,6,-1,3,-1
2015120076911,2,5,0,13,0,8,0,0,7,0,1,1,6,1,51,8,750,1,3,-1,1,-1
2015120076957,1,1,0,18,0,0,0,0,0,0,1,1,6,1,23,5,-1,-1,-1,-1,1,-1
2015120076957,2,9,0,2,0,0,0,0,0,0,2,1,6,1,40,7,-1,-1,-1,-1,1,-1
2015120076966,1,5,0,13,0,0,0,0,0,0,1,1,6,1,44,7,1450,1,9,-1,2,-1
2015120077035,1,1,0,18,0,0,0,10,0,0,1,1,6,1,41,7,-1,-1,-1,-1,3,-1
2015120077112,1,9,0,3,0,0,0,0,0,0,2,1,6,1,81,11,1422,2,7,-1,1,-1
2015120077112,2,1,0,18,0,0,0,0,0,0,1,1,6,1,50,8,-1,-1,-1,-1,-1,-1
2015120077236,1,1,0,9,9,0,0,0,0,0,1,1,6,1,37,7,-1,-1,-1,-1,-1,-1
2015120077236,2,1,0,18,9,0,0,0,0,0,1,1,6,1,-1,-1,-1,-1,-1,-1,-1,-1
2015120077349,1,11,0,18,0,1,0,0,0,0,0,1,1,1,38,7,9600,1,17,-1,3,-1
2015120077349,2,19,4,7,0,6,0,0,0,0,0,1,1,1,33,6,-1,-1,-1,-1,1,-1
2015120077443,1,19,0,18,0,0,5,0,1,11,1,1,2,2,17,4,-1,-1,-1,-1,3,-1
2015120077580,1,9,0,18,0,6,0,0,3,1,1,1,6,2,19,4,1999,1,11,-1,1,-1
2015120077852,1,9,0,9,0,1,0,0,0,0,4,1,1,1,55,8,-1,-1,-1,-1,1,-1
2015120077852,2,1,0,18,0,1,0,0,0,0,1,1,2,1,31,6,-1,-1,-1,-1,1,-1
2015120077853,1,9,0,8,0,1,0,0,0,0,1,1,6,1,55,8,2400,2,7,-1,3,-1
2015120077853,2,9,0,8,0,1,0,0,0,0,2,1,6,1,57,9,1896,2,8,-1,1,-1
2015120078218,1,9,0,15,0,0,0,0,0,0,4,1,6,2,-1,-1,-1,-1,-1,-1,-1,-1
2015120078218,2,9,0,2,0,0,0,0,0,0,3,1,6,1,42,7,1328,1,13,-1,2,-1
2015120078272,1,19,0,18,0,2,0,0,0,0,4,1,1,1,49,8,2198,2,4,-1,1,-1
2015120078272,2,9,0,7,0,2,0,0,0,0,1,1,6,2,40,7,-1,-1,-1,-1,-1,-1
2015120078331,1,9,0,18,0,1,0,0,0,0,1,1,6,2,76,11,1596,1,16,-1,2,-1
2015120078331,2,9,0,3,0,1,0,0,0,0,2,1,6,2,31,6,1364,1,-1,-1,1,-1
2015120078343,1,3,0,18,0,8,1,0,0,0,4,1,1,1,45,7,124,1,4,-1,1,-1
2015120078365,1,9,0,5,0,2,0,0,0,0,1,1,6,2,54,8,1198,1,1,-1,1,-1
2015120078365,2,9,0,3,0,2,0,0,0,0,2,1,6,2,40,7,1461,2,2,-1,2,-1
2015120078395,1,9,0,18,0,1,0,0,0,0,1,1,6,1,-1,-1,-1,-1,-1,-1,-1,-1
2015120078395,2,1,0,18,0,6,0,0,0,0,3,1,6,1,9,2,-1,-1,-1,-1,2,-1
2015120078401,1,9,0,9,0,1,0,0,0,0,1,1,1,2,41,7,1560,2,6,-1,1,-1
2015120078401,2,9,0,18,0,8,0,0,0,0,4,1,6,1,68,10,1493,2,8,-1,-1,-1
2015120078596,1,2,0,18,0,0,1,0,0,0,1,1,6,1,16,4,49,1,4,-1,2,-1
2015120078636,1,19,4,18,0,1,0,0,0,0,4,1,6,3,72,10,-1,-1,-1,-1,3,-1
2015120078636,2,1,0,18,0,1,0,0,0,0,3,1,6,1,44,7,-1,-1,-1,-1,3,-1
2015120078636,3,21,0,2,0,1,0,0,0,0,0,1,1,3,-1,-1,-1,-1,-1,-1,-1,-1
2015120078776,1,9,0,13,0,0,0,0,7,9,1,1,1,2,43,7,-1,-1,-1,-1,3,-1
2015120078776,2,9,0,9,0,0,0,0,0,0,1,1,6,2,46,8,2204,2,8,-1,3,-1
2015120078784,1,1,0,18,0,0,0,0,0,0,1,1,4,1,14,3,-1,-1,-1,-1,1,-1
2015120078784,2,9,0,3,0,0,0,0,0,0,2,1,2,1,34,6,2000,2,4,-1,2,-1
2015120078796,1,20,0,18,0,0,0,0,0,0,1,1,1,1,54,8,3920,2,8,-1,-1,-1
2015120078796,2,9,0,3,0,0,0,0,0,0,2,1,6,1,48,8,4398,1,16,-1,3,-1
2015120078850,1,9,0,5,0,8,0,0,1,10,4,1,1,2,52,8,1598,2,3,-1,3,-1
2015120078850,2,9,0,18,0,8,0,0,1,0,1,1,1,1,54,8,1896,2,13,-1,2,-1
2015120078962,1,19,0,18,0,8,0,0,0,0,4,1,1,1,30,6,2488,2,11,-1,2,-1
2015120078962,2,1,0,7,0,8,0,0,0,0,1,1,2,2,33,6,-1,-1,-1,-1,1,-1
2015120078999,1,19,0,9,0,8,0,0,0,0,2,1,6,2,66,10,2198,2,3,-1,3,-1
2015120078999,2,5,0,18,0,8,1,0,0,0,1,1,6,1,50,8,999,1,3,-1,3,-1
2015120079100,1,9,0,18,0,0,0,0,7,10,1,1,6,1,90,11,998,1,4,-1,2,-1
2015120079130,1,5,0,18,0,8,0,0,0,0,2,1,1,1,35,6,-1,-1,-1,-1,2,-1
2015120079130,2,9,0,9,0,6,0,0,0,0,3,1,6,1,66,10,1597,2,2,-1,-1,-1
2015120079173,1,9,0,3,0,1,0,0,0,0,1,1,6,2,20,4,1390,1,7,-1,3,-1
2015120079173,2,9,0,3,0,1,0,0,0,0,2,1,6,2,49,8,1598,1,3,-1,3,-1
2015120079378,1,9,0,18,0,0,2,10,0,0,0,1,6,1,19,4,1364,1,9,-1,1,-1
2015120079723,1,9,0,18,0,0,0,0,0,0,1,1,6,3,-1,-1,-1,-1,-1,-1,-1,-1
2015120079736,1,9,0,5,0,2,0,0,0,0,1,1,6,2,50,8,4196,1,10,-1,1,-1
2015120079736,2,1,0,9,0,8,0,0,0,0,4,1,2,1,33,6,-1,-1,-1,-1,1,-1
2015120079923,1,9,0,5,0,2,0,0,0,0,1,1,6,1,18,4,1229,1,2,-1,1,-1
2015120079923,2,1,0,18,0,1,0,0,0,0,4,1,6,2,40,7,-1,-1,-1,-1,1,-1
2015120080007,1,9,0,13,0,2,0,0,0,0,3,1,2,1,56,9,1398,1,-1,-1,1,-1
2015120080007,2,1,0,18,4,2,0,0,0,0,4,1,2,2,35,6,-1,-1,-1,-1,1,-1
2015120080200,1,9,0,18,0,1,0,0,0,0,1,1,6,2,62,9,1998,1,13,-1,2,-1
2015120080200,2,9,0,3,0,1,0,0,0,0,2,1,6,2,49,8,1587,1,10,-1,1,-1
2015120080200,3,9,0,10,0,1,0,0,0,0,2,1,6,2,44,7,1995,2,5,-1,1,-1
2015120080206,1,9,0,1,9,6,0,0,0,0,3,1,6,2,19,4,998,1,15,-1,3,-1
2015120080250,1,1,0,16,0,1,0,4,0,0,1,1,6,1,21,5,-1,-1,-1,-1,1,-1
2015120080250,2,9,0,2,0,1,0,0,0,0,2,1,6,2,29,6,1242,1,5,-1,1,-1
2015120080305,1,19,0,16,0,0,0,0,7,1,1,1,6,1,75,10,-1,-1,-1,-1,1,-1
2015120080305,2,9,0,17,0,0,0,0,1,1,1,1,1,1,51,8,1598,2,1,-1,2,-1
2015120080361,1,9,0,2,0,0,0,0,0,0,3,1,3,2,49,8,1086,1,8,-1,1,-1
2015120080361,2,9,0,14,0,0,0,4,0,0,3,1,3,2,48,8,1596,1,10,-1,1,-1
2015120080366,1,9,0,18,0,0,2,0,1,4,1,1,6,2,47,8,1199,1,13,-1,2,-1
2015120080383,1,9,0,5,0,8,1,0,1,4,4,2,6,1,64,9,-1,-1,-1,-1,-1,-1
2015120080383,2,9,0,18,0,8,1,0,1,0,1,1,6,1,50,8,1339,8,5,-1,1,-1
2015120080395,1,17,5,7,0,1,0,0,0,0,3,1,1,1,41,7,-1,2,1,-1,3,-1
2015120080395,2,9,0,18,0,1,0,0,0,0,1,1,2,2,40,7,1360,1,12,-1,-1,-1
2015120080564,1,1,0,18,0,0,0,0,8,11,1,1,6,1,50,8,-1,-1,-1,-1,1,-1
2015120080767,1,1,0,18,0,0,0,4,0,0,1,1,6,1,57,9,-1,-1,-1,-1,1,-1
2015120080767,2,9,0,2,0,0,0,0,0,0,1,1,6,1,58,9,1998,1,13,-1,1,-1
2015120080925,1,9,0,4,0,1,0,0,0,0,1,1,6,1,26,6,1984,1,9,-1,-1,-1
2015120080925,2,9,0,4,0,1,0,0,0,0,2,1,6,2,54,8,1360,1,8,-1,1,-1
2015120080925,3,9,0,7,0,5,0,0,0,0,0,1,6,1,40,7,1398,1,14,-1,-1,-1
2015120080927,1,19,0,18,0,6,0,0,0,0,1,2,6,1,49,8,-1,-1,-1,-1,-1,-1
2015120080927,2,9,0,18,0,1,0,0,0,0,3,1,6,1,84,11,1998,2,8,-1,1,-1
2015120081085,1,9,0,17,0,0,2,0,7,9,1,1,6,2,68,10,2401,2,10,-1,3,-1
2015120081287,1,9,0,9,0,6,0,0,0,0,3,1,6,2,58,9,1339,1,8,-1,3,-1
2015120081287,2,9,0,18,0,8,0,0,0,0,1,1,6,1,79,11,1997,2,5,-1,3,-1
2015120081292,1,19,0,18,0,0,0,0,0,0,4,1,1,1,19,4,2143,2,1,-1,1,-1
2015120081318,1,1,0,18,0,0,0,0,1,0,4,1,6,1,54,8,-1,-1,-1,-1,-1,-1
2015120081322,1,1,0,7,0,6,0,0,0,0,1,1,6,2,34,6,-1,-1,-1,-1,1,-1
2015120081322,2,11,0,18,0,8,0,0,0,0,4,1,1,1,52,8,11967,2,6,-1,1,-1
2015120081354,1,5,0,13,0,1,1,0,0,0,1,1,6,2,49,8,998,1,8,-1,1,-1
2015120081354,2,9,0,9,0,5,0,0,0,0,2,1,6,1,26,6,4367,2,4,-1,1,-1
2015120081362,1,5,0,18,0,1,1,0,0,0,0,1,6,1,58,9,998,1,16,-1,1,-1
2015120081362,2,9,0,9,0,6,0,0,0,0,0,1,6,1,51,8,1951,2,12,-1,1,-1
2015120081460,1,5,0,16,0,0,0,0,7,9,1,1,6,1,54,8,998,1,11,-1,1,-1
2015120081479,1,9,0,18,0,0,0,0,0,0,1,1,6,2,33,6,1560,2,2,-1,3,-1
2015120081479,2,9,0,3,0,0,0,0,0,0,1,1,6,1,40,7,1999,1,5,-1,2,-1
2015120081534,1,5,0,16,0,0,0,0,0,0,3,1,6,1,60,9,2294,1,10,-1,3,-1
2015120081579,1,5,0,16,0,0,0,10,1,10,4,1,6,1,18,4,124,1,4,-1,2,-1
2015120081622,1,5,0,18,0,2,0,12,0,0,4,1,6,1,51,8,865,1,8,-1,2,-1
2015120081625,1,19,0,18,0,1,0,0,0,0,1,1,6,1,26,6,-1,-1,-1,-1,3,-1
2015120081625,2,9,0,10,0,1,0,0,0,0,2,1,6,2,80,11,999,1,-1,-1,2,-1
2015120081968,1,9,0,4,0,1,0,0,0,0,1,1,6,2,25,5,-1,-1,-1,-1,2,-1
2015120081968,2,9,0,8,0,1,0,0,0,0,2,1,6,2,18,4,1560,2,3,-1,3,-1
2015120082188,1,9,0,18,0,1,0,0,1,0,3,1,1,1,36,7,1229,1,-1,-1,3,-1
2015120082188,2,21,1,18,0,1,1,0,7,9,3,1,1,1,44,7,16400,2,-1,-1,1,-1
2015120082188,3,9,0,18,0,1,0,0,0,0,1,1,1,2,33,6,1956,2,6,-1,2,-1
2015120082188,4,9,0,18,0,1,0,0,0,0,3,1,1,1,34,6,1798,1,12,-1,2,-1
2015120082219,1,9,0,4,0,0,0,0,0,0,2,1,6,2,50,8,998,1,1,-1,1,-1
2015120082219,2,1,0,18,0,0,0,0,0,0,1,1,6,1,15,3,-1,-1,-1,-1,1,-1
2015120082344,1,9,0,18,0,0,1,0,0,0,1,1,6,1,18,4,1596,1,12,-1,1,-1
2015120082344,2,9,0,2,0,0,0,0,0,0,2,1,6,1,43,7,1956,2,5,-1,1,-1
2015120082420,1,9,0,18,0,0,0,0,0,0,1,1,6,2,40,7,1598,1,10,-1,3,-1
2015120082420,2,9,0,18,0,0,0,0,0,0,1,1,6,1,24,5,1124,1,12,-1,3,-1
2015120082473,1,11,0,18,0,0,0,0,0,0,0,1,1,1,47,8,4250,2,12,-1,3,-1
2015120082473,2,9,0,18,0,0,0,0,0,0,0,1,1,2,27,6,1560,2,4,-1,3,-1
2015120082631,1,9,0,3,0,1,0,0,0,0,1,1,6,1,35,6,1596,1,13,-1,2,-1
2015120082631,2,9,0,18,0,1,0,0,0,0,2,1,6,2,37,7,1896,2,9,-1,1,-1
2015120082789,1,9,0,6,0,0,0,0,0,0,3,1,2,1,21,5,-1,-1,-1,-1,2,-1
2015120082789,2,4,0,14,0,0,0,0,0,0,1,1,2,1,30,6,244,1,6,-1,1,-1
2015120082807,1,9,0,18,0,0,1,0,0,0,1,1,6,2,27,6,1910,2,9,-1,1,-1
2015120082807,2,9,0,18,0,0,0,0,0,0,1,1,6,1,71,10,2143,2,-1,-1,3,-1
2015120082812,1,9,0,18,0,1,0,0,0,0,1,1,6,1,-1,-1,-1,-1,-1,-1,-1,-1
2015120082812,2,9,0,9,0,1,0,0,0,0,2,1,1,1,45,7,1248,2,8,-1,1,-1
2015120082933,1,9,0,5,0,2,0,0,0,0,1,1,6,1,17,4,1242,1,10,-1,1,-1
2015120082933,2,1,0,18,0,2,0,0,0,0,3,1,6,1,39,7,-1,-1,-1,-1,1,-1
2015120083036,1,9,0,9,0,1,0,0,0,0,1,1,6,1,55,8,-1,-1,-1,-1,1,-1
2015120083036,2,1,0,9,0,1,0,0,0,0,1,1,4,1,13,3,-1,-1,-1,-1,1,-1
2015120083037,1,9,0,17,0,0,0,0,0,0,1,1,1,2,35,6,1968,2,3,-1,3,-1
2015120083037,2,2,0,16,0,0,0,0,0,0,1,1,6,1,17,4,49,1,4,-1,1,-1
2015120083099,1,9,0,18,0,0,0,0,1,11,1,1,1,2,27,6,2143,2,4,-1,2,-1
2015120083286,1,19,0,9,0,8,0,0,0,0,0,1,6,3,-1,-1,-1,-1,-1,-1,-1,-1
2015120083286,2,9,0,3,0,8,0,0,0,0,2,1,6,2,21,5,1493,2,5,-1,1,-1
2015120083286,3,9,0,3,0,8,0,0,0,0,1,1,6,1,71,10,1248,2,11,-1,1,-1
2015120083286,4,5,0,18,0,8,0,0,0,0,1,1,6,1,44,7,1300,1,-1,-1,1,-1
2015120083373,1,3,0,18,0,0,0,0,0,0,3,1,6,1,18,4,124,1,1,-1,3,-1
2015120083373,2,19,0,18,0,0,0,0,0,0,3,1,6,3,41,7,2402,2,14,-1,1,-1
2015120083476,1,9,0,13,0,8,0,0,0,0,2,1,6,1,64,9,1598,1,5,-1,3,-1
2015120083476,2,90,0,18,0,8,5,0,0,0,0,1,6,1,21,5,-1,-1,-1,-1,3,-1
2015120083696,1,9,0,18,0,8,0,0,0,0,1,1,6,2,43,7,1686,2,2,-1,3,-1
2015120083696,2,9,0,18,0,8,5,0,0,0,3,1,6,1,44,7,2495,2,12,-1,3,-1
2015120084040,1,2,0,7,0,1,0,0,0,0,4,1,4,2,16,4,49,1,-1,-1,1,-1
2015120084040,2,9,0,9,0,1,0,0,0,0,3,1,6,1,-1,-1,-1,-1,-1,-1,-1,-1
2015120084062,1,9,0,16,0,0,0,0,0,0,0,1,6,1,52,8,-1,-1,-1,-1,2,-1
2015120084062,2,19,0,17,0,0,0,0,0,0,0,1,6,1,52,8,-1,-1,-1,-1,2,-1
2015120084124,1,9,0,9,0,6,0,0,0,11,1,1,6,2,63,9,2995,1,1,-1,-1,-1
2015120084124,2,9,3,18,0,8,5,0,7,3,4,1,6,1,54,8,1997,2,2,-1,1,-1
2015120084256,1,9,0,18,0,4,0,0,0,0,1,1,1,2,57,9,2231,2,10,-1,2,-1
2015120084256,2,3,0,9,0,8,0,0,0,0,4,1,1,1,32,6,124,1,2,-1,2,-1
2015120084277,1,9,0,18,0,8,0,0,0,0,3,1,6,3,-1,-1,-1,-1,-1,-1,-1,-1
2015120084673,1,4,0,14,0,1,0,0,0,0,4,1,6,2,37,7,-1,-1,-1,-1,1,-1
2015120084673,2,9,0,9,0,8,0,0,0,0,1,2,6,2,49,8,-1,-1,-1,-1,1,-1
2015120084738,1,98,0,18,0,0,0,0,0,0,4,1,6,3,-1,-1,-1,-1,-1,-1,-1,-1
2015120085064,1,9,0,4,0,1,0,0,0,0,2,1,2,2,64,9,1968,2,2,-1,1,-1
2015120085064,2,9,0,5,0,1,0,0,0,0,1,1,2,2,30,6,1396,1,13,-1,1,-1
2015120085105,1,5,0,17,0,0,1,0,2,11,1,1,6,1,41,7,998,1,11,-1,1,-1
2015120085129,1,9,0,18,0,0,0,0,0,0,1,1,6,1,36,7,1910,2,7,-1,1,-1
2015120085129,2,9,0,18,0,0,0,0,0,0,1,1,6,1,32,6,1461,2,9,-1,1,-1
2015120085129,3,9,0,18,0,0,1,0,0,0,2,1,6,2,53,8,1242,1,1,-1,3,-1
2015120085324,1,5,0,13,0,0,0,0,0,0,3,1,6,1,27,6,675,1,2,-1,1,-1
2015120085324,2,9,0,18,0,0,0,0,0,0,3,1,2,1,23,5,1896,2,10,-1,1,-1
2015120085329,1,9,0,16,0,0,0,0,8,7,3,1,6,1,90,11,1124,1,8,-1,2,-1
2015120085423,1,5,0,16,0,1,0,0,0,0,1,1,6,1,37,7,998,1,14,-1,1,-1
2015120085423,2,9,0,17,0,1,0,0,0,0,1,1,6,1,74,10,1598,1,6,-1,1,-1
2015120085643,1,8,0,4,0,0,0,0,0,0,1,1,1,1,26,6,1686,2,5,-1,1,-1
2015120085643,2,9,0,3,0,0,0,0,0,0,2,1,6,2,35,6,1242,1,-1,-1,3,-1
2015120085963,1,9,0,18,0,0,1,0,1,6,4,1,2,1,28,6,2720,2,9,-1,1,-1
2015120086039,1,9,0,18,0,0,0,0,0,0,1,1,6,1,18,4,1199,1,11,-1,3,-1
2015120086039,2,1,0,18,0,0,0,0,0,0,2,1,6,1,32,6,-1,-1,-1,-1,3,-1