Accident_Index,Vehicle_Reference,Vehicle_Type,Towing_and_Articulation,Vehicle_Manoeuvre,Vehicle_Location-Restricted_Lane,Junction_Location,Skidding_and_Overturning,Hit_Object_in_Carriageway,Vehicle_Leaving_Carriageway,Hit_Object_off_Carriageway,1st_Point_of_Impact,Was_Vehicle_Left_Hand_Drive?,Journey_Purpose_of_Driver,Sex_of_Driver,Age_of_Driver,Age_Band_of_Driver,Engine_Capacity_(CC),Propulsion_Code,Age_of_Vehicle,Driver_IMD_Decile,Driver_Home_Area_Type,Vehicle_IMD_Decile
2015120159500,1,1,0,9,0,8,0,0,0,0,2,1,6,2,25,5,-1,-1,-1,-1,1,-1
2015120159500,2,4,0,18,0,8,0,0,0,0,1,1,6,1,25,5,123,1,1,-1,-1,-1
2015120159727,1,9,0,18,0,8,0,0,0,0,1,1,6,1,54,8,1975,1,13,-1,2,-1
2015120159727,2,1,0,5,0,8,0,0,0,0,1,1,6,1,11,3,-1,-1,-1,-1,1,-1
2015120159775,1,19,0,17,0,0,0,0,0,0,0,1,6,3,-1,-1,-1,-1,-1,-1,-1,-1
2015120159775,2,2,0,18,0,0,1,10,1,9,1,1,6,1,16,4,49,1,6,-1,2,-1
2015120160027,1,19,0,18,0,0,0,0,0,0,3,1,6,1,45,7,3198,2,-1,-1,-1,-1
2015120160027,2,9,0,18,0,0,0,0,2,2,3,1,6,1,26,6,2179,2,4,-1,3,-1
2015120160339,1,19,0,18,6,0,0,0,0,0,1,1,1,1,51,8,2295,7,13,-1,1,-1
2015120160339,2,19,0,2,6,0,0,0,1,7,2,1,1,1,57,9,2300,2,10,-1,1,-1
2015120160376,1,9,0,14,0,0,0,0,0,0,1,1,2,2,24,5,1124,1,12,-1,1,-1
2015120160376,2,11,0,2,0,0,0,0,0,0,0,1,1,1,56,9,-1,-1,-1,-1,1,-1
2015120160404,1,9,0,9,0,5,0,0,7,0,3,1,6,1,31,6,1753,2,8,-1,2,-1
2015120160404,2,4,0,13,0,1,0,0,7,0,1,1,2,1,48,8,124,1,18,-1,2,-1
2015120160620,1,9,0,13,0,0,0,0,0,0,1,1,6,1,20,4,1968,2,4,-1,2,-1
2015120160620,2,9,0,18,0,0,0,0,0,0,1,1,6,2,43,7,1968,2,-1,-1,3,-1
2015120160620,3,19,0,18,0,0,0,0,0,0,1,1,6,2,43,7,2477,2,10,-1,3,-1
2015120160620,4,90,0,18,0,0,0,0,0,0,3,1,6,1,22,5,-1,-1,-1,-1,-1,-1
2015120160853,1,5,0,17,0,0,0,0,0,0,1,1,6,1,31,6,599,1,4,-1,3,-1
2015120160979,1,9,0,18,0,0,0,0,0,0,4,1,6,1,55,8,2179,2,3,-1,3,-1
2015120160984,1,19,0,18,0,1,0,0,0,0,1,1,6,1,45,7,1248,2,-1,-1,2,-1
2015120160984,2,9,0,18,0,1,0,0,0,0,2,1,6,1,37,7,998,1,13,-1,1,-1
2015120160984,3,9,0,18,0,1,0,0,0,0,2,1,6,2,18,4,-1,-1,-1,-1,2,-1
2015120160997,1,9,0,4,0,1,0,0,0,0,2,1,6,2,32,6,1398,2,4,-1,1,-1
2015120160997,2,9,0,4,0,1,0,0,0,0,1,1,6,1,51,8,1984,1,3,-1,2,-1
2015120161004,1,9,0,18,0,0,0,0,1,4,1,1,6,2,19,4,1598,1,12,-1,2,-1
2015120161044,1,9,0,18,0,0,0,0,0,0,1,1,6,1,50,8,1596,1,13,-1,1,-1
2015120161044,2,9,0,18,0,0,0,0,0,0,2,1,6,2,20,4,1248,2,7,-1,1,-1
2015120161144,1,9,0,13,0,0,0,0,0,0,1,1,6,1,21,5,1597,1,24,-1,1,-1
2015120161144,2,9,0,18,0,0,0,0,0,0,1,1,6,1,47,8,1388,1,2,-1,1,-1
2015120161404,1,9,0,16,0,0,2,7,2,4,1,1,6,1,20,4,1360,1,14,-1,1,-1
2015120161434,1,9,0,18,0,0,2,0,7,9,1,1,6,1,22,5,1248,2,6,-1,3,-1
2015120161490,1,11,0,18,0,0,0,0,0,0,1,1,1,1,74,10,6700,2,14,-1,1,-1
2015120161490,2,1,0,18,0,0,0,0,0,0,3,1,6,1,53,8,-1,-1,-1,-1,1,-1
2015120161558,1,1,0,18,0,2,0,0,0,0,1,1,6,1,40,7,-1,-1,-1,-1,1,-1
2015120161605,1,9,0,18,0,6,0,0,0,0,4,1,6,1,58,9,1299,1,16,-1,1,-1
2015120161605,2,5,0,18,0,8,1,0,0,0,1,1,6,1,61,9,996,1,18,-1,3,-1
2015120161613,1,5,0,18,0,1,0,0,0,0,1,1,6,1,46,8,998,1,8,-1,1,-1
2015120161613,2,9,0,9,0,1,0,0,7,0,2,1,6,1,42,7,1587,1,11,-1,1,-1
2015120161687,1,9,0,18,0,0,0,0,7,11,1,1,6,1,68,10,2993,2,2,-1,3,-1
2015120161743,1,5,0,7,0,3,0,0,0,0,4,1,6,1,52,8,996,1,15,-1,1,-1
2015120161743,2,9,0,18,0,8,0,0,0,0,1,1,1,1,46,8,1995,2,8,-1,1,-1
2015120161805,1,11,0,18,2,2,0,0,0,0,0,1,6,1,64,9,9360,2,7,-1,2,-1
2015120161805,2,9,0,11,2,2,0,0,0,0,0,1,6,1,62,9,1799,1,8,-1,-1,-1
2015120161851,1,19,0,9,0,5,0,0,0,0,3,1,1,1,31,6,1598,2,1,-1,1,-1
2015120161851,2,5,0,18,0,1,0,0,0,0,1,1,6,1,52,8,1352,1,6,-1,1,-1
2015120162212,1,9,0,7,0,6,0,0,0,0,1,1,6,1,61,9,3050,2,21,-1,1,-1
2015120162327,1,9,0,18,0,0,0,0,0,10,1,1,6,1,18,4,1560,2,10,-1,3,-1
2015120162397,1,1,0,18,0,0,0,0,0,0,3,1,6,2,9,2,-1,-1,-1,-1,2,-1
2015120162397,2,9,0,13,0,0,0,0,0,0,4,1,6,3,-1,-1,-1,-1,-1,-1,-1,-1
2015120162596,1,9,0,17,0,0,2,0,7,0,3,1,2,1,22,5,998,1,12,-1,3,-1
2015120162629,1,9,0,17,0,0,0,0,1,4,1,1,1,2,53,8,1390,1,9,-1,2,-1
2015120162797,1,9,0,18,0,1,0,0,0,0,1,1,6,3,-1,-1,-1,-1,-1,-1,-1,-1
2015120162797,2,8,0,2,0,1,0,0,0,0,4,1,1,1,38,7,1968,2,4,-1,1,-1
2015120162823,1,11,0,2,0,0,0,0,0,0,0,1,1,1,56,9,-1,-1,-1,-1,1,-1
2015120162824,1,9,0,5,0,8,0,0,0,0,3,1,6,1,30,6,998,1,6,-1,3,-1
2015120162824,2,9,0,18,0,1,0,0,0,0,4,1,6,2,28,6,1396,1,12,-1,1,-1
2015120162878,1,9,0,16,0,0,1,0,0,7,3,1,6,1,25,5,4966,1,10,-1,2,-1
2015120163107,1,2,0,13,0,1,0,0,0,0,1,1,6,1,16,4,49,1,12,-1,1,-1
2015120163107,2,9,0,9,0,5,0,0,0,0,3,1,6,2,67,10,1399,2,6,-1,1,-1
2015120163582,1,9,0,9,0,1,0,0,0,0,1,1,6,2,69,10,1149,1,12,-1,1,-1
2015120163582,2,9,0,18,0,1,1,4,0,0,1,1,6,2,45,7,1397,1,13,-1,1,-1
2015120163582,3,9,0,2,0,2,0,0,0,0,1,1,6,1,24,5,1396,1,12,-1,-1,-1
2015120163694,1,19,0,18,0,0,0,0,0,0,4,1,1,1,61,9,2402,2,8,-1,3,-1
2015120163695,1,9,0,5,0,5,0,0,0,0,1,1,6,1,31,6,1598,1,-1,-1,1,-1
2015120163749,1,9,0,18,0,0,1,0,1,11,3,1,6,2,22,5,1560,2,5,-1,2,-1
2015120163776,1,1,0,7,0,6,1,0,0,0,1,1,6,1,14,3,-1,-1,-1,-1,1,-1
2015120163776,2,8,0,18,0,1,0,0,0,0,2,1,1,1,66,10,1753,2,5,-1,1,-1
2015120163980,1,9,0,17,0,0,0,0,2,4,1,1,6,2,18,4,1124,1,7,-1,1,-1
2015120164065,1,2,0,13,0,1,0,0,0,0,3,1,6,1,17,4,49,1,-1,-1,3,-1
2015120164065,2,2,0,13,0,1,0,0,0,0,3,1,6,1,17,4,49,1,-1,-1,-1,-1
2015120164065,3,9,0,5,0,7,0,0,0,0,1,1,6,1,-1,-1,1229,1,8,-1,-1,-1
2015120164122,1,9,0,18,0,2,0,0,0,0,4,1,2,1,65,9,1997,2,12,-1,1,-1
2015120164122,2,1,0,18,0,2,0,0,0,0,3,1,2,2,29,6,-1,-1,-1,-1,1,-1
2015120164147,1,9,0,18,0,1,0,0,0,0,2,1,6,2,35,6,-1,-1,-1,-1,2,-1
2015120164147,2,9,0,10,0,1,0,0,0,0,1,1,6,2,27,6,1198,1,1,-1,2,-1
2015120164271,1,5,0,17,0,0,1,0,0,0,3,1,6,3,50,8,1157,1,12,-1,1,-1
2015120164292,1,9,0,18,0,1,0,0,0,0,4,1,6,3,-1,-1,-1,-1,-1,-1,-1,-1
2015120164337,1,9,0,18,0,0,0,0,0,0,3,1,6,2,17,4,1199,1,15,-1,2,-1
2015120164337,2,1,0,5,0,0,0,0,0,0,1,1,6,1,7,2,-1,-1,-1,-1,2,-1
2015120164924,1,9,0,18,0,2,0,0,0,0,1,1,6,1,41,7,1598,2,-1,-1,1,-1
2015120164924,2,9,0,18,0,1,0,0,0,0,1,1,6,1,70,10,1997,2,1,-1,2,-1
2015120165108,1,9,0,18,0,1,0,0,0,0,1,1,6,3,-1,-1,-1,-1,-1,-1,-1,-1
2015120165108,2,9,0,18,0,1,0,0,0,0,0,1,1,3,-1,-1,-1,-1,-1,-1,-1,-1
2015120165108,3,1,0,18,0,1,0,0,0,0,4,1,4,1,16,4,-1,-1,-1,-1,1,-1
2015120165245,1,9,0,18,0,1,0,0,4,0,1,1,6,2,19,4,1900,2,9,-1,3,-1
2015120165245,2,9,0,9,0,1,0,0,0,1,3,1,6,1,51,8,1560,2,2,-1,3,-1
2015120165476,1,17,0,1,0,0,0,0,0,0,0,1,1,1,54,8,-1,2,9,-1,3,-1
2015120165476,2,4,0,16,0,0,0,0,7,10,0,1,2,1,60,9,398,1,9,-1,1,-1
2015120165517,1,9,0,15,0,8,0,0,0,0,3,1,6,1,78,11,898,1,1,-1,1,-1
2015120165517,2,1,0,7,0,3,0,0,0,0,4,1,6,2,72,10,-1,-1,-1,-1,1,-1
2015120165588,1,1,0,16,0,0,1,0,0,0,3,1,6,1,41,7,-1,-1,-1,-1,2,-1
2015120165642,1,9,0,5,0,4,0,0,0,0,4,1,6,1,63,9,2179,2,8,-1,1,-1
2015120165642,2,1,0,15,0,4,0,0,0,0,3,1,2,1,55,8,-1,-1,-1,-1,1,-1
2015120165675,1,4,0,16,0,0,0,0,0,0,0,1,6,1,47,8,350,1,20,-1,1,-1
2015120165719,1,5,0,18,0,0,1,0,0,0,3,1,6,1,46,8,999,1,4,-1,1,-1
2015120165719,2,9,0,4,0,0,0,0,0,0,0,1,6,1,41,7,1199,1,1,-1,3,-1
2015120165737,1,9,0,18,0,0,0,0,0,0,3,1,6,1,71,10,1997,2,2,-1,2,-1
2015120165737,2,9,0,18,0,0,0,0,5,6,4,1,1,2,30,6,1596,1,1,-1,1,-1
2015120165817,1,9,0,7,0,6,0,0,0,0,1,1,2,1,17,4,998,1,13,-1,3,-1
2015120165817,2,1,0,18,0,6,0,0,0,0,3,1,6,2,42,7,-1,-1,-1,-1,3,-1
2015120165839,1,9,0,18,0,1,0,0,0,0,4,1,6,1,51,8,2400,2,2,-1,2,-1
2015120165862,1,9,0,9,0,8,0,0,0,0,4,1,2,1,69,10,1998,1,2,-1,1,-1
2015120165862,2,5,0,18,0,1,0,0,0,0,1,1,6,1,33,6,675,1,8,-1,1,-1
2015120165890,1,1,0,18,0,0,0,0,0,0,0,1,6,1,44,7,-1,-1,-1,-1,1,-1
2015120165940,1,9,0,8,0,1,0,0,0,0,2,1,6,1,41,7,1242,1,12,-1,1,-1
2015120165940,2,9,0,8,0,1,0,0,0,0,1,1,6,1,22,5,1229,1,9,-1,3,-1
2015120165961,1,5,0,17,0,0,0,0,1,11,4,1,6,1,24,5,599,1,2,-1,1,-1
2015120166209,1,8,0,18,0,0,0,0,0,0,1,1,1,1,36,7,1896,2,8,-1,3,-1
2015120166209,2,9,0,18,0,0,0,0,1,0,1,1,6,1,66,10,1998,1,-1,-1,2,-1
2015120166229,1,9,0,16,0,0,0,0,0,0,1,1,2,1,63,9,1968,2,-1,-1,3,-1
2015120166229,2,1,0,17,0,0,0,0,0,0,1,1,6,1,14,3,-1,-1,-1,-1,3,-1
2015120166238,1,9,0,17,0,0,1,0,7,0,1,1,2,1,26,6,1198,1,6,-1,3,-1
2015120166408,1,4,0,13,0,0,1,0,0,0,4,1,6,1,32,6,499,1,14,-1,1,-1
2015120166412,1,4,0,18,0,0,0,0,2,10,1,1,6,1,80,11,493,1,35,-1,1,-1
2015120166412,2,4,0,18,0,0,0,0,0,0,1,1,6,1,47,8,498,1,18,-1,1,-1
2015120166450,1,5,0,14,0,1,0,0,0,0,1,1,6,1,57,9,-1,-1,-1,-1,2,-1
2015120166450,2,9,0,9,0,6,0,0,0,0,3,1,6,2,74,10,1753,2,13,-1,-1,-1
2015120166450,3,9,0,4,0,1,0,0,0,0,0,1,6,1,70,10,1560,2,7,-1,1,-1
2015120166553,1,9,0,9,0,6,0,0,0,0,1,1,6,1,28,6,1598,1,-1,-1,3,-1
2015120166553,2,9,0,18,0,1,2,0,1,5,4,1,6,1,51,8,2495,2,20,-1,1,-1
2015120166553,3,9,0,18,0,1,0,0,0,0,0,1,6,3,-1,-1,-1,-1,-1,-1,-1,-1
2015120166598,1,19,0,9,0,8,0,0,1,2,1,1,6,1,27,6,-1,-1,-1,-1,1,-1
2015120166821,1,9,0,9,0,1,0,0,0,0,3,1,6,1,20,4,1368,1,4,-1,1,-1
2015120166821,2,9,0,18,0,1,0,0,0,0,4,1,6,2,28,6,1560,2,1,-1,1,-1
2015120166915,1,3,0,17,0,0,0,0,0,0,0,1,6,1,25,5,125,1,1,-1,1,-1
2015120167050,1,9,0,18,0,2,1,0,0,0,4,1,6,1,29,6,1896,2,13,-1,2,-1
2015120167050,2,22,0,18,0,6,0,0,0,0,1,1,6,2,88,11,-1,-1,-1,-1,1,-1
2015120167128,1,11,0,18,0,4,0,0,0,0,0,1,3,1,43,7,9600,2,19,-1,1,-1
2015120167128,2,9,0,18,0,4,0,0,0,0,0,1,6,3,-1,-1,-1,-1,-1,-1,-1,-1
2015120167144,1,9,0,9,6,6,0,12,0,0,3,1,6,1,35,6,-1,-1,-1,-1,1,-1
2015120167205,1,9,0,18,0,8,0,0,0,0,2,1,6,2,21,5,1364,1,-1,-1,1,-1
2015120167205,2,9,0,18,0,8,0,0,0,0,1,1,6,3,-1,-1,-1,-1,-1,-1,-1,-1
2015120167458,1,9,0,18,0,8,0,0,7,1,4,1,6,2,70,10,1560,2,8,-1,-1,-1
2015120167458,2,9,0,18,0,6,0,0,0,0,1,1,6,1,21,5,1388,1,13,-1,1,-1
2015120167581,1,9,0,9,0,5,0,0,0,0,1,1,6,1,54,8,2143,2,2,-1,1,-1
2015120167581,2,9,0,18,0,8,0,0,0,0,3,1,6,1,85,11,1560,2,3,-1,3,-1
2015120167717,1,9,0,4,0,0,0,0,0,0,2,1,6,2,51,8,1461,2,1,-1,3,-1
2015120167717,2,4,0,18,0,0,0,0,0,0,1,1,6,1,46,8,200,1,45,-1,1,-1
2015120167799,1,9,0,9,0,8,0,0,0,0,3,1,4,1,34,6,1956,2,2,-1,3,-1
2015120167799,2,1,0,18,0,8,0,0,0,0,2,1,1,1,30,6,-1,-1,-1,-1,3,-1
2015120167897,1,2,0,18,0,1,0,0,0,0,1,1,6,1,17,4,49,1,1,-1,1,-1
2015120167897,2,1,0,9,0,1,0,0,0,0,3,1,6,3,-1,-1,-1,-1,-1,-1,-1,-1
2015120168110,1,4,0,18,0,8,0,0,0,0,1,1,1,1,24,5,645,1,13,-1,1,-1
2015120168110,2,9,0,5,0,6,0,0,0,0,1,1,1,1,41,7,1493,1,18,-1,1,-1
2015120168303,1,9,0,18,0,0,0,0,0,0,0,1,6,3,-1,-1,-1,-1,-1,-1,-1,-1
2015120168303,2,9,0,18,0,0,0,0,1,0,0,1,6,2,47,8,1360,1,4,-1,1,-1
2015120168419,1,9,0,18,0,0,0,0,0,0,1,1,6,1,50,8,1598,1,2,-1,1,-1
2015120168513,1,19,0,18,0,1,5,10,7,0,1,1,6,1,27,6,2300,2,11,-1,1,-1
2015120168575,1,10,0,18,0,0,0,0,0,0,4,1,6,1,55,8,-1,-1,-1,-1,2,-1
2015120168601,1,9,0,18,0,2,0,0,1,9,1,1,6,2,18,4,1360,1,12,-1,1,-1
2015120168644,1,3,0,18,0,0,1,12,0,0,1,1,2,1,49,8,-1,-1,-1,-1,1,-1
2015120168731,1,9,0,4,0,0,0,0,0,0,2,1,1,1,27,6,1461,2,5,-1,1,-1
2015120168731,2,19,0,4,0,0,0,0,0,0,1,1,2,2,22,5,2198,2,4,-1,1,-1
2015120168869,1,3,0,13,0,1,1,0,7,0,0,1,6,1,27,6,114,1,1,-1,1,-1
2015120169068,1,9,0,14,0,0,0,0,0,0,1,1,6,2,69,10,2495,2,24,-1,3,-1
2015120169068,2,11,0,2,0,0,0,0,0,0,0,1,1,1,62,9,14618,2,18,-1,3,-1
2015120169175,1,9,0,5,0,0,0,0,0,0,1,1,6,1,67,10,1461,2,3,-1,2,-1
2015120169243,1,9,0,18,0,8,0,0,0,0,1,1,6,1,22,5,1997,1,13,-1,2,-1
2015120169243,2,9,0,2,0,1,0,0,1,0,2,1,6,3,-1,-1,1368,1,8,-1,1,-1
2015120169243,3,9,0,2,0,1,0,0,0,0,2,1,6,3,-1,-1,1248,1,4,-1,1,-1
2015120169364,1,19,0,13,0,0,1,0,0,0,3,1,1,1,26,6,2198,2,2,-1,1,-1
2015120169364,2,19,4,18,0,0,4,0,6,6,4,1,1,1,58,9,2287,2,6,-1,-1,-1
2015120169518,1,9,0,9,0,6,0,0,0,0,3,1,6,2,70,10,-1,-1,-1,-1,3,-1
2015120169518,2,21,0,17,0,8,0,0,0,0,4,1,1,1,55,8,-1,-1,-1,-1,1,-1
2015120169533,1,9,0,9,0,6,0,0,0,0,3,1,6,2,60,9,1995,2,4,-1,1,-1
2015120169533,2,1,0,18,4,1,0,0,0,0,1,1,2,2,47,8,-1,-1,-1,-1,1,-1
2015120169639,1,9,0,18,0,1,0,0,0,0,1,1,6,1,31,6,1598,1,12,-1,1,-1
2015120169639,2,9,0,10,0,5,0,0,0,0,2,1,6,2,55,8,1197,1,-1,-1,1,-1
2015120169639,3,11,0,18,0,1,0,0,0,0,0,1,1,1,58,9,4461,2,2,-1,1,-1
2015120169691,1,2,0,18,0,0,1,0,0,0,1,1,6,1,19,4,49,1,6,-1,2,-1
2015120169696,1,19,0,14,0,0,0,0,0,0,3,1,2,1,49,8,2477,2,-1,-1,3,-1
2015120169836,1,9,0,14,0,0,0,0,0,0,3,1,6,2,46,8,1360,1,7,-1,2,-1
2015120170283,1,19,0,18,0,0,0,0,0,0,1,1,1,1,44,7,2402,2,12,-1,1,-1
2015120170409,1,9,0,18,0,1,0,0,0,0,1,1,6,1,53,8,1360,1,9,-1,1,-1
2015120170525,1,5,0,16,0,0,0,0,8,10,1,1,6,1,42,7,955,1,16,-1,1,-1
2015120170525,2,9,0,17,0,0,0,0,0,0,1,1,6,1,67,10,-1,-1,-1,-1,2,-1
2015120170613,1,9,0,18,0,0,0,0,0,0,0,1,6,1,74,10,-1,-1,-1,-1,1,-1
2015120170613,2,9,0,18,0,0,2,0,1,9,0,1,6,1,59,9,-1,-1,-1,-1,3,-1
2015120171075,1,9,0,13,0,0,1,0,0,0,3,1,6,1,25,5,1840,1,13,-1,1,-1
2015120171075,2,9,0,18,0,0,0,0,1,0,3,1,6,1,72,10,1598,2,1,-1,1,-1
2015120171075,3,9,0,18,0,0,0,0,0,0,0,1,6,1,63,9,5000,1,2,-1,1,-1
2015120171432,1,9,0,7,4,5,0,0,0,0,4,1,2,1,44,7,1896,2,8,-1,1,-1
2015120171432,2,1,0,15,4,1,0,0,0,0,3,1,4,1,16,4,-1,-1,-1,-1,3,-1
2015120171714,1,9,0,6,0,0,0,0,0,0,3,1,1,1,44,7,1124,1,12,-1,1,-1
2015120171714,2,3,0,18,0,0,0,0,0,0,1,1,2,1,46,8,124,1,11,-1,1,-1
2015120171809,1,9,0,18,0,0,2,0,1,4,4,1,6,1,17,4,1497,1,13,-1,3,-1
2015120171809,2,9,0,18,0,0,0,0,0,0,0,1,6,1,70,10,1560,2,4,-1,2,-1
2015120171971,1,21,0,15,0,0,0,0,0,0,4,1,1,1,56,9,12740,2,3,-1,1,-1
2015120171971,2,1,0,18,0,0,0,0,0,0,3,1,2,1,61,9,-1,-1,-1,-1,1,-1
2015120172031,1,9,0,9,0,1,0,0,0,0,3,1,2,1,32,6,1582,2,-1,-1,1,-1
2015120172031,2,9,0,18,0,1,0,0,0,0,4,1,2,1,40,7,1997,2,9,-1,1,-1
2015120172423,1,9,0,9,0,5,0,0,0,0,1,1,6,1,43,7,1461,2,9,-1,1,-1
2015120172423,2,1,0,18,4,1,0,0,0,0,3,1,6,1,65,9,-1,-1,-1,-1,1,-1
2015120172433,1,9,0,18,0,0,0,0,0,0,1,1,6,2,47,8,1299,1,14,-1,1,-1
2015120172638,1,9,0,13,0,0,0,0,1,0,0,1,1,1,25,5,2387,2,13,-1,1,-1
2015120172692,1,1,0,9,0,1,0,0,0,0,0,1,1,1,22,5,-1,-1,-1,-1,2,-1
2015120172692,2,11,0,18,0,1,0,0,0,0,4,1,1,1,29,6,-1,2,14,-1,2,-1
2015120172815,1,9,0,7,0,8,0,0,0,0,4,1,6,1,65,9,1461,2,6,-1,-1,-1
2015120172885,1,9,0,9,0,5,0,0,0,0,1,1,1,1,63,9,1461,2,-1,-1,3,-1
2015120172885,2,9,0,17,0,1,0,0,0,0,3,1,6,2,52,8,1461,2,8,-1,1,-1
2015120172913,1,9,0,9,0,4,0,0,0,0,4,1,6,1,62,9,1968,2,4,-1,3,-1
2015120172913,2,1,0,18,0,1,0,0,0,0,1,1,6,1,52,8,-1,-1,-1,-1,2,-1
2015120172913,3,1,0,18,0,1,0,0,0,0,1,1,6,1,60,9,-1,-1,-1,-1,3,-1
2015120172976,1,9,0,18,0,0,5,4,0,0,1,1,6,1,80,11,1968,2,3,-1,1,-1
2015120172976,2,9,0,2,0,0,0,0,0,0,2,1,6,3,-1,-1,1598,2,1,-1,-1,-1
2015120173044,1,9,0,9,0,6,0,0,0,0,3,1,6,2,18,4,1149,1,12,-1,3,-1
2015120173044,2,5,0,18,0,1,0,0,0,0,1,1,6,1,32,6,1198,1,4,-1,1,-1
2015120173047,1,17,0,9,0,6,0,0,0,0,1,1,1,1,24,5,-1,-1,-1,-1,3,-1
2015120173047,2,5,0,18,0,1,0,0,8,10,1,1,2,1,27,6,600,1,16,-1,3,-1
2015120173131,1,9,0,18,0,0,0,4,0,0,3,1,6,2,80,11,1390,1,18,-1,2,-1
2015120173131,2,9,0,2,0,0,0,0,0,0,4,1,6,3,-1,-1,1968,2,2,-1,-1,-1
2015120173131,3,9,0,2,0,0,0,0,0,0,4,1,6,3,-1,-1,1199,1,14,-1,-1,-1
2015120173131,4,9,0,2,0,0,0,0,0,0,1,1,6,3,-1,-1,1998,1,12,-1,3,-1
2015120173131,5,9,0,2,0,0,0,0,0,0,4,1,6,3,-1,-1,1796,1,11,-1,2,-1
2015120173560,1,9,0,18,0,0,5,2,1,7,4,1,6,2,78,11,1198,1,1,-1,1,-1
2015120173563,1,3,0,16,0,0,1,0,7,0,1,1,6,1,17,4,125,1,7,-1,-1,-1
2015120173706,1,9,0,4,0,0,0,0,0,0,2,1,6,2,58,9,999,1,-1,-1,2,-1
2015120173706,2,9,0,4,0,0,0,0,0,0,1,1,6,1,31,6,1968,2,10,-1,-1,-1
2015120173706,3,9,0,4,0,0,0,0,0,0,1,1,6,1,63,9,1796,1,13,-1,1,-1
2015120173744,1,3,0,13,0,0,1,0,0,0,4,1,2,1,30,6,-1,-1,-1,-1,1,-1
2015120173744,2,19,0,18,0,0,0,0,0,0,3,1,1,1,45,7,-1,-1,-1,-1,3,-1
2015120173744,3,9,0,18,0,0,0,0,0,0,3,1,2,2,37,7,1461,2,-1,-1,2,-1
2015120173751,1,9,0,4,0,1,0,0,0,0,2,1,6,2,23,5,-1,-1,-1,-1,-1,-1
2015120173751,2,9,0,4,0,1,0,0,0,0,1,1,6,1,-1,-1,2000,1,11,-1,1,-1
2015120173899,1,9,0,18,0,1,0,0,0,0,1,1,6,1,27,6,2000,1,22,-1,1,-1
2015120173899,2,2,0,3,0,1,0,0,0,0,2,1,6,2,49,8,49,1,9,-1,1,-1
2015120173899,3,19,0,3,0,1,0,0,0,0,2,1,6,1,46,8,-1,-1,-1,-1,1,-1
2015120173995,1,9,0,4,0,4,0,0,0,0,1,1,2,2,37,7,1299,1,10,-1,1,-1
2015120174190,1,21,1,12,0,0,0,0,0,0,3,1,1,1,44,7,-1,-1,-1,-1,-1,-1
2015120174190,2,9,0,13,0,0,0,0,1,4,4,1,6,1,63,9,996,1,-1,-1,3,-1
2015120174190,3,9,0,18,0,0,0,0,0,0,0,1,6,3,-1,-1,-1,-1,-1,-1,-1,-1
2015120174331,1,5,0,13,0,0,1,0,0,0,1,1,6,1,36,7,1340,1,5,-1,2,-1
2015120174331,2,5,0,18,0,0,0,0,1,0,1,1,6,1,62,9,1299,1,10,-1,1,-1
2015120174331,3,9,0,18,0,0,0,0,0,0,0,1,6,3,65,9,1995,2,7,-1,3,-1
2015120174373,1,9,0,16,0,0,0,10,0,0,1,1,6,1,81,11,1248,1,3,-1,1,-1
2015120174373,2,19,0,17,0,0,0,0,0,0,1,1,1,1,33,6,2198,2,-1,-1,1,-1
2015120174389,1,9,0,18,0,0,0,4,0,0,1,1,6,1,18,4,2495,2,29,-1,1,-1
2015120174389,2,9,0,18,0,0,0,0,0,0,1,1,6,1,46,8,1997,2,13,-1,3,-1
2015120174389,3,9,0,3,0,0,0,0,0,0,2,1,6,2,34,6,1386,1,7,-1,1,-1
2015120174389,4,9,0,3,0,0,0,0,0,0,2,1,1,1,64,9,1997,2,1,-1,1,-1
2015120174389,5,19,0,3,0,0,0,0,0,0,2,1,1,1,60,9,1968,2,4,-1,1,-1
2015120174411,1,9,0,17,0,0,1,0,2,10,1,1,2,1,17,4,1149,1,9,-1,3,-1
2015120174411,2,9,0,18,0,0,0,0,0,0,1,1,6,2,50,8,1598,1,1,-1,1,-1
2015120174428,1,9,0,2,0,0,0,0,0,0,3,1,3,2,50,8,1968,2,3,-1,1,-1
2015120174428,2,9,0,13,0,0,0,0,0,0,4,1,3,2,49,8,-1,-1,-1,-1,1,-1
2015120174433,1,9,0,9,0,6,0,0,0,0,1,1,6,1,25,5,1388,1,11,-1,1,-1
2015120174433,2,1,0,17,0,8,0,0,0,0,1,1,6,2,44,7,-1,-1,-1,-1,2,-1
2015120174490,1,3,0,18,0,0,0,0,0,7,1,1,6,1,55,8,125,1,3,-1,1,-1
2015120174523,1,9,0,5,0,8,0,0,0,0,4,1,6,1,70,10,1299,1,13,-1,1,-1
2015120174523,2,1,0,13,0,8,0,0,0,0,4,1,2,2,39,7,-1,-1,-1,-1,1,-1
2015120174552,1,9,0,15,0,0,0,0,0,0,0,1,6,2,41,7,1968,2,2,-1,1,-1