Accident_Index,Vehicle_Reference,Vehicle_Type,Towing_and_Articulation,Vehicle_Manoeuvre,Vehicle_Location-Restricted_Lane,Junction_Location,Skidding_and_Overturning,Hit_Object_in_Carriageway,Vehicle_Leaving_Carriageway,Hit_Object_off_Carriageway,1st_Point_of_Impact,Was_Vehicle_Left_Hand_Drive?,Journey_Purpose_of_Driver,Sex_of_Driver,Age_of_Driver,Age_Band_of_Driver,Engine_Capacity_(CC),Propulsion_Code,Age_of_Vehicle,Driver_IMD_Decile,Driver_Home_Area_Type,Vehicle_IMD_Decile
20151322J0452,1,8,0,18,0,8,0,0,0,0,1,1,1,1,45,7,1995,2,5,-1,1,-1
20151322J0452,2,9,0,5,0,8,0,0,0,0,1,1,6,2,46,8,2179,2,8,-1,1,-1
20151322J0492,1,9,0,4,0,4,1,7,0,0,1,1,6,2,38,7,1798,1,1,-1,1,-1
20151322J0565,1,9,0,18,0,0,1,11,5,7,1,1,6,1,39,7,-1,-1,-1,-1,1,-1
20151322J0743,1,9,0,1,0,8,0,0,0,0,2,1,6,2,28,6,-1,-1,-1,-1,1,-1
20151322J0947,1,9,0,17,0,0,1,0,0,0,1,1,6,2,19,4,-1,-1,-1,-1,1,-1
20151322J0947,2,9,0,16,0,0,0,0,1,11,1,1,6,2,22,5,2967,2,8,-1,3,-1
20151322J1133,1,9,0,18,0,0,0,0,0,0,1,1,6,1,62,9,2720,2,6,-1,3,-1
20151322J1133,2,9,0,3,0,0,0,0,0,0,2,1,6,1,24,5,998,1,15,-1,1,-1
20151322J1195,1,21,1,18,0,0,0,0,0,0,1,1,1,1,40,7,-1,-1,-1,-1,-1,-1
20151322J1195,2,9,0,18,0,0,0,0,1,9,4,1,6,1,29,6,1781,1,13,-1,1,-1
20151322J1311,1,9,0,18,0,0,0,0,0,0,1,1,6,1,-1,-1,-1,-1,-1,-1,-1,-1
20151322K0007,1,9,0,6,0,8,0,0,0,0,1,1,6,3,-1,-1,-1,-1,-1,-1,-1,-1
20151322K0007,2,1,0,7,0,8,0,0,0,0,3,1,2,2,25,5,-1,-1,-1,-1,1,-1
20151322K0231,1,9,0,17,0,0,2,0,1,0,1,1,6,1,40,7,-1,-1,-1,-1,1,-1
20151322K0354,1,9,0,18,0,0,0,0,0,0,1,1,6,2,79,11,1299,1,12,-1,1,-1
20151322K0381,1,9,0,18,0,1,0,0,0,0,1,1,6,2,40,7,2720,2,6,-1,3,-1
20151322K0381,2,19,0,7,0,5,0,0,0,0,2,1,1,1,28,6,2402,2,7,-1,3,-1
20151322K0544,1,3,0,18,0,0,2,0,0,0,3,1,6,1,58,9,124,1,4,-1,1,-1
20151322K0604,1,9,0,18,0,8,0,0,0,0,1,1,6,3,-1,-1,1984,1,6,-1,-1,-1
20151322K0604,2,22,0,18,0,8,0,0,0,0,3,1,6,1,70,10,-1,-1,-1,-1,1,-1
20151322K0834,1,9,0,18,0,0,0,0,0,0,1,1,6,1,40,7,1149,1,1,-1,1,-1
20151322K0834,2,9,0,18,0,0,0,0,0,0,2,1,6,1,19,4,1248,2,8,-1,1,-1
20151322K1139,1,9,0,3,0,1,0,0,0,0,4,1,6,2,36,7,1796,1,6,-1,1,-1
20151322K1139,2,1,0,15,0,1,0,0,0,0,1,1,6,1,37,7,-1,-1,-1,-1,1,-1
20151322K1220,1,9,0,18,0,0,0,0,0,0,1,1,6,3,-1,-1,1998,1,9,-1,-1,-1
20151322K1220,2,9,0,18,0,0,0,0,0,0,2,1,6,2,23,5,1595,2,5,-1,1,-1
20151322K1241,1,9,0,5,0,0,0,0,0,0,0,1,6,1,76,11,1598,1,1,-1,1,-1
20151322K1241,2,3,0,18,0,0,0,0,0,0,0,1,6,1,35,6,-1,-1,-1,-1,2,-1
20151322K1497,1,9,0,18,0,8,0,0,0,0,1,1,6,1,23,5,1998,1,14,-1,1,-1
20151322K1497,2,9,0,18,0,8,0,0,1,11,1,1,6,2,21,5,1229,1,10,-1,1,-1
20151322K1519,1,9,0,18,0,0,0,0,0,0,4,1,6,2,74,10,-1,-1,-1,-1,2,-1
20151322L0678,1,9,0,18,0,0,0,0,0,0,1,1,6,2,49,8,2972,1,17,-1,1,-1
20151322L0759,1,90,0,6,0,6,0,0,0,0,1,1,6,1,15,3,-1,-1,-1,-1,-1,-1
20151322L0759,2,9,0,18,0,8,0,0,0,0,4,1,6,2,52,8,2664,2,12,-1,-1,-1
20151322L0767,1,9,0,1,0,0,0,0,0,0,2,1,6,1,54,8,1956,2,1,-1,1,-1
20151322L0805,1,11,0,18,0,0,0,0,0,0,0,1,1,3,-1,-1,-1,-1,-1,-1,-1,-1
20151322L1198,1,9,0,7,0,1,0,0,0,0,0,1,6,1,-1,-1,-1,-1,-1,-1,-1,-1
20151322L1198,2,1,0,18,0,1,0,0,0,0,0,1,6,2,67,10,-1,-1,-1,-1,-1,-1
20151322L1303,1,9,0,18,0,8,0,0,0,0,1,1,6,3,-1,-1,-1,-1,-1,-1,-1,-1
20151322L1564,1,9,0,18,0,0,2,0,1,9,1,1,6,2,28,6,998,1,11,-1,1,-1
20151322L1564,2,9,0,12,0,0,0,0,0,0,0,1,6,3,-1,-1,-1,-1,-1,-1,-1,-1
20151322L1678,1,9,0,9,0,8,0,0,0,0,1,1,6,2,36,7,1794,1,10,-1,1,-1
20151322L1678,2,9,0,18,0,8,0,0,0,11,3,1,6,1,25,5,1994,1,17,-1,1,-1
20151322M0058,1,9,0,18,0,1,0,0,0,0,1,1,6,1,39,7,1461,2,3,-1,-1,-1
20151322M0058,2,9,0,3,0,1,0,0,0,0,2,1,6,1,24,5,2969,2,11,-1,1,-1
20151322M0335,1,9,0,18,0,7,0,0,0,0,1,1,6,2,-1,-1,1598,1,7,-1,-1,-1
20151322M0335,2,19,0,18,0,8,0,0,0,0,1,1,6,1,45,7,1560,2,-1,-1,1,-1
20151322M0450,1,9,0,18,0,0,2,0,1,0,1,1,1,2,23,5,1229,1,3,-1,1,-1
20151322M0577,1,9,0,18,0,0,0,0,0,0,1,1,6,3,-1,-1,-1,-1,-1,-1,-1,-1
20151322M0578,1,9,0,9,0,6,0,0,0,0,1,1,6,2,66,10,998,1,1,-1,1,-1
20151322M0578,2,9,0,17,0,8,0,0,0,0,4,1,6,2,35,6,1598,1,5,-1,1,-1
20151322M0629,1,9,0,4,0,1,0,0,0,0,2,1,6,1,51,8,-1,-1,-1,-1,1,-1
20151322M0629,2,9,0,2,0,1,0,0,0,0,0,1,6,1,42,7,-1,-1,-1,-1,1,-1
20151322M0972,1,9,0,18,0,0,1,0,1,10,1,1,6,1,26,6,1598,1,13,-1,-1,-1
20151322M1241,1,9,0,6,0,0,0,0,0,0,3,1,6,1,43,7,1753,2,13,-1,1,-1
20151322M1241,2,3,0,18,0,0,0,0,0,0,1,1,6,1,19,4,124,1,7,-1,-1,-1
20151322N0119,1,9,0,17,0,0,2,0,1,9,1,1,6,1,34,6,-1,-1,-1,-1,1,-1
20151322N0152,1,9,0,9,0,5,0,0,0,0,1,1,2,1,53,8,1994,1,9,-1,1,-1
20151322N0152,2,9,0,18,0,8,0,0,0,0,3,1,2,1,35,6,-1,-1,-1,-1,1,-1
20151322N0163,1,9,0,18,0,8,0,0,0,0,1,1,6,2,-1,-1,1598,1,10,-1,-1,-1
20151322N0578,1,9,0,7,0,5,0,0,7,11,1,1,6,2,29,6,-1,-1,-1,-1,1,-1
20151322N0625,1,19,0,7,0,2,0,0,0,0,4,1,1,1,33,6,1998,2,12,-1,1,-1
20151322N0785,1,9,0,4,0,0,0,0,0,0,2,1,6,2,47,8,1598,1,15,-1,1,-1
20151322N0785,2,9,0,18,0,0,0,0,0,0,1,1,6,1,41,7,2967,2,8,-1,1,-1
20151322N0811,1,9,0,9,0,6,0,0,0,0,1,1,6,1,-1,-1,2401,2,11,-1,-1,-1
20151322N0811,2,90,0,9,0,6,0,0,1,11,2,1,6,1,25,5,350,1,12,-1,1,-1
20151322N1218,1,9,0,18,0,0,0,0,0,0,4,1,6,2,32,6,1299,1,7,-1,1,-1
20151322N1481,1,9,0,9,0,5,0,0,0,0,1,1,1,1,53,8,1200,1,1,-1,-1,-1
20151322N1481,2,9,0,18,0,8,0,0,0,0,1,1,6,2,43,7,1956,2,3,-1,1,-1
20151322O0186,1,9,0,9,0,1,0,0,0,0,0,1,6,1,86,11,1198,1,4,-1,1,-1
20151322O0186,2,3,0,18,0,1,0,0,0,0,1,1,2,1,27,6,123,1,1,-1,1,-1
20151322O0214,1,9,0,18,0,8,0,0,0,0,1,1,6,2,34,6,1596,1,13,-1,1,-1
20151322O0214,2,9,0,18,0,8,0,0,0,0,3,1,6,1,44,7,1896,2,7,-1,1,-1
20151322O0214,3,9,0,2,0,1,0,0,0,0,3,1,6,3,-1,-1,1596,1,7,-1,-1,-1
20151322O0219,1,10,0,18,0,0,1,0,0,0,1,1,1,2,50,8,2500,2,8,-1,1,-1
20151322O0219,2,9,0,4,0,0,0,0,0,0,2,1,6,1,29,6,1686,2,3,-1,1,-1
20151322O0219,3,9,0,4,0,0,0,0,0,0,2,1,6,2,40,7,2967,2,1,-1,3,-1
20151322O0220,1,11,0,5,0,0,0,0,0,0,1,1,1,1,51,8,9000,2,16,-1,1,-1
20151322O0220,2,9,0,3,0,0,0,0,0,0,2,1,6,1,28,6,1396,2,1,-1,1,-1
20151322O0431,1,9,0,5,0,6,0,0,0,0,3,1,6,1,35,6,1686,2,11,-1,1,-1
20151322O0431,2,9,0,18,0,1,0,0,0,0,1,1,6,1,46,8,-1,-1,-1,-1,1,-1
20151322O0567,1,9,0,18,0,8,0,0,0,0,1,1,6,2,61,9,1328,1,7,-1,1,-1
20151322O0567,2,9,0,18,0,4,0,0,0,0,1,1,6,2,-1,-1,1299,1,11,-1,1,-1
20151322O0673,1,9,0,4,0,0,0,0,0,0,2,1,6,1,18,4,1896,2,7,-1,3,-1
20151322O0673,2,3,0,18,0,0,0,0,0,0,1,1,6,1,16,4,124,1,1,-1,1,-1
20151322O0687,1,9,0,18,0,8,0,0,0,0,3,1,6,1,51,8,1499,2,1,-1,1,-1
20151322O0687,2,1,0,18,0,8,0,0,0,0,1,1,6,1,37,7,-1,-1,-1,-1,1,-1
20151322O0777,1,9,0,18,0,8,0,0,0,0,4,1,6,1,64,9,1796,1,10,-1,1,-1
20151322O0777,2,9,0,18,0,8,0,0,0,0,3,1,6,2,21,5,1390,1,11,-1,1,-1
20151322O0940,1,9,0,18,0,0,0,0,0,0,1,1,6,2,52,8,1560,2,3,-1,1,-1
20151322O2000,1,20,0,18,0,1,5,11,0,10,4,1,1,1,39,7,-1,-1,-1,-1,-1,-1
20151322P0018,1,9,0,18,0,0,0,0,1,3,1,1,6,1,37,7,1895,1,15,-1,1,-1
20151322P0209,1,9,0,18,0,6,0,0,0,0,1,1,2,2,36,7,1388,1,13,-1,-1,-1
20151322P0209,2,9,0,18,0,8,0,0,0,0,1,1,2,1,35,6,1998,1,10,-1,1,-1
20151322P0597,1,9,0,18,0,0,0,0,0,0,0,1,6,3,-1,-1,-1,-1,-1,-1,-1,-1
20151322P0597,2,11,0,18,0,0,0,0,0,0,0,1,1,1,43,7,9360,2,3,-1,1,-1
20151322P0838,1,9,0,9,0,6,0,0,0,0,3,1,6,2,27,6,1198,1,7,-1,1,-1
20151322P0838,2,9,0,18,0,1,0,0,0,0,1,1,3,2,42,7,2967,2,1,-1,-1,-1
20151322P0985,1,9,0,9,0,5,0,0,0,0,1,1,6,1,24,5,1598,1,2,-1,-1,-1
20151322P1299,1,9,0,5,0,6,0,0,0,0,4,1,6,2,52,8,1598,2,5,-1,1,-1
20151322P1299,2,3,0,18,0,8,0,0,1,0,1,1,6,1,21,5,124,1,10,-1,2,-1
20151322P1334,1,9,0,10,0,1,0,0,0,0,1,1,6,1,21,5,1390,1,2,-1,1,-1
20151322P1334,2,8,0,18,0,1,0,0,0,0,1,1,1,1,32,6,1995,2,4,-1,1,-1
20151322Q0226,1,9,0,9,0,4,0,0,0,0,3,1,6,1,20,4,1124,1,10,-1,1,-1
20151322Q0226,2,9,0,18,0,8,0,0,0,0,1,1,6,2,48,8,998,1,2,-1,1,-1
20151322Q0239,1,19,0,3,0,0,0,0,0,0,3,1,2,1,31,6,1968,2,1,-1,1,-1
20151322Q0239,2,3,0,14,0,0,0,0,7,0,1,1,2,1,18,4,125,1,13,-1,1,-1
20151322Q0270,1,19,0,9,0,8,0,0,0,0,4,1,1,1,37,7,1995,2,1,-1,1,-1
20151322Q0270,2,1,0,18,0,1,0,0,0,0,1,1,1,1,45,7,-1,-1,-1,-1,-1,-1
20151322Q0461,1,20,0,18,0,0,0,0,0,0,4,1,1,1,54,8,4249,2,1,-1,3,-1
20151322Q0596,1,19,0,3,0,1,0,0,0,0,2,1,6,1,24,5,1868,2,11,-1,1,-1
20151322Q0596,2,9,0,3,0,1,0,0,0,0,1,1,6,1,27,6,1360,1,3,-1,1,-1
20151322Q0798,1,9,0,18,0,8,0,0,0,0,1,1,6,2,47,8,-1,-1,-1,-1,1,-1
20151322Q0798,2,9,0,9,0,8,0,0,0,0,1,1,6,2,36,7,1998,1,16,-1,-1,-1
20151322Q0833,1,20,0,18,0,0,0,0,0,0,1,1,6,1,74,10,-1,-1,-1,-1,1,-1
20151322Q0846,1,9,0,18,0,0,0,0,0,0,3,1,6,1,32,6,1560,2,2,-1,1,-1
20151322Q0937,1,9,0,4,0,0,0,0,0,0,2,1,6,1,20,4,1968,2,7,-1,1,-1
20151322Q0937,2,9,0,18,0,0,0,0,0,0,1,1,2,2,37,7,1997,1,3,-1,1,-1
20151322Q0937,3,9,0,18,0,0,0,0,0,0,1,1,6,3,-1,-1,-1,-1,-1,-1,-1,-1
20151322Q0937,4,9,0,18,0,0,0,0,0,0,1,1,2,2,54,8,1461,2,1,-1,1,-1
20151322Q0937,5,9,0,18,0,0,0,0,0,0,1,1,2,1,39,7,-1,-1,-1,-1,1,-1
20151322Q0937,6,9,0,18,0,0,1,0,0,0,1,1,2,1,23,5,-1,-1,-1,-1,1,-1
20151322Q0937,7,19,0,18,0,0,0,0,0,0,0,1,1,1,25,5,1995,2,2,-1,-1,-1
20151322Q1166,1,9,0,18,0,1,0,0,0,0,1,1,6,1,29,6,1968,2,10,-1,1,-1
20151322Q1166,2,9,0,2,0,1,0,0,0,0,3,1,6,2,35,6,1229,1,8,-1,1,-1
20151322Q1215,1,9,0,16,0,8,5,0,2,11,4,1,6,2,19,4,1198,1,12,-1,-1,-1
20151322Q1260,1,9,0,9,0,1,0,0,0,0,1,1,6,1,30,6,1984,1,13,-1,-1,-1
20151322Q1260,2,9,0,18,0,1,0,0,0,0,4,1,1,1,35,6,1984,2,7,-1,-1,-1
20151322R0162,1,9,0,11,0,8,1,0,2,0,2,1,1,1,24,5,-1,-1,-1,-1,1,-1
20151322R0162,2,21,0,18,0,8,0,0,0,0,1,1,1,1,49,8,11967,2,4,-1,1,-1
20151322R0202,1,3,0,7,0,8,2,0,1,0,4,1,1,1,19,4,125,1,13,-1,1,-1
20151322R0269,1,9,0,9,0,5,0,0,0,0,3,1,6,2,42,7,1198,1,-1,-1,1,-1
20151322R0269,2,2,0,18,0,8,0,0,0,0,1,1,6,1,21,5,49,1,7,-1,1,-1
20151322R0286,1,9,0,18,0,0,0,7,0,0,1,1,6,2,45,7,1598,1,8,-1,1,-1
20151322R0286,2,9,0,18,0,0,0,0,0,0,2,1,6,2,47,8,1398,1,4,-1,3,-1
20151322R0286,3,9,0,18,0,0,0,0,0,0,2,1,6,1,28,6,1242,1,3,-1,1,-1
20151322R0295,1,9,0,11,0,3,0,0,0,0,4,1,2,1,45,7,1598,1,3,-1,1,-1
20151322R0295,2,9,0,18,0,8,0,0,1,7,3,1,1,2,45,7,1598,2,3,-1,1,-1
20151322R0365,1,9,0,18,0,8,0,0,0,0,1,1,6,1,69,10,1994,2,12,-1,1,-1
20151322R0365,2,11,0,18,0,8,0,0,0,0,1,1,1,1,44,7,7300,2,9,-1,1,-1
20151322R0913,1,9,0,7,0,8,0,0,0,0,3,1,6,1,20,4,1596,1,9,-1,1,-1
20151322R0913,2,9,0,18,0,1,0,0,0,0,4,1,6,1,48,8,1396,1,6,-1,1,-1
20151322R0936,1,9,0,18,0,8,0,0,0,0,1,1,6,2,23,5,-1,-1,-1,-1,1,-1
20151322R0936,2,9,0,18,0,8,0,0,0,0,2,1,1,1,49,8,1956,2,3,-1,1,-1
20151322R0936,3,9,0,18,0,8,0,0,0,0,2,1,6,1,34,6,1998,7,13,-1,1,-1
20151322R1506,1,1,0,18,9,8,0,0,1,2,1,1,6,1,48,8,-1,-1,-1,-1,-1,-1
20151322R1529,1,9,0,16,0,1,1,0,0,0,1,1,6,1,23,5,1199,1,14,-1,1,-1
20151322R1529,2,9,0,16,0,1,0,0,0,0,2,1,6,1,36,7,1798,1,11,-1,1,-1
20151322R1618,1,9,0,17,6,2,0,10,1,0,1,1,6,2,45,7,1560,2,2,-1,1,-1
20151322R1618,2,9,0,2,6,2,0,0,0,0,2,1,6,2,-1,-1,-1,-1,-1,-1,2,-1
20151322R1618,3,9,0,2,6,2,0,0,0,0,2,1,6,2,-1,-1,1868,2,12,-1,2,-1
20151322R1697,1,9,0,7,0,5,2,10,1,0,4,1,1,1,40,7,-1,-1,-1,-1,1,-1
20151322S0252,1,9,0,18,0,0,0,0,0,0,1,1,2,2,26,6,1298,1,10,-1,1,-1
20151322S0252,2,9,0,2,0,0,0,0,0,0,0,1,6,3,-1,-1,1242,1,9,-1,-1,-1
20151322S0652,1,9,0,18,0,0,0,0,0,0,1,1,6,2,40,7,1587,1,13,-1,1,-1
20151322S0753,1,9,0,4,0,1,0,0,0,0,1,1,6,2,39,7,1781,1,14,-1,-1,-1
20151322S0753,2,9,0,4,0,1,0,0,0,0,2,1,6,1,36,7,1299,1,16,-1,1,-1
20151322S0764,1,9,0,18,0,0,0,0,0,0,2,1,6,2,22,5,1242,1,7,-1,-1,-1
20151322S0764,2,9,0,18,0,0,0,0,0,0,1,1,6,1,37,7,1998,1,1,-1,-1,-1
20151322S0907,1,9,0,18,0,8,1,0,0,0,1,1,6,1,29,6,1596,1,13,-1,1,-1
20151322S0907,2,1,0,18,0,8,0,0,0,0,4,1,6,2,20,4,-1,-1,-1,-1,1,-1
20151322S1208,1,9,0,9,0,8,0,10,7,1,1,1,6,1,52,8,1997,2,14,-1,1,-1
20151322S1208,2,9,0,18,0,8,0,0,0,0,1,1,6,1,53,8,1997,2,2,-1,3,-1
20151322S1225,1,9,0,17,0,0,1,0,2,0,1,1,6,1,22,5,1199,1,14,-1,1,-1
20151322S1378,1,8,0,18,0,6,0,0,0,0,4,1,1,1,44,7,1910,2,7,-1,1,-1
20151322S1378,2,9,0,18,0,1,0,0,0,3,3,1,6,1,61,9,1397,1,1,-1,1,-1
20151322S1593,1,5,0,9,0,8,0,0,0,0,1,1,6,1,40,7,599,1,19,-1,1,-1
20151322S1593,2,9,0,9,0,8,0,0,0,0,1,1,6,1,39,7,1493,1,15,-1,1,-1
20151322S1917,1,9,0,18,0,0,5,7,0,0,1,1,6,1,41,7,-1,-1,-1,-1,1,-1
2015132310171,1,9,0,18,0,0,0,0,1,7,4,1,6,1,32,6,2996,1,7,-1,-1,-1
2015132310171,2,9,0,18,0,0,0,0,0,0,4,1,6,2,54,8,-1,-1,-1,-1,2,-1
2015132310423,1,9,0,18,0,0,5,10,1,10,1,1,1,2,23,5,1896,2,7,-1,-1,-1
2015132310434,1,9,0,18,0,8,0,0,0,0,3,1,6,2,34,6,1598,1,10,-1,1,-1
2015132310434,2,1,0,18,0,8,0,0,0,0,1,1,6,1,20,4,-1,-1,-1,-1,1,-1
2015132310685,1,22,0,18,9,0,0,0,0,0,1,1,6,1,-1,-1,-1,-1,-1,-1,-1,-1
2015132310782,1,9,0,10,0,0,0,0,0,0,2,1,6,1,43,7,-1,-1,-1,-1,1,-1
2015132310782,2,9,0,18,0,0,0,0,0,0,1,1,6,1,50,8,1461,2,3,-1,1,-1
2015132310816,1,9,0,2,0,0,0,0,0,0,4,1,6,1,44,7,1997,2,11,-1,1,-1
2015132310950,1,9,0,9,0,8,0,0,0,0,3,1,6,1,21,5,2698,2,5,-1,1,-1
2015132310950,2,9,0,18,0,8,0,0,0,0,1,1,6,1,37,7,2993,2,5,-1,1,-1
2015132310981,1,9,0,6,0,0,0,0,0,0,0,1,6,3,-1,-1,-1,-1,-1,-1,-1,-1
2015132310981,2,9,0,18,0,0,0,0,0,0,2,1,6,1,51,8,1995,1,7,-1,-1,-1
2015132310981,3,9,0,18,0,0,0,0,0,0,1,1,6,2,31,6,1753,2,11,-1,-1,-1
2015132320177,1,9,0,18,0,1,1,0,0,0,1,1,6,1,42,7,1560,2,4,-1,1,-1
2015132320177,2,9,0,18,0,8,0,0,0,0,4,1,6,1,35,6,-1,-1,-1,-1,1,-1
2015132320177,3,9,0,2,0,1,0,0,0,0,0,1,6,2,35,6,-1,-1,-1,-1,1,-1
2015132320180,1,9,0,17,0,0,2,0,7,9,0,1,6,2,38,7,1248,1,6,-1,1,-1
2015132320199,1,9,0,18,0,0,1,0,0,0,1,1,6,2,39,7,1198,1,10,-1,-1,-1
2015132320199,2,9,0,2,0,0,0,0,0,0,2,1,6,1,-1,-1,1560,2,1,-1,-1,-1
2015132320199,3,9,0,2,0,0,0,0,0,0,2,1,6,1,-1,-1,1596,1,11,-1,-1,-1
2015132320199,4,9,0,18,0,0,1,0,0,0,1,1,6,2,32,6,1900,2,16,-1,-1,-1
2015132320199,5,9,0,18,0,0,1,0,0,0,1,1,6,1,-1,-1,1398,1,2,-1,-1,-1
2015132320213,1,9,0,18,0,6,0,0,0,0,1,1,6,1,38,7,1590,1,11,-1,-1,-1
2015132320213,2,8,0,18,0,8,0,0,0,0,3,1,1,1,43,7,1956,2,6,-1,-1,-1
2015132320217,1,9,0,18,0,0,0,0,0,0,4,1,6,2,58,9,1596,1,1,-1,1,-1
2015132320217,2,9,0,18,0,0,0,0,0,0,1,1,6,2,41,7,1598,1,6,-1,1,-1
2015132320235,1,19,0,18,0,8,0,0,0,0,1,1,1,1,49,8,1753,2,10,-1,1,-1
2015132320235,2,8,0,18,0,8,0,0,0,0,3,1,1,1,38,7,1910,2,7,-1,1,-1
2015132320241,1,20,0,18,0,6,0,0,0,0,1,1,1,1,48,8,-1,-1,-1,-1,1,-1
2015132320241,2,9,0,18,0,1,0,0,0,0,1,1,6,2,28,6,-1,-1,-1,-1,1,-1
2015132320250,1,9,0,18,0,0,1,0,1,0,1,1,6,1,39,7,-1,-1,-1,-1,3,-1
2015132320464,1,9,0,4,0,0,1,0,0,0,1,1,6,2,60,9,2967,2,2,-1,-1,-1
2015132320464,2,9,0,18,0,0,0,0,0,0,1,1,6,1,80,11,-1,-1,-1,-1,-1,-1
2015132320464,3,9,0,18,0,0,0,0,0,0,1,1,6,1,44,7,1798,1,5,-1,-1,-1
2015132320568,1,9,0,18,0,1,0,0,0,0,1,1,6,1,40,7,1951,2,14,-1,1,-1
2015132320568,2,9,0,18,0,1,0,0,0,0,2,1,6,2,23,5,1200,1,2,-1,1,-1
2015132320601,1,9,0,18,0,8,0,0,0,0,4,1,6,1,33,6,-1,-1,-1,-1,1,-1
2015132320601,2,8,0,9,0,6,0,0,0,0,1,1,1,1,43,7,1896,2,6,-1,1,-1
2015132320672,1,9,0,18,0,8,0,0,0,0,3,1,6,1,81,11,1596,1,1,-1,1,-1
2015132320923,1,9,0,18,0,8,0,0,0,0,1,1,2,2,44,7,999,1,-1,-1,1,-1
2015132320938,1,9,0,18,0,0,0,0,0,0,1,1,6,1,33,6,1590,1,14,-1,1,-1
2015132321007,1,9,0,12,0,0,0,0,0,0,3,1,6,1,26,6,-1,-1,-1,-1,1,-1
2015132321007,2,9,0,18,0,0,0,10,0,0,4,1,6,2,54,8,1299,1,14,-1,2,-1
2015132321034,1,8,0,18,0,8,0,0,0,0,1,1,1,1,39,7,1896,2,5,-1,1,-1
2015132321034,2,1,0,9,0,8,0,0,0,0,4,1,6,1,34,6,-1,-1,-1,-1,1,-1
2015132321061,1,9,0,14,0,0,0,0,2,10,1,1,2,2,58,9,1349,1,2,-1,1,-1
2015132321061,2,9,0,18,0,0,0,0,0,0,1,1,2,2,60,9,1598,1,-1,-1,1,-1
2015132321341,1,19,0,18,0,0,0,0,0,0,1,1,1,1,48,8,1560,2,3,-1,1,-1
2015132321362,1,9,0,18,0,8,0,0,0,0,0,1,6,1,37,7,1896,2,9,-1,-1,-1
2015132321362,2,9,0,9,0,1,0,0,0,0,1,1,6,2,22,5,1149,1,2,-1,-1,-1
2015132321478,1,19,0,18,0,0,0,0,0,0,3,1,6,1,25,5,1997,2,10,-1,-1,-1
2015132330259,1,9,0,18,0,0,0,0,0,0,1,1,1,1,39,7,-1,-1,-1,-1,1,-1
2015132330259,2,9,0,3,0,0,0,0,0,0,2,1,2,2,37,7,1595,1,1,-1,2,-1
2015132330259,3,9,0,3,0,0,0,0,0,0,2,1,2,2,37,7,1598,1,11,-1,1,-1
2015132330259,4,9,0,3,0,0,0,0,0,0,2,1,2,2,43,7,2401,2,10,-1,1,-1
2015132330259,5,9,0,3,0,0,0,0,0,0,2,1,1,1,28,6,2099,1,12,-1,2,-1
2015132330307,1,9,0,18,0,4,0,0,0,0,2,1,6,1,24,5,1368,1,7,-1,-1,-1
2015132330307,2,21,0,18,0,4,0,0,0,0,1,1,6,1,46,8,11946,2,11,-1,1,-1
2015132330405,1,1,0,15,0,0,0,0,1,0,1,1,2,1,48,8,-1,-1,-1,-1,1,-1
2015132330405,2,9,0,5,0,0,0,0,0,0,1,1,2,2,51,8,1997,2,11,-1,1,-1
2015132330420,1,9,0,18,0,0,0,0,0,0,1,1,6,1,20,4,1229,1,9,-1,1,-1
2015132330420,2,9,0,18,0,0,0,0,0,0,2,1,6,1,45,7,1560,2,3,-1,1,-1
2015132330617,1,9,0,18,0,8,0,0,0,0,3,1,1,2,42,7,1349,1,5,-1,1,-1
2015132330617,2,9,0,5,0,8,0,0,0,0,1,1,6,1,83,11,1834,1,12,-1,3,-1
2015132330923,1,9,0,18,0,0,0,0,0,0,4,1,6,1,32,6,-1,-1,-1,-1,1,-1
2015132330923,2,9,0,12,0,0,0,0,0,0,3,1,6,3,-1,-1,-1,-1,-1,-1,-1,-1
2015132330970,1,3,0,18,0,1,0,0,0,0,1,1,6,1,42,7,124,1,8,-1,1,-1
2015132330970,2,9,0,18,0,1,0,0,0,0,2,1,6,2,33,6,1596,1,7,-1,1,-1
2015132331111,1,9,0,18,0,0,0,0,0,0,1,1,6,1,27,6,1461,2,9,-1,1,-1
2015132331111,2,9,0,18,0,0,0,0,0,0,2,1,6,1,41,7,1956,2,6,-1,1,-1
2015132331179,1,9,0,18,0,0,0,0,0,0,1,1,6,1,29,6,1240,1,10,-1,1,-1
2015132331412,1,9,0,18,0,6,0,0,0,0,3,1,6,2,23,5,1199,1,12,-1,-1,-1
2015132331412,2,9,0,18,0,1,0,0,0,0,1,1,6,1,28,6,1968,2,8,-1,1,-1
2015132331655,1,9,0,18,0,0,0,0,0,0,1,1,6,1,39,7,1560,2,3,-1,2,-1
2015132331655,2,9,0,18,0,0,0,0,1,9,2,1,6,1,48,8,1995,2,13,-1,1,-1
2015132340042,1,9,0,8,0,1,0,0,0,0,0,1,6,1,53,8,1582,2,1,-1,1,-1
2015132340042,2,9,0,4,0,1,0,0,0,0,2,1,6,2,-1,-1,-1,-1,-1,-1,-1,-1
2015132340188,1,9,0,18,0,0,0,0,0,0,1,1,1,1,62,9,2400,2,6,-1,1,-1
2015132340188,2,9,0,18,0,0,0,0,0,0,3,1,1,1,61,9,1560,2,1,-1,1,-1
2015132340188,3,9,0,18,0,0,0,0,2,7,2,1,1,2,23,5,1229,1,1,-1,1,-1
2015132340202,1,9,0,18,0,0,0,7,0,0,1,1,2,1,57,9,1339,1,11,-1,1,-1