Accident_Index,Vehicle_Reference,Vehicle_Type,Towing_and_Articulation,Vehicle_Manoeuvre,Vehicle_Location-Restricted_Lane,Junction_Location,Skidding_and_Overturning,Hit_Object_in_Carriageway,Vehicle_Leaving_Carriageway,Hit_Object_off_Carriageway,1st_Point_of_Impact,Was_Vehicle_Left_Hand_Drive?,Journey_Purpose_of_Driver,Sex_of_Driver,Age_of_Driver,Age_Band_of_Driver,Engine_Capacity_(CC),Propulsion_Code,Age_of_Vehicle,Driver_IMD_Decile,Driver_Home_Area_Type,Vehicle_IMD_Decile
20151323D1711,1,9,0,16,0,8,0,0,0,0,2,1,6,1,41,7,1389,1,12,-1,1,-1
20151323D1711,2,9,0,16,0,8,0,0,0,0,1,1,6,2,25,5,1968,2,4,-1,2,-1
20151323E0663,1,9,0,9,0,6,0,0,0,0,3,1,6,1,26,6,998,1,9,-1,-1,-1
20151323E0663,2,9,0,18,0,8,0,0,0,0,1,1,6,1,68,10,1998,1,11,-1,3,-1
20151323E0749,1,8,0,1,0,5,0,0,0,0,2,1,6,1,-1,-1,-1,-1,-1,-1,-1,-1
20151323E0827,1,11,0,18,0,0,0,0,0,0,0,1,1,1,34,6,6871,2,8,-1,1,-1
20151323E0865,1,9,0,18,0,0,0,0,0,0,1,1,6,1,13,3,1299,1,11,-1,-1,-1
20151323E0865,2,1,0,18,0,0,0,0,0,0,1,1,6,2,18,4,-1,-1,-1,-1,1,-1
20151323E0930,1,9,0,5,0,0,0,0,0,0,1,1,6,1,22,5,1598,2,4,-1,1,-1
20151323E0930,2,9,0,18,0,0,0,0,0,0,2,1,6,1,46,8,1364,1,1,-1,-1,-1
20151323E0930,3,9,0,18,0,0,0,0,0,0,2,1,6,2,39,7,1596,1,14,-1,1,-1
20151323E0930,4,19,0,18,0,0,0,0,0,0,2,1,6,1,29,6,1968,2,1,-1,1,-1
20151323E1134,1,19,0,1,0,0,0,0,0,0,2,1,6,1,66,10,2400,2,14,-1,2,-1
20151323E1134,2,9,0,18,0,0,0,0,7,0,4,1,6,1,32,6,1997,2,10,-1,2,-1
20151323E1231,1,1,0,17,0,0,0,0,1,0,3,1,6,1,43,7,-1,-1,-1,-1,1,-1
20151323E1231,2,9,0,17,0,0,0,0,0,0,4,1,6,1,69,10,2967,2,4,-1,1,-1
20151323E1390,1,9,0,18,0,0,0,0,0,0,3,1,6,2,77,11,1390,1,14,-1,1,-1
20151323E1390,2,9,0,2,0,0,0,0,0,0,4,1,6,2,38,7,1968,2,2,-1,1,-1
20151323F0048,1,9,0,18,0,0,0,0,0,0,1,1,6,1,41,7,1896,2,12,-1,1,-1
20151323F0048,2,19,0,2,0,0,0,0,0,0,1,1,1,1,29,6,1598,2,-1,-1,1,-1
20151323F0084,1,9,0,18,0,0,0,0,0,0,1,1,6,1,24,5,1149,1,3,-1,1,-1
20151323F0084,2,19,0,2,0,0,0,0,0,0,4,1,6,1,29,6,2198,2,1,-1,-1,-1
20151323F0512,1,1,0,18,0,0,0,0,0,0,0,1,6,1,49,8,-1,-1,-1,-1,1,-1
20151323F0637,1,9,0,18,0,0,0,0,0,0,1,1,6,2,32,6,998,1,5,-1,2,-1
20151323F0637,2,9,0,2,0,0,0,0,1,11,2,1,6,2,27,6,998,1,8,-1,-1,-1
20151323F0729,1,9,0,18,0,0,0,0,0,0,1,1,6,1,29,6,1560,2,4,-1,1,-1
20151323F0862,1,9,0,18,0,0,0,0,0,0,3,1,6,2,34,6,998,1,11,-1,1,-1
20151323F0931,1,9,0,18,0,0,0,0,0,0,1,1,6,1,72,10,-1,-1,-1,-1,1,-1
20151323F0931,2,9,0,2,0,0,0,0,0,0,2,1,6,2,65,9,1598,1,2,-1,1,-1
20151323F1313,1,9,0,18,0,0,0,0,0,0,1,1,6,1,40,7,1995,2,12,-1,-1,-1
20151323F1313,2,9,0,4,0,0,0,0,0,0,2,1,6,2,27,6,998,1,6,-1,1,-1
20151323F1313,3,9,0,4,0,0,0,0,0,0,2,1,6,1,46,8,1797,8,5,-1,-1,-1
20151323F1417,1,9,0,18,0,0,0,0,0,0,1,1,6,1,30,6,1968,2,6,-1,1,-1
20151323F1417,2,9,0,18,0,0,0,0,0,0,1,1,6,1,27,6,1299,1,12,-1,2,-1
20151323F1570,1,9,0,9,0,6,0,0,0,0,0,1,6,2,48,8,1997,2,5,-1,1,-1
20151323F1570,2,3,0,18,0,8,0,0,0,0,0,1,6,1,27,6,123,1,1,-1,1,-1
20151323G0201,1,5,0,14,0,0,0,0,0,0,3,1,2,1,24,5,645,1,2,-1,1,-1
20151323G0201,2,9,0,3,0,0,0,0,0,0,4,1,2,1,30,6,1896,2,12,-1,1,-1
20151323G0258,1,21,4,18,0,0,0,0,0,0,3,1,1,3,-1,-1,4461,2,3,-1,-1,-1
20151323G0258,2,21,4,18,0,0,0,0,0,0,3,1,1,1,44,7,-1,-1,-1,-1,1,-1
20151323G0316,1,9,0,18,0,0,0,0,0,0,1,1,6,1,-1,-1,-1,-1,-1,-1,-1,-1
20151323G0316,2,9,0,18,0,0,0,0,0,0,2,1,1,1,35,6,1896,2,7,-1,1,-1
20151323G0437,1,21,1,11,0,0,0,0,0,0,4,1,1,1,64,9,-1,-1,-1,-1,-1,-1
20151323G0437,2,9,0,18,0,0,0,0,0,7,3,1,6,2,34,6,1198,1,10,-1,1,-1
20151323G1056,1,8,0,3,0,0,0,0,0,0,4,1,1,1,47,8,1598,2,2,-1,1,-1
20151323G1205,1,9,0,7,0,8,0,0,0,0,1,1,6,1,67,10,1968,2,6,-1,-1,-1
20151323G1275,1,9,0,18,0,0,0,0,0,0,1,1,6,2,54,8,1149,1,14,-1,1,-1
20151323G1275,2,9,0,18,0,0,0,12,0,0,2,1,6,2,64,9,1229,1,10,-1,1,-1
20151323G1567,1,9,0,13,0,0,0,0,0,0,1,1,6,1,21,5,-1,-1,-1,-1,1,-1
20151323G1567,2,8,0,18,0,0,0,0,0,0,2,1,6,1,56,9,1896,2,7,-1,1,-1
20151323G1567,3,9,0,18,0,0,0,0,0,0,1,1,6,1,66,10,1868,2,9,-1,3,-1
20151323H0003,1,9,0,16,0,0,1,0,7,1,4,1,6,1,17,4,1299,1,11,-1,2,-1
20151323H0182,1,9,0,18,0,1,0,0,0,0,0,1,6,2,25,5,1598,1,5,-1,1,-1
20151323H0182,2,1,0,18,0,1,0,0,0,0,4,1,6,1,25,5,-1,-1,-1,-1,-1,-1
20151323H0200,1,2,0,18,0,1,0,0,0,0,1,1,6,1,18,4,125,1,15,-1,1,-1
20151323H0200,2,19,0,9,0,5,0,0,0,0,3,1,6,1,56,9,2402,2,7,-1,1,-1
20151323H0230,1,9,0,18,0,8,0,0,0,0,4,1,6,2,40,7,1984,1,8,-1,-1,-1
20151323H0230,2,1,0,18,0,6,5,0,0,0,3,1,6,1,58,9,-1,-1,-1,-1,-1,-1
20151323H0230,3,9,0,9,0,8,0,0,0,0,0,1,6,1,28,6,1598,1,4,-1,-1,-1
20151323H0281,1,9,0,9,0,6,0,0,0,0,1,1,6,1,41,7,1968,2,7,-1,2,-1
20151323H0281,2,9,0,18,0,1,0,0,0,0,1,1,6,1,76,11,1298,1,6,-1,2,-1
20151323H0399,1,11,0,4,0,0,0,0,0,0,0,1,1,1,46,8,4760,2,4,-1,-1,-1
20151323H0425,1,9,0,7,0,5,0,0,0,0,0,1,6,2,34,6,1197,1,4,-1,1,-1
20151323H0425,2,3,0,18,0,1,0,0,0,0,1,1,6,1,17,4,124,1,10,-1,1,-1
20151323H0540,1,9,0,9,0,6,0,0,0,0,1,1,6,1,44,7,1584,1,10,-1,1,-1
20151323H0540,2,9,0,18,0,1,0,0,0,0,3,1,6,2,36,7,1149,1,8,-1,1,-1
20151323H0621,1,19,0,9,0,0,0,0,0,0,0,1,6,1,41,7,1248,2,2,-1,1,-1
20151323H0621,2,5,0,7,0,0,0,0,0,0,1,1,6,1,35,6,893,1,20,-1,1,-1
20151323H1615,1,9,0,18,0,8,0,0,7,10,1,1,6,2,46,8,1968,2,6,-1,1,-1
20151323I0030,1,9,0,18,0,0,0,0,0,0,4,1,6,3,-1,-1,-1,-1,-1,-1,-1,-1
20151323I0030,2,1,0,18,0,0,0,4,1,0,3,1,2,1,24,5,-1,-1,-1,-1,1,-1
20151323I0030,3,9,0,2,0,0,0,0,0,0,1,1,6,2,45,7,1587,1,10,-1,1,-1
20151323I0253,1,19,4,18,0,8,0,0,0,0,1,1,1,1,36,7,-1,-1,-1,-1,1,-1
20151323I0253,2,20,0,18,0,1,0,0,0,0,1,1,1,1,45,7,-1,-1,-1,-1,1,-1
20151323I0296,1,9,0,18,0,8,0,0,0,0,3,1,2,1,48,8,1686,2,3,-1,-1,-1
20151323I0296,2,9,0,18,0,8,0,0,0,0,1,1,6,1,46,8,999,1,-1,-1,2,-1
20151323I0301,1,9,0,5,0,0,0,0,0,0,0,1,3,1,49,8,2188,2,13,-1,1,-1
20151323I0403,1,19,0,3,0,0,0,0,0,0,2,1,1,1,43,7,1896,2,10,-1,1,-1
20151323I0403,2,19,0,4,0,0,0,0,0,0,1,1,6,2,-1,-1,2402,2,7,-1,-1,-1
20151323I0435,1,4,0,18,0,0,0,0,0,0,1,1,6,1,22,5,305,1,24,-1,-1,-1
20151323I0435,2,9,0,7,0,0,0,0,0,0,2,1,6,2,47,8,-1,-1,-1,-1,-1,-1
20151323I0835,1,3,0,18,0,1,2,0,0,0,4,1,6,1,27,6,124,1,14,-1,1,-1
20151323I0934,1,9,0,3,0,0,0,0,0,0,2,1,6,2,29,6,-1,-1,-1,-1,1,-1
20151323I0934,2,9,0,3,0,0,0,0,0,0,2,1,6,2,21,5,1149,1,15,-1,-1,-1
20151323I0934,3,9,0,4,0,0,0,0,0,0,1,1,6,1,50,8,1994,2,15,-1,1,-1
20151323I0977,1,9,0,18,0,0,0,0,0,0,4,1,6,1,27,6,1596,1,4,-1,1,-1
20151323I1431,1,9,0,18,0,0,0,0,0,0,4,1,6,2,50,8,999,1,5,-1,1,-1
20151323J0085,1,9,0,18,0,8,0,0,0,0,3,1,6,3,-1,-1,-1,-1,-1,-1,-1,-1
20151323J0112,1,19,0,17,0,8,0,0,1,7,1,1,6,1,48,8,-1,-1,-1,-1,1,-1
20151323J0201,1,9,0,7,0,0,0,0,0,0,1,1,6,1,44,7,1198,1,5,-1,-1,-1
20151323J0201,2,9,0,18,0,0,1,0,0,0,1,1,6,2,71,10,1240,1,11,-1,-1,-1
20151323J0213,1,9,0,18,0,1,0,0,0,0,4,1,6,2,22,5,1560,2,3,-1,2,-1
20151323J0213,2,21,0,9,0,1,0,0,0,0,3,1,1,1,41,7,-1,-1,-1,-1,1,-1
20151323J0234,1,9,0,18,0,0,0,0,0,0,4,1,2,1,19,4,1686,2,11,-1,1,-1
20151323J0268,1,9,0,18,0,1,0,0,0,0,1,1,6,2,30,6,1242,1,14,-1,1,-1
20151323J0268,2,9,0,18,0,1,0,0,0,0,2,1,6,2,31,6,1587,1,9,-1,1,-1
20151323J0593,1,9,0,18,0,1,0,0,1,1,1,1,6,1,86,11,1984,2,3,-1,1,-1
20151323J0593,2,9,0,18,0,2,0,0,0,0,3,1,6,1,37,7,1896,2,13,-1,1,-1
20151323J0593,3,9,0,18,0,2,0,0,0,0,3,1,6,1,29,6,-1,-1,-1,-1,1,-1
20151323J0600,1,9,0,9,0,1,0,0,0,0,1,1,6,2,45,7,1598,1,3,-1,1,-1
20151323J0600,2,9,0,18,0,1,0,0,0,0,3,1,6,2,36,7,1896,2,5,-1,1,-1
20151323J0647,1,9,0,18,0,1,0,0,0,0,1,1,6,1,-1,-1,1910,2,8,-1,-1,-1
20151323J0647,2,9,0,18,0,1,0,0,0,0,1,1,6,2,46,8,-1,-1,-1,-1,1,-1
20151323J0955,1,9,0,1,0,0,0,0,0,0,2,1,6,1,57,9,1560,2,1,-1,2,-1
20151323J1051,1,9,0,9,0,5,0,0,0,0,4,1,6,2,29,6,1360,1,10,-1,1,-1
20151323J1051,2,1,0,18,0,8,0,0,0,0,1,1,6,1,46,8,-1,-1,-1,-1,1,-1
20151323J1121,1,9,0,18,0,0,0,0,0,0,3,1,6,1,28,6,1910,2,9,-1,-1,-1
20151323J1312,1,9,0,9,0,8,0,0,0,0,1,1,6,1,41,7,1242,1,12,-1,-1,-1
20151323J1312,2,3,0,18,0,1,0,0,0,0,3,1,6,1,23,5,124,1,8,-1,-1,-1
20151323J1345,1,9,0,5,0,4,0,0,0,0,2,1,6,1,43,7,1910,2,10,-1,1,-1
20151323J1345,2,3,0,18,0,8,0,0,0,0,1,1,6,1,21,5,124,1,6,-1,2,-1
20151323J1597,1,9,0,9,0,8,0,0,1,10,4,1,6,1,18,4,-1,-1,-1,-1,3,-1
20151323J1597,2,9,0,18,0,8,0,0,1,10,1,1,6,1,20,4,-1,-1,-1,-1,1,-1
20151323K0271,1,4,0,18,0,6,0,0,0,0,1,1,6,1,22,5,-1,-1,-1,-1,1,-1
20151323K0271,2,9,0,18,0,8,0,0,0,0,4,1,6,2,36,7,1968,2,1,-1,1,-1
20151323K0309,1,9,0,9,0,5,0,0,0,0,4,1,2,2,31,6,1956,2,3,-1,2,-1
20151323K0472,1,9,0,7,0,1,0,0,1,10,1,1,6,2,86,11,1360,1,10,-1,1,-1
20151323K0597,1,9,0,1,0,0,0,0,0,0,2,1,1,1,71,10,1398,2,4,-1,1,-1
20151323K0597,2,9,0,2,0,0,0,0,0,0,4,1,6,1,20,4,-1,-1,-1,-1,2,-1
20151323K0712,1,5,0,14,0,0,0,0,0,0,0,1,6,1,62,9,998,1,9,-1,1,-1
20151323K0712,2,9,0,2,7,0,0,0,0,0,0,1,6,1,72,10,1398,1,1,-1,1,-1
20151323K0712,3,9,0,2,6,0,1,0,0,0,1,1,6,2,-1,-1,999,1,1,-1,-1,-1
20151323K0802,1,9,0,4,0,0,0,0,0,0,2,1,1,1,47,8,1995,2,4,-1,3,-1
20151323K0802,2,9,0,4,0,0,0,0,0,0,1,1,1,2,19,4,1560,2,-1,-1,2,-1
20151323K0866,1,9,0,9,0,8,0,0,0,0,4,1,6,2,25,5,998,1,12,-1,1,-1
20151323K0866,2,9,0,18,0,1,0,0,0,0,1,1,6,1,37,7,1896,2,6,-1,1,-1
20151323K0998,1,9,0,18,0,0,0,0,0,0,4,1,6,1,90,11,1995,1,6,-1,1,-1
20151323K1013,1,9,0,7,0,1,0,0,0,0,1,1,2,1,40,7,1783,1,12,-1,2,-1
20151323K1013,2,1,0,18,0,8,0,0,0,0,4,1,2,1,39,7,-1,-1,-1,-1,1,-1
20151323K1172,1,9,0,18,0,0,0,0,0,0,4,1,6,2,42,7,2993,2,3,-1,-1,-1
20151323K1292,1,9,0,4,0,0,0,0,0,0,2,1,6,2,46,8,1968,2,2,-1,1,-1
20151323K1292,2,21,1,4,0,0,0,0,0,0,1,1,1,1,59,9,12777,2,3,-1,1,-1
20151323K1296,1,9,0,5,0,2,0,0,0,0,3,1,6,1,74,10,1781,1,23,-1,1,-1
20151323K1296,2,9,0,18,0,2,0,0,0,0,1,1,6,1,61,9,-1,-1,-1,-1,1,-1
20151323K1339,1,9,0,18,0,8,0,0,0,0,1,1,2,1,30,6,1586,1,9,-1,1,-1
20151323K1339,2,9,0,9,0,8,0,0,0,0,1,1,2,1,31,6,1984,1,10,-1,1,-1
20151323K1829,1,9,0,9,0,2,0,0,0,0,1,1,6,1,31,6,1364,1,6,-1,1,-1
20151323K1840,1,19,0,18,0,0,1,0,4,6,1,1,2,1,38,7,1598,2,1,-1,1,-1
20151323K1840,2,9,0,18,0,0,1,0,2,7,2,1,6,1,20,4,2969,2,9,-1,1,-1
20151323L0425,1,9,0,9,0,8,0,0,0,0,1,1,6,2,40,7,2993,2,6,-1,3,-1
20151323L0425,2,9,0,18,0,8,0,0,0,0,1,1,6,2,23,5,1242,1,3,-1,3,-1
20151323L0451,1,9,0,9,0,1,0,0,0,0,1,1,6,2,28,6,1390,1,3,-1,3,-1
20151323L0451,2,1,0,18,0,8,5,0,0,0,4,1,6,1,51,8,-1,-1,-1,-1,3,-1
20151323L0579,1,9,0,13,0,0,0,0,0,0,4,1,6,2,32,6,1390,1,6,-1,1,-1
20151323L0680,1,9,0,7,0,8,0,0,0,0,0,1,6,2,33,6,1461,2,1,-1,1,-1
20151323L1254,1,9,0,9,0,8,0,0,0,0,1,1,6,1,29,6,2184,2,10,-1,1,-1
20151323L1254,2,9,0,18,0,8,0,0,0,0,4,1,6,2,22,5,-1,-1,-1,-1,1,-1
20151323L1288,1,9,0,18,0,0,0,0,0,0,4,1,6,2,76,11,2410,1,21,-1,1,-1
20151323L1381,1,9,0,9,0,3,0,0,0,0,1,1,6,1,-1,-1,1124,1,11,-1,-1,-1
20151323L1620,1,9,0,18,0,1,0,0,0,0,1,1,6,2,44,7,1753,2,11,-1,1,-1
20151323L1620,2,9,0,9,0,6,0,0,0,0,3,1,6,2,74,10,996,1,3,-1,1,-1
20151323L1712,1,9,0,5,0,0,0,0,0,0,3,1,6,1,36,7,1968,2,6,-1,1,-1
20151323L1795,1,9,0,18,0,2,0,0,2,2,1,1,6,1,32,6,1149,1,1,-1,1,-1
20151323M0058,1,9,0,18,0,1,0,0,0,0,1,1,6,1,-1,-1,-1,-1,-1,-1,-1,-1
20151323M0077,1,9,0,18,0,0,0,0,0,0,3,1,6,1,22,5,1968,2,12,-1,1,-1
20151323M0227,1,9,0,10,0,1,0,0,0,0,2,1,1,1,37,7,2198,1,8,-1,1,-1
20151323M0227,2,19,0,18,0,1,0,0,0,0,1,1,6,1,31,6,1753,2,12,-1,1,-1
20151323M0540,1,9,0,18,0,8,0,0,0,0,4,1,6,1,51,8,1753,2,11,-1,1,-1
20151323M0540,2,1,0,18,0,8,0,0,0,0,1,1,6,1,29,6,-1,-1,-1,-1,1,-1
20151323M0792,1,9,0,5,0,4,0,0,0,0,3,1,6,1,69,10,1246,1,8,-1,1,-1
20151323M0792,2,1,0,18,0,8,0,0,0,0,1,1,6,1,46,8,-1,-1,-1,-1,1,-1
20151323M0938,1,9,0,18,0,8,0,0,0,0,1,1,6,1,24,5,1390,1,6,-1,1,-1
20151323M0938,2,9,0,9,0,1,0,0,0,0,1,1,6,1,38,7,1587,1,13,-1,1,-1
20151323M0961,1,3,0,18,0,8,0,0,0,0,1,1,6,1,44,7,123,1,34,-1,1,-1
20151323M0961,2,9,0,3,0,8,0,0,0,0,2,1,2,1,27,6,998,1,14,-1,1,-1
20151323M0964,1,5,0,9,0,6,1,0,0,0,4,1,6,1,67,10,998,1,13,-1,1,-1
20151323M1104,1,9,0,17,0,0,0,0,0,0,1,1,6,1,-1,-1,-1,-1,-1,-1,-1,-1
20151323M1104,2,1,0,18,0,0,0,0,0,0,2,1,6,1,7,2,-1,-1,-1,-1,1,-1
20151323M1113,1,9,0,9,0,0,0,0,0,0,3,1,6,1,64,9,1998,2,5,-1,1,-1
20151323M1113,2,5,0,13,0,0,5,0,0,0,4,1,6,1,60,9,1299,1,8,-1,1,-1
20151323M1240,1,9,0,9,0,8,0,0,0,0,4,1,6,1,22,5,1590,1,24,-1,1,-1
20151323M1240,2,9,0,18,0,8,0,0,0,0,1,1,6,2,40,7,1596,1,6,-1,1,-1
20151323M1691,1,9,0,13,0,0,0,0,0,0,1,1,6,1,20,4,1229,1,2,-1,-1,-1
20151323M1691,2,9,0,6,0,0,0,0,0,0,1,1,1,1,31,6,1997,2,7,-1,-1,-1
20151323M1691,3,9,0,2,0,0,0,0,0,0,3,1,6,2,31,6,1242,1,9,-1,-1,-1
20151323N0335,1,9,0,9,0,5,0,0,0,0,4,1,2,2,57,9,1388,1,7,-1,1,-1
20151323N0335,2,1,0,18,0,8,0,0,0,0,3,1,6,1,8,2,-1,-1,-1,-1,1,-1
20151323N0369,1,9,0,1,0,0,0,0,0,0,2,1,6,2,30,6,1587,1,14,-1,1,-1
20151323N0369,2,9,0,18,0,0,0,0,0,0,3,1,1,1,37,7,1910,2,9,-1,-1,-1
20151323N0374,1,9,0,7,0,5,0,0,0,0,4,1,6,1,25,5,1587,1,9,-1,1,-1
20151323N0374,2,1,0,18,0,8,0,0,0,0,3,1,6,2,27,6,-1,-1,-1,-1,1,-1
20151323N0548,1,9,0,7,0,6,0,0,0,0,1,1,6,2,-1,-1,-1,-1,-1,-1,-1,-1
20151323N0548,2,1,0,18,0,8,0,0,0,0,3,1,6,1,23,5,-1,-1,-1,-1,1,-1
20151323N0612,1,9,0,18,0,8,0,0,0,0,1,1,6,2,31,6,1560,2,8,-1,1,-1
20151323N0612,2,9,0,9,0,7,0,0,0,0,3,1,6,1,46,8,1397,1,14,-1,-1,-1
20151323N0818,1,9,0,9,0,8,0,0,0,0,4,1,6,1,70,10,1598,1,9,-1,2,-1
20151323N0818,2,4,0,18,0,8,0,0,0,0,3,1,6,1,55,8,498,1,25,-1,1,-1
20151323N0837,1,21,1,11,0,0,0,0,0,0,4,1,1,1,50,8,12130,2,10,-1,3,-1
20151323N0837,2,9,0,18,0,0,1,0,0,0,3,1,6,2,33,6,1910,2,9,-1,1,-1
20151323N0881,1,9,0,9,0,8,0,0,0,0,4,1,6,1,29,6,1753,2,9,-1,-1,-1
20151323N0881,2,9,0,18,0,8,0,0,0,0,1,1,6,1,28,6,2143,2,3,-1,1,-1
20151323N0998,1,9,0,9,0,4,0,0,0,0,4,1,6,1,60,9,1951,2,12,-1,1,-1
20151323N1022,1,9,0,18,0,1,0,0,0,0,1,1,6,1,-1,-1,2148,2,13,-1,-1,-1
20151323N1022,2,9,0,3,0,1,0,0,0,0,2,1,6,2,44,7,1242,1,14,-1,1,-1
20151323N1090,1,4,0,18,0,8,0,0,0,0,1,1,6,1,61,9,790,1,13,-1,2,-1
20151323N1090,2,9,0,9,0,5,0,0,0,0,3,1,6,1,24,5,1968,2,8,-1,2,-1
20151323N1166,1,9,0,18,0,0,0,0,0,0,4,1,6,1,58,9,-1,-1,-1,-1,1,-1
20151323N1166,2,21,1,18,0,0,0,0,0,0,3,1,1,1,49,8,15928,2,5,-1,1,-1
20151323N1177,1,11,0,18,2,8,0,0,1,1,1,1,1,1,24,5,8650,2,13,-1,1,-1
20151323N1177,2,9,0,7,0,8,0,0,0,0,4,1,6,1,58,9,1390,1,3,-1,1,-1
20151323N1273,1,19,0,18,0,0,0,0,0,0,3,1,6,3,-1,-1,-1,-1,-1,-1,-1,-1
20151323N1324,1,9,0,18,0,1,0,0,0,0,1,1,6,2,22,5,1328,1,10,-1,2,-1
20151323N1654,1,9,0,6,0,0,0,0,0,0,3,1,1,1,48,8,1598,1,7,-1,-1,-1
20151323N1654,2,9,0,18,0,0,0,0,0,0,1,1,6,1,28,6,2148,2,9,-1,-1,-1
20151323O0311,1,1,0,18,0,8,0,0,0,0,3,1,6,1,17,4,-1,-1,-1,-1,1,-1
20151323O0311,2,9,0,9,0,6,0,0,0,0,1,1,1,1,49,8,1598,1,12,-1,1,-1
20151323O0312,1,9,0,9,0,1,0,0,0,0,2,1,6,2,62,9,1595,1,-1,-1,-1,-1
20151323O0312,2,9,0,18,0,1,0,0,0,0,1,1,6,2,28,6,1598,1,5,-1,1,-1
20151323O0335,1,9,0,18,0,1,0,0,0,0,4,1,3,2,30,6,998,1,2,-1,1,-1
20151323O0416,1,9,0,18,0,1,0,0,0,0,1,1,6,1,27,6,6208,1,4,-1,1,-1
20151323O0416,2,9,0,9,0,5,0,0,0,0,4,1,6,1,74,10,1948,1,14,-1,1,-1
20151323O0636,1,9,0,18,0,1,0,0,0,0,4,1,6,3,-1,-1,-1,-1,-1,-1,-1,-1
20151323O0674,1,1,0,18,0,1,0,0,0,0,4,1,6,1,22,5,-1,-1,-1,-1,1,-1
20151323O0674,2,9,0,18,0,1,0,0,0,0,1,1,6,1,35,6,2967,2,4,-1,1,-1
20151323O0692,1,9,0,10,0,1,0,0,0,0,2,1,6,2,26,6,998,1,1,-1,1,-1
20151323O0692,2,9,0,18,0,1,0,0,0,0,1,1,6,3,-1,-1,-1,-1,-1,-1,-1,-1
20151323O0867,1,9,0,18,0,0,0,0,0,0,1,1,6,1,32,6,1968,2,2,-1,1,-1
20151323O0867,2,9,0,18,0,0,0,0,0,0,0,1,6,1,39,7,1796,1,10,-1,1,-1
20151323O0867,3,9,0,18,0,0,0,0,0,0,0,1,6,3,-1,-1,-1,-1,-1,-1,-1,-1
20151323O0903,1,9,0,18,0,8,0,0,0,0,3,1,1,1,39,7,1896,2,11,-1,1,-1
20151323O0903,2,19,0,5,0,8,0,0,0,0,1,1,6,1,25,5,1998,2,14,-1,1,-1
20151323O0949,1,9,0,7,4,8,0,0,0,0,4,1,6,1,43,7,2143,2,-1,-1,1,-1
20151323O0949,2,1,0,15,4,8,0,0,0,0,1,1,2,1,52,8,-1,-1,-1,-1,1,-1
20151323O0951,1,9,0,18,0,8,0,0,0,0,1,1,6,1,21,5,1968,2,2,-1,3,-1
20151323O0951,2,9,0,9,0,8,0,0,0,0,3,1,1,1,61,9,1120,2,2,-1,1,-1
20151323O0992,1,9,0,5,0,0,0,0,0,0,3,1,6,1,49,8,1598,1,13,-1,1,-1
20151323O0992,2,3,0,13,0,0,0,0,0,0,1,1,6,1,43,7,124,1,7,-1,1,-1
20151323O1054,1,9,0,4,0,0,0,0,0,0,1,1,6,1,43,7,-1,-1,-1,-1,1,-1
20151323O1054,2,9,0,4,0,0,0,0,0,0,2,1,6,1,56,9,1997,2,14,-1,1,-1
20151323O1054,3,9,0,4,0,0,0,0,0,0,2,1,6,1,37,7,1910,2,8,-1,1,-1
20151323O1101,1,9,0,9,9,8,0,0,0,0,4,1,6,2,36,7,1968,2,9,-1,1,-1
20151323O1327,1,9,0,9,0,8,0,0,0,0,3,1,6,2,46,8,1242,1,11,-1,1,-1
20151323O1327,2,5,0,3,0,1,0,0,0,0,1,1,2,1,52,8,600,1,14,-1,1,-1
20151323O1496,1,9,0,18,0,8,0,0,0,0,2,1,6,2,35,6,1910,2,9,-1,1,-1
20151323O1496,2,9,0,18,0,8,0,0,0,0,1,1,6,1,19,4,1198,1,8,-1,1,-1
20151323P0137,1,19,0,18,0,0,5,0,1,10,4,1,1,1,40,7,2402,2,3,-1,1,-1
20151323P0157,1,9,0,18,0,8,0,0,0,0,3,1,6,1,53,8,-1,-1,-1,-1,1,-1
20151323P0157,2,9,0,7,0,6,0,0,0,0,1,1,6,2,37,7,1799,1,7,-1,1,-1
20151323P0215,1,9,0,5,0,8,0,0,0,0,0,1,1,2,64,9,998,1,3,-1,1,-1
20151323P0215,2,9,0,18,0,8,0,0,1,0,1,1,2,1,28,6,1956,2,3,-1,1,-1
20151323P0221,1,9,0,18,0,0,0,0,0,0,1,1,3,1,53,8,1296,1,7,-1,1,-1
20151323P0248,1,9,0,18,0,2,0,0,0,0,1,1,6,3,-1,-1,-1,-1,-1,-1,-1,-1
20151323P0419,1,9,0,7,0,1,0,0,0,0,4,1,6,2,62,9,1999,1,2,-1,1,-1
20151323P0419,2,1,0,9,0,1,0,0,0,0,1,1,6,1,30,6,-1,-1,-1,-1,1,-1
20151323P0533,1,9,0,5,0,0,0,0,0,0,1,1,6,2,73,10,1591,1,3,-1,-1,-1
20151323P0631,1,8,0,6,0,0,0,0,0,0,3,1,1,1,57,9,1995,2,3,-1,1,-1
20151323P0631,2,9,0,18,0,0,0,0,0,0,1,1,6,2,27,6,1968,2,10,-1,1,-1
20151323P0647,1,9,0,4,6,2,0,0,0,0,1,1,6,1,87,11,1598,1,5,-1,-1,-1
20151323P0731,1,9,0,18,0,1,0,0,0,0,3,1,6,2,20,4,1299,1,12,-1,1,-1
20151323P0731,2,9,0,9,0,1,0,0,0,0,4,1,6,2,20,4,1124,1,13,-1,1,-1
20151323P0767,1,11,0,2,2,0,0,0,0,0,0,1,1,1,57,9,9360,2,7,-1,1,-1
20151323P0809,1,2,0,18,0,8,0,0,0,0,0,1,6,1,16,4,49,1,-1,-1,1,-1
20151323P0952,1,9,0,18,0,2,0,0,0,0,3,1,6,3,-1,-1,-1,-1,-1,-1,-1,-1