Accident_Index,Vehicle_Reference,Vehicle_Type,Towing_and_Articulation,Vehicle_Manoeuvre,Vehicle_Location-Restricted_Lane,Junction_Location,Skidding_and_Overturning,Hit_Object_in_Carriageway,Vehicle_Leaving_Carriageway,Hit_Object_off_Carriageway,1st_Point_of_Impact,Was_Vehicle_Left_Hand_Drive?,Journey_Purpose_of_Driver,Sex_of_Driver,Age_of_Driver,Age_Band_of_Driver,Engine_Capacity_(CC),Propulsion_Code,Age_of_Vehicle,Driver_IMD_Decile,Driver_Home_Area_Type,Vehicle_IMD_Decile
20151323P0959,1,1,0,18,0,8,5,0,0,0,1,1,6,1,49,8,-1,-1,-1,-1,1,-1
20151323P0959,2,9,0,18,0,8,0,0,0,0,2,1,6,2,50,8,1796,1,11,-1,2,-1
20151323P0981,1,9,0,18,0,0,0,0,0,0,4,1,6,1,56,9,1560,2,4,-1,1,-1
20151323P1019,1,8,0,2,0,0,0,0,0,0,4,1,1,1,37,7,1896,2,8,-1,1,-1
20151323P1088,1,20,0,9,0,1,0,0,0,0,1,1,1,1,26,6,2198,2,1,-1,1,-1
20151323P1088,2,1,0,18,9,1,0,0,0,0,1,1,2,1,23,5,-1,-1,-1,-1,1,-1
20151323P1152,1,9,0,18,0,0,0,0,0,0,1,1,2,1,43,7,999,1,17,-1,1,-1
20151323P1152,2,9,0,18,0,0,0,0,0,0,2,1,2,2,59,9,1386,1,4,-1,1,-1
20151323P1152,3,9,0,18,0,0,0,0,0,0,2,1,2,2,26,6,1124,1,10,-1,1,-1
20151323P1222,1,9,0,9,0,2,0,0,0,0,3,1,6,2,51,8,1328,1,4,-1,1,-1
20151323P1222,2,9,0,18,0,1,0,0,0,0,0,1,1,1,30,6,1332,1,18,-1,1,-1
20151323P1492,1,9,0,18,0,0,0,0,0,0,3,1,6,2,45,7,1398,2,11,-1,1,-1
20151323Q0193,1,9,0,17,0,0,1,0,1,11,1,1,2,1,38,7,1686,2,10,-1,-1,-1
20151323Q0193,2,19,0,16,0,0,0,0,1,11,1,1,2,1,48,8,2198,2,1,-1,1,-1
20151323Q0315,1,8,0,18,0,0,0,0,0,0,2,1,1,1,59,9,1968,2,5,-1,-1,-1
20151323Q0315,2,9,0,18,0,0,0,0,0,0,1,1,2,2,-1,-1,2967,2,4,-1,-1,-1
20151323Q0343,1,9,0,9,0,8,0,0,0,0,3,1,6,1,27,6,1149,1,11,-1,1,-1
20151323Q0355,1,9,0,18,0,2,0,0,0,0,3,1,6,1,48,8,998,1,16,-1,1,-1
20151323Q0437,1,9,0,3,0,0,0,0,0,0,1,1,3,1,51,8,1986,2,9,-1,1,-1
20151323Q0437,2,19,0,18,0,0,0,0,0,0,2,1,2,1,28,6,2299,2,2,-1,1,-1
20151323Q0531,1,9,0,2,0,0,0,0,0,0,3,1,6,1,46,8,1598,1,11,-1,1,-1
20151323Q0531,2,19,4,18,0,0,0,4,0,0,1,1,1,1,32,6,2148,2,8,-1,1,-1
20151323Q0577,1,1,0,18,0,0,0,0,0,0,3,1,6,1,24,5,-1,-1,-1,-1,1,-1
20151323Q0577,2,9,0,5,0,0,0,0,0,0,1,1,6,1,27,6,2698,2,8,-1,2,-1
20151323Q0780,1,9,0,18,0,1,0,0,0,0,1,1,1,1,22,5,-1,-1,-1,-1,1,-1
20151323Q0780,2,9,0,9,0,8,0,0,3,11,3,1,6,1,39,7,-1,-1,-1,-1,1,-1
20151323Q0780,3,9,0,2,0,2,0,0,0,0,2,1,6,3,-1,-1,1390,1,12,-1,-1,-1
20151323Q0798,1,9,0,14,0,0,0,0,0,0,1,1,6,2,40,7,1596,1,4,-1,1,-1
20151323Q0948,1,9,0,18,0,0,0,0,0,0,4,1,2,2,36,7,1796,1,8,-1,1,-1
20151323Q1449,1,9,0,18,0,1,0,0,0,0,1,1,6,2,31,6,1389,1,12,-1,1,-1
20151323Q1449,2,9,0,9,0,8,1,0,0,0,1,1,6,1,-1,-1,-1,-1,-1,-1,-1,-1
20151323Q1617,1,9,0,9,0,8,0,0,0,0,1,1,6,2,46,8,1587,1,11,-1,1,-1
20151323Q1617,2,2,0,18,0,8,0,0,0,0,1,1,6,1,17,4,49,1,12,-1,1,-1
20151323R0236,1,9,0,9,0,8,0,0,0,0,1,1,2,1,39,7,2143,2,-1,-1,-1,-1
20151323R0236,2,9,0,18,0,8,0,0,0,0,1,1,2,1,35,6,1796,1,11,-1,3,-1
20151323R0238,1,19,0,5,0,6,0,0,0,0,3,1,1,1,56,9,1968,2,1,-1,1,-1
20151323R0238,2,3,0,18,0,8,0,0,0,0,1,1,2,1,35,6,124,1,7,-1,1,-1
20151323R0570,1,11,0,2,3,0,0,0,0,0,0,1,1,1,42,7,6700,2,7,-1,1,-1
20151323R0788,1,9,0,18,0,0,5,0,0,0,1,1,6,1,54,8,1229,1,5,-1,1,-1
20151323R0788,2,9,0,2,0,0,0,0,0,0,2,1,6,3,-1,-1,2204,2,9,-1,-1,-1
20151323R0792,1,8,0,18,0,0,0,0,0,0,1,1,1,1,34,6,2231,2,9,-1,-1,-1
20151323R0792,2,8,0,18,0,0,0,0,0,0,2,1,1,1,41,7,2204,2,7,-1,-1,-1
20151323R0940,1,1,0,16,0,8,0,0,0,0,1,1,6,1,38,7,-1,-1,-1,-1,2,-1
20151323R0940,2,9,0,3,0,8,0,0,0,0,2,1,6,1,63,9,1995,2,11,-1,1,-1
20151323R0947,1,9,0,9,0,6,0,0,3,2,3,1,6,2,30,6,1596,1,11,-1,1,-1
20151323R0947,2,9,0,18,0,8,0,0,0,0,1,1,3,2,50,8,1360,1,5,-1,1,-1
20151323R1002,1,9,0,18,0,0,0,0,1,3,4,1,6,1,24,5,-1,-1,-1,-1,1,-1
20151323R1002,2,9,0,18,0,0,0,0,0,0,0,1,6,3,-1,-1,-1,-1,-1,-1,-1,-1
20151323R1133,1,1,0,18,0,2,0,0,0,0,4,1,6,2,9,2,-1,-1,-1,-1,1,-1
20151323R1133,2,9,0,18,0,1,0,0,0,0,1,1,6,2,32,6,1997,2,9,-1,1,-1
20151323R1312,1,9,0,18,0,6,0,0,0,0,3,1,6,1,31,6,1997,1,13,-1,1,-1
20151323R1384,1,4,0,18,0,1,0,0,0,0,1,1,6,1,28,6,-1,-1,-1,-1,-1,-1
20151323R1384,2,9,0,3,0,1,0,0,0,0,2,1,6,2,22,5,1598,1,1,-1,1,-1
20151323R1537,1,9,0,10,0,1,0,0,0,0,2,1,6,1,68,10,1396,1,2,-1,2,-1
20151323R1537,2,9,0,18,0,1,0,0,0,0,1,1,6,2,21,5,1598,1,2,-1,3,-1
20151323R1817,1,9,0,18,0,0,2,0,0,0,1,1,6,1,19,4,-1,-1,-1,-1,1,-1
20151323R1817,2,9,0,2,9,0,0,0,0,0,1,1,6,1,-1,-1,1968,2,9,-1,-1,-1
20151323R1817,3,9,0,2,9,0,0,0,0,0,4,1,6,2,-1,-1,1598,1,8,-1,-1,-1
20151323S0535,1,9,0,9,0,6,0,0,0,0,1,1,6,1,74,10,1560,2,2,-1,1,-1
20151323S0535,2,4,0,18,0,8,0,0,0,0,4,1,1,1,25,5,250,1,1,-1,-1,-1
20151323S0679,1,9,0,9,0,8,0,0,0,0,3,1,6,2,30,6,996,1,6,-1,1,-1
20151323S0679,2,9,0,18,0,1,0,0,0,0,1,1,6,2,48,8,1598,1,12,-1,1,-1
20151323S0779,1,9,0,18,0,1,0,0,0,0,1,1,6,1,41,7,2231,2,10,-1,1,-1
20151323S0782,1,9,0,7,0,8,0,0,0,0,2,1,6,1,28,6,1910,2,7,-1,2,-1
20151323S0782,2,9,0,18,0,1,0,0,0,0,1,1,6,1,76,11,1242,1,11,-1,1,-1
20151323S0782,3,9,0,7,0,1,0,0,0,0,0,1,1,1,30,6,1995,2,2,-1,-1,-1
20151323S0810,1,9,0,18,0,8,0,0,0,0,1,1,6,1,28,6,1753,2,14,-1,1,-1
20151323S0810,2,9,0,9,0,8,0,0,0,0,3,1,6,1,-1,-1,1968,2,2,-1,1,-1
20151323S0826,1,9,0,18,0,0,0,0,1,11,2,1,6,1,40,7,1390,1,2,-1,-1,-1
20151323S0826,2,9,0,18,0,0,0,0,0,0,1,1,1,1,40,7,2993,2,1,-1,-1,-1
20151323S0826,3,9,0,13,0,0,0,0,0,0,4,1,1,1,40,7,2993,2,1,-1,-1,-1
20151323S0868,1,2,0,4,0,0,2,0,0,0,1,1,6,1,27,6,49,1,9,-1,1,-1
20151323S0868,2,9,0,3,0,0,0,0,0,0,2,1,1,1,32,6,1598,2,2,-1,1,-1
20151323S1082,1,5,0,18,0,0,0,0,0,0,0,1,6,1,50,8,1000,1,7,-1,-1,-1
20151323S1126,1,9,0,9,0,6,0,0,0,0,4,1,6,1,23,5,1598,2,4,-1,1,-1
20151323S1126,2,9,0,7,0,6,0,0,0,0,3,1,6,2,44,7,1348,1,15,-1,1,-1
20151323S1219,1,9,0,18,0,0,0,0,0,0,1,1,6,1,26,6,1968,2,8,-1,1,-1
20151323S1251,1,9,0,18,0,0,0,0,0,0,3,1,6,1,30,6,1598,1,8,-1,1,-1
20151323S1251,2,8,0,18,0,0,0,0,0,0,3,1,1,1,44,7,1910,2,8,-1,1,-1
20151323S1327,1,9,0,18,0,0,0,0,0,0,1,1,6,2,23,5,1229,1,10,-1,3,-1
20151323S1440,1,9,0,9,0,8,0,0,0,0,4,1,6,2,58,9,1242,1,8,-1,-1,-1
20151323S1440,2,5,0,18,0,8,0,0,0,0,1,1,6,1,34,6,798,1,4,-1,1,-1
20151323S1500,1,9,0,18,0,0,5,0,8,11,1,1,1,1,18,4,-1,-1,-1,-1,1,-1
20151323S1509,1,9,0,18,0,0,1,0,0,0,3,1,6,1,77,11,998,1,19,-1,1,-1
20151323S1509,2,9,0,2,0,0,0,0,0,0,0,1,1,1,39,7,1229,1,6,-1,1,-1
20151323T0418,1,1,0,18,0,0,0,0,0,0,1,1,6,1,66,10,-1,-1,-1,-1,1,-1
20151323T0510,1,9,0,18,0,0,0,0,0,0,1,1,6,3,30,6,-1,-1,-1,-1,-1,-1
20151323T0510,2,9,0,18,0,0,0,0,0,0,1,1,6,1,30,6,1199,1,14,-1,-1,-1
20151323T0535,1,9,0,18,0,0,0,0,0,0,1,1,6,3,-1,-1,-1,-1,-1,-1,-1,-1
20151323T0535,2,1,0,17,0,0,0,0,0,0,2,1,6,1,19,4,-1,-1,-1,-1,1,-1
20151323T0572,1,9,0,5,0,6,0,0,0,0,3,1,6,1,37,7,1396,1,1,-1,1,-1
20151323T0572,2,1,0,18,0,8,0,0,0,0,4,1,6,1,40,7,-1,-1,-1,-1,1,-1
20151323T0687,1,9,0,9,0,6,0,0,0,0,1,1,6,2,26,6,1598,1,9,-1,1,-1
20151323T0687,2,9,0,18,0,8,0,0,0,0,4,1,6,2,64,9,1198,1,-1,-1,2,-1
20151323T0873,1,1,0,18,0,6,0,0,0,0,1,1,6,1,4,1,-1,-1,-1,-1,-1,-1
20151323T0873,2,9,0,18,0,8,0,0,0,0,3,1,6,2,60,9,999,1,3,-1,-1,-1
20151323T0929,1,9,0,18,0,0,0,0,0,0,1,1,6,2,33,6,1995,2,1,-1,1,-1
20151323T0929,2,9,0,2,0,0,0,0,0,0,2,1,6,2,49,8,1598,2,1,-1,-1,-1
20151323T1023,1,9,0,18,0,0,0,0,0,0,0,1,6,1,66,10,1968,2,6,-1,3,-1
20151323T1023,2,1,0,18,0,0,0,0,0,0,0,1,6,1,22,5,-1,-1,-1,-1,-1,-1
20151323T1151,1,9,0,18,0,8,0,0,0,0,1,1,6,1,-1,-1,1398,2,13,-1,-1,-1
20151323T1247,1,11,0,9,0,6,0,0,0,0,1,1,1,1,42,7,4500,2,2,-1,1,-1
20151323T1260,1,9,0,18,0,0,0,0,0,0,0,1,6,1,24,5,1560,2,2,-1,-1,-1
20151323T1348,1,9,0,18,0,1,0,0,0,0,1,1,6,1,-1,-1,1600,2,5,-1,-1,-1
20151323T1348,2,1,0,18,0,1,0,0,0,0,4,1,6,1,16,4,-1,-1,-1,-1,1,-1
20151323T1377,1,9,0,7,0,8,0,0,0,0,1,1,6,3,18,4,-1,-1,-1,-1,1,-1
20151323T1377,2,9,0,7,0,8,0,0,0,0,4,1,6,1,-1,-1,1598,1,12,-1,-1,-1
20151323U0152,1,9,0,9,0,1,1,0,1,0,3,1,6,1,50,8,2204,2,7,-1,-1,-1
20151323U0152,2,9,0,18,0,2,0,0,2,0,1,1,6,1,30,6,2495,2,22,-1,-1,-1
20151323U0260,1,9,0,18,0,0,0,0,0,0,4,1,3,1,36,7,2198,1,9,-1,1,-1
20151323U0437,1,9,0,18,0,0,0,0,0,0,4,1,6,3,-1,-1,-1,-1,-1,-1,-1,-1
20151323U0437,2,1,0,18,0,0,0,0,0,0,3,1,2,1,20,4,-1,-1,-1,-1,1,-1
20151323U0452,1,21,1,18,0,0,0,0,0,0,1,1,1,1,36,7,10308,2,1,-1,1,-1
20151323U0452,2,19,0,18,0,0,0,0,0,0,2,1,1,1,25,5,2198,2,2,-1,2,-1
20151323U0544,1,9,0,18,0,0,1,0,2,11,1,1,6,1,30,6,1984,1,1,-1,1,-1
20151323U0544,2,9,0,18,0,0,0,0,0,0,0,1,1,1,46,8,998,1,2,-1,1,-1
20151323U0544,3,9,0,9,0,0,0,0,0,0,1,1,6,1,62,9,1753,2,15,-1,1,-1
20151323U0703,1,19,0,2,0,0,0,0,0,0,2,1,1,1,54,8,1968,2,3,-1,1,-1
20151323U0703,2,9,0,18,0,0,0,0,0,0,1,1,1,1,26,6,1997,2,7,-1,1,-1
20151323U0717,1,3,0,18,0,1,0,0,0,0,1,1,2,1,22,5,124,1,4,-1,1,-1
20151323U0717,2,9,0,4,0,1,0,0,0,0,2,1,6,2,55,8,2967,2,1,-1,3,-1
20151323U0816,1,9,0,9,0,5,0,0,0,0,3,1,6,2,64,9,1388,1,11,-1,2,-1
20151323U0816,2,9,0,9,0,6,0,0,0,0,1,1,6,2,80,11,1229,1,4,-1,-1,-1
20151323U1006,1,9,0,1,0,0,0,0,0,0,2,1,6,2,27,6,1198,1,13,-1,1,-1
20151323U1215,1,17,0,18,0,8,0,0,0,0,1,1,6,1,26,6,700,1,9,-1,1,-1
20151323U1215,2,9,0,9,0,8,0,0,0,0,1,1,6,1,36,7,1986,2,8,-1,1,-1
20151323U1240,1,9,0,18,0,8,0,0,0,7,1,1,6,2,46,8,1198,1,1,-1,1,-1
20151323U1240,2,9,0,18,0,8,0,0,0,0,1,1,6,2,30,6,1364,1,8,-1,1,-1
20151323U1294,1,8,0,9,0,8,0,0,0,0,3,1,1,1,44,7,1995,2,6,-1,1,-1
20151323U1378,1,9,0,9,0,8,0,0,0,0,1,1,6,2,37,7,1968,2,4,-1,1,-1
20151323U1424,1,9,0,9,0,8,1,0,1,7,1,1,6,1,65,9,1388,1,7,-1,3,-1
20151323U1433,1,19,0,18,0,1,0,0,0,0,4,1,6,3,-1,-1,-1,-1,-1,-1,-1,-1
20151323U1433,2,1,0,18,0,2,0,0,0,0,3,1,6,1,56,9,-1,-1,-1,-1,1,-1
20151323U1477,1,9,0,18,0,0,0,0,0,0,0,1,6,2,25,5,1349,1,3,-1,1,-1
20151323U1477,2,3,0,18,0,0,2,0,0,0,0,1,6,1,26,6,125,1,7,-1,1,-1
20151323U1734,1,9,0,1,0,0,0,0,0,0,2,1,6,1,69,10,1560,2,1,-1,1,-1
20151323U1734,2,9,0,2,0,0,0,0,0,0,1,1,6,2,23,5,1229,1,9,-1,1,-1
20151323V0013,1,9,0,18,0,0,1,7,5,6,1,1,6,1,23,5,1248,2,7,-1,1,-1
20151323V0060,1,9,0,18,0,0,5,0,7,11,1,1,6,3,-1,-1,-1,-1,-1,-1,-1,-1
20151323V0060,2,9,0,2,0,0,0,0,0,0,2,1,6,1,-1,-1,1598,1,3,-1,-1,-1
20151323V0122,1,9,0,17,0,8,0,0,1,1,1,1,6,2,41,7,-1,-1,-1,-1,1,-1
20151323V0349,1,9,0,4,0,0,0,0,0,0,2,1,6,2,25,5,998,1,9,-1,1,-1
20151323V0349,2,9,0,18,0,0,0,0,0,0,1,1,6,3,-1,-1,-1,-1,-1,-1,-1,-1
20151323V0404,1,9,0,10,0,8,0,0,0,0,3,1,6,2,36,7,1799,1,9,-1,1,-1
20151323V0404,2,9,0,7,0,8,0,0,0,0,1,1,6,1,45,7,-1,-1,-1,-1,1,-1
20151323V0433,1,1,0,18,0,1,0,0,0,0,4,1,6,1,31,6,-1,-1,-1,-1,1,-1
20151323V0433,2,9,0,18,0,1,0,0,0,0,3,1,6,1,-1,-1,-1,-1,-1,-1,-1,-1
20151323V0449,1,1,0,18,3,1,0,0,0,0,1,1,6,2,23,5,-1,-1,-1,-1,1,-1
20151323V0449,2,9,0,8,0,1,0,0,0,0,2,1,6,1,45,7,1560,2,1,-1,1,-1
20151323V0569,1,21,0,18,0,0,0,0,0,0,1,1,1,1,47,8,12740,2,2,-1,1,-1
20151323V0569,2,21,0,4,0,0,0,0,0,0,2,1,1,1,58,9,10518,2,3,-1,1,-1
20151323V0635,1,9,0,18,0,0,0,0,0,0,1,1,6,2,36,7,1910,2,9,-1,1,-1
20151323V0651,1,9,0,9,0,6,0,0,0,0,1,1,6,1,-1,-1,1199,1,13,-1,-1,-1
20151323V0651,2,9,0,18,0,1,0,0,0,0,1,1,6,1,56,9,2231,2,3,-1,-1,-1
20151323V0651,3,9,0,18,0,1,0,0,0,0,0,1,1,1,-1,-1,2993,2,2,-1,-1,-1
20151323V0782,1,19,0,18,0,0,0,0,0,0,4,1,1,1,54,8,2299,2,3,-1,-1,-1
20151323V0846,1,9,0,18,0,0,0,0,0,0,3,1,6,3,-1,-1,-1,-1,-1,-1,-1,-1
20151323V0846,2,1,0,18,0,0,0,0,0,0,4,1,6,1,29,6,-1,-1,-1,-1,1,-1
20151323V1162,1,9,0,18,6,0,0,0,0,0,1,1,1,1,37,7,1956,2,6,-1,1,-1
20151323V1251,1,8,0,1,0,0,0,0,0,0,2,1,1,1,25,5,1997,2,7,-1,-1,-1
20151323V1258,1,9,0,7,0,6,0,0,0,0,1,1,6,1,21,5,1598,1,14,-1,2,-1
20151323V1258,2,9,0,18,0,1,0,0,0,0,1,1,6,2,62,9,1586,1,6,-1,2,-1
20151323V1304,1,8,0,3,0,1,0,0,0,0,2,1,1,1,55,8,1910,2,7,-1,-1,-1
20151323V1304,2,9,0,3,0,1,0,0,0,0,2,1,6,1,35,6,1968,2,1,-1,-1,-1
20151323V1304,3,8,0,18,0,1,0,0,0,0,1,1,1,1,38,7,1797,8,5,-1,-1,-1
20151323V1374,1,9,0,2,0,0,0,0,7,0,2,1,6,1,-1,-1,2184,2,12,-1,-1,-1
20151323V1374,2,9,0,2,0,0,0,0,0,0,3,1,6,1,-1,-1,1198,1,1,-1,-1,-1
20151323V1510,1,19,0,18,0,8,0,0,0,0,1,1,1,1,51,8,-1,-1,-1,-1,-1,-1
20151323V1510,2,9,0,9,0,6,0,0,0,0,3,1,6,1,20,4,1984,1,7,-1,-1,-1
20151323V1517,1,9,0,18,0,8,0,0,0,0,1,1,6,1,28,6,998,1,4,-1,1,-1
20151323V1517,2,9,0,10,0,8,0,0,0,0,2,1,6,1,42,7,1598,2,1,-1,1,-1
20151323V1543,1,9,0,7,0,7,0,0,0,0,1,1,1,1,31,6,796,1,16,-1,1,-1
20151323V1543,2,9,0,18,0,8,0,0,1,1,4,1,6,1,32,6,1988,1,12,-1,1,-1
2015132410211,1,5,0,18,0,0,1,0,0,0,3,1,1,1,45,7,1783,1,4,-1,1,-1
2015132410211,2,19,0,6,0,0,0,0,0,0,2,1,1,1,27,6,2143,2,1,-1,1,-1
2015132410244,1,9,0,18,0,0,0,0,0,0,1,1,2,1,39,7,1497,1,10,-1,1,-1
2015132410297,1,9,0,18,0,0,0,0,0,0,2,1,6,2,27,6,1896,2,6,-1,1,-1
2015132410297,2,9,0,18,0,0,0,0,0,0,1,1,6,1,28,6,-1,-1,-1,-1,1,-1
2015132410323,1,9,0,18,0,0,0,0,0,0,1,1,6,1,-1,-1,-1,-1,-1,-1,-1,-1
2015132410323,2,9,0,18,0,0,0,0,0,0,2,1,6,2,19,4,1242,1,2,-1,1,-1
2015132410505,1,9,0,17,0,0,0,0,1,4,1,1,6,2,36,7,1781,1,13,-1,3,-1
2015132410581,1,9,0,5,0,1,0,0,0,0,1,1,6,2,27,6,1248,2,5,-1,1,-1
2015132410605,1,9,0,18,0,8,0,0,0,0,4,1,1,1,67,10,2191,2,1,-1,1,-1
2015132410605,2,9,0,9,0,8,0,0,0,0,1,1,6,2,67,10,1229,1,5,-1,2,-1
2015132410639,1,9,0,3,0,1,0,0,0,0,2,1,1,1,42,7,1560,2,3,-1,1,-1
2015132410639,2,9,0,3,0,1,0,0,0,0,2,1,1,1,25,5,-1,-1,-1,-1,1,-1
2015132410639,3,9,0,18,0,1,0,0,0,0,1,1,6,1,19,4,1364,1,1,-1,1,-1
2015132410790,1,9,0,12,0,6,0,0,0,11,1,1,6,2,84,11,1388,1,11,-1,1,-1
2015132410790,2,9,0,18,0,8,0,0,0,6,2,1,1,1,23,5,3400,6,16,-1,-1,-1
2015132411043,1,1,0,18,0,1,0,0,0,0,1,1,6,1,34,6,-1,-1,-1,-1,1,-1
2015132411078,1,9,0,18,0,6,0,0,0,0,1,1,2,2,54,8,1995,2,3,-1,1,-1
2015132411078,2,9,0,18,0,8,0,0,0,0,3,1,6,1,65,9,1999,1,9,-1,1,-1
2015132411114,1,11,0,4,0,0,0,0,0,0,0,1,1,1,59,9,6692,2,3,-1,1,-1
2015132411225,1,9,0,18,0,6,0,0,0,0,1,1,6,1,34,6,2993,2,9,-1,2,-1
2015132411225,2,9,0,18,0,8,0,0,0,0,1,1,6,1,44,7,2000,2,4,-1,1,-1
2015132411393,1,9,0,18,0,8,0,0,0,0,3,1,6,1,59,9,-1,-1,-1,-1,1,-1
2015132411393,2,9,0,18,0,8,0,0,0,0,1,1,6,1,24,5,1299,1,12,-1,1,-1
2015132411393,3,9,0,18,0,8,0,0,0,0,1,1,6,1,25,5,1995,2,5,-1,1,-1
2015132411602,1,9,0,16,0,0,1,10,1,2,1,1,2,2,26,6,-1,-1,-1,-1,1,-1
2015132420258,1,9,0,9,0,8,0,0,0,0,1,1,6,2,30,6,-1,-1,-1,-1,-1,-1
2015132420258,2,1,0,18,0,8,0,0,0,0,3,1,1,1,34,6,-1,-1,-1,-1,3,-1
2015132420262,1,9,0,18,0,1,0,0,0,0,1,1,6,1,61,9,1995,2,1,-1,1,-1
2015132420283,1,9,0,9,0,8,0,0,0,0,1,1,6,2,55,8,1299,1,10,-1,-1,-1
2015132420482,1,11,0,4,2,0,0,0,0,0,0,1,1,2,59,9,-1,-1,-1,-1,1,-1
2015132420586,1,9,0,18,0,0,0,0,1,1,1,1,6,2,56,9,-1,-1,-1,-1,2,-1
2015132420605,1,9,0,17,0,0,1,0,7,0,0,1,6,1,18,4,1299,1,7,-1,1,-1
2015132420704,1,9,0,18,0,1,0,0,0,0,1,1,6,1,21,5,1461,2,1,-1,-1,-1
2015132420811,1,21,1,18,7,8,0,0,0,0,4,1,6,1,52,8,12902,2,2,-1,2,-1
2015132420811,2,9,0,5,8,7,0,0,0,0,3,1,1,2,72,10,1242,1,6,-1,1,-1
2015132420907,1,9,0,18,0,1,0,0,0,0,1,1,6,1,51,8,1968,2,5,-1,1,-1
2015132420907,2,1,0,7,0,1,1,0,0,0,4,1,6,1,22,5,-1,-1,-1,-1,1,-1
2015132420937,1,9,0,15,0,0,0,0,0,0,1,1,6,1,36,7,2499,2,12,-1,-1,-1
2015132421002,1,9,0,18,0,0,0,0,1,10,4,1,6,1,70,10,-1,-1,-1,-1,1,-1
2015132421002,2,9,0,2,0,0,0,0,0,0,3,1,6,2,-1,-1,1896,2,8,-1,-1,-1
2015132421076,1,9,0,4,0,0,0,0,0,0,1,1,6,1,34,6,-1,-1,-1,-1,1,-1
2015132421076,2,19,0,4,0,0,0,0,0,0,2,1,2,1,34,6,1995,2,7,-1,1,-1
2015132421076,3,9,0,4,0,0,0,0,0,0,2,1,2,1,49,8,1995,2,1,-1,1,-1
2015132421076,4,9,0,4,0,0,0,0,0,0,2,1,2,1,36,7,1968,2,-1,-1,1,-1
2015132421224,1,8,0,7,0,5,0,0,0,0,4,1,1,1,47,8,1584,1,7,-1,1,-1
2015132421224,2,1,0,15,4,8,0,0,0,0,1,1,1,1,29,6,-1,-1,-1,-1,1,-1
2015132421237,1,9,0,5,0,6,0,0,3,0,1,1,6,2,19,4,-1,-1,-1,-1,1,-1
2015132421237,2,9,0,18,0,8,0,0,0,0,1,1,6,1,24,5,1896,2,10,-1,1,-1
2015132421270,1,5,0,15,2,8,2,0,0,0,1,1,6,1,30,6,599,1,11,-1,1,-1
2015132421270,2,9,0,7,2,5,0,0,0,0,4,1,6,1,36,7,2148,2,7,-1,1,-1
2015132421270,3,9,0,18,0,1,0,0,0,0,0,1,1,1,46,8,-1,-1,-1,-1,1,-1
2015132421358,1,9,0,14,0,0,0,0,0,0,4,1,6,1,25,5,1398,1,1,-1,1,-1
2015132421358,2,1,0,18,0,0,0,0,0,0,3,1,6,1,23,5,-1,-1,-1,-1,1,-1
2015132421517,1,9,0,5,0,6,0,0,0,0,1,1,6,1,48,8,2179,2,-1,-1,3,-1
2015132421517,2,9,0,18,0,8,0,0,0,0,1,1,6,1,21,5,1198,1,2,-1,1,-1
2015132421560,1,9,0,18,5,0,0,0,0,0,1,1,6,2,39,7,1598,1,7,-1,3,-1
2015132421560,2,1,0,18,5,0,0,0,0,0,1,1,6,1,36,7,-1,-1,-1,-1,2,-1
2015132421575,1,9,0,18,0,1,5,0,1,11,1,1,6,1,39,7,2497,1,12,-1,2,-1
2015132421638,1,9,0,9,0,8,0,0,0,0,4,1,1,1,38,7,1896,2,8,-1,1,-1
2015132421638,2,1,0,18,0,8,0,0,0,0,1,1,6,1,38,7,-1,-1,-1,-1,1,-1
2015132421679,1,9,0,18,0,0,1,0,0,0,1,1,6,2,29,6,1198,1,5,-1,1,-1
2015132421692,1,9,0,18,0,0,0,0,0,0,1,1,6,1,27,6,1686,2,12,-1,1,-1
2015132430513,1,9,0,9,0,1,0,0,0,0,4,1,6,1,80,11,1769,1,10,-1,1,-1
2015132430513,2,9,0,18,0,1,0,0,0,0,1,1,6,1,26,6,2143,2,3,-1,1,-1
2015132430513,3,9,0,2,0,1,0,0,0,0,1,1,1,2,40,7,1796,1,5,-1,-1,-1
2015132430523,1,9,0,16,0,8,0,0,0,0,1,1,6,3,-1,-1,-1,-1,-1,-1,-1,-1
2015132430623,1,9,0,18,0,0,0,0,0,0,1,1,6,3,-1,-1,1994,1,19,-1,-1,-1
2015132430623,2,9,0,18,0,0,0,0,0,0,2,1,6,1,37,7,1896,2,6,-1,1,-1
2015132431018,1,9,0,12,0,8,0,0,0,0,0,1,6,3,-1,-1,-1,-1,-1,-1,-1,-1
2015132431018,2,9,0,17,0,8,0,0,0,0,2,1,6,1,40,7,1991,2,9,-1,1,-1
2015132431018,3,9,0,17,0,8,0,0,0,0,1,1,6,1,42,7,1461,2,2,-1,1,-1
2015132431018,4,9,0,17,0,8,0,0,0,0,1,1,6,2,28,6,1896,2,13,-1,1,-1
2015132431044,1,19,0,18,0,0,2,0,5,0,0,1,6,1,35,6,2151,2,14,-1,1,-1
2015132431246,1,8,0,18,0,8,1,0,0,0,1,1,1,1,35,6,1910,2,7,-1,1,-1
2015132431246,2,9,0,18,0,8,0,0,0,0,4,1,6,1,29,6,1461,2,10,-1,1,-1
2015132431397,1,9,0,7,0,6,0,0,0,0,1,1,6,1,21,5,-1,-1,-1,-1,1,-1
2015132431397,2,9,0,10,0,1,0,0,0,0,1,1,6,1,30,6,1339,1,9,-1,1,-1
2015132431397,3,9,0,10,0,1,0,0,0,0,1,1,6,2,34,6,1461,2,9,-1,1,-1
2015132431564,1,9,0,18,0,0,0,0,0,0,1,1,6,1,-1,-1,1984,1,8,-1,-1,-1