Accident_Index,Vehicle_Reference,Vehicle_Type,Towing_and_Articulation,Vehicle_Manoeuvre,Vehicle_Location-Restricted_Lane,Junction_Location,Skidding_and_Overturning,Hit_Object_in_Carriageway,Vehicle_Leaving_Carriageway,Hit_Object_off_Carriageway,1st_Point_of_Impact,Was_Vehicle_Left_Hand_Drive?,Journey_Purpose_of_Driver,Sex_of_Driver,Age_of_Driver,Age_Band_of_Driver,Engine_Capacity_(CC),Propulsion_Code,Age_of_Vehicle,Driver_IMD_Decile,Driver_Home_Area_Type,Vehicle_IMD_Decile
20151326U0320,1,9,0,4,0,0,0,0,0,0,1,1,6,1,27,6,2000,2,9,-1,3,-1
20151326U0320,2,9,0,4,0,0,0,0,0,0,2,1,6,2,29,6,2926,2,11,-1,1,-1
20151326U0320,3,9,0,4,0,0,0,0,0,0,2,1,6,1,43,7,1968,2,1,-1,2,-1
20151326U0560,1,3,0,18,0,0,1,0,0,0,4,1,6,1,46,8,124,1,1,-1,1,-1
20151326U0687,1,11,0,18,0,0,0,0,0,0,4,1,1,1,48,8,7300,2,7,-1,-1,-1
20151326U0723,1,9,0,18,0,6,0,0,0,0,3,1,1,1,57,9,2143,2,3,-1,1,-1
20151326U0723,2,9,0,18,0,1,0,0,0,0,1,1,6,2,47,8,1199,1,13,-1,1,-1
20151326U0744,1,9,0,18,0,0,0,0,0,6,4,1,6,2,19,4,1124,1,15,-1,2,-1
20151326U0744,2,9,0,18,0,0,0,0,0,7,3,1,6,1,57,9,1591,1,3,-1,1,-1
20151326U0787,1,9,0,18,0,0,0,0,0,0,3,1,6,2,33,6,1596,1,10,-1,1,-1
20151326U0924,1,11,0,18,0,8,0,0,0,0,0,1,1,1,58,9,6696,2,-1,-1,2,-1
20151326U0981,1,9,0,18,0,0,0,0,7,11,1,1,2,2,54,8,-1,-1,-1,-1,1,-1
20151326U0995,1,9,0,18,0,0,1,0,2,7,1,1,6,2,41,7,1248,2,8,-1,1,-1
20151326U1001,1,21,0,11,0,0,0,0,0,0,4,1,1,1,54,8,10518,2,7,-1,1,-1
20151326U1001,2,9,0,18,0,0,0,0,0,0,3,1,6,2,44,7,1364,1,8,-1,2,-1
20151326U1028,1,9,0,18,0,0,0,0,0,0,1,1,6,3,42,7,2000,1,9,-1,-1,-1
20151326U1028,2,9,0,2,0,0,0,0,0,0,2,1,6,1,40,7,1124,1,11,-1,1,-1
20151326U1065,1,9,0,18,0,8,0,0,0,0,1,1,6,1,28,6,1994,1,15,-1,-1,-1
20151326U1065,2,9,0,18,0,8,0,0,0,0,4,1,2,1,-1,-1,2179,2,12,-1,1,-1
20151326U1065,3,9,0,18,0,6,0,0,0,0,1,1,6,2,-1,-1,2198,1,10,-1,1,-1
20151326U1274,1,9,0,18,0,0,0,0,0,0,4,1,2,2,59,9,1968,2,3,-1,1,-1
20151326U1308,1,9,0,4,0,0,0,0,0,0,1,1,1,1,39,7,1968,2,2,-1,1,-1
20151326U1308,2,9,0,3,0,0,0,0,0,0,2,1,6,2,60,9,1398,2,6,-1,2,-1
20151326U1308,3,9,0,3,0,0,0,0,0,0,2,1,6,1,42,7,1598,1,1,-1,2,-1
20151326U1308,4,9,0,3,0,0,0,0,0,0,2,1,6,2,46,8,1197,1,-1,-1,1,-1
20151326U1409,1,9,0,18,0,0,0,0,0,0,1,1,6,3,-1,-1,-1,-1,-1,-1,-1,-1
20151326U1462,1,9,0,11,0,8,0,0,0,0,0,1,6,1,27,6,1584,1,7,-1,1,-1
20151326U1462,2,11,0,18,0,8,0,0,0,0,0,1,1,1,35,6,9360,2,6,-1,1,-1
20151326U1636,1,1,0,9,0,0,0,0,0,0,2,1,6,1,47,8,-1,-1,-1,-1,1,-1
20151326U1636,2,8,0,18,0,0,0,0,0,0,1,1,1,1,36,7,1598,2,4,-1,1,-1
20151326U1821,1,3,0,9,0,8,1,11,0,0,3,1,6,1,18,4,124,1,8,-1,1,-1
20151326U2121,1,9,0,18,0,1,0,0,0,0,3,1,6,1,28,6,1800,1,16,-1,1,-1
20151326U2121,2,19,0,2,0,1,0,0,0,0,2,1,6,1,-1,-1,2496,2,15,-1,1,-1
20151326U2121,3,9,0,2,0,1,0,0,0,0,2,1,6,1,-1,-1,1896,2,11,-1,1,-1
2015132710178,1,9,0,1,0,2,0,0,0,0,2,1,6,1,-1,-1,-1,-1,-1,-1,-1,-1
2015132710178,2,1,0,3,0,2,0,0,0,0,1,1,2,2,45,7,-1,-1,-1,-1,1,-1
2015132710378,1,20,0,18,0,0,0,0,0,0,0,1,6,3,-1,-1,-1,-1,-1,-1,-1,-1
2015132710378,2,5,0,18,0,0,2,0,1,0,4,1,2,1,52,8,-1,-1,-1,-1,2,-1
2015132710517,1,9,0,18,0,0,0,0,0,0,1,1,6,2,20,4,1796,1,10,-1,1,-1
2015132710517,2,9,0,4,0,0,0,0,0,0,2,1,6,2,28,6,1598,1,8,-1,1,-1
2015132710614,1,9,0,7,0,8,0,0,0,0,1,1,6,1,80,11,1796,1,8,-1,1,-1
2015132710614,2,9,0,18,0,1,0,0,0,0,1,1,6,1,49,8,1998,1,10,-1,1,-1
2015132710616,1,9,0,9,0,8,0,0,0,0,1,1,6,2,63,9,1560,2,1,-1,1,-1
2015132710616,2,5,0,18,0,8,0,0,0,0,1,1,6,1,50,8,1200,1,18,-1,1,-1
2015132710687,1,9,0,18,0,1,0,0,0,0,1,1,6,1,20,4,1598,1,12,-1,1,-1
2015132710687,2,5,0,18,0,1,0,0,0,0,2,1,6,1,59,9,125,1,2,-1,1,-1
2015132710723,1,21,1,5,9,6,0,0,0,0,1,1,1,1,51,8,2953,2,10,-1,3,-1
2015132710861,1,11,0,5,0,0,0,0,0,0,3,1,1,1,37,7,9600,2,16,-1,1,-1
2015132710861,2,19,0,11,0,0,0,0,0,0,4,1,6,1,34,6,-1,-1,-1,-1,1,-1
2015132711200,1,1,0,18,0,4,0,0,0,0,1,1,6,1,13,3,-1,-1,-1,-1,1,-1
2015132711200,2,8,0,3,0,4,0,0,0,0,1,1,1,1,37,7,1598,1,5,-1,1,-1
2015132711207,1,3,0,17,0,0,1,0,0,0,3,1,6,1,32,6,125,1,11,-1,1,-1
2015132711277,1,9,0,5,0,0,0,0,0,0,1,1,6,2,35,6,1197,1,3,-1,1,-1
2015132711277,2,9,0,3,0,0,0,0,0,0,2,1,6,1,35,6,-1,-1,-1,-1,1,-1
2015132711282,1,19,0,12,0,0,0,0,0,0,0,1,6,1,23,5,1753,2,3,-1,1,-1
2015132711282,2,9,0,18,0,0,1,0,5,6,1,1,6,2,33,6,1242,1,1,-1,1,-1
2015132711282,3,19,0,18,0,0,0,0,0,0,4,1,2,1,46,8,2402,2,7,-1,1,-1
2015132711299,1,9,0,3,0,0,0,0,0,0,1,1,6,1,31,6,2200,1,14,-1,1,-1
2015132711299,2,9,0,3,0,0,0,0,0,0,2,1,6,1,59,9,1242,1,14,-1,1,-1
2015132711299,3,9,0,18,0,0,0,0,0,0,2,1,6,1,34,6,2204,2,8,-1,1,-1
2015132711439,1,9,0,2,0,0,0,0,0,0,3,1,6,2,53,8,1598,1,9,-1,1,-1
2015132711439,2,1,0,18,0,0,1,0,0,0,4,1,6,1,66,10,-1,-1,-1,-1,3,-1
2015132711490,1,9,0,18,0,0,0,0,0,0,2,1,6,2,28,6,1242,1,6,-1,1,-1
2015132711490,2,9,0,18,0,0,0,0,0,0,1,1,6,1,42,7,1596,1,6,-1,1,-1
2015132711658,1,9,0,18,0,0,0,0,0,0,3,1,6,2,40,7,1686,2,9,-1,1,-1
2015132711974,1,9,0,18,0,2,0,0,0,0,3,1,6,1,29,6,1997,2,-1,-1,1,-1
2015132720302,1,9,0,7,9,5,0,0,0,0,4,1,6,2,65,9,1590,1,13,-1,1,-1
2015132720302,2,1,0,2,9,1,0,0,0,0,1,1,6,2,6,2,-1,-1,-1,-1,1,-1
2015132720328,1,9,0,5,0,6,0,0,0,0,1,1,6,2,-1,-1,1968,2,3,-1,1,-1
2015132720328,2,9,0,5,0,6,0,0,0,0,2,1,6,2,47,8,-1,-1,-1,-1,2,-1
2015132720387,1,9,0,18,0,8,0,0,0,0,4,1,6,1,41,7,1368,1,5,-1,1,-1
2015132720387,2,5,0,18,0,8,0,0,0,0,1,1,2,1,29,6,599,1,16,-1,1,-1
2015132720574,1,9,0,18,0,0,0,0,0,0,3,1,6,2,34,6,1686,2,9,-1,1,-1
2015132720574,2,9,0,18,0,0,0,0,0,0,3,1,6,1,37,7,1896,2,11,-1,1,-1
2015132720583,1,22,0,18,0,8,0,0,0,0,4,1,6,1,81,11,-1,-1,-1,-1,1,-1
2015132720583,2,19,0,18,0,8,0,0,0,0,1,1,6,1,28,6,1968,2,1,-1,-1,-1
2015132720612,1,11,0,14,0,0,0,10,0,0,4,1,1,1,71,10,-1,-1,-1,-1,-1,-1
2015132720612,2,21,0,2,0,0,0,0,0,0,3,1,1,1,43,7,-1,-1,-1,-1,-1,-1
2015132720751,1,1,0,18,0,4,0,0,0,0,1,1,6,1,18,4,-1,-1,-1,-1,-1,-1
2015132720751,2,9,0,18,0,3,0,0,0,0,1,1,6,1,56,9,1896,2,8,-1,-1,-1
2015132720883,1,21,0,18,0,0,0,0,0,0,1,1,1,1,61,9,6370,2,13,-1,1,-1
2015132720883,2,21,0,18,0,0,0,0,1,7,2,1,1,1,47,8,4461,2,4,-1,1,-1
2015132720883,3,21,1,18,0,0,0,0,0,0,3,1,1,1,60,9,10518,2,8,-1,2,-1
2015132720994,1,8,0,18,0,1,0,0,0,0,1,1,1,1,35,6,1995,2,8,-1,1,-1
2015132721041,1,9,0,10,0,0,0,0,7,2,1,1,3,2,35,6,998,1,8,-1,1,-1
2015132721041,2,9,0,2,0,0,0,0,0,0,1,1,6,3,-1,-1,1329,1,5,-1,-1,-1
2015132721041,3,9,0,2,0,0,0,0,0,0,3,1,6,3,-1,-1,2521,1,5,-1,-1,-1
2015132721134,1,9,0,18,0,0,0,0,0,0,1,1,2,1,56,9,-1,-1,-1,-1,-1,-1
2015132721134,2,1,0,18,0,0,0,0,0,0,1,1,2,1,48,8,-1,-1,-1,-1,-1,-1
2015132721292,1,9,0,18,0,0,0,0,0,0,1,1,6,1,34,6,1796,1,10,-1,1,-1
2015132721347,1,9,0,7,0,6,0,0,0,0,3,1,6,1,-1,-1,-1,-1,-1,-1,-1,-1
2015132721347,2,1,0,18,0,1,0,0,0,0,1,1,2,2,48,8,-1,-1,-1,-1,1,-1
2015132721410,1,9,0,9,0,2,0,0,0,0,4,1,6,1,42,7,2231,2,9,-1,1,-1
2015132721434,1,9,0,5,0,4,0,0,0,0,1,1,6,1,28,6,1910,2,8,-1,1,-1
2015132721434,2,1,0,18,0,8,2,0,0,0,4,1,6,1,35,6,-1,-1,-1,-1,1,-1
2015132721500,1,8,0,5,0,2,0,0,0,0,1,1,1,1,34,6,1995,2,4,-1,1,-1
2015132721500,2,8,0,18,0,1,0,0,0,0,3,1,1,1,43,7,1968,2,5,-1,1,-1
2015132721526,1,9,0,4,0,0,0,0,0,0,2,1,6,2,58,9,1796,1,7,-1,1,-1
2015132721526,2,9,0,18,0,0,0,0,0,0,1,1,6,1,-1,-1,1332,1,16,-1,-1,-1
2015132721663,1,9,0,5,0,6,1,0,0,0,1,1,6,1,46,8,1389,1,12,-1,1,-1
2015132721663,2,9,0,17,0,8,1,0,1,0,4,1,6,1,49,8,1596,1,2,-1,1,-1
2015132721731,1,9,0,5,0,8,0,0,3,0,3,1,6,1,21,5,1198,1,7,-1,1,-1
2015132721731,2,9,0,18,0,8,1,0,0,0,1,1,6,1,18,4,1388,1,14,-1,1,-1
2015132721785,1,5,0,4,0,0,1,0,0,0,4,1,6,3,-1,-1,-1,-1,-1,-1,-1,-1
2015132729999,1,9,0,4,0,0,0,0,0,0,2,1,6,2,-1,-1,2993,2,5,-1,-1,-1
2015132729999,2,9,0,4,0,0,0,0,0,0,0,1,6,1,-1,-1,-1,3,3,-1,-1,-1
2015132729999,3,9,0,4,0,0,0,0,0,0,2,1,6,1,-1,-1,1956,2,1,-1,-1,-1
2015132729999,4,9,0,4,0,0,0,0,0,0,1,1,6,1,-1,-1,1956,2,1,-1,-1,-1
2015132730012,1,9,0,9,0,8,0,0,1,11,1,1,6,2,22,5,1598,1,11,-1,1,-1
2015132730091,1,9,0,18,0,6,0,0,2,11,3,1,6,1,20,4,1839,1,11,-1,1,-1
2015132730091,2,9,0,18,0,8,0,0,0,0,1,1,2,1,38,7,1753,2,8,-1,1,-1
2015132730262,1,9,0,18,0,0,0,0,0,0,1,1,6,2,21,5,1597,1,5,-1,-1,-1
2015132730262,2,8,0,4,0,0,0,0,0,0,2,1,1,1,54,8,1997,2,5,-1,-1,-1
2015132730271,1,9,0,5,0,6,0,0,0,0,1,1,6,2,46,8,1124,1,4,-1,1,-1
2015132730271,2,4,0,18,0,1,0,0,0,0,1,1,6,2,21,5,498,1,9,-1,1,-1
2015132730523,1,9,0,18,0,1,0,7,0,0,1,1,6,1,74,10,-1,-1,-1,-1,1,-1
2015132730536,1,5,0,4,0,0,0,0,0,0,1,1,2,1,59,9,1649,1,1,-1,-1,-1
2015132730536,2,9,0,18,0,0,0,0,0,0,2,1,1,2,22,5,1360,1,13,-1,-1,-1
2015132730563,1,22,0,18,0,0,5,0,0,0,0,1,6,2,29,6,-1,-1,-1,-1,1,-1
2015132730605,1,9,0,2,0,0,0,0,0,0,3,1,6,1,68,10,1896,2,9,-1,1,-1
2015132730605,2,1,0,18,0,0,5,0,0,0,1,1,6,2,19,4,-1,-1,-1,-1,1,-1
2015132730610,1,9,0,18,0,0,0,0,0,0,1,1,6,1,20,4,-1,-1,-1,-1,1,-1
2015132730614,1,9,0,18,0,1,0,0,0,0,4,1,6,1,53,8,1422,2,6,-1,3,-1
2015132730829,1,19,0,18,0,0,0,0,0,0,1,1,1,1,40,7,2298,2,1,-1,1,-1
2015132730829,2,9,0,3,0,0,0,0,0,0,2,1,6,2,29,6,1995,2,6,-1,1,-1
2015132730829,3,9,0,3,0,0,0,0,0,0,2,1,2,1,34,6,1995,2,4,-1,1,-1
2015132730838,1,1,0,16,0,0,0,0,0,0,1,1,6,1,21,5,-1,-1,-1,-1,1,-1
2015132730838,2,9,0,2,0,0,5,0,0,0,1,1,6,3,-1,-1,1360,1,9,-1,1,-1
2015132730894,1,9,0,18,0,0,5,0,2,11,1,1,6,2,27,6,1900,2,9,-1,1,-1
2015132730939,1,9,0,18,0,0,0,0,0,0,1,1,2,2,26,6,1349,1,7,-1,1,-1
2015132730939,2,1,0,18,0,0,0,0,0,0,2,1,6,2,39,7,-1,-1,-1,-1,-1,-1
2015132731034,1,9,0,6,0,2,0,0,0,0,4,1,6,1,21,5,1229,1,1,-1,1,-1
2015132731034,2,9,0,18,0,1,1,0,0,0,1,1,6,1,44,7,1461,2,8,-1,1,-1
2015132731039,1,9,0,18,0,0,0,0,0,0,4,1,6,2,52,8,898,1,1,-1,1,-1
2015132731172,1,9,0,4,0,0,0,0,0,0,4,1,6,1,-1,-1,1997,2,1,-1,-1,-1
2015132731172,2,1,0,18,0,0,0,0,0,0,3,1,6,1,26,6,-1,-1,-1,-1,1,-1
2015132731213,1,1,0,18,0,6,0,0,0,0,1,1,6,1,45,7,-1,-1,-1,-1,-1,-1
2015132731213,2,9,0,1,0,5,0,0,0,0,0,1,6,1,72,10,1398,1,11,-1,-1,-1
2015132731512,1,9,0,4,0,1,0,0,0,0,1,1,1,1,29,6,1598,2,1,-1,1,-1
2015132731512,2,9,0,4,0,1,0,0,0,0,2,1,6,1,36,7,1591,1,1,-1,1,-1
2015132731693,1,9,0,4,0,0,0,0,0,0,1,1,6,2,53,8,-1,-1,-1,-1,1,-1
2015132731693,2,9,0,4,0,0,0,0,0,0,2,1,6,2,30,6,1398,1,2,-1,-1,-1
2015132740247,1,9,0,16,0,0,5,0,0,0,1,1,6,1,33,6,1560,2,10,-1,1,-1
2015132740442,1,4,0,5,0,1,0,0,0,0,1,1,1,1,43,7,649,1,9,-1,1,-1
2015132740442,2,19,0,4,0,1,0,0,0,0,4,1,1,1,47,8,2198,2,-1,-1,1,-1
2015132740491,1,9,0,4,0,0,1,0,5,6,1,1,1,1,19,4,1199,1,14,-1,1,-1
2015132740491,2,9,0,4,0,0,0,0,0,0,2,1,6,1,37,7,1910,2,6,-1,2,-1
2015132740570,1,9,0,18,0,0,0,7,0,0,1,1,6,1,89,11,2498,1,10,-1,-1,-1
2015132740570,2,9,0,18,0,0,0,0,1,11,2,1,6,1,32,6,1587,1,8,-1,1,-1
2015132740570,3,9,0,18,0,0,0,0,0,0,2,1,6,1,52,8,1948,1,12,-1,-1,-1
2015132740595,1,19,0,18,0,8,0,0,0,0,1,1,1,1,49,8,1753,2,8,-1,1,-1
2015132740595,2,9,0,18,0,4,0,0,0,0,3,1,6,1,53,8,1560,2,5,-1,2,-1
2015132740623,1,9,0,18,0,6,0,0,0,0,3,1,6,1,36,7,-1,-1,-1,-1,3,-1
2015132740623,2,9,0,18,0,8,0,0,0,0,1,1,6,1,31,6,1461,2,-1,-1,1,-1
2015132740708,1,19,0,2,0,0,0,0,0,0,3,1,1,1,45,7,2198,2,7,-1,-1,-1
2015132740708,2,9,0,14,0,0,0,0,0,0,1,1,6,2,59,9,1242,1,8,-1,1,-1
2015132740793,1,9,0,5,0,0,0,0,0,0,1,1,6,1,58,9,998,1,3,-1,1,-1
2015132740793,2,1,0,5,0,0,0,0,0,0,1,1,6,2,46,8,-1,-1,-1,-1,1,-1
2015132740882,1,1,0,18,0,0,0,0,0,0,1,1,6,1,11,3,-1,-1,-1,-1,1,-1
2015132740882,2,9,0,18,0,0,0,0,0,0,1,1,6,1,40,7,1997,2,10,-1,1,-1
2015132740949,1,9,0,13,0,0,0,0,0,0,0,1,6,3,-1,-1,-1,-1,-1,-1,-1,-1
2015132740949,2,9,0,13,0,0,1,0,0,0,1,1,6,1,19,4,1984,1,-1,-1,1,-1
2015132740949,3,19,0,18,0,0,1,0,0,0,1,1,6,1,38,7,2148,2,8,-1,1,-1
2015132741080,1,9,0,4,0,1,0,0,0,0,4,1,6,1,68,10,1296,1,7,-1,1,-1
2015132741183,1,9,0,18,0,0,0,0,0,0,4,1,6,1,35,6,1896,2,13,-1,1,-1
2015132741372,1,19,0,18,0,0,0,0,0,0,1,1,6,3,-1,-1,-1,-1,-1,-1,-1,-1
2015132741372,2,9,0,3,0,0,0,0,0,0,2,1,6,1,32,6,1396,1,18,-1,1,-1
2015132741445,1,1,0,18,0,0,0,4,0,0,1,1,6,1,69,10,-1,-1,-1,-1,-1,-1
2015132741445,2,9,0,2,0,0,0,0,0,0,2,1,6,3,-1,-1,1986,1,5,-1,-1,-1
2015132741464,1,9,0,18,0,0,0,0,0,0,1,1,1,1,54,8,1597,7,6,-1,1,-1
2015132741573,1,5,0,16,0,0,1,0,0,0,1,1,6,1,35,6,897,1,13,-1,1,-1
2015132741573,2,9,0,17,0,0,0,0,0,0,3,1,6,1,36,7,1596,1,5,-1,3,-1
2015132742206,1,9,0,9,0,8,0,7,7,0,1,1,6,1,24,5,1796,1,10,-1,1,-1
2015132742206,2,8,0,18,0,8,0,0,1,11,1,1,1,1,62,9,1968,2,5,-1,1,-1
2015132750563,1,9,0,18,0,8,0,0,0,0,1,1,6,1,31,6,1461,2,8,-1,1,-1
2015132750563,2,9,0,5,0,1,0,0,0,0,3,1,6,1,50,8,1998,2,5,-1,2,-1
2015132750720,1,5,0,7,0,8,0,0,0,0,1,1,6,1,31,6,-1,-1,-1,-1,2,-1
2015132750720,2,9,0,18,0,8,0,0,0,0,3,1,6,2,46,8,1242,1,3,-1,1,-1
2015132751057,1,9,0,7,0,0,0,0,0,0,1,1,6,3,-1,-1,-1,-1,-1,-1,-1,-1
2015132751057,2,1,0,18,0,0,0,0,0,0,1,1,6,1,28,6,-1,-1,-1,-1,-1,-1
2015132751069,1,9,0,9,0,4,0,0,0,0,3,1,6,1,30,6,1596,1,1,-1,1,-1
2015132751069,2,9,0,18,0,4,0,0,0,0,1,1,6,2,29,6,1896,2,12,-1,1,-1
2015132751100,1,9,0,18,0,6,0,0,0,0,4,1,6,2,42,7,1997,2,16,-1,-1,-1
2015132751100,2,5,0,18,0,1,0,0,0,0,1,1,6,1,59,9,745,1,44,-1,-1,-1
2015132751160,1,9,0,8,0,8,0,0,0,0,1,1,6,1,51,8,-1,-1,-1,-1,1,-1
2015132751160,2,9,0,7,0,1,0,0,0,0,2,1,6,2,36,7,1796,1,14,-1,1,-1
2015132751243,1,9,0,9,0,0,1,0,7,0,3,1,6,2,44,7,1598,1,11,-1,1,-1
2015132751243,2,9,0,13,0,0,1,0,7,0,1,1,6,1,62,9,1598,2,-1,-1,1,-1
2015132751543,1,3,0,4,0,0,0,0,0,0,1,1,6,1,23,5,124,1,1,-1,-1,-1
2015132751543,2,8,0,3,0,0,0,0,0,0,2,1,1,1,32,6,1896,2,7,-1,-1,-1
2015132751580,1,9,0,18,0,0,0,0,0,0,1,1,6,1,28,6,998,1,13,-1,1,-1
2015132760253,1,9,0,7,0,1,0,0,0,0,4,1,2,1,41,7,1986,2,9,-1,1,-1
2015132760253,2,1,0,18,0,1,0,0,0,0,1,1,2,1,27,6,-1,-1,-1,-1,1,-1
2015132760464,1,9,0,18,0,1,0,0,0,0,3,1,6,2,-1,-1,-1,-1,-1,-1,-1,-1
2015132760551,1,19,0,10,0,5,0,0,0,0,2,1,1,1,43,7,2402,2,5,-1,1,-1
2015132760551,2,9,0,3,0,8,0,0,0,0,2,1,6,1,80,11,1796,1,12,-1,1,-1
2015132760551,3,9,0,3,0,8,0,0,0,0,2,1,6,1,48,8,1995,2,2,-1,3,-1
2015132760551,4,9,0,18,0,8,0,0,0,0,1,1,6,2,47,8,2179,2,3,-1,3,-1
2015132760587,1,9,0,5,0,8,0,0,0,0,3,1,6,1,36,7,1587,1,11,-1,2,-1
2015132760587,2,9,0,18,0,8,0,0,0,0,1,1,6,2,19,4,1086,1,9,-1,1,-1
2015132760745,1,4,0,18,0,0,2,4,0,0,1,1,6,1,26,6,124,1,8,-1,1,-1
2015132760745,2,9,0,2,0,0,0,0,0,0,0,1,6,3,-1,-1,4966,1,13,-1,1,-1
2015132760792,1,21,0,4,0,1,0,0,0,0,1,1,1,2,47,8,15607,2,11,-1,1,-1
2015132760792,2,9,0,4,0,1,0,0,0,0,2,1,6,1,66,10,1896,2,13,-1,3,-1
2015132760829,1,2,0,4,0,0,1,0,0,0,4,1,6,1,16,4,49,1,4,-1,1,-1
2015132760829,2,2,0,4,0,0,0,0,0,0,2,1,6,1,16,4,49,1,8,-1,1,-1
2015132761089,1,9,0,7,9,5,0,0,1,0,4,1,6,3,-1,-1,-1,-1,-1,-1,-1,-1
2015132761090,1,97,0,18,0,6,0,0,0,0,1,1,6,1,17,4,-1,-1,-1,-1,1,-1
2015132761090,2,9,0,18,0,8,0,0,0,0,4,1,6,1,31,6,2496,2,17,-1,1,-1
2015132761336,1,9,0,7,0,8,0,0,0,0,0,1,6,2,52,8,1968,2,2,-1,1,-1
2015132761336,2,1,0,18,0,1,0,0,0,0,0,1,6,1,59,9,-1,-1,-1,-1,1,-1
2015132761659,1,9,0,9,0,1,0,0,0,0,1,1,6,1,34,6,1596,1,7,-1,2,-1
2015132761659,2,1,0,18,0,1,0,0,0,0,3,1,6,1,58,9,-1,-1,-1,-1,2,-1
2015132761703,1,3,0,18,0,0,1,0,0,0,4,1,6,1,19,4,125,1,-1,-1,1,-1
2015132761861,1,3,0,18,0,0,0,0,0,0,1,1,1,1,26,6,124,1,8,-1,1,-1
2015132770190,1,9,0,4,0,0,0,0,0,0,3,1,6,2,56,9,1968,2,5,-1,1,-1
2015132770273,1,9,0,9,0,8,0,0,0,0,1,1,6,2,27,6,875,1,4,-1,1,-1
2015132770273,2,1,0,18,0,8,0,0,0,0,4,1,6,2,25,5,-1,-1,-1,-1,1,-1
2015132770291,1,9,0,1,0,5,0,0,0,0,2,1,6,1,64,9,1398,2,3,-1,1,-1
2015132770291,2,9,0,5,0,1,0,0,0,0,0,1,6,3,-1,-1,-1,-1,-1,-1,-1,-1
2015132770489,1,9,0,18,0,0,0,0,0,0,1,1,2,2,36,7,1598,2,1,-1,1,-1
2015132770543,1,11,0,18,0,0,0,0,0,0,0,1,1,1,27,6,9360,2,6,-1,1,-1
2015132770632,1,8,0,3,0,0,0,0,0,0,0,1,6,3,-1,-1,-1,-1,-1,-1,-1,-1
2015132770632,2,9,0,3,0,0,0,0,0,0,2,1,6,1,26,6,1390,1,8,-1,1,-1
2015132770632,3,9,0,4,0,0,0,0,0,0,1,1,6,2,31,6,1242,1,12,-1,1,-1
2015132770756,1,9,0,18,0,0,1,0,5,6,1,1,1,2,54,8,1598,2,-1,-1,1,-1
2015132770756,2,9,0,18,0,0,0,0,0,0,3,1,1,1,53,8,-1,-1,-1,-1,1,-1
2015132770876,1,20,0,18,0,0,0,0,0,0,1,1,1,1,42,7,4116,2,11,-1,-1,-1
2015132770876,2,9,0,4,0,0,0,0,0,0,2,1,6,1,24,5,1199,1,12,-1,1,-1
2015132771109,1,9,0,3,0,8,0,0,0,0,2,1,6,1,24,5,1998,2,10,-1,1,-1
2015132771109,2,9,0,18,0,8,0,0,0,0,1,1,6,2,31,6,1596,1,13,-1,1,-1
2015132771166,1,9,0,18,0,0,0,0,2,7,4,1,6,1,20,4,1600,1,11,-1,1,-1
2015132771166,2,20,0,2,6,0,0,0,0,0,3,1,1,1,47,8,6692,2,7,-1,3,-1
2015132771204,1,1,0,18,0,0,0,0,0,0,1,1,6,1,28,6,-1,-1,-1,-1,-1,-1
2015132771204,2,9,0,10,0,0,0,0,0,0,2,1,6,2,40,7,1598,2,-1,-1,1,-1
2015132771612,1,9,0,4,0,0,2,0,7,11,3,1,6,1,41,7,3248,1,17,-1,1,-1
2015132771706,1,9,0,18,0,2,0,0,0,0,1,1,6,2,48,8,1998,1,20,-1,-1,-1
2015132771706,2,9,0,18,0,2,0,0,0,0,1,1,6,1,33,6,1242,1,9,-1,1,-1
2015132771973,1,9,0,18,0,0,5,4,0,0,1,1,6,1,31,6,1596,1,9,-1,1,-1
2015132771973,2,9,0,2,0,0,0,4,0,0,2,1,6,3,-1,-1,1560,2,3,-1,-1,-1
2015132771973,3,9,0,2,0,0,0,4,0,0,2,1,6,3,-1,-1,1229,1,10,-1,-1,-1
2015132771973,4,19,0,2,0,0,0,0,0,0,1,1,6,3,-1,-1,2198,2,5,-1,-1,-1
2015132780249,1,9,0,3,0,0,0,0,0,0,0,1,3,2,32,6,1198,1,3,-1,1,-1
2015132780249,2,9,0,1,0,0,0,0,0,0,2,1,3,2,43,7,1991,2,9,-1,1,-1
2015132780249,3,9,0,3,0,0,0,0,0,0,1,1,3,2,30,6,1390,1,13,-1,1,-1
2015132780311,1,9,0,12,0,8,0,0,0,0,0,1,6,2,33,6,1598,1,11,-1,1,-1
2015132780311,2,5,0,18,0,8,0,0,0,0,0,1,6,1,54,8,675,1,2,-1,1,-1
2015132780520,1,9,0,9,0,6,0,0,0,0,1,1,6,1,45,7,1398,2,13,-1,1,-1
2015132780520,2,9,0,17,0,8,0,0,0,0,4,1,6,2,35,6,2199,2,3,-1,1,-1
2015132780744,1,19,0,18,0,1,1,0,0,0,1,1,1,1,35,6,1968,2,2,-1,1,-1
2015132780744,2,9,0,18,0,1,0,0,0,0,4,1,6,2,30,6,1299,1,11,-1,1,-1
2015132780744,3,9,0,2,9,2,0,0,0,0,3,1,6,2,30,6,1339,1,10,-1,1,-1
2015132780790,1,19,0,18,0,0,0,0,0,0,1,1,1,1,-1,-1,-1,-1,-1,-1,-1,-1