Accident_Index,Vehicle_Reference,Vehicle_Type,Towing_and_Articulation,Vehicle_Manoeuvre,Vehicle_Location-Restricted_Lane,Junction_Location,Skidding_and_Overturning,Hit_Object_in_Carriageway,Vehicle_Leaving_Carriageway,Hit_Object_off_Carriageway,1st_Point_of_Impact,Was_Vehicle_Left_Hand_Drive?,Journey_Purpose_of_Driver,Sex_of_Driver,Age_of_Driver,Age_Band_of_Driver,Engine_Capacity_(CC),Propulsion_Code,Age_of_Vehicle,Driver_IMD_Decile,Driver_Home_Area_Type,Vehicle_IMD_Decile
2015132780790,2,19,0,18,0,0,0,0,0,0,2,1,1,2,35,6,2464,2,8,-1,1,-1
2015132780806,1,9,0,18,0,1,0,0,0,0,1,1,6,2,30,6,1339,1,13,-1,1,-1
2015132780806,2,9,0,18,0,1,2,7,0,0,1,1,1,2,37,7,1396,1,3,-1,1,-1
2015132780838,1,9,0,9,0,0,0,0,0,0,0,1,6,2,84,11,973,1,15,-1,1,-1
2015132780875,1,9,0,18,0,1,0,0,0,0,1,1,6,2,50,8,1596,1,14,-1,1,-1
2015132780875,2,9,0,9,0,6,0,0,0,0,3,1,6,2,22,5,1242,1,3,-1,1,-1
2015132781062,1,9,0,3,0,0,0,0,0,0,2,1,6,1,45,7,2993,2,6,-1,1,-1
2015132781062,2,9,0,4,0,0,0,0,0,0,1,1,6,1,60,9,1389,1,13,-1,1,-1
2015132781078,1,9,0,18,0,0,0,0,0,0,1,1,6,2,23,5,1997,2,5,-1,1,-1
2015132781078,2,9,0,1,0,0,0,0,0,0,2,1,6,1,49,8,2231,2,8,-1,1,-1
2015132781106,1,9,0,7,0,5,0,0,0,0,0,1,6,2,39,7,1968,2,5,-1,2,-1
2015132781255,1,9,0,18,0,0,0,0,0,0,1,1,1,1,-1,-1,1242,1,-1,-1,-1,-1
2015132781255,2,9,0,18,0,0,0,0,0,0,2,1,1,2,34,6,1597,2,1,-1,1,-1
2015132781443,1,9,0,18,0,1,1,0,5,11,1,1,6,1,22,5,2000,1,10,-1,1,-1
2015132781471,1,9,0,18,0,0,0,0,0,0,1,1,1,1,34,6,1968,2,2,-1,1,-1
2015132790012,1,9,0,18,0,8,0,0,0,0,1,1,6,1,30,6,2496,2,15,-1,1,-1
2015132790012,2,90,0,18,0,8,0,0,0,0,1,1,1,1,34,6,2987,2,5,-1,1,-1
2015132790045,1,9,0,9,0,8,0,0,0,0,1,1,6,2,31,6,1896,2,6,-1,-1,-1
2015132790045,2,9,0,9,0,8,0,0,0,0,3,1,6,1,20,4,1242,1,14,-1,-1,-1
2015132790202,1,9,0,7,0,1,0,0,0,0,1,1,2,2,22,5,1398,1,1,-1,1,-1
2015132790202,2,9,0,7,0,1,0,0,0,0,2,1,2,2,39,7,1368,1,6,-1,1,-1
2015132790208,1,9,0,5,0,6,0,0,0,0,3,1,2,2,52,8,1398,1,4,-1,-1,-1
2015132790208,2,1,0,18,0,8,0,0,0,0,1,1,2,1,32,6,-1,-1,-1,-1,-1,-1
2015132790214,1,19,0,7,0,0,0,0,0,0,4,1,6,3,-1,-1,-1,-1,-1,-1,-1,-1
2015132790214,2,1,0,18,0,0,0,0,0,0,1,1,1,2,43,7,-1,-1,-1,-1,1,-1
2015132790234,1,9,0,11,0,0,0,0,0,0,1,1,2,2,24,5,1349,1,6,-1,1,-1
2015132790234,2,9,0,11,0,0,0,0,0,0,2,1,2,2,19,4,1124,1,11,-1,1,-1
2015132790234,3,9,0,2,0,0,0,0,0,0,2,1,2,2,25,5,1399,2,5,-1,1,-1
2015132790252,1,9,0,18,0,0,0,0,0,0,4,1,6,2,43,7,1461,2,-1,-1,1,-1
2015132790324,1,8,0,15,0,1,0,0,0,0,1,1,6,1,46,8,1560,2,6,-1,1,-1
2015132790445,1,9,0,1,0,0,0,0,0,0,2,1,6,1,32,6,1399,2,6,-1,1,-1
2015132790508,1,9,0,9,0,1,0,0,0,0,4,1,6,1,20,4,1149,1,12,-1,1,-1
2015132790508,2,1,0,18,0,1,0,0,0,0,1,1,6,2,22,5,-1,-1,-1,-1,1,-1
2015132790575,1,9,0,4,0,0,0,0,0,0,2,1,6,1,33,6,1984,2,6,-1,1,-1
2015132790575,2,9,0,18,0,0,0,0,0,0,1,1,6,2,35,6,-1,-1,-1,-1,1,-1
2015132790650,1,9,0,17,0,0,0,0,1,11,1,1,6,1,66,10,1997,2,-1,-1,1,-1
2015132790768,1,9,0,18,0,0,0,0,0,0,1,1,6,1,58,9,2179,2,12,-1,1,-1
2015132790768,2,9,0,4,0,0,0,0,0,0,2,1,6,2,45,7,1597,2,1,-1,2,-1
2015132790768,3,9,0,3,0,0,0,0,0,0,2,1,6,1,55,8,-1,-1,-1,-1,1,-1
2015132790776,1,9,0,18,0,4,0,0,0,0,1,1,6,1,24,5,1598,2,3,-1,1,-1
2015132790776,2,1,0,9,0,8,0,0,0,0,1,1,6,1,23,5,-1,-1,-1,-1,1,-1
2015132790984,1,9,0,2,0,1,0,0,0,0,0,1,6,1,39,7,1596,1,5,-1,-1,-1
2015132791042,1,9,0,6,0,0,0,0,0,0,1,1,6,2,56,9,1997,1,8,-1,1,-1
2015132791042,2,9,0,18,0,0,0,0,0,0,1,1,6,1,30,6,2616,1,7,-1,1,-1
2015132791086,1,8,0,5,0,0,0,0,0,0,0,1,1,1,48,8,1461,2,6,-1,1,-1
2015132791086,2,9,0,18,0,0,0,0,0,0,0,1,1,1,36,7,1896,2,5,-1,1,-1
2015132791120,1,9,0,9,0,5,0,0,0,0,3,1,6,1,61,9,1951,2,13,-1,1,-1
2015132791120,2,1,0,18,0,1,0,0,0,0,4,1,6,1,59,9,-1,-1,-1,-1,1,-1
2015132791139,1,9,0,9,0,0,0,0,0,0,0,1,1,1,39,7,1796,1,9,-1,1,-1
2015132791139,2,1,0,18,0,0,0,0,0,0,1,1,1,1,25,5,-1,-1,-1,-1,1,-1
2015132791201,1,9,0,18,0,1,0,0,0,0,1,1,6,1,39,7,1199,2,4,-1,-1,-1
2015132791201,2,9,0,3,0,1,0,0,0,0,2,1,6,1,29,6,1968,2,11,-1,-1,-1
2015132791287,1,9,0,18,0,0,0,0,0,0,1,1,1,2,34,6,1395,1,2,-1,1,-1
2015132791287,2,9,0,3,0,0,0,0,0,0,2,1,1,2,22,5,1242,1,6,-1,3,-1
2015132791392,1,9,0,14,0,0,0,0,0,0,4,1,6,1,27,6,1998,2,10,-1,1,-1
2015132791550,1,9,0,9,0,0,0,0,0,0,3,1,6,1,18,4,1396,1,12,-1,1,-1
2015132791550,2,9,0,18,0,0,0,0,0,0,1,1,6,1,41,7,1596,1,13,-1,1,-1
2015132791712,1,9,0,18,0,0,0,0,0,0,0,1,6,1,-1,-1,1796,1,5,-1,2,-1
2015132791877,1,9,0,16,0,0,1,0,1,7,3,1,6,1,21,5,1299,1,13,-1,1,-1
2015132791886,1,9,0,18,0,8,0,0,0,0,1,1,6,2,47,8,1598,1,9,-1,1,-1
2015132791886,2,1,0,18,4,8,0,0,0,0,4,1,6,1,37,7,-1,-1,-1,-1,1,-1
20151327A0201,1,9,0,18,0,8,0,0,0,0,4,1,2,2,26,6,1596,1,4,-1,1,-1
20151327A0275,1,21,1,2,0,0,0,0,0,0,2,1,1,1,52,8,-1,-1,-1,-1,-1,-1
20151327A0275,2,9,0,18,0,0,5,0,0,0,1,1,6,1,90,11,-1,-1,-1,-1,-1,-1
20151327A0336,1,21,1,1,0,0,0,0,0,0,2,1,1,1,66,10,10837,2,4,-1,1,-1
20151327A0356,1,1,0,18,0,0,0,0,0,0,1,1,6,1,19,4,-1,-1,-1,-1,1,-1
20151327A0356,2,9,0,18,0,0,0,0,0,0,2,1,1,1,39,7,1422,2,6,-1,1,-1
20151327A0441,1,9,0,1,0,0,0,0,0,0,2,1,6,1,21,5,1896,2,14,-1,1,-1
20151327A0656,1,9,0,18,0,0,0,0,0,0,1,1,6,1,79,11,1360,1,11,-1,1,-1
20151327A0656,2,9,0,18,0,0,0,0,7,11,1,1,6,1,22,5,998,1,5,-1,1,-1
20151327A0656,3,9,0,18,0,0,0,0,0,0,1,1,6,1,-1,-1,1998,1,11,-1,3,-1
20151327A0658,1,9,0,18,0,0,0,0,0,0,0,1,6,1,21,5,1229,1,9,-1,1,-1
20151327A0658,2,3,0,18,0,0,1,0,0,0,1,1,6,1,33,6,124,1,6,-1,1,-1
20151327A0697,1,9,0,4,0,0,0,0,0,0,2,1,6,1,23,5,1229,1,3,-1,-1,-1
20151327A0697,2,1,0,16,0,0,2,0,0,0,1,1,6,1,21,5,-1,-1,-1,-1,-1,-1
20151327A0917,1,9,0,16,0,0,0,0,0,0,3,1,6,2,55,8,1598,1,9,-1,-1,-1
20151327A0917,2,9,0,17,0,0,0,0,0,0,3,1,6,1,20,4,1796,1,10,-1,-1,-1
20151327A0917,3,9,0,17,0,0,0,0,0,0,1,1,6,2,45,7,1598,2,2,-1,-1,-1
20151327A0989,1,11,0,2,0,0,0,0,0,0,0,1,1,1,33,6,7300,2,11,-1,1,-1
20151327A1162,1,9,0,18,0,0,0,0,0,0,1,1,6,2,-1,-1,-1,-1,-1,-1,-1,-1
20151327A1308,1,9,0,18,0,0,0,0,0,0,0,1,1,1,50,8,996,1,5,-1,1,-1
20151327A1349,1,9,0,18,0,0,0,0,0,0,1,1,6,2,27,6,1242,1,6,-1,1,-1
20151327A1349,2,9,0,2,0,0,0,0,0,0,2,1,6,3,-1,-1,1951,2,12,-1,-1,-1
20151327A1402,1,9,0,18,0,1,0,0,0,0,1,1,2,1,29,6,2521,1,8,-1,-1,-1
20151327A1570,1,9,0,18,0,1,1,10,7,10,1,1,6,1,19,4,1398,1,-1,-1,1,-1
20151327B0112,1,8,0,18,0,0,0,0,0,0,3,1,1,1,36,7,1896,2,6,-1,1,-1
20151327B0507,1,9,0,18,0,1,0,0,7,1,1,1,6,1,36,7,2967,2,6,-1,1,-1
20151327B0507,2,9,0,18,0,1,0,0,0,0,3,1,6,2,47,8,998,1,11,-1,1,-1
20151327B0507,3,9,0,18,0,1,0,0,0,0,3,1,6,1,42,7,2993,2,-1,-1,1,-1
20151327B0507,4,9,0,18,0,1,0,0,0,0,4,1,6,1,40,7,-1,-1,-1,-1,-1,-1
20151327B0507,5,9,0,18,0,1,0,0,0,0,3,1,6,1,-1,-1,2993,2,1,-1,1,-1
20151327B0804,1,19,0,18,0,8,0,0,0,0,1,1,6,1,23,5,1560,2,-1,-1,1,-1
20151327B0804,2,9,0,18,0,8,0,0,0,0,2,1,6,2,26,6,1596,1,12,-1,1,-1
20151327B0838,1,5,0,18,0,0,0,0,8,10,1,1,6,1,55,8,998,1,13,-1,1,-1
20151327B1109,1,9,0,2,0,0,0,0,0,0,3,1,6,1,24,5,1896,2,9,-1,1,-1
20151327B1109,2,11,0,18,0,0,0,0,0,0,4,1,1,1,53,8,7300,2,2,-1,1,-1
20151327B1158,1,19,0,9,0,5,0,0,0,0,1,1,1,1,44,7,1796,5,4,-1,1,-1
20151327B1158,2,9,0,18,0,1,0,0,0,0,1,1,6,2,25,5,1242,1,3,-1,1,-1
20151327B1173,1,9,0,9,0,8,0,0,0,0,3,1,6,2,22,5,1598,1,3,-1,1,-1
20151327B1173,2,9,0,7,0,3,0,0,0,0,4,1,6,2,20,4,1685,2,2,-1,1,-1
20151327B1175,1,11,0,2,0,0,0,0,0,0,0,1,1,1,46,8,9200,2,13,-1,1,-1
20151327B1592,1,9,0,18,0,0,0,0,0,0,1,1,6,1,26,6,996,1,5,-1,1,-1
20151327B1592,2,9,0,18,0,0,0,0,0,0,0,1,1,1,32,6,2993,2,2,-1,1,-1
20151327B1592,3,9,0,18,0,0,0,0,0,0,4,1,6,1,52,8,1896,2,14,-1,1,-1
20151327B1592,4,9,0,18,0,0,0,0,0,0,2,1,1,1,42,7,2993,2,1,-1,1,-1
20151327B1592,5,9,0,18,0,0,0,0,0,0,1,1,1,1,47,8,2993,2,3,-1,1,-1
20151327B1936,1,9,0,16,0,0,1,0,7,2,1,1,6,2,52,8,1796,1,13,-1,-1,-1
20151327C0111,1,9,0,18,0,6,0,0,0,0,1,1,6,2,37,7,1461,2,-1,-1,1,-1
20151327C0111,2,9,0,18,0,1,0,0,0,0,1,1,6,1,69,10,2544,1,16,-1,1,-1
20151327C0236,1,19,0,18,0,0,0,0,0,0,1,1,2,1,30,6,2198,2,1,-1,1,-1
20151327C0236,2,21,1,18,0,0,0,0,0,0,2,1,1,1,66,10,10837,2,2,-1,1,-1
20151327C0244,1,9,0,18,9,8,1,0,1,2,4,1,6,1,24,5,1956,2,6,-1,1,-1
20151327C0282,1,9,0,18,0,2,0,7,0,0,1,1,1,1,42,7,1248,2,3,-1,1,-1
20151327C0471,1,1,0,18,0,8,0,0,0,0,1,1,1,1,30,6,-1,-1,-1,-1,1,-1
20151327C0471,2,9,0,18,0,8,0,0,0,0,3,1,6,2,32,6,1360,1,12,-1,1,-1
20151327C0587,1,4,0,10,0,8,0,0,0,0,3,1,6,1,67,10,249,1,17,-1,1,-1
20151327C0590,1,9,0,17,0,0,0,0,0,0,4,1,6,3,-1,-1,-1,-1,-1,-1,-1,-1
20151327C0590,2,2,0,17,0,0,0,0,0,0,3,1,6,1,17,4,49,1,9,-1,1,-1
20151327C0632,1,9,0,4,0,1,0,0,0,0,2,1,6,1,65,9,1991,2,10,-1,-1,-1
20151327C0632,2,9,0,4,0,1,0,0,0,0,1,1,6,1,45,7,2495,2,16,-1,-1,-1
20151327C0837,1,5,0,16,0,0,5,0,0,0,1,1,6,1,29,6,749,1,6,-1,1,-1
20151327C0837,2,9,0,17,0,0,0,0,0,0,3,1,6,1,54,8,1596,1,6,-1,1,-1
20151327C0837,3,9,0,17,0,0,0,0,1,10,3,1,6,1,48,8,4600,1,17,-1,1,-1
20151327C0977,1,9,0,18,0,1,0,0,7,2,1,1,6,2,20,4,1240,1,10,-1,1,-1
20151327C1014,1,3,0,12,0,0,0,7,5,0,1,1,6,1,47,8,124,1,5,-1,1,-1
20151327C1059,1,9,0,4,0,1,0,0,0,0,1,1,6,1,63,9,1149,1,2,-1,1,-1
20151327C1059,2,9,0,3,0,1,0,0,0,0,2,1,6,1,48,8,1685,2,4,-1,1,-1
20151327C1065,1,9,0,18,0,1,0,0,0,0,1,1,6,1,41,7,2792,1,8,-1,-1,-1
20151327C1065,2,9,0,12,0,1,0,0,7,10,2,1,6,1,48,8,1086,1,7,-1,-1,-1
20151327C1073,1,9,0,9,0,0,0,0,0,0,4,1,6,2,35,6,1598,1,7,-1,3,-1
20151327C1073,2,1,0,18,0,0,0,0,0,0,1,1,6,1,54,8,-1,-1,-1,-1,1,-1
20151327C1216,1,9,0,18,0,8,0,0,0,0,1,1,6,2,41,7,1968,2,10,-1,1,-1
20151327C1216,2,9,0,10,0,5,0,0,0,0,2,1,6,1,41,7,1598,1,14,-1,1,-1
20151327C1299,1,1,0,18,0,0,0,0,1,11,0,1,6,1,41,7,-1,-1,-1,-1,1,-1
20151327C1299,2,9,0,5,0,0,0,0,0,0,0,1,6,3,-1,-1,-1,-1,-1,-1,-1,-1
20151327C1347,1,1,0,16,0,0,1,4,0,0,1,1,6,1,13,3,-1,-1,-1,-1,1,-1
20151327C1347,2,9,0,2,0,0,0,0,0,0,1,1,6,1,-1,-1,1596,1,8,-1,1,-1
20151327C1471,1,9,0,2,6,0,0,0,0,0,2,1,6,2,31,6,1240,1,6,-1,1,-1
20151327C1471,2,2,5,18,0,0,5,4,0,0,1,1,6,1,18,4,49,1,15,-1,1,-1
20151327C1568,1,9,0,18,0,0,0,0,0,0,1,1,6,2,58,9,3165,1,17,-1,1,-1
20151327C1568,2,9,0,2,0,0,0,0,0,0,2,1,6,2,59,9,1998,1,12,-1,1,-1
20151327C1603,1,9,0,6,0,0,0,0,0,0,1,1,6,3,-1,-1,-1,-1,-1,-1,-1,-1
20151327C1603,2,9,0,18,0,0,0,0,0,0,1,1,6,1,54,8,999,1,8,-1,1,-1
20151327C1634,1,9,0,9,0,6,0,0,0,0,1,1,6,1,19,4,1968,2,3,-1,1,-1
20151327C1634,2,9,0,18,0,8,0,0,0,0,1,1,6,2,32,6,1896,2,11,-1,1,-1
20151327D0218,1,9,0,18,0,0,0,0,0,0,1,1,6,1,37,7,1995,2,7,-1,1,-1
20151327D0218,2,9,0,18,0,0,0,0,0,0,1,1,6,2,65,9,1386,1,6,-1,1,-1
20151327D0253,1,19,0,17,0,8,0,0,0,0,4,1,1,1,50,8,2198,2,7,-1,1,-1
20151327D0253,2,9,0,18,0,1,0,7,0,0,1,1,2,2,24,5,1390,1,6,-1,1,-1
20151327D0253,3,19,0,3,0,1,0,0,0,0,3,1,1,1,42,7,2148,2,8,-1,1,-1
20151327D0364,1,9,0,18,0,0,5,4,0,0,1,1,6,1,43,7,1968,2,7,-1,1,-1
20151327D0364,2,9,0,2,0,0,0,0,0,0,2,1,6,3,30,6,1686,2,8,-1,1,-1
20151327D0415,1,9,0,18,0,8,0,0,0,0,1,1,6,1,32,6,1396,1,11,-1,1,-1
20151327D0415,2,9,0,9,0,8,0,0,0,0,4,1,6,1,36,7,1398,2,13,-1,1,-1
20151327D0677,1,9,0,9,0,6,0,0,7,0,4,1,6,1,37,7,1364,2,5,-1,1,-1
20151327D0677,2,9,0,18,0,1,0,0,0,0,1,1,1,1,21,5,1968,2,6,-1,-1,-1
20151327D0738,1,9,0,9,0,5,0,0,0,0,1,1,6,2,22,5,1398,1,5,-1,1,-1
20151327D0755,1,9,0,18,0,0,0,0,0,0,4,1,6,2,35,6,1598,2,5,-1,1,-1
20151327D0755,2,21,1,12,0,0,0,0,0,0,3,1,1,1,47,8,-1,-1,-1,-1,-1,-1
20151327D0841,1,9,0,9,0,6,0,0,0,0,1,1,6,2,32,6,1686,2,4,-1,1,-1
20151327D0963,1,9,0,7,0,0,0,0,0,0,4,1,6,1,-1,-1,1388,1,3,-1,-1,-1
20151327D0963,2,1,0,18,0,0,0,0,0,0,1,1,6,1,22,5,-1,-1,-1,-1,1,-1
20151327D1008,1,9,0,18,0,0,0,0,0,0,3,1,6,3,-1,-1,-1,-1,-1,-1,-1,-1
20151327D1112,1,9,0,4,0,0,0,0,0,0,1,1,2,1,44,7,1248,2,3,-1,1,-1
20151327D1112,2,9,0,4,0,0,0,0,0,0,2,1,2,2,47,8,3199,1,16,-1,1,-1
20151327D1450,1,9,0,18,0,1,0,0,0,0,1,1,6,2,52,8,1598,1,8,-1,1,-1
20151327D1861,1,9,0,18,0,8,0,0,0,0,1,1,6,3,-1,-1,1968,2,8,-1,-1,-1
20151327E0135,1,9,0,18,0,1,0,0,0,0,4,1,6,2,25,5,1590,1,10,-1,1,-1
20151327E0135,2,9,0,18,0,1,5,0,0,0,1,1,6,2,36,7,1461,2,2,-1,1,-1
20151327E0201,1,3,0,18,0,0,0,0,0,0,1,1,2,1,24,5,124,1,11,-1,-1,-1
20151327E0253,1,9,0,9,0,5,0,0,0,0,3,1,2,1,27,6,1598,1,2,-1,1,-1
20151327E0253,2,19,0,18,0,8,0,0,0,0,1,1,2,1,44,7,1995,2,3,-1,1,-1
20151327E0311,1,9,0,18,0,0,0,0,0,0,1,1,6,2,-1,-1,1364,1,8,-1,-1,-1
20151327E0748,1,9,0,9,0,1,0,0,0,0,3,1,6,1,37,7,1910,2,9,-1,2,-1
20151327E0748,2,9,0,18,0,1,0,0,0,0,1,1,6,2,32,6,1360,1,7,-1,1,-1
20151327E0776,1,9,0,1,0,8,0,0,0,0,2,1,6,1,-1,-1,1968,2,10,-1,-1,-1
20151327E0776,2,9,0,18,0,8,0,0,0,0,1,1,6,2,33,6,1360,1,12,-1,1,-1
20151327E0776,3,9,0,18,0,8,0,0,0,0,1,1,6,2,63,9,1560,2,-1,-1,1,-1
20151327E0928,1,8,0,3,0,0,0,0,0,0,2,1,1,1,44,7,1598,2,3,-1,1,-1
20151327E0928,2,9,0,3,0,0,0,0,0,0,2,1,6,1,31,6,1598,2,3,-1,1,-1
20151327E0928,3,9,0,18,0,0,0,0,0,0,1,1,1,1,22,5,-1,-1,-1,-1,1,-1
20151327E0970,1,9,0,9,0,1,0,0,0,0,1,1,1,2,18,4,1198,1,5,-1,1,-1
20151327E0970,2,9,0,18,0,1,0,0,0,0,1,1,1,2,36,7,1995,2,4,-1,1,-1
20151327E1090,1,9,0,10,0,8,0,0,0,0,3,1,6,1,19,4,-1,-1,-1,-1,2,-1
20151327E1090,2,9,0,18,0,8,0,0,0,0,4,1,6,2,29,6,1999,1,12,-1,2,-1
20151327E1097,1,19,0,5,0,0,0,0,0,0,1,1,1,1,26,6,2198,2,-1,-1,1,-1
20151327E1183,1,9,0,4,0,4,0,0,0,0,2,1,6,1,22,5,1896,2,13,-1,1,-1
20151327E1183,2,9,0,18,0,4,0,0,0,0,1,1,6,1,25,5,1596,1,10,-1,1,-1
20151327E1210,1,1,0,18,9,6,0,0,0,0,1,1,6,1,13,3,-1,-1,-1,-1,-1,-1
20151327E1210,2,9,0,18,0,5,0,0,0,0,4,1,6,2,60,9,1984,1,10,-1,1,-1
20151327E1351,1,9,0,9,0,1,0,0,0,0,1,1,6,1,60,9,1596,1,4,-1,3,-1
20151327E1351,2,1,0,9,0,1,0,0,0,0,2,1,6,1,60,9,-1,-1,-1,-1,1,-1
20151327E1733,1,9,0,18,0,1,0,0,0,0,1,1,6,1,28,6,1598,1,9,-1,-1,-1
20151327E1733,2,9,0,18,0,1,0,0,0,0,2,1,6,2,22,5,1229,1,8,-1,1,-1
20151327E1772,1,1,0,18,0,8,0,0,0,0,0,1,6,2,46,8,-1,-1,-1,-1,1,-1
20151327F0295,1,90,0,9,0,8,0,0,0,0,4,1,1,1,66,10,5883,2,9,-1,2,-1
20151327F0295,2,1,0,9,0,8,0,0,0,0,1,1,6,1,47,8,-1,-1,-1,-1,1,-1
20151327F0296,1,19,0,18,0,5,0,0,0,0,1,1,1,1,24,5,2402,2,4,-1,-1,-1
20151327F0296,2,11,0,9,3,1,0,0,0,0,1,1,1,1,56,9,7300,2,11,-1,1,-1
20151327F0528,1,9,0,18,0,0,0,0,0,0,1,1,6,1,-1,-1,1198,1,1,-1,-1,-1
20151327F0528,2,9,0,18,0,0,0,0,0,0,2,1,6,2,29,6,1360,1,12,-1,1,-1
20151327F0537,1,20,0,18,0,0,0,0,0,0,2,1,6,1,-1,-1,6692,2,5,-1,-1,-1
20151327F0537,2,9,0,18,0,0,0,0,0,0,1,1,6,2,31,6,1390,1,12,-1,1,-1
20151327F0557,1,5,0,14,0,0,0,0,0,0,4,1,6,1,37,7,998,1,8,-1,1,-1
20151327F0557,2,9,0,18,0,0,0,0,0,0,1,1,6,1,24,5,1796,1,12,-1,1,-1
20151327F0557,3,20,0,2,0,0,0,0,0,0,0,1,1,1,48,8,-1,-1,-1,-1,1,-1
20151327F0849,1,9,0,7,0,0,0,0,0,0,4,1,6,1,-1,-1,-1,-1,-1,-1,-1,-1
20151327F0849,2,1,0,18,0,0,0,0,0,0,1,1,6,1,25,5,-1,-1,-1,-1,1,-1
20151327F0865,1,9,4,18,0,0,0,0,0,0,4,1,1,1,51,8,-1,-1,-1,-1,1,-1
20151327F0865,2,1,0,18,0,0,0,0,0,0,0,1,4,1,15,3,-1,-1,-1,-1,1,-1
20151327F0871,1,9,0,9,0,2,0,0,0,0,1,1,6,1,73,10,1364,1,-1,-1,1,-1
20151327F0871,2,1,0,18,0,1,0,0,0,0,4,1,6,1,59,9,-1,-1,-1,-1,1,-1
20151327F0962,1,9,0,9,0,8,0,0,0,0,2,1,6,1,29,6,2143,2,1,-1,1,-1
20151327F0962,2,3,0,18,0,8,0,0,0,0,1,1,6,1,19,4,124,1,7,-1,1,-1
20151327F1052,1,9,0,9,0,5,0,0,0,0,1,1,6,2,63,9,1390,1,10,-1,1,-1
20151327F1052,2,9,0,18,0,1,0,0,0,0,1,1,6,1,20,4,1896,2,7,-1,1,-1
20151327F1188,1,9,0,18,0,2,0,0,0,0,1,1,6,1,61,9,1299,1,16,-1,1,-1
20151327F1188,2,9,0,18,0,1,0,0,0,0,1,1,6,1,57,9,1798,1,12,-1,1,-1
20151327F1188,3,9,0,2,0,1,0,0,0,0,1,1,6,1,-1,-1,1242,1,11,-1,-1,-1
20151327F1321,1,8,0,1,0,0,0,0,0,0,2,1,1,1,33,6,1497,8,7,-1,1,-1
20151327F1334,1,9,0,12,0,1,0,0,0,0,3,1,2,1,29,6,1242,1,13,-1,1,-1
20151327F1334,2,3,0,4,0,1,0,0,0,0,4,1,2,2,21,5,125,1,3,-1,2,-1
20151327F1352,1,9,0,18,0,0,0,0,0,0,4,1,6,3,-1,-1,-1,-1,-1,-1,-1,-1
20151327F1377,1,9,0,9,0,5,0,0,0,0,3,1,2,2,55,8,1422,2,8,-1,-1,-1
20151327F1377,2,3,0,13,0,8,2,0,0,0,1,1,6,1,54,8,124,1,13,-1,-1,-1
20151327F1386,1,9,0,9,0,8,0,0,0,0,4,1,6,2,30,6,2143,2,1,-1,1,-1
20151327F1386,2,3,0,18,0,8,0,0,0,0,1,1,6,1,25,5,124,1,-1,-1,1,-1
20151327F1386,3,9,0,9,0,8,0,0,0,0,0,1,6,3,-1,-1,-1,-1,-1,-1,-1,-1
20151327F1470,1,9,0,18,0,0,0,0,0,0,2,1,6,1,-1,-1,2143,2,2,-1,-1,-1
20151327F1470,2,9,0,18,0,0,0,0,0,0,0,1,6,2,23,5,1242,1,8,-1,1,-1
20151327F1645,1,9,0,18,0,8,0,0,0,0,1,1,6,1,35,6,1796,1,11,-1,1,-1
20151327F1645,2,9,0,9,0,8,0,0,0,0,1,1,6,3,-1,-1,-1,-1,-1,-1,-1,-1
20151327F1984,1,9,0,17,0,0,0,0,0,0,4,1,6,2,45,7,1995,2,11,-1,2,-1
20151327G0245,1,9,0,9,0,8,0,0,0,0,3,1,2,2,25,5,1242,1,9,-1,1,-1
20151327G0245,2,5,0,18,0,8,0,0,0,0,1,1,2,1,64,9,599,1,16,-1,1,-1
20151327G0331,1,9,0,18,0,1,0,0,0,0,1,1,6,1,28,6,1390,1,7,-1,1,-1
20151327G0331,2,9,0,9,0,6,0,0,0,0,3,1,6,2,23,5,1299,1,9,-1,1,-1
20151327G0354,1,8,0,3,0,8,0,0,0,0,0,1,1,1,51,8,1686,2,7,-1,1,-1
20151327G0354,2,5,0,18,0,8,2,0,0,0,3,1,6,1,33,6,599,1,7,-1,1,-1
20151327G0457,1,9,0,1,9,6,0,0,0,0,2,1,6,2,32,6,1896,2,7,-1,1,-1
20151327G0489,1,21,0,4,0,0,0,0,0,0,1,1,1,1,-1,-1,-1,-1,-1,-1,3,-1
20151327G0489,2,9,0,4,0,0,0,0,0,0,2,1,6,2,25,5,-1,-1,-1,-1,1,-1
20151327G0489,3,9,0,4,0,0,0,0,0,0,2,1,6,2,18,4,-1,-1,-1,-1,3,-1
20151327G0615,1,9,0,18,0,0,0,0,0,0,1,1,6,2,39,7,1598,2,3,-1,1,-1
20151327G0775,1,9,0,18,0,0,0,0,0,0,4,1,6,1,54,8,998,1,2,-1,1,-1
20151327G0965,1,8,0,7,0,1,0,0,0,0,4,1,1,1,-1,-1,-1,-1,-1,-1,-1,-1
20151327G0965,2,1,0,4,9,1,0,0,0,0,1,1,6,1,23,5,-1,-1,-1,-1,1,-1
20151327G1020,1,9,0,9,0,6,0,0,0,0,1,1,1,1,39,7,1968,2,6,-1,1,-1
20151327G1020,2,9,0,16,0,1,0,0,0,0,1,1,6,1,59,9,1597,2,2,-1,1,-1
20151327G1075,1,5,0,9,0,0,2,11,0,0,3,1,6,1,58,9,1002,1,26,-1,1,-1
20151327G1202,1,9,0,5,0,8,0,0,0,0,0,1,2,2,23,5,1995,2,2,-1,-1,-1
20151327G1202,2,1,0,18,0,1,5,0,0,0,0,1,2,1,47,8,-1,-1,-1,-1,1,-1
20151327G1276,1,19,0,18,0,2,0,0,0,0,4,1,6,1,-1,-1,2148,2,7,-1,-1,-1