Accident_Index,Vehicle_Reference,Vehicle_Type,Towing_and_Articulation,Vehicle_Manoeuvre,Vehicle_Location-Restricted_Lane,Junction_Location,Skidding_and_Overturning,Hit_Object_in_Carriageway,Vehicle_Leaving_Carriageway,Hit_Object_off_Carriageway,1st_Point_of_Impact,Was_Vehicle_Left_Hand_Drive?,Journey_Purpose_of_Driver,Sex_of_Driver,Age_of_Driver,Age_Band_of_Driver,Engine_Capacity_(CC),Propulsion_Code,Age_of_Vehicle,Driver_IMD_Decile,Driver_Home_Area_Type,Vehicle_IMD_Decile
20151327S1070,1,9,0,18,0,8,0,0,0,0,4,1,6,1,23,5,1598,1,3,-1,1,-1
20151327S1070,2,9,0,9,0,8,0,0,0,0,1,1,6,3,-1,-1,-1,-1,-1,-1,-1,-1
20151327S1170,1,9,0,6,0,1,0,0,0,0,0,1,6,1,26,6,2143,2,4,-1,1,-1
20151327S1170,2,9,0,18,0,1,0,0,1,1,1,1,6,1,22,5,1198,1,5,-1,1,-1
20151327S1173,1,9,0,9,0,8,0,0,0,0,4,1,2,1,44,7,2401,2,8,-1,1,-1
20151327S1173,2,1,0,18,0,8,0,0,0,0,0,1,6,1,46,8,-1,-1,-1,-1,3,-1
20151327S1361,1,9,0,6,0,0,0,0,0,0,3,1,6,2,44,7,998,1,13,-1,1,-1
20151327S1361,2,1,0,18,0,0,0,0,0,0,1,1,6,1,42,7,-1,-1,-1,-1,1,-1
20151327S1433,1,9,0,18,0,0,0,0,0,0,1,1,1,1,-1,-1,1956,2,2,-1,-1,-1
20151327S1433,2,9,0,3,0,0,0,0,0,0,2,1,1,1,49,8,1800,1,17,-1,-1,-1
20151327T0354,1,3,0,18,0,0,1,0,7,0,3,1,2,1,23,5,124,1,8,-1,1,-1
20151327T0450,1,9,0,18,0,8,0,0,0,0,3,1,6,2,39,7,1998,2,13,-1,1,-1
20151327T0450,2,9,0,9,0,8,0,0,0,0,1,1,6,1,65,9,1560,2,1,-1,1,-1
20151327T0489,1,19,0,18,0,2,0,0,0,0,1,1,1,1,41,7,1968,2,1,-1,1,-1
20151327T0613,1,9,0,16,0,0,0,0,0,0,1,1,6,2,22,5,1586,1,8,-1,1,-1
20151327T0613,2,1,0,16,0,0,0,0,0,0,1,1,6,1,30,6,-1,-1,-1,-1,1,-1
20151327T0632,1,9,0,7,0,1,0,0,0,0,4,1,6,2,24,5,1240,1,5,-1,1,-1
20151327T0632,2,8,0,2,0,2,0,0,0,0,3,1,1,1,30,6,1896,2,7,-1,1,-1
20151327T0647,1,9,0,18,0,0,0,0,0,0,3,1,6,2,27,6,1388,1,12,-1,1,-1
20151327T0647,2,9,0,18,0,0,0,0,0,0,3,1,6,2,21,5,1390,1,2,-1,3,-1
20151327T0715,1,9,0,6,0,0,0,0,0,0,3,1,6,2,28,6,1242,1,2,-1,1,-1
20151327T0715,2,19,0,18,0,0,0,0,0,0,1,1,6,1,57,9,2402,2,6,-1,1,-1
20151327T1138,1,1,0,18,9,8,0,0,0,0,1,1,2,1,32,6,-1,-1,-1,-1,1,-1
20151327T1138,2,9,0,4,9,8,0,0,0,0,4,1,2,2,24,5,1596,1,9,-1,1,-1
20151327T1261,1,9,0,18,0,0,0,0,0,0,0,1,6,1,54,8,3498,8,1,-1,2,-1
20151327T1261,2,1,0,18,0,0,0,0,0,0,0,1,6,1,38,7,-1,-1,-1,-1,1,-1
20151327T1284,1,9,0,2,0,0,0,0,0,0,3,1,6,1,31,6,-1,-1,-1,-1,1,-1
20151327T1284,2,19,0,18,0,0,0,0,0,0,4,1,6,2,-1,-1,1560,2,1,-1,-1,-1
20151327T1546,1,9,0,18,0,1,0,0,0,0,1,1,6,2,65,9,1956,2,4,-1,1,-1
20151327T1623,1,9,0,1,0,0,0,0,0,0,2,1,6,1,-1,-1,1242,1,3,-1,3,-1
20151327T1623,2,1,0,18,0,0,0,0,0,0,4,1,6,1,8,2,-1,-1,-1,-1,3,-1
20151327U0211,1,19,0,18,0,4,0,0,0,0,1,1,1,1,38,7,1753,2,5,-1,1,-1
20151327U0211,2,1,0,18,0,8,0,0,0,0,1,1,1,1,34,6,-1,-1,-1,-1,-1,-1
20151327U0228,1,9,0,18,0,8,0,0,0,0,1,1,2,2,28,6,2995,1,6,-1,1,-1
20151327U0228,2,9,0,18,0,8,0,0,1,7,3,1,2,2,25,5,1390,1,1,-1,-1,-1
20151327U0259,1,3,0,18,0,1,0,0,0,0,1,1,6,1,33,6,124,1,15,-1,1,-1
20151327U0259,2,19,0,9,0,8,0,0,0,0,3,1,6,2,46,8,1995,2,7,-1,1,-1
20151327U0264,1,9,0,9,0,6,0,0,0,0,3,1,2,1,48,8,-1,-1,-1,-1,1,-1
20151327U0264,2,5,0,18,0,8,2,0,0,0,1,1,2,1,58,9,1137,1,19,-1,1,-1
20151327U0329,1,21,0,18,0,0,0,0,0,0,1,1,1,1,56,9,5880,2,6,-1,1,-1
20151327U0329,2,21,1,4,0,0,1,0,0,0,2,1,1,1,60,9,10518,2,3,-1,1,-1
20151327U0329,3,19,0,18,0,0,0,0,0,0,0,1,1,1,40,7,2287,2,2,-1,-1,-1
20151327U0460,1,19,0,7,0,8,0,0,0,0,4,1,1,1,27,6,8650,2,15,-1,1,-1
20151327U0460,2,9,0,7,0,8,0,0,0,0,3,1,6,2,46,8,1149,1,9,-1,1,-1
20151327U0641,1,9,0,18,0,2,0,0,7,3,1,1,6,2,82,11,1339,1,7,-1,1,-1
20151327U0867,1,9,0,18,0,0,0,0,0,0,4,1,6,2,57,9,1560,2,5,-1,1,-1
20151327U0875,1,9,0,18,0,0,0,0,1,2,1,1,6,1,67,10,1461,2,11,-1,1,-1
20151327U0904,1,9,0,18,0,8,0,0,1,11,1,1,6,1,-1,-1,1796,1,13,-1,-1,-1
20151327U0904,2,9,0,18,0,8,0,0,7,0,1,1,6,1,22,5,1598,1,2,-1,-1,-1
20151327U0988,1,9,0,3,0,0,0,0,0,0,4,1,6,1,42,7,1198,1,6,-1,-1,-1
20151327U0988,2,1,0,18,4,0,0,0,0,0,1,1,6,1,42,7,-1,-1,-1,-1,1,-1
20151327U1019,1,19,0,7,0,1,0,0,0,0,4,1,6,2,-1,-1,2198,2,2,-1,-1,-1
20151327U1019,2,1,0,3,9,1,0,0,0,0,1,1,6,1,13,3,-1,-1,-1,-1,1,-1
20151327U1168,1,9,0,18,0,0,0,0,0,0,3,1,6,1,29,6,996,1,4,-1,1,-1
20151327U1168,2,9,0,18,0,0,0,0,0,0,4,1,6,1,44,7,1399,2,3,-1,1,-1
20151327U1175,1,9,0,12,0,0,0,0,0,0,1,1,1,1,39,7,3498,1,6,-1,2,-1
20151327U1175,2,9,0,4,0,0,0,0,0,0,2,1,6,1,33,6,1398,2,3,-1,1,-1
20151327U1175,3,9,0,4,0,0,0,0,0,0,2,1,1,2,37,7,1968,2,-1,-1,-1,-1
20151327U1206,1,9,0,18,0,0,0,0,7,11,3,1,6,1,85,11,1598,1,13,-1,1,-1
20151327U1220,1,1,0,17,0,0,0,0,0,0,1,1,6,1,30,6,-1,-1,-1,-1,1,-1
20151327U1220,2,9,0,16,0,0,0,0,0,0,1,1,6,1,35,6,998,1,2,-1,1,-1
20151327U1294,1,9,0,18,0,0,0,0,0,0,3,1,6,1,25,5,-1,-1,-1,-1,1,-1
20151327U1294,2,4,0,18,0,0,0,0,0,0,4,1,6,3,-1,-1,125,1,6,-1,-1,-1
20151327U1334,1,9,0,18,0,2,1,0,0,0,1,1,6,2,25,5,1248,2,1,-1,1,-1
20151327U1334,2,9,0,18,0,1,0,0,0,0,1,1,6,1,44,7,1598,1,1,-1,1,-1
20151327U1334,3,9,0,9,0,1,0,0,0,0,0,1,6,2,50,8,1197,1,-1,-1,1,-1
20151327U1501,1,9,0,18,0,0,0,0,0,0,1,1,6,3,-1,-1,1896,2,12,-1,-1,-1
20151327U1501,2,9,0,2,0,0,0,0,0,0,2,1,6,1,31,6,1995,2,10,-1,1,-1
20151327U1601,1,19,0,18,0,0,0,0,0,0,4,1,6,1,22,5,2198,2,-1,-1,1,-1
20151327U1601,2,1,0,18,0,0,0,0,0,0,3,1,6,1,31,6,-1,-1,-1,-1,1,-1
20151327U1811,1,9,0,18,0,1,0,0,0,0,1,1,6,3,-1,-1,-1,-1,-1,-1,-1,-1
20151327U1811,2,1,0,18,0,1,0,0,0,0,2,1,6,1,26,6,-1,-1,-1,-1,1,-1
20151327V0275,1,9,0,18,0,3,0,0,0,0,1,1,6,1,68,10,1360,1,11,-1,1,-1
20151327V0275,2,8,0,2,0,2,0,4,0,0,2,1,6,1,-1,-1,1896,2,6,-1,-1,-1
20151327V0275,3,8,0,2,0,2,0,4,0,0,2,1,6,1,-1,-1,1798,8,1,-1,-1,-1
20151327V0575,1,9,0,18,0,0,0,0,0,0,4,1,6,1,83,11,1995,1,6,-1,-1,-1
20151327V0575,2,9,0,2,0,0,0,0,0,0,3,1,6,3,-1,-1,2401,2,11,-1,-1,-1
20151327V0611,1,5,0,18,0,8,1,0,0,0,4,1,6,1,59,9,1170,1,5,-1,3,-1
20151327V0950,1,1,0,18,0,1,0,0,0,0,1,1,1,1,22,5,-1,-1,-1,-1,1,-1
20151327V0950,2,9,0,9,0,1,0,0,0,0,4,1,1,1,31,6,998,1,11,-1,1,-1
20151327V1018,1,9,0,18,0,0,0,0,0,0,1,1,6,1,35,6,-1,-1,-1,-1,1,-1
20151327V1018,2,9,0,2,0,0,1,0,1,11,2,1,6,1,-1,-1,1598,1,11,-1,-1,-1
20151327V1037,1,9,0,18,0,1,0,0,0,0,1,1,6,1,42,7,998,1,15,-1,1,-1
20151327V1037,2,9,0,2,0,1,0,0,0,0,2,1,6,1,54,8,1397,1,5,-1,1,-1
20151327V1039,1,9,0,9,0,1,0,0,0,0,3,1,6,2,47,8,1368,1,-1,-1,1,-1
20151327V1039,2,3,0,18,0,1,0,0,0,0,1,1,6,1,18,4,125,1,4,-1,3,-1
20151327V1129,1,9,0,18,0,0,0,0,0,0,1,1,6,2,35,6,1396,1,18,-1,1,-1
20151327V1129,2,9,0,4,0,0,0,0,0,0,2,1,6,1,22,5,1968,2,6,-1,1,-1
20151327V1148,1,9,0,18,0,0,0,0,0,0,1,1,6,3,-1,-1,-1,-1,-1,-1,-1,-1
20151327V1148,2,9,0,18,0,0,0,0,0,0,2,1,6,1,30,6,1968,2,11,-1,1,-1
20151327V1231,1,1,0,18,0,0,0,0,0,0,1,1,6,1,6,2,-1,-1,-1,-1,1,-1
20151327V1231,2,19,0,4,0,0,0,0,0,0,1,1,6,1,41,7,1870,2,12,-1,1,-1
20151327V1244,1,9,0,18,0,0,0,0,0,0,1,1,6,1,63,9,2987,2,8,-1,1,-1
20151327V1378,1,9,0,14,0,0,0,0,0,0,1,1,6,1,67,10,1560,2,7,-1,1,-1
20151327V1378,2,9,0,18,0,0,0,0,0,0,1,1,6,1,76,11,1390,1,2,-1,1,-1
20151327V1442,1,9,0,9,0,6,0,0,0,0,1,1,6,1,21,5,999,1,2,-1,1,-1
20151327V1442,2,3,0,18,0,8,0,0,0,0,1,1,6,1,24,5,125,1,6,-1,1,-1
20151327V1507,1,9,0,6,0,0,0,0,0,0,1,1,6,1,34,6,2204,2,8,-1,1,-1
20151327V1507,2,9,0,13,0,0,2,0,0,0,1,1,6,2,23,5,1149,1,12,-1,1,-1
20151327V1717,1,9,0,18,0,0,0,0,0,0,1,1,6,1,22,5,1199,1,12,-1,1,-1
20151327V1717,2,11,0,18,0,0,0,0,0,0,1,1,1,1,63,9,9360,2,4,-1,2,-1
20151327V1717,3,9,0,18,0,0,0,0,0,0,1,1,6,1,24,5,1398,2,9,-1,1,-1
20151327V1717,4,9,0,18,0,0,0,0,0,0,1,1,6,2,50,8,1242,1,-1,-1,1,-1
20151327V1717,5,21,1,18,0,0,0,0,0,0,3,1,1,1,64,9,12777,2,1,-1,3,-1
2015132810380,1,8,0,18,0,0,0,0,0,0,1,1,1,1,38,7,1896,2,5,-1,1,-1
2015132810380,2,8,0,18,0,0,0,0,0,0,1,1,1,1,39,7,1364,2,-1,-1,1,-1
2015132810515,1,9,0,7,0,6,0,0,0,0,1,1,6,1,25,5,1598,1,11,-1,1,-1
2015132810515,2,9,0,14,0,1,0,0,0,0,3,1,6,2,43,7,2400,2,7,-1,2,-1
2015132810748,1,9,0,14,0,0,0,0,0,0,1,1,6,2,58,9,1360,1,9,-1,1,-1
2015132810748,2,9,0,2,0,0,0,0,0,0,0,1,6,2,-1,-1,1753,2,13,-1,-1,-1
2015132810882,1,9,0,9,0,2,0,0,0,0,1,1,6,1,41,7,1896,2,10,-1,1,-1
2015132810882,2,1,0,18,0,2,0,0,0,0,4,1,6,2,57,9,-1,-1,-1,-1,1,-1
2015132810928,1,8,0,18,0,0,0,0,0,0,1,1,6,3,-1,-1,-1,-1,-1,-1,-1,-1
2015132810974,1,9,0,4,0,0,0,0,0,0,1,1,6,2,46,8,1396,1,12,-1,1,-1
2015132810974,2,9,0,2,0,0,0,0,0,0,2,1,6,2,28,6,1686,2,11,-1,1,-1
2015132811053,1,9,0,16,0,0,0,0,0,0,1,1,6,1,58,9,1995,2,3,-1,1,-1
2015132811053,2,9,0,17,0,0,0,0,0,0,1,1,6,2,40,7,1798,1,6,-1,1,-1
2015132811064,1,9,0,18,0,6,0,0,0,0,1,1,6,1,40,7,2993,2,11,-1,-1,-1
2015132811064,2,9,0,18,0,1,0,0,0,0,1,1,6,1,59,9,1388,1,15,-1,1,-1
2015132811087,1,9,0,9,0,6,0,0,0,0,3,1,6,1,35,6,2685,2,10,-1,1,-1
2015132811087,2,9,0,18,0,1,0,0,0,0,1,1,6,1,37,7,1598,1,13,-1,1,-1
2015132811159,1,9,0,18,0,0,0,0,0,0,0,1,6,3,-1,-1,-1,-1,-1,-1,-1,-1
2015132811159,2,11,0,18,0,0,0,0,0,0,0,1,6,1,53,8,6700,2,3,-1,1,-1
2015132811197,1,9,0,9,0,6,0,0,0,0,4,1,6,1,57,9,1956,2,6,-1,1,-1
2015132811197,2,9,0,18,0,8,0,0,1,4,1,1,6,1,22,5,1598,1,5,-1,1,-1
2015132811279,1,9,0,2,6,0,1,0,0,0,2,1,6,2,19,4,1298,1,13,-1,1,-1
2015132811279,2,9,0,18,6,0,0,0,0,0,1,1,6,1,70,10,2401,2,14,-1,-1,-1
2015132811294,1,9,0,18,0,1,1,0,0,0,1,1,6,1,23,5,1390,1,8,-1,-1,-1
2015132811294,2,9,0,18,0,1,1,0,0,0,1,1,6,1,51,8,1984,1,14,-1,2,-1
2015132811362,1,1,0,18,0,8,0,0,0,0,4,1,6,2,11,3,-1,-1,-1,-1,-1,-1
2015132811362,2,9,0,18,0,8,0,0,0,0,1,1,6,3,-1,-1,-1,-1,-1,-1,-1,-1
2015132811596,1,9,0,7,0,0,0,0,0,0,4,1,6,1,-1,-1,1598,2,-1,-1,-1,-1
2015132811596,2,1,0,18,0,0,0,0,0,0,1,1,6,1,25,5,-1,-1,-1,-1,1,-1
2015132811795,1,9,0,9,0,8,0,0,0,0,1,1,6,3,-1,-1,-1,-1,-1,-1,-1,-1
2015132820644,1,21,0,1,0,8,0,0,0,0,2,1,1,1,46,8,3920,2,6,-1,1,-1
2015132820644,2,9,0,3,0,8,0,0,0,0,1,1,6,2,29,6,1248,2,2,-1,1,-1
2015132820764,1,5,0,16,0,0,0,0,0,0,4,1,6,1,44,7,599,1,11,-1,1,-1
2015132820919,1,9,0,18,0,4,0,0,0,0,1,1,6,1,20,4,-1,-1,-1,-1,1,-1
2015132820919,2,1,0,18,0,4,0,0,0,0,4,1,6,1,40,7,-1,-1,-1,-1,3,-1
2015132821022,1,9,0,18,0,0,0,0,0,0,1,1,6,2,49,8,1910,2,11,-1,1,-1
2015132821064,1,9,0,16,0,0,0,0,0,0,0,1,1,1,30,6,1248,2,2,-1,1,-1
2015132821064,2,9,0,16,0,0,2,0,1,4,3,1,6,1,51,8,1868,2,16,-1,1,-1
2015132821068,1,9,0,4,0,0,0,0,0,0,1,1,6,2,18,4,1242,1,3,-1,1,-1
2015132821068,2,9,0,3,0,0,0,0,0,0,2,1,6,1,33,6,1598,1,8,-1,1,-1
2015132821068,3,9,0,3,0,0,0,0,0,0,2,1,6,1,49,8,1995,2,3,-1,1,-1
2015132821068,4,9,0,3,0,0,0,0,0,0,2,1,6,1,74,10,1686,2,8,-1,1,-1
2015132821081,1,9,0,18,0,0,0,0,0,0,1,1,6,1,35,6,1968,2,10,-1,1,-1
2015132821470,1,5,0,18,0,0,1,0,1,11,1,1,6,1,30,6,599,1,12,-1,1,-1
2015132821477,1,19,0,1,0,0,0,4,0,0,2,1,1,1,47,8,1598,2,-1,-1,1,-1
2015132821477,2,9,0,2,0,0,0,0,0,0,1,1,6,2,-1,-1,1242,1,9,-1,1,-1
2015132821477,3,9,0,2,0,0,0,0,0,0,4,1,6,1,-1,-1,1968,2,8,-1,1,-1
2015132821562,1,9,0,16,0,0,2,0,7,9,0,1,6,1,39,7,1299,1,15,-1,1,-1
2015132821670,1,9,0,18,0,8,1,0,0,7,1,1,6,1,74,10,1598,2,1,-1,1,-1
2015132821670,2,9,0,18,0,8,0,1,0,0,2,1,6,2,40,7,3800,1,2,-1,1,-1
2015132821670,3,9,0,18,0,8,0,1,0,0,1,1,6,1,22,5,1598,1,11,-1,1,-1
2015132830449,1,9,0,18,0,0,0,0,1,0,1,1,6,1,77,11,1497,1,11,-1,1,-1
2015132830702,1,9,0,18,0,8,0,0,0,0,1,1,6,3,-1,-1,1598,2,-1,-1,-1,-1
2015132830702,2,9,0,7,0,8,0,0,0,0,4,1,6,1,60,9,-1,-1,-1,-1,1,-1
2015132830719,1,9,0,18,0,8,0,0,1,5,4,1,6,2,57,9,-1,-1,-1,-1,1,-1
2015132830719,2,9,0,9,0,1,0,0,0,0,1,1,6,1,70,10,2967,1,9,-1,1,-1
2015132830781,1,20,0,1,0,1,0,0,0,0,2,1,1,1,30,6,4462,2,2,-1,-1,-1
2015132830781,2,4,0,3,0,1,5,0,0,0,1,1,6,1,58,9,865,1,-1,-1,-1,-1
2015132831138,1,9,0,18,0,0,0,0,0,0,4,1,2,1,24,5,1229,1,9,-1,1,-1
2015132831173,1,9,0,9,0,6,0,0,0,0,1,1,6,2,39,7,998,1,17,-1,1,-1
2015132831173,2,9,0,18,0,8,0,4,0,0,1,1,6,1,60,9,1995,2,7,-1,2,-1
2015132831173,3,9,0,2,0,2,0,0,0,0,1,1,6,1,38,7,1910,2,8,-1,-1,-1
2015132831265,1,9,0,1,0,1,0,0,0,0,1,1,6,1,46,8,998,1,13,-1,1,-1
2015132831265,2,9,0,3,0,1,0,0,0,0,2,1,6,2,26,6,1229,1,2,-1,1,-1
2015132831265,3,9,0,3,0,1,0,0,0,0,1,1,6,3,-1,-1,1388,1,9,-1,-1,-1
2015132831321,1,9,0,18,0,0,0,0,0,0,1,1,6,2,46,8,1686,2,10,-1,1,-1
2015132831321,2,9,0,18,0,0,0,0,0,0,2,1,6,2,36,7,1598,1,11,-1,1,-1
2015132831374,1,9,0,18,0,8,0,0,0,0,1,1,6,2,27,6,1896,2,12,-1,1,-1
2015132831374,2,9,0,18,0,8,0,0,0,0,2,1,6,1,37,7,1968,2,11,-1,1,-1
2015132831632,1,2,0,18,0,1,0,0,0,0,1,1,6,3,-1,-1,-1,-1,-1,-1,-1,-1
2015132831632,2,8,0,3,0,1,0,0,0,0,2,1,1,1,60,9,1998,2,6,-1,1,-1
2015132831635,1,9,0,9,0,8,0,0,0,0,4,1,6,1,19,4,1461,2,-1,-1,1,-1
2015132831635,2,5,0,18,0,8,5,0,0,0,1,1,6,1,20,4,645,1,13,-1,1,-1
2015132840020,1,9,0,14,0,2,0,0,0,0,1,1,6,1,19,4,1598,1,11,-1,1,-1
2015132840020,2,19,0,2,0,2,0,0,0,0,2,1,6,3,-1,-1,2151,2,13,-1,-1,-1
2015132840020,3,9,0,14,0,2,0,0,0,0,4,1,6,2,37,7,1995,2,12,-1,1,-1
2015132840283,1,9,0,4,0,0,0,0,0,0,1,1,2,2,28,6,1995,2,5,-1,-1,-1
2015132840283,2,9,0,4,0,0,0,0,0,0,2,1,2,2,31,6,1364,1,6,-1,-1,-1
2015132840283,3,9,0,4,0,0,0,0,0,0,2,1,6,1,68,10,1598,1,13,-1,-1,-1
2015132840723,1,9,0,18,0,0,0,0,0,0,3,1,6,2,47,8,1689,2,11,-1,-1,-1
2015132840723,2,9,0,16,0,0,0,0,0,0,4,1,6,1,-1,-1,-1,-1,-1,-1,-1,-1
2015132840727,1,1,0,18,0,8,2,0,0,0,1,1,6,1,20,4,-1,-1,-1,-1,1,-1
2015132840760,1,9,0,1,0,0,0,0,0,0,3,1,6,2,36,7,973,1,12,-1,1,-1
2015132840780,1,9,0,9,0,8,0,0,0,0,1,1,6,1,19,4,998,1,7,-1,1,-1
2015132840780,2,9,0,18,0,8,0,0,1,3,1,1,6,2,35,6,1598,1,10,-1,3,-1
2015132840801,1,9,0,18,0,0,0,0,0,0,1,1,6,1,64,9,1560,2,2,-1,1,-1
2015132840883,1,9,0,18,0,0,0,0,0,0,1,1,6,1,35,6,-1,-1,-1,-1,2,-1
2015132840883,2,9,0,18,0,0,0,0,0,0,2,1,6,1,49,8,1995,2,2,-1,1,-1
2015132840883,3,9,0,18,0,0,0,0,0,0,0,1,6,1,41,7,1396,1,15,-1,1,-1
2015132840889,1,9,0,16,0,8,0,0,0,0,1,1,6,2,39,7,3628,2,5,-1,3,-1
2015132840889,2,9,0,9,0,5,0,0,0,0,2,1,6,1,31,6,1339,1,9,-1,1,-1
2015132841076,1,9,0,5,0,6,0,0,0,0,1,1,2,1,35,6,1149,1,13,-1,1,-1
2015132841076,2,4,0,18,0,1,0,0,0,0,1,1,2,1,65,9,279,1,3,-1,1,-1
2015132841122,1,9,0,7,0,8,0,0,0,0,1,1,6,1,48,8,1995,2,9,-1,1,-1
2015132841122,2,1,0,18,0,8,0,0,0,0,1,1,6,1,42,7,-1,-1,-1,-1,1,-1
2015132841140,1,9,0,6,0,0,0,0,0,0,1,1,6,2,35,6,1242,1,1,-1,1,-1
2015132841140,2,5,0,18,0,0,2,0,0,0,3,1,6,1,54,8,1255,1,3,-1,1,-1
2015132841249,1,9,0,18,0,1,0,0,0,0,1,1,6,2,65,9,1349,1,6,-1,1,-1
2015132841249,2,5,0,3,0,1,0,0,0,0,2,1,6,1,29,6,654,1,7,-1,1,-1
2015132841265,1,9,0,6,0,1,0,0,0,0,3,1,6,2,26,6,1229,1,8,-1,1,-1
2015132841265,2,5,0,4,0,1,5,0,0,0,1,1,6,1,45,7,798,1,7,-1,1,-1
2015132841307,1,9,0,9,0,8,0,0,0,0,0,1,6,1,-1,-1,-1,-1,-1,-1,-1,-1
2015132841307,2,3,0,18,0,8,2,0,0,0,3,1,6,1,39,7,125,1,1,-1,1,-1
2015132841311,1,4,0,18,0,0,0,0,1,11,4,1,6,1,24,5,487,1,24,-1,1,-1
2015132850030,1,9,0,18,0,8,1,0,0,0,1,1,6,1,40,7,1686,2,13,-1,1,-1
2015132850226,1,9,0,18,0,0,5,0,1,4,2,1,1,2,42,7,1560,2,4,-1,1,-1
2015132850226,2,21,1,18,0,0,0,0,0,0,1,1,1,1,56,9,12900,2,1,-1,1,-1
2015132850602,1,9,0,4,0,1,0,0,0,0,1,1,6,1,-1,-1,1199,1,13,-1,-1,-1
2015132850602,2,9,0,3,0,1,0,0,0,0,2,1,6,2,35,6,1242,1,7,-1,1,-1
2015132850649,1,9,0,18,0,0,0,0,0,0,1,1,6,3,-1,-1,-1,-1,-1,-1,-1,-1
2015132850674,1,9,0,5,0,8,0,0,0,0,1,1,6,2,45,7,1598,1,13,-1,1,-1
2015132850674,2,19,0,18,0,8,0,0,0,0,1,1,1,1,36,7,2148,2,9,-1,1,-1
2015132850859,1,9,0,9,0,6,0,0,0,0,1,1,6,1,65,9,998,1,-1,-1,1,-1
2015132850859,2,2,0,18,0,1,0,0,0,0,3,1,6,1,19,4,124,1,15,-1,-1,-1
2015132850880,1,9,0,18,0,0,5,0,2,7,4,1,6,2,31,6,1229,1,10,-1,1,-1
2015132850891,1,9,0,1,0,0,0,0,0,0,2,1,6,3,-1,-1,-1,-1,-1,-1,-1,-1
2015132850891,2,19,0,5,0,0,0,0,0,0,1,1,1,1,56,9,1753,2,6,-1,2,-1
2015132850970,1,9,0,18,0,8,0,0,0,0,4,1,1,1,31,6,1388,1,9,-1,1,-1
2015132850970,2,19,0,18,0,8,0,0,0,0,1,1,6,1,40,7,2143,2,4,-1,1,-1
2015132851229,1,9,0,10,0,2,0,0,0,0,2,1,6,1,34,6,2188,2,12,-1,1,-1
2015132851229,2,9,0,18,0,1,0,0,0,0,1,1,6,3,-1,-1,-1,-1,-1,-1,-1,-1
2015132851351,1,9,0,18,0,1,1,0,0,0,4,1,6,2,22,5,1242,1,-1,-1,3,-1
2015132851437,1,9,0,18,0,0,1,0,1,4,1,1,6,1,26,6,1986,2,8,-1,1,-1
2015132851496,1,9,0,9,0,5,0,0,0,0,1,1,1,1,42,7,1995,2,2,-1,1,-1
2015132851496,2,1,0,18,0,1,0,0,0,0,1,1,2,1,42,7,-1,-1,-1,-1,2,-1
2015132851695,1,9,0,18,0,8,1,9,3,1,1,1,6,1,19,4,1199,1,13,-1,1,-1
2015132851885,1,9,0,18,0,8,0,0,0,0,1,1,6,1,30,6,1896,2,13,-1,1,-1
2015132851885,2,1,0,18,0,8,2,0,0,0,4,1,6,1,19,4,-1,-1,-1,-1,1,-1
2015132860680,1,9,0,2,0,1,0,0,0,0,3,1,6,2,47,8,1598,2,4,-1,3,-1
2015132860680,2,9,0,18,0,1,0,0,0,0,4,1,6,1,29,6,1910,2,7,-1,2,-1
2015132860986,1,9,0,18,0,6,0,0,0,0,1,1,6,1,32,6,1896,2,9,-1,1,-1
2015132860986,2,9,0,1,0,8,0,0,0,0,4,1,6,1,82,11,1998,2,9,-1,1,-1
2015132861017,1,9,0,9,0,0,0,0,0,0,4,1,6,1,26,6,1598,2,2,-1,1,-1
2015132861017,2,9,0,18,0,0,0,0,0,0,1,1,6,2,46,8,998,1,12,-1,1,-1
2015132861202,1,9,0,9,0,5,0,0,0,0,4,1,6,1,19,4,1598,1,5,-1,1,-1
2015132861202,2,1,0,18,0,8,0,0,0,0,1,1,2,1,50,8,-1,-1,-1,-1,1,-1
2015132861263,1,9,0,13,0,0,0,0,0,0,1,1,6,2,26,6,998,1,-1,-1,2,-1
2015132861263,2,5,0,16,0,0,0,0,1,11,1,1,2,1,29,6,1043,1,5,-1,1,-1
2015132861294,1,9,0,5,0,6,0,0,0,0,1,1,6,1,85,11,1197,1,-1,-1,1,-1
2015132861294,2,9,0,3,0,1,0,0,0,0,4,1,6,2,54,8,1997,2,-1,-1,1,-1
2015132861305,1,9,0,18,0,8,0,0,0,0,1,1,6,1,26,6,1360,1,8,-1,1,-1
2015132861305,2,9,0,18,0,8,0,0,0,0,2,1,6,1,19,4,1896,2,7,-1,1,-1
2015132861305,3,19,0,18,0,8,0,0,0,0,2,1,1,1,35,6,2400,2,13,-1,1,-1
2015132861448,1,9,0,6,0,0,0,0,0,0,1,1,1,1,25,5,998,1,16,-1,-1,-1
2015132861448,2,9,0,18,0,0,0,0,0,0,4,1,6,1,35,6,-1,-1,-1,-1,-1,-1
2015132861503,1,9,0,18,0,0,0,0,0,0,3,1,6,1,32,6,1896,2,12,-1,1,-1
2015132861519,1,2,0,18,0,0,0,0,0,0,1,1,6,1,24,5,49,1,7,-1,1,-1
2015132861519,2,9,0,4,0,0,0,0,0,0,2,1,6,2,60,9,998,1,2,-1,1,-1