Accident_Index,Vehicle_Reference,Vehicle_Type,Towing_and_Articulation,Vehicle_Manoeuvre,Vehicle_Location-Restricted_Lane,Junction_Location,Skidding_and_Overturning,Hit_Object_in_Carriageway,Vehicle_Leaving_Carriageway,Hit_Object_off_Carriageway,1st_Point_of_Impact,Was_Vehicle_Left_Hand_Drive?,Journey_Purpose_of_Driver,Sex_of_Driver,Age_of_Driver,Age_Band_of_Driver,Engine_Capacity_(CC),Propulsion_Code,Age_of_Vehicle,Driver_IMD_Decile,Driver_Home_Area_Type,Vehicle_IMD_Decile
2015132960386,1,9,0,18,0,4,0,0,0,0,3,1,6,1,29,6,1896,2,8,-1,-1,-1
2015132960386,2,1,0,18,0,8,0,0,0,0,1,1,6,1,27,6,-1,-1,-1,-1,-1,-1
2015132960438,1,9,0,18,0,8,0,0,0,0,3,1,6,2,45,7,1242,1,3,-1,1,-1
2015132960438,2,4,0,18,0,8,0,0,0,0,4,1,6,1,55,8,198,1,17,-1,1,-1
2015132960484,1,9,0,7,0,6,0,0,0,0,0,1,6,3,-1,-1,-1,-1,-1,-1,-1,-1
2015132960484,2,1,0,18,0,2,0,0,0,0,0,1,6,1,54,8,-1,-1,-1,-1,1,-1
2015132960484,3,1,0,18,0,2,0,0,0,0,0,1,6,1,-1,-1,-1,-1,-1,-1,-1,-1
2015132960656,1,9,0,7,0,5,0,0,0,0,4,1,6,1,49,8,1560,2,-1,-1,-1,-1
2015132960656,2,1,0,18,0,1,0,0,0,0,1,1,6,2,41,7,-1,-1,-1,-1,1,-1
2015132961012,1,9,0,18,0,2,0,0,0,0,1,1,6,1,73,10,1560,2,-1,-1,1,-1
2015132961012,2,9,0,18,0,2,0,0,0,0,2,1,6,2,22,5,998,1,12,-1,1,-1
2015132961038,1,9,0,9,0,1,0,0,0,0,1,1,6,2,21,5,1242,1,10,-1,2,-1
2015132961038,2,9,0,18,0,8,0,0,0,0,4,1,6,1,34,6,1587,1,10,-1,1,-1
2015132961142,1,9,0,9,0,6,0,0,0,0,3,1,6,1,51,8,1248,2,7,-1,1,-1
2015132961142,2,9,0,16,0,1,0,0,0,0,1,1,6,1,27,6,1229,1,2,-1,1,-1
2015132961362,1,9,0,18,0,8,0,0,0,0,1,1,6,2,20,4,1242,1,6,-1,-1,-1
2015132961362,2,3,0,9,0,6,5,0,0,0,1,1,6,1,30,6,49,1,15,-1,-1,-1
2015132961381,1,5,0,13,0,0,0,0,1,9,1,1,6,1,31,6,599,1,18,-1,1,-1
2015132961648,1,9,0,18,0,8,0,0,1,0,3,1,6,1,22,5,1390,1,12,-1,1,-1
2015132961648,2,9,0,18,0,8,0,0,0,0,1,1,6,2,48,8,1796,1,9,-1,1,-1
2015132961690,1,9,0,18,0,8,0,0,0,0,1,1,6,2,24,5,1896,2,12,-1,1,-1
2015132961690,2,9,0,18,0,8,0,0,7,0,1,1,6,1,33,6,1240,1,11,-1,1,-1
2015132961720,1,9,0,18,0,0,0,0,0,0,1,1,6,3,-1,-1,-1,-1,-1,-1,-1,-1
2015132961720,2,1,0,18,0,0,0,0,0,0,2,1,6,1,17,4,-1,-1,-1,-1,1,-1
2015132970223,1,9,0,7,0,2,0,11,6,4,1,1,6,2,31,6,1999,1,13,-1,1,-1
2015132970223,2,9,0,18,0,2,0,0,0,0,2,1,6,2,30,6,998,1,8,-1,1,-1
2015132970223,3,9,0,18,0,2,0,0,0,0,2,1,6,1,36,7,2979,1,-1,-1,1,-1
2015132970250,1,9,0,14,0,0,0,0,0,0,4,1,6,1,68,10,1395,1,2,-1,1,-1
2015132970351,1,9,0,18,0,4,0,0,0,0,3,1,6,1,63,9,1396,1,10,-1,1,-1
2015132970351,2,1,0,9,0,4,0,0,0,0,1,1,6,2,34,6,-1,-1,-1,-1,1,-1
2015132970386,1,9,0,18,0,8,0,0,0,0,1,1,1,2,30,6,1595,2,5,-1,1,-1
2015132970386,2,9,0,18,0,8,0,0,0,0,2,1,1,2,33,6,1242,1,2,-1,1,-1
2015132970397,1,5,0,18,0,1,2,0,0,0,1,1,6,1,58,9,955,1,13,-1,1,-1
2015132970397,2,9,0,7,0,5,0,0,0,0,4,1,6,1,42,7,1899,2,9,-1,1,-1
2015132970599,1,9,0,14,0,8,0,0,0,0,0,1,1,3,30,6,-1,-1,-1,-1,-1,-1
2015132970599,2,9,0,18,0,8,0,0,0,0,0,1,6,3,28,6,-1,-1,-1,-1,-1,-1
2015132970599,3,11,0,18,0,8,0,0,0,0,0,1,1,3,32,6,-1,-1,-1,-1,-1,-1
2015132970646,1,9,0,9,0,8,0,0,0,0,1,1,6,1,42,7,1598,1,10,-1,1,-1
2015132970690,1,11,0,4,0,8,0,0,0,0,1,1,1,1,62,9,9200,2,9,-1,1,-1
2015132970690,2,9,0,4,0,8,0,0,0,0,2,1,6,2,39,7,1390,1,13,-1,1,-1
2015132970690,3,90,0,9,0,5,0,0,0,0,0,1,1,1,20,4,7146,2,5,-1,1,-1
2015132970883,1,9,0,1,0,0,0,0,0,0,2,1,6,2,27,6,1396,1,17,-1,1,-1
2015132971010,1,9,0,18,0,0,0,0,0,0,1,1,2,2,39,7,1796,1,6,-1,-1,-1
2015132971010,2,9,0,18,0,0,0,0,0,0,2,1,2,1,30,6,1390,1,8,-1,1,-1
2015132971010,3,9,0,18,0,0,0,0,0,0,2,1,6,1,21,5,1400,1,10,-1,1,-1
2015132971036,1,9,0,18,0,8,0,0,0,0,4,1,6,1,27,6,1299,1,8,-1,1,-1
2015132971431,1,9,0,18,0,0,0,0,0,0,2,1,6,1,50,8,1968,2,4,-1,3,-1
2015132971431,2,9,0,18,0,0,0,0,0,0,1,1,6,2,24,5,1248,2,11,-1,1,-1
2015132980205,1,9,0,5,0,8,0,0,0,0,1,1,6,2,40,7,1968,2,1,-1,1,-1
2015132980205,2,9,0,18,0,8,0,0,0,0,3,1,6,1,40,7,1360,1,8,-1,1,-1
2015132980205,3,9,0,3,0,1,0,0,0,0,3,1,6,1,50,8,1598,1,10,-1,1,-1
2015132980475,1,9,0,1,0,0,0,0,1,11,2,1,6,1,84,11,1360,1,10,-1,2,-1
2015132980756,1,9,0,16,0,0,0,0,0,0,4,1,6,1,21,5,1364,1,6,-1,1,-1
2015132980756,2,9,0,17,0,0,0,0,0,0,1,1,6,1,66,10,1388,1,8,-1,1,-1
2015132980804,1,9,0,5,0,8,0,0,0,0,4,1,6,2,24,5,1686,2,11,-1,1,-1
2015132980804,2,9,0,18,0,8,0,0,0,0,1,1,6,2,33,6,1198,1,1,-1,1,-1
2015132980805,1,19,0,18,0,0,0,0,0,0,3,1,6,1,-1,-1,2143,2,3,-1,-1,-1
2015132980805,2,5,0,13,0,0,0,0,0,0,4,1,6,1,67,10,1261,1,13,-1,3,-1
2015132980881,1,9,0,4,0,1,0,0,0,0,1,1,6,1,30,6,1956,2,4,-1,1,-1
2015132980881,2,9,0,3,0,1,0,0,0,0,2,1,6,1,23,5,1149,1,14,-1,1,-1
2015132981012,1,8,0,9,0,5,0,0,0,0,4,1,1,1,56,9,1686,2,3,-1,1,-1
2015132981012,2,1,0,18,0,8,0,0,0,0,1,1,6,1,-1,-1,-1,-1,-1,-1,-1,-1
2015132981410,1,2,0,18,0,0,5,0,8,11,1,1,6,1,27,6,49,1,2,-1,1,-1
2015132981412,1,90,0,18,0,1,0,0,0,0,0,1,1,1,40,7,-1,-1,-1,-1,1,-1
2015132981412,2,9,0,4,0,1,0,0,0,0,2,1,6,1,26,6,1798,1,-1,-1,1,-1
2015132981412,3,9,0,18,0,1,0,0,0,0,1,1,6,2,20,4,1595,2,5,-1,-1,-1
2015132990178,1,9,0,18,0,4,0,0,0,0,1,1,1,1,25,5,1242,1,10,-1,1,-1
2015132990178,2,9,0,18,0,8,5,0,1,0,4,1,1,1,56,9,1149,1,11,-1,1,-1
2015132990214,1,4,0,18,0,8,1,0,0,0,1,1,6,1,56,9,600,1,18,-1,1,-1
2015132990214,2,9,0,9,0,6,0,0,0,0,3,1,6,2,41,7,1598,1,16,-1,1,-1
2015132990248,1,9,0,18,0,0,0,0,0,0,2,1,1,1,29,6,1999,1,13,-1,1,-1
2015132990248,2,21,0,18,0,0,0,0,0,0,0,1,1,1,45,7,11021,2,11,-1,-1,-1
2015132990248,3,9,0,18,0,0,0,0,5,0,0,1,1,2,22,5,1360,1,10,-1,1,-1
2015132990287,1,9,0,1,9,1,0,0,0,0,2,1,6,2,25,5,1598,1,10,-1,1,-1
2015132990409,1,9,0,4,0,4,0,0,0,0,2,1,6,1,29,6,998,1,11,-1,1,-1
2015132990409,2,9,0,7,0,4,0,0,0,0,1,1,6,1,69,10,1968,2,5,-1,1,-1
2015132990494,1,9,0,18,0,0,0,0,0,0,1,1,6,2,26,6,1364,1,6,-1,1,-1
2015132990494,2,9,0,4,0,0,0,0,0,0,2,1,6,2,23,5,1299,1,12,-1,1,-1
2015132990494,3,9,0,4,0,0,0,0,0,0,2,1,6,2,64,9,1596,1,13,-1,-1,-1
2015132990726,1,9,0,9,0,1,0,0,0,0,1,1,6,2,73,10,1086,1,6,-1,1,-1
2015132990726,2,9,0,18,0,1,0,0,0,0,3,1,6,1,21,5,1995,2,1,-1,1,-1
2015132990732,1,9,0,5,0,8,0,0,0,0,1,1,6,1,36,7,1995,1,11,-1,1,-1
2015132990732,2,9,0,3,0,8,0,0,0,0,2,1,6,2,41,7,1796,1,9,-1,-1,-1
2015132990733,1,9,0,2,0,0,0,0,0,0,4,1,6,2,35,6,1560,2,1,-1,1,-1
2015132990733,2,11,0,14,0,0,0,0,0,0,3,1,1,1,52,8,4500,2,6,-1,1,-1
2015132990869,1,3,0,17,0,2,1,0,0,0,4,1,6,1,20,4,124,1,7,-1,1,-1
2015132990960,1,9,0,4,0,1,0,0,0,0,1,1,6,1,-1,-1,1997,2,15,-1,-1,-1
2015132990960,2,9,0,3,0,1,0,0,0,0,2,1,6,2,31,6,1461,2,-1,-1,1,-1
2015132990974,1,9,0,9,0,6,0,0,0,0,3,1,6,1,62,9,1242,1,7,-1,1,-1
2015132990974,2,1,0,18,0,8,0,0,0,0,1,1,6,1,30,6,-1,-1,-1,-1,-1,-1
2015132991390,1,9,0,18,0,0,0,0,0,0,1,1,6,2,-1,-1,-1,-1,-1,-1,-1,-1
2015132991561,1,9,0,18,0,0,0,0,0,0,2,1,6,1,19,4,1796,1,8,-1,1,-1
2015132991561,2,9,0,18,0,0,0,0,0,0,1,1,6,3,-1,-1,1896,2,7,-1,-1,-1
2015132991731,1,9,0,18,0,0,5,0,1,0,4,1,6,1,24,5,1248,2,1,-1,1,-1
20151329A0073,1,9,0,1,9,5,0,0,0,0,1,1,6,1,16,4,1537,1,18,-1,1,-1
20151329A0073,2,9,0,5,0,5,0,0,0,0,4,1,1,1,33,6,2993,2,1,-1,1,-1
20151329A0073,3,9,0,5,0,5,0,0,0,0,4,1,1,1,49,8,2993,2,3,-1,1,-1
20151329A0647,1,9,0,9,0,5,0,0,0,0,1,1,6,2,23,5,1461,2,9,-1,1,-1
20151329A0647,2,1,0,18,0,8,5,0,0,0,1,1,6,1,16,4,-1,-1,-1,-1,1,-1
20151329A0661,1,9,0,1,0,0,0,0,0,0,2,1,6,1,18,4,-1,-1,-1,-1,1,-1
20151329A0771,1,9,0,16,0,0,0,0,7,11,1,1,6,2,53,8,1339,1,9,-1,2,-1
20151329A0943,1,1,0,18,0,8,0,0,0,0,1,1,6,1,56,9,-1,-1,-1,-1,2,-1
20151329A0943,2,9,0,9,0,8,0,0,0,0,1,1,6,1,24,5,1229,1,7,-1,3,-1
20151329A1064,1,21,1,18,0,1,0,0,0,0,2,1,6,2,62,9,-1,-1,-1,-1,1,-1
20151329A1064,2,11,0,18,0,1,1,0,0,0,1,1,1,2,60,9,-1,-1,-1,-1,1,-1
20151329A1112,1,9,0,18,0,1,0,0,0,0,1,1,6,1,-1,-1,1560,2,8,-1,-1,-1
20151329A1112,2,9,0,3,0,2,0,0,0,0,2,1,6,1,41,7,1390,1,4,-1,1,-1
20151329A1120,1,9,0,9,0,5,0,0,0,0,2,1,6,1,22,5,1560,2,6,-1,2,-1
20151329A1120,2,9,0,18,0,1,0,0,0,0,1,1,6,2,41,7,2993,2,6,-1,1,-1
20151329A1185,1,2,0,18,9,0,0,0,0,0,0,1,6,1,-1,-1,-1,-1,-1,-1,-1,-1
20151329A1208,1,1,0,17,0,1,0,0,0,0,1,1,6,1,36,7,-1,-1,-1,-1,1,-1
20151329A1208,2,9,0,9,0,2,0,0,0,0,1,1,6,1,30,6,998,1,2,-1,1,-1
20151329A1231,1,3,0,18,0,2,0,0,0,0,3,1,6,1,33,6,124,1,15,-1,1,-1
20151329A1231,2,97,0,18,0,2,0,0,0,0,4,1,6,3,-1,-1,-1,-1,-1,-1,-1,-1
20151329A1232,1,3,0,18,0,0,0,0,1,0,4,1,6,1,18,4,125,1,2,-1,1,-1
20151329A1273,1,9,0,1,0,0,0,0,0,0,2,1,1,2,29,6,2521,1,9,-1,1,-1
20151329A1314,1,11,0,4,0,0,0,0,0,0,0,1,1,1,-1,-1,-1,-1,-1,-1,-1,-1
20151329A1403,1,4,0,18,0,0,0,0,0,0,4,1,6,1,30,6,600,1,16,-1,1,-1
20151329A1403,2,9,0,3,0,0,0,0,0,0,2,1,6,2,55,8,1363,2,10,-1,1,-1
20151329A1465,1,9,0,18,0,0,0,0,0,0,1,1,6,1,-1,-1,-1,-1,-1,-1,-1,-1
20151329B0203,1,9,0,18,0,0,2,0,1,2,4,1,2,2,45,7,1242,1,4,-1,1,-1
20151329B0237,1,9,0,4,0,0,0,0,0,0,1,1,6,2,31,6,1596,1,10,-1,1,-1
20151329B0261,1,19,0,7,0,8,0,0,0,0,2,1,2,1,46,8,1560,2,3,-1,3,-1
20151329B0261,2,5,0,18,0,8,0,0,0,0,1,1,2,1,30,6,998,1,15,-1,2,-1
20151329B0282,1,8,0,18,0,1,1,0,0,0,1,1,1,1,35,6,-1,-1,-1,-1,1,-1
20151329B0288,1,9,0,9,0,6,0,0,0,0,1,1,6,2,29,6,1599,1,14,-1,1,-1
20151329B0288,2,1,0,18,0,1,0,0,0,0,1,1,6,1,35,6,-1,-1,-1,-1,-1,-1
20151329B0454,1,9,0,18,0,0,0,0,0,0,4,1,6,2,27,6,1395,1,-1,-1,1,-1
20151329B0454,2,9,0,18,0,0,0,0,0,0,3,1,6,1,68,10,1596,1,1,-1,1,-1
20151329B0476,1,9,0,8,0,8,0,0,0,0,3,1,2,1,31,6,1364,1,9,-1,1,-1
20151329B0476,2,4,0,18,0,8,0,0,0,0,1,1,2,1,42,7,278,1,5,-1,1,-1
20151329B0532,1,9,0,18,0,8,5,0,1,10,1,1,6,1,30,6,1248,2,11,-1,1,-1
20151329B0557,1,9,0,18,0,8,0,0,0,0,1,1,6,2,33,6,1685,2,1,-1,1,-1
20151329B0557,2,9,0,18,0,8,0,0,0,0,4,1,6,2,40,7,1896,2,8,-1,1,-1
20151329B0639,1,19,0,18,0,2,0,0,0,0,0,1,1,1,21,5,2198,2,8,-1,1,-1
20151329B0695,1,3,0,18,0,8,0,0,0,0,4,1,6,1,20,4,124,1,6,-1,1,-1
20151329B0695,2,3,0,18,0,8,0,0,0,0,1,1,6,1,16,4,296,1,2,-1,1,-1
20151329B0793,1,19,0,5,0,4,0,0,0,0,1,1,1,1,52,8,1560,2,3,-1,1,-1
20151329B0793,2,1,0,18,0,8,0,0,0,0,2,1,6,1,41,7,-1,-1,-1,-1,1,-1
20151329B0975,1,9,0,18,0,6,0,0,0,0,3,1,6,2,35,6,1598,1,10,-1,1,-1
20151329B0975,2,19,0,18,0,1,0,0,0,0,1,1,6,1,63,9,2151,2,12,-1,1,-1
20151329B0999,1,9,0,14,0,0,5,0,0,0,1,1,6,2,20,4,1390,1,12,-1,1,-1
20151329B0999,2,9,0,2,0,0,0,0,0,0,1,1,1,1,48,8,1870,2,12,-1,1,-1
20151329B0999,3,9,0,2,0,0,0,0,0,0,2,1,1,2,56,9,1896,2,16,-1,1,-1
20151329B1017,1,9,0,18,0,0,0,0,0,0,4,1,6,1,54,8,1968,2,8,-1,1,-1
20151329B1119,1,5,0,18,0,0,0,0,1,11,4,1,6,1,52,8,973,1,40,-1,1,-1
20151329B1194,1,9,0,18,0,0,0,0,0,0,1,1,6,1,49,8,1997,2,12,-1,1,-1
20151329B1194,2,9,0,18,0,0,0,0,0,0,2,1,6,1,23,5,1497,8,1,-1,1,-1
20151329B1209,1,5,0,18,0,0,1,0,0,0,1,1,6,1,59,9,748,1,11,-1,2,-1
20151329B1209,2,9,0,4,0,0,0,0,0,0,2,1,1,1,25,5,-1,-1,-1,-1,3,-1
20151329B1309,1,9,0,7,0,2,0,0,0,0,2,1,6,2,24,5,998,1,5,-1,1,-1
20151329B1309,2,9,0,7,0,2,0,0,0,0,1,1,6,1,51,8,1896,2,12,-1,1,-1
20151329B1368,1,9,0,12,0,0,1,0,1,11,3,1,6,1,39,7,1596,1,11,-1,-1,-1
20151329B1368,2,9,0,18,0,0,0,0,0,0,4,1,6,1,33,6,1896,2,12,-1,-1,-1
20151329B1368,3,3,0,18,0,0,0,0,0,0,1,1,6,1,25,5,125,1,4,-1,-1,-1
20151329B1442,1,17,4,18,0,8,5,10,0,0,0,1,1,1,23,5,-1,2,7,-1,3,-1
20151329B1877,1,9,0,18,0,0,0,0,0,0,4,1,1,1,35,6,1968,2,5,-1,1,-1
20151329C0076,1,9,0,18,0,0,0,0,0,11,1,1,6,1,33,6,3947,1,18,-1,-1,-1
20151329C0164,1,9,0,18,0,0,0,0,0,0,4,1,6,1,26,6,1998,2,7,-1,1,-1
20151329C0363,1,9,0,17,0,0,1,0,1,4,1,1,2,1,26,6,2188,2,10,-1,1,-1
20151329C0373,1,9,0,18,0,0,2,0,2,11,1,1,6,1,27,6,973,1,14,-1,3,-1
20151329C0420,1,9,0,5,0,6,0,0,0,0,1,1,6,1,49,8,1596,1,8,-1,3,-1
20151329C0420,2,9,0,18,0,1,0,0,0,0,1,1,6,1,63,9,1686,2,5,-1,-1,-1
20151329C0420,3,9,0,18,0,1,0,0,0,0,1,1,6,1,58,9,1598,2,2,-1,1,-1
20151329C0521,1,9,0,18,0,0,0,0,0,0,3,1,6,1,49,8,2204,2,6,-1,1,-1
20151329C0594,1,9,0,18,0,0,0,0,0,0,3,1,6,2,49,8,1997,2,12,-1,-1,-1
20151329C0594,2,9,0,18,0,0,1,0,2,0,3,1,6,1,52,8,-1,-1,-1,-1,2,-1
20151329C0729,1,9,0,18,0,0,0,0,0,0,1,1,6,1,65,9,1997,2,6,-1,-1,-1
20151329C0729,2,9,0,18,0,0,0,0,0,0,2,1,6,1,39,7,1956,2,-1,-1,-1,-1
20151329C0987,1,9,0,7,0,8,0,0,0,0,1,1,6,2,35,6,1595,1,11,-1,1,-1
20151329C0987,2,19,0,18,0,1,0,0,0,0,1,1,6,1,49,8,1870,2,11,-1,1,-1
20151329C1032,1,9,0,9,0,8,0,0,7,4,3,1,6,2,32,6,3189,1,9,-1,1,-1
20151329C1032,2,9,0,13,0,8,0,0,7,0,1,1,1,1,25,5,1248,2,2,-1,1,-1
20151329C1141,1,9,0,7,0,2,1,0,1,0,1,1,6,1,50,8,1598,1,13,-1,1,-1
20151329C1141,2,11,0,18,2,2,1,0,1,0,0,1,1,1,32,6,-1,-1,-1,-1,3,-1
20151329C1267,1,1,0,9,0,6,0,0,0,0,3,1,6,1,16,4,-1,-1,-1,-1,-1,-1
20151329C1267,2,9,0,18,0,8,0,0,0,0,1,1,2,1,20,4,-1,-1,-1,-1,-1,-1
20151329C1393,1,9,0,18,0,1,0,0,0,0,1,1,6,1,25,5,1199,1,11,-1,1,-1
20151329C1393,2,9,0,2,0,1,0,0,0,0,2,1,6,3,-1,-1,1490,1,7,-1,2,-1
20151329C1467,1,9,0,9,0,8,0,0,0,0,1,1,6,2,21,5,1598,1,10,-1,1,-1
20151329C1467,2,9,0,18,0,1,0,0,0,0,1,1,6,1,45,7,1686,2,6,-1,1,-1
20151329C1490,1,9,0,18,0,8,0,0,0,0,1,1,6,2,55,8,1896,2,8,-1,1,-1
20151329C1490,2,9,0,18,0,8,0,0,0,0,2,1,6,2,46,8,1299,1,13,-1,-1,-1
20151329C1490,3,9,0,7,0,6,0,0,0,0,3,1,6,1,29,6,1984,1,-1,-1,1,-1
20151329C1667,1,9,0,5,0,0,0,0,0,0,1,1,6,1,36,7,1995,2,13,-1,-1,-1
20151329C1667,2,9,0,18,0,0,0,0,0,0,1,1,6,1,22,5,1984,1,1,-1,-1,-1
20151329D0126,1,9,0,17,0,0,2,0,7,11,1,1,6,3,-1,-1,1199,1,12,-1,-1,-1
20151329D0492,1,9,0,18,0,4,0,0,0,0,1,1,6,1,53,8,1783,1,16,-1,1,-1
20151329D0492,2,9,0,18,0,4,0,0,0,0,2,1,6,1,33,6,1956,2,6,-1,1,-1
20151329D0509,1,9,0,16,0,0,0,0,0,0,1,1,6,2,70,10,1598,1,9,-1,1,-1
20151329D0509,2,9,0,17,0,0,0,0,0,0,1,1,6,1,24,5,1598,1,9,-1,1,-1
20151329D0509,3,9,0,17,0,0,0,0,0,0,3,1,6,1,55,8,1686,2,2,-1,1,-1
20151329D0561,1,9,0,9,0,8,0,0,0,0,0,1,6,1,47,8,1896,2,12,-1,1,-1
20151329D0561,2,9,0,17,0,8,0,0,0,0,0,1,6,1,27,6,1956,2,4,-1,1,-1
20151329D0669,1,1,0,18,0,0,0,0,0,0,1,1,6,1,68,10,-1,-1,-1,-1,1,-1
20151329D0669,2,9,0,2,0,0,0,0,0,0,2,1,6,3,-1,-1,1997,2,5,-1,-1,-1
20151329D0824,1,9,0,18,0,1,0,0,0,0,1,1,6,1,31,6,1796,1,7,-1,1,-1
20151329D0824,2,9,0,3,0,1,0,0,0,0,2,1,6,2,23,5,1398,2,12,-1,1,-1
20151329D0824,3,9,0,3,0,1,0,0,0,0,2,1,6,1,38,7,1596,1,10,-1,1,-1
20151329D0855,1,9,0,5,0,0,0,0,3,10,1,1,6,1,83,11,1598,1,1,-1,1,-1
20151329D0855,2,9,0,2,0,0,0,0,0,0,3,1,6,3,-1,-1,1586,1,-1,-1,-1,-1
20151329D0875,1,9,0,18,0,0,0,0,0,0,1,1,6,1,26,6,1997,2,5,-1,1,-1
20151329D0893,1,9,0,18,0,0,2,0,2,7,1,1,6,1,21,5,995,1,10,-1,-1,-1
20151329D0926,1,9,0,18,0,0,0,0,0,0,2,1,6,3,-1,-1,-1,-1,-1,-1,-1,-1
20151329D0926,2,9,0,18,0,0,0,0,0,0,1,1,6,2,46,8,998,1,12,-1,1,-1
20151329D0926,3,9,0,18,0,0,0,0,0,0,1,1,6,1,21,5,1199,1,14,-1,1,-1
20151329D1016,1,5,0,18,0,0,0,0,0,0,1,1,6,1,26,6,1157,1,17,-1,1,-1
20151329D1016,2,9,0,18,0,0,0,0,0,0,2,1,2,1,31,6,1560,2,5,-1,2,-1
20151329D1106,1,9,0,18,0,0,5,0,0,0,1,1,6,1,66,10,1956,2,1,-1,1,-1
20151329D1106,2,9,0,2,0,0,0,0,0,0,1,1,6,3,-1,-1,1587,1,9,-1,1,-1
20151329D1127,1,9,0,18,0,2,0,0,0,10,4,1,6,3,-1,-1,2000,1,15,-1,-1,-1
20151329D1127,2,9,0,18,0,1,0,0,0,0,1,1,6,1,24,5,1248,2,6,-1,1,-1
20151329D1278,1,9,0,18,0,1,0,0,0,0,1,1,6,1,51,8,1988,2,12,-1,1,-1
20151329D1278,2,11,0,3,0,1,0,0,0,0,2,1,1,1,40,7,4461,2,1,-1,-1,-1
20151329D1357,1,9,0,18,0,8,0,0,2,4,1,1,6,3,-1,-1,1968,2,8,-1,-1,-1
20151329D1357,2,9,0,18,0,8,0,0,0,0,2,1,6,1,23,5,1896,2,8,-1,1,-1
20151329D1663,1,9,0,2,0,0,0,0,0,0,2,1,6,2,-1,-1,1329,1,3,-1,-1,-1
20151329D1663,2,1,0,18,0,0,0,4,0,0,1,1,6,1,25,5,-1,-1,-1,-1,2,-1
20151329E0159,1,21,1,11,0,0,0,0,0,0,4,1,1,1,46,8,10518,2,7,-1,1,-1
20151329E0159,2,9,0,18,0,0,0,0,0,0,3,1,2,2,56,9,1360,1,11,-1,1,-1
20151329E0291,1,9,0,5,0,6,0,0,0,0,1,1,6,2,-1,-1,-1,-1,-1,-1,-1,-1
20151329E0657,1,9,0,18,0,1,0,0,0,0,1,1,6,1,43,7,3200,2,13,-1,1,-1
20151329E0657,2,9,0,4,0,1,0,0,0,0,2,1,6,1,40,7,1995,2,3,-1,1,-1
20151329E0657,3,9,0,3,0,1,0,0,0,0,0,1,6,1,30,6,1995,2,2,-1,1,-1
20151329E0661,1,9,0,18,0,1,0,0,0,0,2,1,6,2,64,9,2720,2,6,-1,1,-1
20151329E0661,2,9,0,18,0,1,0,0,0,0,1,1,6,1,39,7,1461,2,5,-1,1,-1
20151329E0700,1,9,0,18,0,0,2,0,7,11,1,1,6,1,28,6,1400,2,15,-1,1,-1
20151329E0785,1,9,0,4,0,0,0,0,0,0,2,1,1,1,63,9,1582,2,7,-1,1,-1
20151329E0785,2,9,0,18,0,0,0,0,0,0,1,1,6,2,-1,-1,-1,-1,-1,-1,-1,-1
20151329E0869,1,8,0,18,0,8,0,0,0,0,3,1,1,1,44,7,1968,2,3,-1,-1,-1
20151329E0869,2,9,0,9,0,6,0,0,0,0,4,1,6,2,19,4,998,1,2,-1,-1,-1
20151329E0874,1,9,0,18,0,8,1,0,1,7,1,1,6,1,71,10,1991,1,22,-1,3,-1
20151329E0874,2,2,0,18,0,8,5,0,0,0,2,1,6,1,26,6,49,1,4,-1,1,-1
20151329E0875,1,9,0,9,0,5,0,0,0,0,1,1,6,3,-1,-1,1910,2,7,-1,-1,-1
20151329E0906,1,9,0,18,0,0,0,0,0,0,1,1,6,3,-1,-1,1596,1,16,-1,-1,-1
20151329E0906,2,9,0,18,0,0,0,0,0,0,2,1,6,2,24,5,1198,1,11,-1,-1,-1
20151329E0906,3,9,0,2,0,0,0,0,0,0,1,1,6,1,24,5,4461,2,-1,-1,-1,-1
20151329E0929,1,9,0,5,0,0,0,0,0,0,3,1,2,2,24,5,998,1,2,-1,1,-1
20151329E0929,2,11,0,2,0,0,0,0,0,0,4,1,1,1,59,9,7300,2,11,-1,1,-1
20151329E0929,3,11,0,18,0,0,0,0,0,0,3,1,1,1,51,8,9200,2,13,-1,1,-1
20151329E0952,1,9,0,18,0,0,0,0,7,11,2,1,6,1,47,8,1388,1,9,-1,1,-1
20151329E1059,1,9,0,18,0,0,0,0,0,0,1,1,6,1,37,7,1896,2,11,-1,1,-1
20151329E1196,1,9,0,9,0,8,0,0,0,0,1,1,2,1,37,7,2979,1,1,-1,-1,-1
20151329E1266,1,9,0,18,0,1,0,0,0,0,1,1,6,2,22,5,1199,1,11,-1,1,-1
20151329E1328,1,9,0,5,0,0,0,0,0,0,4,1,6,1,22,5,2204,2,9,-1,1,-1
20151329E1328,2,3,0,18,0,0,2,4,0,0,1,1,6,1,26,6,125,1,-1,-1,1,-1
20151329F0015,1,9,0,18,0,4,0,0,0,0,3,1,6,1,35,6,1910,2,7,-1,1,-1
20151329F0015,2,9,0,18,0,4,0,0,0,0,1,1,6,3,-1,-1,-1,-1,-1,-1,-1,-1
20151329F0031,1,19,0,9,0,8,0,0,0,0,1,1,6,1,58,9,1686,2,8,-1,1,-1
20151329F0031,2,9,0,7,0,8,0,0,0,0,1,1,6,1,21,5,1595,1,8,-1,1,-1
20151329F0082,1,9,0,18,0,0,1,0,7,0,1,1,6,1,19,4,1396,1,15,-1,1,-1
20151329F0082,2,9,0,18,0,0,0,0,0,0,0,1,1,1,40,7,2993,2,2,-1,1,-1