Accident_Index,Vehicle_Reference,Vehicle_Type,Towing_and_Articulation,Vehicle_Manoeuvre,Vehicle_Location-Restricted_Lane,Junction_Location,Skidding_and_Overturning,Hit_Object_in_Carriageway,Vehicle_Leaving_Carriageway,Hit_Object_off_Carriageway,1st_Point_of_Impact,Was_Vehicle_Left_Hand_Drive?,Journey_Purpose_of_Driver,Sex_of_Driver,Age_of_Driver,Age_Band_of_Driver,Engine_Capacity_(CC),Propulsion_Code,Age_of_Vehicle,Driver_IMD_Decile,Driver_Home_Area_Type,Vehicle_IMD_Decile
2015132A11688,3,9,0,2,0,0,0,4,0,0,2,1,6,3,-1,-1,2143,2,2,-1,3,-1
2015132A11688,4,9,0,2,0,0,0,4,0,0,2,1,6,3,-1,-1,1240,1,11,-1,2,-1
2015132A11688,5,9,0,2,0,0,0,4,0,0,2,1,6,3,-1,-1,1587,1,14,-1,2,-1
2015132A11688,6,9,0,2,0,0,0,4,0,0,2,1,6,3,-1,-1,1896,2,6,-1,2,-1
2015132A11688,7,9,0,2,0,0,0,4,0,0,2,1,6,3,-1,-1,1995,2,2,-1,2,-1
2015132A11847,1,21,0,18,0,0,0,0,0,0,1,1,1,1,52,8,10837,2,3,-1,1,-1
2015132A11847,2,21,0,18,0,0,0,0,0,0,1,1,1,1,52,8,4500,2,1,-1,1,-1
2015132A20240,1,19,0,18,0,3,0,0,0,0,1,1,1,1,29,6,1598,2,1,-1,-1,-1
2015132A20251,1,9,0,9,0,8,0,0,0,0,4,1,6,2,82,11,1198,1,8,-1,3,-1
2015132A20251,2,5,0,18,0,1,0,0,0,0,3,1,2,1,25,5,599,1,15,-1,1,-1
2015132A20277,1,9,0,18,0,8,0,0,0,0,4,1,2,1,31,6,1560,2,4,-1,-1,-1
2015132A20277,2,9,0,18,0,8,0,0,0,0,1,1,3,1,53,8,1910,2,7,-1,-1,-1
2015132A20277,3,19,0,8,0,1,0,0,0,0,3,1,1,1,34,6,2198,2,6,-1,-1,-1
2015132A20289,1,9,0,18,0,0,5,0,2,1,1,1,6,1,33,6,1956,2,2,-1,1,-1
2015132A20313,1,9,0,18,0,0,0,0,0,0,1,1,2,1,49,8,1560,2,1,-1,3,-1
2015132A20313,2,9,0,2,0,0,0,0,0,0,2,1,6,3,-1,-1,1956,2,2,-1,-1,-1
2015132A20519,1,9,0,9,0,6,0,0,0,0,4,1,6,2,50,8,1560,2,3,-1,-1,-1
2015132A20519,2,22,0,18,0,8,0,0,0,0,1,1,6,1,88,11,-1,-1,-1,-1,-1,-1
2015132A20526,1,9,0,18,0,8,0,0,7,10,1,1,6,1,74,10,1991,1,12,-1,1,-1
2015132A20526,2,20,0,18,0,1,0,0,0,0,1,1,1,1,35,6,8970,2,12,-1,1,-1
2015132A20628,1,9,0,18,0,0,0,0,0,0,3,1,6,1,51,8,-1,-1,-1,-1,1,-1
2015132A20668,1,9,0,11,0,0,0,0,0,0,4,1,6,1,64,9,1596,1,2,-1,1,-1
2015132A20668,2,19,0,18,0,0,0,0,0,0,3,1,1,1,60,9,2198,2,2,-1,1,-1
2015132A20675,1,19,0,4,0,0,0,0,0,0,1,1,1,1,30,6,2198,2,-1,-1,1,-1
2015132A20675,2,19,0,4,0,0,0,0,0,0,2,1,1,1,28,6,1598,2,1,-1,1,-1
2015132A20675,3,9,0,4,0,0,0,0,0,0,2,1,6,1,27,6,1248,2,11,-1,2,-1
2015132A20675,4,9,0,4,0,0,0,0,0,0,2,1,6,1,80,11,1598,1,7,-1,1,-1
2015132A20675,5,9,0,4,0,0,0,0,0,0,2,1,6,1,23,5,1499,2,-1,-1,1,-1
2015132A20715,1,19,0,9,0,1,0,0,0,0,4,1,1,2,51,8,2143,2,2,-1,1,-1
2015132A20715,2,1,0,18,4,1,5,0,0,0,1,1,6,1,61,9,-1,-1,-1,-1,1,-1
2015132A20797,1,1,0,18,0,8,5,0,0,0,4,1,6,1,23,5,-1,-1,-1,-1,1,-1
2015132A20797,2,3,0,18,0,8,5,0,0,0,1,1,6,1,20,4,124,1,3,-1,1,-1
2015132A20952,1,9,0,18,0,0,5,0,2,11,4,1,6,1,25,5,998,1,10,-1,1,-1
2015132A21012,1,9,0,7,0,1,0,0,0,0,4,1,6,2,44,7,1560,2,8,-1,1,-1
2015132A21012,2,1,0,18,0,1,1,0,0,0,1,1,6,1,55,8,-1,-1,-1,-1,1,-1
2015132A21017,1,9,0,18,0,0,0,0,0,0,4,1,6,3,-1,-1,-1,-1,-1,-1,-1,-1
2015132A21119,1,5,0,13,0,8,0,0,7,0,1,1,6,1,35,6,1000,1,10,-1,1,-1
2015132A21119,2,9,0,9,0,5,0,0,0,0,3,1,6,1,36,7,1242,1,2,-1,1,-1
2015132A21135,1,3,0,18,0,8,0,0,0,0,1,1,2,1,23,5,124,1,4,-1,1,-1
2015132A21141,1,9,0,18,0,0,1,0,0,0,1,1,6,1,38,7,1997,2,9,-1,1,-1
2015132A21141,2,9,0,18,0,0,0,0,0,0,2,1,6,1,-1,-1,1997,2,-1,-1,-1,-1
2015132A21141,3,9,0,18,0,0,0,0,0,0,2,1,6,2,36,7,1390,1,4,-1,1,-1
2015132A21211,1,9,0,3,0,0,0,0,0,0,2,1,6,2,24,5,1149,1,12,-1,1,-1
2015132A21211,2,9,0,3,0,0,0,0,0,0,2,1,6,2,31,6,1590,1,11,-1,1,-1
2015132A21211,3,9,0,18,0,0,0,0,0,0,1,1,6,1,30,6,1397,1,13,-1,1,-1
2015132A21234,1,1,0,18,0,0,0,0,0,0,1,1,6,1,14,3,-1,-1,-1,-1,1,-1
2015132A21234,2,9,0,18,0,0,0,0,0,0,1,1,6,1,53,8,4966,1,11,-1,1,-1
2015132A21292,1,9,0,18,0,0,0,0,8,0,1,1,6,1,27,6,2521,1,9,-1,1,-1
2015132A21316,1,9,0,7,0,6,0,0,0,0,1,1,6,2,42,7,1242,1,8,-1,1,-1
2015132A21318,1,3,0,13,0,1,0,0,0,0,1,1,6,1,18,4,125,1,9,-1,1,-1
2015132A21318,2,8,0,9,0,5,0,0,0,0,2,1,1,1,39,7,1995,2,4,-1,1,-1
2015132A21468,1,9,0,4,0,1,0,0,0,0,1,1,6,1,25,5,1197,1,-1,-1,1,-1
2015132A21468,2,9,0,10,0,1,0,0,0,0,2,1,6,2,44,7,1398,1,-1,-1,1,-1
2015132A21468,3,9,0,10,0,1,0,0,0,0,2,1,6,1,60,9,1984,1,7,-1,3,-1
2015132A21471,1,9,0,15,0,0,1,0,0,0,1,1,6,1,21,5,2993,2,8,-1,1,-1
2015132A21471,2,9,0,17,0,0,0,0,0,0,3,1,6,1,59,9,1560,2,6,-1,1,-1
2015132A21471,3,9,0,2,0,0,0,0,0,0,3,1,6,3,-1,-1,1388,1,12,-1,-1,-1
2015132A21471,4,9,0,2,0,0,0,0,0,0,3,1,6,3,-1,-1,1242,1,2,-1,-1,-1
2015132A21536,1,9,0,9,0,5,0,0,0,0,4,1,6,2,-1,-1,1229,1,1,-1,1,-1
2015132A21536,2,1,0,18,0,8,0,0,0,0,2,1,6,1,32,6,-1,-1,-1,-1,1,-1
2015132A21667,1,9,0,3,0,1,0,0,0,0,2,1,6,2,52,8,1968,2,5,-1,1,-1
2015132A21667,2,9,0,18,0,1,0,0,0,0,1,1,6,1,24,5,1199,1,11,-1,1,-1
2015132A30012,1,4,0,7,0,2,0,0,0,0,1,1,6,1,47,8,-1,-1,-1,-1,-1,-1
2015132A30012,2,9,0,15,0,2,0,0,0,0,4,1,6,1,18,4,1600,2,6,-1,-1,-1
2015132A30585,1,11,0,2,0,0,0,0,0,0,0,1,6,2,32,6,9360,2,7,-1,1,-1
2015132A30585,2,11,0,2,0,0,0,0,0,0,0,1,6,2,34,6,-1,-1,-1,-1,-1,-1
2015132A30656,1,9,0,4,0,0,0,0,0,0,1,1,6,1,28,6,2148,2,13,-1,1,-1
2015132A30656,2,9,0,2,0,0,0,0,0,0,2,1,6,2,-1,-1,1229,1,6,-1,-1,-1
2015132A30998,1,9,0,18,0,8,0,0,0,0,1,1,6,1,21,5,1598,1,11,-1,1,-1
2015132A30998,2,9,0,18,0,8,0,0,0,0,4,1,1,2,64,9,1598,1,5,-1,1,-1
2015132A31036,1,9,0,4,0,0,0,0,0,0,1,1,6,2,36,7,1997,2,-1,-1,1,-1
2015132A31036,2,9,0,4,0,0,0,0,0,0,2,1,6,1,48,8,1997,2,1,-1,1,-1
2015132A31190,1,9,0,9,0,2,0,0,0,0,1,1,6,3,-1,-1,-1,-1,-1,-1,-1,-1
2015132A31201,1,9,0,7,0,6,0,0,0,0,3,1,6,1,33,6,-1,-1,-1,-1,1,-1
2015132A31201,2,9,0,18,0,8,0,0,0,0,1,1,6,1,51,8,1398,1,15,-1,1,-1
2015132A31306,1,19,0,9,0,8,0,0,0,0,1,1,6,1,33,6,1896,2,9,-1,-1,-1
2015132A31306,2,8,0,18,0,8,0,0,0,0,1,1,1,1,48,8,1560,2,3,-1,-1,-1
2015132A31319,1,1,0,18,0,0,5,0,0,0,3,1,6,1,6,2,-1,-1,-1,-1,1,-1
2015132A31319,2,9,0,18,0,0,0,0,0,0,4,1,6,1,21,5,1229,1,9,-1,1,-1
2015132A31407,1,9,0,18,0,0,0,0,0,0,1,1,6,1,27,6,1796,1,7,-1,1,-1
2015132A31407,2,9,0,4,0,0,0,0,0,0,2,1,6,2,37,7,2143,2,1,-1,1,-1
2015132A31407,3,9,0,4,0,0,0,0,0,0,2,1,6,1,49,8,1598,1,8,-1,1,-1
2015132A31447,1,9,0,9,0,8,0,0,0,0,1,1,6,2,26,6,1242,1,9,-1,1,-1
2015132A31447,2,3,0,18,0,8,0,0,0,0,1,1,6,1,40,7,124,1,10,-1,3,-1
2015132A31664,1,9,0,17,0,1,0,0,7,10,1,1,6,2,39,7,1364,1,10,-1,1,-1
2015132A31682,1,9,0,5,0,6,0,0,0,0,1,1,6,1,19,4,1199,1,14,-1,1,-1
2015132A31682,2,2,0,4,0,6,5,0,0,0,2,1,6,1,32,6,49,1,3,-1,1,-1
2015132A40150,1,2,0,16,0,0,2,7,0,0,1,1,6,1,27,6,125,1,12,-1,3,-1
2015132A40415,1,9,0,9,0,8,0,0,0,0,4,1,6,3,-1,-1,-1,-1,-1,-1,-1,-1
2015132A40448,1,9,0,18,0,0,0,4,0,0,1,1,6,1,24,5,1596,1,10,-1,-1,-1
2015132A40448,2,9,0,2,0,0,0,0,0,0,2,1,6,3,-1,-1,1386,1,4,-1,1,-1
2015132A40448,3,9,0,2,0,0,0,0,0,0,2,1,6,3,-1,-1,1781,1,11,-1,1,-1
2015132A40448,4,9,0,2,0,0,0,0,0,0,1,1,6,3,-1,-1,1461,2,1,-1,1,-1
2015132A40905,1,9,0,18,0,8,0,0,0,0,1,1,6,1,27,6,1598,2,2,-1,1,-1
2015132A40905,2,5,0,18,0,8,1,0,0,0,3,1,6,1,25,5,1063,1,17,-1,1,-1
2015132A40920,1,9,0,9,0,8,0,0,0,0,4,1,6,2,28,6,1360,1,8,-1,1,-1
2015132A40920,2,9,0,18,0,8,0,0,7,1,3,1,6,2,64,9,1360,1,15,-1,1,-1
2015132A41070,1,9,0,11,0,8,0,0,0,0,4,1,6,1,-1,-1,1995,2,2,-1,1,-1
2015132A41070,2,11,0,9,0,8,0,0,0,0,3,1,1,1,50,8,6696,2,-1,-1,1,-1
2015132A41158,1,9,0,18,0,0,0,0,0,0,1,1,6,2,68,10,1560,2,3,-1,1,-1
2015132A41158,2,9,0,3,0,0,0,0,0,0,2,1,6,1,24,5,1995,2,-1,-1,1,-1
2015132A41158,3,9,0,3,0,0,0,0,0,0,2,1,6,1,52,8,4196,1,13,-1,1,-1
2015132A41175,1,9,0,9,0,8,0,0,0,0,1,1,6,1,42,7,1395,1,-1,-1,1,-1
2015132A41175,2,1,0,18,0,8,0,0,0,0,1,1,6,1,30,6,-1,-1,-1,-1,1,-1
2015132A41187,1,9,0,7,0,6,0,0,0,0,3,1,6,2,-1,-1,-1,-1,-1,-1,-1,-1
2015132A41187,2,1,0,18,9,1,0,0,0,0,1,1,6,1,30,6,-1,-1,-1,-1,1,-1
2015132A41240,1,9,0,13,0,0,0,0,0,0,4,1,6,1,47,8,1596,1,17,-1,2,-1
2015132A41240,2,9,0,18,0,0,0,0,0,0,3,1,6,1,27,6,199,2,13,-1,3,-1
2015132A41245,1,9,0,18,0,0,0,0,0,0,3,1,6,1,51,8,1896,2,11,-1,1,-1
2015132A41245,2,2,0,18,0,0,0,0,0,0,0,1,6,1,16,4,49,1,13,-1,1,-1
2015132A41249,1,9,0,4,0,1,0,0,0,0,1,1,6,1,30,6,1686,2,11,-1,-1,-1
2015132A41249,2,9,0,3,0,1,0,0,0,0,2,1,6,1,32,6,1968,2,5,-1,1,-1
2015132A41405,1,9,0,18,0,0,0,0,0,0,1,1,6,1,26,6,1870,2,8,-1,1,-1
2015132A41405,2,9,0,4,0,0,0,0,0,0,2,1,6,1,22,5,1910,2,8,-1,1,-1
2015132A50173,1,9,0,9,0,8,0,0,0,0,3,1,2,2,22,5,1197,1,5,-1,1,-1
2015132A50173,2,9,0,18,0,8,0,0,0,0,4,1,2,2,55,8,1390,1,11,-1,2,-1
2015132A50234,1,9,0,18,0,0,0,0,0,0,4,1,2,1,31,6,1598,1,9,-1,-1,-1
2015132A50324,1,9,0,18,0,8,0,0,0,0,1,1,6,1,28,6,1598,1,15,-1,1,-1
2015132A50324,2,9,0,9,0,6,0,0,0,0,1,1,6,2,48,8,1242,1,-1,-1,2,-1
2015132A50544,1,9,0,18,0,0,0,0,0,0,1,1,6,2,42,7,1796,1,12,-1,-1,-1
2015132A50544,2,9,0,4,0,0,0,0,0,0,2,1,6,1,53,8,-1,-1,-1,-1,-1,-1
2015132A50544,3,9,0,14,0,0,0,4,0,0,1,1,6,1,78,11,1242,1,2,-1,-1,-1
2015132A50570,1,9,0,18,0,0,0,0,0,0,1,1,6,2,18,4,1598,1,3,-1,2,-1
2015132A50696,1,9,0,18,0,0,0,0,0,0,3,1,6,1,54,8,1997,2,4,-1,3,-1
2015132A50696,2,9,0,18,0,0,0,0,0,0,4,1,6,1,63,9,2400,2,1,-1,1,-1
2015132A50744,1,9,0,18,0,1,1,0,0,0,1,1,6,1,70,10,1590,1,23,-1,1,-1
2015132A50776,1,9,0,18,0,3,2,0,1,11,1,1,6,2,64,9,1328,1,3,-1,1,-1
2015132A50872,1,9,0,4,0,7,0,0,0,0,2,1,6,1,32,6,1968,2,3,-1,1,-1
2015132A50872,2,10,0,18,0,7,0,0,0,0,1,1,6,1,48,8,2402,2,10,-1,1,-1
2015132A50900,1,21,0,7,0,8,0,0,0,0,4,1,1,1,58,9,5880,2,9,-1,2,-1
2015132A50950,1,9,0,4,0,0,0,0,0,0,2,1,6,1,34,6,1388,1,12,-1,2,-1
2015132A50950,2,9,0,18,0,0,0,0,0,0,1,1,6,1,23,5,1984,2,10,-1,1,-1
2015132A50957,1,21,1,12,0,0,0,0,0,0,3,1,1,1,-1,-1,-1,-1,-1,-1,-1,-1
2015132A50957,2,9,0,18,0,0,0,0,0,0,4,1,6,1,-1,-1,1984,1,7,-1,1,-1
2015132A51192,1,9,0,9,0,5,0,0,0,0,4,1,6,1,22,5,1595,1,7,-1,1,-1
2015132A51192,2,3,0,18,0,1,0,0,0,0,1,1,6,1,19,4,124,1,2,-1,1,-1
2015132A51409,1,9,0,13,0,0,0,0,7,0,4,1,6,1,21,5,1461,2,-1,-1,1,-1
2015132A51409,2,9,0,4,0,0,5,0,0,0,3,1,6,1,33,6,2926,2,16,-1,1,-1
2015132A60146,1,11,0,9,0,6,0,0,2,7,1,1,1,1,52,8,6700,2,3,-1,1,-1
2015132A60146,2,21,1,18,0,8,0,0,0,0,3,1,1,1,61,9,-1,2,8,-1,3,-1
2015132A60146,3,9,0,18,0,8,0,0,0,0,1,1,2,1,42,7,998,1,3,-1,1,-1
2015132A60236,1,9,0,4,0,0,0,0,0,0,1,1,1,2,-1,-1,1995,2,3,-1,1,-1
2015132A60242,1,3,0,18,0,0,0,0,0,0,3,1,2,1,21,5,124,1,10,-1,1,-1
2015132A60242,2,9,0,18,0,0,0,0,0,0,4,1,2,2,32,6,1998,1,-1,-1,1,-1
2015132A60248,1,9,0,17,0,0,1,0,1,11,1,1,6,2,44,7,1560,2,10,-1,1,-1
2015132A60478,1,9,0,12,0,8,0,0,0,0,3,1,6,1,23,5,1997,2,-1,-1,1,-1
2015132A60478,2,21,1,11,0,8,0,0,0,0,4,1,1,1,49,8,11946,2,9,-1,1,-1
2015132A60697,1,9,0,18,0,0,0,0,0,0,1,1,2,2,59,9,1242,1,3,-1,1,-1
2015132A60697,2,9,0,4,0,0,0,0,0,0,2,1,6,2,56,9,1598,1,4,-1,1,-1
2015132A60697,3,9,0,4,0,0,0,0,0,0,2,1,6,1,58,9,1896,2,10,-1,1,-1
2015132A60737,1,19,0,4,0,0,0,0,0,0,3,1,6,1,39,7,2198,2,3,-1,1,-1
2015132A60768,1,9,0,18,0,0,0,0,0,0,2,1,6,1,70,10,1596,1,15,-1,1,-1
2015132A60768,2,11,0,18,0,0,0,0,0,0,1,1,1,1,34,6,-1,-1,-1,-1,1,-1
2015132A60899,1,9,0,18,0,8,0,0,0,0,1,1,6,2,50,8,-1,-1,-1,-1,-1,-1
2015132A60899,2,19,0,18,0,8,0,0,0,0,1,1,6,1,30,6,-1,-1,-1,-1,-1,-1
2015132A60955,1,1,0,18,0,8,0,0,0,0,1,1,6,1,16,4,-1,-1,-1,-1,1,-1
2015132A60955,2,9,0,7,0,5,0,0,0,0,4,1,6,2,57,9,1395,1,2,-1,1,-1
2015132A60957,1,3,0,18,0,0,1,0,0,0,1,1,6,1,27,6,124,1,1,-1,1,-1
2015132A60957,2,9,0,4,0,0,0,0,0,0,2,1,6,2,45,7,2993,2,8,-1,1,-1
2015132A61031,1,1,0,18,0,0,0,0,0,0,1,1,2,1,24,5,-1,-1,-1,-1,1,-1
2015132A61031,2,9,0,18,0,0,0,0,0,0,2,1,6,1,-1,-1,-1,-1,-1,-1,-1,-1
2015132A61073,1,9,0,18,0,0,0,0,0,0,1,1,6,2,53,8,1388,1,12,-1,1,-1
2015132A61073,2,9,0,4,0,0,0,0,0,0,2,1,6,1,-1,-1,1984,1,13,-1,-1,-1
2015132A61110,1,9,0,18,0,0,0,0,0,0,1,1,6,1,20,4,1997,2,13,-1,-1,-1
2015132A61110,2,9,0,18,0,0,0,0,0,0,1,1,6,1,18,4,1596,1,12,-1,1,-1
2015132A61110,3,9,0,18,0,0,0,0,0,0,3,1,6,2,18,4,1149,1,9,-1,1,-1
2015132A61110,4,9,0,18,0,0,0,0,0,0,3,1,6,2,26,6,1461,2,10,-1,1,-1
2015132A61183,1,9,0,18,0,4,0,0,0,0,4,1,6,2,25,5,1395,1,2,-1,1,-1
2015132A61183,2,8,0,9,0,4,0,0,0,0,1,1,1,1,48,8,1896,2,6,-1,1,-1
2015132A61193,1,9,0,3,0,0,0,0,0,0,2,1,2,1,24,5,1598,1,1,-1,-1,-1
2015132A61193,2,9,0,3,0,0,0,0,0,0,2,1,6,2,61,9,999,1,2,-1,1,-1
2015132A61193,3,9,0,18,0,0,0,0,0,0,1,1,2,2,38,7,1598,2,2,-1,1,-1
2015132A61351,1,9,0,4,0,0,1,0,0,0,1,1,6,1,24,5,1199,1,12,-1,1,-1
2015132A61351,2,9,0,4,0,0,0,0,0,0,2,1,6,2,34,6,2148,2,8,-1,1,-1
2015132A61380,1,9,0,5,0,0,0,0,0,0,1,1,6,1,24,5,1248,2,3,-1,1,-1
2015132A61395,1,9,0,9,0,6,0,0,0,0,1,1,6,1,22,5,1896,2,7,-1,1,-1
2015132A61452,1,9,0,18,0,0,0,0,1,10,1,1,6,1,43,7,1997,1,14,-1,1,-1
2015132A61452,2,9,0,18,0,0,0,0,0,0,1,1,6,2,23,5,1360,1,13,-1,-1,-1
2015132A61502,1,1,0,18,0,1,0,0,0,0,3,1,6,1,16,4,-1,-1,-1,-1,1,-1
2015132A61502,2,9,0,10,0,5,0,0,0,0,4,1,6,2,68,10,996,1,2,-1,1,-1
2015132A61592,1,19,0,1,0,0,0,0,0,0,1,1,1,1,59,9,2198,2,2,-1,1,-1
2015132A61592,2,2,0,18,0,0,0,0,0,0,2,1,2,2,24,5,124,1,2,-1,1,-1
2015132A61644,1,1,0,18,0,0,0,0,0,0,1,1,6,1,19,4,-1,-1,-1,-1,-1,-1
2015132A61644,2,8,0,6,0,0,0,0,0,0,4,1,6,1,41,7,1997,1,6,-1,1,-1
2015132A70194,1,1,0,18,0,0,0,0,0,0,1,1,6,1,28,6,-1,-1,-1,-1,1,-1
2015132A70194,2,9,0,9,0,0,0,0,0,0,4,1,2,1,56,9,2204,2,9,-1,1,-1
2015132A70269,1,9,0,9,0,1,0,0,0,0,3,1,6,1,54,8,1586,1,10,-1,-1,-1
2015132A70269,2,1,0,18,0,1,0,0,0,0,1,1,1,1,51,8,-1,-1,-1,-1,-1,-1
2015132A70269,3,19,0,7,0,1,0,0,0,0,0,1,1,1,55,8,2148,2,10,-1,-1,-1
2015132A70275,1,9,0,11,0,0,0,0,0,0,4,1,3,2,31,6,1689,2,13,-1,1,-1
2015132A70275,2,11,0,18,0,0,0,0,0,0,1,1,1,1,28,6,3900,2,9,-1,-1,-1
2015132A70626,1,8,0,9,0,6,0,0,0,0,1,1,1,1,55,8,1896,2,7,-1,1,-1
2015132A70698,1,9,0,1,0,0,0,0,0,0,2,1,6,1,40,7,2143,2,1,-1,1,-1
2015132A70703,1,9,0,18,0,6,0,0,1,11,3,1,6,1,43,7,1598,2,1,-1,1,-1
2015132A70703,2,9,0,18,0,8,0,0,0,0,1,1,6,1,27,6,2996,2,6,-1,1,-1
2015132A70752,1,9,0,18,0,0,0,4,1,11,1,1,6,2,76,11,1229,1,6,-1,1,-1
2015132A70752,2,9,0,18,0,0,0,0,0,0,2,1,6,1,50,8,-1,-1,-1,-1,1,-1
2015132A71031,1,1,0,2,0,0,0,0,0,0,1,1,6,1,14,3,-1,-1,-1,-1,-1,-1
2015132A71031,2,9,0,18,0,0,0,0,0,0,1,1,6,1,33,6,1796,1,13,-1,1,-1
2015132A71118,1,21,1,11,0,0,0,0,0,0,4,1,1,1,57,9,-1,2,10,-1,1,-1
2015132A71118,2,9,0,18,0,0,0,0,0,0,3,1,2,2,36,7,1199,2,4,-1,1,-1
2015132A80044,1,9,0,9,0,5,0,0,0,0,0,1,6,3,-1,-1,-1,-1,-1,-1,-1,-1
2015132A80044,2,1,0,18,0,8,1,0,0,0,1,1,2,1,44,7,-1,-1,-1,-1,1,-1
2015132A80158,1,3,0,18,0,8,0,0,0,0,1,1,6,2,32,6,-1,-1,-1,-1,1,-1
2015132A80158,2,9,0,9,0,8,0,0,0,0,4,1,6,1,58,9,1390,1,6,-1,1,-1
2015132A80237,1,21,1,11,0,0,0,0,0,0,1,1,1,1,48,8,12900,2,4,-1,1,-1
2015132A80237,2,10,0,18,0,0,0,0,0,6,1,1,2,1,51,8,-1,-1,-1,-1,1,-1
2015132A80237,3,21,1,18,0,0,0,0,0,0,1,1,1,1,45,7,-1,-1,-1,-1,-1,-1
2015132A80246,1,9,0,9,0,6,1,0,0,0,0,1,2,2,25,5,1496,2,-1,-1,1,-1
2015132A80246,2,9,0,18,0,8,0,0,7,2,1,1,2,1,26,6,1368,1,8,-1,1,-1
2015132A80473,1,9,0,9,0,5,0,0,0,0,1,1,6,1,38,7,-1,-1,-1,-1,-1,-1
2015132A80473,2,9,0,18,0,1,0,0,0,0,3,1,6,1,41,7,-1,-1,-1,-1,-1,-1
2015132A80668,1,19,0,18,0,0,0,0,0,0,2,1,6,1,42,7,2400,2,12,-1,1,-1
2015132A80668,2,5,0,18,0,0,0,0,0,0,1,1,6,1,54,8,553,1,8,-1,2,-1
2015132A80670,1,19,0,1,0,6,0,0,0,0,2,1,1,1,55,8,2143,2,2,-1,1,-1
2015132A80678,1,19,0,1,0,5,0,0,0,0,2,1,6,1,-1,-1,-1,-1,-1,-1,-1,-1
2015132A80778,1,9,0,18,0,8,0,0,0,0,1,1,6,1,31,6,1686,2,12,-1,-1,-1
2015132A80778,2,9,0,18,0,1,0,0,0,0,1,1,6,1,45,7,1956,2,4,-1,-1,-1
2015132A80921,1,19,0,18,0,8,0,0,0,0,2,1,6,1,40,7,2148,2,10,-1,1,-1
2015132A80921,2,9,0,18,0,8,0,0,0,0,1,1,6,2,33,6,1969,2,-1,-1,1,-1
2015132A80932,1,9,0,4,0,0,0,0,0,0,1,1,6,1,25,5,1229,1,5,-1,1,-1
2015132A80932,2,9,0,4,0,0,0,0,0,0,2,1,6,1,59,9,1198,1,2,-1,1,-1
2015132A81047,1,9,0,9,0,8,0,0,0,0,1,1,6,2,24,5,1388,1,3,-1,1,-1
2015132A81047,2,1,0,18,0,8,5,0,0,0,4,1,6,1,43,7,-1,-1,-1,-1,1,-1
2015132A81373,1,20,0,1,0,8,0,0,0,0,2,1,6,1,27,6,2287,2,7,-1,1,-1
2015132A81373,2,9,0,18,0,8,0,0,0,0,1,1,6,2,58,9,1242,1,12,-1,1,-1
2015132A81543,1,9,0,17,0,8,0,0,0,0,3,1,6,2,27,6,1398,1,5,-1,1,-1
2015132A81543,2,9,0,18,0,8,0,0,0,0,1,1,6,3,-1,-1,1587,1,12,-1,-1,-1
2015132A81549,1,9,0,9,0,5,0,0,0,0,0,1,6,1,60,9,1598,1,6,-1,1,-1
2015132A81549,2,9,0,18,0,8,0,0,7,10,1,1,6,1,45,7,1600,2,4,-1,1,-1
2015132A81559,1,3,0,18,0,1,2,0,0,0,3,1,6,1,19,4,124,1,5,-1,1,-1
2015132A81559,2,9,0,9,0,8,0,0,0,0,3,1,6,2,31,6,1598,1,5,-1,1,-1
2015132A81872,1,9,0,18,0,8,1,0,1,7,1,1,6,2,25,5,1968,2,7,-1,-1,-1
2015132A82103,1,9,0,9,0,5,0,0,0,0,3,1,6,1,21,5,1388,1,12,-1,1,-1
2015132A90380,1,9,0,4,0,1,0,0,0,0,1,1,6,1,37,7,1896,2,8,-1,1,-1
2015132A90380,2,9,0,3,0,1,0,0,0,0,2,1,1,1,49,8,2143,2,5,-1,3,-1
2015132A90455,1,9,0,9,0,8,0,0,0,0,1,1,6,1,17,4,1229,1,11,-1,1,-1
2015132A90455,2,9,0,18,0,8,0,0,0,0,1,1,6,2,50,8,1995,2,9,-1,1,-1
2015132A90459,1,9,0,18,0,0,0,0,0,0,4,1,6,2,35,6,1329,1,4,-1,1,-1
2015132A90632,1,9,0,7,0,8,0,0,0,0,4,1,6,1,44,7,-1,-1,-1,-1,2,-1
2015132A90632,2,1,0,15,4,8,0,0,0,0,1,1,6,1,21,5,-1,-1,-1,-1,1,-1
2015132A90651,1,9,0,18,0,8,0,0,0,0,1,1,6,2,60,9,1595,1,12,-1,1,-1
2015132A90651,2,17,0,18,0,8,2,0,0,0,4,1,1,1,38,7,1123,2,3,-1,1,-1
2015132A90714,1,10,0,11,2,1,0,0,0,0,0,1,1,3,-1,-1,-1,-1,-1,-1,-1,-1
2015132A90714,2,11,0,18,2,1,1,0,0,0,0,1,1,1,51,8,9360,2,6,-1,1,-1
2015132A90740,1,8,0,18,0,0,2,0,0,0,4,1,1,1,51,8,1598,2,1,-1,-1,-1
2015132A90740,2,9,0,2,0,0,0,0,0,0,3,1,6,1,-1,-1,1229,1,9,-1,1,-1
2015132A90876,1,9,0,18,0,0,0,0,0,0,4,1,6,2,67,10,999,1,7,-1,-1,-1
2015132A90950,1,9,0,18,0,2,0,0,0,0,1,1,6,2,86,11,1598,1,7,-1,2,-1
2015132A90950,2,9,0,18,0,2,0,0,0,0,1,1,6,2,40,7,1598,1,11,-1,2,-1
2015132A91011,1,9,0,3,0,1,0,0,0,0,2,1,6,1,39,7,-1,-1,-1,-1,1,-1
2015132A91011,2,9,0,3,0,1,0,0,0,0,2,1,6,2,64,9,1248,1,3,-1,1,-1