Accident_Index,Vehicle_Reference,Vehicle_Type,Towing_and_Articulation,Vehicle_Manoeuvre,Vehicle_Location-Restricted_Lane,Junction_Location,Skidding_and_Overturning,Hit_Object_in_Carriageway,Vehicle_Leaving_Carriageway,Hit_Object_off_Carriageway,1st_Point_of_Impact,Was_Vehicle_Left_Hand_Drive?,Journey_Purpose_of_Driver,Sex_of_Driver,Age_of_Driver,Age_Band_of_Driver,Engine_Capacity_(CC),Propulsion_Code,Age_of_Vehicle,Driver_IMD_Decile,Driver_Home_Area_Type,Vehicle_IMD_Decile
2015132AR1031,2,4,0,9,0,4,0,0,0,0,4,1,6,2,39,7,675,1,-1,-1,1,-1
2015132AR1091,1,9,0,3,4,8,0,0,0,0,1,1,6,1,64,9,1598,1,10,-1,1,-1
2015132AR1091,2,1,0,18,4,8,0,0,0,0,1,1,6,1,44,7,-1,-1,-1,-1,1,-1
2015132AR1157,1,9,0,18,0,1,0,0,0,0,3,1,6,2,55,8,998,1,15,-1,-1,-1
2015132AR1157,2,9,0,18,0,1,0,0,0,0,1,1,6,2,29,6,1597,2,1,-1,-1,-1
2015132AR1216,1,9,0,4,0,0,0,0,0,0,1,1,6,2,18,4,1461,2,3,-1,-1,-1
2015132AR1216,2,9,0,4,0,0,0,0,0,0,2,1,6,1,23,5,1686,2,4,-1,-1,-1
2015132AR1243,1,9,0,7,0,6,0,0,0,0,4,1,6,1,64,9,1968,2,5,-1,1,-1
2015132AR1244,1,9,0,4,0,0,0,0,0,0,2,1,6,1,47,8,2967,2,1,-1,1,-1
2015132AR1244,2,9,0,18,0,0,0,0,0,0,1,1,6,2,23,5,1197,1,2,-1,2,-1
2015132AR1462,1,9,0,5,0,2,0,0,0,0,1,1,6,1,29,6,1598,1,9,-1,1,-1
2015132AR1462,2,9,0,5,0,2,0,0,0,0,2,1,1,1,35,6,1686,2,3,-1,1,-1
2015132AR1576,1,9,0,18,0,8,0,0,0,0,1,1,6,1,45,7,2993,2,11,-1,1,-1
2015132AR1576,2,9,0,18,0,8,0,0,0,0,2,1,6,2,25,5,2148,2,13,-1,3,-1
2015132AR1661,1,9,0,18,0,1,0,0,3,10,1,1,6,2,35,6,1560,2,7,-1,1,-1
2015132AR1661,2,9,0,18,0,1,0,0,0,0,1,1,6,1,41,7,1896,2,14,-1,1,-1
2015132AR1826,1,9,0,18,0,4,2,0,7,3,1,1,6,1,21,5,998,1,12,-1,-1,-1
2015132AS0042,1,9,0,18,0,0,1,0,0,0,1,1,6,1,21,5,1984,1,-1,-1,1,-1
2015132AS0042,2,9,0,2,0,0,0,0,0,0,3,1,6,3,-1,-1,1598,1,11,-1,-1,-1
2015132AS0042,3,19,0,2,0,0,0,0,0,0,1,1,6,3,-1,-1,2143,2,1,-1,-1,-1
2015132AS0042,4,9,0,18,0,0,0,0,0,0,2,1,6,1,43,7,2720,2,7,-1,1,-1
2015132AS0042,5,9,0,2,0,0,0,0,0,0,2,1,6,3,-1,-1,1975,1,10,-1,-1,-1
2015132AS0154,1,9,0,18,0,0,5,12,7,4,1,1,2,1,29,6,1968,2,11,-1,1,-1
2015132AS0242,1,11,0,18,0,0,0,0,0,0,2,1,1,1,-1,-1,9360,2,7,-1,-1,-1
2015132AS0242,2,9,0,3,0,0,0,0,0,0,3,1,6,1,53,8,998,1,2,-1,1,-1
2015132AS0246,1,9,0,7,0,8,0,0,0,0,1,1,2,1,33,6,2204,2,6,-1,1,-1
2015132AS0246,2,1,0,18,0,8,0,0,0,0,4,1,2,2,54,8,-1,-1,-1,-1,1,-1
2015132AS0267,1,21,1,18,0,0,1,0,0,0,1,1,1,1,61,9,11946,2,2,-1,2,-1
2015132AS0295,1,9,0,18,0,8,0,0,0,0,4,1,1,2,42,7,1248,2,1,-1,-1,-1
2015132AS0308,1,9,0,18,0,0,1,0,2,7,1,1,6,2,43,7,1598,1,9,-1,1,-1
2015132AS0308,2,9,0,18,0,0,1,0,0,0,1,1,6,1,57,9,1398,2,5,-1,2,-1
2015132AS0351,1,9,0,17,0,0,2,0,1,0,4,1,6,2,86,11,998,1,13,-1,1,-1
2015132AS0424,1,9,0,18,0,1,0,0,0,0,1,1,6,1,20,4,1896,2,9,-1,-1,-1
2015132AS0424,2,9,0,3,0,8,0,0,0,0,2,1,6,1,48,8,2488,2,8,-1,3,-1
2015132AS0441,1,3,0,18,0,1,1,0,0,0,0,1,6,1,21,5,124,1,4,-1,3,-1
2015132AS0441,2,9,0,5,0,1,0,0,0,0,0,1,6,1,61,9,1797,8,5,-1,1,-1
2015132AS0553,1,11,0,7,0,8,0,0,0,0,0,1,1,1,49,8,6700,2,7,-1,1,-1
2015132AS0715,1,9,0,17,0,0,1,0,8,11,1,1,6,1,29,6,3498,1,11,-1,1,-1
2015132AS0812,1,9,0,3,0,0,0,0,0,0,2,1,6,2,31,6,1598,1,10,-1,1,-1
2015132AS0812,2,9,0,18,0,0,0,0,0,0,1,1,6,1,-1,-1,1199,1,13,-1,1,-1
2015132AS0853,1,9,0,9,0,8,0,0,0,0,4,1,6,1,35,6,2987,2,10,-1,1,-1
2015132AS0853,2,3,0,15,0,8,0,0,0,0,1,1,2,1,25,5,125,1,5,-1,1,-1
2015132AS0920,1,9,0,18,0,0,0,0,2,0,1,1,6,1,44,7,2204,2,5,-1,1,-1
2015132AS0920,2,19,0,18,0,0,0,0,0,0,1,1,6,1,35,6,2198,2,7,-1,1,-1
2015132AS0994,1,8,0,18,0,0,0,0,0,0,1,1,1,3,-1,-1,-1,-1,-1,-1,-1,-1
2015132AS1021,1,9,0,18,0,7,0,0,0,0,2,1,2,1,53,8,1968,2,7,-1,1,-1
2015132AS1021,2,19,0,18,0,7,0,0,0,0,1,1,1,1,21,5,2143,2,4,-1,1,-1
2015132AS1031,1,3,0,18,0,8,5,2,0,0,1,1,2,1,17,4,125,1,4,-1,1,-1
2015132AS1082,1,9,0,4,0,0,0,0,0,0,0,1,6,1,57,9,1560,2,9,-1,1,-1
2015132AS1082,2,9,0,4,0,0,0,0,0,0,0,1,6,1,26,6,1395,1,1,-1,1,-1
2015132AS1122,1,19,0,18,0,0,0,0,0,0,1,1,6,1,49,8,2461,2,11,-1,1,-1
2015132AS1149,1,9,0,18,0,0,1,0,0,0,4,1,6,3,-1,-1,-1,-1,-1,-1,-1,-1
2015132AS1149,2,1,0,18,0,0,0,0,0,0,3,1,6,1,15,3,-1,-1,-1,-1,1,-1
2015132AS1364,1,3,0,18,0,0,0,0,0,0,0,1,6,1,29,6,125,1,6,-1,1,-1
2015132AS1513,1,9,0,18,0,4,0,9,2,4,1,1,6,1,34,6,2494,1,15,-1,1,-1
2015132AT0047,1,19,0,5,0,8,0,0,0,0,1,1,6,1,67,10,2287,2,-1,-1,1,-1
2015132AT0047,2,9,0,18,0,8,0,0,0,0,4,1,6,2,35,6,1390,1,7,-1,1,-1
2015132AT0250,1,9,0,18,0,8,0,0,0,0,1,1,6,2,30,6,998,1,4,-1,1,-1
2015132AT0250,2,9,0,18,0,8,0,0,0,0,3,1,6,2,38,7,1896,2,12,-1,1,-1
2015132AT0331,1,8,0,1,0,0,0,0,0,0,2,1,1,1,35,6,1910,2,7,-1,1,-1
2015132AT0372,1,8,0,7,0,8,0,0,0,0,4,1,1,1,41,7,1896,2,8,-1,1,-1
2015132AT0372,2,11,0,18,2,8,0,0,0,0,1,1,1,1,57,9,7300,2,10,-1,1,-1
2015132AT0393,1,21,1,9,0,6,0,0,0,0,1,1,1,1,54,8,-1,2,12,-1,1,-1
2015132AT0393,2,9,0,17,0,8,0,0,0,0,4,1,6,2,42,7,1596,1,10,-1,1,-1
2015132AT0572,1,10,0,4,0,0,1,0,0,0,1,1,6,1,59,9,2461,2,13,-1,2,-1
2015132AT0572,2,9,0,4,0,0,0,0,0,0,2,1,6,1,37,7,1560,2,3,-1,1,-1
2015132AT0572,3,9,0,4,0,0,0,0,0,0,2,1,6,1,32,6,1560,2,5,-1,1,-1
2015132AT0633,1,9,0,3,0,0,0,0,0,0,1,1,6,2,54,8,1198,1,6,-1,1,-1
2015132AT0633,2,9,0,3,0,0,0,0,0,0,2,1,6,1,32,6,-1,-1,-1,-1,1,-1
2015132AT0633,3,20,0,18,0,0,0,0,0,0,2,1,6,1,56,9,-1,-1,-1,-1,-1,-1
2015132AT0639,1,9,0,18,0,0,0,0,0,0,1,1,6,2,27,6,1598,2,1,-1,3,-1
2015132AT0639,2,9,0,18,0,0,0,0,0,0,2,1,6,2,32,6,1388,1,7,-1,-1,-1
2015132AT0639,3,10,0,18,0,0,0,0,0,0,1,1,1,1,78,11,-1,-1,-1,-1,1,-1
2015132AT0639,4,9,0,18,0,0,0,0,0,0,2,1,6,1,25,5,1968,2,4,-1,-1,-1
2015132AT0824,1,9,0,18,0,8,0,0,0,0,1,1,6,1,28,6,1995,2,9,-1,-1,-1
2015132AT0824,2,9,0,18,0,8,0,0,0,0,1,1,6,1,30,6,3999,1,4,-1,-1,-1
2015132AT0827,1,1,0,18,0,0,0,0,0,0,3,1,6,2,20,4,-1,-1,-1,-1,1,-1
2015132AT0827,2,9,0,18,0,0,0,0,0,0,4,1,6,2,-1,-1,1198,1,10,-1,1,-1
2015132AT0960,1,9,0,14,0,8,0,0,0,0,1,1,6,1,-1,-1,1598,1,1,-1,-1,-1
2015132AT1225,1,9,0,18,0,6,0,0,0,0,1,1,6,1,26,6,-1,-1,-1,-1,-1,-1
2015132AT1225,2,9,0,18,0,1,0,0,0,0,1,1,6,2,43,7,1598,1,7,-1,1,-1
2015132AT1316,1,9,0,9,0,6,0,0,0,0,4,1,6,1,39,7,999,1,1,-1,1,-1
2015132AT1316,2,9,0,18,0,1,0,0,0,0,3,1,6,1,19,4,1388,1,11,-1,1,-1
2015132AT1364,1,9,0,4,0,1,0,0,0,0,1,1,6,1,43,7,1149,1,10,-1,1,-1
2015132AT1364,2,8,0,4,0,1,0,0,0,0,2,1,1,1,49,8,1896,2,7,-1,-1,-1
2015132AT1371,1,9,0,7,0,1,0,0,0,0,1,1,6,1,38,7,1999,1,10,-1,1,-1
2015132AT1371,2,9,0,18,0,1,0,0,0,0,1,1,6,1,20,4,-1,-1,-1,-1,-1,-1
2015132AT1451,1,3,0,9,0,8,5,0,0,0,3,1,6,1,16,4,-1,-1,-1,-1,1,-1
2015132AT1451,2,8,0,7,0,8,0,0,0,0,1,1,1,1,51,8,1497,8,7,-1,1,-1
2015132AT1474,1,9,0,18,0,0,0,0,0,0,1,1,6,1,17,4,1386,1,9,-1,-1,-1
2015132AT1474,2,9,0,4,0,0,0,0,0,0,2,1,6,2,56,9,1390,1,3,-1,2,-1
2015132AT1745,1,9,0,3,0,4,0,0,0,0,2,1,6,1,28,6,998,1,4,-1,1,-1
2015132AT1745,2,9,0,5,0,4,0,0,0,0,1,1,6,1,23,5,1248,2,8,-1,1,-1
2015132AT1901,1,9,0,9,0,1,0,0,0,0,3,1,6,1,70,10,1998,1,12,-1,1,-1
2015132AT1901,2,3,0,13,0,1,2,0,7,10,1,1,6,1,20,4,125,1,6,-1,1,-1
2015132AU0276,1,9,0,18,0,8,0,0,0,0,1,1,6,1,62,9,1686,2,11,-1,1,-1
2015132AU0276,2,9,0,9,0,8,0,0,0,11,1,1,6,2,29,6,1598,1,-1,-1,3,-1
2015132AU0368,1,9,0,5,0,0,0,0,0,0,1,1,6,2,-1,-1,-1,-1,-1,-1,-1,-1
2015132AU0368,2,1,0,18,0,0,0,0,0,0,3,1,6,1,41,7,-1,-1,-1,-1,1,-1
2015132AU0393,1,1,0,18,0,8,0,0,0,0,1,1,6,1,28,6,-1,-1,-1,-1,-1,-1
2015132AU0393,2,9,0,9,0,8,0,0,0,0,1,1,6,2,30,6,1997,2,11,-1,1,-1
2015132AU0775,1,9,0,18,0,0,0,0,0,0,1,1,6,1,28,6,2993,2,-1,-1,3,-1
2015132AU0775,2,9,0,18,0,0,0,0,0,0,2,1,6,1,30,6,1968,2,3,-1,1,-1
2015132AU0775,3,9,0,18,0,0,0,0,0,0,2,1,6,1,32,6,2148,2,6,-1,2,-1
2015132AU0793,1,9,0,18,0,0,0,0,0,0,1,1,6,1,24,5,998,1,5,-1,1,-1
2015132AU0793,2,9,0,18,0,0,0,0,0,0,2,1,6,1,51,8,1997,2,3,-1,1,-1
2015132AU0824,1,3,0,16,0,0,1,0,7,0,0,1,6,1,22,5,124,1,2,-1,1,-1
2015132AU0834,1,9,0,18,0,0,0,0,0,0,1,1,6,2,19,4,998,1,10,-1,1,-1
2015132AU0834,2,9,0,4,0,0,0,0,0,0,2,1,6,1,29,6,2143,2,-1,-1,1,-1
2015132AU0836,1,9,0,18,0,0,0,0,0,0,1,1,6,1,-1,-1,998,1,14,-1,-1,-1
2015132AU0836,2,9,0,4,0,0,0,0,0,0,2,1,6,1,48,8,1995,2,8,-1,1,-1
2015132AU0871,1,9,0,18,0,0,0,0,0,0,1,1,6,1,20,4,1390,1,7,-1,-1,-1
2015132AU0880,1,11,0,18,0,0,0,0,0,0,0,1,1,1,57,9,9360,2,3,-1,1,-1
2015132AU0886,1,11,0,18,0,0,0,0,0,0,0,1,1,1,40,7,4760,2,4,-1,-1,-1
2015132AU0886,2,9,0,18,0,0,0,0,0,0,0,1,6,3,-1,-1,-1,-1,-1,-1,-1,-1
2015132AU1115,1,9,0,9,0,1,0,0,0,0,1,1,6,1,36,7,1753,2,7,-1,1,-1
2015132AU1115,2,9,0,9,0,1,0,0,0,0,1,1,6,2,47,8,2204,2,9,-1,1,-1
2015132AU1192,1,3,0,4,0,1,0,0,0,0,0,1,2,2,28,6,-1,-1,-1,-1,1,-1
2015132AU1354,1,9,0,5,0,1,0,0,0,0,0,1,6,1,29,6,-1,-1,-1,-1,-1,-1
2015132AU1354,2,11,0,18,0,1,0,0,0,0,0,1,1,1,50,8,9000,2,3,-1,1,-1
2015132AU1392,1,9,0,9,0,8,0,0,0,0,3,1,1,1,41,7,2993,2,1,-1,1,-1
2015132AU1392,2,3,0,18,0,8,0,4,0,0,4,1,6,1,19,4,124,1,2,-1,1,-1
2015132AU1392,3,9,0,2,0,1,0,0,0,0,4,1,6,1,-1,-1,1984,1,8,-1,-1,-1
2015132AU1657,1,9,0,18,0,0,0,0,0,0,1,1,6,3,-1,-1,-1,-1,-1,-1,-1,-1
2015132AU1781,1,9,0,17,0,0,2,0,8,11,2,1,6,1,24,5,6262,1,-1,-1,3,-1
2015132AV0272,1,9,0,18,0,1,0,0,0,0,2,1,6,1,24,5,1200,1,12,-1,3,-1
2015132AV0272,2,90,0,18,0,1,0,0,0,0,1,1,1,1,28,6,-1,-1,-1,-1,-1,-1
2015132AV0370,1,9,0,17,0,0,5,0,1,11,4,1,6,1,22,5,1598,1,7,-1,1,-1
2015132AV0617,1,11,0,18,0,8,0,0,0,0,0,1,1,1,46,8,4461,2,1,-1,1,-1
2015132AV0617,2,9,0,7,0,8,0,0,0,0,0,1,6,1,-1,-1,-1,-1,-1,-1,-1,-1
2015132AV0648,1,9,0,9,0,5,0,0,0,0,1,1,6,2,67,10,1798,1,9,-1,1,-1
2015132AV0648,2,3,0,18,0,1,0,0,0,0,4,1,6,1,34,6,125,1,-1,-1,1,-1
2015132AV0692,1,9,0,4,0,1,0,0,0,0,1,1,6,2,78,11,995,1,10,-1,1,-1
2015132AV0692,2,9,0,3,0,1,0,0,0,0,2,1,6,2,25,5,1995,2,7,-1,1,-1
2015132AV0995,1,9,0,5,0,8,0,0,0,0,1,1,6,1,-1,-1,1968,2,7,-1,-1,-1
2015132AV0995,2,9,0,2,0,8,0,0,0,0,2,1,6,1,30,6,1560,2,1,-1,1,-1
2015132AV1192,1,9,0,18,0,0,0,0,0,0,1,1,6,2,71,10,796,1,9,-1,1,-1
2015132AV1246,1,9,0,9,0,1,0,0,0,0,1,1,6,2,42,7,1360,1,10,-1,1,-1
2015132AV1246,2,8,0,9,0,1,0,0,0,0,2,1,1,1,38,7,1998,2,7,-1,1,-1
2015132AV1268,1,3,0,9,0,0,0,0,0,0,1,1,6,1,21,5,-1,-1,-1,-1,1,-1
2015132AV1268,2,9,0,18,0,0,0,0,0,0,1,1,6,1,43,7,1998,2,8,-1,1,-1
2015132AV1359,1,8,0,18,0,0,0,0,0,0,1,1,1,1,40,7,1794,1,7,-1,1,-1
2015132AV1365,1,9,0,3,0,0,0,0,0,0,1,1,6,1,76,11,1560,2,2,-1,1,-1
2015132AV1365,2,9,0,18,0,0,0,0,0,0,2,1,6,2,67,10,2700,1,14,-1,2,-1
2015132AV1600,1,9,0,18,0,7,0,0,0,0,1,1,6,2,38,7,1560,2,9,-1,1,-1
2015132AV1600,2,9,0,18,0,7,0,0,0,0,2,1,6,1,29,6,2435,1,12,-1,1,-1
2015132AV1600,3,9,0,18,0,7,0,0,0,0,2,1,6,1,58,9,1598,1,6,-1,1,-1
2015132AV1600,4,9,0,18,0,7,0,0,0,0,2,1,6,2,33,6,1598,1,3,-1,1,-1
2015132AV1600,5,9,0,18,0,7,0,0,0,0,2,1,6,2,36,7,1685,2,4,-1,1,-1
2015132AV1977,1,9,0,18,0,0,0,0,0,0,2,1,6,1,50,8,1497,1,11,-1,1,-1
2015132AV1977,2,9,0,18,0,0,0,0,0,0,1,1,6,1,23,5,1796,1,6,-1,2,-1
2015132B10037,1,9,0,7,0,8,0,0,0,0,0,1,6,3,-1,-1,-1,-1,-1,-1,-1,-1
2015132B10037,2,1,0,18,4,1,2,0,0,0,0,1,1,1,23,5,-1,-1,-1,-1,1,-1
2015132B10054,1,8,0,18,0,8,0,0,0,0,1,1,1,1,25,5,1598,2,1,-1,1,-1
2015132B10066,1,9,0,18,0,0,0,0,0,0,1,1,6,1,35,6,1896,2,6,-1,1,-1
2015132B10318,1,8,0,18,0,1,0,0,0,0,1,1,1,1,37,7,1995,2,3,-1,1,-1
2015132B10422,1,9,0,18,0,8,0,0,3,11,1,1,6,1,29,6,1598,1,12,-1,1,-1
2015132B10604,1,9,0,7,0,6,0,0,0,0,1,1,6,3,-1,-1,-1,-1,-1,-1,-1,-1
2015132B10604,2,9,0,18,0,8,0,0,0,0,4,1,6,2,62,9,-1,-1,-1,-1,1,-1
2015132B10700,1,9,0,18,0,8,0,0,0,0,1,1,6,1,74,10,1598,1,12,-1,1,-1
2015132B10700,2,9,0,18,0,8,0,0,0,0,1,1,6,1,66,10,2993,2,8,-1,1,-1
2015132B10840,1,1,0,18,0,1,0,0,0,0,1,1,6,1,48,8,-1,-1,-1,-1,-1,-1
2015132B10986,1,1,0,16,0,0,0,0,0,0,1,1,6,1,44,7,-1,-1,-1,-1,-1,-1
2015132B10986,2,9,0,18,0,0,0,0,0,0,2,1,6,1,46,8,-1,-1,-1,-1,2,-1
2015132B11038,1,9,0,9,0,8,1,0,0,0,1,1,6,1,45,7,1598,1,13,-1,1,-1
2015132B11038,2,9,0,18,0,3,1,0,7,0,1,1,6,1,36,7,-1,-1,-1,-1,1,-1
2015132B11289,1,9,0,18,0,0,0,0,0,0,1,1,6,2,49,8,1390,1,13,-1,1,-1
2015132B11289,2,9,0,18,0,0,0,0,0,0,1,1,2,1,27,6,1896,2,11,-1,1,-1
2015132B11322,1,9,0,18,0,8,0,0,0,0,1,1,6,1,44,7,1896,2,8,-1,1,-1
2015132B11322,2,9,0,18,0,8,0,0,0,0,1,1,6,2,35,6,1398,2,10,-1,1,-1
2015132B11467,1,9,0,18,0,0,0,0,0,0,0,1,6,1,-1,-1,2179,2,4,-1,1,-1
2015132B11697,1,9,0,16,0,0,0,0,0,0,1,1,6,1,25,5,1975,1,12,-1,1,-1
2015132B11697,2,9,0,17,0,0,0,0,0,11,1,1,6,2,27,6,1968,2,9,-1,2,-1
2015132B11697,3,9,0,16,0,0,0,0,0,0,0,1,6,3,23,5,-1,-1,-1,-1,-1,-1
2015132B11769,1,8,0,3,0,1,0,0,0,0,4,1,1,1,52,8,1995,2,7,-1,1,-1
2015132B11769,2,9,0,5,0,1,0,0,0,0,0,1,6,1,-1,-1,1769,1,13,-1,-1,-1
2015132B11975,1,9,0,14,0,2,0,0,0,0,1,1,6,1,21,5,1598,1,10,-1,-1,-1
2015132B11975,2,8,0,2,0,2,0,0,0,0,2,1,6,3,-1,-1,1560,2,-1,-1,-1,-1
2015132B20217,1,9,0,18,0,0,0,0,0,0,3,1,6,2,38,7,1229,1,6,-1,1,-1
2015132B20217,2,21,1,18,0,0,0,0,0,0,1,1,1,1,47,8,11120,2,-1,-1,1,-1
2015132B20217,3,9,0,18,0,0,0,0,0,0,3,1,6,1,45,7,1991,2,11,-1,1,-1
2015132B20217,4,9,0,18,0,0,0,0,0,0,2,1,6,2,40,7,1968,2,-1,-1,1,-1
2015132B20375,1,8,0,18,0,1,0,0,0,0,1,1,1,1,35,6,1896,2,7,-1,-1,-1
2015132B20375,2,8,0,18,0,1,0,0,7,10,1,1,1,1,37,7,1998,2,6,-1,1,-1
2015132B20591,1,9,0,17,0,0,0,0,7,4,3,1,6,1,26,6,-1,-1,-1,-1,1,-1
2015132B20610,1,9,0,1,0,0,0,0,0,0,2,1,6,1,70,10,2398,1,16,-1,-1,-1
2015132B20958,1,22,0,18,0,0,0,0,0,0,1,1,6,1,70,10,-1,-1,-1,-1,1,-1
2015132B21097,1,9,0,9,0,6,0,0,0,0,1,1,2,2,30,6,1598,1,2,-1,2,-1
2015132B21097,2,9,0,18,0,1,0,0,0,0,1,1,2,2,62,9,998,1,1,-1,1,-1
2015132B21170,1,9,0,18,0,0,0,0,0,0,1,1,6,1,53,8,1998,8,-1,-1,3,-1
2015132B21170,2,9,0,18,0,0,0,0,0,0,2,1,6,1,43,7,1969,2,-1,-1,2,-1
2015132B21170,3,21,1,4,0,0,0,0,0,0,2,1,1,1,39,7,10837,2,1,-1,1,-1
2015132B21195,1,9,0,9,0,6,0,0,0,0,1,1,6,1,22,5,1198,1,10,-1,3,-1
2015132B21195,2,2,0,14,0,1,5,0,0,0,1,1,6,1,16,4,50,1,4,-1,1,-1
2015132B21198,1,9,0,18,0,0,0,0,0,0,2,1,6,1,49,8,1360,1,8,-1,1,-1
2015132B21198,2,9,0,18,0,0,0,0,0,0,1,1,6,2,27,6,1124,1,13,-1,1,-1
2015132B21198,3,9,0,18,0,0,0,0,0,0,1,1,6,2,19,4,999,1,1,-1,1,-1
2015132B21295,1,9,0,7,0,6,0,0,0,0,4,1,6,3,-1,-1,-1,-1,-1,-1,-1,-1
2015132B21336,1,21,1,9,0,5,0,0,0,0,4,1,1,1,-1,-1,-1,-1,-1,-1,-1,-1
2015132B21336,2,1,0,9,0,5,0,0,0,0,3,1,2,1,22,5,-1,-1,-1,-1,1,-1
2015132B21425,1,9,0,18,0,0,0,0,0,0,1,1,6,1,43,7,1796,1,11,-1,1,-1
2015132B21425,2,19,0,4,0,0,0,0,0,0,2,1,6,1,29,6,1997,2,9,-1,1,-1
2015132B30024,1,9,0,12,0,0,0,0,0,0,2,1,6,1,38,7,2143,2,3,-1,1,-1
2015132B30024,2,21,1,18,0,0,0,0,0,0,1,1,1,1,46,8,12419,2,1,-1,1,-1
2015132B30152,1,9,0,17,0,0,0,0,0,0,1,1,2,1,25,5,1998,1,7,-1,1,-1
2015132B30152,2,9,0,16,0,0,0,0,0,0,1,1,2,1,53,8,-1,-1,-1,-1,1,-1
2015132B30168,1,9,0,3,0,4,0,0,0,0,2,1,6,1,20,4,1242,1,16,-1,1,-1
2015132B30168,2,9,0,5,0,4,0,0,0,0,1,1,6,1,34,6,1242,1,13,-1,1,-1
2015132B30172,1,9,0,18,0,0,1,0,0,2,1,1,6,1,30,6,1391,1,13,-1,1,-1
2015132B30205,1,9,0,9,0,6,0,0,0,0,3,1,2,1,28,6,1968,2,4,-1,1,-1
2015132B30205,2,9,0,18,0,8,0,0,0,0,1,1,2,1,23,5,1900,2,10,-1,1,-1
2015132B30209,1,9,0,18,0,0,0,0,0,0,3,1,6,2,49,8,1586,1,10,-1,1,-1
2015132B30390,1,1,0,18,0,8,0,0,0,0,0,1,6,1,36,7,-1,-1,-1,-1,1,-1
2015132B30390,2,9,0,7,0,6,0,0,0,0,0,1,6,3,-1,-1,1560,2,8,-1,-1,-1
2015132B30542,1,9,0,7,0,8,0,0,0,0,1,1,6,1,55,8,1560,2,5,-1,1,-1
2015132B30630,1,2,0,18,0,0,2,0,0,0,0,1,6,1,18,4,49,1,9,-1,1,-1
2015132B30630,2,9,0,18,0,0,0,0,0,0,0,1,6,1,77,11,-1,-1,-1,-1,3,-1
2015132B31033,1,9,0,9,0,6,0,0,0,0,3,1,6,2,83,11,1598,1,6,-1,-1,-1
2015132B31033,2,9,0,18,0,1,0,0,0,0,1,1,6,1,47,8,1796,1,12,-1,-1,-1
2015132B31062,1,9,0,18,0,8,0,0,7,10,3,1,2,1,33,6,1598,2,-1,-1,1,-1
2015132B31206,1,9,0,18,0,1,1,0,1,3,3,1,6,1,21,5,1995,2,11,-1,1,-1
2015132B31235,1,9,0,18,0,0,0,0,0,0,1,1,1,1,40,7,1598,2,2,-1,1,-1
2015132B31235,2,9,0,18,0,0,0,0,0,0,2,1,2,1,55,8,1998,2,13,-1,1,-1
2015132B31360,1,9,0,9,0,5,0,0,0,0,4,1,6,1,69,10,2401,2,8,-1,1,-1
2015132B31360,2,1,0,18,0,8,2,0,0,0,1,1,2,1,30,6,-1,-1,-1,-1,1,-1
2015132B31390,1,9,0,18,0,0,0,0,0,0,1,1,6,1,79,11,2400,2,2,-1,1,-1
2015132B31508,1,9,0,18,0,8,0,0,0,0,1,1,6,3,-1,-1,-1,-1,-1,-1,-1,-1
2015132B31508,2,1,0,18,0,8,0,0,0,0,1,1,6,1,39,7,-1,-1,-1,-1,1,-1
2015132B31711,1,9,0,9,0,1,0,0,0,0,1,1,6,1,56,9,2967,2,-1,-1,3,-1
2015132B31711,2,3,0,18,0,1,5,0,0,0,1,1,6,1,22,5,-1,-1,-1,-1,1,-1
2015132B31711,3,9,0,18,0,1,0,0,0,0,1,1,2,2,53,8,998,1,1,-1,2,-1
2015132B40152,1,9,0,12,0,0,0,0,0,0,3,1,6,1,56,9,-1,-1,-1,-1,1,-1
2015132B40152,2,19,0,18,0,0,0,0,5,6,4,1,1,1,23,5,-1,-1,-1,-1,-1,-1
2015132B40160,1,9,0,18,0,0,0,0,0,0,0,1,2,1,26,6,2926,2,12,-1,1,-1
2015132B40160,2,9,0,18,0,0,0,0,0,0,0,1,2,1,38,7,1994,1,10,-1,1,-1
2015132B40207,1,9,0,5,0,4,0,0,0,0,1,1,2,1,43,7,1598,1,5,-1,1,-1
2015132B40207,2,1,0,9,0,8,0,0,0,0,4,1,2,1,23,5,-1,-1,-1,-1,1,-1
2015132B40247,1,9,0,18,0,0,0,0,0,0,4,1,6,1,45,7,2435,1,14,-1,1,-1
2015132B40247,2,8,0,5,0,0,0,0,0,0,3,1,1,3,-1,-1,1598,2,3,-1,-1,-1
2015132B40324,1,9,0,18,0,0,0,0,0,0,1,1,2,1,29,6,-1,-1,-1,-1,2,-1
2015132B40342,1,9,0,17,0,0,5,0,2,11,4,1,6,1,46,8,2179,2,8,-1,3,-1
2015132B40424,1,21,1,18,0,1,0,0,0,0,1,1,1,1,36,7,15607,2,2,-1,1,-1
2015132B40460,1,9,0,7,0,5,0,0,0,0,4,1,6,1,58,9,1984,1,3,-1,1,-1
2015132B40460,2,1,0,18,0,1,0,0,0,0,1,1,6,2,26,6,-1,-1,-1,-1,1,-1
2015132B40948,1,11,0,18,0,1,0,0,0,0,1,1,1,1,57,9,9360,2,6,-1,-1,-1
2015132B40948,2,9,0,9,0,6,0,0,0,0,3,1,6,2,45,7,2204,2,10,-1,-1,-1
2015132B41115,1,9,0,9,0,8,0,0,0,0,1,1,6,1,29,6,2143,2,1,-1,1,-1
2015132B41115,2,9,0,18,0,8,0,0,0,0,1,1,6,1,24,5,-1,-1,-1,-1,1,-1
2015132B41155,1,9,0,18,0,8,0,0,0,0,3,1,6,1,58,9,1956,2,-1,-1,1,-1
2015132B41155,2,8,0,5,0,8,0,0,0,0,4,1,1,1,59,9,1995,2,9,-1,-1,-1
2015132B41157,1,9,0,7,0,6,0,0,0,0,1,1,2,1,54,8,1956,2,4,-1,-1,-1
2015132B41157,2,1,0,18,0,8,0,0,0,0,1,1,2,1,40,7,-1,-1,-1,-1,-1,-1
2015132B41445,1,9,0,9,0,8,0,0,0,0,1,1,6,1,23,5,1198,1,8,-1,1,-1