Accident_Index,Vehicle_Reference,Vehicle_Type,Towing_and_Articulation,Vehicle_Manoeuvre,Vehicle_Location-Restricted_Lane,Junction_Location,Skidding_and_Overturning,Hit_Object_in_Carriageway,Vehicle_Leaving_Carriageway,Hit_Object_off_Carriageway,1st_Point_of_Impact,Was_Vehicle_Left_Hand_Drive?,Journey_Purpose_of_Driver,Sex_of_Driver,Age_of_Driver,Age_Band_of_Driver,Engine_Capacity_(CC),Propulsion_Code,Age_of_Vehicle,Driver_IMD_Decile,Driver_Home_Area_Type,Vehicle_IMD_Decile
2015132BS0979,4,9,0,4,0,0,0,0,0,0,2,1,6,2,73,10,998,1,2,-1,1,-1
2015132BS1034,1,9,0,18,0,1,0,0,0,0,1,1,6,1,22,5,1598,1,8,-1,1,-1
2015132BS1034,2,9,0,18,0,6,0,0,0,0,1,1,6,1,50,8,1299,1,13,-1,2,-1
2015132BS1043,1,9,0,9,0,8,0,0,0,0,1,1,6,1,64,9,1398,1,3,-1,1,-1
2015132BS1043,2,9,0,18,0,8,0,0,0,0,1,1,6,2,25,5,1595,1,10,-1,1,-1
2015132BS1064,1,9,0,17,0,0,1,0,1,6,3,1,6,2,23,5,1248,2,6,-1,1,-1
2015132BS1124,1,9,0,9,0,6,0,0,0,0,1,1,6,1,30,6,1396,1,14,-1,1,-1
2015132BS1124,2,19,0,18,0,1,0,0,0,0,1,1,6,1,62,9,1996,2,4,-1,1,-1
2015132BS1185,1,1,0,18,0,8,5,0,0,0,4,1,6,1,27,6,-1,-1,-1,-1,1,-1
2015132BS1185,2,9,0,9,0,8,0,0,0,0,1,1,6,3,-1,-1,-1,-1,-1,-1,-1,-1
2015132BS1390,1,8,0,18,0,5,0,0,0,0,1,1,1,1,-1,-1,-1,-1,-1,-1,-1,-1
2015132BS1483,1,9,0,18,0,0,0,0,0,0,1,1,6,2,46,8,1229,1,2,-1,1,-1
2015132BS1511,1,9,0,18,0,8,0,0,0,0,1,1,6,1,35,6,1242,1,11,-1,1,-1
2015132BS1511,2,9,0,9,0,7,0,0,0,0,1,1,6,1,38,7,1598,1,7,-1,1,-1
2015132BS9864,1,9,0,18,0,6,0,0,0,0,3,1,6,2,40,7,1598,1,2,-1,1,-1
2015132BS9864,2,9,0,18,0,8,0,0,0,0,1,1,6,2,56,9,1197,1,-1,-1,1,-1
2015132BT0220,1,8,0,5,0,0,0,0,0,0,0,1,1,1,49,8,1896,2,7,-1,1,-1
2015132BT0316,1,9,0,18,0,2,1,4,7,1,2,1,6,1,-1,-1,1998,1,16,-1,-1,-1
2015132BT0316,2,9,0,2,0,2,0,0,0,0,1,1,6,3,-1,-1,1896,2,10,-1,-1,-1
2015132BT0323,1,8,0,18,0,0,0,0,0,0,2,1,1,1,-1,-1,1560,2,3,-1,1,-1
2015132BT0323,2,9,0,18,0,0,0,0,0,0,1,1,6,1,-1,-1,1995,2,13,-1,1,-1
2015132BT0423,1,8,0,9,0,8,0,0,0,0,1,1,1,1,30,6,1896,2,8,-1,-1,-1
2015132BT0423,2,9,0,5,0,8,0,0,0,0,1,1,6,1,52,8,2495,2,12,-1,-1,-1
2015132BT0480,1,9,0,18,0,0,0,7,0,1,1,1,6,1,29,6,1995,2,-1,-1,-1,-1
2015132BT0480,2,9,0,18,0,0,0,0,0,0,1,1,6,1,54,8,1968,2,1,-1,-1,-1
2015132BT0547,1,9,0,18,0,0,0,0,1,11,1,1,6,1,21,5,1968,2,8,-1,-1,-1
2015132BT0547,2,9,0,2,0,0,0,0,0,0,2,1,6,1,50,8,1796,1,15,-1,-1,-1
2015132BT0555,1,9,0,9,0,1,0,0,0,0,1,1,6,1,-1,-1,1968,2,5,-1,-1,-1
2015132BT0555,2,9,0,18,0,1,0,0,0,0,3,1,6,2,19,4,1242,1,11,-1,1,-1
2015132BT0564,1,9,0,5,0,1,0,0,0,0,1,1,6,2,53,8,1587,1,10,-1,1,-1
2015132BT0564,2,9,0,18,0,1,0,0,0,0,2,1,6,2,26,6,1368,1,5,-1,1,-1
2015132BT0625,1,9,0,18,0,8,0,0,0,0,1,1,6,1,38,7,1968,2,5,-1,1,-1
2015132BT0625,2,9,0,18,0,8,0,0,0,0,1,1,6,2,50,8,1061,1,12,-1,1,-1
2015132BT0724,1,9,0,16,0,0,5,0,1,11,4,1,6,1,60,9,1796,1,9,-1,-1,-1
2015132BT0731,1,19,0,5,8,0,0,0,0,0,3,1,6,1,35,6,1560,2,3,-1,1,-1
2015132BT0731,2,9,0,18,0,0,0,0,0,0,4,1,1,1,32,6,1686,2,5,-1,1,-1
2015132BT0848,1,9,0,10,0,8,0,0,0,0,3,1,6,2,35,6,1461,2,4,-1,-1,-1
2015132BT0848,2,9,0,18,0,1,0,0,0,0,1,1,6,2,60,9,998,1,3,-1,-1,-1
2015132BT0933,1,9,0,4,0,1,0,0,0,0,1,1,6,1,-1,-1,1198,1,12,-1,1,-1
2015132BT0933,2,9,0,3,0,1,0,0,0,0,2,1,6,2,-1,-1,998,1,2,-1,1,-1
2015132BT1135,1,2,0,18,0,0,0,0,2,0,1,1,6,3,-1,-1,-1,-1,-1,-1,-1,-1
2015132BT1215,1,9,0,18,0,0,0,0,0,0,1,1,6,1,27,6,1596,1,5,-1,1,-1
2015132BT1215,2,9,0,18,0,0,0,0,0,0,2,1,6,2,38,7,2324,1,13,-1,1,-1
2015132BT1346,1,9,0,9,0,8,0,0,0,0,1,1,6,1,68,10,1596,1,5,-1,1,-1
2015132BT1346,2,9,0,18,0,8,1,0,0,0,1,1,6,1,20,4,1242,1,3,-1,1,-1
2015132BT1406,1,5,0,18,0,0,0,0,0,0,0,1,6,1,50,8,600,1,13,-1,1,-1
2015132BT1556,1,9,0,18,0,2,0,0,0,0,1,1,6,1,23,5,1995,2,4,-1,2,-1
2015132BT1556,2,9,0,18,0,2,0,0,0,0,4,1,6,1,69,10,1328,1,5,-1,2,-1
2015132BT1599,1,9,0,18,0,1,1,0,0,0,4,1,6,1,50,8,2148,2,13,-1,1,-1
2015132BT1599,2,9,0,18,0,1,0,0,5,6,4,1,6,1,23,5,1968,2,3,-1,1,-1
2015132BT1789,1,9,0,18,0,8,1,0,2,7,4,1,6,1,26,6,-1,-1,-1,-1,1,-1
2015132BU0182,1,9,0,7,0,6,0,0,0,0,0,1,2,2,43,7,998,1,14,-1,1,-1
2015132BU0182,2,3,0,18,0,8,0,0,0,0,4,1,2,1,59,9,124,1,3,-1,1,-1
2015132BU0184,1,9,0,9,0,8,0,0,0,0,1,1,2,1,25,5,1598,1,14,-1,1,-1
2015132BU0184,2,5,0,18,0,8,5,0,0,0,1,1,2,1,33,6,745,1,1,-1,-1,-1
2015132BU0201,1,21,0,9,0,8,0,0,0,0,4,1,1,1,18,4,12740,2,4,-1,1,-1
2015132BU0201,2,3,0,18,0,1,0,0,0,0,1,1,2,1,43,7,124,1,7,-1,-1,-1
2015132BU0203,1,9,0,9,0,6,0,0,0,0,3,1,6,1,68,10,998,1,2,-1,1,-1
2015132BU0203,2,4,0,14,0,1,0,0,0,0,1,1,6,1,18,4,124,1,21,-1,3,-1
2015132BU0217,1,5,0,14,0,2,1,0,0,0,4,1,1,1,23,5,675,1,3,-1,1,-1
2015132BU0266,1,9,0,18,0,0,0,0,0,0,1,1,3,2,32,6,1388,1,10,-1,-1,-1
2015132BU0358,1,8,0,18,0,8,0,0,0,0,4,1,1,2,61,9,1560,2,4,-1,1,-1
2015132BU0358,2,1,0,18,0,8,0,0,0,0,3,1,4,1,15,3,-1,-1,-1,-1,1,-1
2015132BU0359,1,19,0,18,0,0,0,0,0,0,4,1,6,3,-1,-1,-1,-1,-1,-1,-1,-1
2015132BU0477,1,9,0,12,0,0,1,0,1,10,1,1,6,2,66,10,1796,1,5,-1,1,-1
2015132BU0482,1,9,0,18,0,0,0,0,0,0,1,1,6,1,54,8,998,1,5,-1,-1,-1
2015132BU0582,1,8,0,5,0,0,0,0,0,0,0,1,1,1,55,8,1584,1,8,-1,1,-1
2015132BU0596,1,20,0,3,0,0,1,0,0,0,1,1,1,1,50,8,3920,2,2,-1,1,-1
2015132BU0596,2,9,0,18,0,0,0,0,0,0,2,1,6,2,60,9,1685,2,1,-1,1,-1
2015132BU0732,1,9,0,18,0,0,0,0,0,0,1,1,2,1,34,6,1598,2,1,-1,1,-1
2015132BU0732,2,9,0,18,0,0,0,0,0,0,1,1,1,2,39,7,1598,2,4,-1,3,-1
2015132BU0757,1,10,0,7,0,8,0,0,0,0,1,1,6,3,-1,-1,-1,-1,-1,-1,-1,-1
2015132BU1055,1,5,0,18,0,8,5,0,0,0,1,1,2,1,49,8,1050,1,7,-1,1,-1
2015132BU1055,2,9,0,9,0,8,0,0,0,0,3,1,2,1,30,6,1796,1,14,-1,1,-1
2015132BU1099,1,11,0,4,0,0,0,0,0,0,0,1,1,2,31,6,4760,2,2,-1,1,-1
2015132BU1105,1,9,0,13,0,8,0,0,7,11,1,1,6,1,22,5,1968,2,8,-1,1,-1
2015132BU1105,2,9,0,18,0,8,0,0,0,0,0,1,6,3,-1,-1,-1,-1,-1,-1,-1,-1
2015132BU1207,1,9,0,16,0,1,0,0,0,0,1,1,2,2,22,5,1198,1,11,-1,3,-1
2015132BU1207,2,9,0,3,0,1,0,0,0,0,2,1,6,1,28,6,1390,1,5,-1,1,-1
2015132BU1207,3,9,0,3,0,1,0,0,0,0,2,1,6,2,38,7,1461,2,3,-1,1,-1
2015132BU1305,1,9,0,18,0,0,0,0,0,0,2,1,6,1,31,6,1389,1,12,-1,1,-1
2015132BU1305,2,9,0,11,0,0,1,0,0,0,1,1,1,1,26,6,2000,2,11,-1,3,-1
2015132BU1340,1,8,0,18,0,1,0,0,0,0,4,1,1,1,42,7,1598,2,4,-1,-1,-1
2015132BU1340,2,19,0,9,0,1,0,0,0,0,3,1,1,1,51,8,2287,2,3,-1,1,-1
2015132C10154,1,19,0,12,0,0,5,0,2,7,3,1,1,1,27,6,2198,2,2,-1,-1,-1
2015132C10154,2,9,0,12,0,0,1,0,0,0,4,1,2,2,24,5,1229,1,1,-1,1,-1
2015132C10154,3,19,0,18,0,0,0,0,0,0,4,1,1,1,26,6,2198,2,2,-1,2,-1
2015132C10186,1,9,0,18,0,4,0,0,0,0,3,1,2,1,26,6,1995,2,2,-1,1,-1
2015132C10186,2,9,0,9,0,8,1,0,0,0,1,1,2,1,17,4,-1,-1,-1,-1,3,-1
2015132C10189,1,9,0,1,0,0,0,0,0,0,2,1,2,1,34,6,1995,2,3,-1,3,-1
2015132C10221,1,9,0,18,0,0,0,0,0,0,1,1,6,1,18,4,1124,1,16,-1,3,-1
2015132C10469,1,9,0,18,0,1,0,0,0,0,1,1,6,1,26,6,1149,1,5,-1,3,-1
2015132C10469,2,9,0,18,0,1,0,0,0,0,1,1,6,2,81,11,1390,1,7,-1,-1,-1
2015132C10469,3,9,0,10,0,1,0,0,0,0,1,1,6,1,84,11,1796,1,11,-1,3,-1
2015132C10681,1,9,0,13,0,0,1,0,1,4,4,1,6,2,38,7,1298,1,13,-1,1,-1
2015132C10681,2,21,0,18,0,0,0,0,0,0,1,1,1,1,52,8,11946,2,6,-1,1,-1
2015132C10700,1,19,0,5,0,1,0,0,0,0,2,1,6,1,40,7,2143,2,5,-1,1,-1
2015132C10700,2,9,0,18,0,1,0,0,0,0,1,1,6,2,-1,-1,1248,2,7,-1,1,-1
2015132C10746,1,19,0,5,0,4,0,0,0,0,1,1,1,1,24,5,2143,2,5,-1,1,-1
2015132C10746,2,9,0,18,0,8,0,0,0,0,2,1,2,1,43,7,-1,-1,-1,-1,1,-1
2015132C10988,1,9,0,18,0,0,0,0,0,0,4,1,6,2,20,4,995,1,3,-1,1,-1
2015132C11010,1,9,0,18,0,8,0,0,0,0,4,1,6,2,-1,-1,1299,1,10,-1,1,-1
2015132C11010,2,11,0,18,0,8,0,0,0,0,1,1,1,1,17,4,7300,2,6,-1,-1,-1
2015132C11023,1,1,0,18,0,1,0,0,0,0,1,1,6,1,12,3,-1,-1,-1,-1,1,-1
2015132C11023,2,9,0,7,0,1,0,0,0,0,3,1,1,1,51,8,1497,8,7,-1,1,-1
2015132C11188,1,9,0,13,0,0,0,0,0,0,4,1,6,3,-1,-1,-1,-1,-1,-1,-1,-1
2015132C11188,2,1,0,18,0,0,0,0,0,0,3,1,6,1,52,8,-1,-1,-1,-1,1,-1
2015132C11285,1,10,0,18,0,6,0,0,3,0,4,1,6,1,59,9,-1,-1,-1,-1,-1,-1
2015132C11285,2,9,0,12,0,6,0,7,0,0,1,1,6,2,21,5,1242,1,11,-1,-1,-1
2015132C11285,3,9,0,2,9,2,0,0,0,0,2,1,6,3,-1,-1,2967,2,1,-1,-1,-1
2015132C11317,1,9,0,11,2,0,0,0,0,0,4,1,6,2,-1,-1,1968,2,1,-1,1,-1
2015132C11317,2,11,0,18,2,0,0,0,0,0,3,1,1,1,59,9,7300,2,10,-1,1,-1
2015132C11484,1,19,0,18,0,1,0,0,0,0,1,1,6,1,62,9,2402,2,12,-1,1,-1
2015132C11484,2,9,0,3,0,1,0,0,0,0,2,1,6,2,22,5,1560,2,-1,-1,1,-1
2015132C11484,3,9,0,3,0,1,0,0,0,0,2,1,6,2,45,7,1198,1,4,-1,1,-1
2015132C11484,4,9,0,10,0,1,0,0,0,0,2,1,6,2,58,9,998,1,1,-1,1,-1
2015132C11522,1,9,0,18,0,3,0,0,0,0,4,1,2,2,32,6,1587,1,8,-1,1,-1
2015132C11522,2,21,1,18,0,3,0,0,0,0,3,1,1,1,35,6,-1,-1,-1,-1,3,-1
2015132C20084,1,8,0,18,0,8,0,0,0,0,4,1,6,1,23,5,1968,2,5,-1,1,-1
2015132C20084,2,9,0,18,0,8,0,0,0,0,1,1,1,3,-1,-1,998,1,16,-1,-1,-1
2015132C20198,1,9,0,18,0,2,1,0,7,0,1,1,6,3,-1,-1,1149,1,14,-1,-1,-1
2015132C20198,2,9,0,18,0,8,0,0,0,0,1,1,6,1,64,9,1796,1,16,-1,3,-1
2015132C20227,1,9,0,7,0,6,0,0,0,0,1,1,6,1,37,7,1984,1,9,-1,1,-1
2015132C20227,2,1,0,18,0,8,0,0,0,0,4,1,6,1,26,6,-1,-1,-1,-1,1,-1
2015132C20318,1,9,0,18,0,0,0,0,0,0,4,1,2,2,45,7,2143,2,-1,-1,3,-1
2015132C20757,1,9,0,3,0,1,0,0,0,0,0,1,6,2,32,6,1896,2,6,-1,-1,-1
2015132C20757,2,9,0,3,0,1,0,0,0,0,2,1,6,1,59,9,-1,-1,-1,-1,-1,-1
2015132C20757,3,9,0,18,0,1,1,0,0,0,1,1,6,1,29,6,1390,1,8,-1,-1,-1
2015132C20830,1,9,0,18,0,0,0,0,0,0,3,1,6,2,20,4,1595,1,7,-1,1,-1
2015132C20830,2,9,0,18,0,0,0,0,0,0,3,1,6,2,33,6,1364,2,-1,-1,1,-1
2015132C20918,1,9,0,4,0,1,0,0,0,0,1,1,6,1,-1,-1,1596,1,10,-1,1,-1
2015132C20918,2,9,0,3,0,2,0,0,0,0,2,1,6,2,54,8,1998,1,14,-1,1,-1
2015132C20963,1,9,0,18,0,0,0,0,0,0,1,1,6,3,-1,-1,1998,2,12,-1,-1,-1
2015132C20963,2,9,0,18,0,0,0,0,0,0,2,1,2,2,36,7,1598,2,3,-1,3,-1
2015132C21000,1,9,0,18,0,0,0,0,0,0,4,1,6,2,62,9,1242,1,6,-1,3,-1
2015132C21071,1,9,0,18,0,8,0,0,0,0,1,1,6,2,29,6,1360,1,10,-1,1,-1
2015132C21071,2,9,0,5,0,8,0,0,0,0,1,1,6,1,28,6,1248,2,9,-1,1,-1
2015132C21080,1,9,0,18,0,0,0,0,0,0,1,1,6,2,-1,-1,1560,2,4,-1,-1,-1
2015132C21207,1,9,0,18,0,0,0,0,0,0,1,1,6,1,59,9,1364,1,1,-1,2,-1
2015132C21207,2,9,0,18,0,0,5,0,0,11,1,1,6,2,70,10,1198,1,3,-1,1,-1
2015132C21300,1,9,0,7,0,8,0,0,0,0,1,1,6,3,-1,-1,1199,1,12,-1,-1,-1
2015132C21300,2,9,0,3,0,2,0,0,0,0,1,1,6,1,47,8,1998,2,10,-1,1,-1
2015132C21300,3,9,0,3,0,2,0,0,0,0,3,1,6,1,52,8,-1,-1,-1,-1,1,-1
2015132C21914,1,9,0,18,0,8,0,0,0,0,4,2,6,3,-1,-1,-1,-1,-1,-1,-1,-1
2015132C30152,1,9,0,4,0,0,1,0,0,0,1,1,2,1,21,5,-1,-1,-1,-1,1,-1
2015132C30152,2,9,0,3,0,0,0,0,0,0,2,1,2,1,32,6,1870,2,10,-1,1,-1
2015132C30219,1,4,0,16,0,0,0,0,0,0,3,1,2,1,57,9,645,1,44,-1,1,-1
2015132C30219,2,9,0,16,0,0,0,0,0,0,4,1,2,1,40,7,1994,2,12,-1,1,-1
2015132C30308,1,9,0,18,0,8,0,0,0,0,1,1,6,2,22,5,1360,1,11,-1,1,-1
2015132C30308,2,19,0,18,0,8,0,0,0,0,3,1,1,1,48,8,1996,2,2,-1,3,-1
2015132C30311,1,9,0,18,0,0,0,0,0,0,4,1,6,2,41,7,1390,1,13,-1,1,-1
2015132C30590,1,11,0,4,0,0,0,0,0,0,0,1,1,1,45,7,9360,2,3,-1,1,-1
2015132C30765,1,9,0,4,0,0,0,0,0,0,2,1,6,1,37,7,3189,1,7,-1,1,-1
2015132C30765,2,9,0,4,0,0,0,0,0,0,1,1,6,1,23,5,1995,2,8,-1,1,-1
2015132C31180,1,9,0,9,0,2,0,0,0,0,1,1,2,2,71,10,2720,2,10,-1,1,-1
2015132C31180,2,97,0,18,0,1,0,0,0,0,1,1,6,1,15,3,-1,-1,-1,-1,1,-1
2015132C31216,1,9,0,18,0,0,0,0,0,0,1,1,6,3,-1,-1,-1,-1,-1,-1,-1,-1
2015132C31238,1,2,0,18,0,1,1,0,0,0,1,1,6,1,-1,-1,124,1,-1,-1,-1,-1
2015132C31250,1,9,0,4,0,0,0,0,0,0,1,1,1,2,25,5,1242,1,6,-1,-1,-1
2015132C31250,2,20,0,4,0,0,0,0,0,0,2,1,1,1,57,9,3920,2,5,-1,-1,-1
2015132C31277,1,9,0,18,0,8,0,0,0,0,1,1,2,2,24,5,1984,1,7,-1,-1,-1
2015132C31277,2,9,0,10,0,2,0,0,0,0,2,1,6,1,54,8,1997,2,10,-1,-1,-1
2015132C31277,3,9,0,10,0,2,0,0,0,0,2,1,2,2,45,7,998,1,-1,-1,-1,-1
2015132C31320,1,9,0,6,0,0,0,0,0,0,3,1,6,1,23,5,1753,2,8,-1,1,-1
2015132C31320,2,9,0,18,0,0,1,0,0,0,1,1,6,1,30,6,998,1,14,-1,1,-1
2015132C31328,1,9,0,9,0,0,0,0,0,0,3,1,6,1,21,5,1598,1,10,-1,1,-1
2015132C31328,2,3,0,18,0,0,0,0,0,0,1,1,6,1,41,7,124,1,3,-1,1,-1
2015132C31335,1,9,0,18,0,0,0,0,0,0,3,1,6,1,48,8,1910,2,8,-1,1,-1
2015132C31335,2,21,1,18,0,0,0,0,0,0,4,1,1,1,44,7,12419,2,-1,-1,1,-1
2015132C31335,3,9,0,18,0,0,0,0,0,0,2,1,6,1,29,6,1956,2,5,-1,2,-1
2015132C31335,4,9,0,18,0,0,0,0,0,0,1,1,1,1,33,6,1390,1,12,-1,1,-1
2015132C31377,1,9,0,18,0,0,0,0,0,0,1,1,6,1,23,5,1248,2,7,-1,1,-1
2015132C31377,2,9,0,18,0,0,0,0,0,0,4,1,6,1,-1,-1,2400,2,8,-1,1,-1
2015132C31377,3,9,0,15,0,0,0,0,0,0,0,1,6,3,-1,-1,-1,-1,-1,-1,-1,-1
2015132C31378,1,9,0,9,0,5,0,0,0,0,1,1,6,2,22,5,1968,2,5,-1,2,-1
2015132C31384,1,9,0,18,0,0,1,0,7,0,4,1,6,1,-1,-1,1870,2,15,-1,-1,-1
2015132C31384,2,9,0,18,0,0,0,0,0,0,1,1,1,2,33,6,1598,1,13,-1,1,-1
2015132C40221,1,9,0,18,0,8,0,0,0,0,1,1,6,1,75,10,1596,1,5,-1,-1,-1
2015132C40221,2,9,0,9,0,8,0,0,0,0,1,1,1,1,55,8,1396,1,5,-1,-1,-1
2015132C40266,1,19,0,4,0,0,0,0,0,0,1,1,6,1,-1,-1,1560,2,7,-1,1,-1
2015132C40266,2,9,0,3,0,0,0,0,0,0,2,1,6,2,41,7,998,1,3,-1,1,-1
2015132C40377,1,9,0,1,0,0,0,0,0,0,2,1,6,1,37,7,1798,1,11,-1,-1,-1
2015132C40382,1,9,0,18,0,0,0,0,0,0,2,1,6,2,43,7,1390,1,8,-1,-1,-1
2015132C40382,2,9,0,18,0,0,1,0,0,0,1,1,6,1,28,6,1398,1,1,-1,-1,-1
2015132C40382,3,9,0,18,0,0,1,0,0,0,1,1,6,1,43,7,-1,-1,-1,-1,-1,-1
2015132C40514,1,8,0,9,0,8,0,0,0,0,3,1,1,1,41,7,2402,2,11,-1,1,-1
2015132C40514,2,9,0,9,0,8,0,0,0,0,2,1,6,2,32,6,1399,2,12,-1,1,-1
2015132C40605,1,9,0,1,9,0,0,0,0,0,4,1,6,1,53,8,1896,2,10,-1,1,-1
2015132C40647,1,9,0,18,0,8,0,0,0,0,2,1,6,1,24,5,1896,2,13,-1,1,-1
2015132C40802,1,1,0,18,0,0,5,0,1,0,1,1,6,1,63,9,-1,-1,-1,-1,1,-1
2015132C40802,2,9,0,13,0,0,0,0,0,0,1,1,2,1,26,6,1596,1,13,-1,1,-1
2015132C40837,1,19,0,18,0,8,0,0,0,0,1,1,2,1,25,5,2198,2,7,-1,-1,-1
2015132C40837,2,9,0,9,0,8,0,0,0,0,3,1,1,2,30,6,1998,2,9,-1,-1,-1
2015132C40940,1,9,0,5,0,8,0,0,0,0,3,1,1,1,28,6,-1,-1,-1,-1,1,-1
2015132C40940,2,9,0,9,0,8,0,0,0,0,4,1,6,2,33,6,1339,1,12,-1,1,-1
2015132C40998,1,9,0,18,0,0,0,0,0,0,4,1,6,2,49,8,898,1,1,-1,2,-1
2015132C41015,1,9,0,18,0,0,0,0,0,0,2,1,2,1,37,7,1298,1,15,-1,1,-1
2015132C41015,2,9,0,18,0,0,0,0,0,0,1,1,2,2,22,5,1995,2,4,-1,1,-1
2015132C41123,1,9,0,18,0,0,0,0,0,0,3,1,6,2,30,6,1968,2,8,-1,1,-1
2015132C41123,2,9,0,18,0,0,0,0,0,0,3,1,6,3,-1,-1,1968,2,4,-1,-1,-1
2015132C41132,1,11,0,18,0,1,0,0,0,0,1,1,1,1,48,8,9360,2,6,-1,1,-1
2015132C41178,1,9,0,9,0,6,0,0,0,0,1,1,6,2,66,10,1388,1,4,-1,1,-1
2015132C41178,2,9,0,18,0,1,0,0,0,0,4,1,6,1,44,7,1388,1,4,-1,1,-1
2015132C41217,1,21,1,12,0,8,0,0,0,0,3,1,1,1,52,8,12777,2,2,-1,1,-1
2015132C41217,2,9,0,12,0,8,0,0,0,0,0,1,2,2,26,6,1199,2,2,-1,1,-1
2015132C41217,3,9,0,18,0,8,0,0,5,7,4,1,2,1,57,9,1149,1,14,-1,2,-1
2015132C41302,1,9,0,18,0,8,0,0,0,0,1,1,6,1,33,6,1968,2,7,-1,-1,-1
2015132C41302,2,9,0,5,0,6,0,0,0,0,1,1,6,2,37,7,1364,2,5,-1,1,-1
2015132C41528,1,1,0,18,0,1,0,0,0,0,1,1,6,1,23,5,-1,-1,-1,-1,-1,-1
2015132C41528,2,8,0,7,0,1,0,0,0,0,4,1,1,1,43,7,1497,8,7,-1,1,-1
2015132C41715,1,3,0,18,0,8,0,0,0,0,4,1,6,1,19,4,124,1,2,-1,1,-1
2015132C41715,2,9,0,18,0,6,0,0,0,0,1,1,6,1,73,10,1396,1,14,-1,1,-1
2015132C50066,1,3,0,18,0,0,0,0,0,0,1,1,6,1,20,4,124,1,-1,-1,1,-1
2015132C50066,2,9,0,2,0,0,0,0,0,0,3,1,6,1,-1,-1,1591,1,-1,-1,1,-1
2015132C50066,3,9,0,2,0,0,0,0,0,0,3,1,6,1,-1,-1,1598,1,3,-1,1,-1
2015132C50182,1,8,0,5,0,2,0,0,0,0,2,1,1,1,54,8,-1,-1,-1,-1,1,-1
2015132C50182,2,9,0,18,0,2,1,0,7,1,1,1,6,1,-1,-1,1364,1,10,-1,-1,-1
2015132C50271,1,19,0,18,0,0,1,0,7,4,4,1,6,1,29,6,2143,2,-1,-1,1,-1
2015132C50595,1,8,0,9,0,1,0,0,0,0,4,1,1,3,-1,-1,-1,-1,-1,-1,-1,-1
2015132C50595,2,1,0,9,0,1,0,0,0,0,3,1,6,1,26,6,-1,-1,-1,-1,1,-1
2015132C50683,1,9,0,9,0,8,0,0,0,0,1,1,6,2,30,6,1799,1,9,-1,-1,-1
2015132C50683,2,9,0,14,0,8,0,0,0,0,1,1,6,2,30,6,1296,1,7,-1,-1,-1
2015132C50690,1,9,0,10,0,6,0,0,0,0,3,1,6,1,22,5,1390,1,17,-1,1,-1
2015132C50690,2,9,0,18,0,1,0,0,7,11,3,1,1,1,26,6,-1,-1,-1,-1,1,-1
2015132C50760,1,9,0,9,0,0,0,0,0,0,1,1,6,1,20,4,1299,1,11,-1,1,-1
2015132C50760,2,9,0,15,0,0,0,0,0,0,1,1,6,2,37,7,1598,2,2,-1,-1,-1
2015132C50809,1,9,0,11,0,0,0,0,0,0,1,1,6,1,45,7,1781,1,11,-1,1,-1
2015132C50809,2,9,0,3,0,0,0,0,0,0,2,1,6,1,49,8,1461,2,4,-1,1,-1
2015132C50809,3,19,0,3,0,0,0,0,0,0,2,1,1,1,35,6,2143,2,2,-1,1,-1
2015132C51096,1,9,0,18,0,8,0,0,0,0,3,1,6,3,-1,-1,1840,1,16,-1,-1,-1
2015132C51096,2,9,0,18,0,8,0,0,0,0,1,1,6,1,25,5,1199,1,13,-1,1,-1
2015132C51146,1,9,0,18,0,2,0,0,0,0,3,1,6,2,62,9,1998,1,-1,-1,2,-1
2015132C51245,1,9,0,9,0,1,0,0,0,0,1,1,6,1,47,8,1794,1,14,-1,1,-1
2015132C51245,2,3,0,18,0,1,5,0,0,0,1,1,6,1,19,4,113,1,-1,-1,1,-1
2015132C51261,1,9,0,18,0,0,2,0,7,11,1,1,6,1,20,4,1368,1,-1,-1,1,-1
2015132C51300,1,9,0,9,0,8,0,0,0,0,4,1,6,2,22,5,998,1,-1,-1,1,-1
2015132C51300,2,1,0,18,4,1,0,0,0,0,1,1,6,2,23,5,-1,-1,-1,-1,1,-1
2015132C51309,1,9,0,18,0,8,0,0,0,0,1,1,1,1,64,9,1896,2,8,-1,2,-1
2015132C51527,1,9,0,18,0,0,0,0,0,0,1,1,6,1,30,6,4163,1,2,-1,1,-1
2015132C51527,2,9,0,18,0,0,0,0,0,0,2,1,6,2,25,5,1229,1,-1,-1,1,-1
2015132C51527,3,9,0,18,0,0,0,0,0,0,1,1,6,1,24,5,-1,-1,-1,-1,1,-1
2015132C51870,1,9,0,18,0,0,0,0,0,0,3,1,6,3,-1,-1,-1,-1,-1,-1,-1,-1
2015132C60006,1,8,0,18,0,0,0,0,0,0,4,1,1,1,43,7,1398,2,11,-1,1,-1
2015132C60006,2,9,0,2,0,0,0,0,0,0,3,1,6,3,-1,-1,1497,8,-1,-1,-1,-1
2015132C60527,1,9,0,18,0,2,0,10,1,2,1,1,6,1,61,9,1198,1,2,-1,-1,-1
2015132C60527,2,9,0,18,0,1,1,10,1,0,1,1,6,1,23,5,1299,1,10,-1,-1,-1
2015132C60906,1,8,0,18,0,0,0,0,0,0,1,1,1,1,43,7,1968,2,5,-1,-1,-1
2015132C60988,1,9,0,18,0,0,0,0,0,0,4,2,6,1,-1,-1,-1,-1,-1,-1,-1,-1
2015132C60988,2,16,0,18,0,0,0,0,0,0,3,1,6,2,40,7,-1,-1,-1,-1,3,-1
2015132C61084,1,11,0,18,3,0,0,0,0,0,1,1,1,1,47,8,7300,2,11,-1,1,-1
2015132C61101,1,9,0,17,0,0,2,0,1,1,1,1,6,2,27,6,1798,1,8,-1,1,-1