Accident_Index,Vehicle_Reference,Vehicle_Type,Towing_and_Articulation,Vehicle_Manoeuvre,Vehicle_Location-Restricted_Lane,Junction_Location,Skidding_and_Overturning,Hit_Object_in_Carriageway,Vehicle_Leaving_Carriageway,Hit_Object_off_Carriageway,1st_Point_of_Impact,Was_Vehicle_Left_Hand_Drive?,Journey_Purpose_of_Driver,Sex_of_Driver,Age_of_Driver,Age_Band_of_Driver,Engine_Capacity_(CC),Propulsion_Code,Age_of_Vehicle,Driver_IMD_Decile,Driver_Home_Area_Type,Vehicle_IMD_Decile
201514A166315,2,9,0,18,0,8,5,0,7,0,1,1,6,1,65,9,1582,2,3,-1,2,-1
201514A166415,1,9,0,18,0,1,0,0,0,0,1,1,1,1,22,5,-1,-1,-1,-1,1,-1
201514A166915,1,1,0,18,0,8,0,0,0,0,4,1,6,1,31,6,-1,-1,-1,-1,1,-1
201514A166915,2,9,0,5,0,4,0,0,0,0,1,1,6,3,-1,-1,-1,-1,-1,-1,-1,-1
201514A167115,1,9,0,18,0,1,0,0,0,0,1,1,2,2,23,5,1390,1,10,-1,2,-1
201514A167115,2,9,0,9,0,5,0,0,0,0,1,1,1,1,62,9,-1,-1,-1,-1,1,-1
201514A167315,1,9,0,1,9,0,0,0,0,0,2,1,6,2,91,11,1329,1,5,-1,1,-1
201514A167515,1,11,0,18,0,0,0,0,0,0,1,1,1,1,32,6,9360,2,7,-1,1,-1
201514A167515,2,9,0,4,0,0,0,0,0,0,2,1,6,2,21,5,1299,1,11,-1,1,-1
201514A167615,1,9,0,3,0,1,0,0,0,0,2,1,2,1,47,8,1956,2,4,-1,1,-1
201514A167615,2,9,0,18,0,1,1,0,0,0,1,1,2,2,19,4,-1,-1,-1,-1,2,-1
201514A167815,1,19,0,13,0,2,0,0,0,0,2,1,6,1,53,8,2143,2,1,-1,1,-1
201514A167815,2,1,0,5,0,2,0,0,0,0,1,1,6,2,20,4,-1,-1,-1,-1,1,-1
201514A168215,1,9,0,3,0,0,0,0,0,0,2,1,2,1,18,4,2000,2,9,-1,2,-1
201514A168215,2,4,0,3,0,0,0,0,0,0,2,1,2,1,23,5,-1,-1,-1,-1,1,-1
201514A168215,3,9,0,4,0,0,0,0,0,0,1,1,2,1,21,5,1198,1,4,-1,1,-1
201514A168515,1,9,0,8,0,8,0,0,0,0,1,1,6,1,20,4,1598,1,11,-1,1,-1
201514A168515,2,9,0,18,0,3,0,0,1,10,4,1,6,1,36,7,-1,-1,-1,-1,1,-1
201514A168515,3,9,0,2,0,2,0,0,0,0,1,1,6,3,-1,-1,1582,2,2,-1,-1,-1
201514A168515,4,9,0,2,0,2,0,0,0,0,4,1,6,3,-1,-1,1198,1,6,-1,-1,-1
201514A168515,5,9,0,2,0,2,0,0,0,0,3,1,6,3,-1,-1,1998,2,-1,-1,-1,-1
201514A168515,6,9,0,2,0,2,0,0,0,0,3,1,6,3,-1,-1,1995,2,4,-1,-1,-1
201514A168615,1,9,0,3,0,0,0,0,0,0,1,1,6,1,39,7,-1,-1,-1,-1,2,-1
201514A168615,2,9,0,3,0,0,0,0,0,0,2,1,6,1,56,9,1968,2,2,-1,1,-1
201514A168715,1,9,0,9,0,6,0,0,0,0,3,1,6,2,19,4,1598,2,3,-1,1,-1
201514A168715,2,9,0,18,0,8,0,0,0,0,1,1,1,1,35,6,1896,2,10,-1,1,-1
201514A168815,1,9,0,3,0,1,0,0,0,0,2,1,6,2,43,7,1108,1,7,-1,1,-1
201514A168815,2,9,0,18,0,1,0,0,0,0,1,1,2,2,20,4,1229,1,-1,-1,3,-1
201514A169015,1,9,0,18,0,0,0,0,0,0,4,1,1,1,-1,-1,-1,-1,-1,-1,1,-1
201514A169215,1,9,0,9,0,8,0,0,0,0,3,1,6,2,20,4,1149,1,12,-1,1,-1
201514A169215,2,9,0,18,0,8,0,0,0,0,1,1,6,2,30,6,1753,2,9,-1,1,-1
201514A169315,1,8,0,1,0,0,0,0,0,0,2,1,1,1,33,6,1968,2,5,-1,1,-1
201514A169515,1,21,0,18,0,0,0,0,0,0,1,1,1,1,62,9,11967,2,5,-1,1,-1
201514A169515,2,1,0,18,0,0,0,0,0,0,2,1,6,1,66,10,-1,-1,-1,-1,2,-1
201514A169615,1,9,0,18,0,0,0,0,0,0,1,1,6,3,-1,-1,-1,-1,-1,-1,3,-1
201514A169715,1,21,0,18,0,0,1,0,5,6,1,1,1,1,38,7,-1,-1,-1,-1,1,-1
201514A169815,1,9,0,18,0,1,0,0,0,0,1,1,2,1,27,6,1299,1,14,-1,1,-1
201514A169815,2,9,0,9,0,6,0,0,0,0,3,1,6,1,54,8,1798,1,6,-1,1,-1
201514A170415,1,9,0,18,0,1,0,0,0,0,1,1,6,2,18,4,1360,1,13,-1,1,-1
201514A170415,2,9,0,9,0,1,0,0,0,0,3,1,6,2,39,7,1798,1,11,-1,1,-1
201514A170715,1,9,0,18,0,0,1,0,0,0,1,1,6,1,53,8,2967,2,6,-1,1,-1
201514A170715,2,21,0,3,0,0,0,0,0,0,2,1,1,1,32,6,-1,-1,-1,-1,1,-1
201514A170715,3,9,0,18,0,0,0,0,1,7,1,1,6,2,19,4,1242,1,-1,-1,1,-1
201514A170715,4,9,0,18,0,0,1,0,5,6,1,1,6,2,50,8,1560,2,1,-1,3,-1
201514A170915,1,9,0,4,0,0,0,0,0,0,2,1,6,1,47,8,1395,1,-1,-1,3,-1
201514A170915,2,9,0,18,0,0,0,0,0,0,1,1,6,1,49,8,1328,1,11,-1,3,-1
201514A171315,1,9,0,3,0,0,0,0,0,0,2,1,1,1,64,9,1560,2,9,-1,1,-1
201514A171315,2,19,0,18,0,0,0,0,0,0,1,1,1,1,41,7,12740,2,2,-1,2,-1
201514A171315,3,9,0,3,0,0,0,0,0,0,2,1,1,3,-1,-1,1318,1,-1,-1,-1,-1
201514A171715,1,9,0,18,0,0,0,0,0,0,2,1,6,1,26,6,1242,1,11,-1,1,-1
201514A171715,2,9,0,18,0,0,0,0,0,0,1,1,6,1,53,8,1997,2,-1,-1,1,-1
201514A171815,1,1,0,3,0,1,0,0,0,0,3,1,6,2,28,6,-1,-1,-1,-1,1,-1
201514A171815,2,9,0,1,0,1,0,0,0,0,2,1,6,1,39,7,1686,2,11,-1,1,-1
201514A172015,1,9,0,5,0,4,0,0,0,0,2,1,6,1,26,6,1995,2,10,-1,1,-1
201514A172015,2,9,0,18,0,1,0,0,0,0,1,1,6,2,-1,-1,1360,1,12,-1,1,-1
201514A172015,3,9,0,18,0,1,0,0,0,0,1,1,6,2,-1,-1,1248,2,10,-1,2,-1
201514A172215,1,9,0,9,0,3,0,0,0,0,2,1,2,2,51,8,1242,1,11,-1,1,-1
201514A172215,2,9,0,18,0,1,0,0,0,0,1,1,2,2,31,6,1998,2,11,-1,1,-1
201514A172315,1,9,0,18,0,5,0,0,0,0,4,1,6,1,44,7,1997,2,-1,-1,1,-1
201514A172315,2,9,0,5,0,4,0,0,0,0,4,1,2,2,54,8,1198,1,4,-1,1,-1
201514A172515,1,9,0,9,0,6,0,0,0,0,3,1,6,1,29,6,1149,1,11,-1,1,-1
201514A172515,2,3,0,18,0,1,0,0,0,0,1,1,6,1,32,6,125,1,5,-1,1,-1
201514A172615,1,21,0,12,0,0,0,0,0,0,3,1,1,1,38,7,-1,-1,-1,-1,-1,-1
201514A172615,2,9,0,18,0,0,0,0,0,0,4,1,6,1,69,10,1997,1,9,-1,1,-1
201514A172715,1,9,0,16,0,0,0,4,7,5,3,1,6,1,21,5,1299,1,12,-1,1,-1
201514A172715,2,19,0,2,0,0,0,0,0,0,3,1,6,1,-1,-1,2198,2,7,-1,1,-1
201514A172815,1,9,0,17,0,1,1,0,1,2,1,1,6,1,27,6,1988,1,12,-1,1,-1
201514A172915,1,9,0,18,0,0,0,0,0,0,1,1,1,1,42,7,-1,-1,-1,-1,1,-1
201514A173115,1,9,0,9,0,2,0,0,0,0,3,1,1,2,69,10,1242,1,6,-1,1,-1
201514A173115,2,9,0,18,0,1,0,0,0,0,1,1,6,1,56,9,1596,1,8,-1,1,-1
201514A173215,1,9,0,3,0,1,0,0,0,0,2,1,1,2,34,6,1560,2,5,-1,3,-1
201514A173215,2,9,0,18,0,1,0,0,0,0,1,1,6,2,48,8,2893,1,5,-1,1,-1
201514A173315,1,9,0,18,0,2,0,0,0,0,1,1,6,1,24,5,1968,2,4,-1,1,-1
201514A173315,2,9,0,4,0,2,0,0,0,0,0,1,6,1,35,6,1796,1,8,-1,1,-1
201514A174215,1,9,0,9,0,6,0,0,0,0,1,1,6,3,-1,-1,-1,-1,-1,-1,1,-1
201514A174315,1,9,0,18,0,6,0,0,0,0,1,1,6,1,33,6,1995,2,11,-1,1,-1
201514A174315,2,9,0,18,0,1,0,0,0,0,1,1,6,1,21,5,1905,2,17,-1,1,-1
201514A174515,1,9,0,18,0,1,0,0,0,0,1,1,1,2,62,9,1984,1,11,-1,1,-1
201514A174515,2,9,0,9,0,1,0,0,0,0,1,1,6,1,35,6,1910,2,9,-1,1,-1
201514A174915,1,9,0,16,0,0,2,0,7,9,1,1,2,1,25,5,1910,2,10,-1,1,-1
201514A175015,1,9,0,10,0,5,0,0,0,0,1,1,1,1,34,6,-1,-1,-1,-1,1,-1
201514A175015,2,9,0,18,0,8,0,0,0,0,1,1,1,1,31,6,1910,2,8,-1,1,-1
201514A175015,3,9,0,8,0,1,0,0,0,0,1,1,6,2,24,5,1587,1,11,-1,1,-1
201514A175515,1,9,0,16,0,0,0,0,7,1,1,1,2,1,46,8,1999,1,13,-1,2,-1
201514A175715,1,9,0,9,0,3,0,0,7,1,1,1,2,1,43,7,1598,1,7,-1,1,-1
201514A175715,2,9,0,18,0,4,0,0,0,0,3,1,2,1,37,7,1560,2,4,-1,-1,-1
201514A175915,1,9,0,18,0,0,0,10,0,0,1,1,6,3,-1,-1,-1,-1,-1,-1,1,-1
201514A176015,1,9,0,18,0,3,0,10,7,2,4,1,6,3,-1,-1,1124,1,15,-1,1,-1
201514A176215,1,9,0,5,0,8,0,0,0,0,1,1,3,2,45,7,-1,-1,-1,-1,1,-1
201514A176215,2,11,0,18,0,8,0,0,0,0,1,1,1,1,57,9,8268,2,14,-1,1,-1
201514A176315,1,9,0,14,0,0,0,0,0,0,1,1,6,1,83,11,1998,1,10,-1,3,-1
201514A176315,2,9,0,2,9,0,0,0,0,0,2,1,6,1,45,7,2179,2,2,-1,2,-1
201514A176415,1,9,0,18,0,8,0,0,0,0,3,1,6,1,42,7,2967,2,5,-1,1,-1
201514A176415,2,9,0,5,0,8,0,0,0,0,1,1,2,2,29,6,998,1,10,-1,1,-1
201514A176515,1,9,0,18,0,0,0,0,0,0,1,1,6,2,21,5,1242,1,1,-1,2,-1
201514A176515,2,9,0,5,0,0,0,0,0,0,2,1,6,2,64,9,1598,2,5,-1,1,-1
201514A176615,1,9,0,18,0,1,0,0,0,0,1,1,6,2,30,6,1391,1,15,-1,1,-1
201514A176615,2,9,0,4,0,1,1,0,0,0,1,1,6,1,18,4,1388,1,12,-1,1,-1
201514A176615,3,9,0,4,0,1,0,0,0,0,1,1,6,1,39,7,-1,-1,-1,-1,-1,-1
201514A177215,1,9,0,18,0,0,0,0,0,0,1,1,6,3,-1,-1,-1,-1,-1,-1,1,-1
201514A177415,1,9,0,3,0,8,0,0,0,0,2,1,6,2,39,7,1598,1,15,-1,1,-1
201514A177415,2,9,0,4,0,8,0,0,0,0,1,1,6,2,24,5,1560,2,11,-1,2,-1
201514A177615,1,9,0,18,0,1,0,0,0,0,1,1,2,1,55,8,2000,1,11,-1,1,-1
201514A177815,1,9,0,18,0,1,0,0,0,0,1,1,6,1,28,6,1242,1,9,-1,2,-1
201514A177815,2,9,0,9,0,6,0,0,0,0,1,1,6,1,24,5,1364,1,4,-1,1,-1
201514A177815,3,9,0,18,0,1,0,0,0,0,1,1,6,3,-1,-1,-1,-1,-1,-1,-1,-1
201514A178015,1,9,0,18,0,0,1,0,4,2,1,1,2,1,28,6,1560,2,1,-1,1,-1
201514A178215,1,9,0,5,0,6,0,0,0,0,1,1,6,1,18,4,1390,1,6,-1,1,-1
201514A178215,2,9,0,18,0,1,0,0,0,0,1,1,6,2,42,7,1956,2,3,-1,1,-1
201514A178315,1,9,0,18,0,2,0,0,0,0,1,1,6,2,31,6,1490,1,7,-1,1,-1
201514A178415,1,9,0,18,0,0,0,0,0,0,1,1,6,3,-1,-1,-1,-1,-1,-1,-1,-1
201514A178515,1,9,0,18,0,2,0,10,3,10,1,1,6,1,22,5,1896,2,9,-1,1,-1
201514A178715,1,9,0,18,0,3,1,7,7,2,4,1,6,2,33,6,1560,2,5,-1,1,-1
201514A178815,1,9,0,18,0,8,0,0,0,0,1,1,6,2,35,6,1461,2,9,-1,3,-1
201514A178815,2,9,0,7,0,8,0,0,0,0,3,1,6,2,56,9,1991,1,-1,-1,1,-1
201514A179015,1,20,0,18,0,0,0,0,0,0,1,1,6,3,-1,-1,4751,2,10,-1,-1,-1
201514A179015,2,19,0,5,0,0,0,0,0,0,2,1,1,1,65,9,2402,2,12,-1,1,-1
201514A179015,3,9,0,5,0,0,0,0,0,0,2,1,6,2,31,6,1796,1,10,-1,1,-1
201514A179115,1,9,0,3,0,4,0,0,0,0,2,1,2,1,58,9,1364,1,10,-1,1,-1
201514A179115,2,9,0,18,0,1,0,0,0,0,1,1,6,3,-1,-1,-1,-1,-1,-1,-1,-1
201514A179415,1,9,0,4,0,0,0,0,0,0,2,1,6,2,29,6,1997,2,-1,-1,3,-1
201514A179415,2,9,0,18,0,0,0,0,0,0,1,1,6,1,25,5,-1,-1,-1,-1,2,-1
201514A179615,1,9,0,18,0,0,0,4,0,0,1,1,6,1,55,8,1896,2,8,-1,1,-1
201514A179615,2,21,0,2,0,0,0,0,0,0,2,1,6,1,46,8,12900,2,2,-1,1,-1
201514A180115,1,9,0,3,0,0,0,4,0,0,4,1,6,2,85,11,1296,1,7,-1,1,-1
201514A180115,2,9,0,18,0,0,0,0,0,0,3,1,6,3,-1,-1,-1,-1,-1,-1,-1,-1
201514A180215,1,19,0,7,0,6,1,0,0,0,3,1,1,1,43,7,2298,2,-1,-1,1,-1
201514A180215,2,9,0,18,0,8,1,0,7,10,4,1,6,2,22,5,1984,1,14,-1,1,-1
201514A180315,1,9,0,15,0,1,0,0,0,0,1,1,6,2,33,6,998,1,7,-1,1,-1
201514A180315,2,9,0,7,0,5,0,0,0,0,1,1,6,1,29,6,1794,1,7,-1,1,-1
201514A180515,1,9,0,18,0,0,0,4,0,0,1,1,1,1,27,6,1896,2,11,-1,1,-1
201514A180515,2,9,0,2,0,0,0,0,0,0,2,1,6,3,-1,-1,-1,-1,-1,-1,-1,-1
201514A180615,1,9,0,18,0,0,0,0,7,0,3,1,6,2,39,7,1560,2,9,-1,1,-1
201514A180615,2,9,0,18,0,0,0,0,0,0,3,1,6,1,46,8,2179,2,1,-1,-1,-1
201514A180815,1,9,0,4,0,0,0,0,0,0,2,1,6,2,53,8,2993,2,2,-1,1,-1
201514A180815,2,9,0,4,0,0,0,0,0,0,1,1,6,1,49,8,1798,1,7,-1,1,-1
201514A181115,1,9,0,2,6,0,0,0,0,0,4,1,3,1,33,6,1910,2,7,-1,-1,-1
201514A181115,2,1,0,18,9,0,0,8,0,10,1,1,4,1,14,3,-1,-1,-1,-1,1,-1
201514A181215,1,9,0,18,0,0,0,0,0,0,2,1,6,1,65,9,1968,2,2,-1,1,-1
201514A181215,2,9,0,18,0,0,0,0,0,0,1,1,6,1,20,4,1364,1,10,-1,2,-1
201514A181215,3,9,0,18,0,0,0,0,0,0,1,1,6,1,73,10,1242,1,4,-1,3,-1
201514A181315,1,9,0,9,0,6,0,0,0,0,3,1,6,1,35,6,998,1,4,-1,3,-1
201514A181315,2,9,0,18,0,1,0,0,0,0,1,1,2,2,44,7,875,1,1,-1,1,-1
201514A181415,1,9,0,6,0,0,0,0,0,0,3,1,6,1,32,6,1368,1,8,-1,1,-1
201514A181415,2,3,0,18,0,0,0,0,0,0,1,1,6,1,57,9,124,1,7,-1,1,-1
201514A181515,1,3,0,9,0,3,1,0,0,0,1,1,6,2,23,5,124,1,2,-1,1,-1
201514A181515,2,9,0,5,0,4,0,0,0,0,3,1,6,1,36,7,1461,2,4,-1,2,-1
201514A181715,1,9,0,4,0,1,0,0,0,0,4,1,6,1,44,7,1998,2,9,-1,1,-1
201514A181715,2,9,0,12,0,1,0,0,0,0,1,1,6,3,-1,-1,-1,-1,-1,-1,-1,-1
201514A181815,1,9,0,18,0,1,0,0,0,0,2,1,6,1,52,8,4200,2,16,-1,1,-1
201514A181815,2,9,0,1,0,2,0,0,0,0,2,1,6,3,-1,-1,2793,1,16,-1,-1,-1
201514A182115,1,9,0,18,0,0,0,0,0,0,1,1,2,2,47,8,998,1,1,-1,1,-1
201514A182115,2,21,0,18,0,0,0,0,0,0,1,1,1,1,53,8,6374,2,2,-1,1,-1
201514A182315,1,9,0,9,0,2,0,0,0,0,4,1,1,2,35,6,1995,2,6,-1,3,-1
201514A182315,2,3,0,13,0,1,0,0,0,0,1,1,1,1,23,5,124,1,-1,-1,1,-1
201514A182815,1,9,0,18,0,2,0,0,0,0,1,1,6,1,27,6,1968,2,7,-1,1,-1
201514A182915,1,9,0,10,0,8,0,0,0,0,1,1,1,1,63,9,2143,2,6,-1,2,-1
201514A182915,2,9,0,18,0,1,0,0,0,0,1,1,1,1,47,8,1870,2,13,-1,1,-1
201514A183615,1,9,0,9,0,1,0,0,0,0,1,1,6,1,38,7,2967,2,5,-1,1,-1
201514A183715,1,5,0,16,0,0,1,4,0,0,1,1,6,1,50,8,1043,1,2,-1,3,-1
201514A183715,2,21,1,2,6,0,0,0,0,0,2,1,1,1,56,9,12130,2,10,-1,1,-1
201514A183915,1,9,0,4,0,1,0,0,0,0,2,1,2,1,43,7,1997,2,11,-1,1,-1
201514A183915,2,9,0,18,0,1,0,0,0,0,1,1,2,1,24,5,1229,1,8,-1,1,-1
201514A184015,1,9,0,18,0,0,0,7,7,4,1,1,6,1,57,9,2987,2,3,-1,1,-1
201514A184115,1,1,0,18,0,2,0,0,0,0,2,1,6,1,50,8,-1,-1,-1,-1,1,-1
201514A184115,2,9,0,5,0,2,0,0,0,0,1,1,6,3,-1,-1,-1,-1,-1,-1,-1,-1
201514A184315,1,3,0,4,0,0,0,0,0,0,1,1,6,1,18,4,-1,-1,-1,-1,1,-1
201514A184315,2,9,0,4,0,0,0,0,0,0,2,1,6,1,30,6,1896,2,9,-1,1,-1
201514A185015,1,9,0,18,0,1,0,0,0,0,1,1,3,2,40,7,-1,-1,-1,-1,3,-1
201514A185215,1,21,1,18,0,0,0,0,0,0,1,1,1,1,42,7,10308,2,6,-1,1,-1
201514A185215,2,9,0,18,0,0,0,0,0,0,2,1,6,2,24,5,1587,1,13,-1,1,-1
201514A185315,1,11,0,18,0,8,0,0,0,0,1,1,1,1,44,7,-1,-1,-1,-1,1,-1
201514A185315,2,9,0,5,0,8,0,0,0,0,4,1,6,1,50,8,1998,1,11,-1,1,-1
201514A185415,1,9,0,15,0,8,0,0,0,0,1,1,2,1,43,7,1398,2,11,-1,1,-1
201514A186115,1,9,0,18,0,8,0,0,0,0,1,1,6,3,-1,-1,-1,-1,-1,-1,1,-1
201514A186315,1,9,0,18,0,8,0,0,0,0,1,1,6,1,55,8,1596,1,10,-1,2,-1
201514A186315,2,9,0,9,0,6,0,0,0,0,1,1,6,3,-1,-1,1368,1,6,-1,-1,-1
201514A186715,1,9,0,18,0,0,0,0,0,0,1,1,6,1,29,6,1998,2,11,-1,1,-1
201514A186715,2,9,0,4,0,0,0,0,0,0,2,1,6,2,41,7,1797,8,4,-1,1,-1
201514A187015,1,9,0,18,0,0,5,0,1,4,1,1,6,1,19,4,1364,1,8,-1,1,-1
201514A187215,1,9,0,18,0,0,0,11,0,0,1,1,6,2,77,11,2184,2,1,-1,1,-1
201514A187315,1,9,0,9,0,8,0,0,0,0,3,1,6,2,19,4,1248,1,3,-1,2,-1
201514A187315,2,3,0,13,0,1,0,0,0,0,1,1,6,1,17,4,125,1,-1,-1,1,-1
201514A187415,1,9,0,9,0,8,0,0,0,0,4,1,6,1,52,8,1998,2,14,-1,1,-1
201514A187415,2,9,0,18,0,8,0,0,0,0,4,1,6,2,30,6,1560,2,2,-1,1,-1
201514A187715,1,9,0,18,0,2,0,4,0,0,1,1,1,2,44,7,-1,-1,-1,-1,1,-1
201514A187715,2,9,0,2,0,2,0,0,0,0,2,1,1,1,44,7,-1,-1,-1,-1,1,-1
201514A187815,1,3,0,3,0,0,0,0,1,0,2,1,2,1,27,6,124,1,-1,-1,1,-1
201514A187815,2,9,0,4,0,0,1,0,0,0,1,1,2,2,21,5,1248,2,6,-1,1,-1
201514A187915,1,11,0,18,0,8,0,0,0,0,3,1,1,1,45,7,4461,2,1,-1,1,-1
201514A187915,2,9,0,9,0,6,0,0,0,0,1,1,6,2,18,4,1242,1,1,-1,1,-1
201514A189015,1,9,0,18,0,8,0,0,0,0,4,1,6,1,35,6,-1,-1,-1,-1,1,-1
201514A189015,2,9,0,18,0,6,0,0,0,0,1,1,6,3,-1,-1,2793,1,15,-1,-1,-1
201514A189115,1,90,0,18,0,1,0,0,7,11,1,1,6,1,26,6,-1,-1,-1,-1,1,-1
201514A189215,1,9,0,16,0,2,1,0,0,0,1,1,6,2,28,6,1149,1,13,-1,3,-1
201514A189215,2,9,0,17,0,1,0,0,0,0,1,1,6,1,51,8,1397,1,7,-1,3,-1
201514A189315,1,21,1,18,0,0,0,0,0,0,0,1,1,1,61,9,-1,-1,-1,-1,-1,-1
201514A189315,2,9,0,18,0,0,2,0,1,7,1,1,2,1,21,5,1598,1,6,-1,1,-1
201514A190015,1,9,0,10,0,8,0,10,7,4,2,1,1,2,52,8,1248,1,-1,-1,1,-1
201514A190015,2,9,0,18,0,1,0,0,0,0,1,1,6,3,-1,-1,-1,-1,-1,-1,-1,-1
201514A190115,1,9,0,3,0,0,0,0,0,0,2,1,1,2,26,6,1248,2,2,-1,1,-1
201514A190115,2,9,0,3,0,0,0,0,0,0,2,1,6,2,51,8,1360,1,9,-1,1,-1
201514A190115,3,9,0,4,0,0,0,0,0,0,1,1,6,1,75,10,1986,2,10,-1,1,-1
201514A191715,1,9,0,18,0,0,0,0,0,0,1,1,6,3,-1,-1,-1,-1,-1,-1,1,-1
201514A192115,1,9,0,11,0,6,0,0,0,0,1,1,6,2,66,10,1198,1,4,-1,1,-1
201514A192115,2,9,0,18,0,1,0,0,0,0,1,1,6,1,22,5,1998,2,11,-1,1,-1
201514A192215,1,9,0,9,0,5,0,0,0,0,1,1,6,1,52,8,-1,-1,-1,-1,1,-1
201514A192315,1,21,1,3,0,0,0,0,0,0,2,1,1,1,44,7,12777,2,7,-1,1,-1
201514A192315,2,21,1,18,0,0,3,0,0,0,1,1,1,1,40,7,10837,2,5,-1,1,-1
201514A192315,3,21,1,18,0,0,0,0,0,0,1,1,1,1,29,6,12777,2,8,-1,1,-1
201514A192415,1,9,0,18,0,2,0,0,0,0,1,1,6,1,38,7,-1,-1,-1,-1,2,-1
201514A192615,1,9,0,18,0,2,0,0,1,0,1,1,1,2,23,5,1149,1,11,-1,1,-1
201514A193415,1,9,0,4,0,1,0,0,0,0,1,1,6,1,43,7,1248,1,-1,-1,1,-1
201514A193415,2,1,0,18,0,1,0,0,0,0,3,1,4,1,16,4,-1,-1,-1,-1,2,-1
201514A193515,1,9,0,18,0,8,0,0,0,0,1,1,1,1,52,8,-1,-1,-1,-1,1,-1
201514A193515,2,9,0,9,0,8,0,0,0,0,1,1,6,2,18,4,1229,1,7,-1,1,-1
201514A193615,1,3,0,16,0,0,1,0,0,0,1,1,2,1,25,5,125,1,3,-1,2,-1
201514A193615,2,21,1,18,0,0,0,0,0,0,3,1,1,1,29,6,11946,2,4,-1,1,-1
201514A193815,1,9,0,18,0,0,0,0,0,0,1,1,6,2,73,10,1198,1,1,-1,-1,-1
201514A193815,2,1,0,18,0,0,0,0,0,0,2,1,6,1,15,3,-1,-1,-1,-1,3,-1
201514A194015,1,8,0,1,0,0,0,0,0,0,2,1,1,1,48,8,1997,2,8,-1,1,-1
201514A194215,1,9,0,5,0,1,0,0,0,0,3,1,1,3,-1,-1,1995,2,13,-1,3,-1
201514A194315,1,9,0,18,0,1,0,0,0,0,4,1,6,2,35,6,1685,2,2,-1,1,-1
201514A194415,1,21,0,18,0,0,0,6,0,0,1,1,1,1,27,6,-1,-1,-1,-1,1,-1
201514A194415,2,9,0,3,0,0,0,0,0,0,1,1,6,1,24,5,1560,2,8,-1,1,-1
201514A194515,1,9,0,4,0,0,0,0,0,0,2,1,6,2,62,9,1339,1,9,-1,2,-1
201514A194515,2,9,0,18,0,0,0,0,0,0,1,1,6,2,71,10,1582,2,2,-1,1,-1
201514A194715,1,9,0,18,0,3,0,0,0,0,3,1,6,2,22,5,1198,1,4,-1,1,-1
201514A194715,2,9,0,11,0,3,0,0,0,0,1,1,6,1,30,6,1596,1,13,-1,1,-1
201514A194915,1,9,0,16,0,8,0,0,2,2,1,1,6,1,29,6,1388,1,12,-1,1,-1
201514A195015,1,9,0,3,0,1,0,0,0,0,2,1,6,1,24,5,1360,1,13,-1,1,-1
201514A195015,2,9,0,18,0,1,0,0,0,0,1,1,6,2,-1,-1,1997,2,1,-1,2,-1
201514A195215,1,11,0,13,2,0,0,0,0,0,4,1,1,1,27,6,3900,2,9,-1,3,-1
201514A195215,2,1,0,9,2,0,0,0,0,0,1,1,6,1,24,5,-1,-1,-1,-1,1,-1
201514A195415,1,9,0,18,0,5,1,0,3,1,1,1,1,1,26,6,1997,2,15,-1,1,-1
201514A195515,1,9,0,18,0,0,0,0,0,0,1,1,6,2,52,8,1587,1,13,-1,3,-1
201514A195515,2,9,0,18,0,0,0,0,1,7,2,1,6,1,25,5,1910,2,10,-1,1,-1
201514A195615,1,9,0,9,0,5,0,0,0,0,2,1,6,1,27,6,1242,1,-1,-1,1,-1
201514A195615,2,90,0,18,0,1,0,0,0,0,1,1,6,3,-1,-1,-1,-1,-1,-1,-1,-1
201514A195715,1,8,0,9,0,2,0,0,0,0,1,1,6,1,29,6,1896,2,10,-1,1,-1
201514A196015,1,9,0,16,0,0,2,0,1,11,1,1,6,2,20,4,1149,1,14,-1,1,-1
201514A196415,1,9,0,9,0,1,0,0,0,0,3,1,1,1,34,6,-1,-1,-1,-1,1,-1
201514A196415,2,8,0,18,0,1,0,0,0,0,1,1,1,1,46,8,1762,1,17,-1,1,-1
201514A196615,1,9,0,18,0,8,0,0,1,0,3,1,2,2,25,5,1229,1,-1,-1,1,-1
201514A196615,2,9,0,18,0,6,0,0,0,0,1,1,6,3,-1,-1,-1,-1,-1,-1,-1,-1
201514A197515,1,9,0,18,0,0,1,0,0,0,3,1,6,1,20,4,1360,1,13,-1,1,-1
201514A197515,2,9,0,18,0,0,0,0,0,0,1,1,6,2,46,8,2000,2,11,-1,1,-1
201514A197715,1,9,0,4,0,0,0,0,0,0,2,1,6,1,52,8,1984,1,4,-1,1,-1
201514A197715,2,9,0,4,0,0,0,0,0,0,1,1,6,1,30,6,3800,1,-1,-1,1,-1
201514A197815,1,9,0,18,0,1,0,0,0,0,1,1,6,2,57,9,1991,2,10,-1,1,-1
201514A197815,2,9,0,7,0,6,0,0,0,0,3,1,6,1,32,6,1229,1,8,-1,-1,-1
201514A198215,1,9,0,18,0,0,0,4,0,0,1,1,1,1,41,7,1796,1,14,-1,1,-1