Accident_Index,Vehicle_Reference,Vehicle_Type,Towing_and_Articulation,Vehicle_Manoeuvre,Vehicle_Location-Restricted_Lane,Junction_Location,Skidding_and_Overturning,Hit_Object_in_Carriageway,Vehicle_Leaving_Carriageway,Hit_Object_off_Carriageway,1st_Point_of_Impact,Was_Vehicle_Left_Hand_Drive?,Journey_Purpose_of_Driver,Sex_of_Driver,Age_of_Driver,Age_Band_of_Driver,Engine_Capacity_(CC),Propulsion_Code,Age_of_Vehicle,Driver_IMD_Decile,Driver_Home_Area_Type,Vehicle_IMD_Decile
201514C109315,1,9,0,18,0,1,0,0,0,0,1,1,6,1,-1,-1,-1,-1,-1,-1,1,-1
201514C109415,1,9,0,9,0,5,0,0,0,0,3,1,2,2,35,6,1229,1,1,-1,1,-1
201514C109415,2,3,0,13,0,1,0,0,0,0,4,1,2,1,43,7,124,1,3,-1,1,-1
201514C109515,1,9,0,18,0,8,0,0,0,0,2,1,6,1,43,7,1388,1,13,-1,1,-1
201514C109515,2,9,0,9,0,6,0,0,0,0,1,1,6,3,-1,-1,-1,-1,-1,-1,-1,-1
201514C109615,1,9,0,18,0,0,2,10,1,4,4,1,6,2,28,6,1229,1,10,-1,2,-1
201514C110015,1,9,0,18,0,0,0,0,7,3,1,1,6,1,17,4,1368,1,9,-1,1,-1
201514C110315,1,9,0,9,0,1,0,0,0,0,3,1,2,1,47,8,1968,2,3,-1,1,-1
201514C110315,2,9,0,7,0,2,0,0,0,0,1,1,6,1,31,6,1895,1,13,-1,1,-1
201514C110515,1,9,0,17,0,1,1,0,7,10,4,1,6,2,30,6,998,1,7,-1,1,-1
201514C110515,2,9,0,16,0,2,0,0,0,0,1,1,6,1,18,4,1248,1,-1,-1,2,-1
201514C110915,1,9,0,18,0,8,1,0,0,0,1,1,6,2,19,4,1400,2,9,-1,1,-1
201514C110915,2,9,0,9,0,8,0,0,0,0,1,1,6,2,32,6,1399,2,8,-1,2,-1
201514C111015,1,9,0,5,0,6,0,0,0,0,1,1,6,1,19,4,1956,2,3,-1,1,-1
201514C111015,2,1,0,18,0,8,0,0,0,0,1,1,6,1,27,6,-1,-1,-1,-1,1,-1
201514C111515,1,9,0,4,0,0,0,0,0,0,3,1,6,1,20,4,899,1,1,-1,1,-1
201514C111515,2,9,0,4,0,0,1,0,0,0,4,1,6,1,32,6,2171,2,11,-1,1,-1
201514C111515,3,9,0,18,0,0,1,10,0,0,4,1,6,1,29,6,2597,1,13,-1,1,-1
201514C111715,1,9,0,9,0,5,0,0,0,0,1,1,6,1,69,10,1998,1,12,-1,1,-1
201514C111715,2,3,0,18,0,1,0,0,0,0,1,1,6,1,20,4,85,1,29,-1,1,-1
201514C111815,1,9,0,9,0,6,0,0,0,0,0,1,6,2,57,9,2179,2,1,-1,3,-1
201514C111815,2,9,0,17,0,1,0,0,1,3,1,1,6,2,55,8,1124,1,12,-1,2,-1
201514C112115,1,9,0,18,0,2,0,0,0,0,1,1,1,1,60,9,1796,1,9,-1,1,-1
201514C113315,1,8,0,11,0,0,0,0,0,0,2,1,1,1,30,6,1968,2,5,-1,1,-1
201514C113315,2,9,0,18,0,0,0,0,0,0,1,1,6,1,60,9,1398,1,14,-1,1,-1
201514C113415,1,9,0,5,0,4,0,0,0,0,1,1,6,1,50,8,1896,2,12,-1,-1,-1
201514C113415,2,9,0,4,0,4,0,0,0,0,1,1,6,2,44,7,1598,2,2,-1,1,-1
201514C113615,1,9,0,9,0,6,0,0,0,0,3,1,2,2,37,7,1499,1,1,-1,1,-1
201514C113615,2,9,0,18,0,8,0,0,0,0,1,1,2,1,48,8,796,1,13,-1,1,-1
201514C113715,1,9,0,4,0,0,0,0,0,0,2,1,6,1,46,8,2993,2,11,-1,1,-1
201514C113715,2,9,0,3,0,0,0,0,0,0,2,1,6,1,28,6,1598,1,12,-1,1,-1
201514C113715,3,9,0,3,0,0,0,0,0,0,1,1,6,1,45,7,1968,2,11,-1,1,-1
201514C113915,1,9,0,9,0,5,0,0,0,0,1,1,6,1,77,11,505,1,2,-1,2,-1
201514C113915,2,9,0,17,0,8,0,0,0,0,1,1,2,1,27,6,1995,2,6,-1,1,-1
201514C114115,1,9,0,9,0,5,0,0,0,0,3,1,6,2,18,4,998,1,6,-1,1,-1
201514C114115,2,9,0,13,0,1,0,0,0,0,1,1,6,1,30,6,1595,1,6,-1,1,-1
201514C114415,1,9,0,3,0,1,0,0,0,0,2,1,1,2,44,7,1200,1,-1,-1,1,-1
201514C114415,2,9,0,18,0,1,0,0,0,0,1,1,6,3,-1,-1,-1,-1,-1,-1,-1,-1
201514C115015,1,9,0,18,0,0,5,0,7,10,1,1,1,1,49,8,1390,1,11,-1,1,-1
201514C115115,1,9,0,18,0,0,0,0,0,0,1,1,1,1,49,8,1753,2,5,-1,-1,-1
201514C115115,2,9,0,4,0,0,0,0,0,0,2,1,6,2,24,5,1598,1,17,-1,1,-1
201514C115115,3,9,0,4,0,0,0,0,0,0,2,1,6,1,52,8,1997,2,5,-1,1,-1
201514C115315,1,9,0,18,0,8,0,0,0,0,4,1,6,2,52,8,1560,2,8,-1,1,-1
201514C115315,2,9,0,9,0,6,0,0,0,0,1,1,6,2,37,7,1248,2,7,-1,1,-1
201514C115615,1,9,0,18,0,0,0,0,0,0,1,1,6,3,-1,-1,-1,-1,-1,-1,1,-1
201514C115715,1,9,0,18,0,8,0,0,1,10,1,1,6,1,20,4,1497,1,13,-1,1,-1
201514C115715,2,9,0,9,0,6,0,0,0,0,4,1,6,1,56,9,998,1,8,-1,1,-1
201514C115715,3,9,0,2,0,2,0,0,0,0,2,1,6,2,36,7,1968,2,-1,-1,1,-1
201514C115815,1,9,0,10,0,1,0,0,0,0,1,1,6,1,45,7,1598,1,13,-1,1,-1
201514C115815,2,1,0,18,0,8,0,0,0,0,1,1,6,1,-1,-1,-1,-1,-1,-1,-1,-1
201514C115915,1,11,0,18,0,1,0,0,0,0,1,1,1,1,53,8,9360,2,8,-1,1,-1
201514C115915,2,9,0,9,0,6,0,0,0,0,1,1,6,1,44,7,2261,1,10,-1,1,-1
201514C116015,1,9,0,9,0,5,0,0,0,0,4,1,6,1,40,7,1598,1,6,-1,1,-1
201514C116015,2,9,0,18,0,1,0,0,0,0,1,1,6,1,29,6,-1,-1,-1,-1,1,-1
201514C116215,1,9,0,18,0,3,0,0,0,0,1,1,3,2,34,6,1896,2,6,-1,1,-1
201514C116215,2,9,0,4,0,1,0,0,0,0,1,1,2,2,51,8,2521,1,10,-1,1,-1
201514C116215,3,9,0,4,0,1,0,0,0,0,1,1,6,2,63,9,1396,2,4,-1,2,-1
201514C116515,1,9,0,18,0,1,0,0,0,0,1,1,6,1,26,6,2170,2,11,-1,1,-1
201514C116515,2,9,0,9,0,5,0,0,0,0,1,1,6,2,66,10,998,1,9,-1,1,-1
201514C116615,1,19,0,5,0,1,0,0,0,0,3,1,1,1,50,8,2299,2,2,-1,1,-1
201514C116915,1,9,0,1,0,0,0,0,0,0,2,1,6,2,40,7,2902,2,8,-1,1,-1
201514C117015,1,9,0,5,0,1,1,0,0,0,1,1,6,3,-1,-1,1998,2,12,-1,1,-1
201514C117115,1,3,0,4,0,0,1,0,0,0,3,1,2,1,40,7,125,1,7,-1,1,-1
201514C117115,2,9,0,4,0,0,0,0,0,0,0,1,6,2,48,8,1870,2,10,-1,1,-1
201514C117115,3,9,0,6,0,0,0,0,0,0,0,1,6,3,-1,-1,-1,-1,-1,-1,-1,-1
201514C117515,1,9,0,18,0,0,5,0,1,7,1,1,6,1,53,8,2982,2,3,-1,3,-1
201514C117715,1,9,0,18,0,0,0,0,0,0,1,1,6,1,-1,-1,1587,1,9,-1,1,-1
201514C117715,2,9,0,3,0,0,0,0,0,0,2,1,6,2,47,8,1560,2,6,-1,1,-1
201514C118015,1,9,0,4,0,1,0,0,0,0,2,1,6,1,83,11,1299,1,10,-1,2,-1
201514C118015,2,9,0,18,0,1,1,0,0,0,1,1,2,2,37,7,1242,1,3,-1,1,-1
201514C118115,1,9,0,4,0,0,0,0,0,0,2,1,6,1,30,6,1968,2,10,-1,1,-1
201514C118115,2,9,0,4,0,0,0,0,0,0,2,1,6,1,43,7,1995,2,2,-1,1,-1
201514C118115,3,9,0,4,0,0,0,0,0,0,1,1,6,1,39,7,1396,1,11,-1,1,-1
201514C118315,1,9,0,3,0,0,0,0,0,0,4,1,6,1,45,7,3799,1,6,-1,1,-1
201514C118315,2,9,0,3,0,0,0,0,0,0,3,1,6,1,24,5,1796,1,8,-1,1,-1
201514C118815,1,9,0,18,0,0,0,0,0,0,3,1,6,3,-1,-1,-1,-1,-1,-1,1,-1
201514C118915,1,21,0,2,0,0,0,0,0,0,2,1,6,1,53,8,9200,2,7,-1,1,-1
201514C118915,2,1,0,18,0,0,0,4,0,0,1,1,1,1,59,9,-1,-1,-1,-1,1,-1
201514C119115,1,9,0,18,0,0,0,4,0,0,1,1,6,1,29,6,1968,2,7,-1,1,-1
201514C119115,2,9,0,2,0,0,0,0,0,0,1,1,6,2,21,5,1198,1,3,-1,1,-1
201514C119115,3,9,0,2,0,0,0,0,0,0,1,1,6,1,25,5,1596,1,10,-1,1,-1
201514C119315,1,9,0,4,0,0,0,0,0,0,1,1,2,1,58,9,2179,2,1,-1,1,-1
201514C119315,2,9,0,3,0,0,0,0,0,0,2,1,2,1,49,8,-1,-1,-1,-1,1,-1
201514C119315,3,9,0,3,0,0,0,0,0,0,2,1,2,2,47,8,2143,2,-1,-1,1,-1
201514C119515,1,3,0,18,0,0,0,0,0,0,0,1,6,1,17,4,124,1,3,-1,1,-1
201514C119715,1,9,0,18,0,0,0,0,0,0,1,1,1,2,38,7,-1,3,-1,-1,1,-1
201514C120915,1,9,0,4,0,0,0,0,0,0,2,1,1,1,65,9,1896,2,7,-1,1,-1
201514C120915,2,9,0,4,0,0,0,0,0,0,2,1,2,1,47,8,1686,2,10,-1,2,-1
201514C120915,3,9,0,18,0,0,0,0,0,0,1,1,1,1,50,8,1968,2,2,-1,3,-1
201514C121315,1,9,0,5,0,6,0,0,0,0,3,1,6,1,69,10,1870,2,11,-1,2,-1
201514C121315,2,9,0,4,0,1,0,0,0,0,1,1,6,2,58,9,1968,2,6,-1,1,-1
201514C121615,1,11,0,2,0,0,0,0,0,0,2,1,1,1,52,8,4250,2,13,-1,1,-1
201514C121615,2,9,0,12,0,0,0,0,0,0,1,1,6,1,17,4,1390,1,14,-1,3,-1
201514C121615,3,9,0,14,0,0,0,0,0,0,4,1,6,1,48,8,-1,-1,-1,-1,1,-1
201514C121815,1,9,0,18,0,8,0,0,0,0,1,1,1,1,57,9,1998,1,13,-1,1,-1
201514C121815,2,9,0,18,0,8,0,0,0,0,1,1,1,1,26,6,1997,2,11,-1,1,-1
201514C121915,1,9,0,18,0,8,0,0,0,0,4,1,6,1,26,6,993,1,12,-1,1,-1
201514C121915,2,9,0,10,0,8,0,0,0,0,3,1,6,2,23,5,1124,1,11,-1,2,-1
201514C122015,1,9,0,18,0,0,0,0,0,0,1,1,2,2,50,8,1796,1,10,-1,1,-1
201514C122115,1,9,0,18,0,8,0,0,0,0,4,1,6,1,50,8,1242,1,11,-1,1,-1
201514C122115,2,9,0,18,0,8,0,0,0,0,3,1,6,1,18,4,1242,1,11,-1,1,-1
201514C122315,1,9,0,18,0,0,1,0,5,6,4,1,6,2,51,8,1598,1,2,-1,2,-1
201514C122315,2,21,1,18,0,0,0,0,0,0,3,1,1,1,54,8,12419,2,4,-1,-1,-1
201514C122515,1,9,0,18,0,1,0,0,0,0,2,1,1,2,35,6,1686,2,8,-1,1,-1
201514C122515,2,9,0,18,0,1,0,0,0,0,1,1,1,2,23,5,1390,1,8,-1,1,-1
201514C122515,3,9,0,18,0,1,0,0,0,0,1,1,1,1,44,7,1598,1,7,-1,2,-1
201514C122615,1,9,0,9,0,5,0,0,0,0,3,1,6,2,28,6,1896,2,11,-1,1,-1
201514C122615,2,9,0,9,0,5,0,0,0,0,4,1,6,3,-1,-1,-1,-1,-1,-1,-1,-1
201514C122715,1,9,0,16,0,0,1,0,1,9,1,1,6,1,43,7,1388,1,9,-1,3,-1
201514C122815,1,9,0,18,0,0,0,0,0,0,2,1,6,1,31,6,1390,1,3,-1,1,-1
201514C122815,2,9,0,18,0,0,0,0,0,0,1,1,6,2,32,6,1248,2,7,-1,1,-1
201514C122915,1,21,1,18,0,8,0,0,0,0,3,1,1,1,56,9,-1,-1,-1,-1,-1,-1
201514C122915,2,9,0,18,0,8,0,0,0,0,4,1,6,2,20,4,998,1,1,-1,1,-1
201514C123015,1,9,0,18,0,0,0,0,0,0,2,1,6,2,33,6,973,1,12,-1,1,-1
201514C123015,2,9,0,18,0,0,0,0,0,0,1,1,6,2,39,7,1229,1,10,-1,1,-1
201514C123115,1,9,0,3,0,2,0,0,0,0,2,1,6,1,66,10,-1,-1,-1,-1,3,-1
201514C123115,2,9,0,3,0,2,0,0,0,0,2,1,6,2,19,4,973,1,13,-1,2,-1
201514C123115,3,9,0,18,0,2,0,0,0,0,1,1,6,1,20,4,1199,1,11,-1,1,-1
201514C123515,1,9,0,9,0,5,0,0,0,0,1,1,6,1,25,5,998,1,2,-1,1,-1
201514C124415,1,9,0,18,0,0,0,0,0,0,1,1,6,1,57,9,1896,2,7,-1,1,-1
201514C124415,2,9,0,18,0,0,0,0,0,0,1,1,6,1,26,6,998,1,2,-1,1,-1
201514C124415,3,21,0,4,0,0,0,0,0,0,2,1,1,1,43,7,12900,2,5,-1,3,-1
201514C124515,1,19,0,10,0,1,0,0,0,0,2,1,1,1,29,6,2198,2,8,-1,1,-1
201514C124515,2,9,0,3,0,1,0,0,0,0,2,1,2,1,25,5,1598,1,5,-1,1,-1
201514C124515,3,9,0,18,0,1,0,0,0,0,1,1,2,2,18,4,998,1,9,-1,1,-1
201514C124615,1,9,0,18,0,1,0,0,0,0,1,1,6,2,19,4,1242,1,9,-1,1,-1
201514C124615,2,9,0,4,0,1,0,0,7,5,2,1,2,1,34,6,998,1,15,-1,2,-1
201514C125015,1,9,0,18,0,8,0,0,0,0,3,1,2,2,28,6,1995,2,8,-1,1,-1
201514C125015,2,8,0,9,0,8,0,0,0,0,1,1,1,1,-1,-1,1686,2,12,-1,-1,-1
201514C125215,1,9,0,18,0,1,0,0,0,0,4,1,2,1,61,9,1762,1,16,-1,1,-1
201514C125715,1,9,0,18,0,8,0,0,0,0,3,1,2,1,29,6,1995,1,8,-1,1,-1
201514C125715,2,9,0,18,0,8,0,0,0,0,0,1,6,3,-1,-1,-1,-1,-1,-1,-1,-1
201514C125715,3,9,0,18,0,8,0,0,0,0,4,1,6,3,-1,-1,-1,-1,-1,-1,-1,-1
201514C125815,1,19,0,2,0,1,0,0,0,0,3,1,1,1,48,8,1753,2,4,-1,1,-1
201514C125815,2,19,0,18,0,1,0,8,0,0,1,1,6,1,-1,-1,1998,2,11,-1,-1,-1
201514C125915,1,9,0,9,0,6,0,0,0,0,3,1,6,1,58,9,1248,2,5,-1,1,-1
201514C125915,2,8,0,18,0,1,0,0,0,0,1,1,1,1,52,8,1968,2,5,-1,1,-1
201514C126015,1,9,0,18,0,2,0,4,0,0,1,1,6,1,59,9,1560,2,2,-1,1,-1
201514C126015,2,9,0,2,0,2,0,0,0,0,3,1,6,1,37,7,1596,1,8,-1,2,-1
201514C126015,3,9,0,2,0,2,0,0,0,0,2,1,6,1,30,6,2477,2,13,-1,1,-1
201514C126715,1,9,0,18,0,0,0,0,0,0,1,1,3,2,37,7,1396,1,12,-1,1,-1
201514C126815,1,9,0,5,0,4,0,0,0,0,3,1,6,1,36,7,1461,2,12,-1,2,-1
201514C126815,2,1,0,18,0,8,0,0,0,0,1,1,6,1,49,8,-1,-1,-1,-1,1,-1
201514C126915,1,9,0,7,0,0,1,0,3,10,1,1,6,1,19,4,1598,1,14,-1,-1,-1
201514C127015,1,9,0,9,0,8,0,0,0,0,3,1,6,1,43,7,1360,1,9,-1,1,-1
201514C127015,2,9,0,17,0,1,0,0,0,0,1,1,6,1,43,7,3400,6,15,-1,1,-1
201514C127115,1,9,0,10,0,1,0,0,0,0,3,1,6,1,33,6,2457,1,8,-1,1,-1
201514C127115,2,9,0,5,0,6,0,0,0,0,1,1,6,1,57,9,1596,1,14,-1,1,-1
201514C127215,1,9,0,18,0,0,0,0,0,0,1,1,6,3,-1,-1,-1,-1,-1,-1,1,-1
201514C127715,1,9,0,17,0,0,1,0,1,0,1,1,6,2,28,6,1398,2,9,-1,2,-1
201514C127915,1,9,0,9,0,8,0,0,0,0,1,1,6,2,19,4,1299,1,9,-1,1,-1
201514C127915,2,9,0,18,0,8,0,0,0,0,1,1,6,2,25,5,998,1,3,-1,3,-1
201514C128015,1,9,0,16,0,0,0,11,0,0,0,1,2,2,42,7,1461,2,8,-1,3,-1
201514C128215,1,19,0,13,0,0,0,0,0,0,4,1,2,1,34,6,2143,2,2,-1,1,-1
201514C128215,2,1,0,18,0,0,0,10,0,0,3,1,2,1,57,9,-1,-1,-1,-1,1,-1
201514C128415,1,19,0,7,0,6,0,0,0,0,2,1,1,1,62,9,2287,2,4,-1,1,-1
201514C128415,2,9,0,18,0,2,0,0,0,0,1,1,6,1,28,6,1560,2,4,-1,1,-1
201514C128415,3,9,0,18,0,1,0,0,0,0,1,1,6,2,58,9,998,1,9,-1,1,-1
201514C129215,1,9,0,3,0,4,0,0,0,0,1,1,1,1,28,6,1686,2,4,-1,1,-1
201514C129215,2,1,0,18,0,8,0,0,0,0,1,1,6,1,38,7,-1,-1,-1,-1,1,-1
201514C130215,1,9,0,18,0,1,0,0,0,0,3,1,1,1,42,7,1686,2,9,-1,1,-1
201514C130215,2,90,0,18,0,1,0,0,0,0,3,1,1,3,-1,-1,5985,2,9,-1,-1,-1
201514C130315,1,9,0,18,0,0,0,0,0,0,1,1,6,2,27,6,1124,1,12,-1,1,-1
201514C130415,1,9,0,9,0,5,0,0,0,0,0,1,6,2,61,9,1242,1,-1,-1,2,-1
201514C130415,2,3,0,4,0,1,1,0,0,0,0,1,6,1,54,8,125,1,-1,-1,1,-1
201514C130515,1,9,0,13,0,0,0,0,0,0,4,1,1,1,57,9,-1,-1,-1,-1,1,-1
201514C130515,2,1,0,18,0,0,0,0,0,0,1,1,6,1,18,4,-1,-1,-1,-1,1,-1
201514C130815,1,9,0,18,0,0,0,0,0,0,1,1,6,2,24,5,1995,2,3,-1,1,-1
201514C130815,2,9,0,18,0,0,0,0,0,0,2,1,6,2,22,5,1197,1,3,-1,2,-1
201514C130815,3,9,0,18,0,0,0,0,0,0,2,1,6,1,48,8,1995,2,3,-1,1,-1
201514C130815,4,9,0,18,0,0,0,0,0,0,2,1,6,2,47,8,1968,2,3,-1,1,-1
201514C130915,1,8,0,5,0,0,0,0,0,0,0,1,1,1,53,8,-1,-1,-1,-1,1,-1
201514C131015,1,9,0,14,0,0,0,0,0,0,4,1,6,1,43,7,2982,2,11,-1,1,-1
201514C131215,1,9,0,18,0,1,0,0,0,0,1,1,1,2,51,8,1686,2,15,-1,1,-1
201514C131215,2,9,0,9,0,8,0,0,0,0,1,1,6,3,-1,-1,-1,-1,-1,-1,-1,-1
201514C131815,1,5,0,16,0,0,1,10,4,2,1,1,6,1,22,5,600,1,14,-1,1,-1
201514C132215,1,9,0,5,0,1,0,0,0,0,1,1,6,1,19,4,1560,2,4,-1,1,-1
201514C132515,1,9,0,18,0,0,1,0,0,0,1,1,6,1,36,7,-1,-1,-1,-1,1,-1
201514C132515,2,9,0,4,0,0,0,0,0,0,2,1,1,1,39,7,-1,-1,-1,-1,1,-1
201514C133115,1,9,0,18,0,0,0,0,0,0,1,1,6,1,61,9,1968,2,8,-1,1,-1
201514C134515,1,9,0,5,0,6,0,0,0,0,3,1,6,1,64,9,1598,1,14,-1,1,-1
201514C134515,2,9,0,18,0,6,0,0,0,0,4,1,6,1,30,6,-1,-1,-1,-1,1,-1
201514C134615,1,9,0,7,0,3,0,0,0,0,1,1,6,2,85,11,1339,1,3,-1,1,-1
201514C134715,1,9,0,2,0,1,0,0,0,0,2,1,6,2,43,7,1968,2,5,-1,1,-1
201514C134715,2,9,0,5,0,1,0,4,0,0,1,1,6,1,80,11,1398,1,1,-1,3,-1
201514C134815,1,9,0,9,0,5,0,0,0,0,1,1,2,2,60,9,996,1,1,-1,1,-1
201514C134815,2,3,0,18,0,1,0,0,0,0,1,1,2,1,52,8,124,1,4,-1,1,-1
201514C134915,1,9,0,3,0,8,0,0,0,0,2,1,2,2,22,5,1242,1,6,-1,1,-1
201514C134915,2,21,0,4,0,8,0,0,0,0,1,1,1,1,34,6,-1,-1,-1,-1,-1,-1
201514C135015,1,9,0,3,0,4,0,0,0,0,2,1,6,2,19,4,1328,1,8,-1,1,-1
201514C135015,2,9,0,5,0,4,0,0,0,0,1,1,6,2,66,10,1299,1,10,-1,1,-1
201514C135615,1,9,0,18,0,1,0,0,0,0,4,1,6,1,79,11,1968,2,3,-1,1,-1
201514C135615,2,9,0,9,0,6,0,0,0,0,3,1,6,2,23,5,1149,1,14,-1,1,-1
201514C135715,1,9,0,18,0,0,0,0,0,0,1,1,6,3,-1,-1,-1,-1,-1,-1,1,-1
201514C135915,1,9,0,16,0,0,2,0,1,11,1,1,6,2,33,6,1360,1,8,-1,1,-1
201514C136115,1,3,0,14,0,1,1,0,0,0,1,1,2,1,18,4,124,1,6,-1,2,-1
201514C136115,2,9,0,9,0,5,0,0,0,0,2,1,2,1,20,4,1587,1,14,-1,1,-1
201514C136315,1,9,0,18,0,1,0,0,0,0,1,1,6,1,35,6,1587,1,14,-1,2,-1
201514C136315,2,9,0,3,0,6,0,0,0,0,3,1,6,1,20,4,1360,1,13,-1,2,-1
201514C136915,1,9,0,17,0,0,0,0,1,4,1,1,6,1,44,7,-1,-1,-1,-1,2,-1
201514C137015,1,9,0,18,0,1,1,0,0,0,1,1,2,2,30,6,998,1,4,-1,1,-1
201514C137315,1,9,0,18,0,0,0,0,0,0,1,1,2,2,25,5,1988,1,11,-1,1,-1
201514C137315,2,9,0,18,0,0,0,0,0,0,2,1,6,2,32,6,1390,1,4,-1,1,-1
201514C137415,1,9,4,18,0,0,5,0,1,9,3,1,6,1,39,7,2500,2,16,-1,1,-1
201514C137415,2,9,0,18,0,0,0,0,0,0,2,1,6,2,37,7,1560,2,7,-1,1,-1
201514C137815,1,9,0,18,0,0,0,0,0,0,1,1,6,3,-1,-1,-1,-1,-1,-1,1,-1
201514C138015,1,9,0,3,0,4,0,0,0,0,2,1,6,1,48,8,1329,1,2,-1,1,-1
201514C138015,2,9,0,3,0,4,0,0,0,0,2,1,6,1,37,7,1995,2,-1,-1,1,-1
201514C138615,1,9,0,4,0,0,0,0,0,0,0,1,6,1,27,6,1489,1,19,-1,1,-1
201514C138615,2,3,0,18,0,0,1,0,0,0,3,1,6,1,18,4,124,1,1,-1,1,-1
201514C138915,1,9,0,10,0,1,0,0,0,0,4,1,6,1,19,4,1242,1,7,-1,2,-1
201514C138915,2,9,0,18,0,1,0,0,0,0,4,1,6,1,-1,-1,-1,-1,-1,-1,-1,-1
201514C139015,1,9,0,18,0,0,0,0,0,0,1,1,6,1,35,6,1968,2,8,-1,1,-1
201514C139015,2,9,0,18,0,0,0,0,0,0,2,1,6,1,49,8,2191,2,2,-1,1,-1
201514C139015,3,9,0,18,0,0,0,0,0,0,1,1,6,1,22,5,1248,1,-1,-1,1,-1
201514C139015,4,9,0,18,0,0,0,0,0,0,2,1,6,2,54,8,1461,2,2,-1,1,-1
201514C139115,1,9,0,18,0,1,0,0,0,0,1,1,6,2,-1,-1,2231,2,8,-1,1,-1
201514C139115,2,9,0,4,0,1,0,0,0,0,2,1,6,2,43,7,4966,1,12,-1,3,-1
201514C139215,1,9,0,4,9,0,0,0,0,0,4,1,6,3,-1,-1,-1,-1,-1,-1,1,-1
201514C139515,1,9,0,3,0,8,0,0,0,0,4,1,2,2,54,8,1968,2,2,-1,1,-1
201514C139515,2,3,0,6,0,8,0,0,0,0,4,1,2,1,22,5,124,1,9,-1,1,-1
201514C139615,1,9,0,9,0,6,0,0,0,0,3,1,6,2,85,11,998,1,9,-1,-1,-1
201514C139615,2,1,0,18,0,1,0,0,0,0,1,1,6,1,57,9,-1,-1,-1,-1,1,-1
201514C139715,1,9,0,9,0,6,0,0,0,0,1,1,6,1,79,11,1248,2,2,-1,1,-1
201514C139715,2,9,0,18,0,1,0,0,0,0,3,1,6,2,31,6,1248,2,4,-1,2,-1
201514C139815,1,9,0,18,0,1,0,0,0,0,1,1,6,1,21,5,1248,2,5,-1,1,-1
201514C139815,2,9,0,9,0,5,0,0,0,0,1,1,6,1,20,4,1299,1,14,-1,1,-1
201514C139915,1,9,0,18,0,6,0,0,1,0,2,1,6,1,73,10,1991,1,15,-1,1,-1
201514C139915,2,9,0,18,0,8,0,0,7,0,1,1,6,1,30,6,1994,2,13,-1,1,-1
201514C140015,1,9,0,17,0,0,0,0,1,3,1,1,6,1,29,6,1988,2,8,-1,1,-1
201514C140015,2,9,0,18,0,0,0,0,0,0,1,1,1,1,43,7,1994,2,12,-1,1,-1
201514C140115,1,21,0,18,0,0,0,0,0,0,4,1,1,1,47,8,12419,2,-1,-1,1,-1
201514C140115,2,9,0,15,0,0,0,0,0,0,3,1,6,3,-1,-1,-1,-1,-1,-1,-1,-1
201514C140215,1,9,0,10,0,6,0,0,0,0,1,1,6,1,61,9,1686,2,1,-1,1,-1
201514C140215,2,5,0,18,0,1,1,0,0,0,2,1,6,1,37,7,998,1,9,-1,1,-1
201514C140415,1,9,0,17,0,0,1,0,0,0,2,1,6,2,22,5,-1,-1,-1,-1,1,-1
201514C140415,2,9,0,18,0,0,0,0,0,0,1,1,6,2,28,6,1388,1,14,-1,1,-1
201514C140515,1,9,0,5,0,1,0,0,0,0,3,1,1,2,40,7,1398,1,12,-1,1,-1
201514C140615,1,9,0,18,0,1,0,0,0,0,1,1,6,2,37,7,1461,2,1,-1,1,-1
201514C140615,2,9,0,13,0,1,1,0,0,0,1,1,6,1,26,6,1587,1,14,-1,1,-1
201514C140715,1,9,0,18,0,0,1,0,0,0,3,1,6,1,19,4,1299,1,14,-1,1,-1
201514C140715,2,21,0,18,0,0,0,0,0,0,1,1,1,1,28,6,12809,2,-1,-1,1,-1
201514C140715,3,9,0,18,0,0,0,0,0,0,4,1,6,1,46,8,-1,-1,-1,-1,1,-1
201514C141315,1,21,1,18,0,0,0,0,0,0,2,1,1,1,49,8,10837,2,-1,-1,2,-1
201514C141315,2,9,0,11,0,0,0,0,4,6,1,1,6,1,41,7,1997,2,9,-1,1,-1
201514C141915,1,9,0,9,0,8,0,0,0,0,1,1,1,2,18,4,998,1,1,-1,1,-1
201514C141915,2,9,0,18,0,6,0,0,0,0,1,1,6,1,19,4,1461,2,4,-1,1,-1
201514C142215,1,9,0,5,0,8,0,4,0,0,4,1,6,1,27,6,2401,2,8,-1,1,-1
201514C142215,2,9,0,2,0,1,0,0,0,0,1,1,1,1,19,4,1299,1,11,-1,1,-1
201514C142315,1,9,0,18,0,0,1,0,4,6,1,1,6,1,35,6,1798,2,4,-1,3,-1
201514C142415,1,9,0,3,0,0,0,0,0,0,2,1,6,1,52,8,1896,2,8,-1,1,-1
201514C142415,2,9,0,3,0,0,0,0,0,0,2,1,6,1,36,7,1794,1,12,-1,1,-1
201514C142415,3,9,0,16,0,0,1,0,0,0,1,1,6,2,20,4,1242,1,13,-1,1,-1