Accident_Index,Vehicle_Reference,Vehicle_Type,Towing_and_Articulation,Vehicle_Manoeuvre,Vehicle_Location-Restricted_Lane,Junction_Location,Skidding_and_Overturning,Hit_Object_in_Carriageway,Vehicle_Leaving_Carriageway,Hit_Object_off_Carriageway,1st_Point_of_Impact,Was_Vehicle_Left_Hand_Drive?,Journey_Purpose_of_Driver,Sex_of_Driver,Age_of_Driver,Age_Band_of_Driver,Engine_Capacity_(CC),Propulsion_Code,Age_of_Vehicle,Driver_IMD_Decile,Driver_Home_Area_Type,Vehicle_IMD_Decile
201514K168415,1,9,0,9,0,6,0,0,0,0,1,1,6,2,46,8,1910,2,7,-1,1,-1
201514K168415,2,11,0,18,0,8,0,0,0,0,1,1,1,1,36,7,-1,-1,-1,-1,1,-1
201514K168515,1,9,0,3,0,0,0,0,0,0,2,1,6,2,64,9,1997,2,11,-1,1,-1
201514K168515,2,9,0,18,0,0,0,0,0,0,1,1,6,3,-1,-1,-1,-1,-1,-1,-1,-1
201514K168715,1,11,0,14,0,2,0,0,0,0,1,1,1,1,48,8,4461,2,2,-1,1,-1
201514K168815,1,9,0,3,0,1,0,0,0,0,2,1,6,2,63,9,1388,1,12,-1,1,-1
201514K168815,2,9,0,18,0,1,0,0,0,0,1,1,6,3,-1,-1,-1,-1,-1,-1,-1,-1
201514K169615,1,5,0,18,0,4,1,0,0,0,0,1,6,1,64,9,599,1,11,-1,1,-1
201514K169615,2,9,0,18,0,8,0,0,0,0,0,1,6,3,41,7,1598,1,5,-1,1,-1
201514K169915,1,9,0,18,0,0,0,0,0,0,1,1,2,2,58,9,1995,2,7,-1,1,-1
201514K170215,1,9,0,18,0,8,0,0,0,0,4,1,6,2,45,7,1749,1,12,-1,1,-1
201514K170215,2,9,0,18,0,6,0,0,0,0,1,1,6,2,25,5,1796,1,13,-1,1,-1
201514K170315,1,9,0,3,0,8,0,0,0,0,2,1,6,2,44,7,1560,2,1,-1,1,-1
201514K170315,2,9,0,18,0,8,0,0,0,0,1,1,6,1,41,7,1368,1,8,-1,1,-1
201514K170615,1,10,0,1,0,6,0,0,0,0,2,1,1,1,68,10,2143,2,5,-1,1,-1
201514K170715,1,9,0,9,0,8,0,0,0,0,1,1,6,2,78,11,1396,1,18,-1,1,-1
201514K170715,2,5,0,18,0,8,0,0,0,0,1,1,6,1,39,7,998,1,16,-1,1,-1
201514K170815,1,9,0,4,0,6,0,0,0,0,1,1,6,2,50,8,1968,2,4,-1,1,-1
201514K170815,2,8,0,18,0,2,0,0,0,0,2,1,1,1,36,7,1896,2,7,-1,1,-1
201514K170915,1,9,0,6,0,6,0,0,0,0,3,1,2,2,63,9,1560,2,3,-1,2,-1
201514K170915,2,5,0,15,0,1,1,0,0,0,1,1,6,1,21,5,49,1,10,-1,1,-1
201514K171015,1,9,0,1,0,6,0,0,3,4,2,1,6,2,71,10,1560,2,3,-1,1,-1
201514K171515,1,9,0,13,0,8,0,0,0,0,1,1,6,1,25,5,1968,2,-1,-1,1,-1
201514K171515,2,9,0,9,0,5,0,0,0,0,1,1,6,1,40,7,1968,2,7,-1,1,-1
201514K171715,1,9,0,18,0,8,0,0,0,0,1,1,1,2,29,6,1248,2,3,-1,1,-1
201514K171715,2,8,0,18,0,6,0,0,0,0,1,1,1,1,41,7,1968,2,3,-1,1,-1
201514K172915,1,9,0,18,0,0,2,0,0,0,3,1,6,2,52,8,998,1,3,-1,1,-1
201514K172915,2,21,0,11,0,0,0,0,0,0,4,1,6,1,40,7,12419,2,2,-1,2,-1
201514K173115,1,9,0,6,0,0,0,0,0,0,3,1,2,1,45,7,1999,1,9,-1,1,-1
201514K173115,2,5,0,14,0,0,1,0,0,0,1,1,2,1,31,6,599,1,6,-1,1,-1
201514K173215,1,9,0,5,0,1,0,0,0,0,4,1,6,1,34,6,1586,1,9,-1,1,-1
201514K173215,2,9,0,18,0,1,0,0,0,0,1,1,6,1,21,5,1388,1,13,-1,1,-1
201514K174015,1,9,0,18,0,8,0,0,0,0,3,1,6,1,70,10,2400,2,3,-1,1,-1
201514K174015,2,9,0,18,0,8,0,0,0,0,1,1,6,1,28,6,1997,2,6,-1,1,-1
201514K174415,1,9,0,18,0,1,0,0,0,0,1,1,6,1,22,5,1390,1,5,-1,1,-1
201514K174415,2,9,0,8,0,5,0,0,0,0,2,1,6,1,45,7,1896,2,7,-1,1,-1
201514K174515,1,9,0,18,0,1,0,0,0,0,2,1,6,1,27,6,1560,2,-1,-1,1,-1
201514K174515,2,9,0,18,0,1,0,0,0,0,1,1,1,1,24,5,-1,-1,-1,-1,-1,-1
201514K174615,1,9,0,9,0,8,0,0,0,0,1,1,2,2,50,8,999,1,2,-1,1,-1
201514K174615,2,3,0,18,0,8,1,0,0,0,1,1,6,1,17,4,125,1,9,-1,1,-1
201514K174715,1,9,0,3,0,1,0,0,0,0,1,1,6,1,18,4,1229,1,6,-1,1,-1
201514K174715,2,9,0,1,0,2,0,0,0,0,2,1,6,1,52,8,2495,2,28,-1,1,-1
201514K174815,1,9,0,18,1,0,0,0,0,0,1,1,6,1,34,6,1870,2,10,-1,1,-1
201514K174915,1,9,0,18,0,8,0,0,0,0,4,1,6,2,25,5,1149,1,17,-1,1,-1
201514K174915,2,9,0,18,0,6,0,0,0,0,1,1,6,2,47,8,-1,-1,-1,-1,1,-1
201514K175015,1,9,0,18,0,1,0,0,3,1,1,1,6,1,30,6,1968,2,10,-1,1,-1
201514K175215,1,9,0,18,0,1,0,0,0,0,1,1,6,1,-1,-1,1560,2,5,-1,-1,-1
201514K175215,2,9,0,3,0,1,0,0,0,0,2,1,6,1,59,9,998,1,15,-1,1,-1
201514K175215,3,9,0,18,0,1,0,0,0,0,1,1,6,3,-1,-1,1999,1,10,-1,-1,-1
201514K175315,1,11,0,5,0,1,0,0,0,0,1,1,6,3,-1,-1,-1,-1,-1,-1,1,-1
201514K175615,1,9,0,3,0,0,0,0,0,0,2,1,2,2,61,9,1587,1,15,-1,1,-1
201514K175615,2,9,0,3,0,0,0,0,0,0,2,1,2,2,29,6,1198,1,8,-1,1,-1
201514K175615,3,9,0,18,0,0,0,0,0,0,1,1,2,1,37,7,-1,-1,-1,-1,1,-1
201514K175715,1,9,0,18,0,0,0,0,0,0,3,1,6,2,76,11,1995,1,14,-1,1,-1
201514K175815,1,9,0,4,0,0,0,0,0,0,2,1,1,2,35,6,995,1,3,-1,2,-1
201514K175815,2,9,0,18,0,0,0,0,0,0,1,1,6,2,63,9,1997,1,1,-1,1,-1
201514K175915,1,9,0,5,0,1,0,0,0,0,1,1,6,2,46,8,1149,1,9,-1,1,-1
201514K176015,1,9,0,18,0,0,0,4,0,0,4,1,2,1,41,7,1783,1,13,-1,1,-1
201514K176015,2,9,0,2,0,0,0,0,0,0,2,1,6,2,19,4,998,1,15,-1,1,-1
201514K176015,3,9,0,2,0,0,0,0,0,0,2,1,6,1,61,9,1364,2,10,-1,1,-1
201514K176215,1,9,0,18,0,0,0,0,0,0,4,1,6,1,66,10,1461,2,2,-1,1,-1
201514K176615,1,9,0,18,0,2,0,0,0,0,1,1,6,2,46,8,1896,2,10,-1,1,-1
201514K176815,1,9,0,18,0,6,0,0,3,11,1,1,6,1,73,10,1560,2,6,-1,1,-1
201514K177015,1,9,0,18,0,8,0,0,0,0,1,1,1,1,53,8,1248,2,3,-1,1,-1
201514K177015,2,9,0,18,0,8,0,0,0,0,4,1,1,1,46,8,1997,2,7,-1,1,-1
201514K177115,1,9,0,18,0,1,0,0,0,0,1,1,6,1,64,9,2993,2,7,-1,3,-1
201514K177115,2,9,0,2,0,1,0,0,0,0,2,1,6,1,60,9,1399,1,8,-1,1,-1
201514K177115,3,9,0,2,0,1,0,0,0,0,2,1,6,1,22,5,1995,2,2,-1,2,-1
201514K177215,1,9,0,4,0,0,0,0,0,0,2,1,6,2,73,10,3996,1,15,-1,-1,-1
201514K177215,2,9,0,18,0,0,0,0,0,0,1,1,1,1,49,8,1753,2,13,-1,1,-1
201514K177215,3,21,1,18,0,0,0,0,0,0,1,1,1,1,40,7,10837,2,5,-1,1,-1
201514K177215,4,21,0,18,0,0,0,0,0,0,1,1,1,1,48,8,12900,2,3,-1,1,-1
201514K177815,1,9,0,5,0,8,0,0,0,0,3,1,6,1,56,9,1390,1,17,-1,1,-1
201514K177815,2,1,0,7,0,6,0,0,0,0,1,1,6,1,58,9,-1,-1,-1,-1,1,-1
201514K178015,1,9,0,18,0,0,2,0,0,0,1,1,6,1,17,4,1360,1,15,-1,3,-1
201514K178115,1,9,0,3,0,0,0,0,0,0,3,1,6,2,24,5,1198,1,2,-1,1,-1
201514K178115,2,9,0,5,0,0,0,0,0,0,3,1,6,1,59,9,1988,2,9,-1,1,-1
201514K178415,1,9,0,1,0,8,0,0,0,0,2,1,6,1,42,7,-1,-1,-1,-1,1,-1
201514K178815,1,9,0,18,0,1,0,0,0,0,1,1,6,2,22,5,1360,1,15,-1,1,-1
201514K178815,2,9,0,9,0,6,0,0,0,0,1,1,6,1,-1,-1,1590,1,15,-1,1,-1
201514K179515,1,9,0,3,0,0,0,0,0,0,2,1,6,1,22,5,998,5,11,-1,1,-1
201514K179515,2,9,0,4,0,0,0,0,0,0,2,1,6,1,32,6,1986,2,8,-1,1,-1
201514K179515,3,9,0,18,0,0,0,0,0,0,1,1,6,3,-1,-1,1968,2,5,-1,-1,-1
201514K179615,1,9,0,9,0,6,0,0,0,0,4,1,6,2,31,6,1587,1,12,-1,1,-1
201514K179615,2,9,0,18,0,8,0,0,0,0,1,1,6,2,33,6,1108,1,8,-1,1,-1
201514K179715,1,9,0,18,0,8,0,0,0,0,1,1,6,1,35,6,1461,2,1,-1,1,-1
201514K179715,2,9,0,9,0,5,0,0,0,0,4,1,1,1,37,7,1956,2,6,-1,1,-1
201514K179915,1,1,0,18,0,8,0,0,0,0,4,1,6,1,32,6,-1,-1,-1,-1,1,-1
201514K179915,2,9,0,9,0,6,0,0,0,0,1,1,2,1,33,6,3199,1,13,-1,1,-1
201514K180015,1,9,0,1,0,6,0,0,0,0,2,1,6,2,50,8,1390,1,12,-1,1,-1
201514K180415,1,9,0,10,0,1,0,0,0,0,2,1,1,2,44,7,1198,1,3,-1,1,-1
201514K180415,2,9,0,3,0,1,0,0,0,0,2,1,2,1,39,7,1198,1,5,-1,1,-1
201514K180415,3,9,0,18,0,1,0,0,0,0,1,1,2,1,24,5,1398,2,10,-1,1,-1
201514K180715,1,19,0,9,0,5,0,0,0,0,4,1,6,3,-1,-1,2402,2,12,-1,-1,-1
201514K180715,2,1,0,18,2,1,0,0,0,0,1,1,2,2,35,6,-1,-1,-1,-1,1,-1
201514K181315,1,9,0,18,0,0,1,0,7,4,1,1,6,1,72,10,-1,-1,-1,-1,1,-1
201514K181315,2,9,0,18,0,0,0,0,0,0,1,1,6,2,64,9,1560,2,1,-1,1,-1
201514K181315,3,11,0,18,0,0,0,0,0,0,3,1,1,1,51,8,4500,2,4,-1,2,-1
201514K181615,1,9,0,18,0,0,0,0,0,0,1,1,6,3,-1,-1,-1,-1,-1,-1,1,-1
201514K181815,1,9,0,2,0,0,0,0,0,0,1,1,6,1,42,7,1560,2,5,-1,1,-1
201514K181815,2,9,0,1,0,0,0,0,0,0,2,1,6,1,67,10,-1,-1,-1,-1,1,-1
201514K182215,1,9,0,3,0,1,0,0,0,0,2,1,6,2,47,8,1997,2,8,-1,1,-1
201514K182215,2,9,0,18,0,1,0,0,0,0,1,1,6,1,37,7,-1,-1,-1,-1,1,-1
201514K182415,1,9,0,18,0,8,0,0,0,0,3,1,6,2,21,5,998,1,7,-1,1,-1
201514K182415,2,9,0,18,0,6,0,0,0,0,1,1,6,1,-1,-1,2198,2,1,-1,1,-1
201514K182715,1,9,0,18,0,0,0,0,0,0,1,1,6,1,46,8,-1,-1,-1,-1,1,-1
201514K183015,1,9,0,1,0,2,0,0,0,0,1,1,6,2,28,6,973,1,12,-1,1,-1
201514K183015,2,9,0,2,0,1,0,0,0,0,1,1,6,1,32,6,2979,1,8,-1,1,-1
201514K183315,1,11,0,15,0,8,0,0,0,0,1,1,1,1,31,6,6700,2,5,-1,2,-1
201514K183315,2,9,0,10,0,8,0,0,0,0,2,1,1,1,47,8,973,1,12,-1,1,-1
201514K183415,1,9,0,4,0,1,0,0,0,0,2,1,1,2,25,5,1390,1,2,-1,1,-1
201514K183415,2,9,0,4,0,1,0,0,0,0,1,1,6,3,-1,-1,1896,2,12,-1,-1,-1
201514K183815,1,9,0,18,0,2,0,0,0,0,3,1,6,1,19,4,1117,1,28,-1,2,-1
201514K183815,2,9,0,5,0,2,0,0,0,0,1,1,6,3,-1,-1,1390,1,14,-1,2,-1
201514K184615,1,9,0,6,0,8,0,0,0,0,3,1,6,1,27,6,1560,2,6,-1,1,-1
201514K184615,2,9,0,1,0,8,0,0,0,0,2,1,2,1,35,6,1796,1,11,-1,1,-1
201514K185015,1,9,0,3,0,1,0,0,0,0,2,1,6,1,37,7,1896,2,9,-1,1,-1
201514K185015,2,9,0,3,0,1,0,0,0,0,2,1,6,1,27,6,1598,2,3,-1,1,-1
201514K185015,3,21,0,18,0,1,0,0,0,0,1,1,6,1,29,6,-1,2,11,-1,1,-1
201514K185215,1,9,0,1,0,0,0,0,0,0,2,1,6,1,39,7,2204,2,11,-1,1,-1
201514K185315,1,9,0,13,0,0,2,10,7,0,3,1,6,1,32,6,1900,2,15,-1,1,-1
201514K186015,1,9,0,12,0,0,1,0,0,0,3,1,6,2,67,10,-1,-1,-1,-1,1,-1
201514K186015,2,19,0,18,0,0,0,0,0,6,4,1,1,1,57,9,1753,2,4,-1,1,-1
201514K186815,1,8,0,18,0,0,0,0,0,0,2,1,1,1,41,7,2402,2,13,-1,1,-1
201514K186815,2,9,0,18,0,0,0,0,0,0,1,1,6,1,51,8,1796,1,10,-1,1,-1
201514K186915,1,9,0,13,0,0,0,0,0,0,1,1,6,1,19,4,2967,2,6,-1,1,-1
201514K186915,2,9,0,15,0,0,0,0,0,0,0,1,6,3,-1,-1,-1,-1,-1,-1,-1,-1
201514K186915,3,19,0,18,0,0,0,0,0,0,1,1,1,1,37,7,2464,2,7,-1,1,-1
201514K187115,1,9,0,12,0,0,0,0,0,0,2,1,2,1,53,8,1968,2,1,-1,2,-1
201514K187115,2,9,0,18,0,0,0,0,0,0,1,1,2,1,28,6,-1,-1,-1,-1,2,-1
201514K187115,3,9,0,18,0,0,0,0,0,0,1,1,2,2,23,5,1360,1,12,-1,2,-1
201514K187115,4,9,0,18,0,0,0,0,0,0,1,1,2,1,25,5,1998,1,11,-1,1,-1
201514K187315,1,9,0,2,0,2,0,0,0,0,1,1,6,2,25,5,1242,1,13,-1,1,-1
201514K187315,2,9,0,1,0,2,0,0,0,0,2,1,6,1,58,9,3222,2,12,-1,1,-1
201514K187415,1,9,0,18,0,0,0,0,0,0,3,1,2,1,29,6,1388,1,4,-1,1,-1
201514K187615,1,9,0,9,0,6,0,0,0,0,3,1,6,3,-1,-1,-1,-1,-1,-1,-1,-1
201514K187615,2,5,0,13,0,1,0,0,0,0,1,1,6,1,64,9,1050,1,10,-1,1,-1
201514K188115,1,3,0,18,0,0,0,0,0,0,4,1,2,1,45,7,125,1,50,-1,1,-1
201514K188115,2,9,0,13,0,0,0,0,0,0,0,1,6,3,-1,-1,-1,-1,-1,-1,-1,-1
201514K188315,1,9,0,18,0,0,0,0,0,0,1,1,2,2,44,7,1461,2,1,-1,1,-1
201514K188315,2,21,1,18,0,0,0,0,0,0,2,1,1,1,22,5,9200,2,4,-1,1,-1
201514K188615,1,3,0,14,0,0,1,0,0,0,1,1,6,1,61,9,125,1,49,-1,2,-1
201514K188615,2,9,0,5,0,0,0,0,0,0,3,1,6,1,54,8,-1,-1,-1,-1,1,-1
201514K188915,1,8,0,5,0,0,0,0,0,0,1,1,1,1,63,9,1956,2,5,-1,1,-1
201514K189315,1,9,0,9,0,8,0,0,0,0,1,1,6,1,43,7,1968,2,8,-1,1,-1
201514K189315,2,9,0,18,0,8,0,0,0,0,1,1,6,2,39,7,1995,2,5,-1,1,-1
201514K189915,1,9,0,9,0,1,0,7,0,0,1,1,2,2,52,8,1598,1,9,-1,1,-1
201514K190115,1,9,0,3,0,1,0,0,0,0,3,1,6,1,39,7,1598,1,9,-1,1,-1
201514K190115,2,9,0,7,0,5,0,0,1,4,1,1,6,1,68,10,999,1,6,-1,1,-1
201514K190515,1,9,0,4,0,1,0,0,0,0,1,1,1,2,19,4,1242,1,5,-1,1,-1
201514K190615,1,9,0,17,0,0,0,0,0,0,1,1,6,1,29,6,1997,2,9,-1,1,-1
201514K190615,2,9,0,16,0,0,0,0,0,0,1,1,6,2,22,5,1360,1,10,-1,1,-1
201514K191415,1,1,0,18,0,0,0,0,0,0,2,1,6,1,57,9,-1,-1,-1,-1,1,-1
201514K191415,2,9,0,18,0,0,0,0,0,0,1,1,6,3,-1,-1,-1,-1,-1,-1,-1,-1
201514K191515,1,9,0,5,0,6,0,0,0,0,3,1,6,1,39,7,1998,2,9,-1,1,-1
201514K191515,2,9,0,18,0,1,0,0,0,0,1,1,6,1,24,5,1968,2,9,-1,-1,-1
201514K191615,1,9,0,5,0,1,0,0,0,0,3,1,6,1,63,9,1998,1,11,-1,1,-1
201514K191615,2,9,0,18,0,1,0,0,1,1,1,1,6,1,53,8,2656,1,9,-1,1,-1
201514K191615,3,9,0,8,0,1,0,0,0,0,3,1,6,2,22,5,998,1,7,-1,1,-1
201514K191715,1,9,0,18,0,1,0,4,0,0,1,1,6,2,18,4,1229,1,6,-1,1,-1
201514K191715,2,9,0,2,0,1,0,0,0,0,2,1,6,3,-1,-1,-1,-1,-1,-1,-1,-1
201514K191815,1,9,0,5,0,6,0,0,0,0,0,1,6,1,57,9,999,1,2,-1,1,-1
201514K191815,2,5,0,18,0,1,0,0,0,0,1,1,6,1,39,7,999,1,8,-1,1,-1
201514K191915,1,9,0,9,0,6,0,0,0,0,3,1,2,1,23,5,1598,1,-1,-1,1,-1
201514K191915,2,3,0,18,1,8,0,0,0,0,1,1,6,1,18,4,125,1,10,-1,1,-1
201514K192015,1,9,0,18,0,2,0,0,0,0,1,1,6,2,28,6,973,1,13,-1,1,-1
201514K192015,2,9,0,12,0,2,0,0,0,0,2,1,6,1,24,5,2143,2,3,-1,1,-1
201514K192115,1,9,0,18,0,8,0,0,0,0,1,1,6,1,32,6,1396,1,18,-1,1,-1
201514K192115,2,9,0,18,0,6,0,0,0,0,3,1,6,1,44,7,1422,2,5,-1,1,-1
201514K192215,1,9,0,4,0,8,0,0,7,0,1,1,6,2,46,8,1997,2,10,-1,1,-1
201514K192215,2,9,0,9,0,6,0,0,0,0,1,1,6,1,46,8,1968,2,1,-1,1,-1
201514K192315,1,9,0,18,0,1,0,0,2,10,1,1,6,1,27,6,2688,2,14,-1,1,-1
201514K192315,2,9,0,18,0,2,0,0,0,0,1,1,6,1,18,4,1242,1,10,-1,1,-1
201514K192315,3,9,0,18,0,2,0,0,0,0,1,1,6,1,23,5,-1,-1,-1,-1,1,-1
201514K192415,1,9,0,18,0,1,0,7,0,0,1,1,1,2,45,7,1399,2,8,-1,1,-1
201514K192515,1,9,0,18,0,0,2,10,1,4,1,1,6,3,-1,-1,1995,1,13,-1,1,-1
201514K192615,1,1,0,18,0,1,0,0,0,0,4,1,6,1,25,5,-1,-1,-1,-1,1,-1
201514K192615,2,9,0,13,0,1,0,0,0,0,3,1,6,3,-1,-1,-1,-1,-1,-1,-1,-1
201514K192715,1,9,0,18,0,1,0,10,1,11,1,1,6,1,34,6,1332,1,17,-1,1,-1
201514K193315,1,9,0,18,0,0,0,0,0,0,2,1,2,2,40,7,1461,2,4,-1,2,-1
201514K193315,2,9,0,18,0,0,0,0,0,0,1,1,2,2,38,7,998,1,8,-1,1,-1
201514K193615,1,9,0,18,0,1,0,0,0,0,4,1,6,2,23,5,1248,2,7,-1,1,-1
201514K193815,1,8,0,18,1,8,0,0,0,0,4,1,1,1,59,9,1998,2,5,-1,1,-1
201514K193815,2,8,0,4,0,6,0,0,0,0,1,1,1,1,46,8,1910,2,7,-1,1,-1
201514K194015,1,9,0,18,0,8,0,0,0,0,1,1,6,1,53,8,1461,2,4,-1,1,-1
201514K194015,2,1,0,18,0,4,0,0,0,0,3,1,6,1,52,8,-1,-1,-1,-1,1,-1
201514K194315,1,9,0,8,0,1,0,0,0,0,4,1,1,1,50,8,999,1,1,-1,2,-1
201514K194315,2,1,0,18,9,6,0,0,0,0,1,1,6,1,44,7,-1,-1,-1,-1,1,-1
201514K194915,1,9,0,18,0,2,0,0,0,0,1,1,6,2,44,7,1086,1,11,-1,1,-1
201514K195015,1,9,0,1,0,0,0,4,0,0,1,1,6,1,27,6,1997,2,6,-1,1,-1
201514K195015,2,9,0,2,0,0,0,0,0,0,1,1,6,3,-1,-1,1686,2,12,-1,-1,-1
201514K195715,1,1,0,18,9,8,0,0,0,0,1,1,6,1,43,7,-1,-1,-1,-1,1,-1
201514K195715,2,9,0,1,9,6,0,0,0,0,2,1,6,3,-1,-1,-1,-1,-1,-1,-1,-1
201514K195815,1,9,0,5,0,6,0,0,0,0,3,1,6,1,28,6,1497,1,13,-1,1,-1
201514K195815,2,9,0,18,0,8,0,0,0,0,1,1,2,1,20,4,1598,1,7,-1,1,-1
201514K195915,1,9,0,18,0,4,0,0,0,0,1,1,6,1,62,9,1956,2,6,-1,1,-1
201514K195915,2,9,0,18,0,8,0,0,0,0,4,1,6,1,34,6,1984,1,13,-1,1,-1
201514K196015,1,9,0,18,0,0,0,0,0,0,2,1,2,1,40,7,1796,1,11,-1,1,-1
201514K196015,2,9,0,18,0,0,0,0,0,0,1,1,6,3,-1,-1,3199,1,15,-1,-1,-1
201514K196615,1,5,0,4,0,0,0,0,0,0,1,1,6,2,51,8,-1,-1,-1,-1,2,-1
201514K196615,2,5,0,18,0,0,0,0,0,0,1,1,6,1,54,8,1170,1,10,-1,1,-1
201514K196615,3,9,0,4,0,0,0,0,0,0,2,1,6,2,25,5,1200,1,-1,-1,1,-1
201514K196915,1,1,0,18,0,0,0,0,0,0,1,1,6,1,41,7,-1,-1,-1,-1,1,-1
201514K196915,2,9,0,5,0,0,0,0,0,0,1,1,6,1,41,7,1240,1,8,-1,1,-1
201514K197315,1,9,0,18,0,0,0,10,0,0,3,1,6,2,30,6,1588,1,13,-1,1,-1
201514K197315,2,9,0,13,0,0,0,0,0,0,1,1,6,3,-1,-1,1896,2,12,-1,-1,-1
201514K197515,1,9,0,18,0,8,0,0,0,0,3,1,6,1,56,9,1997,2,8,-1,1,-1
201514K197515,2,9,0,9,0,8,0,0,0,0,1,1,6,2,28,6,1598,1,16,-1,1,-1
201514K197715,1,9,0,4,0,6,1,0,0,0,1,1,6,1,39,7,1998,1,7,-1,1,-1
201514K197715,2,9,0,18,0,8,0,0,0,0,4,1,6,2,21,5,1390,1,4,-1,1,-1
201514K197715,3,9,0,2,0,2,0,0,0,0,4,1,6,2,52,8,1364,1,8,-1,1,-1
201514K198215,1,19,0,18,0,0,5,7,0,0,1,1,6,1,26,6,2198,2,1,-1,1,-1
201514K198515,1,9,0,2,2,2,0,0,0,0,3,1,6,2,56,9,998,1,1,-1,1,-1
201514K198515,2,5,0,12,0,2,0,8,0,0,1,1,6,1,45,7,-1,-1,-1,-1,1,-1
201514K198515,3,9,0,18,0,2,0,0,0,0,4,1,6,1,51,8,1997,2,2,-1,1,-1
201514K198615,1,19,0,18,0,0,0,0,0,0,1,1,6,3,-1,-1,-1,-1,-1,-1,1,-1
201514K198715,1,9,0,6,0,8,0,0,0,0,4,1,1,1,46,8,2000,2,4,-1,1,-1
201514K199015,1,1,0,18,1,1,0,0,0,0,0,1,6,2,56,9,-1,-1,-1,-1,1,-1
201514K199115,1,9,0,3,0,1,0,0,0,0,2,1,6,2,49,8,1461,2,10,-1,1,-1
201514K199115,2,9,0,18,0,1,0,0,0,0,1,1,6,1,28,6,1968,2,8,-1,1,-1
201514K199215,1,9,0,18,0,8,0,0,0,0,1,1,6,3,22,5,1997,2,-1,-1,1,-1
201514K199315,1,9,0,3,0,1,0,0,0,0,0,1,6,1,77,11,1798,1,9,-1,3,-1
201514K199315,2,9,0,4,0,1,0,0,0,0,1,1,6,1,81,11,1397,1,4,-1,1,-1
201514K199415,1,8,0,18,0,8,0,0,0,0,4,1,1,1,37,7,1956,2,4,-1,1,-1
201514K199415,2,9,0,9,0,6,0,0,0,0,1,1,6,1,18,4,1596,1,11,-1,3,-1
201514K199515,1,9,0,18,0,0,0,0,0,0,0,1,6,1,50,8,1896,2,12,-1,1,-1
201514K199615,1,9,0,18,0,2,1,0,1,1,4,1,6,1,51,8,1596,1,10,-1,1,-1
201514K199715,1,9,0,9,0,8,0,0,0,0,3,1,6,1,42,7,2993,2,11,-1,1,-1
201514K199715,2,9,0,18,0,8,0,0,0,0,1,1,6,2,21,5,1248,1,2,-1,1,-1
201514K199815,1,11,0,3,0,1,0,0,0,0,0,1,1,1,64,9,4461,2,2,-1,1,-1
201514K200415,1,9,0,3,0,8,0,0,0,0,2,1,6,1,32,6,998,1,16,-1,1,-1
201514K200415,2,9,0,4,0,8,0,0,0,0,1,1,6,1,54,8,1229,1,8,-1,1,-1
201514K201115,1,9,0,9,0,8,0,0,0,0,1,1,6,1,25,5,1956,2,4,-1,1,-1
201514K201115,2,1,0,18,0,8,0,0,0,0,1,1,6,2,51,8,-1,-1,-1,-1,1,-1
201514K201615,1,9,0,3,0,1,0,0,0,0,2,1,6,2,56,9,1598,1,9,-1,1,-1
201514K201615,2,9,0,3,0,1,0,0,0,0,2,1,6,1,41,7,1240,1,12,-1,1,-1
201514K201615,3,9,0,4,0,1,0,0,0,0,1,1,6,1,38,7,-1,-1,-1,-1,1,-1
201514K202615,1,9,0,3,0,1,0,0,0,0,2,1,2,2,50,8,1398,1,2,-1,1,-1
201514K202615,2,9,0,18,0,1,0,0,0,0,1,1,6,3,-1,-1,-1,-1,-1,-1,-1,-1
201514K202815,1,9,0,18,0,0,0,0,0,0,1,1,6,2,26,6,1560,2,3,-1,1,-1
201514K203115,1,9,0,18,0,6,0,0,0,0,1,1,1,1,22,5,1240,1,12,-1,1,-1
201514K203115,2,9,0,18,0,8,0,0,0,0,3,1,6,1,18,4,1956,2,3,-1,1,-1
201514K203215,1,1,0,18,0,1,1,0,0,0,1,1,2,1,32,6,-1,-1,-1,-1,1,-1
201514K203215,2,9,0,7,0,6,0,0,0,0,3,1,6,1,50,8,1753,2,11,-1,1,-1
201514K203315,1,9,0,9,0,5,0,0,0,0,1,1,6,2,66,10,1198,1,3,-1,1,-1
201514K203315,2,1,0,18,0,8,0,0,0,0,1,1,6,1,54,8,-1,-1,-1,-1,1,-1
201514K203515,1,9,0,17,0,0,0,10,7,2,3,1,6,1,32,6,1591,1,-1,-1,1,-1
201514K203615,1,9,0,9,0,8,0,0,0,0,1,1,6,1,22,5,1998,6,15,-1,1,-1
201514K203615,2,1,0,18,0,8,0,0,0,0,1,1,6,1,27,6,-1,-1,-1,-1,1,-1
201514K203715,1,1,0,18,0,8,0,0,0,0,4,1,6,1,39,7,-1,-1,-1,-1,1,-1
201514K203715,2,9,0,18,0,4,0,0,0,0,1,1,1,1,37,7,1995,2,8,-1,1,-1
201514K203815,1,11,0,18,0,0,0,0,0,0,1,1,1,3,-1,-1,-1,-1,-1,-1,1,-1
201514K203915,1,9,0,9,0,8,0,0,0,0,4,1,6,1,84,11,1400,1,8,-1,1,-1