Accident_Index,Vehicle_Reference,Vehicle_Type,Towing_and_Articulation,Vehicle_Manoeuvre,Vehicle_Location-Restricted_Lane,Junction_Location,Skidding_and_Overturning,Hit_Object_in_Carriageway,Vehicle_Leaving_Carriageway,Hit_Object_off_Carriageway,1st_Point_of_Impact,Was_Vehicle_Left_Hand_Drive?,Journey_Purpose_of_Driver,Sex_of_Driver,Age_of_Driver,Age_Band_of_Driver,Engine_Capacity_(CC),Propulsion_Code,Age_of_Vehicle,Driver_IMD_Decile,Driver_Home_Area_Type,Vehicle_IMD_Decile
201514K203915,2,1,0,18,0,1,0,0,0,0,1,1,6,1,34,6,-1,-1,-1,-1,1,-1
201514K204015,1,9,0,9,0,5,0,0,0,0,1,1,6,2,37,7,-1,-1,-1,-1,1,-1
201514K204015,2,1,0,18,0,8,0,0,1,0,2,1,6,1,37,7,-1,-1,-1,-1,1,-1
201514K204815,1,9,0,5,0,8,0,0,0,0,1,1,2,1,55,8,1598,1,2,-1,1,-1
201514K204815,2,1,0,18,0,8,0,0,0,0,4,1,2,1,25,5,-1,-1,-1,-1,1,-1
201514K205015,1,9,0,13,0,1,0,0,0,0,1,1,6,1,49,8,1422,2,6,-1,1,-1
201514K205015,2,9,0,7,0,6,0,0,0,0,1,1,6,2,24,5,1200,1,2,-1,1,-1
201514K205615,1,9,0,7,0,2,0,0,0,0,4,1,6,1,26,6,1995,2,8,-1,3,-1
201514K205715,1,1,0,18,4,1,1,0,0,0,2,1,6,1,31,6,-1,-1,-1,-1,1,-1
201514K205715,2,9,0,13,1,1,0,0,0,0,1,1,6,3,-1,-1,-1,-1,-1,-1,-1,-1
201514K206015,1,21,0,12,0,0,0,0,0,0,3,1,1,1,38,7,-1,-1,-1,-1,-1,-1
201514K206015,2,9,0,18,0,0,1,0,0,0,4,1,2,1,52,8,1796,1,14,-1,2,-1
201514K206015,3,9,0,18,0,0,1,0,0,0,4,1,6,1,34,6,2967,2,8,-1,1,-1
201514K206215,1,9,0,18,0,0,0,0,0,0,1,1,6,1,66,10,2143,2,5,-1,1,-1
201514K206615,1,9,0,18,1,2,0,0,0,0,1,1,1,1,37,7,-1,-1,-1,-1,2,-1
201514K206715,1,9,0,18,0,2,0,7,7,10,1,1,6,1,70,10,1339,1,-1,-1,1,-1
201514K207215,1,11,0,18,0,8,0,0,0,0,4,1,1,1,23,5,6871,2,8,-1,1,-1
201514K207215,2,9,0,5,0,6,0,0,0,0,1,1,6,1,26,6,1590,1,13,-1,1,-1
201514K208115,1,9,0,18,0,0,0,0,0,0,2,1,6,2,48,8,2184,2,9,-1,1,-1
201514K208115,2,9,0,13,0,0,0,0,0,0,1,1,6,2,48,8,1398,2,12,-1,1,-1
201514K208115,3,9,0,18,0,0,0,0,0,0,0,1,1,1,35,6,-1,-1,-1,-1,-1,-1
201514K208415,1,9,0,18,0,0,0,0,0,0,1,1,6,2,19,4,1240,1,11,-1,1,-1
201514K208415,2,9,0,3,0,0,0,0,0,0,2,1,6,2,21,5,1390,1,10,-1,1,-1
201514K208415,3,9,0,3,0,0,0,0,0,0,2,1,6,2,52,8,1587,1,12,-1,1,-1
201514K208615,1,9,0,9,0,5,0,0,0,0,1,1,1,1,65,9,3436,1,3,-1,1,-1
201514K208915,1,9,0,18,0,1,0,0,0,0,3,1,1,2,27,6,2521,1,8,-1,1,-1
201514K208915,2,9,0,10,0,1,0,0,0,0,2,1,6,1,40,7,796,1,12,-1,1,-1
201514K209415,1,9,0,9,0,8,0,0,0,0,1,1,1,1,47,8,1910,2,8,-1,1,-1
201514K209415,2,9,0,7,0,8,0,0,0,0,1,1,6,1,48,8,1560,2,10,-1,1,-1
201514K209615,1,9,0,4,0,0,0,0,0,0,0,1,6,2,32,6,1796,1,8,-1,2,-1
201514K209615,2,9,0,12,0,0,0,0,0,0,2,1,6,2,42,7,2179,2,-1,-1,2,-1
201514K209615,3,19,0,12,0,0,0,0,0,0,1,1,1,1,36,7,2148,2,6,-1,1,-1
201514K209615,4,9,0,12,0,0,0,0,0,0,0,1,6,3,-1,-1,-1,-1,-1,-1,-1,-1
201514K209815,1,9,0,18,0,6,0,0,0,0,1,1,1,2,34,6,1198,1,1,-1,1,-1
201514K209815,2,9,0,18,0,8,1,0,0,0,4,1,3,2,28,6,1360,1,13,-1,1,-1
201514K209915,1,9,0,18,0,0,0,0,1,11,1,1,6,2,69,10,2435,1,16,-1,1,-1
201514K209915,2,9,0,2,0,0,0,0,0,0,2,1,6,1,33,6,1995,2,1,-1,1,-1
201514K210015,1,3,0,4,0,1,1,0,0,0,3,1,2,1,24,5,125,1,-1,-1,1,-1
201514K210015,2,9,0,9,0,1,0,0,0,0,0,1,2,2,45,7,1598,1,8,-1,-1,-1
201514K210215,1,9,0,18,0,4,0,0,0,0,1,1,2,1,53,8,1461,2,5,-1,3,-1
201514K210215,2,9,0,11,0,3,0,0,0,0,4,1,2,1,30,6,1339,1,5,-1,1,-1
201514K210415,1,9,0,18,0,8,0,0,0,0,4,1,2,1,49,8,1398,2,7,-1,1,-1
201514K210415,2,1,0,18,0,8,0,0,0,0,1,1,2,2,53,8,-1,-1,-1,-1,1,-1
201514K210515,1,9,0,9,0,5,0,0,0,0,4,1,6,1,18,4,1762,1,15,-1,1,-1
201514K210515,2,1,0,18,0,8,0,0,0,0,1,1,6,1,18,4,-1,-1,-1,-1,1,-1
201514K210915,1,11,0,18,0,0,0,0,0,0,1,1,1,3,-1,-1,-1,-1,-1,-1,1,-1
201514K211115,1,9,0,5,0,1,0,0,0,0,3,1,2,2,58,9,1598,1,2,-1,1,-1
201514K211415,1,9,0,18,0,8,0,0,0,0,1,1,1,2,46,8,1968,2,1,-1,1,-1
201514K211415,2,9,0,18,0,8,0,0,0,1,4,1,6,1,53,8,-1,-1,-1,-1,1,-1
201514K211515,1,9,0,18,0,0,0,0,0,0,3,1,1,2,27,6,1560,2,10,-1,1,-1
201514K211515,2,9,0,2,9,0,0,0,0,0,4,1,6,2,61,9,1769,1,13,-1,1,-1
201514K211715,1,9,0,18,0,8,0,0,0,0,1,1,2,2,21,5,1422,2,-1,-1,1,-1
201514K211715,2,9,0,9,0,5,0,0,0,0,1,1,2,1,28,6,1799,1,6,-1,1,-1
201514K211815,1,11,0,18,0,1,0,0,0,0,1,1,1,1,50,8,9600,2,15,-1,1,-1
201514K211915,1,9,0,18,0,8,0,0,0,0,2,1,6,2,41,7,1598,1,10,-1,1,-1
201514K211915,2,9,0,18,0,8,0,0,0,0,1,1,6,3,-1,-1,1598,1,6,-1,-1,-1
201514K212015,1,9,0,18,0,2,1,0,0,0,1,1,6,1,17,4,1598,1,13,-1,1,-1
201514K212015,2,9,0,18,0,2,0,0,0,0,1,1,6,1,37,7,-1,-1,-1,-1,1,-1
201514K212015,3,9,0,2,0,1,0,0,0,0,2,1,6,2,24,5,1685,2,-1,-1,1,-1
201514K212415,1,9,0,5,0,8,0,0,0,0,1,1,1,1,26,6,2143,2,2,-1,1,-1
201514K212415,2,9,0,3,0,8,0,0,0,0,2,1,6,2,26,6,1586,1,9,-1,1,-1
201514K212915,1,3,0,18,0,1,0,0,0,0,1,1,6,2,23,5,125,1,-1,-1,1,-1
201514K212915,2,9,0,7,0,8,0,0,0,0,3,1,6,2,29,6,1364,1,6,-1,1,-1
201514K213315,1,8,0,3,0,1,0,0,0,0,2,1,1,1,39,7,1598,2,4,-1,1,-1
201514K213315,2,9,0,18,0,1,0,0,0,0,1,1,6,2,-1,-1,1970,1,13,-1,-1,-1
201514K213415,1,9,0,18,0,1,1,6,2,11,4,1,6,1,19,4,1984,1,5,-1,1,-1
201514K213715,1,9,0,18,0,8,0,0,0,0,1,1,6,1,21,5,1590,1,11,-1,1,-1
201514K213715,2,1,0,18,0,8,1,0,0,0,1,1,6,1,36,7,-1,-1,-1,-1,1,-1
201514K213815,1,9,0,17,0,0,2,0,2,11,1,1,6,1,18,4,-1,-1,-1,-1,1,-1
201514K213815,2,9,0,17,0,0,0,0,0,0,0,1,1,1,52,8,1248,2,4,-1,1,-1
201514K213915,1,9,0,3,0,1,0,0,0,0,2,1,6,1,41,7,1364,1,7,-1,1,-1
201514K213915,2,9,0,18,0,1,0,0,0,0,1,1,6,1,41,7,1598,2,1,-1,1,-1
201514K214215,1,11,0,4,0,0,0,0,0,0,3,1,1,1,44,7,-1,-1,-1,-1,2,-1
201514K214215,2,16,0,18,0,0,0,0,0,0,0,1,6,2,55,8,-1,-1,-1,-1,1,-1
201514K215015,1,9,0,18,0,2,0,0,0,0,2,1,6,1,22,5,1995,2,13,-1,1,-1
201514K215015,2,9,0,18,0,2,0,0,0,0,1,1,6,2,75,10,1198,1,12,-1,1,-1
201514K215115,1,9,0,13,0,1,5,10,1,0,1,1,6,1,25,5,1395,1,-1,-1,1,-1
201514K215115,2,9,0,9,0,5,0,0,0,0,1,1,6,1,23,5,1390,1,9,-1,1,-1
201514K215215,1,9,0,7,0,5,0,0,0,0,3,1,6,3,-1,-1,-1,-1,-1,-1,1,-1
201514K215415,1,9,0,18,0,1,0,0,0,0,1,1,2,2,53,8,1598,1,4,-1,1,-1
201514K215515,1,9,0,10,0,1,0,0,0,0,1,1,6,1,55,8,1968,2,1,-1,1,-1
201514K215515,2,9,0,18,0,1,0,0,0,0,2,1,6,1,43,7,-1,-1,-1,-1,1,-1
201514K215615,1,21,0,12,0,0,0,0,0,0,1,1,1,1,54,8,-1,-1,-1,-1,-1,-1
201514K215615,2,9,0,18,0,0,2,0,1,7,2,1,6,1,68,10,2993,2,7,-1,3,-1
201514K216215,1,9,0,9,0,5,0,0,0,0,3,1,6,1,26,6,1686,2,11,-1,1,-1
201514K216215,2,9,0,13,0,1,0,0,0,0,1,1,6,1,45,7,1997,2,8,-1,1,-1
201514K216315,1,9,0,18,0,2,0,0,0,0,1,1,6,3,-1,-1,1968,2,-1,-1,1,-1
201514K216515,1,9,0,18,0,0,1,0,0,0,1,1,6,1,59,9,2997,1,17,-1,1,-1
201514K216515,2,9,0,18,0,0,0,0,0,0,2,1,6,2,-1,-1,1339,1,13,-1,2,-1
201514K216515,3,9,0,18,0,0,0,0,0,0,0,1,6,3,-1,-1,-1,-1,-1,-1,-1,-1
201514K217315,1,9,0,3,0,1,0,0,0,0,3,1,6,1,24,5,1198,1,1,-1,1,-1
201514K217315,2,9,0,14,0,1,0,0,0,0,4,1,6,3,-1,-1,-1,-1,-1,-1,-1,-1
201514K217415,1,9,0,5,0,6,0,0,0,0,2,1,6,1,80,11,-1,-1,-1,-1,1,-1
201514K217415,2,9,0,18,0,1,0,0,2,11,1,1,2,1,21,5,-1,-1,-1,-1,1,-1
201514K217715,1,9,0,18,0,0,0,0,0,0,1,1,6,1,22,5,2597,1,13,-1,1,-1
201514K218015,1,9,0,18,0,0,0,0,0,0,2,1,6,1,38,7,1896,2,7,-1,1,-1
201514K218015,2,9,0,5,0,0,0,0,0,0,1,1,6,1,42,7,1596,1,4,-1,1,-1
201514K218215,1,9,0,9,0,6,0,0,0,0,1,1,6,1,19,4,1364,1,-1,-1,1,-1
201514K218215,2,1,0,9,0,6,0,0,0,0,3,1,6,1,15,3,-1,-1,-1,-1,1,-1
201514K218615,1,9,0,5,0,4,0,0,0,0,1,1,6,1,55,8,1364,1,8,-1,1,-1
201514K218615,2,9,0,17,0,3,0,0,0,0,4,1,1,1,40,7,1995,2,5,-1,1,-1
201514K218815,1,9,0,18,0,8,0,0,0,0,1,1,6,1,58,9,2231,2,2,-1,1,-1
201514K218815,2,9,0,9,0,6,0,0,0,0,1,1,6,2,53,8,1796,1,12,-1,1,-1
201514K219215,1,18,0,18,1,1,0,0,0,0,0,1,6,1,35,6,-1,-1,-1,-1,1,-1
201514K219215,2,9,0,18,0,8,0,0,0,0,0,1,6,1,25,5,1560,2,6,-1,1,-1
201514K219315,1,9,0,5,0,0,0,0,0,0,1,1,6,1,22,5,1560,2,9,-1,1,-1
201514K219415,1,9,0,18,0,0,0,0,0,0,1,1,6,1,41,7,1391,1,13,-1,1,-1
201514K219415,2,1,0,4,0,0,0,0,0,0,2,1,6,1,26,6,-1,-1,-1,-1,1,-1
201514K219815,1,9,0,18,0,1,0,0,0,0,1,1,1,1,48,8,1248,2,2,-1,1,-1
201514K219815,2,9,0,10,0,1,0,0,0,0,1,1,1,1,37,7,-1,-1,-1,-1,1,-1
201514K220815,1,9,0,18,0,0,0,0,0,0,1,1,6,2,48,8,1560,2,1,-1,3,-1
201514K220815,2,2,0,18,0,0,1,0,0,0,3,1,6,1,16,4,49,1,9,-1,1,-1
201514K221415,1,9,0,18,0,0,0,0,0,0,3,1,6,1,29,6,1956,2,-1,-1,1,-1
201514K221415,2,9,0,3,0,0,0,0,0,0,3,1,1,1,61,9,1798,8,2,-1,1,-1
201514K221515,1,1,0,18,0,8,0,0,0,0,1,1,6,1,62,9,-1,-1,-1,-1,1,-1
201514K221515,2,9,0,5,0,6,0,0,0,0,1,1,6,1,80,11,1591,1,-1,-1,1,-1
201514K221615,1,9,0,4,0,0,0,0,0,0,2,1,6,2,20,4,1199,1,12,-1,1,-1
201514K221615,2,21,0,4,0,0,0,0,0,0,1,1,1,1,50,8,12740,2,3,-1,1,-1
201514K221815,1,9,0,1,0,0,0,0,0,0,2,1,2,2,55,8,1968,2,4,-1,1,-1
201514K222215,1,9,0,3,0,1,0,0,0,0,2,1,1,2,34,6,1364,1,6,-1,1,-1
201514K222215,2,9,0,18,0,1,0,0,0,0,1,1,6,1,47,8,-1,-1,-1,-1,1,-1
201514K222515,1,8,0,5,0,2,0,0,0,0,2,1,6,1,36,7,2199,2,6,-1,1,-1
201514K223415,1,9,0,9,0,5,0,0,0,0,1,1,1,1,40,7,1560,2,1,-1,1,-1
201514K223415,2,9,0,18,0,1,0,0,0,0,1,1,6,1,32,6,1299,1,13,-1,1,-1
201514K223615,1,11,0,4,0,0,0,0,0,0,0,1,1,1,52,8,4461,2,2,-1,1,-1
201514K224115,1,9,0,18,0,8,0,0,0,0,4,1,6,3,-1,-1,-1,-1,-1,-1,1,-1
201514K224615,1,19,0,18,0,8,5,0,0,0,4,1,1,1,40,7,-1,-1,-1,-1,1,-1
201514K224615,2,9,0,18,0,8,1,0,0,0,1,1,6,1,37,7,-1,-1,-1,-1,1,-1
201514K224615,3,9,0,18,0,1,0,0,0,0,0,1,6,1,28,6,-1,-1,-1,-1,1,-1
201514K224915,1,9,0,9,0,6,0,0,0,0,1,1,6,1,84,11,1796,1,9,-1,1,-1
201514K224915,2,9,0,18,0,1,0,0,0,0,1,1,6,1,45,7,1229,1,9,-1,1,-1
201514K225015,1,3,0,13,0,1,0,0,0,0,1,1,6,1,27,6,124,1,4,-1,1,-1
201514K225015,2,9,0,9,0,5,0,0,0,0,3,1,6,1,31,6,1968,2,8,-1,1,-1
201514K225115,1,9,0,18,0,8,0,0,0,0,4,1,2,1,48,8,1398,1,13,-1,1,-1
201514K225115,2,9,0,5,0,8,0,0,0,0,1,1,2,1,51,8,1997,2,10,-1,1,-1
201514K225215,1,9,0,9,0,1,0,0,0,0,1,1,2,1,27,6,1590,1,15,-1,1,-1
201514K225215,2,3,0,18,0,1,1,0,0,0,1,1,2,1,49,8,124,1,14,-1,1,-1
201514K226115,1,3,0,15,0,1,0,0,0,0,3,1,6,1,17,4,124,1,12,-1,1,-1
201514K226115,2,19,0,9,0,5,0,0,0,0,4,1,2,1,-1,-1,1870,2,9,-1,-1,-1
201514K226415,1,9,0,18,0,3,0,0,0,0,1,1,6,1,38,7,-1,-1,-1,-1,1,-1
201514K226415,2,9,0,18,0,5,0,0,0,0,3,1,6,1,21,5,-1,-1,-1,-1,1,-1
201514K226715,1,1,0,18,0,1,0,0,0,0,1,1,6,2,50,8,-1,-1,-1,-1,1,-1
201514K226715,2,9,0,5,0,6,0,0,0,0,3,1,6,2,20,4,1598,2,1,-1,1,-1
201514K226915,1,3,0,18,0,8,0,0,0,0,1,1,2,1,22,5,-1,-1,-1,-1,1,-1
201514K226915,2,9,0,6,0,8,0,0,0,0,3,1,6,1,48,8,1896,2,12,-1,1,-1
201514K227115,1,9,0,4,0,1,0,0,0,0,2,1,6,1,33,6,1900,2,11,-1,1,-1
201514K227115,2,9,0,18,0,1,0,0,0,0,1,1,6,3,-1,-1,1995,2,11,-1,-1,-1
201514K227315,1,9,0,4,0,1,0,0,0,0,1,1,1,2,54,8,1560,2,2,-1,1,-1
201514K227315,2,1,0,18,0,6,0,0,0,0,1,1,6,1,9,2,-1,-1,-1,-1,1,-1
201514K227515,1,11,0,5,0,0,0,0,0,0,0,1,1,1,58,9,4461,2,2,-1,1,-1
201514K227715,1,9,0,9,0,5,0,0,0,0,1,1,1,1,21,5,1248,1,4,-1,2,-1
201514K227715,2,1,0,18,0,8,0,0,0,0,1,1,6,1,26,6,-1,-1,-1,-1,1,-1
201514K227815,1,9,0,5,0,3,0,0,0,0,2,1,6,2,23,5,-1,-1,-1,-1,1,-1
201514K227815,2,9,0,3,0,3,0,0,0,0,1,1,6,2,25,5,1598,1,10,-1,1,-1
201514K227915,1,9,0,5,0,8,1,0,0,0,1,1,6,2,43,7,1560,2,1,-1,1,-1
201514K227915,2,9,0,5,0,8,1,0,1,10,3,1,6,1,69,10,1229,1,9,-1,1,-1
201514K228015,1,9,0,5,0,0,0,0,0,0,1,1,1,1,36,7,1796,1,13,-1,1,-1
201514K228015,2,9,0,4,0,0,0,0,0,0,2,1,1,2,26,6,-1,-1,-1,-1,1,-1
201514K228815,1,9,0,18,0,1,0,0,0,0,1,1,1,1,31,6,1299,1,17,-1,1,-1
201514K228815,2,9,0,5,0,1,0,0,0,0,1,1,1,2,43,7,1399,2,9,-1,1,-1
201514K229515,1,9,0,14,0,1,0,0,0,0,1,1,3,2,27,6,1598,1,8,-1,1,-1
201514K229915,1,9,0,5,0,2,0,0,0,0,1,1,6,3,-1,-1,-1,-1,-1,-1,1,-1
201514K230015,1,9,0,5,0,0,0,4,0,0,1,1,6,2,77,11,1248,1,3,-1,1,-1
201514K230015,2,9,0,2,0,0,0,0,0,0,2,1,6,1,44,7,1598,1,4,-1,1,-1
201514K230515,1,9,0,4,0,0,0,0,0,0,2,1,6,1,18,4,1598,2,4,-1,1,-1
201514K230515,2,9,0,18,0,0,0,0,0,0,1,1,6,1,28,6,-1,-1,-1,-1,1,-1
201514K230815,1,11,0,4,0,0,0,0,0,0,0,1,1,3,-1,-1,-1,-1,-1,-1,1,-1
201514K230915,1,9,0,18,0,2,0,0,0,0,1,1,6,3,-1,-1,-1,-1,-1,-1,1,-1
201514K231015,1,21,0,18,0,0,0,0,0,0,4,1,6,1,55,8,4461,2,2,-1,1,-1
201514K231315,1,9,0,4,0,0,0,0,0,0,1,1,6,2,21,5,998,1,2,-1,1,-1
201514K231315,2,9,0,3,0,0,0,0,0,0,2,1,1,1,28,6,1968,2,5,-1,1,-1
201514K231315,3,9,0,3,0,0,0,0,0,0,2,1,6,1,50,8,2993,2,11,-1,1,-1
201514K231615,1,9,0,5,0,2,0,0,1,0,2,1,1,1,44,7,1998,2,11,-1,3,-1
201514K231615,2,9,0,18,2,1,0,0,1,0,1,1,1,1,35,6,1968,2,4,-1,1,-1
201514K231715,1,19,0,4,0,1,0,0,0,0,4,1,1,1,49,8,2198,2,3,-1,1,-1
201514K231715,2,1,0,18,9,1,0,0,0,0,1,1,2,1,31,6,-1,-1,-1,-1,1,-1
201514K231815,1,9,0,15,0,0,0,0,1,2,4,1,6,1,19,4,1598,1,14,-1,1,-1
201514K232215,1,9,0,5,0,0,0,0,0,0,2,1,6,3,-1,-1,-1,-1,-1,-1,1,-1
201514K232515,1,9,0,16,0,8,5,0,0,0,1,1,6,1,21,5,1124,1,11,-1,1,-1
201514K232815,1,9,0,5,0,1,1,0,0,0,1,1,6,1,32,6,998,1,11,-1,1,-1
201514K232815,2,9,0,5,0,1,1,10,1,7,3,1,2,2,24,5,1399,2,5,-1,1,-1
201514K232915,1,9,0,18,0,0,0,0,0,0,1,1,6,2,56,9,3200,2,9,-1,1,-1
201514K233015,1,9,0,18,0,0,0,0,8,11,1,1,6,1,27,6,-1,-1,-1,-1,1,-1
201514K233015,2,9,0,18,0,0,0,0,0,0,3,1,1,1,39,7,1398,2,13,-1,1,-1
201514K233515,1,9,0,6,0,0,0,0,1,5,4,1,6,1,43,7,2967,1,14,-1,1,-1
201514K233515,2,9,0,18,0,0,1,0,0,0,1,1,6,1,49,8,1399,1,10,-1,1,-1
201514K233815,1,9,0,3,0,1,0,0,0,0,2,1,1,1,19,4,1149,1,14,-1,1,-1
201514K233815,2,9,0,18,0,1,0,0,0,0,1,1,6,1,35,6,1598,1,8,-1,1,-1
201514K234515,1,9,0,18,0,8,0,0,0,0,1,1,2,2,23,5,1422,2,1,-1,3,-1
201514K234515,2,9,0,9,0,5,0,0,0,0,4,1,6,1,22,5,1299,1,11,-1,1,-1
201514K234615,1,1,0,18,0,0,0,0,0,0,1,1,6,1,37,7,-1,-1,-1,-1,1,-1
201514K234615,2,9,0,18,0,0,0,0,0,0,2,1,6,2,45,7,2993,2,2,-1,1,-1
201514K234715,1,9,0,3,0,0,0,0,0,0,1,1,6,2,21,5,998,1,1,-1,2,-1
201514K234715,2,9,0,1,0,0,0,0,0,0,2,1,6,2,51,8,1598,1,10,-1,2,-1
201514K234815,1,9,0,18,0,1,0,0,0,0,2,1,6,2,47,8,1396,1,4,-1,1,-1
201514K234815,2,9,0,18,0,1,0,0,0,0,1,1,6,3,-1,-1,-1,-1,-1,-1,-1,-1
201514K235015,1,21,0,18,0,8,0,0,0,0,1,1,1,1,68,10,12900,2,6,-1,1,-1
201514K235015,2,9,0,18,0,8,0,0,0,0,2,1,6,1,63,9,1995,2,7,-1,1,-1
201514K235615,1,3,0,18,0,0,1,4,0,0,1,1,6,1,62,9,124,1,4,-1,1,-1
201514K235615,2,9,0,2,0,0,0,0,0,0,2,1,6,3,-1,-1,-1,-1,-1,-1,-1,-1
201514K235715,1,21,0,18,0,0,0,0,0,0,4,1,1,1,43,7,-1,2,12,-1,1,-1
201514K235715,2,9,0,18,0,0,0,0,4,1,3,1,6,2,58,9,1332,1,9,-1,3,-1
201514K236015,1,11,0,9,0,8,0,0,0,0,1,1,1,1,41,7,4461,2,2,-1,1,-1
201514K236315,1,9,0,18,0,4,0,0,0,0,1,1,1,1,29,6,1598,2,3,-1,1,-1
201514K236315,2,1,0,18,0,8,0,0,0,0,1,1,6,1,46,8,-1,-1,-1,-1,1,-1
201514K236415,1,9,0,18,0,1,0,0,0,0,1,1,6,1,19,4,1896,2,9,-1,-1,-1
201514K236415,2,9,0,18,0,8,1,0,0,10,3,1,6,2,33,6,1997,2,12,-1,1,-1
201514K236515,1,9,0,18,0,2,0,0,0,0,1,1,6,1,27,6,1399,2,9,-1,1,-1
201514K237015,1,9,0,18,0,8,0,0,0,0,1,1,6,2,19,4,1598,1,5,-1,1,-1
201514K237015,2,9,0,18,0,1,0,0,0,0,1,1,6,3,-1,-1,-1,-1,-1,-1,-1,-1
201514K237115,1,9,0,10,0,1,0,0,0,0,2,1,6,1,35,6,1986,2,9,-1,1,-1
201514K237115,2,9,0,18,0,1,0,0,0,0,1,1,6,1,23,5,1398,1,2,-1,1,-1
201514K237315,1,9,0,9,0,6,0,0,0,0,1,1,1,1,23,5,1390,1,10,-1,1,-1
201514K237315,2,1,0,10,0,8,0,0,0,0,2,1,1,1,45,7,-1,-1,-1,-1,1,-1
201514K237415,1,9,0,18,0,0,0,0,0,0,4,1,1,2,27,6,998,1,-1,-1,1,-1
201514K237415,2,21,1,12,0,0,0,0,0,0,3,1,1,3,-1,-1,-1,-1,-1,-1,-1,-1
201514K237815,1,9,0,3,0,2,0,0,0,0,1,1,6,1,24,5,1198,1,9,-1,1,-1
201514K237815,2,9,0,3,0,2,0,0,0,0,2,1,6,2,48,8,1598,1,13,-1,1,-1
201514K237915,1,9,0,17,0,1,1,0,0,0,1,1,6,1,22,5,1398,2,13,-1,1,-1
201514K237915,2,9,0,2,0,1,0,0,0,0,2,1,6,1,37,7,-1,-1,-1,-1,1,-1
201514K238015,1,9,0,3,0,1,0,0,0,0,2,1,6,2,30,6,-1,-1,-1,-1,1,-1
201514K238015,2,9,0,18,0,1,0,0,0,0,1,1,6,1,45,7,-1,-1,-1,-1,1,-1
201514K238115,1,1,0,18,0,8,0,0,0,0,1,1,6,2,33,6,-1,-1,-1,-1,1,-1
201514K238115,2,9,0,9,0,8,0,0,0,0,1,1,6,1,32,6,-1,-1,-1,-1,1,-1
201514K238315,1,9,0,9,0,2,0,0,0,0,2,1,6,2,45,7,1896,2,7,-1,1,-1
201514K238315,2,1,0,18,0,1,0,0,0,0,1,1,6,1,43,7,-1,-1,-1,-1,1,-1
201514K238515,1,9,0,1,0,6,0,0,0,0,1,1,6,1,38,7,1796,1,11,-1,1,-1
201514K238515,2,1,0,18,0,1,0,0,0,0,3,1,6,2,45,7,-1,-1,-1,-1,1,-1
201514K238715,1,9,0,5,0,4,0,0,0,0,2,1,6,1,44,7,-1,-1,-1,-1,1,-1
201514K238715,2,9,0,18,0,1,0,0,0,0,1,1,6,3,-1,-1,-1,-1,-1,-1,-1,-1
201514K238815,1,9,0,9,0,5,0,0,0,0,4,1,6,1,27,6,-1,-1,-1,-1,1,-1
201514K238815,2,1,0,18,2,1,0,0,0,0,1,1,6,1,42,7,-1,-1,-1,-1,1,-1
201514K238915,1,9,0,18,0,1,0,0,0,0,1,1,6,1,40,7,-1,-1,-1,-1,1,-1
201514K238915,2,9,0,9,0,6,0,0,0,0,1,1,6,2,37,7,998,1,12,-1,1,-1
201514K239115,1,9,0,18,0,1,0,0,0,0,1,1,6,1,43,7,-1,-1,-1,-1,1,-1
201514K239115,2,9,0,18,0,1,0,0,0,0,3,1,1,1,23,5,1896,2,6,-1,1,-1
201514K239215,1,9,0,18,0,1,0,0,0,0,3,1,2,2,34,6,1686,2,9,-1,1,-1
201514K239215,2,9,0,11,0,1,0,0,0,0,4,1,6,1,20,4,1360,1,12,-1,1,-1
201514K239715,1,9,0,9,1,5,0,0,0,0,1,1,6,2,66,10,1998,1,-1,-1,1,-1
201514K239715,2,9,0,18,1,1,0,0,0,0,1,1,6,2,48,8,1598,1,8,-1,1,-1
201514K240015,1,9,0,5,0,6,0,0,0,0,1,1,6,1,42,7,2993,2,9,-1,1,-1
201514K240015,2,9,0,18,0,1,1,0,0,0,1,1,6,1,33,6,1240,1,10,-1,1,-1
201514K240215,1,9,0,9,0,6,0,0,0,0,4,1,6,1,74,10,1197,1,1,-1,1,-1
201514K240215,2,1,0,18,0,8,0,0,0,0,1,1,6,1,38,7,-1,-1,-1,-1,1,-1
201514K240415,1,9,0,7,9,1,0,0,7,4,1,1,6,1,21,5,1796,1,16,-1,1,-1
201514K240615,1,9,0,5,0,0,0,0,0,0,2,1,6,1,53,8,1598,1,7,-1,1,-1
201514K240615,2,9,0,18,0,0,0,0,0,0,1,1,6,3,-1,-1,-1,-1,-1,-1,-1,-1
201514K240715,1,9,0,18,3,0,0,0,0,0,1,1,3,2,35,6,-1,-1,-1,-1,1,-1
201514K240715,2,20,0,2,0,0,0,0,0,0,2,1,6,1,53,8,4250,2,13,-1,1,-1
201514K240815,1,1,0,18,0,1,0,0,0,0,1,1,6,1,19,4,-1,-1,-1,-1,1,-1
201514K240815,2,9,0,7,0,8,0,0,0,0,1,1,6,1,28,6,1797,8,-1,-1,1,-1
201514K240915,1,9,0,3,0,1,0,0,0,0,4,1,1,2,42,7,1968,2,2,-1,1,-1
201514K240915,2,9,0,14,0,2,0,0,0,0,1,1,2,2,22,5,999,1,1,-1,1,-1