Accident_Index,Vehicle_Reference,Vehicle_Type,Towing_and_Articulation,Vehicle_Manoeuvre,Vehicle_Location-Restricted_Lane,Junction_Location,Skidding_and_Overturning,Hit_Object_in_Carriageway,Vehicle_Leaving_Carriageway,Hit_Object_off_Carriageway,1st_Point_of_Impact,Was_Vehicle_Left_Hand_Drive?,Journey_Purpose_of_Driver,Sex_of_Driver,Age_of_Driver,Age_Band_of_Driver,Engine_Capacity_(CC),Propulsion_Code,Age_of_Vehicle,Driver_IMD_Decile,Driver_Home_Area_Type,Vehicle_IMD_Decile
2015160A00901,2,9,0,18,0,8,0,0,0,0,3,1,6,1,33,6,-1,-1,-1,-1,1,-1
2015160A00921,1,1,0,18,0,8,0,0,0,0,3,1,6,1,11,3,-1,-1,-1,-1,2,-1
2015160A00921,2,9,0,18,0,8,0,0,0,0,1,1,1,1,31,6,-1,-1,-1,-1,1,-1
2015160A00941,1,11,0,4,0,0,0,0,0,0,1,1,1,1,41,7,4461,2,1,-1,1,-1
2015160A00951,1,9,0,9,0,8,0,0,0,0,1,1,6,2,54,8,1461,2,-1,-1,1,-1
2015160A00951,2,9,0,18,0,8,0,0,0,0,4,1,6,2,41,7,1560,2,2,-1,1,-1
2015160A00961,1,9,0,4,0,0,0,0,0,0,2,1,6,1,30,6,1560,2,-1,-1,1,-1
2015160A00961,2,9,0,18,0,0,0,0,0,0,1,1,6,1,34,6,1870,2,7,-1,1,-1
2015160A00971,1,9,0,18,0,0,0,0,0,0,1,1,6,3,-1,-1,-1,-1,-1,-1,-1,-1
2015160A00981,1,9,0,18,0,1,0,0,0,0,1,1,6,1,49,8,1997,2,16,-1,3,-1
2015160A00981,2,9,0,4,0,4,0,0,0,0,2,1,6,2,48,8,-1,-1,-1,-1,1,-1
2015160A00991,1,3,0,18,0,8,0,0,0,0,4,1,6,2,45,7,-1,-1,-1,-1,1,-1
2015160A00991,2,9,0,1,0,5,0,0,0,0,2,1,6,3,-1,-1,-1,-1,-1,-1,-1,-1
2015160A01001,1,9,0,18,0,1,0,0,0,0,4,1,6,1,20,4,999,1,-1,-1,1,-1
2015160A01001,2,2,0,18,0,1,0,0,0,0,3,1,6,1,22,5,49,1,8,-1,1,-1
2015160A01001,3,2,0,18,0,1,0,0,0,0,4,1,6,1,20,4,49,1,5,-1,2,-1
2015160A01011,1,2,0,18,0,8,0,0,0,0,1,1,6,1,49,8,-1,-1,-1,-1,1,-1
2015160A01011,2,19,0,18,0,8,0,0,0,0,4,1,6,1,48,8,-1,-1,-1,-1,1,-1
2015160A01021,1,9,0,18,0,0,0,0,0,0,1,1,6,2,62,9,1229,1,3,-1,1,-1
2015160A01021,2,9,0,2,0,0,0,0,0,0,2,1,6,3,-1,-1,-1,-1,-1,-1,-1,-1
2015160A01031,1,9,0,18,0,0,0,0,0,0,0,1,6,3,-1,-1,-1,-1,-1,-1,-1,-1
2015160A01041,1,9,0,4,0,1,0,0,0,0,2,1,6,2,27,6,1149,1,8,-1,1,-1
2015160A01041,2,21,0,4,0,1,0,0,0,0,1,1,6,1,45,7,-1,-1,-1,-1,1,-1
2015160A01041,3,9,0,3,0,1,0,0,0,0,2,1,6,3,-1,-1,-1,-1,-1,-1,-1,-1
2015160A01051,1,9,0,18,0,0,0,0,0,0,1,1,6,1,21,5,1229,1,1,-1,2,-1
2015160A01051,2,9,0,3,0,0,0,0,0,0,2,1,6,1,60,9,1968,2,5,-1,1,-1
2015160A01051,3,9,0,3,0,0,0,0,0,0,2,1,6,2,39,7,1598,1,12,-1,-1,-1
2015160A01061,1,9,0,9,0,8,0,0,0,0,3,1,6,3,-1,-1,-1,-1,-1,-1,-1,-1
2015160A01061,2,1,0,9,0,8,0,0,0,0,4,1,6,1,28,6,-1,-1,-1,-1,1,-1
2015160A01071,1,9,0,10,0,8,0,0,0,0,1,1,6,2,20,4,-1,-1,-1,-1,1,-1
2015160A01071,2,9,0,18,0,8,0,0,0,0,2,1,6,2,32,6,-1,-1,-1,-1,1,-1
2015160A01081,1,9,0,5,0,1,0,0,0,0,1,1,6,1,42,7,2231,2,4,-1,-1,-1
2015160A01081,2,9,0,4,0,1,0,0,0,0,2,1,6,1,49,8,1796,1,16,-1,1,-1
2015160A01081,3,9,0,4,0,1,0,0,0,0,2,1,6,1,42,7,1984,1,7,-1,3,-1
2015160A01091,1,9,0,10,0,1,0,0,0,0,2,1,6,1,74,10,-1,-1,-1,-1,1,-1
2015160A01091,2,9,0,18,0,1,0,0,0,0,1,1,6,1,49,8,1560,2,3,-1,1,-1
2015160A01101,1,9,0,18,0,8,0,0,0,0,1,1,6,1,-1,-1,1984,2,3,-1,-1,-1
2015160A01101,2,1,0,18,0,8,0,0,0,0,1,1,6,1,22,5,-1,-1,-1,-1,1,-1
2015160A01111,1,1,0,12,0,1,0,0,0,0,3,1,6,2,19,4,-1,-1,-1,-1,1,-1
2015160A01111,2,9,0,18,0,1,0,0,0,0,1,1,6,2,19,4,-1,-1,-1,-1,1,-1
2015160A01131,1,9,0,17,0,0,1,0,1,9,0,1,6,2,24,5,-1,-1,-1,-1,2,-1
2015160A01141,1,9,0,18,0,1,0,0,0,0,1,1,6,1,39,7,1360,1,13,-1,1,-1
2015160A01141,2,1,0,18,0,8,0,0,0,0,3,1,6,1,15,3,-1,-1,-1,-1,1,-1
2015160A01151,1,9,0,18,0,8,0,0,0,0,1,1,6,1,43,7,1968,2,2,-1,-1,-1
2015160A01151,2,9,0,9,0,5,0,0,0,0,2,1,6,2,41,7,1995,1,5,-1,1,-1
2015160A01161,1,9,0,3,0,0,0,0,0,0,2,1,6,2,27,6,1686,2,10,-1,1,-1
2015160A01161,2,9,0,18,0,0,0,0,0,0,1,1,6,3,-1,-1,-1,-1,-1,-1,-1,-1
2015160A01171,1,9,0,12,0,0,0,0,0,0,1,1,6,2,59,9,1598,1,8,-1,3,-1
2015160A01171,2,9,0,18,0,0,0,0,0,0,1,1,6,1,23,5,1896,2,10,-1,2,-1
2015160A01181,1,9,0,18,0,2,0,0,0,0,1,1,6,1,23,5,-1,-1,-1,-1,-1,-1
2015160A01181,2,9,0,18,0,1,0,0,0,0,1,1,6,2,51,8,998,1,8,-1,1,-1
2015160A01191,1,9,0,10,0,2,0,0,0,0,3,1,6,2,45,7,1229,1,5,-1,1,-1
2015160A01191,2,4,0,14,0,2,0,0,0,0,3,1,6,1,28,6,123,1,25,-1,1,-1
2015160A01201,1,9,0,1,0,0,0,0,0,0,2,1,6,1,22,5,-1,-1,-1,-1,1,-1
2015160A01211,1,9,0,18,0,0,0,0,0,0,1,1,6,1,21,5,1396,1,3,-1,1,-1
2015160A01211,2,9,0,2,0,0,0,0,0,0,2,1,6,1,37,7,1242,1,16,-1,-1,-1
2015160A01221,1,9,0,18,0,1,0,0,0,0,1,1,6,3,-1,-1,-1,-1,-1,-1,-1,-1
2015160A01231,1,9,0,18,0,5,0,0,0,0,0,1,6,1,37,7,-1,-1,-1,-1,1,-1
2015160A01241,1,9,0,9,0,8,0,0,0,0,1,1,6,2,38,7,1968,2,1,-1,1,-1
2015160A01241,2,1,0,18,0,8,0,0,0,0,1,1,6,2,37,7,-1,-1,-1,-1,1,-1
2015160A01251,1,9,0,18,0,0,5,0,0,6,3,1,6,1,20,4,1149,1,14,-1,3,-1
2015160A01261,1,9,0,18,0,1,0,0,2,11,1,1,6,1,43,7,1598,2,1,-1,1,-1
2015160A01261,2,9,0,18,0,1,0,0,0,0,4,1,2,1,45,7,-1,-1,-1,-1,2,-1
2015160A01271,1,9,0,3,0,0,0,0,0,0,1,1,6,1,23,5,1781,1,14,-1,1,-1
2015160A01271,2,9,0,1,0,0,0,0,0,0,2,1,6,1,33,6,2477,2,10,-1,1,-1
2015160A01281,1,9,0,7,0,2,0,0,0,0,2,1,6,1,38,7,1910,2,8,-1,1,-1
2015160A01281,2,9,0,7,0,2,0,0,0,0,1,1,6,1,-1,-1,1798,1,15,-1,-1,-1
2015160A01291,1,9,0,18,0,1,0,0,0,0,1,1,6,1,38,7,1783,1,12,-1,1,-1
2015160A01301,1,9,0,14,0,8,0,0,0,0,1,1,6,1,25,5,1349,1,5,-1,1,-1
2015160A01301,2,9,0,7,0,6,0,0,0,0,1,1,6,1,42,7,1598,1,12,-1,1,-1
2015160A01311,1,9,0,18,0,4,0,0,0,0,1,1,6,1,54,8,1997,2,13,-1,1,-1
2015160A01311,2,1,0,18,0,8,0,0,0,0,4,1,6,1,46,8,-1,-1,-1,-1,1,-1
2015160A01341,1,9,0,18,0,4,0,0,0,0,1,1,1,2,44,7,2979,1,14,-1,1,-1
2015160A01341,2,9,0,9,0,4,0,0,0,0,3,1,6,2,48,8,998,1,1,-1,1,-1
2015160A01351,1,19,0,18,0,2,0,10,1,7,4,1,2,1,47,8,2464,2,7,-1,1,-1
2015160A01361,1,19,0,18,0,2,0,0,0,0,3,1,2,1,34,6,2198,2,2,-1,1,-1
2015160A01361,2,9,0,7,0,6,0,0,0,0,1,1,1,2,-1,-1,1598,2,2,-1,-1,-1
2015160A01371,1,9,0,3,0,0,0,0,0,0,2,1,6,1,43,7,1798,1,11,-1,1,-1
2015160A01371,2,9,0,18,0,0,0,0,0,0,1,1,6,1,44,7,1398,1,1,-1,1,-1
2015160A01381,1,11,0,18,0,8,0,0,0,0,0,1,1,1,31,6,4461,2,1,-1,1,-1
2015160A01391,1,9,0,18,0,0,0,0,0,0,1,1,6,1,73,10,-1,-1,-1,-1,1,-1
2015160A01391,2,9,0,2,0,0,0,0,0,0,2,1,6,2,19,4,999,1,2,-1,-1,-1
2015160A01401,1,19,0,3,0,1,0,0,0,0,2,1,1,1,33,6,1870,2,10,-1,1,-1
2015160A01401,2,9,0,3,0,1,0,0,0,0,3,1,6,1,26,6,1800,1,17,-1,1,-1
2015160A01401,3,19,0,11,0,1,0,0,0,0,1,1,6,1,65,9,1248,2,3,-1,1,-1
2015160A01401,4,9,0,3,0,1,0,0,0,0,2,1,6,1,37,7,1587,1,7,-1,1,-1
2015160A01411,1,9,0,7,0,5,0,0,0,0,4,1,2,1,52,8,1560,2,3,-1,1,-1
2015160A01411,2,9,0,18,0,8,0,0,0,0,3,1,6,1,21,5,1986,2,8,-1,1,-1
2015160A01421,1,9,0,9,0,6,0,0,0,0,1,1,2,1,50,8,1995,2,5,-1,1,-1
2015160A01421,2,9,0,9,0,5,0,0,0,0,3,1,3,2,26,6,-1,-1,-1,-1,1,-1
2015160A01431,1,9,0,5,0,6,0,0,0,0,0,1,6,3,-1,-1,-1,-1,-1,-1,-1,-1
2015160A01431,2,2,0,18,0,8,1,0,0,0,4,1,6,1,17,4,49,1,7,-1,1,-1
2015160A01441,1,9,0,18,0,1,0,0,0,0,1,1,6,2,26,6,1598,1,8,-1,1,-1
2015160A01441,2,9,0,4,0,1,0,0,0,0,2,1,6,2,58,9,1870,2,12,-1,1,-1
2015160A01441,3,10,0,3,0,1,0,0,0,0,2,1,1,1,52,8,-1,-1,-1,-1,1,-1
2015160A01451,1,9,0,4,0,1,0,0,0,0,2,1,6,1,35,6,1398,1,12,-1,1,-1
2015160A01451,2,9,0,18,0,1,0,0,0,0,1,1,6,2,21,5,1390,1,8,-1,1,-1
2015160A01471,1,9,0,18,0,2,0,10,1,2,1,1,6,1,70,10,1149,1,9,-1,-1,-1
2015160A01481,1,9,0,10,0,1,0,0,0,0,2,1,6,1,47,8,1248,1,5,-1,1,-1
2015160A01481,2,9,0,10,0,1,0,0,0,0,1,1,1,1,32,6,-1,-1,-1,-1,1,-1
2015160A01491,1,1,0,18,0,0,0,0,0,0,0,1,6,1,48,8,-1,-1,-1,-1,1,-1
2015160A01501,1,9,0,18,0,0,1,0,7,0,1,1,6,2,19,4,1242,1,5,-1,1,-1
2015160A01511,1,9,0,18,0,0,0,0,0,0,1,1,6,2,25,5,1598,1,12,-1,1,-1
2015160A01521,1,9,0,5,0,0,0,0,0,0,1,1,6,1,41,7,1900,2,15,-1,-1,-1
2015160A01531,1,9,0,1,0,0,0,0,0,0,2,1,6,1,35,6,1796,1,10,-1,1,-1
2015160A01541,1,4,0,4,0,1,0,0,0,0,0,1,6,2,28,6,125,1,9,-1,1,-1
2015160A01551,1,9,0,6,0,8,0,0,0,0,3,1,6,1,23,5,2000,2,4,-1,3,-1
2015160A01551,2,9,0,18,0,8,0,0,0,0,4,1,6,2,63,9,1388,1,12,-1,1,-1
2015160A01561,1,9,0,7,0,1,0,0,0,0,4,1,6,3,-1,-1,-1,-1,-1,-1,-1,-1
2015160A01571,1,9,0,9,0,8,0,0,0,0,1,1,6,1,76,11,1149,1,10,-1,1,-1
2015160A01571,2,1,0,17,0,8,0,0,0,0,3,1,6,1,45,7,-1,-1,-1,-1,1,-1
2015160A01581,1,9,0,13,0,1,0,0,0,0,1,1,6,1,52,8,1998,1,15,-1,1,-1
2015160A01591,1,4,0,7,0,3,1,0,0,0,4,1,6,1,55,8,398,1,9,-1,3,-1
2015160A01601,1,9,0,18,0,0,0,0,0,0,1,1,6,1,28,6,1598,1,6,-1,1,-1
2015160A01601,2,1,0,18,0,0,0,0,0,0,1,1,6,1,14,3,-1,-1,-1,-1,1,-1
2015160A01621,1,9,0,5,0,0,0,0,0,0,1,1,6,2,57,9,1364,1,-1,-1,1,-1
2015160A01631,1,9,0,9,0,6,0,0,0,0,1,1,6,1,86,11,1396,1,10,-1,1,-1
2015160A01631,2,9,0,18,0,8,0,0,0,0,1,1,6,2,54,8,1242,1,12,-1,1,-1
2015160A01641,1,9,0,18,0,6,0,0,0,0,3,1,6,1,55,8,1796,1,15,-1,1,-1
2015160A01641,2,9,0,18,0,8,0,0,0,0,1,1,6,1,34,6,2521,1,8,-1,1,-1
2015160A01651,1,9,0,3,0,1,0,0,0,0,1,1,6,2,18,4,1600,1,14,-1,2,-1
2015160A01651,2,19,0,1,0,5,0,0,0,0,2,1,6,1,39,7,2198,2,1,-1,1,-1
2015160A01661,1,9,0,18,0,8,0,0,1,11,1,1,6,1,77,11,2188,2,8,-1,1,-1
2015160A01661,2,9,0,4,0,4,0,0,0,0,3,1,6,1,49,8,-1,-1,-1,-1,1,-1
2015160A01691,1,9,0,9,0,1,0,0,0,0,1,1,6,2,59,9,998,1,1,-1,2,-1
2015160A01691,2,1,0,7,0,2,0,0,0,0,1,1,6,1,18,4,-1,-1,-1,-1,1,-1
2015160A01701,1,9,0,7,0,8,0,0,0,0,1,1,6,1,66,10,2400,2,4,-1,1,-1
2015160A01701,2,9,0,18,0,8,0,0,0,0,3,1,6,1,53,8,1798,1,9,-1,1,-1
2015160A01711,1,19,0,9,0,8,0,0,0,0,1,1,1,1,59,9,-1,-1,-1,-1,1,-1
2015160A01711,2,9,0,18,0,1,0,0,0,0,3,1,6,1,50,8,1197,1,1,-1,1,-1
2015160A01721,1,9,0,18,0,8,0,0,0,0,1,1,6,3,-1,-1,-1,-1,-1,-1,-1,-1
2015160A01721,2,9,0,9,0,4,0,0,0,0,4,1,6,2,36,7,2401,2,12,-1,1,-1
2015160A01731,1,1,0,18,0,1,0,0,0,0,1,1,6,1,19,4,-1,-1,-1,-1,1,-1
2015160A01731,2,98,0,9,0,1,0,0,0,0,3,1,1,3,41,7,-1,-1,-1,-1,2,-1
2015160A01741,1,9,0,4,0,0,0,0,0,0,2,1,6,1,20,4,1242,1,11,-1,1,-1
2015160A01741,2,9,0,18,0,0,0,0,0,0,1,1,6,1,25,5,1997,2,9,-1,1,-1
2015160A01751,1,11,0,18,0,1,0,0,0,0,0,1,1,2,43,7,8300,2,9,-1,1,-1
2015160A01751,2,9,0,18,0,1,0,0,0,0,0,1,6,3,-1,-1,-1,-1,-1,-1,-1,-1
2015160A01751,3,9,0,11,0,1,0,0,0,0,0,1,6,3,-1,-1,-1,-1,-1,-1,-1,-1
2015160A01761,1,9,0,3,0,0,0,0,0,0,2,1,6,2,20,4,-1,-1,-1,-1,1,-1
2015160A01761,2,9,0,3,0,0,0,0,0,0,2,1,6,2,41,7,1349,1,5,-1,1,-1
2015160A01761,3,9,0,18,0,0,0,0,0,0,1,1,6,1,77,11,1341,1,11,-1,1,-1
2015160A01771,1,9,0,9,0,8,0,0,0,0,3,1,1,2,31,6,1499,2,1,-1,1,-1
2015160A01771,2,9,0,18,0,8,0,0,0,0,1,1,1,2,21,5,1498,1,8,-1,1,-1
2015160A01781,1,9,0,7,0,8,0,0,0,0,1,1,6,1,65,9,1796,1,14,-1,1,-1
2015160A01791,1,9,0,2,0,1,0,0,0,0,3,1,6,2,36,7,2204,2,6,-1,1,-1
2015160A01791,2,1,0,14,0,1,0,0,0,0,4,1,6,1,17,4,-1,-1,-1,-1,1,-1
2015160A01801,1,9,0,3,0,0,0,0,0,0,2,1,6,2,23,5,2204,2,8,-1,1,-1
2015160A01801,2,9,0,18,0,0,0,0,0,0,1,1,6,1,-1,-1,1587,1,13,-1,1,-1
2015160A01811,1,11,0,4,0,1,0,0,0,0,0,1,1,1,67,10,4461,2,1,-1,1,-1
2015160A01821,1,9,0,18,0,1,0,0,0,0,1,1,6,2,74,10,998,1,2,-1,1,-1
2015160A01821,2,9,0,2,0,2,0,0,0,0,1,1,6,3,-1,-1,1599,1,10,-1,-1,-1
2015160A01831,1,9,0,18,0,1,0,0,0,0,4,1,6,1,29,6,1796,1,13,-1,1,-1
2015160A01831,2,9,0,1,0,1,0,0,0,0,2,1,6,1,60,9,-1,-1,-1,-1,1,-1
2015160A01851,1,9,0,4,0,1,1,7,3,1,1,1,6,1,24,5,1596,1,14,-1,3,-1
2015160A01861,1,1,0,6,0,2,0,0,0,0,1,1,6,1,33,6,-1,-1,-1,-1,1,-1
2015160A01861,2,9,0,18,0,1,0,0,0,0,1,1,6,2,18,4,1199,1,13,-1,1,-1
2015160A01871,1,9,0,18,0,8,0,0,0,0,3,1,6,1,46,8,1896,2,10,-1,3,-1
2015160A01871,2,9,0,9,0,6,0,0,0,0,1,1,6,1,49,8,-1,-1,-1,-1,1,-1
2015160A01891,1,9,0,18,0,8,0,0,0,0,1,1,6,3,-1,-1,-1,-1,-1,-1,-1,-1
2015160A01901,1,9,0,4,0,0,0,0,0,0,1,1,6,2,21,5,1398,2,10,-1,1,-1
2015160A01911,1,9,0,18,0,8,2,0,1,10,1,1,6,2,18,4,1242,1,13,-1,3,-1
2015160A01921,1,9,0,12,0,0,0,0,0,0,3,1,6,1,45,7,1796,1,7,-1,2,-1
2015160A01921,2,9,0,18,0,0,0,0,0,0,4,1,6,1,64,9,1995,2,2,-1,1,-1
2015160A01931,1,9,0,18,0,0,0,0,0,0,1,1,6,1,18,4,1390,1,5,-1,1,-1
2015160A01931,2,9,0,4,0,0,0,0,0,0,2,1,2,2,58,9,1598,2,1,-1,1,-1
2015160A01941,1,9,0,15,0,2,0,0,0,0,3,1,6,2,64,9,1242,1,11,-1,1,-1
2015160A01941,2,9,0,14,0,2,0,0,0,0,3,1,6,2,36,7,1598,2,3,-1,1,-1
2015160A01951,1,9,0,18,0,2,0,0,0,0,1,1,3,2,34,6,2149,2,8,-1,1,-1
2015160A01961,1,9,0,9,0,8,2,11,0,0,1,1,6,1,20,4,1598,1,8,-1,1,-1
2015160A01971,1,9,0,8,0,1,0,0,0,0,2,2,2,2,24,5,-1,-1,-1,-1,-1,-1
2015160A01971,2,19,0,4,0,1,0,0,0,0,1,1,6,1,47,8,-1,-1,-1,-1,1,-1
2015160A01991,1,9,0,2,0,8,0,0,0,0,2,1,6,2,19,4,1242,1,10,-1,1,-1
2015160A01991,2,9,0,9,0,8,0,0,0,0,1,1,6,1,16,4,1850,1,15,-1,1,-1
2015160A02001,1,9,0,9,0,6,0,0,0,0,1,1,6,1,23,5,1997,2,6,-1,1,-1
2015160A02001,2,9,0,18,0,1,0,0,0,0,1,2,2,1,46,8,-1,-1,-1,-1,1,-1
2015160A02011,1,9,0,9,0,6,0,0,0,0,1,1,6,2,28,6,1598,1,8,-1,1,-1
2015160A02011,2,5,0,18,0,1,0,0,0,0,1,1,6,1,43,7,738,1,33,-1,1,-1
2015160A02021,1,9,0,18,0,0,0,0,0,0,1,1,6,2,58,9,-1,-1,-1,-1,1,-1
2015160A02021,2,8,0,18,0,0,0,0,0,0,2,1,6,1,48,8,1560,2,4,-1,1,-1
2015160A02021,3,9,0,4,0,0,0,0,0,0,2,1,6,1,25,5,998,1,2,-1,1,-1
2015160A02031,1,9,0,4,0,1,0,0,0,0,1,1,6,1,22,5,1229,1,-1,-1,2,-1
2015160A02031,2,19,0,4,0,1,0,0,0,0,2,1,1,1,50,8,2287,2,2,-1,1,-1
2015160A02041,1,9,0,9,0,8,0,0,0,0,0,1,6,3,-1,-1,-1,-1,-1,-1,-1,-1
2015160A02041,2,11,0,12,0,8,0,0,0,0,0,1,1,2,45,7,-1,-1,-1,-1,1,-1
2015160A02051,1,9,0,9,0,8,0,0,0,0,1,1,6,3,-1,-1,-1,-1,-1,-1,-1,-1
2015160A02071,1,9,0,18,0,2,0,0,0,0,1,1,4,2,34,6,1598,1,13,-1,1,-1
2015160A02081,1,9,0,18,0,0,0,0,0,0,4,1,6,2,22,5,1364,1,9,-1,-1,-1
2015160A02081,2,1,0,18,0,0,0,0,0,0,1,1,6,1,15,3,-1,-1,-1,-1,1,-1
2015160A02091,1,9,0,3,0,1,0,0,0,0,1,1,6,3,-1,-1,-1,-1,-1,-1,-1,-1
2015160A02101,1,9,0,9,0,8,0,0,0,0,1,1,6,1,19,4,1396,1,12,-1,1,-1
2015160A02101,2,9,0,18,0,8,0,0,0,0,1,1,6,1,22,5,1497,8,5,-1,1,-1
2015160A02111,1,9,0,18,0,6,0,10,7,0,4,1,6,2,18,4,1199,1,11,-1,3,-1
2015160A02111,2,9,0,18,0,8,0,10,1,1,1,1,6,2,36,7,1149,1,14,-1,1,-1
2015160A02121,1,9,0,18,0,0,0,0,0,0,4,1,2,2,66,10,1206,1,3,-1,1,-1
2015160A02131,1,2,0,18,0,2,0,0,0,0,1,1,6,3,-1,-1,50,1,6,-1,-1,-1
2015160A02141,1,3,0,18,0,1,0,0,0,0,1,1,6,1,23,5,-1,-1,-1,-1,1,-1
2015160A02141,2,9,0,3,0,1,0,0,0,0,2,1,2,2,55,8,999,1,3,-1,2,-1
2015160A02151,1,9,0,18,0,0,0,0,0,0,1,1,6,1,33,6,1984,1,6,-1,1,-1
2015160A02151,2,9,0,2,0,0,0,0,0,0,2,1,6,1,-1,-1,1498,1,8,-1,-1,-1
2015160A02161,1,1,0,18,0,6,0,0,0,0,1,1,6,1,55,8,-1,-1,-1,-1,1,-1
2015160A02161,2,19,0,18,0,1,0,0,0,0,1,1,6,1,48,8,2402,2,4,-1,1,-1
2015160A02171,1,5,0,18,0,0,0,0,0,0,3,1,6,1,58,9,955,1,15,-1,3,-1
2015160A02181,1,20,0,13,0,0,0,0,0,0,3,1,6,1,-1,-1,-1,-1,-1,-1,-1,-1
2015160A02181,2,1,0,18,0,0,0,0,0,0,4,1,6,1,53,8,-1,-1,-1,-1,1,-1
2015160A02191,1,9,0,7,0,2,0,0,0,0,3,1,6,2,40,7,999,1,3,-1,1,-1
2015160A02221,1,9,0,9,0,4,0,0,0,0,3,1,6,1,61,9,1598,1,8,-1,2,-1
2015160A02221,2,9,0,9,0,4,0,0,0,0,4,1,6,2,44,7,-1,-1,-1,-1,1,-1
2015160A02231,1,9,0,18,0,0,0,0,0,0,1,1,6,2,73,10,-1,-1,-1,-1,1,-1
2015160A02241,1,9,0,18,0,1,0,0,0,0,4,1,6,1,29,6,2488,2,7,-1,2,-1
2015160A02251,1,9,0,4,0,1,0,0,0,0,1,1,2,1,62,9,1997,2,10,-1,1,-1
2015160A02251,2,9,0,10,0,1,0,0,0,0,2,1,2,1,60,9,1229,1,5,-1,1,-1
2015160A02271,1,9,0,3,0,2,0,0,0,0,1,1,6,1,68,10,1598,1,2,-1,1,-1
2015160A02271,2,9,0,4,0,2,0,0,0,0,2,1,1,2,22,5,1229,1,2,-1,2,-1
2015160A02281,1,9,0,9,0,6,0,0,0,0,1,1,6,1,20,4,1499,2,1,-1,1,-1
2015160A02281,2,9,0,18,0,8,0,0,0,0,4,1,6,2,63,9,1598,1,14,-1,1,-1
2015160A02291,1,9,0,17,0,0,0,0,0,0,1,1,6,1,56,9,1998,2,10,-1,1,-1
2015160A02291,2,9,0,16,0,0,0,0,0,0,1,1,6,2,24,5,1598,2,3,-1,1,-1
2015160A02301,1,9,0,18,0,0,0,0,1,2,1,1,6,2,21,5,1598,1,3,-1,1,-1
2015160A02311,1,9,0,10,0,0,0,0,0,0,2,1,6,1,34,6,1598,1,2,-1,1,-1
2015160A02311,2,9,0,18,0,0,0,0,0,0,1,1,6,2,57,9,-1,-1,-1,-1,1,-1
2015160A02321,1,9,0,18,0,8,0,0,0,0,1,1,2,1,63,9,1781,1,10,-1,1,-1
2015160A02321,2,1,0,18,0,8,0,0,0,0,1,1,6,1,12,3,-1,-1,-1,-1,1,-1
2015160A02331,1,5,0,17,0,0,1,0,1,0,1,1,6,1,64,9,954,1,12,-1,3,-1
2015160A02361,1,9,0,7,0,1,0,0,0,0,1,1,6,2,55,8,1796,1,13,-1,2,-1
2015160A02361,2,9,0,7,0,1,0,0,0,0,2,1,6,2,27,6,1598,2,4,-1,3,-1
2015160A02371,1,9,0,7,0,0,5,0,1,1,4,1,6,2,73,10,1596,1,6,-1,1,-1
2015160A02371,2,9,0,2,0,0,0,0,0,0,3,1,6,1,28,6,1597,1,22,-1,1,-1
2015160A02381,1,9,0,18,0,2,0,0,0,0,1,1,6,1,48,8,1968,2,1,-1,1,-1
2015160A02391,1,9,0,2,0,2,0,0,0,0,4,1,6,2,24,5,1329,1,5,-1,1,-1
2015160A02391,2,9,0,18,0,2,0,0,0,0,3,1,6,2,22,5,1206,1,2,-1,1,-1
2015160A02401,1,9,0,9,0,6,0,0,0,0,1,1,2,2,34,6,1399,2,9,-1,1,-1
2015160A02401,2,2,0,13,0,8,0,0,0,0,1,1,6,1,27,6,50,1,5,-1,1,-1
2015160A02411,1,9,0,7,0,0,0,0,0,0,3,1,6,3,-1,-1,1299,1,14,-1,-1,-1
2015160A02421,1,9,0,18,0,0,0,0,0,0,2,1,6,2,33,6,-1,-1,-1,-1,1,-1
2015160A02421,2,97,0,18,0,0,0,0,0,0,1,1,6,1,21,5,-1,-1,-1,-1,1,-1
2015160A02421,3,9,0,2,0,0,0,0,0,0,1,1,6,3,-1,-1,1595,1,10,-1,-1,-1
2015160A02431,1,9,0,9,0,8,0,0,0,0,0,1,6,2,-1,-1,1968,2,5,-1,1,-1
2015160A02431,2,9,0,3,0,1,0,0,0,0,4,1,1,1,56,9,1951,2,11,-1,1,-1
2015160A02431,3,1,0,18,4,1,0,0,1,0,1,1,6,1,42,7,-1,-1,-1,-1,1,-1
2015160A02441,1,21,1,18,0,0,0,0,0,0,4,1,6,1,30,6,12809,2,2,-1,1,-1
2015160A02441,2,9,0,18,0,0,0,0,0,0,3,1,6,1,48,8,1598,1,2,-1,1,-1
2015160A02451,1,9,0,3,0,1,0,0,0,0,2,1,6,2,29,6,1124,1,10,-1,1,-1
2015160A02451,2,9,0,4,0,1,0,0,0,0,1,1,6,3,-1,-1,-1,-1,-1,-1,-1,-1
2015160A02461,1,9,0,4,0,2,0,0,0,0,2,1,6,2,56,9,1349,1,1,-1,1,-1
2015160A02461,2,9,0,1,0,6,0,0,0,0,2,1,6,1,27,6,1598,1,16,-1,1,-1
2015160A02481,1,9,0,18,0,4,0,0,0,0,1,1,2,1,64,9,1995,2,10,-1,2,-1
2015160A02481,2,1,0,9,0,3,0,0,0,0,4,1,2,1,58,9,-1,-1,-1,-1,1,-1
2015160A02491,1,9,0,18,0,0,0,0,0,0,2,1,6,1,55,8,2199,2,2,-1,1,-1
2015160A02491,2,9,0,18,0,0,0,0,0,0,2,1,6,2,70,10,998,1,9,-1,1,-1
2015160A02491,3,19,0,18,0,0,0,0,0,0,1,1,6,3,-1,-1,-1,-1,-1,-1,-1,-1
2015160A02501,1,19,0,18,0,2,0,0,0,0,4,1,2,1,46,8,2402,2,12,-1,1,-1
2015160A02511,1,9,0,18,0,8,0,0,0,0,1,1,6,1,21,5,1360,1,16,-1,1,-1