Accident_Index,Vehicle_Reference,Vehicle_Type,Towing_and_Articulation,Vehicle_Manoeuvre,Vehicle_Location-Restricted_Lane,Junction_Location,Skidding_and_Overturning,Hit_Object_in_Carriageway,Vehicle_Leaving_Carriageway,Hit_Object_off_Carriageway,1st_Point_of_Impact,Was_Vehicle_Left_Hand_Drive?,Journey_Purpose_of_Driver,Sex_of_Driver,Age_of_Driver,Age_Band_of_Driver,Engine_Capacity_(CC),Propulsion_Code,Age_of_Vehicle,Driver_IMD_Decile,Driver_Home_Area_Type,Vehicle_IMD_Decile
2015160A03991,1,1,0,18,9,1,0,0,0,0,2,1,1,2,44,7,-1,-1,-1,-1,1,-1
2015160A03991,2,98,0,5,0,1,0,0,0,0,1,1,1,3,-1,-1,-1,-1,-1,-1,-1,-1
2015160A04001,1,9,0,5,0,6,0,0,0,0,4,1,6,1,69,10,2494,1,12,-1,3,-1
2015160A04001,2,1,0,18,0,8,0,0,0,0,1,1,6,1,33,6,-1,-1,-1,-1,1,-1
2015160A04011,1,9,0,4,0,0,0,0,0,0,1,1,2,1,42,7,1329,1,4,-1,1,-1
2015160A04011,2,9,0,4,0,0,0,0,0,0,2,1,2,1,20,4,1364,1,10,-1,1,-1
2015160A04011,3,9,0,4,0,0,0,0,0,0,2,1,2,1,56,9,1229,1,6,-1,1,-1
2015160A04011,4,9,0,4,0,0,0,0,0,0,2,1,2,1,47,8,1599,1,14,-1,2,-1
2015160A04011,5,19,0,4,0,0,0,0,0,0,1,1,6,1,60,9,1686,2,12,-1,1,-1
2015160A04031,1,9,0,9,0,0,0,0,0,0,3,1,6,2,18,4,1248,1,-1,-1,1,-1
2015160A04031,2,9,0,15,0,0,1,0,0,0,1,1,6,1,19,4,1598,1,8,-1,1,-1
2015160A04041,1,9,0,7,0,6,0,0,0,0,1,1,6,1,16,4,-1,-1,-1,-1,1,-1
2015160A04051,1,8,0,9,0,6,0,0,0,0,1,1,3,1,63,9,1968,2,7,-1,1,-1
2015160A04051,2,9,0,18,0,8,0,0,0,0,1,1,1,2,46,8,1598,1,11,-1,1,-1
2015160A04061,1,9,0,18,9,0,0,0,0,0,0,1,6,3,-1,-1,-1,-1,-1,-1,-1,-1
2015160A04071,1,9,0,9,0,6,0,0,0,0,3,1,6,1,29,6,1999,1,14,-1,2,-1
2015160A04071,2,3,0,18,0,8,0,0,0,0,1,1,6,1,42,7,124,1,19,-1,1,-1
2015160A04081,1,1,0,18,0,6,0,0,0,0,1,1,6,1,21,5,-1,-1,-1,-1,1,-1
2015160A04081,2,8,0,9,0,5,0,0,0,0,3,1,1,1,26,6,2000,2,4,-1,1,-1
2015160A04091,1,9,0,18,0,0,0,0,0,0,1,1,6,1,36,7,2184,2,12,-1,1,-1
2015160A04111,1,8,0,9,0,5,0,0,0,0,4,1,1,1,35,6,1753,2,5,-1,1,-1
2015160A04111,2,3,0,17,0,8,0,0,0,0,1,1,6,1,18,4,124,1,1,-1,1,-1
2015160A04121,1,9,0,5,0,0,0,0,0,0,1,1,6,1,25,5,1242,1,9,-1,1,-1
2015160A04131,1,21,0,9,0,5,0,0,0,0,1,1,1,1,50,8,4461,2,3,-1,1,-1
2015160A04131,2,2,0,18,0,8,0,0,0,0,4,1,6,1,26,6,49,1,9,-1,1,-1
2015160A04141,1,9,0,18,0,0,1,0,1,3,4,1,6,1,26,6,1560,2,1,-1,1,-1
2015160A04141,2,9,0,18,0,0,0,0,0,0,0,1,6,3,-1,-1,-1,-1,-1,-1,-1,-1
2015160A04161,1,9,0,18,0,0,0,0,0,0,1,1,6,1,35,6,1396,2,5,-1,1,-1
2015160A04161,2,1,0,13,0,0,0,0,0,0,2,1,6,1,24,5,-1,-1,-1,-1,1,-1
2015160A04171,1,11,0,18,0,2,0,0,3,11,1,1,1,2,35,6,4461,2,1,-1,1,-1
2015160A04181,1,9,0,9,0,1,0,0,0,0,1,1,2,1,69,10,-1,-1,-1,-1,1,-1
2015160A04181,2,3,0,18,0,1,0,0,0,0,1,1,2,1,26,6,125,1,8,-1,2,-1
2015160A04191,1,9,0,5,0,8,0,0,0,0,1,1,6,2,22,5,-1,-1,-1,-1,1,-1
2015160A04191,2,9,0,7,0,8,0,0,0,0,1,1,6,3,-1,-1,-1,-1,-1,-1,-1,-1
2015160A04201,1,1,0,18,0,0,0,0,0,0,3,1,6,1,12,3,-1,-1,-1,-1,1,-1
2015160A04201,2,1,0,18,0,0,0,0,0,0,4,1,6,1,12,3,-1,-1,-1,-1,-1,-1
2015160A04211,1,9,0,14,0,0,0,0,0,0,1,1,6,2,27,6,998,1,8,-1,1,-1
2015160A04211,2,9,0,17,0,0,0,10,0,0,1,1,6,1,18,4,1368,1,9,-1,1,-1
2015160A04221,1,9,0,6,0,5,0,0,0,0,1,1,6,2,80,11,1124,1,19,-1,3,-1
2015160A04221,2,9,0,18,0,1,0,0,0,0,1,1,6,1,56,9,1781,1,12,-1,1,-1
2015160A04231,1,4,0,11,0,3,1,0,0,0,3,1,2,1,53,8,847,1,-1,-1,3,-1
2015160A04231,2,19,0,3,0,1,0,0,0,0,3,1,1,1,63,9,-1,-1,-1,-1,2,-1
2015160A04231,3,9,0,3,0,1,0,0,0,0,3,1,2,1,63,9,1753,2,7,-1,1,-1
2015160A04231,4,9,0,18,0,3,0,0,0,0,0,1,6,1,29,6,1896,2,9,-1,1,-1
2015160A04241,1,9,0,4,0,0,0,0,0,0,1,1,6,2,36,7,1390,1,12,-1,1,-1
2015160A04241,2,9,0,4,0,0,0,0,0,0,2,1,6,2,41,7,1360,1,12,-1,1,-1
2015160A04241,3,9,0,4,0,0,0,0,0,0,2,1,6,2,41,7,1896,2,10,-1,2,-1
2015160A04241,4,9,0,18,0,0,0,0,0,0,2,1,6,1,47,8,1461,2,2,-1,1,-1
2015160A04251,1,9,0,4,0,0,0,0,0,0,1,1,2,2,23,5,1200,1,1,-1,2,-1
2015160A04251,2,9,0,3,0,0,0,0,0,0,2,1,2,1,25,5,1229,1,5,-1,1,-1
2015160A04261,1,9,0,18,0,6,1,0,0,0,1,1,6,1,20,4,1596,1,14,-1,1,-1
2015160A04261,2,9,0,18,0,8,0,10,1,2,3,1,2,2,56,9,1598,1,8,-1,1,-1
2015160A04281,1,19,0,1,0,2,0,0,0,0,2,1,1,1,35,6,1998,2,12,-1,1,-1
2015160A04281,2,9,0,10,0,1,0,0,0,0,4,1,1,2,19,4,1149,1,11,-1,1,-1
2015160A04291,1,9,0,18,0,0,0,0,1,4,1,1,6,1,27,6,1997,2,4,-1,1,-1
2015160A04301,1,9,0,7,0,3,0,0,1,0,4,1,6,3,-1,-1,-1,-1,-1,-1,-1,-1
2015160A04301,2,1,0,18,0,8,0,0,0,0,1,1,6,1,37,7,-1,-1,-1,-1,1,-1
2015160A04311,1,9,0,5,0,4,0,0,0,0,1,1,6,1,78,11,1339,1,8,-1,1,-1
2015160A04311,2,4,0,9,0,8,0,0,0,0,1,1,6,1,48,8,148,1,37,-1,1,-1
2015160A04321,1,19,0,18,0,0,0,0,0,0,3,1,6,1,80,11,1998,2,11,-1,-1,-1
2015160A04321,2,9,0,18,0,0,0,0,0,0,3,1,6,1,50,8,1968,2,-1,-1,1,-1
2015160A04331,1,9,0,18,0,0,0,0,0,0,1,1,6,2,69,10,2191,2,-1,-1,1,-1
2015160A04331,2,9,0,3,0,0,0,0,0,0,2,1,6,2,27,6,1461,2,-1,-1,1,-1
2015160A04331,3,9,0,3,0,0,0,0,0,0,2,1,6,2,32,6,-1,-1,-1,-1,3,-1
2015160A04331,4,9,0,3,0,0,0,0,0,0,2,1,6,2,61,9,1999,1,6,-1,1,-1
2015160A04341,1,9,0,18,0,0,0,0,0,0,1,1,6,2,24,5,1198,1,7,-1,1,-1
2015160A04351,1,9,0,13,0,2,0,10,1,1,4,1,6,1,-1,-1,1796,1,15,-1,1,-1
2015160A04351,2,1,0,18,0,2,0,4,0,0,3,1,6,1,22,5,-1,-1,-1,-1,1,-1
2015160A04361,1,9,0,9,0,5,0,0,0,0,1,1,6,2,67,10,1587,1,5,-1,-1,-1
2015160A04361,2,9,0,18,0,1,0,0,0,0,0,1,6,1,47,8,-1,-1,-1,-1,1,-1
2015160A04361,3,9,0,10,0,6,0,0,0,0,0,1,6,1,54,8,1461,2,-1,-1,1,-1
2015160A04361,4,1,0,18,0,8,0,0,0,0,1,1,6,1,67,10,-1,-1,-1,-1,-1,-1
2015160A04371,1,9,0,9,0,4,0,0,0,0,3,1,1,1,50,8,1198,1,7,-1,1,-1
2015160A04371,2,1,0,9,0,8,0,0,0,0,4,1,6,1,33,6,-1,-1,-1,-1,1,-1
2015160A04381,1,9,0,9,0,2,0,0,0,0,3,1,6,3,-1,-1,-1,-1,-1,-1,-1,-1
2015160A04401,1,9,0,9,0,8,0,0,0,0,1,1,6,1,75,10,1598,1,9,-1,2,-1
2015160A04401,2,1,0,9,0,6,0,0,0,0,1,1,6,1,48,8,-1,-1,-1,-1,2,-1
2015160A04411,1,9,0,4,0,0,0,0,0,0,1,1,6,1,25,5,1229,1,1,-1,1,-1
2015160A04411,2,9,0,13,0,0,0,0,0,0,2,1,6,3,-1,-1,1988,1,15,-1,-1,-1
2015160A04421,1,19,0,7,0,4,0,0,0,0,1,1,6,3,-1,-1,-1,-1,-1,-1,-1,-1
2015160A04421,2,1,0,18,0,8,0,0,0,0,4,1,2,2,28,6,-1,-1,-1,-1,1,-1
2015160A04431,1,9,0,3,0,1,0,0,0,0,2,1,6,1,23,5,1796,1,7,-1,1,-1
2015160A04431,2,9,0,4,0,1,0,0,0,0,1,1,6,1,25,5,1796,1,7,-1,-1,-1
2015160A04441,1,9,0,5,0,4,0,0,0,0,1,1,6,2,35,6,1598,1,2,-1,1,-1
2015160A04441,2,2,0,18,0,8,0,0,0,0,4,1,6,1,71,10,49,1,1,-1,1,-1
2015160A04451,1,9,0,9,0,5,0,0,0,0,1,1,6,1,46,8,2099,2,9,-1,1,-1
2015160A04461,1,9,0,18,0,6,0,0,0,0,1,1,6,1,68,10,1995,2,10,-1,1,-1
2015160A04461,2,1,0,18,0,8,0,0,0,0,3,1,6,1,24,5,-1,-1,-1,-1,1,-1
2015160A04471,1,9,0,14,0,0,1,0,0,0,1,1,6,1,27,6,1242,1,16,-1,1,-1
2015160A04471,2,9,0,18,0,0,0,0,0,0,1,1,6,2,20,4,-1,-1,-1,-1,1,-1
2015160A04481,1,2,0,7,0,6,1,10,0,0,4,1,6,1,33,6,124,1,10,-1,1,-1
2015160A04491,1,9,0,18,0,8,0,0,0,0,1,1,6,2,35,6,1910,2,9,-1,1,-1
2015160A04491,2,9,0,18,0,8,0,0,0,0,4,1,6,1,55,8,1248,2,9,-1,1,-1
2015160A04501,1,19,0,5,0,1,0,0,0,0,1,1,1,1,53,8,2143,2,1,-1,1,-1
2015160A04501,2,9,0,9,0,4,0,0,0,0,2,1,6,1,25,5,1364,2,2,-1,1,-1
2015160A04511,1,9,0,18,0,6,0,0,0,0,1,1,6,1,28,6,1997,2,10,-1,1,-1
2015160A04511,2,9,0,18,0,8,0,0,0,0,1,1,6,1,28,6,1796,1,12,-1,1,-1
2015160A04521,1,9,0,18,0,0,2,0,1,4,4,1,6,1,24,5,1197,1,-1,-1,1,-1
2015160A04531,1,9,0,9,0,5,0,0,0,0,1,1,6,1,32,6,1461,2,1,-1,1,-1
2015160A04531,2,1,0,18,0,8,0,0,0,0,1,1,6,1,14,3,-1,-1,-1,-1,3,-1
2015160A04551,1,9,0,2,0,5,0,0,0,0,3,1,6,1,69,10,1598,2,1,-1,1,-1
2015160A04551,2,19,0,7,0,2,0,0,0,0,1,1,6,3,-1,-1,-1,-1,-1,-1,-1,-1
2015160A04561,1,8,0,18,0,0,0,0,0,0,1,1,6,3,-1,-1,-1,-1,-1,-1,-1,-1
2015160A04561,2,1,0,18,0,0,0,0,0,0,2,1,6,1,64,9,-1,-1,-1,-1,2,-1
2015160A04571,1,9,0,18,0,4,1,9,7,4,1,1,6,1,33,6,1968,2,2,-1,1,-1
2015160A04581,1,5,0,18,0,1,1,0,0,0,1,1,6,1,21,5,790,1,12,-1,1,-1
2015160A04581,2,1,0,12,0,1,0,0,0,0,3,1,2,2,17,4,-1,-1,-1,-1,1,-1
2015160A04591,1,9,0,3,0,8,0,0,0,0,4,1,6,1,63,9,1200,1,-1,-1,1,-1
2015160A04591,2,9,0,5,0,6,0,0,0,0,1,1,2,2,32,6,1598,1,11,-1,1,-1
2015160A04601,1,9,0,7,0,4,0,0,0,0,2,1,6,1,26,6,-1,-1,-1,-1,1,-1
2015160A04601,2,9,0,18,0,8,0,0,0,0,1,1,6,3,-1,-1,-1,-1,-1,-1,-1,-1
2015160A04611,1,9,0,18,0,0,0,0,0,0,3,1,6,1,87,11,998,1,3,-1,3,-1
2015160A04611,2,19,0,18,0,0,0,0,1,10,3,1,1,1,54,8,2198,2,3,-1,1,-1
2015160A04621,1,19,0,7,0,5,0,0,0,0,1,1,2,1,55,8,1598,2,-1,-1,1,-1
2015160A04631,1,9,0,5,0,1,0,0,0,0,2,1,6,1,33,6,-1,-1,-1,-1,1,-1
2015160A04631,2,9,3,18,0,1,0,0,0,0,1,1,6,1,38,7,2993,2,9,-1,1,-1
2015160A04641,1,9,0,3,0,1,0,0,0,0,2,1,1,1,76,11,1598,2,5,-1,1,-1
2015160A04641,2,9,0,18,0,1,0,0,0,0,1,1,6,1,56,9,1364,1,10,-1,1,-1
2015160A04651,1,9,0,18,0,8,0,0,0,0,1,1,6,1,38,7,1870,2,11,-1,1,-1
2015160A04651,2,1,0,18,0,6,0,0,0,0,3,1,6,1,21,5,-1,-1,-1,-1,1,-1
2015160A04661,1,9,0,9,0,6,0,0,0,0,1,1,6,1,57,9,1998,1,18,-1,1,-1
2015160A04671,1,9,0,2,0,0,0,0,1,0,2,1,6,3,-1,-1,1598,1,12,-1,-1,-1
2015160A04671,2,9,0,14,0,0,5,0,0,0,1,1,2,2,57,9,1560,2,2,-1,3,-1
2015160A04681,1,9,0,9,0,5,0,0,0,0,2,1,6,2,47,8,1597,2,1,-1,2,-1
2015160A04681,2,9,0,9,0,5,0,0,0,0,1,1,6,2,47,8,1598,1,4,-1,2,-1
2015160A04691,1,9,0,17,0,0,1,0,1,9,4,1,1,2,25,5,1242,1,11,-1,2,-1
2015160A04701,1,9,0,11,0,1,0,0,0,0,0,1,6,1,56,9,1364,1,10,-1,1,-1
2015160A04701,2,8,0,18,0,1,0,10,1,0,1,1,1,1,60,9,1560,2,3,-1,1,-1
2015160A04711,1,9,0,9,0,3,0,0,0,0,1,1,6,1,25,5,1390,1,8,-1,1,-1
2015160A04721,1,9,0,10,0,1,0,0,0,0,2,1,6,2,41,7,-1,-1,-1,-1,1,-1
2015160A04721,2,9,0,10,0,1,0,0,0,0,1,1,6,1,54,8,-1,-1,-1,-1,1,-1
2015160A04731,1,1,0,18,9,0,0,11,0,0,4,1,4,2,9,2,-1,-1,-1,-1,1,-1
2015160A04741,1,9,0,7,0,6,0,0,0,0,2,1,6,2,37,7,1398,2,11,-1,1,-1
2015160A04741,2,9,0,7,0,6,0,0,0,0,1,1,6,1,53,8,1461,2,4,-1,1,-1
2015160A04751,1,9,0,7,0,6,0,0,0,0,1,1,6,3,-1,-1,-1,-1,-1,-1,-1,-1
2015160A04751,2,1,0,18,0,1,0,0,0,0,1,1,6,1,38,7,-1,-1,-1,-1,1,-1
2015160A04761,1,8,0,1,0,0,0,0,0,0,2,1,6,3,-1,-1,-1,-1,-1,-1,-1,-1
2015160A04761,2,1,0,18,0,0,0,0,0,0,1,1,6,1,6,2,-1,-1,-1,-1,1,-1
2015160A04771,1,9,0,9,0,8,0,0,0,0,1,1,2,2,55,8,1596,1,10,-1,1,-1
2015160A04771,2,11,0,18,0,6,0,0,0,0,4,1,1,1,64,9,8300,2,8,-1,1,-1
2015160A04781,1,9,0,18,0,0,1,0,0,0,3,1,6,3,-1,-1,1781,1,17,-1,-1,-1
2015160A04781,2,9,0,5,0,0,0,0,0,0,3,1,6,2,38,7,1799,1,7,-1,1,-1
2015160A04781,3,9,0,2,0,0,0,0,0,0,3,1,6,3,-1,-1,1598,1,13,-1,-1,-1
2015160A04781,4,19,0,2,0,0,0,0,0,0,1,1,6,3,-1,-1,1870,2,12,-1,-1,-1
2015160A04781,5,19,0,2,0,0,0,0,0,0,4,1,6,3,-1,-1,1995,2,4,-1,-1,-1
2015160A04791,1,9,0,5,0,1,0,0,0,0,1,1,2,1,44,7,1968,2,11,-1,1,-1
2015160A04811,1,9,0,9,0,5,0,0,0,0,1,1,6,2,76,11,1587,1,10,-1,1,-1
2015160A04811,2,1,0,18,0,8,0,0,0,0,3,1,6,1,25,5,-1,-1,-1,-1,1,-1
2015160B00011,1,9,0,5,0,1,0,0,0,0,1,1,2,1,50,8,1399,2,6,-1,1,-1
2015160B00011,2,9,0,4,0,1,0,0,0,0,2,1,2,1,41,7,1598,1,10,-1,2,-1
2015160B00021,1,9,0,17,0,2,2,0,1,9,1,1,6,1,18,4,973,1,15,-1,3,-1
2015160B00031,1,9,0,4,0,1,0,0,0,0,1,1,6,1,59,9,1895,1,16,-1,1,-1
2015160B00031,2,9,0,3,0,1,0,0,0,0,2,1,6,1,17,4,1399,2,9,-1,1,-1
2015160B00031,3,2,0,3,0,1,0,0,0,0,2,1,6,1,17,4,49,1,11,-1,1,-1
2015160B00051,1,9,0,18,0,1,0,0,1,0,1,1,6,3,21,5,-1,-1,-1,-1,1,-1
2015160B00051,2,9,0,9,0,1,0,0,1,0,2,1,6,1,57,9,-1,-1,-1,-1,1,-1
2015160B00061,1,5,0,4,0,4,1,10,3,0,3,1,6,1,58,9,-1,-1,-1,-1,2,-1
2015160B00071,1,9,0,16,0,0,1,0,2,4,1,1,2,2,24,5,-1,-1,-1,-1,2,-1
2015160B00071,2,9,0,17,0,0,0,0,1,10,1,1,2,2,49,8,-1,-1,-1,-1,2,-1
2015160B00081,1,19,0,18,0,1,0,0,0,0,1,1,1,1,22,5,1560,2,8,-1,3,-1
2015160B00081,2,19,0,3,0,1,0,0,0,0,2,1,1,1,34,6,2198,2,1,-1,2,-1
2015160B00081,3,9,0,10,0,1,0,0,0,0,2,1,2,2,21,5,1390,1,12,-1,2,-1
2015160B00091,1,9,0,4,0,1,0,0,0,0,2,1,6,2,30,6,1796,1,12,-1,3,-1
2015160B00091,2,9,0,18,0,1,0,0,0,0,1,1,2,1,33,6,999,1,1,-1,1,-1
2015160B00091,3,9,0,18,0,1,0,0,0,0,1,1,2,2,43,7,1242,1,9,-1,3,-1
2015160B00101,1,9,0,18,0,0,0,0,0,0,1,1,2,1,19,4,1598,2,4,-1,2,-1
2015160B00101,2,9,0,3,0,0,0,0,0,0,2,1,6,2,28,6,1896,2,8,-1,3,-1
2015160B00111,1,3,0,18,0,0,0,0,0,0,1,1,1,1,44,7,-1,-1,-1,-1,1,-1
2015160B00111,2,1,0,18,0,0,0,0,0,0,4,1,6,2,53,8,-1,-1,-1,-1,1,-1
2015160B00121,1,9,0,9,0,6,0,0,0,0,1,1,2,1,60,9,1956,2,2,-1,3,-1
2015160B00121,2,9,0,18,0,8,0,0,0,0,3,1,2,1,61,9,1582,2,6,-1,3,-1
2015160B00141,1,9,0,12,0,0,1,0,0,0,0,1,1,1,31,6,1598,2,1,-1,1,-1
2015160B00141,2,21,1,12,0,0,0,0,0,0,3,1,1,1,48,8,12900,2,5,-1,3,-1
2015160B00141,3,19,0,18,0,0,0,0,6,6,4,1,1,1,38,7,-1,-1,-1,-1,1,-1
2015160B00151,1,9,0,18,0,1,0,0,0,0,1,1,6,1,33,6,1582,2,3,-1,1,-1
2015160B00151,2,1,0,18,0,1,0,0,0,0,2,1,6,1,46,8,-1,-1,-1,-1,2,-1
2015160B00161,1,9,0,16,0,0,1,0,1,4,4,1,6,1,20,4,-1,-1,-1,-1,3,-1
2015160B00171,1,9,0,17,0,0,2,0,1,9,4,1,2,2,52,8,1560,2,8,-1,2,-1
2015160B00181,1,9,0,17,0,0,5,0,1,10,1,1,6,2,52,8,1390,1,13,-1,2,-1
2015160B00191,1,9,0,18,0,0,0,10,1,4,1,1,6,1,19,4,-1,-1,-1,-1,3,-1
2015160B00201,1,19,0,18,0,0,0,0,0,0,1,1,6,1,46,8,1998,2,14,-1,1,-1
2015160B00201,2,9,0,4,0,0,0,0,0,0,2,1,6,1,49,8,1968,2,3,-1,1,-1
2015160B00211,1,8,0,9,0,6,0,0,0,0,1,1,1,1,41,7,1995,2,11,-1,1,-1
2015160B00211,2,1,0,17,0,8,1,0,0,0,1,1,6,1,23,5,-1,-1,-1,-1,1,-1
2015160B00221,1,9,0,9,0,6,0,0,0,0,1,1,6,2,36,7,1870,2,5,-1,1,-1
2015160B00231,1,9,0,9,0,8,0,0,0,0,3,1,6,1,31,6,-1,-1,-1,-1,1,-1
2015160B00231,2,9,0,18,0,8,0,0,0,0,3,1,6,1,54,8,1753,2,11,-1,1,-1
2015160B00241,1,21,1,12,0,0,0,0,0,0,1,2,1,1,45,7,-1,-1,-1,-1,-1,-1
2015160B00241,2,9,0,18,0,0,0,0,0,0,4,1,2,2,45,7,1598,1,3,-1,2,-1
2015160B00251,1,9,0,18,0,1,0,0,0,0,1,1,6,2,27,6,-1,-1,-1,-1,1,-1
2015160B00251,2,9,0,9,0,1,0,0,0,0,2,1,6,1,36,7,1598,1,6,-1,1,-1
2015160B00261,1,19,0,17,0,0,1,0,7,9,1,1,6,2,19,4,1248,2,5,-1,3,-1
2015160B00271,1,9,0,18,0,0,1,0,0,0,4,1,2,2,20,4,-1,-1,-1,-1,1,-1
2015160B00281,1,9,0,13,0,8,0,0,1,11,1,1,6,2,43,7,996,1,1,-1,3,-1
2015160B00281,2,19,0,9,0,5,0,0,0,0,3,1,6,2,42,7,1968,2,1,-1,3,-1
2015160B00291,1,21,1,18,0,0,0,0,6,6,1,1,1,1,52,8,12580,2,9,-1,3,-1
2015160B00291,2,21,1,3,0,0,0,0,0,0,2,1,1,1,56,9,10837,2,2,-1,1,-1
2015160B00291,3,9,0,2,0,0,0,0,0,0,0,1,6,2,42,7,1995,2,-1,-1,1,-1
2015160B00301,1,9,0,18,0,0,0,0,0,0,1,1,6,1,30,6,1598,1,11,-1,1,-1
2015160B00311,1,1,0,18,0,8,0,0,0,0,1,1,6,1,10,2,-1,-1,-1,-1,1,-1
2015160B00311,2,9,0,18,0,1,0,0,0,0,4,1,6,3,-1,-1,-1,-1,-1,-1,-1,-1
2015160B00321,1,9,0,18,0,0,5,0,0,0,1,1,6,2,34,6,1398,2,2,-1,2,-1
2015160B00321,2,9,0,2,0,0,0,0,0,0,2,1,6,2,55,8,-1,-1,-1,-1,3,-1
2015160B00321,3,9,0,18,0,0,0,0,0,0,3,1,6,1,56,9,1229,1,4,-1,2,-1
2015160B00331,1,21,1,12,0,1,0,0,0,0,3,2,1,1,47,8,-1,-1,-1,-1,-1,-1
2015160B00331,2,9,0,18,0,1,0,0,0,0,4,1,6,1,41,7,1995,2,2,-1,1,-1
2015160B00341,1,20,0,18,0,4,0,0,0,0,1,1,1,1,40,7,-1,-1,-1,-1,1,-1
2015160B00341,2,9,0,9,0,8,0,0,0,0,1,1,6,1,24,5,1299,1,12,-1,1,-1
2015160B00351,1,9,0,18,0,0,0,0,1,9,4,1,6,1,19,4,1198,1,5,-1,1,-1
2015160B00351,2,9,0,18,0,0,0,0,0,0,0,1,6,3,-1,-1,-1,-1,-1,-1,-1,-1
2015160B00371,1,9,0,8,0,1,0,0,0,0,2,1,6,1,27,6,1582,2,1,-1,1,-1
2015160B00371,2,9,0,5,0,1,0,0,0,0,1,1,6,2,72,10,1248,1,2,-1,2,-1
2015160B00381,1,9,0,2,0,0,0,0,0,0,0,1,6,3,-1,-1,2171,2,13,-1,-1,-1
2015160B00381,2,9,0,5,0,0,0,0,0,0,1,1,6,1,57,9,1988,2,10,-1,2,-1
2015160B00391,1,21,1,12,8,0,5,0,0,0,0,1,1,1,58,9,12419,2,2,-1,2,-1
2015160B00391,2,9,0,18,0,0,0,0,1,4,1,1,2,1,43,7,-1,-1,-1,-1,1,-1
2015160B00401,1,9,0,5,0,2,0,0,0,0,1,1,6,2,76,11,1498,1,9,-1,1,-1
2015160B00401,2,9,0,2,0,2,0,0,0,0,1,1,6,2,45,7,973,1,14,-1,-1,-1
2015160B00411,1,9,0,18,0,1,0,0,0,0,1,1,6,2,30,6,1598,1,4,-1,2,-1
2015160B00421,1,9,0,18,0,0,2,0,7,9,1,1,1,1,26,6,1587,1,5,-1,2,-1
2015160B00431,1,9,0,18,0,0,0,0,1,11,1,1,6,1,60,9,-1,-1,-1,-1,3,-1
2015160B00431,2,9,0,2,0,0,0,0,7,10,1,1,6,2,-1,-1,1598,1,12,-1,-1,-1
2015160B00441,1,9,0,18,0,1,0,0,0,0,1,1,6,2,47,8,995,1,3,-1,2,-1
2015160B00441,2,9,0,10,0,1,0,0,0,0,2,1,6,1,53,8,1956,2,4,-1,2,-1
2015160B00451,1,9,0,18,0,4,0,0,0,0,0,1,6,3,-1,-1,-1,-1,-1,-1,-1,-1
2015160B00451,2,1,0,18,0,8,0,0,0,0,0,1,2,1,47,8,-1,-1,-1,-1,2,-1
2015160B00461,1,9,0,18,0,0,0,0,0,0,1,1,3,1,44,7,1796,1,6,-1,2,-1
2015160B00491,1,9,0,18,0,8,0,0,0,0,4,1,6,1,48,8,1362,1,2,-1,1,-1
2015160B00491,2,1,0,7,0,6,0,0,0,0,1,1,6,1,74,10,-1,-1,-1,-1,1,-1
2015160B00501,1,9,0,2,0,2,0,0,0,0,2,1,6,1,24,5,1796,1,16,-1,1,-1
2015160B00501,2,9,0,1,0,6,0,0,0,0,2,1,6,1,45,7,1598,1,11,-1,1,-1
2015160B00521,1,9,0,18,0,0,0,4,0,0,4,1,6,1,84,11,1339,1,7,-1,1,-1
2015160B00521,2,9,0,2,0,0,0,0,0,0,3,1,6,3,-1,-1,1388,1,12,-1,-1,-1
2015160B00531,1,2,0,18,0,8,1,0,0,0,1,1,6,1,26,6,-1,-1,-1,-1,1,-1
2015160B00531,2,9,0,18,0,4,0,0,0,0,3,1,6,2,61,9,1329,1,6,-1,1,-1
2015160B00541,1,9,0,16,0,0,5,0,1,0,1,1,6,1,19,4,-1,-1,-1,-1,2,-1
2015160B00551,1,9,0,5,0,6,0,0,7,1,4,1,6,1,68,10,-1,-1,-1,-1,3,-1
2015160B00551,2,9,0,18,0,1,0,0,1,1,1,1,1,1,36,7,1560,2,1,-1,1,-1
2015160B00571,1,9,0,18,0,0,1,0,7,2,1,1,6,2,19,4,1242,1,2,-1,2,-1
2015160B00571,2,9,0,2,0,0,0,0,0,0,3,1,6,3,-1,-1,1332,1,17,-1,-1,-1
2015160B00581,1,8,0,7,0,6,1,0,0,0,1,1,1,1,35,6,-1,-1,-1,-1,1,-1
2015160B00591,1,9,0,18,0,0,0,0,0,0,1,1,6,1,23,5,-1,-1,-1,-1,2,-1
2015160B00591,2,9,0,18,0,0,0,0,0,0,2,1,6,2,33,6,-1,-1,-1,-1,2,-1
2015160B00591,3,9,0,3,0,0,0,0,0,0,2,1,6,2,22,5,1560,2,5,-1,2,-1
2015160B00601,1,9,0,9,0,6,0,0,0,0,1,1,6,2,59,9,1598,1,11,-1,3,-1
2015160B00601,2,9,0,18,0,8,0,0,1,11,4,1,6,2,46,8,1461,2,1,-1,2,-1
2015160B00611,1,9,0,16,0,0,0,0,0,0,1,1,1,1,51,8,3222,2,12,-1,1,-1
2015160B00611,2,9,0,17,0,0,0,0,0,0,1,1,6,2,26,6,1299,1,13,-1,1,-1
2015160B00621,1,9,0,18,0,0,0,0,0,0,1,1,6,1,34,6,659,1,11,-1,1,-1
2015160B00621,2,9,0,18,0,0,0,0,0,0,2,1,6,1,21,5,1248,1,6,-1,1,-1
2015160B00631,1,3,0,18,0,8,0,0,0,0,1,1,2,1,24,5,85,1,25,-1,1,-1
2015160B00631,2,9,0,9,0,5,0,0,0,0,3,1,2,2,26,6,1299,1,15,-1,1,-1
2015160B00641,1,9,0,7,0,6,0,0,0,0,3,1,6,1,31,6,1591,1,7,-1,1,-1