Accident_Index,Vehicle_Reference,Vehicle_Type,Towing_and_Articulation,Vehicle_Manoeuvre,Vehicle_Location-Restricted_Lane,Junction_Location,Skidding_and_Overturning,Hit_Object_in_Carriageway,Vehicle_Leaving_Carriageway,Hit_Object_off_Carriageway,1st_Point_of_Impact,Was_Vehicle_Left_Hand_Drive?,Journey_Purpose_of_Driver,Sex_of_Driver,Age_of_Driver,Age_Band_of_Driver,Engine_Capacity_(CC),Propulsion_Code,Age_of_Vehicle,Driver_IMD_Decile,Driver_Home_Area_Type,Vehicle_IMD_Decile
2015160C01801,3,9,0,18,0,1,1,0,1,10,1,1,6,1,56,9,1299,1,14,-1,1,-1
2015160C01801,4,9,0,8,0,1,0,0,0,0,1,1,6,1,29,6,1560,2,5,-1,1,-1
2015160C01811,1,4,0,6,0,0,0,0,0,0,3,1,6,2,63,9,279,1,-1,-1,1,-1
2015160C01821,1,19,0,4,0,0,0,0,0,0,1,1,6,1,54,8,2198,2,2,-1,2,-1
2015160C01831,1,5,0,4,0,0,0,0,0,0,1,1,6,1,53,8,779,1,3,-1,1,-1
2015160C01831,2,9,0,3,0,0,0,0,0,0,2,1,6,2,45,7,1229,1,3,-1,2,-1
2015160C01841,1,5,0,14,0,1,1,0,0,0,3,1,6,1,19,4,-1,-1,-1,-1,1,-1
2015160C01841,2,9,0,9,0,5,0,0,0,0,3,1,6,1,71,10,1998,1,9,-1,3,-1
2015160C01851,1,9,0,9,0,6,0,0,0,0,1,1,6,1,23,5,1299,1,14,-1,1,-1
2015160C01861,1,5,0,18,0,1,0,10,7,1,1,1,6,1,41,7,1157,1,27,-1,3,-1
2015160C01861,2,9,0,18,0,1,0,0,0,0,0,1,6,1,34,6,2495,2,16,-1,1,-1
2015160C01861,3,9,0,18,0,1,0,0,0,0,3,1,6,2,26,6,1388,1,5,-1,2,-1
2015160C01871,1,9,0,9,0,8,0,0,1,0,1,1,6,1,35,6,1896,2,14,-1,-1,-1
2015160C01881,1,5,0,18,0,0,1,12,1,0,1,1,6,1,48,8,649,1,1,-1,1,-1
2015160C01891,1,4,0,9,0,5,1,0,0,0,1,1,6,1,39,7,399,1,27,-1,2,-1
2015160C01891,2,19,0,17,0,1,0,0,0,0,3,1,6,1,35,6,2402,2,12,-1,2,-1
2015160C01901,1,9,0,18,0,0,0,0,0,0,1,1,6,1,88,11,1124,1,17,-1,2,-1
2015160C01901,2,9,0,18,0,0,0,0,0,0,1,1,6,1,63,9,1598,1,4,-1,1,-1
2015160C01911,1,9,0,9,0,5,0,0,0,0,1,1,1,2,54,8,1299,1,13,-1,3,-1
2015160C01911,2,1,0,18,0,8,0,0,0,0,3,1,1,1,28,6,-1,-1,-1,-1,1,-1
2015160C01921,1,9,0,18,0,0,0,0,0,0,4,1,6,2,64,9,1388,1,3,-1,2,-1
2015160C01931,1,9,0,4,0,0,0,0,0,0,2,1,6,1,60,9,1997,2,7,-1,1,-1
2015160C01931,2,19,0,18,0,0,0,0,0,0,1,1,1,1,51,8,1870,2,11,-1,3,-1
2015160C01941,1,9,0,2,0,0,0,0,0,0,3,1,6,3,-1,-1,-1,-1,-1,-1,-1,-1
2015160C01941,2,90,0,16,0,0,0,0,0,0,3,1,6,1,35,6,-1,-1,-1,-1,1,-1
2015160C01951,1,9,0,9,0,1,0,0,0,0,3,1,6,2,26,6,1240,1,7,-1,2,-1
2015160C01951,2,5,0,14,0,1,0,0,0,0,1,1,6,1,26,6,599,1,18,-1,1,-1
2015160C01961,1,9,0,18,0,0,0,0,0,0,1,1,6,2,41,7,1995,2,14,-1,1,-1
2015160C01971,1,9,0,16,0,0,1,0,0,0,1,1,6,2,70,10,-1,-1,-1,-1,3,-1
2015160C01971,2,11,0,17,0,0,0,0,0,0,1,1,1,1,52,8,-1,2,5,-1,1,-1
2015160C01981,1,9,0,18,0,0,0,0,0,0,1,1,6,1,66,10,1396,1,7,-1,1,-1
2015160C01981,2,9,0,4,0,0,0,0,0,0,2,1,6,1,89,11,1398,1,2,-1,1,-1
2015160C01981,3,9,0,3,0,0,0,0,0,0,2,1,1,2,35,6,1997,2,5,-1,2,-1
2015160C01991,1,9,0,9,0,5,0,0,0,0,3,1,6,1,45,7,4172,2,8,-1,1,-1
2015160C01991,2,2,0,18,0,8,0,0,0,0,1,1,6,1,21,5,49,1,10,-1,1,-1
2015160C02001,1,5,0,4,0,0,1,0,0,0,1,1,6,1,20,4,954,1,12,-1,3,-1
2015160C02001,2,9,0,4,0,0,0,0,0,0,2,1,6,1,74,10,1796,1,14,-1,1,-1
2015160C02011,1,9,0,2,0,2,0,0,0,0,2,1,6,2,52,8,1339,1,6,-1,2,-1
2015160C02011,2,1,0,18,0,2,0,4,0,0,1,1,6,1,14,3,-1,-1,-1,-1,2,-1
2015160C02021,1,5,0,18,0,0,1,0,0,0,4,1,6,2,46,8,1052,1,27,-1,-1,-1
2015160C02031,1,19,0,18,0,1,0,0,0,0,2,1,1,1,29,6,1560,2,1,-1,1,-1
2015160C02031,2,9,0,18,0,1,0,0,0,0,1,1,6,1,21,5,1587,1,9,-1,1,-1
2015160C02041,1,9,0,18,0,8,0,0,0,0,4,1,6,1,26,6,2521,1,9,-1,1,-1
2015160C02041,2,9,0,9,0,3,0,0,0,0,3,1,6,1,63,9,2835,2,18,-1,1,-1
2015160C02051,1,9,0,18,0,0,2,10,7,4,2,1,6,1,30,6,-1,-1,-1,-1,3,-1
2015160C02091,1,9,0,18,0,0,0,0,7,9,3,1,6,1,28,6,1598,1,8,-1,2,-1
2015160C02091,2,9,0,13,0,0,0,0,0,0,4,1,6,1,33,6,1956,2,-1,-1,1,-1
2015160C02101,1,9,0,2,0,0,0,0,0,0,2,1,6,1,63,9,2435,1,14,-1,3,-1
2015160C02101,2,9,0,18,0,0,0,0,0,0,1,1,3,2,25,5,1998,1,7,-1,3,-1
2015160C02111,1,9,0,18,0,0,0,0,4,6,2,1,2,1,33,6,1968,2,7,-1,2,-1
2015160C02111,2,9,0,18,0,0,0,0,0,0,1,1,2,1,55,8,1368,1,6,-1,1,-1
2015160C02121,1,5,0,18,0,0,1,0,1,10,1,1,6,1,19,4,-1,-1,-1,-1,3,-1
2015160C02131,1,19,0,18,0,0,0,0,0,0,1,1,6,1,27,6,3920,2,11,-1,-1,-1
2015160C02131,2,1,0,18,0,0,0,0,0,0,2,1,6,1,54,8,-1,-1,-1,-1,1,-1
2015160C02141,1,9,0,9,0,6,0,0,0,0,3,1,6,2,35,6,2179,2,2,-1,3,-1
2015160C02141,2,9,0,18,0,8,0,0,0,0,1,1,6,2,48,8,1870,2,12,-1,2,-1
2015160C02151,1,9,0,6,0,0,0,0,7,11,1,1,3,1,50,8,1598,1,-1,-1,1,-1
2015160C02161,1,9,0,18,0,8,1,0,0,0,4,1,6,1,36,7,1998,1,8,-1,1,-1
2015160C02161,2,9,0,9,0,6,0,0,0,0,1,1,6,2,80,11,1798,1,10,-1,1,-1
2015160C02171,1,9,0,7,0,6,0,0,0,0,1,1,6,2,68,10,1560,2,3,-1,2,-1
2015160C02171,2,1,0,18,0,2,0,0,0,0,4,1,6,1,23,5,-1,-1,-1,-1,2,-1
2015160C02181,1,9,0,18,0,1,0,0,7,11,1,1,6,1,77,11,1796,1,10,-1,2,-1
2015160C02191,1,9,0,7,0,5,0,0,0,0,3,1,6,2,65,9,1364,2,7,-1,3,-1
2015160C02201,1,9,0,5,0,4,0,0,0,0,1,1,6,1,61,9,4511,1,8,-1,2,-1
2015160C02201,2,9,0,3,0,4,0,0,0,0,2,1,6,2,28,6,1199,1,15,-1,1,-1
2015160C02211,1,2,0,4,0,0,1,0,0,0,1,1,6,2,16,4,49,1,8,-1,1,-1
2015160C02211,2,9,0,3,0,0,0,0,0,0,2,1,6,3,-1,-1,-1,-1,-1,-1,-1,-1
2015160C02221,1,9,0,1,0,2,0,0,0,0,2,1,2,2,54,8,1997,1,11,-1,1,-1
2015160C02231,1,9,0,17,0,0,2,0,1,10,1,1,6,2,18,4,1124,1,14,-1,3,-1
2015160C02241,1,9,0,18,0,0,0,0,0,0,4,1,6,3,-1,-1,-1,-1,-1,-1,-1,-1
2015160C02251,1,9,0,13,0,0,1,0,0,0,1,1,6,1,27,6,1896,2,14,-1,2,-1
2015160C02251,2,21,1,18,0,0,0,0,1,0,3,1,6,1,44,7,10837,2,2,-1,1,-1
2015160C02261,1,5,0,18,0,0,0,0,0,0,4,1,6,1,39,7,1000,1,-1,-1,2,-1
2015160C02261,2,9,0,18,0,0,0,0,0,0,3,1,6,1,48,8,1461,2,6,-1,2,-1
2015160C02271,1,9,0,7,0,5,0,0,0,0,4,1,3,2,28,6,1598,1,18,-1,1,-1
2015160C02271,2,1,0,18,0,1,0,0,0,0,1,1,6,1,32,6,-1,-1,-1,-1,1,-1
2015160C02281,1,9,0,17,0,0,0,7,1,10,1,1,2,1,38,7,2204,2,8,-1,2,-1
2015160C02291,1,9,0,18,0,0,1,0,1,4,1,1,6,1,23,5,1198,1,12,-1,1,-1
2015160C02301,1,5,0,18,0,0,1,0,1,11,1,1,6,1,39,7,998,1,6,-1,1,-1
2015160C02311,1,9,0,18,0,0,0,0,0,0,1,1,6,2,21,5,1197,1,1,-1,2,-1
2015160C02311,2,9,0,18,0,0,0,0,0,0,2,1,6,2,41,7,1997,2,13,-1,3,-1
2015160C02321,1,19,0,18,0,0,1,0,0,0,2,1,1,1,26,6,2143,2,4,-1,1,-1
2015160C02321,2,11,0,18,0,0,0,0,0,0,1,1,1,1,26,6,7300,2,13,-1,1,-1
2015160C02331,1,9,0,18,0,0,0,0,0,0,0,1,6,3,-1,-1,-1,-1,-1,-1,-1,-1
2015160C02331,2,3,0,18,0,0,0,0,1,10,4,1,6,1,25,5,124,1,3,-1,2,-1
2015160C02341,1,9,0,7,0,6,0,0,0,0,3,1,6,2,69,10,1339,1,3,-1,1,-1
2015160C02341,2,1,0,18,0,8,0,0,0,0,4,1,6,1,64,9,-1,-1,-1,-1,1,-1
2015160C02351,1,9,0,18,0,0,2,0,7,10,1,1,6,1,17,4,1149,1,10,-1,2,-1
2015160C02361,1,19,0,13,0,0,0,0,0,0,2,1,6,1,18,4,2402,2,6,-1,1,-1
2015160C02361,2,9,0,18,0,0,0,0,0,0,1,1,6,1,25,5,1242,1,12,-1,1,-1
2015160C02371,1,9,0,16,0,0,0,0,0,0,1,1,6,1,23,5,1968,2,11,-1,1,-1
2015160C02371,2,9,0,17,0,0,0,0,7,11,1,1,6,3,-1,-1,1796,1,9,-1,-1,-1
2015160C02381,1,1,0,18,0,8,0,0,0,0,1,1,6,2,26,6,-1,-1,-1,-1,1,-1
2015160C02381,2,9,0,7,0,4,0,0,0,0,1,1,6,1,28,6,1560,2,1,-1,1,-1
2015160C02391,1,9,0,17,0,2,0,0,7,10,1,1,6,1,21,5,998,1,1,-1,3,-1
2015160C02401,1,9,0,18,0,6,0,0,0,0,1,1,1,1,41,7,-1,-1,-1,-1,1,-1
2015160C02401,2,9,0,18,0,8,0,0,0,0,4,1,2,2,22,5,1968,2,10,-1,2,-1
2015160C02411,1,9,0,3,0,1,0,0,0,0,2,1,1,2,22,5,1229,1,1,-1,1,-1
2015160C02411,2,9,0,18,0,1,0,0,0,0,1,1,1,1,19,4,1206,1,3,-1,2,-1
2015160C02421,1,9,0,9,0,5,0,10,4,1,1,1,2,2,21,5,998,1,13,-1,1,-1
2015160C02431,1,3,0,16,0,0,1,10,7,0,4,1,6,1,22,5,125,1,7,-1,3,-1
2015160C02441,1,9,0,9,0,5,0,0,0,0,2,1,6,1,68,10,1388,1,5,-1,1,-1
2015160C02441,2,5,0,17,0,8,0,0,7,10,1,1,6,1,64,9,649,1,-1,-1,2,-1
2015160C02451,1,9,0,18,0,0,0,0,0,0,1,1,6,1,32,6,1560,2,5,-1,1,-1
2015160C02451,2,9,0,5,0,0,0,0,0,0,2,1,6,1,46,8,1596,1,9,-1,1,-1
2015160C02451,3,9,0,5,0,0,0,0,0,0,2,1,6,2,-1,-1,1988,1,12,-1,1,-1
2015160C02461,1,19,0,13,0,2,0,0,0,0,4,1,1,1,58,9,2198,2,3,-1,1,-1
2015160C02461,2,1,0,18,0,2,0,0,0,0,1,1,6,1,69,10,-1,-1,-1,-1,-1,-1
2015160C02471,1,2,0,18,0,8,0,0,0,0,1,1,6,1,16,4,49,1,7,-1,1,-1
2015160C02471,2,19,0,9,0,6,0,0,0,0,3,1,1,1,62,9,2198,2,9,-1,1,-1
2015160C02481,1,9,0,18,0,1,0,0,0,0,1,1,6,1,54,8,1299,1,11,-1,1,-1
2015160C02481,2,9,0,3,0,1,0,0,0,0,2,1,6,1,59,9,1598,1,8,-1,1,-1
2015160C02481,3,9,0,3,0,1,0,0,0,0,2,1,6,2,68,10,1339,1,11,-1,1,-1
2015160C02491,1,9,0,9,0,5,0,0,0,0,1,1,2,1,42,7,1999,1,12,-1,1,-1
2015160C02491,2,9,0,18,0,8,0,0,0,0,1,1,2,2,59,9,1248,1,2,-1,1,-1
2015160C02501,1,9,0,16,0,0,0,0,0,0,3,1,6,1,76,11,1560,2,1,-1,1,-1
2015160C02501,2,20,0,17,0,0,0,0,1,1,3,1,1,1,46,8,2143,2,3,-1,2,-1
2015160C02511,1,3,0,18,0,0,1,0,1,10,4,1,2,1,23,5,108,1,1,-1,1,-1
2015160C02511,2,9,0,13,0,0,0,0,0,0,0,1,6,3,-1,-1,-1,-1,-1,-1,-1,-1
2015160C02531,1,9,0,1,0,0,0,0,0,0,2,1,1,1,43,7,1597,1,9,-1,1,-1
2015160C02531,2,9,0,2,0,0,0,0,0,0,1,1,6,3,60,9,1396,1,10,-1,-1,-1
2015160C02541,1,9,0,17,0,0,2,0,7,9,4,1,6,1,29,6,1769,1,9,-1,3,-1
2015160C02561,1,9,0,9,0,6,0,0,0,0,3,1,6,2,67,10,1199,1,16,-1,1,-1
2015160C02561,2,9,0,18,0,8,0,0,7,10,1,1,6,2,17,4,1124,1,9,-1,1,-1
2015160C02571,1,9,0,18,0,6,0,0,0,0,1,1,6,1,55,8,1587,1,11,-1,1,-1
2015160C02571,2,9,0,18,0,8,0,0,0,0,3,1,6,2,71,10,1198,1,1,-1,3,-1
2015160C02591,1,5,0,18,0,1,1,0,0,0,1,1,6,1,67,10,1092,1,18,-1,3,-1
2015160C02591,2,22,0,18,0,8,0,0,0,0,3,1,6,1,81,11,-1,-1,-1,-1,-1,-1
2015160C02601,1,9,0,18,0,0,2,0,7,10,1,1,2,1,19,4,1124,1,15,-1,1,-1
2015160C02611,1,9,0,16,0,0,5,0,7,11,1,1,2,1,28,6,1388,1,11,-1,1,-1
2015160C02621,1,9,0,18,0,1,0,10,3,1,1,1,6,1,38,7,1910,2,9,-1,1,-1
2015160C02621,2,9,0,3,0,1,0,10,3,1,2,1,6,1,27,6,1242,1,16,-1,1,-1
2015160C02641,1,1,0,18,0,8,0,0,0,0,4,1,6,1,26,6,-1,-1,-1,-1,2,-1
2015160C02641,2,9,0,9,0,6,0,0,0,0,1,1,6,1,78,11,996,1,5,-1,3,-1
2015160C02651,1,9,0,18,0,0,1,10,1,0,4,1,6,2,45,7,1896,2,12,-1,1,-1
2015160C02651,2,21,1,18,0,0,0,0,0,0,2,1,1,1,35,6,10837,2,1,-1,1,-1
2015160C02661,1,9,0,7,0,6,1,10,3,0,1,1,6,1,25,5,1587,1,14,-1,2,-1
2015160C02671,1,9,0,9,0,2,0,0,0,0,1,1,6,2,18,4,998,1,4,-1,1,-1
2015160C02681,1,11,0,13,0,2,1,0,0,0,1,1,1,1,62,9,9600,2,15,-1,1,-1
2015160C02681,2,1,0,4,0,2,0,0,0,0,3,1,6,1,78,11,-1,-1,-1,-1,2,-1
2015160C02691,1,9,0,18,0,1,1,0,3,1,1,1,6,1,75,10,1596,1,5,-1,1,-1
2015160C02701,1,9,0,18,0,6,0,0,1,10,1,1,6,1,35,6,1968,2,7,-1,1,-1
2015160C02701,2,9,0,18,0,8,0,0,1,2,1,1,6,1,25,5,1968,2,5,-1,1,-1
2015160C02711,1,9,0,18,0,1,0,0,0,0,1,1,6,3,-1,-1,-1,-1,-1,-1,-1,-1
2015160C02721,1,9,0,16,0,0,0,0,0,0,1,1,6,2,55,8,1796,1,15,-1,2,-1
2015160C02721,2,9,0,17,0,0,0,0,0,0,1,1,6,2,51,8,998,1,2,-1,2,-1
2015160C02731,1,9,0,18,0,0,2,0,7,4,1,1,6,1,22,5,-1,-1,-1,-1,1,-1
2015160C02741,1,9,0,9,0,5,0,0,0,0,1,1,6,2,56,9,1364,1,5,-1,1,-1
2015160C02751,1,8,0,6,0,0,0,0,0,0,3,1,1,1,40,7,2148,2,8,-1,1,-1
2015160C02751,2,9,0,13,0,0,0,0,7,11,1,1,6,1,70,10,2488,1,10,-1,3,-1
2015160C02761,1,19,0,18,0,4,0,0,0,0,1,1,6,1,40,7,4250,2,6,-1,1,-1
2015160C02761,2,1,0,18,0,4,0,0,0,0,4,1,2,1,42,7,-1,-1,-1,-1,2,-1
2015160C02771,1,9,0,16,0,0,0,0,7,9,1,1,2,2,26,6,1341,1,14,-1,3,-1
2015160C02781,1,5,0,18,0,0,1,10,0,0,3,1,6,1,51,8,1050,1,10,-1,1,-1
2015160C02791,1,1,0,18,0,6,0,0,0,0,1,1,1,2,14,3,-1,-1,-1,-1,3,-1
2015160C02791,2,9,0,18,0,2,0,0,0,0,1,1,2,2,25,5,1995,2,4,-1,2,-1
2015160C02801,1,9,0,9,0,8,0,0,0,0,4,1,6,2,32,6,1587,1,9,-1,1,-1
2015160C02801,2,9,0,18,0,1,0,0,0,0,1,1,6,2,24,5,1364,1,8,-1,1,-1
2015160C02811,1,9,0,18,0,0,2,10,5,7,1,1,6,1,56,9,1796,1,14,-1,1,-1
2015160C02821,1,9,0,18,0,1,0,0,0,0,1,1,6,2,31,6,1598,1,6,-1,3,-1
2015160C02821,2,9,0,10,0,1,0,0,0,0,2,1,6,2,40,7,1461,2,12,-1,1,-1
2015160C02821,3,9,0,18,0,1,0,0,0,0,3,1,1,2,38,7,1598,2,4,-1,2,-1
2015160C02831,1,9,0,18,0,0,0,0,1,10,1,1,6,2,24,5,2902,2,7,-1,3,-1
2015160C02831,2,9,0,2,0,0,0,0,0,0,0,1,6,3,-1,-1,1598,1,2,-1,-1,-1
2015160C02841,1,9,0,18,0,1,1,0,0,0,4,1,6,1,22,5,2231,2,7,-1,1,-1
2015160C02841,2,9,0,5,0,6,0,0,0,0,0,1,6,2,51,8,1598,1,2,-1,1,-1
2015160C02851,1,9,0,16,0,1,1,10,1,11,1,1,6,1,32,6,1769,1,13,-1,3,-1
2015160C02861,1,9,0,16,0,0,0,0,7,4,1,1,6,2,71,10,1599,1,10,-1,2,-1
2015160C02871,1,1,0,16,0,8,0,0,0,0,3,1,2,2,36,7,-1,-1,-1,-1,1,-1
2015160C02871,2,9,0,17,0,8,0,0,0,0,3,1,6,1,39,7,2987,2,9,-1,1,-1
2015160C02881,1,9,0,4,0,0,0,0,0,0,1,1,6,1,53,8,1497,1,13,-1,1,-1
2015160C02881,2,9,0,3,0,0,0,0,0,0,2,1,6,2,21,5,1596,1,9,-1,1,-1
2015160C02881,3,9,0,3,0,0,0,0,0,0,2,1,6,1,36,7,1968,2,-1,-1,1,-1
2015160C02891,1,9,0,18,0,0,0,0,0,0,1,1,1,1,35,6,999,1,3,-1,1,-1
2015160C02891,2,1,0,18,0,0,0,0,0,0,1,1,6,2,9,2,-1,-1,-1,-1,1,-1
2015160C02901,1,9,0,18,0,1,2,0,5,7,3,1,6,1,30,6,998,1,8,-1,1,-1
2015160C02911,1,5,0,13,0,8,0,0,0,0,4,1,6,1,25,5,899,1,20,-1,1,-1
2015160C02911,2,9,0,9,0,5,0,0,0,0,3,1,6,2,41,7,1124,1,10,-1,1,-1
2015160C02921,1,9,3,18,0,0,5,0,0,0,3,1,6,1,59,9,2401,2,9,-1,2,-1
2015160C02921,2,9,0,18,0,0,0,0,1,10,1,1,6,1,42,7,1587,1,10,-1,1,-1
2015160C02931,1,9,0,9,0,5,1,0,0,0,3,1,2,2,27,6,1242,1,2,-1,3,-1
2015160C02931,2,90,0,13,0,1,1,0,0,0,4,1,1,1,52,8,2987,2,1,-1,1,-1
2015160C02941,1,9,0,18,0,0,0,0,0,0,1,1,6,2,55,8,1997,2,4,-1,1,-1
2015160C02941,2,9,0,18,0,0,0,0,0,0,2,1,6,1,65,9,1388,1,1,-1,1,-1
2015160C02951,1,9,0,3,0,1,0,0,0,0,2,1,6,1,26,6,1798,1,7,-1,1,-1
2015160C02951,2,9,0,18,0,1,0,0,0,0,1,1,6,1,71,10,1332,1,16,-1,2,-1
2015160C02961,1,9,0,18,0,8,0,0,0,0,1,1,6,1,24,5,1596,1,13,-1,1,-1
2015160C02961,2,9,0,9,0,5,0,0,0,0,1,1,6,2,25,5,1242,1,3,-1,3,-1
2015160C02971,1,9,0,18,0,4,0,0,0,0,1,1,6,1,28,6,1753,2,7,-1,2,-1
2015160C02971,2,1,0,18,0,8,0,0,0,0,4,1,6,1,46,8,-1,-1,-1,-1,1,-1
2015160C02981,1,9,0,16,0,0,1,0,0,0,1,1,1,1,24,5,1995,2,2,-1,2,-1
2015160C02981,2,9,0,18,0,0,0,0,0,0,1,1,6,2,42,7,2993,2,4,-1,3,-1
2015160C02991,1,9,0,7,0,8,1,0,0,0,1,1,6,1,60,9,1399,1,9,-1,1,-1
2015160C02991,2,9,0,7,0,8,1,0,1,7,3,1,6,1,35,6,1850,1,14,-1,2,-1
2015160C03001,1,19,0,9,0,8,0,0,0,0,1,1,2,1,57,9,-1,-1,-1,-1,-1,-1
2015160C03001,2,9,0,18,0,3,0,0,0,0,2,1,2,1,51,8,1598,1,6,-1,1,-1
2015160C03011,1,11,0,18,0,0,0,0,0,0,1,1,6,1,60,9,-1,-1,-1,-1,2,-1
2015160C03011,2,19,0,18,0,0,0,0,0,0,1,1,6,1,56,9,2188,2,14,-1,3,-1
2015160C03021,1,9,0,18,0,0,1,0,2,10,1,1,6,2,20,4,-1,-1,-1,-1,1,-1
2015160C03031,1,9,0,18,0,8,0,0,0,0,1,1,6,1,53,8,1796,1,16,-1,2,-1
2015160C03031,2,1,0,18,0,6,0,0,0,0,3,1,6,1,9,2,-1,-1,-1,-1,1,-1
2015160C03051,1,9,0,16,0,0,0,0,7,4,1,1,6,1,27,6,-1,-1,-1,-1,1,-1
2015160C03061,1,1,0,18,0,8,0,0,0,0,1,1,6,2,29,6,-1,-1,-1,-1,1,-1
2015160C03061,2,9,0,18,0,6,0,0,0,0,1,1,6,2,77,11,1229,1,1,-1,1,-1
2015160C03071,1,9,0,17,0,0,1,0,0,0,1,1,6,2,26,6,1390,1,13,-1,1,-1
2015160C03071,2,9,0,16,0,0,0,0,1,0,1,1,6,2,58,9,996,1,-1,-1,2,-1
2015160C03081,1,9,0,18,0,0,5,4,1,11,1,1,6,2,63,9,1299,1,8,-1,2,-1
2015160C03081,2,9,0,2,0,0,0,0,0,0,2,1,6,3,-1,-1,1299,1,9,-1,-1,-1
2015160C03081,3,9,0,2,0,0,0,0,0,0,1,1,6,3,-1,-1,1498,1,8,-1,-1,-1
2015160C03091,1,9,0,2,0,0,0,0,0,0,1,1,6,2,87,11,1498,1,3,-1,2,-1
2015160C03091,2,90,0,2,0,0,0,0,7,11,2,1,6,3,-1,-1,1600,1,43,-1,-1,-1
2015160C03101,1,9,0,4,0,1,0,0,0,0,2,1,6,2,33,6,1596,1,4,-1,1,-1
2015160C03101,2,9,0,18,0,1,0,0,0,0,1,1,6,2,30,6,1796,1,10,-1,1,-1
2015160C03111,1,5,0,17,0,0,1,0,0,0,4,1,6,1,58,9,908,1,19,-1,2,-1
2015160C03111,2,19,0,16,0,0,0,0,0,0,1,1,6,1,57,9,1870,2,9,-1,3,-1
2015160C03121,1,9,0,1,0,2,0,0,0,0,2,1,1,2,38,7,1560,2,5,-1,1,-1
2015160C03141,1,9,0,17,0,0,1,0,7,4,1,1,6,1,34,6,1598,1,9,-1,-1,-1
2015160C03151,1,9,0,1,0,0,0,0,0,0,2,1,6,1,80,11,1341,1,10,-1,2,-1
2015160C03161,1,9,0,9,0,6,0,0,0,0,3,1,6,1,66,10,1242,1,12,-1,1,-1
2015160C03161,2,1,0,18,0,1,0,0,0,0,1,1,6,1,18,4,-1,-1,-1,-1,1,-1
2015160C03171,1,9,0,18,0,0,1,0,0,0,1,1,2,2,31,6,1248,2,4,-1,1,-1
2015160C03171,2,9,0,4,0,0,0,0,0,0,2,1,2,2,35,6,1999,1,4,-1,2,-1
2015160C03171,3,21,1,18,0,0,0,0,0,0,3,1,6,3,35,6,-1,-1,-1,-1,-1,-1
2015160C03171,4,9,0,11,0,0,0,0,0,0,4,1,2,1,46,8,1995,2,3,-1,3,-1
2015160C03181,1,9,0,18,0,8,0,0,0,0,1,1,6,1,84,11,1796,1,6,-1,3,-1
2015160C03181,2,9,0,18,0,8,0,0,0,0,1,1,6,1,28,6,2497,2,12,-1,1,-1
2015160C03191,1,9,0,18,0,0,0,0,0,0,1,1,1,2,46,8,1587,1,12,-1,2,-1
2015160C03191,2,9,0,18,0,0,0,0,0,0,2,1,1,1,24,5,1598,1,9,-1,3,-1
2015160C03191,3,9,0,18,0,0,0,0,0,0,0,1,6,3,-1,-1,-1,-1,-1,-1,-1,-1
2015160C03201,1,9,0,18,0,8,0,0,0,0,1,1,6,2,30,6,-1,-1,-1,-1,3,-1
2015160C03201,2,9,0,9,0,5,0,0,0,0,4,1,6,1,29,6,1149,1,14,-1,1,-1
2015160C03211,1,1,0,17,0,0,0,0,0,0,0,1,6,1,10,2,-1,-1,-1,-1,1,-1
2015160C03211,2,9,0,16,0,0,0,0,0,0,0,1,6,3,-1,-1,-1,-1,-1,-1,-1,-1
2015160C03221,1,4,0,18,0,0,1,0,7,0,1,1,6,1,29,6,-1,-1,-1,-1,1,-1
2015160C03221,2,19,0,18,0,0,1,0,0,0,1,1,6,2,58,9,1998,2,13,-1,1,-1
2015160C03221,3,9,0,18,0,0,0,0,0,0,1,1,6,2,58,9,998,1,-1,-1,1,-1
2015160C03231,1,9,0,16,0,1,2,0,3,1,1,1,6,1,81,11,1242,1,8,-1,1,-1
2015160C03241,1,9,0,13,0,8,1,0,0,0,1,1,6,1,23,5,1171,1,22,-1,3,-1
2015160C03241,2,9,0,9,0,5,0,0,0,0,3,1,6,2,50,8,1587,1,13,-1,2,-1
2015160C03251,1,9,0,18,0,2,0,0,0,0,1,1,1,1,22,5,1997,2,7,-1,3,-1
2015160C03251,2,9,0,4,0,2,0,0,0,0,2,1,1,2,49,8,-1,-1,-1,-1,3,-1
2015160C03261,1,9,0,18,0,1,0,0,0,0,0,1,6,2,26,6,1598,1,12,-1,1,-1
2015160C03261,2,9,0,9,0,2,0,0,0,0,0,1,6,1,64,9,2143,2,-1,-1,2,-1
2015160C03271,1,9,0,16,0,1,0,0,7,10,1,1,6,2,67,10,1490,1,7,-1,1,-1
2015160C03271,2,21,0,17,0,1,0,0,0,0,1,1,1,1,45,7,9186,2,2,-1,1,-1
2015160C03281,1,9,0,18,0,0,5,0,1,1,1,1,6,1,18,4,-1,-1,-1,-1,3,-1
2015160C03291,1,9,0,18,0,0,0,0,0,0,1,1,6,2,63,9,1598,2,3,-1,3,-1
2015160C03291,2,9,0,18,0,0,0,0,0,0,2,1,6,1,46,8,1598,1,11,-1,3,-1
2015160C03301,1,9,0,16,0,0,0,0,0,0,1,1,6,1,18,4,2000,2,10,-1,2,-1
2015160C03301,2,9,0,16,0,0,0,0,0,0,2,1,6,1,24,5,1560,2,1,-1,3,-1
2015160C03311,1,9,0,5,0,1,0,0,0,0,1,1,2,2,51,8,1398,2,1,-1,1,-1
2015160C03311,2,3,0,8,0,1,0,0,0,0,2,1,2,1,28,6,-1,-1,-1,-1,1,-1
2015160C03321,1,9,0,9,0,6,0,0,0,0,3,1,6,1,94,11,1796,1,4,-1,3,-1