Accident_Index,Vehicle_Reference,Vehicle_Type,Towing_and_Articulation,Vehicle_Manoeuvre,Vehicle_Location-Restricted_Lane,Junction_Location,Skidding_and_Overturning,Hit_Object_in_Carriageway,Vehicle_Leaving_Carriageway,Hit_Object_off_Carriageway,1st_Point_of_Impact,Was_Vehicle_Left_Hand_Drive?,Journey_Purpose_of_Driver,Sex_of_Driver,Age_of_Driver,Age_Band_of_Driver,Engine_Capacity_(CC),Propulsion_Code,Age_of_Vehicle,Driver_IMD_Decile,Driver_Home_Area_Type,Vehicle_IMD_Decile
2015160C03321,2,9,0,18,0,8,0,0,0,0,1,1,6,1,31,6,1596,1,14,-1,2,-1
2015160C03331,1,9,0,10,0,8,0,0,0,0,2,1,6,1,56,9,1995,2,4,-1,1,-1
2015160C03331,2,9,0,17,0,8,0,0,0,0,1,1,6,1,67,10,1560,2,1,-1,3,-1
2015160C03351,1,9,0,18,0,0,0,0,0,0,1,1,6,1,17,4,-1,-1,-1,-1,1,-1
2015160C03351,2,9,0,4,0,0,0,0,0,0,2,1,6,2,50,8,1198,1,1,-1,2,-1
2015160C03361,1,1,0,5,0,6,0,0,0,0,1,1,6,1,22,5,-1,-1,-1,-1,1,-1
2015160C03361,2,9,0,17,0,8,0,0,0,0,1,1,6,2,-1,-1,998,1,11,-1,1,-1
2015160C03371,1,9,0,9,0,6,0,0,0,0,1,1,6,1,64,9,1988,2,11,-1,-1,-1
2015160C03371,2,2,0,14,0,8,0,0,0,0,4,1,2,1,26,6,49,1,11,-1,1,-1
2015160C03381,1,98,0,18,0,0,0,0,0,0,1,1,1,1,39,7,83,2,18,-1,1,-1
2015160C03381,2,5,0,4,0,0,0,0,0,0,2,1,2,2,59,9,1441,1,2,-1,3,-1
2015160C03391,1,5,0,4,0,0,1,0,0,0,4,1,6,1,46,8,1052,1,20,-1,1,-1
2015160C03391,2,9,0,4,0,0,0,0,0,0,0,1,6,1,51,8,-1,-1,-1,-1,1,-1
2015160C03401,1,9,0,18,0,0,0,0,0,0,1,1,2,1,25,5,698,1,10,-1,3,-1
2015160C03401,2,9,0,3,0,0,0,0,0,0,2,1,6,1,25,5,1968,2,4,-1,1,-1
2015160C03401,3,9,0,3,0,0,0,0,0,0,2,1,6,2,35,6,1398,2,12,-1,1,-1
2015160C03411,1,19,0,16,0,0,0,0,0,0,4,1,1,1,44,7,2143,2,-1,-1,2,-1
2015160C03411,2,9,0,17,0,0,0,0,0,0,4,1,6,2,28,6,1242,1,6,-1,1,-1
2015160C03421,1,9,0,18,0,4,0,0,0,0,3,1,6,2,27,6,999,1,1,-1,1,-1
2015160C03421,2,9,0,18,0,8,0,0,0,0,4,1,6,1,59,9,1596,1,11,-1,1,-1
2015160C03431,1,5,0,17,0,0,1,0,1,10,1,1,6,1,49,8,-1,-1,-1,-1,1,-1
2015160C03441,1,9,0,17,0,0,0,0,0,0,1,1,6,2,51,8,1598,1,5,-1,3,-1
2015160C03441,2,5,0,16,0,0,1,0,1,9,1,1,6,1,48,8,998,1,5,-1,1,-1
2015160C03451,1,9,0,12,0,0,0,0,7,0,1,1,6,1,50,8,1560,2,2,-1,1,-1
2015160C03451,2,9,0,18,0,0,1,0,7,0,4,1,6,2,62,9,1242,1,3,-1,1,-1
2015160C03451,3,9,0,18,0,0,0,0,7,0,1,1,6,1,20,4,1598,1,10,-1,2,-1
2015160C03461,1,9,0,18,0,0,2,0,0,0,1,1,6,2,16,4,1588,1,13,-1,2,-1
2015160C03461,2,9,0,2,0,0,0,0,0,0,2,1,6,1,-1,-1,1951,2,10,-1,-1,-1
2015160C03471,1,17,0,3,0,0,0,0,0,0,0,1,1,1,62,9,6800,2,3,-1,3,-1
2015160C03471,2,9,0,3,0,0,0,0,0,0,3,1,1,1,59,9,-1,-1,-1,-1,3,-1
2015160C03481,1,9,0,9,0,6,0,0,0,0,3,1,6,1,44,7,2496,2,13,-1,1,-1
2015160C03481,2,2,0,18,0,8,0,0,0,0,1,1,6,1,16,4,49,1,-1,-1,3,-1
2015160C03491,1,9,0,17,0,0,2,0,1,0,0,1,6,1,56,9,505,1,11,-1,1,-1
2015160C03501,1,9,0,3,0,0,0,0,0,0,1,1,6,1,29,6,2967,1,10,-1,1,-1
2015160C03501,2,9,0,3,0,0,0,0,0,0,2,1,6,1,34,6,-1,-1,-1,-1,3,-1
2015160C03501,3,9,0,4,0,0,0,0,0,0,2,1,6,1,34,6,2497,2,3,-1,2,-1
2015160C03511,1,22,0,18,0,8,0,0,0,0,1,1,6,1,82,11,-1,-1,-1,-1,1,-1
2015160C03511,2,19,0,9,0,8,0,0,0,0,2,1,1,1,47,8,7790,2,5,-1,1,-1
2015160C03521,1,9,0,9,0,8,0,0,0,0,4,1,6,1,56,9,1798,1,5,-1,3,-1
2015160C03521,2,5,0,18,0,8,0,0,0,0,1,1,6,1,65,9,748,1,18,-1,2,-1
2015160C03531,1,9,0,18,0,0,2,0,7,10,1,1,6,1,21,5,1396,1,12,-1,3,-1
2015160C03531,2,9,0,18,0,0,0,0,0,0,2,1,6,2,62,9,1753,2,9,-1,3,-1
2015160C03541,1,9,0,9,0,8,0,0,0,0,1,1,6,1,27,6,1910,2,9,-1,1,-1
2015160C03541,2,9,0,18,0,8,2,0,1,0,4,1,6,2,71,10,1248,1,5,-1,3,-1
2015160C03551,1,9,0,9,0,6,0,0,7,0,4,1,6,1,87,11,1584,1,11,-1,1,-1
2015160C03551,2,9,0,18,0,1,0,0,0,0,1,1,6,2,82,11,1560,2,9,-1,1,-1
2015160C03561,1,1,0,9,0,8,0,0,0,0,1,1,6,1,46,8,-1,-1,-1,-1,2,-1
2015160C03561,2,9,0,9,0,8,0,0,0,0,4,1,6,1,20,4,2494,1,16,-1,2,-1
2015160C03581,1,1,0,18,0,1,0,0,0,0,2,1,6,1,53,8,-1,-1,-1,-1,1,-1
2015160C03581,2,9,0,18,0,1,0,0,0,0,1,1,6,3,-1,-1,-1,-1,-1,-1,-1,-1
2015160C03591,1,5,0,13,0,8,0,0,0,0,1,1,6,1,51,8,1130,1,12,-1,1,-1
2015160C03591,2,9,0,12,0,8,0,0,0,0,1,1,1,1,45,7,1753,2,8,-1,1,-1
2015160C03601,1,1,0,9,0,0,0,0,0,0,2,1,6,2,40,7,-1,-1,-1,-1,1,-1
2015160C03601,2,9,0,18,0,0,0,0,0,0,1,1,6,1,62,9,1598,1,5,-1,1,-1
2015160C03611,1,1,0,15,0,2,0,8,0,0,3,1,6,1,36,7,-1,-1,-1,-1,1,-1
2015160C03611,2,9,0,3,0,2,0,0,0,0,4,1,6,1,51,8,2204,2,7,-1,2,-1
2015160C03621,1,9,0,18,0,4,0,0,0,0,1,1,2,1,23,5,1149,1,13,-1,1,-1
2015160C03621,2,9,0,3,0,4,0,0,0,0,2,1,6,1,24,5,1364,1,6,-1,3,-1
2015160C03631,1,9,0,18,0,0,0,0,0,0,1,1,6,2,69,10,1956,2,-1,-1,1,-1
2015160C03641,1,9,0,3,0,6,0,0,0,0,3,1,6,1,47,8,2143,2,-1,-1,2,-1
2015160C03641,2,9,0,18,0,8,0,0,0,0,4,1,6,2,31,6,796,1,14,-1,3,-1
2015160C03651,1,9,0,9,0,8,0,0,0,0,2,1,6,2,44,7,-1,-1,-1,-1,3,-1
2015160C03651,2,9,0,18,0,8,0,0,0,0,1,1,6,2,21,5,1199,2,4,-1,2,-1
2015160C03661,1,9,0,18,0,1,0,0,0,0,1,1,6,1,84,11,1329,1,1,-1,2,-1
2015160C03661,2,19,0,10,0,1,0,0,0,0,2,1,1,1,55,8,2198,2,3,-1,1,-1
2015160C03671,1,9,0,9,0,2,1,0,0,0,1,1,6,1,63,9,2179,2,4,-1,1,-1
2015160C03671,2,9,0,17,0,1,0,0,0,0,1,1,6,1,68,10,-1,-1,-1,-1,3,-1
2015160C03681,1,9,0,18,0,0,5,0,7,9,3,1,6,1,76,11,1396,1,11,-1,2,-1
2015160C03691,1,9,0,18,0,8,0,0,0,0,1,1,6,2,79,11,1242,1,2,-1,2,-1
2015160C03691,2,9,0,5,0,8,0,0,0,0,1,1,6,2,21,5,-1,-1,-1,-1,1,-1
2015160C03701,1,9,0,17,0,0,1,0,2,4,1,1,6,1,17,4,1198,1,8,-1,1,-1
2015160C03701,2,21,0,16,0,0,0,0,0,0,0,1,1,3,-1,-1,-1,-1,-1,-1,-1,-1
2015160C03711,1,9,0,18,0,0,0,0,0,0,1,1,6,1,70,10,1398,1,4,-1,1,-1
2015160C03711,2,9,0,18,0,0,0,0,0,0,1,1,6,1,76,11,2993,2,5,-1,3,-1
2015160C03721,1,9,0,16,0,2,1,10,1,0,1,1,6,1,33,6,1389,1,13,-1,1,-1
2015160C03721,2,9,0,17,0,1,0,0,0,0,1,1,6,1,35,6,2179,2,-1,-1,1,-1
2015160C03731,1,19,0,18,0,0,1,0,1,10,1,1,6,1,26,6,2287,2,2,-1,1,-1
2015160C03731,2,9,0,18,0,0,0,0,0,0,0,1,6,3,-1,-1,-1,-1,-1,-1,-1,-1
2015160C03741,1,9,0,4,0,1,0,0,0,0,1,1,6,1,24,5,1796,1,9,-1,1,-1
2015160C03741,2,9,0,8,0,1,0,0,0,0,2,1,6,2,49,8,1400,2,8,-1,2,-1
2015160C03751,1,9,0,9,0,5,0,0,0,0,0,1,3,2,29,6,1984,1,14,-1,1,-1
2015160C03761,1,5,0,13,0,1,0,0,0,0,1,1,6,1,55,8,747,1,24,-1,1,-1
2015160C03761,2,5,0,14,0,1,0,0,0,0,1,1,6,1,41,7,-1,-1,-1,-1,1,-1
2015160C03761,3,9,0,9,0,5,0,0,0,0,2,1,6,2,29,6,1398,1,4,-1,1,-1
2015160C03771,1,2,0,18,0,0,1,10,0,0,2,1,6,1,22,5,124,1,-1,-1,2,-1
2015160C03771,2,9,0,5,0,0,0,0,0,0,1,1,6,3,-1,-1,-1,-1,-1,-1,-1,-1
2015160C03781,1,9,0,17,0,0,0,0,0,0,1,1,6,1,20,4,1995,2,12,-1,3,-1
2015160C03781,2,9,0,16,0,0,0,0,0,0,1,1,6,2,31,6,1598,2,2,-1,3,-1
2015160C03791,1,9,0,7,0,5,0,0,0,0,1,1,6,2,27,6,1994,2,5,-1,1,-1
2015160C03801,1,9,0,18,0,0,1,0,0,0,1,1,6,2,83,11,1386,1,2,-1,1,-1
2015160C03801,2,9,0,3,0,0,0,0,0,0,2,1,6,1,66,10,1910,2,9,-1,1,-1
2015160C03801,3,9,0,3,0,0,0,0,0,0,2,1,6,1,68,10,999,1,5,-1,1,-1
2015160C03811,1,9,4,5,0,1,0,0,0,0,1,1,6,1,63,9,1796,1,13,-1,1,-1
2015160C03811,2,97,0,3,0,4,0,0,0,0,2,1,6,1,61,9,-1,-1,-1,-1,2,-1
2015160C03821,1,9,0,18,0,0,5,11,0,0,1,1,6,1,20,4,1199,1,11,-1,1,-1
2015160C03841,1,9,0,18,0,0,0,0,0,0,1,1,6,2,93,11,1198,1,4,-1,2,-1
2015160C03841,2,9,0,2,0,0,0,0,0,0,2,1,6,3,-1,-1,1968,2,2,-1,-1,-1
2015160C03851,1,3,0,18,0,1,1,0,0,0,4,1,2,1,17,4,124,1,11,-1,2,-1
2015160C03851,2,9,0,1,0,6,0,0,0,0,0,1,6,3,-1,-1,-1,-1,-1,-1,-1,-1
2015160C03861,1,9,0,18,0,0,0,0,0,0,4,1,6,3,-1,-1,-1,-1,-1,-1,-1,-1
2015160C03871,1,9,0,18,0,0,0,0,1,10,1,1,6,1,27,6,1994,2,12,-1,2,-1
2015160C03881,1,9,0,18,0,0,0,0,0,0,1,1,1,2,22,5,1332,1,7,-1,2,-1
2015160C03881,2,21,1,4,0,0,0,0,0,0,2,1,1,1,32,6,12900,2,6,-1,2,-1
2015160C03891,1,9,0,13,0,0,0,0,0,0,4,1,6,2,62,9,1598,1,-1,-1,3,-1
2015160C03891,2,1,0,18,0,0,0,0,0,0,3,1,6,1,76,11,-1,-1,-1,-1,1,-1
2015160C03901,1,9,0,4,0,1,0,0,0,0,2,1,6,1,48,8,1299,1,13,-1,1,-1
2015160C03901,2,9,0,4,0,1,0,0,0,0,1,1,2,1,25,5,1679,1,15,-1,1,-1
2015160C03911,1,1,0,18,0,0,0,0,0,0,4,1,6,1,64,9,-1,-1,-1,-1,1,-1
2015160C03921,1,9,0,18,0,0,0,0,0,0,1,1,6,1,32,6,1248,2,3,-1,1,-1
2015160C03921,2,21,0,18,0,0,0,0,0,0,0,1,1,3,-1,-1,-1,-1,-1,-1,-1,-1
2015160C03931,1,9,0,18,0,0,0,0,0,0,1,1,6,1,36,7,-1,-1,-1,-1,3,-1
2015160C03931,2,9,0,18,0,0,0,0,0,0,2,1,6,1,41,7,1686,2,4,-1,1,-1
2015160C03941,1,9,0,18,0,6,0,0,0,0,1,1,6,2,30,6,1560,2,7,-1,1,-1
2015160C03941,2,9,0,18,0,8,5,0,7,4,1,1,6,2,48,8,1560,2,1,-1,2,-1
2015160C03951,1,9,0,18,0,4,0,0,0,0,1,1,6,1,62,9,1988,2,12,-1,2,-1
2015160C03951,2,5,0,18,0,3,0,0,0,0,4,1,6,1,45,7,675,1,5,-1,2,-1
2015160C03961,1,9,0,17,0,0,0,0,0,0,1,1,6,2,68,10,1598,1,8,-1,1,-1
2015160C03971,1,9,0,17,0,1,0,0,0,0,1,1,6,2,43,7,2143,2,5,-1,2,-1
2015160C03971,2,9,0,16,0,2,0,0,0,0,1,1,6,1,-1,-1,1560,2,6,-1,2,-1
2015160C03981,1,9,0,18,0,0,5,0,1,10,1,1,6,1,43,7,1995,1,12,-1,2,-1
2015160C03991,1,9,0,17,0,0,5,0,1,9,1,1,6,2,20,4,1396,1,13,-1,2,-1
2015160C04011,1,5,0,18,0,0,0,0,0,0,1,1,2,1,56,9,1084,1,13,-1,1,-1
2015160C04021,1,9,0,17,0,1,0,0,0,0,0,1,6,3,-1,-1,-1,-1,-1,-1,-1,-1
2015160C04021,2,9,0,16,0,2,0,0,1,4,1,1,6,2,29,6,1390,1,12,-1,1,-1
2015160C04031,1,9,0,17,0,0,1,0,1,4,3,1,2,2,28,6,1149,1,6,-1,1,-1
2015160C04041,1,9,0,5,0,6,0,0,0,0,1,1,6,1,22,5,1242,1,1,-1,3,-1
2015160C04041,2,9,0,18,0,8,0,0,0,0,4,1,6,2,67,10,1988,2,10,-1,3,-1
2015160C04051,1,9,0,16,0,0,1,0,8,4,1,1,6,1,25,5,1968,2,9,-1,3,-1
2015160C04061,1,9,0,17,0,0,2,0,1,10,1,1,6,1,40,7,1343,1,10,-1,1,-1
2015160C04071,1,9,0,18,0,8,0,0,0,0,1,1,6,1,55,8,1560,2,5,-1,2,-1
2015160C04071,2,9,0,5,0,6,0,10,3,0,3,1,6,2,67,10,1061,1,11,-1,1,-1
2015160C04081,1,9,0,18,0,0,1,0,7,9,1,1,6,2,22,5,1229,1,9,-1,1,-1
2015160C04091,1,21,1,18,0,0,0,0,0,0,1,1,1,1,30,6,10677,2,1,-1,2,-1
2015160C04091,2,19,4,18,0,0,0,0,0,0,2,1,1,1,52,8,-1,-1,-1,-1,3,-1
2015160C04101,1,9,0,18,0,0,0,0,0,0,1,1,2,2,22,5,1242,1,4,-1,1,-1
2015160C04101,2,9,0,3,0,0,0,0,0,0,2,1,6,1,70,10,-1,-1,-1,-1,1,-1
2015160C04111,1,5,0,13,0,0,0,0,0,0,4,1,6,1,46,8,997,1,25,-1,1,-1
2015160C04111,2,9,0,13,0,0,0,0,0,0,0,1,6,1,-1,-1,2967,2,4,-1,1,-1
2015160C04121,1,9,0,18,0,0,0,0,0,0,1,1,2,1,42,7,1995,2,5,-1,1,-1
2015160C04121,2,19,0,18,0,0,0,0,0,0,2,1,2,1,24,5,1560,2,2,-1,1,-1
2015160C04121,3,9,0,18,0,0,0,0,0,0,2,1,2,1,38,7,1560,2,2,-1,1,-1
2015160C04131,1,9,0,7,0,3,1,0,7,7,1,1,6,2,42,7,2700,1,14,-1,1,-1
2015160C04141,1,9,0,18,0,0,0,0,5,6,3,1,1,1,57,9,999,1,1,-1,1,-1
2015160C04151,1,9,0,17,0,0,1,0,0,0,1,1,6,1,53,8,1360,1,11,-1,1,-1
2015160C04151,2,9,0,16,0,0,0,0,7,0,1,1,6,1,31,6,2199,2,5,-1,3,-1
2015160C04161,1,9,0,9,0,5,5,0,0,0,3,1,6,1,26,6,-1,-1,-1,-1,1,-1
2015160C04161,2,9,0,18,0,8,0,0,0,0,1,1,6,1,27,6,1248,2,8,-1,2,-1
2015160C04171,1,9,0,11,0,0,0,0,0,0,1,1,6,1,29,6,1242,1,-1,-1,1,-1
2015160C04171,2,9,0,18,0,0,2,0,0,0,2,1,6,1,30,6,-1,-1,-1,-1,1,-1
2015160C04181,1,1,0,18,4,1,1,0,0,0,1,1,2,1,26,6,-1,-1,-1,-1,1,-1
2015160C04181,2,9,0,7,0,5,0,0,0,0,4,1,6,2,69,10,1590,1,13,-1,1,-1
2015160C04191,1,9,0,18,0,0,0,0,0,0,1,1,6,3,-1,-1,-1,-1,-1,-1,-1,-1
2015160C04201,1,9,0,16,0,0,1,0,1,4,4,1,6,2,36,7,1781,1,14,-1,3,-1
2015160C04211,1,9,0,5,0,1,0,0,0,0,1,1,6,1,31,6,-1,-1,-1,-1,1,-1
2015160C04211,2,19,0,5,0,1,0,0,0,0,2,1,6,1,45,7,-1,-1,-1,-1,1,-1
2015160C04221,1,5,0,7,0,6,1,0,0,0,4,1,6,1,72,10,1170,1,1,-1,1,-1
2015160C04231,1,4,0,4,0,1,1,0,0,0,3,1,6,1,55,8,198,1,14,-1,1,-1
2015160C04231,2,4,0,4,0,1,1,0,0,0,4,1,6,1,62,9,-1,-1,-1,-1,1,-1
2015160C04241,1,9,0,18,0,8,0,0,0,0,4,1,6,2,17,4,998,1,3,-1,1,-1
2015160C04241,2,1,0,7,0,8,0,0,0,0,1,1,6,2,65,9,-1,-1,-1,-1,1,-1
2015160C04251,1,19,0,13,0,0,0,0,0,0,4,1,6,1,49,8,2488,2,10,-1,3,-1
2015160C04251,2,1,0,13,0,0,0,0,0,0,3,1,6,1,25,5,-1,-1,-1,-1,1,-1
2015160C04261,1,9,0,18,0,0,0,0,0,0,0,1,6,1,28,6,1596,1,-1,-1,2,-1
2015160C04261,2,4,0,18,0,0,0,0,0,0,0,1,6,3,-1,-1,-1,-1,-1,-1,-1,-1
2015160C04271,1,4,0,18,0,8,0,0,0,0,4,1,6,1,61,9,498,1,17,-1,1,-1
2015160C04271,2,9,0,7,0,6,0,0,0,0,1,1,6,2,24,5,1242,1,12,-1,2,-1
2015160C04281,1,3,0,18,0,0,1,0,0,0,3,1,2,1,28,6,124,1,8,-1,1,-1
2015160C04291,1,9,0,9,0,5,0,0,0,0,1,1,6,2,54,8,1598,1,12,-1,1,-1
2015160C04311,1,9,0,18,0,0,2,0,7,11,1,1,6,2,20,4,1242,1,5,-1,3,-1
2015160C04321,1,9,0,16,0,0,2,0,1,9,3,1,6,1,36,7,2902,2,9,-1,2,-1
2015160C04331,1,9,0,16,0,0,1,0,5,6,1,1,6,1,19,4,1590,1,16,-1,2,-1
2015160C04341,1,9,0,4,0,0,0,0,0,0,4,1,6,1,69,10,1598,2,5,-1,2,-1
2015160C04341,2,1,0,18,0,0,0,0,0,0,3,1,6,1,54,8,-1,-1,-1,-1,2,-1
2015160C04351,1,9,0,18,0,1,0,0,0,0,1,1,6,2,48,8,1242,1,9,-1,1,-1
2015160C04351,2,1,0,18,0,6,0,0,0,0,1,1,6,2,11,3,-1,-1,-1,-1,1,-1
2015160C04361,1,9,0,16,0,0,1,0,1,10,3,1,6,1,41,7,1596,1,14,-1,1,-1
2015160C04361,2,9,0,17,0,0,1,0,0,0,1,1,6,1,47,8,1560,2,3,-1,1,-1
2015160C04371,1,19,0,1,0,1,0,0,0,0,2,1,1,1,20,4,2143,2,1,-1,1,-1
2015160C04381,1,9,0,4,0,0,0,0,0,0,2,1,6,1,49,8,2993,2,5,-1,1,-1
2015160C04381,2,19,0,18,0,0,0,0,0,0,1,1,1,1,57,9,-1,-1,-1,-1,1,-1
2015160C04391,1,9,0,2,0,0,0,0,0,0,3,1,6,3,-1,-1,989,1,9,-1,-1,-1
2015160C04391,2,9,0,17,0,0,0,0,0,0,4,1,6,1,92,11,1242,1,10,-1,1,-1
2015160C04401,1,9,0,7,0,6,0,0,3,10,1,1,6,2,42,7,1422,2,11,-1,1,-1
2015160C04401,2,9,0,18,0,8,0,0,0,0,3,1,6,2,66,10,1149,1,5,-1,3,-1
2015160C04411,1,9,0,17,0,0,1,0,0,0,1,1,2,1,51,8,1461,2,11,-1,3,-1
2015160C04411,2,9,0,16,0,0,0,0,0,0,3,1,6,1,49,8,1995,2,2,-1,1,-1
2015160C04421,1,3,0,16,0,0,1,0,1,9,1,1,2,1,22,5,124,1,3,-1,3,-1
2015160C04421,2,9,0,17,0,0,0,0,0,0,1,1,2,2,67,10,-1,-1,-1,-1,3,-1
2015160C04431,1,9,0,3,0,1,0,0,0,0,2,1,6,1,49,8,1560,2,10,-1,1,-1
2015160C04431,2,9,0,3,0,1,0,0,0,0,2,1,6,1,43,7,-1,-1,-1,-1,2,-1
2015160C04431,3,4,0,18,0,1,0,0,0,0,1,1,6,1,58,9,471,1,-1,-1,1,-1
2015160C04431,4,9,0,6,0,6,0,0,0,0,0,1,1,3,-1,-1,1968,2,3,-1,-1,-1
2015160C04441,1,9,0,17,0,0,1,1,1,10,3,1,2,1,40,7,1497,1,12,-1,2,-1
2015160C04441,2,9,0,17,0,0,0,0,1,10,1,1,2,2,26,6,1599,1,8,-1,2,-1
2015160C04451,1,2,0,9,0,8,0,0,0,0,2,1,2,2,17,4,49,1,8,-1,1,-1
2015160C04451,2,9,0,5,0,4,0,0,0,0,1,1,2,2,53,8,1598,1,15,-1,1,-1
2015160C04461,1,3,0,5,4,8,0,0,0,0,1,1,6,1,17,4,125,1,8,-1,2,-1
2015160C04461,2,1,0,18,0,8,0,0,0,0,4,1,6,2,73,10,-1,-1,-1,-1,1,-1
2015160C04471,1,9,0,18,0,0,1,10,2,7,2,1,6,2,25,5,1998,1,13,-1,1,-1
2015160C04481,1,9,0,18,0,0,0,0,0,0,3,1,6,1,69,10,1896,2,13,-1,3,-1
2015160C04491,1,9,0,18,0,0,1,0,1,4,1,1,6,1,31,6,2198,1,9,-1,2,-1
2015160C04501,1,9,4,18,0,0,4,0,1,10,3,1,6,1,42,7,2198,2,1,-1,3,-1
2015160C04511,1,9,0,9,0,5,0,0,1,0,1,1,6,2,85,11,1348,1,7,-1,1,-1
2015160C04511,2,9,0,18,0,8,1,10,0,0,1,1,6,1,58,9,1753,2,14,-1,1,-1
2015160C04521,1,9,0,10,0,5,0,0,0,0,2,1,1,2,52,8,998,1,2,-1,3,-1
2015160C04521,2,9,0,18,0,1,0,0,0,0,2,1,6,2,54,8,1995,2,1,-1,1,-1
2015160C04521,3,11,0,18,0,1,0,0,0,0,1,1,1,1,52,8,7300,2,13,-1,2,-1
2015160C04541,1,9,0,18,0,1,0,0,0,0,4,1,6,3,-1,-1,-1,-1,-1,-1,-1,-1
2015160C04551,1,9,0,17,0,0,2,0,7,10,3,1,6,1,26,6,1124,1,11,-1,1,-1
2015160C04561,1,9,0,17,0,0,5,0,1,4,1,1,6,1,40,7,1596,1,2,-1,3,-1
2015160C04571,1,90,0,13,0,1,0,0,0,0,1,1,1,1,44,7,8970,2,9,-1,2,-1
2015160C04571,2,9,0,5,0,1,0,0,0,0,1,1,2,1,41,7,1870,2,12,-1,2,-1
2015160C04571,3,9,0,4,0,1,0,0,0,0,1,1,6,1,76,11,1560,2,4,-1,3,-1
2015160C04581,1,9,0,18,0,0,0,0,0,0,1,1,6,3,-1,-1,2982,2,2,-1,-1,-1
2015160C04581,2,9,0,4,0,0,0,0,0,0,2,1,2,2,42,7,998,1,2,-1,3,-1
2015160C04581,3,9,0,18,0,0,0,0,0,0,3,1,2,1,54,8,-1,-1,-1,-1,3,-1
2015160C04591,1,5,0,18,0,0,0,0,0,0,3,1,6,1,29,6,998,1,10,-1,2,-1
2015160C04601,1,5,0,9,0,8,0,0,0,0,4,1,6,1,47,8,749,1,7,-1,1,-1
2015160C04601,2,9,0,9,0,8,0,0,0,0,3,1,6,2,19,4,1242,1,3,-1,1,-1
2015160C04611,1,9,0,18,0,0,1,0,0,0,1,1,6,1,54,8,1598,1,13,-1,1,-1
2015160C04611,2,9,0,3,0,0,0,0,0,0,2,1,6,1,48,8,3596,1,13,-1,2,-1
2015160C04621,1,9,0,14,0,0,0,0,0,0,1,1,6,2,25,5,1686,2,1,-1,1,-1
2015160C04621,2,9,0,12,7,0,0,0,0,0,3,1,6,1,78,11,1560,2,1,-1,1,-1
2015160C04631,1,9,0,18,0,0,0,0,0,0,4,1,6,1,47,8,4921,2,8,-1,3,-1
2015160C04641,1,9,0,6,8,0,0,0,0,0,3,1,6,1,77,11,2231,2,2,-1,3,-1
2015160C04641,2,9,0,18,0,0,0,0,0,0,1,1,6,1,24,5,1868,2,11,-1,2,-1
2015160C04651,1,9,0,18,0,0,0,0,7,9,3,1,6,1,79,11,1998,1,9,-1,3,-1
2015160C04651,2,9,0,18,0,0,0,0,0,0,3,1,6,1,46,8,1910,2,6,-1,1,-1
2015160C04661,1,9,0,18,0,0,1,0,7,10,1,1,6,1,52,8,1896,2,14,-1,1,-1
2015160C04661,2,9,0,18,0,0,1,0,0,0,1,1,6,1,78,11,1242,1,9,-1,1,-1
2015160C04671,1,9,0,9,0,5,0,0,0,0,1,1,6,1,81,11,2999,2,12,-1,3,-1
2015160C04671,2,9,0,2,0,2,0,0,0,0,1,1,6,3,-1,-1,1796,1,13,-1,-1,-1
2015160C04681,1,9,0,9,0,5,0,0,0,0,1,1,6,2,19,4,1149,1,13,-1,1,-1
2015160C04681,2,5,0,18,0,8,0,0,0,0,1,1,6,1,56,9,1215,1,-1,-1,2,-1
2015160C04691,1,1,0,18,0,3,0,0,0,0,4,1,6,1,56,9,-1,-1,-1,-1,1,-1
2015160C04691,2,9,0,7,0,4,0,0,0,0,3,1,6,2,63,9,1396,1,10,-1,1,-1
2015160C04701,1,9,0,18,0,0,0,0,0,0,3,1,6,1,21,5,1200,1,-1,-1,1,-1
2015160C04711,1,9,0,9,0,5,0,0,0,0,1,1,6,3,-1,-1,-1,-1,-1,-1,-1,-1
2015160C04721,1,9,0,17,0,0,1,0,1,3,1,1,2,2,18,4,973,1,13,-1,1,-1
2015160C04731,1,9,0,18,0,0,0,0,1,0,1,1,1,2,46,8,-1,-1,-1,-1,2,-1
2015160C04731,2,9,0,18,0,0,1,0,7,1,1,1,6,1,-1,-1,5204,1,1,-1,-1,-1
2015160C04741,1,9,0,9,0,8,0,0,0,0,1,1,6,2,46,8,1798,2,5,-1,1,-1
2015160C04741,2,5,0,18,0,1,0,0,0,0,1,1,6,1,61,9,-1,-1,-1,-1,1,-1
2015160C04751,1,5,0,17,0,0,0,0,1,10,1,1,6,1,58,9,599,1,8,-1,1,-1
2015160C04761,1,11,0,4,0,1,0,0,0,0,0,1,1,1,52,8,-1,2,14,-1,1,-1
2015160C04771,1,9,0,16,0,0,1,0,0,0,1,1,6,2,42,7,1997,2,10,-1,-1,-1
2015160C04771,2,9,0,18,0,0,0,0,0,0,1,1,1,1,66,10,-1,-1,-1,-1,1,-1
2015160C04781,1,9,0,12,0,0,0,0,0,0,3,1,6,2,68,10,1398,1,4,-1,1,-1
2015160C04781,2,9,0,18,0,0,0,0,0,0,4,1,6,1,29,6,1595,2,5,-1,1,-1
2015160C04791,1,11,0,4,0,0,0,0,0,0,0,1,1,1,46,8,7300,2,11,-1,2,-1
2015160C04801,1,9,0,13,0,0,0,0,0,0,4,1,6,1,73,10,1587,1,11,-1,2,-1
2015160C04801,2,1,0,18,0,0,0,0,0,0,3,1,6,2,45,7,-1,-1,-1,-1,3,-1