Accident_Index,Vehicle_Reference,Vehicle_Type,Towing_and_Articulation,Vehicle_Manoeuvre,Vehicle_Location-Restricted_Lane,Junction_Location,Skidding_and_Overturning,Hit_Object_in_Carriageway,Vehicle_Leaving_Carriageway,Hit_Object_off_Carriageway,1st_Point_of_Impact,Was_Vehicle_Left_Hand_Drive?,Journey_Purpose_of_Driver,Sex_of_Driver,Age_of_Driver,Age_Band_of_Driver,Engine_Capacity_(CC),Propulsion_Code,Age_of_Vehicle,Driver_IMD_Decile,Driver_Home_Area_Type,Vehicle_IMD_Decile
2015160C04811,1,9,0,10,0,1,0,0,0,0,2,1,6,1,64,9,1598,1,-1,-1,1,-1
2015160C04811,2,9,0,18,0,1,1,0,0,0,1,1,6,1,59,9,1598,1,6,-1,2,-1
2015160C04821,1,5,0,15,0,0,0,10,0,0,1,1,2,1,51,8,899,1,13,-1,2,-1
2015160C04831,1,19,0,11,0,0,1,0,1,0,1,1,6,1,40,7,1560,2,1,-1,1,-1
2015160C04831,2,21,1,18,0,0,0,0,0,0,2,1,6,1,24,5,12809,2,-1,-1,3,-1
2015160C04831,3,19,0,13,0,0,0,0,4,6,1,1,6,1,36,7,2143,2,3,-1,2,-1
2015160C04841,1,9,0,18,0,0,2,0,7,4,1,1,6,3,-1,-1,1998,1,14,-1,-1,-1
2015160C04851,1,9,0,18,0,0,0,0,1,9,0,1,2,2,33,6,1124,1,7,-1,3,-1
2015160C04851,2,17,0,18,0,0,0,0,0,0,0,1,1,3,-1,-1,-1,-1,-1,-1,-1,-1
2015160C04861,1,9,0,9,0,6,0,0,0,0,1,1,6,3,-1,-1,2457,1,8,-1,-1,-1
2015160C04861,2,9,0,18,0,8,0,0,7,0,4,1,6,1,35,6,1986,2,7,-1,3,-1
2015160C04871,1,3,0,18,0,0,0,0,0,0,3,1,6,1,40,7,124,1,7,-1,1,-1
2015160C04881,1,9,0,16,0,0,1,0,0,0,3,1,6,1,46,8,1956,2,2,-1,1,-1
2015160C04881,2,9,0,17,0,0,1,0,0,0,3,1,6,1,40,7,1599,1,10,-1,3,-1
2015160C04891,1,9,0,16,0,0,2,0,1,10,1,1,1,2,43,7,1229,1,5,-1,1,-1
2015160C04901,1,9,0,4,0,0,0,0,0,0,1,1,6,1,53,8,1598,1,11,-1,1,-1
2015160C04901,2,9,0,4,0,0,0,0,0,0,2,1,6,2,61,9,1242,1,3,-1,3,-1
2015160C04911,1,9,0,12,0,0,1,0,1,7,1,1,6,1,20,4,1389,1,17,-1,3,-1
2015160C04911,2,9,0,18,0,0,2,0,1,7,1,1,6,2,51,8,1197,1,1,-1,1,-1
2015160C04911,3,9,0,18,0,0,0,0,0,0,4,1,6,1,59,9,1598,2,-1,-1,2,-1
2015160C04911,4,9,0,18,0,0,0,0,0,0,1,1,6,2,30,6,2179,2,1,-1,1,-1
2015160C04921,1,9,0,5,0,0,0,0,0,0,0,1,6,1,23,5,1560,2,2,-1,1,-1
2015160C04921,2,9,0,18,0,0,5,0,1,10,4,1,6,1,72,10,1997,1,7,-1,3,-1
2015160C04931,1,9,0,18,9,1,0,0,0,0,3,1,6,1,20,4,1999,1,7,-1,2,-1
2015160C04931,2,1,0,18,5,8,0,0,0,0,1,1,6,1,68,10,-1,-1,-1,-1,1,-1
2015160C04941,1,9,0,18,0,3,0,0,0,0,1,1,6,1,31,6,1364,1,11,-1,1,-1
2015160C04941,2,9,0,18,0,4,0,0,0,0,1,1,6,2,58,9,1686,2,9,-1,1,-1
2015160C04951,1,9,0,18,0,6,0,0,0,0,3,1,6,1,29,6,1582,2,2,-1,1,-1
2015160C04951,2,9,0,18,0,8,0,0,0,0,1,1,2,2,30,6,1120,2,1,-1,3,-1
2015160C04961,1,9,0,17,0,0,0,0,0,0,3,1,6,2,32,6,1796,1,11,-1,3,-1
2015160C04961,2,9,0,16,0,0,0,0,0,0,3,1,6,1,63,9,1598,1,14,-1,1,-1
2015160C04971,1,9,0,17,0,2,1,0,1,11,1,1,6,1,17,4,1242,1,11,-1,3,-1
2015160C04981,1,4,0,13,0,0,0,0,0,0,0,1,6,3,-1,-1,-1,-1,-1,-1,-1,-1
2015160C04981,2,9,0,4,0,0,0,0,1,10,2,1,6,1,21,5,2967,2,8,-1,3,-1
2015160C04981,3,9,0,4,0,0,0,0,0,0,2,1,1,2,27,6,1896,2,7,-1,1,-1
2015160C04981,4,9,0,18,0,0,0,0,0,0,1,1,6,1,20,4,-1,-1,-1,-1,1,-1
2015160C05001,1,5,0,14,0,0,1,10,7,0,4,1,6,1,62,9,553,1,27,-1,1,-1
2015160C05001,2,9,0,14,0,0,0,0,0,0,3,1,6,1,41,7,1685,2,2,-1,1,-1
2015160C05011,1,9,0,4,0,0,0,0,0,0,0,1,1,1,26,6,1596,1,6,-1,1,-1
2015160C05011,2,5,0,18,0,0,1,0,0,0,3,1,2,1,36,7,599,1,12,-1,1,-1
2015160C05021,1,90,0,18,0,8,0,0,0,0,1,1,1,1,53,8,-1,-1,-1,-1,1,-1
2015160C05021,2,9,0,18,0,8,0,0,0,0,4,1,6,2,57,9,1910,2,8,-1,2,-1
2015160C05031,1,2,0,18,0,0,0,0,0,0,1,1,6,1,16,4,49,1,8,-1,2,-1
2015160C05031,2,1,0,5,0,0,0,0,0,0,4,1,6,2,16,4,-1,-1,-1,-1,3,-1
2015160C05041,1,9,0,4,0,0,0,0,0,0,1,1,6,2,29,6,1998,1,12,-1,1,-1
2015160C05041,2,9,0,3,0,0,0,0,0,0,2,1,2,1,51,8,2495,2,19,-1,1,-1
2015160C05051,1,1,0,9,0,8,0,0,0,0,1,1,4,1,13,3,-1,-1,-1,-1,1,-1
2015160C05051,2,9,0,13,0,3,0,0,0,0,4,1,6,2,49,8,1299,1,10,-1,2,-1
2015160C05061,1,9,0,18,0,0,0,0,0,0,1,1,6,1,19,4,1229,1,10,-1,3,-1
2015160C05061,2,9,0,2,0,0,0,0,0,0,1,1,6,3,-1,-1,1560,2,1,-1,-1,-1
2015160C05071,1,9,0,18,0,5,0,0,0,0,4,1,6,2,21,5,1242,1,5,-1,1,-1
2015160C05071,2,1,0,18,4,8,0,0,0,0,1,1,6,1,28,6,-1,-1,-1,-1,1,-1
2015160C05081,1,19,0,16,0,0,2,0,1,9,4,1,2,1,55,8,1360,7,7,-1,1,-1
2015160C05091,1,9,0,18,0,0,0,0,0,0,3,1,6,1,55,8,-1,-1,-1,-1,3,-1
2015160C05091,2,9,0,18,0,0,0,0,0,0,3,1,6,1,46,8,1995,1,9,-1,1,-1
2015160C05101,1,9,0,18,0,1,0,0,0,0,1,1,6,1,42,7,2179,2,7,-1,3,-1
2015160C05101,2,9,0,10,0,1,0,0,0,0,2,1,6,2,27,6,2993,2,2,-1,3,-1
2015160C05101,3,19,0,10,0,1,0,0,0,0,2,1,1,1,50,8,1560,2,2,-1,1,-1
2015160C05111,1,9,0,9,0,6,0,0,0,0,3,1,2,2,63,9,1968,2,2,-1,1,-1
2015160C05111,2,9,0,18,0,8,0,0,0,0,1,1,2,1,63,9,1753,2,12,-1,1,-1
2015160C05121,1,9,0,9,0,6,0,0,0,0,4,1,6,2,79,11,1198,1,9,-1,1,-1
2015160C05121,2,4,0,18,0,8,0,0,0,0,3,1,6,1,61,9,487,1,20,-1,1,-1
2015160C05131,1,2,0,13,0,8,0,0,1,0,1,1,6,1,22,5,124,1,-1,-1,1,-1
2015160C05131,2,9,0,9,0,5,0,0,0,0,3,1,6,1,26,6,1398,2,10,-1,1,-1
2015160C05141,1,9,0,18,0,0,0,0,1,0,1,1,6,2,67,10,1587,1,10,-1,1,-1
2015160C05151,1,9,0,16,0,0,2,0,7,9,1,1,6,2,49,8,1997,2,10,-1,1,-1
2015160C05161,1,1,0,18,0,0,0,0,0,0,3,1,6,1,69,10,-1,-1,-1,-1,3,-1
2015160C05161,2,19,0,13,0,0,0,0,0,0,4,1,1,1,57,9,2287,2,8,-1,1,-1
2015160C05171,1,90,0,18,0,1,0,0,0,0,1,1,6,1,60,9,2496,2,27,-1,1,-1
2015160C05171,2,20,0,4,0,1,0,0,0,0,2,1,6,1,37,7,8710,2,-1,-1,3,-1
2015160C05171,3,9,0,7,0,6,0,0,0,0,0,1,6,3,-1,-1,-1,-1,-1,-1,-1,-1
2015160C05181,1,17,4,18,0,0,0,0,0,0,0,1,1,1,26,6,6728,2,3,-1,3,-1
2015160C05181,2,1,0,18,0,0,0,0,1,10,4,1,6,1,50,8,-1,-1,-1,-1,2,-1
2015160C05191,1,5,0,7,0,4,1,0,0,0,4,1,6,1,52,8,1802,2,5,-1,-1,-1
2015160C05201,1,9,0,1,0,0,0,0,0,0,2,1,6,3,-1,-1,-1,-1,-1,-1,-1,-1
2015160C05211,1,98,0,16,0,0,0,0,0,0,3,1,1,1,50,8,-1,-1,-1,-1,1,-1
2015160C05211,2,17,0,17,0,0,0,0,0,0,3,1,1,3,-1,-1,4038,2,-1,-1,-1,-1
2015160C05221,1,3,0,18,0,8,0,0,0,0,1,1,6,2,24,5,125,1,35,-1,2,-1
2015160C05221,2,19,0,9,0,6,0,0,0,0,3,1,1,1,47,8,1399,2,5,-1,1,-1
2015160C05231,1,9,0,9,0,5,0,0,0,0,1,1,6,1,71,10,1596,1,10,-1,1,-1
2015160C05241,1,9,0,9,0,6,0,0,0,0,3,1,6,1,-1,-1,1461,2,9,-1,2,-1
2015160C05241,2,1,0,18,0,8,0,0,0,0,1,1,6,2,30,6,-1,-1,-1,-1,1,-1
2015160C05251,1,9,0,9,0,6,0,0,0,0,3,1,6,1,22,5,1299,1,14,-1,3,-1
2015160C05251,2,9,0,18,0,8,0,0,7,1,1,1,6,1,66,10,1968,2,6,-1,2,-1
2015160C05261,1,9,0,7,0,5,0,10,1,0,1,1,6,2,43,7,1798,1,2,-1,1,-1
2015160C05261,2,1,0,18,0,8,0,0,0,0,3,1,4,1,12,3,-1,-1,-1,-1,3,-1
2015160C05271,1,21,1,11,0,0,0,0,0,0,4,1,1,1,32,6,12809,2,2,-1,1,-1
2015160C05271,2,9,0,18,0,0,1,10,1,0,3,1,6,1,22,5,998,1,27,-1,1,-1
2015160C05281,1,11,0,2,0,2,0,0,0,0,4,1,1,1,62,9,7300,2,13,-1,1,-1
2015160C05291,1,9,0,3,0,1,0,0,0,0,2,1,3,2,44,7,1598,2,1,-1,1,-1
2015160C05291,2,21,1,4,0,1,0,0,0,0,1,1,1,3,-1,-1,6693,2,2,-1,-1,-1
2015160C05301,1,9,0,3,0,2,0,0,0,0,2,1,6,1,42,7,1560,2,4,-1,2,-1
2015160C05301,2,9,0,3,0,2,0,0,0,0,2,1,1,2,45,7,1598,2,2,-1,3,-1
2015160C05301,3,9,0,18,0,2,0,0,0,0,1,1,6,1,28,6,2179,2,6,-1,1,-1
2015160C05311,1,1,0,18,0,8,0,0,0,0,1,1,6,1,64,9,-1,-1,-1,-1,1,-1
2015160C05311,2,9,0,18,0,4,0,0,0,0,1,1,6,2,26,6,1598,1,2,-1,1,-1
2015160C05321,1,9,0,7,0,6,0,0,0,0,0,1,6,1,76,11,1596,1,4,-1,1,-1
2015160C05321,2,9,0,18,0,8,5,0,1,10,1,1,6,1,78,11,1598,1,8,-1,1,-1
2015160C05321,3,90,0,18,0,1,0,0,0,0,0,1,6,1,69,10,2198,2,4,-1,3,-1
2015160C05331,1,5,0,7,0,5,1,0,0,0,4,1,6,1,61,9,1200,1,10,-1,3,-1
2015160C05341,1,17,0,18,0,0,5,0,1,3,1,1,1,1,17,4,-1,2,13,-1,3,-1
2015160C05351,1,9,0,2,0,0,0,0,0,0,1,1,6,3,-1,-1,2497,2,10,-1,-1,-1
2015160C05351,2,1,0,18,0,0,0,0,0,0,1,1,6,1,47,8,-1,-1,-1,-1,3,-1
2015160C05361,1,9,0,4,0,1,0,0,0,0,3,1,6,2,18,4,1199,1,12,-1,2,-1
2015160C05361,2,5,0,13,0,1,1,0,7,10,4,1,6,1,57,9,1052,1,17,-1,3,-1
2015160C05371,1,9,0,3,0,2,0,0,0,0,1,1,6,1,61,9,2179,2,1,-1,1,-1
2015160C05371,2,20,0,1,0,1,0,0,0,0,2,1,1,1,60,9,4580,2,2,-1,1,-1
2015160C05381,1,9,0,13,0,0,0,0,7,10,4,1,2,1,55,8,1896,2,8,-1,2,-1
2015160C05381,2,9,0,13,0,0,0,0,0,0,3,1,2,1,63,9,1956,2,2,-1,3,-1
2015160C05391,1,9,0,10,0,1,0,0,0,0,2,1,6,2,50,8,1686,2,-1,-1,3,-1
2015160C05391,2,9,0,4,0,1,0,0,0,0,1,1,6,1,22,5,1390,1,4,-1,2,-1
2015160C05401,1,9,0,7,0,5,0,0,0,0,3,1,6,1,89,11,1364,2,9,-1,2,-1
2015160C05401,2,1,0,18,0,8,0,0,0,0,1,1,6,1,43,7,-1,-1,-1,-1,1,-1
2015160C05411,1,1,0,18,0,3,0,0,0,0,2,1,6,2,13,3,-1,-1,-1,-1,1,-1
2015160C05411,2,8,0,5,0,4,0,0,0,0,1,1,6,3,-1,-1,-1,-1,-1,-1,-1,-1
2015160C05421,1,9,0,18,0,0,0,0,0,0,1,1,6,1,86,11,1329,1,4,-1,2,-1
2015160C05421,2,21,0,18,0,0,0,0,0,0,1,1,1,1,32,6,-1,-1,-1,-1,-1,-1
2015160C05431,1,19,0,18,0,0,0,0,0,0,3,1,1,1,25,5,2143,2,1,-1,-1,-1
2015160C05431,2,9,0,18,0,0,0,0,0,0,3,1,6,2,42,7,1560,2,-1,-1,2,-1
2015160C05441,1,9,0,4,0,0,0,0,0,0,1,1,6,2,58,9,1598,1,-1,-1,3,-1
2015160C05441,2,9,0,4,0,0,0,0,0,0,2,1,6,1,46,8,2967,2,2,-1,1,-1
2015160C05451,1,9,0,9,0,6,0,0,0,0,3,1,1,1,24,5,1248,2,-1,-1,1,-1
2015160C05451,2,9,0,9,0,5,0,0,0,0,3,1,6,2,33,6,1461,2,2,-1,1,-1
2015160C05461,1,9,0,18,0,8,0,0,0,0,1,1,6,2,59,9,1969,2,-1,-1,1,-1
2015160C05461,2,9,0,18,0,8,0,0,0,0,4,1,6,1,53,8,1149,1,8,-1,1,-1
2015160C05471,1,9,0,17,0,0,2,0,2,4,1,1,6,1,20,4,1596,1,13,-1,1,-1
2015160C05481,1,3,0,9,0,2,1,0,0,0,4,1,2,1,51,8,125,1,5,-1,3,-1
2015160C05491,1,9,0,18,0,0,0,0,0,0,1,1,2,1,21,5,1896,2,10,-1,1,-1
2015160C05491,2,9,0,18,0,0,0,0,1,0,1,1,6,2,37,7,999,1,3,-1,1,-1
2015160C05501,1,21,1,12,0,0,0,0,0,0,1,2,1,1,38,7,-1,-1,-1,-1,-1,-1
2015160C05501,2,9,0,18,0,0,0,0,4,6,4,1,6,2,34,6,1560,2,3,-1,1,-1
2015160C05521,1,9,0,18,0,0,1,0,7,4,1,1,6,2,55,8,2477,2,11,-1,1,-1
2015160C05531,1,10,0,7,0,8,0,0,1,4,4,1,6,2,46,8,2460,2,9,-1,1,-1
2015160C05531,2,21,0,18,0,8,0,0,0,0,1,1,1,1,46,8,10518,2,5,-1,3,-1
2015160C05541,1,9,0,4,0,1,0,0,0,0,1,1,6,2,47,8,1390,1,6,-1,3,-1
2015160C05541,2,1,0,9,9,2,0,0,0,0,1,1,6,2,18,4,-1,-1,-1,-1,3,-1
2015160C05551,1,8,0,18,0,0,0,0,0,0,3,1,6,1,43,7,1229,1,5,-1,1,-1
2015160C05571,1,19,0,18,0,2,0,0,0,0,4,1,6,1,29,6,2198,2,5,-1,2,-1
2015160C05571,2,1,0,18,0,2,0,0,0,0,3,1,6,2,54,8,-1,-1,-1,-1,2,-1
2015160C05581,1,9,0,16,0,0,1,0,1,9,1,1,2,1,23,5,1461,2,8,-1,1,-1
2015160C05591,1,9,0,18,0,8,0,0,0,0,1,1,6,2,63,9,1995,2,5,-1,1,-1
2015160C05601,1,11,0,4,0,1,0,0,0,0,0,1,1,2,62,9,4500,2,8,-1,1,-1
2015160C05601,2,21,0,9,0,2,0,0,0,0,0,1,1,1,50,8,-1,-1,-1,-1,1,-1
2015160C05611,1,8,0,6,0,0,0,0,0,0,3,1,1,1,46,8,1596,1,4,-1,1,-1
2015160C05611,2,1,0,18,0,0,0,0,0,0,1,1,6,1,38,7,-1,-1,-1,-1,1,-1
2015160C05621,1,9,0,5,0,6,0,0,1,3,3,1,6,2,20,4,1198,1,10,-1,2,-1
2015160C05621,2,9,0,18,0,8,0,0,0,0,4,1,6,2,50,8,1461,2,1,-1,3,-1
2015160C05631,1,9,0,18,0,0,0,0,5,6,1,1,6,2,21,5,996,1,2,-1,1,-1
2015160C05641,1,9,0,18,0,1,0,0,0,0,1,1,6,2,25,5,1364,1,5,-1,1,-1
2015160C05641,2,9,0,4,0,1,0,0,0,0,2,1,6,2,52,8,2143,12,-1,-1,3,-1
2015160C05651,1,3,0,18,0,1,0,0,1,0,1,1,6,1,22,5,124,1,14,-1,1,-1
2015160C05651,2,19,0,2,0,1,0,0,0,0,2,1,1,1,49,8,2488,2,2,-1,3,-1
2015160C05661,1,9,0,18,0,4,0,0,0,0,1,1,6,2,50,8,1598,1,1,-1,1,-1
2015160C05661,2,1,0,9,0,8,0,0,0,0,3,1,6,2,21,5,-1,-1,-1,-1,1,-1
2015160C05681,1,9,0,7,0,1,0,0,0,0,1,1,6,2,27,6,1968,2,1,-1,1,-1
2015160C05681,2,9,0,7,0,1,0,0,1,10,2,1,6,2,52,8,1339,1,9,-1,1,-1
2015160C05691,1,9,0,18,0,0,0,10,1,11,1,1,6,1,48,8,1796,1,8,-1,2,-1
2015160C05691,2,9,0,2,0,0,0,0,0,0,3,1,6,3,-1,-1,1997,2,3,-1,-1,-1
2015160C05691,3,9,0,2,0,0,0,0,0,0,4,1,6,3,-1,-1,1328,1,11,-1,-1,-1
2015160C05701,1,17,4,18,0,8,0,0,0,0,4,1,1,1,50,8,-1,2,6,-1,1,-1
2015160C05701,2,1,0,18,0,8,0,0,0,0,1,1,6,1,10,2,-1,-1,-1,-1,1,-1
2015160C05711,1,19,0,13,0,1,0,0,0,0,4,1,6,3,-1,-1,-1,-1,-1,-1,-1,-1
2015160C05711,2,1,0,18,0,1,0,0,0,0,3,1,6,1,48,8,-1,-1,-1,-1,1,-1
2015160C05731,1,9,0,9,0,4,0,0,0,0,1,1,2,1,45,7,1598,1,7,-1,3,-1
2015160C05731,2,1,0,18,0,8,0,0,0,0,1,1,2,1,46,8,-1,-1,-1,-1,1,-1
2015160C05741,1,17,0,1,6,0,5,0,1,9,3,1,1,1,81,11,-1,2,-1,-1,3,-1
2015160C05741,2,4,0,3,0,0,0,0,0,0,1,1,1,2,45,7,-1,-1,-1,-1,2,-1
2015160C05751,1,9,0,5,9,1,0,0,0,0,4,1,6,1,57,9,998,1,1,-1,1,-1
2015160C05751,2,1,0,4,9,6,0,0,0,0,1,1,6,1,14,3,-1,-1,-1,-1,1,-1
2015160C05761,1,9,0,5,0,0,0,0,0,0,1,1,2,2,21,5,1598,2,3,-1,1,-1
2015160C05761,2,1,0,18,0,0,0,0,0,0,2,1,6,1,13,3,-1,-1,-1,-1,1,-1
2015160C05771,1,9,0,9,0,4,0,7,7,1,1,1,2,2,24,5,1242,1,7,-1,3,-1
2015160C05771,2,11,0,18,0,4,0,0,0,0,0,1,1,1,25,5,4500,2,4,-1,1,-1
2015160C05781,1,9,0,5,0,1,0,0,0,0,3,1,6,1,81,11,1560,2,9,-1,1,-1
2015160C05781,2,1,0,18,0,8,0,0,0,0,1,1,6,1,17,4,-1,-1,-1,-1,1,-1
2015160C05791,1,9,0,18,0,2,0,0,0,0,3,1,6,1,53,8,1753,2,13,-1,2,-1
2015160C05801,1,9,0,1,0,1,0,0,0,0,2,1,6,1,65,9,1973,1,17,-1,1,-1
2015160C05811,1,9,0,18,0,8,0,0,0,0,4,1,6,2,24,5,1229,1,5,-1,1,-1
2015160C05811,2,9,0,9,0,6,0,0,0,0,1,1,6,2,42,7,2401,2,8,-1,2,-1
2015160C05821,1,9,0,16,0,0,1,0,1,11,1,1,6,1,24,5,1396,1,16,-1,1,-1
2015160C05831,1,9,0,5,0,0,0,0,0,0,1,1,6,1,48,8,1995,2,1,-1,2,-1
2015160C05831,2,9,0,3,0,0,0,0,0,0,2,1,6,2,19,4,1598,2,2,-1,1,-1
2015160C05841,1,9,0,9,0,6,0,0,0,0,4,1,6,1,31,6,1329,1,-1,-1,1,-1
2015160C05841,2,21,1,18,0,8,0,0,0,0,1,1,1,1,49,8,12419,2,3,-1,3,-1
2015160C05851,1,5,0,13,0,1,0,0,0,0,1,1,6,1,49,8,1050,1,-1,-1,3,-1
2015160C05851,2,9,0,9,0,5,0,10,7,11,3,1,6,2,47,8,2497,1,8,-1,3,-1
2015160C05851,3,9,0,2,9,2,0,0,0,0,3,1,6,3,-1,-1,1242,1,3,-1,-1,-1
2015160C05861,1,9,0,18,0,0,5,0,1,9,1,1,6,1,59,9,1896,2,10,-1,1,-1
2015160C05881,1,9,0,5,0,6,0,0,0,0,1,1,2,2,51,8,1997,2,6,-1,1,-1
2015160C05881,2,3,0,18,0,8,0,0,0,0,3,1,6,1,19,4,123,1,24,-1,3,-1
2015160C05891,1,8,0,16,0,1,1,0,1,9,1,1,1,2,45,7,1910,2,7,-1,2,-1
2015160C05901,1,9,0,18,0,0,0,11,0,0,1,1,6,1,25,5,1975,1,8,-1,2,-1
2015160C05911,1,3,0,18,0,0,1,0,7,4,3,1,6,1,56,9,124,1,-1,-1,1,-1
2015160C05921,1,9,0,18,0,0,0,4,0,11,1,1,6,1,60,9,1198,1,1,-1,1,-1
2015160C05921,2,19,0,2,0,0,0,0,0,0,3,1,6,3,-1,-1,1560,2,-1,-1,-1,-1
2015160C05921,3,19,0,2,0,0,0,0,0,0,3,1,6,3,-1,-1,1598,2,2,-1,-1,-1
2015160C05941,1,9,0,17,0,0,5,0,7,10,1,1,6,1,17,4,1242,1,9,-1,3,-1
2015160C05951,1,9,0,18,0,0,5,0,1,4,1,1,6,1,20,4,1910,2,10,-1,1,-1
2015160C05961,1,9,0,9,0,5,0,0,0,0,1,1,6,2,33,6,1299,1,13,-1,1,-1
2015160C05961,2,9,0,18,0,8,1,0,1,10,1,1,6,1,21,5,1997,2,12,-1,2,-1
2015160C05981,1,9,0,6,0,0,0,0,0,0,0,1,6,1,23,5,1998,1,14,-1,1,-1
2015160C05981,2,9,0,18,0,0,0,0,0,0,0,1,6,1,70,10,-1,-1,-1,-1,3,-1
2015160C05981,3,2,0,18,0,0,0,0,0,0,0,1,6,1,21,5,125,1,6,-1,1,-1
2015160C06001,1,9,0,9,0,6,0,0,0,0,1,1,6,1,34,6,2488,1,7,-1,2,-1
2015160C06001,2,4,0,10,0,5,0,0,0,0,3,1,6,1,18,4,124,1,1,-1,3,-1
2015160C06011,1,9,0,18,0,0,0,0,0,0,1,1,2,2,39,7,998,1,12,-1,2,-1
2015160C06021,1,9,0,16,0,0,0,0,7,9,1,1,6,2,85,11,1870,2,12,-1,2,-1
2015160C06031,1,9,0,14,0,0,0,0,0,0,1,1,6,1,32,6,1798,1,5,-1,1,-1
2015160C06031,2,1,0,18,0,0,0,0,0,0,1,1,2,2,52,8,-1,-1,-1,-1,1,-1
2015160C06041,1,9,0,18,0,0,0,0,7,9,1,1,6,1,36,7,1598,1,10,-1,3,-1
2015160C06051,1,9,0,18,0,8,0,0,0,0,1,1,1,1,43,7,-1,-1,-1,-1,2,-1
2015160C06051,2,9,0,9,0,6,0,0,0,0,2,1,1,1,45,7,1199,1,16,-1,1,-1
2015160C06061,1,9,0,18,0,0,0,0,1,10,1,1,6,1,62,9,1560,2,1,-1,1,-1
2015160C06061,2,9,0,18,0,0,0,0,0,0,0,1,6,3,-1,-1,-1,-1,-1,-1,-1,-1
2015160C06071,1,9,0,13,0,8,0,0,0,0,0,1,6,1,29,6,1951,2,12,-1,1,-1
2015160C06071,2,1,0,18,0,8,0,0,0,0,0,1,6,1,53,8,-1,-1,-1,-1,1,-1
2015160C06081,1,9,0,8,0,1,0,0,0,0,2,1,6,1,39,7,1560,2,3,-1,2,-1
2015160C06081,2,9,0,4,0,1,0,0,0,0,1,1,6,1,74,10,1198,1,1,-1,2,-1
2015160C06091,1,9,0,7,0,2,1,0,0,0,4,1,2,2,36,7,1598,1,11,-1,3,-1
2015160C06091,2,21,0,2,0,2,0,0,0,0,2,1,1,1,54,8,12913,2,2,-1,1,-1
2015160C06091,3,9,0,18,0,1,0,0,1,10,3,1,6,1,36,7,1753,2,7,-1,3,-1
2015160C06101,1,9,0,4,0,0,0,0,0,0,2,1,2,2,28,6,1598,1,4,-1,2,-1
2015160C06101,2,21,1,18,0,0,0,0,0,0,1,1,1,1,64,9,12777,2,3,-1,1,-1
2015160C06111,1,9,0,16,0,8,0,0,0,0,1,1,6,2,34,6,1598,1,8,-1,1,-1
2015160C06111,2,5,0,17,0,8,0,0,0,0,1,1,6,1,45,7,-1,-1,-1,-1,-1,-1
2015160C06121,1,9,0,17,0,0,2,0,1,10,1,1,2,2,52,8,1390,1,10,-1,3,-1
2015160C06131,1,9,0,18,0,0,0,0,1,2,1,1,6,1,37,7,1956,2,4,-1,2,-1
2015160C06141,1,5,0,17,0,0,0,0,0,0,3,1,6,1,35,6,1690,1,-1,-1,1,-1
2015160C06151,1,4,0,18,0,0,0,0,1,10,1,1,2,1,22,5,125,1,-1,-1,2,-1
2015160C06161,1,9,0,17,0,0,1,0,7,4,1,1,6,2,59,9,998,1,5,-1,2,-1
2015160C06171,1,9,0,18,0,0,1,0,5,6,1,1,6,1,23,5,1598,2,3,-1,1,-1
2015160C06181,1,9,0,9,0,6,0,0,0,0,1,1,6,1,85,11,1388,1,12,-1,1,-1
2015160C06181,2,5,0,18,0,8,0,0,0,0,1,1,6,1,54,8,1063,1,10,-1,2,-1
2015160C06191,1,3,0,18,0,0,0,0,0,0,1,1,1,2,47,8,124,1,6,-1,3,-1
2015160C06191,2,9,0,2,0,0,0,0,0,0,2,1,6,3,-1,-1,1968,2,3,-1,-1,-1
2015160C06201,1,9,0,2,0,1,0,0,0,0,1,1,6,1,5,1,973,1,13,-1,3,-1
2015160C06231,1,9,0,18,0,1,1,0,0,0,1,1,6,1,70,10,1598,2,5,-1,1,-1
2015160C06231,2,9,0,7,0,5,0,0,0,0,3,1,6,2,38,7,1999,1,2,-1,2,-1
2015160C06231,3,9,0,18,0,1,1,0,1,10,1,1,6,2,61,9,1360,1,14,-1,3,-1
2015160C06241,1,9,0,9,0,5,0,0,0,0,4,1,1,1,30,6,1968,2,4,-1,1,-1
2015160C06241,2,9,0,18,0,8,0,0,0,0,1,1,1,2,25,5,1328,1,4,-1,1,-1
2015160C06251,1,9,0,16,0,0,1,0,1,7,1,1,6,1,23,5,1896,2,9,-1,1,-1
2015160C06261,1,9,0,18,0,6,0,0,0,0,3,1,6,2,27,6,599,1,13,-1,1,-1
2015160C06261,2,9,0,18,0,8,1,0,0,0,1,1,6,1,48,8,-1,-1,-1,-1,1,-1
2015160C06271,1,19,0,18,0,0,0,0,0,0,1,1,1,1,59,9,1248,2,8,-1,2,-1
2015160C06271,2,9,0,18,0,0,0,0,7,0,1,1,6,1,72,10,1364,2,8,-1,3,-1
2015160C06281,1,3,0,16,0,0,0,0,0,0,1,1,6,1,25,5,124,1,9,-1,1,-1
2015160C06281,2,9,0,17,0,0,0,0,0,0,3,1,2,2,61,9,998,1,13,-1,1,-1
2015160C06301,1,9,0,18,0,0,0,12,0,0,1,1,6,2,49,8,1598,1,6,-1,1,-1
2015160C06311,1,17,5,7,0,6,0,0,0,0,1,1,1,1,30,6,-1,2,1,-1,2,-1
2015160C06311,2,9,0,18,0,8,0,0,0,0,1,1,2,1,53,8,2148,2,13,-1,3,-1
2015160C06321,1,9,0,3,0,4,0,0,0,0,2,1,6,3,-1,-1,-1,-1,-1,-1,-1,-1
2015160C06321,2,9,0,3,0,4,0,0,0,0,1,1,1,1,58,9,1956,2,1,-1,1,-1