Accident_Index,Vehicle_Reference,Vehicle_Type,Towing_and_Articulation,Vehicle_Manoeuvre,Vehicle_Location-Restricted_Lane,Junction_Location,Skidding_and_Overturning,Hit_Object_in_Carriageway,Vehicle_Leaving_Carriageway,Hit_Object_off_Carriageway,1st_Point_of_Impact,Was_Vehicle_Left_Hand_Drive?,Journey_Purpose_of_Driver,Sex_of_Driver,Age_of_Driver,Age_Band_of_Driver,Engine_Capacity_(CC),Propulsion_Code,Age_of_Vehicle,Driver_IMD_Decile,Driver_Home_Area_Type,Vehicle_IMD_Decile
2015160C06331,1,5,0,18,0,8,0,0,0,0,1,1,6,1,27,6,745,1,1,-1,1,-1
2015160C06331,2,9,0,18,0,6,0,0,0,0,1,1,6,2,52,8,1461,2,-1,-1,3,-1
2015160C06341,1,9,0,18,0,6,0,0,0,0,1,1,6,2,66,10,1395,1,1,-1,1,-1
2015160C06341,2,9,0,18,0,8,0,0,0,0,4,1,6,2,65,9,1586,1,5,-1,1,-1
2015160C06341,3,9,0,18,0,8,0,0,0,0,1,1,6,2,26,6,1598,1,12,-1,1,-1
2015160C06351,1,9,0,18,0,8,1,0,0,0,1,1,6,2,38,7,2184,2,10,-1,2,-1
2015160C06351,2,17,4,9,0,5,0,0,0,0,4,1,1,1,72,10,-1,2,30,-1,3,-1
2015160C06361,1,9,0,9,0,6,0,0,0,0,1,1,6,2,34,6,1956,2,5,-1,1,-1
2015160C06361,2,9,0,18,0,8,1,10,6,0,3,1,6,2,54,8,998,1,2,-1,1,-1
2015160C06371,1,9,0,18,0,8,1,0,0,0,1,1,2,2,25,5,1599,1,12,-1,2,-1
2015160C06371,2,9,0,10,0,8,0,0,0,0,2,1,6,2,50,8,2464,1,22,-1,3,-1
2015160C06371,3,9,0,18,0,8,0,0,0,0,3,1,2,2,28,6,1968,2,8,-1,2,-1
2015160C06381,1,90,0,18,0,0,5,0,0,0,3,1,1,1,46,8,1498,2,-1,-1,3,-1
2015160C06381,2,19,0,18,0,0,0,0,0,0,1,1,6,1,47,8,-1,-1,-1,-1,3,-1
2015160C06391,1,9,0,7,0,5,2,7,7,1,1,1,6,1,21,5,2982,2,1,-1,2,-1
2015160C06401,1,8,0,2,0,0,0,10,1,11,1,1,1,3,-1,-1,-1,-1,-1,-1,-1,-1
2015160C06411,1,9,0,18,0,4,0,0,0,0,1,1,6,3,-1,-1,-1,-1,-1,-1,-1,-1
2015160C06411,2,1,0,18,0,8,0,0,0,0,4,1,6,2,18,4,-1,-1,-1,-1,1,-1
2015160C06421,1,9,0,4,0,0,0,0,0,0,2,1,6,1,51,8,1968,2,1,-1,1,-1
2015160C06421,2,9,0,18,0,0,0,0,0,0,1,1,6,1,40,7,1998,1,9,-1,1,-1
2015160C06431,1,19,0,18,0,0,0,0,0,0,1,1,1,1,54,8,2402,2,10,-1,2,-1
2015160C06431,2,9,0,3,0,0,0,0,0,0,2,1,6,1,51,8,1686,2,1,-1,2,-1
2015160C06431,3,9,0,3,0,0,0,0,0,0,2,1,6,1,34,6,1560,2,6,-1,2,-1
2015160C06441,1,9,0,4,0,1,0,0,0,0,2,1,6,1,78,11,1769,1,10,-1,1,-1
2015160C06441,2,98,0,4,0,1,0,0,0,0,1,1,2,1,44,7,-1,-1,-1,-1,1,-1
2015160C06451,1,9,0,4,0,5,0,0,0,0,1,1,6,1,-1,-1,-1,-1,-1,-1,-1,-1
2015160C06451,2,9,0,4,0,5,0,0,0,0,2,1,6,2,46,8,1560,2,7,-1,2,-1
2015160C06461,1,3,0,18,0,0,0,0,0,0,3,1,6,1,16,4,-1,-1,-1,-1,1,-1
2015160C06461,2,9,0,13,0,0,0,0,0,0,4,1,6,1,69,10,-1,-1,-1,-1,1,-1
2015160C06471,1,9,0,18,0,0,1,0,0,0,1,1,6,1,49,8,1753,2,10,-1,1,-1
2015160C06471,2,9,0,18,0,0,1,0,1,0,1,1,6,2,79,11,998,1,1,-1,3,-1
2015160C06501,1,9,0,9,0,6,0,0,0,0,1,1,6,2,72,10,-1,-1,-1,-1,3,-1
2015160C06501,2,9,0,18,0,8,1,0,1,0,3,1,6,1,34,6,1997,2,12,-1,3,-1
2015160C06511,1,19,0,4,0,0,0,0,0,0,2,1,6,1,29,6,1560,2,1,-1,1,-1
2015160C06511,2,9,0,18,0,0,0,0,0,0,1,1,6,1,57,9,1398,2,6,-1,1,-1
2015160C06511,3,9,0,18,0,0,0,0,0,0,1,1,6,1,36,7,1596,1,13,-1,1,-1
2015160C06511,4,19,0,11,0,0,0,0,0,0,2,1,6,1,29,6,2198,2,-1,-1,1,-1
2015160C06511,5,9,0,18,0,0,0,0,0,0,1,1,6,1,57,9,1685,2,4,-1,1,-1
2015160C06511,6,9,0,18,0,0,0,10,4,6,1,1,6,1,36,7,998,1,15,-1,1,-1
2015160C06511,7,9,0,18,0,0,0,0,0,0,3,1,6,2,29,6,1398,2,9,-1,1,-1
2015160C06521,1,9,0,18,0,0,0,0,0,0,1,1,6,2,71,10,-1,-1,-1,-1,2,-1
2015160C06521,2,19,0,2,0,0,0,0,0,0,2,1,1,3,-1,-1,1896,2,7,-1,-1,-1
2015160C06531,1,9,0,18,0,0,0,0,1,10,1,1,6,2,54,8,1124,1,14,-1,3,-1
2015160C06541,1,9,0,18,0,0,0,0,0,0,1,1,1,1,25,5,-1,-1,-1,-1,2,-1
2015160C06541,2,19,0,3,0,0,0,0,0,0,2,1,1,1,24,5,1560,2,3,-1,3,-1
2015160C06541,3,9,0,3,0,0,0,0,0,0,2,1,6,2,41,7,1956,2,1,-1,1,-1
2015160C06551,1,9,0,16,0,0,0,0,0,0,0,1,6,3,-1,-1,-1,-1,-1,-1,-1,-1
2015160C06551,2,9,0,17,0,0,0,0,1,4,1,1,6,1,17,4,1248,2,7,-1,1,-1
2015160C06561,1,9,0,9,0,6,0,0,0,0,3,1,6,2,57,9,1686,2,1,-1,2,-1
2015160C06571,1,3,0,16,0,0,1,0,0,0,4,1,1,2,47,8,124,1,3,-1,3,-1
2015160C06581,1,9,0,18,0,0,0,12,0,0,0,1,6,1,28,6,1198,1,8,-1,1,-1
2015160C06581,2,9,0,18,0,0,0,12,0,0,2,1,6,2,42,7,2499,2,9,-1,2,-1
2015160C06581,3,21,1,18,0,0,0,0,0,0,1,1,1,1,40,7,11946,2,2,-1,1,-1
2015160C06601,1,9,0,16,0,8,2,0,3,4,1,1,6,1,37,7,1910,2,9,-1,1,-1
2015160C06611,1,19,4,18,0,0,0,0,0,0,3,1,1,2,47,8,2998,2,9,-1,-1,-1
2015160C06611,2,21,4,18,0,0,0,0,1,10,3,1,1,1,31,6,12740,2,3,-1,1,-1
2015160C06621,1,9,0,18,0,1,0,0,0,0,1,1,6,1,58,9,1999,1,11,-1,1,-1
2015160C06621,2,9,0,18,0,2,0,0,0,0,1,1,6,1,32,6,1422,2,7,-1,1,-1
2015160C06631,1,19,0,18,0,0,0,0,7,10,1,1,6,1,46,8,2198,2,7,-1,1,-1
2015160C06631,2,9,0,9,0,0,0,0,1,10,1,1,6,2,72,10,1248,1,6,-1,1,-1
2015160C06641,1,1,0,18,0,8,0,0,0,0,4,1,4,2,16,4,-1,-1,-1,-1,1,-1
2015160C06641,2,9,0,18,0,6,0,0,0,0,1,1,6,3,-1,-1,-1,-1,-1,-1,-1,-1
2015160C06651,1,8,0,5,0,6,0,0,0,0,2,1,1,1,65,9,-1,-1,-1,-1,1,-1
2015160C06651,2,9,0,18,0,1,0,0,0,0,1,1,2,1,20,4,1197,1,-1,-1,1,-1
2015160C06661,1,9,0,7,0,5,0,0,0,0,4,1,6,1,88,11,1498,1,8,-1,2,-1
2015160C06661,2,1,0,18,0,8,0,0,0,0,3,1,1,2,50,8,-1,-1,-1,-1,2,-1
2015160C06671,1,9,0,18,0,0,0,12,1,4,1,1,6,1,35,6,2495,2,14,-1,3,-1
2015160C06681,1,1,0,9,0,6,0,0,0,0,1,1,6,1,50,8,-1,-1,-1,-1,2,-1
2015160C06681,2,9,0,7,0,5,0,0,0,0,1,1,6,1,77,11,2179,2,8,-1,3,-1
2015160C06691,1,9,0,18,0,4,0,0,0,0,1,1,6,2,24,5,1229,1,7,-1,2,-1
2015160C06691,2,1,0,18,0,3,0,0,0,0,4,1,6,1,63,9,-1,-1,-1,-1,1,-1
2015160C06701,1,9,0,18,0,0,1,0,0,0,1,1,6,1,21,5,2495,2,17,-1,2,-1
2015160C06701,2,9,0,3,0,0,0,0,0,0,2,1,6,2,29,6,1149,1,3,-1,2,-1
2015160C06701,3,9,0,3,0,0,0,0,0,0,2,1,6,1,33,6,2987,2,5,-1,1,-1
2015160C06711,1,9,0,3,0,3,0,0,0,0,2,1,6,2,58,9,1388,1,9,-1,3,-1
2015160C06711,2,19,0,4,0,4,0,0,0,0,1,1,1,1,55,8,2148,2,6,-1,1,-1
2015160C06721,1,9,0,18,0,8,0,0,0,0,1,1,6,2,57,9,1598,1,5,-1,3,-1
2015160C06721,2,9,0,18,0,8,0,0,0,0,4,1,6,1,24,5,1598,1,12,-1,1,-1
2015160C06731,1,9,0,18,0,0,0,0,0,0,1,1,6,2,21,5,1242,1,2,-1,2,-1
2015160C06731,2,9,0,18,0,0,0,0,0,0,2,1,6,1,57,9,998,1,13,-1,1,-1
2015160C06731,3,9,0,4,0,0,0,0,0,0,0,1,6,1,39,7,1995,2,4,-1,3,-1
2015160C06741,1,9,0,18,0,4,0,0,0,0,1,1,2,2,53,8,1229,1,9,-1,1,-1
2015160C06741,2,9,0,9,0,8,0,0,0,0,4,1,6,1,27,6,3947,1,16,-1,1,-1
2015160C06751,1,9,0,18,0,1,0,0,0,0,1,1,6,3,-1,-1,-1,-1,-1,-1,-1,-1
2015160C06751,2,9,0,4,0,1,0,0,0,0,2,1,6,2,51,8,1390,1,4,-1,1,-1
2015160C06751,3,9,0,3,0,1,0,0,0,0,2,1,6,1,61,9,1398,1,5,-1,1,-1
2015160C06761,1,9,0,18,0,0,0,0,0,0,1,1,6,1,25,5,1396,1,15,-1,1,-1
2015160C06761,2,9,0,18,0,0,0,0,0,0,2,1,6,2,48,8,1398,2,10,-1,1,-1
2015160C06771,1,9,0,5,0,4,0,0,0,0,1,1,6,1,88,11,1796,1,16,-1,2,-1
2015160C06771,2,1,0,18,4,8,0,0,0,0,4,1,6,2,41,7,-1,-1,-1,-1,1,-1
2015160C06781,1,9,0,18,0,0,1,0,0,0,1,1,6,2,35,6,1796,1,10,-1,2,-1
2015160C06781,2,9,0,4,0,0,0,0,0,0,2,1,6,2,71,10,1390,1,8,-1,1,-1
2015160C06791,1,9,0,16,0,0,0,0,7,10,4,1,6,1,18,4,1229,1,5,-1,2,-1
2015160C06791,2,9,4,17,0,0,3,0,1,10,1,1,6,1,69,10,2495,2,10,-1,3,-1
2015160C06801,1,9,0,16,0,0,2,0,7,0,3,1,2,1,24,5,-1,-1,-1,-1,1,-1
2015160C06801,2,9,0,17,0,0,0,0,0,0,3,1,6,2,29,6,1299,1,14,-1,1,-1
2015160C06811,1,9,0,17,0,0,2,0,1,11,1,1,6,1,20,4,1596,1,10,-1,3,-1
2015160C06821,1,9,0,4,0,1,0,0,0,0,1,1,1,2,43,7,1598,2,4,-1,3,-1
2015160C06821,2,9,0,3,0,1,0,0,0,0,2,1,6,2,20,4,1598,1,10,-1,1,-1
2015160C06831,1,9,0,16,0,0,5,0,7,10,1,1,6,2,30,6,1396,1,12,-1,3,-1
2015160C06841,1,9,0,16,0,0,1,0,7,7,1,1,6,2,51,8,1199,1,11,-1,3,-1
2015160C06851,1,9,0,18,0,2,0,0,0,0,3,1,6,1,33,6,-1,-1,-1,-1,1,-1
2015160C06851,2,1,0,18,0,6,0,0,0,0,1,1,6,1,11,3,-1,-1,-1,-1,1,-1
2015160C06861,1,9,0,17,0,8,0,7,3,7,1,1,6,2,30,6,1598,1,16,-1,-1,-1
2015160C06871,1,9,0,14,0,0,0,0,0,0,1,1,6,2,33,6,1360,1,3,-1,1,-1
2015160C06881,1,9,0,18,0,8,0,0,0,0,1,1,2,2,31,6,1968,2,8,-1,2,-1
2015160C06881,2,9,0,5,0,6,0,0,0,0,2,1,6,1,85,11,998,1,2,-1,3,-1
2015160C06891,1,9,0,18,0,6,0,0,7,11,3,1,6,2,24,5,2143,2,1,-1,3,-1
2015160C06891,2,9,0,18,0,8,0,0,0,0,1,1,6,2,49,8,1364,1,10,-1,1,-1
2015160C06901,1,9,0,17,0,0,1,0,1,4,3,1,6,1,33,6,1985,1,14,-1,3,-1
2015160C06901,2,9,0,16,0,0,0,0,0,0,3,1,6,1,18,4,1240,1,10,-1,1,-1
2015160C06911,1,9,0,18,0,8,0,0,7,11,4,1,6,1,22,5,1598,1,8,-1,1,-1
2015160C06911,2,19,0,18,0,8,0,0,0,0,1,1,2,1,45,7,1560,2,3,-1,3,-1
2015160C06921,1,9,0,18,0,0,0,0,0,0,1,1,6,1,46,8,1798,8,1,-1,1,-1
2015160C06921,2,9,0,18,0,0,0,0,0,0,1,1,6,2,52,8,1329,1,5,-1,2,-1
2015160C06931,1,9,0,9,0,4,0,0,0,0,1,1,6,2,36,7,1461,2,3,-1,1,-1
2015160C06931,2,1,0,18,0,8,0,0,0,0,4,1,6,1,49,8,-1,-1,-1,-1,1,-1
2015160C06941,1,9,0,9,0,6,0,0,0,0,3,1,6,1,81,11,1991,2,5,-1,3,-1
2015160C06941,2,1,0,18,0,8,0,0,0,0,1,1,6,1,29,6,-1,-1,-1,-1,1,-1
2015160C06961,1,9,0,3,0,4,0,0,0,0,2,1,1,1,25,5,1598,2,4,-1,1,-1
2015160C06961,2,9,0,18,0,4,0,0,0,0,1,1,6,1,51,8,1956,2,1,-1,3,-1
2015160C06971,1,9,0,9,0,6,0,0,0,0,4,1,6,2,20,4,1242,1,3,-1,1,-1
2015160C06971,2,9,0,18,0,1,0,0,0,0,1,1,6,1,35,6,1896,2,13,-1,1,-1
2015160C06981,1,19,0,18,0,0,0,0,0,0,1,1,6,1,25,5,2998,2,2,-1,2,-1
2015160C06981,2,19,0,2,6,0,0,0,0,0,2,1,1,1,25,5,2198,2,-1,-1,1,-1
2015160C06991,1,9,0,18,0,8,0,0,0,0,1,1,2,1,36,7,1998,2,9,-1,1,-1
2015160C06991,2,1,0,18,0,6,0,0,0,0,1,1,2,1,40,7,-1,-1,-1,-1,1,-1
2015160C07001,1,9,0,14,0,0,0,0,0,0,4,1,6,1,52,8,1598,1,11,-1,2,-1
2015160C07011,1,9,0,17,0,0,0,0,0,0,2,1,6,2,19,4,1598,1,13,-1,3,-1
2015160C07011,2,9,0,17,0,0,0,0,0,0,1,1,1,1,33,6,1396,2,1,-1,2,-1
2015160C07031,1,9,0,9,0,4,0,0,0,0,1,1,6,1,72,10,1363,2,12,-1,1,-1
2015160C07031,2,1,0,17,0,3,0,0,0,0,4,1,2,2,53,8,-1,-1,-1,-1,1,-1
2015160C07041,1,19,0,16,0,0,0,0,7,3,4,1,2,2,45,7,1461,2,12,-1,2,-1
2015160C07051,1,9,0,17,0,0,1,0,7,10,1,1,6,1,24,5,1598,1,10,-1,2,-1
2015160C07061,1,9,0,18,0,0,1,0,1,10,1,1,6,1,59,9,1896,1,17,-1,1,-1
2015160C07061,2,9,0,18,0,0,1,0,0,0,2,1,6,1,26,6,1086,1,11,-1,1,-1
2015160C07061,3,9,0,18,0,0,1,0,0,0,1,1,6,1,63,9,2902,2,11,-1,1,-1
2015160C07071,1,9,0,18,0,8,0,0,1,0,1,1,6,2,73,10,1248,1,2,-1,1,-1
2015160C07071,2,9,0,18,0,8,0,0,0,4,1,1,6,2,61,9,1596,1,4,-1,1,-1
2015160C07081,1,9,0,17,0,0,1,0,7,10,1,1,6,1,25,5,-1,-1,-1,-1,3,-1
2015160C07091,1,9,0,7,0,6,0,0,0,0,4,1,6,1,72,10,2993,2,1,-1,3,-1
2015160C07101,1,22,0,18,0,8,0,0,0,0,1,1,6,2,71,10,-1,-1,-1,-1,2,-1
2015160C07101,2,9,0,1,0,6,0,0,0,0,2,1,6,2,49,8,1560,2,1,-1,2,-1
2015160C07111,1,9,0,18,0,0,1,0,5,6,4,1,6,1,32,6,1910,2,7,-1,1,-1
2015160C07121,1,9,0,9,0,5,0,0,0,0,4,1,2,1,17,4,1242,1,12,-1,2,-1
2015160C07121,2,9,0,18,0,8,0,0,0,0,1,1,6,1,56,9,1984,2,4,-1,2,-1
2015160C07121,3,9,0,10,0,1,0,0,0,0,1,1,6,1,68,10,1198,1,2,-1,3,-1
2015160C07131,1,9,0,18,0,0,0,0,0,0,1,1,6,1,69,10,1598,1,5,-1,1,-1
2015160C07141,1,11,0,2,0,2,0,0,0,0,4,1,1,1,57,9,7300,2,13,-1,1,-1
2015160C07151,1,19,0,18,0,0,0,0,0,0,1,1,2,1,21,5,1598,2,1,-1,1,-1
2015160C07151,2,19,0,3,0,0,0,0,0,0,2,1,2,1,30,6,1560,2,4,-1,1,-1
2015160C07151,3,9,0,3,0,0,0,0,0,0,2,1,2,1,50,8,1598,2,2,-1,1,-1
2015160C07151,4,9,0,3,0,0,0,0,0,0,2,1,2,1,28,6,1995,2,10,-1,1,-1
2015160C07161,1,9,0,9,0,5,0,0,0,0,1,1,6,2,26,6,1598,1,11,-1,2,-1
2015160C07161,2,9,0,17,0,8,0,0,0,0,1,1,1,2,50,8,-1,-1,-1,-1,3,-1
2015160C07171,1,3,0,18,0,1,1,0,0,0,0,1,2,1,17,4,124,1,5,-1,2,-1
2015160C07171,2,19,0,9,0,6,0,0,0,0,0,1,2,1,56,9,-1,-1,-1,-1,1,-1
2015160C07181,1,9,0,18,0,8,0,0,0,0,1,1,1,2,42,7,1388,1,9,-1,2,-1
2015160C07181,2,9,0,10,0,8,0,0,0,0,2,1,6,2,50,8,1242,1,1,-1,1,-1
2015160C07191,1,19,0,5,0,6,0,0,0,0,1,1,1,1,51,8,1995,2,2,-1,1,-1
2015160C07191,2,1,0,18,0,8,0,0,0,0,4,1,6,1,16,4,-1,-1,-1,-1,1,-1
2015160C07201,1,9,0,18,0,0,0,0,0,0,1,1,6,2,48,8,998,1,11,-1,2,-1
2015160C07211,1,9,3,13,0,0,0,0,0,0,4,1,6,1,45,7,2204,2,10,-1,1,-1
2015160C07211,2,3,0,18,0,0,0,0,0,0,3,1,6,1,17,4,49,1,3,-1,1,-1
2015160C07221,1,9,0,18,0,1,0,0,0,0,1,1,6,2,21,5,1998,1,4,-1,2,-1
2015160C07221,2,9,0,10,0,8,0,0,0,0,2,1,6,2,19,4,1598,1,8,-1,2,-1
2015160C07221,3,9,0,18,0,1,0,0,0,0,0,1,6,1,28,6,1895,1,16,-1,2,-1
2015160C07231,1,9,0,17,0,0,1,0,1,11,1,1,2,1,23,5,-1,-1,-1,-1,1,-1
2015160C07241,1,9,0,3,0,0,0,0,0,0,2,1,6,1,61,9,2993,2,5,-1,3,-1
2015160C07241,2,9,0,18,0,0,0,0,0,0,1,1,6,1,56,9,1598,1,11,-1,-1,-1
2015160C07241,3,19,0,13,0,0,0,0,0,0,0,1,1,1,60,9,2461,2,4,-1,1,-1
2015160C07241,4,9,0,18,0,0,0,0,0,0,0,1,6,1,65,9,1248,1,1,-1,1,-1
2015160C07241,5,9,0,18,0,0,0,0,0,0,0,1,6,3,-1,-1,-1,-1,-1,-1,-1,-1
2015160C07251,1,9,0,4,0,6,1,10,1,0,1,1,2,1,69,10,2967,2,3,-1,3,-1
2015160C07251,2,19,0,18,0,8,0,0,0,0,1,1,1,1,51,8,1968,2,4,-1,1,-1
2015160C07261,1,9,0,18,0,2,0,0,1,4,1,1,6,2,27,6,1997,1,14,-1,1,-1
2015160C07271,1,9,0,18,0,1,0,10,1,2,1,1,6,2,26,6,1586,1,1,-1,3,-1
2015160C07271,2,9,0,3,0,1,0,0,0,0,2,1,6,1,31,6,2198,2,9,-1,1,-1
2015160C07271,3,9,0,10,0,8,0,0,0,0,2,1,6,2,42,7,1398,1,5,-1,1,-1
2015160C07281,1,19,0,1,0,2,0,0,0,0,2,1,6,1,43,7,2488,2,9,-1,1,-1
2015160C07281,2,9,0,18,0,5,0,0,0,0,1,1,6,2,57,9,1242,1,2,-1,1,-1
2015160C07291,1,9,0,6,0,6,0,0,0,0,1,1,6,1,62,9,1968,2,9,-1,1,-1
2015160C07291,2,9,0,18,0,8,0,0,0,0,4,1,6,1,76,11,1398,1,4,-1,1,-1
2015160C07301,1,9,0,18,0,1,0,0,0,0,1,1,6,3,-1,-1,-1,-1,-1,-1,-1,-1
2015160C07301,2,9,0,18,0,1,0,0,0,0,2,1,6,2,53,8,1199,1,15,-1,1,-1
2015160C07311,1,9,0,17,0,0,1,0,7,4,4,1,6,1,29,6,1896,2,6,-1,3,-1
2015160C07311,2,9,0,18,0,0,0,0,0,0,1,1,6,2,49,8,1968,2,8,-1,2,-1
2015160C07321,1,9,0,18,0,0,5,0,7,9,1,1,6,1,86,11,-1,-1,-1,-1,3,-1
2015160C07331,1,9,3,16,0,1,0,0,0,0,0,1,6,3,-1,-1,-1,-1,-1,-1,-1,-1
2015160C07331,2,9,0,17,0,2,1,0,2,4,3,1,2,1,18,4,1590,1,12,-1,2,-1
2015160C07341,1,9,0,14,0,0,0,0,0,0,0,1,6,1,20,4,1590,1,14,-1,1,-1
2015160C07341,2,3,0,13,0,0,0,0,0,0,0,1,6,1,28,6,124,1,13,-1,3,-1
2015160C07361,1,9,0,18,0,0,0,0,0,0,1,1,6,1,-1,-1,2401,2,11,-1,1,-1
2015160C07371,1,1,0,18,0,0,0,4,0,0,1,1,6,1,38,7,-1,-1,-1,-1,1,-1
2015160C07371,2,9,0,2,0,0,0,0,0,0,2,1,6,1,33,6,1229,1,6,-1,-1,-1
2015160C07381,1,9,0,18,0,0,0,0,1,11,1,1,6,1,74,10,1598,1,3,-1,1,-1
2015160C07391,1,11,0,4,0,0,0,0,0,0,0,1,1,1,49,8,9360,2,1,-1,1,-1
2015160C07401,1,9,0,18,0,5,0,0,0,0,4,1,6,2,25,5,1360,1,12,-1,2,-1
2015160C07401,2,1,0,18,0,8,0,0,0,0,1,1,6,1,52,8,-1,-1,-1,-1,1,-1
2015160C07411,1,21,0,18,0,0,0,0,0,0,4,1,1,1,27,6,12777,2,-1,-1,1,-1
2015160C07411,2,3,0,12,0,0,0,0,0,0,3,1,6,1,23,5,124,1,10,-1,3,-1
2015160C07421,1,9,0,18,0,0,1,0,1,1,4,1,6,1,34,6,1997,2,7,-1,2,-1
2015160C07421,2,9,0,18,0,0,2,0,7,10,3,1,6,2,53,8,2993,2,1,-1,3,-1
2015160C07431,1,21,0,9,0,5,0,0,0,0,4,1,1,1,68,10,12902,2,1,-1,2,-1
2015160C07431,2,9,0,18,0,8,0,0,0,0,1,1,6,2,46,8,998,1,13,-1,-1,-1
2015160C07441,1,9,0,9,0,5,0,0,7,10,4,1,2,1,29,6,1389,1,18,-1,3,-1
2015160C07441,2,9,0,18,0,8,0,0,1,10,1,1,6,1,63,9,1998,1,13,-1,3,-1
2015160C07451,1,9,0,9,0,6,0,0,1,10,3,1,6,1,73,10,1298,1,14,-1,2,-1
2015160C07451,2,9,0,18,0,8,0,0,7,10,1,1,6,1,47,8,1968,2,7,-1,2,-1
2015160C07461,1,9,0,18,0,1,0,0,0,0,1,1,6,1,17,4,1600,2,5,-1,3,-1
2015160C07461,2,9,0,3,0,1,0,0,0,0,2,1,6,1,26,6,1242,1,8,-1,2,-1
2015160C07461,3,9,0,10,0,8,0,0,0,0,2,1,6,1,18,4,1149,1,13,-1,2,-1
2015160C07481,1,9,0,17,0,0,1,0,7,9,1,1,6,2,18,4,1086,1,11,-1,1,-1
2015160C07491,1,9,0,18,0,0,0,0,1,1,1,1,2,1,24,5,1242,1,10,-1,2,-1
2015160C07501,1,9,0,5,0,6,0,0,0,0,3,1,6,1,68,10,998,1,15,-1,3,-1
2015160C07501,2,1,0,18,0,8,0,0,0,0,1,1,2,2,41,7,-1,-1,-1,-1,2,-1
2015160C07511,1,9,0,8,0,1,0,0,0,0,2,1,2,2,51,8,1596,1,1,-1,1,-1
2015160C07511,2,9,0,4,0,1,0,0,0,0,1,1,2,2,51,8,1193,1,2,-1,1,-1
2015160C07521,1,1,0,18,0,8,0,0,0,0,2,1,2,2,35,6,-1,-1,-1,-1,1,-1
2015160C07521,2,9,0,7,0,6,0,0,0,0,1,1,6,2,41,7,1242,1,16,-1,1,-1
2015160C07531,1,9,0,9,0,5,0,0,0,0,1,1,6,1,18,4,1149,1,12,-1,1,-1
2015160C07541,1,9,0,16,0,0,2,0,7,10,4,1,6,1,33,6,3456,1,4,-1,1,-1
2015160C07541,2,9,0,17,0,0,0,0,1,10,3,1,6,1,65,9,1997,2,-1,-1,-1,-1
2015160C07551,1,9,0,18,0,0,0,0,1,3,4,1,6,2,60,9,1794,1,11,-1,3,-1
2015160C07561,1,9,0,18,0,0,2,0,1,1,1,1,2,1,28,6,1560,2,7,-1,1,-1
2015160C07561,2,9,0,18,0,0,0,0,0,0,0,1,6,3,-1,-1,-1,-1,-1,-1,-1,-1
2015160C07571,1,9,0,18,0,0,0,0,1,2,1,1,6,2,84,11,1240,1,11,-1,1,-1
2015160C07581,1,9,0,18,0,8,0,4,0,0,1,1,2,1,47,8,1598,1,13,-1,2,-1
2015160C07581,2,9,0,2,0,8,0,0,0,0,2,1,6,3,-1,-1,1968,2,6,-1,-1,-1
2015160C07591,1,9,0,9,0,5,0,0,0,0,1,1,6,2,67,10,998,1,13,-1,1,-1
2015160C07591,2,3,0,18,0,8,0,0,0,0,1,1,6,1,23,5,125,1,7,-1,1,-1
2015160C07601,1,9,0,17,0,0,5,12,1,10,1,1,6,1,83,11,1248,2,3,-1,1,-1
2015160C07611,1,9,0,17,0,0,2,0,1,4,1,1,6,2,69,10,1598,1,9,-1,-1,-1
2015160C07621,1,19,0,5,0,4,0,0,0,0,1,1,2,1,34,6,2143,2,5,-1,1,-1
2015160C07621,2,1,0,3,0,4,0,0,0,0,2,1,2,2,35,6,-1,-1,-1,-1,3,-1
2015160C07631,1,8,0,18,0,0,0,0,0,0,1,1,1,1,67,10,1798,1,6,-1,1,-1
2015160C07631,2,9,0,3,0,0,0,0,0,0,2,1,6,2,38,7,1968,2,2,-1,1,-1
2015160C07651,1,9,0,5,0,4,0,0,0,0,1,1,6,2,67,10,2172,2,11,-1,3,-1
2015160C07651,2,1,0,17,0,8,0,0,0,0,4,1,6,1,37,7,-1,-1,-1,-1,3,-1
2015160C07661,1,19,0,13,0,0,0,0,0,0,0,1,6,3,-1,-1,-1,-1,-1,-1,-1,-1
2015160C07661,2,1,0,18,0,0,0,0,0,0,0,1,6,1,47,8,-1,-1,-1,-1,3,-1
2015160C07671,1,9,0,18,0,0,2,0,7,9,1,1,1,2,24,5,1984,1,15,-1,3,-1
2015160C07681,1,9,0,16,0,0,1,0,1,10,4,1,6,2,62,9,1360,1,5,-1,3,-1
2015160C07691,1,9,0,17,0,0,1,0,1,10,1,1,6,1,21,5,1398,2,5,-1,1,-1
2015160C07701,1,9,0,16,0,0,0,0,0,0,3,1,6,1,31,6,4367,2,4,-1,2,-1
2015160C07701,2,9,0,17,0,0,0,0,0,0,3,1,1,1,41,7,1968,2,-1,-1,3,-1
2015160C07711,1,9,0,18,0,0,1,0,1,0,3,1,6,1,19,4,1390,1,13,-1,2,-1
2015160C07711,2,9,0,18,0,0,0,0,0,0,1,1,6,1,57,9,1968,2,-1,-1,2,-1
2015160C07731,1,9,0,4,0,1,0,0,0,0,3,1,6,2,26,6,1364,1,11,-1,2,-1
2015160C07741,1,9,0,10,0,1,0,0,0,0,2,1,6,3,-1,-1,-1,-1,-1,-1,-1,-1
2015160C07751,1,9,0,18,0,0,0,0,0,0,1,1,6,1,45,7,1796,1,4,-1,1,-1