Accident_Index,Vehicle_Reference,Vehicle_Type,Towing_and_Articulation,Vehicle_Manoeuvre,Vehicle_Location-Restricted_Lane,Junction_Location,Skidding_and_Overturning,Hit_Object_in_Carriageway,Vehicle_Leaving_Carriageway,Hit_Object_off_Carriageway,1st_Point_of_Impact,Was_Vehicle_Left_Hand_Drive?,Journey_Purpose_of_Driver,Sex_of_Driver,Age_of_Driver,Age_Band_of_Driver,Engine_Capacity_(CC),Propulsion_Code,Age_of_Vehicle,Driver_IMD_Decile,Driver_Home_Area_Type,Vehicle_IMD_Decile
2015160C07751,2,9,0,18,0,0,0,0,0,0,1,1,6,2,24,5,973,1,12,-1,3,-1
2015160C07761,1,10,0,1,0,0,0,0,0,0,2,1,1,3,-1,-1,-1,-1,-1,-1,-1,-1
2015160C07771,1,9,0,17,0,2,1,0,1,3,1,1,6,1,23,5,1399,1,5,-1,1,-1
2015160C07781,1,9,0,12,0,2,0,0,0,0,4,1,6,2,42,7,-1,-1,-1,-1,1,-1
2015160C07781,2,4,0,18,0,2,0,0,1,11,3,1,6,1,25,5,124,1,10,-1,1,-1
2015160C07801,1,9,0,16,0,3,0,0,0,0,1,1,6,3,-1,-1,-1,-1,-1,-1,-1,-1
2015160C07811,1,9,0,9,0,5,0,0,0,0,1,1,6,1,53,8,1596,1,13,-1,2,-1
2015160C07821,1,9,0,3,0,1,0,0,0,0,2,1,6,2,22,5,-1,-1,-1,-1,3,-1
2015160C07821,2,9,0,18,0,1,0,0,0,0,1,1,6,1,50,8,1248,2,9,-1,1,-1
2015160C07831,1,9,0,18,0,0,1,10,7,4,4,1,6,1,18,4,1149,1,10,-1,3,-1
2015160C07841,1,9,0,7,0,1,0,0,1,11,3,1,6,1,22,5,-1,-1,-1,-1,1,-1
2015160C07841,2,9,0,18,0,2,0,0,0,0,3,1,6,1,23,5,1364,2,8,-1,1,-1
2015160C07851,1,9,0,18,0,0,0,0,0,0,1,1,6,1,35,6,1598,1,8,-1,1,-1
2015160C07851,2,9,0,4,0,0,0,0,0,0,2,1,6,2,51,8,1242,1,10,-1,3,-1
2015160C07861,1,9,0,18,0,8,0,0,0,0,1,1,6,1,61,9,1984,2,1,-1,2,-1
2015160C07861,2,9,0,5,0,6,0,0,0,0,1,1,6,1,80,11,1229,1,1,-1,3,-1
2015160C07861,3,9,0,3,0,1,0,0,0,0,3,1,6,2,51,8,1461,2,-1,-1,1,-1
2015160C07871,1,9,0,16,0,0,1,0,1,7,1,1,6,2,28,6,1560,2,5,-1,1,-1
2015160C07881,1,9,0,3,0,0,0,0,0,0,2,1,6,1,56,9,1956,2,1,-1,3,-1
2015160C07881,2,9,0,18,0,0,0,0,0,0,1,1,6,1,46,8,1896,2,14,-1,2,-1
2015160C07891,1,9,0,18,0,2,0,0,0,0,1,1,2,1,54,8,1198,1,4,-1,1,-1
2015160C07891,2,21,0,2,0,2,0,0,0,0,2,1,1,3,-1,-1,12740,2,3,-1,-1,-1
2015160C07901,1,19,0,9,0,4,0,0,0,0,1,1,1,1,55,8,-1,-1,-1,-1,3,-1
2015160C07901,2,1,0,18,0,8,0,0,0,0,4,1,6,2,51,8,-1,-1,-1,-1,2,-1
2015160C07911,1,9,0,18,0,0,0,0,1,0,1,1,6,1,86,11,1596,1,5,-1,3,-1
2015160C07911,2,21,0,18,0,0,0,0,0,0,2,1,1,1,48,8,12900,2,5,-1,1,-1
2015160C07921,1,9,0,18,0,0,0,0,0,0,1,1,6,2,50,8,1242,1,11,-1,1,-1
2015160C07921,2,22,0,18,0,0,0,0,0,0,1,1,6,2,48,8,-1,-1,-1,-1,1,-1
2015160C07931,1,9,0,17,0,0,2,0,1,10,1,1,6,1,21,5,998,1,4,-1,1,-1
2015160C07941,1,9,0,4,0,0,0,0,0,0,2,1,6,2,24,5,1968,2,9,-1,3,-1
2015160C07941,2,9,0,18,0,0,0,0,0,0,1,1,6,1,27,6,-1,-1,-1,-1,1,-1
2015160C07951,1,9,0,3,0,1,0,0,0,0,2,1,6,2,43,7,1973,1,15,-1,2,-1
2015160C07951,2,9,0,18,0,1,0,0,0,0,1,1,6,1,26,6,1598,2,1,-1,2,-1
2015160C07961,1,9,0,18,0,0,0,0,0,0,1,1,6,2,37,7,1910,2,9,-1,3,-1
2015160C07961,2,9,0,2,0,0,0,0,0,0,2,1,6,3,-1,-1,1596,1,10,-1,-1,-1
2015160C07971,1,9,0,1,0,0,0,0,0,0,2,1,6,2,69,10,1339,1,7,-1,1,-1
2015160C07981,1,9,0,9,0,6,1,10,1,1,1,1,6,1,26,6,1769,1,11,-1,1,-1
2015160C07991,1,9,0,18,0,1,0,0,0,0,1,1,1,2,29,6,1328,1,2,-1,1,-1
2015160C07991,2,2,0,3,0,1,0,0,0,0,2,1,6,1,16,4,49,1,-1,-1,1,-1
2015160C07991,3,9,0,3,0,1,0,0,0,0,2,1,6,2,57,9,1299,1,8,-1,2,-1
2015160C08001,1,3,0,16,0,0,0,0,7,10,3,1,2,1,26,6,125,1,-1,-1,1,-1
2015160C08011,1,9,0,9,0,5,0,0,0,0,1,1,6,1,73,10,1299,1,19,-1,1,-1
2015160C08011,2,9,0,18,0,8,1,0,0,0,3,1,6,2,26,6,1388,1,7,-1,1,-1
2015160C08021,1,9,0,18,0,0,0,0,0,0,0,1,2,2,54,8,1240,1,11,-1,2,-1
2015160C08021,2,4,0,18,0,0,1,0,0,0,4,1,6,1,17,4,124,1,16,-1,2,-1
2015160C08031,1,9,0,17,0,0,0,0,0,0,1,1,1,1,29,6,1948,1,14,-1,-1,-1
2015160C08031,2,9,0,16,0,0,0,0,0,0,1,1,1,1,57,9,1598,1,5,-1,2,-1
2015160C08041,1,1,0,18,0,8,0,0,0,0,1,1,6,1,43,7,-1,-1,-1,-1,2,-1
2015160C08041,2,9,0,9,0,5,0,0,0,0,4,1,6,1,65,9,1995,1,13,-1,2,-1
2015160C08051,1,9,0,10,0,8,0,0,0,0,2,1,6,1,54,8,1896,2,7,-1,-1,-1
2015160C08051,2,9,0,4,0,1,0,0,0,0,2,1,6,2,41,7,1560,2,9,-1,2,-1
2015160C08051,3,9,0,18,0,1,0,0,0,0,1,1,6,1,34,6,1598,2,3,-1,2,-1
2015160C08061,1,9,0,3,0,0,0,0,0,0,2,1,6,2,84,11,1598,1,6,-1,2,-1
2015160C08061,2,9,0,18,0,0,0,0,0,0,1,1,1,1,31,6,1598,2,3,-1,3,-1
2015160C08071,1,9,0,18,0,0,0,0,0,0,1,1,2,1,40,7,1998,2,9,-1,1,-1
2015160C08071,2,21,1,12,0,0,0,0,0,0,2,1,1,1,58,9,12740,2,2,-1,1,-1
2015160C08081,1,9,0,18,0,2,0,0,0,0,1,1,6,1,63,9,3980,1,20,-1,1,-1
2015160C08081,2,21,0,18,0,2,0,0,0,0,3,1,1,1,61,9,12900,2,6,-1,1,-1
2015160D00011,1,9,0,18,0,0,0,0,0,0,2,1,6,2,35,6,1390,1,3,-1,1,-1
2015160D00011,2,21,0,11,0,0,0,0,0,0,1,1,6,1,36,7,12740,2,5,-1,2,-1
2015160D00021,1,9,0,4,0,1,0,0,0,0,2,1,6,1,32,6,1596,1,8,-1,1,-1
2015160D00021,2,9,0,18,0,1,0,0,0,0,1,1,6,1,90,11,1395,1,1,-1,2,-1
2015160D00031,1,1,0,9,0,6,0,0,0,0,0,1,1,1,46,8,-1,-1,-1,-1,1,-1
2015160D00031,2,2,0,18,0,8,0,0,0,0,0,1,1,2,18,4,49,1,1,-1,1,-1
2015160D00051,1,9,0,1,0,0,0,0,0,0,2,1,6,2,53,8,1598,1,1,-1,1,-1
2015160D00051,2,9,0,2,0,0,0,0,0,0,3,1,6,3,-1,-1,1242,1,2,-1,-1,-1
2015160D00051,3,9,0,2,0,0,0,0,0,0,2,1,6,3,-1,-1,1997,2,11,-1,-1,-1
2015160D00051,4,9,0,2,0,0,0,0,0,0,1,1,6,3,-1,-1,1997,2,4,-1,-1,-1
2015160D00061,1,9,0,9,0,5,0,0,0,0,1,1,6,1,20,4,-1,-1,-1,-1,3,-1
2015160D00061,2,9,0,18,0,8,0,0,0,0,1,1,2,2,24,5,1339,8,7,-1,1,-1
2015160D00071,1,19,0,5,0,4,0,0,0,0,3,1,2,1,31,6,1560,2,1,-1,1,-1
2015160D00071,2,4,0,18,0,8,0,0,0,0,1,1,2,1,22,5,124,1,4,-1,1,-1
2015160D00081,1,9,0,7,0,6,0,0,0,0,3,1,6,1,23,5,1149,1,13,-1,1,-1
2015160D00081,2,1,0,18,0,8,0,0,0,0,1,1,6,1,21,5,-1,-1,-1,-1,1,-1
2015160D00091,1,21,0,18,0,1,0,0,0,0,1,1,1,1,29,6,10837,2,1,-1,1,-1
2015160D00091,2,8,0,7,0,5,0,0,0,0,2,1,1,1,46,8,1753,2,7,-1,1,-1
2015160D00091,3,9,0,8,0,1,0,0,0,0,3,1,6,2,38,7,1560,2,1,-1,1,-1
2015160D00101,1,9,0,9,0,6,0,0,0,0,1,1,6,2,63,9,1598,1,6,-1,1,-1
2015160D00101,2,1,0,18,0,8,0,0,0,0,4,1,6,2,66,10,-1,-1,-1,-1,1,-1
2015160D00111,1,8,0,9,0,6,0,0,0,0,1,1,6,1,62,9,1560,2,8,-1,1,-1
2015160D00131,1,9,0,5,0,4,0,0,0,0,3,1,2,1,49,8,1598,1,14,-1,2,-1
2015160D00131,2,1,0,18,0,8,0,0,0,0,1,1,6,1,35,6,-1,-1,-1,-1,1,-1
2015160D00141,1,9,0,7,0,3,0,0,0,0,4,1,6,2,71,10,1560,2,6,-1,1,-1
2015160D00141,2,1,0,9,0,8,0,0,0,0,1,1,6,1,47,8,-1,-1,-1,-1,1,-1
2015160D00151,1,8,0,5,0,0,0,0,0,0,3,1,1,1,25,5,1910,2,7,-1,1,-1
2015160D00161,1,9,0,18,0,0,0,0,0,0,1,1,6,2,41,7,1398,1,10,-1,1,-1
2015160D00171,1,8,0,18,0,4,0,0,0,0,3,1,1,1,46,8,1910,2,9,-1,1,-1
2015160D00171,2,1,0,9,0,8,0,0,0,0,2,1,6,1,47,8,-1,-1,-1,-1,1,-1
2015160D00181,1,11,0,5,0,6,0,0,0,0,0,1,1,1,43,7,8871,2,13,-1,1,-1
2015160D00191,1,3,0,18,2,0,0,0,0,0,1,1,2,1,23,5,108,1,1,-1,1,-1
2015160D00201,1,1,0,17,0,8,0,0,0,0,1,1,2,1,19,4,-1,-1,-1,-1,1,-1
2015160D00201,2,9,0,7,0,3,0,0,0,0,3,1,6,1,32,6,1839,1,11,-1,1,-1
2015160D00211,1,9,0,16,0,0,0,0,0,0,3,1,6,2,31,6,1248,2,4,-1,1,-1
2015160D00211,2,21,0,11,0,0,0,0,0,0,4,1,1,1,43,7,12580,2,10,-1,1,-1
2015160D00221,1,9,0,18,0,8,0,0,0,0,3,1,6,1,31,6,2902,2,13,-1,1,-1
2015160D00221,2,8,0,9,0,6,0,0,0,0,1,1,1,1,44,7,1997,2,6,-1,1,-1
2015160D00231,1,9,0,4,0,1,0,0,0,0,1,1,6,1,20,4,1590,1,12,-1,1,-1
2015160D00231,2,9,0,3,0,1,0,0,0,0,2,1,1,2,33,6,1198,1,7,-1,1,-1
2015160D00241,1,9,0,4,0,0,0,0,0,0,1,1,6,2,42,7,1560,2,5,-1,1,-1
2015160D00251,1,9,0,18,0,8,0,0,0,0,4,1,1,1,54,8,1560,2,4,-1,1,-1
2015160D00251,2,2,0,5,0,6,0,0,0,0,1,1,2,2,17,4,50,1,3,-1,1,-1
2015160D00261,1,9,0,18,0,8,0,0,0,0,1,1,6,2,38,7,1360,1,8,-1,1,-1
2015160D00261,2,9,0,9,0,6,0,0,0,0,3,1,6,1,29,6,1124,1,11,-1,1,-1
2015160D00271,1,9,0,18,0,0,0,4,0,0,2,1,6,1,54,8,-1,-1,-1,-1,1,-1
2015160D00271,2,9,0,2,0,0,0,0,0,0,1,1,6,3,-1,-1,-1,-1,-1,-1,-1,-1
2015160D00271,3,9,0,2,0,0,0,0,0,0,1,1,6,3,-1,-1,1968,2,2,-1,-1,-1
2015160D00281,1,9,0,3,0,1,0,0,0,0,2,1,2,1,33,6,2198,1,9,-1,2,-1
2015160D00281,2,9,0,3,0,1,0,0,0,0,2,1,6,1,46,8,998,1,5,-1,1,-1
2015160D00281,3,9,0,18,0,1,0,0,0,0,1,1,6,2,37,7,1794,1,12,-1,1,-1
2015160D00291,1,9,0,2,0,0,0,0,0,0,3,1,6,1,33,6,2231,2,8,-1,1,-1
2015160D00291,2,1,0,18,0,0,0,0,0,0,1,1,6,1,34,6,-1,-1,-1,-1,1,-1
2015160D00301,1,9,0,2,0,0,0,0,0,0,1,1,6,1,48,8,1598,1,3,-1,1,-1
2015160D00301,2,9,0,18,0,0,0,0,0,0,1,1,6,3,-1,-1,-1,-1,-1,-1,-1,-1
2015160D00301,3,9,0,2,0,0,0,0,0,0,2,1,6,3,-1,-1,1296,1,8,-1,-1,-1
2015160D00301,4,9,0,2,0,0,0,0,0,0,2,1,6,3,-1,-1,1598,2,2,-1,-1,-1
2015160D00311,1,9,0,11,2,1,0,0,0,0,4,1,2,1,36,7,1995,2,4,-1,1,-1
2015160D00311,2,4,0,18,2,1,0,0,0,0,3,1,2,1,42,7,124,1,3,-1,3,-1
2015160D00321,1,11,0,18,0,0,0,0,0,0,0,1,1,1,26,6,6871,2,5,-1,1,-1
2015160D00341,1,1,0,18,0,3,0,0,0,0,2,1,6,1,29,6,-1,-1,-1,-1,1,-1
2015160D00341,2,9,0,18,0,4,0,0,0,0,1,1,6,3,-1,-1,-1,-1,-1,-1,-1,-1
2015160D00351,1,9,0,10,0,8,0,0,0,0,2,1,6,1,31,6,2926,2,13,-1,1,-1
2015160D00351,2,9,0,15,0,8,0,0,0,0,1,1,6,1,35,6,-1,-1,-1,-1,1,-1
2015160D00361,1,9,0,7,0,8,0,0,0,0,1,1,2,1,30,6,1598,1,3,-1,1,-1
2015160D00361,2,1,0,18,0,8,0,0,0,0,2,1,1,1,30,6,-1,-1,-1,-1,1,-1
2015160D00371,1,9,0,18,0,3,1,0,0,0,1,1,6,1,67,10,3222,2,12,-1,2,-1
2015160D00371,2,9,0,18,0,3,0,0,0,0,2,1,6,2,44,7,2231,2,9,-1,3,-1
2015160D00381,1,9,0,9,0,8,0,0,0,0,3,1,6,1,46,8,1248,1,3,-1,1,-1
2015160D00381,2,3,0,18,0,8,0,0,0,0,3,1,6,1,20,4,-1,-1,-1,-1,1,-1
2015160D00391,1,9,0,3,0,0,0,0,0,0,2,1,6,1,23,5,1975,1,6,-1,1,-1
2015160D00391,2,9,0,3,0,0,0,0,0,0,2,1,6,1,36,7,1242,1,8,-1,2,-1
2015160D00391,3,9,0,3,0,0,0,0,0,0,2,1,6,2,24,5,-1,-1,-1,-1,1,-1
2015160D00391,4,9,0,3,0,0,0,0,0,0,2,1,6,1,38,7,1560,2,8,-1,3,-1
2015160D00391,5,9,0,3,0,0,0,0,0,0,2,1,6,1,50,8,1598,1,1,-1,1,-1
2015160D00391,6,9,0,3,0,0,0,0,0,0,1,1,6,2,22,5,-1,-1,-1,-1,3,-1
2015160D00401,1,19,0,18,0,0,0,0,0,0,3,1,6,1,58,9,1560,2,3,-1,1,-1
2015160D00411,1,9,0,6,0,5,1,10,7,4,3,1,6,2,59,9,1198,1,5,-1,2,-1
2015160D00411,2,19,0,18,0,8,1,10,7,0,1,1,6,1,34,6,1560,2,5,-1,1,-1
2015160D00421,1,9,0,16,0,8,1,0,0,0,3,1,6,1,25,5,1679,1,15,-1,1,-1
2015160D00421,2,9,0,17,0,8,0,0,0,0,3,1,6,2,40,7,1596,1,15,-1,1,-1
2015160D00431,1,9,0,5,0,6,0,0,0,0,3,1,6,3,-1,-1,-1,-1,-1,-1,-1,-1
2015160D00431,2,1,0,18,0,8,0,0,0,0,4,1,3,2,30,6,-1,-1,-1,-1,1,-1
2015160D00441,1,11,0,4,0,1,0,0,0,0,0,1,1,1,50,8,7300,2,13,-1,1,-1
2015160D00451,1,1,0,18,0,8,0,0,0,0,2,1,6,1,25,5,-1,-1,-1,-1,1,-1
2015160D00451,2,9,0,5,0,6,0,0,0,0,1,1,6,2,59,9,1598,1,10,-1,1,-1
2015160D00461,1,9,0,9,0,1,0,0,0,0,4,1,6,1,59,9,1685,2,1,-1,1,-1
2015160D00461,2,3,0,18,0,1,0,0,0,0,1,1,6,1,18,4,124,1,8,-1,3,-1
2015160D00481,1,19,0,9,0,8,0,0,0,0,1,1,2,1,34,6,2198,2,1,-1,1,-1
2015160D00481,2,9,0,18,0,8,0,0,0,0,3,1,2,2,23,5,1242,1,11,-1,1,-1
2015160D00491,1,9,0,17,0,0,0,0,2,1,1,1,6,1,25,5,998,1,10,-1,1,-1
2015160D00511,1,1,0,18,0,8,0,0,0,0,3,1,6,2,18,4,-1,-1,-1,-1,1,-1
2015160D00511,2,10,0,18,0,8,0,0,0,0,1,1,6,1,-1,-1,-1,-1,-1,-1,-1,-1
2015160D00521,1,9,0,18,0,0,0,0,0,0,0,1,6,1,22,5,1242,1,11,-1,1,-1
2015160D00531,1,9,0,9,0,8,0,0,0,0,3,1,6,2,22,5,1360,1,8,-1,1,-1
2015160D00531,2,9,0,9,0,8,0,0,0,0,1,1,6,2,55,8,-1,-1,-1,-1,1,-1
2015160D00541,1,9,0,9,0,8,0,0,0,0,3,1,2,2,58,9,1587,1,9,-1,1,-1
2015160D00541,2,4,0,18,0,1,0,0,0,0,1,1,6,1,19,4,125,1,3,-1,1,-1
2015160D00551,1,4,0,17,0,0,1,0,1,0,3,1,6,1,31,6,249,1,15,-1,1,-1
2015160D00551,2,9,0,2,0,0,0,0,0,0,4,1,6,1,-1,-1,1896,2,9,-1,1,-1
2015160D00561,1,3,0,18,9,0,0,0,0,0,4,1,6,3,-1,-1,-1,-1,-1,-1,-1,-1
2015160D00571,1,9,0,14,0,0,0,0,0,0,4,1,6,3,-1,-1,1910,2,9,-1,-1,-1
2015160D00571,2,9,0,2,0,0,0,0,0,0,3,1,6,1,58,9,1398,1,12,-1,1,-1
2015160D00581,1,9,0,11,0,0,0,0,0,0,4,1,6,1,29,6,-1,-1,-1,-1,1,-1
2015160D00581,2,9,0,18,0,0,0,0,0,0,3,1,6,1,34,6,1598,1,13,-1,1,-1
2015160D00591,1,9,0,18,0,6,0,0,0,0,4,1,1,1,66,10,1997,2,3,-1,1,-1
2015160D00591,2,8,0,7,0,8,0,0,0,0,1,1,1,1,-1,-1,1997,2,6,-1,-1,-1
2015160D00601,1,11,0,18,0,0,0,0,0,0,3,1,1,1,52,8,7300,2,13,-1,1,-1
2015160D00611,1,9,0,18,0,4,0,0,0,0,1,1,6,2,49,8,1685,2,2,-1,2,-1
2015160D00611,2,4,0,18,0,8,0,0,0,0,1,1,4,1,25,5,124,1,7,-1,1,-1
2015160D00621,1,9,0,18,0,2,0,0,0,0,1,1,2,1,62,9,1339,1,12,-1,1,-1
2015160D00631,1,9,0,18,0,0,0,0,0,0,4,1,6,1,28,6,1240,1,6,-1,1,-1
2015160D00631,2,1,0,12,0,0,0,0,0,0,1,1,6,1,36,7,-1,-1,-1,-1,1,-1
2015160D00641,1,9,0,18,0,0,0,0,0,0,1,1,6,1,41,7,1796,1,-1,-1,1,-1
2015160D00641,2,9,0,3,0,0,0,0,0,0,2,1,6,2,21,5,1149,1,10,-1,2,-1
2015160D00651,1,9,0,9,0,4,0,0,0,0,3,1,6,1,28,6,-1,-1,-1,-1,1,-1
2015160D00651,2,9,0,18,0,8,0,0,0,0,1,1,6,1,52,8,1796,1,9,-1,1,-1
2015160D00661,1,4,0,9,0,0,1,0,0,0,1,1,6,1,48,8,-1,-1,-1,-1,1,-1
2015160D00661,2,9,0,18,0,0,0,0,0,0,3,1,6,2,28,6,1587,1,8,-1,1,-1
2015160D00681,1,9,0,13,0,2,0,0,0,0,1,1,6,3,-1,-1,-1,-1,-1,-1,-1,-1
2015160D00681,2,1,0,14,0,2,0,0,0,0,2,1,6,1,53,8,-1,-1,-1,-1,1,-1
2015160D00691,1,4,0,7,0,5,1,0,0,0,3,1,6,1,47,8,124,1,8,-1,1,-1
2015160D00691,2,9,0,7,0,5,0,0,0,0,0,1,6,1,57,9,1360,1,15,-1,1,-1
2015160D00701,1,9,0,9,0,8,0,0,0,0,3,1,6,2,42,7,1560,2,2,-1,-1,-1
2015160D00701,2,1,0,18,0,8,0,0,0,0,1,1,2,2,46,8,-1,-1,-1,-1,1,-1
2015160D00711,1,9,0,18,0,8,0,0,0,0,3,1,6,1,84,11,1229,1,6,-1,1,-1
2015160D00711,2,1,0,18,0,8,0,0,0,0,1,1,6,1,57,9,-1,-1,-1,-1,3,-1
2015160D00721,1,1,0,18,0,8,0,0,0,0,1,1,6,1,26,6,-1,-1,-1,-1,-1,-1
2015160D00721,2,9,0,9,0,8,0,0,0,0,1,1,6,2,-1,-1,1386,1,3,-1,-1,-1
2015160D00731,1,9,0,18,0,6,0,0,0,0,3,1,6,1,40,7,1598,1,9,-1,1,-1
2015160D00731,2,9,0,18,0,2,0,0,0,0,4,1,6,1,38,7,1598,1,4,-1,1,-1
2015160D00741,1,9,0,7,0,8,0,0,0,0,1,1,1,1,-1,-1,1997,2,13,-1,-1,-1
2015160D00741,2,1,0,18,0,2,0,0,0,0,2,1,6,1,23,5,-1,-1,-1,-1,1,-1
2015160D00751,1,9,0,18,0,0,0,0,0,0,1,1,6,2,21,5,-1,-1,-1,-1,1,-1
2015160D00751,2,9,0,4,0,0,0,0,0,0,2,1,6,2,50,8,1199,1,11,-1,1,-1
2015160D00751,3,9,0,4,0,0,0,0,0,0,2,1,6,1,30,6,-1,-1,-1,-1,1,-1
2015160D00751,4,9,0,4,0,0,0,0,0,0,2,1,6,2,34,6,1206,1,5,-1,1,-1
2015160D00761,1,9,0,9,0,8,0,0,0,0,1,1,6,3,-1,-1,1398,2,10,-1,-1,-1
2015160D00761,2,9,0,18,0,8,0,0,0,0,2,1,6,2,30,6,1398,2,1,-1,1,-1
2015160D00771,1,9,0,18,0,8,0,0,0,0,4,1,6,2,59,9,-1,-1,-1,-1,1,-1
2015160D00771,2,9,0,18,0,8,0,0,0,0,1,1,6,2,25,5,1360,1,8,-1,1,-1
2015160D00781,1,3,0,18,0,8,0,0,0,0,1,1,6,1,50,8,-1,-1,-1,-1,1,-1
2015160D00781,2,8,0,9,0,8,0,0,0,0,1,1,1,1,54,8,1998,2,9,-1,1,-1
2015160D00791,1,9,0,18,0,0,1,0,0,0,1,1,6,1,35,6,2198,2,8,-1,1,-1
2015160D00791,2,9,0,3,0,0,0,0,0,0,2,1,6,1,40,7,1988,1,14,-1,1,-1
2015160D00801,1,9,0,5,0,6,0,0,0,0,3,1,6,1,72,10,-1,-1,-1,-1,1,-1
2015160D00801,2,2,0,18,0,8,0,0,0,0,4,1,6,1,22,5,-1,-1,-1,-1,1,-1
2015160D00811,1,1,0,18,0,1,0,0,0,0,1,1,1,1,35,6,-1,-1,-1,-1,1,-1
2015160D00811,2,19,0,18,0,6,0,0,0,0,1,1,1,1,65,9,-1,-1,-1,-1,1,-1
2015160D00821,1,9,0,18,0,0,0,0,0,0,3,1,2,2,53,8,-1,-1,-1,-1,1,-1
2015160D00831,1,19,0,18,0,3,0,0,0,0,1,1,6,1,41,7,1870,2,12,-1,1,-1
2015160D00831,2,9,0,18,0,3,0,0,0,0,2,1,6,2,40,7,998,1,19,-1,1,-1
2015160D00841,1,9,0,3,0,2,0,0,0,0,2,1,1,1,44,7,2993,2,3,-1,1,-1
2015160D00841,2,9,0,18,0,2,0,0,0,0,1,1,6,2,20,4,1199,1,12,-1,1,-1
2015160D00851,1,11,0,4,0,0,0,0,0,0,3,1,1,1,59,9,-1,2,5,-1,2,-1
2015160D00861,1,9,0,5,0,0,0,0,0,0,4,1,6,3,28,6,1598,1,2,-1,1,-1
2015160D00861,2,9,0,18,0,0,0,0,1,1,3,1,3,2,29,6,1124,1,14,-1,1,-1
2015160D00871,1,5,0,18,0,1,0,0,0,0,4,1,6,1,55,8,647,1,13,-1,2,-1
2015160D00881,1,9,0,5,0,4,0,0,0,0,1,1,6,2,43,7,1596,1,9,-1,1,-1
2015160D00881,2,1,0,18,0,3,0,0,0,0,2,1,6,1,26,6,-1,-1,-1,-1,1,-1
2015160D00891,1,9,0,9,0,5,0,0,0,0,4,1,6,3,-1,-1,-1,-1,-1,-1,-1,-1
2015160D00891,2,1,0,18,0,8,0,0,0,0,1,1,6,1,55,8,-1,-1,-1,-1,1,-1
2015160D00901,1,9,0,7,0,6,0,0,0,0,1,1,6,3,-1,-1,-1,-1,-1,-1,-1,-1
2015160D00911,1,21,1,4,0,1,0,0,0,0,1,1,1,1,47,8,12900,2,4,-1,1,-1
2015160D00911,2,9,0,3,0,1,0,0,0,0,2,1,6,1,34,6,1398,1,3,-1,1,-1
2015160D00911,3,9,0,3,0,1,0,0,0,0,2,1,6,2,65,9,1329,1,-1,-1,2,-1
2015160D00921,1,3,0,16,0,0,1,0,0,0,4,1,2,1,21,5,124,1,1,-1,1,-1
2015160D00931,1,9,0,16,0,2,1,0,1,1,1,1,6,2,41,7,1997,1,12,-1,1,-1
2015160D00941,1,9,0,3,0,0,0,0,0,0,2,1,6,1,49,8,-1,-1,-1,-1,3,-1
2015160D00941,2,9,0,18,0,0,0,0,0,0,2,1,6,1,48,8,1598,1,5,-1,1,-1
2015160D00941,3,19,0,18,0,0,0,0,0,0,2,1,1,1,37,7,-1,-1,-1,-1,-1,-1
2015160D00941,4,21,0,18,0,0,0,0,0,0,1,1,1,1,25,5,-1,-1,-1,-1,-1,-1
2015160D00951,1,9,0,2,0,0,0,0,0,0,0,1,6,3,-1,-1,1596,1,8,-1,-1,-1
2015160D00951,2,9,0,14,0,0,0,0,0,0,1,1,6,1,64,9,1995,2,7,-1,2,-1
2015160D00961,1,9,0,7,0,8,0,0,0,0,1,1,6,2,37,7,999,1,6,-1,1,-1
2015160D00961,2,1,0,18,0,8,0,0,0,0,3,1,6,2,40,7,-1,-1,-1,-1,1,-1
2015160D00971,1,9,0,18,0,0,0,0,0,0,4,1,6,1,67,10,1968,2,2,-1,1,-1
2015160D00981,1,9,0,9,0,8,0,0,0,0,1,1,6,1,46,8,-1,-1,-1,-1,1,-1
2015160D00981,2,9,0,18,0,8,0,0,0,0,4,1,6,1,35,6,-1,-1,-1,-1,1,-1
2015160D00991,1,9,0,18,0,8,0,0,0,0,3,1,2,1,27,6,1956,2,4,-1,2,-1
2015160D00991,2,2,0,9,0,8,0,0,0,0,4,1,2,1,16,4,49,1,2,-1,2,-1
2015160D01001,1,9,0,18,0,1,0,0,0,0,1,1,6,1,57,9,2996,8,-1,-1,1,-1
2015160D01001,2,1,0,3,0,1,0,0,0,0,2,1,6,1,41,7,-1,-1,-1,-1,3,-1
2015160D01011,1,11,0,5,8,0,0,0,0,0,0,1,1,1,52,8,9360,2,6,-1,1,-1
2015160D01021,1,9,0,9,0,6,0,0,0,0,1,1,6,2,50,8,1388,1,7,-1,1,-1
2015160D01031,1,9,0,18,0,0,0,0,0,0,4,1,2,2,61,9,1339,1,8,-1,1,-1
2015160D01041,1,19,0,13,0,1,0,0,0,0,4,1,6,1,45,7,2143,2,5,-1,1,-1
2015160D01041,2,9,0,9,0,8,0,0,0,0,3,1,6,2,50,8,1124,1,11,-1,1,-1
2015160D01051,1,9,0,9,0,6,0,0,0,0,3,1,6,1,67,10,1461,2,1,-1,1,-1
2015160D01051,2,3,0,18,0,8,0,0,0,0,1,1,6,1,35,6,124,1,1,-1,1,-1
2015160D01061,1,9,0,18,0,8,0,0,0,0,1,1,6,1,55,8,1685,2,1,-1,1,-1
2015160D01061,2,9,0,18,0,6,0,0,0,0,4,1,6,2,43,7,-1,-1,-1,-1,1,-1
2015160D01071,1,9,0,18,0,1,0,0,0,0,1,1,1,2,43,7,1796,7,10,-1,3,-1
2015160D01071,2,9,0,3,0,1,0,0,0,0,2,1,6,1,-1,-1,1149,1,5,-1,2,-1
2015160D01071,3,9,0,3,0,1,0,0,0,0,2,1,6,2,17,4,1149,1,15,-1,2,-1
2015160D01071,4,9,0,3,0,1,0,0,0,0,2,1,6,1,54,8,1995,2,6,-1,1,-1