Accident_Index,Vehicle_Reference,Vehicle_Type,Towing_and_Articulation,Vehicle_Manoeuvre,Vehicle_Location-Restricted_Lane,Junction_Location,Skidding_and_Overturning,Hit_Object_in_Carriageway,Vehicle_Leaving_Carriageway,Hit_Object_off_Carriageway,1st_Point_of_Impact,Was_Vehicle_Left_Hand_Drive?,Journey_Purpose_of_Driver,Sex_of_Driver,Age_of_Driver,Age_Band_of_Driver,Engine_Capacity_(CC),Propulsion_Code,Age_of_Vehicle,Driver_IMD_Decile,Driver_Home_Area_Type,Vehicle_IMD_Decile
2015160D05451,1,9,0,7,0,6,0,0,0,0,1,1,2,2,29,6,1560,2,7,-1,1,-1
2015160D05451,2,1,0,18,0,8,0,0,0,0,4,1,2,1,29,6,-1,-1,-1,-1,1,-1
2015160D05461,1,4,0,18,0,8,0,0,0,0,1,1,6,1,48,8,124,1,7,-1,1,-1
2015160D05461,2,1,0,9,0,6,0,0,0,0,3,1,6,3,-1,-1,-1,-1,-1,-1,-1,-1
2015160D05471,1,9,0,7,0,8,0,0,0,0,1,1,6,1,31,6,1587,1,7,-1,3,-1
2015160D05481,1,9,0,7,5,6,0,0,0,0,1,1,1,1,26,6,1398,1,4,-1,1,-1
2015160D05481,2,1,0,18,5,8,0,0,0,0,1,1,4,1,13,3,-1,-1,-1,-1,1,-1
2015160D05491,1,9,0,7,0,8,0,0,0,0,3,1,2,2,22,5,1242,1,4,-1,1,-1
2015160D05491,2,1,0,7,0,8,0,0,0,0,1,1,2,1,46,8,-1,-1,-1,-1,1,-1
2015160D05501,1,9,0,18,0,1,0,0,0,0,4,1,6,1,34,6,1560,2,9,-1,1,-1
2015160D05501,2,9,0,12,0,1,0,0,0,0,3,1,6,3,-1,-1,-1,-1,-1,-1,-1,-1
2015160D05511,1,9,0,18,0,1,1,0,0,0,1,1,6,1,77,11,1598,1,16,-1,1,-1
2015160D05521,1,9,0,7,0,5,0,0,0,0,1,1,2,2,44,7,1360,1,12,-1,1,-1
2015160D05521,2,2,0,18,0,8,0,0,0,0,3,1,6,1,53,8,-1,-1,-1,-1,1,-1
2015160D05531,1,19,0,9,0,5,0,0,0,0,1,1,1,1,42,7,2143,2,4,-1,1,-1
2015160D05531,2,1,0,18,0,8,0,0,0,0,1,1,1,2,39,7,-1,-1,-1,-1,1,-1
2015160D05541,1,9,0,4,0,1,0,0,0,0,1,1,6,2,25,5,1248,2,10,-1,1,-1
2015160D05541,2,9,0,3,0,1,0,0,0,0,2,1,6,1,57,9,1360,1,8,-1,1,-1
2015160D05551,1,9,0,9,0,6,0,0,0,0,1,1,6,1,49,8,1587,1,9,-1,1,-1
2015160D05561,1,9,0,18,0,8,0,0,0,0,1,1,6,1,64,9,1149,1,3,-1,1,-1
2015160D05571,1,9,0,18,0,2,0,0,0,0,1,1,6,1,67,10,1796,1,6,-1,3,-1
2015160D05581,1,9,0,9,0,5,0,0,0,0,4,1,6,1,78,11,1560,2,5,-1,3,-1
2015160D05581,2,9,0,18,0,8,0,0,0,0,1,1,2,1,19,4,998,1,8,-1,1,-1
2015160D05591,1,9,0,18,0,0,0,0,0,0,1,1,2,2,26,6,1149,1,11,-1,1,-1
2015160D05601,1,9,0,3,0,1,0,0,0,0,2,1,6,2,24,5,1389,1,12,-1,1,-1
2015160D05601,2,9,0,3,0,1,0,0,0,0,2,1,1,1,49,8,1332,1,8,-1,3,-1
2015160D05601,3,9,0,4,0,1,0,0,0,0,1,1,6,2,35,6,1796,1,8,-1,3,-1
2015160D05601,4,9,0,3,0,1,0,0,0,0,1,1,1,2,41,7,1997,2,7,-1,1,-1
2015160D05611,1,9,0,9,0,5,0,0,0,0,3,1,6,2,35,6,998,1,15,-1,1,-1
2015160D05611,2,9,0,13,0,8,0,0,0,0,1,1,6,2,48,8,1206,1,6,-1,2,-1
2015160D05621,1,4,0,18,0,8,0,0,0,0,3,1,6,1,32,6,599,1,17,-1,1,-1
2015160D05621,2,9,0,7,0,5,0,0,0,0,1,1,6,1,26,6,1686,2,10,-1,1,-1
2015160D05631,1,9,0,18,0,8,0,0,0,0,1,1,6,1,20,4,1360,1,12,-1,1,-1
2015160D05631,2,9,0,18,0,8,0,0,0,0,2,1,6,1,37,7,1896,2,13,-1,1,-1
2015160D05631,3,9,0,18,0,6,0,0,7,0,3,1,6,1,48,8,1364,1,8,-1,1,-1
2015160D05641,1,9,0,5,0,2,0,0,0,0,3,1,6,1,34,6,1242,1,6,-1,1,-1
2015160D05651,1,9,0,9,0,2,0,0,0,0,1,1,6,1,66,10,1560,2,5,-1,1,-1
2015160D05651,2,9,0,9,0,2,0,0,0,0,2,1,6,2,28,6,995,1,3,-1,1,-1
2015160D05661,1,9,0,7,0,5,0,0,0,0,2,1,6,2,21,5,1388,1,1,-1,1,-1
2015160D05661,2,8,0,7,0,5,0,0,0,0,1,1,6,1,36,7,-1,-1,-1,-1,1,-1
2015160D05671,1,9,0,18,0,0,0,0,0,0,4,1,6,3,-1,-1,-1,-1,-1,-1,-1,-1
2015160D05681,1,9,0,18,0,0,0,0,0,0,4,1,6,1,49,8,1796,1,10,-1,1,-1
2015160D05691,1,5,0,13,0,0,0,0,0,0,1,1,6,1,19,4,738,1,12,-1,2,-1
2015160D05691,2,9,0,12,0,0,0,0,0,0,2,1,2,2,59,9,1598,1,13,-1,1,-1
2015160D05701,1,9,0,18,0,0,0,0,0,0,1,1,6,1,60,9,1910,2,8,-1,1,-1
2015160D05711,1,9,0,2,0,0,0,0,0,0,3,1,6,1,24,5,1390,1,12,-1,1,-1
2015160D05711,2,1,0,18,0,0,1,0,0,0,1,1,6,2,37,7,-1,-1,-1,-1,1,-1
2015160D05721,1,9,0,9,0,5,0,0,0,0,1,1,3,2,49,8,1598,1,15,-1,1,-1
2015160D05721,2,2,0,13,0,1,0,0,0,0,3,1,6,1,20,4,124,1,7,-1,1,-1
2015160D05731,1,8,0,18,0,0,0,0,0,0,1,1,1,1,37,7,1910,2,11,-1,1,-1
2015160D05741,1,10,0,18,0,8,0,7,0,0,1,1,1,1,35,6,-1,-1,-1,-1,-1,-1
2015160D05741,2,9,0,18,0,8,0,0,0,0,1,1,6,2,27,6,1598,1,13,-1,1,-1
2015160D05751,1,9,0,18,0,5,0,0,0,0,4,1,6,1,18,4,1198,1,2,-1,1,-1
2015160D05751,2,1,0,18,0,8,0,0,0,0,3,1,6,1,42,7,-1,-1,-1,-1,2,-1
2015160D05761,1,19,0,18,0,8,0,0,0,0,3,1,1,1,59,9,-1,-1,-1,-1,1,-1
2015160D05771,1,4,0,14,0,1,0,0,0,0,1,1,2,1,26,6,125,1,3,-1,1,-1
2015160D05771,2,9,0,9,0,1,0,0,0,0,1,1,2,1,24,5,1596,1,5,-1,1,-1
2015160D05781,1,1,0,18,0,8,0,0,0,0,3,1,2,1,28,6,-1,-1,-1,-1,1,-1
2015160D05781,2,9,0,9,0,5,0,0,0,0,1,1,6,2,20,4,1299,1,11,-1,1,-1
2015160D05791,1,9,0,7,0,5,0,0,0,0,4,1,1,1,29,6,1968,2,1,-1,1,-1
2015160D05791,2,3,0,18,0,1,0,0,0,0,3,1,6,1,20,4,125,1,1,-1,1,-1
2015160D05801,1,9,0,4,0,1,0,0,0,0,1,1,6,1,21,5,1149,1,11,-1,1,-1
2015160D05801,2,9,0,4,0,1,0,0,0,0,2,1,6,1,22,5,1124,1,14,-1,-1,-1
2015160D05801,3,9,0,4,0,1,0,0,0,0,2,1,6,1,40,7,1796,1,13,-1,1,-1
2015160D05811,1,9,0,14,0,0,0,0,0,0,1,1,6,3,-1,-1,-1,-1,-1,-1,-1,-1
2015160D05811,2,9,0,2,0,0,0,0,0,0,1,1,6,2,63,9,1193,1,2,-1,1,-1
2015160D05821,1,9,0,3,0,0,0,0,0,0,2,1,6,2,30,6,1499,1,6,-1,3,-1
2015160D05821,2,9,0,18,0,0,0,0,0,0,1,1,6,1,27,6,998,1,4,-1,1,-1
2015160D05831,1,9,0,4,0,1,0,0,0,0,1,1,6,3,-1,-1,1986,2,8,-1,-1,-1
2015160D05831,2,9,0,10,0,1,0,0,0,0,2,1,1,1,35,6,1584,1,9,-1,1,-1
2015160D05841,1,9,0,18,9,6,0,0,0,0,4,1,6,1,25,5,1598,1,11,-1,1,-1
2015160D05841,2,1,0,18,9,8,0,0,0,0,1,1,6,2,32,6,-1,-1,-1,-1,1,-1
2015160D05851,1,9,0,9,0,6,0,0,0,0,1,1,6,2,61,9,1598,1,4,-1,1,-1
2015160D05851,2,9,0,18,0,8,0,0,0,0,3,1,6,1,67,10,2231,2,2,-1,1,-1
2015160D05861,1,4,0,18,0,4,1,0,0,0,3,1,2,2,26,6,125,1,2,-1,1,-1
2015160D05861,2,9,0,7,0,4,0,0,0,0,0,1,6,1,22,5,999,1,15,-1,1,-1
2015160D05881,1,9,0,5,0,6,0,0,0,0,1,1,6,1,30,6,1598,1,3,-1,1,-1
2015160D05881,2,1,0,18,4,8,0,0,0,0,4,1,6,1,37,7,-1,-1,-1,-1,1,-1
2015160D05891,1,9,0,18,0,0,0,0,0,0,3,1,6,1,51,8,998,1,19,-1,1,-1
2015160D05891,2,9,0,18,0,0,0,0,0,0,1,1,6,1,34,6,1396,1,1,-1,1,-1
2015160D05901,1,9,0,18,0,1,0,0,0,0,1,1,6,1,65,9,1248,1,4,-1,1,-1
2015160D05901,2,9,0,10,0,1,0,0,0,0,2,1,6,1,30,6,1242,1,2,-1,1,-1
2015160D05901,3,9,0,3,0,1,0,0,0,0,3,1,6,2,44,7,1598,1,-1,-1,1,-1
2015160D05911,1,9,0,9,0,8,0,0,0,0,1,1,2,1,24,5,1910,2,9,-1,1,-1
2015160D05911,2,9,0,18,0,4,0,0,0,0,3,1,6,1,26,6,1997,2,8,-1,1,-1
2015160D05921,1,9,0,4,0,1,0,0,0,0,1,1,6,3,-1,-1,-1,-1,-1,-1,-1,-1
2015160D05931,1,9,0,3,0,1,0,0,0,0,4,1,6,2,41,7,1388,1,11,-1,2,-1
2015160D05931,2,9,0,12,0,1,0,0,0,0,3,1,6,3,-1,-1,-1,-1,-1,-1,-1,-1
2015160D05941,1,9,0,9,0,3,0,0,0,0,1,1,6,1,70,10,1596,1,6,-1,2,-1
2015160D05951,1,9,0,9,0,5,0,0,0,0,4,1,1,2,20,4,998,1,2,-1,1,-1
2015160D05951,2,9,0,18,0,8,0,0,0,0,1,1,3,2,27,6,1598,1,8,-1,1,-1
2015160D05961,1,9,0,14,0,0,0,0,0,0,1,1,6,1,29,6,1896,2,11,-1,1,-1
2015160D05971,1,11,0,13,0,0,0,0,0,0,0,1,1,1,53,8,9600,2,15,-1,1,-1
2015160D05971,2,1,0,14,0,0,0,4,0,0,4,1,2,2,52,8,-1,-1,-1,-1,1,-1
2015160D05971,3,8,0,2,0,0,0,0,0,0,3,1,1,1,23,5,1364,2,-1,-1,1,-1
2015160D05981,1,9,0,18,0,0,0,0,0,0,3,1,6,1,77,11,1461,2,10,-1,1,-1
2015160D05991,1,11,0,18,0,1,0,0,0,0,1,1,1,1,28,6,8268,2,12,-1,1,-1
2015160D05991,2,9,0,18,0,2,0,0,0,0,1,1,6,1,38,7,1997,2,6,-1,2,-1
2015160D05991,3,9,0,18,0,2,0,0,0,0,3,1,6,1,61,9,1997,2,4,-1,1,-1
2015160D06001,1,9,0,18,0,0,0,0,0,0,1,1,6,1,54,8,1998,1,8,-1,1,-1
2015160D06001,2,9,0,4,0,0,0,0,0,0,2,1,2,1,22,5,1149,1,13,-1,1,-1
2015160D06021,1,9,0,17,0,8,1,0,1,10,3,1,6,2,28,6,1360,1,13,-1,1,-1
2015160D06021,2,9,0,9,0,5,0,0,0,0,0,1,6,3,-1,-1,-1,-1,-1,-1,-1,-1
2015160D06031,1,9,0,7,0,6,0,0,0,0,1,1,6,2,44,7,1956,2,4,-1,1,-1
2015160D06031,2,1,0,18,0,8,0,0,0,0,4,1,2,2,53,8,-1,-1,-1,-1,1,-1
2015160D06051,1,9,0,18,0,0,0,0,0,0,4,1,6,3,-1,-1,-1,-1,-1,-1,-1,-1
2015160D06061,1,9,0,18,0,0,0,0,0,0,1,1,6,2,59,9,1124,1,3,-1,1,-1
2015160D06061,2,1,0,18,0,0,0,0,0,0,3,1,6,1,8,2,-1,-1,-1,-1,1,-1
2015160D06071,1,9,0,18,0,0,0,0,0,0,4,1,6,1,24,5,1796,1,12,-1,1,-1
2015160D06081,1,9,0,9,0,6,0,0,0,0,1,1,6,2,22,5,1328,1,5,-1,1,-1
2015160D06081,2,9,0,18,0,8,0,0,0,0,1,1,6,1,53,8,1229,1,10,-1,1,-1
2015160D06091,1,9,0,18,0,3,0,0,0,0,4,1,6,2,34,6,1997,1,12,-1,1,-1
2015160D06091,2,1,0,18,4,1,0,0,0,0,1,1,6,2,24,5,-1,-1,-1,-1,1,-1
2015160D06101,1,1,0,18,4,8,0,0,0,0,2,1,1,1,54,8,-1,-1,-1,-1,1,-1
2015160D06101,2,9,0,18,0,5,0,0,0,0,1,1,6,3,-1,-1,-1,-1,-1,-1,-1,-1
2015160D06111,1,9,0,18,0,8,0,0,0,0,1,1,6,1,26,6,1984,1,8,-1,1,-1
2015160D06111,2,9,0,9,0,8,0,0,0,0,3,1,6,1,48,8,1968,2,7,-1,1,-1
2015160D06121,1,9,0,18,0,1,1,0,0,0,4,1,6,2,53,8,1582,2,4,-1,1,-1
2015160D06121,2,9,0,9,0,1,1,0,0,0,1,1,6,1,55,8,1951,2,13,-1,1,-1
2015160D06131,1,19,0,18,0,0,1,0,0,0,1,1,1,1,38,7,1998,2,10,-1,1,-1
2015160D06141,1,9,0,18,0,8,0,0,0,0,1,1,6,2,52,8,1332,1,7,-1,1,-1
2015160D06141,2,9,0,9,0,6,0,0,0,0,1,1,6,1,22,5,1998,1,7,-1,1,-1
2015160D06151,1,9,0,11,0,8,0,0,0,0,4,1,6,1,28,6,1560,2,2,-1,1,-1
2015160D06151,2,1,0,18,0,8,0,0,0,0,3,1,2,1,29,6,-1,-1,-1,-1,1,-1
2015160D06181,1,21,0,8,0,4,0,0,0,0,1,1,1,1,45,7,10837,2,1,-1,1,-1
2015160D06181,2,9,0,8,0,4,0,0,0,0,2,1,6,2,47,8,1368,1,11,-1,1,-1
2015160D06191,1,9,0,10,0,1,0,0,0,0,2,1,6,2,21,5,1587,1,8,-1,-1,-1
2015160D06191,2,9,0,18,0,1,0,0,0,0,1,1,6,1,39,7,1368,1,-1,-1,1,-1
2015160D06201,1,9,0,14,0,1,0,0,0,0,1,1,6,3,-1,-1,-1,-1,-1,-1,-1,-1
2015160D06211,1,9,0,8,0,1,0,0,0,0,2,1,6,2,44,7,1229,1,3,-1,1,-1
2015160D06211,2,9,0,18,0,8,0,0,0,0,1,1,6,3,-1,-1,-1,-1,-1,-1,-1,-1
2015160D06221,1,9,0,9,0,4,0,0,0,0,1,1,6,2,33,6,1896,2,13,-1,1,-1
2015160D06221,2,9,0,18,0,3,0,0,0,0,1,1,6,1,66,10,1582,2,7,-1,1,-1
2015160D06231,1,90,0,4,0,0,0,0,0,0,1,1,6,3,-1,-1,-1,-1,-1,-1,-1,-1
2015160D06231,2,9,0,3,0,0,0,0,0,0,2,1,6,2,53,8,1598,1,8,-1,1,-1
2015160D06241,1,19,0,16,0,0,0,0,0,0,1,1,6,1,45,7,2488,2,6,-1,1,-1
2015160D06241,2,9,0,2,0,0,0,0,0,0,1,1,6,3,-1,-1,1396,1,5,-1,-1,-1
2015160D06241,3,9,0,2,0,0,0,0,0,0,1,1,6,3,-1,-1,1796,1,1,-1,-1,-1
2015160D06241,4,9,0,2,0,0,0,0,0,0,3,1,6,3,-1,-1,1796,2,1,-1,-1,-1
2015160D06241,5,9,0,2,0,0,0,0,0,0,1,1,6,3,-1,-1,2993,2,5,-1,-1,-1
2015160D06251,1,9,0,18,0,2,0,0,0,0,4,1,1,2,29,6,1798,1,8,-1,1,-1
2015160D06251,2,9,0,7,0,6,0,0,0,0,1,1,1,1,35,6,1984,2,8,-1,1,-1
2015160D06261,1,1,0,18,4,8,0,0,0,0,1,1,1,1,28,6,-1,-1,-1,-1,2,-1
2015160D06261,2,9,0,7,0,6,0,0,0,0,3,1,6,2,34,6,2179,2,7,-1,1,-1
2015160D06271,1,9,0,18,0,6,0,0,0,0,1,1,6,1,48,8,2979,1,14,-1,-1,-1
2015160D06271,2,9,0,18,0,8,0,0,0,0,3,1,6,1,55,8,1328,1,8,-1,1,-1
2015160D06271,3,9,0,18,0,8,0,0,0,0,3,1,6,2,48,8,1998,1,14,-1,1,-1
2015160D06281,1,9,0,4,0,0,0,0,0,0,1,1,3,1,52,8,1796,1,9,-1,1,-1
2015160D06291,1,3,0,18,2,8,0,0,0,0,1,1,2,1,48,8,125,1,-1,-1,1,-1
2015160D06291,2,9,0,7,0,5,0,0,0,0,2,1,6,2,62,9,1586,1,4,-1,1,-1
2015160D06301,1,9,0,1,0,1,0,0,0,0,2,1,2,3,-1,-1,-1,-1,-1,-1,-1,-1
2015160D06301,2,1,0,2,0,2,0,0,0,0,1,1,6,1,21,5,-1,-1,-1,-1,1,-1
2015160D06311,1,3,0,3,0,3,0,0,0,0,2,1,2,1,46,8,124,1,4,-1,1,-1
2015160D06311,2,4,0,18,0,3,0,0,0,0,1,1,6,1,79,11,749,1,21,-1,1,-1
2015160D06321,1,9,0,18,0,2,0,0,0,0,1,1,6,1,21,5,-1,-1,-1,-1,1,-1
2015160D06321,2,9,0,2,0,2,0,0,0,0,0,1,6,2,26,6,2401,2,13,-1,1,-1
2015160D06331,1,8,0,16,0,0,0,0,0,0,1,1,1,1,63,9,1560,2,5,-1,1,-1
2015160D06341,1,8,0,16,0,8,0,0,0,0,1,1,1,1,27,6,1461,2,6,-1,1,-1
2015160D06341,2,9,0,9,0,5,0,0,0,0,2,1,6,2,63,9,1108,1,12,-1,1,-1
2015160D06351,1,9,0,18,0,6,0,0,0,0,1,1,6,1,54,8,1299,1,12,-1,1,-1
2015160D06351,2,9,0,18,0,8,0,0,0,0,4,1,6,2,43,7,1242,1,10,-1,1,-1
2015160D06361,1,9,0,7,0,5,0,0,0,0,4,1,2,1,28,6,1395,1,2,-1,2,-1
2015160D06361,2,11,0,18,2,1,0,0,0,0,1,1,1,1,48,8,9360,2,7,-1,1,-1
2015160D06371,1,9,0,9,0,8,0,0,0,0,1,1,6,2,23,5,1242,1,6,-1,1,-1
2015160D06371,2,9,0,18,0,8,0,0,0,0,1,1,6,1,20,4,1242,1,14,-1,1,-1
2015160D06381,1,9,0,9,0,6,0,0,0,0,3,1,6,1,42,7,1149,1,11,-1,1,-1
2015160D06381,2,9,0,18,0,8,0,0,0,0,1,1,6,2,19,4,999,1,11,-1,1,-1
2015160D06391,1,9,0,18,0,8,1,0,1,4,3,1,6,1,24,5,1686,2,8,-1,1,-1
2015160D06401,1,9,0,3,0,2,0,0,0,0,1,1,6,1,49,8,-1,-1,-1,-1,1,-1
2015160D06401,2,1,0,18,0,2,0,0,0,0,4,1,6,1,35,6,-1,-1,-1,-1,1,-1
2015160D06411,1,19,0,4,0,2,0,0,0,0,1,1,1,1,49,8,1686,2,11,-1,1,-1
2015160D06411,2,1,0,18,0,2,0,0,0,0,1,1,6,1,39,7,-1,-1,-1,-1,1,-1
2015160D06421,1,9,0,5,0,0,0,0,0,0,1,1,6,1,30,6,2488,2,10,-1,1,-1
2015160D06421,2,19,0,5,0,0,0,0,0,0,2,1,6,1,40,7,1560,2,1,-1,1,-1
2015160D06421,3,9,0,5,0,0,0,0,0,0,2,1,6,1,24,5,1595,1,14,-1,1,-1
2015160D06431,1,9,0,18,0,1,0,0,0,0,2,1,6,1,24,5,1968,2,5,-1,1,-1
2015160D06431,2,9,0,18,0,1,0,0,0,0,1,1,6,3,-1,-1,1299,1,16,-1,-1,-1
2015160D06441,1,9,0,18,0,1,0,0,0,0,1,1,3,2,40,7,2400,2,1,-1,1,-1
2015160D06451,1,9,0,9,0,6,0,0,0,0,1,1,6,1,49,8,1242,1,8,-1,1,-1
2015160D06451,2,3,0,14,0,1,0,0,0,0,1,1,6,1,17,4,124,1,27,-1,1,-1
2015160D06461,1,1,0,18,0,8,0,0,0,0,4,1,6,1,91,11,-1,-1,-1,-1,1,-1
2015160D06461,2,9,0,7,0,3,0,0,0,0,1,1,6,1,75,10,1686,2,12,-1,3,-1
2015160D06471,1,11,0,18,0,0,0,0,0,0,1,1,1,1,28,6,8268,2,13,-1,1,-1
2015160D06471,2,90,0,4,0,0,0,0,0,0,2,1,1,1,51,8,6692,2,5,-1,1,-1
2015160D06481,1,9,0,18,0,0,0,0,0,0,1,1,6,2,63,9,1360,1,13,-1,1,-1
2015160D06481,2,9,0,18,0,0,5,0,0,0,1,1,6,2,83,11,1197,1,5,-1,1,-1
2015160D06481,3,9,0,2,0,0,0,0,0,0,2,1,6,3,-1,-1,1229,1,1,-1,-1,-1
2015160D06491,1,9,0,3,0,2,0,0,0,0,2,1,6,2,26,6,1248,2,11,-1,1,-1
2015160D06491,2,19,0,18,0,2,0,0,0,0,1,1,6,1,32,6,-1,-1,-1,-1,1,-1
2015160D06501,1,9,0,9,0,2,2,10,1,11,1,1,6,1,29,6,1590,1,12,-1,1,-1
2015160D06511,1,9,0,18,0,8,0,0,0,0,1,1,6,2,71,10,1198,1,-1,-1,1,-1
2015160D06511,2,9,0,9,0,6,0,0,0,0,2,1,6,2,47,8,1596,1,7,-1,1,-1
2015160D06521,1,1,0,18,0,8,0,0,0,0,4,1,6,1,37,7,-1,-1,-1,-1,1,-1
2015160D06521,2,9,0,5,0,6,0,0,0,0,1,1,6,2,35,6,-1,-1,-1,-1,1,-1
2015160D06531,1,2,0,14,0,0,0,0,0,0,1,1,6,3,-1,-1,-1,-1,-1,-1,-1,-1
2015160D06541,1,19,0,7,0,5,0,0,0,0,1,1,6,1,28,6,1870,2,10,-1,1,-1
2015160D06551,1,9,0,9,0,6,0,0,0,0,0,1,6,1,56,9,1587,1,12,-1,1,-1
2015160D06551,2,9,0,9,0,6,0,0,0,0,0,1,6,2,19,4,1229,1,5,-1,3,-1
2015160D06551,3,90,0,9,0,6,0,0,0,0,0,1,1,1,51,8,7142,2,8,-1,1,-1
2015160D06561,1,9,0,1,0,0,0,0,0,0,2,1,6,1,33,6,2143,2,5,-1,1,-1
2015160D06581,1,9,0,2,0,0,0,0,0,0,3,1,6,3,-1,-1,2720,2,9,-1,-1,-1
2015160D06581,2,9,0,14,0,0,0,0,0,0,4,1,6,1,77,11,1398,1,3,-1,1,-1
2015160D06591,1,9,0,7,2,5,0,0,0,0,1,1,6,1,41,7,2987,2,8,-1,1,-1
2015160D06591,2,1,0,18,0,8,0,0,0,0,1,1,6,2,22,5,-1,-1,-1,-1,1,-1
2015160D06601,1,9,0,4,0,0,0,0,0,0,2,1,2,1,24,5,1598,1,5,-1,1,-1
2015160D06601,2,9,0,4,0,0,1,0,0,0,1,1,2,1,25,5,1149,1,12,-1,1,-1
2015160D06611,1,21,1,7,0,6,0,0,0,0,3,1,1,1,43,7,11967,2,2,-1,1,-1
2015160D06611,2,1,0,7,0,6,0,0,0,0,4,1,6,2,44,7,-1,-1,-1,-1,1,-1
2015160D06621,1,2,0,18,0,0,0,0,0,0,1,1,6,2,18,4,49,1,15,-1,1,-1
2015160D06621,2,9,0,2,0,0,0,0,0,0,2,1,6,3,-1,-1,3059,2,19,-1,-1,-1
2015160D06621,3,9,0,18,0,0,0,0,0,0,1,1,6,3,-1,-1,-1,-1,-1,-1,-1,-1
2015160D06631,1,9,0,4,0,0,0,0,0,0,2,1,6,2,28,6,1598,1,1,-1,1,-1
2015160D06631,2,9,0,4,0,0,0,0,0,0,1,1,6,3,-1,-1,-1,-1,-1,-1,-1,-1
2015160D06641,1,9,0,8,0,4,0,0,0,0,1,1,6,1,26,6,1598,1,9,-1,3,-1
2015160D06641,2,9,0,8,0,4,0,0,0,0,2,1,6,2,43,7,973,1,14,-1,1,-1
2015160D06651,1,9,0,4,0,0,0,0,0,0,2,1,6,1,39,7,1198,1,5,-1,1,-1
2015160D06651,2,9,0,18,0,0,0,0,0,0,1,1,6,1,24,5,1560,2,3,-1,1,-1
2015160D06661,1,9,0,9,0,5,0,0,0,0,1,1,6,1,18,4,1199,1,12,-1,-1,-1
2015160D06661,2,9,0,18,0,8,0,0,0,0,1,1,1,1,39,7,1584,1,5,-1,1,-1
2015160D06671,1,9,0,7,0,6,0,0,0,0,1,1,2,2,45,7,1461,2,4,-1,1,-1
2015160D06671,2,1,0,18,0,8,0,0,0,0,2,1,6,1,57,9,-1,-1,-1,-1,1,-1
2015160D06681,1,9,0,9,0,2,0,0,0,0,1,1,6,1,52,8,999,1,-1,-1,1,-1
2015160D06691,1,9,0,18,0,0,0,0,0,0,1,1,6,2,72,10,1360,1,9,-1,1,-1
2015160D06691,2,9,0,2,0,0,0,0,0,0,2,1,6,3,-1,-1,1798,1,10,-1,-1,-1
2015160D06701,1,2,0,13,0,8,1,0,0,0,1,1,6,1,16,4,-1,-1,-1,-1,1,-1
2015160D06701,2,9,0,9,0,8,0,0,0,0,3,1,6,1,23,5,1896,2,10,-1,1,-1
2015160D06711,1,19,0,3,0,0,0,0,0,0,2,1,1,1,58,9,2463,2,9,-1,3,-1
2015160D06711,2,8,0,18,0,0,0,4,0,0,1,1,1,1,67,10,1796,1,8,-1,1,-1
2015160D06741,1,9,0,3,0,4,0,0,0,0,2,1,2,2,51,8,-1,-1,-1,-1,1,-1
2015160D06741,2,9,0,3,0,4,0,0,0,0,2,1,2,1,33,6,1497,1,13,-1,1,-1
2015160D06741,3,9,0,4,0,4,0,0,4,0,1,1,6,1,22,5,1595,1,9,-1,1,-1
2015160D06751,1,9,0,10,0,6,0,0,0,0,2,1,6,2,58,9,1124,1,13,-1,2,-1
2015160D06751,2,9,0,4,0,6,0,0,0,0,1,1,6,1,29,6,1587,1,12,-1,1,-1
2015160D06761,1,9,0,18,0,8,0,0,0,0,1,1,6,2,46,8,1296,1,8,-1,1,-1
2015160D06761,2,9,0,9,0,8,0,0,0,0,1,1,6,2,31,6,1598,1,6,-1,1,-1
2015160D06771,1,9,0,18,0,1,0,0,0,0,1,1,6,1,25,5,1995,2,11,-1,-1,-1
2015160D06771,2,9,0,3,0,1,0,0,0,0,2,1,6,1,29,6,2231,2,8,-1,1,-1
2015160D06771,3,9,0,3,0,1,0,0,0,0,2,1,6,2,31,6,1560,2,3,-1,1,-1
2015160D06771,4,9,0,10,0,1,0,0,0,0,2,1,6,1,49,8,1388,1,4,-1,2,-1
2015160D06781,1,9,0,13,0,0,0,0,0,0,1,1,6,3,-1,-1,-1,-1,-1,-1,-1,-1
2015160D06781,2,1,0,18,0,0,0,0,0,0,3,1,6,1,16,4,-1,-1,-1,-1,1,-1
2015160D06791,1,9,0,18,0,4,1,0,0,0,1,1,6,1,44,7,1242,1,14,-1,2,-1
2015160D06801,1,9,0,4,0,1,0,0,0,0,1,1,6,3,-1,-1,-1,-1,-1,-1,-1,-1
2015160D06811,1,9,0,18,0,0,0,0,0,0,1,1,6,1,35,6,1560,2,6,-1,1,-1
2015160D06811,2,9,0,4,0,0,0,0,0,0,2,1,6,2,49,8,1749,1,14,-1,1,-1
2015160D06821,1,9,0,8,0,6,0,0,0,0,0,1,1,1,48,8,998,1,2,-1,2,-1
2015160D06821,2,1,0,18,0,1,0,0,0,0,1,1,1,1,33,6,-1,-1,-1,-1,2,-1
2015160D06831,1,9,0,18,0,2,0,0,0,0,1,1,2,2,25,5,1596,1,13,-1,1,-1
2015160D06831,2,9,0,3,0,2,0,0,0,0,2,1,2,2,39,7,1461,2,11,-1,1,-1
2015160D06831,3,9,0,3,0,2,0,0,0,0,2,1,2,1,71,10,-1,-1,-1,-1,1,-1
2015160D06841,1,9,0,18,0,0,0,0,0,0,2,1,2,2,53,8,1796,2,2,-1,1,-1
2015160D06841,2,9,0,18,0,0,0,0,0,0,1,1,2,1,41,7,-1,-1,-1,-1,1,-1
2015160D06851,1,9,0,9,0,5,0,0,0,0,4,1,6,2,23,5,1968,2,5,-1,1,-1
2015160D06851,2,5,0,18,0,8,0,0,0,0,1,1,6,1,34,6,899,1,17,-1,1,-1