Accident_Index,Vehicle_Reference,Vehicle_Type,Towing_and_Articulation,Vehicle_Manoeuvre,Vehicle_Location-Restricted_Lane,Junction_Location,Skidding_and_Overturning,Hit_Object_in_Carriageway,Vehicle_Leaving_Carriageway,Hit_Object_off_Carriageway,1st_Point_of_Impact,Was_Vehicle_Left_Hand_Drive?,Journey_Purpose_of_Driver,Sex_of_Driver,Age_of_Driver,Age_Band_of_Driver,Engine_Capacity_(CC),Propulsion_Code,Age_of_Vehicle,Driver_IMD_Decile,Driver_Home_Area_Type,Vehicle_IMD_Decile
2015170H10275,2,20,0,9,0,8,0,0,0,0,1,1,1,1,-1,-1,-1,-1,-1,-1,-1,-1
2015170H10285,1,9,0,9,0,8,0,0,0,0,3,1,6,2,28,6,1596,1,13,-1,1,-1
2015170H10285,2,3,0,18,0,8,0,0,0,0,1,1,6,1,16,4,125,1,4,-1,1,-1
2015170H10295,1,9,0,7,0,8,0,0,0,0,1,1,1,1,66,10,1560,2,1,-1,1,-1
2015170H10295,2,1,0,18,0,8,0,0,0,0,4,1,6,2,61,9,-1,-1,-1,-1,1,-1
2015170H10305,1,19,0,18,0,8,0,0,0,0,1,1,1,1,27,6,1998,2,10,-1,1,-1
2015170H10305,2,9,0,9,0,8,0,0,0,0,1,1,6,2,36,7,1360,1,4,-1,1,-1
2015170H10315,1,9,0,18,0,4,0,0,0,0,1,1,6,2,49,8,1797,8,2,-1,1,-1
2015170H10315,2,1,0,18,0,8,0,0,0,0,4,1,6,1,38,7,-1,-1,-1,-1,1,-1
2015170H10325,1,9,0,18,0,3,0,0,0,0,3,1,6,2,80,11,1086,1,11,-1,1,-1
2015170H10335,1,19,0,9,0,8,0,0,0,0,1,1,1,1,55,8,1968,2,2,-1,1,-1
2015170H10335,2,3,0,18,0,8,0,0,0,0,1,1,6,1,77,11,85,1,17,-1,1,-1
2015170H10345,1,3,0,18,0,1,1,0,0,0,1,1,6,1,25,5,124,1,9,-1,1,-1
2015170H10345,2,9,0,9,0,8,0,0,0,0,1,1,6,2,49,8,1596,1,14,-1,1,-1
2015170H10355,1,11,0,5,0,2,0,0,0,0,4,1,1,1,53,8,12000,2,5,-1,1,-1
2015170H10365,1,9,0,16,0,0,0,0,0,0,1,1,6,1,18,4,1596,1,6,-1,1,-1
2015170H10365,2,9,0,17,0,0,0,0,0,0,3,1,6,2,67,10,-1,-1,-1,-1,1,-1
2015170H10385,1,9,0,18,0,8,0,0,0,0,4,1,6,1,28,6,1995,2,4,-1,1,-1
2015170H10385,2,9,0,7,0,8,0,0,0,0,1,1,6,1,30,6,1956,2,4,-1,1,-1
2015170H10395,1,9,0,6,0,2,0,0,0,0,1,1,6,1,19,4,1398,1,5,-1,1,-1
2015170H10395,2,11,0,18,0,2,0,0,0,0,3,1,1,1,40,7,6696,2,1,-1,1,-1
2015170H10405,1,9,0,9,0,8,0,0,0,0,1,1,6,1,62,9,1198,1,8,-1,1,-1
2015170H10405,2,9,0,18,0,3,0,0,0,0,4,1,6,1,52,8,1598,1,3,-1,1,-1
2015170H10415,1,11,0,5,0,0,0,0,0,0,0,1,1,1,60,9,6871,2,7,-1,-1,-1
2015170H10425,1,9,0,14,0,2,0,0,0,0,1,1,6,1,18,4,1199,1,13,-1,1,-1
2015170H10425,2,9,0,2,0,1,0,0,0,0,1,1,6,1,58,9,1390,1,14,-1,1,-1
2015170H10435,1,9,0,9,0,8,0,0,0,0,1,1,6,1,38,7,1399,2,8,-1,1,-1
2015170H10435,2,8,0,18,0,8,0,0,0,0,4,1,1,1,41,7,1598,2,2,-1,1,-1
2015170H10445,1,9,0,18,0,1,5,0,0,0,1,1,6,2,20,4,1995,2,-1,-1,1,-1
2015170H10445,2,9,0,2,0,2,0,0,0,0,1,1,6,1,-1,-1,2000,1,16,-1,1,-1
2015170H10455,1,9,0,18,0,4,0,0,0,0,1,1,6,1,48,8,1956,2,4,-1,1,-1
2015170H10455,2,1,0,18,0,8,0,0,0,0,4,1,6,1,46,8,-1,-1,-1,-1,1,-1
2015170H10465,1,9,0,3,0,1,0,0,0,0,2,1,6,2,37,7,1598,1,2,-1,1,-1
2015170H10465,2,9,0,18,0,1,0,0,0,0,1,1,6,2,22,5,1995,2,5,-1,1,-1
2015170H10475,1,9,0,18,0,0,0,0,0,0,1,1,2,2,23,5,1560,2,8,-1,1,-1
2015170H10475,2,9,0,4,0,0,0,0,0,0,2,1,2,1,48,8,1493,2,5,-1,2,-1
2015170H10475,3,19,0,4,0,0,0,0,0,0,2,1,1,1,49,8,1560,2,1,-1,2,-1
2015170H10485,1,8,0,9,0,8,0,0,0,0,1,1,1,1,52,8,1968,2,3,-1,1,-1
2015170H10485,2,1,0,18,0,1,0,0,0,0,1,1,6,1,34,6,-1,-1,-1,-1,1,-1
2015170H10495,1,9,0,7,0,5,0,0,0,0,4,1,6,2,54,8,1398,2,13,-1,1,-1
2015170H10495,2,1,0,18,0,6,0,0,0,0,1,1,6,1,15,3,-1,-1,-1,-1,-1,-1
2015170H10505,1,9,0,18,0,0,0,0,0,0,1,1,6,2,64,9,1598,1,3,-1,1,-1
2015170H10505,2,9,0,2,0,0,0,0,0,0,2,1,6,2,39,7,1598,1,4,-1,1,-1
2015170H10515,1,9,0,18,0,0,0,0,7,7,1,1,6,2,78,11,1339,1,5,-1,1,-1
2015170H10525,1,9,0,7,0,8,0,0,0,0,1,1,6,1,37,7,1360,1,13,-1,1,-1
2015170H10525,2,1,0,18,0,8,0,0,0,0,3,1,2,1,33,6,-1,-1,-1,-1,1,-1
2015170H10545,1,1,0,18,0,0,0,0,0,0,1,1,6,1,7,2,-1,-1,-1,-1,1,-1
2015170H10545,2,9,0,18,0,0,0,0,0,0,1,1,6,1,44,7,1490,1,7,-1,1,-1
2015170H10555,1,10,0,18,0,0,0,0,0,0,0,1,1,1,42,7,2463,2,9,-1,1,-1
2015170H10555,2,9,0,18,0,0,0,0,0,0,0,1,6,3,-1,-1,-1,-1,-1,-1,-1,-1
2015170H10565,1,9,0,4,0,1,1,0,0,0,1,1,1,1,29,6,-1,-1,-1,-1,1,-1
2015170H10565,2,9,0,18,0,8,0,0,0,0,4,1,6,1,56,9,1591,1,1,-1,1,-1
2015170H10575,1,9,0,2,0,0,0,0,0,0,2,1,6,2,33,6,1390,1,11,-1,1,-1
2015170H10575,2,19,0,18,0,0,0,0,0,0,1,1,1,1,24,5,1868,2,10,-1,1,-1
2015170H10585,1,1,0,18,0,6,0,0,0,0,1,1,6,1,10,2,-1,-1,-1,-1,1,-1
2015170H10585,2,9,0,18,0,1,0,0,0,0,3,1,6,2,32,6,1149,1,11,-1,1,-1
2015170H10595,1,9,0,18,0,0,1,0,2,7,1,1,6,2,23,5,1299,1,7,-1,1,-1
2015170H10605,1,9,0,6,0,8,0,0,0,0,3,1,6,2,52,8,1199,1,13,-1,3,-1
2015170H10605,2,9,0,18,0,8,0,0,0,0,1,1,6,1,52,8,1900,2,10,-1,-1,-1
2015170H10615,1,9,0,18,0,0,0,0,1,11,1,1,6,1,23,5,1598,1,11,-1,1,-1
2015170H10625,1,8,0,18,0,0,0,0,0,0,3,1,1,1,45,7,1598,2,1,-1,1,-1
2015170H10635,1,9,0,18,0,1,0,0,0,0,1,1,6,1,26,6,2148,2,6,-1,1,-1
2015170H10645,1,9,0,18,0,0,0,0,0,0,1,1,6,1,18,4,2993,2,8,-1,1,-1
2015170H10645,2,19,0,3,0,0,0,7,0,0,2,1,6,1,33,6,1560,2,3,-1,-1,-1
2015170H10655,1,9,0,18,0,4,0,0,0,0,1,1,6,1,18,4,2967,1,14,-1,1,-1
2015170H10655,2,9,0,18,0,8,0,0,0,0,4,1,6,2,34,6,1998,2,9,-1,1,-1
2015170H10665,1,19,0,18,0,4,0,0,0,0,1,1,1,1,39,7,2198,2,-1,-1,3,-1
2015170H10665,2,1,0,9,0,8,0,0,0,0,4,1,6,1,48,8,-1,-1,-1,-1,1,-1
2015170H10675,1,9,0,18,0,7,0,0,0,0,1,1,6,3,-1,-1,1242,1,11,-1,-1,-1
2015170H10675,2,9,0,8,0,7,0,0,0,0,2,1,2,2,26,6,1598,1,7,-1,1,-1
2015170H10685,1,9,0,7,0,8,0,0,0,0,1,1,6,3,-1,-1,-1,-1,-1,-1,-1,-1
2015170H10695,1,9,0,4,0,0,0,0,0,0,1,1,6,1,18,4,1596,1,10,-1,1,-1
2015170H10695,2,9,0,3,0,0,0,0,0,0,2,1,6,1,46,8,1997,2,1,-1,1,-1
2015170H10705,1,9,0,18,0,0,0,0,0,0,1,1,6,2,32,6,-1,-1,-1,-1,1,-1
2015170H10705,2,9,0,3,0,0,0,0,0,0,2,1,1,2,35,6,1248,2,3,-1,1,-1
2015170H10715,1,5,0,18,0,0,0,0,7,4,1,1,6,1,32,6,599,1,17,-1,1,-1
2015170H10735,1,9,0,16,0,0,0,0,1,0,1,1,6,1,17,4,1390,1,4,-1,1,-1
2015170H10735,2,9,0,17,0,0,0,0,1,0,3,1,2,1,45,7,998,1,1,-1,1,-1
2015170H10745,1,19,0,18,0,0,0,0,0,0,1,1,1,1,51,8,1248,2,2,-1,1,-1
2015170H10745,2,9,0,2,0,0,0,0,0,0,2,1,6,1,46,8,2746,1,26,-1,3,-1
2015170H10745,3,9,0,18,0,0,0,0,0,0,1,1,6,1,74,10,1753,2,13,-1,1,-1
2015170H10755,1,9,0,9,0,8,0,0,0,0,1,1,6,2,25,5,1199,1,13,-1,1,-1
2015170H10755,2,9,0,18,0,8,0,0,0,0,3,1,6,2,35,6,1242,1,8,-1,1,-1
2015170H10765,1,9,0,7,0,3,0,0,0,0,4,1,2,2,21,5,1598,1,4,-1,1,-1
2015170H10765,2,1,0,18,0,8,0,0,0,0,1,1,2,1,22,5,-1,-1,-1,-1,1,-1
2015170H10775,1,9,0,18,0,8,0,0,1,11,1,1,6,1,26,6,1783,1,13,-1,1,-1
2015170H10785,1,9,0,2,0,2,0,0,0,0,1,1,6,1,-1,-1,1984,1,2,-1,-1,-1
2015170H10785,2,19,0,2,0,2,0,0,1,0,1,1,6,1,-1,-1,1753,2,12,-1,-1,-1
2015170H10785,3,9,0,2,0,2,0,0,0,0,1,1,6,1,-1,-1,1796,1,15,-1,-1,-1
2015170H10785,4,9,0,9,0,2,0,0,0,0,1,1,6,3,-1,-1,1798,1,13,-1,-1,-1
2015170H10805,1,9,0,3,0,2,0,0,0,0,2,1,2,1,42,7,998,1,5,-1,1,-1
2015170H10805,2,9,0,18,0,2,0,0,0,0,1,1,2,1,26,6,2198,2,9,-1,1,-1
2015170H10815,1,5,0,18,0,3,0,0,0,0,0,1,6,1,24,5,649,1,6,-1,1,-1
2015170H10815,2,9,0,18,0,3,0,0,0,0,0,1,6,1,58,9,2179,2,8,-1,1,-1
2015170H10825,1,11,0,5,0,8,0,0,0,0,0,1,1,1,72,10,6696,2,1,-1,1,-1
2015170H10835,1,9,0,18,0,8,0,0,0,0,4,1,6,1,50,8,1998,1,11,-1,1,-1
2015170H10835,2,9,0,18,0,4,0,0,0,0,1,1,6,1,24,5,-1,-1,-1,-1,-1,-1
2015170H10845,1,1,0,3,0,1,0,0,0,0,2,1,6,2,13,3,-1,-1,-1,-1,1,-1
2015170H10845,2,9,0,18,0,1,0,0,0,0,1,1,6,1,43,7,1968,2,5,-1,1,-1
2015170H10855,1,9,0,9,0,8,0,0,0,0,3,1,6,1,37,7,-1,-1,-1,-1,1,-1
2015170H10855,2,9,0,18,0,8,0,0,0,0,1,1,6,3,-1,-1,1968,2,7,-1,-1,-1
2015170H10875,1,9,0,9,0,8,0,0,0,0,1,1,6,1,31,6,1686,2,3,-1,1,-1
2015170H10875,2,9,0,18,0,8,0,0,0,0,1,1,6,2,21,5,1242,1,4,-1,1,-1
2015170H10885,1,9,0,7,0,4,0,0,0,0,1,1,6,1,30,6,2521,1,8,-1,1,-1
2015170H10885,2,1,0,18,0,8,0,0,0,0,4,1,6,1,49,8,-1,-1,-1,-1,1,-1
2015170H10895,1,9,0,18,0,1,0,0,0,0,1,1,6,1,-1,-1,1968,2,-1,-1,-1,-1
2015170H10895,2,9,0,3,0,1,0,0,0,0,2,1,6,2,40,7,1242,1,15,-1,1,-1
2015170H10895,3,8,0,3,0,1,0,0,0,0,2,1,1,1,49,8,1896,2,7,-1,1,-1
2015170H10905,1,9,0,18,0,8,0,0,0,0,1,1,6,2,59,9,1200,1,1,-1,1,-1
2015170H10905,2,9,0,18,0,8,0,0,0,0,1,1,6,1,44,7,1598,1,10,-1,1,-1
2015170H10915,1,9,0,2,0,0,0,0,0,0,3,1,6,2,59,9,1895,1,16,-1,1,-1
2015170H10915,2,9,0,18,0,0,0,0,0,0,4,1,6,1,-1,-1,-1,-1,-1,-1,-1,-1
2015170H10925,1,9,0,18,0,8,0,0,0,0,1,1,6,2,21,5,998,1,-1,-1,2,-1
2015170H10925,2,9,0,9,0,8,0,0,0,0,1,1,6,1,21,5,999,1,-1,-1,1,-1
2015170H10935,1,9,0,6,0,8,0,0,0,0,3,1,6,1,37,7,1360,1,13,-1,1,-1
2015170H10935,2,9,0,18,0,8,0,0,0,0,1,1,6,1,39,7,1997,1,8,-1,1,-1
2015170H10945,1,9,0,18,0,1,0,0,0,0,1,1,6,1,76,11,1398,2,12,-1,1,-1
2015170H10955,1,9,0,4,0,0,0,0,0,0,2,1,6,1,42,7,1896,2,11,-1,1,-1
2015170H10955,2,9,0,18,0,0,0,0,0,0,1,1,6,2,61,9,2179,2,2,-1,3,-1
2015170H10955,3,9,0,18,0,0,0,0,0,0,1,1,6,1,84,11,998,1,2,-1,1,-1
2015170H10965,1,1,0,18,0,6,0,0,0,0,1,1,6,1,45,7,-1,-1,-1,-1,-1,-1
2015170H10965,2,9,0,10,0,8,0,0,0,0,4,1,2,2,30,6,1299,1,11,-1,1,-1
2015170H10975,1,9,0,9,0,8,0,0,0,0,3,1,6,1,32,6,1242,1,9,-1,1,-1
2015170H10975,2,9,0,18,0,8,0,0,0,0,1,1,6,2,27,6,1994,1,12,-1,1,-1
2015170H10985,1,9,0,9,0,8,0,0,0,0,1,1,1,1,40,7,-1,-1,-1,-1,3,-1
2015170H10985,2,9,0,18,0,8,0,0,0,0,1,1,6,2,64,9,1598,2,-1,-1,1,-1
2015170H10995,1,9,0,18,0,0,0,0,0,0,3,1,6,1,44,7,1968,2,5,-1,1,-1
2015170H10995,2,9,0,18,0,0,0,0,0,0,3,1,6,1,29,6,-1,-1,-1,-1,1,-1
2015170H11005,1,9,0,18,0,0,0,0,0,0,1,1,6,1,60,9,1390,1,1,-1,1,-1
2015170H11005,2,9,0,4,0,0,0,0,0,0,2,1,2,2,25,5,1242,1,2,-1,1,-1
2015170H11005,3,9,0,4,0,0,0,0,0,0,2,1,2,1,34,6,1896,2,7,-1,1,-1
2015170H11015,1,9,0,12,0,1,0,0,0,0,3,1,6,1,-1,-1,-1,-1,-1,-1,-1,-1
2015170H11015,2,9,0,18,0,1,0,0,0,0,4,1,6,2,30,6,-1,-1,-1,-1,-1,-1
2015170H11025,1,9,0,9,0,8,0,0,0,0,1,1,2,1,50,8,2500,2,17,-1,1,-1
2015170H11025,2,9,0,18,0,8,0,0,0,0,1,1,2,1,55,8,1598,2,-1,-1,1,-1
2015170H11035,1,9,0,18,0,0,0,0,0,0,0,1,6,3,-1,-1,-1,-1,-1,-1,-1,-1
2015170H11035,2,1,0,18,0,0,0,0,0,0,0,1,6,1,12,3,-1,-1,-1,-1,1,-1
2015170H11055,1,9,0,9,0,8,0,0,0,0,1,1,6,2,47,8,1364,1,7,-1,1,-1
2015170H11055,2,9,0,18,0,8,0,0,0,0,1,1,6,2,66,10,1229,1,7,-1,1,-1
2015170H11065,1,9,0,9,0,8,0,0,0,0,3,1,6,2,18,4,998,1,4,-1,1,-1
2015170H11065,2,9,0,17,0,8,0,0,0,0,1,1,6,2,-1,-1,1799,1,8,-1,-1,-1
2015170H11075,1,9,0,4,0,0,0,0,0,0,2,1,6,2,18,4,1461,2,-1,-1,1,-1
2015170H11075,2,3,0,18,0,0,0,0,0,0,1,1,6,1,29,6,124,1,3,-1,1,-1
2015170H11085,1,9,0,3,0,1,0,0,0,0,2,1,6,2,49,8,1242,1,9,-1,1,-1
2015170H11085,2,9,0,18,0,1,0,0,0,0,1,1,6,2,34,6,1199,1,13,-1,1,-1
2015170H11095,1,9,0,4,0,8,0,0,0,0,0,1,6,1,75,10,1388,1,7,-1,1,-1
2015170H11105,1,9,0,1,0,6,0,0,0,0,2,1,6,1,32,6,1597,1,15,-1,1,-1
2015170H11105,2,1,0,18,0,2,0,0,0,0,1,1,6,1,42,7,-1,-1,-1,-1,-1,-1
2015170H11115,1,9,0,18,0,0,0,0,0,0,1,1,6,2,22,5,1995,1,5,-1,1,-1
2015170H11115,2,9,0,18,0,0,0,0,0,0,1,1,6,2,35,6,1798,1,2,-1,1,-1
2015170H11125,1,3,0,17,0,0,0,0,0,0,1,1,6,1,32,6,124,1,12,-1,1,-1
2015170H11125,2,9,0,2,0,0,0,0,0,0,3,1,6,1,-1,-1,1586,1,6,-1,1,-1
2015170H11135,1,9,0,18,0,0,0,0,5,4,1,1,4,1,30,6,1799,1,9,-1,1,-1
2015170H11135,2,22,0,18,9,0,0,0,0,0,2,1,6,1,67,10,-1,3,3,-1,1,-1
2015170H11135,3,9,0,18,0,0,0,0,0,0,2,1,6,2,40,7,2143,2,4,-1,1,-1
2015170H11145,1,9,0,3,0,1,0,0,0,0,2,1,6,2,27,6,1499,2,-1,-1,1,-1
2015170H11145,2,9,0,18,0,1,0,0,0,0,1,1,6,1,32,6,1984,1,12,-1,1,-1
2015170H11155,1,9,0,17,0,8,0,0,1,11,1,1,2,1,-1,-1,1598,1,12,-1,-1,-1
2015170H11165,1,9,0,9,0,6,0,9,3,1,2,1,6,2,22,5,1390,1,11,-1,1,-1
2015170H11165,2,9,0,18,0,4,0,9,3,0,1,1,6,1,48,8,4196,1,12,-1,1,-1
2015170H11175,1,9,0,9,0,6,0,0,0,0,2,1,6,2,21,5,1587,1,8,-1,1,-1
2015170H11175,2,9,0,18,0,8,0,0,0,0,1,1,6,1,65,9,1582,2,5,-1,2,-1
2015170H11185,1,9,0,6,0,2,0,0,0,0,4,1,6,1,34,6,-1,-1,-1,-1,1,-1
2015170H11185,2,3,0,18,0,1,0,0,0,0,1,1,6,2,19,4,124,1,8,-1,3,-1
2015170H11195,1,9,0,13,0,8,0,0,0,0,1,1,6,1,20,4,1910,2,10,-1,-1,-1
2015170H11195,2,8,0,10,0,8,0,0,0,0,3,1,1,1,59,9,1968,2,1,-1,1,-1
2015170H11195,3,19,0,18,0,1,0,0,0,0,1,1,1,1,39,7,1968,2,1,-1,1,-1
2015170H11195,4,10,0,8,0,1,0,0,0,0,1,1,1,1,43,7,-1,-1,-1,-1,3,-1
2015170H11205,1,9,0,18,0,0,0,0,4,4,1,1,6,1,32,6,1493,1,20,-1,1,-1
2015170H11215,1,9,0,18,0,0,0,0,1,11,1,1,6,2,19,4,1328,1,7,-1,3,-1
2015170H11225,1,9,0,11,0,0,0,0,1,1,1,1,6,1,36,7,-1,-1,-1,-1,1,-1
2015170H11235,1,1,0,18,0,1,0,0,0,0,2,1,6,1,29,6,-1,-1,-1,-1,-1,-1
2015170H11235,2,9,0,18,0,1,0,0,0,0,1,1,6,3,-1,-1,-1,-1,-1,-1,-1,-1
2015170H11255,1,9,0,18,0,1,0,0,0,0,1,1,6,1,51,8,1086,1,8,-1,1,-1
2015170H11265,1,9,0,17,0,2,0,0,0,0,2,1,6,1,65,9,1598,1,5,-1,1,-1
2015170H11265,2,5,0,17,0,2,1,0,1,2,1,1,6,1,35,6,599,1,1,-1,1,-1
2015170H11275,1,19,0,18,0,0,0,0,0,0,3,1,1,1,45,7,1995,2,3,-1,-1,-1
2015170H11285,1,9,0,18,0,0,0,0,0,0,4,1,6,1,37,7,1968,2,2,-1,1,-1
2015170H11295,1,9,0,18,0,0,0,0,0,0,1,1,6,1,24,5,1986,2,10,-1,1,-1
2015170H11305,1,9,0,18,0,8,0,0,0,0,1,1,2,1,34,6,1910,2,10,-1,1,-1
2015170H11305,2,9,0,18,0,8,0,0,0,0,1,1,6,1,42,7,2179,2,6,-1,1,-1
2015170H11315,1,9,0,18,0,0,0,0,0,0,1,1,6,3,-1,-1,-1,-1,-1,-1,-1,-1
2015170H11315,2,9,0,18,0,0,0,0,0,0,1,1,6,2,17,4,1229,1,7,-1,-1,-1
2015170H11325,1,9,0,18,0,8,0,0,0,0,4,1,6,2,35,6,1229,1,8,-1,1,-1
2015170H11325,2,9,0,9,0,6,0,0,0,0,1,1,6,3,-1,-1,-1,-1,-1,-1,-1,-1
2015170H11335,1,9,0,3,0,1,0,0,0,0,2,1,2,2,27,6,998,1,7,-1,1,-1
2015170H11335,2,9,0,18,0,1,0,0,0,0,1,1,6,1,86,11,1299,1,14,-1,1,-1
2015170H11345,1,9,0,18,0,0,0,0,1,4,1,1,1,1,51,8,1598,2,4,-1,3,-1
2015170H11355,1,9,0,11,0,0,5,0,2,7,4,1,6,2,26,6,1242,1,12,-1,1,-1
2015170H11365,1,9,0,9,0,8,0,0,0,0,1,1,6,1,37,7,1199,1,14,-1,1,-1
2015170H11365,2,9,0,18,0,8,0,0,0,0,1,1,6,1,38,7,1596,1,12,-1,1,-1
2015170H11405,1,9,0,18,0,0,0,0,0,4,4,1,6,1,29,6,1199,1,15,-1,1,-1
2015170H11405,2,9,0,18,0,0,0,0,0,0,3,1,1,1,43,7,2179,2,3,-1,3,-1
2015170H11415,1,9,0,18,0,0,0,0,0,0,1,1,6,1,26,6,1753,2,12,-1,1,-1
2015170H11415,2,9,0,2,0,0,0,0,0,0,1,1,6,2,25,5,1398,1,4,-1,1,-1
2015170H11425,1,9,0,18,0,2,0,0,0,0,1,1,6,3,-1,-1,-1,-1,-1,-1,-1,-1
2015170H11425,2,1,0,18,0,1,0,0,0,0,1,1,6,1,42,7,-1,-1,-1,-1,-1,-1
2015170H11435,1,9,0,7,0,4,0,0,0,0,1,1,6,2,76,11,-1,-1,-1,-1,1,-1
2015170H11435,2,9,0,18,0,8,0,0,0,0,4,1,6,1,-1,-1,2143,2,2,-1,1,-1
2015170H11445,1,9,0,3,0,1,0,0,0,0,2,1,6,2,22,5,1247,1,5,-1,1,-1
2015170H11445,2,9,0,18,0,1,0,0,0,0,1,1,6,1,42,7,1396,1,12,-1,1,-1
2015170H11455,1,9,0,13,0,2,0,0,0,0,4,1,2,2,53,8,1229,1,2,-1,3,-1
2015170H11455,2,1,0,7,0,2,0,0,0,0,3,1,6,1,48,8,-1,-1,-1,-1,1,-1
2015170H11465,1,9,0,3,0,1,0,0,0,0,2,1,6,1,60,9,1995,2,5,-1,1,-1
2015170H11465,2,19,0,18,0,1,0,0,0,0,1,1,6,3,-1,-1,-1,-1,-1,-1,-1,-1
2015170H11475,1,9,0,2,0,0,0,0,0,0,2,1,6,1,23,5,1598,1,6,-1,1,-1
2015170H11475,2,9,0,18,0,0,0,0,0,0,1,1,6,1,25,5,1199,1,13,-1,1,-1
2015170L10045,1,9,0,9,0,8,5,0,1,7,4,1,6,1,19,4,-1,-1,-1,-1,3,-1
2015170L10075,1,9,0,18,0,0,2,0,0,0,1,1,6,1,63,9,-1,-1,-1,-1,2,-1
2015170L10095,1,9,0,17,0,0,1,0,0,0,1,1,6,1,50,8,1956,2,5,-1,1,-1
2015170L10095,2,9,0,16,0,0,0,0,0,0,1,1,6,2,22,5,-1,-1,-1,-1,2,-1
2015170L10145,1,9,0,18,0,0,1,0,1,0,4,1,2,1,34,6,-1,-1,-1,-1,2,-1
2015170L10145,2,9,0,2,0,0,0,0,0,0,3,1,6,1,43,7,2521,1,9,-1,2,-1
2015170L10145,3,9,0,2,0,0,0,0,0,0,1,1,6,2,42,7,1598,1,7,-1,2,-1
2015170L10155,1,9,0,12,0,1,0,0,0,0,2,1,6,2,51,8,1896,2,8,-1,1,-1
2015170L10155,2,9,0,18,0,1,0,0,0,0,1,1,6,1,-1,-1,1598,1,7,-1,1,-1
2015170L10165,1,9,0,13,0,0,1,0,0,0,4,1,2,1,31,6,1997,2,14,-1,3,-1
2015170L10165,2,9,0,18,0,0,0,0,0,0,1,1,2,2,68,10,-1,-1,-1,-1,2,-1
2015170L10175,1,9,0,18,0,0,2,0,1,0,4,1,6,1,28,6,1998,2,13,-1,2,-1
2015170L10215,1,9,0,18,0,0,0,0,0,0,1,1,6,2,47,8,1461,2,4,-1,1,-1
2015170L10215,2,19,0,18,0,0,0,0,1,9,3,1,6,1,27,6,1995,2,5,-1,1,-1
2015170L10245,1,9,0,16,0,0,1,0,7,7,1,1,6,2,23,5,1229,1,5,-1,1,-1
2015170L10315,1,9,0,2,0,0,0,0,0,0,3,1,6,2,40,7,1124,1,8,-1,2,-1
2015170L10315,2,11,0,14,0,0,1,0,0,0,4,1,1,1,61,9,4461,2,1,-1,2,-1
2015170L10325,1,9,0,10,0,1,0,0,0,0,1,1,6,1,44,7,1598,1,4,-1,2,-1
2015170L10325,2,19,0,1,0,8,0,0,0,0,2,1,1,1,25,5,-1,-1,-1,-1,-1,-1
2015170L10335,1,19,0,8,0,1,0,0,0,0,2,1,2,1,24,5,1686,2,12,-1,2,-1
2015170L10335,2,9,0,7,0,1,0,0,0,0,1,1,6,1,45,7,1968,2,2,-1,3,-1
2015170L10345,1,9,0,9,0,8,0,0,0,0,3,1,1,2,50,8,-1,-1,-1,-1,2,-1
2015170L10345,2,9,0,18,0,3,0,0,0,0,1,1,1,1,42,7,1984,1,1,-1,1,-1
2015170L10435,1,1,0,18,0,4,0,0,0,0,1,1,6,1,45,7,-1,-1,-1,-1,2,-1
2015170L10435,2,9,0,7,0,4,0,0,0,0,4,1,6,1,48,8,1242,1,3,-1,1,-1
2015170L10495,1,9,0,16,0,0,0,0,1,4,1,1,6,1,20,4,-1,-1,-1,-1,1,-1
2015170L10525,1,5,0,13,0,0,0,0,0,0,3,1,6,1,50,8,1170,1,8,-1,3,-1
2015170L10525,2,9,0,18,0,0,0,0,0,0,0,1,6,2,52,8,1339,1,3,-1,-1,-1
2015170L10535,1,9,0,8,0,1,0,0,0,0,2,1,6,2,62,9,1364,1,8,-1,1,-1
2015170L10535,2,9,0,18,0,1,0,0,0,0,1,1,6,1,79,11,1124,1,12,-1,1,-1
2015170L10575,1,9,0,18,0,0,0,0,7,10,1,1,6,1,-1,-1,1999,1,10,-1,-1,-1
2015170L10615,1,9,0,18,0,4,0,9,3,7,1,1,6,1,71,10,2499,1,5,-1,3,-1
2015170L10625,1,9,0,7,0,8,0,0,0,0,3,1,6,1,57,9,1598,1,10,-1,2,-1
2015170L10625,2,9,0,9,0,8,0,0,0,0,3,1,6,1,55,8,1461,2,4,-1,2,-1
2015170L10675,1,9,0,1,9,6,0,0,0,0,4,1,6,2,41,7,1242,1,10,-1,1,-1
2015170L10675,2,1,0,18,9,8,0,0,0,0,1,1,6,1,4,1,-1,-1,-1,-1,1,-1
2015170L10685,1,9,0,16,0,0,0,0,1,7,4,1,6,1,18,4,1587,1,9,-1,2,-1
2015170L10735,1,9,0,18,0,8,0,0,0,0,4,1,6,2,44,7,1956,2,4,-1,3,-1
2015170L10735,2,9,0,18,0,8,0,0,0,0,1,1,6,1,19,4,973,1,12,-1,2,-1
2015170L10755,1,9,0,16,0,0,0,0,0,0,1,1,6,1,82,11,1896,2,7,-1,1,-1
2015170L10755,2,9,0,17,0,0,0,0,0,0,3,1,6,1,21,5,998,1,1,-1,2,-1
2015170L10805,1,11,0,2,0,0,0,0,0,0,0,1,1,1,59,9,2461,2,5,-1,3,-1
2015170L10835,1,19,0,12,0,0,0,0,0,0,3,1,1,1,37,7,2198,2,2,-1,3,-1
2015170L10835,2,9,0,18,0,0,0,0,0,0,4,1,6,2,57,9,1497,1,11,-1,2,-1
2015170L10915,1,9,0,10,0,1,0,0,0,0,2,1,6,1,47,8,2401,2,10,-1,1,-1
2015170L10915,2,9,0,16,0,1,0,0,0,0,1,1,6,1,18,4,1199,1,13,-1,3,-1