Accident_Index,Vehicle_Reference,Vehicle_Type,Towing_and_Articulation,Vehicle_Manoeuvre,Vehicle_Location-Restricted_Lane,Junction_Location,Skidding_and_Overturning,Hit_Object_in_Carriageway,Vehicle_Leaving_Carriageway,Hit_Object_off_Carriageway,1st_Point_of_Impact,Was_Vehicle_Left_Hand_Drive?,Journey_Purpose_of_Driver,Sex_of_Driver,Age_of_Driver,Age_Band_of_Driver,Engine_Capacity_(CC),Propulsion_Code,Age_of_Vehicle,Driver_IMD_Decile,Driver_Home_Area_Type,Vehicle_IMD_Decile
2015170L10925,1,9,0,18,0,0,0,0,7,0,1,1,6,1,30,6,1896,2,8,-1,2,-1
2015170L10955,1,3,0,16,0,0,0,0,1,10,1,1,6,1,30,6,49,1,6,-1,2,-1
2015170L10965,1,9,0,18,0,0,0,0,0,0,1,1,6,2,63,9,1587,1,8,-1,1,-1
2015170L11025,1,9,0,18,0,0,0,10,0,0,1,1,6,1,22,5,1596,1,13,-1,1,-1
2015170L11025,2,19,0,18,0,0,0,0,0,0,1,1,6,1,58,9,1868,2,9,-1,1,-1
2015170L11045,1,9,0,18,0,2,0,8,0,0,1,1,6,1,79,11,1149,1,6,-1,1,-1
2015170L11065,1,9,0,9,0,8,0,0,0,0,1,1,6,1,50,8,1596,1,7,-1,1,-1
2015170L11065,2,1,0,18,0,8,0,0,0,0,1,1,6,1,45,7,-1,-1,-1,-1,2,-1
2015170L11085,1,9,0,1,0,0,0,0,0,0,2,1,6,2,46,8,1422,2,6,-1,1,-1
2015170L11095,1,9,0,18,0,0,1,0,1,0,1,1,6,1,22,5,1390,1,8,-1,1,-1
2015170L11125,1,9,0,13,0,0,0,0,0,0,1,1,6,1,67,10,2179,2,2,-1,2,-1
2015170L11125,2,17,0,9,0,0,0,0,0,0,3,1,1,1,23,5,4400,2,2,-1,1,-1
2015170L11145,1,9,0,7,0,8,0,0,0,0,4,1,6,2,-1,-1,-1,-1,-1,-1,-1,-1
2015170L11175,1,9,0,18,0,8,0,0,0,0,1,1,6,1,84,11,2495,2,13,-1,3,-1
2015170L11175,2,1,0,17,0,8,0,0,0,0,3,1,6,1,51,8,-1,-1,-1,-1,1,-1
2015170L11195,1,9,0,18,0,8,0,0,0,0,1,1,6,1,48,8,1598,1,14,-1,2,-1
2015170L11195,2,1,0,18,0,8,0,0,0,0,4,1,6,1,8,2,-1,-1,-1,-1,2,-1
2015170L11235,1,9,0,18,0,8,0,0,0,0,3,1,6,1,45,7,1798,1,9,-1,3,-1
2015170L11235,2,1,0,18,0,8,0,0,0,0,1,1,6,2,8,2,-1,-1,-1,-1,1,-1
2015170L11355,1,9,0,18,0,4,0,0,0,0,1,1,2,1,41,7,1598,2,2,-1,1,-1
2015170L11355,2,1,0,18,0,8,0,0,0,0,2,1,2,1,31,6,-1,-1,-1,-1,1,-1
2015170L11395,1,9,0,18,0,0,5,0,1,11,1,1,6,1,28,6,1794,1,13,-1,3,-1
2015170L11435,1,9,0,18,0,0,0,0,7,11,1,1,6,2,48,8,1229,1,5,-1,1,-1
2015170L11435,2,9,0,18,0,0,0,0,1,11,3,1,6,1,61,9,1390,1,6,-1,1,-1
2015170L11535,1,1,0,18,0,8,0,0,0,0,4,1,6,1,35,6,-1,-1,-1,-1,-1,-1
2015170L11535,2,9,0,18,0,4,0,0,0,0,1,1,6,1,65,9,1398,1,10,-1,2,-1
2015170L11575,1,21,1,18,0,0,0,0,0,0,2,1,1,1,46,8,10837,2,2,-1,1,-1
2015170L11575,2,9,0,18,0,0,0,0,0,0,1,1,6,2,60,9,2231,2,6,-1,3,-1
2015170L11575,3,8,0,3,0,0,0,0,0,0,2,1,1,1,50,8,1560,2,-1,-1,1,-1
2015170L11675,1,9,0,7,0,5,0,0,0,0,1,1,6,1,92,11,998,1,2,-1,1,-1
2015170L11675,2,9,0,18,0,8,0,0,0,0,4,1,1,1,46,8,-1,-1,-1,-1,1,-1
2015170L11685,1,90,0,1,0,8,0,0,3,4,1,1,6,1,17,4,-1,-1,-1,-1,3,-1
2015170L11805,1,9,0,1,0,8,0,0,0,0,2,1,6,1,55,8,1598,1,13,-1,-1,-1
2015170L11965,1,9,0,9,0,2,0,0,0,0,4,1,6,1,24,5,-1,-1,-1,-1,1,-1
2015170L11985,1,9,0,18,0,0,0,0,1,0,1,1,6,2,47,8,973,1,14,-1,3,-1
2015170L12035,1,9,0,1,0,0,0,0,0,0,1,1,6,1,20,4,-1,-1,-1,-1,2,-1
2015170L12035,2,9,0,1,0,0,0,0,0,0,1,1,6,1,40,7,-1,-1,-1,-1,2,-1
2015170L20035,1,21,1,2,0,0,0,0,0,0,2,1,1,1,48,8,-1,-1,-1,-1,2,-1
2015170L20035,2,9,0,18,0,0,0,0,0,0,1,1,6,1,84,11,1796,1,8,-1,2,-1
2015170L20065,1,9,0,9,0,8,0,0,0,0,1,1,6,2,52,8,1390,1,10,-1,1,-1
2015170L20115,1,9,0,11,0,0,0,0,1,4,4,1,6,2,46,8,1998,2,12,-1,1,-1
2015170L20115,2,9,0,18,0,0,0,0,0,0,3,1,2,1,57,9,1598,1,10,-1,1,-1
2015170L20125,1,9,0,3,0,0,0,0,0,0,2,1,6,1,57,9,1582,2,3,-1,1,-1
2015170L20125,2,9,0,3,0,0,0,0,0,0,2,1,3,1,49,8,1598,1,10,-1,1,-1
2015170L20125,3,9,0,18,0,0,0,0,0,0,1,1,6,1,25,5,1968,2,4,-1,1,-1
2015170L20195,1,9,0,18,0,8,0,0,0,0,3,1,6,2,48,8,996,1,4,-1,1,-1
2015170L20195,2,9,0,9,0,6,0,0,0,0,1,1,6,1,59,9,2179,2,4,-1,2,-1
2015170L20255,1,9,0,5,0,1,0,0,0,0,2,1,6,2,23,5,1598,2,2,-1,1,-1
2015170L20255,2,9,0,5,0,1,0,0,0,0,1,1,6,2,34,6,1896,2,7,-1,2,-1
2015170L20275,1,9,0,18,0,0,0,0,0,0,1,1,6,1,31,6,1984,1,7,-1,2,-1
2015170L20275,2,9,0,4,0,0,0,0,0,0,2,1,6,1,21,5,-1,-1,-1,-1,1,-1
2015170L20285,1,9,0,18,0,0,0,0,0,0,1,1,6,3,-1,-1,-1,-1,-1,-1,-1,-1
2015170L20285,2,1,0,18,0,0,0,0,0,0,1,1,6,1,29,6,-1,-1,-1,-1,1,-1
2015170L20295,1,4,0,18,0,8,0,0,2,0,1,1,6,1,24,5,124,1,6,-1,1,-1
2015170L20295,2,9,0,3,0,1,0,0,0,0,1,1,6,1,48,8,-1,-1,-1,-1,1,-1
2015170L20295,3,19,0,18,0,1,0,0,0,0,0,1,1,1,32,6,1995,2,3,-1,-1,-1
2015170L20305,1,9,0,18,0,8,0,0,0,0,4,1,6,2,31,6,-1,-1,-1,-1,1,-1
2015170L20305,2,9,0,9,0,8,0,0,0,0,1,1,6,2,66,10,1596,1,5,-1,2,-1
2015170L20355,1,9,0,15,0,2,0,0,4,0,3,1,6,1,23,5,1560,2,5,-1,1,-1
2015170L20355,2,8,0,18,0,2,0,0,0,0,1,1,1,1,25,5,2521,1,9,-1,1,-1
2015170L20355,3,9,0,18,0,2,0,0,0,0,4,1,6,1,61,9,-1,-1,-1,-1,2,-1
2015170L20375,1,9,0,18,0,1,0,0,0,0,1,1,6,2,40,7,1968,2,-1,-1,1,-1
2015170L20375,2,9,0,7,0,2,0,0,0,0,1,1,6,1,31,6,-1,-1,-1,-1,1,-1
2015170L20425,1,3,0,18,0,0,0,0,0,0,4,1,6,2,26,6,124,1,2,-1,1,-1
2015170L20445,1,9,0,18,0,8,0,0,1,0,1,1,6,2,19,4,1198,1,2,-1,1,-1
2015170L20445,2,9,0,9,0,8,0,0,7,0,1,1,6,2,25,5,1229,1,2,-1,2,-1
2015170L20475,1,9,0,18,0,4,0,0,0,0,1,1,2,1,49,8,1951,2,11,-1,1,-1
2015170L20475,2,1,0,18,0,8,0,0,0,0,4,1,2,1,38,7,-1,-1,-1,-1,1,-1
2015170L20505,1,9,0,18,0,0,0,0,0,0,1,1,6,1,33,6,1598,2,1,-1,1,-1
2015170L20505,2,9,0,18,0,0,0,0,0,0,1,1,6,1,44,7,1560,2,2,-1,1,-1
2015170L20555,1,1,0,18,0,6,0,0,0,0,1,1,2,1,56,9,-1,-1,-1,-1,1,-1
2015170L20555,2,9,0,18,0,8,0,0,0,0,1,1,2,1,28,6,1595,1,6,-1,1,-1
2015170L20585,1,9,0,3,0,1,0,0,0,0,2,1,6,2,17,4,1124,1,11,-1,1,-1
2015170L20585,2,9,0,18,0,1,0,0,0,0,1,1,6,2,61,9,1591,1,2,-1,1,-1
2015170L20595,1,9,0,9,0,8,0,0,0,0,3,1,2,1,27,6,1198,1,12,-1,1,-1
2015170L20595,2,19,0,11,0,3,0,0,0,0,4,1,2,1,-1,-1,2198,2,1,-1,-1,-1
2015170L20605,1,9,0,18,0,4,5,9,0,0,1,1,6,2,36,7,1997,2,2,-1,1,-1
2015170L20655,1,9,0,17,0,8,0,0,0,0,1,1,6,2,40,7,1798,1,1,-1,-1,-1
2015170L20655,2,9,0,9,0,8,0,0,0,0,1,1,6,2,78,11,-1,-1,-1,-1,1,-1
2015170L20665,1,9,0,1,9,0,0,0,0,0,2,1,6,1,76,11,-1,-1,-1,-1,1,-1
2015170L20795,1,9,0,18,0,0,0,0,0,0,1,1,2,2,18,4,998,1,12,-1,1,-1
2015170L20845,1,9,0,18,0,1,0,0,0,0,1,1,6,2,28,6,1248,1,1,-1,1,-1
2015170L20845,2,9,0,7,0,8,0,0,0,0,1,1,6,2,32,6,1461,2,4,-1,1,-1
2015170L20895,1,9,0,9,0,8,0,0,0,0,3,1,6,2,46,8,1461,2,3,-1,1,-1
2015170L20895,2,9,0,13,0,8,0,0,0,0,1,1,1,1,39,7,1560,2,1,-1,1,-1
2015170L20935,1,19,0,18,0,8,0,0,0,0,1,1,1,1,40,7,-1,-1,-1,-1,-1,-1
2015170L20935,2,9,0,9,0,8,0,0,0,0,3,1,6,1,49,8,1598,2,1,-1,1,-1
2015170L20975,1,9,0,18,0,0,0,0,0,0,4,1,2,2,20,4,1368,1,-1,-1,1,-1
2015170L20985,1,4,0,13,0,8,0,0,0,0,1,1,6,1,19,4,293,1,2,-1,1,-1
2015170L20985,2,9,0,9,0,8,0,0,0,0,3,1,6,1,23,5,1198,1,12,-1,1,-1
2015170L20995,1,5,0,18,0,1,0,0,0,0,3,1,6,1,53,8,1157,1,8,-1,1,-1
2015170L21035,1,9,0,18,0,0,1,0,7,2,1,1,6,1,38,7,1796,1,14,-1,1,-1
2015170L21055,1,9,0,7,0,6,0,0,0,0,3,1,2,1,17,4,1199,1,11,-1,2,-1
2015170L21055,2,5,0,18,0,2,0,0,4,6,4,1,2,1,67,10,998,1,8,-1,1,-1
2015170L21215,1,19,0,18,0,0,0,0,1,0,1,1,1,1,-1,-1,2402,2,13,-1,1,-1
2015170L21245,1,9,0,7,0,1,0,0,0,0,1,1,6,1,21,5,1368,1,9,-1,1,-1
2015170L21245,2,9,0,8,0,1,0,0,0,0,2,1,6,2,-1,-1,-1,-1,-1,-1,-1,-1
2015170L21255,1,9,0,9,0,4,0,0,0,0,1,1,2,1,50,8,-1,-1,-1,-1,3,-1
2015170L21255,2,1,0,9,0,8,0,0,0,0,4,1,2,1,34,6,-1,-1,-1,-1,1,-1
2015170L21265,1,19,0,18,0,1,0,0,0,0,1,1,1,1,32,6,2148,2,6,-1,1,-1
2015170L21265,2,9,0,3,0,1,0,0,0,0,2,1,6,2,44,7,1956,2,4,-1,1,-1
2015170L21315,1,11,0,5,0,0,0,0,0,0,0,1,1,1,47,8,6700,2,5,-1,1,-1
2015170L21325,1,90,0,2,0,0,0,0,1,0,2,1,6,1,65,9,-1,-1,-1,-1,1,-1
2015170L21325,2,9,0,18,0,0,0,0,0,0,1,1,2,1,35,6,-1,-1,-1,-1,1,-1
2015170L21345,1,9,0,3,0,8,0,0,0,0,2,1,6,1,48,8,1598,1,2,-1,2,-1
2015170L21345,2,19,0,18,0,8,0,0,0,0,1,1,6,1,33,6,1870,2,12,-1,1,-1
2015170L21365,1,19,0,18,0,0,0,0,0,0,1,1,1,1,34,6,2402,2,5,-1,1,-1
2015170L21365,2,9,0,18,0,0,0,0,1,0,1,1,6,1,32,6,1995,2,6,-1,1,-1
2015170L21365,3,9,0,2,0,0,0,0,0,0,4,1,6,1,53,8,1796,1,6,-1,1,-1
2015170L21415,1,9,0,6,0,8,0,0,0,0,4,1,2,1,51,8,1995,2,11,-1,1,-1
2015170L21415,2,21,1,18,0,8,0,0,0,0,1,1,1,1,49,8,12777,2,2,-1,1,-1
2015170L21425,1,9,0,18,0,4,0,9,3,0,1,1,6,1,21,5,1910,2,9,-1,1,-1
2015170L21455,1,9,0,9,0,8,0,0,0,0,1,1,6,2,55,8,1685,2,3,-1,1,-1
2015170L21455,2,9,0,18,0,8,0,0,0,0,1,1,6,2,64,9,999,1,3,-1,2,-1
2015170L21455,3,9,0,10,0,1,0,0,0,0,3,1,6,3,-1,-1,-1,-1,-1,-1,-1,-1
2015170L21465,1,9,0,18,0,4,0,0,0,0,1,1,6,1,49,8,-1,-1,-1,-1,1,-1
2015170L21465,2,1,0,9,0,8,0,0,0,0,4,1,6,1,59,9,-1,-1,-1,-1,1,-1
2015170L21485,1,9,0,3,0,2,0,0,0,0,2,1,6,2,34,6,1598,1,6,-1,1,-1
2015170L21485,2,9,0,3,0,2,0,0,0,0,2,1,6,1,32,6,1896,2,6,-1,-1,-1
2015170L21485,3,9,0,18,0,1,0,0,0,0,1,1,6,2,43,7,2179,2,7,-1,-1,-1
2015170L21505,1,9,0,9,0,8,0,0,0,0,4,1,6,1,25,5,1390,1,13,-1,1,-1
2015170L21505,2,4,0,18,0,8,0,0,0,0,1,1,6,1,21,5,450,1,11,-1,1,-1
2015170L21565,1,5,0,13,0,0,0,0,0,0,1,1,2,1,30,6,782,1,11,-1,1,-1
2015170L21565,2,9,0,18,0,0,0,0,0,0,2,1,2,2,25,5,1198,1,1,-1,1,-1
2015170L21585,1,9,0,9,0,8,0,0,0,0,1,1,6,1,52,8,1598,1,13,-1,1,-1
2015170L21585,2,9,0,18,0,8,0,0,0,0,1,1,2,1,42,7,1910,2,8,-1,1,-1
2015170L21585,3,10,0,18,0,8,0,0,0,0,1,1,2,1,27,6,-1,-1,-1,-1,1,-1
2015170L21645,1,8,0,9,0,2,0,0,0,0,0,1,1,1,47,8,1598,2,2,-1,1,-1
2015170L21655,1,9,0,8,0,1,0,0,0,0,2,1,6,2,30,6,1560,2,10,-1,1,-1
2015170L21655,2,9,0,7,0,1,0,0,0,0,1,1,6,1,24,5,-1,-1,-1,-1,1,-1
2015170L21665,1,8,0,18,0,0,0,0,0,0,1,1,1,1,54,8,1349,1,7,-1,1,-1
2015170L21725,1,9,0,18,0,3,0,0,0,0,4,1,6,1,37,7,-1,-1,-1,-1,-1,-1
2015170L21735,1,19,0,9,0,8,0,0,0,0,2,1,1,1,66,10,2151,2,14,-1,1,-1
2015170L21735,2,9,0,18,0,8,0,0,1,2,1,1,6,1,18,4,1596,1,10,-1,1,-1
2015170L21795,1,9,0,18,0,0,5,0,0,0,1,1,6,1,31,6,1396,1,18,-1,1,-1
2015170L21795,2,9,0,2,0,0,0,0,0,0,2,1,6,1,46,8,2148,2,8,-1,1,-1
2015170L21825,1,9,0,7,0,0,0,0,0,0,1,1,6,2,-1,-1,-1,-1,-1,-1,-1,-1
2015170L21855,1,9,0,15,0,1,0,0,0,0,3,1,6,3,-1,-1,-1,-1,-1,-1,-1,-1
2015170L21855,2,9,0,2,0,1,0,0,0,0,4,1,6,2,30,6,1598,2,1,-1,1,-1
2015170L21885,1,9,0,18,0,8,0,0,0,0,4,1,6,2,51,8,1560,2,9,-1,2,-1
2015170L21885,2,9,0,18,0,8,0,0,0,0,1,1,2,1,58,9,2148,2,14,-1,3,-1
2015170L21885,3,9,0,18,0,8,0,0,0,0,1,1,2,1,38,7,1968,2,10,-1,1,-1
2015170L21915,1,9,0,13,0,0,0,0,0,0,4,1,6,3,-1,-1,-1,-1,-1,-1,-1,-1
2015170L21915,2,1,0,18,0,0,0,0,0,0,3,1,2,1,50,8,-1,-1,-1,-1,1,-1
2015170L21925,1,3,0,18,0,8,0,0,0,0,4,1,2,1,46,8,124,1,1,-1,1,-1
2015170L21925,2,19,0,9,0,8,0,0,0,0,1,1,1,1,59,9,1998,2,10,-1,-1,-1
2015170L21935,1,8,0,5,0,1,0,0,0,0,0,1,1,1,35,6,1896,2,5,-1,1,-1
2015170L21975,1,9,0,18,0,8,0,0,0,0,1,1,6,1,18,4,1229,1,3,-1,-1,-1
2015170L21975,2,9,0,9,0,8,0,0,0,0,1,1,6,2,24,5,1798,1,5,-1,1,-1
2015170L21995,1,9,0,18,0,1,0,0,0,0,1,1,6,3,-1,-1,-1,-1,-1,-1,-1,-1
2015170L21995,2,1,0,18,0,8,0,0,0,0,3,1,6,1,31,6,-1,-1,-1,-1,1,-1
2015170L22005,1,3,0,16,0,2,0,0,0,0,1,1,6,1,40,7,124,1,15,-1,1,-1
2015170L22005,2,9,0,17,0,1,0,0,0,0,3,1,6,1,59,9,796,1,12,-1,1,-1
2015170L22015,1,9,0,1,0,2,0,0,0,0,4,1,6,2,58,9,2204,2,5,-1,1,-1
2015170L22045,1,9,0,16,0,2,0,0,0,0,1,1,1,1,19,4,1968,2,4,-1,1,-1
2015170L22045,2,1,0,18,0,8,0,0,0,0,0,1,6,1,17,4,-1,-1,-1,-1,1,-1
2015170L30055,1,9,0,18,0,8,0,0,0,0,1,1,6,2,40,7,1995,2,3,-1,1,-1
2015170L30055,2,9,0,9,0,8,0,0,0,0,1,1,6,1,71,10,1973,1,14,-1,2,-1
2015170L30105,1,19,0,1,0,1,0,0,0,0,2,1,6,1,28,6,2402,2,12,-1,1,-1
2015170L30185,1,9,0,18,0,0,0,0,0,0,1,1,6,1,51,8,1796,1,7,-1,1,-1
2015170L30185,2,9,0,18,0,0,0,0,0,0,1,1,6,2,38,7,1248,1,5,-1,2,-1
2015170L30185,3,9,0,2,0,0,0,0,0,0,3,1,6,2,-1,-1,1461,2,2,-1,-1,-1
2015170L30205,1,9,0,18,0,0,0,0,1,2,1,1,6,1,19,4,-1,-1,-1,-1,1,-1
2015170L30265,1,8,0,6,0,0,0,0,0,0,4,1,1,1,37,7,-1,-1,-1,-1,1,-1
2015170L30265,2,9,0,18,0,0,0,0,0,0,1,1,6,1,60,9,998,1,3,-1,2,-1
2015170L30365,1,9,0,4,0,0,0,0,0,0,2,1,6,2,42,7,1796,1,8,-1,1,-1
2015170L30365,2,9,0,18,0,0,0,0,0,0,1,1,6,1,51,8,1686,2,11,-1,-1,-1
2015170L30385,1,9,0,18,0,0,0,0,0,0,0,1,6,1,65,9,1242,1,16,-1,1,-1
2015170L30395,1,9,0,18,0,8,0,0,0,0,1,1,6,1,23,5,-1,-1,-1,-1,1,-1
2015170L30395,2,9,0,9,0,8,0,0,0,0,1,1,6,1,17,4,1229,1,10,-1,1,-1
2015170L30415,1,9,0,12,0,0,0,0,0,0,2,1,6,2,36,7,1598,1,12,-1,1,-1
2015170L30415,2,9,0,13,0,0,0,0,0,0,1,1,6,1,20,4,1272,1,26,-1,1,-1
2015170L30465,1,9,0,1,0,0,0,0,0,0,2,1,6,1,72,10,-1,-1,-1,-1,1,-1
2015170L30485,1,9,0,18,0,0,0,0,0,0,1,1,6,2,33,6,1299,1,14,-1,1,-1
2015170L30565,1,9,0,3,0,0,0,0,0,0,2,1,6,2,23,5,1349,1,5,-1,2,-1
2015170L30565,2,9,0,3,0,0,0,0,0,0,2,1,6,1,54,8,1461,2,11,-1,2,-1
2015170L30565,3,9,0,18,0,0,0,0,0,0,1,1,6,1,41,7,1753,2,9,-1,2,-1
2015170L30645,1,9,0,9,0,8,0,0,0,0,4,1,6,2,36,7,1796,1,11,-1,-1,-1
2015170L30695,1,9,0,18,0,1,0,0,0,0,1,1,6,1,76,11,1995,2,6,-1,1,-1
2015170L30745,1,5,0,18,0,3,1,0,0,0,4,1,6,1,35,6,599,1,3,-1,2,-1
2015170L30745,2,9,0,18,0,1,0,0,0,0,3,1,6,1,62,9,1896,2,7,-1,1,-1
2015170L30765,1,9,0,18,0,2,0,0,0,0,4,1,6,2,36,7,1339,1,9,-1,1,-1
2015170L30815,1,9,0,9,0,8,0,0,0,0,1,1,6,2,70,10,1596,1,10,-1,1,-1
2015170L30815,2,9,0,18,0,8,0,0,0,0,4,1,6,1,55,8,998,1,16,-1,1,-1
2015170L30825,1,9,0,18,0,0,0,0,1,4,1,1,6,2,82,11,1360,1,12,-1,1,-1
2015170L30855,1,9,0,7,0,8,0,0,0,0,1,1,6,3,-1,-1,-1,-1,-1,-1,-1,-1
2015170L30875,1,9,0,10,0,1,0,0,0,0,3,1,6,1,68,10,1685,2,2,-1,1,-1
2015170L30875,2,9,0,9,0,8,0,0,0,0,1,1,6,3,-1,-1,2495,2,21,-1,-1,-1
2015170L30905,1,9,0,18,0,2,0,0,0,0,4,1,2,2,52,8,1560,2,3,-1,1,-1
2015170L30935,1,9,0,13,0,0,0,0,7,0,1,1,6,1,51,8,1461,2,1,-1,1,-1
2015170L31105,1,9,0,1,0,0,0,0,0,0,2,1,6,2,50,8,1895,1,14,-1,1,-1
2015170L31135,1,9,0,7,0,4,0,0,0,0,1,1,6,1,68,10,1586,1,1,-1,1,-1
2015170L31135,2,3,0,18,0,8,0,0,0,0,4,1,2,1,29,6,125,1,5,-1,2,-1
2015170L31225,1,9,0,18,0,0,0,0,0,0,1,1,6,1,23,5,-1,-1,-1,-1,1,-1
2015170L31225,2,19,0,2,0,0,0,0,0,0,4,1,1,2,21,5,1870,2,10,-1,1,-1
2015170L31225,3,9,0,2,0,0,0,0,0,0,1,1,6,1,37,7,1685,2,2,-1,1,-1
2015170L31275,1,9,0,3,0,1,0,0,0,0,2,1,6,1,25,5,1598,1,8,-1,1,-1
2015170L31275,2,21,0,18,0,1,0,0,0,0,1,1,1,1,55,8,4500,2,8,-1,1,-1
2015170L31285,1,9,0,9,0,0,0,0,0,0,3,1,6,1,47,8,1560,2,2,-1,1,-1
2015170L31285,2,5,0,13,0,0,0,0,0,0,1,1,6,1,23,5,600,1,17,-1,1,-1
2015170L31285,3,9,0,2,0,0,0,0,0,0,2,1,6,1,-1,-1,1868,2,13,-1,1,-1
2015170L31295,1,11,0,18,0,2,0,0,0,0,4,1,1,1,50,8,-1,2,15,-1,1,-1
2015170L31295,2,1,0,9,0,6,0,0,0,0,1,1,6,1,24,5,-1,-1,-1,-1,-1,-1
2015170L31305,1,11,0,7,0,8,0,0,1,0,0,1,1,1,54,8,9000,2,10,-1,1,-1
2015170L31405,1,9,0,3,0,0,0,0,0,0,2,1,6,2,34,6,1560,2,8,-1,2,-1
2015170L31405,2,9,0,18,0,0,0,0,0,0,1,1,6,2,45,7,-1,-1,-1,-1,1,-1
2015170L31475,1,3,0,17,0,8,1,0,0,0,1,1,6,1,29,6,-1,-1,-1,-1,1,-1
2015170L31475,2,9,0,16,0,8,0,0,0,0,1,1,6,2,35,6,1896,2,12,-1,1,-1
2015170L31495,1,9,0,13,0,0,0,0,0,0,3,1,1,2,48,8,1995,2,2,-1,1,-1
2015170L31495,2,5,0,13,0,0,0,0,0,0,3,1,2,1,46,8,782,1,12,-1,3,-1
2015170L31595,1,9,0,18,0,0,0,0,0,0,4,1,6,1,20,4,1497,1,10,-1,-1,-1
2015170L31595,2,1,0,18,0,0,0,0,0,0,1,1,6,2,14,3,-1,-1,-1,-1,1,-1
2015170L31605,1,9,0,18,0,1,0,0,0,0,3,1,6,1,50,8,1753,2,7,-1,-1,-1
2015170L31625,1,9,0,18,0,0,0,0,0,0,3,1,6,3,-1,-1,-1,-1,-1,-1,-1,-1
2015170L31705,1,19,0,3,0,1,0,0,0,0,2,1,6,1,51,8,-1,-1,-1,-1,1,-1
2015170L31705,2,9,0,3,0,1,0,0,0,0,2,1,6,2,20,4,1229,1,1,-1,1,-1
2015170L31705,3,9,0,18,0,1,0,0,0,0,1,1,6,1,26,6,1229,1,3,-1,1,-1
2015170L31755,1,9,0,18,0,0,0,0,0,0,1,1,6,3,-1,-1,-1,-1,-1,-1,-1,-1
2015170L31785,1,9,0,8,0,1,0,0,0,0,2,1,6,2,31,6,1591,1,6,-1,1,-1
2015170L31785,2,9,0,7,0,1,0,0,0,0,1,1,6,1,40,7,-1,-1,-1,-1,3,-1
2015170L31815,1,21,1,7,0,6,0,0,0,0,0,1,6,3,-1,-1,-1,-1,-1,-1,-1,-1
2015170L31815,2,9,0,4,0,1,0,0,0,0,2,1,2,2,21,5,1240,1,10,-1,1,-1
2015170L31815,3,9,0,4,0,1,0,0,4,6,1,1,2,1,24,5,1598,1,12,-1,1,-1
2015170L31895,1,9,0,3,0,0,0,0,0,0,2,1,6,1,37,7,1910,2,9,-1,1,-1
2015170L31895,2,9,0,18,0,0,0,0,0,0,1,1,6,1,49,8,1798,8,2,-1,1,-1
2015170L31945,1,9,0,18,0,2,0,0,1,10,1,1,6,1,23,5,2494,1,16,-1,1,-1
2015170L31945,2,9,0,18,0,2,0,0,0,0,2,1,6,2,73,10,1596,1,7,-1,1,-1
2015170L40025,1,9,0,18,0,8,0,0,0,0,1,1,2,2,35,6,1753,2,6,-1,1,-1
2015170L40025,2,9,0,9,0,8,0,0,0,0,3,1,6,1,76,11,1686,2,3,-1,2,-1
2015170L40085,1,9,0,18,0,1,0,0,0,0,1,1,6,2,73,10,1461,2,8,-1,1,-1
2015170L40135,1,9,0,4,0,0,0,0,0,0,2,1,6,2,21,5,-1,-1,-1,-1,1,-1
2015170L40135,2,9,0,18,0,0,0,0,0,0,1,1,6,1,67,10,1796,1,11,-1,2,-1
2015170L40405,1,9,0,18,0,0,0,0,0,0,4,1,6,1,50,8,1596,1,13,-1,2,-1
2015170L40405,2,1,0,18,0,0,0,0,0,0,1,1,6,1,9,2,-1,-1,-1,-1,2,-1
2015170L40455,1,9,0,18,0,0,0,0,1,0,1,1,2,2,29,6,-1,-1,-1,-1,1,-1
2015170L40635,1,5,0,18,0,8,0,0,0,0,3,1,6,1,70,10,798,1,2,-1,2,-1
2015170L40635,2,9,0,9,0,8,0,0,0,0,1,1,6,2,44,7,1598,1,10,-1,2,-1
2015170L40715,1,9,0,9,0,8,0,0,0,0,1,1,6,1,81,11,1998,2,6,-1,2,-1
2015170L40715,2,1,0,9,0,8,0,0,0,0,3,1,6,1,44,7,-1,-1,-1,-1,1,-1
2015170L40775,1,9,0,18,0,0,0,0,0,0,4,1,6,3,-1,-1,-1,-1,-1,-1,-1,-1
2015170L40785,1,9,0,18,0,0,0,0,0,0,1,1,6,1,39,7,-1,-1,-1,-1,2,-1
2015170L40785,2,9,0,18,0,0,0,0,0,0,1,1,6,1,30,6,1390,1,7,-1,2,-1
2015170L40885,1,19,0,18,0,8,0,0,0,0,3,1,1,1,25,5,1997,2,13,-1,1,-1
2015170L40885,2,1,0,18,0,8,0,0,0,0,1,1,6,1,15,3,-1,-1,-1,-1,2,-1
2015170L41155,1,19,0,9,0,6,0,0,0,0,1,1,6,1,-1,-1,1868,2,9,-1,-1,-1
2015170L41155,2,9,0,18,0,1,0,0,0,0,1,1,6,2,25,5,1242,1,1,-1,2,-1
2015170L41205,1,5,0,16,0,0,0,0,0,0,1,1,6,1,55,8,748,1,12,-1,2,-1
2015170L41205,2,9,0,17,0,0,0,0,0,0,1,1,6,1,55,8,1248,2,5,-1,2,-1
2015170L41335,1,9,0,16,0,0,2,0,7,11,1,1,6,2,20,4,1400,2,8,-1,2,-1
2015170L41335,2,9,0,17,0,0,0,0,0,0,1,1,6,1,42,7,1124,1,10,-1,3,-1
2015170L41385,1,9,0,9,0,8,0,0,0,0,1,1,6,1,28,6,-1,-1,-1,-1,2,-1
2015170L41385,2,22,0,18,0,8,0,0,0,0,1,1,6,1,73,10,-1,-1,-1,-1,2,-1
2015170L41545,1,9,0,4,0,0,0,0,0,0,2,1,2,1,36,7,1368,1,-1,-1,2,-1