Accident_Index,Vehicle_Reference,Vehicle_Type,Towing_and_Articulation,Vehicle_Manoeuvre,Vehicle_Location-Restricted_Lane,Junction_Location,Skidding_and_Overturning,Hit_Object_in_Carriageway,Vehicle_Leaving_Carriageway,Hit_Object_off_Carriageway,1st_Point_of_Impact,Was_Vehicle_Left_Hand_Drive?,Journey_Purpose_of_Driver,Sex_of_Driver,Age_of_Driver,Age_Band_of_Driver,Engine_Capacity_(CC),Propulsion_Code,Age_of_Vehicle,Driver_IMD_Decile,Driver_Home_Area_Type,Vehicle_IMD_Decile
2015170M11725,1,9,0,18,0,8,0,0,0,0,3,1,2,1,30,6,1242,1,17,-1,1,-1
2015170M11725,2,9,0,18,0,8,0,0,0,0,1,1,2,1,43,7,1753,2,6,-1,1,-1
2015170M11735,1,5,0,17,0,0,0,0,0,0,3,1,6,1,35,6,988,1,13,-1,1,-1
2015170M11755,1,21,0,11,0,0,0,0,0,0,4,1,1,1,32,6,11021,2,16,-1,1,-1
2015170M11755,2,9,0,18,0,0,0,0,7,6,3,1,2,2,28,6,1796,1,8,-1,1,-1
2015170M11765,1,8,0,2,0,1,0,0,0,0,3,1,1,1,59,9,1896,2,7,-1,1,-1
2015170M11765,2,9,0,14,0,1,0,0,0,0,4,1,1,1,-1,-1,1997,2,6,-1,-1,-1
2015170M11785,1,8,0,18,0,0,0,0,0,0,3,1,1,1,24,5,1686,2,4,-1,1,-1
2015170M11795,1,9,0,10,0,1,0,0,0,0,2,1,6,2,32,6,1197,1,-1,-1,1,-1
2015170M11795,2,9,0,9,0,1,0,0,0,0,1,1,6,1,23,5,1398,1,3,-1,1,-1
2015170M11815,1,9,0,8,0,1,0,0,0,0,2,1,1,1,58,9,1582,2,1,-1,1,-1
2015170M11815,2,11,0,7,0,1,0,0,0,0,1,1,1,1,-1,-1,6700,2,5,-1,1,-1
2015170M11825,1,9,0,9,0,8,0,0,0,0,3,1,6,1,60,9,1390,1,14,-1,1,-1
2015170M11825,2,9,0,9,0,8,0,0,0,0,1,1,6,1,41,7,1360,1,10,-1,1,-1
2015170M11865,1,9,0,9,0,8,0,0,0,0,1,1,6,2,21,5,2184,2,13,-1,1,-1
2015170M11865,2,9,0,18,0,8,0,0,0,0,1,1,6,1,39,7,1598,1,2,-1,1,-1
2015170M11875,1,9,0,9,0,8,0,0,0,0,4,1,6,2,24,5,1461,2,-1,-1,1,-1
2015170M11875,2,9,0,18,0,8,0,0,0,0,1,1,6,1,41,7,1769,1,10,-1,1,-1
2015170M11885,1,9,0,8,0,1,0,0,0,0,2,1,1,1,46,8,1560,2,6,-1,1,-1
2015170M11885,2,9,0,18,0,1,0,0,0,0,1,1,6,1,43,7,1896,2,8,-1,1,-1
2015170M11905,1,1,0,18,0,0,0,0,0,0,2,1,6,1,14,3,-1,-1,-1,-1,1,-1
2015170M11905,2,9,0,18,0,0,0,0,0,0,1,1,6,2,-1,-1,-1,-1,-1,-1,-1,-1
2015170M11915,1,9,0,10,0,1,0,0,0,0,2,1,6,1,48,8,1995,1,5,-1,1,-1
2015170M11915,2,19,0,18,0,1,0,0,0,0,1,1,6,1,20,4,2198,2,2,-1,-1,-1
2015170M11925,1,9,0,10,0,1,0,0,0,0,2,1,6,2,52,8,1198,1,1,-1,1,-1
2015170M11925,2,9,0,9,0,1,0,0,0,0,1,1,6,2,37,7,1598,1,11,-1,-1,-1
2015170M11955,1,1,0,18,0,8,0,0,0,0,1,1,6,1,47,8,-1,-1,-1,-1,1,-1
2015170M11955,2,9,0,9,0,8,0,0,0,0,4,1,6,1,68,10,1951,2,10,-1,2,-1
2015170M11965,1,9,0,9,0,6,0,0,0,0,1,1,6,1,60,9,1598,2,-1,-1,1,-1
2015170M11975,1,3,0,7,0,1,0,0,0,0,3,1,6,1,25,5,124,1,4,-1,1,-1
2015170M11975,2,9,0,13,0,1,0,0,0,0,4,1,6,1,67,10,1896,2,14,-1,3,-1
2015170M11995,1,9,0,18,0,0,2,0,1,9,1,1,6,1,19,4,1300,1,21,-1,1,-1
2015170M12005,1,9,0,3,0,0,0,0,0,0,2,1,3,1,48,8,1997,2,10,-1,1,-1
2015170M12005,2,8,0,3,0,0,0,0,0,0,2,1,1,1,50,8,1896,2,8,-1,1,-1
2015170M12005,3,9,0,18,0,0,0,0,0,0,1,1,6,1,23,5,1968,2,3,-1,1,-1
2015170M12015,1,9,0,9,0,8,0,0,0,0,1,1,6,1,50,8,1591,1,3,-1,-1,-1
2015170M12015,2,1,0,18,0,8,0,0,0,0,1,1,6,1,46,8,-1,-1,-1,-1,1,-1
2015170M12025,1,1,0,18,0,8,0,0,0,0,2,1,6,1,20,4,-1,-1,-1,-1,1,-1
2015170M12025,2,8,0,7,0,8,0,0,0,0,1,1,6,1,30,6,1910,2,6,-1,-1,-1
2015170M12035,1,9,0,2,0,0,0,0,0,0,3,1,6,2,35,6,1951,2,15,-1,1,-1
2015170M12035,2,1,0,18,0,0,0,0,0,0,1,1,6,2,49,8,-1,-1,-1,-1,1,-1
2015170M12045,1,19,0,3,0,2,0,0,0,0,2,1,6,1,52,8,1560,2,1,-1,1,-1
2015170M12045,2,9,0,18,0,2,0,0,0,0,1,1,6,1,-1,-1,-1,-1,-1,-1,-1,-1
2015170M12055,1,9,0,18,0,8,0,0,0,0,1,1,6,1,46,8,993,1,12,-1,2,-1
2015170M12055,2,9,0,9,0,8,0,0,0,0,1,1,6,1,-1,-1,-1,-1,-1,-1,-1,-1
2015170M12065,1,9,0,18,0,0,0,0,0,0,1,1,6,2,31,6,1242,1,-1,-1,1,-1
2015170M12065,2,9,0,2,0,0,0,0,0,0,2,1,6,2,-1,-1,1242,1,5,-1,1,-1
2015170M12065,3,1,0,18,0,0,0,0,0,0,2,1,6,1,12,3,-1,-1,-1,-1,1,-1
2015170M12075,1,8,0,18,0,0,0,0,0,0,1,1,1,1,57,9,1598,2,1,-1,1,-1
2015170M12075,2,9,0,3,0,0,0,0,0,0,2,1,6,1,42,7,-1,-1,-1,-1,1,-1
2015170M12095,1,9,0,18,0,0,0,0,0,0,4,1,6,3,-1,-1,-1,-1,-1,-1,-1,-1
2015170M12125,1,9,0,1,0,6,0,0,0,0,2,1,6,2,47,8,-1,-1,-1,-1,1,-1
2015170M12135,1,9,0,18,0,1,0,0,0,0,1,1,2,1,18,4,1149,1,12,-1,1,-1
2015170M12135,2,9,0,3,0,1,0,0,0,0,2,1,6,2,43,7,1198,1,5,-1,1,-1
2015170M12135,3,9,0,3,0,1,0,0,0,0,2,1,6,1,42,7,1968,2,5,-1,1,-1
2015170M12155,1,3,0,18,0,8,0,0,0,0,1,1,6,1,31,6,124,1,12,-1,1,-1
2015170M12155,2,19,0,18,0,8,0,0,0,0,1,1,1,1,36,7,1968,2,1,-1,1,-1
2015170M12185,1,9,0,18,0,0,0,0,0,0,1,1,6,1,77,11,1296,1,8,-1,1,-1
2015170M12185,2,9,0,2,0,0,0,0,0,0,2,1,6,1,41,7,1496,2,-1,-1,1,-1
2015170M12205,1,9,0,10,0,1,0,0,0,0,2,1,6,2,21,5,1229,1,2,-1,1,-1
2015170M12205,2,9,0,18,0,1,0,0,0,0,1,1,6,1,-1,-1,1149,1,12,-1,1,-1
2015170M12215,1,1,0,18,0,0,0,0,0,0,2,1,6,1,20,4,-1,-1,-1,-1,1,-1
2015170M12215,2,9,0,18,0,0,0,0,0,0,1,1,6,3,-1,-1,-1,-1,-1,-1,-1,-1
2015170M12225,1,9,0,7,0,8,0,0,0,0,1,1,6,1,33,6,1900,2,10,-1,2,-1
2015170M12225,2,9,0,18,0,8,0,0,0,0,1,1,2,2,43,7,1598,1,6,-1,1,-1
2015170M12235,1,9,0,18,0,0,0,0,0,0,1,1,6,1,20,4,1364,1,8,-1,1,-1
2015170M12235,2,9,0,3,0,0,0,0,0,0,2,1,6,1,57,9,-1,-1,-1,-1,1,-1
2015170M12245,1,9,0,9,0,8,0,0,0,0,1,1,2,1,27,6,1968,2,2,-1,1,-1
2015170M12245,2,8,0,18,0,8,0,0,0,0,4,1,2,1,49,8,1968,2,2,-1,1,-1
2015170M12275,1,9,0,1,0,0,0,0,0,0,2,1,6,3,-1,-1,1149,1,3,-1,-1,-1
2015170M12285,1,9,0,18,0,0,0,0,0,0,1,1,6,1,29,6,1461,2,5,-1,1,-1
2015170M12285,2,9,0,4,0,0,0,0,0,0,2,1,6,1,68,10,1596,1,17,-1,3,-1
2015170M12285,3,9,0,4,0,0,0,0,0,0,2,1,6,1,26,6,1587,1,11,-1,1,-1
2015170M12295,1,9,0,18,0,2,0,0,0,0,1,1,6,1,48,8,1968,2,-1,-1,1,-1
2015170M12295,2,1,0,18,0,6,0,0,0,0,1,1,6,1,41,7,-1,-1,-1,-1,1,-1
2015170M12305,1,19,0,18,0,0,0,0,0,0,1,1,1,1,25,5,2143,2,3,-1,1,-1
2015170M12305,2,19,0,3,0,0,0,0,4,0,2,1,1,1,34,6,1686,2,8,-1,1,-1
2015170M12315,1,5,0,14,0,1,1,0,0,0,3,1,2,1,33,6,1783,1,-1,-1,1,-1
2015170M12335,1,9,0,9,0,8,0,0,0,0,1,1,1,1,26,6,1598,2,3,-1,2,-1
2015170M12335,2,9,0,18,0,8,0,0,0,0,1,1,6,2,23,5,1956,2,4,-1,1,-1
2015170M12345,1,9,0,18,0,0,0,0,0,0,1,1,6,1,29,6,999,1,-1,-1,1,-1
2015170M12345,2,1,0,18,0,0,0,0,0,0,1,1,6,1,14,3,-1,-1,-1,-1,1,-1
2015170M12355,1,8,0,5,0,0,0,0,0,0,0,1,1,3,-1,-1,-1,-1,-1,-1,-1,-1
2015170M12385,1,8,0,3,0,2,0,0,0,0,3,1,1,1,46,8,1910,2,7,-1,1,-1
2015170M12385,2,8,0,18,0,2,0,0,0,0,3,1,1,1,49,8,1896,2,6,-1,1,-1
2015170M12385,3,10,0,18,0,2,0,0,0,0,3,1,1,1,35,6,-1,-1,-1,-1,1,-1
2015170M12385,4,9,0,18,0,2,0,0,0,0,3,1,6,2,20,4,1198,1,6,-1,1,-1
2015170M12385,5,8,0,18,0,2,0,0,0,0,3,1,1,1,44,7,1598,2,4,-1,1,-1
2015170M12385,6,9,0,9,0,2,0,0,0,0,4,1,6,1,20,4,1598,1,14,-1,1,-1
2015170M12395,1,9,0,1,0,1,0,0,0,0,2,1,6,1,-1,-1,-1,-1,-1,-1,-1,-1
2015170M12415,1,9,0,3,0,1,0,0,0,0,2,1,6,1,41,7,1299,1,11,-1,1,-1
2015170M12415,2,8,0,18,0,1,0,0,0,0,1,1,1,1,23,5,1896,2,4,-1,1,-1
2015170M12425,1,97,0,14,0,0,0,0,0,0,1,1,6,1,24,5,-1,-1,-1,-1,1,-1
2015170M12425,2,9,0,4,0,0,0,0,0,0,3,1,6,1,65,9,1461,2,7,-1,-1,-1
2015170M12425,3,9,0,2,0,0,0,0,0,0,2,1,6,1,57,9,1242,1,11,-1,1,-1
2015170M12435,1,9,0,9,0,8,0,0,0,0,3,1,6,1,23,5,1388,1,6,-1,1,-1
2015170M12435,2,3,0,13,0,8,0,0,0,0,1,1,6,1,17,4,124,1,16,-1,1,-1
2015170M12445,1,21,1,11,0,0,0,0,0,0,4,1,1,1,49,8,10837,2,2,-1,1,-1
2015170M12445,2,9,0,18,0,0,0,0,2,7,3,1,2,2,25,5,1968,2,-1,-1,1,-1
2015170M12455,1,9,0,18,0,8,0,0,0,0,1,1,6,2,34,6,1149,1,6,-1,1,-1
2015170M12455,2,9,0,2,0,8,0,0,0,0,2,1,6,1,37,7,1796,1,21,-1,1,-1
2015170M12465,1,11,0,18,0,0,0,0,0,0,0,1,1,1,54,8,9600,2,16,-1,2,-1
2015170M12475,1,9,0,2,0,0,0,0,0,0,2,1,2,1,30,6,1461,2,12,-1,1,-1
2015170M12475,2,8,0,18,0,0,0,0,0,0,1,1,1,1,-1,-1,1560,2,7,-1,1,-1
2015170M12495,1,8,0,18,0,0,0,0,0,0,1,1,1,1,30,6,1896,2,9,-1,1,-1
2015170M12505,1,9,0,11,0,0,0,0,0,0,4,1,6,1,71,10,1560,2,1,-1,1,-1
2015170M12505,2,21,1,16,0,0,0,0,0,0,3,1,1,1,46,8,12600,2,12,-1,1,-1
2015170M12525,1,9,0,17,0,0,0,0,1,7,4,1,2,1,22,5,3498,1,10,-1,1,-1
2015170M12535,1,8,0,7,0,8,0,0,0,0,1,1,1,1,48,8,1598,2,5,-1,1,-1
2015170M12535,2,1,0,18,0,8,0,0,0,0,4,1,2,1,30,6,-1,-1,-1,-1,1,-1
2015170M12545,1,9,0,18,0,8,0,0,0,0,1,1,6,3,-1,-1,-1,-1,-1,-1,-1,-1
2015170M12545,2,9,0,18,0,8,0,0,0,0,4,1,6,1,57,9,1796,1,13,-1,1,-1
2015170M12555,1,9,0,3,0,1,0,0,0,0,2,1,6,2,39,7,1242,1,9,-1,1,-1
2015170M12555,2,9,0,18,0,1,0,0,0,0,1,1,6,2,-1,-1,1242,1,6,-1,1,-1
2015170M12585,1,9,0,18,0,8,0,0,0,0,1,1,6,3,-1,-1,1781,1,14,-1,-1,-1
2015170M12585,2,8,0,18,0,8,0,0,0,0,3,1,1,1,40,7,1686,2,5,-1,1,-1
2015170M12595,1,9,0,2,0,1,0,0,0,0,4,1,6,2,22,5,-1,-1,-1,-1,1,-1
2015170M12595,2,19,0,9,0,2,0,0,0,0,1,1,1,1,-1,-1,-1,-1,-1,-1,-1,-1
2015170M12615,1,9,0,3,0,2,0,0,0,0,2,1,6,2,55,8,1560,2,2,-1,1,-1
2015170M12615,2,9,0,18,0,2,0,0,0,0,1,1,6,1,28,6,1798,1,11,-1,1,-1
2015170M12625,1,8,0,5,0,2,0,0,0,0,0,1,1,1,48,8,1753,2,6,-1,1,-1
2015170M12675,1,8,0,18,0,8,0,0,0,0,1,1,1,1,22,5,1910,2,9,-1,1,-1
2015170M12685,1,9,0,18,0,0,0,0,7,7,3,1,6,2,24,5,1360,1,7,-1,1,-1
2015170M12695,1,9,0,18,0,1,0,0,0,0,1,1,6,1,22,5,3000,1,14,-1,1,-1
2015170M12695,2,9,0,18,0,2,0,0,0,0,1,1,6,1,74,10,1896,2,7,-1,1,-1
2015170M12695,3,9,0,18,0,2,0,0,0,0,1,1,6,2,17,4,1598,2,2,-1,1,-1
2015170M12705,1,9,0,7,0,8,0,0,0,0,1,1,6,2,53,8,1242,1,3,-1,1,-1
2015170M12705,2,9,0,18,0,8,0,0,0,0,3,1,6,1,52,8,1199,1,11,-1,1,-1
2015170M12745,1,9,0,18,0,0,0,0,0,0,1,1,6,1,18,4,-1,-1,-1,-1,1,-1
2015170M12745,2,9,0,18,0,0,0,0,0,0,1,1,6,2,50,8,2143,2,1,-1,1,-1
2015170M12745,3,9,0,18,0,0,0,0,0,0,3,1,6,2,43,7,1364,1,6,-1,1,-1
2015170M12775,1,19,0,1,0,1,0,0,0,0,2,1,6,1,-1,-1,2143,2,4,-1,-1,-1
2015170M12775,2,9,0,2,0,1,0,0,0,0,1,1,6,2,20,4,-1,-1,-1,-1,1,-1
2015170M12785,1,9,0,18,0,1,0,0,0,0,1,1,6,2,43,7,1149,1,12,-1,1,-1
2015170M12785,2,9,0,3,0,1,0,0,0,0,2,1,6,1,39,7,1995,2,9,-1,1,-1
2015170M12795,1,9,0,18,0,0,0,0,0,0,1,1,2,1,21,5,-1,-1,-1,-1,1,-1
2015170M12795,2,9,0,18,0,0,0,0,0,0,2,1,2,1,52,8,998,1,1,-1,1,-1
2015170M12805,1,8,0,18,0,0,0,0,0,0,2,1,1,1,52,8,1595,1,4,-1,1,-1
2015170M12805,2,9,0,18,0,0,0,0,0,0,1,1,6,3,-1,-1,1242,1,13,-1,-1,-1
2015170M12815,1,9,0,5,0,1,0,0,0,0,3,1,6,3,-1,-1,-1,-1,-1,-1,-1,-1
2015170M12815,2,1,0,18,0,1,0,0,0,0,1,1,6,1,38,7,-1,-1,-1,-1,1,-1
2015170M12835,1,1,0,14,0,1,0,0,0,0,1,1,6,1,20,4,-1,-1,-1,-1,1,-1
2015170M12835,2,9,0,18,0,2,0,0,0,0,1,1,6,1,62,9,2496,2,11,-1,1,-1
2015170M12845,1,9,0,7,0,2,0,0,0,0,3,1,1,2,46,8,1596,1,12,-1,1,-1
2015170M12845,2,9,0,13,0,1,0,0,0,0,4,1,6,3,-1,-1,-1,-1,-1,-1,-1,-1
2015170M12855,1,8,0,18,0,8,0,0,0,0,1,1,1,1,57,9,1896,2,8,-1,1,-1
2015170M12855,2,9,0,18,0,8,0,0,0,0,1,1,1,1,41,7,-1,-1,-1,-1,1,-1
2015170M12865,1,9,0,5,0,1,0,0,0,0,1,1,6,1,-1,-1,-1,-1,-1,-1,-1,-1
2015170M12865,2,1,0,18,0,1,0,0,0,0,1,1,6,1,26,6,-1,-1,-1,-1,1,-1
2015170M12875,1,9,0,18,0,0,0,0,0,0,4,1,6,3,-1,-1,-1,-1,-1,-1,-1,-1
2015170M12895,1,21,0,13,0,0,0,0,0,0,0,1,6,3,-1,-1,-1,-1,-1,-1,-1,-1
2015170M12895,2,1,0,18,0,0,0,0,0,0,3,1,6,1,27,6,-1,-1,-1,-1,1,-1
2015170M12895,3,1,0,18,0,0,0,0,0,0,3,1,6,1,33,6,-1,-1,-1,-1,1,-1
2015170M12905,1,9,0,18,0,0,0,0,0,0,4,1,6,1,28,6,999,1,8,-1,1,-1
2015170M12905,2,1,0,18,0,0,0,0,0,0,1,1,6,1,37,7,-1,-1,-1,-1,1,-1
2015170M12915,1,8,0,9,0,8,0,0,0,0,4,1,1,1,27,6,-1,-1,-1,-1,1,-1
2015170M12915,2,9,0,18,0,8,0,0,0,0,1,1,6,3,-1,-1,-1,-1,-1,-1,-1,-1
2015170M12945,1,9,0,10,0,8,0,0,0,0,1,1,6,1,20,4,1995,2,5,-1,1,-1
2015170M12945,2,8,0,18,0,8,0,0,0,0,1,1,1,1,30,6,-1,-1,-1,-1,1,-1
2015170M12955,1,9,0,18,0,8,0,0,0,0,3,1,6,2,20,4,1242,1,1,-1,1,-1
2015170M12955,2,9,0,18,0,3,0,0,0,0,4,1,6,1,51,8,1769,1,12,-1,1,-1
2015170M12965,1,9,0,9,0,8,0,0,0,0,3,1,6,1,80,11,875,1,2,-1,1,-1
2015170M12965,2,19,0,18,0,8,0,0,0,0,1,1,2,1,48,8,2953,2,11,-1,1,-1
2015170M12965,3,9,0,18,0,1,0,0,0,0,1,1,6,1,20,4,1598,2,4,-1,1,-1
2015170M12995,1,3,0,3,0,0,0,0,0,0,1,1,2,1,19,4,124,1,-1,-1,1,-1
2015170M12995,2,8,0,1,0,0,0,0,0,0,2,1,1,1,44,7,1896,2,7,-1,1,-1
2015170M13005,1,19,0,9,0,8,0,0,0,0,1,1,1,1,55,8,1998,2,9,-1,2,-1
2015170M13005,2,9,0,18,0,8,0,0,0,0,1,1,6,2,50,8,-1,-1,-1,-1,1,-1
2015170M13015,1,9,0,18,0,0,0,0,0,0,4,1,6,2,37,7,1753,2,7,-1,1,-1
2015170M13015,2,9,0,12,0,0,0,0,0,0,3,1,2,2,31,6,875,1,1,-1,1,-1
2015170M13025,1,9,0,9,0,2,0,0,0,0,1,1,6,1,26,6,1560,2,3,-1,1,-1
2015170M13035,1,9,0,10,0,1,0,0,0,0,2,1,6,2,18,4,1328,1,7,-1,1,-1
2015170M13035,2,9,0,18,0,1,0,0,0,0,1,1,6,1,-1,-1,1796,1,15,-1,-1,-1
2015170M13045,1,3,0,18,0,8,0,0,0,0,4,1,6,1,46,8,124,1,4,-1,1,-1
2015170M13045,2,9,0,9,0,4,0,0,0,0,1,1,6,2,58,9,1461,2,1,-1,1,-1
2015170M13065,1,9,0,18,0,0,0,0,0,0,0,1,6,1,60,9,998,1,2,-1,2,-1
2015170M13065,2,9,0,18,0,0,0,0,0,0,0,1,6,3,-1,-1,-1,-1,-1,-1,-1,-1
2015170M13075,1,9,0,18,0,0,1,0,1,4,1,1,6,1,26,6,1896,2,9,-1,1,-1
2015170M13085,1,4,0,16,0,0,1,0,0,0,0,1,2,1,29,6,125,1,-1,-1,1,-1
2015170M13115,1,9,0,8,0,1,0,0,0,0,2,1,6,2,34,6,1753,2,7,-1,1,-1
2015170M13115,2,9,0,7,0,1,0,0,0,0,1,1,6,1,83,11,1360,1,9,-1,1,-1
2015170M13125,1,9,0,7,0,6,0,0,0,0,4,1,6,1,-1,-1,1595,1,2,-1,-1,-1
2015170M13145,1,9,0,4,0,0,0,0,0,0,2,1,2,1,40,7,1896,2,13,-1,2,-1
2015170M13145,2,9,0,4,0,0,0,0,0,0,2,1,2,1,26,6,1998,1,8,-1,2,-1
2015170M13145,3,9,0,4,0,0,0,0,0,0,2,1,2,2,30,6,1461,2,-1,-1,1,-1
2015170M13145,4,9,0,18,0,0,0,0,0,0,1,1,2,1,46,8,1560,2,8,-1,1,-1
2015170M13145,5,9,0,18,0,0,0,0,0,0,0,1,2,1,47,8,1242,1,9,-1,1,-1
2015170M13145,6,9,0,18,0,0,0,0,0,0,1,1,2,2,37,7,998,1,1,-1,1,-1
2015170M13155,1,9,0,18,0,1,0,0,0,0,1,1,6,1,-1,-1,-1,-1,-1,-1,-1,-1
2015170M13155,2,9,0,4,0,1,0,0,0,0,2,1,6,2,23,5,1124,1,12,-1,1,-1
2015170M13165,1,9,0,18,0,0,0,0,0,0,4,1,1,1,25,5,1800,1,15,-1,1,-1
2015170M13175,1,9,0,9,0,8,5,0,0,0,1,1,6,2,24,5,1229,1,8,-1,1,-1
2015170M13175,2,8,0,18,0,8,0,0,0,0,1,1,1,1,37,7,1598,2,5,-1,1,-1
2015170M13225,1,9,0,18,0,8,0,0,0,0,0,1,1,1,46,8,1968,2,-1,-1,-1,-1
2015170M13225,2,9,0,18,0,6,0,0,0,0,1,1,6,1,34,6,1685,2,-1,-1,1,-1
2015170M13235,1,19,0,1,0,8,0,0,0,0,2,1,1,1,24,5,2477,2,-1,-1,1,-1
2015170M13285,1,9,0,7,0,5,0,0,0,0,4,1,6,1,69,10,1329,1,2,-1,1,-1
2015170M13285,2,1,0,18,0,6,0,0,0,0,1,1,6,2,14,3,-1,-1,-1,-1,1,-1
2015170M13345,1,9,0,18,0,0,0,0,0,0,4,1,6,3,-1,-1,-1,-1,-1,-1,-1,-1
2015170M13355,1,9,0,18,0,8,0,0,0,0,3,1,6,1,60,9,-1,-1,-1,-1,-1,-1
2015170M13355,2,9,0,9,0,6,0,0,0,0,1,1,6,1,51,8,1248,1,3,-1,1,-1
2015170M13375,1,5,0,18,0,2,0,10,0,0,0,1,6,1,50,8,592,1,21,-1,1,-1
2015170M13375,2,9,0,18,0,1,0,0,0,0,0,1,6,3,-1,-1,-1,-1,-1,-1,-1,-1
2015170M13405,1,9,0,3,0,2,0,0,0,0,2,1,6,2,23,5,1598,1,12,-1,1,-1
2015170M13405,2,9,0,3,0,2,0,0,0,0,2,1,6,1,28,6,1998,2,12,-1,1,-1
2015170M13405,3,9,0,18,0,2,0,0,0,0,1,1,6,2,22,5,1242,1,1,-1,1,-1
2015170M13415,1,9,0,3,0,1,0,0,0,0,1,1,2,1,38,7,1598,1,10,-1,1,-1
2015170M13415,2,19,0,1,0,1,0,0,0,0,2,1,6,1,25,5,2500,2,9,-1,-1,-1
2015170M13425,1,8,0,16,0,8,0,0,0,0,2,1,1,1,41,7,1896,2,6,-1,1,-1
2015170M13425,2,8,0,17,0,8,0,0,0,0,1,1,1,1,-1,-1,-1,-1,-1,-1,-1,-1
2015170M20015,1,9,0,1,0,2,0,0,0,0,2,1,6,3,-1,-1,-1,-1,-1,-1,-1,-1
2015170M20025,1,9,0,18,0,8,0,0,0,0,3,1,1,1,39,7,1968,2,3,-1,2,-1
2015170M20025,2,19,0,18,0,8,0,0,0,0,1,1,1,1,40,7,2402,2,11,-1,1,-1
2015170M20045,1,9,0,13,0,1,0,0,0,0,1,1,6,2,32,6,1796,1,9,-1,1,-1
2015170M20045,2,1,0,9,0,1,0,0,0,0,2,1,6,1,32,6,-1,-1,-1,-1,1,-1
2015170M20125,1,9,0,18,0,1,0,0,0,0,1,1,6,1,31,6,1796,1,13,-1,1,-1
2015170M20285,1,9,0,1,0,1,0,0,0,0,2,1,6,2,45,7,1399,2,6,-1,1,-1
2015170M20285,2,9,0,18,0,1,0,0,0,0,1,1,6,2,-1,-1,1560,2,5,-1,-1,-1
2015170M20425,1,19,0,18,0,8,0,0,0,0,3,1,1,1,56,9,-1,-1,-1,-1,1,-1
2015170M20425,2,20,0,18,0,8,0,0,0,0,1,1,1,1,45,7,5193,2,6,-1,1,-1
2015170M20435,1,19,0,18,0,8,0,0,0,0,0,1,6,1,27,6,2500,2,15,-1,1,-1
2015170M20435,2,97,0,18,0,8,0,0,1,11,1,1,6,1,15,3,-1,-1,-1,-1,1,-1
2015170M20465,1,8,0,18,0,0,0,0,0,0,3,1,1,1,28,6,1896,2,7,-1,1,-1
2015170M20485,1,9,0,18,0,0,5,0,5,6,1,1,6,3,-1,-1,-1,-1,-1,-1,-1,-1
2015170M20725,1,9,0,18,0,8,0,0,0,0,1,1,6,1,72,10,-1,-1,-1,-1,2,-1
2015170M20725,2,19,0,18,0,8,0,0,1,11,1,1,1,1,52,8,-1,-1,-1,-1,1,-1
2015170M20785,1,9,0,18,0,0,0,0,0,0,3,1,6,2,36,7,1749,1,12,-1,1,-1
2015170M20785,2,9,0,1,0,0,0,0,0,0,2,1,6,2,49,8,1997,2,11,-1,1,-1
2015170M20815,1,9,0,10,0,1,0,0,0,0,2,1,6,2,46,8,1596,1,13,-1,-1,-1
2015170M20815,2,9,0,18,0,1,0,0,0,0,1,1,6,1,19,4,1390,1,11,-1,1,-1
2015170M20895,1,19,0,18,0,0,0,0,0,0,1,1,6,1,36,7,2188,2,14,-1,1,-1
2015170M20895,2,9,0,1,0,0,0,0,0,0,2,1,6,2,29,6,1360,1,12,-1,1,-1
2015170M21055,1,9,0,18,0,1,0,0,0,0,1,1,6,1,-1,-1,1299,1,13,-1,-1,-1
2015170M21055,2,9,0,3,0,1,0,0,0,0,2,1,6,1,19,4,1149,1,10,-1,1,-1
2015170M21225,1,8,0,11,4,1,0,0,0,0,4,1,1,1,50,8,1968,2,4,-1,1,-1
2015170M21225,2,1,0,18,4,1,0,0,0,0,1,1,2,1,47,8,-1,-1,-1,-1,1,-1
2015170M21235,1,1,0,18,0,1,0,0,0,0,3,1,6,2,39,7,-1,-1,-1,-1,1,-1
2015170M21235,2,9,0,1,0,1,0,0,0,0,2,1,6,3,-1,-1,-1,-1,-1,-1,-1,-1
2015170M21245,1,9,0,7,0,6,0,0,0,0,1,1,6,2,40,7,1386,1,4,-1,1,-1
2015170M21245,2,9,0,18,0,8,0,0,0,0,1,1,6,2,27,6,1995,1,8,-1,1,-1
2015170M21435,1,9,0,18,0,0,0,0,0,0,4,1,6,3,-1,-1,-1,-1,-1,-1,-1,-1
2015170M21605,1,19,0,3,0,1,0,0,0,0,0,1,1,1,46,8,-1,-1,-1,-1,-1,-1
2015170M21605,2,9,0,18,0,1,0,0,0,0,1,1,6,1,-1,-1,-1,-1,-1,-1,-1,-1
2015170M21615,1,9,0,3,0,1,0,0,0,0,2,1,6,1,46,8,1798,1,11,-1,1,-1
2015170M21615,2,9,0,18,0,1,0,0,0,0,1,1,6,2,82,11,1248,1,3,-1,1,-1
2015170M21625,1,11,0,18,0,0,0,0,0,0,0,1,1,1,27,6,6871,2,6,-1,1,-1
2015170M21745,1,9,0,4,0,2,0,0,0,0,2,1,6,1,49,8,1896,2,7,-1,1,-1
2015170M21745,2,9,0,18,0,2,0,0,0,0,1,1,6,1,23,5,1299,1,14,-1,1,-1
2015170M21895,1,1,0,18,0,0,0,0,0,0,4,1,6,1,11,3,-1,-1,-1,-1,1,-1
2015170M21895,2,9,0,18,0,0,0,0,0,0,1,1,6,2,31,6,1199,1,12,-1,1,-1
2015170M21935,1,9,0,18,0,0,0,0,0,0,1,1,6,3,-1,-1,-1,-1,-1,-1,-1,-1
2015170M21935,2,1,0,18,0,0,0,0,0,0,2,1,6,2,15,3,-1,-1,-1,-1,1,-1