Accident_Index,Vehicle_Reference,Vehicle_Type,Towing_and_Articulation,Vehicle_Manoeuvre,Vehicle_Location-Restricted_Lane,Junction_Location,Skidding_and_Overturning,Hit_Object_in_Carriageway,Vehicle_Leaving_Carriageway,Hit_Object_off_Carriageway,1st_Point_of_Impact,Was_Vehicle_Left_Hand_Drive?,Journey_Purpose_of_Driver,Sex_of_Driver,Age_of_Driver,Age_Band_of_Driver,Engine_Capacity_(CC),Propulsion_Code,Age_of_Vehicle,Driver_IMD_Decile,Driver_Home_Area_Type,Vehicle_IMD_Decile
201520G004875,1,9,0,9,0,8,0,0,0,0,1,1,2,2,35,6,973,1,12,-1,1,-1
201520G004875,2,9,0,18,0,8,0,10,1,10,1,1,3,2,48,8,1560,2,2,-1,1,-1
201520G004885,1,11,0,18,0,0,0,0,0,0,0,1,6,1,-1,-1,-1,-1,-1,-1,-1,-1
201520G004895,1,1,0,18,9,8,0,0,0,0,1,1,6,1,37,7,-1,-1,-1,-1,1,-1
201520G004895,2,9,0,7,9,6,0,0,0,0,1,1,2,1,19,4,1149,1,11,-1,1,-1
201520G004915,1,9,0,9,0,6,0,0,0,0,4,1,6,2,48,8,1229,1,7,-1,1,-1
201520G004915,2,5,0,18,0,8,0,0,0,0,1,1,6,1,57,9,1250,1,13,-1,1,-1
201520G004975,1,3,0,18,0,0,0,0,0,0,1,1,1,1,21,5,124,1,3,-1,1,-1
201520G004975,2,9,0,5,0,0,0,0,0,0,1,1,6,2,-1,-1,-1,-1,-1,-1,-1,-1
201520G004985,1,19,0,18,0,8,0,0,0,0,4,1,1,1,51,8,2198,2,1,-1,1,-1
201520G004985,2,1,0,5,0,8,0,0,0,0,1,1,6,1,32,6,-1,-1,-1,-1,1,-1
201520G004995,1,9,0,14,0,0,0,0,0,0,1,1,6,1,69,10,1199,1,13,-1,1,-1
201520G005005,1,19,0,7,0,6,0,0,0,0,4,1,1,1,36,7,2287,2,1,-1,1,-1
201520G005115,1,9,0,18,0,0,0,0,0,0,1,1,6,1,-1,-1,-1,-1,-1,-1,-1,-1
201520G005155,1,9,0,9,0,6,0,0,0,0,1,1,6,1,74,10,1796,1,9,-1,1,-1
201520G005155,2,9,0,18,0,8,0,0,0,0,1,1,6,3,-1,-1,1995,2,9,-1,-1,-1
201520G005265,1,9,0,18,0,1,0,10,1,2,1,1,6,1,34,6,1984,1,14,-1,1,-1
201520G005275,1,9,0,18,0,0,2,4,7,0,1,1,6,1,33,6,1896,2,8,-1,1,-1
201520G005275,2,9,0,2,0,0,0,10,1,4,2,1,6,2,-1,-1,1242,1,1,-1,-1,-1
201520G005275,3,9,0,2,0,0,0,0,0,0,3,1,6,2,-1,-1,1396,1,17,-1,-1,-1
201520G005295,1,9,0,13,0,1,0,0,0,0,1,1,6,1,-1,-1,1587,1,13,-1,-1,-1
201520G005295,2,9,0,18,0,1,0,0,0,0,3,1,6,1,45,7,1240,1,10,-1,1,-1
201520G005305,1,5,0,18,0,1,2,0,0,0,1,1,2,1,29,6,1000,1,1,-1,1,-1
201520G005305,2,9,0,4,0,1,0,0,0,0,2,1,6,1,57,9,1951,2,11,-1,1,-1
201520G005325,1,9,0,18,0,3,0,0,0,0,0,1,6,3,-1,-1,-1,-1,-1,-1,-1,-1
201520G005325,2,9,0,18,0,3,0,0,0,0,2,1,6,1,-1,-1,1998,2,9,-1,-1,-1
201520G005325,3,9,0,18,0,3,0,0,0,0,1,1,6,1,30,6,1390,1,12,-1,1,-1
201520G005335,1,9,0,18,0,0,0,0,0,0,1,1,1,1,21,5,1998,1,10,-1,1,-1
201520G005335,2,9,0,3,0,0,0,0,0,0,2,1,1,1,27,6,1798,1,11,-1,1,-1
201520G005345,1,9,0,7,0,8,0,0,0,0,3,1,6,2,31,6,998,1,2,-1,1,-1
201520G005345,2,19,0,18,0,8,0,0,0,0,1,1,1,1,26,6,1686,2,13,-1,1,-1
201520G005405,1,9,0,18,0,0,0,0,0,0,3,1,6,1,44,7,1360,1,15,-1,1,-1
201520G005405,2,1,0,18,0,0,0,0,0,0,1,1,6,1,13,3,-1,-1,-1,-1,1,-1
201520G005415,1,9,0,18,0,2,0,0,0,0,3,1,2,2,52,8,-1,-1,-1,-1,1,-1
201520G005425,1,5,0,10,0,8,0,0,0,0,1,1,6,1,28,6,599,1,11,-1,-1,-1
201520G005425,2,9,0,9,0,8,0,0,0,0,1,1,4,1,-1,-1,1360,1,8,-1,-1,-1
201520G005435,1,9,0,5,9,8,0,0,0,0,1,1,6,1,-1,-1,1587,1,6,-1,-1,-1
201520G005435,2,1,0,18,9,8,0,0,0,0,1,1,2,1,25,5,-1,-1,-1,-1,1,-1
201520G005445,1,90,0,1,9,0,0,0,0,0,2,1,6,3,-1,-1,-1,-1,-1,-1,-1,-1
201520G005465,1,9,0,18,0,1,0,0,0,0,1,1,6,1,-1,-1,-1,-1,-1,-1,-1,-1
201520G005465,2,9,0,3,0,1,0,0,0,0,2,1,1,1,32,6,1910,2,8,-1,1,-1
201520G005475,1,9,0,18,0,8,0,0,0,0,1,1,6,2,37,7,1968,2,1,-1,1,-1
201520G005475,2,9,0,18,0,8,0,0,0,0,1,1,1,1,24,5,1896,2,13,-1,1,-1
201520G005475,3,9,0,18,0,1,0,0,0,0,3,1,6,1,46,8,1598,1,13,-1,1,-1
201520G005505,1,9,0,18,0,1,0,0,0,0,4,1,6,1,37,7,1149,1,15,-1,1,-1
201520G005535,1,11,0,4,0,0,0,10,1,5,4,1,1,1,-1,-1,7300,2,4,-1,-1,-1
201520G005555,1,9,0,5,0,6,0,0,0,0,1,1,2,2,25,5,-1,-1,-1,-1,1,-1
201520G005555,2,9,0,18,0,8,0,0,0,0,1,1,1,1,45,7,998,1,13,-1,1,-1
201520G005565,1,9,0,18,0,0,0,0,0,0,1,1,6,1,35,6,-1,-1,-1,-1,-1,-1
201520G005595,1,9,0,18,0,2,0,0,0,0,1,1,2,2,18,4,1149,1,13,-1,1,-1
201520G005605,1,9,0,5,0,1,0,0,0,0,1,1,6,1,52,8,1360,1,12,-1,1,-1
201520G005605,2,9,0,5,0,1,0,0,0,0,2,1,6,2,39,7,1679,1,17,-1,1,-1
201520G005635,1,3,0,18,9,0,0,0,1,10,1,1,6,1,16,4,102,1,11,-1,1,-1
201520G005655,1,9,0,9,0,6,0,0,0,0,1,1,6,1,42,7,1796,1,4,-1,1,-1
201520G005685,1,9,0,9,0,6,0,0,0,0,1,1,6,1,72,10,1396,1,11,-1,1,-1
201520G005685,2,9,0,18,0,8,2,10,7,0,2,1,6,1,70,10,1590,1,13,-1,1,-1
201520G005695,1,9,0,7,0,1,0,0,0,0,1,1,1,2,30,6,1242,1,14,-1,1,-1
201520G005695,2,1,0,18,0,1,5,0,0,0,3,1,1,1,19,4,-1,-1,-1,-1,1,-1
201520G005705,1,9,0,9,0,5,0,0,0,0,1,1,6,2,67,10,1796,1,12,-1,1,-1
201520G005705,2,9,0,18,0,8,0,0,0,0,1,1,6,2,34,6,1398,2,8,-1,1,-1
201520G005715,1,9,0,9,0,6,0,0,0,0,1,1,2,1,37,7,1499,1,8,-1,1,-1
201520G005715,2,9,0,18,0,8,0,0,0,0,3,1,6,2,63,9,1968,2,2,-1,1,-1
201520G005735,1,9,0,1,0,8,0,0,0,0,2,1,6,2,28,6,1198,1,12,-1,1,-1
201520G005735,2,9,0,3,0,8,0,0,0,0,1,1,6,1,31,6,1360,1,11,-1,1,-1
201520G005755,1,9,0,18,0,1,0,0,0,0,1,1,6,1,-1,-1,1149,1,14,-1,-1,-1
201520G005755,2,9,0,3,0,1,0,0,0,0,2,1,6,1,38,7,1199,1,12,-1,1,-1
201520G005765,1,9,0,7,9,6,0,0,0,0,1,1,6,1,-1,-1,-1,-1,-1,-1,-1,-1
201520G005775,1,9,0,18,0,4,0,0,0,0,1,1,6,1,80,11,1341,1,13,-1,1,-1
201520G005775,2,9,0,17,0,8,0,0,0,0,4,1,2,1,27,6,1896,2,8,-1,1,-1
201520G005815,1,9,0,18,0,1,0,0,0,0,1,1,6,1,50,8,2993,2,2,-1,-1,-1
201520G005815,2,9,0,18,0,1,0,0,0,0,2,1,6,2,38,7,1197,1,2,-1,2,-1
201520G005845,1,9,0,18,0,1,0,0,0,0,1,1,6,1,82,11,1956,2,1,-1,3,-1
201520G005845,2,9,0,3,0,1,0,0,0,0,2,1,1,1,48,8,1997,2,7,-1,1,-1
201520G005845,3,9,0,10,0,1,0,0,0,0,2,1,6,2,32,6,2143,2,6,-1,1,-1
201520G005855,1,10,0,4,0,1,0,0,0,0,0,1,1,2,57,9,2198,2,5,-1,1,-1
201520G005895,1,9,0,18,0,2,0,0,0,0,1,1,6,2,-1,-1,1596,1,8,-1,-1,-1
201520G005895,2,9,0,3,0,2,0,0,0,0,2,1,6,2,29,6,1360,1,11,-1,1,-1
201520G005905,1,9,0,18,0,0,0,0,0,0,1,1,6,2,22,5,998,1,2,-1,1,-1
201520G005905,2,1,0,18,0,0,0,0,0,0,1,1,6,1,12,3,-1,-1,-1,-1,1,-1
201520G005925,1,9,0,18,0,8,0,0,0,0,1,1,6,1,31,6,2997,1,13,-1,1,-1
201520G005925,2,9,0,7,0,8,0,10,7,7,3,1,6,1,49,8,1360,1,13,-1,1,-1
201520G005975,1,9,0,18,0,1,0,0,0,0,3,1,6,2,52,8,995,1,8,-1,1,-1
201520G005985,1,19,0,18,0,0,0,0,0,0,4,1,6,1,-1,-1,-1,-1,-1,-1,-1,-1
201520G005995,1,9,0,18,0,2,0,0,0,0,1,1,6,3,-1,-1,-1,-1,-1,-1,-1,-1
201520G005995,2,1,0,18,0,2,0,0,0,0,2,1,6,1,13,3,-1,-1,-1,-1,1,-1
201520G006005,1,9,0,18,0,0,0,10,7,10,1,1,2,1,60,9,-1,-1,-1,-1,1,-1
201520G006005,2,9,0,2,0,0,0,0,0,0,1,1,6,2,70,10,-1,-1,-1,-1,1,-1
201520G006015,1,9,0,4,0,8,0,0,0,0,2,1,6,1,-1,-1,1360,1,14,-1,1,-1
201520G006015,2,9,0,4,0,1,1,0,0,0,1,1,1,1,62,9,2295,1,11,-1,1,-1
201520G006025,1,11,0,5,0,0,0,0,0,0,0,1,1,1,30,6,-1,-1,-1,-1,-1,-1
201520G006055,1,9,0,18,0,0,0,0,0,0,1,1,1,1,51,8,1796,1,7,-1,1,-1
201520G006055,2,9,0,18,0,0,0,0,0,0,2,1,1,2,24,5,1368,1,8,-1,1,-1
201520G006065,1,9,0,5,0,1,0,0,0,0,1,1,6,1,-1,-1,1988,1,14,-1,-1,-1
201520G006065,2,1,0,18,0,1,0,0,0,0,1,1,1,1,54,8,-1,-1,-1,-1,1,-1
201520G006075,1,9,0,9,0,5,0,0,0,0,1,1,6,1,-1,-1,-1,-1,-1,-1,-1,-1
201520G006075,2,1,0,18,0,8,0,0,0,0,1,1,6,1,25,5,-1,-1,-1,-1,1,-1
201520G006105,1,9,0,18,0,0,0,0,0,0,3,1,1,1,35,6,1995,2,-1,-1,1,-1
201520G006105,2,1,0,18,0,0,0,0,0,0,1,1,6,1,14,3,-1,-1,-1,-1,1,-1
201520G006115,1,9,0,5,0,0,0,0,0,0,1,1,6,3,-1,-1,-1,-1,-1,-1,-1,-1
201520G006145,1,19,0,18,0,8,0,0,0,0,3,1,2,1,27,6,2198,2,3,-1,1,-1
201520G006145,2,9,0,18,0,8,0,0,0,0,1,1,2,1,44,7,1598,1,5,-1,1,-1
201520G006175,1,19,0,1,0,2,0,0,0,0,2,1,1,1,37,7,1968,2,1,-1,1,-1
201520G006175,2,5,0,3,0,1,0,0,0,0,1,1,6,1,57,9,1261,1,9,-1,3,-1
201520G006185,1,9,0,9,0,6,0,0,0,0,3,1,2,2,25,5,1242,1,3,-1,1,-1
201520G006185,2,9,0,18,0,8,0,0,0,0,1,1,2,2,33,6,1598,1,14,-1,1,-1
201520G006195,1,9,0,18,0,1,0,0,0,0,1,1,2,1,50,8,-1,-1,-1,-1,3,-1
201520G006195,2,9,0,3,0,1,0,0,0,0,2,1,2,2,50,8,1796,1,13,-1,1,-1
201520G006205,1,11,0,18,0,0,0,0,0,0,0,1,1,1,60,9,-1,-1,-1,-1,1,-1
201520G006215,1,9,0,9,0,5,0,0,0,0,4,1,2,1,44,7,1598,1,14,-1,1,-1
201520G006215,2,1,0,18,0,8,0,0,0,0,1,1,2,1,43,7,-1,-1,-1,-1,1,-1
201520G006235,1,9,0,18,0,1,0,0,0,0,1,1,6,1,-1,-1,-1,-1,-1,-1,-1,-1
201520G006235,2,9,0,10,0,1,0,0,0,0,2,1,6,2,35,6,1461,2,9,-1,1,-1
201520G006235,3,9,0,10,0,1,0,0,0,0,2,1,6,1,46,8,1968,2,3,-1,1,-1
201520G006245,1,9,0,18,0,8,1,0,0,0,1,1,6,1,33,6,1598,1,5,-1,1,-1
201520G006245,2,9,0,18,0,8,1,10,1,1,1,1,6,2,50,8,1560,2,8,-1,1,-1
201520G006255,1,9,0,18,0,1,0,0,0,0,1,1,6,1,27,6,2494,1,13,-1,1,-1
201520G006255,2,9,0,9,0,1,5,7,5,6,2,1,6,1,25,5,998,1,12,-1,1,-1
201520G006265,1,9,0,18,0,4,0,10,1,0,1,1,2,1,23,5,998,1,15,-1,1,-1
201520G006265,2,9,0,9,0,3,0,7,7,0,4,1,1,1,64,9,1686,2,3,-1,1,-1
201520G006285,1,11,0,4,0,8,0,0,0,0,0,1,1,1,53,8,5883,2,14,-1,1,-1
201520G006325,1,9,0,18,0,2,0,0,0,0,1,1,2,1,32,6,2902,2,8,-1,1,-1
201520G006325,2,9,0,3,0,2,0,0,0,0,2,1,1,1,48,8,2993,2,1,-1,1,-1
201520G006335,1,9,0,13,0,1,1,10,1,0,1,1,6,1,18,4,2000,2,11,-1,1,-1
201520G006335,2,9,0,9,0,1,2,10,1,0,1,1,6,1,18,4,1229,1,4,-1,1,-1
201520G006345,1,9,0,7,0,2,0,0,0,0,4,1,6,1,36,7,1598,1,11,-1,1,-1
201520G006345,2,9,0,7,0,2,0,0,0,0,3,1,6,1,24,5,1598,1,6,-1,1,-1
201520G006365,1,9,0,14,0,0,0,0,0,0,1,1,3,1,35,6,1493,6,17,-1,1,-1
201520G006375,1,1,0,18,0,1,0,0,0,0,2,1,6,1,-1,-1,-1,-1,-1,-1,1,-1
201520G006375,2,9,0,18,0,1,0,0,0,0,1,1,6,2,29,6,1299,1,12,-1,2,-1
201520G006395,1,9,0,18,0,4,0,0,0,0,1,1,6,1,-1,-1,1248,2,8,-1,1,-1
201520G006395,2,1,0,18,0,8,0,0,0,0,4,1,1,1,31,6,-1,-1,-1,-1,1,-1
201520G006425,1,9,0,9,0,8,0,0,0,0,2,1,6,1,-1,-1,1598,1,3,-1,1,-1
201520G006425,2,3,0,13,0,8,2,0,0,0,1,1,6,1,26,6,124,1,2,-1,1,-1
201520G006435,1,9,0,18,0,8,0,0,0,0,1,1,2,2,41,7,1686,2,5,-1,1,-1
201520G006435,2,9,0,18,0,8,0,0,0,0,4,1,6,2,41,7,1997,2,6,-1,1,-1
201520G006445,1,9,0,5,0,0,0,0,0,0,1,1,6,1,40,7,1598,2,2,-1,1,-1
201520G006455,1,3,0,18,0,8,0,0,0,0,1,1,6,1,35,6,124,1,2,-1,-1,-1
201520G006455,2,9,0,9,0,6,0,0,0,0,3,1,6,3,-1,-1,-1,-1,-1,-1,-1,-1
201520G006485,1,9,0,18,0,1,0,0,0,0,1,1,6,2,-1,-1,998,1,16,-1,1,-1
201520G006495,1,11,0,2,0,2,0,0,0,0,0,1,1,1,35,6,4500,2,4,-1,1,-1
201520G006525,1,9,0,18,0,1,0,0,0,0,1,1,6,1,-1,-1,1796,1,12,-1,1,-1
201520G006525,2,9,0,3,0,1,0,0,0,0,2,1,6,1,25,5,1390,1,12,-1,1,-1
201520G006775,1,5,0,18,0,0,0,0,0,0,1,1,6,1,61,9,998,1,8,-1,1,-1
201520G006775,2,9,0,3,0,0,0,0,0,0,2,1,6,1,24,5,1596,1,4,-1,1,-1
201520G006785,1,9,0,18,0,0,0,0,0,0,1,1,6,1,52,8,3222,2,12,-1,1,-1
201520G006795,1,9,0,17,0,0,0,0,0,0,1,1,6,1,24,5,1124,1,13,-1,1,-1
201520G006885,1,9,0,14,0,0,0,0,0,0,1,1,6,1,84,11,1399,1,11,-1,1,-1
201520G006885,2,9,0,18,0,0,0,0,0,0,1,1,6,2,26,6,1388,1,11,-1,1,-1
201520G006895,1,9,0,14,0,0,0,0,0,0,1,1,6,1,49,8,3199,1,14,-1,1,-1
201520G006905,1,9,0,9,0,6,0,0,0,0,3,1,3,2,33,6,-1,-1,-1,-1,1,-1
201520G006905,2,3,0,18,0,8,0,0,0,0,1,1,1,1,18,4,124,1,14,-1,1,-1
201520G006915,1,9,0,7,0,6,0,0,0,0,1,1,6,2,58,9,1598,2,2,-1,1,-1
201520G006915,2,9,0,18,0,8,0,0,0,0,1,1,6,1,63,9,1149,1,12,-1,1,-1
201520G006995,1,9,0,18,0,0,0,0,0,0,1,1,6,3,-1,-1,-1,-1,-1,-1,-1,-1
201520G007035,1,9,0,3,0,1,0,0,0,0,2,1,6,1,21,5,1461,2,10,-1,1,-1
201520G007035,2,9,0,11,0,1,0,0,0,0,1,1,6,1,-1,-1,-1,-1,-1,-1,-1,-1
201520G007045,1,9,0,13,0,8,0,0,0,0,4,1,6,2,-1,-1,1390,1,14,-1,-1,-1
201520G007045,2,9,0,17,0,8,0,0,0,0,3,1,2,2,24,5,1197,1,5,-1,1,-1
201520G007145,1,19,0,9,0,6,0,0,0,0,1,1,6,3,-1,-1,2151,2,11,-1,-1,-1
201520G007145,2,9,0,18,0,8,0,0,0,0,3,1,6,2,48,8,1198,1,9,-1,1,-1
201520G007155,1,9,0,18,0,1,0,0,0,0,1,1,6,1,32,6,2171,2,14,-1,2,-1
201520G007155,2,8,0,18,0,1,0,0,0,0,2,1,6,1,-1,-1,1560,2,8,-1,1,-1
201520G007175,1,5,0,18,0,0,0,0,0,0,1,1,6,1,50,8,1050,1,7,-1,1,-1
201520G007175,2,9,0,3,0,0,0,0,0,0,2,1,6,1,62,9,1995,2,8,-1,1,-1
201520G007215,1,9,0,14,0,0,0,0,0,0,1,1,6,2,38,7,1896,2,8,-1,1,-1
201520G007215,2,9,0,14,0,0,0,0,0,0,1,1,6,2,32,6,1968,2,8,-1,1,-1
201520G007225,1,19,0,7,0,5,0,0,0,0,4,1,1,1,53,8,1998,2,11,-1,1,-1
201520G007245,1,9,0,18,0,8,0,0,0,0,1,1,6,1,40,7,1686,2,9,-1,1,-1
201520G007265,1,9,0,18,0,0,0,0,0,0,1,1,6,1,-1,-1,998,1,1,-1,-1,-1
201520G007265,2,9,0,3,0,0,0,0,0,0,2,1,6,2,38,7,1149,1,10,-1,-1,-1
201520G007265,3,9,0,3,0,0,0,0,0,0,2,1,6,1,62,9,1956,2,4,-1,1,-1
201520G007275,1,9,0,3,0,0,0,0,0,0,2,1,6,2,47,8,1497,1,13,-1,1,-1
201520G007275,2,9,0,3,0,0,0,0,0,0,2,1,6,3,-1,-1,-1,-1,-1,-1,-1,-1
201520G007275,3,9,0,18,0,0,0,0,0,0,1,1,6,3,-1,-1,-1,-1,-1,-1,-1,-1
201520G007285,1,19,0,7,9,6,0,0,0,0,1,1,1,1,50,8,1995,2,2,-1,1,-1
201520G007305,1,5,0,18,0,0,0,0,0,0,1,1,6,1,53,8,805,1,9,-1,1,-1
201520G007305,2,9,0,18,0,0,0,0,0,0,1,1,6,1,17,4,1242,1,7,-1,1,-1
201520G007315,1,9,0,9,0,8,0,0,0,0,1,1,6,2,24,5,998,1,13,-1,-1,-1
201520G007315,2,3,0,18,0,8,0,0,0,0,1,1,6,1,23,5,124,1,17,-1,1,-1
201520G007335,1,9,0,5,0,4,0,0,0,0,3,1,6,3,-1,-1,3498,1,1,-1,-1,-1
201520G007335,2,1,0,17,0,8,0,0,0,0,4,1,6,1,46,8,-1,-1,-1,-1,1,-1
201520G007345,1,8,0,18,0,5,0,10,0,0,1,1,1,1,-1,-1,1686,2,11,-1,-1,-1
201520G007355,1,9,0,18,0,0,1,0,0,0,1,1,6,1,30,6,-1,-1,-1,-1,-1,-1
201520G007355,2,9,0,3,0,0,0,0,0,0,2,1,6,2,52,8,1390,1,12,-1,1,-1
201520G007365,1,19,0,18,0,1,0,0,0,0,4,1,6,1,23,5,1560,2,4,-1,1,-1
201520G007405,1,9,0,18,0,1,0,0,0,0,1,1,6,1,-1,-1,2393,1,14,-1,1,-1
201520G007405,2,9,0,4,0,1,0,0,0,0,2,1,1,1,23,5,2179,2,4,-1,1,-1
201520G007575,1,9,0,18,0,1,0,0,0,0,1,1,2,2,34,6,1389,1,14,-1,1,-1
201520G007585,1,9,0,9,0,5,0,0,0,0,3,1,6,1,45,7,3800,1,3,-1,1,-1
201520G007595,1,9,0,18,0,2,1,10,1,7,1,1,6,1,60,9,1388,1,4,-1,1,-1
201520G007595,2,9,0,18,0,2,0,0,0,0,2,1,6,1,43,7,1986,2,10,-1,1,-1
201520G007605,1,9,0,18,0,0,0,4,0,0,1,1,6,3,-1,-1,-1,-1,-1,-1,-1,-1
201520G007605,2,9,0,4,0,0,0,0,0,0,2,1,2,1,22,5,1248,2,4,-1,1,-1
201520G007605,3,9,0,2,0,0,0,0,0,0,3,1,6,1,32,6,1390,1,9,-1,1,-1
201520G007665,1,9,0,7,0,5,0,10,7,0,1,1,6,1,-1,-1,1560,2,1,-1,-1,-1
201520G007695,1,1,0,18,0,0,0,0,0,0,1,1,6,1,38,7,-1,-1,-1,-1,1,-1
201520G007695,2,9,0,18,0,0,0,0,0,0,1,1,6,1,-1,-1,1995,2,-1,-1,1,-1
201520G007715,1,9,0,4,0,8,1,0,0,0,1,1,6,1,27,6,2324,1,13,-1,1,-1
201520G007715,2,9,0,18,0,8,0,0,0,0,3,1,6,1,74,10,1560,2,2,-1,1,-1
201520G007735,1,9,0,7,0,6,0,0,0,0,1,1,6,1,43,7,1499,2,-1,-1,1,-1
201520G007735,2,1,0,18,0,2,0,0,0,0,2,1,6,1,47,8,-1,-1,-1,-1,1,-1
201520G007745,1,9,0,18,0,0,0,0,0,0,1,1,6,1,30,6,-1,-1,-1,-1,-1,-1
201520G007745,2,19,0,18,0,0,0,0,0,0,2,1,6,1,30,6,-1,-1,-1,-1,1,-1
201520G007745,3,9,0,18,0,0,0,0,0,0,2,1,6,2,58,9,1124,1,15,-1,1,-1
201520G007765,1,9,0,14,0,2,0,0,0,0,1,1,6,1,46,8,1598,2,-1,-1,1,-1
201520G007775,1,9,0,7,0,2,0,0,0,0,3,1,2,2,-1,-1,1995,2,11,-1,1,-1
201520G007955,1,9,0,9,0,5,0,0,0,0,1,1,6,1,19,4,1248,2,3,-1,1,-1
201520G007955,2,9,0,18,0,8,0,0,0,0,1,1,6,2,45,7,999,1,1,-1,-1,-1
201520G007985,1,9,0,18,0,4,0,0,0,0,3,1,2,1,36,7,1896,2,10,-1,1,-1
201520G007985,2,1,0,18,0,3,0,0,0,0,1,1,2,1,56,9,-1,-1,-1,-1,1,-1
201520G008045,1,9,0,18,0,2,1,10,7,10,1,1,6,1,20,4,1587,1,16,-1,1,-1
201520G008045,2,9,0,10,0,1,0,0,0,0,3,1,6,1,38,7,1560,2,7,-1,1,-1
201520G008055,1,9,0,18,0,8,0,0,0,0,1,1,6,1,29,6,1584,1,14,-1,1,-1
201520G008055,2,9,0,18,0,8,0,0,0,0,1,1,6,1,61,9,1598,1,16,-1,1,-1
201520G008065,1,8,0,7,0,2,0,0,0,0,1,1,6,1,46,8,1910,2,9,-1,1,-1
201520G008105,1,9,0,16,0,0,0,0,0,0,1,1,1,1,44,7,-1,-1,-1,-1,1,-1
201520G008105,2,9,0,17,0,0,0,0,0,0,1,1,1,1,23,5,1686,2,11,-1,1,-1
201520G008115,1,90,0,18,0,1,0,0,0,0,1,1,6,1,23,5,-1,-1,-1,-1,1,-1
201520G008115,2,9,0,7,0,2,0,0,0,0,1,1,6,2,34,6,1598,1,6,-1,1,-1
201520G008135,1,9,0,4,0,1,0,0,0,0,1,1,6,1,53,8,1596,1,15,-1,1,-1
201520G008135,2,9,0,4,0,1,0,0,0,0,2,1,6,1,30,6,2143,2,5,-1,3,-1
201520G008145,1,9,0,18,0,1,0,0,0,0,1,1,6,3,-1,-1,-1,-1,-1,-1,-1,-1
201520G008155,1,9,0,1,0,6,0,0,0,0,2,1,6,2,48,8,1598,1,7,-1,1,-1
201520G008165,1,21,0,18,0,8,0,0,0,0,1,1,1,1,65,9,4580,2,12,-1,1,-1
201520G008165,2,9,0,9,0,8,0,0,0,0,3,1,3,2,31,6,1956,2,4,-1,1,-1
201520G008205,1,1,0,4,9,8,0,0,0,0,2,1,1,1,19,4,-1,-1,-1,-1,1,-1
201520G008205,2,9,0,5,0,6,0,0,0,0,1,1,6,2,-1,-1,-1,-1,-1,-1,-1,-1
201520G008215,1,21,1,11,0,0,0,0,0,0,1,1,1,1,52,8,11705,2,13,-1,-1,-1
201520G008215,2,9,0,18,0,0,0,0,0,0,2,1,1,2,43,7,1461,2,2,-1,3,-1
201520G008295,1,8,0,18,0,8,0,0,0,0,1,1,6,1,45,7,1910,2,9,-1,1,-1
201520G008295,2,5,0,10,0,8,0,0,0,0,2,1,1,1,42,7,1043,1,4,-1,1,-1
201520G008345,1,9,0,4,0,0,0,0,0,0,2,1,6,2,53,8,1598,1,12,-1,1,-1
201520G008345,2,9,0,4,0,0,0,0,0,0,1,1,6,1,29,6,1686,2,2,-1,1,-1
201520G008355,1,9,0,14,0,0,0,0,0,0,1,1,6,1,24,5,1348,1,14,-1,1,-1
201520G008375,1,21,1,9,0,1,0,0,0,0,3,1,1,1,49,8,12809,2,1,-1,3,-1
201520G008375,2,9,0,18,0,1,0,0,0,0,4,1,1,1,42,7,2179,2,-1,-1,1,-1
201520G008385,1,2,0,18,0,1,0,0,0,0,1,1,6,1,21,5,49,1,5,-1,1,-1
201520G008385,2,9,0,3,0,1,0,0,0,0,2,1,6,1,18,4,1461,2,12,-1,1,-1
201520G008395,1,9,0,4,0,0,1,0,0,0,1,1,2,1,42,7,1560,2,7,-1,1,-1
201520G008395,2,9,0,4,0,0,0,0,0,0,2,1,2,2,29,6,2179,2,2,-1,1,-1
201520G008395,3,9,0,4,0,0,0,0,0,0,2,1,6,1,73,10,1951,2,12,-1,1,-1
201520G008405,1,9,0,18,0,0,0,0,0,0,1,1,6,1,33,6,1753,2,16,-1,1,-1
201520G008405,2,9,0,3,0,0,0,0,0,0,2,1,6,1,-1,-1,1997,2,14,-1,1,-1
201520G008455,1,9,0,17,0,0,0,0,0,0,1,1,6,1,-1,-1,-1,-1,-1,-1,-1,-1
201520G008455,2,9,0,16,0,0,0,0,0,0,3,1,6,1,26,6,1598,1,8,-1,1,-1
201520G008465,1,9,0,18,0,0,0,0,1,10,1,1,6,1,21,5,1968,2,10,-1,1,-1
201520G008515,1,9,0,9,0,2,1,10,1,7,1,1,6,1,21,5,1995,2,8,-1,1,-1
201520G008555,1,9,0,18,0,1,0,0,0,0,4,1,6,2,56,9,2000,1,11,-1,1,-1
201520G008555,2,1,0,18,0,1,0,0,0,0,1,1,6,1,13,3,-1,-1,-1,-1,1,-1
201520G008575,1,19,0,1,0,2,0,0,0,0,2,1,6,3,-1,-1,1753,2,10,-1,-1,-1
201520G008575,2,9,0,3,0,1,0,0,0,0,1,1,6,2,26,6,1349,1,5,-1,1,-1
201520G008575,3,9,0,9,0,8,0,0,0,0,0,1,6,3,-1,-1,-1,-1,-1,-1,-1,-1