Accident_Index,Vehicle_Reference,Vehicle_Type,Towing_and_Articulation,Vehicle_Manoeuvre,Vehicle_Location-Restricted_Lane,Junction_Location,Skidding_and_Overturning,Hit_Object_in_Carriageway,Vehicle_Leaving_Carriageway,Hit_Object_off_Carriageway,1st_Point_of_Impact,Was_Vehicle_Left_Hand_Drive?,Journey_Purpose_of_Driver,Sex_of_Driver,Age_of_Driver,Age_Band_of_Driver,Engine_Capacity_(CC),Propulsion_Code,Age_of_Vehicle,Driver_IMD_Decile,Driver_Home_Area_Type,Vehicle_IMD_Decile
201520L000515,1,9,0,9,0,6,0,0,0,0,1,1,6,2,34,6,2993,2,4,-1,3,-1
201520L000515,2,9,0,18,0,8,0,0,0,0,4,1,6,2,44,7,1997,1,7,-1,1,-1
201520L000525,1,9,0,17,0,0,2,10,2,10,4,1,2,1,26,6,-1,-1,-1,-1,1,-1
201520L000545,1,9,0,14,0,0,0,4,0,0,3,1,6,2,69,10,1349,1,16,-1,1,-1
201520L000545,2,9,0,18,0,0,0,0,0,0,1,1,6,2,48,8,2204,2,8,-1,1,-1
201520L000545,3,9,0,2,0,0,0,0,0,0,3,1,6,1,-1,-1,1242,1,9,-1,1,-1
201520L000555,1,9,0,18,0,8,0,0,0,0,1,1,6,2,24,5,1598,1,6,-1,1,-1
201520L000555,2,9,0,4,0,8,0,0,0,0,2,1,6,2,19,4,-1,-1,-1,-1,1,-1
201520L000565,1,9,0,3,0,0,0,0,0,0,1,1,3,2,51,8,1796,1,12,-1,1,-1
201520L000565,2,9,0,1,0,0,0,0,0,0,2,1,6,2,-1,-1,1598,2,3,-1,-1,-1
201520L000615,1,9,0,18,0,0,1,10,7,10,1,1,6,1,32,6,2231,2,8,-1,1,-1
201520L000665,1,9,0,18,0,1,0,0,0,0,1,1,6,1,21,5,1229,1,1,-1,1,-1
201520L000665,2,1,0,18,0,1,0,0,0,0,1,1,6,1,11,3,-1,-1,-1,-1,1,-1
201520L000675,1,9,0,12,0,0,0,0,0,0,3,1,6,1,-1,-1,1598,1,14,-1,-1,-1
201520L000675,2,9,0,18,0,0,0,0,0,0,4,1,6,1,18,4,1199,1,12,-1,1,-1
201520L000705,1,11,0,4,0,2,0,0,0,0,0,1,1,1,38,7,-1,-1,-1,-1,1,-1
201520L000715,1,19,0,18,0,8,0,0,0,0,1,1,1,1,29,6,1997,2,2,-1,-1,-1
201520L000715,2,9,0,18,0,8,0,0,0,0,1,1,3,2,42,7,1390,1,4,-1,1,-1
201520L000745,1,9,0,7,0,5,0,0,0,0,4,1,6,1,-1,-1,2231,2,7,-1,-1,-1
201520L000915,1,9,0,14,0,0,0,7,4,0,4,1,2,1,42,7,2401,2,12,-1,2,-1
201520L000945,1,9,0,4,0,2,0,0,0,0,1,1,6,1,25,5,1995,2,1,-1,1,-1
201520L000945,2,9,0,18,0,2,0,0,0,0,2,1,6,1,37,7,1968,2,9,-1,1,-1
201520L000945,3,9,0,18,0,2,0,0,0,0,1,1,6,2,19,4,1299,1,14,-1,1,-1
201520L000995,1,9,0,18,0,3,0,0,0,0,1,1,6,1,32,6,1242,1,1,-1,-1,-1
201520L000995,2,9,0,18,0,4,0,0,0,0,1,1,1,1,64,9,2987,2,2,-1,1,-1
201520L001005,1,9,0,3,0,1,0,0,0,0,2,1,2,1,33,6,999,1,15,-1,1,-1
201520L001005,2,9,0,5,0,1,1,0,0,0,1,1,6,1,51,8,1398,2,7,-1,1,-1
201520L001055,1,9,0,18,0,2,0,0,0,0,1,1,6,2,-1,-1,1124,1,11,-1,-1,-1
201520L001085,1,9,0,18,0,2,1,10,0,0,1,1,6,2,45,7,1360,1,9,-1,1,-1
201520L001085,2,9,0,18,0,2,0,0,0,0,2,1,6,1,-1,-1,1960,2,10,-1,-1,-1
201520L001105,1,9,0,18,0,8,0,0,0,0,1,1,6,2,31,6,1753,2,11,-1,1,-1
201520L001105,2,5,0,3,0,8,0,0,0,0,2,1,1,1,51,8,997,1,27,-1,1,-1
201520L001125,1,9,0,3,0,1,0,0,0,0,2,1,6,3,-1,-1,2497,2,9,-1,-1,-1
201520L001125,2,9,0,7,0,1,0,0,0,0,1,1,6,2,49,8,-1,-1,-1,-1,1,-1
201520L001135,1,9,0,18,0,3,0,0,0,0,1,1,6,1,-1,-1,-1,-1,-1,-1,-1,-1
201520L001215,1,9,0,14,0,0,0,0,0,0,1,1,6,2,-1,-1,-1,-1,-1,-1,-1,-1
201520L001225,1,9,0,5,0,8,0,0,0,0,1,1,1,1,63,9,2967,1,11,-1,1,-1
201520L001225,2,1,0,17,0,8,0,0,0,0,1,1,1,1,27,6,-1,-1,-1,-1,3,-1
201520L001235,1,9,0,7,0,1,0,0,0,0,1,1,6,2,-1,-1,1388,1,8,-1,-1,-1
201520L001365,1,19,0,5,0,0,0,0,0,0,1,1,6,1,-1,-1,2151,2,12,-1,1,-1
201520L001365,2,9,0,3,0,0,0,0,0,0,2,1,2,1,28,6,2993,2,9,-1,1,-1
201520L001385,1,9,0,18,0,2,2,10,4,10,1,1,6,1,29,6,1339,1,2,-1,1,-1
201520L001455,1,9,0,11,0,0,0,0,0,0,4,1,6,1,-1,-1,1149,1,11,-1,-1,-1
201520L001455,2,2,0,18,0,0,2,0,0,0,3,1,6,1,16,4,49,1,13,-1,1,-1
201520L001465,1,9,0,18,0,8,0,0,0,0,4,1,6,1,40,7,-1,-1,-1,-1,1,-1
201520L001465,2,9,0,18,0,8,0,0,0,0,1,1,6,1,43,7,1968,2,1,-1,2,-1
201520L001475,1,9,0,18,0,0,0,0,0,0,4,1,1,1,25,5,1388,1,12,-1,1,-1
201520L001475,2,1,0,18,0,0,0,0,0,0,1,1,4,1,11,3,-1,-1,-1,-1,1,-1
201520L001495,1,9,0,7,0,5,0,10,0,0,1,1,6,1,74,10,1461,2,2,-1,1,-1
201520L001495,2,9,0,18,0,1,0,0,0,0,1,1,6,2,57,9,1389,1,10,-1,1,-1
201520L001565,1,9,0,18,0,0,0,0,0,0,1,1,6,1,31,6,998,1,1,-1,1,-1
201520L001575,1,9,0,3,0,0,0,0,0,0,2,1,6,1,45,7,1956,2,2,-1,1,-1
201520L001575,2,9,0,18,0,0,0,0,0,0,1,1,6,3,-1,-1,-1,-1,-1,-1,-1,-1
201520L001655,1,9,0,4,0,1,0,0,0,0,1,1,6,1,-1,-1,-1,-1,-1,-1,1,-1
201520L001655,2,9,0,4,0,1,0,0,0,0,2,1,6,1,31,6,1998,1,11,-1,1,-1
201520L001665,1,9,0,9,0,6,0,0,0,0,4,1,1,1,57,9,698,1,8,-1,1,-1
201520L001665,2,1,0,4,0,8,0,0,0,0,1,1,1,1,18,4,-1,-1,-1,-1,1,-1
201520L001675,1,9,0,18,0,1,0,0,0,0,1,1,6,3,-1,-1,-1,-1,-1,-1,-1,-1
201520L001675,2,9,0,4,0,1,0,0,0,0,2,1,1,1,28,6,2362,1,10,-1,1,-1
201520L001685,1,9,0,18,0,8,0,0,0,0,1,1,6,1,27,6,1149,1,10,-1,1,-1
201520L001685,2,9,0,9,0,6,0,0,0,0,3,1,6,1,-1,-1,1560,2,9,-1,-1,-1
201520L001695,1,9,0,18,0,1,0,0,0,0,1,1,6,1,23,5,-1,-1,-1,-1,3,-1
201520L001695,2,9,0,11,0,1,0,0,0,0,1,1,6,2,19,4,1242,1,8,-1,1,-1
201520L001695,3,9,0,3,0,1,0,0,0,0,2,1,6,2,30,6,-1,-1,-1,-1,1,-1
201520L001695,4,9,0,10,0,1,0,0,0,0,2,1,6,2,58,9,1951,2,12,-1,1,-1
201520L001705,1,9,0,9,0,6,0,0,0,0,1,1,2,2,36,7,998,1,3,-1,1,-1
201520L001705,2,4,0,18,0,8,0,0,0,0,1,1,6,1,18,4,124,1,3,-1,1,-1
201520L001785,1,9,0,18,0,0,0,0,0,0,1,1,3,2,-1,-1,1995,1,12,-1,1,-1
201520L001815,1,9,0,9,0,6,0,0,0,0,1,1,6,1,58,9,1796,1,12,-1,-1,-1
201520L001815,2,1,0,18,0,8,0,0,0,0,4,1,6,1,39,7,-1,-1,-1,-1,1,-1
201520L001945,1,9,0,18,0,1,0,0,0,0,1,1,6,2,-1,-1,2967,2,2,-1,1,-1
201520L001945,2,9,0,3,0,1,0,0,0,0,2,1,1,2,30,6,1968,2,1,-1,1,-1
201520L001975,1,9,0,5,0,0,0,0,0,0,4,1,6,3,-1,-1,-1,-1,-1,-1,-1,-1
201520L001975,2,3,0,5,0,0,0,0,0,0,3,1,1,1,25,5,124,1,3,-1,2,-1
201520L002015,1,9,0,11,0,8,0,0,0,0,4,1,6,2,50,8,2497,1,9,-1,2,-1
201520L002015,2,9,0,18,0,8,0,0,0,0,1,1,6,1,26,6,1985,1,17,-1,1,-1
201520L002195,1,9,0,7,0,6,0,0,0,0,1,1,6,2,-1,-1,-1,-1,-1,-1,-1,-1
201520L002195,2,1,0,18,0,8,0,0,0,0,4,1,6,2,34,6,-1,-1,-1,-1,1,-1
201520L002205,1,1,0,9,0,5,0,0,0,0,4,1,6,1,57,9,-1,-1,-1,-1,1,-1
201520L002205,2,9,0,18,0,1,0,0,0,0,1,1,6,3,-1,-1,-1,-1,-1,-1,-1,-1
201520L002235,1,8,0,18,0,0,0,4,0,0,1,1,1,1,59,9,1997,2,10,-1,1,-1
201520L002235,2,9,0,2,0,0,0,0,0,0,2,1,6,1,43,7,1596,1,8,-1,1,-1
201520L002245,1,9,0,18,0,1,0,0,0,0,3,1,6,1,71,10,1368,1,2,-1,-1,-1
201520L002265,1,9,0,18,0,0,0,0,0,0,1,1,6,1,-1,-1,1560,2,4,-1,-1,-1
201520L002265,2,9,0,18,0,0,0,0,0,0,4,1,3,2,38,7,1497,8,8,-1,1,-1
201520L002295,1,3,0,18,0,8,1,0,0,0,1,1,6,1,20,4,125,1,-1,-1,1,-1
201520L002295,2,9,0,9,0,5,0,0,0,0,1,1,6,2,85,11,1598,1,12,-1,1,-1
201520L002305,1,9,0,9,0,8,0,0,0,0,1,1,1,1,52,8,1560,2,2,-1,1,-1
201520L002305,2,9,0,18,0,8,0,0,0,0,1,1,6,1,61,9,1753,2,7,-1,2,-1
201520L002305,3,9,0,18,0,8,0,0,0,0,1,1,6,2,43,7,1598,1,4,-1,1,-1
201520L002475,1,11,0,4,0,2,0,0,0,0,1,1,1,2,52,8,4250,2,3,-1,1,-1
201520L002535,1,8,0,5,0,0,0,0,0,0,0,1,1,1,-1,-1,1753,2,7,-1,1,-1
201520L002545,1,9,0,9,0,6,0,0,0,0,1,1,6,1,30,6,1108,1,14,-1,1,-1
201520L002545,2,9,0,18,0,8,0,0,0,0,2,1,6,1,31,6,1596,1,7,-1,1,-1
201520L002545,3,9,0,18,0,8,1,0,0,0,3,1,6,1,24,5,899,1,2,-1,1,-1
201520L002565,1,9,0,7,0,3,0,0,0,0,4,1,6,2,19,4,1995,1,4,-1,1,-1
201520L002775,1,9,0,18,9,0,0,0,0,0,1,1,6,1,-1,-1,1986,1,6,-1,-1,-1
201520L002835,1,9,0,5,0,4,0,0,0,0,1,1,6,1,33,6,-1,-1,-1,-1,1,-1
201520L002835,2,9,0,18,0,3,0,0,0,0,4,1,6,1,42,7,1461,2,8,-1,-1,-1
201520L003055,1,9,0,5,0,4,0,0,0,0,1,1,1,2,52,8,1598,1,3,-1,1,-1
201520L003055,2,1,0,18,0,3,0,0,0,0,4,1,1,1,57,9,-1,-1,-1,-1,1,-1
201520L003085,1,9,0,4,0,1,0,0,0,0,1,1,6,1,37,7,-1,-1,-1,-1,1,-1
201520L003085,2,9,0,3,0,1,0,0,0,0,2,1,3,2,40,7,1560,2,2,-1,2,-1
201520L003085,3,9,0,3,0,1,0,0,0,0,2,1,6,1,24,5,1995,1,9,-1,1,-1
201520L003105,1,9,0,9,0,6,0,0,0,0,1,1,6,1,82,11,-1,-1,-1,-1,1,-1
201520L003105,2,3,0,18,0,8,1,0,0,0,1,1,6,1,21,5,125,1,1,-1,1,-1
201520L003115,1,9,0,18,0,0,0,0,0,0,1,1,6,1,23,5,1998,2,11,-1,1,-1
201520L003125,1,3,0,18,0,2,0,0,0,0,1,1,1,1,23,5,125,1,9,-1,1,-1
201520L003125,2,9,0,18,0,2,0,0,0,0,4,1,6,2,60,9,1242,1,3,-1,1,-1
201520L003145,1,9,0,18,0,1,0,0,0,0,1,1,6,1,19,4,1390,1,5,-1,1,-1
201520L003155,1,9,0,18,0,2,0,0,0,0,1,1,6,1,22,5,5439,1,12,-1,1,-1
201520L003155,2,9,0,2,0,2,0,0,0,0,4,1,6,1,-1,-1,1388,1,11,-1,-1,-1
201520L003155,3,9,0,9,0,1,0,0,0,0,4,1,6,2,21,5,1390,1,9,-1,1,-1
201520L003155,4,9,0,2,0,2,0,0,0,0,4,1,6,1,-1,-1,1600,1,8,-1,-1,-1
201520L003175,1,9,0,18,0,1,0,0,0,0,1,1,6,1,20,4,1242,1,4,-1,1,-1
201520L003175,2,19,0,7,0,1,0,0,0,0,2,1,6,2,28,6,1753,2,12,-1,1,-1
201520L003185,1,19,0,17,0,0,1,10,1,1,1,1,1,1,45,7,-1,-1,-1,-1,1,-1
201520L003205,1,19,0,18,0,1,0,0,0,0,1,1,6,1,-1,-1,2151,2,11,-1,-1,-1
201520L003205,2,9,0,3,0,1,0,0,0,0,2,1,6,2,67,10,2720,2,9,-1,3,-1
201520L003215,1,9,0,18,0,0,0,0,0,0,4,1,6,2,32,6,1398,1,1,-1,1,-1
201520L003215,2,90,0,18,0,0,0,0,0,0,3,1,6,1,67,10,-1,-1,-1,-1,1,-1
201520L003235,1,9,0,18,0,0,0,0,1,1,1,1,6,1,37,7,1686,2,7,-1,3,-1
201520L003235,2,9,0,4,0,0,0,0,0,0,2,1,6,1,55,8,-1,-1,-1,-1,1,-1
201520L003235,3,9,0,4,0,0,0,0,0,0,2,1,6,1,57,9,1685,2,4,-1,-1,-1
201520L003255,1,9,0,11,0,0,1,0,2,7,1,1,2,1,25,5,2987,2,5,-1,1,-1
201520L003255,2,9,0,18,0,0,0,0,0,0,4,1,2,2,37,7,1984,1,11,-1,1,-1
201520L003275,1,9,0,18,0,0,0,0,0,0,1,1,6,2,-1,-1,1596,1,15,-1,1,-1
201520L003275,2,9,0,3,0,0,0,0,0,0,2,1,6,1,42,7,1796,1,11,-1,1,-1
201520L003285,1,9,0,9,0,6,0,0,0,0,1,1,6,1,72,10,1796,1,10,-1,1,-1
201520L003285,2,9,0,10,0,8,0,0,0,0,3,1,6,1,55,8,2360,1,12,-1,1,-1
201520L003295,1,9,0,18,0,1,0,0,0,0,1,1,6,1,-1,-1,-1,-1,-1,-1,-1,-1
201520L003295,2,9,0,3,0,1,0,0,0,0,2,1,1,2,32,6,1461,2,2,-1,3,-1
201520L003305,1,9,0,18,0,0,1,0,0,0,1,1,6,1,51,8,-1,-1,-1,-1,3,-1
201520L003345,1,9,0,7,0,1,0,0,0,0,1,1,2,1,34,6,1753,2,9,-1,1,-1
201520L003365,1,9,0,9,0,2,0,0,0,0,1,1,6,2,22,5,2976,1,13,-1,1,-1
201520L003375,1,9,0,6,0,0,0,0,0,0,1,1,6,2,43,7,-1,-1,-1,-1,1,-1
201520L003375,2,9,0,18,0,0,0,0,0,0,1,1,6,1,35,6,1598,2,4,-1,1,-1
201520L003385,1,9,0,18,0,0,0,0,0,0,1,1,6,1,52,8,2143,2,2,-1,1,-1
201520L003385,2,9,0,18,0,0,0,0,0,0,2,1,6,1,48,8,1896,2,9,-1,1,-1
201520L003395,1,11,0,18,0,2,0,0,0,0,4,1,1,1,53,8,6700,2,5,-1,1,-1
201520L003405,1,9,0,18,0,1,0,0,0,0,1,1,6,1,-1,-1,-1,-1,-1,-1,-1,-1
201520L003405,2,9,0,4,0,1,0,0,0,0,2,1,6,1,41,7,998,1,17,-1,1,-1
201520L003425,1,9,0,5,0,6,0,0,0,0,4,1,6,2,-1,-1,998,1,1,-1,-1,-1
201520L003425,2,1,0,18,0,2,0,0,0,0,3,1,6,1,40,7,-1,-1,-1,-1,1,-1
201520L003465,1,9,0,18,0,0,0,0,0,0,3,1,6,2,26,6,1995,2,5,-1,1,-1
201520L003475,1,9,0,5,0,4,0,0,1,2,3,1,1,2,26,6,1199,1,13,-1,1,-1
201520L003475,2,9,0,18,0,3,0,0,0,0,1,1,1,1,28,6,1590,1,11,-1,1,-1
201520L003525,1,9,0,7,0,5,0,0,0,0,1,1,2,1,26,6,1598,1,12,-1,1,-1
201520L003525,2,9,0,18,0,1,0,0,0,0,1,1,6,1,76,11,1461,2,1,-1,3,-1
201520L003535,1,9,0,9,0,6,0,0,0,0,3,1,6,1,42,7,1560,2,-1,-1,1,-1
201520L003535,2,9,0,18,0,8,0,0,0,0,1,1,6,1,28,6,1275,1,16,-1,1,-1
201520L003555,1,9,0,9,0,6,0,0,0,0,3,1,6,2,19,4,999,1,1,-1,1,-1
201520L003555,2,9,0,18,0,8,0,0,0,0,1,1,1,1,-1,-1,1596,1,12,-1,1,-1
201520L003565,1,9,0,7,0,5,0,7,7,1,1,1,6,2,55,8,2143,2,1,-1,3,-1
201520L003605,1,9,0,18,0,0,0,0,0,0,4,1,6,1,69,10,2191,2,1,-1,1,-1
201520L003615,1,9,0,5,0,1,0,0,0,0,1,1,6,1,-1,-1,1388,1,4,-1,-1,-1
201520L003615,2,1,0,18,0,1,0,0,0,0,1,1,6,2,29,6,-1,-1,-1,-1,1,-1
201520L003625,1,9,0,4,0,0,0,0,0,0,1,1,1,1,49,8,1560,2,-1,-1,-1,-1
201520L003625,2,3,0,4,0,0,0,0,0,0,2,1,6,1,28,6,124,1,-1,-1,1,-1
201520L003665,1,9,0,18,0,0,0,0,0,0,4,1,6,1,62,9,2198,1,14,-1,-1,-1
201520L003665,2,1,0,18,0,0,0,0,0,0,1,1,6,1,10,2,-1,-1,-1,-1,1,-1
201520L003705,1,9,0,11,0,6,0,0,0,0,1,1,6,1,24,5,1956,2,4,-1,2,-1
201520L003705,2,9,0,16,0,8,0,0,0,0,2,1,1,1,40,7,1896,2,5,-1,1,-1
201520L003715,1,19,0,16,0,8,1,0,0,0,1,1,6,1,22,5,1870,2,13,-1,2,-1
201520L003715,2,19,0,10,0,8,0,0,0,0,3,1,6,1,20,4,1248,2,9,-1,1,-1
201520L003725,1,8,0,7,0,6,0,0,0,0,0,1,6,3,-1,-1,-1,-1,-1,-1,-1,-1
201520L003725,2,11,0,18,0,1,0,0,0,0,0,1,1,1,53,8,8268,2,12,-1,1,-1
201520L003735,1,19,0,5,0,2,0,0,0,0,1,1,6,1,-1,-1,-1,-1,-1,-1,-1,-1
201520L003735,2,9,0,4,0,2,0,0,0,0,2,1,6,2,53,8,1598,1,11,-1,1,-1
201520L003745,1,9,0,18,0,0,0,4,0,0,1,1,3,2,25,5,1362,1,4,-1,1,-1
201520L003745,2,9,0,2,0,0,0,0,0,0,2,1,6,1,71,10,999,1,14,-1,1,-1
201520L003755,1,9,0,17,0,0,2,0,0,0,1,1,6,1,32,6,1360,1,12,-1,1,-1
201520L003785,1,9,0,5,0,1,0,0,0,0,1,1,6,2,25,5,1229,1,3,-1,2,-1
201520L003785,2,9,0,8,0,1,0,0,0,0,2,1,6,2,57,9,1248,2,5,-1,2,-1
201520L003805,1,9,0,18,0,8,0,0,0,0,3,1,6,1,-1,-1,1360,1,12,-1,-1,-1
201520L003805,2,9,0,18,0,8,0,0,0,0,1,1,2,2,23,5,1229,1,4,-1,1,-1
201520L003925,1,9,0,18,0,4,0,0,0,0,1,1,6,1,54,8,1686,2,10,-1,1,-1
201520L003925,2,9,0,1,0,2,0,0,0,0,2,1,6,3,-1,-1,2148,2,13,-1,-1,-1
201520L003935,1,5,0,5,0,3,0,0,0,0,2,1,1,1,22,5,599,1,3,-1,1,-1
201520L003935,2,9,0,5,0,4,0,0,0,0,4,1,1,1,40,7,1390,1,12,-1,1,-1
201520L003985,1,9,0,4,0,0,0,0,0,0,1,1,2,1,52,8,1596,1,-1,-1,1,-1
201520L003985,2,9,0,4,0,0,0,10,1,0,3,1,2,1,50,8,2995,1,4,-1,1,-1
201520L003985,3,9,0,3,0,0,5,0,0,0,1,1,2,1,46,8,1796,1,9,-1,1,-1
201520L003985,4,9,0,3,0,0,0,0,0,0,2,1,2,1,31,6,1896,2,9,-1,1,-1
201520L004175,1,9,0,18,0,1,0,0,0,0,1,1,6,1,-1,-1,1896,2,9,-1,-1,-1
201520L004175,2,9,0,3,0,1,0,0,0,0,2,1,6,2,24,5,1596,1,9,-1,1,-1
201520L004185,1,19,0,16,0,0,1,4,0,0,1,1,1,1,23,5,2402,2,5,-1,3,-1
201520L004185,2,9,0,2,0,0,0,0,0,0,2,1,6,2,63,9,1749,1,14,-1,2,-1
201520L004195,1,9,0,18,0,1,0,0,0,0,2,1,6,1,55,8,2360,1,12,-1,1,-1
201520L004195,2,9,0,18,0,1,0,0,0,0,1,1,6,1,41,7,-1,-1,-1,-1,3,-1
201520L004295,1,9,0,9,0,4,0,0,0,0,1,1,6,1,71,10,1995,2,5,-1,1,-1
201520L004295,2,9,0,18,0,4,5,0,0,0,4,1,2,2,19,4,1299,1,14,-1,1,-1
201520L004415,1,20,0,18,0,4,0,0,0,0,1,1,6,1,-1,-1,-1,-1,-1,-1,-1,-1
201520L004415,2,9,0,18,0,4,0,0,0,0,4,1,6,2,49,8,1299,1,14,-1,1,-1
201520L004425,1,9,0,10,0,1,0,0,0,0,4,1,6,1,44,7,2967,2,1,-1,1,-1
201520L004425,2,9,0,14,0,1,0,0,0,0,1,1,6,3,-1,-1,1781,1,8,-1,-1,-1
201520L004485,1,9,0,9,0,5,0,0,0,0,3,1,6,2,37,7,1749,1,13,-1,1,-1
201520L004485,2,3,0,13,0,8,0,0,0,0,1,1,2,1,18,4,124,1,13,-1,1,-1
201520L004495,1,9,0,7,0,3,2,10,1,2,4,1,6,1,19,4,1242,1,14,-1,1,-1
201520L004505,1,9,0,11,0,0,0,0,0,0,0,1,6,3,-1,-1,-1,-1,-1,-1,-1,-1
201520L004505,2,3,0,18,0,0,1,0,0,0,0,1,1,1,21,5,125,1,2,-1,3,-1
201520L004625,1,9,0,7,0,6,0,0,0,0,1,1,1,1,41,7,1995,2,3,-1,1,-1
201520L004625,2,1,0,18,0,8,0,0,0,0,1,1,6,2,39,7,-1,-1,-1,-1,3,-1
201520L004635,1,9,0,18,0,0,0,0,0,0,3,1,6,1,30,6,1598,1,2,-1,1,-1
201520L004645,1,9,0,5,0,8,0,0,0,0,1,1,6,1,57,9,2179,2,1,-1,2,-1
201520L004645,2,1,0,17,0,8,0,0,0,0,2,1,6,2,28,6,-1,-1,-1,-1,1,-1
201520L004655,1,9,0,16,0,2,1,0,0,0,1,1,6,1,19,4,1242,1,10,-1,1,-1
201520L004655,2,9,0,17,0,1,0,0,0,0,1,1,2,2,42,7,1364,1,9,-1,1,-1
201520L004665,1,9,0,17,0,0,1,10,1,10,1,1,6,1,37,7,1596,1,15,-1,1,-1
201520L004665,2,9,0,17,0,0,0,0,0,0,0,1,1,2,-1,-1,1956,2,1,-1,1,-1
201520L004705,1,9,0,9,0,8,0,0,0,0,4,1,6,1,24,5,1390,1,9,-1,1,-1
201520L004705,2,8,0,18,0,8,1,0,0,0,1,1,1,1,40,7,1896,2,5,-1,1,-1
201520L004715,1,2,0,9,0,8,5,0,0,0,3,1,1,1,23,5,49,1,15,-1,-1,-1
201520L004715,2,9,0,13,0,8,0,0,0,0,4,1,6,1,-1,-1,-1,-1,-1,-1,-1,-1
201520L004745,1,9,0,13,0,0,0,0,0,0,4,1,1,2,32,6,998,1,11,-1,1,-1
201520L004745,2,5,0,11,0,0,0,0,0,0,3,1,1,1,37,7,998,1,7,-1,1,-1
201520L004755,1,9,0,18,0,0,0,0,0,0,2,1,6,1,40,7,1390,1,6,-1,1,-1
201520L004755,2,9,0,18,0,0,0,0,0,0,4,1,6,1,23,5,1360,1,8,-1,1,-1
201520L004765,1,9,0,5,0,8,0,0,0,0,1,1,2,2,19,4,1299,1,9,-1,1,-1
201520L004765,2,9,0,18,0,8,0,0,0,0,4,1,6,2,55,8,1686,2,5,-1,3,-1
201520L004785,1,9,0,6,0,0,0,0,0,0,3,1,1,1,21,5,1198,1,4,-1,1,-1
201520L004785,2,2,0,18,0,0,0,0,0,0,1,1,6,1,47,8,-1,-1,-1,-1,1,-1
201520L004795,1,9,0,5,9,8,0,0,0,0,1,1,2,2,51,8,998,1,1,-1,1,-1
201520L004805,1,9,0,18,0,0,0,0,0,0,3,1,6,2,29,6,-1,-1,-1,-1,1,-1
201520L004805,2,9,0,18,0,0,0,0,0,0,3,1,6,2,70,10,1997,2,11,-1,1,-1
201520L004825,1,90,0,18,9,0,0,0,0,0,1,1,6,3,15,3,-1,-1,-1,-1,1,-1
201520L004845,1,9,0,8,0,1,0,0,0,0,2,1,6,1,40,7,998,1,1,-1,1,-1
201520L004845,2,9,0,4,0,1,0,0,0,0,1,1,6,1,-1,-1,-1,-1,-1,-1,-1,-1
201520L004865,1,9,0,18,0,0,0,0,0,0,1,1,6,1,-1,-1,-1,-1,-1,-1,-1,-1
201520L004865,2,1,0,4,0,0,0,0,0,0,3,1,6,1,20,4,-1,-1,-1,-1,1,-1
201520L004875,1,19,0,18,0,8,0,0,0,0,1,1,2,1,52,8,1753,2,11,-1,1,-1
201520L004875,2,9,0,9,0,8,0,0,0,0,4,1,6,2,67,10,1242,1,3,-1,1,-1
201520L004875,3,9,0,10,0,8,0,0,0,0,2,1,6,2,68,10,1596,1,12,-1,1,-1
201520L004885,1,8,0,18,0,2,0,0,0,0,1,1,1,1,45,7,2664,2,10,-1,1,-1
201520L004895,1,9,0,18,0,4,0,0,0,0,1,1,1,1,30,6,1968,2,1,-1,3,-1
201520L004895,2,1,0,18,0,8,0,0,0,0,1,1,1,1,38,7,-1,-1,-1,-1,2,-1
201520L004925,1,9,0,18,0,8,0,0,0,0,1,1,1,2,48,8,2497,2,6,-1,1,-1
201520L004925,2,19,0,18,0,8,0,0,0,0,3,1,6,1,-1,-1,-1,-1,-1,-1,-1,-1
201520L004935,1,9,0,18,0,8,0,0,0,0,4,1,6,1,23,5,1968,2,6,-1,1,-1
201520L004935,2,9,0,18,0,8,0,0,0,0,1,1,6,2,61,9,1398,1,2,-1,1,-1
201520L004945,1,9,0,5,0,1,0,0,0,0,1,1,6,1,82,11,1461,2,5,-1,1,-1
201520L004955,1,9,0,13,0,8,0,0,7,7,4,1,6,1,19,4,-1,-1,-1,-1,1,-1
201520L004955,2,9,0,9,0,5,0,0,0,0,3,1,6,1,19,4,1388,1,12,-1,1,-1
201520L004985,1,8,0,5,0,0,0,0,0,0,0,1,6,1,-1,-1,-1,-1,-1,-1,-1,-1
201520L004995,1,4,0,18,0,1,0,0,0,0,1,1,6,1,56,9,1050,1,2,-1,3,-1
201520L004995,2,5,0,3,0,1,0,0,0,0,2,1,6,1,48,8,599,1,14,-1,1,-1
201520L005065,1,20,0,5,0,4,0,0,0,0,4,1,6,3,-1,-1,-1,-1,-1,-1,-1,-1
201520L005065,2,9,0,5,0,4,0,0,0,0,3,1,6,2,31,6,1242,1,8,-1,1,-1
201520L005175,1,9,0,9,0,6,0,0,0,0,1,1,6,1,83,11,1395,1,-1,-1,1,-1
201520L005175,2,9,0,18,0,8,1,10,1,0,1,1,6,1,19,4,1390,1,6,-1,1,-1
201520L005175,3,9,0,2,5,1,0,0,0,0,1,1,6,1,78,11,1796,1,11,-1,1,-1
201520L005185,1,9,0,9,0,8,0,0,0,0,3,1,6,2,30,6,1590,1,13,-1,1,-1