Accident_Index,Vehicle_Reference,Vehicle_Type,Towing_and_Articulation,Vehicle_Manoeuvre,Vehicle_Location-Restricted_Lane,Junction_Location,Skidding_and_Overturning,Hit_Object_in_Carriageway,Vehicle_Leaving_Carriageway,Hit_Object_off_Carriageway,1st_Point_of_Impact,Was_Vehicle_Left_Hand_Drive?,Journey_Purpose_of_Driver,Sex_of_Driver,Age_of_Driver,Age_Band_of_Driver,Engine_Capacity_(CC),Propulsion_Code,Age_of_Vehicle,Driver_IMD_Decile,Driver_Home_Area_Type,Vehicle_IMD_Decile
201520M007575,2,9,0,18,0,8,0,0,0,0,4,1,6,2,36,7,1399,2,3,-1,1,-1
201520M007595,1,9,0,9,0,6,0,0,0,0,1,1,6,1,34,6,1999,1,1,-1,1,-1
201520M007595,2,9,0,3,0,2,0,0,0,0,2,1,2,2,44,7,1398,2,11,-1,1,-1
201520M007605,1,9,0,18,0,4,0,0,0,0,1,1,2,1,37,7,1596,1,1,-1,1,-1
201520M007605,2,9,0,18,0,4,0,0,0,0,2,1,2,1,33,6,998,1,1,-1,1,-1
201520M007615,1,9,0,7,0,6,0,0,0,0,3,1,6,2,50,8,1497,8,1,-1,1,-1
201520M007615,2,9,0,18,0,8,0,0,0,0,1,1,6,1,28,6,1398,2,3,-1,3,-1
201520M007665,1,9,0,18,0,8,0,0,0,0,1,1,2,2,33,6,1198,1,-1,-1,1,-1
201520M007665,2,9,0,18,0,8,0,0,0,0,2,1,2,2,50,8,1598,1,1,-1,1,-1
201520M007665,3,9,0,18,0,8,0,0,0,0,1,1,2,1,18,4,1199,1,12,-1,1,-1
201520M007675,1,9,0,9,0,8,0,0,0,0,1,1,6,1,21,5,-1,-1,-1,-1,1,-1
201520M007675,2,9,0,18,0,8,1,0,0,0,1,1,6,1,27,6,1299,1,11,-1,-1,-1
201520M007675,3,9,0,18,9,2,0,10,7,0,4,1,6,1,-1,-1,1781,1,10,-1,-1,-1
201520M007675,4,9,0,2,0,1,0,0,0,0,1,1,6,3,-1,-1,1956,2,4,-1,-1,-1
201520M007685,1,9,0,7,0,1,0,0,0,0,4,1,6,2,-1,-1,998,1,4,-1,-1,-1
201520M007685,2,1,0,18,0,1,0,0,0,0,3,1,2,1,44,7,-1,-1,-1,-1,1,-1
201520M007715,1,8,0,18,0,0,1,0,0,0,1,1,1,1,-1,-1,2402,2,11,-1,1,-1
201520M007735,1,19,0,18,0,0,0,0,0,0,1,1,6,3,-1,-1,-1,-1,-1,-1,-1,-1
201520M007755,1,9,0,18,0,0,0,10,5,6,3,1,6,1,23,5,1299,1,14,-1,1,-1
201520M007775,1,9,0,10,0,1,0,0,0,0,2,1,6,2,27,6,973,1,13,-1,1,-1
201520M007775,2,9,0,9,0,1,0,0,0,0,1,1,6,2,-1,-1,-1,-1,-1,-1,-1,-1
201520M007795,1,9,0,18,0,8,0,0,0,0,0,1,6,2,27,6,1388,1,6,-1,-1,-1
201520M007795,2,9,0,13,0,8,1,10,1,10,1,1,2,2,30,6,1968,2,10,-1,3,-1
201520M007805,1,19,0,18,0,0,0,0,0,0,4,1,6,1,49,8,2299,2,19,-1,1,-1
201520M007815,1,9,0,9,0,5,0,0,1,4,1,1,1,1,61,9,1998,1,8,-1,1,-1
201520M007815,2,9,0,4,0,8,0,0,0,0,1,1,6,2,58,9,1388,1,12,-1,1,-1
201520M007825,1,9,0,18,0,4,0,0,0,0,4,1,6,1,-1,-1,1400,1,13,-1,-1,-1
201520M007825,2,3,0,18,0,4,0,0,0,0,3,1,6,1,19,4,125,1,1,-1,1,-1
201520M007835,1,9,0,18,0,0,0,0,0,0,4,1,3,2,37,7,1596,1,16,-1,1,-1
201520M007845,1,9,0,11,0,3,0,0,0,0,4,1,1,1,47,8,1968,2,3,-1,3,-1
201520M007845,2,1,0,18,0,8,0,0,0,0,1,1,1,1,59,9,-1,-1,-1,-1,1,-1
201520M007895,1,9,0,18,0,0,0,0,0,0,1,1,2,1,40,7,1995,2,5,-1,1,-1
201520M007905,1,9,0,7,0,8,0,0,0,0,1,1,6,1,19,4,973,1,15,-1,1,-1
201520M007905,2,9,0,18,0,8,0,0,0,0,1,1,2,2,29,6,1995,2,12,-1,1,-1
201520M007915,1,3,0,11,0,0,0,0,0,0,1,1,1,1,23,5,124,1,4,-1,1,-1
201520M007915,2,20,0,18,0,0,0,0,0,0,3,1,6,3,-1,-1,-1,-1,-1,-1,-1,-1
201520M007935,1,9,0,18,0,1,0,0,0,0,4,1,2,1,31,6,5935,1,4,-1,1,-1
201520M007955,1,5,0,18,0,0,5,0,0,0,1,1,6,1,-1,-1,-1,-1,-1,-1,-1,-1
201520M007955,2,9,0,18,0,0,0,0,0,0,2,1,6,1,24,5,998,1,5,-1,1,-1
201520M007965,1,9,0,4,0,0,0,0,0,0,1,1,6,2,18,4,1299,1,12,-1,1,-1
201520M007965,2,9,0,3,0,0,0,0,0,0,2,1,6,1,-1,-1,1360,1,9,-1,1,-1
201520M007975,1,9,0,14,0,0,0,0,0,0,1,1,1,1,25,5,1994,1,9,-1,1,-1
201520M007985,1,9,0,1,0,6,0,0,0,0,3,1,6,2,18,4,998,1,8,-1,1,-1
201520M007985,2,3,0,18,0,8,0,0,0,0,1,1,6,1,20,4,125,1,1,-1,1,-1
201520M007995,1,9,0,18,0,0,1,0,0,0,1,1,6,3,-1,-1,1796,1,14,-1,-1,-1
201520M007995,2,9,0,4,0,0,0,0,0,0,2,1,6,1,25,5,1242,1,11,-1,1,-1
201520M008005,1,9,0,4,0,1,0,0,0,0,1,1,6,1,-1,-1,1968,2,4,-1,1,-1
201520M008005,2,9,0,4,0,1,0,0,0,0,2,1,1,2,25,5,1995,1,4,-1,1,-1
201520M008005,3,9,0,4,0,1,0,0,0,0,2,1,6,2,-1,-1,1796,1,12,-1,-1,-1
201520M008015,1,9,0,18,0,7,0,0,0,0,1,1,6,1,48,8,1997,2,8,-1,1,-1
201520M008015,2,9,0,18,0,7,0,0,0,0,1,1,6,1,45,7,1995,2,12,-1,1,-1
201520M008025,1,9,0,18,0,8,0,0,0,0,4,1,6,2,45,7,1360,1,9,-1,1,-1
201520M008025,2,1,0,18,0,8,0,0,0,0,1,1,6,2,12,3,-1,-1,-1,-1,3,-1
201520M008035,1,9,0,9,0,6,0,0,0,0,1,1,6,1,28,6,1582,2,8,-1,1,-1
201520M008045,1,9,0,5,0,4,0,0,0,0,1,1,6,1,53,8,-1,-1,-1,-1,1,-1
201520M008045,2,1,0,17,0,8,0,0,0,0,2,1,2,1,19,4,-1,-1,-1,-1,1,-1
201520M008135,1,9,0,18,0,0,0,0,0,0,4,1,6,1,26,6,1968,2,2,-1,1,-1
201520M008175,1,9,0,9,0,5,0,0,0,0,4,1,6,2,28,6,998,1,15,-1,1,-1
201520M008175,2,1,0,18,0,8,0,0,0,0,1,1,1,1,51,8,-1,-1,-1,-1,1,-1
201520M008205,1,9,0,16,0,3,0,0,0,0,1,1,6,1,24,5,1397,1,6,-1,1,-1
201520M008465,1,8,0,5,0,0,0,0,0,0,0,1,6,1,-1,-1,-1,-1,-1,-1,-1,-1
201520M008475,1,9,0,18,0,4,0,0,0,0,3,1,6,1,-1,-1,1590,1,12,-1,1,-1
201520M008475,2,3,0,18,0,3,0,0,0,0,1,1,1,1,18,4,125,1,1,-1,1,-1
201520M008535,1,9,0,18,0,8,0,10,1,0,4,1,6,1,19,4,1299,1,10,-1,1,-1
201520M008555,1,9,0,9,0,6,0,0,0,0,1,1,1,1,-1,-1,-1,-1,-1,-1,-1,-1
201520M008555,2,1,0,18,0,8,0,0,0,0,3,1,2,2,28,6,-1,-1,-1,-1,1,-1
201520M008565,1,9,0,18,0,2,0,0,0,0,3,1,6,1,81,11,1400,1,9,-1,1,-1
201520M008565,2,9,0,10,0,8,0,0,0,0,1,1,6,1,60,9,1796,1,15,-1,1,-1
201520M008565,3,9,0,18,0,8,0,0,0,0,1,1,1,1,-1,-1,1800,1,15,-1,-1,-1
201520M008575,1,9,0,7,0,6,0,0,0,0,0,1,6,2,-1,-1,1560,2,10,-1,-1,-1
201520M008575,2,2,0,18,0,8,2,0,0,0,0,1,6,1,16,4,49,1,12,-1,1,-1
201520M008595,1,9,0,9,0,5,0,0,0,0,1,1,6,1,42,7,1240,1,11,-1,1,-1
201520M008595,2,5,0,18,0,8,0,0,0,0,3,1,6,1,50,8,996,1,17,-1,1,-1
201520M008675,1,3,0,13,0,0,0,0,0,0,1,1,2,1,17,4,124,1,8,-1,1,-1
201520M008675,2,9,0,4,0,0,0,0,0,0,2,1,6,2,37,7,2188,2,12,-1,1,-1
201520M008775,1,9,0,6,0,8,0,10,7,0,3,1,6,2,35,6,1598,2,2,-1,1,-1
201520M008775,2,9,0,18,0,8,0,10,7,0,1,1,6,1,24,5,-1,-1,-1,-1,1,-1
201520M008785,1,9,0,18,0,1,0,0,0,0,1,1,6,3,-1,-1,2979,1,1,-1,-1,-1
201520M008785,2,9,0,7,0,5,0,0,0,0,1,1,6,2,39,7,1497,8,-1,-1,1,-1
201520M008795,1,9,0,5,0,0,0,0,0,0,3,1,6,2,38,7,1596,1,9,-1,1,-1
201520M008815,1,9,0,12,0,1,0,0,0,0,2,1,6,1,-1,-1,1999,1,7,-1,1,-1
201520M008815,2,9,0,18,0,1,0,0,0,0,4,1,1,1,53,8,1339,1,3,-1,1,-1
201520M008815,3,8,0,4,0,1,0,0,0,0,2,1,6,1,-1,-1,2664,2,14,-1,-1,-1
201520M008825,1,9,0,18,0,1,0,0,0,0,1,1,6,1,17,4,1108,1,7,-1,1,-1
201520M008825,2,9,0,10,0,1,0,0,0,0,2,1,1,1,22,5,1995,1,14,-1,1,-1
201520M008835,1,9,0,5,0,8,0,0,0,0,4,1,6,2,50,8,1149,1,13,-1,1,-1
201520M008835,2,9,0,5,0,8,0,0,0,0,1,1,6,1,44,7,1598,1,14,-1,1,-1
201520M008865,1,9,0,18,0,8,0,0,0,0,1,1,6,3,-1,-1,1997,1,9,-1,-1,-1
201520M008865,2,9,0,18,0,8,0,0,0,0,2,1,6,1,-1,-1,1398,2,12,-1,1,-1
201520M008875,1,9,0,5,0,8,0,0,0,0,3,1,6,1,85,11,1388,1,12,-1,1,-1
201520M008875,2,19,0,7,0,8,0,0,0,0,4,1,1,1,21,5,1995,2,1,-1,1,-1
201520M008885,1,9,0,18,0,0,0,4,0,0,1,1,6,1,-1,-1,1896,2,9,-1,1,-1
201520M008885,2,9,0,2,9,0,0,0,0,0,3,1,6,2,29,6,1796,1,9,-1,1,-1
201520M008885,3,9,0,2,9,0,0,0,0,0,3,1,6,1,-1,-1,1398,1,14,-1,-1,-1
201520M008885,4,9,0,2,9,0,0,0,0,0,4,1,6,2,-1,-1,2499,1,10,-1,-1,-1
201520M008885,5,9,0,2,9,0,0,0,0,0,3,1,6,2,-1,-1,1389,1,14,-1,-1,-1
201520M008895,1,9,0,9,0,8,1,10,4,7,4,1,6,1,24,5,-1,-1,-1,-1,1,-1
201520M008895,2,9,0,18,0,8,0,0,0,0,1,1,6,1,53,8,1390,1,8,-1,1,-1
201520M008905,1,9,0,1,0,0,0,4,0,0,2,1,6,2,46,8,1998,1,11,-1,1,-1
201520M008905,2,9,0,2,0,0,0,0,0,0,2,1,6,2,45,7,1240,1,9,-1,1,-1
201520M008925,1,9,0,9,0,6,0,0,0,0,3,1,6,1,75,10,1587,1,10,-1,1,-1
201520M008925,2,8,0,18,0,8,0,0,0,0,1,1,1,1,47,8,2664,2,15,-1,1,-1
201520M008945,1,9,0,18,0,0,0,0,0,0,1,1,6,2,-1,-1,1388,1,12,-1,-1,-1
201520M008945,2,9,0,6,0,0,0,0,0,0,3,1,6,2,19,4,1229,1,-1,-1,1,-1
201520M008955,1,9,0,16,0,2,0,0,0,0,1,1,6,1,-1,-1,1598,2,4,-1,-1,-1
201520M008955,2,9,0,17,0,1,0,0,0,0,1,1,2,1,38,7,1596,1,12,-1,1,-1
201520M008965,1,9,0,18,0,0,0,0,0,0,1,1,2,1,26,6,1582,2,4,-1,1,-1
201520M008965,2,9,0,3,0,0,0,0,0,0,2,1,2,1,37,7,1124,1,14,-1,1,-1
201520M008985,1,1,0,18,9,6,0,0,0,0,1,1,1,1,61,9,-1,-1,-1,-1,1,-1
201520M008985,2,9,0,11,0,8,0,0,0,0,1,1,6,3,-1,-1,-1,-1,-1,-1,-1,-1
201520M009005,1,9,0,18,0,2,0,0,0,0,1,1,6,1,32,6,1995,2,3,-1,1,-1
201520M009015,1,9,0,18,0,1,0,0,0,0,3,1,6,1,48,8,1595,1,13,-1,1,-1
201520M009035,1,9,0,18,0,0,0,0,0,0,1,1,2,1,38,7,1995,2,8,-1,1,-1
201520M009035,2,9,0,18,0,0,2,0,0,0,2,1,2,2,40,7,1360,1,3,-1,1,-1
201520M009045,1,5,0,4,0,0,0,0,0,0,0,1,6,1,50,8,1130,1,13,-1,1,-1
201520M009065,1,9,0,9,0,6,0,0,0,0,1,1,6,1,53,8,1896,2,15,-1,1,-1
201520M009065,2,9,0,18,0,8,0,0,0,0,1,1,6,3,-1,-1,-1,-1,-1,-1,-1,-1
201520M009085,1,9,0,18,0,1,0,0,0,0,1,1,6,3,-1,-1,-1,-1,-1,-1,-1,-1
201520M009085,2,9,0,3,0,1,0,0,0,0,2,1,6,2,62,9,1388,1,9,-1,1,-1
201520M009095,1,9,0,9,0,8,0,0,0,0,1,1,6,1,45,7,1794,1,11,-1,1,-1
201520M009095,2,8,0,18,0,8,0,0,0,0,3,1,1,2,59,9,2499,2,7,-1,1,-1
201520M009105,1,9,0,18,0,0,0,4,0,0,1,1,6,2,58,9,998,1,1,-1,1,-1
201520M009105,2,9,0,2,0,0,0,0,0,0,2,1,6,1,58,9,1560,2,2,-1,1,-1
201520M009125,1,9,0,18,0,0,0,0,0,0,1,1,6,3,-1,-1,-1,-1,-1,-1,-1,-1
201520M009125,2,9,0,6,0,0,0,0,0,0,2,1,6,2,45,7,1461,2,1,-1,1,-1
201520M009155,1,9,0,18,0,0,5,4,0,0,1,1,2,2,25,5,1995,2,5,-1,1,-1
201520M009155,2,9,0,2,0,0,0,0,0,0,2,1,6,3,-1,-1,1061,1,12,-1,1,-1
201520M009155,3,9,0,2,0,0,0,0,0,0,2,1,6,3,-1,-1,1794,1,10,-1,1,-1
201520M009165,1,9,0,18,0,1,0,0,0,0,1,1,6,1,-1,-1,-1,-1,-1,-1,-1,-1
201520M009165,2,9,0,3,0,1,0,0,0,0,2,1,6,1,28,6,1200,1,2,-1,1,-1
201520M009175,1,9,0,7,0,2,0,0,0,0,1,1,6,1,20,4,1598,1,7,-1,1,-1
201520M009175,2,1,0,18,0,1,0,0,0,0,1,1,6,1,42,7,-1,-1,-1,-1,1,-1
201520M009195,1,9,0,9,0,6,0,0,0,0,1,1,6,2,61,9,1596,1,9,-1,1,-1
201520M009195,2,9,0,18,0,1,0,0,0,0,1,1,6,1,21,5,4395,1,1,-1,-1,-1
201520M009215,1,9,0,18,0,0,0,0,0,0,3,1,6,1,72,10,1399,1,7,-1,1,-1
201520M009225,1,9,0,16,0,0,0,0,0,0,1,1,6,1,24,5,1150,1,11,-1,1,-1
201520M009225,2,9,0,17,0,0,0,0,0,0,1,1,6,1,42,7,1896,2,8,-1,1,-1
201520M009265,1,9,0,9,0,6,0,0,0,0,3,1,6,2,77,11,1399,2,9,-1,1,-1
201520M009265,2,5,0,18,0,8,1,0,0,0,1,1,6,1,67,10,865,1,11,-1,1,-1
201520M009435,1,9,0,18,0,3,0,0,0,0,3,1,6,2,32,6,1329,1,6,-1,1,-1
201520M009435,2,9,0,18,0,3,0,0,0,0,4,1,6,1,-1,-1,1998,2,9,-1,1,-1
201520M009445,1,19,0,5,0,8,0,0,0,0,2,1,1,1,29,6,2198,2,3,-1,1,-1
201520M009445,2,9,0,16,0,8,0,0,0,0,3,1,6,2,48,8,1968,2,4,-1,1,-1
201520M009525,1,9,0,7,0,3,0,0,0,0,1,1,6,1,77,11,1388,1,12,-1,1,-1
201520M009535,1,9,0,18,0,1,0,0,0,0,1,1,2,1,28,6,-1,-1,-1,-1,1,-1
201520M009535,2,9,0,3,0,1,0,0,0,0,2,1,2,2,42,7,-1,-1,-1,-1,1,-1
201520M009545,1,9,0,18,0,0,0,4,0,0,1,1,6,1,-1,-1,-1,-1,-1,-1,-1,-1
201520M009545,2,9,0,2,0,0,0,0,0,0,3,1,6,3,-1,-1,1206,1,2,-1,-1,-1
201520M009545,3,9,0,18,0,0,0,0,0,0,2,1,6,1,26,6,1197,1,2,-1,1,-1
201520M010055,1,19,0,9,0,8,0,0,0,0,3,1,1,1,46,8,2143,2,4,-1,1,-1
201520M010055,2,9,0,13,0,8,0,10,2,4,1,1,6,1,20,4,2143,2,4,-1,2,-1
201520M010065,1,9,0,13,0,1,0,10,7,1,1,1,6,2,68,10,2902,2,10,-1,1,-1
201520M010065,2,9,0,9,0,1,0,10,7,0,3,1,1,1,43,7,-1,-1,-1,-1,1,-1
201520M010075,1,9,0,9,0,8,0,0,0,0,4,1,6,2,59,9,1242,1,5,-1,1,-1
201520M010075,2,9,0,18,0,8,0,0,0,0,1,1,6,1,47,8,-1,-1,-1,-1,1,-1
201520M010085,1,19,0,18,0,1,0,0,0,0,1,1,6,1,-1,-1,1870,2,9,-1,1,-1
201520M010085,2,9,0,3,0,1,0,0,0,0,2,1,6,2,44,7,1560,2,-1,-1,1,-1
201520M010095,1,9,0,18,0,1,0,7,7,2,1,1,6,1,52,8,1686,2,12,-1,1,-1
201520M010125,1,9,0,18,0,1,0,10,7,2,1,1,6,1,25,5,1896,2,11,-1,1,-1
201520M010125,2,9,0,2,0,2,0,0,0,0,4,1,6,2,59,9,1299,1,11,-1,1,-1
201520M010125,3,9,0,2,0,2,0,0,0,0,1,1,6,2,46,8,1200,1,1,-1,1,-1
201520M010135,1,9,0,18,0,0,5,4,0,0,1,1,6,1,23,5,1397,1,15,-1,1,-1
201520M010135,2,9,0,2,0,0,0,0,0,0,2,1,6,2,57,9,1997,2,10,-1,1,-1
201520M010145,1,9,0,18,0,3,0,10,1,7,1,1,6,1,20,4,1197,1,2,-1,1,-1
201520M010335,1,9,0,3,0,1,0,0,0,0,2,1,6,3,-1,-1,1998,1,11,-1,-1,-1
201520M010335,2,1,0,18,0,1,0,0,0,0,1,1,6,2,28,6,-1,-1,-1,-1,1,-1
201520M010345,1,9,0,9,0,8,0,0,0,0,4,1,6,1,76,11,1997,2,7,-1,1,-1
201520M010345,2,3,0,18,0,8,2,10,1,0,1,1,2,1,23,5,124,1,2,-1,1,-1
201520M010405,1,9,0,18,0,4,0,0,0,0,1,1,6,1,27,6,-1,-1,-1,-1,1,-1
201520M010405,2,9,0,4,0,3,0,0,0,0,2,1,6,2,23,5,998,1,1,-1,1,-1
201520M010425,1,9,0,9,0,6,0,0,0,0,1,1,2,1,31,6,1995,2,11,-1,1,-1
201520M010425,2,9,0,8,0,1,1,10,1,9,4,1,2,2,33,6,1997,1,16,-1,1,-1
201520M010445,1,3,0,7,0,6,1,0,0,0,1,1,6,2,-1,-1,125,1,3,-1,-1,-1
201520M010445,2,9,0,18,0,1,0,0,0,0,3,1,6,1,28,6,1753,2,7,-1,1,-1
201520M010455,1,9,0,18,0,1,0,0,0,0,1,1,2,1,-1,-1,1968,2,5,-1,1,-1
201520M010455,2,9,0,3,0,1,0,0,0,0,2,1,2,2,35,6,1398,2,4,-1,1,-1
201520M010455,3,9,0,3,0,1,0,0,0,0,2,1,2,2,29,6,1242,1,-1,-1,1,-1
201520M010455,4,9,0,3,0,1,0,0,0,0,2,1,2,1,44,7,1968,2,4,-1,3,-1
201520M010515,1,9,0,18,0,1,1,0,0,0,1,1,6,1,-1,-1,1994,1,21,-1,-1,-1
201520M010515,2,9,0,9,0,2,0,0,0,0,1,1,6,1,18,4,1242,1,2,-1,1,-1
201520M010525,1,1,0,18,9,0,0,8,0,0,1,1,2,2,60,9,-1,-1,-1,-1,1,-1
201520M010525,2,9,0,2,0,0,0,0,0,0,2,1,3,2,36,7,1850,1,15,-1,1,-1
201520M010535,1,9,0,5,0,6,0,0,0,0,1,1,1,1,60,9,1560,2,2,-1,2,-1
201520M010535,2,1,0,18,0,8,0,0,0,0,4,1,6,1,39,7,-1,-1,-1,-1,1,-1
201520M010555,1,9,0,14,0,8,0,0,0,0,1,1,2,1,21,5,1799,1,7,-1,3,-1
201520M010555,2,9,0,9,0,5,0,0,0,0,3,1,2,2,40,7,1796,1,2,-1,1,-1
201520M010565,1,8,0,9,0,8,0,0,0,0,4,1,1,1,24,5,2664,2,16,-1,1,-1
201520M010565,2,3,0,18,0,8,2,0,1,0,1,1,6,1,22,5,124,1,6,-1,1,-1
201520M010575,1,8,0,14,0,0,0,0,0,0,4,1,1,1,46,8,2402,2,11,-1,1,-1
201520M010585,1,3,0,18,0,2,0,0,0,0,1,1,6,1,19,4,125,1,-1,-1,1,-1
201520M010595,1,9,0,5,0,6,0,0,0,0,1,1,6,1,-1,-1,2993,2,9,-1,1,-1
201520M010595,2,2,0,16,0,8,2,10,0,0,1,1,6,1,23,5,125,1,1,-1,1,-1
201520M010625,1,9,0,18,0,0,0,0,0,0,4,1,6,1,29,6,1598,1,10,-1,1,-1
201520M010635,1,9,0,5,0,6,0,0,0,0,3,1,6,1,62,9,2967,1,15,-1,1,-1
201520M010635,2,3,0,18,0,8,0,0,0,0,1,1,6,1,21,5,125,1,3,-1,1,-1
201520M010645,1,9,0,18,0,8,0,0,0,0,1,1,1,1,34,6,998,1,13,-1,1,-1
201520M010645,2,9,0,9,0,5,0,0,0,0,3,1,1,2,34,6,1794,1,11,-1,1,-1
201520M010655,1,9,0,9,0,6,0,0,0,0,3,1,6,3,-1,-1,-1,-1,-1,-1,-1,-1
201520M010655,2,5,0,18,0,8,0,0,0,0,1,1,2,1,27,6,599,1,14,-1,1,-1
201520M010665,1,2,0,7,0,2,0,0,0,0,1,1,6,1,54,8,49,1,3,-1,1,-1
201520M010665,2,9,0,6,0,2,0,0,0,0,2,1,6,1,30,6,2268,2,-1,-1,1,-1
201520M010675,1,19,0,1,0,8,0,0,0,0,2,1,6,1,60,9,2402,2,5,-1,1,-1
201520M010675,2,11,0,3,0,8,0,0,0,0,3,1,3,1,40,7,8268,2,14,-1,1,-1
201520M010795,1,10,0,18,0,0,0,4,1,10,1,1,6,1,51,8,2400,2,11,-1,1,-1
201520M010795,2,9,0,2,0,0,0,0,0,0,1,1,6,3,-1,-1,1560,2,5,-1,-1,-1
201520M010795,3,9,0,2,0,0,0,0,0,0,2,1,6,1,-1,-1,-1,-1,-1,-1,-1,-1
201520M010795,4,9,0,2,0,0,0,0,0,0,2,1,6,2,-1,-1,-1,-1,-1,-1,-1,-1
201520M010795,5,9,0,2,0,0,0,0,0,0,1,1,6,1,-1,-1,1242,1,7,-1,-1,-1
201520M010795,6,9,0,2,0,0,0,0,0,0,1,1,6,1,-1,-1,1783,1,13,-1,-1,-1
201520M010795,7,9,0,2,0,0,0,0,0,0,2,1,6,3,-1,-1,1598,1,9,-1,-1,-1
201520M010805,1,9,0,9,0,6,0,0,0,0,3,1,6,2,32,6,1968,2,4,-1,1,-1
201520M010805,2,9,0,18,0,8,0,0,0,0,4,1,6,2,56,9,999,1,1,-1,1,-1
201520M010815,1,3,0,13,0,0,2,0,1,0,1,1,6,1,52,8,125,1,1,-1,1,-1
201520M010815,2,9,0,16,0,0,0,0,0,0,3,1,3,1,47,8,2792,1,10,-1,3,-1
201520M010815,3,9,0,17,0,0,0,0,0,0,0,1,6,1,-1,-1,-1,-1,-1,-1,1,-1
201520M010825,1,9,0,9,0,5,0,0,0,0,4,1,6,1,-1,-1,1396,1,16,-1,-1,-1
201520M010825,2,3,0,18,0,8,0,0,0,0,1,1,2,1,19,4,124,1,12,-1,1,-1
201520M010835,1,9,0,4,0,1,0,0,0,0,1,1,6,2,25,5,1781,1,10,-1,1,-1
201520M010835,2,9,0,3,0,1,0,0,0,0,2,1,1,2,24,5,1388,1,11,-1,1,-1
201520M010845,1,9,0,18,0,4,2,7,7,0,1,1,6,2,37,7,1399,2,11,-1,1,-1
201520M010845,2,9,0,18,0,3,0,0,0,0,4,1,6,1,41,7,1685,2,-1,-1,1,-1
201520M010855,1,9,0,18,0,0,0,0,0,0,1,1,6,1,-1,-1,1198,1,11,-1,-1,-1
201520M010855,2,9,0,3,0,0,0,0,0,0,2,1,6,1,34,6,1896,2,9,-1,1,-1
201520M010895,1,9,0,18,0,6,0,0,0,0,1,1,6,1,-1,-1,-1,-1,-1,-1,-1,-1
201520M010895,2,9,0,18,0,8,0,0,0,0,4,1,6,2,29,6,1299,1,13,-1,1,-1
201520M010905,1,8,0,18,0,1,0,0,0,0,0,1,1,1,-1,-1,2664,2,15,-1,-1,-1
201520M010915,1,9,0,9,0,6,0,0,0,0,1,1,6,2,30,6,1395,1,-1,-1,-1,-1
201520M010915,2,9,0,3,0,8,0,0,0,0,4,1,6,2,50,8,1998,1,13,-1,1,-1
201520M010915,3,9,0,3,0,8,0,0,0,0,3,1,6,1,75,10,3555,1,10,-1,3,-1
201520M010915,4,9,0,3,0,8,0,0,0,0,1,1,6,1,36,7,1995,2,1,-1,1,-1
201520M010915,5,9,0,3,0,8,0,0,0,0,1,1,6,2,40,7,1560,2,9,-1,1,-1
201520M010935,1,11,0,4,0,1,0,0,0,0,1,1,1,1,-1,-1,6696,2,1,-1,1,-1
201520M010935,2,1,0,3,0,1,0,0,0,0,2,1,2,2,21,5,-1,-1,-1,-1,1,-1
201520M010965,1,9,0,18,0,8,0,10,7,10,1,1,6,1,30,6,1388,1,8,-1,1,-1
201520M010965,2,9,0,9,0,6,0,10,7,0,3,1,6,1,38,7,1598,1,8,-1,1,-1
201520M010995,1,9,0,18,0,1,0,0,0,0,1,1,6,1,-1,-1,1242,1,1,-1,1,-1
201520M010995,2,1,0,18,0,1,0,0,0,0,1,1,1,1,20,4,-1,-1,-1,-1,1,-1
201520M011005,1,3,0,15,0,8,5,0,0,0,1,1,6,1,16,4,124,1,10,-1,-1,-1
201520M011005,2,9,0,7,0,5,0,0,0,0,4,1,6,1,20,4,1364,1,9,-1,1,-1
201520M011015,1,90,0,13,0,4,0,0,0,0,3,1,6,1,-1,-1,-1,-1,-1,-1,-1,-1
201520M011015,2,9,0,11,0,4,0,0,0,0,4,1,6,2,28,6,1995,2,6,-1,1,-1
201520M011035,1,9,0,18,0,3,2,10,1,10,4,1,6,3,-1,-1,1398,2,13,-1,-1,-1
201520M011055,1,9,0,7,0,5,0,0,0,0,1,1,6,1,60,9,1341,1,13,-1,1,-1
201520M011055,2,1,0,18,0,2,0,0,0,0,1,1,6,1,31,6,-1,-1,-1,-1,1,-1
201520M011075,1,9,0,18,0,8,0,0,0,0,1,1,6,2,23,5,1360,1,5,-1,1,-1
201520M011075,2,9,0,9,0,8,0,0,0,0,4,1,2,2,32,6,1390,1,10,-1,1,-1
201520M011085,1,9,0,18,0,8,0,0,0,0,1,1,6,1,70,10,1390,1,12,-1,1,-1
201520M011085,2,9,0,4,0,8,0,0,0,0,2,1,6,2,19,4,1997,2,10,-1,1,-1
201520M011095,1,9,0,9,0,8,0,0,0,0,1,1,6,1,29,6,999,1,10,-1,1,-1
201520M011095,2,9,0,18,0,8,0,0,1,1,1,1,6,2,31,6,1598,1,7,-1,1,-1
201520M011105,1,9,0,18,0,8,1,10,1,10,1,1,6,1,30,6,1242,1,6,-1,1,-1
201520M011105,2,9,0,9,0,6,0,0,0,0,2,1,6,2,45,7,1997,2,1,-1,1,-1
201520M011125,1,9,0,13,0,0,1,4,0,0,1,1,6,1,21,5,1590,1,11,-1,1,-1