Accident_Index,Vehicle_Reference,Vehicle_Type,Towing_and_Articulation,Vehicle_Manoeuvre,Vehicle_Location-Restricted_Lane,Junction_Location,Skidding_and_Overturning,Hit_Object_in_Carriageway,Vehicle_Leaving_Carriageway,Hit_Object_off_Carriageway,1st_Point_of_Impact,Was_Vehicle_Left_Hand_Drive?,Journey_Purpose_of_Driver,Sex_of_Driver,Age_of_Driver,Age_Band_of_Driver,Engine_Capacity_(CC),Propulsion_Code,Age_of_Vehicle,Driver_IMD_Decile,Driver_Home_Area_Type,Vehicle_IMD_Decile
201520N038305,1,9,0,18,0,0,1,10,0,0,1,1,6,3,-1,-1,-1,-1,-1,-1,-1,-1
201520N038305,2,9,0,12,0,0,0,10,4,0,2,1,6,2,24,5,998,1,11,-1,1,-1
201520N038635,1,9,0,5,0,0,0,0,0,0,1,1,6,2,40,7,2993,2,3,-1,1,-1
201520N038645,1,3,0,16,0,0,5,10,4,10,3,1,6,1,25,5,125,1,1,-1,1,-1
201520N038775,1,8,0,18,0,4,1,0,0,0,1,1,6,1,-1,-1,1997,2,11,-1,-1,-1
201520N038775,2,9,0,9,0,4,0,0,0,0,3,1,6,2,53,8,1796,1,8,-1,1,-1
201520N039085,1,9,0,18,0,8,0,0,0,0,3,1,2,2,21,5,1150,1,7,-1,1,-1
201520N039085,2,9,0,5,0,8,0,0,0,0,1,1,6,1,47,8,1339,8,7,-1,1,-1
201520N039085,3,9,0,5,0,8,0,0,0,0,1,1,6,2,54,8,1461,2,1,-1,1,-1
201520N039285,1,9,0,7,0,6,0,0,0,0,1,1,6,1,53,8,1995,2,2,-1,1,-1
201520N039755,1,9,0,18,0,4,0,0,0,0,1,1,2,1,34,6,3490,1,12,-1,1,-1
201520N039755,2,9,0,18,0,8,0,0,0,0,3,1,2,1,33,6,1229,1,2,-1,2,-1
201520N039765,1,9,0,18,0,1,0,0,0,0,1,1,6,1,78,11,1360,1,16,-1,1,-1
201520N039985,1,19,0,18,0,8,0,0,0,0,3,1,6,1,-1,-1,-1,-1,-1,-1,-1,-1
201520N039985,2,9,0,18,0,8,0,0,0,0,3,1,6,1,26,6,1332,1,16,-1,1,-1
201520N039995,1,9,0,9,0,5,0,0,0,0,1,1,3,2,60,9,1588,1,16,-1,1,-1
201520N039995,2,5,0,18,0,8,0,0,0,0,1,1,2,1,57,9,999,1,9,-1,1,-1
201520N040005,1,9,0,1,9,6,0,0,0,0,2,1,6,2,40,7,1991,2,6,-1,1,-1
201520N040025,1,9,0,18,0,2,0,0,0,0,1,1,6,1,-1,-1,2143,2,4,-1,-1,-1
201520N040025,2,9,0,3,0,2,0,0,0,0,2,1,2,1,28,6,3222,2,12,-1,1,-1
201520N040025,3,9,0,3,0,2,0,0,0,0,3,1,2,2,33,6,1997,2,14,-1,-1,-1
201520N040035,1,9,0,6,0,0,0,0,0,0,0,1,6,1,67,10,2993,2,6,-1,1,-1
201520N040035,2,2,0,13,0,0,1,0,0,0,3,1,6,1,31,6,-1,-1,-1,-1,1,-1
201520N040055,1,8,0,5,0,0,0,0,0,0,0,1,6,1,45,7,1999,7,9,-1,1,-1
201520N040285,1,9,0,7,0,1,0,0,0,0,1,1,2,1,68,10,1598,1,2,-1,1,-1
201520N040285,2,1,0,18,0,1,0,0,0,0,1,1,4,2,13,3,-1,-1,-1,-1,-1,-1
201520N040295,1,9,0,7,0,2,0,0,0,0,1,1,6,1,35,6,1560,2,10,-1,-1,-1
201520N040315,1,5,0,18,0,8,0,0,0,0,1,1,6,1,28,6,738,1,11,-1,1,-1
201520N040315,2,9,0,9,0,8,0,0,0,0,3,1,6,1,66,10,1868,2,16,-1,-1,-1
201520N040315,3,9,0,6,0,8,0,0,0,0,0,1,6,3,-1,-1,-1,-1,-1,-1,-1,-1
201520N040325,1,9,0,12,0,0,0,0,0,0,3,1,6,1,18,4,1198,1,13,-1,1,-1
201520N040325,2,9,0,18,0,0,0,0,0,0,4,1,2,1,18,4,-1,-1,-1,-1,1,-1
201520N040705,1,9,0,17,0,0,0,4,0,0,1,1,1,1,32,6,1753,2,11,-1,1,-1
201520N040705,2,21,1,2,0,0,0,0,0,0,1,1,1,1,47,8,12900,2,4,-1,1,-1
201520N040905,1,2,0,18,0,8,0,0,0,0,3,1,6,1,77,11,493,1,35,-1,1,-1
201520N040905,2,9,0,9,0,6,0,0,0,0,1,1,3,2,39,7,1248,2,9,-1,1,-1
201520N040905,3,9,0,18,0,1,0,0,0,0,0,1,1,1,-1,-1,-1,-1,-1,-1,-1,-1
201520N040925,1,9,0,18,0,1,1,10,1,0,1,1,6,2,18,4,1299,1,13,-1,1,-1
201520N040925,2,9,0,3,0,1,0,0,0,0,2,1,6,1,35,6,1995,2,14,-1,1,-1
201520N040945,1,9,0,17,0,0,2,7,4,6,1,1,6,1,-1,-1,1149,1,15,-1,-1,-1
201520N040945,2,9,0,17,0,0,0,0,0,0,0,1,1,1,40,7,1956,2,3,-1,1,-1
201520N041695,1,9,0,5,0,0,0,0,0,0,4,1,6,1,37,7,1388,1,8,-1,1,-1
201520N041705,1,9,0,18,0,8,0,0,0,0,1,1,6,1,35,6,-1,-1,-1,-1,1,-1
201520N041705,2,8,0,9,0,6,0,0,0,0,1,1,1,1,39,7,1997,2,7,-1,1,-1
201520N042255,1,9,0,7,0,5,0,0,0,0,4,1,6,2,-1,-1,-1,-1,-1,-1,-1,-1
201520N042255,2,5,0,18,0,8,2,10,1,1,1,1,1,1,53,8,998,1,7,-1,3,-1
201520N042265,1,19,4,7,0,8,0,0,0,0,1,1,1,1,51,8,1997,2,11,-1,1,-1
201520N042265,2,9,0,15,0,8,0,10,7,10,3,1,6,2,34,6,1968,2,4,-1,1,-1
201520N042275,1,9,0,9,0,5,0,0,0,0,3,1,2,1,32,6,1998,1,-1,-1,1,-1
201520N042275,2,1,0,18,0,2,0,0,0,0,1,1,6,1,19,4,-1,-1,-1,-1,1,-1
201520N042625,1,9,0,18,0,0,0,0,0,0,1,1,6,2,57,9,1388,1,2,-1,1,-1
201520N042625,2,9,0,18,0,0,0,0,0,0,2,1,6,2,53,8,1242,1,2,-1,1,-1
201520N042625,3,9,0,18,0,0,0,0,0,0,2,1,6,2,33,6,1598,2,3,-1,-1,-1
201520N042645,1,9,0,5,0,1,0,0,0,0,1,1,1,1,28,6,1461,2,7,-1,1,-1
201520N042645,2,9,0,3,0,1,0,0,0,0,2,1,6,1,73,10,1998,2,1,-1,1,-1
201520N042665,1,3,0,14,0,8,0,0,0,0,1,1,6,1,32,6,124,1,13,-1,1,-1
201520N042665,2,9,0,9,0,6,0,0,0,0,1,1,6,1,57,9,1679,1,15,-1,1,-1
201520N043145,1,9,0,11,0,8,0,0,0,0,1,1,6,2,36,7,1398,1,1,-1,1,-1
201520N043145,2,19,0,18,0,8,0,0,0,0,2,1,6,1,23,5,1753,2,9,-1,1,-1
201520N043155,1,4,0,18,0,1,0,4,0,0,4,1,6,1,43,7,-1,-1,-1,-1,1,-1
201520N043155,2,9,0,2,0,2,0,0,0,0,3,1,6,2,46,8,1242,1,6,-1,1,-1
201520N043155,3,9,0,2,0,1,0,0,0,0,2,1,6,1,72,10,1397,1,14,-1,1,-1
201520N043165,1,9,0,18,0,8,1,0,0,0,1,1,2,1,52,8,1997,2,12,-1,1,-1
201520N043165,2,19,0,9,0,8,0,0,0,0,3,1,1,1,23,5,2198,2,7,-1,1,-1
201520N043185,1,9,0,18,0,0,0,4,0,0,1,1,6,1,24,5,1753,2,13,-1,1,-1
201520N043185,2,9,0,2,0,0,0,0,0,0,2,1,6,2,50,8,1997,2,13,-1,1,-1
201520N043215,1,2,0,18,0,8,0,0,0,0,1,1,6,2,30,6,125,1,11,-1,1,-1
201520N043215,2,9,0,9,0,8,0,0,0,0,1,1,6,1,34,6,1197,1,1,-1,-1,-1
201520N043235,1,9,0,18,0,8,0,10,1,1,1,1,2,1,36,7,1997,2,11,-1,1,-1
201520N043235,2,21,1,9,0,8,0,0,0,0,4,1,1,1,56,9,12130,2,10,-1,1,-1
201520N043245,1,9,0,9,0,8,0,0,0,0,3,1,6,1,27,6,973,1,13,-1,1,-1
201520N043245,2,19,0,18,0,8,0,0,0,0,1,1,1,1,43,7,2198,2,1,-1,1,-1
201520N043255,1,9,0,6,0,8,0,0,0,0,1,1,6,2,22,5,1560,2,5,-1,1,-1
201520N043255,2,9,0,9,0,8,0,0,0,0,3,1,1,1,37,7,1968,2,6,-1,1,-1
201520N043525,1,19,0,18,0,2,0,0,0,0,1,1,6,1,41,7,2198,2,8,-1,1,-1
201520N043925,1,9,0,18,0,8,0,0,0,0,1,1,6,2,21,5,1390,1,4,-1,1,-1
201520N043925,2,9,0,10,0,8,0,0,0,0,2,1,6,1,38,7,1910,2,7,-1,1,-1
201520N043945,1,20,1,11,0,0,0,0,0,0,1,1,1,1,35,6,-1,-1,-1,-1,1,-1
201520N043945,2,9,0,18,0,0,0,0,0,0,2,1,2,2,39,7,1149,1,7,-1,1,-1
201520N044095,1,9,0,3,0,2,0,0,0,0,2,1,6,2,63,9,1398,1,3,-1,1,-1
201520N044095,2,11,0,5,0,2,0,0,0,0,1,1,1,1,63,9,9000,2,5,-1,1,-1
201520N044615,1,9,0,18,0,1,0,0,0,0,1,1,6,3,-1,-1,1248,1,6,-1,-1,-1
201520N044615,2,9,0,3,0,1,0,0,0,0,2,1,6,2,51,8,1299,1,13,-1,1,-1
201520N044635,1,2,0,4,0,0,0,4,1,0,1,1,6,1,14,3,-1,-1,-1,-1,1,-1
201520N044635,2,9,0,2,0,0,0,0,0,0,2,1,6,2,23,5,1995,2,5,-1,1,-1
201520N044645,1,19,0,18,0,0,0,0,0,0,1,1,6,1,52,8,2198,2,-1,-1,1,-1
201520N044655,1,9,0,9,0,6,0,0,0,0,3,1,6,2,36,7,1461,2,10,-1,1,-1
201520N044655,2,3,0,18,0,8,0,0,0,0,1,1,6,1,30,6,124,1,-1,-1,1,-1
201520N045065,1,9,0,18,0,1,0,0,0,0,1,1,6,1,-1,-1,998,1,14,-1,-1,-1
201520N045065,2,9,0,7,0,1,0,0,0,0,4,1,2,2,56,9,1596,1,6,-1,1,-1
201520N045075,1,9,0,9,0,6,0,0,0,0,1,1,6,2,22,5,996,1,1,-1,1,-1
201520N045075,2,9,0,18,0,8,0,0,0,0,4,1,6,2,46,8,1997,1,11,-1,1,-1
201520N045305,1,9,0,9,0,8,0,0,0,0,1,1,6,1,56,9,1560,2,10,-1,1,-1
201520N045305,2,9,0,18,0,8,0,10,0,0,1,1,6,2,61,9,1595,1,8,-1,1,-1
201520N045315,1,9,0,1,6,0,0,0,0,0,2,1,6,2,54,8,1388,1,12,-1,1,-1
201520N045325,1,9,0,4,0,0,0,0,0,0,1,1,6,2,18,4,1149,1,10,-1,1,-1
201520N045325,2,9,0,3,0,0,0,0,0,0,2,1,6,1,39,7,-1,-1,-1,-1,1,-1
201520N045325,3,9,0,5,0,0,0,0,0,0,2,1,6,2,22,5,1896,2,7,-1,2,-1
201520N046065,1,9,0,7,0,6,1,10,6,0,2,1,6,2,63,9,1086,1,9,-1,1,-1
201520N046065,2,20,0,12,0,8,0,0,0,0,4,1,6,1,28,6,-1,-1,-1,-1,1,-1
201520N046065,3,9,0,18,0,8,0,0,0,0,2,1,6,2,57,9,1598,1,7,-1,1,-1
201520N046435,1,9,0,9,0,8,1,0,0,0,4,1,6,2,31,6,1796,1,8,-1,1,-1
201520N046435,2,8,0,18,0,8,0,0,0,0,1,1,6,1,44,7,1896,2,8,-1,1,-1
201520N046485,1,9,0,9,0,8,0,0,0,0,4,1,2,1,32,6,1598,1,11,-1,1,-1
201520N046485,2,9,0,18,0,8,0,0,0,0,1,1,2,2,25,5,1364,2,9,-1,1,-1
201520N046605,1,9,0,9,0,5,0,0,0,0,1,1,6,1,71,10,1497,8,7,-1,2,-1
201520N047005,1,9,0,18,0,8,0,0,0,0,3,1,6,1,-1,-1,-1,-1,-1,-1,-1,-1
201520N047005,2,9,0,1,0,8,0,0,0,0,4,1,6,2,34,6,1598,1,14,-1,1,-1
201520N047315,1,9,0,14,0,0,0,0,0,0,1,1,6,1,21,5,1794,1,14,-1,1,-1
201520N047315,2,9,0,14,0,0,0,0,0,0,1,1,6,1,28,6,1248,2,3,-1,-1,-1
201520N047515,1,9,0,5,0,6,0,0,0,0,4,1,6,2,26,6,1497,1,13,-1,1,-1
201520N047515,2,9,0,18,0,8,0,0,0,0,1,1,6,2,28,6,1910,2,7,-1,1,-1
201520N047615,1,8,0,6,0,0,0,0,0,0,3,1,6,2,26,6,1596,1,6,-1,1,-1
201520N047615,2,4,0,18,0,0,2,7,6,0,1,1,2,1,50,8,599,1,17,-1,1,-1
201520N047835,1,9,0,18,0,8,0,0,0,0,1,1,1,1,40,7,1686,2,-1,-1,1,-1
201520N047835,2,9,0,9,0,8,5,0,0,0,1,1,1,1,20,4,1248,2,7,-1,1,-1
201520N048095,1,9,0,18,0,8,0,10,1,0,3,1,6,1,54,8,1399,1,4,-1,1,-1
201520N048095,2,9,0,18,0,8,0,10,7,0,1,1,6,1,-1,-1,1242,1,11,-1,-1,-1
201520N048115,1,9,0,18,0,0,0,4,0,0,1,1,6,1,33,6,-1,-1,-1,-1,1,-1
201520N048115,2,9,0,2,0,0,0,0,0,0,2,1,6,1,68,10,-1,-1,-1,-1,1,-1
201520N048125,1,9,0,5,0,0,0,0,0,0,1,1,6,3,-1,-1,-1,-1,-1,-1,-1,-1
201520N048125,2,1,0,18,0,0,0,0,0,0,2,1,6,2,14,3,-1,-1,-1,-1,1,-1
201520N048145,1,9,0,7,0,5,0,0,0,0,4,1,6,1,38,7,1997,2,1,-1,1,-1
201520N048155,1,9,0,18,0,0,0,0,0,0,1,1,6,1,-1,-1,-1,-1,-1,-1,-1,-1
201520N048155,2,9,0,3,0,0,0,0,0,0,2,1,2,1,47,8,1997,1,10,-1,1,-1
201520N048175,1,9,0,11,0,0,2,10,1,0,1,1,6,2,-1,-1,1242,1,7,-1,1,-1
201520N048175,2,9,0,18,0,0,1,10,1,2,3,1,6,2,50,8,-1,-1,-1,-1,1,-1
201520N048295,1,9,0,9,0,6,0,0,0,0,3,1,6,2,48,8,1390,1,7,-1,1,-1
201520N048295,2,9,0,18,0,8,0,0,0,0,1,1,6,1,57,9,1997,2,8,-1,1,-1
201520N048305,1,5,0,18,0,8,1,0,0,0,1,1,6,1,19,4,599,1,16,-1,1,-1
201520N048305,2,9,0,9,0,8,0,0,0,0,4,1,6,1,37,7,1390,1,5,-1,1,-1
201520N048445,1,9,0,6,0,6,0,0,0,0,1,1,6,1,19,4,1364,1,8,-1,1,-1
201520N048445,2,9,0,18,0,8,1,7,4,4,3,1,6,1,49,8,1560,2,3,-1,1,-1
201520N048745,1,2,0,13,0,8,1,10,0,0,1,1,2,1,21,5,49,1,10,-1,1,-1
201520N048745,2,9,0,9,0,8,0,0,0,0,3,1,2,1,31,6,1796,1,8,-1,1,-1
201520N048755,1,90,0,18,0,8,0,0,0,0,1,1,1,1,25,5,2999,2,-1,-1,1,-1
201520N048755,2,9,0,18,0,8,0,7,7,1,2,1,6,1,28,6,1995,2,8,-1,1,-1
201520N048795,1,1,0,18,9,0,0,0,0,0,1,1,6,1,46,8,-1,-1,-1,-1,1,-1
201520N049085,1,9,0,18,0,1,0,0,0,0,1,1,6,1,-1,-1,-1,-1,-1,-1,-1,-1
201520N049085,2,9,0,4,0,1,0,0,0,0,2,1,6,2,50,8,1598,1,8,-1,1,-1
201520N049175,1,9,0,18,0,1,0,0,0,0,1,1,1,2,30,6,1997,2,1,-1,1,-1
201520N049175,2,9,0,4,0,1,0,0,0,0,2,1,1,1,46,8,1360,1,9,-1,1,-1
201520N049765,1,9,0,18,0,0,0,0,0,0,1,1,6,1,46,8,2800,2,21,-1,1,-1
201520N049765,2,9,0,3,0,0,0,0,0,0,2,1,6,1,43,7,2199,2,3,-1,1,-1
201520N049765,3,9,0,3,0,0,0,0,0,0,2,1,6,1,-1,-1,1596,1,12,-1,1,-1
201520N049955,1,9,0,18,0,2,0,0,0,0,1,1,2,2,51,8,1395,1,-1,-1,1,-1
201520N049965,1,9,0,16,0,0,1,0,0,0,1,1,6,1,24,5,1998,1,7,-1,1,-1
201520N049965,2,9,0,17,0,0,0,10,1,0,1,1,6,2,31,6,1399,2,6,-1,1,-1
201520N050565,1,1,0,18,0,8,0,0,0,0,2,1,2,1,51,8,-1,-1,-1,-1,1,-1
201520N050565,2,9,0,18,0,4,0,0,0,0,1,1,6,1,-1,-1,1896,2,13,-1,1,-1
201520N050825,1,9,0,15,0,1,0,0,0,0,1,1,6,1,19,4,999,1,13,-1,1,-1
201520N050825,2,9,0,10,0,1,0,0,0,0,2,1,3,2,70,10,1997,2,10,-1,1,-1
201520N050865,1,9,0,18,0,8,0,10,1,7,3,1,6,1,-1,-1,-1,-1,-1,-1,-1,-1
201520N050865,2,9,0,18,0,8,0,0,0,0,1,1,1,1,-1,-1,2993,2,-1,-1,-1,-1
201520N050865,3,9,0,18,0,8,0,0,0,0,0,1,1,1,-1,-1,2993,2,2,-1,-1,-1
201520N050865,4,11,0,18,0,8,0,0,0,0,4,1,1,1,48,8,6700,2,3,-1,1,-1
201520N051065,1,9,0,18,0,1,0,0,0,0,1,1,2,2,25,5,1997,2,15,-1,1,-1
201520N051065,2,9,0,3,0,1,0,0,0,0,2,1,2,2,38,7,1598,1,9,-1,1,-1
201520N051405,1,9,0,18,0,0,0,0,0,0,4,1,6,2,55,8,1364,1,10,-1,1,-1
201520N051425,1,9,0,18,0,8,0,0,0,0,1,1,6,1,-1,-1,1999,1,13,-1,-1,-1
201520N051425,2,9,0,18,0,8,0,0,0,0,2,1,6,2,61,9,1197,1,-1,-1,1,-1
201520N051485,1,20,0,1,9,8,0,0,0,0,2,1,1,1,30,6,-1,-1,-1,-1,1,-1
201520N051505,1,9,0,6,0,0,0,0,0,0,2,1,6,1,63,9,2496,2,13,-1,1,-1
201520N051505,2,9,0,18,0,0,0,0,0,0,1,1,6,2,40,7,1399,1,7,-1,-1,-1
201520N051525,1,9,0,9,0,5,0,0,0,0,1,1,6,1,-1,-1,998,1,4,-1,1,-1
201520N051525,2,9,0,18,0,8,0,0,0,0,1,1,6,2,63,9,1988,1,14,-1,1,-1
201520N051545,1,9,0,18,0,1,0,0,0,0,1,1,6,1,18,4,1396,1,16,-1,1,-1
201520N051545,2,9,0,3,0,1,0,0,0,0,2,1,6,1,21,5,1299,1,11,-1,1,-1
201520N051545,3,9,0,3,0,1,0,0,0,0,2,1,6,1,65,9,1896,2,13,-1,1,-1
201520N051635,1,11,0,2,0,0,0,0,0,0,2,1,1,1,49,8,6696,2,1,-1,2,-1
201520N051635,2,9,0,18,0,0,0,4,0,0,1,1,2,1,23,5,1328,1,7,-1,1,-1
201520N051705,1,9,0,5,9,8,0,0,0,0,1,1,6,1,-1,-1,-1,-1,-1,-1,-1,-1
201520N051705,2,1,0,18,9,8,0,0,0,0,3,1,6,1,14,3,-1,-1,-1,-1,1,-1
201520N052345,1,19,0,12,0,0,0,0,0,0,3,1,6,3,-1,-1,-1,-1,-1,-1,-1,-1
201520N052345,2,9,0,18,0,0,0,10,0,0,4,1,2,1,23,5,1896,2,14,-1,1,-1
201520N052495,1,9,0,9,0,5,0,0,0,0,4,1,6,1,55,8,1461,2,-1,-1,1,-1
201520N052495,2,9,0,18,0,8,0,0,0,0,1,1,6,1,35,6,1896,2,8,-1,1,-1
201520N052505,1,9,0,14,0,8,0,10,7,10,4,1,6,1,25,5,1968,2,12,-1,1,-1
201520N052505,2,9,0,9,0,5,0,0,0,0,3,1,6,2,75,10,1798,1,3,-1,1,-1
201520N052685,1,9,0,18,0,2,0,0,0,0,3,1,3,1,38,7,1896,2,10,-1,1,-1
201520N052685,2,9,0,1,0,1,0,0,0,0,2,1,6,2,-1,-1,-1,-1,-1,-1,-1,-1
201520N052695,1,9,0,3,0,0,0,0,0,0,2,1,6,1,56,9,2987,2,-1,-1,1,-1
201520N052695,2,9,0,18,0,0,0,0,0,0,1,1,6,2,21,5,999,1,-1,-1,1,-1
201520N052995,1,9,0,3,0,1,0,0,0,0,2,1,6,1,-1,-1,2993,2,-1,-1,-1,-1
201520N052995,2,9,0,18,0,1,0,0,0,0,2,1,6,1,-1,-1,1686,2,7,-1,-1,-1
201520N052995,3,9,0,18,0,1,0,0,0,0,1,1,6,1,32,6,1781,1,13,-1,1,-1
201520N053385,1,19,0,9,0,5,0,0,0,0,1,1,6,1,33,6,2198,2,1,-1,1,-1
201520N053425,1,9,0,3,0,2,0,0,0,0,2,1,6,1,57,9,1951,2,12,-1,1,-1
201520N053425,2,9,0,4,0,3,0,0,0,0,1,1,6,2,50,8,1198,1,3,-1,1,-1
201520N053445,1,9,0,7,0,6,0,0,0,0,1,1,6,2,49,8,1995,2,2,-1,3,-1
201520N053705,1,9,0,7,0,6,0,0,0,0,1,1,1,1,68,10,1388,1,11,-1,1,-1
201520N053725,1,9,0,18,0,0,0,0,0,0,1,1,6,3,-1,-1,1596,1,8,-1,-1,-1
201520N053725,2,19,0,3,0,0,0,0,0,0,2,1,1,1,54,8,1753,2,8,-1,1,-1
201520N053735,1,3,0,9,0,5,0,0,7,10,1,1,6,1,17,4,-1,-1,-1,-1,1,-1
201520N053735,2,9,0,9,0,5,0,0,0,0,3,1,6,2,54,8,1461,2,3,-1,-1,-1
201520N053745,1,9,0,17,0,3,0,0,0,0,0,1,6,3,-1,-1,-1,-1,-1,-1,-1,-1
201520N053745,2,9,0,18,0,3,0,0,0,0,2,1,6,1,37,7,1397,1,6,-1,1,-1
201520N053745,3,9,0,18,0,3,0,0,0,0,1,1,6,1,54,8,1997,2,3,-1,1,-1
201520N053765,1,9,0,9,0,6,0,10,0,0,3,1,6,2,48,8,1685,2,-1,-1,1,-1
201520N053765,2,19,0,18,0,8,0,0,0,0,1,1,6,1,59,9,2496,2,17,-1,1,-1
201520N054455,1,9,0,18,0,1,1,0,0,0,1,1,6,1,-1,-1,2204,2,7,-1,1,-1
201520N054455,2,9,0,18,0,2,0,0,0,0,2,1,6,1,27,6,1968,2,6,-1,1,-1
201520N054535,1,9,0,18,0,0,0,7,0,0,4,1,6,1,78,11,999,1,-1,-1,2,-1
201520N054535,2,21,1,12,0,0,0,0,0,0,1,1,6,3,-1,-1,10837,2,2,-1,-1,-1
201520N054555,1,5,0,13,0,4,0,0,7,10,1,1,6,1,27,6,750,1,6,-1,1,-1
201520N054555,2,9,0,9,0,3,0,0,0,0,3,1,6,1,66,10,1172,1,-1,-1,1,-1
201520N054655,1,9,0,3,0,0,0,0,0,0,3,1,2,1,25,5,-1,-1,-1,-1,1,-1
201520N054655,2,3,0,13,0,0,2,0,0,0,1,1,2,1,28,6,125,1,5,-1,1,-1
201520N054665,1,9,0,18,0,2,0,10,1,10,1,1,6,2,25,5,1199,1,11,-1,1,-1
201520N054665,2,90,0,10,0,8,0,0,0,0,1,1,1,1,34,6,2999,2,4,-1,1,-1
201520N054835,1,9,0,18,0,2,0,0,0,0,1,1,6,2,35,6,1796,1,10,-1,1,-1
201520N054845,1,9,0,14,0,2,0,0,0,0,1,1,1,1,44,7,2143,2,5,-1,1,-1
201520N054855,1,9,0,1,9,6,0,0,0,0,2,1,6,1,67,10,1587,1,6,-1,1,-1
201520N054865,1,9,0,18,0,2,0,0,0,0,4,1,6,1,-1,-1,-1,-1,-1,-1,-1,-1
201520N055045,1,9,0,17,0,0,1,10,2,10,1,1,6,1,23,5,1242,1,11,-1,1,-1
201520N055255,1,11,0,18,0,8,0,0,0,0,4,1,1,1,49,8,7300,2,12,-1,1,-1
201520N055255,2,9,0,7,0,6,0,0,0,0,1,1,2,2,22,5,898,1,-1,-1,1,-1
201520N055265,1,2,0,12,0,0,0,0,0,0,2,1,6,1,48,8,49,1,5,-1,1,-1
201520N055265,2,9,0,18,0,0,0,0,0,0,1,1,6,1,31,6,1995,2,8,-1,1,-1
201520N055555,1,9,0,18,0,8,0,0,0,0,3,1,6,1,19,4,1149,1,12,-1,1,-1
201520N055555,2,8,0,18,0,8,0,0,0,0,1,1,1,1,38,7,2149,2,8,-1,1,-1
201520N055645,1,9,0,17,0,0,0,10,1,3,1,1,6,2,51,8,1461,2,-1,-1,1,-1
201520N055665,1,19,0,9,0,5,0,0,0,0,1,1,6,1,-1,-1,-1,-1,-1,-1,-1,-1
201520N055665,2,9,0,4,0,1,0,0,0,0,1,1,3,2,31,6,1598,1,1,-1,1,-1
201520N055735,1,9,0,18,0,0,0,0,0,0,4,1,6,1,45,7,1998,1,8,-1,1,-1
201520N055955,1,9,0,18,0,8,5,0,0,0,3,2,6,1,49,8,-1,-1,-1,-1,1,-1
201520N055955,2,19,0,9,0,8,0,0,0,0,1,1,6,3,-1,-1,-1,-1,-1,-1,-1,-1
201520N055965,1,9,0,18,0,0,0,10,1,0,1,1,1,1,35,6,1600,1,11,-1,1,-1
201520N056245,1,3,0,14,0,8,0,0,0,0,4,1,1,1,29,6,124,1,4,-1,1,-1
201520N056245,2,9,0,9,0,6,0,0,0,0,1,1,1,2,47,8,1896,2,6,-1,1,-1
201520N056255,1,9,0,3,0,0,0,0,0,0,2,1,6,1,22,5,1229,1,6,-1,1,-1
201520N056255,2,9,0,1,0,0,0,0,0,0,1,1,6,1,29,6,2993,2,8,-1,1,-1
201520N056435,1,9,0,4,9,0,0,10,1,10,1,1,1,2,47,8,1997,1,5,-1,1,-1
201520N056515,1,9,0,3,0,1,0,0,1,10,2,1,6,2,49,8,1242,1,8,-1,1,-1
201520N056515,2,9,0,18,0,1,0,0,0,0,1,1,6,1,-1,-1,1870,2,12,-1,-1,-1
201520N056595,1,9,0,18,0,8,0,0,0,0,4,1,6,2,55,8,1388,1,10,-1,1,-1
201520N056595,2,9,0,4,0,8,0,0,0,0,1,1,6,3,-1,-1,-1,-1,-1,-1,-1,-1
201520N056605,1,9,0,9,0,6,0,0,0,0,1,1,6,1,23,5,1229,1,10,-1,1,-1
201520N056605,2,9,0,18,0,8,0,0,0,0,4,1,6,1,38,7,1994,1,8,-1,1,-1
201520N056665,1,19,0,5,0,0,0,8,0,0,3,1,6,1,47,8,2151,2,13,-1,1,-1
201520N056665,2,9,0,2,9,0,0,0,0,0,4,1,6,2,23,5,1994,2,14,-1,-1,-1
201520N056675,1,9,0,18,0,0,0,0,0,0,4,1,6,2,-1,-1,-1,-1,-1,-1,-1,-1
201520N056685,1,9,0,1,0,0,0,0,0,0,2,1,6,2,-1,-1,-1,-1,-1,-1,-1,-1
201520N056695,1,9,0,18,0,8,0,0,0,0,3,1,1,1,28,6,1198,1,5,-1,1,-1
201520N056695,2,1,0,18,0,8,0,0,0,0,1,1,4,1,13,3,-1,-1,-1,-1,1,-1
201520N057415,1,9,0,9,0,6,0,0,0,0,0,1,6,3,-1,-1,2254,1,16,-1,-1,-1
201520N057415,2,9,0,18,0,2,1,10,1,4,1,1,1,1,51,8,2199,2,1,-1,1,-1
201520N057425,1,20,0,18,0,1,0,0,0,0,1,1,1,1,54,8,-1,-1,-1,-1,3,-1
201520N057425,2,19,0,3,0,1,0,0,0,0,2,1,1,1,79,11,2287,2,3,-1,1,-1
201520N057425,3,9,0,3,0,1,0,0,0,0,2,1,6,2,28,6,1598,1,3,-1,1,-1
201520N057655,1,9,0,1,0,2,0,0,0,0,2,1,6,1,-1,-1,-1,-1,-1,-1,-1,-1
201520N059095,1,9,0,9,3,3,0,0,0,0,1,1,6,1,-1,-1,-1,-1,-1,-1,-1,-1