Accident_Index,Vehicle_Reference,Vehicle_Type,Towing_and_Articulation,Vehicle_Manoeuvre,Vehicle_Location-Restricted_Lane,Junction_Location,Skidding_and_Overturning,Hit_Object_in_Carriageway,Vehicle_Leaving_Carriageway,Hit_Object_off_Carriageway,1st_Point_of_Impact,Was_Vehicle_Left_Hand_Drive?,Journey_Purpose_of_Driver,Sex_of_Driver,Age_of_Driver,Age_Band_of_Driver,Engine_Capacity_(CC),Propulsion_Code,Age_of_Vehicle,Driver_IMD_Decile,Driver_Home_Area_Type,Vehicle_IMD_Decile
2015210028149,2,9,0,4,0,4,0,0,0,0,2,1,6,1,24,5,1399,2,8,-1,3,-1
2015210028151,1,9,0,9,0,6,0,0,0,0,3,1,6,1,74,10,1598,1,7,-1,1,-1
2015210028151,2,1,0,18,0,8,0,0,0,0,1,1,6,1,86,11,-1,-1,-1,-1,1,-1
2015210028154,1,9,0,18,0,0,0,0,0,0,1,1,6,3,-1,-1,-1,-1,-1,-1,-1,-1
2015210028214,1,-1,0,18,0,0,0,0,0,0,1,1,6,3,-1,-1,-1,-1,-1,-1,-1,-1
2015210028220,1,19,0,18,0,6,0,0,0,0,1,1,6,1,58,9,1560,2,3,-1,1,-1
2015210028220,2,9,0,16,0,8,0,0,0,0,1,1,6,2,31,6,1461,2,11,-1,1,-1
2015210028222,1,9,0,3,0,0,0,0,0,0,2,1,6,1,46,8,2495,2,20,-1,1,-1
2015210028222,2,9,0,18,0,0,0,0,0,0,1,1,6,1,51,8,2792,1,13,-1,2,-1
2015210028223,1,9,0,18,0,1,0,0,0,0,1,1,6,1,28,6,1598,1,4,-1,1,-1
2015210028223,2,9,0,18,0,1,0,0,0,0,3,1,6,1,29,6,-1,-1,-1,-1,1,-1
2015210028228,1,9,0,16,0,0,2,0,2,10,1,1,2,2,18,4,1229,1,7,-1,1,-1
2015210028233,1,9,0,18,0,0,2,10,0,0,3,1,6,1,22,5,1396,1,11,-1,1,-1
2015210028235,1,9,0,4,0,1,1,0,1,11,4,1,6,1,33,6,-1,-1,-1,-1,1,-1
2015210028235,2,8,0,10,0,1,0,0,0,0,0,1,6,2,42,7,1968,2,1,-1,1,-1
2015210028238,1,9,0,18,0,8,1,0,1,2,1,1,6,1,59,9,2685,2,12,-1,1,-1
2015210028248,1,9,0,5,0,0,0,0,7,0,4,1,6,1,35,6,1995,2,8,-1,3,-1
2015210028250,1,98,0,18,0,0,1,0,0,0,1,1,6,1,64,9,2500,2,14,-1,1,-1
2015210028250,2,9,0,4,0,0,0,0,0,0,2,1,6,1,60,9,1968,2,5,-1,2,-1
2015210028250,3,9,0,4,0,0,0,0,0,0,2,1,6,1,21,5,1910,2,10,-1,1,-1
2015210028261,1,9,0,9,0,8,0,0,0,0,3,1,6,1,71,10,1560,2,10,-1,2,-1
2015210028261,2,9,0,18,0,8,0,0,0,0,4,1,6,1,32,6,1968,2,10,-1,1,-1
2015210028267,1,5,0,17,0,0,0,0,0,0,1,1,5,1,43,7,1164,1,9,-1,1,-1
2015210028267,2,9,0,13,0,0,0,0,0,0,0,1,5,3,35,6,-1,-1,-1,-1,-1,-1
2015210028273,1,9,0,7,0,8,0,0,0,0,1,1,2,2,65,9,1870,2,10,-1,1,-1
2015210028273,2,9,0,7,0,8,0,0,0,0,2,1,5,1,33,6,1753,2,9,-1,1,-1
2015210028276,1,9,0,7,0,6,5,10,1,1,1,1,6,1,19,4,1149,1,11,-1,1,-1
2015210028278,1,9,0,18,0,0,0,0,7,11,1,1,6,2,37,7,1568,1,6,-1,1,-1
2015210028279,1,9,0,18,0,1,0,0,0,0,1,1,6,1,78,11,1364,1,-1,-1,1,-1
2015210028279,2,1,0,4,0,4,0,0,0,0,2,1,6,1,36,7,-1,-1,-1,-1,1,-1
2015210028280,1,5,0,16,0,0,1,0,0,0,3,1,6,1,30,6,999,1,-1,-1,1,-1
2015210028280,2,5,0,16,0,0,1,0,7,10,4,1,6,1,27,6,953,1,11,-1,1,-1
2015210028281,1,9,0,9,0,5,0,0,0,0,3,1,6,2,-1,-1,1242,1,13,-1,1,-1
2015210028281,2,5,0,13,0,8,0,0,0,0,1,1,6,1,51,8,600,1,13,-1,1,-1
2015210028283,1,9,0,18,0,0,0,0,5,6,3,1,6,1,-1,-1,1396,1,12,-1,1,-1
2015210028283,2,9,0,18,0,0,0,0,4,6,3,1,1,2,53,8,1998,1,-1,-1,3,-1
2015210028286,1,-1,0,18,0,0,0,0,0,0,1,1,6,1,30,6,-1,-1,-1,-1,-1,-1
2015210028286,2,9,0,18,0,0,0,0,0,0,2,1,6,2,37,7,1598,1,10,-1,2,-1
2015210028296,1,9,0,18,0,1,0,0,0,0,1,1,6,2,19,4,1124,1,13,-1,1,-1
2015210028296,2,9,0,10,0,1,0,0,0,0,2,1,2,1,19,4,1242,1,10,-1,1,-1
2015210028318,1,9,0,18,0,6,0,0,0,0,1,1,5,1,35,6,-1,-1,-1,-1,-1,-1
2015210028318,2,3,0,18,0,8,0,0,0,0,1,1,5,1,23,5,125,1,-1,-1,1,-1
2015210028319,1,9,0,9,0,5,0,0,0,0,1,1,6,1,19,4,1896,2,12,-1,3,-1
2015210028319,2,9,0,18,0,8,0,0,0,0,3,1,6,2,46,8,1390,1,3,-1,1,-1
2015210028322,1,9,0,18,0,1,0,0,0,0,1,1,2,2,21,5,1242,1,-1,-1,1,-1
2015210028322,2,98,0,18,0,1,0,0,0,0,4,1,6,1,54,8,2198,2,6,-1,1,-1
2015210028326,1,9,0,18,0,1,0,0,0,0,1,1,5,1,34,6,1753,2,7,-1,1,-1
2015210028326,2,9,0,18,0,1,0,0,0,0,1,1,5,1,30,6,1198,1,9,-1,1,-1
2015210028334,1,9,0,17,0,8,0,0,0,0,1,1,6,1,17,4,1229,1,7,-1,1,-1
2015210028334,2,9,0,9,0,8,0,0,0,0,1,1,6,1,51,8,998,1,5,-1,3,-1
2015210028334,3,9,0,16,0,8,0,0,0,0,1,1,6,1,46,8,-1,-1,-1,-1,1,-1
2015210028335,1,98,0,9,0,5,0,0,0,0,1,1,6,1,43,7,-1,-1,-1,-1,1,-1
2015210028335,2,1,0,18,0,8,0,0,0,0,1,1,6,1,48,8,-1,-1,-1,-1,1,-1
2015210028339,1,9,0,18,0,0,0,0,0,0,1,1,1,1,18,4,1229,1,7,-1,1,-1
2015210028344,1,19,0,5,0,4,0,0,0,0,1,1,1,1,31,6,2143,2,5,-1,1,-1
2015210028344,2,9,0,18,0,4,0,0,0,0,2,1,6,2,28,6,1388,1,7,-1,1,-1
2015210028360,1,9,0,16,0,0,0,0,0,0,1,1,6,1,19,4,-1,-1,-1,-1,2,-1
2015210028360,2,9,0,17,0,0,0,0,0,0,1,1,6,1,39,7,2000,2,11,-1,1,-1
2015210028370,1,9,0,18,0,1,0,0,0,0,4,1,6,1,35,6,2184,2,6,-1,1,-1
2015210028383,1,9,-1,1,0,0,0,0,0,0,-1,1,6,2,63,9,1560,2,4,-1,1,-1
2015210028383,2,9,0,-1,-1,0,-1,-1,-1,0,-1,1,6,1,36,7,1596,1,13,-1,1,-1
2015210028385,1,9,0,18,0,0,0,0,0,0,1,1,2,1,28,6,2874,2,17,-1,1,-1
2015210028385,2,9,0,18,0,0,0,0,0,0,2,1,6,1,75,10,1956,2,3,-1,3,-1
2015210028385,3,9,0,18,0,0,0,0,0,0,2,1,6,2,40,7,1396,1,14,-1,1,-1
2015210028387,1,19,0,7,0,6,0,0,0,0,1,1,6,1,47,8,2402,2,12,-1,3,-1
2015210028387,2,1,0,18,9,8,0,0,0,0,1,1,2,1,27,6,-1,-1,-1,-1,1,-1
2015210028392,1,9,0,18,0,1,0,0,0,0,1,1,5,1,77,11,1598,1,3,-1,3,-1
2015210028392,2,9,0,10,0,1,0,0,0,0,2,1,5,2,42,7,1796,1,9,-1,1,-1
2015210028393,1,9,0,9,0,6,0,0,0,0,1,1,6,1,19,4,1560,2,3,-1,1,-1
2015210028393,2,9,0,18,0,8,0,0,0,0,1,1,6,1,28,6,1686,2,10,-1,1,-1
2015210028397,1,9,0,17,0,0,0,0,0,0,1,1,2,1,43,7,1794,1,10,-1,2,-1
2015210028397,2,9,0,16,0,0,0,0,1,10,1,1,6,1,42,7,1597,2,-1,-1,1,-1
2015210028400,1,9,0,9,0,6,0,0,0,0,3,1,6,1,56,9,1797,8,-1,-1,3,-1
2015210028400,2,9,0,18,0,8,0,0,0,0,4,1,6,1,67,10,1995,2,13,-1,2,-1
2015210028405,1,19,0,18,0,1,0,0,0,0,1,1,1,1,42,7,2198,2,2,-1,1,-1
2015210028405,2,9,0,10,0,1,0,0,0,0,2,1,6,1,31,6,1242,1,13,-1,1,-1
2015210028407,1,9,0,18,0,0,0,0,0,0,3,1,1,1,34,6,-1,-1,-1,-1,2,-1
2015210028407,2,9,0,18,0,0,0,0,0,0,3,1,6,2,58,9,1248,1,1,-1,3,-1
2015210028407,3,9,0,18,0,0,0,0,1,0,1,1,2,2,24,5,1242,1,2,-1,1,-1
2015210028422,1,19,0,17,0,0,0,0,0,0,1,1,1,1,24,5,2143,2,1,-1,1,-1
2015210028422,2,9,0,16,0,0,0,0,0,0,1,1,6,2,22,5,1598,2,3,-1,1,-1
2015210028445,1,9,0,13,0,5,0,0,0,0,4,1,6,1,71,10,1598,2,4,-1,2,-1
2015210028445,2,17,4,9,0,5,0,0,0,0,3,1,6,1,76,11,6728,2,-1,-1,3,-1
2015210028450,1,9,0,7,0,7,0,0,1,4,3,1,6,2,24,5,1299,1,12,-1,1,-1
2015210028450,2,9,0,18,0,8,0,0,0,0,1,1,6,1,33,6,1587,1,11,-1,1,-1
2015210028458,1,9,0,18,0,0,0,0,1,7,3,1,6,2,18,4,1388,1,12,-1,3,-1
2015210028460,1,21,5,18,0,0,0,0,0,0,3,1,1,1,64,9,12780,2,-1,-1,3,-1
2015210028460,2,20,0,18,0,0,0,0,0,0,3,1,1,1,25,5,4461,2,4,-1,2,-1
2015210028469,1,9,0,9,0,6,0,0,0,0,1,1,6,2,28,6,1108,1,12,-1,3,-1
2015210028469,2,9,0,17,0,8,0,0,0,0,4,1,6,1,77,11,1240,1,6,-1,3,-1
2015210028474,1,9,0,18,0,0,0,0,0,0,1,1,6,1,32,6,1360,1,4,-1,1,-1
2015210028474,2,9,0,3,0,0,0,0,0,0,2,1,1,1,48,8,1968,2,3,-1,1,-1
2015210028483,1,9,0,18,0,1,0,0,0,0,1,1,6,1,-1,-1,1910,2,10,-1,1,-1
2015210028483,2,9,0,3,0,1,0,0,0,0,2,1,6,2,-1,-1,1229,1,3,-1,1,-1
2015210028486,1,19,0,2,0,0,0,0,0,0,4,1,1,1,54,8,2198,2,1,-1,3,-1
2015210028486,2,1,0,15,9,0,0,0,0,0,3,1,6,2,51,8,-1,-1,-1,-1,2,-1
2015210028510,1,9,0,18,0,2,0,0,0,0,1,1,6,1,23,5,1796,1,14,-1,1,-1
2015210028510,2,9,0,10,0,1,0,0,0,0,1,1,6,2,23,5,898,1,2,-1,1,-1
2015210028511,1,9,0,18,0,1,0,0,0,0,1,1,6,2,54,8,1198,1,6,-1,1,-1
2015210028511,2,9,0,10,0,1,0,0,0,0,2,1,6,1,47,8,-1,-1,-1,-1,3,-1
2015210028512,1,9,0,18,0,0,0,0,0,0,1,1,6,1,50,8,1997,1,12,-1,1,-1
2015210028513,1,9,0,18,0,0,0,0,0,0,1,1,6,1,24,5,1900,2,11,-1,1,-1
2015210028513,2,9,0,2,0,0,0,0,0,0,1,1,1,1,-1,-1,1968,2,-1,-1,-1,-1
2015210028513,3,9,0,2,0,0,0,0,0,0,1,1,1,1,-1,-1,2400,2,2,-1,-1,-1
2015210028520,1,9,0,18,0,1,0,0,0,0,1,1,1,1,55,8,1799,1,16,-1,1,-1
2015210028520,2,9,0,18,0,1,0,0,0,0,1,1,1,1,38,7,1975,1,13,-1,1,-1
2015210028523,1,9,0,9,0,6,0,0,0,0,4,1,6,2,19,4,1124,1,13,-1,1,-1
2015210028523,2,9,0,18,0,8,0,0,0,0,1,1,6,1,39,7,1997,1,13,-1,1,-1
2015210028526,1,19,0,18,0,2,0,0,1,11,1,1,6,2,35,6,2198,2,7,-1,1,-1
2015210028529,1,9,0,18,0,1,0,0,0,0,-1,1,6,2,31,6,1364,1,11,-1,1,-1
2015210028529,2,1,0,18,0,1,0,0,0,0,-1,1,6,1,11,3,-1,-1,-1,-1,1,-1
2015210028534,1,19,0,17,0,0,0,0,0,0,1,1,6,1,29,6,1995,2,7,-1,1,-1
2015210028534,2,9,0,3,0,0,0,0,0,0,2,1,6,2,58,9,1896,2,5,-1,1,-1
2015210028535,1,9,0,9,0,6,0,0,0,0,1,1,6,1,26,6,1242,1,13,-1,1,-1
2015210028535,2,9,0,18,0,1,0,0,0,0,1,1,6,1,55,8,1995,2,5,-1,3,-1
2015210028536,1,9,0,13,0,1,0,0,0,0,4,1,6,2,-1,-1,1348,1,7,-1,1,-1
2015210028536,2,1,0,18,0,1,0,0,0,0,3,1,6,1,35,6,-1,-1,-1,-1,1,-1
2015210028586,1,9,0,18,0,4,0,0,0,0,1,1,6,3,-1,-1,1242,1,13,-1,-1,-1
2015210028586,2,9,0,7,0,8,0,0,0,0,4,1,2,2,39,7,998,1,9,-1,1,-1
2015210028590,1,9,0,8,0,8,0,0,0,0,1,1,6,2,33,6,2204,2,9,-1,1,-1
2015210028590,2,1,0,18,4,1,0,0,0,0,1,1,6,1,57,9,-1,-1,-1,-1,1,-1
2015210028591,1,19,0,13,0,8,0,0,0,0,4,1,6,1,50,8,2463,2,9,-1,2,-1
2015210028591,2,9,0,9,0,8,0,0,0,0,3,1,6,1,21,5,1124,1,11,-1,1,-1
2015210028596,1,9,0,18,0,0,0,0,0,0,1,1,5,1,91,11,1769,1,12,-1,3,-1
2015210028597,1,1,0,-1,0,0,0,0,0,0,1,1,5,1,20,4,-1,-1,-1,-1,1,-1
2015210028597,2,9,0,18,0,0,0,0,0,0,1,1,5,1,41,7,1598,2,3,-1,1,-1
2015210028603,1,9,0,18,0,1,0,0,0,0,1,1,1,2,18,4,1299,1,11,-1,1,-1
2015210028603,2,9,0,3,0,1,0,0,0,0,2,1,2,1,47,8,1242,1,9,-1,1,-1
2015210028604,1,9,0,18,0,0,0,0,0,0,1,1,6,1,-1,-1,1360,1,7,-1,1,-1
2015210028612,1,9,-1,-1,-1,0,-1,-1,-1,0,-1,1,6,1,42,7,1796,1,8,-1,2,-1
2015210028613,1,97,0,18,0,0,0,0,0,0,1,1,6,1,15,3,49,1,10,-1,1,-1
2015210028613,2,9,0,2,0,0,0,0,0,0,2,1,6,2,20,4,1248,2,8,-1,1,-1
2015210028637,1,9,-1,18,0,0,0,0,0,0,4,1,6,1,22,5,1124,1,13,-1,1,-1
2015210028637,2,9,-1,2,0,0,0,0,0,0,4,1,5,1,29,6,1339,1,6,-1,1,-1
2015210028637,3,9,0,2,0,0,0,0,0,0,2,1,5,1,-1,-1,1988,1,16,-1,1,-1
2015210028639,1,19,0,18,0,1,0,0,0,0,1,1,6,1,34,6,2198,2,3,-1,1,-1
2015210028639,2,19,0,3,0,1,0,0,0,0,2,1,6,1,48,8,2198,2,7,-1,1,-1
2015210028639,3,9,0,3,0,1,0,0,0,0,2,1,6,1,53,8,2231,2,4,-1,1,-1
2015210028639,4,98,0,18,0,2,0,0,0,0,2,1,6,1,48,8,-1,-1,-1,-1,1,-1
2015210028641,1,9,0,3,0,1,0,0,0,0,2,1,1,2,48,8,995,1,8,-1,2,-1
2015210028641,2,9,0,18,0,1,0,0,0,0,1,1,2,1,46,8,1896,2,12,-1,1,-1
2015210028650,1,3,0,14,0,0,0,0,0,0,1,1,6,1,19,4,124,1,6,-1,1,-1
2015210028650,2,9,0,18,0,0,0,0,0,0,1,1,6,1,21,5,1598,1,10,-1,1,-1
2015210028652,1,9,0,16,0,0,5,0,7,11,3,1,6,1,24,5,1560,2,-1,-1,1,-1
2015210028658,1,9,-1,-1,-1,0,-1,-1,-1,0,-1,1,6,1,-1,-1,2969,2,7,-1,1,-1
2015210028661,1,9,0,18,0,1,0,0,0,0,1,1,6,1,40,7,1956,2,2,-1,2,-1
2015210028661,2,1,0,18,0,6,0,0,0,0,1,1,6,1,18,4,-1,-1,-1,-1,1,-1
2015210028666,1,9,0,17,0,0,0,0,0,0,1,1,6,2,18,4,1390,1,8,-1,3,-1
2015210028666,2,9,0,14,0,0,0,0,0,0,1,1,6,1,63,9,1240,1,5,-1,2,-1
2015210028685,1,9,0,18,0,0,0,0,0,0,1,1,6,1,31,6,-1,-1,-1,-1,1,-1
2015210028685,2,9,0,3,0,0,0,0,0,0,2,1,6,2,36,7,1499,1,1,-1,1,-1
2015210028703,1,9,0,17,0,0,1,0,2,7,3,1,2,2,25,5,1600,2,4,-1,1,-1
2015210028703,2,9,0,16,0,0,0,0,0,0,3,1,2,1,24,5,1242,1,11,-1,2,-1
2015210028704,1,9,0,17,0,0,0,0,0,0,1,1,6,1,25,5,2993,2,3,-1,1,-1
2015210028711,1,9,0,18,0,0,0,0,0,0,1,1,6,2,-1,-1,998,1,5,-1,2,-1
2015210028711,2,9,0,3,0,0,0,0,0,0,2,1,6,1,23,5,1968,2,2,-1,1,-1
2015210028722,1,9,0,16,0,0,0,0,1,7,4,1,6,1,39,7,2231,2,8,-1,1,-1
2015210028734,1,19,0,18,9,0,0,0,0,0,1,1,6,1,29,6,-1,-1,-1,-1,1,-1
2015210028744,1,9,0,16,0,8,0,0,1,11,1,1,5,1,60,9,1998,7,10,-1,1,-1
2015210028769,1,9,0,5,0,4,0,0,0,0,1,1,6,1,31,6,1796,1,14,-1,1,-1
2015210028769,2,5,0,4,0,4,0,0,0,0,2,1,6,1,28,6,646,1,10,-1,1,-1
2015210028770,1,9,0,9,0,6,0,0,0,0,3,1,6,1,40,7,-1,-1,-1,-1,1,-1
2015210028770,2,9,0,18,0,8,0,0,0,0,1,1,6,1,29,6,998,1,-1,-1,1,-1
2015210028772,1,9,0,18,0,0,0,0,0,0,4,1,6,2,20,4,1242,1,3,-1,1,-1
2015210028773,1,9,0,18,0,0,0,0,0,0,1,1,6,2,30,6,1598,1,11,-1,1,-1
2015210028773,2,1,0,18,0,0,0,0,0,0,1,1,1,1,26,6,-1,-1,-1,-1,1,-1
2015210028774,1,9,0,1,0,0,0,0,0,0,2,1,6,1,63,9,1956,2,1,-1,1,-1
2015210028789,1,9,0,18,0,0,0,11,0,0,1,1,6,1,23,5,2188,2,11,-1,1,-1
2015210028789,2,9,0,18,0,0,0,0,0,0,1,1,6,1,-1,-1,1596,1,12,-1,1,-1
2015210028801,1,98,0,18,0,8,0,0,0,0,0,1,1,1,43,7,12740,2,-1,-1,1,-1
2015210028801,2,98,0,18,0,8,0,0,0,0,4,1,1,1,27,6,16120,2,8,-1,1,-1
2015210028809,1,9,-1,-1,-1,-1,-1,-1,-1,0,-1,1,6,3,-1,-1,1686,2,13,-1,-1,-1
2015210028809,2,9,-1,-1,-1,-1,-1,-1,-1,0,-1,1,6,1,29,6,1398,2,13,-1,1,-1
2015210028813,1,9,-1,18,0,7,0,0,0,0,-1,1,6,2,-1,-1,1582,2,4,-1,1,-1
2015210028813,2,9,-1,18,0,7,0,0,0,0,-1,1,6,1,24,5,1995,2,12,-1,1,-1
2015210028815,1,9,0,13,0,0,0,0,0,0,1,1,5,1,27,6,1840,1,16,-1,3,-1
2015210028815,2,9,0,18,0,0,0,0,0,0,1,1,5,1,57,9,-1,-1,-1,-1,3,-1
2015210028828,1,22,0,16,0,0,0,0,0,0,1,1,6,1,68,10,-1,-1,-1,-1,1,-1
2015210028828,2,1,0,18,0,0,0,0,0,0,1,1,6,2,7,2,-1,-1,-1,-1,1,-1
2015210028844,1,9,0,6,0,1,0,0,0,0,0,1,6,3,-1,-1,-1,-1,-1,-1,-1,-1
2015210028844,2,9,0,4,0,1,0,0,0,0,2,1,6,1,48,8,998,1,1,-1,1,-1
2015210028844,3,9,0,18,0,1,0,0,0,0,1,1,6,2,30,6,1242,1,3,-1,1,-1
2015210028844,4,19,0,18,0,1,0,0,0,0,1,1,6,1,30,6,1753,2,8,-1,1,-1
2015210028852,1,9,0,18,0,7,0,0,0,0,1,1,6,1,48,8,1998,2,11,-1,1,-1
2015210028852,2,9,0,18,0,7,0,0,0,0,2,1,6,2,57,9,998,1,-1,-1,1,-1
2015210028852,3,9,0,18,0,7,0,0,0,0,2,1,6,2,26,6,1364,2,10,-1,1,-1
2015210028868,1,9,0,18,0,1,0,0,0,0,1,1,6,1,21,5,2497,2,8,-1,1,-1
2015210028868,2,9,0,18,0,1,0,0,0,0,1,1,6,2,47,8,1596,1,5,-1,1,-1
2015210028869,1,5,0,18,0,1,1,0,0,0,1,1,6,1,67,10,748,1,19,-1,1,-1
2015210028869,2,9,0,9,7,2,0,0,0,0,0,1,6,2,24,5,1149,1,7,-1,1,-1
2015210028870,1,9,0,18,0,0,0,0,0,0,1,1,6,2,54,8,1198,1,1,-1,1,-1
2015210028954,1,19,0,4,0,0,0,0,0,0,2,1,6,1,36,7,2496,2,18,-1,-1,-1
2015210028954,2,9,0,18,0,0,0,0,0,0,4,1,6,2,33,6,-1,-1,-1,-1,1,-1
2015210028962,1,9,0,18,0,0,0,0,0,0,1,1,6,1,34,6,1364,1,8,-1,1,-1
2015210028962,2,9,0,3,0,0,0,0,0,0,2,1,6,2,48,8,1995,2,5,-1,2,-1
2015210028966,1,9,0,18,0,0,0,0,0,0,1,1,6,1,46,8,1560,2,8,-1,1,-1
2015210028966,2,9,0,18,0,0,0,0,0,0,2,1,1,1,53,8,1968,2,2,-1,1,-1
2015210028969,1,9,0,13,0,8,0,0,0,0,1,1,6,1,32,6,-1,-1,-1,-1,1,-1
2015210028969,2,9,0,9,0,5,5,0,1,7,3,1,6,1,30,6,1587,1,12,-1,1,-1
2015210028970,1,9,0,18,0,1,0,0,0,0,1,1,6,1,30,6,1984,1,10,-1,1,-1
2015210028970,2,9,0,18,0,1,0,0,0,0,1,1,6,2,27,6,1199,1,12,-1,1,-1
2015210028982,1,9,0,18,0,8,0,0,0,0,1,1,6,1,69,10,-1,-1,-1,-1,3,-1
2015210028982,2,9,0,9,0,5,0,0,0,0,2,1,6,1,67,10,2199,2,2,-1,3,-1
2015210028983,1,19,4,18,0,1,0,0,0,0,1,1,5,1,45,7,-1,-1,-1,-1,1,-1
2015210028983,2,21,1,10,0,1,0,0,0,0,2,1,5,1,51,8,12902,2,2,-1,3,-1
2015210028994,1,9,0,18,0,0,0,0,0,0,1,1,6,2,18,4,998,1,16,-1,1,-1
2015210028994,2,9,0,4,0,0,0,0,0,0,2,1,6,2,23,5,1229,1,10,-1,1,-1
2015210028999,1,19,0,18,0,5,0,0,0,0,1,1,6,1,33,6,2500,2,10,-1,1,-1
2015210028999,2,9,0,18,0,8,0,0,0,0,3,1,5,1,35,6,998,1,7,-1,1,-1
2015210029016,1,9,0,18,0,1,0,0,0,0,1,1,6,1,71,10,1998,1,22,-1,1,-1
2015210029016,2,9,0,10,0,5,0,0,0,0,2,1,6,1,63,9,998,1,-1,-1,3,-1
2015210029025,1,19,0,9,0,2,0,0,0,0,1,1,6,2,46,8,2198,2,-1,-1,1,-1
2015210029025,2,1,0,18,0,8,0,0,0,0,1,1,6,1,10,2,-1,-1,-1,-1,1,-1
2015210029032,1,9,0,18,0,1,0,0,0,0,1,1,6,2,31,6,1242,1,13,-1,1,-1
2015210029032,2,9,0,7,0,5,0,0,0,0,4,1,6,2,29,6,1968,2,8,-1,1,-1
2015210029064,1,5,0,15,0,8,0,0,0,0,1,1,6,1,55,8,1293,1,3,-1,1,-1
2015210029064,2,9,0,9,0,5,0,0,0,0,4,1,6,1,42,7,1968,2,-1,-1,2,-1
2015210029066,1,9,0,16,0,2,0,0,0,0,1,1,6,1,24,5,1998,1,3,-1,3,-1
2015210029066,2,1,0,11,0,2,0,0,1,0,2,1,6,1,46,8,-1,-1,-1,-1,1,-1
2015210029068,1,9,0,18,0,8,5,0,4,6,1,1,6,1,48,8,1560,2,7,-1,1,-1
2015210029075,1,21,0,18,0,0,0,0,0,0,1,1,1,1,60,9,-1,-1,-1,-1,3,-1
2015210029075,2,21,0,18,0,0,0,0,0,0,2,1,1,1,44,7,10837,2,2,-1,1,-1
2015210029077,1,9,0,18,0,8,0,0,1,0,3,1,6,1,56,9,1597,2,2,-1,1,-1
2015210029077,2,9,0,18,0,1,0,0,0,0,1,1,6,1,28,6,1596,1,10,-1,1,-1
2015210029078,1,9,0,18,0,1,0,0,0,0,1,1,6,1,-1,-1,1968,2,2,-1,1,-1
2015210029078,2,9,0,8,0,1,0,0,0,0,2,1,6,2,28,6,1229,1,3,-1,1,-1
2015210029081,1,3,0,18,0,0,0,0,0,0,1,1,6,1,29,6,125,1,8,-1,1,-1
2015210029081,2,9,0,18,0,0,0,0,0,0,2,1,6,1,21,5,1797,8,4,-1,1,-1
2015210029083,1,5,0,18,0,1,0,0,0,0,1,1,6,1,69,10,600,1,9,-1,1,-1
2015210029083,2,1,0,9,0,5,0,0,0,0,2,1,6,1,40,7,-1,-1,-1,-1,1,-1
2015210029090,1,9,0,16,0,0,0,0,1,7,1,1,5,1,26,6,-1,-1,-1,-1,1,-1
2015210029090,2,9,0,16,0,0,0,0,1,7,3,1,5,1,25,5,973,1,12,-1,1,-1
2015210029095,1,9,0,18,0,1,1,0,0,0,2,1,1,2,34,6,1248,2,3,-1,1,-1
2015210029095,2,97,0,18,0,1,1,0,0,0,4,1,6,1,50,8,-1,-1,-1,-1,1,-1
2015210029109,1,9,0,18,0,6,0,0,0,0,2,1,6,2,45,7,1124,1,15,-1,2,-1
2015210029109,2,9,0,18,0,8,0,0,0,0,1,1,6,2,66,10,2946,1,13,-1,3,-1
2015210029112,1,19,0,13,0,0,0,0,0,0,1,1,1,1,-1,-1,2494,2,6,-1,3,-1
2015210029112,2,1,0,18,0,0,0,0,0,0,2,1,2,1,40,7,-1,-1,-1,-1,3,-1
2015210029119,1,-1,0,18,0,2,0,0,0,0,1,1,6,3,-1,-1,-1,-1,-1,-1,-1,-1
2015210029134,1,9,0,18,0,0,0,0,1,10,4,1,6,1,25,5,1390,1,14,-1,2,-1
2015210029135,1,2,0,17,0,1,1,0,0,0,0,1,4,1,16,4,49,1,4,-1,1,-1
2015210029148,1,9,0,18,0,1,0,0,0,0,1,1,6,1,25,5,1339,1,7,-1,1,-1
2015210029148,2,1,-1,-1,-1,-1,-1,-1,-1,0,-1,1,6,2,18,4,-1,-1,-1,-1,1,-1
2015210029152,1,9,0,4,0,0,0,0,0,0,1,1,6,1,25,5,1086,1,11,-1,3,-1
2015210029152,2,9,0,4,0,0,0,0,0,0,2,1,6,1,32,6,-1,-1,-1,-1,1,-1
2015210029153,1,9,-1,-1,-1,-1,-1,-1,-1,0,-1,1,6,1,50,8,1388,1,16,-1,1,-1
2015210029153,2,97,-1,-1,-1,-1,-1,-1,-1,0,-1,1,6,1,42,7,49,1,12,-1,1,-1
2015210029154,1,9,0,18,0,3,0,0,0,0,2,1,6,1,60,9,2198,2,10,-1,1,-1
2015210029154,2,9,0,18,0,3,0,0,0,0,1,1,6,1,27,6,1995,2,14,-1,1,-1
2015210029160,1,9,0,16,0,0,2,0,1,0,3,1,6,1,57,9,2835,2,20,-1,1,-1
2015210029165,1,9,0,5,0,4,0,0,0,0,3,1,5,1,-1,-1,-1,-1,-1,-1,-1,-1