Accident_Index,Vehicle_Reference,Vehicle_Type,Towing_and_Articulation,Vehicle_Manoeuvre,Vehicle_Location-Restricted_Lane,Junction_Location,Skidding_and_Overturning,Hit_Object_in_Carriageway,Vehicle_Leaving_Carriageway,Hit_Object_off_Carriageway,1st_Point_of_Impact,Was_Vehicle_Left_Hand_Drive?,Journey_Purpose_of_Driver,Sex_of_Driver,Age_of_Driver,Age_Band_of_Driver,Engine_Capacity_(CC),Propulsion_Code,Age_of_Vehicle,Driver_IMD_Decile,Driver_Home_Area_Type,Vehicle_IMD_Decile
2015210029165,2,9,0,5,0,4,0,0,3,0,4,1,6,1,43,7,1796,1,14,-1,1,-1
2015210029167,1,9,0,16,0,0,0,0,7,4,1,1,6,1,19,4,1299,1,14,-1,3,-1
2015210029172,1,9,0,9,0,1,0,0,0,0,1,1,6,1,25,5,1360,1,16,-1,1,-1
2015210029172,2,9,0,4,0,1,0,0,0,0,1,1,6,1,29,6,1360,1,14,-1,1,-1
2015210029172,3,9,0,18,0,1,0,0,0,0,0,1,1,1,42,7,1248,2,2,-1,1,-1
2015210029230,1,9,0,15,0,0,0,0,0,0,1,1,6,1,20,4,2000,1,20,-1,1,-1
2015210029230,2,9,0,18,0,0,0,0,0,0,1,1,6,1,27,6,1560,2,1,-1,1,-1
2015210029234,1,8,0,3,0,0,0,0,0,0,1,1,1,1,36,7,1968,2,5,-1,1,-1
2015210029234,2,9,0,18,0,0,0,0,0,0,2,1,6,1,84,11,-1,-1,-1,-1,1,-1
2015210029235,1,9,0,14,0,0,0,0,0,0,4,1,6,1,-1,-1,-1,-1,-1,-1,3,-1
2015210029235,2,9,0,2,0,0,0,0,0,0,3,1,5,1,-1,-1,1910,2,7,-1,1,-1
2015210029244,1,9,0,18,0,0,0,0,4,6,3,1,6,1,19,4,998,1,5,-1,1,-1
2015210029252,1,9,0,18,0,0,0,0,0,0,1,1,6,1,17,4,1198,1,7,-1,1,-1
2015210029252,2,9,0,18,0,0,0,0,0,0,1,1,6,1,57,9,1596,1,15,-1,1,-1
2015210029255,1,9,0,14,0,0,0,0,0,0,4,1,6,2,-1,-1,1598,1,6,-1,2,-1
2015210029255,2,9,0,2,0,0,0,0,0,0,0,1,6,2,46,8,1870,2,4,-1,3,-1
2015210029259,1,9,0,5,0,1,0,0,0,0,1,1,6,2,50,8,998,1,2,-1,1,-1
2015210029259,2,9,0,8,0,1,0,0,0,0,2,1,1,1,38,7,-1,-1,-1,-1,1,-1
2015210029309,1,21,1,18,0,2,0,0,0,0,1,1,1,1,37,7,-1,-1,-1,-1,1,-1
2015210029309,2,19,0,18,0,2,0,0,0,0,1,1,1,1,27,6,1560,2,-1,-1,1,-1
2015210029309,3,9,0,18,0,2,0,0,0,0,2,1,6,2,48,8,1364,2,5,-1,2,-1
2015210029309,4,9,0,18,0,2,0,0,0,0,2,1,6,1,21,5,1368,1,8,-1,1,-1
2015210029310,1,9,0,9,0,6,0,0,0,0,1,1,6,1,29,6,1242,1,9,-1,1,-1
2015210029310,2,9,0,18,0,8,0,0,0,0,4,1,6,1,-1,-1,-1,-1,-1,-1,1,-1
2015210029312,1,9,0,18,0,0,0,0,0,0,1,1,6,2,44,7,1560,2,3,-1,1,-1
2015210029312,2,9,0,18,0,0,0,0,0,0,1,1,6,2,35,6,1968,2,7,-1,1,-1
2015210029314,1,9,0,6,0,0,0,0,0,0,1,1,6,1,85,11,1248,1,5,-1,1,-1
2015210029314,2,9,0,18,0,0,0,0,0,0,2,1,6,1,43,7,2993,2,2,-1,3,-1
2015210029316,1,5,0,16,0,1,0,0,7,2,1,1,6,1,24,5,-1,-1,-1,-1,1,-1
2015210029317,1,9,0,18,0,4,0,0,0,0,3,1,6,1,58,9,1360,1,7,-1,2,-1
2015210029317,2,1,0,18,0,8,0,0,0,0,4,1,6,2,44,7,-1,-1,-1,-1,1,-1
2015210029323,1,9,0,18,0,0,0,0,0,0,1,1,6,1,49,8,1229,1,6,-1,1,-1
2015210029323,2,9,0,4,0,0,0,0,0,0,2,1,6,1,31,6,1796,1,13,-1,1,-1
2015210029323,3,9,0,4,0,0,0,0,0,0,2,1,6,1,58,9,1598,1,3,-1,1,-1
2015210029325,1,9,0,4,0,0,0,0,0,0,2,1,6,1,71,10,2179,2,3,-1,1,-1
2015210029327,1,9,0,9,0,1,0,0,0,0,1,1,6,1,49,8,1796,1,7,-1,1,-1
2015210029327,2,97,0,18,0,1,0,0,0,0,1,1,6,1,17,4,49,1,1,-1,1,-1
2015210029328,1,9,0,5,0,1,0,0,0,0,1,1,6,1,43,7,1596,1,13,-1,2,-1
2015210029328,2,9,0,3,0,1,0,0,0,0,2,1,6,1,58,9,1598,1,8,-1,1,-1
2015210029330,1,9,0,18,0,8,0,0,0,0,3,1,6,1,32,6,1794,1,12,-1,1,-1
2015210029330,2,97,0,18,0,8,5,0,0,0,1,1,6,1,17,4,49,1,4,-1,1,-1
2015210029338,1,9,0,5,0,6,0,0,0,0,1,1,6,1,48,8,1968,2,1,-1,3,-1
2015210029338,2,9,0,18,0,8,2,0,0,0,1,1,1,1,80,11,1298,1,15,-1,1,-1
2015210029341,1,9,0,9,0,6,0,0,0,0,1,1,6,2,51,8,-1,-1,-1,-1,1,-1
2015210029341,2,9,0,18,0,8,0,0,0,0,1,1,6,2,26,6,1968,2,1,-1,1,-1
2015210029343,1,19,0,7,0,6,0,0,0,0,0,1,5,1,55,8,-1,-1,-1,-1,1,-1
2015210029346,1,9,0,18,0,1,1,0,0,0,1,1,6,1,17,4,1390,1,14,-1,1,-1
2015210029346,2,9,0,4,0,1,0,0,0,0,2,1,6,1,35,6,1229,1,-1,-1,1,-1
2015210029346,3,9,0,4,0,1,0,0,0,0,2,1,6,1,37,7,1896,2,10,-1,1,-1
2015210029355,1,9,-1,-1,-1,-1,-1,-1,-1,0,-1,1,6,2,-1,-1,1242,1,3,-1,1,-1
2015210029355,2,9,-1,-1,-1,-1,-1,-1,-1,0,-1,1,6,1,55,8,1598,1,12,-1,1,-1
2015210029356,1,97,0,18,0,1,1,0,0,0,4,1,6,1,17,4,124,1,-1,-1,2,-1
2015210029364,1,8,0,18,0,0,0,0,0,0,-1,1,1,1,-1,-1,1794,1,10,-1,1,-1
2015210029364,2,9,0,-1,0,0,0,0,0,0,-1,1,6,3,-1,-1,-1,-1,-1,-1,-1,-1
2015210029365,1,9,0,4,0,0,0,0,0,0,2,1,5,1,35,6,998,1,9,-1,1,-1
2015210029365,2,9,0,18,0,0,0,0,0,0,1,1,5,1,35,6,1988,1,11,-1,1,-1
2015210029367,1,9,0,18,0,0,0,0,0,0,0,1,5,1,30,6,1910,2,8,-1,1,-1
2015210029367,2,97,0,18,0,0,0,0,0,0,1,1,5,1,54,8,1157,1,17,-1,1,-1
2015210029368,1,9,0,18,0,0,0,0,0,0,1,1,6,1,-1,-1,1390,1,12,-1,1,-1
2015210029368,2,9,0,18,0,0,0,0,0,0,2,1,6,2,31,6,1149,1,5,-1,1,-1
2015210029369,1,9,0,5,0,3,0,0,0,0,1,1,1,1,50,8,1956,2,-1,-1,1,-1
2015210029369,2,9,0,4,0,3,0,0,0,0,2,1,2,2,41,7,998,1,17,-1,1,-1
2015210029370,1,3,0,13,0,8,0,0,0,0,4,1,6,1,19,4,124,1,9,-1,1,-1
2015210029370,2,9,0,9,0,8,0,0,0,0,3,1,6,1,59,9,1390,1,14,-1,1,-1
2015210029379,1,9,0,11,0,3,0,0,0,0,1,1,6,1,18,4,1242,1,7,-1,2,-1
2015210029379,2,3,0,5,0,4,0,0,0,0,3,1,6,1,26,6,125,1,4,-1,1,-1
2015210029384,1,9,0,17,0,4,0,0,0,0,1,1,6,1,72,10,1248,2,6,-1,1,-1
2015210029384,2,19,0,9,0,8,0,0,0,0,1,1,2,1,51,8,2198,2,5,-1,2,-1
2015210029385,1,9,0,5,0,0,0,0,0,0,1,1,6,2,18,4,1242,1,-1,-1,1,-1
2015210029385,2,9,0,2,0,0,0,0,0,0,2,1,6,3,-1,-1,1598,1,8,-1,-1,-1
2015210029389,1,9,0,18,0,1,0,0,0,0,1,1,6,1,30,6,1986,2,8,-1,1,-1
2015210029389,2,9,0,3,0,1,0,0,0,0,2,1,6,2,35,6,1596,1,8,-1,1,-1
2015210029396,1,9,0,18,0,8,1,0,1,7,1,1,6,2,40,7,1242,1,13,-1,1,-1
2015210029398,1,9,0,14,0,5,0,0,0,0,1,1,6,2,29,6,1596,1,11,-1,1,-1
2015210029398,2,3,0,18,0,1,0,0,0,0,1,1,6,1,18,4,125,1,1,-1,1,-1
2015210029418,1,9,0,18,0,8,0,0,0,0,1,1,5,2,43,7,2000,2,11,-1,3,-1
2015210029418,2,9,0,18,0,4,0,0,0,0,3,1,5,2,52,8,1299,1,13,-1,1,-1
2015210029426,1,9,0,18,0,2,0,0,0,0,1,1,6,2,18,4,1242,1,3,-1,1,-1
2015210029426,2,9,0,4,0,2,0,0,0,0,2,1,6,1,38,7,1299,1,11,-1,1,-1
2015210029427,1,9,0,17,0,0,2,0,0,0,1,1,6,1,65,9,1149,1,4,-1,1,-1
2015210029438,1,9,0,5,0,1,0,0,0,0,1,1,6,2,33,6,1198,1,11,-1,1,-1
2015210029438,2,9,0,4,0,1,0,0,0,0,2,1,6,2,38,7,1995,2,4,-1,1,-1
2015210029443,1,9,0,9,0,6,0,0,0,0,1,1,1,1,52,8,898,1,1,-1,1,-1
2015210029443,2,9,0,5,0,6,0,0,0,0,1,1,4,2,28,6,1587,1,10,-1,1,-1
2015210029445,1,9,0,5,0,6,0,0,0,0,1,1,5,1,68,10,-1,-1,-1,-1,3,-1
2015210029445,2,9,0,18,0,8,0,0,0,0,4,1,5,1,57,9,1769,1,12,-1,1,-1
2015210029449,1,9,0,13,0,0,0,0,0,0,1,1,6,3,-1,-1,1796,1,13,-1,-1,-1
2015210029449,2,9,0,18,0,0,5,0,1,11,1,1,6,1,64,9,1997,2,6,-1,3,-1
2015210029504,1,19,0,4,0,0,0,0,0,0,1,1,6,1,65,9,2198,2,8,-1,1,-1
2015210029504,2,9,0,3,0,0,0,0,0,0,1,1,6,1,38,7,1598,2,4,-1,1,-1
2015210029504,3,9,0,18,0,0,5,10,0,0,1,1,6,1,19,4,1124,1,14,-1,1,-1
2015210029516,1,9,0,14,0,0,0,0,0,0,1,1,5,1,45,7,1461,2,3,-1,1,-1
2015210029516,2,11,0,2,0,0,0,0,0,0,0,1,1,1,56,9,6700,2,1,-1,1,-1
2015210029520,1,9,0,18,0,1,0,0,0,0,1,1,6,2,22,5,1390,1,9,-1,1,-1
2015210029524,1,9,0,16,0,1,0,0,0,0,1,1,6,2,50,8,1587,1,11,-1,1,-1
2015210029524,2,19,0,10,0,1,0,0,0,0,2,1,6,1,50,8,1248,2,1,-1,1,-1
2015210029525,1,9,0,3,0,0,0,0,0,0,1,1,1,2,23,5,999,1,6,-1,1,-1
2015210029525,2,9,0,3,0,0,0,0,0,0,2,1,1,2,21,5,1461,2,3,-1,1,-1
2015210029525,3,9,0,18,0,0,0,0,0,0,0,1,6,1,58,9,1968,2,-1,-1,1,-1
2015210029526,1,21,1,18,0,0,0,0,0,0,1,1,1,1,29,6,12809,2,2,-1,1,-1
2015210029526,2,9,0,4,0,0,0,0,0,0,3,1,1,1,24,5,1997,2,-1,-1,1,-1
2015210029526,3,9,0,4,0,0,0,0,0,0,1,1,1,1,46,8,-1,-1,-1,-1,-1,-1
2015210029526,4,9,0,4,0,0,0,0,0,0,1,1,6,2,30,6,1968,2,2,-1,1,-1
2015210029533,1,9,0,18,0,0,1,0,0,0,1,1,6,1,46,8,1461,2,11,-1,1,-1
2015210029533,2,19,0,4,0,0,0,0,0,0,2,1,6,1,32,6,-1,-1,-1,-1,2,-1
2015210029533,3,9,0,4,0,0,0,0,0,0,2,1,6,1,47,8,1968,2,1,-1,1,-1
2015210029540,1,9,0,18,0,1,0,0,0,0,1,1,6,1,56,9,1984,2,4,-1,1,-1
2015210029540,2,9,0,18,0,1,0,0,0,0,1,1,6,2,34,6,1956,2,1,-1,1,-1
2015210029540,3,9,0,7,0,5,0,0,0,0,2,1,6,1,38,7,1796,1,14,-1,1,-1
2015210029546,1,11,0,18,0,0,0,0,0,0,1,1,1,1,36,7,6370,2,3,-1,1,-1
2015210029556,1,9,0,18,0,4,0,0,0,0,4,1,6,1,44,7,1783,1,14,-1,1,-1
2015210029556,2,1,0,18,0,8,0,0,0,0,4,1,6,1,19,4,-1,-1,-1,-1,1,-1
2015210029575,1,9,0,9,0,1,0,0,0,0,3,1,6,2,42,7,2143,2,4,-1,1,-1
2015210029575,2,9,0,18,0,1,0,0,0,0,4,1,6,1,45,7,1997,2,13,-1,1,-1
2015210029578,1,9,-1,5,0,8,0,0,0,0,1,1,6,1,67,10,-1,-1,-1,-1,1,-1
2015210029578,2,9,-1,18,0,1,0,0,0,0,4,1,6,2,39,7,1597,2,-1,-1,1,-1
2015210029581,1,9,0,-1,0,-1,0,0,0,0,1,1,1,1,78,11,1595,1,2,-1,1,-1
2015210029581,2,9,0,-1,0,-1,0,0,0,0,2,1,6,1,22,5,1149,1,14,-1,1,-1
2015210029586,1,9,0,5,0,6,0,0,0,0,1,1,6,1,38,7,1796,1,10,-1,1,-1
2015210029586,2,1,0,5,0,6,0,0,0,0,1,1,6,1,56,9,-1,-1,-1,-1,1,-1
2015210029591,1,9,0,9,0,6,0,0,0,0,1,1,6,2,30,6,1124,1,12,-1,1,-1
2015210029591,2,3,0,17,0,8,0,0,0,0,4,1,6,1,20,4,124,1,1,-1,2,-1
2015210029593,1,-1,0,5,0,6,0,0,0,0,0,1,6,3,-1,-1,-1,-1,-1,-1,-1,-1
2015210029593,2,11,0,4,0,1,0,0,0,0,0,1,1,1,56,9,3900,2,10,-1,1,-1
2015210029618,1,9,0,1,0,0,0,0,0,0,2,1,6,3,-1,-1,-1,-1,-1,-1,-1,-1
2015210029618,2,1,0,3,0,0,0,0,0,0,1,1,6,2,23,5,-1,-1,-1,-1,1,-1
2015210029630,1,98,1,-1,0,3,0,0,0,0,-1,1,1,1,50,8,12900,2,6,-1,1,-1
2015210029630,2,9,-1,-1,-1,-1,-1,-1,-1,0,-1,1,6,1,30,6,1598,1,8,-1,1,-1
2015210029631,1,5,0,14,0,1,1,0,0,0,1,1,6,1,-1,-1,749,1,7,-1,1,-1
2015210029631,2,9,0,9,0,5,0,0,0,0,3,1,6,1,50,8,1998,1,12,-1,1,-1
2015210029633,1,11,0,18,0,0,0,0,0,0,1,1,6,1,46,8,9000,2,3,-1,1,-1
2015210029633,2,9,0,18,0,0,0,0,0,0,2,1,6,1,48,8,4172,1,11,-1,2,-1
2015210029633,3,9,0,18,0,0,0,0,0,0,2,1,6,1,65,9,-1,-1,-1,-1,-1,-1
2015210029633,4,9,0,18,0,0,0,0,0,0,2,1,6,1,40,7,1995,2,13,-1,1,-1
2015210029655,1,9,0,9,0,5,0,0,0,0,3,1,6,2,42,7,1896,2,16,-1,1,-1
2015210029655,2,9,0,13,0,1,0,0,0,0,1,1,6,1,51,8,1998,1,10,-1,1,-1
2015210029659,1,9,0,18,0,1,0,0,0,0,1,1,6,2,33,6,1596,1,11,-1,1,-1
2015210029659,2,9,0,9,0,5,0,0,0,0,2,1,6,2,25,5,1390,1,1,-1,1,-1
2015210029661,1,9,0,13,0,0,0,0,0,0,4,1,6,1,19,4,-1,-1,-1,-1,-1,-1
2015210029661,2,9,0,18,0,0,5,10,7,0,3,1,6,1,23,5,-1,-1,-1,-1,-1,-1
2015210029663,1,11,0,4,0,0,0,0,0,0,0,1,1,1,62,9,5900,2,13,-1,1,-1
2015210029665,1,9,0,7,0,5,5,0,7,10,1,1,6,1,75,10,2457,1,4,-1,3,-1
2015210029666,1,9,0,16,0,0,0,0,0,0,1,1,6,2,72,10,1910,2,9,-1,1,-1
2015210029666,2,9,0,18,0,0,0,0,0,0,1,1,6,1,19,4,1199,1,12,-1,1,-1
2015210029668,1,9,0,9,0,5,0,0,0,0,2,1,6,2,29,6,1229,1,6,-1,1,-1
2015210029668,2,1,0,18,0,8,0,0,0,0,1,1,6,1,41,7,-1,-1,-1,-1,-1,-1
2015210029670,1,9,0,18,0,2,0,0,0,0,1,1,6,2,79,11,1242,1,2,-1,1,-1
2015210029671,1,9,0,18,0,0,0,0,0,0,3,1,6,3,-1,-1,-1,-1,-1,-1,-1,-1
2015210029671,2,98,0,2,9,0,0,0,0,0,0,1,1,1,39,7,2143,2,2,-1,1,-1
2015210029672,1,9,0,18,0,0,1,0,1,0,1,1,6,2,39,7,1198,1,1,-1,1,-1
2015210029678,1,9,0,16,0,0,0,0,0,0,1,1,6,1,43,7,1968,2,8,-1,3,-1
2015210029678,2,9,0,17,0,0,5,0,0,0,1,1,6,1,39,7,1560,2,4,-1,2,-1
2015210029678,3,9,0,17,0,0,0,0,0,0,1,1,6,1,60,9,1796,1,2,-1,2,-1
2015210029687,1,9,0,5,0,6,0,0,0,0,1,1,3,2,39,7,2461,2,15,-1,2,-1
2015210029687,2,1,0,18,0,0,0,0,0,0,3,1,4,1,11,3,-1,-1,-1,-1,1,-1
2015210029688,1,5,0,18,0,1,0,0,0,0,1,1,6,1,50,8,1137,1,15,-1,2,-1
2015210029688,2,9,0,4,0,1,0,0,0,0,2,1,6,2,22,5,1242,1,10,-1,3,-1
2015210029688,3,9,0,18,0,1,0,0,0,0,1,1,6,2,46,8,1596,1,4,-1,1,-1
2015210029688,4,9,0,4,0,1,0,0,0,0,2,1,6,1,36,7,1598,2,-1,-1,1,-1
2015210029692,1,9,0,18,0,0,0,0,0,0,1,1,5,3,35,6,2993,2,1,-1,-1,-1
2015210029692,2,9,0,4,0,0,0,0,0,0,2,1,5,1,60,9,1560,2,-1,-1,-1,-1
2015210029697,1,9,0,18,0,1,0,0,0,0,1,1,6,1,35,6,1598,1,11,-1,1,-1
2015210029697,2,9,0,9,0,2,0,0,0,0,1,1,6,1,32,6,1598,2,4,-1,1,-1
2015210029699,1,19,0,18,0,2,0,0,0,0,1,1,6,1,26,6,2198,2,4,-1,1,-1
2015210029699,2,9,0,2,0,2,0,0,0,0,2,1,6,2,68,10,1124,1,11,-1,1,-1
2015210029712,1,9,0,18,0,0,0,0,0,0,1,1,6,1,48,8,1149,1,14,-1,1,-1
2015210029712,2,9,0,3,0,0,0,0,0,0,2,1,6,2,42,7,1997,2,5,-1,2,-1
2015210029718,1,9,0,18,0,0,0,0,0,0,1,1,1,1,37,7,1896,2,16,-1,1,-1
2015210029718,2,17,0,18,0,0,0,0,0,0,1,1,1,1,30,6,4400,2,1,-1,3,-1
2015210029721,1,9,0,1,0,1,0,0,0,0,2,1,3,1,25,5,998,1,6,-1,2,-1
2015210029723,1,17,4,8,0,5,0,0,0,0,2,1,6,1,46,8,-1,-1,-1,-1,3,-1
2015210029723,2,9,0,18,0,1,0,0,0,0,1,1,6,1,26,6,1800,1,16,-1,3,-1
2015210029728,1,9,0,4,0,0,0,0,0,0,1,1,6,1,-1,-1,1762,1,17,-1,1,-1
2015210029728,2,9,0,18,0,0,0,0,0,0,1,1,1,2,-1,-1,1896,2,7,-1,1,-1
2015210029728,3,9,0,4,0,0,0,0,0,0,2,1,6,1,47,8,996,1,2,-1,1,-1
2015210029729,1,9,0,7,0,5,0,0,1,10,1,1,2,1,22,5,999,1,15,-1,2,-1
2015210029731,1,9,0,18,0,8,0,0,0,0,1,1,6,1,36,7,1229,1,7,-1,1,-1
2015210029731,2,9,0,18,0,8,0,0,0,0,4,1,6,2,54,8,1198,1,8,-1,1,-1
2015210029750,1,9,0,9,0,6,0,0,0,0,3,1,6,2,47,8,1339,1,6,-1,1,-1
2015210029750,2,9,0,2,0,1,0,0,0,0,1,1,6,1,-1,-1,-1,-1,-1,-1,1,-1
2015210029750,3,3,0,18,0,8,0,0,0,0,1,1,6,1,17,4,124,1,-1,-1,1,-1
2015210029755,1,1,0,18,0,0,0,0,0,0,3,1,6,1,-1,-1,-1,-1,-1,-1,-1,-1
2015210029755,2,8,0,13,0,0,0,0,0,0,4,1,1,1,62,9,1968,2,4,-1,1,-1
2015210029760,1,5,0,18,0,8,0,0,0,0,1,1,6,1,33,6,599,1,15,-1,1,-1
2015210029760,2,9,0,9,0,5,0,0,0,0,4,1,6,2,67,10,1124,1,14,-1,1,-1
2015210029764,1,9,0,18,0,0,0,0,0,0,1,1,2,1,20,4,1240,1,12,-1,1,-1
2015210029764,2,9,0,18,0,0,0,0,0,0,1,1,2,2,40,7,1560,2,5,-1,1,-1
2015210029768,1,9,0,18,0,8,0,0,0,0,1,1,6,2,40,7,1248,2,5,-1,2,-1
2015210029768,2,5,0,13,0,8,0,0,0,0,4,1,1,2,26,6,996,1,13,-1,2,-1
2015210029770,1,9,0,18,0,0,0,0,0,0,1,1,6,2,52,8,1149,1,11,-1,2,-1
2015210029778,1,3,0,4,0,0,0,0,0,0,1,1,6,1,21,5,124,1,10,-1,1,-1
2015210029778,2,97,0,4,0,0,0,0,0,0,2,1,6,1,21,5,125,1,9,-1,1,-1
2015210029785,1,9,0,18,0,4,0,0,0,0,1,1,6,3,-1,-1,1796,1,15,-1,-1,-1
2015210029785,2,98,0,18,0,4,0,0,0,0,2,1,6,1,65,9,12900,2,6,-1,1,-1
2015210029790,1,9,0,1,0,1,0,0,0,0,2,1,6,2,37,7,1794,1,9,-1,1,-1
2015210029797,1,9,0,1,0,6,0,0,0,0,2,1,6,2,59,9,1461,2,2,-1,2,-1
2015210029797,2,9,0,14,0,1,0,0,0,0,1,1,6,2,79,11,998,1,13,-1,1,-1
2015210029806,1,9,0,9,0,5,0,0,0,0,3,1,6,1,34,6,2993,2,-1,-1,1,-1
2015210029806,2,1,0,13,0,8,0,0,0,0,1,1,6,1,46,8,-1,-1,-1,-1,1,-1
2015210029815,1,21,1,18,0,1,0,0,0,0,1,1,6,1,56,9,12777,2,7,-1,3,-1
2015210029815,2,9,0,3,0,4,0,0,0,0,2,1,2,1,28,6,1364,1,8,-1,1,-1
2015210029822,1,9,-1,-1,-1,0,-1,-1,-1,0,-1,1,6,2,-1,-1,1229,1,5,-1,1,-1
2015210029822,2,9,-1,-1,-1,0,-1,-1,-1,0,-1,1,6,2,26,6,1364,1,7,-1,1,-1
2015210029844,1,9,0,16,0,0,5,10,7,0,1,1,6,1,27,6,1598,1,9,-1,1,-1
2015210029851,1,9,0,6,0,8,0,0,0,0,1,1,6,3,-1,-1,-1,-1,-1,-1,-1,-1
2015210029851,2,9,0,18,0,8,0,0,0,0,2,1,1,1,25,5,1598,2,3,-1,1,-1
2015210029863,1,4,0,5,0,2,1,0,0,0,0,1,6,1,22,5,471,1,1,-1,1,-1
2015210029865,1,9,0,18,0,4,0,0,0,0,1,1,6,2,68,10,1198,1,9,-1,1,-1
2015210029865,2,9,0,18,0,8,0,0,0,0,4,1,6,2,50,8,1364,1,5,-1,1,-1
2015210029865,3,9,0,3,0,1,0,0,0,0,3,1,6,2,42,7,1896,2,10,-1,1,-1
2015210029901,1,9,0,18,0,0,0,0,0,0,0,1,6,2,42,7,2204,2,8,-1,1,-1
2015210029901,2,98,0,2,0,0,0,0,0,0,0,1,1,2,26,6,9200,2,7,-1,1,-1
2015210029907,1,19,0,13,0,0,0,0,0,0,4,1,1,1,48,8,2287,2,1,-1,3,-1
2015210029907,2,1,0,16,0,0,0,0,0,0,3,1,2,1,46,8,-1,-1,-1,-1,3,-1
2015210029912,1,8,0,5,0,-1,0,0,0,0,-1,1,1,1,46,8,1997,2,8,-1,1,-1
2015210029925,1,9,0,18,0,1,0,0,0,0,1,1,6,1,29,6,1968,2,6,-1,1,-1
2015210029925,2,9,0,18,0,1,0,0,0,0,1,1,6,1,19,4,1124,1,9,-1,1,-1
2015210029926,1,9,0,18,0,0,0,0,0,0,-1,1,6,2,-1,-1,1390,1,3,-1,1,-1
2015210029926,2,9,0,18,0,0,0,0,0,0,3,1,6,1,38,7,1364,1,7,-1,1,-1
2015210029933,1,21,1,12,0,0,0,0,0,0,3,1,6,1,-1,-1,-1,-1,-1,-1,-1,-1
2015210029933,2,9,0,18,0,0,0,0,0,0,4,1,6,2,44,7,1360,1,8,-1,1,-1
2015210029934,1,9,0,18,0,0,0,0,0,0,1,1,6,1,35,6,-1,-1,-1,-1,1,-1
2015210029934,2,9,0,18,0,0,0,0,0,0,2,1,6,2,30,6,-1,-1,-1,-1,1,-1
2015210029939,1,9,0,18,0,6,0,0,0,0,1,1,1,3,-1,-1,-1,-1,-1,-1,-1,-1
2015210029939,2,1,0,18,9,8,0,0,0,0,1,1,2,2,31,6,-1,-1,-1,-1,1,-1
2015210029947,1,9,0,9,0,5,0,0,0,0,3,1,6,1,69,10,-1,-1,-1,-1,3,-1
2015210029947,2,5,0,17,0,8,0,0,0,0,1,1,6,1,30,6,1089,1,33,-1,1,-1
2015210029957,1,9,0,18,0,1,0,0,0,0,1,1,6,2,49,8,-1,-1,-1,-1,1,-1
2015210029957,2,9,0,4,0,1,0,0,0,0,2,1,6,2,49,8,1797,8,5,-1,1,-1
2015210029959,1,9,0,17,0,0,0,0,0,0,1,1,6,1,75,10,1956,2,4,-1,3,-1
2015210029959,2,9,0,16,0,0,0,0,0,0,1,1,6,1,34,6,1248,1,-1,-1,3,-1
2015210029960,1,10,1,13,0,0,0,0,0,0,3,1,1,1,39,7,-1,-1,-1,-1,-1,-1
2015210029960,2,9,0,18,0,0,0,0,0,0,3,1,6,1,67,10,1339,1,6,-1,1,-1
2015210029968,1,9,0,5,9,6,0,0,0,0,1,1,6,1,-1,-1,-1,-1,-1,-1,-1,-1
2015210029968,2,1,0,2,9,8,0,0,0,0,1,1,6,1,18,4,-1,-1,-1,-1,1,-1
2015210029970,1,9,0,4,0,0,0,0,0,0,2,1,6,1,-1,-1,1560,2,9,-1,1,-1
2015210029970,2,9,0,4,0,0,0,0,0,0,1,1,6,1,-1,-1,1753,2,8,-1,1,-1
2015210029970,3,9,0,18,0,0,0,0,0,0,1,1,6,1,-1,-1,1997,2,2,-1,1,-1
2015210029974,1,19,0,9,0,6,0,0,0,0,1,1,1,1,48,8,1910,2,14,-1,1,-1
2015210029974,2,9,0,9,0,5,0,0,0,0,3,1,6,2,29,6,1598,1,14,-1,1,-1
2015210029976,1,20,0,5,8,6,0,0,0,0,1,1,6,1,72,10,2496,2,17,-1,1,-1
2015210029976,2,20,0,18,0,8,1,0,0,0,4,1,6,1,61,9,2402,2,4,-1,2,-1
2015210029977,1,9,0,9,0,6,0,0,0,0,1,1,6,1,24,5,1229,1,7,-1,-1,-1
2015210029977,2,3,0,18,0,8,0,0,0,0,1,1,6,1,25,5,124,1,2,-1,1,-1
2015210029986,1,9,0,14,0,0,0,0,0,0,3,1,1,1,63,9,1991,2,6,-1,3,-1
2015210029986,2,1,0,13,0,0,0,0,0,0,4,1,6,1,34,6,-1,-1,-1,-1,3,-1
2015210029986,3,90,0,2,0,0,0,0,0,0,0,1,1,1,56,9,7146,2,2,-1,1,-1
2015210029989,1,17,5,9,0,5,0,0,0,0,2,1,1,1,21,5,4485,2,3,-1,3,-1
2015210029989,2,98,5,18,0,1,0,0,7,4,1,1,1,1,33,6,12777,2,9,-1,1,-1
2015210029991,1,9,0,16,0,0,5,0,1,10,1,1,6,2,18,4,1199,1,14,-1,1,-1
2015210030002,1,9,0,17,0,0,0,0,0,0,1,1,6,3,-1,-1,-1,-1,-1,-1,-1,-1
2015210030003,1,9,0,18,0,1,0,0,0,0,1,1,6,1,-1,-1,1686,2,10,-1,1,-1