Accident_Index,Vehicle_Reference,Vehicle_Type,Towing_and_Articulation,Vehicle_Manoeuvre,Vehicle_Location-Restricted_Lane,Junction_Location,Skidding_and_Overturning,Hit_Object_in_Carriageway,Vehicle_Leaving_Carriageway,Hit_Object_off_Carriageway,1st_Point_of_Impact,Was_Vehicle_Left_Hand_Drive?,Journey_Purpose_of_Driver,Sex_of_Driver,Age_of_Driver,Age_Band_of_Driver,Engine_Capacity_(CC),Propulsion_Code,Age_of_Vehicle,Driver_IMD_Decile,Driver_Home_Area_Type,Vehicle_IMD_Decile
2015210030003,2,9,0,8,0,1,0,0,0,0,2,1,6,1,58,9,1242,1,4,-1,1,-1
2015210030014,1,4,0,16,0,0,1,0,4,6,1,1,6,1,36,7,498,1,10,-1,1,-1
2015210030027,1,19,0,18,0,1,0,0,0,0,1,1,2,1,42,7,2402,2,8,-1,1,-1
2015210030027,2,9,0,10,0,1,0,0,0,0,2,1,6,1,78,11,1560,2,9,-1,1,-1
2015210030040,1,9,0,18,0,8,0,0,0,0,4,1,6,2,18,4,1360,1,10,-1,1,-1
2015210030040,2,9,0,9,0,6,0,0,0,0,1,1,6,2,49,8,1587,1,10,-1,1,-1
2015210030042,1,3,0,18,0,0,0,10,0,0,4,1,6,1,21,5,125,1,9,-1,3,-1
2015210030042,2,90,0,18,0,0,0,0,0,0,0,1,1,1,35,6,2999,2,1,-1,1,-1
2015210030045,1,9,0,4,0,0,0,0,0,0,1,1,6,1,62,9,1598,1,5,-1,1,-1
2015210030045,2,9,0,3,0,0,0,0,0,0,2,1,6,2,43,7,1910,2,8,-1,2,-1
2015210030045,3,9,0,3,0,0,0,0,0,0,2,1,6,2,34,6,1995,2,-1,-1,1,-1
2015210030045,4,9,0,3,0,0,0,0,0,0,2,1,6,2,40,7,1560,2,2,-1,1,-1
2015210030052,1,19,0,18,0,6,0,0,0,0,1,1,6,1,32,6,2148,2,5,-1,2,-1
2015210030052,2,9,0,18,0,8,0,0,0,0,3,1,2,2,35,6,1685,2,2,-1,2,-1
2015210030052,3,9,0,3,0,1,0,0,0,0,1,1,6,2,52,8,1124,1,14,-1,1,-1
2015210030053,1,9,0,18,0,1,0,0,0,0,1,1,6,1,-1,-1,1560,2,2,-1,1,-1
2015210030053,2,9,0,4,0,1,0,0,0,0,2,1,6,1,24,5,1242,1,9,-1,1,-1
2015210030059,1,9,0,18,0,6,1,0,0,0,1,1,6,1,48,8,1590,1,24,-1,1,-1
2015210030059,2,9,0,18,0,8,0,0,0,0,1,1,6,2,27,6,1461,2,3,-1,1,-1
2015210030067,1,9,0,18,0,0,0,0,0,0,1,1,6,3,-1,-1,-1,-1,-1,-1,-1,-1
2015210030071,1,9,0,18,0,0,0,0,0,0,1,1,6,2,83,11,1242,1,5,-1,1,-1
2015210030071,2,9,0,2,0,0,0,0,0,0,2,1,6,1,37,7,2231,2,8,-1,1,-1
2015210030073,1,9,0,18,0,0,0,0,0,0,1,1,6,2,23,5,1242,1,11,-1,1,-1
2015210030073,2,9,0,4,0,0,0,0,0,0,2,1,6,1,34,6,998,1,1,-1,1,-1
2015210030074,1,9,0,14,0,0,0,0,0,0,1,1,6,2,47,8,1598,1,13,-1,1,-1
2015210030075,1,3,0,4,0,1,1,0,0,0,1,1,6,1,24,5,108,1,3,-1,1,-1
2015210030075,2,9,0,9,0,6,0,0,0,0,3,1,6,1,65,9,1461,2,2,-1,1,-1
2015210030076,1,21,1,13,0,1,0,0,0,0,4,1,6,1,49,8,-1,-1,-1,-1,2,-1
2015210030076,2,1,0,18,0,1,0,0,0,0,2,1,6,1,42,7,-1,-1,-1,-1,1,-1
2015210030078,1,9,0,9,0,5,0,0,0,0,4,1,6,1,80,11,-1,-1,-1,-1,1,-1
2015210030078,2,19,0,18,0,8,0,0,0,0,1,1,6,2,53,8,-1,-1,-1,-1,1,-1
2015210030080,1,9,0,17,0,0,0,0,0,0,1,1,6,1,18,4,1199,1,12,-1,1,-1
2015210030080,2,9,0,2,6,0,0,0,0,0,2,1,5,1,-1,-1,1596,1,9,-1,-1,-1
2015210030080,3,9,0,2,6,0,0,0,0,0,1,1,5,2,-1,-1,998,1,9,-1,-1,-1
2015210030082,1,9,0,18,0,0,0,0,0,0,1,1,6,3,-1,-1,-1,-1,-1,-1,-1,-1
2015210030082,2,1,-1,18,0,0,0,0,0,0,2,1,6,1,12,3,-1,-1,-1,-1,1,-1
2015210030093,1,9,0,9,0,5,0,0,0,0,1,1,6,1,36,7,2231,2,7,-1,1,-1
2015210030093,2,9,0,17,0,1,0,0,0,0,1,1,6,1,54,8,1685,2,4,-1,1,-1
2015210030095,1,9,0,18,0,8,0,0,0,0,1,1,6,1,29,6,1995,2,9,-1,1,-1
2015210030095,2,9,0,18,0,8,0,0,0,0,1,1,6,1,40,7,1242,1,14,-1,1,-1
2015210030096,1,9,3,13,0,0,0,0,0,0,4,1,6,1,-1,-1,2685,2,13,-1,1,-1
2015210030096,2,1,0,18,0,0,0,0,0,0,3,1,6,1,29,6,-1,-1,-1,-1,2,-1
2015210030097,1,9,0,18,0,0,0,0,0,0,1,1,6,2,17,4,1587,1,11,-1,1,-1
2015210030097,2,9,0,4,0,0,0,0,0,0,2,1,6,2,21,5,999,1,-1,-1,1,-1
2015210030100,1,4,0,4,0,1,0,0,0,0,0,1,6,1,37,7,-1,-1,-1,-1,1,-1
2015210030100,2,9,0,9,0,6,0,0,0,0,0,1,6,2,59,9,1560,2,5,-1,1,-1
2015210030101,1,9,0,13,0,1,0,0,0,0,1,1,6,1,25,5,1796,1,13,-1,1,-1
2015210030101,2,9,0,9,0,1,0,0,0,0,2,1,6,1,26,6,1800,1,15,-1,1,-1
2015210030101,3,98,0,16,0,1,0,0,0,0,0,1,6,3,-1,-1,-1,-1,-1,-1,-1,-1
2015210030102,1,9,0,9,0,6,0,0,0,0,1,1,6,1,61,9,1364,1,6,-1,1,-1
2015210030102,2,9,0,3,0,2,0,0,0,0,2,1,6,2,36,7,1198,1,4,-1,3,-1
2015210030103,1,9,0,9,0,6,0,0,0,0,3,1,6,1,68,10,1242,1,1,-1,1,-1
2015210030103,2,1,0,17,0,8,0,0,0,0,1,1,6,1,17,4,-1,-1,-1,-1,3,-1
2015210030107,1,9,0,17,0,0,0,0,0,0,1,1,6,1,28,6,-1,-1,-1,-1,1,-1
2015210030107,2,9,0,4,0,0,0,0,0,0,2,1,6,1,80,11,1598,2,4,-1,2,-1
2015210030108,1,3,0,13,0,0,1,0,0,0,1,1,1,1,23,5,124,1,-1,-1,1,-1
2015210030108,2,9,0,18,0,0,0,0,0,0,3,1,1,1,27,6,-1,-1,-1,-1,-1,-1
2015210030109,1,9,0,5,0,6,0,0,0,0,1,1,1,1,54,8,1398,1,5,-1,1,-1
2015210030109,2,1,0,18,0,8,0,0,0,0,3,1,2,2,24,5,-1,-1,-1,-1,1,-1
2015210030110,1,9,0,18,0,0,0,0,0,0,1,1,6,2,63,9,1796,1,4,-1,1,-1
2015210030110,2,9,0,4,0,0,0,0,0,0,2,1,6,1,84,11,1198,1,9,-1,3,-1
2015210030111,1,9,0,9,0,5,0,0,0,0,4,1,6,1,21,5,1991,1,20,-1,1,-1
2015210030111,2,9,0,18,0,8,0,0,0,0,1,1,6,1,22,5,1390,1,12,-1,1,-1
2015210030128,1,9,0,5,0,0,0,0,0,0,3,1,6,1,-1,-1,1995,2,5,-1,1,-1
2015210030136,1,9,0,18,0,0,0,0,0,0,1,1,6,2,24,5,999,1,5,-1,1,-1
2015210030136,2,9,0,3,0,0,0,0,0,0,2,1,6,2,41,7,1560,2,1,-1,1,-1
2015210030139,1,9,-1,-1,-1,-1,-1,-1,-1,0,-1,1,6,1,19,4,1061,1,12,-1,1,-1
2015210030139,2,9,-1,18,-1,-1,-1,-1,-1,0,-1,1,6,1,53,8,2231,2,4,-1,1,-1
2015210030139,3,9,-1,-1,-1,-1,-1,-1,-1,0,-1,1,6,1,27,6,1995,2,8,-1,1,-1
2015210030139,4,9,-1,-1,-1,-1,-1,-1,-1,0,-1,1,6,1,47,8,1199,1,14,-1,1,-1
2015210030146,1,9,0,9,0,5,0,0,7,7,1,1,6,1,50,8,1968,2,2,-1,2,-1
2015210030146,2,9,0,18,0,8,0,0,0,0,1,1,6,1,42,7,1998,2,1,-1,1,-1
2015210030155,1,9,0,18,0,0,0,0,0,0,3,1,6,1,19,4,1198,1,7,-1,1,-1
2015210030155,2,1,0,18,0,0,0,0,0,0,4,1,2,1,29,6,-1,-1,-1,-1,1,-1
2015210030162,1,9,0,9,0,8,0,0,0,0,1,1,6,1,55,8,2199,2,1,-1,1,-1
2015210030162,2,9,0,18,0,8,0,0,0,0,1,1,6,1,59,9,1396,1,15,-1,1,-1
2015210030171,1,9,0,9,0,5,0,0,0,0,1,1,6,2,22,5,1968,2,6,-1,1,-1
2015210030171,2,1,0,18,0,1,0,0,0,0,1,1,6,1,35,6,-1,-1,-1,-1,1,-1
2015210030173,1,19,0,12,0,8,0,0,0,0,3,1,6,1,33,6,2198,2,2,-1,1,-1
2015210030173,2,3,0,6,0,8,0,0,0,0,4,1,6,1,18,4,124,1,11,-1,1,-1
2015210030174,1,9,0,9,0,5,0,0,0,0,1,1,6,1,40,7,1587,1,10,-1,2,-1
2015210030174,2,9,0,16,0,8,0,0,0,0,1,1,6,2,36,7,1360,1,4,-1,1,-1
2015210030182,1,9,0,18,0,1,0,0,0,0,1,1,6,2,64,9,999,1,1,-1,3,-1
2015210030182,2,9,0,18,0,1,0,0,0,0,3,1,6,1,56,9,998,1,9,-1,1,-1
2015210030184,1,9,0,4,0,4,0,0,0,0,1,1,6,2,50,8,1598,1,3,-1,1,-1
2015210030184,2,9,0,4,0,4,0,0,0,0,2,1,6,1,35,6,1388,1,15,-1,1,-1
2015210030185,1,9,0,18,0,8,0,0,0,0,3,1,6,2,75,10,1599,1,10,-1,2,-1
2015210030185,2,3,0,9,0,8,0,0,0,0,1,1,6,1,24,5,125,1,-1,-1,1,-1
2015210030188,1,9,0,18,0,1,0,0,0,0,1,1,6,1,26,6,1995,2,2,-1,2,-1
2015210030188,2,4,0,18,0,1,0,0,0,0,2,1,6,1,58,9,224,1,13,-1,2,-1
2015210030189,1,9,0,18,0,0,0,0,0,0,1,1,2,1,47,8,-1,-1,-1,-1,1,-1
2015210030189,2,9,0,18,0,0,0,0,4,0,2,1,1,1,57,9,1499,2,-1,-1,1,-1
2015210030189,3,98,0,2,6,0,0,0,0,0,1,1,1,1,39,7,-1,-1,-1,-1,-1,-1
2015210030191,1,9,0,18,0,0,0,0,0,0,4,1,1,1,35,6,1229,1,3,-1,1,-1
2015210030213,1,9,-1,-1,-1,-1,-1,-1,-1,0,-1,1,6,3,-1,-1,-1,-1,-1,-1,-1,-1
2015210030213,2,1,-1,-1,-1,-1,-1,-1,-1,0,-1,1,2,1,-1,-1,-1,-1,-1,-1,1,-1
2015210030217,1,1,0,18,0,0,0,0,0,0,1,1,6,1,33,6,-1,-1,-1,-1,1,-1
2015210030217,2,9,0,9,0,0,0,0,0,0,1,1,1,1,31,6,-1,-1,-1,-1,1,-1
2015210030222,1,9,0,5,0,6,0,0,0,0,1,1,3,2,45,7,2967,2,3,-1,3,-1
2015210030222,2,1,0,17,0,8,0,0,0,0,1,1,3,1,37,7,-1,-1,-1,-1,2,-1
2015210030230,1,5,0,4,0,0,1,0,0,0,1,1,6,1,66,10,883,1,11,-1,3,-1
2015210030230,2,9,0,3,0,0,0,0,0,0,2,1,6,2,44,7,1910,2,9,-1,1,-1
2015210030231,1,9,0,9,0,6,0,0,0,0,3,1,6,2,43,7,1364,1,9,-1,1,-1
2015210030231,2,9,0,18,0,1,0,0,7,1,1,1,1,1,55,8,1560,2,1,-1,1,-1
2015210030233,1,9,0,18,0,0,0,0,0,0,1,1,6,2,47,8,1870,2,12,-1,1,-1
2015210030233,2,9,0,2,0,0,0,0,0,0,2,1,5,1,57,9,-1,-1,-1,-1,1,-1
2015210030235,1,9,0,18,0,4,0,0,0,0,1,1,6,2,51,8,1910,2,6,-1,1,-1
2015210030235,2,3,0,18,0,8,0,0,0,0,1,1,6,1,30,6,125,1,-1,-1,1,-1
2015210030236,1,9,0,17,0,0,0,0,0,0,1,1,6,2,43,7,1896,2,16,-1,1,-1
2015210030236,2,9,0,16,0,0,0,0,0,0,1,1,6,2,25,5,1242,1,1,-1,1,-1
2015210030241,1,9,0,18,0,2,0,0,1,11,1,1,6,1,24,5,1896,2,13,-1,1,-1
2015210030245,1,9,0,18,0,0,0,0,0,0,1,1,6,2,26,6,-1,-1,-1,-1,1,-1
2015210030245,2,9,0,18,0,0,0,0,0,0,2,1,6,1,45,7,1461,2,8,-1,1,-1
2015210030246,1,-1,-1,-1,-1,-1,-1,-1,-1,0,-1,1,6,1,-1,-1,-1,-1,-1,-1,-1,-1
2015210030246,2,3,-1,-1,-1,-1,-1,-1,-1,0,-1,1,6,1,19,4,125,1,9,-1,1,-1
2015210030251,1,9,0,18,0,0,0,0,0,0,1,1,6,1,31,6,2495,1,21,-1,2,-1
2015210030251,2,9,0,18,0,0,0,0,0,0,1,1,6,1,23,5,1686,2,2,-1,1,-1
2015210030253,1,9,0,1,0,1,0,0,0,0,2,1,6,3,-1,-1,-1,-1,-1,-1,-1,-1
2015210030267,1,9,0,16,0,0,1,0,7,11,1,1,6,1,23,5,2172,2,11,-1,1,-1
2015210030274,1,3,0,18,0,0,0,0,0,0,4,1,6,1,18,4,-1,-1,-1,-1,1,-1
2015210030274,2,9,0,6,0,0,0,0,0,0,3,1,6,1,42,7,1560,2,3,-1,3,-1
2015210030275,1,19,0,16,0,0,0,0,0,0,1,1,1,1,28,6,2143,2,3,-1,1,-1
2015210030275,2,9,0,4,0,0,0,0,0,0,2,1,1,1,47,8,1995,2,1,-1,1,-1
2015210030275,3,98,0,4,0,0,0,0,0,0,1,1,1,1,61,9,3920,2,10,-1,1,-1
2015210030275,4,98,0,4,0,0,0,0,0,0,1,1,1,1,67,10,-1,-1,-1,-1,1,-1
2015210030275,5,9,0,4,0,0,0,0,0,0,0,1,6,1,63,9,1598,2,3,-1,1,-1
2015210030280,1,-1,0,9,0,6,0,0,0,0,0,1,6,3,-1,-1,-1,-1,-1,-1,-1,-1
2015210030280,2,3,0,18,0,1,1,0,0,0,1,1,6,1,23,5,-1,-1,-1,-1,1,-1
2015210030282,1,9,0,12,0,8,0,0,0,0,3,1,6,2,35,6,2993,2,5,-1,3,-1
2015210030282,2,5,0,18,0,8,0,0,0,0,4,1,6,1,49,8,750,1,2,-1,1,-1
2015210030310,1,9,0,18,0,0,0,0,0,0,3,1,6,2,45,7,1948,1,17,-1,1,-1
2015210030310,2,9,0,18,0,0,0,0,0,0,4,1,6,1,18,4,1364,1,9,-1,1,-1
2015210030321,1,90,0,18,0,0,0,0,0,0,4,1,6,1,58,9,-1,-1,-1,-1,1,-1
2015210030321,2,9,0,18,0,0,0,0,0,0,3,1,6,2,21,5,1368,1,8,-1,1,-1
2015210030322,1,3,0,15,0,8,0,0,0,0,1,1,6,1,20,4,124,1,4,-1,1,-1
2015210030322,2,9,0,10,0,8,0,0,0,0,1,1,6,2,72,10,1398,1,10,-1,1,-1
2015210030333,1,9,0,18,0,4,0,0,0,0,1,1,6,2,50,8,1956,2,-1,-1,1,-1
2015210030333,2,3,0,18,0,8,0,0,0,0,4,1,2,1,34,6,124,1,6,-1,1,-1
2015210030335,1,9,0,17,0,1,0,0,0,0,1,1,6,2,21,5,1348,1,13,-1,2,-1
2015210030335,2,9,0,10,0,1,0,0,0,0,2,1,6,2,37,7,1968,2,3,-1,1,-1
2015210030340,1,9,0,9,0,6,0,0,0,0,1,1,1,2,56,9,1248,1,-1,-1,1,-1
2015210030340,2,9,0,17,0,8,0,0,0,0,1,1,1,1,19,4,1199,1,12,-1,1,-1
2015210030363,1,9,0,18,0,1,0,0,0,0,3,1,6,1,28,6,1360,1,12,-1,1,-1
2015210030363,2,9,0,18,0,1,0,0,0,0,1,1,6,2,30,6,1598,1,10,-1,1,-1
2015210030369,1,9,-1,-1,-1,0,-1,-1,-1,0,-1,1,6,1,-1,-1,-1,-1,-1,-1,1,-1
2015210030387,1,19,0,18,0,0,0,0,7,3,1,1,5,1,28,6,1968,2,-1,-1,1,-1
2015210030394,1,9,0,9,0,5,0,0,0,0,1,1,1,1,44,7,2496,2,10,-1,-1,-1
2015210030394,2,3,0,18,0,8,0,0,0,0,1,1,1,1,50,8,124,1,16,-1,-1,-1
2015210030400,1,9,0,4,0,0,0,0,0,0,1,1,6,1,21,5,998,1,8,-1,1,-1
2015210030400,2,9,0,4,0,0,0,0,0,0,2,1,6,2,45,7,998,1,6,-1,1,-1
2015210030409,1,9,0,17,0,0,1,0,7,0,1,1,1,1,37,7,1229,1,9,-1,3,-1
2015210030409,2,9,0,16,0,0,0,0,1,0,1,1,5,1,35,6,2967,2,3,-1,3,-1
2015210030412,1,9,0,11,0,0,0,0,0,0,4,1,6,2,32,6,2987,2,6,-1,1,-1
2015210030412,2,9,0,18,0,0,0,0,0,0,3,1,6,2,25,5,1596,1,11,-1,2,-1
2015210030413,1,9,0,9,0,8,0,0,0,0,1,1,1,1,62,9,1896,2,8,-1,1,-1
2015210030413,2,9,0,18,0,1,0,0,0,0,1,1,2,2,27,6,1328,1,5,-1,1,-1
2015210030418,1,9,0,18,0,6,0,0,0,0,1,1,6,3,-1,-1,2143,2,2,-1,1,-1
2015210030418,2,1,0,18,0,8,0,0,0,0,4,1,6,2,58,9,-1,-1,-1,-1,1,-1
2015210030422,1,9,0,9,0,6,0,0,0,0,3,1,6,2,27,6,999,1,-1,-1,1,-1
2015210030422,2,9,0,18,0,8,0,0,0,0,1,1,6,2,25,5,998,1,2,-1,2,-1
2015210030424,1,9,0,4,0,0,0,0,0,0,2,1,6,1,68,10,1968,2,3,-1,2,-1
2015210030424,2,9,0,12,0,0,0,0,0,0,1,1,6,1,36,7,1299,1,14,-1,3,-1
2015210030425,1,9,-1,-1,-1,0,-1,-1,-1,0,-1,1,6,1,27,6,1998,1,22,-1,1,-1
2015210030429,1,9,0,9,0,3,0,0,0,0,4,1,6,2,35,6,2184,2,12,-1,1,-1
2015210030433,1,9,0,18,0,0,0,0,0,0,1,1,1,2,29,6,1299,1,13,-1,1,-1
2015210030433,2,9,0,18,0,0,0,0,0,0,2,1,1,2,34,6,1242,1,-1,-1,1,-1
2015210030433,3,9,0,18,0,0,0,0,0,0,2,1,1,1,69,10,1198,1,1,-1,1,-1
2015210030438,1,8,0,18,0,0,0,0,0,0,1,1,1,1,37,7,1997,2,11,-1,1,-1
2015210030438,2,9,0,18,0,0,0,0,0,0,2,1,2,1,59,9,1956,2,6,-1,1,-1
2015210030438,3,9,0,18,0,0,0,0,0,0,2,1,3,2,23,5,1461,2,4,-1,1,-1
2015210030441,1,5,0,18,0,0,0,0,0,0,1,1,6,1,28,6,124,1,7,-1,1,-1
2015210030441,2,8,0,18,0,0,0,0,0,0,1,1,6,1,26,6,2460,2,10,-1,1,-1
2015210030443,1,9,0,18,0,0,0,0,0,0,3,1,6,1,19,4,1360,1,10,-1,3,-1
2015210030444,1,9,0,18,0,4,0,0,0,0,0,1,6,3,41,7,2268,2,1,-1,1,-1
2015210030444,2,1,0,18,0,4,0,0,0,0,0,1,6,1,38,7,-1,-1,-1,-1,2,-1
2015210030447,1,1,-1,-1,-1,-1,-1,-1,-1,0,-1,1,6,2,41,7,-1,-1,-1,-1,1,-1
2015210030447,2,9,-1,-1,-1,-1,-1,-1,-1,0,-1,1,6,1,-1,-1,1560,2,10,-1,1,-1
2015210030450,1,9,0,18,0,6,0,0,0,0,3,1,1,1,34,6,1461,2,-1,-1,1,-1
2015210030450,2,9,0,18,0,8,0,0,0,0,1,1,6,1,48,8,1390,1,2,-1,1,-1
2015210030462,1,9,0,9,0,4,0,0,0,0,1,1,6,1,35,6,1998,1,8,-1,1,-1
2015210030462,2,97,0,9,0,8,0,0,0,0,1,1,4,1,17,4,49,1,1,-1,3,-1
2015210030477,1,21,0,18,0,1,0,0,0,0,1,1,6,1,49,8,-1,-1,-1,-1,2,-1
2015210030477,2,3,0,4,0,1,0,0,0,0,2,1,6,1,23,5,124,1,1,-1,1,-1
2015210030479,1,9,0,14,0,0,0,0,0,0,1,1,6,2,28,6,1229,1,7,-1,1,-1
2015210030479,2,1,0,18,0,0,0,0,0,0,1,1,6,1,14,3,-1,-1,-1,-1,1,-1
2015210030483,1,19,0,18,0,1,0,0,0,0,1,1,1,1,27,6,-1,-1,-1,-1,2,-1
2015210030487,1,1,0,9,0,5,0,0,0,0,2,1,2,1,20,4,-1,-1,-1,-1,1,-1
2015210030487,2,9,0,13,0,8,0,0,0,0,1,1,6,1,21,5,1995,2,7,-1,3,-1
2015210030491,1,9,0,18,0,1,0,0,0,0,1,1,6,2,48,8,1390,1,12,-1,1,-1
2015210030491,2,9,0,3,0,1,0,0,0,0,2,1,1,2,46,8,1984,1,3,-1,1,-1
2015210030491,3,9,0,9,0,5,0,0,0,0,0,1,6,3,-1,-1,-1,-1,-1,-1,-1,-1
2015210030497,1,19,0,7,0,6,0,0,0,0,3,1,6,1,24,5,2198,2,1,-1,2,-1
2015210030497,2,9,0,18,0,1,0,0,0,0,3,1,6,2,58,9,1398,1,4,-1,1,-1
2015210030500,1,9,0,18,0,3,0,0,0,0,1,1,6,1,-1,-1,1796,1,7,-1,1,-1
2015210030500,2,9,0,4,0,8,0,0,0,0,2,1,1,2,25,5,1242,1,2,-1,1,-1
2015210030500,3,9,0,4,0,8,0,0,0,0,2,1,6,2,-1,-1,1586,1,-1,-1,1,-1
2015210030507,1,98,0,18,0,8,0,0,0,0,1,1,6,1,40,7,2198,2,2,-1,1,-1
2015210030507,2,9,0,18,0,8,0,0,0,0,1,1,6,2,40,7,-1,-1,-1,-1,1,-1
2015210030507,3,9,0,18,0,8,0,0,0,0,1,1,6,1,-1,-1,1360,1,9,-1,1,-1
2015210030520,1,3,0,18,0,0,0,0,0,0,-1,1,6,1,18,4,125,1,2,-1,1,-1
2015210030521,1,19,0,16,0,0,0,0,0,0,1,1,6,1,28,6,2143,2,3,-1,1,-1
2015210030521,2,9,0,3,0,0,0,0,0,0,1,1,6,1,47,8,1995,2,1,-1,1,-1
2015210030521,3,20,0,3,0,0,0,0,0,0,2,1,6,1,67,10,-1,-1,-1,-1,1,-1
2015210030521,4,20,0,3,0,0,0,0,0,0,3,1,6,1,61,9,3920,2,10,-1,1,-1
2015210030522,1,9,0,18,0,6,0,0,0,0,1,1,6,2,52,8,1332,1,19,-1,1,-1
2015210030522,2,97,0,18,0,1,0,0,0,0,2,1,6,1,25,5,125,1,-1,-1,1,-1
2015210030525,1,9,0,9,0,0,0,0,0,0,4,1,6,2,60,9,1149,1,7,-1,2,-1
2015210030525,2,9,0,18,0,0,0,0,0,0,1,1,6,2,60,9,1599,1,11,-1,1,-1
2015210030537,1,90,0,17,0,0,0,0,0,0,0,1,6,1,-1,-1,-1,-1,-1,-1,-1,-1
2015210030537,2,9,0,2,0,0,0,0,0,0,0,1,6,1,35,6,1896,2,6,-1,3,-1
2015210030542,1,9,0,18,0,8,0,0,0,0,1,1,1,1,55,8,1596,1,5,-1,3,-1
2015210030542,2,9,5,9,0,6,0,0,0,0,2,1,1,1,31,6,2494,2,7,-1,2,-1
2015210030545,1,9,0,5,0,6,0,0,0,0,3,1,6,2,-1,-1,1124,1,10,-1,1,-1
2015210030545,2,9,0,17,0,8,0,0,0,0,1,1,2,1,43,7,1686,2,11,-1,3,-1
2015210030555,1,9,0,18,0,6,0,0,0,0,1,1,6,1,18,4,1124,1,11,-1,1,-1
2015210030555,2,9,0,18,0,8,0,0,0,0,1,1,6,1,39,7,-1,-1,-1,-1,1,-1
2015210030563,1,9,0,9,0,5,0,0,0,0,1,1,6,1,84,11,1951,2,14,-1,1,-1
2015210030563,2,9,0,18,0,8,0,0,0,0,1,1,6,1,31,6,1461,2,4,-1,1,-1
2015210030563,3,9,0,18,0,1,0,0,0,0,1,1,6,2,50,8,1560,2,10,-1,2,-1
2015210030570,1,9,0,18,0,0,0,0,0,0,1,1,6,2,24,5,1590,1,11,-1,1,-1
2015210030575,1,9,0,18,0,4,0,0,0,0,3,1,5,2,-1,-1,1364,2,8,-1,1,-1
2015210030575,2,3,0,18,0,8,0,0,0,0,1,1,2,1,29,6,125,1,9,-1,1,-1
2015210030576,1,9,0,9,0,1,0,0,0,0,-1,1,6,1,42,7,1799,1,5,-1,1,-1
2015210030576,2,97,0,18,0,1,1,0,0,0,-1,1,6,1,27,6,49,1,4,-1,1,-1
2015210030581,1,9,0,18,0,0,0,0,0,0,1,1,1,1,49,8,2231,2,8,-1,1,-1
2015210030582,1,9,0,9,0,5,0,0,0,0,1,1,3,2,60,9,1560,2,-1,-1,1,-1
2015210030583,1,9,0,18,0,0,0,0,0,0,1,1,1,2,50,8,1560,2,3,-1,1,-1
2015210030583,2,9,0,4,0,0,0,0,0,0,2,1,1,1,21,5,1242,1,5,-1,1,-1
2015210030583,3,9,0,4,0,0,0,0,0,0,2,1,1,1,47,8,1560,2,6,-1,1,-1
2015210030584,1,9,0,18,0,0,0,0,0,0,1,1,6,1,26,6,1968,2,1,-1,3,-1
2015210030584,2,9,0,18,0,0,0,0,0,0,2,1,6,1,57,9,1969,2,1,-1,3,-1
2015210030584,3,9,0,18,0,0,0,0,0,0,2,1,6,2,30,6,1390,1,11,-1,1,-1
2015210030592,1,21,1,13,0,1,0,0,0,0,1,1,1,1,30,6,-1,-1,-1,-1,2,-1
2015210030592,2,20,0,7,0,1,0,0,1,10,2,1,1,1,62,9,3920,2,10,-1,1,-1
2015210030601,1,9,0,18,0,3,0,9,8,4,1,1,6,1,39,7,1988,1,12,-1,1,-1
2015210030637,1,9,0,18,0,8,0,0,0,0,4,1,6,1,24,5,2198,2,10,-1,1,-1
2015210030637,2,9,0,18,0,4,0,0,0,0,1,1,6,1,41,7,2993,2,5,-1,1,-1
2015210030641,1,9,0,18,0,7,0,0,0,0,0,1,2,1,52,8,1560,2,3,-1,1,-1
2015210030641,2,9,0,3,0,7,0,0,0,0,2,1,1,1,30,6,1968,2,1,-1,1,-1
2015210030641,3,9,0,3,0,7,0,0,0,0,0,1,6,1,-1,-1,1796,1,11,-1,1,-1
2015210030648,1,9,0,18,0,0,0,0,0,0,1,1,6,1,29,6,1796,1,3,-1,1,-1
2015210030659,1,9,0,17,0,0,0,0,0,0,1,1,2,2,36,7,1596,1,12,-1,2,-1
2015210030660,1,9,0,17,0,0,1,0,0,0,1,1,6,1,23,5,1396,1,18,-1,1,-1
2015210030660,2,9,0,16,0,0,0,0,0,0,1,1,6,1,43,7,-1,-1,-1,-1,1,-1
2015210030677,1,-1,0,10,0,1,0,0,0,0,0,1,6,3,-1,-1,-1,-1,-1,-1,-1,-1
2015210030677,2,1,0,18,0,1,0,10,1,0,0,1,6,1,11,3,-1,-1,-1,-1,1,-1
2015210030697,1,20,0,9,0,4,0,0,0,0,4,1,1,1,47,8,4580,2,7,-1,1,-1
2015210030697,2,9,0,18,0,4,0,0,0,0,3,1,6,1,30,6,1753,2,12,-1,1,-1
2015210030701,1,9,0,18,0,1,0,0,0,0,1,1,6,2,23,5,1397,1,5,-1,3,-1
2015210030701,2,9,0,4,0,7,0,0,0,0,2,1,6,1,20,4,1229,1,3,-1,2,-1
2015210030715,1,9,0,18,0,0,0,0,0,0,1,1,6,1,20,4,1388,1,11,-1,1,-1
2015210030715,2,19,0,3,0,0,0,0,0,0,2,1,6,1,49,8,1753,2,10,-1,1,-1