Accident_Index,Vehicle_Reference,Vehicle_Type,Towing_and_Articulation,Vehicle_Manoeuvre,Vehicle_Location-Restricted_Lane,Junction_Location,Skidding_and_Overturning,Hit_Object_in_Carriageway,Vehicle_Leaving_Carriageway,Hit_Object_off_Carriageway,1st_Point_of_Impact,Was_Vehicle_Left_Hand_Drive?,Journey_Purpose_of_Driver,Sex_of_Driver,Age_of_Driver,Age_Band_of_Driver,Engine_Capacity_(CC),Propulsion_Code,Age_of_Vehicle,Driver_IMD_Decile,Driver_Home_Area_Type,Vehicle_IMD_Decile
2015215000226,1,9,0,9,0,6,0,0,0,0,1,1,6,1,56,9,1997,2,2,-1,1,-1
2015215000226,2,1,0,18,0,8,0,0,0,0,1,1,2,2,48,8,-1,-1,-1,-1,1,-1
2015215000230,1,9,0,16,0,1,0,0,0,0,1,1,1,1,29,6,-1,-1,-1,-1,1,-1
2015215000230,2,9,0,10,0,8,0,0,0,0,2,1,1,2,21,5,-1,-1,-1,-1,1,-1
2015215000230,3,19,0,17,0,1,0,0,0,0,1,1,1,1,46,8,2198,2,2,-1,2,-1
2015215000230,4,9,0,3,0,1,0,0,0,0,1,1,6,3,-1,-1,-1,-1,-1,-1,-1,-1
2015215000231,1,9,0,16,0,0,0,0,0,0,3,1,5,1,53,8,-1,-1,-1,-1,2,-1
2015215000231,2,9,0,17,0,0,0,0,0,0,3,1,5,3,-1,-1,-1,-1,-1,-1,-1,-1
2015215000233,1,9,0,16,0,0,0,0,0,0,1,1,1,1,59,9,-1,-1,-1,-1,1,-1
2015215000233,2,9,0,16,0,0,0,0,0,0,2,1,6,1,29,6,-1,-1,-1,-1,1,-1
2015215000233,3,9,0,16,0,0,0,0,0,0,3,1,5,1,26,6,1956,2,5,-1,1,-1
2015215000233,4,9,0,16,0,0,0,0,0,0,2,1,5,1,23,5,1390,1,12,-1,1,-1
2015215000233,5,9,0,16,0,0,0,0,0,0,1,1,6,1,19,4,1198,1,3,-1,1,-1
2015215000239,1,9,0,17,0,1,1,7,1,11,1,1,1,2,25,5,1991,2,5,-1,-1,-1
2015215000240,1,1,0,17,0,0,0,0,0,0,1,1,6,1,-1,-1,-1,-1,-1,-1,-1,-1
2015215000240,2,9,0,3,0,0,0,0,0,0,2,1,6,1,50,8,1995,2,2,-1,3,-1
2015215000241,1,9,0,18,0,0,0,0,0,0,1,1,6,2,54,8,1968,2,4,-1,1,-1
2015215000241,2,9,0,18,0,0,0,0,0,0,2,1,3,1,43,7,-1,-1,-1,-1,1,-1
2015215000241,3,9,0,18,0,0,0,0,0,0,2,1,2,2,21,5,-1,-1,-1,-1,3,-1
2015215000241,4,9,0,18,0,0,0,0,0,0,2,1,2,2,52,8,1685,2,3,-1,1,-1
2015215000241,5,9,0,18,0,0,0,0,0,0,1,1,5,2,18,4,1296,1,9,-1,1,-1
2015215000245,1,9,0,18,0,0,0,0,0,0,1,1,6,1,19,4,1120,2,3,-1,1,-1
2015215000246,1,19,0,4,0,1,0,0,0,0,0,1,6,1,-1,-1,-1,-1,-1,-1,-1,-1
2015215000246,2,19,0,16,0,1,2,10,1,7,1,1,1,1,29,6,2143,2,1,-1,1,-1
2015215000253,1,9,0,7,0,6,0,0,0,0,3,1,6,2,34,6,1598,1,10,-1,1,-1
2015215000253,2,9,0,18,0,8,0,0,0,0,1,1,6,1,62,9,1951,2,11,-1,1,-1
2015215000257,1,9,0,18,0,4,0,0,0,0,1,1,6,1,61,9,1994,2,6,-1,1,-1
2015215000257,2,1,0,18,0,8,0,0,0,0,4,1,1,1,40,7,-1,-1,-1,-1,2,-1
2015215000259,1,9,0,18,0,1,0,0,0,0,1,1,6,2,-1,-1,-1,-1,-1,-1,-1,-1
2015215000259,2,9,0,3,0,1,0,0,0,0,2,1,2,2,45,7,1461,2,1,-1,1,-1
2015215000260,1,9,0,18,0,1,0,0,0,0,1,1,6,2,60,9,1461,2,2,-1,1,-1
2015215000263,1,9,0,18,0,8,0,0,0,0,3,1,6,1,57,9,1686,2,2,-1,1,-1
2015215000263,2,9,0,18,0,3,0,0,0,0,4,1,6,1,24,5,1598,2,1,-1,1,-1
2015215000267,1,9,0,18,0,1,0,0,0,0,1,1,6,1,33,6,1968,2,1,-1,1,-1
2015215000267,2,9,0,1,0,5,0,0,0,0,3,1,5,2,45,7,2926,2,13,-1,3,-1
2015215000268,1,9,0,18,0,8,0,0,7,4,1,1,5,2,19,4,-1,-1,-1,-1,1,-1
2015215000273,1,9,0,9,0,6,0,0,0,0,1,1,5,3,-1,-1,-1,-1,-1,-1,-1,-1
2015215000281,1,9,0,18,0,0,0,0,0,0,1,1,6,1,53,8,1587,1,9,-1,1,-1
2015215000281,2,9,0,13,0,0,0,0,0,0,2,1,6,1,23,5,1329,1,5,-1,1,-1
2015215000284,1,8,0,16,0,1,0,0,0,0,3,1,1,1,25,5,1753,2,8,-1,1,-1
2015215000284,2,9,0,17,0,1,0,0,0,0,3,1,6,2,90,11,-1,-1,-1,-1,1,-1
2015215000285,1,19,0,11,0,8,0,0,0,0,4,1,6,1,35,6,1995,2,8,-1,1,-1
2015215000285,2,9,0,18,0,8,0,0,0,0,3,1,6,2,19,4,1299,1,14,-1,1,-1
2015215000286,1,9,0,16,0,0,1,0,5,6,3,1,6,2,50,8,1296,1,8,-1,1,-1
2015215000286,2,20,1,16,0,0,0,0,0,0,3,1,1,1,52,8,-1,-1,-1,-1,-1,-1
2015215000288,1,9,0,9,0,6,0,0,0,0,3,1,6,1,78,11,1198,1,7,-1,1,-1
2015215000288,2,9,0,18,0,8,0,0,0,0,1,1,6,3,-1,-1,-1,-1,-1,-1,-1,-1
2015215000290,1,9,0,9,0,5,0,0,7,11,4,1,2,1,32,6,-1,-1,-1,-1,1,-1
2015215000290,2,9,0,16,0,8,0,0,0,0,1,1,6,1,62,9,1956,2,4,-1,1,-1
2015215000293,1,9,0,16,0,2,0,0,0,0,1,1,6,1,69,10,2493,1,14,-1,1,-1
2015215000304,1,9,0,17,0,0,1,0,7,10,1,1,5,1,20,4,-1,-1,-1,-1,1,-1
2015215000305,1,21,1,18,0,0,1,0,0,0,1,1,1,1,55,8,12902,2,2,-1,2,-1
2015215000305,2,9,0,4,0,0,0,0,0,0,2,1,2,1,32,6,1560,2,3,-1,1,-1
2015215000309,1,98,0,12,0,0,0,0,0,0,0,1,1,3,-1,-1,-1,-1,-1,-1,-1,-1
2015215000309,2,9,0,4,0,0,0,10,4,6,3,1,6,2,24,5,1598,1,1,-1,3,-1
2015215000309,3,9,0,4,0,0,0,0,0,0,0,1,6,1,38,7,1968,2,2,-1,1,-1
2015215000309,4,9,0,4,0,0,0,0,0,0,0,1,6,1,72,10,2198,2,8,-1,1,-1
2015215000309,5,9,0,4,0,0,0,0,0,0,0,1,6,1,45,7,2993,2,5,-1,1,-1
2015215000309,6,9,0,4,0,0,0,0,0,0,2,1,6,1,52,8,1995,2,4,-1,3,-1
2015215000309,7,9,0,4,0,0,0,0,0,0,2,1,6,2,31,6,-1,-1,-1,-1,1,-1
2015215000309,8,9,0,4,0,0,0,0,0,0,1,1,6,1,57,9,2143,2,3,-1,3,-1
2015215000309,9,9,0,4,0,0,0,0,0,0,1,1,6,1,18,4,1461,2,1,-1,1,-1
2015215000320,1,9,0,17,0,0,5,0,0,0,1,1,6,1,33,6,-1,-1,-1,-1,1,-1
2015215000322,1,9,0,18,0,6,0,0,0,0,1,1,5,2,79,11,1108,1,4,-1,3,-1
2015215000322,2,9,0,18,0,8,0,0,7,11,4,1,6,1,62,9,-1,-1,-1,-1,3,-1
2015215000330,1,9,0,18,0,0,0,0,1,10,1,1,6,2,18,4,-1,-1,-1,-1,1,-1
2015215000334,1,9,0,18,0,7,0,0,1,7,3,1,6,1,47,8,1598,1,11,-1,1,-1
2015215000334,2,21,1,18,0,8,0,0,0,0,4,2,1,1,53,8,-1,-1,-1,-1,-1,-1
2015215000338,1,9,0,18,0,4,0,0,0,0,1,1,6,2,43,7,2179,2,7,-1,1,-1
2015215000338,2,1,0,18,0,8,0,0,0,0,1,1,6,1,43,7,-1,-1,-1,-1,1,-1
2015215000339,1,9,0,4,0,1,1,0,0,0,1,1,2,2,23,5,1229,1,2,-1,1,-1
2015215000339,2,9,0,4,0,1,0,0,0,0,2,1,2,2,25,5,1995,2,2,-1,1,-1
2015215000339,3,9,0,4,0,1,0,0,0,0,2,1,6,1,44,7,1560,2,1,-1,1,-1
2015215000339,4,9,0,9,0,6,0,0,0,0,0,1,6,3,-1,-1,-1,-1,-1,-1,-1,-1
2015215000342,1,19,0,18,0,0,1,0,1,11,3,1,6,1,25,5,1149,1,11,-1,1,-1
2015215000342,2,9,0,18,0,0,0,0,0,0,3,1,6,1,39,7,1995,2,5,-1,1,-1
2015215000345,1,5,0,14,0,2,0,0,0,0,1,1,6,1,37,7,-1,-1,-1,-1,1,-1
2015215000348,1,9,0,18,0,0,2,0,0,0,1,1,1,1,49,8,1598,1,1,-1,1,-1
2015215000348,2,9,0,18,0,0,0,0,0,0,2,1,5,1,42,7,1598,2,2,-1,3,-1
2015215000352,1,9,0,4,0,0,1,0,0,0,1,1,2,1,30,6,1596,1,13,-1,1,-1
2015215000352,2,90,0,17,0,0,0,0,0,0,1,1,1,1,34,6,450,1,7,-1,3,-1
2015215000353,1,9,0,18,0,1,0,0,0,0,1,1,6,1,20,4,-1,-1,-1,-1,3,-1
2015215000353,2,9,0,9,0,5,0,0,7,0,3,1,1,2,24,5,1896,2,10,-1,1,-1
2015215000354,1,19,0,18,0,4,0,0,0,0,1,1,6,1,44,7,1598,2,2,-1,3,-1
2015215000354,2,9,0,18,0,8,0,0,0,0,4,1,6,2,54,8,1240,1,11,-1,1,-1
2015215000360,1,9,0,10,0,8,0,0,0,0,1,1,6,2,17,4,998,1,4,-1,1,-1
2015215000360,2,9,0,17,0,8,0,0,0,0,1,1,6,2,37,7,1595,1,15,-1,2,-1
2015215000364,1,9,0,18,0,0,0,0,0,0,3,1,6,1,53,8,1956,2,3,-1,1,-1
2015215000366,1,9,0,18,0,1,0,0,0,0,1,1,1,2,25,5,-1,-1,-1,-1,3,-1
2015215000366,2,9,0,4,0,1,0,0,0,0,2,1,1,1,46,8,1968,2,3,-1,2,-1
2015215000366,3,9,0,9,0,5,0,0,0,0,0,1,5,3,-1,-1,-1,-1,-1,-1,-1,-1
2015215000372,1,9,0,17,0,8,1,0,0,0,1,1,1,2,22,5,-1,-1,-1,-1,1,-1
2015215000372,2,9,0,16,0,8,0,0,0,0,1,1,1,1,44,7,1461,2,1,-1,1,-1
2015215000373,1,9,0,18,0,0,0,0,0,0,1,1,2,2,28,6,1399,1,5,-1,1,-1
2015215000373,2,9,0,3,0,0,0,0,0,0,2,1,2,2,23,5,1229,1,1,-1,1,-1
2015215000373,3,19,0,3,0,0,0,0,0,0,2,1,1,1,-1,-1,2402,2,8,-1,1,-1
2015215000374,1,9,0,9,0,5,0,0,0,0,0,1,6,1,34,6,1997,2,7,-1,1,-1
2015215000374,2,3,0,18,0,8,0,0,0,0,1,1,6,1,18,4,124,1,7,-1,1,-1
2015215000375,1,9,0,9,0,5,0,0,0,0,1,1,6,1,29,6,1596,1,20,-1,1,-1
2015215000375,2,2,0,18,0,8,0,0,0,0,1,1,6,1,19,4,124,1,7,-1,-1,-1
2015215000377,1,9,0,16,0,1,1,0,0,0,1,1,6,1,20,4,1043,1,24,-1,3,-1
2015215000377,2,9,0,17,0,1,0,0,0,0,1,1,6,1,70,10,4367,2,4,-1,-1,-1
2015215000377,3,19,0,3,0,5,0,0,0,0,0,1,1,1,27,6,2143,2,2,-1,1,-1
2015215000378,1,9,0,6,8,0,0,0,0,0,4,1,1,1,36,7,-1,-1,-1,-1,1,-1
2015215000378,2,9,0,18,0,0,0,0,0,0,1,1,1,1,44,7,1910,2,8,-1,1,-1
2015215000380,1,9,0,18,0,0,0,0,1,10,1,1,6,2,77,11,2171,1,12,-1,1,-1
2015215000381,1,9,0,16,0,8,1,10,0,0,1,1,1,2,28,6,1390,1,8,-1,1,-1
2015215000390,1,1,0,18,0,0,0,0,0,0,4,1,6,1,12,3,-1,-1,-1,-1,1,-1
2015215000390,2,9,0,17,0,0,0,0,0,0,1,1,6,1,54,8,1199,1,14,-1,1,-1
2015215000395,1,9,0,18,0,0,5,0,7,2,1,1,6,1,25,5,998,1,10,-1,1,-1
2015215000404,1,20,0,13,0,0,0,0,0,0,4,1,1,1,49,8,4580,2,8,-1,1,-1
2015215000404,2,1,0,18,0,0,0,0,0,0,3,1,5,1,42,7,-1,-1,-1,-1,1,-1
2015215000404,3,9,0,18,0,0,0,0,0,0,3,1,5,2,68,10,1984,1,10,-1,1,-1
2015215000407,1,9,0,18,0,0,0,0,0,0,1,1,6,1,33,6,1560,2,6,-1,1,-1
2015215000410,1,9,0,18,0,4,0,0,0,0,1,1,6,1,33,6,1560,2,5,-1,1,-1
2015215000410,2,9,0,17,0,8,0,0,0,0,4,1,6,1,51,8,-1,-1,-1,-1,1,-1
2015215000411,1,3,0,13,0,1,0,0,0,0,1,1,6,1,18,4,124,1,11,-1,1,-1
2015215000411,2,9,0,9,0,6,0,0,0,0,3,1,6,2,59,9,1242,1,9,-1,1,-1
2015215000416,1,19,0,1,6,0,0,0,0,0,2,1,6,1,24,5,1968,2,1,-1,1,-1
2015215000420,1,3,0,18,0,1,1,10,0,0,1,1,6,2,24,5,-1,-1,-1,-1,1,-1
2015215000424,1,9,0,6,0,8,0,10,0,0,1,1,2,2,38,7,1399,2,5,-1,1,-1
2015215000425,1,9,0,18,0,1,0,0,0,2,1,1,5,1,26,6,-1,-1,-1,-1,1,-1
2015215000427,1,9,0,18,0,1,0,0,0,0,1,1,6,1,48,8,-1,-1,-1,-1,1,-1
2015215000427,2,9,0,3,0,1,0,0,0,0,2,1,6,1,58,9,1969,2,-1,-1,1,-1
2015215000435,1,8,0,18,0,8,0,0,0,0,1,1,1,1,28,6,1910,2,7,-1,1,-1
2015215000435,2,1,0,18,0,8,0,0,0,0,2,1,1,1,29,6,-1,-1,-1,-1,1,-1
2015215000438,1,9,0,18,0,8,1,0,0,0,1,1,1,1,23,5,1968,2,3,-1,1,-1
2015215000438,2,19,0,18,0,8,5,0,0,0,3,1,2,1,24,5,1995,2,1,-1,1,-1
2015215000438,3,9,0,2,0,2,0,0,0,0,2,1,6,3,-1,-1,1587,1,10,-1,-1,-1
2015215000439,1,9,0,9,0,8,0,0,0,0,4,1,6,2,23,5,1364,1,7,-1,1,-1
2015215000439,2,9,0,18,0,8,0,0,0,0,1,1,6,2,25,5,1198,1,4,-1,1,-1
2015215000441,1,9,0,18,0,8,0,10,7,3,3,1,5,1,26,6,-1,-1,-1,-1,1,-1
2015215000442,1,9,0,16,0,2,0,0,0,0,1,1,6,1,70,10,1124,1,9,-1,1,-1
2015215000444,1,9,0,5,0,6,0,0,0,0,3,1,6,1,35,6,1390,1,10,-1,2,-1
2015215000444,2,9,0,18,0,8,0,0,0,0,1,1,1,1,22,5,-1,-1,-1,-1,1,-1
2015215000447,1,9,0,1,0,2,0,0,0,0,2,1,6,2,32,6,1910,2,10,-1,1,-1
2015215000447,2,9,0,2,0,2,0,0,0,0,1,1,6,2,27,6,1598,1,5,-1,1,-1
2015215000448,1,9,0,18,0,0,0,0,0,0,1,1,5,1,28,6,1590,1,15,-1,1,-1
2015215000448,2,9,0,4,0,0,0,0,0,0,2,1,5,1,30,6,1896,2,10,-1,1,-1
2015215000448,3,9,0,18,0,0,0,0,0,0,2,1,5,1,20,4,1229,1,11,-1,1,-1
2015215000451,1,9,0,9,0,6,0,0,0,0,1,1,5,1,23,5,-1,-1,-1,-1,1,-1
2015215000451,2,9,0,16,0,8,0,0,0,0,4,1,5,2,60,9,-1,-1,-1,-1,1,-1
2015215000456,1,9,0,9,0,8,0,0,0,0,1,1,5,2,74,10,-1,-1,-1,-1,1,-1
2015215000456,2,1,0,7,0,8,0,0,0,0,3,1,2,1,60,9,-1,-1,-1,-1,1,-1
2015215000457,1,21,1,18,0,0,0,0,0,0,1,2,1,1,52,8,-1,-1,-1,-1,-1,-1
2015215000457,2,9,0,18,0,0,0,7,0,0,1,1,5,1,46,8,1762,1,15,-1,1,-1
2015215000470,1,9,0,18,0,8,0,0,0,0,1,1,6,2,21,5,1229,1,8,-1,1,-1
2015215000470,2,9,0,3,0,8,0,0,0,0,2,1,6,2,19,4,998,1,13,-1,1,-1
2015215000471,1,19,0,18,0,1,0,0,0,0,1,1,6,1,40,7,2198,2,3,-1,1,-1
2015215000471,2,9,0,4,0,1,0,0,0,0,2,1,5,2,38,7,1086,1,9,-1,1,-1
2015215000472,1,9,0,11,0,2,0,0,0,0,4,1,6,2,69,10,1396,1,2,-1,1,-1
2015215000472,2,19,0,18,0,2,0,0,0,0,3,2,1,1,56,9,-1,-1,-1,-1,-1,-1
2015215000476,1,9,0,4,0,0,0,0,0,0,2,1,5,2,53,8,-1,-1,-1,-1,1,-1
2015215000476,2,19,0,12,0,0,0,0,0,0,0,1,1,1,27,6,2198,2,2,-1,1,-1
2015215000476,3,19,0,12,0,0,0,0,0,0,2,1,1,1,49,8,2148,2,7,-1,1,-1
2015215000476,4,21,1,18,0,0,0,0,0,0,1,1,1,1,49,8,11946,2,5,-1,1,-1
2015215000476,5,19,0,18,0,0,0,0,0,0,1,1,1,1,50,8,-1,-1,-1,-1,1,-1
2015215000476,6,21,1,12,0,0,0,0,0,0,4,1,1,1,49,8,11946,2,9,-1,-1,-1
2015215000476,7,9,0,18,0,0,0,0,0,0,1,1,5,1,37,7,1597,2,1,-1,1,-1
2015215000476,8,9,0,12,0,0,0,0,0,0,2,1,5,2,58,9,1796,1,10,-1,1,-1
2015215000476,9,9,0,18,0,0,0,0,0,0,1,1,1,1,38,7,-1,-1,-1,-1,1,-1
2015215000477,1,9,0,16,0,8,0,9,7,1,3,1,6,2,22,5,1242,1,10,-1,1,-1
2015215000477,2,9,0,16,0,8,0,0,0,0,1,1,2,2,-1,-1,1248,1,4,-1,1,-1
2015215000482,1,9,0,7,0,2,0,0,0,0,1,1,5,1,70,10,1598,1,7,-1,1,-1
2015215000484,1,9,0,10,0,6,0,0,0,0,1,1,6,2,42,7,2664,2,13,-1,1,-1
2015215000484,2,3,0,18,0,8,0,0,0,0,3,1,6,1,16,4,-1,-1,-1,-1,1,-1
2015215000486,1,9,0,17,0,1,1,0,2,0,3,1,6,1,28,6,1527,2,14,-1,1,-1
2015215000486,2,9,0,18,0,2,0,0,0,0,3,1,6,1,18,4,1598,1,12,-1,1,-1
2015215000487,1,9,0,18,0,2,0,0,0,0,1,1,6,2,25,5,1586,1,1,-1,1,-1
2015215000487,2,19,0,4,0,2,0,0,0,0,2,1,1,1,28,6,2402,2,7,-1,1,-1
2015215000488,1,9,0,18,0,5,0,0,0,0,1,1,2,1,18,4,-1,-1,-1,-1,1,-1
2015215000488,2,9,0,3,0,1,0,0,0,0,2,1,5,1,57,9,1198,1,1,-1,1,-1
2015215000488,3,9,0,3,0,1,0,0,0,0,2,1,5,1,29,6,-1,-1,-1,-1,1,-1
2015215000488,4,9,0,10,0,1,0,0,0,0,2,1,5,2,46,8,1896,2,12,-1,1,-1
2015215000489,1,9,0,18,0,1,0,0,0,0,1,1,6,2,50,8,-1,-1,-1,-1,-1,-1
2015215000490,1,9,0,18,0,0,0,0,0,0,1,1,5,2,52,8,-1,-1,-1,-1,1,-1
2015215000490,2,9,0,18,0,0,0,0,0,0,2,1,5,1,58,9,-1,-1,-1,-1,1,-1
2015215000491,1,9,0,9,0,6,0,0,0,0,1,1,2,2,49,8,1968,2,2,-1,1,-1
2015215000491,2,9,0,18,0,8,0,0,0,0,3,1,6,1,59,9,1360,1,6,-1,1,-1
2015215000493,1,9,0,9,0,5,0,0,0,0,4,1,5,1,19,4,-1,-1,-1,-1,1,-1
2015215000493,2,9,0,18,0,8,0,0,0,0,1,1,5,1,35,6,1248,1,6,-1,1,-1
2015215000493,3,9,0,18,0,6,0,0,0,0,3,1,5,1,52,8,1995,2,1,-1,1,-1
2015215000494,1,9,0,18,0,1,0,0,0,0,1,1,5,1,20,4,1995,1,10,-1,3,-1
2015215000494,2,9,0,10,0,5,0,0,0,0,2,1,6,2,41,7,1598,1,4,-1,1,-1
2015215000495,1,9,0,15,0,0,0,0,0,0,1,1,6,2,53,8,1598,2,-1,-1,1,-1
2015215000495,2,9,0,3,0,0,0,0,0,0,4,1,1,2,53,8,1198,1,2,-1,3,-1
2015215000497,1,9,0,18,0,0,1,0,7,10,1,1,6,1,19,4,-1,-1,-1,-1,3,-1
2015215000501,1,9,0,18,0,1,0,0,0,0,1,1,6,1,-1,-1,2188,2,10,-1,1,-1
2015215000501,2,9,0,3,0,1,0,0,0,0,2,1,3,2,31,6,1461,2,3,-1,1,-1
2015215000505,1,19,0,17,0,1,1,0,2,7,1,1,1,1,47,8,-1,-1,-1,-1,1,-1
2015215000505,2,19,0,17,0,1,0,0,0,0,3,1,1,1,42,7,2198,2,7,-1,1,-1
2015215000506,1,9,0,4,0,1,0,0,0,0,1,1,6,1,36,7,1900,2,13,-1,1,-1
2015215000506,2,9,0,9,0,6,0,0,0,0,3,1,6,2,33,6,1998,1,21,-1,1,-1
2015215000507,1,9,0,16,0,0,0,0,0,0,1,1,6,2,24,5,-1,-1,-1,-1,1,-1
2015215000508,1,9,0,17,0,0,0,0,0,0,1,1,1,1,48,8,1896,2,10,-1,1,-1
2015215000508,2,19,0,2,0,0,0,0,0,0,2,1,6,1,66,10,1998,2,14,-1,3,-1
2015215000510,1,3,0,13,0,8,0,0,0,0,1,1,6,1,19,4,125,1,1,-1,1,-1
2015215000510,2,9,0,9,0,6,0,0,0,0,1,1,6,1,51,8,2720,2,7,-1,1,-1
2015215000511,1,9,0,4,0,0,0,0,0,0,1,1,6,1,20,4,1598,1,9,-1,1,-1
2015215000511,2,9,0,4,0,0,0,0,0,0,2,1,1,1,43,7,1600,2,6,-1,1,-1
2015215000512,1,9,0,9,0,5,0,0,0,0,1,1,5,1,51,8,1956,2,1,-1,1,-1
2015215000512,2,9,0,18,0,8,0,0,0,0,1,1,6,2,19,4,1124,1,12,-1,1,-1
2015215000516,1,9,0,16,0,1,0,7,0,0,1,1,6,1,31,6,1968,2,2,-1,-1,-1
2015215000516,2,90,0,2,0,1,0,0,0,0,1,1,1,3,-1,-1,3621,2,1,-1,-1,-1
2015215000516,3,90,0,2,0,1,0,0,0,0,2,1,1,3,-1,-1,-1,-1,-1,-1,-1,-1
2015215000517,1,9,0,9,0,5,0,0,1,11,1,1,6,1,40,7,1796,1,17,-1,1,-1
2015215000517,2,9,0,18,0,8,0,0,0,0,1,1,6,1,26,6,2495,2,21,-1,1,-1
2015215000517,3,9,0,18,0,1,0,0,0,0,3,1,6,1,49,8,-1,-1,-1,-1,1,-1
2015215000519,1,9,0,18,0,1,0,0,0,0,1,1,6,2,-1,-1,-1,-1,-1,-1,1,-1
2015215000519,2,9,0,3,0,1,0,0,0,0,2,1,1,2,33,6,1896,2,8,-1,1,-1
2015215000520,1,9,0,9,0,6,0,0,0,0,3,1,2,2,21,5,998,1,10,-1,1,-1
2015215000520,2,9,0,18,0,8,0,0,0,0,1,1,1,1,52,8,3311,8,10,-1,1,-1
2015215000521,1,9,0,18,0,6,0,0,0,0,1,1,6,1,84,11,1596,1,6,-1,1,-1
2015215000521,2,9,0,18,0,8,0,0,0,0,1,1,6,1,66,10,1997,1,14,-1,1,-1
2015215000522,1,9,0,9,0,8,0,0,1,1,1,1,6,1,84,11,1242,1,2,-1,2,-1
2015215000525,1,9,0,18,0,8,0,10,7,2,1,1,5,2,30,6,-1,-1,-1,-1,1,-1
2015215000531,1,9,0,17,0,0,1,0,7,11,3,1,6,1,21,5,-1,-1,-1,-1,3,-1
2015215000535,1,9,0,17,0,0,1,0,0,0,3,1,6,2,52,8,2765,2,17,-1,3,-1
2015215000535,2,9,0,16,0,0,1,0,0,0,3,1,6,1,19,4,-1,-1,-1,-1,2,-1
2015215000538,1,9,0,9,0,6,0,0,0,0,3,1,6,1,60,9,-1,-1,-1,-1,1,-1
2015215000538,2,1,0,18,0,1,0,0,0,0,1,1,6,1,38,7,-1,-1,-1,-1,1,-1
2015215000540,1,9,0,18,0,4,0,0,0,0,1,1,6,1,52,8,-1,-1,-1,-1,1,-1
2015215000540,2,1,0,18,0,8,0,0,0,0,1,1,6,1,44,7,-1,-1,-1,-1,1,-1
2015215000541,1,21,0,12,0,0,0,0,0,0,3,1,1,1,35,6,12777,2,7,-1,1,-1
2015215000541,2,9,0,13,0,0,0,0,0,0,4,1,1,2,47,8,1598,2,3,-1,3,-1
2015215000545,1,8,0,5,0,8,0,0,0,0,1,1,1,1,30,6,1910,2,6,-1,1,-1
2015215000545,2,3,0,17,0,8,0,0,0,0,4,1,6,1,21,5,133,1,2,-1,1,-1
2015215000547,1,9,0,18,0,0,0,0,0,0,3,1,6,3,-1,-1,-1,-1,-1,-1,-1,-1
2015215000547,2,9,0,18,0,0,0,0,0,0,3,1,1,1,36,7,1686,2,2,-1,1,-1
2015215000550,1,9,0,18,0,0,0,0,1,7,4,1,6,2,41,7,2902,2,9,-1,1,-1
2015215000556,1,8,0,18,0,1,0,0,0,0,1,1,6,1,33,6,-1,-1,-1,-1,1,-1
2015215000556,2,9,0,18,0,1,0,0,0,0,2,1,2,2,26,6,1390,1,12,-1,1,-1
2015215000557,1,9,0,9,0,6,0,0,0,0,1,1,2,1,32,6,-1,-1,-1,-1,1,-1
2015215000557,2,9,0,18,0,8,0,0,0,0,4,1,6,1,54,8,1388,1,9,-1,1,-1
2015215000561,1,9,0,18,0,1,0,0,0,0,1,1,5,1,63,9,1997,2,13,-1,3,-1
2015215000562,1,9,0,9,0,8,0,0,0,0,1,1,1,1,51,8,1248,2,2,-1,1,-1
2015215000562,2,11,0,18,0,8,0,0,0,0,3,1,1,1,43,7,-1,2,16,-1,3,-1
2015215000564,1,9,0,18,0,8,0,0,0,0,1,1,6,1,40,7,-1,-1,-1,-1,-1,-1
2015215000564,2,9,0,9,0,8,0,0,1,2,2,1,5,2,20,4,-1,-1,-1,-1,1,-1
2015215000564,3,9,0,2,0,1,0,0,0,0,1,1,6,3,-1,-1,1229,1,2,-1,-1,-1
2015215000576,1,1,0,5,0,4,0,0,0,0,3,1,2,1,33,6,-1,-1,-1,-1,1,-1
2015215000576,2,9,0,18,0,8,0,0,0,0,1,1,6,1,23,5,1229,1,4,-1,-1,-1
2015215000580,1,20,0,11,0,0,0,0,0,0,4,1,6,1,51,8,5880,2,10,-1,1,-1
2015215000580,2,9,0,18,0,0,0,0,0,0,3,1,6,2,55,8,1390,1,5,-1,1,-1
2015215000581,1,9,0,17,0,2,1,0,7,11,1,1,6,1,18,4,1895,1,14,-1,1,-1
2015215000583,1,9,0,9,0,6,0,0,0,0,3,1,6,2,73,10,1582,2,5,-1,1,-1
2015215000583,2,9,0,18,0,8,0,0,0,0,1,1,6,1,18,4,1275,1,25,-1,1,-1
2015215000584,1,19,0,18,0,0,0,0,0,0,1,1,1,1,-1,-1,2198,2,8,-1,-1,-1
2015215000584,2,1,0,18,0,0,0,0,0,0,2,1,6,1,70,10,-1,-1,-1,-1,2,-1
2015215000585,1,20,0,9,0,6,0,0,0,0,3,1,1,1,50,8,4249,2,7,-1,1,-1
2015215000585,2,1,0,18,0,8,0,0,0,0,1,1,2,1,49,8,-1,-1,-1,-1,1,-1
2015215000589,1,8,0,5,0,0,0,0,0,0,0,1,6,1,-1,-1,1598,2,2,-1,1,-1