Accident_Index,Vehicle_Reference,Vehicle_Type,Towing_and_Articulation,Vehicle_Manoeuvre,Vehicle_Location-Restricted_Lane,Junction_Location,Skidding_and_Overturning,Hit_Object_in_Carriageway,Vehicle_Leaving_Carriageway,Hit_Object_off_Carriageway,1st_Point_of_Impact,Was_Vehicle_Left_Hand_Drive?,Journey_Purpose_of_Driver,Sex_of_Driver,Age_of_Driver,Age_Band_of_Driver,Engine_Capacity_(CC),Propulsion_Code,Age_of_Vehicle,Driver_IMD_Decile,Driver_Home_Area_Type,Vehicle_IMD_Decile
2015215000950,1,9,0,1,9,2,0,0,0,0,2,1,6,1,-1,-1,2967,1,12,-1,1,-1
2015215000961,1,9,0,13,0,0,0,0,0,0,1,1,1,1,36,7,2495,2,11,-1,1,-1
2015215000961,2,9,0,4,0,0,0,0,0,0,2,1,1,1,47,8,-1,-1,-1,-1,3,-1
2015215000962,1,3,0,14,0,8,0,0,0,0,4,1,6,1,34,6,125,1,1,-1,1,-1
2015215000962,2,9,0,9,0,6,0,0,0,0,1,1,2,2,43,7,-1,-1,-1,-1,1,-1
2015215000966,1,4,0,18,0,6,0,0,0,0,1,1,1,1,46,8,-1,-1,-1,-1,1,-1
2015215000966,2,1,0,9,0,8,0,0,0,0,4,1,6,1,76,11,-1,-1,-1,-1,1,-1
2015215000968,1,9,0,9,0,5,0,0,0,0,3,1,6,2,25,5,1598,1,10,-1,1,-1
2015215000968,2,3,0,18,0,8,0,0,0,0,1,1,6,1,17,4,-1,-1,-1,-1,1,-1
2015215000969,1,9,0,16,0,1,0,0,0,0,1,1,6,2,53,8,1598,1,3,-1,1,-1
2015215000970,1,9,0,18,0,1,1,0,1,6,1,1,1,2,36,7,1360,1,3,-1,1,-1
2015215000970,2,9,0,3,0,1,0,0,0,0,2,1,6,1,71,10,1242,1,3,-1,1,-1
2015215000970,3,9,0,3,0,1,0,0,0,0,0,1,1,2,51,8,1956,2,3,-1,1,-1
2015215000972,1,9,0,17,0,0,0,0,0,0,1,1,6,1,24,5,1995,2,5,-1,3,-1
2015215000972,2,9,0,16,0,0,0,0,0,0,1,1,1,1,26,6,-1,-1,-1,-1,2,-1
2015215000973,1,9,0,14,0,0,0,0,0,0,1,1,6,1,23,5,-1,-1,-1,-1,1,-1
2015215000973,2,9,0,18,0,0,0,0,0,0,1,1,6,1,40,7,1968,2,1,-1,3,-1
2015215000984,1,9,0,13,0,1,0,0,0,0,1,1,5,1,18,4,-1,-1,-1,-1,1,-1
2015215000984,2,9,0,18,0,8,1,0,1,3,3,1,5,1,57,9,-1,-1,-1,-1,3,-1
2015215000984,3,9,0,9,0,8,0,0,0,0,0,1,6,3,-1,-1,-1,-1,-1,-1,-1,-1
2015215000986,1,9,0,17,0,0,0,0,0,0,1,1,1,1,29,6,1968,2,7,-1,2,-1
2015215000986,2,9,0,16,0,0,0,0,0,0,1,1,6,1,40,7,2720,2,8,-1,1,-1
2015215000987,1,9,0,18,0,0,1,10,1,1,1,1,2,1,34,6,3226,2,13,-1,1,-1
2015215000989,1,9,0,18,0,4,0,0,0,0,1,1,6,1,19,4,1229,1,7,-1,1,-1
2015215000989,2,9,0,18,0,8,0,0,0,0,4,1,6,1,19,4,1598,2,3,-1,1,-1
2015215000993,1,9,0,18,0,1,0,0,0,0,1,1,5,1,51,8,1910,2,8,-1,1,-1
2015215000993,2,9,0,4,0,1,0,0,0,0,2,1,5,1,49,8,1360,1,7,-1,1,-1
2015215000994,1,19,0,9,0,6,0,0,0,0,4,1,1,1,25,5,2287,2,2,-1,3,-1
2015215000994,2,9,0,18,0,8,0,0,0,0,1,1,1,2,31,6,1598,1,7,-1,1,-1
2015215000996,1,9,0,9,0,5,0,0,0,0,1,1,1,1,40,7,1596,1,7,-1,1,-1
2015215000996,2,1,0,17,0,8,0,0,0,0,1,1,5,1,26,6,-1,-1,-1,-1,1,-1
2015215000999,1,9,0,14,0,8,0,0,0,0,1,1,6,1,-1,-1,1994,2,12,-1,1,-1
2015215000999,2,9,0,18,0,8,0,0,0,0,1,1,6,2,68,10,-1,-1,-1,-1,1,-1
2015215000999,3,98,0,9,0,6,0,0,0,0,0,1,6,3,-1,-1,-1,-1,-1,-1,-1,-1
2015215001003,1,9,0,18,0,2,0,0,0,0,1,1,2,1,27,6,1242,1,15,-1,1,-1
2015215001003,2,9,0,3,0,2,0,0,0,0,2,1,6,1,42,7,1896,2,8,-1,1,-1
2015215001004,1,9,0,9,0,5,0,0,0,0,1,1,6,2,24,5,-1,-1,-1,-1,1,-1
2015215001004,2,9,0,17,0,8,0,0,0,0,1,1,6,1,22,5,998,1,7,-1,2,-1
2015215001010,1,9,0,18,0,0,5,7,0,0,1,1,5,2,30,6,1299,1,17,-1,1,-1
2015215001017,1,9,0,18,0,2,0,0,0,0,1,1,6,1,49,8,1598,1,12,-1,1,-1
2015215001022,1,21,2,18,0,0,0,0,0,0,0,1,6,3,-1,-1,-1,-1,-1,-1,-1,-1
2015215001022,2,9,0,18,0,0,1,0,0,0,1,1,1,1,36,7,-1,-1,-1,-1,3,-1
2015215001030,1,9,0,4,0,1,0,0,0,0,1,1,2,2,20,4,998,1,10,-1,-1,-1
2015215001030,2,9,0,4,0,1,0,0,0,0,2,1,2,2,36,7,1560,2,7,-1,1,-1
2015215001030,3,9,0,4,0,1,0,0,0,0,2,1,1,1,41,7,1968,2,1,-1,2,-1
2015215001031,1,9,0,12,0,0,1,0,5,6,1,1,6,1,30,6,-1,-1,-1,-1,1,-1
2015215001032,1,9,0,16,0,0,0,0,0,0,1,1,2,1,32,6,1896,2,11,-1,1,-1
2015215001032,2,9,0,17,0,0,0,0,0,0,1,1,2,2,49,8,998,1,2,-1,1,-1
2015215001037,1,9,0,18,0,0,0,0,0,0,1,1,6,1,32,6,1997,1,10,-1,2,-1
2015215001037,2,9,0,18,0,0,0,0,0,0,3,1,5,2,19,4,998,1,13,-1,2,-1
2015215001037,3,9,0,18,0,0,0,0,1,11,1,1,6,1,28,6,1242,1,2,-1,1,-1
2015215001042,1,9,0,5,0,4,0,0,0,0,3,1,6,1,23,5,1796,1,8,-1,1,-1
2015215001042,2,3,0,18,0,8,0,0,0,0,1,1,1,1,21,5,865,1,4,-1,3,-1
2015215001043,1,9,0,9,0,6,0,0,0,0,1,1,6,2,78,11,1596,1,6,-1,1,-1
2015215001043,2,9,0,18,0,8,0,0,0,0,4,1,6,2,54,8,1995,2,6,-1,1,-1
2015215001044,1,9,0,17,0,0,0,0,1,10,1,1,2,2,29,6,1368,1,9,-1,1,-1
2015215001044,2,9,0,17,0,0,0,0,0,0,2,1,6,2,47,8,1988,2,10,-1,-1,-1
2015215001047,1,9,0,9,0,6,0,0,0,0,1,1,6,1,47,8,1399,2,6,-1,1,-1
2015215001047,2,9,0,17,0,8,0,0,0,0,4,1,6,2,22,5,1560,2,3,-1,1,-1
2015215001048,1,9,0,18,0,6,0,0,0,0,4,1,2,1,51,8,2969,2,10,-1,1,-1
2015215001048,2,9,0,17,0,8,0,0,0,0,1,1,1,2,-1,-1,1799,1,9,-1,1,-1
2015215001049,1,9,0,17,0,0,0,0,0,0,1,1,6,2,37,7,1339,1,4,-1,3,-1
2015215001049,2,9,0,16,0,0,0,0,0,0,1,1,6,2,21,5,1149,1,9,-1,1,-1
2015215001050,1,9,0,16,0,0,1,0,0,0,3,1,1,1,27,6,-1,-1,-1,-1,1,-1
2015215001050,2,19,0,17,0,0,1,0,0,0,3,1,1,1,48,8,2402,2,3,-1,1,-1
2015215001052,1,9,0,8,0,1,0,0,0,0,1,1,6,1,33,6,1986,2,9,-1,1,-1
2015215001052,2,9,0,8,0,1,0,0,0,0,2,1,6,2,63,9,1364,1,8,-1,1,-1
2015215001055,1,9,0,18,0,1,0,0,0,0,1,1,6,3,-1,-1,1396,1,11,-1,-1,-1
2015215001055,2,8,0,3,0,1,0,0,0,0,2,1,1,1,35,6,1997,2,10,-1,1,-1
2015215001058,1,9,0,4,0,0,0,0,0,0,2,1,6,1,59,9,1197,1,1,-1,1,-1
2015215001058,2,9,0,4,0,0,0,0,0,0,2,1,6,1,60,9,-1,-1,-1,-1,1,-1
2015215001058,3,9,0,18,0,0,0,0,0,0,1,1,6,1,44,7,-1,-1,-1,-1,1,-1
2015215001058,4,9,0,12,0,0,0,0,0,0,3,1,5,2,64,9,-1,-1,-1,-1,1,-1
2015215001058,5,9,0,18,0,0,0,0,0,0,1,1,6,1,23,5,-1,-1,-1,-1,1,-1
2015215001059,1,9,0,18,0,0,0,0,4,6,3,1,1,2,44,7,1995,2,5,-1,-1,-1
2015215001061,1,9,0,18,0,1,0,0,0,0,1,1,5,1,29,6,-1,-1,-1,-1,2,-1
2015215001061,2,9,0,8,0,8,0,0,0,0,2,1,5,1,35,6,-1,-1,-1,-1,2,-1
2015215001062,1,9,0,18,0,2,0,0,0,0,3,1,6,1,69,10,1390,1,14,-1,2,-1
2015215001062,2,9,0,4,0,2,0,0,0,0,2,1,6,2,35,6,4999,1,4,-1,3,-1
2015215001062,3,19,0,4,0,2,0,0,0,0,1,1,6,1,41,7,1870,2,9,-1,1,-1
2015215001062,4,9,0,18,0,2,0,0,0,0,1,1,6,1,57,9,2457,1,9,-1,1,-1
2015215001062,5,9,0,4,0,2,0,0,0,0,2,1,6,1,48,8,2143,2,1,-1,3,-1
2015215001062,6,9,0,4,0,2,0,0,0,0,1,1,6,1,66,10,2143,2,2,-1,3,-1
2015215001063,1,9,0,1,0,6,0,0,0,0,2,1,5,1,33,6,-1,-1,-1,-1,1,-1
2015215001065,1,9,0,18,0,0,0,0,0,0,1,1,5,2,25,5,-1,-1,-1,-1,1,-1
2015215001065,2,21,0,2,0,0,0,0,0,0,2,1,5,1,70,10,12740,2,5,-1,3,-1
2015215001066,1,8,0,18,0,2,0,0,0,0,1,1,3,1,60,9,1995,2,4,-1,1,-1
2015215001067,1,9,0,16,0,8,1,0,0,0,1,1,1,1,38,7,-1,-1,-1,-1,1,-1
2015215001067,2,19,0,17,0,8,0,0,0,0,1,1,1,1,48,8,2402,2,6,-1,1,-1
2015215001068,1,9,0,18,0,0,0,0,0,0,1,1,1,2,28,6,1240,1,5,-1,1,-1
2015215001068,2,9,0,5,0,0,0,0,0,0,2,1,6,1,47,8,2231,2,8,-1,1,-1
2015215001069,1,20,0,18,0,1,0,0,0,0,1,1,1,1,42,7,4461,2,5,-1,1,-1
2015215001069,2,9,0,9,0,8,0,0,0,0,3,1,5,2,37,7,2148,2,10,-1,1,-1
2015215001070,1,5,0,18,0,0,0,0,0,0,4,1,6,1,45,7,955,1,11,-1,3,-1
2015215001070,2,9,0,18,0,0,0,0,0,0,2,1,6,1,54,8,1206,1,4,-1,1,-1
2015215001073,1,9,0,18,0,0,0,0,0,0,1,1,5,1,19,4,-1,-1,-1,-1,2,-1
2015215001073,2,9,0,4,0,0,0,0,0,0,2,1,5,2,63,9,1395,1,1,-1,1,-1
2015215001073,3,19,0,4,0,0,0,0,0,0,2,1,1,1,45,7,1870,2,12,-1,2,-1
2015215001074,1,9,0,18,0,0,0,0,0,0,1,1,5,1,26,6,1242,1,10,-1,1,-1
2015215001074,2,9,0,18,0,0,0,0,0,0,1,1,5,2,37,7,1598,2,9,-1,1,-1
2015215001074,3,9,0,4,0,0,0,0,0,0,2,1,5,1,67,10,1910,1,7,-1,1,-1
2015215001075,1,9,0,9,0,8,0,0,0,0,1,1,6,1,19,4,1686,2,12,-1,1,-1
2015215001075,2,9,0,10,0,8,0,0,0,0,1,1,2,2,47,8,1422,2,7,-1,1,-1
2015215001076,1,9,0,18,0,8,0,0,0,0,3,1,6,1,30,6,1199,1,14,-1,1,-1
2015215001076,2,9,0,5,0,8,0,0,0,0,1,1,6,1,36,7,1753,2,6,-1,1,-1
2015215001076,3,9,0,18,0,8,0,0,0,0,4,1,5,1,28,6,1896,2,9,-1,1,-1
2015215001078,1,9,0,4,0,0,0,0,0,0,2,1,5,2,31,6,-1,-1,-1,-1,1,-1
2015215001078,2,9,0,18,0,0,0,0,0,0,1,1,1,1,48,8,1560,2,4,-1,1,-1
2015215001078,3,9,0,18,0,0,0,0,0,0,1,1,1,2,22,5,1242,1,9,-1,2,-1
2015215001079,1,9,0,5,0,4,0,0,0,0,1,1,5,1,24,5,-1,-1,-1,-1,1,-1
2015215001079,2,9,0,18,0,8,0,0,0,0,4,1,1,1,41,7,-1,-1,-1,-1,2,-1
2015215001081,1,9,0,17,0,0,0,0,0,0,1,1,2,2,35,6,1995,2,1,-1,3,-1
2015215001082,1,9,0,18,0,8,0,0,0,0,1,1,5,2,64,9,-1,-1,-1,-1,3,-1
2015215001082,2,9,0,18,0,8,0,0,0,0,4,1,5,2,27,6,-1,-1,-1,-1,1,-1
2015215001082,3,9,0,3,0,1,0,0,0,0,1,1,6,2,38,7,1339,1,13,-1,1,-1
2015215001082,4,9,0,3,0,1,0,0,0,0,1,1,6,1,53,8,-1,-1,-1,-1,1,-1
2015215001084,1,9,0,17,0,0,0,0,1,10,1,1,2,2,23,5,-1,-1,-1,-1,3,-1
2015215001085,1,19,0,4,0,1,2,0,1,10,4,1,1,1,24,5,2143,2,4,-1,-1,-1
2015215001085,2,9,0,4,0,1,0,0,0,0,2,1,6,1,32,6,1900,2,10,-1,3,-1
2015215001085,3,9,0,9,0,5,0,0,0,0,0,1,6,3,-1,-1,-1,-1,-1,-1,-1,-1
2015215001086,1,9,0,18,0,8,0,0,0,0,1,1,6,1,64,9,1968,2,7,-1,3,-1
2015215001086,2,11,0,9,0,6,0,0,0,0,3,1,1,1,51,8,7300,2,10,-1,1,-1
2015215001087,1,21,0,12,0,0,0,0,0,0,3,2,1,1,45,7,-1,-1,-1,-1,-1,-1
2015215001087,2,9,0,18,0,0,0,0,5,6,4,1,1,1,54,8,2993,2,1,-1,3,-1
2015215001089,1,9,0,18,0,0,0,0,0,0,1,1,2,2,43,7,1242,1,14,-1,1,-1
2015215001092,1,9,0,5,0,6,0,0,0,0,1,1,6,2,62,9,-1,-1,-1,-1,1,-1
2015215001092,2,9,0,18,0,8,0,0,7,0,4,1,6,2,43,7,1598,1,6,-1,1,-1
2015215001094,1,21,0,5,0,4,0,0,0,0,1,1,1,1,42,7,6692,2,3,-1,3,-1
2015215001094,2,9,0,4,0,4,0,0,0,0,2,1,2,2,39,7,1149,1,3,-1,1,-1
2015215001099,1,9,0,9,0,6,0,0,0,0,3,1,6,1,31,6,-1,-1,-1,-1,1,-1
2015215001099,2,19,0,18,0,8,0,0,0,0,1,1,1,1,26,6,2198,2,1,-1,3,-1
2015215001100,1,9,0,9,0,6,0,0,0,0,1,1,6,2,41,7,1598,1,10,-1,1,-1
2015215001100,2,3,0,18,0,8,0,0,0,0,1,1,6,1,23,5,125,1,1,-1,1,-1
2015215001102,1,9,0,5,0,0,0,0,0,0,1,1,5,2,25,5,1242,1,7,-1,1,-1
2015215001108,1,9,0,14,0,0,0,0,0,0,4,1,6,3,-1,-1,-1,-1,-1,-1,-1,-1
2015215001109,1,9,0,1,0,1,0,0,0,0,2,1,6,1,37,7,1332,1,15,-1,1,-1
2015215001110,1,9,0,18,0,0,0,0,0,0,1,1,2,1,55,8,2993,2,2,-1,2,-1
2015215001110,2,9,0,3,0,0,0,0,0,0,2,1,6,1,38,7,1995,2,4,-1,-1,-1
2015215001111,1,9,0,18,0,0,1,0,0,0,1,1,6,3,-1,-1,-1,-1,-1,-1,-1,-1
2015215001111,2,9,0,3,0,0,0,0,0,0,2,1,6,1,31,6,1364,1,9,-1,1,-1
2015215001112,1,9,0,4,0,1,0,0,0,0,2,1,6,1,-1,-1,-1,-1,-1,-1,-1,-1
2015215001112,2,9,0,4,0,1,0,0,0,0,1,1,6,1,17,4,-1,-1,-1,-1,1,-1
2015215001113,1,2,0,18,0,1,0,0,0,0,1,1,6,1,17,4,-1,-1,-1,-1,1,-1
2015215001114,1,9,0,18,0,1,0,0,0,0,1,1,5,1,37,7,1896,2,9,-1,1,-1
2015215001114,2,9,0,3,0,1,0,0,0,0,2,1,3,2,37,7,1995,2,10,-1,1,-1
2015215001118,1,9,0,9,0,8,0,0,0,0,1,1,6,1,46,8,2995,7,10,-1,1,-1
2015215001118,2,9,0,18,0,8,0,0,0,0,1,1,6,1,18,4,-1,-1,-1,-1,1,-1
2015215001119,1,9,0,7,0,6,0,0,0,0,1,1,5,2,47,8,1598,2,4,-1,2,-1
2015215001119,2,9,0,18,0,8,0,0,0,0,4,1,5,2,64,9,1910,2,5,-1,2,-1
2015215001120,1,9,0,9,0,8,0,0,0,0,4,1,5,1,30,6,1896,2,14,-1,1,-1
2015215001120,2,3,0,18,0,8,0,0,0,0,1,1,5,1,19,4,100,1,14,-1,3,-1
2015215001122,1,9,0,18,0,0,5,0,2,2,4,1,5,2,18,4,-1,-1,-1,-1,1,-1
2015215001123,1,9,0,18,0,8,0,0,0,0,2,1,1,2,23,5,-1,-1,-1,-1,1,-1
2015215001123,2,9,0,9,0,8,0,0,0,0,1,1,5,1,62,9,-1,-1,-1,-1,3,-1
2015215001124,1,9,0,5,0,6,0,0,0,0,1,1,5,1,76,11,-1,-1,-1,-1,1,-1
2015215001124,2,9,0,18,0,8,0,0,0,0,4,1,5,1,56,9,2148,2,12,-1,1,-1
2015215001125,1,19,0,18,0,8,0,0,0,0,1,1,6,1,-1,-1,1753,2,12,-1,1,-1
2015215001125,2,9,0,3,0,8,0,0,0,0,2,1,2,1,23,5,1796,1,10,-1,1,-1
2015215001129,1,19,0,18,0,2,0,0,0,0,1,1,2,1,35,6,1995,2,7,-1,1,-1
2015215001129,2,9,0,4,0,2,0,0,0,0,2,1,5,1,41,7,1781,1,14,-1,1,-1
2015215001141,1,9,0,18,0,8,0,0,0,0,1,1,2,1,53,8,-1,-1,-1,-1,3,-1
2015215001141,2,9,0,10,0,8,0,0,0,0,2,1,6,2,38,7,1560,2,3,-1,1,-1
2015215001142,1,9,0,7,0,6,0,0,0,0,0,1,6,3,-1,-1,-1,-1,-1,-1,-1,-1
2015215001142,2,3,0,18,0,8,1,0,0,0,0,1,2,1,20,4,125,1,10,-1,1,-1
2015215001143,1,9,0,18,0,0,0,0,0,0,1,1,6,1,35,6,-1,-1,-1,-1,1,-1
2015215001146,1,9,0,16,0,0,1,0,0,10,1,1,6,2,48,8,1560,2,9,-1,3,-1
2015215001148,1,9,0,18,0,0,0,0,7,4,3,1,5,1,81,11,1360,1,3,-1,1,-1
2015215001149,1,9,0,17,0,2,1,0,2,11,4,1,6,1,25,5,-1,-1,-1,-1,3,-1
2015215001151,1,8,0,9,0,2,0,0,0,0,1,1,1,1,32,6,-1,-1,-1,-1,1,-1
2015215001153,1,9,0,9,0,6,0,0,0,0,1,1,6,2,29,6,1398,2,13,-1,1,-1
2015215001154,1,9,0,16,0,0,0,0,0,0,1,1,6,1,55,8,1997,2,2,-1,1,-1
2015215001154,2,9,0,17,0,0,5,0,0,0,1,1,1,1,18,4,-1,-1,-1,-1,1,-1
2015215001156,1,9,0,18,0,1,0,0,0,0,1,1,6,1,27,6,1968,2,2,-1,1,-1
2015215001157,1,19,0,9,0,5,0,0,0,0,1,1,6,1,49,8,2402,2,5,-1,1,-1
2015215001157,2,1,0,18,0,8,0,0,0,0,1,1,2,1,38,7,-1,-1,-1,-1,1,-1
2015215001162,1,9,0,12,0,0,1,0,0,0,1,1,1,2,23,5,-1,-1,-1,-1,1,-1
2015215001162,2,9,0,3,0,0,0,0,0,0,2,1,1,1,61,9,2143,2,2,-1,1,-1
2015215001163,1,9,0,18,0,0,0,0,5,6,4,1,6,1,51,8,1997,2,3,-1,1,-1
2015215001163,2,9,0,18,0,0,1,0,0,0,1,1,6,1,18,4,1124,1,10,-1,1,-1
2015215001164,1,9,0,7,0,6,0,0,0,0,1,1,5,1,-1,-1,-1,-1,-1,-1,-1,-1
2015215001164,2,9,0,14,0,1,0,0,0,0,1,1,1,1,49,8,-1,-1,-1,-1,-1,-1
2015215001164,3,9,0,2,0,1,0,0,0,0,1,1,6,1,60,9,-1,-1,-1,-1,-1,-1
2015215001165,1,9,0,17,0,0,2,0,1,10,1,1,6,2,17,4,-1,-1,-1,-1,1,-1
2015215001168,1,1,0,6,0,0,0,0,0,0,1,1,2,1,21,5,-1,-1,-1,-1,1,-1
2015215001168,2,9,0,18,0,0,0,0,0,0,3,1,1,2,44,7,1686,2,3,-1,1,-1
2015215001171,1,9,0,4,0,0,2,0,7,10,3,1,2,2,42,7,1198,1,12,-1,1,-1
2015215001173,1,21,1,18,0,0,0,0,0,0,2,1,1,1,39,7,11946,2,4,-1,1,-1
2015215001173,2,20,0,18,0,0,0,0,0,0,1,1,1,1,45,7,4250,2,4,-1,1,-1
2015215001173,3,21,1,13,0,0,0,0,0,0,4,1,1,1,64,9,12419,2,2,-1,1,-1
2015215001177,1,19,0,18,0,8,0,0,0,0,4,1,1,3,-1,-1,-1,-1,-1,-1,-1,-1
2015215001177,2,1,0,9,0,8,0,0,0,0,1,1,5,1,32,6,-1,-1,-1,-1,1,-1
2015215001182,1,9,0,18,0,1,0,0,0,0,3,1,6,1,30,6,1968,2,1,-1,1,-1
2015215001185,1,9,0,14,0,0,0,0,0,0,4,1,6,3,-1,-1,2993,2,10,-1,-1,-1
2015215001185,2,9,0,2,0,0,0,0,0,0,4,1,6,1,25,5,1968,2,5,-1,1,-1
2015215001189,1,9,0,9,0,5,0,0,1,11,1,1,6,1,25,5,1299,1,13,-1,-1,-1
2015215001191,1,9,0,18,0,0,0,0,0,0,1,1,6,2,53,8,1997,1,6,-1,3,-1
2015215001191,2,9,0,1,0,0,0,0,0,0,2,1,5,1,61,9,2982,2,7,-1,1,-1
2015215001192,1,9,0,9,0,6,0,0,1,11,3,1,2,1,31,6,1588,1,12,-1,1,-1
2015215001192,2,9,0,18,0,8,0,0,0,0,1,1,2,1,34,6,1896,2,10,-1,-1,-1
2015215001194,1,9,0,18,0,1,0,0,0,0,1,1,6,2,25,5,998,1,16,-1,3,-1
2015215001194,2,9,0,8,0,1,0,0,0,0,2,1,6,2,45,7,1590,1,10,-1,2,-1
2015215001196,1,9,0,18,0,1,0,0,0,0,1,1,5,1,31,6,1997,2,11,-1,1,-1
2015215001196,2,9,0,3,0,1,0,0,0,0,2,1,5,1,29,6,1560,2,2,-1,1,-1
2015215001197,1,9,0,17,0,0,2,0,7,10,1,1,6,1,20,4,1360,1,8,-1,1,-1
2015215001205,1,9,0,9,0,6,0,0,0,0,3,1,6,1,73,10,-1,-1,-1,-1,1,-1
2015215001205,2,9,0,18,0,8,0,0,0,0,1,1,6,2,49,8,1242,1,1,-1,1,-1
2015215001207,1,19,0,18,0,1,0,0,0,0,1,1,6,1,-1,-1,2143,2,3,-1,-1,-1
2015215001207,2,9,0,3,0,4,0,0,0,0,2,1,1,1,50,8,-1,-1,-1,-1,1,-1
2015215001211,1,8,0,18,0,2,0,0,0,0,1,1,1,2,45,7,2204,2,8,-1,1,-1
2015215001211,2,9,0,3,0,2,0,0,0,0,2,1,2,1,59,9,1395,1,-1,-1,1,-1
2015215001211,3,9,0,3,0,2,0,0,0,0,2,1,6,2,27,6,999,1,1,-1,1,-1
2015215001212,1,9,0,9,0,6,0,0,0,0,1,1,6,2,-1,-1,-1,-1,-1,-1,-1,-1
2015215001212,2,2,0,18,0,8,0,0,0,0,3,1,5,1,56,9,399,1,1,-1,1,-1
2015215001215,1,3,0,13,0,8,0,0,0,0,1,1,5,1,22,5,-1,-1,-1,-1,1,-1
2015215001215,2,9,0,9,0,5,0,0,0,0,3,1,2,2,28,6,1794,1,10,-1,3,-1
2015215001216,1,3,0,18,0,0,0,0,0,0,3,1,6,1,18,4,125,1,-1,-1,1,-1
2015215001219,1,9,0,17,0,0,1,0,1,10,4,1,1,2,24,5,1242,1,1,-1,2,-1
2015215001220,1,9,0,16,0,1,0,0,0,0,1,1,2,2,47,8,1598,1,2,-1,1,-1
2015215001220,2,19,0,4,0,1,0,0,0,0,2,1,1,1,58,9,-1,-1,-1,-1,2,-1
2015215001220,3,9,0,4,0,1,0,0,0,0,0,1,6,1,58,9,1896,2,12,-1,2,-1
2015215001224,1,21,0,18,0,1,0,0,0,0,1,1,1,1,50,8,11021,2,13,-1,1,-1
2015215001224,2,9,0,4,0,1,0,0,0,0,2,1,3,2,42,7,-1,-1,-1,-1,1,-1
2015215001224,3,9,0,1,0,1,0,0,0,0,2,1,4,2,34,6,1598,1,3,-1,2,-1
2015215001227,1,9,0,9,0,6,0,0,0,0,1,1,1,1,19,4,-1,-1,-1,-1,2,-1
2015215001227,2,9,0,18,0,8,0,0,0,0,1,1,1,2,45,7,1388,1,5,-1,1,-1
2015215001237,1,9,0,18,0,8,0,0,0,0,1,1,6,1,89,11,1598,1,9,-1,1,-1
2015215001237,2,9,0,9,0,6,0,0,0,0,4,1,6,2,84,11,-1,-1,-1,-1,1,-1
2015215001247,1,9,0,18,0,2,0,0,1,9,4,1,6,1,17,4,-1,-1,-1,-1,-1,-1
2015215001248,1,17,5,2,0,0,0,0,0,0,0,1,6,1,39,7,-1,-1,-1,-1,1,-1
2015215001248,2,5,0,16,0,0,0,11,0,0,1,1,6,1,50,8,-1,-1,-1,-1,2,-1
2015215001252,1,98,4,12,0,0,0,0,0,0,3,1,6,3,-1,-1,-1,-1,-1,-1,-1,-1
2015215001252,2,9,0,13,0,0,0,0,0,0,4,1,6,1,53,8,998,1,2,-1,1,-1
2015215001259,1,9,0,18,0,0,0,0,0,0,1,1,1,1,35,6,2499,1,7,-1,1,-1
2015215001259,2,21,1,4,0,0,0,0,0,0,2,1,1,1,53,8,11967,2,5,-1,1,-1
2015215001262,1,9,0,18,0,8,0,0,0,0,1,1,5,2,47,8,-1,-1,-1,-1,3,-1
2015215001262,2,9,0,18,0,8,0,0,0,0,1,1,2,2,57,9,-1,-1,-1,-1,1,-1
2015215001263,1,9,0,18,0,1,0,0,0,0,1,1,6,1,76,11,1299,1,10,-1,1,-1
2015215001263,2,9,0,9,0,5,0,0,0,0,2,1,5,1,32,6,1956,2,4,-1,3,-1
2015215001264,1,9,0,18,0,6,0,0,0,0,1,1,6,1,30,6,1596,1,14,-1,1,-1
2015215001264,2,9,0,14,0,8,0,0,0,0,1,1,6,2,29,6,1598,1,10,-1,1,-1
2015215001265,1,9,0,18,0,1,0,0,0,0,1,1,6,1,75,10,1995,2,1,-1,3,-1
2015215001265,2,9,0,10,0,1,0,0,0,0,2,1,6,1,25,5,2967,2,5,-1,1,-1
2015215001267,1,21,0,11,0,2,0,0,0,0,4,1,1,1,48,8,11967,2,3,-1,-1,-1
2015215001267,2,9,0,16,0,2,0,0,0,0,3,1,1,2,44,7,1364,1,7,-1,1,-1
2015215001268,1,9,0,18,0,8,0,0,0,0,1,1,2,2,21,5,1242,1,1,-1,1,-1
2015215001268,2,1,0,9,0,8,0,0,0,0,4,1,5,1,40,7,-1,-1,-1,-1,1,-1
2015215001269,1,9,0,17,0,0,0,0,0,0,1,1,6,3,-1,-1,-1,-1,-1,-1,-1,-1
2015215001270,1,9,0,9,0,6,0,0,0,0,1,1,5,1,28,6,1968,2,12,-1,1,-1
2015215001270,2,20,1,18,0,8,0,0,0,0,1,1,6,3,-1,-1,-1,-1,-1,-1,-1,-1
2015215001271,1,9,0,16,0,0,0,0,1,1,1,1,5,1,49,8,3189,1,11,-1,1,-1
2015215001275,1,9,0,18,0,1,0,4,0,0,1,1,5,1,88,11,-1,-1,-1,-1,3,-1
2015215001275,2,9,0,2,0,1,0,0,0,0,2,1,6,2,-1,-1,1997,2,9,-1,2,-1
2015215001279,1,19,0,9,0,6,0,0,0,0,3,1,2,1,53,8,2499,2,15,-1,1,-1