Accident_Index,Vehicle_Reference,Vehicle_Type,Towing_and_Articulation,Vehicle_Manoeuvre,Vehicle_Location-Restricted_Lane,Junction_Location,Skidding_and_Overturning,Hit_Object_in_Carriageway,Vehicle_Leaving_Carriageway,Hit_Object_off_Carriageway,1st_Point_of_Impact,Was_Vehicle_Left_Hand_Drive?,Journey_Purpose_of_Driver,Sex_of_Driver,Age_of_Driver,Age_Band_of_Driver,Engine_Capacity_(CC),Propulsion_Code,Age_of_Vehicle,Driver_IMD_Decile,Driver_Home_Area_Type,Vehicle_IMD_Decile
2015215001675,1,3,0,13,0,2,0,0,0,0,4,1,6,1,18,4,124,1,8,-1,3,-1
2015215001675,2,9,0,9,0,5,0,0,0,0,3,1,6,1,-1,-1,1398,1,11,-1,1,-1
2015215001679,1,9,0,14,0,1,5,0,0,0,1,1,5,2,37,7,1587,1,10,-1,1,-1
2015215001679,2,9,0,2,0,1,0,0,0,0,1,1,6,3,-1,-1,1595,1,8,-1,-1,-1
2015215001680,1,9,0,18,0,2,0,0,0,0,1,1,6,1,-1,-1,1870,2,10,-1,1,-1
2015215001680,2,9,0,7,0,5,0,0,0,0,2,1,6,1,-1,-1,-1,-1,-1,-1,1,-1
2015215001681,1,9,0,18,0,6,0,0,0,0,1,1,6,1,33,6,1598,1,7,-1,1,-1
2015215001681,2,9,0,18,0,8,0,0,1,11,4,1,6,1,57,9,1790,1,19,-1,1,-1
2015215001686,1,19,0,7,0,5,0,0,0,0,1,1,1,1,37,7,-1,-1,-1,-1,1,-1
2015215001686,2,1,0,18,0,8,0,0,0,0,3,1,5,1,38,7,-1,-1,-1,-1,1,-1
2015215001689,1,9,0,17,0,8,5,0,1,4,1,1,1,1,23,5,-1,-1,-1,-1,1,-1
2015215001691,1,9,0,17,0,0,0,10,7,11,3,1,6,1,25,5,1396,1,12,-1,1,-1
2015215001693,1,9,0,12,0,8,0,0,0,0,3,1,5,2,47,8,1598,1,14,-1,1,-1
2015215001693,2,9,0,18,0,8,0,0,0,0,3,1,5,1,50,8,1499,2,2,-1,1,-1
2015215001695,1,9,0,18,0,0,0,0,0,0,1,1,5,1,54,8,2179,2,-1,-1,3,-1
2015215001695,2,9,0,4,0,0,0,0,0,0,2,1,5,2,52,8,1360,1,9,-1,1,-1
2015215001695,3,9,0,4,0,0,0,0,0,0,2,1,5,1,47,8,1229,1,1,-1,3,-1
2015215001696,1,9,0,1,0,0,0,0,0,0,2,1,6,2,42,7,-1,-1,-1,-1,-1,-1
2015215001704,1,19,0,9,0,6,0,0,0,0,3,1,1,1,55,8,1968,2,1,-1,1,-1
2015215001704,2,9,0,17,0,8,0,0,0,0,1,1,6,2,52,8,1995,2,12,-1,1,-1
2015215001705,1,9,0,4,0,1,1,0,0,0,1,1,6,1,51,8,1299,1,13,-1,1,-1
2015215001705,2,8,0,10,0,1,0,0,0,0,2,1,1,1,39,7,1798,7,8,-1,1,-1
2015215001709,1,9,0,5,0,6,0,0,0,0,1,1,6,1,28,6,1560,2,10,-1,1,-1
2015215001709,2,9,0,18,0,8,0,0,0,0,4,1,6,2,35,6,1242,1,2,-1,1,-1
2015215001715,1,9,0,18,0,8,0,0,7,11,1,1,5,2,52,8,1398,1,5,-1,1,-1
2015215001715,2,9,0,18,0,8,0,0,7,11,1,1,5,1,50,8,1595,2,5,-1,1,-1
2015215001716,1,19,0,18,0,0,0,0,0,0,4,1,1,1,50,8,1753,2,3,-1,1,-1
2015215001716,2,1,0,18,0,0,0,0,0,0,3,1,2,1,28,6,-1,-1,-1,-1,1,-1
2015215001721,1,19,0,16,0,0,0,0,0,0,1,1,1,1,35,6,1499,2,1,-1,1,-1
2015215001721,2,9,0,17,0,0,0,0,0,0,1,1,5,2,37,7,2400,2,4,-1,1,-1
2015215001723,1,9,0,13,0,0,0,0,0,0,1,1,6,1,66,10,2295,1,13,-1,1,-1
2015215001723,2,9,0,16,0,0,0,0,0,0,1,1,6,1,19,4,1242,1,6,-1,1,-1
2015215001723,3,9,0,17,0,0,0,0,0,0,0,1,6,1,66,10,1197,1,1,-1,1,-1
2015215001726,1,9,0,1,0,0,0,0,0,0,2,1,6,1,-1,-1,1995,2,11,-1,1,-1
2015215001727,1,9,0,9,0,5,0,0,0,0,1,1,5,2,62,9,1582,2,4,-1,-1,-1
2015215001727,2,9,0,18,0,8,5,0,1,10,1,1,6,2,28,6,1199,1,13,-1,1,-1
2015215001728,1,9,0,17,0,0,2,0,7,11,1,1,1,2,19,4,1360,1,4,-1,2,-1
2015215001729,1,9,0,13,0,0,0,0,0,0,4,1,6,1,29,6,1388,1,12,-1,1,-1
2015215001729,2,21,0,18,0,0,0,0,0,0,3,1,1,1,46,8,10308,2,9,-1,1,-1
2015215001730,1,9,0,9,0,6,0,0,0,0,1,1,5,1,34,6,1560,2,7,-1,2,-1
2015215001730,2,9,0,18,0,8,0,0,0,0,1,1,6,1,73,10,-1,-1,-1,-1,-1,-1
2015215001731,1,9,0,10,0,1,0,0,0,0,2,1,6,2,35,6,1299,1,14,-1,1,-1
2015215001731,2,8,0,7,0,8,0,0,0,0,2,1,5,1,57,9,1910,2,6,-1,3,-1
2015215001732,1,8,0,4,0,1,0,0,0,0,1,1,1,1,38,7,1896,2,9,-1,1,-1
2015215001732,2,9,0,8,0,1,0,0,0,0,2,1,6,2,57,9,1397,1,6,-1,1,-1
2015215001733,1,9,0,14,0,1,0,0,0,0,1,1,6,2,52,8,1461,2,1,-1,1,-1
2015215001734,1,9,0,18,0,8,0,0,0,0,1,1,5,2,37,7,1360,1,10,-1,1,-1
2015215001734,2,9,0,4,0,8,0,0,0,0,2,1,5,1,22,5,1229,1,2,-1,1,-1
2015215001735,1,9,0,16,0,1,0,0,0,0,1,1,6,1,22,5,-1,-1,-1,-1,2,-1
2015215001735,2,19,0,10,0,1,0,0,0,0,2,1,1,1,46,8,2198,2,4,-1,1,-1
2015215001736,1,9,0,5,0,6,0,0,0,0,1,1,5,2,37,7,-1,-1,-1,-1,1,-1
2015215001737,1,10,0,18,0,1,0,0,0,0,1,1,1,1,46,8,-1,-1,-1,-1,3,-1
2015215001737,2,19,0,10,0,1,0,0,0,0,2,1,1,1,36,7,1753,2,2,-1,1,-1
2015215001738,1,19,0,18,0,1,0,0,0,0,1,1,6,1,32,6,1997,2,9,-1,-1,-1
2015215001738,2,9,0,4,0,1,0,0,0,0,2,1,5,2,67,10,998,1,5,-1,3,-1
2015215001739,1,9,0,17,0,0,1,10,1,4,1,1,5,1,17,4,-1,-1,-1,-1,1,-1
2015215001740,1,9,0,9,0,5,0,0,0,0,4,1,6,2,64,9,1149,1,10,-1,1,-1
2015215001740,2,3,0,18,0,8,0,0,0,0,1,1,5,1,24,5,125,1,2,-1,1,-1
2015215001742,1,9,0,18,0,0,0,0,1,2,1,1,6,1,38,7,1596,1,19,-1,-1,-1
2015215001743,1,9,0,18,0,1,0,0,0,0,1,1,5,2,19,4,1299,1,15,-1,1,-1
2015215001743,2,9,0,4,0,1,0,0,0,0,2,1,5,2,19,4,1229,1,9,-1,1,-1
2015215001745,1,9,0,17,0,0,5,0,7,10,1,1,6,1,18,4,-1,-1,-1,-1,1,-1
2015215001748,1,9,0,18,0,0,0,0,0,0,2,1,5,1,52,8,1389,1,15,-1,1,-1
2015215001748,2,9,0,4,0,0,0,0,0,0,2,1,5,2,45,7,998,1,5,-1,1,-1
2015215001749,1,9,0,7,0,6,0,0,0,0,1,1,3,2,49,8,1560,2,1,-1,1,-1
2015215001750,1,9,0,9,0,6,0,0,0,0,1,1,5,2,36,7,-1,-1,-1,-1,-1,-1
2015215001750,2,20,0,16,0,8,0,0,0,0,4,1,1,1,37,7,-1,-1,-1,-1,-1,-1
2015215001751,1,5,0,14,0,8,0,0,0,0,1,1,6,1,37,7,600,1,16,-1,1,-1
2015215001751,2,9,0,9,0,8,0,0,0,0,3,1,6,2,81,11,1796,1,17,-1,1,-1
2015215001752,1,9,0,9,0,8,0,0,0,0,3,1,6,2,27,6,1399,2,13,-1,1,-1
2015215001752,2,9,0,18,0,8,0,0,0,0,1,1,6,1,24,5,1753,2,9,-1,1,-1
2015215001753,1,9,0,18,0,0,0,0,0,0,1,1,6,2,56,9,2521,1,12,-1,1,-1
2015215001753,2,9,0,4,0,0,0,0,0,0,2,1,5,1,25,5,-1,-1,-1,-1,1,-1
2015215001755,1,9,0,9,0,5,0,0,0,0,1,1,5,2,19,4,1206,1,5,-1,-1,-1
2015215001755,2,9,0,18,0,8,0,0,0,0,1,1,5,1,69,10,1995,1,4,-1,1,-1
2015215001759,1,21,0,5,0,1,0,0,0,0,1,1,1,1,39,7,10677,2,1,-1,1,-1
2015215001760,1,19,0,13,0,0,0,0,0,0,1,1,1,1,27,6,2198,2,1,-1,2,-1
2015215001760,2,9,0,7,0,0,0,0,0,0,3,1,1,2,26,6,-1,-1,-1,-1,1,-1
2015215001762,1,5,0,16,0,0,0,0,7,10,3,1,5,1,26,6,599,1,19,-1,3,-1
2015215001762,2,9,0,17,0,0,0,0,0,0,1,1,5,1,52,8,2982,2,12,-1,1,-1
2015215001763,1,9,0,18,0,1,0,0,0,0,1,1,6,2,-1,-1,-1,-1,-1,-1,-1,-1
2015215001763,2,9,0,3,0,1,0,0,0,0,1,1,2,2,41,7,1997,2,14,-1,1,-1
2015215001764,1,9,0,9,0,6,0,0,0,0,1,1,2,2,41,7,1299,1,14,-1,1,-1
2015215001764,2,9,0,14,0,8,0,0,0,0,4,1,6,1,54,8,1598,1,20,-1,1,-1
2015215001765,1,9,0,12,0,8,0,0,0,0,4,1,1,1,-1,-1,-1,-1,-1,-1,-1,-1
2015215001765,2,9,0,7,0,8,0,0,0,0,3,1,6,1,31,6,1998,2,11,-1,1,-1
2015215001766,1,9,0,9,0,6,0,0,0,0,3,1,6,1,40,7,1900,2,10,-1,1,-1
2015215001766,2,9,0,18,0,8,0,0,0,0,1,1,6,2,18,4,973,1,12,-1,3,-1
2015215001768,1,9,0,16,0,0,5,10,0,0,1,1,1,1,23,5,-1,-1,-1,-1,1,-1
2015215001769,1,9,0,18,0,1,0,0,0,0,1,1,6,3,-1,-1,1360,1,13,-1,-1,-1
2015215001769,2,9,0,10,0,1,0,0,0,0,2,1,6,2,52,8,2143,2,-1,-1,1,-1
2015215001775,1,2,0,7,0,8,0,0,0,0,4,1,5,1,18,4,49,1,12,-1,1,-1
2015215001775,2,9,0,17,0,8,0,0,0,0,3,1,5,1,30,6,-1,-1,-1,-1,1,-1
2015215001776,1,9,0,18,0,0,0,0,0,0,4,1,6,1,58,9,1968,2,5,-1,1,-1
2015215001781,1,9,0,9,0,5,0,0,0,0,1,1,1,1,46,8,1560,2,4,-1,3,-1
2015215001781,2,9,0,18,0,8,0,0,0,0,1,1,5,1,57,9,-1,-1,-1,-1,1,-1
2015215001783,1,21,1,18,0,8,0,0,0,0,1,2,1,1,54,8,-1,-1,-1,-1,-1,-1
2015215001783,2,9,0,18,0,8,0,0,0,0,4,1,5,1,55,8,1124,1,7,-1,1,-1
2015215001786,1,1,0,17,0,2,0,0,0,0,2,1,6,1,21,5,-1,-1,-1,-1,1,-1
2015215001786,2,9,0,17,0,2,0,0,0,0,1,1,5,3,-1,-1,-1,-1,-1,-1,-1,-1
2015215001788,1,8,0,6,0,1,0,0,0,0,3,1,1,1,21,5,1995,2,7,-1,1,-1
2015215001788,2,9,0,14,0,1,0,0,0,0,1,1,6,1,37,7,2000,2,10,-1,1,-1
2015215001789,1,9,0,9,0,8,0,0,0,0,4,1,6,1,24,5,1598,1,10,-1,1,-1
2015215001789,2,21,1,9,0,8,0,0,0,0,1,1,1,1,39,7,10837,2,2,-1,1,-1
2015215001791,1,8,0,9,0,6,0,0,0,0,3,1,1,1,37,7,1497,8,7,-1,1,-1
2015215001791,2,9,0,13,0,1,0,0,0,0,1,1,6,2,36,7,1797,8,1,-1,1,-1
2015215001791,3,9,0,3,0,1,0,0,0,0,0,1,6,3,-1,-1,-1,-1,-1,-1,-1,-1
2015215001792,1,9,0,18,0,1,0,0,0,0,1,1,6,2,35,6,1248,2,10,-1,1,-1
2015215001792,2,9,0,3,0,1,0,0,0,0,2,1,6,1,35,6,1968,2,7,-1,1,-1
2015215001793,1,9,0,18,0,0,0,0,0,0,1,1,5,2,41,7,998,1,3,-1,1,-1
2015215001795,1,21,0,16,0,0,0,0,0,0,0,1,6,3,-1,-1,-1,-1,-1,-1,-1,-1
2015215001795,2,5,0,17,0,0,0,10,1,9,1,1,6,1,21,5,645,1,16,-1,3,-1
2015215001796,1,8,0,18,0,0,0,0,0,0,3,1,1,1,31,6,1598,2,5,-1,1,-1
2015215001796,2,9,0,5,0,0,0,0,0,0,1,1,5,1,51,8,1400,1,15,-1,1,-1
2015215001796,3,9,0,2,0,0,0,0,0,0,0,1,6,2,40,7,-1,-1,-1,-1,3,-1
2015215001797,1,19,0,9,0,6,0,0,0,0,3,1,5,1,48,8,1753,2,8,-1,1,-1
2015215001797,2,9,0,18,0,8,0,0,0,0,1,1,5,2,28,6,1400,2,10,-1,1,-1
2015215001798,1,9,0,1,0,2,0,0,0,0,2,1,5,3,-1,-1,1896,2,12,-1,-1,-1
2015215001798,2,9,0,2,0,2,0,0,0,0,1,1,5,2,18,4,1229,1,8,-1,1,-1
2015215001799,1,9,0,9,0,5,0,0,0,0,4,1,1,1,40,7,1968,2,4,-1,3,-1
2015215001799,2,9,0,18,0,8,0,0,0,0,1,1,5,1,64,9,-1,-1,-1,-1,2,-1
2015215001803,1,9,0,9,0,6,0,0,0,0,1,1,6,1,18,4,-1,-1,-1,-1,-1,-1
2015215001803,2,9,0,18,0,8,0,0,0,0,3,1,2,1,55,8,1242,1,15,-1,1,-1
2015215001805,1,9,0,18,0,8,0,0,7,11,1,1,5,1,84,11,1396,1,15,-1,1,-1
2015215001805,2,9,0,18,0,8,0,0,1,11,1,1,5,1,69,10,1299,1,9,-1,2,-1
2015215001807,1,9,0,5,0,0,0,0,1,11,1,1,5,2,60,9,-1,-1,-1,-1,3,-1
2015215001811,1,9,0,18,0,0,0,0,5,6,3,1,6,1,19,4,-1,-1,-1,-1,1,-1
2015215001814,1,9,0,16,0,2,5,0,1,7,1,1,6,1,37,7,-1,-1,-1,-1,1,-1
2015215001821,1,9,0,18,0,0,0,0,0,0,1,1,1,2,49,8,2401,2,12,-1,1,-1
2015215001821,2,9,0,1,0,0,0,0,0,0,2,1,1,2,37,7,1968,2,-1,-1,1,-1
2015215001821,3,9,0,3,0,0,0,0,0,0,2,1,1,1,23,5,1796,1,6,-1,1,-1
2015215001821,4,9,0,3,0,0,0,0,0,0,2,1,1,1,30,6,1598,1,11,-1,1,-1
2015215001821,5,9,0,3,0,0,0,0,0,0,2,1,1,1,27,6,1461,2,-1,-1,1,-1
2015215001823,1,9,0,18,0,8,0,0,0,0,1,1,6,1,23,5,1497,8,4,-1,1,-1
2015215001823,2,9,0,9,0,5,0,0,0,0,4,1,6,2,60,9,1086,1,8,-1,1,-1
2015215001831,1,9,0,3,0,0,0,0,0,0,2,1,6,2,31,6,1997,1,9,-1,2,-1
2015215001831,2,19,0,3,0,0,0,0,0,0,2,1,6,1,40,7,1560,2,5,-1,1,-1
2015215001831,3,9,0,18,0,0,0,0,0,0,1,1,6,1,47,8,1596,1,13,-1,1,-1
2015215001833,1,9,0,17,0,0,1,0,1,7,1,1,6,2,24,5,-1,-1,-1,-1,1,-1
2015215001835,1,19,0,18,0,1,0,0,0,0,1,1,1,1,41,7,2198,2,1,-1,1,-1
2015215001835,2,9,0,3,0,1,0,0,0,0,2,1,1,1,29,6,-1,-1,-1,-1,1,-1
2015215001843,1,8,0,7,0,5,0,0,0,0,4,1,1,1,53,8,1896,2,8,-1,1,-1
2015215001843,2,1,0,18,0,8,0,0,0,0,1,1,6,1,-1,-1,-1,-1,-1,-1,1,-1
2015215001844,1,9,0,7,0,8,0,0,0,0,0,1,6,1,77,11,1995,2,2,-1,3,-1
2015215001845,1,9,0,6,8,0,0,0,0,0,3,1,6,1,61,9,1597,2,1,-1,1,-1
2015215001845,2,19,0,16,0,0,0,0,0,0,1,1,1,1,44,7,2198,2,4,-1,1,-1
2015215001846,1,9,0,18,0,1,0,0,0,0,1,1,2,1,18,4,1198,1,5,-1,1,-1
2015215001846,2,9,0,3,0,1,0,0,0,0,2,1,6,1,56,9,1798,1,8,-1,2,-1
2015215001847,1,9,0,4,0,3,0,0,0,0,2,1,6,1,-1,-1,1124,1,11,-1,-1,-1
2015215001847,2,19,0,4,0,3,0,0,0,0,1,1,1,1,36,7,2198,2,2,-1,1,-1
2015215001847,3,9,0,4,0,3,1,0,0,0,1,1,6,1,44,7,-1,-1,-1,-1,1,-1
2015215001847,4,9,0,4,0,3,0,0,0,0,2,1,6,1,-1,-1,-1,-1,-1,-1,-1,-1
2015215001848,1,9,0,7,0,6,0,0,0,0,3,1,6,1,21,5,1995,2,1,-1,1,-1
2015215001848,2,9,0,18,0,8,0,0,0,0,1,1,6,2,68,10,1368,1,6,-1,1,-1
2015215001855,1,9,0,17,0,1,0,0,0,0,1,1,6,2,37,7,1388,1,8,-1,1,-1
2015215001855,2,9,0,3,0,1,0,0,0,0,2,1,6,2,35,6,1598,2,3,-1,1,-1
2015215001855,3,9,0,3,0,1,0,0,0,0,2,1,6,1,22,5,1198,1,11,-1,1,-1
2015215001855,4,9,0,9,0,5,0,0,0,0,0,1,5,3,-1,-1,-1,-1,-1,-1,-1,-1
2015215001860,1,9,0,18,0,2,0,0,0,0,4,1,3,2,41,7,1910,2,10,-1,1,-1
2015215001862,1,9,0,9,0,5,0,0,0,0,4,1,6,2,87,11,1341,1,12,-1,1,-1
2015215001862,2,9,0,18,0,8,0,0,0,0,1,1,3,1,26,6,1329,1,5,-1,1,-1
2015215001867,1,9,0,18,0,1,0,9,7,1,1,1,1,1,37,7,1598,1,11,-1,1,-1
2015215001868,1,9,0,18,0,1,0,0,0,0,1,1,6,1,20,4,1149,1,9,-1,1,-1
2015215001868,2,9,0,3,0,1,0,0,0,0,2,1,6,2,30,6,1796,1,4,-1,1,-1
2015215001869,1,9,0,7,0,2,0,6,8,10,1,1,1,2,29,6,599,1,13,-1,1,-1
2015215001872,1,9,0,9,0,5,0,0,0,0,3,1,6,3,-1,-1,-1,-1,-1,-1,-1,-1
2015215001872,2,1,0,10,0,1,0,0,0,0,1,1,2,2,42,7,-1,-1,-1,-1,1,-1
2015215001875,1,19,0,18,0,8,0,0,0,0,1,1,1,1,37,7,2143,2,1,-1,1,-1
2015215001875,2,9,0,18,0,8,0,0,0,0,1,1,5,1,37,7,1598,2,1,-1,1,-1
2015215001875,3,9,0,18,0,8,0,0,0,0,2,1,6,1,48,8,1461,2,2,-1,1,-1
2015215001875,4,9,0,18,0,8,0,0,0,0,2,1,5,2,51,8,1686,2,1,-1,2,-1
2015215001875,5,9,0,18,0,8,0,0,0,0,1,1,6,1,44,7,1956,2,2,-1,2,-1
2015215001875,6,9,0,18,0,8,0,0,0,0,2,1,6,2,26,6,1984,1,1,-1,3,-1
2015215001875,7,9,0,1,0,8,0,0,0,0,0,1,6,1,29,6,2993,2,10,-1,-1,-1
2015215001875,8,9,0,18,0,8,0,0,0,0,4,1,6,1,45,7,1968,2,1,-1,-1,-1
2015215001876,1,9,0,16,0,8,0,0,0,0,1,1,6,3,-1,-1,-1,-1,-1,-1,-1,-1
2015215001876,2,9,0,18,0,8,0,0,0,0,2,1,6,1,43,7,1896,2,5,-1,1,-1
2015215001878,1,9,0,18,0,2,0,0,0,0,1,1,2,1,30,6,1905,2,19,-1,-1,-1
2015215001878,2,19,0,4,0,2,0,0,0,0,1,1,1,1,37,7,1248,2,4,-1,1,-1
2015215001878,3,9,0,4,0,2,0,0,0,0,0,1,1,1,-1,-1,-1,-1,-1,-1,1,-1
2015215001879,1,9,0,18,0,2,0,0,0,0,1,1,5,1,63,9,2830,2,18,-1,1,-1
2015215001879,2,9,0,5,0,2,0,0,0,0,2,1,5,1,36,7,2000,2,15,-1,1,-1
2015215001886,1,9,0,18,0,0,0,0,0,0,1,1,6,1,20,4,998,1,5,-1,-1,-1
2015215001886,2,9,0,4,0,0,0,0,0,0,2,1,6,1,27,6,-1,-1,-1,-1,-1,-1
2015215001889,1,10,0,18,0,0,0,0,1,10,2,1,6,1,43,7,-1,-1,-1,-1,1,-1
2015215001889,2,9,0,18,0,0,5,0,0,0,1,1,5,1,33,6,1988,2,12,-1,1,-1
2015215001892,1,9,0,16,0,0,0,0,7,0,3,1,5,1,55,8,-1,-1,-1,-1,3,-1
2015215001896,1,21,0,11,0,0,0,0,0,0,4,1,1,1,41,7,8710,2,-1,-1,1,-1
2015215001896,2,9,0,18,0,0,0,2,0,0,3,1,1,1,53,8,1968,2,-1,-1,-1,-1
2015215001897,1,9,0,7,0,8,0,0,0,0,1,1,5,1,19,4,998,1,8,-1,1,-1
2015215001905,1,9,0,5,0,4,0,0,0,0,1,1,2,1,59,9,1686,2,13,-1,1,-1
2015215001905,2,9,0,18,0,8,0,0,0,0,4,1,2,2,23,5,1328,1,9,-1,1,-1
2015215001907,1,9,0,5,0,1,0,0,0,0,1,1,5,2,25,5,1968,2,6,-1,1,-1
2015215001907,2,9,0,4,0,1,0,0,0,0,2,1,5,2,39,7,1995,2,2,-1,3,-1
2015215001910,1,9,0,13,0,0,0,0,0,0,4,1,6,1,25,5,1896,2,14,-1,1,-1
2015215001910,2,9,0,18,0,0,0,0,0,0,3,1,5,1,32,6,1596,1,-1,-1,1,-1
2015215001910,3,9,0,18,0,0,0,0,0,0,1,1,6,1,70,10,-1,-1,-1,-1,1,-1
2015215001910,4,9,0,18,0,0,0,0,0,0,3,1,5,1,42,7,-1,-1,-1,-1,1,-1
2015215001911,1,9,0,7,0,5,0,0,7,7,3,1,6,1,67,10,1895,1,16,-1,1,-1
2015215001912,1,19,0,18,0,1,0,0,0,0,1,1,1,1,23,5,2143,2,2,-1,-1,-1
2015215001912,2,9,0,3,0,1,0,0,0,0,2,1,5,1,45,7,1794,1,12,-1,2,-1
2015215001914,1,9,0,5,0,4,0,0,0,0,4,1,1,1,20,4,1999,1,9,-1,1,-1
2015215001914,2,19,0,18,0,8,0,0,0,0,1,1,1,1,55,8,1461,2,12,-1,1,-1
2015215001916,1,9,0,17,0,0,0,10,1,7,4,1,6,2,53,8,1596,1,9,-1,1,-1
2015215001916,2,9,0,11,0,0,0,0,0,0,4,1,6,1,44,7,1329,1,-1,-1,1,-1
2015215001917,1,9,0,18,0,1,0,0,0,0,1,1,6,1,80,11,1240,1,9,-1,1,-1
2015215001917,2,9,0,3,0,1,0,0,0,0,2,1,6,2,54,8,1588,1,12,-1,1,-1
2015215001917,3,9,0,3,0,1,0,0,0,0,2,1,6,2,39,7,1598,2,1,-1,1,-1
2015215001929,1,9,0,17,0,2,0,0,0,0,1,1,2,1,42,7,1796,7,10,-1,1,-1
2015215001930,1,9,0,2,0,2,0,0,0,0,2,1,2,1,44,7,1598,1,11,-1,1,-1
2015215001930,2,1,0,18,0,2,0,0,0,0,1,1,1,1,44,7,-1,-1,-1,-1,1,-1
2015215001933,1,9,0,9,0,5,0,0,0,0,1,1,5,1,67,10,-1,-1,-1,-1,1,-1
2015215001933,2,5,0,13,0,8,0,0,0,0,4,1,6,1,45,7,999,1,3,-1,3,-1
2015215001935,1,9,0,18,0,0,1,0,0,0,1,1,6,2,55,8,1328,1,12,-1,1,-1
2015215001935,2,20,0,4,0,0,0,0,0,0,2,1,1,1,58,9,12000,2,12,-1,1,-1
2015215001938,1,9,0,7,0,6,0,0,0,0,1,1,6,3,-1,-1,1596,1,4,-1,-1,-1
2015215001938,2,1,0,18,0,8,0,0,0,0,4,1,1,1,30,6,-1,-1,-1,-1,1,-1
2015215001940,1,9,0,18,0,0,0,0,0,0,1,1,5,1,53,8,1598,1,8,-1,1,-1
2015215001941,1,3,0,18,0,3,0,0,0,0,4,1,6,1,20,4,124,1,-1,-1,-1,-1
2015215001941,2,9,0,18,0,8,0,0,0,0,1,1,6,2,66,10,1108,1,5,-1,1,-1
2015215001942,1,9,0,18,0,8,0,0,0,0,3,1,5,1,35,6,1390,1,13,-1,1,-1
2015215001942,2,1,0,18,0,8,0,0,0,0,4,1,5,2,13,3,-1,-1,-1,-1,1,-1
2015215001943,1,9,0,18,0,0,0,0,0,0,1,1,6,2,28,6,1560,2,2,-1,1,-1
2015215001945,1,9,0,18,0,8,0,0,0,0,1,1,6,2,-1,-1,2000,2,8,-1,-1,-1
2015215001945,2,17,0,2,0,8,0,0,0,0,3,1,5,1,38,7,493,1,2,-1,3,-1
2015215001946,1,9,0,9,0,6,0,0,0,0,3,1,6,2,50,8,1086,1,6,-1,1,-1
2015215001946,2,9,0,18,0,8,0,0,0,0,1,1,3,2,51,8,1998,1,17,-1,1,-1
2015215001947,1,9,0,18,0,5,0,0,0,0,1,1,6,2,17,4,996,1,1,-1,3,-1
2015215001947,2,9,0,9,0,5,0,0,0,0,2,1,6,2,33,6,999,1,7,-1,1,-1
2015215001952,1,9,0,9,0,8,0,0,0,0,3,1,1,2,52,8,-1,-1,-1,-1,1,-1
2015215001952,2,1,0,9,0,8,0,0,0,0,4,1,5,2,24,5,-1,-1,-1,-1,1,-1
2015215001953,1,19,0,18,0,0,2,0,2,7,4,1,6,1,51,8,-1,-1,-1,-1,1,-1
2015215001954,1,9,0,11,0,0,0,0,0,0,1,1,5,1,40,7,2996,1,4,-1,1,-1
2015215001955,1,9,0,5,0,6,0,0,0,0,1,1,6,1,19,4,-1,-1,-1,-1,-1,-1
2015215001955,2,5,0,18,0,8,0,0,0,0,4,1,5,1,40,7,1137,1,11,-1,1,-1
2015215001956,1,9,0,9,0,8,0,0,0,0,4,1,6,2,19,4,998,1,7,-1,-1,-1
2015215001956,2,9,0,9,0,8,0,0,0,0,1,1,5,2,17,4,1108,1,12,-1,2,-1
2015215001958,1,9,0,1,0,6,0,0,0,0,2,1,5,1,70,10,1149,1,10,-1,-1,-1
2015215001958,2,2,0,9,0,8,0,0,0,0,1,1,2,2,68,10,-1,-1,-1,-1,1,-1
2015215001959,1,3,0,18,0,8,0,0,0,0,4,1,5,1,17,4,124,1,-1,-1,1,-1
2015215001959,2,9,0,3,0,5,0,6,0,0,1,1,5,2,54,8,1956,2,4,-1,1,-1
2015215001960,1,9,0,18,0,0,0,0,0,0,1,1,1,1,61,9,1686,2,6,-1,1,-1
2015215001960,2,9,0,18,0,0,0,0,0,0,1,1,6,1,61,9,2993,2,1,-1,1,-1
2015215001960,3,9,0,18,0,0,0,0,0,0,1,1,6,2,25,5,1956,2,4,-1,1,-1
2015215001961,1,9,0,18,0,8,0,0,0,0,1,1,5,1,68,10,1991,2,6,-1,-1,-1
2015215001961,2,9,0,7,0,8,0,0,0,0,1,1,6,2,50,8,1197,1,1,-1,3,-1
2015215001963,1,9,0,13,0,0,0,0,0,0,4,1,2,1,22,5,1398,1,4,-1,3,-1
2015215001963,2,1,0,18,0,0,0,0,0,0,3,1,2,1,37,7,-1,-1,-1,-1,3,-1
2015215001965,1,9,0,18,0,0,0,0,0,0,3,1,5,1,79,11,2148,2,6,-1,1,-1
2015215001965,2,9,0,18,0,0,0,0,0,0,3,1,6,1,37,7,1598,2,2,-1,1,-1
2015215001967,1,19,0,9,0,5,5,0,0,0,4,1,5,1,83,11,-1,-1,-1,-1,1,-1
2015215001967,2,9,0,18,0,8,0,0,0,0,1,1,1,1,41,7,1461,2,6,-1,3,-1
2015215001968,1,9,0,18,0,0,0,0,0,0,3,1,6,1,81,11,1240,1,6,-1,2,-1