Accident_Index,Vehicle_Reference,Vehicle_Type,Towing_and_Articulation,Vehicle_Manoeuvre,Vehicle_Location-Restricted_Lane,Junction_Location,Skidding_and_Overturning,Hit_Object_in_Carriageway,Vehicle_Leaving_Carriageway,Hit_Object_off_Carriageway,1st_Point_of_Impact,Was_Vehicle_Left_Hand_Drive?,Journey_Purpose_of_Driver,Sex_of_Driver,Age_of_Driver,Age_Band_of_Driver,Engine_Capacity_(CC),Propulsion_Code,Age_of_Vehicle,Driver_IMD_Decile,Driver_Home_Area_Type,Vehicle_IMD_Decile
2015220033046,1,9,0,13,0,0,1,0,0,0,3,1,6,2,17,4,1299,1,11,-1,1,-1
2015220033046,2,9,0,18,0,0,1,0,1,0,3,1,6,1,45,7,-1,-1,-1,-1,1,-1
2015220033077,1,9,0,18,0,1,0,0,0,0,1,1,6,3,25,5,-1,-1,-1,-1,-1,-1
2015220033117,1,9,0,18,0,8,0,0,1,0,1,1,6,1,45,7,2902,2,11,-1,3,-1
2015220033117,2,9,0,4,0,8,0,0,0,0,2,1,6,2,40,7,1598,1,5,-1,3,-1
2015220033117,3,9,0,10,0,8,0,0,0,0,2,1,6,1,49,8,1956,2,1,-1,1,-1
2015220033146,1,9,0,4,9,0,0,0,0,0,1,1,6,1,33,6,-1,-1,-1,-1,-1,-1
2015220033146,2,1,0,4,9,0,0,0,0,0,2,1,5,1,15,3,-1,-1,-1,-1,1,-1
2015220033154,1,9,0,18,0,3,2,0,0,0,2,1,6,1,18,4,-1,-1,-1,-1,-1,-1
2015220033154,2,9,0,12,0,8,0,0,0,0,1,1,6,2,72,10,1248,1,3,-1,3,-1
2015220033158,1,98,0,18,0,2,0,0,0,0,0,1,1,1,54,8,2402,2,9,-1,-1,-1
2015220033158,2,98,0,18,0,1,0,0,0,0,1,1,1,1,62,9,-1,-1,-1,-1,1,-1
2015220033161,1,9,0,18,0,2,0,0,0,0,1,1,6,1,23,5,-1,-1,-1,-1,-1,-1
2015220033161,2,9,0,3,0,2,0,0,0,0,2,1,6,1,54,8,1598,1,5,-1,1,-1
2015220033172,1,9,0,18,0,0,0,0,1,4,1,1,6,1,36,7,1461,2,14,-1,2,-1
2015220033172,2,21,1,18,0,0,0,0,7,4,1,1,1,1,29,6,12900,2,8,-1,1,-1
2015220033187,1,9,0,18,0,1,0,0,0,0,1,1,6,3,35,6,1896,2,13,-1,-1,-1
2015220033187,2,9,0,18,0,1,5,0,0,0,2,1,6,1,69,10,1240,1,5,-1,1,-1
2015220033305,1,3,0,18,0,0,0,0,0,0,1,1,5,1,20,4,124,1,12,-1,1,-1
2015220033305,2,9,0,6,0,0,0,0,0,0,1,1,6,2,33,6,-1,-1,-1,-1,2,-1
2015220033355,1,9,0,13,0,0,0,0,1,9,1,1,5,1,20,4,2172,2,12,-1,1,-1
2015220033355,2,9,0,18,0,0,0,0,0,0,1,1,2,1,39,7,1968,2,5,-1,-1,-1
2015220033368,1,9,0,13,0,0,0,0,0,0,4,1,6,1,32,6,1582,2,7,-1,-1,-1
2015220033368,2,9,0,18,0,0,0,0,0,0,3,1,2,2,47,8,1968,2,2,-1,1,-1
2015220033371,1,9,0,17,0,0,0,0,1,10,4,1,2,2,27,6,1997,2,14,-1,2,-1
2015220033371,2,11,0,16,0,0,0,0,0,0,0,1,1,3,45,7,12000,2,11,-1,-1,-1
2015220033440,1,2,0,18,0,1,1,10,1,0,1,1,6,1,16,4,49,1,8,-1,1,-1
2015220033515,1,9,5,18,0,0,0,11,7,10,1,1,2,2,37,7,1332,1,6,-1,3,-1
2015220033515,2,98,0,18,0,0,0,0,0,0,0,1,6,3,44,7,-1,-1,-1,-1,-1,-1
2015220033545,1,9,0,9,0,5,0,0,0,0,1,1,6,2,55,8,996,1,1,-1,-1,-1
2015220033545,2,1,0,18,0,8,0,0,0,0,1,1,6,1,27,6,-1,-1,-1,-1,1,-1
2015220033859,1,9,0,9,0,6,0,0,0,0,3,1,6,2,43,7,1598,1,11,-1,2,-1
2015220033859,2,5,0,18,0,8,0,0,0,0,1,1,1,1,50,8,1000,1,-1,-1,3,-1
2015220033954,1,5,0,17,0,0,1,10,2,10,1,1,2,1,23,5,998,1,9,-1,2,-1
2015220034027,1,9,0,9,0,6,0,0,0,0,1,1,6,2,79,11,1198,1,10,-1,3,-1
2015220034027,2,2,0,18,0,8,0,0,0,0,3,1,6,1,19,4,49,1,7,-1,1,-1
2015220034155,1,9,0,18,0,0,0,0,1,0,1,1,2,1,19,4,-1,-1,-1,-1,-1,-1
2015220034155,2,20,0,18,0,0,0,0,7,4,1,1,1,1,51,8,4461,2,7,-1,1,-1
2015220034155,3,9,0,18,0,0,0,0,0,0,1,1,2,2,31,6,1796,1,7,-1,-1,-1
2015220034155,4,9,0,18,0,0,0,0,0,0,3,1,6,2,51,8,1586,1,7,-1,3,-1
2015220034224,1,9,0,16,0,0,0,0,0,0,1,1,1,2,42,7,998,1,-1,-1,1,-1
2015220034224,2,98,0,17,0,0,0,0,0,0,1,1,1,1,35,6,2299,2,3,-1,1,-1
2015220034224,3,9,0,16,0,0,0,0,0,0,1,1,1,1,60,9,2969,2,10,-1,1,-1
2015220034370,1,9,0,13,0,0,0,0,1,10,1,1,5,1,22,5,2993,2,5,-1,1,-1
2015220034370,2,9,0,18,0,0,0,0,1,10,2,1,5,1,30,6,1968,2,7,-1,1,-1
2015220034373,1,90,0,18,0,0,0,4,0,0,4,1,1,3,44,7,5883,2,9,-1,-1,-1
2015220034373,2,9,0,2,0,0,0,0,0,0,4,1,5,2,41,7,1560,2,4,-1,2,-1
2015220034383,1,9,0,18,0,0,0,4,0,0,1,1,5,2,21,5,-1,-1,-1,-1,3,-1
2015220034383,2,3,0,2,0,0,0,4,0,0,2,1,5,1,33,6,124,1,6,-1,1,-1
2015220034383,3,9,0,2,0,0,0,4,0,0,2,1,5,2,31,6,-1,-1,-1,-1,3,-1
2015220034383,4,9,0,18,0,0,0,0,0,0,1,1,5,1,65,9,1560,2,5,-1,3,-1
2015220034386,1,9,0,9,0,8,0,0,0,0,1,1,6,2,29,6,1995,2,10,-1,1,-1
2015220034386,2,9,0,10,0,8,0,0,0,0,2,1,2,2,27,6,1242,1,8,-1,1,-1
2015220034400,1,98,0,18,0,0,0,0,0,0,4,1,1,3,48,8,-1,-1,-1,-1,-1,-1
2015220034467,1,5,0,16,0,8,1,0,1,1,1,1,5,1,22,5,-1,-1,-1,-1,1,-1
2015220034467,2,9,0,10,0,8,0,0,0,0,2,1,5,2,29,6,-1,-1,-1,-1,3,-1
2015220034504,1,9,0,16,0,0,1,0,0,0,1,1,1,1,45,7,1686,2,2,-1,1,-1
2015220034504,2,21,0,17,0,0,0,0,0,0,1,1,1,1,56,9,10518,2,3,-1,-1,-1
2015220034504,3,9,0,16,0,0,0,0,0,0,1,1,5,2,27,6,1149,1,15,-1,2,-1
2015220034516,1,9,0,9,0,6,0,0,0,0,3,1,5,1,57,9,2179,2,4,-1,3,-1
2015220034516,2,1,0,17,0,8,0,10,1,0,1,1,5,1,53,8,-1,-1,-1,-1,2,-1
2015220034524,1,9,0,17,0,0,0,0,0,0,1,1,6,3,34,6,-1,-1,-1,-1,-1,-1
2015220034524,2,9,0,17,0,0,0,0,1,10,2,1,5,1,19,4,-1,-1,-1,-1,3,-1
2015220034608,1,8,0,18,0,0,0,0,0,0,1,1,1,1,-1,-1,-1,-1,-1,-1,1,-1
2015220034628,1,9,0,18,0,0,0,0,0,0,1,1,5,1,36,7,1396,1,5,-1,1,-1
2015220034628,2,9,0,18,0,0,0,0,0,0,1,1,5,1,36,7,1796,1,13,-1,1,-1
2015220034652,1,9,0,5,0,8,0,0,0,0,2,1,5,1,50,8,1685,2,-1,-1,1,-1
2015220034652,2,9,0,5,0,8,0,0,0,0,2,1,5,1,20,4,998,1,13,-1,1,-1
2015220034652,3,9,0,18,0,8,0,0,0,0,1,1,6,3,32,6,-1,-1,-1,-1,-1,-1
2015220034660,1,9,0,18,0,0,0,0,0,0,1,1,5,2,66,10,1086,1,11,-1,3,-1
2015220034660,2,9,0,18,0,0,0,0,0,0,1,1,5,1,24,5,1229,1,8,-1,1,-1
2015220034670,1,9,0,17,0,3,0,0,0,0,1,1,6,1,77,11,2164,1,23,-1,1,-1
2015220034670,2,1,0,17,0,3,0,0,0,0,4,1,2,1,30,6,-1,-1,-1,-1,1,-1
2015220034692,1,9,0,16,0,0,0,0,7,0,1,1,5,1,21,5,1994,1,14,-1,3,-1
2015220034692,2,98,1,17,0,0,0,0,0,0,1,1,1,1,37,7,-1,-1,-1,-1,-1,-1
2015220034709,1,9,0,17,0,0,5,0,7,10,1,1,5,2,78,11,1242,1,1,-1,-1,-1
2015220034738,1,9,0,17,0,0,0,0,0,0,0,1,6,3,33,6,-1,-1,-1,-1,-1,-1
2015220034738,2,2,0,16,0,0,1,0,1,0,4,1,2,2,16,4,49,1,-1,-1,1,-1
2015220034785,1,9,0,16,0,0,1,0,0,0,1,1,2,1,30,6,1968,2,-1,-1,2,-1
2015220034785,2,9,0,17,0,0,0,0,0,0,1,1,2,1,73,10,1560,2,3,-1,2,-1
2015220034806,1,98,0,18,0,0,5,0,7,0,1,1,6,1,25,5,1686,2,6,-1,3,-1
2015220034806,2,9,0,18,0,0,0,0,1,1,2,1,2,1,55,8,998,1,1,-1,1,-1
2015220034810,1,9,0,17,0,8,0,0,0,0,1,1,5,2,78,11,1497,8,-1,-1,3,-1
2015220034810,2,9,0,16,0,8,0,0,0,0,1,1,5,2,18,4,1229,1,10,-1,1,-1
2015220034830,1,9,0,13,0,0,0,0,0,0,0,1,6,3,26,6,-1,-1,-1,-1,-1,-1
2015220034830,2,9,0,18,0,0,2,0,0,0,4,1,1,1,37,7,1988,1,14,-1,1,-1
2015220034830,3,9,0,18,0,0,1,0,1,0,1,1,1,2,28,6,1599,1,9,-1,1,-1
2015220034956,1,98,0,9,0,4,0,0,0,0,1,1,2,1,31,6,1753,2,9,-1,1,-1
2015220034956,2,1,0,18,0,3,0,0,0,0,4,1,2,1,46,8,-1,-1,-1,-1,1,-1
2015220035004,1,21,0,14,0,0,0,10,0,0,3,1,1,1,37,7,12902,2,-1,-1,1,-1
2015220035004,2,9,0,3,0,0,0,0,0,0,3,1,2,2,34,6,1799,1,8,-1,1,-1
2015220035086,1,10,0,10,0,8,0,0,0,0,1,1,1,2,63,9,-1,-1,-1,-1,1,-1
2015220035086,2,97,0,18,0,8,0,0,0,0,1,1,5,1,19,4,125,1,7,-1,1,-1
2015220035106,1,9,0,11,0,3,0,0,0,0,4,1,6,2,78,11,1199,1,13,-1,-1,-1
2015220035106,2,9,0,18,0,3,0,0,0,0,3,1,5,2,50,8,1229,1,1,-1,1,-1
2015220035118,1,9,0,18,0,0,1,0,0,0,1,1,5,2,35,6,1398,1,3,-1,2,-1
2015220035175,1,90,0,18,0,0,5,0,1,0,4,2,1,1,31,6,11950,2,7,-1,1,-1
2015220035189,1,9,0,18,0,0,0,0,0,0,1,1,6,1,81,11,1461,2,5,-1,1,-1
2015220035189,2,9,0,18,0,0,0,0,1,0,1,1,2,2,44,7,-1,-1,-1,-1,3,-1
2015220035241,1,8,0,18,0,6,0,0,0,0,3,1,1,1,51,8,-1,-1,-1,-1,1,-1
2015220035241,2,1,0,17,0,8,0,0,0,0,4,1,2,1,31,6,-1,-1,-1,-1,1,-1
2015220035426,1,9,0,18,0,1,0,0,0,0,1,1,5,1,81,11,1248,2,3,-1,1,-1
2015220035426,2,9,0,18,0,2,0,0,0,0,1,1,5,2,23,5,1248,2,4,-1,1,-1
2015220035445,1,9,0,18,0,8,0,10,7,10,1,1,5,1,70,10,1796,1,7,-1,2,-1
2015220035445,2,9,0,2,9,2,0,0,0,0,1,1,6,1,34,6,1586,1,-1,-1,2,-1
2015220035451,1,9,4,5,0,0,0,0,0,0,1,1,1,1,59,9,1951,2,14,-1,1,-1
2015220035451,2,9,4,2,0,0,0,0,0,0,0,1,6,3,40,7,-1,-1,-1,-1,-1,-1
2015220035458,1,9,0,1,0,0,0,0,0,0,2,1,6,2,28,6,1598,1,11,-1,3,-1
2015220035458,2,9,0,7,0,0,0,0,0,0,3,1,2,2,25,5,-1,-1,-1,-1,1,-1
2015220035573,1,9,0,15,0,4,0,0,0,0,3,1,6,3,42,7,-1,-1,-1,-1,-1,-1
2015220035573,2,3,0,18,0,4,0,0,0,0,4,1,2,1,54,8,124,1,3,-1,1,-1
2015220035582,1,9,0,18,0,0,0,0,0,0,1,1,5,1,72,10,1956,2,5,-1,1,-1
2015220035582,2,9,0,3,0,0,0,0,0,0,2,1,2,2,23,5,1299,1,14,-1,1,-1
2015220035599,1,9,0,17,0,2,0,0,1,3,1,1,5,1,43,7,2926,2,12,-1,3,-1
2015220035599,2,9,0,17,0,1,0,0,0,0,0,1,1,1,33,6,-1,-1,-1,-1,1,-1
2015220035627,1,9,0,5,9,1,0,0,0,0,4,1,3,2,42,7,999,1,1,-1,-1,-1
2015220035720,1,5,0,18,0,8,0,0,0,0,1,1,5,1,40,7,988,1,11,-1,1,-1
2015220035720,2,9,0,18,0,8,0,0,0,0,1,1,2,2,33,6,-1,-1,-1,-1,1,-1
2015220035720,3,9,0,3,0,8,0,0,0,0,2,1,2,2,57,9,1242,1,17,-1,-1,-1
2015220035720,4,5,0,10,0,8,0,0,0,0,0,1,2,1,24,5,-1,-1,-1,-1,2,-1
2015220035731,1,9,0,18,0,8,0,0,0,0,1,1,6,3,52,8,1398,2,12,-1,-1,-1
2015220035731,2,9,0,4,0,8,1,0,0,0,2,1,5,1,21,5,1199,1,10,-1,1,-1
2015220035752,1,9,0,18,0,4,0,0,0,0,1,1,2,2,52,8,1493,2,9,-1,3,-1
2015220035752,2,9,0,4,0,1,0,0,0,0,2,1,2,2,28,6,1242,1,9,-1,1,-1
2015220035779,1,9,0,2,0,0,0,0,0,0,3,1,1,1,42,7,1598,2,1,-1,3,-1
2015220035920,1,9,0,16,0,8,0,0,0,0,1,1,6,3,32,6,-1,-1,-1,-1,-1,-1
2015220035920,2,9,0,10,0,8,0,0,0,0,2,1,3,2,26,6,1149,1,16,-1,-1,-1
2015220035930,1,9,0,4,0,1,0,0,0,0,1,1,5,2,20,4,1995,2,2,-1,3,-1
2015220035930,2,9,0,4,0,1,0,0,0,0,2,1,5,2,46,8,-1,-1,-1,-1,1,-1
2015220035930,3,9,0,4,0,1,0,0,0,0,2,1,5,1,41,7,1596,1,11,-1,1,-1
2015220035936,1,98,0,9,0,4,0,0,0,0,3,1,1,1,34,6,-1,-1,-1,-1,-1,-1
2015220035936,2,1,0,9,0,8,0,0,0,0,4,1,5,1,51,8,-1,-1,-1,-1,1,-1
2015220035938,1,9,0,4,0,0,0,0,0,0,0,1,6,1,31,6,-1,-1,-1,-1,-1,-1
2015220035938,2,1,0,14,0,0,0,0,0,0,3,1,5,1,18,4,-1,-1,-1,-1,2,-1
2015220036039,1,9,0,9,0,4,0,0,0,0,1,1,2,1,57,9,2959,2,11,-1,3,-1
2015220036039,2,1,0,9,0,3,0,0,0,0,4,1,5,1,29,6,-1,-1,-1,-1,1,-1
2015220036082,1,9,0,9,0,5,0,0,0,0,1,1,6,2,38,7,1388,1,4,-1,1,-1
2015220036082,2,1,0,18,0,8,0,0,0,0,2,1,5,1,37,7,-1,-1,-1,-1,1,-1
2015220036225,1,9,0,14,0,0,0,0,0,0,1,1,5,1,32,6,1596,1,8,-1,3,-1
2015220036225,2,9,4,2,0,0,0,0,0,0,0,1,5,1,46,8,2179,2,5,-1,3,-1
2015220036269,1,9,0,4,0,0,0,0,0,0,1,1,5,2,30,6,1586,1,4,-1,1,-1
2015220036269,2,9,0,4,0,0,0,0,0,0,2,1,5,2,34,6,1388,1,6,-1,1,-1
2015220036282,1,9,0,9,0,5,0,0,0,0,4,1,6,3,32,6,-1,-1,-1,-1,-1,-1
2015220036282,2,3,0,16,0,8,0,0,0,0,1,1,2,1,25,5,125,1,-1,-1,2,-1
2015220036285,1,9,0,7,0,6,0,10,1,10,1,1,5,1,23,5,1199,1,13,-1,1,-1
2015220036285,2,11,0,14,0,8,0,0,0,0,1,1,1,1,39,7,3900,2,8,-1,1,-1
2015220036315,1,21,1,18,0,8,0,0,0,0,1,1,1,1,47,8,12777,2,5,-1,1,-1
2015220036315,2,98,0,10,0,8,0,0,0,0,2,1,1,1,49,8,1870,2,9,-1,1,-1
2015220036343,1,9,0,9,0,5,1,10,1,2,1,1,5,1,19,4,1198,1,12,-1,1,-1
2015220036415,1,9,0,14,0,8,0,0,0,0,1,1,5,1,34,6,-1,-1,-1,-1,3,-1
2015220036415,2,9,0,18,0,8,0,0,1,0,1,1,5,1,40,7,1598,1,12,-1,1,-1
2015220036422,1,9,0,13,0,0,0,0,0,0,1,1,5,1,19,4,998,1,13,-1,1,-1
2015220036422,2,9,0,13,0,0,0,0,0,0,2,1,5,1,53,8,2993,2,9,-1,1,-1
2015220036427,1,9,0,17,0,0,0,0,1,3,1,1,5,2,40,7,1753,2,11,-1,3,-1
2015220036453,1,9,0,16,0,0,0,0,1,0,4,1,2,2,23,5,1390,1,14,-1,3,-1
2015220036456,1,9,0,18,0,2,0,0,0,0,4,1,5,2,54,8,1242,1,11,-1,1,-1
2015220036457,1,9,0,13,0,0,0,0,0,0,1,1,5,1,30,6,-1,-1,-1,-1,3,-1
2015220036457,2,9,0,18,0,0,1,0,0,0,1,1,5,1,56,9,2987,2,3,-1,3,-1
2015220036462,1,9,0,5,0,6,0,0,0,0,4,1,5,2,74,10,1461,2,2,-1,3,-1
2015220036462,2,1,0,5,0,8,0,0,0,0,1,1,5,1,49,8,-1,-1,-1,-1,2,-1
2015220036485,1,9,0,7,0,6,0,0,0,0,1,1,5,1,60,9,1998,1,11,-1,1,-1
2015220036560,1,9,0,9,0,6,0,0,0,0,1,1,5,2,41,7,1586,1,-1,-1,1,-1
2015220036560,2,3,0,14,0,8,0,0,0,0,4,1,5,1,29,6,-1,-1,-1,-1,3,-1
2015220036580,1,98,0,17,0,0,0,0,0,0,1,1,1,1,51,8,2402,2,8,-1,3,-1
2015220036580,2,9,0,16,0,0,0,0,0,0,1,1,5,2,71,10,1796,1,8,-1,3,-1
2015220036593,1,9,0,5,0,4,0,0,0,0,1,1,2,1,48,8,1997,2,11,-1,-1,-1
2015220036593,2,1,0,18,0,8,0,0,0,0,2,1,2,1,55,8,-1,-1,-1,-1,1,-1
2015220036614,1,9,0,18,0,8,0,0,0,0,4,1,2,2,26,6,1499,2,-1,-1,1,-1
2015220036614,2,1,0,12,0,8,0,0,0,0,2,1,5,2,43,7,-1,-1,-1,-1,1,-1
2015220036827,1,9,0,5,0,1,0,0,0,0,1,1,6,1,30,6,1390,1,15,-1,3,-1
2015220036827,2,9,0,5,0,1,0,0,0,0,2,1,6,2,60,9,1995,2,12,-1,3,-1
2015220036843,1,9,0,18,0,6,1,0,0,0,1,1,5,1,21,5,1968,2,-1,-1,1,-1
2015220036843,2,9,0,18,0,8,0,0,0,0,3,1,5,1,51,8,2295,1,15,-1,1,-1
2015220036844,1,9,0,5,0,1,0,0,0,0,4,1,3,2,36,7,1560,2,8,-1,1,-1
2015220036844,2,9,0,7,0,6,0,0,0,0,1,1,3,2,65,9,1198,1,9,-1,1,-1
2015220036863,1,9,0,16,0,0,0,0,0,0,1,1,6,1,66,10,2793,1,16,-1,1,-1
2015220036870,1,9,0,18,0,1,0,0,0,0,1,1,6,2,67,10,1339,1,3,-1,3,-1
2015220036870,2,9,0,18,0,1,0,0,0,0,2,1,6,1,35,6,-1,-1,-1,-1,1,-1
2015220036870,3,9,0,18,0,1,0,0,0,0,2,1,6,2,37,7,1598,1,1,-1,-1,-1
2015220036883,1,9,0,18,0,0,5,10,2,2,4,1,6,2,64,9,1360,1,12,-1,1,-1
2015220036974,1,9,0,18,0,0,0,10,7,0,1,1,2,1,66,10,-1,-1,-1,-1,3,-1
2015220036974,2,9,4,18,0,0,0,10,1,0,1,1,2,1,47,8,-1,-1,-1,-1,3,-1
2015220037007,1,9,0,4,0,0,0,0,0,0,2,1,2,2,24,5,1598,2,1,-1,1,-1
2015220037007,2,9,0,18,0,0,0,0,0,0,1,1,6,1,29,6,2362,1,14,-1,1,-1
2015220037039,1,9,0,9,0,6,0,0,0,0,3,1,2,1,49,8,-1,-1,-1,-1,3,-1
2015220037039,2,3,0,18,0,1,0,0,0,0,1,1,2,1,20,4,125,1,2,-1,1,-1
2015220037048,1,9,0,9,0,6,0,0,0,0,1,1,1,2,28,6,1197,1,-1,-1,3,-1
2015220037048,2,3,0,16,0,8,0,0,0,0,1,1,2,1,30,6,125,1,-1,-1,1,-1
2015220037071,1,9,0,17,0,0,5,0,1,0,4,1,6,1,23,5,-1,-1,-1,-1,3,-1
2015220037105,1,98,0,18,0,4,0,0,0,0,1,1,1,3,34,6,-1,-1,-1,-1,-1,-1
2015220037105,2,1,0,9,0,3,0,0,0,0,2,1,6,2,34,6,-1,-1,-1,-1,1,-1
2015220037162,1,9,0,18,0,0,0,0,0,0,3,1,6,1,64,9,1598,2,-1,-1,1,-1
2015220037206,1,9,0,7,0,5,0,0,0,0,4,1,5,2,40,7,-1,-1,-1,-1,-1,-1
2015220037206,2,1,0,18,0,8,0,6,0,0,1,1,2,1,55,8,-1,-1,-1,-1,1,-1
2015220037211,1,9,0,5,0,6,0,0,0,0,3,1,6,2,45,7,1796,1,13,-1,1,-1
2015220037211,2,1,0,18,0,8,0,0,0,0,1,1,5,1,20,4,-1,-1,-1,-1,1,-1
2015220037224,1,9,0,17,0,0,0,0,1,9,1,1,5,2,61,9,-1,-1,-1,-1,3,-1
2015220037241,1,9,0,17,0,2,0,0,0,0,1,1,5,1,25,5,1896,2,14,-1,1,-1
2015220037241,2,9,0,16,0,1,0,0,0,0,1,1,5,1,72,10,1461,2,11,-1,1,-1
2015220037252,1,9,0,18,0,0,0,0,0,0,4,1,1,1,39,7,2993,2,1,-1,1,-1
2015220037252,2,9,0,6,0,0,0,0,0,0,3,1,1,1,40,7,2993,2,3,-1,1,-1
2015220037256,1,98,0,7,0,6,0,0,0,0,1,1,1,1,35,6,2198,2,-1,-1,1,-1
2015220037256,2,1,0,18,0,8,0,0,0,0,4,1,5,1,48,8,-1,-1,-1,-1,1,-1
2015220037258,1,9,0,5,0,4,0,0,0,0,1,1,5,2,28,6,1587,1,10,-1,1,-1
2015220037258,2,1,0,17,0,8,0,0,0,0,1,1,4,2,5,1,-1,-1,-1,-1,1,-1
2015220037286,1,2,0,17,0,0,1,0,0,0,1,1,2,1,39,7,50,1,3,-1,-1,-1
2015220037286,2,9,4,16,0,0,0,0,0,0,1,1,2,1,41,7,-1,-1,-1,-1,3,-1
2015220037291,1,98,0,1,0,1,0,0,0,0,4,1,6,1,35,6,-1,-1,-1,-1,-1,-1
2015220037293,1,9,0,18,0,4,0,0,0,0,1,1,6,3,26,6,-1,-1,-1,-1,-1,-1
2015220037293,2,9,0,3,0,1,0,0,0,0,2,1,5,1,54,8,1388,1,10,-1,-1,-1
2015220037296,1,98,1,9,0,6,0,0,0,0,2,1,1,1,42,7,12419,2,1,-1,1,-1
2015220037296,2,9,0,18,0,8,0,0,1,10,1,2,5,1,64,9,1995,2,3,-1,3,-1
2015220037305,1,9,0,9,0,5,0,0,0,0,1,1,1,1,46,8,1968,2,1,-1,-1,-1
2015220037305,2,9,0,18,0,1,0,0,0,0,1,1,1,2,45,7,1995,2,2,-1,3,-1
2015220037308,1,9,0,4,0,0,0,0,0,0,1,1,6,1,22,5,2521,1,9,-1,1,-1
2015220037336,1,9,0,18,0,4,0,0,0,0,1,1,5,1,31,6,1248,2,9,-1,1,-1
2015220037336,2,9,0,9,0,8,0,0,0,0,4,1,5,1,21,5,1360,1,6,-1,1,-1
2015220037356,1,9,0,18,0,0,0,0,7,6,1,1,5,1,29,6,1598,1,10,-1,1,-1
2015220037356,2,9,0,4,0,0,0,0,0,0,2,1,5,1,49,8,2616,1,10,-1,1,-1
2015220037356,3,9,0,3,0,0,0,0,0,0,2,1,5,1,74,10,1598,1,1,-1,1,-1
2015220037356,4,9,0,4,0,0,0,0,0,0,1,1,5,1,52,8,-1,-1,-1,-1,1,-1
2015220037356,5,98,0,3,0,0,0,0,0,0,2,1,1,1,20,4,-1,-1,-1,-1,-1,-1
2015220037356,6,9,0,3,0,0,0,0,0,0,2,1,5,1,38,7,2993,2,10,-1,2,-1
2015220037356,7,9,0,3,0,0,0,0,7,6,2,1,5,1,21,5,998,1,1,-1,1,-1
2015220037389,1,9,0,7,0,4,0,0,0,0,1,1,6,3,33,6,1997,2,-1,-1,-1,-1
2015220037389,2,9,0,5,0,4,0,0,0,0,2,1,5,1,51,8,1360,1,8,-1,1,-1
2015220037399,1,9,0,9,0,6,0,0,0,0,1,1,5,2,69,10,1339,1,1,-1,3,-1
2015220037399,2,9,0,18,0,8,0,0,7,0,2,1,5,1,49,8,1396,1,14,-1,1,-1
2015220037399,3,21,1,18,0,8,0,0,0,0,1,1,1,1,49,8,12780,2,9,-1,1,-1
2015220037403,1,9,0,4,0,0,0,0,0,0,1,1,6,1,51,8,1560,2,6,-1,-1,-1
2015220037403,2,9,0,3,0,0,0,0,0,0,2,1,5,1,49,8,1360,1,12,-1,3,-1
2015220037413,1,9,0,9,0,6,0,10,3,4,3,1,5,1,93,11,1339,1,10,-1,3,-1
2015220037413,2,19,0,18,0,8,0,10,7,4,1,1,5,1,31,6,1686,2,14,-1,1,-1
2015220037442,1,9,0,18,0,0,0,0,0,0,4,1,6,1,72,10,1497,1,11,-1,2,-1
2015220037457,1,8,0,16,0,2,0,0,0,0,1,1,1,1,38,7,-1,-1,-1,-1,1,-1
2015220037470,1,9,0,18,0,0,0,0,2,11,4,1,5,1,51,8,1149,1,14,-1,-1,-1
2015220037480,1,9,0,18,0,8,0,0,0,0,1,1,1,1,52,8,-1,-1,-1,-1,1,-1
2015220037480,2,9,0,9,0,5,0,7,0,0,4,1,2,1,52,8,-1,-1,-1,-1,1,-1
2015220037499,1,97,0,13,0,8,0,0,7,10,1,1,5,1,18,4,-1,-1,-1,-1,2,-1
2015220037499,2,9,0,9,0,5,0,0,0,0,3,1,5,1,18,4,1896,2,12,-1,2,-1
2015220037503,1,9,0,18,0,0,0,0,0,0,3,1,5,1,23,5,1242,1,12,-1,2,-1
2015220037503,2,9,0,18,0,0,0,0,0,0,3,1,2,2,56,9,2987,2,6,-1,3,-1
2015220037514,1,9,0,18,0,0,0,0,0,0,4,1,6,1,44,7,-1,-1,-1,-1,-1,-1
2015220037521,1,9,0,18,0,2,0,0,0,0,3,1,5,2,19,4,1299,1,13,-1,1,-1
2015220037521,2,9,0,4,0,1,0,0,0,0,3,1,5,1,32,6,1995,2,10,-1,3,-1
2015220037546,1,9,0,16,0,0,0,0,0,0,1,1,2,1,28,6,1396,1,19,-1,1,-1
2015220037548,1,21,1,18,0,0,1,0,0,0,1,1,1,1,39,7,10837,2,3,-1,1,-1
2015220037548,2,98,0,4,0,0,1,0,1,0,2,1,1,1,61,9,1248,2,7,-1,1,-1
2015220037572,1,3,0,18,0,8,1,0,0,0,1,1,1,1,19,4,115,1,-1,-1,-1,-1
2015220037572,2,3,0,18,0,8,1,0,0,0,4,1,5,2,20,4,124,1,9,-1,1,-1
2015220037590,1,9,0,9,0,5,0,0,0,0,1,1,5,2,20,4,1328,1,10,-1,1,-1
2015220037590,2,1,0,4,0,8,0,0,0,0,1,1,5,1,15,3,-1,-1,-1,-1,1,-1