Accident_Index,Vehicle_Reference,Vehicle_Type,Towing_and_Articulation,Vehicle_Manoeuvre,Vehicle_Location-Restricted_Lane,Junction_Location,Skidding_and_Overturning,Hit_Object_in_Carriageway,Vehicle_Leaving_Carriageway,Hit_Object_off_Carriageway,1st_Point_of_Impact,Was_Vehicle_Left_Hand_Drive?,Journey_Purpose_of_Driver,Sex_of_Driver,Age_of_Driver,Age_Band_of_Driver,Engine_Capacity_(CC),Propulsion_Code,Age_of_Vehicle,Driver_IMD_Decile,Driver_Home_Area_Type,Vehicle_IMD_Decile
201522C502432,3,9,0,3,0,1,0,0,0,0,2,1,6,2,56,9,1995,2,12,-1,-1,-1
201522C502434,1,9,0,18,0,8,0,10,1,0,1,1,6,1,21,5,1995,2,10,-1,1,-1
201522C502434,2,8,0,9,0,5,0,0,0,0,2,1,1,2,59,9,2143,2,3,-1,1,-1
201522C502436,1,1,0,9,0,8,0,0,0,0,4,1,2,1,32,6,-1,-1,-1,-1,1,-1
201522C502436,2,9,0,18,0,4,0,0,0,0,3,1,2,1,55,8,1242,1,-1,-1,-1,-1
201522C502440,1,9,0,4,0,0,0,0,0,0,2,1,6,1,60,9,5000,1,2,-1,1,-1
201522C502440,2,5,0,4,0,0,1,0,0,0,3,1,6,1,51,8,999,1,1,-1,1,-1
201522C502441,1,9,0,18,0,0,0,0,0,0,3,1,6,1,17,4,1229,1,8,-1,3,-1
201522C502441,2,9,0,18,0,0,0,0,0,0,3,1,6,1,70,10,1586,1,1,-1,1,-1
201522C502445,1,4,0,16,0,0,0,0,0,0,1,1,6,1,44,7,498,1,10,-1,-1,-1
201522C502445,2,9,0,17,0,0,0,0,0,0,1,1,6,1,50,8,1997,1,10,-1,1,-1
201522C502463,1,9,0,16,0,0,1,0,0,0,1,1,6,2,32,6,1840,1,17,-1,3,-1
201522C502463,2,90,0,17,0,0,0,0,0,0,1,1,6,1,42,7,-1,-1,-1,-1,3,-1
201522C502464,1,9,0,7,0,6,0,0,0,0,1,1,6,2,19,4,1242,1,-1,-1,1,-1
201522C502464,2,21,0,18,0,1,0,0,0,0,4,1,1,1,39,7,12740,2,1,-1,2,-1
201522C502468,1,9,0,18,0,8,5,0,1,4,1,1,6,1,39,7,1195,1,17,-1,1,-1
201522C502469,1,3,0,18,0,0,1,0,0,0,3,1,6,1,28,6,124,1,14,-1,1,-1
201522C502471,1,9,0,17,0,0,2,0,7,9,1,1,6,1,21,5,1461,2,8,-1,1,-1
201522C502471,2,9,0,16,0,0,0,0,1,4,3,1,6,1,59,9,1910,2,9,-1,3,-1
201522C502489,1,19,0,9,0,5,0,0,0,0,1,1,1,1,26,6,2298,2,4,-1,1,-1
201522C502489,2,9,0,18,0,8,0,0,7,10,1,1,2,1,31,6,1910,2,7,-1,3,-1
201522C502491,1,9,0,18,0,0,0,0,0,0,4,1,6,1,83,11,1796,1,14,-1,3,-1
201522C502491,2,21,0,2,0,0,0,0,0,0,0,1,1,1,42,7,-1,2,17,-1,3,-1
201522C502493,1,9,0,7,0,6,0,0,0,0,1,1,6,2,58,9,1198,1,3,-1,1,-1
201522C502493,2,1,0,17,0,8,0,0,0,0,1,1,6,1,74,10,-1,-1,-1,-1,1,-1
201522C502501,1,9,0,18,0,0,0,0,0,0,1,1,6,3,-1,-1,-1,-1,-1,-1,-1,-1
201522C502506,1,9,0,18,0,0,0,0,0,0,1,1,1,1,56,9,1896,2,13,-1,1,-1
201522C502506,2,9,0,3,0,0,0,0,0,0,2,1,1,2,30,6,1149,1,5,-1,1,-1
201522C502514,1,9,0,18,0,0,0,0,7,10,1,1,6,1,18,4,1360,1,11,-1,2,-1
201522C502515,1,19,0,18,0,1,0,0,0,0,4,1,2,1,54,8,2198,2,7,-1,1,-1
201522C502522,1,11,0,18,0,2,0,0,0,0,0,1,1,1,55,8,-1,2,16,-1,1,-1
201522C502522,2,9,0,18,0,2,0,0,0,0,0,1,6,3,-1,-1,-1,-1,-1,-1,-1,-1
201522C502534,1,9,0,5,0,6,0,0,0,0,3,1,6,1,66,10,1198,1,1,-1,2,-1
201522C502534,2,9,0,18,0,1,0,0,0,0,1,1,6,2,51,8,1360,1,12,-1,2,-1
201522C502535,1,9,0,18,0,1,0,0,0,0,1,1,6,1,22,5,-1,-1,-1,-1,-1,-1
201522C502535,2,9,0,5,0,6,0,0,0,0,2,1,6,1,74,10,1197,1,2,-1,-1,-1
201522C502539,1,5,0,14,1,0,0,0,0,0,3,1,2,1,33,6,645,1,10,-1,1,-1
201522C502539,2,9,0,5,0,0,0,0,0,0,0,1,6,3,-1,-1,-1,-1,-1,-1,-1,-1
201522C502563,1,9,0,18,0,6,1,0,3,10,1,1,6,3,-1,-1,1242,1,5,-1,-1,-1
201522C502564,1,9,0,9,0,6,0,0,0,0,3,1,3,2,41,7,1390,1,15,-1,1,-1
201522C502564,2,9,0,10,0,1,0,0,0,0,1,1,6,2,43,7,1598,1,5,-1,1,-1
201522C502564,3,9,0,18,0,1,0,0,0,0,1,1,1,1,34,6,1198,1,-1,-1,1,-1
201522C502571,1,9,0,1,0,0,0,0,0,0,2,1,6,3,-1,-1,1461,2,1,-1,-1,-1
201522C502571,2,1,0,18,0,0,0,0,0,0,4,1,6,1,11,3,-1,-1,-1,-1,3,-1
201522C502580,1,9,0,18,0,0,0,0,0,0,0,1,6,3,-1,-1,2902,2,10,-1,-1,-1
201522C502580,2,1,0,18,0,0,0,0,1,9,4,1,6,1,43,7,-1,-1,-1,-1,1,-1
201522C502584,1,8,0,3,0,8,0,0,0,0,0,1,1,3,-1,-1,-1,-1,-1,-1,-1,-1
201522C502597,1,9,0,9,0,5,0,0,0,0,0,1,6,3,-1,-1,-1,-1,-1,-1,-1,-1
201522C502597,2,9,0,18,0,1,0,0,0,0,1,1,6,2,-1,-1,-1,-1,-1,-1,-1,-1
201522C502597,3,1,0,4,0,1,0,0,0,0,2,1,6,1,17,4,-1,-1,-1,-1,2,-1
201522C502623,1,9,0,18,0,1,0,0,0,0,1,1,6,1,43,7,1995,2,11,-1,1,-1
201522C502623,2,9,0,3,0,1,0,0,0,0,2,1,6,2,68,10,1197,1,2,-1,1,-1
201522C502623,3,9,0,3,0,1,0,0,0,0,2,1,6,2,53,8,1582,2,2,-1,1,-1
201522C502638,1,9,0,4,0,0,0,0,0,0,2,1,6,2,56,9,1198,1,3,-1,-1,-1
201522C502638,2,3,0,18,0,0,0,0,0,0,1,1,6,1,39,7,124,1,2,-1,1,-1
201522C502647,1,9,0,6,0,3,0,0,0,0,0,1,6,3,-1,-1,2496,2,10,-1,-1,-1
201522C502647,2,9,0,9,0,3,0,0,0,0,2,1,6,2,38,7,-1,-1,-1,-1,-1,-1
201522C502647,3,9,0,9,0,3,0,0,0,0,1,1,6,2,49,8,1596,1,11,-1,3,-1
201522C502647,4,9,0,9,0,3,0,0,0,0,1,1,6,1,36,7,1242,1,9,-1,2,-1
201522C502654,1,5,0,16,0,0,0,10,7,4,1,1,6,1,42,7,599,1,8,-1,1,-1
201522C502682,1,19,0,13,0,0,0,0,0,0,4,1,6,3,-1,-1,-1,-1,-1,-1,-1,-1
201522C502682,2,1,0,18,0,0,0,0,1,10,3,1,6,1,54,8,-1,-1,-1,-1,3,-1
201522C502686,1,9,0,16,0,0,0,0,0,0,1,1,6,1,20,4,1997,2,11,-1,3,-1
201522C502686,2,9,0,17,0,0,0,0,1,0,1,1,6,2,32,6,1198,1,-1,-1,1,-1
201522C502689,1,9,0,5,0,6,0,0,0,0,0,1,6,3,44,7,2926,2,10,-1,3,-1
201522C502689,2,10,0,17,0,8,0,0,0,0,0,1,1,1,53,8,-1,-1,-1,-1,1,-1
201522C502697,1,9,0,18,0,0,5,4,2,10,1,1,6,2,49,8,1587,1,8,-1,2,-1
201522C502697,2,9,0,2,0,0,0,0,0,0,2,1,6,1,57,9,1586,1,7,-1,1,-1
201522C502708,1,9,0,4,0,8,0,0,0,0,1,1,6,2,18,4,998,1,3,-1,3,-1
201522C502708,2,9,0,4,0,8,0,0,0,0,2,1,6,1,26,6,1242,1,13,-1,1,-1
201522C502710,1,9,0,9,0,6,0,0,0,0,3,1,6,2,86,11,1198,1,6,-1,3,-1
201522C502710,2,9,0,17,0,8,0,0,0,0,1,1,6,1,48,8,1896,2,9,-1,3,-1
201522C502712,1,9,0,13,0,0,1,0,0,0,1,1,6,1,40,7,2401,2,10,-1,1,-1
201522C502712,2,9,0,18,0,0,1,0,0,0,3,1,6,1,84,11,1461,2,8,-1,1,-1
201522C502712,3,9,0,18,0,0,1,0,1,0,3,1,2,1,50,8,-1,-1,-1,-1,1,-1
201522C502712,4,9,0,18,0,0,1,0,0,0,1,1,2,2,42,7,-1,-1,-1,-1,1,-1
201522C502731,1,9,0,16,0,4,0,0,0,0,1,1,2,2,23,5,1299,1,12,-1,-1,-1
201522C502731,2,9,0,16,0,4,0,0,0,0,2,1,6,3,-1,-1,-1,-1,-1,-1,-1,-1
201522C502733,1,9,0,18,0,0,0,0,0,0,3,1,6,2,35,6,1398,1,-1,-1,1,-1
201522C502734,1,3,0,14,0,3,0,0,0,0,1,1,2,1,31,6,108,1,2,-1,3,-1
201522C502734,2,9,0,5,0,2,0,0,0,0,3,1,6,1,51,8,1753,2,5,-1,3,-1
201522C502737,1,3,0,16,0,0,0,0,0,0,3,1,6,1,18,4,125,1,1,-1,3,-1
201522C502739,1,9,0,18,0,0,2,10,1,0,4,1,2,2,52,8,998,1,13,-1,1,-1
201522C502743,1,9,0,5,0,8,5,0,0,0,1,1,6,2,19,4,1329,1,6,-1,3,-1
201522C502743,2,9,0,5,0,6,0,0,1,10,3,1,6,2,62,9,1596,1,10,-1,3,-1
201522C502747,1,9,0,17,0,0,0,0,2,3,1,1,2,2,66,10,1968,2,-1,-1,1,-1
201522C502750,1,9,0,18,0,0,1,0,0,0,1,1,6,2,38,7,1197,1,4,-1,1,-1
201522C502750,2,9,0,4,0,0,0,0,0,0,2,1,6,1,30,6,1397,1,6,-1,1,-1
201522C502750,3,9,0,4,0,0,0,0,0,0,2,1,6,2,63,9,1968,2,-1,-1,3,-1
201522C502753,1,9,0,18,0,1,0,0,0,0,3,1,6,1,62,9,2499,1,8,-1,1,-1
201522C502796,1,9,0,18,0,0,0,0,0,0,4,1,6,1,55,8,1242,1,4,-1,1,-1
201522C502796,2,1,0,18,0,0,0,0,0,0,3,1,6,1,40,7,-1,-1,-1,-1,-1,-1
201522C502810,1,9,0,5,0,1,0,0,0,0,1,1,6,3,-1,-1,1798,1,2,-1,-1,-1
201522C502810,2,9,0,3,0,1,0,0,0,0,2,1,6,1,73,10,1560,2,4,-1,1,-1
201522C502813,1,9,0,17,1,0,1,0,0,0,4,1,3,2,32,6,1598,1,8,-1,2,-1
201522C502818,1,9,0,9,0,6,0,0,0,0,4,1,6,1,70,10,1586,1,1,-1,-1,-1
201522C502818,2,9,0,18,0,1,0,0,0,0,1,1,6,2,68,10,1598,1,19,-1,-1,-1
201522C502822,1,9,0,16,0,8,0,0,0,0,1,1,6,2,51,8,1956,2,5,-1,1,-1
201522C502822,2,9,0,9,0,5,0,0,0,0,2,1,6,2,20,4,2000,2,6,-1,1,-1
201522C502827,1,9,0,18,0,8,0,0,0,0,4,1,6,1,22,5,1598,1,9,-1,-1,-1
201522C502827,2,9,0,5,0,4,0,0,0,0,1,1,6,1,18,4,1598,1,13,-1,-1,-1
201522C502833,1,9,0,18,0,0,5,0,1,9,1,1,2,2,56,9,1360,1,12,-1,1,-1
201522C502834,1,9,0,16,0,0,0,0,0,0,1,1,2,1,48,8,1796,1,12,-1,1,-1
201522C502834,2,9,0,17,0,0,0,0,0,0,1,1,2,2,49,8,1461,2,4,-1,1,-1
201522C502834,3,19,0,17,0,0,0,0,0,0,3,1,1,1,32,6,2143,2,4,-1,1,-1
201522C502854,1,9,0,18,0,1,0,0,0,0,4,1,6,2,50,8,1598,1,13,-1,3,-1
201522C502854,2,1,0,18,0,6,0,0,0,0,1,1,6,1,12,3,-1,-1,-1,-1,-1,-1
201522C502872,1,9,0,13,0,0,0,0,0,0,1,1,6,2,51,8,1597,1,16,-1,1,-1
201522C502872,2,21,1,18,0,0,0,0,0,0,1,1,1,1,61,9,12419,2,2,-1,-1,-1
201522C502883,1,9,0,18,0,0,0,0,0,0,1,1,6,2,-1,-1,1995,2,8,-1,-1,-1
201522C502883,2,1,0,18,0,0,0,0,0,0,1,1,6,2,13,3,-1,-1,-1,-1,1,-1
201522C502887,1,5,0,17,0,8,0,0,0,0,1,1,6,1,45,7,675,1,-1,-1,1,-1
201522C502887,2,9,0,9,0,6,0,0,0,0,3,1,6,2,57,9,1499,2,-1,-1,1,-1
201522C502909,1,9,0,5,0,0,0,0,0,0,1,1,6,3,-1,-1,1896,2,11,-1,-1,-1
201522C502909,2,9,0,5,0,0,0,0,0,0,2,1,6,1,46,8,2184,2,9,-1,1,-1
201522C502912,1,9,0,13,0,0,0,0,0,0,4,1,6,2,34,6,1968,2,5,-1,3,-1
201522C502912,2,1,0,16,0,0,0,0,0,0,1,1,6,1,45,7,-1,-1,-1,-1,-1,-1
201522C502933,1,9,0,11,0,0,1,0,0,0,1,1,6,1,66,10,1685,2,2,-1,2,-1
201522C502933,2,9,0,3,0,0,0,0,0,0,2,1,6,1,65,9,1197,1,1,-1,2,-1
201522C502933,3,9,0,3,0,0,0,0,0,0,2,1,6,1,39,7,1390,1,5,-1,1,-1
201522C502955,1,9,0,18,0,0,0,4,0,0,1,1,2,2,34,6,1200,1,1,-1,1,-1
201522C502955,2,9,0,2,0,0,0,0,0,0,1,1,6,2,53,8,1596,1,6,-1,1,-1
201522C502956,1,21,1,18,0,0,0,0,0,0,1,1,1,1,54,8,12900,2,3,-1,1,-1
201522C502956,2,9,0,18,0,0,0,0,0,0,3,1,6,1,70,10,1242,1,3,-1,3,-1
201522C502958,1,9,0,18,0,4,0,0,0,0,1,1,2,1,24,5,1390,1,8,-1,1,-1
201522C502958,2,1,0,3,0,1,0,0,0,0,2,1,2,2,27,6,-1,-1,-1,-1,2,-1
201522C502962,1,19,0,18,0,0,0,0,0,0,1,1,6,1,25,5,1753,2,9,-1,1,-1
201522C502962,2,9,0,4,0,0,0,0,0,0,2,1,6,1,28,6,-1,-1,-1,-1,1,-1
201522C502966,1,9,0,17,0,0,0,0,0,0,1,1,6,2,18,4,-1,-1,-1,-1,-1,-1
201522C502966,2,9,0,16,0,0,0,0,0,0,1,1,6,1,27,6,-1,-1,-1,-1,-1,-1
201522C502967,1,9,0,17,0,2,5,10,1,1,1,1,6,1,24,5,1781,1,15,-1,2,-1
201522C502968,1,9,0,9,0,6,0,0,0,0,1,1,6,1,84,11,1997,2,4,-1,3,-1
201522C502968,2,9,0,18,0,8,0,0,0,0,4,1,6,1,22,5,2495,2,9,-1,-1,-1
201522C502985,1,1,0,18,0,0,0,0,1,0,1,1,2,1,28,6,-1,-1,-1,-1,2,-1
201522C502996,1,9,0,17,0,8,0,0,0,0,1,1,6,2,18,4,973,1,13,-1,1,-1
201522C502996,2,9,0,16,0,8,0,0,0,0,1,1,6,2,-1,-1,1399,2,6,-1,-1,-1
201522C503000,1,9,0,18,0,1,0,4,0,0,1,1,6,1,29,6,-1,-1,-1,-1,1,-1
201522C503000,2,9,0,2,0,1,0,4,0,0,2,1,6,1,49,8,2000,2,10,-1,1,-1
201522C503000,3,9,0,2,0,1,0,4,0,0,2,1,6,2,39,7,1896,2,7,-1,1,-1
201522C503001,1,9,0,16,0,0,1,0,1,4,1,1,6,1,24,5,-1,-1,-1,-1,-1,-1
201522C503007,1,1,0,17,0,0,0,0,0,0,3,1,6,1,76,11,-1,-1,-1,-1,1,-1
201522C503022,1,9,0,13,0,1,0,10,0,0,4,1,6,1,35,6,1781,1,14,-1,1,-1
201522C503022,2,9,0,7,0,1,0,0,0,0,3,1,6,2,27,6,-1,-1,-1,-1,1,-1
201522C503027,1,21,1,18,0,8,0,0,0,0,3,2,1,1,35,6,-1,-1,-1,-1,-1,-1
201522C503027,2,9,0,18,0,8,0,0,0,0,4,1,6,2,27,6,1229,1,-1,-1,1,-1
201522C503048,1,9,0,18,0,3,0,10,1,2,4,1,6,1,24,5,1998,1,11,-1,1,-1
201522C503048,2,9,0,18,0,3,0,0,0,0,0,1,6,1,17,4,999,1,15,-1,3,-1
201522C503053,1,9,4,4,0,0,1,0,0,0,3,1,6,1,69,10,-1,-1,-1,-1,1,-1
201522C503053,2,19,0,18,0,0,0,0,0,0,3,1,6,1,23,5,-1,-1,-1,-1,1,-1
201522C503055,1,9,0,4,0,1,0,0,0,0,1,1,6,2,59,9,1199,2,2,-1,1,-1
201522C503055,2,1,0,18,0,2,0,10,1,10,1,1,6,1,22,5,-1,-1,-1,-1,1,-1
201522C503057,1,9,0,18,0,8,0,4,0,0,1,1,6,2,49,8,1598,1,3,-1,1,-1
201522C503057,2,9,0,2,0,8,0,4,0,0,1,1,6,1,50,8,1240,1,12,-1,1,-1
201522C503057,3,9,0,2,0,8,0,4,0,0,2,1,6,2,45,7,1596,1,12,-1,1,-1
201522C503058,1,2,0,18,0,1,0,0,0,0,1,1,6,1,17,4,49,1,3,-1,1,-1
201522C503058,2,9,0,5,0,6,0,0,0,0,3,1,1,2,59,9,1339,1,8,-1,1,-1
201522C503063,1,9,0,13,0,0,0,0,0,0,4,1,6,1,28,6,1968,2,4,-1,1,-1
201522C503063,2,3,0,13,0,0,0,0,0,0,3,1,6,1,18,4,124,1,2,-1,1,-1
201522C503075,1,3,0,4,0,1,0,0,0,0,1,1,6,1,16,4,-1,-1,-1,-1,3,-1
201522C503075,2,3,0,4,0,1,0,0,0,0,2,1,6,1,17,4,125,1,1,-1,3,-1
201522C503087,1,20,0,18,0,8,0,0,1,0,1,1,1,1,22,5,-1,-1,-1,-1,3,-1
201522C503087,2,9,0,10,0,8,0,0,0,0,2,1,6,2,39,7,1596,1,13,-1,3,-1
201522C503092,1,9,0,16,0,8,1,0,0,0,1,1,6,1,72,10,1968,2,6,-1,3,-1
201522C503092,2,9,0,17,0,8,0,0,1,0,1,1,6,2,38,7,998,1,5,-1,1,-1
201522C503096,1,9,0,17,0,0,1,6,0,0,1,1,6,1,31,6,4398,1,12,-1,2,-1
201522C503097,1,9,0,18,0,1,1,0,7,10,1,1,6,2,28,6,1896,2,12,-1,3,-1
201522C503100,1,9,0,18,0,6,1,10,3,10,1,1,6,1,24,5,1995,1,12,-1,1,-1
201522C503110,1,9,0,7,0,6,0,0,0,0,1,1,6,2,19,4,1242,1,-1,-1,-1,-1
201522C503110,2,1,0,18,0,8,0,0,0,0,1,1,6,1,21,5,-1,-1,-1,-1,1,-1
201522C503111,1,90,0,7,0,8,0,0,0,0,4,1,2,1,40,7,-1,-1,-1,-1,1,-1
201522C503111,2,9,0,18,0,4,0,0,0,0,1,1,6,1,72,10,2499,2,18,-1,1,-1
201522C503113,1,9,0,18,0,0,0,0,0,0,1,1,2,2,37,7,1299,1,15,-1,1,-1
201522C503116,1,9,0,13,0,0,0,0,0,0,4,1,6,1,23,5,1390,1,14,-1,3,-1
201522C503116,2,1,0,18,0,0,0,0,0,0,3,1,6,1,58,9,-1,-1,-1,-1,3,-1
201522C503117,1,9,0,7,0,3,0,0,0,0,4,1,2,2,31,6,1299,1,12,-1,1,-1
201522C503117,2,1,0,18,0,8,0,0,0,0,2,1,6,1,43,7,-1,-1,-1,-1,1,-1
201522C503124,1,9,0,17,0,0,1,0,1,10,1,1,6,2,20,4,973,1,13,-1,3,-1
201522C503151,1,9,0,9,0,4,0,0,0,0,3,1,6,1,44,7,3999,1,7,-1,1,-1
201522C503151,2,1,0,18,0,8,0,0,0,0,1,1,2,1,22,5,-1,-1,-1,-1,1,-1
201522C503169,1,9,0,18,0,8,0,0,0,0,1,1,2,2,21,5,1398,2,12,-1,-1,-1
201522C503169,2,3,0,7,0,5,0,0,0,0,2,1,6,1,44,7,125,1,-1,-1,-1,-1
201522C503175,1,9,0,9,0,1,0,0,1,0,1,1,6,3,-1,-1,-1,-1,-1,-1,-1,-1
201522C503180,1,9,0,18,0,8,0,0,0,0,1,1,6,1,72,10,1840,1,15,-1,2,-1
201522C503180,2,9,0,10,0,8,0,0,0,0,2,1,6,2,43,7,1360,1,14,-1,1,-1
201522C503184,1,9,0,7,0,4,0,0,0,0,1,1,6,1,45,7,2143,2,3,-1,-1,-1
201522C503184,2,1,0,18,0,8,0,0,0,0,4,1,6,1,34,6,-1,-1,-1,-1,1,-1
201522C503189,1,5,0,10,0,1,0,0,0,0,2,1,2,1,57,9,644,1,10,-1,-1,-1
201522C503189,2,9,0,5,0,6,0,0,0,0,1,1,2,2,34,6,2500,1,16,-1,1,-1
201522C503190,1,9,0,17,0,0,1,0,2,4,1,1,1,1,22,5,1598,1,13,-1,1,-1
201522C503203,1,9,0,18,0,1,0,0,0,0,1,1,1,1,50,8,1299,1,11,-1,1,-1
201522C503203,2,9,0,18,0,2,0,0,0,0,1,1,6,2,20,4,1598,1,12,-1,3,-1
201522C503215,1,19,0,18,0,8,0,0,0,0,1,1,6,1,18,4,2198,2,4,-1,3,-1
201522C503215,2,9,0,9,0,6,0,0,0,0,3,1,6,2,52,8,-1,-1,-1,-1,3,-1
201522C503217,1,9,0,18,0,1,0,0,0,0,1,1,6,1,50,8,1975,1,14,-1,1,-1
201522C503217,2,9,0,4,0,1,0,0,0,0,2,1,6,2,32,6,1896,2,13,-1,1,-1
201522C503217,3,9,0,4,0,1,0,0,0,0,2,1,6,1,42,7,1595,1,13,-1,2,-1
201522C503218,1,5,0,11,0,3,0,0,0,0,1,1,2,1,46,8,1157,1,17,-1,1,-1
201522C503218,2,9,0,17,0,8,0,0,0,0,3,1,1,1,38,7,-1,-1,-1,-1,-1,-1
201522C503222,1,9,0,7,0,4,0,0,0,0,3,1,6,1,42,7,1197,1,-1,-1,-1,-1
201522C503222,2,2,0,18,0,8,0,0,0,0,4,1,6,1,51,8,124,1,1,-1,1,-1
201522C503234,1,9,0,17,0,0,0,0,1,10,3,1,6,2,32,6,5998,1,1,-1,3,-1
201522C503234,2,9,0,16,0,0,0,0,0,0,3,1,6,2,52,8,1360,1,14,-1,1,-1
201522C503235,1,3,0,18,0,8,0,0,0,0,1,1,6,1,19,4,-1,-1,-1,-1,1,-1
201522C503235,2,9,0,9,0,4,0,0,0,0,3,1,6,3,-1,-1,-1,-1,-1,-1,-1,-1
201522C503241,1,9,0,9,0,6,0,0,0,0,1,1,6,2,42,7,1798,1,9,-1,1,-1
201522C503241,2,9,0,4,0,1,0,0,0,0,1,1,6,1,41,7,1896,2,6,-1,1,-1
201522C503246,1,17,0,9,0,6,0,0,0,0,1,1,1,1,30,6,-1,2,7,-1,3,-1
201522C503246,2,9,0,18,0,8,0,0,0,0,1,1,6,1,86,11,1951,2,13,-1,3,-1
201522C503250,1,9,0,18,0,8,0,0,0,0,1,1,6,1,30,6,1199,1,13,-1,1,-1
201522C503250,2,9,0,9,0,5,0,0,0,0,4,1,6,1,34,6,1395,1,-1,-1,-1,-1
201522C503260,1,9,0,10,0,1,0,0,0,0,2,1,2,2,22,5,1242,1,-1,-1,1,-1
201522C503260,2,19,0,4,0,1,0,0,0,0,1,1,1,1,24,5,2198,2,7,-1,1,-1
201522C503271,1,9,0,18,9,8,0,10,0,0,1,1,6,3,-1,-1,-1,-1,-1,-1,-1,-1
201522C503281,1,9,0,18,0,0,0,0,0,0,1,1,6,2,35,6,-1,-1,-1,-1,-1,-1
201522C503281,2,9,0,3,0,0,0,0,0,0,2,1,6,2,54,8,1598,1,9,-1,3,-1
201522C503286,1,9,0,18,0,5,0,0,0,0,1,1,2,1,65,9,-1,-1,-1,-1,3,-1
201522C503286,2,5,0,18,0,8,0,0,0,0,3,1,6,1,36,7,599,1,7,-1,1,-1
201522C503289,1,9,0,16,0,0,0,10,7,10,1,1,6,1,22,5,3199,1,17,-1,1,-1
201522C503299,1,9,0,17,0,0,1,10,2,9,1,1,6,2,29,6,1997,2,11,-1,2,-1
201522C503309,1,20,0,5,0,4,0,0,0,0,1,1,1,1,44,7,-1,-1,-1,-1,-1,-1
201522C503309,2,9,0,3,0,8,0,0,0,0,4,1,2,2,44,7,1198,1,5,-1,1,-1
201522C503310,1,9,0,9,0,5,0,0,0,0,4,1,6,1,20,4,1149,1,16,-1,-1,-1
201522C503310,2,9,0,18,0,8,0,0,0,0,1,1,2,1,28,6,1995,2,1,-1,-1,-1
201522C503315,1,9,0,9,0,6,0,0,0,0,1,1,6,1,54,8,1595,1,7,-1,1,-1
201522C503315,2,9,0,18,0,8,0,0,0,0,4,1,2,2,30,6,1124,1,12,-1,-1,-1
201522C503333,1,9,4,2,0,2,0,0,0,0,2,1,1,1,55,8,2435,1,14,-1,3,-1
201522C503333,2,9,0,7,0,6,0,0,0,0,1,1,6,1,26,6,1997,1,14,-1,1,-1
201522C503347,1,1,0,18,0,0,0,0,0,0,1,1,6,1,33,6,-1,-1,-1,-1,-1,-1
201522C503347,2,9,0,4,0,0,0,0,0,0,3,1,6,1,33,6,1968,2,6,-1,3,-1
201522C503370,1,9,0,9,0,6,0,0,0,0,1,1,6,1,26,6,1973,1,14,-1,1,-1
201522C503370,2,1,0,7,0,5,0,0,0,0,1,1,6,1,56,9,-1,-1,-1,-1,1,-1
201522C503375,1,1,0,18,0,8,0,0,0,0,4,1,2,2,38,7,-1,-1,-1,-1,2,-1
201522C503375,2,9,0,9,0,8,0,0,0,0,3,1,6,3,-1,-1,-1,-1,-1,-1,-1,-1
201522C503422,1,1,0,18,0,0,0,0,0,0,3,1,6,1,14,3,-1,-1,-1,-1,1,-1
201522C503422,2,9,3,13,0,0,0,0,0,0,4,1,6,1,47,8,2199,2,2,-1,1,-1
201522C503427,1,9,0,9,0,5,0,0,0,0,3,1,6,2,29,6,2720,2,8,-1,1,-1
201522C503427,2,4,0,14,0,8,0,0,0,0,1,1,6,1,87,11,125,1,6,-1,-1,-1
201522C503438,1,9,0,14,0,0,0,0,0,0,1,1,6,2,25,5,1598,1,2,-1,1,-1
201522C503438,2,90,0,18,0,0,0,0,0,0,1,1,6,1,45,7,1600,1,55,-1,-1,-1
201522C503439,1,9,0,16,0,0,1,10,1,10,1,1,6,1,27,6,1598,1,15,-1,3,-1
201522C503439,2,21,1,17,0,0,0,0,0,0,3,1,1,1,56,9,10837,2,-1,-1,1,-1
201522C503442,1,9,0,13,0,0,0,0,0,0,1,1,6,1,34,6,1560,2,10,-1,1,-1
201522C503442,2,9,0,18,0,0,0,10,0,0,3,1,1,1,43,7,-1,-1,-1,-1,1,-1
201522C503444,1,9,0,4,0,0,0,0,0,0,2,1,6,2,42,7,1968,2,9,-1,-1,-1
201522C503444,2,9,0,4,0,0,0,0,0,0,1,1,6,1,17,4,1242,1,1,-1,1,-1
201522C503445,1,9,0,18,0,2,0,0,0,0,4,1,6,3,-1,-1,1360,1,12,-1,-1,-1
201522C503459,1,9,0,5,0,0,0,0,0,0,1,1,1,1,24,5,1997,1,13,-1,1,-1
201522C503459,2,1,0,18,0,0,0,0,0,0,1,1,6,1,36,7,-1,-1,-1,-1,1,-1
201522C503461,1,9,0,18,0,8,0,0,0,0,4,1,6,2,24,5,-1,-1,-1,-1,1,-1
201522C503461,2,9,0,9,0,6,0,0,0,0,1,1,6,1,86,11,1242,1,5,-1,1,-1
201522C503463,1,9,0,9,0,6,0,0,0,0,1,1,6,1,42,7,1390,1,-1,-1,1,-1
201522C503463,2,9,0,18,0,8,0,0,0,0,4,1,6,2,53,8,1328,1,11,-1,1,-1