Accident_Index,Vehicle_Reference,Vehicle_Type,Towing_and_Articulation,Vehicle_Manoeuvre,Vehicle_Location-Restricted_Lane,Junction_Location,Skidding_and_Overturning,Hit_Object_in_Carriageway,Vehicle_Leaving_Carriageway,Hit_Object_off_Carriageway,1st_Point_of_Impact,Was_Vehicle_Left_Hand_Drive?,Journey_Purpose_of_Driver,Sex_of_Driver,Age_of_Driver,Age_Band_of_Driver,Engine_Capacity_(CC),Propulsion_Code,Age_of_Vehicle,Driver_IMD_Decile,Driver_Home_Area_Type,Vehicle_IMD_Decile
201522C503467,1,9,0,18,0,8,0,0,0,0,1,1,6,2,34,6,1896,2,13,-1,2,-1
201522C503467,2,9,0,4,0,8,0,0,0,0,2,1,6,1,57,9,1598,2,2,-1,1,-1
201522C503469,1,20,4,4,0,1,0,0,0,0,2,1,1,1,27,6,-1,-1,-1,-1,3,-1
201522C503469,2,4,0,18,0,1,0,0,0,0,1,1,6,1,18,4,124,1,3,-1,1,-1
201522C503474,1,9,0,16,0,0,2,0,1,10,4,1,2,1,31,6,1595,1,15,-1,-1,-1
201522C503485,1,9,0,4,0,0,0,0,0,0,1,1,6,2,56,9,2902,2,9,-1,1,-1
201522C503485,2,9,0,4,0,0,0,0,0,0,2,1,6,2,46,8,1587,1,9,-1,1,-1
201522C503487,1,9,0,18,0,8,0,0,0,0,1,1,6,3,-1,-1,-1,-1,-1,-1,-1,-1
201522C503487,2,9,0,9,0,6,0,0,0,0,3,1,1,1,60,9,2179,2,7,-1,2,-1
201522C503488,1,5,0,13,0,8,0,0,0,0,1,1,6,1,25,5,599,1,24,-1,3,-1
201522C503488,2,9,0,9,0,5,0,0,0,0,3,1,6,2,47,8,2199,2,3,-1,1,-1
201522C503490,1,9,0,9,0,5,0,0,0,0,4,1,6,2,19,4,1149,1,13,-1,1,-1
201522C503490,2,9,0,18,0,8,0,0,0,0,1,1,3,2,41,7,1781,1,11,-1,1,-1
201522C503490,3,9,0,8,0,1,0,0,0,0,1,1,6,1,63,9,1997,1,9,-1,1,-1
201522C503496,1,1,0,18,9,8,0,0,0,0,1,1,6,1,22,5,-1,-1,-1,-1,1,-1
201522C503496,2,9,0,9,9,6,0,0,0,0,3,1,6,2,51,8,1598,1,2,-1,1,-1
201522C503498,1,9,0,9,0,5,0,0,0,0,4,1,6,1,18,4,1242,1,3,-1,3,-1
201522C503501,1,9,0,2,0,0,0,0,0,0,3,1,6,1,33,6,2172,2,13,-1,-1,-1
201522C503501,2,1,0,18,9,0,0,0,0,0,4,1,6,1,5,1,-1,-1,-1,-1,1,-1
201522C503512,1,9,0,18,0,0,0,0,7,0,1,1,6,1,36,7,1997,2,7,-1,-1,-1
201522C503512,2,9,0,18,0,0,0,0,0,0,1,1,6,1,21,5,1124,1,15,-1,-1,-1
201522C503512,3,9,0,18,0,0,1,0,0,0,1,1,6,1,35,6,1968,2,4,-1,-1,-1
201522C503512,4,9,0,18,0,0,0,0,0,0,1,1,6,1,40,7,2497,2,11,-1,1,-1
201522C503512,5,9,0,18,0,0,0,0,0,0,1,1,6,2,40,7,1598,1,7,-1,1,-1
201522C503514,1,9,0,17,0,0,1,6,0,0,1,1,2,2,21,5,998,1,15,-1,1,-1
201522C503519,1,9,0,5,0,6,0,0,0,0,4,1,6,2,85,11,995,1,8,-1,1,-1
201522C503519,2,9,0,18,0,8,0,0,0,0,1,1,6,1,54,8,2993,2,3,-1,2,-1
201522C503522,1,17,0,7,0,5,0,0,0,0,0,1,1,1,23,5,-1,2,28,-1,3,-1
201522C503522,2,5,0,4,0,8,0,0,0,0,2,1,6,1,27,6,124,1,9,-1,1,-1
201522C503522,3,9,0,18,0,8,0,0,0,0,1,1,6,1,64,9,1910,2,7,-1,1,-1
201522C503522,4,4,0,4,0,8,0,0,0,0,2,1,6,2,39,7,-1,-1,-1,-1,1,-1
201522C503528,1,9,0,5,0,6,0,0,0,0,0,1,1,1,28,6,1149,1,11,-1,-1,-1
201522C503528,2,1,0,17,0,8,0,0,0,0,3,1,6,1,53,8,-1,-1,-1,-1,-1,-1
201522C503538,1,9,0,1,0,0,0,0,0,0,4,1,6,1,81,11,1591,1,8,-1,1,-1
201522C503545,1,9,0,5,0,4,0,0,0,0,1,1,2,1,24,5,1968,2,1,-1,1,-1
201522C503545,2,9,0,5,0,4,0,0,0,0,2,1,2,2,26,6,1248,2,11,-1,1,-1
201522C503557,1,19,0,18,0,0,0,0,0,0,3,1,6,3,-1,-1,-1,-1,-1,-1,-1,-1
201522C503557,2,16,0,18,0,0,0,0,0,0,3,1,6,2,32,6,-1,-1,-1,-1,3,-1
201522C503574,1,9,0,7,0,4,0,0,0,0,0,1,6,1,55,8,2401,2,9,-1,1,-1
201522C503574,2,3,0,17,0,1,1,0,0,0,3,1,2,1,39,7,125,1,2,-1,1,-1
201522C503584,1,9,0,18,0,0,0,0,0,0,4,1,6,3,-1,-1,1686,2,12,-1,-1,-1
201522C503584,2,9,0,12,0,0,0,0,0,0,0,1,6,2,52,8,1398,1,-1,-1,1,-1
201522C503587,1,9,0,18,0,0,0,10,0,0,3,2,6,2,38,7,1598,1,13,-1,1,-1
201522C503587,2,9,0,18,0,0,0,0,0,0,3,1,6,2,39,7,1360,1,10,-1,3,-1
201522C503595,1,9,0,18,0,0,0,0,0,0,1,1,3,2,40,7,1968,2,1,-1,1,-1
201522C503595,2,9,0,3,0,0,0,0,0,0,2,1,2,2,44,7,1968,2,4,-1,-1,-1
201522C503595,3,9,0,3,0,0,0,0,0,0,2,1,2,2,63,9,1200,1,-1,-1,2,-1
201522C503595,4,19,0,3,0,0,0,0,0,0,2,1,2,1,39,7,1995,2,2,-1,1,-1
201522C503597,1,9,0,4,0,0,0,0,0,0,2,1,6,1,61,9,1596,1,10,-1,1,-1
201522C503597,2,9,0,4,0,0,0,0,0,0,1,1,6,1,36,7,1686,2,12,-1,1,-1
201522C503597,3,9,0,4,0,0,0,0,0,0,1,1,6,2,36,7,1324,1,14,-1,1,-1
201522C503600,1,9,0,5,0,4,0,0,0,0,3,1,6,1,81,11,1596,1,3,-1,-1,-1
201522C503600,2,5,0,18,0,3,0,0,0,0,1,1,6,1,23,5,400,1,26,-1,3,-1
201522C503605,1,9,0,5,0,0,0,0,0,0,1,1,6,1,63,9,1398,2,-1,-1,1,-1
201522C503605,2,3,0,5,0,0,0,0,0,0,3,1,6,1,55,8,-1,-1,-1,-1,3,-1
201522C503611,1,9,0,17,0,0,0,0,1,9,1,1,6,2,81,11,1200,1,12,-1,2,-1
201522C503614,1,9,0,9,0,6,0,0,0,0,1,1,3,1,45,7,1560,2,8,-1,1,-1
201522C503614,2,5,0,18,0,8,0,0,0,0,4,1,2,1,61,9,647,1,9,-1,1,-1
201522C503635,1,1,0,18,0,0,0,0,0,0,1,1,4,1,18,4,-1,-1,-1,-1,1,-1
201522C503635,2,9,0,4,0,0,0,0,0,0,2,1,6,1,61,9,2401,2,13,-1,1,-1
201522C503644,1,9,0,18,0,0,0,0,0,0,1,1,1,1,34,6,2993,2,2,-1,1,-1
201522C503644,2,9,0,18,0,0,0,0,0,0,2,1,1,1,46,8,1984,1,8,-1,1,-1
201522C503644,3,9,0,18,0,0,0,0,0,0,2,1,6,1,43,7,2993,2,3,-1,1,-1
201522C503644,4,9,0,18,0,0,0,0,0,0,0,1,6,1,33,6,2993,2,1,-1,3,-1
201522C503646,1,9,0,18,0,0,0,0,0,0,4,1,6,2,70,10,1398,2,3,-1,1,-1
201522C503654,1,9,0,17,0,0,2,10,1,10,1,1,2,1,21,5,2495,2,9,-1,1,-1
201522C503661,1,2,0,5,0,4,0,0,0,0,3,1,2,2,16,4,49,1,-1,-1,1,-1
201522C503664,1,2,0,9,0,3,1,0,0,0,3,1,2,2,48,8,-1,-1,-1,-1,1,-1
201522C503700,1,4,0,13,0,8,0,0,0,0,4,1,2,1,46,8,499,1,14,-1,1,-1
201522C503700,2,9,0,9,0,6,0,0,0,0,1,1,6,1,46,8,1984,2,3,-1,3,-1
201522C503702,1,5,0,17,0,1,0,0,1,0,4,1,6,1,56,9,998,1,10,-1,3,-1
201522C503704,1,10,0,18,0,8,0,0,0,0,1,1,1,3,-1,-1,-1,-1,-1,-1,-1,-1
201522C503708,1,9,0,11,0,1,0,0,0,0,4,1,6,1,-1,-1,-1,-1,-1,-1,-1,-1
201522C503708,2,9,0,18,0,1,0,0,0,0,3,1,6,2,25,5,-1,-1,-1,-1,1,-1
201522C503716,1,9,0,10,0,1,0,0,0,0,4,1,6,2,48,8,995,1,7,-1,-1,-1
201522C503716,2,9,0,15,0,6,0,10,2,0,3,1,6,1,22,5,1386,1,9,-1,1,-1
201522C503738,1,19,0,18,0,0,0,0,7,2,1,1,1,1,26,6,2198,2,4,-1,1,-1
201522C503751,1,9,0,4,0,1,0,0,0,0,1,1,6,1,28,6,1999,1,7,-1,-1,-1
201522C503751,2,9,0,8,0,1,0,0,0,0,2,1,6,2,20,4,1242,1,16,-1,1,-1
201522C503761,1,9,0,4,0,0,0,0,0,0,2,1,6,1,28,6,2685,2,11,-1,1,-1
201522C503761,2,9,0,18,0,0,0,0,0,0,1,1,6,3,-1,-1,-1,-1,-1,-1,-1,-1
201522C503773,1,9,0,7,0,6,1,10,1,10,1,1,6,1,19,4,1149,1,11,-1,1,-1
201522C503779,1,9,0,9,0,6,0,0,0,0,1,1,6,2,35,6,-1,-1,-1,-1,1,-1
201522C503788,1,9,0,18,0,1,0,0,0,0,1,1,6,2,74,10,995,1,4,-1,1,-1
201522C503789,1,3,0,14,0,0,0,0,0,0,1,1,2,1,21,5,124,1,2,-1,1,-1
201522C503789,2,9,0,3,0,0,0,0,0,0,2,1,1,1,54,8,1685,2,1,-1,3,-1
201522C503790,1,9,0,1,0,1,0,0,0,0,2,1,6,1,58,9,1149,1,3,-1,1,-1
201522C503791,1,8,0,7,0,3,0,0,0,0,1,1,1,1,46,8,1560,2,1,-1,1,-1
201522C503823,1,3,0,18,0,8,1,0,0,0,3,1,2,1,18,4,124,1,7,-1,3,-1
201522C503823,2,9,0,5,0,6,0,0,0,0,3,1,6,2,59,9,2498,1,-1,-1,-1,-1
201522C503829,1,9,0,9,0,5,0,0,7,10,1,1,6,2,25,5,1390,1,16,-1,3,-1
201522C503829,2,9,0,18,0,8,1,0,0,0,1,1,6,1,52,8,1242,1,10,-1,2,-1
201522C503830,1,20,0,18,0,0,0,0,0,0,4,1,1,3,-1,-1,-1,-1,-1,-1,-1,-1
201522C503836,1,9,0,10,0,8,0,0,0,0,4,1,2,2,40,7,1200,1,-1,-1,1,-1
201522C503836,2,9,0,12,0,8,0,0,0,0,3,1,6,1,20,4,1598,1,11,-1,3,-1
201522C503840,1,9,0,18,0,1,0,7,0,0,1,1,6,2,34,6,1781,1,12,-1,1,-1
201522C503844,1,19,0,18,0,4,0,0,0,0,1,1,6,1,29,6,2987,2,7,-1,1,-1
201522C503844,2,9,0,18,0,8,0,0,0,0,4,1,6,2,23,5,1997,2,8,-1,1,-1
201522C503848,1,9,0,17,0,8,0,0,0,0,4,1,3,2,25,5,1598,2,4,-1,1,-1
201522C503877,1,9,0,18,0,1,0,0,0,0,1,1,6,1,64,9,1796,1,16,-1,1,-1
201522C503877,2,9,0,3,0,2,0,0,0,0,3,1,6,2,49,8,1395,1,-1,-1,3,-1
201522C503877,3,9,0,3,0,2,0,0,0,0,3,1,6,1,33,6,1995,2,-1,-1,1,-1
201522C503880,1,9,0,16,0,0,1,0,7,4,1,1,6,2,43,7,1984,1,4,-1,3,-1
201522C503881,1,19,0,18,0,2,0,0,0,0,4,1,6,3,-1,-1,-1,-1,-1,-1,-1,-1
201522C503881,2,1,0,18,4,1,0,0,0,0,4,1,6,1,58,9,-1,-1,-1,-1,1,-1
201522C503885,1,1,0,18,0,0,0,0,0,0,4,1,6,1,64,9,-1,-1,-1,-1,3,-1
201522C503885,2,1,0,18,0,0,0,0,0,0,3,1,6,2,60,9,-1,-1,-1,-1,3,-1
201522C503885,3,1,0,18,0,0,0,0,0,0,1,1,6,1,-1,-1,-1,-1,-1,-1,-1,-1
201522C503894,1,9,0,5,0,6,0,0,0,0,3,1,2,2,68,10,1769,1,11,-1,1,-1
201522C503894,2,3,0,18,0,1,0,0,0,0,1,1,2,1,20,4,125,1,2,-1,-1,-1
201522C503903,1,9,0,17,0,0,1,0,7,0,1,1,6,1,49,8,1997,2,13,-1,-1,-1
201522C503903,2,9,0,18,0,0,0,0,0,0,1,1,6,2,47,8,1984,1,3,-1,1,-1
201522C503904,1,9,3,16,0,8,0,0,0,0,1,1,6,1,87,11,2497,2,9,-1,2,-1
201522C503904,2,9,0,9,0,5,0,0,0,0,3,1,6,1,63,9,1298,1,14,-1,1,-1
201522C503905,1,9,0,9,0,5,0,0,0,0,4,1,6,1,49,8,1995,2,2,-1,-1,-1
201522C503905,2,11,0,18,0,1,0,0,0,0,1,1,1,1,40,7,9600,2,17,-1,1,-1
201522C503905,3,9,0,3,0,1,0,0,0,0,1,1,6,2,49,8,1397,1,8,-1,3,-1
201522C503907,1,9,0,16,0,1,1,0,0,0,3,1,6,1,48,8,1840,1,16,-1,1,-1
201522C503907,2,9,0,7,0,1,0,0,0,0,3,1,6,1,46,8,2993,2,4,-1,-1,-1
201522C503922,1,3,0,13,0,8,0,0,0,0,4,1,2,1,29,6,125,1,5,-1,1,-1
201522C503922,2,9,0,9,0,6,0,0,0,0,1,1,6,1,59,9,1753,2,5,-1,3,-1
201522C503927,1,9,0,16,0,0,1,0,7,1,3,1,6,1,46,8,1597,1,15,-1,1,-1
201522C503931,1,9,0,18,0,0,0,0,0,0,1,1,6,1,56,9,2720,2,10,-1,1,-1
201522C503931,2,21,1,18,0,0,0,0,0,0,3,1,1,1,42,7,4462,2,2,-1,1,-1
201522C503931,3,20,0,18,0,0,0,0,1,7,3,1,1,1,59,9,8970,2,9,-1,-1,-1
201522C503940,1,19,0,18,0,8,0,0,0,0,1,1,1,1,28,6,1870,2,13,-1,-1,-1
201522C503940,2,9,0,9,0,6,0,0,0,0,3,1,6,2,27,6,1248,2,6,-1,1,-1
201522C503954,1,3,0,18,0,0,1,10,1,10,1,1,6,1,24,5,125,1,-1,-1,1,-1
201522C503970,1,9,0,18,0,8,0,0,0,0,1,1,1,1,41,7,1299,1,13,-1,1,-1
201522C503971,1,9,0,9,0,6,0,0,0,0,3,1,2,1,45,7,-1,-1,-1,-1,-1,-1
201522C503971,2,9,0,16,0,8,0,0,1,10,1,1,2,2,19,4,998,1,8,-1,2,-1
201522C503976,1,3,0,11,0,0,0,10,1,1,1,1,6,1,20,4,124,1,11,-1,1,-1
201522C503976,2,3,0,11,0,0,0,0,0,0,0,1,6,1,19,4,124,1,8,-1,1,-1
201522C503987,1,9,0,6,0,0,0,0,0,0,3,1,6,1,20,4,1197,1,-1,-1,1,-1
201522C503987,2,5,0,13,0,0,0,0,0,0,1,1,6,1,52,8,-1,-1,-1,-1,1,-1
201522C503990,1,9,0,5,0,6,0,0,1,1,1,1,6,1,63,9,1396,1,19,-1,3,-1
201522C503990,2,11,0,18,0,8,1,0,0,0,4,1,1,1,23,5,5900,2,6,-1,3,-1
201522C503996,1,21,1,18,0,0,0,0,0,0,2,1,1,1,32,6,12740,2,4,-1,1,-1
201522C503996,2,9,0,18,0,0,0,0,0,0,1,1,6,1,84,11,1797,8,-1,-1,1,-1
201522C503997,1,4,0,13,0,8,0,0,0,0,1,1,6,1,18,4,124,1,2,-1,3,-1
201522C503997,2,9,0,9,0,5,0,0,0,0,3,1,6,2,46,8,1769,1,13,-1,1,-1
201522C504002,1,9,0,9,0,6,0,0,0,0,1,1,2,1,41,7,1796,1,12,-1,1,-1
201522C504002,2,1,0,18,0,8,0,0,0,0,4,1,2,2,60,9,-1,-1,-1,-1,1,-1
201522C504033,1,9,0,18,0,8,0,0,0,0,1,1,6,2,29,6,1995,2,14,-1,3,-1
201522C504033,2,9,0,9,0,6,0,0,1,0,3,1,6,1,38,7,1998,2,9,-1,1,-1
201522C504035,1,9,0,18,0,0,0,0,0,0,1,1,6,1,54,8,1951,2,9,-1,1,-1
201522C504035,2,9,0,4,0,0,0,0,0,0,2,1,6,2,26,6,1753,2,12,-1,3,-1
201522C504038,1,19,0,4,9,0,0,0,0,0,4,1,1,1,42,7,1598,2,-1,-1,-1,-1
201522C504040,1,3,0,14,0,0,0,0,0,0,3,1,6,1,19,4,125,1,-1,-1,1,-1
201522C504040,2,9,0,3,0,0,0,0,0,0,3,1,6,1,53,8,-1,-1,-1,-1,-1,-1
201522C504044,1,3,0,7,0,6,0,10,7,2,1,1,6,1,40,7,114,1,2,-1,1,-1
201522C504048,1,9,0,18,0,0,0,4,0,0,1,1,6,1,73,10,1396,2,2,-1,2,-1
201522C504048,2,9,0,2,0,0,0,4,0,0,2,1,6,2,20,4,1242,1,4,-1,3,-1
201522C504048,3,19,0,2,0,0,0,4,0,0,2,1,6,1,47,8,2198,2,-1,-1,3,-1
201522C504074,1,9,0,6,0,8,0,0,0,0,3,1,2,2,52,8,-1,-1,-1,-1,1,-1
201522C504074,2,3,0,14,0,8,0,0,0,0,1,1,2,2,32,6,-1,-1,-1,-1,1,-1
201522C504077,1,10,0,5,0,1,0,0,0,0,0,1,1,3,-1,-1,-1,-1,-1,-1,-1,-1
201522C504077,2,2,0,18,0,1,0,0,0,0,3,1,6,1,16,4,49,1,9,-1,1,-1
201522C504091,1,9,0,18,0,1,0,0,0,0,1,1,6,2,22,5,1995,2,5,-1,1,-1
201522C504091,2,11,0,4,0,1,0,0,0,0,2,1,1,1,46,8,9600,2,19,-1,1,-1
201522C504093,1,9,0,16,0,0,0,0,0,0,1,1,6,2,23,5,1149,1,12,-1,1,-1
201522C504093,2,9,0,17,0,0,0,0,0,0,1,1,6,2,56,9,1597,1,22,-1,3,-1
201522C504099,1,9,0,11,0,0,1,0,0,0,1,1,6,1,49,8,1299,1,11,-1,1,-1
201522C504099,2,9,0,18,0,0,0,0,0,0,2,1,6,1,41,7,-1,-1,-1,-1,1,-1
201522C504099,3,9,0,18,0,0,0,0,0,0,2,1,6,2,38,7,-1,-1,-1,-1,1,-1
201522C504102,1,3,0,4,0,0,0,0,0,0,1,1,6,1,36,7,125,1,9,-1,3,-1
201522C504102,2,19,0,1,0,0,0,0,0,0,2,1,1,1,48,8,2198,2,2,-1,-1,-1
201522C504108,1,9,0,9,0,6,0,0,0,0,1,1,2,1,29,6,1598,1,7,-1,1,-1
201522C504116,1,20,0,13,0,0,0,0,0,0,1,1,1,1,31,6,-1,-1,-1,-1,1,-1
201522C504116,2,19,0,3,0,0,0,0,0,0,2,1,6,2,44,7,1461,2,10,-1,1,-1
201522C504118,1,17,4,18,0,0,0,0,0,0,2,1,1,2,38,7,-1,2,7,-1,-1,-1
201522C504118,2,9,0,18,0,0,0,0,0,0,1,1,6,2,83,11,998,1,13,-1,3,-1
201522C504120,1,9,0,17,0,4,0,0,0,0,1,1,6,2,48,8,2993,2,3,-1,-1,-1
201522C504120,2,1,0,18,0,8,0,0,0,0,1,1,2,1,24,5,-1,-1,-1,-1,-1,-1
201522C504122,1,9,0,17,0,0,0,0,0,0,1,1,2,1,61,9,-1,-1,-1,-1,2,-1
201522C504122,2,9,0,16,0,0,0,0,0,0,1,1,1,1,24,5,1781,1,14,-1,2,-1
201522C504123,1,9,0,1,0,5,0,0,0,0,0,1,6,1,69,10,1197,1,1,-1,-1,-1
201522C504123,2,1,0,18,0,8,0,10,1,0,4,1,6,1,54,8,-1,-1,-1,-1,-1,-1
201522C504126,1,9,0,9,0,6,0,0,0,0,1,1,6,1,21,5,-1,-1,-1,-1,2,-1
201522C504126,2,21,1,18,0,8,5,0,0,0,1,1,1,1,48,8,12777,2,-1,-1,3,-1
201522C504127,1,19,0,17,0,0,0,0,1,0,2,1,6,2,45,7,2198,2,-1,-1,1,-1
201522C504127,2,9,0,17,0,0,0,0,0,0,1,1,6,3,-1,-1,-1,-1,-1,-1,-1,-1
201522C504131,1,9,0,16,0,0,2,10,1,1,1,1,2,1,26,6,1149,1,17,-1,3,-1
201522C504136,1,9,0,18,0,0,1,0,0,0,4,1,6,1,59,9,1598,1,14,-1,1,-1
201522C504137,1,9,0,3,0,1,0,0,0,0,2,1,1,1,17,4,1499,2,1,-1,1,-1
201522C504137,2,19,0,5,0,4,0,0,0,0,1,1,6,1,29,6,-1,-1,-1,-1,3,-1
201522C504138,1,9,0,18,0,0,1,0,1,0,4,1,6,1,19,4,1997,1,14,-1,1,-1
201522C504138,2,9,0,18,0,0,0,0,1,0,1,1,6,2,44,7,1997,2,8,-1,1,-1
201522C504150,1,19,0,18,0,1,0,0,0,0,1,1,6,2,31,6,2198,2,9,-1,1,-1
201522C504150,2,9,0,5,0,1,0,0,0,0,3,1,6,1,32,6,1242,1,15,-1,1,-1
201522C504152,1,3,0,18,0,4,0,0,0,0,3,1,2,1,26,6,-1,-1,-1,-1,1,-1
201522C504153,1,9,0,18,0,0,1,0,0,0,1,1,6,1,51,8,1598,1,15,-1,1,-1
201522C504153,2,9,0,4,0,0,0,0,0,0,2,1,6,1,23,5,1968,2,6,-1,1,-1
201522C504156,1,9,0,9,0,5,0,0,0,0,3,1,1,2,51,8,1124,1,9,-1,1,-1
201522C504156,2,1,0,18,0,8,0,0,0,0,1,1,2,1,35,6,-1,-1,-1,-1,-1,-1
201522C504161,1,8,0,18,0,3,0,0,0,0,3,1,1,2,65,9,1997,2,4,-1,-1,-1
201522C504161,2,3,0,9,0,8,0,0,0,0,4,1,6,2,30,6,102,1,11,-1,2,-1
201522C504175,1,9,0,18,0,8,0,0,0,0,4,1,6,3,-1,-1,-1,-1,-1,-1,-1,-1
201522C504179,1,9,0,7,0,6,0,0,0,0,1,1,6,2,20,4,973,1,14,-1,1,-1
201522C504179,2,9,0,18,0,8,0,0,0,0,4,1,6,2,25,5,1598,2,2,-1,-1,-1
201522C504182,1,9,0,18,0,0,0,0,0,0,1,1,6,2,63,9,1229,1,4,-1,-1,-1
201522C504182,2,1,0,4,0,0,0,0,0,0,2,1,6,2,40,7,-1,-1,-1,-1,1,-1
201522C504196,1,9,0,9,0,5,0,0,0,0,1,1,6,1,75,10,2967,2,6,-1,2,-1
201522C504196,2,9,0,18,0,8,0,0,0,0,1,1,6,1,33,6,1968,2,5,-1,3,-1
201522C504199,1,19,0,4,0,0,1,0,0,0,1,1,1,1,35,6,2143,2,3,-1,1,-1
201522C504199,2,9,0,4,0,0,1,0,0,0,2,1,6,1,22,5,1896,2,12,-1,1,-1
201522C504199,3,9,0,4,0,0,1,0,0,0,2,1,6,1,21,5,-1,-1,-1,-1,3,-1
201522C504199,4,9,0,4,0,0,1,0,0,0,2,1,1,1,53,8,1995,2,2,-1,1,-1
201522C504199,5,9,0,4,0,0,0,0,0,0,2,1,6,1,35,6,1598,2,1,-1,1,-1
201522D500048,1,9,0,5,0,1,0,0,0,0,3,1,6,3,-1,-1,1596,1,3,-1,-1,-1
201522D500048,2,9,0,2,0,1,0,0,0,0,0,1,6,2,46,8,1397,1,7,-1,1,-1
201522D500093,1,9,0,16,0,0,0,0,7,4,1,1,6,1,28,6,3993,1,1,-1,1,-1
201522D500097,1,19,0,5,9,6,0,0,0,0,4,1,1,1,28,6,10837,2,4,-1,1,-1
201522D500098,1,9,0,16,0,0,2,0,7,2,1,1,6,1,29,6,-1,-1,-1,-1,2,-1
201522D500098,2,9,0,2,0,0,0,0,0,0,1,1,6,2,54,8,1753,2,9,-1,1,-1
201522D500114,1,9,0,18,0,8,0,0,0,0,1,1,6,2,28,6,1242,1,1,-1,2,-1
201522D500114,2,9,0,10,0,8,0,0,0,0,2,1,6,2,22,5,1598,1,5,-1,3,-1
201522D500114,3,9,0,14,0,8,0,0,0,0,0,1,6,3,-1,-1,-1,-1,-1,-1,-1,-1
201522D500116,1,9,0,5,0,6,0,0,0,0,3,1,6,1,29,6,1595,1,12,-1,3,-1
201522D500116,2,9,0,18,0,1,0,0,0,0,1,1,6,2,40,7,1461,2,4,-1,1,-1
201522D500122,1,9,0,18,0,0,0,0,0,0,1,1,6,1,70,10,1997,2,11,-1,1,-1
201522D500122,2,9,0,18,0,0,0,0,0,0,1,1,6,2,27,6,1598,1,11,-1,1,-1
201522D500124,1,21,0,17,0,0,0,10,1,4,1,1,1,1,46,8,9200,2,13,-1,3,-1
201522D500147,1,9,0,18,0,0,2,0,2,10,4,1,2,1,22,5,1390,1,7,-1,-1,-1
201522D500150,1,8,0,5,0,4,0,0,0,0,1,1,1,1,45,7,-1,-1,-1,-1,1,-1
201522D500150,2,9,0,8,0,1,0,0,0,0,2,1,6,2,33,6,1149,1,16,-1,1,-1
201522D500173,1,9,0,9,0,1,0,0,0,0,4,1,6,1,77,11,1560,2,5,-1,1,-1
201522D500173,2,3,0,18,0,1,0,0,0,0,3,1,6,1,17,4,124,1,8,-1,1,-1
201522D500187,1,9,0,17,0,0,0,0,0,0,4,1,6,1,21,5,1896,2,18,-1,1,-1
201522D500187,2,9,0,18,0,0,0,0,0,0,1,1,6,1,57,9,2179,2,5,-1,1,-1
201522D500196,1,5,0,13,0,0,0,0,0,0,1,1,2,1,24,5,998,1,1,-1,1,-1
201522D500196,2,9,0,3,0,0,0,0,0,0,2,1,2,1,32,6,1991,2,9,-1,1,-1
201522D500197,1,9,0,5,0,1,0,11,0,0,1,1,6,1,56,9,1998,2,10,-1,-1,-1
201522D500216,1,20,0,2,0,0,0,0,0,0,2,1,1,1,50,8,11967,2,6,-1,1,-1
201522D500216,2,9,0,18,0,0,0,4,0,0,1,1,6,2,42,7,-1,-1,-1,-1,2,-1
201522D500219,1,9,0,3,0,1,0,0,0,0,2,1,6,2,19,4,998,1,11,-1,1,-1
201522D500219,2,9,0,4,0,1,0,0,0,0,1,1,6,2,20,4,-1,-1,-1,-1,1,-1
201522D500223,1,9,0,18,0,1,0,0,0,0,1,1,6,2,26,6,1149,1,12,-1,1,-1
201522D500223,2,9,0,3,0,1,0,0,0,0,2,1,6,1,65,9,1398,2,9,-1,1,-1
201522D500223,3,9,0,3,0,1,0,0,0,0,2,1,6,2,45,7,-1,-1,-1,-1,2,-1
201522D500223,4,9,0,3,0,1,0,0,0,0,2,1,6,2,60,9,1598,2,1,-1,1,-1
201522D500223,5,9,0,3,0,1,0,0,0,0,2,1,6,1,25,5,2000,2,5,-1,1,-1
201522D500241,1,9,0,9,0,5,0,0,0,0,1,1,6,1,45,7,-1,-1,-1,-1,1,-1
201522D500241,2,9,0,18,0,8,0,0,0,0,1,1,6,2,47,8,1364,1,7,-1,1,-1
201522D500244,1,9,0,18,0,7,5,0,1,0,2,1,6,2,83,11,-1,-1,-1,-1,1,-1
201522D500244,2,9,0,18,0,8,0,0,0,0,1,1,6,1,20,4,-1,-1,-1,-1,1,-1
201522D500261,1,19,0,15,0,8,0,0,0,0,3,1,1,1,33,6,1998,2,10,-1,-1,-1
201522D500261,2,19,0,7,0,5,0,0,0,0,4,1,2,2,45,7,1461,2,12,-1,1,-1
201522D500280,1,8,0,4,0,3,0,0,0,0,2,1,1,1,36,7,1896,2,6,-1,1,-1
201522D500280,2,9,0,4,0,3,0,0,0,0,1,1,2,1,32,6,1997,2,17,-1,1,-1
201522D500282,1,9,0,14,0,0,0,4,0,0,1,1,6,1,90,11,1329,1,1,-1,1,-1
201522D500282,2,9,0,14,0,0,0,0,0,0,1,1,6,2,49,8,1240,1,9,-1,1,-1
201522D500282,3,9,0,2,0,0,0,0,0,0,2,1,6,3,60,9,-1,-1,-1,-1,1,-1