Accident_Index,Vehicle_Reference,Vehicle_Type,Towing_and_Articulation,Vehicle_Manoeuvre,Vehicle_Location-Restricted_Lane,Junction_Location,Skidding_and_Overturning,Hit_Object_in_Carriageway,Vehicle_Leaving_Carriageway,Hit_Object_off_Carriageway,1st_Point_of_Impact,Was_Vehicle_Left_Hand_Drive?,Journey_Purpose_of_Driver,Sex_of_Driver,Age_of_Driver,Age_Band_of_Driver,Engine_Capacity_(CC),Propulsion_Code,Age_of_Vehicle,Driver_IMD_Decile,Driver_Home_Area_Type,Vehicle_IMD_Decile
201522D503138,1,90,5,18,0,0,5,0,1,1,1,1,6,1,79,11,1998,1,17,-1,1,-1
201522D503139,1,9,0,4,0,1,0,0,0,0,1,1,6,2,47,8,1591,1,5,-1,1,-1
201522D503142,1,9,0,16,0,0,0,10,7,10,1,1,6,2,32,6,2926,2,13,-1,1,-1
201522D503149,1,90,0,18,0,6,0,4,0,0,1,1,6,1,69,10,-1,-1,-1,-1,1,-1
201522D503149,2,9,0,18,0,1,0,0,0,0,3,1,6,1,80,11,1328,1,11,-1,-1,-1
201522D503149,3,9,0,2,0,1,0,0,0,0,1,1,6,3,-1,-1,-1,-1,-1,-1,-1,-1
201522D503153,1,9,0,7,0,5,0,0,0,0,4,1,6,1,25,5,1598,1,2,-1,3,-1
201522D503153,2,21,1,18,0,8,0,0,0,0,1,1,1,1,50,8,12740,2,2,-1,-1,-1
201522D503176,1,9,0,4,0,1,0,0,0,0,1,1,2,1,35,6,-1,-1,-1,-1,-1,-1
201522D503176,2,9,0,4,0,1,0,0,0,0,2,1,6,1,56,9,2231,2,3,-1,1,-1
201522D503191,1,9,0,18,0,8,0,0,0,0,4,1,6,2,33,6,1956,2,6,-1,1,-1
201522D503191,2,9,0,9,0,6,0,0,0,0,1,1,6,1,42,7,1124,1,15,-1,-1,-1
201522D503198,1,9,0,18,0,0,0,0,0,0,1,1,6,1,22,5,2490,1,21,-1,1,-1
201522D503219,1,9,0,9,0,5,0,0,0,0,1,1,6,1,68,10,1527,2,19,-1,2,-1
201522D503219,2,9,0,16,0,8,0,0,0,0,1,1,6,1,66,10,700,1,43,-1,1,-1
201522D503228,1,9,0,18,0,0,0,0,0,0,3,1,6,1,39,7,1598,1,12,-1,1,-1
201522D503248,1,9,0,5,0,6,0,0,0,0,3,1,6,2,81,11,1560,2,-1,-1,1,-1
201522D503248,2,9,0,18,0,8,1,0,0,0,1,1,6,2,34,6,1396,1,12,-1,1,-1
201522D503249,1,9,0,18,0,0,0,12,0,0,4,1,6,1,71,10,1461,2,6,-1,3,-1
201522D503252,1,9,0,3,0,1,0,0,0,0,2,1,6,1,53,8,2776,2,10,-1,1,-1
201522D503252,2,9,0,4,0,1,0,0,0,0,1,1,6,2,29,6,1560,2,2,-1,1,-1
201522D503278,1,19,0,11,0,0,0,0,0,0,4,1,1,1,27,6,-1,-1,-1,-1,3,-1
201522D503278,2,21,1,3,0,0,0,0,0,0,3,1,1,1,45,7,-1,-1,-1,-1,-1,-1
201522D503288,1,9,0,5,0,4,0,0,0,0,1,1,6,2,64,9,1349,1,5,-1,3,-1
201522D503288,2,1,0,18,0,8,0,0,0,0,4,1,6,2,71,10,-1,-1,-1,-1,1,-1
201522D503290,1,9,0,17,0,0,2,0,2,4,3,1,6,1,33,6,1988,1,13,-1,2,-1
201522D503290,2,9,0,16,0,0,0,0,0,0,3,1,6,1,27,6,999,1,5,-1,1,-1
201522D503300,1,9,0,17,0,0,0,0,1,7,1,1,6,1,82,11,1390,1,4,-1,1,-1
201522D503304,1,9,0,3,0,0,0,0,0,0,2,1,6,2,29,6,-1,-1,-1,-1,-1,-1
201522D503304,2,9,0,4,0,0,0,0,0,0,1,1,1,1,41,7,-1,-1,-1,-1,3,-1
201522D503305,1,5,0,13,0,8,0,0,0,0,1,1,6,1,20,4,600,1,16,-1,2,-1
201522D503305,2,9,0,9,0,5,0,0,0,0,3,1,6,2,19,4,1360,1,9,-1,3,-1
201522D503316,1,9,0,18,0,0,0,0,0,0,1,1,6,1,71,10,2400,2,1,-1,1,-1
201522D503316,2,9,0,18,0,0,0,0,0,0,2,1,6,1,51,8,2776,2,10,-1,1,-1
201522D503323,1,9,0,13,0,0,1,0,2,4,1,1,6,1,19,4,1998,1,4,-1,1,-1
201522D503324,1,9,0,7,0,3,0,0,0,0,4,1,2,2,21,5,1199,1,12,-1,1,-1
201522D503324,2,9,0,18,0,8,0,0,0,0,3,1,6,1,20,4,-1,-1,-1,-1,1,-1
201522D503336,1,9,0,18,0,8,0,0,0,0,1,1,6,1,38,7,1598,2,-1,-1,1,-1
201522D503336,2,9,0,18,0,6,0,10,7,10,4,1,6,1,35,6,3200,1,8,-1,1,-1
201522D503342,1,9,0,9,0,6,0,0,0,0,3,1,6,1,63,9,2488,2,4,-1,1,-1
201522D503342,2,5,0,14,0,8,0,0,0,0,1,1,6,1,51,8,1050,1,-1,-1,1,-1
201522D503372,1,19,0,18,0,6,0,0,0,0,4,1,1,1,24,5,1997,2,7,-1,1,-1
201522D503372,2,5,0,18,0,8,1,0,0,0,1,1,6,1,32,6,-1,-1,-1,-1,1,-1
201522D503379,1,9,0,18,0,0,0,0,0,0,1,1,6,1,26,6,1598,1,8,-1,1,-1
201522D503379,2,9,0,4,0,0,0,0,4,6,2,1,6,2,22,5,1328,1,6,-1,1,-1
201522D503379,3,9,0,4,0,0,0,0,0,0,2,1,6,1,20,4,1596,1,1,-1,-1,-1
201522D503380,1,9,0,7,9,6,0,0,0,0,4,1,2,2,45,7,998,1,1,-1,1,-1
201522D503380,2,1,0,18,0,8,0,0,0,0,1,1,6,2,6,2,-1,-1,-1,-1,1,-1
201522D503392,1,9,0,18,0,0,0,0,4,6,1,1,2,1,30,6,1149,1,9,-1,1,-1
201522D503392,2,21,1,18,0,0,0,0,0,0,3,1,1,1,32,6,12900,2,4,-1,1,-1
201522D503394,1,9,0,18,0,0,0,4,1,10,1,1,6,1,31,6,1984,1,14,-1,1,-1
201522D503394,2,9,0,2,0,0,0,0,0,0,1,1,6,2,26,6,1390,1,15,-1,1,-1
201522D503394,3,9,0,2,0,0,0,0,0,0,3,1,6,1,42,7,2184,2,11,-1,1,-1
201522D503394,4,9,0,2,0,0,0,0,0,0,2,1,6,1,48,8,3226,2,13,-1,1,-1
201522D503397,1,9,0,9,0,5,0,0,0,0,4,1,6,2,28,6,3628,2,7,-1,1,-1
201522D503397,2,9,0,18,0,8,1,0,0,0,1,1,6,2,56,9,-1,-1,-1,-1,1,-1
201522D503417,1,9,0,9,0,6,0,0,0,0,1,1,3,2,38,7,998,1,19,-1,2,-1
201522D503417,2,1,0,5,0,8,0,0,0,0,1,1,2,1,25,5,-1,-1,-1,-1,1,-1
201522D503418,1,19,0,18,0,8,0,0,0,0,1,1,6,1,27,6,2299,2,3,-1,1,-1
201522D503418,2,9,0,10,0,8,0,0,0,0,2,1,6,2,59,9,1598,1,11,-1,1,-1
201522D503425,1,5,0,17,0,0,1,10,7,0,1,1,6,1,23,5,599,1,15,-1,1,-1
201522D503426,1,9,0,7,0,6,0,0,0,0,4,1,6,2,67,10,-1,-1,-1,-1,1,-1
201522D503426,2,1,0,18,0,8,0,0,0,0,1,1,6,1,67,10,-1,-1,-1,-1,2,-1
201522D503433,1,9,0,9,0,6,0,0,0,0,3,1,6,2,47,8,1360,1,13,-1,1,-1
201522D503437,1,9,0,9,0,6,0,0,0,0,1,1,2,1,36,7,2495,1,11,-1,1,-1
201522D503437,2,3,0,13,0,8,0,0,0,0,4,1,2,1,21,5,124,1,18,-1,1,-1
201522D503449,1,9,0,5,0,6,0,0,0,0,1,1,2,2,27,6,2495,2,11,-1,1,-1
201522D503449,2,9,0,18,0,8,0,0,0,0,1,1,6,2,78,11,1399,2,11,-1,1,-1
201522D503451,1,9,0,9,0,5,0,0,0,0,3,1,6,1,22,5,1398,1,-1,-1,1,-1
201522D503451,2,19,0,18,0,8,1,0,0,0,1,1,1,1,41,7,2496,2,16,-1,1,-1
201522D503457,1,9,0,6,0,8,0,0,0,0,3,1,6,2,35,6,1799,1,10,-1,1,-1
201522D503457,2,5,0,18,0,8,0,0,0,0,1,1,6,1,60,9,1198,1,2,-1,1,-1
201522D503475,1,9,0,12,0,0,0,0,0,0,1,1,2,1,67,10,1995,2,1,-1,1,-1
201522D503475,2,9,0,12,0,0,2,0,1,7,2,1,1,1,19,4,-1,-1,-1,-1,1,-1
201522D503475,3,9,0,4,0,0,0,0,0,0,2,1,2,1,38,7,2143,2,4,-1,1,-1
201522D503475,4,9,0,4,0,0,0,0,0,0,2,1,6,1,35,6,1800,2,12,-1,1,-1
201522D503475,5,9,0,4,0,0,0,0,0,0,2,1,6,2,32,6,1560,2,6,-1,3,-1
201522D503476,1,9,0,12,0,0,0,0,0,0,3,1,6,3,-1,-1,1951,2,11,-1,-1,-1
201522D503476,2,9,0,12,0,0,0,0,0,0,4,1,6,1,36,7,1998,2,7,-1,1,-1
201522D503477,1,9,0,5,0,1,0,0,0,0,3,1,6,1,54,8,1968,2,1,-1,1,-1
201522D503477,2,5,0,18,0,1,0,0,0,0,1,1,6,1,38,7,1200,1,13,-1,1,-1
201522D503489,1,9,0,16,0,1,0,0,0,0,1,1,6,2,70,10,1497,8,8,-1,3,-1
201522D503489,2,9,0,17,0,2,0,0,0,0,1,1,6,2,46,8,1360,1,13,-1,1,-1
201522D503492,1,3,0,17,0,8,0,0,0,0,3,1,6,1,14,3,-1,-1,-1,-1,1,-1
201522D503493,1,9,0,10,0,1,0,0,0,0,2,1,6,1,32,6,1398,2,11,-1,1,-1
201522D503493,2,9,0,4,0,1,0,0,0,0,1,1,6,1,45,7,-1,-1,-1,-1,1,-1
201522D503502,1,3,0,18,0,0,1,0,0,0,3,1,2,1,25,5,250,1,-1,-1,1,-1
201522D503503,1,3,0,16,0,0,0,0,7,10,1,1,6,1,19,4,-1,-1,-1,-1,-1,-1
201522D503508,1,9,0,18,0,0,0,0,0,0,1,1,6,1,35,6,1995,2,7,-1,-1,-1
201522D503508,2,9,0,4,0,0,0,0,0,0,2,1,6,1,24,5,1995,2,8,-1,1,-1
201522D503513,1,9,4,18,0,0,0,0,0,0,4,1,6,3,-1,-1,-1,-1,-1,-1,-1,-1
201522D503515,1,9,0,18,0,2,0,10,2,10,4,1,6,1,66,10,1781,1,12,-1,3,-1
201522D503537,1,9,0,18,0,0,0,0,0,0,3,1,6,1,71,10,1422,2,1,-1,1,-1
201522D503537,2,16,0,18,0,0,0,0,0,0,3,1,6,2,45,7,-1,-1,-1,-1,3,-1
201522D503542,1,9,0,13,0,0,0,0,0,0,4,1,2,2,54,8,1242,1,2,-1,1,-1
201522D503542,2,1,0,18,0,0,0,0,0,0,3,1,6,1,14,3,-1,-1,-1,-1,1,-1
201522D503549,1,9,0,7,9,5,0,0,0,0,1,1,6,2,49,8,1590,1,14,-1,1,-1
201522D503549,2,1,0,4,9,8,0,0,0,0,4,1,6,1,5,1,-1,-1,-1,-1,1,-1
201522D503558,1,9,0,9,0,5,0,0,0,0,3,1,6,1,-1,-1,-1,-1,-1,-1,-1,-1
201522D503558,2,1,0,4,0,8,0,0,0,0,1,1,6,1,49,8,-1,-1,-1,-1,-1,-1
201522D503569,1,9,0,13,0,0,0,0,0,0,4,1,6,3,-1,-1,-1,-1,-1,-1,-1,-1
201522D503569,2,1,0,16,0,0,0,0,0,0,3,1,6,1,40,7,-1,-1,-1,-1,-1,-1
201522D503575,1,9,0,17,0,0,1,0,1,4,3,1,6,2,17,4,1124,1,13,-1,1,-1
201522D503583,1,19,0,18,0,0,0,0,0,0,4,1,1,3,-1,-1,-1,-1,-1,-1,-1,-1
201522D503586,1,9,0,3,0,1,0,0,0,0,2,1,2,2,32,6,1398,1,-1,-1,1,-1
201522D503586,2,9,0,5,0,1,0,0,0,0,1,1,6,2,50,8,1596,1,7,-1,1,-1
201522D503589,1,9,0,18,0,1,0,0,0,0,1,1,2,2,47,8,1587,1,12,-1,-1,-1
201522D503592,1,9,0,18,0,4,0,0,3,7,1,1,6,2,42,7,1968,2,6,-1,-1,-1
201522D503592,2,9,0,18,0,1,0,0,0,0,0,1,1,1,29,6,1598,2,1,-1,-1,-1
201522D503601,1,9,0,11,0,0,0,0,0,0,1,1,6,1,43,7,-1,-1,-1,-1,1,-1
201522D503601,2,9,0,4,0,0,0,0,0,0,2,1,6,1,45,7,1591,1,-1,-1,-1,-1
201522D503601,3,9,0,18,0,0,5,0,4,6,3,1,6,2,30,6,1390,1,12,-1,1,-1
201522D503608,1,9,0,12,0,2,0,0,0,0,1,1,6,2,22,5,1587,1,13,-1,1,-1
201522D503608,2,9,0,18,0,2,1,4,1,10,2,1,6,2,26,6,1329,1,5,-1,-1,-1
201522D503608,3,9,0,2,0,2,0,10,1,10,2,1,6,1,64,9,1951,2,11,-1,1,-1
201522D503609,1,9,0,3,0,1,0,0,0,0,2,1,6,1,22,5,-1,-1,-1,-1,1,-1
201522D503609,2,9,0,4,0,1,0,0,0,0,2,1,6,1,34,6,1248,1,-1,-1,1,-1
201522D503615,1,9,0,9,0,8,0,0,1,10,4,1,6,1,20,4,1124,1,15,-1,1,-1
201522D503615,2,9,0,17,0,1,0,0,1,0,4,1,6,1,42,7,1098,1,45,-1,1,-1
201522D503621,1,9,0,18,0,1,0,0,0,0,4,1,6,1,49,8,1368,1,5,-1,1,-1
201522D503621,2,9,0,18,0,1,0,0,0,0,3,1,1,1,44,7,-1,-1,-1,-1,-1,-1
201522D503632,1,19,0,4,0,1,1,0,0,0,1,1,1,1,47,8,1870,2,12,-1,-1,-1
201522D503632,2,9,0,3,0,1,0,0,0,0,2,1,1,2,64,9,2993,2,3,-1,-1,-1
201522D503651,1,9,0,18,0,8,0,0,0,0,1,1,2,2,56,9,-1,-1,-1,-1,-1,-1
201522D503651,2,1,0,9,0,8,0,0,0,0,3,1,2,1,55,8,-1,-1,-1,-1,1,-1
201522D503655,1,4,0,13,0,0,1,11,0,0,4,1,6,1,34,6,499,1,9,-1,1,-1
201522D503662,1,9,0,9,0,5,0,0,0,0,0,1,6,1,58,9,2261,1,11,-1,1,-1
201522D503662,2,5,0,18,0,8,0,0,0,0,4,1,6,1,51,8,998,1,7,-1,-1,-1
201522D503696,1,9,0,7,0,1,1,0,1,4,2,1,6,1,31,6,1798,1,13,-1,1,-1
201522D503715,1,19,0,18,0,6,0,0,0,0,3,1,2,1,48,8,2198,2,-1,-1,-1,-1
201522D503715,2,9,0,9,0,6,0,0,0,0,4,1,2,2,34,6,1240,1,11,-1,-1,-1
201522D503724,1,9,0,4,0,1,0,0,0,0,1,1,6,2,32,6,1986,2,9,-1,1,-1
201522D503724,2,9,0,8,0,1,0,0,0,0,2,1,6,1,50,8,1368,1,5,-1,1,-1
201522D503725,1,16,0,18,0,0,0,0,0,0,3,1,6,2,44,7,-1,-1,-1,-1,1,-1
201522D503725,2,9,0,13,0,0,0,0,0,0,4,1,6,1,63,9,1992,2,7,-1,1,-1
201522D503736,1,9,0,18,0,0,0,0,0,0,4,1,3,2,44,7,1240,1,10,-1,3,-1
201522D503740,1,9,0,16,0,5,0,0,0,0,4,1,1,2,58,9,1198,1,-1,-1,1,-1
201522D503814,1,9,0,5,0,4,0,0,0,0,0,1,6,3,-1,-1,-1,-1,-1,-1,-1,-1
201522D503814,2,3,0,9,0,8,0,0,0,0,3,1,2,1,20,4,124,1,6,-1,1,-1
201522D503820,1,9,0,18,0,4,0,10,1,10,1,1,6,1,23,5,1995,2,8,-1,1,-1
201522D503820,2,9,0,18,0,4,0,0,0,0,4,1,6,1,48,8,1364,1,7,-1,1,-1
201522D503846,1,9,0,18,0,0,0,0,0,0,1,1,6,1,57,9,2967,1,14,-1,3,-1
201522D503863,1,5,0,18,0,1,0,0,0,0,1,1,6,1,65,9,-1,-1,-1,-1,1,-1
201522D503863,2,9,0,9,0,5,0,0,0,0,4,1,6,2,35,6,-1,-1,-1,-1,1,-1
201522D503906,1,9,0,17,0,0,0,0,0,0,1,1,6,2,21,5,1599,1,12,-1,3,-1
201522D503906,2,19,0,16,0,0,0,0,0,0,1,1,1,1,23,5,1598,2,-1,-1,-1,-1
201522D503911,1,9,0,18,0,0,5,0,7,10,1,1,6,3,-1,-1,2148,2,10,-1,-1,-1
201522D503916,1,9,0,16,0,0,0,0,0,0,1,1,6,1,47,8,2967,2,7,-1,1,-1
201522D503916,2,9,0,17,0,0,0,0,0,0,1,1,6,1,25,5,-1,-1,-1,-1,1,-1
201522D503921,1,9,0,17,0,8,0,0,0,0,1,1,6,1,40,7,1956,2,1,-1,1,-1
201522D503921,2,9,0,16,0,8,0,0,0,0,1,1,6,1,49,8,1995,2,4,-1,1,-1
201522D503936,1,9,0,18,0,0,0,0,0,0,1,1,1,1,38,7,-1,-1,-1,-1,1,-1
201522D503936,2,9,0,18,0,0,0,0,0,0,1,1,6,1,64,9,1870,2,12,-1,1,-1
201522D503953,1,9,0,11,0,0,1,0,5,6,1,1,6,1,48,8,1360,1,13,-1,-1,-1
201522D503953,2,9,0,18,0,0,1,0,1,7,3,1,6,1,20,4,1242,1,7,-1,1,-1
201522D503956,1,2,0,4,0,0,0,0,0,0,2,1,2,1,16,4,49,1,-1,-1,1,-1
201522D503956,2,9,0,18,0,0,0,0,0,0,1,1,2,2,22,5,998,1,16,-1,1,-1
201522D503958,1,9,0,7,0,6,0,0,0,0,1,1,6,1,37,7,1794,1,9,-1,-1,-1
201522D503958,2,1,0,18,0,8,0,0,0,0,3,1,6,1,29,6,-1,-1,-1,-1,1,-1
201522D503961,1,9,0,7,0,4,0,0,0,0,1,1,2,2,38,7,1560,2,3,-1,1,-1
201522D503961,2,9,0,8,0,1,0,0,0,0,2,1,2,1,44,7,1796,1,10,-1,1,-1
201522D503969,1,9,0,4,0,1,0,0,0,0,1,1,6,2,41,7,1997,2,6,-1,1,-1
201522D503969,2,9,0,3,0,1,0,0,0,0,2,1,6,2,18,4,1248,2,1,-1,-1,-1
201522D503974,1,9,0,13,0,0,0,0,0,0,4,1,3,2,47,8,-1,-1,-1,-1,1,-1
201522D503974,2,9,0,18,0,0,0,0,0,0,3,1,2,2,23,5,1299,1,15,-1,1,-1
201522D503975,1,9,0,18,0,0,0,0,0,0,1,1,6,1,79,11,1598,1,15,-1,1,-1
201522D503992,1,9,0,9,0,5,0,0,0,0,3,1,1,1,48,8,1968,2,3,-1,1,-1
201522D503992,2,9,0,18,0,8,0,0,0,0,1,1,1,1,44,7,1968,2,2,-1,1,-1
201522D504001,1,9,0,7,0,6,0,0,0,0,4,1,6,1,60,9,1896,2,6,-1,1,-1
201522D504003,1,9,0,9,4,5,0,0,0,0,4,1,6,1,65,9,1590,1,24,-1,1,-1
201522D504003,2,1,0,18,4,8,0,0,0,0,1,1,6,1,59,9,-1,-1,-1,-1,-1,-1
201522D504025,1,9,0,18,0,8,0,0,0,0,4,1,6,3,-1,-1,-1,-1,-1,-1,-1,-1
201522D504031,1,9,0,16,0,8,0,0,0,0,1,1,6,1,40,7,1910,2,8,-1,1,-1
201522D504031,2,9,0,13,0,8,0,0,7,0,1,1,6,1,18,4,1598,1,11,-1,1,-1
201522D504045,1,9,0,13,0,1,0,0,0,0,4,1,6,2,33,6,-1,-1,-1,-1,3,-1
201522D504045,2,1,0,18,0,1,0,0,1,0,3,1,2,1,27,6,-1,-1,-1,-1,-1,-1
201522D504046,1,9,0,16,0,0,0,0,0,0,4,1,6,1,53,8,1968,2,-1,-1,1,-1
201522D504046,2,4,0,16,0,0,0,0,0,0,3,1,6,1,58,9,499,1,61,-1,1,-1
201522D504046,3,9,0,16,0,0,0,0,0,0,1,1,6,2,71,10,1360,1,12,-1,1,-1
201522D504046,4,9,0,16,0,0,0,0,0,0,1,1,6,1,40,7,1910,2,9,-1,1,-1
201522D504053,1,19,0,18,0,8,0,0,0,0,1,1,1,1,23,5,1560,2,1,-1,2,-1
201522D504053,2,9,0,4,0,8,0,0,1,0,2,1,6,2,55,8,1598,1,13,-1,3,-1
201522D504075,1,19,0,4,0,1,0,0,0,0,1,1,6,1,33,6,-1,-1,-1,-1,-1,-1
201522D504075,2,9,0,3,0,1,0,0,0,0,2,1,2,2,50,8,1242,1,1,-1,1,-1
201522D504094,1,19,0,12,0,1,0,0,0,0,3,1,1,1,46,8,-1,-1,-1,-1,3,-1
201522D504094,2,5,0,13,0,1,0,0,0,0,4,1,2,1,43,7,749,1,8,-1,1,-1
201522D504095,1,9,0,18,0,8,0,0,0,0,4,1,1,1,39,7,-1,-1,-1,-1,-1,-1
201522D504095,2,1,0,9,0,5,0,0,0,0,1,1,6,1,14,3,-1,-1,-1,-1,-1,-1
201522D504096,1,9,0,9,0,6,0,0,0,0,3,1,6,2,19,4,1149,1,13,-1,1,-1
201522D504096,2,2,0,14,0,8,1,0,0,0,1,1,6,1,64,9,175,1,53,-1,1,-1
201522D504109,1,9,0,18,0,0,0,0,0,0,1,1,6,1,19,4,1596,1,12,-1,1,-1
201522D504109,2,9,0,3,0,0,0,0,0,0,2,1,6,2,57,9,1240,1,8,-1,1,-1
201522D504109,3,9,0,3,0,0,0,0,0,0,2,1,6,2,27,6,1364,1,11,-1,1,-1
201522D504109,4,9,0,3,0,0,0,0,0,0,2,1,6,2,28,6,1598,2,2,-1,1,-1
201522D504109,5,9,0,3,0,0,0,0,0,0,3,1,6,1,38,7,-1,-1,-1,-1,-1,-1
201522D504112,1,1,0,18,0,8,0,0,0,0,4,1,6,1,15,3,-1,-1,-1,-1,1,-1
201522D504112,2,9,0,5,0,6,0,0,0,0,1,1,6,2,62,9,1197,1,-1,-1,1,-1
201522D504144,1,9,0,18,9,1,0,4,2,3,1,1,6,1,47,8,3456,8,2,-1,3,-1
201522D504144,2,9,0,2,9,1,0,0,0,0,3,1,6,1,67,10,2495,2,21,-1,1,-1
201522D504144,3,9,0,2,9,1,0,0,0,0,2,1,6,2,36,7,1398,2,13,-1,-1,-1
201522D504144,4,9,0,18,0,2,0,0,0,0,1,1,6,1,49,8,1596,1,12,-1,1,-1
201522D504144,5,9,0,2,9,1,0,0,0,0,3,1,6,1,29,6,1896,2,13,-1,1,-1
201522D504145,1,9,0,18,0,8,0,0,0,0,1,1,6,2,33,6,2720,2,7,-1,3,-1
201522D504145,2,9,0,4,0,8,0,0,0,0,2,1,6,1,42,7,1997,2,2,-1,1,-1
201522D504154,1,9,0,17,0,0,0,4,0,0,1,1,6,1,42,7,1560,2,1,-1,1,-1
201522D504154,2,9,0,2,0,0,0,4,0,0,2,1,6,1,30,6,2204,2,8,-1,1,-1
201522D504154,3,9,0,2,0,0,0,4,0,0,2,1,6,2,37,7,1198,1,13,-1,1,-1
201522D504154,4,9,0,2,0,0,0,4,0,0,2,1,6,1,35,6,-1,-1,-1,-1,1,-1
201522D504180,1,1,0,18,0,3,0,0,0,0,3,1,6,2,44,7,-1,-1,-1,-1,1,-1
201522D504180,2,9,0,5,0,4,0,0,0,0,0,1,6,1,-1,-1,-1,-1,-1,-1,-1,-1
201522D504181,1,9,0,18,0,2,0,0,0,0,1,1,6,1,25,5,1388,1,15,-1,1,-1
201522D504181,2,9,0,2,0,2,0,0,0,0,4,1,6,1,49,8,2143,2,-1,-1,-1,-1
201522D504187,1,9,0,18,0,1,0,0,0,0,1,1,3,2,45,7,1598,1,8,-1,1,-1
201522D504190,1,9,0,18,0,6,0,0,0,0,1,1,6,1,32,6,1794,1,9,-1,1,-1
201522D504190,2,9,0,16,0,8,0,0,0,0,3,1,6,1,77,11,-1,-1,-1,-1,1,-1
201522D504195,1,9,0,4,0,4,0,0,0,0,2,1,6,1,34,6,1596,1,13,-1,-1,-1
201522D504195,2,9,0,5,0,4,0,0,0,0,1,1,6,2,31,6,1796,1,15,-1,1,-1
201522D504210,1,9,0,4,0,0,0,0,0,0,2,1,6,1,26,6,1995,2,3,-1,1,-1
201522D504210,2,9,0,4,0,0,0,0,0,0,2,1,6,2,62,9,1991,2,7,-1,1,-1
201522D504210,3,9,0,18,0,0,1,0,0,0,1,1,6,2,54,8,1796,1,15,-1,1,-1
201522D504213,1,9,0,5,9,0,0,0,0,0,3,1,6,2,-1,-1,-1,-1,-1,-1,-1,-1
201522D504226,1,9,0,15,0,0,5,10,1,0,1,1,2,2,30,6,1242,1,4,-1,1,-1
201522D504238,1,17,5,18,0,0,0,0,1,3,1,1,1,2,45,7,-1,-1,-1,-1,-1,-1
201522D504238,2,9,0,18,0,0,0,0,0,0,1,1,6,2,60,9,1199,1,13,-1,1,-1
201522D504240,1,9,0,18,0,0,0,0,2,4,1,1,6,1,40,7,1299,1,11,-1,1,-1
201522D504241,1,4,0,7,0,5,1,0,0,0,4,1,2,1,20,4,124,1,5,-1,1,-1
201522D504248,1,9,0,18,0,4,0,0,0,0,1,1,6,3,-1,-1,1796,1,16,-1,-1,-1
201522D504248,2,9,0,3,0,1,0,0,0,0,2,1,6,1,40,7,1596,1,4,-1,1,-1
201522E500039,1,9,0,2,0,0,0,0,0,0,3,1,6,1,22,5,-1,-1,-1,-1,1,-1
201522E500039,2,1,0,14,0,0,0,8,0,0,1,1,6,1,72,10,-1,-1,-1,-1,1,-1
201522E500070,1,9,0,9,0,6,0,0,1,10,4,1,6,1,85,11,-1,-1,-1,-1,3,-1
201522E500070,2,9,0,17,0,8,0,0,1,10,1,1,6,1,66,10,4224,1,91,-1,3,-1
201522E500109,1,9,0,16,0,8,0,0,0,0,1,1,6,2,60,9,-1,-1,-1,-1,1,-1
201522E500109,2,9,0,9,0,6,0,0,0,0,1,1,6,1,50,8,2151,2,13,-1,3,-1
201522E500120,1,1,0,18,0,0,0,0,0,0,1,1,6,1,40,7,-1,-1,-1,-1,3,-1
201522E500120,2,9,0,4,0,0,0,0,0,0,2,1,6,1,67,10,3226,2,14,-1,3,-1
201522E500128,1,9,0,17,0,0,0,0,7,4,1,1,6,1,33,6,1896,2,13,-1,2,-1
201522E500146,1,9,0,9,0,6,0,0,7,0,3,1,6,2,70,10,1198,1,7,-1,3,-1
201522E500146,2,9,0,18,0,8,0,0,1,1,1,1,1,1,50,8,-1,-1,-1,-1,1,-1
201522E500180,1,9,0,16,0,0,0,0,7,0,4,1,6,2,18,4,1360,1,7,-1,1,-1
201522E500180,2,9,0,18,0,0,0,0,0,0,1,1,6,1,67,10,-1,-1,-1,-1,1,-1
201522E500186,1,9,0,18,0,3,0,10,1,2,1,1,6,1,53,8,-1,-1,-1,-1,3,-1
201522E500199,1,9,0,18,0,0,0,0,0,0,1,1,2,2,36,7,1995,2,3,-1,1,-1
201522E500243,1,9,0,18,0,6,0,0,1,0,1,1,6,1,64,9,-1,-1,-1,-1,3,-1
201522E500243,2,9,0,18,0,8,0,0,0,0,1,1,6,2,56,9,-1,-1,-1,-1,1,-1
201522E500246,1,9,0,5,0,0,0,0,0,0,4,1,6,2,65,9,1339,1,3,-1,1,-1
201522E500257,1,5,0,13,0,8,0,0,0,0,1,1,6,1,29,6,675,1,2,-1,1,-1
201522E500257,2,9,0,9,0,5,0,0,0,0,3,1,2,1,49,8,1995,2,11,-1,1,-1
201522E500262,1,9,0,9,0,5,0,0,0,0,1,1,6,2,44,7,1399,2,12,-1,1,-1
201522E500262,2,9,0,18,0,8,0,0,0,0,1,1,6,1,20,4,1461,2,12,-1,3,-1
201522E500266,1,9,0,17,0,0,2,0,1,10,1,1,6,2,23,5,-1,-1,-1,-1,3,-1
201522E500283,1,1,0,18,0,8,0,0,0,0,1,1,6,1,23,5,-1,-1,-1,-1,1,-1