Accident_Index,Vehicle_Reference,Vehicle_Type,Towing_and_Articulation,Vehicle_Manoeuvre,Vehicle_Location-Restricted_Lane,Junction_Location,Skidding_and_Overturning,Hit_Object_in_Carriageway,Vehicle_Leaving_Carriageway,Hit_Object_off_Carriageway,1st_Point_of_Impact,Was_Vehicle_Left_Hand_Drive?,Journey_Purpose_of_Driver,Sex_of_Driver,Age_of_Driver,Age_Band_of_Driver,Engine_Capacity_(CC),Propulsion_Code,Age_of_Vehicle,Driver_IMD_Decile,Driver_Home_Area_Type,Vehicle_IMD_Decile
201522F501433,1,11,0,14,0,0,0,0,0,0,4,1,1,3,-1,-1,9600,2,19,-1,-1,-1
201522F501433,2,90,0,2,0,0,0,0,0,0,0,1,1,2,51,8,-1,-1,-1,-1,1,-1
201522F501467,1,9,0,9,0,5,0,0,0,0,1,1,6,1,50,8,1364,1,1,-1,1,-1
201522F501467,2,9,0,9,0,6,0,0,0,0,1,1,6,1,18,4,1242,1,13,-1,1,-1
201522F501486,1,5,0,13,0,8,0,0,7,0,1,1,6,1,23,5,599,1,8,-1,3,-1
201522F501486,2,5,0,9,0,5,0,0,7,0,2,1,6,1,60,9,1352,1,8,-1,-1,-1
201522F501513,1,9,0,18,0,0,0,0,0,0,1,1,6,1,35,6,-1,-1,-1,-1,1,-1
201522F501535,1,9,0,18,0,0,0,0,0,0,1,1,6,2,66,10,1399,2,7,-1,2,-1
201522F501535,2,9,0,18,0,0,0,0,0,0,1,1,6,1,59,9,1968,2,7,-1,3,-1
201522F501543,1,5,0,4,0,0,1,0,0,0,1,1,2,1,57,9,1043,1,1,-1,1,-1
201522F501543,2,9,0,4,0,0,0,0,0,0,2,1,2,1,20,4,-1,-1,-1,-1,-1,-1
201522F501548,1,9,0,18,0,4,0,0,0,0,1,1,6,2,65,9,1389,1,17,-1,3,-1
201522F501548,2,1,0,18,0,4,0,0,0,0,1,1,6,1,30,6,-1,-1,-1,-1,1,-1
201522F501557,1,21,0,18,0,6,0,0,1,0,3,1,1,1,42,7,-1,-1,-1,-1,-1,-1
201522F501557,2,9,0,18,0,8,0,0,0,0,1,1,6,1,81,11,1598,1,9,-1,3,-1
201522F501597,1,9,0,17,0,0,2,0,0,0,3,1,6,1,49,8,1798,2,-1,-1,-1,-1
201522F501597,2,9,0,16,0,0,0,0,7,1,1,1,6,1,27,6,1242,1,15,-1,1,-1
201522F501608,1,9,0,18,0,8,1,0,0,0,1,1,2,1,21,5,1197,1,1,-1,3,-1
201522F501608,2,9,0,9,0,5,0,0,0,0,2,1,3,2,28,6,973,1,14,-1,3,-1
201522F501624,1,9,0,18,0,4,0,0,0,0,1,1,6,2,47,8,1796,1,15,-1,3,-1
201522F501624,2,9,0,9,0,3,0,0,0,0,2,1,3,2,41,7,1686,2,13,-1,-1,-1
201522F501643,1,9,0,5,0,6,0,0,0,0,1,1,6,1,24,5,-1,-1,-1,-1,-1,-1
201522F501643,2,9,0,18,0,8,0,0,0,0,4,1,6,1,48,8,1461,2,3,-1,3,-1
201522F501645,1,5,0,13,0,8,0,0,7,0,1,1,6,1,50,8,1298,1,13,-1,1,-1
201522F501645,2,9,0,9,0,5,0,0,0,0,3,1,6,2,46,8,1995,2,3,-1,-1,-1
201522F501659,1,9,0,18,0,0,0,0,7,9,1,1,6,2,71,10,-1,-1,-1,-1,2,-1
201522F501659,2,9,0,18,0,0,0,0,1,9,1,1,6,1,82,11,1951,2,12,-1,1,-1
201522F501678,1,9,0,18,0,0,5,0,1,10,4,1,6,2,19,4,-1,-1,-1,-1,1,-1
201522F501690,1,9,0,17,0,0,1,0,0,0,1,1,6,2,19,4,1798,1,10,-1,1,-1
201522F501690,2,19,0,16,0,0,0,0,0,0,1,1,6,1,61,9,1995,2,1,-1,3,-1
201522F501695,1,9,0,1,0,6,0,0,0,0,2,1,6,2,67,10,1997,2,13,-1,1,-1
201522F501695,2,1,0,18,0,8,1,0,0,0,3,1,6,1,55,8,-1,-1,-1,-1,3,-1
201522F501701,1,9,0,18,0,8,0,0,0,0,4,1,6,2,54,8,1298,1,13,-1,3,-1
201522F501701,2,1,0,9,0,6,0,0,0,0,1,1,6,1,25,5,-1,-1,-1,-1,2,-1
201522F501702,1,5,0,17,0,0,0,10,1,0,1,1,6,1,21,5,656,1,8,-1,1,-1
201522F501707,1,9,0,18,0,0,5,0,2,7,4,1,1,2,23,5,-1,-1,-1,-1,3,-1
201522F501709,1,9,0,18,0,8,0,0,0,0,1,1,6,2,33,6,2191,2,-1,-1,1,-1
201522F501709,2,5,0,18,0,8,0,0,0,0,4,1,6,1,53,8,1215,1,1,-1,2,-1
201522F501719,1,4,0,13,0,8,0,0,0,0,4,1,2,1,52,8,248,1,34,-1,1,-1
201522F501719,2,9,0,9,0,5,0,0,0,0,3,1,6,2,24,5,1248,2,4,-1,1,-1
201522F501737,1,9,0,16,0,1,2,0,0,0,1,1,6,1,25,5,1349,1,4,-1,1,-1
201522F501749,1,9,0,18,0,1,0,0,0,0,1,1,6,2,36,7,1896,2,11,-1,1,-1
201522F501749,2,9,0,3,0,4,0,0,0,0,2,1,6,2,40,7,1596,1,8,-1,1,-1
201522F501750,1,21,0,18,0,0,0,0,0,0,0,1,1,3,-1,-1,-1,-1,-1,-1,-1,-1
201522F501750,2,20,0,2,6,0,0,0,0,0,0,1,1,1,46,8,5132,2,-1,-1,1,-1
201522F501757,1,19,0,16,0,8,0,0,0,0,1,1,6,1,25,5,1686,2,16,-1,3,-1
201522F501757,2,9,0,17,0,8,0,0,0,0,3,1,6,1,17,4,1124,1,8,-1,3,-1
201522F501760,1,9,0,18,0,0,0,0,0,0,4,1,6,2,35,6,1796,1,15,-1,1,-1
201522F501760,2,1,0,18,0,0,0,0,0,0,2,1,6,1,10,2,-1,-1,-1,-1,1,-1
201522F501763,1,19,0,9,0,4,0,0,0,0,1,1,6,1,45,7,1995,2,8,-1,1,-1
201522F501763,2,3,0,18,0,8,0,0,0,0,1,1,6,1,19,4,125,1,11,-1,1,-1
201522F501778,1,9,0,5,0,1,0,0,0,0,4,1,6,2,29,6,1197,1,-1,-1,1,-1
201522F501810,1,5,0,18,0,0,0,0,0,0,3,1,2,1,51,8,998,1,14,-1,3,-1
201522F501836,1,21,4,7,0,5,0,0,0,0,2,1,1,1,48,8,6693,2,2,-1,1,-1
201522F501836,2,21,1,17,0,1,0,0,0,0,1,1,1,1,35,6,11967,2,5,-1,1,-1
201522F501846,1,9,0,18,0,8,0,0,0,0,1,1,6,1,42,7,1896,2,16,-1,3,-1
201522F501846,2,5,0,8,0,8,0,0,0,0,2,1,6,1,63,9,647,1,16,-1,1,-1
201522F501857,1,9,0,18,0,4,0,0,0,0,1,1,6,2,48,8,1598,1,4,-1,1,-1
201522F501857,2,9,0,9,0,8,0,0,0,0,4,1,6,1,56,9,-1,-1,-1,-1,1,-1
201522F501864,1,9,0,18,0,0,0,0,0,0,4,1,1,1,31,6,-1,-1,-1,-1,3,-1
201522F501900,1,9,0,18,0,0,0,6,0,0,1,1,6,2,39,7,1968,2,8,-1,3,-1
201522F501900,2,9,0,18,0,0,0,0,0,0,1,1,6,1,30,6,1199,1,13,-1,1,-1
201522F501918,1,9,0,5,0,6,0,0,0,0,1,1,6,1,68,10,1396,1,17,-1,2,-1
201522F501918,2,9,0,18,0,8,0,0,0,0,4,1,2,2,20,4,1388,1,12,-1,3,-1
201522F501927,1,9,0,18,0,8,0,0,0,0,1,1,6,1,45,7,1560,2,6,-1,3,-1
201522F501927,2,9,0,18,0,8,5,0,2,10,1,1,6,1,39,7,1998,1,12,-1,2,-1
201522F501928,1,9,0,9,0,6,0,0,0,0,1,1,6,1,79,11,1229,1,10,-1,1,-1
201522F501928,2,3,0,18,0,1,0,0,0,0,1,1,6,1,22,5,124,1,1,-1,1,-1
201522F501935,1,4,0,17,0,8,1,0,0,0,1,1,6,1,27,6,399,1,25,-1,3,-1
201522F501935,2,9,0,9,0,5,0,0,0,0,2,1,6,1,81,11,2985,2,20,-1,3,-1
201522F501935,3,9,0,16,0,8,0,0,0,0,1,1,6,1,58,9,1560,2,2,-1,2,-1
201522F501964,1,9,4,18,0,0,0,0,4,6,1,1,6,2,60,9,2495,2,14,-1,3,-1
201522F501964,2,9,0,18,0,0,0,0,0,0,1,1,6,2,51,8,2184,2,9,-1,2,-1
201522F501964,3,19,0,18,0,0,0,0,0,0,1,1,6,1,43,7,1248,2,8,-1,1,-1
201522F501964,4,9,0,18,0,0,0,0,0,0,1,1,6,1,52,8,-1,-1,-1,-1,1,-1
201522F501976,1,9,0,18,0,0,0,0,0,0,1,1,1,1,64,9,1598,2,4,-1,3,-1
201522F501976,2,19,0,18,0,0,0,0,0,0,1,1,1,1,48,8,1753,2,9,-1,-1,-1
201522F501978,1,9,0,5,0,4,0,0,0,0,1,1,2,1,47,8,1968,2,8,-1,1,-1
201522F501978,2,1,0,18,0,8,0,0,0,0,1,1,6,1,49,8,-1,-1,-1,-1,1,-1
201522F501981,1,19,0,4,0,0,0,0,0,0,3,1,6,1,26,6,1753,2,12,-1,3,-1
201522F501981,2,9,0,18,0,0,0,0,0,0,3,1,6,2,67,10,1390,1,8,-1,3,-1
201522F501993,1,9,0,17,0,0,5,0,1,9,1,1,6,2,68,10,1994,1,9,-1,3,-1
201522F501994,1,9,0,18,0,0,0,0,0,0,1,1,6,1,34,6,1198,1,12,-1,1,-1
201522F501994,2,9,0,4,0,0,0,0,0,0,2,1,6,2,61,9,1198,1,2,-1,3,-1
201522F501994,3,19,0,3,0,0,0,0,0,0,2,1,1,1,27,6,-1,-1,-1,-1,1,-1
201522F501999,1,9,0,17,0,0,0,0,1,9,4,1,6,1,75,10,1388,1,9,-1,2,-1
201522F501999,2,17,5,16,0,0,0,0,0,0,0,1,1,3,-1,-1,-1,2,6,-1,-1,-1
201522F502001,1,1,0,18,0,8,0,0,0,0,1,1,6,1,32,6,-1,-1,-1,-1,3,-1
201522F502001,2,19,0,9,0,5,0,0,0,0,4,1,2,1,55,8,1998,2,11,-1,3,-1
201522F502002,1,9,0,18,0,0,1,0,7,10,3,1,6,2,62,9,2495,2,14,-1,3,-1
201522F502030,1,9,0,18,0,0,0,0,0,0,4,1,6,2,34,6,1242,1,2,-1,1,-1
201522F502032,1,3,0,17,0,0,0,0,1,10,1,1,2,1,48,8,96,1,7,-1,1,-1
201522F502032,2,19,0,16,0,0,0,0,0,0,1,1,6,3,-1,-1,-1,-1,-1,-1,-1,-1
201522F502056,1,9,0,18,7,0,0,0,0,0,1,1,6,2,17,4,1242,1,8,-1,1,-1
201522F502056,2,9,0,18,0,0,0,0,0,0,1,1,6,1,40,7,999,1,6,-1,1,-1
201522F502059,1,9,0,18,0,0,0,0,1,1,1,1,6,1,44,7,1299,1,16,-1,1,-1
201522F502066,1,9,0,18,0,8,1,0,0,0,1,1,6,1,22,5,1900,2,17,-1,3,-1
201522F502066,2,9,0,9,0,6,0,0,0,0,1,1,6,2,60,9,2179,2,7,-1,3,-1
201522F502070,1,9,0,18,0,8,0,11,0,10,1,1,6,2,78,11,2987,2,8,-1,2,-1
201522F502076,1,19,0,18,0,0,0,0,0,0,1,1,1,1,53,8,2198,2,2,-1,1,-1
201522F502076,2,19,0,4,0,0,0,0,0,0,2,1,1,1,32,6,2402,2,4,-1,-1,-1
201522F502112,1,9,0,4,0,0,0,0,0,0,4,1,6,2,45,7,3628,2,8,-1,1,-1
201522F502113,1,9,0,17,0,0,0,0,7,2,1,1,6,1,53,8,1956,2,1,-1,-1,-1
201522F502130,1,4,0,18,0,0,1,0,0,0,2,1,2,2,19,4,124,1,2,-1,1,-1
201522F502130,2,9,0,18,0,0,0,0,0,0,1,1,6,3,-1,-1,-1,-1,-1,-1,-1,-1
201522F502150,1,9,0,18,0,0,0,0,4,6,1,1,6,2,24,5,1386,1,12,-1,3,-1
201522F502158,1,3,0,18,0,0,0,11,0,0,1,1,6,1,54,8,124,1,9,-1,-1,-1
201522F502180,1,9,0,5,0,8,0,0,0,0,0,1,6,1,54,8,-1,-1,-1,-1,1,-1
201522F502188,1,9,0,9,0,5,0,0,0,0,3,1,2,1,51,8,1686,2,4,-1,2,-1
201522F502190,1,1,0,18,0,0,0,0,0,0,1,1,2,1,16,4,-1,-1,-1,-1,-1,-1
201522F502190,2,9,0,16,0,0,0,0,0,0,1,1,6,1,29,6,1896,2,18,-1,1,-1
201522F502194,1,19,0,18,0,8,0,0,0,0,1,1,6,2,24,5,2402,2,13,-1,3,-1
201522F502194,2,9,0,10,0,8,0,0,1,1,2,1,6,2,65,9,1198,1,4,-1,3,-1
201522F502194,3,9,0,18,0,8,0,0,0,0,3,1,6,2,19,4,1349,1,1,-1,2,-1
201522F502198,1,1,0,18,0,6,0,0,0,0,1,1,6,2,10,2,-1,-1,-1,-1,1,-1
201522F502198,2,9,0,4,0,1,0,0,0,0,4,1,2,1,24,5,1781,1,14,-1,1,-1
201522F502213,1,9,0,16,0,0,1,0,1,4,1,1,6,1,85,11,2497,1,14,-1,3,-1
201522F502213,2,9,0,18,0,0,0,0,0,0,1,1,6,2,44,7,-1,-1,-1,-1,3,-1
201522F502213,3,9,0,18,0,0,0,0,0,0,1,1,6,2,49,8,-1,-1,-1,-1,3,-1
201522F502213,4,9,0,18,0,0,0,0,0,0,1,1,6,2,44,7,1229,1,1,-1,3,-1
201522F502224,1,9,0,1,0,2,0,0,0,0,2,1,6,1,-1,-1,1910,2,8,-1,-1,-1
201522F502246,1,9,0,18,0,0,1,0,0,0,1,1,6,2,22,5,1360,1,12,-1,3,-1
201522F502246,2,9,0,3,0,0,0,0,0,0,2,1,6,2,74,10,1560,2,5,-1,2,-1
201522F502249,1,9,0,17,0,0,5,10,1,10,1,1,6,1,71,10,1598,1,20,-1,1,-1
201522F502259,1,9,0,18,0,0,5,0,1,3,1,1,6,1,67,10,1364,1,6,-1,2,-1
201522F502260,1,9,0,18,0,0,5,0,2,0,1,1,6,1,19,4,1587,1,13,-1,1,-1
201522F502261,1,9,0,18,0,1,0,0,0,0,1,1,2,1,60,9,1997,2,10,-1,1,-1
201522F502261,2,1,0,18,0,1,0,0,0,1,3,1,3,2,13,3,-1,-1,-1,-1,1,-1
201522F502265,1,9,0,9,0,5,0,0,0,0,4,1,6,1,58,9,1229,1,7,-1,1,-1
201522F502265,2,1,0,18,0,8,0,0,0,0,1,1,6,1,53,8,-1,-1,-1,-1,1,-1
201522F502285,1,9,0,17,0,0,1,0,1,4,1,1,6,1,23,5,1596,1,24,-1,1,-1
201522F502285,2,20,4,16,0,0,0,0,0,0,3,1,1,1,68,10,-1,-1,-1,-1,3,-1
201522F502294,1,9,0,16,0,0,1,11,0,0,1,1,6,1,20,4,1968,2,10,-1,2,-1
201522F502294,2,9,0,17,0,0,0,0,1,0,3,1,6,2,43,7,1598,2,2,-1,3,-1
201522F502316,1,3,0,17,0,0,1,0,1,1,4,1,6,2,16,4,125,1,-1,-1,1,-1
201522F502318,1,19,0,13,0,1,0,0,0,0,4,1,6,3,-1,-1,-1,-1,-1,-1,-1,-1
201522F502318,2,3,0,18,0,1,0,0,0,0,3,1,2,1,36,7,125,1,1,-1,1,-1
201522F502327,1,9,0,7,0,5,0,0,0,0,4,1,6,1,56,9,2231,2,8,-1,1,-1
201522F502327,2,4,0,7,0,5,0,0,0,0,1,1,6,1,43,7,647,1,17,-1,1,-1
201522F502336,1,9,0,12,0,8,0,0,0,0,3,1,6,1,36,7,1598,2,-1,-1,3,-1
201522F502336,2,5,0,18,0,3,0,0,0,0,1,1,6,1,49,8,599,1,12,-1,2,-1
201522F502383,1,9,0,18,0,2,0,0,0,0,1,1,6,3,-1,-1,-1,-1,-1,-1,-1,-1
201522F502383,2,9,0,18,0,1,0,0,0,0,1,1,2,2,19,4,1149,1,13,-1,1,-1
201522F502387,1,4,0,16,0,0,1,0,0,0,3,1,6,1,22,5,-1,-1,-1,-1,1,-1
201522F502387,2,5,0,17,0,0,0,0,7,10,4,1,6,1,51,8,998,1,16,-1,1,-1
201522F502389,1,9,0,9,0,6,0,0,0,0,3,1,6,2,75,10,1598,1,4,-1,3,-1
201522F502389,2,9,0,18,0,8,0,0,0,0,1,1,6,2,54,8,1794,1,10,-1,1,-1
201522F502395,1,9,0,7,0,6,0,0,0,0,1,1,6,1,32,6,1997,2,12,-1,-1,-1
201522F502395,2,19,0,18,0,8,0,0,0,0,4,1,1,1,41,7,1968,2,3,-1,2,-1
201522F502397,1,9,0,4,0,1,0,0,0,0,1,1,6,2,37,7,1392,1,16,-1,3,-1
201522F502397,2,5,0,8,0,1,0,0,0,0,2,1,6,2,30,6,1157,1,11,-1,2,-1
201522F502401,1,5,0,16,0,8,0,0,0,0,1,1,6,2,63,9,1300,1,8,-1,-1,-1
201522F502401,2,9,0,17,0,8,0,0,0,0,3,1,6,1,50,8,2191,2,1,-1,-1,-1
201522F502401,3,9,0,17,0,8,0,0,0,0,1,1,2,1,29,6,1587,1,11,-1,1,-1
201522F502408,1,9,0,9,0,6,0,0,0,0,3,1,6,1,49,8,1461,2,5,-1,1,-1
201522F502408,2,9,0,18,0,8,0,0,0,0,1,1,6,2,37,7,1910,2,10,-1,2,-1
201522F502408,3,9,0,18,0,8,0,0,0,0,1,1,6,1,27,6,1595,1,12,-1,3,-1
201522F502408,4,9,0,18,0,8,0,0,0,0,1,1,6,1,54,8,1598,1,14,-1,2,-1
201522F502411,1,9,0,4,0,1,0,0,0,0,2,1,2,2,42,7,1124,1,10,-1,2,-1
201522F502411,2,9,0,18,0,1,1,0,0,0,1,1,2,2,30,6,1598,1,12,-1,1,-1
201522F502415,1,9,0,18,0,1,0,0,0,0,1,1,6,1,67,10,-1,-1,-1,-1,1,-1
201522F502415,2,19,0,4,0,1,0,0,0,0,2,1,6,1,44,7,1870,2,12,-1,1,-1
201522F502415,3,9,0,4,0,1,0,0,0,0,2,1,6,1,41,7,1560,2,2,-1,1,-1
201522F502418,1,19,0,17,0,0,0,0,0,0,3,1,1,2,30,6,1968,2,4,-1,-1,-1
201522F502418,2,1,0,16,0,0,0,0,0,0,1,1,6,1,61,9,-1,-1,-1,-1,1,-1
201522F502423,1,9,0,16,0,0,1,0,0,0,1,1,2,1,19,4,1388,1,12,-1,3,-1
201522F502423,2,9,0,3,0,0,0,0,1,10,2,1,2,1,32,6,1360,1,10,-1,1,-1
201522F502438,1,9,0,18,0,1,0,0,0,0,1,1,6,1,23,5,1560,2,6,-1,3,-1
201522F502438,2,9,0,4,0,1,0,0,0,0,2,1,6,1,62,9,1796,1,9,-1,2,-1
201522F502438,3,9,0,4,0,1,0,0,0,0,2,1,6,1,57,9,-1,-1,-1,-1,1,-1
201522F502438,4,9,0,4,0,1,0,0,0,0,2,1,6,2,43,7,1997,2,14,-1,1,-1
201522F502439,1,9,0,8,0,1,0,0,0,0,2,1,6,2,25,5,1560,2,1,-1,1,-1
201522F502439,2,9,0,7,0,6,0,0,0,0,1,1,6,1,33,6,1560,2,7,-1,-1,-1
201522F502449,1,9,0,12,0,0,0,0,1,9,4,1,2,1,20,4,1296,1,8,-1,3,-1
201522F502449,2,9,0,18,0,0,2,0,0,0,3,1,1,2,19,4,1398,2,8,-1,3,-1
201522F502449,3,9,0,13,0,0,1,0,0,0,0,1,6,2,52,8,1956,2,3,-1,3,-1
201522F502478,1,9,0,6,0,8,0,0,0,0,3,1,1,1,53,8,1968,2,5,-1,2,-1
201522F502478,2,9,0,18,0,8,0,0,0,0,1,1,1,1,40,7,1796,1,11,-1,2,-1
201522F502484,1,9,0,13,0,8,0,0,7,9,4,1,6,2,30,6,1229,1,1,-1,3,-1
201522F502484,2,19,0,9,0,5,0,0,0,0,3,1,1,1,40,7,1461,2,1,-1,-1,-1
201522F502498,1,9,0,9,0,6,0,0,0,0,3,1,6,1,62,9,1198,1,3,-1,-1,-1
201522F502498,2,9,0,18,0,8,0,0,0,0,1,1,6,2,43,7,1360,1,11,-1,3,-1
201522F502499,1,9,0,18,0,6,0,0,1,1,4,1,2,1,26,6,1956,2,4,-1,1,-1
201522F502499,2,9,0,18,0,8,0,0,0,0,1,1,2,1,40,7,1998,2,9,-1,-1,-1
201522F502500,1,9,0,18,0,3,1,10,1,4,1,1,2,2,61,9,973,1,13,-1,1,-1
201522F502507,1,9,0,9,0,5,0,10,0,0,1,1,6,1,18,4,1149,1,9,-1,3,-1
201522F502507,2,9,0,10,0,1,0,0,0,0,3,1,6,2,54,8,1798,1,10,-1,3,-1
201522F502523,1,1,0,18,0,8,0,0,0,0,3,1,6,1,85,11,-1,-1,-1,-1,2,-1
201522F502523,2,9,0,7,0,8,0,0,0,0,4,1,6,1,83,11,1956,2,3,-1,3,-1
201522F502545,1,19,0,16,0,8,1,0,7,0,4,1,1,1,64,9,2477,2,6,-1,3,-1
201522F502545,2,21,1,18,0,8,3,0,1,0,1,1,1,1,58,9,12777,2,8,-1,1,-1
201522F502550,1,9,0,18,0,0,0,0,0,0,3,1,6,3,-1,-1,-1,-1,-1,-1,-1,-1
201522F502550,2,19,0,18,0,0,0,0,0,0,3,1,6,1,24,5,1868,2,10,-1,1,-1
201522F502562,1,9,0,5,9,6,0,0,0,0,1,1,6,3,-1,-1,1586,1,5,-1,-1,-1
201522F502562,2,1,0,18,9,1,0,0,0,0,1,1,6,2,31,6,-1,-1,-1,-1,1,-1
201522F502596,1,9,0,16,0,0,1,10,7,10,1,1,6,1,22,5,1332,1,16,-1,2,-1
201522F502631,1,9,0,9,0,8,0,0,0,0,3,1,6,1,45,7,3222,2,10,-1,1,-1
201522F502631,2,5,0,18,0,3,0,0,0,0,4,1,6,1,43,7,800,1,4,-1,1,-1
201522F502662,1,9,0,18,0,2,0,0,0,0,1,1,6,3,-1,-1,-1,-1,-1,-1,-1,-1
201522F502671,1,9,0,17,0,0,0,0,0,0,1,1,6,2,27,6,1399,2,6,-1,1,-1
201522F502671,2,9,0,16,0,0,0,0,0,0,1,1,6,1,61,9,1968,2,1,-1,3,-1
201522F502671,3,9,0,16,0,0,0,0,0,0,1,1,6,1,70,10,1997,2,1,-1,3,-1
201522F502698,1,9,0,14,0,0,0,0,0,0,3,1,6,2,27,6,1388,1,11,-1,2,-1
201522F502715,1,9,0,9,0,5,0,0,0,0,4,1,1,1,57,9,2198,2,1,-1,3,-1
201522F502715,2,9,0,18,0,8,0,0,0,0,1,1,1,1,23,5,1984,1,8,-1,3,-1
201522F502740,1,2,0,9,0,8,0,0,3,10,1,1,6,2,61,9,49,1,8,-1,2,-1
201522F502742,1,5,0,18,0,5,1,0,0,0,3,1,2,1,51,8,2294,1,9,-1,-1,-1
201522F502808,1,5,0,16,0,0,1,0,0,0,1,1,6,1,27,6,600,1,11,-1,1,-1
201522F502808,2,20,0,17,0,0,2,0,1,0,1,1,6,2,32,6,3920,2,11,-1,3,-1
201522F502809,1,9,0,18,0,0,0,0,0,0,1,1,6,2,36,7,1582,2,6,-1,2,-1
201522F502809,2,9,0,18,0,0,0,0,0,0,2,1,6,1,48,8,2967,2,1,-1,-1,-1
201522F502812,1,9,0,9,0,6,0,0,0,0,3,1,2,1,37,7,1781,1,14,-1,3,-1
201522F502812,2,5,0,18,0,1,0,0,1,10,1,1,6,2,20,4,996,1,11,-1,3,-1
201522F502819,1,9,0,18,0,1,1,0,0,0,1,1,6,2,45,7,1995,2,6,-1,3,-1
201522F502823,1,9,0,13,0,8,0,0,0,0,4,1,6,2,49,8,1582,2,6,-1,1,-1
201522F502823,2,1,0,9,0,5,0,0,0,0,3,1,6,2,54,8,-1,-1,-1,-1,1,-1
201522F502824,1,9,0,5,0,4,0,0,0,0,1,1,6,2,53,8,1364,1,9,-1,1,-1
201522F502824,2,4,0,18,0,8,0,0,0,0,4,1,6,1,30,6,250,1,23,-1,3,-1
201522F502825,1,9,0,18,0,0,5,0,2,4,4,1,6,1,19,4,1596,1,15,-1,2,-1
201522F502832,1,9,0,16,0,0,5,0,2,0,1,1,6,1,17,4,1124,1,14,-1,3,-1
201522F502839,1,9,0,9,0,5,0,0,0,0,1,1,6,1,28,6,2987,2,8,-1,-1,-1
201522F502839,2,1,0,10,0,1,0,0,0,0,1,1,6,1,21,5,-1,-1,-1,-1,1,-1
201522F502845,1,9,0,4,0,0,0,0,0,0,1,1,6,2,41,7,1968,2,2,-1,3,-1
201522F502845,2,9,0,4,0,0,0,0,0,0,1,1,6,1,22,5,1396,1,15,-1,1,-1
201522F502857,1,9,0,16,0,0,2,0,8,0,3,1,2,2,18,4,1332,1,10,-1,-1,-1
201522F502870,1,20,0,17,0,0,0,0,0,0,3,1,1,1,47,8,5880,2,13,-1,3,-1
201522F502870,2,21,0,16,0,0,0,0,0,0,3,1,1,3,-1,-1,-1,-1,-1,-1,-1,-1
201522F502891,1,19,0,18,0,8,1,0,1,0,1,1,6,1,39,7,2464,2,7,-1,3,-1
201522F502891,2,9,0,10,0,8,0,0,0,0,2,1,6,1,32,6,1299,1,12,-1,-1,-1
201522F502891,3,19,0,18,0,8,0,0,0,0,1,1,6,1,63,9,2463,2,11,-1,-1,-1
201522F502927,1,9,0,16,0,0,2,0,8,10,1,1,6,1,32,6,1781,1,14,-1,3,-1
201522F502927,2,9,0,17,0,0,0,0,0,0,1,1,6,2,34,6,2967,2,6,-1,1,-1
201522F502934,1,9,0,1,0,2,0,4,0,0,1,1,6,1,85,11,1598,1,4,-1,1,-1
201522F502934,2,19,0,2,0,2,0,4,0,0,1,1,6,1,50,8,1995,2,2,-1,1,-1
201522F502934,3,19,0,2,0,2,0,4,0,0,1,1,6,3,42,7,1753,2,9,-1,-1,-1
201522F502934,4,9,0,2,0,2,0,4,0,0,1,1,6,2,57,9,1991,2,9,-1,1,-1
201522F502936,1,9,0,18,0,2,0,0,0,0,4,1,6,1,71,10,1968,2,2,-1,3,-1
201522F502951,1,19,0,9,0,5,0,0,0,0,1,1,1,1,53,8,1560,2,-1,-1,1,-1
201522F502951,2,9,0,18,0,1,0,0,0,0,1,1,6,1,45,7,1686,2,9,-1,2,-1
201522F502959,1,9,0,18,0,4,0,0,0,0,1,1,2,1,45,7,1497,1,14,-1,1,-1
201522F502959,2,9,0,18,0,8,0,0,0,0,4,1,2,1,32,6,-1,-1,-1,-1,1,-1
201522F502963,1,9,0,18,0,0,1,0,0,0,1,1,6,1,23,5,1364,1,10,-1,-1,-1
201522F502963,2,9,0,18,0,0,0,0,0,0,3,1,6,2,22,5,1360,1,9,-1,3,-1
201522F502963,3,9,0,18,0,0,0,0,0,0,1,1,6,1,52,8,1560,2,7,-1,-1,-1
201522F502964,1,10,0,1,0,0,0,0,0,0,2,1,1,1,37,7,2143,2,3,-1,3,-1
201522F502964,2,17,4,18,0,0,0,0,0,0,0,1,1,1,24,5,-1,-1,-1,-1,3,-1
201522F502964,3,5,0,4,0,0,0,0,0,0,1,1,6,1,49,8,955,1,16,-1,3,-1
201522F502970,1,9,0,18,0,6,0,0,0,0,1,1,6,1,25,5,1124,1,16,-1,-1,-1
201522F502970,2,9,0,9,0,6,0,0,0,0,2,1,6,1,33,6,1796,1,10,-1,2,-1
201522F502972,1,9,0,9,0,6,0,0,0,0,3,1,2,2,57,9,1984,1,15,-1,1,-1
201522F502972,2,3,0,18,0,8,1,0,0,0,1,1,6,1,39,7,124,1,8,-1,1,-1
201522F502976,1,21,0,18,0,0,0,0,0,0,2,1,1,1,47,8,12777,2,1,-1,-1,-1