Accident_Index,Vehicle_Reference,Vehicle_Type,Towing_and_Articulation,Vehicle_Manoeuvre,Vehicle_Location-Restricted_Lane,Junction_Location,Skidding_and_Overturning,Hit_Object_in_Carriageway,Vehicle_Leaving_Carriageway,Hit_Object_off_Carriageway,1st_Point_of_Impact,Was_Vehicle_Left_Hand_Drive?,Journey_Purpose_of_Driver,Sex_of_Driver,Age_of_Driver,Age_Band_of_Driver,Engine_Capacity_(CC),Propulsion_Code,Age_of_Vehicle,Driver_IMD_Decile,Driver_Home_Area_Type,Vehicle_IMD_Decile
201522G502467,2,9,0,17,0,0,0,0,0,0,1,1,6,2,49,8,1689,2,12,-1,1,-1
201522G502470,1,9,0,9,0,8,0,0,0,0,1,1,6,2,33,6,1598,1,11,-1,1,-1
201522G502470,2,9,0,7,0,4,0,0,0,0,3,1,6,2,49,8,1995,2,1,-1,1,-1
201522G502472,1,9,0,9,0,6,0,0,0,0,3,1,6,2,32,6,1124,1,16,-1,2,-1
201522G502472,2,9,0,18,0,1,0,0,0,0,1,1,6,1,65,9,1198,1,12,-1,3,-1
201522G502481,1,9,0,18,0,1,0,0,0,0,1,1,6,2,77,11,1997,2,9,-1,3,-1
201522G502486,1,9,0,18,0,1,0,0,0,0,4,1,1,2,56,9,2967,2,-1,-1,1,-1
201522G502509,1,9,0,18,0,1,0,0,0,0,1,1,6,2,54,8,973,1,14,-1,1,-1
201522G502509,2,11,0,3,0,1,0,0,0,0,2,1,1,1,32,6,6700,2,5,-1,1,-1
201522G502547,1,9,0,10,0,1,0,0,0,0,2,1,2,2,39,7,998,1,3,-1,3,-1
201522G502547,2,3,0,18,0,1,0,0,0,0,1,1,6,2,53,8,124,1,8,-1,1,-1
201522G502570,1,9,0,16,0,0,5,0,7,10,1,1,6,2,23,5,1999,1,10,-1,3,-1
201522G502579,1,9,0,3,0,1,0,0,0,0,2,1,6,2,65,9,1598,1,7,-1,1,-1
201522G502579,2,9,0,5,0,1,0,0,0,0,1,1,1,1,50,8,1686,2,1,-1,-1,-1
201522G502624,1,5,0,16,0,0,0,0,1,4,3,1,6,1,52,8,998,1,6,-1,1,-1
201522G502691,1,8,0,11,0,3,0,0,0,0,0,1,1,3,-1,-1,1896,2,11,-1,-1,-1
201522G502691,2,21,1,18,0,3,2,10,1,0,4,1,1,1,45,7,10308,2,5,-1,1,-1
201522G502693,1,9,0,18,0,6,1,0,0,0,1,1,6,1,18,4,1124,1,16,-1,1,-1
201522G502693,2,21,1,18,0,8,1,0,0,0,3,1,1,1,66,10,12900,2,4,-1,1,-1
201522G502696,1,9,0,5,0,6,0,0,0,0,1,1,6,1,33,6,1870,2,14,-1,1,-1
201522G502696,2,9,0,4,0,8,0,0,0,0,1,1,6,2,36,7,1242,1,6,-1,1,-1
201522G502713,1,9,0,2,0,8,0,0,0,0,0,1,6,1,71,10,1461,2,6,-1,1,-1
201522G502713,2,9,0,4,0,5,0,0,0,0,2,1,6,2,28,6,1197,1,2,-1,1,-1
201522G502713,3,9,0,18,0,5,0,0,0,0,1,1,6,1,20,4,1388,1,8,-1,1,-1
201522G502732,1,5,0,18,0,0,1,10,0,0,1,1,6,1,45,7,955,1,13,-1,1,-1
201522G502749,1,9,0,18,0,0,0,0,0,0,4,1,6,3,-1,-1,-1,-1,-1,-1,-1,-1
201522G502762,1,1,0,16,9,2,0,0,0,0,1,1,6,1,30,6,-1,-1,-1,-1,1,-1
201522G502821,1,9,0,5,0,0,0,0,0,0,1,1,6,2,59,9,-1,-1,-1,-1,1,-1
201522G502821,2,1,0,18,0,0,0,0,0,0,1,1,2,1,48,8,-1,-1,-1,-1,-1,-1
201522G502828,1,1,0,18,0,0,0,0,0,0,1,1,6,1,48,8,-1,-1,-1,-1,-1,-1
201522G502828,2,9,0,5,0,0,0,0,0,0,1,1,6,2,52,8,1598,1,11,-1,1,-1
201522G502829,1,19,0,9,0,8,0,0,0,0,0,1,1,1,61,9,-1,-1,-1,-1,-1,-1
201522G502829,2,4,0,18,0,3,1,0,0,0,3,1,2,1,51,8,2300,1,10,-1,2,-1
201522G502840,1,9,0,6,0,2,0,0,0,0,1,1,6,1,78,11,1689,2,12,-1,1,-1
201522G502840,2,11,0,18,0,2,0,0,0,0,1,1,1,2,50,8,-1,-1,-1,-1,1,-1
201522G502841,1,9,0,16,0,0,0,0,0,0,1,1,6,2,68,10,1229,1,9,-1,1,-1
201522G502841,2,9,0,17,0,0,0,0,0,0,1,1,6,1,24,5,1461,2,8,-1,1,-1
201522G502861,1,9,0,7,0,2,0,0,1,10,1,1,6,1,43,7,1199,1,12,-1,-1,-1
201522G502875,1,9,0,18,0,0,1,0,8,0,4,1,6,1,18,4,-1,-1,-1,-1,1,-1
201522G502875,2,9,0,18,0,0,0,0,7,10,3,1,6,2,22,5,1200,1,-1,-1,1,-1
201522G502875,3,9,0,18,0,0,0,0,0,0,0,1,1,1,42,7,2400,2,4,-1,-1,-1
201522G502900,1,9,0,5,0,0,0,0,0,0,1,1,6,1,34,6,996,1,1,-1,1,-1
201522G502923,1,3,0,18,0,0,0,0,0,0,1,1,2,1,30,6,125,1,2,-1,3,-1
201522G502923,2,9,0,4,0,0,0,0,0,0,2,1,2,1,36,7,1999,1,9,-1,1,-1
201522G502924,1,9,0,18,0,1,0,0,0,0,1,1,6,3,-1,-1,1896,2,7,-1,-1,-1
201522G502924,2,9,0,4,0,1,0,0,0,0,2,1,6,2,27,6,1598,1,9,-1,1,-1
201522G502930,1,9,0,9,0,5,1,0,0,0,1,1,6,1,84,11,1242,1,-1,-1,1,-1
201522G502930,2,9,0,18,0,8,1,0,0,0,1,1,6,1,30,6,1796,1,10,-1,3,-1
201522G502931,1,9,0,5,0,8,0,0,0,0,1,1,6,2,43,7,1364,1,10,-1,1,-1
201522G502931,2,9,0,4,0,8,0,0,0,0,2,1,2,2,21,5,1397,1,3,-1,3,-1
201522G502931,3,90,0,18,0,4,0,0,0,0,0,1,1,1,22,5,2999,2,2,-1,1,-1
201522G502938,1,9,0,9,0,3,1,0,1,4,1,1,6,2,30,6,1997,2,10,-1,2,-1
201522G502942,1,3,0,18,0,0,1,10,1,0,1,1,2,1,45,7,124,1,2,-1,1,-1
201522G502943,1,9,0,16,0,1,0,0,0,0,4,1,6,3,-1,-1,-1,-1,-1,-1,-1,-1
201522G502943,2,1,0,16,0,1,0,0,1,0,3,1,2,1,20,4,-1,-1,-1,-1,1,-1
201522G502950,1,9,0,18,0,5,0,0,0,0,1,1,6,1,34,6,2996,2,16,-1,1,-1
201522G502950,2,9,0,9,0,8,0,0,0,0,1,1,6,1,80,11,-1,-1,-1,-1,1,-1
201522G502973,1,19,0,16,0,1,0,0,0,0,1,1,1,1,41,7,2143,2,1,-1,1,-1
201522G502973,2,9,0,3,0,1,0,0,0,0,2,1,6,2,48,8,1497,1,13,-1,1,-1
201522G502977,1,19,0,9,0,5,0,0,0,0,1,1,1,1,27,6,1686,2,11,-1,1,-1
201522G502977,2,9,0,18,0,8,0,0,0,0,1,1,6,1,67,10,-1,-1,-1,-1,3,-1
201522G502977,3,9,0,18,0,1,0,0,1,0,1,1,6,2,46,8,1997,2,-1,-1,-1,-1
201522G502980,1,9,0,18,0,2,0,4,0,0,1,1,6,1,76,11,998,1,1,-1,1,-1
201522G502980,2,9,0,2,0,1,0,0,1,0,1,1,3,1,64,9,1598,1,3,-1,1,-1
201522G502980,3,9,0,2,0,1,0,0,0,0,1,1,3,2,35,6,-1,-1,-1,-1,-1,-1
201522G502992,1,9,0,9,0,5,0,0,0,0,2,1,6,2,50,8,1242,1,15,-1,-1,-1
201522G502992,2,19,0,18,0,8,0,0,0,0,1,1,2,1,54,8,1560,2,4,-1,1,-1
201522G502992,3,9,0,18,0,8,0,0,0,0,1,1,6,2,50,8,1956,2,2,-1,-1,-1
201522G502993,1,9,0,18,0,0,1,0,1,10,4,1,2,1,26,6,1796,1,16,-1,1,-1
201522G502994,1,9,0,10,0,1,0,0,0,0,3,1,6,1,34,6,1910,2,9,-1,1,-1
201522G502994,2,1,0,7,0,5,0,0,0,0,1,1,6,1,13,3,-1,-1,-1,-1,-1,-1
201522G503012,1,9,0,13,0,0,0,0,0,0,1,1,1,1,38,7,1686,2,4,-1,1,-1
201522G503012,2,9,0,18,0,0,1,0,7,10,3,1,1,2,66,10,1948,1,11,-1,2,-1
201522G503012,3,9,0,18,0,0,0,0,1,9,1,1,1,1,21,5,-1,-1,-1,-1,3,-1
201522G503014,1,3,0,16,0,0,0,10,7,10,1,1,6,1,21,5,124,1,25,-1,-1,-1
201522G503015,1,11,0,18,0,0,0,0,0,0,0,1,1,1,39,7,-1,-1,-1,-1,2,-1
201522G503034,1,9,0,18,0,4,0,0,0,0,1,1,6,1,22,5,-1,-1,-1,-1,1,-1
201522G503034,2,9,0,4,0,1,0,0,0,0,2,1,6,1,32,6,2496,2,13,-1,-1,-1
201522G503036,1,9,0,18,0,0,0,0,1,10,1,1,6,1,49,8,1596,1,-1,-1,3,-1
201522G503036,2,9,0,4,0,0,0,0,0,0,2,1,6,2,33,6,1968,2,-1,-1,-1,-1
201522G503041,1,9,0,18,0,4,0,10,1,2,1,1,6,1,90,11,-1,-1,-1,-1,1,-1
201522G503052,1,9,0,17,0,0,2,0,7,0,1,1,6,2,33,6,973,1,15,-1,2,-1
201522G503081,1,9,0,3,0,1,0,0,0,0,2,1,6,3,-1,-1,-1,-1,-1,-1,-1,-1
201522G503081,2,9,0,5,0,1,0,0,0,0,1,1,6,1,39,7,1598,1,11,-1,1,-1
201522G503083,1,9,0,16,0,0,1,0,0,0,1,1,6,1,21,5,-1,-1,-1,-1,3,-1
201522G503083,2,9,0,17,0,0,0,0,0,0,1,1,6,1,47,8,-1,-1,-1,-1,3,-1
201522G503102,1,9,0,7,0,3,0,0,0,0,1,1,2,2,57,9,1586,1,5,-1,1,-1
201522G503102,2,1,0,7,0,3,0,0,0,0,2,1,2,1,42,7,-1,-1,-1,-1,3,-1
201522G503128,1,9,0,18,0,0,0,0,2,0,4,1,6,1,19,4,1124,1,10,-1,1,-1
201522G503130,1,19,0,9,0,6,1,0,0,0,1,1,2,1,29,6,1870,2,13,-1,1,-1
201522G503130,2,9,0,9,0,5,0,0,0,0,3,1,6,1,39,7,1685,2,2,-1,3,-1
201522G503132,1,9,0,9,0,6,0,0,0,0,4,1,6,1,23,5,1199,1,14,-1,-1,-1
201522G503132,2,9,0,18,0,8,0,0,0,0,1,1,6,1,57,9,1800,1,20,-1,1,-1
201522G503135,1,5,0,13,0,8,0,0,0,0,4,1,2,1,31,6,647,1,13,-1,-1,-1
201522G503135,2,9,0,9,0,5,1,0,7,0,3,1,2,1,20,4,1364,1,10,-1,1,-1
201522G503171,1,9,0,5,0,4,0,0,0,0,1,1,6,3,-1,-1,-1,-1,-1,-1,-1,-1
201522G503171,2,1,0,18,0,1,0,0,0,0,3,1,6,1,18,4,-1,-1,-1,-1,1,-1
201522G503174,1,9,0,18,0,0,0,0,0,0,3,1,6,1,30,6,2993,2,-1,-1,1,-1
201522G503174,2,5,0,13,0,0,0,0,0,0,4,1,6,1,71,10,847,1,1,-1,1,-1
201522G503179,1,9,0,17,0,0,1,0,7,10,1,1,2,1,18,4,1399,2,6,-1,1,-1
201522G503182,1,3,0,18,0,0,1,7,7,10,1,1,6,1,17,4,124,1,1,-1,1,-1
201522G503182,2,9,0,4,0,0,0,0,0,0,2,1,2,1,49,8,1910,2,10,-1,1,-1
201522G503186,1,9,0,18,0,4,0,0,0,0,1,1,6,1,54,8,1598,2,3,-1,1,-1
201522G503186,2,9,0,5,0,4,0,0,0,0,2,1,6,2,44,7,1995,2,13,-1,1,-1
201522G503187,1,9,0,18,0,0,0,0,0,0,3,1,6,1,69,10,1595,1,15,-1,3,-1
201522G503187,2,20,1,18,0,0,0,0,0,0,3,1,1,1,52,8,9364,2,9,-1,3,-1
201522G503192,1,20,0,11,0,0,0,0,0,0,4,1,1,3,-1,-1,6240,2,19,-1,-1,-1
201522G503192,2,9,0,18,0,0,0,0,0,0,3,1,6,2,19,4,1360,1,13,-1,-1,-1
201522G503223,1,9,0,18,0,1,0,0,0,0,1,2,2,1,26,6,-1,-1,-1,-1,3,-1
201522G503223,2,9,0,3,0,1,0,0,0,0,2,1,2,1,60,9,-1,-1,-1,-1,3,-1
201522G503223,3,19,0,3,0,1,0,0,0,0,2,1,2,1,43,7,2198,2,3,-1,1,-1
201522G503224,1,9,0,18,0,4,0,0,0,0,1,1,6,3,-1,-1,-1,-1,-1,-1,-1,-1
201522G503224,2,9,0,3,0,1,0,0,0,0,2,1,6,2,52,8,-1,-1,-1,-1,3,-1
201522G503264,1,9,0,18,0,2,0,0,0,0,4,1,2,1,28,6,1391,1,15,-1,1,-1
201522G503264,2,9,0,4,0,2,0,0,0,0,3,1,6,1,56,9,1242,1,14,-1,1,-1
201522G503346,1,9,0,18,0,1,0,0,0,0,1,1,1,1,58,9,1798,1,8,-1,2,-1
201522G503346,2,9,0,4,0,1,0,0,0,0,2,1,6,2,45,7,1598,1,7,-1,3,-1
201522G503349,1,19,0,18,0,0,5,0,8,0,3,1,1,1,71,10,2299,2,1,-1,-1,-1
201522G503377,1,9,0,17,0,0,0,0,8,7,1,1,6,1,30,6,1199,1,12,-1,2,-1
201522G503378,1,9,0,18,0,4,0,0,0,0,1,1,6,1,45,7,-1,-1,-1,-1,-1,-1
201522G503378,2,1,0,18,0,3,0,0,0,0,4,1,2,1,32,6,-1,-1,-1,-1,1,-1
201522G503408,1,4,0,18,0,0,0,0,1,9,1,1,6,1,73,10,250,1,-1,-1,1,-1
201522G503423,1,9,0,9,0,6,0,0,0,0,1,1,6,1,37,7,1796,1,14,-1,2,-1
201522G503423,2,1,0,18,0,8,0,0,0,0,2,1,6,1,42,7,-1,-1,-1,-1,2,-1
201522G503429,1,5,0,18,0,0,0,0,0,0,3,1,6,1,59,9,1340,1,19,-1,-1,-1
201522G503454,1,5,0,16,0,0,1,0,7,0,1,1,6,1,36,7,998,1,10,-1,-1,-1
201522G503454,2,9,0,17,0,0,1,0,1,0,1,1,6,1,47,8,973,1,13,-1,2,-1
201522G503481,1,9,0,4,0,1,0,0,0,0,1,1,6,1,44,7,1388,1,6,-1,3,-1
201522G503481,2,9,0,4,0,1,0,0,0,0,2,1,6,2,24,5,1242,1,12,-1,1,-1
201522G503494,1,9,0,18,0,0,0,0,0,0,1,1,1,1,47,8,1686,2,9,-1,1,-1
201522G503494,2,9,0,3,0,0,0,0,0,0,2,1,6,2,46,8,-1,-1,-1,-1,1,-1
201522G503497,1,9,0,18,0,0,0,0,0,0,3,1,6,2,44,7,1598,1,8,-1,1,-1
201522G503500,1,9,0,17,0,0,1,0,2,7,4,1,2,1,43,7,1398,2,12,-1,1,-1
201522G503507,1,9,0,16,0,0,1,0,7,9,1,1,6,2,46,8,1598,1,12,-1,1,-1
201522G503507,2,9,0,17,0,0,1,0,1,9,1,1,6,1,44,7,1968,2,2,-1,3,-1
201522G503535,1,1,0,18,0,3,0,0,0,0,3,1,6,1,78,11,-1,-1,-1,-1,-1,-1
201522G503535,2,9,0,7,0,3,0,0,0,0,4,1,6,2,42,7,-1,-1,-1,-1,-1,-1
201522G503551,1,9,0,1,0,6,0,0,0,0,2,1,6,3,-1,-1,1229,1,2,-1,-1,-1
201522G503591,1,9,0,1,0,2,0,0,0,0,2,1,6,1,63,9,1896,2,11,-1,1,-1
201522G503599,1,9,0,18,0,4,0,0,0,0,1,1,6,2,33,6,1598,1,12,-1,1,-1
201522G503599,2,9,0,4,0,1,0,0,0,0,2,1,6,1,66,10,2198,1,13,-1,1,-1
201522G503602,1,8,0,17,0,8,0,0,0,0,1,1,1,1,44,7,1896,2,11,-1,1,-1
201522G503602,2,9,0,9,0,6,0,0,0,0,1,1,6,2,28,6,998,1,17,-1,1,-1
201522G503686,1,9,0,17,0,0,5,0,7,10,1,1,1,1,33,6,2993,2,3,-1,-1,-1
201522G503729,1,9,0,18,0,0,0,4,0,0,1,1,6,2,72,10,1398,2,3,-1,-1,-1
201522G503729,2,19,0,2,0,0,0,0,0,0,2,1,1,1,32,6,1560,2,1,-1,-1,-1
201522G503729,3,9,0,18,0,0,0,0,0,0,3,1,6,1,50,8,2495,2,11,-1,2,-1
201522G503734,1,9,0,4,0,1,0,0,0,0,1,1,6,2,41,7,1560,2,1,-1,1,-1
201522G503734,2,9,0,4,0,1,0,0,0,0,2,1,2,1,33,6,998,1,1,-1,1,-1
201522G503734,3,9,0,11,0,1,0,0,0,0,2,1,6,1,67,10,2703,2,18,-1,1,-1
201522G503741,1,21,1,18,0,8,1,0,0,0,1,1,1,1,49,8,12809,2,1,-1,1,-1
201522G503741,2,9,0,10,0,8,0,0,0,0,2,1,6,2,40,7,-1,-1,-1,-1,-1,-1
201522G503741,3,9,0,18,0,8,0,0,0,0,1,1,6,2,37,7,2902,2,12,-1,3,-1
201522G503780,1,9,0,18,0,1,0,8,0,0,4,1,6,1,29,6,1998,1,12,-1,3,-1
201522G503780,2,9,0,2,0,1,0,0,0,0,3,1,6,2,50,8,1560,2,4,-1,3,-1
201522G503795,1,9,0,9,0,6,0,0,0,0,3,1,1,1,35,6,1229,1,9,-1,2,-1
201522G503795,2,1,0,18,0,8,0,0,0,0,1,1,6,1,43,7,-1,-1,-1,-1,1,-1
201522G503797,1,9,0,18,0,0,1,0,0,0,1,1,6,2,62,9,1229,1,8,-1,3,-1
201522G503797,2,9,0,4,0,0,0,0,0,0,2,1,6,2,43,7,1389,1,16,-1,1,-1
201522G503800,1,9,0,18,0,0,0,0,0,0,1,1,6,1,67,10,-1,-1,-1,-1,1,-1
201522G503800,2,19,0,3,0,0,0,0,0,0,1,1,6,1,26,6,2151,2,12,-1,1,-1
201522G503818,1,8,0,9,0,6,1,0,0,0,3,1,1,1,39,7,-1,-1,-1,-1,1,-1
201522G503818,2,9,0,18,0,8,1,0,0,0,1,1,2,1,31,6,1896,2,14,-1,1,-1
201522G503825,1,9,0,6,0,8,0,0,0,0,3,1,6,1,55,8,1997,1,3,-1,2,-1
201522G503825,2,4,0,18,0,8,0,0,0,0,1,1,6,1,20,4,124,1,6,-1,1,-1
201522G503864,1,9,0,14,0,0,0,0,0,0,4,1,6,2,20,4,1242,1,9,-1,-1,-1
201522G503872,1,9,0,4,0,1,0,0,0,0,1,1,6,1,19,4,-1,-1,-1,-1,1,-1
201522G503872,2,9,0,18,0,1,0,0,0,0,3,1,6,3,-1,-1,-1,-1,-1,-1,-1,-1
201522G503887,1,9,0,1,0,0,0,0,0,0,2,1,6,3,-1,-1,-1,-1,-1,-1,-1,-1
201522G503902,1,3,0,18,0,0,1,0,0,0,4,1,2,1,18,4,125,1,-1,-1,1,-1
201522G503947,1,9,0,18,0,0,0,0,0,0,1,1,1,2,44,7,1968,2,2,-1,2,-1
201522G503955,1,3,0,18,0,0,0,0,0,0,0,1,6,1,22,5,125,1,6,-1,3,-1
201522G503955,2,1,0,18,0,0,0,0,0,0,3,1,6,1,16,4,-1,-1,-1,-1,1,-1
201522G503960,1,9,0,9,0,6,0,0,0,0,4,1,6,1,45,7,-1,-1,-1,-1,-1,-1
201522G503960,2,1,0,18,0,8,0,0,0,0,1,1,6,1,46,8,-1,-1,-1,-1,-1,-1
201522G503964,1,9,0,5,0,6,0,0,0,0,1,1,6,1,39,7,2792,1,22,-1,3,-1
201522G503964,2,9,0,16,0,8,0,0,0,0,1,1,6,1,35,6,2494,2,7,-1,3,-1
201522G503964,3,9,0,17,0,8,0,0,0,0,4,1,6,1,33,6,1397,1,6,-1,2,-1
201522G503966,1,9,0,7,0,6,0,0,0,0,3,1,6,1,68,10,1339,1,6,-1,1,-1
201522G503966,2,9,0,18,0,8,0,0,0,0,1,1,6,1,43,7,2199,2,5,-1,1,-1
201522G503968,1,9,0,18,0,8,0,10,1,10,1,1,2,2,22,5,1229,1,5,-1,1,-1
201522G503968,2,9,0,4,0,8,0,0,0,0,2,1,6,2,26,6,-1,-1,-1,-1,-1,-1
201522G503977,1,9,0,18,0,0,0,11,0,0,1,1,6,1,52,8,1896,2,12,-1,1,-1
201522G503977,2,19,0,18,0,0,0,0,0,0,0,1,1,1,23,5,2287,2,8,-1,3,-1
201522G503991,1,9,0,18,0,6,0,0,0,0,3,1,6,1,68,10,1796,1,14,-1,1,-1
201522G503991,2,5,0,18,0,8,0,0,0,0,1,1,6,1,49,8,-1,-1,-1,-1,1,-1
201522G503991,3,4,0,18,0,8,0,0,0,0,1,1,6,1,19,4,124,1,5,-1,1,-1
201522G504028,1,9,0,16,0,4,1,0,0,0,1,1,6,1,18,4,1390,1,15,-1,1,-1
201522G504028,2,9,0,9,0,8,2,0,0,0,1,1,6,1,41,7,1560,2,6,-1,1,-1
201522G504029,1,9,0,16,0,0,2,0,8,0,3,1,6,1,22,5,-1,-1,-1,-1,1,-1
201522G504029,2,9,0,17,0,0,0,0,0,0,3,1,6,1,78,11,1840,1,15,-1,2,-1
201522G504030,1,5,0,16,0,0,0,10,1,0,1,1,6,1,57,9,1585,1,5,-1,1,-1
201522G504037,1,9,0,7,0,3,0,0,0,0,1,1,6,1,24,5,1398,2,12,-1,3,-1
201522G504037,2,1,0,11,0,3,0,0,0,0,2,1,6,1,73,10,-1,-1,-1,-1,1,-1
201522G504055,1,9,0,13,0,0,0,0,0,0,1,1,6,1,32,6,-1,-1,-1,-1,1,-1
201522G504055,2,9,0,18,0,0,0,0,0,0,1,1,6,2,56,9,1248,1,6,-1,-1,-1
201522G504068,1,9,0,9,0,6,0,0,0,0,1,1,6,3,-1,-1,1199,1,14,-1,-1,-1
201522G504068,2,9,0,17,0,8,0,0,0,0,1,1,2,2,46,8,1199,1,15,-1,1,-1
201522G504078,1,9,0,16,0,0,0,0,0,0,1,1,6,1,21,5,1896,2,15,-1,1,-1
201522G504078,2,9,0,17,0,0,0,0,0,0,1,1,6,2,42,7,-1,-1,-1,-1,1,-1
201522G504124,1,9,0,16,0,0,0,0,0,0,1,1,6,1,48,8,1997,2,11,-1,1,-1
201522G504124,2,9,0,17,0,0,0,0,0,0,1,1,6,1,53,8,-1,-1,-1,-1,3,-1
201522G504133,1,9,0,13,0,0,0,0,0,0,1,1,6,1,26,6,1332,1,19,-1,1,-1
201522G504133,2,9,0,4,0,0,0,0,0,0,1,1,6,1,71,10,1999,1,10,-1,1,-1
201522G504135,1,9,0,17,0,0,1,10,1,4,2,1,2,1,57,9,-1,-1,-1,-1,1,-1
201522G504157,1,8,0,9,0,3,0,0,0,0,1,1,1,1,61,9,1896,2,5,-1,1,-1
201522G504157,2,9,0,5,0,4,0,0,0,0,3,1,6,2,24,5,1242,1,10,-1,1,-1
201522G504183,1,9,0,4,0,0,0,0,0,0,1,1,6,2,29,6,1242,1,4,-1,1,-1
201522G504183,2,9,0,4,0,0,0,0,0,0,2,1,6,1,50,8,2494,1,14,-1,1,-1
201522G504189,1,9,0,4,0,0,0,0,0,0,1,1,6,2,30,6,1870,2,10,-1,1,-1
201522G504189,2,9,0,4,0,0,0,0,0,0,2,1,6,2,50,8,1560,2,2,-1,3,-1
201522G504189,3,9,0,4,0,0,0,0,0,0,2,1,6,2,28,6,1781,1,10,-1,3,-1
201522G504189,4,9,0,4,0,0,0,0,0,0,2,1,6,1,42,7,973,1,13,-1,-1,-1
201522G504191,1,9,0,18,0,1,0,0,1,0,3,1,6,2,71,10,1200,1,-1,-1,1,-1
201522G504191,2,21,1,13,0,1,0,0,0,0,4,1,1,1,31,6,11946,2,2,-1,1,-1
201522G504191,3,19,0,13,0,1,0,0,0,0,1,1,1,1,33,6,2151,2,12,-1,3,-1
201522G504194,1,9,0,9,0,5,0,0,0,0,1,1,6,1,71,10,1598,1,6,-1,1,-1
201522G504194,2,9,0,18,0,8,1,0,1,0,1,1,6,1,29,6,-1,-1,-1,-1,1,-1
201522G504197,1,9,0,13,0,0,5,0,1,10,1,1,6,1,39,7,1390,1,6,-1,2,-1
201522G504204,1,9,0,18,0,2,0,0,0,0,4,1,6,2,17,4,-1,-1,-1,-1,1,-1
201522G504205,1,8,0,18,0,0,0,0,0,0,4,1,1,3,-1,-1,-1,-1,-1,-1,-1,-1
201522G504207,1,9,0,18,0,4,0,0,1,2,1,1,6,1,39,7,1796,1,14,-1,1,-1
201522G504246,1,9,0,7,0,6,0,0,0,0,1,1,2,1,38,7,1686,2,20,-1,3,-1
201522G504246,2,19,0,18,0,8,0,0,0,0,3,1,2,1,46,8,1870,2,10,-1,1,-1
2015230032976,1,98,4,9,0,6,0,0,0,0,1,1,1,1,50,8,11021,2,10,-1,1,-1
2015230032976,2,98,0,18,0,8,0,0,0,0,4,1,1,1,52,8,1560,2,1,-1,1,-1
2015230033011,1,98,0,16,0,1,0,0,0,0,1,1,1,1,41,7,2143,2,2,-1,1,-1
2015230033011,2,9,0,4,0,1,0,0,0,0,2,1,2,1,66,10,1973,1,17,-1,2,-1
2015230033053,1,98,0,18,0,0,0,0,0,0,1,1,1,1,22,5,2143,2,-1,-1,-1,-1
2015230033053,2,9,0,3,0,0,0,0,0,0,2,1,6,1,46,8,1910,2,9,-1,-1,-1
2015230033114,1,9,0,16,0,0,2,0,1,9,1,1,6,1,19,4,1242,1,13,-1,3,-1
2015230033114,2,9,0,16,0,0,1,0,1,0,1,1,6,1,53,8,2494,2,5,-1,2,-1
2015230033136,1,9,0,9,0,6,0,0,0,0,1,1,5,2,59,9,1560,2,3,-1,1,-1
2015230033136,2,9,0,18,0,8,0,0,0,0,3,1,5,1,50,8,1896,2,13,-1,1,-1
2015230033151,1,9,0,9,0,8,0,0,0,0,3,1,6,1,61,9,1461,2,1,-1,1,-1
2015230033151,2,5,0,18,0,1,0,0,0,0,1,1,6,1,23,5,599,1,16,-1,1,-1
2015230033175,1,9,0,17,0,0,2,0,1,0,1,1,1,1,52,8,1850,1,15,-1,-1,-1
2015230033193,1,9,0,18,0,0,0,0,0,0,0,1,2,1,21,5,1360,1,10,-1,1,-1
2015230033193,2,9,0,18,0,0,0,0,0,0,1,1,6,2,78,11,1910,2,8,-1,1,-1
2015230033336,1,9,0,9,0,6,0,0,0,0,1,1,2,1,30,6,1248,2,8,-1,1,-1
2015230033336,2,9,0,18,0,8,0,0,1,4,4,1,5,1,68,10,1560,2,1,-1,1,-1
2015230033364,1,5,0,13,0,0,1,6,0,0,1,1,6,1,49,8,998,1,3,-1,1,-1
2015230033364,2,9,0,18,0,0,0,0,0,0,0,1,5,1,51,8,1796,1,9,-1,1,-1
2015230033364,3,9,0,18,0,0,0,0,0,0,0,1,5,1,46,8,-1,-1,-1,-1,1,-1
2015230033525,1,9,0,18,0,1,1,0,0,0,1,1,1,1,23,5,-1,-1,-1,-1,3,-1
2015230033530,1,9,0,9,0,6,0,0,0,0,3,1,6,1,26,6,1598,1,7,-1,-1,-1
2015230033538,1,9,0,9,0,6,0,0,0,0,3,1,5,1,37,7,2776,2,10,-1,1,-1
2015230033538,2,9,0,18,0,8,0,0,0,0,4,1,5,1,60,9,1560,2,2,-1,1,-1
2015230033551,1,9,0,9,0,6,0,0,0,0,4,1,2,1,20,4,1360,1,12,-1,1,-1
2015230033551,2,9,0,3,0,1,0,0,0,0,4,1,2,2,39,7,1360,1,15,-1,1,-1
2015230033552,1,9,0,18,0,0,1,0,7,1,1,1,6,1,30,6,1998,1,13,-1,3,-1