Accident_Index,Vehicle_Reference,Vehicle_Type,Towing_and_Articulation,Vehicle_Manoeuvre,Vehicle_Location-Restricted_Lane,Junction_Location,Skidding_and_Overturning,Hit_Object_in_Carriageway,Vehicle_Leaving_Carriageway,Hit_Object_off_Carriageway,1st_Point_of_Impact,Was_Vehicle_Left_Hand_Drive?,Journey_Purpose_of_Driver,Sex_of_Driver,Age_of_Driver,Age_Band_of_Driver,Engine_Capacity_(CC),Propulsion_Code,Age_of_Vehicle,Driver_IMD_Decile,Driver_Home_Area_Type,Vehicle_IMD_Decile
201523N025893,2,9,0,9,0,8,0,0,0,0,1,1,6,1,45,7,1896,2,16,-1,1,-1
201523N025893,3,9,0,18,0,1,0,0,0,0,1,1,6,1,44,7,1398,2,4,-1,1,-1
201523N025895,1,9,0,17,0,0,0,0,0,0,1,1,6,1,25,5,-1,-1,-1,-1,1,-1
201523N025895,2,9,0,18,0,0,0,0,0,0,1,1,6,1,35,6,1396,2,4,-1,1,-1
201523N025896,1,9,0,16,0,8,1,10,7,10,4,1,6,2,18,4,1199,1,13,-1,1,-1
201523N025897,1,9,0,18,0,0,0,0,0,0,1,1,2,2,50,8,1796,1,8,-1,1,-1
201523N025897,2,9,0,3,0,0,0,0,0,0,2,1,6,2,44,7,1968,2,2,-1,1,-1
201523N025898,1,21,0,5,0,1,0,0,0,0,1,1,1,1,45,7,4500,2,1,-1,-1,-1
201523N025898,2,9,0,3,0,1,0,0,0,0,2,1,2,2,56,9,1388,1,9,-1,2,-1
201523N025904,1,9,0,9,0,6,0,0,0,0,1,1,6,1,78,11,1296,1,9,-1,-1,-1
201523N025904,2,9,0,18,0,8,0,0,0,0,2,1,1,2,51,8,1596,1,11,-1,-1,-1
201523N025906,1,5,0,11,0,3,1,0,0,0,4,1,6,1,28,6,599,1,10,-1,1,-1
201523N025906,2,9,0,17,0,8,0,0,0,0,3,1,6,2,62,9,1242,1,5,-1,1,-1
201523N025907,1,9,0,18,0,1,0,0,0,0,1,1,6,1,38,7,1389,1,14,-1,1,-1
201523N025915,1,9,0,18,0,4,0,0,0,0,1,1,6,1,50,8,2993,2,5,-1,1,-1
201523N025915,2,9,0,3,0,1,0,0,0,0,2,1,6,1,56,9,-1,-1,-1,-1,1,-1
201523N025916,1,8,0,7,0,5,0,0,7,10,1,1,1,1,28,6,1997,2,11,-1,1,-1
201523N025919,1,9,0,6,0,0,0,0,0,0,2,1,6,2,45,7,973,1,16,-1,1,-1
201523N025919,2,9,0,18,0,0,0,0,0,0,1,1,6,1,23,5,1242,1,13,-1,1,-1
201523N025920,1,9,0,9,0,5,0,0,0,0,1,1,6,2,20,4,1198,1,1,-1,1,-1
201523N025920,2,5,0,18,0,8,0,4,0,0,1,1,6,1,29,6,399,1,25,-1,1,-1
201523N025920,3,19,0,9,0,6,0,0,0,0,0,1,6,1,33,6,1248,2,7,-1,1,-1
201523N025920,4,9,0,2,0,2,0,0,0,0,3,1,6,2,59,9,993,1,14,-1,1,-1
201523N025920,5,9,0,2,0,2,0,0,0,0,1,1,6,2,22,5,1341,1,11,-1,1,-1
201523N025921,1,9,0,9,0,5,0,0,0,0,1,1,6,1,33,6,1396,1,11,-1,2,-1
201523N025921,2,3,0,4,0,8,0,0,0,0,1,1,1,1,25,5,125,1,14,-1,1,-1
201523N025926,1,9,0,18,0,2,0,0,8,10,1,1,6,1,92,11,1389,1,19,-1,2,-1
201523N025933,1,9,0,18,0,0,0,4,0,0,4,1,6,2,82,11,998,1,12,-1,1,-1
201523N025933,2,9,0,2,0,0,0,0,0,0,4,1,6,1,64,9,1951,2,13,-1,1,-1
201523N025938,1,21,0,18,0,0,0,0,0,0,1,1,1,1,39,7,6370,2,11,-1,1,-1
201523N025938,2,9,0,4,0,0,0,0,0,0,2,1,6,1,76,11,1753,2,13,-1,1,-1
201523N025945,1,8,0,18,0,4,1,9,3,1,1,1,1,1,38,7,1997,2,9,-1,1,-1
201523N025948,1,9,0,9,0,6,0,0,0,0,1,1,6,2,58,9,1388,1,6,-1,1,-1
201523N025948,2,4,0,18,0,8,0,0,0,0,1,1,6,1,45,7,493,1,34,-1,1,-1
201523N025954,1,9,0,9,0,5,0,0,0,0,4,1,1,1,51,8,2143,2,2,-1,3,-1
201523N025954,2,9,0,18,0,1,1,0,0,0,1,1,3,2,30,6,1596,1,14,-1,3,-1
201523N025969,1,9,0,18,0,0,0,0,0,0,1,1,6,1,46,8,2993,2,6,-1,1,-1
201523N025973,1,19,0,5,0,6,0,0,0,0,4,1,6,1,69,10,2496,2,17,-1,1,-1
201523N025973,2,5,0,18,0,1,0,0,0,0,1,1,6,1,52,8,779,1,5,-1,3,-1
201523N025981,1,9,0,16,0,0,2,0,1,4,1,1,6,1,24,5,-1,-1,-1,-1,1,-1
201523N025985,1,9,0,13,0,8,0,0,7,4,1,1,6,1,57,9,1560,2,2,-1,1,-1
201523N025985,2,19,0,9,0,5,0,0,0,0,3,1,1,1,28,6,2143,2,1,-1,1,-1
201523N025989,1,9,0,1,0,2,0,0,0,0,2,1,6,3,-1,-1,1596,1,18,-1,-1,-1
201523N025996,1,9,0,18,0,0,1,0,7,4,1,1,6,1,40,7,999,1,16,-1,3,-1
201523N026001,1,9,0,18,0,1,0,0,0,0,1,1,2,1,35,6,1396,1,10,-1,1,-1
201523N026001,2,9,0,3,0,1,0,0,0,0,2,1,2,2,33,6,1360,1,11,-1,1,-1
201523N026009,1,1,0,18,0,0,0,0,0,0,1,1,6,1,16,4,-1,-1,-1,-1,1,-1
201523N026009,2,9,0,2,0,0,0,0,0,0,4,1,6,2,30,6,1398,1,5,-1,1,-1
201523N026012,1,9,0,9,0,6,0,0,0,0,1,1,3,2,42,7,1796,1,10,-1,3,-1
201523N026012,2,9,0,18,0,8,0,0,7,0,4,1,2,1,23,5,1399,2,7,-1,1,-1
201523N026018,1,9,0,18,0,0,0,4,0,0,1,1,6,1,30,6,1968,2,5,-1,-1,-1
201523N026018,2,9,0,18,0,0,0,0,0,0,1,1,6,1,22,5,1149,1,13,-1,1,-1
201523N026018,3,9,0,2,0,0,0,0,0,0,2,1,6,1,37,7,-1,-1,-1,-1,1,-1
201523N026025,1,9,0,18,0,0,0,0,0,0,1,1,6,1,30,6,1242,1,15,-1,1,-1
201523N026025,2,11,0,3,0,0,0,0,0,0,2,1,1,1,55,8,3900,2,9,-1,1,-1
201523N026027,1,9,0,18,0,1,1,0,0,0,1,1,6,1,26,6,-1,-1,-1,-1,-1,-1
201523N026027,2,9,0,4,0,1,0,0,0,0,2,1,6,1,24,5,-1,-1,-1,-1,1,-1
201523N026028,1,19,0,9,0,6,0,0,0,0,1,1,2,1,54,8,1686,2,13,-1,1,-1
201523N026028,2,5,0,18,0,8,0,0,0,0,1,1,2,1,45,7,1050,1,8,-1,1,-1
201523N026034,1,3,0,16,0,5,1,0,7,4,1,1,2,1,20,4,124,1,-1,-1,2,-1
201523N026036,1,5,0,17,0,0,1,0,1,2,1,1,6,1,43,7,649,1,1,-1,1,-1
201523N026042,1,9,3,18,0,8,0,0,0,0,1,1,6,1,72,10,1997,2,6,-1,1,-1
201523N026042,2,19,3,10,0,8,0,0,0,0,2,1,6,1,35,6,-1,-1,-1,-1,-1,-1
201523N026044,1,9,0,15,0,1,0,0,0,0,0,1,6,3,-1,-1,-1,-1,-1,-1,-1,-1
201523N026044,2,9,0,18,0,1,0,0,0,0,2,1,2,1,40,7,1587,1,11,-1,1,-1
201523N026044,3,9,0,18,0,1,0,0,0,0,1,1,2,2,23,5,1997,2,13,-1,1,-1
201523N026052,1,5,0,17,0,2,0,10,0,0,4,1,6,1,61,9,745,1,43,-1,2,-1
201523N026053,1,9,0,6,0,6,0,0,0,0,3,1,6,3,-1,-1,1360,1,11,-1,-1,-1
201523N026053,2,9,0,18,0,8,5,0,7,9,1,1,6,1,20,4,1910,2,7,-1,3,-1
201523N026055,1,9,0,17,0,0,2,10,1,10,4,1,2,2,24,5,1242,1,9,-1,1,-1
201523N026061,1,9,0,1,0,2,0,4,0,0,2,1,6,2,37,7,1299,1,14,-1,1,-1
201523N026061,2,9,0,2,0,1,0,0,0,0,4,1,6,1,35,6,1997,2,11,-1,1,-1
201523N026061,3,9,0,2,0,2,0,0,0,0,3,1,6,1,45,7,1560,2,8,-1,1,-1
201523N026061,4,9,0,2,0,2,0,0,0,0,3,1,6,3,-1,-1,1910,2,8,-1,-1,-1
201523N026067,1,21,0,11,0,0,0,0,0,0,4,1,1,1,31,6,9290,2,4,-1,1,-1
201523N026067,2,9,0,17,0,0,0,10,1,1,3,1,6,2,50,8,1124,1,14,-1,1,-1
201523N026073,1,9,0,18,0,0,0,0,1,4,1,1,6,1,31,6,1587,1,14,-1,1,-1
201523N026077,1,9,0,17,0,2,0,0,0,0,3,1,6,1,21,5,1596,1,-1,-1,2,-1
201523N026077,2,9,0,16,0,1,0,0,0,0,3,1,6,1,45,7,1595,1,11,-1,1,-1
201523N026083,1,9,0,3,0,8,0,0,0,0,2,1,2,1,33,6,1389,1,12,-1,1,-1
201523N026083,2,20,0,4,0,8,0,0,0,0,1,1,1,1,56,9,3900,2,14,-1,3,-1
201523N026086,1,9,0,18,0,2,0,0,0,0,1,1,6,1,-1,-1,3200,2,11,-1,-1,-1
201523N026097,1,9,0,18,0,0,0,0,0,0,1,1,6,1,18,4,1242,1,10,-1,1,-1
201523N026097,2,9,0,3,0,0,0,0,0,0,2,1,6,1,47,8,1991,2,9,-1,1,-1
201523N026097,3,9,0,3,0,0,0,0,0,0,2,1,6,1,65,9,1968,2,7,-1,2,-1
201523N026098,1,9,0,9,0,5,0,0,0,0,1,1,6,1,18,4,1461,2,9,-1,3,-1
201523N026098,2,9,0,18,0,8,0,10,1,0,3,1,6,2,85,11,-1,-1,-1,-1,1,-1
201523N026101,1,9,0,16,0,0,5,10,1,2,1,1,2,2,22,5,998,1,1,-1,-1,-1
201523N026101,2,9,0,4,0,0,0,0,0,0,1,1,6,1,33,6,1968,2,10,-1,1,-1
201523N026103,1,9,0,16,0,2,0,0,0,0,4,1,1,1,35,6,2993,2,3,-1,-1,-1
201523N026104,1,19,0,5,0,6,0,0,0,0,3,1,1,1,29,6,-1,-1,-1,-1,1,-1
201523N026104,2,1,0,18,0,8,0,0,0,0,4,1,6,1,20,4,-1,-1,-1,-1,1,-1
201523N026105,1,9,0,18,0,0,0,0,0,0,1,1,1,1,32,6,-1,-1,-1,-1,2,-1
201523N026105,2,9,0,3,0,0,0,0,0,0,2,1,2,1,76,11,998,1,-1,-1,1,-1
201523N026105,3,9,0,3,0,0,0,0,0,0,2,1,1,1,36,7,-1,-1,-1,-1,1,-1
201523N026112,1,21,1,11,0,0,0,0,0,0,4,1,1,1,40,7,-1,-1,-1,-1,-1,-1
201523N026112,2,9,0,18,0,0,0,0,0,0,3,1,2,2,38,7,998,1,-1,-1,1,-1
201523N026113,1,90,0,6,0,8,0,0,0,0,3,1,1,1,65,9,-1,-1,-1,-1,1,-1
201523N026113,2,5,0,13,0,1,0,0,0,0,1,1,2,1,36,7,1157,1,18,-1,3,-1
201523N026121,1,9,0,5,0,1,2,10,1,10,1,1,6,1,89,11,1968,2,5,-1,1,-1
201523N026121,2,9,0,3,0,1,0,0,0,0,0,1,6,1,53,8,-1,-1,-1,-1,1,-1
201523N026122,1,21,1,12,0,4,0,0,0,0,1,1,1,1,42,7,12740,2,3,-1,-1,-1
201523N026122,2,9,0,18,0,4,0,9,7,2,4,1,1,1,59,9,2148,2,8,-1,1,-1
201523N026127,1,20,0,1,0,8,0,0,0,0,2,1,6,1,-1,-1,-1,-1,-1,-1,-1,-1
201523N026127,2,9,0,18,0,8,0,0,0,0,1,1,6,2,24,5,1364,1,7,-1,1,-1
201523N026128,1,3,0,18,0,0,0,10,1,2,4,1,6,1,77,11,102,1,8,-1,3,-1
201523N026132,1,5,0,18,0,1,0,0,0,0,1,1,6,1,25,5,749,1,6,-1,1,-1
201523N026132,2,9,0,18,0,1,0,0,0,0,2,1,6,1,25,5,-1,-1,-1,-1,1,-1
201523N026134,1,3,0,9,0,8,0,0,0,0,1,1,2,1,22,5,124,1,13,-1,1,-1
201523N026134,2,9,0,18,0,8,0,0,0,0,1,1,2,1,51,8,1956,2,1,-1,2,-1
201523N026143,1,9,0,9,0,6,0,0,0,0,1,1,6,1,33,6,1896,2,10,-1,1,-1
201523N026143,2,1,0,18,0,8,0,0,0,0,1,1,2,1,44,7,-1,-1,-1,-1,3,-1
201523N026146,1,9,0,17,0,0,0,0,0,0,1,1,2,2,44,7,1199,1,12,-1,2,-1
201523N026146,2,17,4,16,0,0,0,0,0,0,2,1,1,3,-1,-1,-1,-1,-1,-1,-1,-1
201523N026148,1,19,0,13,0,8,0,0,7,3,1,1,1,1,40,7,2143,2,1,-1,-1,-1
201523N026148,2,9,0,9,0,5,0,0,0,0,3,1,6,1,48,8,1598,1,2,-1,1,-1
201523N026160,1,9,0,5,0,6,0,0,0,0,4,1,6,2,19,4,998,1,6,-1,1,-1
201523N026160,2,5,0,16,0,8,0,0,0,0,1,1,2,1,22,5,645,1,13,-1,1,-1
201523N026162,1,9,0,18,0,1,0,0,0,0,1,1,6,1,64,9,1796,2,3,-1,1,-1
201523N026162,2,9,0,3,0,1,0,0,0,0,2,1,6,1,54,8,1997,2,10,-1,1,-1
201523N026181,1,21,1,9,0,8,0,0,0,0,1,1,1,1,33,6,-1,-1,-1,-1,-1,-1
201523N026181,2,19,0,18,0,3,2,0,0,0,4,1,1,1,30,6,1461,2,4,-1,3,-1
201523N026183,1,9,0,13,0,0,0,0,0,0,0,1,6,3,-1,-1,-1,-1,-1,-1,-1,-1
201523N026183,2,5,0,18,0,0,0,0,0,0,4,1,2,1,28,6,-1,-1,-1,-1,1,-1
201523N026184,1,90,0,18,0,0,0,0,0,0,3,1,6,1,92,11,-1,-1,-1,-1,1,-1
201523N026187,1,9,0,18,0,0,2,10,1,0,4,1,6,1,18,4,1229,1,4,-1,1,-1
201523N026190,1,9,0,3,0,1,0,0,0,0,3,1,6,2,50,8,1997,2,3,-1,2,-1
201523N026190,2,9,0,9,0,6,0,0,0,0,3,1,6,1,21,5,1997,2,14,-1,2,-1
201523N026191,1,9,0,5,0,6,0,0,0,0,4,1,6,1,38,7,1598,1,6,-1,1,-1
201523N026191,2,9,0,18,0,8,0,0,0,0,1,1,6,2,55,8,-1,-1,-1,-1,1,-1
201523N026196,1,9,0,18,0,2,0,0,0,0,3,1,6,2,29,6,1686,2,8,-1,1,-1
201523N026196,2,9,0,18,0,1,0,0,0,0,3,1,6,2,78,11,1124,1,8,-1,1,-1
201523N026197,1,9,0,9,0,5,0,0,0,0,1,1,2,1,28,6,1896,2,15,-1,1,-1
201523N026197,2,9,0,17,0,8,0,0,0,0,1,1,2,1,35,6,1896,2,13,-1,1,-1
201523N026197,3,19,0,17,0,8,0,0,0,0,1,1,2,1,41,7,2198,2,8,-1,1,-1
201523N026197,4,9,0,4,0,8,0,0,0,0,2,1,2,1,52,8,-1,-1,-1,-1,1,-1
201523N026197,5,9,0,4,0,8,0,0,0,0,2,1,6,2,31,6,1199,2,2,-1,1,-1
201523N026201,1,9,0,13,0,1,0,0,0,0,1,1,6,3,-1,-1,-1,-1,-1,-1,-1,-1
201523N026201,2,1,0,18,0,1,0,0,0,0,2,1,6,1,21,5,-1,-1,-1,-1,1,-1
201523N026204,1,9,0,18,0,0,0,0,0,0,1,1,6,1,46,8,2495,2,11,-1,3,-1
201523N026204,2,9,0,4,0,0,0,0,0,0,2,1,6,2,33,6,1598,2,3,-1,3,-1
201523N026208,1,9,0,9,0,6,0,0,0,0,4,1,1,1,54,8,1686,2,11,-1,1,-1
201523N026208,2,9,0,18,0,8,1,0,0,0,1,1,6,1,25,5,1149,1,12,-1,1,-1
201523N026216,1,9,0,4,0,8,0,0,0,0,1,1,2,2,32,6,1422,2,-1,-1,2,-1
201523N026216,2,9,0,10,0,8,0,0,0,0,2,1,2,1,27,6,-1,-1,-1,-1,-1,-1
201523N026219,1,9,0,18,0,0,0,0,1,4,1,1,2,1,30,6,2084,1,12,-1,2,-1
201523N026229,1,9,0,4,0,1,1,0,3,10,1,1,6,1,27,6,1796,1,15,-1,1,-1
201523N026231,1,9,0,18,0,6,0,0,0,0,1,1,6,1,47,8,2435,1,14,-1,1,-1
201523N026231,2,1,0,9,0,8,0,0,0,0,3,1,6,1,15,3,-1,-1,-1,-1,1,-1
201523N026232,1,9,0,2,0,0,0,0,0,0,3,1,6,1,67,10,2231,2,1,-1,1,-1
201523N026232,2,1,0,18,0,0,0,8,0,0,1,1,6,1,30,6,-1,-1,-1,-1,2,-1
201523N026234,1,9,0,16,0,0,2,0,1,10,4,1,6,1,22,5,1596,1,13,-1,1,-1
201523N026235,1,9,0,16,0,1,1,10,2,2,4,1,6,1,17,4,-1,-1,-1,-1,1,-1
201523N026250,1,9,0,16,0,0,1,0,2,4,1,1,6,1,46,8,2960,1,23,-1,1,-1
201523N026251,1,9,0,9,0,6,0,0,0,0,3,1,6,2,74,10,1988,1,16,-1,1,-1
201523N026251,2,21,1,17,0,8,1,0,0,0,1,1,1,1,55,8,11967,2,4,-1,1,-1
201523N026255,1,9,0,18,0,6,0,4,0,0,3,1,6,2,28,6,1999,1,11,-1,1,-1
201523N026255,2,9,0,18,0,8,0,0,0,0,1,1,6,2,25,5,1199,1,13,-1,1,-1
201523N026255,3,19,0,2,0,1,0,0,0,0,3,1,6,1,37,7,2198,2,1,-1,1,-1
201523N026256,1,9,0,9,0,6,0,0,0,0,1,1,6,2,70,10,1951,2,9,-1,1,-1
201523N026256,2,1,0,18,0,8,0,0,0,0,4,1,6,1,47,8,-1,-1,-1,-1,2,-1
201523N026258,1,9,0,5,9,6,0,0,0,0,4,1,6,2,45,7,2497,1,10,-1,1,-1
201523N026258,2,1,0,18,9,8,0,0,0,0,1,1,6,1,12,3,-1,-1,-1,-1,1,-1
201523N026264,1,9,0,18,0,0,0,0,0,0,3,1,6,2,58,9,1299,1,10,-1,-1,-1
201523N026266,1,9,0,7,0,8,0,10,1,1,4,1,6,1,24,5,1124,1,9,-1,1,-1
201523N026271,1,9,0,16,0,0,1,6,0,0,1,1,6,1,47,8,5998,1,11,-1,-1,-1
201523N026272,1,9,0,9,0,0,0,0,0,0,3,1,6,1,38,7,1997,1,10,-1,1,-1
201523N026272,2,9,0,13,0,0,0,0,0,0,1,1,2,1,42,7,-1,-1,-1,-1,-1,-1
201523N026284,1,9,0,7,0,6,0,7,0,0,3,1,2,1,41,7,-1,-1,-1,-1,1,-1
201523N026284,2,9,0,18,0,8,0,0,0,0,1,1,2,1,41,7,2435,1,14,-1,1,-1
201523N026291,1,9,0,7,0,4,0,0,0,0,4,1,6,2,62,9,-1,-1,-1,-1,1,-1
201523N026291,2,1,0,18,0,4,0,0,0,0,1,1,6,1,35,6,-1,-1,-1,-1,-1,-1
201523N026297,1,19,0,18,0,1,0,0,0,0,1,1,6,1,-1,-1,1686,2,3,-1,-1,-1
201523N026297,2,9,0,3,0,1,0,0,0,0,2,1,6,2,26,6,1299,1,9,-1,1,-1
201523N026297,3,9,0,3,0,1,0,0,0,0,2,1,6,1,53,8,1461,2,3,-1,1,-1
201523N026298,1,9,0,5,0,0,0,0,0,0,1,1,1,1,45,7,-1,-1,-1,-1,-1,-1
201523N026298,2,9,0,18,0,0,0,0,0,0,4,1,6,1,26,6,1598,2,3,-1,1,-1
201523N026300,1,9,0,18,0,2,0,0,0,0,1,1,6,2,55,8,1560,2,7,-1,1,-1
201523N026300,2,9,0,18,0,1,0,0,1,0,1,1,6,1,71,10,1560,2,3,-1,1,-1
201523N026307,1,9,0,4,0,5,1,7,0,0,1,1,6,1,75,10,1364,1,7,-1,1,-1
201523N026310,1,9,0,17,0,2,0,7,7,10,1,1,6,2,56,9,1360,1,9,-1,1,-1
201523N026313,1,9,0,5,0,4,0,0,0,0,1,1,6,1,35,6,-1,-1,-1,-1,-1,-1
201523N026313,2,1,0,9,0,8,0,0,0,0,4,1,2,1,28,6,-1,-1,-1,-1,1,-1
201523N026315,1,21,1,9,0,5,0,0,0,0,4,1,1,1,28,6,12777,2,-1,-1,1,-1
201523N026315,2,9,0,18,0,8,0,0,0,0,1,1,6,2,36,7,-1,-1,-1,-1,2,-1
201523N026318,1,9,0,9,0,6,0,0,0,0,1,1,6,1,84,11,1124,1,15,-1,1,-1
201523N026318,2,1,0,17,0,8,0,0,0,0,1,1,6,1,48,8,-1,-1,-1,-1,1,-1
201523N026329,1,9,0,18,0,1,0,0,0,0,1,1,6,2,24,5,1242,1,1,-1,1,-1
201523N026329,2,5,0,10,0,1,0,0,0,0,2,1,2,2,37,7,750,1,2,-1,1,-1
201523N026330,1,21,1,18,0,1,0,0,0,0,0,1,6,3,-1,-1,-1,-1,-1,-1,-1,-1
201523N026330,2,5,0,18,0,1,0,0,0,0,1,1,2,1,45,7,599,1,10,-1,1,-1
201523N026330,3,9,0,3,0,1,0,0,0,0,2,1,2,1,53,8,1560,2,6,-1,1,-1
201523N026343,1,5,0,18,0,3,0,0,0,0,4,1,6,1,24,5,599,1,16,-1,1,-1
201523N026349,1,9,0,18,0,0,0,10,0,0,1,1,6,1,83,11,1149,1,10,-1,-1,-1
201523N026360,1,9,0,18,0,8,0,0,0,0,1,1,6,1,21,5,1360,1,15,-1,1,-1
201523N026360,2,9,0,10,0,8,0,0,0,0,2,1,2,2,42,7,1248,2,6,-1,1,-1
201523N026370,1,9,0,5,0,4,0,0,0,0,1,1,2,1,53,8,1984,1,1,-1,1,-1
201523N026370,2,1,0,18,0,8,0,0,0,0,4,1,2,1,42,7,-1,-1,-1,-1,1,-1
201523N026375,1,9,0,9,0,6,0,0,0,0,3,1,6,2,78,11,1997,1,15,-1,3,-1
201523N026375,2,1,0,18,0,8,1,0,0,0,1,1,2,1,48,8,-1,-1,-1,-1,1,-1
201523N026379,1,9,0,4,0,0,0,0,0,0,0,1,6,2,30,6,1560,2,6,-1,3,-1
201523N026383,1,9,0,6,0,0,0,0,0,0,3,1,6,1,35,6,1798,1,8,-1,1,-1
201523N026383,2,9,0,18,0,0,0,0,0,0,1,1,6,1,51,8,1896,2,13,-1,-1,-1
201523N026388,1,9,0,6,0,0,0,0,0,0,1,1,6,1,58,9,-1,-1,-1,-1,1,-1
201523N026388,2,9,0,18,0,0,0,0,0,0,4,1,6,1,69,10,1200,1,-1,-1,-1,-1
201523N026391,1,9,0,9,0,6,0,0,0,0,3,1,2,1,22,5,1997,2,11,-1,1,-1
201523N026391,2,19,0,18,0,1,5,0,1,0,1,1,1,1,31,6,-1,-1,-1,-1,1,-1
201523N026392,1,9,0,18,0,1,0,0,0,0,1,1,6,2,38,7,1598,2,4,-1,1,-1
201523N026392,2,19,0,3,0,1,0,0,0,0,2,1,1,1,39,7,1248,2,9,-1,1,-1
201523N026394,1,9,0,14,0,2,0,0,0,0,4,1,6,1,32,6,1997,2,12,-1,1,-1
201523N026406,1,5,0,18,0,0,0,0,1,9,4,1,6,1,68,10,-1,-1,-1,-1,2,-1
201523N026407,1,9,0,5,0,4,0,0,0,0,3,1,6,2,23,5,1198,1,3,-1,1,-1
201523N026407,2,9,0,9,0,8,0,0,0,0,1,1,6,1,62,9,1968,2,1,-1,1,-1
201523N026409,1,9,0,9,0,5,0,0,0,0,3,1,2,1,22,5,1242,1,16,-1,2,-1
201523N026409,2,1,0,18,0,1,0,0,0,0,1,1,2,1,52,8,-1,-1,-1,-1,1,-1
201523N026414,1,9,0,18,0,8,1,0,0,0,1,1,6,1,32,6,1800,1,16,-1,1,-1
201523N026414,2,9,0,12,0,8,1,0,4,6,3,1,6,2,51,8,1299,1,11,-1,3,-1
201523N026415,1,9,0,18,0,0,0,0,0,0,1,1,2,2,32,6,998,1,13,-1,1,-1
201523N026429,1,9,0,18,0,4,5,9,1,0,1,1,2,1,34,6,1910,2,7,-1,-1,-1
201523N026433,1,5,0,13,0,1,0,0,8,10,1,1,6,1,45,7,1043,1,-1,-1,1,-1
201523N026433,2,9,0,9,0,1,0,0,0,0,3,1,6,1,51,8,5343,1,26,-1,1,-1
201523N026438,1,9,0,12,0,3,0,0,0,0,3,1,6,1,19,4,1197,1,-1,-1,1,-1
201523N026438,2,5,0,18,0,3,0,0,0,0,1,1,6,1,52,8,1450,1,12,-1,1,-1
201523N026442,1,9,0,18,0,8,0,0,0,0,1,1,6,3,-1,-1,1896,2,15,-1,-1,-1
201523N026442,2,8,0,3,0,8,0,0,0,0,2,1,1,1,33,6,1968,2,9,-1,-1,-1
201523N026443,1,9,0,2,0,0,0,0,0,0,3,1,6,1,58,9,-1,-1,-1,-1,-1,-1
201523N026443,2,1,0,16,0,0,1,8,0,0,4,1,1,1,47,8,-1,-1,-1,-1,1,-1
201523N026450,1,9,0,9,0,6,0,0,0,0,3,1,6,2,82,11,1298,1,12,-1,1,-1
201523N026450,2,9,0,18,0,8,0,0,0,0,1,1,6,1,33,6,1796,1,9,-1,1,-1
201523N026459,1,9,0,18,0,4,0,0,0,0,3,1,3,2,44,7,1397,1,4,-1,1,-1
201523N026459,2,1,0,9,0,8,0,0,0,0,4,1,2,1,44,7,-1,-1,-1,-1,1,-1
201523N026461,1,9,0,18,0,8,0,0,0,0,1,1,6,1,61,9,1242,1,13,-1,2,-1
201523N026461,2,9,0,10,0,8,0,0,0,0,2,1,6,2,50,8,973,1,15,-1,1,-1
201523N026467,1,9,0,9,0,6,0,0,0,0,1,1,2,1,38,7,1560,2,7,-1,1,-1
201523N026467,2,9,0,18,0,8,0,0,7,0,1,1,6,1,42,7,1910,2,9,-1,1,-1
201523N026468,1,8,0,5,0,0,0,0,0,0,0,1,1,1,48,8,-1,-1,-1,-1,-1,-1
201523N026470,1,1,0,18,0,6,0,0,0,0,3,1,2,1,55,8,-1,-1,-1,-1,1,-1
201523N026470,2,9,0,18,0,8,0,0,0,0,1,1,2,1,43,7,1796,1,15,-1,1,-1
201523N026475,1,9,0,18,0,1,0,0,7,10,1,1,6,2,81,11,1389,1,18,-1,1,-1
201523N026475,2,9,0,8,0,6,0,0,0,0,3,1,6,2,49,8,1998,1,11,-1,1,-1
201523N026476,1,9,0,17,0,8,0,0,0,0,1,1,6,2,40,7,899,1,2,-1,1,-1
201523N026476,2,9,0,16,0,8,0,0,0,0,3,1,6,2,84,11,1119,1,20,-1,1,-1
201523N026477,1,9,0,17,0,0,2,0,7,7,1,1,6,2,20,4,1560,2,7,-1,3,-1
201523N026479,1,9,0,4,0,0,0,0,0,0,0,1,6,3,-1,-1,-1,-1,-1,-1,-1,-1
201523N026479,2,9,0,4,0,0,0,0,0,0,2,1,6,2,19,4,973,1,12,-1,1,-1
201523N026479,3,9,0,18,0,0,0,0,0,0,1,1,6,2,38,7,1149,1,8,-1,1,-1
201523N026479,4,9,0,18,0,0,0,0,0,0,1,1,6,1,53,8,1910,2,10,-1,1,-1
201523N026481,1,9,0,9,0,3,0,0,0,0,1,1,1,1,34,6,1398,1,2,-1,1,-1
201523N026481,2,1,0,18,0,3,0,0,0,0,2,1,2,2,43,7,-1,-1,-1,-1,1,-1
201523N026484,1,9,0,18,0,0,0,4,0,0,1,1,6,1,77,11,2231,2,9,-1,1,-1
201523N026484,2,9,0,2,0,0,0,0,0,0,4,1,6,1,19,4,1390,1,11,-1,1,-1
201523N026484,3,9,0,2,0,0,0,4,0,0,2,1,6,1,41,7,1799,1,9,-1,1,-1