Accident_Index,Vehicle_Reference,Vehicle_Type,Towing_and_Articulation,Vehicle_Manoeuvre,Vehicle_Location-Restricted_Lane,Junction_Location,Skidding_and_Overturning,Hit_Object_in_Carriageway,Vehicle_Leaving_Carriageway,Hit_Object_off_Carriageway,1st_Point_of_Impact,Was_Vehicle_Left_Hand_Drive?,Journey_Purpose_of_Driver,Sex_of_Driver,Age_of_Driver,Age_Band_of_Driver,Engine_Capacity_(CC),Propulsion_Code,Age_of_Vehicle,Driver_IMD_Decile,Driver_Home_Area_Type,Vehicle_IMD_Decile
201523S010170,5,9,0,2,0,2,0,0,0,0,4,1,6,2,23,5,998,1,9,-1,1,-1
201523S010170,6,19,0,2,0,2,0,0,0,0,3,1,6,1,56,9,-1,-1,-1,-1,-1,-1
201523S010176,1,19,0,18,0,1,0,0,0,0,1,1,1,1,31,6,1896,2,6,-1,3,-1
201523S010176,2,9,0,4,0,1,0,0,0,0,2,1,6,1,49,8,1461,2,10,-1,1,-1
201523S010176,3,9,0,3,0,1,0,0,0,0,2,1,6,1,43,7,1461,2,5,-1,2,-1
201523S010176,4,9,0,3,0,1,0,0,0,0,2,1,6,1,67,10,2494,2,8,-1,2,-1
201523S010176,5,9,0,9,0,5,0,0,0,0,0,1,6,3,-1,-1,-1,-1,-1,-1,-1,-1
201523S010178,1,9,0,18,0,6,0,0,0,0,1,1,6,1,19,4,1598,1,16,-1,3,-1
201523S010178,2,9,0,18,0,8,5,10,1,1,3,1,6,1,30,6,5204,1,6,-1,1,-1
201523S010193,1,9,0,7,0,6,0,0,0,0,0,1,6,1,73,10,2198,1,10,-1,3,-1
201523S010193,2,9,0,18,0,1,2,0,7,4,1,1,6,1,20,4,-1,-1,-1,-1,3,-1
201523S010193,3,9,0,18,0,1,0,0,0,0,1,1,6,1,19,4,-1,-1,-1,-1,2,-1
201523S010195,1,9,0,16,0,0,2,0,7,9,1,1,2,1,34,6,1596,1,7,-1,2,-1
201523S010196,1,9,0,7,0,5,0,0,0,0,3,1,6,2,44,7,-1,-1,-1,-1,-1,-1
201523S010202,1,9,0,18,7,0,0,4,0,0,1,1,2,1,40,7,1398,1,5,-1,1,-1
201523S010202,2,21,1,2,6,0,0,0,0,0,2,1,6,3,-1,-1,10837,2,1,-1,-1,-1
201523S010205,1,9,0,18,0,0,0,0,0,0,3,1,2,2,30,6,1390,1,5,-1,1,-1
201523S010209,1,9,0,18,0,0,1,0,2,10,1,1,6,1,59,9,-1,-1,-1,-1,1,-1
201523S010211,1,5,0,14,0,8,0,0,0,0,4,1,6,1,22,5,649,1,7,-1,1,-1
201523S010211,2,9,0,9,0,5,0,0,0,0,3,1,6,2,58,9,1560,2,2,-1,1,-1
201523S010217,1,9,0,9,0,8,0,0,0,0,1,1,6,1,19,4,1497,8,5,-1,-1,-1
201523S010217,2,9,0,18,0,8,0,0,0,0,1,1,6,2,51,8,1995,2,10,-1,3,-1
201523S010225,1,9,0,13,0,0,0,0,0,0,3,1,6,3,-1,-1,-1,-1,-1,-1,-1,-1
201523S010225,2,9,0,18,0,0,0,0,1,0,3,1,6,1,70,10,1461,2,10,-1,1,-1
201523S010226,1,9,0,13,0,0,0,0,0,0,1,1,6,1,43,7,998,1,1,-1,1,-1
201523S010226,2,1,0,18,0,0,0,0,0,0,3,1,2,2,33,6,-1,-1,-1,-1,1,-1
201523S010227,1,9,0,18,0,0,1,0,0,0,1,1,6,3,-1,-1,1596,1,6,-1,-1,-1
201523S010227,2,19,0,1,0,0,0,0,0,0,2,1,1,1,41,7,2198,2,4,-1,1,-1
201523S010234,1,19,0,9,0,8,0,0,0,0,4,1,6,1,47,8,2198,2,8,-1,2,-1
201523S010234,2,9,0,18,0,8,0,0,0,0,1,1,6,1,61,9,-1,-1,-1,-1,1,-1
201523S010235,1,9,0,16,0,0,5,0,8,10,1,1,6,1,17,4,-1,-1,-1,-1,1,-1
201523S010238,1,9,0,4,0,4,0,0,0,0,1,1,6,1,35,6,1998,2,11,-1,1,-1
201523S010238,2,9,0,16,0,3,0,0,0,0,1,1,6,1,47,8,-1,-1,-1,-1,1,-1
201523S010242,1,19,0,18,0,7,0,0,0,0,3,1,6,3,-1,-1,-1,-1,-1,-1,-1,-1
201523S010242,2,9,0,18,0,8,0,0,0,0,4,1,6,1,55,8,1995,2,3,-1,1,-1
201523S010244,1,9,0,16,0,0,0,0,0,0,0,1,6,3,-1,-1,-1,-1,-1,-1,-1,-1
201523S010244,2,9,0,16,0,0,1,0,1,10,1,1,2,2,39,7,1422,2,9,-1,1,-1
201523S010245,1,9,0,1,9,0,0,0,0,0,3,1,2,2,48,8,1995,2,-1,-1,3,-1
201523S010251,1,19,0,9,0,5,0,0,0,0,4,1,1,2,43,7,2300,2,10,-1,1,-1
201523S010251,2,5,0,18,0,1,0,0,0,0,1,1,1,1,45,7,750,1,3,-1,-1,-1
201523S010257,1,9,0,18,0,0,5,0,1,10,1,1,2,1,26,6,-1,-1,-1,-1,1,-1
201523S010259,1,9,0,18,0,0,2,0,1,4,1,1,2,1,40,7,-1,-1,-1,-1,1,-1
201523S010261,1,9,0,18,0,1,0,0,0,0,1,1,6,2,45,7,1968,2,8,-1,1,-1
201523S010261,2,19,0,3,0,1,0,0,0,0,2,1,1,1,56,9,1248,2,1,-1,1,-1
201523S010267,1,9,0,18,0,0,0,0,7,0,2,1,6,1,69,10,1598,1,3,-1,1,-1
201523S010267,2,19,0,18,0,0,0,0,0,0,3,1,1,1,24,5,2198,2,2,-1,1,-1
201523S010268,1,9,0,18,0,8,0,0,0,0,1,1,2,2,40,7,1497,1,12,-1,1,-1
201523S010268,2,9,0,9,0,5,0,0,0,0,4,1,6,2,45,7,-1,-1,-1,-1,1,-1
201523S010278,1,9,0,6,0,0,0,0,0,0,3,1,6,1,28,6,1598,1,10,-1,1,-1
201523S010278,2,5,0,13,0,0,0,0,0,0,1,1,2,2,35,6,600,1,18,-1,2,-1
201523S010282,1,9,0,9,0,5,0,0,0,0,1,1,6,2,68,10,1198,1,9,-1,1,-1
201523S010282,2,1,0,18,0,8,0,0,0,0,3,1,6,1,39,7,-1,-1,-1,-1,1,-1
201523S010285,1,9,0,5,0,4,0,0,0,0,1,1,1,1,83,11,-1,-1,-1,-1,1,-1
201523S010285,2,9,0,8,0,1,0,0,0,0,2,1,2,1,41,7,-1,-1,-1,-1,1,-1
201523S010290,1,9,0,18,0,4,0,0,0,0,3,1,2,1,23,5,1242,1,8,-1,-1,-1
201523S010290,2,1,0,18,0,8,0,0,0,0,4,1,2,1,51,8,-1,-1,-1,-1,-1,-1
201523S010291,1,9,0,4,0,1,0,4,7,0,1,1,6,2,90,11,-1,-1,-1,-1,1,-1
201523S010291,2,9,0,2,0,2,0,4,0,0,1,1,6,1,58,9,1242,1,1,-1,1,-1
201523S010291,3,9,0,2,0,2,0,4,0,0,1,1,6,1,58,9,1591,1,-1,-1,1,-1
201523S010291,4,9,0,2,0,1,0,0,0,0,3,1,6,2,49,8,-1,-1,-1,-1,1,-1
201523S010291,5,9,0,2,0,1,0,0,0,0,4,1,6,1,47,8,1397,1,6,-1,1,-1
201523S010291,6,9,0,2,0,2,0,0,0,0,3,1,6,1,48,8,2987,2,3,-1,1,-1
201523S010300,1,9,0,18,0,6,0,0,0,0,1,1,2,1,24,5,1242,1,8,-1,1,-1
201523S010300,2,9,0,18,0,8,0,0,0,0,3,1,6,1,49,8,998,1,8,-1,1,-1
201523S010304,1,9,0,18,0,4,0,0,0,0,1,1,6,2,26,6,1598,1,9,-1,-1,-1
201523S010304,2,9,0,8,0,1,0,0,0,0,2,1,1,2,47,8,2494,1,13,-1,3,-1
201523S010316,1,9,0,18,0,8,0,0,0,0,3,1,2,2,73,10,1798,1,9,-1,3,-1
201523S010316,2,9,0,5,0,6,0,0,0,0,1,1,2,2,21,5,1560,2,1,-1,2,-1
201523S010320,1,1,0,18,0,0,0,10,1,0,1,1,6,1,37,7,-1,-1,-1,-1,1,-1
201523S010321,1,9,0,4,0,1,0,0,0,0,1,1,2,1,22,5,-1,-1,-1,-1,1,-1
201523S010321,2,9,0,4,0,1,0,0,0,0,2,1,2,1,58,9,1388,1,7,-1,1,-1
201523S010328,1,9,0,18,0,8,0,0,0,0,1,1,6,1,25,5,1850,1,15,-1,3,-1
201523S010328,2,9,0,10,0,8,0,0,0,0,2,1,6,2,55,8,1991,2,4,-1,1,-1
201523S010337,1,9,0,9,0,6,0,0,0,0,1,1,6,1,77,11,2400,2,6,-1,-1,-1
201523S010337,2,20,0,18,0,8,0,0,7,3,1,1,1,1,24,5,-1,-1,-1,-1,1,-1
201523S010338,1,9,0,18,0,6,1,0,0,0,4,1,1,1,28,6,1396,1,16,-1,1,-1
201523S010338,2,9,0,18,0,8,0,0,0,0,1,1,1,1,28,6,2199,2,2,-1,1,-1
201523S010340,1,9,0,17,0,0,0,0,1,9,4,1,6,1,18,4,1242,1,2,-1,1,-1
201523S010342,1,9,0,13,0,0,0,0,0,0,4,1,6,3,-1,-1,-1,-1,-1,-1,-1,-1
201523S010342,2,1,0,18,0,0,0,0,1,0,3,1,6,2,23,5,-1,-1,-1,-1,-1,-1
201523S010353,1,9,0,9,0,6,0,0,0,0,1,1,6,1,63,9,2179,2,-1,-1,3,-1
201523S010353,2,9,0,18,0,1,0,0,0,0,1,1,6,2,65,9,1248,1,4,-1,1,-1
201523S010357,1,9,0,18,0,0,0,0,7,6,1,1,6,1,28,6,-1,-1,-1,-1,1,-1
201523S010360,1,5,0,18,0,8,0,0,0,0,1,1,2,1,35,6,998,1,6,-1,1,-1
201523S010360,2,9,0,9,0,5,0,0,0,0,2,1,2,1,40,7,998,1,11,-1,1,-1
201523S010361,1,1,0,18,0,1,0,0,0,0,1,1,6,1,35,6,-1,-1,-1,-1,3,-1
201523S010377,1,9,0,4,0,0,0,0,0,0,0,1,6,1,78,11,1991,1,2,-1,-1,-1
201523S010377,2,11,0,18,0,0,0,0,0,0,0,1,1,1,42,7,10518,2,5,-1,1,-1
201523S010380,1,9,0,18,0,8,0,0,1,1,3,1,6,2,32,6,1587,1,8,-1,-1,-1
201523S010380,2,19,0,18,0,8,0,0,0,0,1,1,1,1,59,9,-1,-1,-1,-1,1,-1
201523S010382,1,9,0,17,0,2,5,0,1,9,1,1,6,1,46,8,1968,2,8,-1,3,-1
201523S010388,1,9,0,16,0,0,0,0,7,4,1,1,6,1,29,6,1598,1,4,-1,2,-1
201523S010395,1,21,0,1,0,2,0,0,0,0,2,1,1,1,50,8,9290,2,5,-1,1,-1
201523S010395,2,22,0,2,9,2,0,0,0,0,3,1,6,1,51,8,-1,-1,-1,-1,1,-1
201523S010397,1,19,0,18,0,0,0,0,0,0,4,1,6,1,19,4,2198,2,3,-1,-1,-1
201523S010414,1,1,0,9,0,2,0,0,0,0,1,1,4,1,11,3,-1,-1,-1,-1,1,-1
201523S010414,2,9,0,18,0,1,0,0,0,0,1,1,3,1,50,8,2393,1,13,-1,1,-1
201523S010417,1,9,0,18,0,1,0,0,1,9,1,1,2,1,24,5,1598,1,10,-1,-1,-1
201523S010417,2,9,0,4,0,1,0,0,0,0,2,1,2,1,23,5,3498,1,12,-1,1,-1
201523S010417,3,9,0,4,0,1,0,0,0,0,2,1,2,1,45,7,1598,1,4,-1,1,-1
201523S010426,1,9,0,18,0,0,0,0,0,0,0,1,6,3,-1,-1,-1,-1,-1,-1,-1,-1
201523S010426,2,9,0,18,0,0,0,0,1,4,2,1,6,1,19,4,1242,1,11,-1,1,-1
201523S010426,3,9,0,18,0,0,0,0,0,0,0,1,6,3,-1,-1,-1,-1,-1,-1,-1,-1
201523S010429,1,9,0,4,0,1,0,0,0,0,1,1,6,1,48,8,2993,2,8,-1,-1,-1
201523S010429,2,9,0,3,0,1,0,0,0,0,2,1,1,2,20,4,998,1,9,-1,1,-1
201523S010431,1,9,0,7,0,6,0,0,0,0,1,1,1,1,50,8,2231,2,9,-1,1,-1
201523S010431,2,9,0,18,0,1,0,0,0,0,1,1,6,1,79,11,-1,-1,-1,-1,2,-1
201523S010435,1,9,0,18,0,0,0,0,0,0,1,1,1,1,30,6,1995,2,4,-1,1,-1
201523S010435,2,9,0,3,0,0,0,0,0,0,2,1,6,1,49,8,2993,2,1,-1,1,-1
201523S010443,1,9,0,17,0,0,0,0,2,4,4,1,6,1,24,5,1396,1,18,-1,3,-1
201523S010447,1,9,0,16,0,0,0,0,7,9,1,1,6,1,77,11,1995,2,-1,-1,1,-1
201523S010448,1,1,0,18,0,1,0,0,0,0,1,1,6,1,49,8,-1,-1,-1,-1,1,-1
201523S010448,2,9,0,18,0,2,0,0,0,0,3,1,6,2,47,8,1198,1,3,-1,1,-1
201523S010453,1,9,0,18,0,1,1,0,0,0,1,1,2,2,24,5,1596,1,10,-1,1,-1
201523S010453,2,9,0,10,0,8,0,0,0,0,2,1,2,1,39,7,698,1,11,-1,1,-1
201523S010460,1,9,0,18,0,8,0,0,0,0,1,1,6,2,56,9,1596,1,6,-1,-1,-1
201523S010460,2,1,0,3,0,8,0,0,1,0,2,1,6,1,47,8,-1,-1,-1,-1,3,-1
201523S010460,3,9,0,3,0,8,0,0,0,0,2,1,6,1,45,7,1968,2,1,-1,1,-1
201523S010460,4,9,0,3,0,8,0,0,0,0,2,1,1,1,35,6,1968,2,5,-1,1,-1
201523S010461,1,9,0,18,0,2,0,0,5,6,1,1,6,1,27,6,3600,1,7,-1,1,-1
201523S010461,2,9,0,18,0,2,5,0,1,7,2,1,6,1,34,6,1398,1,13,-1,1,-1
201523S010461,3,9,0,18,0,2,0,0,0,0,2,1,6,1,70,10,1995,2,-1,-1,1,-1
201523S010462,1,1,0,15,0,8,0,0,0,0,1,1,2,1,22,5,-1,-1,-1,-1,1,-1
201523S010462,2,9,0,7,0,5,0,0,0,0,4,1,6,2,67,10,1390,1,3,-1,1,-1
201523S010464,1,9,0,5,0,6,2,0,7,9,3,1,6,1,23,5,1796,1,7,-1,3,-1
201523S010464,2,19,0,18,0,8,2,0,7,9,1,1,1,1,45,7,2287,2,2,-1,3,-1
201523S010474,1,5,0,4,0,1,0,0,0,0,3,1,6,1,40,7,648,1,17,-1,1,-1
201523S010478,1,9,0,18,0,0,5,0,2,7,1,1,6,2,60,9,1796,1,7,-1,2,-1
201523S010485,1,9,0,5,0,6,0,0,0,0,0,1,6,3,-1,-1,-1,-1,-1,-1,-1,-1
201523S010485,2,21,1,4,0,8,0,0,0,0,2,1,1,1,40,7,12777,2,-1,-1,1,-1
201523S010485,3,19,0,4,0,8,1,0,0,0,1,1,1,1,52,8,9290,2,5,-1,-1,-1
201523S010497,1,11,0,12,0,4,0,0,0,0,3,1,1,1,58,9,-1,-1,-1,-1,-1,-1
201523S010497,2,9,0,7,0,4,0,0,0,0,4,1,2,2,29,6,1149,1,15,-1,1,-1
201523S010502,1,9,0,16,0,0,1,4,0,0,1,1,6,1,24,5,1896,2,14,-1,1,-1
201523S010502,2,19,0,2,0,0,0,0,0,0,1,1,6,1,53,8,1998,2,14,-1,-1,-1
201523S010503,1,9,0,18,0,1,5,4,0,0,1,1,6,1,45,7,1998,2,12,-1,1,-1
201523S010503,2,9,0,2,0,1,0,10,1,10,2,1,6,3,-1,-1,1496,2,-1,-1,-1,-1
201523S010504,1,9,0,18,0,0,5,0,1,9,4,1,6,1,25,5,1598,1,7,-1,3,-1
201523S010511,1,9,0,18,0,1,0,0,0,0,1,1,6,1,19,4,1200,1,-1,-1,3,-1
201523S010511,2,9,0,3,0,1,0,0,0,0,2,1,6,2,37,7,1995,2,2,-1,1,-1
201523S010511,3,9,0,3,0,1,0,0,0,0,2,1,6,2,44,7,1596,1,12,-1,1,-1
201523S010511,4,9,0,3,0,1,0,0,0,0,2,1,3,2,78,11,999,1,1,-1,1,-1
201523S010513,1,9,0,9,0,5,0,0,0,0,4,1,6,1,21,5,1753,2,14,-1,1,-1
201523S010513,2,1,0,18,0,8,0,0,0,0,1,1,6,1,28,6,-1,-1,-1,-1,1,-1
201523S010514,1,8,0,17,0,0,5,10,2,10,4,1,1,1,71,10,1910,2,10,-1,1,-1
201523S010516,1,5,0,13,0,8,0,0,0,0,1,1,6,1,24,5,599,1,8,-1,1,-1
201523S010516,2,9,0,9,0,5,0,0,0,0,4,1,1,1,29,6,1598,1,9,-1,1,-1
201523S010519,1,19,0,4,4,2,0,0,0,0,4,1,1,1,51,8,2287,2,2,-1,1,-1
201523S010519,2,1,0,18,4,2,0,0,0,0,3,1,6,1,35,6,-1,-1,-1,-1,1,-1
201523S010525,1,9,0,18,0,8,0,0,0,0,4,1,6,2,47,8,1388,1,12,-1,1,-1
201523S010526,1,9,0,5,0,8,0,0,0,0,0,1,6,3,-1,-1,1598,2,1,-1,-1,-1
201523S010526,2,9,0,2,0,8,0,0,0,0,1,1,6,1,31,6,-1,-1,-1,-1,1,-1
201523S010533,1,19,0,16,0,0,0,0,0,0,0,1,6,3,-1,-1,-1,-1,-1,-1,-1,-1
201523S010533,2,3,0,17,0,0,0,0,1,0,4,1,2,1,24,5,124,1,6,-1,3,-1
201523S010537,1,9,0,12,0,8,0,0,0,0,1,1,2,2,35,6,1598,1,16,-1,3,-1
201523S010537,2,9,0,18,0,8,0,0,0,0,1,1,2,2,33,6,1461,2,1,-1,-1,-1
201523S010538,1,9,0,9,0,6,0,0,0,0,4,1,6,1,24,5,1990,1,19,-1,1,-1
201523S010538,2,9,0,18,0,1,0,0,0,0,1,1,6,1,46,8,1798,1,13,-1,1,-1
201523S010542,1,9,0,18,0,1,0,0,0,0,1,1,6,2,27,6,1299,1,13,-1,1,-1
201523S010542,2,9,0,3,0,1,0,0,0,0,2,1,6,2,39,7,1364,1,-1,-1,3,-1
201523S010547,1,9,0,18,0,2,0,0,0,0,1,1,6,2,23,5,998,1,9,-1,1,-1
201523S010547,2,1,0,18,0,2,0,0,0,0,3,1,6,1,15,3,-1,-1,-1,-1,1,-1
201523S010552,1,19,0,9,0,6,0,0,0,0,3,1,1,1,33,6,-1,-1,-1,-1,3,-1
201523S010552,2,9,0,18,0,1,0,0,0,0,1,1,6,2,26,6,1086,1,10,-1,1,-1
201523S010555,1,9,0,4,0,0,0,0,0,0,1,1,2,1,42,7,1798,1,7,-1,3,-1
201523S010555,2,9,0,18,0,0,0,0,0,0,1,1,6,2,61,9,1769,1,9,-1,1,-1
201523S010557,1,9,0,9,0,5,0,0,0,0,1,1,6,2,40,7,-1,-1,-1,-1,-1,-1
201523S010557,2,3,0,18,0,1,0,0,0,0,1,1,6,1,33,6,645,1,9,-1,1,-1
201523S010577,1,9,0,18,0,0,1,0,1,7,4,1,6,1,21,5,1995,2,7,-1,1,-1
201523S010583,1,9,0,4,0,1,0,0,0,0,1,1,6,1,35,6,1997,2,7,-1,3,-1
201523S010583,2,9,0,3,0,1,0,0,0,0,2,1,6,2,52,8,1200,1,-1,-1,1,-1
201523S010584,1,9,3,5,0,8,0,0,0,0,4,1,6,1,-1,-1,-1,-1,-1,-1,-1,-1
201523S010584,2,1,0,3,0,8,0,0,0,0,1,1,6,1,52,8,-1,-1,-1,-1,1,-1
201523S010586,1,9,0,1,0,6,0,10,1,10,2,1,6,2,28,6,1248,1,-1,-1,1,-1
201523S010587,1,19,0,18,0,0,0,0,0,0,4,1,6,3,-1,-1,-1,-1,-1,-1,-1,-1
201523S010590,1,90,0,5,0,1,0,0,0,0,4,1,6,3,-1,-1,-1,-1,-1,-1,-1,-1
201523S010592,1,9,0,9,0,6,0,0,0,0,0,1,1,3,22,5,998,1,6,-1,1,-1
201523S010592,2,9,0,18,0,1,0,0,1,0,2,1,2,1,57,9,1598,2,5,-1,1,-1
201523S010592,3,9,0,18,0,1,0,0,0,0,1,1,2,2,31,6,1364,1,7,-1,1,-1
201523S010600,1,5,0,18,0,8,1,0,7,0,1,1,6,1,46,8,849,1,4,-1,1,-1
201523S010600,2,21,4,1,0,5,0,0,0,0,3,1,1,1,59,9,6692,2,4,-1,1,-1
201523S010600,3,9,0,2,0,8,0,0,0,0,4,1,6,2,57,9,1984,1,4,-1,1,-1
201523S010600,4,5,0,4,0,8,0,0,1,0,1,1,6,1,23,5,600,1,16,-1,2,-1
201523S010601,1,9,0,9,0,6,0,0,0,0,3,1,6,1,44,7,2993,2,6,-1,1,-1
201523S010601,2,1,0,18,0,8,0,0,0,0,1,1,6,2,21,5,-1,-1,-1,-1,1,-1
201523S010609,1,9,0,17,0,0,1,0,7,10,3,1,6,1,20,4,1124,1,11,-1,1,-1
201523S010610,1,9,0,10,0,1,0,0,0,0,1,1,2,2,30,6,1587,1,13,-1,-1,-1
201523S010610,2,3,0,4,0,8,1,0,0,0,4,1,2,1,27,6,124,1,6,-1,1,-1
201523S010613,1,9,0,16,0,0,0,0,7,10,1,1,3,2,40,7,1339,1,7,-1,3,-1
201523S010622,1,9,0,18,0,1,0,0,0,0,4,1,6,3,-1,-1,-1,-1,-1,-1,-1,-1
201523S010624,1,9,0,4,0,0,0,0,0,0,3,1,6,2,31,6,1598,1,12,-1,1,-1
201523S010629,1,9,0,5,0,8,5,0,0,0,4,1,2,1,60,9,1685,2,3,-1,1,-1
201523S010629,2,9,0,18,0,1,0,0,0,0,1,1,2,1,51,8,1896,2,13,-1,1,-1
201523S010640,1,1,0,9,0,6,0,0,0,0,3,1,6,1,81,11,-1,-1,-1,-1,1,-1
201523S010640,2,9,0,18,0,8,0,0,0,0,1,1,6,1,27,6,1598,2,5,-1,1,-1
201523S010651,1,9,0,18,0,6,0,0,0,0,1,1,6,3,-1,-1,-1,-1,-1,-1,-1,-1
201523S010651,2,9,0,18,0,8,0,0,0,0,4,1,6,2,61,9,1400,1,9,-1,1,-1
201523S010653,1,9,0,7,9,5,0,0,0,0,1,1,6,2,70,10,1796,1,11,-1,1,-1
201523S010653,2,1,0,18,9,8,0,0,0,0,1,1,6,2,7,2,-1,-1,-1,-1,1,-1
201523S010654,1,9,0,18,0,8,0,0,0,0,3,1,6,1,77,11,2401,2,12,-1,3,-1
201523S010654,2,1,0,9,0,8,0,0,0,0,4,1,6,1,59,9,-1,-1,-1,-1,1,-1
201523S010657,1,9,0,1,9,6,0,0,0,0,2,1,2,1,57,9,1686,2,7,-1,2,-1
201523S010660,1,9,0,18,0,0,0,0,0,0,1,1,1,1,53,8,2987,2,1,-1,1,-1
201523S010660,2,9,0,18,0,0,0,0,0,0,1,1,1,2,44,7,998,1,1,-1,-1,-1
201523S010661,1,4,0,4,0,5,0,0,1,0,4,1,6,2,46,8,599,1,6,-1,1,-1
201523S010676,1,11,0,14,0,1,0,0,0,0,3,1,1,1,23,5,4580,2,7,-1,1,-1
201523S010676,2,19,0,16,0,2,0,0,0,0,3,1,6,1,44,7,1905,2,14,-1,1,-1
201523S010676,3,9,0,2,0,1,0,0,0,0,4,1,6,1,53,8,1461,2,-1,-1,1,-1
201523S010679,1,9,0,18,0,0,1,0,0,0,1,1,6,1,38,7,1468,1,10,-1,2,-1
201523S010679,2,9,0,18,0,0,0,0,0,0,2,1,6,1,30,6,4398,1,14,-1,1,-1
201523S010682,1,9,0,18,0,1,5,0,1,0,1,1,6,2,22,5,1299,1,10,-1,1,-1
201523S010683,1,9,0,18,0,0,1,0,0,0,1,1,2,1,44,7,973,1,12,-1,3,-1
201523S010683,2,9,0,18,0,0,0,0,0,0,2,1,6,1,23,5,1242,1,8,-1,2,-1
201523S010694,1,9,3,13,0,1,0,0,0,0,4,1,6,3,-1,-1,-1,-1,-1,-1,-1,-1
201523S010694,2,1,0,16,0,1,0,0,0,0,3,1,6,1,19,4,-1,-1,-1,-1,1,-1
201523S010699,1,9,0,5,0,6,0,0,0,0,1,1,6,1,22,5,1197,1,-1,-1,1,-1
201523S010699,2,9,0,18,0,8,0,0,0,0,4,1,6,2,37,7,1242,1,1,-1,1,-1
201523S010705,1,9,0,17,0,0,1,0,0,0,1,1,6,2,19,4,-1,-1,-1,-1,2,-1
201523S010705,2,9,0,16,0,0,0,0,0,0,1,1,6,1,54,8,1242,1,-1,-1,1,-1
201523S010716,1,9,0,16,0,0,0,0,7,0,1,1,1,1,26,6,1560,2,1,-1,-1,-1
201523S010716,2,9,0,17,0,0,0,0,0,0,1,1,6,1,72,10,1396,2,1,-1,2,-1
201523S010718,1,9,0,18,0,4,0,0,1,4,1,1,6,2,87,11,993,1,13,-1,-1,-1
201523S010720,1,11,0,18,0,0,0,0,0,0,1,1,1,1,44,7,12000,2,7,-1,1,-1
201523S010720,2,9,0,18,0,0,0,0,0,0,2,1,2,2,29,6,998,1,6,-1,1,-1
201523S010720,3,9,0,18,0,0,0,0,0,0,2,1,6,1,48,8,2179,2,3,-1,1,-1
201523S010725,1,9,0,17,0,0,1,0,8,10,3,1,6,1,20,4,1686,2,10,-1,1,-1
201523S010725,2,9,0,18,0,0,0,0,7,9,1,1,2,1,32,6,1461,2,-1,-1,3,-1
201523S010727,1,22,0,5,0,0,0,0,0,0,1,1,6,2,39,7,-1,-1,-1,-1,-1,-1
201523S010727,2,9,0,18,0,0,0,0,0,0,4,1,2,2,40,7,-1,-1,-1,-1,-1,-1
201523S010732,1,9,0,9,0,6,0,0,1,0,3,1,6,2,27,6,1995,1,10,-1,1,-1
201523S010732,2,9,0,18,0,8,0,0,1,0,1,1,6,2,43,7,1299,1,9,-1,1,-1
201523S010736,1,9,0,3,0,1,0,0,0,0,3,1,2,1,42,7,1995,2,4,-1,1,-1
201523S010736,2,21,1,18,0,5,0,0,0,0,0,1,1,1,33,6,-1,-1,-1,-1,1,-1
201523S010737,1,5,0,5,0,6,0,0,0,0,3,1,6,1,69,10,588,1,26,-1,1,-1
201523S010737,2,9,0,4,0,8,0,0,0,0,4,1,6,2,45,7,1991,1,12,-1,1,-1
201523S010741,1,9,0,5,0,8,0,0,0,0,1,1,6,2,36,7,1995,2,3,-1,1,-1
201523S010741,2,9,0,9,0,8,0,0,0,0,3,1,6,1,47,8,1968,2,1,-1,1,-1
201523S010743,1,9,0,9,0,8,0,0,0,0,2,1,6,1,43,7,1198,1,1,-1,1,-1
201523S010743,2,5,0,18,0,1,0,0,0,0,1,1,6,1,67,10,1198,1,4,-1,1,-1
201523S010744,1,3,0,17,0,0,1,10,0,0,4,1,2,2,24,5,49,1,3,-1,1,-1
201523S010745,1,9,0,9,0,6,0,0,0,0,3,1,2,1,56,9,875,1,1,-1,-1,-1
201523S010745,2,9,0,9,0,5,0,0,0,0,3,1,2,2,25,5,1240,1,10,-1,1,-1
201523S010751,1,9,0,18,0,0,1,0,7,4,1,1,6,2,26,6,1363,2,11,-1,3,-1
201523S010751,2,9,0,18,0,0,0,0,0,0,1,1,6,1,50,8,1984,1,-1,-1,2,-1
201523S010771,1,21,0,9,0,5,0,0,0,0,1,1,1,1,64,9,-1,2,12,-1,1,-1
201523S010771,2,1,0,4,0,8,0,0,0,0,1,1,6,2,55,8,-1,-1,-1,-1,1,-1
201523S010775,1,9,0,18,0,0,0,0,1,0,1,1,6,2,25,5,1120,2,2,-1,1,-1
201523S010775,2,9,0,3,0,0,0,0,0,0,2,1,6,1,25,5,2993,2,10,-1,1,-1
201523S010775,3,9,0,9,0,0,0,0,0,0,2,1,6,1,48,8,1910,2,11,-1,2,-1
201523S010782,1,9,0,18,0,4,1,9,1,1,1,1,6,2,26,6,1995,2,4,-1,3,-1
201523S010789,1,9,0,18,0,1,0,0,0,0,1,1,2,2,31,6,-1,-1,-1,-1,1,-1
201523S010789,2,9,0,3,0,1,0,0,0,0,2,1,6,1,52,8,1598,2,2,-1,2,-1
201523S010789,3,9,0,3,0,1,0,0,0,0,2,1,6,2,26,6,1598,2,1,-1,1,-1