Accident_Index,Vehicle_Reference,Vehicle_Type,Towing_and_Articulation,Vehicle_Manoeuvre,Vehicle_Location-Restricted_Lane,Junction_Location,Skidding_and_Overturning,Hit_Object_in_Carriageway,Vehicle_Leaving_Carriageway,Hit_Object_off_Carriageway,1st_Point_of_Impact,Was_Vehicle_Left_Hand_Drive?,Journey_Purpose_of_Driver,Sex_of_Driver,Age_of_Driver,Age_Band_of_Driver,Engine_Capacity_(CC),Propulsion_Code,Age_of_Vehicle,Driver_IMD_Decile,Driver_Home_Area_Type,Vehicle_IMD_Decile
2015300013153,2,9,0,18,0,8,0,0,0,0,1,1,6,2,29,6,1598,1,8,-1,1,-1
2015300013155,1,9,0,9,0,6,0,0,0,0,1,1,6,2,73,10,998,1,2,-1,1,-1
2015300013155,2,9,0,18,0,1,0,0,0,0,1,1,6,1,36,7,-1,-1,-1,-1,1,-1
2015300013156,1,9,0,18,0,1,0,0,0,0,1,1,6,2,19,4,998,1,8,-1,-1,-1
2015300013156,2,9,0,18,0,1,0,0,0,0,2,1,6,2,22,5,1587,1,15,-1,1,-1
2015300013156,3,9,0,7,0,1,0,0,0,0,2,1,6,2,22,5,1299,1,13,-1,1,-1
2015300013157,1,11,0,18,0,0,0,0,0,0,0,1,1,1,55,8,-1,-1,-1,-1,1,-1
2015300013159,1,9,0,10,0,1,0,0,0,0,1,1,6,2,29,6,1596,1,8,-1,1,-1
2015300013159,2,9,0,18,0,2,0,0,0,0,1,1,6,1,30,6,1461,2,3,-1,1,-1
2015300013162,1,9,0,4,0,2,0,0,0,0,1,1,6,2,-1,-1,-1,-1,-1,-1,-1,-1
2015300013165,1,4,0,13,0,0,0,0,0,0,3,1,6,2,26,6,296,1,1,-1,-1,-1
2015300013165,2,9,0,18,0,0,0,0,0,0,3,1,6,1,44,7,1997,2,3,-1,1,-1
2015300013165,3,90,0,18,0,0,0,0,0,0,0,1,6,3,-1,-1,-1,-1,-1,-1,-1,-1
2015300013166,1,9,0,16,0,0,0,0,8,10,1,1,6,1,18,4,1390,1,-1,-1,1,-1
2015300013166,2,9,0,17,0,0,0,0,1,0,3,1,6,1,38,7,-1,-1,-1,-1,3,-1
2015300013168,1,3,0,18,0,1,0,0,0,0,1,1,6,1,26,6,-1,-1,-1,-1,1,-1
2015300013168,2,9,0,18,0,1,0,0,0,0,1,1,6,3,19,4,1299,1,14,-1,1,-1
2015300013169,1,9,0,4,0,0,0,4,0,0,1,1,6,1,69,10,1240,1,9,-1,1,-1
2015300013169,2,9,0,2,0,0,0,0,0,0,2,1,2,1,32,6,1598,1,12,-1,2,-1
2015300013170,1,9,0,9,0,8,0,0,0,0,3,1,6,1,24,5,1598,1,9,-1,-1,-1
2015300013170,2,5,0,18,0,1,0,0,0,0,1,1,6,1,50,8,656,1,9,-1,1,-1
2015300013177,1,9,0,9,0,3,0,0,0,0,4,1,6,2,32,6,2663,2,19,-1,3,-1
2015300013177,2,21,1,18,0,8,0,0,0,0,1,2,1,1,39,7,-1,-1,-1,-1,-1,-1
2015300013180,1,9,0,10,0,1,0,0,0,0,1,1,6,2,29,6,996,1,5,-1,1,-1
2015300013180,2,9,0,18,0,1,0,0,0,0,1,1,2,1,35,6,1596,1,11,-1,1,-1
2015300013182,1,20,0,18,0,0,0,0,0,0,1,1,1,1,22,5,-1,-1,-1,-1,-1,-1
2015300013182,2,9,0,3,0,0,0,0,0,0,2,1,2,1,29,6,1997,2,4,-1,1,-1
2015300013182,3,9,0,3,0,0,0,0,0,0,2,1,2,1,44,7,1598,2,2,-1,2,-1
2015300013184,1,8,0,4,0,0,0,0,1,0,3,1,1,1,38,7,2664,2,16,-1,1,-1
2015300013184,2,21,1,18,0,0,1,4,0,0,4,1,1,1,-1,-1,12580,2,10,-1,1,-1
2015300013187,1,9,0,18,0,0,0,0,0,0,2,1,6,2,32,6,2143,2,1,-1,-1,-1
2015300013187,2,9,0,18,0,0,0,0,0,0,2,1,6,1,35,6,1598,1,10,-1,1,-1
2015300013187,3,9,0,18,0,0,0,0,0,0,1,1,2,1,47,8,1798,1,2,-1,1,-1
2015300013197,1,9,0,1,0,2,0,0,0,0,2,1,6,2,57,9,1596,1,8,-1,1,-1
2015300013198,1,9,0,14,0,1,0,4,0,0,1,1,6,2,86,11,1386,1,3,-1,1,-1
2015300013198,2,9,0,2,0,1,0,4,0,0,2,1,6,1,-1,-1,999,1,1,-1,-1,-1
2015300013198,3,9,0,2,0,1,0,0,1,0,2,1,6,2,-1,-1,1299,1,7,-1,2,-1
2015300013199,1,9,0,7,0,1,0,0,0,0,1,1,6,1,27,6,1397,1,5,-1,2,-1
2015300013199,2,9,0,8,0,1,0,0,0,0,2,1,1,2,37,7,1997,2,11,-1,3,-1
2015300013201,1,9,0,18,0,8,0,0,0,0,4,1,1,1,41,7,-1,-1,-1,-1,-1,-1
2015300013201,2,1,0,4,0,6,0,0,0,0,1,1,6,1,23,5,-1,-1,-1,-1,1,-1
2015300013202,1,9,0,18,0,0,0,0,0,0,1,1,6,2,27,6,1248,2,11,-1,-1,-1
2015300013202,2,9,0,18,0,0,0,0,0,0,1,2,6,1,-1,-1,-1,-1,-1,-1,-1,-1
2015300013203,1,3,0,13,0,8,0,0,7,10,1,1,2,1,31,6,124,1,4,-1,1,-1
2015300013203,2,9,4,9,0,5,0,0,0,0,3,1,1,1,-1,-1,2720,2,7,-1,3,-1
2015300013204,1,9,0,18,0,0,0,10,7,9,3,1,6,1,23,5,1124,1,12,-1,2,-1
2015300013206,1,21,1,11,0,0,0,0,0,0,4,1,1,1,70,10,11967,2,3,-1,1,-1
2015300013206,2,9,0,18,0,0,0,0,0,0,3,1,6,1,45,7,1299,1,9,-1,1,-1
2015300013212,1,9,0,13,0,0,2,0,1,0,2,1,6,1,38,7,2261,1,8,-1,1,-1
2015300013212,2,9,0,18,0,0,0,0,0,0,0,1,6,1,23,5,1988,1,16,-1,1,-1
2015300013213,1,9,0,9,0,6,0,0,1,0,4,1,6,1,58,9,1242,1,16,-1,2,-1
2015300013213,2,9,0,18,0,8,0,0,0,0,1,1,6,1,54,8,2497,2,19,-1,2,-1
2015300013215,1,10,0,18,0,8,0,0,0,0,1,1,1,1,41,7,2494,2,13,-1,1,-1
2015300013215,2,9,0,5,0,6,0,0,1,10,4,1,6,2,25,5,-1,-1,-1,-1,1,-1
2015300013221,1,21,0,16,0,0,1,0,7,10,1,1,6,1,55,8,12780,2,9,-1,1,-1
2015300013221,2,21,1,17,0,0,0,0,0,0,3,1,6,1,38,7,12419,2,2,-1,3,-1
2015300013221,3,9,0,17,0,0,0,0,1,10,3,1,6,2,35,6,1598,1,13,-1,2,-1
2015300013222,1,9,0,9,0,6,0,0,1,10,3,1,6,1,20,4,999,1,12,-1,3,-1
2015300013222,2,9,0,18,0,1,0,0,7,0,1,1,2,1,37,7,1997,2,-1,-1,3,-1
2015300013223,1,9,0,18,0,8,0,0,0,0,4,1,6,1,26,6,1598,1,5,-1,1,-1
2015300013223,2,9,0,7,0,6,0,0,0,0,3,1,6,1,-1,-1,1598,2,3,-1,2,-1
2015300013226,1,2,0,18,0,8,0,0,2,0,3,1,6,1,16,4,49,1,1,-1,2,-1
2015300013226,2,9,0,5,0,6,0,0,0,0,4,1,6,1,40,7,1896,2,7,-1,-1,-1
2015300013235,1,9,0,18,0,8,0,0,0,0,1,1,6,1,66,10,1296,1,7,-1,-1,-1
2015300013235,2,9,0,9,0,6,0,0,0,0,3,1,6,1,52,8,1597,2,1,-1,-1,-1
2015300013238,1,9,0,18,0,0,2,10,1,4,1,1,6,1,28,6,1390,1,6,-1,1,-1
2015300013254,1,9,0,16,0,1,0,0,0,0,3,1,6,1,46,8,1560,2,8,-1,1,-1
2015300013254,2,1,0,16,0,2,0,0,0,0,1,1,6,1,26,6,-1,-1,-1,-1,1,-1
2015300013256,1,9,0,9,0,8,0,0,0,0,1,1,6,2,21,5,1388,1,12,-1,3,-1
2015300013256,2,9,0,18,0,1,0,0,0,0,3,1,6,1,46,8,1998,2,9,-1,3,-1
2015300013258,1,9,0,7,0,1,0,0,0,0,1,1,6,2,81,11,1896,2,14,-1,-1,-1
2015300013258,2,9,0,7,0,1,0,0,0,0,2,1,6,2,40,7,1968,2,1,-1,2,-1
2015300013259,1,5,0,7,0,2,2,0,0,0,0,1,6,1,27,6,644,1,7,-1,1,-1
2015300013263,1,9,0,18,0,8,0,0,7,10,1,1,1,2,50,8,1560,2,1,-1,1,-1
2015300013263,2,9,0,5,0,6,0,0,0,0,1,1,2,2,31,6,-1,-1,-1,-1,1,-1
2015300013266,1,9,0,16,0,1,0,0,0,0,1,1,6,2,-1,-1,1598,1,10,-1,-1,-1
2015300013266,2,9,0,16,0,1,0,0,0,0,2,1,6,1,48,8,1398,1,2,-1,1,-1
2015300013271,1,9,0,5,0,6,0,0,0,0,3,1,6,2,81,11,1248,1,1,-1,-1,-1
2015300013271,2,9,0,18,0,8,0,0,0,0,1,1,6,1,69,10,1560,2,2,-1,-1,-1
2015300013272,1,1,0,5,0,8,0,10,0,0,0,1,6,1,54,8,-1,-1,-1,-1,1,-1
2015300013272,2,9,0,9,0,5,0,0,0,0,0,1,6,1,46,8,1124,1,12,-1,1,-1
2015300013275,1,9,0,10,0,1,0,0,0,0,2,1,2,1,-1,-1,-1,-1,-1,-1,-1,-1
2015300013275,2,5,0,3,0,1,0,0,0,0,2,1,2,1,41,7,996,1,17,-1,1,-1
2015300013275,3,9,0,18,0,1,0,0,0,0,1,1,2,1,28,6,1339,1,8,-1,1,-1
2015300013276,1,9,0,16,0,0,0,0,1,2,1,1,6,2,71,10,1388,1,4,-1,3,-1
2015300013281,1,9,0,9,0,8,0,0,0,0,1,1,6,1,90,11,1598,1,3,-1,1,-1
2015300013281,2,9,0,18,0,8,0,0,0,0,1,1,6,1,58,9,2495,2,12,-1,1,-1
2015300013282,1,9,0,18,0,1,0,0,0,0,1,1,1,2,30,6,1587,1,8,-1,1,-1
2015300013283,1,8,0,7,0,6,0,0,0,0,1,1,1,1,36,7,1686,2,4,-1,1,-1
2015300013283,2,1,0,18,0,8,0,0,0,0,4,1,2,2,37,7,-1,-1,-1,-1,1,-1
2015300013285,1,9,0,18,0,0,0,0,0,0,1,1,6,1,46,8,1997,2,13,-1,2,-1
2015300013285,2,9,0,2,0,0,0,0,0,0,0,1,6,3,-1,-1,-1,-1,-1,-1,-1,-1
2015300013289,1,9,0,18,0,3,0,0,0,0,1,1,6,2,58,9,698,1,12,-1,1,-1
2015300013289,2,9,0,18,0,3,0,0,0,0,2,1,6,2,36,7,1422,2,8,-1,1,-1
2015300013299,1,19,0,18,0,1,0,0,0,0,1,1,1,1,28,6,1598,2,3,-1,1,-1
2015300013299,2,9,0,3,0,8,0,0,0,0,2,1,6,2,-1,-1,1275,1,16,-1,1,-1
2015300013299,3,9,0,10,0,8,0,0,1,0,2,1,6,2,-1,-1,-1,-1,-1,-1,1,-1
2015300013300,1,11,0,3,0,1,0,0,0,0,3,1,1,1,-1,-1,-1,2,17,-1,-1,-1
2015300013300,2,9,0,14,0,2,0,0,0,0,0,1,6,2,73,10,1988,1,13,-1,1,-1
2015300013300,3,5,0,14,0,2,0,0,0,0,4,1,6,1,46,8,998,1,6,-1,1,-1
2015300013309,1,11,0,4,0,6,0,0,0,0,4,1,1,1,50,8,4250,2,6,-1,3,-1
2015300013309,2,9,0,18,0,8,0,0,0,0,4,1,6,1,77,11,1242,1,13,-1,1,-1
2015300013310,1,9,0,18,0,0,0,0,0,0,3,1,6,1,78,11,1997,2,16,-1,1,-1
2015300013310,2,9,0,13,0,0,0,0,0,0,4,1,6,3,-1,-1,-1,-1,-1,-1,-1,-1
2015300013310,3,9,0,18,0,0,0,0,0,0,0,1,6,3,-1,-1,-1,-1,-1,-1,-1,-1
2015300013318,1,9,0,2,0,1,0,0,0,0,3,1,6,1,48,8,1388,1,5,-1,1,-1
2015300013318,2,9,0,7,0,2,0,0,0,0,1,1,6,1,53,8,2435,1,16,-1,1,-1
2015300013322,1,9,0,18,0,0,0,0,0,0,4,1,2,2,59,9,1368,1,4,-1,1,-1
2015300013324,1,9,0,9,0,6,0,0,0,0,3,1,6,1,29,6,-1,-1,-1,-1,1,-1
2015300013324,2,5,0,18,0,1,1,0,0,0,1,1,6,1,39,7,998,1,6,-1,1,-1
2015300013326,1,9,0,18,0,0,2,0,4,6,1,1,6,1,19,4,1364,1,11,-1,1,-1
2015300013331,1,9,0,7,0,6,0,0,0,0,4,1,6,1,47,8,1598,1,10,-1,1,-1
2015300013331,2,1,0,7,0,6,0,0,0,0,3,1,6,2,4,1,-1,-1,-1,-1,-1,-1
2015300013335,1,21,1,17,0,8,5,10,0,0,4,1,1,1,25,5,10518,2,8,-1,-1,-1
2015300013337,1,9,0,9,0,6,0,0,0,0,1,1,6,1,50,8,1390,1,11,-1,1,-1
2015300013337,2,9,0,10,0,8,0,0,0,0,3,1,6,1,76,11,1968,2,9,-1,1,-1
2015300013337,3,5,0,17,0,8,5,0,0,0,1,1,6,1,64,9,599,1,13,-1,1,-1
2015300013337,4,9,0,8,0,1,0,0,0,0,3,1,6,1,46,8,2497,1,10,-1,1,-1
2015300013337,5,9,0,17,0,8,1,0,0,0,0,1,6,1,-1,-1,1794,1,14,-1,1,-1
2015300013338,1,9,0,18,0,5,1,10,1,6,1,1,6,1,28,6,1598,1,11,-1,3,-1
2015300013339,1,9,0,4,0,1,0,0,0,0,1,1,6,1,47,8,1242,1,11,-1,1,-1
2015300013341,1,9,0,4,0,1,0,0,0,0,1,1,6,1,82,11,1598,1,14,-1,1,-1
2015300013341,2,9,0,4,0,1,0,0,0,0,2,1,6,2,19,4,998,1,2,-1,1,-1
2015300013342,1,9,0,16,0,0,5,0,8,10,3,1,6,1,19,4,-1,-1,-1,-1,1,-1
2015300013343,1,19,0,18,0,1,1,0,1,0,3,1,1,1,-1,-1,2299,2,1,-1,-1,-1
2015300013343,2,9,0,4,0,5,0,0,0,0,4,1,6,2,34,6,1968,2,8,-1,1,-1
2015300013346,1,5,0,9,0,8,0,0,0,0,4,1,6,2,63,9,883,1,3,-1,3,-1
2015300013346,2,1,0,18,0,1,0,0,0,0,1,1,6,1,48,8,-1,-1,-1,-1,1,-1
2015300013348,1,9,0,4,0,0,0,0,0,0,1,1,6,1,38,7,1796,1,1,-1,1,-1
2015300013350,1,5,0,18,0,0,0,0,0,0,1,1,6,1,64,9,650,1,-1,-1,1,-1
2015300013354,1,9,0,5,0,0,0,0,0,0,1,1,6,1,66,10,3600,1,12,-1,-1,-1
2015300013354,2,1,0,5,0,0,0,0,0,0,2,1,6,1,55,8,-1,-1,-1,-1,3,-1
2015300013355,1,1,0,5,0,6,0,0,0,0,1,1,6,2,41,7,-1,-1,-1,-1,3,-1
2015300013355,2,9,0,5,0,8,0,0,0,0,1,1,6,2,69,10,999,1,2,-1,-1,-1
2015300013356,1,9,0,18,0,0,0,0,0,0,1,1,6,3,72,10,1769,1,13,-1,2,-1
2015300013356,2,1,0,18,0,0,0,0,0,0,2,1,6,1,62,9,-1,-1,-1,-1,1,-1
2015300013365,1,9,0,5,0,2,0,0,0,0,1,1,6,1,23,5,2982,2,8,-1,3,-1
2015300013367,1,9,0,3,0,1,0,0,0,0,2,1,2,2,45,7,1364,1,10,-1,2,-1
2015300013367,2,9,0,3,0,1,0,0,0,0,2,1,6,1,25,5,1800,1,19,-1,2,-1
2015300013367,3,9,0,3,0,1,0,0,0,0,2,1,6,2,51,8,1242,1,8,-1,1,-1
2015300013367,4,20,0,18,0,1,0,0,0,0,1,1,1,1,50,8,7201,2,8,-1,1,-1
2015300013369,1,5,0,18,0,0,0,0,1,0,4,1,6,1,52,8,-1,-1,-1,-1,-1,-1
2015300013371,1,9,0,4,0,1,0,0,0,0,2,1,2,1,50,8,1997,2,9,-1,1,-1
2015300013371,2,3,0,4,0,1,0,0,0,0,1,1,2,1,25,5,125,1,9,-1,1,-1
2015300013374,1,9,0,18,0,8,0,0,0,0,1,1,6,1,23,5,1000,1,2,-1,1,-1
2015300013375,1,9,0,7,7,1,0,0,0,0,1,1,2,2,44,7,1000,1,1,-1,-1,-1
2015300013375,2,1,0,18,5,1,0,0,0,0,3,1,6,1,51,8,-1,-1,-1,-1,-1,-1
2015300013377,1,9,0,18,0,2,0,0,0,0,1,1,2,1,29,6,1796,1,8,-1,1,-1
2015300013380,1,9,0,5,0,8,0,0,0,0,4,1,6,2,40,7,-1,-1,-1,-1,1,-1
2015300013380,2,9,0,18,0,2,0,0,0,0,3,1,6,3,-1,-1,-1,-1,-1,-1,-1,-1
2015300013383,1,5,0,13,0,8,5,0,0,0,1,1,6,1,63,9,1000,1,1,-1,1,-1
2015300013383,2,9,0,9,0,5,0,0,0,0,1,1,6,2,30,6,1596,1,10,-1,-1,-1
2015300013385,1,90,0,4,0,1,0,0,0,0,1,1,6,1,44,7,-1,-1,-1,-1,1,-1
2015300013385,2,9,0,3,0,1,0,0,0,0,2,1,6,1,68,10,1229,1,4,-1,1,-1
2015300013388,1,90,0,18,9,8,0,0,0,0,2,1,6,2,76,11,-1,-1,-1,-1,1,-1
2015300013388,2,90,0,7,0,5,0,0,0,0,1,1,6,3,-1,-1,-1,-1,-1,-1,-1,-1
2015300013389,1,3,0,18,0,0,0,0,1,9,1,1,6,1,26,6,-1,-1,-1,-1,-1,-1
2015300013391,1,9,0,2,0,0,0,10,7,4,3,1,6,1,68,10,1598,1,15,-1,1,-1
2015300013391,2,9,0,2,0,0,0,0,0,0,2,1,6,1,71,10,1896,2,9,-1,-1,-1
2015300013399,1,9,0,3,0,1,0,0,0,0,2,1,2,2,44,7,998,1,5,-1,2,-1
2015300013399,2,3,0,4,0,1,0,0,0,0,1,1,4,1,17,4,124,1,26,-1,3,-1
2015300013408,1,11,0,18,0,7,0,0,0,0,0,1,6,1,41,7,4250,2,3,-1,1,-1
2015300013408,2,19,0,1,0,1,0,0,0,0,0,1,6,3,-1,-1,-1,-1,-1,-1,-1,-1
2015300013409,1,19,0,13,0,0,1,10,0,0,3,1,1,1,60,9,2198,2,4,-1,1,-1
2015300013409,2,9,0,18,0,0,1,0,2,0,3,1,6,1,53,8,2967,2,3,-1,3,-1
2015300013409,3,9,0,18,0,0,0,0,0,0,3,1,1,1,47,8,1968,2,3,-1,3,-1
2015300013413,1,9,0,4,0,1,0,0,0,0,1,1,6,2,-1,-1,2993,2,5,-1,1,-1
2015300013413,2,9,0,4,0,1,0,0,0,0,2,1,1,1,26,6,1229,1,9,-1,1,-1
2015300013415,1,9,0,9,0,6,0,0,0,0,4,1,6,2,85,11,1390,1,14,-1,1,-1
2015300013415,2,9,0,18,0,8,0,0,0,0,3,1,2,2,41,7,1598,1,6,-1,1,-1
2015300013418,1,9,0,5,0,8,0,0,0,0,1,1,6,1,65,9,2268,2,1,-1,1,-1
2015300013419,1,9,0,18,0,0,0,0,0,0,1,1,6,1,-1,-1,-1,-1,-1,-1,2,-1
2015300013419,2,9,0,3,0,0,0,0,0,0,2,1,6,2,33,6,1686,2,10,-1,1,-1
2015300013420,1,9,0,9,0,6,0,0,0,0,1,1,6,3,-1,-1,-1,-1,-1,-1,-1,-1
2015300013420,2,1,0,18,0,8,0,0,0,0,2,1,6,1,19,4,-1,-1,-1,-1,-1,-1
2015300013424,1,9,0,18,0,0,0,0,0,0,1,1,2,2,18,4,1390,1,4,-1,2,-1
2015300013424,2,9,0,4,0,0,0,0,0,0,2,1,2,2,50,8,1398,1,3,-1,-1,-1
2015300013425,1,9,0,1,0,8,0,0,0,0,2,1,6,1,-1,-1,3201,1,17,-1,-1,-1
2015300013425,2,9,0,9,0,6,0,0,0,0,1,1,6,1,59,9,1679,1,16,-1,1,-1
2015300013427,1,21,1,18,0,2,0,0,0,0,1,1,1,1,53,8,11967,2,5,-1,-1,-1
2015300013431,1,9,0,18,0,8,0,0,0,0,1,1,6,1,25,5,1349,1,16,-1,-1,-1
2015300013431,2,9,0,9,0,8,0,0,0,0,4,1,6,2,24,5,1700,2,13,-1,2,-1
2015300013434,1,8,0,5,0,8,0,0,0,0,3,1,3,1,27,6,1896,2,7,-1,-1,-1
2015300013434,2,5,0,18,0,1,0,0,0,0,4,1,2,1,26,6,649,1,7,-1,-1,-1
2015300013438,1,9,0,18,0,1,0,0,0,0,1,1,1,2,37,7,1248,1,2,-1,1,-1
2015300013442,1,9,0,13,0,0,0,0,0,0,4,1,6,1,53,8,1560,2,4,-1,2,-1
2015300013442,2,1,0,18,0,0,0,0,0,0,3,1,6,1,42,7,-1,-1,-1,-1,1,-1
2015300013443,1,9,0,1,0,2,0,0,0,0,4,1,6,1,29,6,-1,-1,-1,-1,1,-1
2015300013443,2,9,0,2,0,1,0,0,0,0,3,1,2,1,30,6,1598,1,7,-1,1,-1
2015300013445,1,2,0,18,0,8,0,0,0,0,1,1,6,1,17,4,49,1,1,-1,-1,-1
2015300013445,2,9,0,9,0,4,0,0,0,0,3,1,6,1,26,6,1364,2,8,-1,-1,-1
2015300013447,1,1,0,18,0,0,0,0,0,0,1,1,6,1,13,3,-1,-1,-1,-1,-1,-1
2015300013447,2,9,0,17,0,0,0,0,0,0,4,1,6,1,33,6,1896,2,9,-1,2,-1
2015300013449,1,5,0,4,0,8,0,0,0,0,4,1,6,1,51,8,779,1,5,-1,1,-1
2015300013449,2,19,0,5,0,6,0,0,0,0,1,1,6,1,42,7,2396,2,12,-1,1,-1
2015300013450,1,9,0,4,0,0,0,0,0,0,1,1,6,1,54,8,1298,1,13,-1,1,-1
2015300013451,1,9,0,9,9,5,0,0,1,1,1,1,6,2,71,10,1198,1,5,-1,1,-1
2015300013452,1,9,0,18,0,0,0,0,0,0,1,1,6,1,56,9,-1,-1,-1,-1,2,-1
2015300013452,2,9,0,18,0,0,0,0,0,0,1,1,6,1,55,8,-1,-1,-1,-1,-1,-1
2015300013458,1,9,0,5,0,2,0,0,0,0,1,1,6,1,73,10,1997,2,1,-1,1,-1
2015300013461,1,9,0,8,0,1,0,0,0,0,2,1,2,2,40,7,1598,1,7,-1,1,-1
2015300013461,2,9,0,5,0,1,0,0,0,0,1,1,6,1,40,7,1242,1,18,-1,1,-1
2015300013465,1,2,0,4,0,6,0,0,0,0,1,1,6,1,16,4,-1,-1,-1,-1,1,-1
2015300013465,2,9,0,18,0,8,0,0,0,0,1,1,6,1,45,7,1390,1,13,-1,1,-1
2015300013466,1,9,0,18,0,0,0,0,0,0,1,1,6,2,42,7,1349,1,14,-1,1,-1
2015300013466,2,9,0,18,0,0,0,0,0,0,0,1,6,3,-1,-1,-1,-1,-1,-1,-1,-1
2015300013467,1,9,0,11,0,0,0,0,0,0,0,1,6,3,-1,-1,-1,-1,-1,-1,-1,-1
2015300013467,2,9,0,18,0,0,1,0,5,6,1,1,6,1,24,5,1781,1,14,-1,1,-1
2015300013471,1,9,4,4,0,0,0,0,0,0,2,1,6,1,41,7,1956,2,1,-1,1,-1
2015300013471,2,9,4,4,0,0,0,0,0,0,1,1,6,1,27,6,1910,2,8,-1,1,-1
2015300013475,1,9,0,2,0,0,0,0,0,0,2,1,6,2,-1,-1,1199,1,11,-1,-1,-1
2015300013475,2,1,0,18,0,0,0,4,0,0,1,1,6,1,48,8,-1,-1,-1,-1,-1,-1
2015300013478,1,9,0,5,0,8,0,0,0,0,1,1,6,2,37,7,1896,2,13,-1,1,-1
2015300013478,2,9,0,18,0,1,0,0,0,0,1,1,6,1,57,9,2982,2,-1,-1,1,-1
2015300013480,1,9,0,17,0,0,0,0,2,10,1,1,6,1,26,6,1896,2,11,-1,1,-1
2015300013483,1,9,4,18,0,0,0,0,0,0,1,1,6,1,32,6,2402,2,8,-1,1,-1
2015300013483,2,9,0,3,0,0,0,0,0,0,2,1,6,1,25,5,998,1,5,-1,1,-1
2015300013485,1,9,0,16,0,8,0,0,0,0,1,1,1,2,49,8,1900,2,10,-1,3,-1
2015300013485,2,9,0,9,0,6,0,0,0,0,4,1,1,1,54,8,1870,2,8,-1,1,-1
2015300013497,1,9,0,18,0,1,0,0,0,0,1,1,6,2,-1,-1,-1,-1,-1,-1,-1,-1
2015300013497,2,9,0,8,0,1,0,0,0,0,2,1,6,1,46,8,1360,1,13,-1,1,-1
2015300013500,1,9,0,9,0,5,0,0,0,0,1,1,6,1,58,9,1332,1,10,-1,-1,-1
2015300013502,1,9,0,4,0,0,0,0,0,0,1,1,6,2,20,4,1229,1,7,-1,-1,-1
2015300013502,2,9,0,3,0,0,0,0,0,0,2,1,6,2,20,4,1242,1,12,-1,1,-1
2015300013503,1,9,0,16,0,0,0,0,0,0,1,1,6,1,23,5,1560,2,1,-1,-1,-1
2015300013503,2,1,0,11,0,0,0,0,0,0,1,1,1,1,17,4,-1,-1,-1,-1,-1,-1
2015300013504,1,9,0,7,0,1,0,0,0,0,4,1,6,2,50,8,875,1,3,-1,1,-1
2015300013506,1,9,0,18,0,0,0,0,0,0,1,1,2,2,56,9,1596,1,9,-1,1,-1
2015300013506,2,1,0,5,0,0,0,0,0,0,3,1,6,1,17,4,-1,-1,-1,-1,1,-1
2015300013507,1,1,0,18,0,6,0,0,0,0,3,1,6,1,18,4,-1,-1,-1,-1,1,-1
2015300013507,2,9,0,18,0,8,0,0,0,0,4,1,6,2,26,6,1686,2,4,-1,1,-1
2015300013508,1,4,0,17,0,0,5,0,0,0,3,1,6,1,20,4,498,1,16,-1,1,-1
2015300013509,1,9,0,18,0,0,5,0,2,4,1,1,6,1,31,6,2179,2,8,-1,3,-1
2015300013509,2,9,0,18,0,0,0,0,0,0,1,1,6,2,46,8,1999,1,9,-1,3,-1
2015300013510,1,9,0,12,0,1,1,0,5,6,1,1,2,1,40,7,-1,-1,-1,-1,1,-1
2015300013519,1,9,0,9,0,6,0,0,0,0,1,1,6,1,24,5,1124,1,16,-1,2,-1
2015300013519,2,9,0,18,0,8,0,0,0,0,3,1,6,1,55,8,1299,1,13,-1,2,-1
2015300013523,1,9,0,9,0,5,0,0,0,0,0,1,6,1,39,7,1870,2,13,-1,1,-1
2015300013523,2,5,0,4,0,8,1,0,0,0,0,1,6,1,55,8,988,1,11,-1,-1,-1
2015300013524,1,9,0,18,0,0,0,0,0,0,1,1,6,2,69,10,1596,1,12,-1,1,-1
2015300013524,2,9,0,14,0,0,1,0,0,0,1,1,6,1,-1,-1,2319,1,19,-1,-1,-1
2015300013524,3,9,0,2,0,0,0,0,0,0,3,1,6,1,69,10,1461,2,11,-1,-1,-1
2015300013524,4,19,0,2,0,0,0,0,0,0,2,1,6,1,-1,-1,1998,2,10,-1,-1,-1
2015300013526,1,8,0,18,0,1,0,0,0,0,1,1,1,1,-1,-1,1995,2,6,-1,1,-1
2015300013528,1,9,0,16,0,0,1,0,0,0,1,1,2,1,33,6,-1,-1,-1,-1,-1,-1
2015300013528,2,9,0,17,0,0,0,0,0,0,1,1,2,1,53,8,1998,1,12,-1,-1,-1
2015300013533,1,9,0,5,0,4,0,0,0,0,1,1,6,1,28,6,2987,2,8,-1,2,-1
2015300013533,2,9,0,5,0,4,0,0,0,0,3,1,6,2,41,7,2198,1,12,-1,1,-1
2015300013534,1,9,0,4,0,0,0,0,0,0,2,1,6,1,45,7,1598,1,8,-1,1,-1
2015300013534,2,9,0,4,0,0,1,0,0,0,1,1,2,2,23,5,-1,-1,-1,-1,3,-1
2015300013537,1,11,0,18,0,0,0,0,0,0,0,1,6,1,-1,-1,3900,2,11,-1,1,-1
2015300013538,1,3,0,14,0,0,0,0,0,0,1,1,1,1,25,5,124,1,7,-1,2,-1