Accident_Index,Vehicle_Reference,Vehicle_Type,Towing_and_Articulation,Vehicle_Manoeuvre,Vehicle_Location-Restricted_Lane,Junction_Location,Skidding_and_Overturning,Hit_Object_in_Carriageway,Vehicle_Leaving_Carriageway,Hit_Object_off_Carriageway,1st_Point_of_Impact,Was_Vehicle_Left_Hand_Drive?,Journey_Purpose_of_Driver,Sex_of_Driver,Age_of_Driver,Age_Band_of_Driver,Engine_Capacity_(CC),Propulsion_Code,Age_of_Vehicle,Driver_IMD_Decile,Driver_Home_Area_Type,Vehicle_IMD_Decile
2015300014607,1,9,0,18,0,0,0,0,4,10,4,1,6,1,20,4,973,1,15,-1,1,-1
2015300014607,2,9,0,18,0,0,0,0,0,0,3,1,1,1,-1,-1,1248,2,1,-1,-1,-1
2015300014607,3,19,0,2,0,0,0,0,0,0,3,1,6,1,49,8,1598,2,-1,-1,1,-1
2015300014608,1,4,0,16,0,0,1,0,7,10,3,1,6,1,27,6,748,1,6,-1,1,-1
2015300014610,1,9,0,18,0,0,1,10,7,4,1,1,6,1,25,5,1781,1,14,-1,1,-1
2015300014611,1,9,0,5,0,4,0,0,0,0,1,1,2,1,-1,-1,-1,-1,-1,-1,1,-1
2015300014611,2,2,0,18,0,8,0,0,0,0,4,1,6,1,16,4,49,1,3,-1,1,-1
2015300014613,1,5,0,4,0,4,1,9,3,10,1,1,6,1,50,8,998,1,14,-1,2,-1
2015300014617,1,9,0,9,0,5,0,0,0,0,4,1,6,2,18,4,1498,1,6,-1,1,-1
2015300014617,2,9,0,18,0,8,0,0,0,0,1,1,2,2,44,7,1910,2,8,-1,1,-1
2015300014618,1,19,0,7,0,8,0,0,0,0,4,1,1,1,57,9,2143,2,1,-1,1,-1
2015300014618,2,9,0,15,0,1,0,0,0,0,1,1,6,2,61,9,1598,1,10,-1,1,-1
2015300014619,1,9,0,4,0,1,0,0,0,0,3,1,6,1,20,4,1396,1,17,-1,1,-1
2015300014619,2,9,0,7,0,6,5,0,0,0,1,1,6,1,-1,-1,1781,1,18,-1,-1,-1
2015300014620,1,9,0,9,0,5,0,0,0,0,1,1,6,1,23,5,1242,1,13,-1,1,-1
2015300014620,2,3,0,18,0,8,2,0,0,0,1,1,6,1,-1,-1,125,1,53,-1,1,-1
2015300014621,1,9,0,18,0,0,0,0,1,3,1,1,6,2,36,7,1422,2,1,-1,1,-1
2015300014626,1,9,0,18,0,0,0,0,0,0,1,1,6,1,30,6,2198,2,10,-1,1,-1
2015300014626,2,9,0,18,0,0,0,0,0,0,2,1,6,1,37,7,1598,1,8,-1,1,-1
2015300014626,3,9,0,18,0,0,0,0,0,0,2,1,6,2,32,6,1242,1,8,-1,1,-1
2015300014632,1,9,0,17,0,0,2,0,7,0,1,1,2,1,23,5,1951,2,10,-1,1,-1
2015300014632,2,9,0,18,0,0,0,0,0,0,1,1,6,1,80,11,1388,1,7,-1,1,-1
2015300014632,3,4,0,18,0,0,5,0,1,0,1,1,6,1,44,7,347,1,29,-1,1,-1
2015300014635,1,9,0,15,0,0,0,0,0,0,3,1,6,2,45,7,2143,2,7,-1,2,-1
2015300014635,2,1,0,3,0,0,0,0,0,0,4,1,6,1,43,7,-1,-1,-1,-1,1,-1
2015300014636,1,9,0,18,0,0,0,0,0,0,0,1,6,3,-1,-1,-1,-1,-1,-1,-1,-1
2015300014636,2,11,0,18,0,0,0,0,0,0,0,1,1,1,49,8,-1,-1,-1,-1,-1,-1
2015300014638,1,5,0,17,0,0,2,0,1,10,1,1,6,1,35,6,998,1,7,-1,3,-1
2015300014641,1,9,0,3,0,1,0,0,0,0,2,1,6,2,46,8,1769,1,13,-1,1,-1
2015300014641,2,9,0,18,0,1,0,0,1,0,1,1,6,1,-1,-1,-1,-1,-1,-1,-1,-1
2015300014643,1,9,0,9,0,5,0,0,0,0,4,1,6,1,45,7,1998,1,15,-1,1,-1
2015300014643,2,5,0,13,0,8,1,0,0,0,1,1,6,1,23,5,599,1,14,-1,1,-1
2015300014643,3,90,0,8,0,1,0,0,0,0,0,1,6,3,-1,-1,-1,-1,-1,-1,-1,-1
2015300014644,1,9,0,4,0,1,0,0,0,0,3,1,6,1,79,11,998,1,16,-1,1,-1
2015300014646,1,9,0,3,0,0,0,0,0,0,2,1,6,1,56,9,1956,2,2,-1,1,-1
2015300014646,2,9,0,3,0,0,0,0,0,0,2,1,2,1,19,4,1587,1,8,-1,1,-1
2015300014646,3,19,0,18,0,0,0,0,0,0,1,1,1,1,35,6,2500,2,8,-1,1,-1
2015300014648,1,4,0,18,0,0,1,4,0,0,1,1,6,1,27,6,450,1,12,-1,1,-1
2015300014648,2,9,0,2,0,0,0,0,0,0,1,1,6,2,40,7,1986,2,10,-1,1,-1
2015300014650,1,9,0,7,0,3,0,0,0,0,4,1,3,2,31,6,1968,2,8,-1,1,-1
2015300014650,2,11,0,7,0,3,0,0,0,0,3,1,1,1,-1,-1,4250,2,13,-1,-1,-1
2015300014653,1,9,0,5,0,1,0,0,0,0,1,1,6,1,-1,-1,1968,2,9,-1,-1,-1
2015300014653,2,9,0,3,0,1,0,0,0,0,2,1,2,1,35,6,1149,1,8,-1,1,-1
2015300014660,1,9,0,9,0,5,0,0,0,0,1,1,6,2,29,6,1560,2,2,-1,1,-1
2015300014660,2,9,0,18,0,8,0,0,0,0,1,1,6,1,50,8,2993,2,6,-1,1,-1
2015300014661,1,8,0,2,0,0,0,0,0,0,3,1,1,1,31,6,1995,2,16,-1,1,-1
2015300014661,2,1,0,14,0,0,0,4,0,0,1,1,6,1,-1,-1,-1,-1,-1,-1,-1,-1
2015300014663,1,9,0,9,0,6,0,0,0,0,1,1,6,3,-1,-1,-1,-1,-1,-1,-1,-1
2015300014663,2,9,0,18,0,8,0,0,0,0,3,1,6,2,24,5,1197,1,1,-1,1,-1
2015300014665,1,9,0,18,0,1,0,0,0,0,1,1,6,1,35,6,1598,1,16,-1,1,-1
2015300014665,2,9,0,18,0,1,0,0,0,0,2,1,6,1,51,8,1560,2,5,-1,1,-1
2015300014665,3,9,0,4,0,1,0,0,0,0,2,1,6,1,20,4,1390,1,10,-1,1,-1
2015300014665,4,9,0,3,0,1,0,0,0,0,2,1,6,2,21,5,1389,1,15,-1,1,-1
2015300014669,1,9,0,18,0,0,0,0,0,0,1,1,6,1,23,5,1149,1,15,-1,3,-1
2015300014670,1,8,0,18,0,0,0,0,0,0,3,1,1,1,56,9,1598,2,4,-1,1,-1
2015300014670,2,9,0,18,0,0,0,0,0,0,3,1,6,1,31,6,1596,1,12,-1,1,-1
2015300014671,1,11,0,4,0,8,1,0,0,0,1,1,1,1,37,7,10000,2,19,-1,1,-1
2015300014671,2,9,0,9,0,5,0,0,0,0,2,1,6,1,46,8,1794,1,14,-1,1,-1
2015300014672,1,9,0,2,0,0,0,0,0,0,2,1,6,1,36,7,1995,2,3,-1,-1,-1
2015300014672,2,1,0,18,0,0,0,4,0,0,1,1,1,1,50,8,-1,-1,-1,-1,-1,-1
2015300014678,1,19,0,18,0,4,0,0,0,0,1,1,6,1,49,8,2148,2,6,-1,1,-1
2015300014678,2,3,0,9,0,8,5,0,0,0,2,1,6,1,79,11,-1,-1,-1,-1,1,-1
2015300014681,1,9,0,17,0,0,5,0,1,0,4,1,6,2,18,4,998,1,14,-1,3,-1
2015300014682,1,9,0,13,0,2,0,0,0,0,4,1,2,2,32,6,998,1,4,-1,1,-1
2015300014682,2,1,0,12,0,2,0,0,0,0,3,1,2,2,33,6,-1,-1,-1,-1,1,-1
2015300014684,1,9,0,18,0,8,0,0,0,0,4,1,6,1,-1,-1,1560,2,8,-1,1,-1
2015300014684,2,9,0,1,0,6,0,0,0,0,2,1,6,1,-1,-1,1769,1,15,-1,-1,-1
2015300014685,1,9,0,18,0,0,0,0,0,0,1,1,6,1,57,9,1242,1,1,-1,1,-1
2015300014686,1,9,0,9,0,8,0,0,0,0,1,1,6,2,73,10,1870,2,12,-1,1,-1
2015300014686,2,9,0,18,0,1,0,0,0,0,1,1,6,1,39,7,1389,1,13,-1,1,-1
2015300014688,1,9,0,3,0,1,0,0,0,0,2,1,6,1,-1,-1,1956,2,2,-1,1,-1
2015300014688,2,9,0,4,0,1,0,0,0,0,0,1,1,1,48,8,1560,2,5,-1,1,-1
2015300014688,3,9,0,18,0,1,0,0,0,0,0,1,6,3,-1,-1,-1,-1,-1,-1,-1,-1
2015300014690,1,9,0,18,0,3,0,0,0,0,4,1,1,2,41,7,1461,2,2,-1,1,-1
2015300014690,2,1,0,18,0,4,0,0,0,0,1,1,6,1,16,4,-1,-1,-1,-1,1,-1
2015300014696,1,1,0,18,0,0,0,0,0,0,1,1,6,1,-1,-1,-1,-1,-1,-1,-1,-1
2015300014697,1,9,0,18,0,0,0,0,0,0,4,1,6,2,50,8,1248,2,2,-1,1,-1
2015300014697,2,1,0,18,9,0,5,10,0,0,1,1,6,2,41,7,-1,-1,-1,-1,-1,-1
2015300014700,1,9,0,9,0,8,0,0,7,0,2,1,6,1,81,11,1329,1,3,-1,3,-1
2015300014700,2,9,0,18,0,1,0,0,0,0,1,1,6,1,41,7,1753,2,7,-1,1,-1
2015300014700,3,9,0,18,0,1,0,0,0,0,1,1,6,1,65,9,1598,1,9,-1,3,-1
2015300014703,1,9,0,5,0,0,0,0,0,0,1,1,6,2,42,7,1796,1,14,-1,2,-1
2015300014703,2,2,0,14,0,0,0,0,0,0,1,1,6,1,23,5,124,1,4,-1,2,-1
2015300014705,1,9,0,7,0,6,0,0,0,0,1,1,6,1,61,9,2996,1,8,-1,3,-1
2015300014705,2,1,0,18,0,8,0,0,0,0,4,1,6,1,49,8,-1,-1,-1,-1,1,-1
2015300014707,1,9,0,17,0,2,0,0,0,0,2,1,6,1,26,6,1968,2,-1,-1,1,-1
2015300014707,2,4,0,18,0,6,5,0,0,0,1,1,6,1,22,5,294,1,12,-1,1,-1
2015300014710,1,9,0,3,0,1,0,0,0,0,1,1,2,2,17,4,1229,1,5,-1,2,-1
2015300014710,2,9,0,3,0,1,0,0,0,0,2,1,2,2,41,7,1328,1,8,-1,-1,-1
2015300014711,1,9,0,17,0,0,0,0,0,0,1,1,6,1,20,4,2143,2,2,-1,-1,-1
2015300014712,1,9,0,4,0,1,0,0,0,0,4,1,6,1,68,10,2598,1,17,-1,1,-1
2015300014713,1,1,0,18,0,0,0,0,0,0,3,1,6,1,19,4,-1,-1,-1,-1,-1,-1
2015300014713,2,9,0,18,0,0,0,0,0,0,1,1,6,1,65,9,998,1,1,-1,1,-1
2015300014714,1,9,0,18,0,8,1,0,0,0,1,1,6,2,60,9,1242,1,11,-1,2,-1
2015300014714,2,9,0,5,0,8,0,0,0,0,4,1,1,1,-1,-1,-1,-1,-1,-1,-1,-1
2015300014715,1,9,0,17,0,0,1,0,7,2,1,1,6,1,58,9,1794,1,11,-1,1,-1
2015300014717,1,9,0,17,0,0,0,0,1,4,1,1,2,1,58,9,1598,1,7,-1,2,-1
2015300014719,1,9,0,12,0,0,0,0,0,0,0,1,6,1,-1,-1,1794,1,14,-1,1,-1
2015300014719,2,3,0,18,0,0,0,10,4,6,3,1,6,1,30,6,-1,-1,-1,-1,1,-1
2015300014721,1,9,0,18,0,8,0,0,0,0,1,1,6,2,58,9,998,1,6,-1,1,-1
2015300014721,2,9,0,9,0,5,0,0,0,0,3,1,6,1,36,7,2148,2,11,-1,1,-1
2015300014722,1,9,0,18,0,0,0,0,0,0,1,1,6,1,20,4,1242,1,9,-1,1,-1
2015300014722,2,9,0,3,0,0,0,0,0,0,2,1,6,1,-1,-1,1796,1,11,-1,1,-1
2015300014723,1,90,0,18,0,0,1,0,1,2,1,1,6,1,65,9,1642,1,-1,-1,3,-1
2015300014724,1,9,0,18,0,0,0,0,0,0,1,1,6,1,24,5,1198,1,9,-1,1,-1
2015300014724,2,9,0,2,0,0,0,0,0,0,1,1,6,1,-1,-1,1995,2,11,-1,1,-1
2015300014724,3,9,0,2,0,0,0,0,0,0,1,1,6,1,-1,-1,1332,1,18,-1,1,-1
2015300014725,1,9,0,2,0,0,0,0,0,0,3,1,6,1,44,7,1995,2,8,-1,1,-1
2015300014725,2,9,0,14,0,0,0,0,0,0,1,1,6,2,51,8,1999,1,3,-1,2,-1
2015300014726,1,9,0,12,0,0,0,0,4,6,1,1,1,1,18,4,1560,2,1,-1,1,-1
2015300014726,2,9,0,18,0,0,0,0,0,0,2,1,6,1,28,6,1796,1,9,-1,1,-1
2015300014729,1,9,0,5,0,6,0,0,0,0,1,1,2,2,19,4,1560,2,3,-1,2,-1
2015300014729,2,9,0,4,0,8,0,0,0,0,1,1,2,2,59,9,1998,1,4,-1,1,-1
2015300014736,1,9,0,5,0,4,0,0,0,0,3,1,6,2,27,6,1496,2,-1,-1,1,-1
2015300014736,2,9,0,18,0,8,0,0,0,0,4,1,6,2,37,7,1896,2,7,-1,1,-1
2015300014737,1,9,0,9,0,6,0,0,0,0,4,1,1,1,38,7,-1,-1,-1,-1,1,-1
2015300014737,2,9,0,18,0,8,0,0,0,0,1,1,6,1,45,7,1968,2,8,-1,1,-1
2015300014742,1,9,0,11,0,1,1,10,0,0,3,1,6,2,20,4,973,1,15,-1,1,-1
2015300014747,1,19,0,9,0,8,0,0,0,0,1,1,1,1,39,7,1598,2,-1,-1,1,-1
2015300014747,2,9,0,18,0,8,0,0,0,0,1,1,6,2,37,7,1248,2,5,-1,1,-1
2015300014748,1,5,0,18,0,0,1,11,0,0,1,1,2,1,47,8,651,1,22,-1,3,-1
2015300014749,1,9,0,7,0,6,0,10,1,1,1,1,6,2,87,11,1598,1,13,-1,1,-1
2015300014752,1,1,0,4,0,1,0,0,0,0,1,1,6,1,-1,-1,-1,-1,-1,-1,1,-1
2015300014752,2,9,0,7,0,1,0,0,0,0,2,1,1,2,25,5,1598,2,3,-1,1,-1
2015300014755,1,9,0,7,9,6,0,0,0,0,1,1,6,2,52,8,1910,2,8,-1,2,-1
2015300014755,2,1,0,18,9,8,0,0,0,0,1,1,6,1,20,4,-1,-1,-1,-1,1,-1
2015300014756,1,9,0,18,0,4,0,0,0,0,1,1,6,2,55,8,1975,1,6,-1,1,-1
2015300014756,2,9,0,18,0,4,0,0,0,0,2,1,6,1,36,7,1598,1,11,-1,1,-1
2015300014758,1,5,0,16,0,0,0,0,0,0,4,1,1,1,46,8,646,1,10,-1,-1,-1
2015300014759,1,9,0,9,0,8,0,0,0,0,3,1,6,1,19,4,1229,1,1,-1,1,-1
2015300014759,2,9,0,17,0,8,0,0,0,0,1,1,6,1,19,4,1198,1,6,-1,1,-1
2015300014760,1,19,0,13,0,1,1,0,0,0,1,1,1,1,26,6,1248,2,9,-1,1,-1
2015300014760,2,9,0,17,0,1,0,0,0,0,0,1,2,2,38,7,1798,2,2,-1,3,-1
2015300014760,3,11,0,18,0,1,0,0,0,0,1,1,1,1,64,9,4250,2,5,-1,1,-1
2015300014761,1,9,0,9,0,8,0,0,0,0,2,1,6,1,20,4,-1,-1,-1,-1,-1,-1
2015300014761,2,9,0,9,0,8,0,0,0,0,1,1,6,1,48,8,1686,2,3,-1,1,-1
2015300014762,1,21,1,11,0,0,0,0,0,0,4,1,1,1,48,8,11946,2,3,-1,2,-1
2015300014762,2,9,0,18,0,0,0,7,0,0,3,1,6,2,42,7,1368,1,6,-1,1,-1
2015300014766,1,9,0,18,0,0,0,0,0,0,1,1,2,1,44,7,1995,2,2,-1,1,-1
2015300014766,2,9,0,18,0,0,0,0,0,0,2,1,2,2,43,7,1422,2,7,-1,1,-1
2015300014771,1,9,0,1,0,0,0,0,0,0,2,1,6,3,-1,-1,-1,-1,-1,-1,-1,-1
2015300014777,1,9,0,18,0,0,5,0,0,0,1,1,6,1,54,8,1197,1,2,-1,3,-1
2015300014777,2,9,0,18,0,0,0,0,0,0,1,1,6,1,61,9,1984,1,8,-1,1,-1
2015300014777,3,9,0,18,0,0,0,0,0,0,1,1,6,1,67,10,1229,1,1,-1,1,-1
2015300014778,1,9,0,5,0,4,0,0,0,0,1,1,6,2,30,6,1796,1,7,-1,1,-1
2015300014778,2,1,0,18,0,8,0,0,0,0,4,1,6,1,45,7,-1,-1,-1,-1,1,-1
2015300014779,1,9,0,3,0,8,0,0,0,0,2,1,6,2,23,5,1388,1,12,-1,-1,-1
2015300014779,2,9,0,3,0,8,0,0,0,0,2,1,6,1,61,9,1560,2,1,-1,-1,-1
2015300014779,3,9,0,18,0,8,0,0,0,0,1,1,6,1,31,6,1499,2,2,-1,1,-1
2015300014780,1,9,0,16,0,0,2,0,0,0,4,1,6,1,22,5,1984,1,18,-1,-1,-1
2015300014780,2,9,0,2,0,0,0,0,0,0,3,1,6,1,62,9,1248,1,1,-1,1,-1
2015300014780,3,19,0,2,0,0,0,0,0,0,3,1,6,1,62,9,2461,2,5,-1,1,-1
2015300014784,1,9,0,10,0,1,1,0,1,0,2,1,6,1,-1,-1,998,1,5,-1,1,-1
2015300014784,2,9,0,18,0,1,0,0,0,0,1,1,6,2,34,6,1343,1,11,-1,1,-1
2015300014784,3,9,0,18,0,1,1,0,1,0,1,1,6,2,19,4,998,1,8,-1,2,-1
2015300014786,1,9,0,9,0,5,0,0,0,0,2,1,6,2,55,8,2143,2,3,-1,3,-1
2015300014786,2,21,4,18,0,1,0,0,0,0,1,1,1,2,54,8,12000,2,12,-1,1,-1
2015300014791,1,9,0,7,0,4,0,0,0,0,4,1,1,1,53,8,2982,2,3,-1,3,-1
2015300014791,2,1,0,18,0,4,2,0,0,0,3,1,1,1,26,6,-1,-1,-1,-1,1,-1
2015300014795,1,5,0,17,0,0,2,0,0,0,4,1,6,1,48,8,647,1,12,-1,-1,-1
2015300014795,2,90,0,16,0,0,0,0,0,0,0,1,6,3,-1,-1,-1,-1,-1,-1,-1,-1
2015300014801,1,9,0,9,0,6,0,0,0,0,3,1,6,2,37,7,1968,2,4,-1,3,-1
2015300014801,2,9,0,18,0,8,0,0,0,0,1,1,6,2,47,8,1242,1,11,-1,1,-1
2015300014803,1,9,0,9,0,5,0,0,0,0,1,1,6,1,21,5,-1,-1,-1,-1,-1,-1
2015300014803,2,4,0,18,0,8,0,0,1,0,1,1,6,1,66,10,249,1,-1,-1,-1,-1
2015300014807,1,9,0,9,0,5,0,0,0,0,1,1,6,2,62,9,1591,1,3,-1,1,-1
2015300014807,2,9,0,17,0,8,0,0,0,0,1,1,1,2,32,6,1199,2,1,-1,-1,-1
2015300014810,1,9,0,18,0,4,0,0,0,0,3,1,3,2,38,7,1124,1,15,-1,1,-1
2015300014810,2,9,0,18,0,8,0,0,0,0,1,1,2,1,19,4,1598,1,11,-1,2,-1
2015300014811,1,9,0,18,0,0,0,0,0,0,1,1,6,1,29,6,1997,2,12,-1,1,-1
2015300014814,1,9,0,18,0,6,0,0,0,0,1,1,6,3,-1,-1,-1,-1,-1,-1,-1,-1
2015300014814,2,1,0,18,0,8,0,0,0,0,2,1,6,1,17,4,-1,-1,-1,-1,1,-1
2015300014818,1,19,0,4,0,0,0,0,0,0,2,1,1,1,29,6,2299,2,1,-1,1,-1
2015300014818,2,1,0,18,0,0,0,0,0,0,1,1,6,1,27,6,-1,-1,-1,-1,2,-1
2015300014827,1,3,0,17,0,8,0,0,0,0,3,1,6,1,21,5,124,1,20,-1,1,-1
2015300014827,2,9,0,7,0,3,0,0,0,0,4,1,6,1,54,8,1598,2,1,-1,3,-1
2015300014831,1,9,0,9,0,6,0,0,0,0,3,1,6,1,82,11,1995,2,5,-1,1,-1
2015300014831,2,9,0,18,0,8,0,0,0,0,1,1,6,1,25,5,-1,-1,-1,-1,-1,-1
2015300014831,3,9,0,9,0,1,0,0,0,0,3,1,6,1,43,7,1951,2,14,-1,1,-1
2015300014832,1,9,0,2,0,0,0,0,0,0,2,1,6,1,-1,-1,1499,2,-1,-1,1,-1
2015300014832,2,9,0,18,0,0,1,4,0,0,2,1,6,1,48,8,1560,2,-1,-1,1,-1
2015300014835,1,9,0,17,0,8,0,0,7,10,3,1,6,2,19,4,1229,1,5,-1,1,-1
2015300014835,2,9,0,18,0,3,0,0,0,0,1,1,6,1,37,7,1997,2,10,-1,1,-1
2015300014837,1,11,0,9,0,6,0,0,0,0,0,1,1,1,53,8,9000,2,10,-1,1,-1
2015300014839,1,9,0,18,0,0,0,0,0,0,1,1,6,1,38,7,2397,1,15,-1,1,-1
2015300014839,2,9,0,18,0,0,0,0,0,0,2,1,6,1,49,8,1587,1,8,-1,1,-1
2015300014840,1,9,0,18,0,8,0,0,0,0,4,1,6,2,36,7,1349,1,5,-1,1,-1
2015300014840,2,9,0,4,0,8,0,0,0,0,1,1,6,1,71,10,1995,2,3,-1,-1,-1
2015300014841,1,19,0,9,0,6,0,0,0,0,3,1,1,2,26,6,2287,2,3,-1,1,-1
2015300014841,2,9,0,18,0,1,1,0,0,0,1,1,6,1,19,4,-1,-1,-1,-1,1,-1
2015300014842,1,5,0,16,0,8,2,10,0,0,1,1,6,1,46,8,805,1,15,-1,3,-1
2015300014843,1,9,0,17,0,0,2,0,8,10,1,1,2,1,20,4,1999,1,10,-1,2,-1
2015300014848,1,19,0,17,0,0,0,0,0,0,1,1,6,1,34,6,2198,2,-1,-1,3,-1
2015300014848,2,9,0,16,0,0,0,0,0,0,1,1,3,2,39,7,1995,2,3,-1,3,-1
2015300014850,1,9,0,4,0,1,0,0,0,0,1,1,2,1,48,8,2231,2,9,-1,2,-1
2015300014851,1,5,0,4,0,4,2,9,3,1,1,1,6,1,21,5,600,1,15,-1,1,-1
2015300014852,1,19,0,18,0,1,0,0,0,0,1,1,1,1,36,7,2402,2,9,-1,1,-1
2015300014852,2,9,0,7,0,8,0,0,0,0,3,1,1,1,20,4,1560,2,5,-1,1,-1
2015300014855,1,9,0,9,0,6,0,0,0,0,4,1,6,2,44,7,4266,1,14,-1,1,-1
2015300014858,1,9,0,6,0,0,0,0,0,0,1,1,6,2,37,7,998,1,2,-1,1,-1
2015300014858,2,9,0,16,0,0,0,0,0,0,1,1,6,2,51,8,1398,2,12,-1,1,-1
2015300014860,1,9,0,18,0,0,0,0,0,0,4,1,1,2,-1,-1,998,1,4,-1,1,-1
2015300014860,2,1,0,18,4,0,0,0,1,0,3,1,2,1,51,8,-1,-1,-1,-1,-1,-1
2015300014863,1,9,0,18,0,8,0,0,0,0,4,1,2,2,59,9,1242,1,-1,-1,1,-1
2015300014863,2,9,0,18,0,4,0,0,0,0,1,1,6,1,25,5,-1,-1,-1,-1,1,-1
2015300014864,1,9,0,18,0,8,0,0,0,0,1,1,2,2,28,6,1328,1,5,-1,1,-1
2015300014864,2,19,0,5,0,6,0,0,0,0,1,1,1,1,31,6,2148,2,9,-1,1,-1
2015300014868,1,9,0,16,0,0,2,0,7,10,3,1,2,1,23,5,1753,2,11,-1,2,-1
2015300014873,1,9,0,15,0,8,0,0,0,0,1,1,6,1,-1,-1,1598,1,11,-1,1,-1
2015300014873,2,9,0,10,0,8,0,0,0,0,4,1,1,2,47,8,1587,1,9,-1,2,-1
2015300014874,1,9,0,18,0,1,0,0,0,0,1,1,6,2,-1,-1,1598,1,10,-1,3,-1
2015300014874,2,9,0,18,0,1,0,0,0,0,2,1,6,2,45,7,1998,2,9,-1,1,-1
2015300014875,1,9,0,18,0,1,0,0,0,0,4,1,2,2,58,9,1124,1,16,-1,1,-1
2015300014877,1,9,0,7,0,6,0,0,0,0,0,1,6,3,-1,-1,-1,-1,-1,-1,-1,-1
2015300014877,2,3,0,18,0,8,0,0,0,0,4,1,6,1,18,4,-1,-1,-1,-1,1,-1
2015300014878,1,9,0,13,0,0,0,0,0,0,1,1,6,1,57,9,2996,1,7,-1,3,-1
2015300014878,2,16,0,18,0,0,0,0,0,0,2,1,6,2,70,10,-1,-1,-1,-1,1,-1
2015300014880,1,9,0,16,0,0,1,0,2,10,1,1,6,1,34,6,1598,1,9,-1,1,-1
2015300014883,1,9,0,18,0,0,0,0,0,0,1,1,6,2,-1,-1,1388,1,7,-1,-1,-1
2015300014883,2,9,0,18,0,0,0,0,0,0,1,1,6,1,-1,-1,1560,2,6,-1,-1,-1
2015300014884,1,9,0,5,0,6,0,0,0,0,1,1,6,2,64,9,1596,1,10,-1,2,-1
2015300014884,2,9,0,18,0,8,0,6,0,0,4,1,6,1,42,7,1242,1,14,-1,2,-1
2015300014887,1,17,0,9,0,5,5,0,7,0,2,1,1,1,-1,-1,-1,2,37,-1,2,-1
2015300014887,2,9,0,13,0,8,1,0,0,0,1,1,6,1,18,4,1360,1,14,-1,1,-1
2015300014888,1,9,0,4,0,1,0,0,0,0,1,1,1,1,31,6,-1,-1,-1,-1,1,-1
2015300014888,2,9,0,3,0,1,0,0,0,0,2,1,6,2,31,6,1086,1,5,-1,1,-1
2015300014891,1,9,0,9,0,5,0,0,0,0,4,1,6,3,-1,-1,-1,-1,-1,-1,-1,-1
2015300014891,2,3,0,18,0,8,0,0,0,0,1,1,6,1,18,4,124,1,4,-1,1,-1
2015300014892,1,9,0,14,0,0,0,0,0,0,1,1,6,1,25,5,1199,1,12,-1,-1,-1
2015300014892,2,90,0,2,0,0,0,0,0,0,0,1,6,3,-1,-1,-1,-1,-1,-1,-1,-1
2015300014900,1,9,0,18,0,0,5,4,0,0,3,1,6,1,72,10,1999,1,11,-1,1,-1
2015300014900,2,9,0,18,0,0,0,0,0,0,3,1,6,1,74,10,1799,2,6,-1,1,-1
2015300014900,3,9,0,2,0,0,0,0,0,0,4,1,6,1,65,9,1968,2,5,-1,1,-1
2015300014900,4,9,0,2,0,0,0,0,0,0,1,1,6,1,36,7,1799,1,8,-1,-1,-1
2015300014900,5,9,0,2,0,0,0,0,0,0,1,1,6,2,35,6,1560,2,7,-1,1,-1
2015300014901,1,9,0,5,0,0,0,0,0,0,1,1,1,2,27,6,1240,1,11,-1,1,-1
2015300014901,2,9,0,18,0,0,0,0,0,0,1,1,6,1,41,7,2792,1,12,-1,1,-1
2015300014903,1,9,0,9,0,6,0,0,0,0,3,1,6,1,47,8,1560,2,3,-1,1,-1
2015300014903,2,5,0,16,0,8,1,0,0,0,1,1,6,1,46,8,599,1,13,-1,1,-1
2015300014903,3,9,0,9,0,1,0,0,0,0,0,1,6,1,63,9,1968,2,-1,-1,1,-1
2015300014904,1,9,0,4,0,1,0,0,0,0,2,1,6,2,67,10,998,1,9,-1,1,-1
2015300014904,2,9,0,4,0,1,0,0,0,0,1,1,6,2,45,7,1951,2,14,-1,1,-1
2015300014904,3,9,0,4,0,1,0,0,0,0,1,1,6,2,25,5,1149,1,14,-1,1,-1
2015300014910,1,9,0,4,0,0,0,0,0,0,1,1,1,1,31,6,1997,2,2,-1,1,-1
2015300014910,2,9,0,3,0,0,0,0,0,0,2,1,1,1,48,8,-1,-1,-1,-1,-1,-1
2015300014910,3,9,0,3,0,0,0,0,0,0,2,1,6,2,-1,-1,2495,2,12,-1,1,-1
2015300014912,1,9,0,18,0,1,0,0,0,0,2,1,6,1,60,9,1896,2,14,-1,1,-1
2015300014912,2,10,0,4,0,1,0,0,8,10,2,1,3,2,32,6,-1,-1,-1,-1,1,-1
2015300014912,3,9,0,18,0,1,0,0,0,0,1,1,6,3,-1,-1,-1,-1,-1,-1,-1,-1
2015300014913,1,3,0,18,9,0,0,0,0,0,1,1,6,1,-1,-1,-1,-1,-1,-1,-1,-1
2015300014913,2,90,0,18,9,0,0,0,0,0,4,1,6,1,48,8,-1,-1,-1,-1,1,-1
2015300014914,1,9,0,18,0,0,0,0,0,0,1,1,6,3,-1,-1,-1,-1,-1,-1,-1,-1