Accident_Index,Vehicle_Reference,Vehicle_Type,Towing_and_Articulation,Vehicle_Manoeuvre,Vehicle_Location-Restricted_Lane,Junction_Location,Skidding_and_Overturning,Hit_Object_in_Carriageway,Vehicle_Leaving_Carriageway,Hit_Object_off_Carriageway,1st_Point_of_Impact,Was_Vehicle_Left_Hand_Drive?,Journey_Purpose_of_Driver,Sex_of_Driver,Age_of_Driver,Age_Band_of_Driver,Engine_Capacity_(CC),Propulsion_Code,Age_of_Vehicle,Driver_IMD_Decile,Driver_Home_Area_Type,Vehicle_IMD_Decile
2015300014914,2,1,0,18,4,0,0,0,0,0,2,1,2,1,23,5,-1,-1,-1,-1,1,-1
2015300014916,1,9,0,7,0,8,0,0,0,0,1,1,6,2,22,5,1328,1,6,-1,1,-1
2015300014916,2,9,0,9,0,1,0,0,0,0,1,1,6,2,38,7,1560,2,6,-1,1,-1
2015300014919,1,10,0,18,0,0,0,0,0,0,1,1,6,1,40,7,-1,-1,-1,-1,1,-1
2015300014919,2,9,0,18,0,0,0,0,0,0,2,1,6,1,27,6,1995,2,7,-1,1,-1
2015300014919,3,21,1,18,0,0,0,0,0,0,1,1,6,1,29,6,12419,2,3,-1,1,-1
2015300014919,4,9,0,18,0,0,0,0,0,0,2,1,6,2,63,9,1598,2,2,-1,-1,-1
2015300014919,5,9,0,18,0,0,0,0,0,0,2,1,6,2,30,6,1896,2,12,-1,1,-1
2015300014919,6,19,0,18,0,0,0,0,0,0,3,1,6,1,29,6,1248,2,5,-1,1,-1
2015300014919,7,9,0,18,0,0,0,0,0,0,3,1,6,1,50,8,1956,2,4,-1,1,-1
2015300014919,8,19,0,18,0,0,0,0,0,0,3,1,6,1,43,7,-1,-1,-1,-1,1,-1
2015300014919,9,9,0,18,0,0,0,0,0,0,2,1,6,1,38,7,1598,1,-1,-1,1,-1
2015300014919,10,9,0,18,0,0,0,0,0,0,2,1,6,1,50,8,1595,1,15,-1,1,-1
2015300014920,1,9,0,18,0,0,0,0,0,0,1,1,6,1,45,7,1968,2,-1,-1,-1,-1
2015300014921,1,9,0,4,0,3,1,0,3,2,1,1,6,1,22,5,1796,1,14,-1,-1,-1
2015300014922,1,9,0,16,0,3,0,10,1,3,1,1,6,2,20,4,1997,1,7,-1,1,-1
2015300014923,1,4,0,17,0,0,0,0,0,0,3,1,6,1,55,8,1783,1,8,-1,1,-1
2015300014923,2,9,0,16,0,0,0,0,0,0,3,1,6,2,30,6,1299,1,7,-1,1,-1
2015300014924,1,9,0,5,0,8,0,0,0,0,1,1,6,2,27,6,1124,1,12,-1,-1,-1
2015300014924,2,9,0,18,0,8,0,0,0,0,1,1,6,1,52,8,1598,1,2,-1,2,-1
2015300014927,1,9,0,4,0,1,0,0,0,0,3,1,6,1,51,8,1299,1,14,-1,2,-1
2015300014927,2,9,0,7,0,5,0,0,0,0,1,1,6,3,-1,-1,-1,-1,-1,-1,-1,-1
2015300014928,1,9,0,5,0,1,0,0,7,10,3,1,6,1,53,8,1242,1,3,-1,1,-1
2015300014928,2,3,0,18,0,1,0,0,0,0,1,1,6,1,50,8,1050,1,7,-1,-1,-1
2015300014932,1,11,0,5,0,2,0,0,0,0,1,1,1,1,35,6,4250,2,13,-1,-1,-1
2015300014933,1,9,0,18,0,8,0,0,7,0,1,1,6,2,35,6,1248,1,4,-1,1,-1
2015300014933,2,9,0,5,0,6,0,0,0,0,3,1,6,2,45,7,1587,1,11,-1,-1,-1
2015300014934,1,9,0,18,0,1,0,0,0,0,1,1,6,1,21,5,1796,1,15,-1,1,-1
2015300014934,2,9,0,2,0,1,0,0,0,0,0,1,6,3,-1,-1,-1,-1,-1,-1,-1,-1
2015300014935,1,9,0,12,0,0,0,0,0,0,0,1,6,1,40,7,2521,1,10,-1,2,-1
2015300014935,2,9,0,13,0,0,0,0,8,4,3,1,6,1,56,9,2979,1,12,-1,2,-1
2015300014941,1,9,0,4,0,2,0,0,0,0,1,1,2,2,18,4,1360,1,10,-1,-1,-1
2015300014941,2,9,0,3,0,2,0,0,0,0,2,1,1,1,43,7,1560,2,5,-1,-1,-1
2015300014941,3,9,0,3,0,2,0,0,0,0,2,1,6,1,51,8,1364,1,-1,-1,-1,-1
2015300014942,1,9,0,4,0,1,0,0,0,0,2,1,6,2,26,6,1199,1,13,-1,1,-1
2015300014942,2,9,0,7,0,6,0,0,0,0,0,1,6,1,66,10,1200,1,1,-1,3,-1
2015300014943,1,9,0,13,0,0,1,0,0,0,1,1,6,1,36,7,2494,1,13,-1,1,-1
2015300014943,2,9,0,18,0,0,0,0,1,1,2,1,6,2,53,8,-1,-1,-1,-1,1,-1
2015300014945,1,9,0,16,0,0,0,0,0,0,1,1,6,2,51,8,1390,1,9,-1,1,-1
2015300014945,2,9,0,17,0,0,0,0,0,0,1,1,6,1,37,7,1596,1,15,-1,1,-1
2015300014947,1,9,0,16,0,0,0,0,0,0,1,1,6,1,74,10,1399,2,6,-1,1,-1
2015300014947,2,9,0,17,0,0,0,0,0,0,3,1,6,2,41,7,1299,1,12,-1,-1,-1
2015300014947,3,9,0,18,0,0,0,0,0,0,3,1,6,1,61,9,-1,3,1,-1,-1,-1
2015300014949,1,1,0,18,0,0,0,0,0,0,0,1,6,1,16,4,-1,-1,-1,-1,-1,-1
2015300014951,1,9,0,9,0,5,0,0,0,0,1,1,6,1,51,8,1390,1,10,-1,1,-1
2015300014951,2,3,0,18,0,8,0,4,0,0,1,1,6,1,20,4,124,1,-1,-1,3,-1
2015300014951,3,9,0,2,0,1,0,0,0,0,2,1,6,1,-1,-1,1242,1,11,-1,-1,-1
2015300014952,1,9,0,18,0,8,5,9,3,1,1,1,6,2,20,4,1199,1,14,-1,1,-1
2015300014958,1,9,0,18,0,1,1,0,0,0,1,1,6,1,52,8,1999,1,6,-1,1,-1
2015300014958,2,9,0,18,0,1,0,0,0,0,2,1,6,2,71,10,1390,1,14,-1,1,-1
2015300014965,1,19,0,2,0,0,0,0,0,0,4,1,6,1,31,6,2402,2,4,-1,3,-1
2015300014965,2,90,0,18,9,0,0,0,0,0,3,1,6,1,77,11,-1,-1,-1,-1,2,-1
2015300014967,1,11,0,4,0,0,0,11,0,0,4,1,3,1,41,7,9600,2,19,-1,1,-1
2015300014967,2,9,0,18,0,0,0,0,0,0,0,1,6,3,-1,-1,-1,-1,-1,-1,-1,-1
2015300014968,1,9,0,18,0,0,0,2,0,0,4,1,6,1,40,7,2993,2,3,-1,-1,-1
2015300014968,2,9,0,18,0,0,0,0,0,0,3,1,6,1,43,7,1956,2,5,-1,-1,-1
2015300014969,1,9,0,5,0,8,0,0,1,10,3,1,6,1,33,6,-1,-1,-1,-1,1,-1
2015300014969,2,19,0,18,0,8,0,0,0,0,1,1,1,1,32,6,2987,2,3,-1,1,-1
2015300014981,1,9,0,9,0,5,0,0,0,0,1,1,6,2,-1,-1,1596,1,3,-1,2,-1
2015300014981,2,1,0,18,5,8,2,0,0,0,1,1,2,1,38,7,-1,-1,-1,-1,1,-1
2015300014983,1,8,0,5,0,0,0,0,0,0,0,1,6,1,31,6,1762,1,16,-1,1,-1
2015300014988,1,1,0,17,0,0,0,0,8,10,1,1,2,1,57,9,-1,-1,-1,-1,1,-1
2015300014992,1,19,0,18,0,0,0,0,0,0,1,1,6,1,35,6,2402,2,10,-1,2,-1
2015300014992,2,9,0,5,0,0,0,0,0,0,2,1,6,2,34,6,998,1,14,-1,-1,-1
2015300014994,1,3,0,18,0,1,1,0,0,0,0,1,6,1,32,6,124,1,9,-1,1,-1
2015300014999,1,9,0,18,0,6,0,0,0,0,1,1,6,1,26,6,1389,1,15,-1,1,-1
2015300014999,2,9,0,3,0,8,0,0,0,0,2,1,6,1,55,8,2993,2,5,-1,3,-1
2015300015001,1,9,0,17,0,0,2,0,7,10,3,1,2,2,38,7,1364,1,6,-1,1,-1
2015300015002,1,21,0,18,6,0,0,4,0,0,1,1,1,1,43,7,6370,2,8,-1,1,-1
2015300015002,2,90,4,2,6,0,0,0,0,0,3,1,1,3,-1,-1,-1,-1,-1,-1,-1,-1
2015300015004,1,1,0,18,0,8,0,0,0,0,1,1,6,1,16,4,-1,-1,-1,-1,-1,-1
2015300015004,2,9,0,5,0,8,0,0,0,0,3,1,6,2,36,7,2179,2,-1,-1,1,-1
2015300015005,1,9,0,1,9,1,0,0,0,0,2,1,6,3,-1,-1,1242,1,9,-1,2,-1
2015300015006,1,9,0,18,0,0,0,0,0,0,1,1,2,1,61,9,1198,1,2,-1,3,-1
2015300015006,2,9,0,2,0,0,0,0,0,0,2,1,6,3,-1,-1,-1,-1,-1,-1,-1,-1
2015300015008,1,9,0,4,0,6,0,0,0,0,1,1,6,2,55,8,1799,1,5,-1,2,-1
2015300015008,2,1,0,18,0,1,0,0,0,0,1,1,6,1,42,7,-1,-1,-1,-1,-1,-1
2015300015011,1,21,1,11,0,0,0,0,0,0,4,1,1,1,66,10,11705,2,3,-1,-1,-1
2015300015011,2,9,0,18,0,0,0,0,0,0,3,1,6,1,25,5,1390,1,11,-1,1,-1
2015300015012,1,5,0,18,0,1,1,0,0,0,3,1,2,1,45,7,636,1,12,-1,1,-1
2015300015012,2,21,1,5,0,6,0,0,0,0,1,2,6,1,55,8,-1,-1,-1,-1,-1,-1
2015300015013,1,9,0,18,0,1,0,0,0,0,1,1,6,2,46,8,1596,1,11,-1,1,-1
2015300015013,2,9,0,18,0,2,0,0,0,0,1,1,6,1,60,9,1686,2,1,-1,1,-1
2015300015013,3,9,0,18,0,2,0,0,0,0,1,1,6,1,39,7,1596,1,3,-1,1,-1
2015300015014,1,9,0,4,0,0,0,0,0,0,1,1,6,1,24,5,1596,1,11,-1,-1,-1
2015300015014,2,9,0,2,0,0,0,0,0,0,0,1,6,3,-1,-1,-1,-1,-1,-1,-1,-1
2015300015017,1,9,0,9,0,5,0,0,0,0,1,1,6,2,-1,-1,998,1,3,-1,-1,-1
2015300015017,2,1,0,18,0,8,0,0,0,0,1,1,2,1,29,6,-1,-1,-1,-1,1,-1
2015300015019,1,9,0,9,0,6,0,0,0,0,3,1,6,1,79,11,1388,1,8,-1,1,-1
2015300015019,2,5,0,18,0,8,0,0,0,0,1,1,6,1,22,5,599,1,13,-1,2,-1
2015300015020,1,9,0,18,0,0,0,0,0,0,4,1,6,1,69,10,1796,1,9,-1,1,-1
2015300015021,1,4,0,16,0,0,1,0,0,0,0,1,6,1,48,8,599,1,9,-1,-1,-1
2015300015024,1,9,0,7,0,8,0,0,0,0,2,1,6,1,51,8,1596,1,-1,-1,-1,-1
2015300015024,2,3,0,7,0,1,0,0,0,0,3,1,6,1,19,4,125,1,1,-1,-1,-1
2015300015025,1,9,0,16,0,0,1,0,0,0,1,1,2,1,45,7,1527,2,18,-1,-1,-1
2015300015025,2,21,0,17,0,0,0,0,0,0,3,1,1,1,49,8,-1,-1,-1,-1,-1,-1
2015300015028,1,9,0,5,0,2,0,0,0,0,2,1,6,2,35,6,1796,1,14,-1,1,-1
2015300015028,2,1,0,4,0,2,0,0,0,0,1,1,2,1,23,5,-1,-1,-1,-1,1,-1
2015300015030,1,9,0,2,9,1,0,0,0,0,3,1,1,2,31,6,599,1,12,-1,1,-1
2015300015030,2,1,0,18,9,1,0,0,0,0,1,1,6,2,26,6,-1,-1,-1,-1,1,-1
2015300015031,1,9,0,16,0,0,1,0,7,4,1,1,6,1,18,4,1499,2,2,-1,-1,-1
2015300015032,1,9,0,9,8,8,0,0,0,0,3,1,1,2,33,6,1896,2,10,-1,1,-1
2015300015032,2,9,0,18,3,8,0,0,0,0,1,1,6,1,-1,-1,2499,2,12,-1,3,-1
2015300015033,1,9,0,16,0,0,1,0,0,0,1,1,6,1,21,5,2656,1,9,-1,-1,-1
2015300015033,2,9,0,16,0,0,0,0,0,0,1,1,6,2,23,5,998,1,15,-1,1,-1
2015300015034,1,9,0,5,0,1,0,0,0,0,1,1,6,1,48,8,1560,2,9,-1,1,-1
2015300015034,2,9,0,3,0,1,0,0,0,0,2,1,6,2,29,6,1560,2,4,-1,1,-1
2015300015035,1,9,0,6,0,0,0,0,1,4,1,1,6,1,84,11,989,1,13,-1,-1,-1
2015300015038,1,9,0,7,0,8,0,0,0,0,1,1,6,2,68,10,1598,1,5,-1,-1,-1
2015300015038,2,1,0,18,0,8,0,0,0,0,1,1,6,1,50,8,-1,-1,-1,-1,-1,-1
2015300015040,1,3,0,16,0,0,0,0,1,0,1,1,2,1,24,5,125,1,1,-1,2,-1
2015300015040,2,9,0,17,0,0,1,0,0,0,4,1,6,1,54,8,1794,1,14,-1,-1,-1
2015300015041,1,9,0,18,0,8,0,0,0,0,1,1,2,1,28,6,1124,1,14,-1,2,-1
2015300015041,2,90,0,5,0,6,0,0,0,0,4,1,1,1,48,8,-1,-1,-1,-1,-1,-1
2015300015042,1,4,0,18,6,0,0,0,0,0,4,1,6,1,75,10,249,1,10,-1,1,-1
2015300015044,1,9,0,18,0,0,1,0,0,0,1,1,6,1,17,4,1124,1,11,-1,1,-1
2015300015044,2,9,0,18,0,0,0,0,1,0,1,1,6,2,46,8,1798,2,1,-1,1,-1
2015300015047,1,9,0,17,0,0,0,0,1,10,1,1,6,1,20,4,1124,1,14,-1,2,-1
2015300015050,1,9,0,18,0,3,1,11,0,0,1,1,6,1,24,5,1598,1,7,-1,1,-1
2015300015055,1,9,0,12,0,2,0,0,4,6,1,1,6,2,35,6,1198,1,13,-1,1,-1
2015300015055,2,19,0,18,0,2,0,0,0,0,1,1,2,1,21,5,-1,-1,-1,-1,-1,-1
2015300015057,1,9,0,16,0,1,1,0,4,6,1,1,6,1,35,6,1998,2,8,-1,1,-1
2015300015059,1,1,0,18,0,0,0,0,0,0,1,1,6,2,33,6,-1,-1,-1,-1,1,-1
2015300015059,2,1,0,18,0,0,0,0,0,0,4,1,6,1,34,6,-1,-1,-1,-1,1,-1
2015300015064,1,9,0,17,0,0,1,0,8,10,1,1,6,2,45,7,-1,-1,-1,-1,3,-1
2015300015065,1,9,0,9,0,5,0,0,0,0,4,2,6,1,24,5,-1,-1,-1,-1,1,-1
2015300015065,2,1,0,18,0,8,0,0,0,0,1,1,6,1,16,4,-1,-1,-1,-1,1,-1
2015300015066,1,9,0,18,0,8,0,0,0,0,1,1,6,1,49,8,1796,1,9,-1,1,-1
2015300015066,2,9,0,18,0,4,0,0,0,0,3,1,6,2,24,5,1596,1,-1,-1,-1,-1
2015300015067,1,9,0,16,0,0,0,0,0,0,3,1,6,1,17,4,1390,1,9,-1,1,-1
2015300015067,2,9,0,17,0,0,0,0,1,0,1,1,1,1,58,9,1997,2,12,-1,1,-1
2015300015068,1,9,0,18,0,8,0,0,0,0,3,2,6,2,28,6,-1,-1,-1,-1,-1,-1
2015300015068,2,9,0,11,0,8,0,0,0,0,1,1,6,2,-1,-1,1061,1,12,-1,-1,-1
2015300015072,1,9,0,5,0,6,0,0,0,0,0,1,6,3,-1,-1,-1,-1,-1,-1,-1,-1
2015300015072,2,11,0,5,0,1,0,0,0,0,0,1,6,1,41,7,4250,2,3,-1,1,-1
2015300015077,1,9,0,7,0,1,0,0,0,0,0,1,6,1,60,9,1560,2,1,-1,1,-1
2015300015077,2,1,0,18,0,1,0,0,0,0,0,1,6,1,58,9,-1,-1,-1,-1,1,-1
2015300015078,1,19,0,18,0,0,2,0,0,0,3,1,1,1,45,7,2287,2,7,-1,-1,-1
2015300015079,1,9,0,18,0,0,0,0,2,6,1,1,6,1,29,6,1956,2,3,-1,-1,-1
2015300015082,1,19,0,9,0,6,0,0,0,0,1,1,6,1,26,6,1997,2,9,-1,1,-1
2015300015082,2,8,0,18,0,8,0,0,0,0,1,1,6,1,50,8,2496,2,16,-1,1,-1
2015300015090,1,9,0,17,0,0,2,0,1,0,0,1,6,1,26,6,995,1,8,-1,1,-1
2015300015091,1,9,0,7,0,6,0,0,0,0,3,1,2,1,49,8,1956,2,4,-1,1,-1
2015300015091,2,1,0,18,0,8,0,0,0,0,4,1,6,1,50,8,-1,-1,-1,-1,-1,-1
2015300015093,1,3,0,18,0,0,0,4,0,0,1,1,6,1,31,6,125,1,1,-1,1,-1
2015300015093,2,9,0,2,0,0,0,0,0,0,2,1,6,2,60,9,1198,1,4,-1,1,-1
2015300015099,1,9,0,18,0,1,0,0,8,10,1,1,6,2,66,10,1198,1,2,-1,1,-1
2015300015100,1,9,0,5,0,1,0,0,0,0,2,1,6,2,29,6,1360,1,4,-1,1,-1
2015300015100,2,9,0,8,0,1,0,0,0,0,2,1,6,2,51,8,1198,1,-1,-1,1,-1
2015300015101,1,11,0,18,0,0,1,0,0,0,0,1,1,1,54,8,4461,2,3,-1,1,-1
2015300015101,2,9,0,1,0,0,0,0,0,0,0,1,6,3,57,9,1968,2,4,-1,1,-1
2015300015108,1,11,0,4,2,0,0,0,0,0,1,1,6,1,54,8,4250,2,6,-1,1,-1
2015300015108,2,11,0,2,2,0,0,0,0,0,2,1,6,1,27,6,4250,2,6,-1,1,-1
2015300015111,1,4,0,4,0,0,5,10,0,0,1,1,6,1,79,11,497,1,55,-1,1,-1
2015300015112,1,9,0,9,0,8,0,0,0,0,2,1,6,1,-1,-1,1390,1,4,-1,1,-1
2015300015112,2,9,0,18,0,1,0,0,0,0,1,1,2,1,23,5,2204,2,8,-1,1,-1
2015300015117,1,9,0,18,0,2,0,0,0,0,1,1,6,1,73,10,2497,1,11,-1,1,-1
2015300015117,2,1,0,18,0,1,0,0,0,0,1,1,6,1,14,3,-1,-1,-1,-1,-1,-1
2015300015125,1,9,0,11,0,1,0,0,0,0,4,1,6,2,46,8,1398,1,2,-1,1,-1
2015300015125,2,9,0,3,0,1,0,0,0,0,3,1,6,1,30,6,1997,2,8,-1,1,-1
2015300015128,1,3,0,16,0,1,0,0,0,0,4,1,6,1,66,10,599,1,5,-1,1,-1
2015300015128,2,9,0,5,0,6,0,0,0,0,1,1,6,1,36,7,1598,2,3,-1,3,-1
2015300015133,1,21,4,5,0,0,0,0,0,0,1,2,1,1,-1,-1,-1,-1,-1,-1,-1,-1
2015300015133,2,9,0,3,0,0,0,0,0,0,2,1,6,1,57,9,1796,1,12,-1,1,-1
2015300015133,3,9,0,3,0,0,0,0,0,0,2,1,6,2,51,8,1360,1,6,-1,1,-1
2015300015134,1,9,0,9,0,6,0,0,0,0,3,1,6,1,78,11,1242,1,15,-1,1,-1
2015300015134,2,19,0,18,0,1,0,0,0,0,1,1,1,1,34,6,1560,2,-1,-1,3,-1
2015300015135,1,9,0,9,0,5,0,0,0,0,3,1,6,1,60,9,2497,2,9,-1,1,-1
2015300015135,2,9,0,13,0,8,0,0,0,0,1,1,1,1,34,6,1968,2,3,-1,2,-1
2015300015136,1,9,0,9,0,8,0,0,0,0,1,1,6,1,-1,-1,1390,1,12,-1,-1,-1
2015300015136,2,9,0,18,0,8,0,0,0,0,1,1,6,1,54,8,1998,2,11,-1,1,-1
2015300015136,3,9,0,10,0,1,0,0,0,0,1,1,6,1,57,9,2946,1,15,-1,1,-1
2015300015138,1,19,0,18,0,8,0,0,1,10,3,1,6,1,69,10,1998,2,9,-1,1,-1
2015300015138,2,9,0,18,0,8,0,0,0,0,4,1,6,2,46,8,1242,1,17,-1,2,-1
2015300015139,1,9,0,10,0,8,0,0,0,0,3,1,2,1,44,7,2000,1,10,-1,1,-1
2015300015139,2,9,0,9,0,6,0,0,0,0,1,1,6,2,67,10,1397,1,4,-1,1,-1
2015300015144,1,9,0,18,0,0,1,7,0,0,1,1,1,1,63,9,2993,2,5,-1,1,-1
2015300015146,1,9,0,10,0,1,0,0,0,0,2,1,1,2,49,8,2198,1,15,-1,-1,-1
2015300015146,2,1,0,18,0,1,0,0,0,0,1,1,3,2,32,6,-1,-1,-1,-1,-1,-1
2015300015148,1,21,1,11,0,0,1,0,0,0,4,1,1,1,32,6,12900,2,6,-1,-1,-1
2015300015148,2,9,0,18,0,0,0,0,0,0,3,1,6,1,47,8,1686,2,5,-1,2,-1
2015300015149,1,21,1,12,0,0,1,0,0,0,3,1,1,1,52,8,12902,2,-1,-1,1,-1
2015300015149,2,9,0,18,0,0,0,0,0,0,4,1,1,2,35,6,1598,2,1,-1,1,-1
2015300015150,1,8,0,5,0,0,0,0,0,0,2,1,1,1,32,6,1968,2,9,-1,1,-1
2015300015152,1,3,0,18,0,0,0,0,0,0,1,1,2,1,29,6,124,1,-1,-1,1,-1
2015300015152,2,9,0,3,0,0,0,0,0,0,3,1,6,1,42,7,1598,1,12,-1,1,-1
2015300015154,1,2,0,9,0,2,0,0,0,0,2,1,6,1,21,5,49,1,13,-1,3,-1
2015300015154,2,9,0,9,0,2,0,0,0,0,1,1,6,1,51,8,1388,1,16,-1,1,-1
2015300015156,1,9,0,16,0,0,0,0,0,0,1,1,6,1,17,4,1198,1,12,-1,1,-1
2015300015156,2,9,0,17,0,0,0,0,0,0,1,1,6,1,28,6,1587,1,13,-1,1,-1
2015300015157,1,9,0,4,0,0,0,0,0,0,1,1,6,1,24,5,1390,1,1,-1,-1,-1
2015300015159,1,9,0,9,0,6,0,0,0,0,3,1,6,1,55,8,1997,2,5,-1,3,-1
2015300015159,2,5,0,13,0,8,1,0,0,0,1,1,6,1,51,8,649,1,8,-1,3,-1
2015300015159,3,90,0,3,0,1,0,0,0,0,0,1,6,3,-1,-1,-1,-1,-1,-1,-1,-1
2015300015164,1,9,0,18,0,0,0,0,0,0,1,1,6,2,18,4,1242,1,2,-1,2,-1
2015300015164,2,9,0,18,0,0,0,0,1,0,1,1,1,2,31,6,1560,2,4,-1,1,-1
2015300015164,3,9,0,4,0,0,0,0,0,0,2,1,1,2,37,7,1999,1,9,-1,1,-1
2015300015166,1,9,0,18,0,3,1,10,1,2,3,1,6,1,18,4,999,1,14,-1,1,-1
2015300015168,1,9,0,18,0,8,0,0,0,0,1,1,6,1,55,8,1560,2,7,-1,-1,-1
2015300015168,2,9,3,18,0,8,0,0,0,0,1,1,6,1,40,7,1896,2,11,-1,1,-1
2015300015169,1,9,0,18,0,1,0,0,0,0,1,1,6,2,55,8,2400,2,4,-1,1,-1
2015300015169,2,9,0,3,0,1,0,0,0,0,2,1,6,1,62,9,1560,2,5,-1,1,-1
2015300015169,3,9,0,8,0,1,0,0,0,0,2,1,6,1,-1,-1,1968,2,3,-1,1,-1
2015300015171,1,9,0,18,0,4,0,0,0,0,1,1,6,1,-1,-1,1956,2,3,-1,-1,-1
2015300015171,2,9,0,5,0,4,0,0,0,0,2,1,1,1,40,7,1598,1,5,-1,1,-1
2015300015177,1,5,0,13,0,1,2,10,7,10,1,1,6,1,52,8,600,1,15,-1,1,-1
2015300015177,2,5,0,18,0,1,2,0,0,0,1,1,6,1,35,6,1043,1,3,-1,2,-1
2015300015177,3,17,5,9,0,5,0,0,0,0,2,1,1,1,67,10,-1,2,32,-1,3,-1
2015300015178,1,90,0,9,0,6,0,0,0,0,3,1,1,1,65,9,-1,-1,-1,-1,2,-1
2015300015178,2,9,0,18,0,8,0,0,0,0,3,1,6,2,-1,-1,1796,1,6,-1,-1,-1
2015300015182,1,9,0,12,0,3,0,0,0,0,0,1,6,3,-1,-1,1998,2,9,-1,-1,-1
2015300015182,2,9,0,18,0,3,0,0,0,0,2,1,6,2,43,7,1995,2,12,-1,1,-1
2015300015182,3,9,0,18,0,3,0,0,0,0,1,1,2,2,20,4,1149,1,13,-1,1,-1
2015300015187,1,21,0,11,0,0,0,0,0,0,4,1,1,1,34,6,6700,2,-1,-1,1,-1
2015300015187,2,9,0,18,0,0,1,0,5,6,3,1,6,2,59,9,1389,1,12,-1,-1,-1
2015300015194,1,11,0,4,0,0,0,0,0,0,0,1,1,1,65,9,4250,2,6,-1,1,-1
2015300015194,2,19,0,4,0,0,0,0,0,0,0,1,6,3,-1,-1,-1,-1,-1,-1,-1,-1
2015300015195,1,9,0,14,0,0,0,0,0,0,3,1,2,1,23,5,1364,1,5,-1,2,-1
2015300015195,2,9,0,18,0,0,0,0,0,0,3,1,6,1,24,5,1240,1,8,-1,3,-1
2015300015195,3,90,0,2,0,0,0,0,0,0,0,1,6,3,-1,-1,-1,-1,-1,-1,-1,-1
2015300015198,1,9,0,18,0,4,0,0,0,0,1,1,2,1,40,7,1560,2,3,-1,1,-1
2015300015198,2,1,0,9,0,8,0,0,0,0,1,1,6,1,25,5,-1,-1,-1,-1,-1,-1
2015300015201,1,9,0,16,0,2,1,0,1,10,3,1,6,1,39,7,1999,1,7,-1,3,-1
2015300015204,1,9,0,9,0,2,0,0,0,0,4,1,6,3,-1,-1,-1,-1,-1,-1,-1,-1
2015300015205,1,9,0,18,0,2,0,0,0,0,3,1,6,1,77,11,1596,1,-1,-1,-1,-1
2015300015206,1,9,0,9,0,2,0,0,0,0,1,1,6,2,20,4,1299,1,11,-1,1,-1
2015300015206,2,9,0,18,0,8,0,0,7,10,1,1,2,2,20,4,1124,1,10,-1,1,-1
2015300015207,1,9,0,7,0,2,0,0,0,0,1,1,6,1,44,7,1596,1,17,-1,-1,-1
2015300015207,2,9,0,4,0,1,0,0,0,0,1,1,6,1,28,6,1587,1,10,-1,1,-1
2015300015210,1,9,0,9,0,4,0,0,0,0,1,1,6,1,33,6,2295,1,12,-1,1,-1
2015300015210,2,9,0,9,0,8,0,0,0,0,4,1,1,1,32,6,-1,-1,-1,-1,-1,-1
2015300015212,1,90,5,18,0,8,0,0,0,0,1,1,6,1,76,11,-1,-1,-1,-1,-1,-1
2015300015212,2,1,0,18,0,1,0,0,0,0,1,1,6,1,-1,-1,-1,-1,-1,-1,-1,-1
2015300015216,1,11,0,18,0,0,0,0,0,0,0,1,1,1,50,8,-1,-1,-1,-1,2,-1
2015300015218,1,11,0,18,0,0,0,0,0,0,4,1,1,1,53,8,7300,2,6,-1,1,-1
2015300015219,1,9,0,17,0,0,1,0,1,4,3,1,6,1,21,5,1200,1,3,-1,2,-1
2015300015223,1,9,0,18,0,0,0,0,0,0,1,1,6,2,27,6,1870,2,10,-1,1,-1
2015300015229,1,9,0,7,0,4,0,0,0,0,0,1,6,3,-1,-1,-1,-1,-1,-1,-1,-1
2015300015229,2,1,0,18,0,4,1,0,0,0,0,1,2,1,29,6,-1,-1,-1,-1,-1,-1
2015300015230,1,9,0,7,0,8,0,0,0,0,4,1,6,2,-1,-1,1600,2,4,-1,-1,-1
2015300015230,2,9,0,4,0,8,0,0,0,0,1,1,1,2,-1,-1,1197,1,-1,-1,1,-1
2015300015232,1,1,0,18,0,2,5,10,0,0,0,1,2,1,24,5,-1,-1,-1,-1,1,-1
2015300015232,2,9,0,13,0,2,0,0,0,0,0,1,6,3,-1,-1,-1,-1,-1,-1,-1,-1
2015300015235,1,9,0,9,0,8,0,0,0,0,3,1,6,1,-1,-1,1229,1,2,-1,-1,-1
2015300015235,2,9,0,10,0,1,0,0,0,0,3,1,6,1,34,6,1149,1,13,-1,-1,-1
2015300015238,1,9,0,18,0,0,0,0,0,0,1,1,6,2,23,5,1986,2,10,-1,3,-1
2015300015240,1,9,0,15,0,0,0,0,0,0,4,1,1,1,62,9,-1,-1,-1,-1,3,-1
2015300015240,2,1,0,18,0,0,0,0,0,0,3,1,6,1,31,6,-1,-1,-1,-1,2,-1
2015300015244,1,9,0,9,0,8,0,0,0,0,3,1,6,2,28,6,2179,2,1,-1,2,-1
2015300015244,2,3,0,18,0,8,0,0,0,0,1,1,6,1,18,4,125,1,-1,-1,2,-1
2015300015245,1,9,0,4,0,0,1,0,0,0,1,1,6,1,19,4,1242,1,12,-1,1,-1
2015300015245,2,9,0,18,0,0,0,0,0,0,2,1,6,2,57,9,1870,2,13,-1,3,-1