Accident_Index,Vehicle_Reference,Vehicle_Type,Towing_and_Articulation,Vehicle_Manoeuvre,Vehicle_Location-Restricted_Lane,Junction_Location,Skidding_and_Overturning,Hit_Object_in_Carriageway,Vehicle_Leaving_Carriageway,Hit_Object_off_Carriageway,1st_Point_of_Impact,Was_Vehicle_Left_Hand_Drive?,Journey_Purpose_of_Driver,Sex_of_Driver,Age_of_Driver,Age_Band_of_Driver,Engine_Capacity_(CC),Propulsion_Code,Age_of_Vehicle,Driver_IMD_Decile,Driver_Home_Area_Type,Vehicle_IMD_Decile
2015300015962,1,9,0,9,0,8,0,0,0,0,0,1,6,2,30,6,1396,1,2,-1,1,-1
2015300015962,2,3,0,18,0,8,2,0,0,0,0,1,6,1,22,5,124,1,3,-1,1,-1
2015300015963,1,21,1,17,0,8,0,0,0,0,3,2,1,1,44,7,-1,-1,-1,-1,-1,-1
2015300015963,2,9,0,9,0,3,0,0,0,0,4,1,6,2,54,8,2776,2,10,-1,1,-1
2015300015966,1,9,0,13,0,0,0,0,0,0,4,1,6,2,36,7,1598,1,10,-1,1,-1
2015300015966,2,21,1,17,0,0,0,0,0,0,3,1,1,1,44,7,12809,2,1,-1,3,-1
2015300015966,3,20,0,16,0,0,0,0,0,0,3,1,1,1,39,7,-1,-1,-1,-1,-1,-1
2015300015968,1,9,4,18,0,0,0,0,0,0,1,1,1,1,24,5,-1,-1,-1,-1,3,-1
2015300015969,1,9,0,9,0,5,0,0,0,0,1,1,6,2,-1,-1,1364,2,2,-1,1,-1
2015300015969,2,9,0,18,0,8,0,0,0,0,1,1,2,2,23,5,1596,1,9,-1,-1,-1
2015300015976,1,9,0,18,0,0,0,0,0,0,1,1,6,1,28,6,1990,1,17,-1,1,-1
2015300015977,1,9,0,18,0,0,0,0,0,0,3,1,1,1,25,5,-1,-1,-1,-1,1,-1
2015300015978,1,9,0,5,0,6,0,0,0,0,1,1,6,1,48,8,1242,1,7,-1,1,-1
2015300015978,2,9,0,18,0,1,0,0,0,0,1,1,6,2,32,6,1598,2,3,-1,1,-1
2015300015978,3,9,0,10,0,8,0,0,0,0,1,1,6,2,39,7,1910,2,10,-1,3,-1
2015300015979,1,9,0,13,0,8,0,0,7,0,4,1,2,2,53,8,1598,2,2,-1,2,-1
2015300015979,2,90,0,9,0,5,0,0,0,0,3,1,1,1,74,10,-1,-1,-1,-1,1,-1
2015300015980,1,9,0,1,0,0,0,0,0,0,2,1,6,1,-1,-1,-1,-1,-1,-1,-1,-1
2015300015985,1,9,0,9,0,5,0,0,0,0,1,1,6,1,58,9,2499,2,13,-1,1,-1
2015300015985,2,9,0,18,0,8,0,0,0,0,1,1,6,1,78,11,1343,1,15,-1,3,-1
2015300015988,1,9,0,9,0,8,0,0,0,0,4,1,6,1,81,11,1998,1,17,-1,1,-1
2015300015988,2,5,0,18,0,8,5,0,0,0,1,1,6,2,51,8,865,1,4,-1,1,-1
2015300015991,1,9,0,1,0,0,0,0,1,10,2,1,6,2,33,6,1870,2,12,-1,1,-1
2015300016001,1,9,0,18,0,1,0,0,0,0,4,1,6,2,34,6,1598,1,1,-1,1,-1
2015300016001,2,9,0,5,8,1,0,0,0,0,3,1,6,1,-1,-1,1900,2,9,-1,-1,-1
2015300016003,1,9,0,4,0,0,0,0,0,0,2,1,6,1,19,4,1199,1,14,-1,1,-1
2015300016003,2,9,0,18,0,0,0,0,0,0,2,1,6,1,47,8,1997,2,7,-1,1,-1
2015300016003,3,9,0,18,0,0,0,0,0,0,1,1,6,2,54,8,1968,2,-1,-1,1,-1
2015300016004,1,9,0,18,0,1,0,0,0,0,3,1,6,1,30,6,1799,1,7,-1,1,-1
2015300016004,2,9,0,7,0,6,0,0,0,0,1,1,6,2,64,9,1999,1,4,-1,1,-1
2015300016005,1,9,0,4,0,0,0,0,0,0,2,1,6,2,68,10,1198,1,3,-1,-1,-1
2015300016005,2,9,0,18,0,0,0,0,0,0,1,1,6,1,17,4,1000,1,15,-1,-1,-1
2015300016007,1,9,0,5,0,6,5,0,3,0,2,1,1,1,41,7,1390,1,19,-1,1,-1
2015300016007,2,20,0,18,0,8,1,0,0,0,1,1,1,1,50,8,3920,2,10,-1,1,-1
2015300016008,1,9,0,9,0,6,0,0,0,0,3,1,6,1,68,10,1796,1,5,-1,1,-1
2015300016008,2,5,0,18,0,8,2,0,1,9,1,1,6,1,36,7,1000,1,5,-1,3,-1
2015300016009,1,5,0,14,0,0,5,0,0,0,1,1,2,2,37,7,645,1,14,-1,2,-1
2015300016009,2,19,0,3,0,0,0,0,0,0,0,1,6,3,-1,-1,-1,-1,-1,-1,-1,-1
2015300016010,1,9,0,17,0,0,0,0,0,0,1,1,2,2,51,8,1596,1,2,-1,3,-1
2015300016010,2,9,0,16,0,0,0,0,0,0,1,1,6,2,76,11,-1,-1,-1,-1,1,-1
2015300016018,1,5,0,16,0,0,0,0,1,0,1,1,6,1,44,7,1340,1,3,-1,1,-1
2015300016018,2,9,0,17,0,0,0,7,1,10,1,1,6,1,46,8,1896,2,13,-1,1,-1
2015300016019,1,11,0,18,0,0,0,0,0,0,3,1,6,3,-1,-1,-1,-1,-1,-1,-1,-1
2015300016019,2,5,0,3,0,0,0,0,0,0,3,1,6,1,58,9,649,1,-1,-1,1,-1
2015300016022,1,9,0,7,0,0,0,0,0,0,3,1,6,1,73,10,2500,2,11,-1,2,-1
2015300016022,2,9,0,18,0,0,0,0,0,0,1,1,6,1,20,4,2199,2,5,-1,2,-1
2015300016023,1,9,0,18,0,1,0,0,0,0,3,1,6,1,31,6,1242,1,7,-1,2,-1
2015300016024,1,9,0,13,0,1,0,0,0,0,1,1,6,1,18,4,1896,2,9,-1,1,-1
2015300016024,2,1,0,14,0,1,0,0,0,0,3,1,6,1,23,5,-1,-1,-1,-1,-1,-1
2015300016024,3,90,0,2,0,1,0,0,0,0,0,1,6,3,-1,-1,-1,-1,-1,-1,-1,-1
2015300016025,1,9,0,9,0,2,0,0,0,0,1,1,1,1,-1,-1,1598,1,7,-1,-1,-1
2015300016025,2,9,0,3,0,2,0,0,0,0,2,1,2,2,29,6,1349,1,5,-1,1,-1
2015300016030,1,1,0,13,0,1,0,0,0,0,4,1,4,1,12,3,-1,-1,-1,-1,1,-1
2015300016030,2,11,0,5,8,1,0,0,0,0,3,1,3,1,49,8,9600,2,15,-1,-1,-1
2015300016030,3,90,0,13,0,1,0,0,0,0,4,1,6,3,-1,-1,-1,-1,-1,-1,-1,-1
2015300016033,1,9,0,18,0,8,0,0,0,0,3,1,6,2,39,7,1896,2,11,-1,1,-1
2015300016033,2,9,0,18,0,3,0,0,0,0,1,1,1,1,46,8,1968,2,3,-1,-1,-1
2015300016033,3,9,0,18,0,3,0,0,0,0,2,1,1,1,36,7,1968,2,4,-1,3,-1
2015300016033,4,5,0,18,0,3,0,0,0,0,3,1,2,1,64,9,1137,1,13,-1,1,-1
2015300016034,1,9,0,9,0,2,0,0,0,0,3,1,6,1,55,8,1896,2,10,-1,1,-1
2015300016035,1,8,0,13,0,0,0,0,0,0,4,1,1,1,46,8,1995,2,9,-1,1,-1
2015300016035,2,1,0,18,0,0,0,0,1,0,2,1,2,1,46,8,-1,-1,-1,-1,-1,-1
2015300016039,1,9,0,4,0,3,0,0,0,0,1,1,6,1,24,5,998,1,12,-1,1,-1
2015300016039,2,9,0,4,0,3,0,0,0,0,2,1,6,2,60,9,1910,2,10,-1,1,-1
2015300016040,1,9,0,3,0,0,0,0,0,0,2,1,6,2,28,6,998,1,8,-1,1,-1
2015300016040,2,9,0,4,0,0,0,0,0,0,1,1,6,1,21,5,1229,1,8,-1,1,-1
2015300016041,1,9,0,18,0,3,0,4,0,0,1,1,2,2,39,7,1596,1,2,-1,1,-1
2015300016041,2,19,0,2,0,2,0,0,0,0,2,1,1,1,43,7,1248,2,4,-1,-1,-1
2015300016042,1,9,0,9,0,8,0,0,0,0,1,1,2,1,42,7,1600,2,5,-1,1,-1
2015300016042,2,4,0,18,0,1,0,0,0,0,1,1,2,1,21,5,124,1,8,-1,-1,-1
2015300016045,1,9,0,9,0,5,0,0,0,0,4,1,2,1,85,11,1596,1,4,-1,1,-1
2015300016045,2,3,0,18,0,8,0,0,0,0,1,1,6,2,-1,-1,124,1,2,-1,1,-1
2015300016047,1,9,0,13,0,0,0,0,7,0,1,1,6,1,-1,-1,1587,1,15,-1,1,-1
2015300016047,2,9,0,18,0,0,0,0,0,0,3,1,6,1,30,6,1796,1,6,-1,1,-1
2015300016051,1,9,0,5,0,6,0,0,0,0,1,1,3,2,30,6,1598,1,2,-1,1,-1
2015300016051,2,9,0,18,0,8,0,0,0,0,3,1,2,2,31,6,1299,1,7,-1,1,-1
2015300016052,1,2,0,12,0,7,0,0,0,0,4,1,2,1,16,4,49,1,7,-1,-1,-1
2015300016052,2,9,0,12,0,7,0,0,0,0,3,1,2,1,19,4,1248,2,11,-1,-1,-1
2015300016055,1,9,0,17,0,0,5,0,1,10,4,1,6,2,18,4,1360,1,15,-1,1,-1
2015300016057,1,9,0,9,0,6,0,0,0,0,3,1,6,1,36,7,1596,1,14,-1,1,-1
2015300016057,2,1,0,18,0,8,0,0,0,0,1,1,2,1,41,7,-1,-1,-1,-1,-1,-1
2015300016067,1,9,0,18,0,0,0,0,0,0,1,1,6,2,19,4,1149,1,3,-1,1,-1
2015300016067,2,9,0,3,0,0,0,0,0,0,2,1,1,2,48,8,1968,2,2,-1,3,-1
2015300016068,1,9,0,18,0,0,1,0,1,1,4,1,1,2,61,9,1340,1,12,-1,2,-1
2015300016068,2,2,0,18,0,0,5,0,1,0,1,1,2,1,23,5,49,1,5,-1,1,-1
2015300016069,1,9,0,9,0,5,0,0,0,0,1,1,6,1,29,6,1598,1,12,-1,-1,-1
2015300016069,2,9,0,18,0,8,0,0,0,0,1,1,6,2,45,7,1992,2,8,-1,1,-1
2015300016070,1,9,0,18,0,0,0,4,0,0,1,1,6,1,69,10,2995,1,-1,-1,-1,-1
2015300016070,2,9,0,2,0,0,0,0,0,0,2,1,6,2,52,8,1242,1,5,-1,1,-1
2015300016070,3,9,0,2,0,0,0,0,0,0,2,1,6,2,46,8,1984,2,1,-1,3,-1
2015300016071,1,9,0,1,0,0,0,0,0,0,2,1,6,1,-1,-1,-1,-1,-1,-1,-1,-1
2015300016072,1,9,0,18,0,0,2,0,0,0,0,1,6,1,20,4,1124,1,15,-1,-1,-1
2015300016074,1,9,0,9,0,0,0,0,0,0,3,1,6,2,-1,-1,1398,2,6,-1,3,-1
2015300016074,2,1,0,13,0,0,0,0,0,0,4,1,6,1,43,7,-1,-1,-1,-1,2,-1
2015300016077,1,9,0,5,0,4,0,0,0,0,2,1,6,1,46,8,2993,2,4,-1,1,-1
2015300016077,2,9,0,5,0,1,0,0,0,0,1,1,6,1,77,11,1598,1,13,-1,1,-1
2015300016080,1,9,0,9,9,2,2,11,1,2,1,1,6,1,18,4,1149,1,14,-1,1,-1
2015300016080,2,9,0,2,9,2,0,0,0,0,4,1,6,1,76,11,1396,2,1,-1,-1,-1
2015300016081,1,9,0,3,0,1,0,0,0,0,2,1,6,1,69,10,1461,2,1,-1,1,-1
2015300016081,2,9,0,4,0,1,0,0,0,0,1,1,1,1,55,8,1797,8,1,-1,3,-1
2015300016083,1,9,0,2,0,1,0,0,0,0,3,1,6,3,-1,-1,1599,1,11,-1,-1,-1
2015300016083,2,9,0,2,0,1,0,0,0,0,3,1,6,3,-1,-1,1783,1,14,-1,-1,-1
2015300016083,3,9,0,17,0,1,0,10,1,10,4,1,6,1,34,6,1598,1,11,-1,1,-1
2015300016086,1,5,0,18,0,1,1,0,0,0,0,1,2,1,58,9,599,1,14,-1,1,-1
2015300016086,2,19,0,10,0,1,0,0,0,0,0,1,6,1,27,6,1560,2,2,-1,2,-1
2015300016088,1,9,0,16,0,0,0,0,0,0,1,1,6,1,-1,-1,1986,2,7,-1,3,-1
2015300016088,2,9,0,2,0,0,0,0,0,0,2,1,6,2,23,5,998,1,17,-1,1,-1
2015300016090,1,9,0,18,0,0,0,0,0,0,1,1,6,2,45,7,1596,1,11,-1,-1,-1
2015300016090,2,9,0,18,0,0,0,0,0,0,1,1,6,1,20,4,1229,1,1,-1,-1,-1
2015300016091,1,9,0,13,0,0,0,0,0,0,0,1,6,2,56,9,1595,1,6,-1,3,-1
2015300016091,2,9,0,18,0,0,1,0,1,9,2,1,6,2,56,9,1598,2,1,-1,3,-1
2015300016091,3,9,0,18,0,0,1,0,0,0,1,1,6,1,22,5,1598,1,4,-1,1,-1
2015300016091,4,90,0,18,0,0,0,0,0,0,0,1,6,3,-1,-1,-1,-1,-1,-1,-1,-1
2015300016092,1,9,0,18,0,1,0,11,0,0,1,1,6,2,21,5,1229,1,6,-1,1,-1
2015300016092,2,1,0,18,0,8,0,11,0,0,1,1,6,2,9,2,-1,-1,-1,-1,-1,-1
2015300016093,1,5,0,7,0,5,1,0,0,0,1,1,6,1,61,9,1340,1,18,-1,1,-1
2015300016093,2,9,0,7,0,1,0,0,0,0,3,1,6,2,44,7,1399,2,6,-1,3,-1
2015300016094,1,1,0,18,0,1,0,0,0,0,1,1,6,1,15,3,-1,-1,-1,-1,-1,-1
2015300016094,2,9,0,18,0,1,0,0,0,0,3,1,6,1,26,6,1398,1,4,-1,1,-1
2015300016095,1,9,0,5,0,6,0,0,0,0,3,1,6,1,35,6,1598,1,11,-1,1,-1
2015300016095,2,9,0,18,0,8,0,0,0,0,4,1,6,1,53,8,1461,2,2,-1,1,-1
2015300016096,1,9,0,17,0,0,0,0,0,0,1,1,6,2,80,11,1339,1,7,-1,1,-1
2015300016100,1,9,0,14,0,0,0,0,0,0,1,1,6,2,64,9,1997,1,13,-1,1,-1
2015300016100,2,11,0,18,0,0,0,0,0,0,1,1,1,1,28,6,6871,2,7,-1,-1,-1
2015300016100,3,90,0,2,0,0,0,0,0,0,0,1,6,3,-1,-1,-1,-1,-1,-1,-1,-1
2015300016102,1,9,0,4,0,1,0,0,0,0,1,1,6,1,-1,-1,1364,1,10,-1,1,-1
2015300016102,2,9,0,4,0,1,0,0,0,0,2,1,6,2,29,6,1997,1,10,-1,1,-1
2015300016104,1,9,0,18,0,1,0,0,0,0,1,1,6,1,80,11,2179,2,6,-1,1,-1
2015300016104,2,9,0,10,0,1,0,0,0,0,2,1,6,1,55,8,1998,2,13,-1,1,-1
2015300016105,1,1,0,18,0,0,0,4,0,0,1,1,6,2,16,4,-1,-1,-1,-1,2,-1
2015300016105,2,9,0,2,0,0,0,0,0,0,4,1,6,1,51,8,1996,1,13,-1,2,-1
2015300016107,1,9,0,18,0,0,0,0,0,0,1,1,6,1,43,7,1997,2,10,-1,1,-1
2015300016107,2,9,0,4,0,0,0,0,0,0,3,1,6,2,43,7,1598,1,2,-1,1,-1
2015300016107,3,9,0,4,0,0,0,0,0,0,1,1,1,1,65,9,1988,2,11,-1,1,-1
2015300016109,1,1,0,18,4,8,0,0,0,0,4,1,2,1,22,5,-1,-1,-1,-1,3,-1
2015300016109,2,9,0,9,0,6,1,0,0,0,1,1,2,1,45,7,1560,2,7,-1,2,-1
2015300016110,1,9,0,18,0,0,1,0,2,6,1,1,6,2,36,7,1364,1,9,-1,1,-1
2015300016113,1,9,0,18,0,0,0,0,0,0,1,1,6,1,18,4,1388,1,12,-1,-1,-1
2015300016113,2,9,0,18,0,0,0,0,0,0,1,1,1,1,50,8,-1,-1,-1,-1,-1,-1
2015300016115,1,19,0,9,0,6,1,0,0,0,3,1,1,1,20,4,1598,2,-1,-1,1,-1
2015300016115,2,9,0,18,0,8,1,0,0,0,1,1,6,1,23,5,998,1,16,-1,1,-1
2015300016118,1,9,0,18,0,0,0,4,0,0,3,1,1,1,67,10,1598,1,16,-1,3,-1
2015300016118,2,9,0,2,0,0,0,0,0,0,3,1,6,1,45,7,1495,1,15,-1,1,-1
2015300016118,3,19,0,18,0,0,0,0,0,0,1,1,1,1,55,8,1560,2,1,-1,1,-1
2015300016118,4,9,0,3,0,0,0,0,0,0,2,1,6,1,77,11,1399,2,7,-1,1,-1
2015300016119,1,9,0,4,0,0,0,0,0,0,1,1,6,1,42,7,1896,2,14,-1,1,-1
2015300016119,2,9,0,4,0,0,0,0,0,0,2,1,6,2,48,8,1388,1,5,-1,1,-1
2015300016119,3,90,0,4,0,0,0,0,0,0,2,1,6,3,-1,-1,-1,-1,-1,-1,-1,-1
2015300016121,1,9,0,9,0,6,0,0,0,0,4,1,6,2,76,11,1339,1,4,-1,1,-1
2015300016121,2,9,0,18,0,8,0,0,0,0,1,1,2,2,32,6,1998,1,10,-1,-1,-1
2015300016121,3,9,0,3,0,1,0,0,0,0,1,1,1,1,35,6,1896,2,9,-1,1,-1
2015300016122,1,9,0,9,0,2,0,0,0,0,1,1,6,2,56,9,2993,2,4,-1,1,-1
2015300016122,2,1,0,9,0,1,0,0,0,0,3,1,2,1,49,8,-1,-1,-1,-1,1,-1
2015300016124,1,9,0,9,0,6,0,0,0,0,0,1,6,1,77,11,1124,1,18,-1,1,-1
2015300016124,2,3,0,18,0,1,0,0,0,0,0,1,6,1,27,6,125,1,-1,-1,1,-1
2015300016126,1,9,0,18,0,1,2,0,1,10,2,1,6,1,-1,-1,998,1,9,-1,1,-1
2015300016129,1,9,0,16,0,0,1,0,1,1,1,1,2,1,22,5,1389,1,11,-1,-1,-1
2015300016130,1,9,0,17,0,0,1,0,0,0,3,1,2,1,22,5,1900,2,17,-1,-1,-1
2015300016130,2,9,0,18,0,0,1,0,0,0,1,1,6,1,39,7,-1,-1,-1,-1,-1,-1
2015300016133,1,9,0,4,0,0,2,0,7,10,1,1,6,2,19,4,1149,1,11,-1,1,-1
2015300016134,1,9,0,18,0,1,0,0,0,0,1,1,6,2,24,5,1388,1,15,-1,3,-1
2015300016134,2,9,0,3,0,1,0,0,0,0,2,1,6,2,19,4,1298,1,15,-1,2,-1
2015300016135,1,11,0,18,0,0,0,0,0,0,0,1,6,1,61,9,4250,2,13,-1,1,-1
2015300016141,1,9,0,5,0,6,0,0,0,0,1,1,6,1,33,6,2164,1,20,-1,1,-1
2015300016141,2,1,0,18,0,8,0,0,0,0,4,1,1,1,32,6,-1,-1,-1,-1,1,-1
2015300016143,1,3,0,4,0,0,1,0,0,0,4,1,2,2,24,5,124,1,3,-1,2,-1
2015300016144,1,9,0,18,0,0,1,0,1,1,3,1,6,1,41,7,3999,1,5,-1,1,-1
2015300016146,1,4,0,13,0,0,2,0,0,0,1,1,6,1,18,4,124,1,8,-1,3,-1
2015300016146,2,9,0,12,0,0,0,0,0,0,3,1,2,2,38,7,1796,2,3,-1,2,-1
2015300016146,3,9,0,2,0,0,0,0,0,0,2,1,6,1,41,7,2477,2,11,-1,2,-1
2015300016146,4,9,0,2,0,0,0,0,0,0,1,1,6,1,31,6,1229,1,8,-1,-1,-1
2015300016147,1,9,0,3,0,1,0,0,0,0,2,1,2,1,49,8,998,1,2,-1,1,-1
2015300016147,2,3,0,4,0,1,1,0,0,0,1,1,2,1,18,4,125,1,-1,-1,1,-1
2015300016148,1,9,0,14,0,0,0,0,0,0,1,1,6,1,86,11,1984,1,17,-1,1,-1
2015300016148,2,9,0,2,0,0,0,0,0,0,2,1,6,1,54,8,2979,1,14,-1,1,-1
2015300016149,1,11,0,5,0,1,0,0,0,0,1,1,1,1,46,8,1045,2,38,-1,1,-1
2015300016149,2,90,0,18,0,1,0,0,0,0,1,1,6,2,38,7,-1,-1,-1,-1,2,-1
2015300016151,1,9,0,1,0,6,0,0,0,0,2,1,2,1,43,7,-1,-1,-1,-1,1,-1
2015300016151,2,1,0,16,0,8,0,0,0,0,1,1,6,1,39,7,-1,-1,-1,-1,2,-1
2015300016155,1,9,0,18,0,0,0,0,4,0,1,1,6,1,56,9,1997,2,-1,-1,1,-1
2015300016167,1,9,0,17,0,0,1,0,0,0,1,1,6,1,19,4,1199,1,16,-1,1,-1
2015300016167,2,20,0,16,0,0,0,0,1,0,3,1,1,1,55,8,-1,-1,-1,-1,2,-1
2015300016169,1,90,0,18,0,0,0,0,0,0,4,1,6,3,-1,-1,-1,-1,-1,-1,-1,-1
2015300016170,1,9,0,5,0,6,0,0,0,0,3,1,1,1,26,6,1753,2,7,-1,-1,-1
2015300016170,2,1,0,18,0,1,0,0,0,0,1,1,2,1,36,7,-1,-1,-1,-1,-1,-1
2015300016179,1,9,0,18,0,0,0,4,0,0,1,1,6,2,80,11,1388,1,11,-1,3,-1
2015300016179,2,90,0,2,0,0,0,0,0,0,2,1,6,3,-1,-1,-1,-1,-1,-1,1,-1
2015300016179,3,90,0,2,0,0,0,0,0,0,2,1,6,3,-1,-1,-1,-1,-1,-1,1,-1
2015300016183,1,9,0,18,0,0,0,0,0,0,1,1,2,2,22,5,1598,1,11,-1,2,-1
2015300016183,2,9,0,18,0,0,0,0,0,0,2,1,2,1,-1,-1,998,1,1,-1,2,-1
2015300016183,3,9,0,18,0,0,0,0,0,0,3,1,6,1,-1,-1,2497,1,14,-1,1,-1
2015300016189,1,9,0,4,0,0,0,0,0,0,2,1,6,2,19,4,1364,1,6,-1,1,-1
2015300016189,2,19,0,18,0,0,0,0,0,0,1,1,1,1,25,5,2198,2,-1,-1,1,-1
2015300016189,3,9,0,18,0,0,0,0,0,0,1,1,2,2,-1,-1,1997,2,6,-1,1,-1
2015300016194,1,9,0,18,0,1,0,0,0,0,1,1,6,2,-1,-1,1596,1,1,-1,3,-1
2015300016194,2,9,0,18,0,1,0,0,0,0,2,1,6,2,38,7,2198,1,11,-1,1,-1
2015300016196,1,4,0,18,0,0,0,4,0,0,1,1,6,1,62,9,125,1,8,-1,2,-1
2015300016196,2,9,0,2,0,0,0,0,0,0,2,1,6,2,60,9,1422,2,12,-1,2,-1
2015300016198,1,21,1,11,0,0,0,0,0,0,1,1,1,1,31,6,12809,2,-1,-1,1,-1
2015300016198,2,9,0,18,0,0,0,0,0,0,2,1,6,2,60,9,1798,1,7,-1,1,-1
2015300016201,1,5,0,18,0,1,0,0,0,0,1,1,6,1,20,4,883,1,7,-1,1,-1
2015300016202,1,9,0,4,0,1,0,0,0,0,1,1,6,1,41,7,1560,2,10,-1,2,-1
2015300016202,2,9,0,4,0,1,0,0,0,0,2,1,6,1,40,7,-1,-1,-1,-1,-1,-1
2015300016205,1,9,0,9,0,6,0,0,0,0,3,1,6,2,79,11,1998,1,11,-1,3,-1
2015300016205,2,9,0,18,0,8,0,0,0,0,1,1,6,1,66,10,1968,2,2,-1,1,-1
2015300016206,1,9,0,7,0,8,0,0,0,0,4,1,6,1,-1,-1,1395,1,-1,-1,1,-1
2015300016207,1,8,0,18,0,0,0,0,0,0,1,1,1,1,49,8,1796,1,9,-1,1,-1
2015300016207,2,19,0,18,0,0,0,0,0,0,1,1,2,1,46,8,2198,2,3,-1,1,-1
2015300016212,1,3,0,9,0,6,0,0,0,0,0,1,6,1,-1,-1,-1,-1,-1,-1,-1,-1
2015300016212,2,11,0,5,0,1,0,0,0,0,0,1,6,1,31,6,9000,2,6,-1,1,-1
2015300016213,1,9,0,18,1,8,0,0,0,0,2,1,6,2,21,5,1995,2,7,-1,2,-1
2015300016213,2,9,0,18,0,8,0,0,0,0,1,1,6,2,29,6,1895,1,15,-1,2,-1
2015300016214,1,19,0,18,0,0,0,0,0,0,1,1,6,1,45,7,1995,2,3,-1,1,-1
2015300016214,2,9,0,4,0,0,0,0,0,0,2,1,6,1,52,8,1956,2,1,-1,1,-1
2015300016214,3,19,0,2,0,0,0,0,0,0,2,1,6,1,36,7,1997,2,11,-1,1,-1
2015300016216,1,9,0,4,0,6,2,0,0,0,1,1,6,1,24,5,1988,1,12,-1,1,-1
2015300016216,2,9,0,2,9,8,0,0,0,0,3,1,6,3,-1,-1,1995,2,-1,-1,-1,-1
2015300016216,3,9,0,2,0,8,0,0,0,0,2,1,6,3,-1,-1,2268,2,2,-1,-1,-1
2015300016220,1,9,0,16,0,2,0,0,7,4,1,1,6,1,81,11,1560,2,3,-1,1,-1
2015300016220,2,9,0,17,0,1,0,0,0,0,1,1,2,1,35,6,1975,1,13,-1,1,-1
2015300016224,1,9,0,17,0,1,0,0,1,1,1,1,6,1,27,6,1461,2,5,-1,1,-1
2015300016226,1,9,0,7,0,4,0,0,0,0,3,1,6,2,36,7,1753,2,8,-1,1,-1
2015300016226,2,9,0,18,0,3,0,0,0,0,1,1,6,1,27,6,1896,2,11,-1,1,-1
2015300016229,1,9,0,9,0,8,0,0,0,0,3,1,6,2,51,8,1968,2,-1,-1,-1,-1
2015300016229,2,5,0,18,0,8,0,0,0,0,1,1,6,1,36,7,636,1,10,-1,1,-1
2015300016230,1,9,0,9,0,8,0,0,0,0,3,1,1,1,25,5,1598,2,-1,-1,-1,-1
2015300016230,2,9,0,18,0,3,0,0,1,1,4,1,6,1,21,5,1364,1,7,-1,2,-1
2015300016230,3,9,0,18,0,4,0,0,0,0,3,1,1,1,45,7,1995,2,1,-1,-1,-1
2015300016231,1,9,0,5,0,6,0,0,0,0,1,1,2,2,40,7,1598,2,4,-1,1,-1
2015300016231,2,9,0,18,0,8,0,0,0,0,4,1,6,1,46,8,1997,2,2,-1,1,-1
2015300016232,1,9,0,18,0,1,0,0,0,0,1,1,6,2,49,8,1796,1,14,-1,1,-1
2015300016232,2,9,0,3,0,1,0,0,0,0,2,1,6,1,22,5,-1,-1,-1,-1,1,-1
2015300016235,1,9,0,17,0,0,1,0,7,10,1,1,1,1,40,7,1560,2,3,-1,-1,-1
2015300016237,1,11,0,18,0,1,0,0,0,0,0,1,6,3,-1,-1,-1,-1,-1,-1,-1,-1
2015300016237,2,1,0,18,0,2,0,10,0,0,0,1,6,1,11,3,-1,-1,-1,-1,-1,-1
2015300016238,1,9,0,18,0,0,0,0,0,0,4,1,6,1,22,5,1968,2,9,-1,1,-1
2015300016240,1,9,0,4,0,7,0,0,0,0,2,1,6,2,61,9,1368,1,7,-1,1,-1
2015300016240,2,9,0,18,0,6,0,0,0,0,1,1,2,2,24,5,1368,1,4,-1,1,-1
2015300016241,1,9,0,18,0,0,0,0,7,0,1,1,6,2,47,8,1769,1,11,-1,1,-1
2015300016248,1,5,0,5,0,2,0,0,0,0,3,1,6,1,68,10,800,1,37,-1,1,-1
2015300016248,2,9,0,15,0,2,0,0,0,0,4,1,1,1,50,8,1248,2,2,-1,2,-1
2015300016252,1,1,0,18,0,0,0,0,0,0,1,1,6,1,60,9,-1,-1,-1,-1,-1,-1
2015300016252,2,19,0,4,0,0,0,0,0,0,2,1,1,1,30,6,1598,2,1,-1,1,-1
2015300016254,1,9,0,18,0,7,0,0,0,0,3,1,6,2,18,4,999,1,-1,-1,1,-1
2015300016254,2,21,1,18,0,8,0,0,0,0,4,1,1,1,50,8,12902,2,2,-1,1,-1
2015300016256,1,9,0,7,0,2,0,0,0,0,1,1,2,1,-1,-1,2143,2,1,-1,-1,-1
2015300016261,1,9,0,11,0,8,0,0,0,0,0,1,6,2,18,4,1242,1,1,-1,1,-1
2015300016261,2,9,0,18,0,8,1,10,0,0,4,1,1,1,32,6,-1,-1,-1,-1,1,-1
2015300016262,1,9,0,5,6,0,0,0,0,0,3,1,6,1,46,8,1997,2,2,-1,1,-1
2015300016262,2,9,0,18,0,0,0,0,0,0,1,1,6,1,61,9,2188,2,8,-1,1,-1
2015300016262,3,9,0,2,6,0,0,0,0,0,2,1,6,2,47,8,1984,1,14,-1,1,-1
2015300016264,1,9,0,3,0,1,0,0,0,0,2,1,2,1,52,8,1398,1,3,-1,1,-1