Accident_Index,Vehicle_Reference,Vehicle_Type,Towing_and_Articulation,Vehicle_Manoeuvre,Vehicle_Location-Restricted_Lane,Junction_Location,Skidding_and_Overturning,Hit_Object_in_Carriageway,Vehicle_Leaving_Carriageway,Hit_Object_off_Carriageway,1st_Point_of_Impact,Was_Vehicle_Left_Hand_Drive?,Journey_Purpose_of_Driver,Sex_of_Driver,Age_of_Driver,Age_Band_of_Driver,Engine_Capacity_(CC),Propulsion_Code,Age_of_Vehicle,Driver_IMD_Decile,Driver_Home_Area_Type,Vehicle_IMD_Decile
2015300016264,2,9,0,5,0,1,0,0,0,0,1,1,6,1,72,10,1968,2,-1,-1,1,-1
2015300016267,1,9,0,16,0,0,0,0,0,0,1,1,2,1,26,6,-1,-1,-1,-1,1,-1
2015300016267,2,9,0,17,0,0,0,0,0,0,1,1,6,1,33,6,1910,2,10,-1,1,-1
2015300016268,1,9,0,16,0,0,0,0,0,0,1,1,6,2,24,5,1242,1,4,-1,1,-1
2015300016276,1,9,0,9,0,8,0,0,0,0,1,1,6,1,18,4,999,1,11,-1,1,-1
2015300016276,2,9,0,16,0,8,0,0,0,0,1,1,2,2,25,5,1197,1,-1,-1,1,-1
2015300016278,1,9,0,18,0,3,0,0,0,0,1,1,6,1,26,6,1587,1,9,-1,3,-1
2015300016278,2,9,0,18,0,3,0,0,0,0,2,1,6,1,79,11,1200,1,1,-1,2,-1
2015300016279,1,9,0,5,0,0,0,0,0,0,1,1,6,1,27,6,1870,2,12,-1,-1,-1
2015300016280,1,9,0,15,0,0,0,4,0,0,1,1,6,2,39,7,1995,2,1,-1,1,-1
2015300016280,2,19,0,2,0,0,0,0,0,0,2,1,6,1,60,9,2198,2,9,-1,1,-1
2015300016285,1,11,0,13,0,0,0,0,0,0,4,1,6,1,-1,-1,-1,-1,-1,-1,-1,-1
2015300016285,2,1,0,18,0,0,0,0,0,0,3,1,2,1,23,5,-1,-1,-1,-1,1,-1
2015300016287,1,9,0,17,0,8,0,0,0,0,1,1,6,1,23,5,1390,1,9,-1,1,-1
2015300016287,2,9,0,5,0,6,0,0,0,0,1,1,1,1,57,9,1956,2,2,-1,1,-1
2015300016289,1,9,0,4,0,1,0,0,0,0,2,1,6,1,24,5,1388,1,6,-1,1,-1
2015300016289,2,9,0,4,0,1,0,0,0,0,1,1,6,1,20,4,1198,1,13,-1,3,-1
2015300016290,1,5,0,5,9,8,0,0,0,0,1,1,6,2,58,9,-1,-1,-1,-1,1,-1
2015300016290,2,1,0,18,9,8,5,0,0,0,4,1,6,1,18,4,-1,-1,-1,-1,1,-1
2015300016291,1,9,0,18,0,1,0,0,0,0,1,1,6,1,30,6,1199,1,11,-1,2,-1
2015300016291,2,9,0,9,0,6,0,0,1,0,1,1,6,2,79,11,1596,1,2,-1,1,-1
2015300016291,3,9,0,8,0,1,0,0,0,0,1,1,6,1,36,7,2495,2,11,-1,1,-1
2015300016292,1,2,0,11,0,0,0,7,1,7,1,1,2,1,16,4,49,1,5,-1,2,-1
2015300016294,1,90,0,5,0,6,0,0,0,0,4,1,6,2,-1,-1,-1,-1,-1,-1,-1,-1
2015300016294,2,1,0,16,9,8,0,0,0,0,1,1,6,1,14,3,-1,-1,-1,-1,1,-1
2015300016295,1,9,0,9,0,6,0,0,0,0,1,1,6,2,32,6,1975,1,10,-1,1,-1
2015300016295,2,9,0,18,0,8,0,0,0,0,1,1,6,1,22,5,1360,1,4,-1,1,-1
2015300016297,1,9,0,17,0,0,2,0,1,0,4,1,6,1,32,6,1997,2,17,-1,1,-1
2015300016297,2,9,0,16,0,0,0,0,1,0,1,1,6,1,20,4,1368,1,8,-1,3,-1
2015300016298,1,9,0,16,0,0,0,0,7,10,1,1,6,1,20,4,1275,1,16,-1,1,-1
2015300016303,1,9,0,7,0,8,0,0,0,0,4,1,6,1,87,11,1364,1,10,-1,1,-1
2015300016303,2,11,0,7,0,8,0,0,0,0,3,1,1,1,58,9,9360,2,6,-1,1,-1
2015300016304,1,9,0,3,0,1,0,0,0,0,2,1,6,1,46,8,1499,2,-1,-1,1,-1
2015300016304,2,9,0,3,0,1,0,0,0,0,1,1,6,2,55,8,1360,1,12,-1,1,-1
2015300016307,1,9,0,17,0,0,0,0,0,0,1,1,1,1,20,4,1905,2,17,-1,-1,-1
2015300016307,2,9,0,16,0,0,0,0,0,0,3,1,1,1,44,7,1968,2,3,-1,1,-1
2015300016308,1,9,0,18,0,1,0,0,0,0,2,1,6,3,-1,-1,-1,-1,-1,-1,-1,-1
2015300016308,2,9,0,18,0,1,0,0,0,0,1,1,6,1,-1,-1,1560,2,4,-1,1,-1
2015300016310,1,9,0,18,0,0,0,0,1,2,1,1,6,1,34,6,1242,1,15,-1,1,-1
2015300016312,1,9,0,18,0,1,0,0,0,0,1,1,6,1,35,6,1388,1,8,-1,-1,-1
2015300016313,1,9,0,18,0,1,1,11,7,10,2,1,6,1,31,6,1198,1,-1,-1,1,-1
2015300016313,2,9,0,4,0,1,0,0,0,0,4,1,6,2,54,8,1198,1,7,-1,-1,-1
2015300016313,3,9,0,18,0,1,0,0,7,0,1,1,1,1,-1,-1,2993,2,3,-1,1,-1
2015300016313,4,9,0,18,0,3,0,0,0,0,1,1,1,1,45,7,2993,2,2,-1,-1,-1
2015300016316,1,11,0,18,0,2,0,0,0,0,1,1,1,1,61,9,5132,2,1,-1,1,-1
2015300016321,1,9,0,18,0,0,0,0,0,0,1,1,3,1,44,7,2387,2,8,-1,1,-1
2015300016321,2,9,0,3,0,0,0,0,0,0,2,1,2,2,46,8,1398,2,12,-1,1,-1
2015300016321,3,9,0,3,0,0,0,0,0,0,2,1,3,2,49,8,1560,2,1,-1,1,-1
2015300016327,1,9,0,9,0,6,0,0,0,0,1,1,6,1,54,8,1968,2,1,-1,3,-1
2015300016327,2,9,0,18,0,8,0,0,7,9,1,1,6,1,24,5,1590,1,11,-1,1,-1
2015300016328,1,90,0,18,9,0,0,0,0,0,1,1,6,1,-1,-1,-1,-1,-1,-1,-1,-1
2015300016331,1,90,0,16,0,1,0,0,0,0,0,1,6,3,-1,-1,-1,-1,-1,-1,-1,-1
2015300016331,2,3,0,17,0,2,2,10,1,0,0,1,6,1,17,4,125,1,-1,-1,1,-1
2015300016337,1,9,0,11,0,0,0,0,0,0,1,1,6,3,-1,-1,973,1,12,-1,-1,-1
2015300016337,2,19,0,18,0,0,1,0,1,1,3,1,6,1,26,6,2402,2,13,-1,2,-1
2015300016338,1,9,0,18,0,4,0,0,0,0,1,1,6,1,-1,-1,1598,1,18,-1,2,-1
2015300016338,2,9,0,16,0,8,0,9,0,0,4,1,2,2,21,5,1242,1,-1,-1,1,-1
2015300016340,1,9,0,18,0,8,0,0,0,0,1,1,6,1,46,8,1497,1,13,-1,1,-1
2015300016340,2,1,0,9,0,5,0,0,0,0,4,1,6,1,31,6,-1,-1,-1,-1,-1,-1
2015300016341,1,9,0,9,0,5,0,0,0,0,3,1,1,2,42,7,1360,1,9,-1,3,-1
2015300016341,2,4,0,13,0,8,0,0,0,0,1,1,2,1,18,4,124,1,4,-1,1,-1
2015300016343,1,9,0,17,0,0,0,0,1,10,1,1,2,1,24,5,1999,1,3,-1,1,-1
2015300016345,1,4,0,4,0,0,2,0,0,0,0,1,6,1,18,4,124,1,-1,-1,1,-1
2015300016345,2,9,0,4,0,0,0,0,0,0,0,1,2,2,45,7,1598,1,2,-1,1,-1
2015300016348,1,11,0,17,0,0,0,0,0,0,1,1,1,1,36,7,5883,2,13,-1,1,-1
2015300016351,1,3,0,18,0,0,1,0,0,0,1,1,2,1,18,4,124,1,4,-1,1,-1
2015300016352,1,9,0,2,0,0,0,0,0,0,3,1,6,1,-1,-1,2231,2,5,-1,2,-1
2015300016352,2,1,0,18,0,0,0,0,0,0,1,1,6,2,24,5,-1,-1,-1,-1,1,-1
2015300016353,1,9,0,18,0,8,0,0,0,0,1,1,6,1,46,8,998,1,12,-1,1,-1
2015300016353,2,9,0,18,0,6,0,0,0,0,1,1,6,1,23,5,1124,1,14,-1,1,-1
2015300016354,1,9,0,18,0,0,0,0,0,0,1,1,6,1,59,9,2987,2,6,-1,1,-1
2015300016354,2,9,0,18,0,0,0,0,0,0,1,1,6,2,54,8,2736,1,12,-1,1,-1
2015300016361,1,9,0,5,0,6,0,0,0,0,1,1,6,1,88,11,1596,1,11,-1,3,-1
2015300016361,2,9,0,18,0,8,0,0,0,0,1,1,1,1,43,7,1997,2,14,-1,1,-1
2015300016363,1,9,0,18,0,8,0,0,0,0,3,1,6,2,26,6,1398,2,10,-1,1,-1
2015300016363,2,19,0,9,0,6,0,0,0,0,1,1,2,2,56,9,2464,2,5,-1,-1,-1
2015300016365,1,9,0,18,0,0,0,0,0,0,2,1,6,1,29,6,1995,2,-1,-1,1,-1
2015300016365,2,9,0,18,0,0,0,0,0,0,2,1,6,1,59,9,1968,2,-1,-1,3,-1
2015300016365,3,19,0,18,0,0,0,0,0,0,1,1,6,1,47,8,2143,2,1,-1,3,-1
2015300016366,1,9,0,18,0,1,0,0,0,0,1,1,6,1,79,11,1198,1,2,-1,1,-1
2015300016369,1,9,0,18,0,8,0,0,0,0,1,1,6,2,29,6,1997,1,9,-1,-1,-1
2015300016369,2,9,0,9,0,6,0,0,0,0,1,1,6,1,21,5,1242,1,8,-1,1,-1
2015300016370,1,9,0,15,0,8,1,0,1,4,4,1,6,1,40,7,1995,2,9,-1,1,-1
2015300016370,2,9,0,7,0,2,0,0,0,0,3,1,6,2,34,6,1796,1,12,-1,1,-1
2015300016370,3,19,0,12,0,8,0,0,0,0,0,1,6,1,47,8,2143,2,3,-1,1,-1
2015300016370,4,9,0,14,0,8,0,0,0,0,0,1,6,1,43,7,3179,1,12,-1,1,-1
2015300016371,1,9,0,3,0,1,0,0,0,0,2,1,2,2,27,6,998,1,8,-1,2,-1
2015300016371,2,9,0,5,0,1,0,0,0,0,1,1,2,2,23,5,1229,1,-1,-1,-1,-1
2015300016374,1,11,0,5,0,0,0,0,0,0,1,1,6,1,42,7,9000,2,6,-1,-1,-1
2015300016374,2,1,0,18,0,0,0,0,0,0,0,1,6,1,40,7,-1,-1,-1,-1,1,-1
2015300016377,1,9,0,9,0,6,0,0,0,0,1,1,2,2,21,5,1242,1,1,-1,2,-1
2015300016377,2,9,0,18,0,8,0,0,0,0,1,1,1,1,65,9,-1,-1,-1,-1,1,-1
2015300016379,1,19,0,5,0,0,0,0,0,0,3,1,1,1,-1,-1,-1,-1,-1,-1,1,-1
2015300016380,1,9,0,4,0,1,0,0,0,0,1,1,2,1,53,8,1560,2,5,-1,2,-1
2015300016380,2,9,0,3,0,1,0,0,0,0,2,1,1,1,42,7,-1,-1,-1,-1,3,-1
2015300016380,3,9,0,3,0,1,0,0,0,0,2,1,6,1,69,10,2980,2,19,-1,1,-1
2015300016381,1,9,0,4,0,0,0,0,0,0,1,1,6,2,40,7,1560,2,5,-1,1,-1
2015300016381,2,9,0,4,0,0,0,0,0,0,2,1,6,1,41,7,2720,2,9,-1,1,-1
2015300016385,1,9,0,18,0,1,0,10,0,0,1,1,1,2,27,6,1229,1,8,-1,1,-1
2015300016385,2,9,0,5,0,1,0,0,0,0,2,1,6,2,45,7,-1,-1,-1,-1,1,-1
2015300016385,3,9,0,5,0,1,0,0,0,0,2,1,6,2,-1,-1,1390,1,10,-1,1,-1
2015300016386,1,9,0,2,0,1,0,0,0,0,1,1,6,1,29,6,1986,1,5,-1,1,-1
2015300016386,2,9,0,18,0,1,0,0,0,0,1,1,6,1,86,11,1396,1,6,-1,2,-1
2015300016387,1,9,0,5,0,2,0,0,0,0,1,1,1,2,24,5,-1,-1,-1,-1,1,-1
2015300016389,1,8,0,7,0,1,0,0,0,0,4,1,1,1,41,7,1986,2,5,-1,-1,-1
2015300016389,2,2,0,18,0,1,0,0,0,0,1,1,6,1,16,4,49,1,1,-1,-1,-1
2015300016391,1,9,0,18,0,0,1,0,1,4,2,1,6,1,29,6,1396,1,16,-1,1,-1
2015300016392,1,9,0,18,0,5,0,0,7,10,1,1,6,1,87,11,1997,2,11,-1,1,-1
2015300016398,1,3,0,13,0,0,5,0,0,0,1,1,2,1,25,5,124,1,1,-1,3,-1
2015300016398,2,9,0,4,0,0,0,0,0,0,0,1,6,1,56,9,-1,-1,-1,-1,-1,-1
2015300016398,3,9,0,4,0,0,0,0,0,0,1,1,1,1,44,7,-1,-1,-1,-1,1,-1
2015300016401,1,9,0,16,0,0,1,0,1,0,1,1,6,1,31,6,1242,1,12,-1,1,-1
2015300016401,2,9,0,17,0,0,0,0,0,0,3,1,6,1,67,10,1560,2,7,-1,2,-1
2015300016402,1,9,0,17,0,0,5,0,0,0,0,1,6,1,34,6,1997,2,15,-1,-1,-1
2015300016403,1,2,0,18,0,0,1,0,0,0,1,1,6,1,20,4,96,1,7,-1,3,-1
2015300016405,1,9,0,17,0,0,5,0,1,7,4,1,6,1,26,6,1364,1,6,-1,1,-1
2015300016408,1,9,0,18,0,1,0,0,0,0,1,1,6,3,-1,-1,-1,-1,-1,-1,-1,-1
2015300016408,2,9,0,3,0,1,0,0,0,0,2,1,6,1,50,8,1332,1,9,-1,1,-1
2015300016413,1,9,0,9,0,5,0,0,1,0,1,1,6,2,25,5,1248,1,3,-1,-1,-1
2015300016413,2,9,0,17,0,8,0,0,0,0,1,1,6,1,54,8,1968,2,6,-1,1,-1
2015300016414,1,2,0,9,0,8,0,0,0,0,1,1,6,1,17,4,49,1,10,-1,1,-1
2015300016414,2,9,0,18,0,4,0,0,0,0,1,1,6,3,-1,-1,-1,-1,-1,-1,-1,-1
2015300016415,1,9,0,17,0,0,0,0,1,2,1,1,6,2,23,5,1242,1,9,-1,1,-1
2015300016415,2,9,0,16,0,0,0,0,0,0,0,1,6,3,-1,-1,-1,-1,-1,-1,-1,-1
2015300016426,1,9,0,13,0,0,1,0,7,10,1,1,6,1,20,4,4172,2,9,-1,-1,-1
2015300016426,2,9,0,18,0,0,0,0,0,0,0,1,6,3,-1,-1,-1,-1,-1,-1,-1,-1
2015300016427,1,9,0,18,0,6,0,0,1,10,4,1,6,1,77,11,1388,1,11,-1,1,-1
2015300016427,2,19,0,18,0,8,2,0,1,0,1,1,1,1,24,5,2500,2,14,-1,1,-1
2015300016428,1,9,0,4,0,2,0,0,0,0,1,1,6,2,69,10,1240,1,7,-1,1,-1
2015300016428,2,9,0,4,0,2,0,0,0,0,2,1,6,1,22,5,1596,1,10,-1,2,-1
2015300016428,3,9,0,3,0,2,0,0,0,0,2,1,6,1,19,4,996,1,5,-1,2,-1
2015300016429,1,19,0,16,0,0,0,0,0,0,1,1,1,1,26,6,1968,2,1,-1,1,-1
2015300016429,2,21,0,17,0,0,0,0,0,0,1,1,1,1,41,7,5480,2,10,-1,1,-1
2015300016430,1,9,0,10,0,6,0,0,0,0,1,1,1,1,29,6,1896,2,13,-1,2,-1
2015300016430,2,3,0,17,0,1,0,0,0,0,4,1,1,1,76,11,96,1,7,-1,1,-1
2015300016431,1,19,0,2,0,0,0,0,0,0,3,1,6,1,19,4,1998,2,9,-1,1,-1
2015300016431,2,9,0,1,0,0,0,0,0,0,2,1,6,1,-1,-1,-1,-1,-1,-1,-1,-1
2015300016435,1,9,0,9,9,1,0,0,0,0,4,1,6,2,54,8,1197,1,4,-1,1,-1
2015300016436,1,9,0,10,0,1,0,0,0,0,2,1,2,1,58,9,-1,-1,-1,-1,1,-1
2015300016436,2,9,0,18,0,1,0,0,0,0,1,1,6,1,71,10,2435,1,14,-1,1,-1
2015300016441,1,9,0,17,0,0,1,0,0,0,1,1,6,2,30,6,1794,1,13,-1,1,-1
2015300016441,2,9,0,16,0,0,0,0,0,0,3,1,6,1,33,6,1598,1,7,-1,2,-1
2015300016444,1,8,0,3,0,6,0,0,0,0,4,1,6,1,60,9,1896,2,11,-1,1,-1
2015300016444,2,9,0,3,0,1,0,0,0,0,1,1,6,2,33,6,1124,1,12,-1,-1,-1
2015300016444,3,9,0,5,0,6,0,0,0,0,1,1,6,1,21,5,1582,2,-1,-1,-1,-1
2015300016445,1,9,0,5,0,8,0,0,0,0,1,1,6,1,74,10,1598,2,3,-1,1,-1
2015300016445,2,5,0,18,0,8,0,0,0,0,4,1,6,1,61,9,599,1,16,-1,1,-1
2015300016447,1,21,1,9,0,5,0,0,0,0,3,1,6,1,55,8,5880,2,10,-1,1,-1
2015300016447,2,9,0,13,0,8,0,0,7,10,1,1,1,1,18,4,1198,1,10,-1,1,-1
2015300016448,1,9,0,18,0,2,1,0,0,0,4,1,2,2,23,5,1339,1,10,-1,1,-1
2015300016448,2,9,0,3,0,2,0,0,0,0,3,1,2,1,-1,-1,2000,1,10,-1,1,-1
2015300016448,3,9,0,3,0,2,0,0,0,0,2,1,2,1,-1,-1,1560,2,3,-1,3,-1
2015300016449,1,19,0,9,0,2,0,0,0,0,1,1,1,1,65,9,2198,1,2,-1,2,-1
2015300016450,1,9,0,18,0,1,0,10,1,4,1,1,2,2,37,7,1329,1,-1,-1,1,-1
2015300016451,1,8,0,18,0,8,0,0,0,0,1,1,6,1,30,6,1995,2,12,-1,1,-1
2015300016451,2,9,0,5,0,6,0,0,0,0,1,1,2,1,35,6,1796,1,16,-1,1,-1
2015300016452,1,9,0,18,6,0,0,4,0,0,1,1,6,3,-1,-1,1229,1,4,-1,-1,-1
2015300016452,2,90,0,2,6,0,0,0,0,0,2,1,6,1,32,6,-1,-1,-1,-1,1,-1
2015300016465,1,9,0,5,0,6,0,0,0,0,1,1,6,2,38,7,1598,1,1,-1,-1,-1
2015300016465,2,5,0,18,0,8,0,0,0,0,1,1,6,1,50,8,1000,1,9,-1,3,-1
2015300016466,1,11,0,18,2,0,0,0,0,0,3,1,1,1,40,7,4250,2,6,-1,-1,-1
2015300016466,2,9,0,11,0,0,0,0,0,0,4,1,1,1,18,4,1199,1,11,-1,1,-1
2015300016467,1,9,0,4,0,0,0,0,0,0,2,1,6,2,29,6,1995,2,7,-1,1,-1
2015300016467,2,9,0,18,0,0,0,0,0,0,1,1,1,1,45,7,1560,2,7,-1,-1,-1
2015300016469,1,9,0,11,0,5,0,0,0,0,3,1,2,2,28,6,1598,2,2,-1,1,-1
2015300016469,2,21,1,11,0,5,0,0,0,0,4,1,1,1,44,7,12900,2,7,-1,-1,-1
2015300016473,1,9,0,9,0,6,0,0,0,0,1,1,6,2,48,8,2995,1,8,-1,1,-1
2015300016473,2,9,0,18,0,8,0,0,0,0,1,1,6,1,60,9,2720,2,8,-1,1,-1
2015300016477,1,9,0,5,0,4,0,0,0,0,2,1,6,1,27,6,1299,1,13,-1,-1,-1
2015300016477,2,9,0,5,0,4,0,0,0,0,1,1,6,1,61,9,2477,2,11,-1,-1,-1
2015300016479,1,9,0,16,0,0,5,0,7,10,1,1,6,1,58,9,-1,-1,-1,-1,1,-1
2015300016482,1,9,0,18,0,8,0,0,0,0,1,1,6,2,47,8,2204,2,7,-1,3,-1
2015300016482,2,9,0,5,0,6,0,0,0,0,4,1,6,2,66,10,2993,2,2,-1,3,-1
2015300016482,3,9,0,3,0,1,0,0,0,0,3,1,6,1,65,9,1685,2,1,-1,1,-1
2015300016483,1,9,0,12,0,0,0,0,0,0,0,1,6,3,-1,-1,-1,-1,-1,-1,-1,-1
2015300016483,2,11,0,18,0,0,0,0,0,0,0,1,1,2,32,6,-1,-1,-1,-1,2,-1
2015300016486,1,9,0,18,0,0,1,0,0,0,1,1,6,1,22,5,1809,1,24,-1,-1,-1
2015300016486,2,9,0,18,0,0,0,0,0,0,1,1,6,1,41,7,1997,2,-1,-1,1,-1
2015300016486,3,9,0,18,0,0,0,0,0,0,1,1,2,1,51,8,-1,-1,-1,-1,1,-1
2015300016487,1,9,0,9,0,6,0,0,0,0,4,1,6,1,19,4,1299,1,12,-1,2,-1
2015300016487,2,9,0,18,0,8,0,0,0,0,1,1,6,1,68,10,998,1,14,-1,2,-1
2015300016488,1,9,0,18,0,0,0,0,0,0,1,1,6,2,51,8,1686,2,6,-1,1,-1
2015300016490,1,1,0,18,0,0,0,11,0,0,0,1,6,1,52,8,-1,-1,-1,-1,1,-1
2015300016492,1,9,0,17,0,8,0,0,0,0,4,1,6,2,60,9,1995,2,3,-1,1,-1
2015300016492,2,1,0,9,0,6,0,0,0,0,1,1,6,1,15,3,-1,-1,-1,-1,1,-1
2015300016494,1,9,0,18,0,0,0,0,0,0,2,1,6,1,49,8,-1,3,-1,-1,1,-1
2015300016494,2,9,0,6,0,0,0,0,0,0,1,1,6,1,75,10,1598,1,16,-1,3,-1
2015300016495,1,9,0,1,0,1,0,0,0,0,3,1,6,1,-1,-1,1598,1,15,-1,-1,-1
2015300016498,1,9,0,18,0,2,0,4,0,0,2,1,6,1,-1,-1,-1,-1,-1,-1,-1,-1
2015300016498,2,9,0,2,0,2,0,0,0,0,3,1,6,1,45,7,1794,1,8,-1,1,-1
2015300016499,1,9,0,18,0,0,0,0,0,0,4,1,6,1,24,5,1390,1,6,-1,-1,-1
2015300016505,1,90,0,18,0,0,0,0,0,0,4,1,1,2,60,9,-1,-1,-1,-1,1,-1
2015300016506,1,9,0,18,0,1,0,0,0,0,2,1,6,2,79,11,1086,1,7,-1,-1,-1
2015300016506,2,9,0,18,0,1,0,0,0,0,1,1,6,1,20,4,1560,2,9,-1,1,-1
2015300016507,1,1,0,18,4,1,0,0,1,0,3,1,6,1,22,5,-1,-1,-1,-1,1,-1
2015300016507,2,9,0,7,4,1,0,0,0,0,4,1,6,3,-1,-1,-1,-1,-1,-1,-1,-1
2015300016513,1,9,0,18,0,8,1,0,0,0,1,1,6,1,28,6,1199,1,13,-1,1,-1
2015300016513,2,9,0,9,0,6,0,0,1,10,3,1,6,1,81,11,1461,2,-1,-1,1,-1
2015300016515,1,9,0,16,0,0,0,0,7,3,1,1,6,1,34,6,1995,2,10,-1,1,-1
2015300016516,1,9,0,18,0,0,1,0,0,0,1,1,6,1,28,6,1753,2,15,-1,-1,-1
2015300016516,2,9,0,18,0,0,0,0,0,0,2,1,6,1,38,7,1998,2,11,-1,1,-1
2015300016518,1,3,0,14,0,1,1,4,7,10,1,1,6,1,26,6,124,1,16,-1,1,-1
2015300016518,2,9,0,3,0,1,0,0,0,0,2,1,6,2,51,8,1560,2,8,-1,1,-1
2015300016518,3,9,0,18,0,2,0,0,0,0,1,1,6,1,24,5,1396,2,3,-1,1,-1
2015300016521,1,11,0,4,0,0,0,0,0,0,0,1,1,2,48,8,7300,2,6,-1,2,-1
2015300016524,1,9,0,18,0,0,0,0,0,0,1,1,6,2,44,7,-1,-1,-1,-1,1,-1
2015300016524,2,9,0,3,0,0,0,0,0,0,2,1,6,2,-1,-1,998,1,1,-1,2,-1
2015300016524,3,9,0,3,0,0,0,0,0,0,2,1,6,2,34,6,-1,-1,-1,-1,2,-1
2015300016529,1,9,0,9,0,5,0,0,0,0,1,1,6,2,21,5,1399,2,4,-1,1,-1
2015300016529,2,3,0,13,0,8,0,0,0,0,1,1,6,1,19,4,124,1,12,-1,1,-1
2015300016535,1,9,0,9,0,6,0,0,0,0,3,1,6,1,37,7,998,1,4,-1,1,-1
2015300016535,2,1,0,18,0,8,0,0,0,0,1,1,6,2,48,8,-1,-1,-1,-1,1,-1
2015300016541,1,9,0,5,0,6,0,0,0,0,1,1,6,1,77,11,1951,2,12,-1,1,-1
2015300016541,2,11,0,17,0,8,0,0,0,0,1,1,6,1,47,8,7300,2,6,-1,1,-1
2015300016542,1,9,0,3,0,1,0,0,0,0,2,1,2,2,44,7,1997,2,4,-1,2,-1
2015300016542,2,9,0,3,0,1,0,0,0,0,1,1,2,2,48,8,1753,2,8,-1,2,-1
2015300016543,1,9,0,17,0,0,5,0,1,0,0,1,6,1,23,5,1997,1,16,-1,2,-1
2015300016544,1,11,0,18,0,1,0,0,0,0,0,1,1,2,48,8,9000,2,10,-1,3,-1
2015300016544,2,17,0,12,0,6,0,0,0,0,0,1,6,3,-1,-1,-1,-1,-1,-1,-1,-1
2015300016544,3,9,0,12,0,8,0,0,0,0,0,1,6,3,-1,-1,-1,-1,-1,-1,-1,-1
2015300016556,1,3,0,18,0,0,1,0,0,0,0,1,2,1,52,8,124,1,17,-1,1,-1
2015300016558,1,9,0,18,0,0,1,0,0,0,1,1,6,1,35,6,1560,2,11,-1,1,-1
2015300016558,2,9,0,18,0,0,0,0,0,0,2,1,2,1,19,4,1229,1,1,-1,1,-1
2015300016559,1,9,0,14,0,0,0,0,0,0,1,1,6,2,43,7,1560,2,-1,-1,1,-1
2015300016559,2,90,0,2,0,0,0,0,0,0,0,1,6,3,-1,-1,-1,-1,-1,-1,-1,-1
2015300016562,1,9,0,18,0,0,1,0,0,0,1,1,6,2,18,4,1242,1,14,-1,1,-1
2015300016562,2,9,0,4,0,0,0,0,0,0,2,1,1,1,45,7,2143,2,-1,-1,1,-1
2015300016562,3,9,0,4,0,0,0,0,0,0,2,1,1,1,46,8,1598,2,1,-1,1,-1
2015300016562,4,9,0,4,0,0,0,0,0,0,2,1,6,1,56,9,1968,2,2,-1,1,-1
2015300016564,1,3,0,10,0,1,0,0,0,0,3,1,1,1,31,6,85,1,27,-1,1,-1
2015300016564,2,9,0,9,0,5,0,0,0,0,1,1,2,2,-1,-1,1242,1,14,-1,1,-1
2015300016566,1,9,0,9,0,5,0,0,0,0,1,1,6,1,24,5,2157,1,17,-1,1,-1
2015300016566,2,2,0,13,0,8,1,0,0,0,4,1,6,1,45,7,124,1,20,-1,1,-1
2015300016569,1,9,0,18,0,4,0,0,0,0,1,1,2,1,43,7,1360,1,12,-1,-1,-1
2015300016569,2,1,0,17,0,8,0,0,0,0,1,1,6,1,43,7,-1,-1,-1,-1,1,-1
2015300016572,1,9,0,18,0,8,0,0,0,0,1,1,2,1,59,9,1598,1,2,-1,1,-1
2015300016572,2,9,0,9,0,8,0,0,0,0,3,1,1,1,50,8,4008,1,17,-1,3,-1
2015300016576,1,9,0,4,0,0,0,0,0,0,2,1,2,1,59,9,1797,8,-1,-1,1,-1
2015300016576,2,9,0,18,0,0,0,0,0,0,1,1,6,1,48,8,1998,2,-1,-1,1,-1
2015300016576,3,9,0,18,0,0,0,0,0,0,4,1,6,1,46,8,1598,2,2,-1,1,-1
2015300016576,4,9,0,12,0,0,0,0,0,0,3,1,6,1,30,6,1364,1,8,-1,1,-1
2015300016579,1,9,0,17,0,2,0,0,1,2,1,1,1,1,33,6,1968,2,6,-1,1,-1
2015300016582,1,9,0,17,0,0,0,0,0,0,1,1,6,2,25,5,796,1,13,-1,-1,-1
2015300016582,2,9,0,4,0,0,0,0,0,0,2,1,6,1,45,7,1796,1,8,-1,1,-1
2015300016582,3,9,0,18,0,0,0,0,0,0,1,1,2,1,24,5,1198,1,6,-1,1,-1
2015300016584,1,9,0,14,0,2,0,0,0,0,1,1,6,1,-1,-1,1796,1,13,-1,-1,-1
2015300016584,2,9,0,10,0,1,0,0,0,0,1,1,6,2,45,7,1998,1,20,-1,1,-1
2015300016586,1,9,0,18,0,0,0,0,0,0,1,1,6,1,-1,-1,1461,2,9,-1,1,-1
2015300016586,2,9,0,3,0,0,0,0,0,0,1,1,6,1,56,9,1997,2,2,-1,3,-1
2015300016588,1,9,0,9,0,8,0,0,0,0,4,1,6,2,-1,-1,-1,-1,-1,-1,-1,-1
2015300016588,2,1,0,17,0,8,0,0,0,0,3,1,6,1,15,3,-1,-1,-1,-1,1,-1
2015300016589,1,9,0,16,0,0,0,0,0,0,4,1,6,1,21,5,1398,2,10,-1,2,-1
2015300016589,2,9,0,17,0,0,0,0,0,0,1,1,6,1,77,11,1388,1,6,-1,2,-1