Accident_Index,Vehicle_Reference,Vehicle_Type,Towing_and_Articulation,Vehicle_Manoeuvre,Vehicle_Location-Restricted_Lane,Junction_Location,Skidding_and_Overturning,Hit_Object_in_Carriageway,Vehicle_Leaving_Carriageway,Hit_Object_off_Carriageway,1st_Point_of_Impact,Was_Vehicle_Left_Hand_Drive?,Journey_Purpose_of_Driver,Sex_of_Driver,Age_of_Driver,Age_Band_of_Driver,Engine_Capacity_(CC),Propulsion_Code,Age_of_Vehicle,Driver_IMD_Decile,Driver_Home_Area_Type,Vehicle_IMD_Decile
201531C022515,1,19,0,7,0,1,0,0,0,0,2,1,6,3,-1,-1,-1,-1,-1,-1,-1,-1
201531C022515,2,4,0,18,0,1,1,0,0,0,1,1,2,1,49,8,125,1,3,-1,1,-1
201531C022915,1,9,0,18,0,2,0,0,0,0,1,1,6,2,55,8,1587,1,12,-1,1,-1
201531C024415,1,9,0,9,0,4,0,0,0,0,1,1,2,1,32,6,1398,1,13,-1,1,-1
201531C024415,2,1,0,18,0,6,0,0,0,0,3,1,4,1,11,3,-1,-1,-1,-1,1,-1
201531C024815,1,9,0,9,0,5,0,0,0,0,1,1,6,1,37,7,1968,2,5,-1,1,-1
201531C024815,2,9,0,18,0,8,0,0,0,0,3,1,6,1,18,4,-1,-1,-1,-1,1,-1
201531C024915,1,9,0,9,2,6,0,0,0,0,4,1,2,1,33,6,1360,1,13,-1,1,-1
201531C024915,2,11,0,18,2,8,0,0,0,0,3,1,1,1,55,8,9000,2,9,-1,1,-1
201531C026115,1,19,0,9,0,6,0,0,0,0,0,1,6,3,-1,-1,-1,-1,-1,-1,-1,-1
201531C026115,2,18,0,18,1,1,0,0,0,0,0,1,1,3,-1,-1,-1,-1,-1,-1,-1,-1
201531C026415,1,9,0,18,0,8,0,0,0,0,1,1,6,1,26,6,-1,-1,-1,-1,1,-1
201531C026415,2,9,0,4,0,8,0,0,0,0,2,1,6,2,60,9,1796,1,9,-1,1,-1
201531C026615,1,9,0,18,0,0,0,0,0,0,1,1,6,1,38,7,1998,1,10,-1,1,-1
201531C026615,2,9,0,3,0,0,0,0,0,0,2,1,6,2,25,5,1796,1,11,-1,1,-1
201531C026615,3,1,0,18,9,0,0,0,0,0,3,1,6,1,35,6,-1,-1,-1,-1,1,-1
201531C026915,1,9,0,18,0,0,0,0,0,0,1,1,6,2,-1,-1,1149,1,13,-1,1,-1
201531C026915,2,9,0,3,0,0,0,0,0,0,2,1,6,2,32,6,1364,2,7,-1,1,-1
201531C028015,1,9,0,11,0,0,0,0,0,0,1,1,2,1,28,6,1398,2,6,-1,1,-1
201531C028015,2,9,0,18,0,0,0,0,0,0,2,1,6,2,29,6,1242,1,1,-1,1,-1
201531C028115,1,1,0,18,0,0,0,7,0,0,1,1,6,1,37,7,-1,-1,-1,-1,1,-1
201531C028515,1,9,0,3,0,1,0,0,0,0,2,1,6,2,27,6,1360,1,11,-1,1,-1
201531C028515,2,9,0,18,0,1,0,0,0,0,1,1,6,3,-1,-1,1368,1,7,-1,-1,-1
201531C028715,1,9,0,9,0,6,0,0,0,0,4,1,1,1,30,6,1797,8,1,-1,1,-1
201531C028815,1,9,0,18,0,8,0,0,0,0,1,1,6,1,22,5,1242,1,11,-1,1,-1
201531C029415,1,19,0,9,0,6,0,0,0,0,1,1,6,1,34,6,2283,2,16,-1,1,-1
201531C029415,2,9,0,18,0,8,0,0,0,0,4,1,6,2,32,6,1799,1,8,-1,1,-1
201531C029915,1,9,0,3,0,8,0,0,0,0,4,1,6,2,36,7,1951,2,10,-1,1,-1
201531C029915,2,1,0,15,0,8,0,0,0,0,1,1,6,2,42,7,-1,-1,-1,-1,-1,-1
201531C030015,1,11,0,4,0,0,0,0,0,0,4,1,1,1,-1,-1,-1,-1,-1,-1,-1,-1
201531C030815,1,9,0,18,0,1,0,0,0,0,3,1,6,2,32,6,1686,2,10,-1,1,-1
201531C031315,1,9,0,13,0,2,0,0,0,0,4,1,6,3,-1,-1,-1,-1,-1,-1,-1,-1
201531C031315,2,9,0,18,0,2,0,0,0,0,3,1,2,2,23,5,1598,1,8,-1,1,-1
201531C031515,1,3,0,7,0,6,0,0,0,0,4,1,6,2,41,7,114,1,1,-1,1,-1
201531C031715,1,11,0,5,0,0,0,0,0,0,0,1,1,1,-1,-1,-1,-1,-1,-1,1,-1
201531C032515,1,9,0,18,0,8,0,0,0,0,4,1,6,1,-1,-1,1596,1,9,-1,1,-1
201531C032815,1,9,0,18,0,1,0,0,0,0,1,1,6,2,26,6,1299,1,13,-1,1,-1
201531C032815,2,9,0,4,0,1,0,0,0,0,2,1,6,1,50,8,1796,1,7,-1,2,-1
201531C032915,1,8,0,7,0,5,0,0,1,0,4,1,1,3,-1,-1,-1,-1,-1,-1,-1,-1
201531C033015,1,9,0,18,0,1,1,0,0,0,1,1,6,1,22,5,1248,2,9,-1,1,-1
201531C033015,2,9,0,3,0,1,0,0,0,0,2,1,6,2,29,6,1686,2,5,-1,1,-1
201531C033115,1,9,0,14,0,2,0,0,0,0,1,1,6,1,39,7,1742,1,3,-1,1,-1
201531C033315,1,9,0,13,0,0,0,0,0,0,4,1,6,3,-1,-1,-1,-1,-1,-1,-1,-1
201531C033315,2,1,0,18,4,0,0,10,0,0,3,1,1,1,36,7,-1,-1,-1,-1,1,-1
201531C033615,1,9,0,1,0,8,0,0,0,0,2,1,1,2,71,10,1997,1,-1,-1,1,-1
201531C033615,2,9,0,18,0,8,0,0,0,0,3,1,6,2,49,8,1560,2,10,-1,1,-1
201531C033715,1,9,0,6,0,0,0,0,0,0,3,1,6,1,45,7,1242,1,1,-1,3,-1
201531C033715,2,1,0,14,0,0,0,0,0,0,1,1,6,1,30,6,-1,-1,-1,-1,1,-1
201531C034315,1,9,0,18,0,1,0,0,0,0,3,1,6,1,23,5,1124,1,14,-1,1,-1
201531C034315,2,9,0,7,0,5,0,0,0,0,1,1,6,3,-1,-1,-1,-1,-1,-1,-1,-1
201531C034415,1,9,0,18,0,2,0,0,0,0,1,1,6,2,41,7,1896,2,6,-1,1,-1
201531C034615,1,9,0,18,0,0,1,0,0,0,1,1,6,1,-1,-1,1753,2,8,-1,-1,-1
201531C034615,2,9,0,6,0,0,0,0,0,0,4,1,2,2,28,6,1596,1,8,-1,1,-1
201531C034815,1,9,0,9,0,3,0,0,0,0,1,1,6,1,-1,-1,-1,-1,-1,-1,-1,-1
201531C035115,1,9,0,4,0,0,0,0,0,0,1,1,6,2,45,7,1596,1,13,-1,1,-1
201531C035115,2,9,0,3,0,0,0,0,0,0,2,1,6,1,44,7,-1,-1,-1,-1,1,-1
201531C035315,1,9,0,3,0,1,0,0,0,0,2,1,6,1,61,9,1598,2,3,-1,1,-1
201531C035315,2,9,0,18,0,1,0,0,0,0,1,1,6,1,20,4,1086,1,7,-1,2,-1
201531C035615,1,9,0,18,0,0,0,0,0,0,1,1,6,1,32,6,-1,-1,-1,-1,1,-1
201531C035715,1,9,0,9,0,5,0,0,0,0,4,1,6,1,30,6,-1,-1,-1,-1,1,-1
201531C035715,2,9,0,18,0,1,0,0,0,0,1,1,6,1,21,5,-1,-1,-1,-1,1,-1
201531C036115,1,9,0,18,0,1,0,0,0,0,1,1,6,3,-1,-1,-1,-1,-1,-1,-1,-1
201531C036115,2,9,0,18,0,1,0,0,0,0,2,1,1,1,47,8,1598,2,2,-1,-1,-1
201531C036715,1,9,0,17,0,1,0,0,0,0,1,1,6,1,20,4,1199,1,12,-1,1,-1
201531C036715,2,9,0,17,0,1,0,0,0,0,2,1,6,3,-1,-1,-1,-1,-1,-1,-1,-1
201531C036915,1,9,0,8,0,1,0,0,0,0,2,1,6,2,66,10,1396,2,2,-1,2,-1
201531C036915,2,19,0,7,0,1,0,0,0,0,1,1,6,1,62,9,2143,2,1,-1,1,-1
201531C037215,1,9,0,15,0,2,0,0,0,0,3,1,6,3,-1,-1,-1,-1,-1,-1,-1,-1
201531C037215,2,9,0,18,0,2,0,0,0,0,4,1,6,1,34,6,1599,1,12,-1,1,-1
201531C037615,1,11,0,16,0,1,0,0,0,0,0,1,1,1,54,8,-1,-1,-1,-1,1,-1
201531C037615,2,9,0,17,0,8,0,0,0,0,0,1,6,3,-1,-1,-1,-1,-1,-1,-1,-1
201531C038315,1,19,0,7,0,1,0,0,0,0,3,1,6,1,48,8,2402,2,10,-1,1,-1
201531C038415,1,9,0,18,0,1,1,0,7,0,4,1,6,1,33,6,1396,1,11,-1,-1,-1
201531C038415,2,9,0,18,0,2,0,0,0,0,1,1,6,1,27,6,1199,1,12,-1,1,-1
201531C038415,3,11,0,18,0,2,0,0,0,0,0,1,1,1,25,5,9000,2,4,-1,1,-1
201531C038515,1,9,0,9,0,6,0,0,0,0,3,1,6,1,-1,-1,1997,2,7,-1,1,-1
201531C038515,2,9,0,18,0,8,0,0,0,0,1,1,6,1,44,7,1363,2,12,-1,1,-1
201531C038715,1,8,0,16,0,0,1,10,7,11,1,1,6,1,22,5,1198,1,11,-1,1,-1
201531C038915,1,9,0,18,0,2,0,0,0,0,1,1,6,2,-1,-1,1242,1,9,-1,-1,-1
201531C038915,2,9,0,3,0,2,0,0,0,0,2,1,6,1,43,7,-1,-1,-1,-1,1,-1
201531C039315,1,8,0,5,0,8,0,0,0,0,4,1,1,1,38,7,1753,2,7,-1,1,-1
201531C039615,1,9,0,9,0,6,0,0,0,0,1,1,1,1,47,8,1975,1,10,-1,1,-1
201531C039615,2,8,0,18,0,8,0,10,1,0,3,1,6,1,25,5,-1,-1,-1,-1,1,-1
201531C040215,1,9,0,18,0,8,0,0,0,0,1,1,6,3,-1,-1,-1,-1,-1,-1,-1,-1
201531C040215,2,9,0,18,0,8,1,0,0,0,2,1,6,1,30,6,1349,1,7,-1,1,-1
201531C040215,3,9,0,18,0,8,0,0,0,0,2,1,2,2,57,9,-1,-1,-1,-1,-1,-1
201531C040615,1,9,0,18,0,0,0,0,0,0,1,1,6,2,-1,-1,2198,1,11,-1,-1,-1
201531C040615,2,9,0,18,0,0,0,0,0,0,2,1,2,2,32,6,1391,1,20,-1,1,-1
201531C040615,3,9,0,18,0,0,0,0,0,0,2,1,1,1,41,7,1797,8,5,-1,1,-1
201531C040615,4,9,0,18,0,0,0,0,0,0,2,1,3,2,35,6,1598,1,13,-1,1,-1
201531C040715,1,9,0,11,0,0,0,0,0,0,1,1,6,3,-1,-1,2231,2,8,-1,-1,-1
201531C040715,2,9,0,18,0,0,0,10,0,0,3,1,1,1,31,6,1396,1,12,-1,1,-1
201531C041215,1,9,0,18,0,4,0,0,0,0,1,1,6,1,-1,-1,1984,1,5,-1,-1,-1
201531C041215,2,9,0,9,0,4,0,0,0,0,1,1,6,1,34,6,-1,-1,-1,-1,1,-1
201531C041215,3,9,0,9,0,6,0,0,0,0,2,1,6,1,37,7,2171,2,12,-1,1,-1
201531C041215,4,9,0,7,0,4,0,0,0,0,1,1,6,2,27,6,1242,1,7,-1,1,-1
201531C041515,1,9,0,7,0,3,0,0,0,0,4,1,6,1,29,6,2499,1,9,-1,1,-1
201531C041515,2,11,0,18,0,8,0,0,0,0,3,1,1,1,46,8,6700,2,1,-1,3,-1
201531C041615,1,9,0,9,0,6,0,0,0,0,1,1,6,1,23,5,973,1,15,-1,1,-1
201531C041615,2,9,0,18,0,8,0,0,0,0,3,1,1,1,44,7,1797,8,6,-1,1,-1
201531C042115,1,9,0,18,0,0,0,0,0,0,2,1,2,2,35,6,2204,2,11,-1,1,-1
201531C042115,2,9,0,18,0,0,0,0,0,0,1,1,2,1,49,8,-1,-1,-1,-1,1,-1
201531C042115,3,9,0,18,0,0,0,0,0,0,1,1,2,1,49,8,-1,-1,-1,-1,1,-1
201531C042215,1,9,0,9,0,5,0,0,0,0,1,1,6,2,38,7,2720,2,8,-1,1,-1
201531C042215,2,1,0,18,0,8,0,0,0,0,3,1,6,2,21,5,-1,-1,-1,-1,1,-1
201531C042415,1,9,0,18,0,8,1,4,0,0,1,1,6,1,20,4,1596,1,14,-1,1,-1
201531C042415,2,9,0,2,0,2,0,0,0,0,2,1,6,3,-1,-1,1560,2,4,-1,-1,-1
201531C042615,1,1,0,18,0,8,0,0,0,0,1,1,6,1,35,6,-1,-1,-1,-1,1,-1
201531C042615,2,9,0,9,0,5,0,0,0,0,4,1,6,1,44,7,1598,1,11,-1,1,-1
201531C042715,1,9,0,7,0,5,0,0,0,0,4,1,6,2,55,8,-1,-1,-1,-1,1,-1
201531C042715,2,11,0,18,0,1,0,0,0,0,1,1,1,1,53,8,9000,2,1,-1,1,-1
201531C042815,1,9,0,9,0,5,0,0,0,0,1,1,6,1,48,8,1229,1,4,-1,1,-1
201531C042815,2,2,0,18,0,1,0,0,0,0,1,1,6,1,16,4,49,1,9,-1,1,-1
201531C043015,1,9,0,18,9,8,1,10,3,11,1,1,6,1,20,4,-1,-1,-1,-1,1,-1
201531C044115,1,9,0,18,0,2,0,4,0,0,1,1,6,1,85,11,995,1,10,-1,1,-1
201531C044115,2,9,0,2,0,2,0,0,0,0,3,1,6,3,-1,-1,1397,1,5,-1,-1,-1
201531C044315,1,9,0,9,0,5,0,0,0,0,1,1,3,2,27,6,2204,2,10,-1,1,-1
201531C044315,2,3,0,10,0,1,0,0,0,0,4,1,6,1,29,6,125,1,5,-1,1,-1
201531C044415,1,9,0,18,0,0,0,0,0,0,1,1,2,1,50,8,1968,2,6,-1,1,-1
201531C044515,1,8,0,18,0,8,0,0,0,0,1,1,1,1,37,7,1896,2,5,-1,1,-1
201531C044515,2,9,0,18,0,8,0,0,0,0,3,1,6,2,34,6,-1,-1,-1,-1,-1,-1
201531C044615,1,9,0,18,0,8,0,0,0,0,1,1,6,2,40,7,1596,1,11,-1,1,-1
201531C044615,2,8,0,4,0,8,0,0,0,0,2,1,6,1,63,9,1997,2,9,-1,1,-1
201531C044815,1,1,0,9,0,5,0,0,0,0,1,1,6,1,21,5,-1,-1,-1,-1,1,-1
201531C044815,2,19,0,4,0,1,0,0,0,0,3,1,1,1,48,8,2143,2,1,-1,1,-1
201531C044815,3,9,0,9,0,5,0,0,0,0,3,1,1,1,29,6,1560,2,1,-1,1,-1
201531C045015,1,9,0,4,0,0,0,0,0,0,4,1,3,1,31,6,1997,2,9,-1,1,-1
201531C045115,1,19,0,5,0,0,0,0,0,0,1,1,1,1,44,7,2148,2,7,-1,2,-1
201531C045115,2,9,0,3,0,0,0,0,0,0,2,1,6,2,32,6,1364,2,11,-1,1,-1
201531C045415,1,19,0,1,0,0,0,0,0,0,2,1,1,1,46,8,1598,2,-1,-1,1,-1
201531C045415,2,9,0,18,0,0,0,0,0,0,4,1,6,1,31,6,2000,1,15,-1,1,-1
201531C045515,1,9,0,18,0,1,0,0,0,0,4,1,6,3,-1,-1,-1,-1,-1,-1,-1,-1
201531C045615,1,9,0,18,0,1,0,0,0,0,1,1,6,1,19,4,1299,1,12,-1,2,-1
201531C047815,1,9,0,18,0,0,0,0,0,0,1,1,1,1,69,10,1956,2,5,-1,1,-1
201531C047815,2,9,0,3,0,0,0,0,0,0,2,1,6,2,52,8,2496,1,13,-1,-1,-1
201531C048315,1,9,0,18,0,0,0,0,1,4,1,1,6,1,67,10,-1,-1,-1,-1,1,-1
201531C048915,1,9,0,18,0,0,0,0,0,0,4,1,6,2,79,11,1400,1,9,-1,1,-1
201531C049115,1,9,0,9,0,5,0,0,0,0,4,1,6,2,60,9,1995,2,8,-1,1,-1
201531C049115,2,1,0,18,0,8,0,0,0,0,1,1,6,2,27,6,-1,-1,-1,-1,1,-1
201531C049215,1,9,0,7,0,6,0,0,0,0,3,1,2,1,44,7,1995,2,5,-1,1,-1
201531C049215,2,1,0,18,0,8,0,0,0,0,1,1,2,1,50,8,-1,-1,-1,-1,1,-1
201531C050115,1,9,0,18,0,0,0,0,0,0,2,1,2,2,51,8,1349,1,2,-1,1,-1
201531C050115,2,3,0,18,0,0,0,0,0,0,1,1,6,1,20,4,124,1,4,-1,1,-1
201531C050415,1,9,0,18,0,2,0,0,0,0,1,1,6,1,51,8,2000,2,9,-1,1,-1
201531C050415,2,9,0,5,0,2,0,0,0,0,2,1,6,1,30,6,1781,1,14,-1,1,-1
201531C050515,1,9,0,18,0,1,0,0,0,0,4,1,6,1,-1,-1,1461,2,5,-1,-1,-1
201531C050515,2,9,0,12,0,1,0,10,1,0,3,1,6,1,20,4,1200,1,-1,-1,1,-1
201531C050915,1,11,0,4,0,1,0,0,0,0,0,1,1,1,54,8,4250,2,3,-1,1,-1
201531C051215,1,9,0,5,0,0,0,0,0,0,3,1,1,2,47,8,1341,1,11,-1,1,-1
201531C051215,2,3,0,13,0,0,0,0,0,0,4,1,6,1,57,9,99,1,32,-1,1,-1
201531C051415,1,11,0,17,0,2,0,0,0,0,3,1,1,1,60,9,9000,2,12,-1,1,-1
201531C051515,1,9,0,18,0,8,1,0,3,11,1,1,6,1,24,5,-1,-1,-1,-1,1,-1
201531C051515,2,9,0,18,0,8,0,0,0,0,4,1,6,1,28,6,1968,2,3,-1,1,-1
201531C052115,1,9,0,18,0,2,0,0,0,0,1,1,6,2,78,11,1769,1,13,-1,1,-1
201531C052215,1,11,0,14,0,2,0,0,1,2,4,1,1,1,57,9,9000,2,1,-1,1,-1
201531C052315,1,9,0,9,0,5,0,0,0,0,1,1,6,2,34,6,1596,1,5,-1,1,-1
201531C052315,2,2,0,18,0,8,0,0,0,0,1,1,6,1,16,4,49,1,3,-1,1,-1
201531C052615,1,9,0,18,0,0,0,0,0,0,3,1,6,1,44,7,1998,2,9,-1,1,-1
201531C052915,1,11,0,18,0,2,0,0,0,0,3,1,1,2,39,7,-1,-1,-1,-1,1,-1
201531C053015,1,9,0,11,0,0,0,4,0,0,1,1,6,1,20,4,1896,2,12,-1,1,-1
201531C053015,2,8,0,2,0,0,0,4,0,0,2,1,6,1,35,6,1991,2,6,-1,1,-1
201531C053015,3,8,0,2,0,0,0,0,0,0,2,1,6,1,32,6,1997,2,6,-1,1,-1
201531C053215,1,9,0,9,0,6,0,0,0,0,3,1,6,1,-1,-1,-1,-1,-1,-1,-1,-1
201531C053215,2,9,0,10,0,8,0,0,0,0,3,1,2,2,24,5,1248,1,-1,-1,1,-1
201531C053415,1,9,0,9,0,5,0,0,0,0,4,1,6,1,18,4,1396,1,12,-1,3,-1
201531C053415,2,9,0,18,0,1,0,0,0,0,1,1,2,1,24,5,-1,-1,-1,-1,1,-1
201531C053515,1,21,1,11,0,0,0,0,0,0,1,1,1,1,48,8,12900,2,7,-1,2,-1
201531C053515,2,9,0,18,0,0,0,0,0,0,3,1,6,1,39,7,1995,2,5,-1,1,-1
201531C053815,1,9,0,9,0,6,0,0,0,0,3,1,6,1,32,6,1997,2,5,-1,1,-1
201531C053815,2,8,0,18,0,8,0,0,0,0,1,1,6,1,38,7,1497,8,8,-1,1,-1
201531C053915,1,9,0,18,0,6,0,4,1,0,4,1,6,2,40,7,1951,2,10,-1,1,-1
201531C053915,2,9,0,2,0,2,0,0,0,0,4,1,1,1,48,8,1968,2,5,-1,1,-1
201531C053915,3,9,0,18,0,1,0,0,0,0,1,1,6,1,18,4,-1,-1,-1,-1,1,-1
201531C054015,1,9,0,1,0,6,0,0,0,0,2,1,6,3,-1,-1,1984,1,1,-1,-1,-1
201531C054215,1,9,0,18,0,0,0,0,0,0,2,1,6,1,34,6,1498,1,6,-1,1,-1
201531C054215,2,9,0,18,0,0,0,0,0,0,2,1,6,1,24,5,1753,2,13,-1,1,-1
201531C054315,1,11,0,18,0,0,0,0,0,0,0,1,1,1,45,7,4250,2,14,-1,-1,-1
201531C054715,1,9,0,6,0,0,0,0,0,0,1,1,6,1,27,6,-1,-1,-1,-1,1,-1
201531C054715,2,9,0,18,0,0,0,0,0,0,1,1,6,1,24,5,2143,2,3,-1,1,-1
201531C054815,1,3,0,15,0,8,0,0,0,0,1,1,6,1,21,5,125,1,1,-1,-1,-1
201531C054815,2,9,0,7,0,5,0,0,0,0,4,1,6,1,30,6,1796,1,10,-1,1,-1
201531C055415,1,9,0,18,0,0,0,0,0,0,1,1,6,2,35,6,1598,1,9,-1,1,-1
201531C055715,1,9,0,18,0,0,0,0,0,0,1,1,6,1,-1,-1,1560,2,10,-1,-1,-1
201531C055715,2,9,0,3,0,0,0,0,0,0,2,1,6,2,27,6,1596,1,10,-1,1,-1
201531C056215,1,2,0,16,0,1,1,0,0,0,4,1,2,2,25,5,49,1,9,-1,1,-1
201531C056415,1,2,0,7,0,6,5,0,0,0,1,1,6,1,15,3,49,1,2,-1,1,-1
201531C056415,2,9,0,18,0,8,0,0,0,0,4,1,6,1,28,6,-1,-1,-1,-1,1,-1
201531C056415,3,9,0,2,0,2,0,0,0,0,2,1,1,2,52,8,1498,1,5,-1,1,-1
201531C056615,1,9,0,18,0,0,0,0,0,0,3,1,6,1,63,9,1686,2,11,-1,1,-1
201531C056915,1,9,0,9,0,6,0,0,0,0,1,1,2,2,52,8,1398,1,4,-1,1,-1
201531C056915,2,3,0,14,0,8,0,0,0,0,4,1,2,1,19,4,124,1,15,-1,3,-1
201531C057115,1,9,0,1,0,0,0,0,0,0,2,1,6,2,-1,-1,-1,-1,-1,-1,-1,-1
201531C057315,1,8,0,18,0,1,0,0,0,0,1,1,1,1,43,7,-1,-1,-1,-1,1,-1
201531C057315,2,9,0,13,0,1,0,0,0,0,4,1,6,3,-1,-1,-1,-1,-1,-1,-1,-1
201531C057615,1,9,0,18,0,0,0,4,0,0,4,1,6,1,58,9,1124,1,8,-1,1,-1
201531C057615,2,9,0,2,0,0,0,0,0,0,3,1,6,3,-1,-1,-1,-1,-1,-1,-1,-1
201531C057715,1,9,0,18,0,8,0,0,0,0,0,1,6,3,-1,-1,-1,-1,-1,-1,-1,-1
201531C057715,2,5,0,17,0,1,1,0,0,0,3,1,6,1,56,9,1050,1,10,-1,1,-1
201531C057815,1,9,0,3,0,1,0,0,0,0,2,1,6,1,37,7,1560,2,5,-1,1,-1
201531C057815,2,9,0,18,0,1,0,0,0,0,1,1,6,2,30,6,1560,2,6,-1,1,-1
201531C058415,1,19,0,18,0,0,1,0,0,0,1,1,1,1,51,8,1753,2,2,-1,1,-1
201531C058915,1,3,0,15,0,2,0,0,0,0,1,1,6,3,-1,-1,-1,-1,-1,-1,-1,-1
201531C059215,1,9,0,18,0,8,0,0,0,0,4,1,6,1,61,9,2987,2,5,-1,1,-1
201531C059215,2,19,0,18,0,8,1,0,0,0,1,1,1,1,29,6,2402,2,14,-1,1,-1
201531C059315,1,9,0,18,0,0,0,0,0,0,3,1,6,1,50,8,1587,1,10,-1,1,-1
201531C059515,1,22,0,18,0,0,0,0,0,0,1,1,6,2,69,10,-1,-1,-1,-1,-1,-1
201531C059515,2,90,0,13,0,0,0,0,0,0,1,1,6,3,-1,-1,-1,-1,-1,-1,-1,-1
201531C059615,1,9,0,9,0,8,5,4,0,0,1,1,6,1,27,6,1389,1,12,-1,1,-1
201531C059615,2,9,0,18,0,1,0,0,0,0,1,1,1,1,43,7,1796,1,12,-1,1,-1
201531C059615,3,9,0,2,0,1,0,0,0,0,3,1,6,1,43,7,1461,2,10,-1,-1,-1
201531C060915,1,11,0,2,0,0,0,0,0,0,0,1,1,1,-1,-1,9000,2,1,-1,-1,-1
201531C061315,1,9,0,7,0,6,0,0,0,0,1,1,6,1,64,9,1686,2,7,-1,1,-1
201531C061315,2,9,0,18,0,8,0,0,0,0,4,1,6,1,53,8,1595,1,14,-1,1,-1
201531C061815,1,8,0,18,0,0,0,0,0,0,1,1,1,1,48,8,1797,8,5,-1,1,-1
201531C061815,2,9,0,18,0,0,0,0,0,0,2,1,6,3,-1,-1,-1,-1,-1,-1,-1,-1
201531C062015,1,9,0,18,0,1,0,0,0,0,1,1,6,1,20,4,1124,1,15,-1,1,-1
201531C062215,1,9,0,7,0,5,0,0,0,0,4,1,6,1,24,5,1988,1,15,-1,1,-1
201531C062215,2,1,0,18,2,8,0,0,0,0,3,1,6,2,45,7,-1,-1,-1,-1,1,-1
201531C062815,1,9,0,12,0,8,0,0,0,0,1,1,6,2,25,5,1398,1,14,-1,1,-1
201531C062815,2,8,0,18,0,8,0,0,0,0,4,1,1,1,44,7,1995,2,9,-1,1,-1
201531C063115,1,9,0,18,0,8,0,0,0,0,1,1,6,2,49,8,1596,1,1,-1,1,-1
201531C063315,1,9,0,18,0,1,0,0,0,0,1,1,6,2,39,7,1968,2,6,-1,1,-1
201531C063315,2,9,0,7,0,5,0,0,0,0,2,1,6,2,43,7,1896,2,7,-1,1,-1
201531C063715,1,9,0,7,0,5,0,0,0,0,4,1,6,1,41,7,1598,1,16,-1,1,-1
201531C063715,2,11,0,4,0,1,0,0,0,0,1,1,1,2,50,8,6700,2,4,-1,1,-1
201531C063915,1,1,0,12,0,8,0,0,0,0,3,1,2,1,28,6,-1,-1,-1,-1,1,-1
201531C063915,2,9,0,18,0,1,0,0,0,0,1,1,2,2,49,8,1587,1,12,-1,1,-1
201531C064115,1,9,0,5,0,1,0,0,0,0,0,1,6,3,-1,-1,-1,-1,-1,-1,-1,-1
201531C064215,1,2,0,18,0,0,1,0,0,0,1,1,6,1,16,4,49,1,11,-1,1,-1
201531C064215,2,9,0,18,0,0,0,0,0,0,3,1,6,1,75,10,989,1,13,-1,1,-1
201531C064515,1,8,0,18,0,1,0,0,0,0,3,1,1,1,38,7,2664,2,13,-1,1,-1
201531C064515,2,9,0,18,0,2,0,0,0,0,3,1,1,1,45,7,2143,2,-1,-1,1,-1
201531C064615,1,9,0,18,0,1,0,0,0,0,1,1,6,3,-1,-1,-1,-1,-1,-1,-1,-1
201531C064715,1,9,0,5,0,1,0,0,0,0,0,1,6,2,32,6,1598,1,8,-1,1,-1
201531C064715,2,11,0,18,0,1,0,0,0,0,0,1,1,1,61,9,4250,2,9,-1,1,-1
201531C065315,1,9,0,18,0,2,0,0,0,0,1,1,6,2,-1,-1,-1,-1,-1,-1,-1,-1
201531C065515,1,11,0,2,0,1,0,0,0,0,4,1,1,1,57,9,9000,2,8,-1,1,-1
201531C065615,1,8,0,5,0,0,0,0,0,0,3,1,3,1,-1,-1,1798,1,3,-1,-1,-1
201531C065815,1,18,2,18,1,1,0,0,0,0,1,1,1,1,60,9,-1,-1,-1,-1,1,-1
201531C066215,1,9,0,1,0,8,0,0,0,0,2,2,6,3,-1,-1,-1,-1,-1,-1,-1,-1
201531C066415,1,9,0,9,0,6,0,0,0,0,1,1,6,2,37,7,1997,2,6,-1,2,-1
201531C066415,2,9,0,18,0,8,0,0,0,0,3,1,6,1,25,5,1995,2,1,-1,1,-1
201531C066715,1,9,0,18,0,0,0,0,0,0,4,1,6,3,-1,-1,-1,-1,-1,-1,-1,-1
201531C066815,1,9,0,9,0,6,0,0,0,0,1,1,6,2,-1,-1,1560,2,1,-1,2,-1
201531C066815,2,9,0,18,0,8,0,0,0,0,3,1,6,1,35,6,1596,1,8,-1,1,-1
201531C066915,1,9,0,4,0,1,0,0,0,0,1,1,6,2,22,5,1299,1,13,-1,1,-1
201531C066915,2,9,0,18,0,1,0,0,0,0,2,1,6,1,35,6,2993,2,1,-1,1,-1
201531C067515,1,9,0,16,0,0,0,10,4,2,3,1,6,1,24,5,-1,-1,-1,-1,1,-1
201531C067815,1,9,0,7,0,6,0,0,0,0,1,1,6,2,34,6,-1,-1,-1,-1,1,-1
201531C068215,1,9,0,18,0,0,0,0,0,0,1,1,6,1,-1,-1,1798,1,6,-1,-1,-1
201531C068215,2,9,0,4,0,0,0,0,0,0,2,1,6,2,23,5,1598,2,2,-1,1,-1
201531C068415,1,9,0,9,0,5,0,0,0,0,4,1,6,1,52,8,3724,1,12,-1,1,-1