Accident_Index,Vehicle_Reference,Vehicle_Type,Towing_and_Articulation,Vehicle_Manoeuvre,Vehicle_Location-Restricted_Lane,Junction_Location,Skidding_and_Overturning,Hit_Object_in_Carriageway,Vehicle_Leaving_Carriageway,Hit_Object_off_Carriageway,1st_Point_of_Impact,Was_Vehicle_Left_Hand_Drive?,Journey_Purpose_of_Driver,Sex_of_Driver,Age_of_Driver,Age_Band_of_Driver,Engine_Capacity_(CC),Propulsion_Code,Age_of_Vehicle,Driver_IMD_Decile,Driver_Home_Area_Type,Vehicle_IMD_Decile
201531C146415,2,9,0,13,0,8,0,0,0,0,1,1,1,1,21,5,1299,1,16,-1,1,-1
201531C146815,1,9,0,18,0,0,0,0,0,0,1,1,6,1,55,8,-1,-1,-1,-1,-1,-1
201531C146815,2,1,0,18,0,0,0,0,0,0,3,1,6,1,21,5,-1,-1,-1,-1,1,-1
201531C147015,1,19,0,4,0,1,0,0,0,0,1,1,6,1,62,9,1870,2,9,-1,2,-1
201531C147015,2,9,0,4,0,1,0,0,0,0,2,1,6,2,58,9,1598,1,11,-1,1,-1
201531C147115,1,90,0,14,0,0,0,0,0,0,1,1,1,1,33,6,2198,2,1,-1,3,-1
201531C147115,2,9,0,18,0,0,0,0,0,0,1,1,1,1,26,6,1329,1,-1,-1,1,-1
201531C147115,3,11,0,2,0,0,0,0,0,0,3,1,1,1,50,8,9000,2,4,-1,1,-1
201531C147915,1,8,0,7,0,6,0,0,0,0,1,1,1,1,-1,-1,2499,2,7,-1,1,-1
201531C147915,2,1,0,15,0,8,0,0,0,0,3,1,6,1,33,6,-1,-1,-1,-1,1,-1
201531C148315,1,9,0,2,0,1,0,0,0,0,3,1,1,1,36,7,1797,8,5,-1,1,-1
201531C148315,2,1,0,14,0,1,0,4,0,0,1,1,6,2,34,6,-1,-1,-1,-1,1,-1
201531C148515,1,9,0,18,0,0,0,4,0,0,1,1,2,1,36,7,1560,2,8,-1,1,-1
201531C148515,2,9,0,2,0,0,0,0,0,0,2,1,6,2,48,8,1198,1,10,-1,1,-1
201531C148815,1,9,0,11,0,1,0,0,0,0,4,1,6,1,36,7,1896,2,9,-1,-1,-1
201531C148815,2,9,0,18,0,1,0,0,0,0,3,1,6,1,34,6,1896,2,6,-1,1,-1
201531C149215,1,9,0,18,0,1,0,7,0,0,1,1,6,1,25,5,1686,2,10,-1,-1,-1
201531C149515,1,9,0,1,0,1,0,4,0,0,2,1,6,1,19,4,1997,2,8,-1,1,-1
201531C149515,2,9,0,2,0,1,0,0,0,0,3,1,6,2,21,5,1242,1,9,-1,1,-1
201531C149615,1,9,0,18,0,1,0,0,0,0,1,1,6,1,-1,-1,1199,1,13,-1,1,-1
201531C149615,2,9,0,3,0,1,0,0,0,0,2,1,6,1,30,6,1753,2,8,-1,1,-1
201531C149615,3,9,0,3,0,1,0,0,0,0,2,1,6,2,-1,-1,998,1,2,-1,1,-1
201531C149715,1,9,0,12,0,0,0,0,0,0,2,1,6,1,38,7,1598,1,14,-1,1,-1
201531C149715,2,9,0,4,0,0,0,0,0,0,1,1,6,3,-1,-1,-1,-1,-1,-1,-1,-1
201531C150015,1,9,0,7,0,6,0,0,0,0,4,1,6,2,67,10,1397,1,5,-1,1,-1
201531C150115,1,3,0,18,0,1,0,4,0,0,1,1,6,1,75,10,124,1,11,-1,1,-1
201531C150115,2,9,0,2,0,1,0,0,0,0,1,1,6,3,-1,-1,1364,1,-1,-1,-1,-1
201531C150315,1,9,0,18,0,2,0,0,0,0,1,1,6,3,-1,-1,-1,-1,-1,-1,-1,-1
201531C150315,2,9,0,3,0,2,0,0,0,0,2,1,6,1,42,7,1242,1,1,-1,1,-1
201531C150615,1,9,0,9,0,8,0,0,0,0,1,1,6,2,29,6,1395,1,-1,-1,1,-1
201531C150615,2,21,1,9,0,5,0,0,0,0,2,1,6,3,-1,-1,-1,-1,-1,-1,-1,-1
201531C150915,1,9,0,17,0,8,1,0,0,0,1,1,1,2,24,5,1199,1,13,-1,1,-1
201531C150915,2,9,0,3,0,8,0,0,0,0,2,1,6,1,55,8,2199,2,3,-1,1,-1
201531C150915,3,9,0,3,0,8,0,0,0,0,2,1,6,1,47,8,1910,2,5,-1,1,-1
201531C151515,1,9,0,18,0,2,0,0,0,0,1,1,6,1,37,7,2776,2,10,-1,1,-1
201531C151515,2,9,0,3,0,2,0,0,0,0,2,1,6,2,48,8,1597,2,-1,-1,-1,-1
201531C151615,1,9,0,18,0,2,0,0,0,0,1,1,6,1,20,4,1995,2,5,-1,1,-1
201531C151615,2,9,0,3,0,2,0,0,0,0,2,1,6,2,23,5,1364,1,6,-1,1,-1
201531C151915,1,9,0,9,0,6,0,0,0,0,3,1,2,2,24,5,1299,1,11,-1,1,-1
201531C151915,2,19,0,18,0,1,0,0,0,0,1,1,2,1,48,8,1997,2,13,-1,-1,-1
201531C152015,1,9,0,18,0,1,0,0,0,0,1,1,6,1,28,6,1910,2,9,-1,1,-1
201531C152015,2,9,0,9,0,6,0,0,0,0,3,1,6,1,21,5,1360,1,14,-1,-1,-1
201531C152415,1,9,0,4,0,1,0,0,0,0,2,1,6,1,56,9,2231,2,8,-1,1,-1
201531C152415,2,9,0,4,0,1,0,0,0,0,1,1,6,2,33,6,1360,1,13,-1,1,-1
201531C152915,1,9,0,5,0,4,0,0,0,0,3,1,6,1,44,7,1956,2,-1,-1,-1,-1
201531C152915,2,1,0,18,0,8,0,0,0,0,1,1,6,1,22,5,-1,-1,-1,-1,3,-1
201531C153915,1,9,0,18,0,6,0,0,0,0,3,1,6,1,50,8,1995,2,5,-1,1,-1
201531C153915,2,1,0,18,0,8,0,0,0,0,1,1,2,1,46,8,-1,-1,-1,-1,1,-1
201531C154015,1,11,0,18,0,0,0,0,0,0,3,1,1,1,-1,-1,7300,2,6,-1,-1,-1
201531C154015,2,9,0,18,0,0,0,0,0,0,4,1,2,1,37,7,1461,2,2,-1,1,-1
201531C154315,1,9,0,5,0,8,0,0,0,0,1,1,6,2,-1,-1,1242,1,7,-1,1,-1
201531C154315,2,1,0,18,0,8,0,0,0,0,4,1,2,1,29,6,-1,-1,-1,-1,1,-1
201531C154615,1,9,0,18,0,0,0,0,0,0,4,1,6,2,39,7,1798,1,8,-1,1,-1
201531C154615,2,1,0,18,0,0,0,0,0,0,1,1,6,2,12,3,-1,-1,-1,-1,-1,-1
201531C154815,1,9,0,6,0,0,0,0,0,0,3,1,6,1,36,7,1686,2,8,-1,1,-1
201531C154815,2,5,0,18,0,0,0,0,0,0,1,1,6,1,65,9,1085,1,18,-1,1,-1
201531C155315,1,3,0,7,0,5,1,0,0,0,4,1,6,1,22,5,125,1,1,-1,1,-1
201531C155715,1,11,0,2,0,8,0,0,0,0,4,1,1,1,53,8,9000,2,11,-1,1,-1
201531C155815,1,11,0,4,0,1,0,0,0,0,0,1,1,3,-1,-1,-1,-1,-1,-1,-1,-1
201531C155915,1,9,0,9,0,5,1,0,7,11,3,1,6,1,77,11,1360,1,11,-1,1,-1
201531C155915,2,9,0,14,0,8,1,0,7,0,1,1,6,1,49,8,1560,2,1,-1,-1,-1
201531C156115,1,19,0,4,0,2,0,0,1,2,1,1,1,1,45,7,2496,2,16,-1,1,-1
201531C156615,1,11,0,5,0,1,0,0,0,0,1,1,1,1,-1,-1,9000,2,5,-1,-1,-1
201531C156915,1,9,0,18,0,2,0,0,0,0,1,1,6,1,19,4,998,1,3,-1,1,-1
201531C156915,2,9,0,3,0,2,0,0,0,0,2,1,6,1,19,4,1124,1,13,-1,1,-1
201531C156915,3,9,0,3,0,2,0,0,0,0,2,1,6,2,63,9,1991,2,9,-1,3,-1
201531C157215,1,19,0,18,0,0,0,0,0,0,1,1,6,1,37,7,2200,2,13,-1,1,-1
201531C157215,2,9,0,18,0,0,0,0,0,0,2,1,1,1,44,7,1968,2,4,-1,1,-1
201531C157615,1,9,0,9,0,2,0,0,0,0,4,1,1,1,23,5,1968,2,-1,-1,-1,-1
201531C157715,1,9,0,18,0,0,0,0,0,0,4,1,6,3,-1,-1,-1,-1,-1,-1,-1,-1
201531C158015,1,9,0,18,0,0,0,0,0,0,1,1,2,2,26,6,1242,1,7,-1,1,-1
201531C158015,2,19,0,4,0,0,0,0,0,0,2,1,2,1,26,6,1248,2,10,-1,1,-1
201531C158615,1,9,0,11,0,8,0,0,0,0,4,1,6,3,-1,-1,-1,-1,-1,-1,-1,-1
201531C158615,2,3,0,18,0,8,0,0,0,0,3,1,6,1,19,4,125,1,-1,-1,1,-1
201531C158915,1,11,0,13,0,0,0,0,0,0,0,1,1,3,-1,-1,-1,-1,-1,-1,-1,-1
201531C158915,2,1,0,18,0,0,0,0,1,0,0,1,6,1,36,7,-1,-1,-1,-1,1,-1
201531C159815,1,9,0,9,0,6,0,0,0,0,1,1,6,1,38,7,1398,1,13,-1,1,-1
201531C159815,2,9,0,18,0,8,0,0,0,0,3,1,6,2,31,6,1896,2,9,-1,1,-1
201531C159815,3,9,0,3,0,1,0,0,0,0,1,1,6,1,43,7,1461,2,1,-1,1,-1
201531C160015,1,9,0,18,1,0,0,0,0,0,0,1,2,1,-1,-1,-1,-1,-1,-1,-1,-1
201531C160015,2,1,0,18,1,0,0,0,0,0,0,1,6,1,59,9,-1,-1,-1,-1,1,-1
201531C160415,1,9,0,6,0,0,0,0,0,0,3,1,6,1,22,5,998,1,8,-1,1,-1
201531C160415,2,3,0,13,0,0,0,0,0,0,1,1,2,2,25,5,125,1,5,-1,1,-1
201531C160615,1,2,0,18,0,4,1,0,0,0,4,1,6,2,22,5,49,1,6,-1,2,-1
201531C160715,1,9,0,12,0,2,0,0,0,0,3,1,6,1,23,5,1422,2,1,-1,3,-1
201531C160715,2,9,0,18,0,2,0,0,0,0,4,1,6,2,26,6,998,1,3,-1,1,-1
201531C161215,1,9,0,3,0,1,0,0,0,0,2,1,6,3,-1,-1,1896,2,11,-1,-1,-1
201531C161215,2,9,0,3,0,1,0,0,0,0,1,1,1,1,21,5,1390,1,9,-1,-1,-1
201531C161315,1,9,0,5,0,1,0,0,0,0,1,1,6,2,47,8,4164,2,13,-1,3,-1
201531C161315,2,9,0,4,0,1,0,0,0,0,2,1,6,2,39,7,1560,2,2,-1,1,-1
201531C161715,1,9,0,18,0,0,0,0,0,0,4,1,6,1,38,7,1988,1,15,-1,1,-1
201531C161915,1,9,0,18,0,2,0,0,0,0,2,1,6,1,-1,-1,1299,1,13,-1,-1,-1
201531C161915,2,8,0,18,0,2,0,0,0,0,1,1,2,1,70,10,2446,2,13,-1,1,-1
201531C162015,1,9,0,9,0,5,0,0,0,0,3,1,6,1,40,7,1560,2,-1,-1,1,-1
201531C162015,2,9,0,18,0,1,0,0,0,0,1,1,6,1,29,6,1461,2,-1,-1,1,-1
201531C162215,1,9,0,18,0,4,0,0,0,0,1,1,6,2,51,8,1399,1,8,-1,2,-1
201531C162215,2,9,0,9,0,8,0,0,0,0,4,1,6,2,24,5,1598,2,5,-1,1,-1
201531C162415,1,21,1,9,0,8,0,0,0,0,3,1,1,1,52,8,12777,2,3,-1,1,-1
201531C162415,2,9,0,18,0,8,0,0,0,0,4,1,6,2,27,6,1229,1,10,-1,1,-1
201531C162515,1,9,0,18,0,1,0,0,0,0,3,1,6,1,24,5,2171,1,11,-1,1,-1
201531C163115,1,19,0,4,0,2,0,0,0,0,1,1,1,1,46,8,2198,2,2,-1,1,-1
201531C163115,2,9,0,3,0,2,0,0,0,0,2,1,1,2,-1,-1,1248,2,2,-1,1,-1
201531C163215,1,9,0,16,0,1,1,0,0,0,1,1,6,2,27,6,2204,2,10,-1,1,-1
201531C163215,2,9,0,9,0,6,0,0,0,0,3,1,3,2,26,6,-1,-1,-1,-1,1,-1
201531C163415,1,9,0,9,0,5,0,0,0,0,1,1,6,2,25,5,1229,1,1,-1,1,-1
201531C163415,2,9,0,18,0,8,0,0,0,0,1,1,2,2,31,6,998,1,11,-1,1,-1
201531C164115,1,9,0,17,0,0,0,0,0,0,1,1,6,3,-1,-1,1199,1,12,-1,-1,-1
201531C164115,2,9,0,16,0,0,0,0,0,0,1,1,6,1,44,7,1390,1,6,-1,1,-1
201531C164415,1,1,0,15,0,0,0,0,0,0,1,1,6,2,-1,-1,-1,-1,-1,-1,-1,-1
201531C164615,1,9,0,18,0,1,0,0,0,0,1,1,2,1,27,6,1968,2,3,-1,1,-1
201531C164615,2,9,0,3,0,1,0,0,0,0,2,1,6,1,24,5,1910,2,9,-1,1,-1
201531C164815,1,8,0,17,0,2,0,0,0,0,3,1,1,1,27,6,1995,2,7,-1,1,-1
201531C165215,1,9,0,5,0,2,0,10,0,0,1,1,6,1,56,9,1999,1,-1,-1,1,-1
201531C165215,2,21,1,2,0,2,0,0,0,0,3,1,1,1,46,8,12900,2,7,-1,1,-1
201531C165315,1,9,0,9,0,5,0,0,0,0,3,1,6,1,34,6,1124,1,15,-1,1,-1
201531C165315,2,3,0,13,0,8,1,0,0,0,1,1,6,1,30,6,124,1,2,-1,1,-1
201531C165415,1,9,0,18,0,0,1,10,1,1,1,1,6,2,33,6,1497,1,11,-1,1,-1
201531C165515,1,9,0,7,0,6,0,0,0,0,1,1,6,1,-1,-1,1988,2,11,-1,-1,-1
201531C165515,2,1,0,18,0,8,0,0,0,0,4,1,6,2,62,9,-1,-1,-1,-1,1,-1
201531C166815,1,9,0,18,0,0,0,0,0,0,1,1,6,2,27,6,1242,1,11,-1,1,-1
201531C166815,2,9,0,18,0,0,0,0,0,0,2,1,6,1,54,8,1598,1,11,-1,1,-1
201531C166915,1,3,0,18,0,0,0,0,0,0,4,1,6,2,38,7,108,1,2,-1,1,-1
201531C167515,1,9,0,11,0,8,0,0,0,0,0,1,6,1,56,9,1396,1,13,-1,1,-1
201531C167515,2,3,0,18,0,8,0,0,0,0,3,1,6,1,56,9,100,1,13,-1,1,-1
201531C168615,1,9,0,2,0,0,0,0,7,10,3,1,1,1,-1,-1,1560,2,1,-1,1,-1
201531C168715,1,9,0,18,0,8,0,0,0,0,1,1,6,2,31,6,-1,-1,-1,-1,1,-1
201531C168715,2,9,0,9,0,5,0,0,0,0,4,1,6,2,30,6,1398,1,13,-1,1,-1
201531C169015,1,9,0,18,0,0,0,0,0,0,1,1,6,1,29,6,1998,2,10,-1,3,-1
201531C169015,2,9,0,18,0,0,0,0,0,0,2,1,6,1,31,6,1390,1,12,-1,1,-1
201531C169115,1,9,0,11,0,2,0,0,0,0,0,1,6,1,-1,-1,-1,-1,-1,-1,-1,-1
201531C169115,2,11,0,4,0,2,0,0,0,0,0,1,6,1,60,9,9000,2,1,-1,1,-1
201531C169215,1,4,0,13,0,8,0,0,0,0,4,1,6,1,-1,-1,125,1,-1,-1,-1,-1
201531C169215,2,8,0,9,0,5,0,0,0,0,3,1,1,1,56,9,1995,2,4,-1,2,-1
201531C170315,1,3,0,13,0,8,1,0,7,0,1,1,6,1,24,5,124,1,4,-1,1,-1
201531C170315,2,9,0,9,0,5,0,0,0,0,3,1,3,1,31,6,1995,1,8,-1,1,-1
201531C170415,1,9,0,3,0,0,0,0,0,0,2,1,6,2,49,8,1360,1,13,-1,1,-1
201531C170415,2,9,0,3,0,0,0,0,0,0,2,1,1,2,59,9,1396,1,3,-1,1,-1
201531C170415,3,9,0,18,0,0,0,0,0,0,1,1,6,2,57,9,1229,1,9,-1,1,-1
201531C170615,1,9,0,18,0,8,0,0,0,0,1,1,6,2,22,5,1390,1,11,-1,1,-1
201531C170615,2,5,0,9,0,5,0,0,0,0,4,1,6,1,43,7,1250,1,8,-1,1,-1
201531C171315,1,8,0,18,0,1,0,7,0,0,3,1,1,1,-1,-1,-1,-1,-1,-1,-1,-1
201531C171515,1,9,0,7,0,5,0,0,0,0,4,1,6,2,22,5,1229,1,8,-1,1,-1
201531C171515,2,9,0,18,0,8,0,0,0,0,1,1,6,1,39,7,1968,2,3,-1,1,-1
201531C171515,3,1,0,18,0,1,0,0,0,0,1,1,6,1,28,6,-1,-1,-1,-1,1,-1
201531C171715,1,9,0,9,0,5,0,0,0,0,4,1,6,1,18,4,1149,1,13,-1,1,-1
201531C171715,2,9,0,18,0,1,0,0,0,0,1,1,6,2,22,5,1595,1,1,-1,1,-1
201531C171815,1,9,0,18,0,0,0,0,0,0,3,1,6,1,-1,-1,-1,-1,-1,-1,-1,-1
201531C171915,1,11,0,18,0,1,0,0,0,0,0,1,1,1,47,8,6370,2,14,-1,2,-1
201531C172215,1,9,0,18,0,2,0,0,0,0,1,1,6,1,-1,-1,-1,-1,-1,-1,-1,-1
201531C173115,1,3,0,18,0,2,1,4,1,0,1,1,6,1,17,4,-1,-1,-1,-1,1,-1
201531C173115,2,9,0,2,0,2,0,0,0,0,2,1,6,1,-1,-1,1968,2,5,-1,-1,-1
201531C173115,3,9,0,2,0,2,0,0,0,0,2,1,6,1,-1,-1,2148,2,7,-1,-1,-1
201531C173215,1,9,0,18,0,8,0,0,0,0,1,1,6,1,-1,-1,1560,2,9,-1,1,-1
201531C173215,2,9,0,3,0,8,0,0,0,0,2,1,6,2,68,10,1242,1,15,-1,1,-1
201531C173315,1,20,0,4,0,1,0,0,0,0,1,1,1,1,-1,-1,5193,2,3,-1,-1,-1
201531C173315,2,9,0,4,0,1,0,0,0,0,2,1,1,2,34,6,1686,2,11,-1,1,-1
201531C173515,1,9,0,4,0,1,0,0,0,0,1,1,6,1,25,5,1397,1,5,-1,1,-1
201531C173515,2,9,0,10,0,1,0,0,0,0,2,1,1,1,42,7,1598,2,1,-1,1,-1
201531C173615,1,9,0,7,0,5,0,0,1,1,1,1,2,2,20,4,973,1,14,-1,1,-1
201531C173915,1,9,0,9,0,6,0,0,0,0,1,1,6,2,-1,-1,1598,1,8,-1,2,-1
201531C173915,2,9,0,18,0,1,0,0,0,0,3,1,6,2,49,8,1329,1,4,-1,1,-1
201531C174015,1,9,0,14,0,0,0,4,0,0,3,1,2,2,49,8,1968,2,1,-1,1,-1
201531C174015,2,9,0,18,0,0,0,0,0,0,1,1,6,1,54,8,1689,2,16,-1,1,-1
201531C174015,3,8,0,2,0,0,0,0,0,0,3,1,1,1,60,9,1998,2,6,-1,1,-1
201531C174715,1,9,0,5,0,1,0,0,0,0,1,1,6,1,50,8,1896,2,12,-1,1,-1
201531C174715,2,19,0,3,0,4,0,0,0,0,2,1,1,1,56,9,2198,2,-1,-1,1,-1
201531C175315,1,9,0,18,0,4,0,9,1,11,1,1,6,2,34,6,1299,1,15,-1,1,-1
201531C176815,1,9,0,18,0,1,0,0,0,0,1,1,6,1,-1,-1,1995,2,5,-1,2,-1
201531C176815,2,9,0,3,0,1,0,0,0,0,2,1,6,1,42,7,2231,2,7,-1,1,-1
201531C177615,1,8,0,13,0,0,0,0,0,0,4,1,6,1,-1,-1,1797,8,6,-1,-1,-1
201531C177615,2,9,0,11,0,0,0,0,0,0,0,1,6,3,-1,-1,-1,-1,-1,-1,-1,-1
201531C177615,3,1,0,16,0,0,1,0,1,0,3,1,2,1,28,6,-1,-1,-1,-1,1,-1
201531C178015,1,9,0,9,0,5,0,0,0,0,4,1,6,1,22,5,1199,1,13,-1,1,-1
201531C178015,2,1,0,18,0,8,0,0,0,0,1,1,6,1,36,7,-1,-1,-1,-1,1,-1
201531C178215,1,19,0,4,0,1,1,0,0,0,1,1,6,1,48,8,-1,-1,-1,-1,1,-1
201531C178215,2,9,0,3,0,1,0,0,0,0,2,1,6,1,23,5,2000,2,15,-1,1,-1
201531C178315,1,8,0,6,0,1,0,0,0,0,3,1,1,1,55,8,2143,2,4,-1,1,-1
201531C178315,2,1,0,13,0,1,1,0,0,0,1,1,6,1,30,6,-1,-1,-1,-1,1,-1
201531C179315,1,9,0,1,0,6,0,0,0,0,2,1,6,3,-1,-1,1368,1,8,-1,-1,-1
201531C179315,2,9,0,18,0,1,0,0,0,0,1,1,6,1,34,6,1896,2,8,-1,1,-1
201531C179415,1,8,0,16,0,8,1,7,0,0,4,1,1,1,48,8,1497,8,7,-1,1,-1
201531C179415,2,8,0,18,0,8,1,0,0,0,3,1,1,1,22,5,1797,8,6,-1,1,-1
201531C179515,1,9,0,18,0,8,0,0,0,0,3,1,6,2,41,7,1364,1,8,-1,1,-1
201531C179515,2,9,0,18,0,8,0,0,0,0,1,1,6,1,21,5,1229,1,8,-1,1,-1
201531C179915,1,9,0,18,0,0,0,0,0,0,3,1,2,1,53,8,1364,1,6,-1,1,-1
201531C180015,1,11,0,18,0,0,0,0,0,0,1,1,1,1,29,6,-1,2,7,-1,1,-1
201531C180115,1,19,0,4,2,0,0,0,0,0,2,1,1,2,30,6,2198,2,-1,-1,-1,-1
201531C180115,2,11,0,18,0,0,0,0,0,0,1,1,1,1,47,8,6374,2,3,-1,1,-1
201531C180315,1,11,0,2,0,0,0,0,0,0,0,1,1,1,52,8,9000,2,11,-1,1,-1
201531C180615,1,8,0,12,0,2,0,0,0,0,3,1,6,1,-1,-1,-1,-1,-1,-1,-1,-1
201531C180615,2,5,0,18,0,2,0,0,0,0,4,1,2,1,50,8,850,1,18,-1,1,-1
201531C181015,1,9,0,18,0,4,0,0,0,0,1,1,2,1,35,6,1796,1,9,-1,1,-1
201531C181015,2,1,0,9,0,8,0,0,0,0,2,1,2,1,27,6,-1,-1,-1,-1,1,-1
201531C181115,1,9,0,14,0,1,0,0,0,0,1,1,6,1,-1,-1,1332,1,16,-1,1,-1
201531C181615,1,9,0,18,0,0,0,0,0,0,1,1,2,2,51,8,1229,1,5,-1,1,-1
201531C181615,2,1,0,18,0,0,0,0,0,0,1,1,4,1,14,3,-1,-1,-1,-1,-1,-1
201531C181715,1,1,0,7,0,6,0,0,0,0,1,1,6,1,-1,-1,-1,-1,-1,-1,-1,-1
201531C181715,2,9,0,18,0,8,0,0,0,0,4,1,6,1,24,5,1242,1,1,-1,1,-1
201531C181815,1,1,0,18,9,8,0,0,0,0,1,1,6,1,12,3,-1,-1,-1,-1,1,-1
201531C181815,2,9,0,18,9,6,0,0,0,0,3,1,6,2,49,8,1560,2,1,-1,1,-1
201531C182415,1,9,0,18,0,0,0,0,0,0,1,1,2,1,27,6,1240,1,5,-1,1,-1
201531C182415,2,19,0,4,0,0,0,0,0,0,2,1,2,1,42,7,1870,2,10,-1,1,-1
201531C183515,1,9,0,9,0,5,0,0,0,0,1,1,6,2,77,11,1329,1,5,-1,1,-1
201531C183515,2,1,0,18,0,8,0,0,0,0,1,1,1,1,54,8,-1,-1,-1,-1,-1,-1
201531C183615,1,9,0,18,0,3,1,4,7,11,1,1,6,1,18,4,1598,1,12,-1,1,-1
201531C183615,2,9,0,2,0,2,0,0,0,0,2,1,6,1,-1,-1,1997,2,6,-1,-1,-1
201531C183615,3,9,0,2,0,2,0,0,0,0,1,1,6,1,-1,-1,1242,1,13,-1,-1,-1
201531C183715,1,9,0,18,0,2,0,0,0,0,1,1,6,2,34,6,1360,1,9,-1,1,-1
201531C183715,2,1,0,18,0,2,0,0,0,0,2,1,1,1,30,6,-1,-1,-1,-1,1,-1
201531C184515,1,9,0,18,0,1,0,0,0,0,1,1,6,1,-1,-1,1598,1,13,-1,1,-1
201531C184515,2,9,0,3,0,1,0,0,0,0,2,1,6,2,38,7,1797,8,2,-1,1,-1
201531C185015,1,9,0,9,0,6,0,0,0,0,3,1,1,1,42,7,1364,2,5,-1,1,-1
201531C185015,2,9,0,18,0,1,0,0,0,0,1,1,6,2,30,6,1995,2,11,-1,1,-1
201531C185915,1,1,0,18,9,1,0,0,0,0,1,1,2,1,-1,-1,-1,-1,-1,-1,-1,-1
201531C185915,2,9,0,8,0,1,0,0,0,0,4,1,2,1,36,7,1956,2,1,-1,1,-1
201531C186115,1,9,0,18,0,8,0,0,0,0,1,1,6,3,-1,-1,-1,-1,-1,-1,-1,-1
201531C186115,2,1,0,18,0,8,0,0,0,0,4,1,6,1,9,2,-1,-1,-1,-1,1,-1
201531C186215,1,9,0,13,0,0,0,0,0,0,4,1,6,1,20,4,1995,2,9,-1,3,-1
201531C186215,2,8,0,5,0,0,0,0,0,0,1,1,1,1,44,7,2231,2,7,-1,1,-1
201531C186615,1,3,0,17,0,0,0,0,1,10,1,1,6,1,19,4,124,1,8,-1,1,-1
201531C186915,1,9,0,18,0,4,1,9,3,11,1,1,6,1,20,4,1149,1,14,-1,1,-1
201531C187315,1,9,0,18,0,8,0,0,0,0,1,1,1,1,34,6,1560,2,2,-1,1,-1
201531C187315,2,9,0,9,0,5,0,0,0,0,4,1,6,1,75,10,1198,1,8,-1,1,-1
201531C187515,1,9,0,18,0,0,0,0,0,0,3,1,2,2,29,6,1598,1,11,-1,1,-1
201531C187515,2,11,0,14,0,0,0,0,0,0,3,1,1,1,66,10,9000,2,12,-1,1,-1
201531C188015,1,9,0,5,0,1,0,0,0,0,1,1,6,3,-1,-1,1769,1,12,-1,-1,-1
201531C188015,2,9,0,3,0,1,0,0,0,0,2,1,6,2,29,6,1753,2,11,-1,1,-1
201531C188015,3,9,0,3,0,1,0,0,0,0,2,1,6,3,-1,-1,-1,-1,-1,-1,-1,-1
201531C188215,1,21,1,5,0,1,0,0,0,0,2,1,6,1,56,9,6692,2,3,-1,1,-1
201531C188215,2,9,0,5,0,1,0,0,0,0,1,1,6,2,43,7,1198,1,1,-1,1,-1
201531C189215,1,9,0,18,0,1,0,0,0,0,4,1,6,1,48,8,1596,1,10,-1,1,-1
201531C189515,1,9,0,7,0,5,0,0,1,0,4,1,1,1,-1,-1,1995,2,5,-1,1,-1
201531C189515,2,19,0,18,0,1,0,0,0,0,1,1,1,1,31,6,1399,2,6,-1,3,-1
201531C189615,1,9,0,15,0,3,0,0,0,0,3,1,6,1,-1,-1,-1,-1,-1,-1,-1,-1
201531C189615,2,5,0,11,0,3,0,0,0,0,4,1,6,1,31,6,1441,1,-1,-1,1,-1
201531C189915,1,9,0,18,0,1,0,0,1,0,1,1,6,3,-1,-1,1995,2,1,-1,-1,-1
201531C190015,1,9,0,6,0,8,0,0,0,0,1,1,2,2,23,5,1364,1,7,-1,1,-1
201531C190015,2,3,0,18,0,1,0,0,0,0,1,1,6,1,27,6,124,1,1,-1,1,-1
201531C190615,1,19,0,18,0,1,0,0,0,0,1,1,6,1,45,7,1968,2,1,-1,1,-1
201531C190815,1,11,0,18,0,1,0,0,0,0,1,1,1,1,45,7,-1,-1,-1,-1,1,-1
201531C190815,2,9,0,4,0,1,0,0,0,0,2,1,6,2,27,6,2204,2,11,-1,3,-1
201531C191515,1,9,0,17,0,2,5,7,0,0,1,1,6,1,17,4,1198,1,9,-1,1,-1
201531C191515,2,9,0,7,0,6,0,0,0,0,3,1,6,2,52,8,1149,1,1,-1,1,-1
201531C191715,1,9,0,5,0,1,0,0,0,0,1,1,6,2,51,8,1587,1,12,-1,1,-1
201531C191715,2,5,0,8,0,1,0,0,0,0,2,1,6,2,51,8,883,1,-1,-1,2,-1
201531C191815,1,19,0,5,0,0,0,0,0,0,1,1,1,2,53,8,2982,2,7,-1,-1,-1
201531C191815,2,19,0,3,0,0,0,0,0,0,2,1,1,1,27,6,2198,2,3,-1,-1,-1
201531C191815,3,9,0,3,0,0,0,0,0,0,2,1,6,2,42,7,1598,1,11,-1,1,-1
201531C191915,1,9,0,8,0,1,0,0,0,0,2,1,6,2,48,8,995,1,7,-1,1,-1
201531C191915,2,9,0,18,0,1,0,0,0,0,1,1,6,2,26,6,1389,1,13,-1,1,-1
201531C192115,1,9,0,18,0,8,0,0,0,0,1,1,6,3,-1,-1,-1,-1,-1,-1,-1,-1
201531C192915,1,19,0,9,0,5,0,0,0,0,1,1,1,1,50,8,2143,2,1,-1,1,-1
201531C192915,2,1,0,18,0,8,0,0,0,0,1,1,2,1,37,7,-1,-1,-1,-1,1,-1