Accident_Index,Vehicle_Reference,Vehicle_Type,Towing_and_Articulation,Vehicle_Manoeuvre,Vehicle_Location-Restricted_Lane,Junction_Location,Skidding_and_Overturning,Hit_Object_in_Carriageway,Vehicle_Leaving_Carriageway,Hit_Object_off_Carriageway,1st_Point_of_Impact,Was_Vehicle_Left_Hand_Drive?,Journey_Purpose_of_Driver,Sex_of_Driver,Age_of_Driver,Age_Band_of_Driver,Engine_Capacity_(CC),Propulsion_Code,Age_of_Vehicle,Driver_IMD_Decile,Driver_Home_Area_Type,Vehicle_IMD_Decile
201531C279015,2,9,0,18,0,0,0,0,0,0,1,1,6,1,-1,-1,1596,1,8,-1,-1,-1
201531C279115,1,9,0,7,0,6,0,0,0,0,1,1,6,1,-1,-1,1596,1,7,-1,-1,-1
201531C279115,2,1,0,18,0,8,0,0,0,0,1,1,6,1,26,6,-1,-1,-1,-1,1,-1
201531C279215,1,5,0,15,0,8,1,0,0,0,1,1,6,1,75,10,670,1,3,-1,1,-1
201531C279215,2,90,0,7,0,5,1,0,0,0,4,1,1,1,40,7,7146,2,4,-1,-1,-1
201531C279815,1,9,0,5,0,8,0,0,0,0,1,1,6,1,76,11,1997,2,-1,-1,1,-1
201531C279815,2,9,0,3,0,8,0,0,0,0,2,1,6,1,46,8,1910,2,9,-1,1,-1
201531C280115,1,1,0,18,9,0,0,0,0,0,1,1,6,1,-1,-1,-1,-1,-1,-1,-1,-1
201531C280515,1,9,0,18,0,0,0,0,0,0,1,1,6,3,-1,-1,-1,-1,-1,-1,-1,-1
201531C280615,1,9,0,18,0,1,0,0,0,0,1,1,6,3,-1,-1,-1,-1,-1,-1,-1,-1
201531C280715,1,9,0,7,0,4,0,0,0,0,1,1,2,2,46,8,1596,1,2,-1,1,-1
201531C280715,2,1,0,18,0,5,0,0,0,0,4,1,2,1,38,7,-1,-1,-1,-1,1,-1
201531C280815,1,19,0,18,0,1,0,0,0,0,4,1,6,1,49,8,2198,2,2,-1,1,-1
201531C280915,1,9,0,18,0,0,0,0,0,0,3,1,6,1,25,5,1399,2,3,-1,1,-1
201531C280915,2,9,0,18,0,0,0,0,0,0,4,1,6,2,50,8,1590,1,13,-1,1,-1
201531C281015,1,9,0,18,0,8,0,10,0,0,1,1,6,2,37,7,1229,1,8,-1,1,-1
201531C281015,2,9,0,18,0,1,0,0,0,0,3,1,6,2,51,8,1329,1,1,-1,1,-1
201531C281015,3,9,0,18,0,1,0,0,0,0,3,1,6,1,23,5,1968,2,8,-1,1,-1
201531C281315,1,9,0,7,0,3,0,0,0,0,1,1,2,1,-1,-1,1968,2,4,-1,-1,-1
201531C281515,1,10,0,9,0,5,0,0,0,0,1,2,6,1,38,7,-1,-1,-1,-1,-1,-1
201531C281515,2,19,0,18,0,8,0,0,0,0,1,1,6,1,56,9,1868,2,9,-1,1,-1
201531C281715,1,9,0,18,0,8,0,0,0,0,1,1,6,2,-1,-1,1390,1,14,-1,1,-1
201531C281715,2,9,0,9,0,6,0,0,0,0,4,1,2,2,51,8,1461,2,2,-1,3,-1
201531C282315,1,9,0,5,0,0,0,0,0,0,1,1,6,1,20,4,1896,2,12,-1,1,-1
201531C282415,1,9,0,18,0,0,0,0,0,0,1,1,2,2,62,9,1248,1,3,-1,1,-1
201531C282615,1,9,0,16,0,2,0,7,0,0,3,1,6,1,37,7,2148,2,8,-1,1,-1
201531C282715,1,9,0,15,0,8,0,0,0,0,3,1,6,3,-1,-1,-1,-1,-1,-1,-1,-1
201531C282715,2,9,0,10,0,8,0,0,0,0,4,1,6,1,40,7,1968,2,-1,-1,1,-1
201531C283115,1,10,0,18,0,1,0,0,0,0,1,1,6,1,-1,-1,-1,-1,-1,-1,-1,-1
201531C283415,1,8,0,6,0,0,0,0,0,0,3,1,1,2,58,9,1995,2,7,-1,2,-1
201531C283415,2,3,0,14,0,0,0,0,0,0,1,1,2,1,22,5,124,1,3,-1,1,-1
201531C283515,1,9,0,18,0,1,0,0,0,0,1,1,6,2,21,5,1242,1,10,-1,1,-1
201531C283715,1,9,0,4,0,8,0,0,0,0,1,1,6,1,94,11,1364,1,6,-1,-1,-1
201531C283715,2,9,0,17,0,8,0,0,0,0,4,1,6,2,46,8,1198,1,6,-1,1,-1
201531C284015,1,1,0,18,4,0,0,0,0,0,1,1,2,2,24,5,-1,-1,-1,-1,1,-1
201531C284115,1,19,0,18,0,0,0,0,0,0,1,1,6,2,60,9,1753,2,11,-1,1,-1
201531C284115,2,9,0,3,0,0,0,0,0,0,2,1,6,1,47,8,1956,2,1,-1,1,-1
201531C284215,1,9,0,4,0,0,0,0,0,0,2,1,6,2,36,7,1560,2,3,-1,1,-1
201531C284215,2,4,0,4,0,0,0,0,0,0,1,1,6,1,59,9,498,1,17,-1,1,-1
201531C284515,1,9,0,9,0,5,0,0,0,0,4,1,2,2,29,6,1242,1,7,-1,1,-1
201531C284515,2,9,0,5,0,8,0,0,0,0,1,1,6,2,52,8,1299,1,11,-1,1,-1
201531C284615,1,9,0,12,0,0,0,0,0,0,1,1,6,1,24,5,1598,1,3,-1,1,-1
201531C285015,1,9,0,18,0,8,0,0,0,0,1,1,6,2,30,6,1398,1,1,-1,1,-1
201531C285015,2,9,0,10,0,8,0,0,0,0,4,1,6,2,34,6,1995,2,9,-1,1,-1
201531C285315,1,9,0,18,0,8,0,0,0,0,1,1,6,1,-1,-1,1970,1,13,-1,-1,-1
201531C285315,2,9,0,18,0,8,0,0,0,0,4,1,6,2,25,5,1299,1,14,-1,1,-1
201531C285315,3,9,0,18,0,8,0,0,0,0,4,1,6,1,43,7,1998,2,4,-1,1,-1
201531C285515,1,1,0,18,0,0,0,10,0,0,3,1,6,2,19,4,-1,-1,-1,-1,-1,-1
201531C285715,1,9,0,18,0,0,1,4,0,0,1,1,6,1,31,6,1600,1,10,-1,1,-1
201531C285715,2,9,0,2,0,0,0,0,0,0,2,1,6,1,32,6,1798,1,13,-1,-1,-1
201531C285715,3,9,0,2,0,0,0,0,0,0,3,1,6,1,27,6,1461,2,-1,-1,-1,-1
201531C286015,1,3,0,18,0,0,0,0,0,0,1,1,1,1,27,6,124,1,10,-1,3,-1
201531C286015,2,9,0,4,0,0,0,0,0,0,2,1,6,2,20,4,1242,1,5,-1,1,-1
201531C286715,1,9,0,18,0,1,0,0,0,0,1,1,6,3,-1,-1,-1,-1,-1,-1,-1,-1
201531C286815,1,9,0,7,0,6,0,0,0,0,1,1,6,1,30,6,1299,1,11,-1,1,-1
201531C286815,2,9,0,18,0,8,0,0,0,0,3,1,6,2,58,9,1598,1,2,-1,1,-1
201531C286915,1,11,0,18,0,1,0,0,0,0,1,1,1,1,55,8,6370,2,12,-1,1,-1
201531C286915,2,9,0,12,0,1,0,0,0,0,2,1,6,1,-1,-1,3456,8,2,-1,-1,-1
201531C287115,1,9,0,18,0,2,5,0,0,0,1,1,2,1,23,5,1586,1,8,-1,1,-1
201531C287115,2,9,0,2,0,1,0,0,0,0,2,1,2,1,24,5,1299,1,9,-1,1,-1
201531C287115,3,9,0,2,0,2,0,0,0,0,2,1,2,2,-1,-1,1796,1,8,-1,1,-1
201531C287715,1,19,0,18,0,1,0,0,0,0,1,1,6,1,-1,-1,2800,2,14,-1,1,-1
201531C287715,2,9,0,3,0,1,0,0,0,0,2,1,6,2,52,8,1991,1,-1,-1,1,-1
201531C288115,1,11,0,18,0,8,0,0,0,0,1,1,6,1,61,9,4250,2,3,-1,1,-1
201531C288115,2,9,0,4,0,8,0,0,0,0,2,1,1,2,-1,-1,1390,1,9,-1,1,-1
201531C288515,1,9,0,18,0,0,0,0,0,0,1,1,6,3,-1,-1,-1,-1,-1,-1,-1,-1
201531C289215,1,9,0,18,0,1,0,0,0,0,3,1,6,1,44,7,1998,1,10,-1,1,-1
201531C289215,2,9,0,7,0,6,0,0,0,0,1,1,1,2,47,8,1596,1,13,-1,1,-1
201531C289515,1,9,0,18,0,1,0,0,0,0,1,1,6,1,-1,-1,1995,2,13,-1,-1,-1
201531C289515,2,9,0,9,0,5,0,0,0,0,1,1,6,2,56,9,1149,1,7,-1,1,-1
201531C289615,1,3,0,18,0,1,0,0,0,0,3,1,2,1,-1,-1,-1,3,2,-1,1,-1
201531C289615,2,9,0,9,0,5,0,0,0,0,1,1,6,1,54,8,-1,-1,-1,-1,1,-1
201531C289615,3,9,0,10,0,1,0,0,0,0,3,1,2,1,-1,-1,1248,1,2,-1,1,-1
201531C289715,1,19,0,5,0,0,0,0,0,0,3,1,1,1,35,6,1968,2,4,-1,1,-1
201531C289715,2,9,0,18,0,0,0,0,0,0,4,1,6,1,30,6,1595,1,10,-1,-1,-1
201531C289815,1,8,0,5,0,0,0,0,0,0,4,1,1,1,45,7,-1,-1,-1,-1,1,-1
201531C290015,1,9,0,18,0,0,0,0,0,0,2,1,6,2,-1,-1,2993,2,4,-1,1,-1
201531C290015,2,9,0,18,0,0,0,0,0,0,1,1,6,2,29,6,1388,1,6,-1,1,-1
201531C290415,1,8,0,14,0,1,0,0,0,0,4,1,1,3,-1,-1,2402,2,12,-1,-1,-1
201531C290415,2,9,0,3,0,1,0,0,0,0,3,1,6,1,53,8,1242,1,6,-1,1,-1
201531C290815,1,9,0,18,0,8,0,0,0,0,1,1,6,3,-1,-1,-1,-1,-1,-1,-1,-1
201531C290815,2,1,0,18,0,8,0,0,0,0,2,1,2,2,23,5,-1,-1,-1,-1,1,-1
201531C291515,1,10,0,2,0,1,0,4,0,0,1,1,1,1,31,6,-1,-1,-1,-1,1,-1
201531C291515,2,8,0,2,0,2,0,0,0,0,2,1,1,1,53,8,1797,8,5,-1,1,-1
201531C291515,3,19,0,2,0,2,0,0,0,0,2,1,1,1,47,8,1998,2,14,-1,1,-1
201531C291515,4,9,0,2,0,2,0,0,0,0,4,1,6,3,-1,-1,2143,2,3,-1,-1,-1
201531C291615,1,19,0,18,0,0,0,0,0,0,4,1,6,2,-1,-1,2198,2,7,-1,-1,-1
201531C292015,1,11,0,11,0,0,0,0,0,0,0,1,1,3,-1,-1,-1,-1,-1,-1,-1,-1
201531C292115,1,5,0,18,0,0,1,4,1,1,1,1,6,1,31,6,675,1,7,-1,1,-1
201531C292115,2,9,0,2,0,0,0,0,0,0,4,1,6,3,-1,-1,1686,2,10,-1,-1,-1
201531C292215,1,9,0,18,0,1,0,0,0,0,1,1,6,1,60,9,1900,2,15,-1,1,-1
201531C292215,2,9,0,10,0,1,0,0,0,0,2,1,6,1,38,7,2231,2,7,-1,1,-1
201531C292815,1,9,0,18,0,1,0,0,0,0,2,1,6,2,41,7,1598,1,7,-1,1,-1
201531C292815,2,9,0,18,0,1,0,0,0,0,1,1,6,2,38,7,998,1,8,-1,1,-1
201531C293115,1,19,0,18,0,2,0,0,0,0,1,1,6,1,28,6,1870,2,11,-1,1,-1
201531C293115,2,1,0,18,0,2,0,0,0,0,3,1,6,2,22,5,-1,-1,-1,-1,1,-1
201531C293215,1,9,0,18,0,1,0,0,0,0,1,1,6,1,35,6,2993,2,11,-1,1,-1
201531C293215,2,9,0,9,0,5,0,0,0,0,1,1,6,1,39,7,1398,1,14,-1,1,-1
201531C293415,1,9,0,18,0,0,0,0,0,0,2,1,6,1,25,5,1339,1,8,-1,1,-1
201531C293415,2,9,0,13,0,0,0,0,0,0,1,1,6,1,20,4,1781,1,13,-1,1,-1
201531C293415,3,9,0,18,0,0,0,0,0,0,1,1,6,1,-1,-1,1910,2,8,-1,1,-1
201531C293815,1,3,0,18,0,1,0,0,0,0,1,1,6,1,31,6,-1,-1,-1,-1,1,-1
201531C293815,2,9,0,9,0,6,0,0,0,0,1,1,6,2,54,8,1984,1,12,-1,1,-1
201531C293815,3,8,0,3,0,1,0,0,0,0,1,1,6,1,54,8,1598,2,-1,-1,1,-1
201531C293815,4,9,0,3,0,1,0,0,0,0,1,1,6,1,44,7,1997,2,3,-1,1,-1
201531C294515,1,9,0,4,0,0,0,0,0,0,1,1,6,2,55,8,1360,1,14,-1,1,-1
201531C294515,2,9,0,3,0,0,0,0,0,0,2,1,6,2,40,7,1798,1,4,-1,1,-1
201531C294515,3,9,0,3,0,0,0,0,0,0,2,1,6,2,38,7,-1,-1,-1,-1,1,-1
201531D000415,1,9,0,18,0,0,1,4,1,2,1,1,6,2,56,9,1991,2,4,-1,1,-1
201531D000415,2,9,0,2,0,0,0,0,0,0,2,1,6,3,-1,-1,1799,1,18,-1,-1,-1
201531D000615,1,9,0,18,0,1,0,0,0,0,1,1,1,1,54,8,-1,-1,-1,-1,-1,-1
201531D001015,1,9,0,16,0,0,1,0,7,9,1,1,6,2,24,5,-1,-1,-1,-1,1,-1
201531D001215,1,9,0,9,0,6,0,0,0,0,3,1,6,1,-1,-1,-1,-1,-1,-1,1,-1
201531D001215,2,9,0,18,0,8,0,0,0,0,1,1,6,2,79,11,1598,1,5,-1,-1,-1
201531D002915,1,9,0,18,0,0,1,0,0,0,1,1,2,1,40,7,1870,2,9,-1,1,-1
201531D002915,2,19,0,18,0,0,1,0,1,0,1,1,1,1,32,6,1399,2,5,-1,1,-1
201531D002915,3,9,0,18,0,0,1,0,0,0,1,1,2,1,30,6,-1,-1,-1,-1,1,-1
201531D003015,1,9,0,9,0,5,0,0,1,0,4,1,2,1,57,9,1560,2,3,-1,1,-1
201531D003015,2,5,0,13,0,8,0,0,0,0,1,1,2,1,24,5,955,1,11,-1,1,-1
201531D003115,1,9,0,13,0,0,0,0,0,0,1,1,2,2,61,9,1560,2,8,-1,1,-1
201531D003115,2,9,0,18,0,0,0,0,1,9,1,1,6,2,25,5,-1,-1,-1,-1,1,-1
201531D003415,1,9,0,17,0,0,1,0,1,4,1,1,6,2,43,7,1590,1,18,-1,1,-1
201531D003915,1,9,0,18,0,1,1,0,1,4,1,1,6,3,-1,-1,1984,1,20,-1,-1,-1
201531D003915,2,1,0,18,0,2,1,0,1,0,1,1,6,1,14,3,-1,-1,-1,-1,1,-1
201531D004215,1,9,0,3,0,2,0,0,0,0,1,1,6,2,25,5,1598,1,11,-1,1,-1
201531D004215,2,9,0,18,0,2,0,0,0,0,1,1,6,1,23,5,1598,1,7,-1,1,-1
201531D004315,1,21,1,18,0,1,1,0,0,0,1,1,1,1,52,8,12580,2,9,-1,2,-1
201531D004315,2,9,0,3,0,1,0,0,0,0,2,1,6,1,71,10,1598,2,4,-1,1,-1
201531D004315,3,9,0,3,0,1,0,0,0,0,2,1,2,2,48,8,1120,2,1,-1,1,-1
201531D004615,1,9,0,9,0,5,0,0,0,0,1,1,6,2,24,5,998,1,2,-1,1,-1
201531D004615,2,11,0,18,0,8,0,0,0,0,1,1,1,1,51,8,9000,2,11,-1,1,-1
201531D005015,1,19,0,9,0,5,0,0,0,0,3,1,6,1,28,6,-1,-1,-1,-1,1,-1
201531D005015,2,1,0,10,0,1,0,0,0,0,1,1,6,1,-1,-1,-1,-1,-1,-1,-1,-1
201531D005415,1,9,0,4,0,0,0,0,0,0,1,1,6,1,42,7,1399,2,10,-1,1,-1
201531D005415,2,9,0,4,0,0,0,0,0,0,2,1,6,1,70,10,1796,1,7,-1,1,-1
201531D005615,1,9,0,12,0,2,0,0,0,0,3,1,6,3,-1,-1,-1,-1,-1,-1,-1,-1
201531D005615,2,5,0,18,0,2,0,0,0,0,4,1,2,2,46,8,599,1,7,-1,1,-1
201531D005715,1,9,0,7,0,3,0,0,0,0,0,1,6,3,-1,-1,-1,-1,-1,-1,-1,-1
201531D005715,2,19,0,18,0,8,0,0,0,0,4,1,1,1,38,7,1995,2,1,-1,1,-1
201531D005715,3,9,0,18,0,8,0,0,0,0,2,1,6,1,36,7,1870,2,12,-1,1,-1
201531D006715,1,9,0,18,0,0,1,0,7,0,1,1,6,1,63,9,-1,-1,-1,-1,2,-1
201531D007115,1,9,0,9,0,6,0,0,0,0,3,1,6,1,86,11,1596,1,2,-1,2,-1
201531D007115,2,9,0,18,0,8,0,7,0,0,1,1,6,1,58,9,1968,2,4,-1,1,-1
201531D007915,1,8,0,13,0,0,0,0,0,0,1,1,1,1,49,8,2402,2,10,-1,1,-1
201531D007915,2,1,0,18,0,0,0,0,1,0,3,1,6,1,38,7,-1,-1,-1,-1,1,-1
201531D008415,1,9,0,18,0,0,0,0,0,0,1,1,6,1,27,6,1398,2,8,-1,1,-1
201531D008415,2,9,0,18,0,0,0,0,0,0,2,1,2,2,57,9,1242,1,2,-1,1,-1
201531D009215,1,9,0,17,0,0,1,0,1,4,1,1,6,1,18,4,1388,1,7,-1,2,-1
201531D009315,1,9,0,9,0,5,0,0,1,0,1,1,6,2,62,9,1399,2,7,-1,2,-1
201531D009315,2,3,0,18,0,8,0,0,1,0,3,1,6,1,30,6,50,1,12,-1,1,-1
201531D009915,1,9,0,9,0,6,0,0,0,0,1,1,6,1,27,6,1299,1,11,-1,2,-1
201531D009915,2,1,0,9,0,5,0,0,0,0,3,1,6,1,43,7,-1,-1,-1,-1,1,-1
201531D010515,1,11,0,16,0,0,0,0,1,4,1,1,1,1,25,5,6700,2,7,-1,3,-1
201531D011915,1,9,0,1,0,6,0,0,0,0,2,1,6,1,48,8,1997,2,15,-1,3,-1
201531D011915,2,9,0,2,0,8,0,0,0,0,4,1,6,1,20,4,1587,1,13,-1,1,-1
201531D012615,1,9,0,12,0,0,0,0,0,0,3,1,6,1,26,6,1299,1,13,-1,1,-1
201531D012615,2,19,0,18,0,0,0,0,0,0,1,1,2,1,40,7,-1,-1,-1,-1,1,-1
201531D012715,1,3,0,17,0,0,0,0,0,0,3,1,6,1,20,4,124,1,1,-1,1,-1
201531D013115,1,9,0,18,0,0,0,0,0,0,1,1,6,2,31,6,1796,1,8,-1,1,-1
201531D013115,2,9,0,3,0,0,0,0,0,0,2,1,6,2,55,8,1248,1,2,-1,3,-1
201531D014615,1,9,0,9,0,6,0,0,0,0,3,1,6,2,28,6,1596,1,5,-1,1,-1
201531D014615,2,3,0,13,0,1,0,0,0,0,1,1,6,1,30,6,124,1,1,-1,1,-1
201531D014815,1,9,0,9,0,6,0,0,0,0,1,1,6,2,41,7,1398,1,13,-1,1,-1
201531D014815,2,9,0,18,0,8,0,0,0,0,1,1,1,1,40,7,2500,2,24,-1,1,-1
201531D015015,1,9,0,7,0,3,0,0,0,0,3,1,6,3,-1,-1,2993,2,10,-1,-1,-1
201531D015015,2,9,0,3,0,8,0,0,0,0,4,1,1,1,34,6,1968,2,2,-1,3,-1
201531D015215,1,9,0,17,0,0,1,0,1,4,1,1,6,1,43,7,1198,1,10,-1,1,-1
201531D015815,1,9,0,1,0,0,0,0,0,0,2,1,6,3,-1,-1,-1,-1,-1,-1,-1,-1
201531D015815,2,8,0,2,0,0,0,0,0,0,1,1,1,1,32,6,1995,2,13,-1,1,-1
201531D016615,1,9,0,9,0,6,0,0,0,0,3,1,2,2,20,4,-1,-1,-1,-1,1,-1
201531D016615,2,9,0,18,0,8,0,0,0,0,1,1,2,2,23,5,1242,1,6,-1,1,-1
201531D016715,1,1,0,16,0,0,0,0,1,0,3,1,2,1,-1,-1,-1,-1,-1,-1,1,-1
201531D016715,2,9,0,13,0,0,0,0,0,0,4,1,6,3,-1,-1,-1,-1,-1,-1,-1,-1
201531D017115,1,9,0,3,0,1,0,0,0,0,2,1,2,2,42,7,1598,1,2,-1,1,-1
201531D017115,2,9,0,16,0,1,1,0,0,0,1,1,6,1,-1,-1,1595,1,11,-1,3,-1
201531D017315,1,19,0,18,0,0,1,0,1,7,1,1,1,1,51,8,1560,2,5,-1,1,-1
201531D017315,2,9,0,18,0,0,1,0,1,7,3,1,2,2,23,5,1242,1,11,-1,2,-1
201531D017615,1,9,0,16,0,0,1,0,0,0,1,1,2,1,20,4,1390,1,15,-1,2,-1
201531D017615,2,9,0,18,0,0,1,0,0,0,1,1,2,2,25,5,1248,1,4,-1,1,-1
201531D017915,1,9,0,18,0,0,1,0,1,3,1,1,2,1,28,6,1995,2,3,-1,3,-1
201531D018215,1,2,0,18,0,1,1,0,0,0,4,1,6,1,16,4,49,1,12,-1,1,-1
201531D018215,2,9,0,10,0,1,1,0,0,0,0,1,6,2,39,7,1796,1,6,-1,1,-1
201531D018615,1,9,0,8,0,1,0,0,0,0,1,1,6,1,-1,-1,1298,1,15,-1,2,-1
201531D018615,2,9,0,5,0,1,0,0,0,0,2,1,6,1,-1,-1,1199,1,13,-1,1,-1
201531D019415,1,9,0,18,0,0,0,0,7,9,1,1,6,2,65,9,-1,-1,-1,-1,1,-1
201531D019415,2,19,0,18,0,0,0,0,1,1,2,1,6,1,53,8,1968,2,2,-1,1,-1
201531D019615,1,9,0,9,0,6,0,0,0,0,3,1,6,2,29,6,1796,1,10,-1,-1,-1
201531D019615,2,3,0,18,0,8,0,0,0,0,1,1,6,1,19,4,124,1,10,-1,-1,-1
201531D019715,1,9,0,17,0,0,2,0,1,10,1,1,6,2,30,6,-1,-1,-1,-1,2,-1
201531D020015,1,3,0,8,0,0,1,0,0,0,4,1,6,1,32,6,124,1,3,-1,1,-1
201531D020315,1,9,0,14,0,0,0,0,0,0,4,1,6,1,56,9,1995,1,15,-1,1,-1
201531D020815,1,9,0,12,0,0,0,0,0,0,3,1,6,3,-1,-1,1794,1,10,-1,-1,-1
201531D020815,2,9,0,18,0,0,0,0,0,0,4,1,6,1,23,5,998,1,16,-1,1,-1
201531D021115,1,9,0,5,0,1,0,0,0,0,3,1,2,1,27,6,1396,1,12,-1,1,-1
201531D021315,1,19,0,9,0,5,0,0,0,0,1,1,1,1,36,7,2198,2,2,-1,1,-1
201531D021315,2,2,0,18,0,1,0,0,0,0,3,1,6,1,16,4,49,1,7,-1,1,-1
201531D022015,1,9,0,9,0,5,0,0,1,11,4,1,6,2,70,10,-1,-1,-1,-1,3,-1
201531D022015,2,9,0,18,0,8,0,0,0,0,1,1,6,1,49,8,1198,1,1,-1,-1,-1
201531D022015,3,9,0,18,0,8,0,0,1,11,1,1,6,1,60,9,2967,2,1,-1,3,-1
201531D022315,1,9,0,16,0,0,1,0,0,0,3,1,6,2,42,7,-1,-1,-1,-1,2,-1
201531D022315,2,21,0,17,0,0,1,0,0,0,3,1,1,1,50,8,10518,2,7,-1,2,-1
201531D022615,1,19,0,17,0,1,5,0,1,9,1,1,1,1,37,7,-1,-1,-1,-1,1,-1
201531D023015,1,9,0,16,0,0,1,0,1,0,1,1,6,1,21,5,1390,1,6,-1,-1,-1
201531D023015,2,9,0,17,0,0,0,0,0,0,1,1,6,2,48,8,2179,2,1,-1,3,-1
201531D024015,1,5,0,13,0,8,0,0,0,0,1,1,2,1,60,9,600,1,10,-1,1,-1
201531D024015,2,9,0,9,0,5,0,0,0,0,3,1,2,1,44,7,1124,1,9,-1,1,-1
201531D024115,1,9,0,7,0,6,0,0,1,0,1,1,6,2,-1,-1,-1,-1,-1,-1,2,-1
201531D024115,2,9,0,18,0,8,0,0,0,0,1,1,6,1,26,6,-1,-1,-1,-1,-1,-1
201531D024315,1,9,0,9,0,5,0,0,0,0,1,1,6,2,48,8,-1,-1,-1,-1,-1,-1
201531D024315,2,1,0,18,0,8,0,0,0,0,3,1,6,1,41,7,-1,-1,-1,-1,-1,-1
201531D024615,1,9,0,17,0,0,2,0,1,3,1,1,2,1,23,5,-1,-1,-1,-1,1,-1
201531D024715,1,9,0,9,0,6,0,0,0,0,2,1,6,2,55,8,-1,-1,-1,-1,1,-1
201531D024715,2,9,0,18,0,8,0,0,0,0,1,1,6,1,21,5,1368,1,6,-1,1,-1
201531D025115,1,9,0,4,0,1,1,0,0,0,1,1,6,2,-1,-1,1598,1,3,-1,2,-1
201531D025115,2,9,0,10,0,1,0,0,1,0,2,1,6,2,40,7,1560,2,4,-1,1,-1
201531D025615,1,9,0,9,0,5,0,0,0,0,3,1,2,1,45,7,1896,2,14,-1,1,-1
201531D025615,2,3,0,13,0,1,0,0,0,0,1,1,2,1,25,5,124,1,7,-1,1,-1
201531D025815,1,1,0,7,0,5,0,0,0,0,4,1,6,1,23,5,-1,-1,-1,-1,1,-1
201531D025915,1,11,0,2,0,0,0,0,0,0,4,1,1,1,64,9,9000,2,10,-1,1,-1
201531D026215,1,19,0,18,0,8,0,7,0,0,1,1,1,1,26,6,2198,2,7,-1,1,-1
201531D026215,2,19,0,5,0,8,0,0,0,0,1,1,6,1,44,7,1968,2,1,-1,2,-1
201531D027315,1,9,0,17,0,0,1,0,7,4,1,1,2,2,54,8,-1,-1,-1,-1,1,-1
201531D027415,1,9,0,17,0,0,1,0,1,11,1,1,6,2,51,8,-1,-1,-1,-1,2,-1
201531D027515,1,90,0,18,0,0,2,10,1,9,1,1,2,1,65,9,-1,-1,-1,-1,2,-1
201531D027715,1,9,0,17,0,0,1,0,1,4,1,1,6,1,22,5,-1,-1,-1,-1,1,-1
201531D027915,1,9,0,4,0,0,1,0,1,2,1,1,6,1,25,5,1587,1,18,-1,1,-1
201531D028215,1,1,0,18,0,0,2,4,0,0,1,1,1,2,45,7,-1,-1,-1,-1,1,-1
201531D028215,2,9,0,2,0,0,0,0,0,0,3,1,6,3,-1,-1,1910,2,7,-1,-1,-1
201531D028415,1,9,0,5,0,1,0,0,0,0,0,1,6,3,-1,-1,-1,-1,-1,-1,-1,-1
201531D028415,2,11,0,7,0,6,0,0,0,0,0,1,1,1,30,6,7300,2,7,-1,1,-1
201531D029215,1,9,0,18,0,8,0,0,0,0,1,1,1,1,55,8,1364,1,7,-1,1,-1
201531D029215,2,19,0,9,0,6,0,0,0,0,3,1,6,1,22,5,1686,2,12,-1,2,-1
201531D029515,1,20,0,6,0,0,0,0,0,0,3,1,1,1,54,8,8867,2,6,-1,1,-1
201531D029515,2,9,0,13,0,0,0,0,0,0,1,1,6,2,44,7,1997,2,2,-1,1,-1
201531D029615,1,9,0,18,0,2,0,0,0,0,1,2,6,2,24,5,-1,-1,-1,-1,1,-1
201531D030115,1,9,0,18,0,0,0,0,0,0,1,1,6,1,28,6,1997,2,14,-1,1,-1
201531D030115,2,19,0,4,0,0,0,0,0,0,2,1,1,2,49,8,1399,2,6,-1,2,-1
201531D030215,1,9,0,18,0,0,2,0,6,6,3,1,6,2,22,5,-1,-1,-1,-1,1,-1
201531D030315,1,9,0,10,0,8,0,0,0,0,4,1,6,2,53,8,-1,-1,-1,-1,3,-1
201531D030315,2,9,0,18,0,8,0,0,0,0,1,1,6,2,25,5,1242,1,5,-1,1,-1
201531D031015,1,9,0,9,0,6,0,0,0,0,3,1,6,1,20,4,-1,-1,-1,-1,1,-1
201531D031015,2,9,0,18,0,1,0,0,0,0,1,1,6,1,33,6,-1,-1,-1,-1,1,-1
201531D031115,1,9,0,18,0,8,0,0,0,0,3,1,3,2,39,7,1461,2,5,-1,1,-1
201531D031115,2,19,0,9,0,5,0,0,0,0,1,1,6,1,34,6,-1,-1,-1,-1,1,-1
201531D031815,1,9,0,18,0,8,0,0,0,0,1,1,6,1,-1,-1,1596,1,14,-1,1,-1
201531D031815,2,9,0,3,0,8,0,0,0,0,2,1,6,2,33,6,1198,1,12,-1,1,-1
201531D032315,1,9,0,18,0,8,0,0,0,0,4,1,6,1,41,7,-1,-1,-1,-1,1,-1
201531D032315,2,9,0,18,0,8,0,0,0,0,1,1,6,2,24,5,-1,-1,-1,-1,-1,-1
201531D034215,1,9,0,1,0,5,0,0,0,0,2,1,6,1,63,9,1968,2,1,-1,1,-1
201531D036215,1,9,0,18,0,0,0,0,0,0,1,1,6,1,21,5,1999,1,12,-1,1,-1
201531D036215,2,9,0,4,0,0,0,0,1,0,2,1,6,1,33,6,1396,1,12,-1,1,-1
201531D036415,1,9,0,18,0,1,0,0,0,0,1,1,6,1,39,7,-1,-1,-1,-1,1,-1