Accident_Index,Vehicle_Reference,Vehicle_Type,Towing_and_Articulation,Vehicle_Manoeuvre,Vehicle_Location-Restricted_Lane,Junction_Location,Skidding_and_Overturning,Hit_Object_in_Carriageway,Vehicle_Leaving_Carriageway,Hit_Object_off_Carriageway,1st_Point_of_Impact,Was_Vehicle_Left_Hand_Drive?,Journey_Purpose_of_Driver,Sex_of_Driver,Age_of_Driver,Age_Band_of_Driver,Engine_Capacity_(CC),Propulsion_Code,Age_of_Vehicle,Driver_IMD_Decile,Driver_Home_Area_Type,Vehicle_IMD_Decile
201531D101415,1,3,0,18,0,0,0,12,1,11,1,1,2,1,19,4,125,1,1,-1,2,-1
201531D101715,1,9,0,6,0,0,0,0,0,0,4,1,1,3,-1,-1,999,1,2,-1,-1,-1
201531D102415,1,9,0,4,0,0,0,0,0,0,2,1,6,2,49,8,-1,-1,-1,-1,3,-1
201531D102415,2,9,0,18,0,0,0,0,0,0,1,1,6,1,20,4,1248,2,7,-1,1,-1
201531D102415,3,21,0,18,0,0,0,0,0,0,1,1,1,1,21,5,-1,-1,-1,-1,-1,-1
201531D102515,1,19,0,18,0,1,0,0,0,0,1,1,6,1,50,8,2198,2,6,-1,1,-1
201531D102515,2,9,0,3,0,1,0,0,0,0,2,1,6,2,57,9,1298,1,13,-1,3,-1
201531D102515,3,9,0,10,0,5,0,0,0,0,2,1,6,1,46,8,1398,1,12,-1,1,-1
201531D102715,1,1,0,18,0,1,0,0,0,0,3,1,2,1,19,4,-1,-1,-1,-1,1,-1
201531D103115,1,9,0,18,0,8,0,0,0,0,1,1,6,2,51,8,1598,2,2,-1,1,-1
201531D103115,2,90,0,18,0,8,0,0,0,0,3,1,1,1,36,7,-1,-1,-1,-1,-1,-1
201531D103215,1,9,0,7,0,5,0,0,0,0,1,1,6,3,-1,-1,1783,1,15,-1,-1,-1
201531D103215,2,9,0,8,0,1,0,0,0,0,3,1,6,1,33,6,999,1,7,-1,1,-1
201531D103615,1,9,0,16,0,2,1,4,0,0,1,1,6,1,19,4,1781,1,13,-1,1,-1
201531D103615,2,9,0,2,0,2,0,0,7,11,1,1,6,3,-1,-1,1600,1,10,-1,-1,-1
201531D103615,3,9,0,2,0,2,0,0,7,0,2,1,6,3,-1,-1,1364,1,8,-1,-1,-1
201531D104715,1,9,0,18,0,8,0,0,0,0,1,1,6,2,44,7,1299,1,17,-1,1,-1
201531D104715,2,9,0,3,0,5,0,0,0,0,2,1,6,1,33,6,2496,2,14,-1,-1,-1
201531D104815,1,9,0,1,0,0,0,0,0,0,2,1,6,1,-1,-1,-1,-1,-1,-1,-1,-1
201531D104815,2,9,0,13,0,0,0,0,0,0,4,1,1,1,45,7,1968,2,4,-1,2,-1
201531D104915,1,9,0,18,0,1,0,0,0,0,1,1,6,3,-1,-1,-1,-1,-1,-1,-1,-1
201531D104915,2,8,0,3,0,1,0,0,0,0,2,1,1,3,-1,-1,-1,-1,-1,-1,-1,-1
201531D105415,1,9,0,5,0,8,0,0,0,0,1,1,6,2,40,7,1596,1,13,-1,1,-1
201531D105415,2,9,0,18,0,8,0,0,0,0,1,1,6,1,22,5,1598,1,15,-1,1,-1
201531D105815,1,9,0,18,0,0,0,0,0,0,4,1,2,2,56,9,1896,2,6,-1,1,-1
201531D106315,1,9,0,18,0,4,0,0,0,0,1,1,6,1,27,6,1781,1,18,-1,2,-1
201531D106315,2,9,0,18,0,4,0,0,0,0,2,1,6,1,29,6,1598,2,3,-1,1,-1
201531D106615,1,9,0,4,0,0,0,0,0,0,2,1,6,3,-1,-1,1596,1,8,-1,-1,-1
201531D106615,2,1,0,18,0,0,0,0,0,0,1,1,6,1,23,5,-1,-1,-1,-1,1,-1
201531D106915,1,9,0,4,0,0,0,0,0,0,1,1,2,2,58,9,1386,1,4,-1,1,-1
201531D106915,2,9,0,3,0,0,0,0,0,0,2,1,2,1,61,9,1968,2,8,-1,2,-1
201531D106915,3,9,0,3,0,0,0,0,0,0,2,1,2,1,33,6,1686,2,12,-1,1,-1
201531D107215,1,9,0,9,0,6,0,0,0,0,4,1,2,2,41,7,1398,1,-1,-1,1,-1
201531D107215,2,9,0,18,0,8,0,0,0,0,3,1,2,2,34,6,1560,2,6,-1,-1,-1
201531D107315,1,4,0,18,0,1,0,0,0,0,1,1,6,1,45,7,249,1,24,-1,2,-1
201531D107315,2,9,0,10,0,1,0,0,0,0,2,1,1,1,67,10,2231,2,2,-1,-1,-1
201531D107815,1,3,0,18,0,1,0,0,0,0,1,1,6,2,17,4,125,1,1,-1,1,-1
201531D107815,2,9,0,9,0,6,0,0,0,0,1,1,6,1,69,10,1968,2,8,-1,1,-1
201531D108315,1,9,0,6,0,0,0,0,0,0,3,1,6,2,-1,-1,1598,1,11,-1,-1,-1
201531D108315,2,9,0,18,0,0,0,0,7,0,1,1,6,2,25,5,-1,-1,-1,-1,2,-1
201531D108915,1,9,0,18,0,1,0,0,0,0,3,1,6,1,28,6,1995,2,12,-1,1,-1
201531D108915,2,5,0,18,0,1,0,0,4,0,4,1,6,1,19,4,599,1,16,-1,1,-1
201531D108915,3,9,0,12,0,6,0,0,0,0,0,1,6,2,58,9,1587,1,11,-1,1,-1
201531D109215,1,9,0,18,0,0,1,0,0,0,1,1,6,1,33,6,1242,1,15,-1,-1,-1
201531D109215,2,9,0,18,0,0,1,0,1,0,1,1,6,1,38,7,1796,1,12,-1,-1,-1
201531D109315,1,19,0,5,0,1,0,0,0,0,1,1,1,1,58,9,1968,2,1,-1,1,-1
201531D109315,2,9,0,5,0,1,0,0,0,0,2,1,1,1,35,6,1956,2,-1,-1,1,-1
201531D109415,1,9,0,14,0,1,0,0,0,0,1,1,6,1,22,5,1968,2,4,-1,1,-1
201531D109415,2,9,0,10,0,8,0,0,0,0,2,1,6,2,46,8,1360,1,14,-1,1,-1
201531D111515,1,9,0,8,0,1,0,0,0,0,2,1,6,2,32,6,1956,2,4,-1,-1,-1
201531D111515,2,9,0,18,0,1,0,0,0,0,1,1,6,1,43,7,1329,1,-1,-1,2,-1
201531D112315,1,9,0,18,0,1,1,0,0,0,1,1,6,3,-1,-1,1984,1,14,-1,-1,-1
201531D112315,2,9,0,18,0,1,0,0,0,0,1,1,6,2,70,10,999,1,4,-1,-1,-1
201531D112415,1,9,0,16,0,0,1,0,1,11,1,1,3,2,17,4,1198,1,9,-1,3,-1
201531D112415,2,17,0,17,0,0,0,0,0,0,0,1,1,3,-1,-1,-1,-1,-1,-1,-1,-1
201531D113415,1,1,0,9,0,8,0,0,0,0,3,1,6,1,67,10,-1,-1,-1,-1,1,-1
201531D113515,1,9,0,16,0,8,0,0,0,0,4,1,6,1,18,4,1242,1,4,-1,-1,-1
201531D114215,1,9,0,13,0,8,0,0,8,11,4,1,6,1,20,4,2143,2,2,-1,3,-1
201531D114215,2,19,0,9,0,5,0,0,0,0,3,1,6,1,55,8,2198,2,9,-1,2,-1
201531D114315,1,9,0,18,0,2,0,0,0,0,1,1,6,2,66,10,1598,2,2,-1,2,-1
201531D114315,2,9,0,3,0,2,0,0,0,0,2,1,6,2,28,6,1329,1,5,-1,1,-1
201531D114915,1,9,0,17,0,0,0,0,0,0,3,1,6,2,33,6,1198,1,5,-1,3,-1
201531D114915,2,5,0,16,0,0,0,0,0,0,3,1,6,1,42,7,996,1,7,-1,3,-1
201531D115715,1,21,1,18,0,0,0,0,1,2,4,1,1,1,24,5,12900,2,8,-1,1,-1
201531D115815,1,9,0,18,0,8,0,0,0,0,4,1,6,1,45,7,1461,2,-1,-1,2,-1
201531D115815,2,1,0,18,0,8,0,0,0,0,1,1,6,1,5,1,-1,-1,-1,-1,2,-1
201531D116115,1,9,0,18,0,8,0,0,0,0,1,1,6,1,20,4,1229,1,9,-1,2,-1
201531D116115,2,9,0,18,0,8,0,0,0,0,1,1,6,1,28,6,1796,1,13,-1,1,-1
201531D116915,1,9,0,18,0,1,1,0,1,0,1,1,1,1,36,7,-1,-1,-1,-1,1,-1
201531D116915,2,19,0,7,0,5,0,0,1,1,4,1,1,2,31,6,1560,2,5,-1,3,-1
201531D116915,3,9,0,12,0,1,0,0,0,0,0,1,6,1,-1,-1,-1,-1,-1,-1,-1,-1
201531D117815,1,9,0,18,0,1,0,0,0,0,1,1,6,1,61,9,1398,1,11,-1,1,-1
201531D118015,1,19,0,18,0,0,0,0,0,0,3,1,1,1,27,6,2198,2,1,-1,2,-1
201531D118015,2,11,0,18,0,0,0,0,0,0,3,1,1,1,60,9,9291,2,-1,-1,1,-1
201531D118215,1,19,0,18,0,1,0,0,0,0,1,1,6,1,35,6,1995,2,3,-1,1,-1
201531D118215,2,19,0,3,0,1,0,0,0,0,2,1,6,1,64,9,1995,2,3,-1,1,-1
201531D118215,3,9,0,10,0,1,0,0,0,0,2,1,6,3,-1,-1,-1,-1,-1,-1,-1,-1
201531D118315,1,9,0,16,0,0,0,0,1,0,1,1,6,1,21,5,1910,2,8,-1,1,-1
201531D118315,2,9,0,17,0,0,0,0,1,4,1,1,6,2,61,9,1796,1,5,-1,2,-1
201531D118715,1,9,0,5,0,0,0,0,0,0,1,1,6,1,21,5,1124,1,14,-1,1,-1
201531D118715,2,9,0,3,0,0,0,0,0,0,2,1,2,2,38,7,1398,1,3,-1,1,-1
201531D118915,1,11,0,2,0,0,0,0,0,0,0,1,1,2,25,5,9000,2,11,-1,-1,-1
201531D119015,1,9,0,9,0,5,0,0,0,0,1,1,6,2,58,9,1598,1,6,-1,2,-1
201531D119015,2,9,0,18,0,8,0,0,0,0,1,1,6,2,47,8,-1,-1,-1,-1,1,-1
201531D119015,3,9,0,10,0,1,0,0,0,0,1,1,6,1,44,7,1997,2,7,-1,2,-1
201531D119815,1,2,0,18,0,0,0,0,0,0,0,1,6,3,-1,-1,-1,-1,-1,-1,-1,-1
201531D120315,1,9,0,13,0,0,0,0,0,0,4,1,6,3,-1,-1,1896,2,13,-1,-1,-1
201531D120315,2,9,0,18,0,0,0,0,0,0,3,1,6,1,33,6,1339,1,8,-1,1,-1
201531D120415,1,9,0,5,0,6,0,0,0,0,4,1,6,2,32,6,-1,-1,-1,-1,1,-1
201531D120415,2,1,0,18,5,1,0,0,0,0,1,1,6,1,25,5,-1,-1,-1,-1,1,-1
201531D121915,1,9,0,6,0,0,0,0,0,0,3,1,6,1,41,7,1560,2,6,-1,1,-1
201531D121915,2,1,0,18,0,0,1,0,0,0,1,1,6,1,49,8,-1,-1,-1,-1,-1,-1
201531D122315,1,9,0,17,0,0,5,0,8,9,1,1,1,2,24,5,875,1,1,-1,2,-1
201531D122715,1,9,0,9,0,6,0,0,0,0,3,1,6,2,55,8,2179,2,1,-1,3,-1
201531D122715,2,9,0,18,0,8,1,0,1,0,1,1,6,1,41,7,2000,1,32,-1,3,-1
201531D123015,1,9,0,18,0,0,0,0,0,0,1,1,6,1,37,7,1997,2,6,-1,1,-1
201531D123015,2,1,0,18,0,0,0,0,0,0,1,1,6,1,-1,-1,-1,-1,-1,-1,1,-1
201531D123615,1,9,0,18,0,0,0,0,0,0,0,1,6,3,-1,-1,-1,-1,-1,-1,-1,-1
201531D123615,2,9,0,18,0,0,0,0,7,9,1,1,1,1,66,10,1242,1,10,-1,1,-1
201531D124015,1,9,0,18,0,0,0,0,7,0,1,1,6,2,43,7,1229,1,8,-1,1,-1
201531D124015,2,21,1,18,0,0,3,0,7,0,1,1,1,1,61,9,12809,2,1,-1,1,-1
201531D124015,3,9,0,18,0,0,0,0,0,0,3,1,6,2,80,11,1595,1,6,-1,1,-1
201531D124215,1,11,0,17,0,8,0,0,0,0,0,1,1,1,-1,-1,9000,2,12,-1,-1,-1
201531D124415,1,9,0,16,0,0,0,0,0,0,1,1,6,2,61,9,2295,1,13,-1,1,-1
201531D124415,2,9,0,16,0,0,0,0,0,0,2,1,6,2,24,5,1199,2,2,-1,1,-1
201531D124415,3,9,0,16,0,0,0,0,0,0,2,1,6,1,54,8,1461,2,4,-1,2,-1
201531D124415,4,9,0,16,0,0,0,0,0,0,2,1,6,1,33,6,1968,2,7,-1,3,-1
201531D124515,1,9,0,9,0,5,0,0,0,0,1,1,6,1,38,7,1896,2,9,-1,1,-1
201531D124515,2,9,0,18,0,8,0,0,0,0,1,1,6,1,44,7,-1,-1,-1,-1,1,-1
201531D124715,1,9,0,9,0,6,0,0,0,0,1,1,2,2,35,6,1596,1,9,-1,1,-1
201531D124715,2,3,0,14,0,8,0,0,0,0,4,1,2,1,18,4,125,1,11,-1,1,-1
201531D126115,1,9,0,7,0,6,0,0,0,0,1,1,6,1,29,6,1598,1,7,-1,1,-1
201531D126215,1,19,0,13,0,0,0,4,0,0,3,1,6,1,21,5,1686,2,11,-1,1,-1
201531D126215,2,9,0,5,0,0,0,0,0,0,3,1,1,1,53,8,1248,2,11,-1,1,-1
201531D126215,3,9,0,2,0,0,0,0,0,0,3,1,6,3,-1,-1,973,1,16,-1,-1,-1
201531D126615,1,9,0,9,0,6,0,0,0,0,3,1,6,2,82,11,1586,1,13,-1,3,-1
201531D126615,2,9,0,18,0,8,0,0,0,0,1,1,6,1,73,10,1596,1,7,-1,2,-1
201531D126815,1,9,0,18,0,0,0,0,1,9,1,1,6,2,18,4,1968,2,3,-1,3,-1
201531D127415,1,9,0,9,0,6,0,0,0,0,3,1,6,1,83,11,1596,1,9,-1,1,-1
201531D127415,2,3,0,18,0,8,0,0,0,0,1,1,2,1,35,6,100,1,14,-1,1,-1
201531D127615,1,9,0,9,0,6,0,0,0,0,4,1,6,2,62,9,1997,2,5,-1,3,-1
201531D127615,2,9,0,18,0,8,0,0,0,0,1,1,6,1,62,9,1993,1,32,-1,1,-1
201531D127815,1,9,0,17,0,1,0,0,0,0,1,1,6,1,35,6,1599,1,11,-1,2,-1
201531D127815,2,9,0,3,0,8,0,0,0,0,2,1,6,2,47,8,1242,1,2,-1,2,-1
201531D127815,3,9,0,10,0,8,0,0,0,0,2,1,6,1,31,6,1968,2,3,-1,3,-1
201531D128315,1,9,0,16,0,0,0,0,0,0,1,1,2,2,47,8,1598,2,2,-1,1,-1
201531D128315,2,9,0,18,0,0,1,0,0,0,3,1,6,1,35,6,1685,2,1,-1,2,-1
201531D128315,3,1,0,18,0,0,0,0,0,0,1,1,6,1,48,8,-1,-1,-1,-1,-1,-1
201531D128515,1,9,0,18,0,1,0,0,0,0,1,1,6,1,20,4,1896,2,8,-1,2,-1
201531D128515,2,9,0,9,0,6,0,0,0,0,2,1,6,2,52,8,1299,1,10,-1,-1,-1
201531D128515,3,9,0,18,0,1,0,0,0,0,1,1,6,1,37,7,1560,2,1,-1,1,-1
201531D129215,1,9,0,18,0,1,0,0,0,0,1,1,1,1,32,6,1598,2,4,-1,1,-1
201531D129215,2,19,0,8,0,1,0,0,0,0,2,1,1,1,57,9,1995,2,4,-1,1,-1
201531D129415,1,9,0,9,0,5,0,0,0,0,0,1,6,1,-1,-1,1596,1,2,-1,1,-1
201531D129415,2,1,0,18,0,1,0,0,0,0,0,1,6,1,45,7,-1,-1,-1,-1,1,-1
201531D129715,1,9,0,18,0,1,0,10,1,11,4,1,6,1,60,9,1560,2,1,-1,1,-1
201531D129815,1,9,0,1,0,1,0,0,0,0,2,1,6,1,44,7,1390,1,4,-1,2,-1
201531D129815,2,11,0,3,0,1,0,0,0,0,1,1,1,1,49,8,9600,2,20,-1,-1,-1
201531D129915,1,21,0,11,0,0,0,0,0,0,1,1,6,1,26,6,12600,2,12,-1,1,-1
201531D129915,2,9,0,18,0,0,0,0,0,0,3,1,1,1,27,6,1199,2,5,-1,1,-1
201531D130015,1,9,0,13,0,0,0,0,0,0,0,1,6,3,-1,-1,-1,-1,-1,-1,-1,-1
201531D130015,2,9,0,18,0,0,0,0,0,0,2,1,6,1,47,8,2198,1,7,-1,2,-1
201531D130015,3,5,0,18,0,0,1,0,0,0,1,1,6,1,59,9,953,1,6,-1,2,-1
201531D130815,1,5,0,18,0,1,0,0,0,0,1,1,1,1,48,8,850,1,14,-1,3,-1
201531D130815,2,9,0,1,0,1,0,0,0,0,2,1,1,1,33,6,1995,2,2,-1,1,-1
201531D131015,1,9,0,9,0,6,0,0,0,0,1,1,6,2,28,6,1598,2,2,-1,2,-1
201531D131015,2,19,0,3,0,2,0,0,0,0,2,1,1,1,61,9,2143,2,3,-1,1,-1
201531D131215,1,9,0,7,0,3,1,0,0,0,1,1,6,1,19,4,1390,1,14,-1,1,-1
201531D131215,2,9,0,18,0,1,0,0,0,0,3,1,6,1,64,9,2231,2,7,-1,1,-1
201531D131515,1,11,0,18,0,1,0,0,0,0,0,1,1,1,56,9,8268,2,13,-1,1,-1
201531D131515,2,9,0,7,0,6,0,0,0,0,0,1,6,3,-1,-1,-1,-1,-1,-1,-1,-1
201531D131615,1,9,0,18,0,0,0,0,0,0,1,1,6,2,28,6,1798,1,2,-1,1,-1
201531D131615,2,9,0,18,0,0,0,0,0,0,1,1,6,1,58,9,1998,1,12,-1,2,-1
201531D132215,1,5,0,4,0,0,0,0,0,0,0,1,6,1,43,7,1202,1,4,-1,1,-1
201531D132215,2,16,0,18,0,0,0,0,0,0,0,1,6,2,43,7,-1,-1,-1,-1,1,-1
201531D132315,1,9,0,11,0,1,1,7,1,11,1,1,6,1,17,4,1124,1,18,-1,1,-1
201531D133115,1,19,0,18,0,1,0,0,0,0,1,1,1,2,46,8,1298,1,14,-1,1,-1
201531D133115,2,9,0,18,0,1,0,0,0,0,2,1,6,2,22,5,1240,1,12,-1,1,-1
201531D133115,3,9,0,4,0,1,0,0,0,0,0,1,6,3,-1,-1,-1,-1,-1,-1,-1,-1
201531D133215,1,9,0,13,0,0,0,0,0,0,3,1,6,1,49,8,1796,1,12,-1,1,-1
201531D133215,2,19,0,14,0,0,0,0,0,0,3,1,1,1,39,7,-1,-1,-1,-1,1,-1
201531D133215,3,9,0,18,0,0,0,0,0,0,1,1,6,2,17,4,1043,1,21,-1,1,-1
201531D133715,1,9,0,13,0,8,0,10,1,11,1,1,6,1,21,5,1595,1,17,-1,1,-1
201531D134315,1,21,1,9,0,8,0,0,0,0,1,1,1,1,-1,-1,11705,2,6,-1,-1,-1
201531D134315,2,9,0,18,0,3,0,0,0,0,4,1,6,2,21,5,1200,1,1,-1,1,-1
201531D134415,1,9,0,18,0,4,0,0,0,0,1,1,2,1,31,6,1685,2,1,-1,1,-1
201531D134415,2,1,0,9,0,6,0,0,0,0,2,1,2,1,36,7,-1,-1,-1,-1,1,-1
201531D135415,1,9,0,8,0,1,0,0,0,0,2,1,6,1,81,11,1388,1,3,-1,3,-1
201531D135415,2,19,0,4,0,1,0,0,0,0,1,1,1,1,35,6,2198,2,2,-1,1,-1
201531D135515,1,5,0,18,0,8,0,0,0,0,3,1,1,1,46,8,782,1,8,-1,1,-1
201531D135515,2,9,0,9,0,3,0,0,0,0,1,1,6,1,54,8,1686,2,7,-1,1,-1
201531D137515,1,5,0,13,0,0,1,0,7,0,1,1,6,1,28,6,599,1,12,-1,1,-1
201531D137515,2,9,0,18,0,0,0,0,0,0,1,1,6,2,20,4,998,1,4,-1,3,-1
201531D137915,1,9,0,18,0,2,0,0,0,0,1,2,6,2,70,10,1360,1,6,-1,3,-1
201531D139015,1,11,0,16,0,1,0,0,0,0,0,1,1,3,-1,-1,4146,2,18,-1,-1,-1
201531D139115,1,5,0,9,0,5,1,0,0,0,4,1,6,1,43,7,599,1,10,-1,1,-1
201531D139315,1,9,0,9,0,6,0,0,0,0,3,1,1,1,77,11,1198,1,3,-1,1,-1
201531D139315,2,1,0,18,0,1,0,0,0,0,1,1,6,1,52,8,-1,-1,-1,-1,1,-1
201531D139415,1,19,0,4,0,0,0,0,0,0,1,1,1,1,50,8,1995,2,2,-1,1,-1
201531D139415,2,9,0,16,0,0,0,0,0,0,1,1,6,2,33,6,1995,2,7,-1,1,-1
201531D139415,3,9,0,3,0,0,0,0,0,0,3,1,6,1,54,8,998,1,3,-1,1,-1
201531D140115,1,9,0,18,0,0,0,0,0,0,1,1,2,2,38,7,-1,-1,-1,-1,2,-1
201531D140115,2,9,0,4,0,0,0,0,0,0,2,1,2,2,23,5,1461,2,1,-1,3,-1
201531D140115,3,9,0,4,0,0,0,0,0,0,2,1,1,1,20,4,1968,2,11,-1,1,-1
201531D140115,4,9,0,4,0,0,0,0,0,0,2,1,1,1,27,6,1198,1,4,-1,2,-1
201531D140615,1,5,0,13,0,1,1,0,1,9,4,1,6,1,55,8,999,1,-1,-1,1,-1
201531D140615,2,19,0,18,0,1,0,0,0,0,0,1,1,1,55,8,2287,2,3,-1,1,-1
201531D140615,3,9,0,18,0,1,0,0,0,0,3,1,6,2,52,8,1108,1,12,-1,3,-1
201531D141015,1,9,0,12,0,1,0,0,0,0,1,1,2,1,22,5,-1,-1,-1,-1,1,-1
201531D141015,2,9,0,3,0,1,0,0,0,0,3,1,6,1,35,6,1997,2,4,-1,1,-1
201531D141015,3,19,0,3,0,1,0,0,0,0,2,1,6,1,53,8,1248,2,5,-1,1,-1
201531D141215,1,9,0,13,0,0,5,0,1,1,1,1,6,1,45,7,2435,1,8,-1,1,-1
201531D141815,1,9,0,16,0,3,0,9,0,0,4,1,6,2,24,5,1598,1,12,-1,1,-1
201531D141815,2,9,0,9,0,8,0,0,0,0,3,1,6,1,48,8,2967,2,3,-1,3,-1
201531D142615,1,9,0,18,0,1,0,0,0,0,1,1,6,2,75,10,1390,1,7,-1,3,-1
201531D142615,2,9,0,10,0,1,0,0,0,0,2,1,6,1,54,8,1299,1,12,-1,1,-1
201531D142815,1,9,0,9,0,5,0,7,0,0,4,1,6,2,77,11,1596,1,8,-1,1,-1
201531D142815,2,9,0,18,0,8,0,0,1,2,1,1,2,1,33,6,1910,2,6,-1,1,-1
201531D143315,1,9,0,5,9,1,0,0,0,0,4,1,6,1,29,6,1560,2,8,-1,1,-1
201531D143415,1,9,0,18,0,1,0,0,0,0,1,1,6,1,26,6,1364,1,7,-1,1,-1
201531D143415,2,9,0,10,0,1,0,0,0,0,2,1,6,2,36,7,999,1,2,-1,1,-1
201531D143615,1,9,0,17,0,8,0,0,0,0,1,1,6,1,27,6,1242,1,17,-1,1,-1
201531D143615,2,3,0,16,0,8,1,0,0,0,1,1,6,1,20,4,124,1,15,-1,-1,-1
201531D143715,1,9,0,1,0,1,0,0,0,0,2,1,6,2,-1,-1,1597,2,-1,-1,-1,-1
201531D144015,1,9,0,18,0,1,0,0,0,0,1,1,6,1,-1,-1,1398,1,5,-1,-1,-1
201531D144015,2,9,0,3,0,1,0,0,0,0,2,1,6,2,29,6,1560,2,4,-1,1,-1
201531D144215,1,19,0,18,0,0,0,0,0,0,1,1,6,1,34,6,2799,2,14,-1,1,-1
201531D144215,2,9,0,18,0,0,0,0,0,0,1,1,6,1,69,10,1339,1,3,-1,1,-1
201531D144515,1,9,0,18,0,0,5,7,0,0,1,1,6,1,20,4,1242,1,12,-1,1,-1
201531D144915,1,9,0,5,0,1,0,0,0,0,1,1,6,2,-1,-1,2470,2,26,-1,1,-1
201531D144915,2,8,0,8,0,1,0,0,0,0,2,1,6,1,42,7,1997,2,5,-1,2,-1
201531D145015,1,9,0,16,0,0,0,0,0,0,0,1,6,3,-1,-1,-1,-1,-1,-1,-1,-1
201531D145015,2,9,0,17,0,0,0,7,0,0,3,1,1,1,44,7,1248,2,2,-1,1,-1
201531D145315,1,3,0,14,0,8,0,0,0,0,1,1,2,1,51,8,125,1,3,-1,1,-1
201531D145315,2,9,0,9,0,6,0,0,0,0,3,1,6,1,25,5,1364,1,-1,-1,1,-1
201531D145315,3,9,0,3,0,1,0,0,0,0,3,1,6,1,48,8,2996,1,-1,-1,3,-1
201531D146515,1,9,0,7,0,4,0,0,0,0,1,1,6,1,45,7,1796,1,7,-1,1,-1
201531D146515,2,1,0,18,0,8,0,0,0,0,4,1,6,1,60,9,-1,-1,-1,-1,-1,-1
201531D146615,1,3,0,13,0,0,0,4,0,0,1,1,6,1,18,4,125,1,-1,-1,-1,-1
201531D146615,2,3,0,13,0,0,0,0,0,0,2,1,6,2,20,4,125,1,10,-1,1,-1
201531D147415,1,9,0,7,0,4,0,0,0,0,3,1,1,2,69,10,998,1,9,-1,1,-1
201531D147415,2,5,0,18,0,8,0,0,0,0,1,1,1,1,21,5,645,1,14,-1,2,-1
201531D148015,1,9,0,9,0,5,0,0,0,0,1,1,6,1,49,8,1968,2,4,-1,1,-1
201531D148215,1,9,0,16,0,0,1,10,7,0,3,1,1,1,33,6,1796,1,9,-1,1,-1
201531D148415,1,1,0,14,0,0,0,0,0,0,1,1,2,2,47,8,-1,-1,-1,-1,1,-1
201531D148615,1,9,0,16,0,3,1,0,1,2,3,1,2,2,30,6,2000,2,15,-1,1,-1
201531D148715,1,9,0,5,0,1,0,0,0,0,1,1,6,3,-1,-1,1968,2,8,-1,-1,-1
201531D148715,2,9,0,14,0,1,0,0,0,0,4,1,1,1,35,6,1984,1,5,-1,1,-1
201531D149115,1,9,0,18,0,1,0,0,0,0,1,1,6,2,26,6,1332,1,6,-1,1,-1
201531D149115,2,9,0,3,0,1,0,0,0,0,2,1,6,1,21,5,1198,1,6,-1,1,-1
201531D149115,3,9,0,3,0,1,0,0,0,0,2,1,6,2,52,8,1596,1,2,-1,1,-1
201531D149915,1,11,0,9,0,8,0,0,0,0,0,1,1,1,53,8,6370,2,6,-1,1,-1
201531D150415,1,9,0,16,0,2,0,4,0,0,1,1,6,2,30,6,1587,1,10,-1,-1,-1
201531D150415,2,9,0,2,0,2,0,0,0,0,2,1,6,1,39,7,1796,1,4,-1,-1,-1
201531D150715,1,9,0,14,0,0,0,0,0,0,3,1,6,2,78,11,1400,1,8,-1,1,-1
201531D150715,2,21,0,2,0,0,0,0,0,0,0,1,1,1,58,9,-1,-1,-1,-1,1,-1
201531D151215,1,9,0,9,0,6,0,0,0,0,1,1,2,1,60,9,1997,2,7,-1,1,-1
201531D151215,2,9,0,18,0,8,0,0,0,0,4,1,2,2,27,6,1598,1,6,-1,1,-1
201531D151315,1,9,0,4,0,0,0,0,0,0,1,1,6,1,50,8,1298,1,16,-1,1,-1
201531D151315,2,9,0,3,0,0,0,0,0,0,2,1,6,2,65,9,1086,1,7,-1,-1,-1
201531D151715,1,19,0,18,0,1,0,0,0,0,3,1,6,1,33,6,1753,2,7,-1,1,-1
201531D151715,2,9,0,14,0,2,0,0,0,0,3,1,6,1,27,6,1598,1,5,-1,1,-1
201531D151815,1,9,0,18,0,0,1,10,1,4,1,1,6,2,20,4,998,1,17,-1,3,-1
201531D152215,1,9,0,4,0,4,0,0,0,0,2,1,6,1,68,10,1399,2,12,-1,1,-1
201531D152215,2,9,0,5,0,1,0,0,0,0,1,1,6,1,60,9,1999,1,10,-1,1,-1
201531D153015,1,9,0,9,0,5,0,0,0,0,4,1,6,1,66,10,998,1,8,-1,1,-1
201531D153015,2,1,0,18,0,8,0,0,0,0,3,1,6,1,40,7,-1,-1,-1,-1,1,-1
201531D153115,1,9,0,18,0,0,1,0,1,9,1,1,6,2,45,7,4196,1,8,-1,1,-1
201531D153615,1,9,0,7,0,5,0,0,0,0,4,1,6,3,-1,-1,-1,-1,-1,-1,-1,-1
201531D153615,2,1,0,18,0,1,0,0,0,0,1,1,2,1,21,5,-1,-1,-1,-1,1,-1
201531D153815,1,9,0,4,0,0,0,2,0,0,1,1,2,2,22,5,998,1,8,-1,2,-1
201531D153815,2,9,0,4,0,0,0,2,0,0,1,1,2,1,-1,-1,1689,2,14,-1,3,-1