Accident_Index,Vehicle_Reference,Vehicle_Type,Towing_and_Articulation,Vehicle_Manoeuvre,Vehicle_Location-Restricted_Lane,Junction_Location,Skidding_and_Overturning,Hit_Object_in_Carriageway,Vehicle_Leaving_Carriageway,Hit_Object_off_Carriageway,1st_Point_of_Impact,Was_Vehicle_Left_Hand_Drive?,Journey_Purpose_of_Driver,Sex_of_Driver,Age_of_Driver,Age_Band_of_Driver,Engine_Capacity_(CC),Propulsion_Code,Age_of_Vehicle,Driver_IMD_Decile,Driver_Home_Area_Type,Vehicle_IMD_Decile
2015320003120,2,9,0,18,0,8,0,0,0,0,1,1,6,1,55,8,-1,-1,-1,-1,2,-1
2015320003124,1,9,0,18,0,0,0,0,0,0,1,1,6,1,80,11,-1,-1,-1,-1,2,-1
2015320003124,2,21,1,7,0,0,0,0,0,0,2,1,1,1,60,9,15607,2,10,-1,3,-1
2015320003136,1,9,0,9,0,6,0,0,0,0,1,1,1,2,21,5,-1,-1,-1,-1,2,-1
2015320003136,2,20,0,18,0,1,0,0,0,0,4,1,1,1,51,8,6692,2,6,-1,1,-1
2015320003165,1,9,0,18,0,1,0,0,0,0,1,1,6,2,57,9,1560,2,1,-1,3,-1
2015320003165,2,9,0,18,0,1,0,0,0,0,2,1,6,2,44,7,1560,2,3,-1,1,-1
2015320003205,1,9,0,18,0,0,1,0,0,0,0,1,6,2,49,8,1596,1,12,-1,3,-1
2015320003209,1,9,0,18,0,8,0,0,0,0,3,2,6,2,71,10,1349,1,3,-1,-1,-1
2015320003209,2,9,4,18,0,8,0,0,7,0,1,2,6,1,44,7,-1,-1,-1,-1,1,-1
2015320003242,1,9,0,13,0,0,2,0,7,9,1,1,1,2,50,8,-1,-1,-1,-1,1,-1
2015320003242,2,9,0,18,0,0,0,0,0,0,1,1,6,2,50,8,1686,2,12,-1,2,-1
2015320003376,1,9,0,17,0,0,0,0,1,11,1,1,6,2,35,6,1596,1,13,-1,1,-1
2015320003394,1,9,0,18,0,0,0,0,0,0,4,1,6,1,40,7,2179,2,3,-1,1,-1
2015320003394,2,9,0,18,0,0,0,0,0,0,1,1,6,1,44,7,2400,2,-1,-1,3,-1
2015320003394,3,9,0,18,0,0,0,0,0,0,2,1,6,2,52,8,-1,-1,-1,-1,2,-1
2015320003394,4,1,0,18,0,0,0,0,0,0,3,1,6,3,-1,-1,-1,-1,-1,-1,-1,-1
2015320003426,1,9,-1,17,0,3,0,0,0,0,1,-1,6,1,48,8,-1,-1,-1,-1,-1,-1
2015320003449,1,8,0,18,0,8,0,0,7,0,1,1,6,1,49,8,1896,2,6,-1,1,-1
2015320003449,2,9,0,18,0,8,0,0,0,9,4,1,6,2,19,4,1598,1,12,-1,3,-1
2015320003508,1,9,0,13,0,0,0,0,8,10,3,1,2,2,18,4,-1,-1,-1,-1,2,-1
2015320003508,2,9,0,13,0,0,0,0,7,9,4,1,6,1,56,9,2993,2,3,-1,3,-1
2015320003559,1,9,0,9,0,2,0,0,0,0,1,1,6,1,60,9,1769,1,13,-1,3,-1
2015320003559,2,9,0,18,0,2,0,0,0,0,0,1,6,1,50,8,1896,2,11,-1,1,-1
2015320003609,1,9,0,9,0,1,0,0,0,0,4,1,4,1,22,5,1360,1,11,-1,2,-1
2015320003609,2,1,0,18,0,1,0,0,0,0,1,1,6,1,34,6,-1,-1,-1,-1,1,-1
2015320003648,1,9,0,1,0,2,0,0,0,0,2,-1,6,2,41,7,1390,1,5,-1,3,-1
2015320003648,2,9,0,18,0,5,0,0,1,0,1,-1,6,2,61,9,-1,-1,-1,-1,3,-1
2015320003648,3,22,0,3,9,2,5,0,0,0,1,1,6,1,87,11,-1,-1,-1,-1,2,-1
2015320003648,4,9,0,2,0,2,0,0,0,0,0,-1,6,3,57,9,1229,1,7,-1,2,-1
2015320003709,1,9,0,13,0,0,0,0,0,0,1,1,6,1,47,8,1968,2,3,-1,3,-1
2015320003709,2,9,0,6,0,0,0,0,0,0,3,1,6,2,25,5,-1,-1,-1,-1,3,-1
2015320003713,1,19,0,9,0,3,0,0,0,0,3,1,6,1,74,10,1248,2,10,-1,2,-1
2015320003734,1,9,0,5,0,6,0,0,0,0,3,1,6,2,43,7,1587,1,9,-1,-1,-1
2015320003736,1,9,0,17,0,1,5,0,1,9,1,1,6,2,38,7,-1,-1,-1,-1,3,-1
2015320003770,1,9,0,18,0,8,0,0,0,0,1,1,3,2,24,5,-1,-1,-1,-1,1,-1
2015320003771,1,9,0,16,0,0,5,0,7,0,1,1,6,1,21,5,2324,1,15,-1,1,-1
2015320003771,2,9,0,17,0,0,1,0,1,0,2,1,6,1,18,4,-1,-1,-1,-1,1,-1
2015320003784,1,9,0,18,0,0,1,0,0,0,1,1,2,2,30,6,2664,2,15,-1,3,-1
2015320003784,2,9,0,9,0,0,0,0,0,0,2,1,2,1,25,5,-1,-1,-1,-1,1,-1
2015320003796,1,9,0,5,0,4,0,0,0,0,3,1,1,2,45,7,1975,1,9,-1,3,-1
2015320003796,2,3,0,18,0,3,0,0,0,0,1,1,1,1,19,4,125,1,10,-1,1,-1
2015320003809,1,9,0,10,0,0,0,0,0,0,1,1,6,1,51,8,1997,2,4,-1,-1,-1
2015320003809,2,9,0,18,0,0,0,0,0,0,2,1,6,1,42,7,-1,-1,-1,-1,-1,-1
2015320003822,1,9,0,18,0,0,0,4,0,0,1,1,6,1,27,6,-1,-1,-1,-1,2,-1
2015320003822,2,9,0,2,0,0,0,0,1,0,1,1,6,3,-1,-1,-1,-1,-1,-1,3,-1
2015320003822,3,9,0,2,0,0,0,0,1,0,1,1,6,3,-1,-1,-1,-1,-1,-1,3,-1
2015320003829,1,9,0,7,0,5,0,0,1,1,1,1,6,1,35,6,973,1,12,-1,1,-1
2015320003919,1,9,0,18,0,0,0,0,0,0,1,1,6,2,49,8,1910,2,8,-1,1,-1
2015320003919,2,9,0,9,0,0,0,0,1,9,2,1,6,2,21,5,1686,2,10,-1,-1,-1
2015320003924,1,19,0,18,0,1,0,0,0,0,1,1,2,1,32,6,1686,2,14,-1,1,-1
2015320003924,2,9,0,10,0,2,0,0,3,9,3,1,6,1,91,11,1386,1,3,-1,2,-1
2015320003935,1,9,0,18,0,1,0,0,0,0,1,1,1,2,35,6,998,1,10,-1,1,-1
2015320003935,2,9,0,18,0,1,0,0,0,0,2,1,1,2,30,6,-1,-1,-1,-1,-1,-1
2015320003935,3,9,0,2,0,1,0,0,0,0,0,1,6,3,20,4,1124,1,12,-1,-1,-1
2015320003963,1,9,0,18,0,0,1,0,1,0,4,1,6,2,19,4,1229,1,3,-1,3,-1
2015320003965,1,9,0,17,0,0,0,10,1,3,1,1,6,1,53,8,1994,2,16,-1,3,-1
2015320004043,1,9,0,13,0,0,0,0,1,0,3,1,1,2,34,6,-1,-1,-1,-1,3,-1
2015320004043,2,17,4,18,0,0,0,0,0,0,1,1,1,1,65,9,-1,2,5,-1,2,-1
2015320004043,3,9,0,18,0,0,0,0,0,0,4,1,1,1,40,7,998,1,7,-1,2,-1
2015320004076,1,9,0,9,0,8,0,0,0,0,1,1,6,1,20,4,-1,-1,-1,-1,-1,-1
2015320004076,2,9,0,18,0,1,0,0,0,0,1,1,6,2,25,5,-1,-1,-1,-1,1,-1
2015320004118,1,2,0,14,0,8,0,0,0,0,1,1,6,1,42,7,49,1,5,-1,-1,-1
2015320004118,2,19,0,9,0,5,0,0,0,0,4,1,6,1,52,8,2298,2,1,-1,1,-1
2015320004134,1,9,0,8,0,8,0,0,0,0,1,1,6,1,30,6,1968,2,6,-1,3,-1
2015320004134,2,9,0,18,0,8,1,0,7,11,3,1,6,2,53,8,1995,2,11,-1,1,-1
2015320004134,3,9,0,13,0,8,0,0,0,0,1,1,6,2,57,9,2143,2,1,-1,1,-1
2015320004157,1,1,0,18,5,0,0,0,0,0,1,1,6,1,40,7,-1,-1,-1,-1,-1,-1
2015320004197,1,9,0,11,0,8,0,0,0,0,4,1,6,2,29,6,1910,2,11,-1,1,-1
2015320004197,2,1,0,18,0,8,0,0,0,0,3,1,6,1,14,3,-1,-1,-1,-1,-1,-1
2015320004216,1,2,0,4,0,1,2,0,0,0,0,1,6,1,21,5,108,1,3,-1,2,-1
2015320004230,1,9,0,16,0,0,1,0,7,0,2,1,6,2,49,8,-1,-1,-1,-1,2,-1
2015320004230,2,19,0,18,0,0,1,0,0,0,1,1,6,1,51,8,2402,2,7,-1,2,-1
2015320004231,1,9,0,16,0,8,0,0,7,9,1,1,6,2,78,11,998,1,4,-1,1,-1
2015320004239,1,9,0,5,0,6,1,0,0,0,1,1,6,1,89,11,998,1,17,-1,1,-1
2015320004239,2,19,0,18,0,8,1,0,0,0,1,1,1,1,44,7,2143,2,1,-1,1,-1
2015320004261,1,9,0,16,0,0,2,0,7,4,1,1,6,1,57,9,-1,-1,-1,-1,3,-1
2015320004264,1,9,0,18,0,0,0,0,0,0,1,1,6,2,31,6,1229,1,2,-1,1,-1
2015320004264,2,9,0,2,0,0,0,0,0,0,2,1,6,1,54,8,1968,2,11,-1,3,-1
2015320004364,1,9,0,9,0,1,0,0,0,0,0,1,6,1,91,11,-1,-1,-1,-1,1,-1
2015320004364,2,1,0,9,0,5,0,0,0,0,0,1,6,1,34,6,-1,-1,-1,-1,1,-1
2015320004386,1,3,0,17,0,0,1,0,0,0,3,1,2,2,44,7,125,1,1,-1,1,-1
2015320004396,1,9,-1,7,0,6,0,0,0,0,3,1,6,2,49,8,1600,2,5,-1,1,-1
2015320004396,2,3,-1,16,0,8,1,0,0,0,4,1,6,2,43,7,124,1,4,-1,1,-1
2015320004398,1,9,0,17,0,0,1,0,1,9,4,1,6,2,51,8,1596,1,11,-1,1,-1
2015320004402,1,9,0,18,0,0,0,0,0,0,2,1,6,1,83,11,1896,2,12,-1,3,-1
2015320004402,2,1,0,18,0,0,0,0,0,0,1,1,6,1,51,8,-1,-1,-1,-1,2,-1
2015320004426,1,9,0,6,0,0,0,0,7,0,3,1,6,2,41,7,-1,-1,-1,-1,3,-1
2015320004426,2,9,0,18,0,0,0,0,7,0,1,1,1,1,36,7,-1,-1,-1,-1,1,-1
2015320004479,1,9,0,9,0,8,0,0,0,0,1,1,1,1,30,6,1896,2,12,-1,1,-1
2015320004479,2,1,0,18,0,8,0,0,0,0,1,1,2,1,46,8,-1,-1,-1,-1,3,-1
2015320004487,1,9,0,5,0,1,0,0,0,0,4,1,6,1,22,5,1242,1,8,-1,1,-1
2015320004543,1,9,0,18,0,8,0,0,0,0,1,1,6,2,79,11,1242,1,7,-1,2,-1
2015320004543,2,9,0,18,0,8,0,0,0,0,2,1,2,1,59,9,1896,2,19,-1,3,-1
2015320004641,1,9,0,16,0,0,2,0,7,9,3,1,1,1,38,7,1248,2,4,-1,1,-1
2015320004644,1,9,0,9,0,8,0,0,0,0,3,1,6,2,92,11,1590,1,14,-1,1,-1
2015320004644,2,9,0,9,0,8,0,0,0,0,3,1,6,2,28,6,-1,-1,-1,-1,1,-1
2015320004851,1,9,0,18,0,0,0,0,1,4,1,2,2,2,26,6,1560,2,1,-1,1,-1
2015320004854,1,9,0,13,0,1,0,0,0,0,1,1,1,1,48,8,1686,2,3,-1,1,-1
2015320004854,2,19,0,3,0,2,0,0,0,0,1,1,6,1,48,8,2402,2,10,-1,-1,-1
2015320004867,1,9,0,18,0,0,0,0,1,9,1,1,6,1,50,8,-1,-1,-1,-1,1,-1
2015320004880,1,9,0,9,0,1,0,0,0,0,1,1,2,1,47,8,1798,1,1,-1,3,-1
2015320004880,2,9,0,9,0,1,0,0,0,0,3,1,2,1,63,9,-1,-1,-1,-1,2,-1
2015320004881,1,19,0,18,0,1,0,4,0,0,1,1,6,1,45,7,1995,2,1,-1,-1,-1
2015320004881,2,9,0,2,0,1,0,0,0,0,2,1,6,1,36,7,1905,2,18,-1,1,-1
2015320004909,1,5,0,18,0,0,0,10,1,0,1,1,6,1,25,5,599,1,10,-1,2,-1
2015320004909,2,9,0,17,0,0,0,0,0,0,0,1,6,1,18,4,-1,-1,-1,-1,2,-1
2015320004915,1,9,0,18,0,0,0,0,1,3,1,1,6,2,19,4,-1,-1,-1,-1,1,-1
2015320004930,1,5,0,18,0,3,0,0,0,0,3,1,6,1,67,10,1170,1,6,-1,1,-1
2015320005007,1,19,0,18,0,0,5,0,1,0,1,1,6,1,42,7,1896,2,14,-1,3,-1
2015320005007,2,90,-1,18,0,0,0,0,0,0,1,-1,6,3,-1,-1,-1,-1,-1,-1,-1,-1
2015320005047,1,11,0,4,9,2,0,0,0,0,4,-1,1,1,73,10,-1,-1,-1,-1,-1,-1
2015320005085,1,9,0,17,0,0,2,0,7,0,0,1,6,2,54,8,-1,-1,-1,-1,1,-1
2015320005104,1,9,0,18,0,2,0,0,0,0,3,1,6,2,59,9,1242,1,3,-1,1,-1
2015320005128,1,19,0,18,0,0,0,0,7,0,3,1,6,1,37,7,1995,2,8,-1,-1,-1
2015320005128,2,9,0,18,0,0,0,0,0,0,3,1,6,2,58,9,1968,2,5,-1,3,-1
2015320005128,3,90,0,18,0,0,0,0,0,0,3,1,1,1,50,8,2999,2,3,-1,1,-1
2015320005138,1,9,0,16,0,0,2,0,7,0,1,1,6,2,29,6,1896,2,11,-1,-1,-1
2015320005143,1,9,0,16,0,2,0,0,7,4,1,1,6,2,79,11,-1,-1,-1,-1,1,-1
2015320005154,1,9,0,18,0,0,1,0,1,10,1,1,6,1,23,5,1896,2,12,-1,1,-1
2015320005207,1,9,0,18,0,0,0,0,0,0,1,1,2,1,41,7,1998,1,11,-1,2,-1
2015320005250,1,9,0,16,0,0,1,0,7,11,1,1,6,1,32,6,1360,1,13,-1,1,-1
2015320005250,2,9,0,17,0,0,0,0,0,0,2,1,6,2,51,8,1198,1,7,-1,3,-1
2015320005250,3,9,0,2,0,0,0,0,0,0,1,1,6,3,28,6,998,1,2,-1,-1,-1
2015320005250,4,9,0,2,0,0,0,0,0,0,1,1,6,3,71,10,-1,-1,-1,-1,-1,-1
2015320005291,1,9,0,5,0,0,0,0,0,0,1,1,1,1,31,6,-1,-1,-1,-1,3,-1
2015320005291,2,1,0,18,0,0,0,0,0,0,1,1,2,2,29,6,-1,-1,-1,-1,1,-1
2015320005300,1,9,-1,18,0,2,0,0,0,0,1,-1,6,1,-1,-1,-1,-1,-1,-1,-1,-1
2015320005328,1,9,0,16,0,0,0,0,0,0,1,1,6,1,-1,-1,-1,-1,-1,-1,-1,-1
2015320005347,1,9,0,9,0,8,0,0,0,0,1,1,6,2,42,7,1956,2,4,-1,1,-1
2015320005363,1,9,0,1,0,2,0,0,0,0,2,1,3,3,-1,-1,1198,1,6,-1,2,-1
2015320005373,1,9,0,4,0,0,0,0,0,0,1,1,6,2,75,10,1388,1,7,-1,1,-1
2015320005386,1,9,0,7,0,0,1,0,0,0,1,1,6,2,69,10,1339,1,-1,-1,3,-1
2015320005386,2,9,0,18,0,0,0,0,1,2,1,1,6,1,67,10,1390,1,2,-1,1,-1
2015320005479,1,9,0,16,0,0,1,0,1,0,2,1,1,2,40,7,1598,1,7,-1,1,-1
2015320005507,1,9,0,18,0,1,1,0,0,0,1,1,1,1,18,4,-1,-1,-1,-1,1,-1
2015320005507,2,19,0,10,0,1,0,0,0,0,2,1,1,1,52,8,-1,-1,-1,-1,3,-1
2015320005508,1,9,0,18,0,3,0,0,0,0,1,1,6,2,58,9,1598,1,9,-1,-1,-1
2015320005513,1,9,0,4,6,0,1,0,7,0,1,1,1,1,42,7,-1,-1,-1,-1,3,-1
2015320005513,2,19,0,4,0,0,1,0,0,0,1,2,1,1,43,7,1905,2,17,-1,3,-1
2015320005515,1,98,1,18,0,8,0,0,0,0,1,2,1,1,49,8,-1,-1,-1,-1,3,-1
2015320005515,2,19,0,10,0,8,0,0,0,0,2,1,1,1,49,8,2148,2,7,-1,3,-1
2015320005519,1,9,0,4,0,1,1,0,1,0,3,1,1,1,52,8,-1,-1,-1,-1,3,-1
2015320005519,2,21,0,18,0,8,0,0,1,0,1,1,1,1,52,8,7146,2,3,-1,1,-1
2015320005532,1,9,0,18,0,0,0,0,1,4,1,1,6,2,34,6,1149,1,13,-1,2,-1
2015320005650,1,98,4,5,0,1,0,0,0,0,4,-1,1,1,44,7,-1,-1,-1,-1,-1,-1
2015320005650,2,9,0,14,0,1,0,0,0,0,3,-1,6,2,24,5,1598,1,1,-1,1,-1
2015320005655,1,9,0,18,0,0,0,0,0,0,1,1,6,2,40,7,1998,1,11,-1,1,-1
2015320005655,2,1,0,18,0,0,0,0,0,0,2,1,6,1,11,3,-1,-1,-1,-1,1,-1
2015320005706,1,9,0,18,0,0,0,0,0,0,1,1,6,1,27,6,-1,-1,-1,-1,1,-1
2015320005706,2,9,0,18,0,0,0,0,0,0,2,1,6,2,25,5,-1,-1,-1,-1,1,-1
2015320005750,1,9,0,18,7,0,1,0,7,4,1,1,6,1,22,5,-1,-1,-1,-1,2,-1
2015320005804,1,90,0,18,0,0,0,0,0,0,1,-1,6,1,-1,-1,-1,-1,-1,-1,-1,-1
2015320005804,2,9,0,3,0,0,0,0,0,0,2,-1,6,2,23,5,-1,-1,-1,-1,1,-1
2015320005804,3,9,0,9,0,0,0,0,0,0,2,-1,6,3,-1,-1,-1,-1,-1,-1,2,-1
2015320005836,1,9,0,3,0,1,0,0,0,0,1,1,6,1,-1,-1,1910,2,10,-1,-1,-1
2015320005836,2,9,0,3,0,1,0,0,0,0,2,1,6,1,25,5,2993,2,13,-1,1,-1
2015320005839,1,19,0,13,0,1,0,0,0,0,1,1,6,1,21,5,-1,-1,-1,-1,2,-1
2015320005839,2,1,0,9,0,1,0,0,0,0,1,1,6,1,18,4,-1,-1,-1,-1,3,-1
2015320005840,1,9,0,17,0,0,2,0,8,10,1,1,2,1,26,6,1995,2,6,-1,1,-1
2015320005873,1,9,0,18,0,0,0,0,1,7,1,1,6,1,20,4,-1,-1,-1,-1,3,-1
2015320006004,1,9,0,13,0,0,0,0,0,0,1,1,6,1,68,10,-1,-1,-1,-1,3,-1
2015320006004,2,1,0,18,0,0,1,0,1,0,1,1,6,1,49,8,-1,-1,-1,-1,-1,-1
2015320006028,1,1,0,15,0,1,0,0,0,0,0,1,2,1,51,8,-1,-1,-1,-1,1,-1
2015320006073,1,9,0,17,0,0,1,0,1,0,1,1,6,1,18,4,-1,-1,-1,-1,1,-1
2015320006079,1,9,0,18,0,0,2,0,1,9,4,1,6,1,52,8,2143,2,2,-1,1,-1
2015320006210,1,9,0,18,0,1,2,10,1,0,1,1,6,2,52,8,2204,2,9,-1,2,-1
2015320006243,1,9,0,18,0,0,1,0,0,0,1,1,6,2,22,5,796,1,15,-1,1,-1
2015320006243,2,9,0,18,0,0,0,0,0,0,2,1,1,1,28,6,1560,2,1,-1,1,-1
2015320006243,3,9,0,18,0,0,0,0,0,0,2,1,6,2,57,9,1242,1,9,-1,1,-1
2015320006250,1,9,0,16,0,0,0,12,1,0,1,1,6,2,39,7,-1,-1,-1,-1,1,-1
2015320006253,1,9,0,7,0,1,0,0,0,0,1,1,6,2,54,8,1749,1,13,-1,1,-1
2015320006253,2,9,0,10,0,1,0,0,0,0,3,1,6,1,76,11,1998,2,8,-1,1,-1
2015320006300,1,9,0,16,0,0,1,0,7,0,0,1,1,2,27,6,1248,2,8,-1,2,-1
2015320006345,1,9,0,14,0,0,1,4,1,10,3,1,6,2,52,8,1296,1,7,-1,-1,-1
2015320006345,2,9,0,2,0,0,0,0,0,0,2,1,6,3,22,5,1598,1,11,-1,3,-1
2015320006392,1,9,0,18,0,0,0,0,0,0,4,1,6,3,-1,-1,-1,-1,-1,-1,-1,-1
2015320006404,1,9,0,17,0,0,1,0,1,11,1,1,6,2,30,6,1198,1,12,-1,2,-1
2015320006429,1,9,0,17,0,0,1,0,1,1,1,1,6,1,78,11,-1,-1,-1,-1,3,-1
2015320006429,2,9,0,17,0,0,2,0,1,4,1,2,6,1,59,9,1997,2,1,-1,1,-1
2015320006451,1,19,0,3,0,0,0,0,0,0,2,1,1,1,30,6,1870,2,12,-1,1,-1
2015320006451,2,98,0,4,0,0,1,0,0,0,1,1,1,1,48,8,12900,2,4,-1,-1,-1
2015320006464,1,9,0,9,0,1,0,0,0,0,1,2,1,1,77,11,-1,-1,-1,-1,1,-1
2015320006464,2,22,0,3,0,8,5,0,0,0,1,1,6,2,74,10,-1,-1,-1,-1,1,-1
2015320006476,1,9,0,18,0,0,2,0,2,9,1,1,6,1,29,6,-1,-1,-1,-1,1,-1
2015320006487,1,21,1,18,0,0,0,0,0,0,3,2,1,1,23,5,-1,-1,-1,-1,-1,-1
2015320006487,2,9,0,13,0,0,2,0,1,4,4,1,6,2,21,5,-1,-1,-1,-1,1,-1
2015320006492,1,9,0,5,0,1,0,0,0,0,4,1,6,1,26,6,1390,1,9,-1,1,-1
2015320006492,2,9,0,15,0,1,0,0,0,0,1,1,6,2,25,5,1349,1,4,-1,3,-1
2015320006515,1,9,0,17,0,0,1,0,7,11,1,1,6,1,45,7,-1,-1,-1,-1,1,-1
2015320006525,1,9,0,18,0,0,0,0,0,0,4,1,1,2,31,6,1587,1,16,-1,1,-1
2015320006582,1,9,0,9,0,8,0,0,0,0,1,1,6,1,22,5,1796,1,7,-1,1,-1
2015320006619,1,9,0,18,0,0,1,0,1,0,1,1,2,1,32,6,-1,-1,-1,-1,1,-1
2015320006672,1,19,0,18,0,0,2,0,7,0,4,1,1,2,51,8,1399,2,5,-1,1,-1
2015320006683,1,9,0,18,0,0,1,0,7,4,3,1,2,1,58,9,-1,-1,-1,-1,1,-1
2015320006683,2,9,0,18,0,0,0,0,0,0,3,1,6,1,52,8,1968,2,10,-1,1,-1
2015320006689,1,9,0,18,0,2,1,0,0,0,1,1,2,1,53,8,1363,2,10,-1,1,-1
2015320006689,2,9,0,18,0,2,0,0,0,0,1,1,2,2,57,9,1968,2,1,-1,3,-1
2015320006802,1,9,0,18,0,0,5,0,1,1,1,1,2,2,33,6,-1,-1,-1,-1,1,-1
2015320006818,1,9,0,18,0,0,2,0,1,9,4,1,3,2,68,10,-1,-1,-1,-1,3,-1
2015320006858,1,9,0,16,0,0,0,0,0,0,3,2,3,2,48,8,2993,2,4,-1,3,-1
2015320006858,2,9,0,17,0,0,0,0,0,0,3,2,6,1,55,8,2143,2,1,-1,1,-1
2015320006862,1,9,0,18,0,0,0,4,0,0,1,1,2,2,35,6,1490,1,8,-1,1,-1
2015320006862,2,9,0,2,0,0,0,4,0,0,2,1,6,3,22,5,1998,1,9,-1,-1,-1
2015320006862,3,19,0,2,0,0,0,0,0,0,2,1,6,3,51,8,1995,2,6,-1,-1,-1
2015320006945,1,9,0,18,0,0,0,0,0,0,1,1,6,1,47,8,-1,-1,-1,-1,1,-1
2015320006945,2,9,0,18,0,0,0,0,0,0,1,1,6,2,30,6,1995,1,8,-1,3,-1
2015320007012,1,9,0,18,0,1,1,0,0,0,1,1,6,1,37,7,2598,1,18,-1,1,-1
2015320007012,2,9,0,3,0,1,0,0,0,0,2,1,6,1,72,10,2685,2,12,-1,3,-1
2015320007013,1,9,0,18,0,0,2,0,7,9,1,1,6,1,19,4,973,1,12,-1,1,-1
2015320007051,1,9,0,18,0,1,5,0,7,2,1,1,6,1,76,11,1997,2,11,-1,1,-1
2015320007068,1,9,0,18,0,1,0,0,1,10,1,1,6,1,42,7,1910,2,7,-1,1,-1
2015320007083,1,4,0,18,0,1,1,0,0,0,1,1,6,1,17,4,124,1,13,-1,1,-1
2015320007083,2,9,0,9,0,2,0,0,0,0,3,1,6,1,-1,-1,-1,-1,-1,-1,-1,-1
2015320007092,1,1,0,18,5,0,0,0,0,0,0,1,6,1,75,10,-1,-1,-1,-1,-1,-1
2015320007094,1,9,0,18,0,8,0,0,0,0,1,1,6,1,38,7,1360,1,13,-1,3,-1
2015320007094,2,9,0,18,0,8,0,0,0,0,2,1,6,2,28,6,-1,-1,-1,-1,3,-1
2015320007129,1,9,0,18,0,0,0,0,1,10,4,1,6,1,22,5,-1,-1,-1,-1,1,-1
2015320007145,1,9,0,7,0,1,0,0,0,0,2,1,6,1,49,8,1242,1,10,-1,1,-1
2015320007145,2,2,0,4,0,1,0,0,0,0,1,1,6,1,20,4,124,1,7,-1,3,-1
2015320007151,1,9,0,5,0,2,0,0,0,0,3,1,6,1,18,4,998,1,2,-1,2,-1
2015320007151,2,9,0,18,0,1,0,0,0,0,1,1,6,2,17,4,-1,-1,-1,-1,1,-1
2015320007173,1,9,0,5,0,8,0,0,0,0,0,1,6,2,57,9,1598,1,4,-1,1,-1
2015320007173,2,3,0,18,0,8,0,0,0,0,1,1,6,1,29,6,124,1,2,-1,1,-1
2015320007210,1,9,0,17,0,0,0,0,1,4,1,1,6,1,21,5,1364,1,9,-1,2,-1
2015320007219,1,9,0,18,0,0,1,7,0,11,1,1,1,1,65,9,-1,-1,-1,-1,1,-1
2015320007255,1,9,0,18,0,0,1,0,1,4,3,1,2,1,18,4,1242,1,11,-1,1,-1
2015320007264,1,9,0,17,0,0,2,0,1,0,4,1,1,2,52,8,-1,-1,-1,-1,3,-1
2015320007337,1,9,0,18,0,0,2,0,1,9,1,1,6,1,25,5,-1,-1,-1,-1,3,-1
2015320007352,1,9,0,9,0,6,0,0,0,0,3,1,6,1,18,4,-1,-1,-1,-1,3,-1
2015320007352,2,4,0,18,0,1,0,0,0,0,1,1,1,1,34,6,656,1,6,-1,1,-1
2015320007359,1,9,0,5,0,2,0,0,0,0,1,1,6,1,75,10,1997,2,13,-1,2,-1
2015320007388,1,9,0,18,0,2,0,0,7,10,1,1,6,1,58,9,1596,1,15,-1,1,-1
2015320007388,2,9,0,9,0,2,0,0,7,11,3,1,6,2,56,9,-1,-1,-1,-1,1,-1
2015320007392,1,8,0,5,0,5,0,0,0,0,4,1,1,1,50,8,1560,2,4,-1,3,-1
2015320007392,2,9,0,18,0,1,0,0,0,0,1,1,6,2,20,4,1598,1,10,-1,1,-1
2015320007402,1,9,0,17,0,0,0,4,0,0,1,1,6,2,79,11,1299,1,11,-1,1,-1
2015320007402,2,9,0,2,0,0,0,0,0,0,2,1,6,1,51,8,1997,1,13,-1,1,-1
2015320007646,1,9,0,4,0,2,1,0,0,0,3,1,1,1,29,6,1461,2,6,-1,3,-1
2015320007646,2,9,0,18,0,1,0,0,0,0,1,1,1,1,49,8,-1,-1,-1,-1,3,-1
2015320007651,1,9,-1,18,0,0,0,0,0,0,3,-1,6,3,-1,-1,-1,-1,-1,-1,-1,-1
2015320007673,1,8,0,3,0,1,0,0,0,0,2,1,1,1,62,9,1968,2,3,-1,1,-1
2015320007673,2,90,-1,18,0,1,0,0,0,0,1,-1,1,1,35,6,-1,-1,-1,-1,1,-1
2015320007695,1,9,0,9,0,6,0,0,0,0,3,1,6,2,18,4,973,1,13,-1,3,-1
2015320007695,2,3,0,18,0,6,0,0,0,0,1,1,6,1,24,5,124,1,3,-1,2,-1
2015320007702,1,8,0,16,0,0,2,0,7,9,1,1,6,1,48,8,2402,2,9,-1,2,-1
2015320007714,1,9,0,13,0,0,0,0,7,3,1,1,2,1,29,6,1870,2,12,-1,2,-1
2015320007714,2,9,0,13,0,0,0,0,0,0,2,1,2,1,47,8,1995,2,-1,-1,-1,-1
2015320007740,1,9,0,18,0,2,0,0,0,0,4,1,3,2,54,8,-1,-1,-1,-1,1,-1
2015320007800,1,21,0,5,0,1,0,0,0,0,1,1,1,1,66,10,12900,2,7,-1,3,-1
2015320007814,1,9,0,18,0,0,0,0,1,4,1,1,2,2,18,4,-1,-1,-1,-1,3,-1
2015320007818,1,9,0,5,5,6,0,0,0,0,0,1,1,2,46,8,999,1,2,-1,-1,-1