Accident_Index,Vehicle_Reference,Vehicle_Type,Towing_and_Articulation,Vehicle_Manoeuvre,Vehicle_Location-Restricted_Lane,Junction_Location,Skidding_and_Overturning,Hit_Object_in_Carriageway,Vehicle_Leaving_Carriageway,Hit_Object_off_Carriageway,1st_Point_of_Impact,Was_Vehicle_Left_Hand_Drive?,Journey_Purpose_of_Driver,Sex_of_Driver,Age_of_Driver,Age_Band_of_Driver,Engine_Capacity_(CC),Propulsion_Code,Age_of_Vehicle,Driver_IMD_Decile,Driver_Home_Area_Type,Vehicle_IMD_Decile
2015320013337,1,9,0,18,0,0,0,0,1,0,1,1,1,1,24,5,1998,2,11,-1,1,-1
2015320013337,2,9,0,18,0,0,0,0,1,0,1,1,6,1,82,11,1323,1,12,-1,3,-1
2015320013370,1,9,0,18,0,0,1,0,0,0,1,1,1,1,42,7,-1,-1,-1,-1,1,-1
2015320013370,2,9,0,18,0,0,0,0,0,0,2,1,1,2,47,8,-1,-1,-1,-1,2,-1
2015320013370,3,9,0,18,0,0,0,0,0,0,2,1,6,2,19,4,1242,1,9,-1,2,-1
2015320013372,1,9,0,4,0,0,1,4,0,0,1,1,3,1,43,7,1396,1,13,-1,3,-1
2015320013372,2,9,0,3,0,0,0,4,0,0,2,1,1,2,37,7,1796,1,6,-1,3,-1
2015320013372,3,9,0,3,0,0,0,0,0,0,2,1,1,1,25,5,1951,2,13,-1,1,-1
2015320013420,1,9,0,18,0,0,0,0,0,0,1,2,1,1,21,5,-1,-1,-1,-1,1,-1
2015320013420,2,9,0,18,0,0,0,0,0,0,2,2,1,2,50,8,-1,-1,-1,-1,2,-1
2015320013432,1,10,0,16,0,4,0,0,0,0,1,1,1,1,29,6,2500,2,9,-1,3,-1
2015320013432,2,9,0,16,0,4,0,0,0,0,2,1,6,1,32,6,1997,2,15,-1,1,-1
2015320013448,1,21,1,18,0,1,5,0,1,9,4,1,1,1,61,9,12777,2,5,-1,1,-1
2015320013568,1,98,0,17,0,0,0,0,0,0,3,1,1,1,58,9,10837,2,1,-1,1,-1
2015320013568,2,9,0,16,0,0,0,0,0,0,3,1,6,2,52,8,1582,2,2,-1,3,-1
2015320013585,1,3,0,3,0,1,0,0,0,0,4,1,6,1,21,5,124,1,10,-1,3,-1
2015320013585,2,9,0,3,0,2,0,0,0,0,1,1,6,2,25,5,1598,1,14,-1,1,-1
2015320013592,1,9,0,18,0,0,0,0,0,0,3,1,6,1,65,9,-1,-1,-1,-1,2,-1
2015320013624,1,3,0,5,0,0,0,0,0,0,1,1,6,1,27,6,-1,-1,-1,-1,1,-1
2015320013624,2,9,0,2,0,0,0,0,0,0,2,1,6,3,28,6,1248,1,6,-1,-1,-1
2015320013631,1,9,0,9,0,1,0,0,0,0,1,1,1,1,30,6,4163,1,8,-1,2,-1
2015320013631,2,9,0,18,0,1,0,0,0,0,3,1,6,2,21,5,1997,2,15,-1,3,-1
2015320013759,1,9,0,9,0,1,0,0,0,0,4,1,6,1,22,5,1229,1,6,-1,1,-1
2015320013759,2,9,0,18,0,1,0,0,0,0,3,1,6,1,24,5,1587,1,12,-1,3,-1
2015320013822,1,9,0,18,0,2,0,0,0,0,1,1,6,1,23,5,1796,1,11,-1,-1,-1
2015320013822,2,9,0,2,0,2,0,0,0,0,4,1,1,1,28,6,1686,2,1,-1,1,-1
2015320013939,1,9,0,18,0,4,1,0,2,10,1,1,6,1,28,6,-1,-1,-1,-1,1,-1
2015320013939,2,9,0,9,0,4,0,0,0,0,0,1,6,1,42,7,1390,1,4,-1,-1,-1
2015320013973,1,9,0,16,0,0,0,0,7,10,1,1,2,1,22,5,1124,1,5,-1,1,-1
2015320014003,1,9,0,4,0,0,0,0,0,0,2,1,2,1,25,5,1198,1,2,-1,1,-1
2015320014003,2,19,0,3,0,0,0,0,0,0,0,1,2,1,58,9,1995,2,4,-1,2,-1
2015320014041,1,19,0,18,0,0,0,0,0,0,1,1,2,1,33,6,2402,2,12,-1,1,-1
2015320014066,1,9,0,18,0,1,0,0,0,0,1,-1,6,1,-1,-1,2143,2,1,-1,-1,-1
2015320014066,2,1,0,18,0,1,0,0,0,0,1,1,6,1,16,4,-1,-1,-1,-1,1,-1
2015320014078,1,9,0,9,0,8,0,0,0,0,4,1,6,2,23,5,1499,1,8,-1,2,-1
2015320014078,2,1,0,18,0,8,0,0,0,0,1,1,6,1,31,6,-1,-1,-1,-1,1,-1
2015320014290,1,9,0,4,0,1,0,0,0,0,2,1,6,1,62,9,1598,1,7,-1,-1,-1
2015320014290,2,9,0,18,0,1,0,0,0,0,1,1,6,2,18,4,998,1,15,-1,2,-1
2015320014323,1,9,0,18,0,0,0,0,1,9,1,1,6,2,29,6,1598,1,13,-1,3,-1
2015320014324,1,9,0,18,0,0,1,0,7,1,4,1,6,1,26,6,-1,-1,-1,-1,1,-1
2015320014326,1,9,0,4,0,0,1,0,0,0,1,1,6,1,26,6,1968,2,4,-1,2,-1
2015320014326,2,9,0,4,0,0,1,0,0,0,2,1,6,2,33,6,1968,2,4,-1,3,-1
2015320014358,1,9,0,5,0,6,0,0,0,0,3,1,6,1,37,7,1995,2,11,-1,1,-1
2015320014358,2,1,0,18,4,8,5,0,0,0,1,1,6,1,52,8,-1,-1,-1,-1,1,-1
2015320014458,1,9,0,5,0,2,0,0,0,0,1,1,6,1,60,9,1498,1,6,-1,-1,-1
2015320014458,2,21,0,2,0,2,0,0,0,0,1,1,1,1,32,6,6370,2,12,-1,3,-1
2015320014474,1,9,0,18,0,8,0,0,0,0,1,1,6,1,34,6,-1,-1,-1,-1,1,-1
2015320014474,2,19,4,9,0,8,0,0,0,0,3,1,1,1,26,6,2499,2,6,-1,3,-1
2015320014476,1,9,0,18,0,1,1,0,0,0,1,1,2,2,22,5,-1,-1,-1,-1,1,-1
2015320014476,2,9,0,18,0,1,0,0,0,0,2,1,2,1,48,8,-1,-1,-1,-1,3,-1
2015320014488,1,9,0,18,0,1,1,0,1,11,1,1,6,2,36,7,1242,1,3,-1,3,-1
2015320014488,2,9,0,18,0,1,0,0,0,0,2,1,6,2,35,6,1229,1,7,-1,2,-1
2015320014488,3,9,0,18,0,1,0,0,0,0,2,1,6,1,42,7,1598,2,3,-1,2,-1
2015320014579,1,9,0,13,0,0,0,0,0,0,1,1,6,1,23,5,-1,-1,-1,-1,3,-1
2015320014579,2,9,0,18,0,0,0,0,0,0,1,1,6,1,54,8,1998,2,8,-1,3,-1
2015320014580,1,9,0,4,0,6,0,0,0,0,1,1,3,1,40,7,-1,-1,-1,-1,1,-1
2015320014580,2,1,0,18,0,8,0,0,0,0,1,1,6,1,-1,-1,-1,-1,-1,-1,-1,-1
2015320014667,1,9,0,5,0,6,0,0,0,0,3,1,6,1,52,8,1995,2,2,-1,3,-1
2015320014667,2,1,0,18,0,8,0,0,0,0,1,1,6,1,47,8,-1,-1,-1,-1,-1,-1
2015320014676,1,19,0,9,0,8,0,0,0,0,4,1,1,1,32,6,2198,2,2,-1,1,-1
2015320014676,2,20,0,18,0,1,1,0,0,0,1,1,1,1,34,6,10837,2,4,-1,-1,-1
2015320014737,1,9,0,9,0,1,0,0,0,0,1,1,6,2,67,10,998,1,2,-1,1,-1
2015320014737,2,1,0,18,0,1,0,0,0,0,3,1,2,1,29,6,-1,-1,-1,-1,1,-1
2015320014802,1,9,0,18,0,0,0,0,0,0,1,1,6,1,45,7,-1,-1,-1,-1,3,-1
2015320014802,2,9,0,18,0,0,0,0,0,0,1,1,6,2,25,5,1968,2,4,-1,3,-1
2015320014921,1,9,0,18,0,0,0,0,0,0,1,1,6,1,26,6,2616,1,10,-1,1,-1
2015320014940,1,9,0,9,0,8,0,0,0,0,1,1,6,1,27,6,1997,2,6,-1,3,-1
2015320014940,2,9,0,18,0,8,0,0,0,0,1,1,6,1,29,6,-1,-1,-1,-1,2,-1
2015320014976,1,9,0,18,0,3,0,0,0,0,0,1,6,1,58,9,2171,1,12,-1,1,-1
2015320014976,2,9,0,18,0,4,0,0,0,0,0,1,6,1,26,6,1994,1,11,-1,1,-1
2015320015075,1,9,0,18,0,0,0,0,1,4,1,2,6,1,64,9,1796,1,7,-1,3,-1
2015320015075,2,90,-1,18,0,0,0,0,0,0,0,-1,6,3,-1,-1,-1,-1,-1,-1,-1,-1
2015320015083,1,9,0,4,0,0,0,0,0,0,1,1,6,1,18,4,998,1,8,-1,1,-1
2015320015083,2,9,0,4,0,0,0,0,0,0,2,1,6,1,43,7,-1,-1,-1,-1,-1,-1
2015320015101,1,9,0,9,0,8,0,0,0,0,0,1,6,2,22,5,1199,1,15,-1,2,-1
2015320015101,2,5,0,18,0,8,2,0,0,0,0,1,6,1,47,8,599,1,18,-1,1,-1
2015320015145,1,5,0,18,0,0,0,0,0,0,1,1,6,1,41,7,988,1,11,-1,2,-1
2015320015145,2,9,0,18,0,0,0,0,0,0,2,1,6,2,47,8,1248,1,3,-1,1,-1
2015320015146,1,9,0,2,0,1,0,0,0,0,2,1,1,1,28,6,-1,-1,-1,-1,1,-1
2015320015146,2,9,0,5,0,1,0,4,0,0,1,1,6,1,-1,-1,1968,2,-1,-1,2,-1
2015320015236,1,9,0,18,0,0,0,0,0,0,1,1,6,1,56,9,1796,1,7,-1,2,-1
2015320015236,2,19,0,9,0,0,0,0,0,0,2,1,2,1,26,6,1896,2,15,-1,3,-1
2015320015263,1,9,0,17,0,1,2,0,7,3,1,1,6,2,29,6,-1,-1,-1,-1,2,-1
2015320015269,1,9,0,18,0,6,0,0,3,1,1,1,6,1,52,8,1995,2,11,-1,2,-1
2015320015278,1,9,0,9,0,8,0,0,0,0,1,1,6,2,24,5,1598,1,11,-1,1,-1
2015320015278,2,3,0,18,0,1,0,0,0,0,4,1,6,1,42,7,124,1,12,-1,3,-1
2015320015314,1,9,-1,1,6,0,0,0,0,0,2,-1,6,3,-1,-1,-1,-1,-1,-1,-1,-1
2015320015314,2,9,0,18,0,0,0,0,0,0,1,1,6,1,44,7,1686,2,2,-1,1,-1
2015320015355,1,3,0,13,0,0,0,0,0,0,0,1,2,1,32,6,124,1,2,-1,3,-1
2015320015357,1,9,0,9,0,1,0,0,0,0,1,1,6,1,60,9,2143,2,1,-1,2,-1
2015320015357,2,1,0,18,0,1,0,0,0,0,1,1,6,1,39,7,-1,-1,-1,-1,1,-1
2015320015479,1,5,0,16,0,0,0,0,0,0,1,1,6,1,24,5,599,1,18,-1,3,-1
2015320015479,2,21,1,17,0,0,0,0,0,0,1,1,1,1,36,7,15607,2,9,-1,3,-1
2015320015490,1,8,0,18,0,0,0,0,0,0,1,1,1,1,28,6,1995,2,8,-1,1,-1
2015320015490,2,9,0,18,0,0,1,0,7,9,1,1,6,1,67,10,1198,1,5,-1,3,-1
2015320015494,1,19,0,18,0,0,0,0,0,0,0,1,1,1,45,7,2198,2,2,-1,2,-1
2015320015494,2,9,0,18,0,0,0,0,1,0,1,1,1,2,26,6,1968,2,10,-1,2,-1
2015320015561,1,9,0,9,0,8,1,0,4,10,4,1,6,2,60,9,-1,-1,-1,-1,1,-1
2015320015561,2,21,1,12,0,8,1,0,0,0,1,1,1,1,49,8,12900,2,4,-1,-1,-1
2015320015628,1,9,-1,18,0,0,0,0,0,0,1,1,2,2,44,7,1686,2,5,-1,2,-1
2015320015628,2,9,-1,5,0,0,0,0,0,0,1,1,1,1,24,5,-1,-1,-1,-1,3,-1
2015320015657,1,9,0,18,9,1,0,0,0,0,1,1,6,2,32,6,-1,-1,-1,-1,3,-1
2015320015657,2,1,0,18,9,1,0,0,0,0,1,1,6,1,14,3,-1,-1,-1,-1,1,-1
2015320015770,1,9,0,13,0,1,1,0,8,3,1,1,6,1,27,6,1997,2,10,-1,1,-1
2015320015770,2,9,0,9,0,1,0,0,0,0,1,1,6,2,47,8,1968,2,7,-1,3,-1
2015320015770,3,9,0,2,0,8,0,0,0,0,1,-1,6,3,-1,-1,-1,-1,-1,-1,-1,-1
2015320015816,1,9,0,14,0,1,0,0,0,0,4,1,2,2,19,4,1896,2,8,-1,1,-1
2015320015816,2,9,0,5,0,1,0,0,0,0,3,1,2,1,51,8,998,1,5,-1,2,-1
2015320015915,1,9,0,18,0,8,0,0,7,10,3,1,6,1,23,5,998,1,1,-1,3,-1
2015320015947,1,11,0,7,0,8,0,0,0,0,4,1,1,1,41,7,12000,2,6,-1,1,-1
2015320015947,2,1,0,18,0,8,0,0,0,0,1,1,1,1,30,6,-1,-1,-1,-1,-1,-1
2015320015967,1,9,0,18,0,1,0,0,1,0,4,1,6,2,78,11,1149,1,8,-1,1,-1
2015320015967,2,9,0,18,0,8,0,0,1,0,3,1,6,1,60,9,1591,1,3,-1,2,-1
2015320016013,1,9,0,17,0,0,2,0,7,0,1,1,6,2,20,4,-1,-1,-1,-1,2,-1
2015320016021,1,9,0,16,0,0,1,0,7,2,1,1,6,1,58,9,-1,-1,-1,-1,1,-1
2015320016110,1,19,0,18,0,0,1,0,0,0,2,1,1,1,39,7,2298,2,4,-1,1,-1
2015320016110,2,9,0,18,0,0,1,0,0,0,0,1,1,1,34,6,2199,2,1,-1,2,-1
2015320016110,3,9,0,18,0,0,1,0,0,0,0,1,6,2,42,7,1398,2,4,-1,1,-1
2015320016172,1,9,0,18,0,2,0,0,0,2,4,1,6,1,64,9,-1,-1,-1,-1,-1,-1
2015320016172,2,1,0,18,0,2,0,0,0,0,3,1,6,1,49,8,-1,-1,-1,-1,1,-1
2015320016221,1,9,0,16,0,1,0,0,0,0,3,1,6,1,22,5,1596,1,13,-1,1,-1
2015320016221,2,9,0,9,0,1,0,0,0,0,1,1,6,2,34,6,1997,2,11,-1,1,-1
2015320016265,1,9,0,5,0,4,0,0,0,0,1,1,2,2,54,8,2435,1,11,-1,2,-1
2015320016265,2,9,0,5,0,4,0,0,0,0,2,1,2,2,47,8,1498,1,8,-1,2,-1
2015320016298,1,1,0,9,0,4,0,0,0,0,1,1,6,1,69,10,-1,-1,-1,-1,1,-1
2015320016298,2,9,0,18,0,4,0,0,0,0,4,-1,6,2,24,5,1368,1,4,-1,2,-1
2015320016396,1,9,0,18,0,0,0,0,7,0,1,1,6,1,89,11,1390,1,4,-1,2,-1
2015320016396,2,9,0,2,0,0,0,0,0,0,3,1,6,2,35,6,998,1,13,-1,-1,-1
2015320016421,1,9,0,5,0,1,0,0,0,0,4,1,6,2,-1,-1,2143,2,1,-1,-1,-1
2015320016421,2,22,0,3,0,1,0,0,0,0,3,1,6,2,47,8,-1,-1,-1,-1,1,-1
2015320016433,1,9,0,9,0,1,0,0,0,0,4,1,6,2,26,6,1198,1,5,-1,1,-1
2015320016433,2,1,0,18,0,1,0,0,0,0,1,1,6,1,63,9,-1,-1,-1,-1,1,-1
2015320016436,1,9,0,18,0,2,0,0,0,0,1,1,6,1,25,5,1896,2,13,-1,1,-1
2015320016492,1,9,0,4,0,0,0,0,0,0,1,1,6,1,25,5,1586,1,13,-1,1,-1
2015320016529,1,9,0,18,0,0,0,0,0,0,1,1,6,1,24,5,-1,-1,-1,-1,3,-1
2015320016529,2,90,-1,2,0,0,0,0,0,0,2,-1,6,3,-1,-1,-1,-1,-1,-1,-1,-1
2015320016574,1,9,0,18,0,1,0,0,0,0,4,2,6,2,30,6,-1,-1,-1,-1,-1,-1
2015320016575,1,9,0,18,0,1,0,0,0,0,1,1,1,1,23,5,1896,2,5,-1,1,-1
2015320016575,2,9,0,9,0,1,0,0,0,0,1,1,6,1,75,10,998,1,13,-1,2,-1
2015320016585,1,9,0,7,0,0,1,0,0,0,1,1,6,1,38,7,-1,-1,-1,-1,1,-1
2015320016585,2,19,0,9,0,0,0,0,0,0,1,1,6,2,53,8,-1,-1,-1,-1,3,-1
2015320016593,1,98,1,7,0,8,0,0,0,0,4,-1,1,3,-1,-1,-1,-1,-1,-1,-1,-1
2015320016593,2,1,0,18,0,8,0,0,0,0,0,1,2,1,28,6,-1,-1,-1,-1,1,-1
2015320016630,1,9,0,18,0,0,5,0,7,10,3,1,6,1,25,5,1587,1,15,-1,1,-1
2015320016680,1,9,0,18,0,0,2,0,1,7,1,1,2,2,49,8,-1,-1,-1,-1,3,-1
2015320016699,1,9,0,18,0,0,5,0,1,0,4,1,6,2,59,9,1339,1,1,-1,1,-1
2015320016711,1,19,0,18,0,0,0,0,0,0,1,1,6,1,31,6,2198,2,1,-1,3,-1
2015320016711,2,9,0,18,0,0,0,0,0,0,2,1,6,2,67,10,1389,1,18,-1,1,-1
2015320016736,1,9,0,18,0,0,5,0,1,9,4,1,6,2,32,6,1497,8,1,-1,3,-1
2015320016802,1,9,0,18,0,0,2,0,7,11,1,1,2,2,28,6,-1,-1,-1,-1,1,-1
2015320016861,1,9,0,13,0,0,1,0,1,9,1,2,2,1,21,5,1781,1,29,-1,2,-1
2015320016900,1,9,0,18,0,0,5,0,1,4,0,1,6,1,69,10,-1,-1,-1,-1,3,-1
2015320016967,1,9,0,18,0,0,0,0,0,0,1,2,6,1,28,6,2204,2,11,-1,-1,-1
2015320016990,1,9,0,18,0,0,0,0,3,10,3,1,6,2,42,7,1242,1,9,-1,2,-1
2015320016990,2,21,1,10,0,0,0,0,0,0,0,2,6,1,-1,-1,-1,-1,-1,-1,-1,-1
2015320017097,1,9,0,16,0,0,1,0,7,1,1,1,1,1,28,6,1360,1,10,-1,1,-1
2015320017141,1,9,0,1,0,0,0,0,0,0,2,1,3,2,35,6,1598,2,2,-1,1,-1
2015320017141,2,9,0,18,0,0,0,0,1,11,4,1,1,2,51,8,1399,1,11,-1,1,-1
2015320017227,1,9,0,9,0,5,0,0,7,9,4,1,6,2,62,9,1834,1,14,-1,3,-1
2015320017227,2,9,0,18,0,1,0,0,0,0,1,1,2,1,27,6,2000,2,6,-1,3,-1
2015320017344,1,9,0,4,0,0,0,0,1,11,1,1,6,2,25,5,1299,1,17,-1,3,-1
2015320017406,1,9,0,18,0,4,0,0,0,0,1,1,6,2,42,7,1242,1,12,-1,3,-1
2015320017406,2,8,0,18,0,4,0,0,0,0,1,-1,6,1,-1,-1,-1,-1,-1,-1,-1,-1
2015320017407,1,9,0,18,0,6,0,0,0,0,1,1,6,2,70,10,1360,1,9,-1,2,-1
2015320017407,2,9,0,18,0,1,0,0,0,0,4,1,1,2,48,8,-1,-1,-1,-1,3,-1
2015320017472,1,9,0,18,0,0,1,0,0,0,1,1,6,2,23,5,1299,1,12,-1,1,-1
2015320017472,2,9,0,18,0,0,0,0,0,0,3,1,6,2,72,10,1200,1,1,-1,1,-1
2015320017481,1,9,0,9,0,2,0,0,0,0,1,1,2,2,33,6,1997,1,13,-1,3,-1
2015320017481,2,9,0,18,0,1,0,0,0,0,1,1,6,2,59,9,1560,2,6,-1,2,-1
2015320017555,1,9,0,18,0,2,0,0,0,0,1,1,6,1,77,11,1596,1,12,-1,1,-1
2015320017555,2,1,0,18,0,2,0,0,0,0,3,1,6,1,50,8,-1,-1,-1,-1,1,-1
2015320017620,1,9,0,18,0,6,0,0,0,2,4,1,6,2,43,7,1248,2,7,-1,3,-1
2015320017620,2,9,0,18,0,1,0,0,0,0,1,1,6,2,46,8,2499,2,15,-1,3,-1
2015320017779,1,3,0,18,0,1,0,0,0,0,0,1,2,1,21,5,125,1,1,-1,2,-1
2015320017779,2,9,0,5,0,6,0,0,0,0,0,1,6,3,-1,-1,-1,-1,-1,-1,-1,-1
2015320017842,1,9,0,13,0,0,0,0,0,0,1,1,6,1,19,4,1796,1,13,-1,3,-1
2015320017842,2,9,0,18,0,0,0,0,7,0,1,1,6,2,28,6,1995,2,11,-1,1,-1
2015320017842,3,11,0,18,0,0,0,0,0,0,3,1,1,1,49,8,-1,-1,-1,-1,1,-1
2015320017865,1,9,0,18,0,0,5,0,0,0,1,1,6,2,86,11,-1,-1,-1,-1,1,-1
2015320017865,2,9,0,2,0,0,0,0,0,0,1,1,6,3,-1,-1,1951,2,13,-1,3,-1
2015320017865,3,9,0,2,0,0,0,0,0,0,1,1,6,3,-1,-1,1388,1,8,-1,-1,-1
2015320017874,1,9,0,4,9,1,0,0,1,0,1,1,6,1,50,8,1910,2,9,-1,-1,-1
2015320017928,1,9,0,9,0,8,1,0,0,0,4,1,6,1,20,4,1364,1,6,-1,3,-1
2015320017928,2,9,0,18,0,8,1,0,0,0,1,1,2,2,26,6,1242,1,12,-1,3,-1
2015320017945,1,9,0,17,0,0,0,0,1,11,1,1,6,1,25,5,-1,-1,-1,-1,1,-1
2015320017949,1,21,1,16,0,4,0,0,4,10,1,2,1,1,40,7,-1,-1,-1,-1,-1,-1
2015320017968,1,9,0,2,0,1,0,0,0,0,2,1,6,1,33,6,-1,-1,-1,-1,1,-1
2015320017968,2,90,-1,9,0,6,0,0,0,0,1,-1,6,1,-1,-1,-1,-1,-1,-1,-1,-1
2015320018002,1,9,0,16,0,0,2,0,8,10,1,1,6,1,27,6,1781,1,12,-1,2,-1
2015320018020,1,9,0,18,0,0,0,0,0,0,3,1,6,1,43,7,2494,1,12,-1,1,-1
2015320018020,2,9,0,18,0,0,0,0,0,0,3,1,6,1,38,7,1149,1,13,-1,1,-1
2015320018062,1,4,0,18,0,5,0,0,1,0,1,1,6,3,22,5,-1,-1,-1,-1,-1,-1
2015320018071,1,9,0,16,0,0,0,0,0,0,1,1,6,1,33,6,2656,1,12,-1,3,-1
2015320018071,2,9,0,16,0,0,0,0,0,0,2,1,6,1,18,4,1896,2,8,-1,3,-1
2015320018081,1,90,0,18,0,1,1,0,0,0,1,1,6,1,59,9,1929,2,17,-1,1,-1
2015320018081,2,9,0,18,0,1,0,0,1,9,1,1,6,1,37,7,1461,2,1,-1,2,-1
2015320018101,1,9,0,9,0,8,0,0,0,0,1,1,6,1,60,9,1990,1,10,-1,1,-1
2015320018101,2,9,0,18,0,8,1,0,0,0,4,1,6,1,27,6,1598,1,1,-1,3,-1
2015320018124,1,9,0,18,0,0,0,0,0,0,1,1,6,3,-1,-1,1997,2,11,-1,-1,-1
2015320018124,2,9,0,18,0,0,0,0,0,0,2,1,6,2,46,8,-1,-1,-1,-1,3,-1
2015320018125,1,9,0,18,0,1,0,0,0,0,1,1,6,1,25,5,1686,2,10,-1,2,-1
2015320018125,2,9,0,18,0,1,0,0,0,0,1,1,6,1,21,5,1997,2,11,-1,3,-1
2015320018147,1,19,0,5,0,6,2,0,1,0,4,1,2,1,37,7,-1,-1,-1,-1,-1,-1
2015320018147,2,19,0,18,0,8,1,0,0,0,1,1,2,1,55,8,1995,2,8,-1,1,-1
2015320018179,1,9,0,4,0,1,0,0,0,0,1,1,6,1,81,11,1398,1,2,-1,1,-1
2015320018179,2,9,0,3,0,1,0,0,0,0,2,1,6,1,74,10,2597,1,13,-1,1,-1
2015320018205,1,9,0,18,0,0,0,0,0,0,1,1,6,2,34,6,1598,1,8,-1,-1,-1
2015320018205,2,9,0,18,0,0,0,0,0,0,2,1,6,2,31,6,1229,1,5,-1,-1,-1
2015320018238,1,9,0,18,0,0,0,0,0,0,1,1,6,1,21,5,973,1,14,-1,1,-1
2015320018238,2,9,0,18,0,0,0,0,0,0,2,1,6,1,34,6,2268,2,-1,-1,3,-1
2015320018369,1,5,0,17,0,0,0,0,0,0,1,1,6,1,35,6,1199,1,12,-1,3,-1
2015320018369,2,9,0,16,0,0,0,0,0,0,1,1,6,1,55,8,1364,1,7,-1,3,-1
2015320018485,1,9,0,7,0,6,0,0,0,0,0,1,6,1,-1,-1,2261,1,9,-1,1,-1
2015320018485,2,9,0,18,0,1,0,0,0,10,4,1,6,1,34,6,1870,2,12,-1,3,-1
2015320018555,1,9,0,9,0,5,0,0,0,0,1,1,2,1,55,8,1997,2,1,-1,1,-1
2015320018555,2,1,0,18,0,1,0,0,0,0,1,1,2,1,47,8,-1,-1,-1,-1,1,-1
2015320018560,1,9,0,18,0,0,0,0,7,9,3,1,6,1,77,11,-1,-1,-1,-1,1,-1
2015320018623,1,9,0,18,0,0,5,0,0,0,1,1,6,2,67,10,1329,1,6,-1,3,-1
2015320018636,1,9,0,18,0,0,2,0,0,0,1,1,6,1,17,4,1328,1,14,-1,3,-1
2015320018636,2,9,0,18,0,0,0,0,0,0,3,1,6,2,21,5,-1,-1,-1,-1,2,-1
2015320018636,3,9,0,2,0,0,0,0,0,0,1,1,6,3,75,10,1468,1,17,-1,3,-1
2015320018652,1,9,0,18,0,8,2,0,1,4,3,1,6,1,62,9,2143,2,3,-1,3,-1
2015320018652,2,9,0,18,0,8,1,0,3,0,1,1,1,1,62,9,-1,-1,-1,-1,3,-1
2015320018679,1,9,0,18,0,2,0,0,0,0,1,-1,6,1,-1,-1,2143,2,1,-1,-1,-1
2015320018682,1,9,0,18,0,0,0,0,0,0,1,1,6,1,56,9,1686,2,1,-1,-1,-1
2015320018682,2,17,4,18,0,0,0,0,0,0,2,1,1,1,52,8,-1,-1,-1,-1,3,-1
2015320018690,1,9,0,18,0,1,1,0,0,0,2,1,6,2,22,5,1242,1,11,-1,3,-1
2015320018690,2,9,0,3,0,2,0,0,0,0,1,1,6,1,26,6,2993,2,-1,-1,2,-1
2015320018736,1,9,0,18,0,0,0,0,0,0,1,1,6,1,44,7,1422,2,5,-1,1,-1
2015320018761,1,2,0,18,0,0,1,0,0,0,1,1,6,1,16,4,49,1,5,-1,2,-1
2015320018889,1,9,0,5,0,2,0,0,0,0,1,1,6,1,44,7,1390,1,1,-1,3,-1
2015320018889,2,9,0,18,0,2,0,0,0,0,1,1,6,1,18,4,999,1,1,-1,1,-1
2015320018896,1,9,0,12,0,0,0,0,2,0,2,1,6,1,49,8,1997,1,1,-1,2,-1
2015320018896,2,98,-1,18,0,0,0,0,0,0,2,-1,1,3,-1,-1,-1,-1,-1,-1,-1,-1
2015320018920,1,9,0,18,0,0,0,0,0,0,3,1,6,1,49,8,2993,2,10,-1,3,-1
2015320018920,2,21,0,18,0,0,0,0,0,0,3,1,1,1,33,6,5880,2,10,-1,3,-1
2015320018920,3,9,0,18,0,0,5,0,1,10,1,1,6,1,20,4,2521,1,7,-1,3,-1
2015320018920,4,9,0,18,0,0,1,0,7,0,0,1,6,1,31,6,1598,1,13,-1,1,-1
2015320018960,1,9,0,12,0,0,0,0,7,4,2,1,6,1,68,10,-1,-1,-1,-1,1,-1
2015320018960,2,9,0,18,0,0,0,0,7,4,1,1,6,1,43,7,-1,-1,-1,-1,1,-1
2015320018974,1,4,0,5,0,2,0,0,0,0,1,1,6,1,33,6,399,1,23,-1,3,-1
2015320018974,2,9,0,18,0,1,0,0,0,0,2,1,6,1,-1,-1,-1,-1,-1,-1,-1,-1
2015320018996,1,9,0,18,0,0,1,0,0,0,2,1,6,2,28,6,1399,2,3,-1,-1,-1
2015320018996,2,9,0,18,0,0,0,0,0,0,1,1,6,1,55,8,-1,-1,-1,-1,3,-1
2015320018996,3,9,0,18,0,0,0,0,0,0,1,1,6,2,29,6,1988,1,14,-1,-1,-1
2015320018996,4,9,0,18,0,0,0,0,0,0,0,1,6,1,39,7,1598,1,5,-1,3,-1
2015320019071,1,9,0,13,0,0,0,0,0,0,4,1,6,2,46,8,1587,1,8,-1,2,-1
2015320019071,2,1,0,18,0,0,5,0,1,0,1,1,6,2,50,8,-1,-1,-1,-1,3,-1
2015320019095,1,9,0,18,0,1,0,0,0,0,1,1,6,1,20,4,1560,2,2,-1,1,-1
2015320019095,2,9,0,10,0,5,0,0,0,0,2,1,6,2,45,7,1984,1,8,-1,-1,-1
2015320019207,1,9,0,7,0,5,0,0,0,0,4,1,6,2,44,7,-1,-1,-1,-1,3,-1
2015320019207,2,1,0,18,0,8,0,0,0,0,1,1,6,1,27,6,-1,-1,-1,-1,1,-1