Accident_Index,Vehicle_Reference,Vehicle_Type,Towing_and_Articulation,Vehicle_Manoeuvre,Vehicle_Location-Restricted_Lane,Junction_Location,Skidding_and_Overturning,Hit_Object_in_Carriageway,Vehicle_Leaving_Carriageway,Hit_Object_off_Carriageway,1st_Point_of_Impact,Was_Vehicle_Left_Hand_Drive?,Journey_Purpose_of_Driver,Sex_of_Driver,Age_of_Driver,Age_Band_of_Driver,Engine_Capacity_(CC),Propulsion_Code,Age_of_Vehicle,Driver_IMD_Decile,Driver_Home_Area_Type,Vehicle_IMD_Decile
2015320019231,1,9,0,18,0,0,0,0,0,0,1,1,6,1,35,6,1600,1,15,-1,-1,-1
2015320019231,2,9,0,10,0,0,0,0,0,0,2,1,2,2,39,7,1596,1,-1,-1,-1,-1
2015320019235,1,9,0,4,0,0,0,0,0,0,1,1,1,1,20,4,1968,2,4,-1,1,-1
2015320019235,2,9,0,4,0,0,0,0,0,0,2,1,2,1,53,8,1956,2,2,-1,1,-1
2015320019280,1,9,0,18,0,0,0,0,1,9,1,1,6,1,18,4,1149,1,14,-1,1,-1
2015320019315,1,19,0,9,0,6,0,0,0,0,3,1,6,1,27,6,2148,2,11,-1,3,-1
2015320019315,2,9,0,18,0,1,0,0,0,0,1,1,6,2,25,5,1399,2,6,-1,1,-1
2015320019351,1,9,0,17,0,0,1,0,1,0,1,1,6,1,26,6,998,1,9,-1,1,-1
2015320019381,1,9,0,18,0,0,0,0,7,1,4,1,6,1,55,8,2397,1,16,-1,2,-1
2015320019381,2,1,-1,18,0,0,0,0,0,0,1,1,6,1,32,6,-1,-1,-1,-1,-1,-1
2015320019416,1,9,0,18,0,2,0,0,0,0,1,1,6,1,70,10,1560,2,10,-1,2,-1
2015320019416,2,5,0,17,0,3,0,0,1,7,1,1,6,1,47,8,-1,-1,-1,-1,3,-1
2015320019422,1,9,0,3,0,1,0,0,0,0,1,1,6,1,65,9,1587,1,13,-1,1,-1
2015320019422,2,9,0,3,0,1,0,0,0,0,2,1,6,1,60,9,1299,1,13,-1,-1,-1
2015320019422,3,9,0,18,0,1,0,0,0,0,2,1,6,-1,25,5,1998,2,6,-1,1,-1
2015320019443,1,9,0,18,0,0,0,0,0,0,1,1,6,2,19,4,1149,1,12,-1,3,-1
2015320019449,1,9,0,5,0,0,0,0,0,0,1,1,6,1,66,10,1560,2,4,-1,1,-1
2015320019449,2,5,0,18,0,0,2,0,0,0,3,1,6,1,44,7,1170,1,7,-1,3,-1
2015320019496,1,9,0,17,0,0,2,0,1,0,1,1,6,1,18,4,998,1,3,-1,2,-1
2015320019633,1,90,-1,18,0,1,0,0,0,0,4,-1,6,3,-1,-1,-1,-1,-1,-1,-1,-1
2015320019633,2,22,0,18,0,1,0,0,0,0,3,1,6,2,75,10,-1,-1,-1,-1,1,-1
2015320019634,1,9,0,18,0,2,0,0,0,0,1,1,1,1,22,5,-1,-1,-1,-1,1,-1
2015320019634,2,9,0,18,0,2,0,0,0,0,3,1,6,1,66,10,1560,2,-1,-1,2,-1
2015320019682,1,9,0,18,0,8,1,0,0,0,1,1,6,1,23,5,1686,2,13,-1,-1,-1
2015320019682,2,19,0,18,0,8,0,0,0,0,0,1,1,1,32,6,1461,2,6,-1,1,-1
2015320019682,3,9,0,18,0,8,2,0,1,3,1,1,6,1,61,9,2495,2,11,-1,2,-1
2015320019690,1,9,0,5,8,2,0,0,0,0,1,1,6,1,24,5,-1,-1,-1,-1,1,-1
2015320019690,2,19,0,18,0,1,0,0,0,0,4,1,1,1,24,5,1997,2,11,-1,1,-1
2015320019729,1,9,0,18,0,0,0,0,0,0,1,1,2,1,94,11,1086,1,5,-1,1,-1
2015320019729,2,19,0,18,0,0,0,0,0,0,1,1,1,1,73,10,2477,2,9,-1,3,-1
2015320019747,1,9,0,18,0,6,0,0,0,0,1,1,6,1,17,4,1596,1,3,-1,1,-1
2015320019929,1,9,0,3,0,2,0,0,0,0,3,1,6,2,23,5,-1,-1,-1,-1,1,-1
2015320019929,2,9,0,3,0,2,0,0,0,0,4,1,6,1,38,7,1968,2,7,-1,1,-1
2015320019929,3,9,0,2,0,8,0,0,0,0,2,1,6,2,57,9,1560,2,1,-1,2,-1
2015320019950,1,9,0,18,0,1,1,0,0,0,1,1,1,1,18,4,998,1,13,-1,2,-1
2015320019950,2,9,0,18,0,1,0,0,0,0,2,1,1,1,36,7,1240,1,10,-1,2,-1
2015320019950,3,9,0,18,0,1,0,0,0,0,2,1,1,2,19,4,1360,1,6,-1,3,-1
2015320020032,1,9,0,3,0,1,0,0,0,0,2,1,6,1,70,10,1086,1,11,-1,2,-1
2015320020032,2,9,0,18,0,1,0,0,0,0,1,1,1,1,30,6,1796,1,16,-1,-1,-1
2015320020036,1,9,0,18,0,0,0,0,1,4,1,1,6,2,48,8,1956,2,2,-1,3,-1
2015320020065,1,9,0,5,0,2,0,0,0,0,1,1,6,2,31,6,1598,1,14,-1,1,-1
2015320020065,2,9,0,18,0,2,0,0,0,0,1,1,6,1,62,9,1998,2,7,-1,1,-1
2015320020065,3,9,0,10,0,1,0,0,0,0,1,1,6,2,34,6,1229,1,3,-1,1,-1
2015320020076,1,9,3,18,0,3,0,0,0,0,3,1,6,3,-1,-1,3200,2,9,-1,-1,-1
2015320020076,2,9,0,11,0,3,0,0,0,0,4,1,6,2,23,5,1400,1,15,-1,1,-1
2015320020114,1,9,0,3,0,1,0,0,0,0,1,1,6,1,27,6,1968,2,3,-1,1,-1
2015320020114,2,9,0,8,0,1,0,0,0,0,0,1,6,2,33,6,1587,1,9,-1,1,-1
2015320020123,1,9,0,18,0,0,0,0,0,0,4,1,6,3,-1,-1,2143,2,1,-1,-1,-1
2015320020123,2,1,0,18,0,0,0,0,0,0,1,1,6,1,28,6,-1,-1,-1,-1,3,-1
2015320020124,1,9,0,9,0,0,0,4,0,0,1,1,6,2,79,11,1339,1,1,-1,3,-1
2015320020124,2,9,0,2,0,0,0,0,0,0,2,1,6,1,65,9,1995,2,12,-1,1,-1
2015320020124,3,9,0,2,0,0,0,0,0,0,2,1,6,-1,60,9,1242,1,7,-1,1,-1
2015320020124,4,9,0,2,0,0,0,0,0,0,2,1,6,1,60,9,1339,1,5,-1,1,-1
2015320020142,1,9,0,5,0,2,0,0,0,0,1,1,6,1,28,6,2497,2,11,-1,1,-1
2015320020142,2,9,0,2,0,2,0,0,0,0,2,1,6,1,49,8,1769,1,10,-1,3,-1
2015320020150,1,9,0,9,0,3,0,0,0,0,1,1,6,1,32,6,1968,2,6,-1,1,-1
2015320020150,2,9,0,18,0,3,0,0,0,0,1,1,2,1,32,6,1560,2,4,-1,1,-1
2015320020153,1,9,0,9,0,6,0,0,0,0,1,1,1,1,19,4,1398,1,4,-1,1,-1
2015320020153,2,1,0,17,0,8,0,0,0,0,4,1,2,1,36,7,-1,-1,-1,-1,1,-1
2015320020173,1,9,0,4,0,1,0,0,0,0,1,1,6,1,30,6,2204,2,8,-1,1,-1
2015320020173,2,9,0,3,0,2,0,0,0,0,2,1,6,2,24,5,1560,2,5,-1,1,-1
2015320020179,1,9,0,9,0,5,0,0,0,0,1,1,6,2,24,5,-1,-1,-1,-1,1,-1
2015320020179,2,9,0,18,0,8,0,0,0,0,1,1,6,2,43,7,-1,-1,-1,-1,-1,-1
2015320020181,1,9,0,5,0,8,0,0,0,0,1,1,6,1,35,6,3999,1,8,-1,1,-1
2015320020181,2,1,0,18,0,8,0,0,0,0,1,1,6,1,16,4,-1,-1,-1,-1,1,-1
2015320020233,1,9,0,18,0,6,0,0,0,0,1,1,3,2,52,8,1497,1,11,-1,2,-1
2015320020233,2,9,0,18,0,8,0,0,0,0,3,1,6,1,54,8,1598,1,15,-1,2,-1
2015320020280,1,9,0,18,0,0,0,0,0,0,1,1,1,2,34,6,1560,2,3,-1,3,-1
2015320020280,2,9,0,4,0,0,0,0,0,0,2,1,6,2,38,7,-1,-1,-1,-1,1,-1
2015320020341,1,9,0,18,0,0,1,0,7,4,4,1,6,2,20,4,-1,-1,-1,-1,1,-1
2015320020341,2,90,0,18,0,0,0,0,0,0,0,1,6,3,-1,-1,-1,-1,-1,-1,-1,-1
2015320020353,1,9,0,4,0,1,0,0,0,0,1,1,2,1,34,6,1991,2,9,-1,2,-1
2015320020353,2,90,0,10,0,5,0,0,0,0,2,1,1,1,43,7,2999,2,3,-1,-1,-1
2015320020401,1,9,0,9,0,6,0,0,0,0,1,1,6,2,29,6,1149,1,8,-1,3,-1
2015320020401,2,9,0,18,0,8,0,0,0,0,1,1,6,1,26,6,1242,1,8,-1,1,-1
2015320020402,1,9,0,3,0,1,0,0,0,0,1,1,6,1,24,5,1198,1,5,-1,1,-1
2015320020402,2,9,0,18,0,8,0,0,0,0,1,1,6,1,60,9,1796,1,14,-1,2,-1
2015320020435,1,5,0,16,0,0,1,0,7,0,1,1,6,1,37,7,675,1,6,-1,1,-1
2015320020435,2,9,0,17,0,0,1,0,0,0,1,1,6,2,34,6,-1,-1,-1,-1,3,-1
2015320020435,3,9,0,17,0,0,0,0,0,0,1,1,6,1,61,9,1995,2,8,-1,1,-1
2015320020453,1,9,0,18,0,1,0,0,0,0,1,1,2,1,65,9,-1,-1,-1,-1,1,-1
2015320020453,2,9,0,9,0,1,0,0,7,11,2,1,6,2,47,8,-1,-1,-1,-1,-1,-1
2015320020461,1,9,0,18,0,0,0,0,0,0,2,1,6,1,35,6,4999,1,10,-1,3,-1
2015320020461,2,9,0,18,0,0,0,0,0,0,1,1,6,1,20,4,1598,1,2,-1,1,-1
2015320020493,1,19,0,18,0,0,0,0,0,0,1,1,1,1,31,6,1399,2,5,-1,3,-1
2015320020493,2,9,0,18,0,0,5,0,1,1,1,1,2,1,22,5,1796,1,6,-1,3,-1
2015320020565,1,9,0,9,0,8,0,0,0,0,1,1,6,1,26,6,-1,-1,-1,-1,1,-1
2015320020565,2,9,0,9,0,8,0,0,0,0,2,1,6,2,27,6,1198,1,2,-1,1,-1
2015320020576,1,9,0,18,0,0,0,0,0,0,1,1,6,2,26,6,1995,1,6,-1,1,-1
2015320020576,2,21,0,4,0,0,0,0,0,0,2,1,1,1,53,8,12740,2,4,-1,3,-1
2015320020577,1,9,0,1,0,0,0,0,0,0,2,1,6,1,40,7,1796,1,13,-1,1,-1
2015320020591,1,9,0,18,0,0,0,0,0,0,1,1,3,2,33,6,-1,-1,-1,-1,1,-1
2015320020604,1,9,0,18,0,0,0,0,0,0,1,1,6,1,26,6,1995,1,8,-1,1,-1
2015320020604,2,19,0,2,0,0,0,0,0,0,1,1,6,3,-1,-1,2461,2,4,-1,-1,-1
2015320020604,3,9,0,2,0,0,0,0,0,0,1,1,6,3,-1,-1,1753,2,11,-1,-1,-1
2015320020604,4,20,0,2,0,0,0,0,0,0,2,1,6,3,-1,-1,2874,2,20,-1,-1,-1
2015320020607,1,9,0,16,0,0,2,0,1,11,4,1,6,1,17,4,-1,-1,-1,-1,1,-1
2015320020615,1,9,0,10,0,1,0,0,0,0,1,1,6,1,58,9,1560,2,4,-1,2,-1
2015320020615,2,9,0,10,0,1,0,0,0,0,2,1,6,2,31,6,1968,2,6,-1,2,-1
2015320020712,1,9,0,2,0,0,0,0,0,0,3,1,2,1,43,7,1896,2,10,-1,3,-1
2015320020712,2,22,0,18,9,0,0,0,0,0,1,1,6,1,62,9,-1,-1,-1,-1,2,-1
2015320020717,1,9,0,13,0,8,0,0,0,0,1,1,6,2,37,7,1797,8,1,-1,3,-1
2015320020717,2,9,0,9,0,5,0,0,0,0,3,1,6,2,45,7,998,1,12,-1,3,-1
2015320020811,1,9,0,18,9,2,0,0,1,4,1,1,6,3,-1,-1,1598,1,10,-1,-1,-1
2015320020918,1,5,0,18,0,0,0,0,0,0,0,1,6,1,49,8,1050,1,4,-1,3,-1
2015320020961,1,9,0,1,0,0,0,0,0,0,3,1,6,2,70,10,1596,1,14,-1,1,-1
2015320020961,2,9,0,3,0,0,0,0,0,0,1,1,6,2,29,6,1389,1,19,-1,1,-1
2015320021078,1,5,0,18,0,0,5,0,7,0,0,1,6,1,51,8,1188,1,13,-1,1,-1
2015320021078,2,97,0,18,0,0,0,0,0,0,0,1,6,3,-1,-1,-1,-1,-1,-1,-1,-1
2015320021217,1,9,0,16,0,2,0,0,0,0,4,1,6,1,43,7,1998,2,12,-1,1,-1
2015320021219,1,9,0,9,0,1,0,0,0,0,1,1,6,2,27,6,1781,1,11,-1,2,-1
2015320021219,2,9,0,18,0,1,0,0,0,0,1,1,2,1,23,5,1199,1,12,-1,1,-1
2015320021332,1,9,0,18,0,0,1,0,0,0,1,1,6,1,69,10,2401,2,12,-1,3,-1
2015320021332,2,9,0,3,0,0,0,0,0,0,2,1,6,2,46,8,-1,-1,-1,-1,2,-1
2015320021332,3,9,0,3,0,0,0,0,0,0,2,1,6,1,40,7,1998,2,10,-1,3,-1
2015320021332,4,9,0,3,0,0,0,0,0,0,2,1,6,2,58,9,1560,2,4,-1,3,-1
2015320021340,1,9,0,18,0,0,1,0,2,0,4,1,6,1,19,4,1398,1,4,-1,2,-1
2015320021341,1,9,0,18,0,8,0,0,0,0,1,1,6,1,48,8,1598,1,5,-1,1,-1
2015320021341,2,90,0,18,0,3,0,0,1,9,1,1,1,1,51,8,8970,2,9,-1,1,-1
2015320021353,1,9,0,18,0,0,0,2,0,0,1,1,6,1,74,10,1461,2,11,-1,1,-1
2015320021458,1,9,0,5,0,1,0,0,0,0,1,1,6,2,67,10,1198,1,5,-1,3,-1
2015320021498,1,9,0,5,0,6,0,0,0,0,1,-1,1,2,-1,-1,2143,2,1,-1,-1,-1
2015320021498,2,1,0,9,0,5,0,0,0,0,1,1,6,2,50,8,-1,-1,-1,-1,1,-1
2015320021509,1,9,0,3,0,1,0,0,0,0,1,1,6,1,25,5,1796,1,12,-1,1,-1
2015320021509,2,9,0,9,0,8,1,0,0,0,1,1,6,1,30,6,1590,1,13,-1,1,-1
2015320021512,1,9,0,3,0,0,0,0,0,0,1,1,1,2,66,10,1995,2,12,-1,3,-1
2015320021512,2,9,0,18,0,0,0,0,0,0,2,1,1,2,32,6,1896,2,11,-1,2,-1
2015320021556,1,19,0,18,0,0,0,0,0,0,1,1,1,1,28,6,2198,2,1,-1,1,-1
2015320021556,2,9,0,18,0,0,0,0,0,0,2,1,6,2,50,8,1868,2,11,-1,-1,-1
2015320021556,3,9,0,18,0,0,0,0,0,0,2,1,6,1,27,6,1598,1,4,-1,1,-1
2015320021556,4,9,0,18,0,0,0,0,0,0,2,1,6,1,53,8,1560,2,4,-1,1,-1
2015320021611,1,9,0,1,0,0,0,0,0,0,2,-1,6,3,-1,-1,2494,2,4,-1,-1,-1
2015320021611,2,9,0,18,0,0,0,0,0,0,1,1,6,1,39,7,2993,2,4,-1,1,-1
2015320021703,1,9,0,18,0,0,0,0,1,9,1,1,6,1,20,4,-1,-1,-1,-1,3,-1
2015320021703,2,9,0,18,0,0,0,0,7,9,1,1,2,1,65,9,1149,1,8,-1,1,-1
2015320021703,3,21,1,18,0,0,0,0,0,0,1,1,2,1,46,8,12902,2,2,-1,2,-1
2015320021703,4,9,0,18,0,0,0,0,0,0,1,1,6,2,69,10,1587,1,11,-1,3,-1
2015320021718,1,9,0,18,0,0,0,0,0,0,1,1,6,1,55,8,1396,1,14,-1,1,-1
2015320021718,2,9,0,4,0,0,0,0,0,0,2,1,6,2,39,7,1124,1,10,-1,1,-1
2015320021718,3,9,0,4,0,0,0,0,0,0,2,1,6,2,60,9,-1,-1,-1,-1,3,-1
2015320021743,1,11,0,18,0,0,0,0,0,0,3,1,6,1,48,8,7300,2,10,-1,1,-1
2015320021743,2,9,0,18,0,0,0,0,0,0,3,1,2,2,28,6,1968,2,9,-1,1,-1
2015320021748,1,9,0,5,0,8,0,0,0,0,3,1,6,2,76,11,1781,1,17,-1,3,-1
2015320021748,2,9,0,18,0,1,0,0,0,0,1,1,1,1,51,8,-1,-1,-1,-1,3,-1
2015320021757,1,9,0,18,9,0,0,0,0,0,4,1,3,2,71,10,1390,1,12,-1,-1,-1
2015320021760,1,9,0,9,0,1,0,0,0,0,1,1,6,1,25,5,1199,1,12,-1,2,-1
2015320021760,2,9,0,18,0,1,0,0,0,0,3,1,6,1,49,8,-1,-1,-1,-1,1,-1
2015320021944,1,9,0,4,0,1,0,0,0,0,1,1,6,1,24,5,1598,1,8,-1,-1,-1
2015320021944,2,9,0,8,0,1,0,0,0,0,2,1,6,1,70,10,1398,2,6,-1,3,-1
2015320021976,1,9,0,18,0,0,0,0,0,0,1,1,6,2,87,11,-1,-1,-1,-1,1,-1
2015320021976,2,1,0,18,0,0,0,0,1,0,1,1,6,1,75,10,-1,-1,-1,-1,-1,-1
2015320022000,1,9,0,8,0,1,0,0,0,0,1,1,6,1,63,9,1968,2,-1,-1,3,-1
2015320022000,2,9,0,8,0,1,0,0,0,0,2,1,6,2,22,5,1199,2,4,-1,3,-1
2015320022004,1,5,0,18,0,0,2,0,1,10,4,1,6,1,34,6,598,1,18,-1,2,-1
2015320022032,1,9,0,9,0,0,0,0,0,0,3,1,6,1,30,6,1910,2,12,-1,1,-1
2015320022032,2,2,0,18,0,0,1,0,0,0,1,1,6,1,17,4,49,1,7,-1,1,-1
2015320022040,1,90,0,18,0,0,0,0,0,0,4,1,6,1,-1,-1,-1,-1,-1,-1,-1,-1
2015320022040,2,90,0,18,0,0,0,0,0,0,4,1,6,1,38,7,-1,-1,-1,-1,1,-1
2015320022133,1,1,0,5,0,1,0,0,0,0,1,1,6,1,28,6,-1,-1,-1,-1,1,-1
2015320022133,2,9,0,5,0,1,0,0,0,0,1,1,6,2,31,6,1896,2,13,-1,1,-1
2015320022137,1,9,0,16,0,0,2,0,1,0,4,1,6,1,17,4,-1,-1,-1,-1,-1,-1
2015320022157,1,9,0,18,0,1,0,0,0,0,2,1,6,1,85,11,-1,-1,-1,-1,1,-1
2015320022157,2,9,0,4,0,1,0,0,0,0,1,1,1,2,50,8,1984,1,-1,-1,3,-1
2015320022177,1,9,0,4,0,0,0,0,0,0,1,1,6,1,23,5,1596,1,6,-1,3,-1
2015320022177,2,9,0,4,0,0,0,0,0,0,2,1,6,1,41,7,-1,-1,-1,-1,1,-1
2015320022186,1,9,0,17,0,0,0,0,1,4,1,1,6,1,39,7,1794,1,13,-1,1,-1
2015320022190,1,9,0,7,0,8,0,0,0,0,2,1,6,1,18,4,2494,2,1,-1,2,-1
2015320022190,2,1,0,18,0,1,0,0,0,0,1,1,6,1,15,3,-1,-1,-1,-1,3,-1
2015320022258,1,9,0,18,0,8,0,0,0,0,1,1,6,1,50,8,1686,2,9,-1,1,-1
2015320022258,2,9,0,9,0,8,0,0,0,0,3,1,6,2,36,7,998,1,3,-1,1,-1
2015320022261,1,9,0,18,0,4,1,0,0,0,1,1,6,1,26,6,1798,1,13,-1,1,-1
2015320022261,2,9,0,4,0,4,0,0,0,0,2,1,6,2,29,6,1753,2,10,-1,3,-1
2015320022314,1,9,0,9,0,8,0,0,0,0,1,1,6,2,50,8,2199,2,-1,-1,3,-1
2015320022314,2,9,0,18,0,8,0,0,0,0,4,1,6,2,24,5,2521,1,8,-1,1,-1
2015320022338,1,9,-1,18,0,1,0,0,0,0,2,1,6,2,36,7,-1,-1,-1,-1,1,-1
2015320022338,2,1,-1,18,0,2,0,0,0,0,3,1,6,1,33,6,-1,-1,-1,-1,-1,-1
2015320022440,1,9,0,18,0,0,5,0,7,1,1,1,6,1,24,5,1975,1,7,-1,3,-1
2015320022457,1,9,0,16,0,0,2,0,1,11,1,1,6,2,18,4,1149,1,13,-1,3,-1
2015320022468,1,9,0,18,0,0,0,0,0,0,1,1,6,1,18,4,1124,1,15,-1,1,-1
2015320022468,2,9,0,18,0,0,0,0,0,0,2,1,6,1,21,5,2204,2,7,-1,3,-1
2015320022477,1,9,0,5,0,8,0,0,0,0,3,1,6,1,72,10,1590,1,14,-1,1,-1
2015320022477,2,9,0,18,0,8,0,0,0,0,4,1,6,2,71,10,1461,2,12,-1,3,-1
2015320022499,1,5,0,18,0,0,0,0,0,0,0,1,6,1,42,7,-1,-1,-1,-1,2,-1
2015320022499,2,9,0,18,0,0,0,0,0,0,1,1,6,1,25,5,-1,-1,-1,-1,-1,-1
2015320022502,1,9,0,5,0,6,0,0,0,0,1,1,6,1,76,11,1360,1,9,-1,2,-1
2015320022502,2,9,0,17,0,1,0,0,0,0,4,1,6,2,37,7,1560,2,6,-1,2,-1
2015320022542,1,9,0,18,0,1,0,0,0,0,1,1,6,1,21,5,1956,2,2,-1,3,-1
2015320022542,2,9,0,3,0,1,0,0,0,0,2,1,6,2,28,6,1796,1,13,-1,1,-1
2015320022567,1,9,0,18,0,0,1,0,1,4,3,1,2,1,22,5,1595,1,30,-1,1,-1
2015320022580,1,5,0,16,0,0,0,0,7,0,1,1,6,1,54,8,1649,1,3,-1,1,-1
2015320022648,1,9,0,10,0,1,0,0,0,0,1,1,1,1,45,7,1390,1,8,-1,1,-1
2015320022692,1,19,0,18,0,0,0,0,0,0,1,1,6,1,27,6,2143,2,2,-1,-1,-1
2015320022692,2,9,0,18,0,0,0,0,0,0,1,1,6,1,42,7,1968,2,6,-1,1,-1
2015320022710,1,3,0,13,0,0,5,0,0,0,1,1,6,1,47,8,124,1,1,-1,1,-1
2015320022710,2,22,0,18,0,0,5,0,0,0,3,1,6,2,80,11,-1,-1,-1,-1,1,-1
2015320022737,1,9,0,9,0,8,0,0,0,0,4,1,6,2,36,7,1753,2,7,-1,-1,-1
2015320022737,2,1,0,18,0,8,0,0,0,0,1,1,6,1,42,7,-1,-1,-1,-1,1,-1
2015320022738,1,9,0,9,0,1,0,0,0,0,1,1,6,1,61,9,1560,2,2,-1,2,-1
2015320022738,2,5,0,14,0,1,0,0,0,0,1,1,6,1,27,6,600,1,17,-1,3,-1
2015320022774,1,9,0,18,0,0,0,0,0,0,3,-1,6,1,-1,-1,-1,-1,-1,-1,-1,-1
2015320022774,2,2,0,2,0,0,0,0,0,0,3,1,6,1,17,4,49,1,1,-1,1,-1
2015320022781,1,90,-1,9,0,6,0,0,0,0,1,1,6,2,-1,-1,-1,-1,-1,-1,-1,-1
2015320022781,2,1,-1,9,0,5,0,0,0,0,3,1,6,1,19,4,-1,-1,-1,-1,1,-1
2015320022784,1,9,0,5,0,0,0,0,0,0,1,1,6,2,29,6,1896,2,13,-1,1,-1
2015320022786,1,9,0,7,0,1,0,0,0,0,1,2,6,2,39,7,-1,-1,-1,-1,1,-1
2015320022786,2,9,0,7,0,1,0,0,0,0,2,2,6,2,26,6,1997,2,13,-1,1,-1
2015320022786,3,9,0,7,0,1,0,0,0,0,2,2,6,2,23,5,1199,1,11,-1,1,-1
2015320022822,1,9,0,4,0,1,0,0,0,0,2,2,3,2,19,4,-1,-1,-1,-1,3,-1
2015320022822,2,2,0,4,0,1,0,0,0,0,1,1,3,1,20,4,49,1,3,-1,3,-1
2015320022837,1,9,0,7,0,0,0,0,0,0,1,1,1,1,59,9,505,1,5,-1,3,-1
2015320022837,2,9,0,18,0,0,0,0,0,0,1,1,1,1,82,11,2495,2,15,-1,3,-1
2015320022881,1,9,0,18,0,1,0,0,0,0,1,1,6,2,23,5,1199,1,15,-1,-1,-1
2015320022881,2,9,0,10,0,1,0,0,0,0,2,1,6,1,22,5,1596,1,14,-1,1,-1
2015320022953,1,9,0,18,0,0,0,0,1,0,1,1,2,1,27,6,2198,2,9,-1,2,-1
2015320022953,2,9,0,18,0,0,0,0,0,0,2,1,2,2,40,7,1364,2,1,-1,3,-1
2015320022953,3,9,0,18,0,0,0,0,0,0,2,1,2,1,42,7,1560,2,1,-1,-1,-1
2015320022953,4,9,0,18,0,0,0,0,0,0,2,1,2,2,53,8,2148,2,10,-1,3,-1
2015320022957,1,19,0,18,0,1,0,0,1,9,1,1,1,1,40,7,1996,2,1,-1,1,-1
2015320022973,1,3,0,7,0,5,1,0,1,0,0,1,6,1,17,4,125,1,1,-1,1,-1
2015320022984,1,19,0,17,0,0,0,0,0,0,3,1,6,1,38,7,1868,2,9,-1,3,-1
2015320022984,2,20,0,16,0,0,0,0,0,0,3,1,6,1,50,8,-1,-1,-1,-1,3,-1
2015320022988,1,9,0,5,0,0,0,0,0,0,1,1,6,1,-1,-1,1598,1,10,-1,-1,-1
2015320022992,1,9,0,13,0,0,1,0,7,9,3,1,6,1,61,9,1798,1,5,-1,-1,-1
2015320022992,2,19,4,18,0,0,1,0,0,0,3,1,1,1,38,7,-1,-1,-1,-1,1,-1
2015320022992,3,19,4,18,0,0,1,0,0,0,1,1,1,1,29,6,1995,2,4,-1,-1,-1
2015320022996,1,2,0,17,0,0,1,0,1,0,3,1,6,2,57,9,124,1,7,-1,1,-1
2015320023291,1,9,0,17,0,0,0,0,0,0,1,1,6,2,26,6,-1,-1,-1,-1,2,-1
2015320023412,1,9,0,18,0,0,0,0,0,0,1,1,6,2,56,9,1798,1,5,-1,3,-1
2015320023418,1,9,0,9,0,6,0,0,0,0,1,1,1,2,37,7,1598,2,3,-1,1,-1
2015320023418,2,9,0,18,0,1,0,0,0,0,4,1,3,2,45,7,1461,2,8,-1,1,-1
2015320023535,1,9,0,7,0,8,0,0,0,0,2,1,2,1,27,6,1388,1,9,-1,2,-1
2015320023535,2,4,0,7,0,8,5,0,0,0,0,1,2,1,36,7,125,1,3,-1,3,-1
2015320023735,1,98,0,13,0,1,0,0,0,0,2,1,6,3,-1,-1,-1,-1,-1,-1,-1,-1
2015320023735,2,1,0,18,0,1,0,0,0,0,1,1,6,1,49,8,-1,-1,-1,-1,2,-1
2015320023787,1,9,0,13,0,0,0,0,0,0,1,1,6,3,-1,-1,1998,1,11,-1,-1,-1
2015320023787,2,10,0,13,0,0,0,0,0,0,2,1,1,1,71,10,-1,-1,-1,-1,3,-1
2015320023890,1,9,0,1,0,8,0,0,0,0,2,-1,1,1,34,6,1998,2,7,-1,1,-1
2015320023946,1,9,0,4,9,1,0,10,1,0,1,1,2,1,53,8,1461,2,3,-1,1,-1
2015320024081,1,9,0,15,0,1,0,0,0,0,4,1,6,1,31,6,1397,1,14,-1,1,-1
2015320024081,2,1,0,4,0,1,2,0,0,0,3,1,6,1,28,6,-1,-1,-1,-1,1,-1
2015320024088,1,9,0,9,0,8,0,0,0,0,1,1,6,2,22,5,1199,1,12,-1,1,-1
2015320024088,2,9,0,4,0,8,0,0,0,0,4,1,1,1,18,4,1124,1,8,-1,3,-1
2015320024446,1,9,0,10,0,6,0,0,0,0,3,-1,6,1,43,7,-1,-1,-1,-1,3,-1
2015320024446,2,9,0,18,0,1,0,0,0,0,1,-1,6,2,37,7,1461,2,6,-1,-1,-1
2015320024460,1,9,0,18,0,2,0,0,0,0,1,1,6,2,20,4,1299,1,11,-1,2,-1
2015320024460,2,9,0,18,0,8,0,0,0,0,1,1,6,1,71,10,1560,2,3,-1,1,-1
2015320024467,1,9,0,5,0,0,0,0,0,0,1,1,6,1,-1,-1,-1,-1,-1,-1,-1,-1
2015320024467,2,21,4,18,0,0,0,0,0,0,1,1,1,1,46,8,11021,2,11,-1,1,-1
2015320024481,1,9,0,18,0,0,5,4,0,0,1,1,6,1,29,6,1753,2,11,-1,1,-1
2015320024481,2,9,0,2,0,0,0,0,0,0,1,-1,6,3,20,4,1598,1,3,-1,-1,-1
2015320024481,3,90,0,2,0,0,0,0,0,0,1,-1,6,3,-1,-1,-1,-1,-1,-1,-1,-1
2015320024587,1,9,0,8,0,6,0,0,0,0,1,1,6,2,69,10,1389,1,20,-1,2,-1