Accident_Index,Vehicle_Reference,Vehicle_Type,Towing_and_Articulation,Vehicle_Manoeuvre,Vehicle_Location-Restricted_Lane,Junction_Location,Skidding_and_Overturning,Hit_Object_in_Carriageway,Vehicle_Leaving_Carriageway,Hit_Object_off_Carriageway,1st_Point_of_Impact,Was_Vehicle_Left_Hand_Drive?,Journey_Purpose_of_Driver,Sex_of_Driver,Age_of_Driver,Age_Band_of_Driver,Engine_Capacity_(CC),Propulsion_Code,Age_of_Vehicle,Driver_IMD_Decile,Driver_Home_Area_Type,Vehicle_IMD_Decile
2015320059917,2,9,0,2,0,0,0,0,0,0,2,1,6,1,64,9,1587,1,10,-1,-1,-1
2015320059917,3,9,0,2,0,0,0,0,0,0,2,1,6,-1,53,8,1598,1,11,-1,-1,-1
2015320059926,1,11,0,5,0,2,0,0,0,0,1,1,1,3,54,8,-1,-1,-1,-1,-1,-1
2015320059943,1,90,0,9,0,3,0,0,0,0,0,-1,6,3,-1,-1,-1,-1,-1,-1,-1,-1
2015320059943,2,19,0,9,0,3,0,7,0,1,1,1,1,2,41,7,1298,1,13,-1,1,-1
2015320060147,1,9,0,5,0,8,0,0,0,0,4,1,6,1,69,10,1910,2,8,-1,1,-1
2015320060147,2,1,0,18,0,1,0,0,0,0,1,1,6,1,50,8,-1,-1,-1,-1,1,-1
2015320060309,1,9,0,18,0,8,0,0,0,0,3,1,6,2,21,5,-1,-1,-1,-1,2,-1
2015320060309,2,5,0,18,0,8,0,0,0,0,1,1,6,1,77,11,-1,-1,-1,-1,1,-1
2015320060310,1,1,0,18,0,1,0,0,0,0,1,1,6,1,12,3,-1,-1,-1,-1,2,-1
2015320060310,2,9,0,10,0,1,0,0,0,0,4,1,6,2,63,9,1968,2,8,-1,2,-1
2015320060438,1,20,0,18,0,1,0,0,0,0,1,1,6,1,59,9,-1,-1,-1,-1,3,-1
2015320060438,2,9,0,5,0,4,0,0,0,0,2,1,6,2,33,6,-1,-1,-1,-1,1,-1
2015320060450,1,5,0,7,0,1,0,0,0,0,0,1,1,1,42,7,599,1,20,-1,1,-1
2015320060474,1,9,0,18,0,2,0,0,0,0,1,1,6,2,40,7,1596,1,15,-1,1,-1
2015320060474,2,9,0,18,0,1,0,0,1,0,4,1,6,1,50,8,1840,1,17,-1,3,-1
2015320060493,1,9,0,4,0,0,1,0,0,0,1,1,6,1,22,5,1200,1,3,-1,3,-1
2015320060493,2,9,0,4,0,0,0,0,0,0,2,1,6,1,28,6,1596,1,-1,-1,1,-1
2015320060493,3,9,0,2,0,0,0,0,0,0,0,1,1,1,31,6,1686,2,1,-1,-1,-1
2015320060760,1,9,0,18,0,4,0,0,0,0,1,1,6,1,45,7,1248,2,2,-1,-1,-1
2015320060760,2,1,0,18,0,8,0,0,0,0,1,1,6,1,39,7,-1,-1,-1,-1,1,-1
2015320060761,1,9,0,18,0,0,2,0,7,0,0,1,6,1,28,6,2830,2,21,-1,1,-1
2015320060909,1,9,0,7,0,8,0,0,7,4,1,1,6,1,43,7,1910,2,10,-1,-1,-1
2015320060909,2,9,0,7,0,8,0,0,0,0,1,1,6,2,34,6,1686,2,3,-1,1,-1
2015320060929,1,2,0,13,0,0,0,0,0,0,1,1,6,1,19,4,49,1,8,-1,1,-1
2015320060929,2,8,0,9,0,0,0,0,0,0,3,1,1,1,30,6,1986,2,6,-1,1,-1
2015320061046,1,9,0,5,0,3,1,0,1,9,1,1,1,1,48,8,2793,1,17,-1,1,-1
2015320061104,1,9,0,17,0,0,0,0,0,0,3,2,6,2,48,8,-1,-1,-1,-1,2,-1
2015320061104,2,9,4,16,0,0,0,0,0,0,3,2,1,1,24,5,-1,-1,-1,-1,-1,-1
2015320061352,1,21,0,18,0,1,1,0,0,0,1,1,1,1,32,6,6692,2,3,-1,1,-1
2015320061352,2,9,0,10,0,1,0,0,0,0,2,1,2,1,29,6,2494,2,7,-1,1,-1
2015320061396,1,9,0,18,0,0,0,0,0,0,1,1,6,1,70,10,1398,1,-1,-1,1,-1
2015320061396,2,19,0,18,0,0,0,0,0,0,1,1,1,1,39,7,2198,2,2,-1,1,-1
2015320061427,1,90,0,18,0,0,0,0,0,0,1,1,6,1,-1,-1,-1,-1,-1,-1,-1,-1
2015320061447,1,9,0,7,0,8,0,0,0,0,1,1,6,2,44,7,2477,2,9,-1,2,-1
2015320061447,2,9,0,9,0,8,0,0,0,0,3,1,4,2,25,5,1586,1,11,-1,2,-1
2015320061526,1,9,0,13,0,0,0,0,8,4,1,1,6,1,40,7,1988,1,12,-1,3,-1
2015320061526,2,19,0,18,0,0,0,0,0,0,1,1,6,1,43,7,2299,2,17,-1,3,-1
2015320061578,1,9,0,9,0,1,0,0,0,0,0,1,1,1,47,8,3059,2,20,-1,1,-1
2015320061578,2,9,0,18,0,1,0,0,0,0,1,1,6,2,74,10,1360,1,11,-1,1,-1
2015320061620,1,19,0,18,0,1,0,0,0,0,4,1,1,1,55,8,1968,2,3,-1,1,-1
2015320061922,1,9,0,18,0,0,1,0,0,0,1,1,6,1,28,6,998,1,8,-1,1,-1
2015320061922,2,9,0,18,0,0,0,0,0,0,2,1,6,2,69,10,1997,2,-1,-1,2,-1
2015320061967,1,9,0,18,0,8,0,0,0,0,1,1,6,2,30,6,-1,-1,-1,-1,1,-1
2015320061967,2,5,0,18,0,1,0,0,0,0,1,1,6,1,46,8,-1,-1,-1,-1,3,-1
2015320061976,1,3,0,18,0,2,0,0,0,0,1,1,6,1,25,5,125,1,7,-1,3,-1
2015320061976,2,9,0,18,0,1,0,0,7,0,4,1,1,2,34,6,1198,1,8,-1,1,-1
2015320062358,1,9,0,5,0,8,0,0,0,0,1,1,6,2,51,8,-1,-1,-1,-1,1,-1
2015320062358,2,9,0,18,0,8,0,0,0,0,1,1,6,2,20,4,1328,1,8,-1,3,-1
2015320062484,1,19,0,17,0,0,2,0,0,0,1,1,1,1,30,6,2402,2,9,-1,1,-1
2015320062484,2,9,0,16,0,0,1,0,0,0,1,1,2,1,54,8,4163,1,5,-1,-1,-1
2015320062503,1,19,0,4,0,0,0,0,0,0,1,1,1,1,18,4,1461,2,12,-1,1,-1
2015320062503,2,9,0,4,0,0,0,0,0,0,2,1,6,1,45,7,1597,1,8,-1,3,-1
2015320062503,3,9,0,4,0,0,0,0,0,0,2,1,6,1,52,8,1362,1,2,-1,3,-1
2015320062503,4,9,0,4,0,0,0,0,0,0,2,1,6,1,35,6,1389,1,16,-1,2,-1
2015320062629,1,9,0,18,0,0,1,0,0,0,1,1,6,1,32,6,1796,1,15,-1,3,-1
2015320062629,2,19,0,4,0,0,0,0,0,0,2,2,1,1,33,6,1870,2,11,-1,3,-1
2015320062651,1,10,0,14,0,1,0,0,7,0,1,1,1,1,62,9,-1,-1,-1,-1,1,-1
2015320062651,2,9,0,9,0,1,0,0,0,0,1,1,6,1,29,6,1997,2,11,-1,2,-1
2015320062684,1,21,1,18,0,0,0,0,0,0,3,1,1,1,57,9,10837,2,4,-1,1,-1
2015320062684,2,19,0,18,0,0,0,0,0,6,4,1,1,1,38,7,1248,2,2,-1,1,-1
2015320062881,1,9,0,18,0,0,0,0,0,0,1,1,6,2,18,4,973,1,14,-1,-1,-1
2015320062881,2,9,0,18,0,0,0,0,0,0,2,1,1,1,22,5,-1,-1,-1,-1,-1,-1
2015320062881,3,9,0,18,0,0,0,0,0,0,2,1,6,1,71,10,1998,2,12,-1,1,-1
2015320062938,1,1,0,18,0,1,0,0,0,0,4,1,1,1,24,5,-1,-1,-1,-1,2,-1
2015320062938,2,9,-1,1,0,6,0,0,0,0,2,-1,6,1,48,8,2987,2,4,-1,-1,-1
2015320062951,1,9,0,18,0,0,0,0,0,0,1,1,1,1,45,7,-1,-1,-1,-1,1,-1
2015320062951,2,9,0,18,0,0,0,0,0,0,2,1,6,1,20,4,1560,2,5,-1,1,-1
2015320063030,1,9,0,18,0,2,0,0,0,0,1,1,6,2,29,6,1229,1,7,-1,1,-1
2015320063048,1,9,0,7,6,5,0,0,0,0,1,1,6,1,35,6,1900,2,8,-1,1,-1
2015320063048,2,9,0,2,6,8,0,0,1,0,2,1,6,2,27,6,-1,-1,-1,-1,3,-1
2015320063417,1,9,0,7,0,8,0,0,0,0,4,1,6,1,60,9,1598,1,1,-1,1,-1
2015320063417,2,1,0,18,4,8,0,0,0,0,3,1,2,1,46,8,-1,-1,-1,-1,1,-1
2015320063462,1,9,0,18,0,0,0,0,0,0,1,1,6,2,65,9,796,1,9,-1,1,-1
2015320063462,2,1,0,14,0,0,0,0,0,0,1,1,6,1,25,5,-1,-1,-1,-1,1,-1
2015320063468,1,9,0,9,0,6,0,0,0,0,1,1,6,1,53,8,1995,2,1,-1,3,-1
2015320063468,2,9,0,18,0,8,1,0,0,0,1,1,6,1,60,9,1197,1,1,-1,3,-1
2015320063587,1,9,0,18,0,0,0,0,0,0,1,1,6,1,66,10,1598,1,8,-1,2,-1
2015320063587,2,9,0,18,0,0,0,0,0,0,1,1,6,1,48,8,3000,1,4,-1,3,-1
2015320063614,1,9,0,1,9,6,0,0,0,0,2,1,6,2,71,10,1997,1,2,-1,1,-1
2015320063690,1,9,0,18,0,0,1,4,0,0,1,1,6,1,53,8,2800,2,22,-1,1,-1
2015320063690,2,9,0,4,0,0,0,4,0,0,2,1,6,1,55,8,1364,1,7,-1,3,-1
2015320063690,3,9,0,4,0,0,0,0,0,0,2,1,6,1,65,9,1910,2,8,-1,1,-1
2015320063708,1,11,0,5,0,4,0,0,0,0,0,1,1,2,56,9,4250,2,9,-1,1,-1
2015320063708,2,4,0,18,0,8,2,0,0,0,0,1,6,1,48,8,1000,1,8,-1,1,-1
2015320063724,1,9,0,3,0,0,0,0,0,0,2,1,6,1,59,9,2179,2,2,-1,3,-1
2015320063724,2,9,0,3,0,0,0,0,0,0,2,1,6,1,57,9,3189,1,8,-1,1,-1
2015320063724,3,9,0,18,0,0,0,0,0,0,1,1,6,1,81,11,1997,2,3,-1,2,-1
2015320063735,1,9,0,18,0,1,0,0,0,0,1,1,6,2,18,4,1108,1,12,-1,1,-1
2015320063735,2,9,0,10,0,1,0,0,0,0,2,1,6,1,45,7,1995,2,1,-1,3,-1
2015320064041,1,9,0,1,0,0,0,0,0,0,2,-1,6,1,-1,-1,2143,2,1,-1,-1,-1
2015320064041,2,1,0,18,0,0,0,0,0,0,4,1,6,2,20,4,-1,-1,-1,-1,1,-1
2015320064072,1,9,0,16,0,0,5,0,8,10,1,1,6,1,29,6,1240,1,8,-1,3,-1
2015320064083,1,9,0,9,0,0,0,0,7,0,1,1,6,1,62,9,1998,2,12,-1,1,-1
2015320064083,2,9,0,18,0,0,0,0,7,2,1,1,2,1,68,10,1997,2,10,-1,2,-1
2015320064083,3,9,0,2,9,0,0,0,7,0,1,1,6,2,23,5,1108,1,12,-1,1,-1
2015320064104,1,9,0,18,0,0,1,4,0,0,1,1,6,1,22,5,1199,1,11,-1,1,-1
2015320064104,2,9,0,3,0,0,0,4,0,0,2,1,6,1,37,7,999,1,1,-1,1,-1
2015320064104,3,9,0,3,0,0,0,0,0,0,2,1,6,1,40,7,1956,2,4,-1,1,-1
2015320064137,1,9,0,18,0,0,0,0,0,0,1,1,6,2,71,10,1596,1,1,-1,1,-1
2015320064137,2,9,0,18,0,0,0,1,0,0,1,1,6,2,34,6,1598,2,1,-1,3,-1
2015320064413,1,9,0,13,0,0,0,0,7,0,4,1,6,1,73,10,1198,1,2,-1,3,-1
2015320064413,2,19,0,4,0,0,0,0,0,0,3,1,1,1,31,6,1560,2,2,-1,1,-1
2015320064621,1,9,0,18,0,0,0,0,0,0,1,1,1,1,67,10,1896,2,9,-1,1,-1
2015320064621,2,9,0,18,0,0,0,0,0,0,2,1,3,1,42,7,1753,2,20,-1,3,-1
2015320064637,1,9,0,18,0,0,5,4,0,0,1,1,6,1,32,6,1149,1,11,-1,2,-1
2015320064637,2,9,0,2,0,0,0,0,0,0,2,1,6,1,53,8,1686,2,11,-1,2,-1
2015320064644,1,9,0,16,0,0,0,0,7,9,1,1,6,2,69,10,1397,1,12,-1,3,-1
2015320064764,1,9,0,18,0,0,5,0,1,11,4,1,6,2,18,4,973,1,14,-1,2,-1
2015320064820,1,21,1,5,0,4,0,0,0,0,1,1,1,1,37,7,12580,2,10,-1,1,-1
2015320064820,2,9,0,4,0,4,0,0,0,0,2,1,6,2,27,6,1753,2,8,-1,1,-1
2015320064836,1,9,0,18,0,0,0,0,0,10,1,1,6,1,85,11,1242,1,7,-1,2,-1
2015320065080,1,9,0,2,0,1,0,0,0,0,2,1,6,1,37,7,-1,-1,-1,-1,2,-1
2015320065080,2,90,0,4,0,1,0,0,0,0,1,-1,6,1,24,5,-1,-1,-1,-1,-1,-1
2015320065132,1,9,0,9,0,2,0,0,0,0,3,1,6,2,21,5,1796,1,14,-1,3,-1
2015320065132,2,8,0,18,0,1,0,0,0,0,1,1,6,1,55,8,1598,2,4,-1,1,-1
2015320065141,1,4,0,9,0,0,1,0,1,11,1,1,6,2,56,9,125,1,2,-1,3,-1
2015320065162,1,1,0,18,0,0,0,4,0,0,1,1,6,1,50,8,-1,-1,-1,-1,3,-1
2015320065162,2,9,0,2,0,0,0,0,0,0,2,1,6,1,50,8,1997,2,4,-1,3,-1
2015320065230,1,9,0,18,0,0,0,0,0,0,4,1,6,1,39,7,1242,1,15,-1,2,-1
2015320065230,2,1,0,18,0,0,0,0,0,0,1,1,6,2,16,4,-1,-1,-1,-1,1,-1
2015320065271,1,9,0,18,0,0,0,0,1,9,4,1,6,1,36,7,2902,2,11,-1,1,-1
2015320065275,1,9,0,13,0,0,2,10,7,4,1,1,6,1,23,5,1589,1,15,-1,3,-1
2015320065286,1,9,0,3,0,8,0,0,0,0,1,1,6,2,41,7,2495,1,14,-1,3,-1
2015320065286,2,9,0,18,0,8,0,0,0,0,1,-1,6,1,28,6,2926,2,15,-1,1,-1
2015320065286,3,9,0,3,0,8,0,0,0,0,1,1,6,1,47,8,1598,2,4,-1,2,-1
2015320065298,1,9,0,5,0,1,0,0,0,0,1,1,6,3,-1,-1,998,1,9,-1,-1,-1
2015320065625,1,9,0,5,0,0,0,0,1,9,1,1,1,1,70,10,505,1,1,-1,1,-1
2015320065695,1,9,0,5,0,4,0,0,0,0,1,1,6,3,61,9,-1,-1,-1,-1,-1,-1
2015320065695,2,9,0,5,0,4,0,0,0,0,2,1,2,2,60,9,1364,1,6,-1,2,-1
2015320065721,1,9,0,16,0,0,2,0,1,4,1,1,6,1,19,4,1388,1,12,-1,1,-1
2015320065831,1,8,0,18,0,1,0,0,0,10,2,1,1,1,58,9,1560,2,4,-1,1,-1
2015320065831,2,9,0,18,0,1,0,2,0,0,1,1,6,1,30,6,1896,2,18,-1,-1,-1
2015320065853,1,9,0,18,0,0,5,0,1,9,1,1,6,1,23,5,1490,1,7,-1,3,-1
2015320065869,1,9,0,18,0,0,2,0,1,9,4,1,6,2,21,5,1248,2,9,-1,1,-1
2015320065877,1,1,0,16,0,1,0,0,0,0,3,1,6,2,11,3,-1,-1,-1,-1,1,-1
2015320065877,2,9,0,18,0,8,0,0,0,0,3,2,6,1,38,7,1896,2,12,-1,1,-1
2015320066117,1,9,0,18,0,1,1,0,0,0,1,1,6,2,46,8,1248,2,7,-1,-1,-1
2015320066117,2,9,0,3,0,1,0,0,0,0,2,1,6,1,35,6,1596,1,11,-1,-1,-1
2015320066117,3,9,0,3,0,1,0,0,0,0,2,1,6,2,68,10,1598,1,12,-1,2,-1
2015320066117,4,9,0,3,0,1,0,0,0,0,2,1,6,1,34,6,1560,2,3,-1,1,-1
2015320066117,5,9,0,18,0,1,0,0,0,0,1,1,1,1,32,6,1968,2,4,-1,1,-1
2015320066244,1,9,0,5,0,6,0,0,0,0,1,1,6,3,54,8,1999,1,7,-1,-1,-1
2015320066244,2,9,0,13,0,1,0,0,0,0,3,1,6,2,40,7,1598,1,9,-1,3,-1
2015320066252,1,98,0,18,0,0,0,0,0,0,0,-1,6,3,-1,-1,-1,-1,-1,-1,-1,-1
2015320066252,2,11,0,18,0,0,0,0,0,0,0,-1,1,3,32,6,-1,-1,-1,-1,-1,-1
2015320066381,1,9,0,6,0,0,0,0,0,0,1,1,1,1,27,6,998,1,13,-1,1,-1
2015320066381,2,9,0,18,0,0,0,0,0,0,4,1,6,2,22,5,1997,1,11,-1,1,-1
2015320066408,1,9,0,2,0,0,0,8,0,0,3,1,6,1,23,5,-1,-1,-1,-1,1,-1
2015320066408,2,9,0,18,0,0,0,8,0,0,4,1,6,1,23,5,1149,1,7,-1,1,-1
2015320066460,1,2,0,16,0,0,0,0,0,0,1,1,6,1,17,4,49,1,3,-1,3,-1
2015320066460,2,9,0,17,0,0,0,0,0,0,1,1,6,1,45,7,-1,-1,-1,-1,1,-1
2015320066507,1,9,0,18,0,8,0,0,0,0,1,1,1,2,33,6,2000,1,10,-1,1,-1
2015320066653,1,9,0,9,0,5,0,0,0,0,4,1,6,2,46,8,1998,1,13,-1,-1,-1
2015320066653,2,3,0,18,0,1,0,0,0,0,1,1,6,1,26,6,124,1,-1,-1,1,-1
2015320066705,1,9,0,9,0,6,0,0,0,0,3,1,2,1,40,7,1598,1,6,-1,1,-1
2015320066705,2,5,0,13,0,8,0,0,0,0,1,1,6,1,49,8,1402,1,14,-1,1,-1
2015320066801,1,9,0,18,0,0,1,0,0,0,3,1,6,1,68,10,1993,1,31,-1,3,-1
2015320066801,2,9,0,18,0,0,5,0,0,0,3,1,6,1,86,11,1242,1,2,-1,3,-1
2015320066861,1,9,0,5,0,1,0,0,0,0,3,1,6,1,27,6,1686,2,12,-1,1,-1
2015320066861,2,98,0,18,0,8,0,0,0,0,1,1,6,1,71,10,2287,2,-1,-1,2,-1
2015320066895,1,9,0,18,0,0,1,0,1,9,1,1,6,2,23,5,1560,2,1,-1,3,-1
2015320066899,1,9,0,16,0,0,1,0,1,9,1,1,2,1,25,5,1229,1,3,-1,3,-1
2015320066950,1,9,0,13,0,0,0,0,0,0,1,1,6,2,13,3,-1,-1,-1,-1,3,-1
2015320066950,2,1,0,18,0,0,0,0,1,9,2,1,6,2,13,3,-1,-1,-1,-1,3,-1
2015320066971,1,9,0,10,0,1,0,0,0,0,2,1,6,1,47,8,1686,2,19,-1,3,-1
2015320066971,2,9,0,18,0,1,0,0,1,0,0,1,6,1,25,5,1360,1,10,-1,1,-1
2015320066971,3,9,0,18,0,1,0,0,0,0,2,1,6,1,22,5,998,1,6,-1,1,-1
2015320066971,4,9,0,18,0,1,0,0,0,0,4,1,6,1,55,8,1598,1,9,-1,1,-1
2015320066971,5,9,0,18,0,1,0,0,0,0,1,1,6,1,23,5,1796,1,8,-1,1,-1
2015320066983,1,9,0,3,0,1,0,0,0,0,3,1,6,1,25,5,1242,1,13,-1,1,-1
2015320066983,2,9,0,18,0,8,1,0,0,0,1,2,6,2,60,9,1198,1,1,-1,1,-1
2015320067033,1,9,0,16,0,0,5,0,0,4,4,1,1,2,21,5,1461,2,7,-1,3,-1
2015320067168,1,5,0,3,0,1,0,0,0,0,1,1,6,1,36,7,999,1,9,-1,1,-1
2015320067168,2,5,0,3,0,1,0,0,0,0,2,1,6,1,35,6,999,1,5,-1,3,-1
2015320067176,1,9,0,18,0,0,0,0,0,0,1,1,6,1,80,11,-1,-1,-1,-1,1,-1
2015320067176,2,9,0,18,0,0,0,0,0,0,2,1,6,1,76,11,1686,2,3,-1,1,-1
2015320067207,1,9,0,9,0,8,0,0,0,0,4,1,6,1,22,5,1995,2,7,-1,1,-1
2015320067207,2,9,0,18,0,8,0,0,0,0,1,1,6,2,34,6,1995,2,-1,-1,1,-1
2015320067261,1,9,0,13,0,2,0,0,0,0,1,1,6,1,36,7,1995,2,-1,-1,1,-1
2015320067261,2,9,0,9,0,1,0,0,7,0,3,1,6,1,31,6,1998,1,8,-1,1,-1
2015320067296,1,9,0,18,0,8,0,0,7,0,4,1,6,1,44,7,1388,1,7,-1,1,-1
2015320067296,2,9,0,5,0,7,0,0,0,0,1,1,6,1,73,10,2982,2,9,-1,3,-1
2015320067396,1,9,0,18,0,0,0,0,1,3,1,1,6,1,28,6,1781,1,12,-1,2,-1
2015320067417,1,9,0,18,0,0,0,0,1,11,1,1,6,1,17,4,1229,1,2,-1,1,-1
2015320067589,1,9,0,1,0,0,0,0,0,0,1,1,6,1,34,6,-1,-1,-1,-1,1,-1
2015320067589,2,22,0,3,0,0,0,0,0,0,1,1,6,2,50,8,-1,-1,-1,-1,1,-1
2015320067660,1,9,0,18,0,0,0,0,0,0,1,1,6,1,65,9,2198,1,12,-1,-1,-1
2015320067660,2,1,0,18,0,0,0,0,0,0,1,1,6,1,51,8,-1,-1,-1,-1,3,-1
2015320067661,1,9,0,17,0,0,1,0,0,0,1,1,6,1,20,4,1390,1,9,-1,3,-1
2015320067661,2,9,0,18,0,0,0,0,0,0,1,1,6,2,51,8,1582,2,2,-1,1,-1
2015320067687,1,9,0,18,0,3,0,0,0,11,1,1,6,2,44,7,1360,1,6,-1,1,-1
2015320067744,1,9,0,18,0,0,5,0,1,10,4,1,6,1,23,5,-1,-1,-1,-1,1,-1
2015320067749,1,9,0,18,0,0,2,0,7,0,3,1,6,1,21,5,-1,-1,-1,-1,1,-1
2015320067762,1,9,0,18,0,0,1,0,7,0,3,1,6,1,49,8,-1,-1,-1,-1,1,-1
2015320067764,1,9,0,16,0,0,2,0,7,9,1,1,6,2,19,4,998,1,12,-1,1,-1
2015320067772,1,9,0,17,0,0,0,0,0,0,3,1,6,2,31,6,-1,-1,-1,-1,1,-1
2015320067772,2,9,0,16,0,0,5,0,0,0,3,1,6,1,61,9,1995,2,1,-1,2,-1
2015320067772,3,9,0,16,0,0,0,0,0,0,1,1,6,1,60,9,2198,2,9,-1,1,-1
2015320067939,1,9,0,9,0,0,1,0,1,0,1,1,2,2,20,4,-1,-1,-1,-1,1,-1
2015320067939,2,9,0,18,0,0,0,0,1,0,1,1,1,1,67,10,-1,-1,-1,-1,3,-1
2015320068020,1,2,0,18,0,1,1,0,0,0,3,1,1,2,24,5,49,1,4,-1,1,-1
2015320068064,1,9,0,9,0,6,0,0,0,0,3,1,6,1,-1,-1,2143,2,1,-1,-1,-1
2015320068064,2,1,0,18,0,1,0,0,0,0,1,1,1,1,40,7,-1,-1,-1,-1,3,-1
2015320068120,1,9,0,18,0,1,0,0,0,0,1,1,6,1,19,4,1896,2,13,-1,1,-1
2015320068179,1,19,0,18,0,0,1,0,7,0,4,1,1,1,54,8,-1,-1,-1,-1,1,-1
2015320068179,2,19,0,18,0,0,0,0,0,0,1,1,1,1,28,6,1995,2,4,-1,-1,-1
2015320068252,1,9,0,16,0,0,0,0,0,0,0,-1,6,3,-1,-1,-1,-1,-1,-1,-1,-1
2015320068252,2,98,0,17,0,0,1,0,7,9,1,2,1,1,53,8,-1,-1,-1,-1,1,-1
2015320068254,1,9,0,18,0,0,0,0,0,0,2,1,6,2,19,4,1598,2,-1,-1,3,-1
2015320068254,2,19,0,18,0,0,0,0,0,0,1,1,6,1,53,8,1598,2,-1,-1,2,-1
2015320068254,3,9,0,18,0,0,0,0,0,0,1,1,6,1,48,8,1396,1,-1,-1,1,-1
2015320068260,1,9,0,18,0,1,1,0,0,0,1,1,6,2,30,6,1598,1,9,-1,1,-1
2015320068260,2,9,0,4,0,1,0,0,0,0,2,1,6,1,40,7,1229,1,3,-1,1,-1
2015320068514,1,9,0,18,0,0,1,0,0,9,3,1,6,1,45,7,-1,-1,-1,-1,1,-1
2015320068604,1,9,0,18,0,2,0,0,0,0,1,1,6,2,31,6,1461,2,12,-1,1,-1
2015320068604,2,20,5,18,0,2,0,0,0,0,2,1,1,1,45,7,8970,2,10,-1,2,-1
2015320068645,1,9,0,16,0,0,0,0,0,0,1,1,6,1,81,11,1910,2,5,-1,1,-1
2015320068645,2,9,0,17,0,0,0,0,0,0,1,1,6,1,30,6,1598,1,13,-1,1,-1
2015320068658,1,1,0,5,0,1,0,0,0,0,1,1,6,1,20,4,-1,-1,-1,-1,1,-1
2015320068658,2,9,0,5,0,1,0,0,0,0,2,1,6,1,44,7,1398,1,3,-1,1,-1
2015320068674,1,9,0,18,0,0,1,0,1,10,1,1,6,2,20,4,1360,1,13,-1,1,-1
2015320068793,1,9,0,18,0,1,0,0,0,0,4,1,6,2,72,10,1248,2,-1,-1,2,-1
2015320069020,1,9,0,9,0,5,0,0,0,0,1,1,6,1,59,9,1968,2,2,-1,3,-1
2015320069020,2,9,0,18,0,1,0,0,1,10,1,1,2,1,25,5,1997,1,13,-1,1,-1
2015320069051,1,9,0,18,0,0,0,0,0,0,2,1,6,1,33,6,1149,1,13,-1,1,-1
2015320069102,1,9,0,3,0,4,0,0,0,0,3,1,6,1,52,8,1560,2,1,-1,1,-1
2015320069102,2,9,0,18,0,3,1,9,0,0,1,1,6,2,19,4,659,1,12,-1,1,-1
2015320069180,1,22,0,18,9,0,0,0,0,0,1,1,6,3,-1,-1,-1,-1,-1,-1,-1,-1
2015320069181,1,9,0,9,0,8,0,0,0,0,2,1,6,2,38,7,1598,1,8,-1,1,-1
2015320069181,2,9,0,18,0,1,0,0,0,0,1,1,6,2,54,8,1124,1,11,-1,3,-1
2015320069208,1,90,0,1,0,2,0,0,0,0,2,1,6,1,-1,-1,-1,-1,-1,-1,-1,-1
2015320069215,1,98,0,18,0,0,0,0,0,0,2,-1,6,3,-1,-1,-1,-1,-1,-1,-1,-1
2015320069215,2,9,0,18,0,0,0,0,0,0,1,2,6,2,24,5,-1,-1,-1,-1,2,-1
2015320069249,1,9,0,16,0,0,0,0,0,0,1,1,6,1,25,5,1596,1,11,-1,-1,-1
2015320069249,2,9,0,17,0,0,0,0,1,10,1,1,6,1,64,9,1591,1,2,-1,3,-1
2015320069359,1,9,0,9,0,8,0,0,0,0,1,1,6,2,83,11,1242,1,5,-1,-1,-1
2015320069359,2,9,0,18,0,1,0,0,2,0,2,1,6,1,21,5,1395,1,-1,-1,1,-1
2015320069362,1,3,0,7,0,1,1,10,7,0,1,1,6,1,17,4,-1,-1,-1,-1,2,-1
2015320069443,1,9,0,18,0,0,1,0,1,0,1,1,6,1,20,4,1299,1,14,-1,1,-1
2015320069544,1,19,0,9,0,2,0,0,0,0,0,1,6,3,49,8,-1,-1,-1,-1,3,-1
2015320069616,1,9,0,9,0,1,0,0,0,0,3,1,1,2,43,7,-1,-1,-1,-1,1,-1
2015320069616,2,9,0,18,0,6,0,0,0,0,1,1,1,2,53,8,-1,-1,-1,-1,-1,-1
2015320069805,1,9,0,18,0,0,0,0,0,0,4,1,6,2,43,7,1995,2,2,-1,1,-1
2015320069805,2,21,0,18,0,0,0,0,0,0,3,1,1,1,28,6,12809,2,-1,-1,1,-1
2015320069872,1,9,0,16,0,0,1,0,0,0,1,1,6,1,67,10,1289,1,16,-1,1,-1
2015320069872,2,9,0,18,0,0,2,0,1,9,4,1,2,1,38,7,1396,1,10,-1,3,-1
2015320069872,3,9,0,18,0,0,0,0,0,0,1,1,6,2,34,6,2170,2,10,-1,3,-1
2015320070010,1,9,0,17,0,0,0,0,1,0,1,1,6,2,68,10,1399,2,4,-1,1,-1
2015320070154,1,9,0,18,0,1,0,0,0,0,1,1,6,1,21,5,1490,1,6,-1,1,-1
2015320070154,2,9,0,18,0,2,0,0,0,0,3,1,6,1,73,10,1753,2,13,-1,2,-1
2015320070154,3,9,0,18,0,8,0,0,0,0,4,1,6,1,47,8,1968,2,2,-1,2,-1
2015320070203,1,9,0,13,0,0,0,0,0,0,1,1,6,2,45,7,1198,1,10,-1,-1,-1