Accident_Index,Vehicle_Reference,Vehicle_Type,Towing_and_Articulation,Vehicle_Manoeuvre,Vehicle_Location-Restricted_Lane,Junction_Location,Skidding_and_Overturning,Hit_Object_in_Carriageway,Vehicle_Leaving_Carriageway,Hit_Object_off_Carriageway,1st_Point_of_Impact,Was_Vehicle_Left_Hand_Drive?,Journey_Purpose_of_Driver,Sex_of_Driver,Age_of_Driver,Age_Band_of_Driver,Engine_Capacity_(CC),Propulsion_Code,Age_of_Vehicle,Driver_IMD_Decile,Driver_Home_Area_Type,Vehicle_IMD_Decile
2015320081142,2,5,0,10,0,1,0,0,0,0,4,1,6,1,39,7,599,1,7,-1,1,-1
2015320081148,1,9,0,10,9,8,0,0,0,0,1,2,6,2,63,9,1598,1,12,-1,-1,-1
2015320081148,2,1,0,18,9,8,0,0,0,0,1,1,6,1,18,4,-1,-1,-1,-1,1,-1
2015320081180,1,5,0,18,0,0,0,12,0,0,1,1,6,1,46,8,781,1,17,-1,3,-1
2015320081287,1,9,0,18,0,5,0,0,0,0,1,1,1,1,26,6,1997,2,11,-1,1,-1
2015320081421,1,19,0,18,0,0,0,0,0,0,1,1,1,1,55,8,-1,-1,-1,-1,-1,-1
2015320081421,2,1,0,18,0,0,0,0,0,0,1,1,6,1,40,7,-1,-1,-1,-1,3,-1
2015320081466,1,9,0,18,0,0,0,0,0,0,1,1,1,2,47,8,-1,-1,-1,-1,-1,-1
2015320081466,2,1,0,18,0,0,0,0,0,0,0,1,1,2,15,3,-1,-1,-1,-1,1,-1
2015320081493,1,16,0,7,0,8,5,0,0,0,0,1,6,2,42,7,-1,-1,-1,-1,3,-1
2015320081523,1,5,0,18,0,1,1,0,0,0,3,1,6,1,52,8,1050,1,6,-1,1,-1
2015320081635,1,9,0,18,0,0,0,0,1,4,1,1,6,1,24,5,1149,1,8,-1,3,-1
2015320081646,1,9,0,18,0,0,0,0,0,0,1,1,6,1,80,11,1198,1,5,-1,2,-1
2015320081646,2,1,0,18,0,0,0,0,0,0,2,1,6,1,52,8,-1,-1,-1,-1,1,-1
2015320081647,1,9,0,17,0,1,1,0,1,2,1,1,6,2,32,6,1598,1,6,-1,1,-1
2015320081691,1,90,0,3,1,1,0,0,0,0,1,-1,6,3,1,1,-1,-1,-1,-1,-1,-1
2015320081691,2,9,0,3,0,1,0,0,0,0,2,1,6,1,34,6,1997,1,10,-1,1,-1
2015320081712,1,9,0,13,0,1,0,0,0,0,3,-1,6,3,-1,-1,-1,-1,-1,-1,-1,-1
2015320081712,2,3,0,18,0,1,0,0,0,0,4,1,6,2,22,5,124,1,10,-1,2,-1
2015320081717,1,8,0,18,0,0,0,0,0,0,0,1,6,1,52,8,-1,-1,-1,-1,-1,-1
2015320081717,2,9,0,18,0,0,0,0,0,0,0,1,6,3,-1,-1,-1,-1,-1,-1,-1,-1
2015320081734,1,9,0,18,0,0,0,0,0,0,2,1,6,2,31,6,998,1,11,-1,1,-1
2015320081734,2,9,0,18,0,0,1,0,0,0,2,1,6,2,45,7,1598,2,4,-1,1,-1
2015320081741,1,9,0,9,0,8,0,0,0,0,3,-1,6,3,-1,-1,2143,2,1,-1,-1,-1
2015320081741,2,1,0,7,0,8,0,0,0,0,1,1,1,1,21,5,-1,-1,-1,-1,1,-1
2015320081898,1,9,0,18,0,0,5,4,0,0,1,1,1,2,23,5,1248,1,2,-1,-1,-1
2015320081898,2,9,0,2,0,0,0,0,0,0,1,1,6,3,-1,-1,1596,1,13,-1,-1,-1
2015320081970,1,19,0,9,0,8,0,0,0,0,4,1,6,1,59,9,2198,2,8,-1,3,-1
2015320081970,2,9,0,18,0,1,0,0,1,1,3,1,6,2,21,5,1240,1,10,-1,3,-1
2015320082018,1,9,0,9,0,2,0,0,0,0,1,1,1,1,29,6,1299,1,14,-1,1,-1
2015320082018,2,1,0,18,0,8,0,0,0,0,1,1,6,1,65,9,-1,-1,-1,-1,1,-1
2015320082037,1,11,0,5,0,0,0,0,0,0,1,1,1,1,62,9,4500,2,5,-1,1,-1
2015320082086,1,9,0,15,0,1,5,4,7,0,4,1,6,1,51,8,1560,2,-1,-1,2,-1
2015320082086,2,9,0,2,0,1,0,0,1,0,4,1,6,2,53,8,999,1,-1,-1,3,-1
2015320082252,1,3,0,16,0,0,2,0,1,0,1,1,2,1,25,5,-1,-1,-1,-1,1,-1
2015320082319,1,9,0,7,0,8,0,0,0,0,3,1,6,2,49,8,1560,2,9,-1,1,-1
2015320082319,2,1,0,18,0,8,0,0,0,0,1,1,2,2,58,9,-1,-1,-1,-1,1,-1
2015320082473,1,9,0,18,0,0,0,0,0,0,1,1,6,1,19,4,-1,-1,-1,-1,1,-1
2015320082473,2,9,0,4,0,0,0,4,0,0,2,1,6,2,17,4,1240,1,12,-1,1,-1
2015320082473,3,9,0,2,9,0,0,0,0,0,3,1,6,3,-1,-1,1988,1,14,-1,1,-1
2015320082608,1,9,0,18,0,1,0,0,0,0,1,1,1,1,35,6,1598,2,3,-1,1,-1
2015320082608,2,9,0,9,0,1,0,0,0,0,2,1,1,2,29,6,1956,2,3,-1,-1,-1
2015320082719,1,9,0,18,0,0,0,0,1,9,2,1,2,2,49,8,1598,1,9,-1,2,-1
2015320082748,1,9,0,9,8,6,0,0,0,0,1,1,6,3,-1,-1,1991,2,6,-1,3,-1
2015320082754,1,3,0,4,0,1,5,0,0,0,4,1,6,2,17,4,115,1,-1,-1,3,-1
2015320082764,1,9,0,18,0,0,0,4,0,0,1,1,6,1,44,7,1968,2,4,-1,1,-1
2015320082764,2,9,0,2,0,0,0,4,1,0,2,1,6,3,33,6,1999,1,10,-1,-1,-1
2015320082764,3,9,0,2,0,0,0,4,0,0,2,1,6,3,37,7,1988,1,12,-1,-1,-1
2015320082764,4,9,0,2,0,0,0,0,0,0,2,1,6,3,19,4,1229,1,5,-1,-1,-1
2015320083004,1,5,0,5,0,2,5,10,1,11,3,1,2,1,25,5,599,1,12,-1,1,-1
2015320083081,1,9,0,18,0,0,0,0,0,0,4,1,6,1,67,10,996,1,1,-1,3,-1
2015320083086,1,19,0,1,0,6,0,0,0,0,2,-1,6,1,-1,-1,-1,-1,-1,-1,-1,-1
2015320083086,2,1,0,3,0,8,0,0,0,0,1,1,6,1,21,5,-1,-1,-1,-1,-1,-1
2015320083110,1,19,0,15,0,0,0,0,0,0,4,1,1,1,47,8,2198,2,2,-1,3,-1
2015320083321,1,9,0,18,0,1,0,0,0,0,2,2,6,2,37,7,-1,-1,-1,-1,1,-1
2015320083321,2,2,0,18,0,1,0,0,0,0,1,1,6,1,16,4,49,1,11,-1,1,-1
2015320083413,1,9,0,18,0,1,0,0,0,0,1,1,6,1,18,4,1198,1,13,-1,2,-1
2015320083413,2,9,0,10,0,1,0,0,0,0,2,1,6,1,45,7,1997,2,-1,-1,1,-1
2015320083452,1,9,0,18,0,0,0,0,0,0,1,1,6,2,21,5,1390,1,5,-1,2,-1
2015320083452,2,9,0,18,0,0,0,0,1,0,1,1,6,1,53,8,1461,2,2,-1,-1,-1
2015320083573,1,9,0,17,0,0,1,0,1,0,0,2,6,1,21,5,-1,-1,-1,-1,3,-1
2015320083573,2,9,0,16,0,0,0,0,0,0,0,2,1,3,-1,-1,-1,-1,-1,-1,-1,-1
2015320083695,1,9,0,18,0,1,0,0,0,0,1,1,6,1,62,9,2179,2,8,-1,1,-1
2015320083711,1,19,0,18,0,0,0,0,7,4,4,1,6,1,47,8,2460,2,8,-1,1,-1
2015320083716,1,9,0,17,0,0,1,0,1,4,3,1,6,1,19,4,1896,2,10,-1,1,-1
2015320083738,1,9,0,18,0,1,0,0,7,9,3,1,6,1,34,6,1994,1,19,-1,3,-1
2015320083738,2,9,0,9,0,1,0,0,0,0,0,1,6,1,52,8,1995,2,12,-1,3,-1
2015320083743,1,9,0,1,9,6,0,0,0,0,2,-1,6,1,-1,-1,1396,1,13,-1,-1,-1
2015320083755,1,9,0,18,0,6,0,0,0,0,3,1,1,1,53,8,1595,1,15,-1,1,-1
2015320083755,2,1,0,18,0,8,0,0,0,0,1,1,6,1,-1,-1,-1,-1,-1,-1,1,-1
2015320083821,1,9,0,18,0,0,0,0,1,11,1,1,6,1,62,9,998,1,16,-1,-1,-1
2015320083821,2,9,0,18,0,0,0,0,0,0,0,1,6,3,36,7,1686,2,3,-1,-1,-1
2015320084068,1,9,0,17,0,2,2,0,1,11,3,1,2,2,20,4,1988,1,14,-1,1,-1
2015320084088,1,9,0,18,0,1,0,0,0,0,1,1,6,2,35,6,1388,1,9,-1,-1,-1
2015320084088,2,22,0,18,0,6,5,0,0,0,1,1,6,2,62,9,-1,-1,-1,-1,1,-1
2015320084127,1,9,0,16,0,0,1,0,0,0,1,1,6,1,17,4,1598,1,11,-1,3,-1
2015320084127,2,9,0,17,0,0,0,0,1,0,1,1,6,1,23,5,1299,1,12,-1,3,-1
2015320084198,1,9,0,2,0,1,0,0,0,0,0,1,6,1,70,10,2401,2,10,-1,3,-1
2015320084198,2,1,0,14,0,2,0,0,0,0,4,1,6,2,52,8,-1,-1,-1,-1,2,-1
2015320084295,1,9,0,18,0,1,0,0,0,0,1,1,6,1,60,9,2495,2,16,-1,1,-1
2015320084295,2,9,0,4,0,1,0,0,0,0,2,1,6,2,40,7,1598,2,4,-1,3,-1
2015320084295,3,9,0,3,0,1,0,0,0,0,2,-1,6,2,39,7,1124,1,10,-1,-1,-1
2015320084295,4,9,0,3,0,1,0,0,0,0,2,-1,6,1,26,6,1598,2,4,-1,-1,-1
2015320084473,1,9,0,18,0,0,0,10,7,0,4,1,6,1,34,6,1956,2,6,-1,3,-1
2015320084532,1,9,0,9,0,2,0,0,0,0,1,1,6,2,58,9,1368,1,3,-1,1,-1
2015320084532,2,9,0,18,0,1,0,0,0,0,4,1,6,1,76,11,1997,2,8,-1,1,-1
2015320084615,1,9,0,8,0,1,0,0,0,0,0,1,6,2,73,10,1360,1,14,-1,1,-1
2015320084615,2,1,0,18,0,1,0,0,0,0,2,1,6,1,29,6,-1,-1,-1,-1,1,-1
2015320084640,1,9,0,9,0,3,0,0,0,0,3,1,6,2,35,6,1995,2,13,-1,1,-1
2015320084640,2,9,0,18,0,3,0,0,0,0,4,1,6,1,67,10,1461,2,3,-1,1,-1
2015320084923,1,9,0,18,0,0,0,0,1,9,1,1,6,1,69,10,2793,1,18,-1,2,-1
2015320085009,1,9,0,7,0,8,0,0,0,0,1,-1,6,3,-1,-1,2143,2,1,-1,-1,-1
2015320085009,2,1,0,18,0,8,0,0,0,0,1,1,6,1,25,5,-1,-1,-1,-1,1,-1
2015320085040,1,19,4,18,0,0,2,0,1,3,1,1,6,1,48,8,-1,-1,-1,-1,1,-1
2015320085043,1,9,0,18,0,0,2,0,8,9,1,1,6,2,20,4,1242,1,5,-1,2,-1
2015320085131,1,3,0,9,0,8,2,0,0,0,0,1,1,1,48,8,49,1,10,-1,1,-1
2015320085226,1,9,0,18,0,0,1,0,1,2,3,1,6,2,35,6,-1,-1,-1,-1,1,-1
2015320085282,1,9,0,17,0,8,2,0,1,9,1,1,6,2,39,7,1360,1,13,-1,1,-1
2015320085282,2,9,0,17,0,8,0,0,0,0,0,-1,6,3,-1,-1,-1,-1,-1,-1,-1,-1
2015320085428,1,9,0,18,0,1,0,10,7,0,1,1,6,2,42,7,1124,1,10,-1,3,-1
2015320085428,2,9,0,18,0,1,1,10,1,0,4,1,6,1,62,9,2902,2,13,-1,1,-1
2015320085445,1,9,0,18,0,8,0,0,0,0,4,-1,6,3,-1,-1,-1,-1,-1,-1,-1,-1
2015320085460,1,9,0,18,0,0,1,0,2,7,1,1,6,2,47,8,1197,1,2,-1,2,-1
2015320085545,1,9,0,16,0,0,0,0,7,4,1,1,6,1,33,6,-1,-1,-1,-1,3,-1
2015320085726,1,9,0,11,0,0,2,0,1,4,2,1,1,1,47,8,2198,2,8,-1,2,-1
2015320085808,1,1,0,18,0,0,0,0,0,0,3,1,6,1,14,3,-1,-1,-1,-1,1,-1
2015320085808,2,9,0,18,0,0,0,0,0,0,4,-1,6,2,-1,-1,2987,2,4,-1,-1,-1
2015320085823,1,9,0,17,0,0,2,0,1,9,1,1,6,2,19,4,1240,1,11,-1,3,-1
2015320085835,1,9,0,18,0,0,0,0,0,0,1,1,6,1,59,9,1582,2,-1,-1,-1,-1
2015320085835,2,9,0,18,0,0,0,0,0,0,1,1,2,2,49,8,-1,-1,-1,-1,3,-1
2015320085839,1,22,0,18,9,0,5,0,0,0,0,1,6,2,79,11,-1,-1,-1,-1,1,-1
2015320085863,1,9,0,4,0,0,0,0,0,0,1,1,6,1,76,11,1596,1,11,-1,1,-1
2015320085863,2,9,0,4,0,0,0,0,0,0,2,1,6,1,46,8,1390,1,11,-1,1,-1
2015320085940,1,4,0,18,0,2,5,0,0,0,2,1,6,1,35,6,398,1,28,-1,3,-1
2015320085940,2,9,0,18,0,2,0,0,0,0,0,1,6,1,75,10,1560,2,5,-1,1,-1
2015320085940,3,9,0,18,0,1,0,1,0,0,1,1,6,2,25,5,1242,1,6,-1,1,-1
2015320085952,1,9,0,18,0,1,1,0,0,0,1,1,6,1,19,4,1991,1,12,-1,2,-1
2015320085952,2,9,0,17,0,1,0,0,0,0,2,1,6,2,19,4,-1,-1,-1,-1,2,-1
2015320086082,1,9,0,12,0,2,0,0,0,0,3,1,1,1,-1,-1,-1,-1,-1,-1,-1,-1
2015320086082,2,9,0,18,0,1,0,10,0,0,4,1,6,2,33,6,-1,-1,-1,-1,-1,-1
2015320086125,1,90,0,18,0,0,2,10,0,0,1,1,6,1,53,8,-1,-1,-1,-1,-1,-1
2015320086252,1,9,0,18,0,0,0,0,0,0,1,1,6,1,41,7,1769,1,12,-1,1,-1
2015320086331,1,8,0,1,0,2,0,0,0,0,2,1,1,1,47,8,-1,-1,-1,-1,2,-1
2015320086465,1,9,0,18,0,1,0,0,0,0,1,1,1,1,-1,-1,1968,2,1,-1,3,-1
2015320086465,2,9,0,8,0,1,0,0,0,0,2,1,6,2,25,5,1364,1,10,-1,2,-1
2015320086470,1,9,0,16,0,0,0,0,1,4,1,1,6,2,73,10,1587,1,10,-1,3,-1
2015320086479,1,9,0,5,0,6,0,0,0,0,4,1,6,2,36,7,1598,1,8,-1,1,-1
2015320086479,2,9,0,18,0,8,0,0,0,0,1,1,6,2,61,9,1596,1,8,-1,1,-1
2015320086479,3,9,0,10,0,1,0,0,0,0,1,1,6,1,52,8,1587,1,8,-1,1,-1
2015320086703,1,9,0,18,0,0,0,0,0,0,3,1,6,2,58,9,2184,2,12,-1,3,-1
2015320086721,1,9,0,11,0,3,0,0,0,0,4,1,2,2,55,8,2997,2,6,-1,3,-1
2015320086721,2,9,0,18,0,3,0,0,0,0,3,1,6,2,35,6,1598,1,13,-1,1,-1
2015320086823,1,9,0,17,0,0,2,0,1,4,1,1,1,1,56,9,-1,-1,-1,-1,1,-1
2015320086827,1,9,0,7,0,1,0,0,0,0,0,1,6,2,49,8,1686,2,8,-1,1,-1
2015320086951,1,19,0,18,0,0,0,0,0,0,1,1,6,3,-1,-1,-1,-1,-1,-1,-1,-1
2015320087039,1,9,0,5,0,0,0,0,0,0,2,1,6,2,65,9,1124,1,13,-1,2,-1
2015320087039,2,9,0,3,0,0,0,0,0,0,1,1,6,2,33,6,1997,2,1,-1,2,-1
2015320087069,1,21,1,5,0,0,0,0,0,0,3,2,1,1,45,7,-1,-1,-1,-1,-1,-1
2015320087069,2,9,0,18,0,0,1,0,0,0,1,1,6,1,25,5,1397,1,14,-1,1,-1
2015320087158,1,4,0,18,9,0,0,0,0,0,1,1,6,1,25,5,498,1,13,-1,-1,-1
2015320087261,1,9,0,4,0,2,0,0,0,0,1,1,2,2,35,6,-1,-1,-1,-1,1,-1
2015320087261,2,1,0,18,0,1,0,0,0,0,1,1,2,1,55,8,-1,-1,-1,-1,1,-1
2015320087350,1,5,0,18,0,0,1,0,0,0,1,1,6,1,52,8,1584,1,6,-1,3,-1
2015320087350,2,9,0,18,0,0,0,0,0,0,3,1,6,1,60,9,2184,2,-1,-1,3,-1
2015320087359,1,5,0,17,0,0,1,0,1,0,0,1,6,1,22,5,955,1,15,-1,1,-1
2015320087451,1,9,0,18,0,2,0,0,7,9,1,1,6,1,23,5,-1,-1,-1,-1,1,-1
2015320087451,2,9,0,18,0,2,0,0,0,0,2,1,1,2,22,5,998,1,8,-1,3,-1
2015320087550,1,9,0,18,0,0,1,0,7,0,4,1,6,1,35,6,1598,1,14,-1,3,-1
2015320087603,1,9,0,7,0,1,0,0,0,0,0,1,3,2,48,8,1598,1,3,-1,1,-1
2015320087603,2,1,0,18,4,1,0,0,0,0,0,1,6,1,48,8,-1,-1,-1,-1,-1,-1
2015320087648,1,9,0,9,0,2,0,10,0,0,1,1,6,1,20,4,1388,1,12,-1,1,-1
2015320087648,2,9,0,18,0,1,0,0,0,0,1,1,6,2,20,4,1390,1,8,-1,1,-1
2015320088035,1,21,0,18,0,3,0,0,0,0,1,1,1,1,50,8,4500,2,1,-1,1,-1
2015320088035,2,1,0,18,0,6,0,0,0,0,4,1,6,2,18,4,-1,-1,-1,-1,1,-1
2015320088163,1,9,0,18,0,0,1,0,7,11,1,1,6,1,32,6,-1,-1,-1,-1,1,-1
2015320088163,2,9,0,10,0,0,0,0,0,0,3,1,6,2,60,9,1699,1,7,-1,3,-1
2015320088199,1,90,0,18,0,4,0,0,0,0,1,-1,6,3,19,4,-1,-1,-1,-1,-1,-1
2015320088199,2,90,0,18,0,4,0,0,0,0,2,-1,6,3,30,6,-1,-1,-1,-1,-1,-1
2015320088213,1,9,0,18,0,0,0,0,0,0,1,1,2,1,18,4,1388,1,12,-1,3,-1
2015320088213,2,9,0,18,0,0,0,0,0,0,1,1,2,1,25,5,-1,-1,-1,-1,3,-1
2015320088301,1,9,0,13,0,1,0,0,7,11,3,1,6,2,39,7,1870,2,11,-1,1,-1
2015320088301,2,9,0,9,0,2,0,0,0,0,4,1,6,1,66,10,1197,1,1,-1,1,-1
2015320088381,1,21,0,4,0,0,0,0,0,0,1,1,1,1,56,9,4485,2,-1,-1,1,-1
2015320088381,2,21,1,4,0,0,0,0,0,0,2,1,1,1,58,9,12902,2,1,-1,3,-1
2015320088932,1,9,0,5,0,0,0,0,0,0,3,1,6,1,65,9,995,1,7,-1,1,-1
2015320088932,2,3,0,13,0,0,0,0,0,0,4,1,6,1,17,4,125,1,2,-1,1,-1
2015320089063,1,9,0,18,0,2,0,0,0,0,1,1,6,1,19,4,1198,1,12,-1,-1,-1
2015320089063,2,9,0,18,0,2,0,0,0,0,2,1,6,1,36,7,1984,1,-1,-1,1,-1
2015320089436,1,9,0,18,0,0,0,0,0,0,2,1,6,1,21,5,-1,-1,-1,-1,-1,-1
2015320089436,2,1,0,18,0,0,0,0,0,0,1,1,6,1,25,5,-1,-1,-1,-1,1,-1
2015320089549,1,9,0,18,0,0,0,4,0,0,3,1,3,2,41,7,999,1,-1,-1,-1,-1
2015320089549,2,9,0,2,0,0,0,0,0,0,4,1,6,3,-1,-1,1998,2,9,-1,3,-1
2015320089565,1,22,0,18,9,8,0,0,0,0,1,1,6,2,83,11,-1,-1,-1,-1,1,-1
2015320089565,2,9,0,5,9,8,0,0,0,0,4,1,1,1,46,8,1598,2,1,-1,-1,-1
2015320089662,1,9,0,9,0,0,0,0,0,0,3,1,6,2,19,4,998,1,10,-1,-1,-1
2015320089662,2,4,0,18,0,0,0,0,0,0,1,1,6,1,19,4,471,1,1,-1,-1,-1
2015320089665,1,9,0,18,0,1,0,0,0,0,1,1,2,1,29,6,1896,2,11,-1,1,-1
2015320089665,2,9,0,3,0,1,0,0,0,0,2,1,2,2,34,6,1242,1,7,-1,3,-1
2015320089700,1,9,0,18,0,1,0,0,0,0,1,1,6,1,72,10,4398,1,11,-1,1,-1
2015320089949,1,9,0,4,0,1,0,0,0,0,3,1,3,3,26,6,1149,1,6,-1,1,-1
2015320090063,1,9,0,5,0,0,0,0,0,0,3,1,1,1,53,8,-1,-1,-1,-1,1,-1
2015320090063,2,1,0,18,0,0,0,0,0,0,4,1,6,2,47,8,-1,-1,-1,-1,1,-1
2015320090078,1,9,0,18,0,0,0,0,0,0,3,1,6,2,31,6,2204,2,8,-1,3,-1
2015320090078,2,1,0,18,0,0,0,0,0,0,3,1,6,1,74,10,-1,-1,-1,-1,-1,-1
2015320090113,1,21,1,9,0,8,5,0,1,2,4,1,1,1,27,6,12900,2,5,-1,1,-1
2015320090130,1,9,0,9,0,8,0,0,0,0,3,1,6,1,20,4,1997,2,16,-1,3,-1
2015320090130,2,3,0,18,0,8,0,0,0,0,1,1,2,1,47,8,125,1,1,-1,1,-1
2015320090208,1,9,0,13,0,0,0,0,0,0,0,1,6,2,33,6,1870,2,12,-1,1,-1
2015320090208,2,9,0,18,0,0,0,0,0,0,1,1,6,2,47,8,899,1,17,-1,2,-1
2015320090208,3,9,0,18,0,0,0,0,0,0,1,1,6,1,60,9,1248,2,4,-1,3,-1
2015320090218,1,4,0,17,0,0,0,0,1,1,0,1,6,1,19,4,400,1,24,-1,1,-1
2015320090525,1,9,0,17,0,0,1,0,7,0,1,1,2,2,20,4,1229,1,9,-1,3,-1
2015320090556,1,3,0,7,0,8,1,0,3,0,1,1,6,2,17,4,125,1,-1,-1,2,-1
2015320090574,1,9,0,18,2,0,0,0,0,0,1,1,6,1,58,9,1587,1,9,-1,-1,-1
2015320090574,2,9,0,18,0,0,0,0,0,0,3,1,6,1,63,9,1598,1,8,-1,-1,-1
2015320090574,3,9,0,18,0,0,0,0,0,0,1,1,6,2,23,5,1560,2,5,-1,-1,-1
2015320090735,1,9,0,5,0,0,0,0,0,11,1,1,6,2,52,8,1229,1,3,-1,-1,-1
2015320090745,1,9,0,18,0,0,0,0,0,0,1,1,6,1,69,10,1799,1,6,-1,2,-1
2015320090745,2,9,0,18,0,0,0,0,0,0,1,1,6,1,59,9,1560,2,2,-1,2,-1
2015320090787,1,9,0,7,0,4,0,0,0,0,1,1,6,1,-1,-1,-1,-1,-1,-1,-1,-1
2015320090788,1,9,0,18,0,0,0,0,0,0,0,1,1,2,17,4,1598,1,12,-1,3,-1
2015320090812,1,9,0,7,0,6,0,0,0,0,1,1,2,2,54,8,1686,2,13,-1,-1,-1
2015320090812,2,1,0,18,0,8,0,0,0,0,1,1,6,1,13,3,-1,-1,-1,-1,-1,-1
2015320090838,1,9,0,4,0,2,0,0,0,0,1,1,6,2,54,8,1299,1,9,-1,1,-1
2015320090838,2,9,0,4,0,2,0,0,0,0,2,1,6,2,62,9,1398,2,7,-1,3,-1
2015320090862,1,9,0,3,0,1,0,0,0,0,2,1,6,1,78,11,-1,-1,-1,-1,2,-1
2015320090862,2,9,0,3,0,1,0,0,0,0,2,1,6,1,50,8,-1,-1,-1,-1,3,-1
2015320090862,3,9,0,18,0,1,0,0,0,0,1,1,6,1,28,6,1968,2,9,-1,1,-1
2015320090965,1,9,0,7,0,8,0,0,0,0,2,1,2,1,21,5,-1,-1,-1,-1,3,-1
2015320090965,2,9,0,18,0,8,0,0,0,0,4,1,6,1,24,5,1598,1,11,-1,-1,-1
2015320090994,1,9,0,4,0,8,0,0,0,0,0,1,6,1,54,8,1995,2,2,-1,3,-1
2015320090994,2,9,0,18,0,8,1,0,1,3,1,1,6,2,28,6,-1,-1,-1,-1,3,-1
2015320091009,1,9,0,18,0,0,5,0,0,0,4,1,2,1,65,9,2198,1,14,-1,3,-1
2015320091009,2,9,0,2,6,0,0,0,0,0,2,1,6,1,78,11,1997,2,14,-1,3,-1
2015320091041,1,3,0,18,0,0,0,0,1,9,4,1,6,1,24,5,125,1,3,-1,1,-1
2015320091042,1,9,0,5,9,6,0,0,0,0,1,1,6,1,66,10,1794,1,11,-1,-1,-1
2015320091124,1,9,0,4,0,0,1,0,0,0,1,1,2,1,50,8,1686,2,8,-1,1,-1
2015320091124,2,9,0,4,0,0,1,0,0,0,2,1,2,1,52,8,1968,2,-1,-1,3,-1
2015320091124,3,9,0,4,0,0,0,0,0,0,2,1,2,2,48,8,-1,-1,-1,-1,1,-1
2015320091135,1,5,0,5,0,0,2,0,0,0,3,1,6,1,36,7,599,1,12,-1,1,-1
2015320091152,1,9,0,18,0,1,0,0,1,9,1,1,6,1,81,11,1560,2,1,-1,2,-1
2015320091218,1,9,0,18,0,0,0,0,7,4,1,1,2,1,21,5,1360,1,6,-1,1,-1
2015320091407,1,9,0,18,5,0,0,0,0,0,1,-1,6,3,-1,-1,2143,2,1,-1,-1,-1
2015320091407,2,1,0,18,5,0,0,0,0,0,1,1,6,1,20,4,-1,-1,-1,-1,1,-1
2015320091408,1,5,0,17,0,0,0,0,1,4,1,1,6,1,35,6,599,1,11,-1,1,-1
2015320091439,1,9,0,18,0,0,0,0,0,0,1,-1,6,2,48,8,1242,1,7,-1,-1,-1
2015320091439,2,1,0,9,0,0,0,0,0,0,1,1,2,2,43,7,-1,-1,-1,-1,1,-1
2015320091491,1,9,0,7,0,3,0,0,0,0,1,1,6,1,45,7,1871,2,10,-1,1,-1
2015320091491,2,9,0,4,0,2,0,0,0,0,2,1,6,1,65,9,1560,2,5,-1,1,-1
2015320091491,3,9,0,10,0,2,0,0,0,0,2,1,6,1,20,4,973,1,12,-1,1,-1
2015320091548,1,9,0,9,0,1,0,0,0,0,2,1,6,2,27,6,1600,2,6,-1,2,-1
2015320091548,2,9,0,18,0,1,0,0,0,0,1,1,6,2,26,6,1386,1,5,-1,3,-1
2015320091663,1,9,0,10,0,1,0,0,0,0,1,1,6,1,40,7,2993,2,7,-1,1,-1
2015320091663,2,3,0,18,0,1,5,0,0,0,1,1,6,1,29,6,-1,-1,-1,-1,1,-1
2015320091887,1,98,2,5,0,0,0,0,0,0,2,1,1,1,53,8,-1,-1,-1,-1,-1,-1
2015320091887,2,9,0,18,0,0,0,0,0,0,2,1,6,1,74,10,1686,2,11,-1,3,-1
2015320091967,1,9,0,18,0,0,0,0,1,0,1,1,6,2,55,8,1870,2,11,-1,2,-1
2015320091967,2,9,0,18,0,0,0,0,1,0,3,1,6,2,49,8,1299,1,9,-1,3,-1
2015320091967,3,9,0,18,0,0,0,0,1,0,3,1,6,1,40,7,1968,2,-1,-1,2,-1
2015320092022,1,9,0,16,0,0,2,0,1,0,1,1,6,2,19,4,1242,1,3,-1,3,-1
2015320092078,1,9,0,18,0,0,0,0,1,0,1,1,6,1,42,7,1560,2,8,-1,-1,-1
2015320092078,2,9,0,3,0,0,0,0,7,0,2,1,6,2,66,10,-1,-1,-1,-1,2,-1
2015320092078,3,9,0,18,0,0,0,0,1,0,1,1,6,2,44,7,1598,1,4,-1,-1,-1
2015320092108,1,9,0,18,0,0,5,0,1,10,1,1,6,1,34,6,-1,-1,-1,-1,2,-1
2015320092110,1,9,0,18,0,0,1,0,7,0,3,1,6,2,24,5,1398,2,5,-1,1,-1
2015320092113,1,9,0,18,0,3,1,10,7,2,3,1,6,1,17,4,1124,1,10,-1,1,-1
2015320092118,1,9,0,18,0,0,1,0,1,0,1,1,6,1,24,5,1896,2,12,-1,1,-1
2015320092118,2,9,0,2,0,0,0,0,0,0,3,1,6,3,-1,-1,1560,2,3,-1,-1,-1
2015320092118,3,9,0,2,0,0,0,0,0,0,3,1,6,3,-1,-1,1995,2,11,-1,-1,-1
2015320092118,4,9,0,2,0,0,0,0,0,0,4,1,6,3,-1,-1,1398,1,-1,-1,-1,-1
2015320092121,1,3,0,16,0,0,2,0,0,0,0,1,2,1,19,4,-1,-1,-1,-1,1,-1
2015320092138,1,9,0,9,0,1,0,0,0,0,1,2,6,1,24,5,998,1,11,-1,3,-1