Accident_Index,Vehicle_Reference,Vehicle_Type,Towing_and_Articulation,Vehicle_Manoeuvre,Vehicle_Location-Restricted_Lane,Junction_Location,Skidding_and_Overturning,Hit_Object_in_Carriageway,Vehicle_Leaving_Carriageway,Hit_Object_off_Carriageway,1st_Point_of_Impact,Was_Vehicle_Left_Hand_Drive?,Journey_Purpose_of_Driver,Sex_of_Driver,Age_of_Driver,Age_Band_of_Driver,Engine_Capacity_(CC),Propulsion_Code,Age_of_Vehicle,Driver_IMD_Decile,Driver_Home_Area_Type,Vehicle_IMD_Decile
2015320113863,1,9,0,11,0,0,0,0,0,0,4,1,2,1,27,6,998,1,2,-1,-1,-1
2015320113863,2,3,0,11,0,0,0,0,0,0,3,1,2,1,26,6,125,1,3,-1,1,-1
2015320113917,1,2,0,18,0,2,2,0,0,0,1,1,6,1,16,4,49,1,11,-1,2,-1
2015320113917,2,9,0,10,0,2,0,0,0,0,2,1,6,1,27,6,1995,2,3,-1,3,-1
2015320113947,1,2,0,18,0,0,2,12,0,0,1,1,6,2,45,7,50,1,1,-1,2,-1
2015320114085,1,9,0,4,0,4,0,0,0,0,1,1,6,1,24,5,1998,1,11,-1,3,-1
2015320114085,2,9,0,5,0,4,0,0,0,0,0,1,6,1,35,6,1560,2,6,-1,1,-1
2015320114185,1,9,0,12,0,1,0,0,0,0,4,1,6,1,-1,-1,1796,1,14,-1,-1,-1
2015320114185,2,20,0,10,0,1,0,0,0,0,3,1,6,1,48,8,-1,-1,-1,-1,1,-1
2015320114196,1,9,0,17,0,0,1,0,7,9,0,1,6,2,18,4,1390,1,4,-1,3,-1
2015320114226,1,9,0,9,0,6,0,0,0,0,2,1,1,1,55,8,1598,2,2,-1,3,-1
2015320114226,2,9,0,18,0,8,1,0,1,10,1,2,6,2,47,8,1598,1,8,-1,2,-1
2015320114325,1,9,0,18,0,2,0,0,0,0,3,1,6,1,48,8,1560,2,2,-1,-1,-1
2015320114325,2,9,0,18,0,1,0,0,0,0,4,1,6,2,21,5,-1,-1,-1,-1,-1,-1
2015320114503,1,9,0,16,0,0,5,0,1,4,1,1,1,2,23,5,2179,2,2,-1,3,-1
2015320114507,1,9,0,9,0,8,0,0,0,0,4,1,6,1,19,4,995,1,11,-1,-1,-1
2015320114507,2,9,0,18,0,8,0,0,0,0,1,1,6,2,51,8,1560,2,3,-1,1,-1
2015320114771,1,9,0,18,0,0,0,0,1,4,1,1,6,1,36,7,1396,1,10,-1,1,-1
2015320114966,1,9,0,18,0,0,0,0,0,0,2,1,6,1,-1,-1,-1,-1,-1,-1,-1,-1
2015320114966,2,3,0,18,0,0,0,0,1,0,1,1,6,1,18,4,124,1,1,-1,3,-1
2015320115090,1,21,1,18,0,0,0,0,0,0,3,1,1,1,55,8,12419,2,3,-1,3,-1
2015320115090,2,1,0,18,0,0,0,0,0,0,2,1,1,1,46,8,-1,-1,-1,-1,3,-1
2015320115306,1,22,0,5,0,0,0,10,0,0,1,1,6,1,82,11,-1,3,1,-1,1,-1
2015320115434,1,5,0,17,0,0,5,0,1,0,4,1,6,1,25,5,-1,-1,-1,-1,3,-1
2015320115460,1,9,0,18,0,0,0,0,0,0,4,1,6,1,34,6,1896,2,9,-1,3,-1
2015320115460,2,1,0,18,0,0,0,0,0,0,2,1,6,2,51,8,-1,-1,-1,-1,1,-1
2015320115603,1,9,0,18,0,0,2,7,1,1,1,1,6,2,37,7,1242,1,2,-1,-1,-1
2015320115622,1,9,0,9,0,1,0,0,0,0,4,1,1,1,28,6,-1,-1,-1,-1,2,-1
2015320115622,2,5,0,18,0,1,0,0,0,0,1,1,6,1,41,7,1050,1,3,-1,3,-1
2015320115668,1,19,0,16,0,0,1,0,0,0,1,1,1,2,49,8,1998,2,11,-1,-1,-1
2015320115668,2,21,1,18,0,0,1,0,0,0,1,1,1,1,35,6,11705,2,9,-1,1,-1
2015320115695,1,9,0,16,0,0,1,0,1,10,4,1,3,1,32,6,1598,1,11,-1,2,-1
2015320116162,1,5,0,10,0,0,0,0,0,0,4,1,6,1,29,6,996,1,16,-1,-1,-1
2015320116162,2,9,0,14,0,0,0,0,0,0,3,1,6,2,49,8,1390,1,7,-1,1,-1
2015320116163,1,9,0,18,0,2,0,0,0,0,1,1,1,2,62,9,1198,1,5,-1,1,-1
2015320116464,1,9,0,18,0,3,0,0,0,0,3,1,6,2,28,6,1796,1,7,-1,1,-1
2015320116464,2,9,0,18,0,4,0,0,0,0,1,1,6,2,20,4,1242,1,9,-1,1,-1
2015320116485,1,9,0,9,0,2,0,4,0,0,1,1,6,1,22,5,1995,1,13,-1,1,-1
2015320116485,2,19,0,2,0,2,0,0,0,0,2,1,6,1,30,6,1248,2,10,-1,1,-1
2015320116485,3,19,0,2,0,2,0,0,0,0,2,1,6,3,61,9,1461,2,10,-1,1,-1
2015320116533,1,9,0,18,9,0,0,0,0,10,1,1,6,1,20,4,1242,1,6,-1,1,-1
2015320116591,1,1,0,18,0,0,0,0,0,0,2,1,6,1,37,7,-1,-1,-1,-1,-1,-1
2015320116591,2,9,0,18,0,0,0,0,0,0,3,2,6,2,58,9,1753,2,8,-1,2,-1
2015320116701,1,9,0,14,0,1,0,0,0,0,4,1,2,2,45,7,1496,2,1,-1,-1,-1
2015320116731,1,9,0,17,0,0,0,0,1,9,1,1,6,1,18,4,-1,-1,-1,-1,1,-1
2015320116785,1,2,0,14,0,0,0,0,0,0,1,1,6,1,-1,-1,49,1,3,-1,-1,-1
2015320116793,1,9,0,18,0,0,0,0,0,0,1,1,2,1,41,7,-1,-1,-1,-1,3,-1
2015320116793,2,9,0,2,0,0,0,0,1,9,2,1,6,3,-1,-1,-1,-1,-1,-1,-1,-1
2015320116843,1,9,0,17,0,0,1,0,1,0,1,1,6,2,26,6,1149,1,11,-1,2,-1
2015320116868,1,9,0,4,0,0,0,0,0,0,0,1,1,2,54,8,-1,-1,-1,-1,1,-1
2015320116868,2,5,0,4,0,0,2,0,0,0,0,1,6,1,17,4,-1,-1,-1,-1,1,-1
2015320116871,1,9,0,9,0,5,0,0,0,0,1,1,3,2,30,6,-1,-1,-1,-1,-1,-1
2015320116871,2,9,0,18,0,8,0,0,0,0,1,1,6,2,34,6,-1,-1,-1,-1,-1,-1
2015320116872,1,9,0,18,0,0,1,0,1,9,1,1,6,2,21,5,1560,2,8,-1,-1,-1
2015320116975,1,9,0,18,0,8,2,0,0,1,1,1,6,1,48,8,1968,2,3,-1,3,-1
2015320116975,2,9,0,18,0,8,1,0,0,1,4,1,6,1,34,6,2494,1,11,-1,3,-1
2015320116992,1,9,0,18,0,0,2,0,1,4,1,1,6,1,23,5,1596,1,8,-1,3,-1
2015320117101,1,9,0,17,0,0,0,0,1,4,1,1,6,1,20,4,1360,1,11,-1,3,-1
2015320117113,1,1,0,18,9,0,0,0,0,0,1,1,6,1,22,5,-1,-1,-1,-1,1,-1
2015320117113,2,9,0,18,0,0,0,0,0,0,4,1,1,1,49,8,1560,2,3,-1,1,-1
2015320117349,1,9,0,18,0,0,0,0,0,0,3,1,6,2,20,4,1242,1,11,-1,3,-1
2015320117349,2,21,4,18,0,0,0,0,0,0,3,1,1,1,43,7,12419,2,-1,-1,1,-1
2015320117358,1,9,0,18,0,1,0,0,7,11,3,1,6,2,86,11,998,1,19,-1,3,-1
2015320117358,2,9,0,4,0,1,0,0,0,0,4,1,1,1,26,6,1910,2,6,-1,3,-1
2015320117509,1,9,0,18,0,8,0,0,0,0,1,1,1,1,23,5,-1,-1,-1,-1,1,-1
2015320117509,2,9,0,18,0,1,0,0,0,0,3,2,1,2,50,8,-1,-1,-1,-1,-1,-1
2015320117511,1,3,0,18,0,0,2,0,1,0,0,1,6,1,19,4,-1,-1,-1,-1,3,-1
2015320117526,1,9,0,18,0,0,2,0,8,9,2,1,2,2,27,6,-1,-1,-1,-1,3,-1
2015320117531,1,9,0,18,0,0,0,0,0,0,3,1,6,1,75,10,1995,1,13,-1,3,-1
2015320117531,2,21,0,18,0,0,0,0,0,0,3,1,6,1,37,7,6370,2,3,-1,1,-1
2015320117588,1,9,0,9,0,1,0,0,0,0,1,2,1,1,41,7,-1,-1,-1,-1,1,-1
2015320117588,2,9,0,18,0,1,0,0,7,0,4,2,1,1,23,5,1108,1,19,-1,1,-1
2015320117674,1,9,0,16,0,0,5,0,7,4,4,1,1,1,26,6,1597,1,14,-1,3,-1
2015320117912,1,19,0,18,0,0,0,0,0,0,2,1,6,1,-1,-1,2143,2,-1,-1,-1,-1
2015320117985,1,9,0,18,0,0,0,0,0,0,1,1,6,1,65,9,-1,-1,-1,-1,1,-1
2015320117985,2,1,0,18,0,0,0,0,0,0,2,1,6,2,21,5,-1,-1,-1,-1,1,-1
2015320118036,1,9,0,18,0,0,0,0,1,4,1,1,2,2,21,5,-1,-1,-1,-1,1,-1
2015320118059,1,21,0,17,0,0,0,0,0,0,0,1,1,1,55,8,12777,2,6,-1,-1,-1
2015320118059,2,9,0,16,2,0,1,0,1,9,4,1,6,2,50,8,1995,2,10,-1,1,-1
2015320118105,1,9,0,17,0,2,1,0,1,2,1,1,2,2,48,8,-1,-1,-1,-1,1,-1
2015320118288,1,9,0,13,0,0,0,0,0,0,3,-1,6,3,-1,-1,-1,-1,-1,-1,-1,-1
2015320118288,2,1,-1,18,0,0,0,0,1,0,4,1,6,1,24,5,-1,-1,-1,-1,2,-1
2015320118312,1,9,0,16,0,0,1,0,7,0,2,1,6,1,19,4,1229,1,9,-1,3,-1
2015320118312,2,9,0,18,0,0,0,0,0,0,3,1,6,2,54,8,2198,1,13,-1,2,-1
2015320118348,1,9,0,18,0,1,1,0,7,9,1,1,6,1,19,4,1198,1,5,-1,1,-1
2015320118368,1,9,0,9,0,8,0,0,0,0,4,1,6,1,22,5,1461,2,-1,-1,1,-1
2015320118368,2,3,0,18,0,8,0,0,0,0,1,1,6,1,17,4,124,1,-1,-1,1,-1
2015320118386,1,9,0,18,0,1,1,0,0,0,1,1,6,1,24,5,-1,-1,-1,-1,3,-1
2015320118386,2,9,0,3,0,1,0,0,0,0,2,1,6,1,22,5,1461,2,4,-1,1,-1
2015320118386,3,9,0,10,0,1,0,0,0,0,0,1,6,2,55,8,-1,-1,-1,-1,2,-1
2015320118463,1,9,0,16,0,0,1,0,1,0,1,1,1,2,40,7,-1,-1,-1,-1,-1,-1
2015320118463,2,9,0,17,0,0,1,0,1,0,1,1,1,2,40,7,1598,1,14,-1,-1,-1
2015320118463,3,9,0,17,0,0,1,0,1,0,1,1,1,1,40,7,-1,-1,-1,-1,-1,-1
2015320118463,4,9,0,17,0,0,1,0,0,0,1,1,1,1,20,4,1199,1,13,-1,-1,-1
2015320118513,1,9,0,16,0,0,0,0,0,0,1,1,6,1,67,10,698,1,11,-1,3,-1
2015320118513,2,9,0,17,0,0,0,0,0,0,1,1,6,2,46,8,1461,2,1,-1,1,-1
2015320118689,1,9,0,18,0,0,0,0,0,0,4,1,2,1,55,8,-1,-1,-1,-1,1,-1
2015320118689,2,1,0,18,0,0,0,0,0,0,3,1,6,1,50,8,-1,-1,-1,-1,-1,-1
2015320118826,1,9,0,18,0,2,0,0,0,0,3,1,6,2,25,5,-1,-1,-1,-1,1,-1
2015320118827,1,1,0,18,0,1,0,0,0,0,4,1,6,2,34,6,-1,-1,-1,-1,1,-1
2015320118827,2,9,0,9,0,6,0,0,0,0,1,2,2,2,55,8,1596,1,10,-1,1,-1
2015320118852,1,9,0,18,0,0,0,0,7,10,1,1,6,1,35,6,973,1,16,-1,1,-1
2015320118852,2,19,0,18,0,0,0,0,1,10,1,1,1,1,48,8,2298,2,4,-1,2,-1
2015320119079,1,9,0,18,0,1,0,0,0,0,2,1,6,1,73,10,1598,1,4,-1,3,-1
2015320119079,2,9,0,9,8,1,0,0,1,0,2,1,6,2,23,5,1242,1,10,-1,-1,-1
2015320119897,1,9,0,9,0,5,0,0,0,0,2,1,6,2,25,5,1597,1,9,-1,3,-1
2015320119897,2,9,0,18,0,8,0,0,0,0,1,1,6,2,58,9,1560,2,3,-1,3,-1
2015320119900,1,9,0,18,0,8,0,0,0,0,1,1,6,1,37,7,1396,1,10,-1,1,-1
2015320119900,2,9,0,18,8,1,0,0,0,0,1,1,6,2,17,4,-1,-1,-1,-1,3,-1
2015320120019,1,9,0,18,0,0,1,0,7,4,1,1,2,2,18,4,1299,1,13,-1,1,-1
2015320120285,1,9,0,17,0,0,0,0,1,9,4,1,6,2,53,8,1398,2,8,-1,3,-1
2015320120338,1,9,0,13,0,0,0,0,1,0,1,1,2,1,33,6,1998,1,9,-1,1,-1
2015320120338,2,10,0,10,0,0,0,0,0,0,2,1,3,1,67,10,-1,-1,-1,-1,3,-1
2015320120362,1,9,0,5,0,0,0,0,0,0,4,1,6,3,19,4,1229,1,10,-1,-1,-1
2015320120420,1,9,0,9,0,1,0,0,0,0,3,1,6,2,18,4,1299,1,13,-1,3,-1
2015320120420,2,9,0,18,0,2,0,0,0,0,1,1,6,1,69,10,1598,2,4,-1,2,-1
2015320120565,1,9,0,16,0,0,0,0,0,0,1,1,2,1,35,6,1968,2,6,-1,3,-1
2015320120565,2,9,0,17,0,0,0,0,1,0,1,1,6,1,67,10,1364,1,7,-1,1,-1
2015320120769,1,9,0,16,0,2,1,0,7,4,1,1,6,1,62,9,1596,1,9,-1,3,-1
2015320120942,1,9,0,4,0,0,0,0,0,0,1,1,2,2,73,10,-1,-1,-1,-1,1,-1
2015320120942,2,9,0,2,0,0,0,0,0,0,2,2,3,2,41,7,1910,2,7,-1,1,-1
2015320120989,1,9,0,14,0,0,0,0,0,0,1,1,6,1,76,11,5439,1,6,-1,1,-1
2015320120989,2,9,0,2,0,0,0,0,0,0,2,1,6,1,29,6,1798,1,11,-1,-1,-1
2015320120994,1,9,0,7,0,1,0,0,0,0,4,1,6,1,21,5,1388,1,11,-1,3,-1
2015320120994,2,9,0,18,0,1,0,0,0,0,3,1,6,1,52,8,3800,1,4,-1,3,-1
2015320121087,1,9,0,17,0,1,2,0,3,11,1,1,6,2,21,5,1560,2,3,-1,-1,-1
2015320121120,1,9,0,9,0,8,0,0,0,0,3,1,6,1,48,8,1796,1,13,-1,1,-1
2015320121120,2,3,0,16,0,8,0,0,0,0,1,1,6,1,17,4,125,1,10,-1,-1,-1
2015320121285,1,19,0,18,0,0,1,0,0,0,1,1,1,1,45,7,1968,2,1,-1,3,-1
2015320121285,2,9,0,12,0,0,0,0,0,0,2,1,2,2,30,6,-1,-1,-1,-1,2,-1
2015320121366,1,9,0,18,0,0,0,0,0,0,1,1,6,1,59,9,2179,2,8,-1,-1,-1
2015320121366,2,8,0,1,0,0,0,0,0,0,2,1,6,1,70,10,-1,-1,-1,-1,3,-1
2015320121366,3,19,0,2,0,0,0,0,0,0,2,1,6,3,-1,-1,-1,-1,-1,-1,-1,-1
2015320121366,4,19,0,2,0,0,0,0,0,0,2,1,6,3,-1,-1,1997,2,13,-1,-1,-1
2015320121414,1,19,0,9,0,0,0,0,0,0,0,1,1,1,55,8,2148,2,5,-1,-1,-1
2015320121414,2,9,0,18,0,0,1,0,7,0,2,1,6,2,77,11,1596,1,2,-1,1,-1
2015320121414,3,9,0,18,0,0,1,0,1,0,1,1,6,2,29,6,1461,2,9,-1,2,-1
2015320121414,4,8,0,18,0,0,0,0,0,1,0,1,1,1,45,7,-1,-1,-1,-1,1,-1
2015320121457,1,9,0,18,0,0,0,0,7,0,3,1,1,1,24,5,2495,2,12,-1,2,-1
2015320121457,2,9,0,18,0,0,2,0,7,0,4,1,6,2,66,10,1496,2,-1,-1,2,-1
2015320121550,1,9,0,16,0,0,2,0,0,0,1,1,6,1,37,7,2500,6,18,-1,2,-1
2015320121558,1,9,0,9,0,5,0,0,0,0,1,1,6,3,-1,-1,-1,-1,-1,-1,-1,-1
2015320121558,2,1,0,18,0,8,0,0,0,0,2,1,1,2,19,4,-1,-1,-1,-1,1,-1
2015320121580,1,9,0,18,0,8,0,0,0,0,1,1,1,1,25,5,1999,1,8,-1,1,-1
2015320121580,2,9,0,9,0,8,0,0,0,0,3,1,6,1,25,5,1998,1,2,-1,1,-1
2015320121599,1,9,0,18,0,2,0,0,0,0,4,1,6,3,-1,-1,-1,-1,-1,-1,-1,-1
2015320121915,1,3,0,18,0,0,1,0,0,0,3,1,6,2,53,8,-1,-1,-1,-1,1,-1
2015320121967,1,9,0,4,0,0,0,0,0,0,4,1,6,1,21,5,-1,-1,-1,-1,3,-1
2015320121967,2,9,0,18,0,0,0,0,1,0,3,1,6,1,30,6,1997,2,11,-1,1,-1
2015320122213,1,9,0,18,0,0,1,0,0,0,1,1,1,1,43,7,1560,2,5,-1,1,-1
2015320122213,2,8,0,18,0,0,0,0,0,0,2,1,1,1,70,10,-1,-1,-1,-1,1,-1
2015320122310,1,9,0,4,0,0,0,0,0,0,1,1,6,2,23,5,1360,1,12,-1,1,-1
2015320122310,2,8,0,4,0,0,0,0,0,0,2,1,6,1,57,9,-1,-1,-1,-1,1,-1
2015320122450,1,9,0,18,0,4,0,0,0,0,3,1,6,2,54,8,1368,1,4,-1,2,-1
2015320122450,2,9,0,18,0,3,0,0,1,4,4,1,6,1,30,6,2183,2,6,-1,1,-1
2015320122523,1,9,0,18,0,1,0,0,0,0,4,1,1,2,20,4,1896,2,5,-1,2,-1
2015320122573,1,9,0,18,0,3,1,0,0,0,1,1,6,1,59,9,2497,2,7,-1,1,-1
2015320122573,2,9,0,18,0,1,0,6,2,7,3,1,6,1,52,8,1200,1,-1,-1,1,-1
2015320122637,1,9,0,18,0,0,0,0,7,2,1,1,6,1,71,10,2496,1,13,-1,1,-1
2015320122806,1,9,0,18,0,0,0,11,0,0,1,1,6,2,26,6,1396,1,12,-1,1,-1
2015320122904,1,9,0,14,0,0,5,0,1,0,4,1,2,2,21,5,2664,2,16,-1,3,-1
2015320122904,2,98,4,18,0,0,0,0,0,0,0,1,1,1,54,8,-1,-1,-1,-1,3,-1
2015320122954,1,9,0,18,0,0,5,10,7,9,1,1,6,1,22,5,1248,2,8,-1,-1,-1
2015320123109,1,9,0,1,0,1,0,0,0,0,2,1,6,2,55,8,1799,1,19,-1,3,-1
2015320123109,2,9,0,18,0,2,0,0,0,0,0,1,6,2,30,6,1596,1,12,-1,2,-1
2015320123456,1,9,0,18,0,0,1,0,7,0,1,1,1,1,35,6,1998,1,17,-1,1,-1
2015320123469,1,9,0,17,0,2,1,0,7,11,1,1,6,2,17,4,1149,1,10,-1,3,-1
2015320123475,1,9,0,15,0,0,0,0,0,0,4,1,6,3,-1,-1,-1,-1,-1,-1,-1,-1
2015320123567,1,9,0,9,0,5,0,0,0,0,3,1,6,1,25,5,1396,1,1,-1,3,-1
2015320123567,2,9,0,13,0,1,0,0,0,0,1,1,6,1,32,6,-1,-1,-1,-1,-1,-1
2015320123569,1,19,0,5,0,3,0,0,0,0,1,1,1,2,46,8,-1,-1,-1,-1,1,-1
2015320123569,2,9,0,5,0,3,0,0,0,0,2,1,1,1,19,4,999,1,1,-1,1,-1
2015320123973,1,9,0,10,0,1,0,0,0,0,1,1,6,1,68,10,1991,2,7,-1,-1,-1
2015320123973,2,9,0,18,0,6,1,0,1,3,4,1,6,1,57,9,1997,2,6,-1,-1,-1
2015320123989,1,9,0,9,0,8,0,0,0,0,1,1,6,2,22,5,1329,1,4,-1,3,-1
2015320123989,2,19,0,18,0,8,0,0,0,0,1,1,6,1,57,9,2800,2,14,-1,3,-1
2015320123989,3,9,0,18,0,8,0,0,0,0,1,1,6,2,24,5,1399,2,6,-1,2,-1
2015320123993,1,98,0,7,0,5,0,0,0,0,4,1,1,3,-1,-1,-1,-1,-1,-1,-1,-1
2015320123993,2,1,0,18,0,2,0,0,0,0,1,1,3,1,17,4,-1,-1,-1,-1,1,-1
2015320124083,1,9,0,18,0,0,0,0,0,0,1,1,6,1,74,10,1390,1,14,-1,1,-1
2015320124083,2,9,0,3,0,0,0,0,0,0,2,1,6,1,75,10,1560,2,2,-1,3,-1
2015320124288,1,8,4,18,0,0,0,0,2,9,1,1,1,1,25,5,-1,-1,-1,-1,1,-1
2015320124328,1,20,0,5,0,8,0,0,0,0,3,1,1,1,47,8,4580,2,1,-1,1,-1
2015320124328,2,9,0,18,0,8,0,0,0,0,1,1,6,2,70,10,1761,1,17,-1,1,-1
2015320124429,1,9,0,13,0,0,1,0,7,11,1,1,6,1,22,5,-1,-1,-1,-1,1,-1
2015320124429,2,9,0,18,0,0,0,0,1,0,1,1,6,1,19,4,1197,1,-1,-1,2,-1
2015320124429,3,9,0,18,0,0,0,0,0,0,0,1,6,1,40,7,2184,2,12,-1,2,-1
2015320124492,1,9,0,2,0,0,0,4,0,0,1,1,6,1,52,8,2497,2,9,-1,1,-1
2015320124492,2,9,0,2,0,0,0,0,0,0,2,1,1,1,33,6,1997,2,5,-1,1,-1
2015320124553,1,19,0,12,0,0,0,0,0,0,1,1,1,1,43,7,2198,2,-1,-1,1,-1
2015320124553,2,9,0,18,0,0,0,0,0,0,2,1,2,1,58,9,1896,2,8,-1,-1,-1
2015320124807,1,9,0,18,0,1,0,0,0,0,1,1,6,2,20,4,1388,1,3,-1,1,-1
2015320124807,2,9,0,8,0,1,0,0,0,0,2,1,6,2,40,7,1560,2,-1,-1,1,-1
2015320124828,1,9,0,1,9,0,0,0,0,0,4,1,6,2,24,5,2000,2,10,-1,3,-1
2015320124859,1,21,1,18,0,0,0,0,0,0,1,1,1,1,57,9,16400,2,-1,-1,2,-1
2015320124859,2,17,4,18,0,0,4,0,1,9,2,1,1,1,54,8,-1,2,7,-1,3,-1
2015320124911,1,9,0,14,0,0,0,0,0,0,1,1,2,1,25,5,1995,2,1,-1,1,-1
2015320124911,2,9,0,3,0,0,0,0,0,0,3,1,2,2,41,7,1598,1,2,-1,1,-1
2015320124911,3,1,0,9,0,0,0,0,0,0,3,1,6,1,34,6,-1,-1,-1,-1,1,-1
2015320124973,1,9,0,18,0,8,0,0,1,0,1,1,6,1,37,7,1998,1,14,-1,-1,-1
2015320124973,2,9,0,18,0,8,0,0,7,0,1,1,6,1,25,5,1781,1,15,-1,1,-1
2015320125011,1,21,1,18,0,0,0,0,0,0,1,1,6,3,-1,-1,-1,-1,-1,-1,-1,-1
2015320125011,2,9,0,18,0,0,0,0,0,0,2,1,2,1,48,8,2720,2,9,-1,3,-1
2015320125049,1,9,0,18,0,1,0,0,3,0,1,1,6,1,20,4,1984,1,10,-1,1,-1
2015320125370,1,9,0,1,0,8,0,0,0,0,2,1,6,2,28,6,1560,2,7,-1,-1,-1
2015320125370,2,8,0,4,0,8,0,0,0,0,1,1,1,1,42,7,1896,2,8,-1,1,-1
2015320125441,1,5,0,16,0,0,0,0,7,0,1,1,6,1,49,8,598,1,15,-1,1,-1
2015320125441,2,9,0,17,0,0,0,0,0,0,1,1,6,2,54,8,-1,-1,-1,-1,3,-1
2015320125485,1,9,0,18,0,0,0,0,7,10,1,1,6,1,85,11,1498,1,10,-1,1,-1
2015320125485,2,9,0,18,0,0,0,0,0,0,1,1,6,1,25,5,1968,2,-1,-1,1,-1
2015320125590,1,9,0,17,0,0,2,0,7,9,1,1,6,2,26,6,-1,-1,-1,-1,1,-1
2015320125738,1,9,0,18,0,0,0,0,0,0,1,1,6,2,87,11,-1,-1,-1,-1,1,-1
2015320125738,2,9,0,18,0,0,0,0,0,0,2,1,6,2,52,8,1242,1,6,-1,3,-1
2015320125807,1,9,0,18,0,4,0,0,0,0,1,1,6,1,17,4,1360,1,12,-1,1,-1
2015320125807,2,9,0,18,0,4,0,0,0,0,1,1,6,1,50,8,3950,1,17,-1,1,-1
2015320125843,1,9,0,16,0,0,1,0,7,9,3,1,6,2,48,8,1598,1,15,-1,3,-1
2015320125857,1,9,0,3,6,6,0,0,0,0,1,1,6,2,26,6,1997,2,14,-1,1,-1
2015320126125,1,9,0,1,0,2,0,0,0,0,2,1,6,1,47,8,1598,1,10,-1,1,-1
2015320126154,1,9,0,17,0,0,2,0,1,1,1,1,2,2,54,8,1599,1,8,-1,1,-1
2015320126155,1,9,0,18,0,1,0,0,0,0,2,1,6,1,21,5,1900,2,9,-1,1,-1
2015320126155,2,19,4,18,0,1,0,0,0,0,1,1,1,1,46,8,1870,2,10,-1,1,-1
2015320126155,3,21,1,12,0,7,0,0,0,0,0,1,1,1,42,7,12777,2,5,-1,-1,-1
2015320126166,1,9,0,16,0,0,1,0,1,0,1,1,1,1,50,8,2597,1,13,-1,3,-1
2015320126166,2,21,0,17,0,0,0,0,1,3,1,1,1,1,51,8,10518,2,10,-1,1,-1
2015320126270,1,9,0,18,0,1,0,0,0,0,1,1,6,2,19,4,1598,2,-1,-1,1,-1
2015320126270,2,9,0,18,0,1,0,0,0,0,2,1,6,1,25,5,1560,2,4,-1,1,-1
2015320126281,1,9,0,2,0,0,0,0,0,0,3,1,6,1,33,6,1489,1,-1,-1,1,-1
2015320126281,2,1,0,18,0,0,0,0,0,0,3,1,6,1,38,7,-1,-1,-1,-1,-1,-1
2015320126442,1,1,0,18,9,2,0,0,0,0,1,1,6,3,-1,-1,-1,-1,-1,-1,-1,-1
2015320126502,1,9,0,18,0,0,0,0,0,0,4,1,6,3,-1,-1,-1,-1,-1,-1,-1,-1
2015320126676,1,9,0,18,0,8,0,0,0,0,4,1,6,2,77,11,1388,1,8,-1,1,-1
2015320126676,2,9,0,18,0,8,0,0,0,0,1,1,6,1,47,8,2268,2,-1,-1,1,-1
2015320126677,1,9,0,4,0,0,0,0,0,0,1,1,1,2,33,6,1600,1,13,-1,1,-1
2015320126692,1,19,0,18,9,0,0,0,0,0,2,1,1,1,55,8,-1,-1,-1,-1,-1,-1
2015320126752,1,9,0,18,0,0,1,0,7,4,1,1,6,1,66,10,1968,2,3,-1,3,-1
2015320126764,1,9,0,18,0,0,0,0,0,0,1,1,2,1,60,9,1493,2,9,-1,2,-1
2015320126764,2,9,0,18,0,0,0,0,0,0,2,1,2,1,23,5,1198,1,3,-1,1,-1
2015320126764,3,9,0,18,0,0,0,0,0,0,1,1,6,1,35,6,1796,1,13,-1,2,-1
2015320126837,1,9,0,12,0,0,0,0,0,0,2,1,1,1,27,6,1248,2,2,-1,1,-1
2015320126837,2,21,1,18,0,0,0,0,0,0,1,1,1,1,28,6,10837,2,5,-1,1,-1
2015320127014,1,98,1,18,0,0,1,0,1,4,1,1,1,1,50,8,11946,2,2,-1,1,-1
2015320127014,2,9,0,18,0,0,0,0,0,0,0,1,6,3,-1,-1,-1,-1,-1,-1,-1,-1
2015320127034,1,9,0,18,0,1,0,0,0,0,1,1,6,1,24,5,1896,2,10,-1,1,-1
2015320127034,2,9,0,9,0,5,0,0,0,0,4,1,6,2,54,8,1587,1,10,-1,1,-1
2015320127034,3,9,0,3,0,6,0,0,0,0,1,1,6,3,68,10,1596,1,12,-1,3,-1
2015320127049,1,9,0,9,0,1,0,0,0,0,1,1,6,2,18,4,-1,-1,-1,-1,3,-1
2015320127049,2,1,0,9,0,1,0,0,0,0,1,1,1,1,43,7,-1,-1,-1,-1,3,-1
2015320127062,1,9,0,18,0,8,0,0,0,0,1,1,1,1,44,7,-1,-1,-1,-1,1,-1
2015320127062,2,9,0,6,0,8,0,0,0,0,3,1,1,2,26,6,1461,2,1,-1,3,-1
2015320127062,3,9,0,18,0,8,0,11,0,0,1,1,1,2,34,6,-1,-1,-1,-1,1,-1
2015320127106,1,9,0,7,0,2,0,0,0,0,1,1,6,2,21,5,1388,1,15,-1,1,-1
2015320127133,1,9,0,18,0,0,1,0,7,4,4,1,6,1,29,6,1389,1,13,-1,3,-1