Accident_Index,Vehicle_Reference,Vehicle_Type,Towing_and_Articulation,Vehicle_Manoeuvre,Vehicle_Location-Restricted_Lane,Junction_Location,Skidding_and_Overturning,Hit_Object_in_Carriageway,Vehicle_Leaving_Carriageway,Hit_Object_off_Carriageway,1st_Point_of_Impact,Was_Vehicle_Left_Hand_Drive?,Journey_Purpose_of_Driver,Sex_of_Driver,Age_of_Driver,Age_Band_of_Driver,Engine_Capacity_(CC),Propulsion_Code,Age_of_Vehicle,Driver_IMD_Decile,Driver_Home_Area_Type,Vehicle_IMD_Decile
2015320127171,1,9,0,4,0,0,0,0,0,0,1,1,6,1,35,6,-1,-1,-1,-1,3,-1
2015320127171,2,9,0,4,0,0,0,0,0,0,2,1,6,2,26,6,1753,2,7,-1,1,-1
2015320127180,1,9,0,10,0,1,0,0,0,0,3,1,6,2,22,5,1299,1,15,-1,1,-1
2015320127180,2,9,0,18,0,1,0,0,0,0,1,1,6,2,50,8,1896,2,13,-1,1,-1
2015320127226,1,9,0,7,0,1,0,0,0,0,1,1,6,2,29,6,1398,2,6,-1,1,-1
2015320127226,2,1,0,18,0,1,0,0,0,0,3,1,6,1,52,8,-1,-1,-1,-1,1,-1
2015320127599,1,9,0,6,0,0,0,0,0,0,3,1,6,2,54,8,-1,-1,-1,-1,2,-1
2015320127599,2,3,0,18,0,0,0,0,0,0,4,1,6,2,56,9,-1,-1,-1,-1,2,-1
2015320127629,1,9,0,5,6,0,0,0,0,0,0,1,6,1,45,7,1896,2,10,-1,2,-1
2015320127714,1,9,0,9,0,2,0,0,0,0,4,1,6,1,47,8,-1,-1,-1,-1,1,-1
2015320127714,2,1,0,18,0,2,0,0,0,0,3,1,2,1,56,9,-1,-1,-1,-1,1,-1
2015320127791,1,19,0,18,0,0,0,0,0,0,1,1,6,1,48,8,1910,2,11,-1,-1,-1
2015320127791,2,2,0,18,0,0,1,0,0,0,1,1,6,1,17,4,-1,-1,-1,-1,3,-1
2015320127794,1,19,0,5,0,0,0,0,0,0,1,1,1,1,55,8,2143,2,1,-1,-1,-1
2015320127794,2,1,0,18,0,0,0,0,0,0,2,1,4,2,54,8,-1,-1,-1,-1,-1,-1
2015320127805,1,9,0,13,0,0,0,0,7,11,1,1,6,1,61,9,2400,2,3,-1,1,-1
2015320127805,2,9,0,16,0,0,0,0,7,11,1,1,6,2,34,6,1399,2,12,-1,2,-1
2015320127805,3,21,1,18,0,0,0,0,7,11,3,1,1,1,45,7,10308,2,2,-1,1,-1
2015320127817,1,9,0,18,0,0,5,0,0,9,1,1,6,2,61,9,1199,1,14,-1,3,-1
2015320127931,1,9,0,9,0,2,0,0,0,0,1,1,2,1,38,7,1560,2,6,-1,2,-1
2015320127931,2,1,4,18,0,2,0,0,0,0,1,1,6,2,43,7,-1,-1,-1,-1,2,-1
2015320128033,1,9,0,9,0,1,0,0,0,0,1,1,6,1,46,8,1686,2,2,-1,1,-1
2015320128033,2,9,0,18,0,1,0,0,0,0,1,1,6,2,52,8,1910,2,7,-1,2,-1
2015320128117,1,9,0,5,0,8,0,0,3,10,1,1,6,2,77,11,1968,2,3,-1,3,-1
2015320128117,2,9,0,18,0,1,0,0,7,0,1,1,6,2,34,6,2993,2,1,-1,3,-1
2015320128141,1,8,0,18,0,2,0,0,0,0,1,1,1,2,51,8,1997,2,2,-1,1,-1
2015320128187,1,9,0,9,0,2,0,0,0,0,4,1,6,1,78,11,1998,1,13,-1,3,-1
2015320128187,2,9,0,18,0,1,0,0,0,0,3,1,6,1,49,8,-1,-1,-1,-1,1,-1
2015320128226,1,9,0,18,0,0,0,0,0,0,1,1,6,1,69,10,1560,2,7,-1,2,-1
2015320128226,2,9,0,4,0,0,0,0,0,0,1,1,6,1,52,8,2184,2,10,-1,3,-1
2015320128227,1,9,0,17,0,0,0,0,1,3,1,1,6,1,87,11,1328,1,8,-1,3,-1
2015320128255,1,9,0,18,0,8,0,0,0,0,1,1,6,1,67,10,-1,-1,-1,-1,2,-1
2015320128255,2,9,0,18,0,8,0,0,0,0,4,1,6,2,47,8,1124,1,10,-1,2,-1
2015320128265,1,9,0,18,0,1,0,0,0,0,1,1,1,1,55,8,-1,-1,-1,-1,3,-1
2015320128310,1,9,-1,9,0,6,0,0,0,0,1,1,6,2,24,5,1242,1,-1,-1,1,-1
2015320128310,2,9,0,18,0,1,0,0,0,0,1,1,6,2,24,5,-1,-1,-1,-1,1,-1
2015320128441,1,9,0,18,0,0,1,0,7,4,1,1,1,1,34,6,1997,2,9,-1,1,-1
2015320128441,2,19,0,18,0,0,0,0,0,0,2,1,1,1,37,7,2300,2,10,-1,1,-1
2015320128494,1,9,0,17,0,0,2,0,1,10,1,1,6,1,21,5,2495,2,13,-1,1,-1
2015320128539,1,9,0,18,0,0,2,0,1,9,1,1,6,2,48,8,1360,1,12,-1,1,-1
2015320128552,1,3,0,17,0,4,5,0,0,0,3,1,6,1,19,4,124,1,-1,-1,1,-1
2015320128568,1,2,0,17,0,1,1,0,1,0,4,1,6,1,21,5,49,1,3,-1,3,-1
2015320128569,1,9,0,4,0,0,0,0,0,0,1,1,6,2,24,5,2148,2,10,-1,1,-1
2015320128569,2,9,0,5,0,0,0,0,0,0,2,1,6,2,50,8,1595,1,8,-1,2,-1
2015320129103,1,9,0,9,0,8,0,0,1,0,2,1,6,1,25,5,1798,1,8,-1,3,-1
2015320129103,2,5,0,8,0,8,0,0,0,0,1,1,6,1,43,7,750,1,18,-1,1,-1
2015320129103,3,9,0,18,0,8,0,0,0,0,1,1,6,1,30,6,3000,1,14,-1,1,-1
2015320129239,1,9,0,16,0,0,0,0,7,11,1,1,6,1,22,5,1762,1,15,-1,3,-1
2015320129327,1,19,0,18,0,1,1,0,0,0,1,1,1,1,51,8,-1,-1,-1,-1,-1,-1
2015320129327,2,9,0,18,0,1,0,0,7,0,4,1,2,1,35,6,1896,2,8,-1,2,-1
2015320129348,1,9,0,9,0,8,0,0,0,0,4,1,6,1,81,11,-1,-1,-1,-1,1,-1
2015320129348,2,3,0,4,0,1,0,0,0,0,1,1,6,2,25,5,125,1,3,-1,2,-1
2015320129480,1,9,0,16,0,0,0,0,7,9,1,1,6,1,30,6,1588,1,14,-1,3,-1
2015320129484,1,9,0,5,0,0,0,0,0,0,1,1,1,2,27,6,-1,-1,-1,-1,2,-1
2015320129484,2,9,0,18,0,0,0,0,0,0,4,1,1,2,50,8,1896,2,8,-1,3,-1
2015320129498,1,9,0,9,0,6,0,0,0,0,3,1,6,2,54,8,1398,1,-1,-1,1,-1
2015320129498,2,21,1,17,0,8,0,0,0,0,1,1,1,1,34,6,11705,2,3,-1,1,-1
2015320129596,1,9,0,18,0,0,1,0,1,10,3,1,6,2,27,6,1149,1,11,-1,1,-1
2015320129603,1,9,0,9,0,6,0,0,0,0,1,1,6,2,71,10,1318,1,-1,-1,3,-1
2015320129603,2,9,0,18,0,1,0,0,0,0,1,1,2,1,27,6,-1,-1,-1,-1,1,-1
2015320129606,1,9,0,18,0,0,0,0,0,0,1,1,6,2,40,7,1560,2,4,-1,1,-1
2015320129606,2,9,0,3,0,0,0,0,0,0,2,1,6,1,43,7,1997,2,13,-1,1,-1
2015320129635,1,9,0,16,0,0,1,0,2,0,2,1,1,1,31,6,1560,2,10,-1,1,-1
2015320129635,2,9,0,17,0,0,0,0,0,0,1,1,1,1,57,9,2401,2,10,-1,3,-1
2015320129956,1,9,0,5,0,4,0,0,0,0,1,1,6,3,-1,-1,-1,-1,-1,-1,-1,-1
2015320129956,2,1,0,5,0,8,0,0,0,0,3,1,1,1,48,8,-1,-1,-1,-1,1,-1
2015320129966,1,9,0,18,0,0,1,0,1,9,2,1,2,1,24,5,1299,1,14,-1,1,-1
2015320129966,2,19,0,18,0,0,0,0,0,0,0,1,6,3,-1,-1,-1,-1,-1,-1,-1,-1
2015320129974,1,9,0,9,0,6,0,10,0,0,3,1,2,2,22,5,1108,1,12,-1,1,-1
2015320129974,2,9,0,18,0,1,0,0,0,0,1,1,2,1,50,8,-1,-1,-1,-1,1,-1
2015320129981,1,9,0,5,0,1,0,0,0,0,2,1,6,2,53,8,1956,2,4,-1,1,-1
2015320129981,2,9,0,3,0,1,0,0,0,0,1,1,1,2,57,9,1997,2,6,-1,-1,-1
2015320130008,1,9,0,18,0,0,0,0,0,0,1,1,6,1,60,9,1587,1,12,-1,1,-1
2015320130008,2,9,0,18,0,0,0,0,7,9,1,1,6,1,25,5,1599,1,10,-1,1,-1
2015320130538,1,9,0,9,0,0,0,0,0,0,1,1,6,1,68,10,1328,1,11,-1,1,-1
2015320130538,2,9,0,16,0,0,0,0,0,0,1,1,6,1,68,10,2997,1,22,-1,1,-1
2015320130581,1,3,0,18,0,0,0,0,0,0,1,1,6,1,18,4,125,1,1,-1,3,-1
2015320130581,2,19,0,18,0,0,0,0,0,0,2,1,1,1,54,8,2402,2,3,-1,1,-1
2015320130581,3,9,0,2,0,0,0,0,0,0,0,1,1,1,48,8,1598,1,3,-1,3,-1
2015320130640,1,9,0,18,0,0,0,0,0,0,1,1,6,1,35,6,-1,-1,-1,-1,-1,-1
2015320130640,2,1,0,18,0,0,0,0,0,0,0,1,6,1,45,7,-1,-1,-1,-1,3,-1
2015320130680,1,9,0,9,0,8,0,0,0,0,1,1,6,1,22,5,1968,2,9,-1,1,-1
2015320130699,1,9,0,11,0,0,2,0,7,9,4,1,6,1,18,4,1124,1,14,-1,3,-1
2015320130924,1,9,0,9,0,8,0,0,1,0,4,1,6,1,79,11,1248,1,-1,-1,3,-1
2015320130924,2,9,0,18,0,8,1,0,1,7,1,1,6,2,32,6,1242,1,6,-1,1,-1
2015320130944,1,19,0,5,0,8,0,0,0,0,1,1,1,1,45,7,1870,2,9,-1,2,-1
2015320130944,2,9,0,5,0,8,0,0,1,0,3,1,6,2,77,11,2199,2,3,-1,3,-1
2015320131133,1,9,0,9,0,5,0,0,0,0,4,1,6,2,25,5,-1,-1,-1,-1,-1,-1
2015320131133,2,9,0,18,0,1,0,0,0,0,1,1,6,1,24,5,1896,2,8,-1,-1,-1
2015320131160,1,9,0,18,0,8,0,0,0,0,1,1,6,1,40,7,2183,2,3,-1,1,-1
2015320131160,2,1,0,5,0,8,0,0,0,0,3,1,6,2,19,4,-1,-1,-1,-1,3,-1
2015320131223,1,9,0,17,0,0,1,0,1,4,1,1,1,1,19,4,-1,-1,-1,-1,3,-1
2015320131231,1,9,0,18,0,8,0,0,0,0,1,1,6,2,64,9,998,1,4,-1,-1,-1
2015320131284,1,21,1,13,0,0,0,0,0,0,0,1,6,3,-1,-1,-1,-1,-1,-1,-1,-1
2015320131284,2,21,1,18,0,0,0,0,1,9,0,1,1,1,45,7,-1,-1,-1,-1,-1,-1
2015320131378,1,9,0,4,0,0,0,0,0,0,1,1,2,1,56,9,-1,-1,-1,-1,3,-1
2015320131587,1,9,0,18,0,0,0,0,0,0,1,1,6,2,53,8,1493,2,5,-1,2,-1
2015320131599,1,9,0,7,0,1,0,0,0,0,1,1,3,2,31,6,1324,1,13,-1,1,-1
2015320131599,2,9,0,18,0,1,0,0,1,4,3,1,6,1,39,7,1461,2,7,-1,1,-1
2015320131606,1,9,0,18,0,0,0,0,0,0,1,1,6,3,-1,-1,-1,-1,-1,-1,-1,-1
2015320131790,1,9,0,3,0,0,0,0,0,0,2,1,6,1,23,5,1598,1,2,-1,3,-1
2015320131790,2,9,0,18,0,0,0,0,0,0,1,1,6,3,-1,-1,-1,-1,-1,-1,-1,-1
2015320131861,1,9,0,17,0,0,0,0,0,0,3,1,2,2,49,8,-1,-1,-1,-1,3,-1
2015320131861,2,9,0,16,0,0,0,0,0,0,3,1,6,2,50,8,1598,1,9,-1,1,-1
2015320131866,1,9,0,18,0,1,2,0,1,0,1,1,2,2,37,7,1360,1,8,-1,1,-1
2015320131866,2,9,0,18,0,1,1,0,0,0,2,1,2,1,27,6,1199,1,12,-1,1,-1
2015320132052,1,9,0,9,0,7,0,0,0,0,0,1,2,2,28,6,1360,1,12,-1,3,-1
2015320132052,2,9,0,18,0,1,5,10,7,9,4,1,6,1,75,10,1896,2,13,-1,3,-1
2015320132104,1,9,0,15,0,8,5,4,0,0,1,1,2,1,19,4,1149,1,13,-1,1,-1
2015320132104,2,9,0,9,0,8,0,0,0,0,4,1,6,1,76,11,1598,1,17,-1,3,-1
2015320132104,3,9,0,2,0,8,0,0,0,0,2,1,6,3,-1,-1,1997,2,6,-1,-1,-1
2015320132104,4,9,0,2,0,8,0,0,0,0,2,1,6,3,-1,-1,1988,1,14,-1,-1,-1
2015320132213,1,9,0,16,0,0,0,0,0,0,1,1,6,1,33,6,1968,2,1,-1,3,-1
2015320132213,2,9,0,17,0,0,0,0,0,0,3,1,6,2,22,5,1242,1,5,-1,1,-1
2015320132213,3,9,0,17,0,0,0,0,1,0,1,1,6,1,19,4,999,1,-1,-1,1,-1
2015320132279,1,8,0,18,0,0,0,0,0,0,1,1,1,1,30,6,1968,2,8,-1,1,-1
2015320132529,1,9,0,7,0,2,0,0,0,0,1,1,6,1,69,10,1797,8,1,-1,2,-1
2015320132569,1,9,0,18,0,0,0,0,0,0,1,1,6,1,69,10,1731,1,18,-1,1,-1
2015320132569,2,9,0,18,0,0,0,0,0,0,2,1,6,2,29,6,1799,1,9,-1,2,-1
2015320132569,3,9,0,18,0,0,0,0,0,0,1,1,6,3,80,11,1248,2,4,-1,-1,-1
2015320132569,4,9,0,18,0,0,0,0,0,0,2,1,6,3,60,9,1398,1,2,-1,-1,-1
2015320132569,5,9,0,18,0,0,0,0,0,0,2,1,6,1,25,5,1596,1,3,-1,-1,-1
2015320132584,1,9,0,2,0,0,0,0,0,0,2,1,6,1,36,7,1598,1,4,-1,1,-1
2015320132584,2,9,0,18,0,0,0,8,0,0,1,1,6,3,-1,-1,-1,-1,-1,-1,-1,-1
2015320132805,1,9,0,3,0,1,0,0,0,1,3,1,6,1,38,7,1396,1,13,-1,1,-1
2015320132872,1,9,0,18,0,0,1,0,1,4,3,1,6,1,57,9,1360,1,10,-1,3,-1
2015320133034,1,9,0,18,0,1,0,0,0,0,1,1,6,1,19,4,1390,1,11,-1,1,-1
2015320133034,2,9,0,4,0,1,0,0,0,0,2,1,6,2,37,7,1598,1,7,-1,1,-1
2015320133211,1,9,0,18,0,0,2,0,0,0,1,1,6,2,30,6,-1,-1,-1,-1,3,-1
2015320133241,1,9,0,18,0,0,0,0,7,0,1,1,6,2,30,6,1995,2,10,-1,2,-1
2015320133241,2,9,0,18,0,0,0,0,0,0,2,1,6,1,69,10,1560,2,9,-1,3,-1
2015320133241,3,9,0,18,0,0,0,0,1,0,1,1,6,1,53,8,1124,1,14,-1,2,-1
2015320133717,1,3,0,18,0,0,2,0,0,0,4,1,6,1,18,4,124,1,1,-1,3,-1
2015320133762,1,9,0,18,0,0,0,0,0,0,4,1,6,1,67,10,1560,2,5,-1,1,-1
2015320133783,1,9,0,5,0,8,0,0,0,0,1,1,6,1,61,9,1998,1,6,-1,2,-1
2015320133848,1,9,0,1,0,0,0,0,0,0,0,1,1,1,56,9,2171,2,14,-1,-1,-1
2015320134010,1,9,0,14,0,1,0,0,0,0,1,1,6,2,45,7,1560,2,4,-1,2,-1
2015320134079,1,9,0,2,0,0,0,0,0,0,3,1,6,1,-1,-1,1242,1,12,-1,1,-1
2015320134079,2,1,0,18,0,0,0,8,0,0,1,1,6,2,21,5,-1,-1,-1,-1,1,-1
2015320134109,1,9,0,7,0,8,0,0,0,0,1,1,6,1,19,4,973,1,15,-1,1,-1
2015320134109,2,9,0,18,0,8,0,0,0,0,1,1,6,2,32,6,-1,-1,-1,-1,-1,-1
2015320134218,1,9,0,18,0,0,1,0,1,0,1,1,6,1,40,7,-1,-1,-1,-1,1,-1
2015320134218,2,9,0,18,0,0,1,0,7,0,1,1,6,1,69,10,-1,-1,-1,-1,3,-1
2015320134283,1,9,0,18,0,8,0,0,0,0,1,1,6,1,58,9,3222,2,10,-1,3,-1
2015320134283,2,9,0,10,0,1,0,0,0,0,2,1,6,2,40,7,1086,1,10,-1,1,-1
2015320134409,1,19,0,1,0,0,0,0,0,0,2,1,6,1,34,6,1998,2,12,-1,-1,-1
2015320134409,2,1,0,18,0,0,0,0,0,0,0,1,6,2,47,8,-1,-1,-1,-1,1,-1
2015320134435,1,9,0,18,0,0,0,0,1,1,3,1,6,1,25,5,1560,2,3,-1,-1,-1
2015320134681,1,9,0,7,0,7,1,0,0,0,1,1,1,1,30,6,1242,1,13,-1,1,-1
2015320134681,2,9,0,3,0,2,0,0,0,0,3,1,1,2,39,7,1968,2,7,-1,2,-1
2015320134704,1,9,0,16,0,0,5,0,0,0,1,1,2,1,42,7,1364,1,5,-1,1,-1
2015320134705,1,1,0,18,0,8,0,0,0,0,1,1,6,1,24,5,-1,-1,-1,-1,1,-1
2015320134705,2,9,0,18,0,8,0,0,0,0,3,1,6,2,35,6,1896,2,6,-1,1,-1
2015320134750,1,9,0,9,0,6,0,0,1,0,1,1,6,2,46,8,-1,-1,-1,-1,1,-1
2015320134750,2,9,0,18,0,8,0,0,7,0,1,1,6,2,31,6,1496,2,-1,-1,1,-1
2015320134778,1,2,0,4,0,1,0,0,0,0,1,1,6,1,17,4,124,1,11,-1,1,-1
2015320134778,2,2,0,4,0,1,0,0,0,0,2,1,3,1,16,4,49,1,-1,-1,-1,-1
2015320135036,1,1,0,18,0,1,0,11,0,0,1,1,2,1,83,11,-1,-1,-1,-1,1,-1
2015320135136,1,9,0,18,0,0,0,0,0,0,1,1,6,1,78,11,1199,1,11,-1,3,-1
2015320135136,2,9,0,2,0,0,0,0,0,0,1,1,6,3,-1,-1,1596,1,10,-1,1,-1
2015320135153,1,9,0,18,0,2,0,0,0,0,1,1,6,2,40,7,1968,2,5,-1,1,-1
2015320135153,2,9,0,18,0,2,0,0,0,0,2,1,6,2,51,8,1390,2,10,-1,2,-1
2015320135153,3,9,0,18,0,2,0,0,0,0,2,1,6,1,71,10,1461,2,9,-1,3,-1
2015320135153,4,9,0,18,0,2,0,0,0,0,2,1,6,2,41,7,-1,-1,-1,-1,1,-1
2015320135211,1,9,0,10,0,1,0,0,0,0,2,1,6,1,18,4,-1,-1,-1,-1,-1,-1
2015320135211,2,9,0,18,0,1,0,0,0,0,1,1,6,1,89,11,1242,1,13,-1,-1,-1
2015320135258,1,9,0,9,0,2,0,0,0,0,1,1,6,1,68,10,-1,-1,-1,-1,1,-1
2015320135258,2,2,0,18,0,2,0,0,0,0,1,1,6,2,18,4,49,1,1,-1,1,-1
2015320135292,1,19,0,6,0,0,0,0,0,0,3,1,6,1,29,6,2198,2,6,-1,2,-1
2015320135292,2,9,0,18,0,0,0,0,0,0,1,1,1,1,35,6,998,1,16,-1,-1,-1
2015320135318,1,9,0,7,8,6,0,0,0,0,1,1,6,1,-1,-1,-1,-1,-1,-1,-1,-1
2015320135421,1,9,0,17,0,0,1,0,7,9,1,1,6,1,18,4,1598,1,13,-1,3,-1
2015320135619,1,19,0,16,0,1,1,0,7,1,1,1,1,1,36,7,2461,2,9,-1,1,-1
2015320135672,1,9,0,18,0,0,0,0,1,3,3,1,2,1,20,4,1388,1,11,-1,3,-1
2015320135728,1,1,0,18,0,1,0,0,0,0,2,1,6,1,38,7,-1,-1,-1,-1,1,-1
2015320135728,2,9,0,18,0,1,0,0,0,0,1,1,6,3,-1,-1,-1,-1,-1,-1,-1,-1
2015320135849,1,9,0,18,0,0,1,0,7,0,1,1,6,2,52,8,2184,2,11,-1,1,-1
2015320135849,2,21,1,18,0,0,0,0,0,0,1,1,1,1,46,8,-1,-1,-1,-1,1,-1
2015320135849,3,9,0,4,0,0,0,0,0,0,2,1,6,2,31,6,1995,1,12,-1,3,-1
2015320135849,4,9,0,4,0,0,0,0,0,0,1,1,6,1,32,6,-1,-1,-1,-1,1,-1
2015320135850,1,9,0,18,0,0,0,0,0,0,3,1,6,2,40,7,1870,2,12,-1,1,-1
2015320135850,2,9,0,18,0,0,0,0,0,0,1,1,6,3,-1,-1,-1,-1,-1,-1,-1,-1
2015320135979,1,9,0,18,0,0,0,0,7,9,0,1,6,2,75,10,1398,1,3,-1,3,-1
2015320136014,1,9,0,18,0,0,1,0,1,10,4,1,6,2,58,9,1248,2,8,-1,1,-1
2015320136160,1,9,0,18,0,1,0,0,0,0,1,1,6,2,45,7,1360,1,13,-1,1,-1
2015320136160,2,9,0,4,0,1,0,0,0,0,2,1,6,1,25,5,1753,2,6,-1,3,-1
2015320136170,1,1,0,18,0,0,0,0,0,0,2,1,1,2,20,4,-1,-1,-1,-1,1,-1
2015320136170,2,19,0,18,0,0,0,0,0,0,4,1,6,3,-1,-1,-1,-1,-1,-1,-1,-1
2015320136330,1,9,0,7,0,1,5,10,2,0,1,1,1,1,58,9,1560,2,8,-1,1,-1
2015320136432,1,9,0,9,0,8,0,0,0,0,1,1,6,1,70,10,1598,1,3,-1,1,-1
2015320136432,2,1,0,10,0,1,0,0,0,0,4,1,6,2,38,7,-1,-1,-1,-1,1,-1
2015320136627,1,9,0,16,0,1,0,0,1,0,3,1,6,1,44,7,-1,-1,-1,-1,3,-1
2015320136843,1,9,0,8,0,1,0,0,0,0,1,1,2,2,41,7,1598,1,8,-1,1,-1
2015320136843,2,9,0,8,0,1,0,0,0,0,2,1,6,1,74,10,1598,1,8,-1,2,-1
2015320136939,1,9,0,18,0,0,0,0,2,7,1,1,6,1,49,8,-1,-1,-1,-1,2,-1
2015320136939,2,9,0,18,0,0,0,0,0,0,4,1,6,1,50,8,-1,-1,-1,-1,3,-1
2015320137189,1,9,0,9,0,8,1,0,3,0,4,1,6,2,79,11,1242,1,6,-1,2,-1
2015320137189,2,9,0,18,0,1,1,7,7,7,1,1,6,1,80,11,1587,1,12,-1,2,-1
2015320137250,1,9,0,9,0,1,0,0,0,0,1,1,6,2,38,7,1896,2,12,-1,3,-1
2015320137250,2,9,0,18,0,1,0,0,0,0,1,1,6,1,53,8,1796,1,4,-1,1,-1
2015320137300,1,9,0,17,0,0,0,0,0,0,0,1,6,3,-1,-1,-1,-1,-1,-1,-1,-1
2015320137300,2,2,0,16,0,0,0,0,1,0,0,1,6,1,26,6,124,1,5,-1,1,-1
2015320137310,1,1,0,5,9,0,0,0,0,0,1,1,6,1,44,7,-1,-1,-1,-1,1,-1
2015320137552,1,3,0,4,0,0,1,0,0,0,4,1,2,1,20,4,102,1,11,-1,1,-1
2015320137614,1,9,0,18,0,0,0,0,0,0,1,1,6,1,60,9,1997,2,2,-1,-1,-1
2015320137614,2,9,0,4,0,0,0,0,0,0,2,1,6,2,22,5,996,1,3,-1,3,-1
2015320137766,1,9,0,9,4,0,0,0,0,0,4,1,6,2,38,7,-1,-1,-1,-1,1,-1
2015320137766,2,1,0,18,4,0,0,0,0,0,1,1,6,1,18,4,-1,-1,-1,-1,1,-1
2015320137859,1,19,0,18,0,0,0,0,0,0,4,1,6,3,-1,-1,1598,2,-1,-1,-1,-1
2015320138076,1,8,0,5,8,0,0,0,0,0,1,1,1,1,45,7,1685,2,1,-1,-1,-1
2015320138135,1,9,0,18,0,4,5,0,7,10,1,1,6,1,69,10,1197,1,-1,-1,3,-1
2015320138135,2,9,0,10,0,4,0,0,0,0,2,1,1,2,56,9,1242,1,-1,-1,2,-1
2015320138269,1,9,0,18,0,0,0,4,0,0,1,1,6,2,41,7,1560,2,4,-1,2,-1
2015320138269,2,9,0,2,6,0,0,0,1,9,1,1,6,1,63,9,1587,1,10,-1,3,-1
2015320138269,3,9,0,2,6,0,0,0,0,0,2,1,6,3,-1,-1,1896,2,16,-1,-1,-1
2015320138325,1,9,0,5,0,8,0,0,1,0,1,1,1,1,60,9,-1,-1,-1,-1,1,-1
2015320138325,2,9,0,18,0,8,0,0,2,0,1,1,1,1,40,7,1596,1,12,-1,1,-1
2015320138359,1,21,1,17,0,8,0,0,0,0,0,1,6,-1,-1,-1,-1,-1,-1,-1,-1,-1
2015320138359,2,9,0,16,0,8,0,0,1,0,0,1,2,2,24,5,1124,1,14,-1,1,-1
2015320138778,1,9,0,13,0,0,1,0,1,0,1,1,1,2,41,7,1398,1,1,-1,1,-1
2015320138778,2,9,0,18,0,0,0,0,1,0,1,1,1,2,53,8,1997,2,10,-1,3,-1
2015320138796,1,11,0,18,0,0,0,0,0,0,0,1,1,1,35,6,4500,2,3,-1,1,-1
2015320138964,1,9,0,18,0,0,1,0,1,9,1,1,6,2,67,10,-1,-1,-1,-1,-1,-1
2015320139262,1,1,0,18,0,0,0,0,0,0,3,1,2,1,44,7,-1,-1,-1,-1,3,-1
2015320139262,2,9,0,18,0,0,0,0,0,0,4,1,6,1,70,10,1968,2,3,-1,3,-1
2015320139352,1,5,0,18,0,0,2,0,0,0,4,1,6,1,27,6,599,1,18,-1,1,-1
2015320139352,2,9,0,5,0,0,0,0,0,0,0,1,6,1,57,9,2987,2,-1,-1,3,-1
2015320139365,1,9,0,18,0,4,0,0,0,0,1,2,1,1,46,8,1997,2,-1,-1,2,-1
2015320139365,2,1,0,18,0,3,0,0,0,0,4,1,6,1,70,10,-1,-1,-1,-1,3,-1
2015320139371,1,9,0,5,0,2,0,0,0,0,1,1,6,2,-1,-1,1364,1,9,-1,-1,-1
2015320139371,2,1,0,18,0,8,0,0,0,0,4,1,6,2,40,7,-1,-1,-1,-1,1,-1
2015320139376,1,9,0,18,0,0,2,11,1,4,1,1,6,2,21,5,1598,1,10,-1,3,-1
2015320139376,2,9,0,18,0,0,1,0,0,0,3,1,6,1,58,9,998,1,-1,-1,3,-1
2015320139659,1,9,0,18,0,0,2,12,1,10,1,1,6,2,55,8,1598,2,2,-1,-1,-1
2015320139691,1,3,0,18,0,0,0,0,0,0,4,1,1,2,24,5,108,1,-1,-1,1,-1
2015320139815,1,9,0,16,0,0,5,0,7,10,3,1,6,1,21,5,2521,1,9,-1,-1,-1
2015320139908,1,9,0,18,0,0,0,0,1,1,1,1,2,2,36,7,1870,2,12,-1,1,-1
2015320140025,1,9,0,5,0,2,0,0,0,0,4,1,6,2,60,9,1397,1,5,-1,3,-1
2015320140025,2,1,0,18,0,1,0,0,0,0,1,1,6,1,13,3,-1,-1,-1,-1,3,-1
2015320140073,1,9,0,5,0,1,0,0,0,0,4,1,6,1,79,11,-1,-1,-1,-1,3,-1
2015320140073,2,1,0,18,0,1,0,0,0,0,1,1,6,1,53,8,-1,-1,-1,-1,2,-1
2015320140160,1,9,0,16,0,0,2,10,1,1,1,1,6,1,19,4,1390,1,4,-1,1,-1
2015320140171,1,20,0,18,8,0,0,0,0,0,2,1,1,1,51,8,2998,2,1,-1,1,-1
2015320140171,2,21,1,18,0,0,0,0,0,0,1,1,1,1,20,4,15607,2,8,-1,2,-1
2015320140440,1,9,0,18,0,8,5,0,7,10,1,1,1,2,57,9,1995,2,-1,-1,-1,-1
2015320140463,1,20,0,3,0,1,1,0,1,3,1,1,1,1,28,6,-1,-1,-1,-1,-1,-1
2015320140505,1,9,0,7,0,2,0,10,0,7,1,1,6,1,80,11,-1,-1,-1,-1,2,-1
2015320140568,1,9,0,9,0,8,0,0,0,0,1,1,6,1,75,10,1598,1,8,-1,3,-1
2015320140641,1,9,0,13,0,0,2,0,1,9,3,1,2,2,56,9,1998,1,10,-1,1,-1
2015320140742,1,9,0,18,0,0,0,0,0,0,1,1,6,2,67,10,1587,1,15,-1,1,-1
2015320140763,1,9,0,18,0,1,0,0,0,0,1,1,6,2,25,5,-1,-1,-1,-1,2,-1
2015320140763,2,10,0,18,0,5,0,0,0,0,2,1,1,1,32,6,-1,-1,-1,-1,2,-1