Accident_Index,Vehicle_Reference,Vehicle_Type,Towing_and_Articulation,Vehicle_Manoeuvre,Vehicle_Location-Restricted_Lane,Junction_Location,Skidding_and_Overturning,Hit_Object_in_Carriageway,Vehicle_Leaving_Carriageway,Hit_Object_off_Carriageway,1st_Point_of_Impact,Was_Vehicle_Left_Hand_Drive?,Journey_Purpose_of_Driver,Sex_of_Driver,Age_of_Driver,Age_Band_of_Driver,Engine_Capacity_(CC),Propulsion_Code,Age_of_Vehicle,Driver_IMD_Decile,Driver_Home_Area_Type,Vehicle_IMD_Decile
2015331500531,2,9,0,7,0,5,0,0,0,0,1,1,6,1,55,8,2199,2,3,-1,2,-1
2015331500532,1,9,0,17,0,0,0,0,1,2,1,1,2,1,27,6,1388,1,11,-1,1,-1
2015331500533,1,9,0,18,0,0,0,0,1,0,1,1,6,1,21,5,1587,1,12,-1,-1,-1
2015331500533,2,19,0,18,0,0,0,0,7,1,1,1,1,1,20,4,-1,-1,-1,-1,1,-1
2015331500534,1,5,0,16,0,0,0,0,7,10,0,1,6,1,38,7,599,1,11,-1,1,-1
2015331500534,2,9,0,17,0,0,0,0,0,0,1,1,6,2,62,9,1397,1,13,-1,3,-1
2015331500537,1,9,0,18,0,0,0,0,0,0,3,1,6,1,75,10,1397,1,5,-1,-1,-1
2015331500537,2,9,0,3,0,0,0,0,0,0,0,1,6,3,-1,-1,-1,-1,-1,-1,-1,-1
2015331500538,1,9,0,12,0,7,0,0,0,0,1,1,1,2,47,8,1998,1,10,-1,1,-1
2015331500538,2,9,0,3,0,8,0,0,0,0,2,1,1,2,45,7,1595,1,11,-1,1,-1
2015331500539,1,8,0,18,0,2,0,0,0,0,1,1,1,1,38,7,1997,2,4,-1,1,-1
2015331500539,2,9,0,18,0,1,1,0,0,0,1,1,6,3,-1,-1,1895,1,16,-1,-1,-1
2015331500540,1,9,0,5,0,6,0,0,0,0,3,1,6,2,52,8,-1,-1,-1,-1,1,-1
2015331500540,2,1,0,18,0,8,0,0,0,0,1,1,6,1,37,7,-1,-1,-1,-1,1,-1
2015331500541,1,9,0,9,0,5,0,0,0,0,4,1,6,1,37,7,1997,2,10,-1,-1,-1
2015331500541,2,3,0,18,0,8,0,0,0,0,1,1,6,1,20,4,124,1,2,-1,2,-1
2015331500542,1,9,0,17,0,0,0,0,0,0,1,1,6,1,48,8,1461,2,1,-1,1,-1
2015331500542,2,5,0,16,0,0,0,0,0,0,1,1,6,1,27,6,599,1,13,-1,1,-1
2015331500543,1,1,0,18,0,0,0,0,0,0,3,1,6,1,50,8,-1,-1,-1,-1,1,-1
2015331500543,2,9,0,13,0,0,0,0,0,0,4,1,1,3,-1,-1,-1,-1,-1,-1,-1,-1
2015331500544,1,9,0,18,0,8,0,0,0,0,1,1,6,2,34,6,1896,2,14,-1,2,-1
2015331500544,2,9,0,10,0,8,0,0,0,0,2,1,6,2,33,6,-1,-1,-1,-1,2,-1
2015331500545,1,9,0,3,0,0,0,0,0,0,2,1,1,2,34,6,-1,-1,-1,-1,1,-1
2015331500545,2,8,0,3,0,0,0,0,0,0,2,1,1,1,37,7,-1,-1,-1,-1,1,-1
2015331500545,3,8,0,3,0,0,0,0,0,0,2,1,1,1,31,6,-1,-1,-1,-1,1,-1
2015331500545,4,9,0,18,0,0,0,0,0,0,1,1,1,2,52,8,2199,2,1,-1,1,-1
2015331500546,1,19,0,3,0,1,0,0,0,0,1,1,1,1,43,7,2402,2,5,-1,1,-1
2015331500546,2,3,0,17,0,2,1,0,0,0,2,1,6,1,25,5,-1,-1,-1,-1,-1,-1
2015331500547,1,9,0,18,0,2,0,0,0,0,1,1,6,2,40,7,1896,2,15,-1,-1,-1
2015331500547,2,19,0,3,0,2,0,0,0,0,2,1,6,1,42,7,1995,2,4,-1,-1,-1
2015331500548,1,11,0,18,0,0,0,0,0,0,1,1,1,1,51,8,9200,2,13,-1,1,-1
2015331500549,1,9,0,4,0,0,0,0,0,0,1,1,6,2,19,4,1590,1,11,-1,1,-1
2015331500549,2,11,0,3,0,0,0,0,0,0,0,1,1,3,-1,-1,-1,-1,-1,-1,-1,-1
2015331500550,1,9,0,9,0,8,0,0,0,0,4,1,6,2,33,6,2171,1,13,-1,1,-1
2015331500550,2,9,0,18,0,3,0,0,0,0,1,1,6,1,32,6,1388,1,10,-1,1,-1
2015331500551,1,9,0,18,0,8,0,0,0,0,4,1,6,2,40,7,1396,1,22,-1,1,-1
2015331500551,2,9,0,7,0,5,0,0,0,0,1,1,6,2,79,11,1598,1,7,-1,1,-1
2015331500552,1,3,0,7,0,5,0,0,0,0,4,1,6,1,20,4,125,1,4,-1,1,-1
2015331500552,2,9,0,7,0,5,0,0,0,0,3,1,6,1,-1,-1,1956,2,5,-1,1,-1
2015331500553,1,9,0,3,0,8,0,0,0,0,2,1,6,2,18,4,998,1,10,-1,1,-1
2015331500553,2,9,0,18,0,8,0,0,0,0,1,1,6,2,40,7,-1,-1,-1,-1,-1,-1
2015331500553,3,9,0,18,0,4,0,0,0,0,0,1,6,3,-1,-1,-1,-1,-1,-1,-1,-1
2015331500554,1,1,0,18,0,8,0,0,0,0,3,1,6,1,28,6,-1,-1,-1,-1,1,-1
2015331500554,2,9,0,9,0,6,0,0,1,0,4,1,6,3,-1,-1,-1,-1,-1,-1,-1,-1
2015331500555,1,9,0,18,0,1,0,0,0,0,1,1,1,1,70,10,1796,7,7,-1,1,-1
2015331500555,2,22,0,18,0,1,0,0,0,0,1,1,6,1,85,11,-1,-1,-1,-1,1,-1
2015331500556,1,9,0,9,0,4,0,0,0,0,3,1,6,1,50,8,2495,2,18,-1,1,-1
2015331500556,2,9,0,18,0,8,0,0,0,0,1,1,6,1,-1,-1,-1,-1,-1,-1,-1,-1
2015331500558,1,9,0,18,0,8,0,0,0,0,1,1,6,1,-1,-1,-1,-1,-1,-1,-1,-1
2015331500558,2,1,0,18,0,8,0,0,0,0,1,1,6,1,37,7,-1,-1,-1,-1,1,-1
2015331500559,1,19,0,3,0,8,0,0,0,0,1,1,1,1,50,8,1870,2,13,-1,1,-1
2015331500560,1,9,0,18,0,8,0,0,0,0,1,1,6,1,25,5,-1,-1,-1,-1,-1,-1
2015331500560,2,9,0,3,0,8,0,0,0,0,2,1,6,1,58,9,1598,1,9,-1,1,-1
2015331500560,3,9,0,3,0,8,0,0,0,0,2,1,6,2,50,8,1299,1,14,-1,-1,-1
2015331500561,1,1,0,17,0,8,1,0,0,0,1,1,2,1,42,7,-1,-1,-1,-1,1,-1
2015331500561,2,9,0,9,0,6,0,0,0,0,1,1,6,1,64,9,1598,1,10,-1,1,-1
2015331500562,1,5,0,4,0,1,1,0,0,0,1,1,6,1,-1,-1,599,1,7,-1,-1,-1
2015331500562,2,21,0,4,0,1,0,0,0,0,2,1,6,1,59,9,-1,-1,-1,-1,-1,-1
2015331500562,3,9,0,18,0,1,0,0,0,0,2,1,6,2,-1,-1,1198,1,4,-1,1,-1
2015331500563,1,9,0,9,0,4,0,0,0,0,1,1,6,1,56,9,-1,-1,-1,-1,1,-1
2015331500563,2,1,0,18,0,8,0,0,0,0,4,1,6,1,53,8,-1,-1,-1,-1,1,-1
2015331500564,1,9,0,14,0,0,0,0,0,0,4,1,6,2,40,7,1364,1,1,-1,1,-1
2015331500565,1,9,0,9,0,6,0,0,0,0,3,1,3,1,27,6,1781,1,18,-1,1,-1
2015331500565,2,5,0,18,0,8,0,0,0,0,1,1,1,1,20,4,600,1,13,-1,2,-1
2015331500566,1,9,0,11,0,1,0,0,0,0,2,1,6,1,17,4,-1,-1,-1,-1,1,-1
2015331500566,2,8,0,4,0,1,0,0,0,0,1,1,6,1,40,7,1997,2,4,-1,-1,-1
2015331500567,1,9,0,18,0,1,0,0,0,0,1,1,6,2,24,5,1229,1,8,-1,1,-1
2015331500568,1,9,0,6,0,0,0,0,0,0,3,1,6,1,35,6,1360,1,7,-1,1,-1
2015331500568,2,5,0,13,0,0,1,0,0,0,1,1,6,1,56,9,1050,1,8,-1,2,-1
2015331500569,1,9,0,9,0,5,0,0,0,0,4,1,6,2,51,8,1242,1,6,-1,-1,-1
2015331500569,2,1,0,15,0,8,0,0,0,0,3,1,6,2,17,4,-1,-1,-1,-1,2,-1
2015331500570,1,9,0,7,0,6,0,0,0,0,1,1,2,2,22,5,1910,2,9,-1,2,-1
2015331500570,2,9,0,14,0,8,0,0,0,0,1,1,6,1,19,4,1596,1,10,-1,-1,-1
2015331500570,3,9,0,3,0,1,0,0,0,0,0,1,6,3,-1,-1,-1,-1,-1,-1,-1,-1
2015331500571,1,3,0,18,0,8,0,0,0,0,1,1,6,1,22,5,125,1,1,-1,1,-1
2015331500571,2,9,0,9,0,6,0,0,0,0,4,1,6,2,65,9,998,1,6,-1,1,-1
2015331500571,3,9,0,18,0,1,0,0,0,0,0,1,6,3,-1,-1,-1,-1,-1,-1,-1,-1
2015331500572,1,9,0,4,0,8,1,0,1,0,1,1,6,1,24,5,1198,1,4,-1,1,-1
2015331500572,2,9,0,5,0,6,1,0,1,0,3,1,6,2,37,7,1499,1,-1,-1,-1,-1
2015331500573,1,3,0,18,0,8,0,0,0,0,1,1,2,1,25,5,124,1,5,-1,1,-1
2015331500573,2,9,0,9,0,5,0,0,0,0,1,1,2,1,40,7,1598,1,14,-1,1,-1
2015331500574,1,9,0,4,0,0,0,0,0,0,2,1,2,2,40,7,-1,-1,-1,-1,1,-1
2015331500574,2,9,0,18,0,0,0,0,0,0,1,1,6,1,68,10,-1,-1,-1,-1,1,-1
2015331500575,1,9,0,7,0,4,0,0,0,0,1,1,1,1,30,6,1968,2,2,-1,1,-1
2015331500575,2,1,0,9,0,8,0,0,0,0,2,1,6,1,40,7,-1,-1,-1,-1,1,-1
2015331500576,1,9,0,18,0,0,0,0,0,0,1,1,6,2,50,8,1198,1,4,-1,1,-1
2015331500577,1,9,0,3,0,1,0,0,0,0,2,1,6,1,59,9,2183,2,5,-1,2,-1
2015331500577,2,1,0,18,0,1,0,0,0,0,1,1,6,1,67,10,-1,-1,-1,-1,1,-1
2015331500578,1,9,0,4,0,0,0,0,0,0,2,1,1,1,38,7,1461,2,10,-1,1,-1
2015331500578,2,9,0,4,0,0,0,0,0,0,2,1,1,1,48,8,-1,-1,-1,-1,1,-1
2015331500578,3,9,0,18,0,0,0,0,0,0,1,1,1,1,40,7,-1,-1,-1,-1,2,-1
2015331500579,1,19,0,16,0,8,0,0,0,0,2,1,1,1,25,5,1995,2,7,-1,1,-1
2015331500579,2,1,0,18,0,8,0,0,0,0,1,1,6,1,27,6,-1,-1,-1,-1,1,-1
2015331500580,1,9,0,3,0,1,0,0,0,0,2,1,6,2,25,5,1749,1,13,-1,1,-1
2015331500580,2,9,0,18,0,1,0,0,0,0,1,1,6,3,-1,-1,-1,-1,-1,-1,-1,-1
2015331500581,1,9,0,16,0,5,1,0,7,9,1,1,6,1,41,7,1598,1,13,-1,1,-1
2015331500582,1,1,0,18,0,0,0,0,0,0,3,1,1,1,40,7,-1,-1,-1,-1,-1,-1
2015331500582,2,9,0,13,0,0,0,0,0,0,4,1,6,3,-1,-1,-1,-1,-1,-1,-1,-1
2015331500583,1,9,0,4,0,8,0,0,0,0,1,1,6,1,77,11,1796,1,12,-1,-1,-1
2015331500583,2,1,0,18,0,8,0,0,0,0,3,1,6,1,83,11,-1,-1,-1,-1,-1,-1
2015331500584,1,9,0,5,0,8,0,0,0,0,3,1,6,2,47,8,1461,2,6,-1,-1,-1
2015331500584,2,9,0,4,0,8,1,0,0,0,1,1,6,1,58,9,1995,2,14,-1,1,-1
2015331500586,1,9,0,18,0,2,0,0,0,0,1,1,6,2,54,8,1995,1,5,-1,2,-1
2015331500588,1,9,0,9,4,5,0,0,0,0,1,1,1,1,30,6,-1,-1,-1,-1,1,-1
2015331500588,2,1,0,15,4,8,0,0,0,0,4,1,6,1,48,8,-1,-1,-1,-1,1,-1
2015331500589,1,19,0,6,0,0,0,0,0,0,1,1,1,1,40,7,1995,2,8,-1,3,-1
2015331500589,2,9,0,18,0,0,0,0,0,0,1,1,1,1,41,7,-1,-1,-1,-1,2,-1
2015331500592,1,9,0,18,0,0,0,0,0,0,1,1,6,1,58,9,-1,-1,-1,-1,1,-1
2015331500592,2,9,0,3,0,0,0,0,0,0,4,1,6,1,51,8,1995,2,3,-1,1,-1
2015331500592,3,9,0,3,0,0,0,0,0,0,3,1,6,1,61,9,1998,1,12,-1,2,-1
2015331500592,4,9,0,3,0,0,0,0,0,0,3,1,6,2,49,8,2143,2,3,-1,1,-1
2015331500593,1,9,0,3,0,1,0,0,0,0,2,1,6,2,36,7,1796,1,10,-1,2,-1
2015331500593,2,9,0,18,0,1,0,0,0,0,1,1,6,1,25,5,1339,1,7,-1,-1,-1
2015331500594,1,9,0,3,0,1,0,0,0,0,2,1,1,1,52,8,1794,1,10,-1,1,-1
2015331500594,2,19,0,18,0,1,0,0,0,0,1,1,3,1,24,5,2198,2,-1,-1,1,-1
2015331500595,1,9,0,5,0,8,0,0,0,0,1,1,6,1,-1,-1,1796,1,10,-1,-1,-1
2015331500595,2,2,0,9,0,5,0,0,0,0,1,1,6,1,16,4,49,1,-1,-1,1,-1
2015331500596,1,9,0,17,0,0,1,0,7,9,1,1,6,2,20,4,1149,1,12,-1,1,-1
2015331500597,1,9,0,18,0,0,1,0,1,10,1,1,6,2,21,5,-1,-1,-1,-1,1,-1
2015331500598,1,9,0,9,0,5,0,0,0,0,1,1,6,1,22,5,-1,-1,-1,-1,1,-1
2015331500598,2,9,0,18,0,8,0,0,0,0,1,1,6,2,29,6,1796,1,14,-1,1,-1
2015331500599,1,9,0,7,0,5,0,0,0,0,2,1,6,2,49,8,-1,-1,-1,-1,-1,-1
2015331500599,2,1,0,18,0,8,0,0,0,0,1,1,6,2,64,9,-1,-1,-1,-1,1,-1
2015331500600,1,9,0,18,0,1,0,0,0,0,3,1,6,2,49,8,1598,1,12,-1,1,-1
2015331500601,1,9,0,9,0,5,0,0,0,0,1,1,6,2,50,8,1968,2,5,-1,3,-1
2015331500601,2,1,0,10,0,1,0,0,0,0,1,1,6,1,78,11,-1,-1,-1,-1,3,-1
2015331500602,1,11,0,18,0,0,0,10,0,0,4,1,1,3,-1,-1,-1,-1,-1,-1,-1,-1
2015331500603,1,9,0,9,0,5,0,0,0,0,1,1,6,2,70,10,2902,2,8,-1,3,-1
2015331500603,2,9,0,18,0,8,0,0,0,0,1,1,6,2,50,8,1600,2,6,-1,3,-1
2015331500604,1,9,0,5,0,1,0,0,0,0,1,1,1,1,37,7,1398,2,-1,-1,1,-1
2015331500604,2,5,0,3,0,1,0,0,0,0,2,1,6,1,39,7,1050,1,5,-1,1,-1
2015331500605,1,9,0,18,0,1,0,0,0,0,3,1,6,1,47,8,-1,-1,-1,-1,1,-1
2015331500606,1,9,0,3,0,1,0,0,0,0,2,1,1,1,48,8,1798,2,-1,-1,-1,-1
2015331500606,2,9,0,3,0,1,0,0,0,0,1,1,1,1,53,8,-1,-1,-1,-1,1,-1
2015331500606,3,9,0,18,0,1,0,0,0,0,1,1,6,3,-1,-1,1493,1,18,-1,-1,-1
2015331500607,1,9,0,7,0,5,0,4,8,11,3,1,6,1,20,4,1598,1,11,-1,1,-1
2015331500607,2,9,0,2,0,2,0,0,0,0,2,1,6,3,-1,-1,-1,-1,-1,-1,-1,-1
2015331500608,1,9,0,18,0,1,0,0,1,11,1,1,6,1,21,5,1229,1,1,-1,1,-1
2015331500609,1,9,0,3,0,2,0,0,0,0,2,1,6,2,29,6,-1,-1,-1,-1,1,-1
2015331500609,2,9,0,18,0,2,0,0,0,0,1,1,6,2,25,5,-1,-1,-1,-1,1,-1
2015331500610,1,9,0,18,0,0,0,0,0,0,1,1,1,2,25,5,-1,-1,-1,-1,2,-1
2015331500610,2,98,0,18,0,0,0,0,0,0,2,1,6,1,58,9,-1,-1,-1,-1,-1,-1
2015331500611,1,9,0,5,0,0,0,0,0,0,1,1,6,1,30,6,1199,1,11,-1,-1,-1
2015331500611,2,9,0,2,0,0,0,10,0,0,4,1,2,1,19,4,1199,1,13,-1,1,-1
2015331500612,1,9,0,1,0,0,0,0,0,0,0,1,1,1,40,7,-1,-1,-1,-1,-1,-1
2015331500612,2,9,0,18,0,0,0,0,0,0,4,1,1,2,30,6,-1,-1,-1,-1,-1,-1
2015331500613,1,9,0,5,9,8,0,0,0,0,4,1,6,2,-1,-1,1968,2,3,-1,-1,-1
2015331500613,2,1,0,18,9,8,0,0,0,0,1,1,4,2,15,3,-1,-1,-1,-1,1,-1
2015331500614,1,5,0,18,0,0,0,0,1,2,1,1,6,1,33,6,599,1,13,-1,1,-1
2015331500616,1,9,0,2,0,0,0,0,0,0,2,1,6,1,25,5,1388,1,13,-1,2,-1
2015331500616,2,9,0,4,0,0,1,4,0,0,1,1,6,1,-1,-1,1360,1,15,-1,-1,-1
2015331500617,1,8,0,4,0,0,0,0,0,0,1,1,1,3,-1,-1,1968,2,7,-1,-1,-1
2015331500617,2,9,0,3,0,0,0,0,0,0,2,1,6,3,-1,-1,-1,-1,-1,-1,-1,-1
2015331500618,1,19,0,18,0,0,0,0,0,0,1,1,6,1,32,6,2151,2,12,-1,1,-1
2015331500618,2,9,0,18,0,0,0,0,0,0,1,1,1,1,36,7,2993,2,3,-1,3,-1
2015331500619,1,9,0,18,0,0,0,0,0,0,4,1,6,2,56,9,1794,1,15,-1,1,-1
2015331500619,2,98,0,12,0,0,0,0,0,0,3,1,6,1,35,6,11021,2,9,-1,-1,-1
2015331500620,1,21,0,5,0,6,0,0,0,0,1,1,1,1,55,8,4461,2,7,-1,3,-1
2015331500620,2,9,0,18,0,8,0,0,0,0,1,1,6,1,40,7,1497,1,15,-1,1,-1
2015331500621,1,5,0,18,0,8,0,0,0,0,1,1,6,1,19,4,689,1,-1,-1,2,-1
2015331500621,2,9,0,9,0,5,0,0,0,0,2,1,1,1,49,8,1360,1,6,-1,-1,-1
2015331500622,1,9,0,18,0,1,0,0,0,0,4,1,3,2,32,6,1796,1,9,-1,1,-1
2015331500623,1,9,0,4,0,0,0,0,0,0,2,1,6,2,42,7,1196,1,20,-1,-1,-1
2015331500623,2,1,0,18,0,0,0,0,0,0,1,1,6,1,35,6,-1,-1,-1,-1,1,-1
2015331500624,1,9,0,17,0,0,1,0,7,9,1,1,2,2,28,6,1598,1,13,-1,1,-1
2015331500624,2,9,0,16,0,0,0,0,1,1,4,1,2,1,51,8,2198,2,8,-1,2,-1
2015331500625,1,19,0,18,0,0,0,0,0,0,1,1,1,1,40,7,2287,2,1,-1,1,-1
2015331500625,2,9,0,3,0,0,0,0,0,0,2,1,6,1,50,8,-1,-1,-1,-1,-1,-1
2015331500626,1,9,0,3,0,0,0,0,0,0,2,1,1,2,25,5,1398,1,1,-1,1,-1
2015331500626,2,19,0,18,0,0,0,0,0,0,1,1,1,1,38,7,1598,2,1,-1,1,-1
2015331500627,1,9,0,18,0,0,0,0,0,0,1,1,6,1,35,6,1668,1,14,-1,1,-1
2015331500628,1,19,0,18,0,1,0,0,0,0,1,1,6,1,32,6,-1,-1,-1,-1,-1,-1
2015331500628,2,9,0,3,0,1,0,0,0,0,2,1,6,1,68,10,1794,1,13,-1,1,-1
2015331500628,3,9,0,3,0,1,0,0,0,0,2,1,6,1,35,6,1461,2,9,-1,1,-1
2015331500628,4,9,0,3,0,1,0,0,0,0,2,1,6,1,65,9,2494,1,13,-1,1,-1
2015331500628,5,9,0,3,0,8,0,0,0,0,2,1,6,3,-1,-1,-1,-1,-1,-1,-1,-1
2015331500629,1,9,0,18,0,8,0,0,0,0,1,1,6,1,21,5,998,1,14,-1,1,-1
2015331500629,2,9,0,9,0,6,0,0,0,0,1,1,6,2,40,7,1582,2,4,-1,1,-1
2015331500630,1,9,0,6,0,8,0,0,1,11,1,1,6,1,79,11,1242,7,3,-1,1,-1
2015331500630,2,9,0,18,0,1,0,0,0,0,0,1,6,3,-1,-1,-1,-1,-1,-1,-1,-1
2015331500631,1,90,0,17,0,6,0,0,0,0,3,1,1,2,49,8,2999,2,3,-1,-1,-1
2015331500631,2,9,0,18,0,8,0,0,0,0,1,1,6,1,62,9,1360,1,11,-1,1,-1
2015331500632,1,19,0,9,0,6,0,0,0,0,3,1,1,1,47,8,2143,2,3,-1,1,-1
2015331500632,2,3,0,18,0,8,0,0,0,0,1,1,6,1,17,4,124,1,17,-1,1,-1
2015331500633,1,9,0,3,0,0,0,0,0,0,2,1,6,2,39,7,1896,2,15,-1,-1,-1
2015331500633,2,9,0,18,0,0,0,0,0,0,1,1,6,1,-1,-1,1796,1,14,-1,-1,-1
2015331500634,1,9,0,9,0,5,0,0,1,4,1,1,6,1,30,6,-1,-1,-1,-1,-1,-1
2015331500636,1,9,0,18,0,8,0,0,0,0,4,1,6,1,22,5,1590,1,14,-1,1,-1
2015331500636,2,9,0,18,0,8,0,0,0,0,1,1,6,1,75,10,1332,1,9,-1,1,-1
2015331500637,1,9,0,18,0,8,0,0,0,0,4,1,6,2,-1,-1,-1,-1,-1,-1,-1,-1
2015331500637,2,1,0,18,0,6,0,0,0,0,1,1,2,1,22,5,-1,-1,-1,-1,1,-1
2015331500638,1,9,0,5,0,0,0,0,0,0,4,1,6,1,46,8,1398,1,13,-1,1,-1
2015331500638,2,9,0,18,0,0,1,4,0,0,4,1,2,1,21,5,1364,1,9,-1,1,-1
2015331500638,3,9,0,2,0,0,0,0,0,0,4,1,6,3,-1,-1,-1,-1,-1,-1,-1,-1
2015331500639,1,9,0,9,0,5,0,0,0,0,4,1,6,1,27,6,1995,2,9,-1,1,-1
2015331500639,2,1,0,18,0,8,0,0,0,0,1,1,6,2,22,5,-1,-1,-1,-1,-1,-1
2015331500640,1,9,0,5,0,1,0,0,0,0,1,1,2,1,33,6,1968,2,1,-1,1,-1
2015331500641,1,3,0,18,0,0,0,10,1,0,1,1,6,1,53,8,125,1,1,-1,2,-1
2015331500642,1,9,0,18,0,8,1,0,0,0,1,1,6,1,55,8,-1,-1,-1,-1,2,-1
2015331500642,2,19,0,9,0,5,0,0,0,0,4,1,6,1,36,7,-1,-1,-1,-1,1,-1
2015331500642,3,9,0,7,0,6,0,0,0,0,3,1,6,2,34,6,1360,1,12,-1,1,-1
2015331500643,1,9,0,9,0,5,0,0,0,0,1,1,6,1,65,9,-1,-1,-1,-1,1,-1
2015331500643,2,3,0,18,0,8,1,0,0,0,1,1,6,1,21,5,124,1,13,-1,1,-1
2015331500644,1,9,0,11,0,8,1,0,1,0,1,1,6,1,57,9,2171,1,14,-1,1,-1
2015331500645,1,9,0,18,0,0,1,0,0,0,1,1,6,1,17,4,1124,1,13,-1,1,-1
2015331500646,1,9,0,6,0,0,0,0,7,11,3,1,1,2,32,6,1398,1,2,-1,-1,-1
2015331500646,2,5,0,13,0,0,0,0,0,0,1,1,1,1,20,4,599,1,9,-1,-1,-1
2015331500647,1,9,0,7,0,6,0,0,0,0,1,1,6,2,76,11,-1,-1,-1,-1,1,-1
2015331500647,2,1,0,18,0,8,0,0,0,0,1,1,6,1,35,6,-1,-1,-1,-1,1,-1
2015331500648,1,9,0,5,0,6,0,0,0,0,3,1,4,1,30,6,1240,1,8,-1,-1,-1
2015331500648,2,1,0,15,0,8,0,0,0,0,1,1,4,1,15,3,-1,-1,-1,-1,1,-1
2015331500650,1,9,0,18,0,0,0,0,0,0,1,1,6,1,77,11,1149,1,13,-1,1,-1
2015331500650,2,1,0,18,0,0,0,0,0,0,1,1,6,1,9,2,-1,-1,-1,-1,1,-1
2015331500651,1,3,0,9,0,5,0,0,0,0,1,1,2,1,22,5,125,1,3,-1,2,-1
2015331500651,2,9,0,4,0,8,0,0,0,0,1,1,6,1,72,10,2148,2,11,-1,1,-1
2015331500651,3,9,0,5,0,8,0,0,0,0,1,1,6,1,36,7,2993,2,8,-1,2,-1
2015331500652,1,5,0,18,0,0,0,0,0,0,3,1,6,1,32,6,649,1,3,-1,-1,-1
2015331500652,2,9,0,11,0,0,0,0,0,0,4,1,6,1,-1,-1,-1,-1,-1,-1,-1,-1
2015331500653,1,9,0,18,0,0,0,0,0,0,1,1,2,1,60,9,1685,2,2,-1,3,-1
2015331500653,2,20,0,18,0,0,0,0,0,0,2,1,1,1,31,6,-1,-1,-1,-1,1,-1
2015331500655,1,9,0,17,0,8,0,0,0,0,1,1,6,2,45,7,1598,1,11,-1,1,-1
2015331500655,2,9,0,7,0,6,0,0,0,0,4,1,2,2,19,4,998,1,16,-1,2,-1
2015331500656,1,9,0,9,0,8,0,0,0,0,2,1,2,2,36,7,1198,1,1,-1,2,-1
2015331500656,2,4,0,13,0,8,0,0,0,0,1,1,2,1,23,5,249,1,6,-1,2,-1
2015331500657,1,9,0,18,0,1,0,0,0,0,3,1,3,2,37,7,1598,1,9,-1,1,-1
2015331500658,1,9,0,18,0,0,0,0,0,0,1,1,6,1,30,6,1796,1,4,-1,-1,-1
2015331500658,2,16,0,18,0,0,0,0,0,0,1,1,6,1,43,7,-1,-1,-1,-1,-1,-1
2015331500659,1,9,0,18,0,0,0,0,0,0,1,1,6,2,25,5,1995,2,4,-1,1,-1
2015331500660,1,5,0,5,0,8,0,0,0,0,1,1,2,1,22,5,-1,-1,-1,-1,2,-1
2015331500660,2,9,0,3,0,8,0,0,0,0,2,1,2,1,38,7,1997,2,14,-1,1,-1
2015331500663,1,9,0,5,0,4,0,0,0,0,3,1,1,2,45,7,2435,1,13,-1,1,-1
2015331500663,2,19,0,7,0,4,0,0,0,0,1,1,6,1,-1,-1,-1,-1,-1,-1,-1,-1
2015331500664,1,9,0,16,0,3,0,0,0,0,3,1,6,2,79,11,1198,1,3,-1,1,-1
2015331500664,2,5,0,18,0,4,0,0,0,0,3,1,6,1,54,8,1052,1,16,-1,2,-1
2015331500665,1,9,0,18,0,8,0,0,0,0,1,1,2,2,25,5,1240,1,6,-1,1,-1
2015331500666,1,9,0,7,0,5,0,0,0,0,2,1,3,1,41,7,2143,2,1,-1,1,-1
2015331500666,2,9,0,7,0,5,1,0,1,4,1,1,2,2,78,11,1360,1,12,-1,1,-1
2015331500667,1,9,0,16,0,0,0,0,7,8,1,1,6,1,18,4,999,1,14,-1,-1,-1
2015331500668,1,9,0,9,0,6,0,0,0,0,1,1,6,1,31,6,2496,1,14,-1,1,-1
2015331500669,1,9,0,9,0,6,0,0,0,0,1,1,6,1,34,6,-1,-1,-1,-1,1,-1
2015331500669,2,5,0,18,0,8,0,0,0,0,4,1,6,1,65,9,-1,-1,-1,-1,1,-1
2015331500670,1,9,0,18,0,8,0,0,0,0,1,1,1,2,33,6,1598,2,3,-1,1,-1
2015331500670,2,9,0,9,0,6,0,0,0,0,3,1,1,1,55,8,-1,-1,-1,-1,1,-1
2015331500671,1,9,0,17,0,2,1,10,7,9,4,1,6,2,50,8,1206,1,6,-1,1,-1
2015331500671,2,9,0,18,0,1,0,0,0,0,1,1,6,2,36,7,1600,2,5,-1,2,-1
2015331500672,1,9,0,18,0,0,0,0,0,0,1,1,6,2,33,6,1995,2,10,-1,1,-1
2015331500673,1,9,0,18,0,0,0,0,0,0,3,1,6,2,30,6,-1,-1,-1,-1,-1,-1
2015331500674,1,9,0,18,0,6,0,0,0,0,1,1,6,1,66,10,1598,2,3,-1,1,-1
2015331500674,2,9,0,18,0,8,0,0,0,0,3,1,6,1,47,8,1086,1,8,-1,1,-1
2015331500675,1,9,0,9,0,6,0,0,0,0,1,1,1,1,-1,-1,-1,-1,-1,-1,-1,-1
2015331500675,2,2,0,4,0,8,1,0,0,0,4,1,1,1,17,4,49,1,2,-1,2,-1
2015331500676,1,1,0,9,0,6,0,0,3,9,3,1,6,1,15,3,-1,-1,-1,-1,2,-1