Accident_Index,Vehicle_Reference,Vehicle_Type,Towing_and_Articulation,Vehicle_Manoeuvre,Vehicle_Location-Restricted_Lane,Junction_Location,Skidding_and_Overturning,Hit_Object_in_Carriageway,Vehicle_Leaving_Carriageway,Hit_Object_off_Carriageway,1st_Point_of_Impact,Was_Vehicle_Left_Hand_Drive?,Journey_Purpose_of_Driver,Sex_of_Driver,Age_of_Driver,Age_Band_of_Driver,Engine_Capacity_(CC),Propulsion_Code,Age_of_Vehicle,Driver_IMD_Decile,Driver_Home_Area_Type,Vehicle_IMD_Decile
2015331500828,1,9,0,3,0,1,0,0,0,0,2,1,6,1,54,8,1299,1,13,-1,1,-1
2015331500828,2,9,0,4,0,1,0,0,0,0,1,1,6,1,-1,-1,-1,-1,-1,-1,-1,-1
2015331500829,1,9,0,18,0,0,0,0,0,0,1,1,6,1,55,8,1248,1,-1,-1,1,-1
2015331500830,1,9,0,16,0,0,1,0,1,4,3,1,6,1,19,4,1596,1,13,-1,2,-1
2015331500831,1,9,0,1,0,6,0,0,3,11,2,1,6,1,85,11,1598,1,10,-1,2,-1
2015331500831,2,9,0,2,0,8,0,0,0,0,2,1,6,1,70,10,-1,-1,-1,-1,2,-1
2015331500832,1,3,0,18,0,0,0,7,1,10,4,1,6,1,22,5,125,1,6,-1,1,-1
2015331500832,2,19,0,2,0,0,0,0,0,0,3,1,6,3,-1,-1,2446,2,17,-1,-1,-1
2015331500832,3,9,0,2,0,0,0,0,0,0,4,1,6,3,-1,-1,1998,2,13,-1,-1,-1
2015331500833,1,5,0,16,0,8,1,0,0,0,1,1,6,1,33,6,636,1,2,-1,1,-1
2015331500833,2,17,4,9,0,6,0,0,0,0,2,1,1,1,17,4,-1,2,6,-1,3,-1
2015331500834,1,9,0,3,0,1,0,0,0,0,2,1,6,1,40,7,-1,-1,-1,-1,-1,-1
2015331500834,2,9,0,5,0,1,0,0,0,0,1,1,6,3,-1,-1,-1,-1,-1,-1,-1,-1
2015331500834,3,9,0,5,0,4,0,0,0,0,0,1,6,3,-1,-1,-1,-1,-1,-1,-1,-1
2015331500836,1,3,0,18,0,8,0,0,0,0,1,1,2,1,29,6,125,1,6,-1,1,-1
2015331500836,2,9,0,10,0,8,0,0,0,0,3,1,6,2,49,8,1360,1,13,-1,1,-1
2015331500837,1,90,0,2,9,0,0,0,0,0,1,1,1,1,53,8,2330,2,1,-1,1,-1
2015331500838,1,9,0,18,0,0,0,0,0,0,1,1,6,1,-1,-1,-1,-1,-1,-1,-1,-1
2015331500839,1,9,0,18,0,8,1,0,1,10,1,1,2,2,59,9,1798,1,8,-1,-1,-1
2015331500839,2,9,0,5,0,4,0,0,0,0,1,1,2,2,33,6,-1,-1,-1,-1,1,-1
2015331500841,1,9,0,18,0,1,0,0,0,0,1,1,6,1,47,8,-1,-1,-1,-1,1,-1
2015331500841,2,19,0,4,0,1,0,0,0,0,2,1,1,1,47,8,2198,2,8,-1,-1,-1
2015331500841,3,19,0,3,0,1,0,0,0,0,2,1,1,1,63,9,2198,2,3,-1,1,-1
2015331500842,1,9,0,18,0,2,0,0,0,0,1,1,6,1,77,11,989,1,15,-1,1,-1
2015331500842,2,9,0,3,0,2,0,0,0,0,2,1,1,2,28,6,1461,2,9,-1,3,-1
2015331500842,3,8,0,3,0,2,0,0,0,0,3,1,6,2,42,7,-1,-1,-1,-1,1,-1
2015331500843,1,9,0,18,0,8,0,0,0,0,1,1,6,1,33,6,1598,1,10,-1,1,-1
2015331500843,2,3,0,3,0,8,0,0,0,0,2,1,6,1,45,7,-1,-1,-1,-1,1,-1
2015331500843,3,9,0,18,0,1,0,0,0,0,0,1,1,1,27,6,1686,2,2,-1,-1,-1
2015331500844,1,9,0,18,0,8,0,0,0,0,4,1,6,2,31,6,1360,1,16,-1,-1,-1
2015331500844,2,8,0,18,0,8,0,0,0,0,1,1,1,1,62,9,1997,2,8,-1,-1,-1
2015331500845,1,10,0,18,0,0,0,0,7,6,1,1,1,1,55,8,-1,-1,-1,-1,1,-1
2015331500845,2,21,0,18,0,0,0,0,0,0,2,1,1,1,50,8,11967,2,6,-1,1,-1
2015331500846,1,9,0,18,0,2,0,0,0,0,3,1,2,1,30,6,1598,2,5,-1,-1,-1
2015331500846,2,19,0,3,0,1,0,0,0,0,0,1,6,3,-1,-1,-1,-1,-1,-1,-1,-1
2015331500848,1,3,0,18,0,8,0,0,0,0,1,1,6,1,33,6,124,1,9,-1,-1,-1
2015331500848,2,9,0,18,0,8,0,0,1,0,4,1,6,1,26,6,1896,2,13,-1,1,-1
2015331500849,1,9,0,18,0,8,1,0,3,11,1,1,6,3,25,5,1783,1,13,-1,-1,-1
2015331500851,1,9,0,7,0,6,0,0,0,0,1,1,6,2,30,6,-1,-1,-1,-1,-1,-1
2015331500851,2,1,0,17,0,8,0,0,0,0,1,1,6,2,42,7,-1,-1,-1,-1,1,-1
2015331500852,1,9,0,18,0,8,0,0,0,0,1,1,6,1,30,6,1796,1,13,-1,-1,-1
2015331500852,2,9,0,8,0,8,0,0,0,0,2,1,1,2,24,5,-1,-1,-1,-1,1,-1
2015331500853,1,9,0,18,0,0,0,0,0,0,1,1,6,1,30,6,973,1,14,-1,-1,-1
2015331500853,2,9,0,4,0,0,0,0,0,0,2,1,6,1,55,8,1968,2,2,-1,3,-1
2015331500854,1,9,0,3,0,1,0,0,0,0,2,1,6,2,27,6,1329,1,-1,-1,1,-1
2015331500854,2,9,0,18,0,1,0,0,0,0,1,1,6,2,25,5,1896,2,10,-1,1,-1
2015331500855,1,9,0,3,0,8,0,0,0,0,1,1,6,1,29,6,1599,1,11,-1,1,-1
2015331500855,2,9,0,9,0,5,0,0,0,0,1,1,6,1,50,8,1461,2,1,-1,1,-1
2015331500856,1,19,0,9,0,5,0,0,0,0,1,1,1,1,30,6,-1,-1,-1,-1,1,-1
2015331500856,2,1,0,18,0,8,0,0,0,0,3,1,6,1,33,6,-1,-1,-1,-1,2,-1
2015331500857,1,9,0,18,0,0,0,0,0,0,1,1,6,1,41,7,998,1,6,-1,1,-1
2015331500857,2,1,0,18,0,0,0,0,0,0,1,1,6,1,64,9,-1,-1,-1,-1,1,-1
2015331500858,1,9,0,18,0,0,0,0,1,11,1,1,6,1,71,10,1998,1,6,-1,3,-1
2015331500859,1,21,1,4,0,0,0,0,0,0,2,1,1,1,45,7,12740,2,3,-1,-1,-1
2015331500859,2,3,0,18,0,0,0,0,0,0,1,1,6,1,72,10,89,1,29,-1,1,-1
2015331500859,3,9,0,18,0,0,0,0,0,0,0,1,1,1,35,6,2993,2,2,-1,1,-1
2015331500861,1,9,0,3,0,1,0,0,0,0,2,1,6,2,28,6,1596,1,12,-1,1,-1
2015331500861,2,9,0,18,0,1,0,0,0,0,1,1,6,1,30,6,1896,2,13,-1,-1,-1
2015331500862,1,9,0,4,0,1,0,0,0,0,1,1,1,2,53,8,-1,-1,-1,-1,1,-1
2015331500863,1,9,0,4,0,1,1,7,0,0,1,1,6,1,26,6,2351,1,12,-1,3,-1
2015331500864,1,9,0,18,0,8,0,0,0,0,4,1,6,1,19,4,1242,1,4,-1,1,-1
2015331500864,2,1,0,18,0,6,0,0,0,0,1,1,6,2,8,2,-1,-1,-1,-1,1,-1
2015331500865,1,9,0,9,0,5,0,0,0,0,3,1,6,1,19,4,2993,2,10,-1,-1,-1
2015331500865,2,3,0,13,0,8,0,0,0,0,1,1,6,1,18,4,100,1,8,-1,-1,-1
2015331500865,3,9,0,2,9,2,0,0,0,0,2,1,6,2,-1,-1,1560,2,9,-1,-1,-1
2015331500866,1,9,0,18,0,8,0,0,0,0,1,1,6,1,43,7,1199,1,11,-1,3,-1
2015331500866,2,9,0,3,0,8,0,0,0,0,2,1,6,1,40,7,2148,2,14,-1,-1,-1
2015331500867,1,9,0,5,0,8,0,0,0,0,4,1,6,1,19,4,1198,1,5,-1,2,-1
2015331500867,2,8,0,18,0,4,0,0,0,0,1,1,6,1,59,9,1896,2,10,-1,1,-1
2015331500868,1,9,0,5,0,6,0,0,0,0,1,1,6,1,94,11,1595,1,13,-1,1,-1
2015331500868,2,9,0,4,0,8,1,0,7,10,1,1,1,1,44,7,-1,-1,-1,-1,3,-1
2015331500869,1,9,0,5,0,4,0,0,0,0,1,1,6,2,18,4,1398,1,2,-1,1,-1
2015331500869,2,9,0,18,0,8,0,0,0,0,4,1,6,2,37,7,1686,2,7,-1,1,-1
2015331500870,1,21,0,5,0,1,0,0,0,0,1,1,1,1,57,9,10837,2,-1,-1,1,-1
2015331500870,2,19,0,5,0,1,0,0,0,0,2,1,6,1,46,8,2143,2,2,-1,1,-1
2015331500871,1,9,0,18,0,1,0,0,0,0,1,1,6,1,-1,-1,1900,2,10,-1,-1,-1
2015331500871,2,19,0,3,0,1,0,0,0,0,2,1,6,1,33,6,1870,2,12,-1,1,-1
2015331500872,1,9,0,18,0,1,0,0,0,0,1,1,2,1,52,8,1599,1,10,-1,1,-1
2015331500872,2,9,0,3,0,1,0,0,0,0,2,1,3,1,54,8,1560,2,8,-1,1,-1
2015331500873,1,11,0,5,0,0,0,0,0,0,4,1,1,1,38,7,4250,2,6,-1,1,-1
2015331500874,1,9,0,5,0,6,0,0,0,0,1,1,1,1,19,4,1399,2,5,-1,1,-1
2015331500874,2,11,0,18,0,8,1,0,0,0,4,1,1,2,24,5,6700,2,2,-1,1,-1
2015331500875,1,5,0,14,0,8,1,0,7,10,4,1,6,1,45,7,645,1,4,-1,1,-1
2015331500875,2,8,0,10,0,8,0,0,0,0,3,1,1,2,35,6,1598,2,2,-1,1,-1
2015331500876,1,9,0,18,9,0,0,10,1,0,4,1,6,3,-1,-1,-1,-1,-1,-1,-1,-1
2015331500877,1,9,0,5,0,8,0,0,0,0,1,1,6,1,33,6,1796,1,12,-1,1,-1
2015331500877,2,5,0,5,0,8,0,0,0,0,4,1,2,1,43,7,1078,1,6,-1,1,-1
2015331500881,1,21,2,18,0,0,0,0,0,0,4,1,1,1,55,8,12580,2,10,-1,2,-1
2015331500881,2,9,0,2,0,0,0,0,0,0,0,1,6,3,-1,-1,-1,-1,-1,-1,-1,-1
2015331500882,1,9,0,5,9,8,0,0,0,0,1,1,1,1,23,5,1598,1,9,-1,2,-1
2015331500882,2,1,0,18,9,8,0,0,0,0,1,1,6,1,32,6,-1,-1,-1,-1,1,-1
2015331500883,1,9,0,18,0,8,0,0,0,0,1,1,1,2,18,4,1242,1,16,-1,1,-1
2015331500883,2,9,0,9,0,6,0,0,1,0,3,1,6,1,70,10,1910,2,11,-1,1,-1
2015331500884,1,9,0,5,0,4,0,0,0,0,1,1,6,1,60,9,2495,2,16,-1,1,-1
2015331500884,2,9,0,18,0,8,0,0,0,0,4,1,6,1,26,6,2993,2,8,-1,3,-1
2015331500886,1,9,0,18,0,0,0,0,0,0,1,1,6,1,-1,-1,-1,-1,-1,-1,-1,-1
2015331500886,2,5,0,18,0,0,1,0,0,0,2,1,6,1,41,7,124,1,6,-1,-1,-1
2015331500888,1,9,0,18,0,8,0,0,1,0,3,1,6,1,63,9,-1,-1,-1,-1,1,-1
2015331500888,2,9,0,18,0,6,0,0,7,0,1,1,6,2,36,7,1229,1,8,-1,1,-1
2015331500889,1,9,0,9,9,6,0,0,0,0,4,1,6,1,30,6,1198,1,7,-1,1,-1
2015331500889,2,1,0,18,9,8,0,0,0,0,1,1,6,1,6,2,-1,-1,-1,-1,1,-1
2015331500890,1,9,0,2,0,0,0,0,0,0,3,1,6,1,17,4,1329,1,3,-1,-1,-1
2015331500890,2,1,0,18,9,0,0,8,0,0,1,1,6,1,54,8,-1,-1,-1,-1,-1,-1
2015331500891,1,19,0,18,0,0,0,0,0,0,1,1,6,2,42,7,1997,2,14,-1,1,-1
2015331500891,2,9,0,18,0,0,0,0,0,0,2,1,6,2,31,6,-1,-1,-1,-1,-1,-1
2015331500893,1,9,0,9,0,6,0,0,0,0,1,1,2,2,51,8,1328,1,9,-1,3,-1
2015331500893,2,1,0,9,0,5,0,0,0,0,3,1,6,1,60,9,-1,-1,-1,-1,1,-1
2015331500894,1,3,0,9,0,8,0,0,0,0,4,1,6,1,55,8,125,1,1,-1,1,-1
2015331500894,2,9,0,18,0,4,0,0,0,0,1,1,6,1,55,8,2143,2,-1,-1,-1,-1
2015331500895,1,9,0,13,0,2,1,0,1,4,1,1,6,1,21,5,998,1,6,-1,-1,-1
2015331500895,2,9,0,4,0,2,0,0,0,0,2,1,6,2,41,7,1762,1,16,-1,-1,-1
2015331500896,1,9,0,18,0,8,0,0,0,0,2,1,6,2,40,7,-1,-1,-1,-1,2,-1
2015331500896,2,98,0,5,0,4,0,0,1,0,1,1,1,1,35,6,-1,-1,-1,-1,-1,-1
2015331500897,1,19,0,18,0,0,0,0,0,0,4,1,6,1,20,4,-1,-1,-1,-1,1,-1
2015331500898,1,9,0,9,0,5,0,0,0,0,4,1,6,2,39,7,1968,2,5,-1,1,-1
2015331500898,2,1,0,18,0,6,0,0,0,0,1,1,6,1,16,4,-1,-1,-1,-1,1,-1
2015331500898,3,19,0,18,0,1,0,0,0,0,0,1,6,3,-1,-1,-1,-1,-1,-1,-1,-1
2015331500899,1,9,0,9,0,5,0,0,0,0,1,1,6,1,40,7,2143,2,-1,-1,1,-1
2015331500899,2,9,0,13,0,8,5,0,7,2,1,1,6,2,20,4,1364,1,6,-1,1,-1
2015331500900,1,9,0,5,0,1,0,0,0,0,1,1,6,2,35,6,-1,-1,-1,-1,1,-1
2015331500900,2,9,0,3,0,1,0,0,0,0,2,1,6,1,22,5,1596,1,21,-1,1,-1
2015331500901,1,9,0,16,0,0,0,10,7,9,3,1,6,1,52,8,1560,2,10,-1,1,-1
2015331500902,1,9,0,18,0,0,0,0,0,0,1,1,6,2,38,7,2401,2,11,-1,1,-1
2015331500902,2,19,0,2,0,0,0,0,0,0,0,1,6,3,-1,-1,-1,-1,-1,-1,-1,-1
2015331500903,1,9,0,3,0,1,0,0,0,0,2,1,6,2,41,7,1599,1,11,-1,1,-1
2015331500903,2,9,0,18,0,1,0,0,0,0,1,1,6,2,28,6,1086,1,7,-1,3,-1
2015331500903,3,19,0,18,0,2,0,0,0,0,0,1,6,3,-1,-1,-1,-1,-1,-1,-1,-1
2015331500904,1,8,0,7,9,5,0,0,0,0,1,1,1,1,39,7,-1,-1,-1,-1,1,-1
2015331500904,2,1,0,18,9,8,0,0,0,0,1,1,6,2,61,9,-1,-1,-1,-1,1,-1
2015331500905,1,9,0,3,0,1,0,0,0,0,2,1,2,1,50,8,1560,2,9,-1,1,-1
2015331500905,2,9,0,18,0,1,0,0,0,0,1,1,2,2,30,6,-1,-1,-1,-1,1,-1
2015331500906,1,9,0,18,0,2,0,0,0,0,1,1,6,2,23,5,1598,1,5,-1,1,-1
2015331500907,1,9,0,9,0,6,0,0,0,0,1,1,1,2,29,6,1598,1,13,-1,1,-1
2015331500907,2,9,0,18,0,8,0,0,0,0,3,1,1,1,27,6,3200,1,8,-1,1,-1
2015331500908,1,5,0,17,0,0,0,0,0,0,1,1,6,1,25,5,645,1,11,-1,1,-1
2015331500909,1,9,0,18,0,8,0,0,0,0,4,1,6,1,32,6,1587,1,22,-1,1,-1
2015331500909,2,9,0,18,0,8,0,0,0,0,1,1,6,2,39,7,1598,1,3,-1,1,-1
2015331500910,1,9,0,17,0,2,0,0,1,11,1,1,1,2,20,4,1360,1,12,-1,1,-1
2015331500911,1,9,0,18,0,0,2,0,2,0,3,1,6,1,17,4,1198,1,8,-1,2,-1
2015331500911,2,9,0,13,0,0,0,0,7,0,3,1,6,1,18,4,2996,2,6,-1,2,-1
2015331500911,3,9,0,13,0,0,0,0,0,0,4,1,6,1,18,4,1796,1,8,-1,3,-1
2015331500912,1,9,0,9,0,5,0,0,0,0,1,1,6,1,20,4,1598,1,14,-1,1,-1
2015331500912,2,9,0,5,0,8,0,0,0,0,1,1,6,1,55,8,-1,-1,-1,-1,1,-1
2015331500913,1,9,0,11,0,2,0,0,0,0,3,1,2,1,37,7,1896,2,12,-1,1,-1
2015331500913,2,9,0,18,0,2,0,0,0,0,1,1,6,3,-1,-1,1600,1,10,-1,-1,-1
2015331500914,1,1,0,18,0,8,0,0,0,0,4,1,2,2,53,8,-1,-1,-1,-1,2,-1
2015331500914,2,9,0,18,0,4,0,0,0,0,1,1,6,1,-1,-1,2993,2,1,-1,-1,-1
2015331500915,1,9,0,9,0,5,0,0,0,0,3,1,6,1,23,5,1590,1,10,-1,1,-1
2015331500915,2,97,0,18,0,6,0,0,0,1,1,1,6,1,14,3,-1,-1,-1,-1,1,-1
2015331500916,1,9,0,18,0,1,0,0,0,0,1,1,6,2,-1,-1,-1,-1,-1,-1,-1,-1
2015331500917,1,9,0,18,0,0,0,10,7,10,1,1,6,2,30,6,-1,-1,-1,-1,1,-1
2015331500918,1,9,0,9,0,5,0,0,0,0,1,1,6,1,84,11,998,1,12,-1,1,-1
2015331500918,2,1,0,5,0,8,0,0,0,0,1,1,6,1,23,5,-1,-1,-1,-1,-1,-1
2015331500919,1,9,0,9,0,6,0,0,0,0,4,1,6,1,25,5,1599,1,9,-1,-1,-1
2015331500919,2,9,0,18,0,8,0,0,0,0,4,1,6,1,77,11,1596,1,11,-1,-1,-1
2015331500919,3,9,0,18,0,8,0,0,0,0,3,1,1,1,55,8,1560,2,2,-1,-1,-1
2015331500920,1,9,0,3,0,0,0,0,0,0,1,1,6,2,54,8,2993,2,6,-1,1,-1
2015331500920,2,9,0,1,0,0,0,0,0,0,0,1,6,1,24,5,998,1,-1,-1,1,-1
2015331500921,1,9,0,9,0,5,0,0,0,0,1,1,6,1,28,6,1794,1,10,-1,1,-1
2015331500922,1,9,0,18,0,0,5,4,7,0,4,1,6,2,91,11,1299,1,14,-1,2,-1
2015331500922,2,9,0,2,0,0,0,0,0,0,4,1,6,1,-1,-1,3301,1,18,-1,3,-1
2015331500924,1,9,0,5,0,0,0,0,0,0,0,1,6,1,25,5,-1,-1,-1,-1,-1,-1
2015331500924,2,9,0,18,0,0,0,0,0,0,4,1,6,2,28,6,-1,-1,-1,-1,1,-1
2015331500925,1,9,0,9,0,6,0,0,0,0,1,1,6,1,-1,-1,973,1,13,-1,-1,-1
2015331500925,2,1,0,18,0,8,0,0,0,0,1,1,2,2,26,6,-1,-1,-1,-1,1,-1
2015331500926,1,3,0,18,0,8,1,0,0,0,1,1,6,1,22,5,125,1,1,-1,3,-1
2015331500926,2,9,0,9,0,5,0,0,0,0,3,1,6,2,25,5,1596,1,14,-1,-1,-1
2015331500927,1,9,0,18,0,1,0,0,0,0,4,1,6,1,65,9,1364,1,7,-1,1,-1
2015331500928,1,19,0,9,7,0,0,0,0,0,3,1,1,1,61,9,2198,2,3,-1,3,-1
2015331500928,2,4,0,18,0,0,0,0,7,0,1,1,1,1,58,9,675,1,2,-1,1,-1
2015331500929,1,22,0,18,9,0,0,0,0,0,1,1,6,1,65,9,-1,-1,-1,-1,-1,-1
2015331500932,1,19,0,18,0,2,0,0,0,0,1,1,1,1,28,6,-1,-1,-1,-1,1,-1
2015331500932,2,9,0,2,0,2,0,0,1,0,3,1,6,1,59,9,1422,2,7,-1,3,-1
2015331500932,3,9,0,2,0,2,0,0,1,0,3,1,6,2,30,6,1591,1,4,-1,3,-1
2015331500934,1,97,0,5,0,4,1,0,0,0,1,1,6,1,46,8,-1,-1,-1,-1,1,-1
2015331500934,2,9,0,5,0,4,0,0,0,0,4,1,6,1,30,6,1396,1,11,-1,1,-1
2015331500935,1,9,0,9,0,5,0,0,0,0,1,1,6,1,54,8,1398,1,1,-1,1,-1
2015331500936,1,9,0,5,0,1,0,0,0,0,2,1,6,2,-1,-1,1398,1,4,-1,3,-1
2015331500936,2,9,0,5,0,1,0,0,0,0,1,1,6,1,25,5,1360,1,13,-1,1,-1
2015331500936,3,9,0,5,0,1,0,0,0,0,0,1,6,1,-1,-1,-1,-1,-1,-1,-1,-1
2015331500937,1,4,0,3,0,2,0,0,0,0,1,1,1,1,17,4,125,1,-1,-1,2,-1
2015331500937,2,19,0,1,0,1,0,0,0,0,2,1,6,1,-1,-1,1968,2,2,-1,-1,-1
2015331500938,1,19,0,7,0,5,0,0,0,0,4,1,1,1,40,7,2298,2,-1,-1,1,-1
2015331500938,2,1,0,18,0,8,0,0,0,0,1,1,6,1,40,7,-1,-1,-1,-1,1,-1
2015331500939,1,9,0,17,0,0,5,0,8,10,3,1,6,1,30,6,3952,1,18,-1,2,-1
2015331500940,1,9,0,3,0,1,0,0,0,0,2,1,2,1,55,8,1995,2,-1,-1,1,-1
2015331500940,2,9,0,5,0,1,0,0,0,0,1,1,2,2,49,8,2993,2,3,-1,1,-1
2015331500942,1,1,0,18,0,2,0,0,0,0,1,1,6,1,19,4,-1,-1,-1,-1,-1,-1
2015331500942,2,9,0,18,0,2,0,0,0,0,1,1,6,2,-1,-1,-1,-1,-1,-1,-1,-1
2015331500943,1,9,0,17,0,8,0,0,0,0,1,1,2,1,35,6,998,1,12,-1,1,-1
2015331500943,2,8,0,7,0,6,0,0,0,0,1,1,1,1,46,8,1686,2,6,-1,1,-1
2015331500945,1,9,0,17,0,0,1,0,7,0,1,1,6,2,27,6,1686,2,10,-1,2,-1
2015331500946,1,9,0,18,0,0,0,0,0,0,1,1,6,1,27,6,1995,2,12,-1,-1,-1
2015331500946,2,9,0,4,0,0,0,0,0,0,2,1,6,2,46,8,1339,1,11,-1,1,-1
2015331500946,3,9,0,4,0,0,0,0,0,0,3,1,6,1,71,10,1989,1,15,-1,1,-1
2015331500947,1,9,0,6,0,0,0,0,0,0,3,1,6,2,-1,-1,1364,1,10,-1,1,-1
2015331500948,1,9,0,5,0,6,0,0,0,0,1,1,6,2,-1,-1,-1,-1,-1,-1,-1,-1
2015331500949,1,9,0,18,0,0,0,0,0,0,1,1,6,2,29,6,1598,1,7,-1,-1,-1
2015331500949,2,9,0,18,0,0,0,0,0,0,1,1,6,1,39,7,1598,1,1,-1,1,-1
2015331500949,3,9,0,18,0,0,0,0,0,0,1,1,6,1,32,6,-1,-1,-1,-1,1,-1
2015331500949,4,9,0,18,0,0,0,0,0,0,3,1,6,2,48,8,1598,1,12,-1,1,-1
2015331500950,1,9,0,18,0,8,0,9,0,0,1,1,1,2,25,5,1242,1,7,-1,1,-1
2015331500950,2,20,0,18,0,8,0,0,0,0,3,1,6,3,-1,-1,-1,-1,-1,-1,-1,-1
2015331500951,1,9,0,18,0,8,0,0,1,1,3,1,6,1,33,6,1995,2,7,-1,1,-1
2015331500951,2,9,0,18,0,6,0,0,0,0,4,1,6,1,30,6,2967,1,14,-1,-1,-1
2015331500952,1,9,0,4,0,1,0,0,0,0,1,1,6,2,45,7,2000,2,9,-1,3,-1
2015331500952,2,19,0,3,0,1,0,0,0,0,2,1,6,1,58,9,1753,2,9,-1,3,-1
2015331500953,1,9,0,4,0,1,0,0,0,0,2,1,6,1,28,6,1590,1,14,-1,1,-1
2015331500953,2,9,0,18,0,1,0,0,0,0,1,1,6,1,-1,-1,1560,2,1,-1,-1,-1
2015331500954,1,9,0,5,0,1,0,0,0,0,1,1,2,2,57,9,1368,1,1,-1,1,-1
2015331500954,2,9,0,3,0,1,0,0,0,0,2,1,2,1,56,9,2400,2,3,-1,1,-1
2015331500955,1,9,0,4,0,0,0,0,0,0,1,1,6,1,38,7,1994,1,11,-1,1,-1
2015331500956,1,9,0,9,0,5,1,0,0,0,4,1,1,1,23,5,1390,1,11,-1,1,-1
2015331500956,2,9,0,4,0,1,0,0,0,0,1,1,6,2,41,7,1397,1,5,-1,2,-1
2015331500957,1,9,0,17,0,1,0,0,1,9,4,1,1,2,35,6,1598,1,13,-1,1,-1
2015331500958,1,9,0,17,0,0,0,0,1,10,1,1,6,2,80,11,1242,1,17,-1,1,-1
2015331500959,1,3,0,17,0,0,0,0,1,0,1,1,6,1,18,4,125,1,8,-1,3,-1
2015331500960,1,1,0,18,0,8,0,0,0,0,4,1,6,1,21,5,-1,-1,-1,-1,1,-1
2015331500960,2,9,0,18,0,4,0,0,0,0,1,1,6,1,25,5,1995,2,4,-1,1,-1
2015331500961,1,9,0,18,0,3,1,10,0,0,4,1,6,1,18,4,973,1,14,-1,1,-1
2015331500962,1,9,0,9,0,8,0,0,0,0,3,1,6,2,29,6,1360,1,13,-1,1,-1
2015331500962,2,9,0,18,0,3,0,0,0,0,0,1,6,1,-1,-1,-1,-1,-1,-1,-1,-1
2015331500962,3,9,0,11,0,3,0,0,0,0,4,1,6,1,-1,-1,-1,-1,-1,-1,-1,-1
2015331500963,1,9,0,4,0,1,1,0,0,0,1,1,2,1,25,5,1968,2,5,-1,1,-1
2015331500963,2,9,0,18,0,1,0,0,0,0,2,1,2,2,40,7,1388,1,12,-1,-1,-1
2015331500963,3,9,0,18,0,1,0,0,0,0,2,1,2,1,30,6,1229,1,2,-1,1,-1
2015331500963,4,9,0,18,0,1,0,0,0,0,2,1,2,2,30,6,1560,2,1,-1,-1,-1
2015331500964,1,98,0,18,0,0,0,0,0,0,0,1,6,1,32,6,2402,2,5,-1,-1,-1
2015331500965,1,9,0,9,0,6,0,0,0,0,3,1,6,1,77,11,1399,2,2,-1,2,-1
2015331500965,2,19,0,18,0,8,1,0,1,0,1,1,1,1,56,9,-1,-1,-1,-1,2,-1
2015331500966,1,9,0,4,0,3,0,0,4,1,2,1,6,1,30,6,1995,2,4,-1,1,-1
2015331500966,2,9,0,18,0,3,0,0,0,0,1,1,6,1,30,6,1984,1,7,-1,-1,-1
2015331500966,3,9,0,12,0,3,0,0,0,0,0,1,6,3,-1,-1,1242,1,11,-1,-1,-1
2015331500968,1,9,0,1,0,6,0,0,0,0,2,1,6,3,-1,-1,-1,-1,-1,-1,-1,-1
2015331500968,2,1,0,18,0,8,0,0,0,0,1,1,6,1,13,3,-1,-1,-1,-1,1,-1
2015331500969,1,9,0,18,0,0,1,0,1,1,1,1,6,1,27,6,1995,1,14,-1,1,-1
2015331500970,1,9,0,5,0,1,0,0,0,0,2,1,6,2,31,6,1700,2,12,-1,1,-1
2015331500970,2,97,0,5,0,1,1,0,0,0,1,1,6,1,-1,-1,-1,-1,-1,-1,-1,-1
2015331500971,1,9,0,18,0,8,0,0,1,1,1,1,1,1,55,8,1560,2,8,-1,-1,-1
2015331500971,2,9,0,3,0,1,0,0,0,0,0,1,6,3,-1,-1,-1,-1,-1,-1,-1,-1
2015331500973,1,9,0,18,0,0,1,0,1,4,1,1,6,2,25,5,1598,1,12,-1,-1,-1
2015331500974,1,9,0,16,0,0,2,0,1,10,4,1,6,2,24,5,1248,1,6,-1,1,-1
2015331500975,1,9,0,18,0,3,0,10,0,0,2,1,6,2,30,6,1598,1,3,-1,1,-1
2015331500975,2,9,0,12,0,3,0,0,0,0,1,1,6,2,48,8,-1,-1,-1,-1,1,-1
2015331500976,1,9,0,9,5,5,0,0,0,0,1,1,6,3,-1,-1,1686,2,11,-1,-1,-1
2015331500976,2,1,0,18,5,8,0,0,0,0,1,1,6,1,18,4,-1,-1,-1,-1,1,-1
2015331500977,1,19,0,18,0,0,0,0,0,0,1,1,2,1,26,6,1995,2,7,-1,3,-1
2015331500977,2,21,1,18,0,0,0,0,0,0,2,1,1,1,64,9,12809,2,1,-1,1,-1
2015331500978,1,9,0,16,0,0,1,0,1,0,1,1,2,1,50,8,1560,2,9,-1,2,-1
2015331500978,2,9,0,17,0,0,0,0,0,0,1,1,2,1,37,7,1998,2,8,-1,1,-1
2015331500979,1,9,0,9,0,2,0,0,0,0,1,1,6,2,30,6,1796,7,10,-1,1,-1
2015331500980,1,19,0,10,0,8,0,0,0,0,2,1,2,1,55,8,1753,2,7,-1,3,-1