Accident_Index,Vehicle_Reference,Vehicle_Type,Towing_and_Articulation,Vehicle_Manoeuvre,Vehicle_Location-Restricted_Lane,Junction_Location,Skidding_and_Overturning,Hit_Object_in_Carriageway,Vehicle_Leaving_Carriageway,Hit_Object_off_Carriageway,1st_Point_of_Impact,Was_Vehicle_Left_Hand_Drive?,Journey_Purpose_of_Driver,Sex_of_Driver,Age_of_Driver,Age_Band_of_Driver,Engine_Capacity_(CC),Propulsion_Code,Age_of_Vehicle,Driver_IMD_Decile,Driver_Home_Area_Type,Vehicle_IMD_Decile
2015331501132,1,9,0,18,0,0,0,0,0,0,1,1,2,1,37,7,1796,1,16,-1,-1,-1
2015331501132,2,19,0,18,0,0,0,0,0,0,1,1,1,1,41,7,1995,2,1,-1,1,-1
2015331501132,3,8,0,18,0,0,0,0,0,0,3,1,1,1,55,8,1796,1,4,-1,1,-1
2015331501133,1,9,0,6,0,0,0,0,0,0,3,1,6,2,28,6,1995,2,2,-1,-1,-1
2015331501133,2,9,0,13,0,0,0,0,0,0,1,1,6,1,27,6,-1,-1,-1,-1,1,-1
2015331501134,1,3,0,17,0,0,0,10,1,2,1,1,2,1,20,4,-1,-1,-1,-1,1,-1
2015331501135,1,9,0,16,0,0,0,0,0,0,1,1,6,2,22,5,1598,1,8,-1,2,-1
2015331501135,2,9,0,17,0,0,0,0,1,9,3,1,6,1,38,7,1798,1,8,-1,1,-1
2015331501136,1,9,0,16,0,0,2,0,2,0,1,1,6,1,41,7,1998,1,16,-1,1,-1
2015331501137,1,9,0,15,0,0,0,0,0,0,1,1,2,1,63,9,-1,-1,-1,-1,1,-1
2015331501138,1,1,0,5,0,6,0,0,0,0,1,1,6,1,10,2,-1,-1,-1,-1,1,-1
2015331501138,2,9,0,18,0,2,0,0,0,0,1,1,1,1,38,7,1461,2,9,-1,1,-1
2015331501139,1,9,0,18,0,8,0,0,1,1,3,1,6,1,66,10,1796,1,10,-1,-1,-1
2015331501139,2,9,0,18,0,8,0,0,0,0,1,1,6,1,33,6,1400,1,10,-1,-1,-1
2015331501140,1,9,0,12,0,0,0,0,0,0,0,1,2,1,54,8,998,1,-1,-1,1,-1
2015331501140,2,9,0,4,0,0,1,0,0,0,1,1,2,1,24,5,1995,2,8,-1,1,-1
2015331501140,3,19,0,3,0,0,0,0,0,0,2,1,1,1,31,6,1995,2,4,-1,-1,-1
2015331501141,1,9,0,3,0,2,0,0,0,0,2,1,1,2,47,8,-1,-1,-1,-1,1,-1
2015331501141,2,9,0,18,0,2,0,0,0,0,1,1,1,1,46,8,1199,1,12,-1,1,-1
2015331501142,1,9,0,17,0,0,5,0,7,10,1,1,6,1,18,4,1398,2,13,-1,3,-1
2015331501143,1,9,0,14,0,0,0,0,0,0,3,1,6,2,64,9,1973,1,14,-1,3,-1
2015331501143,2,9,0,14,0,0,0,0,0,0,4,1,6,3,-1,-1,-1,-1,-1,-1,-1,-1
2015331501144,1,9,0,18,0,8,0,7,0,0,4,1,2,1,55,8,1461,2,-1,-1,1,-1
2015331501144,2,9,0,18,0,8,0,0,0,0,1,1,2,1,46,8,1461,2,1,-1,1,-1
2015331501145,1,9,0,4,0,1,0,0,0,0,1,1,6,1,-1,-1,1753,2,16,-1,1,-1
2015331501145,2,9,0,9,0,5,0,0,0,0,1,1,6,2,45,7,1794,1,11,-1,1,-1
2015331501146,1,9,0,3,0,8,0,0,0,0,2,1,6,2,37,7,1360,1,7,-1,1,-1
2015331501146,2,9,0,7,0,6,0,0,0,0,1,1,2,1,45,7,1997,1,10,-1,1,-1
2015331501147,1,19,0,18,0,1,0,0,0,0,4,1,6,1,52,8,2300,2,11,-1,1,-1
2015331501149,1,97,0,18,0,0,1,0,0,0,1,1,6,1,17,4,-1,-1,-1,-1,1,-1
2015331501149,2,97,0,18,0,0,1,0,0,0,0,1,6,1,17,4,-1,-1,-1,-1,-1,-1
2015331501150,1,9,0,18,0,6,0,0,0,0,1,1,6,1,18,4,-1,-1,-1,-1,-1,-1
2015331501150,2,1,0,18,0,8,0,0,0,0,2,1,6,2,40,7,-1,-1,-1,-1,2,-1
2015331501150,3,1,0,18,0,8,0,0,0,0,1,1,6,2,40,7,-1,-1,-1,-1,3,-1
2015331501151,1,9,0,18,0,1,2,10,7,1,1,1,6,1,41,7,2198,1,12,-1,-1,-1
2015331501152,1,9,0,18,0,4,1,0,0,0,0,1,6,1,21,5,1587,1,14,-1,1,-1
2015331501152,2,19,0,3,0,8,0,0,0,0,0,1,6,3,-1,-1,-1,-1,-1,-1,-1,-1
2015331501153,1,9,0,5,0,1,0,0,0,0,1,1,6,1,47,8,2979,1,15,-1,1,-1
2015331501153,2,9,0,8,0,1,0,0,0,0,2,1,1,1,48,8,1560,2,1,-1,1,-1
2015331501154,1,9,0,18,0,8,0,0,0,0,1,1,1,2,35,6,2198,1,15,-1,1,-1
2015331501154,2,5,0,9,0,6,0,0,0,0,3,1,6,1,18,4,1050,1,6,-1,1,-1
2015331501155,1,9,0,10,0,1,0,0,0,0,2,1,6,1,40,7,-1,-1,-1,-1,-1,-1
2015331501155,2,9,0,1,0,1,0,0,0,0,2,1,6,1,-1,-1,1240,1,10,-1,-1,-1
2015331501156,1,9,0,5,0,6,0,0,0,0,1,1,2,1,24,5,1242,1,17,-1,3,-1
2015331501156,2,1,0,18,0,8,0,0,0,0,4,1,2,1,37,7,-1,-1,-1,-1,1,-1
2015331501157,1,9,0,16,0,2,0,0,0,0,1,1,1,1,31,6,-1,-1,-1,-1,2,-1
2015331501157,2,19,0,17,0,1,0,0,1,0,1,1,1,2,54,8,-1,-1,-1,-1,2,-1
2015331501158,1,9,0,13,0,0,0,0,0,0,1,1,6,1,31,6,-1,-1,-1,-1,-1,-1
2015331501158,2,9,0,18,0,0,0,0,0,0,1,1,6,2,66,10,1595,1,5,-1,-1,-1
2015331501158,3,9,0,18,0,0,0,0,0,0,0,1,6,3,-1,-1,-1,-1,-1,-1,-1,-1
2015331501159,1,9,0,2,0,1,0,0,0,0,1,1,6,2,-1,-1,-1,-1,-1,-1,-1,-1
2015331501159,2,3,0,18,0,2,0,0,0,0,1,1,6,1,18,4,125,1,4,-1,1,-1
2015331501160,1,9,0,18,0,0,0,0,0,0,4,1,6,1,70,10,1796,1,12,-1,-1,-1
2015331501161,1,9,0,18,0,6,0,0,0,0,1,1,1,2,26,6,1360,1,14,-1,1,-1
2015331501161,2,9,0,18,0,8,0,0,0,0,4,1,6,1,41,7,1686,2,5,-1,1,-1
2015331501162,1,3,0,5,0,5,0,0,0,0,1,1,6,1,19,4,124,1,2,-1,1,-1
2015331501162,2,9,0,18,0,8,0,0,0,0,1,1,6,1,59,9,-1,-1,-1,-1,1,-1
2015331501163,1,9,0,5,9,8,0,0,0,0,1,1,6,1,20,4,1686,2,1,-1,1,-1
2015331501163,2,1,0,18,9,8,0,0,0,0,1,1,6,1,47,8,-1,-1,-1,-1,1,-1
2015331501164,1,20,0,12,0,0,0,0,0,0,3,1,1,1,50,8,5900,2,8,-1,1,-1
2015331501164,2,9,0,12,0,0,1,0,0,0,1,1,6,1,40,7,2143,2,1,-1,1,-1
2015331501164,3,9,0,4,0,0,1,0,5,6,1,1,2,1,33,6,2179,2,4,-1,1,-1
2015331501165,1,9,0,9,0,5,0,0,0,0,1,1,1,1,32,6,1998,1,3,-1,1,-1
2015331501165,2,3,0,18,0,8,0,0,0,0,3,1,6,2,31,6,125,1,1,-1,1,-1
2015331501166,1,1,0,18,0,0,1,0,7,0,4,1,6,1,11,3,-1,-1,-1,-1,1,-1
2015331501166,2,9,0,18,0,0,0,0,0,0,1,1,6,1,35,6,-1,-1,-1,-1,-1,-1
2015331501167,1,9,0,16,0,0,1,10,4,4,1,1,6,1,25,5,1995,1,7,-1,1,-1
2015331501168,1,9,0,18,0,1,0,0,0,0,1,1,1,1,28,6,1392,1,18,-1,1,-1
2015331501169,1,9,0,18,0,6,0,0,0,0,4,1,6,2,42,7,1599,1,11,-1,1,-1
2015331501169,2,9,0,18,0,8,0,0,0,0,1,1,6,1,35,6,1398,2,12,-1,1,-1
2015331501170,1,9,0,9,0,8,0,0,0,0,0,1,6,1,54,8,1968,2,3,-1,3,-1
2015331501170,2,9,0,18,0,8,0,0,0,0,1,1,1,1,61,9,2184,2,12,-1,1,-1
2015331501170,3,21,1,3,0,1,0,0,0,0,3,1,1,1,45,7,11705,2,7,-1,1,-1
2015331501171,1,9,0,18,0,8,0,0,0,0,1,1,6,1,23,5,1199,1,13,-1,1,-1
2015331501171,2,9,0,9,0,6,0,0,0,0,1,1,6,2,47,8,1596,1,8,-1,1,-1
2015331501172,1,9,0,16,0,0,0,0,0,0,1,1,2,1,67,10,1995,1,9,-1,1,-1
2015331501172,2,9,0,17,0,0,0,0,0,0,1,1,2,1,28,6,1997,1,11,-1,1,-1
2015331501173,1,9,0,17,0,0,0,0,0,0,1,1,6,1,35,6,1984,1,1,-1,-1,-1
2015331501173,2,17,4,17,0,0,0,0,0,0,2,1,1,1,19,4,6750,2,6,-1,-1,-1
2015331501174,1,9,0,9,0,6,0,0,0,0,1,1,2,2,23,5,1242,1,13,-1,1,-1
2015331501174,2,9,0,16,0,8,0,0,0,0,3,1,6,2,29,6,-1,-1,-1,-1,3,-1
2015331501175,1,9,0,4,0,8,1,0,0,0,1,1,6,1,20,4,2497,2,9,-1,1,-1
2015331501175,2,9,0,10,0,8,1,0,7,9,2,1,6,2,47,8,998,1,12,-1,1,-1
2015331501176,1,9,0,3,0,0,0,0,0,0,2,1,6,1,19,4,1364,1,7,-1,1,-1
2015331501176,2,9,0,3,0,0,0,0,0,0,2,1,6,2,24,5,-1,-1,-1,-1,1,-1
2015331501176,3,8,0,3,0,0,0,0,0,0,2,1,2,1,59,9,-1,-1,-1,-1,3,-1
2015331501176,4,8,0,4,0,0,0,0,0,0,1,1,2,1,22,5,-1,-1,-1,-1,1,-1
2015331501177,1,9,0,4,0,8,0,0,0,0,2,1,1,2,32,6,1896,2,11,-1,-1,-1
2015331501177,2,9,0,4,0,8,0,0,0,0,1,1,1,2,47,8,1364,1,9,-1,-1,-1
2015331501177,3,8,0,4,0,8,1,0,0,0,1,1,1,1,38,7,1896,2,9,-1,-1,-1
2015331501178,1,9,0,16,0,0,0,0,0,0,1,1,6,1,-1,-1,-1,-1,-1,-1,-1,-1
2015331501178,2,9,0,17,0,0,0,0,0,0,1,1,6,2,57,9,2199,2,5,-1,1,-1
2015331501179,1,5,0,18,0,0,0,0,0,0,0,1,6,1,28,6,998,1,6,-1,-1,-1
2015331501180,1,9,0,18,0,0,1,0,0,0,1,1,6,1,67,10,1461,2,5,-1,1,-1
2015331501181,1,5,0,18,0,1,1,0,0,0,1,1,6,1,34,6,599,1,8,-1,-1,-1
2015331501182,1,9,0,18,0,8,0,0,0,0,1,1,6,1,26,6,998,1,14,-1,1,-1
2015331501182,2,9,0,9,0,5,0,0,0,0,4,1,6,2,-1,-1,1988,1,11,-1,-1,-1
2015331501183,1,9,0,18,0,2,0,0,0,0,3,1,6,1,33,6,1998,1,11,-1,1,-1
2015331501184,1,9,0,18,0,1,0,0,0,0,1,1,6,2,40,7,1598,2,5,-1,1,-1
2015331501184,2,1,0,18,0,8,0,0,0,0,1,1,6,1,85,11,-1,-1,-1,-1,-1,-1
2015331501185,1,11,0,5,0,0,0,0,0,0,1,1,1,1,52,8,9200,2,13,-1,1,-1
2015331501187,1,9,0,16,0,0,0,0,1,4,1,1,6,2,33,6,1781,1,12,-1,1,-1
2015331501188,1,9,0,9,0,5,0,0,0,0,1,1,6,2,25,5,1248,2,8,-1,-1,-1
2015331501188,2,5,0,18,0,8,0,0,0,0,1,1,6,1,54,8,942,1,2,-1,1,-1
2015331501189,1,9,0,18,0,0,2,10,8,6,1,1,6,1,62,9,-1,-1,-1,-1,1,-1
2015331501190,1,9,0,18,0,6,0,0,0,0,1,1,6,1,41,7,1753,2,5,-1,1,-1
2015331501190,2,8,0,18,0,8,0,0,0,0,1,1,1,1,51,8,1968,2,5,-1,1,-1
2015331501191,1,9,0,9,0,5,0,0,0,0,4,1,6,1,28,6,1896,2,7,-1,1,-1
2015331501191,2,9,0,18,0,8,0,0,0,0,1,1,6,2,48,8,1398,2,13,-1,1,-1
2015331501192,1,19,0,17,0,0,2,10,1,3,3,1,1,1,41,7,-1,-1,-1,-1,1,-1
2015331501192,2,9,0,16,0,0,0,0,1,3,3,1,6,1,43,7,2495,2,13,-1,3,-1
2015331501193,1,9,0,4,0,8,0,0,1,9,2,1,1,1,44,7,1984,1,7,-1,1,-1
2015331501193,2,19,0,18,0,8,0,0,0,0,1,1,1,1,20,4,1753,2,11,-1,3,-1
2015331501194,1,9,0,18,0,0,1,0,7,6,2,1,6,1,71,10,1461,2,1,-1,1,-1
2015331501194,2,9,0,18,0,0,0,0,0,0,1,1,6,2,29,6,-1,-1,-1,-1,-1,-1
2015331501195,1,9,0,18,0,0,0,0,0,0,1,1,6,1,39,7,1598,1,8,-1,1,-1
2015331501196,1,9,0,4,0,1,0,0,0,0,2,1,1,1,28,6,1598,1,6,-1,1,-1
2015331501196,2,9,0,18,0,1,0,0,0,0,1,1,1,2,54,8,1796,1,5,-1,1,-1
2015331501197,1,5,0,17,0,0,0,0,1,9,1,1,6,1,39,7,1202,1,-1,-1,2,-1
2015331501198,1,9,0,18,0,8,0,0,0,0,4,1,6,2,32,6,1461,2,2,-1,3,-1
2015331501198,2,9,0,18,0,4,0,0,0,0,1,1,6,1,52,8,1396,1,10,-1,2,-1
2015331501199,1,21,1,2,0,0,0,0,0,0,2,1,1,1,58,9,12777,2,2,-1,1,-1
2015331501199,2,21,1,4,0,0,1,0,1,9,1,1,1,1,57,9,2998,2,-1,-1,1,-1
2015331501200,1,9,0,4,0,1,1,0,0,0,1,1,6,1,21,5,-1,-1,-1,-1,1,-1
2015331501200,2,9,0,18,0,1,5,0,1,2,1,1,6,1,20,4,1968,2,8,-1,1,-1
2015331501200,3,9,0,10,0,1,0,0,0,0,2,1,6,1,54,8,1600,1,10,-1,1,-1
2015331501201,1,21,0,17,0,8,1,0,0,0,1,1,1,1,33,6,10677,2,-1,-1,1,-1
2015331501201,2,19,0,7,0,6,0,0,0,0,1,1,6,1,43,7,1997,2,9,-1,1,-1
2015331501202,1,9,0,5,0,1,0,0,0,0,1,1,6,1,31,6,2793,1,18,-1,1,-1
2015331501203,1,1,0,18,0,1,0,0,0,0,1,1,6,2,24,5,-1,-1,-1,-1,-1,-1
2015331501204,1,9,0,5,0,4,0,0,0,0,3,1,1,1,40,7,1560,2,3,-1,2,-1
2015331501204,2,1,0,18,0,8,0,0,0,0,1,1,1,1,34,6,-1,-1,-1,-1,1,-1
2015331501205,1,9,0,18,0,0,0,0,0,0,4,1,6,1,84,11,1995,2,5,-1,2,-1
2015331501206,1,9,0,18,0,8,0,0,0,0,4,1,1,1,38,7,1398,1,-1,-1,-1,-1
2015331501206,2,9,0,18,0,8,0,0,0,0,1,1,1,1,21,5,1598,1,2,-1,-1,-1
2015331501207,1,19,0,7,0,6,0,0,0,0,1,1,6,1,-1,-1,2402,2,5,-1,2,-1
2015331501207,2,1,0,18,0,8,0,0,0,0,3,1,1,1,27,6,-1,-1,-1,-1,1,-1
2015331501209,1,9,0,18,0,3,0,0,0,0,3,1,6,2,27,6,1360,1,10,-1,1,-1
2015331501209,2,9,0,18,0,3,1,0,0,0,4,1,6,1,24,5,1984,1,6,-1,1,-1
2015331501210,1,9,0,5,0,5,0,0,0,0,1,1,6,1,52,8,1799,1,8,-1,-1,-1
2015331501210,2,9,0,5,0,8,0,0,2,2,4,1,6,1,30,6,998,1,14,-1,1,-1
2015331501211,1,9,0,18,0,1,0,0,0,0,1,1,6,1,42,7,-1,-1,-1,-1,-1,-1
2015331501211,2,9,0,3,0,1,0,0,0,0,2,1,6,1,45,7,-1,-1,-1,-1,1,-1
2015331501212,1,9,0,1,0,6,0,0,0,0,2,1,6,1,60,9,-1,-1,-1,-1,1,-1
2015331501213,1,9,0,4,0,0,0,0,0,0,1,1,6,1,27,6,1896,2,10,-1,1,-1
2015331501214,1,9,0,5,9,8,0,0,0,0,1,1,6,2,29,6,1984,1,11,-1,1,-1
2015331501214,2,1,0,18,8,8,0,0,0,0,1,1,2,1,30,6,-1,-1,-1,-1,1,-1
2015331501216,1,9,0,18,0,0,0,0,0,0,3,1,6,1,21,5,1997,2,6,-1,1,-1
2015331501216,2,9,0,18,0,0,0,0,7,9,3,1,6,2,31,6,1399,2,5,-1,1,-1
2015331501217,1,9,0,18,6,0,2,0,0,0,4,1,6,1,28,6,1997,2,12,-1,-1,-1
2015331501217,2,21,1,2,6,0,0,0,0,0,3,1,1,1,31,6,-1,-1,-1,-1,-1,-1
2015331501218,1,9,0,18,0,0,1,0,0,0,1,1,6,1,36,7,1595,1,15,-1,1,-1
2015331501218,2,9,0,18,0,0,0,0,0,0,1,1,6,2,44,7,1598,1,10,-1,1,-1
2015331501219,1,9,0,5,0,4,0,0,0,0,1,1,1,2,38,7,998,1,3,-1,1,-1
2015331501219,2,1,0,18,0,8,0,0,0,0,1,1,6,1,56,9,-1,-1,-1,-1,1,-1
2015331501220,1,9,0,3,0,0,0,0,0,0,1,1,2,2,45,7,1970,1,13,-1,1,-1
2015331501220,2,9,0,1,0,0,0,0,0,0,2,1,6,1,30,6,1895,1,16,-1,1,-1
2015331501221,1,21,1,9,0,8,0,0,1,1,4,1,6,3,-1,-1,-1,-1,-1,-1,-1,-1
2015331501223,1,9,0,2,0,0,0,0,0,0,2,1,1,1,41,7,2993,2,-1,-1,1,-1
2015331501223,2,9,0,4,0,0,0,0,0,0,1,1,1,1,43,7,2993,2,4,-1,1,-1
2015331501224,1,2,0,18,0,0,0,0,0,0,4,1,6,1,23,5,49,1,5,-1,1,-1
2015331501224,2,9,0,2,0,0,0,0,0,0,3,1,6,2,-1,-1,1598,1,15,-1,-1,-1
2015331501225,1,9,0,6,0,0,0,0,0,0,1,1,6,1,89,11,1988,1,19,-1,1,-1
2015331501225,2,3,0,18,0,0,0,0,0,0,2,1,1,1,24,5,125,1,9,-1,1,-1
2015331501226,1,9,0,7,0,2,0,0,0,0,1,1,6,1,33,6,2982,2,7,-1,3,-1
2015331501226,2,9,0,18,0,1,0,0,0,0,1,1,1,1,38,7,-1,-1,-1,-1,3,-1
2015331501227,1,9,0,5,0,6,0,0,0,0,1,1,6,2,46,8,2926,2,12,-1,1,-1
2015331501227,2,1,0,18,0,8,0,0,0,0,1,1,6,1,53,8,-1,-1,-1,-1,1,-1
2015331501228,1,9,0,18,0,8,0,0,0,0,1,1,1,1,26,6,1242,1,8,-1,2,-1
2015331501228,2,20,0,4,0,8,0,0,0,0,2,1,1,3,50,8,-1,-1,-1,-1,-1,-1
2015331501230,1,9,0,5,0,8,0,0,7,10,1,1,6,1,60,9,1332,1,17,-1,1,-1
2015331501230,2,9,0,18,0,8,0,0,1,2,1,1,6,1,27,6,1497,1,12,-1,-1,-1
2015331501231,1,9,0,11,0,3,0,0,0,0,4,1,6,2,36,7,1598,1,9,-1,1,-1
2015331501231,2,9,0,11,0,3,0,0,0,0,1,1,6,1,50,8,-1,-1,-1,-1,2,-1
2015331501232,1,9,0,16,0,1,1,0,1,11,1,1,6,1,-1,-1,1997,2,12,-1,-1,-1
2015331501233,1,9,0,17,0,0,0,0,0,0,1,1,6,1,44,7,1998,2,-1,-1,3,-1
2015331501233,2,9,0,16,0,0,0,0,7,9,1,1,1,2,37,7,698,1,10,-1,2,-1
2015331501234,1,9,0,18,0,8,0,0,0,0,1,1,6,1,24,5,1493,1,16,-1,2,-1
2015331501234,2,1,0,9,0,5,0,0,0,0,1,1,6,1,34,6,-1,-1,-1,-1,1,-1
2015331501234,3,9,0,18,0,2,0,0,0,0,0,1,6,3,-1,-1,-1,-1,-1,-1,-1,-1
2015331501235,1,9,0,4,0,0,1,0,1,4,1,1,1,1,20,4,1198,1,10,-1,1,-1
2015331501236,1,9,0,9,0,5,0,0,0,0,1,1,6,1,54,8,-1,-1,-1,-1,1,-1
2015331501236,2,5,0,18,0,8,0,0,0,0,1,1,6,1,41,7,1085,1,18,-1,-1,-1
2015331501237,1,9,0,18,0,8,1,10,3,10,1,1,6,1,26,6,-1,-1,-1,-1,1,-1
2015331501238,1,2,0,18,0,8,0,0,0,0,2,1,6,1,17,4,49,1,-1,-1,2,-1
2015331501238,2,9,0,18,0,8,0,0,0,0,1,1,6,1,45,7,1242,1,3,-1,1,-1
2015331501239,1,9,0,5,0,0,0,0,0,0,1,1,6,2,43,7,1388,1,12,-1,1,-1
2015331501240,1,9,0,13,0,8,0,0,0,0,4,1,6,3,-1,-1,-1,-1,-1,-1,-1,-1
2015331501240,2,1,0,18,0,8,0,0,0,0,3,1,6,1,40,7,-1,-1,-1,-1,3,-1
2015331501241,1,9,0,13,0,0,0,0,0,0,1,1,1,1,18,4,1490,1,9,-1,2,-1
2015331501241,2,19,0,4,0,0,0,0,0,0,2,1,1,1,49,8,2500,2,16,-1,1,-1
2015331501242,1,9,0,18,0,2,0,0,0,0,1,1,6,2,28,6,1796,1,13,-1,1,-1
2015331501242,2,9,0,5,0,1,0,0,0,0,1,1,6,1,55,8,-1,-1,-1,-1,1,-1
2015331501243,1,9,0,13,0,1,0,0,0,0,1,1,6,1,26,6,1997,1,13,-1,1,-1
2015331501243,2,9,0,4,0,1,0,0,0,0,2,1,6,2,59,9,1461,2,1,-1,1,-1
2015331501243,3,9,0,4,0,1,0,0,0,0,2,1,6,1,22,5,1900,2,10,-1,1,-1
2015331501243,4,9,0,4,0,1,0,0,0,0,3,1,6,2,52,8,1986,2,9,-1,1,-1
2015331501244,1,9,0,18,0,0,0,0,0,0,4,1,6,2,24,5,-1,-1,-1,-1,3,-1
2015331501244,2,1,0,18,0,0,0,0,0,0,1,1,6,1,-1,-1,-1,-1,-1,-1,-1,-1
2015331501245,1,3,0,4,0,0,0,0,0,0,3,1,6,1,18,4,124,1,13,-1,1,-1
2015331501245,2,16,0,18,0,0,0,0,0,0,0,1,6,3,-1,-1,-1,-1,-1,-1,-1,-1
2015331501246,1,1,0,18,0,0,0,0,0,0,1,1,6,1,69,10,-1,-1,-1,-1,1,-1
2015331501247,1,5,0,16,0,0,0,0,0,0,3,1,6,1,25,5,988,1,13,-1,-1,-1
2015331501247,2,9,0,17,0,0,0,0,0,0,1,1,6,1,84,11,1388,1,3,-1,1,-1
2015331501248,1,9,0,1,0,1,0,0,0,0,2,1,6,1,25,5,1968,2,5,-1,1,-1
2015331501249,1,9,0,18,0,1,0,4,0,0,1,1,6,1,24,5,1686,2,12,-1,1,-1
2015331501249,2,9,0,2,0,1,0,0,0,0,2,1,6,3,-1,-1,1796,1,8,-1,-1,-1
2015331501249,3,9,0,6,0,2,0,0,0,0,0,1,6,3,-1,-1,-1,-1,-1,-1,-1,-1
2015331501250,1,9,0,18,0,1,0,0,0,0,1,1,6,1,-1,-1,-1,-1,-1,-1,-1,-1
2015331501250,2,9,0,3,0,1,0,0,0,0,2,1,6,1,52,8,-1,-1,-1,-1,1,-1
2015331501251,1,9,0,5,0,8,0,0,0,0,3,1,6,1,45,7,1598,1,7,-1,1,-1
2015331501251,2,1,0,18,0,8,0,0,0,0,1,1,6,1,69,10,-1,-1,-1,-1,1,-1
2015331501252,1,1,0,18,5,0,0,0,0,0,1,1,6,1,19,4,-1,-1,-1,-1,1,-1
2015331501253,1,21,0,18,0,0,0,0,0,0,1,1,1,1,65,9,-1,-1,-1,-1,3,-1
2015331501253,2,9,0,4,0,0,0,0,0,0,2,1,6,1,48,8,1968,2,-1,-1,1,-1
2015331501254,1,1,0,18,0,0,0,0,1,9,3,1,6,1,25,5,-1,-1,-1,-1,3,-1
2015331501254,2,9,0,18,0,0,0,0,0,0,1,1,6,3,-1,-1,-1,-1,-1,-1,-1,-1
2015331501255,1,9,0,18,0,1,0,0,0,0,1,1,2,1,47,8,1753,2,6,-1,1,-1
2015331501255,2,9,0,3,0,1,0,0,0,0,2,1,6,1,-1,-1,1299,1,12,-1,-1,-1
2015331501256,1,9,0,18,0,2,0,0,0,0,1,1,6,1,28,6,998,1,13,-1,-1,-1
2015331501256,2,9,0,3,0,2,0,0,0,0,2,1,6,1,48,8,1798,1,8,-1,1,-1
2015331501257,1,9,0,18,0,0,0,0,0,0,1,1,6,3,40,7,1995,1,10,-1,-1,-1
2015331501257,2,9,0,2,0,0,0,0,0,0,4,1,6,2,61,9,998,1,-1,-1,3,-1
2015331501258,1,19,0,14,0,0,0,0,0,0,4,1,1,2,53,8,1598,2,1,-1,1,-1
2015331501258,2,11,0,3,0,0,0,0,0,0,0,1,1,3,-1,-1,-1,-1,-1,-1,-1,-1
2015331501259,1,9,0,7,0,5,0,0,0,0,4,1,6,2,70,10,1995,2,3,-1,1,-1
2015331501259,2,1,0,7,0,5,0,0,0,0,3,1,6,1,20,4,-1,-1,-1,-1,-1,-1
2015331501260,1,1,0,18,0,6,0,0,0,0,1,1,6,1,30,6,-1,-1,-1,-1,-1,-1
2015331501260,2,19,0,8,0,1,0,0,0,0,4,1,6,2,34,6,1598,2,1,-1,1,-1
2015331501261,1,9,0,18,0,0,2,0,1,7,1,1,6,2,39,7,1896,2,12,-1,1,-1
2015331501263,1,9,0,18,0,0,0,0,0,0,2,1,1,1,31,6,1388,1,5,-1,1,-1
2015331501263,2,9,0,4,0,0,0,0,0,2,2,1,1,1,33,6,1896,2,13,-1,1,-1
2015331501263,3,9,0,4,0,0,1,0,0,0,2,1,1,1,49,8,2184,2,10,-1,2,-1
2015331501263,4,9,0,18,0,0,0,0,0,0,1,1,1,1,54,8,1995,2,10,-1,1,-1
2015331501265,1,19,0,16,0,0,1,0,7,11,1,1,1,1,26,6,2198,2,3,-1,3,-1
2015331501266,1,9,0,18,0,8,1,0,0,0,1,1,6,1,44,7,1753,2,13,-1,1,-1
2015331501266,2,9,0,2,0,8,0,0,1,0,0,1,6,3,-1,-1,1896,2,10,-1,1,-1
2015331501266,3,9,0,5,0,6,0,0,0,0,0,1,6,3,-1,-1,-1,-1,-1,-1,-1,-1
2015331501267,1,2,0,13,0,0,0,0,0,0,4,1,6,1,26,6,49,1,6,-1,3,-1
2015331501267,2,16,0,18,0,0,0,0,0,0,0,1,6,3,-1,-1,-1,-1,-1,-1,-1,-1
2015331501268,1,9,0,18,0,0,0,0,1,4,1,1,6,2,26,6,1149,1,7,-1,2,-1
2015331501270,1,9,0,17,0,0,0,0,0,0,1,1,6,1,26,6,1697,1,15,-1,1,-1
2015331501270,2,9,0,16,0,0,0,0,0,0,1,1,6,1,31,6,1798,1,9,-1,1,-1
2015331501271,1,9,0,16,0,0,2,0,7,4,4,1,6,2,24,5,1242,1,7,-1,1,-1
2015331501272,1,9,0,2,0,0,0,0,0,0,2,1,2,1,41,7,2179,2,7,-1,1,-1
2015331501272,2,9,0,18,0,0,0,0,0,0,1,1,2,2,25,5,1242,1,5,-1,1,-1
2015331501273,1,9,0,4,0,0,0,0,0,0,1,1,3,1,27,6,1998,1,-1,-1,-1,-1
2015331501273,2,9,0,3,0,0,0,0,0,0,2,1,2,1,40,7,1598,2,1,-1,2,-1
2015331501274,1,98,0,18,0,8,0,0,0,0,1,1,1,1,25,5,2400,2,11,-1,3,-1
2015331501274,2,1,0,9,0,6,0,0,0,0,3,1,6,1,45,7,-1,-1,-1,-1,1,-1
2015331501275,1,9,0,6,8,0,0,0,0,0,3,1,6,2,35,6,1598,1,4,-1,1,-1
2015331501275,2,20,0,18,0,0,0,0,0,0,1,1,1,1,31,6,3920,2,5,-1,3,-1