Accident_Index,Vehicle_Reference,Vehicle_Type,Towing_and_Articulation,Vehicle_Manoeuvre,Vehicle_Location-Restricted_Lane,Junction_Location,Skidding_and_Overturning,Hit_Object_in_Carriageway,Vehicle_Leaving_Carriageway,Hit_Object_off_Carriageway,1st_Point_of_Impact,Was_Vehicle_Left_Hand_Drive?,Journey_Purpose_of_Driver,Sex_of_Driver,Age_of_Driver,Age_Band_of_Driver,Engine_Capacity_(CC),Propulsion_Code,Age_of_Vehicle,Driver_IMD_Decile,Driver_Home_Area_Type,Vehicle_IMD_Decile
2015331501416,2,11,0,4,0,1,0,0,0,0,0,1,1,1,60,9,7300,2,7,-1,1,-1
2015331501417,1,9,0,4,0,0,0,0,0,0,2,1,2,2,34,6,1870,2,10,-1,1,-1
2015331501417,2,9,0,5,0,0,0,0,0,0,1,1,2,1,22,5,1149,1,12,-1,2,-1
2015331501418,1,1,0,18,0,0,0,0,0,0,0,1,2,2,32,6,-1,-1,-1,-1,-1,-1
2015331501420,1,9,0,5,0,6,0,0,0,0,1,1,2,2,33,6,1796,1,14,-1,1,-1
2015331501420,2,1,0,18,0,6,0,0,0,0,4,1,6,1,31,6,-1,-1,-1,-1,1,-1
2015331501421,1,9,0,3,9,8,0,0,0,0,4,1,2,1,48,8,1956,2,-1,-1,1,-1
2015331501421,2,1,0,4,9,8,0,0,0,0,1,1,6,1,47,8,-1,-1,-1,-1,1,-1
2015331501423,1,9,0,9,0,6,0,0,0,0,4,1,6,2,36,7,1596,1,13,-1,1,-1
2015331501423,2,9,0,18,0,8,0,0,0,0,1,1,6,1,35,6,1968,2,8,-1,1,-1
2015331501424,1,9,0,18,0,8,0,0,0,0,1,1,6,2,19,4,1229,1,10,-1,1,-1
2015331501424,2,2,0,9,0,5,0,0,0,0,2,1,6,2,19,4,49,1,-1,-1,3,-1
2015331501425,1,1,0,18,9,8,0,0,0,0,1,1,1,1,22,5,-1,-1,-1,-1,1,-1
2015331501425,2,9,0,1,9,8,0,0,0,0,4,1,6,1,-1,-1,1598,1,16,-1,-1,-1
2015331501426,1,9,0,18,0,8,0,0,0,0,3,1,6,1,58,9,1498,1,5,-1,-1,-1
2015331501426,2,9,0,5,0,8,0,0,0,0,4,1,6,1,33,6,2979,1,12,-1,1,-1
2015331501427,1,19,0,18,0,8,0,0,0,0,3,1,1,1,72,10,2800,2,9,-1,3,-1
2015331501427,2,9,0,18,0,8,0,0,0,0,4,1,1,2,20,4,1229,1,11,-1,1,-1
2015331501428,1,9,0,18,0,0,0,0,0,0,1,1,6,2,29,6,2148,2,9,-1,1,-1
2015331501429,1,9,0,1,0,6,0,0,0,0,3,1,6,1,40,7,1598,1,10,-1,1,-1
2015331501429,2,19,0,3,0,8,0,0,0,0,0,1,6,3,-1,-1,-1,-1,-1,-1,-1,-1
2015331501430,1,9,0,9,0,4,0,0,0,0,1,1,6,2,34,6,1598,1,2,-1,1,-1
2015331501430,2,1,0,18,0,8,0,0,0,0,1,1,6,1,60,9,-1,-1,-1,-1,1,-1
2015331501432,1,2,0,13,0,8,0,0,7,0,1,1,6,1,16,4,49,1,-1,-1,2,-1
2015331501432,2,9,0,9,0,5,0,0,0,0,3,1,1,1,39,7,1995,2,1,-1,2,-1
2015331501434,1,9,0,3,0,0,0,0,0,0,2,1,6,2,40,7,1461,2,1,-1,-1,-1
2015331501434,2,9,0,18,0,0,0,0,0,0,1,1,6,1,35,6,1753,2,13,-1,-1,-1
2015331501434,3,9,0,18,0,0,0,0,0,0,1,1,6,2,41,7,1396,1,-1,-1,-1,-1
2015331501434,4,9,0,18,0,0,0,0,0,0,1,1,6,3,-1,-1,-1,-1,-1,-1,-1,-1
2015331501434,5,19,0,4,0,0,0,0,0,0,0,1,1,3,-1,-1,-1,-1,-1,-1,-1,-1
2015331501435,1,9,0,5,0,1,0,0,0,0,1,1,6,2,-1,-1,-1,-1,-1,-1,-1,-1
2015331501435,2,9,0,3,0,1,0,0,0,0,2,1,6,2,29,6,1396,1,12,-1,1,-1
2015331501436,1,9,0,4,0,1,1,0,0,0,1,1,6,1,19,4,1396,1,14,-1,-1,-1
2015331501436,2,9,0,3,0,1,0,0,0,0,2,1,2,2,25,5,1240,1,9,-1,1,-1
2015331501437,1,9,0,7,0,3,0,0,0,0,4,1,6,3,30,6,-1,-1,-1,-1,-1,-1
2015331501437,2,1,0,18,0,4,0,0,0,0,1,1,6,2,46,8,-1,-1,-1,-1,2,-1
2015331501438,1,9,0,18,0,0,0,0,0,0,1,1,6,1,30,6,1968,2,9,-1,-1,-1
2015331501438,2,9,0,3,0,0,0,0,0,0,2,1,6,1,58,9,1598,1,9,-1,1,-1
2015331501439,1,9,0,18,0,4,0,0,0,0,1,1,6,2,40,7,-1,-1,-1,-1,-1,-1
2015331501439,2,1,0,9,0,8,0,0,0,0,1,1,6,1,26,6,-1,-1,-1,-1,1,-1
2015331501441,1,9,0,1,0,0,0,0,0,0,2,1,6,2,34,6,1598,1,8,-1,-1,-1
2015331501442,1,9,0,4,0,1,0,0,0,0,1,1,6,2,27,6,1997,2,12,-1,2,-1
2015331501442,2,8,0,3,0,1,0,0,0,0,2,1,1,1,43,7,1896,2,11,-1,1,-1
2015331501443,1,9,0,5,0,2,0,0,0,0,3,1,6,1,30,6,1149,1,7,-1,1,-1
2015331501444,1,9,0,18,0,1,0,0,0,0,1,1,6,3,-1,-1,-1,-1,-1,-1,-1,-1
2015331501444,2,1,0,18,0,1,0,0,0,0,4,1,6,1,15,3,-1,-1,-1,-1,-1,-1
2015331501445,1,9,0,18,0,0,0,0,0,0,1,1,6,2,23,5,1296,1,9,-1,1,-1
2015331501446,1,21,0,12,0,0,0,0,0,0,2,1,1,1,61,9,7790,2,2,-1,2,-1
2015331501446,2,9,0,4,0,0,0,0,0,0,1,1,2,2,25,5,1598,1,10,-1,3,-1
2015331501446,3,9,0,4,0,0,0,0,0,0,1,1,2,2,21,5,899,1,17,-1,1,-1
2015331501447,1,9,0,5,0,1,0,0,0,0,1,1,1,2,29,6,973,1,12,-1,3,-1
2015331501447,2,9,0,3,0,1,0,0,0,0,2,1,6,2,66,10,1398,2,12,-1,2,-1
2015331501448,1,9,0,18,0,2,0,0,0,0,1,1,6,2,74,10,1242,1,-1,-1,1,-1
2015331501449,1,9,0,18,0,0,0,0,1,4,3,1,6,1,22,5,1995,2,10,-1,-1,-1
2015331501451,1,9,0,17,0,0,0,0,0,0,1,1,1,1,31,6,2402,2,8,-1,-1,-1
2015331501451,2,9,0,16,0,0,0,0,1,0,1,1,6,1,50,8,3800,1,4,-1,3,-1
2015331501452,1,5,0,3,0,1,0,0,0,0,2,1,6,1,52,8,-1,-1,-1,-1,1,-1
2015331501452,2,9,0,5,0,1,0,0,0,0,1,1,6,2,49,8,1994,1,12,-1,1,-1
2015331501454,1,9,0,16,0,0,1,0,1,9,1,1,1,2,50,8,1598,1,2,-1,3,-1
2015331501454,2,9,0,17,0,0,2,0,1,9,3,1,6,1,52,8,1242,1,4,-1,3,-1
2015331501455,1,3,0,16,0,2,0,0,0,0,1,1,6,1,23,5,124,1,5,-1,1,-1
2015331501455,2,10,0,17,0,1,0,0,0,0,1,1,1,2,56,9,-1,-1,-1,-1,1,-1
2015331501456,1,9,0,4,9,0,0,0,7,0,3,1,2,1,33,6,1896,2,16,-1,1,-1
2015331501456,2,1,0,18,9,0,0,0,0,0,1,1,6,1,17,4,-1,-1,-1,-1,1,-1
2015331501457,1,9,0,3,0,1,0,0,0,0,2,1,6,1,45,7,1995,2,12,-1,1,-1
2015331501457,2,9,0,4,0,1,1,0,0,0,1,1,6,2,35,6,1796,1,1,-1,1,-1
2015331501458,1,19,0,18,0,0,1,0,1,7,1,1,6,1,51,8,-1,-1,-1,-1,1,-1
2015331501458,2,21,1,12,0,0,1,0,0,0,4,1,1,1,53,8,10518,2,5,-1,1,-1
2015331501460,1,9,0,9,0,6,0,0,0,0,1,1,6,1,25,5,1598,1,10,-1,1,-1
2015331501461,1,9,0,17,0,0,1,4,0,0,1,1,6,1,29,6,1796,1,14,-1,1,-1
2015331501461,2,9,0,2,0,0,0,10,2,10,1,1,6,3,-1,-1,1995,2,6,-1,-1,-1
2015331501462,1,9,0,3,0,0,0,0,0,0,2,1,6,2,38,7,1596,1,8,-1,1,-1
2015331501462,2,9,0,16,0,0,1,0,0,0,3,1,6,1,22,5,1598,1,12,-1,2,-1
2015331501463,1,9,0,2,0,0,0,0,0,0,0,1,6,2,-1,-1,-1,-1,-1,-1,-1,-1
2015331501463,2,9,0,4,0,0,0,0,0,0,1,1,1,1,30,6,1598,1,7,-1,1,-1
2015331501464,1,1,0,18,0,8,0,0,0,0,3,1,6,2,24,5,-1,-1,-1,-1,1,-1
2015331501464,2,9,0,18,0,6,0,0,0,0,1,1,6,1,-1,-1,-1,-1,-1,-1,-1,-1
2015331501465,1,5,0,18,0,8,0,0,0,0,4,1,6,1,50,8,749,1,11,-1,1,-1
2015331501465,2,9,0,9,0,6,0,0,0,0,1,1,6,2,37,7,1390,1,16,-1,1,-1
2015331501466,1,8,0,13,0,1,0,0,0,0,4,1,1,1,40,7,1956,2,3,-1,1,-1
2015331501466,2,9,0,12,0,1,0,0,0,0,3,1,6,2,70,10,1388,1,13,-1,1,-1
2015331501467,1,9,0,18,0,0,0,0,0,0,4,1,1,2,43,7,1599,1,11,-1,1,-1
2015331501468,1,1,0,18,0,8,0,0,0,0,1,1,6,1,51,8,-1,-1,-1,-1,1,-1
2015331501468,2,9,0,18,0,4,0,0,0,0,3,1,6,1,65,9,-1,-1,-1,-1,1,-1
2015331501469,1,9,0,2,0,0,0,0,0,0,3,1,6,1,-1,-1,1108,1,12,-1,-1,-1
2015331501469,2,1,0,18,0,0,0,8,0,0,1,1,1,1,35,6,-1,-1,-1,-1,1,-1
2015331501470,1,9,0,16,0,0,0,0,7,0,1,1,6,1,82,11,1587,1,12,-1,3,-1
2015331501470,2,9,0,17,0,0,0,0,0,0,1,1,6,1,54,8,2720,2,9,-1,3,-1
2015331501471,1,9,0,18,0,0,0,0,0,0,1,1,6,1,87,11,1840,1,13,-1,1,-1
2015331501471,2,9,0,18,0,0,0,0,0,0,1,1,1,1,53,8,-1,-1,-1,-1,1,-1
2015331501472,1,9,0,17,0,0,5,0,1,4,1,1,6,1,23,5,2179,2,12,-1,-1,-1
2015331501473,1,9,0,17,0,0,2,0,1,4,3,1,1,1,57,9,1896,2,10,-1,2,-1
2015331501474,1,9,0,16,0,0,1,0,7,0,4,1,1,1,45,7,998,1,12,-1,1,-1
2015331501474,2,9,0,18,0,0,0,0,0,0,1,1,6,2,49,8,1560,2,1,-1,2,-1
2015331501475,1,1,0,18,0,0,0,0,0,0,1,1,4,1,12,3,-1,-1,-1,-1,-1,-1
2015331501475,2,9,0,3,0,0,0,0,0,0,3,1,6,2,33,6,1248,1,2,-1,1,-1
2015331501476,1,5,0,4,0,0,1,0,0,0,1,1,6,2,42,7,498,1,16,-1,1,-1
2015331501476,2,19,0,3,0,0,0,0,0,0,1,1,6,1,-1,-1,1560,2,-1,-1,-1,-1
2015331501477,1,1,0,13,0,0,1,0,0,0,1,1,2,1,38,7,-1,-1,-1,-1,2,-1
2015331501477,2,19,0,6,0,0,0,0,0,0,3,1,6,1,21,5,-1,-1,-1,-1,-1,-1
2015331501478,1,9,0,9,0,5,0,0,0,0,3,1,6,1,23,5,2000,2,4,-1,2,-1
2015331501478,2,3,0,13,0,8,0,0,0,0,1,1,6,1,21,5,124,1,1,-1,2,-1
2015331501479,1,9,0,10,0,1,0,0,0,0,1,1,6,1,40,7,1598,2,5,-1,1,-1
2015331501479,2,1,0,18,0,1,0,0,0,0,3,1,1,1,25,5,-1,-1,-1,-1,1,-1
2015331501480,1,9,0,18,0,1,0,0,0,0,1,1,6,3,-1,-1,-1,-1,-1,-1,-1,-1
2015331501480,2,9,0,4,0,1,0,0,0,0,2,1,6,1,-1,-1,1598,1,12,-1,-1,-1
2015331501481,1,9,0,3,0,1,0,0,0,0,4,1,2,1,30,6,-1,-1,-1,-1,-1,-1
2015331501481,2,1,0,18,0,1,0,8,0,0,1,1,6,1,33,6,-1,-1,-1,-1,1,-1
2015331501482,1,1,0,15,0,0,0,0,0,0,1,1,1,1,52,8,-1,-1,-1,-1,1,-1
2015331501482,2,9,0,18,0,0,0,0,0,0,0,1,3,2,-1,-1,-1,-1,-1,-1,-1,-1
2015331501484,1,9,0,3,0,0,0,0,0,0,2,1,6,2,62,9,1997,2,-1,-1,3,-1
2015331501484,2,9,0,5,0,0,0,0,0,0,1,1,6,2,23,5,1968,2,10,-1,-1,-1
2015331501485,1,9,0,3,0,1,0,0,0,0,2,1,1,1,30,6,1560,2,9,-1,-1,-1
2015331501485,2,9,0,18,0,8,0,0,0,0,1,1,6,1,27,6,1781,1,16,-1,-1,-1
2015331501485,3,9,0,18,0,1,0,0,0,0,2,1,6,1,36,7,-1,-1,-1,-1,1,-1
2015331501485,4,9,0,18,0,4,0,0,0,0,2,1,6,2,47,8,1595,1,14,-1,1,-1
2015331501486,1,9,0,9,0,5,0,0,0,0,1,1,6,1,-1,-1,-1,-1,-1,-1,-1,-1
2015331501486,2,9,0,18,0,8,0,0,0,0,3,1,6,2,39,7,-1,-1,-1,-1,-1,-1
2015331501487,1,9,0,5,0,6,0,0,0,0,3,1,6,2,21,5,1349,1,1,-1,1,-1
2015331501487,2,4,0,18,0,8,0,0,0,0,1,1,1,1,24,5,243,1,20,-1,1,-1
2015331501488,1,1,0,18,0,8,0,0,1,0,3,1,6,1,73,10,-1,-1,-1,-1,1,-1
2015331501488,2,19,0,9,0,6,0,0,0,0,4,1,6,3,-1,-1,2402,2,4,-1,-1,-1
2015331501489,1,3,0,4,0,5,1,0,0,0,1,1,1,1,27,6,125,1,5,-1,1,-1
2015331501489,2,9,0,4,0,8,1,0,0,0,1,1,6,1,20,4,1390,1,14,-1,-1,-1
2015331501490,1,9,0,17,0,0,0,4,0,0,1,1,6,1,33,6,2000,2,11,-1,1,-1
2015331501490,2,9,0,2,0,0,0,0,0,0,2,1,6,2,57,9,1794,1,7,-1,1,-1
2015331501490,3,9,0,2,0,0,0,4,0,0,1,1,6,1,46,8,1968,2,-1,-1,1,-1
2015331501491,1,9,0,18,0,8,0,0,0,0,1,1,6,1,21,5,1364,1,6,-1,1,-1
2015331501492,1,9,0,16,0,8,0,0,0,0,1,1,6,1,22,5,1896,2,15,-1,1,-1
2015331501492,2,9,0,17,0,8,0,0,0,0,3,1,6,1,81,11,1399,2,8,-1,1,-1
2015331501493,1,9,0,18,0,0,1,0,8,6,1,1,2,1,45,7,1388,1,8,-1,-1,-1
2015331501493,2,9,0,18,0,0,0,0,0,0,2,1,2,1,28,6,1968,2,5,-1,-1,-1
2015331501494,1,9,0,5,9,6,0,0,0,0,3,1,1,1,46,8,2993,2,-1,-1,1,-1
2015331501494,2,1,0,4,9,8,0,0,0,0,1,1,4,1,13,3,-1,-1,-1,-1,1,-1
2015331501495,1,9,0,17,0,0,2,0,7,10,3,1,6,2,30,6,1229,1,6,-1,2,-1
2015331501496,1,9,0,18,0,0,2,10,1,9,1,1,6,2,30,6,998,1,2,-1,1,-1
2015331501497,1,20,0,1,0,5,0,0,0,0,3,1,1,1,46,8,3920,2,9,-1,1,-1
2015331501497,2,9,0,13,0,8,1,0,0,0,4,1,6,2,29,6,1598,1,10,-1,1,-1
2015331501498,1,9,0,3,0,0,0,0,0,0,2,1,6,2,57,9,1560,2,7,-1,1,-1
2015331501498,2,9,0,3,0,0,0,0,0,0,2,1,2,2,45,7,1242,1,5,-1,1,-1
2015331501498,3,20,0,16,0,0,0,0,0,0,1,1,1,1,37,7,2998,2,-1,-1,1,-1
2015331501498,4,9,0,3,0,0,0,0,0,0,0,1,6,3,-1,-1,-1,-1,-1,-1,-1,-1
2015331501499,1,9,0,18,0,2,0,0,0,0,1,1,6,2,33,6,1598,1,10,-1,1,-1
2015331501499,2,9,0,4,0,2,0,0,0,0,2,1,6,2,36,7,1229,1,10,-1,-1,-1
2015331501499,3,9,0,15,0,2,0,0,0,0,0,1,1,3,-1,-1,-1,-1,-1,-1,-1,-1
2015331501500,1,9,0,4,0,1,0,0,0,0,1,1,6,1,60,9,1995,1,12,-1,-1,-1
2015331501500,2,9,0,3,0,1,0,0,0,0,2,1,6,2,40,7,1242,1,13,-1,1,-1
2015331501501,1,19,0,16,0,0,2,0,7,3,1,1,1,1,26,6,-1,-1,-1,-1,1,-1
2015331501502,1,5,0,18,0,0,1,0,7,0,3,1,6,1,55,8,1198,1,4,-1,3,-1
2015331501503,1,9,0,18,0,0,0,0,7,4,1,1,6,1,50,8,2000,2,8,-1,1,-1
2015331501504,1,8,0,18,0,8,0,0,0,0,1,1,1,1,47,8,-1,-1,-1,-1,1,-1
2015331501504,2,2,0,9,0,5,0,0,0,0,1,1,6,2,16,4,49,1,7,-1,1,-1
2015331501505,1,9,0,18,0,0,1,0,1,11,1,1,6,1,23,5,1368,1,3,-1,1,-1
2015331501505,2,9,0,18,0,0,0,0,0,0,0,1,1,3,-1,-1,-1,-1,-1,-1,-1,-1
2015331501506,1,19,0,18,0,0,0,0,1,4,1,1,1,1,31,6,1998,2,13,-1,-1,-1
2015331501507,1,9,0,18,0,1,0,0,0,0,1,1,6,1,-1,-1,-1,-1,-1,-1,-1,-1
2015331501508,1,19,0,18,0,0,0,0,0,0,1,1,1,1,30,6,2143,2,3,-1,-1,-1
2015331501508,2,3,0,3,0,0,0,0,0,0,2,1,2,1,44,7,124,1,10,-1,1,-1
2015331501509,1,9,0,3,0,1,0,0,0,0,4,1,6,1,74,10,1796,1,12,-1,1,-1
2015331501509,2,1,0,18,0,1,0,8,0,0,1,1,6,1,57,9,-1,-1,-1,-1,1,-1
2015331501511,1,9,0,18,0,0,0,0,1,0,4,1,6,1,30,6,-1,-1,-1,-1,2,-1
2015331501512,1,9,0,18,0,2,0,0,0,0,3,1,2,1,34,6,1870,2,11,-1,1,-1
2015331501512,2,2,0,18,0,2,0,0,0,0,4,1,2,1,20,4,49,1,3,-1,1,-1
2015331501513,1,9,0,18,0,0,0,0,0,0,1,1,6,1,32,6,1582,2,5,-1,1,-1
2015331501514,1,9,0,5,0,6,0,0,1,9,3,1,6,1,71,10,2179,2,2,-1,3,-1
2015331501514,2,9,0,18,0,8,0,0,7,9,4,1,3,2,41,7,1461,2,2,-1,3,-1
2015331501518,1,9,0,18,0,1,0,0,0,0,1,1,6,3,40,7,-1,-1,-1,-1,-1,-1
2015331501518,2,1,0,5,0,1,0,0,0,0,1,1,6,2,28,6,-1,-1,-1,-1,1,-1
2015331501519,1,9,0,13,0,1,0,0,0,0,0,1,6,1,30,6,1753,2,14,-1,-1,-1
2015331501519,2,8,0,4,0,1,0,10,0,0,4,1,6,1,59,9,1968,2,8,-1,1,-1
2015331501520,1,9,0,3,0,8,0,0,0,0,2,1,6,2,26,6,-1,-1,-1,-1,1,-1
2015331501520,2,9,0,18,0,8,0,0,0,0,1,1,6,1,35,6,1461,2,5,-1,-1,-1
2015331501521,1,9,0,18,0,0,0,0,8,6,3,1,6,2,20,4,1242,1,1,-1,-1,-1
2015331501522,1,9,0,4,0,1,1,0,0,0,2,1,1,2,27,6,1360,1,14,-1,1,-1
2015331501522,2,9,0,18,0,1,0,0,0,0,1,1,1,1,43,7,1956,2,4,-1,1,-1
2015331501523,1,9,0,10,0,8,0,0,0,0,2,1,6,1,43,7,1798,1,14,-1,1,-1
2015331501523,2,9,0,5,0,8,0,0,0,0,1,1,6,1,19,4,1242,1,14,-1,1,-1
2015331501524,1,9,0,16,0,8,1,7,8,3,3,1,6,1,24,5,1796,1,14,-1,1,-1
2015331501525,1,9,0,6,8,0,0,0,7,0,3,1,6,1,65,9,1597,1,15,-1,2,-1
2015331501525,2,9,0,18,0,0,0,0,0,0,1,1,6,2,76,11,1560,2,4,-1,2,-1
2015331501526,1,3,0,18,0,8,1,0,0,0,1,1,6,1,20,4,124,1,1,-1,-1,-1
2015331501526,2,9,0,9,0,8,0,0,0,0,3,1,6,1,66,10,1171,1,15,-1,1,-1
2015331501527,1,3,0,18,0,1,0,0,0,0,1,1,6,1,23,5,124,1,-1,-1,1,-1
2015331501527,2,9,0,3,0,1,1,0,0,0,2,1,6,1,56,9,898,1,-1,-1,1,-1
2015331501527,3,9,0,13,0,1,0,0,0,0,0,1,1,1,34,6,1686,2,2,-1,2,-1
2015331501528,1,1,0,18,0,8,0,0,0,0,4,1,6,1,28,6,-1,-1,-1,-1,1,-1
2015331501528,2,9,0,5,0,4,0,0,0,0,1,1,6,1,61,9,1398,1,2,-1,1,-1
2015331501529,1,9,0,18,0,2,0,0,0,0,4,1,6,2,54,8,1388,1,12,-1,1,-1
2015331501530,1,9,0,16,0,0,1,0,1,9,1,1,1,1,44,7,1198,1,1,-1,2,-1
2015331501530,2,9,0,17,0,0,1,0,0,0,1,1,6,1,19,4,1299,1,13,-1,2,-1
2015331501531,1,9,0,5,0,6,0,0,0,0,1,1,1,1,41,7,-1,-1,-1,-1,1,-1
2015331501531,2,9,0,18,0,8,0,0,0,0,1,1,3,2,34,6,1242,1,8,-1,-1,-1
2015331501532,1,9,0,16,0,0,0,0,0,0,1,1,6,2,35,6,1242,1,-1,-1,-1,-1
2015331501532,2,9,0,17,0,0,0,0,7,11,3,1,6,1,80,11,1596,1,9,-1,2,-1
2015331501533,1,8,0,18,0,6,0,0,1,11,3,1,1,1,34,6,1997,2,5,-1,1,-1
2015331501533,2,9,0,17,0,8,0,0,0,0,1,1,1,2,55,8,1399,1,6,-1,1,-1
2015331501534,1,9,0,18,0,0,0,0,0,0,3,1,6,1,63,9,1995,1,13,-1,1,-1
2015331501534,2,9,0,18,0,0,0,0,7,9,3,1,6,2,59,9,-1,-1,-1,-1,1,-1
2015331501535,1,9,0,18,0,8,0,0,0,0,1,1,6,2,91,11,1332,1,18,-1,1,-1
2015331501535,2,9,0,7,0,6,0,0,0,0,4,1,6,2,60,9,1995,2,11,-1,1,-1
2015331501536,1,9,0,9,0,8,1,0,0,0,4,1,6,1,31,6,1968,2,1,-1,1,-1
2015331501536,2,9,0,5,0,4,0,0,0,0,3,1,6,1,59,9,2143,2,1,-1,1,-1
2015331501537,1,9,0,18,0,8,0,0,0,0,1,1,2,1,23,5,1896,2,14,-1,1,-1
2015331501537,2,9,0,9,0,8,0,0,0,0,2,1,6,2,75,10,998,1,14,-1,1,-1
2015331501538,1,9,0,8,0,1,0,0,0,0,2,1,6,1,48,8,1995,2,3,-1,1,-1
2015331501538,2,9,0,5,0,1,0,0,0,0,1,1,2,2,50,8,-1,-1,-1,-1,1,-1
2015331501539,1,9,0,18,0,2,0,0,0,0,3,1,6,1,54,8,-1,-1,-1,-1,1,-1
2015331501541,1,9,0,1,0,0,0,0,0,0,0,1,6,1,48,8,1596,1,14,-1,-1,-1
2015331501541,2,9,0,18,0,0,0,0,2,7,1,1,6,2,36,7,1240,1,6,-1,-1,-1
2015331501542,1,9,0,18,0,8,0,0,0,0,1,1,6,1,19,4,1149,1,8,-1,1,-1
2015331501542,2,9,0,6,0,8,0,0,0,0,3,1,6,1,44,7,1197,1,-1,-1,1,-1
2015331501543,1,9,0,1,0,6,0,0,0,0,2,1,3,2,41,7,1997,2,6,-1,1,-1
2015331501543,2,8,0,18,0,8,0,4,0,0,4,1,6,2,40,7,-1,-1,-1,-1,1,-1
2015331501543,3,9,0,2,0,8,0,0,0,0,4,1,1,1,-1,-1,1995,2,5,-1,-1,-1
2015331501544,1,9,0,9,0,6,0,0,0,0,3,1,1,2,50,8,1086,1,4,-1,1,-1
2015331501544,2,3,0,4,0,8,1,0,0,0,1,1,1,1,17,4,124,1,1,-1,1,-1
2015331501545,1,9,0,18,0,0,1,0,7,11,2,1,6,1,18,4,1397,1,7,-1,2,-1
2015331501546,1,9,0,18,0,1,0,0,0,0,1,1,6,1,44,7,-1,-1,-1,-1,2,-1
2015331501547,1,9,0,18,0,1,0,0,0,0,1,1,6,2,30,6,1968,2,8,-1,1,-1
2015331501547,2,9,0,4,0,1,0,0,0,0,2,1,2,1,38,7,1598,1,11,-1,1,-1
2015331501548,1,3,0,3,0,1,0,0,1,0,2,1,6,2,41,7,124,1,1,-1,1,-1
2015331501548,2,9,0,4,0,1,0,0,0,0,1,1,2,1,30,6,1229,1,5,-1,3,-1
2015331501548,3,9,0,9,0,6,0,0,0,0,1,1,6,3,-1,-1,-1,-1,-1,-1,-1,-1
2015331501549,1,9,0,3,0,2,0,0,0,0,2,1,6,1,29,6,-1,-1,-1,-1,1,-1
2015331501549,2,9,0,18,0,2,0,0,0,0,1,1,6,1,37,7,1598,1,11,-1,1,-1
2015331501550,1,9,0,18,0,6,0,0,1,1,3,1,6,2,82,11,1799,1,8,-1,2,-1
2015331501550,2,9,0,18,0,8,0,0,0,0,1,1,6,1,81,11,1560,2,3,-1,2,-1
2015331501551,1,9,0,18,0,0,0,0,0,0,1,1,1,2,64,9,1997,1,15,-1,1,-1
2015331501552,1,9,0,9,0,2,0,4,0,0,1,1,6,1,34,6,1390,1,5,-1,1,-1
2015331501552,2,19,0,2,0,2,0,0,0,0,2,1,6,3,-1,-1,1598,2,2,-1,-1,-1
2015331501552,3,9,0,9,0,2,0,0,0,0,0,1,1,3,-1,-1,-1,-1,-1,-1,-1,-1
2015331501553,1,9,0,4,0,1,0,0,0,0,1,1,6,2,38,7,1396,1,11,-1,1,-1
2015331501553,2,9,0,4,0,1,0,0,0,0,2,1,6,2,30,6,1796,1,5,-1,1,-1
2015331501553,3,9,0,4,0,1,0,0,0,0,2,1,2,1,51,8,2143,2,1,-1,1,-1
2015331501553,4,9,0,10,0,8,0,0,0,0,0,1,6,3,-1,-1,-1,-1,-1,-1,-1,-1
2015331501554,1,9,0,4,0,8,0,0,1,10,1,1,6,1,20,4,1390,1,2,-1,2,-1
2015331501554,2,9,0,9,0,6,0,0,0,0,3,1,6,2,39,7,1968,2,2,-1,1,-1
2015331501555,1,19,0,9,0,5,0,0,0,0,4,1,6,1,28,6,1686,2,12,-1,1,-1
2015331501555,2,1,0,4,0,8,0,0,0,0,1,1,6,1,57,9,-1,-1,-1,-1,1,-1
2015331501556,1,9,0,16,0,0,2,0,7,2,4,1,6,1,45,7,3996,1,16,-1,1,-1
2015331501557,1,9,0,17,0,8,0,0,0,0,1,1,6,2,79,11,1242,1,14,-1,1,-1
2015331501557,2,17,4,5,0,6,0,0,0,0,1,1,1,1,64,9,-1,2,11,-1,1,-1
2015331501558,1,9,0,6,0,8,0,0,0,0,3,1,6,2,25,5,-1,-1,-1,-1,1,-1
2015331501558,2,9,0,18,0,8,0,0,0,0,1,1,6,1,19,4,-1,-1,-1,-1,3,-1
2015331501560,1,9,0,5,0,6,0,0,0,0,3,1,6,1,24,5,2179,2,1,-1,1,-1
2015331501560,2,9,0,18,0,8,0,0,0,0,1,1,2,2,44,7,1951,2,14,-1,3,-1
2015331501560,3,9,0,8,0,1,0,0,0,0,3,1,6,2,38,7,1598,1,1,-1,3,-1
2015331501561,1,9,0,18,0,8,0,0,0,0,1,1,6,2,37,7,-1,-1,-1,-1,1,-1
2015331501561,2,9,0,9,0,5,0,0,0,0,3,1,6,1,20,4,847,1,15,-1,-1,-1
2015331501563,1,9,0,18,0,8,0,0,0,0,1,1,6,2,46,8,1398,1,-1,-1,1,-1
2015331501563,2,9,0,9,0,6,0,0,1,0,3,1,6,1,29,6,1870,2,10,-1,1,-1
2015331501564,1,8,0,18,0,0,0,0,0,0,1,1,1,1,42,7,1995,2,10,-1,1,-1
2015331501565,1,9,0,18,0,0,0,0,0,0,1,1,6,1,21,5,1598,2,4,-1,1,-1