Accident_Index,Vehicle_Reference,Vehicle_Type,Towing_and_Articulation,Vehicle_Manoeuvre,Vehicle_Location-Restricted_Lane,Junction_Location,Skidding_and_Overturning,Hit_Object_in_Carriageway,Vehicle_Leaving_Carriageway,Hit_Object_off_Carriageway,1st_Point_of_Impact,Was_Vehicle_Left_Hand_Drive?,Journey_Purpose_of_Driver,Sex_of_Driver,Age_of_Driver,Age_Band_of_Driver,Engine_Capacity_(CC),Propulsion_Code,Age_of_Vehicle,Driver_IMD_Decile,Driver_Home_Area_Type,Vehicle_IMD_Decile
2015331501851,1,9,0,18,0,0,0,0,0,0,4,1,6,2,40,7,1199,1,13,-1,1,-1
2015331501852,1,22,0,18,0,6,2,0,0,0,3,1,6,1,77,11,-1,-1,-1,-1,1,-1
2015331501852,2,9,0,9,0,5,0,0,0,0,1,1,6,1,52,8,1797,8,4,-1,2,-1
2015331501853,1,9,0,2,0,0,0,10,0,0,1,1,6,1,82,11,1560,2,1,-1,2,-1
2015331501856,1,9,0,3,0,8,0,0,0,0,2,1,6,1,66,10,1896,2,14,-1,1,-1
2015331501856,2,11,0,4,0,8,0,0,0,0,1,1,1,1,50,8,4250,2,12,-1,1,-1
2015331501857,1,3,0,14,0,8,1,0,0,0,1,1,6,1,31,6,100,1,10,-1,1,-1
2015331501857,2,9,0,9,0,6,0,0,0,0,3,1,6,2,53,8,1399,2,4,-1,1,-1
2015331501859,1,1,0,18,0,8,0,0,0,0,1,1,6,2,60,9,-1,-1,-1,-1,3,-1
2015331501859,2,9,0,9,0,6,0,0,0,0,1,1,6,2,-1,-1,-1,-1,-1,-1,-1,-1
2015331501860,1,9,0,4,0,1,0,0,0,0,2,1,2,2,33,6,1396,1,14,-1,-1,-1
2015331501860,2,9,0,4,0,1,0,0,0,0,1,1,2,2,46,8,1596,1,7,-1,1,-1
2015331501860,3,9,0,4,0,1,0,0,0,0,1,1,2,2,46,8,1896,2,9,-1,1,-1
2015331501860,4,9,0,11,0,1,0,0,0,0,0,1,6,3,-1,-1,-1,-1,-1,-1,-1,-1
2015331501861,1,9,0,18,0,1,0,0,0,0,1,1,6,2,68,10,1796,1,10,-1,1,-1
2015331501861,2,9,0,8,0,1,0,0,0,0,2,1,6,2,48,8,-1,-1,-1,-1,1,-1
2015331501862,1,9,0,18,0,1,0,0,0,0,0,1,1,2,28,6,2179,2,3,-1,3,-1
2015331501862,2,9,0,4,0,2,0,0,0,0,1,1,1,1,47,8,1560,2,5,-1,1,-1
2015331501863,1,9,0,13,0,0,1,0,7,11,4,1,6,1,19,4,1796,1,13,-1,1,-1
2015331501863,2,9,0,16,0,0,1,0,1,4,3,1,6,2,62,9,1598,1,2,-1,1,-1
2015331501863,3,19,0,2,6,0,0,0,0,0,1,1,1,1,54,8,2496,2,18,-1,1,-1
2015331501863,4,8,0,17,0,0,0,0,0,0,3,1,1,1,59,9,1896,2,8,-1,1,-1
2015331501864,1,9,0,18,0,1,0,0,0,0,1,1,2,1,56,9,-1,-1,-1,-1,1,-1
2015331501864,2,1,0,17,0,6,1,0,0,0,1,1,6,1,18,4,-1,-1,-1,-1,1,-1
2015331501865,1,9,0,9,0,6,0,0,0,0,1,1,6,1,70,10,-1,-1,-1,-1,-1,-1
2015331501865,2,9,0,9,0,5,0,0,0,0,3,1,6,2,23,5,1798,1,7,-1,3,-1
2015331501866,1,9,0,4,0,0,0,0,0,0,1,1,2,2,19,4,1910,2,8,-1,2,-1
2015331501866,2,3,0,3,0,0,0,0,0,0,2,1,2,1,41,7,124,1,1,-1,1,-1
2015331501866,3,9,0,3,0,0,0,0,0,0,2,1,6,2,38,7,1368,1,-1,-1,2,-1
2015331501867,1,9,0,9,0,6,0,0,0,0,3,1,2,1,53,8,1598,2,3,-1,1,-1
2015331501867,2,9,0,18,0,8,1,0,0,0,1,1,2,1,22,5,-1,-1,-1,-1,1,-1
2015331501868,1,9,0,18,0,0,0,0,0,0,4,1,2,2,21,5,1598,2,4,-1,2,-1
2015331501869,1,9,0,9,0,2,0,0,0,0,1,1,6,1,30,6,998,1,13,-1,-1,-1
2015331501869,2,1,0,18,0,1,0,0,0,0,1,1,6,1,18,4,-1,-1,-1,-1,1,-1
2015331501870,1,9,0,9,0,5,0,0,0,0,1,1,1,1,18,4,1229,1,10,-1,1,-1
2015331501870,2,9,0,15,0,8,0,0,0,0,3,1,1,2,48,8,1461,2,1,-1,1,-1
2015331501870,3,9,0,3,0,1,0,0,0,0,0,1,6,3,-1,-1,-1,-1,-1,-1,-1,-1
2015331501871,1,9,0,5,0,6,0,0,0,0,4,1,1,2,27,6,1968,2,9,-1,1,-1
2015331501871,2,9,0,17,0,8,0,0,0,0,1,1,6,1,64,9,1984,2,3,-1,3,-1
2015331501872,1,9,0,9,4,5,0,0,0,0,1,1,6,2,65,9,1497,1,9,-1,-1,-1
2015331501872,2,1,0,15,4,8,0,0,0,0,1,1,6,1,22,5,-1,-1,-1,-1,1,-1
2015331501872,3,19,0,3,0,1,0,0,0,0,0,1,6,3,-1,-1,-1,-1,-1,-1,-1,-1
2015331501873,1,9,0,18,0,0,0,4,0,0,1,1,3,1,25,5,1299,1,12,-1,1,-1
2015331501873,2,9,0,2,0,0,0,0,0,0,2,1,1,1,60,9,1339,1,7,-1,1,-1
2015331501874,1,9,0,18,0,8,0,0,0,0,1,1,2,1,42,7,1995,2,8,-1,1,-1
2015331501874,2,19,0,7,0,6,0,0,0,0,3,1,6,1,45,7,1598,2,8,-1,1,-1
2015331501875,1,9,0,18,0,0,0,4,0,0,1,1,6,1,93,11,1997,2,6,-1,1,-1
2015331501875,2,9,0,2,0,0,0,0,0,0,3,1,6,3,-1,-1,-1,-1,-1,-1,-1,-1
2015331501875,3,9,0,2,0,0,0,4,0,0,3,1,6,3,-1,-1,1800,1,15,-1,-1,-1
2015331501875,4,9,0,2,0,0,0,0,0,0,2,1,6,3,-1,-1,1560,2,9,-1,-1,-1
2015331501876,1,9,0,9,0,6,0,0,0,0,2,1,6,1,21,5,1598,1,5,-1,1,-1
2015331501876,2,3,0,18,0,8,1,0,0,0,1,1,6,1,20,4,124,1,6,-1,1,-1
2015331501877,1,9,0,9,0,5,0,0,0,0,1,1,6,1,35,6,1499,2,-1,-1,1,-1
2015331501877,2,8,0,17,0,8,0,0,1,11,1,1,6,1,24,5,-1,-1,-1,-1,1,-1
2015331501878,1,2,0,18,0,0,0,0,0,0,1,1,2,2,16,4,50,1,-1,-1,-1,-1
2015331501879,1,9,0,18,0,2,0,0,0,0,1,1,2,2,46,8,1995,2,9,-1,1,-1
2015331501879,2,1,0,7,0,2,0,0,0,0,2,1,6,1,13,3,-1,-1,-1,-1,1,-1
2015331501880,1,19,0,10,0,8,0,0,0,0,2,1,1,1,62,9,1560,2,7,-1,1,-1
2015331501880,2,10,0,18,0,8,0,0,0,0,1,1,1,2,23,5,-1,-1,-1,-1,1,-1
2015331501881,1,9,0,18,0,2,0,0,0,0,1,1,6,2,40,7,1560,2,9,-1,-1,-1
2015331501882,1,21,1,11,0,3,0,0,0,0,4,1,1,1,40,7,12777,2,7,-1,-1,-1
2015331501882,2,9,0,3,0,8,0,0,0,0,3,1,6,1,40,7,1995,2,3,-1,1,-1
2015331501883,1,9,0,3,0,0,0,0,0,0,2,1,6,1,40,7,1956,2,1,-1,1,-1
2015331501883,2,9,0,18,0,0,0,0,0,0,1,1,6,1,25,5,1598,1,12,-1,1,-1
2015331501884,1,9,0,9,0,5,0,0,0,0,4,1,6,1,27,6,-1,-1,-1,-1,-1,-1
2015331501884,2,3,0,7,0,5,1,0,0,0,1,1,1,1,22,5,125,1,1,-1,1,-1
2015331501885,1,9,0,18,0,0,0,0,1,0,1,1,6,1,17,4,1149,1,8,-1,1,-1
2015331501885,2,9,0,18,0,0,0,0,1,11,1,1,6,2,60,9,1396,1,14,-1,1,-1
2015331501886,1,9,0,9,0,6,0,10,7,0,3,1,6,1,78,11,1798,1,1,-1,3,-1
2015331501886,2,9,0,18,0,8,0,0,0,0,1,1,2,2,29,6,1796,1,12,-1,1,-1
2015331501887,1,9,0,7,0,6,0,0,0,0,1,1,6,1,20,4,1598,2,-1,-1,1,-1
2015331501887,2,1,0,18,0,8,0,0,0,0,4,1,2,2,46,8,-1,-1,-1,-1,1,-1
2015331501888,1,9,0,17,0,0,0,0,0,0,3,1,6,2,18,4,-1,-1,-1,-1,-1,-1
2015331501888,2,19,0,16,0,0,0,0,0,0,3,1,1,1,53,8,2143,2,-1,-1,1,-1
2015331501889,1,9,0,18,0,8,0,10,1,2,1,1,6,2,30,6,1200,1,-1,-1,1,-1
2015331501889,2,9,0,9,0,6,0,0,0,0,0,1,6,1,84,11,1399,1,6,-1,1,-1
2015331501890,1,21,1,10,0,8,0,0,0,0,2,1,1,1,47,8,10837,2,9,-1,1,-1
2015331501890,2,9,0,18,0,8,0,0,0,0,1,1,6,1,-1,-1,1753,2,12,-1,-1,-1
2015331501891,1,9,0,1,9,6,0,0,0,0,3,1,6,1,38,7,2993,2,8,-1,1,-1
2015331501892,1,9,0,18,0,0,0,0,0,0,3,1,6,2,66,10,1360,1,16,-1,-1,-1
2015331501892,2,9,0,6,0,0,0,0,0,0,1,1,6,2,44,7,1896,2,7,-1,-1,-1
2015331501893,1,19,0,4,0,8,0,0,0,0,4,1,6,1,38,7,-1,-1,-1,-1,1,-1
2015331501893,2,22,0,18,0,6,0,0,0,0,1,1,6,2,92,11,-1,-1,-1,-1,-1,-1
2015331501893,3,9,0,2,0,1,0,0,0,0,0,1,6,3,-1,-1,-1,-1,-1,-1,-1,-1
2015331501894,1,5,0,18,0,1,1,0,0,0,1,1,2,1,26,6,-1,-1,-1,-1,1,-1
2015331501894,2,9,0,9,0,5,1,0,0,0,0,1,6,1,-1,-1,-1,-1,-1,-1,-1,-1
2015331501895,1,9,0,12,0,0,0,0,1,4,1,1,6,2,46,8,1364,1,6,-1,1,-1
2015331501896,1,9,0,18,0,1,0,0,0,0,1,1,6,2,52,8,2000,1,8,-1,1,-1
2015331501897,1,9,0,18,0,1,0,0,0,0,1,1,6,3,-1,-1,-1,-1,-1,-1,-1,-1
2015331501899,1,9,0,3,0,0,0,0,0,0,2,1,1,2,38,7,1598,1,11,-1,2,-1
2015331501899,2,9,0,18,0,0,0,0,0,0,1,1,6,1,-1,-1,-1,-1,-1,-1,-1,-1
2015331501900,1,9,0,18,0,6,0,0,0,0,1,1,6,2,18,4,1398,2,1,-1,1,-1
2015331501900,2,9,0,17,0,8,0,0,0,0,1,1,6,2,43,7,1995,2,5,-1,3,-1
2015331501901,1,9,0,16,0,0,0,0,0,0,1,1,6,1,18,4,1398,1,-1,-1,1,-1
2015331501901,2,9,0,17,0,0,0,0,0,0,1,1,6,2,50,8,1796,1,11,-1,3,-1
2015331501901,3,9,0,17,0,0,0,0,0,0,2,1,6,1,40,7,1968,2,-1,-1,-1,-1
2015331501902,1,9,0,17,0,0,2,0,2,3,4,1,6,1,27,6,-1,-1,-1,-1,-1,-1
2015331501903,1,9,0,12,0,0,2,10,4,0,1,1,1,1,26,6,-1,-1,-1,-1,2,-1
2015331501903,2,9,0,2,0,0,0,0,0,0,0,1,6,3,-1,-1,-1,-1,-1,-1,-1,-1
2015331501904,1,9,0,18,0,0,1,0,0,0,1,1,6,1,44,7,1686,2,13,-1,2,-1
2015331501904,2,9,0,18,0,0,1,0,1,9,1,1,6,2,71,10,1398,2,3,-1,3,-1
2015331501904,3,9,0,18,0,0,0,0,0,0,1,1,6,1,80,11,1242,1,10,-1,2,-1
2015331501905,1,19,0,18,0,0,0,0,0,0,4,1,6,3,-1,-1,-1,-1,-1,-1,-1,-1
2015331501906,1,9,0,17,0,0,1,0,1,10,2,1,3,1,35,6,1596,1,8,-1,1,-1
2015331501907,1,9,0,18,0,0,0,0,0,0,1,1,6,1,48,8,1390,1,18,-1,2,-1
2015331501907,2,21,1,18,0,0,0,0,0,0,2,1,1,1,32,6,15607,2,2,-1,-1,-1
2015331501908,1,9,0,11,7,0,0,4,0,0,1,1,6,1,52,8,2143,2,3,-1,1,-1
2015331501908,2,21,0,2,6,0,0,0,0,0,2,2,1,1,48,8,-1,-1,-1,-1,-1,-1
2015331501909,1,9,0,16,0,0,2,0,0,0,4,1,1,2,25,5,1400,1,9,-1,1,-1
2015331501909,2,9,0,18,0,0,0,0,0,0,1,1,6,1,49,8,2143,2,3,-1,1,-1
2015331501911,1,9,0,3,0,1,0,0,0,0,1,1,6,1,40,7,-1,-1,-1,-1,1,-1
2015331501912,1,19,0,16,0,0,2,0,0,0,3,1,6,1,22,5,1968,2,2,-1,3,-1
2015331501913,1,5,0,4,0,0,1,0,0,0,1,1,6,1,23,5,599,1,13,-1,1,-1
2015331501914,1,2,0,18,0,8,0,0,0,0,1,1,6,2,16,4,49,1,-1,-1,1,-1
2015331501914,2,9,0,9,0,5,0,0,0,0,1,1,6,2,65,9,1197,1,3,-1,1,-1
2015331501915,1,19,0,18,0,0,0,0,0,0,1,1,1,1,55,8,1399,2,9,-1,1,-1
2015331501916,1,9,0,9,0,5,0,0,0,0,4,1,6,1,22,5,1598,1,-1,-1,1,-1
2015331501916,2,9,0,3,0,1,0,0,0,0,2,1,6,1,66,10,1596,1,5,-1,1,-1
2015331501916,3,9,0,18,0,1,0,0,0,0,1,1,6,1,45,7,1896,2,9,-1,-1,-1
2015331501917,1,9,0,18,0,8,0,7,0,0,2,1,6,1,19,4,1242,1,5,-1,1,-1
2015331501917,2,9,0,18,0,8,0,0,0,0,1,1,6,1,25,5,6208,1,7,-1,1,-1
2015331501918,1,9,0,18,0,2,0,4,0,0,1,1,6,2,92,11,1242,1,10,-1,-1,-1
2015331501918,2,9,0,2,0,2,0,0,0,0,1,1,6,1,58,9,1149,1,5,-1,1,-1
2015331501918,3,8,0,2,0,2,0,0,0,0,1,1,6,1,-1,-1,-1,-1,-1,-1,1,-1
2015331501919,1,9,0,5,0,6,0,0,0,0,1,1,6,2,-1,-1,-1,-1,-1,-1,-1,-1
2015331501921,1,9,0,16,0,1,1,0,7,4,1,1,6,1,22,5,-1,-1,-1,-1,1,-1
2015331501922,1,9,0,18,0,8,0,0,0,0,1,1,6,1,30,6,1686,2,13,-1,1,-1
2015331501922,2,9,0,18,0,6,0,0,0,0,1,1,6,1,-1,-1,2400,1,20,-1,-1,-1
2015331501923,1,9,0,18,0,0,0,0,2,7,0,1,6,1,23,5,1124,1,14,-1,1,-1
2015331501923,2,9,0,18,0,0,0,0,7,6,1,1,6,1,39,7,1598,1,6,-1,3,-1
2015331501924,1,9,0,18,0,2,0,0,0,0,4,1,6,1,29,6,1596,1,12,-1,1,-1
2015331501925,1,9,0,3,0,0,0,0,0,0,2,1,6,1,69,10,-1,-1,-1,-1,2,-1
2015331501925,2,9,0,18,0,0,0,0,0,0,1,1,6,2,53,8,1796,1,11,-1,1,-1
2015331501925,3,9,0,18,0,0,0,0,0,0,1,1,6,1,72,10,-1,-1,-1,-1,-1,-1
2015331501926,1,9,0,9,0,6,0,0,0,0,3,1,6,2,19,4,-1,-1,-1,-1,1,-1
2015331501926,2,9,0,18,0,8,0,0,0,0,1,1,6,1,26,6,1587,1,10,-1,1,-1
2015331501927,1,19,4,17,0,0,0,0,0,0,1,2,1,1,26,6,-1,-1,-1,-1,-1,-1
2015331501927,2,9,0,16,0,0,0,0,0,0,1,1,6,2,51,8,1229,1,9,-1,3,-1
2015331501928,1,9,0,18,0,0,0,11,4,0,3,1,6,2,36,7,1360,1,4,-1,1,-1
2015331501929,1,9,0,18,0,6,1,0,3,11,0,1,6,1,65,9,1299,1,17,-1,1,-1
2015331501930,1,9,0,9,0,5,0,0,0,0,2,1,2,1,43,7,1995,2,4,-1,1,-1
2015331501930,2,1,0,15,0,8,0,0,0,0,1,1,6,1,42,7,-1,-1,-1,-1,2,-1
2015331501931,1,9,0,18,0,6,0,0,0,0,1,1,6,1,25,5,-1,-1,-1,-1,1,-1
2015331501931,2,9,0,18,0,8,0,0,0,0,1,1,6,2,38,7,1299,1,8,-1,1,-1
2015331501931,3,9,0,2,0,2,0,0,0,0,2,1,6,1,57,9,1896,2,11,-1,1,-1
2015331501932,1,9,0,6,0,2,0,0,0,0,3,1,2,1,34,6,1995,2,10,-1,1,-1
2015331501932,2,3,0,13,0,2,0,0,0,0,1,1,2,1,26,6,133,1,1,-1,1,-1
2015331501933,1,9,0,18,0,1,0,0,0,0,3,1,6,1,25,5,1598,1,9,-1,1,-1
2015331501933,2,9,0,18,0,1,0,0,0,0,1,1,6,2,47,8,998,1,1,-1,1,-1
2015331501933,3,9,0,18,0,8,0,0,8,3,3,1,6,2,86,11,1299,1,16,-1,1,-1
2015331501933,4,9,0,9,0,6,0,0,0,0,1,1,6,3,-1,-1,-1,-1,-1,-1,-1,-1
2015331501934,1,19,0,9,0,5,0,0,7,11,1,1,1,1,28,6,2198,2,2,-1,1,-1
2015331501934,2,9,0,18,0,8,0,0,0,0,1,1,6,2,60,9,1598,1,12,-1,3,-1
2015331501935,1,9,0,7,0,6,0,0,0,0,3,1,6,1,35,6,1389,1,12,-1,1,-1
2015331501935,2,9,0,18,0,8,0,0,0,0,1,1,6,1,41,7,1896,2,11,-1,1,-1
2015331501936,1,9,0,7,0,6,0,0,0,0,1,1,6,2,61,9,1598,1,1,-1,1,-1
2015331501936,2,9,0,18,0,8,0,0,0,0,4,1,6,1,22,5,1870,2,6,-1,3,-1
2015331501937,1,9,0,18,0,0,1,0,0,0,1,1,6,2,23,5,1242,1,4,-1,3,-1
2015331501937,2,9,0,18,0,0,0,0,0,0,1,1,6,2,55,8,1999,2,-1,-1,-1,-1
2015331501937,3,21,0,18,0,0,0,0,0,0,2,1,1,1,46,8,11705,2,7,-1,1,-1
2015331501938,1,9,0,7,0,5,0,0,0,0,4,1,6,2,17,4,1242,1,10,-1,1,-1
2015331501938,2,1,0,18,0,8,0,0,0,0,1,1,6,1,16,4,-1,-1,-1,-1,2,-1
2015331501939,1,90,0,18,0,8,0,0,0,0,4,1,1,2,45,7,-1,-1,-1,-1,1,-1
2015331501939,2,9,0,9,0,6,0,0,0,0,1,1,6,2,20,4,998,1,2,-1,1,-1
2015331501940,1,9,0,18,0,8,0,0,0,0,1,1,3,2,36,7,1398,1,11,-1,1,-1
2015331501940,2,9,0,9,0,5,0,0,0,0,3,1,6,3,-1,-1,1796,1,16,-1,-1,-1
2015331501941,1,9,0,8,0,1,0,0,0,0,1,1,1,1,46,8,1560,2,4,-1,1,-1
2015331501941,2,1,0,18,0,6,0,0,0,0,1,1,6,1,16,4,-1,-1,-1,-1,1,-1
2015331501942,1,9,0,18,0,0,2,0,1,7,0,1,1,1,30,6,-1,-1,-1,-1,-1,-1
2015331501942,2,21,4,18,0,0,1,0,0,0,1,1,1,1,43,7,-1,-1,-1,-1,2,-1
2015331501943,1,8,0,5,0,4,0,0,0,0,3,1,1,1,38,7,1910,2,8,-1,1,-1
2015331501943,2,9,0,18,0,8,0,0,0,0,1,1,1,1,38,7,1998,2,12,-1,1,-1
2015331501944,1,9,0,18,0,2,0,0,0,0,3,1,6,2,18,4,1229,1,3,-1,1,-1
2015331501944,2,9,0,11,0,2,0,0,0,0,4,1,6,3,-1,-1,-1,-1,-1,-1,-1,-1
2015331501945,1,9,0,4,0,1,0,0,0,0,0,1,6,1,35,6,-1,-1,-1,-1,-1,-1
2015331501946,1,5,0,18,0,0,0,0,0,0,1,1,6,1,26,6,955,1,16,-1,1,-1
2015331501947,1,5,0,4,0,1,0,0,0,0,4,1,6,1,20,4,800,1,10,-1,2,-1
2015331501948,1,9,0,18,0,2,1,11,0,0,1,1,6,3,-1,-1,1124,1,12,-1,-1,-1
2015331501949,1,9,0,13,0,1,0,0,0,0,1,1,6,2,43,7,1910,2,10,-1,1,-1
2015331501949,2,1,0,18,0,1,0,0,0,0,1,1,4,1,14,3,-1,-1,-1,-1,1,-1
2015331501950,1,9,0,9,0,5,0,0,0,0,3,1,6,2,48,8,1242,1,6,-1,1,-1
2015331501950,2,3,0,4,0,8,0,0,0,0,4,1,6,1,27,6,125,1,1,-1,1,-1
2015331501950,3,9,0,4,0,8,0,0,0,0,4,1,6,1,52,8,-1,-1,-1,-1,1,-1
2015331501951,1,9,0,9,0,6,0,0,0,0,1,1,1,1,28,6,1798,8,1,-1,1,-1
2015331501952,1,1,0,18,0,0,0,0,1,11,1,1,6,1,47,8,-1,-1,-1,-1,-1,-1
2015331501952,2,1,0,18,0,0,0,0,0,0,1,1,6,1,-1,-1,-1,-1,-1,-1,-1,-1
2015331501953,1,9,0,18,0,6,0,0,0,0,1,1,6,1,-1,-1,1364,1,5,-1,-1,-1
2015331501953,2,9,0,18,0,8,0,0,0,0,3,1,6,1,27,6,2435,1,15,-1,1,-1
2015331501954,1,19,0,5,0,1,0,0,0,0,1,1,6,1,62,9,1753,2,15,-1,1,-1
2015331501954,2,9,0,3,0,1,0,0,0,0,2,1,6,2,20,4,1242,1,1,-1,1,-1
2015331501955,1,9,0,4,0,1,0,0,0,0,1,1,6,1,31,6,1596,1,12,-1,1,-1
2015331501955,2,19,0,3,0,1,0,0,0,0,2,1,1,1,51,8,1399,2,7,-1,1,-1
2015331501956,1,8,0,1,0,0,0,0,0,0,2,1,6,1,50,8,1390,1,9,-1,-1,-1
2015331501957,1,9,0,17,0,0,2,0,7,10,1,1,6,1,48,8,1596,1,11,-1,2,-1
2015331501957,2,9,0,16,0,0,0,0,0,0,1,1,6,1,19,4,973,1,13,-1,1,-1
2015331501958,1,19,0,2,0,2,0,0,0,0,0,1,1,1,55,8,-1,-1,-1,-1,1,-1
2015331501958,2,9,0,18,0,1,0,0,0,0,4,1,6,3,-1,-1,-1,-1,-1,-1,-1,-1
2015331501959,1,11,0,18,0,8,0,0,0,0,1,1,1,1,52,8,6700,2,7,-1,1,-1
2015331501959,2,20,0,18,0,8,0,4,0,0,1,1,1,1,41,7,4250,2,10,-1,1,-1
2015331501959,3,9,0,2,0,2,0,0,0,0,2,1,6,1,-1,-1,-1,-1,-1,-1,-1,-1
2015331501960,1,9,0,18,0,1,0,0,0,0,2,1,2,2,32,6,2231,2,6,-1,1,-1
2015331501960,2,9,0,11,0,1,0,0,0,0,1,1,2,1,25,5,1896,2,14,-1,1,-1
2015331501961,1,21,1,4,0,0,0,0,0,0,1,1,1,1,42,7,10837,2,-1,-1,1,-1
2015331501961,2,19,0,4,0,0,0,0,0,0,2,1,1,1,48,8,2143,2,3,-1,-1,-1
2015331501961,3,21,1,4,0,0,0,0,0,0,2,1,1,1,28,6,11967,2,4,-1,1,-1
2015331501961,4,21,1,4,0,0,1,0,0,0,2,1,1,1,49,8,12740,2,1,-1,1,-1
2015331501961,5,9,0,5,0,0,0,0,0,0,0,1,6,3,-1,-1,-1,-1,-1,-1,-1,-1
2015331501962,1,19,0,18,0,0,0,0,1,0,1,1,6,1,28,6,1968,2,5,-1,1,-1
2015331501962,2,9,0,18,0,0,0,0,1,4,2,1,1,1,67,10,1242,1,11,-1,1,-1
2015331501963,1,9,0,17,0,8,0,0,0,0,1,1,6,1,65,9,1988,1,15,-1,1,-1
2015331501963,2,19,0,18,0,6,0,0,0,0,3,1,2,1,32,6,1968,2,-1,-1,-1,-1
2015331501964,1,4,0,4,0,1,1,0,0,0,1,1,1,1,41,7,299,1,-1,-1,1,-1
2015331501964,2,9,0,3,0,1,0,0,0,0,2,1,1,1,43,7,2199,2,3,-1,1,-1
2015331501965,1,9,0,18,0,2,0,0,0,0,3,1,2,1,28,6,1839,1,12,-1,-1,-1
2015331501966,1,8,0,18,0,0,0,0,0,0,1,1,6,1,58,9,1497,8,-1,-1,-1,-1
2015331501966,2,9,0,18,0,0,0,0,1,3,1,1,6,1,51,8,1461,2,9,-1,3,-1
2015331501967,1,9,0,18,0,1,0,0,0,0,1,1,1,1,57,9,-1,-1,-1,-1,1,-1
2015331501967,2,1,0,18,0,6,0,0,0,0,1,1,6,1,14,3,-1,-1,-1,-1,1,-1
2015331501969,1,98,0,12,0,0,0,0,0,0,3,1,1,1,-1,-1,-1,-1,-1,-1,-1,-1
2015331501969,2,9,0,18,0,0,0,0,0,0,4,1,6,2,35,6,-1,-1,-1,-1,1,-1
2015331501973,1,3,0,18,0,4,0,0,0,0,1,1,6,1,21,5,125,1,1,-1,1,-1
2015331501973,2,9,0,18,0,8,0,0,0,0,3,1,6,2,27,6,2987,2,1,-1,1,-1
2015331501973,3,9,0,18,0,4,0,0,0,0,0,1,6,3,-1,-1,-1,-1,-1,-1,-1,-1
2015331501974,1,9,0,18,0,0,0,0,7,6,1,1,6,1,30,6,1149,1,13,-1,1,-1
2015331501974,2,9,0,18,0,0,0,0,0,0,0,1,6,3,-1,-1,2143,2,1,-1,-1,-1
2015331501975,1,3,0,18,0,8,1,0,0,0,4,1,2,1,51,8,108,1,5,-1,1,-1
2015331501975,2,9,0,7,0,6,0,0,0,0,3,1,6,2,49,8,1988,2,11,-1,1,-1
2015331501976,1,9,0,18,0,0,0,0,0,0,4,1,6,2,32,6,1587,1,13,-1,2,-1
2015331501976,2,1,0,18,0,0,0,0,0,0,3,1,6,1,66,10,-1,-1,-1,-1,1,-1
2015331501977,1,9,0,18,0,6,0,0,1,3,3,1,1,2,30,6,1560,2,4,-1,1,-1
2015331501977,2,9,0,17,0,8,1,0,1,9,1,1,6,1,63,9,1995,2,-1,-1,1,-1
2015331501978,1,3,0,17,0,0,1,0,1,0,4,1,6,1,19,4,124,1,3,-1,3,-1
2015331501979,1,19,0,16,0,0,0,0,1,9,1,1,1,1,18,4,2198,2,4,-1,1,-1
2015331501979,2,98,0,17,0,0,0,0,1,0,1,1,1,1,50,8,-1,-1,-1,-1,2,-1
2015331501980,1,98,0,7,0,6,0,0,0,0,1,1,1,1,35,6,-1,-1,-1,-1,-1,-1
2015331501980,2,1,0,18,0,8,0,0,0,0,4,1,1,2,29,6,-1,-1,-1,-1,1,-1
2015331501981,1,9,0,16,0,2,1,10,1,5,4,1,6,2,20,4,1149,1,13,-1,1,-1
2015331501982,1,11,0,4,0,1,0,0,0,0,1,1,1,1,60,9,4250,2,15,-1,1,-1
2015331501982,2,9,0,12,0,1,0,0,0,0,2,1,2,2,20,4,1399,2,12,-1,1,-1
2015331501983,1,9,0,17,0,0,1,0,1,10,4,1,1,2,36,7,1124,1,17,-1,1,-1
2015331501984,1,9,0,4,0,0,1,0,0,0,1,1,6,2,-1,-1,-1,-1,-1,-1,-1,-1
2015331501985,1,9,0,9,0,6,0,0,0,0,3,1,3,1,42,7,1968,2,4,-1,3,-1
2015331501985,2,9,0,18,0,8,0,0,0,0,1,1,2,2,49,8,1582,2,6,-1,3,-1
2015331501986,1,19,0,17,0,8,0,0,0,0,4,1,2,1,49,8,2500,2,14,-1,1,-1
2015331501986,2,9,0,5,0,6,0,0,0,0,1,1,6,1,69,10,1198,1,13,-1,1,-1
2015331501987,1,9,0,9,9,5,0,0,0,0,1,1,2,2,39,7,1686,2,10,-1,1,-1
2015331501988,1,19,0,18,0,1,0,0,0,0,1,1,6,1,29,6,1968,2,-1,-1,3,-1
2015331501988,2,9,0,4,0,1,0,0,0,0,2,1,6,2,32,6,1229,1,8,-1,1,-1
2015331501989,1,1,0,18,4,8,0,0,0,0,1,1,6,2,29,6,-1,-1,-1,-1,1,-1
2015331501989,2,9,0,18,0,5,0,0,0,0,1,1,6,1,-1,-1,1242,1,12,-1,-1,-1
2015331501990,1,9,0,12,0,6,0,0,1,0,1,1,2,1,25,5,1388,1,11,-1,1,-1
2015331501990,2,9,0,18,0,8,1,0,4,0,1,1,1,1,23,5,3498,1,11,-1,1,-1