Accident_Index,Vehicle_Reference,Vehicle_Type,Towing_and_Articulation,Vehicle_Manoeuvre,Vehicle_Location-Restricted_Lane,Junction_Location,Skidding_and_Overturning,Hit_Object_in_Carriageway,Vehicle_Leaving_Carriageway,Hit_Object_off_Carriageway,1st_Point_of_Impact,Was_Vehicle_Left_Hand_Drive?,Journey_Purpose_of_Driver,Sex_of_Driver,Age_of_Driver,Age_Band_of_Driver,Engine_Capacity_(CC),Propulsion_Code,Age_of_Vehicle,Driver_IMD_Decile,Driver_Home_Area_Type,Vehicle_IMD_Decile
201534WS02245,2,9,0,2,0,0,0,0,0,0,2,1,6,1,37,7,1389,1,13,-1,3,-1
201534WS02425,1,19,0,18,0,0,0,0,0,0,1,1,6,1,34,6,1248,2,6,-1,1,-1
201534WS02425,2,19,0,18,0,0,0,0,0,0,1,1,2,1,30,6,2198,2,7,-1,-1,-1
201534WS02425,3,19,0,18,0,0,0,0,0,0,3,1,6,1,44,7,2198,2,3,-1,1,-1
201534WS02555,1,9,0,13,0,8,0,0,7,0,1,1,2,2,55,8,1598,1,5,-1,3,-1
201534WS02555,2,9,0,9,0,8,0,0,0,0,3,1,3,2,44,7,-1,-1,-1,-1,3,-1
201534WS02565,1,9,0,17,0,0,0,0,0,0,1,1,6,1,65,9,1398,2,2,-1,2,-1
201534WS02565,2,9,0,16,0,0,0,0,0,0,1,1,6,1,89,11,1596,1,7,-1,2,-1
201534WS02945,1,9,0,2,0,0,0,0,0,0,0,1,6,1,41,7,1686,2,2,-1,2,-1
201534WS02945,2,9,0,18,0,0,0,0,0,0,2,1,6,2,66,10,1229,1,3,-1,1,-1
201534WS02945,3,9,0,18,0,0,0,0,0,0,1,1,6,1,40,7,1587,1,7,-1,1,-1
201534WS02945,4,9,0,18,0,0,0,0,0,0,1,1,6,1,64,9,1996,1,14,-1,1,-1
201534WS02965,1,3,0,14,0,0,0,0,0,0,1,1,2,1,22,5,125,1,2,-1,2,-1
201534WS02965,2,9,0,18,0,0,0,0,0,0,3,1,2,2,47,8,-1,-1,-1,-1,3,-1
201534WS03415,1,9,0,18,0,0,0,10,1,0,1,1,1,2,23,5,1229,1,2,-1,1,-1
201534WS03575,1,9,0,9,0,8,0,0,0,0,1,1,6,2,-1,-1,2979,1,13,-1,-1,-1
201534WS03575,2,4,0,18,0,8,0,0,0,0,1,1,6,1,43,7,293,1,1,-1,2,-1
201534WS03735,1,9,0,18,0,8,0,0,0,0,1,1,6,2,39,7,1560,2,5,-1,2,-1
201534WS03735,2,9,0,18,0,8,0,0,0,0,1,1,6,1,28,6,-1,-1,-1,-1,2,-1
201534WS03745,1,9,0,9,0,0,0,0,0,0,1,1,6,1,43,7,-1,-1,-1,-1,2,-1
201534WS03745,2,9,0,18,0,0,0,0,0,0,1,1,2,2,43,7,-1,-1,-1,-1,3,-1
201534WS04035,1,9,0,17,0,0,2,0,7,10,1,1,2,1,27,6,1422,2,6,-1,-1,-1
201534WS04045,1,9,0,18,0,0,1,0,0,0,3,1,6,2,32,6,1398,2,12,-1,2,-1
201534WS04045,2,21,1,18,0,0,0,0,0,0,2,1,1,1,45,7,9200,2,5,-1,-1,-1
201534WS04555,1,9,0,18,0,8,0,0,0,0,1,1,6,1,-1,-1,-1,-1,-1,-1,-1,-1
201534WS04555,2,19,0,18,0,8,0,0,0,0,2,1,6,1,-1,-1,-1,-1,-1,-1,-1,-1
201534WS05285,1,5,0,7,0,7,1,0,0,0,1,1,6,1,28,6,599,1,19,-1,1,-1
201534WS05285,2,21,1,18,0,8,0,0,0,0,2,1,1,1,46,8,12882,2,5,-1,1,-1
201534WS05715,1,9,0,13,0,0,0,0,0,0,1,1,6,1,27,6,1686,2,6,-1,1,-1
201534WS05715,2,20,1,18,0,0,0,0,0,0,3,1,1,1,39,7,-1,-1,-1,-1,1,-1
201534WS05715,3,9,0,18,0,0,0,0,1,0,4,1,6,1,46,8,1560,2,7,-1,-1,-1
201534WS05715,4,9,0,18,0,0,0,0,0,0,1,1,1,1,23,5,-1,-1,-1,-1,1,-1
201534WS05885,1,9,0,18,0,8,0,0,0,0,3,1,6,1,84,11,1997,2,13,-1,3,-1
201534WS05885,2,19,0,18,0,8,0,0,0,0,1,1,1,1,51,8,1998,2,11,-1,3,-1
201534WS06265,1,9,0,18,0,8,0,0,0,0,1,1,2,1,37,7,-1,-1,-1,-1,2,-1
201534WS06265,2,9,0,18,0,8,0,0,0,0,4,1,6,1,70,10,1388,1,3,-1,3,-1
201534WS06475,1,20,1,18,0,0,0,0,0,0,1,1,1,1,42,7,-1,-1,-1,-1,1,-1
201534WS06475,2,20,0,3,0,0,0,0,0,0,2,1,1,1,25,5,11946,2,4,-1,1,-1
201534WS06805,1,9,0,18,0,0,0,0,1,0,1,1,2,1,36,7,1796,1,12,-1,2,-1
201534WS06805,2,9,0,3,0,0,0,0,0,0,2,1,2,1,35,6,1968,2,3,-1,2,-1
201534WS07045,1,9,0,16,0,0,5,0,7,0,1,1,6,1,37,7,-1,-1,-1,-1,3,-1
201534WS07215,1,9,0,3,0,0,0,0,0,0,0,1,6,2,40,7,1968,2,3,-1,1,-1
201534WS07215,2,9,0,18,0,0,0,0,0,0,2,1,6,2,54,8,1499,1,1,-1,2,-1
201534WS07215,3,4,0,18,0,0,0,0,0,0,1,1,6,1,50,8,600,1,14,-1,1,-1
201534WS07225,1,9,0,18,0,8,0,0,0,0,1,1,6,1,22,5,2792,1,19,-1,1,-1
201534WS07225,2,9,0,18,0,8,0,0,0,0,2,1,6,1,31,6,-1,-1,-1,-1,-1,-1
201534WS07235,1,9,0,9,0,8,0,0,0,0,3,1,6,2,76,11,1242,1,7,-1,2,-1
201534WS07235,2,9,0,18,0,8,0,0,0,0,1,1,6,1,84,11,998,1,2,-1,2,-1
201534WS07485,1,9,0,18,0,0,0,0,0,0,1,1,2,1,19,4,1390,1,12,-1,2,-1
201534WS07485,2,9,0,3,0,0,0,0,1,0,2,1,2,1,49,8,-1,-1,-1,-1,3,-1
201534WS07485,3,9,4,10,0,0,0,0,0,0,2,1,1,1,62,9,-1,-1,-1,-1,3,-1
201534WS08115,1,9,0,18,0,0,0,0,1,3,1,1,6,1,23,5,1598,2,1,-1,2,-1
201534WS08125,1,21,1,18,0,8,0,0,0,0,1,1,1,2,-1,-1,-1,-1,-1,-1,-1,-1
201534WS08125,2,9,0,18,0,8,0,0,0,0,2,1,6,1,56,9,-1,-1,-1,-1,1,-1
201534WS08265,1,9,0,16,0,0,0,0,7,9,1,1,2,2,19,4,1299,1,12,-1,2,-1
201534WS08395,1,5,0,18,0,0,0,0,7,0,1,1,6,1,28,6,899,1,15,-1,3,-1
201534WS08405,1,9,0,18,0,0,5,0,1,0,1,1,6,2,18,4,-1,-1,-1,-1,2,-1
201534WS08925,1,9,0,18,0,0,0,0,0,0,1,1,6,3,-1,-1,-1,-1,-1,-1,-1,-1
201534WS08925,2,9,0,18,0,0,0,0,0,0,2,1,6,1,41,7,1989,1,15,-1,-1,-1
201534WS09425,1,9,0,18,0,8,0,0,0,0,1,1,6,1,-1,-1,1598,2,3,-1,-1,-1
201534WS09425,2,9,0,3,0,8,0,0,0,0,2,1,6,2,24,5,1360,1,8,-1,3,-1
201534WS09655,1,9,0,18,0,8,0,0,0,0,1,1,6,1,79,11,1596,1,2,-1,3,-1
201534WS09655,2,5,0,18,0,8,0,0,0,0,3,1,6,1,52,8,1352,1,4,-1,1,-1
201534WS10225,1,9,0,18,0,0,1,0,0,0,1,1,6,1,20,4,-1,-1,-1,-1,3,-1
201534WS10225,2,9,0,18,0,0,0,0,0,0,2,1,2,1,23,5,1997,2,3,-1,1,-1
201534WS10265,1,9,0,18,0,8,0,0,8,2,1,1,6,1,86,11,1598,1,8,-1,1,-1
201534WS10265,2,9,0,2,0,8,0,0,0,0,1,1,6,2,54,8,-1,-1,-1,-1,1,-1
201534WS10275,1,19,0,18,0,0,0,0,0,0,3,1,6,1,42,7,1360,1,9,-1,1,-1
201534WS10985,1,9,0,18,0,8,0,0,0,0,1,1,6,1,-1,-1,-1,-1,-1,-1,-1,-1
201534WS10985,2,9,0,18,0,8,0,0,0,0,1,1,6,2,70,10,1229,1,5,-1,2,-1
201534WS10995,1,9,0,18,0,0,0,0,0,0,0,1,6,3,-1,-1,-1,-1,-1,-1,-1,-1
201534WS10995,2,9,0,18,0,0,0,0,1,11,0,1,6,2,64,9,1368,1,8,-1,2,-1
201534WS11015,1,9,0,18,0,8,0,0,0,0,1,1,2,1,18,4,1195,1,18,-1,2,-1
201534WS11015,2,9,0,10,0,8,0,0,0,0,2,1,2,1,36,7,1995,2,2,-1,2,-1
201534WS11325,1,9,0,18,0,8,0,0,1,7,1,1,1,2,18,4,1596,1,13,-1,3,-1
201534WS11715,1,9,0,9,0,8,0,0,0,0,1,1,6,2,67,10,1598,1,5,-1,3,-1
201534WS11715,2,5,0,18,0,8,0,0,0,0,1,1,6,1,57,9,1203,1,9,-1,3,-1
201534WS11875,1,5,0,18,0,8,1,0,0,0,1,1,6,1,43,7,599,1,13,-1,1,-1
201534WS11875,2,9,0,3,0,8,0,0,0,0,3,1,6,2,33,6,1598,1,4,-1,1,-1
201534WS11895,1,9,0,9,0,8,0,0,0,0,3,1,6,2,74,10,1339,1,8,-1,2,-1
201534WS11895,2,9,0,18,0,8,0,0,0,0,1,1,2,1,18,4,1229,1,5,-1,3,-1
201534WS12865,1,9,0,18,0,0,1,0,1,4,1,1,6,2,23,5,796,1,13,-1,1,-1
201534WS12885,1,3,0,18,0,0,0,0,0,0,1,1,6,1,19,4,125,1,-1,-1,1,-1
201534WS12885,2,9,0,2,0,0,0,0,0,0,2,1,6,2,-1,-1,-1,-1,-1,-1,3,-1
201534WS12895,1,9,0,18,0,8,0,0,0,0,1,1,6,1,34,6,999,2,2,-1,-1,-1
201534WS12895,2,9,0,6,0,8,0,0,0,0,1,1,6,1,24,5,1995,1,10,-1,1,-1
201534WS12895,3,19,0,2,0,8,0,0,0,0,3,1,6,3,-1,-1,-1,-1,-1,-1,-1,-1
201534WS13075,1,9,0,18,0,8,0,0,0,0,2,1,2,2,44,7,1398,1,3,-1,2,-1
201534WS13075,2,1,0,18,0,8,0,0,0,0,1,1,6,1,35,6,-1,-1,-1,-1,1,-1
201534WS13205,1,9,0,9,0,8,0,0,0,0,1,1,6,1,26,6,1242,1,9,-1,1,-1
201534WS13205,2,9,0,18,0,8,0,0,0,0,1,1,6,1,21,5,1229,1,3,-1,1,-1
201534WS13965,1,9,0,1,0,8,0,0,1,11,1,1,6,2,78,11,1582,2,1,-1,1,-1
201534WS14035,1,9,0,9,0,0,0,0,0,0,1,1,6,1,28,6,1192,1,-1,-1,2,-1
201534WS14035,2,9,0,18,0,0,0,0,0,0,1,1,2,1,40,7,1798,1,6,-1,2,-1
201534WS15275,1,4,0,18,0,0,0,12,0,0,1,1,6,1,55,8,249,1,19,-1,3,-1
201534WS15535,1,9,0,18,0,0,0,0,0,0,2,1,6,2,18,4,1560,2,2,-1,2,-1
201534WS15535,2,9,0,18,0,0,0,0,0,0,2,1,6,1,19,4,1598,2,4,-1,1,-1
201534WS15715,1,9,0,16,0,0,0,0,1,10,1,1,1,2,24,5,1461,2,8,-1,3,-1
201534WS15725,1,9,0,18,0,0,0,10,1,0,1,1,6,1,33,6,1995,2,11,-1,1,-1
201534WS15725,2,21,1,2,6,0,0,0,0,0,3,1,1,1,47,8,-1,-1,-1,-1,-1,-1
201534WS15735,1,5,0,16,0,8,0,0,0,0,1,1,6,1,61,9,847,1,2,-1,3,-1
201534WS15965,1,5,0,11,0,8,0,0,0,0,4,1,1,1,20,4,645,1,1,-1,2,-1
201534WS15965,2,9,0,3,0,7,0,0,0,0,2,1,6,1,-1,-1,-1,-1,-1,-1,-1,-1
201534WS16555,1,9,0,9,0,8,0,0,0,0,1,1,6,1,33,6,1995,2,11,-1,3,-1
201534WS16555,2,9,0,17,0,8,0,0,0,0,1,1,6,1,84,11,1390,1,10,-1,3,-1
201534WS16655,1,9,0,18,0,8,0,0,0,0,1,1,6,1,51,8,2967,2,-1,-1,3,-1
201534WS16655,2,9,0,10,0,8,0,0,0,0,2,1,6,2,45,7,1995,2,3,-1,1,-1
201534WS16775,1,19,0,15,0,0,0,0,0,0,3,1,6,1,-1,-1,1598,2,1,-1,-1,-1
201534WS16775,2,9,0,18,0,0,0,0,0,0,4,1,6,1,47,8,1590,1,14,-1,1,-1
201534WS17005,1,9,0,16,0,0,0,0,0,0,1,1,6,1,-1,-1,-1,-1,-1,-1,-1,-1
201534WS17005,2,9,0,18,0,0,0,0,0,0,3,1,2,1,39,7,1997,2,13,-1,2,-1
201534WS17085,1,9,0,17,0,0,1,0,1,4,1,1,6,1,23,5,1896,2,9,-1,2,-1
201534WS17235,1,9,0,18,0,0,0,0,0,0,1,1,6,2,23,5,1596,1,13,-1,1,-1
201534WS17235,2,21,1,18,0,0,0,0,0,0,2,1,1,1,67,10,16400,2,-1,-1,1,-1
201534WS17265,1,9,0,18,0,8,0,0,0,0,1,1,6,1,25,5,1800,1,15,-1,3,-1
201534WS17265,2,9,0,3,0,8,0,0,0,0,1,1,6,1,70,10,1398,2,7,-1,1,-1
201534WS17265,3,19,0,10,0,8,0,0,0,0,2,1,6,1,22,5,2400,2,11,-1,1,-1
201534WS17285,1,9,0,18,0,0,0,0,1,11,1,1,6,2,29,6,2993,2,3,-1,1,-1
201534WS17295,1,9,0,18,0,8,0,0,0,0,1,1,3,2,22,5,1240,1,12,-1,3,-1
201534WS17295,2,9,0,8,0,8,0,0,0,0,2,1,6,2,58,9,2400,2,2,-1,3,-1
201534WS17305,1,9,0,9,0,8,0,0,0,0,3,1,6,1,51,8,2143,2,-1,-1,1,-1
201534WS17305,2,1,0,17,0,8,0,0,0,0,1,1,6,2,50,8,-1,-1,-1,-1,3,-1
201534WS17845,1,9,0,18,0,0,0,0,0,0,1,1,6,1,23,5,1598,1,10,-1,1,-1
201534WS17845,2,9,0,2,0,0,0,0,0,0,2,1,6,1,82,11,1956,2,2,-1,3,-1
201534WS17865,1,9,0,17,0,0,5,0,7,1,1,1,6,2,52,8,1761,1,14,-1,3,-1
201534WS17885,1,21,0,16,0,0,0,0,0,0,1,2,1,1,39,7,-1,-1,-1,-1,-1,-1
201534WS17885,2,9,0,17,0,0,0,0,0,0,1,1,6,1,72,10,1997,1,5,-1,3,-1
201534WS17895,1,5,0,18,0,8,0,0,7,9,4,1,6,1,40,7,1050,1,5,-1,2,-1
201534WS17895,2,1,0,18,0,8,0,0,0,0,1,1,6,1,58,9,-1,-1,-1,-1,1,-1
201534WS17925,1,5,0,18,0,0,0,0,0,0,1,1,6,1,64,9,1560,1,41,-1,2,-1
201534WS17925,2,9,0,2,0,0,0,0,0,0,1,1,6,2,69,10,998,1,1,-1,2,-1
201534WS18285,1,20,0,18,0,8,0,0,0,0,1,1,1,1,55,8,4461,2,7,-1,1,-1
201534WS18285,2,19,0,18,0,8,0,0,0,0,1,1,1,1,60,9,1598,1,7,-1,1,-1
201534WS18545,1,9,0,18,0,8,0,0,0,0,1,1,6,1,18,4,1149,1,13,-1,2,-1
201534WS18545,2,9,0,18,0,8,0,0,1,11,3,1,6,2,42,7,1896,2,7,-1,3,-1
201534WS18665,1,9,0,18,0,8,0,0,0,0,4,1,6,1,-1,-1,-1,-1,-1,-1,-1,-1
201534WS18665,2,9,0,18,0,8,0,0,0,0,3,1,1,1,22,5,1910,2,10,-1,1,-1
201534WS18675,1,9,0,11,0,0,0,0,0,0,1,1,1,1,40,7,2143,2,4,-1,1,-1
201534WS18675,2,19,0,18,0,0,0,0,0,0,2,1,1,1,23,5,2143,2,3,-1,1,-1
201534WS18845,1,9,0,18,0,0,1,0,1,9,1,1,6,1,78,11,1399,2,6,-1,3,-1
201534WS18955,1,3,0,9,0,8,0,0,0,0,1,1,6,1,20,4,124,1,11,-1,3,-1
201534WS18955,2,9,0,18,0,8,0,0,0,0,2,1,6,1,19,4,1199,1,11,-1,1,-1
201534WS19125,1,9,0,7,0,8,0,0,0,0,1,1,6,1,24,5,1560,2,10,-1,3,-1
201534WS19125,2,9,0,18,0,8,0,0,0,0,1,1,6,2,47,8,1598,1,8,-1,1,-1
201534WS19295,1,9,0,18,0,0,0,0,0,0,4,1,6,1,-1,-1,-1,-1,-1,-1,-1,-1
201534WS20655,1,9,0,17,0,0,1,0,1,11,1,1,2,2,19,4,1242,1,9,-1,1,-1
201534WS21025,1,5,0,18,0,8,2,9,1,9,1,1,6,1,32,6,-1,-1,-1,-1,1,-1
201534WS21135,1,9,0,18,0,0,0,0,0,0,0,1,6,3,-1,-1,-1,-1,-1,-1,-1,-1
201534WS21135,2,9,0,13,0,0,0,0,0,0,0,1,6,3,-1,-1,-1,-1,-1,-1,-1,-1
201534WS21135,3,5,0,18,0,0,0,0,1,0,4,1,1,1,45,7,899,1,15,-1,-1,-1
201534WS21665,1,9,0,18,0,0,5,10,1,1,1,1,6,1,22,5,1796,1,14,-1,2,-1
201534WS21685,1,9,0,9,0,8,0,0,0,0,3,1,2,1,28,6,1896,2,10,-1,1,-1
201534WS21685,2,9,0,18,0,8,0,0,0,0,1,1,2,2,52,8,1896,2,10,-1,1,-1
201534WS21695,1,9,0,12,0,8,0,0,0,0,1,1,6,1,58,9,1968,2,5,-1,1,-1
201534WS21695,2,19,0,18,0,8,0,0,1,0,1,1,2,1,29,6,2198,2,1,-1,1,-1
201534WS21695,3,9,0,18,0,8,0,0,0,0,1,1,6,1,19,4,1896,2,12,-1,1,-1
201534WS22255,1,9,0,18,0,0,2,0,5,6,3,1,2,2,23,5,1248,2,1,-1,1,-1
201534WS22265,1,9,0,18,0,8,0,0,0,0,4,1,6,1,-1,-1,1762,1,19,-1,-1,-1
201534WS22265,2,9,0,18,0,8,0,0,0,0,3,1,2,1,26,6,1461,2,1,-1,1,-1
201534WS22425,1,9,0,18,0,0,0,0,7,11,1,1,6,2,49,8,1493,2,10,-1,1,-1
201534WS22535,1,9,0,18,0,8,1,0,0,0,1,1,6,1,-1,-1,1956,2,5,-1,-1,-1
201534WS22535,2,9,0,18,0,8,0,0,0,0,1,1,3,2,46,8,1791,8,4,-1,2,-1
201534WS22595,1,9,0,18,0,8,0,0,0,0,1,1,6,2,82,11,1328,1,10,-1,3,-1
201534WS22595,2,9,0,18,0,8,0,0,0,0,1,1,2,2,39,7,1197,1,1,-1,1,-1
201534WS22785,1,9,0,18,0,0,5,0,2,10,1,1,2,1,19,4,1149,1,14,-1,1,-1
201534WS23045,1,9,0,18,0,0,0,0,0,0,1,1,6,2,43,7,1360,1,12,-1,3,-1
201534WS23045,2,9,0,18,0,0,0,0,0,0,0,1,6,2,-1,-1,-1,-1,-1,-1,-1,-1
201534WS23055,1,9,0,9,0,8,0,0,0,0,1,1,6,1,82,11,1396,1,14,-1,2,-1
201534WS23055,2,9,0,9,0,8,0,0,0,0,4,1,1,1,24,5,1299,1,16,-1,1,-1
201534WS24015,1,9,0,18,0,0,0,0,0,0,2,1,2,1,47,8,1497,1,10,-1,1,-1
201534WS24015,2,21,0,18,0,0,0,0,0,0,1,1,6,1,42,7,-1,-1,-1,-1,-1,-1
201534WS24155,1,9,0,17,0,8,0,0,0,0,3,1,6,1,-1,-1,-1,-1,-1,-1,-1,-1
201534WS24315,1,9,0,9,0,8,0,0,0,0,1,1,6,1,-1,-1,1198,1,13,-1,-1,-1
201534WS24315,2,9,0,18,0,8,1,0,1,0,1,1,6,1,31,6,1598,1,14,-1,-1,-1
201534WS24315,3,9,0,8,0,8,0,0,0,0,1,1,2,2,50,8,1498,1,-1,-1,3,-1
201534WS24395,1,9,0,18,0,0,0,0,0,0,1,1,1,1,36,7,1969,2,-1,-1,1,-1
201534WS24395,2,9,0,18,0,0,0,0,0,0,2,1,1,2,28,6,2143,2,-1,-1,-1,-1
201534WS24395,3,9,0,18,0,0,0,0,0,0,1,1,6,1,69,10,1299,1,16,-1,1,-1
201534WS24995,1,19,0,18,0,8,0,0,0,0,4,1,1,1,45,7,1968,2,3,-1,2,-1
201534WS24995,2,1,0,18,0,8,0,0,0,0,3,1,6,1,37,7,-1,-1,-1,-1,1,-1
201534WS25015,1,9,0,13,0,0,5,0,5,6,1,1,6,1,44,7,1984,1,-1,-1,-1,-1
201534WS25035,1,9,0,18,0,8,0,0,0,0,1,1,6,1,54,8,2387,2,8,-1,3,-1
201534WS25035,2,1,0,18,0,8,0,0,0,0,4,1,6,1,31,6,-1,-1,-1,-1,2,-1
201534WS25035,3,9,0,18,0,8,0,0,0,0,0,1,1,1,50,8,1995,2,2,-1,-1,-1
201534WS25155,1,9,0,18,0,0,0,0,0,0,1,1,6,2,27,6,1396,2,1,-1,2,-1
201534WS25155,2,2,0,18,0,0,0,0,0,0,3,1,6,2,34,6,-1,-1,-1,-1,2,-1
201534WS25205,1,9,0,9,0,8,0,0,0,0,3,1,2,1,60,9,1598,1,10,-1,2,-1
201534WS25205,2,1,0,18,0,8,0,0,0,0,3,1,6,1,27,6,-1,-1,-1,-1,3,-1
201534WS26145,1,19,0,9,0,8,0,0,0,0,1,1,1,2,31,6,2143,2,-1,-1,1,-1
201534WS26145,2,9,0,18,0,8,0,0,0,0,1,1,6,1,33,6,1229,1,4,-1,1,-1
201534WS26465,1,9,0,18,0,8,0,0,0,0,1,1,3,1,44,7,2720,2,9,-1,3,-1
201534WS26465,2,9,0,18,0,8,0,0,0,0,1,1,2,1,29,6,1461,2,-1,-1,1,-1
201534WS26465,3,9,0,3,0,8,0,0,0,0,3,1,2,1,44,7,1360,1,11,-1,-1,-1
201534WS26465,4,9,0,3,0,8,0,0,0,0,1,1,1,1,40,7,1598,2,-1,-1,1,-1
201534WS26465,5,9,0,3,0,8,0,0,0,0,1,1,1,1,36,7,1596,1,16,-1,1,-1
201534WS26565,1,9,0,9,0,8,0,0,0,0,1,1,6,2,73,10,1588,1,11,-1,2,-1
201534WS26565,2,9,0,18,0,8,0,0,0,0,1,1,6,1,85,11,1242,1,16,-1,-1,-1
201534WS26575,1,9,0,18,0,0,1,0,7,0,3,1,2,1,20,4,1149,1,14,-1,2,-1
201534WS26615,1,21,0,18,0,8,0,0,0,0,4,1,1,1,39,7,6693,2,2,-1,1,-1
201534WS26615,2,9,0,18,0,8,0,0,0,0,3,1,6,2,26,6,1997,2,5,-1,2,-1
201534WS26775,1,21,0,18,0,8,0,9,0,4,1,1,1,1,54,8,12902,2,1,-1,3,-1
201534WS26785,1,9,0,17,0,0,0,0,0,0,1,1,2,1,27,6,1998,2,8,-1,1,-1
201534WS26785,2,9,0,16,0,0,0,0,0,0,1,1,2,1,57,9,2143,2,4,-1,1,-1
201534WS27035,1,9,0,18,0,8,0,0,0,0,3,1,2,1,25,5,-1,-1,-1,-1,2,-1
201534WS27035,2,9,0,3,0,8,0,0,0,0,3,1,6,2,34,6,998,1,3,-1,1,-1
201534WS27625,1,19,0,18,0,0,0,0,0,0,1,1,1,1,41,7,2198,2,1,-1,1,-1
201534WS27625,2,9,0,3,0,0,0,0,0,0,2,1,6,1,51,8,1796,1,6,-1,1,-1
201534WS27625,3,9,0,3,0,0,0,0,0,0,2,1,1,1,19,4,-1,-1,-1,-1,2,-1
201534WS28045,1,19,0,18,0,8,1,0,0,0,1,1,1,1,36,7,2298,2,1,-1,2,-1
201534WS28045,2,9,0,18,0,8,0,0,0,0,1,1,6,2,79,11,1968,2,4,-1,3,-1
201534WS28165,1,9,0,18,0,0,5,0,7,0,1,1,2,2,20,4,-1,-1,-1,-1,2,-1
201534WS28175,1,9,0,9,0,8,0,0,0,0,3,1,6,2,52,8,1200,1,-1,-1,1,-1
201534WS28175,2,19,0,18,0,8,0,0,0,0,1,1,6,1,26,6,1753,2,13,-1,3,-1
201534WS28475,1,9,0,13,0,0,0,0,0,0,4,1,6,3,-1,-1,1968,2,6,-1,-1,-1
201534WS28475,2,1,0,18,0,0,0,0,0,0,3,1,6,1,60,9,-1,-1,-1,-1,3,-1
201534WS28515,1,9,0,18,0,0,0,0,0,0,1,1,2,1,32,6,-1,-1,-1,-1,1,-1
201534WS28515,2,9,0,3,0,0,0,0,0,0,2,1,3,2,41,7,1968,2,1,-1,3,-1
201534WS28905,1,21,0,13,0,0,0,0,0,0,4,1,6,1,-1,-1,-1,-1,-1,-1,-1,-1
201534WS28905,2,9,0,18,0,0,0,0,0,0,3,1,6,1,46,8,2199,2,-1,-1,1,-1
201534WS28955,1,21,0,18,0,8,0,0,0,0,2,1,1,1,53,8,3920,2,8,-1,1,-1
201534WS28955,2,9,0,18,0,8,0,0,0,0,1,1,6,1,67,10,1597,2,2,-1,2,-1
201534WS29205,1,19,0,18,0,8,0,0,0,0,1,1,1,1,57,9,2198,2,1,-1,-1,-1
201534WS29205,2,9,0,3,0,8,0,0,0,0,2,1,2,1,38,7,1997,2,6,-1,1,-1
201534WS29535,1,8,0,9,0,8,0,0,0,0,1,1,1,1,39,7,1798,8,-1,-1,1,-1
201534WS29535,2,19,0,18,0,8,0,0,0,0,4,1,1,1,60,9,2998,2,1,-1,1,-1
201534WS29695,1,9,0,14,0,0,0,0,0,0,1,1,6,2,-1,-1,1200,1,-1,-1,-1,-1
201534WS29695,2,9,0,17,0,0,0,0,0,0,0,1,6,2,30,6,1198,1,1,-1,1,-1
201534WS29935,1,9,0,18,0,8,0,0,0,0,1,1,6,2,38,7,1598,1,5,-1,2,-1
201534WS29935,2,9,0,18,0,8,0,0,0,0,1,1,1,1,31,6,-1,-1,-1,-1,2,-1
201534WS30005,1,9,0,18,0,0,0,0,0,0,1,1,6,1,-1,-1,1896,2,14,-1,-1,-1
201534WS30005,2,9,0,3,0,0,0,0,0,0,2,1,6,2,27,6,995,1,7,-1,1,-1
201534WS30025,1,9,0,18,0,8,0,0,0,0,3,1,6,2,65,9,-1,-1,-1,-1,2,-1
201534WS30025,2,9,0,18,0,8,0,0,0,0,1,1,2,1,49,8,2993,2,3,-1,1,-1
201534WS30135,1,9,0,14,0,8,0,0,0,0,4,1,6,1,21,5,1364,1,10,-1,1,-1
201534WS30135,2,19,0,9,0,8,0,0,0,0,3,1,1,1,55,8,1248,2,8,-1,1,-1
201534WS30135,3,19,0,3,0,8,0,0,0,0,0,1,1,1,31,6,1968,2,1,-1,-1,-1
201534WS31085,1,8,0,9,0,8,0,0,0,0,4,1,6,1,-1,-1,1968,2,2,-1,-1,-1
201534WS31085,2,3,0,18,0,8,0,0,0,0,4,1,6,2,41,7,124,1,8,-1,1,-1
201534WS31345,1,9,0,18,0,0,1,0,0,0,1,1,2,2,26,6,1598,1,7,-1,1,-1
201534WS31345,2,9,0,3,0,0,0,0,0,0,2,1,2,2,34,6,1598,1,2,-1,1,-1
201534WS31345,3,19,0,3,0,0,0,0,0,0,2,1,1,1,40,7,2143,2,2,-1,1,-1
201534WS31725,1,9,0,9,0,8,0,0,0,0,1,1,1,2,33,6,1968,2,-1,-1,3,-1
201534WS31725,2,1,0,18,0,8,0,0,0,0,1,1,6,1,30,6,-1,-1,-1,-1,1,-1
201534WS31895,1,9,0,18,0,0,0,10,1,0,1,1,6,1,17,4,1598,1,10,-1,-1,-1
201534WS31895,2,9,0,18,0,0,0,0,0,0,0,1,6,3,-1,-1,-1,-1,-1,-1,-1,-1
201534WS32065,1,9,0,9,0,8,0,0,0,0,4,1,6,1,66,10,3123,1,9,-1,3,-1
201534WS32065,2,1,0,18,0,8,0,0,0,0,1,1,6,1,55,8,-1,-1,-1,-1,2,-1
201534WS32085,1,19,0,18,0,8,0,0,0,0,1,1,6,1,-1,-1,-1,-1,-1,-1,-1,-1
201534WS32085,2,5,0,18,0,8,0,0,0,0,1,1,1,1,64,9,-1,-1,-1,-1,2,-1
201534WS32105,1,11,0,18,0,8,0,0,0,0,3,1,1,1,50,8,4250,2,-1,-1,3,-1
201534WS32105,2,21,1,18,0,8,0,0,0,0,4,1,1,1,72,10,12740,2,4,-1,2,-1