Accident_Index,Vehicle_Reference,Vehicle_Type,Towing_and_Articulation,Vehicle_Manoeuvre,Vehicle_Location-Restricted_Lane,Junction_Location,Skidding_and_Overturning,Hit_Object_in_Carriageway,Vehicle_Leaving_Carriageway,Hit_Object_off_Carriageway,1st_Point_of_Impact,Was_Vehicle_Left_Hand_Drive?,Journey_Purpose_of_Driver,Sex_of_Driver,Age_of_Driver,Age_Band_of_Driver,Engine_Capacity_(CC),Propulsion_Code,Age_of_Vehicle,Driver_IMD_Decile,Driver_Home_Area_Type,Vehicle_IMD_Decile
201534WS32475,1,19,0,12,0,8,0,0,0,0,3,1,6,1,49,8,1995,2,4,-1,2,-1
201534WS32475,2,19,0,18,0,8,0,0,0,0,4,1,6,1,40,7,2287,2,4,-1,1,-1
201534WS32975,1,9,0,18,0,8,0,0,0,0,1,1,6,2,17,4,1422,2,7,-1,3,-1
201534WS32975,2,1,0,18,0,8,0,0,7,0,1,1,6,2,66,10,-1,-1,-1,-1,-1,-1
201534WS33345,1,9,0,1,0,0,0,0,0,0,4,1,6,1,56,9,2987,2,6,-1,2,-1
201534WS33405,1,3,0,3,0,8,0,0,0,0,2,1,1,1,19,4,109,1,2,-1,1,-1
201534WS33405,2,8,0,18,0,8,0,0,0,0,1,1,1,2,41,7,1242,1,5,-1,2,-1
201534WS33785,1,9,0,18,0,8,0,0,0,0,1,1,2,1,43,7,1781,1,12,-1,1,-1
201534WS33785,2,19,0,10,0,8,0,0,0,0,2,1,1,1,43,7,1598,2,-1,-1,1,-1
201534WS33795,1,9,0,17,0,0,0,0,7,4,1,1,6,1,30,6,-1,-1,-1,-1,1,-1
201534WS33795,2,9,0,16,0,0,0,0,0,0,0,1,6,3,-1,-1,-1,-1,-1,-1,-1,-1
201534WS33805,1,9,0,18,0,8,0,0,0,0,1,1,6,1,38,7,1968,2,8,-1,1,-1
201534WS33805,2,9,0,3,0,8,0,0,0,0,2,1,1,2,31,6,1598,2,-1,-1,2,-1
201534WS33805,3,9,0,3,0,8,0,0,0,0,2,1,6,1,41,7,1397,1,15,-1,1,-1
201534WS33805,4,9,0,3,0,8,0,0,0,0,2,1,6,1,48,8,1968,2,8,-1,1,-1
201534WS34075,1,9,0,18,0,8,0,0,0,0,1,1,6,3,-1,-1,-1,-1,-1,-1,-1,-1
201534WS34075,2,9,0,3,0,8,0,0,0,0,2,1,6,2,22,5,1199,1,12,-1,1,-1
2015350000115,1,19,0,4,0,0,0,0,0,0,1,1,6,1,-1,-1,2143,2,1,-1,1,-1
2015350000115,2,9,0,3,0,0,0,0,0,0,2,1,6,1,32,6,1997,2,13,-1,2,-1
2015350000215,1,9,0,7,0,5,0,0,0,0,4,1,6,3,-1,-1,-1,-1,-1,-1,-1,-1
2015350000215,2,1,0,18,0,8,0,0,0,0,1,1,6,2,34,6,-1,-1,-1,-1,1,-1
2015350000315,1,1,0,5,0,2,0,0,0,0,3,1,6,2,25,5,-1,-1,-1,-1,3,-1
2015350000315,2,9,0,5,0,2,0,0,0,0,4,1,6,2,50,8,-1,-1,-1,-1,-1,-1
2015350000415,1,1,0,9,0,5,0,0,0,0,1,1,1,1,15,3,-1,-1,-1,-1,-1,-1
2015350000415,2,9,0,13,0,8,0,0,0,0,4,1,6,2,21,5,1200,1,1,-1,3,-1
2015350000515,1,1,0,12,9,0,0,0,0,0,1,1,4,2,11,3,-1,-1,-1,-1,1,-1
2015350000515,2,9,0,18,0,0,0,0,0,0,4,1,1,2,39,7,998,1,3,-1,-1,-1
2015350000615,1,9,0,7,0,6,0,0,0,0,3,1,6,2,-1,-1,-1,-1,-1,-1,-1,-1
2015350000615,2,1,0,18,0,8,5,0,0,0,4,1,1,1,23,5,-1,-1,-1,-1,1,-1
2015350000715,1,9,0,16,0,8,2,0,1,10,0,1,6,2,47,8,1598,1,7,-1,2,-1
2015350000815,1,1,0,18,0,2,0,0,0,0,1,1,6,1,14,3,-1,-1,-1,-1,1,-1
2015350000815,2,9,0,18,0,2,0,0,0,0,4,1,2,2,20,4,998,1,10,-1,1,-1
2015350000915,1,20,0,18,0,0,0,0,7,9,1,1,1,1,54,8,-1,-1,-1,-1,1,-1
2015350001015,1,9,0,18,0,1,0,4,0,0,1,1,6,1,-1,-1,1587,1,14,-1,1,-1
2015350001015,2,9,0,2,0,1,0,0,1,1,2,1,6,3,-1,-1,-1,-1,-1,-1,2,-1
2015350001115,1,9,0,18,0,5,0,0,0,0,1,1,6,3,-1,-1,-1,-1,-1,-1,-1,-1
2015350001215,1,9,0,18,0,1,0,0,0,0,4,1,2,2,22,5,998,1,2,-1,2,-1
2015350001315,1,21,1,18,0,8,0,0,0,0,4,1,1,1,45,7,12902,2,2,-1,1,-1
2015350001315,2,21,0,18,0,4,0,0,0,0,3,1,1,1,41,7,12777,2,6,-1,1,-1
2015350001415,1,9,0,9,0,5,0,0,0,0,1,1,6,2,51,8,1598,1,8,-1,1,-1
2015350001415,2,2,0,18,0,8,0,0,0,0,3,1,6,1,16,4,49,1,1,-1,3,-1
2015350001515,1,9,0,9,0,6,0,0,0,0,1,1,2,2,50,8,1910,2,9,-1,3,-1
2015350001515,2,1,0,18,0,8,0,0,0,0,1,1,2,2,29,6,-1,-1,-1,-1,1,-1
2015350001615,1,9,0,7,0,5,0,0,0,0,1,1,6,1,60,9,1149,1,10,-1,3,-1
2015350001715,1,9,0,3,0,1,0,0,0,0,2,1,6,1,17,4,-1,-1,-1,-1,2,-1
2015350001715,2,9,0,5,0,1,0,0,0,0,1,1,6,1,-1,-1,1997,2,6,-1,2,-1
2015350001815,1,9,0,18,0,6,0,0,0,0,1,1,6,1,35,6,-1,-1,-1,-1,-1,-1
2015350001815,2,1,0,18,0,8,0,0,0,0,1,1,6,1,16,4,-1,-1,-1,-1,1,-1
2015350001915,1,9,0,16,0,0,1,0,2,4,1,1,6,2,24,5,-1,-1,-1,-1,3,-1
2015350002015,1,9,0,17,0,0,1,0,1,0,1,1,2,2,22,5,1329,1,6,-1,1,-1
2015350002115,1,9,0,17,0,1,1,0,1,7,1,1,6,1,82,11,1339,1,8,-1,1,-1
2015350002215,1,9,0,17,0,0,2,0,2,9,1,1,2,2,44,7,-1,-1,-1,-1,1,-1
2015350002315,1,9,0,9,0,6,0,0,0,0,3,1,1,1,31,6,1598,2,3,-1,1,-1
2015350002315,2,9,0,18,0,8,0,0,0,0,1,1,6,2,18,4,1124,1,11,-1,1,-1
2015350002415,1,9,0,18,0,0,1,0,0,0,1,1,2,2,38,7,-1,-1,-1,-1,1,-1
2015350002615,1,9,0,13,0,0,0,0,0,0,4,1,3,2,32,6,1461,2,11,-1,1,-1
2015350002615,2,1,0,12,0,0,0,0,0,0,3,1,4,1,11,3,-1,-1,-1,-1,1,-1
2015350002715,1,9,0,11,0,1,0,0,0,0,4,1,2,1,22,5,1587,1,9,-1,3,-1
2015350002715,2,3,0,18,0,1,5,0,0,0,3,1,2,1,32,6,124,1,2,-1,1,-1
2015350002815,1,4,0,18,0,0,1,0,0,0,3,1,6,1,19,4,124,1,1,-1,3,-1
2015350002915,1,9,0,9,0,2,0,0,0,0,3,1,1,2,50,8,1598,1,2,-1,1,-1
2015350002915,2,9,0,18,0,1,0,0,0,0,1,1,1,1,47,8,-1,-1,-1,-1,3,-1
2015350003015,1,9,0,18,0,0,5,0,0,0,3,1,6,2,43,7,-1,-1,-1,-1,1,-1
2015350003015,2,20,4,18,0,0,0,0,0,0,1,1,1,1,36,7,-1,-1,-1,-1,1,-1
2015350003115,1,9,0,12,0,0,1,0,0,0,2,1,6,1,49,8,-1,-1,-1,-1,1,-1
2015350003115,2,9,0,18,0,0,0,0,0,0,1,1,6,2,29,6,1900,2,8,-1,1,-1
2015350003115,3,9,0,3,0,0,0,0,0,0,3,1,6,1,46,8,-1,-1,-1,-1,1,-1
2015350003215,1,9,0,18,0,1,0,0,0,0,1,1,6,1,-1,-1,5439,1,17,-1,1,-1
2015350003215,2,9,0,9,0,6,1,0,0,0,3,1,6,2,32,6,1598,1,13,-1,1,-1
2015350003315,1,9,0,18,0,1,0,0,0,0,1,1,6,1,30,6,1968,2,4,-1,-1,-1
2015350003315,2,9,0,3,0,1,0,0,0,0,2,1,6,2,46,8,1596,1,10,-1,1,-1
2015350003415,1,9,0,9,0,5,0,0,0,0,4,1,6,2,86,11,1149,1,13,-1,1,-1
2015350003415,2,5,0,18,0,8,0,0,0,0,1,1,6,1,22,5,645,1,11,-1,1,-1
2015350003515,1,9,0,18,0,0,1,0,0,0,1,1,6,1,33,6,2993,2,1,-1,1,-1
2015350003515,2,9,0,3,0,0,0,0,0,0,2,1,2,2,27,6,-1,-1,-1,-1,1,-1
2015350003515,3,9,0,3,0,0,0,0,0,0,2,1,6,1,-1,-1,1956,2,4,-1,1,-1
2015350003615,1,9,0,4,0,1,0,0,0,0,1,1,6,1,35,6,899,1,16,-1,1,-1
2015350003615,2,9,0,3,0,1,0,0,0,0,2,1,6,1,44,7,1995,2,11,-1,1,-1
2015350003715,1,9,0,6,0,8,0,0,0,0,1,1,2,1,38,7,1896,2,14,-1,1,-1
2015350003715,2,9,0,18,0,8,0,0,0,0,4,1,2,1,31,6,1910,2,8,-1,1,-1
2015350003815,1,5,0,18,0,0,1,0,1,0,0,1,6,1,48,8,660,1,6,-1,3,-1
2015350003915,1,9,0,9,0,6,0,0,3,1,1,1,6,1,64,9,2993,2,3,-1,3,-1
2015350003915,2,9,0,18,0,8,0,0,3,1,1,1,6,1,28,6,-1,-1,-1,-1,1,-1
2015350004015,1,9,0,1,0,0,0,0,0,0,2,1,6,1,35,6,-1,-1,-1,-1,1,-1
2015350004015,2,19,0,3,0,0,0,0,0,0,3,1,1,1,25,5,1995,2,8,-1,1,-1
2015350004215,1,9,0,18,0,6,0,0,0,0,1,1,6,1,60,9,1596,1,14,-1,1,-1
2015350004215,2,9,0,9,0,5,0,0,0,10,4,1,2,1,55,8,1798,1,13,-1,1,-1
2015350004315,1,9,0,18,0,3,0,0,0,0,3,1,6,1,-1,-1,1560,2,5,-1,-1,-1
2015350004315,2,1,0,18,0,3,0,0,0,0,4,1,6,1,47,8,-1,-1,-1,-1,3,-1
2015350004415,1,9,0,4,0,0,0,0,0,0,1,1,6,1,21,5,-1,-1,-1,-1,2,-1
2015350004415,2,9,0,4,0,0,0,0,0,0,2,1,1,2,56,9,1560,2,1,-1,2,-1
2015350004615,1,9,0,9,0,6,0,0,0,0,3,1,6,2,36,7,1796,1,3,-1,3,-1
2015350004615,2,1,0,18,9,8,2,0,0,0,1,1,3,1,11,3,-1,-1,-1,-1,1,-1
2015350004715,1,9,0,16,0,0,1,0,0,0,3,1,6,1,23,5,1498,1,16,-1,1,-1
2015350004715,2,9,0,17,0,0,0,0,1,0,3,1,2,1,30,6,1975,2,17,-1,1,-1
2015350004815,1,9,0,18,0,0,0,0,0,0,1,1,1,2,50,8,1598,1,13,-1,3,-1
2015350004815,2,1,0,18,0,0,0,0,0,0,1,1,1,2,52,8,-1,-1,-1,-1,1,-1
2015350005215,1,9,0,9,0,6,0,0,7,1,3,1,1,2,20,4,1299,1,12,-1,3,-1
2015350005215,2,9,0,18,0,8,0,0,0,0,1,1,1,1,38,7,-1,-1,-1,-1,-1,-1
2015350005415,1,9,0,2,0,0,0,0,0,0,0,1,6,1,32,6,1781,1,23,-1,2,-1
2015350005415,2,9,0,18,0,0,1,0,1,0,3,1,6,2,41,7,1598,1,16,-1,1,-1
2015350005515,1,9,0,18,0,8,0,0,0,0,1,1,6,1,45,7,1995,2,11,-1,1,-1
2015350005615,1,9,0,9,0,5,0,0,0,0,3,1,6,2,74,10,1390,1,4,-1,3,-1
2015350005615,2,9,0,18,0,8,0,0,0,0,3,1,6,2,24,5,-1,-1,-1,-1,1,-1
2015350005715,1,9,0,4,0,7,0,0,0,0,2,1,2,1,56,9,1242,1,7,-1,1,-1
2015350005715,2,9,0,4,0,7,0,0,0,0,2,1,2,2,31,6,1390,1,11,-1,3,-1
2015350005715,3,9,0,18,0,7,0,0,0,0,1,1,6,1,31,6,2179,2,3,-1,3,-1
2015350005815,1,9,0,18,0,0,0,0,0,0,1,1,2,1,40,7,2996,1,7,-1,1,-1
2015350005815,2,9,0,3,0,0,0,0,0,0,2,1,2,1,21,5,1995,2,10,-1,1,-1
2015350005915,1,9,0,18,0,8,0,0,8,10,1,1,1,1,28,6,1364,1,7,-1,-1,-1
2015350005915,2,9,0,18,0,8,0,0,8,10,4,1,2,1,52,8,-1,-1,-1,-1,2,-1
2015350006015,1,9,0,18,0,0,0,0,0,0,1,1,6,2,26,6,1598,1,8,-1,2,-1
2015350006015,2,9,0,4,0,0,0,0,0,0,2,1,6,1,49,8,2967,2,3,-1,1,-1
2015350006215,1,9,0,5,0,1,0,0,0,0,1,1,6,1,24,5,1149,1,9,-1,1,-1
2015350006215,2,8,0,5,0,1,0,0,0,0,2,1,1,1,50,8,1995,2,7,-1,1,-1
2015350006315,1,9,0,18,0,0,0,0,0,0,1,1,6,2,69,10,1598,2,1,-1,2,-1
2015350006315,2,9,0,3,0,0,0,0,0,0,2,1,1,1,22,5,1390,1,7,-1,1,-1
2015350006315,3,9,0,18,0,0,0,0,0,0,0,1,6,3,-1,-1,-1,-1,-1,-1,-1,-1
2015350006415,1,9,0,17,0,0,2,0,1,9,1,1,2,1,64,9,-1,-1,-1,-1,3,-1
2015350006515,1,9,0,4,0,1,0,0,0,0,1,1,6,1,52,8,1598,2,3,-1,-1,-1
2015350006515,2,5,0,4,0,1,0,0,0,0,2,1,6,1,48,8,599,1,15,-1,1,-1
2015350006615,1,9,0,6,0,0,0,0,0,0,3,1,1,1,25,5,1360,1,15,-1,1,-1
2015350006615,2,97,0,14,0,0,0,0,0,0,1,1,1,1,40,7,600,1,10,-1,1,-1
2015350006715,1,9,0,9,0,8,0,0,0,0,1,1,6,1,-1,-1,-1,-1,-1,-1,-1,-1
2015350006715,2,1,0,3,0,8,0,0,0,0,1,1,6,1,21,5,-1,-1,-1,-1,1,-1
2015350006815,1,90,0,18,0,2,1,0,0,0,1,1,2,2,20,4,-1,-1,-1,-1,3,-1
2015350006815,2,90,0,2,0,2,0,0,0,0,2,1,6,1,35,6,-1,-1,-1,-1,1,-1
2015350006915,1,9,0,18,0,0,0,0,1,4,1,1,6,1,37,7,1329,1,6,-1,2,-1
2015350007015,1,9,0,18,0,8,0,0,0,0,1,1,6,1,31,6,1598,1,12,-1,1,-1
2015350007015,2,9,0,18,0,8,0,0,0,0,2,1,6,2,29,6,1405,1,10,-1,1,-1
2015350007115,1,9,0,5,0,0,0,0,0,0,2,1,2,1,64,9,1997,2,11,-1,2,-1
2015350007115,2,3,0,18,0,0,0,0,0,0,1,1,2,1,19,4,125,1,1,-1,2,-1
2015350007215,1,19,0,4,0,1,0,0,0,0,1,1,6,1,29,6,2446,2,13,-1,3,-1
2015350007215,2,9,0,3,0,1,0,0,0,0,2,1,6,2,54,8,-1,-1,-1,-1,3,-1
2015350007315,1,9,0,13,0,8,0,0,0,0,4,1,6,3,-1,-1,-1,-1,-1,-1,-1,-1
2015350007315,2,1,0,18,0,8,0,0,0,0,3,1,6,2,40,7,-1,-1,-1,-1,1,-1
2015350007415,1,3,0,13,0,1,0,0,0,0,1,1,1,1,21,5,124,1,-1,-1,1,-1
2015350007415,2,9,0,9,0,5,0,0,0,0,3,1,6,2,44,7,1598,2,3,-1,3,-1
2015350007515,1,9,0,5,0,6,0,0,0,0,0,1,6,1,69,10,1896,2,15,-1,1,-1
2015350007515,2,2,0,18,0,1,0,0,0,0,0,1,6,1,17,4,-1,-1,-1,-1,3,-1
2015350007615,1,9,0,4,0,0,0,0,0,0,2,1,2,1,21,5,1995,2,5,-1,2,-1
2015350007615,2,9,0,4,0,0,0,0,0,0,2,1,2,1,42,7,1560,2,4,-1,2,-1
2015350007615,3,9,0,4,0,0,1,0,0,0,1,1,2,1,21,5,2993,2,2,-1,-1,-1
2015350007615,4,9,0,4,0,0,0,0,0,0,2,1,2,1,45,7,1968,2,4,-1,3,-1
2015350007615,5,9,0,4,0,0,1,0,0,0,1,1,1,1,19,4,1598,1,8,-1,-1,-1
2015350007715,1,9,0,13,0,0,0,0,7,0,1,1,6,1,45,7,1896,2,14,-1,2,-1
2015350007715,2,9,0,18,0,0,0,0,0,0,1,1,6,2,39,7,-1,-1,-1,-1,2,-1
2015350007715,3,9,0,18,0,0,0,0,0,0,0,1,6,2,21,5,-1,-1,-1,-1,1,-1
2015350007715,4,9,0,18,0,0,0,0,0,0,1,1,6,1,20,4,1240,1,12,-1,2,-1
2015350007815,1,9,0,18,0,0,1,0,7,9,2,1,1,2,37,7,1596,1,12,-1,2,-1
2015350007915,1,9,0,17,0,0,1,0,0,0,1,1,2,1,35,6,1598,1,9,-1,-1,-1
2015350007915,2,9,0,16,0,0,0,0,0,0,3,1,6,2,37,7,1995,2,11,-1,2,-1
2015350008015,1,9,0,12,7,0,0,0,0,0,3,1,6,1,21,5,-1,-1,-1,-1,3,-1
2015350008015,2,9,0,18,0,0,0,0,7,0,1,1,6,1,19,4,-1,-1,-1,-1,1,-1
2015350008115,1,9,0,18,0,1,0,0,1,10,1,1,6,1,39,7,1560,2,6,-1,3,-1
2015350008215,1,9,0,18,0,0,0,0,0,0,1,1,6,1,54,8,1796,1,11,-1,1,-1
2015350008215,2,1,0,12,0,0,0,0,0,0,2,1,6,2,60,9,-1,-1,-1,-1,1,-1
2015350008315,1,21,1,18,0,0,1,0,0,0,1,1,1,1,34,6,-1,-1,-1,-1,1,-1
2015350008315,2,20,0,4,0,0,0,0,7,0,2,1,1,1,53,8,-1,-1,-1,-1,1,-1
2015350008315,3,9,0,4,0,0,0,0,0,0,2,1,6,1,60,9,-1,-1,-1,-1,2,-1
2015350008415,1,9,0,17,0,0,0,4,0,0,1,1,1,1,20,4,-1,-1,-1,-1,1,-1
2015350008415,2,19,0,2,0,0,0,4,0,0,2,1,1,1,35,6,2198,2,3,-1,2,-1
2015350008415,3,21,0,2,0,0,0,0,0,0,2,1,1,1,40,7,5480,2,10,-1,1,-1
2015350008515,1,9,0,18,0,0,1,0,0,0,1,1,6,2,44,7,1339,1,6,-1,3,-1
2015350008515,2,9,0,3,0,0,0,0,0,0,2,1,6,1,34,6,998,1,14,-1,1,-1
2015350008615,1,9,0,18,0,0,5,0,1,0,0,1,1,1,34,6,-1,-1,-1,-1,3,-1
2015350008615,2,9,0,18,0,0,1,0,1,0,0,1,6,2,29,6,1998,1,11,-1,1,-1
2015350008715,1,9,0,9,0,6,0,0,0,0,1,1,6,1,53,8,1968,2,1,-1,1,-1
2015350008715,2,1,0,17,0,8,0,0,0,0,1,1,6,1,27,6,-1,-1,-1,-1,1,-1
2015350008815,1,9,0,18,0,0,0,0,0,0,1,1,6,2,35,6,-1,-1,-1,-1,-1,-1
2015350008815,2,1,0,18,0,0,0,0,0,0,2,1,6,2,12,3,-1,-1,-1,-1,1,-1
2015350008915,1,21,0,18,9,0,0,0,0,0,4,1,6,3,-1,-1,-1,-1,-1,-1,-1,-1
2015350009015,1,9,0,7,0,5,0,0,0,0,4,1,6,2,28,6,1560,2,6,-1,-1,-1
2015350009015,2,1,0,18,0,8,0,0,0,0,3,1,6,2,28,6,-1,-1,-1,-1,-1,-1
2015350009115,1,9,0,13,0,1,0,0,1,10,4,1,4,1,18,4,-1,-1,-1,-1,1,-1
2015350009115,2,9,0,18,0,1,0,0,0,0,1,1,1,1,30,6,2521,1,7,-1,1,-1
2015350009215,1,9,0,9,0,5,0,0,0,0,3,1,4,1,17,4,999,1,17,-1,1,-1
2015350009215,2,2,0,18,0,8,0,0,0,0,4,1,4,1,17,4,49,1,10,-1,3,-1
2015350009315,1,9,0,18,0,4,0,0,0,0,1,1,1,1,-1,-1,1598,1,7,-1,-1,-1
2015350009315,2,1,0,18,0,8,0,0,0,0,2,1,6,2,37,7,-1,-1,-1,-1,1,-1
2015350009415,1,1,0,18,0,8,0,0,0,0,1,1,6,1,32,6,-1,-1,-1,-1,-1,-1
2015350009415,2,9,0,9,0,5,0,0,0,0,4,1,2,1,40,7,2967,2,2,-1,1,-1
2015350009515,1,9,0,14,0,0,1,0,1,4,3,1,1,2,49,8,1328,1,6,-1,1,-1
2015350009615,1,9,0,17,0,8,1,0,0,0,1,1,1,1,31,6,1289,1,16,-1,2,-1
2015350009615,2,9,0,16,0,8,1,0,0,0,1,1,1,2,19,4,-1,-1,-1,-1,3,-1
2015350009715,1,2,0,18,0,0,1,0,0,0,1,1,4,1,16,4,49,1,3,-1,-1,-1
2015350009715,2,9,0,18,0,0,0,0,0,0,2,1,3,2,36,7,-1,-1,-1,-1,1,-1
2015350009815,1,9,0,18,0,0,0,0,0,0,1,1,6,2,25,5,1461,2,11,-1,3,-1
2015350009815,2,9,0,3,0,0,0,0,0,0,2,1,6,1,49,8,1124,1,5,-1,1,-1
2015350009815,3,9,0,3,0,0,0,0,0,0,2,1,6,1,40,7,1986,2,10,-1,1,-1
2015350009915,1,1,0,17,0,8,0,0,0,0,0,1,2,1,52,8,-1,-1,-1,-1,1,-1
2015350010015,1,9,0,16,0,8,0,0,0,0,1,1,6,1,20,4,1753,2,9,-1,1,-1
2015350010115,1,9,0,18,0,8,0,0,0,0,4,1,6,2,40,7,-1,-1,-1,-1,-1,-1
2015350010115,2,1,0,18,0,8,0,0,0,0,3,1,2,2,27,6,-1,-1,-1,-1,1,-1
2015350010215,1,9,0,18,0,0,0,0,0,0,1,1,2,1,52,8,-1,-1,-1,-1,1,-1
2015350010215,2,11,0,4,0,0,0,0,0,0,2,1,1,1,40,7,-1,2,15,-1,2,-1
2015350010315,1,9,0,16,0,1,1,0,0,0,1,1,6,1,77,11,2495,2,13,-1,1,-1
2015350010315,2,9,0,18,0,3,1,0,0,0,1,1,6,2,39,7,1991,2,10,-1,3,-1
2015350010415,1,9,0,18,0,0,0,0,0,0,0,1,6,3,-1,-1,-1,-1,-1,-1,-1,-1
2015350010415,2,9,0,18,0,0,1,0,1,4,1,1,6,1,28,6,1896,2,7,-1,1,-1
2015350010515,1,9,0,18,0,2,0,7,0,0,1,1,6,2,28,6,1198,1,8,-1,-1,-1
2015350010515,2,90,0,5,0,1,0,0,0,0,3,1,6,2,88,11,-1,-1,-1,-1,1,-1
2015350010615,1,9,0,5,0,1,0,0,0,0,1,1,6,1,53,8,1600,1,26,-1,1,-1
2015350010615,2,9,0,3,0,1,0,0,0,0,2,1,6,2,30,6,1598,1,10,-1,2,-1
2015350010715,1,9,0,9,0,6,0,0,0,0,1,1,6,2,26,6,1587,1,7,-1,1,-1
2015350010715,2,9,0,18,0,1,0,0,0,0,4,1,6,1,67,10,-1,-1,-1,-1,1,-1
2015350010815,1,9,0,9,0,6,0,0,1,10,4,1,6,1,30,6,2993,2,8,-1,1,-1
2015350010915,1,1,0,12,0,0,0,0,0,0,3,1,6,2,25,5,-1,-1,-1,-1,1,-1
2015350010915,2,3,0,18,0,0,0,0,0,0,1,1,2,1,44,7,125,1,4,-1,3,-1
2015350011015,1,9,0,16,0,0,2,0,7,9,1,1,6,1,30,6,-1,-1,-1,-1,2,-1
2015350011115,1,3,0,13,0,1,0,0,0,0,1,1,6,1,22,5,124,1,4,-1,1,-1
2015350011115,2,9,0,9,0,6,0,0,0,0,3,1,6,2,24,5,1781,1,10,-1,2,-1
2015350011215,1,9,0,11,0,0,0,0,0,0,4,1,1,1,39,7,-1,-1,-1,-1,3,-1
2015350011215,2,9,0,18,0,0,1,0,1,1,3,1,1,2,29,6,1364,1,5,-1,3,-1
2015350011315,1,9,0,7,0,1,0,0,0,0,1,1,6,1,36,7,1968,2,7,-1,2,-1
2015350011315,2,9,0,8,0,1,0,0,0,0,2,1,3,1,30,6,2993,2,7,-1,3,-1
2015350011415,1,9,0,18,0,1,0,0,0,0,1,1,6,2,39,7,1124,1,11,-1,1,-1
2015350011415,2,9,0,4,0,1,0,0,0,0,2,1,6,1,29,6,-1,-1,-1,-1,3,-1
2015350011415,3,9,0,4,0,1,0,0,0,0,2,1,6,1,24,5,-1,-1,-1,-1,1,-1
2015350011515,1,9,0,18,0,0,1,0,0,0,1,1,6,1,88,11,1997,1,16,-1,2,-1
2015350011515,2,9,0,3,0,0,0,0,0,0,2,1,6,1,43,7,1956,2,4,-1,2,-1
2015350011515,3,9,0,2,0,0,0,0,0,0,2,1,6,2,22,5,1124,1,14,-1,2,-1
2015350011615,1,9,0,9,0,5,0,0,0,0,1,1,6,1,66,10,2902,2,10,-1,1,-1
2015350011615,2,1,0,16,0,8,0,0,0,0,3,1,4,1,6,2,-1,-1,-1,-1,1,-1
2015350011715,1,9,0,18,0,8,0,0,0,0,3,1,6,1,20,4,2204,2,8,-1,2,-1
2015350011715,2,1,0,9,0,8,0,0,0,0,1,1,6,1,26,6,-1,-1,-1,-1,1,-1
2015350011815,1,9,0,17,0,8,0,0,0,0,1,1,6,1,44,7,-1,-1,-1,-1,1,-1
2015350011815,2,1,0,10,0,8,0,0,0,0,1,1,6,1,20,4,-1,-1,-1,-1,1,-1
2015350011915,1,9,0,7,0,3,1,0,1,7,4,1,6,2,43,7,995,1,4,-1,2,-1
2015350011915,2,9,0,9,0,4,0,0,0,7,1,1,6,1,28,6,-1,-1,-1,-1,1,-1
2015350012015,1,9,0,16,0,4,0,0,0,0,1,1,1,1,40,7,-1,-1,-1,-1,1,-1
2015350012015,2,1,0,16,0,8,0,0,0,0,4,1,2,1,35,6,-1,-1,-1,-1,-1,-1
2015350012115,1,9,0,18,0,0,2,0,1,10,1,1,6,2,60,9,2143,2,3,-1,3,-1
2015350012215,1,20,1,18,0,0,0,0,0,0,3,1,1,1,40,7,-1,-1,-1,-1,-1,-1
2015350012215,2,9,0,18,0,0,0,0,0,0,3,1,2,2,60,9,1896,2,18,-1,1,-1
2015350012315,1,9,0,18,0,4,0,0,0,0,3,1,2,1,52,8,1995,1,11,-1,1,-1
2015350012315,2,1,0,18,0,8,0,0,0,0,1,1,2,1,36,7,-1,-1,-1,-1,2,-1
2015350012415,1,9,0,18,0,0,0,4,0,0,1,1,1,1,25,5,-1,-1,-1,-1,2,-1
2015350012415,2,9,0,2,9,0,0,7,7,10,2,1,6,3,-1,-1,-1,-1,-1,-1,2,-1
2015350012515,1,9,0,17,0,0,0,0,0,0,1,1,6,2,35,6,1300,1,7,-1,1,-1
2015350012515,2,9,0,16,0,0,0,0,0,0,1,1,6,2,38,7,1781,1,12,-1,1,-1
2015350012615,1,9,0,18,0,8,0,0,0,0,1,1,6,3,-1,-1,-1,-1,-1,-1,-1,-1
2015350012615,2,1,0,18,0,8,0,0,0,0,1,1,6,1,12,3,-1,-1,-1,-1,1,-1
2015350012715,1,9,0,1,9,2,0,0,0,0,2,1,6,1,50,8,-1,-1,-1,-1,-1,-1
2015350012815,1,9,0,18,0,8,0,0,3,9,1,1,6,2,76,11,-1,-1,-1,-1,2,-1
2015350012815,2,9,0,18,0,8,0,0,1,1,3,1,6,2,61,9,-1,-1,-1,-1,3,-1
2015350012915,1,9,0,16,0,0,1,0,0,0,0,1,6,2,46,8,2295,1,16,-1,2,-1
2015350013015,1,1,0,18,0,8,0,0,0,0,1,1,6,1,24,5,-1,-1,-1,-1,1,-1
2015350013115,1,9,0,7,0,2,0,0,0,0,1,1,6,1,38,7,1769,1,13,-1,-1,-1
2015350013115,2,1,0,18,0,8,0,0,0,0,4,1,4,1,20,4,-1,-1,-1,-1,3,-1
2015350013215,1,9,0,17,0,0,2,0,8,10,1,1,6,1,77,11,-1,-1,-1,-1,3,-1
2015350013315,1,9,0,11,7,0,0,0,0,0,4,1,6,1,30,6,-1,-1,-1,-1,-1,-1
2015350013315,2,1,0,18,4,0,0,0,0,0,3,1,2,1,52,8,-1,-1,-1,-1,3,-1