Accident_Index,Vehicle_Reference,Vehicle_Type,Towing_and_Articulation,Vehicle_Manoeuvre,Vehicle_Location-Restricted_Lane,Junction_Location,Skidding_and_Overturning,Hit_Object_in_Carriageway,Vehicle_Leaving_Carriageway,Hit_Object_off_Carriageway,1st_Point_of_Impact,Was_Vehicle_Left_Hand_Drive?,Journey_Purpose_of_Driver,Sex_of_Driver,Age_of_Driver,Age_Band_of_Driver,Engine_Capacity_(CC),Propulsion_Code,Age_of_Vehicle,Driver_IMD_Decile,Driver_Home_Area_Type,Vehicle_IMD_Decile
2015350043915,1,9,0,9,0,6,0,0,0,0,1,1,6,1,27,6,-1,-1,-1,-1,1,-1
2015350044015,1,8,0,18,0,2,0,0,0,0,3,1,1,1,52,8,-1,-1,-1,-1,1,-1
2015350044115,1,9,0,18,0,8,0,0,0,0,1,1,1,1,25,5,1968,2,-1,-1,1,-1
2015350044115,2,9,0,18,0,8,0,0,0,0,2,1,6,1,47,8,1339,1,8,-1,1,-1
2015350044215,1,9,0,9,0,6,0,0,0,0,1,1,6,2,65,9,1360,1,14,-1,1,-1
2015350044215,2,9,0,18,0,1,0,0,0,0,1,1,1,1,60,9,1951,2,13,-1,3,-1
2015350044315,1,5,0,18,0,1,0,0,0,0,1,1,2,1,54,8,899,1,13,-1,1,-1
2015350044315,2,19,0,4,0,1,0,0,0,0,2,1,1,1,39,7,2198,2,-1,-1,1,-1
2015350044415,1,11,0,16,2,0,0,0,0,0,0,1,1,1,57,9,6700,2,4,-1,1,-1
2015350044515,1,5,0,16,0,0,1,0,0,0,0,1,6,1,55,8,745,1,10,-1,1,-1
2015350044615,1,9,0,18,0,0,0,0,0,0,1,1,6,2,45,7,1598,1,6,-1,1,-1
2015350044615,2,9,0,4,0,0,0,0,0,0,2,1,6,1,48,8,-1,3,1,-1,1,-1
2015350044715,1,19,0,11,0,1,0,0,0,0,0,1,6,3,-1,-1,-1,-1,-1,-1,-1,-1
2015350044715,2,9,0,18,0,1,0,10,2,2,1,1,1,2,21,5,1200,1,1,-1,1,-1
2015350044815,1,9,0,18,0,8,0,0,0,0,1,1,6,3,-1,-1,-1,-1,-1,-1,-1,-1
2015350044815,2,9,0,3,0,8,0,0,0,0,2,1,6,1,58,9,1390,1,4,-1,2,-1
2015350044915,1,9,0,18,0,0,0,0,0,0,0,1,6,1,56,9,1197,1,2,-1,3,-1
2015350044915,2,9,0,18,0,0,0,0,0,0,0,1,6,1,21,5,-1,-1,-1,-1,3,-1
2015350045015,1,9,0,8,0,1,0,0,0,0,2,1,6,2,39,7,1598,1,10,-1,3,-1
2015350045015,2,19,0,5,0,1,0,0,0,0,1,1,6,1,-1,-1,2402,2,15,-1,-1,-1
2015350045115,1,19,0,1,9,6,0,0,0,0,2,1,6,1,24,5,2198,2,7,-1,1,-1
2015350045215,1,9,0,13,0,0,0,0,0,0,0,1,6,1,32,6,2183,2,3,-1,1,-1
2015350045215,2,9,0,12,0,0,0,0,7,9,1,1,6,1,18,4,-1,-1,-1,-1,2,-1
2015350045315,1,9,0,4,0,1,0,0,0,0,1,1,6,1,47,8,1834,1,14,-1,1,-1
2015350045315,2,9,0,3,0,1,0,0,0,0,2,1,6,2,26,6,1329,1,5,-1,1,-1
2015350045415,1,9,0,4,0,1,1,0,0,0,1,1,6,1,30,6,1997,2,13,-1,1,-1
2015350045515,1,9,0,3,0,1,0,0,0,0,2,1,6,1,34,6,1968,2,3,-1,3,-1
2015350045515,2,9,0,4,0,1,0,0,0,0,2,1,6,2,58,9,1248,1,3,-1,2,-1
2015350045615,1,9,0,18,0,0,5,0,7,9,0,1,6,1,29,6,-1,-1,-1,-1,2,-1
2015350045715,1,11,0,9,0,5,0,0,0,0,0,1,1,1,41,7,6700,2,4,-1,1,-1
2015350045815,1,9,0,18,0,0,0,0,0,0,1,1,6,2,52,8,999,1,2,-1,1,-1
2015350045915,1,9,0,18,0,0,0,0,0,0,1,1,6,2,38,7,1999,1,13,-1,3,-1
2015350045915,2,9,0,4,0,0,0,0,0,0,2,1,6,2,28,6,1398,1,-1,-1,3,-1
2015350046015,1,9,0,17,0,0,2,0,1,0,0,1,6,1,18,4,1149,1,11,-1,2,-1
2015350046115,1,9,0,17,0,0,2,0,7,0,4,1,6,1,20,4,1229,1,7,-1,2,-1
2015350046315,1,11,0,18,0,8,0,0,0,0,1,1,1,2,58,9,3900,2,9,-1,2,-1
2015350046415,1,9,0,4,0,1,0,0,0,0,2,1,6,1,33,6,1995,2,9,-1,-1,-1
2015350046415,2,9,0,18,0,1,0,0,0,0,1,1,6,2,17,4,1299,1,11,-1,2,-1
2015350046415,3,9,0,3,0,1,0,0,0,0,2,1,6,1,58,9,1997,1,8,-1,2,-1
2015350046515,1,21,1,4,0,1,1,0,0,0,1,1,1,1,37,7,12900,2,7,-1,3,-1
2015350046515,2,21,1,4,0,1,0,0,0,0,2,1,1,1,53,8,11705,2,3,-1,1,-1
2015350046615,1,9,0,5,9,6,0,0,0,0,4,1,6,2,26,6,1998,1,16,-1,-1,-1
2015350046615,2,1,0,18,9,8,0,0,0,0,1,1,6,2,18,4,-1,-1,-1,-1,1,-1
2015350046715,1,9,0,9,0,5,0,0,0,0,4,1,6,1,59,9,2148,2,6,-1,3,-1
2015350046715,2,9,0,18,0,8,0,0,0,0,1,1,6,1,52,8,-1,-1,-1,-1,3,-1
2015350046815,1,21,0,17,0,0,5,10,1,9,4,1,1,1,57,9,-1,-1,-1,-1,3,-1
2015350046915,1,9,0,5,0,1,0,0,0,0,1,1,2,2,49,8,1396,1,16,-1,3,-1
2015350046915,2,1,0,18,0,2,0,0,0,0,1,1,6,1,11,3,-1,-1,-1,-1,1,-1
2015350047015,1,9,0,16,0,0,0,0,0,0,1,1,6,1,80,11,-1,-1,-1,-1,1,-1
2015350047015,2,19,0,2,0,0,0,0,0,0,2,1,1,1,58,9,2400,2,12,-1,2,-1
2015350047115,1,9,0,13,0,0,0,0,0,0,4,1,6,1,48,8,1968,2,5,-1,3,-1
2015350047115,2,1,0,18,0,0,0,0,0,0,3,1,6,1,41,7,-1,-1,-1,-1,1,-1
2015350047215,1,9,0,4,0,1,0,0,0,0,1,1,6,1,35,6,1956,2,-1,-1,1,-1
2015350047215,2,9,0,3,0,1,0,0,0,0,2,1,6,2,49,8,1332,1,16,-1,3,-1
2015350047315,1,2,0,4,0,0,1,0,0,0,1,1,6,1,17,4,125,1,10,-1,3,-1
2015350047415,1,9,0,18,0,0,0,0,0,0,1,1,6,1,34,6,1598,2,1,-1,1,-1
2015350047415,2,9,0,5,0,0,0,0,7,9,2,1,6,2,23,5,999,1,14,-1,1,-1
2015350047415,3,9,0,5,0,0,0,0,0,0,2,1,6,1,35,6,1599,1,7,-1,-1,-1
2015350047515,1,9,0,18,0,1,1,0,0,0,1,1,6,1,37,7,-1,-1,-1,-1,3,-1
2015350047515,2,9,0,8,0,8,0,0,0,0,2,1,6,1,32,6,1596,1,9,-1,1,-1
2015350047615,1,9,0,18,0,0,5,0,1,0,0,1,6,2,27,6,1390,1,16,-1,1,-1
2015350047715,1,9,0,18,0,8,0,0,0,0,1,1,6,1,33,6,1995,2,5,-1,1,-1
2015350047815,1,21,1,5,8,0,0,0,0,0,0,2,1,1,48,8,-1,-1,-1,-1,-1,-1
2015350047815,2,21,1,4,0,0,1,0,0,0,2,1,1,1,59,9,12740,2,4,-1,2,-1
2015350047815,3,21,1,18,0,0,1,0,0,0,1,1,1,1,67,10,10837,2,4,-1,1,-1
2015350047915,1,5,0,17,0,0,5,0,1,9,1,1,6,1,38,7,599,1,14,-1,-1,-1
2015350048015,1,9,0,13,0,1,0,0,0,0,4,1,6,1,28,6,-1,-1,-1,-1,1,-1
2015350048015,2,1,0,9,0,5,0,0,0,0,2,1,1,2,22,5,-1,-1,-1,-1,1,-1
2015350048115,1,9,0,18,0,0,5,0,7,0,0,1,6,1,31,6,-1,-1,-1,-1,-1,-1
2015350048215,1,9,0,9,0,2,0,0,0,0,3,1,6,1,17,4,1896,2,12,-1,1,-1
2015350048315,1,17,0,18,0,4,0,0,0,0,1,1,1,1,25,5,2197,9,-1,-1,2,-1
2015350048315,2,2,0,18,0,8,0,0,1,0,4,1,2,1,19,4,-1,-1,-1,-1,2,-1
2015350048415,1,19,0,18,0,0,0,0,0,0,1,1,1,2,21,5,1560,2,8,-1,1,-1
2015350048515,1,3,0,18,0,0,0,0,0,0,1,1,6,1,18,4,125,1,1,-1,1,-1
2015350048515,2,9,0,4,0,0,0,0,0,0,2,1,6,2,32,6,1596,1,6,-1,2,-1
2015350048615,1,5,0,13,0,8,0,0,7,4,4,1,6,1,60,9,745,1,1,-1,3,-1
2015350048615,2,19,0,9,0,5,0,0,0,0,3,1,1,1,25,5,1968,2,10,-1,1,-1
2015350048715,1,9,0,7,0,8,0,0,0,0,0,1,1,1,36,7,-1,-1,-1,-1,1,-1
2015350048715,2,1,0,7,9,8,0,10,0,0,4,1,6,1,27,6,-1,-1,-1,-1,3,-1
2015350048815,1,9,0,6,0,0,0,0,0,0,3,1,6,1,35,6,1598,1,13,-1,1,-1
2015350048815,2,5,0,18,0,0,0,0,0,0,1,1,1,1,43,7,1170,1,-1,-1,1,-1
2015350048915,1,9,0,18,0,4,0,0,0,0,1,1,6,1,40,7,2720,2,6,-1,-1,-1
2015350048915,2,9,0,18,0,3,0,0,0,0,2,1,6,1,36,7,1986,2,8,-1,3,-1
2015350048915,3,9,0,18,0,3,0,0,0,0,0,1,6,1,35,6,1994,2,12,-1,-1,-1
2015350049015,1,9,0,18,0,1,0,0,0,0,1,1,1,1,27,6,-1,-1,-1,-1,3,-1
2015350049015,2,9,0,10,0,1,0,0,0,0,2,1,2,2,67,10,998,1,6,-1,1,-1
2015350049215,1,21,1,18,0,1,1,0,0,0,1,2,1,1,42,7,-1,-1,-1,-1,-1,-1
2015350049215,2,20,0,3,0,1,0,0,0,0,2,1,1,1,24,5,10837,2,2,-1,1,-1
2015350049215,3,9,0,3,0,1,0,0,0,0,2,1,6,1,29,6,1997,2,14,-1,3,-1
2015350049215,4,19,4,3,0,1,0,0,0,0,2,1,6,1,66,10,-1,-1,-1,-1,2,-1
2015350049215,5,20,1,18,0,1,1,0,0,0,1,1,1,1,44,7,-1,-1,-1,-1,2,-1
2015350049315,1,8,0,18,0,0,0,0,0,0,1,1,1,1,47,8,2979,1,14,-1,1,-1
2015350049315,2,1,0,18,0,0,0,0,0,0,4,1,6,2,29,6,-1,-1,-1,-1,1,-1
2015350049415,1,9,0,5,0,6,0,0,0,0,3,1,6,1,23,5,1781,1,13,-1,1,-1
2015350049415,2,9,0,18,0,8,0,0,0,0,1,1,2,2,37,7,1598,1,12,-1,1,-1
2015350049515,1,5,0,4,0,0,1,0,0,0,3,1,1,1,31,6,1137,1,16,-1,2,-1
2015350049615,1,9,0,14,0,0,0,0,0,0,1,1,2,2,31,6,898,1,2,-1,2,-1
2015350049615,2,9,0,2,0,0,0,0,0,0,2,1,1,1,47,8,-1,-1,-1,-1,1,-1
2015350049715,1,1,0,18,9,0,0,0,0,0,1,1,6,1,16,4,-1,-1,-1,-1,-1,-1
2015350049815,1,9,0,18,0,3,0,0,3,0,1,1,6,2,22,5,1399,2,5,-1,1,-1
2015350049915,1,9,0,18,0,0,0,0,0,0,1,1,6,2,35,6,1149,1,14,-1,-1,-1
2015350049915,2,9,0,4,0,0,0,0,0,0,2,1,6,1,45,7,1796,1,12,-1,1,-1
2015350050015,1,9,0,7,0,2,0,0,0,0,4,1,6,1,-1,-1,1896,2,13,-1,-1,-1
2015350050015,2,4,0,18,0,1,0,0,0,0,1,1,6,1,58,9,-1,-1,-1,-1,3,-1
2015350050115,1,8,0,6,0,8,0,0,0,0,1,1,1,1,49,8,1988,2,11,-1,1,-1
2015350050115,2,9,0,18,0,8,0,0,0,0,3,1,1,1,29,6,998,1,13,-1,1,-1
2015350050215,1,9,0,18,0,0,0,0,0,0,3,1,6,1,55,8,3628,2,8,-1,1,-1
2015350050215,2,1,0,18,0,0,0,0,0,0,3,1,6,2,44,7,-1,-1,-1,-1,3,-1
2015350050315,1,9,0,5,0,6,0,0,0,0,1,1,6,1,40,7,-1,-1,-1,-1,-1,-1
2015350050315,2,1,0,18,0,8,0,0,0,0,3,1,6,1,60,9,-1,-1,-1,-1,1,-1
2015350050415,1,9,0,18,0,0,0,4,0,0,4,1,6,2,24,5,1360,1,5,-1,1,-1
2015350050415,2,9,0,2,0,0,0,0,0,0,2,1,6,3,-1,-1,1395,1,1,-1,-1,-1
2015350050415,3,9,0,2,0,0,0,0,0,0,2,1,6,3,-1,-1,1781,1,10,-1,-1,-1
2015350050515,1,9,0,6,0,6,0,0,0,0,3,1,6,1,39,7,2171,2,12,-1,1,-1
2015350050515,2,9,0,18,0,8,0,0,0,0,1,1,6,1,43,7,1896,2,14,-1,-1,-1
2015350050615,1,1,0,12,9,1,0,0,0,0,1,1,6,1,23,5,-1,-1,-1,-1,-1,-1
2015350050615,2,9,0,18,0,1,0,0,0,0,4,1,2,1,50,8,1197,1,1,-1,1,-1
2015350050815,1,19,0,1,0,2,0,0,0,0,2,1,1,1,59,9,1996,2,4,-1,2,-1
2015350050815,2,1,0,7,0,6,0,0,0,0,1,1,6,1,63,9,-1,-1,-1,-1,1,-1
2015350050915,1,9,0,13,0,0,0,0,0,0,4,1,6,1,44,7,1799,1,9,-1,1,-1
2015350050915,2,1,0,18,0,0,0,0,0,0,1,1,6,1,43,7,-1,-1,-1,-1,1,-1
2015350051015,1,9,0,18,0,0,0,0,0,0,1,1,6,1,30,6,-1,-1,-1,-1,-1,-1
2015350051015,2,9,0,18,0,0,0,0,0,0,2,1,2,1,33,6,1598,1,12,-1,1,-1
2015350051115,1,1,0,12,0,0,0,0,0,0,1,1,4,1,20,4,-1,-1,-1,-1,-1,-1
2015350051115,2,8,0,4,0,0,0,0,0,0,2,1,1,1,46,8,1598,1,4,-1,1,-1
2015350051215,1,9,0,4,0,1,1,0,0,0,1,1,6,2,22,5,-1,-1,-1,-1,3,-1
2015350051215,2,9,0,3,0,1,0,0,0,0,2,1,6,1,21,5,1991,1,13,-1,2,-1
2015350051215,3,9,0,10,0,1,0,0,0,0,2,1,6,1,55,8,1596,1,13,-1,1,-1
2015350051315,1,9,0,16,0,0,0,0,1,1,4,1,6,1,19,4,1398,1,5,-1,2,-1
2015350051415,1,9,0,17,0,0,1,0,8,4,4,1,6,1,56,9,1798,1,10,-1,1,-1
2015350051615,1,3,0,16,0,0,0,11,7,0,1,1,1,2,22,5,125,1,-1,-1,1,-1
2015350051715,1,9,0,9,0,8,0,0,0,0,1,1,6,1,19,4,-1,-1,-1,-1,2,-1
2015350051715,2,1,0,18,0,8,0,0,0,0,3,1,6,1,34,6,-1,-1,-1,-1,1,-1
2015350051815,1,9,0,18,0,6,0,0,0,0,1,1,6,1,30,6,1968,2,2,-1,3,-1
2015350051815,2,9,0,18,0,8,0,0,0,0,4,1,6,2,35,6,1240,1,6,-1,3,-1
2015350051915,1,1,0,16,0,0,1,0,0,0,1,1,6,1,51,8,-1,-1,-1,-1,1,-1
2015350051915,2,20,0,17,0,0,0,0,0,0,1,1,6,1,60,9,12600,2,13,-1,2,-1
2015350052015,1,9,0,18,0,0,0,0,0,0,1,1,1,1,34,6,-1,-1,-1,-1,1,-1
2015350052115,1,9,0,9,0,6,0,0,3,2,4,1,2,2,35,6,1560,2,7,-1,1,-1
2015350052115,2,9,0,18,0,1,0,0,0,0,3,1,1,1,30,6,1896,2,11,-1,3,-1
2015350052215,1,9,0,18,4,8,0,0,0,0,1,1,6,1,-1,-1,-1,-1,-1,-1,-1,-1
2015350052215,2,1,0,18,0,8,0,0,0,0,4,1,6,2,40,7,-1,-1,-1,-1,3,-1
2015350052315,1,9,0,18,0,0,0,0,0,0,1,1,6,1,37,7,1997,2,5,-1,-1,-1
2015350052315,2,9,0,4,0,0,0,0,0,0,2,1,1,1,62,9,-1,-1,-1,-1,1,-1
2015350052415,1,9,0,9,0,6,0,0,0,0,3,1,6,1,68,10,1596,1,8,-1,3,-1
2015350052415,2,9,0,18,0,1,0,0,0,0,1,1,1,2,35,6,1461,2,3,-1,2,-1
2015350052515,1,9,0,4,0,0,0,0,0,0,0,1,6,1,-1,-1,-1,-1,-1,-1,-1,-1
2015350052515,2,11,0,4,0,0,0,0,0,0,0,1,1,1,66,10,-1,-1,-1,-1,2,-1
2015350052615,1,9,0,6,0,8,0,0,0,0,1,1,6,1,19,4,1400,1,17,-1,1,-1
2015350052615,2,9,0,4,0,1,0,0,0,0,3,1,1,2,52,8,1360,1,6,-1,1,-1
2015350052715,1,19,0,18,0,0,0,0,0,0,1,1,1,1,27,6,2998,2,1,-1,1,-1
2015350052715,2,9,0,4,0,0,0,0,0,0,2,1,6,1,54,8,1956,2,-1,-1,1,-1
2015350052815,1,9,0,9,0,6,0,0,0,0,1,1,6,2,35,6,-1,-1,-1,-1,-1,-1
2015350052815,2,1,0,18,0,8,0,0,0,0,4,1,6,1,70,10,-1,-1,-1,-1,1,-1
2015350052915,1,9,0,3,0,0,0,0,0,0,2,1,1,2,46,8,1968,2,2,-1,-1,-1
2015350052915,2,9,0,4,0,0,0,0,0,0,1,1,6,1,24,5,1390,1,12,-1,1,-1
2015350053015,1,9,0,4,0,1,0,0,0,0,1,1,2,2,41,7,1390,1,6,-1,2,-1
2015350053015,2,9,0,3,0,1,0,0,0,0,2,1,2,1,32,6,1587,7,11,-1,1,-1
2015350053215,1,1,0,14,0,0,0,0,0,0,1,1,6,1,53,8,-1,-1,-1,-1,3,-1
2015350053215,2,9,0,18,0,0,0,0,0,0,1,1,6,1,50,8,1896,2,9,-1,2,-1
2015350053315,1,90,0,9,0,5,0,0,0,0,1,1,6,2,50,8,1310,1,1,-1,2,-1
2015350053315,2,9,0,18,0,8,0,0,0,0,1,1,6,2,29,6,1560,2,8,-1,2,-1
2015350053315,3,9,0,2,0,1,0,0,0,0,2,1,6,2,77,11,-1,-1,-1,-1,2,-1
2015350053415,1,21,1,18,0,0,0,4,0,0,1,1,6,1,55,8,12900,2,7,-1,3,-1
2015350053415,2,9,0,2,0,0,0,0,0,0,2,1,6,1,27,6,-1,-1,-1,-1,-1,-1
2015350053415,3,9,0,2,0,0,0,0,0,0,2,1,6,2,26,6,2959,2,11,-1,1,-1
2015350053715,1,1,0,18,4,8,0,0,0,0,3,1,2,2,47,8,-1,-1,-1,-1,2,-1
2015350053715,2,20,0,13,0,8,0,0,0,0,4,1,6,1,35,6,-1,-1,-1,-1,-1,-1
2015350053815,1,9,0,9,0,8,0,0,0,0,3,1,6,1,53,8,-1,-1,-1,-1,1,-1
2015350053815,2,1,0,9,0,8,0,0,0,0,3,1,1,2,38,7,-1,-1,-1,-1,1,-1
2015350053915,1,9,0,5,0,4,0,0,0,0,1,1,1,1,45,7,1995,2,13,-1,1,-1
2015350053915,2,1,0,18,0,8,0,0,0,0,4,1,1,2,46,8,-1,-1,-1,-1,1,-1
2015350054015,1,9,0,9,0,6,0,0,0,0,1,1,6,1,20,4,-1,-1,-1,-1,1,-1
2015350054015,2,5,0,18,0,8,0,0,0,0,1,1,2,1,20,4,599,1,6,-1,1,-1
2015350054015,3,21,0,18,0,1,0,0,0,0,1,1,1,1,40,7,-1,-1,-1,-1,1,-1
2015350054115,1,8,0,18,0,0,0,4,0,0,1,1,1,1,27,6,1753,2,7,-1,1,-1
2015350054115,2,9,0,2,0,0,0,0,0,0,2,1,6,3,-1,-1,1796,1,11,-1,-1,-1
2015350054115,3,9,0,2,0,0,0,0,0,0,2,1,6,3,-1,-1,1242,1,10,-1,-1,-1
2015350054215,1,1,0,18,5,0,0,0,0,0,1,1,6,2,25,5,-1,-1,-1,-1,-1,-1
2015350054315,1,9,0,18,0,1,0,0,0,0,1,1,6,2,52,8,-1,-1,-1,-1,2,-1
2015350054315,2,9,0,18,0,8,0,0,0,0,4,1,6,1,21,5,-1,-1,-1,-1,1,-1
2015350054415,1,3,0,18,0,0,0,4,0,0,1,1,6,1,19,4,125,1,3,-1,-1,-1
2015350054415,2,9,0,2,0,0,0,0,0,0,1,1,6,2,36,7,1339,1,12,-1,3,-1
2015350054415,3,9,5,14,0,0,0,0,0,0,0,1,1,1,41,7,-1,-1,-1,-1,-1,-1
2015350054515,1,3,0,16,0,0,1,4,0,0,1,1,1,1,32,6,124,1,4,-1,3,-1
2015350054515,2,9,0,2,0,0,0,0,0,0,3,1,6,2,37,7,1870,2,11,-1,1,-1
2015350054515,3,9,0,3,0,0,0,0,0,0,1,1,6,1,56,9,1686,2,1,-1,1,-1
2015350054615,1,9,0,9,0,6,0,0,0,0,4,1,6,1,39,7,1390,1,11,-1,1,-1
2015350054615,2,9,0,9,0,6,0,0,0,0,1,1,6,2,30,6,1956,2,4,-1,1,-1
2015350054715,1,9,0,18,0,0,0,0,0,0,1,1,6,2,27,6,2148,2,9,-1,1,-1
2015350054715,2,9,0,3,0,0,0,0,0,0,2,1,6,2,56,9,1229,1,4,-1,3,-1
2015350054715,3,9,0,3,0,0,0,0,0,0,2,1,2,1,33,6,1248,2,5,-1,1,-1
2015350054715,4,9,0,3,0,0,0,0,0,0,2,1,2,2,45,7,1956,2,1,-1,3,-1
2015350054815,1,9,0,9,0,6,0,0,0,0,3,1,6,1,28,6,1598,1,10,-1,1,-1
2015350054815,2,1,0,18,0,8,0,0,0,0,1,1,6,2,43,7,-1,-1,-1,-1,1,-1
2015350054915,1,3,0,13,0,0,0,0,0,0,4,1,6,1,18,4,125,1,1,-1,3,-1
2015350054915,2,9,0,5,0,0,0,0,0,0,3,1,6,1,49,8,1399,1,4,-1,2,-1
2015350055015,1,9,0,13,0,8,0,0,0,0,4,1,6,1,35,6,1995,2,9,-1,2,-1
2015350055015,2,9,0,9,0,8,0,0,0,0,1,1,6,2,25,5,1560,2,5,-1,2,-1
2015350055115,1,9,0,18,0,0,0,0,0,0,1,1,6,1,28,6,1398,1,1,-1,1,-1
2015350055115,2,20,0,18,0,0,0,0,0,0,2,1,1,1,32,6,-1,-1,-1,-1,1,-1
2015350055215,1,9,0,1,0,0,0,0,0,0,3,1,6,1,28,6,2198,1,14,-1,1,-1
2015350055215,2,9,0,2,0,0,0,0,0,0,0,1,6,1,25,5,1984,1,19,-1,-1,-1
2015350055315,1,9,0,18,0,4,0,0,0,0,1,1,1,2,68,10,973,1,13,-1,1,-1
2015350055315,2,1,0,18,0,8,0,0,0,0,4,1,1,1,42,7,-1,-1,-1,-1,1,-1
2015350055415,1,3,0,17,0,0,0,0,0,0,1,1,6,1,20,4,-1,-1,-1,-1,-1,-1
2015350055415,2,9,0,4,0,0,0,0,0,0,2,1,3,1,50,8,-1,-1,-1,-1,-1,-1
2015350055515,1,19,0,18,0,2,0,0,0,0,1,1,6,1,-1,-1,2402,2,4,-1,-1,-1
2015350055515,2,9,0,12,0,2,0,0,0,0,3,1,6,2,49,8,1149,1,11,-1,3,-1
2015350055615,1,9,0,4,0,1,0,0,0,0,1,1,6,1,20,4,998,1,1,-1,1,-1
2015350055615,2,9,0,3,0,1,0,0,0,0,2,1,6,2,43,7,1229,1,3,-1,1,-1
2015350055615,3,9,0,10,0,1,0,0,0,0,2,1,6,2,21,5,1124,1,12,-1,1,-1
2015350055715,1,5,0,4,0,0,1,0,0,0,1,1,6,1,20,4,955,1,12,-1,3,-1
2015350055715,2,90,0,18,0,0,0,0,0,0,1,1,1,1,44,7,2987,2,-1,-1,1,-1
2015350055815,1,9,0,7,0,0,0,0,1,3,1,1,6,1,51,8,1910,2,9,-1,1,-1
2015350055915,1,9,0,18,0,0,5,0,1,1,1,1,6,2,57,9,1798,1,6,-1,1,-1
2015350056015,1,8,0,18,0,0,0,0,0,0,0,1,1,1,44,7,1997,2,8,-1,1,-1
2015350056115,1,9,0,9,0,6,0,0,0,0,1,1,6,2,25,5,1598,1,4,-1,2,-1
2015350056115,2,5,0,18,0,8,0,0,0,0,4,1,6,1,62,9,1137,1,19,-1,3,-1
2015350056215,1,9,0,9,0,6,0,0,0,0,2,1,6,1,31,6,1600,1,15,-1,3,-1
2015350056215,2,5,0,18,0,8,1,0,0,0,3,1,6,1,41,7,-1,-1,-1,-1,1,-1
2015350056315,1,9,0,18,0,0,0,0,0,0,4,1,6,1,34,6,1796,1,12,-1,1,-1
2015350056415,1,9,0,9,0,6,0,0,0,0,1,1,2,1,44,7,1997,1,10,-1,1,-1
2015350056415,2,1,0,9,0,6,5,0,0,0,2,1,2,2,44,7,-1,-1,-1,-1,2,-1
2015350056515,1,9,0,5,0,4,0,0,0,0,1,1,6,1,-1,-1,-1,-1,-1,-1,1,-1
2015350056515,2,9,0,5,0,4,0,0,0,0,2,1,6,1,51,8,1995,2,2,-1,3,-1
2015350056615,1,9,0,17,0,0,0,0,1,1,1,1,6,2,29,6,1299,1,13,-1,3,-1
2015350056715,1,9,0,18,0,0,0,0,0,6,1,1,2,2,36,7,1800,1,22,-1,2,-1
2015350056815,1,9,0,18,0,4,0,0,0,0,1,1,6,1,32,6,2179,2,11,-1,1,-1
2015350056815,2,9,0,18,0,8,0,0,0,0,4,1,6,1,31,6,1998,1,7,-1,2,-1
2015350056915,1,9,0,18,0,0,0,0,0,0,3,1,6,1,-1,-1,-1,-1,-1,-1,-1,-1
2015350056915,2,1,0,18,0,0,0,0,0,0,3,1,6,1,52,8,-1,-1,-1,-1,2,-1
2015350057115,1,9,0,4,0,2,0,0,0,0,1,1,6,2,20,4,-1,-1,-1,-1,-1,-1
2015350057115,2,9,0,3,0,2,0,0,0,0,2,1,6,2,23,5,1242,1,12,-1,3,-1
2015350057215,1,1,0,18,9,0,0,0,0,0,1,1,6,1,-1,-1,-1,-1,-1,-1,-1,-1
2015350057315,1,3,0,13,0,0,0,0,7,0,1,1,6,1,21,5,124,1,2,-1,3,-1
2015350057415,1,9,0,4,0,1,0,0,0,0,1,1,6,1,30,6,2143,2,3,-1,1,-1
2015350057415,2,9,0,3,0,1,0,0,0,0,2,1,3,2,28,6,-1,-1,-1,-1,1,-1
2015350057515,1,9,0,5,0,6,0,0,0,0,3,1,6,2,87,11,1242,1,14,-1,2,-1
2015350057515,2,21,1,18,0,8,0,0,0,0,1,1,1,1,46,8,6693,2,1,-1,1,-1
2015350057615,1,3,0,18,0,1,1,0,0,0,0,1,1,1,36,7,124,1,6,-1,1,-1
2015350057615,2,9,0,9,0,6,0,0,0,0,0,1,3,2,46,8,1997,2,-1,-1,3,-1
2015350057715,1,9,0,9,2,5,0,0,1,4,4,1,6,2,83,11,-1,-1,-1,-1,1,-1
2015350057715,2,9,0,18,2,8,0,0,0,0,1,1,1,1,-1,-1,1797,8,6,-1,-1,-1
2015350057815,1,5,0,5,0,0,0,0,0,0,1,1,2,1,23,5,124,1,4,-1,1,-1
2015350057815,2,9,0,4,0,0,0,0,0,0,2,1,2,1,20,4,973,1,13,-1,1,-1
2015350057915,1,9,0,18,0,1,1,0,0,0,1,1,6,1,36,7,1598,1,2,-1,1,-1
2015350058015,1,9,0,9,0,6,0,0,0,0,4,1,6,2,25,5,1796,1,16,-1,-1,-1
2015350058015,2,9,0,18,0,8,0,0,0,0,3,1,6,2,41,7,1396,1,13,-1,1,-1
2015350058115,1,1,0,18,0,0,0,0,0,0,3,1,6,1,24,5,-1,-1,-1,-1,1,-1
2015350058115,2,9,5,13,0,0,0,0,0,0,4,1,6,3,-1,-1,-1,-1,-1,-1,-1,-1
2015350058215,1,9,0,18,0,4,0,0,0,0,1,1,6,1,-1,-1,-1,-1,-1,-1,-1,-1
2015350058215,2,1,0,18,0,8,0,0,0,0,1,1,6,1,46,8,-1,-1,-1,-1,3,-1