Accident_Index,Vehicle_Reference,Vehicle_Type,Towing_and_Articulation,Vehicle_Manoeuvre,Vehicle_Location-Restricted_Lane,Junction_Location,Skidding_and_Overturning,Hit_Object_in_Carriageway,Vehicle_Leaving_Carriageway,Hit_Object_off_Carriageway,1st_Point_of_Impact,Was_Vehicle_Left_Hand_Drive?,Journey_Purpose_of_Driver,Sex_of_Driver,Age_of_Driver,Age_Band_of_Driver,Engine_Capacity_(CC),Propulsion_Code,Age_of_Vehicle,Driver_IMD_Decile,Driver_Home_Area_Type,Vehicle_IMD_Decile
2015350118015,2,9,0,17,0,0,0,0,0,0,1,1,6,1,55,8,-1,-1,-1,-1,1,-1
2015350118115,1,90,0,9,0,8,0,0,0,0,1,1,1,1,27,6,-1,-1,-1,-1,1,-1
2015350118115,2,9,0,18,0,8,0,0,0,0,1,1,6,1,73,10,1796,1,11,-1,1,-1
2015350118215,1,9,0,4,0,0,0,0,0,0,1,1,6,1,41,7,1598,1,9,-1,1,-1
2015350118215,2,9,0,4,0,0,0,0,0,0,2,1,6,2,28,6,1360,1,9,-1,1,-1
2015350118215,3,9,0,4,0,0,0,0,0,0,1,1,6,1,44,7,-1,-1,-1,-1,1,-1
2015350118315,1,9,0,9,0,5,0,0,0,0,3,1,6,2,40,7,1240,1,12,-1,1,-1
2015350118315,2,9,0,18,0,8,0,0,0,0,3,1,6,1,54,8,1497,8,2,-1,2,-1
2015350118415,1,21,1,16,0,0,3,0,5,6,1,1,1,1,47,8,11705,2,3,-1,-1,-1
2015350118415,2,9,0,18,0,0,0,11,0,0,1,1,6,1,37,7,1968,2,11,-1,1,-1
2015350118515,1,9,0,16,0,0,1,0,7,9,1,1,2,1,43,7,1997,2,13,-1,1,-1
2015350118615,1,9,0,18,0,0,0,0,1,0,1,1,6,1,38,7,1390,1,12,-1,2,-1
2015350118615,2,9,0,18,0,0,0,0,1,0,3,1,6,1,28,6,1998,1,10,-1,2,-1
2015350118615,3,9,0,18,0,0,0,0,0,0,3,1,6,1,36,7,1685,2,1,-1,1,-1
2015350118715,1,9,0,18,0,0,0,4,7,10,4,1,1,2,49,8,1968,2,2,-1,3,-1
2015350118715,2,9,0,18,0,0,0,0,0,0,3,1,1,1,46,8,1598,1,2,-1,3,-1
2015350118715,3,9,0,2,0,0,0,0,0,0,3,1,6,1,39,7,1149,1,3,-1,2,-1
2015350118815,1,19,0,1,0,0,0,0,0,0,2,1,1,1,44,7,2402,2,7,-1,1,-1
2015350118915,1,9,0,18,0,4,0,0,0,0,1,1,6,1,54,8,1997,2,6,-1,1,-1
2015350118915,2,1,0,18,0,3,0,0,0,0,4,1,6,2,47,8,-1,-1,-1,-1,2,-1
2015350119015,1,9,0,13,0,0,0,0,0,0,2,1,6,2,19,4,-1,-1,-1,-1,1,-1
2015350119015,2,21,1,18,0,0,0,0,0,0,3,1,1,1,61,9,12902,2,-1,-1,1,-1
2015350119015,3,9,0,18,0,0,0,0,0,0,1,1,6,1,34,6,898,1,1,-1,3,-1
2015350119115,1,3,0,18,0,4,2,0,0,0,4,1,6,1,19,4,124,1,1,-1,2,-1
2015350119215,1,9,0,18,0,1,1,0,0,0,1,1,2,2,20,4,1195,1,17,-1,1,-1
2015350119215,2,19,0,10,0,1,0,0,0,0,2,1,1,1,25,5,2198,2,3,-1,1,-1
2015350119315,1,19,0,17,0,0,2,0,1,0,2,1,1,1,29,6,2461,2,10,-1,2,-1
2015350119415,1,3,0,18,0,0,1,0,0,0,0,1,6,1,19,4,125,1,3,-1,3,-1
2015350119515,1,21,1,4,0,1,0,0,0,0,1,1,1,1,30,6,12580,1,9,-1,1,-1
2015350119515,2,9,0,10,0,1,0,0,1,0,2,1,2,1,35,6,3387,1,9,-1,3,-1
2015350119615,1,9,0,16,0,0,2,0,1,10,4,1,2,1,45,7,1998,1,15,-1,1,-1
2015350119715,1,9,0,13,0,8,0,0,0,0,4,1,6,2,23,5,1461,2,12,-1,3,-1
2015350119715,2,9,0,9,0,5,0,0,0,0,3,1,6,2,38,7,1390,1,11,-1,2,-1
2015350119815,1,9,0,9,0,5,0,0,0,0,1,1,1,1,44,7,2143,2,2,-1,3,-1
2015350119815,2,1,0,18,0,8,0,0,0,0,1,1,1,1,34,6,-1,-1,-1,-1,1,-1
2015350120015,1,9,0,1,0,0,0,0,0,10,2,1,6,1,73,10,1997,2,10,-1,1,-1
2015350120115,1,9,0,18,0,1,0,0,0,0,1,1,6,1,46,8,-1,-1,-1,-1,1,-1
2015350120115,2,9,0,10,0,8,0,10,1,0,2,1,6,2,27,6,2000,2,9,-1,1,-1
2015350120115,3,9,0,18,0,1,1,0,2,0,1,1,6,2,49,8,1598,2,3,-1,1,-1
2015350120215,1,9,0,9,0,6,0,0,1,0,1,1,6,2,19,4,1397,1,13,-1,1,-1
2015350120215,2,9,0,17,0,8,0,0,0,0,1,1,6,1,43,7,2204,2,9,-1,3,-1
2015350120315,1,9,0,5,0,1,0,0,0,0,1,1,6,1,46,8,1299,1,10,-1,1,-1
2015350120315,2,5,0,3,0,1,0,0,0,0,2,1,6,1,27,6,599,1,17,-1,1,-1
2015350120415,1,17,5,18,0,0,5,0,1,10,4,1,1,1,63,9,-1,2,6,-1,1,-1
2015350120515,1,21,1,18,0,0,0,0,1,0,1,1,1,1,29,6,12777,2,-1,-1,1,-1
2015350120515,2,9,0,3,0,0,0,0,0,0,2,1,2,2,29,6,1198,1,10,-1,3,-1
2015350120615,1,5,0,13,0,0,0,0,0,0,0,1,6,1,54,8,997,1,13,-1,3,-1
2015350120715,1,9,0,12,0,0,0,0,0,0,3,1,6,1,-1,-1,-1,-1,-1,-1,-1,-1
2015350120715,2,9,0,18,0,0,2,0,1,4,1,1,6,2,52,8,1598,1,11,-1,1,-1
2015350120815,1,19,0,11,0,0,0,0,0,0,4,1,6,1,62,9,1868,2,16,-1,1,-1
2015350120815,2,9,0,18,0,0,0,0,0,0,1,1,6,2,52,8,1332,1,22,-1,3,-1
2015350120915,1,9,0,12,0,0,0,0,0,0,3,1,6,3,-1,-1,1149,1,13,-1,-1,-1
2015350120915,2,5,0,13,0,0,1,0,0,0,1,1,6,1,50,8,1000,1,8,-1,1,-1
2015350121015,1,1,0,12,0,0,0,0,0,0,1,1,6,2,44,7,-1,-1,-1,-1,3,-1
2015350121015,2,9,0,18,0,0,0,0,0,0,1,1,6,1,17,4,1242,1,11,-1,1,-1
2015350121115,1,9,0,18,0,0,1,0,0,0,1,1,1,2,48,8,2987,2,-1,-1,1,-1
2015350121115,2,9,0,4,0,0,0,0,0,0,2,1,6,2,32,6,1685,2,1,-1,2,-1
2015350121115,3,9,0,4,0,0,0,0,0,0,2,1,6,2,25,5,1124,1,8,-1,3,-1
2015350121215,1,9,0,18,0,0,0,0,1,4,4,1,6,1,28,6,1398,1,3,-1,1,-1
2015350121315,1,9,0,18,0,0,5,0,2,6,3,1,6,1,31,6,1598,1,13,-1,1,-1
2015350121415,1,9,0,5,0,4,0,0,0,0,1,1,6,1,90,11,1596,1,9,-1,3,-1
2015350121415,2,9,0,18,0,3,0,0,0,0,4,1,6,1,71,10,1388,1,13,-1,1,-1
2015350121515,1,20,0,18,0,0,0,0,0,0,1,1,1,1,55,8,2800,2,12,-1,-1,-1
2015350121515,2,21,1,2,6,0,0,0,0,0,2,1,1,1,55,8,12809,2,-1,-1,1,-1
2015350121515,3,9,0,18,0,0,0,0,0,0,1,1,6,2,49,8,1910,2,8,-1,3,-1
2015350121615,1,5,0,18,0,0,2,0,1,9,1,1,2,1,41,7,599,1,8,-1,1,-1
2015350121715,1,9,0,4,0,0,0,0,7,9,1,1,6,2,29,6,1910,2,11,-1,2,-1
2015350121815,1,3,0,18,0,0,0,0,0,0,1,1,6,1,20,4,-1,-1,-1,-1,3,-1
2015350121815,2,9,0,3,0,0,0,0,0,0,2,1,6,1,40,7,1968,2,3,-1,3,-1
2015350121915,1,9,0,16,0,0,0,0,0,0,4,1,6,2,72,10,1590,1,14,-1,1,-1
2015350122015,1,9,0,17,0,0,0,0,0,0,1,1,6,1,69,10,-1,-1,-1,-1,3,-1
2015350122015,2,9,0,17,0,0,0,0,7,10,2,1,6,1,49,8,-1,-1,-1,-1,3,-1
2015350122015,3,9,0,17,0,0,0,0,1,0,2,1,6,2,60,9,1998,1,1,-1,3,-1
2015350122115,1,9,0,16,0,0,1,0,1,0,4,1,2,1,20,4,-1,-1,-1,-1,3,-1
2015350122115,2,9,0,17,0,0,1,0,0,0,1,1,2,2,35,6,1956,2,3,-1,3,-1
2015350122215,1,9,0,18,0,0,0,0,0,0,1,1,6,1,49,8,1587,1,13,-1,1,-1
2015350122215,2,9,0,18,0,0,0,0,0,0,1,1,6,2,42,7,-1,-1,-1,-1,1,-1
2015350122315,1,9,0,18,0,6,0,0,0,0,3,1,2,1,28,6,1388,1,12,-1,1,-1
2015350122315,2,21,1,18,0,8,0,0,0,0,1,1,2,1,58,9,12900,2,8,-1,2,-1
2015350122415,1,9,0,4,0,0,0,0,0,0,1,1,1,1,28,6,1242,1,11,-1,-1,-1
2015350122415,2,9,0,4,0,0,0,0,0,0,2,1,1,2,35,6,1685,2,3,-1,1,-1
2015350122515,1,9,0,9,0,6,0,0,0,0,1,1,6,1,30,6,1461,2,6,-1,1,-1
2015350122515,2,9,0,18,0,8,0,0,0,0,1,1,6,2,24,5,998,1,7,-1,1,-1
2015350122615,1,9,0,9,0,6,0,0,0,0,1,1,1,1,23,5,-1,-1,-1,-1,2,-1
2015350122615,2,1,0,18,0,8,0,0,0,0,1,1,1,1,49,8,-1,-1,-1,-1,-1,-1
2015350122715,1,9,0,18,0,1,1,0,0,0,1,1,6,3,-1,-1,-1,-1,-1,-1,-1,-1
2015350122715,2,9,0,10,0,1,0,0,1,9,2,1,6,1,22,5,995,1,9,-1,3,-1
2015350122815,1,8,0,9,0,5,0,0,0,0,1,1,1,1,34,6,1797,8,4,-1,1,-1
2015350122915,1,9,0,9,0,6,0,0,0,0,3,1,6,2,32,6,1910,2,9,-1,2,-1
2015350122915,2,9,0,18,0,8,0,0,0,0,1,1,6,2,66,10,1149,1,13,-1,3,-1
2015350123015,1,9,0,18,0,1,0,0,7,0,1,1,6,1,25,5,1124,1,12,-1,1,-1
2015350123015,2,9,0,9,0,6,0,0,0,0,1,1,6,1,78,11,1390,1,5,-1,1,-1
2015350123115,1,9,0,18,0,0,0,0,0,0,1,1,6,2,42,7,1598,2,1,-1,2,-1
2015350123115,2,9,0,4,0,0,0,0,0,0,2,1,6,1,30,6,1910,2,8,-1,1,-1
2015350123115,3,9,0,4,0,0,0,0,0,0,2,1,6,1,48,8,1956,2,3,-1,2,-1
2015350123315,1,9,0,5,0,1,0,0,0,0,1,1,1,1,42,7,-1,-1,-1,-1,2,-1
2015350123315,2,9,0,3,0,1,0,0,0,0,2,1,1,2,39,7,1994,1,8,-1,3,-1
2015350123415,1,2,0,17,0,0,0,0,1,0,1,1,1,1,16,4,49,1,12,-1,2,-1
2015350123515,1,90,0,18,0,0,0,0,0,0,0,1,6,1,68,10,2800,2,11,-1,1,-1
2015350123515,2,9,0,18,0,0,0,11,0,0,1,1,2,1,29,6,1560,2,-1,-1,1,-1
2015350123615,1,9,0,5,0,4,0,0,0,0,3,1,6,2,60,9,998,1,5,-1,1,-1
2015350123615,2,1,0,18,0,8,0,0,0,0,1,1,6,1,60,9,-1,-1,-1,-1,1,-1
2015350123715,1,9,0,18,0,1,0,0,0,0,1,1,6,3,-1,-1,-1,-1,-1,-1,-1,-1
2015350123815,1,9,0,18,0,4,0,0,0,0,1,1,2,2,57,9,1461,2,1,-1,3,-1
2015350123815,2,9,0,4,0,4,0,0,0,0,2,1,6,1,22,5,1149,1,14,-1,-1,-1
2015350123915,1,3,0,17,0,0,0,0,1,0,4,1,6,1,17,4,124,1,4,-1,2,-1
2015350124015,1,9,0,18,0,0,0,0,0,0,3,1,6,1,52,8,1596,1,14,-1,1,-1
2015350124115,1,9,0,6,0,0,0,0,0,0,4,1,6,1,50,8,1798,1,-1,-1,3,-1
2015350124115,2,9,0,18,0,0,0,0,0,0,1,1,6,1,64,9,2429,1,9,-1,1,-1
2015350124315,1,19,0,18,0,0,0,0,0,0,1,1,1,1,32,6,2148,2,6,-1,1,-1
2015350124315,2,9,0,4,0,0,0,0,0,0,2,1,6,2,20,4,1299,1,18,-1,1,-1
2015350124415,1,9,0,17,0,0,5,0,7,3,4,1,6,1,43,7,2324,1,14,-1,1,-1
2015350124515,1,9,0,18,0,0,0,0,0,0,1,1,6,1,82,11,1497,8,10,-1,3,-1
2015350124515,2,9,0,4,0,0,0,0,0,0,2,1,6,1,50,8,2143,2,3,-1,1,-1
2015350124615,1,9,0,18,0,0,0,0,0,0,1,1,6,2,61,9,1560,2,3,-1,2,-1
2015350124615,2,9,0,3,0,0,0,0,0,0,2,1,6,2,53,8,1997,1,3,-1,2,-1
2015350124715,1,9,0,18,0,8,0,0,1,1,1,1,2,1,37,7,1527,2,17,-1,1,-1
2015350124715,2,9,0,4,0,1,0,0,1,9,3,1,2,1,53,8,1390,1,11,-1,2,-1
2015350124815,1,9,0,18,0,0,1,0,2,7,1,1,6,1,25,5,2521,1,8,-1,1,-1
2015350124915,1,19,0,18,0,0,5,0,7,9,1,1,2,1,43,7,1868,2,9,-1,1,-1
2015350125015,1,9,0,8,0,1,0,0,0,0,4,1,6,1,32,6,-1,-1,-1,-1,1,-1
2015350125015,2,1,0,18,0,1,0,0,0,0,1,1,6,1,13,3,-1,-1,-1,-1,1,-1
2015350125115,1,9,0,18,0,0,0,0,0,0,1,1,1,1,44,7,1995,2,4,-1,3,-1
2015350125115,2,9,0,18,0,0,0,0,0,0,1,1,2,2,22,5,1200,1,1,-1,3,-1
2015350125115,3,9,0,4,0,0,0,0,0,0,2,1,6,2,44,7,1461,2,2,-1,2,-1
2015350125115,4,9,0,3,0,0,0,0,0,0,2,1,6,1,32,6,1798,1,6,-1,1,-1
2015350125115,5,9,0,3,0,0,0,0,0,0,2,1,6,1,47,8,1968,2,3,-1,2,-1
2015350125215,1,9,0,18,0,0,0,0,7,4,1,1,1,1,29,6,-1,-1,-1,-1,2,-1
2015350125315,1,9,0,4,0,1,0,0,0,0,1,1,2,2,33,6,1598,1,10,-1,1,-1
2015350125315,2,9,0,4,0,1,0,0,0,0,2,1,2,1,44,7,1246,1,9,-1,1,-1
2015350125415,1,9,0,18,0,0,5,0,1,4,1,1,6,2,30,6,1798,1,9,-1,3,-1
2015350125515,1,9,0,13,0,8,1,0,1,10,4,1,6,1,26,6,1995,2,10,-1,1,-1
2015350125515,2,17,4,9,0,5,0,0,0,0,1,1,1,1,18,4,6788,2,4,-1,2,-1
2015350125615,1,9,0,18,0,0,1,0,0,0,3,1,6,1,50,8,1999,1,11,-1,1,-1
2015350125615,2,9,0,3,0,0,0,0,0,0,4,1,6,1,42,7,1753,2,8,-1,1,-1
2015350125615,3,9,0,3,0,0,0,0,0,0,3,1,6,2,47,8,-1,-1,-1,-1,1,-1
2015350125615,4,9,0,3,0,0,0,0,0,0,3,1,6,1,68,10,2000,2,9,-1,1,-1
2015350125815,1,9,0,18,0,8,0,0,0,0,3,1,6,2,27,6,-1,-1,-1,-1,1,-1
2015350125815,2,1,0,18,0,8,0,0,0,0,1,1,6,1,35,6,-1,-1,-1,-1,1,-1
2015350125915,1,9,0,4,0,4,0,9,0,7,1,1,6,1,49,8,1560,2,2,-1,3,-1
2015350126015,1,5,0,18,0,1,2,0,0,0,1,1,2,1,28,6,656,1,8,-1,3,-1
2015350126015,2,9,0,9,0,5,0,0,0,0,0,1,6,2,53,8,1598,1,20,-1,3,-1
2015350126015,3,9,0,2,0,1,0,0,0,0,1,1,6,1,-1,-1,1984,1,10,-1,1,-1
2015350126115,1,9,0,18,0,0,0,0,0,0,1,1,6,2,26,6,1248,2,10,-1,1,-1
2015350126115,2,9,0,3,0,0,0,0,0,0,2,1,6,1,48,8,1781,1,14,-1,2,-1
2015350126115,3,19,0,3,0,0,0,0,0,0,2,1,6,1,51,8,1995,2,8,-1,3,-1
2015350126215,1,9,0,18,0,0,1,0,4,6,1,1,6,1,19,4,1199,1,11,-1,1,-1
2015350126315,1,9,0,7,0,2,1,0,8,10,1,1,6,2,22,5,1595,1,11,-1,1,-1
2015350126415,1,9,0,18,0,1,0,0,0,0,4,1,6,2,46,8,1798,1,1,-1,1,-1
2015350126415,2,9,0,9,0,6,0,0,0,0,1,1,6,1,47,8,3950,6,14,-1,3,-1
2015350126715,1,9,0,1,0,2,0,0,0,0,2,1,6,1,44,7,-1,-1,-1,-1,1,-1
2015350126715,2,9,0,2,0,1,0,0,0,0,4,1,6,1,27,6,1686,2,9,-1,1,-1
2015350126815,1,9,0,18,0,0,0,0,0,0,1,1,6,1,50,8,2967,1,11,-1,1,-1
2015350126815,2,21,0,4,0,0,0,0,0,0,2,1,1,1,61,9,12740,2,4,-1,1,-1
2015350126915,1,9,0,7,0,3,0,0,0,0,1,1,1,1,42,7,-1,-1,-1,-1,1,-1
2015350126915,2,9,0,5,0,8,2,9,1,1,2,1,6,2,73,10,-1,-1,-1,-1,3,-1
2015350127015,1,9,0,9,0,6,0,0,0,0,1,1,6,1,35,6,1998,1,12,-1,3,-1
2015350127015,2,9,0,18,0,8,0,0,0,0,1,1,6,1,43,7,1895,1,14,-1,1,-1
2015350127115,1,1,0,18,4,0,0,0,0,0,1,1,6,1,30,6,-1,-1,-1,-1,-1,-1
2015350127215,1,9,0,13,0,0,0,0,0,0,4,1,6,1,60,9,-1,-1,-1,-1,-1,-1
2015350127215,2,5,0,18,0,0,0,0,0,0,3,1,6,1,58,9,-1,-1,-1,-1,1,-1
2015350127315,1,9,0,9,0,6,0,0,0,0,1,1,2,2,23,5,1086,1,10,-1,3,-1
2015350127315,2,19,0,18,0,8,1,0,7,2,1,1,2,1,61,9,1753,2,8,-1,3,-1
2015350127415,1,9,0,18,0,4,0,0,0,0,1,1,6,1,22,5,1242,1,8,-1,1,-1
2015350127415,2,1,0,9,0,3,0,0,0,0,4,1,2,1,31,6,-1,-1,-1,-1,1,-1
2015350127515,1,5,0,5,0,8,0,0,0,0,4,1,1,1,69,10,599,1,17,-1,3,-1
2015350127615,1,3,0,17,0,0,1,10,1,0,1,1,6,1,19,4,124,1,1,-1,2,-1
2015350127715,1,9,0,18,0,4,0,0,0,0,1,1,6,1,-1,-1,2290,1,14,-1,-1,-1
2015350127715,2,1,0,18,0,3,1,0,0,0,1,1,6,1,31,6,-1,-1,-1,-1,1,-1
2015350127815,1,9,0,2,0,0,0,0,0,0,3,1,6,2,40,7,1999,1,7,-1,-1,-1
2015350127815,2,1,0,14,0,0,0,8,0,0,4,1,1,1,38,7,-1,-1,-1,-1,1,-1
2015350128015,1,9,0,18,0,1,0,0,0,0,1,1,6,1,35,6,1240,1,12,-1,-1,-1
2015350128015,2,9,0,3,0,1,0,0,0,0,2,1,6,2,24,5,1560,2,3,-1,1,-1
2015350128115,1,9,0,7,0,3,0,0,0,0,4,1,6,3,-1,-1,1896,2,11,-1,-1,-1
2015350128115,2,9,0,18,0,8,0,0,0,0,3,1,6,2,19,4,1240,1,10,-1,1,-1
2015350128215,1,9,0,18,0,1,0,0,0,0,1,1,6,2,20,4,1360,1,5,-1,-1,-1
2015350128215,2,9,0,3,0,1,0,0,0,0,2,1,6,1,20,4,1598,1,13,-1,1,-1
2015350128315,1,9,0,17,0,0,1,0,1,4,3,1,2,2,20,4,998,1,8,-1,3,-1
2015350128415,1,9,0,18,0,0,0,4,0,0,1,1,6,1,52,8,1388,1,13,-1,1,-1
2015350128415,2,9,0,2,6,0,0,0,1,2,2,1,6,3,-1,-1,1150,1,8,-1,-1,-1
2015350128415,3,9,0,2,0,0,0,0,0,0,2,1,6,3,-1,-1,1198,1,7,-1,-1,-1
2015350128515,1,8,0,18,0,0,0,0,0,0,1,1,1,1,37,7,1896,2,6,-1,1,-1
2015350128515,2,9,0,3,0,0,0,0,0,0,2,1,2,1,26,6,-1,-1,-1,-1,1,-1
2015350128515,3,9,0,3,0,0,0,0,0,0,2,1,2,1,49,8,1796,1,15,-1,3,-1
2015350129515,1,9,0,9,0,4,0,0,0,0,3,1,6,1,25,5,1598,1,4,-1,1,-1
2015350129515,2,9,0,18,0,8,0,0,0,0,1,1,2,1,45,7,1388,1,12,-1,1,-1
2015350130015,1,9,0,18,0,0,1,0,1,9,2,1,1,2,59,9,998,1,1,-1,3,-1
2015350130115,1,9,0,9,0,5,0,0,0,0,0,1,6,2,43,7,1396,1,14,-1,1,-1
2015350130115,2,5,0,18,0,1,0,0,0,0,0,1,6,1,38,7,599,1,13,-1,1,-1
2015350130215,1,9,0,9,0,8,0,0,0,0,4,1,6,1,30,6,1686,2,11,-1,3,-1
2015350130215,2,9,0,9,0,8,0,0,0,0,3,1,6,1,76,11,1149,1,7,-1,1,-1
2015350130315,1,9,0,17,0,8,0,10,1,2,2,1,6,1,33,6,1598,1,6,-1,1,-1
2015350130315,2,9,0,3,0,1,0,0,0,0,1,1,6,1,35,6,2230,1,9,-1,1,-1
2015350130415,1,9,0,9,0,6,0,0,0,0,1,1,6,1,-1,-1,-1,-1,-1,-1,3,-1
2015350130415,2,1,0,17,0,8,0,0,0,0,4,1,6,1,49,8,-1,-1,-1,-1,3,-1
2015350130515,1,9,0,16,0,0,0,0,0,0,1,1,6,2,83,11,1497,1,14,-1,1,-1
2015350130515,2,9,0,17,0,0,0,0,0,2,4,1,6,2,48,8,1998,2,8,-1,3,-1
2015350130615,1,9,0,18,0,0,5,0,7,9,2,1,6,1,41,7,1332,1,10,-1,-1,-1
2015350130815,1,9,0,18,0,8,0,0,0,0,1,1,6,2,60,9,1242,1,6,-1,1,-1
2015350130815,2,9,0,9,0,5,0,0,0,0,1,1,6,1,33,6,1388,1,8,-1,1,-1
2015350130915,1,9,0,18,0,2,0,0,0,0,4,1,6,2,23,5,1299,1,18,-1,1,-1
2015350131015,1,9,0,16,0,0,1,0,1,0,1,1,1,2,63,9,1796,1,17,-1,1,-1
2015350131115,1,9,0,7,0,6,0,0,0,0,1,1,1,1,62,9,1596,1,5,-1,1,-1
2015350131115,2,9,0,18,0,8,0,0,0,0,3,1,2,2,51,8,1248,2,7,-1,1,-1
2015350131115,3,9,0,18,0,8,0,0,0,0,1,1,2,1,50,8,1956,2,5,-1,1,-1
2015350131415,1,21,1,18,0,0,0,0,0,0,1,1,1,1,56,9,12809,2,-1,-1,1,-1
2015350131415,2,9,0,4,0,0,0,0,1,9,2,1,6,1,56,9,1997,2,12,-1,1,-1
2015350131415,3,9,0,3,0,0,0,0,0,0,2,1,6,2,48,8,1086,1,6,-1,1,-1
2015350131415,4,9,0,3,0,0,0,0,0,0,2,1,6,1,63,9,2720,2,9,-1,3,-1
2015350131415,5,9,0,3,0,0,0,0,0,0,2,1,6,1,41,7,1242,1,3,-1,2,-1
2015350131515,1,9,3,18,0,4,0,0,0,0,4,1,6,3,-1,-1,-1,-1,-1,-1,-1,-1
2015350131515,2,1,0,18,0,8,0,0,0,0,3,1,6,2,25,5,-1,-1,-1,-1,1,-1
2015350131615,1,9,0,7,0,3,0,0,0,0,1,1,6,1,28,6,2979,1,12,-1,1,-1
2015350131615,2,9,0,4,0,2,0,0,0,0,2,1,6,1,31,6,1968,2,5,-1,1,-1
2015350131715,1,9,0,18,0,0,0,0,0,0,1,1,6,1,70,10,1242,1,14,-1,1,-1
2015350131715,2,9,0,3,0,0,0,0,0,0,2,1,6,2,45,7,1398,1,4,-1,1,-1
2015350131715,3,8,0,3,0,0,0,0,0,0,2,1,6,1,26,6,-1,-1,-1,-1,1,-1
2015350131815,1,9,0,17,0,0,5,0,1,2,4,1,6,1,20,4,1396,1,13,-1,-1,-1
2015350131915,1,9,0,1,0,2,0,0,0,0,2,1,1,1,24,5,-1,-1,-1,-1,1,-1
2015350132015,1,19,0,7,0,6,0,0,0,0,1,2,1,1,51,8,-1,-1,-1,-1,-1,-1
2015350132015,2,1,0,18,0,8,0,0,0,0,1,1,2,1,30,6,-1,-1,-1,-1,1,-1
2015350132115,1,9,0,16,0,0,0,0,8,4,3,1,6,1,41,7,2500,1,22,-1,1,-1
2015350132215,1,21,1,18,0,0,0,0,0,0,3,1,1,1,48,8,-1,-1,-1,-1,-1,-1
2015350132215,2,9,0,18,0,0,0,0,0,0,3,1,6,1,58,9,-1,-1,-1,-1,2,-1
2015350132315,1,9,0,9,0,5,0,0,0,0,1,1,1,2,32,6,1956,2,-1,-1,1,-1
2015350132315,2,9,0,13,0,8,0,0,0,0,1,1,1,1,33,6,1896,2,7,-1,1,-1
2015350132415,1,9,0,16,0,0,0,0,0,0,1,1,6,1,73,10,1796,1,15,-1,3,-1
2015350132415,2,9,0,17,0,0,0,0,0,0,3,1,2,1,37,7,1685,2,1,-1,1,-1
2015350132415,3,9,0,17,0,0,0,0,0,0,3,1,6,2,43,7,1399,2,7,-1,1,-1
2015350132515,1,9,0,13,0,0,0,0,0,0,4,1,6,1,67,10,1796,1,10,-1,1,-1
2015350132515,2,1,0,14,0,0,0,0,0,0,3,1,2,1,21,5,-1,-1,-1,-1,3,-1
2015350132615,1,1,0,12,0,0,0,0,0,0,3,1,6,1,11,3,-1,-1,-1,-1,1,-1
2015350132615,2,9,0,18,0,0,0,7,0,6,1,1,6,2,40,7,2148,2,12,-1,1,-1
2015350132715,1,9,0,9,0,6,0,0,0,0,1,1,1,1,47,8,-1,-1,-1,-1,1,-1
2015350132715,2,19,0,18,0,1,0,0,7,4,4,1,6,1,29,6,-1,-1,-1,-1,3,-1
2015350132815,1,1,0,14,0,8,0,0,0,0,1,1,6,2,41,7,-1,-1,-1,-1,1,-1
2015350132815,2,1,0,7,0,6,0,0,0,0,1,1,6,2,54,8,-1,-1,-1,-1,1,-1
2015350132815,3,19,0,2,0,2,0,0,0,0,0,1,6,3,-1,-1,2143,2,3,-1,-1,-1
2015350132915,1,9,0,17,0,0,0,4,0,0,1,1,1,1,26,6,1596,1,13,-1,1,-1
2015350132915,2,9,0,16,0,0,0,0,0,0,1,1,1,1,27,6,1896,2,14,-1,1,-1
2015350132915,3,90,0,2,9,0,0,0,0,0,3,1,1,1,55,8,-1,-1,-1,-1,1,-1
2015350133015,1,9,0,18,0,0,0,0,0,0,1,1,6,1,40,7,998,1,11,-1,1,-1
2015350133015,2,9,0,5,0,0,0,0,0,0,2,1,6,1,28,6,1395,1,1,-1,1,-1
2015350133115,1,9,0,9,0,1,1,10,1,9,1,1,6,1,43,7,1595,1,-1,-1,1,-1
2015350133215,1,5,0,4,0,0,0,0,0,0,1,1,6,1,33,6,749,1,20,-1,-1,-1
2015350133315,1,9,0,4,0,0,2,0,1,10,4,1,2,1,20,4,1149,1,10,-1,2,-1
2015350133415,1,19,0,18,0,1,0,0,0,0,1,1,1,1,20,4,1399,2,5,-1,1,-1
2015350133415,2,9,0,3,0,1,0,0,0,0,2,1,2,2,44,7,1587,1,11,-1,1,-1
2015350133515,1,9,0,18,0,0,0,0,0,0,1,1,6,1,39,7,1905,2,18,-1,1,-1
2015350133515,2,9,0,4,0,0,0,0,0,0,2,1,6,1,60,9,1910,2,8,-1,1,-1
2015350133615,1,9,0,18,0,8,0,0,0,0,4,1,2,2,59,9,2204,2,9,-1,3,-1
2015350133615,2,1,0,18,0,8,0,0,0,0,2,1,6,2,54,8,-1,-1,-1,-1,-1,-1
2015350133715,1,9,0,4,0,0,0,0,0,0,1,1,2,1,26,6,1124,1,15,-1,1,-1