Accident_Index,Vehicle_Reference,Vehicle_Type,Towing_and_Articulation,Vehicle_Manoeuvre,Vehicle_Location-Restricted_Lane,Junction_Location,Skidding_and_Overturning,Hit_Object_in_Carriageway,Vehicle_Leaving_Carriageway,Hit_Object_off_Carriageway,1st_Point_of_Impact,Was_Vehicle_Left_Hand_Drive?,Journey_Purpose_of_Driver,Sex_of_Driver,Age_of_Driver,Age_Band_of_Driver,Engine_Capacity_(CC),Propulsion_Code,Age_of_Vehicle,Driver_IMD_Decile,Driver_Home_Area_Type,Vehicle_IMD_Decile
2015350181615,1,9,0,4,0,0,0,0,0,0,3,1,6,1,57,9,2457,1,9,-1,1,-1
2015350181815,1,21,1,12,0,0,0,0,0,0,3,1,1,1,45,7,-1,-1,-1,-1,-1,-1
2015350181815,2,9,0,18,0,0,1,0,1,4,4,1,6,1,55,8,1598,1,2,-1,1,-1
2015350181915,1,9,0,18,0,1,0,0,0,0,1,1,6,2,24,5,-1,-1,-1,-1,2,-1
2015350181915,2,9,0,10,0,1,0,0,0,0,2,1,6,1,60,9,1461,2,-1,-1,2,-1
2015350182015,1,9,0,18,0,0,0,0,0,0,1,1,6,1,-1,-1,-1,-1,-1,-1,-1,-1
2015350182115,1,9,0,4,0,0,0,0,0,0,1,1,6,2,-1,-1,-1,-1,-1,-1,-1,-1
2015350182115,2,9,0,3,0,0,0,0,0,0,2,1,6,2,35,6,-1,-1,-1,-1,1,-1
2015350182215,1,9,0,7,0,5,0,10,8,10,1,1,6,1,-1,-1,1587,1,14,-1,-1,-1
2015350182215,2,9,0,18,0,1,1,10,1,4,1,1,6,1,35,6,1781,1,19,-1,1,-1
2015350182315,1,9,0,17,0,8,0,0,1,4,1,1,6,2,31,6,1799,1,9,-1,-1,-1
2015350182415,1,9,0,18,0,8,0,0,0,0,4,1,6,1,31,6,1998,1,11,-1,1,-1
2015350182415,2,11,0,18,0,8,0,0,0,0,3,1,1,1,-1,-1,-1,-1,-1,-1,-1,-1
2015350182615,1,9,0,18,0,6,1,0,1,10,3,1,2,1,28,6,998,1,14,-1,1,-1
2015350182615,2,19,0,18,0,8,0,0,1,10,1,1,2,1,69,10,2461,2,5,-1,3,-1
2015350182715,1,3,0,18,0,1,0,0,0,0,1,1,1,1,17,4,124,1,12,-1,3,-1
2015350182715,2,3,0,18,0,1,0,0,0,0,1,1,1,1,17,4,125,1,-1,-1,2,-1
2015350182715,3,8,0,9,0,6,0,0,0,0,3,1,1,1,53,8,1997,2,4,-1,1,-1
2015350182815,1,9,0,4,0,1,0,0,0,0,2,1,6,1,22,5,1360,1,10,-1,1,-1
2015350182815,2,9,0,18,0,1,0,0,0,0,1,1,6,1,22,5,1124,1,14,-1,1,-1
2015350182915,1,9,0,17,0,0,2,0,1,4,1,1,6,2,22,5,998,1,6,-1,3,-1
2015350182915,2,9,0,16,0,0,1,0,1,4,1,1,2,1,35,6,1984,1,7,-1,3,-1
2015350183015,1,19,0,18,0,0,0,0,0,0,3,1,1,2,43,7,1560,2,3,-1,1,-1
2015350183115,1,9,0,18,0,1,0,0,0,0,1,1,6,1,-1,-1,1390,1,3,-1,2,-1
2015350183115,2,9,0,3,0,1,0,0,0,0,2,1,6,2,17,4,1399,2,4,-1,2,-1
2015350183215,1,19,0,18,0,0,1,0,0,0,3,1,2,1,53,8,1686,2,12,-1,1,-1
2015350183215,2,9,0,18,0,0,0,6,0,10,3,1,6,1,54,8,1388,1,6,-1,1,-1
2015350183315,1,9,0,9,0,8,0,0,0,0,1,1,6,2,24,5,1364,1,9,-1,2,-1
2015350183315,2,9,0,18,0,1,0,0,0,0,3,1,6,1,48,8,2179,2,7,-1,3,-1
2015350183415,1,19,0,18,0,0,5,0,0,0,4,1,6,1,-1,-1,-1,-1,-1,-1,-1,-1
2015350183515,1,9,0,9,0,8,1,0,0,0,1,1,2,1,33,6,1242,1,14,-1,3,-1
2015350183515,2,9,0,18,0,8,0,0,2,0,1,1,2,1,30,6,-1,-1,-1,-1,1,-1
2015350183615,1,5,0,18,0,2,2,0,0,0,4,1,6,1,25,5,583,1,25,-1,1,-1
2015350183715,1,9,0,4,0,1,1,0,0,0,1,1,6,1,-1,-1,-1,-1,-1,-1,-1,-1
2015350183715,2,9,0,4,0,1,0,0,0,0,2,1,6,1,18,4,1199,1,11,-1,1,-1
2015350183815,1,9,0,4,0,1,0,0,0,0,1,1,6,1,27,6,-1,-1,-1,-1,-1,-1
2015350183815,2,9,0,4,0,1,0,0,0,0,2,1,6,2,27,6,-1,-1,-1,-1,1,-1
2015350183915,1,9,0,18,0,0,1,0,0,0,3,1,2,1,66,10,2198,2,8,-1,1,-1
2015350183915,2,9,0,18,0,0,2,0,0,6,4,1,6,1,24,5,1968,2,6,-1,1,-1
2015350184015,1,9,0,18,0,0,1,0,0,0,1,1,6,3,-1,-1,-1,-1,-1,-1,-1,-1
2015350184015,2,9,0,3,0,0,0,0,0,0,2,1,2,2,32,6,1388,1,6,-1,1,-1
2015350184115,1,9,0,8,0,1,0,0,0,0,2,1,6,2,60,9,1896,2,8,-1,2,-1
2015350184115,2,9,0,18,0,1,0,0,0,0,1,1,6,2,-1,-1,1360,1,4,-1,1,-1
2015350184215,1,1,0,18,0,0,0,0,0,0,3,1,4,1,42,7,-1,-1,-1,-1,1,-1
2015350184215,2,9,0,13,0,0,0,0,0,0,4,1,6,2,40,7,2995,1,-1,-1,-1,-1
2015350184315,1,9,0,14,0,0,0,4,0,0,1,1,6,2,55,8,1560,2,1,-1,-1,-1
2015350184315,2,9,0,2,0,0,0,0,0,0,2,1,6,1,60,9,1896,2,11,-1,-1,-1
2015350184415,1,9,0,9,0,5,0,0,0,0,1,1,6,1,-1,-1,4172,1,13,-1,3,-1
2015350184415,2,1,0,18,0,8,0,0,0,0,1,1,6,1,17,4,-1,-1,-1,-1,1,-1
2015350184515,1,9,0,9,0,6,0,0,0,0,3,1,6,1,69,10,1598,1,9,-1,1,-1
2015350184515,2,1,0,18,4,8,0,0,0,0,1,1,6,2,54,8,-1,-1,-1,-1,1,-1
2015350184615,1,21,1,18,0,0,0,0,0,0,3,1,1,1,50,8,12809,2,2,-1,3,-1
2015350184615,2,21,1,18,0,0,0,0,0,0,3,1,1,1,50,8,-1,-1,-1,-1,1,-1
2015350184715,1,9,0,2,0,0,0,0,0,0,3,1,6,1,77,11,1796,1,9,-1,2,-1
2015350184715,2,1,0,14,0,0,1,8,0,0,1,1,2,1,38,7,-1,-1,-1,-1,3,-1
2015350184815,1,9,0,18,0,4,0,0,0,0,3,1,6,2,70,10,1339,1,12,-1,1,-1
2015350184815,2,1,0,18,0,8,0,0,0,0,4,1,2,2,25,5,-1,-1,-1,-1,1,-1
2015350184915,1,9,0,18,0,0,0,0,0,0,1,1,6,2,24,5,1388,1,13,-1,1,-1
2015350184915,2,9,0,4,0,0,0,0,0,0,2,1,6,2,86,11,1240,1,5,-1,1,-1
2015350185015,1,9,0,5,0,1,0,0,0,0,1,1,6,1,64,9,1997,2,7,-1,1,-1
2015350185015,2,9,0,3,0,1,0,0,0,0,2,1,6,2,40,7,1686,2,2,-1,1,-1
2015350185115,1,9,0,7,0,5,0,0,0,0,1,1,2,1,18,4,1299,1,13,-1,1,-1
2015350185115,2,1,0,5,0,6,0,0,0,0,3,1,6,2,22,5,-1,-1,-1,-1,1,-1
2015350185215,1,9,0,17,0,0,0,0,0,0,1,1,2,1,34,6,1360,1,9,-1,1,-1
2015350185215,2,9,0,16,0,0,0,0,0,0,3,1,2,2,43,7,1398,2,2,-1,2,-1
2015350185315,1,9,0,7,0,6,0,0,0,0,1,1,1,1,25,5,-1,-1,-1,-1,1,-1
2015350185315,2,1,0,9,0,5,0,0,0,0,1,1,1,2,35,6,-1,-1,-1,-1,1,-1
2015350185415,1,9,0,18,0,0,0,0,0,2,4,1,6,2,38,7,1984,1,13,-1,2,-1
2015350185515,1,9,0,13,0,0,2,0,1,9,4,1,6,2,19,4,1206,1,4,-1,2,-1
2015350185515,2,20,0,12,0,0,0,0,0,0,3,1,6,3,-1,-1,-1,-1,-1,-1,-1,-1
2015350185615,1,21,1,11,0,0,0,0,0,0,1,1,1,1,58,9,-1,2,12,-1,3,-1
2015350185615,2,9,0,18,0,0,1,7,4,6,2,1,6,2,63,9,973,1,13,-1,2,-1
2015350185715,1,9,0,9,0,6,0,0,0,0,1,1,1,2,29,6,1329,1,4,-1,1,-1
2015350185715,2,9,0,17,0,1,0,0,0,0,1,1,2,2,18,4,1199,1,11,-1,1,-1
2015350185815,1,9,0,4,0,1,0,0,0,0,2,1,6,2,32,6,-1,-1,-1,-1,2,-1
2015350185815,2,9,0,4,0,1,0,0,0,0,1,1,6,1,22,5,2401,2,13,-1,1,-1
2015350185915,1,9,0,17,0,0,2,0,0,0,2,1,6,1,20,4,1299,1,14,-1,3,-1
2015350185915,2,9,0,16,0,0,0,0,0,0,1,1,6,1,85,11,2184,2,8,-1,3,-1
2015350186015,1,9,0,18,0,3,0,0,0,0,3,1,6,2,21,5,1398,2,6,-1,2,-1
2015350186015,2,9,0,13,0,3,0,0,0,0,4,1,6,1,35,6,1587,1,13,-1,1,-1
2015350186215,1,19,0,18,0,6,0,0,0,0,4,1,1,1,51,8,1248,2,-1,-1,2,-1
2015350186215,2,4,0,18,0,8,0,0,0,0,1,1,6,1,58,9,499,1,17,-1,1,-1
2015350186315,1,11,0,13,0,0,0,0,0,0,0,1,6,1,36,7,10518,2,5,-1,1,-1
2015350186315,2,11,0,16,0,0,0,0,1,9,1,1,6,1,57,9,6871,2,9,-1,1,-1
2015350186415,1,9,0,18,0,1,2,0,1,1,1,1,6,1,19,4,1198,1,6,-1,2,-1
2015350186615,1,19,0,6,0,0,0,0,0,0,4,1,6,1,27,6,2198,2,8,-1,3,-1
2015350186615,2,4,0,14,0,0,2,0,0,0,1,1,6,1,47,8,1261,1,9,-1,3,-1
2015350186815,1,9,0,4,0,1,0,0,0,0,2,1,6,1,44,7,2967,1,12,-1,1,-1
2015350186815,2,19,0,4,0,1,0,0,0,0,1,1,6,1,41,7,1896,2,14,-1,1,-1
2015350186815,3,9,0,4,0,1,0,0,0,0,1,1,6,2,46,8,2496,1,11,-1,1,-1
2015350186915,1,9,0,18,0,1,0,0,0,0,1,1,6,2,32,6,1360,1,9,-1,2,-1
2015350186915,2,19,0,9,0,6,0,0,0,0,2,1,1,2,44,7,1598,2,3,-1,2,-1
2015350186915,3,9,0,18,0,1,0,0,0,0,3,1,6,2,33,6,1910,2,8,-1,1,-1
2015350187015,1,9,0,18,0,0,0,0,0,0,1,1,6,2,40,7,2099,2,8,-1,2,-1
2015350187015,2,21,0,2,0,0,0,0,0,0,2,1,1,1,43,7,-1,-1,-1,-1,-1,-1
2015350187115,1,9,0,18,0,1,0,0,0,0,1,1,6,1,21,5,1598,1,6,-1,1,-1
2015350187115,2,4,0,9,0,1,0,0,0,0,2,1,1,1,27,6,124,1,9,-1,1,-1
2015350187115,3,9,0,18,0,8,0,0,0,0,3,1,6,1,42,7,2976,1,11,-1,1,-1
2015350187215,1,9,0,5,0,8,0,0,0,0,1,1,6,1,59,9,1560,2,5,-1,1,-1
2015350187215,2,9,0,9,0,8,0,0,0,0,3,1,1,1,57,9,-1,-1,-1,-1,-1,-1
2015350187315,1,9,0,18,0,0,0,0,0,0,1,1,6,1,40,7,1598,1,10,-1,-1,-1
2015350187315,2,9,0,3,0,0,0,0,0,0,2,1,6,1,31,6,2000,2,3,-1,1,-1
2015350187415,1,9,0,6,0,0,0,0,0,0,1,1,2,1,43,7,1997,2,4,-1,1,-1
2015350187415,2,9,0,18,0,0,0,0,0,0,1,1,2,1,45,7,1995,2,1,-1,1,-1
2015350187515,1,9,0,5,0,4,0,0,0,0,1,1,6,1,21,5,998,1,2,-1,2,-1
2015350187515,2,5,0,5,0,4,0,0,0,0,2,1,6,1,32,6,680,1,5,-1,1,-1
2015350187615,1,9,0,5,0,6,0,0,0,0,3,1,1,2,56,9,1560,2,3,-1,-1,-1
2015350187615,2,9,0,18,0,8,1,0,0,0,1,1,1,2,22,5,998,1,1,-1,2,-1
2015350187715,1,19,0,1,0,2,0,0,0,0,2,1,6,1,26,6,2143,2,1,-1,1,-1
2015350187715,2,9,0,18,0,2,0,0,0,0,1,1,6,1,34,6,1968,2,5,-1,1,-1
2015350187815,1,21,1,11,0,0,0,0,0,0,4,1,1,1,53,8,10837,2,1,-1,1,-1
2015350187815,2,9,0,18,0,0,0,0,5,6,3,1,6,1,67,10,1797,1,23,-1,3,-1
2015350187815,3,9,0,18,0,0,0,0,0,0,1,1,6,2,67,10,2830,2,15,-1,3,-1
2015350187915,1,19,0,4,0,0,0,0,0,0,1,1,1,1,51,8,2198,2,2,-1,1,-1
2015350187915,2,9,0,4,0,0,0,0,0,0,2,1,1,1,45,7,1995,2,1,-1,2,-1
2015350188015,1,9,0,18,0,8,0,0,0,0,4,1,6,1,36,7,1679,1,14,-1,1,-1
2015350188115,1,9,0,9,0,4,0,0,0,0,1,1,1,1,29,6,1984,1,6,-1,3,-1
2015350188115,2,1,0,18,0,3,0,0,0,0,2,1,1,1,25,5,-1,-1,-1,-1,2,-1
2015350188315,1,1,0,18,0,4,0,0,0,0,1,1,2,1,26,6,-1,-1,-1,-1,1,-1
2015350188315,2,9,0,7,0,3,0,0,0,0,1,1,2,2,46,8,1299,1,13,-1,1,-1
2015350188415,1,9,0,9,0,6,0,0,0,0,3,1,2,2,53,8,1560,2,4,-1,1,-1
2015350188415,2,5,0,13,0,8,0,0,0,0,1,1,1,1,35,6,745,1,-1,-1,1,-1
2015350188515,1,9,0,4,0,0,1,0,0,0,1,1,6,2,58,9,1968,2,7,-1,1,-1
2015350188515,2,9,0,4,0,0,0,0,0,0,2,1,6,1,71,10,1970,1,10,-1,3,-1
2015350188515,3,9,0,4,0,0,0,0,0,0,2,1,6,2,28,6,1242,1,2,-1,1,-1
2015350188515,4,9,0,4,0,0,0,0,0,0,2,1,6,2,51,8,1686,2,2,-1,3,-1
2015350188615,1,9,0,18,0,0,0,0,0,0,1,1,2,1,45,7,2179,2,-1,-1,3,-1
2015350188615,2,9,0,4,0,0,0,0,0,0,2,1,2,2,34,6,-1,-1,-1,-1,1,-1
2015350188615,3,9,0,4,0,0,0,0,0,0,2,1,2,1,36,7,-1,-1,-1,-1,1,-1
2015350188615,4,9,0,4,0,0,0,0,0,0,2,1,2,1,36,7,1998,1,-1,-1,1,-1
2015350188715,1,9,0,18,0,0,0,0,7,0,1,1,2,1,48,8,-1,-1,-1,-1,1,-1
2015350188815,1,9,0,18,0,1,0,0,0,0,1,1,6,1,22,5,2993,2,5,-1,1,-1
2015350188815,2,9,0,3,0,1,0,0,0,0,2,1,6,1,59,9,1968,2,4,-1,1,-1
2015350188915,1,9,0,17,0,0,2,0,7,4,1,1,1,1,31,6,1299,1,9,-1,2,-1
2015350189015,1,9,0,18,0,0,0,0,0,0,4,1,6,1,30,6,2204,2,8,-1,3,-1
2015350189015,2,1,0,18,0,0,0,0,0,0,1,1,6,2,38,7,-1,-1,-1,-1,1,-1
2015350189115,1,9,0,9,0,6,0,0,0,0,1,1,2,2,54,8,1598,1,2,-1,3,-1
2015350189215,1,9,0,16,0,0,2,0,2,4,1,1,6,2,20,4,1360,1,9,-1,3,-1
2015350189315,1,9,0,18,0,2,0,0,0,0,1,1,6,2,18,4,1242,1,1,-1,1,-1
2015350189315,2,9,0,18,0,2,0,10,0,0,2,1,6,1,36,7,1995,1,7,-1,1,-1
2015350189415,1,9,0,16,0,0,0,0,0,0,0,1,6,3,-1,-1,-1,-1,-1,-1,-1,-1
2015350189415,2,9,0,17,0,0,2,0,1,9,1,1,6,1,27,6,1229,1,1,-1,1,-1
2015350189515,1,9,0,12,0,0,0,0,0,0,3,1,6,1,52,8,1995,2,3,-1,3,-1
2015350189515,2,3,0,18,0,0,2,0,0,0,4,1,6,1,48,8,125,1,1,-1,-1,-1
2015350189615,1,9,0,9,0,5,0,0,0,0,1,1,6,1,25,5,1198,1,1,-1,2,-1
2015350189615,2,21,1,18,0,1,0,0,1,10,1,1,1,1,48,8,12740,2,-1,-1,1,-1
2015350189715,1,3,0,18,0,8,2,0,0,0,3,1,6,1,17,4,125,1,8,-1,1,-1
2015350189715,2,9,0,9,0,5,0,0,0,0,4,1,6,2,34,6,1994,1,14,-1,3,-1
2015350189915,1,9,0,18,0,1,0,0,0,0,1,1,1,1,43,7,1781,1,13,-1,2,-1
2015350189915,2,9,0,7,0,6,0,0,0,0,2,1,1,2,41,7,1997,2,13,-1,2,-1
2015350190015,1,21,0,12,8,0,0,0,0,0,3,1,6,1,38,7,-1,-1,-1,-1,-1,-1
2015350190015,2,21,0,12,0,0,0,0,0,0,4,1,6,1,51,8,12900,2,5,-1,1,-1
2015350190015,3,19,0,18,0,0,0,0,0,0,4,1,6,1,51,8,2148,2,7,-1,1,-1
2015350190115,1,9,0,18,0,0,0,7,0,0,1,1,6,1,31,6,2982,2,8,-1,3,-1
2015350190515,1,9,0,5,0,6,0,0,0,0,1,1,6,2,36,7,2350,1,9,-1,3,-1
2015350190515,2,9,0,18,0,8,0,0,0,0,1,1,6,2,37,7,1461,2,1,-1,1,-1
2015350190615,1,1,0,18,0,8,0,0,0,0,3,1,6,1,-1,-1,-1,-1,-1,-1,-1,-1
2015350190615,2,9,0,7,0,5,0,0,0,0,2,1,6,2,46,8,1997,2,3,-1,1,-1
2015350190815,1,3,0,16,0,0,2,0,7,9,3,1,6,1,17,4,124,1,-1,-1,3,-1
2015350190915,1,9,0,18,0,0,0,0,0,0,1,1,6,1,22,5,-1,-1,-1,-1,1,-1
2015350190915,2,9,0,4,0,0,0,0,0,0,2,1,6,1,53,8,998,1,-1,-1,1,-1
2015350190915,3,9,0,4,0,0,0,0,0,0,2,1,6,1,37,7,1368,1,10,-1,1,-1
2015350190915,4,9,0,4,0,0,0,0,0,0,2,1,6,2,-1,-1,1995,2,-1,-1,2,-1
2015350191015,1,9,0,18,0,8,0,9,0,0,1,1,6,1,-1,-1,1596,1,9,-1,1,-1
2015350191115,1,9,0,18,0,0,0,0,0,0,1,1,6,3,-1,-1,-1,-1,-1,-1,-1,-1
2015350191115,2,1,0,18,0,0,0,0,0,0,2,1,6,1,54,8,-1,-1,-1,-1,1,-1
2015350191215,1,9,0,9,0,6,0,0,0,0,2,1,6,1,26,6,-1,-1,-1,-1,1,-1
2015350191215,2,3,0,13,0,8,0,0,0,0,4,1,6,1,19,4,-1,-1,-1,-1,3,-1
2015350191315,1,9,0,13,0,1,0,0,0,0,4,1,6,1,30,6,1598,1,14,-1,1,-1
2015350191315,2,1,0,18,0,1,0,0,0,0,3,1,6,1,22,5,-1,-1,-1,-1,1,-1
2015350191315,3,9,0,4,0,1,0,0,0,0,4,1,6,1,52,8,1598,1,16,-1,1,-1
2015350191415,1,9,0,14,0,1,0,0,0,0,1,1,1,1,50,8,1461,2,2,-1,3,-1
2015350191515,1,19,0,5,0,6,0,0,0,0,1,1,1,1,40,7,1686,2,3,-1,-1,-1
2015350191515,2,1,0,4,0,6,0,0,0,0,2,1,1,1,28,6,-1,-1,-1,-1,1,-1
2015350191615,1,9,0,18,0,0,0,4,0,0,1,1,6,2,27,6,1389,1,13,-1,1,-1
2015350191615,2,8,0,2,0,0,0,0,0,0,2,1,1,1,57,9,1968,2,4,-1,1,-1
2015350191715,1,9,0,18,0,4,0,0,0,0,1,1,1,1,24,5,1998,1,8,-1,2,-1
2015350191715,2,1,0,18,0,8,0,0,0,0,2,1,6,2,25,5,-1,-1,-1,-1,1,-1
2015350191815,1,9,0,18,0,4,0,0,0,0,3,1,6,2,39,7,2148,2,9,-1,3,-1
2015350191815,2,9,0,18,0,8,0,0,0,0,4,1,6,2,21,5,1998,1,12,-1,2,-1
2015350191915,1,9,0,18,0,0,0,4,2,0,1,1,6,1,74,10,1998,2,10,-1,1,-1
2015350191915,2,9,0,2,6,0,0,0,0,0,3,1,6,2,39,7,1598,1,9,-1,1,-1
2015350192015,1,9,0,5,2,6,0,0,0,0,1,1,6,2,47,8,1995,2,3,-1,1,-1
2015350192015,2,11,0,18,0,8,0,0,0,0,1,1,1,2,52,8,4461,2,1,-1,1,-1
2015350192115,1,19,0,5,0,6,0,0,0,0,1,1,1,1,38,7,2198,2,2,-1,2,-1
2015350192115,2,1,0,18,0,8,0,0,0,0,1,1,2,2,30,6,-1,-1,-1,-1,1,-1
2015350192215,1,1,0,5,0,8,2,0,0,0,4,1,6,2,39,7,-1,-1,-1,-1,1,-1
2015350192215,2,9,0,18,0,8,0,0,0,0,1,1,6,2,22,5,1242,1,10,-1,1,-1
2015350192315,1,9,0,18,0,0,0,0,0,0,1,1,6,3,-1,-1,-1,-1,-1,-1,-1,-1
2015350192415,1,19,0,16,0,0,1,10,7,1,1,1,6,1,28,6,2402,2,8,-1,-1,-1
2015350192515,1,21,1,5,0,1,0,0,0,0,1,1,1,1,47,8,12900,2,5,-1,-1,-1
2015350192615,1,9,0,18,0,1,0,0,0,0,1,1,1,1,50,8,-1,-1,-1,-1,1,-1
2015350192615,2,9,0,4,0,1,0,0,0,0,2,1,1,1,36,7,-1,-1,-1,-1,1,-1
2015350192715,1,9,0,18,0,5,0,0,0,0,1,1,6,1,20,4,1798,1,42,-1,1,-1
2015350192715,2,9,0,4,0,3,0,0,0,0,2,1,6,2,31,6,1242,1,2,-1,1,-1
2015350192815,1,19,0,9,0,6,0,0,0,0,1,1,6,1,-1,-1,-1,-1,-1,-1,-1,-1
2015350192815,2,1,0,18,9,8,0,0,0,0,3,1,6,2,12,3,-1,-1,-1,-1,1,-1
2015350192915,1,9,0,18,9,8,0,0,0,0,1,1,6,3,-1,-1,-1,-1,-1,-1,-1,-1
2015350193015,1,9,0,18,0,1,0,0,0,0,1,1,6,1,25,5,1781,1,14,-1,1,-1
2015350193015,2,9,0,4,0,1,0,0,0,0,2,1,6,1,61,9,1956,2,3,-1,3,-1
2015350193015,3,9,0,10,0,1,0,0,0,0,2,1,6,1,46,8,1240,1,6,-1,2,-1
2015350193015,4,9,0,18,0,1,0,10,0,0,4,1,6,1,55,8,1395,1,2,-1,1,-1
2015350193115,1,9,0,5,0,6,0,0,3,0,1,1,6,1,24,5,1956,2,5,-1,1,-1
2015350193115,2,9,0,18,0,8,0,0,0,0,3,1,6,1,21,5,1896,2,14,-1,1,-1
2015350193215,1,9,0,5,0,6,0,0,0,0,1,1,6,1,68,10,2830,2,20,-1,3,-1
2015350193215,2,9,0,18,0,8,0,0,0,0,1,1,6,1,70,10,1364,2,6,-1,3,-1
2015350193315,1,19,0,18,0,8,0,0,0,0,1,1,2,1,29,6,2198,2,2,-1,2,-1
2015350193315,2,11,0,18,3,8,0,0,0,0,4,1,1,1,40,7,-1,-1,-1,-1,1,-1
2015350193415,1,9,0,4,0,6,0,0,0,0,1,1,6,1,43,7,2521,1,7,-1,1,-1
2015350193415,2,1,0,4,9,8,0,0,0,0,1,1,2,2,18,4,-1,-1,-1,-1,3,-1
2015350193515,1,9,0,18,0,0,0,0,0,0,4,1,6,2,22,5,1368,1,5,-1,1,-1
2015350193715,1,9,0,1,0,1,0,0,0,0,2,1,6,3,-1,-1,1968,2,6,-1,-1,-1
2015350193815,1,1,0,18,0,8,0,0,0,0,3,1,4,2,23,5,-1,-1,-1,-1,1,-1
2015350193815,2,19,0,9,0,6,0,0,0,0,1,1,6,1,39,7,-1,-1,-1,-1,-1,-1
2015350193915,1,1,0,18,4,8,0,0,0,0,3,1,6,2,20,4,-1,-1,-1,-1,1,-1
2015350193915,2,9,0,9,0,5,0,0,0,0,1,1,6,1,28,6,-1,-1,-1,-1,-1,-1
2015350194015,1,9,0,12,0,7,0,0,0,0,3,1,6,3,-1,-1,2993,2,-1,-1,-1,-1
2015350194015,2,9,0,18,0,8,0,0,0,0,4,1,6,2,22,5,1388,1,12,-1,1,-1
2015350194115,1,9,0,16,0,0,1,0,7,4,1,1,6,1,18,4,1596,1,13,-1,1,-1
2015350194215,1,9,0,18,0,8,0,0,0,0,1,1,6,2,30,6,1596,1,14,-1,-1,-1
2015350194215,2,1,0,18,0,6,0,0,0,0,4,1,6,2,18,4,-1,-1,-1,-1,1,-1
2015350194315,1,9,0,17,0,8,2,0,7,10,1,1,2,1,21,5,1999,1,7,-1,3,-1
2015350194515,1,9,0,2,6,1,0,0,0,0,3,1,6,2,80,11,998,1,14,-1,2,-1
2015350194515,2,1,0,14,0,1,0,8,0,0,1,1,6,2,67,10,-1,-1,-1,-1,2,-1
2015350194615,1,1,0,18,0,0,0,0,0,0,1,1,6,1,18,4,-1,-1,-1,-1,1,-1
2015350194715,1,21,0,18,0,0,0,0,0,0,1,1,1,1,39,7,12777,2,7,-1,1,-1
2015350194715,2,9,0,3,0,0,0,0,0,0,2,1,6,1,61,9,4997,1,13,-1,1,-1
2015350194815,1,9,0,1,0,0,0,0,0,0,2,1,6,1,42,7,1910,2,10,-1,3,-1
2015350194815,2,9,0,4,0,0,0,0,0,0,1,1,1,1,32,6,2993,2,2,-1,3,-1
2015350194915,1,9,0,13,0,0,0,0,0,0,4,1,6,1,80,11,1994,2,16,-1,1,-1
2015350194915,2,1,0,18,0,0,0,0,0,0,3,1,6,1,74,10,-1,-1,-1,-1,1,-1
2015350195015,1,9,0,12,0,2,0,0,0,0,0,1,6,1,60,9,2268,2,2,-1,2,-1
2015350195015,2,9,0,4,0,2,0,0,0,0,1,1,6,1,40,7,-1,-1,-1,-1,1,-1
2015350195015,3,9,0,4,0,2,0,0,0,0,1,1,6,1,38,7,1596,1,16,-1,1,-1
2015350195115,1,9,0,7,0,3,0,0,0,0,4,1,6,3,-1,-1,-1,-1,-1,-1,-1,-1
2015350195115,2,1,0,18,0,8,0,0,0,0,1,1,2,2,38,7,-1,-1,-1,-1,1,-1
2015350195215,1,19,0,2,0,0,0,0,0,0,3,1,1,1,25,5,1995,2,7,-1,3,-1
2015350195215,2,1,0,14,0,0,0,8,0,0,4,1,6,2,22,5,-1,-1,-1,-1,-1,-1
2015350195315,1,9,0,18,0,0,0,4,0,0,1,1,6,2,75,10,1299,1,8,-1,1,-1
2015350195315,2,9,0,2,0,0,0,0,0,0,2,1,6,3,-1,-1,2148,2,5,-1,1,-1
2015350195515,1,9,0,18,0,1,0,0,0,0,1,1,6,1,23,5,-1,-1,-1,-1,3,-1
2015350195515,2,3,0,3,0,1,0,0,0,0,2,1,1,1,56,9,124,1,4,-1,3,-1
2015350195615,1,9,0,2,6,0,0,0,0,0,3,1,6,1,45,7,2148,2,6,-1,-1,-1
2015350195615,2,1,0,14,4,0,0,8,0,0,3,1,6,2,35,6,-1,-1,-1,-1,1,-1
2015350195815,1,9,0,4,0,0,0,0,0,0,1,1,6,2,60,9,1598,1,8,-1,-1,-1
2015350195815,2,9,0,3,0,0,0,0,0,0,2,1,6,1,29,6,1968,2,8,-1,3,-1
2015350196015,1,9,0,5,0,6,0,0,0,0,3,1,3,2,35,6,1461,2,1,-1,-1,-1
2015350196015,2,1,0,18,0,8,0,0,0,0,1,1,2,2,35,6,-1,-1,-1,-1,-1,-1
2015350196115,1,11,0,4,0,8,0,0,0,0,1,1,1,2,28,6,-1,-1,-1,-1,2,-1
2015350196115,2,1,0,12,9,8,0,0,0,0,3,1,6,2,61,9,-1,-1,-1,-1,1,-1
2015350196215,1,21,0,18,0,0,0,0,0,0,1,1,1,1,45,7,6692,2,4,-1,2,-1
2015350196215,2,21,0,4,0,0,0,0,0,0,2,1,1,1,44,7,12809,2,2,-1,3,-1
2015350196315,1,9,0,7,0,4,0,0,0,0,1,1,6,3,-1,-1,-1,-1,-1,-1,-1,-1