Accident_Index,Vehicle_Reference,Vehicle_Type,Towing_and_Articulation,Vehicle_Manoeuvre,Vehicle_Location-Restricted_Lane,Junction_Location,Skidding_and_Overturning,Hit_Object_in_Carriageway,Vehicle_Leaving_Carriageway,Hit_Object_off_Carriageway,1st_Point_of_Impact,Was_Vehicle_Left_Hand_Drive?,Journey_Purpose_of_Driver,Sex_of_Driver,Age_of_Driver,Age_Band_of_Driver,Engine_Capacity_(CC),Propulsion_Code,Age_of_Vehicle,Driver_IMD_Decile,Driver_Home_Area_Type,Vehicle_IMD_Decile
2015350196315,2,9,0,7,0,4,0,0,0,0,2,1,6,2,35,6,1686,2,2,-1,1,-1
2015350196415,1,9,0,18,0,8,0,0,0,0,1,1,6,1,48,8,1796,1,4,-1,3,-1
2015350196415,2,9,0,3,0,8,0,0,0,0,2,1,6,2,28,6,2143,2,3,-1,2,-1
2015350196515,1,9,0,5,0,6,0,0,0,0,1,1,6,2,61,9,1248,1,-1,-1,1,-1
2015350196515,2,9,0,18,0,8,0,0,0,0,1,1,6,1,19,4,-1,-1,-1,-1,1,-1
2015350196515,3,9,0,10,0,5,0,0,0,0,1,1,6,1,70,10,-1,-1,-1,-1,3,-1
2015350196615,1,9,0,18,0,1,1,0,1,0,1,1,6,2,35,6,1968,2,6,-1,3,-1
2015350196615,2,19,0,10,0,1,0,0,7,0,2,1,1,1,40,7,1910,2,4,-1,3,-1
2015350196715,1,1,0,18,0,0,0,0,0,0,1,1,2,1,30,6,-1,-1,-1,-1,-1,-1
2015350196715,2,9,0,2,0,0,0,0,0,0,0,1,6,2,37,7,1799,1,8,-1,2,-1
2015350196715,3,20,0,18,0,0,0,0,0,0,1,1,1,1,30,6,6370,2,5,-1,1,-1
2015350196815,1,9,0,18,0,0,0,0,0,0,4,1,6,3,-1,-1,-1,-1,-1,-1,-1,-1
2015350196915,1,20,0,13,0,1,0,0,0,0,4,1,1,3,-1,-1,-1,-1,-1,-1,-1,-1
2015350196915,2,1,0,18,0,1,0,0,0,0,3,1,6,2,21,5,-1,-1,-1,-1,1,-1
2015350197015,1,9,0,13,0,2,0,0,0,0,1,1,6,1,-1,-1,1560,2,-1,-1,-1,-1
2015350197015,2,9,0,18,0,1,0,10,0,0,1,1,6,2,58,9,1598,1,4,-1,1,-1
2015350197115,1,9,0,4,0,1,0,0,0,0,1,1,6,2,-1,-1,1587,1,8,-1,1,-1
2015350197115,2,19,0,3,0,1,0,0,0,0,2,1,1,1,54,8,2198,2,2,-1,1,-1
2015350197215,1,9,0,18,0,0,0,0,0,0,1,1,6,1,17,4,1298,1,17,-1,3,-1
2015350197215,2,9,0,3,0,0,0,0,0,0,2,1,2,1,40,7,1995,2,5,-1,1,-1
2015350197315,1,1,0,18,0,8,0,0,0,0,1,1,6,2,23,5,-1,-1,-1,-1,1,-1
2015350197315,2,20,0,7,0,5,0,0,0,0,4,1,1,1,26,6,-1,-1,-1,-1,1,-1
2015350197415,1,9,0,18,0,0,0,0,7,2,1,1,6,1,19,4,1124,1,13,-1,1,-1
2015350197515,1,9,0,9,0,5,0,0,0,0,4,1,2,1,17,4,-1,-1,-1,-1,3,-1
2015350197515,2,1,0,18,0,8,0,0,0,0,1,1,2,1,54,8,-1,-1,-1,-1,3,-1
2015350197615,1,9,0,18,0,0,0,0,0,0,1,1,2,2,28,6,999,1,2,-1,1,-1
2015350197615,2,9,0,3,0,0,0,0,0,0,2,1,2,1,42,7,1998,1,12,-1,1,-1
2015350197615,3,9,0,3,0,0,0,0,0,0,2,1,2,2,56,9,2967,1,9,-1,2,-1
2015350197715,1,9,0,18,0,3,1,0,0,10,1,1,2,1,37,7,2700,1,11,-1,2,-1
2015350197715,2,9,0,2,0,2,0,0,0,0,3,1,6,2,19,4,1086,1,12,-1,2,-1
2015350197815,1,9,0,18,0,1,0,0,0,0,1,1,6,1,55,8,1995,2,-1,-1,1,-1
2015350197815,2,9,0,3,0,1,0,0,0,0,2,1,6,1,65,9,1598,2,2,-1,3,-1
2015350198015,1,9,0,7,0,5,0,0,0,0,4,1,6,2,65,9,899,1,-1,-1,1,-1
2015350198015,2,1,0,15,4,8,0,0,0,0,3,1,6,1,25,5,-1,-1,-1,-1,1,-1
2015350198115,1,20,0,18,0,8,0,0,0,0,1,1,6,1,50,8,10837,2,-1,-1,1,-1
2015350198115,2,9,0,12,0,6,0,0,0,0,3,1,6,2,-1,-1,1596,1,10,-1,1,-1
2015350198215,1,20,0,2,0,0,0,0,0,0,3,1,6,1,-1,-1,-1,-1,-1,-1,1,-1
2015350198215,2,1,0,14,0,0,0,8,0,0,4,1,6,2,-1,-1,-1,-1,-1,-1,1,-1
2015350198315,1,9,0,18,0,0,0,0,0,0,1,1,6,3,-1,-1,4806,1,2,-1,-1,-1
2015350198315,2,9,0,3,0,0,0,0,0,0,2,1,3,2,49,8,998,1,3,-1,1,-1
2015350198415,1,1,0,18,0,0,0,0,0,0,0,1,1,1,48,8,-1,-1,-1,-1,1,-1
2015350198415,2,19,0,11,0,0,0,0,0,0,0,1,6,1,35,6,2287,2,1,-1,-1,-1
2015350198515,1,9,0,18,0,3,0,0,7,2,1,1,3,1,20,4,1783,1,12,-1,1,-1
2015350198615,1,1,0,18,0,8,0,0,0,0,1,1,6,1,35,6,-1,-1,-1,-1,1,-1
2015350198615,2,9,0,7,0,5,0,0,0,0,4,1,6,1,40,7,1598,1,16,-1,1,-1
2015350198715,1,19,0,18,0,1,0,0,0,0,1,1,6,3,-1,-1,-1,-1,-1,-1,-1,-1
2015350198715,2,3,0,4,0,1,0,0,0,0,2,1,6,2,18,4,125,1,1,-1,2,-1
2015350198815,1,9,0,9,0,5,0,0,0,0,4,1,2,1,62,9,1968,2,4,-1,3,-1
2015350198815,2,1,0,18,0,8,0,0,0,0,3,1,2,2,35,6,-1,-1,-1,-1,2,-1
2015350198915,1,9,0,11,0,0,0,0,0,0,4,1,6,1,-1,-1,-1,-1,-1,-1,-1,-1
2015350198915,2,3,0,18,0,0,0,0,0,0,3,1,6,1,18,4,-1,-1,-1,-1,1,-1
2015350199015,1,90,0,18,0,6,0,0,0,0,1,1,6,1,80,11,-1,-1,-1,-1,1,-1
2015350199015,2,9,0,4,0,2,0,0,0,0,3,1,6,2,20,4,1242,1,1,-1,2,-1
2015350199115,1,9,0,9,0,6,0,0,0,0,1,1,6,2,-1,-1,1798,1,9,-1,-1,-1
2015350199115,2,9,0,9,0,6,0,0,0,0,1,1,6,1,29,6,1968,2,3,-1,1,-1
2015350199215,1,9,0,18,0,0,1,0,4,6,1,1,6,2,78,11,1388,1,12,-1,1,-1
2015350199215,2,9,0,18,0,0,1,0,0,0,4,1,6,1,47,8,1896,2,12,-1,1,-1
2015350199315,1,3,0,18,0,0,0,0,0,0,1,1,6,1,19,4,125,1,-1,-1,1,-1
2015350199315,2,9,0,1,0,0,0,0,0,0,3,1,6,1,-1,-1,1998,1,2,-1,1,-1
2015350199415,1,9,0,18,0,6,0,0,0,0,4,1,1,1,72,10,1388,1,7,-1,1,-1
2015350199415,2,11,0,18,0,8,0,0,0,0,1,1,6,1,55,8,8268,2,9,-1,1,-1
2015350199515,1,9,0,18,0,0,0,0,0,0,1,1,6,1,40,7,1910,2,6,-1,-1,-1
2015350199515,2,9,0,3,0,0,0,0,0,0,2,1,1,1,30,6,1995,2,-1,-1,1,-1
2015350199615,1,1,0,18,0,8,0,0,0,0,2,1,6,1,26,6,-1,-1,-1,-1,1,-1
2015350199615,2,9,0,5,0,4,0,0,0,0,1,1,6,1,33,6,1798,1,6,-1,1,-1
2015350199715,1,9,0,6,0,0,0,0,7,0,3,1,1,1,49,8,4367,2,5,-1,2,-1
2015350199715,2,5,0,13,0,0,1,0,7,0,1,1,1,1,46,8,1170,1,5,-1,2,-1
2015350199815,1,5,0,13,0,1,1,0,0,0,4,1,6,2,29,6,748,1,3,-1,3,-1
2015350199815,2,19,0,12,0,1,0,0,0,0,3,1,6,1,-1,-1,-1,-1,-1,-1,-1,-1
2015350199915,1,11,0,3,0,1,0,0,0,0,4,1,1,1,33,6,6700,2,8,-1,3,-1
2015350199915,2,1,0,4,0,1,0,0,0,0,3,1,6,2,20,4,-1,-1,-1,-1,-1,-1
2015350200015,1,9,0,9,0,5,0,0,0,0,1,1,6,2,36,7,1910,2,6,-1,1,-1
2015350200015,2,9,0,18,0,8,0,0,0,0,3,1,6,1,28,6,1995,2,1,-1,1,-1
2015350200015,3,9,0,8,0,1,0,0,0,0,2,1,6,1,43,7,1991,1,12,-1,1,-1
2015350200115,1,9,0,18,0,8,0,0,0,0,4,1,1,2,25,5,1598,1,4,-1,1,-1
2015350200115,2,1,0,18,0,8,0,0,0,0,3,1,6,1,55,8,-1,-1,-1,-1,-1,-1
2015350200215,1,9,0,1,0,1,0,0,0,0,2,1,6,2,80,11,-1,-1,-1,-1,-1,-1
2015350200215,2,9,0,3,0,1,0,0,0,0,1,1,6,2,47,8,1753,2,7,-1,1,-1
2015350200315,1,9,0,4,0,4,5,9,3,1,1,1,6,2,23,5,1368,1,1,-1,3,-1
2015350200415,1,9,0,9,0,6,0,0,0,0,1,1,6,1,58,9,1598,1,7,-1,-1,-1
2015350200415,2,1,0,18,0,8,0,0,0,0,1,1,6,1,36,7,-1,-1,-1,-1,1,-1
2015350200515,1,19,0,13,0,0,0,0,0,0,4,1,2,1,30,6,2198,2,-1,-1,-1,-1
2015350200515,2,1,0,18,0,0,0,0,0,0,3,1,6,2,16,4,-1,-1,-1,-1,3,-1
2015350200615,1,9,0,18,0,5,0,0,0,0,1,1,2,1,34,6,-1,-1,-1,-1,1,-1
2015350200715,1,3,0,7,0,3,0,0,0,0,4,1,2,1,57,9,1250,1,15,-1,1,-1
2015350200715,2,9,0,7,0,4,0,0,0,0,1,1,2,1,45,7,-1,-1,-1,-1,3,-1
2015350200815,1,9,0,18,0,7,0,0,0,0,1,1,6,1,35,6,1590,1,12,-1,1,-1
2015350200815,2,9,0,3,0,7,0,0,0,0,2,1,6,2,49,8,1329,1,2,-1,1,-1
2015350200915,1,98,0,12,0,2,0,0,0,0,3,1,1,1,53,8,-1,-1,-1,-1,-1,-1
2015350200915,2,9,0,18,0,2,0,0,0,0,4,1,6,1,55,8,998,1,4,-1,2,-1
2015350200915,3,9,0,18,0,1,0,0,0,0,4,1,2,2,30,6,1461,2,5,-1,1,-1
2015350201015,1,9,0,7,0,5,0,0,0,10,1,1,6,2,77,11,505,1,7,-1,2,-1
2015350201115,1,9,0,6,0,8,0,0,0,0,3,1,6,2,23,5,1149,1,11,-1,2,-1
2015350201115,2,19,0,18,0,8,0,0,0,0,1,1,1,1,35,6,1753,2,11,-1,1,-1
2015350201215,1,9,0,18,0,0,0,0,1,4,1,1,6,2,29,6,1198,1,12,-1,1,-1
2015350201315,1,9,0,4,0,0,0,0,0,0,2,1,1,1,32,6,1198,1,3,-1,3,-1
2015350201315,2,1,0,18,0,0,0,0,0,0,1,1,6,2,25,5,-1,-1,-1,-1,-1,-1
2015350201415,1,9,0,1,0,0,0,0,0,0,2,1,6,2,-1,-1,1997,2,5,-1,3,-1
2015350201415,2,9,0,3,0,0,0,0,0,0,1,1,6,2,38,7,1598,1,2,-1,1,-1
2015350201515,1,9,0,2,0,2,0,0,0,0,3,1,6,2,30,6,1686,2,8,-1,1,-1
2015350201515,2,1,0,14,0,2,0,8,0,0,4,1,6,1,45,7,-1,-1,-1,-1,1,-1
2015350201615,1,19,0,18,0,8,0,0,0,0,1,1,6,3,-1,-1,-1,-1,-1,-1,-1,-1
2015350201615,2,1,0,18,0,8,0,0,0,0,1,1,1,1,32,6,-1,-1,-1,-1,1,-1
2015350201715,1,9,0,13,0,0,0,0,0,0,3,1,6,1,40,7,-1,-1,-1,-1,1,-1
2015350201715,2,1,0,18,0,0,0,0,0,0,3,1,6,1,18,4,-1,-1,-1,-1,3,-1
2015350201815,1,1,0,5,0,6,2,0,0,0,2,1,2,1,53,8,-1,-1,-1,-1,1,-1
2015350201815,2,5,0,18,0,8,2,0,0,0,1,1,2,1,35,6,599,1,13,-1,1,-1
2015350201915,1,9,0,7,0,6,0,0,0,0,1,1,6,2,47,8,1242,1,1,-1,3,-1
2015350201915,2,1,0,18,0,8,0,0,0,0,1,1,1,2,26,6,-1,-1,-1,-1,1,-1
2015350202015,1,9,0,18,0,8,0,0,7,3,1,1,6,2,45,7,1596,1,10,-1,1,-1
2015350202115,1,9,0,12,0,0,0,0,0,0,3,1,6,1,-1,-1,1499,2,-1,-1,2,-1
2015350202115,2,5,0,13,0,0,0,0,0,0,1,1,6,1,44,7,-1,-1,-1,-1,1,-1
2015350202215,1,9,0,4,0,0,0,0,0,0,1,1,1,2,36,7,1796,1,11,-1,1,-1
2015350202215,2,9,0,4,0,0,0,0,0,0,2,1,1,1,63,9,-1,-1,-1,-1,1,-1
2015350202315,1,9,0,5,0,4,0,0,0,0,3,1,6,2,45,7,2799,1,16,-1,1,-1
2015350202315,2,1,0,18,0,8,0,0,0,0,1,1,1,1,38,7,-1,-1,-1,-1,2,-1
2015350202415,1,9,0,7,0,5,0,0,0,0,4,1,6,3,-1,-1,2967,2,5,-1,-1,-1
2015350202415,2,1,0,18,0,8,0,0,0,0,3,1,6,1,12,3,-1,-1,-1,-1,1,-1
2015350202515,1,19,0,6,0,0,0,0,0,0,0,1,6,1,20,4,1248,2,8,-1,1,-1
2015350202515,2,9,0,18,0,0,1,0,7,9,2,1,6,2,35,6,1587,1,12,-1,3,-1
2015350202615,1,9,0,4,0,0,0,0,0,0,1,1,6,1,-1,-1,2188,2,17,-1,1,-1
2015350202615,2,9,0,3,0,0,0,0,0,0,2,1,6,1,42,7,1998,1,8,-1,1,-1
2015350202615,3,9,0,3,0,0,0,0,0,0,2,1,6,1,37,7,1753,2,8,-1,1,-1
2015350202715,1,9,0,7,0,5,0,0,0,0,4,1,6,1,30,6,2500,2,20,-1,1,-1
2015350202715,2,1,0,18,0,8,0,0,0,0,3,1,6,1,41,7,-1,-1,-1,-1,3,-1
2015350202815,1,5,0,13,0,0,0,0,0,0,1,1,6,1,40,7,1198,1,6,-1,1,-1
2015350202815,2,9,0,18,0,0,0,0,0,0,3,1,6,1,58,9,1399,2,8,-1,1,-1
2015350202915,1,9,0,13,0,0,0,0,0,0,3,1,2,1,57,9,3000,1,8,-1,2,-1
2015350203015,1,9,0,4,0,1,1,0,0,0,1,1,6,1,19,4,1199,1,13,-1,1,-1
2015350203015,2,9,0,3,0,1,0,0,0,0,2,1,6,2,30,6,1598,1,9,-1,1,-1
2015350203115,1,9,0,18,0,2,0,0,0,0,1,1,6,1,30,6,1363,2,11,-1,1,-1
2015350203215,1,9,0,17,0,1,1,0,0,0,1,1,6,1,35,6,1598,2,2,-1,1,-1
2015350203215,2,9,0,4,0,1,0,0,0,0,2,1,6,2,62,9,1242,1,2,-1,1,-1
2015350203315,1,9,0,1,0,0,0,10,1,1,2,1,6,2,19,4,1198,1,5,-1,1,-1
2015350203315,2,9,0,17,0,0,0,0,0,0,0,1,6,1,21,5,2799,1,14,-1,1,-1
2015350203415,1,9,0,7,0,4,0,0,0,0,1,1,6,1,75,10,-1,-1,-1,-1,1,-1
2015350203515,1,9,0,18,0,0,0,0,0,0,1,1,2,1,21,5,1968,2,-1,-1,1,-1
2015350203515,2,9,0,4,0,0,0,0,0,0,2,1,2,1,53,8,1968,2,1,-1,1,-1
2015350203615,1,9,0,16,0,0,1,0,1,10,4,1,6,1,45,7,-1,-1,-1,-1,1,-1
2015350203715,1,9,0,9,0,6,0,0,0,0,3,1,6,1,50,8,1199,2,4,-1,2,-1
2015350203715,2,9,0,18,0,8,0,0,0,0,1,1,2,1,19,4,1242,1,12,-1,1,-1
2015350203815,1,21,1,18,0,0,0,0,5,6,2,1,1,1,35,6,12900,2,3,-1,3,-1
2015350203815,2,21,1,18,0,0,3,0,0,0,1,1,1,1,46,8,12740,2,1,-1,1,-1
2015350203915,1,10,0,4,0,1,0,0,0,0,1,1,1,1,28,6,-1,-1,-1,-1,1,-1
2015350203915,2,19,0,4,0,1,0,0,0,0,2,1,1,1,57,9,2198,2,2,-1,2,-1
2015350204015,1,9,0,9,0,5,0,0,0,0,1,1,3,2,43,7,4398,1,9,-1,-1,-1
2015350204015,2,1,0,18,0,8,0,0,0,0,3,1,6,1,24,5,-1,-1,-1,-1,2,-1
2015350204115,1,9,0,18,0,2,0,0,0,0,1,1,6,2,72,10,-1,-1,-1,-1,2,-1
2015350204115,2,9,0,18,0,1,0,0,0,0,1,1,2,2,23,5,1242,1,11,-1,1,-1
2015350204215,1,9,0,18,0,0,0,0,0,0,1,1,6,1,25,5,-1,-1,-1,-1,-1,-1
2015350204315,1,21,1,5,0,4,0,0,0,0,3,1,1,1,51,8,-1,-1,-1,-1,2,-1
2015350204315,2,5,0,18,0,8,1,0,0,0,1,1,2,1,29,6,798,1,7,-1,1,-1
2015350204415,1,5,0,18,0,1,0,0,0,0,1,1,2,1,33,6,599,1,3,-1,2,-1
2015350204415,2,9,0,18,0,1,0,0,0,0,2,1,2,1,35,6,1968,2,1,-1,3,-1
2015350204515,1,9,0,7,0,5,1,0,4,7,1,1,2,2,32,6,998,1,8,-1,-1,-1
2015350204615,1,9,0,9,0,6,0,0,0,0,1,1,6,1,70,10,1596,1,1,-1,1,-1
2015350204615,2,3,0,14,0,8,0,0,0,0,4,1,6,1,17,4,125,1,8,-1,1,-1
2015350204715,1,9,0,18,0,0,0,0,0,0,1,1,3,2,24,5,1398,2,13,-1,2,-1
2015350204715,2,1,0,4,0,0,2,0,0,0,1,1,4,2,12,3,-1,-1,-1,-1,1,-1
2015350204815,1,9,0,18,0,0,5,0,0,7,1,1,6,1,21,5,1896,2,12,-1,1,-1
2015350204815,2,21,1,18,0,0,0,0,0,0,2,1,1,1,47,8,-1,-1,-1,-1,-1,-1
2015350204915,1,9,0,13,0,0,1,0,7,10,3,1,2,1,25,5,1229,1,2,-1,1,-1
2015350205015,1,9,0,16,0,0,0,0,0,0,1,1,6,1,41,7,1998,2,1,-1,3,-1
2015350205015,2,9,0,17,0,0,0,0,0,0,1,1,6,2,40,7,1560,2,8,-1,2,-1
2015350205115,1,9,0,9,0,5,0,0,0,0,1,1,6,2,-1,-1,1242,1,7,-1,1,-1
2015350205115,2,1,0,18,9,8,0,0,0,0,3,1,6,1,22,5,-1,-1,-1,-1,1,-1
2015350205215,1,9,0,13,0,8,0,0,0,0,1,1,2,1,35,6,998,1,15,-1,1,-1
2015350205215,2,19,0,6,0,8,0,0,0,0,3,1,1,1,27,6,2143,2,-1,-1,1,-1
2015350205315,1,9,0,9,0,6,0,0,0,0,3,1,6,2,43,7,1686,2,10,-1,1,-1
2015350205315,2,1,0,18,0,8,0,0,0,0,4,1,6,1,20,4,-1,-1,-1,-1,1,-1
2015350205415,1,9,0,5,0,0,0,0,0,0,1,1,1,2,38,7,1969,2,1,-1,2,-1
2015350205415,2,19,0,3,0,0,0,0,0,0,2,1,1,1,36,7,2299,2,-1,-1,2,-1
2015350205515,1,9,0,18,0,0,0,0,0,0,1,1,6,1,38,7,1995,2,16,-1,1,-1
2015350205515,2,9,0,3,0,0,0,0,0,0,2,1,6,1,38,7,1598,1,6,-1,2,-1
2015350205515,3,9,0,3,0,0,0,0,0,0,2,1,6,1,-1,-1,1998,1,12,-1,2,-1
2015350205615,1,9,0,18,0,4,0,0,0,0,1,1,6,1,73,10,1598,1,2,-1,3,-1
2015350205615,2,1,0,18,0,8,0,0,0,0,2,1,6,2,49,8,-1,-1,-1,-1,3,-1
2015350205715,1,21,1,12,0,0,0,0,0,0,3,2,1,1,42,7,-1,-1,-1,-1,-1,-1
2015350205715,2,9,0,18,0,0,1,0,1,9,4,1,6,2,19,4,1360,1,10,-1,1,-1
2015350205815,1,9,0,9,0,5,0,0,0,0,4,1,6,1,19,4,1242,1,1,-1,1,-1
2015350205815,2,9,0,18,0,1,0,0,0,0,1,1,6,2,21,5,1598,1,8,-1,1,-1
2015350205915,1,9,0,18,0,0,1,0,0,0,1,1,1,1,22,5,995,1,16,-1,2,-1
2015350205915,2,9,0,4,0,0,0,0,0,0,2,1,3,2,71,10,1598,1,7,-1,2,-1
2015350206015,1,9,0,9,0,2,0,0,0,0,1,1,6,2,37,7,1896,2,8,-1,1,-1
2015350206015,2,9,0,18,0,1,0,0,1,9,1,1,6,2,44,7,-1,-1,-1,-1,-1,-1
2015350206115,1,9,0,18,0,0,0,0,0,0,1,1,6,1,63,9,1493,2,12,-1,2,-1
2015350206115,2,1,0,18,0,0,0,0,1,0,2,1,6,1,46,8,-1,-1,-1,-1,3,-1
2015350206215,1,9,0,18,0,1,0,0,0,0,1,1,3,1,18,4,1198,1,3,-1,2,-1
2015350206215,2,9,0,10,0,8,0,0,0,0,2,1,1,1,56,9,1796,1,1,-1,1,-1
2015350206215,3,9,0,10,0,8,0,0,0,0,2,1,1,1,54,8,1968,2,1,-1,1,-1
2015350206315,1,9,0,18,0,0,0,0,7,2,1,1,6,1,23,5,1956,2,3,-1,1,-1
2015350206415,1,9,0,18,0,1,0,0,0,0,1,1,6,1,27,6,1560,2,-1,-1,1,-1
2015350206415,2,9,0,18,0,8,0,0,0,0,1,1,6,1,23,5,1360,1,13,-1,1,-1
2015350206415,3,9,0,18,0,6,0,0,0,0,4,1,6,2,50,8,1590,1,14,-1,1,-1
2015350206515,1,9,0,18,0,8,0,7,0,0,1,1,6,1,68,10,1598,1,14,-1,1,-1
2015350206515,2,9,0,5,0,6,0,0,0,0,1,1,6,2,19,4,1124,1,14,-1,1,-1
2015350206615,1,9,0,1,0,0,0,0,0,0,2,1,6,1,76,11,1761,1,17,-1,2,-1
2015350206615,2,90,0,18,0,0,0,0,0,0,1,1,6,1,80,11,-1,-1,-1,-1,2,-1
2015350207015,1,9,0,18,0,0,0,0,0,0,1,1,6,1,37,7,1995,2,11,-1,1,-1
2015350207115,1,9,0,18,0,4,1,0,0,0,1,1,6,1,37,7,-1,-1,-1,-1,1,-1
2015350207115,2,9,0,18,0,8,0,0,0,0,4,1,6,2,27,6,1242,1,1,-1,1,-1
2015350207215,1,9,0,13,0,8,0,0,0,0,1,1,2,1,46,8,1242,1,8,-1,1,-1
2015350207215,2,1,0,11,0,1,2,0,0,0,3,1,4,2,19,4,-1,-1,-1,-1,1,-1
2015350207315,1,9,0,4,0,0,5,4,0,0,1,1,6,1,19,4,1199,1,13,-1,2,-1
2015350207315,2,9,0,4,0,0,0,4,0,0,4,1,2,1,31,6,1584,1,12,-1,2,-1
2015350207315,3,9,0,2,0,0,0,0,0,0,2,1,6,2,27,6,1461,2,4,-1,2,-1
2015350207415,1,9,0,9,0,6,0,0,0,0,3,1,6,1,70,10,1796,1,12,-1,1,-1
2015350207415,2,1,0,18,0,8,0,0,0,0,1,1,2,1,55,8,-1,-1,-1,-1,1,-1
2015350207515,1,8,0,5,8,2,0,0,0,0,1,1,1,1,41,7,2143,2,2,-1,1,-1
2015350207515,2,1,0,17,4,2,2,0,0,0,1,1,2,2,50,8,-1,-1,-1,-1,1,-1
2015350207615,1,20,1,18,0,1,0,0,0,0,1,1,1,1,30,6,-1,-1,-1,-1,1,-1
2015350207615,2,9,0,4,0,1,0,0,0,0,2,1,6,1,84,11,1689,2,11,-1,2,-1
2015350207715,1,9,0,16,0,0,1,0,0,0,1,2,3,1,53,8,-1,-1,-1,-1,-1,-1
2015350207715,2,9,0,17,0,0,0,0,0,0,4,1,3,1,39,7,1587,1,12,-1,1,-1
2015350207715,3,9,0,4,0,0,0,0,0,0,2,1,3,2,48,8,1999,1,8,-1,1,-1
2015350207715,4,9,0,18,0,0,0,0,0,0,1,1,6,3,-1,-1,-1,-1,-1,-1,-1,-1
2015350207815,1,9,0,16,0,0,0,0,7,0,1,1,6,1,50,8,-1,-1,-1,-1,1,-1
2015350207815,2,4,0,17,0,0,0,0,1,0,1,1,6,1,20,4,125,1,13,-1,1,-1
2015350207915,1,9,0,5,0,6,0,0,0,0,1,1,2,1,41,7,2720,2,9,-1,2,-1
2015350207915,2,19,0,3,0,6,0,0,0,0,2,1,1,2,52,8,2402,2,14,-1,1,-1
2015350208115,1,9,0,3,0,0,0,0,0,0,2,1,6,2,35,6,1995,2,2,-1,1,-1
2015350208115,2,9,0,18,0,0,0,0,0,0,1,1,6,1,76,11,1364,1,-1,-1,1,-1
2015350208215,1,9,0,18,0,4,0,9,8,1,1,1,6,2,27,6,1560,2,7,-1,1,-1
2015350208315,1,9,0,18,0,0,0,0,0,0,1,1,6,1,39,7,998,1,1,-1,2,-1
2015350208315,2,1,0,18,0,0,0,0,0,0,1,1,4,2,12,3,-1,-1,-1,-1,1,-1
2015350208415,1,9,0,18,0,0,5,0,1,9,1,1,6,1,25,5,1360,1,12,-1,3,-1
2015350208515,1,9,0,13,0,1,0,7,1,4,3,1,6,1,71,10,1461,2,5,-1,1,-1
2015350208615,1,21,1,18,0,0,1,0,0,0,1,2,1,1,29,6,-1,-1,-1,-1,1,-1
2015350208615,2,21,1,3,0,0,0,0,0,0,2,1,1,1,52,8,10837,2,2,-1,1,-1
2015350208715,1,9,0,18,0,4,0,0,0,0,1,1,6,2,28,6,-1,-1,-1,-1,3,-1
2015350208715,2,1,0,18,0,8,0,0,0,0,4,1,6,1,34,6,-1,-1,-1,-1,1,-1
2015350208915,1,9,0,9,0,5,0,0,0,0,1,1,2,1,44,7,1598,1,11,-1,1,-1
2015350209015,1,9,0,5,0,6,0,0,0,0,1,1,6,1,25,5,-1,-1,-1,-1,-1,-1
2015350209015,2,1,0,4,0,8,0,0,0,0,2,1,6,1,30,6,-1,-1,-1,-1,1,-1
2015350209015,3,9,0,4,0,8,0,0,0,0,1,1,6,1,-1,-1,-1,-1,-1,-1,-1,-1
2015350209115,1,9,0,18,0,0,0,0,1,4,1,1,6,1,20,4,1388,1,11,-1,2,-1
2015350209215,1,1,0,14,0,0,0,0,0,0,1,1,6,1,20,4,-1,-1,-1,-1,1,-1
2015350209215,2,9,0,2,0,0,0,0,0,0,3,1,1,2,45,7,1149,1,10,-1,1,-1
2015350209315,1,9,0,18,0,0,0,4,0,0,1,1,6,1,-1,-1,1796,1,13,-1,-1,-1
2015350209315,2,19,0,2,0,0,0,0,0,0,2,1,6,1,40,7,2402,2,6,-1,-1,-1
2015350209415,1,9,0,13,0,8,0,0,0,0,4,1,6,2,43,7,2993,2,10,-1,2,-1
2015350209415,2,9,0,9,0,6,0,0,0,0,3,1,1,1,36,7,999,1,1,-1,2,-1
2015350209615,1,9,0,18,0,1,0,0,0,0,1,1,6,3,-1,-1,-1,-1,-1,-1,-1,-1
2015350209715,1,9,0,18,0,7,0,0,0,0,1,1,6,2,46,8,1796,1,11,-1,3,-1
2015350209715,2,9,0,18,0,7,0,0,0,0,1,1,6,2,31,6,1587,1,14,-1,2,-1
2015350209715,3,19,0,4,0,7,0,0,0,0,2,1,1,1,32,6,2198,2,2,-1,2,-1
2015350209815,1,9,0,9,0,6,0,0,0,0,3,1,6,1,55,8,1896,2,12,-1,3,-1
2015350209815,2,5,0,18,0,8,0,0,0,0,1,1,6,1,54,8,645,1,16,-1,1,-1
2015350209915,1,19,0,4,0,1,1,0,0,0,1,1,2,1,23,5,1995,2,2,-1,1,-1
2015350209915,2,9,0,4,0,1,0,0,0,0,2,1,6,2,31,6,1396,1,4,-1,3,-1
2015350209915,3,9,0,4,0,1,0,0,0,0,2,1,6,1,69,10,1595,1,1,-1,1,-1
2015350210015,1,9,0,18,0,0,0,0,0,0,1,1,6,1,17,4,1199,1,12,-1,1,-1