Accident_Index,Vehicle_Reference,Vehicle_Type,Towing_and_Articulation,Vehicle_Manoeuvre,Vehicle_Location-Restricted_Lane,Junction_Location,Skidding_and_Overturning,Hit_Object_in_Carriageway,Vehicle_Leaving_Carriageway,Hit_Object_off_Carriageway,1st_Point_of_Impact,Was_Vehicle_Left_Hand_Drive?,Journey_Purpose_of_Driver,Sex_of_Driver,Age_of_Driver,Age_Band_of_Driver,Engine_Capacity_(CC),Propulsion_Code,Age_of_Vehicle,Driver_IMD_Decile,Driver_Home_Area_Type,Vehicle_IMD_Decile
2015360088817,2,1,0,18,0,8,0,0,0,0,1,1,6,1,53,8,-1,-1,-1,-1,2,-1
2015360088827,1,9,0,7,0,5,0,0,0,0,4,1,6,2,45,7,1598,2,4,-1,3,-1
2015360088827,2,1,0,18,5,8,0,0,0,0,1,1,6,1,46,8,-1,-1,-1,-1,1,-1
2015360088832,1,9,0,14,0,0,0,0,0,0,1,1,2,2,21,5,973,1,13,-1,1,-1
2015360088833,1,9,0,9,0,5,0,0,0,0,1,1,2,2,59,9,1598,1,4,-1,2,-1
2015360088833,2,1,0,18,0,8,0,0,0,0,1,1,6,1,30,6,-1,-1,-1,-1,-1,-1
2015360088834,1,9,0,18,0,6,1,0,3,1,1,1,2,1,27,6,1998,1,6,-1,2,-1
2015360088834,2,9,0,18,0,8,1,0,0,0,3,1,6,1,68,10,-1,-1,-1,-1,3,-1
2015360088834,3,9,0,18,0,1,0,0,0,0,0,1,1,1,35,6,1560,2,1,-1,1,-1
2015360088835,1,9,0,18,0,0,0,0,0,0,1,1,6,2,75,10,1598,1,10,-1,1,-1
2015360088836,1,9,0,16,0,0,1,0,7,4,1,1,6,1,23,5,1587,1,14,-1,2,-1
2015360088839,1,19,0,18,0,0,0,0,0,0,4,1,6,3,-1,-1,-1,-1,-1,-1,-1,-1
2015360088840,1,9,0,18,0,8,0,0,0,0,1,1,6,2,70,10,1364,1,6,-1,1,-1
2015360088840,2,9,0,10,0,8,0,0,0,0,2,1,6,2,39,7,-1,-1,-1,-1,3,-1
2015360088843,1,19,0,4,0,1,0,0,0,0,1,1,1,1,34,6,2999,2,8,-1,2,-1
2015360088843,2,9,0,3,0,1,0,0,0,0,2,1,6,1,68,10,-1,-1,-1,-1,3,-1
2015360088843,3,9,0,3,0,1,0,0,0,0,2,1,6,2,50,8,998,1,2,-1,2,-1
2015360088843,4,9,0,10,0,8,0,0,0,0,2,1,6,1,80,11,2993,2,4,-1,2,-1
2015360088856,1,9,0,18,0,0,1,12,0,0,1,1,1,1,24,5,1956,2,6,-1,1,-1
2015360088860,1,8,0,17,0,8,1,0,7,4,1,1,1,1,59,9,1560,2,2,-1,1,-1
2015360088865,1,9,0,4,0,4,0,0,3,4,1,1,6,1,51,8,2967,2,7,-1,1,-1
2015360088870,1,21,0,18,0,0,2,0,0,0,3,1,1,1,26,6,11021,2,12,-1,1,-1
2015360088874,1,8,0,5,6,0,0,0,0,0,4,1,1,1,68,10,2499,2,8,-1,3,-1
2015360088876,1,9,0,13,0,0,5,0,7,0,1,1,6,1,27,6,1587,1,18,-1,2,-1
2015360088885,1,9,0,18,0,1,0,0,0,0,1,1,6,2,33,6,-1,-1,-1,-1,3,-1
2015360088885,2,9,0,4,0,1,0,0,0,0,2,1,6,1,58,9,2987,2,9,-1,3,-1
2015360088891,1,9,0,7,0,6,0,0,0,0,3,1,6,1,45,7,-1,-1,-1,-1,-1,-1
2015360088891,2,22,0,18,9,8,0,0,0,0,1,1,6,2,68,10,-1,-1,-1,-1,1,-1
2015360088898,1,9,0,7,0,6,0,0,0,0,0,1,6,3,-1,-1,1388,1,6,-1,-1,-1
2015360088898,2,3,0,18,0,8,1,0,0,0,1,1,2,2,21,5,114,1,1,-1,1,-1
2015360088901,1,9,0,18,0,0,0,4,0,0,1,1,2,1,40,7,1392,1,19,-1,1,-1
2015360088901,2,9,0,2,0,0,0,0,0,0,2,1,1,1,50,8,1968,2,2,-1,-1,-1
2015360088905,1,11,0,4,0,1,0,0,0,0,0,1,1,1,51,8,7300,2,13,-1,1,-1
2015360088917,1,9,0,18,0,1,0,0,0,0,4,1,6,2,30,6,-1,-1,-1,-1,-1,-1
2015360088919,1,9,0,4,0,0,0,0,0,0,1,1,6,1,-1,-1,1896,2,13,-1,-1,-1
2015360088919,2,9,0,2,0,0,0,0,0,0,2,1,6,1,47,8,1896,2,14,-1,1,-1
2015360088921,1,9,0,18,0,4,1,0,3,1,1,1,1,2,23,5,998,1,13,-1,3,-1
2015360088924,1,9,0,7,0,7,0,0,0,0,3,1,6,1,60,9,1998,2,8,-1,3,-1
2015360088924,2,1,0,18,0,8,0,0,0,0,1,1,6,1,30,6,-1,-1,-1,-1,-1,-1
2015360088938,1,3,0,18,2,0,0,0,0,0,3,1,2,1,18,4,124,1,2,-1,1,-1
2015360088945,1,9,0,18,0,2,2,0,1,10,1,1,6,1,17,4,-1,-1,-1,-1,3,-1
2015360088953,1,9,0,13,0,0,2,10,1,10,4,1,6,1,49,8,1390,1,18,-1,2,-1
2015360088965,1,9,0,17,0,2,1,0,7,0,1,1,1,2,34,6,1399,1,11,-1,3,-1
2015360088965,2,9,0,17,0,2,0,0,0,0,0,1,6,3,-1,-1,-1,-1,-1,-1,-1,-1
2015360088991,1,11,0,4,0,0,0,0,0,0,1,1,1,1,58,9,12000,2,6,-1,1,-1
2015360088991,2,11,0,4,0,0,0,0,0,0,2,1,1,1,55,8,12816,5,3,-1,3,-1
2015360089000,1,9,0,13,0,0,0,0,0,0,4,1,6,3,-1,-1,-1,-1,-1,-1,-1,-1
2015360089000,2,1,0,18,0,0,0,0,0,0,3,1,6,1,45,7,-1,-1,-1,-1,2,-1
2015360089007,1,9,0,4,0,1,0,0,0,0,1,1,6,1,53,8,1796,1,12,-1,1,-1
2015360089007,2,1,0,4,0,1,0,0,0,0,2,1,6,1,24,5,-1,-1,-1,-1,1,-1
2015360089023,1,9,0,9,0,6,0,0,0,0,0,1,6,3,-1,-1,-1,-1,-1,-1,-1,-1
2015360089023,2,9,0,18,0,1,0,0,0,0,0,1,3,1,54,8,1968,2,1,-1,3,-1
2015360089024,1,2,0,5,0,6,0,0,0,0,0,1,6,3,-1,-1,-1,-1,-1,-1,-1,-1
2015360089024,2,11,0,4,0,1,0,0,0,0,0,1,1,1,62,9,9360,2,7,-1,2,-1
2015360089026,1,1,0,14,0,0,0,0,0,0,3,1,6,2,57,9,-1,-1,-1,-1,1,-1
2015360089026,2,11,0,13,0,0,0,0,0,0,4,1,1,1,40,7,9200,2,12,-1,-1,-1
2015360089041,1,9,0,18,0,0,1,0,7,0,3,1,6,1,25,5,-1,-1,-1,-1,2,-1
2015360089041,2,9,0,18,0,0,1,0,7,4,3,1,6,2,32,6,1400,1,15,-1,1,-1
2015360089041,3,9,0,18,0,0,0,0,0,0,0,1,6,1,18,4,1598,1,10,-1,3,-1
2015360089043,1,9,0,17,0,0,2,6,1,10,1,1,2,1,34,6,-1,-1,-1,-1,3,-1
2015360089047,1,9,0,4,0,0,0,0,0,0,1,1,6,1,42,7,1598,1,11,-1,1,-1
2015360089047,2,9,0,3,0,0,0,0,0,0,2,1,6,1,21,5,1248,2,-1,-1,1,-1
2015360089047,3,10,0,3,0,0,0,0,0,0,2,1,1,2,43,7,2402,2,12,-1,1,-1
2015360089049,1,4,0,13,0,8,1,0,0,0,1,1,6,1,36,7,883,1,13,-1,1,-1
2015360089049,2,9,0,9,0,5,0,0,0,0,1,1,6,1,67,10,1796,1,10,-1,1,-1
2015360089052,1,9,0,13,0,0,1,0,7,4,1,1,2,1,39,7,-1,-1,-1,-1,-1,-1
2015360089052,2,9,0,18,0,0,0,0,0,0,3,1,2,1,21,5,1910,2,8,-1,3,-1
2015360089052,3,9,0,18,0,0,0,0,1,0,2,1,2,2,54,8,2204,2,4,-1,3,-1
2015360089053,1,9,0,9,0,6,0,0,0,0,1,1,6,1,45,7,1588,1,15,-1,1,-1
2015360089053,2,2,0,18,0,8,0,0,0,0,1,1,6,1,19,4,125,1,5,-1,1,-1
2015360089054,1,9,0,9,8,6,0,0,0,0,3,1,6,1,24,5,1998,1,12,-1,1,-1
2015360089054,2,9,0,13,0,8,0,0,0,0,1,1,6,2,84,11,1339,1,9,-1,3,-1
2015360089054,3,1,0,18,0,1,0,0,0,0,0,1,6,1,31,6,-1,-1,-1,-1,2,-1
2015360089057,1,9,0,18,0,0,0,0,0,0,1,1,6,1,19,4,-1,-1,-1,-1,1,-1
2015360089057,2,9,0,18,0,0,0,0,0,0,0,1,6,1,50,8,1991,2,9,-1,2,-1
2015360089057,3,9,0,18,0,0,0,0,0,0,1,1,6,1,48,8,-1,-1,-1,-1,2,-1
2015360089059,1,9,0,18,0,0,1,0,0,0,1,1,6,1,52,8,1997,2,14,-1,1,-1
2015360089059,2,9,0,18,0,0,0,0,0,0,1,1,6,1,37,7,1598,2,3,-1,3,-1
2015360089061,1,11,0,18,0,0,0,0,0,0,1,1,1,1,-1,-1,8268,2,13,-1,-1,-1
2015360089062,1,21,0,4,0,0,0,0,0,0,1,1,1,1,50,8,3920,2,10,-1,3,-1
2015360089062,2,9,0,3,0,0,0,0,0,0,2,1,6,1,67,10,1198,1,1,-1,1,-1
2015360089062,3,9,0,3,0,0,0,0,0,0,2,1,6,1,50,8,1560,2,5,-1,1,-1
2015360089065,1,9,0,9,0,5,0,0,0,0,1,1,6,2,25,5,1781,1,12,-1,1,-1
2015360089065,2,9,0,18,0,8,0,0,0,0,1,1,6,1,54,8,-1,-1,-1,-1,1,-1
2015360089068,1,9,0,18,0,4,0,0,0,0,3,1,2,1,30,6,998,1,6,-1,1,-1
2015360089068,2,3,0,18,0,8,1,0,0,0,1,1,2,1,44,7,124,1,13,-1,2,-1
2015360089087,1,9,0,17,0,0,5,0,1,3,3,1,6,1,21,5,1769,2,19,-1,3,-1
2015360089089,1,3,0,17,0,0,1,0,1,0,1,1,6,1,18,4,125,1,10,-1,1,-1
2015360089122,1,9,0,18,0,8,0,0,7,1,1,1,6,2,68,10,3248,1,17,-1,1,-1
2015360089122,2,9,0,5,0,4,0,0,0,0,3,1,6,2,17,4,973,1,14,-1,3,-1
2015360089129,1,11,0,18,0,8,0,0,0,0,4,1,1,1,64,9,8268,2,14,-1,1,-1
2015360089132,1,90,0,18,0,6,0,0,0,0,1,1,1,1,48,8,2987,2,4,-1,1,-1
2015360089132,2,9,0,18,0,8,0,0,0,0,3,1,2,2,41,7,1242,1,17,-1,1,-1
2015360089136,1,19,0,18,0,1,0,0,7,0,1,1,1,1,40,7,-1,-1,-1,-1,2,-1
2015360089136,2,9,0,3,0,1,0,0,1,0,2,1,6,1,35,6,1422,2,12,-1,-1,-1
2015360089136,3,9,0,18,0,2,0,0,1,0,1,1,6,2,57,9,1598,1,3,-1,1,-1
2015360089139,1,8,0,4,0,8,0,0,0,0,1,1,1,1,50,8,1797,8,5,-1,-1,-1
2015360089139,2,9,0,3,0,8,0,0,0,0,2,1,6,1,45,7,-1,-1,-1,-1,-1,-1
2015360089145,1,9,0,13,0,0,0,0,0,0,4,1,6,3,-1,-1,-1,-1,-1,-1,-1,-1
2015360089145,2,1,0,18,0,0,0,0,0,0,3,1,6,1,22,5,-1,-1,-1,-1,2,-1
2015360089173,1,9,0,5,0,6,0,0,3,11,1,1,6,1,35,6,1598,1,12,-1,1,-1
2015360089178,1,9,0,18,0,1,0,0,0,0,1,1,1,1,28,6,1598,2,1,-1,1,-1
2015360089178,2,9,0,3,0,8,0,0,0,0,2,1,2,2,26,6,-1,-1,-1,-1,1,-1
2015360089178,3,19,0,10,0,8,0,0,0,0,2,1,1,1,62,9,2488,2,6,-1,-1,-1
2015360089195,1,9,0,4,0,0,0,0,0,0,1,1,2,1,36,7,-1,-1,-1,-1,1,-1
2015360089195,2,9,0,4,0,0,0,0,0,0,2,1,6,1,31,6,1995,2,2,-1,1,-1
2015360089202,1,9,0,17,0,0,2,0,0,0,4,1,6,1,41,7,-1,-1,-1,-1,3,-1
2015360089213,1,9,0,18,0,1,0,0,0,0,1,1,6,2,31,6,1910,2,6,-1,2,-1
2015360089213,2,9,0,4,0,1,0,0,0,0,2,1,6,2,40,7,1956,2,6,-1,3,-1
2015360089216,1,9,0,17,0,1,5,0,1,4,1,1,6,2,51,8,-1,-1,-1,-1,2,-1
2015360089218,1,9,0,18,0,6,0,0,3,0,3,1,1,1,22,5,1749,1,13,-1,1,-1
2015360089218,2,9,0,18,0,8,0,0,7,0,1,1,2,2,42,7,1896,2,14,-1,3,-1
2015360089218,3,9,0,2,0,1,0,0,0,0,1,1,6,3,-1,-1,2435,1,10,-1,-1,-1
2015360089219,1,5,0,18,0,1,0,0,0,0,1,1,6,1,59,9,-1,-1,-1,-1,2,-1
2015360089219,2,9,0,3,0,1,0,0,0,0,2,1,6,2,44,7,1400,2,6,-1,3,-1
2015360089220,1,9,0,18,0,1,0,0,0,0,1,1,2,1,48,8,-1,-1,-1,-1,1,-1
2015360089220,2,9,0,10,0,8,0,0,0,0,2,1,2,1,39,7,-1,-1,-1,-1,3,-1
2015360089224,1,9,0,13,0,0,2,0,7,11,1,1,6,1,26,6,1229,1,7,-1,1,-1
2015360089224,2,9,0,18,0,0,0,0,1,11,2,1,6,2,20,4,1198,1,7,-1,1,-1
2015360089226,1,9,0,4,0,1,1,0,0,0,1,1,2,1,31,6,1797,8,1,-1,-1,-1
2015360089226,2,9,0,3,0,1,0,0,0,0,2,1,2,1,42,7,1461,2,5,-1,1,-1
2015360089232,1,9,0,4,0,0,0,0,0,0,1,1,1,1,29,6,1405,1,11,-1,1,-1
2015360089232,2,9,0,4,0,0,0,0,0,0,2,1,1,2,29,6,1248,2,4,-1,1,-1
2015360089232,3,9,0,4,0,0,0,0,0,0,2,1,1,1,43,7,-1,-1,-1,-1,3,-1
2015360089239,1,9,0,4,0,0,0,0,0,0,2,1,6,3,-1,-1,-1,-1,-1,-1,-1,-1
2015360089239,2,9,0,11,0,0,0,0,0,0,1,1,6,1,34,6,2967,2,9,-1,1,-1
2015360089246,1,9,0,18,0,1,0,0,0,0,1,1,6,2,36,7,1242,1,13,-1,1,-1
2015360089246,2,9,0,5,0,1,0,0,0,0,2,1,3,2,36,7,1596,1,12,-1,1,-1
2015360089251,1,9,0,5,0,6,0,0,0,0,3,1,6,1,78,11,2720,2,8,-1,1,-1
2015360089251,2,5,0,18,0,8,0,0,0,0,1,1,6,1,45,7,942,1,2,-1,1,-1
2015360089252,1,9,0,16,0,0,2,0,1,10,3,1,6,2,76,11,-1,-1,-1,-1,1,-1
2015360089255,1,9,0,18,6,0,0,4,0,0,1,1,6,1,53,8,1798,1,3,-1,3,-1
2015360089255,2,21,1,2,6,0,0,0,0,0,2,1,1,1,56,9,12900,2,4,-1,1,-1
2015360089261,1,9,0,18,0,2,0,0,0,0,4,1,6,1,84,11,1461,2,4,-1,3,-1
2015360089284,1,9,0,9,0,8,0,0,0,0,1,1,6,1,29,6,1150,1,11,-1,1,-1
2015360089284,2,2,0,18,0,8,0,0,0,0,3,1,6,1,42,7,125,1,29,-1,1,-1
2015360089285,1,9,0,9,0,6,0,0,0,0,3,1,6,1,23,5,1850,1,14,-1,1,-1
2015360089285,2,9,0,18,0,8,0,0,0,0,1,1,1,2,23,5,1598,1,10,-1,3,-1
2015360089295,1,11,0,5,0,0,0,0,0,0,0,1,1,1,49,8,9000,2,12,-1,2,-1
2015360089312,1,9,0,18,0,0,2,0,1,0,1,1,6,2,23,5,1596,1,5,-1,1,-1
2015360089315,1,9,0,12,0,1,0,0,0,0,3,1,1,1,24,5,-1,-1,-1,-1,2,-1
2015360089315,2,1,0,18,0,1,0,0,0,0,1,1,6,1,47,8,-1,-1,-1,-1,1,-1
2015360089326,1,9,0,13,0,8,0,0,7,11,1,1,6,1,48,8,1398,8,1,-1,3,-1
2015360089326,2,9,0,9,0,6,0,0,0,0,3,1,6,1,63,9,1968,2,5,-1,3,-1
2015360089329,1,9,0,7,0,2,0,0,0,0,3,1,6,2,65,9,1360,1,14,-1,3,-1
2015360089329,2,9,0,18,0,1,0,0,0,0,1,1,6,2,44,7,1896,2,11,-1,2,-1
2015360089329,3,9,0,4,0,1,0,0,0,0,2,1,6,2,27,6,998,1,9,-1,3,-1
2015360089335,1,2,0,18,0,0,0,4,0,0,1,1,6,1,16,4,49,1,9,-1,1,-1
2015360089335,2,9,0,2,0,0,0,0,0,0,2,1,6,1,-1,-1,1896,1,17,-1,1,-1
2015360089348,1,9,0,18,0,8,2,10,7,4,4,1,6,1,31,6,1598,1,16,-1,3,-1
2015360089348,2,9,0,5,0,6,0,0,0,0,0,1,6,1,48,8,1995,2,6,-1,1,-1
2015360089361,1,9,0,9,0,6,0,0,0,0,4,1,3,2,46,8,1968,2,5,-1,2,-1
2015360089366,1,9,0,18,0,8,0,0,0,0,1,1,6,3,-1,-1,1598,1,13,-1,-1,-1
2015360089366,2,9,0,3,0,8,0,0,0,0,2,1,6,2,45,7,1598,1,14,-1,1,-1
2015360089372,1,9,0,9,0,6,0,0,0,0,4,1,3,2,28,6,-1,-1,-1,-1,1,-1
2015360089372,2,9,0,18,0,8,0,0,0,0,1,1,3,1,33,6,1968,2,5,-1,1,-1
2015360089389,1,9,0,5,0,0,0,0,0,0,3,1,6,1,59,9,1398,1,14,-1,1,-1
2015360089389,2,9,0,18,0,0,0,0,0,0,4,1,6,2,24,5,1968,2,2,-1,1,-1
2015360089390,1,5,0,18,0,1,0,0,0,0,1,1,6,1,56,9,649,1,43,-1,1,-1
2015360089390,2,9,0,9,0,5,0,0,0,0,2,1,6,1,50,8,1198,1,12,-1,1,-1
2015360089392,1,9,0,18,0,8,1,0,0,0,1,1,6,2,22,5,1199,1,12,-1,1,-1
2015360089392,2,9,0,15,0,8,0,0,0,0,1,1,6,2,25,5,1796,1,17,-1,1,-1
2015360089392,3,21,1,9,0,5,0,0,0,0,0,1,1,1,69,10,10837,2,4,-1,-1,-1
2015360089393,1,9,0,18,0,0,0,4,1,10,1,1,6,1,24,5,-1,-1,-1,-1,1,-1
2015360089393,2,9,0,2,0,0,0,0,0,0,2,1,6,3,-1,-1,-1,-1,-1,-1,-1,-1
2015360089393,3,90,0,2,0,0,0,0,0,0,2,1,6,3,-1,-1,2500,2,30,-1,1,-1
2015360089394,1,9,0,13,0,0,0,0,0,0,1,1,6,1,-1,-1,-1,-1,-1,-1,-1,-1
2015360089394,2,3,0,18,0,0,0,0,0,0,3,1,2,1,23,5,124,1,-1,-1,3,-1
2015360089399,1,9,0,4,0,1,0,0,0,0,2,1,1,2,62,9,1242,1,8,-1,3,-1
2015360089399,2,19,0,4,0,1,0,0,0,0,1,1,1,2,28,6,1399,2,7,-1,3,-1
2015360089400,1,9,0,9,0,6,0,0,1,0,3,1,6,2,69,10,1399,1,5,-1,3,-1
2015360089400,2,9,0,18,0,8,0,0,7,0,1,1,6,1,47,8,1560,2,2,-1,1,-1
2015360089403,1,9,0,5,0,6,0,0,0,0,4,1,6,1,64,9,1596,1,12,-1,-1,-1
2015360089403,2,1,0,18,0,8,0,0,0,0,1,1,6,1,30,6,-1,-1,-1,-1,1,-1
2015360089415,1,9,0,12,0,0,0,0,0,0,2,1,6,1,44,7,2521,1,8,-1,1,-1
2015360089415,2,9,0,18,0,0,0,0,0,0,1,1,6,1,30,6,-1,-1,-1,-1,3,-1
2015360089415,3,9,0,18,0,0,0,0,0,0,1,1,6,1,30,6,1896,2,7,-1,3,-1
2015360089417,1,9,0,18,0,0,0,0,0,0,3,1,6,3,-1,-1,-1,-1,-1,-1,-1,-1
2015360089424,1,9,0,18,0,1,0,0,0,0,1,1,6,1,48,8,-1,-1,-1,-1,3,-1
2015360089424,2,4,0,10,0,8,0,0,0,0,2,1,6,1,29,6,234,1,7,-1,2,-1
2015360089427,1,9,0,9,0,6,0,0,0,0,3,1,6,1,79,11,1299,1,13,-1,1,-1
2015360089427,2,9,0,18,0,8,0,0,0,0,1,1,6,1,63,9,2401,2,10,-1,1,-1
2015360089428,1,9,0,18,0,0,0,0,0,0,4,1,6,1,86,11,1242,1,14,-1,1,-1
2015360089428,2,9,0,2,0,0,0,0,0,0,3,1,6,2,31,6,2231,2,9,-1,2,-1
2015360089440,1,9,0,9,0,5,0,0,0,0,1,1,6,1,78,11,-1,-1,-1,-1,2,-1
2015360089440,2,4,0,18,0,8,1,0,0,0,1,1,6,1,55,8,125,1,9,-1,2,-1
2015360089455,1,9,0,10,0,8,0,0,0,0,2,1,6,1,37,7,-1,-1,-1,-1,1,-1
2015360089455,2,9,0,4,0,1,0,0,0,0,2,1,6,2,33,6,1560,2,3,-1,1,-1
2015360089455,3,9,0,4,0,1,0,0,0,0,2,1,6,1,66,10,1598,1,4,-1,1,-1
2015360089455,4,9,0,4,0,1,0,0,0,0,1,1,6,1,67,10,1997,1,14,-1,1,-1
2015360089457,1,9,0,9,0,5,0,0,0,0,1,1,6,1,70,10,1560,2,3,-1,-1,-1
2015360089457,2,9,0,18,0,8,0,10,0,0,3,1,6,2,36,7,1198,1,9,-1,1,-1
2015360089461,1,9,0,9,0,6,0,0,0,0,1,1,6,2,86,11,1598,2,5,-1,2,-1
2015360089461,2,9,0,18,0,8,0,0,0,0,1,1,6,1,58,9,1995,2,5,-1,1,-1
2015360089464,1,9,0,18,0,0,0,0,0,0,4,1,6,2,76,11,1686,2,10,-1,1,-1
2015360089465,1,5,0,13,0,0,0,0,1,4,1,1,6,1,31,6,599,1,7,-1,2,-1
2015360089465,2,9,0,18,0,0,0,0,0,0,1,1,2,1,52,8,1968,2,5,-1,3,-1
2015360089467,1,9,0,18,0,4,0,0,0,0,3,1,1,1,77,11,-1,-1,-1,-1,3,-1
2015360089467,2,1,0,18,0,8,0,0,0,0,1,1,6,1,42,7,-1,-1,-1,-1,3,-1
2015360089474,1,9,0,18,0,0,0,0,7,4,1,1,6,2,58,9,2497,1,12,-1,1,-1
2015360089480,1,19,0,9,0,6,0,0,0,0,3,1,6,1,59,9,-1,-1,-1,-1,1,-1
2015360089480,2,9,0,18,0,8,0,0,0,0,4,1,6,1,62,9,1560,2,-1,-1,1,-1
2015360089480,3,9,0,2,6,8,0,0,0,0,4,1,6,1,70,10,1242,1,6,-1,-1,-1
2015360089488,1,9,0,5,0,4,0,0,0,0,3,1,6,1,28,6,999,1,-1,-1,3,-1
2015360089488,2,9,0,5,0,4,0,0,0,0,4,1,6,1,43,7,1597,1,11,-1,1,-1
2015360089493,1,9,0,18,0,1,0,0,0,0,1,1,6,2,27,6,-1,-1,-1,-1,-1,-1
2015360089493,2,9,0,10,0,8,0,0,0,0,2,1,6,2,48,8,2199,2,5,-1,2,-1
2015360089498,1,9,0,9,0,6,0,0,0,0,1,1,6,1,24,5,1397,1,7,-1,1,-1
2015360089498,2,5,0,18,0,8,0,0,0,0,4,1,2,1,27,6,599,1,14,-1,1,-1
2015360089500,1,9,0,4,0,0,0,0,0,0,2,1,1,2,23,5,1598,1,11,-1,2,-1
2015360089500,2,9,0,18,0,0,0,0,0,0,1,1,6,2,53,8,1973,1,17,-1,3,-1
2015360089500,3,9,0,18,0,0,0,0,0,0,1,1,6,1,56,9,1596,1,19,-1,3,-1
2015360089502,1,9,0,18,0,0,2,0,7,4,1,1,6,1,54,8,1199,1,13,-1,2,-1
2015360089504,1,5,0,18,0,0,0,0,0,0,1,1,6,1,28,6,998,1,7,-1,1,-1
2015360089504,2,9,0,11,0,0,0,0,0,0,4,1,6,2,43,7,1997,2,13,-1,1,-1
2015360089504,3,9,0,5,0,0,0,0,0,0,2,1,6,1,28,6,1910,2,9,-1,1,-1
2015360089511,1,9,0,5,0,6,0,0,1,10,3,1,6,1,82,11,-1,-1,-1,-1,2,-1
2015360089511,2,9,0,18,0,8,0,0,0,0,1,1,6,1,62,9,1598,1,12,-1,1,-1
2015360089511,3,9,0,10,0,8,0,0,0,0,3,1,6,1,45,7,1796,1,19,-1,3,-1
2015360089513,1,9,0,13,0,0,0,0,0,0,4,1,6,3,-1,-1,-1,-1,-1,-1,-1,-1
2015360089513,2,2,0,18,0,0,0,0,0,0,3,1,4,1,16,4,49,1,9,-1,1,-1
2015360089524,1,9,0,17,0,0,0,0,0,0,1,1,1,1,72,10,1686,2,2,-1,3,-1
2015360089524,2,9,0,16,0,0,0,0,0,0,3,1,1,1,36,7,-1,-1,-1,-1,1,-1
2015360089526,1,19,0,1,0,1,0,0,0,0,2,1,6,1,42,7,2198,2,2,-1,2,-1
2015360089526,2,2,0,3,0,1,0,0,0,0,1,1,6,2,72,10,49,1,11,-1,2,-1
2015360089527,1,9,0,18,0,0,0,10,7,11,1,1,6,1,39,7,1968,2,1,-1,3,-1
2015360089536,1,9,0,18,0,2,0,0,0,0,3,1,6,1,60,9,1199,1,15,-1,1,-1
2015360089537,1,4,0,9,0,5,1,0,0,0,1,1,6,1,37,7,124,1,2,-1,1,-1
2015360089537,2,9,0,13,0,8,0,0,0,0,1,1,6,1,19,4,1364,1,10,-1,1,-1
2015360089542,1,9,0,4,0,1,1,0,0,0,1,1,6,1,18,4,998,1,14,-1,1,-1
2015360089549,1,9,0,9,0,5,0,0,0,0,1,1,6,1,-1,-1,1781,1,19,-1,1,-1
2015360089549,2,1,0,7,0,5,0,0,0,0,2,1,4,1,16,4,-1,-1,-1,-1,1,-1
2015360089566,1,9,0,9,0,5,0,0,0,0,4,1,6,2,33,6,1360,1,13,-1,1,-1
2015360089569,1,9,0,7,0,8,0,0,3,11,1,1,6,1,45,7,-1,-1,-1,-1,3,-1
2015360089570,1,9,0,18,0,0,0,0,0,0,1,1,6,2,22,5,1199,1,14,-1,2,-1
2015360089570,2,9,0,18,0,0,0,0,0,0,1,1,1,1,24,5,1560,2,1,-1,2,-1
2015360089607,1,3,0,18,0,2,0,0,0,0,3,1,6,1,17,4,-1,-1,-1,-1,2,-1
2015360089607,2,9,0,18,0,1,0,0,0,0,3,1,6,1,82,11,2435,1,9,-1,3,-1
2015360089621,1,9,0,16,0,0,0,0,1,0,1,1,1,2,38,7,1582,2,4,-1,3,-1
2015360089621,2,9,0,17,0,0,0,0,1,0,1,1,6,2,51,8,1296,1,8,-1,3,-1
2015360089622,1,9,0,18,0,8,0,0,0,0,3,1,6,1,82,11,998,1,9,-1,1,-1
2015360089622,2,9,0,9,0,6,0,0,0,0,1,1,2,1,31,6,1596,1,11,-1,1,-1
2015360089626,1,9,0,13,0,8,0,0,0,0,1,1,6,1,29,6,2720,2,8,-1,-1,-1
2015360089626,2,11,0,9,0,5,0,0,0,0,3,1,6,1,51,8,4250,2,5,-1,1,-1
2015360089626,3,9,0,18,0,1,0,0,0,0,0,1,6,1,35,6,-1,-1,-1,-1,2,-1
2015360089640,1,9,0,18,0,0,0,0,0,0,3,1,6,1,35,6,1956,2,1,-1,2,-1
2015360089640,2,19,0,18,0,0,0,0,1,0,3,1,6,1,52,8,2499,2,8,-1,3,-1
2015360089652,1,9,0,18,0,8,0,0,0,0,1,1,6,3,-1,-1,-1,-1,-1,-1,-1,-1
2015360089652,2,1,0,18,9,8,0,0,0,0,4,1,4,1,13,3,-1,-1,-1,-1,1,-1
2015360089662,1,9,0,9,0,8,0,0,0,0,1,1,6,1,20,4,1390,1,12,-1,1,-1
2015360089673,1,9,0,18,0,0,0,4,0,0,1,1,6,2,72,10,998,1,6,-1,1,-1
2015360089673,2,9,0,2,0,0,0,0,0,0,2,1,6,3,-1,-1,875,1,3,-1,-1,-1
2015360089675,1,8,0,9,0,6,0,0,0,0,3,1,1,1,29,6,1364,1,1,-1,-1,-1