Accident_Index,Vehicle_Reference,Vehicle_Type,Towing_and_Articulation,Vehicle_Manoeuvre,Vehicle_Location-Restricted_Lane,Junction_Location,Skidding_and_Overturning,Hit_Object_in_Carriageway,Vehicle_Leaving_Carriageway,Hit_Object_off_Carriageway,1st_Point_of_Impact,Was_Vehicle_Left_Hand_Drive?,Journey_Purpose_of_Driver,Sex_of_Driver,Age_of_Driver,Age_Band_of_Driver,Engine_Capacity_(CC),Propulsion_Code,Age_of_Vehicle,Driver_IMD_Decile,Driver_Home_Area_Type,Vehicle_IMD_Decile
2015360089675,2,9,0,18,0,8,0,0,0,0,1,1,6,1,27,6,1149,1,8,-1,2,-1
2015360089680,1,9,0,5,0,6,0,0,0,0,4,1,6,2,30,6,2720,2,8,-1,3,-1
2015360089680,2,9,0,18,0,8,0,0,0,0,1,1,6,2,44,7,1991,2,5,-1,2,-1
2015360089681,1,9,4,13,0,0,0,0,0,0,4,1,6,3,-1,-1,-1,-1,-1,-1,-1,-1
2015360089681,2,1,0,18,0,0,0,0,1,0,3,1,6,1,61,9,-1,-1,-1,-1,3,-1
2015360089682,1,9,0,9,0,5,0,0,0,0,4,1,1,1,24,5,1896,2,7,-1,2,-1
2015360089682,2,9,0,18,0,8,0,0,0,0,1,1,1,1,24,5,1299,1,12,-1,1,-1
2015360089682,3,9,0,18,0,1,1,0,0,0,1,1,1,2,53,8,1386,1,5,-1,1,-1
2015360089685,1,9,0,7,0,6,0,0,0,0,1,1,6,2,47,8,1598,2,4,-1,1,-1
2015360089685,2,1,0,18,9,8,0,0,0,0,1,1,6,2,34,6,-1,-1,-1,-1,-1,-1
2015360089687,1,9,0,18,0,8,0,0,0,0,1,1,1,1,52,8,1560,2,3,-1,1,-1
2015360089687,2,1,0,18,0,6,0,0,0,0,3,1,6,2,22,5,-1,-1,-1,-1,1,-1
2015360089696,1,3,0,18,0,0,1,0,0,0,4,1,2,1,26,6,124,1,7,-1,3,-1
2015360089698,1,9,0,9,0,6,0,0,0,0,1,1,2,1,30,6,1560,2,5,-1,2,-1
2015360089698,2,3,0,18,0,8,0,0,0,0,1,1,2,1,42,7,124,1,12,-1,1,-1
2015360089714,1,9,0,16,0,0,0,0,0,0,0,1,6,1,-1,-1,-1,-1,-1,-1,-1,-1
2015360089714,2,3,0,17,0,0,0,0,0,0,1,1,2,1,19,4,-1,-1,-1,-1,3,-1
2015360089718,1,9,0,16,0,0,0,0,7,3,1,1,6,1,43,7,1999,1,9,-1,2,-1
2015360089719,1,9,0,1,0,8,0,0,0,0,4,1,6,1,19,4,1598,1,2,-1,1,-1
2015360089720,1,9,0,7,0,5,0,0,0,0,4,1,6,1,69,10,3982,1,22,-1,2,-1
2015360089720,2,11,0,18,2,8,0,0,0,0,3,1,1,1,41,7,7300,2,13,-1,1,-1
2015360089729,1,9,0,18,0,0,0,0,0,0,1,1,2,1,23,5,2496,2,14,-1,2,-1
2015360089729,2,1,0,18,0,0,0,0,1,0,2,1,2,1,52,8,-1,-1,-1,-1,1,-1
2015360089737,1,3,0,18,0,0,0,0,0,0,1,1,6,1,18,4,124,1,14,-1,3,-1
2015360089737,2,9,0,4,0,0,0,0,0,0,2,1,2,2,41,7,1390,1,11,-1,1,-1
2015360089745,1,20,0,5,0,4,0,0,0,0,1,1,1,1,-1,-1,10518,2,4,-1,-1,-1
2015360089745,2,1,0,18,0,8,1,0,0,0,4,1,1,1,39,7,-1,-1,-1,-1,2,-1
2015360089751,1,9,0,18,0,0,0,0,0,0,1,1,6,1,58,9,1598,1,12,-1,3,-1
2015360089774,1,1,0,18,9,8,0,0,0,0,1,1,6,1,40,7,-1,-1,-1,-1,-1,-1
2015360089774,2,9,0,4,0,1,0,0,0,0,1,1,2,2,20,4,1388,1,11,-1,1,-1
2015360089778,1,9,0,18,0,0,0,0,0,0,1,1,6,2,29,6,2204,2,9,-1,1,-1
2015360089778,2,3,0,18,0,0,0,0,0,0,2,1,2,1,18,4,124,1,6,-1,1,-1
2015360089779,1,9,0,9,0,6,0,0,0,0,3,1,6,1,35,6,1985,1,12,-1,1,-1
2015360089779,2,5,0,18,0,8,1,0,0,0,1,1,6,1,19,4,865,1,3,-1,2,-1
2015360089788,1,9,0,17,0,2,1,10,7,11,1,1,6,1,24,5,1753,2,14,-1,3,-1
2015360089789,1,9,0,5,0,6,0,0,0,0,1,1,6,1,40,7,1910,2,11,-1,1,-1
2015360089789,2,19,0,18,0,8,1,0,0,0,3,1,6,1,40,7,1868,2,10,-1,1,-1
2015360089794,1,9,0,18,0,0,0,0,0,0,1,1,6,3,-1,-1,-1,-1,-1,-1,-1,-1
2015360089794,2,1,0,18,0,0,0,0,0,0,2,1,6,1,42,7,-1,-1,-1,-1,1,-1
2015360089801,1,9,0,9,0,6,0,0,0,0,1,1,6,2,34,6,1995,2,2,-1,1,-1
2015360089801,2,9,0,18,0,8,0,0,0,0,4,1,6,1,70,10,1198,1,3,-1,1,-1
2015360089808,1,9,0,18,0,0,0,0,0,0,1,1,6,1,77,11,2544,1,16,-1,3,-1
2015360089808,2,9,0,3,0,0,0,0,0,0,2,1,6,2,65,9,1796,1,9,-1,1,-1
2015360089808,3,9,0,3,0,0,0,0,0,0,2,1,1,2,48,8,1395,1,2,-1,1,-1
2015360089808,4,9,0,3,0,0,0,0,0,0,2,1,6,1,55,8,-1,-1,-1,-1,1,-1
2015360089814,1,9,0,14,0,1,0,0,0,0,4,1,2,2,48,8,1397,1,6,-1,1,-1
2015360089816,1,9,0,18,0,8,0,0,0,0,3,1,6,3,-1,-1,-1,-1,-1,-1,-1,-1
2015360089816,2,2,0,7,0,3,0,0,1,0,1,1,2,1,28,6,49,1,9,-1,1,-1
2015360089819,1,9,0,4,0,0,0,0,0,0,1,1,1,2,34,6,1997,1,5,-1,2,-1
2015360089819,2,8,0,4,0,0,0,0,0,0,2,1,1,1,52,8,-1,-1,-1,-1,1,-1
2015360089833,1,8,0,5,0,8,0,0,0,0,4,1,1,1,26,6,1598,2,3,-1,1,-1
2015360089837,1,3,0,18,2,1,0,4,0,0,1,1,2,2,17,4,125,1,-1,-1,1,-1
2015360089837,2,19,0,2,2,1,0,0,0,0,2,1,6,3,-1,-1,-1,-1,-1,-1,-1,-1
2015360089844,1,9,0,6,0,8,0,0,0,0,3,1,6,1,18,4,1242,1,11,-1,2,-1
2015360089844,2,5,0,13,0,8,0,0,0,0,1,1,6,2,22,5,599,1,2,-1,3,-1
2015360089853,1,9,0,7,0,5,0,0,7,1,1,1,6,1,18,4,1598,1,13,-1,1,-1
2015360089857,1,5,0,18,0,0,0,12,0,0,1,1,6,1,28,6,849,1,7,-1,-1,-1
2015360089857,2,9,0,18,0,0,0,0,0,0,1,1,6,1,37,7,1461,2,1,-1,3,-1
2015360089859,1,19,0,18,0,0,0,4,0,0,1,1,2,1,24,5,2402,2,7,-1,3,-1
2015360089859,2,9,0,2,0,0,0,0,0,0,2,1,6,2,67,10,1299,1,8,-1,2,-1
2015360089864,1,9,0,9,0,6,0,0,0,0,1,1,6,1,-1,-1,1197,1,1,-1,1,-1
2015360089864,2,1,0,18,0,8,0,0,0,0,3,1,1,2,38,7,-1,-1,-1,-1,1,-1
2015360089873,1,8,0,7,0,4,0,0,0,0,3,1,1,1,38,7,1956,2,4,-1,1,-1
2015360089873,2,1,0,18,0,8,1,0,0,0,1,1,2,1,65,9,-1,-1,-1,-1,1,-1
2015360089875,1,2,0,18,0,1,0,0,1,0,1,1,6,1,16,4,49,1,9,-1,2,-1
2015360089875,2,19,0,10,0,8,0,0,0,0,2,1,1,1,43,7,2143,2,3,-1,1,-1
2015360089881,1,9,0,16,0,0,1,0,1,4,1,1,6,1,18,4,1400,1,15,-1,1,-1
2015360089884,1,9,0,9,0,6,0,0,0,0,1,1,2,1,32,6,1995,2,4,-1,-1,-1
2015360089884,2,1,0,18,0,8,0,0,7,0,4,1,6,2,72,10,-1,-1,-1,-1,3,-1
2015360089890,1,5,0,18,0,0,1,12,1,4,4,1,2,1,41,7,-1,-1,-1,-1,3,-1
2015360089899,1,9,0,18,0,1,0,0,0,0,0,1,6,1,-1,-1,1997,2,5,-1,-1,-1
2015360089899,2,4,0,18,0,2,0,0,0,0,4,1,1,1,25,5,125,1,10,-1,1,-1
2015360089900,1,1,0,18,9,6,0,0,0,0,1,1,6,1,35,6,-1,-1,-1,-1,-1,-1
2015360089900,2,9,0,4,0,1,0,0,0,0,4,1,2,2,42,7,-1,-1,-1,-1,1,-1
2015360089905,1,9,0,18,0,0,0,0,1,0,1,1,2,2,48,8,1783,1,13,-1,3,-1
2015360089905,2,9,0,18,0,0,0,0,0,0,1,1,2,2,55,8,1968,2,-1,-1,1,-1
2015360089911,1,19,0,5,0,4,0,0,0,0,1,1,6,1,57,9,2500,2,15,-1,2,-1
2015360089911,2,3,0,18,0,8,0,0,0,0,4,1,2,1,18,4,49,1,7,-1,1,-1
2015360089915,1,9,0,16,0,0,1,0,1,0,1,1,6,1,21,5,1781,1,17,-1,-1,-1
2015360089915,2,9,0,17,0,0,0,0,7,0,1,1,6,1,56,9,1798,1,14,-1,-1,-1
2015360089918,1,9,0,18,0,1,0,0,0,0,0,1,6,1,55,8,-1,-1,-1,-1,-1,-1
2015360089918,2,1,0,18,0,1,0,10,1,0,4,1,1,1,37,7,-1,-1,-1,-1,2,-1
2015360089941,1,9,0,9,0,5,0,0,0,0,1,1,6,2,27,6,1149,1,15,-1,1,-1
2015360089941,2,1,0,5,9,8,0,0,0,0,1,1,4,1,13,3,-1,-1,-1,-1,-1,-1
2015360089963,1,9,0,18,0,1,0,0,0,0,1,1,6,2,69,10,1896,2,8,-1,1,-1
2015360089963,2,9,0,7,0,5,0,0,0,0,2,1,6,1,57,9,1560,2,1,-1,3,-1
2015360089964,1,98,0,1,0,6,0,0,0,0,0,1,1,1,-1,-1,-1,-1,-1,-1,-1,-1
2015360089964,2,1,0,18,0,8,1,10,0,0,4,1,1,2,50,8,-1,-1,-1,-1,3,-1
2015360089965,1,8,0,9,0,6,0,0,0,0,1,1,1,1,48,8,1560,2,8,-1,1,-1
2015360089965,2,9,0,18,0,8,0,0,0,0,3,1,6,2,80,11,1598,1,9,-1,1,-1
2015360089965,3,9,0,18,0,1,0,0,0,0,3,1,6,2,40,7,-1,-1,-1,-1,2,-1
2015360089967,1,3,0,13,0,8,0,0,7,0,1,1,2,1,28,6,124,1,2,-1,2,-1
2015360089967,2,9,0,9,0,5,0,0,0,0,3,1,2,1,23,5,1596,1,6,-1,3,-1
2015360089972,1,9,0,18,0,8,0,0,1,11,1,1,6,1,45,7,1896,2,9,-1,1,-1
2015360089972,2,9,0,5,0,6,0,0,0,0,3,1,6,2,19,4,1086,1,6,-1,2,-1
2015360089974,1,19,0,4,0,0,0,0,0,0,1,1,6,1,55,8,1686,2,9,-1,1,-1
2015360089974,2,19,0,4,0,0,0,0,0,0,2,1,6,1,34,6,2198,2,8,-1,1,-1
2015360089974,3,9,0,4,0,0,0,0,0,0,2,1,6,1,35,6,1896,2,11,-1,1,-1
2015360089974,4,9,0,4,0,0,0,0,0,0,1,1,2,1,41,7,1783,1,13,-1,1,-1
2015360089977,1,3,0,18,0,1,0,0,0,0,3,1,6,1,19,4,124,1,2,-1,3,-1
2015360089977,2,9,0,9,0,5,0,0,0,0,2,1,1,1,27,6,1499,2,1,-1,2,-1
2015360089987,1,9,0,9,0,5,0,0,0,0,1,1,6,2,45,7,-1,-1,-1,-1,3,-1
2015360089987,2,9,0,18,0,8,0,0,0,0,1,1,6,2,24,5,1999,1,12,-1,3,-1
2015360089988,1,9,0,14,0,1,0,0,0,0,1,1,6,2,-1,-1,1587,1,13,-1,1,-1
2015360089988,2,2,0,16,0,2,0,0,0,0,1,1,6,1,16,4,50,1,2,-1,1,-1
2015360089989,1,9,0,18,0,0,1,0,1,9,1,1,6,1,23,5,2494,1,16,-1,3,-1
2015360089991,1,9,0,17,0,0,0,0,0,0,1,1,6,1,38,7,1598,1,17,-1,1,-1
2015360089991,2,9,0,16,0,0,0,0,0,0,1,1,6,2,44,7,1796,1,7,-1,1,-1
2015360089995,1,9,0,18,0,0,5,0,1,0,1,1,6,1,28,6,1595,1,13,-1,1,-1
2015360089995,2,19,0,18,0,0,0,0,0,0,1,1,6,1,67,10,-1,-1,-1,-1,3,-1
2015360089997,1,9,0,18,0,1,0,0,0,0,1,1,1,1,50,8,1598,1,9,-1,1,-1
2015360090008,1,9,0,17,0,0,2,0,7,4,1,1,2,2,39,7,1461,2,10,-1,2,-1
2015360090014,1,9,0,16,0,0,1,0,0,0,3,1,6,1,32,6,2495,2,16,-1,3,-1
2015360090014,2,9,0,17,0,0,0,0,1,0,3,1,6,1,22,5,1149,1,14,-1,1,-1
2015360090022,1,9,0,5,0,8,0,0,0,0,1,1,1,1,54,8,1998,1,16,-1,1,-1
2015360090022,2,9,0,18,0,8,0,0,0,0,1,1,6,1,72,10,1242,1,5,-1,1,-1
2015360090026,1,9,0,6,0,0,0,0,7,4,3,1,6,2,49,8,1995,2,2,-1,1,-1
2015360090026,2,9,0,18,0,0,0,0,0,0,1,1,6,1,60,9,1598,2,5,-1,3,-1
2015360090031,1,9,0,18,0,0,0,0,0,0,1,1,4,2,65,9,1596,1,12,-1,1,-1
2015360090032,1,11,0,18,2,0,0,0,0,0,4,1,1,1,43,7,9000,2,16,-1,1,-1
2015360090040,1,1,0,18,0,1,0,0,0,0,1,1,6,1,-1,-1,-1,-1,-1,-1,-1,-1
2015360090042,1,9,0,18,0,0,0,4,0,0,1,1,6,1,23,5,1686,2,4,-1,1,-1
2015360090042,2,9,0,2,0,0,0,0,1,0,2,1,6,1,51,8,1796,1,17,-1,1,-1
2015360090051,1,9,0,9,0,5,0,0,0,0,4,1,6,1,40,7,1560,2,7,-1,1,-1
2015360090051,2,9,0,18,0,8,0,0,0,0,1,1,6,2,63,9,996,1,5,-1,2,-1
2015360090059,1,9,0,4,0,1,0,0,1,0,1,1,1,2,38,7,1997,2,1,-1,-1,-1
2015360090059,2,9,0,3,0,1,0,0,0,0,2,1,6,2,38,7,1399,2,4,-1,-1,-1
2015360090069,1,9,0,13,0,0,0,0,0,0,1,1,6,3,-1,-1,-1,-1,-1,-1,-1,-1
2015360090069,2,1,0,18,0,0,0,0,0,0,3,1,6,1,47,8,-1,-1,-1,-1,1,-1
2015360090069,3,1,0,18,0,0,0,0,0,0,3,1,6,1,25,5,-1,-1,-1,-1,1,-1
2015360090081,1,9,0,4,0,1,0,0,0,0,1,1,6,1,25,5,1388,1,4,-1,2,-1
2015360090081,2,9,0,3,0,1,0,0,0,0,2,1,6,2,44,7,1968,2,2,-1,3,-1
2015360090085,1,9,0,5,0,6,0,0,0,0,1,1,6,1,55,8,1588,1,12,-1,1,-1
2015360090085,2,9,0,18,0,8,0,0,1,0,1,1,6,1,42,7,1896,2,6,-1,1,-1
2015360090087,1,9,0,9,0,5,0,0,0,0,1,1,6,1,20,4,1388,1,10,-1,1,-1
2015360090087,2,3,0,18,0,8,0,0,0,0,1,1,6,1,35,6,124,1,12,-1,1,-1
2015360090089,1,9,0,18,0,0,0,0,1,0,4,1,6,1,71,10,1998,1,13,-1,1,-1
2015360090111,1,21,0,18,0,1,1,0,0,0,1,1,1,1,49,8,10518,2,8,-1,1,-1
2015360090111,2,9,0,10,0,8,0,0,7,0,2,1,6,1,78,11,1997,2,11,-1,1,-1
2015360090111,3,9,0,18,0,1,0,0,0,0,1,1,6,1,87,11,998,1,-1,-1,2,-1
2015360090114,1,19,0,18,0,0,0,0,1,0,4,1,6,3,-1,-1,-1,-1,-1,-1,-1,-1
2015360090119,1,9,0,4,0,1,0,0,0,0,1,1,1,2,59,9,1398,1,4,-1,1,-1
2015360090119,2,1,0,3,0,1,0,0,0,0,2,1,1,1,49,8,-1,-1,-1,-1,2,-1
2015360090120,1,9,0,4,0,1,1,0,0,0,1,1,6,1,63,9,1229,1,1,-1,1,-1
2015360090120,2,9,0,10,0,8,0,0,0,0,2,1,6,2,40,7,1560,2,6,-1,3,-1
2015360090123,1,9,0,18,0,0,2,0,7,0,3,1,6,2,44,7,1328,1,15,-1,1,-1
2015360090124,1,9,0,18,0,8,5,0,7,0,4,1,6,2,33,6,998,1,2,-1,2,-1
2015360090124,2,8,0,5,0,4,0,0,0,0,1,1,1,1,60,9,1995,2,5,-1,1,-1
2015360090125,1,19,0,7,0,5,0,0,0,0,1,1,6,1,30,6,-1,-1,-1,-1,-1,-1
2015360090126,1,9,0,9,0,5,0,0,0,0,3,1,6,1,25,5,1997,2,14,-1,-1,-1
2015360090126,2,3,0,13,0,8,0,0,0,0,4,1,6,1,18,4,125,1,1,-1,1,-1
2015360090133,1,9,0,18,0,1,0,0,0,0,1,1,6,2,40,7,1870,2,12,-1,1,-1
2015360090133,2,9,0,3,0,1,0,0,0,0,2,1,6,2,44,7,1242,1,1,-1,1,-1
2015360090137,1,9,0,9,0,6,0,0,0,0,3,1,6,2,62,9,1560,2,7,-1,3,-1
2015360090137,2,9,0,18,0,8,0,0,0,0,1,1,6,2,63,9,1598,1,8,-1,3,-1
2015360090140,1,9,0,5,0,8,0,0,0,0,1,1,6,1,23,5,2521,1,8,-1,1,-1
2015360090140,2,9,0,9,0,8,0,0,0,0,4,1,6,1,37,7,1998,2,10,-1,3,-1
2015360090151,1,9,0,18,0,0,1,0,1,10,3,1,6,1,55,8,1796,1,18,-1,1,-1
2015360090151,2,9,0,2,0,0,0,0,0,0,0,1,6,1,19,4,1149,1,12,-1,-1,-1
2015360090163,1,1,0,15,0,8,0,0,0,0,1,1,6,1,20,4,-1,-1,-1,-1,1,-1
2015360090163,2,9,0,7,0,8,0,0,0,0,4,1,6,1,50,8,1598,1,11,-1,1,-1
2015360090171,1,1,0,7,0,2,0,0,0,0,1,1,6,1,37,7,-1,-1,-1,-1,1,-1
2015360090171,2,9,0,18,0,1,0,0,0,0,1,1,6,2,49,8,1997,2,3,-1,1,-1
2015360090181,1,9,0,5,0,6,0,0,0,0,1,1,6,2,31,6,3500,1,1,-1,3,-1
2015360090181,2,4,0,18,0,8,0,0,7,0,4,1,6,1,72,10,350,1,44,-1,2,-1
2015360090194,1,9,0,5,0,0,0,0,0,0,1,1,6,1,87,11,1298,1,10,-1,3,-1
2015360090203,1,5,0,5,0,1,0,0,0,0,4,1,6,1,27,6,599,1,11,-1,1,-1
2015360090206,1,9,0,1,0,6,0,0,0,0,2,1,6,2,53,8,1396,1,17,-1,3,-1
2015360090206,2,9,0,18,0,8,0,0,0,0,4,1,6,1,48,8,1198,1,1,-1,3,-1
2015360090211,1,9,0,17,0,0,0,0,0,0,1,2,6,1,49,8,-1,-1,-1,-1,-1,-1
2015360090211,2,9,0,16,0,0,0,0,0,0,1,1,2,1,61,9,1242,1,5,-1,3,-1
2015360090234,1,9,0,9,0,6,0,0,0,0,3,1,6,2,35,6,1560,2,5,-1,3,-1
2015360090234,2,5,0,18,0,8,0,0,0,0,1,1,6,1,35,6,1402,1,12,-1,-1,-1
2015360090241,1,9,0,7,0,6,0,0,3,6,1,1,6,1,78,11,1560,2,6,-1,2,-1
2015360090245,1,9,4,18,0,0,0,0,1,9,1,1,1,1,19,4,2495,2,9,-1,3,-1
2015360090246,1,9,0,18,0,0,0,0,0,0,1,1,6,2,69,10,1968,2,3,-1,2,-1
2015360090247,1,19,0,1,0,0,0,0,0,0,2,1,6,1,26,6,1560,2,2,-1,2,-1
2015360090247,2,1,0,18,0,0,0,0,0,0,4,1,2,1,62,9,-1,-1,-1,-1,2,-1
2015360090253,1,19,0,18,0,0,0,0,0,0,1,1,6,1,-1,-1,2198,2,8,-1,-1,-1
2015360090253,2,9,0,4,0,0,0,0,0,0,2,1,6,1,66,10,-1,-1,-1,-1,2,-1
2015360090259,1,5,0,18,0,0,0,0,0,0,4,1,6,1,41,7,599,1,17,-1,1,-1
2015360090260,1,9,0,17,0,8,1,0,0,0,1,1,6,1,47,8,-1,-1,-1,-1,3,-1
2015360090260,2,9,0,9,0,5,0,0,0,0,1,1,6,1,40,7,2143,2,4,-1,3,-1
2015360090276,1,9,0,18,0,2,0,0,0,0,1,1,6,1,19,4,1149,1,11,-1,1,-1
2015360090279,1,9,0,18,0,1,1,4,7,11,1,1,6,1,25,5,1995,2,11,-1,3,-1
2015360090279,2,9,0,2,0,1,0,0,0,0,3,1,6,1,-1,-1,1984,1,13,-1,3,-1
2015360090279,3,9,0,2,0,1,0,0,0,0,3,1,6,1,-1,-1,-1,-1,-1,-1,3,-1
2015360090279,4,9,0,2,0,1,0,0,0,0,3,1,6,2,-1,-1,1242,1,5,-1,1,-1
2015360090280,1,9,0,18,0,0,0,0,0,0,3,1,3,1,29,6,1995,2,2,-1,3,-1
2015360090283,1,9,0,9,0,6,0,0,0,0,0,1,6,2,60,9,-1,-1,-1,-1,3,-1
2015360090283,2,5,0,4,0,1,0,0,0,0,4,1,6,1,21,5,599,1,19,-1,1,-1
2015360090283,3,9,0,4,0,1,0,0,0,0,2,1,6,1,43,7,-1,-1,-1,-1,1,-1
2015360090300,1,9,0,13,0,8,0,0,0,0,1,1,6,1,54,8,2996,2,17,-1,2,-1
2015360090300,2,1,0,9,0,5,0,0,0,0,3,1,2,1,42,7,-1,-1,-1,-1,3,-1
2015360090301,1,9,0,9,0,5,0,0,0,0,1,1,6,1,19,4,1995,2,5,-1,1,-1
2015360090301,2,9,0,7,0,6,0,0,0,0,1,1,6,1,19,4,1560,2,4,-1,1,-1
2015360090305,1,19,0,4,0,1,0,0,0,0,2,1,1,1,55,8,-1,-1,-1,-1,-1,-1
2015360090305,2,9,0,4,0,1,0,0,0,0,2,1,2,2,42,7,1968,2,4,-1,3,-1
2015360090305,3,9,0,18,0,1,0,0,0,0,1,1,6,1,63,9,1910,2,9,-1,1,-1
2015360090316,1,9,0,16,0,0,0,0,1,0,1,1,6,1,27,6,1896,2,12,-1,1,-1
2015360090316,2,9,0,17,0,0,0,0,1,0,1,1,6,2,66,10,-1,-1,-1,-1,1,-1
2015360090319,1,9,0,18,0,0,0,0,7,3,1,1,6,1,22,5,1998,2,12,-1,1,-1
2015360090320,1,9,0,9,0,6,0,0,0,0,1,1,6,1,79,11,1988,1,15,-1,1,-1
2015360090332,1,9,0,4,0,1,0,0,0,0,1,1,2,2,26,6,1587,1,13,-1,1,-1
2015360090332,2,9,0,3,0,1,0,0,0,0,2,1,2,1,23,5,1968,2,10,-1,1,-1
2015360090333,1,19,0,18,0,0,0,0,0,0,0,1,1,1,27,6,2402,2,8,-1,3,-1
2015360090333,2,9,0,18,0,0,0,11,0,0,1,1,6,2,55,8,1951,2,13,-1,3,-1
2015360090335,1,19,0,9,0,5,0,0,0,0,4,1,2,1,62,9,2198,2,6,-1,3,-1
2015360090335,2,5,0,18,0,8,0,0,0,0,1,1,6,1,52,8,996,1,12,-1,1,-1
2015360090344,1,9,0,16,0,0,5,0,1,1,4,1,6,1,90,11,1596,1,11,-1,3,-1
2015360090346,1,9,0,9,0,6,0,0,0,0,1,1,1,1,22,5,1598,1,12,-1,1,-1
2015360090346,2,5,0,18,0,8,0,0,0,0,1,1,1,1,47,8,998,1,5,-1,1,-1
2015360090348,1,19,0,18,0,0,0,0,0,0,3,1,6,1,31,6,2496,2,19,-1,1,-1
2015360090348,2,1,0,3,0,0,0,0,0,0,3,1,6,1,68,10,-1,-1,-1,-1,3,-1
2015360090353,1,9,0,18,0,0,0,0,0,0,3,1,6,3,-1,-1,-1,-1,-1,-1,-1,-1
2015360090353,2,1,0,18,0,0,0,0,0,0,3,1,6,1,22,5,-1,-1,-1,-1,1,-1
2015360090354,1,19,0,9,0,5,0,0,0,0,4,1,1,1,-1,-1,-1,-1,-1,-1,-1,-1
2015360090354,2,1,0,18,0,8,0,0,0,0,1,1,6,1,17,4,-1,-1,-1,-1,1,-1
2015360090362,1,98,0,18,0,1,0,0,0,0,0,1,6,3,-1,-1,-1,-1,-1,-1,-1,-1
2015360090362,2,1,0,18,0,1,0,0,1,9,4,1,6,1,32,6,-1,-1,-1,-1,2,-1
2015360090365,1,9,0,18,0,6,0,0,0,0,1,1,1,2,49,8,1598,2,3,-1,1,-1
2015360090365,2,21,0,17,0,8,0,0,0,0,1,1,1,1,49,8,3920,2,10,-1,1,-1
2015360090366,1,9,0,10,0,1,0,0,0,0,0,1,6,3,-1,-1,-1,-1,-1,-1,-1,-1
2015360090366,2,9,0,4,0,1,0,0,0,0,2,1,6,1,33,6,1398,1,10,-1,1,-1
2015360090366,3,4,0,4,0,1,1,0,0,0,1,1,6,1,25,5,599,1,21,-1,1,-1
2015360090368,1,9,0,9,0,6,0,0,1,0,3,1,6,2,18,4,1198,1,8,-1,3,-1
2015360090368,2,9,0,18,0,8,0,0,0,0,1,1,6,1,33,6,1896,2,11,-1,3,-1
2015360090369,1,9,0,18,0,0,0,0,0,0,1,1,6,2,26,6,1149,1,14,-1,1,-1
2015360090371,1,5,0,18,0,0,0,0,7,0,4,1,6,1,27,6,599,1,15,-1,-1,-1
2015360090371,2,9,0,3,0,0,0,0,0,0,3,1,6,2,55,8,1560,2,1,-1,1,-1
2015360090374,1,9,0,13,0,8,0,0,0,0,4,1,2,2,56,9,1248,1,6,-1,1,-1
2015360090374,2,1,0,9,0,5,0,0,0,0,3,1,6,1,38,7,-1,-1,-1,-1,1,-1
2015360090395,1,9,0,13,0,8,0,0,7,0,4,1,6,1,57,9,1560,2,5,-1,3,-1
2015360090395,2,9,0,9,0,5,0,0,7,4,3,1,6,2,38,7,1360,1,7,-1,1,-1
2015360090411,1,98,4,17,0,2,5,0,1,0,4,1,6,1,22,5,9200,2,11,-1,3,-1
2015360090413,1,9,0,4,0,8,0,0,0,0,1,1,6,1,56,9,1870,2,15,-1,1,-1
2015360090413,2,9,0,4,0,8,0,0,0,0,2,1,2,2,42,7,1598,2,3,-1,3,-1
2015360090413,3,9,0,4,0,8,0,0,0,0,2,1,6,1,34,6,2993,2,5,-1,3,-1
2015360090428,1,9,0,9,0,6,0,0,0,0,1,1,6,2,22,5,1149,1,10,-1,2,-1
2015360090428,2,9,0,4,0,8,0,0,0,0,4,1,6,2,31,6,1299,1,12,-1,2,-1
2015360090439,1,9,4,3,0,1,0,0,0,0,4,1,6,1,-1,-1,-1,-1,-1,-1,-1,-1
2015360090446,1,9,0,18,0,0,0,0,0,0,1,1,6,1,34,6,1900,2,17,-1,-1,-1
2015360090446,2,9,0,18,0,0,0,0,1,8,1,1,2,1,54,8,1493,2,10,-1,-1,-1
2015360090448,1,9,0,7,0,6,0,0,0,0,1,1,2,1,30,6,1900,2,15,-1,3,-1
2015360090448,2,9,0,9,0,6,0,0,0,0,3,1,2,1,44,7,1560,2,3,-1,3,-1
2015360090451,1,9,0,18,0,0,0,0,0,0,1,1,6,2,19,4,1108,1,13,-1,3,-1
2015360090451,2,21,0,4,0,0,0,0,0,0,2,1,1,1,61,9,7146,2,4,-1,2,-1
2015360090451,3,21,0,4,0,0,0,0,0,0,0,1,1,1,47,8,7146,2,5,-1,1,-1
2015360090452,1,9,0,18,0,0,0,0,0,0,1,1,1,1,19,4,1124,1,10,-1,2,-1
2015360090452,2,9,0,4,0,0,0,0,0,0,2,1,1,2,46,8,1248,2,7,-1,1,-1
2015360090458,1,5,0,13,0,8,0,0,0,0,1,1,2,1,22,5,599,1,14,-1,2,-1
2015360090458,2,9,0,9,0,5,0,0,0,0,3,1,6,1,59,9,1388,1,12,-1,1,-1
2015360090463,1,9,0,16,0,0,0,0,7,3,1,1,6,1,20,4,1390,1,7,-1,-1,-1