Accident_Index,Vehicle_Reference,Vehicle_Type,Towing_and_Articulation,Vehicle_Manoeuvre,Vehicle_Location-Restricted_Lane,Junction_Location,Skidding_and_Overturning,Hit_Object_in_Carriageway,Vehicle_Leaving_Carriageway,Hit_Object_off_Carriageway,1st_Point_of_Impact,Was_Vehicle_Left_Hand_Drive?,Journey_Purpose_of_Driver,Sex_of_Driver,Age_of_Driver,Age_Band_of_Driver,Engine_Capacity_(CC),Propulsion_Code,Age_of_Vehicle,Driver_IMD_Decile,Driver_Home_Area_Type,Vehicle_IMD_Decile
2015360096560,2,9,0,18,0,0,0,0,0,0,1,1,6,2,77,11,999,1,-1,-1,3,-1
2015360096562,1,9,0,18,0,4,0,0,0,0,1,1,6,1,79,11,1596,1,9,-1,2,-1
2015360096562,2,1,0,18,0,8,0,0,0,0,4,1,6,1,24,5,-1,-1,-1,-1,1,-1
2015360096564,1,9,0,4,0,1,0,0,0,0,1,1,6,1,47,8,1598,1,10,-1,1,-1
2015360096564,2,9,0,3,0,1,0,0,0,0,2,1,6,1,21,5,1341,1,14,-1,1,-1
2015360096567,1,9,0,18,0,0,0,0,7,4,1,1,6,1,69,10,1798,1,-1,-1,1,-1
2015360096568,1,9,0,9,0,6,0,0,0,0,3,1,6,1,73,10,1997,2,5,-1,1,-1
2015360096568,2,9,0,18,0,8,0,0,0,0,1,1,6,1,74,10,1995,2,4,-1,2,-1
2015360096587,1,9,0,9,0,6,0,0,0,0,3,1,6,1,28,6,1598,1,10,-1,-1,-1
2015360096587,2,9,0,18,0,8,0,0,0,0,1,1,6,1,49,8,1910,2,7,-1,-1,-1
2015360096588,1,9,0,18,0,1,0,0,0,0,1,1,6,1,67,10,1997,2,1,-1,2,-1
2015360096588,2,9,0,10,0,8,0,0,0,0,2,1,2,2,20,4,1149,1,13,-1,3,-1
2015360096605,1,21,0,18,0,1,0,0,0,0,1,1,1,1,50,8,-1,-1,-1,-1,3,-1
2015360096605,2,9,0,10,0,8,0,0,7,10,2,1,1,1,22,5,973,1,13,-1,3,-1
2015360096608,1,9,0,18,0,0,0,0,0,0,1,1,6,1,76,11,1598,1,14,-1,3,-1
2015360096608,2,9,0,2,0,0,0,0,0,0,2,1,6,2,-1,-1,-1,-1,-1,-1,-1,-1
2015360096611,1,9,0,9,0,6,0,0,0,0,3,1,6,2,34,6,-1,-1,-1,-1,1,-1
2015360096611,2,3,0,18,0,8,1,0,0,0,1,1,6,1,20,4,125,1,-1,-1,2,-1
2015360096621,1,9,0,4,0,1,0,0,0,0,1,1,6,2,23,5,1388,1,6,-1,1,-1
2015360096621,2,9,0,4,0,1,0,0,0,0,2,1,6,3,-1,-1,-1,-1,-1,-1,-1,-1
2015360096626,1,9,0,18,0,1,0,0,0,0,3,1,6,2,30,6,4000,1,8,-1,1,-1
2015360096628,1,9,0,13,0,8,0,0,0,0,1,1,1,1,25,5,1968,2,9,-1,-1,-1
2015360096628,2,9,0,9,0,5,0,0,0,0,3,1,6,1,19,4,1600,1,15,-1,3,-1
2015360096629,1,9,0,18,0,0,0,0,1,9,4,1,6,1,30,6,1149,1,1,-1,1,-1
2015360096631,1,9,0,4,0,1,0,0,0,0,1,1,6,1,82,11,1796,1,12,-1,1,-1
2015360096631,2,9,0,3,0,1,0,0,0,0,2,1,6,1,25,5,1997,2,14,-1,1,-1
2015360096631,3,9,0,10,0,8,0,0,0,0,0,1,6,2,25,5,1598,1,7,-1,2,-1
2015360096635,1,9,0,4,0,1,0,0,0,0,2,1,6,1,33,6,-1,-1,-1,-1,1,-1
2015360096635,2,9,0,4,0,1,0,0,0,0,1,1,6,1,51,8,-1,-1,-1,-1,3,-1
2015360096638,1,9,0,18,0,0,0,0,0,0,1,1,6,1,38,7,1199,1,16,-1,1,-1
2015360096638,2,9,0,4,0,0,0,0,0,0,2,1,6,1,28,6,1956,2,5,-1,2,-1
2015360096642,1,9,0,17,0,0,0,0,1,4,1,1,6,2,24,5,1490,1,9,-1,3,-1
2015360096647,1,5,0,16,0,0,0,0,7,0,3,1,6,1,21,5,599,1,7,-1,3,-1
2015360096649,1,9,0,9,0,6,0,0,0,0,3,1,6,3,-1,-1,-1,-1,-1,-1,-1,-1
2015360096649,2,3,0,9,0,6,0,0,0,0,1,1,6,2,21,5,125,1,2,-1,3,-1
2015360096656,1,9,0,18,0,0,0,0,0,0,0,1,6,3,-1,-1,-1,-1,-1,-1,-1,-1
2015360096656,2,9,0,18,0,0,0,0,1,0,4,1,6,2,34,6,1596,1,-1,-1,3,-1
2015360096668,1,21,0,13,0,0,0,0,0,0,4,1,1,3,-1,-1,-1,-1,-1,-1,-1,-1
2015360096668,2,1,0,18,0,0,0,0,0,0,3,1,6,1,43,7,-1,-1,-1,-1,1,-1
2015360096670,1,9,0,18,0,1,0,0,0,0,1,1,6,2,35,6,1995,2,9,-1,3,-1
2015360096670,2,21,1,4,0,1,0,0,0,0,2,1,1,1,28,6,-1,-1,-1,-1,-1,-1
2015360096674,1,9,0,18,0,0,0,0,0,0,4,1,6,1,53,8,1686,2,13,-1,3,-1
2015360096675,1,9,0,18,0,8,0,0,0,0,3,1,6,1,25,5,1329,1,7,-1,1,-1
2015360096675,2,9,0,18,0,8,0,0,0,0,4,1,6,2,35,6,1229,1,11,-1,3,-1
2015360096776,1,9,0,18,0,0,0,0,7,0,3,1,2,1,25,5,-1,-1,-1,-1,3,-1
2015360096776,2,9,0,18,0,0,0,0,0,0,3,1,2,1,21,5,1968,2,8,-1,1,-1
2015360096778,1,1,0,18,0,8,0,0,0,0,4,1,6,1,45,7,-1,-1,-1,-1,3,-1
2015360096778,2,9,0,5,0,4,0,0,0,0,1,1,6,1,22,5,1596,1,13,-1,1,-1
2015360096816,1,9,0,18,0,0,0,0,0,0,0,1,6,3,-1,-1,-1,-1,-1,-1,-1,-1
2015360096816,2,3,0,5,0,0,1,0,0,0,3,1,6,1,51,8,124,1,2,-1,2,-1
2015360096817,1,9,0,18,0,2,0,0,0,0,4,1,6,2,80,11,1298,1,12,-1,-1,-1
2015360096817,2,9,0,2,0,2,0,0,0,0,0,1,3,2,37,7,1749,1,14,-1,2,-1
2015360096876,1,5,0,18,0,0,0,0,0,0,1,1,6,1,26,6,996,1,17,-1,3,-1
2015360096876,2,19,0,4,0,0,0,0,0,0,2,1,1,1,29,6,1248,2,-1,-1,1,-1
2015360096876,3,9,0,13,0,0,0,0,0,0,0,1,1,1,38,7,1956,2,2,-1,1,-1
2015360096877,1,9,0,9,0,6,0,0,0,0,1,1,6,1,33,6,1984,1,12,-1,1,-1
2015360096878,1,9,0,4,0,1,0,0,0,0,2,1,6,2,52,8,1598,1,11,-1,-1,-1
2015360096878,2,9,0,4,0,1,0,0,0,0,1,1,6,1,59,9,1390,1,4,-1,3,-1
2015360096980,1,9,0,9,0,5,0,0,0,0,4,1,6,3,-1,-1,1388,1,11,-1,-1,-1
2015360096980,2,1,0,18,0,8,0,0,0,0,1,1,6,1,45,7,-1,-1,-1,-1,-1,-1
2015360096994,1,9,0,4,0,1,0,0,0,0,1,1,6,2,24,5,1390,1,3,-1,1,-1
2015360096994,2,9,0,4,0,1,0,0,0,0,2,1,6,2,58,9,1461,2,1,-1,3,-1
2015360097197,1,9,0,14,0,0,0,0,0,0,4,1,6,3,-1,-1,-1,-1,-1,-1,-1,-1
2015360097286,1,9,0,16,0,0,0,0,0,0,1,1,1,1,40,7,2477,2,12,-1,3,-1
2015360097286,2,19,0,17,0,0,0,0,0,0,1,1,1,1,53,8,-1,-1,-1,-1,2,-1
201536T150001,1,5,0,4,0,0,0,0,0,0,0,1,6,1,38,7,992,1,10,-1,3,-1
201536T150002,1,1,0,18,0,0,0,0,0,0,0,1,6,2,60,9,-1,-1,-1,-1,3,-1
201536T150003,1,9,0,18,0,0,0,0,0,0,1,1,6,1,17,4,973,1,15,-1,3,-1
201536T150003,2,11,0,4,0,0,0,0,0,0,2,1,1,1,35,6,10824,2,12,-1,1,-1
201536T150003,3,11,0,4,0,0,0,0,0,0,2,1,1,1,48,8,8268,2,14,-1,3,-1
201536T150003,4,21,0,4,0,0,0,0,0,0,2,1,1,1,40,7,9364,2,11,-1,3,-1
201536T150003,5,19,0,4,0,0,0,0,0,0,2,1,6,1,37,7,-1,-1,-1,-1,-1,-1
201536T150004,1,9,0,16,0,0,1,0,5,6,1,1,2,1,24,5,1999,1,10,-1,2,-1
201536T150005,1,9,0,18,0,0,1,0,1,4,1,1,6,1,35,6,4997,1,16,-1,1,-1
201536T150006,1,9,0,18,0,0,0,0,4,2,1,1,6,1,44,7,-1,-1,-1,-1,1,-1
201536T150007,1,9,0,3,0,0,0,0,0,0,2,1,1,1,31,6,1968,2,1,-1,1,-1
201536T150007,2,9,0,4,0,0,1,0,0,0,1,1,1,2,22,5,995,1,7,-1,1,-1
201536T150008,1,9,0,7,0,3,0,0,0,0,1,1,6,2,62,9,1242,1,5,-1,1,-1
201536T150008,2,1,0,18,0,3,0,0,0,0,2,1,6,2,54,8,-1,-1,-1,-1,1,-1
201536T150009,1,9,0,17,0,0,2,0,0,0,3,1,6,2,58,9,1398,2,13,-1,3,-1
201536T150010,1,4,0,18,0,0,0,12,0,0,1,1,1,1,38,7,942,1,10,-1,3,-1
201536T150011,1,9,0,18,0,1,0,0,0,0,1,1,6,1,40,7,-1,-1,-1,-1,-1,-1
201536T150011,2,19,0,4,0,1,0,0,0,0,2,1,6,1,42,7,1997,2,11,-1,1,-1
201536T150012,1,9,0,5,0,4,0,0,0,0,4,1,6,1,41,7,1998,1,14,-1,-1,-1
201536T150013,1,9,0,18,0,0,0,0,7,0,3,1,6,1,47,8,-1,-1,-1,-1,-1,-1
201536T150014,1,9,0,9,0,6,0,0,0,0,1,1,6,1,42,7,2982,2,-1,-1,-1,-1
201536T150014,2,5,0,18,0,8,0,0,0,0,4,1,2,1,30,6,649,1,7,-1,1,-1
201536T150015,1,9,0,17,0,0,2,0,0,0,1,1,6,2,20,4,1149,1,4,-1,3,-1
201536T150017,1,9,0,18,0,2,0,0,0,0,3,1,6,1,35,6,1490,1,6,-1,1,-1
201536T150018,1,9,0,5,0,6,0,0,0,0,1,1,6,2,50,8,-1,-1,-1,-1,-1,-1
201536T150018,2,1,0,18,0,8,0,0,0,0,4,1,6,2,82,11,-1,-1,-1,-1,2,-1
201536T150019,1,9,0,18,0,0,1,11,0,0,1,1,1,1,42,7,2143,2,1,-1,1,-1
201536T150020,1,9,0,17,0,2,2,0,1,11,4,1,2,2,40,7,-1,-1,-1,-1,2,-1
201536T150021,1,9,0,18,0,0,2,0,0,0,1,1,6,2,18,4,1299,1,13,-1,3,-1
201536T150022,1,9,0,18,0,0,2,0,1,4,4,1,6,1,35,6,-1,-1,-1,-1,2,-1
201536T150023,1,19,0,18,0,0,0,0,0,0,0,1,6,1,60,9,1998,2,12,-1,3,-1
201536T150023,2,5,0,4,0,0,0,0,0,0,4,1,1,1,27,6,598,1,25,-1,2,-1
201536T150024,1,9,0,17,0,0,2,0,0,0,1,1,2,1,50,8,1686,2,9,-1,1,-1
201536T150025,1,3,0,18,0,0,1,0,0,0,3,1,1,2,28,6,124,1,4,-1,1,-1
201536T150026,1,9,0,18,0,2,0,0,0,0,1,1,6,2,30,6,1997,2,13,-1,-1,-1
201536T150026,2,9,0,3,0,2,0,0,0,0,2,1,6,2,44,7,1329,1,1,-1,1,-1
201536T150026,3,9,0,3,0,2,0,0,0,0,2,1,6,2,-1,-1,1299,1,13,-1,-1,-1
201536T150028,1,9,0,4,0,1,0,0,0,0,1,1,6,1,40,7,2967,2,1,-1,-1,-1
201536T150028,2,9,0,4,0,1,0,0,0,0,2,1,1,2,30,6,-1,-1,-1,-1,1,-1
201536T150028,3,9,0,4,0,1,0,0,0,0,2,1,6,1,60,9,1149,1,4,-1,-1,-1
201536T150029,1,9,0,16,0,0,2,0,1,0,4,1,6,1,41,7,2000,1,14,-1,1,-1
201536T150030,1,9,0,5,0,4,0,0,0,0,1,1,6,1,42,7,1598,1,14,-1,1,-1
201536T150030,2,1,0,5,0,4,0,0,0,0,2,1,6,1,23,5,-1,-1,-1,-1,1,-1
201536T150031,1,9,0,16,0,0,2,0,7,0,1,1,1,2,53,8,1587,1,11,-1,2,-1
201536T150032,1,5,0,18,0,4,1,0,0,0,4,1,2,1,48,8,348,1,20,-1,-1,-1
201536T150033,1,3,0,7,0,8,1,0,0,0,4,1,2,1,23,5,124,1,1,-1,2,-1
201536T150034,1,9,0,17,0,0,2,0,1,10,4,1,6,1,18,4,1360,1,15,-1,3,-1
201536T150035,1,9,0,18,0,8,0,0,0,0,1,1,6,1,-1,-1,-1,-1,-1,-1,-1,-1
201536T150035,2,1,0,7,0,6,0,0,0,0,3,1,6,1,30,6,-1,-1,-1,-1,-1,-1
201536T150036,1,9,0,18,0,1,0,0,0,0,1,1,6,1,27,6,1598,1,9,-1,1,-1
201536T150036,2,9,0,8,0,1,0,0,0,0,2,1,6,1,29,6,-1,-1,-1,-1,1,-1
201536T150037,1,9,0,18,0,8,1,0,1,9,1,1,2,2,29,6,-1,-1,-1,-1,3,-1
201536T150038,1,9,0,17,0,0,5,0,1,0,1,1,6,1,24,5,-1,-1,-1,-1,2,-1
201536T150039,1,9,0,16,0,2,0,0,7,4,1,1,6,1,26,6,-1,-1,-1,-1,1,-1
201536T150040,1,9,0,18,0,0,0,0,0,0,1,1,6,2,53,8,-1,-1,-1,-1,1,-1
201536T150040,2,9,0,18,0,0,0,0,1,9,1,1,6,1,22,5,1360,1,9,-1,1,-1
201536T150041,1,9,0,4,0,1,1,0,0,0,1,1,2,1,22,5,1781,1,14,-1,1,-1
201536T150041,2,9,0,8,0,1,0,0,0,0,2,1,3,2,35,6,1753,2,5,-1,1,-1
201536T150042,1,9,0,18,0,0,0,0,1,10,1,1,6,1,21,5,1149,1,14,-1,3,-1
201536T150043,1,9,0,17,0,8,0,0,0,0,2,1,6,2,52,8,1149,1,11,-1,1,-1
201536T150043,2,9,0,17,0,8,0,0,0,0,2,1,6,2,37,7,-1,-1,-1,-1,1,-1
201536T150043,3,19,0,17,0,8,0,0,0,0,1,1,1,1,50,8,2198,2,1,-1,1,-1
201536T150044,1,9,0,4,0,1,1,0,0,0,1,1,6,2,40,7,1997,1,13,-1,1,-1
201536T150044,2,9,0,4,0,1,0,0,0,0,2,1,6,1,43,7,1997,2,11,-1,-1,-1
201536T150045,1,19,0,4,0,1,0,0,0,0,1,1,6,1,42,7,2187,2,12,-1,1,-1
201536T150045,2,9,0,4,0,1,0,0,0,0,2,1,6,2,42,7,1968,2,2,-1,3,-1
201536T150046,1,9,0,16,0,0,0,0,0,0,1,1,2,1,20,4,1596,1,13,-1,3,-1
201536T150046,2,21,0,17,0,0,0,0,0,0,1,1,1,1,35,6,6870,2,4,-1,2,-1
201536T150047,1,9,0,4,0,1,0,0,0,0,2,1,2,1,58,9,1868,2,13,-1,3,-1
201536T150047,2,19,0,4,0,1,0,0,0,0,2,1,1,1,34,6,-1,-1,-1,-1,-1,-1
201536T150047,3,21,0,4,0,1,0,0,0,0,1,1,1,1,49,8,-1,-1,-1,-1,-1,-1
201536T150048,1,2,0,16,0,0,1,0,0,0,3,1,6,1,19,4,49,1,5,-1,2,-1
201536T150049,1,9,0,18,0,1,0,0,0,0,1,1,6,2,50,8,-1,-1,-1,-1,3,-1
201536T150049,2,9,0,18,0,2,0,0,1,11,1,1,6,1,61,9,1794,1,12,-1,1,-1
201536T150050,1,9,0,17,0,0,1,0,1,9,1,1,6,1,18,4,-1,-1,-1,-1,3,-1
201536T150051,1,9,0,18,0,1,0,0,0,0,1,1,6,1,40,7,-1,-1,-1,-1,-1,-1
201536T150051,2,9,0,4,0,1,0,0,0,0,2,1,3,2,32,6,1995,2,5,-1,-1,-1
201536T150052,1,9,0,9,0,5,0,0,0,0,1,1,6,1,48,8,1598,1,9,-1,1,-1
201536T150052,2,1,0,18,0,8,0,0,0,0,1,1,6,1,30,6,-1,-1,-1,-1,1,-1
201536T150054,1,9,0,1,0,6,0,0,0,0,2,1,6,1,33,6,1390,1,8,-1,1,-1
201536T150055,1,9,0,18,0,0,0,0,0,0,3,1,6,1,65,9,1783,1,10,-1,3,-1
201536T150056,1,9,0,9,0,5,0,0,0,0,3,1,6,1,40,7,1587,1,14,-1,1,-1
201536T150056,2,2,0,5,0,6,0,0,0,0,3,1,6,1,16,4,50,1,5,-1,1,-1
201536T150057,1,9,0,18,0,0,0,0,0,0,1,1,6,2,81,11,1461,2,2,-1,1,-1
201536T150058,1,9,0,16,0,0,0,0,7,0,1,1,6,1,74,10,2143,2,6,-1,3,-1
201536T150059,1,9,0,9,0,6,0,0,0,0,3,1,2,1,33,6,1390,1,12,-1,1,-1
201536T150059,2,9,0,18,0,8,0,0,0,0,1,1,6,1,41,7,1995,2,4,-1,-1,-1
201536T150060,1,9,0,5,0,4,0,0,0,0,4,1,6,1,71,10,1798,1,2,-1,1,-1
201536T150060,2,3,0,5,0,4,0,0,0,0,3,1,6,1,42,7,124,1,2,-1,1,-1
201536T150061,1,3,0,7,0,5,1,0,0,0,4,1,2,1,37,7,125,1,-1,-1,1,-1
201536T150062,1,9,0,18,0,1,0,0,0,0,1,1,2,2,24,5,1299,1,15,-1,1,-1
201536T150062,2,9,0,3,0,1,0,0,0,0,2,1,6,2,64,9,898,1,2,-1,1,-1
201536T150062,3,9,0,3,0,1,0,0,0,0,2,1,6,1,75,10,1493,1,12,-1,1,-1
201536T150062,4,9,0,10,0,8,0,0,0,0,2,1,6,2,27,6,1997,2,16,-1,1,-1
201536T150063,1,9,0,18,0,1,0,0,0,0,1,1,6,2,69,10,600,1,15,-1,3,-1
201536T150063,2,9,0,3,0,1,0,0,0,0,2,1,6,1,47,8,2179,2,13,-1,2,-1
201536T150064,1,9,0,16,0,0,1,0,1,3,4,1,6,1,24,5,-1,-1,-1,-1,3,-1
201536T150065,1,9,0,7,0,4,0,0,0,0,3,1,2,1,50,8,1679,1,15,-1,1,-1
201536T150065,2,9,0,18,0,8,0,0,0,0,1,1,2,1,19,4,1596,1,11,-1,3,-1
201536T150066,1,4,0,7,0,2,0,10,7,0,1,1,6,1,20,4,397,1,24,-1,3,-1
201536T150067,1,9,0,9,0,5,0,0,0,0,4,1,6,2,19,4,1560,2,1,-1,1,-1
201536T150068,1,20,0,18,0,2,0,0,0,0,1,1,1,1,43,7,4580,2,5,-1,2,-1
201536T150068,2,9,0,4,0,2,0,0,0,0,2,1,2,1,22,5,1197,1,-1,-1,3,-1
201536T150068,3,9,0,4,0,2,0,0,0,0,2,1,2,1,32,6,1360,1,5,-1,1,-1
201536T150069,1,3,0,4,0,8,1,0,0,0,3,1,6,1,59,9,-1,-1,-1,-1,3,-1
201536T150070,1,19,0,18,0,0,0,0,0,0,1,1,1,1,25,5,1598,2,2,-1,2,-1
201536T150070,2,9,0,4,0,0,0,0,0,0,2,1,6,2,60,9,1598,1,3,-1,-1,-1
201536T150071,1,9,0,18,0,1,0,0,0,0,1,1,6,1,75,10,1461,2,5,-1,3,-1
201536T150071,2,8,0,18,0,1,0,0,0,0,2,1,6,1,30,6,1598,1,9,-1,1,-1
201536T150072,1,9,0,18,0,0,5,0,0,0,1,1,6,1,19,4,1248,2,11,-1,2,-1
201536T150073,1,9,0,18,0,0,1,0,1,0,1,1,6,1,57,9,1997,2,15,-1,1,-1
201536T150074,1,9,0,18,0,1,0,0,0,0,1,1,2,1,21,5,1800,1,15,-1,3,-1
201536T150074,2,19,0,3,0,1,0,0,0,0,2,1,2,1,35,6,1598,2,2,-1,1,-1
201536T150075,1,3,0,17,0,0,0,0,1,0,1,1,2,1,17,4,124,1,1,-1,2,-1
201536T150076,1,9,0,18,0,0,1,0,1,9,1,1,2,1,18,4,1248,2,11,-1,3,-1
201536T150076,2,9,0,18,0,0,0,0,0,0,0,1,6,1,35,6,1968,2,1,-1,-1,-1
201536T150077,1,9,0,18,0,0,0,0,0,0,1,1,1,1,45,7,-1,-1,-1,-1,1,-1
201536T150077,2,9,0,4,0,0,0,0,0,0,2,1,6,2,61,9,-1,-1,-1,-1,3,-1
201536T150077,3,9,0,4,0,0,0,0,0,0,2,1,6,1,40,7,1997,2,1,-1,1,-1
201536T150078,1,9,0,18,0,1,5,0,0,0,4,1,6,1,24,5,-1,-1,-1,-1,2,-1
201536T150079,1,2,0,4,0,1,1,0,0,0,4,1,6,2,26,6,49,1,4,-1,1,-1
201536T150080,1,5,0,14,0,0,0,0,7,0,3,1,6,1,44,7,996,1,17,-1,1,-1
201536T150081,1,3,0,17,0,0,1,0,1,0,1,1,6,1,20,4,108,1,2,-1,3,-1
201536T150082,1,19,0,4,0,0,0,0,0,0,1,1,2,1,34,6,-1,-1,-1,-1,-1,-1
201536T150082,2,9,0,3,0,0,0,0,0,0,2,1,1,1,38,7,-1,-1,-1,-1,-1,-1
201536T150082,3,9,0,3,0,0,0,0,0,0,2,1,6,1,32,6,1900,2,11,-1,-1,-1
201536T150083,1,19,0,18,0,0,2,0,1,4,4,1,6,1,23,5,1461,2,10,-1,3,-1
201536T150084,1,9,4,13,0,0,0,0,0,0,4,1,6,1,47,8,-1,-1,-1,-1,-1,-1
201536T150084,2,16,0,18,0,0,0,0,0,0,3,1,6,2,35,6,-1,-1,-1,-1,3,-1
201536T150085,1,9,0,17,0,0,1,0,7,0,1,1,6,1,39,7,1753,2,12,-1,-1,-1
201536T150086,1,2,0,4,0,3,0,0,0,0,1,1,6,1,-1,-1,-1,-1,-1,-1,-1,-1
201536T150086,2,1,0,4,0,3,0,0,0,0,2,1,6,1,29,6,-1,-1,-1,-1,1,-1
201536T150087,1,19,0,7,0,3,0,0,0,0,4,1,6,1,-1,-1,-1,-1,-1,-1,-1,-1
201536T150087,2,1,0,18,0,8,0,0,0,0,1,1,6,1,33,6,-1,-1,-1,-1,1,-1
201536T150088,1,11,0,18,0,0,0,0,0,0,4,1,1,1,27,6,-1,-1,-1,-1,2,-1
201536T150088,2,1,0,4,9,0,0,0,0,0,3,1,4,1,15,3,-1,-1,-1,-1,1,-1
201536T150089,1,9,0,4,0,1,0,0,0,0,1,1,6,1,35,6,1391,1,15,-1,1,-1
201536T150089,2,1,0,3,0,1,0,0,0,0,2,1,6,2,33,6,-1,-1,-1,-1,2,-1
201536T150091,1,9,0,18,0,2,0,0,0,0,1,1,6,2,80,11,998,1,3,-1,1,-1
201536T150091,2,9,0,4,0,2,0,0,0,0,2,1,6,2,30,6,1997,2,6,-1,1,-1
201536T150092,1,9,0,17,0,0,2,0,7,0,4,1,6,1,21,5,1229,1,10,-1,2,-1
201536T150093,1,9,0,18,0,0,2,0,1,4,1,1,6,1,19,4,-1,-1,-1,-1,3,-1
201536T150094,1,1,0,18,9,0,0,10,0,0,3,1,6,2,30,6,-1,-1,-1,-1,-1,-1
201536T150094,2,22,0,18,0,0,0,0,0,0,1,1,6,1,75,10,-1,-1,-1,-1,-1,-1
201536T150095,1,1,0,18,0,0,1,10,0,0,1,1,2,1,47,8,-1,-1,-1,-1,1,-1
201536T150096,1,9,0,18,0,4,0,9,3,1,1,1,6,1,76,11,1896,2,10,-1,1,-1
201536T150097,1,9,0,4,0,8,0,0,1,1,1,1,6,2,34,6,998,1,13,-1,1,-1
201536T150098,1,9,0,3,0,0,0,0,0,0,2,1,6,2,27,6,1598,1,7,-1,3,-1
201536T150098,2,9,0,3,0,0,0,0,0,0,2,1,6,2,48,8,998,1,10,-1,-1,-1
201536T150098,3,9,0,3,0,0,0,0,0,0,2,1,6,1,82,11,1560,2,4,-1,-1,-1
201536T150098,4,9,0,4,0,0,0,0,0,0,2,1,6,1,31,6,1686,2,13,-1,1,-1
201536T150098,5,9,0,18,0,0,0,0,0,0,1,1,1,1,46,8,1798,1,9,-1,2,-1
201536T150100,1,3,0,13,0,8,1,0,0,0,1,1,6,1,-1,-1,790,1,9,-1,1,-1
201536T150100,2,9,0,9,0,5,0,0,0,0,3,1,6,2,46,8,1587,1,9,-1,1,-1
201536T150101,1,9,0,4,0,0,0,0,0,0,1,1,6,2,29,6,1995,2,10,-1,3,-1
201536T150101,2,9,0,3,0,0,0,0,0,0,2,1,6,1,20,4,1995,2,-1,-1,-1,-1
201536T150102,1,9,0,18,0,0,1,0,0,0,1,1,6,2,17,4,1299,1,12,-1,3,-1
201536T150102,2,9,0,4,0,0,0,0,0,0,2,1,6,1,73,10,1598,1,4,-1,2,-1
201536T150103,1,9,0,3,0,0,0,0,0,0,2,1,2,2,43,7,1388,1,11,-1,2,-1
201536T150103,2,9,0,18,0,0,0,0,0,0,1,1,6,2,19,4,1149,1,13,-1,-1,-1
201536T150104,1,1,0,18,9,0,0,0,0,0,1,1,6,2,-1,-1,-1,-1,-1,-1,-1,-1
201536T150106,1,9,0,16,0,2,0,0,0,0,1,1,6,1,83,11,1248,1,1,-1,3,-1
201536T150106,2,19,0,17,0,1,0,0,0,0,1,1,6,1,22,5,-1,-1,-1,-1,2,-1
201536T150107,1,9,0,18,0,0,0,0,0,0,1,1,6,1,29,6,1686,2,10,-1,1,-1
201536T150107,2,1,0,18,0,0,0,0,0,0,2,1,6,1,16,4,-1,-1,-1,-1,1,-1
201536T150108,1,9,0,18,0,0,2,12,1,0,4,1,6,1,30,6,1910,2,13,-1,2,-1
201536T150109,1,9,0,18,0,0,1,0,7,10,1,1,6,2,44,7,1796,1,15,-1,2,-1
201536T150110,1,9,0,18,0,0,2,0,1,10,1,1,1,2,24,5,1388,1,15,-1,3,-1
201536T150111,1,1,0,4,0,1,0,0,0,0,3,1,1,2,45,7,-1,-1,-1,-1,1,-1
201536T150111,2,1,0,4,0,1,0,0,0,0,4,1,1,2,26,6,-1,-1,-1,-1,1,-1
201536T150113,1,9,0,7,0,6,0,0,0,0,1,1,6,2,70,10,1399,1,5,-1,3,-1
201536T150113,2,9,0,18,0,8,0,0,0,0,1,1,6,1,45,7,2496,2,15,-1,3,-1
201536T150114,1,9,0,18,0,0,0,12,0,0,1,1,6,1,23,5,1199,1,13,-1,2,-1
201536T150115,1,9,0,7,0,3,0,0,0,0,4,1,6,1,-1,-1,-1,-1,-1,-1,-1,-1
201536T150115,2,1,0,18,0,8,0,0,0,0,3,1,6,1,47,8,-1,-1,-1,-1,-1,-1
201536T150116,1,9,0,18,0,0,0,0,0,0,1,1,6,2,45,7,1598,1,8,-1,1,-1
201536T150116,2,9,0,4,0,0,0,0,0,0,2,1,6,2,26,6,1364,1,8,-1,-1,-1
201536T150116,3,9,0,4,0,0,0,0,0,0,2,1,6,1,-1,-1,-1,-1,-1,-1,-1,-1
201536T150117,1,2,0,4,0,0,1,0,0,0,3,1,6,2,18,4,49,1,5,-1,1,-1
201536T150118,1,3,0,16,0,0,1,0,1,0,1,1,6,1,20,4,123,1,-1,-1,3,-1
201536T150119,1,9,0,18,0,0,5,0,0,0,3,1,6,1,19,4,1299,1,12,-1,3,-1
201536T150120,1,9,0,9,0,6,0,0,0,0,1,1,6,2,27,6,-1,-1,-1,-1,1,-1
201536T150120,2,8,0,18,0,8,1,0,0,0,4,1,6,1,56,9,1248,2,9,-1,2,-1
201536T150121,1,5,0,4,0,1,0,0,0,0,3,1,6,1,53,8,900,1,39,-1,1,-1
201536T150122,1,9,0,7,0,6,0,0,7,0,1,1,6,2,38,7,1396,1,-1,-1,3,-1
201536T150122,2,21,1,18,0,8,0,0,0,0,1,1,1,1,37,7,12902,2,1,-1,3,-1
201536T150123,1,5,0,18,0,0,0,0,0,0,1,1,6,2,48,8,675,1,5,-1,3,-1
201536T150124,1,9,0,18,0,0,1,0,7,9,4,1,2,2,63,9,2922,1,12,-1,3,-1