Accident_Index,Vehicle_Reference,Vehicle_Type,Towing_and_Articulation,Vehicle_Manoeuvre,Vehicle_Location-Restricted_Lane,Junction_Location,Skidding_and_Overturning,Hit_Object_in_Carriageway,Vehicle_Leaving_Carriageway,Hit_Object_off_Carriageway,1st_Point_of_Impact,Was_Vehicle_Left_Hand_Drive?,Journey_Purpose_of_Driver,Sex_of_Driver,Age_of_Driver,Age_Band_of_Driver,Engine_Capacity_(CC),Propulsion_Code,Age_of_Vehicle,Driver_IMD_Decile,Driver_Home_Area_Type,Vehicle_IMD_Decile
201537EA88972,1,9,0,12,0,0,0,0,1,7,4,1,1,1,50,8,1598,1,13,-1,3,-1
201537EA88972,2,21,0,18,0,0,0,0,1,7,1,1,1,1,47,8,3920,2,9,-1,3,-1
201537EA88985,1,9,0,18,0,1,0,0,0,0,1,1,6,1,20,4,-1,-1,-1,-1,1,-1
201537EA88985,2,9,0,4,0,1,0,0,0,0,2,1,6,2,35,6,-1,-1,-1,-1,-1,-1
201537EA88992,1,9,0,18,0,0,0,0,0,0,1,1,6,1,51,8,-1,-1,-1,-1,2,-1
201537EA88992,2,9,0,18,0,0,0,0,4,6,2,1,6,2,52,8,-1,-1,-1,-1,3,-1
201537EA89010,1,19,0,4,0,6,0,0,0,0,1,1,6,1,35,6,1968,2,5,-1,1,-1
201537EA89010,2,1,0,18,0,8,0,0,0,0,4,1,6,1,47,8,-1,-1,-1,-1,1,-1
201537EA89012,1,9,0,3,0,1,0,0,0,0,1,1,6,1,71,10,1598,1,1,-1,-1,-1
201537EA89012,2,3,0,3,0,1,0,0,0,0,2,1,2,2,42,7,-1,-1,-1,-1,1,-1
201537EA89042,1,9,0,18,0,0,0,0,0,0,1,1,6,1,87,11,2199,2,4,-1,1,-1
201537EA89042,2,9,0,18,0,0,0,0,0,0,2,1,6,1,60,9,-1,-1,-1,-1,1,-1
201537EA89042,3,9,0,18,0,0,0,0,0,0,2,1,6,3,-1,-1,1595,1,12,-1,1,-1
201537EA89048,1,9,0,15,0,0,0,0,0,0,1,1,6,1,20,4,1998,1,11,-1,1,-1
201537EA89055,1,9,0,18,0,1,0,0,0,0,1,1,6,2,31,6,1149,1,6,-1,1,-1
201537EA89055,2,5,0,3,0,1,0,0,0,0,2,1,6,1,81,11,-1,-1,-1,-1,1,-1
201537EA89060,1,9,0,18,0,0,0,0,0,0,1,1,6,1,46,8,2993,2,3,-1,3,-1
201537EA89063,1,9,0,9,0,5,0,0,0,0,1,1,6,1,23,5,1396,1,17,-1,1,-1
201537EA89063,2,1,0,18,0,8,0,0,0,0,2,1,6,2,16,4,-1,-1,-1,-1,1,-1
201537EA89064,1,9,0,18,0,0,0,0,0,0,1,1,6,2,27,6,1240,1,11,-1,1,-1
201537EA89066,1,9,0,18,0,2,0,0,0,0,0,1,6,2,19,4,1598,2,4,-1,1,-1
201537EA89073,1,9,0,18,0,0,0,0,0,0,1,1,6,2,47,8,1242,1,7,-1,2,-1
201537EA89073,2,9,0,4,0,0,0,0,0,0,2,1,6,2,44,7,1984,1,9,-1,3,-1
201537EA89074,1,9,0,7,0,2,0,0,0,0,0,1,6,3,-1,-1,2099,2,10,-1,-1,-1
201537EA89074,2,3,0,18,0,1,1,0,0,0,0,1,1,1,19,4,124,1,8,-1,1,-1
201537EA89075,1,9,0,17,0,0,0,0,1,11,1,1,6,2,31,6,2993,2,1,-1,1,-1
201537EA89080,1,9,0,18,0,1,0,0,0,0,1,1,1,2,22,5,1596,1,7,-1,1,-1
201537EA89080,2,9,0,8,0,6,0,0,0,0,1,1,6,1,27,6,1242,1,5,-1,1,-1
201537EA89081,1,9,0,4,0,0,0,0,0,0,1,1,1,1,31,6,1995,2,2,-1,1,-1
201537EA89081,2,9,0,4,0,0,0,0,0,0,2,1,1,1,48,8,1968,2,1,-1,1,-1
201537EA89084,1,9,0,4,0,0,1,0,0,0,1,1,6,1,58,9,-1,-1,-1,-1,1,-1
201537EA89084,2,9,0,3,0,0,0,0,0,0,2,1,2,1,19,4,999,1,5,-1,2,-1
201537EA89100,1,9,0,5,0,6,0,0,0,0,3,1,6,1,29,6,1781,1,13,-1,1,-1
201537EA89100,2,9,0,18,0,1,0,0,0,0,1,1,6,2,78,11,-1,-1,-1,-1,1,-1
201537EA89106,1,9,0,5,0,8,0,0,0,0,3,1,6,1,64,9,1560,2,7,-1,3,-1
201537EA89106,2,9,0,18,0,8,1,0,0,0,1,1,1,1,23,5,2500,2,16,-1,3,-1
201537EA89108,1,9,0,18,0,0,1,0,2,4,4,1,6,1,18,4,1560,2,8,-1,2,-1
201537EA89124,1,9,0,18,0,1,0,0,0,0,1,1,6,1,55,8,998,1,1,-1,2,-1
201537EA89124,2,9,0,3,0,1,0,0,0,0,2,1,6,1,32,6,-1,-1,-1,-1,1,-1
201537EA89127,1,19,0,18,0,4,0,0,0,0,1,1,2,1,-1,-1,-1,-1,-1,-1,1,-1
201537EA89127,2,1,0,18,0,3,0,0,0,0,4,1,4,1,17,4,-1,-1,-1,-1,1,-1
201537EA89135,1,9,0,9,0,8,0,0,0,0,1,1,3,2,32,6,1796,1,15,-1,1,-1
201537EA89135,2,3,0,18,0,1,1,0,0,0,1,1,6,1,22,5,124,1,11,-1,1,-1
201537EA89144,1,9,0,18,0,0,1,0,0,10,1,1,6,2,61,9,1389,1,17,-1,2,-1
201537EA89144,2,17,0,18,0,0,1,0,0,0,3,1,1,1,52,8,6128,2,3,-1,1,-1
201537EA89146,1,9,0,3,0,0,0,0,0,0,1,1,1,1,-1,-1,1998,1,15,-1,3,-1
201537EA89146,2,9,0,3,0,0,0,0,0,0,2,1,1,2,48,8,1598,1,2,-1,3,-1
201537EA89148,1,9,0,16,0,0,0,0,0,0,1,1,6,1,43,7,1968,2,5,-1,2,-1
201537EA89148,2,9,0,16,0,0,0,0,0,0,2,1,6,2,44,7,1598,1,6,-1,3,-1
201537EA89153,1,9,0,12,0,0,1,0,0,6,3,1,2,1,30,6,1398,2,2,-1,1,-1
201537EA89153,2,9,0,16,0,0,0,0,0,0,4,1,6,1,39,7,1956,2,1,-1,3,-1
201537EA89155,1,9,0,18,0,1,1,0,1,7,1,1,1,1,56,9,2148,2,8,-1,1,-1
201537EA89157,1,9,0,17,0,0,0,0,0,0,1,1,6,3,-1,-1,-1,-1,-1,-1,-1,-1
201537EA89157,2,1,0,17,0,0,0,0,0,0,2,1,6,1,21,5,-1,-1,-1,-1,2,-1
201537EA89160,1,9,0,5,0,1,0,0,0,0,1,1,6,1,60,9,1984,2,8,-1,-1,-1
201537EA89160,2,9,0,18,0,1,0,0,0,0,1,1,6,2,53,8,1461,2,6,-1,1,-1
201537EA89160,3,9,0,10,0,1,0,0,0,0,1,1,6,2,35,6,1598,1,11,-1,2,-1
201537EA89160,4,9,0,3,0,1,0,0,0,0,1,1,6,2,24,5,1299,1,8,-1,1,-1
201537EA89171,1,19,0,7,0,4,0,0,0,0,1,1,6,1,56,9,1997,2,9,-1,1,-1
201537EA89171,2,9,0,7,0,4,0,0,0,0,2,1,6,2,80,11,1598,1,9,-1,1,-1
201537EA89199,1,9,0,1,8,0,0,4,0,0,3,1,6,1,22,5,1149,1,13,-1,1,-1
201537EA89199,2,9,0,2,6,0,0,0,0,0,4,1,6,1,51,8,1197,1,-1,-1,1,-1
201537EA89199,3,9,0,3,7,0,0,0,0,0,4,1,6,1,31,6,2499,2,14,-1,1,-1
201537EA89214,1,9,0,15,0,0,0,0,0,0,4,1,6,2,30,6,1598,1,1,-1,2,-1
201537EA89214,2,1,0,18,0,0,0,0,0,0,2,1,6,1,50,8,-1,-1,-1,-1,1,-1
201537EA89217,1,9,0,18,0,0,0,0,7,11,1,1,6,1,58,9,1991,1,11,-1,2,-1
201537EA89221,1,9,0,5,8,0,5,0,1,0,2,1,6,2,33,6,1995,2,10,-1,1,-1
201537EA89221,2,9,0,18,0,0,1,0,0,0,1,1,6,2,50,8,1248,1,4,-1,2,-1
201537EA89225,1,9,0,9,0,6,0,0,0,0,3,1,6,1,22,5,1686,2,3,-1,3,-1
201537EA89225,2,9,0,18,0,1,1,0,0,0,1,1,1,1,38,7,-1,-1,-1,-1,2,-1
201537EA89228,1,2,0,18,0,8,0,0,0,0,1,1,6,2,19,4,-1,-1,-1,-1,1,-1
201537EA89228,2,9,0,18,0,8,0,0,0,0,3,1,6,2,23,5,1360,1,6,-1,2,-1
201537EA89229,1,9,0,9,0,3,0,0,0,0,1,1,6,2,44,7,1997,2,12,-1,-1,-1
201537EA89229,2,9,0,9,0,3,0,0,0,0,2,1,6,1,52,8,1299,1,15,-1,3,-1
201537EA89229,3,90,0,7,0,4,0,0,0,0,0,1,1,2,22,5,2987,2,1,-1,-1,-1
201537EA89230,1,8,0,9,0,5,0,0,0,0,4,1,1,1,71,10,-1,-1,-1,-1,3,-1
201537EA89230,2,1,0,7,0,5,0,0,0,0,3,1,6,1,40,7,-1,-1,-1,-1,1,-1
201537EA89231,1,9,0,18,0,0,0,0,7,10,1,1,6,2,78,11,1388,1,3,-1,1,-1
201537EA89238,1,9,0,4,0,1,0,0,0,0,1,1,3,2,50,8,1560,2,5,-1,3,-1
201537EA89238,2,9,0,7,0,5,0,0,0,0,1,1,6,2,46,8,1339,1,7,-1,3,-1
201537EA89242,1,9,0,7,0,5,1,0,0,0,1,1,2,2,20,4,1390,1,14,-1,3,-1
201537EA89242,2,9,0,4,0,1,0,0,0,0,1,1,1,2,70,10,1997,2,8,-1,3,-1
201537EA89247,1,9,0,18,0,0,0,0,0,0,1,1,6,1,24,5,-1,-1,-1,-1,3,-1
201537EA89247,2,8,0,18,0,0,0,0,0,0,1,1,6,1,41,7,-1,-1,-1,-1,1,-1
201537EA89277,1,3,0,18,0,4,1,0,0,0,0,1,6,2,18,4,124,1,10,-1,1,-1
201537EA89277,2,3,0,18,0,4,1,0,0,0,0,1,6,1,48,8,198,1,13,-1,1,-1
201537EA89278,1,9,0,18,0,2,0,0,0,0,4,1,6,2,75,10,1339,1,1,-1,1,-1
201537EA89303,1,9,0,18,0,0,0,0,1,4,4,1,6,1,35,6,1560,2,8,-1,1,-1
201537EA89304,1,9,0,5,0,8,0,0,0,0,1,1,6,2,50,8,1199,1,14,-1,-1,-1
201537EA89304,2,98,0,18,0,1,0,0,0,0,4,1,1,1,26,6,4462,2,2,-1,1,-1
201537EA89319,1,9,0,18,0,0,5,0,1,4,1,1,6,1,38,7,-1,-1,-1,-1,3,-1
201537EA89341,1,97,0,4,0,0,0,0,0,0,1,1,2,1,49,8,670,1,2,-1,1,-1
201537EA89341,2,19,0,4,0,0,0,0,0,0,2,1,2,1,48,8,1995,2,7,-1,1,-1
201537EA89387,1,9,0,18,0,0,2,0,0,0,1,1,1,1,45,7,998,1,13,-1,2,-1
201537EA89391,1,9,0,18,0,0,0,0,0,0,1,1,6,1,39,7,2793,1,16,-1,1,-1
201537EA89391,2,9,0,18,0,0,0,0,0,0,2,1,6,2,43,7,1968,2,8,-1,1,-1
201537EA89406,1,4,0,9,0,1,1,0,0,0,0,1,6,1,28,6,599,1,12,-1,1,-1
201537EA89408,1,9,0,9,0,6,0,0,0,0,3,1,1,2,23,5,1598,1,16,-1,3,-1
201537EA89408,2,9,0,16,0,8,0,0,7,0,4,1,6,1,63,9,-1,-1,-1,-1,3,-1
201537EA89418,1,3,0,18,0,4,0,0,0,0,1,1,6,1,17,4,-1,-1,-1,-1,1,-1
201537EA89418,2,9,0,9,0,3,0,0,0,0,3,1,6,1,41,7,1995,2,11,-1,1,-1
201537EA89420,1,9,0,18,0,6,1,0,0,0,0,1,6,1,77,11,1590,1,26,-1,2,-1
201537EA89420,2,9,0,17,0,1,0,0,7,0,4,1,6,1,47,8,1968,2,2,-1,3,-1
201537EA89425,1,9,0,17,0,0,2,0,1,4,1,1,6,1,25,5,2000,1,9,-1,3,-1
201537EA89429,1,9,0,3,0,0,0,0,0,0,2,1,2,2,30,6,1390,1,2,-1,1,-1
201537EA89429,2,9,0,18,0,0,0,0,0,0,1,1,2,1,28,6,1968,2,2,-1,3,-1
201537EA89436,1,9,0,16,0,0,0,0,7,9,1,1,6,1,30,6,1910,2,8,-1,1,-1
201537EA89442,1,9,0,5,0,2,0,0,0,0,1,1,6,1,70,10,1596,1,13,-1,1,-1
201537EA89442,2,5,0,18,0,1,0,0,7,11,1,1,6,1,25,5,599,1,5,-1,1,-1
201537EA89456,1,9,0,18,0,1,1,0,0,0,1,1,6,1,67,10,1560,2,9,-1,2,-1
201537EA89456,2,21,1,7,0,1,0,0,0,0,3,1,1,1,58,9,12777,2,9,-1,2,-1
201537EA89458,1,9,0,18,0,0,2,0,1,9,1,1,2,1,18,4,1242,1,14,-1,3,-1
201537EA89459,1,9,0,18,0,0,0,0,0,0,1,1,6,2,47,8,1998,8,-1,-1,3,-1
201537EA89460,1,9,0,18,0,0,1,7,0,0,1,1,6,2,53,8,1242,1,9,-1,1,-1
201537EA89463,1,5,0,18,0,0,0,0,0,0,1,1,6,1,47,8,988,1,14,-1,1,-1
201537EA89463,2,9,0,4,0,0,0,0,0,0,2,1,6,1,23,5,1998,2,11,-1,1,-1
201537EA89469,1,20,0,7,0,1,0,0,0,0,3,1,1,1,48,8,-1,-1,-1,-1,-1,-1
201537EA89469,2,9,0,3,0,2,0,0,0,0,3,1,6,1,53,8,1598,1,8,-1,1,-1
201537EA89479,1,5,0,9,0,6,1,0,0,0,4,1,6,1,45,7,-1,-1,-1,-1,1,-1
201537EA89481,1,9,0,17,0,0,0,0,0,0,1,1,6,1,76,11,1242,1,4,-1,1,-1
201537EA89481,2,9,0,17,0,0,0,0,0,0,2,1,1,2,36,7,1796,1,12,-1,3,-1
201537EA89484,1,9,0,18,0,0,0,10,1,10,1,1,6,1,41,7,999,1,18,-1,3,-1
201537EA89489,1,9,0,4,0,0,0,0,0,0,1,1,6,1,60,9,1985,1,14,-1,-1,-1
201537EA89489,2,9,0,3,0,0,0,0,0,0,2,1,6,1,44,7,-1,-1,-1,-1,2,-1
201537EA89489,3,9,0,3,0,0,0,0,0,0,2,1,6,1,26,6,1242,1,9,-1,2,-1
201537EA89489,4,9,0,3,0,0,0,0,0,0,2,1,6,1,42,7,1341,1,14,-1,1,-1
201537EA89495,1,21,0,17,0,2,0,0,0,0,0,1,1,1,26,6,7201,2,6,-1,1,-1
201537EA89495,2,5,0,16,0,8,1,0,0,0,0,1,6,1,50,8,-1,-1,-1,-1,2,-1
201537EA89517,1,5,0,18,0,7,0,0,0,0,4,1,6,1,50,8,-1,-1,-1,-1,1,-1
201537EA89523,1,9,0,18,0,5,0,0,7,10,1,1,6,1,78,11,1339,1,4,-1,1,-1
201537EA89523,2,9,0,2,0,2,0,0,0,0,1,1,6,2,39,7,1781,1,17,-1,1,-1
201537EA89523,3,9,0,2,0,2,0,0,0,0,4,1,6,3,23,5,2946,1,18,-1,1,-1
201537EA89529,1,21,1,18,0,0,1,0,0,0,1,1,1,1,46,8,11946,2,4,-1,1,-1
201537EA89529,2,9,0,4,0,0,0,0,0,0,2,1,6,2,63,9,1242,1,4,-1,1,-1
201537EA89531,1,5,0,4,0,1,1,0,0,0,0,1,2,1,45,7,1000,1,6,-1,1,-1
201537EA89533,1,9,0,18,0,1,0,0,0,0,1,1,6,2,75,10,998,1,1,-1,1,-1
201537EA89533,2,9,0,10,0,1,0,0,0,0,2,1,1,2,30,6,-1,-1,-1,-1,2,-1
201537EA89540,1,9,0,18,0,0,0,4,1,11,4,1,6,1,40,7,2295,1,14,-1,1,-1
201537EA89540,2,9,0,2,0,0,0,0,0,0,3,1,6,1,47,8,2179,2,3,-1,1,-1
201537EA89565,1,9,0,9,0,8,0,0,0,0,1,1,6,2,23,5,1198,1,4,-1,2,-1
201537EA89565,2,5,0,18,0,8,0,0,0,0,3,1,6,1,60,9,1079,1,4,-1,1,-1
201537EA89598,1,19,0,4,0,1,1,0,0,0,1,1,1,1,38,7,1248,2,7,-1,1,-1
201537EA89598,2,9,0,4,0,1,0,0,0,0,1,1,6,2,53,8,1968,2,9,-1,2,-1
201537EA89603,1,9,0,18,0,0,0,0,7,2,1,1,6,1,73,10,1999,1,7,-1,2,-1
201537EA89614,1,9,0,18,0,8,0,0,0,0,1,1,2,1,24,5,1596,1,13,-1,1,-1
201537EA89614,2,1,0,18,0,8,0,0,0,0,1,1,4,1,15,3,-1,-1,-1,-1,1,-1
201537EA89617,1,5,0,18,0,6,1,0,0,0,0,1,2,1,30,6,599,1,7,-1,1,-1
201537EA89617,2,9,0,12,0,7,0,0,0,0,0,1,2,1,40,7,-1,-1,-1,-1,1,-1
201537EA89627,1,19,0,9,0,5,0,0,0,0,4,1,1,1,60,9,2198,2,2,-1,2,-1
201537EA89627,2,5,0,18,0,1,1,0,0,0,1,1,6,1,19,4,806,1,1,-1,2,-1
201537EA89627,3,9,0,18,0,1,0,0,0,0,1,1,1,1,52,8,-1,-1,-1,-1,3,-1
201537EA89628,1,19,0,18,0,1,0,0,0,0,3,1,6,1,70,10,2464,2,7,-1,1,-1
201537EA89634,1,9,0,18,0,4,0,0,0,0,1,1,6,3,-1,-1,-1,-1,-1,-1,-1,-1
201537EA89634,2,9,0,3,0,4,0,0,0,0,2,1,1,2,21,5,1197,1,2,-1,3,-1
201537EA89655,1,9,0,17,0,0,0,0,0,0,1,1,6,2,20,4,1199,1,13,-1,1,-1
201537EA89657,1,9,0,9,0,6,0,0,0,0,4,1,3,1,-1,-1,-1,-1,-1,-1,-1,-1
201537EA89657,2,1,0,18,0,8,0,0,0,0,3,1,6,2,42,7,-1,-1,-1,-1,2,-1
201537EA89659,1,9,0,7,0,8,0,0,0,0,4,1,6,1,20,4,1995,2,8,-1,1,-1
201537EA89659,2,1,0,18,0,8,0,0,0,0,1,1,6,1,27,6,-1,-1,-1,-1,1,-1
201537EA89660,1,9,0,13,0,0,0,0,0,0,0,1,1,1,31,6,1560,2,5,-1,1,-1
201537EA89660,2,5,0,13,0,0,0,10,8,10,1,1,1,1,26,6,675,1,5,-1,1,-1
201537EA89667,1,5,0,18,0,0,1,12,1,3,4,1,6,1,42,7,599,1,19,-1,2,-1
201537EA89669,1,9,0,18,0,8,1,0,0,0,4,1,6,1,42,7,2184,2,10,-1,2,-1
201537EA89669,2,9,0,18,0,8,0,0,0,0,1,1,6,2,79,11,1198,1,1,-1,1,-1
201537EA89669,3,9,0,2,0,2,0,0,0,0,4,1,6,1,32,6,-1,-1,-1,-1,3,-1
201537EA89670,1,5,0,18,0,2,1,0,0,0,3,1,1,1,29,6,996,1,10,-1,1,-1
201537EA89683,1,9,0,18,0,0,0,0,0,0,1,1,6,3,-1,-1,-1,-1,-1,-1,-1,-1
201537EA89683,2,1,0,18,0,0,0,0,0,0,2,1,6,1,13,3,-1,-1,-1,-1,1,-1
201537EA89694,1,9,0,4,0,0,0,0,0,0,1,1,2,1,26,6,1956,2,6,-1,1,-1
201537EA89694,2,9,0,4,0,0,0,0,0,0,2,1,2,2,22,5,1360,1,12,-1,1,-1
201537EA89694,3,9,0,4,0,0,0,0,0,0,2,1,2,1,19,4,-1,-1,-1,-1,1,-1
201537EA89694,4,9,0,4,0,0,0,0,0,0,2,1,2,1,40,7,1896,2,13,-1,1,-1
201537EA89699,1,9,0,18,0,0,0,0,0,0,1,1,2,1,27,6,1956,2,3,-1,1,-1
201537EA89699,2,8,0,4,0,0,0,0,0,0,2,1,2,1,49,8,1998,2,10,-1,1,-1
201537EA89700,1,19,0,5,0,1,0,0,0,0,1,1,2,1,40,7,-1,-1,-1,-1,3,-1
201537EA89700,2,9,0,18,0,1,0,0,0,0,4,1,2,2,59,9,1995,2,10,-1,3,-1
201537EA89702,1,9,0,18,0,1,0,0,0,0,1,1,6,1,65,9,1997,2,12,-1,1,-1
201537EA89702,2,9,0,10,0,1,0,0,0,0,2,1,6,2,18,4,1229,1,10,-1,1,-1
201537EA89703,1,9,0,6,0,0,0,0,0,0,1,1,6,1,30,6,1900,2,16,-1,1,-1
201537EA89703,2,5,0,13,0,0,0,0,0,0,1,1,2,1,55,8,-1,-1,-1,-1,3,-1
201537EA89705,1,9,0,18,0,8,0,0,0,0,1,1,6,1,50,8,1598,1,9,-1,1,-1
201537EA89705,2,9,0,18,0,8,0,0,0,0,1,1,6,1,17,4,1390,1,14,-1,1,-1
201537EA89709,1,5,0,18,0,0,0,0,0,0,4,1,6,1,67,10,125,1,1,-1,1,-1
201537EA89709,2,9,0,18,0,0,0,0,0,0,3,1,6,2,61,9,1999,1,8,-1,1,-1
201537EA89711,1,9,0,16,0,0,0,0,0,0,1,1,6,1,57,9,1598,2,-1,-1,3,-1
201537EA89711,2,9,0,17,0,0,0,0,0,0,1,1,6,1,57,9,1390,1,11,-1,3,-1
201537EA89725,1,9,0,18,0,0,0,0,0,0,1,1,6,3,-1,-1,-1,-1,-1,-1,-1,-1
201537EA89725,2,1,0,18,0,0,0,0,0,0,2,1,1,1,52,8,-1,-1,-1,-1,2,-1
201537EA89730,1,9,0,4,0,1,0,0,0,0,1,1,6,2,40,7,1951,2,13,-1,3,-1
201537EA89730,2,9,0,18,0,1,1,0,1,0,4,1,6,2,41,7,1560,2,8,-1,2,-1
201537EA89733,1,9,0,18,0,0,0,0,0,0,1,1,6,1,18,4,1242,1,13,-1,1,-1
201537EA89733,2,9,0,18,0,0,0,0,0,0,1,1,6,2,35,6,1461,2,4,-1,1,-1
201537EA89735,1,9,0,3,0,1,0,0,0,0,1,1,1,1,36,7,1596,1,10,-1,3,-1
201537EA89735,2,9,0,3,0,1,0,0,0,0,1,1,1,1,33,6,998,1,3,-1,2,-1
201537EA89735,3,9,0,3,0,1,0,0,0,0,1,1,6,1,81,11,1397,1,8,-1,1,-1
201537EA89735,4,9,0,10,0,1,0,0,0,0,2,1,1,2,53,8,-1,-1,-1,-1,3,-1
201537EA89748,1,97,0,4,0,0,1,0,0,0,1,1,6,1,49,8,1125,1,6,-1,3,-1
201537EA89748,2,9,0,4,0,0,0,0,0,0,2,1,6,2,27,6,1686,2,2,-1,1,-1
201537EA89749,1,9,0,5,0,8,0,0,0,0,1,1,6,2,50,8,1796,1,16,-1,1,-1
201537EA89749,2,9,0,18,0,8,0,0,0,0,4,1,6,2,22,5,1229,1,8,-1,2,-1
201537EA89752,1,9,0,17,0,0,0,0,7,10,1,1,6,1,19,4,1149,1,12,-1,3,-1
201537EA89755,1,9,0,16,0,0,1,0,1,0,1,1,6,2,61,9,-1,-1,-1,-1,1,-1
201537EA89755,2,9,0,17,0,0,1,0,1,0,1,1,6,1,59,9,1598,1,2,-1,1,-1
201537EA89756,1,19,0,18,0,0,0,0,0,0,4,1,6,1,45,7,-1,-1,-1,-1,1,-1
201537EA89756,2,1,0,18,0,0,0,0,0,0,3,1,6,2,55,8,-1,-1,-1,-1,1,-1
201537EA89758,1,9,0,17,0,0,0,0,1,4,1,1,6,1,22,5,1242,1,8,-1,3,-1
201537EA89766,1,19,0,18,0,0,1,0,0,0,1,1,6,1,25,5,1997,2,10,-1,3,-1
201537EA89766,2,19,0,18,0,0,0,0,0,0,2,1,6,1,51,8,1998,2,15,-1,2,-1
201537EA89780,1,9,0,3,0,2,0,0,0,0,1,1,6,1,50,8,-1,-1,-1,-1,1,-1
201537EA89780,2,9,0,18,0,1,0,0,0,0,4,1,6,1,18,4,1390,1,14,-1,1,-1
201537EA89781,1,9,0,18,0,1,0,0,0,0,1,1,1,1,22,5,1242,1,18,-1,3,-1
201537EA89781,2,9,0,3,0,1,0,0,0,0,2,1,6,2,56,9,998,1,13,-1,3,-1
201537EA89781,3,9,0,3,0,1,0,0,0,0,2,1,6,2,59,9,1349,1,10,-1,1,-1
201537EA89783,1,9,0,13,0,8,1,4,7,10,1,1,6,3,-1,-1,1997,1,15,-1,-1,-1
201537EA89783,2,2,0,9,0,5,0,0,0,0,3,1,6,1,16,4,49,1,2,-1,1,-1
201537EA89783,3,9,0,2,0,2,0,0,0,0,3,1,6,2,52,8,1798,1,4,-1,1,-1
201537EA89783,4,9,0,2,0,2,0,0,0,0,3,1,6,2,23,5,1598,2,1,-1,1,-1
201537EA89785,1,9,0,18,0,0,0,0,0,3,1,1,6,2,49,8,1349,1,1,-1,3,-1
201537EA89791,1,21,1,11,0,1,0,0,0,0,1,1,1,1,31,6,-1,-1,-1,-1,-1,-1
201537EA89791,2,9,0,18,0,1,0,0,0,0,3,1,2,1,47,8,998,1,17,-1,2,-1
201537EA89792,1,9,0,3,0,0,0,0,0,0,1,1,6,2,50,8,1242,1,8,-1,3,-1
201537EA89792,2,9,0,4,0,0,0,0,0,0,2,1,6,2,-1,-1,1995,2,3,-1,-1,-1
201537EA89795,1,9,0,18,0,0,0,0,0,0,3,1,1,1,54,8,2143,2,1,-1,3,-1
201537EA89795,2,9,0,18,0,0,0,0,0,0,3,1,6,2,23,5,1896,2,13,-1,3,-1
201537EA89806,1,9,0,18,0,0,0,0,0,0,0,1,6,3,-1,-1,-1,-1,-1,-1,-1,-1
201537EA89806,2,1,0,18,0,0,0,0,0,0,0,1,6,1,47,8,-1,-1,-1,-1,1,-1
201537EA89815,1,9,0,18,0,2,0,0,0,11,4,1,6,2,60,9,-1,-1,-1,-1,1,-1
201537EA89815,2,9,0,18,0,1,0,0,0,0,1,1,6,1,26,6,1997,2,3,-1,1,-1
201537EA89817,1,19,0,18,0,0,0,0,0,0,1,1,2,1,36,7,2496,2,16,-1,3,-1
201537EA89817,2,9,0,18,0,0,0,0,0,0,1,1,2,1,44,7,1397,1,16,-1,1,-1
201537EA89820,1,9,0,16,0,0,0,0,0,0,4,1,6,2,46,8,1398,1,2,-1,1,-1
201537EA89821,1,9,0,9,0,8,0,0,0,0,4,1,6,1,89,11,999,1,1,-1,1,-1
201537EA89821,2,9,0,18,0,1,0,0,0,0,1,1,6,1,24,5,-1,-1,-1,-1,1,-1
201537EA89829,1,19,0,18,0,0,0,0,0,0,1,1,6,1,28,6,2148,2,8,-1,1,-1
201537EA89829,2,9,0,3,0,0,0,0,0,0,2,1,6,1,33,6,1896,2,12,-1,1,-1
201537EA89829,3,9,0,18,0,0,0,0,0,0,3,1,6,1,38,7,2460,2,8,-1,1,-1
201537EA89832,1,9,0,17,0,0,0,0,1,0,1,1,6,1,23,5,1149,1,16,-1,2,-1
201537EA89835,1,9,0,9,0,8,0,0,0,0,1,1,6,2,38,7,999,1,1,-1,1,-1
201537EA89835,2,3,0,18,0,1,0,0,0,0,4,1,6,1,19,4,-1,-1,-1,-1,1,-1
201537EA89840,1,21,1,18,0,8,5,0,1,0,4,1,1,1,36,7,11946,2,6,-1,2,-1
201537EA89874,1,3,0,18,0,0,0,0,0,0,1,1,6,1,18,4,124,1,14,-1,1,-1
201537EA89874,2,9,0,7,0,0,0,0,0,0,2,1,6,1,79,11,1870,2,14,-1,1,-1
201537EA89879,1,9,0,18,0,2,0,0,0,0,1,1,6,1,20,4,1149,1,6,-1,3,-1
201537EA89879,2,9,0,18,0,1,0,0,0,0,4,1,6,1,86,11,1598,1,9,-1,1,-1
201537EA89883,1,9,0,18,0,0,0,0,0,0,1,1,6,1,44,7,-1,-1,-1,-1,3,-1
201537EA89883,2,9,0,18,0,0,0,0,7,0,4,1,6,1,60,9,1598,1,7,-1,2,-1
201537EA89887,1,9,0,5,0,4,0,0,0,0,1,1,6,2,28,6,1199,1,13,-1,1,-1
201537EA89887,2,1,0,18,0,8,0,0,0,0,4,1,6,1,35,6,-1,-1,-1,-1,-1,-1
201537EA89890,1,9,0,17,0,0,1,0,1,4,1,1,6,2,19,4,1149,1,7,-1,3,-1
201537EA89891,1,21,1,4,0,1,0,0,0,0,1,1,1,1,43,7,12777,2,7,-1,1,-1
201537EA89891,2,9,0,3,0,1,0,0,0,0,2,1,2,2,19,4,1149,1,15,-1,1,-1
201537EA89910,1,98,4,18,0,0,0,0,0,0,4,1,6,1,-1,-1,-1,-1,-1,-1,-1,-1
201537EA89910,2,1,0,18,0,0,0,0,0,0,3,1,6,1,25,5,-1,-1,-1,-1,1,-1