Accident_Index,Vehicle_Reference,Vehicle_Type,Towing_and_Articulation,Vehicle_Manoeuvre,Vehicle_Location-Restricted_Lane,Junction_Location,Skidding_and_Overturning,Hit_Object_in_Carriageway,Vehicle_Leaving_Carriageway,Hit_Object_off_Carriageway,1st_Point_of_Impact,Was_Vehicle_Left_Hand_Drive?,Journey_Purpose_of_Driver,Sex_of_Driver,Age_of_Driver,Age_Band_of_Driver,Engine_Capacity_(CC),Propulsion_Code,Age_of_Vehicle,Driver_IMD_Decile,Driver_Home_Area_Type,Vehicle_IMD_Decile
201537EA90898,2,19,0,2,0,0,0,0,0,0,0,1,1,1,26,6,2143,2,1,-1,1,-1
201537EA90898,3,9,0,18,0,0,0,0,0,0,1,1,6,2,66,10,1388,1,7,-1,3,-1
201537EA90901,1,9,0,9,0,5,0,0,0,0,4,1,6,1,23,5,1896,2,16,-1,3,-1
201537EA90901,2,9,0,18,0,1,0,0,1,4,1,1,6,1,55,8,3799,1,1,-1,1,-1
201537EA90901,3,9,0,18,0,1,0,0,0,0,3,1,6,1,25,5,1595,1,6,-1,1,-1
201537EA90925,1,9,0,9,0,1,0,0,0,0,4,1,6,1,-1,-1,1198,1,10,-1,1,-1
201537EA90925,2,9,0,18,0,1,0,0,0,0,1,1,3,2,-1,-1,1997,2,17,-1,1,-1
201537EA90933,1,21,1,11,0,0,0,0,0,0,4,1,1,1,57,9,12130,2,11,-1,1,-1
201537EA90933,2,9,0,18,0,0,0,0,0,0,3,1,2,2,53,8,998,1,3,-1,1,-1
201537EA90936,1,9,0,2,6,0,0,0,0,0,3,1,6,1,-1,-1,-1,-1,-1,-1,-1,-1
201537EA90936,2,1,0,18,9,0,0,0,0,0,1,1,6,2,44,7,-1,-1,-1,-1,1,-1
201537EA91001,1,90,0,5,0,0,0,0,0,0,1,1,6,1,11,3,-1,-1,-1,-1,3,-1
201537EA91001,2,9,0,18,0,0,1,0,0,0,3,1,6,1,26,6,1597,1,22,-1,3,-1
201537EA91002,1,9,0,4,0,1,1,0,0,0,0,1,6,1,52,8,1796,1,9,-1,1,-1
201537EA91002,2,1,0,18,0,1,0,0,0,0,1,1,6,1,9,2,-1,-1,-1,-1,-1,-1
201537EA91003,1,9,0,5,0,4,0,0,0,0,1,1,6,2,-1,-1,1598,1,9,-1,-1,-1
201537EA91003,2,1,0,5,0,4,0,0,0,0,3,1,6,1,28,6,-1,-1,-1,-1,1,-1
201537EA91009,1,1,0,5,0,0,0,0,0,0,0,1,4,1,10,2,-1,-1,-1,-1,1,-1
201537EA91009,2,9,0,18,0,0,0,0,0,0,0,1,2,2,44,7,1896,2,11,-1,1,-1
201537EA91011,1,9,0,18,0,0,0,0,0,0,1,1,2,2,21,5,1299,1,15,-1,2,-1
201537EA91011,2,9,0,18,0,0,0,0,0,0,2,1,2,2,40,7,1997,2,13,-1,1,-1
201537EA91036,1,9,0,9,0,1,0,0,0,0,4,1,6,1,41,7,1598,1,5,-1,1,-1
201537EA91036,2,9,0,18,0,1,0,0,0,0,1,1,6,1,47,8,-1,-1,-1,-1,1,-1
201537EA91036,3,9,0,18,0,1,0,0,0,0,3,1,6,1,41,7,1598,1,8,-1,3,-1
201537EA91040,1,9,0,18,0,0,5,0,2,4,4,1,2,2,49,8,1587,1,9,-1,3,-1
201537EA91040,2,19,0,18,0,0,0,0,1,0,3,1,1,1,58,9,2198,2,3,-1,1,-1
201537EA91042,1,9,0,9,0,1,0,0,0,0,4,1,6,2,59,9,1997,2,13,-1,3,-1
201537EA91042,2,1,0,18,0,1,0,0,0,0,1,1,6,1,43,7,-1,-1,-1,-1,1,-1
201537EA91043,1,1,0,18,0,1,0,0,0,0,1,1,2,1,22,5,-1,-1,-1,-1,1,-1
201537EA91043,2,9,0,9,0,2,0,0,0,0,1,1,6,1,59,9,1686,2,-1,-1,1,-1
201537EA91044,1,9,0,5,0,4,0,0,0,0,1,1,6,2,71,10,1389,1,13,-1,1,-1
201537EA91044,2,9,0,18,0,8,0,0,0,0,1,1,6,1,69,10,1197,1,4,-1,1,-1
201537EA91045,1,9,0,16,0,0,0,0,0,0,1,1,2,1,30,6,1390,1,6,-1,3,-1
201537EA91045,2,9,0,17,0,0,0,0,0,0,1,1,6,1,61,9,1560,2,1,-1,3,-1
201537EA91046,1,9,0,9,0,8,0,0,0,0,1,1,1,1,45,7,1198,1,10,-1,1,-1
201537EA91046,2,9,0,18,0,8,0,0,0,0,1,1,6,2,29,6,1598,1,10,-1,3,-1
201537EA91047,1,19,0,18,0,1,0,0,0,0,1,1,6,1,50,8,1598,2,-1,-1,1,-1
201537EA91047,2,9,0,4,0,1,0,0,0,0,2,1,2,1,37,7,998,1,16,-1,1,-1
201537EA91048,1,3,0,18,0,0,0,0,0,0,2,1,6,2,22,5,-1,-1,-1,-1,1,-1
201537EA91053,1,5,0,17,0,0,1,0,0,0,4,1,6,2,47,8,865,1,6,-1,3,-1
201537EA91054,1,1,0,18,0,0,0,0,0,0,1,1,2,1,36,7,-1,-1,-1,-1,1,-1
201537EA91054,2,9,0,2,0,0,0,0,0,0,2,1,6,3,-1,-1,-1,-1,-1,-1,-1,-1
201537EA91079,1,9,0,18,0,0,0,0,0,0,1,1,2,2,27,6,-1,-1,-1,-1,3,-1
201537EA91079,2,9,0,18,0,0,0,0,0,0,2,1,1,1,42,7,-1,-1,-1,-1,1,-1
201537EA91079,3,20,0,18,0,0,0,0,0,0,0,1,1,1,53,8,5880,2,8,-1,3,-1
201537EA91085,1,9,0,18,0,0,0,0,0,0,1,1,6,2,44,7,-1,-1,-1,-1,3,-1
201537EA91085,2,20,0,3,0,0,0,0,0,0,1,1,1,1,31,6,4580,2,1,-1,1,-1
201537EA91090,1,5,0,18,0,8,0,0,0,0,4,1,6,1,23,5,1099,1,8,-1,1,-1
201537EA91090,2,9,0,18,0,8,0,0,0,0,1,1,6,1,33,6,1968,2,10,-1,1,-1
201537EA91099,1,19,0,5,0,1,0,0,0,0,3,1,1,1,34,6,2402,2,9,-1,1,-1
201537EA91099,2,9,0,18,0,1,0,0,0,0,4,1,3,1,40,7,-1,-1,-1,-1,-1,-1
201537EA91102,1,9,0,5,0,8,0,0,7,0,3,1,6,1,22,5,1798,1,3,-1,3,-1
201537EA91102,2,9,0,18,0,8,0,0,1,0,4,1,6,2,59,9,1900,2,10,-1,-1,-1
201537EA91103,1,9,0,1,9,6,0,0,0,0,2,1,6,1,37,7,998,1,3,-1,1,-1
201537EA91103,2,1,0,18,9,1,0,0,0,0,1,1,6,1,11,3,-1,-1,-1,-1,1,-1
201537EA91128,1,9,0,18,0,0,0,0,0,0,1,1,6,1,29,6,1797,8,1,-1,3,-1
201537EA91128,2,9,0,3,0,0,0,0,0,0,2,1,6,2,48,8,1995,2,3,-1,1,-1
201537EA91130,1,2,0,18,0,8,1,0,0,0,4,1,1,1,16,4,49,1,30,-1,1,-1
201537EA91130,2,9,0,9,0,5,0,0,0,0,1,1,6,2,80,11,1296,1,7,-1,1,-1
201537EA91131,1,1,0,18,0,0,0,4,0,0,1,1,6,1,66,10,-1,-1,-1,-1,1,-1
201537EA91131,2,9,0,2,0,0,0,0,0,0,2,1,6,2,55,8,1999,1,9,-1,1,-1
201537EA91133,1,9,0,17,0,0,1,0,7,0,1,1,6,2,27,6,-1,-1,-1,-1,3,-1
201537EA91136,1,9,0,17,0,0,1,0,1,4,3,1,6,1,17,4,1360,1,14,-1,3,-1
201537EA91139,1,9,0,5,0,0,0,0,0,0,1,1,6,1,17,4,1390,1,15,-1,1,-1
201537EA91139,2,19,0,2,0,0,0,0,0,0,1,1,6,1,47,8,2464,2,10,-1,1,-1
201537EA91140,1,9,0,17,0,0,5,0,1,4,1,1,6,1,23,5,-1,-1,-1,-1,1,-1
201537EA91148,1,5,0,17,0,0,0,0,0,0,4,1,6,1,80,11,744,1,4,-1,1,-1
201537EA91153,1,3,0,17,0,0,0,0,1,0,4,1,6,1,20,4,124,1,10,-1,1,-1
201537EA91154,1,9,0,18,0,0,1,0,7,10,1,1,2,2,44,7,1598,1,2,-1,3,-1
201537EA91155,1,9,0,1,9,1,0,0,0,0,4,1,1,1,27,6,1560,2,-1,-1,1,-1
201537EA91155,2,90,0,5,9,1,0,0,0,0,1,1,4,2,10,2,-1,-1,-1,-1,1,-1
201537EA91156,1,9,0,4,0,1,0,0,0,0,1,1,2,1,37,7,1995,2,11,-1,2,-1
201537EA91156,2,4,0,4,0,1,0,0,0,0,2,1,2,1,57,9,124,1,9,-1,1,-1
201537EA91178,1,21,1,7,0,4,5,0,0,0,3,1,1,1,32,6,-1,-1,-1,-1,3,-1
201537EA91183,1,5,0,18,0,1,0,0,0,0,1,1,6,1,58,9,1298,1,9,-1,2,-1
201537EA91183,2,5,0,9,0,8,0,0,0,0,2,1,6,1,67,10,-1,-1,-1,-1,1,-1
201537EA91185,1,5,0,16,0,0,1,0,0,0,1,1,6,1,34,6,897,1,5,-1,1,-1
201537EA91185,2,9,0,17,0,0,0,0,0,0,1,1,2,2,52,8,1242,1,1,-1,2,-1
201537EA91187,1,9,0,18,0,0,0,0,1,4,1,1,6,1,53,8,1596,1,5,-1,1,-1
201537EA91187,2,21,0,18,0,0,1,0,2,4,1,1,1,1,51,8,12902,2,2,-1,3,-1
201537EA91194,1,9,0,17,0,0,5,0,7,0,1,1,6,1,32,6,2499,2,13,-1,3,-1
201537EA91220,1,21,1,2,0,0,0,0,0,0,2,1,1,1,55,8,12902,2,2,-1,-1,-1
201537EA91220,2,9,0,4,0,0,0,4,0,0,1,1,6,2,75,10,999,1,2,-1,3,-1
201537EA91222,1,9,0,18,0,0,0,0,7,10,3,1,6,1,22,5,1242,1,15,-1,1,-1
201537EA91222,2,21,1,18,0,0,0,0,0,0,3,1,1,1,35,6,10518,2,1,-1,1,-1
201537EA91223,1,9,0,18,0,0,5,0,1,4,1,1,6,1,63,9,4367,2,4,-1,2,-1
201537EA91225,1,19,0,18,0,0,5,0,1,0,1,1,1,1,30,6,1995,2,8,-1,1,-1
201537EA91227,1,2,0,4,0,0,0,0,0,0,1,1,1,1,74,10,279,1,2,-1,1,-1
201537EA91264,1,21,0,1,8,6,0,0,0,0,2,1,1,1,-1,-1,6693,2,2,-1,-1,-1
201537EA91264,2,9,0,2,6,1,0,0,0,0,2,1,6,1,81,11,1997,1,8,-1,1,-1
201537EA91266,1,9,0,5,0,8,0,0,0,1,1,1,1,1,21,5,-1,-1,-1,-1,3,-1
201537EA91266,2,9,0,18,0,1,0,0,0,0,4,1,6,1,60,9,2993,2,12,-1,3,-1
201537EA91268,1,9,0,18,0,1,0,0,0,0,1,1,1,1,34,6,1769,1,10,-1,2,-1
201537EA91268,2,9,0,18,0,1,0,0,0,0,2,1,1,1,44,7,1753,2,12,-1,3,-1
201537EA91274,1,20,0,18,0,0,0,4,0,0,1,1,6,1,27,6,2198,2,-1,-1,1,-1
201537EA91274,2,9,0,2,0,0,0,0,0,0,2,1,6,2,26,6,1299,1,13,-1,1,-1
201537EA91274,3,9,0,2,0,0,0,0,0,0,2,1,6,1,59,9,-1,-1,-1,-1,1,-1
201537EA91274,4,9,0,2,0,0,0,0,0,0,2,1,6,1,26,6,1596,1,2,-1,1,-1
201537EA91277,1,9,0,5,0,2,0,0,0,0,3,1,6,1,27,6,4367,2,3,-1,1,-1
201537EA91277,2,9,0,18,0,1,0,0,0,0,1,1,6,1,60,9,998,1,2,-1,3,-1
201537EA91279,1,9,0,9,0,1,0,0,0,0,4,1,6,1,36,7,3498,1,-1,-1,1,-1
201537EA91279,2,9,0,9,0,1,0,0,0,0,1,1,6,1,24,5,-1,-1,-1,-1,3,-1
201537EA91279,3,9,0,4,0,1,0,0,0,0,3,1,6,1,64,9,-1,-1,-1,-1,3,-1
201537EA91303,1,9,0,5,0,1,0,0,0,0,3,1,6,1,67,10,1796,1,16,-1,1,-1
201537EA91303,2,4,0,18,0,1,0,0,0,0,1,1,6,1,30,6,670,1,3,-1,1,-1
201537EA91306,1,9,0,18,0,0,0,0,0,0,1,1,6,3,-1,-1,-1,-1,-1,-1,-1,-1
201537EA91309,1,9,0,4,0,1,1,0,0,0,1,1,1,1,50,8,-1,-1,-1,-1,1,-1
201537EA91309,2,9,0,4,0,1,0,0,0,0,2,1,2,1,48,8,1598,1,6,-1,1,-1
201537EA91313,1,9,0,13,0,0,0,0,7,4,3,1,6,2,89,11,1242,1,6,-1,2,-1
201537EA91313,2,9,0,14,0,0,0,0,0,0,3,1,6,1,48,8,1796,1,15,-1,2,-1
201537EA91313,3,9,0,4,0,0,0,0,0,0,0,1,6,1,69,10,1968,2,6,-1,2,-1
201537EA91313,4,21,0,4,0,0,0,0,0,0,0,1,1,1,50,8,12809,2,-1,-1,2,-1
201537EA91329,1,9,0,13,0,8,0,0,0,0,1,1,6,1,41,7,1560,2,1,-1,1,-1
201537EA91329,2,9,0,9,0,5,0,0,1,0,3,1,6,2,64,9,1248,1,-1,-1,3,-1
201537EA91332,1,9,0,1,0,6,0,0,0,0,2,1,6,1,18,4,1596,1,13,-1,1,-1
201537EA91332,2,9,0,2,0,1,0,0,0,0,3,1,6,2,66,10,1242,1,18,-1,1,-1
201537EA91352,1,9,0,18,0,1,0,0,0,0,1,1,6,1,23,5,993,1,14,-1,1,-1
201537EA91352,2,9,0,2,0,2,0,0,0,0,2,1,6,1,27,6,1753,2,13,-1,1,-1
201537EA91358,1,9,0,18,0,1,0,0,0,0,4,1,6,2,23,5,1999,1,7,-1,1,-1
201537EA91360,1,9,0,18,0,1,1,0,0,0,1,1,2,2,24,5,1390,1,11,-1,2,-1
201537EA91360,2,9,0,18,0,1,0,0,0,0,2,1,2,1,20,4,1198,1,4,-1,3,-1
201537EA91360,3,9,0,18,0,1,0,0,0,0,2,1,2,1,70,10,1560,2,3,-1,3,-1
201537EA91363,1,19,0,4,0,1,0,0,0,0,1,1,6,1,55,8,-1,-1,-1,-1,1,-1
201537EA91363,2,9,0,3,0,1,0,0,0,0,2,1,6,2,33,6,998,1,5,-1,1,-1
201537EA91376,1,9,0,9,0,1,0,0,0,0,1,1,6,1,61,9,1108,1,21,-1,1,-1
201537EA91376,2,9,0,18,0,1,0,0,1,0,1,1,6,2,27,6,1800,1,15,-1,1,-1
201537EA91377,1,9,0,18,0,0,0,0,0,0,1,1,6,1,22,5,1242,1,15,-1,1,-1
201537EA91377,2,9,0,3,0,0,0,0,0,0,2,1,2,1,29,6,1998,1,10,-1,1,-1
201537EA91392,1,9,0,9,0,6,0,0,0,0,1,1,6,2,44,7,1399,2,4,-1,3,-1
201537EA91392,2,9,0,18,0,8,0,0,0,0,1,1,6,2,48,8,1598,1,10,-1,3,-1
201537EA91393,1,9,4,17,0,0,0,0,0,0,4,1,6,1,48,8,-1,-1,-1,-1,3,-1
201537EA91401,1,9,0,9,0,6,0,0,0,0,0,1,6,2,29,6,1390,1,17,-1,1,-1
201537EA91401,2,5,0,18,0,1,0,0,0,0,0,1,6,1,46,8,1450,1,13,-1,1,-1
201537EA91418,1,9,0,9,0,8,0,0,0,0,3,1,6,2,27,6,1199,2,2,-1,1,-1
201537EA91418,2,5,0,18,0,1,1,0,0,0,1,1,6,1,62,9,996,1,14,-1,1,-1
201537EA91426,1,9,0,5,0,0,0,0,0,0,1,1,6,2,45,7,1198,1,5,-1,1,-1
201537EA91437,1,9,0,18,0,1,0,0,0,0,1,1,6,2,-1,-1,-1,-1,-1,-1,-1,-1
201537EA91437,2,1,0,5,0,6,0,0,0,0,1,1,6,1,24,5,-1,-1,-1,-1,1,-1
201537EA91464,1,9,0,18,0,2,0,0,0,11,1,1,6,1,84,11,1596,1,10,-1,3,-1
201537EA91471,1,2,0,13,0,8,0,0,0,0,1,1,6,1,16,4,50,1,10,-1,1,-1
201537EA91471,2,9,0,9,0,5,0,0,0,0,3,1,6,1,54,8,1968,2,5,-1,2,-1
201537EA91473,1,9,0,4,0,0,1,0,0,0,1,1,1,2,29,6,1999,1,7,-1,1,-1
201537EA91473,2,9,0,4,0,0,0,0,0,0,2,1,1,1,60,9,1395,1,2,-1,1,-1
201537EA91473,3,9,0,4,0,0,0,0,0,0,2,1,1,1,40,7,1995,2,1,-1,3,-1
201537EA91474,1,9,0,9,0,4,0,0,0,0,3,1,6,2,53,8,1343,1,12,-1,1,-1
201537EA91474,2,1,0,7,0,4,0,0,0,0,1,1,3,1,29,6,-1,-1,-1,-1,1,-1
201537EA91475,1,9,0,18,0,1,0,0,0,0,3,1,6,2,60,9,1590,1,14,-1,1,-1
201537EA91476,1,22,0,18,0,0,0,0,0,0,3,1,6,3,-1,-1,-1,-1,-1,-1,-1,-1
201537EA91479,1,3,0,18,0,1,0,0,0,0,0,1,2,1,30,6,125,1,2,-1,1,-1
201537EA91479,2,9,0,18,0,3,0,0,0,0,0,1,1,1,53,8,-1,-1,-1,-1,1,-1
201537EA91480,1,9,0,18,0,0,0,0,0,0,1,1,6,2,70,10,1997,1,1,-1,2,-1
201537EA91480,2,9,0,4,0,0,0,0,0,0,2,1,6,1,62,9,2171,2,11,-1,1,-1
201537EA91480,3,9,0,4,0,0,0,0,0,0,2,1,6,1,66,10,-1,-1,-1,-1,1,-1
201537EA91486,1,9,0,18,0,0,0,0,0,0,1,1,6,2,31,6,1796,1,8,-1,1,-1
201537EA91486,2,9,0,18,0,0,0,0,0,0,2,1,6,2,59,9,1242,1,1,-1,1,-1
201537EA91487,1,9,0,16,0,0,2,0,1,0,3,1,2,2,22,5,1360,1,15,-1,2,-1
201537EA91501,1,9,0,9,0,0,0,0,0,0,1,1,6,2,33,6,1870,2,11,-1,1,-1
201537EA91501,2,9,0,17,0,0,0,0,0,0,1,1,6,1,30,6,1360,1,16,-1,-1,-1
201537EA91503,1,9,0,3,0,1,0,0,0,0,4,1,6,1,41,7,1988,1,11,-1,1,-1
201537EA91503,2,1,0,18,0,1,0,0,0,0,1,1,6,1,38,7,-1,-1,-1,-1,3,-1
201537EA91509,1,9,0,18,0,1,0,0,0,0,4,1,6,3,-1,-1,-1,-1,-1,-1,-1,-1
201537EA91510,1,9,0,3,0,1,0,0,0,0,1,1,6,2,-1,-1,-1,-1,-1,-1,-1,-1
201537EA91510,2,9,0,3,0,1,0,0,0,0,2,1,6,1,19,4,1242,1,12,-1,1,-1
201537EA91512,1,9,0,18,0,0,0,0,0,0,3,1,6,2,41,7,1591,1,4,-1,1,-1
201537EA91512,2,5,0,18,0,0,0,0,0,0,3,1,6,1,29,6,599,1,-1,-1,2,-1
201537EA91516,1,9,0,18,0,8,0,0,0,0,4,1,1,2,72,10,1560,2,5,-1,2,-1
201537EA91516,2,9,0,18,0,1,0,0,0,0,1,1,6,1,71,10,1598,1,13,-1,2,-1
201537EA91517,1,9,0,18,0,6,0,0,0,0,1,1,1,2,25,5,1598,1,10,-1,1,-1
201537EA91517,2,9,0,16,0,1,0,0,0,0,1,1,6,2,40,7,2148,2,9,-1,1,-1
201537EA91519,1,9,0,18,0,1,0,0,0,0,1,1,6,1,73,10,1997,1,3,-1,3,-1
201537EA91519,2,9,0,2,0,1,0,4,0,0,2,1,6,2,35,6,1968,2,8,-1,3,-1
201537EA91519,3,9,0,2,0,1,0,0,0,0,2,1,6,1,76,11,1997,1,20,-1,3,-1
201537EA91523,1,9,0,18,0,4,0,0,0,0,1,1,2,1,21,5,-1,-1,-1,-1,-1,-1
201537EA91523,2,9,0,9,0,8,0,0,0,0,2,1,3,2,49,8,1896,2,8,-1,3,-1
201537EA91526,1,3,0,18,0,0,0,0,0,0,1,1,6,2,33,6,125,1,1,-1,1,-1
201537EA91526,2,9,0,3,0,0,0,0,0,0,2,1,6,2,35,6,1598,1,4,-1,1,-1
201537EA91527,1,4,0,18,0,1,0,0,0,0,0,1,2,1,72,10,279,1,2,-1,2,-1
201537EA91533,1,9,0,18,0,0,0,0,0,0,1,1,6,1,67,10,1248,1,5,-1,1,-1
201537EA91533,2,9,0,18,0,0,0,0,0,0,1,1,6,1,24,5,-1,-1,-1,-1,1,-1
201537EA91546,1,9,0,9,0,1,0,0,0,0,1,1,6,2,87,11,1198,1,2,-1,2,-1
201537EA91546,2,1,0,18,0,1,0,0,0,0,3,1,6,2,63,9,-1,-1,-1,-1,3,-1
201537EA91550,1,9,0,18,0,0,0,0,0,2,1,1,6,1,22,5,1998,1,8,-1,1,-1
201537EA91552,1,9,0,5,9,6,0,0,0,0,3,1,2,1,30,6,2967,2,5,-1,1,-1
201537EA91552,2,3,0,18,0,1,0,0,0,0,1,1,2,1,18,4,124,1,6,-1,1,-1
201537EA91557,1,9,0,3,0,0,0,0,0,0,1,1,6,2,71,10,1360,1,12,-1,3,-1
201537EA91557,2,9,0,18,0,0,0,0,0,0,2,1,6,2,44,7,1461,2,2,-1,1,-1
201537EA91566,1,1,0,18,0,0,0,4,0,0,1,1,6,1,56,9,-1,-1,-1,-1,1,-1
201537EA91566,2,9,0,2,0,0,0,0,0,0,2,1,6,2,-1,-1,1586,1,6,-1,1,-1
201537EA91567,1,9,0,18,0,1,1,0,0,0,1,1,2,1,71,10,1997,2,7,-1,3,-1
201537EA91567,2,9,0,4,0,1,0,0,0,0,2,1,1,1,48,8,2995,1,4,-1,2,-1
201537EA91567,3,9,0,3,0,8,0,0,0,0,2,1,2,2,39,7,1560,2,4,-1,1,-1
201537EA91581,1,8,0,1,0,1,0,0,0,0,2,1,1,1,26,6,-1,-1,-1,-1,2,-1
201537EA91586,1,9,0,18,0,0,0,0,0,0,3,1,6,1,76,11,1360,1,12,-1,1,-1
201537EA91586,2,9,0,18,0,0,0,0,0,0,4,1,1,1,41,7,-1,-1,-1,-1,1,-1
201537EA91586,3,21,1,18,0,0,0,0,0,0,1,1,1,1,35,6,12902,2,-1,-1,1,-1
201537EA91587,1,3,0,18,0,0,0,0,0,0,1,1,6,1,41,7,125,1,-1,-1,1,-1
201537EA91589,1,9,0,18,0,0,0,0,0,0,1,1,1,1,39,7,2099,1,12,-1,1,-1
201537EA91589,2,20,0,2,0,0,0,0,0,0,2,1,1,1,61,9,4500,2,8,-1,2,-1
201537EA91597,1,3,0,17,0,0,0,0,0,0,4,1,6,1,25,5,101,1,13,-1,1,-1
201537EA91597,2,9,0,2,0,0,0,0,0,0,3,1,6,1,18,4,1560,2,9,-1,3,-1
201537EA91624,1,9,0,18,0,0,0,0,0,0,1,1,6,1,33,6,1998,2,10,-1,2,-1
201537EA91624,2,9,0,18,0,0,0,0,0,0,1,1,6,2,32,6,1598,2,1,-1,2,-1
201537EA91641,1,9,0,3,0,2,0,0,0,0,1,1,6,2,35,6,1995,2,4,-1,-1,-1
201537EA91641,2,9,0,3,0,2,0,0,0,0,1,1,6,1,32,6,1590,1,11,-1,1,-1
201537EA91643,1,1,0,18,0,1,0,0,0,0,4,1,6,1,10,2,-1,-1,-1,-1,-1,-1
201537EA91643,2,9,0,18,0,1,0,0,0,0,3,1,6,1,22,5,1686,2,3,-1,-1,-1
201537EA91650,1,9,0,9,0,6,0,0,0,0,1,1,1,1,21,5,1994,2,10,-1,3,-1
201537EA91650,2,9,0,9,0,5,0,0,0,0,3,1,1,1,58,9,1968,2,4,-1,3,-1
201537EA91651,1,9,0,17,0,0,0,0,1,4,1,1,6,2,65,9,1399,2,4,-1,3,-1
201537EA91680,1,5,0,18,0,1,1,0,0,0,1,1,6,1,42,7,1783,1,8,-1,1,-1
201537EA91680,2,9,0,9,0,8,0,0,0,0,2,1,6,1,64,9,1968,2,2,-1,3,-1
201537EA91686,1,3,0,4,0,0,0,0,0,0,1,1,6,1,23,5,125,1,-1,-1,1,-1
201537EA91686,2,9,0,4,0,0,0,0,0,0,2,1,6,1,39,7,1997,1,12,-1,1,-1
201537EA91688,1,9,0,9,0,6,0,0,0,0,3,1,6,2,23,5,1896,2,14,-1,1,-1
201537EA91688,2,9,0,18,0,8,0,0,0,0,1,1,6,1,67,10,1995,2,10,-1,1,-1
201537EA91698,1,9,0,18,0,1,0,0,0,0,1,1,6,2,76,11,1390,1,7,-1,1,-1
201537EA91698,2,9,0,3,0,1,0,0,0,0,2,1,6,1,50,8,1582,2,-1,-1,1,-1
201537EA91699,1,9,0,12,0,0,0,0,0,0,0,1,6,3,-1,-1,-1,-1,-1,-1,-1,-1
201537EA91699,2,9,0,18,0,0,1,0,4,6,1,1,6,2,32,6,1390,1,6,-1,2,-1
201537EA91700,1,9,0,9,0,6,0,0,0,0,3,1,6,1,91,11,1398,2,1,-1,3,-1
201537EA91700,2,9,0,18,0,8,0,0,0,0,1,1,6,1,70,10,998,1,1,-1,3,-1
201537EA91703,1,9,0,9,0,1,0,0,0,0,4,1,6,2,20,4,1390,1,11,-1,3,-1
201537EA91703,2,1,0,18,0,1,0,0,0,0,3,1,6,2,51,8,-1,-1,-1,-1,-1,-1
201537EA91709,1,9,0,4,0,0,0,0,0,0,1,1,6,2,26,6,1783,1,13,-1,1,-1
201537EA91709,2,9,0,3,0,0,0,0,0,0,2,1,6,2,43,7,1124,1,12,-1,3,-1
201537EA91709,3,9,0,14,0,0,0,0,0,0,4,1,6,3,-1,-1,1242,1,15,-1,-1,-1
201537EA91713,1,9,0,14,0,0,0,0,0,0,1,1,6,2,63,9,954,1,15,-1,2,-1
201537EA91719,1,9,0,18,0,1,0,0,0,0,1,1,1,2,41,7,1248,1,2,-1,1,-1
201537EA91719,2,9,0,9,0,5,0,0,0,0,2,1,1,2,32,6,1364,1,9,-1,1,-1
201537EA91720,1,9,0,17,0,0,0,0,1,0,1,1,6,1,78,11,1999,1,10,-1,3,-1
201537EA91721,1,8,0,4,0,1,0,0,0,0,1,1,1,1,52,8,-1,-1,-1,-1,1,-1
201537EA91722,1,9,0,5,0,0,0,0,0,0,1,1,6,1,52,8,1248,1,6,-1,1,-1
201537EA91722,2,5,0,18,0,0,0,0,1,4,1,1,6,1,55,8,1731,1,3,-1,3,-1
201537EA91723,1,19,0,12,0,0,0,0,0,0,1,1,1,1,66,10,2143,2,2,-1,1,-1
201537EA91723,2,1,0,18,0,0,0,0,0,0,3,1,2,2,20,4,-1,-1,-1,-1,1,-1
201537EA91727,1,9,0,18,0,1,0,0,0,0,1,1,6,1,64,9,1598,1,1,-1,-1,-1
201537EA91732,1,9,0,5,0,0,0,0,0,0,1,1,6,1,75,10,1248,1,5,-1,1,-1
201537EA91732,2,9,0,2,0,0,0,0,0,0,2,1,6,1,38,7,1995,2,8,-1,1,-1
201537EA91735,1,9,0,9,0,6,0,0,0,0,0,1,6,2,30,6,998,1,1,-1,2,-1
201537EA91735,2,9,0,16,0,1,0,0,7,10,1,1,6,1,42,7,1968,2,9,-1,1,-1
201537EA91747,1,19,0,16,0,0,0,0,0,0,0,1,6,3,-1,-1,-1,-1,-1,-1,-1,-1
201537EA91747,2,9,0,17,0,0,1,10,0,0,4,1,6,1,43,7,1686,2,4,-1,1,-1
201537EA91749,1,5,0,16,0,0,1,0,7,0,1,1,6,1,19,4,599,1,17,-1,1,-1
201537EA91749,2,9,0,17,0,0,0,0,1,0,1,1,6,2,29,6,1968,2,-1,-1,3,-1
201537EA91754,1,1,0,15,0,0,0,10,0,0,1,1,1,1,39,7,-1,-1,-1,-1,2,-1
201537EA91754,2,9,0,3,0,0,0,0,0,0,4,1,1,1,63,9,1997,2,2,-1,2,-1
201537EA91756,1,9,0,18,0,0,0,0,0,0,1,1,6,1,27,6,999,1,2,-1,2,-1
201537EA91766,1,9,0,9,0,5,0,0,0,0,3,1,6,1,64,9,1686,2,3,-1,3,-1
201537EA91766,2,1,0,18,9,8,0,0,0,0,1,1,6,1,21,5,-1,-1,-1,-1,1,-1
201537EA91769,1,9,0,18,0,1,0,0,0,0,1,1,6,1,85,11,1242,1,5,-1,-1,-1
201537EA91769,2,9,0,10,0,8,0,0,0,0,2,1,6,1,26,6,-1,-1,-1,-1,-1,-1
201537EA91771,1,9,0,18,0,0,0,0,1,0,1,1,6,2,52,8,-1,-1,-1,-1,1,-1
201537EA91771,2,9,0,18,0,0,0,0,0,0,1,1,6,1,43,7,2191,2,2,-1,2,-1