Accident_Index,Vehicle_Reference,Vehicle_Type,Towing_and_Articulation,Vehicle_Manoeuvre,Vehicle_Location-Restricted_Lane,Junction_Location,Skidding_and_Overturning,Hit_Object_in_Carriageway,Vehicle_Leaving_Carriageway,Hit_Object_off_Carriageway,1st_Point_of_Impact,Was_Vehicle_Left_Hand_Drive?,Journey_Purpose_of_Driver,Sex_of_Driver,Age_of_Driver,Age_Band_of_Driver,Engine_Capacity_(CC),Propulsion_Code,Age_of_Vehicle,Driver_IMD_Decile,Driver_Home_Area_Type,Vehicle_IMD_Decile
201537EA94490,2,1,0,18,0,8,0,0,0,0,1,1,6,1,87,11,-1,-1,-1,-1,1,-1
201537EA94491,1,9,0,16,0,0,0,0,0,0,1,1,6,1,29,6,1390,1,11,-1,2,-1
201537EA94491,2,9,0,17,0,0,0,0,1,10,1,1,2,1,40,7,1999,1,8,-1,2,-1
201537EA94492,1,8,0,14,0,0,0,0,0,0,1,1,2,1,35,6,1948,1,15,-1,1,-1
201537EA94492,2,3,0,16,0,0,0,0,0,0,1,1,2,1,20,4,124,1,2,-1,2,-1
201537EA94493,1,9,0,7,0,3,0,0,1,11,1,1,6,1,73,10,1599,1,12,-1,1,-1
201537EA94531,1,9,0,18,9,0,0,0,0,0,4,1,6,2,52,8,4701,1,12,-1,3,-1
201537EA94537,1,9,0,9,0,5,0,0,0,0,0,1,6,3,-1,-1,-1,-1,-1,-1,-1,-1
201537EA94537,2,1,0,18,0,1,0,0,1,11,1,1,6,1,17,4,-1,-1,-1,-1,-1,-1
201537EA94547,1,9,0,18,0,0,5,0,1,4,1,1,6,2,21,5,-1,-1,-1,-1,1,-1
201537EA94553,1,9,0,17,0,2,2,0,7,0,1,1,2,2,25,5,1299,1,13,-1,3,-1
201537EA94572,1,3,0,18,0,0,0,0,0,0,1,1,6,1,19,4,124,1,1,-1,3,-1
201537EA94572,2,19,0,4,0,0,0,0,0,0,2,1,1,1,40,7,2143,2,1,-1,3,-1
201537EA94575,1,9,0,18,0,0,1,0,0,0,1,1,1,2,25,5,1248,1,2,-1,1,-1
201537EA94575,2,9,0,18,0,0,1,0,0,0,1,1,1,1,35,6,1968,2,2,-1,3,-1
201537EA94575,3,9,0,18,0,0,1,0,4,6,3,1,1,2,22,5,1388,1,13,-1,1,-1
201537EA94575,4,9,0,3,0,0,0,0,0,0,2,1,1,1,33,6,2183,2,5,-1,1,-1
201537EA94575,5,9,0,3,0,0,0,0,0,0,2,1,2,1,33,6,-1,-1,-1,-1,1,-1
201537EA94579,1,9,0,7,0,5,0,0,0,0,4,1,1,2,35,6,1598,1,12,-1,1,-1
201537EA94579,2,1,0,18,0,8,0,0,0,0,1,1,1,1,35,6,-1,-1,-1,-1,1,-1
201537EA94590,1,21,0,18,0,0,0,0,4,6,1,1,1,1,50,8,11705,2,8,-1,-1,-1
201537EA94597,1,9,0,18,0,0,0,0,0,0,1,1,6,1,18,4,1299,1,10,-1,-1,-1
201537EA94597,2,9,0,3,0,0,0,0,0,0,2,1,6,2,19,4,1596,1,5,-1,3,-1
201537EA94597,3,9,0,3,0,0,0,0,1,0,2,1,6,2,48,8,1598,1,13,-1,2,-1
201537EA94598,1,9,0,18,0,4,0,0,0,0,3,1,6,1,60,9,1388,1,10,-1,1,-1
201537EA94598,2,4,0,18,0,8,1,0,0,0,4,1,6,1,19,4,124,1,2,-1,1,-1
201537EA94602,1,9,0,18,9,0,0,0,0,0,3,1,6,2,-1,-1,1769,1,10,-1,-1,-1
201537EA94612,1,19,0,18,0,3,1,0,7,11,1,1,6,1,25,5,1753,2,10,-1,1,-1
201537EA94613,1,19,0,18,0,8,0,9,3,1,1,1,6,1,25,5,1753,2,10,-1,1,-1
201537EA94616,1,20,1,16,0,0,0,0,0,0,1,1,1,1,45,7,-1,-1,-1,-1,3,-1
201537EA94616,2,17,0,16,0,0,0,0,0,0,2,1,1,1,67,10,-1,2,31,-1,3,-1
201537EA94625,1,9,0,4,0,1,0,0,0,0,0,1,6,1,40,7,1399,2,9,-1,1,-1
201537EA94625,2,9,0,4,0,1,0,0,0,0,0,1,6,1,29,6,1527,2,18,-1,-1,-1
201537EA94634,1,9,0,5,0,4,0,0,0,0,1,1,6,1,37,7,1598,1,5,-1,1,-1
201537EA94634,2,2,0,18,0,8,1,0,0,0,1,1,1,1,28,6,108,1,-1,-1,1,-1
201537EA94641,1,9,0,17,0,0,2,0,1,1,1,1,6,2,36,7,1794,1,14,-1,1,-1
201537EA94650,1,8,0,17,0,1,1,0,7,10,1,1,1,1,55,8,1997,2,3,-1,1,-1
201537EA94654,1,9,0,16,0,0,2,0,7,11,1,1,6,1,25,5,1149,1,10,-1,3,-1
201537EA94659,1,9,0,7,0,5,0,0,0,0,1,1,6,2,18,4,1360,1,5,-1,3,-1
201537EA94659,2,9,0,4,0,1,0,0,0,0,1,1,6,1,19,4,1229,1,9,-1,3,-1
201537EA94665,1,19,0,1,0,6,0,0,0,0,4,1,1,1,30,6,1598,2,1,-1,-1,-1
201537EA94665,2,9,0,16,0,8,0,0,0,0,1,1,6,2,41,7,2179,2,-1,-1,3,-1
201537EA94682,1,9,0,5,0,4,0,0,0,0,3,1,6,2,-1,-1,999,1,13,-1,3,-1
201537EA94682,2,9,0,9,0,8,0,0,0,0,1,1,6,2,84,11,1360,1,7,-1,-1,-1
201537EA94690,1,9,0,17,0,2,5,10,0,0,4,1,1,2,58,9,1399,1,7,-1,3,-1
201537EA94691,1,9,0,17,0,2,2,10,0,0,4,1,6,1,25,5,1360,1,14,-1,1,-1
201537EA94693,1,3,0,18,0,0,0,0,0,0,3,1,1,1,18,4,-1,-1,-1,-1,1,-1
201537EA94702,1,9,0,5,0,4,0,0,0,0,0,1,6,3,-1,-1,-1,-1,-1,-1,-1,-1
201537EA94702,2,3,0,9,0,8,0,10,0,0,4,1,2,1,24,5,125,1,11,-1,1,-1
201537EA94709,1,9,0,13,0,0,0,0,0,0,1,1,6,1,37,7,-1,-1,-1,-1,1,-1
201537EA94709,2,9,0,18,0,0,0,0,0,0,1,1,6,1,28,6,1598,1,12,-1,2,-1
201537EA94713,1,9,0,17,0,0,1,0,1,11,1,1,6,1,25,5,-1,-1,-1,-1,3,-1
201537EA94727,1,21,1,18,0,0,1,0,4,6,1,1,1,1,48,8,-1,-1,-1,-1,2,-1
201537EA94727,2,21,1,5,8,0,0,0,0,0,2,1,1,1,38,7,12900,2,3,-1,1,-1
201537EA94730,1,9,0,9,0,6,0,0,0,0,1,1,6,1,54,8,1956,2,-1,-1,-1,-1
201537EA94730,2,1,0,18,0,8,0,0,0,0,4,1,6,2,30,6,-1,-1,-1,-1,2,-1
201537EA94734,1,9,0,18,0,0,0,0,1,4,1,1,6,2,70,10,2143,2,-1,-1,2,-1
201537EA94739,1,9,0,18,0,4,0,0,0,0,3,1,6,1,85,11,1242,1,7,-1,2,-1
201537EA94739,2,1,0,18,0,8,0,0,0,0,1,1,6,1,71,10,-1,-1,-1,-1,3,-1
201537EA94746,1,19,0,5,0,6,0,0,0,0,1,1,1,1,42,7,2148,2,9,-1,-1,-1
201537EA94746,2,1,0,17,0,8,0,0,0,0,2,1,1,2,69,10,-1,-1,-1,-1,-1,-1
201537EA94763,1,9,0,9,0,6,0,0,0,0,1,1,6,2,76,11,1596,1,8,-1,1,-1
201537EA94763,2,11,0,18,0,8,0,0,0,0,4,1,1,1,45,7,5883,2,13,-1,1,-1
201537EA94766,1,9,0,18,0,2,0,0,0,0,3,1,6,3,-1,-1,-1,-1,-1,-1,-1,-1
201537EA94767,1,9,0,16,0,0,0,0,0,0,1,1,6,1,60,9,1984,2,-1,-1,3,-1
201537EA94767,2,9,0,17,0,0,0,0,0,0,1,1,6,1,30,6,2143,2,1,-1,1,-1
201537EA94774,1,9,0,16,0,0,1,10,1,0,1,1,6,1,77,11,1997,2,13,-1,3,-1
201537EA94774,2,21,1,17,0,0,0,0,0,0,3,1,1,1,58,9,10677,2,1,-1,3,-1
201537EA94820,1,9,0,17,0,0,5,0,1,0,1,1,6,1,78,11,1560,2,2,-1,3,-1
201537EA94825,1,9,0,16,0,0,0,0,0,0,0,1,6,3,-1,-1,-1,-1,-1,-1,-1,-1
201537EA94825,2,9,0,17,0,0,1,0,1,4,1,1,6,1,22,5,1242,1,10,-1,1,-1
201537EA94830,1,9,0,18,0,1,1,0,0,0,1,1,6,1,73,10,1595,1,15,-1,1,-1
201537EA94830,2,9,0,9,0,5,0,0,0,0,2,1,6,1,62,9,1700,2,15,-1,1,-1
201537EA94849,1,9,0,18,0,0,0,0,0,0,1,1,6,1,71,10,1397,1,12,-1,1,-1
201537EA94849,2,3,0,18,0,0,0,0,0,0,1,1,1,1,34,6,124,1,-1,-1,1,-1
201537EA94849,3,9,0,3,0,0,0,0,0,0,2,1,6,1,20,4,1398,1,-1,-1,2,-1
201537EA94849,4,90,0,13,0,0,0,0,0,0,0,1,1,1,32,6,2987,2,-1,-1,1,-1
201537EA94850,1,9,0,18,0,1,0,0,0,0,1,1,6,2,37,7,998,1,4,-1,2,-1
201537EA94850,2,9,0,3,0,1,0,0,0,0,2,1,6,1,-1,-1,1388,1,9,-1,-1,-1
201537EA94853,1,9,0,4,0,1,0,0,0,0,1,1,6,2,18,4,1198,1,12,-1,-1,-1
201537EA94853,2,9,0,8,0,1,0,0,0,0,2,1,6,1,52,8,1242,1,6,-1,2,-1
201537EA94855,1,9,0,9,0,6,0,0,0,0,3,1,6,1,82,11,1598,1,3,-1,3,-1
201537EA94855,2,9,0,18,0,8,0,0,0,0,1,1,6,2,47,8,1997,2,9,-1,1,-1
201537EA94870,1,9,0,4,0,1,0,0,0,0,1,1,6,1,84,11,1598,1,4,-1,1,-1
201537EA94870,2,1,0,18,9,6,0,0,0,0,3,1,6,1,14,3,-1,-1,-1,-1,-1,-1
201537EA94875,1,9,0,9,0,6,0,0,0,0,3,1,6,1,26,6,1587,1,13,-1,3,-1
201537EA94875,2,5,0,18,0,8,0,0,0,0,1,1,6,2,37,7,649,1,9,-1,2,-1
201537EA94878,1,9,0,9,0,8,0,0,7,0,1,1,6,1,26,6,973,1,13,-1,1,-1
201537EA94878,2,2,0,7,0,8,1,0,0,0,3,1,6,1,17,4,49,1,-1,-1,1,-1
201537EA94879,1,21,1,18,0,0,0,0,0,0,1,1,1,1,40,7,10837,2,5,-1,1,-1
201537EA94879,2,9,0,4,0,0,0,0,0,0,2,1,1,2,30,6,2401,2,11,-1,1,-1
201537EA94880,1,9,0,16,0,0,2,0,1,0,4,1,6,1,35,6,-1,-1,-1,-1,2,-1
201537EA94882,1,9,0,4,0,0,0,0,0,0,1,1,2,1,23,5,998,1,5,-1,3,-1
201537EA94882,2,9,0,4,0,0,0,0,0,0,2,1,2,1,-1,-1,2967,2,-1,-1,3,-1
201537EA94883,1,19,0,18,0,0,1,0,0,0,1,1,1,2,33,6,-1,-1,-1,-1,2,-1
201537EA94883,2,17,0,4,0,0,0,0,0,0,1,1,1,1,-1,-1,6728,2,3,-1,2,-1
201537EA94902,1,9,0,9,0,5,0,0,0,0,1,1,6,1,61,9,1995,2,9,-1,2,-1
201537EA94902,2,3,0,18,0,8,0,0,0,0,1,1,6,1,18,4,124,1,6,-1,1,-1
201537EA94902,3,9,0,8,0,1,0,0,0,0,3,1,6,2,61,9,1396,1,11,-1,1,-1
201537EA94903,1,9,0,18,0,0,2,0,7,0,1,1,6,1,23,5,2198,1,9,-1,3,-1
201537EA94903,2,9,0,18,0,0,0,0,1,9,1,1,6,2,26,6,1242,1,5,-1,-1,-1
201537EA94905,1,22,0,5,9,6,5,0,0,0,1,1,6,1,92,11,-1,-1,-1,-1,1,-1
201537EA94905,2,9,0,18,0,1,0,0,0,0,1,1,6,1,80,11,998,1,6,-1,1,-1
201537EA94906,1,9,0,9,0,6,0,0,0,0,3,1,1,2,21,5,998,1,2,-1,1,-1
201537EA94906,2,9,0,18,0,8,0,0,0,0,1,1,6,1,-1,-1,1598,1,13,-1,-1,-1
201537EA94908,1,8,0,17,0,0,0,0,1,3,1,1,6,1,76,11,1364,1,7,-1,2,-1
201537EA94916,1,1,0,18,9,0,0,0,0,0,1,1,6,1,15,3,-1,-1,-1,-1,2,-1
201537EA94916,2,9,0,18,0,0,0,0,0,0,3,1,6,2,43,7,1599,1,10,-1,2,-1
201537EA94923,1,9,0,17,0,0,2,0,7,0,1,1,1,1,32,6,1796,1,12,-1,1,-1
201537EA94929,1,3,0,7,0,5,1,0,0,0,4,1,2,2,25,5,124,1,5,-1,-1,-1
201537EA94949,1,9,0,18,0,0,0,0,4,6,1,1,6,2,30,6,1461,2,3,-1,1,-1
201537EA94954,1,9,0,18,0,0,0,0,7,11,1,1,6,1,80,11,2993,2,5,-1,1,-1
201537EA94956,1,9,0,9,0,6,0,0,0,0,3,1,2,1,22,5,1999,1,10,-1,3,-1
201537EA94956,2,9,0,18,0,8,0,0,0,0,1,1,6,2,55,8,1975,2,18,-1,3,-1
201537EA94960,1,19,0,4,0,8,1,0,0,0,1,1,1,1,26,6,1686,2,12,-1,3,-1
201537EA94960,2,90,0,9,0,5,0,0,0,0,4,1,1,1,50,8,3908,2,8,-1,2,-1
201537EA94981,1,5,0,9,0,8,1,0,0,0,3,1,6,1,49,8,1130,1,12,-1,1,-1
201537EA94987,1,9,0,14,0,0,0,0,0,0,1,1,6,1,52,8,2500,2,11,-1,3,-1
201537EA94987,2,9,0,18,0,0,0,0,0,0,1,1,6,1,28,6,1910,2,9,-1,1,-1
201537EA94998,1,9,0,9,0,4,0,0,0,0,1,1,6,1,-1,-1,1896,2,10,-1,1,-1
201537EA95007,1,19,0,17,0,0,5,0,1,9,4,1,1,1,54,8,2198,2,1,-1,1,-1
201537EA95014,1,1,0,18,9,8,0,0,0,0,1,1,2,1,19,4,-1,-1,-1,-1,1,-1
201537EA95014,2,9,0,5,0,6,0,0,0,0,1,1,6,2,31,6,1968,2,7,-1,1,-1
201537EA95044,1,9,0,4,0,0,1,0,0,0,1,1,1,1,35,6,-1,-1,-1,-1,-1,-1
201537EA95044,2,9,0,4,0,0,0,0,0,0,2,1,1,1,42,7,1598,2,4,-1,-1,-1
201537EA95044,3,9,0,4,0,0,0,0,0,0,2,1,2,2,45,7,2393,1,13,-1,1,-1
201537EA95044,4,9,0,4,0,0,0,0,0,0,2,1,2,1,27,6,1798,1,14,-1,-1,-1
201537EA95047,1,9,0,9,0,5,0,0,0,0,4,1,6,2,40,7,1995,2,8,-1,2,-1
201537EA95047,2,3,0,18,0,8,0,0,0,0,1,1,6,1,20,4,125,1,-1,-1,2,-1
201537EA95048,1,1,0,18,0,0,0,4,0,0,1,1,6,1,36,7,-1,-1,-1,-1,-1,-1
201537EA95048,2,19,0,2,0,0,0,0,0,0,2,1,6,3,-1,-1,-1,-1,-1,-1,-1,-1
201537EA95052,1,9,0,9,0,6,0,0,0,0,3,1,6,2,-1,-1,1560,2,2,-1,3,-1
201537EA95052,2,9,0,18,0,8,0,0,0,0,1,1,6,2,68,10,1388,1,8,-1,3,-1
201537EA95056,1,21,0,4,0,0,0,0,0,0,1,1,2,1,40,7,12130,2,10,-1,3,-1
201537EA95056,2,9,0,4,0,0,0,0,0,0,2,1,6,1,62,9,1796,1,4,-1,1,-1
201537EA95056,3,9,0,4,0,0,0,0,0,0,2,1,2,2,41,7,1461,2,1,-1,2,-1
201537EA95067,1,9,0,18,0,8,0,0,0,0,1,1,6,1,21,5,1242,1,15,-1,1,-1
201537EA95067,2,9,0,7,0,6,0,0,0,0,1,1,6,2,83,11,1242,1,16,-1,1,-1
201537EA95075,1,9,0,9,0,5,0,0,0,0,3,1,1,1,71,10,2435,1,10,-1,3,-1
201537EA95089,1,19,0,13,0,1,0,0,0,0,4,1,6,1,-1,-1,2461,2,14,-1,-1,-1
201537EA95089,2,1,0,14,0,1,0,0,0,0,3,1,2,2,49,8,-1,-1,-1,-1,1,-1
201537EA95091,1,9,0,18,0,0,1,10,1,10,3,1,6,2,20,4,1242,1,1,-1,-1,-1
201537EA95091,2,19,0,13,0,0,0,0,0,0,4,1,6,1,25,5,-1,-1,-1,-1,-1,-1
201537EA95092,1,9,0,13,0,8,5,0,7,4,1,1,2,1,23,5,2497,1,9,-1,1,-1
201537EA95092,2,19,0,9,0,5,0,0,0,0,3,1,1,1,42,7,2494,2,6,-1,3,-1
201537EA95093,1,9,0,9,0,6,0,0,0,0,3,1,2,1,27,6,1600,2,6,-1,1,-1
201537EA95093,2,1,0,18,0,8,0,0,0,0,1,1,2,1,59,9,-1,-1,-1,-1,1,-1
201537EA95102,1,9,0,9,0,5,0,0,0,0,1,1,1,1,57,9,2982,2,3,-1,3,-1
201537EA95102,2,9,0,18,0,8,0,0,0,0,1,1,6,1,71,10,1997,2,12,-1,3,-1
201537EA95112,1,9,0,5,0,1,0,0,0,0,1,1,1,1,59,9,1587,1,15,-1,1,-1
201537EA95112,2,9,0,3,0,1,0,0,0,0,2,1,6,1,41,7,1461,2,8,-1,1,-1
201537EA95117,1,9,0,18,0,8,0,0,0,0,1,1,6,1,28,6,973,1,16,-1,1,-1
201537EA95117,2,9,0,9,0,6,0,0,0,0,3,1,1,1,57,9,1596,1,14,-1,1,-1
201537EA95119,1,9,0,5,0,4,0,0,0,0,1,1,2,2,35,6,998,1,1,-1,3,-1
201537EA95119,2,3,0,9,0,8,0,0,0,0,4,1,2,1,36,7,124,1,1,-1,1,-1
201537EA95122,1,9,0,9,0,6,0,0,0,0,1,1,6,1,25,5,1596,1,12,-1,3,-1
201537EA95122,2,9,0,18,0,8,0,0,0,0,1,1,6,2,36,7,1598,1,13,-1,1,-1
201537EA95125,1,9,0,4,0,0,0,0,0,0,1,1,6,2,51,8,2497,2,17,-1,3,-1
201537EA95125,2,9,0,4,0,0,0,0,0,0,2,1,6,1,85,11,1598,2,1,-1,2,-1
201537EA95125,3,9,0,3,0,0,0,0,0,0,0,1,6,2,50,8,1762,1,15,-1,1,-1
201537EA95127,1,9,0,17,0,0,1,0,7,3,3,1,2,1,31,6,1596,1,14,-1,1,-1
201537EA95128,1,9,0,5,0,6,0,0,0,0,1,1,6,1,35,6,-1,-1,-1,-1,-1,-1
201537EA95128,2,1,0,18,9,6,0,0,0,0,3,1,6,1,26,6,-1,-1,-1,-1,1,-1
201537EA95134,1,9,4,18,0,2,1,0,0,0,1,1,1,1,23,5,2198,2,2,-1,1,-1
201537EA95134,2,9,0,18,0,1,1,0,0,0,1,1,2,1,44,7,1399,2,13,-1,3,-1
201537EA95137,1,9,0,18,0,0,5,0,7,0,1,1,2,1,22,5,-1,-1,-1,-1,3,-1
201537EA95137,2,9,0,18,0,0,5,0,1,9,1,1,2,2,25,5,1242,1,5,-1,-1,-1
201537EA95139,1,21,1,4,0,1,1,0,0,0,1,1,1,1,51,8,12900,2,1,-1,-1,-1
201537EA95139,2,9,0,4,0,1,1,0,0,0,2,1,1,1,23,5,-1,-1,-1,-1,3,-1
201537EA95141,1,9,0,17,0,0,2,0,1,11,1,1,1,1,23,5,1388,1,12,-1,2,-1
201537EA95143,1,19,0,9,0,6,0,0,0,0,1,1,1,1,39,7,1461,2,4,-1,1,-1
201537EA95148,1,9,0,18,0,1,0,0,0,0,1,1,6,1,75,10,1596,1,10,-1,2,-1
201537EA95151,1,9,0,9,0,4,0,0,0,0,3,1,6,1,86,11,1390,1,6,-1,1,-1
201537EA95151,2,1,0,18,0,8,0,0,0,0,1,1,6,1,45,7,-1,-1,-1,-1,1,-1
201537EA95153,1,9,0,1,0,0,0,0,0,0,2,1,6,1,65,9,2495,2,14,-1,3,-1
201537EA95164,1,9,0,16,0,0,1,0,1,10,1,1,1,2,22,5,1360,1,11,-1,2,-1
201537EA95180,1,9,0,4,0,1,0,0,0,0,1,1,6,2,21,5,998,1,8,-1,1,-1
201537EA95180,2,9,0,3,0,1,0,0,0,0,2,1,6,2,40,7,1497,1,13,-1,3,-1
201537EA95185,1,19,0,18,0,0,1,0,0,0,1,1,1,1,32,6,-1,-1,-1,-1,1,-1
201537EA95185,2,19,0,18,0,0,1,0,0,0,1,1,1,1,45,7,2402,2,13,-1,1,-1
201537EA95194,1,9,0,9,0,6,0,0,3,11,1,1,6,1,34,6,1600,1,16,-1,1,-1
201537EA95200,1,9,0,18,0,0,1,0,1,4,4,1,6,1,27,6,2979,1,15,-1,3,-1
201537EA95204,1,9,0,4,0,1,0,0,0,0,1,1,6,1,78,11,2999,2,13,-1,3,-1
201537EA95204,2,1,0,3,0,1,0,0,0,0,2,1,1,2,41,7,-1,-1,-1,-1,1,-1
201537EA95205,1,9,0,12,0,0,0,0,0,0,0,1,6,1,45,7,1598,1,10,-1,1,-1
201537EA95205,2,4,0,18,0,0,0,0,0,0,3,1,6,1,38,7,400,1,7,-1,1,-1
201537EA95207,1,11,0,18,0,0,1,0,0,0,1,1,1,1,32,6,7300,2,6,-1,1,-1
201537EA95208,1,9,0,18,0,4,0,0,0,0,3,1,6,3,-1,-1,-1,-1,-1,-1,-1,-1
201537EA95208,2,1,0,18,0,8,0,0,0,0,4,1,6,2,74,10,-1,-1,-1,-1,1,-1
201537EA95210,1,9,0,4,0,0,1,0,0,0,1,1,2,2,31,6,1299,1,13,-1,1,-1
201537EA95210,2,9,0,3,0,0,0,0,0,0,2,1,2,1,27,6,1596,1,-1,-1,1,-1
201537EA95212,1,9,0,18,0,0,1,0,0,0,1,1,6,1,42,7,1398,2,13,-1,2,-1
201537EA95212,2,9,0,4,0,0,0,0,0,0,2,1,6,1,58,9,2967,2,-1,-1,3,-1
201537EA95214,1,9,0,9,0,2,0,0,0,0,1,1,1,2,37,7,1560,2,9,-1,1,-1
201537EA95217,1,3,0,4,0,8,1,0,0,0,1,1,3,1,17,4,125,1,-1,-1,2,-1
201537EA95217,2,9,0,9,0,5,0,0,0,0,4,1,3,1,30,6,796,1,14,-1,1,-1
201537EA95243,1,9,0,18,0,8,0,0,0,0,4,1,2,2,54,8,1461,2,2,-1,3,-1
201537EA95243,2,1,0,9,9,8,0,0,0,0,1,1,6,2,25,5,-1,-1,-1,-1,-1,-1
201537EA95244,1,9,0,9,0,5,0,0,0,0,1,1,6,2,68,10,1560,2,8,-1,3,-1
201537EA95244,2,9,0,18,0,8,0,0,0,0,1,1,6,1,35,6,2497,2,29,-1,3,-1
201537EA95246,1,9,0,18,0,2,0,0,0,0,1,1,3,2,39,7,2148,2,9,-1,2,-1
201537EA95248,1,9,0,18,0,0,0,0,0,0,4,1,6,2,34,6,1124,1,13,-1,1,-1
201537EA95265,1,9,0,18,0,8,1,6,0,0,1,1,6,1,71,10,3248,1,16,-1,3,-1
201537EA95266,1,9,0,9,0,6,0,0,0,0,1,1,1,1,30,6,-1,-1,-1,-1,3,-1
201537EA95266,2,19,0,18,0,8,0,0,0,0,1,1,2,1,35,6,-1,-1,-1,-1,1,-1
201537EA95267,1,9,0,16,0,1,0,4,0,0,1,1,6,1,45,7,1242,1,6,-1,3,-1
201537EA95267,2,9,0,2,0,1,0,0,0,0,2,1,1,1,35,6,1363,2,10,-1,1,-1
201537EA95273,1,9,0,18,0,0,0,0,1,0,1,1,6,1,75,10,1395,1,1,-1,1,-1
201537EA95273,2,9,0,18,0,0,0,0,1,0,1,1,6,1,79,11,1598,1,11,-1,3,-1
201537EA95273,3,9,0,18,0,0,0,0,0,0,1,1,6,1,37,7,1997,2,11,-1,2,-1
201537EA95275,1,9,0,9,0,6,0,0,3,11,3,1,6,2,57,9,1956,2,3,-1,1,-1
201537EA95275,2,8,0,18,0,8,0,0,0,0,1,1,1,1,65,9,1997,2,8,-1,1,-1
201537EA95279,1,19,0,18,0,0,0,0,0,0,1,1,1,1,-1,-1,2000,2,3,-1,2,-1
201537EA95279,2,9,0,3,0,0,0,0,0,0,2,1,1,1,17,4,1598,2,3,-1,2,-1
201537EA95289,1,9,0,4,0,8,0,0,0,0,1,1,6,2,22,5,1997,2,6,-1,2,-1
201537EA95289,2,9,0,3,0,8,0,0,0,0,2,1,6,1,67,10,1149,1,8,-1,1,-1
201537EA95289,3,90,0,18,0,8,0,0,0,0,0,1,1,3,-1,-1,-1,-1,-1,-1,-1,-1
201537EA95300,1,19,0,18,0,2,0,0,1,11,1,1,6,1,46,8,1868,2,10,-1,2,-1
201537EA95304,1,9,0,13,0,0,0,0,0,0,1,1,6,2,24,5,1242,1,11,-1,2,-1
201537EA95304,2,21,1,18,0,0,3,0,1,0,1,1,1,1,42,7,12900,2,7,-1,3,-1
201537EA95314,1,9,0,13,0,8,0,0,0,0,4,1,6,3,-1,-1,1248,2,6,-1,-1,-1
201537EA95314,2,1,0,18,0,8,0,0,0,0,3,1,2,1,43,7,-1,-1,-1,-1,3,-1
201537EA95331,1,9,0,18,0,0,0,0,0,0,1,1,3,2,29,6,1149,1,10,-1,1,-1
201537EA95331,2,21,1,2,0,0,0,0,0,0,2,1,1,1,65,9,12130,2,12,-1,3,-1
201537EA95333,1,9,0,18,0,1,0,0,0,0,1,1,6,1,70,10,1968,2,-1,-1,3,-1
201537EA95333,2,9,0,3,0,1,0,0,0,0,2,1,6,2,28,6,-1,-1,-1,-1,2,-1
201537EA95333,3,9,0,3,0,1,0,0,0,0,2,1,6,1,40,7,1896,2,11,-1,3,-1
201537EA95333,4,9,0,3,0,1,0,0,0,0,2,1,6,1,-1,-1,1339,1,12,-1,-1,-1
201537EA95345,1,9,0,17,0,0,1,0,1,9,1,1,6,1,45,7,1995,2,11,-1,3,-1
201537EA95363,1,9,0,4,0,1,0,0,0,0,1,1,6,1,57,9,1198,1,-1,-1,3,-1
201537EA95363,2,9,0,4,0,1,0,0,0,0,2,1,6,2,67,10,1910,2,15,-1,3,-1
201537EA95364,1,9,0,17,0,0,0,0,0,0,4,1,6,2,79,11,1461,2,-1,-1,3,-1
201537EA95366,1,10,0,9,0,6,0,0,0,0,3,1,2,1,52,8,-1,-1,-1,-1,1,-1
201537EA95366,2,9,0,18,0,8,1,0,0,0,1,1,2,1,40,7,1968,2,9,-1,3,-1
201537EA95371,1,9,0,17,0,0,0,0,0,0,1,1,6,1,17,4,998,1,11,-1,3,-1
201537EA95374,1,9,0,18,0,0,0,0,0,0,1,1,6,1,48,8,1896,2,10,-1,3,-1
201537EA95374,2,9,0,3,0,0,0,0,0,0,2,1,6,2,27,6,1895,1,14,-1,-1,-1
201537EA95395,1,9,0,9,0,5,0,0,0,0,1,1,6,1,82,11,1242,1,15,-1,1,-1
201537EA95398,1,9,0,17,0,8,0,0,0,0,1,1,1,1,64,9,1870,2,12,-1,2,-1
201537EA95398,2,9,0,16,0,8,0,0,0,0,1,1,6,1,27,6,1198,1,2,-1,3,-1
201537EA95400,1,9,0,18,0,0,0,0,0,0,1,1,6,2,17,4,1124,1,13,-1,-1,-1
201537EA95400,2,9,0,3,0,0,0,0,0,0,2,1,6,2,30,6,1242,1,18,-1,-1,-1
201537EA95410,1,1,0,18,9,6,0,0,0,0,1,1,2,1,16,4,-1,-1,-1,-1,1,-1
201537EA95410,2,19,0,9,0,5,0,0,0,0,1,1,2,1,54,8,2198,2,3,-1,1,-1
201537EA95425,1,9,0,18,0,0,0,0,0,0,1,1,6,1,-1,-1,1149,1,11,-1,1,-1
201537EA95425,2,9,0,3,0,0,0,0,0,0,3,1,6,2,38,7,1598,1,10,-1,3,-1
201537EA95426,1,9,0,18,0,0,0,0,0,0,1,1,6,1,58,9,1390,1,6,-1,1,-1
201537EA95426,2,9,0,18,0,0,0,0,0,0,1,1,6,1,29,6,1596,1,10,-1,1,-1
201537EA95427,1,9,0,1,0,0,0,0,0,0,2,1,6,1,67,10,1598,2,3,-1,1,-1
201537EA95428,1,9,0,9,0,5,0,0,0,0,1,1,6,1,34,6,2720,2,7,-1,3,-1
201537EA95428,2,9,0,18,0,8,1,0,0,0,1,1,2,1,45,7,1998,2,11,-1,1,-1