Accident_Index,Vehicle_Reference,Vehicle_Type,Towing_and_Articulation,Vehicle_Manoeuvre,Vehicle_Location-Restricted_Lane,Junction_Location,Skidding_and_Overturning,Hit_Object_in_Carriageway,Vehicle_Leaving_Carriageway,Hit_Object_off_Carriageway,1st_Point_of_Impact,Was_Vehicle_Left_Hand_Drive?,Journey_Purpose_of_Driver,Sex_of_Driver,Age_of_Driver,Age_Band_of_Driver,Engine_Capacity_(CC),Propulsion_Code,Age_of_Vehicle,Driver_IMD_Decile,Driver_Home_Area_Type,Vehicle_IMD_Decile
201537EA96396,2,1,0,18,0,2,1,0,0,0,3,1,6,1,53,8,-1,-1,-1,-1,2,-1
201537EA96398,1,9,0,12,0,0,0,0,0,0,0,1,6,3,-1,-1,-1,-1,-1,-1,-1,-1
201537EA96398,2,9,0,4,0,0,0,0,0,0,2,1,6,2,63,9,1995,2,1,-1,3,-1
201537EA96398,3,1,0,18,0,0,0,0,0,0,1,1,6,2,44,7,-1,-1,-1,-1,2,-1
201537EA96399,1,10,0,7,0,5,0,0,0,0,4,1,1,1,-1,-1,-1,-1,-1,-1,-1,-1
201537EA96400,1,97,0,18,0,0,0,0,0,0,3,1,6,3,-1,-1,-1,-1,-1,-1,-1,-1
201537EA96418,1,9,0,9,0,6,0,0,0,0,3,1,6,1,52,8,2143,2,3,-1,1,-1
201537EA96418,2,9,0,18,0,8,0,0,7,0,1,1,6,1,26,6,1796,1,15,-1,1,-1
201537EA96421,1,9,0,17,0,0,1,0,7,11,3,1,6,1,21,5,1242,1,15,-1,1,-1
201537EA96422,1,9,0,17,0,0,0,0,0,0,3,1,6,2,17,4,998,1,7,-1,3,-1
201537EA96422,2,9,0,16,0,0,0,0,0,0,3,1,6,1,77,11,998,1,2,-1,1,-1
201537EA96422,3,9,0,17,0,0,0,0,0,0,1,1,6,2,48,8,1997,1,9,-1,1,-1
201537EA96426,1,9,0,9,0,6,0,0,0,0,3,1,6,2,22,5,1332,1,19,-1,3,-1
201537EA96426,2,9,0,18,0,8,0,0,0,0,1,1,6,2,36,7,1597,1,7,-1,3,-1
201537EA96494,1,8,0,9,0,6,0,0,0,0,1,1,1,1,50,8,1686,2,5,-1,1,-1
201537EA96495,1,9,0,5,0,6,0,0,0,0,3,1,6,1,-1,-1,1587,1,16,-1,-1,-1
201537EA96495,2,9,0,18,0,8,0,0,0,0,1,1,6,1,64,9,1598,2,2,-1,1,-1
201537EA96496,1,9,0,9,0,6,0,0,0,0,3,1,6,1,56,9,1781,1,12,-1,3,-1
201537EA96496,2,3,0,18,0,8,0,0,0,0,1,1,6,1,26,6,125,1,1,-1,1,-1
201537EA96499,1,9,0,17,0,0,0,0,1,3,1,1,6,1,26,6,1299,1,18,-1,3,-1
201537EA96501,1,9,0,16,0,0,0,10,0,0,4,1,6,1,19,4,1198,1,12,-1,3,-1
201537EA96508,1,9,0,18,0,0,0,0,1,0,4,1,6,2,34,6,998,1,1,-1,1,-1
201537EA96515,1,9,0,9,0,6,0,0,1,0,3,1,6,1,30,6,1995,2,4,-1,1,-1
201537EA96515,2,9,0,18,0,8,0,0,0,0,1,1,2,2,59,9,1248,2,4,-1,2,-1
201537EA96517,1,8,0,18,0,0,0,0,0,0,4,1,6,2,40,7,-1,-1,-1,-1,3,-1
201537EA96517,2,9,0,2,0,0,0,0,0,0,2,1,6,2,-1,-1,1398,1,-1,-1,1,-1
201537EA96519,1,9,0,18,0,8,0,0,0,0,4,1,6,1,60,9,1997,2,2,-1,1,-1
201537EA96519,2,9,0,9,0,8,0,0,0,0,1,1,6,1,42,7,1968,2,9,-1,1,-1
201537EA96522,1,9,0,7,0,6,0,0,0,0,4,1,6,1,74,10,1686,2,4,-1,2,-1
201537EA96523,1,9,0,16,0,2,1,0,7,10,3,1,6,1,27,6,1596,1,16,-1,2,-1
201537EA96524,1,19,0,9,0,8,0,0,0,0,4,1,6,1,53,8,2198,2,-1,-1,1,-1
201537EA96558,1,19,0,18,0,0,1,0,0,0,3,1,1,1,36,7,1560,2,1,-1,3,-1
201537EA96558,2,9,0,18,0,0,1,0,0,0,1,1,1,2,47,8,-1,-1,-1,-1,3,-1
201537EA96586,1,9,0,4,0,1,0,0,0,0,1,1,6,1,39,7,2435,1,17,-1,1,-1
201537EA96586,2,9,0,3,0,1,0,0,0,0,2,1,6,1,60,9,1461,2,1,-1,1,-1
201537EA96586,3,9,0,3,0,1,0,0,0,0,2,1,6,1,48,8,1242,1,1,-1,1,-1
201537EA96592,1,9,0,17,0,0,1,10,0,0,4,1,6,1,21,5,-1,-1,-1,-1,1,-1
201537EA96593,1,9,0,17,0,0,0,0,0,0,1,1,6,2,29,6,1598,1,9,-1,3,-1
201537EA96593,2,9,0,16,0,0,0,0,0,0,1,1,6,1,69,10,1124,1,17,-1,1,-1
201537EA96597,1,9,0,6,8,8,0,0,0,0,3,1,6,1,70,10,1870,2,10,-1,2,-1
201537EA96597,2,9,0,18,0,8,0,0,0,0,1,1,6,1,22,5,1598,1,2,-1,2,-1
201537EA96606,1,9,0,17,0,0,0,0,1,11,1,1,2,1,18,4,1398,1,13,-1,3,-1
201537EA96607,1,9,0,14,0,0,0,0,0,0,4,1,6,2,29,6,1199,1,15,-1,2,-1
201537EA96607,2,8,0,2,0,0,0,0,0,0,0,1,1,1,45,7,1968,2,3,-1,1,-1
201537EA96610,1,9,0,18,0,0,0,0,0,0,1,1,6,2,-1,-1,1200,1,1,-1,2,-1
201537EA96610,2,9,0,3,0,0,0,0,0,0,2,1,6,2,24,5,1229,1,2,-1,1,-1
201537EA96612,1,9,0,16,0,0,5,0,1,0,4,1,6,1,25,5,2494,1,13,-1,3,-1
201537EA96616,1,9,0,5,0,6,0,0,0,0,3,1,6,1,71,10,2720,2,7,-1,3,-1
201537EA96616,2,9,0,18,0,8,0,0,0,0,4,1,6,2,45,7,1988,2,11,-1,-1,-1
201537EA96616,3,9,0,4,0,1,0,0,0,0,2,1,2,2,48,8,1461,2,1,-1,1,-1
201537EA96616,4,9,0,4,0,1,0,0,0,0,2,1,6,2,31,6,998,1,1,-1,1,-1
201537EA96616,5,19,0,18,0,1,0,0,0,0,1,1,1,1,39,7,1560,2,-1,-1,1,-1
201537EA96623,1,9,0,9,0,6,0,0,0,0,0,1,6,1,63,9,1299,1,13,-1,-1,-1
201537EA96623,2,4,0,18,0,8,0,0,0,0,3,1,6,1,55,8,955,1,16,-1,-1,-1
201537EA96634,1,19,0,18,0,0,0,0,0,0,1,1,6,3,-1,-1,-1,-1,-1,-1,-1,-1
201537EA96634,2,9,0,18,0,0,0,0,0,0,1,1,6,2,50,8,1560,2,8,-1,2,-1
201537EA96644,1,9,0,4,0,0,0,0,0,0,1,1,6,2,17,4,1229,1,10,-1,3,-1
201537EA96644,2,9,0,3,0,0,0,0,0,0,2,1,6,1,54,8,2179,2,10,-1,1,-1
201537EA96644,3,19,0,3,0,0,0,0,0,0,2,1,1,1,39,7,1868,2,9,-1,1,-1
201537EA96645,1,9,0,5,0,4,0,0,0,0,1,1,6,2,51,8,1951,2,12,-1,3,-1
201537EA96645,2,1,0,9,0,8,0,0,0,0,4,1,6,1,29,6,-1,-1,-1,-1,2,-1
201537EA96650,1,1,0,4,0,1,1,0,0,0,1,1,6,1,52,8,-1,-1,-1,-1,1,-1
201537EA96650,2,9,0,3,0,1,0,0,0,0,2,1,6,1,57,9,1461,2,8,-1,-1,-1
201537EA96658,1,9,0,17,0,0,2,0,1,0,4,1,6,2,17,4,1229,1,11,-1,3,-1
201537EA96664,1,9,0,18,0,0,0,0,0,0,1,1,6,2,84,11,1400,2,9,-1,1,-1
201537EA96664,2,9,0,2,0,0,0,0,0,0,2,1,6,3,-1,-1,-1,-1,-1,-1,-1,-1
201537EA96664,3,9,0,2,0,0,0,0,0,0,3,1,6,3,-1,-1,1995,2,7,-1,-1,-1
201537EA96677,1,9,0,18,0,1,0,0,0,0,1,1,6,1,27,6,1910,2,10,-1,2,-1
201537EA96677,2,9,0,4,0,1,0,0,0,0,2,1,6,1,48,8,2979,1,1,-1,1,-1
201537EA96679,1,9,0,9,0,5,0,0,0,0,1,1,1,1,48,8,-1,-1,-1,-1,1,-1
201537EA96779,1,9,0,7,0,5,0,0,0,0,4,1,6,1,46,8,1997,2,14,-1,1,-1
201537EA96779,2,3,0,15,0,8,0,0,0,0,1,1,6,1,24,5,124,1,1,-1,1,-1
201537EA96791,1,9,0,18,0,0,2,0,7,0,3,1,6,1,31,6,1396,1,16,-1,3,-1
201537EA96809,1,3,0,18,0,1,0,0,0,0,1,1,1,1,19,4,125,1,3,-1,1,-1
201537EA97140,1,9,0,9,0,6,0,0,0,0,1,1,1,1,58,9,1390,1,10,-1,1,-1
201537EA97140,2,9,0,17,0,8,0,0,0,0,4,1,6,2,18,4,1198,1,13,-1,1,-1
201537EA97247,1,9,0,18,0,0,0,0,0,0,4,1,6,3,-1,-1,-1,-1,-1,-1,-1,-1
201537EA97248,1,9,0,18,0,0,0,0,0,0,4,1,6,1,17,4,1364,1,10,-1,3,-1
201537EA97252,1,9,0,4,0,1,0,0,0,0,1,1,6,2,49,8,2926,2,15,-1,1,-1
201537EA97252,2,9,0,4,0,1,0,0,0,0,2,1,6,1,78,11,1598,1,11,-1,1,-1
201537EA97252,3,9,0,3,0,1,0,0,0,0,2,1,6,2,29,6,1364,1,8,-1,1,-1
20154005T1066,1,21,1,4,0,0,0,0,0,0,1,1,1,1,38,7,10837,2,4,-1,1,-1
20154005T1066,2,9,0,4,0,0,0,0,0,0,2,1,6,1,21,5,1596,1,11,-1,1,-1
2015405350408,1,9,0,17,0,2,0,0,1,9,1,1,6,1,71,10,1422,2,6,-1,2,-1
201540535H005,1,9,0,4,0,8,0,0,0,0,1,1,2,2,30,6,-1,-1,-1,-1,1,-1
201540535H005,2,9,0,4,0,8,0,0,0,0,2,1,2,1,30,6,1598,1,12,-1,1,-1
201540535H045,1,5,0,4,0,1,1,0,1,0,4,1,6,1,49,8,781,1,14,-1,3,-1
201540535HA28,1,3,0,16,0,0,0,0,8,7,3,1,2,1,25,5,125,1,-1,-1,1,-1
201540541GA67,1,21,0,4,0,0,0,0,0,0,1,1,1,1,45,7,12740,2,4,-1,1,-1
201540541GA67,2,9,0,4,0,0,0,0,0,0,2,1,6,2,56,9,998,1,-1,-1,3,-1
2015405BA0001,1,9,0,17,0,0,2,6,7,7,1,-1,6,1,19,4,-1,-1,-1,-1,3,-1
2015405BA0002,1,9,0,16,0,0,0,0,0,0,1,-1,6,1,36,7,1998,2,10,-1,3,-1
2015405BA0002,2,9,0,17,0,0,0,0,1,0,1,-1,6,1,21,5,1997,2,6,-1,2,-1
2015405BA0004,1,9,0,17,0,8,2,0,7,10,3,-1,6,2,21,5,-1,-1,-1,-1,-1,-1
2015405BA0006,1,9,0,4,0,8,0,9,3,10,1,-1,6,2,45,7,1149,1,7,-1,2,-1
2015405BA0007,1,9,0,7,0,6,0,0,0,0,1,-1,1,2,59,9,1560,2,6,-1,1,-1
2015405BA0007,2,1,0,18,0,8,0,0,0,0,4,1,1,2,48,8,-1,-1,-1,-1,1,-1
2015405BA0009,1,9,0,17,0,0,0,0,1,0,1,-1,6,1,32,6,-1,-1,-1,-1,1,-1
2015405BA0009,2,9,0,16,0,0,0,0,1,0,1,-1,6,1,40,7,1870,2,9,-1,1,-1
2015405BA0013,1,9,0,1,0,1,0,0,0,0,2,-1,6,1,39,7,-1,-1,-1,-1,1,-1
2015405BA0013,2,9,0,3,0,1,0,0,0,0,1,-1,6,1,20,4,2498,2,20,-1,3,-1
2015405BA0016,1,20,0,4,0,1,0,0,0,0,1,-1,1,1,22,5,4462,2,1,-1,3,-1
2015405BA0016,2,9,0,10,0,1,0,0,0,0,2,-1,6,2,31,6,2204,2,8,-1,1,-1
2015405BA0016,3,9,0,10,0,1,0,0,0,0,2,-1,6,2,35,6,1896,2,11,-1,1,-1
2015405BA0017,1,3,0,13,0,0,1,10,0,1,1,1,2,1,51,8,124,1,3,-1,1,-1
2015405BA0017,2,21,1,5,0,0,0,0,0,0,0,-1,1,1,55,8,-1,-1,-1,-1,-1,-1
2015405BA0020,1,9,0,18,0,1,0,0,0,0,1,-1,6,1,-1,-1,1149,1,14,-1,1,-1
2015405BA0020,2,1,0,3,0,1,0,0,0,0,2,1,6,1,22,5,-1,-1,-1,-1,1,-1
2015405BA0023,1,9,0,9,0,5,0,0,0,0,1,-1,2,2,54,8,-1,-1,-1,-1,1,-1
2015405BA0025,1,9,0,18,0,1,0,0,0,0,1,-1,6,2,-1,-1,-1,-1,-1,-1,-1,-1
2015405BA0025,2,1,0,18,5,8,0,0,0,0,2,1,6,1,40,7,-1,-1,-1,-1,1,-1
2015405BA0027,1,9,0,11,0,8,0,0,0,0,0,-1,6,3,-1,-1,1242,1,2,-1,-1,-1
2015405BA0027,2,9,0,18,0,8,0,0,1,10,4,-1,6,2,21,5,1242,1,3,-1,1,-1
2015405BA0031,1,9,0,7,0,6,0,0,0,0,1,-1,2,1,25,5,1368,1,9,-1,1,-1
2015405BA0031,2,1,0,18,0,8,0,0,0,0,4,1,6,1,48,8,-1,-1,-1,-1,2,-1
2015405BA0032,1,9,0,9,0,8,0,0,0,0,1,-1,6,1,35,6,1781,1,13,-1,1,-1
2015405BA0032,2,3,0,18,0,8,0,0,0,0,1,1,6,1,18,4,-1,-1,-1,-1,1,-1
2015405BA0033,1,9,0,9,0,8,0,0,0,0,3,-1,6,1,68,10,-1,-1,-1,-1,3,-1
2015405BA0033,2,9,0,18,0,8,0,0,0,0,1,-1,6,2,43,7,1598,2,4,-1,2,-1
2015405BA0034,1,9,0,7,0,6,0,0,0,0,1,-1,6,1,62,9,1985,1,18,-1,1,-1
2015405BA0034,2,1,0,18,4,8,0,0,0,0,4,1,2,1,49,8,-1,-1,-1,-1,1,-1
2015405BA0035,1,9,0,9,0,8,0,0,0,0,1,-1,6,1,48,8,1598,1,12,-1,2,-1
2015405BA0039,1,9,0,7,0,1,0,0,0,0,1,-1,6,1,35,6,1968,2,5,-1,1,-1
2015405BA0039,2,9,0,8,0,1,0,0,0,0,2,-1,6,1,35,6,1229,1,5,-1,1,-1
2015405BA0040,1,9,0,18,0,0,0,0,0,0,1,-1,6,1,55,8,-1,-1,-1,-1,2,-1
2015405BA0040,2,9,0,2,0,0,0,0,0,0,2,-1,6,3,-1,-1,-1,-1,-1,-1,-1,-1
2015405BA0040,3,19,0,2,0,0,0,0,0,0,2,-1,6,3,-1,-1,-1,-1,-1,-1,-1,-1
2015405BA0041,1,9,0,18,0,1,0,0,0,0,1,-1,2,1,-1,-1,1398,2,2,-1,1,-1
2015405BA0041,2,5,0,3,0,1,0,0,0,0,2,1,2,1,58,9,600,1,1,-1,1,-1
2015405BA0046,1,9,0,18,0,1,0,0,0,0,1,-1,6,2,35,6,1360,1,14,-1,3,-1
2015405BA0046,2,9,0,7,0,1,0,0,0,0,2,-1,1,1,26,6,1248,2,6,-1,1,-1
2015405BA0047,1,9,0,3,0,1,0,0,0,0,4,-1,6,1,41,7,1598,1,13,-1,1,-1
2015405BA0047,2,1,0,4,4,1,0,8,0,0,3,1,6,1,50,8,-1,-1,-1,-1,2,-1
2015405BA0048,1,21,1,12,0,0,0,0,0,0,3,-1,1,1,33,6,-1,-1,-1,-1,-1,-1
2015405BA0048,2,9,0,18,0,0,1,0,1,7,4,-1,6,2,27,6,1229,1,2,-1,3,-1
2015405BA0049,1,19,0,18,0,4,0,0,0,0,1,-1,1,1,22,5,2497,2,3,-1,-1,-1
2015405BA0049,2,5,0,18,0,8,0,0,0,0,1,1,2,1,60,9,900,1,-1,-1,1,-1
2015405BA0051,1,9,0,18,0,1,0,0,0,0,1,-1,1,2,20,4,1199,2,3,-1,1,-1
2015405BA0051,2,9,0,9,0,1,0,0,0,0,2,-1,2,2,43,7,2143,2,6,-1,3,-1
2015405BA0053,1,9,0,9,0,8,0,0,0,0,1,-1,6,3,-1,-1,-1,-1,-1,-1,-1,-1
2015405BA0054,1,9,0,6,0,7,0,0,4,6,3,-1,6,2,79,11,1296,1,8,-1,2,-1
2015405BA0054,2,9,0,18,0,8,1,0,4,6,1,-1,6,2,71,10,1339,1,6,-1,2,-1
2015405BA0056,1,9,0,3,0,0,0,0,0,0,2,-1,3,2,-1,-1,-1,-1,-1,-1,-1,-1
2015405BA0056,2,2,0,18,0,0,1,0,0,0,1,1,2,1,18,4,49,1,3,-1,1,-1
2015405BA0059,1,9,0,4,0,1,0,0,0,0,1,-1,2,1,42,7,1388,1,9,-1,1,-1
2015405BA0059,2,1,0,18,0,1,0,0,0,0,4,1,6,1,19,4,-1,-1,-1,-1,-1,-1
2015405BA0061,1,9,0,9,0,8,0,0,0,0,1,-1,2,1,44,7,-1,-1,-1,-1,1,-1
2015405BA0061,2,1,0,10,0,8,0,0,0,0,1,1,2,1,61,9,-1,-1,-1,-1,1,-1
2015405BA0064,1,3,0,16,0,8,1,0,0,0,4,1,6,1,18,4,101,1,19,-1,2,-1
2015405BA0069,1,9,0,18,0,2,0,0,0,0,1,-1,6,1,60,9,-1,-1,-1,-1,-1,-1
2015405BA0070,1,9,0,9,0,8,0,0,0,0,3,-1,6,1,30,6,1896,2,10,-1,-1,-1
2015405BA0070,2,2,0,3,0,8,0,0,0,0,1,1,4,1,16,4,49,1,5,-1,1,-1
2015405BA0071,1,9,0,7,0,6,0,0,0,0,1,-1,2,1,25,5,1598,1,8,-1,1,-1
2015405BA0071,2,1,0,18,0,8,0,0,0,0,4,1,2,1,34,6,-1,-1,-1,-1,1,-1
2015405BA0072,1,9,0,9,0,8,0,0,0,0,1,-1,2,2,35,6,-1,-1,-1,-1,1,-1
2015405BA0072,2,9,0,18,0,8,0,0,0,0,1,-1,2,2,35,6,1997,2,5,-1,1,-1
2015405BA0073,1,21,0,7,0,8,0,0,0,0,4,2,1,1,38,7,-1,-1,-1,-1,-1,-1
2015405BA0076,1,9,0,9,0,8,0,0,0,0,1,-1,1,1,34,6,1461,2,12,-1,1,-1
2015405BA0077,1,11,0,9,2,8,0,0,0,0,4,-1,1,1,46,8,-1,-1,-1,-1,1,-1
2015405BA0077,2,1,0,18,2,8,0,0,0,0,3,1,2,1,25,5,-1,-1,-1,-1,1,-1
2015405BA0077,3,1,0,18,2,8,0,0,0,0,3,1,2,1,25,5,-1,-1,-1,-1,1,-1
2015405BA0079,1,2,0,9,0,8,0,0,0,0,2,1,6,1,35,6,49,1,1,-1,-1,-1
2015405BA0079,2,9,0,13,0,8,0,0,0,0,1,-1,6,2,62,9,1560,2,8,-1,2,-1
2015405BA0080,1,9,0,7,0,8,0,0,0,0,1,-1,6,1,24,5,1364,1,1,-1,1,-1
2015405BA0080,2,9,0,14,0,8,0,0,0,0,4,-1,2,1,26,6,995,1,9,-1,2,-1
2015405BA0082,1,9,0,13,0,0,0,0,4,6,1,-1,2,2,26,6,-1,-1,-1,-1,1,-1
2015405BA0082,2,21,1,18,0,0,0,0,0,0,2,-1,6,3,-1,-1,-1,-1,-1,-1,-1,-1
2015405BA0083,1,9,0,17,0,8,1,0,1,0,1,-1,6,1,41,7,2204,2,7,-1,1,-1
2015405BA0083,2,9,0,10,0,6,0,0,0,0,3,-1,6,1,35,6,2496,1,9,-1,1,-1
2015405BA0084,1,9,0,17,0,2,1,0,1,10,1,-1,6,1,54,8,-1,-1,-1,-1,2,-1
2015405BA0087,1,9,0,7,0,8,0,0,0,0,4,-1,1,1,50,8,2985,2,10,-1,3,-1
2015405BA0089,1,9,0,18,0,1,0,0,0,0,1,-1,6,1,21,5,1398,1,1,-1,2,-1
2015405BA0089,2,90,0,18,0,1,0,0,0,0,3,-1,6,1,84,11,-1,-1,-1,-1,-1,-1
2015405BA0093,1,9,0,12,0,8,0,0,0,0,3,-1,1,1,35,6,-1,-1,-1,-1,1,-1
2015405BA0093,2,8,0,18,0,8,0,0,0,0,4,-1,6,1,35,6,1984,2,9,-1,1,-1
2015405BA0097,1,21,1,18,0,0,0,0,0,0,3,-1,6,3,-1,-1,-1,-1,-1,-1,-1,-1
2015405BA0097,2,9,0,18,0,0,0,0,0,0,4,-1,6,2,45,7,1598,1,13,-1,1,-1
2015405BA0100,1,9,0,16,0,2,1,4,0,0,1,-1,1,1,47,8,-1,-1,-1,-1,1,-1
2015405BA0100,2,9,0,2,0,1,0,4,0,0,1,-1,6,3,-1,-1,2993,2,4,-1,-1,-1
2015405BA0100,3,9,0,2,0,1,0,0,0,0,1,-1,6,3,-1,-1,1753,2,9,-1,-1,-1
2015405BA0108,1,21,0,18,2,0,0,0,0,0,1,-1,1,1,46,8,12580,2,9,-1,1,-1
2015405BA0116,1,9,0,9,0,8,0,0,0,0,1,-1,6,1,-1,-1,1124,1,13,-1,-1,-1
2015405BA0116,2,8,0,9,2,8,0,0,0,0,3,-1,1,1,43,7,-1,-1,-1,-1,1,-1
2015405BA0123,1,9,0,13,0,0,1,0,5,0,1,-1,6,1,37,7,1968,2,10,-1,1,-1
2015405BA0124,1,19,0,17,0,0,1,0,1,10,1,-1,6,1,51,8,-1,-1,-1,-1,3,-1
2015405BA0126,1,9,0,14,0,0,0,0,0,0,1,-1,2,1,58,9,1399,2,6,-1,1,-1
2015405BA0126,2,9,0,18,0,0,0,0,0,0,1,-1,2,1,24,5,-1,-1,-1,-1,3,-1
2015405BA0127,1,9,0,4,0,0,1,0,0,0,1,-1,6,2,45,7,-1,-1,-1,-1,1,-1
2015405BA0127,2,9,0,4,0,0,1,0,0,0,1,-1,6,1,45,7,1364,1,8,-1,1,-1
2015405BA0140,1,9,0,7,0,6,0,0,0,0,1,-1,6,1,75,10,1328,1,9,-1,2,-1
2015405BA0140,2,9,0,18,0,8,0,0,0,0,3,-1,1,1,48,8,1995,2,8,-1,1,-1
2015405BA0141,1,1,0,18,0,8,0,0,0,0,1,1,2,1,20,4,-1,-1,-1,-1,-1,-1
2015405BA0141,2,9,0,18,0,8,0,0,0,0,1,-1,2,1,46,8,2199,2,3,-1,1,-1
2015405BA0143,1,9,0,18,0,0,0,0,0,0,1,-1,6,2,26,6,1229,1,7,-1,3,-1
2015405BA0143,2,9,0,4,0,0,0,0,0,0,2,-1,6,1,22,5,1984,1,11,-1,1,-1
2015405BA0143,3,9,0,4,0,0,0,0,0,0,2,-1,6,1,30,6,1968,2,1,-1,1,-1
2015405BA0145,1,9,0,18,0,0,0,4,1,0,1,-1,6,1,44,7,998,1,4,-1,1,-1
2015405BA0145,2,9,0,2,6,0,0,0,0,0,2,-1,6,3,-1,-1,1598,1,7,-1,-1,-1
2015405BA0146,1,11,0,9,0,6,0,0,0,0,4,-1,1,3,-1,-1,-1,-1,-1,-1,-1,-1
2015405BA0150,1,9,0,18,0,8,0,0,0,0,1,-1,6,2,57,9,1686,2,1,-1,1,-1
2015405BA0150,2,9,0,18,0,8,0,0,0,0,3,-1,6,2,41,7,1995,2,3,-1,1,-1
2015405BA0150,3,9,0,8,0,1,0,0,0,0,1,-1,1,1,60,9,1956,2,2,-1,2,-1
2015405BA0157,1,19,0,18,0,8,0,0,0,0,1,-1,1,1,38,7,-1,-1,-1,-1,1,-1
2015405BA0157,2,9,0,18,0,8,0,0,0,0,3,-1,6,1,64,9,1956,2,3,-1,1,-1
2015405BA0159,1,21,1,18,0,0,0,0,0,0,1,-1,6,1,50,8,-1,-1,-1,-1,-1,-1
2015405BA0159,2,9,0,4,0,0,0,0,0,0,2,-1,6,2,29,6,1596,1,7,-1,3,-1
2015405BA0160,1,9,0,9,0,6,0,0,0,0,1,-1,2,1,35,6,1598,1,8,-1,1,-1
2015405BA0160,2,9,0,18,0,8,0,0,0,0,3,-1,1,1,40,7,1686,2,1,-1,1,-1
2015405BA0162,1,3,0,18,0,8,0,0,0,0,1,1,6,1,19,4,125,1,1,-1,1,-1
2015405BA0162,2,9,0,18,0,8,0,0,0,0,1,-1,6,1,54,8,-1,-1,-1,-1,3,-1
2015405BA0168,1,9,0,4,0,4,1,9,1,4,1,-1,6,1,20,4,2792,1,12,-1,1,-1
2015405BA0175,1,9,0,18,0,6,0,0,0,0,1,-1,6,1,29,6,1870,2,9,-1,1,-1
2015405BA0175,2,9,0,18,0,8,0,0,0,0,4,-1,6,1,38,7,1590,1,15,-1,1,-1
2015405BA0178,1,9,0,2,0,0,0,0,0,0,3,-1,6,2,39,7,-1,-1,-1,-1,1,-1
2015405BA0178,2,21,1,18,0,0,0,4,0,0,4,-1,1,1,64,9,-1,-1,-1,-1,-1,-1
2015405BA0179,1,9,0,18,0,1,0,10,0,2,1,-1,6,1,93,11,1595,1,7,-1,2,-1
2015405BA0180,1,9,0,18,0,4,0,0,0,0,1,-1,6,1,64,9,1497,1,12,-1,1,-1
2015405BA0180,2,1,0,9,0,8,0,0,0,0,1,1,6,2,33,6,-1,-1,-1,-1,1,-1
2015405BA0181,1,9,0,4,0,0,0,0,0,0,2,-1,6,1,19,4,998,1,7,-1,1,-1
2015405BA0181,2,5,0,4,0,0,1,0,0,0,1,1,6,1,58,9,1052,1,20,-1,-1,-1
2015405BA0181,3,9,0,4,0,0,0,0,0,0,2,-1,6,1,50,8,1951,2,12,-1,2,-1
2015405BA0182,1,1,0,18,0,0,0,4,0,0,1,1,2,1,54,8,-1,-1,-1,-1,3,-1
2015405BA0182,2,9,0,2,0,0,0,0,0,0,2,-1,6,1,28,6,1595,1,25,-1,-1,-1
2015405BA0191,1,9,0,18,0,0,0,0,1,7,4,-1,6,2,21,5,-1,-1,-1,-1,1,-1
2015405BA0192,1,1,0,18,0,8,0,0,0,0,1,1,6,2,62,9,-1,-1,-1,-1,1,-1
2015405BA0192,2,9,0,5,0,4,0,0,0,0,3,-1,6,2,46,8,1360,1,13,-1,1,-1
2015405BA0194,1,9,0,5,0,1,0,0,0,0,1,-1,6,1,25,5,1998,1,5,-1,1,-1
2015405BA0196,1,9,0,16,0,8,0,0,7,9,1,1,6,1,22,5,-1,-1,-1,-1,1,-1
2015405BA0199,1,1,0,18,0,1,0,0,0,0,1,1,6,1,25,5,-1,-1,-1,-1,1,-1
2015405BA0199,2,9,0,18,0,1,0,0,0,0,4,1,6,3,-1,-1,-1,-1,-1,-1,-1,-1
2015405BA0201,1,21,1,17,0,0,1,0,1,9,1,-1,1,1,61,9,10837,2,5,-1,1,-1
2015405BA0201,2,9,0,16,0,0,0,0,0,0,0,-1,6,3,-1,-1,-1,-1,-1,-1,-1,-1
2015405BA0203,1,9,0,9,0,8,0,0,0,0,1,-1,1,2,18,4,-1,-1,-1,-1,2,-1
2015405BA0203,2,9,0,18,0,8,0,0,1,0,1,-1,6,2,28,6,875,1,-1,-1,2,-1
2015405BA0210,1,9,0,18,0,8,0,0,0,0,4,-1,6,1,60,9,2685,2,12,-1,1,-1
2015405BA0210,2,1,0,18,0,8,0,0,0,0,1,1,6,1,20,4,-1,-1,-1,-1,2,-1
2015405BA0211,1,9,0,18,0,1,0,0,0,0,1,-1,6,1,19,4,1242,1,17,-1,2,-1
2015405BA0211,2,9,0,10,0,1,0,0,0,0,2,-1,1,1,35,6,1968,2,5,-1,1,-1
2015405BA0218,1,9,0,7,0,4,0,0,0,0,1,-1,6,1,46,8,1198,1,9,-1,1,-1
2015405BA0218,2,3,0,18,0,8,0,0,0,0,4,1,6,1,28,6,125,1,12,-1,1,-1
2015405BA0221,1,9,0,18,0,8,0,0,0,0,1,-1,6,3,-1,-1,-1,-1,-1,-1,-1,-1
2015405BA0221,2,1,0,9,0,8,0,0,0,0,3,1,6,1,57,9,-1,-1,-1,-1,3,-1
2015405BA0222,1,9,0,18,0,8,0,0,0,0,1,-1,2,1,48,8,1598,1,2,-1,1,-1
2015405BA0222,2,1,0,18,0,8,0,0,0,0,4,1,2,1,18,4,-1,-1,-1,-1,2,-1
2015405BA0226,1,9,0,16,0,0,0,0,0,0,1,-1,6,2,34,6,1399,2,11,-1,1,-1
2015405BA0226,2,9,0,4,0,0,0,0,0,0,1,-1,6,2,36,7,-1,-1,-1,-1,1,-1
2015405BA0226,3,9,0,4,0,0,0,0,0,0,3,-1,6,2,37,7,1582,2,6,-1,2,-1
2015405BA0228,1,9,0,4,0,1,0,0,0,0,1,-1,6,3,-1,-1,1598,1,16,-1,-1,-1
2015405BA0228,2,9,0,3,0,1,0,0,0,0,2,-1,6,2,29,6,1398,1,5,-1,1,-1
2015405BA0232,1,9,0,12,0,0,1,0,0,0,1,-1,6,1,33,6,2793,1,17,-1,1,-1
2015405BA0232,2,21,0,18,0,0,0,0,0,0,2,-1,1,1,-1,-1,10837,2,2,-1,-1,-1