Accident_Index,Vehicle_Reference,Vehicle_Type,Towing_and_Articulation,Vehicle_Manoeuvre,Vehicle_Location-Restricted_Lane,Junction_Location,Skidding_and_Overturning,Hit_Object_in_Carriageway,Vehicle_Leaving_Carriageway,Hit_Object_off_Carriageway,1st_Point_of_Impact,Was_Vehicle_Left_Hand_Drive?,Journey_Purpose_of_Driver,Sex_of_Driver,Age_of_Driver,Age_Band_of_Driver,Engine_Capacity_(CC),Propulsion_Code,Age_of_Vehicle,Driver_IMD_Decile,Driver_Home_Area_Type,Vehicle_IMD_Decile
2015405BA0571,1,9,0,18,0,0,0,0,0,0,1,1,6,1,55,8,-1,-1,-1,-1,1,-1
2015405BA0572,1,9,0,4,0,0,0,0,0,0,1,1,6,2,48,8,1061,1,12,-1,1,-1
2015405BA0572,2,9,0,18,0,0,0,0,0,0,2,1,6,1,33,6,1396,1,15,-1,1,-1
2015405BA0574,1,9,0,18,0,1,0,0,0,0,1,1,6,2,27,6,1360,1,14,-1,1,-1
2015405BA0574,2,9,0,4,0,8,0,0,0,0,2,1,6,2,38,7,1590,1,13,-1,1,-1
2015405BA0575,1,11,0,18,0,0,0,0,0,0,1,1,1,1,51,8,4249,2,8,-1,1,-1
2015405BA0575,2,9,0,4,0,0,0,0,0,0,2,1,6,2,42,7,2400,2,5,-1,1,-1
2015405BA0576,1,9,0,18,0,0,0,0,0,0,1,1,6,1,43,7,1598,1,10,-1,1,-1
2015405BA0577,1,9,0,18,0,8,0,0,0,0,1,1,6,2,78,11,2179,2,8,-1,3,-1
2015405BA0577,2,9,0,9,0,8,0,0,0,0,1,1,6,2,74,10,1796,1,5,-1,1,-1
2015405BA0578,1,11,0,18,0,0,0,0,0,0,3,1,1,2,55,8,3900,2,9,-1,1,-1
2015405BA0587,1,9,0,18,0,1,0,0,0,0,1,1,6,2,31,6,1397,1,13,-1,1,-1
2015405BA0587,2,9,0,4,0,1,0,0,0,0,2,1,2,1,27,6,1199,1,13,-1,-1,-1
2015405BA0595,1,5,0,18,0,0,0,4,0,0,1,1,6,1,45,7,750,1,22,-1,1,-1
2015405BA0595,2,9,0,2,0,0,0,0,0,0,1,1,6,3,-1,-1,-1,-1,-1,-1,2,-1
2015405BA0596,1,9,0,3,0,0,0,0,0,0,3,1,6,1,36,7,1598,1,8,-1,1,-1
2015405BA0598,1,9,0,1,0,8,0,0,0,0,2,1,6,2,-1,-1,1229,1,7,-1,1,-1
2015405BA0598,2,9,0,16,0,8,0,0,0,0,1,1,6,1,55,8,-1,-1,-1,-1,3,-1
2015405BA0599,1,22,0,18,4,8,0,0,0,0,3,1,6,1,67,10,-1,3,4,-1,1,-1
2015405BA0599,2,9,0,18,0,8,0,0,0,0,1,1,6,2,22,5,1598,1,1,-1,2,-1
2015405BA0602,1,1,0,18,0,1,0,0,0,0,1,1,4,1,15,3,-1,-1,-1,-1,-1,-1
2015405BA0602,2,9,0,18,0,1,0,0,0,0,1,1,6,2,35,6,1598,2,1,-1,1,-1
2015405BA0610,1,9,0,9,0,8,0,0,0,0,1,1,6,1,28,6,1388,1,12,-1,1,-1
2015405BA0610,2,9,0,18,0,8,0,0,0,0,1,1,6,2,60,9,2204,2,7,-1,2,-1
2015405BA0612,1,19,0,9,0,6,0,0,0,0,3,1,1,1,57,9,2198,2,3,-1,1,-1
2015405BA0613,1,9,0,5,0,8,0,0,0,0,1,1,6,1,45,7,1560,2,4,-1,1,-1
2015405BA0613,2,1,0,18,0,8,0,0,0,0,4,1,6,1,38,7,-1,-1,-1,-1,1,-1
2015405BA0616,1,9,0,5,0,8,0,0,0,0,3,1,6,2,17,4,1197,1,1,-1,3,-1
2015405BA0616,2,3,0,14,0,8,0,0,0,0,4,1,6,2,19,4,124,1,-1,-1,1,-1
2015405BA0617,1,9,0,17,0,8,1,0,1,0,1,1,6,1,43,7,3528,1,-1,-1,3,-1
2015405BA0617,2,9,0,1,0,8,0,0,0,0,3,1,6,2,71,10,1560,2,2,-1,3,-1
2015405BA0621,1,9,0,13,0,0,0,0,0,0,1,1,6,1,-1,-1,1796,7,6,-1,-1,-1
2015405BA0621,2,1,0,18,0,0,0,0,0,0,2,1,6,1,45,7,-1,-1,-1,-1,1,-1
2015405BA0625,1,9,0,4,9,8,0,0,0,0,1,1,6,1,71,10,-1,-1,-1,-1,3,-1
2015405BA0626,1,11,0,18,0,0,0,0,0,0,4,1,1,3,-1,-1,-1,-1,-1,-1,-1,-1
2015405BA0629,1,9,0,17,0,0,0,0,1,9,1,1,6,2,81,11,2497,1,11,-1,3,-1
2015405BA0630,1,5,0,4,0,1,1,0,0,0,4,1,6,1,33,6,600,1,12,-1,1,-1
2015405BA0631,1,9,0,18,0,0,0,0,0,0,4,1,6,2,32,6,1248,2,1,-1,1,-1
2015405BA0631,2,1,0,18,0,0,0,0,0,0,1,1,6,1,10,2,-1,-1,-1,-1,1,-1
2015405BA0632,1,19,0,16,0,8,1,0,8,4,1,1,1,1,33,6,2151,2,12,-1,-1,-1
2015405BA0632,2,5,0,18,0,1,1,0,0,0,4,1,6,1,62,9,592,1,23,-1,3,-1
2015405BA0638,1,9,0,18,0,1,0,0,0,0,1,1,6,2,51,8,1242,1,1,-1,1,-1
2015405BA0639,1,9,0,18,0,0,0,0,0,0,1,1,6,1,85,11,2993,2,3,-1,2,-1
2015405BA0639,2,1,0,18,0,0,0,0,0,0,2,1,6,1,53,8,-1,-1,-1,-1,2,-1
2015405BA0640,1,9,0,9,0,2,0,0,0,0,1,1,6,1,38,7,996,1,1,-1,1,-1
2015405BA0641,1,9,0,4,0,8,0,0,0,0,3,1,6,1,79,11,1299,1,17,-1,2,-1
2015405BA0641,2,1,0,18,0,8,0,0,0,0,1,1,6,1,54,8,-1,-1,-1,-1,1,-1
2015405BA0642,1,3,0,18,0,0,0,0,0,0,3,1,6,1,23,5,125,1,5,-1,2,-1
2015405BA0642,2,1,0,18,0,0,0,0,0,0,1,1,6,1,-1,-1,-1,-1,-1,-1,-1,-1
2015405BA0644,1,1,0,18,0,1,0,0,0,0,3,1,6,1,16,4,-1,-1,-1,-1,1,-1
2015405BA0644,2,9,0,18,0,2,0,0,0,0,1,1,6,1,80,11,-1,-1,-1,-1,1,-1
2015405BA0651,1,9,0,18,0,0,0,0,1,4,3,1,2,1,27,6,1968,2,1,-1,-1,-1
2015405BA0651,2,9,0,18,0,0,0,0,0,0,3,1,2,2,63,9,1598,1,-1,-1,1,-1
2015405BA0651,3,9,0,18,0,0,0,0,0,0,3,1,6,2,34,6,1360,1,8,-1,1,-1
2015405BA0651,4,9,0,18,0,0,0,0,1,4,3,1,6,1,79,11,1197,1,-1,-1,1,-1
2015405BA0662,1,22,0,18,9,1,0,0,0,0,1,1,6,1,-1,-1,-1,-1,-1,-1,-1,-1
2015405BA0668,1,9,0,4,0,0,0,0,0,0,1,1,6,2,72,10,1598,1,2,-1,3,-1
2015405BA0668,2,9,0,3,0,0,0,0,0,0,2,1,6,1,26,6,1198,1,1,-1,1,-1
2015405BA0669,1,9,0,9,0,8,0,0,0,0,1,1,6,1,72,10,2401,2,12,-1,1,-1
2015405BA0669,2,9,0,18,0,8,0,0,0,0,1,1,2,2,47,8,1997,2,2,-1,1,-1
2015405BA0670,1,5,0,4,0,1,1,9,3,10,1,1,2,1,37,7,1050,1,7,-1,1,-1
2015405BA0671,1,9,0,18,0,0,0,0,0,0,1,1,6,2,40,7,1598,1,4,-1,1,-1
2015405BA0671,2,9,0,18,0,0,0,0,0,0,2,1,6,1,80,11,1242,1,4,-1,2,-1
2015405BA0671,3,9,0,18,0,0,0,0,0,0,2,1,6,2,64,9,1598,2,2,-1,3,-1
2015405BA0672,1,9,0,2,0,0,0,0,0,0,2,1,6,2,43,7,1796,1,11,-1,-1,-1
2015405BA0672,2,9,0,18,0,0,0,0,0,0,1,1,6,1,17,4,1781,1,22,-1,2,-1
2015405BA0674,1,9,0,9,0,8,0,0,0,0,1,1,1,1,60,9,1299,1,10,-1,-1,-1
2015405BA0674,2,9,0,18,0,8,0,0,0,0,3,1,6,2,30,6,1910,2,5,-1,1,-1
2015405BA0675,1,1,0,18,0,0,0,0,0,0,1,1,6,1,52,8,-1,-1,-1,-1,-1,-1
2015405BA0675,2,9,0,18,0,0,0,0,0,0,1,1,6,1,-1,-1,1968,2,6,-1,1,-1
2015405BA0676,1,1,0,18,9,8,0,0,0,0,1,1,6,1,55,8,-1,-1,-1,-1,1,-1
2015405BA0676,2,9,0,5,9,8,0,0,0,0,3,1,6,1,55,8,-1,-1,-1,-1,3,-1
2015405BA0677,1,9,0,18,0,1,0,0,0,0,1,1,6,2,60,9,999,1,3,-1,2,-1
2015405BA0677,2,9,0,3,0,1,0,0,0,0,2,1,2,2,26,6,1149,1,5,-1,3,-1
2015405BA0677,3,9,0,10,0,8,0,0,0,0,2,1,6,1,45,7,1968,2,1,-1,3,-1
2015405BA0679,1,5,0,9,0,8,0,0,1,11,1,1,6,1,48,8,1690,1,-1,-1,1,-1
2015405BA0679,2,9,0,18,0,5,0,0,0,0,4,1,6,1,21,5,3200,1,12,-1,3,-1
2015405BA0680,1,9,0,3,0,1,0,0,0,0,2,1,6,2,36,7,-1,-1,-1,-1,1,-1
2015405BA0680,2,9,0,18,0,1,0,0,0,0,1,1,6,1,26,6,-1,-1,-1,-1,1,-1
2015405BA0685,1,9,0,11,0,0,0,0,0,0,2,1,6,1,26,6,1968,2,8,-1,1,-1
2015405BA0685,2,11,0,18,0,0,0,0,0,0,1,1,1,1,22,5,3900,2,12,-1,1,-1
2015405BA0686,1,19,0,1,0,8,0,0,0,0,4,1,1,2,20,4,2143,2,-1,-1,3,-1
2015405BA0686,2,9,0,18,0,8,0,0,0,0,2,1,6,2,71,10,1598,1,2,-1,1,-1
2015405BA0689,1,9,0,18,0,1,0,0,0,0,1,1,6,2,-1,-1,1229,1,9,-1,1,-1
2015405BA0689,2,9,0,10,0,8,0,0,0,0,2,1,6,2,43,7,1587,1,9,-1,1,-1
2015405BA0689,3,9,0,4,0,1,0,0,0,0,2,1,6,1,43,7,1896,2,10,-1,1,-1
2015405BA0690,1,9,0,18,0,0,0,0,0,0,1,1,6,1,27,6,1598,1,14,-1,1,-1
2015405BA0690,2,9,0,3,0,0,0,0,0,0,2,1,6,1,48,8,-1,-1,-1,-1,1,-1
2015405BA0691,1,9,0,18,0,0,0,0,0,0,1,1,6,1,-1,-1,998,1,10,-1,1,-1
2015405BA0691,2,9,0,3,0,0,0,0,0,0,2,1,6,2,20,4,-1,-1,-1,-1,1,-1
2015405BA0694,1,3,0,7,0,2,0,0,0,0,3,1,2,1,32,6,124,1,-1,-1,1,-1
2015405BA0694,2,9,0,18,0,2,0,0,0,0,4,1,6,1,76,11,1794,1,11,-1,1,-1
2015405BA0697,1,8,0,2,0,0,0,0,0,0,3,1,6,1,50,8,1686,2,4,-1,1,-1
2015405BA0697,2,1,0,13,0,0,0,0,0,0,1,1,6,1,55,8,-1,-1,-1,-1,1,-1
2015405BA0702,1,9,0,18,0,1,0,0,0,0,1,1,6,2,69,10,1598,1,13,-1,2,-1
2015405BA0702,2,9,0,3,0,1,0,0,0,0,2,1,6,1,27,6,2993,2,11,-1,1,-1
2015405BA0702,3,9,0,3,0,1,0,0,0,0,2,1,6,2,66,10,1596,1,6,-1,1,-1
2015405BA0702,4,9,0,9,0,8,0,0,0,0,0,1,6,2,49,8,1242,1,2,-1,1,-1
2015405BA0704,1,9,0,18,0,8,0,0,0,0,1,1,6,1,36,7,1850,1,15,-1,1,-1
2015405BA0704,2,1,0,18,0,8,0,0,0,0,2,1,6,1,51,8,-1,-1,-1,-1,1,-1
2015405BA0705,1,9,0,18,0,8,0,0,0,0,1,1,6,2,85,11,1339,1,2,-1,2,-1
2015405BA0705,2,9,0,9,0,8,0,0,0,0,2,1,6,1,62,9,1997,2,12,-1,1,-1
2015405BA0708,1,4,0,13,0,0,1,0,1,4,1,1,6,1,50,8,499,1,16,-1,1,-1
2015405BA0708,2,9,0,18,0,0,0,0,0,0,2,1,6,2,43,7,1328,1,9,-1,1,-1
2015405BA0712,1,21,1,18,0,8,0,0,0,0,1,1,1,1,30,6,-1,-1,-1,-1,-1,-1
2015405BA0712,2,9,0,18,0,8,0,0,0,0,2,1,2,1,35,6,2000,1,8,-1,1,-1
2015405BA0714,1,21,0,14,0,8,0,0,0,0,1,1,1,1,33,6,9290,2,5,-1,2,-1
2015405BA0714,2,9,0,9,0,8,0,0,0,0,3,1,6,1,46,8,-1,-1,-1,-1,3,-1
2015405BA0715,1,9,0,9,0,8,0,0,1,10,1,1,6,1,70,10,1329,1,3,-1,3,-1
2015405BA0715,2,8,0,9,0,8,0,0,0,0,2,1,1,1,40,7,1598,2,6,-1,1,-1
2015405BA0727,1,9,0,17,0,0,0,0,0,0,1,2,6,1,33,6,-1,-1,-1,-1,-1,-1
2015405BA0727,2,9,0,16,0,0,0,0,0,0,1,1,6,1,44,7,1368,1,11,-1,2,-1
2015405BA0749,1,9,0,18,0,0,0,0,0,0,1,1,6,1,25,5,1229,1,9,-1,1,-1
2015405BA0758,1,9,0,4,0,1,0,0,0,0,2,1,6,2,26,6,1248,1,3,-1,1,-1
2015405BA0758,2,9,0,4,0,1,0,0,0,0,2,1,6,1,57,9,-1,-1,-1,-1,1,-1
2015405BA0758,3,9,0,4,0,1,0,0,0,0,1,1,6,2,19,4,1108,1,5,-1,2,-1
2015405BA0761,1,9,0,3,0,0,0,0,0,0,2,1,6,1,40,7,2664,2,13,-1,1,-1
2015405BA0761,2,9,0,3,0,0,0,0,0,0,2,1,6,2,45,7,1968,2,8,-1,2,-1
2015405BA0761,3,9,0,18,0,0,0,0,0,0,1,1,6,1,25,5,1229,1,7,-1,1,-1
2015405BA0765,1,9,0,7,0,8,0,0,0,0,1,1,6,2,17,4,999,1,14,-1,1,-1
2015405BA0765,2,9,0,10,0,8,0,0,0,0,3,1,1,1,45,7,-1,-1,-1,-1,1,-1
2015405BA0767,1,9,0,16,0,0,1,10,7,1,1,1,6,1,23,5,-1,-1,-1,-1,3,-1
2015405BA0768,1,9,0,13,0,0,0,0,0,0,0,1,6,3,-1,-1,-1,-1,-1,-1,-1,-1
2015405BA0768,2,3,0,18,0,0,0,0,0,0,0,1,6,2,20,4,125,1,2,-1,3,-1
2015405BA0773,1,11,0,5,0,2,0,0,0,0,0,1,1,1,49,8,6700,2,4,-1,1,-1
2015405BA0774,1,9,0,6,0,8,0,0,0,0,1,1,6,2,60,9,1590,1,12,-1,1,-1
2015405BA0774,2,9,0,18,0,8,0,0,0,0,4,1,6,1,37,7,1968,2,5,-1,1,-1
2015405BA0776,1,9,0,9,0,8,0,0,0,0,3,1,2,1,33,6,-1,-1,-1,-1,1,-1
2015405BA0776,2,1,0,18,0,8,0,0,0,0,1,1,2,1,38,7,-1,-1,-1,-1,1,-1
2015405BA0779,1,19,0,7,0,8,0,0,0,0,1,1,6,3,-1,-1,-1,-1,-1,-1,-1,-1
2015405BA0779,2,9,0,18,0,8,0,0,0,0,4,1,6,1,46,8,1968,2,1,-1,3,-1
2015405BA0781,1,9,0,16,0,8,5,0,3,0,3,1,1,2,43,7,1598,1,12,-1,-1,-1
2015405BA0787,1,9,0,17,0,0,0,0,0,0,1,1,6,2,58,9,1197,1,-1,-1,-1,-1
2015405BA0787,2,9,0,18,0,0,0,0,0,0,1,1,6,1,43,7,1968,2,3,-1,2,-1
2015405BA0806,1,9,0,7,0,8,0,0,0,0,1,1,6,1,59,9,1398,2,10,-1,1,-1
2015405BA0806,2,9,0,18,0,8,0,0,0,0,1,2,6,1,25,5,-1,-1,-1,-1,-1,-1
2015405BA0810,1,9,0,4,0,0,1,0,0,0,1,1,2,1,33,6,1997,2,12,-1,1,-1
2015405BA0810,2,9,0,3,0,0,0,0,0,0,2,1,6,1,37,7,1368,1,-1,-1,1,-1
2015405BA0814,1,9,0,9,0,8,0,0,0,0,4,1,6,2,43,7,1248,1,5,-1,1,-1
2015405BA0814,2,5,0,18,0,8,0,0,0,0,1,1,6,1,35,6,955,1,13,-1,3,-1
2015405BA0814,3,9,0,10,0,8,0,0,0,0,0,1,6,2,29,6,1242,1,10,-1,3,-1
2015405BA0816,1,9,0,4,0,1,0,0,0,0,4,1,6,1,50,8,1390,1,17,-1,1,-1
2015405BA0816,2,1,0,18,0,1,0,0,0,0,1,1,6,1,44,7,-1,-1,-1,-1,1,-1
2015405BA0818,1,9,0,4,0,1,0,0,0,0,4,1,6,1,57,9,3564,1,6,-1,1,-1
2015405BA0818,2,1,0,18,0,8,0,0,0,0,1,1,6,1,36,7,-1,-1,-1,-1,1,-1
2015405BA0823,1,2,0,4,0,1,1,0,0,0,4,1,6,1,17,4,49,1,2,-1,1,-1
2015405BA0825,1,9,0,18,0,0,1,0,1,7,1,1,6,2,33,6,1598,1,17,-1,2,-1
2015405BA0834,1,9,0,9,0,1,0,0,0,0,1,1,1,1,64,9,1997,2,-1,-1,3,-1
2015405BA0834,2,1,0,18,0,2,0,0,0,0,1,1,6,1,66,10,-1,-1,-1,-1,1,-1
2015405BA0839,1,20,0,9,0,3,0,0,0,0,0,1,1,1,59,9,4580,2,11,-1,1,-1
2015405BA0839,2,1,0,18,9,2,0,0,0,0,0,1,6,2,40,7,-1,-1,-1,-1,-1,-1
2015405BA0841,1,9,0,16,0,1,1,0,7,10,1,1,6,1,32,6,1998,1,13,-1,1,-1
2015405BA0842,1,9,4,18,0,0,0,0,0,0,1,1,1,1,19,4,-1,-1,-1,-1,3,-1
2015405BA0842,2,9,0,18,0,0,0,0,0,0,1,1,2,2,56,9,1248,1,4,-1,-1,-1
2015405BA0843,1,9,0,9,0,8,0,0,0,0,4,1,1,1,63,9,-1,-1,-1,-1,1,-1
2015405BA0843,2,19,0,18,0,8,1,0,0,0,3,1,1,1,38,7,1598,2,2,-1,2,-1
2015405BA0844,1,9,0,9,0,8,0,0,0,0,1,1,6,1,47,8,-1,-1,-1,-1,1,-1
2015405BA0844,2,9,0,9,0,8,0,0,0,0,3,1,6,1,39,7,2477,2,10,-1,1,-1
2015405BA0846,1,90,0,18,0,0,0,0,7,9,3,1,6,1,25,5,499,1,-1,-1,1,-1
2015405BA0848,1,11,0,4,0,0,0,0,0,0,4,1,1,1,45,7,-1,2,16,-1,1,-1
2015405BA0849,1,9,0,14,0,0,5,4,0,0,3,1,6,2,54,8,1591,1,-1,-1,2,-1
2015405BA0849,2,9,0,18,0,0,0,0,0,0,3,1,6,2,32,6,1598,1,8,-1,2,-1
2015405BA0849,3,9,0,2,0,0,0,0,0,0,3,1,6,1,61,9,1968,2,2,-1,2,-1
2015405BA0851,1,21,1,18,0,0,0,0,0,0,1,1,1,1,-1,-1,12902,2,2,-1,2,-1
2015405BA0851,2,1,0,18,0,0,0,0,0,0,2,1,2,1,46,8,-1,-1,-1,-1,2,-1
2015405BA0852,1,19,0,9,0,8,0,0,0,0,4,1,1,1,64,9,1598,2,2,-1,1,-1
2015405BA0852,2,1,0,18,0,8,0,0,0,0,1,1,6,2,61,9,-1,-1,-1,-1,1,-1
2015405BA0853,1,9,0,1,0,1,0,0,0,0,2,1,1,1,45,7,-1,-1,-1,-1,1,-1
2015405BA0853,2,3,0,3,0,1,0,0,0,0,1,1,2,1,21,5,125,1,-1,-1,1,-1
2015405BA0858,1,9,0,17,0,0,1,0,1,9,1,1,6,1,38,7,1796,1,15,-1,1,-1
2015405BA0862,1,9,0,16,0,0,1,0,1,9,3,1,2,1,44,7,1997,1,16,-1,3,-1
2015405BA0864,1,9,0,1,0,8,0,0,0,0,3,1,6,1,24,5,1995,2,6,-1,3,-1
2015405BA0864,2,2,0,18,0,8,0,0,0,0,3,1,6,2,36,7,49,1,1,-1,-1,-1
2015405BA0865,1,3,0,18,0,0,0,0,0,0,1,1,6,1,17,4,124,1,5,-1,1,-1
2015405BA0865,2,9,0,3,0,0,0,0,0,0,2,1,6,1,40,7,1910,2,9,-1,1,-1
2015405BA0867,1,9,0,9,0,8,0,0,0,0,4,1,6,3,-1,-1,-1,-1,-1,-1,-1,-1
2015405BA0867,2,1,0,18,0,8,0,0,0,0,1,1,6,1,22,5,-1,-1,-1,-1,1,-1
2015405BA0871,1,19,0,18,0,0,0,0,0,0,1,1,1,1,24,5,2148,2,10,-1,-1,-1
2015405BA0873,1,9,0,18,0,8,0,0,0,0,4,1,6,1,-1,-1,-1,-1,-1,-1,-1,-1
2015405BA0873,2,1,0,18,0,8,0,0,0,0,2,1,6,1,43,7,-1,-1,-1,-1,1,-1
2015405BA0874,1,97,0,18,0,8,0,0,0,0,1,1,6,1,-1,-1,-1,-1,-1,-1,-1,-1
2015405BA0874,2,1,0,18,0,8,0,0,0,0,3,1,6,2,43,7,-1,-1,-1,-1,1,-1
2015405BA0876,1,5,0,9,0,8,1,11,0,0,3,1,6,1,28,6,599,1,11,-1,1,-1
2015405BA0879,1,9,0,9,0,8,0,0,0,0,1,1,6,2,-1,-1,1799,1,7,-1,-1,-1
2015405BA0879,2,1,0,18,0,8,0,0,0,0,3,1,6,1,46,8,-1,-1,-1,-1,1,-1
2015405BA0884,1,9,0,18,0,0,0,0,0,0,1,1,6,2,79,11,1341,1,10,-1,3,-1
2015405BA0885,1,9,0,9,0,8,0,0,0,0,1,1,6,3,-1,-1,-1,-1,-1,-1,-1,-1
2015405BA0885,2,1,0,18,0,8,0,0,0,0,4,1,6,1,22,5,-1,-1,-1,-1,1,-1
2015405BA0886,1,9,0,17,0,0,2,0,0,0,4,1,2,2,21,5,998,1,8,-1,3,-1
2015405BA0890,1,9,0,18,0,3,0,0,0,0,4,1,6,1,57,9,1968,2,5,-1,3,-1
2015405BA0890,2,1,0,18,0,8,0,0,0,0,3,1,6,1,72,10,-1,-1,-1,-1,1,-1
2015405BA0895,1,9,0,4,0,8,1,0,0,0,1,1,2,2,21,5,1368,1,-1,-1,1,-1
2015405BA0895,2,9,0,4,0,8,1,0,0,0,1,1,6,1,50,8,1753,2,11,-1,1,-1
2015405BA0895,3,9,0,3,0,8,0,0,0,0,2,1,6,1,28,6,-1,-1,-1,-1,-1,-1
2015405BA0895,4,9,0,3,0,8,0,0,0,0,2,1,6,1,54,8,1248,2,7,-1,1,-1
2015405BA0897,1,3,0,13,0,0,0,0,0,0,1,1,6,1,19,4,-1,-1,-1,-1,1,-1
2015405BA0897,2,1,0,18,0,0,0,0,0,0,3,1,6,1,16,4,-1,-1,-1,-1,1,-1
2015405BA0908,1,9,0,4,0,2,0,0,0,0,1,1,6,2,22,5,1598,2,-1,-1,1,-1
2015405BA0908,2,9,0,3,0,2,0,0,0,0,2,1,6,2,27,6,1995,2,5,-1,3,-1
2015405BA0908,3,90,0,18,0,1,0,0,0,0,0,1,1,3,-1,-1,-1,-1,-1,-1,-1,-1
2015405BA0909,1,9,0,7,0,8,0,0,0,0,3,1,6,2,52,8,1389,1,15,-1,1,-1
2015405BA0909,2,8,0,18,0,8,1,0,0,0,4,1,1,1,45,7,1497,8,7,-1,1,-1
2015405BA0913,1,3,0,17,0,0,0,0,1,3,1,1,6,1,18,4,125,1,-1,-1,3,-1
2015405BA0916,1,9,0,4,0,1,0,0,0,0,1,1,6,1,77,11,1796,1,14,-1,3,-1
2015405BA0916,2,5,0,3,0,4,0,0,0,0,2,1,6,1,38,7,1170,1,7,-1,1,-1
2015405BA0917,1,9,0,18,0,0,0,0,0,0,1,1,6,2,48,8,1461,2,1,-1,1,-1
2015405BA0918,1,9,0,18,0,0,0,0,0,0,1,1,6,2,28,6,1997,1,10,-1,1,-1
2015405BA0918,2,9,0,4,0,0,0,0,0,0,2,1,6,2,41,7,1596,1,1,-1,1,-1
2015405BA0920,1,9,0,18,0,8,0,0,0,0,1,1,6,1,40,7,1995,2,9,-1,1,-1
2015405BA0920,2,9,0,10,0,8,0,0,0,0,2,1,6,1,54,8,1242,1,12,-1,1,-1
2015405BA0922,1,9,0,18,0,8,0,0,0,0,3,1,6,1,39,7,1560,2,9,-1,3,-1
2015405BA0922,2,21,1,9,0,8,0,0,0,0,1,1,1,1,50,8,12740,2,2,-1,1,-1
2015405BA0928,1,9,0,18,0,1,0,0,0,0,1,1,6,1,50,8,1968,2,7,-1,-1,-1
2015405BA0936,1,9,0,5,0,0,0,0,7,11,1,1,6,1,63,9,1390,1,6,-1,-1,-1
2015405BA0940,1,9,0,9,0,8,0,0,0,0,1,1,1,1,33,6,2231,2,7,-1,-1,-1
2015405BA0942,1,5,0,18,0,8,1,0,0,0,1,1,6,1,44,7,1137,1,17,-1,1,-1
2015405BA0942,2,9,0,3,0,8,0,0,0,0,2,1,6,2,23,5,998,1,1,-1,1,-1
2015405BA0943,1,9,0,4,0,1,1,0,0,0,1,1,6,2,60,9,1596,1,14,-1,2,-1
2015405BA0943,2,9,0,3,0,1,0,0,0,0,2,1,6,1,50,8,-1,-1,-1,-1,1,-1
2015405BA0943,3,9,0,10,0,8,0,0,0,0,2,1,6,1,70,10,1995,2,4,-1,1,-1
2015405BA0944,1,9,0,7,0,8,0,0,0,0,4,1,6,2,-1,-1,1596,1,14,-1,1,-1
2015405BA0945,1,9,0,13,0,0,0,0,0,0,2,1,6,1,38,7,2497,2,3,-1,-1,-1
2015405BA0945,2,9,0,18,0,0,0,0,0,0,1,1,6,1,22,5,1560,2,2,-1,1,-1
2015405BA0950,1,9,0,18,0,0,0,0,0,0,1,1,6,1,45,7,2993,2,6,-1,1,-1
2015405BA0950,2,1,0,18,0,0,0,0,0,0,2,1,6,2,41,7,-1,-1,-1,-1,1,-1
2015405BA0952,1,9,0,4,0,8,0,0,0,0,1,1,6,1,25,5,2000,1,19,-1,1,-1
2015405BA0952,2,9,0,4,0,8,0,0,0,0,2,1,6,1,54,8,1951,2,10,-1,3,-1
2015405BA0954,1,8,0,18,0,1,0,0,0,0,1,1,1,1,44,7,1497,8,8,-1,-1,-1
2015405BA0954,2,9,0,3,0,1,0,0,0,0,2,1,6,2,18,4,1598,1,8,-1,1,-1
2015405BA0955,1,9,0,4,0,0,0,0,0,0,1,1,6,2,21,5,1796,1,6,-1,1,-1
2015405BA0955,2,9,0,4,0,0,0,0,0,0,2,1,6,1,-1,-1,1896,2,17,-1,1,-1
2015405BA0960,1,11,0,18,0,0,0,0,0,0,1,1,1,1,42,7,8268,2,9,-1,1,-1
2015405BA0962,1,19,0,18,0,8,0,0,0,0,1,1,1,1,44,7,2287,2,-1,-1,1,-1
2015405BA0965,1,9,0,16,0,0,1,0,0,0,1,1,2,1,64,9,1299,1,14,-1,3,-1
2015405BA0965,2,19,0,18,0,0,0,0,0,0,1,1,1,1,41,7,1560,2,2,-1,3,-1
2015405BA0967,1,9,0,16,0,0,0,0,7,7,1,1,6,2,58,9,2000,2,5,-1,3,-1
2015405BA0967,2,9,0,17,0,0,1,0,1,0,3,1,6,2,66,10,1398,1,4,-1,3,-1
2015405BA0967,3,19,0,17,0,0,0,0,0,0,1,1,1,1,25,5,1968,2,8,-1,2,-1
2015405BA0968,1,19,0,9,0,8,5,0,0,0,4,1,1,1,41,7,1598,2,2,-1,1,-1
2015405BA0968,2,8,0,18,0,8,0,0,0,0,1,1,1,1,53,8,1753,2,6,-1,1,-1
2015405BA0968,3,9,0,3,0,1,0,0,0,0,0,1,6,3,-1,-1,-1,-1,-1,-1,-1,-1
2015405BA0970,1,9,0,18,0,8,1,0,0,0,1,1,2,2,56,9,1242,1,8,-1,2,-1
2015405BA0970,2,9,0,18,0,8,0,0,0,0,4,1,6,2,46,8,2993,2,5,-1,1,-1
2015405BA0972,1,9,0,16,0,0,0,0,1,9,1,1,6,1,31,6,1997,2,10,-1,1,-1
2015405BA0978,1,9,0,18,0,0,0,0,0,0,4,1,6,2,79,11,1998,1,8,-1,1,-1
2015405BA0978,2,22,0,9,0,0,0,0,0,0,1,1,6,2,62,9,-1,-1,-1,-1,1,-1
2015405BA0979,1,9,0,17,0,0,1,0,7,9,1,1,1,1,59,9,1296,1,9,-1,1,-1
2015405BA0981,1,9,0,12,0,8,0,0,0,0,3,1,6,1,28,6,1868,2,14,-1,1,-1
2015405BA0981,2,21,1,3,0,8,0,0,0,0,4,1,1,1,42,7,6692,2,3,-1,1,-1
2015405BA0989,1,9,0,9,0,8,0,0,0,0,1,1,6,1,-1,-1,1968,2,7,-1,1,-1
2015405BA0989,2,1,0,18,0,8,0,0,0,0,1,1,6,2,63,9,-1,-1,-1,-1,1,-1
2015405BA0991,1,9,0,7,0,8,0,0,0,0,0,1,6,2,45,7,-1,-1,-1,-1,-1,-1
2015405BA0991,2,3,0,18,0,8,0,0,7,0,3,1,2,2,22,5,124,1,12,-1,1,-1