Accident_Index,Vehicle_Reference,Vehicle_Type,Towing_and_Articulation,Vehicle_Manoeuvre,Vehicle_Location-Restricted_Lane,Junction_Location,Skidding_and_Overturning,Hit_Object_in_Carriageway,Vehicle_Leaving_Carriageway,Hit_Object_off_Carriageway,1st_Point_of_Impact,Was_Vehicle_Left_Hand_Drive?,Journey_Purpose_of_Driver,Sex_of_Driver,Age_of_Driver,Age_Band_of_Driver,Engine_Capacity_(CC),Propulsion_Code,Age_of_Vehicle,Driver_IMD_Decile,Driver_Home_Area_Type,Vehicle_IMD_Decile
2015405CA0047,1,5,0,18,0,0,0,0,0,0,1,1,6,1,23,5,592,1,27,-1,1,-1
2015405CA0047,2,9,0,4,0,0,0,0,0,0,2,-1,6,2,23,5,1896,2,7,-1,1,-1
2015405CA0049,1,9,0,4,0,4,0,0,0,0,1,-1,1,1,41,7,-1,-1,-1,-1,1,-1
2015405CA0049,2,9,0,3,0,4,0,0,0,0,2,-1,6,2,38,7,-1,-1,-1,-1,-1,-1
2015405CA0050,1,9,0,1,9,8,0,0,0,0,2,-1,6,2,40,7,2143,2,3,-1,1,-1
2015405CA0050,2,1,0,18,9,8,0,0,0,0,4,1,6,2,23,5,-1,-1,-1,-1,1,-1
2015405CA0052,1,9,0,7,0,5,0,0,1,0,4,-1,1,2,36,7,1598,1,5,-1,1,-1
2015405CA0052,2,1,0,18,9,8,0,0,0,0,1,1,4,1,14,3,-1,-1,-1,-1,1,-1
2015405CA0053,1,9,0,9,0,8,0,0,0,0,1,-1,6,1,28,6,2231,2,9,-1,1,-1
2015405CA0053,2,9,0,18,0,8,0,0,0,0,3,-1,6,1,23,5,-1,-1,-1,-1,1,-1
2015405CA0055,1,9,0,18,0,1,0,0,0,0,0,-1,1,1,27,6,1248,2,2,-1,1,-1
2015405CA0055,2,9,0,18,0,8,0,0,2,10,1,-1,6,1,31,6,-1,-1,-1,-1,1,-1
2015405CA0057,1,9,0,9,0,4,0,0,0,0,1,-1,6,1,-1,-1,1390,1,11,-1,-1,-1
2015405CA0057,2,1,0,18,0,8,0,0,0,0,4,1,2,2,35,6,-1,-1,-1,-1,1,-1
2015405CA0060,1,10,0,9,0,8,0,0,0,0,1,-1,1,1,-1,-1,-1,-1,-1,-1,1,-1
2015405CA0060,2,9,0,18,0,8,0,0,0,0,4,-1,1,1,35,6,-1,-1,-1,-1,2,-1
2015405CA0061,1,9,0,18,0,0,0,0,0,0,1,-1,6,1,57,9,1248,2,3,-1,1,-1
2015405CA0063,1,9,0,1,0,1,0,0,0,0,2,-1,6,1,-1,-1,-1,-1,-1,-1,-1,-1
2015405CA0064,1,9,0,18,0,0,0,0,0,0,1,-1,2,1,46,8,1910,2,8,-1,1,-1
2015405CA0064,2,8,0,4,0,0,0,0,0,0,2,-1,1,1,38,7,2987,2,8,-1,1,-1
2015405CA0067,1,9,0,18,0,8,0,0,0,0,1,-1,6,3,-1,-1,1968,2,5,-1,-1,-1
2015405CA0067,2,9,0,18,0,8,0,0,0,0,1,-1,6,1,-1,-1,1896,2,5,-1,1,-1
2015405CA0071,1,9,0,9,0,8,0,0,0,0,1,-1,6,1,40,7,2494,1,17,-1,-1,-1
2015405CA0071,2,1,0,9,0,8,0,0,0,0,3,1,6,2,23,5,-1,-1,-1,-1,1,-1
2015405CA0072,1,9,0,1,0,5,0,0,0,0,2,1,6,2,40,7,1339,1,12,-1,-1,-1
2015405CA0075,1,9,0,18,0,1,0,0,0,7,3,-1,6,1,28,6,1686,2,11,-1,1,-1
2015405CA0075,2,9,0,18,0,1,0,0,0,0,4,-1,6,2,28,6,1995,2,9,-1,-1,-1
2015405CA0076,1,9,0,2,0,1,0,0,0,0,3,-1,6,2,57,9,1398,1,1,-1,-1,-1
2015405CA0076,2,8,0,14,0,1,0,8,0,0,4,-1,6,1,40,7,1797,8,5,-1,1,-1
2015405CA0078,1,9,0,18,0,8,0,0,7,10,4,-1,6,1,19,4,1364,1,9,-1,1,-1
2015405CA0078,2,9,0,18,0,8,0,0,0,0,1,-1,6,1,42,7,1799,1,8,-1,-1,-1
2015405CA0080,1,9,0,18,0,0,0,0,0,0,1,-1,6,2,-1,-1,-1,-1,-1,-1,-1,-1
2015405CA0086,1,9,0,18,0,0,0,0,0,0,1,-1,6,1,-1,-1,1753,2,8,-1,-1,-1
2015405CA0086,2,9,0,4,0,0,0,0,0,0,2,-1,2,2,21,5,1149,1,17,-1,1,-1
2015405CA0095,1,9,0,11,0,0,0,0,0,0,4,-1,6,1,19,4,1368,1,2,-1,1,-1
2015405CA0095,2,9,0,18,0,0,5,0,1,2,3,-1,6,2,45,7,-1,-1,-1,-1,1,-1
2015405CA0097,1,9,0,9,0,8,0,0,0,0,1,-1,1,1,31,6,1364,1,1,-1,1,-1
2015405CA0097,2,9,0,16,0,8,0,0,0,0,1,-1,2,1,48,8,1968,2,3,-1,1,-1
2015405CA0098,1,9,0,18,0,1,0,0,0,0,4,-1,6,1,-1,-1,-1,-1,-1,-1,-1,-1
2015405CA0100,1,19,0,9,0,8,0,0,0,0,1,-1,6,1,30,6,2402,2,15,-1,1,-1
2015405CA0100,2,9,0,18,0,8,0,0,0,0,4,-1,6,1,47,8,1587,1,11,-1,1,-1
2015405CA0101,1,9,0,4,0,1,0,0,0,0,1,-1,6,1,-1,-1,-1,-1,-1,-1,-1,-1
2015405CA0101,2,9,0,3,0,4,0,0,0,0,2,-1,1,2,40,7,1229,1,7,-1,1,-1
2015405CA0102,1,9,0,18,0,8,0,0,0,0,1,-1,6,1,58,9,1598,1,9,-1,1,-1
2015405CA0102,2,19,0,9,0,8,0,0,0,0,1,-1,1,1,34,6,1870,2,12,-1,1,-1
2015405CA0102,3,19,0,3,0,8,0,0,0,0,1,-1,1,1,54,8,-1,-1,-1,-1,1,-1
2015405CA0103,1,9,0,4,0,4,0,0,0,0,1,-1,6,2,-1,-1,-1,-1,-1,-1,-1,-1
2015405CA0103,2,9,0,3,0,4,0,0,0,0,2,-1,6,1,35,6,2143,2,4,-1,1,-1
2015405CA0104,1,5,0,18,0,0,0,0,7,0,1,1,2,1,53,8,600,1,4,-1,3,-1
2015405CA0104,2,9,0,3,0,0,0,0,0,0,1,-1,6,1,45,7,2143,2,3,-1,1,-1
2015405CA0111,1,8,0,18,0,0,1,0,0,7,1,-1,6,1,44,7,1997,2,12,-1,1,-1
2015405CA0111,2,9,0,18,0,0,0,0,0,6,2,-1,6,2,34,6,-1,-1,-1,-1,1,-1
2015405CA0113,1,9,0,18,0,2,0,0,0,0,1,-1,6,3,-1,-1,-1,-1,-1,-1,-1,-1
2015405CA0127,1,19,0,16,0,0,0,0,7,10,1,-1,1,1,22,5,1248,2,2,-1,-1,-1
2015405CA0127,2,9,0,2,0,0,0,0,0,0,2,-1,6,3,-1,-1,-1,-1,-1,-1,-1,-1
2015405CA0144,1,9,0,7,0,8,0,0,0,0,1,-1,6,1,20,4,1364,1,8,-1,-1,-1
2015405CA0144,2,9,0,18,0,8,0,0,0,0,4,-1,6,1,43,7,1596,1,4,-1,1,-1
2015405CA0146,1,9,0,18,0,1,0,0,0,0,1,-1,1,1,32,6,2204,2,7,-1,1,-1
2015405CA0153,1,9,0,18,0,0,0,0,0,0,1,-1,6,3,-1,-1,-1,-1,-1,-1,-1,-1
2015405CA0156,1,1,0,18,0,0,1,0,0,0,3,1,6,1,60,9,-1,-1,-1,-1,1,-1
2015405CA0159,1,21,1,12,0,7,0,0,0,0,1,-1,1,1,-1,-1,-1,-1,-1,-1,-1,-1
2015405CA0159,2,9,0,13,0,7,1,0,1,7,4,-1,2,1,41,7,-1,-1,-1,-1,1,-1
2015405CA0162,1,19,0,5,0,0,0,0,0,0,4,-1,1,1,-1,-1,2402,2,6,-1,1,-1
2015405CA0170,1,9,0,18,0,8,0,0,0,0,1,-1,6,1,20,4,1395,1,1,-1,1,-1
2015405CA0170,2,9,0,8,0,8,0,0,0,0,2,-1,1,1,30,6,1598,1,10,-1,1,-1
2015405CA0171,1,9,0,18,0,8,0,0,1,10,3,-1,1,1,50,8,-1,-1,-1,-1,1,-1
2015405CA0171,2,9,0,18,0,8,0,0,0,0,1,-1,6,1,30,6,-1,-1,-1,-1,1,-1
2015405CA0173,1,9,0,9,0,6,0,0,0,0,3,-1,6,1,24,5,1896,2,12,-1,1,-1
2015405CA0173,2,9,0,18,0,8,0,0,0,0,1,-1,6,2,56,9,1389,1,13,-1,-1,-1
2015405CA0174,1,9,0,18,0,2,0,0,1,2,1,-1,6,1,30,6,1598,1,11,-1,1,-1
2015405CA0175,1,9,0,18,0,2,0,0,0,0,4,-1,6,3,-1,-1,-1,-1,-1,-1,-1,-1
2015405CA0180,1,9,0,18,0,3,0,0,0,0,1,-1,6,1,64,9,1762,1,16,-1,1,-1
2015405CA0182,1,9,0,18,0,8,0,0,0,0,1,-1,6,1,37,7,1596,1,8,-1,-1,-1
2015405CA0182,2,9,0,9,0,8,0,0,0,0,3,-1,2,2,63,9,1896,2,12,-1,-1,-1
2015405CA0183,1,9,0,18,0,8,0,0,0,0,1,-1,6,1,54,8,-1,-1,-1,-1,1,-1
2015405CA0183,2,9,0,10,0,8,0,0,0,0,1,-1,6,1,28,6,-1,-1,-1,-1,1,-1
2015405CA0185,1,19,4,18,0,0,0,0,1,4,1,-1,1,1,54,8,2287,2,7,-1,1,-1
2015405CA0189,1,9,0,18,0,8,0,0,0,0,4,-1,6,3,-1,-1,-1,-1,-1,-1,-1,-1
2015405CA0191,1,9,0,18,0,8,0,0,0,0,3,-1,1,1,24,5,1242,1,7,-1,1,-1
2015405CA0191,2,9,0,18,0,8,0,0,0,0,1,-1,1,2,24,5,-1,-1,-1,-1,1,-1
2015405CA0193,1,9,0,4,0,1,0,0,0,0,1,-1,6,1,23,5,1968,2,8,-1,1,-1
2015405CA0193,2,9,0,4,0,1,0,0,0,0,2,-1,6,1,27,6,1360,1,15,-1,1,-1
2015405CA0193,3,9,0,4,0,1,0,0,0,0,2,-1,6,2,38,7,1956,2,3,-1,1,-1
2015405CA0204,1,9,0,18,0,1,0,4,0,0,4,-1,2,1,22,5,1229,1,6,-1,1,-1
2015405CA0204,2,9,0,2,0,1,0,0,0,0,3,-1,6,3,-1,-1,2993,2,8,-1,-1,-1
2015405CA0204,3,9,0,2,0,1,0,0,0,0,3,-1,6,3,-1,-1,1364,2,8,-1,-1,-1
2015405CA0206,1,9,0,18,0,2,0,4,0,0,4,-1,6,2,45,7,2993,2,8,-1,1,-1
2015405CA0206,2,9,0,2,0,2,0,0,0,0,3,-1,6,1,52,8,1587,1,9,-1,2,-1
2015405CA0207,1,9,0,18,0,1,1,0,0,0,1,-1,6,1,70,10,1998,2,12,-1,-1,-1
2015405CA0207,2,9,0,3,0,1,0,0,0,0,2,-1,6,1,41,7,973,1,14,-1,1,-1
2015405CA0207,3,9,0,10,0,1,0,0,0,0,2,-1,6,1,40,7,1398,2,1,-1,2,-1
2015405CA0210,1,9,0,18,0,0,0,0,0,0,4,-1,6,1,48,8,1956,2,2,-1,-1,-1
2015405CA0213,1,9,0,4,0,1,0,0,0,0,1,-1,6,1,28,6,1995,2,4,-1,1,-1
2015405CA0213,2,1,0,18,0,8,0,0,0,0,1,1,6,1,22,5,-1,-1,-1,-1,1,-1
2015405CA0214,1,9,0,18,0,0,0,0,0,0,1,-1,6,1,-1,-1,-1,-1,-1,-1,-1,-1
2015405CA0215,1,9,0,12,0,0,0,0,0,0,2,-1,6,1,23,5,1995,2,1,-1,1,-1
2015405CA0215,2,21,1,18,0,0,0,0,0,0,1,-1,1,1,47,8,12419,2,5,-1,1,-1
2015405CA0217,1,9,0,5,0,4,0,0,0,0,1,-1,1,1,49,8,-1,-1,-1,-1,-1,-1
2015405CA0217,2,21,1,5,0,4,0,0,0,0,3,-1,1,1,-1,-1,12809,2,2,-1,-1,-1
2015405CA0219,1,9,0,18,0,8,0,0,0,0,1,-1,6,1,55,8,3471,1,7,-1,-1,-1
2015405CA0219,2,9,0,7,0,6,0,0,0,0,2,-1,6,2,47,8,1598,1,10,-1,1,-1
2015405CA0220,1,9,0,18,0,0,1,0,0,0,3,-1,6,1,30,6,-1,-1,-1,-1,1,-1
2015405CA0220,2,20,0,2,0,0,0,0,0,0,1,-1,6,3,-1,-1,4500,2,8,-1,-1,-1
2015405CA0221,1,9,0,18,0,3,0,0,0,0,1,-1,3,1,51,8,1399,2,9,-1,1,-1
2015405CA0226,1,9,0,18,0,3,1,10,6,0,1,-1,6,1,30,6,1968,2,2,-1,1,-1
2015405CA0226,2,9,0,3,0,1,0,0,0,0,2,-1,6,1,-1,-1,2143,2,1,-1,1,-1
2015405CA0226,3,9,0,3,0,1,0,0,0,0,1,-1,6,1,-1,-1,1995,2,11,-1,-1,-1
2015405CA0227,1,9,0,18,0,8,0,0,0,0,1,-1,6,3,-1,-1,1461,2,1,-1,-1,-1
2015405CA0227,2,9,0,18,0,8,0,0,0,0,2,-1,6,2,46,8,1248,2,7,-1,1,-1
2015405CA0228,1,9,0,18,0,0,0,0,0,0,1,-1,1,1,35,6,1956,2,2,-1,1,-1
2015405CA0228,2,9,0,10,0,0,0,0,0,0,2,-1,6,1,27,6,-1,-1,-1,-1,1,-1
2015405CA0232,1,8,0,18,0,6,0,0,0,0,0,-1,1,1,30,6,2499,2,5,-1,1,-1
2015405CA0233,1,9,0,18,0,1,0,0,0,0,3,-1,6,1,50,8,-1,-1,-1,-1,1,-1
2015405CA0244,1,9,0,7,9,8,0,0,0,0,4,-1,1,1,60,9,1598,1,2,-1,1,-1
2015405CA0248,1,9,0,9,0,5,0,0,0,0,4,-1,6,1,27,6,1956,2,2,-1,1,-1
2015405CA0249,1,9,0,18,0,8,0,0,0,0,1,1,6,1,-1,-1,-1,-1,-1,-1,-1,-1
2015405CA0249,2,9,0,18,0,8,0,0,0,0,1,1,6,2,29,6,1495,1,15,-1,1,-1
2015405CA0252,1,9,0,1,0,0,0,0,0,0,2,-1,6,3,-1,-1,1968,2,4,-1,-1,-1
2015405CA0252,2,9,0,2,0,0,0,0,0,0,2,-1,6,2,41,7,2300,1,16,-1,1,-1
2015405CA0257,1,9,0,18,0,1,0,0,0,0,1,-1,6,1,30,6,-1,-1,-1,-1,-1,-1
2015405CA0257,2,9,0,3,0,1,0,0,0,0,2,-1,6,2,50,8,1798,1,11,-1,1,-1
2015405CA0260,1,9,0,18,0,4,0,0,0,0,1,-1,1,1,43,7,-1,-1,-1,-1,3,-1
2015405CA0260,2,1,0,18,0,8,0,0,0,0,4,1,6,1,32,6,-1,-1,-1,-1,-1,-1
2015405CA0267,1,9,0,9,0,8,0,0,0,0,1,-1,1,1,24,5,1560,2,3,-1,1,-1
2015405CA0267,2,9,0,9,0,8,0,0,0,0,2,-1,1,1,23,5,1248,2,9,-1,1,-1
2015405CA0267,3,9,0,18,0,8,0,0,0,0,0,-1,1,1,34,6,2400,2,1,-1,1,-1
2015405CA0268,1,9,0,18,0,1,0,0,0,0,4,-1,6,3,-1,-1,-1,-1,-1,-1,-1,-1
2015405CA0269,1,9,0,18,0,0,0,0,0,0,4,-1,3,1,50,8,1596,1,6,-1,1,-1
2015405CA0270,1,9,0,9,0,8,0,0,0,0,1,-1,6,1,30,6,-1,-1,-1,-1,-1,-1
2015405CA0270,2,9,0,18,0,8,0,0,0,0,4,-1,6,1,60,9,2996,2,20,-1,1,-1
2015405CA0279,1,9,0,9,0,8,0,0,0,0,3,-1,1,2,50,8,1968,2,2,-1,1,-1
2015405CA0279,2,9,0,18,0,8,0,0,0,0,1,-1,6,2,35,6,998,1,1,-1,1,-1
2015405CA0280,1,11,0,18,2,2,0,0,0,0,4,-1,1,1,37,7,7300,2,4,-1,1,-1
2015405CA0287,1,9,0,18,0,8,0,0,3,10,4,-1,6,1,22,5,1600,1,15,-1,1,-1
2015405CA0287,2,9,0,18,0,8,0,0,1,10,1,-1,6,1,18,4,2183,2,5,-1,1,-1
2015405CA0294,1,9,0,13,0,0,0,0,0,0,1,-1,6,1,18,4,1598,1,13,-1,1,-1
2015405CA0294,2,9,0,4,0,0,0,0,0,0,3,-1,6,1,23,5,1896,2,12,-1,1,-1
2015405CA0294,3,9,0,4,0,0,0,0,0,0,1,-1,6,2,24,5,1362,1,3,-1,1,-1
2015405CA0296,1,19,0,9,0,6,0,0,0,0,1,-1,6,1,30,6,1998,2,15,-1,1,-1
2015405CA0296,2,9,0,18,0,8,0,0,0,0,1,-1,6,1,27,6,1896,2,15,-1,1,-1
2015405CA0299,1,9,0,9,0,8,0,0,0,0,3,-1,6,2,30,6,-1,-1,-1,-1,-1,-1
2015405CA0299,2,1,0,18,0,8,0,0,0,0,1,1,2,1,36,7,-1,-1,-1,-1,1,-1
2015405CA0301,1,9,0,6,0,0,0,0,0,0,3,-1,2,2,53,8,-1,-1,-1,-1,2,-1
2015405CA0301,2,9,0,18,0,0,0,0,0,0,1,-1,2,1,34,6,1388,1,5,-1,1,-1
2015405CA0302,1,9,0,18,0,0,0,0,0,0,3,-1,3,2,41,7,1108,1,6,-1,1,-1
2015405CA0303,1,9,0,9,0,8,0,0,0,0,3,1,6,1,35,6,1598,2,2,-1,1,-1
2015405CA0303,2,8,0,9,0,8,0,0,1,10,1,1,1,1,-1,-1,1997,2,5,-1,1,-1
2015405CA0309,1,9,0,4,0,1,0,0,0,0,1,1,6,1,-1,-1,1796,1,10,-1,-1,-1
2015405CA0309,2,9,0,10,0,1,0,0,0,0,2,1,6,1,42,7,1995,1,6,-1,1,-1
2015405CA0311,1,9,0,13,0,0,0,0,1,0,1,1,6,1,-1,-1,-1,-1,-1,-1,-1,-1
2015405CA0311,2,9,0,18,0,0,0,0,0,0,2,1,6,1,32,6,1598,1,8,-1,1,-1
2015405CA0311,3,9,0,18,0,0,0,0,0,0,2,1,6,2,26,6,-1,-1,-1,-1,1,-1
2015405CA0315,1,9,0,4,0,1,0,0,0,0,2,1,6,1,43,7,2204,2,11,-1,1,-1
2015405CA0315,2,9,0,4,0,1,0,0,0,0,1,1,6,1,-1,-1,2179,2,2,-1,-1,-1
2015405CA0322,1,9,0,9,0,8,0,0,1,10,4,1,6,2,18,4,-1,-1,-1,-1,1,-1
2015405CA0324,1,9,0,18,0,8,0,0,0,0,1,1,6,1,67,10,1896,2,13,-1,1,-1
2015405CA0324,2,9,0,9,0,8,0,0,0,0,1,1,6,1,55,8,1598,1,7,-1,1,-1
2015405CA0327,1,9,0,4,0,6,0,0,0,0,1,1,2,2,22,5,1199,1,12,-1,1,-1
2015405CA0327,2,9,0,4,0,6,0,0,0,0,2,1,2,2,25,5,1364,1,9,-1,1,-1
2015405CA0334,1,9,0,18,9,0,0,0,1,0,1,1,6,1,-1,-1,1997,2,2,-1,-1,-1
2015405CA0335,1,9,0,9,0,2,0,0,0,0,1,1,6,1,28,6,1796,1,11,-1,1,-1
2015405CA0336,1,9,0,18,0,1,0,0,0,0,1,1,6,2,25,5,1229,1,2,-1,1,-1
2015405CA0337,1,9,0,18,0,0,0,0,0,0,1,1,6,1,27,6,1956,2,-1,-1,1,-1
2015405CA0337,2,9,0,18,0,0,0,0,0,0,1,1,6,1,55,8,-1,-1,-1,-1,1,-1
2015405CA0338,1,9,0,9,0,8,0,0,0,0,1,1,6,1,51,8,1998,1,-1,-1,1,-1
2015405CA0338,2,9,0,18,0,8,0,0,0,0,1,1,6,1,35,6,1998,1,9,-1,1,-1
2015405CA0339,1,9,0,3,0,4,0,0,0,0,2,1,6,2,39,7,-1,-1,-1,-1,1,-1
2015405CA0339,2,19,0,4,0,4,0,0,0,0,1,1,1,1,35,6,2402,2,8,-1,1,-1
2015405CA0341,1,9,0,18,0,0,1,0,2,7,1,1,6,2,34,6,1299,1,15,-1,1,-1
2015405CA0341,2,11,0,18,0,0,0,0,0,0,4,1,6,1,36,7,4800,2,7,-1,-1,-1
2015405CA0342,1,9,0,13,0,8,0,0,0,0,1,1,6,1,27,6,-1,-1,-1,-1,1,-1
2015405CA0342,2,9,0,7,0,6,0,0,0,0,1,1,6,2,32,6,1781,1,12,-1,1,-1
2015405CA0342,3,19,0,18,0,1,0,0,0,0,0,1,6,1,35,6,2402,2,8,-1,1,-1
2015405CA0346,1,9,0,18,0,3,0,0,0,0,1,1,6,2,35,6,-1,-1,-1,-1,1,-1
2015405CA0346,2,9,0,9,0,8,0,0,0,0,3,1,6,1,49,8,1108,1,13,-1,-1,-1
2015405CA0347,1,9,0,18,0,3,0,0,0,0,4,1,6,3,-1,-1,-1,-1,-1,-1,-1,-1
2015405CA0347,2,9,0,18,0,3,0,0,1,4,3,1,6,1,35,6,-1,-1,-1,-1,1,-1
2015405CA0352,1,9,0,18,0,8,0,0,0,0,1,1,6,2,51,8,1799,1,9,-1,1,-1
2015405CA0352,2,19,0,10,0,8,0,0,0,0,1,1,6,1,35,6,1968,2,3,-1,1,-1
2015405CA0353,1,8,0,18,0,8,0,0,3,10,4,1,6,1,41,7,1896,2,5,-1,1,-1
2015405CA0353,2,9,0,18,0,8,0,0,0,0,1,1,6,2,61,9,1229,1,1,-1,1,-1
2015405CA0369,1,9,0,13,0,0,0,0,0,0,4,1,6,1,65,9,1970,1,19,-1,1,-1
2015405CA0369,2,1,0,18,0,0,0,0,0,0,3,1,6,1,38,7,-1,-1,-1,-1,1,-1
2015405CA0370,1,9,0,9,0,0,0,0,7,2,1,1,6,1,35,6,1198,1,10,-1,1,-1
2015405CA0372,1,9,0,1,0,1,0,0,0,0,2,1,6,1,46,8,1596,1,4,-1,1,-1
2015405CA0372,2,9,0,18,0,1,1,0,1,10,1,1,6,1,22,5,1497,1,12,-1,1,-1
2015405CA0376,1,22,0,18,0,8,0,0,0,0,0,1,6,1,64,9,-1,-1,-1,-1,1,-1
2015405CA0376,2,19,0,7,0,8,0,0,0,0,0,1,6,1,-1,-1,-1,-1,-1,-1,-1,-1
2015405CA0387,1,9,0,18,0,0,0,0,0,0,1,1,6,1,35,6,998,1,8,-1,1,-1
2015405CA0387,2,9,0,18,0,0,0,0,0,0,2,1,6,1,23,5,-1,-1,-1,-1,1,-1
2015405CA0393,1,9,0,7,0,8,0,0,0,0,1,1,6,2,38,7,1398,1,13,-1,1,-1
2015405CA0393,2,19,0,18,0,8,1,0,0,0,3,1,1,2,52,8,-1,-1,-1,-1,1,-1
2015405CA0398,1,9,0,9,0,8,0,0,0,0,0,1,6,1,24,5,3189,1,10,-1,-1,-1
2015405CA0398,2,3,0,18,0,8,1,0,0,0,0,1,6,1,46,8,124,1,5,-1,1,-1
2015405CA0399,1,9,0,9,0,4,0,0,0,0,1,1,6,2,21,5,1199,1,13,-1,1,-1
2015405CA0399,2,9,0,18,0,8,0,0,0,0,1,1,6,1,-1,-1,1968,2,9,-1,1,-1
2015405CA0400,1,11,0,18,2,8,0,0,0,0,1,1,6,1,59,9,7300,2,4,-1,1,-1
2015405CA0401,1,9,0,5,0,4,0,0,0,0,3,1,1,1,34,6,-1,-1,-1,-1,1,-1
2015405CA0401,2,9,0,18,0,3,0,0,0,0,1,1,6,1,21,5,1997,2,10,-1,-1,-1
2015405CA0402,1,9,0,18,0,8,0,0,0,0,1,1,6,1,20,4,-1,-1,-1,-1,-1,-1
2015405CA0402,2,1,0,18,0,8,0,0,0,0,4,1,4,1,16,4,-1,-1,-1,-1,1,-1
2015405CA0403,1,9,0,18,0,0,0,0,0,0,1,1,6,1,43,7,-1,-1,-1,-1,1,-1
2015405CA0403,2,9,0,4,0,0,0,0,0,0,2,1,6,1,29,6,1582,2,1,-1,1,-1
2015405CA0403,3,9,0,4,0,0,0,0,0,0,2,1,6,2,33,6,1896,2,12,-1,1,-1
2015405CA0403,4,9,0,4,0,0,0,0,0,0,2,1,6,1,26,6,1600,1,17,-1,1,-1
2015405CA0403,5,9,0,4,0,0,0,0,0,0,2,1,6,1,40,7,1896,2,7,-1,1,-1
2015405CA0405,1,9,0,18,0,0,0,0,0,0,1,1,6,1,-1,-1,1364,1,10,-1,-1,-1
2015405CA0405,2,9,0,18,0,0,0,0,0,0,1,1,6,2,31,6,1598,1,9,-1,1,-1
2015405CA0409,1,19,0,18,0,1,0,0,0,0,1,1,6,1,51,8,2198,2,2,-1,1,-1
2015405CA0409,2,9,0,4,0,1,0,0,0,0,2,1,6,1,32,6,1799,1,9,-1,1,-1
2015405CA0409,3,9,0,9,0,8,0,0,0,0,2,1,6,1,35,6,1968,2,8,-1,-1,-1
2015405CA0419,1,9,0,16,0,1,0,0,0,0,1,1,6,1,21,5,1248,2,11,-1,1,-1
2015405CA0419,2,9,0,17,0,2,0,0,0,0,1,1,6,2,46,8,1796,1,11,-1,1,-1
2015405CA0420,1,9,0,5,0,0,0,0,0,0,1,1,6,1,68,10,1364,1,5,-1,1,-1
2015405CA0420,2,1,0,18,0,0,0,0,0,0,1,1,6,2,25,5,-1,-1,-1,-1,1,-1
2015405CA0425,1,21,4,11,0,0,0,0,0,0,4,1,1,1,65,9,10308,2,7,-1,3,-1
2015405CA0425,2,9,0,18,0,0,0,0,5,6,3,1,6,2,26,6,1753,2,15,-1,1,-1
2015405CA0425,3,9,0,18,0,0,0,0,0,0,1,1,1,1,38,7,1998,2,11,-1,1,-1
2015405CA0425,4,19,0,18,0,0,0,0,0,0,1,1,1,1,54,8,1995,2,3,-1,1,-1
2015405CA0426,1,9,0,9,0,8,0,0,0,0,1,1,6,1,23,5,1994,1,14,-1,1,-1
2015405CA0426,2,9,0,18,0,8,0,0,7,0,1,1,6,2,34,6,1360,1,11,-1,-1,-1
2015405CA0427,1,9,0,9,0,8,0,0,0,0,1,1,6,2,36,7,1339,1,13,-1,1,-1
2015405CA0428,1,9,0,16,0,0,1,0,1,0,1,1,6,1,26,6,2171,1,12,-1,1,-1
2015405CA0428,2,9,0,17,0,0,1,0,1,0,1,1,6,1,35,6,1461,2,9,-1,1,-1
2015405CA0428,3,9,0,18,0,0,0,0,0,0,2,1,6,2,35,6,1199,1,14,-1,1,-1
2015405CA0428,4,9,0,18,0,0,0,0,0,0,1,1,6,2,53,8,1596,1,9,-1,1,-1
2015405CA0435,1,9,0,18,0,1,0,0,0,0,1,1,6,3,-1,-1,-1,-1,-1,-1,-1,-1
2015405CA0436,1,9,0,9,0,8,0,0,0,0,1,1,6,1,36,7,1896,2,14,-1,1,-1
2015405CA0436,2,9,0,18,0,8,1,0,0,0,1,1,6,2,18,4,1364,1,7,-1,1,-1
2015405CA0440,1,9,0,18,0,0,0,0,0,0,1,1,6,1,40,7,905,1,2,-1,1,-1
2015405CA0440,2,1,0,18,0,0,0,0,0,0,1,1,6,1,30,6,-1,-1,-1,-1,1,-1
2015405CA0440,3,19,0,4,0,0,0,0,0,0,0,1,6,3,-1,-1,-1,-1,-1,-1,-1,-1
2015405CA0442,1,9,0,18,0,8,1,0,0,0,1,1,6,1,25,5,1895,1,16,-1,1,-1
2015405CA0442,2,9,0,9,0,8,0,0,0,0,2,1,6,2,29,6,1896,2,11,-1,1,-1
2015405CA0443,1,9,0,9,0,8,0,0,0,0,4,1,6,1,27,6,-1,-1,-1,-1,1,-1
2015405CA0443,2,9,0,18,0,8,1,0,0,0,1,1,6,1,27,6,1600,1,23,-1,1,-1
2015405CA0451,1,9,0,9,0,8,0,0,0,0,1,1,6,3,-1,-1,1991,1,1,-1,-1,-1
2015405CA0451,2,3,0,18,0,8,0,0,0,0,4,1,6,1,35,6,124,1,10,-1,1,-1
2015405CA0455,1,9,0,18,0,0,0,0,0,0,1,1,6,1,58,9,2000,1,16,-1,1,-1
2015405CA0467,1,9,0,18,0,8,0,0,0,0,1,1,6,2,35,6,1560,2,8,-1,-1,-1
2015405CA0467,2,9,0,3,0,8,0,0,0,0,2,1,6,2,25,5,1896,2,19,-1,1,-1
2015405CA0469,1,21,1,18,0,0,0,0,0,0,1,1,1,1,56,9,-1,-1,-1,-1,1,-1
2015405CA0469,2,9,0,18,0,0,0,0,0,0,2,1,6,1,33,6,1000,1,15,-1,1,-1
2015405CA0470,1,9,0,4,0,0,0,0,0,0,2,1,6,2,47,8,1199,1,13,-1,1,-1
2015405CA0470,2,9,0,18,0,0,0,0,0,0,1,1,6,1,38,7,1299,1,11,-1,1,-1
2015405CA0475,1,9,0,18,0,0,1,0,7,4,1,1,6,2,51,8,1896,2,10,-1,1,-1
2015405CA0481,1,9,0,18,0,0,0,0,0,0,1,1,6,1,23,5,1984,1,5,-1,1,-1
2015405CA0483,1,9,0,18,0,8,0,0,0,0,1,1,6,1,42,7,2198,2,8,-1,1,-1
2015405CA0483,2,9,0,18,0,8,0,0,0,0,2,1,6,2,42,7,1968,2,3,-1,2,-1
2015405CA0490,1,9,0,18,0,0,0,0,0,0,1,1,6,1,20,4,1948,1,12,-1,1,-1