Accident_Index,Vehicle_Reference,Vehicle_Type,Towing_and_Articulation,Vehicle_Manoeuvre,Vehicle_Location-Restricted_Lane,Junction_Location,Skidding_and_Overturning,Hit_Object_in_Carriageway,Vehicle_Leaving_Carriageway,Hit_Object_off_Carriageway,1st_Point_of_Impact,Was_Vehicle_Left_Hand_Drive?,Journey_Purpose_of_Driver,Sex_of_Driver,Age_of_Driver,Age_Band_of_Driver,Engine_Capacity_(CC),Propulsion_Code,Age_of_Vehicle,Driver_IMD_Decile,Driver_Home_Area_Type,Vehicle_IMD_Decile
2015405CA0490,2,3,0,18,0,0,0,0,0,0,3,1,6,1,55,8,124,1,24,-1,1,-1
2015405CA0490,3,19,0,18,0,0,0,0,0,0,0,1,1,2,-1,-1,1995,2,4,-1,1,-1
2015405CA0491,1,19,0,18,0,8,0,0,0,0,4,1,1,1,31,6,2402,2,4,-1,1,-1
2015405CA0491,2,9,0,9,0,8,0,0,0,0,1,1,6,2,31,6,1796,1,1,-1,1,-1
2015405CA0499,1,9,0,18,0,8,0,0,0,0,1,1,6,1,53,8,1388,1,4,-1,1,-1
2015405CA0500,1,9,0,7,0,2,0,0,0,0,1,1,6,1,26,6,-1,-1,-1,-1,-1,-1
2015405CA0500,2,9,0,4,0,2,0,0,0,0,2,1,6,2,37,7,1796,1,12,-1,1,-1
2015405CA0502,1,21,1,18,0,0,0,0,0,0,2,2,1,1,42,7,-1,-1,-1,-1,-1,-1
2015405CA0502,2,21,1,11,0,0,0,0,0,0,4,1,1,1,61,9,12130,2,10,-1,3,-1
2015405CA0502,3,9,0,18,0,0,1,0,2,7,3,1,1,1,21,5,1598,1,12,-1,1,-1
2015405CA0513,1,9,0,18,0,8,0,0,0,0,1,1,1,2,25,5,1248,2,-1,-1,1,-1
2015405CA0513,2,9,0,18,0,8,0,0,0,0,1,1,6,1,44,7,1968,2,5,-1,1,-1
2015405CA0515,1,9,0,18,0,0,0,0,0,0,1,1,2,1,-1,-1,1598,1,11,-1,-1,-1
2015405CA0515,2,1,0,18,0,0,0,0,0,0,3,1,6,1,38,7,-1,-1,-1,-1,1,-1
2015405CA0519,1,11,0,4,0,0,0,0,0,0,0,1,1,3,-1,-1,-1,-1,-1,-1,-1,-1
2015405CA0520,1,9,0,6,0,0,0,0,0,0,3,1,6,3,-1,-1,-1,-1,-1,-1,-1,-1
2015405CA0520,2,4,0,13,0,0,1,0,7,0,4,1,6,1,38,7,234,1,8,-1,1,-1
2015405CA0526,1,9,0,6,0,8,0,0,0,0,4,1,2,1,49,8,998,1,10,-1,1,-1
2015405CA0526,2,5,0,18,0,8,0,0,0,0,1,1,6,1,33,6,821,1,1,-1,1,-1
2015405CA0527,1,9,0,18,0,0,0,0,0,0,1,1,6,1,21,5,1796,1,13,-1,1,-1
2015405CA0527,2,9,0,4,0,0,0,0,0,0,2,1,3,1,31,6,1968,2,6,-1,1,-1
2015405CA0528,1,9,0,18,0,0,1,0,1,7,1,1,6,1,37,7,1905,2,18,-1,1,-1
2015405CA0530,1,9,0,7,0,8,0,0,0,0,3,1,6,2,18,4,1229,1,1,-1,3,-1
2015405CA0530,2,9,0,18,0,8,0,0,0,0,1,1,2,2,25,5,1997,2,6,-1,1,-1
2015405CA0542,1,9,0,9,0,8,0,0,0,0,1,1,6,1,25,5,2993,2,11,-1,-1,-1
2015405CA0542,2,3,0,14,0,8,0,0,0,0,4,1,6,1,44,7,125,1,-1,-1,1,-1
2015405CA0547,1,19,0,18,0,8,0,0,0,0,1,1,6,3,-1,-1,1896,2,10,-1,-1,-1
2015405CA0547,2,5,0,18,0,8,0,0,0,0,3,1,6,1,43,7,645,1,14,-1,1,-1
2015405CA0550,1,9,0,18,0,1,0,0,0,0,1,1,6,2,-1,-1,1296,1,8,-1,1,-1
2015405CA0550,2,1,0,18,0,6,0,0,0,0,1,1,6,1,13,3,-1,-1,-1,-1,1,-1
2015405CA0551,1,9,0,18,0,0,0,0,0,0,1,1,6,1,20,4,1364,1,6,-1,1,-1
2015405CA0561,1,9,0,9,0,8,0,0,0,0,3,1,1,1,68,10,1796,1,13,-1,1,-1
2015405CA0561,2,1,0,10,0,8,0,0,0,0,1,1,2,1,48,8,-1,-1,-1,-1,1,-1
2015405CA0562,1,9,0,18,0,8,0,0,0,0,1,1,6,1,57,9,1560,2,6,-1,1,-1
2015405CA0562,2,9,0,9,0,8,0,0,0,0,3,1,6,2,36,7,2179,2,3,-1,3,-1
2015405CA0566,1,9,0,18,0,4,0,0,0,0,1,1,6,1,45,7,-1,-1,-1,-1,-1,-1
2015405CA0566,2,9,0,4,0,4,0,0,0,0,2,1,6,2,38,7,1794,1,11,-1,1,-1
2015405CA0567,1,9,0,18,0,0,0,0,0,0,1,1,6,1,50,8,998,1,9,-1,-1,-1
2015405CA0567,2,9,0,18,0,0,0,0,0,0,3,1,6,2,30,6,1199,1,14,-1,1,-1
2015405CA0569,1,1,0,14,0,1,0,0,0,0,1,1,6,1,17,4,-1,-1,-1,-1,1,-1
2015405CA0569,2,9,0,18,0,2,0,0,0,0,1,1,6,1,-1,-1,-1,-1,-1,-1,-1,-1
2015405CA0571,1,9,0,7,0,8,0,0,0,0,3,1,6,1,50,8,2429,1,9,-1,1,-1
2015405CA0571,2,9,0,18,0,8,0,0,0,0,1,1,6,2,18,4,1229,1,7,-1,1,-1
2015405CA0571,3,9,0,2,0,1,0,0,0,0,1,1,6,3,-1,-1,1598,1,4,-1,-1,-1
2015405CA0575,1,9,0,18,0,0,0,0,0,0,4,1,1,2,28,6,1242,1,12,-1,1,-1
2015405CA0577,1,19,0,1,9,0,0,0,0,0,2,1,1,1,42,7,1998,2,10,-1,1,-1
2015405CA0581,1,9,0,16,0,0,5,4,0,0,1,1,6,1,48,8,-1,-1,-1,-1,1,-1
2015405CA0581,2,9,0,2,0,0,0,0,0,0,3,1,6,3,-1,-1,3200,2,11,-1,-1,-1
2015405CA0583,1,9,0,16,0,0,1,0,7,4,1,1,2,1,22,5,1587,1,13,-1,1,-1
2015405CA0584,1,9,0,18,0,2,1,4,0,0,1,1,6,2,35,6,-1,-1,-1,-1,1,-1
2015405CA0584,2,9,0,2,0,2,0,0,0,0,2,1,6,1,53,8,1997,2,8,-1,1,-1
2015405CA0589,1,9,0,18,0,1,0,0,0,0,4,1,6,1,19,4,1390,1,14,-1,1,-1
2015405CA0589,2,1,0,18,0,6,0,0,0,0,1,1,6,1,6,2,-1,-1,-1,-1,1,-1
2015405CA0591,1,9,0,18,0,0,1,0,0,0,1,1,6,1,21,5,1598,1,9,-1,1,-1
2015405CA0591,2,9,0,18,0,0,0,0,0,0,2,1,6,2,25,5,1995,2,5,-1,1,-1
2015405CA0593,1,9,0,18,0,1,0,0,0,0,0,1,1,1,-1,-1,2400,2,1,-1,1,-1
2015405CA0593,2,9,0,18,0,8,1,0,0,0,1,1,6,1,16,4,1997,1,11,-1,1,-1
2015405CA0593,3,9,0,18,0,8,0,0,0,0,2,1,6,1,25,5,1199,1,15,-1,1,-1
2015405CA0593,4,9,0,18,0,8,0,0,0,0,1,1,6,1,48,8,1753,2,11,-1,-1,-1
2015405CA0599,1,5,0,18,0,0,1,0,0,0,4,1,6,1,65,9,1584,1,7,-1,1,-1
2015405CA0599,2,9,0,4,0,0,0,0,0,0,0,1,6,3,-1,-1,-1,-1,-1,-1,-1,-1
2015405CA0600,1,19,0,9,0,8,0,0,0,0,1,1,1,1,37,7,-1,-1,-1,-1,1,-1
2015405CA0600,2,9,0,18,0,8,1,10,0,0,3,1,6,1,34,6,973,1,12,-1,1,-1
2015405CA0603,1,9,0,4,9,1,0,0,0,0,1,1,6,1,-1,-1,1995,2,11,-1,1,-1
2015405CA0604,1,9,0,9,0,8,0,0,0,0,1,1,6,1,20,4,1968,2,7,-1,-1,-1
2015405CA0604,2,9,0,18,0,8,0,0,0,0,3,1,6,1,24,5,1896,2,15,-1,1,-1
2015405CA0611,1,9,0,18,0,8,0,0,0,0,1,1,6,1,53,8,1910,2,7,-1,1,-1
2015405CA0611,2,9,0,18,0,8,0,0,0,0,1,1,6,1,37,7,1598,1,9,-1,1,-1
2015405CA0612,1,9,0,18,0,2,0,0,0,0,1,1,6,1,20,4,1242,1,1,-1,1,-1
2015405CA0614,1,9,0,18,0,0,0,0,0,0,4,1,6,1,-1,-1,1995,2,9,-1,1,-1
2015405CA0614,2,1,0,18,0,0,0,0,0,0,1,1,6,1,15,3,-1,-1,-1,-1,1,-1
2015405CA0617,1,9,0,18,0,8,0,0,0,0,4,1,2,1,21,5,1994,2,17,-1,1,-1
2015405CA0617,2,9,0,9,0,8,0,0,0,0,1,1,6,2,23,5,1206,1,4,-1,1,-1
2015405CA0619,1,9,0,4,0,0,0,0,0,0,4,1,3,2,30,6,1229,1,7,-1,-1,-1
2015405CA0619,2,1,0,18,0,0,0,8,0,0,3,1,2,1,38,7,-1,-1,-1,-1,1,-1
2015405CA0621,1,9,0,7,0,8,0,0,0,0,1,1,6,1,30,6,-1,-1,-1,-1,-1,-1
2015405CA0623,1,9,0,18,0,0,0,0,0,0,1,1,6,1,-1,-1,-1,-1,-1,-1,-1,-1
2015405CA0624,1,9,0,1,0,1,0,0,0,0,2,1,6,1,23,5,1895,1,14,-1,1,-1
2015405CA0624,2,1,0,18,0,1,0,0,0,0,1,1,6,1,5,1,-1,-1,-1,-1,1,-1
2015405CA0639,1,9,0,18,0,1,0,0,0,0,1,1,6,1,39,7,1796,1,7,-1,3,-1
2015405CA0639,2,9,0,3,0,1,0,0,0,0,2,1,2,2,38,7,1896,2,8,-1,3,-1
2015405CA0639,3,9,0,3,0,1,0,0,0,0,2,1,2,1,54,8,1686,2,12,-1,1,-1
2015405CA0640,1,19,0,7,0,8,0,0,0,0,2,1,6,1,-1,-1,-1,-1,-1,-1,-1,-1
2015405CA0640,2,1,0,18,0,8,0,0,0,0,4,1,6,1,26,6,-1,-1,-1,-1,1,-1
2015405CA0642,1,9,0,18,0,8,0,0,0,0,1,1,1,1,35,6,1248,2,2,-1,1,-1
2015405CA0642,2,9,0,18,0,8,0,0,0,0,3,1,6,1,61,9,2982,2,12,-1,1,-1
2015405CA0644,1,9,0,9,0,0,0,0,0,0,3,1,1,1,36,7,1686,2,5,-1,1,-1
2015405CA0644,2,9,0,13,0,0,0,0,0,0,4,1,6,1,26,6,1896,2,15,-1,1,-1
2015405CA0647,1,9,0,13,0,8,0,0,0,0,1,1,6,1,20,4,1994,1,11,-1,1,-1
2015405CA0647,2,9,0,9,0,8,0,0,0,0,3,1,1,1,30,6,1686,2,6,-1,1,-1
2015405CA0658,1,3,0,16,9,0,0,0,0,0,1,1,6,1,14,3,-1,-1,-1,-1,-1,-1
2015405CA0658,2,1,0,17,9,0,0,0,0,0,1,1,6,1,44,7,-1,-1,-1,-1,1,-1
2015405CA0659,1,9,0,18,0,4,0,0,0,0,1,1,6,1,30,6,1149,1,5,-1,1,-1
2015405CA0659,2,9,0,9,0,8,0,0,0,0,3,1,6,2,22,5,998,1,1,-1,1,-1
2015405CA0660,1,19,0,1,0,2,0,0,0,0,2,1,6,1,20,4,1753,2,11,-1,-1,-1
2015405CA0660,2,9,0,3,0,2,0,0,0,0,4,1,6,1,36,7,-1,-1,-1,-1,1,-1
2015405CA0661,1,19,0,1,0,0,0,0,0,0,2,1,6,1,30,6,2143,2,1,-1,-1,-1
2015405CA0664,1,19,0,18,9,8,0,0,0,0,1,1,1,1,44,7,1560,2,8,-1,1,-1
2015405CA0664,2,1,0,18,9,8,0,0,0,0,1,1,6,1,15,3,-1,-1,-1,-1,1,-1
2015405CA0664,3,1,0,18,9,8,0,0,0,0,1,1,6,1,15,3,-1,-1,-1,-1,1,-1
2015405CA0667,1,9,0,18,0,1,0,0,0,0,1,1,6,2,-1,-1,-1,-1,-1,-1,-1,-1
2015405CA0668,1,9,0,5,0,1,0,0,0,0,1,1,3,2,41,7,1364,1,8,-1,1,-1
2015405CA0668,2,9,0,7,0,1,0,0,0,0,3,1,2,1,40,7,-1,-1,-1,-1,1,-1
2015405CA0669,1,9,0,1,0,1,0,0,0,0,4,1,6,2,41,7,1386,1,9,-1,1,-1
2015405CA0669,2,3,0,18,0,2,0,0,0,0,1,1,6,1,19,4,125,1,-1,-1,1,-1
2015405CA0672,1,9,0,9,0,8,0,0,0,0,1,1,2,1,47,8,1587,1,13,-1,1,-1
2015405CA0672,2,5,0,18,0,8,0,0,0,0,1,1,2,1,44,7,999,1,5,-1,3,-1
2015405CA0672,3,9,0,3,0,1,0,0,0,0,3,1,2,1,-1,-1,1686,2,9,-1,1,-1
2015405CA0686,1,9,0,18,0,3,0,0,0,0,1,1,6,2,51,8,1229,1,4,-1,1,-1
2015405CA0686,2,21,1,9,0,8,0,0,0,0,3,1,1,1,47,8,10837,2,2,-1,1,-1
2015405CA0696,1,9,0,18,0,1,0,0,0,0,1,1,6,1,63,9,-1,-1,-1,-1,1,-1
2015405CA0702,1,9,0,18,0,8,0,0,0,0,4,1,6,2,50,8,1242,1,12,-1,1,-1
2015405CA0702,2,9,0,9,0,8,0,0,0,0,1,1,6,2,30,6,973,1,12,-1,1,-1
2015405CA0707,1,9,0,9,0,8,0,0,0,0,3,1,6,1,22,5,2143,2,3,-1,1,-1
2015405CA0707,2,1,0,18,0,8,0,0,0,0,1,1,6,1,72,10,-1,-1,-1,-1,1,-1
2015405CA0708,1,9,0,13,0,8,0,0,0,0,4,1,2,1,41,7,2987,2,1,-1,1,-1
2015405CA0708,2,1,0,18,0,8,0,0,0,0,3,1,6,1,36,7,-1,-1,-1,-1,1,-1
2015405CA0710,1,9,0,13,0,0,0,0,0,0,1,1,6,3,-1,-1,-1,-1,-1,-1,-1,-1
2015405CA0710,2,19,0,18,0,0,0,0,0,0,3,1,1,1,45,7,1560,2,6,-1,1,-1
2015405CA0710,3,9,0,18,0,0,0,0,0,0,0,1,6,3,-1,-1,-1,-1,-1,-1,-1,-1
2015405CA0712,1,8,0,2,2,2,0,0,0,0,1,1,1,1,54,8,2664,2,14,-1,1,-1
2015405CA0712,2,20,0,2,0,2,0,0,0,0,2,1,1,1,53,8,4116,2,11,-1,1,-1
2015405CA0713,1,9,0,18,0,8,0,0,0,0,1,1,6,2,26,6,1686,2,11,-1,1,-1
2015405CA0713,2,1,0,9,0,8,0,0,0,0,4,1,6,1,55,8,-1,-1,-1,-1,1,-1
2015405CA0716,1,9,0,18,0,0,0,0,0,0,4,1,6,3,-1,-1,-1,-1,-1,-1,-1,-1
2015405CA0722,1,9,0,4,0,0,0,0,0,0,3,1,4,1,42,7,1794,1,11,-1,1,-1
2015405CA0733,1,9,0,9,0,8,0,0,0,0,4,1,2,1,47,8,-1,-1,-1,-1,3,-1
2015405CA0733,2,5,0,18,0,8,0,0,0,0,1,1,6,1,55,8,1200,1,16,-1,1,-1
2015405CA0736,1,9,0,18,0,8,0,0,0,0,1,1,6,3,-1,-1,-1,-1,-1,-1,-1,-1
2015405CA0736,2,9,0,9,0,8,1,0,0,0,4,1,6,1,28,6,1596,1,6,-1,1,-1
2015405CA0737,1,9,0,4,0,1,0,0,0,0,2,1,6,1,52,8,1995,2,9,-1,1,-1
2015405CA0737,2,9,0,4,0,1,0,0,0,0,2,1,6,1,51,8,1360,1,5,-1,1,-1
2015405CA0737,3,9,0,4,0,1,0,0,0,0,1,1,6,2,37,7,1461,2,10,-1,-1,-1
2015405CA0739,1,9,0,9,0,8,0,0,0,0,3,1,6,2,40,7,1388,1,11,-1,1,-1
2015405CA0739,2,9,0,7,0,8,0,0,0,0,3,1,6,2,35,6,1598,1,3,-1,1,-1
2015405CA0740,1,9,0,7,0,0,1,0,7,11,1,2,6,1,34,6,-1,-1,-1,-1,-1,-1
2015405CA0746,1,20,0,18,0,0,0,0,0,0,4,1,1,1,49,8,12902,2,1,-1,1,-1
2015405CA0746,2,9,0,12,0,0,0,0,0,0,3,1,2,2,35,6,1900,2,10,-1,1,-1
2015405CA0748,1,9,0,11,0,8,0,0,0,0,4,1,6,2,74,10,1199,1,12,-1,1,-1
2015405CA0748,2,9,0,18,0,8,0,0,0,0,3,1,6,1,43,7,1896,2,9,-1,1,-1
2015405CA0751,1,3,0,18,0,0,0,0,0,0,1,1,2,1,49,8,124,1,9,-1,1,-1
2015405CA0751,2,9,0,4,0,0,0,0,0,0,2,1,2,1,22,5,1896,2,9,-1,1,-1
2015405CA0756,1,9,0,4,0,8,0,0,0,0,1,1,2,2,21,5,1388,1,3,-1,1,-1
2015405CA0756,2,9,0,4,0,8,0,0,0,0,2,1,2,2,31,6,1242,1,6,-1,2,-1
2015405CA0762,1,9,0,14,0,8,0,0,0,0,1,1,6,1,18,4,-1,-1,-1,-1,1,-1
2015405CA0762,2,9,0,9,0,8,0,0,0,0,1,1,6,1,-1,-1,1968,2,4,-1,1,-1
2015405CA0764,1,19,0,18,0,0,0,4,0,0,1,1,6,1,23,5,-1,-1,-1,-1,1,-1
2015405CA0764,2,9,0,2,0,0,0,0,1,11,1,1,6,3,-1,-1,1969,2,-1,-1,-1,-1
2015405CA0764,3,9,0,2,0,0,0,4,1,3,1,1,6,3,-1,-1,-1,-1,-1,-1,-1,-1
2015405CA0764,4,9,0,2,0,0,0,0,0,0,1,1,6,3,-1,-1,1989,1,15,-1,-1,-1
2015405CA0766,1,9,0,11,0,0,0,0,0,0,4,1,6,2,59,9,1364,1,8,-1,1,-1
2015405CA0766,2,9,0,18,0,0,0,0,0,0,3,1,6,1,30,6,1582,2,-1,-1,1,-1
2015405CA0766,3,9,0,18,0,0,0,0,0,0,1,1,6,2,25,5,1997,2,8,-1,1,-1
2015405CA0767,1,9,0,18,0,1,0,0,0,0,1,1,6,1,31,6,1596,1,12,-1,1,-1
2015405CA0767,2,1,0,18,0,1,0,0,0,0,1,1,6,2,35,6,-1,-1,-1,-1,1,-1
2015405CA0768,1,9,0,6,0,0,0,0,0,0,1,1,6,1,37,7,1994,2,13,-1,1,-1
2015405CA0768,2,9,0,18,0,0,0,0,0,0,1,1,1,2,48,8,-1,-1,-1,-1,1,-1
2015405CA0772,1,8,0,18,0,1,0,0,0,0,1,1,6,2,26,6,1796,1,7,-1,1,-1
2015405CA0772,2,9,0,17,0,1,1,0,0,0,1,1,6,2,71,10,1299,1,11,-1,1,-1
2015405CA0775,1,5,0,18,0,0,1,0,0,0,3,1,6,1,37,7,599,1,16,-1,1,-1
2015405CA0777,1,9,0,18,0,0,0,0,0,0,1,1,6,1,48,8,-1,-1,-1,-1,3,-1
2015405CA0777,2,9,0,2,0,0,0,0,0,0,2,1,6,1,35,6,1896,2,9,-1,1,-1
2015405CA0782,1,19,0,7,0,8,0,0,0,0,1,1,6,1,30,6,2402,2,13,-1,-1,-1
2015405CA0782,2,8,0,3,0,2,0,0,0,0,3,1,2,1,45,7,1968,2,6,-1,-1,-1
2015405CA0789,1,9,0,15,0,3,0,0,0,0,1,1,6,1,30,6,1299,1,7,-1,1,-1
2015405CA0789,2,9,0,13,0,3,0,0,0,0,4,1,6,1,30,6,1968,2,8,-1,1,-1
2015405CA0799,1,9,0,10,0,8,0,0,0,0,2,1,6,2,40,7,1598,1,8,-1,1,-1
2015405CA0799,2,9,0,18,0,1,0,0,0,0,1,1,6,1,24,5,1686,2,10,-1,1,-1
2015405CA0800,1,19,0,1,0,0,0,0,0,0,2,1,6,1,-1,-1,2148,2,8,-1,1,-1
2015405CA0800,2,9,0,2,0,0,0,0,0,0,1,1,6,2,35,6,1242,1,11,-1,1,-1
2015405CA0801,1,9,0,1,0,8,0,0,0,0,2,1,6,3,-1,-1,1896,1,17,-1,-1,-1
2015405CA0804,1,1,0,18,0,8,0,0,0,0,4,1,6,2,35,6,-1,-1,-1,-1,1,-1
2015405CA0804,2,9,0,9,0,8,0,0,0,0,1,1,6,2,-1,-1,-1,-1,-1,-1,-1,-1
2015405CA0810,1,9,0,4,0,1,0,0,0,0,1,1,6,3,-1,-1,-1,-1,-1,-1,-1,-1
2015405CA0810,2,9,0,3,0,1,0,0,0,0,2,1,6,2,59,9,1364,1,7,-1,1,-1
2015405CA0812,1,9,0,18,0,4,0,0,0,0,1,1,6,1,-1,-1,1386,1,3,-1,1,-1
2015405CA0812,2,1,0,18,0,8,0,0,0,0,1,1,6,1,35,6,-1,-1,-1,-1,2,-1
2015405CA0816,1,90,0,18,0,0,0,0,0,0,3,1,1,1,43,7,8096,1,8,-1,1,-1
2015405CA0816,2,9,0,4,0,0,0,0,0,0,3,1,6,2,47,8,1584,1,14,-1,1,-1
2015405CA0817,1,9,0,4,0,0,0,0,0,0,0,1,6,3,-1,-1,-1,-1,-1,-1,-1,-1
2015405CA0817,2,9,0,18,0,0,0,0,0,0,2,1,6,1,21,5,1598,1,7,-1,1,-1
2015405CA0817,3,9,0,18,0,0,0,0,0,0,2,1,6,1,46,8,1685,2,-1,-1,1,-1
2015405CA0817,4,9,0,18,0,0,0,0,0,0,1,1,6,1,49,8,1389,1,20,-1,1,-1
2015405CA0817,5,9,0,18,0,0,0,0,0,0,1,1,6,1,42,7,1560,2,10,-1,1,-1
2015405CA0817,6,9,0,18,0,0,0,0,0,0,1,1,6,1,33,6,3500,1,11,-1,1,-1
2015405CA0819,1,9,0,18,0,0,0,0,0,0,1,1,6,2,22,5,1198,1,9,-1,3,-1
2015405CA0819,2,9,0,18,0,0,0,0,0,0,2,1,6,1,44,7,1596,1,4,-1,1,-1
2015405CA0821,1,9,0,18,0,0,0,0,0,0,1,1,6,2,49,8,1388,1,7,-1,1,-1
2015405CA0821,2,9,0,2,0,0,0,0,0,0,1,1,6,3,-1,-1,1364,1,9,-1,-1,-1
2015405CA0825,1,9,0,18,0,1,0,0,0,0,4,1,6,2,40,7,1598,1,12,-1,1,-1
2015405CA0826,1,5,0,14,0,0,0,0,0,0,1,1,6,1,-1,-1,498,1,10,-1,-1,-1
2015405CA0826,2,9,0,3,0,0,0,0,0,0,1,1,6,2,31,6,1797,8,-1,-1,1,-1
2015405CA0828,1,9,0,4,0,0,0,0,0,0,1,1,6,1,-1,-1,1995,2,8,-1,-1,-1
2015405CA0828,2,9,0,3,0,0,0,0,0,0,2,1,6,2,18,4,1395,1,-1,-1,1,-1
2015405CA0830,1,9,0,18,0,8,0,0,0,0,1,1,6,2,36,7,1968,2,4,-1,1,-1
2015405CA0830,2,9,0,9,0,8,0,0,0,0,1,1,6,1,44,7,1362,1,2,-1,1,-1
2015405CA0831,1,9,0,9,0,1,0,0,0,0,2,1,6,1,20,4,1896,2,11,-1,1,-1
2015405CA0831,2,9,0,4,9,1,0,0,0,0,2,1,6,2,54,8,1995,2,6,-1,1,-1
2015405CA0831,3,9,0,18,0,1,0,0,0,0,1,1,6,1,22,5,1388,1,15,-1,1,-1
2015405CA0835,1,9,0,4,0,2,0,0,0,0,2,1,2,2,63,9,1598,1,12,-1,1,-1
2015405CA0835,2,1,0,18,0,2,0,0,0,0,1,1,2,1,43,7,-1,-1,-1,-1,-1,-1
2015405CA0836,1,19,0,7,0,8,0,0,0,0,4,1,1,1,31,6,2402,2,5,-1,1,-1
2015405CA0836,2,1,0,18,0,8,0,0,0,0,3,1,6,1,21,5,-1,-1,-1,-1,1,-1
2015405CA0841,1,9,0,9,0,6,1,0,0,0,2,1,6,2,20,4,-1,-1,-1,-1,1,-1
2015405CA0841,2,11,0,18,0,1,0,0,0,0,1,1,6,1,40,7,8268,2,11,-1,1,-1
2015405CA0842,1,9,0,4,0,0,0,0,0,0,2,1,6,1,55,8,1598,1,6,-1,1,-1
2015405CA0842,2,9,0,4,0,0,0,0,0,0,1,1,1,1,35,6,-1,-1,-1,-1,1,-1
2015405CA0842,3,90,0,18,0,0,0,0,0,0,0,1,1,3,-1,-1,-1,-1,-1,-1,-1,-1
2015405CA0843,1,8,0,18,0,0,0,0,0,0,4,1,6,1,50,8,2664,2,14,-1,-1,-1
2015405CA0845,1,9,0,5,0,0,0,0,0,0,1,1,6,3,-1,-1,-1,-1,-1,-1,-1,-1
2015405CA0845,2,9,0,5,0,0,0,0,0,0,2,1,6,2,26,6,1968,2,9,-1,1,-1
2015405CA0854,1,9,0,9,0,6,0,0,0,0,1,1,6,2,79,11,1242,1,2,-1,1,-1
2015405CA0854,2,9,0,18,0,8,0,0,0,0,1,1,6,1,22,5,1360,1,12,-1,1,-1
2015405CA0855,1,9,0,18,0,3,1,7,0,1,1,1,6,1,24,5,1995,2,8,-1,1,-1
2015405CA0855,2,9,0,18,0,1,0,0,0,0,1,1,6,1,63,9,1995,2,-1,-1,1,-1
2015405CA0856,1,5,0,18,0,4,0,0,0,0,1,1,6,1,19,4,599,1,16,-1,1,-1
2015405CA0856,2,8,0,18,0,8,0,0,0,0,4,1,1,1,47,8,1797,8,5,-1,1,-1
2015405CA0857,1,9,0,18,0,1,0,0,0,0,1,1,6,2,74,10,1388,1,11,-1,1,-1
2015405CA0857,2,4,0,3,0,1,0,0,0,0,2,1,6,1,35,6,244,1,8,-1,1,-1
2015405CA0859,1,9,0,18,0,0,0,0,0,0,1,1,6,2,25,5,1598,1,9,-1,1,-1
2015405CA0859,2,9,0,4,0,0,0,0,0,0,3,1,6,1,58,9,1997,2,-1,-1,3,-1
2015405CA0859,3,9,0,18,0,0,0,0,0,0,2,1,6,1,81,11,2401,2,10,-1,1,-1
2015405CA0860,1,8,0,5,0,1,0,0,0,0,4,1,1,1,41,7,1968,2,8,-1,1,-1
2015405CA0861,1,9,0,18,0,1,5,0,8,10,1,1,6,1,39,7,1598,1,8,-1,1,-1
2015405CA0868,1,9,0,18,0,1,0,0,0,0,1,1,6,3,-1,-1,3226,2,14,-1,-1,-1
2015405CA0868,2,2,0,9,0,2,0,0,0,0,4,1,6,1,21,5,49,1,12,-1,1,-1
2015405CA0869,1,9,0,18,0,0,0,11,0,0,1,1,6,1,-1,-1,1199,1,13,-1,-1,-1
2015405CA0874,1,9,0,18,0,0,0,0,0,0,1,1,6,1,18,4,996,1,2,-1,1,-1
2015405CA0874,2,9,0,4,0,0,0,0,0,0,2,1,6,2,33,6,1390,1,15,-1,1,-1
2015405CA0874,3,9,0,3,0,0,0,0,0,0,2,1,6,1,58,9,2799,1,16,-1,1,-1
2015405CA0876,1,9,0,18,0,1,0,0,0,0,1,1,6,1,50,8,2191,2,-1,-1,1,-1
2015405CA0876,2,9,0,3,0,1,0,0,0,0,2,1,6,1,36,7,2499,1,6,-1,1,-1
2015405CA0879,1,9,0,18,0,8,0,0,0,0,4,1,1,2,49,8,1997,1,14,-1,1,-1
2015405CA0879,2,9,0,18,0,8,0,0,0,0,1,1,6,2,36,7,1368,1,-1,-1,-1,-1
2015405CA0880,1,3,0,9,0,8,0,0,0,0,4,1,2,1,31,6,124,1,8,-1,1,-1
2015405CA0880,2,9,0,18,0,8,0,0,0,0,1,1,2,2,22,5,-1,-1,-1,-1,1,-1
2015405CA0882,1,9,0,5,0,0,0,0,0,0,3,1,6,1,33,6,1997,2,11,-1,1,-1
2015405CA0882,2,1,0,14,0,0,0,0,0,0,1,1,6,1,25,5,-1,-1,-1,-1,1,-1
2015405CA0884,1,9,0,4,0,0,0,0,0,0,1,1,6,2,-1,-1,1399,2,11,-1,1,-1
2015405CA0884,2,9,0,3,0,0,0,0,0,0,2,1,1,2,25,5,1364,1,8,-1,1,-1
2015405CA0884,3,9,0,3,0,0,0,0,0,0,2,1,6,1,-1,-1,2987,2,4,-1,1,-1
2015405CA0886,1,9,0,18,0,0,0,0,0,0,1,1,6,2,50,8,1998,2,11,-1,1,-1
2015405CA0886,2,9,0,18,0,0,0,0,0,0,1,1,6,1,45,7,1910,2,10,-1,1,-1
2015405CA0888,1,2,0,18,0,0,1,0,0,0,1,1,6,1,16,4,49,1,15,-1,1,-1
2015405CA0888,2,9,0,4,0,0,0,0,0,0,2,1,6,1,58,9,1689,2,14,-1,1,-1
2015405CA0891,1,9,0,6,0,8,0,0,0,0,1,1,6,1,34,6,1599,1,11,-1,1,-1
2015405CA0891,2,9,0,18,0,8,0,0,0,0,1,1,1,1,27,6,2987,2,-1,-1,1,-1
2015405CA0891,3,9,0,18,0,1,0,0,0,0,1,1,6,1,44,7,1896,2,9,-1,1,-1
2015405CA0893,1,9,0,9,0,8,0,0,0,0,3,1,6,1,66,10,1598,1,11,-1,1,-1
2015405CA0893,2,5,0,18,0,8,0,0,0,0,1,1,6,1,36,7,645,1,7,-1,1,-1
2015405CA0895,1,9,0,9,0,8,0,0,0,0,4,1,6,2,36,7,1596,1,12,-1,1,-1
2015405CA0895,2,9,0,18,0,8,0,0,0,0,1,1,6,1,50,8,1598,1,11,-1,1,-1