Accident_Index,Vehicle_Reference,Vehicle_Type,Towing_and_Articulation,Vehicle_Manoeuvre,Vehicle_Location-Restricted_Lane,Junction_Location,Skidding_and_Overturning,Hit_Object_in_Carriageway,Vehicle_Leaving_Carriageway,Hit_Object_off_Carriageway,1st_Point_of_Impact,Was_Vehicle_Left_Hand_Drive?,Journey_Purpose_of_Driver,Sex_of_Driver,Age_of_Driver,Age_Band_of_Driver,Engine_Capacity_(CC),Propulsion_Code,Age_of_Vehicle,Driver_IMD_Decile,Driver_Home_Area_Type,Vehicle_IMD_Decile
20154100A0203,1,9,0,5,0,8,0,0,0,0,1,1,6,2,45,7,-1,-1,-1,-1,1,-1
20154100A0203,2,9,0,18,0,8,0,0,0,0,1,1,6,2,35,6,-1,-1,-1,-1,1,-1
20154100A0205,1,9,0,18,0,0,0,0,0,0,1,1,3,2,27,6,1461,2,6,-1,1,-1
20154100A0205,2,9,0,18,0,0,0,0,0,0,1,1,2,2,26,6,-1,-1,-1,-1,1,-1
20154100A0213,1,9,0,7,0,8,0,0,0,0,1,1,6,1,-1,-1,-1,-1,-1,-1,-1,-1
20154100A0214,1,9,0,13,0,8,0,0,0,0,4,1,6,2,-1,-1,998,1,2,-1,1,-1
20154100A0214,2,1,0,9,0,5,0,0,0,0,3,1,6,1,-1,-1,-1,-1,-1,-1,1,-1
20154100A0217,1,1,0,18,0,0,1,0,7,0,1,1,6,1,44,7,-1,-1,-1,-1,1,-1
20154100A0222,1,9,0,13,0,1,0,0,0,0,1,1,6,2,65,9,1360,1,15,-1,1,-1
20154100A0222,2,1,0,3,0,1,0,0,0,0,2,1,2,1,35,6,-1,-1,-1,-1,1,-1
20154100A0227,1,9,0,18,0,4,1,0,3,4,1,1,6,1,20,4,1242,1,4,-1,1,-1
20154100A0229,1,9,0,18,0,0,0,0,0,0,1,1,6,1,60,9,995,1,14,-1,1,-1
20154100A0229,2,9,0,18,0,0,0,0,0,0,1,1,6,2,61,9,-1,-1,-1,-1,3,-1
20154100A0230,1,9,0,1,0,0,0,0,0,0,2,1,6,1,77,11,-1,-1,-1,-1,-1,-1
20154100A0232,1,9,0,7,0,8,0,0,0,0,4,1,6,2,-1,-1,-1,-1,-1,-1,-1,-1
20154100A0232,2,9,0,7,0,8,0,0,0,0,3,1,6,1,31,6,1796,1,11,-1,1,-1
20154100A0234,1,9,0,4,0,0,1,0,0,0,1,1,1,1,52,8,1995,2,1,-1,-1,-1
20154100A0234,2,9,0,3,0,0,0,0,0,0,2,1,6,2,19,4,1242,1,1,-1,-1,-1
20154100A0234,3,9,0,3,0,0,0,0,0,0,2,1,6,1,35,6,-1,-1,-1,-1,1,-1
20154100A0236,1,9,0,18,0,0,2,0,4,7,1,1,6,2,24,5,1248,1,4,-1,3,-1
20154100A0237,1,9,0,12,0,8,0,0,0,0,3,1,1,1,29,6,-1,-1,-1,-1,1,-1
20154100A0237,2,9,0,18,0,8,0,0,0,0,4,1,1,2,27,6,1198,1,3,-1,2,-1
20154100A0242,1,9,0,16,0,0,1,6,0,0,1,1,6,2,17,4,1242,1,4,-1,1,-1
20154100A0244,1,9,0,18,0,2,0,0,0,0,1,1,6,1,24,5,-1,-1,-1,-1,1,-1
20154100A0244,2,9,0,4,0,2,0,0,0,0,2,1,6,1,52,8,-1,-1,-1,-1,1,-1
20154100A0246,1,9,0,4,0,0,0,0,1,0,1,1,2,1,50,8,2985,2,9,-1,1,-1
20154100A0246,2,9,0,3,0,0,0,0,0,0,2,1,2,1,50,8,1896,2,6,-1,2,-1
20154100A0246,3,9,0,3,0,0,0,0,0,0,2,1,2,2,30,6,1984,1,5,-1,1,-1
20154100A0246,4,9,0,3,0,0,0,0,0,0,2,1,2,1,30,6,1598,1,7,-1,1,-1
20154100A0250,1,19,0,16,0,0,0,0,0,0,1,1,6,1,41,7,2402,2,8,-1,1,-1
20154100A0250,2,9,0,17,0,0,0,0,1,10,1,1,6,1,56,9,1388,1,8,-1,1,-1
20154100A0250,3,9,0,17,0,0,0,0,0,0,1,1,6,1,42,7,-1,-1,-1,-1,3,-1
20154100A0252,1,9,0,18,0,1,0,0,0,0,1,1,1,1,18,4,1124,1,12,-1,-1,-1
20154100A0252,2,9,0,10,0,1,0,0,0,0,2,1,6,2,45,7,2204,2,6,-1,1,-1
20154100A0253,1,9,0,18,0,8,0,0,0,0,3,1,6,2,-1,-1,1248,2,4,-1,2,-1
20154100A0253,2,9,0,7,0,4,0,0,0,0,4,1,6,2,23,5,996,1,6,-1,2,-1
20154100A0256,1,9,0,18,0,1,0,0,0,0,1,1,6,1,42,7,1968,2,5,-1,3,-1
20154100A0257,1,11,0,14,0,2,0,0,0,0,1,1,6,3,-1,-1,-1,-1,-1,-1,-1,-1
20154100A0257,2,9,0,18,0,1,0,0,7,4,2,1,6,2,26,6,1995,2,4,-1,3,-1
20154100A0259,1,9,0,18,0,8,0,0,0,0,0,1,6,1,58,9,-1,-1,-1,-1,-1,-1
20154100A0259,2,9,0,18,0,8,0,0,0,0,0,1,6,2,35,6,1360,1,13,-1,2,-1
20154100A0261,1,9,0,18,0,8,0,0,0,0,3,1,2,2,62,9,1596,1,11,-1,1,-1
20154100A0264,1,9,0,18,0,0,0,0,5,6,3,1,1,2,33,6,-1,-1,-1,-1,1,-1
20154100A0266,1,9,0,17,0,0,1,0,1,7,1,1,2,1,47,8,1199,1,15,-1,1,-1
20154100A0267,1,9,0,18,0,8,0,0,7,2,1,1,6,1,25,5,1360,1,11,-1,1,-1
20154100A0267,2,9,0,9,0,6,0,0,0,0,1,1,2,1,22,5,1395,1,-1,-1,1,-1
20154100A0272,1,9,0,7,0,5,0,0,0,0,2,1,6,1,20,4,1597,1,26,-1,1,-1
20154100A0272,2,9,0,4,0,1,0,0,0,0,1,1,6,1,45,7,1117,1,26,-1,1,-1
20154100A0274,1,2,0,18,0,0,1,10,7,0,3,1,6,1,17,4,49,1,10,-1,1,-1
20154100A0274,2,9,0,18,0,0,0,0,0,0,4,1,6,1,30,6,2400,2,3,-1,-1,-1
20154100A0274,3,9,0,2,0,0,0,0,0,0,3,1,6,2,-1,-1,1598,1,4,-1,1,-1
20154100A0277,1,9,0,10,0,1,0,0,0,0,2,1,6,2,20,4,1197,1,5,-1,1,-1
20154100A0277,2,9,0,18,0,1,0,0,0,0,1,1,6,1,74,10,1998,1,14,-1,2,-1
20154100A0278,1,9,0,18,9,0,0,0,1,0,1,1,6,1,65,9,1998,1,20,-1,1,-1
20154100A0279,1,9,0,3,0,8,0,0,0,0,3,1,2,2,45,7,1598,1,13,-1,1,-1
20154100A0279,2,5,0,18,0,8,0,0,0,0,1,1,2,1,26,6,998,1,10,-1,2,-1
20154100A0281,1,9,0,9,0,5,0,0,0,0,3,1,6,2,25,5,1199,1,11,-1,2,-1
20154100A0281,2,1,0,18,0,1,0,0,0,0,1,1,6,1,49,8,-1,-1,-1,-1,1,-1
20154100A0283,1,9,0,16,0,0,5,0,8,4,1,1,6,1,23,5,-1,-1,-1,-1,1,-1
20154100A0289,1,9,0,7,0,2,2,0,7,9,3,1,6,1,20,4,2979,1,12,-1,1,-1
20154100A0289,2,9,0,18,0,1,0,0,0,0,0,1,1,1,35,6,2400,2,1,-1,-1,-1
20154100A0293,1,19,0,18,0,8,2,0,1,0,4,1,6,1,25,5,2143,2,3,-1,2,-1
20154100A0294,1,9,0,16,0,0,1,0,0,0,1,1,6,1,17,4,-1,-1,-1,-1,1,-1
20154100A0294,2,9,0,17,0,0,0,0,0,0,1,1,6,1,60,9,2179,2,2,-1,3,-1
20154100A0297,1,9,0,18,0,5,5,0,2,4,1,1,6,1,27,6,1984,2,1,-1,2,-1
20154100A0301,1,9,0,9,0,5,0,0,0,0,2,1,6,2,56,9,1598,1,7,-1,3,-1
20154100A0301,2,4,0,18,0,8,1,0,7,0,1,1,2,1,20,4,599,1,18,-1,3,-1
20154100A0302,1,9,0,1,0,0,0,0,0,0,2,1,6,1,65,9,1968,2,4,-1,3,-1
20154100A0303,1,9,0,18,0,1,0,0,0,0,1,1,2,2,59,9,-1,-1,-1,-1,2,-1
20154100A0303,2,9,0,10,0,1,0,0,0,0,2,1,6,2,45,7,2179,2,1,-1,-1,-1
20154100A0303,3,9,0,3,0,1,0,0,0,0,2,1,6,1,25,5,1798,1,7,-1,2,-1
20154100A0303,4,9,0,3,0,1,0,0,0,0,2,1,6,1,50,8,1242,1,13,-1,1,-1
20154100A0304,1,1,0,18,0,0,0,0,1,0,2,1,1,1,40,7,-1,-1,-1,-1,3,-1
20154100A0304,2,9,0,18,0,0,0,0,0,0,1,1,6,2,31,6,1242,1,5,-1,3,-1
20154100A0305,1,9,0,18,0,0,0,0,1,4,1,1,6,1,62,9,2479,1,29,-1,1,-1
20154100A0307,1,9,0,18,0,8,2,0,1,4,3,1,2,1,50,8,1596,1,14,-1,1,-1
20154100A0314,1,9,0,18,0,8,0,0,0,0,3,1,6,1,17,4,1124,1,14,-1,3,-1
20154100A0314,2,9,0,5,0,6,0,0,0,0,4,1,6,1,31,6,1390,1,11,-1,-1,-1
20154100A0315,1,9,0,9,0,6,0,0,0,0,1,1,6,1,44,7,1798,1,12,-1,1,-1
20154100A0315,2,9,0,18,0,8,0,0,0,0,4,1,6,2,78,11,1242,1,4,-1,1,-1
20154100A0319,1,9,0,9,0,6,0,0,0,0,1,1,1,1,58,9,1995,2,2,-1,2,-1
20154100A0319,2,4,0,14,0,8,0,0,0,0,4,1,1,2,47,8,745,1,1,-1,1,-1
20154100A0327,1,21,1,11,0,0,0,0,0,0,4,1,6,1,64,9,12777,2,6,-1,1,-1
20154100A0327,2,9,0,3,0,0,0,0,0,0,3,1,6,2,33,6,1248,2,8,-1,1,-1
20154100A0337,1,9,0,4,0,0,0,0,0,0,0,1,6,1,-1,-1,2792,1,6,-1,-1,-1
20154100A0337,2,9,0,4,0,0,0,0,0,0,0,1,6,1,-1,-1,1997,2,2,-1,-1,-1
20154100A0337,3,9,0,18,0,0,0,0,0,0,0,1,6,2,25,5,1390,1,4,-1,1,-1
20154100A0341,1,9,0,11,0,0,0,0,4,0,1,1,6,2,70,10,5000,1,2,-1,1,-1
20154100A0341,2,9,0,18,0,0,0,0,4,0,3,1,6,2,60,9,1389,1,10,-1,-1,-1
20154100A0350,1,9,0,4,0,1,0,0,0,0,1,1,1,1,56,9,-1,-1,-1,-1,1,-1
20154100A0350,2,9,0,4,0,1,0,0,0,0,2,1,6,2,31,6,-1,-1,-1,-1,1,-1
20154100A0354,1,5,0,18,0,8,1,0,0,0,4,1,6,1,50,8,999,1,14,-1,3,-1
20154100A0355,1,9,0,18,0,8,0,0,0,0,1,1,6,1,42,7,1910,2,8,-1,1,-1
20154100A0355,2,9,0,18,0,8,0,0,0,0,1,1,6,2,60,9,1397,1,3,-1,1,-1
20154100A0356,1,9,0,18,0,4,0,0,0,0,1,1,6,1,76,11,1995,1,12,-1,3,-1
20154100A0356,2,9,0,9,0,8,0,0,0,0,4,1,6,1,22,5,-1,-1,-1,-1,1,-1
20154100A0364,1,5,0,18,0,0,0,0,0,0,4,1,6,1,69,10,750,1,36,-1,3,-1
20154100A0369,1,9,0,5,0,6,0,0,0,0,3,1,1,1,24,5,-1,-1,-1,-1,1,-1
20154100A0369,2,9,0,18,0,8,0,0,0,0,1,1,6,1,-1,-1,-1,-1,-1,-1,-1,-1
20154100A0370,1,5,0,17,0,1,1,0,0,0,1,1,6,1,48,8,996,1,17,-1,1,-1
20154100A0370,2,9,0,4,0,1,0,0,0,0,2,1,6,1,60,9,1197,1,2,-1,1,-1
20154100A0372,1,9,0,1,0,8,0,0,0,0,1,1,6,2,22,5,1242,1,9,-1,1,-1
20154100A0372,2,1,0,18,0,8,0,0,0,0,1,1,6,1,37,7,-1,-1,-1,-1,1,-1
20154100A0373,1,9,0,18,0,0,0,0,0,0,1,1,2,1,54,8,-1,-1,-1,-1,2,-1
20154100A0373,2,9,0,3,0,0,0,0,0,0,2,1,3,2,44,7,1497,8,1,-1,1,-1
20154100A0373,3,9,0,3,0,0,0,0,0,0,2,1,2,1,59,9,1997,2,5,-1,3,-1
20154100A0382,1,9,0,4,0,0,0,0,0,0,1,1,6,1,40,7,-1,-1,-1,-1,-1,-1
20154100A0382,2,9,0,3,0,0,0,0,0,0,2,1,6,1,32,6,1988,1,11,-1,1,-1
20154100A0384,1,9,0,18,0,1,0,0,0,0,1,1,1,1,41,7,-1,-1,-1,-1,2,-1
20154100A0384,2,9,0,3,0,1,0,0,0,0,2,1,6,1,84,11,-1,-1,-1,-1,2,-1
20154100A0388,1,9,0,4,0,0,0,0,0,0,1,1,6,2,31,6,1388,1,6,-1,1,-1
20154100A0388,2,9,0,4,0,0,0,0,0,0,1,1,1,1,53,8,1598,1,15,-1,2,-1
20154100A0388,3,9,0,4,0,0,0,0,0,0,2,1,6,1,40,7,1781,1,15,-1,1,-1
20154100A0389,1,9,0,18,0,0,0,0,0,0,1,1,6,1,18,4,996,1,3,-1,1,-1
20154100A0389,2,9,0,18,0,0,0,0,0,0,1,1,6,2,75,10,1999,1,7,-1,1,-1
20154100A0390,1,9,0,15,0,8,1,0,0,0,1,1,1,1,62,9,1968,2,2,-1,3,-1
20154100A0390,2,9,0,9,0,6,0,0,0,0,3,1,6,1,36,7,998,1,14,-1,1,-1
20154100A0391,1,9,0,9,0,5,0,0,0,0,1,1,2,1,63,9,1997,2,4,-1,1,-1
20154100A0391,2,9,0,18,0,8,0,0,0,0,1,1,2,1,31,6,1968,2,11,-1,1,-1
20154100A0398,1,19,0,18,0,0,0,0,0,0,3,1,1,1,22,5,1248,2,1,-1,1,-1
20154100A0398,2,10,0,18,0,0,0,0,0,0,3,1,1,1,63,9,-1,-1,-1,-1,1,-1
20154100A0407,1,9,0,5,9,8,0,0,0,0,1,1,6,2,35,6,-1,-1,-1,-1,-1,-1
20154100A0412,1,9,0,7,0,3,1,0,1,7,1,1,6,2,17,4,2171,1,9,-1,1,-1
20154100A0414,1,9,0,18,0,2,0,0,0,0,1,1,6,1,40,7,1598,1,7,-1,3,-1
20154100A0414,2,9,0,18,0,1,0,0,0,0,1,1,6,2,43,7,-1,-1,-1,-1,-1,-1
20154100A0420,1,9,0,4,0,0,5,0,1,10,4,1,6,2,65,9,-1,-1,-1,-1,2,-1
20154100A0421,1,9,0,18,0,0,2,0,1,0,1,1,6,1,32,6,999,1,18,-1,3,-1
20154100A0422,1,9,0,7,0,6,0,0,0,0,1,1,1,1,32,6,1299,1,15,-1,3,-1
20154100A0422,2,9,0,18,0,8,0,0,8,1,1,1,1,2,41,7,1596,1,4,-1,1,-1
20154100A0427,1,9,0,9,0,5,0,0,0,0,3,1,6,1,70,10,1998,1,10,-1,2,-1
20154100A0427,2,1,0,18,0,1,0,0,0,0,3,1,6,1,30,6,-1,-1,-1,-1,-1,-1
20154100A0428,1,9,0,18,0,1,0,0,0,0,1,1,6,1,-1,-1,1390,1,11,-1,-1,-1
20154100A0428,2,9,0,3,0,1,0,0,0,0,2,1,6,1,35,6,1794,1,14,-1,1,-1
20154100A0428,3,9,0,10,0,1,0,0,0,0,2,1,6,1,-1,-1,1596,1,12,-1,-1,-1
20154100A0431,1,9,0,9,9,2,0,4,7,11,1,1,6,2,80,11,1229,1,3,-1,1,-1
20154100A0431,2,9,0,2,0,2,0,0,0,0,3,1,6,3,-1,-1,3189,1,11,-1,-1,-1
20154100A0431,3,9,0,2,0,2,0,0,0,0,3,1,6,3,-1,-1,-1,-1,-1,-1,-1,-1
20154100A0434,1,9,0,18,0,3,0,0,0,0,3,1,6,2,22,5,973,1,12,-1,1,-1
20154100A0434,2,5,0,18,0,3,1,0,7,0,4,1,6,1,54,8,1832,1,11,-1,1,-1
20154100A0437,1,9,0,5,0,4,0,0,0,0,3,1,6,2,63,9,1596,1,-1,-1,1,-1
20154100A0437,2,9,0,9,0,8,0,0,0,0,1,1,2,1,30,6,1796,1,10,-1,1,-1
20154100A0442,1,9,0,18,0,1,0,0,0,0,3,1,6,1,23,5,-1,-1,-1,-1,1,-1
20154100A0442,2,9,0,3,0,2,0,0,0,0,3,1,6,1,17,4,1149,1,16,-1,1,-1
20154100A0445,1,9,0,18,0,0,0,0,0,0,1,1,6,1,29,6,1796,1,13,-1,1,-1
20154100A0445,2,20,0,18,0,0,0,0,0,0,1,1,1,1,50,8,3920,2,10,-1,1,-1
20154100A0446,1,9,0,18,0,1,5,4,1,11,1,1,6,2,87,11,999,1,14,-1,3,-1
20154100A0446,2,9,0,2,0,1,0,0,0,0,2,1,6,1,30,6,998,1,7,-1,2,-1
20154100A0448,1,9,0,18,0,3,1,0,1,7,1,1,6,2,23,5,1299,1,14,-1,1,-1
20154100A0452,1,8,0,5,0,1,0,0,0,0,1,1,1,1,-1,-1,2231,2,8,-1,1,-1
20154100A0454,1,9,0,18,0,0,1,0,1,10,1,1,2,2,34,6,1596,1,14,-1,1,-1
20154100A0455,1,21,0,18,0,4,0,0,0,0,1,1,1,1,48,8,4580,2,2,-1,2,-1
20154100A0455,2,9,0,8,0,4,0,0,0,0,2,1,6,2,53,8,3498,1,9,-1,1,-1
20154100A0457,1,19,0,18,0,0,0,0,0,0,0,1,6,1,30,6,-1,-1,-1,-1,-1,-1
20154100A0457,2,19,0,18,0,0,0,0,0,0,1,1,1,1,34,6,-1,-1,-1,-1,1,-1
20154100A0458,1,9,0,18,0,4,0,0,0,0,3,1,6,2,27,6,1896,2,7,-1,2,-1
20154100A0458,2,9,0,7,0,4,0,0,0,0,4,1,1,1,57,9,2199,2,3,-1,1,-1
20154100A0459,1,9,0,5,0,4,0,0,0,0,1,1,6,1,66,10,1997,2,7,-1,1,-1
20154100A0459,2,9,0,18,0,8,0,0,0,0,4,1,6,2,23,5,-1,-1,-1,-1,1,-1
20154100A0462,1,5,0,18,0,8,1,0,7,0,1,1,6,1,23,5,599,1,17,-1,2,-1
20154100A0462,2,8,0,9,0,5,0,0,0,0,4,1,6,1,71,10,1968,2,9,-1,3,-1
20154100A0464,1,9,0,18,0,0,1,0,7,6,1,1,6,2,18,4,1461,2,11,-1,1,-1
20154100A0466,1,9,0,4,0,1,0,0,0,0,1,1,6,1,76,11,1360,1,12,-1,1,-1
20154100A0466,2,3,0,3,0,1,0,0,0,0,2,1,1,1,28,6,108,1,-1,-1,1,-1
20154100A0467,1,9,0,18,0,0,1,0,0,0,1,1,6,2,47,8,1968,2,8,-1,1,-1
20154100A0467,2,1,0,18,0,0,0,0,0,0,1,1,6,2,45,7,-1,-1,-1,-1,1,-1
20154100A0468,1,9,0,18,0,0,5,0,7,10,1,1,6,2,18,4,-1,-1,-1,-1,1,-1
20154100A0471,1,9,0,9,0,6,0,0,0,0,1,1,1,1,44,7,1242,1,16,-1,2,-1
20154100A0477,1,9,0,9,0,6,0,0,0,0,1,1,6,1,-1,-1,998,1,1,-1,2,-1
20154100A0478,1,9,0,18,0,8,0,0,0,0,1,1,6,1,32,6,1596,1,14,-1,1,-1
20154100A0478,2,9,0,9,0,8,0,0,0,0,3,1,6,1,24,5,1388,1,6,-1,1,-1
20154100A0481,1,9,0,4,0,1,0,0,0,0,1,1,6,2,30,6,2295,1,14,-1,2,-1
20154100A0481,2,9,0,3,0,1,0,0,0,0,2,1,6,1,18,4,1595,1,6,-1,1,-1
20154100A0482,1,9,0,18,0,1,0,0,0,0,1,1,1,2,19,4,1242,1,2,-1,1,-1
20154100A0482,2,9,0,3,0,1,0,0,0,0,2,1,6,2,72,10,2435,1,13,-1,3,-1
20154100A0482,3,9,0,3,0,1,0,0,0,0,2,1,6,1,61,9,-1,-1,-1,-1,3,-1
20154100A0485,1,3,0,7,0,1,1,0,1,0,4,1,6,1,44,7,125,1,2,-1,1,-1
20154100A0486,1,9,0,16,0,0,0,0,0,0,1,1,6,3,-1,-1,-1,-1,-1,-1,-1,-1
20154100A0486,2,19,0,17,0,0,0,0,0,0,3,1,1,1,20,4,1598,2,4,-1,1,-1
20154100A0487,1,9,0,9,0,7,0,0,0,0,3,1,6,2,41,7,1108,1,6,-1,1,-1
20154100A0487,2,9,0,18,0,8,0,0,0,0,1,1,1,1,27,6,2495,2,14,-1,3,-1
20154100A0488,1,5,0,16,0,2,1,0,7,0,1,1,6,1,59,9,1052,1,18,-1,1,-1
20154100A0488,2,21,4,18,0,1,0,0,0,0,1,1,1,1,69,10,10837,2,2,-1,1,-1
20154100A0494,1,9,0,14,0,2,0,0,0,0,4,1,6,3,-1,-1,-1,-1,-1,-1,-1,-1
20154100A0506,1,9,0,18,0,2,5,0,7,10,3,1,6,1,19,4,1390,1,12,-1,2,-1
20154100A0509,1,9,0,5,0,6,0,0,0,0,1,1,6,2,58,9,1390,1,2,-1,1,-1
20154100A0509,2,9,0,18,0,8,0,0,0,0,1,1,6,2,29,6,1388,1,10,-1,3,-1
20154100A0511,1,9,0,14,0,0,0,0,0,0,4,1,6,1,39,7,2143,2,1,-1,1,-1
20154100A0511,2,98,0,2,0,0,0,0,0,0,0,1,1,1,29,6,12913,2,6,-1,1,-1
20154100A0513,1,9,0,18,0,1,1,0,0,0,1,1,1,2,26,6,1299,1,11,-1,1,-1
20154100A0513,2,9,0,4,0,1,0,0,0,0,2,1,6,2,31,6,-1,-1,-1,-1,1,-1
20154100A0516,1,9,0,17,0,0,5,0,0,0,3,1,6,2,19,4,1242,1,9,-1,3,-1
20154100A0516,2,19,0,16,0,0,0,0,0,0,3,1,1,1,62,9,1997,2,9,-1,1,-1
20154100A0520,1,9,0,18,0,1,0,0,0,0,1,1,6,2,22,5,1229,1,2,-1,1,-1
20154100A0520,2,9,0,3,0,1,0,0,0,0,2,1,2,1,48,8,1998,2,9,-1,2,-1
20154100A0524,1,9,0,18,0,0,0,0,0,0,2,1,1,1,45,7,1149,1,1,-1,2,-1
20154100A0524,2,1,0,18,0,0,0,0,0,0,1,1,6,1,48,8,-1,-1,-1,-1,1,-1
20154100A0527,1,9,0,13,0,1,0,0,0,0,1,1,6,2,17,4,998,1,1,-1,3,-1
20154100A0527,2,1,0,18,0,1,0,0,0,0,2,1,6,1,13,3,-1,-1,-1,-1,1,-1
20154100A0529,1,9,0,18,0,8,1,0,1,1,1,1,6,1,19,4,-1,-1,-1,-1,3,-1
20154100A0531,1,9,4,13,0,0,0,0,0,0,4,1,1,1,60,9,-1,-1,-1,-1,3,-1
20154100A0531,2,1,0,4,0,0,0,0,0,0,3,1,6,1,72,10,-1,-1,-1,-1,1,-1
20154100A0532,1,8,0,10,0,1,0,0,0,0,2,1,1,1,47,8,1461,2,5,-1,1,-1
20154100A0532,2,9,0,4,0,1,0,0,0,0,2,1,2,2,60,9,-1,-1,-1,-1,1,-1
20154100A0532,3,9,0,18,0,1,0,0,0,0,1,1,6,1,19,4,-1,-1,-1,-1,1,-1
20154100A0534,1,9,0,18,0,4,0,0,0,0,1,1,2,2,32,6,1796,1,7,-1,1,-1
20154100A0534,2,1,0,18,0,8,0,0,0,0,2,1,6,1,51,8,-1,-1,-1,-1,1,-1
20154100A0535,1,9,0,11,0,0,0,0,4,6,1,1,6,2,25,5,1587,1,14,-1,1,-1
20154100A0537,1,9,0,18,0,0,0,0,0,0,3,1,6,2,46,8,1587,1,12,-1,1,-1
20154100A0537,2,9,0,3,0,0,0,0,0,0,3,1,6,2,31,6,1598,1,3,-1,1,-1
20154100A0537,3,9,0,3,0,0,0,0,0,0,3,1,6,2,28,6,1197,1,-1,-1,1,-1
20154100A0537,4,9,0,3,0,0,0,0,0,0,3,1,6,2,19,4,1199,1,17,-1,1,-1
20154100A0537,5,9,0,3,0,0,0,0,0,0,3,1,6,2,39,7,1769,1,15,-1,1,-1
20154100A0539,1,9,0,18,0,3,0,0,7,0,1,1,6,1,59,9,3248,1,14,-1,1,-1
20154100A0542,1,21,0,18,0,1,1,0,0,0,1,1,1,1,33,6,9365,2,7,-1,3,-1
20154100A0542,2,19,0,3,0,1,0,0,0,0,2,1,1,1,60,9,2402,2,10,-1,1,-1
20154100A0542,3,9,0,10,0,1,0,0,0,0,2,1,3,2,32,6,-1,-1,-1,-1,1,-1
20154100A0544,1,9,0,9,0,5,0,0,0,0,1,1,6,1,28,6,1560,2,2,-1,1,-1
20154100A0544,2,1,0,18,0,8,0,0,0,0,1,1,6,1,20,4,-1,-1,-1,-1,1,-1
20154100A0545,1,9,0,18,0,1,0,0,0,0,1,1,6,2,37,7,1997,1,8,-1,1,-1
20154100A0545,2,9,0,4,0,1,0,0,0,0,2,1,6,1,25,5,2993,2,4,-1,1,-1
20154100A0546,1,9,0,6,0,8,0,0,0,0,1,1,6,2,82,11,1339,1,5,-1,2,-1
20154100A0546,2,9,0,18,0,8,0,0,0,0,3,1,6,1,72,10,2967,2,1,-1,3,-1
20154100A0547,1,9,0,17,0,0,2,0,7,4,4,1,2,2,24,5,1398,2,8,-1,1,-1
20154100A0547,2,9,0,18,0,0,0,0,0,0,1,1,2,1,39,7,1968,2,1,-1,1,-1
20154100A0548,1,3,0,18,0,1,0,0,0,0,1,1,6,1,47,8,124,1,10,-1,2,-1
20154100A0548,2,9,0,4,0,1,0,0,0,0,2,1,6,1,62,9,1560,2,3,-1,2,-1
20154100A0548,3,9,0,10,0,1,0,0,0,0,0,1,6,1,51,8,1560,2,3,-1,1,-1
20154100A0549,1,9,0,4,0,1,1,0,0,0,1,1,6,1,30,6,-1,-1,-1,-1,1,-1
20154100A0549,2,9,0,4,0,8,0,0,0,0,2,1,6,2,17,4,1360,1,8,-1,3,-1
20154100A0549,3,9,0,3,0,2,0,0,0,0,2,1,6,1,52,8,-1,-1,-1,-1,1,-1
20154100A0551,1,9,0,18,0,6,0,0,0,0,1,1,6,1,20,4,-1,-1,-1,-1,1,-1
20154100A0551,2,19,0,18,0,8,0,0,0,0,3,1,1,1,32,6,-1,-1,-1,-1,1,-1
20154100A0554,1,9,0,13,0,0,0,0,0,0,4,1,6,2,-1,-1,1149,1,3,-1,1,-1
20154100A0554,2,1,0,16,0,0,0,0,0,0,1,1,6,1,39,7,-1,-1,-1,-1,3,-1
20154100A0559,1,19,0,18,0,0,1,0,7,10,1,1,6,1,40,7,1248,2,9,-1,1,-1
20154100A0561,1,9,0,4,0,1,0,0,0,0,1,1,1,2,31,6,999,1,7,-1,1,-1
20154100A0561,2,9,0,7,0,5,0,0,0,0,2,1,1,1,37,7,-1,-1,-1,-1,2,-1
20154100A0562,1,9,0,18,0,0,0,0,0,0,4,1,6,2,70,10,1598,1,15,-1,1,-1
20154100A0568,1,1,0,18,0,0,0,0,0,0,0,1,6,2,44,7,-1,-1,-1,-1,1,-1
20154100A0569,1,9,0,5,0,4,0,0,0,0,0,1,6,1,30,6,-1,-1,-1,-1,2,-1
20154100A0569,2,1,0,18,0,8,1,0,0,0,0,1,6,1,48,8,-1,-1,-1,-1,1,-1
20154100A0573,1,8,0,13,0,0,0,0,0,0,4,1,6,3,40,7,1896,2,7,-1,1,-1
20154100A0573,2,1,0,18,0,0,0,0,0,0,3,1,1,1,45,7,-1,-1,-1,-1,1,-1
20154100A0574,1,1,0,18,9,8,0,0,0,0,1,1,6,1,18,4,-1,-1,-1,-1,-1,-1
20154100A0574,2,9,0,8,0,6,0,0,0,0,3,1,3,2,48,8,1598,2,1,-1,2,-1
20154100A0576,1,9,0,3,0,0,0,0,0,0,2,1,6,2,31,6,998,1,1,-1,1,-1
20154100A0576,2,9,0,3,0,0,0,0,0,0,2,1,6,2,42,7,1995,1,8,-1,2,-1
20154100A0576,3,9,0,18,0,0,0,0,0,0,1,1,6,1,26,6,-1,-1,-1,-1,1,-1
20154100A0577,1,19,0,13,0,0,0,0,0,0,2,1,1,1,29,6,2299,2,1,-1,2,-1
20154100A0577,2,5,0,13,0,0,1,0,8,0,1,1,2,1,49,8,1050,1,5,-1,1,-1
20154100A0579,1,9,0,5,0,4,0,0,0,0,3,1,6,1,66,10,1686,2,10,-1,1,-1
20154100A0579,2,1,0,18,0,8,0,0,0,0,1,1,6,1,41,7,-1,-1,-1,-1,1,-1
20154100A0587,1,9,0,17,0,8,1,0,7,0,3,1,1,1,37,7,1242,1,4,-1,1,-1