Accident_Index,Vehicle_Reference,Vehicle_Type,Towing_and_Articulation,Vehicle_Manoeuvre,Vehicle_Location-Restricted_Lane,Junction_Location,Skidding_and_Overturning,Hit_Object_in_Carriageway,Vehicle_Leaving_Carriageway,Hit_Object_off_Carriageway,1st_Point_of_Impact,Was_Vehicle_Left_Hand_Drive?,Journey_Purpose_of_Driver,Sex_of_Driver,Age_of_Driver,Age_Band_of_Driver,Engine_Capacity_(CC),Propulsion_Code,Age_of_Vehicle,Driver_IMD_Decile,Driver_Home_Area_Type,Vehicle_IMD_Decile
20154100A0588,1,9,0,18,0,4,0,0,0,0,1,1,6,2,44,7,1997,1,2,-1,3,-1
20154100A0588,2,9,0,4,0,4,0,0,0,0,2,1,6,1,49,8,1598,1,12,-1,1,-1
20154100A0593,1,9,0,16,0,8,5,10,7,9,3,1,6,1,18,4,1598,1,8,-1,1,-1
20154100A0594,1,9,0,17,0,0,0,0,0,0,1,1,2,2,56,9,1595,1,12,-1,1,-1
20154100A0594,2,9,0,16,0,0,0,0,0,0,1,1,6,2,67,10,1560,2,2,-1,3,-1
20154100A0603,1,9,0,16,0,0,1,0,8,11,1,1,2,1,28,6,1956,2,1,-1,2,-1
20154100A0603,2,9,0,3,0,0,0,0,0,0,2,1,6,2,61,9,1968,2,1,-1,3,-1
20154100A0603,3,9,0,18,0,0,0,0,0,0,1,1,1,1,62,9,-1,-1,-1,-1,1,-1
20154100A0613,1,5,0,18,0,1,1,10,3,1,1,1,2,1,49,8,598,1,14,-1,1,-1
20154100A0614,1,9,0,9,0,6,0,0,0,0,3,1,6,2,48,8,-1,-1,-1,-1,3,-1
20154100A0614,2,9,0,18,0,8,0,0,0,0,1,1,6,1,83,11,-1,-1,-1,-1,3,-1
20154100A0618,1,9,0,18,0,1,0,0,0,0,3,1,1,1,51,8,-1,-1,-1,-1,1,-1
20154100A0620,1,11,0,18,0,1,0,0,0,0,4,1,1,1,57,9,-1,-1,-1,-1,1,-1
20154100A0622,1,9,0,5,9,6,0,0,0,0,2,1,6,1,40,7,-1,-1,-1,-1,-1,-1
20154100A0624,1,9,0,13,0,0,0,0,0,0,4,1,6,3,-1,-1,-1,-1,-1,-1,-1,-1
20154100A0624,2,1,0,18,0,0,0,0,1,0,3,1,2,1,42,7,-1,-1,-1,-1,1,-1
20154100A0629,1,9,0,7,0,5,0,0,0,0,4,1,6,2,38,7,1560,2,6,-1,1,-1
20154100A0629,2,4,0,15,0,8,0,0,0,0,1,1,6,1,42,7,779,1,2,-1,1,-1
20154100A0634,1,9,0,13,0,0,1,0,1,4,4,1,6,1,20,4,1242,1,16,-1,2,-1
20154100A0634,2,9,0,18,0,0,1,0,1,4,3,1,6,1,35,6,999,1,5,-1,1,-1
20154100A0639,1,9,0,18,0,1,0,10,8,11,1,1,6,1,52,8,1596,1,6,-1,-1,-1
20154100A0639,2,9,0,18,0,2,0,0,0,0,1,1,6,1,48,8,-1,-1,-1,-1,3,-1
20154100A0640,1,8,0,4,0,0,0,0,0,0,1,1,1,1,35,6,1997,2,2,-1,2,-1
20154100A0642,1,9,0,18,0,0,0,0,0,0,1,1,6,2,82,11,998,1,5,-1,1,-1
20154100A0642,2,9,0,18,0,0,0,0,0,0,1,1,2,2,48,8,1596,1,3,-1,1,-1
20154100A0643,1,9,0,5,0,1,0,0,0,0,1,1,6,1,68,10,1560,2,4,-1,1,-1
20154100A0643,2,9,0,4,0,1,0,0,0,0,2,1,6,2,30,6,999,1,1,-1,1,-1
20154100A0651,1,9,0,7,0,8,0,0,0,0,0,1,6,1,28,6,1299,1,13,-1,3,-1
20154100A0651,2,2,0,18,0,8,1,0,0,0,0,1,6,1,17,4,125,1,-1,-1,1,-1
20154100A0654,1,9,0,18,0,0,1,4,0,0,1,1,6,1,36,7,-1,-1,-1,-1,1,-1
20154100A0654,2,9,0,2,0,0,0,0,0,0,3,1,6,3,-1,-1,1296,1,8,-1,-1,-1
20154100A0654,3,9,0,2,0,0,0,4,0,0,1,1,6,3,-1,-1,1998,2,-1,-1,-1,-1
20154100A0654,4,9,0,2,0,0,0,0,0,0,1,1,6,3,-1,-1,2143,2,-1,-1,-1,-1
20154100A0661,1,9,0,18,0,4,0,0,1,2,1,1,6,1,47,8,2387,2,7,-1,1,-1
20154100A0662,1,9,0,16,0,0,1,0,8,4,1,1,1,1,28,6,998,1,16,-1,1,-1
20154100A0663,1,20,0,18,0,0,0,0,0,0,4,1,1,1,47,8,1968,2,2,-1,1,-1
20154100A0665,1,9,0,3,0,0,0,0,0,0,1,1,6,1,55,8,1995,2,2,-1,3,-1
20154100A0665,2,9,0,4,0,0,1,0,0,0,1,1,6,1,42,7,1896,2,13,-1,1,-1
20154100A0666,1,9,0,18,0,0,0,0,0,0,1,1,6,2,34,6,1598,1,9,-1,1,-1
20154100A0670,1,9,0,5,0,6,0,0,0,0,3,1,3,2,42,7,2997,1,-1,-1,3,-1
20154100A0670,2,9,0,18,0,8,0,0,1,1,1,1,1,2,40,7,1968,2,1,-1,1,-1
20154100A0675,1,9,0,18,0,1,0,0,0,0,1,1,1,2,26,6,1242,1,6,-1,1,-1
20154100A0675,2,9,0,10,0,1,0,0,7,10,2,1,2,1,47,8,2000,1,11,-1,2,-1
20154100A0676,1,9,0,9,0,6,0,0,0,0,4,1,6,1,68,10,1794,1,12,-1,1,-1
20154100A0676,2,1,0,18,0,8,0,0,0,0,1,1,6,1,50,8,-1,-1,-1,-1,3,-1
20154100A0684,1,9,0,18,0,1,0,0,0,0,1,1,6,1,21,5,1587,1,10,-1,-1,-1
20154100A0684,2,9,0,10,0,1,1,0,7,0,2,1,6,2,43,7,1989,1,16,-1,1,-1
20154100A0685,1,9,0,18,0,8,0,0,0,0,1,1,6,2,24,5,998,1,4,-1,1,-1
20154100A0685,2,9,0,9,0,6,0,0,0,0,3,1,6,1,42,7,1596,1,13,-1,1,-1
20154100A0686,1,9,0,18,0,8,0,0,0,0,1,1,6,1,83,11,1796,1,15,-1,3,-1
20154100A0686,2,9,0,9,0,6,0,0,0,0,1,1,2,2,37,7,1997,2,5,-1,1,-1
20154100A0688,1,1,0,18,0,8,0,0,0,0,4,1,6,1,52,8,-1,-1,-1,-1,1,-1
20154100A0688,2,9,0,5,0,6,0,0,0,0,1,1,6,2,25,5,-1,-1,-1,-1,-1,-1
20154100A0689,1,9,0,18,0,0,0,0,0,0,1,1,6,2,75,10,1598,1,2,-1,1,-1
20154100A0689,2,9,0,18,0,0,0,0,0,0,1,1,6,2,20,4,1390,1,4,-1,1,-1
20154100A0690,1,9,0,12,0,8,0,0,0,0,1,1,2,1,54,8,1390,1,4,-1,1,-1
20154100A0690,2,4,0,13,0,8,1,0,0,0,1,1,6,1,37,7,738,1,14,-1,1,-1
20154100A0693,1,9,0,18,0,4,0,0,0,0,3,1,1,2,34,6,1199,1,14,-1,-1,-1
20154100A0693,2,2,0,9,0,8,0,0,0,0,1,1,1,1,53,8,125,1,4,-1,1,-1
20154100A0695,1,9,0,5,0,6,0,0,0,0,1,1,6,1,42,7,-1,-1,-1,-1,3,-1
20154100A0695,2,2,0,9,0,5,1,0,0,0,1,1,6,1,19,4,49,1,4,-1,1,-1
20154100A0696,1,9,0,11,0,1,0,0,0,0,4,1,6,1,49,8,1798,1,6,-1,1,-1
20154100A0696,2,21,1,18,0,1,0,0,0,0,3,2,1,1,45,7,-1,-1,-1,-1,-1,-1
20154100A0701,1,9,0,18,0,8,0,0,0,0,1,1,6,2,24,5,1240,1,12,-1,1,-1
20154100A0701,2,9,0,3,0,8,0,0,0,0,2,1,6,2,33,6,1699,1,6,-1,1,-1
20154100A0701,3,9,0,3,0,2,0,0,0,0,2,1,6,2,63,9,1797,8,2,-1,1,-1
20154100A0701,4,9,0,3,0,2,0,0,0,0,2,1,6,2,72,10,1198,1,1,-1,2,-1
20154100A0707,1,9,0,18,0,0,0,0,0,0,1,1,6,1,73,10,-1,-1,-1,-1,1,-1
20154100A0707,2,9,0,4,0,0,0,0,0,0,2,1,6,1,52,8,-1,-1,-1,-1,2,-1
20154100A0711,1,9,0,16,0,0,0,0,0,0,1,1,6,2,33,6,2497,1,8,-1,1,-1
20154100A0711,2,19,0,17,0,0,0,0,0,0,1,1,6,1,28,6,1598,2,-1,-1,1,-1
20154100A0712,1,9,0,3,0,1,0,0,0,0,2,1,6,2,44,7,1975,1,6,-1,3,-1
20154100A0712,2,19,0,4,0,1,0,0,0,0,1,1,6,1,30,6,1248,2,5,-1,-1,-1
20154100A0714,1,21,0,4,0,0,0,0,0,0,1,1,1,1,27,6,-1,-1,-1,-1,1,-1
20154100A0714,2,21,1,5,0,0,0,0,0,0,2,1,1,1,55,8,12580,2,10,-1,3,-1
20154100A0718,1,9,0,9,0,6,0,0,0,0,4,1,1,2,73,10,2685,2,13,-1,3,-1
20154100A0718,2,9,0,18,0,8,0,0,1,0,3,1,6,2,28,6,-1,-1,-1,-1,1,-1
20154100A0728,1,9,0,9,0,6,0,0,0,0,1,1,6,1,31,6,1781,1,12,-1,1,-1
20154100A0735,1,19,0,13,0,0,0,0,0,0,1,1,6,1,23,5,1598,2,-1,-1,1,-1
20154100A0735,2,1,0,18,0,0,0,0,0,0,2,1,6,1,36,7,-1,-1,-1,-1,1,-1
20154100A0736,1,9,0,18,0,4,0,0,0,0,0,1,6,2,44,7,1900,2,9,-1,1,-1
20154100A0736,2,9,0,18,0,4,1,0,7,1,1,1,6,2,68,10,1794,1,14,-1,1,-1
20154100A0739,1,9,0,5,0,1,0,0,0,0,1,1,6,1,19,4,1198,1,7,-1,1,-1
20154100A0739,2,9,0,3,0,1,0,0,0,0,2,1,6,2,58,9,-1,-1,-1,-1,1,-1
20154100A0751,1,9,0,18,0,0,0,10,1,2,3,1,6,1,69,10,1596,1,12,-1,1,-1
20154100A0752,1,9,0,18,0,1,0,0,0,0,1,1,6,1,25,5,1968,2,7,-1,-1,-1
20154100A0752,2,9,0,18,0,2,0,0,0,0,1,1,6,1,25,5,-1,-1,-1,-1,1,-1
20154100A0752,3,9,0,18,0,1,0,0,0,0,0,1,6,1,25,5,2987,2,6,-1,-1,-1
20154100A0758,1,9,0,10,0,3,0,10,1,11,1,1,6,2,17,4,1299,1,11,-1,3,-1
20154100A0761,1,9,0,9,0,6,0,0,0,0,1,1,6,1,83,11,1595,1,6,-1,1,-1
20154100A0761,2,9,0,18,0,1,0,0,0,0,3,1,6,2,33,6,1997,2,5,-1,1,-1
20154100A0762,1,9,0,18,0,0,0,0,0,0,3,1,6,1,48,8,1242,1,2,-1,1,-1
20154100A0763,1,9,0,18,0,0,1,0,7,3,2,1,6,1,19,4,1229,1,4,-1,3,-1
20154100A0764,1,9,0,17,0,0,1,0,1,3,1,1,6,1,46,8,1598,1,17,-1,1,-1
20154100A0766,1,9,0,5,0,4,0,0,0,0,1,1,6,1,56,9,-1,-1,-1,-1,1,-1
20154100A0766,2,3,0,18,0,8,0,0,0,0,4,1,6,1,62,9,125,1,5,-1,-1,-1
20154100A0768,1,9,0,18,0,2,0,0,0,0,4,1,6,1,80,11,-1,-1,-1,-1,1,-1
20154100A0771,1,3,0,4,0,1,0,0,0,0,1,1,6,1,20,4,108,1,-1,-1,1,-1
20154100A0771,2,9,4,3,0,1,0,0,0,0,2,1,6,1,27,6,999,1,6,-1,1,-1
20154100B0003,1,9,0,13,0,0,0,0,0,0,4,1,6,1,52,8,1995,2,3,-1,1,-1
20154100B0003,2,21,1,18,0,0,0,0,0,0,1,1,1,1,56,9,10677,2,1,-1,-1,-1
20154100B0004,1,9,0,5,0,6,0,0,0,0,1,1,6,2,-1,-1,1390,1,12,-1,-1,-1
20154100B0004,2,8,0,18,0,8,0,0,0,0,4,1,1,1,-1,-1,-1,-1,-1,-1,-1,-1
20154100B0007,1,9,0,18,0,2,0,0,0,0,1,1,6,2,37,7,1298,1,12,-1,1,-1
20154100B0008,1,9,0,18,0,8,0,0,0,0,3,1,6,2,36,7,1598,1,3,-1,1,-1
20154100B0008,2,9,0,5,0,4,0,0,0,0,1,1,6,2,49,8,1596,1,13,-1,1,-1
20154100B0009,1,9,0,16,0,0,0,0,2,4,3,1,6,1,67,10,-1,-1,-1,-1,1,-1
20154100B0014,1,9,0,5,0,0,0,0,0,0,1,1,6,1,21,5,1364,1,9,-1,3,-1
20154100B0014,2,9,0,3,0,0,0,0,0,0,2,1,6,1,21,5,998,1,8,-1,1,-1
20154100B0020,1,9,0,9,0,5,0,0,0,0,4,1,6,1,60,9,-1,-1,-1,-1,1,-1
20154100B0020,2,19,0,18,0,8,0,0,0,0,1,1,6,1,35,6,1896,2,8,-1,1,-1
20154100B0021,1,9,0,18,0,4,0,0,0,0,1,1,1,2,33,6,1149,1,17,-1,1,-1
20154100B0021,2,11,0,3,0,8,0,0,0,0,2,1,1,1,51,8,-1,-1,-1,-1,1,-1
20154100B0023,1,9,0,18,0,0,0,4,0,0,1,1,6,2,45,7,1995,1,7,-1,-1,-1
20154100B0023,2,20,0,2,0,0,0,0,0,0,2,1,1,1,27,6,7146,2,7,-1,-1,-1
20154100B0024,1,9,0,18,0,1,0,0,0,0,1,1,3,1,42,7,-1,-1,-1,-1,1,-1
20154100B0024,2,9,0,3,0,1,0,0,0,0,2,1,6,1,33,6,1229,1,3,-1,1,-1
20154100B0024,3,9,0,3,0,1,0,0,0,0,2,1,3,2,46,8,1598,1,5,-1,1,-1
20154100B0024,4,19,0,10,0,1,0,0,0,0,2,1,1,1,-1,-1,2198,2,1,-1,1,-1
20154100B0025,1,9,0,1,0,6,0,0,0,0,2,1,6,2,33,6,1796,1,3,-1,1,-1
20154100B0025,2,9,0,18,0,8,0,0,0,0,4,1,6,1,58,9,1229,1,7,-1,1,-1
20154100B0027,1,9,0,17,0,0,1,0,1,10,3,1,6,2,28,6,-1,-1,-1,-1,1,-1
20154100B0028,1,9,0,1,0,5,0,0,0,0,2,1,6,3,-1,-1,-1,-1,-1,-1,-1,-1
20154100B0030,1,9,0,9,0,6,0,0,0,0,1,1,6,1,53,8,-1,-1,-1,-1,1,-1
20154100B0030,2,9,0,10,0,8,0,0,0,0,3,1,6,1,27,6,1598,1,9,-1,3,-1
20154100B0032,1,9,0,9,0,5,0,0,0,0,4,1,6,2,34,6,-1,-1,-1,-1,1,-1
20154100B0032,2,9,0,18,0,8,0,0,1,0,1,1,6,2,36,7,1984,1,8,-1,2,-1
20154100B0035,1,9,0,18,0,0,0,0,0,0,4,1,3,2,37,7,1560,2,7,-1,-1,-1
20154100B0036,1,9,0,18,0,8,0,0,0,0,1,1,6,3,-1,-1,1560,2,10,-1,-1,-1
20154100B0036,2,9,0,18,0,8,0,0,0,0,2,1,6,2,45,7,1796,1,8,-1,2,-1
20154100B0037,1,9,0,18,0,0,0,0,4,2,4,1,6,1,25,5,-1,-1,-1,-1,1,-1
20154100B0039,1,2,0,18,0,1,0,0,0,0,1,1,6,1,17,4,49,1,2,-1,1,-1
20154100B0039,2,9,0,10,0,1,0,0,0,0,2,1,6,2,55,8,1956,2,5,-1,1,-1
20154100B0043,1,9,0,4,0,0,0,0,0,0,2,1,6,2,19,4,-1,-1,-1,-1,1,-1
20154100B0043,2,9,0,4,0,0,0,0,0,0,1,1,6,2,41,7,1984,1,5,-1,2,-1
20154100B0052,1,9,0,1,9,6,0,0,0,0,2,1,1,1,30,6,-1,-1,-1,-1,-1,-1
20154100B0058,1,9,0,9,0,6,0,0,0,0,3,1,6,2,17,4,999,1,1,-1,-1,-1
20154100B0058,2,21,0,18,0,8,0,0,0,0,1,1,1,1,48,8,-1,-1,-1,-1,2,-1
20154100B0064,1,9,0,5,0,4,0,0,0,0,1,1,2,2,28,6,1242,1,5,-1,1,-1
20154100B0064,2,9,0,5,0,4,0,0,0,0,1,1,2,1,37,7,-1,-1,-1,-1,1,-1
20154100B0065,1,9,0,18,0,0,0,0,0,0,1,1,1,2,32,6,1596,1,16,-1,1,-1
20154100B0070,1,9,0,18,0,0,0,0,0,0,0,1,6,2,39,7,-1,-1,-1,-1,1,-1
20154100B0070,2,16,5,18,0,0,0,0,1,11,0,1,6,1,30,6,-1,-1,-1,-1,1,-1
20154100B0073,1,19,0,13,0,0,0,0,0,0,3,1,1,1,32,6,-1,-1,-1,-1,1,-1
20154100B0073,2,8,0,18,0,0,0,10,0,0,4,1,1,1,42,7,1998,2,8,-1,1,-1
20154100B0073,3,9,0,18,0,0,0,0,2,0,3,1,6,1,37,7,1753,2,9,-1,1,-1
20154100B0079,1,9,0,18,0,0,1,0,0,0,0,1,6,2,24,5,1242,1,4,-1,3,-1
20154100B0079,2,3,0,18,0,0,0,0,0,0,0,1,6,1,23,5,125,1,-1,-1,1,-1
20154100B0080,1,9,0,9,0,5,0,0,0,0,1,1,6,2,67,10,1749,1,11,-1,1,-1
20154100B0081,1,9,0,5,0,6,0,0,0,0,1,1,3,2,32,6,1968,2,1,-1,1,-1
20154100B0081,2,9,0,18,0,8,1,0,0,0,4,1,6,2,40,7,1560,2,1,-1,1,-1
20154100B0083,1,9,0,9,0,5,0,0,0,0,3,1,6,1,55,8,2720,2,8,-1,3,-1
20154100B0083,2,4,0,14,0,1,1,0,1,10,1,1,1,1,19,4,125,1,5,-1,1,-1
20154100B0084,1,1,0,7,0,6,1,0,0,0,0,1,1,1,36,7,-1,-1,-1,-1,1,-1
20154100B0085,1,9,0,18,0,0,0,0,0,0,1,1,6,1,77,11,1329,1,3,-1,1,-1
20154100B0086,1,8,0,18,0,2,0,0,0,0,1,1,6,1,23,5,-1,-1,-1,-1,-1,-1
20154100B0087,1,9,0,9,0,6,0,0,0,0,3,1,1,1,30,6,-1,-1,-1,-1,-1,-1
20154100B0087,2,20,0,18,0,8,0,0,0,0,1,1,1,1,57,9,-1,-1,-1,-1,1,-1
20154100B0088,1,19,0,18,0,0,0,0,0,0,1,1,6,1,28,6,1248,2,1,-1,3,-1
20154100B0089,1,9,0,9,0,5,0,0,0,0,0,1,6,1,48,8,2143,2,3,-1,1,-1
20154100B0089,2,9,0,18,0,8,0,0,1,0,1,1,2,1,30,6,1363,2,10,-1,1,-1
20154100B0089,3,9,0,3,0,1,0,0,0,0,3,1,3,2,29,6,4511,1,11,-1,1,-1
20154100B0090,1,9,0,5,0,6,0,0,0,0,1,1,2,1,68,10,2461,2,6,-1,1,-1
20154100B0090,2,9,0,18,0,8,5,0,7,9,4,1,2,1,18,4,-1,-1,-1,-1,1,-1
20154100B0094,1,9,0,5,0,1,0,0,0,0,1,1,6,1,60,9,-1,-1,-1,-1,-1,-1
20154100B0099,1,9,0,18,0,0,1,0,0,0,1,1,6,1,34,6,1798,1,8,-1,1,-1
20154100B0099,2,9,0,4,0,0,0,0,0,0,2,1,6,1,72,10,1328,1,10,-1,1,-1
20154100B0104,1,9,0,9,0,6,0,0,0,0,3,1,6,2,69,10,1397,1,12,-1,1,-1
20154100B0104,2,9,0,18,0,8,0,0,0,0,1,1,6,2,36,7,1998,1,10,-1,1,-1
20154100B0105,1,9,0,2,0,0,0,0,0,0,2,1,2,1,27,6,2500,2,21,-1,3,-1
20154100B0105,2,9,0,18,0,0,5,4,0,0,1,1,6,1,89,11,-1,-1,-1,-1,3,-1
20154100B0106,1,9,0,18,0,0,2,0,7,10,4,1,6,1,20,4,1298,1,16,-1,1,-1
20154100B0106,2,9,0,18,0,0,0,0,0,0,1,1,1,1,58,9,1995,2,2,-1,1,-1
20154100B0107,1,9,0,16,0,2,2,10,7,10,4,1,6,1,38,7,1994,1,10,-1,1,-1
20154100B0108,1,9,0,18,0,0,0,0,0,0,1,1,6,1,19,4,1598,1,12,-1,1,-1
20154100B0110,1,9,0,18,0,1,0,0,0,0,1,1,6,3,-1,-1,-1,-1,-1,-1,-1,-1
20154100B0113,1,8,0,18,0,8,0,0,0,0,1,1,1,1,40,7,1910,2,8,-1,-1,-1
20154100B0113,2,1,0,18,0,8,0,0,0,0,2,1,6,1,25,5,-1,-1,-1,-1,1,-1
20154100B0114,1,2,0,16,0,1,1,0,0,0,2,1,6,1,16,4,49,1,7,-1,1,-1
20154100B0114,2,9,0,16,0,1,0,0,0,0,1,1,6,3,-1,-1,-1,-1,-1,-1,-1,-1
20154100B0120,1,9,0,9,0,5,0,0,0,0,1,1,2,2,21,5,-1,-1,-1,-1,1,-1
20154100B0120,2,9,0,18,0,8,0,0,0,0,1,1,2,2,34,6,-1,-1,-1,-1,1,-1
20154100B0122,1,9,0,9,0,6,0,0,0,0,1,1,1,1,68,10,-1,-1,-1,-1,1,-1
20154100B0122,2,9,0,18,0,8,0,0,0,0,3,1,6,2,29,6,1598,1,14,-1,1,-1
20154100B0124,1,19,0,13,0,0,0,0,0,0,4,1,1,2,40,7,2998,2,7,-1,1,-1
20154100B0124,2,1,0,16,0,0,0,0,0,0,3,1,6,1,68,10,-1,-1,-1,-1,-1,-1
20154100B0127,1,9,0,18,0,1,0,0,0,0,1,1,6,1,25,5,1390,1,11,-1,-1,-1
20154100B0127,2,8,0,8,0,1,0,0,0,0,2,1,1,1,33,6,1968,2,3,-1,1,-1
20154100B0128,1,9,0,5,0,4,0,0,0,0,1,1,6,1,30,6,1229,1,9,-1,2,-1
20154100B0128,2,9,0,18,0,8,0,0,0,0,4,1,6,1,35,6,1560,2,11,-1,1,-1
20154100B0134,1,11,0,5,3,0,0,0,0,0,4,1,1,1,65,9,6370,2,9,-1,1,-1
20154100B0137,1,9,0,16,0,0,1,0,7,9,1,1,2,2,28,6,1199,1,13,-1,1,-1
20154100B0140,1,9,0,18,0,8,0,0,0,0,4,1,6,2,45,7,1339,1,10,-1,1,-1
20154100B0141,1,5,0,18,0,3,0,0,0,0,3,1,2,1,55,8,745,1,1,-1,1,-1
20154100B0145,1,4,0,14,0,8,0,0,0,0,1,1,6,1,60,9,1200,1,14,-1,3,-1
20154100B0145,2,9,0,9,0,6,0,0,0,0,3,1,6,1,19,4,-1,-1,-1,-1,1,-1
20154100B0148,1,9,0,7,0,6,0,0,0,0,0,1,6,3,-1,-1,-1,-1,-1,-1,-1,-1
20154100B0148,2,8,0,18,0,8,0,10,1,2,1,1,3,1,59,9,1896,2,8,-1,1,-1
20154100B0150,1,9,0,18,0,0,0,0,0,0,4,1,6,1,56,9,1591,1,3,-1,1,-1
20154100B0152,1,9,0,18,0,0,0,0,0,0,1,1,6,2,19,4,999,1,1,-1,1,-1
20154100B0159,1,9,0,18,0,8,1,0,0,0,1,1,6,2,19,4,1339,1,12,-1,1,-1
20154100B0159,2,9,0,18,0,8,0,9,0,0,3,1,6,2,23,5,1596,1,12,-1,1,-1
20154100B0164,1,8,0,18,0,0,0,0,0,0,1,1,1,1,55,8,1910,2,5,-1,1,-1
20154100B0173,1,9,0,17,0,0,1,0,8,4,1,1,6,1,20,4,-1,-1,-1,-1,1,-1
20154100B0177,1,9,0,18,0,0,2,0,1,9,4,1,6,1,46,8,-1,-1,-1,-1,1,-1
20154100B0179,1,19,0,1,0,2,0,0,0,0,2,1,6,1,45,7,2198,2,7,-1,-1,-1
20154100B0179,2,9,0,4,0,2,0,0,0,0,1,1,1,1,29,6,1248,2,1,-1,1,-1
20154100B0181,1,19,0,18,0,0,0,0,0,0,1,1,6,1,30,6,1753,2,9,-1,1,-1
20154100B0181,2,3,0,3,0,0,0,0,0,0,2,1,6,2,60,9,-1,-1,-1,-1,1,-1
20154100B0189,1,9,0,18,0,4,0,0,0,0,1,1,6,1,40,7,1364,1,6,-1,1,-1
20154100B0189,2,1,0,18,0,8,0,0,0,0,4,1,6,1,26,6,-1,-1,-1,-1,1,-1
20154100B0197,1,9,0,13,0,0,0,7,0,2,1,1,6,1,85,11,-1,-1,-1,-1,1,-1
20154100B0198,1,19,0,18,0,6,1,0,3,4,1,1,6,1,24,5,-1,-1,-1,-1,1,-1
20154100B0198,2,19,0,18,0,8,1,0,7,4,4,1,6,1,64,9,1995,2,7,-1,1,-1
20154100B0200,1,9,0,11,0,8,0,0,0,0,1,1,6,2,30,6,1390,1,13,-1,-1,-1
20154100B0200,2,9,0,5,0,4,0,0,1,0,3,1,6,2,34,6,1598,1,13,-1,1,-1
20154100B0201,1,9,0,5,0,3,0,0,0,0,4,1,6,2,45,7,1364,1,9,-1,1,-1
20154100B0202,1,9,0,16,0,0,0,0,1,9,3,1,6,1,23,5,1398,1,2,-1,1,-1
20154100B0202,2,11,0,17,0,0,0,0,0,0,3,1,1,1,45,7,6370,2,9,-1,1,-1
20154100B0206,1,1,0,18,9,1,0,0,0,0,1,1,6,1,30,6,-1,-1,-1,-1,-1,-1
20154100B0208,1,9,0,18,0,8,0,0,0,0,1,1,2,2,34,6,1582,2,2,-1,2,-1
20154100B0208,2,1,0,18,0,8,0,0,0,0,2,1,2,1,28,6,-1,-1,-1,-1,-1,-1
20154100B0213,1,9,0,3,0,1,0,0,0,0,2,1,2,1,62,9,1586,1,1,-1,1,-1
20154100B0213,2,4,0,5,0,1,0,0,0,0,1,1,2,1,44,7,124,1,9,-1,3,-1
20154100B0219,1,9,0,9,0,6,0,0,0,0,3,1,6,2,45,7,-1,-1,-1,-1,-1,-1
20154100B0220,1,3,0,18,0,0,0,0,0,0,0,1,6,1,23,5,124,1,11,-1,1,-1
20154100B0224,1,19,0,5,9,6,5,0,0,0,1,1,6,1,40,7,1560,2,2,-1,-1,-1
20154100B0225,1,9,0,18,0,1,1,0,0,0,1,1,6,1,-1,-1,3000,2,6,-1,1,-1
20154100B0225,2,9,0,3,0,1,0,0,0,0,2,1,6,1,44,7,1560,2,6,-1,1,-1
20154100B0228,1,9,0,14,0,2,5,4,0,0,1,1,6,2,18,4,1197,1,2,-1,-1,-1
20154100B0228,2,9,0,2,0,1,0,0,0,0,1,1,6,3,-1,-1,1896,2,5,-1,-1,-1
20154100B0234,1,2,0,18,0,0,0,10,1,0,4,1,6,1,16,4,49,1,14,-1,1,-1
20154100B0252,1,2,0,18,0,8,0,0,0,0,1,1,2,1,31,6,125,1,2,-1,1,-1
20154100B0252,2,9,0,7,0,3,0,0,0,0,4,1,2,1,36,7,1998,1,12,-1,1,-1
20154100B0254,1,9,0,6,0,2,0,0,0,0,3,1,6,2,42,7,1598,1,5,-1,1,-1
20154100B0254,2,9,0,18,0,2,0,0,0,0,1,1,6,1,20,4,799,2,5,-1,1,-1
20154100B0256,1,9,0,7,0,6,1,0,0,0,1,1,6,1,75,10,1229,1,10,-1,1,-1
20154100B0256,2,9,0,18,0,8,1,0,0,0,1,1,6,1,79,11,1242,1,11,-1,1,-1
20154100B0267,1,9,0,13,0,1,0,0,0,0,0,1,6,3,-1,-1,-1,-1,-1,-1,-1,-1
20154100B0267,2,5,0,18,0,1,0,0,0,0,1,1,6,2,20,4,-1,-1,-1,-1,1,-1
20154100B0267,3,9,0,18,0,1,0,0,0,0,2,1,6,3,-1,-1,-1,-1,-1,-1,-1,-1
20154100B0269,1,9,0,1,0,2,0,0,0,0,2,1,6,1,24,5,1598,2,5,-1,1,-1
20154100B0280,1,9,0,18,0,3,0,0,0,0,3,1,6,2,28,6,-1,-1,-1,-1,1,-1
20154100B0280,2,1,0,11,0,3,0,0,0,0,4,1,1,2,33,6,-1,-1,-1,-1,1,-1
20154100B0287,1,9,0,9,0,6,0,0,0,0,3,1,6,2,24,5,996,1,4,-1,1,-1
20154100B0287,2,9,0,3,0,1,0,0,0,0,1,1,2,1,41,7,1968,2,2,-1,2,-1
20154100B0287,3,9,0,18,0,8,1,0,0,0,1,1,6,2,31,6,1392,1,16,-1,1,-1
20154100B0289,1,9,0,9,0,8,0,0,0,0,1,1,6,2,25,5,1229,1,4,-1,1,-1
20154100B0289,2,9,0,18,0,4,0,0,0,0,1,1,6,2,77,11,1390,1,11,-1,1,-1
20154100B0302,1,9,0,12,0,8,1,0,3,1,1,1,6,2,29,6,1781,1,11,-1,1,-1
20154100B0302,2,9,0,18,0,8,0,0,0,0,4,1,6,2,41,7,1997,2,3,-1,1,-1
20154100B0305,1,9,0,4,9,8,0,0,0,0,1,1,3,2,-1,-1,1587,1,7,-1,1,-1
20154100B0307,1,1,0,7,9,8,0,0,0,0,1,1,6,2,14,3,-1,-1,-1,-1,1,-1