Accident_Index,Vehicle_Reference,Vehicle_Type,Towing_and_Articulation,Vehicle_Manoeuvre,Vehicle_Location-Restricted_Lane,Junction_Location,Skidding_and_Overturning,Hit_Object_in_Carriageway,Vehicle_Leaving_Carriageway,Hit_Object_off_Carriageway,1st_Point_of_Impact,Was_Vehicle_Left_Hand_Drive?,Journey_Purpose_of_Driver,Sex_of_Driver,Age_of_Driver,Age_Band_of_Driver,Engine_Capacity_(CC),Propulsion_Code,Age_of_Vehicle,Driver_IMD_Decile,Driver_Home_Area_Type,Vehicle_IMD_Decile
20154100C1220,2,11,0,18,0,8,0,0,0,0,4,1,1,1,50,8,6871,2,8,-1,1,-1
20154100C1221,1,9,0,18,0,0,0,0,0,0,3,1,2,1,50,8,1968,2,1,-1,1,-1
20154100C1222,1,9,0,16,0,0,1,10,1,0,3,1,6,1,20,4,1390,1,11,-1,1,-1
20154100C1223,1,9,0,7,0,5,0,0,0,0,4,1,6,1,54,8,1995,2,2,-1,1,-1
20154100C1223,2,97,0,15,0,8,0,0,0,0,1,1,6,1,20,4,125,1,-1,-1,1,-1
20154100C1225,1,9,0,18,0,2,0,0,0,0,4,1,6,1,26,6,2179,2,3,-1,-1,-1
20154100C1225,2,20,0,2,0,2,0,0,0,0,0,1,1,1,49,8,6370,2,2,-1,1,-1
20154100C1226,1,20,0,18,0,0,0,0,0,0,4,1,6,3,-1,-1,-1,-1,-1,-1,-1,-1
20154100C1227,1,9,0,18,0,8,0,0,0,0,1,1,6,1,19,4,1422,2,13,-1,1,-1
20154100C1227,2,9,0,9,0,5,0,0,0,0,4,1,6,2,26,6,1998,1,13,-1,1,-1
20154100C1231,1,97,0,14,0,8,0,0,0,0,1,1,6,1,25,5,471,1,-1,-1,1,-1
20154100C1231,2,1,0,5,0,8,0,0,0,0,2,1,6,1,12,3,-1,-1,-1,-1,1,-1
20154100C1232,1,19,0,18,0,1,0,0,0,0,1,1,1,1,45,7,-1,-1,-1,-1,1,-1
20154100C1232,2,9,0,3,0,1,0,0,0,0,2,1,6,2,22,5,1395,1,-1,-1,1,-1
20154100C1232,3,9,0,3,0,1,0,0,0,0,2,1,6,1,40,7,2997,1,8,-1,1,-1
20154100C1235,1,9,0,9,0,5,0,0,0,0,1,1,6,1,40,7,1997,2,3,-1,1,-1
20154100C1355,1,9,0,11,0,0,0,0,0,0,2,1,6,1,-1,-1,-1,-1,-1,-1,-1,-1
20154100C1355,2,11,0,18,0,0,1,0,0,0,1,1,1,1,60,9,-1,-1,-1,-1,-1,-1
20154100D0010,1,9,0,18,0,0,0,0,0,0,4,1,6,1,70,10,-1,-1,-1,-1,-1,-1
20154100D0016,1,9,0,9,9,2,0,0,0,0,0,1,1,1,41,7,-1,-1,-1,-1,1,-1
20154100D0016,2,1,0,18,9,1,0,0,0,0,0,1,6,1,16,4,-1,-1,-1,-1,1,-1
20154100D0017,1,9,0,1,0,0,0,0,0,0,2,1,6,1,20,4,1995,2,7,-1,-1,-1
20154100D0017,2,9,0,3,0,0,0,0,0,0,1,1,1,1,44,7,1248,2,2,-1,1,-1
20154100D0018,1,9,0,18,0,4,0,0,0,0,3,1,6,1,83,11,1386,1,6,-1,1,-1
20154100D0018,2,9,0,9,0,8,0,0,0,0,1,1,6,2,55,8,1596,1,13,-1,1,-1
20154100D0025,1,9,0,1,0,6,0,0,0,0,4,1,6,1,31,6,1995,2,14,-1,1,-1
20154100D0025,2,1,0,1,0,6,0,0,0,0,1,1,3,1,49,8,-1,-1,-1,-1,1,-1
20154100D0025,3,1,0,18,0,8,0,0,0,0,1,1,3,1,58,9,-1,-1,-1,-1,1,-1
20154100D0026,1,9,0,18,0,0,0,0,0,0,1,1,1,1,48,8,1956,2,4,-1,1,-1
20154100D0026,2,9,0,3,0,0,0,0,0,0,2,1,1,1,48,8,-1,-1,-1,-1,2,-1
20154100D0026,3,9,0,3,0,0,0,0,0,0,2,1,1,2,37,7,2494,1,11,-1,1,-1
20154100D0026,4,9,0,3,0,0,0,0,0,0,2,1,1,1,42,7,-1,-1,-1,-1,1,-1
20154100D0028,1,9,0,9,0,5,1,0,0,0,1,1,6,1,24,5,1242,1,3,-1,3,-1
20154100D0028,2,9,0,18,0,8,5,0,0,0,1,1,6,1,35,6,-1,-1,-1,-1,2,-1
20154100D0036,1,9,0,18,0,8,0,0,0,0,1,1,2,1,70,10,1493,2,6,-1,1,-1
20154100D0036,2,9,0,3,0,8,0,0,0,0,2,1,2,1,47,8,-1,-1,-1,-1,1,-1
20154100D0039,1,9,0,18,0,8,0,0,0,0,1,1,2,2,27,6,1399,1,6,-1,1,-1
20154100D0039,2,9,0,9,0,8,0,0,0,0,4,1,6,1,20,4,-1,-1,-1,-1,1,-1
20154100D0042,1,9,0,18,0,0,0,0,0,0,1,1,2,1,25,5,1582,2,1,-1,2,-1
20154100D0042,2,9,0,5,0,0,0,0,0,0,2,1,2,1,30,6,-1,-1,-1,-1,-1,-1
20154100D0042,3,9,0,5,0,0,0,0,0,0,2,1,3,2,-1,-1,-1,-1,-1,-1,-1,-1
20154100D0043,1,9,0,9,0,5,0,0,0,0,1,1,6,2,31,6,1364,1,1,-1,1,-1
20154100D0043,2,9,0,18,0,8,0,0,1,1,1,1,6,1,57,9,-1,-1,-1,-1,1,-1
20154100D0044,1,2,0,18,0,3,1,0,0,0,0,1,6,1,17,4,49,1,2,-1,1,-1
20154100D0054,1,9,0,18,0,8,0,0,0,0,4,1,6,2,19,4,1598,1,11,-1,-1,-1
20154100D0054,2,9,0,5,0,6,0,0,0,0,1,1,6,1,18,4,-1,-1,-1,-1,1,-1
20154100D0055,1,9,0,9,0,0,0,0,0,0,1,1,6,1,73,10,-1,-1,-1,-1,2,-1
20154100D0055,2,3,0,18,0,0,0,0,0,0,1,1,6,1,16,4,49,1,12,-1,-1,-1
20154100D0058,1,9,0,18,0,0,0,0,0,0,4,1,6,3,-1,-1,-1,-1,-1,-1,-1,-1
20154100D0064,1,19,0,4,0,0,0,0,0,0,1,1,1,1,46,8,-1,-1,-1,-1,1,-1
20154100D0064,2,9,0,3,0,0,0,0,0,0,2,1,2,1,27,6,1956,2,5,-1,-1,-1
20154100D0064,3,9,0,3,0,0,0,0,0,0,2,1,2,1,53,8,1998,1,10,-1,1,-1
20154100D0065,1,19,0,7,0,5,0,0,7,0,1,1,1,1,44,7,1248,2,5,-1,1,-1
20154100D0068,1,9,0,7,0,5,0,0,0,0,3,1,6,2,78,11,998,1,7,-1,1,-1
20154100D0068,2,1,0,18,0,1,0,0,0,0,3,1,6,1,17,4,-1,-1,-1,-1,1,-1
20154100D0071,1,2,0,9,0,6,1,0,0,0,1,1,6,1,19,4,125,1,1,-1,1,-1
20154100D0071,2,19,0,18,0,8,0,0,0,0,3,1,6,1,35,6,-1,-1,-1,-1,1,-1
20154100D0073,1,9,0,18,0,2,0,0,0,0,1,1,6,1,22,5,2616,1,11,-1,1,-1
20154100D0077,1,9,0,18,0,0,2,0,2,0,1,1,2,2,51,8,-1,-1,-1,-1,-1,-1
20154100D0078,1,9,0,18,0,1,0,0,0,0,1,1,6,1,52,8,2179,2,2,-1,1,-1
20154100D0078,2,9,0,4,0,1,0,0,0,0,2,1,6,2,41,7,1968,2,2,-1,1,-1
20154100D0078,3,9,0,4,0,8,0,0,0,0,2,1,6,1,24,5,-1,-1,-1,-1,1,-1
20154100D0079,1,9,0,18,0,0,0,0,0,0,1,1,6,1,71,10,1596,1,12,-1,-1,-1
20154100D0079,2,9,0,18,0,0,0,0,0,0,1,1,6,1,39,7,-1,-1,-1,-1,2,-1
20154100D0084,1,9,0,18,0,3,1,0,1,11,1,1,6,2,21,5,-1,-1,-1,-1,1,-1
20154100D0087,1,9,0,16,0,0,1,6,0,0,1,1,1,1,39,7,1248,2,3,-1,-1,-1
20154100D0088,1,9,0,18,0,0,0,0,0,0,1,1,6,1,19,4,1999,1,10,-1,1,-1
20154100D0088,2,3,0,18,0,0,0,0,0,0,2,1,2,2,50,8,-1,-1,-1,-1,1,-1
20154100D0089,1,9,0,13,0,1,1,0,0,0,4,1,6,1,21,5,-1,-1,-1,-1,-1,-1
20154100D0089,2,9,0,18,0,1,0,0,0,0,3,1,6,1,33,6,-1,-1,-1,-1,1,-1
20154100D0090,1,9,0,4,0,6,0,0,0,0,4,1,6,2,21,5,2149,2,8,-1,1,-1
20154100D0090,2,9,0,5,0,8,0,0,0,0,1,1,6,1,92,11,-1,-1,-1,-1,1,-1
20154100D0093,1,9,0,18,0,8,0,0,0,0,3,1,6,1,46,8,1299,1,10,-1,1,-1
20154100D0093,2,9,0,9,0,8,0,0,0,0,1,1,6,1,18,4,1910,2,9,-1,1,-1
20154100D0096,1,9,0,5,0,2,0,0,0,0,2,1,6,2,-1,-1,1598,2,2,-1,-1,-1
20154100D0098,1,9,0,18,0,8,0,0,0,0,1,1,6,2,32,6,-1,-1,-1,-1,1,-1
20154100D0098,2,17,4,18,0,4,0,0,0,0,1,1,6,1,38,7,4400,2,3,-1,-1,-1
20154100D0099,1,9,0,16,0,0,1,0,0,0,4,1,2,1,42,7,2993,2,5,-1,3,-1
20154100D0099,2,9,0,17,0,0,1,0,0,0,1,1,6,2,26,6,-1,-1,-1,-1,1,-1
20154100D0105,1,1,0,18,0,0,0,0,1,0,3,1,1,1,13,3,-1,-1,-1,-1,1,-1
20154100D0105,2,9,0,18,0,0,0,0,0,0,1,1,2,2,39,7,-1,-1,-1,-1,1,-1
20154100D0110,1,19,0,18,0,1,0,0,0,0,1,1,6,1,46,8,1896,2,11,-1,1,-1
20154100D0111,1,9,0,5,9,6,0,0,0,0,1,1,2,2,30,6,1242,1,2,-1,1,-1
20154100D0112,1,19,0,3,0,2,0,0,0,0,2,1,1,1,28,6,2198,2,1,-1,1,-1
20154100D0112,2,19,0,4,0,2,0,0,0,0,1,1,6,3,-1,-1,-1,-1,-1,-1,-1,-1
20154100D0114,1,19,0,9,0,6,0,0,0,0,1,1,1,1,21,5,-1,-1,-1,-1,1,-1
20154100D0114,2,9,0,18,0,8,0,0,0,0,4,1,2,1,61,9,998,1,1,-1,1,-1
20154100D0114,3,19,0,10,0,1,0,0,0,0,3,1,1,1,33,6,2143,2,3,-1,1,-1
20154100D0118,1,8,0,13,0,1,0,0,0,0,4,1,1,1,27,6,1896,2,12,-1,1,-1
20154100D0118,2,19,0,5,0,1,0,0,0,0,3,1,1,1,21,5,1968,2,1,-1,-1,-1
20154100D0123,1,9,0,9,0,5,0,0,0,0,2,1,6,2,44,7,1685,2,3,-1,3,-1
20154100D0123,2,5,0,18,0,8,0,0,0,0,1,1,6,1,36,7,748,1,9,-1,3,-1
20154100D0125,1,19,0,13,0,0,1,0,0,0,1,1,6,1,35,6,1997,2,11,-1,1,-1
20154100D0125,2,1,0,18,0,0,0,0,0,0,2,1,6,1,50,8,-1,-1,-1,-1,1,-1
20154100D0125,3,9,0,18,0,0,0,0,0,0,0,1,6,2,56,9,2199,2,5,-1,1,-1
20154100D0126,1,9,0,18,0,0,0,0,0,0,3,1,6,1,-1,-1,2993,2,5,-1,2,-1
20154100D0126,2,9,0,3,0,0,0,0,0,0,3,1,6,2,70,10,1595,1,14,-1,3,-1
20154100D0127,1,9,0,9,0,6,0,0,0,0,1,1,2,2,40,7,-1,-1,-1,-1,1,-1
20154100D0127,2,9,0,18,0,8,0,0,0,0,3,1,6,2,27,6,1997,2,5,-1,1,-1
20154100D0129,1,9,0,18,0,1,0,0,0,0,1,1,6,2,25,5,1229,1,5,-1,1,-1
20154100D0129,2,9,0,5,0,1,0,0,0,0,1,1,6,3,-1,-1,-1,-1,-1,-1,-1,-1
20154100D0135,1,9,0,18,0,1,0,0,3,0,0,1,6,2,83,11,-1,-1,-1,-1,1,-1
20154100D0137,1,4,0,18,0,8,1,0,0,0,4,1,2,1,56,9,124,1,4,-1,1,-1
20154100D0137,2,9,0,5,0,6,0,0,0,0,1,1,2,2,28,6,-1,-1,-1,-1,1,-1
20154100D0140,1,9,0,15,0,0,0,0,0,0,1,1,6,1,85,11,1248,1,4,-1,3,-1
20154100D0140,2,9,0,18,0,0,0,0,0,0,1,1,6,1,39,7,1490,1,7,-1,2,-1
20154100D0142,1,9,0,6,0,2,0,0,0,0,4,1,6,1,80,11,-1,-1,-1,-1,1,-1
20154100D0147,1,9,0,15,0,0,0,0,0,0,4,1,6,2,46,8,-1,-1,-1,-1,1,-1
20154100D0147,2,11,0,3,0,0,0,0,0,0,0,1,1,1,29,6,7300,2,2,-1,1,-1
20154100D0156,1,3,0,14,0,0,0,0,0,0,1,1,6,2,30,6,49,1,12,-1,2,-1
20154100D0156,2,9,0,14,0,0,0,0,0,0,2,1,6,1,37,7,-1,-1,-1,-1,-1,-1
20154100D0164,1,9,0,18,0,1,0,0,0,0,1,1,6,2,52,8,-1,-1,-1,-1,-1,-1
20154100D0164,2,9,0,4,0,1,0,0,0,0,2,1,2,1,28,6,-1,-1,-1,-1,1,-1
20154100D0173,1,9,0,9,0,6,0,0,0,0,3,1,1,1,28,6,1598,2,2,-1,1,-1
20154100D0173,2,9,0,18,0,8,0,0,0,0,1,1,1,1,24,5,1598,1,10,-1,1,-1
20154100D0174,1,3,0,5,0,6,0,0,0,0,1,1,6,1,50,8,99,1,7,-1,1,-1
20154100D0174,2,9,0,18,0,8,0,0,0,0,1,1,6,1,21,5,1229,1,10,-1,1,-1
20154100D0176,1,9,0,18,0,0,0,0,0,0,1,1,1,2,57,9,996,1,1,-1,1,-1
20154100D0177,1,8,0,4,0,0,1,0,1,7,1,1,1,1,37,7,1996,2,8,-1,1,-1
20154100D0177,2,9,0,4,0,0,0,0,0,0,2,1,6,1,69,10,-1,-1,-1,-1,1,-1
20154100D0178,1,9,0,9,0,5,0,0,0,0,1,1,6,1,22,5,1398,1,4,-1,1,-1
20154100D0178,2,9,0,18,0,8,0,0,0,0,1,1,6,1,24,5,-1,-1,-1,-1,1,-1
20154100D0178,3,9,0,18,0,1,0,0,0,0,1,1,6,1,33,6,1781,1,17,-1,1,-1
20154100D0184,1,9,0,9,0,6,0,0,0,0,3,1,6,1,19,4,1360,1,3,-1,1,-1
20154100D0184,2,9,0,18,0,8,0,0,0,0,1,1,6,1,71,10,1870,2,12,-1,1,-1
20154100D0187,1,19,0,18,0,1,0,0,0,0,1,1,1,1,34,6,2499,2,1,-1,-1,-1
20154100D0187,2,9,0,10,0,1,0,0,0,0,2,1,1,2,68,10,1598,1,6,-1,1,-1
20154100D0187,3,9,0,18,0,1,0,0,0,0,1,1,1,1,55,8,-1,-1,-1,-1,1,-1
20154100D0197,1,9,0,9,0,5,0,0,0,0,1,1,2,2,-1,-1,1598,1,4,-1,-1,-1
20154100D0197,2,9,0,4,0,1,0,0,0,0,2,1,2,1,-1,-1,2199,2,4,-1,1,-1
20154100D0197,3,9,0,4,0,1,0,0,0,0,1,1,2,1,-1,-1,1199,1,11,-1,1,-1
20154100D0199,1,4,0,4,0,2,1,0,0,0,1,1,2,1,22,5,124,1,2,-1,1,-1
20154100D0199,2,9,0,3,0,2,0,0,0,0,2,1,6,2,30,6,-1,-1,-1,-1,1,-1
20154100D0199,3,9,0,10,0,2,0,0,0,0,0,1,6,2,40,7,-1,-1,-1,-1,-1,-1
20154100D0206,1,8,0,18,0,0,0,0,0,0,1,1,1,1,37,7,1995,2,11,-1,1,-1
20154100D0209,1,9,0,18,0,8,0,0,0,0,4,1,6,2,48,8,998,1,1,-1,1,-1
20154100D0210,1,21,1,12,0,0,0,0,0,0,3,2,1,1,32,6,-1,-1,-1,-1,-1,-1
20154100D0210,2,9,0,18,0,0,1,0,1,0,4,1,6,2,38,7,-1,-1,-1,-1,1,-1
20154100D0213,1,9,0,18,0,0,0,0,0,0,1,1,6,2,31,6,1796,1,16,-1,1,-1
20154100D0213,2,9,0,3,0,0,0,0,0,0,2,1,6,1,41,7,-1,-1,-1,-1,1,-1
20154100D0220,1,9,0,7,0,1,0,0,0,0,4,1,6,2,75,10,-1,-1,-1,-1,1,-1
20154100D0220,2,1,0,18,0,1,0,0,0,0,1,1,6,1,17,4,-1,-1,-1,-1,1,-1
20154100D0221,1,9,0,4,0,8,1,0,6,0,1,1,6,2,41,7,1598,2,5,-1,2,-1
20154100D0221,2,9,0,5,0,8,0,0,0,0,3,1,1,2,53,8,1386,1,11,-1,3,-1
20154100D0223,1,9,0,9,0,6,0,0,0,0,3,1,6,1,21,5,-1,-1,-1,-1,-1,-1
20154100D0223,2,9,0,18,0,8,0,0,0,0,1,1,6,2,18,4,1242,1,6,-1,1,-1
20154100D0224,1,19,0,18,0,0,1,0,0,0,1,1,1,1,24,5,2298,2,4,-1,1,-1
20154100D0224,2,9,0,4,0,0,0,0,0,0,1,1,3,2,42,7,-1,-1,-1,-1,3,-1
20154100D0226,1,9,0,4,0,1,0,0,0,0,1,1,6,1,18,4,1299,1,13,-1,1,-1
20154100D0226,2,9,0,3,0,1,0,0,0,0,2,1,6,2,75,10,1339,1,5,-1,1,-1
20154100D0227,1,9,0,18,0,0,0,0,5,6,1,1,2,2,20,4,1199,1,12,-1,1,-1
20154100D0235,1,9,0,18,0,8,0,0,0,0,1,1,6,1,33,6,1995,2,12,-1,-1,-1
20154100D0235,2,9,0,9,0,5,0,0,0,0,4,1,6,2,46,8,1329,1,5,-1,1,-1
20154100D0240,1,9,0,18,0,0,0,0,0,0,3,1,2,1,33,6,1796,1,12,-1,1,-1
20154100D0240,2,9,0,18,0,0,0,0,0,0,3,1,2,1,49,8,-1,-1,-1,-1,3,-1
20154100D0250,1,19,0,13,0,0,0,0,0,0,4,1,6,1,30,6,-1,-1,-1,-1,-1,-1
20154100D0250,2,1,0,18,0,0,0,0,1,10,3,1,6,1,35,6,-1,-1,-1,-1,1,-1
20154100D0258,1,4,0,18,0,0,1,0,0,0,1,1,6,1,39,7,781,1,13,-1,1,-1
20154100D0258,2,9,0,18,0,0,0,0,2,10,1,1,6,2,24,5,1242,1,2,-1,1,-1
20154100D0260,1,9,0,18,0,0,0,4,0,0,1,1,6,2,33,6,998,1,14,-1,1,-1
20154100D0260,2,9,0,2,0,0,0,0,0,0,1,1,6,1,50,8,1596,1,9,-1,1,-1
20154100D0261,1,9,0,18,0,0,0,0,0,0,4,1,6,3,-1,-1,2736,1,12,-1,-1,-1
20154100D0263,1,9,0,3,0,1,0,0,0,0,2,1,6,2,40,7,1560,2,6,-1,1,-1
20154100D0263,2,9,0,5,0,1,0,0,0,0,1,1,6,2,35,6,2993,2,1,-1,3,-1
20154100D0266,1,9,0,18,0,0,0,0,1,0,4,1,6,1,22,5,1796,1,20,-1,1,-1
20154100D0270,1,4,0,18,0,8,1,0,0,0,1,1,6,1,56,9,530,1,2,-1,1,-1
20154100D0270,2,9,0,3,0,8,0,0,0,0,2,1,6,1,38,7,2495,2,14,-1,1,-1
20154100D0273,1,5,0,13,0,6,0,0,1,0,1,1,1,1,24,5,-1,-1,-1,-1,1,-1
20154100D0273,2,9,0,9,0,6,0,0,0,0,4,1,1,1,50,8,-1,-1,-1,-1,1,-1
20154100D0276,1,9,0,9,0,5,0,0,0,0,1,1,6,2,28,6,1360,1,15,-1,2,-1
20154100D0276,2,3,0,18,0,8,0,0,0,0,1,1,6,1,17,4,125,1,16,-1,1,-1
20154100D0283,1,9,0,18,0,0,5,4,0,0,1,1,6,1,83,11,2171,1,11,-1,1,-1
20154100D0283,2,19,0,18,0,0,0,0,0,0,1,1,1,1,38,7,2143,2,3,-1,3,-1
20154100D0283,3,9,0,2,0,0,0,4,0,0,4,1,6,3,-1,-1,-1,-1,-1,-1,-1,-1
20154100D0283,4,9,0,2,0,0,0,0,0,0,2,1,6,3,-1,-1,1296,1,9,-1,-1,-1
20154100D0284,1,9,0,4,0,0,0,0,0,0,1,1,2,1,20,4,1910,2,8,-1,3,-1
20154100D0284,2,9,0,1,0,0,0,0,0,0,2,1,6,3,-1,-1,1598,1,8,-1,-1,-1
20154100D0287,1,9,0,18,0,8,0,0,0,0,1,1,6,1,50,8,-1,-1,-1,-1,-1,-1
20154100D0287,2,9,0,5,0,6,0,0,0,0,3,1,6,2,27,6,1995,2,5,-1,1,-1
20154100D0289,1,9,0,18,0,5,0,0,0,0,1,1,1,1,45,7,-1,-1,-1,-1,1,-1
20154100D0289,2,1,0,18,0,8,0,0,0,0,2,1,6,1,40,7,-1,-1,-1,-1,1,-1
20154100D0292,1,9,0,13,0,0,0,0,0,0,3,1,6,1,25,5,-1,-1,-1,-1,1,-1
20154100D0292,2,5,0,13,0,0,1,0,0,0,4,1,6,1,36,7,599,1,6,-1,1,-1
20154100D0298,1,1,0,18,0,0,0,0,0,0,1,1,6,2,14,3,-1,-1,-1,-1,1,-1
20154100D0298,2,9,0,18,0,0,0,0,0,0,4,1,6,2,24,5,1598,1,2,-1,1,-1
20154100D0305,1,9,0,18,0,0,0,4,0,0,1,1,6,1,50,8,1753,2,11,-1,3,-1
20154100D0305,2,9,0,2,0,0,0,0,0,0,1,1,6,1,56,9,1339,1,10,-1,1,-1
20154100D0306,1,20,0,5,0,5,0,10,7,1,3,1,1,1,42,7,4461,2,5,-1,1,-1
20154100D0307,1,9,0,18,0,1,0,0,0,0,1,1,4,1,18,4,1299,1,13,-1,1,-1
20154100D0308,1,9,0,18,0,1,0,0,0,0,1,1,6,2,41,7,1598,1,3,-1,1,-1
20154100D0308,2,9,0,10,0,1,0,0,0,0,2,1,2,2,29,6,1598,2,1,-1,-1,-1
20154100D0311,1,5,0,4,0,1,1,0,1,1,1,1,6,1,24,5,599,1,8,-1,1,-1
20154100D0319,1,19,0,1,0,6,0,0,0,0,2,1,6,1,55,8,1995,2,1,-1,-1,-1
20154100D0319,2,9,0,18,0,8,0,0,0,0,4,1,6,2,51,8,1597,1,18,-1,1,-1
20154100D0323,1,9,0,9,0,5,0,0,0,0,4,1,1,1,35,6,1560,2,2,-1,1,-1
20154100D0323,2,97,0,18,0,8,0,0,0,0,4,1,6,1,42,7,1150,1,7,-1,3,-1
20154100D0324,1,9,0,18,0,4,0,0,0,0,4,1,6,1,28,6,-1,-1,-1,-1,1,-1
20154100D0324,2,1,0,9,0,8,0,0,0,0,1,1,6,1,40,7,-1,-1,-1,-1,1,-1
20154100D0325,1,9,0,18,0,0,0,0,0,0,1,1,6,1,39,7,1461,2,14,-1,1,-1
20154100D0325,2,9,0,3,0,0,0,0,0,0,2,1,6,2,39,7,1248,2,3,-1,1,-1
20154100D0325,3,9,0,3,0,0,0,0,0,0,2,1,6,1,29,6,1995,2,3,-1,1,-1
20154100D0326,1,9,0,10,0,1,0,0,0,0,2,1,6,2,67,10,1390,1,13,-1,1,-1
20154100D0326,2,9,0,18,0,1,1,0,0,0,1,1,6,2,69,10,1242,1,1,-1,-1,-1
20154100D0330,1,9,0,5,0,6,0,0,0,0,1,1,2,1,50,8,1796,1,13,-1,2,-1
20154100D0330,2,9,0,18,0,8,0,0,0,0,3,1,6,2,40,7,-1,-1,-1,-1,1,-1
20154100D0332,1,9,0,5,0,4,0,0,0,0,1,1,6,1,20,4,1364,1,11,-1,2,-1
20154100D0332,2,1,0,18,0,8,0,0,0,0,4,1,6,1,47,8,-1,-1,-1,-1,1,-1
20154100D0333,1,20,5,18,0,0,1,0,0,0,1,1,1,1,28,6,-1,-1,-1,-1,2,-1
20154100D0336,1,3,0,18,0,8,0,0,0,0,1,1,6,1,24,5,599,1,18,-1,2,-1
20154100D0336,2,9,0,9,0,6,0,0,0,0,1,1,6,1,40,7,1390,1,13,-1,1,-1
20154100D0341,1,21,1,18,0,0,0,4,0,0,1,1,1,1,36,7,-1,-1,-1,-1,1,-1
20154100D0341,2,21,1,2,0,0,0,0,0,0,2,1,1,1,53,8,10518,2,9,-1,1,-1
20154100D0343,1,19,0,18,0,1,0,0,0,0,1,1,2,1,60,9,-1,-1,-1,-1,1,-1
20154100D0343,2,9,0,3,0,1,0,0,0,0,2,1,2,1,34,6,1461,2,8,-1,1,-1
20154100D0344,1,9,0,18,0,3,0,10,7,4,1,1,6,1,18,4,1198,1,12,-1,1,-1
20154100D0346,1,9,0,3,0,1,0,0,0,0,2,1,6,2,20,4,995,1,7,-1,1,-1
20154100D0346,2,9,0,18,0,1,0,0,0,0,1,1,6,1,-1,-1,-1,-1,-1,-1,-1,-1
20154100D0351,1,9,0,5,0,4,0,0,0,0,1,1,6,1,36,7,1598,1,9,-1,1,-1
20154100D0351,2,1,0,18,0,8,0,0,0,0,4,1,1,1,55,8,-1,-1,-1,-1,1,-1
20154100D0355,1,9,0,1,0,2,0,0,0,0,2,1,6,1,38,7,-1,-1,-1,-1,1,-1
20154100D0355,2,9,0,3,0,1,0,0,0,0,0,1,6,1,25,5,-1,-1,-1,-1,1,-1
20154100D0356,1,9,0,18,0,1,0,0,0,0,3,1,6,2,44,7,1798,1,11,-1,1,-1
20154100D0357,1,9,0,9,0,6,0,0,0,0,1,1,6,2,22,5,1360,1,3,-1,1,-1
20154100D0357,2,9,0,18,0,8,0,0,0,0,3,1,6,2,30,6,1560,2,4,-1,1,-1
20154100D0358,1,9,0,18,0,1,0,7,3,10,1,1,6,1,34,6,1995,2,10,-1,2,-1
20154100D0359,1,9,0,9,0,3,1,0,2,2,1,1,6,1,18,4,1242,1,16,-1,1,-1
20154100D0360,1,9,0,18,0,3,0,0,0,0,1,1,6,2,20,4,1496,2,1,-1,-1,-1
20154100D0361,1,5,0,18,0,1,0,0,0,0,0,1,6,1,21,5,599,1,9,-1,1,-1
20154100D0361,2,9,0,9,0,6,0,0,0,0,0,1,6,1,26,6,-1,-1,-1,-1,1,-1
20154100D0361,3,9,0,18,0,1,0,0,0,0,0,1,6,1,53,8,-1,-1,-1,-1,1,-1
20154100D0362,1,9,0,6,0,8,0,0,0,0,1,1,6,1,27,6,2967,2,8,-1,1,-1
20154100D0362,2,9,0,18,0,8,1,0,5,1,1,1,1,2,20,4,1390,1,13,-1,1,-1
20154100D0363,1,9,0,18,0,0,0,0,0,0,1,1,2,1,32,6,2401,2,13,-1,2,-1
20154100D0363,2,9,0,3,0,0,0,0,0,0,2,1,6,2,57,9,1240,1,6,-1,3,-1
20154100D0363,3,9,0,3,0,0,0,0,0,0,2,1,2,1,43,7,1994,1,13,-1,1,-1
20154100D0363,4,9,0,3,0,0,0,0,0,0,2,1,2,1,26,6,1995,2,11,-1,1,-1
20154100D0365,1,21,0,18,0,8,5,0,1,2,4,1,1,1,63,9,7201,2,8,-1,1,-1
20154100D0367,1,4,0,16,0,8,1,0,0,0,1,1,6,1,21,5,498,1,17,-1,1,-1
20154100D0367,2,9,0,9,0,6,0,0,0,0,1,1,2,1,-1,-1,1988,1,12,-1,1,-1
20154100D0368,1,9,0,18,0,0,0,0,0,0,1,1,6,3,-1,-1,1794,1,8,-1,-1,-1
20154100D0371,1,9,0,1,0,1,0,0,0,0,2,1,6,1,34,6,1461,2,-1,-1,1,-1
20154100D0372,1,9,0,18,0,1,0,0,0,0,1,1,6,1,52,8,1598,1,14,-1,1,-1
20154100D0372,2,9,0,18,0,2,0,0,0,0,3,1,6,1,55,8,1998,2,6,-1,1,-1
20154100D0374,1,9,0,18,0,4,0,0,0,0,1,1,6,2,57,9,1388,1,9,-1,1,-1
20154100D0374,2,19,0,9,0,8,0,0,0,0,1,1,1,1,40,7,2198,2,1,-1,2,-1
20154100D0376,1,9,0,18,0,0,0,0,0,0,4,1,2,2,55,8,998,1,1,-1,1,-1
20154100D0381,1,9,0,15,0,1,0,0,0,0,1,1,6,1,35,6,1794,1,9,-1,-1,-1
20154100D0381,2,9,0,10,0,1,0,0,0,0,3,1,6,2,49,8,1299,1,12,-1,1,-1
20154100D0398,1,9,0,4,0,0,0,0,0,0,2,1,1,1,50,8,-1,-1,-1,-1,1,-1
20154100D0398,2,3,0,4,0,0,0,0,0,0,1,1,6,1,18,4,124,1,-1,-1,1,-1
20154100D0404,1,8,0,18,0,0,0,0,0,0,1,1,1,1,40,7,2148,2,12,-1,1,-1
20154100D0404,2,1,0,18,0,0,0,0,0,0,2,1,6,1,30,6,-1,-1,-1,-1,1,-1
20154100D0406,1,9,0,4,0,0,0,0,0,0,2,1,6,2,19,4,1598,2,4,-1,1,-1