Accident_Index,Vehicle_Reference,Vehicle_Type,Towing_and_Articulation,Vehicle_Manoeuvre,Vehicle_Location-Restricted_Lane,Junction_Location,Skidding_and_Overturning,Hit_Object_in_Carriageway,Vehicle_Leaving_Carriageway,Hit_Object_off_Carriageway,1st_Point_of_Impact,Was_Vehicle_Left_Hand_Drive?,Journey_Purpose_of_Driver,Sex_of_Driver,Age_of_Driver,Age_Band_of_Driver,Engine_Capacity_(CC),Propulsion_Code,Age_of_Vehicle,Driver_IMD_Decile,Driver_Home_Area_Type,Vehicle_IMD_Decile
20154100G0360,2,9,0,5,0,1,0,0,0,0,1,1,6,1,55,8,-1,-1,-1,-1,3,-1
20154100G0362,1,9,0,9,0,8,0,0,0,0,2,1,6,2,84,11,1329,1,3,-1,2,-1
20154100G0362,2,5,0,9,0,8,1,0,0,0,1,1,6,1,43,7,649,1,8,-1,2,-1
20154100G0364,1,9,0,18,0,1,1,0,0,0,1,1,6,2,28,6,1797,8,4,-1,1,-1
20154100G0364,2,9,0,4,0,1,0,0,0,0,2,1,6,2,86,11,1242,1,4,-1,1,-1
20154100G0369,1,9,0,18,0,0,2,0,1,4,4,1,6,2,28,6,1199,1,11,-1,1,-1
20154100G0370,1,9,0,18,0,1,0,0,0,0,1,1,6,1,25,5,-1,-1,-1,-1,1,-1
20154100G0370,2,9,0,4,0,1,0,0,0,0,2,1,6,2,76,11,1995,2,10,-1,1,-1
20154100G0370,3,19,0,7,0,1,0,0,0,0,0,1,1,1,40,7,1968,2,1,-1,3,-1
20154100G0371,1,9,0,18,0,0,1,0,0,0,1,1,6,1,20,4,-1,-1,-1,-1,-1,-1
20154100G0371,2,9,0,3,0,0,0,0,0,0,2,1,6,2,40,7,-1,-1,-1,-1,-1,-1
20154100G0372,1,9,0,18,0,8,0,0,0,0,4,1,6,1,60,9,1596,1,4,-1,1,-1
20154100G0374,1,9,0,18,0,0,0,0,0,0,1,1,6,1,28,6,973,1,12,-1,1,-1
20154100G0374,2,19,0,18,0,0,1,0,0,0,1,1,1,1,25,5,-1,-1,-1,-1,1,-1
20154100G0375,1,9,0,18,0,1,0,0,0,0,1,1,6,2,43,7,1364,1,8,-1,1,-1
20154100G0375,2,9,0,10,0,1,0,0,0,0,2,1,6,2,41,7,1599,1,7,-1,1,-1
20154100G0379,1,9,0,18,0,1,0,0,0,0,1,1,6,1,30,6,-1,-1,-1,-1,-1,-1
20154100G0380,1,9,0,18,0,8,0,0,0,0,3,1,1,1,50,8,1598,2,2,-1,3,-1
20154100G0380,2,5,0,18,0,8,0,0,0,0,4,1,2,1,57,9,1130,1,11,-1,3,-1
20154100G0381,1,19,0,18,0,0,0,0,1,11,4,1,6,2,30,6,1686,2,8,-1,3,-1
20154100G0383,1,4,0,4,0,1,1,0,1,0,0,1,6,1,24,5,125,1,1,-1,1,-1
20154100G0384,1,9,0,18,0,0,1,10,7,4,4,1,6,1,31,6,1997,2,14,-1,1,-1
20154100G0385,1,9,0,2,0,1,0,0,0,0,3,1,6,2,30,6,1560,2,6,-1,1,-1
20154100G0385,2,1,0,14,0,1,0,8,0,0,1,1,6,1,37,7,-1,-1,-1,-1,1,-1
20154100G0387,1,9,0,16,0,0,1,10,0,0,3,1,2,1,24,5,1598,1,10,-1,1,-1
20154100G0388,1,1,0,18,0,0,0,0,7,0,1,1,6,1,21,5,-1,-1,-1,-1,1,-1
20154100G0391,1,9,0,18,0,8,0,0,0,0,1,1,6,2,58,9,1596,1,1,-1,3,-1
20154100G0391,2,9,0,18,0,8,0,0,1,4,1,1,6,2,48,8,1796,1,7,-1,2,-1
20154100G0392,1,9,0,9,0,5,0,0,0,0,1,1,6,1,33,6,1896,2,12,-1,1,-1
20154100G0392,2,9,0,18,0,8,0,10,0,0,1,1,6,2,40,7,1598,2,1,-1,1,-1
20154100G0394,1,2,0,5,0,8,1,0,0,0,0,1,2,1,17,4,124,1,-1,-1,1,-1
20154100G0396,1,9,0,18,0,0,1,0,0,0,1,1,6,1,35,6,1596,1,10,-1,1,-1
20154100G0396,2,9,0,18,0,0,0,0,0,0,1,2,6,1,47,8,-1,-1,-1,-1,-1,-1
20154100G0397,1,10,0,4,0,2,0,0,0,0,4,1,2,1,50,8,-1,-1,-1,-1,1,-1
20154100G0399,1,9,0,18,0,4,0,0,0,0,1,1,6,2,46,8,998,1,10,-1,1,-1
20154100G0399,2,1,0,18,0,8,0,0,0,0,4,1,6,1,71,10,-1,-1,-1,-1,1,-1
20154100G0400,1,9,0,18,0,2,0,0,1,10,4,1,6,1,85,11,-1,-1,-1,-1,1,-1
20154100G0401,1,11,0,4,0,1,0,0,0,0,0,1,1,1,49,8,9600,2,15,-1,1,-1
20154100G0402,1,9,0,5,9,6,0,0,0,0,3,1,6,2,30,6,1598,1,2,-1,1,-1
20154100G0402,2,22,0,18,9,8,0,0,0,0,1,1,6,2,76,11,-1,-1,-1,-1,1,-1
20154100G0404,1,1,0,14,0,0,0,0,0,0,2,1,6,1,31,6,-1,-1,-1,-1,1,-1
20154100G0404,2,9,0,13,0,0,0,0,0,0,1,1,6,3,-1,-1,-1,-1,-1,-1,-1,-1
20154100G0405,1,9,0,18,0,1,0,0,0,0,1,1,6,2,65,9,1598,1,6,-1,1,-1
20154100G0405,2,9,0,3,0,1,0,0,0,0,2,1,1,2,44,7,1461,2,3,-1,1,-1
20154100G0408,1,9,0,18,0,0,0,11,0,0,1,1,6,1,43,7,1997,2,2,-1,1,-1
20154100G0414,1,9,0,18,0,2,0,0,0,0,1,1,6,2,41,7,1997,2,4,-1,3,-1
20154100G0414,2,9,0,3,0,2,0,0,0,0,2,1,2,1,52,8,1968,2,7,-1,2,-1
20154100G0415,1,9,0,5,0,8,0,0,0,0,1,1,1,1,50,8,2967,2,3,-1,1,-1
20154100G0415,2,1,0,18,9,6,0,0,0,0,4,1,1,1,20,4,-1,-1,-1,-1,1,-1
20154100G0416,1,9,0,11,0,0,0,0,0,0,1,1,2,2,18,4,998,1,1,-1,1,-1
20154100G0416,2,3,0,18,0,0,0,0,1,0,2,1,6,1,22,5,125,1,-1,-1,1,-1
20154100G0428,1,9,0,18,0,0,0,0,7,0,3,1,6,1,-1,-1,-1,-1,-1,-1,-1,-1
20154100G0428,2,9,0,18,0,0,0,0,1,0,3,1,6,2,43,7,1149,1,9,-1,3,-1
20154100G0432,1,9,0,16,0,0,0,0,0,0,1,1,6,1,32,6,1560,2,6,-1,1,-1
20154100G0432,2,9,0,17,0,0,1,0,0,0,1,1,6,2,20,4,1968,2,7,-1,1,-1
20154100G0434,1,98,0,9,0,6,0,0,0,0,2,1,1,3,-1,-1,-1,-1,-1,-1,-1,-1
20154100G0436,1,9,0,18,0,8,0,0,0,0,3,1,6,1,-1,-1,-1,-1,-1,-1,-1,-1
20154100G0436,2,9,0,18,0,8,0,0,1,9,3,1,6,1,38,7,-1,-1,-1,-1,1,-1
20154100G0438,1,1,0,18,0,2,0,4,0,0,1,1,6,1,16,4,-1,-1,-1,-1,2,-1
20154100G0438,2,9,0,2,0,2,0,0,0,0,2,1,6,1,81,11,2231,2,4,-1,1,-1
20154100G0439,1,9,0,11,0,0,2,0,6,4,2,1,2,1,53,8,1796,1,15,-1,3,-1
20154100G0439,2,9,0,18,0,0,0,0,0,0,1,1,2,1,35,6,1390,1,4,-1,1,-1
20154100G0440,1,9,0,18,0,6,0,0,8,10,3,1,2,1,28,6,1968,2,8,-1,1,-1
20154100G0440,2,9,0,18,0,8,0,0,0,0,1,1,2,2,45,7,1560,2,2,-1,1,-1
20154100G0442,1,9,0,18,0,1,0,0,0,0,1,1,6,1,35,6,1299,1,13,-1,1,-1
20154100G0442,2,9,0,8,0,1,0,0,0,0,2,1,6,2,48,8,1689,2,15,-1,1,-1
20154100G0445,1,9,0,18,0,0,0,0,0,0,1,1,6,2,39,7,1582,2,6,-1,3,-1
20154100G0445,2,19,0,18,0,0,1,0,0,0,1,1,2,1,55,8,1995,2,4,-1,1,-1
20154100G0448,1,9,0,18,0,8,0,0,1,1,3,1,6,2,72,10,999,1,2,-1,1,-1
20154100G0448,2,9,0,18,0,3,0,0,0,0,4,1,6,1,65,9,-1,-1,-1,-1,2,-1
20154100G0452,1,9,0,1,0,0,0,0,0,0,2,1,6,1,29,6,1956,2,-1,-1,-1,-1
20154100G0456,1,5,0,12,0,0,1,0,0,0,4,1,6,1,34,6,899,1,15,-1,1,-1
20154100G0458,1,9,0,3,0,4,0,0,0,0,2,1,6,1,48,8,1596,1,13,-1,2,-1
20154100G0458,2,9,0,5,0,4,0,0,0,0,1,1,6,1,37,7,1997,2,3,-1,3,-1
20154100G0462,1,19,0,12,0,0,0,0,0,0,3,1,6,1,40,7,-1,-1,-1,-1,-1,-1
20154100G0462,2,9,0,18,0,0,0,0,0,0,4,1,6,2,29,6,1796,1,15,-1,2,-1
20154100G0469,1,19,0,18,0,0,2,0,2,4,1,1,1,1,53,8,2800,2,12,-1,2,-1
20154100G0470,1,9,0,13,0,0,0,0,0,0,4,1,1,1,53,8,-1,-1,-1,-1,1,-1
20154100G0470,2,1,0,18,0,0,0,0,0,0,3,1,6,2,58,9,-1,-1,-1,-1,1,-1
20154100G0471,1,9,0,5,0,7,0,0,0,0,1,1,6,1,57,9,1560,2,1,-1,3,-1
20154100G0471,2,8,0,18,0,8,0,0,0,0,2,1,1,1,64,9,2143,2,2,-1,1,-1
20154100G0475,1,9,0,9,0,5,0,0,0,0,4,1,6,2,40,7,1461,2,8,-1,1,-1
20154100G0475,2,9,0,18,0,8,0,0,0,0,1,1,6,2,47,8,1360,1,11,-1,1,-1
20154100G0476,1,9,0,4,0,0,0,0,0,0,1,1,6,2,57,9,-1,-1,-1,-1,-1,-1
20154100G0476,2,9,0,3,0,0,0,0,0,0,2,1,6,1,34,6,1388,1,14,-1,1,-1
20154100G0478,1,9,0,2,0,0,0,0,0,0,3,1,6,1,30,6,1199,1,14,-1,1,-1
20154100G0478,2,1,0,18,0,0,0,8,0,0,1,1,6,1,35,6,-1,-1,-1,-1,3,-1
20154100G0480,1,9,0,18,0,0,0,0,1,10,1,1,6,1,33,6,1587,1,12,-1,1,-1
20154100G0481,1,1,0,18,0,6,0,0,0,0,3,1,6,1,9,2,-1,-1,-1,-1,3,-1
20154100G0481,2,9,0,18,0,8,0,0,0,0,1,1,6,2,73,10,1976,1,5,-1,3,-1
20154100G0487,1,2,0,14,0,8,0,0,0,0,1,1,1,1,17,4,125,1,-1,-1,1,-1
20154100G0487,2,9,0,9,0,5,0,0,0,0,3,1,1,1,31,6,-1,-1,-1,-1,3,-1
20154100G0488,1,9,0,17,0,0,5,10,2,10,4,1,6,1,21,5,1527,2,17,-1,-1,-1
20154100G0490,1,90,0,18,0,8,0,0,0,0,4,1,1,1,40,7,-1,-1,-1,-1,1,-1
20154100G0490,2,9,0,18,0,8,0,0,0,0,3,1,6,1,47,8,2148,2,6,-1,1,-1
20154100G0493,1,9,0,18,0,2,0,0,0,0,1,1,2,1,32,6,1560,2,5,-1,1,-1
20154100G0498,1,9,0,18,0,0,0,0,0,0,0,1,6,2,67,10,-1,-1,-1,-1,1,-1
20154100G0502,1,90,4,18,0,0,5,10,0,0,4,1,1,1,23,5,-1,-1,-1,-1,3,-1
20154100G0513,1,9,0,5,0,1,0,0,0,0,1,1,6,1,20,4,1598,1,6,-1,3,-1
20154100G0513,2,9,0,3,0,1,0,0,0,0,2,1,6,1,44,7,1493,2,5,-1,-1,-1
20154100G0514,1,4,0,16,0,0,0,0,0,0,1,1,6,1,20,4,599,1,11,-1,1,-1
20154100G0514,2,9,0,18,0,0,0,0,0,0,3,1,6,1,48,8,1229,1,6,-1,2,-1
20154100G0515,1,3,0,18,0,8,1,0,0,0,1,1,6,1,24,5,124,1,-1,-1,1,-1
20154100G0515,2,9,0,18,0,4,0,0,0,0,3,1,6,3,-1,-1,-1,-1,-1,-1,-1,-1
20154100G0517,1,4,0,13,0,5,0,0,0,0,4,1,6,1,42,7,1170,1,-1,-1,1,-1
20154100G0517,2,9,0,9,0,1,0,0,0,0,3,1,1,1,59,9,1896,2,7,-1,1,-1
20154100G0518,1,9,0,18,0,4,0,0,0,0,3,1,1,2,65,9,1686,2,8,-1,2,-1
20154100G0518,2,1,0,18,0,8,0,0,0,0,4,1,1,1,47,8,-1,-1,-1,-1,1,-1
20154100G0522,1,9,0,18,0,2,2,0,0,0,4,1,2,1,20,4,1149,1,7,-1,1,-1
20154100G0522,2,9,0,18,0,2,0,0,0,0,3,1,2,2,52,8,1498,1,5,-1,1,-1
20154100G0528,1,9,0,3,0,1,0,0,0,0,2,1,2,1,36,7,1560,2,4,-1,1,-1
20154100G0528,2,9,0,4,0,1,0,0,0,0,1,1,6,2,30,6,1997,2,9,-1,1,-1
20154100G0529,1,9,0,18,0,1,0,0,1,10,1,1,2,2,22,5,1198,1,1,-1,3,-1
20154100G0529,2,9,0,7,0,1,0,0,1,10,4,1,2,1,51,8,1968,2,6,-1,3,-1
20154100G0530,1,9,0,4,0,1,0,0,0,0,2,1,3,2,28,6,-1,-1,-1,-1,3,-1
20154100G0530,2,9,0,18,0,1,0,0,0,0,1,1,6,2,65,9,1896,2,10,-1,1,-1
20154100G0540,1,5,0,18,0,1,1,0,0,0,3,1,6,1,66,10,1854,1,1,-1,1,-1
20154100G0543,1,9,0,11,0,1,0,0,0,0,4,1,6,1,80,11,1596,1,14,-1,-1,-1
20154100G0543,2,9,0,18,0,1,0,0,0,0,3,1,6,1,47,8,1968,2,3,-1,3,-1
20154100G0549,1,9,0,18,0,8,0,0,0,0,4,1,6,1,22,5,1997,2,5,-1,2,-1
20154100G0549,2,9,0,18,0,4,0,0,0,0,1,1,6,1,24,5,1997,1,15,-1,1,-1
20154100G0552,1,9,0,18,0,3,0,0,0,0,3,1,6,1,43,7,1364,1,8,-1,2,-1
20154100G0552,2,19,0,18,0,3,0,0,0,0,4,1,6,1,70,10,-1,-1,-1,-1,1,-1
20154100G0553,1,19,0,5,0,7,0,0,0,0,4,1,1,1,35,6,-1,-1,-1,-1,1,-1
20154100G0553,2,9,0,18,0,8,0,0,0,0,1,1,2,1,46,8,1398,2,10,-1,3,-1
20154100G0553,3,9,0,10,0,2,0,0,0,0,1,1,2,2,51,8,1248,1,1,-1,3,-1
20154100G0554,1,9,0,17,0,0,0,0,0,0,0,1,2,1,37,7,1242,1,15,-1,1,-1
20154100G0555,1,9,0,9,0,6,0,0,0,0,1,1,1,1,40,7,1582,2,-1,-1,-1,-1
20154100G0555,2,9,0,18,0,8,0,0,0,0,1,1,2,2,26,6,999,1,2,-1,3,-1
20154100G0556,1,9,0,4,0,0,0,0,0,0,1,1,6,2,48,8,-1,-1,-1,-1,-1,-1
20154100G0556,2,9,0,3,0,0,0,0,0,0,2,1,6,2,34,6,1596,1,11,-1,3,-1
20154100G0558,1,9,0,18,0,0,0,0,0,0,3,1,6,1,61,9,1596,1,7,-1,1,-1
20154100G0561,1,9,0,5,0,4,0,0,0,0,1,1,6,2,21,5,998,1,3,-1,1,-1
20154100G0561,2,9,0,18,0,8,0,0,0,0,2,1,6,2,54,8,1318,1,-1,-1,1,-1
20154100G0562,1,9,0,18,0,0,0,4,0,0,1,1,6,1,77,11,1590,1,17,-1,1,-1
20154100G0562,2,9,0,2,0,0,0,4,0,0,2,1,6,3,-1,-1,1368,1,11,-1,1,-1
20154100G0562,3,9,0,2,0,0,0,0,0,0,2,1,6,3,-1,-1,1587,1,7,-1,1,-1
20154100G0566,1,9,0,9,0,6,0,0,0,0,0,1,2,1,50,8,1598,2,5,-1,1,-1
20154100G0566,2,5,0,18,0,8,1,0,0,0,0,1,2,1,52,8,-1,-1,-1,-1,3,-1
20154100G0570,1,4,0,16,0,8,0,0,0,0,0,1,6,1,17,4,124,1,1,-1,3,-1
20154100G0572,1,9,0,9,0,6,0,0,0,0,3,1,6,1,18,4,-1,-1,-1,-1,1,-1
20154100G0572,2,9,0,18,0,8,0,0,0,0,1,1,2,2,31,6,1198,1,2,-1,1,-1
20154100G0573,1,9,0,18,0,4,0,0,0,0,1,1,6,2,37,7,2143,2,1,-1,1,-1
20154100G0573,2,3,0,9,0,8,0,0,0,0,2,1,6,1,22,5,124,1,-1,-1,1,-1
20154100G0574,1,4,0,13,0,8,1,0,0,0,4,1,1,1,46,8,278,1,2,-1,2,-1
20154100G0574,2,9,0,9,0,5,0,0,0,0,3,1,1,2,43,7,973,1,13,-1,1,-1
20154100G0575,1,9,0,18,0,4,0,0,0,0,1,1,6,1,31,6,1596,1,14,-1,1,-1
20154100G0575,2,9,0,9,0,8,0,0,0,0,1,1,6,2,49,8,1951,2,13,-1,1,-1
20154100G0578,1,9,0,18,0,2,0,0,0,0,4,1,6,2,30,6,-1,-1,-1,-1,-1,-1
20154100G0578,2,1,0,18,0,6,0,0,0,0,3,1,6,1,15,3,-1,-1,-1,-1,1,-1
20154100G0580,1,9,0,18,0,0,1,7,0,0,1,1,6,1,17,4,1242,1,10,-1,1,-1
20154100G0581,1,9,0,9,0,6,0,0,1,10,1,1,6,2,17,4,1242,1,1,-1,1,-1
20154100G0581,2,8,0,18,0,8,0,0,1,4,3,1,1,1,64,9,1997,2,3,-1,1,-1
20154100G0595,1,9,0,5,0,2,0,0,0,0,4,1,6,1,44,7,2521,1,9,-1,1,-1
20154100G0597,1,9,0,18,0,0,1,0,7,4,1,1,6,2,21,5,1587,1,12,-1,3,-1
20154100G0601,1,19,0,18,0,1,0,0,0,0,1,1,2,1,33,6,2488,2,2,-1,1,-1
20154100G0601,2,8,0,18,0,2,0,0,7,0,4,1,1,1,42,7,1997,2,8,-1,1,-1
20154100G0603,1,5,0,18,0,0,0,0,0,0,1,1,6,1,31,6,-1,-1,-1,-1,1,-1
20154100G0603,2,9,0,4,0,0,0,0,0,0,2,1,6,2,30,6,-1,-1,-1,-1,1,-1
20154100G0603,3,9,0,18,0,0,0,0,0,0,0,1,1,1,42,7,-1,-1,-1,-1,1,-1
20154100G0606,1,3,0,18,0,8,0,0,0,0,4,1,2,1,20,4,125,1,2,-1,1,-1
20154100G0606,2,8,0,9,0,6,0,0,0,0,1,1,1,1,40,7,-1,-1,-1,-1,1,-1
20154100G0612,1,9,0,9,0,8,0,0,0,0,1,1,6,2,82,11,998,1,14,-1,1,-1
20154100G0612,2,19,0,18,0,8,0,0,0,0,4,1,1,1,54,8,2143,2,1,-1,1,-1
20154100G0613,1,9,0,4,0,1,0,0,5,6,1,1,6,1,44,7,1997,2,11,-1,-1,-1
20154100G0614,1,19,0,18,0,1,1,0,0,0,1,1,6,1,62,9,1870,2,13,-1,1,-1
20154100G0614,2,9,0,10,0,1,0,0,0,0,2,1,3,1,43,7,1598,1,6,-1,1,-1
20154100G0615,1,9,0,9,0,6,0,0,0,0,3,1,6,2,61,9,1598,1,13,-1,2,-1
20154100G0615,2,9,0,17,0,8,0,0,0,0,1,1,6,2,61,9,1390,1,3,-1,2,-1
20154100G0616,1,9,0,9,0,6,0,0,0,0,1,1,6,1,40,7,-1,-1,-1,-1,-1,-1
20154100G0616,2,3,0,18,0,8,0,0,0,0,3,1,1,1,23,5,124,1,2,-1,1,-1
20154100G0619,1,9,0,4,0,0,5,0,1,3,1,1,1,1,24,5,1240,1,12,-1,2,-1
20154100G0619,2,9,0,3,0,0,0,0,0,0,2,1,1,2,36,7,1461,2,1,-1,1,-1
20154100G0622,1,9,0,18,0,3,1,0,0,0,1,1,6,2,25,5,1360,1,13,-1,1,-1
20154100G0622,2,19,0,18,0,1,0,0,0,0,1,1,6,1,61,9,1310,1,3,-1,1,-1
20154100G0631,1,5,0,17,0,2,0,0,1,0,3,1,1,1,36,7,1170,1,5,-1,-1,-1
20154100G0632,1,9,0,18,0,2,0,0,0,0,1,1,2,1,40,7,1598,1,4,-1,-1,-1
20154100G0632,2,9,0,3,0,2,0,0,0,0,2,1,2,1,43,7,1973,1,14,-1,1,-1
20154100G0632,3,9,0,3,0,2,0,0,0,0,2,1,6,2,73,10,1086,1,5,-1,1,-1
20154100G0636,1,8,0,14,0,0,0,0,0,0,3,1,1,1,58,9,1995,2,4,-1,1,-1
20154100G0642,1,9,0,18,0,4,0,0,0,0,1,1,6,2,40,7,1998,2,7,-1,2,-1
20154100G0642,2,2,0,18,0,8,1,0,0,0,4,1,6,1,20,4,125,1,1,-1,1,-1
20154100G0646,1,9,0,15,0,3,0,0,0,0,1,1,6,1,30,6,-1,-1,-1,-1,-1,-1
20154100G0646,2,1,0,18,0,3,0,0,0,0,2,1,1,1,26,6,-1,-1,-1,-1,1,-1
20154100G0651,1,9,0,18,0,8,0,0,0,0,1,1,6,2,83,11,1341,1,10,-1,1,-1
20154100G0651,2,9,0,6,0,8,0,0,0,0,1,1,6,2,34,6,1390,1,5,-1,2,-1
20154100G0653,1,22,0,18,9,0,0,0,0,0,1,1,6,2,89,11,-1,-1,-1,-1,1,-1
20154100G0655,1,19,0,18,0,2,0,0,0,0,4,1,6,1,50,8,2198,2,8,-1,-1,-1
20154100G0657,1,9,0,18,0,0,0,0,0,0,1,1,3,1,50,8,1596,1,9,-1,1,-1
20154100G0657,2,9,0,4,0,0,0,0,0,0,2,1,2,1,34,6,-1,-1,-1,-1,3,-1
20154100G0657,3,9,0,4,0,0,0,0,0,0,2,1,3,2,41,7,-1,-1,-1,-1,1,-1
20154100G0659,1,19,4,9,0,5,0,0,0,0,4,1,1,1,23,5,2198,2,1,-1,-1,-1
20154100G0659,2,9,0,18,0,8,1,0,0,0,1,1,6,1,28,6,1364,1,8,-1,1,-1
20154100G0665,1,9,0,13,0,0,0,0,8,2,1,1,6,1,74,10,1796,1,8,-1,1,-1
20154100G0665,2,9,0,1,0,0,0,4,0,0,2,1,6,2,72,10,1086,1,11,-1,1,-1
20154100G0665,3,9,0,2,0,0,0,4,0,0,2,1,6,1,79,11,-1,-1,-1,-1,1,-1
20154100G0665,4,9,0,2,0,0,0,0,0,0,4,1,6,2,39,7,1769,1,14,-1,1,-1
20154100G0666,1,9,0,18,0,0,0,4,0,0,1,1,6,1,88,11,-1,-1,-1,-1,1,-1
20154100G0666,2,9,0,2,0,0,0,4,0,0,1,1,6,2,-1,-1,1398,1,3,-1,1,-1
20154100G0666,3,9,0,2,0,0,0,0,0,0,1,1,6,1,40,7,1560,2,4,-1,1,-1
20154100G0670,1,9,0,5,0,2,0,0,0,0,4,1,2,1,39,7,1969,2,-1,-1,1,-1
20154100G0672,1,9,0,18,0,0,0,0,1,3,1,1,2,2,25,5,973,1,17,-1,1,-1
20154100G0673,1,9,0,18,0,4,0,0,0,0,0,1,6,2,-1,-1,-1,-1,-1,-1,-1,-1
20154100G0673,2,2,0,18,0,8,0,0,0,0,1,1,6,1,17,4,50,1,14,-1,2,-1
20154100G0677,1,9,0,9,0,6,0,0,0,0,1,1,6,3,-1,-1,-1,-1,-1,-1,-1,-1
20154100G0681,1,9,0,18,0,1,0,0,0,0,1,1,6,1,79,11,1596,1,9,-1,1,-1
20154100G0682,1,21,1,1,0,6,0,0,0,0,2,1,1,1,27,6,6870,2,4,-1,1,-1
20154100G0682,2,9,0,18,0,1,0,0,0,0,1,1,6,1,32,6,1598,1,14,-1,1,-1
20154100G0684,1,9,0,4,0,0,0,0,0,0,1,1,6,1,50,8,1360,1,13,-1,1,-1
20154100G0689,1,9,0,5,0,2,0,0,0,0,1,1,6,1,47,8,1598,1,14,-1,1,-1
20154100G0690,1,9,0,9,0,6,0,0,0,0,1,1,6,2,48,8,1248,1,6,-1,3,-1
20154100G0694,1,9,0,5,0,8,0,0,0,0,3,1,6,2,24,5,-1,-1,-1,-1,-1,-1
20154100G0695,1,9,0,18,0,4,0,0,0,0,1,1,1,1,33,6,1968,2,3,-1,-1,-1
20154100G0695,2,1,0,18,0,8,0,0,0,0,1,1,2,1,48,8,-1,-1,-1,-1,1,-1
20154100G0696,1,9,0,16,0,0,0,0,0,0,1,1,6,1,23,5,1499,1,-1,-1,2,-1
20154100G0696,2,19,0,17,0,0,0,0,0,0,1,1,1,1,30,6,2198,2,2,-1,1,-1
20154100G0698,1,9,0,9,0,6,0,0,0,0,4,1,6,1,53,8,1968,2,3,-1,1,-1
20154100G0698,2,9,0,18,0,8,0,10,7,0,3,1,6,2,43,7,998,1,6,-1,2,-1
20154100G0699,1,9,0,18,0,0,0,0,0,0,1,1,6,3,-1,-1,-1,-1,-1,-1,-1,-1
20154100G0699,2,1,0,18,0,0,1,0,0,0,2,1,1,1,26,6,-1,-1,-1,-1,1,-1
20154100G0702,1,9,0,18,0,0,0,0,0,0,3,1,6,2,34,6,1390,1,11,-1,1,-1
20154100G0702,2,9,0,13,0,0,0,0,0,0,4,1,6,1,40,7,2410,1,22,-1,1,-1
20154100G0704,1,9,0,18,0,0,2,10,8,10,4,1,6,1,17,4,1339,1,9,-1,1,-1
20154100G0704,2,9,0,18,0,0,0,0,0,0,0,1,6,3,-1,-1,-1,-1,-1,-1,-1,-1
20154100G0705,1,9,0,16,0,0,1,0,2,3,1,1,6,1,35,6,1149,1,11,-1,1,-1
20154100G0706,1,9,0,18,0,1,0,0,0,0,1,1,6,2,35,6,1999,1,-1,-1,1,-1
20154100G0706,2,1,0,18,0,1,0,0,0,0,2,1,6,1,15,3,-1,-1,-1,-1,1,-1
20154100G0707,1,19,0,18,0,0,0,0,0,0,1,1,6,1,68,10,1998,2,12,-1,1,-1
20154100G0711,1,19,0,18,0,0,0,0,7,4,1,1,1,1,52,8,2143,2,3,-1,1,-1
20154100G0712,1,9,0,3,0,0,0,0,0,0,2,1,6,1,17,4,1329,1,-1,-1,1,-1
20154100G0712,2,9,0,18,0,0,1,0,0,0,1,1,6,1,20,4,-1,-1,-1,-1,1,-1
20154100G0713,1,9,0,1,9,6,0,0,0,0,0,1,6,1,30,6,-1,-1,-1,-1,-1,-1
20154100G0714,1,9,0,18,0,0,0,0,0,0,3,1,6,2,49,8,2500,1,18,-1,1,-1
20154100G0714,2,9,0,13,0,0,0,0,0,0,4,1,6,1,33,6,1999,1,9,-1,1,-1
20154100G0716,1,9,0,18,0,1,0,0,0,0,1,1,6,2,56,9,1398,2,2,-1,2,-1
20154100G0716,2,9,0,4,0,1,0,0,0,0,2,1,6,1,30,6,1560,2,3,-1,1,-1
20154100J0007,1,9,0,18,0,8,0,0,0,0,1,1,6,1,22,5,1349,1,7,-1,2,-1
20154100J0012,1,9,0,9,0,6,0,0,0,0,1,1,6,2,35,6,-1,-1,-1,-1,-1,-1
20154100J0012,2,9,0,18,0,8,0,0,0,0,4,1,2,1,45,7,-1,-1,-1,-1,3,-1
20154100J0015,1,9,0,11,0,0,0,0,5,6,1,1,2,2,46,8,-1,-1,-1,-1,1,-1
20154100J0015,2,9,0,18,0,0,0,0,0,0,3,1,2,1,26,6,1896,2,12,-1,1,-1
20154100J0015,3,9,0,18,0,0,0,0,5,6,4,1,2,2,26,6,-1,-1,-1,-1,1,-1
20154100J0015,4,9,0,18,0,0,0,0,0,0,1,1,2,1,45,7,3950,1,15,-1,1,-1
20154100J0016,1,9,0,9,0,8,0,0,1,7,4,1,6,1,34,6,1587,1,11,-1,1,-1
20154100J0016,2,9,0,5,0,4,0,0,1,0,1,1,6,1,38,7,1461,2,6,-1,1,-1
20154100J0017,1,9,0,18,0,8,0,0,0,0,1,1,6,1,34,6,1560,2,4,-1,1,-1
20154100J0017,2,9,0,4,0,8,0,0,0,0,2,1,6,1,47,8,1995,2,7,-1,1,-1
20154100J0019,1,9,0,18,0,0,0,0,1,4,1,1,6,1,68,10,3456,1,5,-1,2,-1
20154100J0019,2,9,0,5,8,0,0,0,0,0,4,1,1,1,46,8,-1,-1,-1,-1,1,-1
20154100J0020,1,9,0,18,0,4,0,0,0,0,1,1,6,1,22,5,2179,2,4,-1,1,-1
20154100J0020,2,9,0,6,0,8,0,0,0,0,2,1,6,2,45,7,-1,-1,-1,-1,1,-1
20154100J0021,1,21,0,18,0,7,0,0,0,0,1,1,1,1,61,9,12130,2,14,-1,3,-1