Accident_Index,Vehicle_Reference,Vehicle_Type,Towing_and_Articulation,Vehicle_Manoeuvre,Vehicle_Location-Restricted_Lane,Junction_Location,Skidding_and_Overturning,Hit_Object_in_Carriageway,Vehicle_Leaving_Carriageway,Hit_Object_off_Carriageway,1st_Point_of_Impact,Was_Vehicle_Left_Hand_Drive?,Journey_Purpose_of_Driver,Sex_of_Driver,Age_of_Driver,Age_Band_of_Driver,Engine_Capacity_(CC),Propulsion_Code,Age_of_Vehicle,Driver_IMD_Decile,Driver_Home_Area_Type,Vehicle_IMD_Decile
20154100K0524,1,9,0,18,0,0,0,0,0,0,4,1,6,2,-1,-1,-1,-1,-1,-1,-1,-1
20154100K0527,1,9,0,3,0,0,0,0,0,0,1,1,6,2,50,8,1598,2,1,-1,1,-1
20154100K0527,2,9,0,4,0,0,0,0,0,0,2,1,6,2,75,10,1328,1,14,-1,1,-1
20154100K0527,3,9,0,4,0,0,0,0,0,0,2,1,6,1,50,8,-1,-1,-1,-1,1,-1
20154100K0528,1,9,0,13,0,1,0,0,0,0,4,1,6,1,35,6,1686,2,5,-1,1,-1
20154100K0528,2,1,0,18,0,1,0,0,0,0,3,1,6,1,25,5,-1,-1,-1,-1,1,-1
20154100K0530,1,1,0,18,0,8,0,0,0,0,1,1,6,1,38,7,-1,-1,-1,-1,1,-1
20154100K0530,2,9,0,9,0,5,0,0,0,0,4,1,6,1,25,5,-1,-1,-1,-1,1,-1
20154100K0536,1,9,0,18,0,1,0,0,0,0,1,1,6,1,30,6,1794,1,13,-1,1,-1
20154100K0536,2,9,0,3,0,1,0,0,0,0,2,1,6,2,20,4,1242,1,6,-1,1,-1
20154100K0539,1,9,0,18,0,8,0,0,0,0,3,2,6,2,32,6,-1,-1,-1,-1,1,-1
20154100K0539,2,9,0,18,0,8,0,0,0,0,4,1,6,1,39,7,-1,-1,-1,-1,-1,-1
20154100K0541,1,9,0,18,0,8,0,0,0,0,1,1,6,2,25,5,1598,1,7,-1,1,-1
20154100K0541,2,9,0,3,0,8,0,0,0,0,2,1,3,2,23,5,1595,1,12,-1,1,-1
20154100K0542,1,3,0,18,0,4,0,0,0,0,1,1,6,1,28,6,125,1,1,-1,1,-1
20154100K0542,2,9,0,18,0,4,0,0,0,0,2,1,6,2,68,10,1242,1,10,-1,1,-1
20154100K0544,1,9,0,18,0,1,0,0,0,0,1,1,6,2,40,7,1596,1,7,-1,-1,-1
20154100K0544,2,9,0,3,0,1,0,0,0,0,2,1,6,2,29,6,1598,1,5,-1,1,-1
20154100K0547,1,9,0,9,0,6,0,0,0,0,1,1,6,2,51,8,1197,1,1,-1,1,-1
20154100K0547,2,1,0,18,0,8,0,0,0,0,1,1,6,1,39,7,-1,-1,-1,-1,1,-1
20154100K0548,1,9,0,17,0,0,1,10,1,2,1,1,6,1,24,5,1995,2,7,-1,1,-1
20154100K0550,1,9,0,9,0,5,0,0,0,0,0,1,1,1,25,5,-1,-1,-1,-1,1,-1
20154100K0550,2,1,0,18,9,1,1,0,0,0,0,1,4,1,14,3,-1,-1,-1,-1,1,-1
20154100K0551,1,9,0,18,0,8,0,0,0,0,4,1,6,3,-1,-1,-1,-1,-1,-1,-1,-1
20154100K0551,2,1,0,5,0,4,0,0,0,0,1,1,6,1,39,7,-1,-1,-1,-1,1,-1
20154100K0552,1,9,0,14,0,1,0,0,0,0,1,1,6,1,60,9,-1,-1,-1,-1,-1,-1
20154100K0554,1,19,0,18,0,0,0,0,0,0,4,1,1,1,73,10,1248,2,4,-1,1,-1
20154100K0555,1,9,0,18,0,0,0,0,0,0,1,1,6,1,-1,-1,-1,-1,-1,-1,-1,-1
20154100K0555,2,1,0,18,0,0,0,0,0,0,2,1,6,2,15,3,-1,-1,-1,-1,1,-1
20154100K0558,1,9,0,9,0,6,0,0,0,0,1,1,6,3,-1,-1,-1,-1,-1,-1,-1,-1
20154100K0558,2,9,0,3,0,2,0,4,0,0,2,1,6,2,59,9,1560,2,10,-1,1,-1
20154100K0558,3,9,0,2,0,2,0,4,0,0,2,1,6,1,49,8,-1,-1,-1,-1,-1,-1
20154100K0558,4,9,0,2,0,2,0,0,0,0,2,1,6,1,49,8,1299,1,12,-1,1,-1
20154100K0559,1,3,0,18,0,0,1,4,0,0,1,1,6,1,19,4,125,1,10,-1,1,-1
20154100K0559,2,9,0,2,0,0,0,0,0,0,2,1,6,3,-1,-1,-1,-1,-1,-1,1,-1
20154100K0569,1,9,0,18,0,1,0,0,0,0,1,1,1,2,21,5,1242,1,3,-1,2,-1
20154100K0569,2,9,0,3,0,1,0,0,0,0,2,1,6,2,57,9,1390,1,2,-1,3,-1
20154100K0571,1,9,0,18,0,0,0,0,0,0,1,1,6,1,17,4,1242,1,8,-1,2,-1
20154100K0574,1,9,0,4,0,1,0,0,0,0,1,1,6,1,29,6,1796,1,5,-1,1,-1
20154100K0574,2,9,0,3,0,1,0,0,0,0,2,1,1,2,40,7,1242,1,5,-1,1,-1
20154100K0581,1,9,0,18,0,0,0,0,1,3,1,1,6,2,25,5,1984,1,15,-1,1,-1
20154100K0581,2,9,0,2,9,0,0,0,0,0,4,1,6,3,-1,-1,-1,-1,-1,-1,1,-1
20154100K0581,3,9,0,2,9,0,0,0,0,0,3,1,6,3,-1,-1,1599,1,11,-1,1,-1
20154100K0581,4,9,0,2,9,0,0,0,0,0,3,1,6,3,-1,-1,1229,1,8,-1,1,-1
20154100K0581,5,9,0,2,9,0,0,0,0,0,1,1,6,3,-1,-1,999,1,7,-1,1,-1
20154100K0581,6,9,0,2,9,0,0,0,0,0,2,1,6,3,-1,-1,1998,1,8,-1,1,-1
20154100K0581,7,9,0,2,9,0,0,0,0,0,3,1,6,3,-1,-1,-1,-1,-1,-1,1,-1
20154100K0582,1,9,0,18,0,0,1,0,1,11,1,1,6,1,17,4,1229,1,4,-1,1,-1
20154100K0582,2,11,0,18,0,0,0,0,0,0,3,1,1,1,42,7,4250,2,8,-1,1,-1
20154100K0584,1,9,0,18,0,2,0,2,0,0,1,1,6,1,23,5,1198,1,13,-1,1,-1
20154100K0588,1,9,0,18,0,0,0,0,0,0,1,1,6,1,75,10,-1,-1,-1,-1,1,-1
20154100K0594,1,9,0,7,0,6,0,0,1,11,1,1,6,2,19,4,998,1,6,-1,1,-1
20154100K0594,2,9,0,18,0,8,0,0,0,0,1,1,6,2,26,6,1498,1,9,-1,1,-1
20154100K0595,1,9,0,5,9,6,0,0,0,0,1,1,6,1,40,7,1299,1,10,-1,1,-1
20154100K0595,2,1,0,18,9,8,0,0,0,0,4,1,6,2,28,6,-1,-1,-1,-1,1,-1
20154100K0597,1,9,0,18,0,2,0,0,0,0,4,1,6,2,49,8,1364,1,8,-1,1,-1
20154100K0599,1,9,0,18,0,1,0,0,0,0,1,1,6,1,19,4,1149,1,10,-1,1,-1
20154100K0599,2,9,0,4,0,1,0,0,0,0,2,1,6,2,49,8,2231,2,7,-1,3,-1
20154100K0599,3,9,0,3,0,1,0,0,0,0,2,1,6,1,75,10,1598,1,1,-1,1,-1
20154100K0609,1,9,0,4,0,1,5,0,1,11,1,1,6,1,69,10,1997,2,2,-1,1,-1
20154100K0610,1,9,0,4,0,0,0,0,0,0,1,1,6,1,27,6,1997,2,8,-1,1,-1
20154100K0610,2,9,0,4,0,0,0,0,0,0,2,1,6,2,52,8,1598,2,2,-1,1,-1
20154100K0610,3,9,0,4,0,0,0,0,0,0,2,1,6,2,27,6,1560,2,4,-1,3,-1
20154100K0612,1,9,0,2,6,2,0,0,0,0,3,1,6,2,47,8,1796,1,14,-1,1,-1
20154100K0612,2,1,0,18,0,2,0,8,0,0,1,1,6,1,18,4,-1,-1,-1,-1,1,-1
20154100K0614,1,9,0,18,0,1,0,0,0,0,1,1,6,1,45,7,1968,2,7,-1,1,-1
20154100K0614,2,9,0,5,0,1,0,0,0,0,2,1,6,2,47,8,1390,1,3,-1,2,-1
20154100K0615,1,8,0,18,0,8,0,0,0,0,1,1,1,1,71,10,1198,1,1,-1,3,-1
20154100K0615,2,1,0,18,0,8,0,0,0,0,2,1,6,1,-1,-1,-1,-1,-1,-1,-1,-1
20154100K0621,1,1,0,18,0,8,0,0,0,0,1,1,6,1,31,6,-1,-1,-1,-1,1,-1
20154100K0621,2,9,0,9,0,6,0,0,0,0,1,1,6,2,35,6,1399,2,7,-1,1,-1
20154100K0623,1,9,0,5,0,1,0,0,0,0,1,1,6,2,52,8,1360,1,11,-1,1,-1
20154100K0623,2,9,0,4,0,1,0,0,0,0,2,1,6,2,63,9,1596,1,1,-1,2,-1
20154100K0624,1,97,0,7,0,4,0,0,0,0,3,1,2,1,29,6,279,1,5,-1,1,-1
20154100K0624,2,9,0,18,0,4,0,0,0,0,4,1,6,2,21,5,999,1,1,-1,1,-1
20154100K0626,1,9,0,18,0,0,0,0,0,0,4,1,6,1,82,11,2148,2,11,-1,1,-1
20154100K0626,2,1,0,18,0,0,0,0,0,0,3,1,6,1,-1,-1,-1,-1,-1,-1,1,-1
20154100K0629,1,19,0,5,0,4,0,0,0,0,1,1,1,1,63,9,1560,2,-1,-1,1,-1
20154100K0629,2,1,0,18,0,8,0,0,0,0,3,1,4,1,13,3,-1,-1,-1,-1,1,-1
20154100K0633,1,9,0,13,0,1,0,0,0,0,0,1,6,1,80,11,-1,-1,-1,-1,-1,-1
20154100K0633,2,90,0,4,0,6,0,0,0,0,2,1,6,1,50,8,-1,-1,-1,-1,1,-1
20154100K0633,3,9,0,5,0,6,0,0,0,0,1,1,6,2,43,7,-1,-1,-1,-1,1,-1
20154100K0634,1,9,0,5,0,6,0,0,0,0,1,1,6,1,60,9,1951,2,11,-1,1,-1
20154100K0634,2,9,0,18,0,8,0,0,0,0,4,1,6,2,39,7,1596,1,14,-1,1,-1
20154100K0640,1,19,0,9,0,4,0,0,0,0,1,1,1,1,58,9,-1,-1,-1,-1,1,-1
20154100K0640,2,9,0,18,0,8,0,0,0,0,4,1,3,2,34,6,1397,1,12,-1,1,-1
20154100K0643,1,9,0,18,0,0,0,0,0,0,1,1,6,2,23,5,1242,1,5,-1,1,-1
20154100K0649,1,9,0,9,0,5,0,0,0,0,3,1,6,2,52,8,1388,1,-1,-1,1,-1
20154100K0650,1,19,0,18,0,1,0,0,1,0,1,1,6,1,51,8,1968,2,9,-1,1,-1
20154100K0653,1,9,0,18,0,0,1,0,2,9,1,1,6,1,24,5,-1,-1,-1,-1,1,-1
20154100K0653,2,9,0,4,0,0,1,0,0,0,2,1,6,2,26,6,998,1,2,-1,-1,-1
20154100K0659,1,9,0,18,0,0,1,0,0,0,1,1,6,1,24,5,1587,1,14,-1,1,-1
20154100K0659,2,9,0,18,0,0,0,0,0,0,1,1,6,1,42,7,-1,-1,-1,-1,1,-1
20154100K0660,1,9,0,18,0,8,0,0,0,0,4,1,6,1,-1,-1,1560,2,3,-1,3,-1
20154100K0660,2,9,0,18,0,8,0,0,0,0,3,1,2,2,48,8,2993,2,2,-1,1,-1
20154100K0665,1,9,0,18,0,1,0,0,0,0,4,1,6,1,60,9,2143,2,3,-1,1,-1
20154100K0665,2,1,0,18,4,1,0,0,0,0,2,1,6,1,28,6,-1,-1,-1,-1,1,-1
20154100K0668,1,9,0,13,0,0,1,7,1,0,1,1,6,1,46,8,1896,2,13,-1,1,-1
20154100K0668,2,9,0,18,0,0,0,0,0,0,3,1,6,1,30,6,1910,2,12,-1,1,-1
20154100K0668,3,9,0,18,0,0,0,0,0,0,2,1,6,1,25,5,1364,1,6,-1,2,-1
20154100K0668,4,9,0,2,0,0,0,0,0,0,2,1,6,3,-1,-1,1390,1,12,-1,1,-1
20154100K0668,5,9,0,2,0,0,0,0,0,0,3,1,6,3,-1,-1,1798,8,2,-1,-1,-1
20154100K0669,1,9,0,5,0,4,0,0,0,0,1,1,6,1,52,8,-1,-1,-1,-1,1,-1
20154100T1002,1,9,0,12,0,0,0,0,0,0,0,1,6,3,-1,-1,-1,-1,-1,-1,-1,-1
20154100T1002,2,9,0,18,0,0,0,0,4,6,3,1,6,1,57,9,-1,-1,-1,-1,1,-1
20154100T1002,3,9,0,18,0,0,0,0,0,0,1,1,6,1,25,5,-1,-1,-1,-1,1,-1
20154100T1004,1,21,1,13,0,0,0,0,0,0,1,2,1,1,25,5,-1,-1,-1,-1,-1,-1
20154100T1004,2,9,0,18,0,0,1,0,0,0,2,1,6,1,69,10,1242,1,10,-1,1,-1
20154100T1006,1,9,0,18,0,0,0,0,0,0,1,1,6,1,-1,-1,-1,-1,-1,-1,-1,-1
20154100T1006,2,9,0,4,0,0,0,0,0,0,2,1,6,1,53,8,1497,8,7,-1,1,-1
20154100T1006,3,9,0,4,0,0,0,0,0,0,2,1,2,1,53,8,-1,-1,-1,-1,1,-1
20154100T1006,4,9,0,3,0,0,0,0,0,0,2,1,6,2,42,7,1796,1,14,-1,1,-1
20154100T1009,1,9,0,18,0,0,0,0,1,11,1,1,6,2,32,6,-1,-1,-1,-1,1,-1
20154100T1011,1,9,0,18,0,0,0,0,0,0,1,1,2,2,24,5,1242,1,6,-1,1,-1
20154100T1011,2,19,0,4,0,0,0,0,0,0,2,1,2,1,56,9,2198,2,2,-1,2,-1
20154100T1017,1,9,0,18,0,0,0,0,1,0,1,1,6,1,43,7,1598,1,2,-1,1,-1
20154100T1017,2,9,0,3,0,0,0,0,0,0,2,1,6,2,49,8,1461,2,9,-1,-1,-1
20154100T1018,1,21,1,11,0,0,0,0,0,0,4,1,1,1,55,8,10518,2,3,-1,1,-1
20154100T1018,2,9,0,18,0,0,0,0,0,6,3,1,1,1,59,9,-1,-1,-1,-1,1,-1
20154100T1019,1,9,0,18,0,0,1,0,5,6,1,1,6,1,29,6,-1,-1,-1,-1,1,-1
20154100T1020,1,9,0,12,0,0,0,0,0,0,0,1,6,3,-1,-1,-1,-1,-1,-1,-1,-1
20154100T1020,2,5,0,18,0,0,1,0,0,0,0,1,2,1,53,8,553,1,19,-1,1,-1
20154100T1024,1,21,1,12,0,0,0,0,0,0,3,2,1,1,29,6,-1,-1,-1,-1,-1,-1
20154100T1024,2,9,0,18,0,0,0,0,0,0,4,1,1,2,56,9,-1,-1,-1,-1,2,-1
20154100T1026,1,9,0,18,0,0,0,0,0,0,1,1,6,1,33,6,-1,-1,-1,-1,1,-1
20154100T1026,2,9,0,4,0,0,0,0,0,0,2,1,6,1,24,5,1596,1,10,-1,-1,-1
20154100T1026,3,9,0,4,0,0,0,0,0,0,2,1,6,1,24,5,1910,2,8,-1,1,-1
20154100T1026,4,9,0,4,0,0,0,0,0,0,2,1,6,1,49,8,-1,-1,-1,-1,1,-1
20154100T1027,1,9,0,5,0,0,0,0,0,0,1,1,6,2,47,8,1598,1,13,-1,1,-1
20154100T1027,2,9,0,3,0,0,0,0,0,0,2,1,6,1,34,6,1560,2,10,-1,1,-1
20154100T1029,1,9,0,15,0,0,0,0,1,0,3,1,6,1,35,6,1988,1,13,-1,1,-1
20154100T1029,2,9,0,18,0,0,0,0,5,6,4,1,6,1,43,7,-1,-1,-1,-1,1,-1
20154100T1032,1,9,0,18,0,0,0,0,0,0,1,1,2,2,49,8,-1,-1,-1,-1,-1,-1
20154100T1032,2,9,0,3,0,0,0,0,0,0,2,1,2,1,38,7,1796,7,11,-1,1,-1
20154100T1036,1,9,0,18,0,0,0,0,0,0,1,1,6,1,64,9,1587,1,9,-1,1,-1
20154100T1036,2,9,0,18,0,0,0,0,0,0,3,1,6,1,65,9,2354,1,11,-1,1,-1
20154100T1036,3,9,0,18,0,0,0,0,0,0,4,1,6,2,51,8,1997,1,7,-1,1,-1
20154100T1037,1,9,0,18,0,8,1,0,4,6,3,1,6,1,28,6,998,1,8,-1,1,-1
20154100T1037,2,9,0,18,0,8,0,0,0,0,1,1,6,1,42,7,2143,12,1,-1,1,-1
20154100T1038,1,9,0,18,0,0,0,11,0,0,1,1,6,1,20,4,1968,2,6,-1,1,-1
20154100T1038,2,19,0,18,0,0,0,0,1,7,2,1,6,1,33,6,1399,2,4,-1,1,-1
20154100T1039,1,19,0,11,0,0,0,0,0,0,0,1,1,1,43,7,2461,2,9,-1,1,-1
20154100T1040,1,21,0,18,0,0,0,0,0,0,1,1,1,1,-1,-1,4116,2,10,-1,-1,-1
20154100T1040,2,9,0,18,0,0,0,0,0,0,2,1,1,2,33,6,1997,2,8,-1,1,-1
20154100T1043,1,9,0,18,0,0,0,0,1,7,1,1,6,1,32,6,1199,1,12,-1,1,-1
20154100T1043,2,9,0,18,0,0,0,0,1,7,2,1,6,1,21,5,1598,1,-1,-1,1,-1
20154100T1044,1,5,0,16,0,0,1,0,1,7,1,1,6,1,24,5,-1,-1,-1,-1,1,-1
20154100T1045,1,9,0,18,0,0,0,0,5,6,2,1,6,2,68,10,1242,1,17,-1,1,-1
20154100T1045,2,21,1,12,0,0,0,0,0,0,1,2,1,1,43,7,-1,-1,-1,-1,-1,-1
20154100T1046,1,9,0,12,0,0,0,0,0,0,2,1,6,1,30,6,-1,-1,-1,-1,1,-1
20154100T1046,2,9,0,18,0,0,0,0,0,0,1,1,6,1,64,9,4999,1,2,-1,-1,-1
20154100T1047,1,9,0,18,0,0,2,0,2,0,1,1,6,1,27,6,1598,1,6,-1,1,-1
20154100T1049,1,9,0,12,0,0,2,0,0,0,1,1,6,1,21,5,1199,1,13,-1,1,-1
20154100T1049,2,9,0,18,0,0,0,0,0,0,2,1,6,1,69,10,1198,1,1,-1,3,-1
20154100T1057,1,9,0,11,0,0,0,0,1,2,1,1,2,1,34,6,1799,1,20,-1,1,-1
20154100T1060,1,9,0,7,0,3,0,0,0,0,1,1,2,2,25,5,1388,1,12,-1,1,-1
20154100T1060,2,9,0,18,0,8,0,0,0,0,1,1,2,2,26,6,1398,2,12,-1,1,-1
20154100T1064,1,21,1,12,0,0,0,0,0,0,1,2,1,1,59,9,-1,-1,-1,-1,-1,-1
20154100T1064,2,9,0,18,0,0,0,0,7,6,2,1,6,2,28,6,1598,1,14,-1,1,-1
20154100T1065,1,9,0,11,0,8,0,0,0,0,3,1,1,1,36,7,1999,1,12,-1,1,-1
20154100T1065,2,21,1,18,0,8,0,0,0,0,4,2,1,1,44,7,-1,-1,-1,-1,-1,-1
20154100T1068,1,9,0,18,0,0,0,0,0,0,1,1,6,1,19,4,2143,2,3,-1,1,-1
20154100T1068,2,9,0,3,0,0,0,0,0,0,2,1,6,2,40,7,1242,1,5,-1,1,-1
20154100T1068,3,9,0,3,0,0,0,0,0,0,2,1,6,1,58,9,2000,1,10,-1,1,-1
20154100T1071,1,9,0,18,0,0,0,0,0,0,1,1,6,2,20,4,998,1,8,-1,1,-1
20154100T1071,2,9,0,4,0,0,0,0,0,0,2,1,6,1,46,8,1973,1,14,-1,3,-1
20154100T1073,1,19,0,18,0,0,0,0,0,0,1,1,1,1,40,7,2143,2,2,-1,1,-1
20154100T1073,2,19,0,3,0,0,0,0,0,0,2,1,1,1,35,6,1870,2,-1,-1,1,-1
20154100T1074,1,9,0,18,0,0,0,0,5,6,1,1,1,1,29,6,1389,1,10,-1,1,-1
20154100T1075,1,9,0,18,0,0,0,0,0,0,1,1,6,2,47,8,998,1,13,-1,3,-1
20154100T1075,2,9,0,4,0,0,0,0,0,0,2,1,2,2,52,8,1995,2,8,-1,1,-1
20154100T1075,3,9,0,4,0,0,0,0,0,0,2,1,6,1,36,7,1998,1,13,-1,1,-1
20154100T1090,1,21,0,4,0,0,1,0,1,7,1,1,1,1,39,7,7146,2,4,-1,1,-1
20154100T1090,2,9,0,4,0,0,0,0,1,7,2,1,6,2,22,5,998,1,6,-1,1,-1
20154100T1090,3,9,0,3,0,0,0,0,1,0,2,1,6,2,36,7,1461,2,2,-1,1,-1
20154100T1092,1,9,0,18,0,0,0,0,0,0,0,1,6,1,38,7,1686,2,4,-1,1,-1
20154100T1092,2,9,0,18,0,0,0,0,7,6,1,1,6,1,24,5,1461,2,5,-1,1,-1
20154100T1097,1,19,0,4,0,0,0,0,0,0,1,1,1,1,59,9,2402,2,11,-1,-1,-1
20154100T1097,2,9,0,4,0,0,0,0,0,0,2,1,2,1,50,8,1398,1,3,-1,1,-1
20154100T1098,1,8,0,4,0,0,1,0,0,0,1,1,2,1,45,7,2664,2,15,-1,1,-1
20154100T1098,2,19,0,4,0,0,0,0,0,0,2,1,1,1,32,6,2143,2,3,-1,1,-1
20154100T1098,3,9,0,4,0,0,0,0,0,0,2,1,6,1,53,8,1198,1,2,-1,1,-1
20154100T1099,1,9,0,13,0,0,1,0,0,0,1,1,6,1,24,5,5204,1,-1,-1,1,-1
20154100T1099,2,9,0,13,0,0,1,0,0,0,2,1,6,1,43,7,1398,1,14,-1,1,-1
20154100T1099,3,9,0,18,0,0,1,0,0,0,3,1,6,2,43,7,1398,1,9,-1,1,-1
20154100T1104,1,9,0,4,0,0,0,0,0,0,1,1,6,1,19,4,1242,1,9,-1,1,-1
20154100T1104,2,9,0,4,0,0,0,0,0,0,2,1,6,1,21,5,1229,1,1,-1,2,-1
20154100T1104,3,9,0,4,0,0,0,0,0,0,2,1,6,1,24,5,1956,2,-1,-1,1,-1
20154100T1107,1,9,0,4,0,0,1,0,0,0,1,1,6,2,26,6,1329,1,5,-1,1,-1
20154100T1107,2,9,0,4,0,0,0,0,0,0,1,1,6,3,-1,-1,1198,1,8,-1,1,-1
20154100T1107,3,9,0,4,0,0,0,0,0,0,2,1,6,3,-1,-1,-1,-1,-1,-1,-1,-1
20154100T1108,1,21,1,18,0,0,0,0,0,0,3,2,1,1,39,7,-1,-1,-1,-1,-1,-1
20154100T1108,2,9,0,13,0,0,0,0,1,0,4,1,1,1,43,7,1797,8,5,-1,1,-1
20154100T1110,1,9,0,18,0,0,1,0,4,6,1,1,6,1,51,8,1896,2,11,-1,1,-1
20154100T1110,2,9,0,18,0,0,1,0,0,0,1,1,6,1,24,5,1596,1,10,-1,1,-1
20154100T1110,3,9,0,18,0,0,1,0,0,0,2,1,6,2,69,10,1388,1,9,-1,1,-1
20154100T1110,4,9,0,18,0,0,1,0,0,0,1,1,6,1,43,7,1229,1,9,-1,-1,-1
20154100T1110,5,9,0,18,0,0,1,0,0,0,1,1,6,1,35,6,1598,1,3,-1,3,-1
20154100T1112,1,9,0,4,0,0,0,0,0,0,2,1,6,1,36,7,1794,1,13,-1,1,-1
20154100T1112,2,9,0,18,0,0,0,0,0,0,1,1,6,1,61,9,-1,-1,-1,-1,1,-1
20154100T1114,1,9,0,18,0,0,1,0,2,7,1,1,6,2,23,5,1999,1,10,-1,1,-1
20154100T1114,2,9,0,18,0,0,2,0,0,0,1,1,6,1,63,9,1391,1,14,-1,1,-1
20154100T1114,3,9,0,4,0,0,0,0,0,0,2,1,1,1,32,6,1791,8,4,-1,1,-1
20154100T1116,1,9,0,11,0,0,0,0,4,6,2,1,6,2,30,6,1198,1,11,-1,1,-1
20154100T1116,2,19,0,18,0,0,0,0,1,7,1,1,1,1,50,8,1598,2,-1,-1,1,-1
20154100T1119,1,8,0,18,0,0,0,0,1,1,1,1,1,1,52,8,1997,2,9,-1,-1,-1
20154100T1120,1,9,0,18,0,0,0,0,0,0,1,1,6,1,33,6,1198,1,8,-1,1,-1
20154100T1120,2,9,0,18,0,0,0,0,0,0,2,1,6,2,24,5,1229,1,4,-1,1,-1
20154100T1125,1,21,1,12,0,0,1,0,0,0,3,2,1,1,43,7,-1,-1,-1,-1,-1,-1
20154100T1125,2,9,0,12,0,0,1,0,5,6,2,1,6,2,42,7,1398,1,4,-1,1,-1
20154100T1125,3,8,0,12,0,0,1,0,1,7,4,1,1,1,34,6,1997,2,5,-1,1,-1
20154100T1127,1,21,1,12,0,1,0,0,0,0,3,2,1,1,35,6,-1,-1,-1,-1,-1,-1
20154100T1127,2,9,0,13,0,1,1,0,0,0,4,1,2,1,37,7,1560,2,8,-1,1,-1
20154100T1128,1,9,0,18,0,0,0,0,0,0,1,1,6,1,40,7,2993,2,-1,-1,3,-1
20154100T1128,2,9,0,4,0,0,0,0,0,0,2,1,6,2,32,6,1587,1,12,-1,1,-1
20154100T1128,3,9,0,4,0,0,0,0,0,0,2,1,6,2,30,6,1686,2,4,-1,1,-1
20154100T1130,1,21,1,12,0,0,0,0,0,0,3,2,1,1,43,7,-1,-1,-1,-1,-1,-1
20154100T1130,2,9,0,18,0,0,0,0,1,4,4,1,6,1,32,6,1590,1,11,-1,-1,-1
20154100T1133,1,8,0,4,0,0,0,0,0,0,2,1,1,1,33,6,-1,-1,-1,-1,1,-1
20154100T1133,2,21,1,18,0,0,0,0,0,0,1,1,1,1,44,7,12900,2,3,-1,1,-1
20154100T1134,1,9,0,18,0,0,0,0,4,6,1,1,6,1,57,9,1339,1,4,-1,1,-1
20154100T1135,1,9,0,18,0,0,0,0,0,0,1,1,6,1,59,9,1598,1,8,-1,1,-1
20154100T1135,2,9,0,3,0,0,0,0,0,0,2,1,6,1,38,7,1998,2,10,-1,3,-1
20154100T1135,3,9,0,3,0,0,0,0,0,0,2,1,6,1,24,5,1242,1,3,-1,1,-1
20154100T1147,1,10,0,18,0,0,0,0,0,0,1,1,6,1,51,8,2402,2,10,-1,1,-1
20154100T1147,2,9,0,18,0,0,0,0,0,0,2,1,6,1,47,8,1497,8,10,-1,1,-1
20154100T1148,1,21,1,4,0,0,0,0,0,0,1,2,1,1,47,8,-1,-1,-1,-1,-1,-1
20154100T1148,2,9,0,3,0,0,0,0,0,0,2,1,6,1,53,8,1796,1,13,-1,1,-1
20154100T1148,3,9,0,3,0,0,0,0,0,0,0,1,6,3,-1,-1,-1,-1,-1,-1,-1,-1
20154100T1149,1,9,0,18,0,0,1,0,0,0,1,1,6,1,18,4,1124,1,12,-1,1,-1
20154100T1149,2,9,0,4,0,0,0,0,0,0,2,1,6,1,21,5,1995,2,7,-1,1,-1
20154100T1149,3,9,0,4,0,0,0,0,0,0,2,1,6,1,54,8,1598,2,2,-1,2,-1
20154100T1150,1,9,0,18,0,0,0,0,0,0,1,1,6,2,37,7,1968,2,1,-1,1,-1
20154100T1150,2,9,0,4,0,0,0,0,0,0,2,1,6,1,42,7,2204,2,7,-1,1,-1
20154100T1151,1,5,0,4,0,0,0,0,0,0,1,1,6,1,42,7,600,1,16,-1,1,-1
20154100T1151,2,9,0,4,0,0,0,0,0,0,2,1,6,1,32,6,1796,1,10,-1,2,-1
20154100T1151,3,9,0,18,0,0,0,0,0,0,3,1,6,1,46,8,1995,2,9,-1,1,-1
20154100T1153,1,9,0,18,0,0,2,0,8,2,1,1,6,1,18,4,1248,2,8,-1,1,-1
20154100T1155,1,9,0,18,0,0,0,0,0,0,1,1,6,2,46,8,1968,2,4,-1,3,-1
20154100T1155,2,9,0,18,0,0,0,0,0,0,2,1,6,1,46,8,-1,-1,-1,-1,1,-1
20154100T1156,1,9,0,18,0,0,1,0,8,6,3,1,2,1,60,9,1199,1,14,-1,1,-1
20154100T1157,1,9,0,18,0,0,0,0,0,0,1,1,6,2,21,5,1364,1,10,-1,-1,-1
20154100T1157,2,9,0,18,0,0,0,0,0,0,2,1,6,2,24,5,-1,-1,-1,-1,1,-1
20154100T1158,1,9,0,18,0,0,1,0,6,6,1,1,6,1,55,8,1598,1,6,-1,1,-1
20154100T1158,2,19,0,18,0,0,1,0,2,7,2,1,6,1,49,8,-1,-1,-1,-1,1,-1
20154100T1159,1,9,0,11,0,0,0,0,0,0,1,1,1,1,27,6,-1,-1,-1,-1,1,-1
20154100T1159,2,9,0,4,0,0,0,0,0,0,2,1,1,1,21,5,1360,1,8,-1,1,-1
20154100T1160,1,9,0,18,0,0,1,0,1,0,1,1,6,2,32,6,1200,1,-1,-1,3,-1
20154100T1160,2,9,0,18,0,0,0,0,0,0,4,1,6,2,32,6,1984,1,5,-1,1,-1
20154100T1160,3,9,0,18,0,0,0,0,0,0,3,1,6,1,40,7,1598,1,10,-1,1,-1
20154100T1160,4,21,1,18,0,0,0,0,0,0,3,1,1,1,64,9,12809,2,1,-1,1,-1
20154100T1164,1,9,0,18,0,0,0,0,0,0,1,1,6,1,72,10,1388,1,12,-1,1,-1
20154100T1164,2,9,0,18,0,0,0,0,0,0,2,1,6,2,42,7,-1,-1,-1,-1,2,-1