Accident_Index,Vehicle_Reference,Vehicle_Type,Towing_and_Articulation,Vehicle_Manoeuvre,Vehicle_Location-Restricted_Lane,Junction_Location,Skidding_and_Overturning,Hit_Object_in_Carriageway,Vehicle_Leaving_Carriageway,Hit_Object_off_Carriageway,1st_Point_of_Impact,Was_Vehicle_Left_Hand_Drive?,Journey_Purpose_of_Driver,Sex_of_Driver,Age_of_Driver,Age_Band_of_Driver,Engine_Capacity_(CC),Propulsion_Code,Age_of_Vehicle,Driver_IMD_Decile,Driver_Home_Area_Type,Vehicle_IMD_Decile
201542I031102,1,9,0,18,0,0,0,0,0,0,1,1,6,1,-1,-1,1328,1,5,-1,-1,-1
201542I031102,2,9,0,3,0,0,0,0,0,0,2,1,6,2,26,6,-1,-1,-1,-1,3,-1
201542I031202,1,9,0,17,0,3,0,0,0,0,1,1,3,1,33,6,2494,1,10,-1,-1,-1
201542I031202,2,9,0,17,0,4,0,0,0,0,2,1,1,1,32,6,1796,1,6,-1,1,-1
201542I031402,1,9,0,18,0,1,0,0,0,0,3,1,6,1,86,11,-1,-1,-1,-1,2,-1
201542I031402,2,9,0,9,0,1,0,0,0,0,1,1,6,1,20,4,-1,-1,-1,-1,1,-1
201542I031501,1,9,0,18,0,1,0,0,0,0,1,1,6,1,34,6,2993,2,-1,-1,3,-1
201542I031601,1,9,0,9,0,0,0,0,0,0,1,1,6,2,30,6,1590,1,4,-1,1,-1
201542I031601,2,9,0,18,0,0,0,0,0,0,3,1,6,1,28,6,-1,-1,-1,-1,1,-1
201542I031702,1,9,0,18,0,0,0,0,0,0,1,1,6,2,22,5,1149,1,4,-1,1,-1
201542I031702,2,9,0,2,0,0,0,0,0,0,2,1,6,3,-1,-1,1968,2,10,-1,1,-1
201542I031801,1,1,0,18,0,1,0,0,0,0,1,1,6,1,-1,-1,-1,-1,-1,-1,1,-1
201542I031801,2,9,0,9,0,1,0,0,0,0,4,1,6,1,50,8,-1,-1,-1,-1,1,-1
201542I031901,1,3,0,5,0,1,0,0,0,0,3,1,6,1,22,5,-1,-1,-1,-1,1,-1
201542I031901,2,9,0,18,0,1,0,0,0,0,1,1,6,2,28,6,1422,2,11,-1,1,-1
201542I032001,1,1,0,18,0,1,0,0,0,0,1,1,6,1,24,5,-1,-1,-1,-1,1,-1
201542I032001,2,9,0,18,0,2,0,0,0,0,1,1,1,1,37,7,1582,2,3,-1,3,-1
201542I032101,1,1,0,18,0,8,0,0,0,0,4,1,2,2,43,7,-1,-1,-1,-1,1,-1
201542I032101,2,9,0,9,0,8,0,0,0,0,1,1,1,1,22,5,-1,-1,-1,-1,1,-1
201542I032201,1,9,0,18,0,1,0,0,0,0,1,1,6,1,23,5,1390,1,8,-1,2,-1
201542I032201,2,9,0,4,0,1,0,0,0,0,2,1,1,1,17,4,-1,-1,-1,-1,-1,-1
201542I032301,1,9,0,15,0,0,0,0,1,3,4,1,6,1,76,11,2435,1,14,-1,3,-1
201542I032301,2,9,0,16,0,0,1,0,0,0,0,1,6,2,20,4,-1,-1,-1,-1,-1,-1
201542I032401,1,9,0,18,0,0,5,7,0,0,1,1,2,2,17,4,-1,-1,-1,-1,1,-1
201542I032501,1,9,0,18,0,0,0,0,0,0,1,1,6,1,24,5,1900,2,9,-1,1,-1
201542I032501,2,9,0,18,0,0,0,0,0,0,1,1,6,3,-1,-1,1995,2,4,-1,-1,-1
201542I032601,1,9,0,17,0,0,0,0,0,0,0,1,6,3,-1,-1,-1,-1,-1,-1,-1,-1
201542I032601,2,9,0,16,0,0,5,10,0,0,4,1,6,1,22,5,1998,1,12,-1,1,-1
201542I032701,1,9,0,13,0,0,1,0,7,0,1,1,2,1,36,7,5935,1,9,-1,3,-1
201542I032801,1,9,0,9,0,8,0,0,0,0,3,1,6,1,81,11,2400,2,3,-1,3,-1
201542I032801,2,9,0,18,0,8,0,0,0,0,1,1,6,2,51,8,1299,1,7,-1,1,-1
201542I032901,1,9,0,11,0,7,2,0,1,4,1,1,2,1,37,7,1388,1,9,-1,1,-1
201542I033002,1,9,0,4,0,1,0,0,0,0,1,1,6,2,36,7,1339,1,5,-1,1,-1
201542I033002,2,9,0,3,0,1,0,0,0,0,2,1,6,2,46,8,1390,1,15,-1,1,-1
201542I033101,1,9,0,16,0,0,0,0,0,0,0,1,6,3,-1,-1,-1,-1,-1,-1,-1,-1
201542I033101,2,9,0,16,0,0,1,0,1,11,1,1,1,2,52,8,1598,1,14,-1,1,-1
201542I033201,1,9,0,4,0,0,0,0,0,0,1,1,6,2,81,11,1248,1,1,-1,1,-1
201542I033301,1,9,0,18,0,0,0,0,0,0,1,1,6,2,52,8,1388,1,12,-1,1,-1
201542I033401,1,9,0,18,0,3,0,0,0,0,1,1,6,1,20,4,1896,2,10,-1,1,-1
201542I033601,1,9,0,18,0,0,1,0,5,6,1,1,2,1,33,6,1598,1,8,-1,-1,-1
201542I033601,2,9,0,18,0,0,0,0,0,0,1,1,2,2,23,5,-1,-1,-1,-1,3,-1
201542I033601,3,9,0,18,0,0,0,0,0,0,2,1,2,2,31,6,1956,2,1,-1,3,-1
201542I033701,1,9,0,18,0,0,0,0,0,0,1,1,6,2,67,10,1199,2,2,-1,1,-1
201542I033701,2,9,0,18,0,0,0,0,0,0,3,1,6,1,42,7,-1,-1,-1,-1,3,-1
201542I033801,1,3,0,14,0,0,1,0,0,0,1,1,6,1,28,6,640,1,15,-1,1,-1
201542I033801,2,9,0,18,0,0,0,0,0,0,1,1,6,1,49,8,1598,1,5,-1,1,-1
201542I034001,1,21,0,18,0,3,0,0,0,0,2,1,6,2,36,7,-1,-1,-1,-1,1,-1
201542I034001,2,9,0,18,0,4,0,0,0,0,1,1,6,3,-1,-1,-1,-1,-1,-1,-1,-1
201542I034102,1,9,0,18,0,0,0,0,0,0,1,1,6,1,-1,-1,-1,-1,-1,-1,1,-1
201542I034102,2,9,0,18,0,0,0,0,0,0,2,1,6,1,58,9,2179,2,6,-1,3,-1
201542I034202,1,9,0,18,0,3,0,0,0,0,4,1,6,1,39,7,1989,1,11,-1,1,-1
201542I034202,2,9,0,12,0,3,0,0,0,0,3,1,6,1,39,7,1598,1,2,-1,1,-1
201542I034302,1,9,0,18,0,1,0,0,0,0,0,1,6,1,-1,-1,-1,-1,-1,-1,-1,-1
201542I034302,2,1,0,18,0,1,0,0,0,0,0,1,2,1,29,6,-1,-1,-1,-1,1,-1
201542I034402,1,9,0,4,0,1,0,0,0,0,1,1,6,1,-1,-1,1193,1,-1,-1,-1,-1
201542I034402,2,9,0,3,0,1,0,0,0,0,2,1,6,2,35,6,2993,2,5,-1,1,-1
201542I034602,1,9,0,4,0,0,0,0,0,0,1,1,3,1,45,7,1896,2,8,-1,1,-1
201542I034602,2,9,0,3,0,0,0,0,0,0,2,1,2,2,44,7,1560,2,4,-1,1,-1
201542I034702,1,21,0,18,0,0,0,0,0,0,3,1,1,1,26,6,11946,2,4,-1,-1,-1
201542I034802,1,19,0,18,0,0,0,0,0,0,4,1,1,1,59,9,1896,2,10,-1,1,-1
201542I034802,2,9,0,10,0,0,0,0,0,0,3,1,6,2,39,7,1998,1,12,-1,1,-1
201542I034902,1,9,0,18,0,0,0,0,0,0,1,1,2,1,53,8,-1,-1,-1,-1,1,-1
201542I034902,2,19,0,3,0,0,0,0,0,0,2,1,2,1,58,9,-1,-1,-1,-1,1,-1
201542I034902,3,9,0,3,0,0,0,0,0,0,2,1,2,1,60,9,1896,2,16,-1,2,-1
201542I034902,4,9,0,18,0,0,0,0,0,0,1,1,6,1,31,6,-1,-1,-1,-1,1,-1
201542I035002,1,9,0,18,0,0,0,0,0,0,1,1,6,2,21,5,1798,1,6,-1,2,-1
201542I035002,2,19,0,3,0,0,0,0,0,0,2,1,6,1,25,5,1248,2,1,-1,1,-1
201542I035002,3,9,0,3,0,0,0,0,0,0,2,1,6,2,43,7,-1,-1,-1,-1,1,-1
201542I035102,1,97,0,18,9,0,0,0,0,0,1,1,6,1,-1,-1,-1,-1,-1,-1,-1,-1
201542I035202,1,9,0,4,0,0,1,0,0,0,1,1,6,1,60,9,-1,-1,-1,-1,2,-1
201542I035202,2,9,0,3,0,0,0,0,0,0,2,1,6,1,26,6,1796,1,11,-1,1,-1
201542I035202,3,9,0,3,0,0,0,0,0,0,2,1,6,1,18,4,1390,1,5,-1,-1,-1
201542I035302,1,9,0,13,0,0,0,0,0,0,1,1,6,1,49,8,-1,-1,-1,-1,1,-1
201542I035302,2,9,0,18,0,0,0,0,0,0,1,1,6,2,30,6,1685,2,2,-1,1,-1
201542I035402,1,9,0,18,0,0,1,10,7,4,4,1,6,1,56,9,-1,-1,-1,-1,1,-1
201542I035502,1,9,0,4,0,1,1,0,0,0,1,1,6,1,29,6,1229,1,3,-1,1,-1
201542I035502,2,9,0,4,0,1,0,0,0,0,2,1,6,1,30,6,-1,-1,-1,-1,1,-1
201542I035502,3,9,0,4,0,1,0,0,0,0,2,1,6,2,39,7,1360,1,7,-1,1,-1
201542I035602,1,9,0,18,0,2,0,0,0,0,2,1,6,1,47,8,-1,-1,-1,-1,1,-1
201542I035602,2,9,0,2,0,2,0,0,0,0,1,1,1,2,29,6,1598,1,2,-1,1,-1
201542I035702,1,9,0,18,0,0,1,0,8,2,4,1,6,1,33,6,-1,-1,-1,-1,2,-1
201542I035702,2,9,0,18,0,0,0,0,0,0,0,1,6,3,-1,-1,-1,-1,-1,-1,-1,-1
201542I035702,3,1,0,18,0,0,0,0,0,0,1,1,6,1,16,4,-1,-1,-1,-1,1,-1
201542I035802,1,10,0,5,4,1,0,0,0,0,1,1,6,1,-1,-1,-1,-1,-1,-1,-1,-1
201542I035802,2,1,0,18,9,1,0,0,0,0,1,1,6,1,11,3,-1,-1,-1,-1,1,-1
201542I035902,1,9,0,18,0,0,1,0,7,0,1,1,6,2,45,7,-1,-1,-1,-1,3,-1
201542I035902,2,9,0,18,0,0,0,0,0,0,1,1,6,2,50,8,3498,1,9,-1,3,-1
201542I036002,1,19,0,18,0,0,0,8,0,0,1,1,6,1,40,7,2198,2,5,-1,1,-1
201542I036002,2,9,0,3,0,0,0,0,0,0,3,1,6,2,36,7,1560,2,4,-1,1,-1
201542I036102,1,9,0,9,0,1,0,0,0,0,1,1,6,1,28,6,1995,2,11,-1,3,-1
201542I036102,2,9,0,17,0,1,0,0,0,0,1,1,1,1,35,6,1560,2,4,-1,1,-1
201542I036202,1,9,0,9,0,6,0,0,0,0,1,1,6,3,-1,-1,-1,-1,-1,-1,-1,-1
201542I036202,2,1,0,18,0,8,0,0,0,0,4,1,2,1,51,8,-1,-1,-1,-1,1,-1
201542I036301,1,9,0,18,0,1,0,0,0,0,3,1,6,3,-1,-1,-1,-1,-1,-1,-1,-1
201542I036402,1,9,0,18,0,1,0,0,0,0,1,1,1,2,24,5,1560,2,6,-1,2,-1
201542I036402,2,9,0,3,0,1,0,0,0,0,2,1,1,2,52,8,1248,1,1,-1,1,-1
201542I036402,3,9,0,3,0,1,0,0,0,0,2,1,1,2,50,8,1086,1,10,-1,1,-1
201542I036502,1,9,0,18,0,4,0,0,0,0,1,1,6,2,22,5,1242,1,6,-1,1,-1
201542I036502,2,1,0,18,0,8,0,0,0,0,2,1,6,1,81,11,-1,-1,-1,-1,1,-1
201542I036602,1,9,0,17,0,1,0,0,0,0,1,1,6,1,65,9,1149,1,-1,-1,1,-1
201542I036602,2,9,0,4,0,4,0,0,0,0,2,1,6,2,53,8,-1,-1,-1,-1,3,-1
201542I036702,1,9,0,9,0,0,0,0,0,0,1,1,6,2,73,10,1242,1,5,-1,2,-1
201542I036801,1,9,0,18,0,0,0,0,0,0,1,1,1,1,62,9,-1,-1,-1,-1,1,-1
201542I036902,1,9,0,18,0,0,0,0,0,0,1,1,6,1,32,6,1398,2,10,-1,1,-1
201542I036902,2,21,0,18,0,0,0,0,0,0,1,1,1,1,32,6,-1,-1,-1,-1,1,-1
201542I037001,1,1,0,18,0,0,0,0,0,0,4,1,2,1,39,7,-1,-1,-1,-1,1,-1
201542I037102,1,9,0,9,0,8,0,0,0,0,3,1,6,2,42,7,1275,1,19,-1,1,-1
201542I037102,2,9,0,17,0,8,0,0,0,0,1,1,6,1,26,6,-1,-1,-1,-1,1,-1
201542I037202,1,9,0,18,0,1,0,0,0,0,1,1,3,2,30,6,1598,1,10,-1,1,-1
201542I037302,1,9,0,9,0,8,0,0,0,0,1,1,6,2,58,9,1360,1,13,-1,1,-1
201542I037302,2,9,0,18,0,1,0,0,0,0,3,1,6,1,22,5,1596,1,6,-1,-1,-1
201542I037401,1,9,0,5,0,1,0,0,0,0,1,1,6,2,33,6,1796,1,5,-1,1,-1
201542I037502,1,9,0,18,0,3,1,0,0,0,1,1,6,2,63,9,1839,1,12,-1,1,-1
201542I037602,1,8,0,5,0,4,0,0,0,0,1,1,1,1,50,8,1910,2,7,-1,1,-1
201542I037602,2,9,0,3,0,4,0,0,0,0,2,1,2,2,25,5,1199,1,12,-1,1,-1
201542I037702,1,19,0,18,0,0,2,0,7,3,1,1,6,1,38,7,-1,-1,-1,-1,1,-1
201542I037902,1,9,0,7,0,6,0,0,0,0,3,1,6,2,77,11,1400,1,12,-1,3,-1
201542I037902,2,9,0,18,0,8,0,0,0,0,1,1,6,1,81,11,1240,1,10,-1,1,-1
201542I038002,1,9,0,18,0,0,0,0,7,11,1,1,1,1,34,6,1600,1,15,-1,1,-1
201542I038002,2,9,0,18,0,0,0,0,0,0,1,1,2,2,40,7,-1,-1,-1,-1,2,-1
201542I038101,1,9,0,18,0,0,0,0,0,0,0,1,2,1,64,9,2993,2,1,-1,1,-1
201542I038101,2,5,0,18,0,0,0,0,0,0,0,1,2,1,33,6,998,1,10,-1,1,-1
201542I038202,1,9,0,18,0,8,0,0,0,0,1,1,6,1,22,5,1900,2,11,-1,1,-1
201542I038202,2,1,0,11,0,8,0,0,0,0,4,1,6,1,32,6,-1,-1,-1,-1,1,-1
201542I038302,1,5,0,18,0,0,1,0,0,0,4,1,6,1,56,9,1000,1,10,-1,1,-1
201542I038402,1,9,0,9,0,8,0,0,0,0,1,1,6,1,25,5,1390,1,2,-1,1,-1
201542I038402,2,9,0,18,0,8,0,0,0,0,1,1,6,1,62,9,-1,-1,-1,-1,1,-1
201542I038502,1,4,0,18,0,1,1,0,0,0,0,1,6,1,51,8,385,1,14,-1,1,-1
201542I038502,2,19,0,18,0,1,0,0,0,0,0,1,6,1,56,9,-1,-1,-1,-1,1,-1
201542I038602,1,11,0,4,0,8,1,0,0,0,1,1,1,1,43,7,6700,2,2,-1,-1,-1
201542I038602,2,11,0,18,0,8,0,0,0,0,0,1,1,1,40,7,-1,2,13,-1,-1,-1
201542I038702,1,9,0,18,0,1,0,0,0,0,1,1,6,2,52,8,2438,1,19,-1,1,-1
201542I038702,2,1,0,18,0,1,1,0,0,0,2,1,1,1,54,8,-1,-1,-1,-1,-1,-1
201542I038801,1,9,0,18,0,1,0,0,0,0,1,1,6,2,84,11,1199,1,14,-1,2,-1
201542I038801,2,19,0,3,0,1,0,0,0,0,2,1,1,1,21,5,2143,2,1,-1,3,-1
201542I038902,1,9,0,3,0,1,0,0,0,0,1,1,6,1,61,9,1796,1,12,-1,1,-1
201542I039002,1,9,0,18,0,0,0,0,0,0,0,1,6,3,-1,-1,-1,-1,-1,-1,-1,-1
201542I039002,2,9,0,18,0,0,0,0,1,7,1,1,6,1,24,5,-1,-1,-1,-1,1,-1
201542I039102,1,9,0,18,0,1,1,0,0,0,1,1,6,1,27,6,1896,2,12,-1,1,-1
201542I039102,2,9,0,7,0,8,0,0,0,0,3,1,6,1,59,9,1388,1,5,-1,3,-1
201542I039201,1,9,0,18,0,1,0,0,0,0,1,1,6,1,68,10,2499,2,14,-1,2,-1
201542I039201,2,9,0,2,0,1,0,0,0,0,2,1,6,1,-1,-1,2495,2,23,-1,2,-1
201542I039302,1,9,0,4,0,0,0,0,0,0,1,1,2,1,75,10,-1,-1,-1,-1,1,-1
201542I039302,2,9,0,3,0,0,0,0,0,0,2,1,2,2,72,10,-1,-1,-1,-1,3,-1
201542I039302,3,9,0,3,0,0,0,0,0,0,2,1,2,1,61,9,-1,-1,-1,-1,3,-1
201542I039302,4,9,0,3,0,0,0,0,0,0,2,1,2,1,49,8,1997,2,11,-1,1,-1
201542I039302,5,9,0,3,0,0,0,0,0,0,2,1,6,2,21,5,1995,1,7,-1,1,-1
201542I039402,1,19,0,18,0,0,1,0,4,4,1,1,1,1,71,10,2287,2,1,-1,2,-1
201542I039402,2,9,0,18,0,0,0,0,0,4,1,1,6,1,49,8,1560,2,5,-1,3,-1
201542I039502,1,9,0,18,0,4,0,0,0,0,1,1,6,1,88,11,1596,1,13,-1,2,-1
201542I039602,1,9,0,9,0,8,0,0,0,0,1,1,1,2,42,7,1956,2,1,-1,1,-1
201542I039702,1,9,0,18,0,0,0,0,0,0,1,1,6,2,34,6,-1,-1,-1,-1,1,-1
201542I039702,2,9,0,4,0,0,0,0,0,0,2,1,6,2,24,5,-1,-1,-1,-1,1,-1
201542I039801,1,9,0,18,0,1,0,0,1,2,4,1,6,1,21,5,-1,-1,-1,-1,3,-1
201542I039802,1,9,0,4,0,2,0,0,0,0,1,1,6,2,50,8,1388,1,12,-1,1,-1
201542I039802,2,9,0,3,0,2,0,0,0,0,2,1,6,2,41,7,-1,-1,-1,-1,1,-1
201542I039901,1,9,0,9,0,3,0,0,0,0,4,1,6,2,63,9,-1,-1,-1,-1,1,-1
201542I039901,2,9,0,18,0,4,0,0,0,0,1,1,6,1,45,7,1248,1,2,-1,1,-1
201542I040002,1,19,0,16,0,0,1,0,0,0,1,1,1,1,39,7,1968,2,2,-1,2,-1
201542I040002,2,19,0,3,0,0,0,0,0,0,2,1,1,1,55,8,-1,-1,-1,-1,3,-1
201542I040102,1,9,0,9,0,8,0,0,0,0,3,1,6,1,54,8,1769,1,10,-1,1,-1
201542I040102,2,4,0,14,0,8,0,0,0,0,1,1,6,1,45,7,125,1,1,-1,2,-1
201542I040202,1,9,0,18,0,0,2,0,7,4,3,1,6,1,27,6,-1,-1,-1,-1,1,-1
201542I040302,1,9,0,5,0,4,0,0,0,0,1,1,6,1,44,7,2979,1,8,-1,1,-1
201542I040302,2,9,0,18,0,8,0,0,0,0,3,1,6,2,42,7,-1,-1,-1,-1,1,-1
201542I040402,1,9,0,9,0,6,0,0,0,0,1,1,6,1,73,10,1242,1,6,-1,1,-1
201542I040402,2,1,0,9,0,8,0,0,0,0,3,1,6,1,36,7,-1,-1,-1,-1,1,-1
201542I040502,1,9,0,11,0,3,0,0,0,0,4,1,6,1,50,8,1753,2,13,-1,1,-1
201542I040502,2,9,0,18,0,8,0,0,0,0,3,1,6,2,67,10,-1,-1,-1,-1,1,-1
201542I040601,1,19,0,18,0,1,0,0,0,0,1,1,2,1,23,5,-1,-1,-1,-1,1,-1
201542I040601,2,9,0,4,0,1,0,0,0,0,2,1,6,1,35,6,-1,-1,-1,-1,1,-1
201542I040601,3,9,0,4,0,1,0,0,0,0,2,1,6,1,32,6,1461,2,3,-1,1,-1
201542I040902,1,9,0,18,0,0,0,0,0,0,1,1,6,3,-1,-1,-1,-1,-1,-1,-1,-1
201542I041102,1,90,0,18,0,1,0,0,0,0,1,1,6,1,-1,-1,-1,-1,-1,-1,-1,-1
201542I041301,1,9,0,10,0,1,0,0,0,0,2,1,6,1,36,7,1587,1,9,-1,1,-1
201542I041301,2,9,0,18,0,1,0,0,0,0,1,1,6,1,25,5,1242,1,2,-1,1,-1
201542I041402,1,9,0,18,0,0,0,0,0,0,0,1,6,1,-1,-1,-1,-1,-1,-1,-1,-1
201542I041402,2,16,0,18,0,0,0,0,0,0,0,1,6,2,27,6,-1,-1,-1,-1,3,-1
201542I041501,1,9,0,18,0,8,0,0,3,9,1,1,6,1,32,6,-1,-1,-1,-1,1,-1
201542I041602,1,9,0,18,0,1,5,0,7,1,1,1,6,1,45,7,1598,1,10,-1,1,-1
201542I041602,2,9,0,2,6,1,0,0,0,0,0,1,6,3,-1,-1,-1,-1,-1,-1,-1,-1
201542I041802,1,9,0,18,0,0,0,0,0,4,1,1,6,2,32,6,1598,1,8,-1,3,-1
201542I041902,1,9,0,18,0,1,0,0,0,0,1,1,6,3,-1,-1,-1,-1,-1,-1,-1,-1
201542I042002,1,9,0,9,0,8,0,0,0,0,3,1,6,2,51,8,1956,2,5,-1,1,-1
201542I042002,2,5,0,18,0,8,0,0,0,0,4,1,6,1,45,7,748,1,3,-1,1,-1
201542I042102,1,9,0,18,0,1,0,0,0,0,1,1,6,1,74,10,-1,-1,-1,-1,1,-1
201542I042102,2,9,0,18,0,1,0,0,0,0,1,1,6,2,51,8,796,1,12,-1,1,-1
201542I042202,1,9,0,6,8,6,0,0,0,0,1,1,6,1,41,7,2148,2,12,-1,1,-1
201542I042202,2,9,0,14,0,2,0,0,0,0,4,1,6,2,20,4,1599,1,10,-1,1,-1
201542I042202,3,9,0,2,6,1,0,0,0,0,3,1,1,2,34,6,2198,2,10,-1,1,-1
201542I042402,1,9,0,18,0,0,5,0,7,4,1,1,6,1,16,4,1796,1,10,-1,1,-1
201542I042502,1,9,0,9,0,1,0,0,0,0,1,1,6,2,55,8,999,1,3,-1,1,-1
201542I042601,1,9,0,6,0,0,0,0,0,0,3,1,6,2,38,7,-1,-1,-1,-1,1,-1
201542I042601,2,9,0,4,0,0,0,1,0,0,4,1,6,1,32,6,2148,2,7,-1,1,-1
201542I042702,1,9,0,18,0,0,0,0,0,0,1,1,2,2,25,5,1598,1,3,-1,1,-1
201542I042702,2,9,0,4,0,0,0,0,0,0,2,1,6,2,25,5,1870,2,6,-1,1,-1
201542I042902,1,9,0,12,0,0,0,0,0,0,3,1,2,1,50,8,1798,1,2,-1,1,-1
201542I042902,2,5,0,13,0,0,0,0,0,0,4,1,2,1,31,6,1188,1,26,-1,-1,-1
201542I043002,1,9,0,9,0,1,0,0,0,0,0,1,6,1,58,9,1199,1,13,-1,1,-1
201542I043002,2,3,0,18,0,1,1,0,0,0,0,1,1,1,27,6,125,1,3,-1,1,-1
201542I043102,1,9,0,18,0,1,0,0,0,0,1,1,6,1,-1,-1,-1,-1,-1,-1,-1,-1
201542I043102,2,3,0,3,0,1,0,0,0,0,2,1,6,1,18,4,124,1,9,-1,1,-1
201542I043102,3,9,0,3,0,1,0,0,0,0,2,1,6,1,62,9,1598,1,10,-1,1,-1
201542I043202,1,9,0,18,0,2,0,0,7,0,1,1,6,3,-1,-1,-1,-1,-1,-1,-1,-1
201542I043302,1,9,0,18,0,4,0,0,0,0,1,1,6,2,59,9,1149,1,8,-1,1,-1
201542I043302,2,9,0,9,0,3,0,0,0,0,4,1,6,1,22,5,1560,2,9,-1,1,-1
201542I043402,1,9,0,3,0,1,0,0,0,0,1,1,1,1,-1,-1,-1,-1,-1,-1,-1,-1
201542I043402,2,9,0,3,0,1,0,0,0,0,2,1,6,2,28,6,-1,-1,-1,-1,1,-1
201542I043502,1,9,0,17,0,0,1,0,0,0,1,1,6,1,22,5,1895,1,15,-1,1,-1
201542I043502,2,19,0,18,0,0,0,0,0,0,1,1,6,1,33,6,1753,2,12,-1,1,-1
201542I043602,1,90,0,18,0,0,0,0,0,0,0,1,6,3,-1,-1,-1,-1,-1,-1,-1,-1
201542I043602,2,9,0,18,0,0,0,0,0,0,1,1,2,2,33,6,1598,1,16,-1,1,-1
201542I043702,1,9,0,17,0,1,0,0,0,0,1,1,6,1,21,5,1199,1,1,-1,-1,-1
201542I043702,2,9,0,9,0,1,0,0,0,0,1,1,6,1,17,4,-1,-1,-1,-1,1,-1
201542I043802,1,98,0,18,0,0,0,0,0,0,3,1,6,3,-1,-1,-1,-1,-1,-1,-1,-1
201542I043802,2,9,0,18,0,0,0,0,0,0,4,1,2,2,29,6,1560,2,5,-1,1,-1
201542I043902,1,5,0,18,0,4,0,0,0,0,4,1,1,1,50,8,-1,-1,-1,-1,-1,-1
201542I044002,1,21,1,12,0,0,0,0,0,0,1,2,1,1,45,7,-1,-1,-1,-1,-1,-1
201542I044002,2,9,0,18,0,0,1,0,0,0,2,1,2,1,52,8,-1,-1,-1,-1,1,-1
201542I044102,1,9,0,9,0,1,0,0,0,0,4,1,2,1,23,5,1975,1,7,-1,1,-1
201542I044102,2,1,0,18,0,1,0,0,0,0,1,1,6,1,33,6,-1,-1,-1,-1,-1,-1
201542I044202,1,19,0,18,0,1,1,0,0,0,1,1,6,1,50,8,-1,-1,-1,-1,1,-1
201542I044202,2,9,0,1,0,1,0,0,0,0,2,1,6,2,51,8,1769,1,9,-1,1,-1
201542I044202,3,9,0,2,0,1,0,0,0,0,2,1,6,3,-1,-1,2231,2,9,-1,-1,-1
201542I044202,4,9,0,2,0,1,0,0,0,0,1,1,6,3,-1,-1,1299,1,14,-1,-1,-1
201542I044302,1,9,0,16,0,0,0,0,0,0,1,1,6,2,77,11,1339,1,8,-1,1,-1
201542I044302,2,9,0,2,0,0,0,0,0,0,2,1,6,3,-1,-1,-1,-1,-1,-1,1,-1
201542I044501,1,9,0,16,0,1,1,0,7,0,3,1,2,2,18,4,1388,1,8,-1,-1,-1
201542I044601,1,9,0,5,0,6,0,0,0,0,2,1,6,1,79,11,1560,2,7,-1,1,-1
201542I044601,2,2,0,18,0,8,1,0,0,0,1,1,6,1,16,4,49,1,1,-1,1,-1
201542I044701,1,9,0,18,0,0,0,0,0,0,1,1,6,2,69,10,1248,1,2,-1,2,-1
201542I044701,2,9,0,3,0,0,0,0,0,0,2,1,6,2,38,7,2000,2,11,-1,1,-1
201542I044701,3,9,0,3,0,0,0,0,0,0,2,1,6,2,47,8,2993,2,2,-1,3,-1
201542I044801,1,9,0,16,0,1,1,0,7,9,1,1,6,2,-1,-1,1868,2,13,-1,-1,-1
201542I044902,1,9,0,5,0,8,0,0,0,0,1,1,6,1,38,7,-1,-1,-1,-1,1,-1
201542I044902,2,9,0,18,0,1,0,0,0,0,4,1,6,2,28,6,1388,1,10,-1,1,-1
201542I045002,1,9,0,17,0,1,1,0,7,0,4,1,2,1,50,8,-1,-1,-1,-1,1,-1
201542I045002,2,19,0,18,0,1,0,0,0,0,1,1,1,2,22,5,2148,2,7,-1,1,-1
201542I045101,1,9,0,18,0,0,0,0,0,0,4,1,2,1,34,6,1248,2,8,-1,1,-1
201542I045202,1,98,0,7,0,3,0,0,0,0,3,1,1,1,-1,-1,-1,-1,-1,-1,-1,-1
201542I045202,2,9,0,18,0,8,0,0,0,0,4,1,6,2,50,8,1364,1,1,-1,1,-1
201542I045401,1,9,0,4,0,0,0,0,0,0,1,1,2,1,47,8,1997,1,9,-1,1,-1
201542I045401,2,9,0,4,0,0,0,0,0,0,2,1,2,2,19,4,-1,-1,-1,-1,1,-1
201542I045401,3,9,0,4,0,0,0,0,0,0,2,1,2,1,31,6,1560,2,4,-1,1,-1
201542I045501,1,9,0,18,0,8,0,0,0,0,1,1,1,1,23,5,1242,1,15,-1,2,-1
201542I045501,2,9,0,3,0,5,0,0,0,0,2,1,6,1,43,7,1242,1,4,-1,1,-1
201542I045601,1,9,0,12,0,0,0,0,0,0,3,1,2,1,40,7,2521,1,8,-1,1,-1
201542I045601,2,9,0,18,0,0,0,0,0,0,0,1,2,1,46,8,-1,-1,-1,-1,1,-1
201542I045601,3,5,0,18,0,0,1,0,0,0,4,1,2,1,37,7,-1,-1,-1,-1,1,-1
201542I045701,1,3,0,18,0,0,0,0,0,0,1,1,6,1,28,6,125,1,4,-1,1,-1
201542I045701,2,9,0,18,0,0,0,0,0,0,3,1,6,2,34,6,1364,1,6,-1,1,-1
201542I045701,3,19,0,18,0,0,0,0,0,0,2,1,6,1,41,7,1248,2,4,-1,1,-1
201542I045701,4,21,0,18,0,0,0,0,0,0,0,1,1,1,-1,-1,-1,-1,-1,-1,3,-1