Accident_Index,Vehicle_Reference,Vehicle_Type,Towing_and_Articulation,Vehicle_Manoeuvre,Vehicle_Location-Restricted_Lane,Junction_Location,Skidding_and_Overturning,Hit_Object_in_Carriageway,Vehicle_Leaving_Carriageway,Hit_Object_off_Carriageway,1st_Point_of_Impact,Was_Vehicle_Left_Hand_Drive?,Journey_Purpose_of_Driver,Sex_of_Driver,Age_of_Driver,Age_Band_of_Driver,Engine_Capacity_(CC),Propulsion_Code,Age_of_Vehicle,Driver_IMD_Decile,Driver_Home_Area_Type,Vehicle_IMD_Decile
201542I045801,1,9,0,18,0,0,0,0,0,0,1,1,2,1,35,6,973,1,13,-1,1,-1
201542I045801,2,19,0,18,0,0,0,0,0,0,1,1,1,1,54,8,2198,2,3,-1,1,-1
201542I045901,1,9,0,18,0,8,0,0,1,2,1,1,6,2,85,11,999,1,12,-1,1,-1
201542I046001,1,3,0,18,0,4,0,9,0,0,0,1,2,1,48,8,-1,-1,-1,-1,1,-1
201542I046201,1,9,0,18,0,0,0,0,0,0,1,1,1,1,21,5,-1,-1,-1,-1,1,-1
201542I046201,2,9,0,18,0,0,1,0,0,0,2,1,1,2,21,5,-1,-1,-1,-1,3,-1
201542I046201,3,9,0,18,0,0,1,0,0,0,2,1,1,1,42,7,-1,-1,-1,-1,1,-1
201542I046302,1,9,0,1,0,0,0,0,0,0,2,1,6,3,-1,-1,2993,2,9,-1,1,-1
201542I046402,1,21,0,18,0,0,1,0,0,0,0,1,1,1,50,8,-1,-1,-1,-1,1,-1
201542I046502,1,9,0,18,0,8,0,0,0,0,1,1,1,1,25,5,-1,-1,-1,-1,1,-1
201542I046502,2,9,0,3,0,8,0,0,0,0,1,1,6,2,62,9,1560,2,4,-1,1,-1
201542I046502,3,9,0,10,0,8,0,0,0,0,2,1,1,1,48,8,1956,2,1,-1,1,-1
201542I046602,1,9,0,18,0,8,0,7,0,0,1,1,6,1,-1,-1,-1,-1,-1,-1,-1,-1
201542I046602,2,9,0,18,0,8,0,0,0,0,1,1,1,1,57,9,-1,-1,-1,-1,1,-1
201542I046702,1,9,0,4,0,7,0,0,1,0,1,1,6,2,-1,-1,-1,-1,-1,-1,-1,-1
201542I046702,2,9,0,4,0,7,0,0,0,1,2,1,6,2,52,8,-1,-1,-1,-1,1,-1
201542I046802,1,9,0,18,0,0,0,0,0,0,1,1,2,1,37,7,2143,2,5,-1,1,-1
201542I046802,2,9,0,3,0,0,0,0,0,0,2,1,2,1,43,7,998,1,15,-1,1,-1
201542I046902,1,9,0,18,0,1,1,0,1,3,1,1,2,1,31,6,1686,2,12,-1,1,-1
201542I047002,1,9,0,9,0,6,0,0,0,0,1,1,1,1,52,8,-1,-1,-1,-1,-1,-1
201542I047002,2,9,0,18,0,1,0,0,0,0,3,1,6,2,83,11,1390,1,12,-1,1,-1
201542I047102,1,9,0,9,0,6,0,0,0,0,1,1,6,2,55,8,1388,1,11,-1,2,-1
201542I047102,2,1,0,18,0,2,0,0,0,0,4,1,6,1,19,4,-1,-1,-1,-1,-1,-1
201542I047202,1,9,0,18,0,1,2,0,7,0,4,1,2,1,25,5,1587,1,13,-1,2,-1
201542I047202,2,9,0,18,0,1,0,0,0,0,4,1,1,1,54,8,1560,2,3,-1,1,-1
201542I047302,1,9,0,18,0,0,1,0,0,0,1,1,6,1,33,6,1896,2,12,-1,1,-1
201542I047302,2,9,0,18,0,0,0,0,0,0,2,1,6,2,35,6,1360,1,11,-1,1,-1
201542I047402,1,9,0,4,0,0,0,0,0,0,3,1,6,1,22,5,1753,2,8,-1,-1,-1
201542I047402,2,5,0,18,0,0,1,0,0,0,1,1,2,1,52,8,-1,-1,-1,-1,1,-1
201542I047502,1,9,0,17,0,0,1,0,1,4,1,1,6,1,18,4,-1,-1,-1,-1,-1,-1
201542I047602,1,9,0,9,0,6,0,0,0,0,1,1,6,1,27,6,1360,1,8,-1,1,-1
201542I047602,2,3,0,18,0,8,0,0,0,0,0,1,6,1,26,6,124,1,8,-1,1,-1
201542I047702,1,9,0,3,0,0,0,0,0,0,1,1,6,2,-1,-1,1587,1,14,-1,-1,-1
201542I047702,2,9,0,3,0,0,0,0,0,0,2,1,1,2,21,5,-1,-1,-1,-1,1,-1
201542I047802,1,9,0,7,0,6,0,0,0,0,1,1,6,1,-1,-1,1587,1,18,-1,-1,-1
201542I047802,2,9,0,18,0,6,0,0,0,0,4,1,6,2,45,7,-1,-1,-1,-1,1,-1
201542I047902,1,9,0,1,0,0,0,0,0,0,2,1,6,1,-1,-1,-1,-1,-1,-1,-1,-1
201542I047902,2,1,0,18,5,0,0,0,0,0,1,1,2,1,21,5,-1,-1,-1,-1,1,-1
201542I048002,1,98,0,14,0,0,0,0,0,0,1,1,6,1,-1,-1,-1,-1,-1,-1,-1,-1
201542I048002,2,9,0,3,0,0,0,0,0,0,2,1,6,1,57,9,1240,1,5,-1,3,-1
201542I048102,1,9,0,18,0,8,0,0,0,0,4,1,6,2,27,6,1599,1,11,-1,1,-1
201542I048102,2,9,0,18,0,8,0,0,0,0,3,1,6,1,32,6,-1,-1,-1,-1,1,-1
201542I048202,1,9,0,18,0,0,0,0,0,0,1,1,1,2,20,4,1995,1,4,-1,1,-1
201542I048202,2,9,0,5,0,0,0,0,0,0,3,1,6,1,-1,-1,1400,2,10,-1,-1,-1
201542I048302,1,9,0,11,0,3,0,0,0,0,4,1,6,2,-1,-1,-1,-1,-1,-1,-1,-1
201542I048302,2,9,0,3,0,3,0,0,0,0,3,1,6,2,38,7,-1,-1,-1,-1,1,-1
201542I048402,1,9,0,18,0,2,0,0,0,0,1,1,6,2,-1,-1,1596,1,10,-1,1,-1
201542I048402,2,9,0,4,0,2,0,0,0,0,2,1,6,1,17,4,1499,2,1,-1,1,-1
201542I048502,1,98,0,11,0,0,0,0,0,0,4,1,6,3,-1,-1,-1,-1,-1,-1,-1,-1
201542I048502,2,9,0,18,0,0,0,0,0,0,0,1,6,1,24,5,1753,2,14,-1,1,-1
201542I048602,1,9,0,4,0,4,0,0,0,0,1,1,6,3,-1,-1,-1,-1,-1,-1,-1,-1
201542I048602,2,9,0,18,0,4,0,0,0,0,2,1,6,1,23,5,1560,2,2,-1,1,-1
201542I048702,1,9,0,9,0,8,0,0,0,0,1,1,6,1,-1,-1,1497,1,14,-1,1,-1
201542I048702,2,1,0,18,0,8,0,0,0,0,4,1,6,1,41,7,-1,-1,-1,-1,1,-1
201542I048801,1,9,0,10,0,1,0,0,0,0,1,1,6,3,-1,-1,-1,-1,-1,-1,-1,-1
201542I048801,2,9,0,10,0,1,0,0,0,0,2,1,6,1,47,8,1390,1,15,-1,1,-1
201542I048902,1,9,0,12,0,4,0,0,0,0,4,1,6,1,-1,-1,1580,1,27,-1,1,-1
201542I048902,2,9,0,18,0,4,0,0,0,0,3,1,6,2,49,8,1685,2,1,-1,1,-1
201542I049002,1,9,0,1,9,5,0,0,0,0,2,1,6,2,-1,-1,1598,2,2,-1,-1,-1
201542I049102,1,9,0,18,0,1,0,0,0,0,1,1,6,3,-1,-1,-1,-1,-1,-1,-1,-1
201542I049202,1,9,0,18,0,1,0,0,0,0,1,1,6,3,-1,-1,-1,-1,-1,-1,-1,-1
201542I049302,1,9,0,18,0,3,0,0,0,0,1,1,6,1,-1,-1,-1,-1,-1,-1,-1,-1
201542I049302,2,9,0,5,0,4,0,0,0,0,3,1,6,1,39,7,1753,2,8,-1,1,-1
201542I049402,1,9,0,18,0,1,0,0,0,0,1,1,6,3,-1,-1,-1,-1,-1,-1,-1,-1
201542I049402,2,9,0,3,0,1,0,0,0,0,2,1,6,1,34,6,-1,-1,-1,-1,1,-1
201542I049502,1,9,0,18,0,1,0,0,0,0,1,1,6,2,-1,-1,1242,1,13,-1,-1,-1
201542I049502,2,9,0,3,0,1,0,0,0,0,2,1,3,2,31,6,-1,-1,-1,-1,1,-1
201542I049602,1,90,0,18,0,0,0,0,0,0,0,1,6,1,-1,-1,-1,-1,-1,-1,-1,-1
201542I049602,2,9,0,9,0,0,0,0,0,0,4,1,6,1,31,6,1896,2,11,-1,1,-1
201542I049702,1,9,0,9,0,1,0,0,0,0,1,1,6,1,-1,-1,1124,1,13,-1,1,-1
201542I049702,2,9,0,3,0,1,0,0,0,0,4,1,1,2,29,6,1984,1,7,-1,-1,-1
201542I049802,1,9,0,3,0,4,0,0,0,0,2,1,6,1,-1,-1,-1,-1,-1,-1,1,-1
201542I049802,2,9,0,3,0,4,0,0,0,0,1,1,6,2,38,7,1560,2,2,-1,3,-1
201542I049902,1,11,0,18,0,4,0,0,0,0,1,1,1,3,-1,-1,4760,2,3,-1,-1,-1
201542I049902,2,9,0,18,0,4,0,0,0,0,2,1,6,2,-1,-1,1396,1,1,-1,1,-1
201542I050002,1,9,0,17,0,0,0,0,0,0,4,1,1,2,44,7,1798,8,1,-1,1,-1
201542I050202,1,9,0,9,0,0,0,0,0,0,1,1,6,2,50,8,2401,2,11,-1,1,-1
201542I050202,2,9,0,18,0,0,0,0,0,0,4,1,6,2,25,5,1995,2,4,-1,1,-1
201542I050302,1,9,0,18,0,0,0,0,0,0,1,1,6,1,22,5,1388,1,12,-1,1,-1
201542I050302,2,1,0,18,0,0,0,0,0,0,1,1,6,1,12,3,-1,-1,-1,-1,1,-1
201542I050402,1,11,0,18,0,0,0,0,0,0,1,1,1,1,34,6,4500,2,4,-1,1,-1
201542I050402,2,9,0,18,0,0,0,0,0,0,2,1,6,2,72,10,-1,-1,-1,-1,1,-1
201542I050402,3,9,0,18,0,0,0,0,0,0,2,1,6,1,19,4,1229,1,1,-1,1,-1
201542I050502,1,9,0,18,0,2,2,4,0,0,1,1,6,1,78,11,1597,2,-1,-1,1,-1
201542I050502,2,9,0,2,0,2,0,0,0,0,2,1,6,2,-1,-1,1229,1,9,-1,-1,-1
201542I050602,1,9,0,5,0,4,0,0,0,0,1,1,6,1,32,6,973,1,15,-1,-1,-1
201542I050602,2,5,0,3,0,4,0,0,0,0,2,1,6,1,51,8,892,1,20,-1,1,-1
201542I050802,1,9,0,10,0,1,0,0,0,0,3,1,6,2,69,10,1797,8,5,-1,1,-1
201542I050802,2,9,0,18,0,8,0,0,0,0,1,1,6,2,68,10,1329,1,6,-1,2,-1
201542I050902,1,9,0,18,0,8,0,0,0,0,1,1,2,1,63,9,-1,-1,-1,-1,1,-1
201542I051002,1,9,0,18,0,4,0,0,0,0,1,1,6,1,57,9,1198,1,2,-1,1,-1
201542I051002,2,9,0,9,0,8,0,0,0,0,4,1,6,2,61,9,-1,-1,-1,-1,1,-1
201542I051101,1,9,0,5,0,6,0,0,0,0,3,1,6,1,77,11,1398,1,2,-1,1,-1
201542I051101,2,2,0,18,0,1,0,0,0,0,1,1,6,1,17,4,49,1,1,-1,1,-1
201542I051202,1,9,0,18,0,2,0,0,0,0,1,1,6,2,64,9,1591,1,1,-1,1,-1
201542I051202,2,8,0,5,0,6,0,0,0,0,2,1,1,1,56,9,1753,2,8,-1,1,-1
201542I051202,3,9,0,5,0,6,0,0,0,0,2,1,6,2,28,6,1596,1,1,-1,1,-1
201542I051302,1,9,0,9,0,8,0,0,0,0,1,1,3,2,32,6,1995,2,6,-1,1,-1
201542I051302,2,9,0,18,0,8,0,0,0,0,1,1,3,2,34,6,1390,1,11,-1,1,-1
201542I051402,1,9,0,16,0,0,2,0,0,0,1,1,6,2,53,8,1598,1,10,-1,3,-1
201542I051502,1,20,0,12,0,0,0,0,0,0,1,1,1,1,51,8,4500,2,8,-1,-1,-1
201542I051502,2,9,0,3,0,0,0,0,0,0,2,1,1,2,46,8,1560,2,4,-1,1,-1
201542I051602,1,19,0,18,0,8,1,0,0,0,1,1,2,1,57,9,1686,2,12,-1,1,-1
201542I051602,2,9,0,10,0,8,0,0,0,0,1,1,2,2,20,4,-1,-1,-1,-1,1,-1
201542I051802,1,21,0,12,0,0,0,0,0,0,3,2,1,1,31,6,-1,-1,-1,-1,-1,-1
201542I051802,2,9,0,18,0,0,0,0,5,6,4,1,6,1,69,10,-1,-1,-1,-1,1,-1
201542I051902,1,9,0,4,0,0,0,0,0,0,1,1,6,1,33,6,4196,1,13,-1,1,-1
201542I051902,2,21,0,16,0,0,0,0,0,0,1,1,1,1,40,7,-1,-1,-1,-1,1,-1
201542I052001,1,9,0,4,0,1,0,0,0,0,1,1,6,1,-1,-1,-1,-1,-1,-1,-1,-1
201542I052001,2,9,0,4,0,1,0,0,0,0,2,1,6,2,23,5,1598,1,10,-1,1,-1
201542I052102,1,9,0,7,0,0,0,0,7,11,3,1,1,1,68,10,1597,1,15,-1,2,-1
201542I052202,1,9,0,18,0,1,0,0,0,0,1,1,6,1,27,6,-1,-1,-1,-1,1,-1
201542I052202,2,9,0,4,0,1,0,0,0,0,2,1,6,2,21,5,-1,-1,-1,-1,3,-1
201542I052202,3,19,0,4,0,1,0,0,0,0,2,1,6,1,57,9,2143,2,3,-1,1,-1
201542I052302,1,11,0,18,2,2,0,0,0,0,1,1,1,1,45,7,-1,-1,-1,-1,3,-1
201542I052402,1,5,0,18,0,0,0,0,0,0,0,1,2,1,31,6,1043,1,2,-1,1,-1
201542I052502,1,19,0,6,0,0,0,0,0,0,3,1,1,1,-1,-1,1461,2,3,-1,2,-1
201542I052502,2,9,0,18,0,0,0,0,0,0,3,1,6,2,40,7,1991,2,4,-1,2,-1
201542I052602,1,9,0,18,0,0,0,4,0,0,1,1,6,1,20,4,-1,-1,-1,-1,1,-1
201542I052602,2,9,0,2,0,0,0,0,0,0,1,1,6,3,-1,-1,1998,2,7,-1,-1,-1
201542I052702,1,9,0,18,0,8,0,0,1,4,1,1,6,1,21,5,1598,1,12,-1,1,-1
201542I052702,2,9,0,10,0,8,0,0,0,0,2,1,6,2,29,6,1956,2,2,-1,1,-1
201542I052802,1,9,0,9,0,6,0,0,1,11,1,1,6,2,34,6,-1,-1,-1,-1,1,-1
201542I052902,1,9,0,18,0,0,1,0,0,0,3,1,6,1,45,7,3628,2,5,-1,3,-1
201542I052902,2,21,0,18,0,0,1,0,0,0,3,1,1,1,47,8,7146,2,1,-1,1,-1
201542I053002,1,9,0,7,0,6,0,0,0,0,1,1,1,2,50,8,1753,2,13,-1,1,-1
201542I053002,2,3,0,9,0,6,0,0,0,0,4,1,6,1,-1,-1,-1,-1,-1,-1,-1,-1
201542I053102,1,9,0,9,0,8,0,0,0,0,3,1,6,2,41,7,1386,1,8,-1,1,-1
201542I053102,2,9,0,18,0,8,0,0,0,0,1,1,6,1,-1,-1,1905,2,17,-1,3,-1
201542I053202,1,19,0,18,0,0,0,0,0,0,1,1,1,1,58,9,-1,-1,-1,-1,1,-1
201542I053302,1,9,0,18,0,0,0,0,0,0,3,1,1,2,27,6,1400,1,15,-1,1,-1
201542I053302,2,9,0,2,0,0,0,0,0,0,3,1,6,2,17,4,1598,1,13,-1,1,-1
201542I053502,1,19,0,4,0,0,0,0,0,0,4,1,6,1,-1,-1,2402,2,11,-1,1,-1
201542I053502,2,9,0,4,0,0,0,0,0,0,3,1,6,1,51,8,1689,2,14,-1,1,-1
201542I053602,1,98,1,12,0,0,0,0,0,0,0,1,1,3,-1,-1,-1,-1,-1,-1,-1,-1
201542I053602,2,9,0,18,0,0,0,0,0,0,1,1,1,1,39,7,-1,-1,-1,-1,2,-1
201542I053602,3,9,0,18,0,0,0,0,0,0,2,1,2,1,35,6,1956,2,3,-1,1,-1
201542I053602,4,21,1,18,0,0,0,0,0,0,2,1,6,1,65,9,-1,-1,-1,-1,1,-1
201542I053702,1,9,0,18,0,0,0,0,1,0,4,1,2,1,58,9,-1,-1,-1,-1,1,-1
201542I053702,2,21,1,18,0,0,3,0,1,0,3,2,1,1,46,8,-1,-1,-1,-1,-1,-1
201542I053702,3,9,0,18,0,0,0,0,1,0,2,1,2,1,34,6,1598,1,13,-1,1,-1
201542I053801,1,9,0,16,0,0,1,0,1,0,1,1,6,1,47,8,1582,2,1,-1,3,-1
201542I053801,2,9,0,18,0,0,0,0,0,0,1,1,6,2,80,11,1398,1,5,-1,1,-1
201542I053901,1,9,0,18,0,0,1,0,1,11,1,1,6,1,18,4,-1,-1,-1,-1,1,-1
201542I054001,1,9,0,16,0,0,1,0,7,10,3,1,1,1,20,4,-1,-1,-1,-1,1,-1
201542I054102,1,9,0,18,0,0,1,0,0,0,1,1,2,2,33,6,-1,-1,-1,-1,2,-1
201542I054102,2,9,0,18,0,0,1,0,0,0,2,1,2,2,47,8,2179,2,3,-1,3,-1
201542I054202,1,9,0,18,0,0,0,0,7,0,1,1,6,1,53,8,1997,2,11,-1,1,-1
201542I054302,1,9,0,18,0,1,0,0,0,0,1,1,6,2,25,5,1242,1,6,-1,1,-1
201542I054502,1,4,0,13,0,8,0,0,0,0,4,1,6,1,55,8,-1,-1,-1,-1,1,-1
201542I054502,2,9,0,10,0,1,0,0,0,0,3,1,6,2,21,5,1686,2,6,-1,-1,-1
201542I054602,1,9,0,18,0,0,0,0,0,0,4,1,6,2,26,6,-1,-1,-1,-1,3,-1
201542I054702,1,9,0,9,0,6,0,0,0,0,1,1,6,1,49,8,2088,2,17,-1,1,-1
201542I054802,1,9,0,18,0,0,1,0,1,4,1,1,6,1,34,6,-1,-1,-1,-1,2,-1
201542I055002,1,9,0,17,0,0,1,10,7,4,3,1,6,1,17,4,-1,-1,-1,-1,2,-1
201542I055102,1,9,0,7,0,2,0,0,0,0,1,1,6,1,41,7,1598,1,14,-1,1,-1
201542I055102,2,9,0,14,0,1,0,0,0,0,1,1,2,1,29,6,1596,1,13,-1,1,-1
201542I055202,1,9,0,9,0,0,0,0,0,0,1,1,6,1,62,9,1896,2,16,-1,2,-1
201542I055202,2,9,0,18,0,0,1,0,1,0,3,1,6,1,19,4,-1,-1,-1,-1,1,-1
201542I055302,1,9,0,17,0,0,1,6,0,0,1,1,1,2,47,8,-1,-1,-1,-1,2,-1
201542I055302,2,19,0,16,0,0,1,0,0,0,1,1,1,1,25,5,1560,2,1,-1,1,-1
201542I055302,3,9,0,17,0,0,1,0,0,0,1,1,1,2,58,9,1598,1,12,-1,2,-1
201542I055402,1,9,0,4,0,0,0,0,0,0,1,1,6,1,67,10,-1,-1,-1,-1,1,-1
201542I055402,2,9,0,3,0,0,0,0,0,0,2,1,6,2,40,7,-1,-1,-1,-1,3,-1
201542I055502,1,9,0,9,0,2,0,0,0,0,1,1,6,1,80,11,1242,1,14,-1,1,-1
201542I055502,2,4,0,18,0,1,1,0,0,0,1,1,6,1,31,6,124,1,10,-1,1,-1
201542I055602,1,9,0,18,0,0,0,0,0,0,1,1,6,1,-1,-1,-1,-1,-1,-1,-1,-1
201542I055602,2,9,0,18,0,0,0,0,0,0,1,1,1,1,34,6,-1,-1,-1,-1,1,-1
201542I055702,1,9,0,18,0,0,2,0,2,4,1,1,6,1,18,4,1910,2,10,-1,1,-1
201542I055802,1,9,0,18,0,0,0,0,0,0,1,1,6,1,19,4,1560,2,2,-1,1,-1
201542I055802,2,11,0,18,0,0,0,0,0,0,2,1,1,2,39,7,4250,2,4,-1,1,-1
201542I055902,1,9,0,18,0,0,0,0,0,0,0,1,6,2,50,8,-1,-1,-1,-1,1,-1
201542I055902,2,9,0,18,0,0,0,0,1,0,0,1,6,1,36,7,1560,2,3,-1,1,-1
201542I056002,1,9,0,18,0,0,0,0,0,0,1,1,6,1,44,7,-1,-1,-1,-1,1,-1
201542I056102,1,9,0,13,0,0,0,0,0,0,1,1,6,1,-1,-1,-1,-1,-1,-1,-1,-1
201542I056102,2,19,0,18,0,0,0,0,0,0,2,1,6,1,67,10,-1,-1,-1,-1,2,-1
201542I056202,1,9,0,16,0,0,0,0,0,0,1,1,6,1,63,9,1275,1,22,-1,1,-1
201542I056202,2,9,0,17,0,0,0,0,7,0,1,1,1,1,64,9,1595,1,2,-1,1,-1
201542I056402,1,9,0,17,0,0,0,0,0,0,1,1,6,2,-1,-1,-1,-1,-1,-1,-1,-1
201542I056402,2,9,0,18,0,0,0,0,1,10,1,1,6,1,66,10,1560,2,1,-1,1,-1
201542I056402,3,19,0,18,0,0,0,0,0,0,2,1,6,1,-1,-1,1461,2,12,-1,1,-1
201542I056602,1,9,0,18,0,8,0,0,0,0,1,1,6,3,-1,-1,-1,-1,-1,-1,-1,-1
201542I056602,2,1,0,18,0,8,0,0,0,0,4,1,6,1,45,7,-1,-1,-1,-1,2,-1
201542I056702,1,9,0,4,0,1,0,0,0,0,1,1,6,2,-1,-1,1341,1,10,-1,-1,-1
201542I056702,2,9,0,3,0,4,0,0,0,0,2,1,6,1,27,6,-1,-1,-1,-1,1,-1
201542I057002,1,9,0,18,0,0,5,4,0,0,4,1,6,1,73,10,1200,1,-1,-1,1,-1
201542I057002,2,9,0,2,0,0,0,0,1,0,3,1,6,3,-1,-1,1398,2,2,-1,-1,-1
201542I057002,3,9,0,2,0,0,0,0,0,0,3,1,6,3,-1,-1,1388,1,7,-1,-1,-1
201542I057102,1,1,0,18,0,1,0,0,0,0,1,1,6,3,-1,-1,-1,-1,-1,-1,-1,-1
201542I057202,1,9,0,13,0,0,0,0,0,0,2,1,6,3,-1,-1,-1,-1,-1,-1,-1,-1
201542I057202,2,3,0,18,0,0,0,0,0,0,1,1,6,1,31,6,398,1,25,-1,1,-1
201542I057302,1,9,0,18,0,4,0,0,0,0,1,1,6,1,-1,-1,-1,-1,-1,-1,1,-1
201542I057302,2,9,0,8,0,4,0,0,0,0,2,1,6,1,33,6,1396,1,6,-1,1,-1
201542I057402,1,9,0,5,0,1,0,0,0,0,1,1,6,2,-1,-1,1796,1,16,-1,1,-1
201542I057402,2,9,0,5,0,1,0,0,0,0,2,1,6,2,27,6,1248,2,8,-1,1,-1
201542I057602,1,9,0,3,0,0,0,0,0,0,1,1,3,2,44,7,1598,1,4,-1,1,-1
201542I057702,1,19,0,18,0,2,0,0,0,0,1,1,6,1,-1,-1,1560,2,4,-1,-1,-1
201542I057702,2,9,0,18,0,2,0,0,0,0,1,1,6,2,21,5,1360,1,13,-1,1,-1
201542I057702,3,9,0,18,0,2,0,0,0,0,2,1,6,1,-1,-1,1388,1,10,-1,-1,-1
201542I057801,1,9,0,5,0,2,0,0,0,0,1,1,2,1,38,7,-1,-1,-1,-1,1,-1
201542I057902,1,9,0,18,0,8,0,0,0,0,4,1,6,2,45,7,1686,2,4,-1,3,-1
201542I057902,2,9,0,9,0,8,0,0,0,0,1,1,6,2,25,5,-1,-1,-1,-1,1,-1
201542I058102,1,9,0,7,0,6,0,0,0,0,1,1,6,2,32,6,-1,-1,-1,-1,1,-1
201542I058102,2,1,0,18,0,1,0,0,0,0,1,1,1,1,-1,-1,-1,-1,-1,-1,-1,-1
201542I058202,1,9,0,18,0,1,0,0,0,0,1,1,6,2,-1,-1,1896,2,8,-1,1,-1
201542I058202,2,1,0,18,0,8,0,0,0,0,3,1,4,1,11,3,-1,-1,-1,-1,1,-1
201542I058302,1,9,0,18,0,0,0,0,0,0,1,1,6,1,-1,-1,-1,-1,-1,-1,-1,-1
201542I058302,2,1,0,18,0,0,1,0,0,0,2,1,6,1,32,6,-1,-1,-1,-1,1,-1
201542I058402,1,9,0,18,0,1,0,0,0,0,1,1,6,2,-1,-1,-1,-1,-1,-1,-1,-1
201542I058502,1,9,0,9,0,6,0,0,0,0,1,1,6,2,-1,-1,1229,1,6,-1,-1,-1
201542I058602,1,11,0,18,0,0,0,0,0,0,1,1,1,2,-1,-1,4461,2,1,-1,-1,-1
201542I058702,1,21,1,12,0,0,0,0,0,0,3,2,1,1,-1,-1,-1,-1,-1,-1,-1,-1
201542I058702,2,9,0,18,0,0,0,0,0,0,4,1,6,1,57,9,1364,2,9,-1,1,-1
201542I058802,1,9,0,8,0,3,0,0,7,0,3,1,6,1,-1,-1,1396,1,14,-1,1,-1
201542I058802,2,9,0,18,0,6,0,0,1,0,4,1,6,2,44,7,1796,1,16,-1,-1,-1
201542I058902,1,9,0,5,0,1,0,0,0,0,3,1,6,1,-1,-1,1396,1,12,-1,-1,-1
201542I058902,2,9,0,18,0,1,0,0,0,0,1,1,6,1,21,5,1124,1,14,-1,1,-1
201542I059003,1,9,0,3,0,1,0,0,0,0,1,1,6,2,61,9,1991,1,16,-1,1,-1
201542I059003,2,9,0,3,0,1,0,0,0,0,2,1,6,1,37,7,1422,2,8,-1,1,-1
201542I059103,1,9,0,18,0,8,0,0,0,0,1,1,6,3,-1,-1,999,1,3,-1,-1,-1
201542I059103,2,9,0,18,0,8,0,0,0,0,2,1,6,2,20,4,-1,-1,-1,-1,3,-1
201542I059203,1,9,0,9,0,6,0,0,0,0,3,1,6,1,-1,-1,1360,1,7,-1,-1,-1
201542I059203,2,1,0,14,0,1,0,0,0,0,1,1,6,1,30,6,-1,-1,-1,-1,3,-1
201542I059303,1,9,0,9,0,1,0,0,0,0,4,2,6,2,40,7,998,1,3,-1,1,-1
201542I059303,2,1,0,18,0,1,0,0,0,10,1,1,1,1,51,8,-1,-1,-1,-1,3,-1
201542I059503,1,19,0,18,0,4,0,0,0,0,1,1,6,1,-1,-1,2198,2,1,-1,-1,-1
201542I059503,2,9,0,18,0,4,0,0,0,0,2,1,6,1,46,8,1686,2,4,-1,1,-1
201542I059603,1,9,0,18,0,8,0,0,0,0,2,1,6,2,44,7,1598,1,12,-1,1,-1
201542I059603,2,9,0,18,0,8,0,0,0,0,1,1,6,2,-1,-1,999,1,4,-1,-1,-1
201542I059803,1,9,0,18,0,0,0,0,0,0,4,1,6,3,-1,-1,-1,-1,-1,-1,-1,-1
201542I059903,1,9,0,7,0,8,0,0,0,0,1,1,3,2,-1,-1,2143,2,5,-1,-1,-1
201542I059903,2,9,0,7,0,8,0,0,0,0,1,1,2,2,18,4,-1,-1,-1,-1,3,-1
201542I060003,1,9,0,17,0,2,0,0,0,0,3,1,6,1,-1,-1,1798,1,9,-1,-1,-1
201542I060003,2,9,0,16,0,2,0,0,0,0,3,1,6,2,41,7,1796,1,15,-1,1,-1
201542I060103,1,9,0,9,0,1,0,0,0,0,3,1,6,2,36,7,1781,1,17,-1,1,-1
201542I060103,2,1,0,18,0,1,0,0,0,0,1,1,6,1,44,7,-1,-1,-1,-1,1,-1
201542I060303,1,10,0,18,0,0,0,0,0,0,1,1,2,1,34,6,2198,2,4,-1,1,-1
201542I060303,2,9,0,3,0,0,0,0,0,0,2,1,2,2,53,8,799,2,5,-1,1,-1
201542I060303,3,9,0,9,0,0,0,0,0,0,2,1,3,2,42,7,1997,2,1,-1,3,-1
201542I060403,1,9,0,18,0,1,0,0,0,0,1,1,6,2,50,8,1596,1,1,-1,3,-1
201542I060403,2,9,0,3,0,1,0,0,0,0,2,1,6,2,67,10,-1,-1,-1,-1,1,-1
201542I060403,3,19,0,10,0,1,0,0,0,0,2,1,1,1,30,6,2402,2,4,-1,1,-1
201542I060503,1,9,0,18,0,1,0,0,0,0,1,1,6,2,-1,-1,1242,1,1,-1,-1,-1
201542I060503,2,9,0,3,0,1,0,0,0,0,2,1,6,2,28,6,1998,2,7,-1,1,-1
201542I060603,1,9,0,18,0,0,0,0,0,0,1,1,6,1,33,6,1124,1,6,-1,1,-1
201542I060603,2,9,0,18,0,0,0,0,0,0,1,1,6,2,35,6,1986,2,8,-1,1,-1
201542I060703,1,1,0,18,0,0,0,0,0,0,1,1,6,1,37,7,-1,-1,-1,-1,1,-1
201542I060703,2,9,0,18,0,0,0,0,0,0,1,1,2,1,21,5,998,1,13,-1,2,-1
201542I060803,1,19,0,1,9,0,0,0,0,0,3,1,6,1,-1,-1,2143,2,1,-1,-1,-1
201542I060903,1,9,0,5,0,8,0,0,0,0,3,1,6,2,75,10,1598,1,3,-1,3,-1
201542I060903,2,9,0,18,0,8,0,0,0,0,4,1,3,1,34,6,1598,2,-1,-1,1,-1