Accident_Index,Vehicle_Reference,Vehicle_Type,Towing_and_Articulation,Vehicle_Manoeuvre,Vehicle_Location-Restricted_Lane,Junction_Location,Skidding_and_Overturning,Hit_Object_in_Carriageway,Vehicle_Leaving_Carriageway,Hit_Object_off_Carriageway,1st_Point_of_Impact,Was_Vehicle_Left_Hand_Drive?,Journey_Purpose_of_Driver,Sex_of_Driver,Age_of_Driver,Age_Band_of_Driver,Engine_Capacity_(CC),Propulsion_Code,Age_of_Vehicle,Driver_IMD_Decile,Driver_Home_Area_Type,Vehicle_IMD_Decile
201542I131805,2,1,0,18,0,2,0,0,0,0,1,1,1,1,38,7,-1,-1,-1,-1,1,-1
201542I132105,1,9,0,6,0,0,0,0,0,0,2,1,6,1,28,6,1910,2,8,-1,1,-1
201542I132105,2,2,0,18,0,0,0,0,0,0,1,1,6,1,22,5,124,1,2,-1,1,-1
201542I132205,1,9,0,18,0,0,0,0,1,4,1,1,6,1,47,8,2143,2,4,-1,1,-1
201542I132305,1,9,0,13,0,0,0,0,0,0,4,1,6,1,63,9,1598,1,-1,-1,1,-1
201542I132305,2,1,0,18,0,0,0,0,0,0,3,1,6,1,33,6,-1,-1,-1,-1,1,-1
201542I132404,1,3,0,4,0,0,1,0,0,0,1,1,6,1,21,5,-1,-1,-1,-1,1,-1
201542I132404,2,9,0,4,0,0,0,0,0,0,2,1,6,2,36,7,998,1,1,-1,1,-1
201542I132504,1,9,0,4,0,1,0,0,0,0,4,1,2,2,66,10,1591,1,6,-1,1,-1
201542I132504,2,4,0,18,0,1,0,0,0,0,3,1,6,1,73,10,582,1,1,-1,1,-1
201542I132705,1,21,0,12,0,1,0,0,0,0,0,1,6,3,-1,-1,-1,-1,-1,-1,-1,-1
201542I132705,2,9,0,18,0,1,1,0,0,7,3,1,6,2,21,5,1598,1,12,-1,2,-1
201542I132805,1,9,0,1,0,0,0,0,0,0,1,1,6,1,19,4,1588,1,10,-1,1,-1
201542I132805,2,9,0,18,0,0,0,0,0,0,4,1,1,2,31,6,1242,1,3,-1,1,-1
201542I132905,1,9,0,18,0,6,0,0,0,0,1,1,6,3,19,4,1398,2,12,-1,3,-1
201542I132905,2,9,0,17,0,8,0,0,0,0,1,1,6,3,30,6,1986,2,7,-1,2,-1
201542I133005,1,9,0,7,0,8,0,0,0,0,1,1,6,1,29,6,1598,1,13,-1,1,-1
201542I133005,2,19,0,18,0,8,0,0,7,1,1,1,6,1,52,8,1560,2,4,-1,2,-1
201542I133105,1,19,0,18,0,1,0,0,0,0,1,1,6,1,25,5,1753,2,11,-1,3,-1
201542I133105,2,9,0,18,0,1,0,0,0,0,2,1,6,1,35,6,1896,2,7,-1,3,-1
201542I133205,1,9,0,18,0,1,0,0,0,0,1,1,6,2,46,8,1199,1,14,-1,1,-1
201542I133205,2,9,0,18,0,1,0,0,0,0,2,1,6,1,48,8,1498,1,8,-1,1,-1
201542I133205,3,9,0,18,0,1,0,0,0,0,2,1,6,1,49,8,1798,1,8,-1,1,-1
201542I133305,1,9,0,18,0,1,0,10,1,2,1,1,6,2,58,9,1598,1,4,-1,1,-1
201542I133405,1,9,0,5,0,2,0,0,0,0,1,1,6,1,86,11,1596,1,1,-1,1,-1
201542I133405,2,1,0,17,0,1,0,0,0,0,1,1,6,1,37,7,-1,-1,-1,-1,1,-1
201542I133505,1,9,0,7,0,0,0,0,0,1,1,1,6,1,30,6,1596,1,11,-1,1,-1
201542I133605,1,9,0,5,0,7,0,0,0,0,0,1,6,3,-1,-1,-1,-1,-1,-1,-1,-1
201542I133605,2,9,0,18,0,1,1,0,0,0,3,1,6,3,28,6,1299,1,10,-1,1,-1
201542I133605,3,9,0,18,0,1,1,0,0,4,4,1,6,3,42,7,998,1,6,-1,1,-1
201542I133705,1,9,0,18,0,1,0,0,0,0,1,1,6,2,19,4,1242,1,4,-1,-1,-1
201542I133705,2,9,0,2,0,1,0,0,0,0,2,1,6,3,-1,-1,1242,1,8,-1,-1,-1
201542I133705,3,9,0,2,0,1,0,0,0,0,4,1,6,3,-1,-1,1390,1,3,-1,-1,-1
201542I133805,1,9,0,18,0,1,0,0,0,0,1,1,6,1,41,7,2685,2,13,-1,1,-1
201542I133805,2,9,0,18,0,1,0,0,0,0,1,1,6,2,38,7,1587,1,13,-1,1,-1
201542I133905,1,9,0,18,0,1,0,0,0,0,4,1,6,1,31,6,-1,-1,-1,-1,1,-1
201542I133905,2,9,0,18,0,1,0,0,0,0,1,1,6,1,20,4,1400,1,10,-1,1,-1
201542I134005,1,9,0,18,0,0,5,0,0,0,1,1,6,1,72,10,1398,1,5,-1,2,-1
201542I134005,2,9,0,2,0,0,0,0,0,0,1,1,6,3,-1,-1,2231,2,3,-1,-1,-1
201542I134105,1,21,1,12,0,0,0,0,0,0,2,1,1,1,35,6,11967,2,2,-1,1,-1
201542I134105,2,19,0,18,0,0,1,11,0,0,1,1,1,1,38,7,-1,-1,-1,-1,-1,-1
201542I134205,1,9,0,18,0,8,0,0,0,0,4,1,1,1,-1,-1,-1,-1,-1,-1,-1,-1
201542I134205,2,9,0,10,0,1,0,0,0,0,4,1,6,1,36,7,1984,1,10,-1,1,-1
201542I134305,1,9,0,16,0,0,0,0,0,0,1,1,2,1,39,7,1796,1,16,-1,3,-1
201542I134305,2,9,0,17,0,0,0,0,0,0,1,1,6,2,20,4,1242,1,2,-1,3,-1
201542I134405,1,9,0,18,0,0,5,11,7,2,1,1,6,1,25,5,1686,2,11,-1,1,-1
201542I134505,1,9,0,17,0,0,0,0,0,0,1,1,6,2,49,8,1398,1,1,-1,1,-1
201542I134505,2,9,0,17,0,0,0,0,1,0,2,1,6,1,49,8,999,1,6,-1,2,-1
201542I134605,1,9,0,3,0,1,0,0,0,0,4,1,6,2,28,6,1587,1,13,-1,1,-1
201542I134705,1,9,0,12,0,8,0,0,0,0,3,1,1,2,46,8,996,1,2,-1,1,-1
201542I134705,2,21,0,5,0,8,0,0,0,0,1,1,1,1,51,8,11967,2,5,-1,1,-1
201542I134805,1,3,0,7,0,5,0,0,0,0,0,1,6,1,17,4,125,1,10,-1,1,-1
201542I134905,1,9,0,9,0,5,0,0,0,0,2,1,6,1,25,5,1968,2,6,-1,1,-1
201542I134905,2,3,0,18,0,1,0,0,0,0,1,1,6,1,21,5,124,1,19,-1,1,-1
201542I135005,1,9,0,9,0,6,0,0,0,0,3,1,1,1,27,6,2720,2,8,-1,3,-1
201542I135005,2,4,0,18,0,1,1,0,0,0,1,1,1,1,21,5,498,1,19,-1,1,-1
201542I135105,1,9,0,13,0,0,0,0,0,0,4,1,2,1,28,6,1398,1,13,-1,-1,-1
201542I135105,2,9,0,18,0,0,0,0,0,0,3,1,6,3,-1,-1,-1,-1,-1,-1,-1,-1
201542I135205,1,19,0,18,0,0,0,11,0,0,1,1,6,1,24,5,1995,2,3,-1,1,-1
201542I135205,2,9,0,18,0,0,0,11,0,0,2,1,6,1,41,7,-1,-1,-1,-1,2,-1
201542I135205,3,9,0,18,0,0,0,11,0,0,2,1,6,2,38,7,1997,2,6,-1,1,-1
201542I135205,4,9,0,3,0,0,0,11,0,0,2,1,6,1,61,9,1598,1,14,-1,1,-1
201542I135305,1,21,0,11,0,0,0,0,0,0,0,2,1,1,54,8,-1,-1,-1,-1,-1,-1
201542I135305,2,9,0,18,0,0,1,0,2,7,3,2,6,1,65,9,-1,-1,-1,-1,-1,-1
201542I135305,3,9,0,18,0,0,1,0,0,0,3,1,6,1,57,9,1199,1,-1,-1,2,-1
201542I135405,1,9,0,9,0,8,0,0,0,0,1,1,6,2,43,7,1896,2,12,-1,1,-1
201542I135405,2,9,0,18,0,8,0,0,0,0,4,1,6,2,30,6,1997,2,4,-1,1,-1
201542I135505,1,9,0,18,0,0,0,0,0,0,1,1,6,2,29,6,1799,1,9,-1,1,-1
201542I135505,2,9,0,18,0,0,0,0,0,0,1,1,6,1,45,7,2429,1,9,-1,1,-1
201542I135505,3,9,0,18,0,0,0,0,0,0,0,1,6,1,29,6,1598,1,8,-1,1,-1
201542I135605,1,9,0,15,0,0,1,0,7,0,3,1,2,1,17,4,-1,-1,-1,-1,3,-1
201542I135705,1,9,0,16,0,1,0,0,0,0,3,1,6,2,43,7,1388,1,13,-1,1,-1
201542I135705,2,11,0,17,0,1,0,0,0,0,3,1,1,1,55,8,5900,2,9,-1,1,-1
201542I135805,1,9,0,3,0,1,0,0,0,0,1,1,6,1,48,8,1769,1,11,-1,1,-1
201542I135805,2,9,0,3,0,1,0,0,0,0,2,1,6,2,46,8,1686,2,10,-1,1,-1
201542I135905,1,19,0,18,0,1,0,0,0,0,1,1,2,1,46,8,1998,2,9,-1,1,-1
201542I135905,2,9,0,3,0,1,0,0,0,0,2,1,2,2,34,6,1798,1,7,-1,1,-1
201542I136005,1,5,0,18,0,1,0,0,0,0,1,1,6,1,26,6,-1,-1,-1,-1,1,-1
201542I136005,2,19,0,9,0,1,0,0,0,0,1,1,6,1,52,8,1753,2,7,-1,1,-1
201542I136105,1,9,0,7,0,3,0,0,0,0,1,1,6,1,45,7,1598,1,10,-1,1,-1
201542I136105,2,1,0,18,2,3,0,0,0,0,2,1,4,1,18,4,-1,-1,-1,-1,1,-1
201542I136205,1,9,0,18,9,0,0,0,7,10,1,1,6,2,24,5,1299,1,10,-1,1,-1
201542I136305,1,9,0,18,0,4,0,0,0,0,1,1,6,1,55,8,2496,1,13,-1,1,-1
201542I136305,2,1,0,9,0,8,0,0,0,0,4,1,1,1,-1,-1,-1,-1,-1,-1,1,-1
201542I136405,1,21,0,18,0,8,0,0,0,0,4,1,1,3,-1,-1,12900,2,4,-1,-1,-1
201542I136405,2,9,0,18,0,8,0,0,0,0,3,1,2,2,48,8,1997,2,1,-1,1,-1
201542I136505,1,9,0,18,0,1,2,10,0,11,4,1,6,1,26,6,1995,1,13,-1,1,-1
201542I136605,1,9,0,18,0,0,0,0,0,0,1,1,6,1,68,10,2000,1,19,-1,2,-1
201542I136605,2,9,0,18,0,0,0,0,2,11,1,1,2,1,54,8,1968,2,9,-1,3,-1
201542I136705,1,9,0,18,0,0,0,0,0,0,4,1,6,2,22,5,1199,1,13,-1,1,-1
201542I136705,2,9,0,18,0,0,0,0,0,0,3,1,6,2,23,5,1598,2,3,-1,2,-1
201542I136705,3,8,0,18,0,0,5,0,5,7,3,1,6,1,33,6,-1,-1,-1,-1,-1,-1
201542I136805,1,9,0,5,0,1,0,0,0,0,1,1,6,2,46,8,1796,1,4,-1,1,-1
201542I136805,2,9,0,4,0,2,0,0,0,0,2,1,6,2,51,8,1389,1,14,-1,1,-1
201542I136805,3,9,0,18,0,8,0,0,0,0,0,1,6,3,-1,-1,-1,-1,-1,-1,-1,-1
201542I136905,1,9,0,17,0,8,0,0,0,0,1,1,4,1,85,11,1761,1,17,-1,1,-1
201542I136905,2,9,0,18,0,8,0,0,0,0,1,1,6,1,33,6,-1,-1,-1,-1,2,-1
201542I137005,1,9,0,18,0,1,0,0,3,1,1,1,6,1,19,4,1242,1,3,-1,1,-1
201542I137005,2,9,0,18,0,1,0,0,0,1,3,1,6,1,48,8,1390,1,17,-1,3,-1
201542I137105,1,9,0,18,0,1,0,0,2,11,1,1,6,1,72,10,1497,1,10,-1,2,-1
201542I137105,2,9,0,2,0,2,0,0,0,0,3,1,6,3,-1,-1,1796,1,13,-1,-1,-1
201542I137105,3,9,0,18,0,1,0,0,0,0,2,1,6,1,42,7,1995,2,6,-1,3,-1
201542I137105,4,9,0,2,0,2,0,0,0,0,3,1,6,3,-1,-1,1753,2,27,-1,-1,-1
201542I137105,5,9,0,2,0,1,0,0,0,0,4,1,6,3,-1,-1,1560,2,11,-1,-1,-1
201542I137105,6,9,0,2,0,1,0,0,0,0,4,1,6,3,-1,-1,1997,2,13,-1,-1,-1
201542I137205,1,4,0,18,0,1,1,0,0,0,4,1,6,1,-1,-1,-1,-1,-1,-1,-1,-1
201542I137205,2,9,0,5,0,6,0,0,0,0,0,1,1,2,27,6,1560,2,2,-1,-1,-1
201542I137305,1,9,0,4,0,1,0,0,0,0,0,1,6,2,-1,-1,998,1,18,-1,-1,-1
201542I137305,2,1,0,18,0,1,0,0,0,0,3,1,6,1,45,7,-1,-1,-1,-1,1,-1
201542I137405,1,19,0,5,0,0,0,0,0,0,4,1,1,1,32,6,2198,2,2,-1,1,-1
201542I137505,1,9,0,18,0,0,0,0,0,0,1,1,1,2,41,7,-1,-1,-1,-1,1,-1
201542I137505,2,9,0,4,0,0,0,0,0,0,2,1,6,2,64,9,2143,2,2,-1,-1,-1
201542I137605,1,19,0,4,0,0,1,0,0,0,1,1,6,1,22,5,1870,2,13,-1,1,-1
201542I137605,2,5,0,3,0,0,0,0,0,0,2,1,6,1,22,5,599,1,13,-1,3,-1
201542I137605,3,9,0,3,0,0,0,0,0,0,2,1,6,1,30,6,3199,1,10,-1,1,-1
201542I137605,4,19,0,3,0,0,0,0,0,0,2,1,6,1,28,6,1560,2,-1,-1,-1,-1
201542I137605,5,9,0,10,0,0,0,0,0,0,0,1,6,2,60,9,-1,-1,-1,-1,1,-1
201542I137705,1,9,0,17,0,8,0,0,7,9,1,1,2,1,26,6,1994,1,16,-1,3,-1
201542I137705,2,19,0,7,0,6,0,0,0,0,1,1,1,1,27,6,-1,-1,-1,-1,1,-1
201542I137805,1,19,0,18,0,0,0,0,1,4,1,1,6,1,26,6,1896,2,15,-1,1,-1
201542I138105,1,9,0,18,0,0,0,0,0,0,1,1,6,1,78,11,1995,1,3,-1,1,-1
201542I138105,2,9,0,18,0,0,0,0,1,10,1,1,6,1,65,9,998,1,2,-1,2,-1
201542I138204,1,9,0,10,0,6,0,0,0,0,1,1,1,1,20,4,1124,1,12,-1,1,-1
201542I138204,2,97,0,18,0,1,0,0,0,0,3,1,1,1,53,8,-1,-1,-1,-1,1,-1
201542I138305,1,9,0,5,0,4,0,0,0,0,1,1,6,1,45,7,2720,2,9,-1,1,-1
201542I138305,2,9,0,3,0,4,0,0,0,0,2,1,6,2,35,6,1598,1,9,-1,3,-1
201542I138505,1,9,0,2,0,2,0,0,0,0,1,1,6,1,36,7,1596,1,5,-1,1,-1
201542I138505,2,19,0,1,0,8,0,0,0,0,2,1,6,1,-1,-1,1870,2,9,-1,-1,-1
201542I138605,1,9,0,18,0,0,0,0,0,0,1,1,6,2,42,7,1699,1,10,-1,3,-1
201542I138605,2,9,0,2,0,0,0,0,0,0,1,1,6,2,-1,-1,1997,2,5,-1,-1,-1
201542I138705,1,9,0,5,0,0,0,0,1,2,1,1,6,2,61,9,999,1,5,-1,-1,-1
201542I138805,1,9,0,18,0,0,0,0,0,0,1,1,6,3,-1,-1,-1,-1,-1,-1,-1,-1
201542I138805,2,9,0,3,0,0,0,0,0,0,2,1,6,2,30,6,1598,1,7,-1,1,-1
201542I138905,1,17,4,18,0,0,0,0,0,0,3,1,6,3,-1,-1,-1,-1,-1,-1,-1,-1
201542I138905,2,20,1,18,0,0,0,0,0,0,3,1,1,1,50,8,-1,-1,-1,-1,1,-1
201542I138905,3,9,0,18,0,0,0,0,0,0,3,1,6,1,-1,-1,998,1,1,-1,2,-1
201542I139005,1,4,0,18,0,0,0,0,0,0,0,1,6,2,43,7,599,1,12,-1,1,-1
201542I139105,1,19,0,18,0,1,0,11,0,0,1,1,1,1,47,8,1560,2,1,-1,1,-1
201542I139105,2,9,0,10,0,1,0,10,1,10,2,1,1,2,23,5,999,1,1,-1,1,-1
201542I139105,3,9,0,18,0,1,0,11,0,0,1,1,6,1,67,10,2993,2,1,-1,1,-1
201542I139205,1,3,0,18,0,8,0,0,0,0,1,1,6,1,21,5,125,1,2,-1,1,-1
201542I139205,2,9,0,18,0,8,0,0,0,0,3,1,6,1,31,6,1995,2,11,-1,1,-1
201542I139305,1,9,0,18,0,0,0,0,0,0,1,1,6,2,73,10,-1,-1,-1,-1,-1,-1
201542I139405,1,21,1,12,0,0,0,0,0,0,1,2,1,1,29,6,-1,-1,-1,-1,1,-1
201542I139405,2,9,0,18,0,0,1,0,0,0,4,1,6,2,28,6,1686,2,3,-1,-1,-1
201542I139405,3,9,0,18,0,0,1,0,0,0,4,1,6,1,53,8,1242,1,3,-1,1,-1
201542I139505,1,9,0,18,0,0,1,10,7,11,1,1,6,1,20,4,1598,1,12,-1,1,-1
201542I139605,1,3,0,18,0,3,0,0,0,0,1,1,6,1,49,8,124,1,4,-1,-1,-1
201542I139605,2,1,0,5,0,6,0,0,0,0,4,1,6,1,12,3,-1,-1,-1,-1,-1,-1
201542I139705,1,19,0,1,0,0,0,0,0,0,2,1,6,1,49,8,-1,-1,-1,-1,3,-1
201542I139705,2,9,0,2,0,0,0,0,0,0,2,1,6,3,-1,-1,1598,1,8,-1,-1,-1
201542I139705,3,9,0,2,0,0,0,0,0,0,3,1,6,3,-1,-1,1149,1,7,-1,-1,-1
201542I139705,4,9,0,2,0,0,0,0,0,0,4,1,6,3,-1,-1,1390,1,14,-1,-1,-1
201542I139805,1,9,0,13,0,0,0,0,0,0,0,1,6,1,28,6,1910,2,4,-1,-1,-1
201542I139805,2,9,0,18,0,0,0,0,0,0,2,1,6,2,34,6,1991,2,11,-1,1,-1
201542I139805,3,5,0,18,0,0,1,0,0,0,1,1,6,1,33,6,892,1,16,-1,3,-1
201542I139905,1,1,0,18,0,8,0,0,0,0,1,1,6,1,62,9,-1,-1,-1,-1,3,-1
201542I139905,2,9,0,9,0,8,0,0,0,0,1,1,6,1,78,11,1896,2,8,-1,3,-1
201542I140005,1,21,1,12,0,0,0,0,0,0,1,2,1,1,25,5,-1,-1,-1,-1,-1,-1
201542I140005,2,9,0,15,0,0,1,0,4,0,2,1,6,1,21,5,999,1,1,-1,1,-1
201542I140005,3,19,0,18,0,0,1,0,0,0,4,1,2,1,21,5,2143,2,1,-1,1,-1
201542I140105,1,9,0,18,0,1,0,10,1,10,1,1,6,3,-1,-1,1997,1,2,-1,-1,-1
201542I140205,1,9,0,9,0,8,0,0,0,0,4,1,1,1,29,6,-1,-1,-1,-1,3,-1
201542I140205,2,9,0,18,0,8,0,0,0,0,1,1,6,1,41,7,1910,2,9,-1,1,-1
201542I140305,1,9,0,9,0,8,0,0,0,0,1,1,6,1,77,11,1596,1,10,-1,2,-1
201542I140305,2,9,0,18,0,1,0,0,0,0,1,1,6,2,60,9,1299,1,13,-1,1,-1
201542I140405,1,9,0,1,0,0,0,0,0,0,4,1,6,3,-1,-1,1596,1,16,-1,-1,-1
201542I140405,2,5,0,18,0,0,0,0,0,0,1,1,6,1,50,8,999,1,6,-1,1,-1
201542I140505,1,9,0,1,0,0,0,0,0,0,2,1,6,1,-1,-1,-1,-1,-1,-1,1,-1
201542I140604,1,9,0,18,0,2,0,0,0,0,4,1,6,3,-1,-1,-1,-1,-1,-1,-1,-1
201542I140604,2,1,0,18,0,2,0,0,0,0,3,1,2,1,45,7,-1,-1,-1,-1,-1,-1
201542I140705,1,5,0,18,0,0,1,0,0,0,1,1,6,1,52,8,647,1,12,-1,1,-1
201542I140705,2,9,0,4,0,0,0,0,4,6,2,1,2,2,61,9,1595,1,9,-1,1,-1
201542I140705,3,9,0,18,0,0,0,0,0,0,1,1,2,1,27,6,1242,1,1,-1,1,-1
201542I140805,1,1,0,18,0,8,1,0,0,0,4,1,2,1,20,4,-1,-1,-1,-1,1,-1
201542I140805,2,9,0,18,0,8,0,0,0,0,1,1,6,1,30,6,1598,1,8,-1,1,-1
201542I140905,1,9,0,18,0,0,0,0,3,4,1,1,6,1,77,11,1498,1,3,-1,1,-1
201542I141005,1,9,0,18,0,1,0,0,1,10,1,1,6,1,72,10,1868,2,16,-1,1,-1
201542I141105,1,9,0,18,0,1,0,0,0,0,1,1,2,2,30,6,1910,2,5,-1,-1,-1
201542I141105,2,1,0,18,9,1,0,0,0,0,3,1,2,2,29,6,-1,-1,-1,-1,-1,-1
201542I141205,1,9,0,5,0,1,0,0,0,0,3,1,4,1,17,4,1242,1,3,-1,-1,-1
201542I141205,2,9,0,18,0,8,0,0,0,0,1,1,6,1,79,11,1796,1,9,-1,1,-1
201542I141305,1,9,0,18,0,5,1,0,1,2,3,1,2,1,20,4,1299,1,17,-1,1,-1
201542I141405,1,9,0,9,9,6,0,0,0,0,1,1,6,2,25,5,1753,2,14,-1,1,-1
201542I141405,2,9,0,16,9,8,1,0,0,0,4,1,1,1,49,8,-1,-1,-1,-1,1,-1
201542I141505,1,9,0,18,0,0,0,0,1,2,4,1,6,1,35,6,2993,2,1,-1,-1,-1
201542I141605,1,9,0,12,0,3,0,0,0,0,3,1,6,3,-1,-1,-1,-1,-1,-1,-1,-1
201542I141605,2,9,0,13,0,3,2,0,1,0,4,1,2,2,23,5,1398,1,1,-1,1,-1
201542I141705,1,9,0,5,0,8,0,0,0,0,3,1,6,1,41,7,-1,-1,-1,-1,1,-1
201542I141705,2,9,0,18,0,8,0,0,0,0,4,1,6,1,21,5,1198,1,12,-1,1,-1
201542I141805,1,9,0,18,0,1,0,0,0,0,3,1,6,1,72,10,1396,1,15,-1,1,-1
201542I141905,1,9,0,18,0,0,2,0,0,0,1,1,6,1,18,4,-1,-1,-1,-1,2,-1
201542I142005,1,9,0,4,0,1,1,0,0,0,1,1,6,1,30,6,1560,2,4,-1,1,-1
201542I142005,2,9,0,4,0,1,0,0,0,0,2,1,6,1,18,4,1229,1,3,-1,1,-1
201542I142005,3,9,0,4,0,1,0,0,0,0,4,1,6,1,51,8,1968,2,5,-1,1,-1
201542I142105,1,9,0,18,0,8,0,0,0,0,1,1,6,3,-1,-1,-1,-1,-1,-1,-1,-1
201542I142105,2,9,0,18,0,8,2,0,0,0,4,1,6,2,20,4,1229,1,1,-1,1,-1
201542I142205,1,9,0,1,0,8,1,4,1,11,2,1,6,1,34,6,1997,1,11,-1,-1,-1
201542I142205,2,9,0,4,0,1,0,0,0,0,0,1,6,1,-1,-1,2993,2,-1,-1,-1,-1
201542I142205,3,9,0,4,0,1,0,0,0,0,0,1,6,1,-1,-1,1968,2,2,-1,-1,-1
201542I142205,4,9,0,3,0,8,0,0,0,0,3,1,2,1,28,6,1910,2,5,-1,1,-1
201542I142205,5,9,0,18,0,1,0,0,0,0,1,1,6,1,17,4,1299,1,7,-1,1,-1
201542I142205,6,9,0,18,0,1,0,0,0,0,3,1,6,1,34,6,-1,-1,-1,-1,1,-1
201542I142405,1,9,0,18,0,0,0,0,0,0,1,1,1,2,57,9,-1,-1,-1,-1,1,-1
201542I142405,2,9,0,18,0,0,0,0,0,0,1,1,1,1,53,8,3628,2,8,-1,2,-1
201542I142504,1,9,0,18,0,0,2,0,0,0,0,1,6,2,18,4,999,1,13,-1,1,-1
201542I142605,1,9,0,18,0,0,0,11,0,2,1,1,6,1,74,10,2400,2,5,-1,1,-1
201542I142705,1,9,0,18,0,0,5,10,7,11,1,1,6,2,22,5,-1,-1,-1,-1,1,-1
201542I142805,1,9,0,17,0,0,0,0,0,0,1,1,6,1,24,5,1796,1,11,-1,-1,-1
201542I142805,2,9,0,2,1,0,0,0,0,0,0,1,6,3,-1,-1,999,1,7,-1,-1,-1
201542I142805,3,9,0,2,1,0,0,0,0,0,0,1,6,3,-1,-1,4196,1,13,-1,-1,-1
201542I142905,1,9,0,1,0,0,0,0,0,0,2,1,6,2,60,9,1598,1,-1,-1,1,-1
201542I143005,1,9,0,18,0,1,0,0,0,0,1,1,6,1,25,5,-1,-1,-1,-1,1,-1
201542I143005,2,9,0,18,0,1,0,0,0,0,2,1,6,1,52,8,-1,-1,-1,-1,1,-1
201542I143005,3,9,0,3,0,1,0,0,0,0,2,1,6,1,43,7,1998,2,12,-1,1,-1
201542I143005,4,9,0,18,0,1,0,0,0,0,1,1,6,2,50,8,1598,1,2,-1,1,-1
201542I143005,5,9,0,3,0,1,0,0,0,0,2,1,6,2,50,8,-1,-1,-1,-1,1,-1
201542I143304,1,9,0,18,0,0,0,0,0,0,1,1,6,1,22,5,1598,1,3,-1,1,-1
201542I143304,2,9,0,9,0,0,0,0,0,0,3,1,6,1,66,10,-1,-1,-1,-1,1,-1
201542I143405,1,9,0,5,0,8,0,0,0,0,0,1,6,3,-1,-1,-1,-1,-1,-1,-1,-1
201542I143405,2,1,0,5,0,8,1,0,0,0,0,1,6,1,57,9,-1,-1,-1,-1,1,-1
201542I143505,1,98,0,5,9,6,5,0,0,0,1,1,6,1,-1,-1,-1,-1,-1,-1,-1,-1
201542I143505,2,1,0,18,0,1,0,0,0,0,4,1,6,1,12,3,-1,-1,-1,-1,1,-1
201542I143605,1,9,0,18,0,1,0,0,1,0,1,1,1,1,32,6,1242,1,13,-1,1,-1
201542I143605,2,9,0,18,0,8,0,0,1,11,1,1,2,2,35,6,1596,1,13,-1,1,-1
201542I143704,1,8,0,18,0,2,0,0,0,0,1,1,6,1,-1,-1,-1,-1,-1,-1,-1,-1
201542I143704,2,1,0,18,0,2,0,0,0,0,1,1,6,1,51,8,-1,-1,-1,-1,1,-1
201542I143804,1,19,0,18,0,1,0,0,0,0,1,1,6,3,-1,-1,-1,-1,-1,-1,-1,-1
201542I143804,2,9,0,18,0,1,5,0,7,0,4,1,6,2,54,8,1584,1,10,-1,3,-1
201542I143905,1,9,0,18,0,0,0,0,0,0,4,1,6,2,33,6,-1,-1,-1,-1,1,-1
201542I143905,2,5,0,18,0,0,0,0,0,0,1,1,6,1,47,8,805,1,20,-1,-1,-1
201542I144005,1,9,0,16,0,0,0,0,7,0,1,1,6,1,18,4,1275,1,24,-1,1,-1
201542I144005,2,9,0,18,0,0,0,0,0,0,1,1,6,1,72,10,-1,-1,-1,-1,1,-1
201542I144105,1,9,0,16,0,0,0,0,0,0,0,1,6,3,-1,-1,-1,-1,-1,-1,-1,-1
201542I144105,2,5,0,17,0,0,0,0,1,0,0,1,2,1,53,8,600,1,10,-1,1,-1
201542I144205,1,9,0,18,0,0,0,0,0,0,1,1,6,1,32,6,1242,1,7,-1,1,-1
201542I144205,2,9,0,18,0,0,0,0,0,0,1,1,6,1,40,7,1596,1,5,-1,1,-1
201542I144205,3,9,0,18,0,0,0,0,0,0,1,1,6,1,26,6,-1,-1,-1,-1,1,-1
201542I144205,4,19,0,18,0,0,0,0,0,0,1,1,1,1,51,8,1753,2,3,-1,2,-1
201542I144305,1,5,0,16,0,1,0,0,1,0,1,1,6,1,28,6,998,1,7,-1,1,-1
201542I144305,2,9,0,17,0,1,0,0,0,0,1,1,6,1,51,8,1560,2,6,-1,3,-1
201542I144405,1,9,0,4,0,0,1,0,0,0,1,1,6,1,29,6,1598,1,16,-1,2,-1
201542I144405,2,9,0,4,0,0,0,0,0,0,1,1,2,2,63,9,1951,2,13,-1,3,-1
201542I144505,1,9,0,18,0,4,0,0,1,0,3,1,6,1,18,4,1364,1,7,-1,1,-1
201542I144505,2,9,0,17,0,8,0,0,0,0,4,1,6,2,29,6,1398,2,3,-1,1,-1
201542I144705,1,9,0,9,0,1,0,0,0,0,1,1,6,1,24,5,1999,1,7,-1,1,-1
201542I144705,2,9,0,18,0,1,0,0,0,0,1,1,6,2,32,6,1587,1,10,-1,1,-1
201542I144805,1,9,0,5,0,8,0,0,0,0,3,1,6,1,79,11,-1,-1,-1,-1,1,-1
201542I144805,2,19,0,17,0,1,0,0,0,0,1,1,6,2,36,7,1248,2,1,-1,1,-1
201542I145005,1,8,0,5,0,0,0,0,0,0,0,1,1,1,65,9,1910,2,9,-1,-1,-1
201542I145105,1,9,0,18,0,8,0,0,0,0,1,1,1,1,57,9,-1,-1,-1,-1,1,-1
201542I145205,1,9,0,18,0,0,0,0,0,0,1,1,6,2,33,6,1598,1,7,-1,1,-1