Accident_Index,Vehicle_Reference,Vehicle_Type,Towing_and_Articulation,Vehicle_Manoeuvre,Vehicle_Location-Restricted_Lane,Junction_Location,Skidding_and_Overturning,Hit_Object_in_Carriageway,Vehicle_Leaving_Carriageway,Hit_Object_off_Carriageway,1st_Point_of_Impact,Was_Vehicle_Left_Hand_Drive?,Journey_Purpose_of_Driver,Sex_of_Driver,Age_of_Driver,Age_Band_of_Driver,Engine_Capacity_(CC),Propulsion_Code,Age_of_Vehicle,Driver_IMD_Decile,Driver_Home_Area_Type,Vehicle_IMD_Decile
201542I262006,2,4,0,18,0,8,0,0,0,0,1,1,6,1,49,8,-1,-1,-1,-1,1,-1
201542I262106,1,9,0,18,0,1,0,0,0,0,4,1,6,2,81,11,1398,1,12,-1,3,-1
201542I262106,2,1,0,7,0,1,0,0,0,0,1,1,6,1,5,1,-1,-1,-1,-1,-1,-1
201542I262208,1,9,0,18,0,8,0,0,0,0,4,1,6,1,-1,-1,1599,1,9,-1,-1,-1
201542I262208,2,1,0,18,0,8,0,0,0,0,3,1,6,1,42,7,-1,-1,-1,-1,1,-1
201542I262308,1,9,0,3,0,4,0,0,0,0,1,1,6,1,-1,-1,1596,1,11,-1,-1,-1
201542I262308,2,9,0,3,0,4,0,0,0,0,2,1,1,1,43,7,1197,1,5,-1,1,-1
201542I262408,1,9,0,18,0,0,0,0,0,0,1,1,6,3,-1,-1,-1,-1,-1,-1,-1,-1
201542I262408,2,1,0,18,0,0,0,0,0,0,2,1,6,1,48,8,-1,-1,-1,-1,2,-1
201542I262506,1,9,0,9,0,1,0,0,0,0,1,1,2,1,22,5,1598,2,1,-1,1,-1
201542I262506,2,8,0,18,0,1,0,0,0,0,1,1,2,1,44,7,-1,-1,-1,-1,1,-1
201542I262506,3,9,0,4,0,1,0,0,0,0,1,1,3,2,62,9,1390,1,5,-1,1,-1
201542I262603,1,9,0,18,0,1,0,0,0,0,0,1,2,1,72,10,1560,2,5,-1,1,-1
201542I262707,1,8,0,16,0,0,0,0,1,3,1,1,1,1,66,10,1461,2,2,-1,2,-1
201542I262707,2,17,4,16,0,0,0,0,0,0,0,1,6,3,-1,-1,-1,-1,-1,-1,-1,-1
201542I262808,1,19,0,18,0,0,0,0,0,0,1,1,1,1,-1,-1,1560,2,2,-1,-1,-1
201542I262808,2,19,0,18,0,0,0,0,0,0,2,1,1,1,30,6,1560,2,-1,-1,1,-1
201542I262808,3,19,0,18,0,0,0,0,0,0,4,1,1,1,27,6,2198,2,-1,-1,1,-1
201542I262908,1,5,0,18,0,2,1,0,0,0,4,1,1,1,51,8,599,1,7,-1,2,-1
201542I263008,1,9,0,9,0,5,0,0,0,0,1,1,1,1,22,5,-1,-1,-1,-1,1,-1
201542I263008,2,3,0,18,0,8,1,0,0,0,3,1,6,1,23,5,124,1,1,-1,1,-1
201542I263008,3,9,0,3,0,1,0,0,0,0,0,1,2,2,32,6,1910,2,9,-1,1,-1
201542I263108,1,9,0,18,0,0,2,0,5,6,1,1,6,2,26,6,1299,1,13,-1,1,-1
201542I263208,1,8,0,5,0,0,0,0,0,0,0,1,1,1,-1,-1,-1,-1,-1,-1,-1,-1
201542I263308,1,21,1,12,0,8,0,0,0,0,3,1,1,1,28,6,-1,-1,-1,-1,-1,-1
201542I263308,2,9,0,18,0,8,0,0,4,0,4,1,6,2,31,6,2987,2,8,-1,1,-1
201542I263408,1,9,0,7,0,6,0,0,0,0,3,1,6,1,23,5,1598,1,14,-1,1,-1
201542I263408,2,9,0,18,0,8,0,0,0,0,1,1,6,2,58,9,1149,1,10,-1,1,-1
201542I263508,1,9,0,9,0,8,0,0,0,0,0,1,6,3,-1,-1,-1,-1,-1,-1,-1,-1
201542I263508,2,3,0,18,0,8,0,0,0,0,4,1,6,1,28,6,125,1,14,-1,-1,-1
201542I263508,3,9,0,18,0,8,0,0,0,0,3,1,6,1,-1,-1,1299,1,12,-1,1,-1
201542I263608,1,9,0,18,0,1,0,0,0,0,1,1,6,2,22,5,1685,2,-1,-1,2,-1
201542I263608,2,9,0,4,0,1,0,0,0,0,2,1,6,1,19,4,1390,1,-1,-1,3,-1
201542I263708,1,9,0,5,0,0,0,0,0,0,0,1,6,1,25,5,1242,1,2,-1,1,-1
201542I263708,2,4,0,18,0,0,1,0,0,0,3,1,1,2,24,5,487,1,13,-1,1,-1
201542I263808,1,3,0,7,0,1,1,0,0,0,4,1,1,2,25,5,125,1,-1,-1,2,-1
201542I263908,1,9,0,2,0,0,0,0,0,0,3,1,1,2,46,8,1242,1,6,-1,1,-1
201542I263908,2,1,0,14,0,0,0,8,0,0,4,1,6,1,27,6,-1,-1,-1,-1,1,-1
201542I264008,1,9,0,18,0,8,0,0,0,0,2,1,6,2,36,7,1598,1,9,-1,1,-1
201542I264008,2,9,0,18,0,8,0,0,0,0,1,1,1,2,50,8,1798,8,-1,-1,1,-1
201542I264208,1,9,0,16,0,1,1,0,0,0,1,1,6,1,58,9,1896,2,13,-1,1,-1
201542I264208,2,19,0,17,0,1,2,0,1,1,3,1,1,1,29,6,2286,2,9,-1,1,-1
201542I264308,1,9,0,18,0,0,1,0,1,4,4,1,6,1,61,9,1988,1,11,-1,1,-1
201542I264408,1,9,0,5,0,1,0,0,0,0,1,1,6,2,28,6,1461,2,14,-1,1,-1
201542I264408,2,9,0,18,0,1,0,0,0,0,4,1,6,2,50,8,1390,1,12,-1,1,-1
201542I264608,1,9,0,18,0,8,0,0,0,0,0,1,6,2,-1,-1,-1,-1,-1,-1,-1,-1
201542I264608,2,3,0,17,0,1,0,0,7,0,0,1,6,1,23,5,-1,-1,-1,-1,1,-1
201542I264708,1,9,0,4,0,0,0,0,0,0,1,1,6,1,33,6,-1,-1,-1,-1,1,-1
201542I264708,2,9,0,4,0,0,0,0,0,0,2,1,6,1,47,8,-1,-1,-1,-1,1,-1
201542I264802,1,5,0,13,0,0,1,0,0,0,1,1,2,1,29,6,599,1,12,-1,3,-1
201542I264802,2,9,0,12,0,0,0,0,0,0,2,1,2,2,32,6,-1,-1,-1,-1,3,-1
201542I264802,3,9,0,18,0,0,0,0,0,0,4,1,2,2,25,5,1149,1,4,-1,-1,-1
201542I264802,4,9,0,18,0,0,0,0,0,0,3,1,2,2,54,8,1998,1,6,-1,-1,-1
201542I264908,1,9,0,1,0,1,0,0,0,0,2,1,6,1,-1,-1,1997,2,-1,-1,-1,-1
201542I264908,2,9,0,2,0,1,0,0,0,0,0,1,6,1,69,10,1598,1,2,-1,1,-1
201542I265008,1,9,0,9,0,0,0,0,0,0,1,1,6,1,65,9,3956,7,13,-1,2,-1
201542I265008,2,3,0,18,0,0,0,0,0,0,1,1,2,1,50,8,-1,-1,-1,-1,1,-1
201542I265108,1,19,0,11,0,0,2,0,0,0,4,1,1,1,28,6,1560,2,-1,-1,1,-1
201542I265108,2,19,0,18,0,0,0,0,0,0,3,1,1,1,62,9,2143,2,1,-1,2,-1
201542I265108,3,19,0,18,0,0,0,0,0,0,2,1,1,1,57,9,1998,2,9,-1,1,-1
201542I265208,1,9,0,7,0,3,0,0,0,0,1,1,6,1,-1,-1,1560,2,1,-1,3,-1
201542I265208,2,9,0,7,0,3,0,0,0,0,3,1,1,2,24,5,1398,1,-1,-1,1,-1
201542I265308,1,9,0,18,0,0,0,0,0,0,1,1,6,1,44,7,1796,1,15,-1,1,-1
201542I265308,2,22,0,18,0,0,0,0,0,0,3,1,6,2,66,10,-1,-1,-1,-1,1,-1
201542I265408,1,9,0,9,0,6,0,0,0,0,1,1,1,1,49,8,1910,2,8,-1,1,-1
201542I265408,2,4,0,15,0,1,1,0,0,0,1,1,4,1,22,5,649,1,9,-1,1,-1
201542I265508,1,1,0,9,0,1,0,0,0,0,3,1,6,2,24,5,-1,-1,-1,-1,1,-1
201542I265508,2,19,0,18,0,1,1,0,0,0,1,1,6,1,31,6,2500,2,11,-1,1,-1
201542I265608,1,9,0,5,0,1,0,0,0,0,3,1,6,2,79,11,1299,1,12,-1,2,-1
201542I265608,2,9,0,18,0,1,0,0,0,0,1,1,6,1,50,8,-1,-1,-1,-1,1,-1
201542I265708,1,3,0,18,0,1,0,0,1,0,0,1,6,1,29,6,124,1,9,-1,1,-1
201542I265808,1,9,0,1,9,1,0,0,0,0,2,1,6,2,69,10,1598,1,-1,-1,1,-1
201542I265808,2,19,0,2,0,1,0,0,0,0,3,1,6,1,43,7,2151,2,13,-1,1,-1
201542I265908,1,8,0,18,0,8,0,0,0,0,1,1,6,1,-1,-1,1968,2,6,-1,-1,-1
201542I265908,2,22,0,18,0,8,0,0,0,0,3,1,6,2,-1,-1,-1,-1,-1,-1,-1,-1
201542I266008,1,9,0,18,0,0,1,0,0,0,1,1,6,1,39,7,2987,2,9,-1,3,-1
201542I266008,2,9,0,18,0,0,0,0,0,0,2,1,6,2,30,6,1560,2,6,-1,1,-1
201542I266008,3,9,0,18,0,0,0,0,0,0,2,1,6,2,27,6,1248,2,5,-1,3,-1
201542I266108,1,9,0,4,0,0,0,0,0,0,1,1,1,1,29,6,-1,-1,-1,-1,-1,-1
201542I266108,2,9,0,4,0,0,0,0,0,0,2,1,2,2,22,5,799,2,6,-1,1,-1
201542I266108,3,9,0,4,0,0,0,0,0,0,2,1,6,1,-1,-1,1598,1,1,-1,1,-1
201542I266208,1,19,0,18,0,1,1,0,0,0,1,1,1,1,28,6,1753,2,8,-1,1,-1
201542I266208,2,9,0,1,0,1,0,0,0,0,0,1,6,2,78,11,1587,1,21,-1,1,-1
201542I266208,3,20,0,2,0,1,0,0,0,0,1,1,6,3,-1,-1,2953,2,10,-1,-1,-1
201542I266208,4,19,0,2,0,1,0,0,0,0,4,1,6,3,-1,-1,2402,2,13,-1,-1,-1
201542I266308,1,9,0,18,0,2,0,0,0,0,1,1,2,2,17,4,1198,1,5,-1,3,-1
201542I266308,2,9,0,18,0,1,0,0,0,0,3,1,6,2,36,7,998,1,1,-1,1,-1
201542I266408,1,9,0,18,0,0,0,0,0,0,2,1,1,2,47,8,1997,2,-1,-1,-1,-1
201542I266408,2,9,0,18,0,0,0,0,0,0,1,1,6,1,56,9,2793,1,16,-1,1,-1
201542I266408,3,9,0,18,0,0,0,0,0,0,2,1,1,1,69,10,2179,2,2,-1,1,-1
201542I266408,4,9,0,18,0,0,0,0,0,0,3,1,6,1,28,6,2143,2,-1,-1,1,-1
201542I266508,1,9,0,7,0,1,0,0,0,0,1,1,6,3,-1,-1,2987,2,4,-1,-1,-1
201542I266508,2,9,0,3,0,1,0,0,1,0,3,1,1,1,33,6,1560,2,1,-1,1,-1
201542I266508,3,9,0,18,0,1,0,0,0,0,0,1,1,1,33,6,2993,2,-1,-1,1,-1
201542I266608,1,21,1,18,0,1,0,0,0,0,3,1,6,1,-1,-1,-1,-1,-1,-1,-1,-1
201542I266608,2,21,0,18,0,1,0,0,0,0,3,1,6,1,57,9,3920,2,12,-1,3,-1
201542I266708,1,9,0,9,0,8,0,0,0,0,1,1,6,1,51,8,1582,2,2,-1,-1,-1
201542I266708,2,9,0,18,0,8,0,0,0,0,4,1,1,1,36,7,1968,2,2,-1,1,-1
201542I266808,1,9,0,18,0,0,0,0,0,0,1,1,6,1,79,11,1590,1,10,-1,1,-1
201542I266808,2,9,0,3,0,0,0,0,0,0,2,1,6,1,42,7,1753,2,14,-1,-1,-1
201542I266808,3,9,0,3,0,0,0,0,0,0,2,1,6,2,33,6,1598,2,3,-1,1,-1
201542I266908,1,9,0,9,0,2,0,0,0,0,1,1,6,2,80,11,1598,1,11,-1,1,-1
201542I267008,1,9,0,18,0,0,0,0,0,0,1,1,6,2,25,5,1299,1,13,-1,2,-1
201542I267108,1,9,0,9,0,4,0,0,0,0,3,1,2,2,28,6,-1,-1,-1,-1,1,-1
201542I267108,2,9,0,18,0,4,0,0,0,0,3,1,6,1,58,9,1598,1,6,-1,1,-1
201542I267208,1,9,0,18,0,0,0,0,0,0,0,1,6,1,68,10,1598,1,5,-1,1,-1
201542I267308,1,9,0,3,0,3,0,0,0,0,2,1,6,1,21,5,-1,-1,-1,-1,1,-1
201542I267308,2,1,0,18,9,1,0,0,0,0,3,1,6,2,7,2,-1,-1,-1,-1,-1,-1
201542I267408,1,9,0,4,0,0,0,0,0,0,1,1,6,2,20,4,1229,1,2,-1,-1,-1
201542I267408,2,9,0,4,0,0,0,0,0,0,2,1,6,1,35,6,1997,2,2,-1,1,-1
201542I267607,1,9,0,17,0,3,0,0,0,0,1,1,6,2,29,6,-1,-1,-1,-1,1,-1
201542I267607,2,9,0,11,0,3,0,0,0,0,1,1,1,1,32,6,1499,2,-1,-1,1,-1
201542I267708,1,9,0,18,0,0,1,0,4,6,2,1,6,2,38,7,998,1,14,-1,1,-1
201542I267708,2,9,0,18,0,0,0,0,0,0,1,1,6,1,36,7,1582,2,6,-1,2,-1
201542I267808,1,21,0,13,0,0,0,0,0,0,0,1,1,1,71,10,12902,2,2,-1,1,-1
201542I267808,2,1,0,18,0,0,1,0,0,0,0,1,2,1,41,7,-1,-1,-1,-1,1,-1
201542I267908,1,11,0,4,0,0,1,0,0,0,1,1,1,1,54,8,4250,2,13,-1,1,-1
201542I268008,1,9,0,3,0,4,0,0,0,0,1,1,6,2,48,8,1598,2,2,-1,1,-1
201542I268008,2,9,0,3,0,4,0,0,0,0,2,1,6,1,59,9,2982,2,3,-1,2,-1
201542I268108,1,10,0,18,0,0,0,0,0,0,1,1,1,1,59,9,2148,2,11,-1,1,-1
201542I268108,2,9,0,3,0,0,0,0,0,0,2,1,6,1,76,11,1388,1,11,-1,1,-1
201542I268108,3,9,0,3,0,0,0,0,0,0,2,1,6,1,28,6,-1,-1,-1,-1,1,-1
201542I268208,1,19,0,18,0,0,0,0,0,0,1,1,6,1,32,6,1753,2,2,-1,1,-1
201542I268208,2,1,0,18,0,0,0,0,0,0,2,1,6,2,42,7,-1,-1,-1,-1,2,-1
201542I268308,1,9,0,18,0,1,0,0,0,0,0,1,6,1,57,9,1598,1,1,-1,1,-1
201542I268508,1,9,0,18,0,0,0,0,0,0,1,1,6,1,81,11,1390,1,-1,-1,1,-1
201542I268508,2,9,0,18,0,0,0,0,7,0,2,1,6,1,36,7,1997,2,5,-1,1,-1
201542I268607,1,9,0,18,0,0,0,0,0,0,1,1,6,2,25,5,-1,-1,-1,-1,1,-1
201542I268607,2,9,0,18,0,0,0,0,0,0,2,1,6,2,54,8,1086,1,5,-1,-1,-1
201542I268708,1,9,0,5,0,2,0,0,0,0,1,1,6,2,32,6,-1,-1,-1,-1,1,-1
201542I268708,2,9,0,18,0,1,0,0,0,0,2,1,6,1,48,8,1896,2,12,-1,2,-1
201542I268808,1,9,0,18,0,6,0,0,0,0,1,1,6,2,59,9,1783,1,11,-1,1,-1
201542I268808,2,9,0,18,0,8,0,0,0,0,4,1,6,1,52,8,-1,-1,-1,-1,1,-1
201542I268908,1,9,0,5,0,1,0,0,0,0,1,1,6,2,-1,-1,-1,-1,-1,-1,-1,-1
201542I269008,1,9,0,18,0,0,0,0,1,9,1,1,6,1,47,8,2143,2,1,-1,3,-1
201542I269008,2,9,0,3,0,0,0,0,0,0,2,1,6,1,54,8,1560,2,5,-1,2,-1
201542I269008,3,9,0,3,0,0,0,0,0,0,2,1,6,2,33,6,1461,2,5,-1,1,-1
201542I269008,4,9,0,3,0,0,0,0,0,0,2,1,6,1,33,6,1596,1,4,-1,1,-1
201542I269108,1,9,0,18,0,8,0,0,0,0,0,1,6,1,-1,-1,1242,1,18,-1,-1,-1
201542I269108,2,1,0,5,0,8,0,0,0,0,0,1,6,1,20,4,-1,-1,-1,-1,1,-1
201542I269208,1,1,0,18,0,0,0,0,0,0,0,1,6,2,34,6,-1,-1,-1,-1,-1,-1
201542I269208,2,9,0,18,0,0,0,0,0,0,0,1,6,1,-1,-1,-1,-1,-1,-1,-1,-1
201542I269308,1,9,0,18,0,0,0,0,0,0,1,1,6,1,78,11,1968,2,3,-1,1,-1
201542I269308,2,9,0,2,0,0,0,0,0,0,1,1,6,3,-1,-1,1198,1,3,-1,-1,-1
201542I269408,1,9,0,18,0,1,0,0,0,0,1,1,6,1,32,6,1584,7,7,-1,1,-1
201542I269508,1,9,0,13,0,0,0,0,0,0,0,1,6,2,30,6,1968,2,2,-1,-1,-1
201542I269508,2,9,0,18,0,0,0,0,0,0,1,1,6,1,58,9,1242,1,13,-1,1,-1
201542I269508,3,9,0,18,0,0,0,0,0,0,2,1,6,1,47,8,1198,1,12,-1,1,-1
201542I269608,1,9,0,18,0,0,0,0,0,0,2,1,6,1,-1,-1,-1,-1,-1,-1,-1,-1
201542I269608,2,9,0,3,0,0,0,0,0,0,2,1,6,1,33,6,1299,1,14,-1,1,-1
201542I269608,3,9,0,3,0,0,0,0,0,0,1,1,6,2,-1,-1,1598,1,9,-1,-1,-1
201542I269708,1,9,0,18,0,1,0,0,0,0,4,1,6,2,31,6,1461,2,1,-1,1,-1
201542I269808,1,9,0,10,0,6,0,0,0,0,4,1,6,2,58,9,1242,1,4,-1,3,-1
201542I269808,2,9,0,18,0,1,0,0,0,0,3,1,6,1,29,6,1988,1,12,-1,1,-1
201542I269907,1,9,0,16,0,2,1,0,0,0,3,1,2,1,44,7,1984,1,7,-1,-1,-1
201542I269907,2,19,0,18,0,1,0,0,1,9,3,1,1,1,20,4,2402,2,10,-1,-1,-1
201542I270208,1,9,0,18,0,0,0,0,7,0,1,1,6,3,-1,-1,2987,2,1,-1,-1,-1
201542I270208,2,9,0,4,0,0,0,0,0,0,1,1,6,1,20,4,799,2,6,-1,2,-1
201542I270208,3,9,0,4,0,0,0,0,0,0,2,1,6,1,55,8,1997,2,1,-1,1,-1
201542I270308,1,9,0,18,0,0,5,0,7,0,1,1,1,2,19,4,1124,1,14,-1,2,-1
201542I270408,1,9,0,9,0,1,0,0,0,0,1,1,6,2,78,11,1328,1,11,-1,1,-1
201542I270408,2,5,0,18,0,1,0,0,0,0,4,1,2,1,25,5,599,1,-1,-1,2,-1
201542I270509,1,9,0,9,0,1,0,7,0,0,1,1,6,1,77,11,-1,-1,-1,-1,1,-1
201542I270608,1,9,0,18,0,0,0,0,0,0,1,1,6,1,53,8,2000,1,8,-1,-1,-1
201542I270608,2,9,0,18,0,0,0,0,0,0,1,1,6,2,79,11,1198,1,10,-1,1,-1
201542I270608,3,9,0,18,0,0,0,0,0,0,1,1,6,1,20,4,1600,2,6,-1,1,-1
201542I270709,1,9,0,9,0,1,0,0,0,0,1,1,2,2,22,5,-1,-1,-1,-1,1,-1
201542I270709,2,9,0,18,0,1,0,0,0,0,1,1,2,2,49,8,-1,-1,-1,-1,-1,-1
201542I270809,1,9,0,16,0,3,0,0,0,0,1,1,6,2,-1,-1,-1,-1,-1,-1,-1,-1
201542I270809,2,3,0,16,0,3,0,0,0,0,2,1,6,1,26,6,125,1,5,-1,1,-1
201542I271109,1,9,0,5,0,4,0,0,0,0,0,1,6,2,61,9,1124,1,14,-1,1,-1
201542I271109,2,3,0,18,0,3,0,0,0,0,3,1,2,1,26,6,124,1,9,-1,1,-1
201542I271209,1,5,0,13,0,1,0,0,7,4,3,1,1,1,23,5,-1,-1,-1,-1,-1,-1
201542I271209,2,9,0,9,0,1,0,0,0,0,4,1,6,1,59,9,1299,1,17,-1,3,-1
201542I271309,1,19,0,18,0,3,0,0,0,0,1,1,1,1,52,8,1968,2,2,-1,1,-1
201542I271409,1,9,0,18,0,0,0,0,0,0,4,1,1,2,52,8,1598,1,9,-1,1,-1
201542I271409,2,9,0,18,0,0,0,0,0,0,2,1,1,2,23,5,1397,1,13,-1,1,-1
201542I271409,3,9,0,18,0,0,0,0,0,0,2,1,1,2,38,7,1798,1,7,-1,2,-1
201542I271507,1,9,0,18,0,1,0,0,0,0,4,1,6,2,37,7,1598,1,5,-1,3,-1
201542I271507,2,9,0,7,0,1,0,0,0,0,3,1,1,2,43,7,1796,1,12,-1,2,-1
201542I271608,1,9,0,18,0,0,0,0,0,0,1,1,6,2,56,9,1781,1,18,-1,1,-1
201542I271608,2,9,0,18,0,0,0,0,0,0,1,1,2,1,47,8,1798,1,4,-1,3,-1
201542I271708,1,9,0,17,0,8,0,0,0,0,0,1,6,2,-1,-1,-1,-1,-1,-1,-1,-1
201542I271708,2,9,0,17,0,8,0,0,0,0,1,1,6,1,56,9,1781,1,14,-1,-1,-1
201542I271708,3,9,0,18,0,8,0,0,0,0,2,1,6,1,33,6,1995,2,-1,-1,1,-1
201542I271808,1,9,0,18,0,1,0,0,0,7,4,1,6,1,21,5,-1,-1,-1,-1,1,-1
201542I272006,1,9,0,18,0,0,0,0,0,0,1,1,6,1,23,5,1388,1,13,-1,1,-1
201542I272006,2,19,0,3,0,0,0,0,0,0,2,1,1,1,23,5,-1,-1,-1,-1,1,-1
201542I272108,1,9,0,13,0,1,0,0,0,0,0,1,6,3,-1,-1,-1,-1,-1,-1,-1,-1
201542I272108,2,3,0,18,0,1,1,0,1,0,3,1,6,1,43,7,125,1,-1,-1,1,-1
201542I272208,1,9,0,7,0,8,0,0,0,0,1,1,6,2,52,8,1794,1,12,-1,1,-1
201542I272208,2,9,0,18,0,8,0,0,0,0,1,1,1,1,57,9,1995,2,1,-1,1,-1
201542I272307,1,9,0,16,0,0,2,10,2,4,1,1,6,1,20,4,1968,2,10,-1,1,-1
201542I272407,1,2,0,18,0,0,0,0,0,0,0,1,6,1,17,4,100,1,13,-1,1,-1
201542I272508,1,19,0,17,0,1,0,0,0,0,1,1,1,1,31,6,1995,2,4,-1,1,-1
201542I272508,2,9,0,3,0,1,0,0,0,0,2,1,6,2,30,6,1596,1,11,-1,1,-1
201542I272508,3,9,0,18,0,1,0,0,0,0,1,1,6,1,32,6,2171,1,11,-1,1,-1
201542I272508,4,9,0,3,0,1,0,0,0,0,1,1,6,1,29,6,1749,1,13,-1,1,-1
201542I272608,1,9,0,18,0,0,1,0,8,4,2,1,1,2,21,5,998,1,9,-1,1,-1
201542I272608,2,98,0,18,0,0,0,0,0,0,4,1,1,1,28,6,9290,2,4,-1,-1,-1
201542I272708,1,9,0,18,9,1,0,0,0,0,3,1,6,1,36,7,1686,2,13,-1,2,-1
201542I272808,1,21,1,18,0,0,0,11,0,0,1,2,1,1,41,7,-1,-1,-1,-1,-1,-1
201542I272808,2,9,0,18,0,0,0,11,0,0,2,1,1,1,57,9,1997,2,2,-1,1,-1
201542I272808,3,9,0,18,0,0,0,11,0,0,0,1,6,2,41,7,-1,-1,-1,-1,2,-1
201542I272908,1,9,0,9,0,8,0,0,4,0,3,1,6,1,19,4,998,1,27,-1,-1,-1
201542I272908,2,9,0,18,0,8,0,0,4,0,1,1,6,1,26,6,2987,2,9,-1,3,-1
201542I273008,1,9,0,18,0,1,0,0,0,0,1,1,6,2,69,10,1399,2,5,-1,1,-1
201542I273008,2,9,0,9,0,1,0,0,0,0,2,1,6,2,69,10,1796,1,14,-1,1,-1
201542I273108,1,9,0,4,0,2,0,0,0,0,1,1,6,1,25,5,3189,1,12,-1,1,-1
201542I273108,2,9,0,3,0,2,0,0,0,0,2,1,6,2,62,9,2179,2,1,-1,2,-1
201542I273108,3,9,0,3,0,2,0,0,0,0,2,1,6,2,30,6,1999,1,6,-1,1,-1
201542I273108,4,9,0,3,0,2,0,0,0,0,2,1,6,2,50,8,1598,1,11,-1,1,-1
201542I273108,5,9,0,3,0,2,0,0,0,0,2,1,6,1,46,8,998,1,3,-1,1,-1
201542I273208,1,9,0,18,0,0,2,0,1,9,1,1,2,1,36,7,1149,1,10,-1,1,-1
201542I273308,1,9,0,18,0,1,0,0,0,0,1,1,6,1,17,4,1248,2,8,-1,3,-1
201542I273308,2,9,0,9,0,1,0,0,0,0,2,1,6,1,25,5,1275,1,16,-1,1,-1
201542I273308,3,9,0,18,0,1,0,0,0,0,1,1,6,2,31,6,1461,2,8,-1,1,-1
201542I273408,1,9,0,18,0,0,1,0,2,7,2,1,6,2,19,4,1242,1,11,-1,1,-1
201542I273508,1,9,0,18,0,0,0,0,0,0,1,1,6,2,20,4,1242,1,5,-1,1,-1
201542I273508,2,9,0,18,0,0,0,0,0,0,1,1,6,2,24,5,-1,-1,-1,-1,1,-1
201542I273508,3,9,0,18,0,0,0,0,0,0,2,1,6,2,22,5,1242,1,2,-1,1,-1
201542I273508,4,9,0,18,0,0,1,0,2,7,4,1,6,1,23,5,1149,1,14,-1,1,-1
201542I273508,5,9,0,18,0,0,0,0,0,0,1,1,6,1,79,11,1769,1,13,-1,1,-1
201542I273709,1,9,0,18,0,1,2,0,7,11,1,1,6,1,21,5,1149,1,9,-1,3,-1
201542I273808,1,5,0,18,0,0,0,0,0,0,4,1,6,1,44,7,1078,1,4,-1,1,-1
201542I273909,1,9,0,18,0,8,0,0,0,0,4,1,6,3,-1,-1,-1,-1,-1,-1,-1,-1
201542I274008,1,9,0,16,0,8,1,0,7,1,4,1,6,1,18,4,1149,1,7,-1,1,-1
201542I274109,1,3,0,18,0,0,0,0,0,0,4,1,6,1,48,8,123,1,29,-1,1,-1
201542I274209,1,9,0,4,0,0,0,0,0,0,1,1,6,2,24,5,1242,1,9,-1,1,-1
201542I274209,2,9,0,4,0,0,0,0,0,0,2,1,6,1,17,4,1242,1,16,-1,2,-1
201542I274209,3,9,0,4,0,0,0,0,0,0,2,1,6,1,53,8,-1,-1,-1,-1,1,-1
201542I274309,1,9,0,18,0,0,0,0,0,0,1,1,2,2,47,8,1299,1,12,-1,1,-1
201542I274408,1,9,0,4,0,0,0,0,0,0,1,1,6,2,45,7,1997,1,13,-1,1,-1
201542I274408,2,9,0,4,0,0,0,0,0,0,2,1,6,1,55,8,1997,2,2,-1,1,-1
201542I274509,1,9,0,18,0,1,1,0,1,10,1,1,6,1,21,5,-1,-1,-1,-1,1,-1
201542I274509,2,9,0,10,0,1,0,0,0,0,1,1,6,1,35,6,1796,1,11,-1,2,-1
201542I274608,1,9,0,18,0,1,1,0,0,7,1,1,6,1,19,4,1598,1,7,-1,1,-1
201542I274709,1,20,0,18,0,3,0,0,0,0,0,1,1,1,24,5,-1,-1,-1,-1,1,-1
201542I274709,2,11,0,18,0,4,0,0,0,0,0,1,1,1,57,9,9360,2,7,-1,2,-1
201542I274709,3,9,0,18,0,4,0,0,0,0,0,1,6,2,62,9,1984,1,14,-1,1,-1
201542I274809,1,9,0,18,0,0,0,4,0,0,1,1,1,2,52,8,2402,2,8,-1,3,-1
201542I274809,2,9,0,2,0,0,0,0,0,0,2,1,6,3,-1,-1,1299,1,9,-1,-1,-1
201542I274909,1,9,0,18,0,1,0,7,0,0,1,1,6,1,41,7,1995,2,4,-1,1,-1
201542I274909,2,9,0,18,0,1,0,0,0,0,2,1,6,1,53,8,1598,1,10,-1,1,-1
201542I275009,1,9,0,18,0,1,0,0,0,0,2,1,1,1,28,6,1998,2,10,-1,1,-1
201542I275009,2,9,0,18,0,1,0,0,0,0,0,1,6,2,48,8,1596,1,10,-1,1,-1
201542I275109,1,19,0,2,0,0,0,0,0,0,3,1,6,3,-1,-1,1968,2,2,-1,-1,-1
201542I275109,2,1,0,18,0,0,0,0,0,0,4,1,6,1,39,7,-1,-1,-1,-1,1,-1
201542I275208,1,9,0,18,0,1,0,0,0,11,1,1,6,2,74,10,1969,2,-1,-1,2,-1
201542I275309,1,9,0,9,0,5,0,0,0,0,1,1,6,2,77,11,1598,1,8,-1,1,-1
201542I275309,2,1,0,18,0,1,0,0,0,0,3,1,6,1,40,7,-1,-1,-1,-1,-1,-1
201542I275409,1,9,0,18,0,1,0,0,0,0,1,1,6,2,38,7,1796,1,8,-1,1,-1