Accident_Index,Vehicle_Reference,Vehicle_Type,Towing_and_Articulation,Vehicle_Manoeuvre,Vehicle_Location-Restricted_Lane,Junction_Location,Skidding_and_Overturning,Hit_Object_in_Carriageway,Vehicle_Leaving_Carriageway,Hit_Object_off_Carriageway,1st_Point_of_Impact,Was_Vehicle_Left_Hand_Drive?,Journey_Purpose_of_Driver,Sex_of_Driver,Age_of_Driver,Age_Band_of_Driver,Engine_Capacity_(CC),Propulsion_Code,Age_of_Vehicle,Driver_IMD_Decile,Driver_Home_Area_Type,Vehicle_IMD_Decile
201543N080075,1,9,0,18,0,8,0,7,3,1,1,1,6,2,76,11,1796,1,11,-1,1,-1
201543N080085,1,9,0,18,0,0,0,0,0,0,0,1,1,1,61,9,2143,2,3,-1,1,-1
201543N081025,1,9,0,14,0,0,5,0,0,0,1,1,6,1,77,11,-1,-1,-1,-1,1,-1
201543N081025,2,9,0,2,0,0,0,0,0,0,2,1,6,3,-1,-1,1229,1,6,-1,-1,-1
201543N081045,1,9,0,7,0,3,0,0,0,0,0,1,6,1,27,6,1389,1,17,-1,1,-1
201543N081045,2,9,0,2,0,3,0,0,0,0,0,1,6,1,42,7,-1,-1,-1,-1,1,-1
201543N081075,1,1,0,9,0,4,0,0,0,0,1,1,6,1,73,10,-1,-1,-1,-1,2,-1
201543N081075,2,9,0,18,0,8,0,0,0,0,3,1,1,2,49,8,1197,1,-1,-1,1,-1
201543N081085,1,9,0,18,0,3,0,0,0,0,4,1,6,3,-1,-1,1997,2,17,-1,-1,-1
201543N081085,2,9,0,18,0,3,0,0,1,0,3,1,6,1,18,4,-1,-1,-1,-1,1,-1
201543N082125,1,9,0,16,0,0,0,0,0,0,3,1,2,2,29,6,1910,2,9,-1,3,-1
201543N082125,2,9,0,17,0,0,0,0,1,4,3,1,2,1,44,7,1998,2,9,-1,1,-1
201543N083025,1,9,0,18,0,1,0,0,0,0,1,1,6,2,77,11,1242,1,6,-1,3,-1
201543N083025,2,9,0,8,0,1,0,0,0,0,2,1,6,1,40,7,1998,1,9,-1,1,-1
201543N083125,1,19,0,17,0,0,0,0,7,0,1,1,1,1,40,7,-1,-1,-1,-1,-1,-1
201543N083125,2,8,0,16,0,0,0,0,1,0,1,1,1,1,44,7,1753,2,7,-1,1,-1
201543N084025,1,9,0,13,0,0,0,0,0,0,0,1,6,1,41,7,2967,2,8,-1,1,-1
201543N084025,2,1,0,17,0,0,0,0,0,0,4,1,6,2,31,6,-1,-1,-1,-1,1,-1
201543N084065,1,21,1,18,0,0,2,0,0,0,1,1,6,1,40,7,-1,-1,-1,-1,1,-1
201543N084065,2,9,0,3,0,0,0,0,0,0,2,1,6,2,74,10,1396,1,5,-1,1,-1
201543N084065,3,9,0,3,0,0,0,0,0,0,2,1,6,2,45,7,1560,2,6,-1,2,-1
201543N084065,4,19,0,3,0,0,0,0,0,0,2,1,6,1,40,7,1870,2,10,-1,-1,-1
201543N084085,1,9,0,9,0,6,0,0,0,0,0,1,6,2,61,9,1797,8,5,-1,1,-1
201543N084085,2,1,0,17,0,1,1,10,0,0,1,1,6,1,52,8,-1,-1,-1,-1,2,-1
201543N084125,1,9,0,18,0,0,1,0,1,4,4,1,1,1,26,6,1242,1,16,-1,3,-1
201543N085065,1,97,0,16,0,0,0,0,0,0,1,1,6,1,21,5,599,1,12,-1,1,-1
201543N085065,2,9,0,17,0,0,0,0,0,0,1,1,6,1,62,9,2435,1,14,-1,1,-1
201543N085075,1,19,0,18,0,0,0,0,0,0,1,1,1,1,24,5,2198,2,2,-1,1,-1
201543N085075,2,9,0,3,0,0,0,0,0,0,2,1,6,1,35,6,1582,2,2,-1,1,-1
201543N085075,3,9,0,3,0,0,0,0,0,0,2,1,6,1,50,8,1997,2,13,-1,1,-1
201543N085115,1,9,0,18,0,0,0,0,0,0,1,1,6,1,81,11,5700,1,13,-1,3,-1
201543N086055,1,5,0,18,0,4,1,0,0,0,3,1,6,1,25,5,-1,-1,-1,-1,1,-1
201543N086055,2,9,0,18,0,3,0,0,0,0,4,1,1,1,57,9,2148,2,6,-1,1,-1
201543N086075,1,9,0,16,0,0,0,0,0,0,3,1,6,2,43,7,998,1,1,-1,1,-1
201543N086075,2,9,0,17,0,0,0,0,0,0,3,1,6,2,28,6,1598,1,7,-1,1,-1
201543N086095,1,9,0,18,0,0,0,0,0,0,1,1,6,2,59,9,1968,2,1,-1,3,-1
201543N086095,2,9,0,3,0,0,0,0,0,0,2,1,6,1,66,10,1997,2,6,-1,2,-1
201543N086095,3,9,0,3,0,0,0,0,0,0,2,1,6,1,30,6,1461,2,-1,-1,1,-1
201543N087055,1,9,0,9,0,5,0,0,0,0,3,1,6,1,47,8,2993,2,5,-1,3,-1
201543N087055,2,5,0,13,0,8,0,0,7,4,4,1,6,1,58,9,1649,1,1,-1,1,-1
201543N087075,1,11,0,18,0,0,0,0,0,0,1,1,1,1,47,8,9360,2,4,-1,2,-1
201543N087075,2,9,0,18,0,0,0,0,0,0,2,1,6,2,45,7,1968,2,-1,-1,1,-1
201543N088015,1,9,0,18,0,1,0,0,0,0,1,1,6,3,-1,-1,-1,-1,-1,-1,-1,-1
201543N088015,2,9,0,3,0,1,0,0,0,0,2,1,2,1,36,7,1896,2,13,-1,-1,-1
201543N088055,1,9,0,18,0,0,0,0,1,1,1,1,6,1,74,10,998,1,16,-1,2,-1
201543N088085,1,9,0,16,0,0,0,0,1,10,1,1,2,2,23,5,1299,1,12,-1,1,-1
201543N089035,1,9,0,16,0,1,0,0,0,0,1,1,6,2,19,4,-1,-1,-1,-1,3,-1
201543N089035,2,9,0,3,0,1,0,0,0,0,2,1,6,2,43,7,999,1,5,-1,2,-1
201543N089035,3,9,0,3,0,1,0,0,0,0,2,1,6,2,39,7,-1,-1,-1,-1,1,-1
201543N089035,4,9,0,17,0,1,0,0,0,0,1,1,6,1,57,9,1794,1,8,-1,-1,-1
201543N089035,5,9,0,10,0,1,0,0,0,0,0,1,6,2,31,6,-1,-1,-1,-1,2,-1
201543N089125,1,19,0,11,0,0,0,0,0,0,1,1,6,3,-1,-1,-1,-1,-1,-1,-1,-1
201543N089125,2,5,0,18,0,0,0,0,0,0,3,1,6,2,33,6,999,1,8,-1,-1,-1
201543N090065,1,9,0,9,0,5,0,0,7,10,4,1,6,1,43,7,1997,1,14,-1,2,-1
201543N090065,2,9,0,18,0,1,0,0,1,0,1,1,6,2,25,5,1560,2,1,-1,1,-1
201543N090115,1,9,0,9,0,6,0,0,0,0,1,1,6,2,40,7,1598,7,14,-1,1,-1
201543N090115,2,3,0,14,0,1,1,0,0,0,1,1,6,1,18,4,124,1,7,-1,1,-1
201543N091015,1,9,0,7,0,5,0,0,0,0,4,1,6,2,65,9,-1,-1,-1,-1,3,-1
201543N091015,2,3,0,18,2,1,0,0,0,0,3,1,6,1,23,5,124,1,4,-1,1,-1
201543N091125,1,9,0,9,0,6,0,0,0,0,3,1,6,2,26,6,1994,2,11,-1,3,-1
201543N091125,2,19,0,9,0,8,0,0,0,0,4,1,6,1,54,8,2499,2,11,-1,1,-1
201543N092025,1,9,0,18,0,8,0,0,0,0,1,1,6,1,30,6,1870,2,9,-1,-1,-1
201543N092025,2,9,0,3,0,8,0,0,0,0,2,1,6,1,56,9,998,1,7,-1,1,-1
201543N092075,1,2,0,9,0,4,0,0,0,0,3,1,1,1,36,7,-1,-1,-1,-1,1,-1
201543N092075,2,2,0,18,0,1,0,0,0,0,1,1,3,2,47,8,-1,-1,-1,-1,3,-1
201543N092085,1,9,0,18,0,0,0,0,0,0,1,1,6,2,-1,-1,1598,1,3,-1,-1,-1
201543N092085,2,9,0,3,0,0,0,0,0,0,2,1,6,2,29,6,2496,2,9,-1,1,-1
201543N092085,3,9,0,18,0,0,0,0,0,0,1,1,6,3,-1,-1,-1,-1,-1,-1,-1,-1
201543N092105,1,9,0,9,0,4,0,0,0,0,1,1,2,1,26,6,-1,-1,-1,-1,1,-1
201543N092105,2,1,0,18,0,8,0,0,0,0,4,1,2,1,48,8,-1,-1,-1,-1,1,-1
201543N092115,1,9,0,11,0,1,0,0,0,0,4,1,6,2,26,6,1360,1,11,-1,1,-1
201543N092115,2,3,0,15,0,1,0,0,0,0,3,1,6,1,27,6,124,1,-1,-1,1,-1
201543N093025,1,9,0,18,0,1,0,0,0,0,1,1,6,1,45,7,2987,2,5,-1,1,-1
201543N093025,2,9,0,5,0,1,0,0,0,0,2,1,6,2,44,7,2148,2,7,-1,1,-1
201543N093035,1,9,0,13,0,0,0,0,0,0,4,1,1,1,39,7,1598,1,2,-1,3,-1
201543N093035,2,5,0,13,0,0,0,0,7,9,1,1,1,1,47,8,998,1,16,-1,1,-1
201543N093035,3,19,0,18,0,0,0,0,0,0,0,1,6,3,-1,-1,-1,-1,-1,-1,-1,-1
201543N093055,1,9,0,18,0,1,0,0,0,0,1,1,6,1,30,6,1796,1,8,-1,2,-1
201543N093055,2,9,0,4,0,1,0,0,0,0,2,1,6,2,38,7,2480,1,3,-1,2,-1
201543N093095,1,9,0,18,0,0,0,0,0,0,1,1,6,3,-1,-1,-1,-1,-1,-1,-1,-1
201543N093125,1,9,0,5,0,1,0,0,0,0,0,1,6,3,-1,-1,-1,-1,-1,-1,-1,-1
201543N093125,2,3,0,5,0,1,0,0,0,0,0,1,6,1,44,7,125,1,1,-1,1,-1
201543N094105,1,9,0,18,0,0,1,0,8,3,1,1,2,1,20,4,-1,-1,-1,-1,1,-1
201543N094125,1,3,0,18,0,2,0,10,1,0,4,1,6,1,19,4,125,1,7,-1,1,-1
201543N095045,1,9,0,18,0,0,1,0,5,6,1,1,6,1,35,6,1240,1,10,-1,1,-1
201543N095075,1,9,0,9,0,6,0,0,0,0,4,1,1,1,50,8,-1,-1,-1,-1,1,-1
201543N095075,2,9,0,18,0,8,0,0,0,0,3,1,6,2,29,6,2477,2,11,-1,1,-1
201543N095085,1,9,0,18,0,0,1,0,0,0,1,1,6,1,40,7,-1,-1,-1,-1,-1,-1
201543N095085,2,2,0,4,0,0,0,0,0,0,2,1,6,1,16,4,-1,-1,-1,-1,3,-1
201543N095105,1,9,0,3,0,1,0,0,0,0,2,1,6,1,-1,-1,2143,2,-1,-1,1,-1
201543N095105,2,9,0,3,0,1,0,0,0,0,1,1,6,2,22,5,1397,1,13,-1,1,-1
201543N095105,3,9,0,4,0,1,0,0,0,0,1,1,6,1,20,4,998,1,12,-1,3,-1
201543N095115,1,9,0,4,0,0,0,0,0,0,1,1,2,1,28,6,1986,2,9,-1,1,-1
201543N095115,2,9,0,3,0,0,0,0,0,0,2,1,2,1,44,7,1800,1,17,-1,-1,-1
201543N096075,1,9,0,9,0,5,0,0,0,0,3,1,6,1,19,4,1499,2,2,-1,1,-1
201543N096075,2,9,0,18,0,1,0,0,0,0,3,1,2,1,77,11,1781,1,13,-1,1,-1
201543N096075,3,9,0,18,0,1,0,0,0,0,3,1,6,2,76,11,3600,1,12,-1,1,-1
201543N096095,1,1,0,7,0,6,0,0,0,0,1,1,6,1,12,3,-1,-1,-1,-1,1,-1
201543N096095,2,9,0,18,0,1,0,0,0,0,1,1,6,1,33,6,1240,1,12,-1,3,-1
201543N097035,1,9,0,18,0,0,0,0,1,0,1,1,6,1,19,4,-1,-1,-1,-1,2,-1
201543N097055,1,9,0,9,0,6,0,0,0,0,1,1,6,1,29,6,2000,2,16,-1,1,-1
201543N097055,2,5,0,18,0,1,1,0,0,0,1,1,6,1,27,6,998,1,6,-1,1,-1
201543N097075,1,3,0,7,0,8,0,0,0,0,1,1,6,1,24,5,124,1,5,-1,3,-1
201543N097075,2,9,0,18,0,8,0,0,0,0,4,1,6,1,56,9,1199,1,11,-1,1,-1
201543N097095,1,9,0,7,0,6,0,0,0,0,2,1,6,2,18,4,1229,1,-1,-1,1,-1
201543N097095,2,9,0,18,0,1,0,0,0,0,1,1,2,2,25,5,1596,1,13,-1,2,-1
201543N097115,1,9,0,14,0,0,0,0,0,0,1,2,6,2,70,10,1747,1,19,-1,2,-1
201543N097115,2,9,0,18,0,0,0,0,0,0,1,1,6,1,73,10,1797,8,5,-1,3,-1
201543N097115,3,9,0,2,0,0,0,0,0,0,1,1,6,3,-1,-1,-1,-1,-1,-1,-1,-1
201543N098015,1,9,0,6,0,8,0,0,0,0,1,1,6,1,40,7,-1,-1,-1,-1,1,-1
201543N098015,2,9,0,18,0,8,0,0,0,0,3,1,6,1,18,4,1598,2,1,-1,1,-1
201543N098025,1,9,0,18,0,0,1,0,1,4,1,1,6,2,22,5,-1,-1,-1,-1,1,-1
201543N098035,1,9,0,18,0,1,0,0,0,0,1,1,6,2,-1,-1,-1,-1,-1,-1,-1,-1
201543N098035,2,9,0,3,0,1,0,0,0,0,2,1,6,1,39,7,1998,1,20,-1,1,-1
201543N098035,3,9,0,3,0,1,0,0,0,0,1,1,6,2,-1,-1,-1,-1,-1,-1,-1,-1
201543N098055,1,9,0,18,0,1,0,0,7,4,0,1,6,1,40,7,1597,1,18,-1,1,-1
201543N098055,2,9,0,9,0,8,0,0,0,0,0,1,6,2,44,7,1560,2,4,-1,1,-1
201543N098075,1,9,0,17,0,0,0,0,1,0,1,1,2,1,22,5,1399,2,5,-1,3,-1
201543N098115,1,9,0,18,0,0,0,0,7,9,1,1,2,1,58,9,1998,1,9,-1,3,-1
201543N098115,2,9,0,18,0,0,0,0,7,9,1,1,6,2,72,10,1591,1,-1,-1,2,-1
201543N099065,1,3,0,18,0,1,1,11,0,0,0,1,6,1,25,5,125,1,7,-1,1,-1
201543N099085,1,9,0,18,0,4,0,0,0,0,3,1,1,1,38,7,1896,2,7,-1,1,-1
201543N099085,2,1,0,18,0,3,0,0,0,0,1,1,6,1,42,7,-1,-1,-1,-1,1,-1
201543N099095,1,3,0,18,0,1,1,11,0,0,1,1,2,1,22,5,124,1,4,-1,1,-1
201543N099105,1,9,0,9,0,5,0,0,0,0,1,1,6,2,32,6,875,1,1,-1,-1,-1
201543N099105,2,9,0,18,0,1,0,0,0,0,1,1,6,1,63,9,1598,1,15,-1,1,-1
201543N099115,1,19,0,5,0,8,0,0,0,0,1,1,6,1,-1,-1,-1,-1,-1,-1,-1,-1
201543N099115,2,1,0,18,0,8,0,0,0,0,1,1,6,1,14,3,-1,-1,-1,-1,1,-1
201543N099125,1,19,0,18,0,1,0,0,0,0,1,1,6,1,41,7,2198,2,7,-1,1,-1
201543N099125,2,9,0,10,0,1,0,0,0,0,2,1,1,1,35,6,1400,1,17,-1,1,-1
201543N100015,1,9,0,18,0,0,0,0,0,0,1,1,6,1,22,5,-1,-1,-1,-1,1,-1
201543N100015,2,9,0,18,0,0,0,0,0,0,1,1,6,1,44,7,6208,1,2,-1,1,-1
201543N100075,1,9,0,18,0,1,5,0,0,0,1,1,6,2,43,7,2148,2,10,-1,1,-1
201543N100085,1,9,0,16,0,8,2,0,1,0,0,1,6,1,41,7,1998,1,12,-1,1,-1
201543N100115,1,9,0,9,0,5,0,0,0,0,1,1,1,2,30,6,-1,-1,-1,-1,1,-1
201543N100115,2,3,0,11,0,1,0,0,0,0,4,1,6,1,71,10,125,1,-1,-1,1,-1
201543N100125,1,9,0,4,0,1,0,0,0,0,4,1,6,1,20,4,-1,-1,-1,-1,-1,-1
201543N101015,1,9,0,18,0,0,0,0,0,0,3,1,6,2,76,11,1390,1,8,-1,1,-1
201543N101015,2,19,0,18,0,0,0,0,0,0,3,1,6,1,48,8,-1,-1,-1,-1,3,-1
201543N101025,1,9,0,16,0,7,2,0,7,4,2,1,2,2,29,6,-1,-1,-1,-1,1,-1
201543N101045,1,9,0,9,0,6,0,0,0,0,3,1,2,2,52,8,1300,1,17,-1,1,-1
201543N101045,2,1,0,18,0,1,0,0,0,0,1,1,6,1,39,7,-1,-1,-1,-1,1,-1
201543N101065,1,9,0,18,0,0,2,0,2,11,4,1,6,2,29,6,1399,2,6,-1,2,-1
201543N101065,2,9,0,2,0,0,0,0,0,0,0,1,6,3,-1,-1,-1,-1,-1,-1,-1,-1
201543N101075,1,21,0,18,0,0,5,0,0,0,1,1,1,1,60,9,12900,2,6,-1,1,-1
201543N101095,1,9,0,17,0,0,0,0,1,4,1,1,2,1,27,6,1587,1,10,-1,1,-1
201543N101115,1,9,0,17,0,0,1,4,6,0,3,1,6,1,33,6,1995,2,4,-1,1,-1
201543N102025,1,9,0,18,0,0,1,0,0,0,1,1,2,1,29,6,-1,-1,-1,-1,1,-1
201543N102025,2,9,0,4,0,0,0,0,0,0,2,1,2,2,56,9,-1,-1,-1,-1,1,-1
201543N102025,3,9,0,11,0,0,1,0,8,7,1,1,2,1,34,6,1198,1,7,-1,1,-1
201543N102115,1,9,0,5,0,0,0,0,0,0,4,1,6,2,31,6,899,1,-1,-1,1,-1
201543N103045,1,9,0,17,0,0,1,0,0,0,1,1,2,2,39,7,-1,-1,-1,-1,1,-1
201543N103045,2,9,0,16,0,0,0,0,0,0,1,1,6,1,33,6,2720,2,10,-1,1,-1
201543N103065,1,9,0,9,0,5,0,0,0,0,4,1,6,1,45,7,4395,1,2,-1,1,-1
201543N103065,2,9,0,17,0,1,0,0,0,0,1,1,6,1,49,8,2488,1,12,-1,1,-1
201543N104025,1,9,0,9,0,6,0,0,0,0,1,1,6,1,44,7,1461,2,4,-1,1,-1
201543N104035,1,21,0,18,0,0,0,0,0,0,1,1,6,1,-1,-1,-1,-1,-1,-1,-1,-1
201543N104035,2,1,0,18,0,0,0,0,0,0,4,1,6,1,20,4,-1,-1,-1,-1,1,-1
201543N104045,1,9,0,18,0,1,0,0,0,0,1,1,6,2,35,6,998,1,4,-1,1,-1
201543N104045,2,9,0,4,0,1,0,0,0,0,2,1,6,2,35,6,1598,1,4,-1,2,-1
201543N104045,3,9,0,12,0,1,0,0,0,0,2,1,6,1,64,9,1686,2,4,-1,3,-1
201543N104105,1,9,0,16,0,0,2,10,0,0,1,1,2,1,24,5,1390,1,10,-1,1,-1
201543N104105,2,9,0,17,0,0,0,0,0,0,0,1,3,2,-1,-1,2993,2,6,-1,3,-1
201543N105015,1,9,0,9,0,6,0,0,0,0,3,1,6,1,27,6,-1,-1,-1,-1,1,-1
201543N105015,2,9,0,17,0,1,0,0,0,0,1,1,6,3,-1,-1,-1,-1,-1,-1,-1,-1
201543N105025,1,9,0,18,0,6,0,0,0,0,4,1,6,1,81,11,2295,1,14,-1,3,-1
201543N105025,2,9,0,18,0,2,0,0,0,0,1,1,2,1,33,6,-1,-1,-1,-1,1,-1
201543N105045,1,21,1,18,0,0,0,0,0,0,1,1,1,1,31,6,10837,2,7,-1,1,-1
201543N105045,2,9,0,4,0,0,0,0,0,0,2,1,6,1,72,10,1991,1,-1,-1,1,-1
201543N105045,3,9,0,3,0,0,0,0,0,0,2,1,6,1,26,6,1997,2,-1,-1,-1,-1
201543N105045,4,9,0,3,0,0,0,0,0,0,2,1,6,1,37,7,3498,1,3,-1,-1,-1
201543N105045,5,9,0,3,0,0,0,0,0,0,2,1,6,1,27,6,1968,2,4,-1,1,-1
201543N105055,1,9,0,9,0,5,0,0,0,0,1,1,6,1,20,4,1796,1,13,-1,1,-1
201543N105065,1,9,0,4,0,1,0,0,0,0,2,1,2,1,56,9,2993,2,3,-1,3,-1
201543N105065,2,9,0,4,0,1,0,0,1,3,1,1,6,2,30,6,1560,2,9,-1,1,-1
201543N105105,1,9,0,18,0,4,0,0,0,0,4,1,6,1,22,5,1422,2,13,-1,1,-1
201543N105105,2,1,0,18,0,4,0,0,0,0,3,1,6,1,22,5,-1,-1,-1,-1,1,-1
201543N105115,1,9,0,18,0,0,0,0,5,6,1,1,6,1,32,6,2494,1,12,-1,1,-1
201543N106025,1,9,0,11,0,0,0,0,0,0,2,1,6,1,41,7,2698,2,5,-1,-1,-1
201543N106025,2,9,0,18,0,0,0,0,0,0,1,1,2,2,32,6,1995,2,-1,-1,1,-1
201543N106025,3,9,0,18,0,0,0,0,0,0,1,1,2,2,25,5,1248,2,8,-1,2,-1
201543N106065,1,9,0,18,0,2,0,0,1,1,1,1,2,2,23,5,1461,2,2,-1,1,-1
201543N106075,1,8,0,4,0,1,0,0,0,0,1,1,1,1,-1,-1,-1,-1,-1,-1,-1,-1
201543N106075,2,21,0,3,0,1,0,0,0,0,2,1,6,1,-1,-1,-1,-1,-1,-1,-1,-1
201543N106085,1,9,0,18,0,0,0,0,0,0,0,1,6,1,-1,-1,2400,2,-1,-1,-1,-1
201543N106085,2,5,0,18,0,0,0,0,0,0,1,1,6,1,34,6,1151,1,6,-1,1,-1
201543N106085,3,9,0,4,0,0,0,0,0,0,2,1,6,1,51,8,2295,1,14,-1,-1,-1
201543N106095,1,19,0,18,0,0,0,0,0,0,1,1,6,1,-1,-1,-1,-1,-1,-1,-1,-1
201543N106095,2,9,0,18,0,0,0,0,0,0,1,1,6,2,18,4,1242,1,11,-1,1,-1
201543N107035,1,9,0,16,0,0,5,0,1,0,1,1,2,2,27,6,-1,-1,-1,-1,1,-1
201543N107045,1,9,0,18,0,1,1,0,0,0,1,1,2,1,31,6,-1,-1,-1,-1,1,-1
201543N107045,2,4,0,3,0,1,0,0,0,0,2,1,2,2,50,8,865,1,5,-1,1,-1
201543N107045,3,9,0,10,0,1,0,0,0,0,2,1,6,3,-1,-1,-1,-1,-1,-1,-1,-1
201543N107055,1,9,0,18,0,0,0,0,0,0,1,1,6,1,55,8,1761,1,15,-1,1,-1
201543N107055,2,9,0,4,0,0,0,0,0,0,2,1,6,2,58,9,1997,2,12,-1,1,-1
201543N107075,1,1,0,18,0,6,0,0,0,0,1,1,6,1,21,5,-1,-1,-1,-1,1,-1
201543N107075,2,9,0,9,0,8,0,0,0,0,4,1,6,1,54,8,1587,1,7,-1,1,-1
201543N107085,1,9,0,18,0,8,0,0,0,0,3,1,4,1,35,6,-1,-1,-1,-1,1,-1
201543N107085,2,9,0,18,0,8,0,0,0,0,1,1,2,1,-1,-1,1995,2,1,-1,1,-1
201543N107095,1,9,0,7,0,8,0,0,0,0,1,1,6,2,41,7,1198,1,11,-1,1,-1
201543N107095,2,1,0,18,0,8,0,0,0,0,4,1,6,1,11,3,-1,-1,-1,-1,1,-1
201543N108025,1,3,0,18,0,0,1,0,0,0,4,1,2,1,26,6,124,1,1,-1,1,-1
201543N108065,1,5,0,18,0,2,0,0,0,0,0,1,2,1,43,7,636,1,10,-1,2,-1
201543N108065,2,9,0,18,0,2,0,0,0,0,0,1,6,3,-1,-1,-1,-1,-1,-1,-1,-1
201543N108085,1,98,0,18,0,1,0,0,0,0,1,1,6,3,-1,-1,-1,-1,-1,-1,-1,-1
201543N108085,2,9,0,7,0,5,0,0,0,0,2,1,6,1,46,8,1396,1,11,-1,1,-1
201543N109015,1,9,0,9,0,5,0,0,0,0,4,1,6,1,60,9,-1,-1,-1,-1,3,-1
201543N109015,2,9,0,18,0,8,0,0,0,0,1,1,6,1,48,8,1796,1,13,-1,2,-1
201543N109025,1,9,0,18,0,8,0,0,0,0,3,1,2,1,52,8,1198,1,11,-1,1,-1
201543N109025,2,1,0,18,0,8,0,0,0,0,1,1,6,1,85,11,-1,-1,-1,-1,1,-1
201543N109045,1,9,0,18,0,8,0,0,0,0,4,1,6,1,21,5,1240,1,10,-1,-1,-1
201543N109045,2,9,0,18,0,8,0,0,0,1,3,1,6,2,32,6,2179,2,-1,-1,1,-1
201543N109095,1,9,0,4,0,1,0,0,0,0,1,1,6,1,20,4,1896,2,13,-1,-1,-1
201543N109095,2,9,0,4,0,1,0,0,0,0,2,1,6,1,62,9,2231,2,6,-1,1,-1
201543N110035,1,8,0,9,0,5,0,0,0,0,1,1,1,1,34,6,2993,2,8,-1,1,-1
201543N110035,2,3,0,18,0,1,0,0,0,0,3,1,6,1,20,4,125,1,1,-1,1,-1
201543N112015,1,19,0,18,0,1,0,0,0,0,1,1,2,1,62,9,1560,2,4,-1,1,-1
201543N112015,2,1,0,10,0,1,0,0,0,0,2,1,2,1,30,6,-1,-1,-1,-1,1,-1
201543N112105,1,9,0,9,0,6,0,0,0,0,1,1,6,2,27,6,1397,1,11,-1,1,-1
201543N112105,2,1,0,18,0,1,0,0,0,0,1,1,6,1,46,8,-1,-1,-1,-1,3,-1
201543N112115,1,9,0,18,0,8,1,0,0,0,1,1,6,1,42,7,1984,1,10,-1,1,-1
201543N112115,2,9,0,4,0,1,0,0,0,0,1,1,6,2,66,10,1796,1,12,-1,3,-1
201543N112115,3,9,0,4,0,1,0,0,0,0,1,1,6,2,51,8,1794,1,13,-1,2,-1
201543N112115,4,98,0,18,0,2,0,0,0,0,0,1,6,3,-1,-1,-1,-1,-1,-1,-1,-1
201543N112125,1,9,0,6,0,0,0,0,0,0,4,1,6,2,44,7,1296,1,8,-1,1,-1
201543N112125,2,1,0,18,0,0,0,0,0,0,1,1,6,1,14,3,-1,-1,-1,-1,1,-1
201543N113015,1,9,0,5,0,8,0,0,7,0,4,1,2,1,42,7,1781,1,13,-1,1,-1
201543N113015,2,9,0,18,0,8,0,0,0,0,1,1,6,1,45,7,1248,1,6,-1,1,-1
201543N113025,1,9,0,18,0,0,0,0,0,0,1,1,6,3,-1,-1,-1,-1,-1,-1,-1,-1
201543N113075,1,9,0,6,0,0,0,0,0,0,3,1,2,2,31,6,1910,2,8,-1,1,-1
201543N113075,2,9,0,18,0,0,5,0,0,0,1,1,6,1,72,10,1199,1,2,-1,1,-1
201543N113105,1,9,0,13,0,0,1,0,1,4,4,1,6,2,32,6,1598,1,12,-1,1,-1
201543N113105,2,9,0,18,0,0,0,0,0,0,3,1,6,2,52,8,1461,2,10,-1,2,-1
201543N113105,3,9,0,18,0,0,0,0,0,0,1,1,6,1,65,9,1587,1,8,-1,1,-1
201543N113125,1,9,0,5,0,4,0,0,0,0,1,1,2,1,67,10,1390,1,10,-1,1,-1
201543N113125,2,1,0,18,0,8,1,0,0,0,4,1,2,2,32,6,-1,-1,-1,-1,1,-1
201543N114015,1,9,0,9,0,5,0,0,0,0,1,1,6,1,61,9,1364,1,2,-1,1,-1
201543N114015,2,1,0,10,0,1,0,0,0,0,1,1,1,1,46,8,-1,-1,-1,-1,1,-1
201543N114055,1,9,0,18,0,4,0,0,0,0,1,1,6,2,25,5,1598,1,5,-1,1,-1
201543N114055,2,9,0,6,0,8,0,0,0,0,4,1,6,1,48,8,1995,2,9,-1,1,-1
201543N114075,1,9,0,18,0,1,1,0,0,0,1,1,6,2,36,7,998,1,1,-1,1,-1
201543N114075,2,5,0,3,0,1,0,0,0,0,2,1,6,1,28,6,675,1,6,-1,1,-1
201543N114105,1,9,0,7,0,6,0,0,0,0,4,1,1,1,31,6,-1,-1,-1,-1,-1,-1
201543N114105,2,9,0,7,0,6,0,0,0,0,1,1,6,1,43,7,-1,-1,-1,-1,1,-1
201543N114105,3,9,0,18,0,1,0,0,0,0,1,1,6,2,50,8,1998,1,9,-1,1,-1
201543N114105,4,19,0,10,0,1,0,0,0,0,1,1,1,1,44,7,2143,2,1,-1,1,-1
201543N115015,1,5,0,18,0,2,1,0,0,0,3,1,6,1,22,5,649,1,8,-1,2,-1
201543N115045,1,9,0,5,0,8,1,0,0,0,1,1,3,2,52,8,1797,8,3,-1,3,-1
201543N115045,2,9,0,18,0,8,1,0,0,0,1,1,1,1,66,10,-1,-1,-1,-1,1,-1
201543N115105,1,5,0,17,0,0,1,12,0,0,1,1,2,1,36,7,1198,1,-1,-1,1,-1
201543N115115,1,9,0,16,0,0,0,0,0,0,0,1,6,1,35,6,1596,1,10,-1,1,-1
201543N116055,1,1,0,18,0,0,0,0,0,0,1,1,6,1,18,4,-1,-1,-1,-1,1,-1