Accident_Index,Vehicle_Reference,Vehicle_Type,Towing_and_Articulation,Vehicle_Manoeuvre,Vehicle_Location-Restricted_Lane,Junction_Location,Skidding_and_Overturning,Hit_Object_in_Carriageway,Vehicle_Leaving_Carriageway,Hit_Object_off_Carriageway,1st_Point_of_Impact,Was_Vehicle_Left_Hand_Drive?,Journey_Purpose_of_Driver,Sex_of_Driver,Age_of_Driver,Age_Band_of_Driver,Engine_Capacity_(CC),Propulsion_Code,Age_of_Vehicle,Driver_IMD_Decile,Driver_Home_Area_Type,Vehicle_IMD_Decile
201543P047015,1,9,0,18,0,1,0,0,0,0,1,1,2,1,76,11,1598,1,12,-1,1,-1
201543P047045,1,9,0,10,0,6,0,0,0,0,1,1,6,1,71,10,1364,1,5,-1,2,-1
201543P047045,2,9,0,18,0,8,0,0,0,0,3,1,6,1,74,10,1299,1,13,-1,1,-1
201543P047055,1,9,0,9,4,5,0,0,0,0,4,1,3,2,44,7,2498,2,19,-1,1,-1
201543P047055,2,1,0,15,4,8,0,0,0,0,1,1,2,2,38,7,-1,-1,-1,-1,1,-1
201543P047065,1,9,0,17,0,0,0,0,0,0,3,1,6,1,79,11,1396,1,14,-1,2,-1
201543P047065,2,9,0,16,0,0,0,0,0,0,3,1,6,1,39,7,1998,1,12,-1,-1,-1
201543P047095,1,2,0,18,0,4,0,0,0,0,1,1,1,1,19,4,108,1,-1,-1,1,-1
201543P047095,2,2,0,18,0,4,0,0,0,0,2,1,1,1,17,4,108,1,-1,-1,3,-1
201543P047105,1,8,0,18,0,1,0,0,3,0,1,1,1,1,63,9,2987,2,3,-1,3,-1
201543P047115,1,9,0,18,0,6,5,0,7,9,4,1,6,1,75,10,1461,2,1,-1,1,-1
201543P047115,2,9,0,18,0,8,0,0,0,0,1,1,6,1,39,7,2143,2,1,-1,2,-1
201543P047125,1,9,0,9,0,6,0,0,0,0,1,1,2,1,56,9,2000,2,9,-1,1,-1
201543P047125,2,1,0,18,0,8,0,0,0,0,4,1,6,1,25,5,-1,-1,-1,-1,1,-1
201543P048035,1,9,0,17,0,0,0,0,0,0,1,1,2,2,50,8,1329,1,6,-1,3,-1
201543P048035,2,9,0,16,0,0,0,0,0,0,1,1,2,2,51,8,1783,1,14,-1,1,-1
201543P048045,1,9,0,18,0,0,0,0,4,4,1,1,6,2,27,6,1364,1,7,-1,1,-1
201543P048045,2,9,0,18,0,0,5,0,0,0,2,1,6,1,63,9,1198,1,1,-1,2,-1
201543P048055,1,9,0,9,0,8,1,0,1,2,3,1,1,2,24,5,1248,2,10,-1,3,-1
201543P048075,1,9,0,9,0,4,0,0,0,0,3,1,6,2,28,6,1995,2,6,-1,1,-1
201543P048075,2,1,0,17,0,8,0,0,0,0,1,1,6,1,48,8,-1,-1,-1,-1,-1,-1
201543P048085,1,9,0,13,0,3,0,0,0,0,2,1,1,1,-1,-1,1248,2,4,-1,-1,-1
201543P048085,2,19,0,18,0,3,0,0,0,0,1,1,6,1,18,4,-1,-1,-1,-1,-1,-1
201543P048095,1,9,0,17,0,0,1,0,0,0,1,1,6,2,53,8,1497,1,11,-1,1,-1
201543P048095,2,9,0,16,0,0,0,0,0,0,1,1,6,2,66,10,1397,1,5,-1,1,-1
201543P048115,1,9,0,4,0,0,0,0,0,0,1,1,6,2,73,10,2698,2,4,-1,2,-1
201543P048115,2,9,0,4,0,0,0,0,0,0,2,1,2,1,47,8,1968,2,-1,-1,1,-1
201543P049045,1,9,0,18,0,6,1,0,0,0,1,1,6,1,40,7,1968,2,5,-1,1,-1
201543P049045,2,9,0,18,0,8,1,0,1,11,1,1,6,1,56,9,1229,1,3,-1,3,-1
201543P049055,1,1,0,5,0,0,0,0,0,0,1,1,6,2,64,9,-1,-1,-1,-1,1,-1
201543P049055,2,1,0,17,0,0,0,0,0,0,4,1,6,2,22,5,-1,-1,-1,-1,1,-1
201543P049075,1,9,0,18,0,7,0,0,3,1,1,1,6,1,64,9,2099,1,13,-1,1,-1
201543P049115,1,9,0,18,0,0,0,0,0,0,1,1,6,1,30,6,-1,-1,-1,-1,1,-1
201543P049115,2,8,0,18,0,0,0,0,7,0,1,1,1,1,39,7,1910,2,7,-1,1,-1
201543P049125,1,9,0,9,4,5,0,0,0,0,1,1,6,1,-1,-1,1998,1,17,-1,-1,-1
201543P049125,2,1,0,18,4,8,0,0,0,0,3,1,6,1,21,5,-1,-1,-1,-1,3,-1
201543P050015,1,11,0,18,2,0,0,0,0,0,0,1,6,1,65,9,4500,2,4,-1,1,-1
201543P050015,2,9,0,11,2,0,0,0,0,0,0,1,6,3,-1,-1,-1,-1,-1,-1,-1,-1
201543P050035,1,19,0,18,0,0,0,0,0,0,1,1,6,3,-1,-1,1868,2,8,-1,-1,-1
201543P050035,2,9,0,3,0,0,0,0,0,0,2,1,6,2,17,4,1398,2,9,-1,2,-1
201543P050065,1,9,0,4,0,1,0,0,0,0,2,1,2,2,47,8,1598,1,11,-1,1,-1
201543P050075,1,9,0,1,0,6,0,0,0,0,2,1,6,2,29,6,1598,1,11,-1,1,-1
201543P050075,2,22,0,18,0,2,0,0,0,0,3,1,6,2,53,8,-1,-1,-1,-1,1,-1
201543P050115,1,9,0,16,0,0,1,0,7,1,1,1,6,2,65,9,999,1,-1,-1,2,-1
201543P051045,1,9,5,5,0,0,0,0,0,0,4,1,1,1,53,8,-1,-1,-1,-1,-1,-1
201543P051045,2,9,0,5,0,0,0,0,0,0,1,1,1,1,42,7,1360,1,18,-1,-1,-1
201543P051055,1,11,0,5,8,0,0,0,0,0,4,1,1,1,58,9,9600,2,15,-1,1,-1
201543P051105,1,9,0,18,0,4,0,0,0,0,3,1,6,1,48,8,2496,1,11,-1,1,-1
201543P051105,2,1,0,18,0,8,0,0,0,0,1,1,6,1,-1,-1,-1,-1,-1,-1,-1,-1
201543P051125,1,9,0,18,0,0,0,0,0,0,1,1,2,1,28,6,-1,-1,-1,-1,1,-1
201543P051125,2,9,0,18,0,0,0,0,0,0,1,1,6,2,42,7,4969,1,2,-1,2,-1
201543P052035,1,19,0,18,0,0,1,0,0,0,1,1,6,1,49,8,2143,2,-1,-1,1,-1
201543P052035,2,9,0,18,0,0,0,0,0,0,2,1,6,1,39,7,2179,2,6,-1,2,-1
201543P052035,3,9,0,18,0,0,0,0,0,0,2,1,6,2,27,6,1493,2,5,-1,-1,-1
201543P052035,4,9,0,18,0,0,0,0,0,0,2,1,6,2,42,7,1896,2,9,-1,1,-1
201543P052035,5,9,0,18,0,0,0,0,0,0,2,1,6,1,58,9,-1,-1,-1,-1,1,-1
201543P052035,6,19,0,18,0,0,0,0,0,0,1,1,1,1,33,6,-1,-1,-1,-1,3,-1
201543P052035,7,9,0,18,2,0,0,0,0,0,0,1,6,3,-1,-1,-1,-1,-1,-1,-1,-1
201543P052055,1,9,0,9,0,6,0,0,0,0,4,1,6,3,-1,-1,-1,-1,-1,-1,-1,-1
201543P052055,2,9,0,18,0,1,0,0,0,0,3,1,6,2,26,6,1587,1,12,-1,1,-1
201543P052075,1,9,0,7,0,5,0,0,0,0,3,1,2,1,55,8,1989,1,13,-1,1,-1
201543P052075,2,1,0,5,0,1,0,0,0,0,1,1,2,1,17,4,-1,-1,-1,-1,1,-1
201543P052085,1,97,0,18,0,0,1,0,0,0,1,1,6,1,-1,-1,-1,-1,-1,-1,-1,-1
201543P052085,2,9,0,3,0,0,0,0,0,0,2,1,6,1,39,7,1796,1,6,-1,3,-1
201543P052105,1,19,0,4,0,0,0,0,0,0,1,1,6,1,75,10,2400,2,13,-1,3,-1
201543P052105,2,16,0,18,0,0,0,0,0,0,0,1,6,1,-1,-1,-1,-1,-1,-1,3,-1
201543P052115,1,9,0,18,0,8,1,10,1,2,1,1,6,1,25,5,998,1,11,-1,1,-1
201543P053035,1,5,0,18,0,4,1,9,0,1,1,1,6,1,25,5,998,1,13,-1,1,-1
201543P053065,1,9,0,7,0,6,0,0,0,0,1,1,6,2,25,5,1229,1,4,-1,1,-1
201543P053065,2,1,0,18,4,8,0,0,0,0,2,1,2,1,31,6,-1,-1,-1,-1,1,-1
201543P053095,1,9,0,11,0,8,0,0,0,0,4,1,6,1,40,7,-1,-1,-1,-1,-1,-1
201543P053095,2,9,0,18,0,8,1,0,0,0,3,1,6,1,20,4,1149,1,11,-1,1,-1
201543P053115,1,9,0,18,0,2,0,0,0,0,1,1,2,1,27,6,-1,-1,-1,-1,1,-1
201543P053115,2,19,0,2,0,2,0,0,0,0,2,1,6,3,-1,-1,2198,2,-1,-1,-1,-1
201543P053115,3,20,0,2,0,2,0,0,0,0,2,1,6,3,-1,-1,1968,2,1,-1,-1,-1
201543P054085,1,19,0,7,0,5,0,0,0,0,4,1,1,1,28,6,2148,2,7,-1,1,-1
201543P054085,2,1,0,18,4,1,0,0,0,0,1,1,2,2,24,5,-1,-1,-1,-1,1,-1
201543P054095,1,9,0,18,0,0,0,0,0,0,1,1,6,3,-1,-1,1299,1,13,-1,-1,-1
201543P054095,2,9,0,3,0,0,0,0,0,0,2,1,6,1,41,7,2149,2,8,-1,1,-1
201543P054095,3,9,0,3,0,0,0,0,0,0,2,1,6,3,-1,-1,1597,1,17,-1,-1,-1
201543P055035,1,98,0,18,0,4,0,0,0,0,1,1,6,1,-1,-1,-1,-1,-1,-1,-1,-1
201543P055035,2,9,0,18,0,8,0,0,0,0,4,1,6,2,22,5,1242,1,1,-1,3,-1
201543P055035,3,21,0,18,0,1,0,0,0,0,0,1,1,3,-1,-1,-1,-1,-1,-1,-1,-1
201543P055065,1,9,0,4,0,0,0,0,0,0,2,1,6,2,50,8,-1,-1,-1,-1,-1,-1
201543P055065,2,1,0,4,4,0,0,0,0,0,1,1,6,1,20,4,-1,-1,-1,-1,1,-1
201543P055085,1,9,0,18,0,0,0,0,1,1,1,1,6,1,62,9,1242,1,7,-1,2,-1
201543P055115,1,9,0,16,0,4,0,9,3,1,1,1,6,1,26,6,1587,1,8,-1,1,-1
201543P056035,1,9,0,18,0,4,0,0,0,0,1,1,6,2,55,8,1229,1,10,-1,1,-1
201543P056035,2,1,0,18,0,8,0,0,0,0,2,1,2,1,27,6,-1,-1,-1,-1,1,-1
201543P056065,1,19,0,18,0,0,0,0,0,0,1,1,1,1,45,7,2143,2,3,-1,1,-1
201543P056065,2,21,1,18,8,0,0,0,0,0,2,1,1,1,64,9,11705,2,4,-1,1,-1
201543P056075,1,9,0,18,0,0,0,0,2,4,1,1,6,1,37,7,1590,1,11,-1,1,-1
201543P056085,1,9,0,18,0,4,0,0,0,0,4,1,6,1,78,11,1598,1,1,-1,1,-1
201543P056085,2,3,0,5,0,4,1,0,0,0,1,1,6,1,38,7,124,1,10,-1,1,-1
201543P056115,1,9,0,18,0,1,0,10,1,11,1,1,6,2,21,5,1229,1,2,-1,1,-1
201543P056115,2,19,0,10,0,1,0,0,0,0,2,1,6,1,46,8,1870,2,10,-1,-1,-1
201543P056125,1,19,0,18,0,0,0,0,0,0,1,1,1,1,53,8,1968,2,2,-1,1,-1
201543P056125,2,21,0,18,0,0,0,0,0,0,2,1,1,1,48,8,5132,2,-1,-1,3,-1
201543P057015,1,9,0,9,0,6,0,0,0,0,3,1,2,2,42,7,2231,2,6,-1,1,-1
201543P057015,2,19,0,18,0,8,0,0,0,0,1,1,1,1,34,6,2402,2,10,-1,1,-1
201543P057025,1,9,0,17,0,0,0,0,7,0,1,1,6,1,36,7,1999,1,10,-1,1,-1
201543P057025,2,9,0,16,0,0,0,0,0,0,1,1,6,1,57,9,-1,-1,-1,-1,3,-1
201543P057045,1,9,0,18,0,1,0,0,1,0,1,1,2,2,40,7,-1,-1,-1,-1,3,-1
201543P057045,2,9,0,3,0,1,0,0,7,0,2,1,6,2,55,8,995,1,3,-1,1,-1
201543P057045,3,9,0,3,0,1,0,0,0,0,2,1,1,1,34,6,1560,2,2,-1,1,-1
201543P057075,1,9,0,9,0,5,0,0,0,0,1,1,6,1,52,8,1896,2,8,-1,3,-1
201543P057075,2,9,0,17,0,2,0,0,0,0,4,1,2,1,40,7,1598,1,2,-1,3,-1
201543P057095,1,9,0,3,0,0,0,0,0,0,2,1,1,1,28,6,-1,-1,-1,-1,3,-1
201543P057095,2,9,0,18,0,0,1,0,0,0,1,1,6,1,29,6,-1,-1,-1,-1,-1,-1
201543P057125,1,9,0,4,0,4,0,0,0,0,1,1,6,2,24,5,1390,1,9,-1,2,-1
201543P057125,2,5,0,18,0,8,0,0,0,0,2,1,6,1,57,9,-1,-1,-1,-1,3,-1
201543P057125,3,9,0,18,0,8,0,0,0,0,2,1,6,1,35,6,-1,-1,-1,-1,1,-1
201543P058025,1,9,0,9,0,8,0,0,0,0,1,1,6,1,71,10,998,1,4,-1,1,-1
201543P058025,2,9,0,17,0,8,0,0,1,0,4,1,6,2,48,8,1598,1,2,-1,1,-1
201543P058035,1,9,0,1,9,6,0,0,0,0,2,1,6,1,84,11,1598,1,12,-1,1,-1
201543P058065,1,9,0,18,0,0,0,10,0,0,1,1,6,2,27,6,1582,2,5,-1,3,-1
201543P058065,2,1,0,18,0,0,0,0,1,0,2,1,6,1,54,8,-1,-1,-1,-1,2,-1
201543P058095,1,9,0,18,0,0,2,0,1,9,4,1,2,1,29,6,2204,2,7,-1,1,-1
201543P058105,1,9,0,7,0,6,0,0,0,0,4,1,1,1,26,6,1396,1,10,-1,1,-1
201543P058105,2,22,0,18,0,8,5,0,0,0,1,1,6,1,57,9,-1,-1,-1,-1,1,-1
201543P059025,1,9,0,17,0,0,2,0,1,4,1,1,6,2,38,7,-1,-1,-1,-1,1,-1
201543P059035,1,5,0,4,0,0,1,0,0,0,3,1,1,2,46,8,599,1,4,-1,1,-1
201543P059045,1,9,0,18,0,0,0,0,0,0,1,1,6,2,26,6,1956,2,4,-1,1,-1
201543P059045,2,9,0,18,0,0,0,0,0,0,2,1,6,1,75,10,-1,-1,-1,-1,1,-1
201543P059045,3,9,0,18,0,0,0,0,0,0,2,1,6,1,72,10,1596,1,12,-1,-1,-1
201543P059045,4,9,0,18,0,0,0,0,0,0,2,1,6,1,-1,-1,1997,2,12,-1,-1,-1
201543P059055,1,19,0,18,0,1,0,0,0,0,1,1,1,1,40,7,1870,2,10,-1,1,-1
201543P059055,2,9,0,9,0,8,0,0,0,0,1,1,6,1,56,9,1400,1,16,-1,1,-1
201543P059065,1,5,0,4,0,1,1,0,0,0,4,1,6,1,47,8,1312,1,8,-1,2,-1
201543P059095,1,9,0,6,0,8,0,0,0,0,3,1,6,1,45,7,-1,-1,-1,-1,-1,-1
201543P059095,2,4,0,13,0,8,1,0,0,0,1,1,6,1,28,6,125,1,1,-1,3,-1
201543P060045,1,9,0,7,0,6,0,0,0,0,1,1,6,1,28,6,1299,1,12,-1,1,-1
201543P060045,2,1,0,18,4,1,0,0,0,0,4,1,6,1,52,8,-1,-1,-1,-1,3,-1
201543P060055,1,9,0,4,0,1,0,0,0,0,1,1,6,1,18,4,1390,1,11,-1,2,-1
201543P060055,2,9,0,3,0,1,0,0,0,0,2,1,2,1,30,6,2495,2,21,-1,2,-1
201543P060065,1,9,0,11,0,0,5,0,1,9,4,1,6,1,17,4,1199,1,14,-1,1,-1
201543P060065,2,9,0,12,0,0,0,0,0,0,0,1,6,3,-1,-1,-1,-1,-1,-1,-1,-1
201543P060085,1,9,0,18,0,0,0,0,0,0,1,1,6,2,41,7,1968,2,1,-1,2,-1
201543P060085,2,21,1,2,6,0,0,0,0,0,3,1,1,1,58,9,11967,2,5,-1,1,-1
201543P060085,3,21,1,2,6,0,0,0,0,0,3,1,1,1,43,7,-1,-1,-1,-1,1,-1
201543P060125,1,19,0,18,0,0,0,0,0,0,4,1,1,3,-1,-1,-1,-1,-1,-1,-1,-1
201543P060125,2,19,0,2,0,0,0,0,0,0,0,1,1,1,-1,-1,-1,-1,-1,-1,1,-1
201543P061015,1,21,0,18,0,0,0,0,7,4,1,1,1,1,58,9,4461,2,4,-1,1,-1
201543P061015,2,9,0,18,0,0,0,0,0,0,2,1,2,1,52,8,1120,2,3,-1,2,-1
201543P061025,1,1,0,18,5,0,0,0,0,0,3,1,6,1,20,4,-1,-1,-1,-1,3,-1
201543P061025,2,9,0,18,5,0,0,10,1,0,1,1,6,3,-1,-1,-1,-1,-1,-1,-1,-1
201543P061085,1,9,0,14,0,0,0,0,0,0,1,1,6,1,18,4,998,1,1,-1,1,-1
201543P061085,2,9,0,2,0,0,0,0,0,0,1,1,6,2,51,8,1598,1,10,-1,3,-1
201543P061085,3,9,0,2,0,0,0,0,0,0,1,1,6,3,38,7,1686,2,14,-1,3,-1
201543P061115,1,9,0,18,0,1,0,0,0,0,4,1,6,2,40,7,-1,-1,-1,-1,-1,-1
201543P061125,1,9,0,16,0,0,0,0,1,4,1,1,2,1,80,11,2000,1,17,-1,1,-1
201543P062015,1,9,0,9,0,6,0,0,0,0,1,1,2,1,30,6,-1,-1,-1,-1,1,-1
201543P062015,2,9,0,18,0,8,0,0,0,0,1,1,2,2,58,9,1149,1,6,-1,1,-1
201543P062025,1,9,0,9,0,6,0,0,0,0,1,1,1,1,50,8,1995,2,10,-1,1,-1
201543P062025,2,9,0,18,0,8,0,0,0,0,3,1,6,1,36,7,-1,-1,-1,-1,1,-1
201543P062055,1,9,0,18,0,4,0,0,0,0,3,1,6,1,35,6,1242,1,14,-1,-1,-1
201543P062055,2,9,0,9,0,8,0,0,0,0,1,1,6,1,17,4,-1,-1,-1,-1,1,-1
201543P062075,1,9,0,18,0,4,0,0,0,0,1,1,1,1,57,9,-1,-1,-1,-1,3,-1
201543P062075,2,9,0,9,0,4,0,0,0,0,3,1,6,2,25,5,1149,1,16,-1,-1,-1
201543P062085,1,9,0,18,0,8,0,0,0,0,1,1,6,2,24,5,1587,1,14,-1,1,-1
201543P062085,2,9,0,18,0,4,0,0,0,0,1,1,6,2,55,8,1598,1,11,-1,1,-1
201543P063015,1,21,1,18,0,0,0,0,0,0,1,1,1,1,60,9,12740,2,2,-1,1,-1
201543P063015,2,21,0,18,0,0,0,0,0,0,2,1,1,1,40,7,6370,2,10,-1,1,-1
201543P063065,1,19,0,2,0,2,0,0,0,0,3,1,1,1,22,5,1399,2,7,-1,-1,-1
201543P063065,2,1,0,18,0,2,0,8,0,0,1,1,6,1,62,9,-1,-1,-1,-1,1,-1
201543P063075,1,9,0,18,0,0,1,0,0,0,1,1,6,1,25,5,1596,1,14,-1,1,-1
201543P063075,2,1,0,18,0,0,0,0,0,0,4,1,6,1,16,4,-1,-1,-1,-1,1,-1
201543P063105,1,9,0,18,0,0,0,0,0,0,4,1,6,3,-1,-1,-1,-1,-1,-1,-1,-1
201543P063105,2,1,0,18,0,0,1,0,0,0,3,1,6,1,34,6,-1,-1,-1,-1,1,-1
201543P064025,1,9,0,10,0,1,0,0,0,0,1,1,1,1,25,5,1339,1,7,-1,1,-1
201543P064035,1,9,0,4,0,4,0,0,0,0,1,1,6,1,45,7,1781,1,12,-1,1,-1
201543P064035,2,9,0,3,0,1,0,0,0,0,2,1,6,1,47,8,1896,2,12,-1,2,-1
201543P064045,1,9,0,18,0,0,1,0,5,6,1,1,6,2,28,6,1360,1,16,-1,3,-1
201543P064055,1,9,0,18,0,0,0,0,0,0,1,1,6,1,79,11,1248,2,9,-1,2,-1
201543P064055,2,19,0,18,0,0,0,0,0,0,1,1,1,1,47,8,2143,2,4,-1,2,-1
201543P064085,1,3,0,17,0,0,0,0,0,0,1,1,6,1,22,5,124,1,-1,-1,3,-1
201543P064085,2,9,0,16,0,0,0,0,0,0,1,1,2,1,62,9,1560,2,5,-1,3,-1
201543P064105,1,9,0,18,0,0,0,0,0,0,3,1,6,1,50,8,1560,2,4,-1,3,-1
201543P065045,1,9,0,13,0,0,0,0,0,0,4,1,6,1,-1,-1,-1,-1,-1,-1,-1,-1
201543P065045,2,1,0,18,0,0,0,0,0,0,3,1,6,1,28,6,-1,-1,-1,-1,1,-1
201543P065095,1,9,0,9,0,5,0,0,7,11,3,1,6,2,69,10,2148,2,7,-1,1,-1
201543P065095,2,9,0,13,0,1,0,0,0,0,4,1,6,1,21,5,1242,1,8,-1,1,-1
201543P065105,1,90,0,18,0,0,0,0,0,0,4,1,1,1,34,6,2987,2,5,-1,1,-1
201543P066015,1,9,0,16,0,2,5,0,7,10,3,1,6,2,19,4,-1,-1,-1,-1,2,-1
201543P066035,1,5,0,16,0,0,0,0,7,9,1,1,6,1,44,7,865,1,4,-1,1,-1
201543P066075,1,9,0,18,0,1,0,0,0,0,1,1,2,2,34,6,-1,-1,-1,-1,-1,-1
201543P066075,2,9,0,8,0,6,0,0,0,0,2,1,2,2,34,6,1896,2,14,-1,1,-1
201543P067055,1,9,0,5,0,4,0,0,0,0,1,1,6,1,72,10,1685,2,1,-1,-1,-1
201543P067055,2,9,0,18,0,8,0,0,0,0,4,1,6,2,47,8,1360,1,3,-1,3,-1
201543P067105,1,9,0,18,0,0,0,0,0,0,1,1,6,1,35,6,2000,1,7,-1,1,-1
201543P067105,2,9,0,3,0,0,0,0,0,0,2,1,6,1,51,8,1998,2,12,-1,2,-1
201543P067105,3,20,0,3,0,0,0,0,0,0,2,1,1,1,49,8,-1,-1,-1,-1,1,-1
201543P068025,1,9,0,18,0,0,0,0,1,0,4,1,6,1,22,5,-1,-1,-1,-1,1,-1
201543P068045,1,9,0,18,0,1,0,0,0,0,1,1,2,1,30,6,1896,2,13,-1,1,-1
201543P068045,2,9,0,3,0,1,0,0,0,0,2,1,2,1,24,5,1870,2,9,-1,1,-1
201543P068055,1,9,0,7,0,5,0,0,0,0,1,1,6,1,36,7,-1,-1,-1,-1,1,-1
201543P068065,1,9,0,6,8,0,0,0,0,0,3,1,6,2,71,10,1968,2,8,-1,1,-1
201543P068065,2,5,0,18,0,0,1,0,7,4,1,1,6,1,30,6,749,1,19,-1,1,-1
201543P068085,1,9,0,18,0,1,0,0,0,0,1,1,6,1,45,7,-1,-1,-1,-1,-1,-1
201543P068085,2,9,0,8,0,1,0,0,0,0,2,1,2,1,28,6,1124,1,14,-1,1,-1
201543P068105,1,9,0,4,0,0,0,0,0,0,1,1,6,2,58,9,1339,1,7,-1,1,-1
201543P068105,2,9,0,4,0,0,0,0,0,0,2,1,6,1,43,7,1997,2,6,-1,1,-1
201543P068105,3,9,0,4,0,0,0,0,0,0,1,1,6,1,62,9,1997,1,8,-1,1,-1
201543P069065,1,9,0,9,0,6,0,0,0,0,1,1,6,1,25,5,1995,2,8,-1,-1,-1
201543P069065,2,9,0,18,0,8,0,0,0,0,1,1,6,1,62,9,1339,1,2,-1,1,-1
201543P069105,1,9,0,17,0,0,1,0,1,11,1,1,6,1,52,8,1794,1,8,-1,3,-1
201543P070015,1,9,0,18,0,1,0,0,0,0,1,1,6,1,18,4,-1,-1,-1,-1,1,-1
201543P070015,2,9,0,10,0,1,0,0,0,0,2,1,2,2,19,4,1896,2,6,-1,1,-1
201543P070065,1,5,0,18,0,0,0,10,1,2,1,1,6,1,40,7,899,1,17,-1,-1,-1
201543P070075,1,9,0,17,0,0,1,0,1,11,4,1,6,2,44,7,1229,1,6,-1,1,-1
201543P070105,1,9,0,4,0,0,0,0,0,0,1,1,2,1,36,7,1360,1,15,-1,1,-1
201543P070105,2,9,0,3,0,0,0,0,0,0,2,1,2,2,43,7,1398,2,6,-1,1,-1
201543P070125,1,1,0,18,0,0,1,10,1,0,4,1,6,1,40,7,-1,-1,-1,-1,2,-1
201543P071015,1,9,0,18,0,4,0,0,0,0,3,1,6,1,64,9,1461,2,1,-1,-1,-1
201543P071015,2,1,0,18,0,8,0,0,0,0,1,1,6,1,26,6,-1,-1,-1,-1,1,-1
201543P071025,1,9,0,18,0,0,2,0,1,0,4,1,6,1,38,7,-1,-1,-1,-1,2,-1
201543P071025,2,17,0,18,0,0,0,0,0,0,0,1,6,1,34,6,16000,2,2,-1,3,-1
201543P071055,1,9,0,9,0,8,0,0,0,0,0,1,6,2,49,8,1560,2,5,-1,-1,-1
201543P071055,2,1,0,18,0,1,0,0,1,11,4,1,6,1,23,5,-1,-1,-1,-1,1,-1
201543P071095,1,9,0,11,0,0,0,0,0,0,4,1,6,1,35,6,-1,-1,-1,-1,-1,-1
201543P071095,2,5,0,14,0,0,0,0,0,0,4,1,6,1,27,6,899,1,15,-1,1,-1
201543P071105,1,9,0,3,0,0,0,0,0,0,2,1,1,1,34,6,1995,2,-1,-1,1,-1
201543P071105,2,9,0,4,0,0,0,0,0,0,1,1,1,1,47,8,-1,-1,-1,-1,1,-1
201543P071105,3,9,0,4,0,0,0,0,0,0,1,1,1,2,31,6,-1,-1,-1,-1,3,-1
201543P072015,1,5,0,18,0,8,0,0,0,0,1,1,2,1,48,8,782,1,12,-1,1,-1
201543P072015,2,9,0,9,0,6,0,0,0,0,3,1,2,1,36,7,2993,2,1,-1,1,-1
201543P072055,1,9,0,4,0,1,0,0,0,0,1,1,6,2,-1,-1,-1,-1,-1,-1,-1,-1
201543P072055,2,1,0,4,0,1,0,0,0,0,2,1,6,1,20,4,-1,-1,-1,-1,1,-1
201543P072075,1,9,0,13,0,0,0,0,0,0,1,1,6,2,65,9,1870,2,6,-1,3,-1
201543P072075,2,19,0,13,0,0,0,0,4,6,2,1,6,1,54,8,-1,-1,-1,-1,-1,-1
201543P072095,1,9,0,18,0,4,0,0,0,0,1,1,6,1,92,11,1240,1,12,-1,1,-1
201543P072095,2,1,0,9,0,8,0,0,0,0,4,1,6,1,53,8,-1,-1,-1,-1,1,-1
201543P072105,1,9,0,4,0,1,0,4,0,0,1,1,6,2,66,10,1399,2,11,-1,3,-1
201543P072105,2,20,4,2,0,1,0,0,0,0,2,1,1,1,38,7,-1,-1,-1,-1,3,-1
201543P072125,1,9,0,18,0,0,5,0,1,9,1,1,6,1,38,7,1999,1,12,-1,1,-1
201543P073035,1,9,0,18,0,6,0,0,0,0,1,1,2,1,40,7,-1,-1,-1,-1,1,-1
201543P073035,2,19,0,18,0,8,1,0,0,0,1,1,1,1,54,8,2953,2,9,-1,2,-1
201543P073065,1,9,0,18,0,4,0,0,0,0,1,1,2,1,39,7,1598,1,12,-1,1,-1
201543P073065,2,9,0,9,0,3,0,0,0,0,1,1,2,2,47,8,1598,1,15,-1,1,-1
201543P073075,1,9,0,4,0,0,0,0,0,0,1,1,6,2,50,8,1791,8,4,-1,3,-1
201543P073075,2,9,0,4,0,0,0,0,0,0,2,1,1,2,20,4,1296,1,8,-1,1,-1
201543P073075,3,9,0,4,0,0,0,0,0,0,2,1,6,2,60,9,1390,1,1,-1,1,-1
201543P073095,1,9,0,9,0,5,0,0,0,0,4,1,6,1,74,10,1364,2,9,-1,1,-1
201543P073095,2,1,0,18,4,8,0,0,0,0,1,1,6,1,25,5,-1,-1,-1,-1,1,-1
201543P073105,1,9,0,18,0,0,0,0,0,0,1,1,1,1,38,7,-1,-1,-1,-1,1,-1
201543P073105,2,9,0,4,0,0,5,10,1,0,2,1,6,2,50,8,1598,1,6,-1,1,-1
201543P074095,1,9,0,18,0,0,0,0,0,0,1,1,6,2,57,9,1299,1,15,-1,1,-1
201543P074095,2,9,0,18,0,0,0,0,0,0,2,1,6,1,56,9,1364,1,6,-1,1,-1
201543P074095,3,9,0,18,0,0,0,0,0,0,2,1,6,2,58,9,1390,1,10,-1,3,-1
201543P074105,1,9,0,16,0,0,0,0,1,7,1,1,6,2,37,7,1240,1,12,-1,3,-1
201543P074105,2,9,0,17,0,0,0,0,0,0,1,1,6,2,47,8,1968,2,1,-1,3,-1
201543P075065,1,9,0,18,0,0,0,0,0,0,1,1,6,2,60,9,1299,1,15,-1,3,-1