Accident_Index,Vehicle_Reference,Vehicle_Type,Towing_and_Articulation,Vehicle_Manoeuvre,Vehicle_Location-Restricted_Lane,Junction_Location,Skidding_and_Overturning,Hit_Object_in_Carriageway,Vehicle_Leaving_Carriageway,Hit_Object_off_Carriageway,1st_Point_of_Impact,Was_Vehicle_Left_Hand_Drive?,Journey_Purpose_of_Driver,Sex_of_Driver,Age_of_Driver,Age_Band_of_Driver,Engine_Capacity_(CC),Propulsion_Code,Age_of_Vehicle,Driver_IMD_Decile,Driver_Home_Area_Type,Vehicle_IMD_Decile
201543P075075,1,9,0,9,0,8,0,0,0,0,0,1,6,3,-1,-1,-1,-1,-1,-1,-1,-1
201543P075075,2,9,0,18,0,8,0,0,0,0,1,1,6,1,54,8,1870,2,11,-1,1,-1
201543P075075,3,9,0,18,0,8,0,0,0,0,2,1,6,2,50,8,1339,1,8,-1,2,-1
201543P075125,1,19,0,9,0,5,0,0,0,0,1,1,1,1,25,5,1968,2,-1,-1,1,-1
201543P075125,2,3,0,18,0,1,0,0,0,0,3,1,6,1,21,5,124,1,2,-1,3,-1
201543P076015,1,9,0,11,0,0,2,0,1,0,1,1,2,1,38,7,-1,-1,-1,-1,1,-1
201543P076015,2,9,0,18,0,0,2,0,1,0,2,1,2,2,65,9,-1,-1,-1,-1,3,-1
201543P076045,1,9,0,9,0,5,0,0,0,0,4,1,2,1,21,5,1248,1,5,-1,1,-1
201543P076045,2,1,0,15,4,8,0,0,0,0,1,1,2,1,29,6,-1,-1,-1,-1,1,-1
201543P076055,1,5,0,17,0,0,1,0,1,10,1,1,6,1,59,9,649,1,3,-1,1,-1
201543P076055,2,9,0,16,0,0,0,0,0,0,0,1,6,3,-1,-1,-1,-1,-1,-1,-1,-1
201543P076125,1,9,0,18,0,0,0,0,0,0,4,1,6,2,30,6,1198,1,12,-1,3,-1
201543P077055,1,9,0,1,0,1,0,0,0,0,2,1,2,2,62,9,998,1,2,-1,-1,-1
201543P077055,2,9,0,3,0,1,0,0,0,0,1,1,6,2,36,7,796,1,8,-1,1,-1
201543P077075,1,9,0,9,0,6,0,0,0,0,1,1,6,1,33,6,698,1,10,-1,1,-1
201543P077075,2,9,0,18,0,8,0,0,0,0,1,1,6,2,50,8,-1,-1,-1,-1,1,-1
201543P077095,1,9,0,4,0,0,0,0,0,0,1,1,6,1,21,5,-1,-1,-1,-1,1,-1
201543P077095,2,9,0,3,0,0,0,0,0,0,2,1,6,2,22,5,1398,1,1,-1,1,-1
201543P078025,1,9,0,6,0,1,0,0,0,0,3,1,6,1,23,5,-1,-1,-1,-1,1,-1
201543P078025,2,3,0,18,0,1,1,0,0,0,1,1,2,1,17,4,124,1,7,-1,2,-1
201543P078065,1,9,0,18,0,2,0,0,0,0,1,1,6,3,-1,-1,1489,1,18,-1,-1,-1
201543P078065,2,8,0,3,0,2,0,0,0,0,2,1,6,3,-1,-1,1968,2,4,-1,-1,-1
201543P078075,1,21,0,17,0,8,0,0,0,0,3,1,1,1,46,8,-1,-1,-1,-1,-1,-1
201543P078075,2,9,0,18,0,3,0,0,0,0,4,1,6,2,30,6,1968,2,1,-1,3,-1
201543P078085,1,9,0,18,0,8,0,0,0,0,1,1,6,2,51,8,2231,2,-1,-1,3,-1
201543P078085,2,9,0,5,0,6,0,0,0,0,3,1,6,3,-1,-1,-1,-1,-1,-1,2,-1
201543P078105,1,9,3,18,0,4,0,0,0,0,1,1,6,1,72,10,2435,1,18,-1,-1,-1
201543P078105,2,5,0,18,0,8,0,0,3,0,4,1,6,1,23,5,599,1,7,-1,1,-1
201543P078105,3,9,0,18,0,8,0,0,0,0,1,1,6,1,45,7,-1,-1,-1,-1,1,-1
201543P078115,1,1,0,18,0,0,0,0,0,0,0,1,6,1,60,9,-1,-1,-1,-1,3,-1
201543P078125,1,9,0,18,0,0,0,0,0,0,1,1,6,2,30,6,1388,1,11,-1,2,-1
201543P078125,2,9,0,4,0,0,0,0,0,0,2,1,6,1,34,6,1968,2,8,-1,2,-1
201543P079115,1,5,0,17,0,0,0,0,1,11,1,1,6,1,26,6,599,1,17,-1,3,-1
201543P079125,1,9,0,16,0,5,0,0,0,0,1,1,6,2,65,9,1870,2,10,-1,1,-1
201543P079125,2,9,0,16,0,1,0,0,0,0,1,1,6,2,56,9,1329,1,5,-1,3,-1
201543P080035,1,9,0,18,0,4,2,9,2,2,1,1,6,1,27,6,1896,2,16,-1,1,-1
201543P080115,1,9,0,9,0,5,0,0,0,0,4,1,2,1,25,5,1686,2,12,-1,1,-1
201543P080115,2,1,0,15,0,1,0,0,0,0,1,1,2,1,19,4,-1,-1,-1,-1,2,-1
201543P080125,1,9,0,9,0,4,0,0,0,0,1,1,6,2,62,9,1242,1,7,-1,1,-1
201543P080125,2,1,0,18,0,8,0,0,0,0,4,1,2,2,39,7,-1,-1,-1,-1,3,-1
201543P081035,1,9,0,9,0,6,0,0,0,0,3,1,6,1,83,11,1229,1,8,-1,1,-1
201543P081035,2,9,0,18,0,1,0,0,0,0,3,1,1,2,24,5,1596,1,11,-1,2,-1
201543P081085,1,19,0,5,0,4,0,0,0,0,3,1,2,1,64,9,2198,2,6,-1,2,-1
201543P081085,2,1,0,18,0,8,0,0,0,0,1,1,2,1,40,7,-1,-1,-1,-1,1,-1
201543P081095,1,9,0,3,0,1,0,0,0,0,1,1,6,2,33,6,1197,1,-1,-1,3,-1
201543P081095,2,1,0,18,0,1,1,0,0,0,2,1,6,1,46,8,-1,-1,-1,-1,1,-1
201543P081095,3,9,0,10,0,1,0,0,0,0,0,1,6,3,-1,-1,-1,-1,-1,-1,-1,-1
201543P081105,1,21,1,18,0,0,0,0,0,0,1,1,1,1,43,7,11946,2,7,-1,1,-1
201543P081105,2,21,1,18,0,0,0,0,1,0,2,1,1,1,52,8,-1,-1,-1,-1,-1,-1
201543P081105,3,9,0,2,6,0,0,0,0,0,2,1,2,1,24,5,998,1,7,-1,1,-1
201543P081115,1,9,0,9,0,5,0,0,0,0,1,1,6,2,18,4,1124,1,11,-1,1,-1
201543P081115,2,9,0,18,0,8,0,0,0,0,1,1,6,1,40,7,-1,-1,-1,-1,1,-1
201543P081125,1,9,0,16,0,4,0,0,0,0,1,1,6,1,58,9,1560,2,1,-1,1,-1
201543P081125,2,90,0,17,0,8,0,0,0,0,1,1,1,1,39,7,2987,2,2,-1,1,-1
201543P081125,3,21,0,3,0,1,0,0,0,0,0,1,1,1,-1,-1,-1,-1,-1,-1,-1,-1
201543P082045,1,9,0,18,0,0,0,0,7,10,1,1,6,1,77,11,2996,1,5,-1,1,-1
201543P082045,2,9,0,18,0,0,0,0,0,0,3,1,6,1,60,9,1560,2,7,-1,1,-1
201543P082075,1,1,0,18,4,0,0,8,0,0,1,1,6,2,24,5,-1,-1,-1,-1,-1,-1
201543P082075,2,8,0,2,0,0,0,0,0,0,4,1,1,3,-1,-1,-1,-1,-1,-1,-1,-1
201543P082085,1,9,0,18,0,1,0,0,0,0,1,1,6,1,-1,-1,1598,1,5,-1,1,-1
201543P082085,2,19,0,9,0,6,0,0,0,0,3,1,6,1,46,8,2198,2,6,-1,1,-1
201543P082105,1,8,0,9,0,8,0,0,0,0,1,1,1,1,41,7,1870,2,11,-1,1,-1
201543P082105,2,1,0,18,0,1,0,0,0,0,1,1,6,1,43,7,-1,-1,-1,-1,1,-1
201543P082115,1,9,0,18,0,1,0,0,0,0,1,1,6,1,42,7,-1,-1,-1,-1,1,-1
201543P082115,2,9,0,3,0,1,0,0,0,0,2,1,6,2,56,9,1968,2,3,-1,1,-1
201543P083055,1,9,0,9,0,5,0,0,0,0,1,1,6,1,-1,-1,1299,1,14,-1,1,-1
201543P083055,2,9,0,18,0,8,0,0,0,0,1,1,6,2,26,6,1995,2,10,-1,1,-1
201543P083075,1,9,0,18,0,0,0,0,0,0,0,1,6,1,37,7,1248,2,1,-1,1,-1
201543P083075,2,5,0,13,0,0,1,0,0,0,1,1,6,1,29,6,599,1,16,-1,1,-1
201543P083075,3,9,0,4,0,0,0,0,0,0,2,1,6,2,63,9,998,1,2,-1,2,-1
201543P083075,4,9,0,18,0,0,0,0,0,0,2,1,6,1,23,5,1248,2,7,-1,1,-1
201543P083085,1,3,0,9,0,5,1,0,0,0,1,1,1,1,51,8,125,1,6,-1,2,-1
201543P083085,2,9,0,18,0,1,0,0,0,0,1,1,1,1,59,9,-1,-1,-1,-1,2,-1
201543P083125,1,9,0,18,0,1,0,0,0,0,4,1,6,2,70,10,1388,1,12,-1,2,-1
201543P083125,2,1,0,14,0,2,0,0,0,0,2,1,6,1,58,9,-1,-1,-1,-1,2,-1
201543P084055,1,9,0,18,0,8,0,0,0,0,4,1,6,2,88,11,2492,1,14,-1,3,-1
201543P084055,2,1,0,18,0,1,0,0,0,0,4,1,6,1,49,8,-1,-1,-1,-1,1,-1
201543P084065,1,9,0,17,0,0,2,0,1,11,1,1,6,2,19,4,1242,1,14,-1,3,-1
201543P084075,1,9,0,18,0,1,0,0,0,0,1,1,2,1,35,6,1896,2,8,-1,1,-1
201543P084075,2,1,0,18,0,1,0,0,0,0,2,1,6,2,-1,-1,-1,-1,-1,-1,1,-1
201543P084095,1,9,0,18,0,1,0,0,0,0,1,1,6,1,38,7,2231,2,8,-1,1,-1
201543P084095,2,9,0,4,0,1,0,0,0,0,2,1,6,2,24,5,1968,2,4,-1,3,-1
201543P084095,3,9,0,4,0,1,0,0,0,0,2,1,6,1,20,4,1596,1,1,-1,1,-1
201543P084095,4,9,0,4,0,1,0,0,0,0,2,1,6,1,49,8,1999,1,9,-1,2,-1
201543P084115,1,1,0,18,9,0,0,0,0,0,1,1,6,3,43,7,-1,-1,-1,-1,2,-1
201543P084115,2,11,0,2,0,0,0,0,0,0,0,1,1,3,60,9,-1,-1,-1,-1,1,-1
201543P085085,1,9,0,17,0,0,1,0,1,4,2,1,6,1,25,5,-1,-1,-1,-1,1,-1
201543P085085,2,9,0,17,0,0,2,0,1,4,1,1,6,1,44,7,1997,1,9,-1,1,-1
201543P085095,1,1,0,18,4,8,0,0,0,0,1,1,2,2,19,4,-1,-1,-1,-1,1,-1
201543P085095,2,9,0,7,0,6,0,0,0,0,1,1,2,1,27,6,3498,1,8,-1,1,-1
201543P085115,1,1,0,18,0,0,0,0,0,0,1,1,6,2,18,4,-1,-1,-1,-1,1,-1
201543P086015,1,9,0,13,0,0,0,0,0,0,0,1,6,3,-1,-1,2976,1,11,-1,-1,-1
201543P086015,2,1,0,18,0,0,1,0,0,0,4,1,6,2,74,10,-1,-1,-1,-1,1,-1
201543P086025,1,9,0,17,0,0,1,0,0,0,1,1,6,1,55,8,-1,-1,-1,-1,1,-1
201543P086025,2,9,0,16,0,0,0,0,1,0,1,1,2,1,55,8,1598,1,7,-1,1,-1
201543P086115,1,9,0,16,0,8,0,0,3,1,1,1,6,1,69,10,1968,2,-1,-1,3,-1
201543P087015,1,9,0,18,0,0,0,0,0,0,0,1,6,2,30,6,-1,-1,-1,-1,-1,-1
201543P087015,2,3,0,18,0,0,0,0,0,0,0,1,2,2,20,4,124,1,13,-1,2,-1
201543P087035,1,9,0,12,0,0,0,0,0,0,1,1,6,2,25,5,-1,-1,-1,-1,1,-1
201543P087035,2,19,0,18,0,0,0,0,0,0,2,1,6,2,29,6,-1,-1,-1,-1,1,-1
201543P087035,3,9,0,18,0,0,1,0,4,6,4,1,6,1,66,10,-1,-1,-1,-1,-1,-1
201543P087045,1,3,0,18,0,1,1,0,0,0,1,1,6,1,19,4,124,1,2,-1,1,-1
201543P087045,2,9,0,10,0,1,0,0,0,0,2,1,1,1,37,7,1995,2,1,-1,1,-1
201543P087045,3,19,0,18,0,8,0,0,0,0,1,1,1,1,46,8,2198,2,1,-1,1,-1
201543P087055,1,2,0,18,0,1,1,0,1,10,3,1,6,1,19,4,49,1,4,-1,3,-1
201543P087085,1,9,0,13,0,0,0,0,0,0,1,1,6,2,52,8,1598,1,14,-1,3,-1
201543P087085,2,5,0,16,0,0,0,0,0,0,1,1,6,1,53,8,885,1,22,-1,3,-1
201543P087085,3,1,0,17,0,0,0,0,0,0,0,1,6,3,-1,-1,-1,-1,-1,-1,-1,-1
201543P087105,1,9,0,7,0,1,0,0,0,0,4,1,6,2,36,7,1968,2,9,-1,1,-1
201543P087105,2,11,0,4,2,1,0,0,0,0,3,1,1,1,41,7,-1,-1,-1,-1,1,-1
201543P087115,1,9,0,17,0,0,1,0,1,1,1,1,6,1,44,7,2967,2,4,-1,2,-1
201543P088065,1,9,0,9,0,6,0,0,0,0,3,1,2,1,25,5,1149,1,2,-1,1,-1
201543P088065,2,5,0,18,0,1,1,0,0,0,1,1,2,1,35,6,1052,1,22,-1,1,-1
201543P088095,1,9,0,18,0,0,0,4,0,0,1,1,6,1,89,11,1796,1,14,-1,3,-1
201543P088095,2,9,0,2,0,0,0,0,0,0,2,1,6,1,79,11,2199,2,2,-1,1,-1
201543P088105,1,9,0,18,0,6,0,0,0,0,1,1,6,2,61,9,1896,2,14,-1,3,-1
201543P088105,2,9,0,18,0,8,0,0,0,0,3,1,6,2,35,6,1986,2,9,-1,2,-1
201543P089025,1,11,0,18,0,0,0,0,0,0,1,1,1,1,41,7,-1,-1,-1,-1,1,-1
201543P089025,2,9,0,4,0,0,0,0,0,0,2,1,6,2,54,8,-1,-1,-1,-1,1,-1
201543P089055,1,9,0,18,0,0,0,0,7,11,1,1,6,3,26,6,1783,1,13,-1,1,-1
201543P089055,2,9,0,18,0,0,0,0,0,0,1,1,6,1,19,4,998,1,14,-1,2,-1
201543P089055,3,9,0,3,0,0,0,0,0,0,2,1,6,2,38,7,1591,1,6,-1,1,-1
201543P089065,1,11,0,9,0,6,0,0,0,0,3,1,1,1,45,7,4249,2,2,-1,3,-1
201543P089065,2,5,0,18,0,1,0,0,0,0,1,1,6,1,50,8,599,1,18,-1,1,-1
201543P089095,1,19,0,1,0,6,0,0,0,0,4,1,6,1,34,6,1870,2,9,-1,1,-1
201543P089095,2,1,0,18,0,1,0,0,0,0,1,1,6,1,36,7,-1,-1,-1,-1,1,-1
201543P089095,3,1,0,18,0,1,0,0,0,0,3,1,6,1,32,6,-1,-1,-1,-1,1,-1
201543P089105,1,9,0,18,0,4,0,0,0,0,1,1,1,2,53,8,1499,2,-1,-1,1,-1
201543P089105,2,2,0,18,0,8,0,0,0,0,2,1,2,1,33,6,124,1,1,-1,1,-1
201543P089115,1,19,0,1,0,0,0,0,0,0,2,1,1,1,30,6,1598,2,-1,-1,-1,-1
201543P090015,1,1,0,18,0,1,0,0,0,0,1,1,6,1,17,4,-1,-1,-1,-1,1,-1
201543P090015,2,9,0,5,0,2,0,0,0,0,4,1,2,2,27,6,1598,2,3,-1,1,-1
201543P090025,1,1,0,18,9,0,0,8,0,0,1,1,4,1,11,3,-1,-1,-1,-1,1,-1
201543P090025,2,9,0,2,0,0,0,0,0,0,4,1,6,3,-1,-1,-1,-1,-1,-1,-1,-1
201543P090035,1,9,0,17,0,0,1,0,1,4,1,1,2,2,21,5,1388,1,6,-1,1,-1
201543P090065,1,9,0,10,0,5,0,0,0,0,3,1,6,1,28,6,1598,2,2,-1,1,-1
201543P090065,2,3,0,14,0,8,0,0,0,0,4,1,6,1,22,5,124,1,-1,-1,1,-1
201543P090085,1,9,0,18,0,0,0,0,0,0,1,1,1,2,25,5,1349,1,5,-1,2,-1
201543P090095,1,9,0,17,0,0,0,0,0,0,1,1,6,1,-1,-1,-1,-1,-1,-1,-1,-1
201543P090095,2,1,0,18,0,0,0,0,0,0,3,1,6,1,21,5,-1,-1,-1,-1,1,-1
201543P090105,1,9,0,16,0,0,5,0,7,9,1,1,6,1,53,8,1560,2,4,-1,1,-1
201543P090115,1,9,0,12,0,0,0,0,0,0,0,1,6,1,65,9,2402,2,7,-1,1,-1
201543P090115,2,9,0,18,0,0,2,0,5,6,3,1,6,1,57,9,2521,1,8,-1,1,-1
201543P091065,1,1,0,18,0,0,0,0,0,0,1,1,6,3,-1,-1,-1,-1,-1,-1,-1,-1
201543P091065,2,1,0,18,4,0,0,0,0,0,2,1,6,2,21,5,-1,-1,-1,-1,1,-1
201543P091065,3,11,0,18,0,0,0,0,0,0,0,1,1,1,39,7,-1,2,16,-1,1,-1
201543P092015,1,19,0,18,0,2,0,0,0,0,1,1,2,1,65,9,1248,2,6,-1,1,-1
201543P092015,2,9,0,18,0,2,0,0,0,0,2,1,2,1,40,7,1598,1,13,-1,1,-1
201543P092035,1,9,0,18,0,1,0,0,0,0,1,1,6,1,62,9,-1,-1,-1,-1,1,-1
201543P092035,2,9,0,4,0,1,0,0,0,0,2,1,6,2,74,10,1598,1,10,-1,1,-1
201543P092045,1,9,0,18,0,8,0,0,0,0,4,1,6,2,45,7,1968,2,6,-1,2,-1
201543P092045,2,1,0,18,0,4,0,0,0,0,1,1,6,2,23,5,-1,-1,-1,-1,1,-1
201543P092115,1,9,0,9,0,3,0,0,0,0,1,1,6,1,37,7,1339,1,3,-1,1,-1
201543P092115,2,9,0,18,0,4,0,0,0,0,1,1,2,1,42,7,1388,1,16,-1,1,-1
201543P093035,1,9,0,17,0,0,0,0,7,11,1,1,6,2,44,7,998,1,6,-1,3,-1
201543P093045,1,1,0,18,0,4,0,0,0,0,1,1,6,2,22,5,-1,-1,-1,-1,3,-1
201543P093045,2,9,0,18,0,8,0,0,0,0,4,1,6,1,23,5,-1,-1,-1,-1,1,-1
201543P093065,1,98,0,18,0,1,0,0,0,0,3,1,1,1,-1,-1,-1,-1,-1,-1,-1,-1
201543P093085,1,9,0,7,0,6,0,0,0,0,0,1,6,3,-1,-1,-1,-1,-1,-1,-1,-1
201543P093085,2,9,0,18,0,1,1,0,7,9,2,1,6,1,19,4,1840,1,13,-1,2,-1
201543P093105,1,9,0,18,0,8,0,0,3,10,1,1,6,1,26,6,1086,1,7,-1,-1,-1
201543P094035,1,9,0,18,0,0,0,0,0,0,1,1,2,1,40,7,1560,2,10,-1,1,-1
201543P094035,2,9,0,3,0,0,0,0,0,0,2,1,2,2,28,6,1896,2,10,-1,3,-1
201543P094055,1,8,0,9,0,5,0,0,0,0,1,1,1,1,24,5,1497,8,7,-1,1,-1
201543P094055,2,1,0,18,0,1,0,0,0,0,1,1,6,2,28,6,-1,-1,-1,-1,1,-1
201543P094115,1,9,0,16,0,0,1,0,1,9,3,1,6,1,-1,-1,1753,2,12,-1,-1,-1
201543P094115,2,9,0,17,0,0,0,0,0,0,4,1,1,1,53,8,1598,2,4,-1,1,-1
201543P095035,1,9,0,9,0,5,0,0,0,0,1,1,1,2,56,9,1360,1,10,-1,2,-1
201543P095035,2,97,0,15,0,8,0,0,0,0,1,1,6,1,32,6,1052,1,16,-1,1,-1
201543P095085,1,9,0,18,0,1,0,0,0,0,1,1,6,1,38,7,1998,1,17,-1,2,-1
201543P095085,2,9,0,3,0,1,0,0,0,0,2,1,6,1,24,5,1997,2,13,-1,3,-1
201543P095125,1,9,0,7,0,6,0,0,0,0,1,1,6,1,36,7,1995,2,10,-1,1,-1
201543P095125,2,1,0,18,0,8,0,0,0,0,4,1,2,1,45,7,-1,-1,-1,-1,1,-1
201543P096045,1,9,0,16,0,0,1,0,7,3,1,1,6,1,21,5,1896,2,10,-1,2,-1
201543P096065,1,9,0,9,0,6,1,0,0,0,3,1,6,1,48,8,1956,2,5,-1,2,-1
201543P096065,2,21,1,18,0,8,1,0,0,0,1,1,1,1,55,8,12740,2,4,-1,3,-1
201543P096085,1,9,0,16,0,1,2,0,7,9,2,1,6,2,18,4,1124,1,15,-1,1,-1
201543P096105,1,8,0,9,0,3,0,0,0,0,4,1,6,1,-1,-1,2143,2,4,-1,3,-1
201543P097015,1,9,0,9,0,6,0,0,0,0,3,1,2,2,41,7,1598,1,6,-1,1,-1
201543P097015,2,3,0,18,0,8,1,0,0,0,1,1,2,2,23,5,124,1,2,-1,1,-1
201543P097025,1,1,0,18,9,1,0,8,0,0,1,1,6,2,28,6,-1,-1,-1,-1,1,-1
201543P097025,2,19,0,2,0,1,0,0,0,0,4,1,6,1,-1,-1,1896,2,5,-1,1,-1
201543P097065,1,9,0,17,0,0,0,0,1,11,1,1,6,2,31,6,-1,-1,-1,-1,3,-1
201543P097085,1,9,0,13,0,0,1,0,7,1,4,1,6,1,69,10,3246,1,9,-1,1,-1
201543P097125,1,9,0,18,0,0,5,0,7,10,1,1,1,2,39,7,1229,1,3,-1,3,-1
201543P098025,1,9,0,17,0,0,2,0,1,9,1,1,2,2,23,5,-1,-1,-1,-1,2,-1
201543P098035,1,3,0,17,0,0,1,0,0,0,3,1,2,1,20,4,125,1,9,-1,3,-1
201543P098045,1,9,0,18,0,0,1,10,1,9,4,1,6,1,27,6,1598,1,12,-1,2,-1
201543P098055,1,9,0,17,0,2,0,0,0,0,4,1,2,1,58,9,-1,-1,-1,-1,2,-1
201543P098065,1,19,0,18,0,8,0,0,0,0,4,1,6,3,-1,-1,-1,-1,-1,-1,-1,-1
201543P098065,2,1,0,18,0,4,0,0,0,0,1,1,2,2,22,5,-1,-1,-1,-1,1,-1
201543P098075,1,21,0,18,0,8,0,0,0,0,1,1,1,1,27,6,11705,2,7,-1,1,-1
201543P098075,2,9,0,18,0,8,1,0,0,0,3,1,6,2,36,7,1396,1,11,-1,1,-1
201543P098095,1,9,0,14,0,0,0,0,0,0,3,1,6,1,55,8,1997,2,8,-1,1,-1
201543P098095,2,90,0,2,0,0,0,0,0,0,0,1,1,1,40,7,-1,-1,-1,-1,1,-1
201543P098095,3,21,0,2,0,0,0,0,0,0,0,1,6,1,40,7,10837,2,1,-1,1,-1
201543P098115,1,19,0,18,0,3,0,0,1,0,1,1,6,1,75,10,1997,2,11,-1,2,-1
201543P098125,1,9,0,9,0,5,0,0,0,0,1,1,1,1,75,10,1994,1,13,-1,2,-1
201543P098125,2,9,0,18,0,8,0,0,0,0,1,1,6,2,39,7,1991,2,6,-1,2,-1
201543P099085,1,3,0,13,0,8,1,0,0,0,1,1,6,1,22,5,125,1,2,-1,1,-1
201543P099085,2,9,0,9,0,8,0,0,0,0,3,1,6,1,77,11,1598,1,1,-1,2,-1
201543P100015,1,9,0,18,0,0,0,0,0,0,4,1,6,3,-1,-1,-1,-1,-1,-1,-1,-1
201543P100065,1,5,0,13,0,1,0,0,0,0,1,1,6,1,39,7,599,1,11,-1,1,-1
201543P100065,2,19,0,10,0,1,0,0,0,0,3,1,1,1,18,4,-1,-1,-1,-1,-1,-1
201543P100075,1,11,0,5,0,1,0,0,0,0,0,1,1,1,39,7,9000,2,6,-1,1,-1
201543P100085,1,9,0,18,0,2,0,0,7,11,0,1,6,2,74,10,2435,1,9,-1,2,-1
201543P100125,1,9,0,18,0,6,0,7,0,0,1,1,6,1,40,7,1796,1,14,-1,1,-1
201543P101045,1,5,0,17,0,2,0,0,0,0,3,1,6,1,55,8,599,1,15,-1,1,-1
201543P101055,1,9,0,16,0,1,0,0,0,0,1,1,6,1,68,10,-1,-1,-1,-1,1,-1
201543P101055,2,9,0,17,0,1,0,0,0,0,1,1,6,1,71,10,1998,2,13,-1,1,-1
201543P101075,1,9,0,7,0,5,0,0,0,0,4,1,6,2,20,4,1499,1,-1,-1,3,-1
201543P101075,2,1,0,18,4,1,0,0,0,0,3,1,6,1,31,6,-1,-1,-1,-1,1,-1
201543P101095,1,19,0,7,0,6,0,0,0,0,1,1,6,1,50,8,-1,-1,-1,-1,1,-1
201543P101095,2,1,0,18,0,1,0,0,0,0,4,1,6,1,50,8,-1,-1,-1,-1,2,-1
201543P102035,1,9,0,16,0,0,0,0,0,0,1,1,6,1,54,8,-1,-1,-1,-1,1,-1
201543P102035,2,9,0,17,0,0,0,0,0,0,1,1,3,2,41,7,1598,1,4,-1,3,-1
201543P102045,1,9,0,17,0,0,5,0,7,10,4,1,6,1,17,4,1149,1,10,-1,1,-1
201543P102045,2,9,0,18,0,0,0,0,0,0,4,1,6,1,60,9,1596,1,7,-1,2,-1
201543P102065,1,1,0,9,0,5,0,0,0,0,2,1,6,2,38,7,-1,-1,-1,-1,3,-1
201543P102065,2,9,0,18,0,8,0,0,0,0,1,1,6,1,58,9,-1,-1,-1,-1,2,-1
201543P102075,1,9,0,18,0,8,0,0,0,0,3,1,6,1,90,11,1149,1,11,-1,1,-1
201543P102075,2,9,0,18,0,1,0,0,0,0,1,1,3,2,37,7,1968,2,2,-1,1,-1
201543P103035,1,97,0,18,0,1,0,0,0,0,0,1,6,2,36,7,248,1,1,-1,1,-1
201543P103035,2,9,0,18,0,6,0,0,0,0,0,1,6,3,-1,-1,-1,-1,-1,-1,-1,-1
201543P103045,1,9,0,9,0,8,0,0,0,0,1,1,6,1,19,4,-1,-1,-1,-1,1,-1
201543P103085,1,19,0,4,0,0,0,0,0,0,1,1,6,1,55,8,2198,2,5,-1,1,-1
201543P103085,2,9,0,4,0,0,0,0,0,0,2,1,6,2,42,7,2967,2,3,-1,2,-1
201543P104025,1,9,0,18,0,1,0,0,0,0,1,1,6,2,-1,-1,1388,1,9,-1,1,-1
201543P104025,2,9,0,10,0,1,0,0,0,0,2,1,6,1,47,8,1598,1,1,-1,3,-1
201543P104045,1,9,0,11,0,0,0,0,0,0,1,1,6,1,35,6,1998,2,1,-1,1,-1
201543P104045,2,21,1,18,0,0,0,0,0,0,2,1,1,1,29,6,12777,2,2,-1,1,-1
201543P104065,1,9,0,12,0,0,0,0,0,0,3,1,6,2,64,9,249,1,9,-1,3,-1
201543P104065,2,9,0,18,0,0,0,0,0,0,4,1,6,2,23,5,998,1,9,-1,1,-1
201543P104075,1,9,0,17,0,0,0,0,0,0,1,1,6,1,80,11,2143,2,-1,-1,-1,-1
201543P104075,2,9,0,16,0,0,0,0,0,0,1,1,6,1,20,4,1998,1,11,-1,2,-1
201543P104115,1,9,0,9,0,5,0,0,0,0,1,1,3,3,-1,-1,1124,1,9,-1,-1,-1
201543P104115,2,1,0,3,0,1,0,0,0,0,1,1,2,2,53,8,-1,-1,-1,-1,1,-1
201543P104125,1,1,0,18,0,6,0,0,0,0,1,1,6,1,13,3,-1,-1,-1,-1,1,-1
201543P104125,2,9,0,18,0,1,0,0,0,0,4,1,6,2,55,8,-1,-1,-1,-1,3,-1
201543P105015,1,19,0,18,0,0,0,0,0,0,1,1,6,1,31,6,2494,2,14,-1,1,-1
201543P105025,1,9,0,18,0,8,0,0,0,0,4,1,6,1,67,10,998,1,1,-1,1,-1
201543P105025,2,9,0,18,0,8,0,0,0,0,4,1,6,1,30,6,1598,1,11,-1,3,-1
201543P105045,1,9,0,7,0,6,0,0,0,0,1,1,6,1,75,10,1595,1,3,-1,1,-1
201543P105045,2,9,0,2,0,2,0,0,0,0,4,1,6,1,40,7,1587,1,13,-1,1,-1
201543P105045,3,8,0,2,0,2,0,0,0,0,2,1,6,1,36,7,1997,2,3,-1,2,-1
201543P105065,1,9,0,18,0,0,0,0,0,0,3,1,6,2,18,4,1198,1,6,-1,2,-1
201543P105065,2,9,0,18,0,0,0,0,0,0,3,1,6,1,53,8,1560,2,5,-1,2,-1
201543P105095,1,9,0,18,0,0,2,0,1,7,4,1,6,1,60,9,1229,1,10,-1,1,-1
201543P105105,1,19,0,18,0,0,0,0,0,0,1,1,1,1,21,5,1896,2,6,-1,3,-1
201543P105115,1,9,0,9,0,6,0,0,0,0,4,1,6,2,26,6,1242,1,8,-1,3,-1
201543P105115,2,9,0,18,0,8,0,0,0,0,3,1,6,1,32,6,1998,2,11,-1,3,-1
201543P105115,3,20,0,7,0,6,0,0,0,0,0,1,6,3,-1,-1,-1,-1,-1,-1,-1,-1
201543P105125,1,9,0,18,0,3,0,0,1,2,1,1,6,1,74,10,2438,1,17,-1,1,-1