Accident_Index,Vehicle_Reference,Vehicle_Type,Towing_and_Articulation,Vehicle_Manoeuvre,Vehicle_Location-Restricted_Lane,Junction_Location,Skidding_and_Overturning,Hit_Object_in_Carriageway,Vehicle_Leaving_Carriageway,Hit_Object_off_Carriageway,1st_Point_of_Impact,Was_Vehicle_Left_Hand_Drive?,Journey_Purpose_of_Driver,Sex_of_Driver,Age_of_Driver,Age_Band_of_Driver,Engine_Capacity_(CC),Propulsion_Code,Age_of_Vehicle,Driver_IMD_Decile,Driver_Home_Area_Type,Vehicle_IMD_Decile
201543P106025,1,3,0,18,0,8,0,0,0,0,1,1,6,1,26,6,-1,-1,-1,-1,1,-1
201543P106025,2,9,0,18,0,4,0,0,0,0,3,1,6,1,40,7,1995,2,2,-1,1,-1
201543P106075,1,11,0,18,0,2,0,0,0,0,4,1,6,1,47,8,-1,-1,-1,-1,1,-1
201543P106085,1,9,0,17,0,0,2,0,1,9,4,1,6,1,18,4,998,1,24,-1,3,-1
201543P106095,1,9,0,12,0,0,1,0,0,0,1,1,6,1,19,4,1229,1,7,-1,-1,-1
201543P106095,2,9,0,18,0,0,2,0,0,0,4,1,2,1,57,9,2993,2,2,-1,-1,-1
201543P106125,1,9,0,18,0,0,1,0,7,1,1,1,6,1,69,10,1386,1,5,-1,1,-1
201543P107025,1,9,0,18,0,0,1,0,0,0,1,1,6,1,34,6,-1,-1,-1,-1,1,-1
201543P107025,2,9,0,3,0,0,0,0,0,0,2,1,1,2,42,7,1997,2,6,-1,1,-1
201543P107065,1,11,0,6,0,6,0,0,0,0,3,1,1,1,38,7,4249,2,2,-1,1,-1
201543P107065,2,9,0,17,0,2,1,0,0,0,4,1,6,1,59,9,2231,2,9,-1,1,-1
201543P107115,1,1,0,9,0,1,0,0,0,0,3,1,6,1,20,4,-1,-1,-1,-1,1,-1
201543P107115,2,11,0,13,0,1,0,0,0,0,4,1,1,1,34,6,6700,2,-1,-1,3,-1
201543P108025,1,9,0,4,0,0,0,0,0,0,1,1,2,2,41,7,1149,1,10,-1,1,-1
201543P108025,2,9,0,4,0,0,0,0,0,0,2,1,2,1,49,8,2143,2,1,-1,1,-1
201543P108025,3,9,0,4,0,0,0,0,0,0,2,1,2,1,43,7,1598,2,1,-1,1,-1
201543P108055,1,9,0,18,0,2,0,0,1,11,1,1,6,2,33,6,1389,1,18,-1,-1,-1
201543P108055,2,9,0,18,0,2,2,0,0,0,3,1,6,1,35,6,2490,1,13,-1,1,-1
201543P108055,3,97,0,18,8,7,0,0,0,0,0,1,6,3,-1,-1,-1,-1,-1,-1,-1,-1
201543P108065,1,19,0,13,0,0,0,0,0,0,0,1,6,3,-1,-1,-1,-1,-1,-1,-1,-1
201543P108065,2,19,0,18,0,0,1,0,7,9,3,1,1,1,31,6,1753,2,11,-1,2,-1
201543P108075,1,11,0,16,0,1,0,11,0,0,4,1,6,1,57,9,6696,2,-1,-1,1,-1
201543P108115,1,9,0,9,0,2,0,0,0,0,3,1,6,1,23,5,1596,1,9,-1,1,-1
201543P109015,1,9,0,18,0,0,0,0,0,0,4,1,3,1,38,7,1560,2,8,-1,2,-1
201543P109045,1,9,0,12,0,1,5,0,4,0,1,1,6,2,24,5,1299,1,11,-1,1,-1
201543P109055,1,9,0,5,0,8,0,0,0,0,4,1,6,2,70,10,1390,1,4,-1,1,-1
201543P109055,2,9,0,18,0,1,0,0,0,0,1,1,6,2,26,6,1328,1,9,-1,1,-1
201543P109075,1,9,0,17,0,1,0,0,0,0,1,1,6,1,75,10,2143,2,-1,-1,-1,-1
201543P109075,2,9,0,16,0,2,0,0,0,0,1,1,6,1,22,5,1198,1,5,-1,-1,-1
201543P109085,1,1,0,18,0,2,0,0,0,0,4,1,6,1,7,2,-1,-1,-1,-1,1,-1
201543P109085,2,9,0,13,0,1,0,0,0,0,4,1,6,2,65,9,1560,2,8,-1,1,-1
201543P109095,1,9,0,18,0,0,0,0,1,7,1,1,6,1,28,6,1598,1,2,-1,2,-1
201543P109095,2,5,0,18,0,0,0,0,0,0,2,1,6,1,59,9,1170,1,10,-1,2,-1
201543P109105,1,9,0,9,0,8,0,0,0,0,1,1,6,1,-1,-1,-1,-1,-1,-1,1,-1
201543P109105,2,1,0,10,0,1,0,0,0,0,1,1,6,2,28,6,-1,-1,-1,-1,1,-1
201543P109115,1,9,0,18,0,0,0,0,0,0,1,1,2,1,17,4,1229,1,10,-1,1,-1
201543P109115,2,9,0,18,0,0,0,0,1,9,1,1,2,2,56,9,1248,1,4,-1,1,-1
201543P110025,1,19,0,18,0,2,0,0,3,11,1,1,1,1,33,6,2461,2,5,-1,2,-1
201543P110035,1,9,0,1,0,6,0,0,0,0,2,1,6,1,66,10,1560,2,2,-1,1,-1
201543P110035,2,9,0,18,0,1,0,0,0,0,1,1,6,1,32,6,4197,1,8,-1,3,-1
201543P110055,1,9,0,18,0,0,0,0,0,0,1,1,1,1,29,6,1248,2,1,-1,-1,-1
201543P110055,2,9,0,18,0,0,0,0,0,0,2,1,6,1,28,6,2495,2,18,-1,1,-1
201543P110055,3,9,0,18,0,0,0,0,0,0,2,1,6,1,35,6,1898,1,13,-1,1,-1
201543P110055,4,9,0,18,0,0,0,0,0,0,2,1,6,1,46,8,-1,-1,-1,-1,3,-1
201543P110055,5,9,0,18,0,0,0,0,0,0,2,1,6,2,26,6,1242,1,12,-1,1,-1
201543P110065,1,9,0,16,0,0,1,0,1,9,1,1,6,2,18,4,1242,1,15,-1,1,-1
201543P110075,1,9,0,7,0,6,0,0,0,0,1,1,6,2,41,7,1248,1,6,-1,3,-1
201543P110075,2,21,1,3,0,2,0,0,0,0,2,1,1,1,59,9,11705,2,6,-1,1,-1
201543P111025,1,9,0,16,0,0,1,0,2,4,1,1,2,1,44,7,2494,2,28,-1,3,-1
201543P111055,1,11,0,9,0,1,0,0,0,0,4,1,1,1,-1,-1,-1,-1,-1,-1,-1,-1
201543P111055,2,9,0,2,6,1,0,0,0,0,3,1,6,2,26,6,1598,1,4,-1,1,-1
201543P111065,1,9,0,1,0,8,0,0,0,0,2,1,6,2,39,7,1390,1,15,-1,1,-1
201543P111075,1,9,0,13,0,0,0,0,0,0,4,1,6,1,89,11,-1,-1,-1,-1,1,-1
201543P111075,2,1,0,18,0,0,0,0,0,0,3,1,6,1,39,7,-1,-1,-1,-1,3,-1
201543P111075,3,1,0,18,0,0,0,0,0,0,3,1,6,2,37,7,-1,-1,-1,-1,3,-1
201543P111105,1,9,0,18,0,8,1,0,5,6,3,1,6,2,70,10,1988,1,15,-1,1,-1
201543P111105,2,9,0,18,0,2,1,0,0,0,2,1,6,1,80,11,2687,1,8,-1,3,-1
201543P111115,1,9,0,18,0,0,1,0,0,0,1,1,2,1,26,6,1360,1,13,-1,1,-1
201543P111115,2,9,0,4,0,0,0,0,0,0,2,1,2,2,44,7,1995,2,2,-1,2,-1
201543P111115,3,9,0,4,0,0,0,0,0,0,2,1,2,1,51,8,1796,1,5,-1,1,-1
201543P111125,1,9,0,18,0,0,0,0,0,0,1,1,6,1,19,4,1390,1,8,-1,-1,-1
201543P111125,2,11,0,18,0,0,0,0,0,0,1,1,1,1,-1,-1,9600,2,18,-1,-1,-1
201543P112035,1,9,0,18,0,0,0,0,0,0,1,1,2,1,55,8,2497,2,10,-1,2,-1
201543P112035,2,1,0,18,0,0,0,0,0,0,3,1,6,1,44,7,-1,-1,-1,-1,1,-1
201543P112055,1,19,0,7,0,6,0,0,0,0,1,1,1,1,42,7,2198,2,1,-1,2,-1
201543P112055,2,1,0,18,0,8,0,0,0,0,4,1,2,1,40,7,-1,-1,-1,-1,1,-1
201543P112105,1,9,0,17,0,0,1,0,0,0,1,1,6,1,83,11,1199,1,11,-1,1,-1
201543P112105,2,9,0,16,0,0,0,0,0,0,1,1,6,2,40,7,1405,1,9,-1,3,-1
201543P113055,1,9,0,13,0,0,0,0,0,0,4,1,6,1,22,5,1560,2,-1,-1,-1,-1
201543P113055,2,1,0,18,0,0,0,0,0,0,3,1,6,1,20,4,-1,-1,-1,-1,1,-1
201543P113065,1,9,0,14,0,1,0,0,1,0,1,1,6,2,69,10,1498,1,7,-1,1,-1
201543P113065,2,21,0,2,0,1,0,0,0,0,0,1,1,1,70,10,-1,-1,-1,-1,-1,-1
201543P113085,1,9,0,18,0,0,0,0,7,0,0,1,6,1,88,11,1299,1,20,-1,3,-1
201543P113095,1,9,0,18,0,0,1,0,4,6,1,1,2,1,41,7,1598,1,13,-1,1,-1
201543P113105,1,9,0,18,0,0,0,4,2,6,1,1,6,2,21,5,1242,1,9,-1,1,-1
201543P114015,1,9,0,9,0,8,0,0,0,0,4,1,6,1,30,6,1998,2,7,-1,1,-1
201543P114015,2,1,0,18,0,1,0,0,0,0,1,1,6,1,41,7,-1,-1,-1,-1,1,-1
201543P114055,1,5,0,16,0,0,0,0,0,0,4,1,6,1,43,7,748,1,9,-1,3,-1
201543P114075,1,9,0,18,0,1,1,0,0,0,1,1,6,2,50,8,1998,2,4,-1,2,-1
201543P114075,2,19,0,8,0,1,0,0,0,0,2,1,2,1,55,8,1560,2,3,-1,1,-1
201543P114085,1,9,0,6,0,6,0,0,0,0,1,1,6,1,87,11,1398,1,-1,-1,2,-1
201543P114085,2,9,0,18,0,1,0,0,0,0,1,1,6,1,57,9,3059,2,19,-1,1,-1
201543P114095,1,5,0,16,0,1,0,0,1,10,1,1,6,1,52,8,988,1,13,-1,1,-1
201543P114095,2,9,0,17,0,1,0,0,0,0,3,1,6,2,49,8,2720,2,8,-1,3,-1
201543P114105,1,9,0,9,0,6,0,0,0,0,1,1,6,1,48,8,2143,2,-1,-1,3,-1
201543P114105,2,9,0,18,0,8,0,0,0,0,3,1,6,1,43,7,1397,1,13,-1,1,-1
201543P115035,1,9,0,9,0,0,0,0,0,0,1,1,6,1,35,6,1998,2,9,-1,2,-1
201543P115035,2,1,0,18,0,0,1,0,0,0,3,1,6,1,22,5,-1,-1,-1,-1,1,-1
201543P115065,1,9,0,7,4,6,0,0,0,0,1,1,6,2,43,7,1997,1,9,-1,-1,-1
201543P115065,2,1,0,18,4,8,0,0,0,0,1,1,6,2,57,9,-1,-1,-1,-1,1,-1
201543P115085,1,9,0,18,0,8,0,0,0,0,1,1,6,1,22,5,2148,2,10,-1,-1,-1
201543P115085,2,9,0,18,0,8,0,0,0,0,1,1,6,1,44,7,-1,-1,-1,-1,-1,-1
201543P115095,1,9,0,3,0,1,0,0,0,0,1,1,6,1,-1,-1,2198,1,8,-1,1,-1
201543P115095,2,9,0,3,0,1,0,0,0,0,2,1,1,2,41,7,1398,1,-1,-1,3,-1
201543P115115,1,9,0,18,0,0,0,0,0,0,1,1,6,2,44,7,1910,2,8,-1,1,-1
201543P115115,2,9,0,4,0,0,0,0,0,0,2,1,6,1,30,6,1896,2,11,-1,3,-1
201543P115115,3,9,0,4,0,0,0,0,0,0,2,1,6,1,36,7,1910,2,7,-1,2,-1
201543P116065,1,19,0,7,0,5,0,0,0,0,4,1,6,1,25,5,-1,-1,-1,-1,2,-1
201543P116065,2,1,0,18,0,8,0,0,0,0,1,1,2,1,39,7,-1,-1,-1,-1,1,-1
201543P116105,1,9,0,18,0,0,5,4,0,0,1,1,1,2,24,5,998,1,13,-1,1,-1
201543P116105,2,9,0,2,6,0,0,0,0,0,1,1,6,3,-1,-1,1598,1,16,-1,-1,-1
201543P116105,3,9,0,2,6,0,0,0,0,0,1,1,6,3,-1,-1,1590,1,20,-1,-1,-1
201543P116115,1,9,0,5,0,0,0,0,0,0,3,1,6,3,-1,-1,-1,-1,-1,-1,-1,-1
201543P116115,2,3,0,18,0,0,0,0,0,0,4,1,6,1,18,4,124,1,8,-1,1,-1
201543P116125,1,9,0,18,0,2,1,0,0,0,1,1,2,2,28,6,1242,1,11,-1,1,-1
201543P116125,2,9,0,3,0,2,0,0,0,0,2,1,2,1,46,8,1997,2,11,-1,1,-1
201543P116125,3,9,0,3,0,2,0,0,0,0,2,1,2,1,-1,-1,1995,2,3,-1,2,-1
201543P117025,1,9,0,18,0,1,0,0,0,0,1,1,6,2,19,4,-1,-1,-1,-1,2,-1
201543P117025,2,9,0,18,0,1,0,0,0,0,1,1,6,1,56,9,2500,2,11,-1,2,-1
201543P117025,3,9,0,4,0,1,0,0,0,0,2,1,6,1,61,9,2499,2,13,-1,1,-1
201543P117045,1,9,0,7,0,6,0,0,0,0,1,1,6,1,51,8,1368,1,6,-1,1,-1
201543P117045,2,1,0,18,0,8,0,0,0,0,1,1,6,1,7,2,-1,-1,-1,-1,1,-1
201543P117085,1,9,0,18,0,1,0,0,0,0,1,1,6,1,44,7,2488,2,9,-1,1,-1
201543P117085,2,9,0,4,0,1,0,0,0,0,2,1,6,1,73,10,995,1,12,-1,1,-1
201543P117085,3,17,0,7,0,2,0,0,0,0,0,1,1,1,-1,-1,-1,-1,-1,-1,-1,-1
201543P117095,1,9,0,1,0,1,0,0,0,0,1,1,6,1,34,6,1956,2,6,-1,1,-1
201543P117095,2,9,0,3,0,1,0,0,0,0,2,1,6,1,61,9,1242,1,14,-1,1,-1
201543P117105,1,9,0,18,0,8,0,0,0,0,1,1,6,3,-1,-1,-1,-1,-1,-1,-1,-1
201543P117105,2,1,0,7,0,6,0,0,0,0,3,1,6,1,17,4,-1,-1,-1,-1,1,-1
201543P117115,1,9,0,12,0,0,0,0,0,0,3,1,2,1,19,4,1199,1,11,-1,3,-1
201543P117115,2,5,0,13,0,0,0,0,0,0,4,1,2,1,42,7,645,1,15,-1,1,-1
201543P118025,1,9,0,18,0,1,1,0,0,0,1,1,6,2,45,7,1951,2,13,-1,3,-1
201543P118025,2,9,0,18,0,1,0,0,0,0,2,1,6,2,49,8,-1,-1,-1,-1,1,-1
201543P118025,3,9,0,18,0,1,0,0,0,0,1,1,1,1,-1,-1,1598,2,1,-1,1,-1
201543P118025,4,9,0,18,0,1,0,0,0,0,1,1,6,2,39,7,1798,2,5,-1,1,-1
201543P118025,5,9,0,18,0,1,0,0,0,0,1,1,6,2,29,6,-1,-1,-1,-1,1,-1
201543P118075,1,9,0,18,0,0,1,0,0,0,1,1,1,1,23,5,-1,-1,-1,-1,1,-1
201543P118075,2,21,0,3,0,0,0,0,0,0,2,1,1,1,47,8,11946,2,5,-1,1,-1
201543P118085,1,9,0,16,0,0,2,0,1,10,1,1,6,1,19,4,1998,1,12,-1,3,-1
201543P118095,1,9,0,4,0,2,0,0,0,0,1,1,6,2,19,4,1199,1,14,-1,1,-1
201543P118095,2,8,0,4,0,2,0,0,0,0,2,1,1,1,30,6,1497,8,10,-1,1,-1
201543P119025,1,9,0,11,0,1,0,0,0,0,1,1,6,1,37,7,2494,1,12,-1,1,-1
201543P119025,2,9,0,18,0,1,0,0,1,4,2,1,6,1,49,8,1956,2,1,-1,1,-1
201543P119025,3,9,0,18,0,1,0,0,0,0,0,1,6,3,44,7,1997,2,5,-1,1,-1
201543P119055,1,8,0,18,0,0,0,0,0,0,1,1,1,1,-1,-1,1998,2,7,-1,-1,-1
201543P119125,1,9,0,18,0,0,1,0,0,0,1,1,6,1,22,5,1124,1,18,-1,2,-1
201543P119125,2,9,0,3,0,0,0,0,0,0,2,1,6,1,40,7,2143,2,4,-1,1,-1
201543P119125,3,9,0,3,0,0,0,0,0,0,2,1,6,2,38,7,1968,2,2,-1,3,-1
201543P120095,1,2,0,15,0,0,0,0,0,0,3,1,6,1,50,8,-1,-1,-1,-1,-1,-1
201543P120125,1,9,0,18,0,0,2,0,1,7,1,1,6,2,54,8,1248,1,4,-1,1,-1
201543P121015,1,9,0,9,0,6,0,0,3,0,3,1,6,1,50,8,1599,1,7,-1,-1,-1
201543P121015,2,9,0,17,0,8,0,0,0,0,1,1,6,2,23,5,-1,-1,-1,-1,-1,-1
201543P121045,1,9,0,9,0,4,0,0,0,0,1,1,6,2,35,6,-1,-1,-1,-1,-1,-1
201543P121045,2,1,0,18,0,8,0,0,0,0,4,1,6,2,22,5,-1,-1,-1,-1,1,-1
201543P121075,1,9,0,18,0,1,0,0,0,0,1,1,6,1,37,7,2148,2,13,-1,1,-1
201543P121075,2,9,0,18,0,1,0,0,0,0,1,1,6,1,37,7,1968,2,1,-1,1,-1
201543P121075,3,9,0,10,0,1,0,0,0,0,0,1,6,3,-1,-1,-1,-1,-1,-1,-1,-1
201543P121095,1,9,0,12,0,0,0,0,0,0,3,1,6,2,48,8,1198,1,-1,-1,2,-1
201543P121095,2,3,0,14,0,0,0,0,0,0,4,1,2,1,23,5,124,1,3,-1,1,-1
201543P121105,1,9,0,17,0,0,0,0,1,9,4,1,6,1,18,4,1149,1,13,-1,3,-1
201543P122015,1,21,0,4,0,0,0,0,0,0,1,1,1,1,23,5,8970,2,9,-1,1,-1
201543P122015,2,21,4,3,0,0,0,0,0,0,2,1,1,1,38,7,12740,2,5,-1,1,-1
201543P122065,1,21,1,18,0,0,1,0,0,0,1,1,1,1,64,9,11120,2,-1,-1,1,-1
201543P122065,2,9,0,4,0,0,0,0,0,0,2,1,6,1,45,7,1896,2,11,-1,2,-1
201543P122065,3,9,0,3,0,0,0,0,0,0,2,1,6,3,-1,-1,-1,-1,-1,-1,-1,-1
201543P122085,1,9,0,9,0,5,0,0,0,0,1,1,6,2,36,7,1596,1,9,-1,1,-1
201543P122085,2,1,0,18,0,1,0,0,0,0,1,1,2,1,29,6,-1,-1,-1,-1,2,-1
201543P122115,1,9,0,13,0,1,0,0,0,0,3,1,6,1,52,8,1871,2,13,-1,2,-1
201543P122115,2,19,0,9,0,5,0,0,0,0,4,1,1,1,45,7,-1,-1,-1,-1,1,-1
201543P122125,1,9,0,18,0,0,2,0,1,0,4,1,6,2,47,8,1396,1,13,-1,1,-1
201543P123015,1,10,0,9,0,5,1,0,0,0,1,1,1,1,34,6,-1,-1,-1,-1,3,-1
201543P123015,2,9,0,18,0,8,1,0,0,0,1,1,6,2,22,5,-1,-1,-1,-1,3,-1
201543P123055,1,8,0,2,0,0,0,0,0,0,4,1,1,1,28,6,1497,8,7,-1,1,-1
201543P123055,2,1,0,15,0,0,0,8,0,0,1,1,2,2,29,6,-1,-1,-1,-1,1,-1
201543P123075,1,8,0,18,0,4,0,0,0,0,4,1,1,1,60,9,2664,2,14,-1,1,-1
201543P123075,2,1,0,18,0,8,0,0,0,0,2,1,2,1,38,7,-1,-1,-1,-1,1,-1
201543P123095,1,3,0,16,0,3,1,0,4,0,3,1,6,1,18,4,125,1,-1,-1,2,-1
201543P123115,1,9,0,18,0,1,0,0,0,0,4,1,6,3,-1,-1,-1,-1,-1,-1,-1,-1
201543P123125,1,9,0,18,0,0,0,0,7,9,3,1,2,1,39,7,2996,1,10,-1,3,-1
201543P123125,2,9,0,18,0,0,0,0,0,0,4,1,2,2,38,7,1686,2,11,-1,1,-1
201543P123125,3,11,0,18,0,0,0,0,7,9,3,1,1,1,20,4,4250,2,5,-1,1,-1
201543P124015,1,9,0,9,0,6,0,0,0,0,1,1,6,2,58,9,-1,-1,-1,-1,-1,-1
201543P124015,2,1,0,18,0,8,0,0,0,0,3,1,6,2,26,6,-1,-1,-1,-1,2,-1
201543P124035,1,9,0,9,0,8,0,0,0,0,1,1,2,2,47,8,1527,2,20,-1,1,-1
201543P124035,2,1,0,18,2,1,0,0,0,0,1,1,2,1,48,8,-1,-1,-1,-1,1,-1
201543P124045,1,9,0,5,0,4,0,0,0,0,1,1,6,1,30,6,2987,2,5,-1,-1,-1
201543P124045,2,4,0,18,0,8,0,0,0,0,4,1,6,1,18,4,124,1,-1,-1,1,-1
201543P124065,1,9,0,9,0,6,0,0,0,0,1,1,1,1,28,6,1999,1,8,-1,3,-1
201543P124065,2,98,0,18,0,8,0,0,0,0,1,1,1,1,32,6,-1,-1,-1,-1,2,-1
201543P124105,1,9,0,4,0,0,1,0,0,0,1,1,6,2,30,6,1995,2,-1,-1,1,-1
201543P124105,2,9,0,4,0,0,0,0,0,0,2,1,6,2,34,6,999,1,2,-1,1,-1
201543P124105,3,9,0,4,0,0,0,0,0,0,2,1,6,1,80,11,1598,2,5,-1,1,-1
201543P124105,4,9,0,4,0,0,0,0,0,0,2,1,6,2,40,7,1598,1,11,-1,3,-1
201543P124115,1,9,0,17,0,2,1,0,1,0,4,1,6,2,23,5,1388,1,11,-1,3,-1
201543P125015,1,9,0,3,0,1,0,0,0,0,2,1,6,1,28,6,899,1,1,-1,2,-1
201543P125015,2,9,0,18,0,1,0,0,0,0,1,1,6,1,24,5,1997,2,7,-1,3,-1
201543P125065,1,9,0,17,0,8,1,0,1,2,3,1,6,2,19,4,1339,1,13,-1,3,-1
201543P125075,1,21,1,18,0,0,0,0,0,0,1,1,1,1,45,7,10837,2,3,-1,1,-1
201543P125075,2,9,0,18,0,0,0,0,1,10,2,1,6,2,73,10,1386,1,4,-1,3,-1
201543P125075,3,9,0,18,0,0,0,0,0,0,2,1,6,2,53,8,1968,2,4,-1,1,-1
201543P125075,4,9,0,18,0,0,0,0,0,0,2,1,6,1,42,7,1598,1,8,-1,2,-1
201543P125075,5,9,0,18,0,0,0,0,0,0,4,1,6,2,72,10,1397,1,6,-1,1,-1
201543P125085,1,9,0,9,0,5,0,0,0,0,1,1,6,1,52,8,1997,2,-1,-1,1,-1
201543P125085,2,1,0,18,4,1,0,0,0,0,4,1,6,1,38,7,-1,-1,-1,-1,-1,-1
201543P125095,1,20,0,18,0,1,0,0,0,0,4,1,6,3,-1,-1,-1,-1,-1,-1,-1,-1
201543P125105,1,5,0,14,0,1,0,0,0,0,1,1,6,1,21,5,645,1,1,-1,2,-1
201543P125105,2,9,0,9,0,6,0,0,0,0,3,1,6,2,43,7,1596,1,6,-1,1,-1
201543P125105,3,9,0,3,0,1,0,0,0,0,3,1,6,2,36,7,1896,2,9,-1,-1,-1
201543P125115,1,19,0,7,2,5,0,0,0,0,4,1,6,1,45,7,-1,-1,-1,-1,-1,-1
201543P125115,2,1,0,18,2,8,0,0,0,0,3,1,2,1,50,8,-1,-1,-1,-1,1,-1
201543P126015,1,19,0,18,0,7,0,0,0,0,1,1,1,1,60,9,-1,-1,-1,-1,1,-1
201543P126015,2,9,0,3,0,7,0,0,0,0,2,1,6,1,38,7,1984,1,4,-1,1,-1
201543P126025,1,9,0,12,0,0,0,0,0,0,3,1,1,1,56,9,2698,2,6,-1,3,-1
201543P126025,2,9,0,16,0,0,0,0,4,6,1,1,1,2,38,7,2179,2,1,-1,2,-1
201543P126065,1,9,0,16,0,0,2,0,0,0,1,1,6,1,26,6,2861,1,21,-1,1,-1
201543P126085,1,9,0,18,0,0,1,0,1,11,1,1,6,2,49,8,2497,1,4,-1,1,-1
201543P126115,1,21,1,7,0,5,0,0,0,0,4,1,1,1,45,7,11967,2,7,-1,1,-1
201543P126115,2,1,0,3,5,1,0,0,0,0,1,1,6,2,24,5,-1,-1,-1,-1,1,-1
201543P127015,1,9,0,18,0,0,0,0,0,0,3,1,6,1,55,8,-1,-1,-1,-1,1,-1
201543P127015,2,9,0,18,0,0,0,0,0,0,1,1,6,1,68,10,1422,2,7,-1,3,-1
201543P127075,1,9,0,13,0,0,5,0,7,11,1,1,6,1,18,4,1389,1,18,-1,2,-1
201543P127085,1,9,0,17,0,0,0,0,7,0,3,1,6,2,62,9,1248,2,2,-1,1,-1
201543P127085,2,9,0,16,0,0,0,0,0,0,1,1,6,1,69,10,1796,1,18,-1,1,-1
201543P127085,3,9,0,16,0,0,0,0,0,0,3,1,6,1,51,8,1598,1,10,-1,1,-1
201543P127125,1,9,0,2,0,1,0,0,0,0,0,1,6,2,-1,-1,998,1,18,-1,-1,-1
201543P127125,2,1,0,15,0,1,0,0,0,0,0,1,6,2,27,6,-1,-1,-1,-1,1,-1
201543P128055,1,9,0,18,0,6,2,0,3,0,4,1,6,1,75,10,1560,2,2,-1,1,-1
201543P128105,1,98,5,18,0,0,0,0,0,0,4,1,1,1,55,8,-1,-1,-1,-1,3,-1
201543P128105,2,9,0,18,0,0,0,0,0,0,3,1,2,2,26,6,1388,1,5,-1,1,-1
201543P128105,3,9,0,18,0,0,0,0,0,0,4,1,6,2,44,7,1968,2,1,-1,2,-1
201543P129015,1,19,0,1,0,0,0,0,0,0,2,1,1,1,42,7,-1,-1,-1,-1,1,-1
201543P129015,2,9,0,3,0,0,0,0,0,0,1,1,6,2,50,8,1747,1,16,-1,1,-1
201543P129025,1,5,0,18,0,1,1,0,0,0,0,1,6,1,49,8,656,1,9,-1,-1,-1
201543P129025,2,9,0,9,0,8,0,0,0,0,4,1,6,1,33,6,1799,1,7,-1,1,-1
201543P129035,1,9,0,18,0,1,1,0,0,0,1,1,6,1,19,4,-1,-1,-1,-1,-1,-1
201543P129035,2,9,0,9,0,5,0,0,0,0,4,1,6,1,24,5,-1,-1,-1,-1,1,-1
201543P129125,1,9,0,18,0,0,5,0,7,4,1,1,6,1,23,5,2000,2,11,-1,1,-1
201543P130045,1,9,0,9,0,5,0,0,0,0,3,1,1,1,31,6,1587,1,7,-1,1,-1
201543P130045,2,9,0,10,0,1,0,0,0,0,0,1,6,3,-1,-1,-1,-1,-1,-1,-1,-1
201543P130065,1,5,0,16,0,0,1,0,7,0,3,1,6,1,67,10,1171,1,12,-1,2,-1
201543P130085,1,9,0,9,0,5,0,0,0,0,1,1,6,1,-1,-1,2967,1,11,-1,-1,-1
201543P130085,2,1,0,9,0,8,0,0,0,0,1,1,6,2,36,7,-1,-1,-1,-1,1,-1
201543P130095,1,9,0,18,0,0,5,0,1,4,1,1,6,1,20,4,1390,1,10,-1,2,-1
201543P130125,1,9,0,9,0,5,0,0,0,0,4,1,6,1,23,5,1399,2,12,-1,1,-1
201543P130125,2,9,0,18,0,1,0,0,1,0,1,1,6,2,47,8,1998,1,12,-1,3,-1
201543P131015,1,9,0,18,0,0,1,0,7,4,1,1,6,1,36,7,-1,-1,-1,-1,2,-1
201543P131045,1,2,0,17,0,0,0,0,1,7,1,1,6,1,23,5,125,1,-1,-1,3,-1
201543P131055,1,9,0,5,0,6,0,0,0,0,3,1,1,1,71,10,2987,2,9,-1,1,-1
201543P131055,2,9,0,18,0,8,0,0,0,0,1,1,2,1,19,4,1149,1,13,-1,3,-1
201543P131085,1,9,0,18,0,4,0,0,0,0,3,1,6,1,20,4,1989,1,15,-1,-1,-1
201543P131085,2,9,0,18,0,3,0,0,0,0,1,1,2,1,51,8,-1,-1,-1,-1,1,-1
201543P131115,1,9,0,7,0,6,0,0,0,0,2,1,6,1,34,6,-1,-1,-1,-1,1,-1
201543P131115,2,1,0,7,0,6,0,0,0,0,1,1,6,1,69,10,-1,-1,-1,-1,1,-1
201543P131125,1,1,0,18,5,0,0,0,0,0,1,1,2,1,30,6,-1,-1,-1,-1,-1,-1
201543P132015,1,5,0,17,0,0,1,0,0,0,4,1,6,1,38,7,-1,-1,-1,-1,1,-1
201543P132065,1,9,0,5,0,2,0,0,0,0,1,1,1,1,55,8,1995,1,9,-1,1,-1
201543P132065,2,9,0,4,0,8,0,0,0,0,2,1,1,2,37,7,1997,2,6,-1,-1,-1
201543P132065,3,90,0,18,0,1,0,0,0,0,0,1,1,3,-1,-1,-1,-1,-1,-1,-1,-1
201543P132085,1,9,0,18,0,4,0,0,0,0,3,1,6,1,30,6,-1,-1,-1,-1,-1,-1
201543P132085,2,1,0,17,0,8,0,0,0,0,1,1,6,2,25,5,-1,-1,-1,-1,1,-1
201543P132105,1,9,0,4,0,1,0,0,0,0,1,1,6,1,-1,-1,1896,2,13,-1,2,-1
201543P132105,2,1,0,4,0,1,0,0,0,0,2,1,6,2,-1,-1,-1,-1,-1,-1,-1,-1