Accident_Index,Vehicle_Reference,Vehicle_Type,Towing_and_Articulation,Vehicle_Manoeuvre,Vehicle_Location-Restricted_Lane,Junction_Location,Skidding_and_Overturning,Hit_Object_in_Carriageway,Vehicle_Leaving_Carriageway,Hit_Object_off_Carriageway,1st_Point_of_Impact,Was_Vehicle_Left_Hand_Drive?,Journey_Purpose_of_Driver,Sex_of_Driver,Age_of_Driver,Age_Band_of_Driver,Engine_Capacity_(CC),Propulsion_Code,Age_of_Vehicle,Driver_IMD_Decile,Driver_Home_Area_Type,Vehicle_IMD_Decile
201543P221045,1,9,0,7,0,4,0,0,0,0,1,1,2,2,22,5,1686,2,2,-1,1,-1
201543P221045,2,1,0,9,0,8,0,0,0,0,2,1,2,1,49,8,-1,-1,-1,-1,1,-1
201543P221055,1,9,0,17,0,0,5,0,1,9,1,1,6,1,33,6,1299,1,14,-1,1,-1
201543P221075,1,19,0,18,0,1,0,0,0,0,1,1,2,1,50,8,1995,2,2,-1,1,-1
201543P221075,2,9,0,10,0,1,0,0,0,0,2,1,6,2,42,7,1896,2,11,-1,1,-1
201543P221075,3,9,0,10,0,1,0,0,0,0,2,1,6,2,35,6,1998,1,11,-1,2,-1
201543P221085,1,9,0,17,0,0,1,0,7,9,1,1,2,2,29,6,1461,2,10,-1,1,-1
201543P221115,1,9,0,18,0,0,0,0,0,0,1,1,6,1,25,5,1997,2,13,-1,-1,-1
201543P221115,2,9,0,18,0,0,0,0,0,0,1,1,2,1,51,8,2000,2,8,-1,1,-1
201543P222025,1,9,0,9,0,5,0,0,0,0,4,1,6,3,-1,-1,-1,-1,-1,-1,-1,-1
201543P222025,2,1,0,18,0,8,0,0,0,0,1,1,6,2,21,5,-1,-1,-1,-1,1,-1
201543P222085,1,9,0,18,0,1,0,0,1,10,1,1,6,1,28,6,1799,1,7,-1,1,-1
201543P222085,2,17,4,9,0,6,0,0,0,0,2,1,1,1,62,9,-1,2,13,-1,1,-1
201543P222105,1,3,0,4,0,1,1,0,0,0,1,1,1,1,19,4,-1,-1,-1,-1,1,-1
201543P222105,2,9,0,3,0,1,0,0,0,0,2,1,6,2,53,8,1461,2,3,-1,1,-1
201543P222115,1,9,0,18,0,0,0,0,0,0,1,1,6,1,27,6,1390,1,9,-1,-1,-1
201543P222115,2,9,0,18,0,0,0,0,0,0,1,1,6,2,78,11,2495,2,10,-1,-1,-1
201543P223015,1,8,0,9,0,8,0,0,0,0,1,1,6,1,53,8,1497,8,7,-1,-1,-1
201543P223015,2,1,0,18,0,8,0,0,0,0,1,1,1,1,51,8,-1,-1,-1,-1,1,-1
201543P223025,1,21,1,18,0,4,0,0,0,0,3,1,6,1,40,7,-1,-1,-1,-1,-1,-1
201543P223025,2,9,0,18,0,4,0,0,0,0,2,1,6,1,30,6,1998,2,8,-1,1,-1
201543P223065,1,21,0,4,0,1,0,0,0,0,1,1,1,1,45,7,12913,2,1,-1,3,-1
201543P223065,2,9,0,3,0,1,0,0,0,0,2,1,6,1,31,6,-1,-1,-1,-1,-1,-1
201543P223065,3,9,0,3,0,1,0,0,0,0,2,1,6,1,50,8,-1,-1,-1,-1,1,-1
201543P223065,4,9,0,3,0,1,0,0,0,0,2,1,6,1,19,4,1390,1,16,-1,1,-1
201543P223085,1,9,0,18,0,0,0,0,0,0,1,1,6,2,40,7,1598,1,12,-1,1,-1
201543P223085,2,9,0,4,0,0,0,0,0,0,2,1,6,2,57,9,1781,1,17,-1,3,-1
201543P223095,1,9,0,9,2,5,0,0,0,0,4,1,1,2,25,5,1586,1,2,-1,2,-1
201543P223095,2,1,0,18,2,8,0,0,0,0,1,1,2,2,44,7,-1,-1,-1,-1,1,-1
201543P223115,1,9,0,18,0,0,0,0,0,0,0,1,6,1,-1,-1,-1,-1,-1,-1,-1,-1
201543P223115,2,9,0,12,0,0,0,0,0,0,2,1,2,1,-1,-1,1995,2,-1,-1,-1,-1
201543P223115,3,9,0,12,0,0,0,0,0,0,1,1,2,1,43,7,1998,2,10,-1,1,-1
201543P224015,1,9,0,18,0,8,0,0,0,0,1,1,6,1,-1,-1,1870,2,8,-1,-1,-1
201543P224015,2,9,0,4,0,8,0,0,0,0,2,1,2,2,22,5,-1,-1,-1,-1,1,-1
201543P224035,1,9,0,18,0,0,0,0,0,0,1,1,1,1,-1,-1,1598,1,12,-1,1,-1
201543P224035,2,9,0,3,0,0,0,0,0,0,2,1,6,2,29,6,-1,-1,-1,-1,1,-1
201543P224035,3,9,0,3,0,0,0,0,0,0,2,1,6,1,-1,-1,-1,-1,-1,-1,1,-1
201543P224045,1,1,0,18,0,1,0,0,0,0,0,1,2,2,59,9,-1,-1,-1,-1,1,-1
201543P224045,2,9,0,7,0,5,0,0,0,0,0,1,1,2,37,7,-1,-1,-1,-1,1,-1
201543P224075,1,9,0,2,0,0,0,0,0,0,3,1,6,3,-1,-1,-1,-1,-1,-1,-1,-1
201543P224075,2,1,0,18,0,0,0,8,0,0,1,1,2,1,52,8,-1,-1,-1,-1,1,-1
201543P224085,1,19,0,9,0,5,0,0,0,0,3,1,6,1,53,8,-1,-1,-1,-1,1,-1
201543P224085,2,1,0,18,0,1,0,0,0,0,4,1,6,1,25,5,-1,-1,-1,-1,-1,-1
201543P225015,1,9,0,18,0,0,0,0,7,4,1,1,6,1,74,10,2987,2,3,-1,1,-1
201543P225035,1,21,1,12,0,0,0,0,0,0,3,1,1,3,-1,-1,-1,-1,-1,-1,-1,-1
201543P225035,2,9,0,18,0,0,0,0,0,0,4,1,6,2,34,6,2179,2,-1,-1,1,-1
201543P225045,1,9,0,9,0,6,0,0,0,0,3,1,6,2,35,6,1595,1,14,-1,1,-1
201543P225045,2,9,0,18,0,8,0,0,0,0,1,1,6,1,21,5,1364,1,12,-1,1,-1
201543P225095,1,19,0,17,0,0,1,0,1,0,1,1,1,1,43,7,-1,-1,-1,-1,2,-1
201543P225095,2,9,0,4,0,0,0,0,0,0,1,1,6,2,60,9,-1,-1,-1,-1,-1,-1
201543P225105,1,9,0,18,0,0,0,0,1,4,1,1,6,1,25,5,1956,2,4,-1,1,-1
201543P225105,2,9,0,18,0,0,0,0,0,0,3,1,6,2,43,7,1198,1,10,-1,2,-1
201543P225125,1,1,0,18,0,4,0,0,0,0,1,1,6,1,62,9,-1,-1,-1,-1,1,-1
201543P225125,2,9,0,7,0,3,0,0,0,0,4,1,6,1,33,6,1598,2,2,-1,1,-1
201543P226105,1,9,0,18,0,2,0,0,0,0,0,1,6,1,45,7,1991,1,16,-1,-1,-1
201543P226105,2,4,0,13,0,2,0,7,0,0,1,1,6,1,49,8,278,1,2,-1,1,-1
201543P226115,1,9,0,9,0,5,0,0,0,0,0,1,2,1,32,6,1896,2,13,-1,1,-1
201543P226115,2,1,0,18,2,8,1,0,0,0,0,1,6,2,32,6,-1,-1,-1,-1,3,-1
201543P227035,1,5,0,18,0,1,0,0,0,0,1,1,6,1,31,6,-1,-1,-1,-1,2,-1
201543P227035,2,9,0,9,0,5,0,0,0,0,3,1,6,1,61,9,1395,1,-1,-1,1,-1
201543P227045,1,9,0,9,0,5,0,0,7,0,3,1,1,2,55,8,1994,2,6,-1,3,-1
201543P227045,2,1,0,14,0,8,0,0,0,0,1,1,2,1,51,8,-1,-1,-1,-1,2,-1
201543P227055,1,9,0,7,0,5,0,0,0,0,1,1,6,1,24,5,1781,1,18,-1,2,-1
201543P227115,1,9,0,16,0,0,0,0,7,0,3,1,6,1,75,10,1390,1,9,-1,3,-1
201543P227115,2,9,0,17,0,0,0,0,7,0,3,1,2,1,45,7,1595,1,13,-1,1,-1
201543P227115,3,19,0,17,0,0,0,0,1,0,1,1,6,1,27,6,1868,2,13,-1,-1,-1
201543P228015,1,9,0,5,0,2,0,7,0,1,1,1,6,1,75,10,-1,-1,-1,-1,1,-1
201543P228045,1,9,0,18,0,8,1,0,0,0,1,1,6,3,-1,-1,-1,-1,-1,-1,-1,-1
201543P228045,2,2,0,9,0,6,0,0,0,0,3,1,6,1,19,4,49,1,9,-1,1,-1
201543P228045,3,9,0,10,0,1,0,0,0,0,1,1,6,1,64,9,-1,-1,-1,-1,1,-1
201543P228055,1,9,0,18,0,0,0,0,1,0,1,1,6,2,73,10,1461,2,1,-1,3,-1
201543P228055,2,19,0,2,0,0,0,0,0,0,2,1,1,1,61,9,2151,2,11,-1,-1,-1
201543P228065,1,19,0,18,0,0,1,0,0,0,1,1,6,1,76,11,-1,-1,-1,-1,2,-1
201543P228065,2,9,0,3,0,0,0,0,0,0,2,1,6,1,30,6,1896,2,13,-1,1,-1
201543P228065,3,9,0,3,0,0,0,0,0,0,2,1,6,1,59,9,1388,1,12,-1,1,-1
201543P228115,1,9,0,18,0,1,0,0,0,0,1,1,2,2,32,6,1598,2,2,-1,1,-1
201543P228115,2,9,0,18,0,1,0,0,0,0,2,1,2,1,46,8,1461,2,2,-1,2,-1
201543P228125,1,9,0,18,0,0,1,0,0,0,1,1,6,1,36,7,2720,2,10,-1,3,-1
201543P228125,2,9,0,18,0,0,0,0,0,0,1,1,6,2,26,6,1497,8,-1,-1,1,-1
201543P228125,3,9,0,3,0,0,0,0,0,0,2,1,6,1,39,7,1968,2,-1,-1,-1,-1
201543P229015,1,9,0,16,0,2,1,0,7,9,1,1,6,2,71,10,-1,-1,-1,-1,3,-1
201543P229035,1,19,0,9,0,5,0,0,0,0,4,1,1,1,37,7,2143,2,1,-1,1,-1
201543P229035,2,9,0,18,0,1,0,0,0,0,1,1,2,2,50,8,1995,2,1,-1,-1,-1
201543P229035,3,9,0,10,0,1,0,0,0,0,3,1,6,2,67,10,1968,2,1,-1,3,-1
201543P229035,4,9,0,18,0,1,0,0,0,0,1,1,6,1,38,7,1598,1,9,-1,1,-1
201543P229045,1,21,0,12,8,0,0,0,0,0,3,2,1,3,-1,-1,-1,-1,-1,-1,-1,-1
201543P229045,2,9,0,18,0,0,0,0,0,0,1,1,1,1,52,8,-1,-1,-1,-1,-1,-1
201543P229075,1,9,0,17,0,7,0,0,3,4,1,1,6,1,60,9,-1,-1,-1,-1,1,-1
201543P230015,1,9,0,18,0,0,1,0,0,0,1,1,6,1,26,6,1587,1,12,-1,1,-1
201543P230015,2,9,0,18,0,0,0,0,0,0,1,1,6,2,58,9,1388,1,6,-1,1,-1
201543P230025,1,9,0,17,0,0,0,0,8,4,1,1,6,1,21,5,1598,1,12,-1,3,-1
201543P230075,1,9,0,17,0,0,0,0,0,0,3,1,6,2,19,4,796,1,15,-1,2,-1
201543P230075,2,19,0,16,0,0,0,0,0,0,3,1,6,1,36,7,-1,-1,-1,-1,3,-1
201543P230075,3,9,0,16,0,0,0,0,0,0,1,1,6,2,24,5,1390,1,-1,-1,2,-1
201543P230095,1,9,0,2,0,0,0,0,0,0,2,1,6,2,44,7,1595,1,15,-1,1,-1
201543P230095,2,9,0,2,0,0,0,0,0,0,2,1,6,2,24,5,1242,1,15,-1,1,-1
201543P230095,3,9,0,18,0,0,0,4,0,0,1,1,6,2,52,8,1398,1,2,-1,2,-1
201543P231015,1,19,0,4,0,0,0,0,0,0,1,1,2,1,54,8,-1,-1,-1,-1,1,-1
201543P231015,2,8,0,4,0,0,0,0,0,0,2,1,1,1,35,6,1910,2,7,-1,1,-1
201543P231015,3,8,0,4,0,0,0,0,0,0,2,1,1,1,29,6,1956,2,6,-1,1,-1
201543P231075,1,9,0,7,0,5,0,0,0,0,4,1,6,2,-1,-1,-1,-1,-1,-1,-1,-1
201543P231075,2,1,0,18,4,1,0,0,0,0,1,1,6,1,15,3,-1,-1,-1,-1,2,-1
201543P231085,1,9,0,18,0,0,2,0,1,0,4,1,6,1,19,4,1199,1,11,-1,1,-1
201543P231095,1,9,0,18,0,6,0,0,0,0,4,1,2,1,50,8,1497,8,7,-1,1,-1
201543P231095,2,1,0,18,0,8,0,0,0,0,1,1,2,1,26,6,-1,-1,-1,-1,-1,-1
201543P231105,1,9,0,14,0,0,0,8,0,0,4,1,6,3,-1,-1,-1,-1,-1,-1,-1,-1
201543P231105,2,9,0,2,0,0,0,0,0,0,4,1,6,1,32,6,1794,1,11,-1,2,-1
201543P231125,1,9,0,9,0,5,0,0,0,0,1,1,6,2,55,8,1299,1,11,-1,2,-1
201543P231125,2,1,0,18,0,8,0,0,0,0,4,1,6,1,15,3,-1,-1,-1,-1,1,-1
201543P232015,1,9,0,16,0,0,2,0,2,4,4,1,2,2,40,7,-1,-1,-1,-1,2,-1
201543P232025,1,5,0,17,0,0,1,0,7,0,3,1,6,1,-1,-1,598,1,21,-1,3,-1
201543P232025,2,9,0,16,0,0,0,0,7,0,4,1,2,2,59,9,-1,-1,-1,-1,3,-1
201543P232035,1,9,0,9,0,6,0,0,0,0,1,1,2,2,25,5,998,1,1,-1,1,-1
201543P232035,2,3,0,14,0,8,1,0,0,0,1,1,6,1,44,7,125,1,7,-1,1,-1
201543P232125,1,9,0,9,0,5,0,0,0,0,1,1,6,2,22,5,1598,1,12,-1,1,-1
201543P233015,1,9,0,17,0,8,0,0,0,0,3,1,6,2,43,7,1753,2,6,-1,3,-1
201543P233015,2,9,0,16,0,8,0,0,0,0,3,1,6,1,29,6,1596,1,9,-1,1,-1
201543P233035,1,9,0,18,0,0,5,0,7,4,1,1,6,2,28,6,1596,1,12,-1,1,-1
201543P233055,1,19,0,18,0,0,0,0,0,0,1,1,1,1,25,5,-1,-1,-1,-1,-1,-1
201543P233055,2,9,0,18,0,0,0,0,0,0,2,1,6,1,20,4,1390,1,16,-1,1,-1
201543P233075,1,8,0,6,0,1,0,0,0,0,3,1,6,1,-1,-1,1797,8,6,-1,-1,-1
201543P233075,2,1,0,18,0,2,0,0,0,0,1,1,6,1,31,6,-1,-1,-1,-1,1,-1
201543P234055,1,5,0,9,0,8,0,0,0,0,1,1,6,1,24,5,599,1,10,-1,3,-1
201543P234095,1,9,0,4,0,0,1,0,0,0,1,1,1,1,34,6,2993,2,8,-1,1,-1
201543P234095,2,9,0,3,0,0,0,0,0,0,2,1,1,1,30,6,1461,2,-1,-1,1,-1
201543P234095,3,9,0,3,0,0,0,0,0,0,2,1,1,1,33,6,1598,2,4,-1,1,-1
201543P235045,1,9,0,2,0,0,0,0,0,0,4,1,6,2,41,7,1242,1,3,-1,2,-1
201543P235045,2,1,0,18,9,0,0,8,0,0,1,1,6,2,23,5,-1,-1,-1,-1,-1,-1
201543P235065,1,9,0,9,0,5,0,0,0,0,1,1,6,2,38,7,1461,2,5,-1,1,-1
201543P235065,2,9,0,18,0,8,1,0,0,0,1,1,6,1,60,9,1590,1,12,-1,3,-1
201543P235075,1,98,0,9,0,2,0,0,0,0,3,1,1,1,-1,-1,1753,2,7,-1,2,-1
201543P235075,2,1,0,18,0,2,0,4,0,0,3,1,6,1,20,4,-1,-1,-1,-1,1,-1
201543P235075,3,9,0,2,0,2,0,0,0,0,3,1,6,3,-1,-1,-1,-1,-1,-1,-1,-1
201543P235115,1,9,0,4,0,0,1,0,0,0,1,1,1,1,29,6,-1,-1,-1,-1,3,-1
201543P235115,2,9,0,3,0,0,0,0,0,0,2,1,1,1,45,7,2402,2,4,-1,-1,-1
201543P235115,3,9,0,3,0,0,0,0,0,0,2,1,6,1,37,7,-1,-1,-1,-1,-1,-1
201543P235115,4,9,0,3,0,0,0,0,0,0,2,1,6,1,37,7,-1,-1,-1,-1,-1,-1
201543P235115,5,9,0,3,0,0,0,0,0,0,2,1,6,3,-1,-1,-1,-1,-1,-1,-1,-1
201543P235125,1,9,0,18,0,0,0,0,0,0,1,1,6,1,27,6,1360,1,8,-1,1,-1
201543P235125,2,9,0,4,0,0,0,0,0,0,2,1,6,1,17,4,1390,1,14,-1,1,-1
201543P235125,3,9,0,4,0,0,0,0,0,0,2,1,6,1,46,8,1796,1,8,-1,1,-1
201543P236065,1,9,0,9,0,6,0,0,0,0,1,1,6,1,35,6,2143,2,1,-1,-1,-1
201543P236065,2,5,0,18,0,1,0,0,0,0,4,1,2,1,28,6,649,1,3,-1,1,-1
201543P236085,1,9,0,18,0,0,1,0,0,0,1,1,6,1,22,5,-1,-1,-1,-1,3,-1
201543P236085,2,9,0,4,0,0,0,0,0,0,2,1,6,2,63,9,1968,2,3,-1,1,-1
201543P236095,1,9,0,17,0,0,5,10,1,3,1,1,6,2,66,10,1997,2,4,-1,3,-1
201543P236115,1,9,0,7,2,5,0,0,0,0,4,1,2,2,-1,-1,-1,-1,-1,-1,-1,-1
201543P236115,2,1,0,18,4,8,0,0,0,0,3,1,2,2,26,6,-1,-1,-1,-1,1,-1
201543P236125,1,9,0,18,0,1,1,0,0,0,1,1,6,2,23,5,1149,1,10,-1,1,-1
201543P236125,2,19,0,3,0,1,0,0,0,0,2,1,1,2,45,7,1598,2,-1,-1,1,-1
201543P236125,3,9,0,7,0,5,0,0,0,0,2,1,6,2,46,8,1598,2,1,-1,3,-1
201543P237015,1,9,0,9,0,2,0,0,0,0,1,1,6,2,18,4,-1,-1,-1,-1,3,-1
201543P237015,2,19,0,18,0,1,0,0,0,0,1,1,6,1,36,7,2198,2,8,-1,1,-1
201543P237055,1,9,0,1,0,1,0,0,0,0,2,1,6,2,-1,-1,1968,2,2,-1,3,-1
201543P238035,1,1,0,15,0,1,0,0,0,0,3,1,6,2,-1,-1,-1,-1,-1,-1,-1,-1
201543P238035,2,9,0,3,0,1,0,0,0,0,4,1,6,2,26,6,1596,1,10,-1,2,-1
201543P238115,1,9,0,18,0,2,0,0,0,0,1,1,6,2,30,6,-1,-1,-1,-1,-1,-1
201543P238115,2,9,0,4,0,2,0,0,0,0,2,1,2,2,23,5,1388,1,11,-1,1,-1
201543P239035,1,1,0,18,0,0,0,0,0,0,1,1,6,1,-1,-1,-1,-1,-1,-1,-1,-1
201543P239035,2,9,0,3,0,0,0,0,0,0,2,1,2,2,29,6,1769,1,11,-1,2,-1
201543P239095,1,9,0,18,0,8,0,0,0,0,3,1,1,1,24,5,1390,1,3,-1,1,-1
201543P239095,2,9,0,18,0,8,0,0,0,0,1,1,6,1,92,11,1910,2,7,-1,3,-1
201543P239105,1,9,0,9,0,6,0,0,0,0,3,1,6,2,66,10,1900,2,10,-1,1,-1
201543P239105,2,3,0,18,0,1,1,0,0,0,1,1,6,1,17,4,124,1,14,-1,2,-1
201543P240025,1,20,0,16,0,0,0,0,0,0,3,1,6,1,84,11,-1,-1,-1,-1,2,-1
201543P240025,2,9,0,17,0,0,0,0,0,0,3,1,6,1,42,7,-1,-1,-1,-1,3,-1
201543P240035,1,9,0,12,0,3,0,0,0,0,3,1,6,3,-1,-1,-1,-1,-1,-1,-1,-1
201543P240035,2,3,0,7,0,3,0,0,0,0,4,1,2,1,33,6,125,1,1,-1,1,-1
201543P241075,1,9,0,18,0,4,0,0,0,0,1,1,6,2,72,10,1598,1,9,-1,1,-1
201543P241075,2,1,0,18,0,8,0,0,0,0,4,1,6,1,42,7,-1,-1,-1,-1,1,-1
201543P241115,1,9,0,16,0,0,5,0,7,9,3,1,1,1,54,8,1998,1,12,-1,1,-1
201543P242115,1,9,0,9,0,6,0,0,0,0,1,1,6,2,30,6,1968,2,1,-1,1,-1
201543P242115,2,9,0,9,0,8,0,0,0,0,3,1,6,2,40,7,2231,2,9,-1,1,-1
201543P243035,1,5,0,16,0,0,1,0,0,0,4,1,6,2,36,7,1200,1,9,-1,1,-1
201543P243045,1,8,0,6,0,0,0,0,0,0,1,1,1,1,40,7,-1,-1,-1,-1,-1,-1
201543P243045,2,1,0,18,4,0,0,0,0,0,1,1,6,2,32,6,-1,-1,-1,-1,1,-1
201543P243075,1,8,0,1,0,6,0,0,0,0,2,1,1,1,-1,-1,2231,2,10,-1,-1,-1
201543P243075,2,1,0,18,0,1,0,0,0,0,3,1,6,1,43,7,-1,-1,-1,-1,1,-1
201543P243095,1,9,0,9,0,6,0,0,0,0,2,1,6,3,66,10,2993,2,1,-1,3,-1
201543P243095,2,9,0,18,0,8,0,0,0,0,1,1,3,3,51,8,2495,2,12,-1,1,-1
201543P243095,3,9,0,18,0,8,0,0,0,0,1,1,6,3,-1,-1,-1,-1,-1,-1,-1,-1
201543P243105,1,9,0,9,0,6,0,0,0,0,1,1,6,2,54,8,2231,2,2,-1,1,-1
201543P243105,2,3,0,18,0,1,0,0,0,0,4,1,2,1,19,4,124,1,-1,-1,3,-1
201543P243115,1,9,0,18,0,4,0,0,0,0,1,1,6,2,-1,-1,-1,-1,-1,-1,-1,-1
201543P243115,2,1,0,18,0,8,0,0,0,0,2,1,6,1,23,5,-1,-1,-1,-1,1,-1
201543P244015,1,9,0,9,0,5,0,0,0,0,1,1,1,2,56,9,996,1,5,-1,1,-1
201543P244015,2,9,0,18,0,8,0,0,0,0,1,1,6,2,45,7,1998,2,10,-1,-1,-1
201543P244025,1,9,0,9,0,6,0,0,0,0,1,1,2,2,54,8,1229,1,8,-1,3,-1
201543P244025,2,1,0,18,0,8,0,0,0,0,4,1,2,2,24,5,-1,-1,-1,-1,1,-1
201543P244035,1,20,0,18,0,0,0,0,1,11,1,1,1,1,30,6,4116,2,12,-1,1,-1
201543P244035,2,21,1,18,0,0,0,0,0,0,2,1,1,1,62,9,12740,2,2,-1,1,-1
201543P244095,1,3,0,18,0,8,1,0,0,0,4,1,6,1,20,4,125,1,-1,-1,1,-1
201543P245015,1,9,0,18,0,0,0,8,0,0,4,1,6,2,55,8,1198,1,5,-1,2,-1
201543P245015,2,9,0,2,0,0,0,0,0,0,3,1,6,1,45,7,1797,8,6,-1,2,-1
201543P245025,1,9,0,18,0,0,0,0,0,0,2,1,6,2,34,6,1098,1,48,-1,2,-1
201543P245025,2,9,0,18,0,0,0,0,0,0,1,1,6,1,40,7,-1,-1,-1,-1,-1,-1
201543P245025,3,9,0,18,0,0,0,0,0,0,1,1,6,2,26,6,-1,-1,-1,-1,3,-1
201543P245065,1,9,0,18,0,8,5,0,8,10,1,1,6,1,36,7,1896,2,11,-1,1,-1
201543P245085,1,1,0,18,0,2,0,4,0,0,1,1,6,1,30,6,-1,-1,-1,-1,1,-1
201543P245085,2,9,0,2,0,1,0,0,0,0,2,1,6,2,64,9,-1,-1,-1,-1,2,-1
201543P245095,1,9,0,13,0,0,2,0,7,4,4,1,6,1,22,5,1896,2,13,-1,3,-1
201543P245125,1,19,0,18,0,0,0,0,0,0,1,1,6,1,39,7,1896,2,13,-1,1,-1
201543P245125,2,9,0,18,0,0,1,0,0,0,1,1,1,1,44,7,1984,1,9,-1,2,-1
201543P246015,1,9,0,1,0,1,0,0,0,0,2,1,6,1,50,8,1968,2,6,-1,2,-1
201543P246015,2,11,0,2,0,1,0,0,0,0,0,1,1,3,-1,-1,-1,-1,-1,-1,-1,-1
201543P246075,1,9,0,7,0,5,0,0,0,0,1,1,6,1,87,11,1783,1,14,-1,3,-1
201543P246075,2,98,0,8,0,1,0,0,0,0,3,1,1,1,36,7,-1,-1,-1,-1,1,-1
201543P246085,1,21,1,17,0,0,1,0,0,0,4,1,1,1,33,6,10837,2,8,-1,3,-1
201543P246085,2,19,0,16,0,0,1,0,0,0,1,1,1,1,66,10,1686,2,6,-1,-1,-1
201543P246085,3,19,0,16,0,0,1,0,0,0,1,1,1,1,41,7,-1,-1,-1,-1,2,-1
201543P246095,1,21,0,7,0,8,0,0,0,0,4,1,1,1,43,7,9200,2,7,-1,1,-1
201543P246095,2,1,0,7,4,8,0,0,0,0,3,1,6,2,28,6,-1,-1,-1,-1,1,-1
201543P246105,1,97,0,4,0,0,1,0,0,0,0,1,6,1,18,4,124,1,4,-1,2,-1
201543P246125,1,9,0,18,0,0,0,0,0,0,1,1,2,2,44,7,3200,2,-1,-1,2,-1
201543P247025,1,20,1,18,0,0,0,0,0,0,1,1,1,1,22,5,-1,-1,-1,-1,3,-1
201543P247025,2,9,0,4,0,0,0,0,0,0,2,1,1,1,50,8,1560,2,3,-1,1,-1
201543P247025,3,19,0,4,0,0,0,0,0,0,2,1,1,1,42,7,2287,2,1,-1,1,-1
201543P247025,4,90,0,18,0,0,0,0,0,0,0,1,1,3,-1,-1,-1,-1,-1,-1,-1,-1
201543P247035,1,9,0,9,0,8,0,0,1,0,3,1,6,2,37,7,-1,-1,-1,-1,1,-1
201543P247035,2,3,0,7,0,8,0,0,1,0,1,1,1,1,18,4,124,1,1,-1,1,-1
201543P247105,1,9,0,18,0,1,0,0,0,0,1,1,1,1,25,5,1797,8,5,-1,1,-1
201543P247105,2,1,0,18,0,2,0,0,0,0,1,1,6,1,25,5,-1,-1,-1,-1,1,-1
201543P247125,1,9,0,9,0,8,0,0,0,0,1,1,6,2,59,9,1968,2,-1,-1,2,-1
201543P247125,2,1,0,18,0,1,0,0,0,0,1,1,6,1,72,10,-1,-1,-1,-1,2,-1
201543P248025,1,9,0,9,0,4,1,0,0,0,1,1,2,1,64,9,1997,1,10,-1,1,-1
201543P248025,2,1,0,9,0,8,0,0,0,0,2,1,2,2,43,7,-1,-1,-1,-1,2,-1
201543P248035,1,9,0,18,0,2,0,0,0,0,3,1,6,1,47,8,1498,1,1,-1,1,-1
201543P248085,1,9,0,18,0,4,0,0,0,0,1,1,2,1,55,8,1598,1,5,-1,1,-1
201543P248085,2,1,0,18,0,8,0,0,0,0,4,1,2,1,53,8,-1,-1,-1,-1,1,-1
201543P249035,1,3,0,13,0,8,0,0,0,0,1,1,6,1,20,4,-1,-1,-1,-1,1,-1
201543P249035,2,19,0,9,0,8,0,0,0,0,3,1,6,1,23,5,1968,2,4,-1,3,-1
201543P249045,1,9,0,18,0,1,1,0,0,0,1,1,6,2,70,10,1242,1,16,-1,2,-1
201543P249045,2,9,0,10,0,8,0,0,0,0,2,1,6,2,40,7,1397,1,12,-1,2,-1
201543P249055,1,9,0,13,0,0,0,0,0,0,4,1,6,1,40,7,2143,2,2,-1,-1,-1
201543P249055,2,9,0,12,0,0,0,0,0,0,3,1,1,1,47,8,1395,1,-1,-1,2,-1
201543P249065,1,9,0,18,0,0,2,0,4,4,1,1,6,2,29,6,1590,1,11,-1,-1,-1
201543P249085,1,10,0,9,0,5,0,0,0,0,4,1,1,1,58,9,2148,2,7,-1,1,-1
201543P249085,2,4,0,18,0,8,0,0,0,0,1,1,6,1,19,4,398,1,15,-1,1,-1
201543P249095,1,9,0,18,0,2,0,0,0,0,4,1,1,1,45,7,-1,-1,-1,-1,-1,-1
201543P249115,1,19,0,14,0,0,0,0,0,0,4,1,1,1,34,6,1560,2,6,-1,3,-1
201543P249115,2,1,0,15,0,0,0,0,0,0,3,1,6,2,30,6,-1,-1,-1,-1,1,-1
201543P249115,3,9,0,2,0,0,0,0,0,0,0,1,6,3,-1,-1,-1,-1,-1,-1,-1,-1
201543P250025,1,11,0,9,0,8,1,0,0,0,1,1,1,1,65,9,9000,2,4,-1,1,-1
201543P250025,2,9,0,18,0,1,1,0,0,0,1,1,2,1,46,8,-1,-1,-1,-1,1,-1
201543P250045,1,9,0,18,0,8,0,0,0,0,1,1,2,1,29,6,-1,-1,-1,-1,1,-1
201543P250045,2,9,0,18,0,8,1,0,0,0,3,1,2,1,52,8,1390,1,7,-1,1,-1
201543P250095,1,9,0,9,0,8,0,0,0,0,1,1,1,1,24,5,-1,-1,-1,-1,1,-1
201543P250095,2,9,0,18,0,8,0,0,0,0,1,1,6,1,55,8,1461,2,2,-1,-1,-1
201543P251035,1,9,0,12,0,0,0,0,0,0,2,1,1,1,57,9,2179,2,1,-1,1,-1
201543P251035,2,5,0,18,0,0,0,0,0,0,1,1,1,1,36,7,1170,1,1,-1,1,-1
201543P251095,1,9,0,9,0,6,0,0,0,0,3,1,6,1,19,4,1586,1,1,-1,3,-1
201543P251095,2,4,0,18,0,8,0,0,0,0,1,1,2,1,18,4,124,1,2,-1,3,-1
201543P251105,1,9,0,18,0,0,0,0,0,0,3,1,6,2,44,7,1299,1,13,-1,1,-1