Accident_Index,Vehicle_Reference,Vehicle_Type,Towing_and_Articulation,Vehicle_Manoeuvre,Vehicle_Location-Restricted_Lane,Junction_Location,Skidding_and_Overturning,Hit_Object_in_Carriageway,Vehicle_Leaving_Carriageway,Hit_Object_off_Carriageway,1st_Point_of_Impact,Was_Vehicle_Left_Hand_Drive?,Journey_Purpose_of_Driver,Sex_of_Driver,Age_of_Driver,Age_Band_of_Driver,Engine_Capacity_(CC),Propulsion_Code,Age_of_Vehicle,Driver_IMD_Decile,Driver_Home_Area_Type,Vehicle_IMD_Decile
201543P306055,1,3,0,4,0,0,0,0,0,0,1,1,6,1,20,4,124,1,10,-1,2,-1
201543P306055,2,9,0,4,0,0,0,0,0,0,2,1,6,1,18,4,1496,2,-1,-1,3,-1
201543P306075,1,19,0,18,0,0,0,0,0,0,1,1,6,1,30,6,1870,2,11,-1,-1,-1
201543P306075,2,9,0,3,0,0,0,0,0,0,2,1,2,2,30,6,1997,2,6,-1,1,-1
201543P306115,1,19,0,9,0,8,0,0,0,0,1,1,1,1,50,8,2198,2,6,-1,1,-1
201543P306115,2,3,0,13,0,1,0,0,0,0,1,1,6,1,17,4,124,1,17,-1,1,-1
201543P306125,1,9,0,9,0,5,0,0,7,0,3,1,6,1,20,4,1499,2,-1,-1,-1,-1
201543P306125,2,9,0,18,0,8,0,0,0,0,1,1,6,1,46,8,1339,1,9,-1,-1,-1
201543P307015,1,9,0,17,0,0,1,0,1,4,1,1,6,1,19,4,-1,-1,-1,-1,2,-1
201543P307025,1,9,0,17,0,0,0,0,1,9,4,1,1,2,19,4,-1,-1,-1,-1,3,-1
201543P307055,1,9,0,4,0,0,0,0,0,0,1,1,6,1,24,5,1299,1,9,-1,1,-1
201543P307055,2,9,0,4,0,0,0,0,0,0,2,1,6,2,25,5,-1,-1,-1,-1,2,-1
201543P307055,3,9,0,4,0,0,0,0,0,0,2,1,6,2,48,8,1994,2,12,-1,1,-1
201543P307065,1,19,0,18,0,0,0,4,0,0,4,1,6,1,61,9,2460,2,7,-1,1,-1
201543P307065,2,9,0,2,6,0,0,0,0,0,3,1,6,1,56,9,2495,2,26,-1,3,-1
201543P307105,1,19,0,18,0,2,0,0,0,0,1,1,2,1,26,6,1868,2,13,-1,1,-1
201543P307105,2,9,0,18,0,1,0,0,0,0,1,1,6,2,36,7,-1,-1,-1,-1,3,-1
201543P307115,1,9,0,18,0,0,1,4,0,0,4,1,6,2,72,10,1796,1,12,-1,2,-1
201543P307115,2,9,0,2,0,0,0,0,0,0,4,1,6,2,53,8,2997,1,-1,-1,3,-1
201543P308025,1,9,0,17,0,1,0,0,1,0,1,1,6,1,26,6,2191,2,1,-1,2,-1
201543P308025,2,9,0,17,0,1,0,0,0,0,2,1,6,1,61,9,-1,-1,-1,-1,2,-1
201543P308055,1,9,0,18,0,1,0,0,0,0,1,1,6,2,38,7,1968,2,4,-1,2,-1
201543P308055,2,9,0,10,0,1,0,0,0,0,2,1,6,1,54,8,1986,2,6,-1,-1,-1
201543P308085,1,9,0,18,0,0,0,0,5,6,1,1,6,1,36,7,3999,1,3,-1,1,-1
201543P308105,1,9,0,18,0,0,2,10,7,4,1,1,1,2,25,5,1796,1,17,-1,2,-1
201543P309015,1,5,0,18,0,0,0,0,0,0,1,1,6,1,22,5,599,1,19,-1,3,-1
201543P309015,2,9,0,18,0,0,0,0,0,0,2,1,6,1,53,8,2720,2,9,-1,1,-1
201543P309055,1,9,0,17,0,0,1,0,0,0,3,1,1,1,25,5,1590,1,10,-1,-1,-1
201543P309055,2,9,0,16,0,0,0,0,0,0,3,1,6,3,-1,-1,1229,1,10,-1,-1,-1
201543P309085,1,5,0,4,0,0,1,0,0,0,1,1,6,1,43,7,749,1,11,-1,1,-1
201543P309085,2,9,0,3,0,0,0,0,0,0,2,1,6,2,-1,-1,-1,-1,-1,-1,-1,-1
201543P309105,1,3,0,13,0,1,0,0,0,0,1,1,6,1,17,4,125,1,-1,-1,2,-1
201543P309105,2,3,0,9,0,5,0,0,0,0,1,1,6,1,18,4,124,1,5,-1,3,-1
201543P310035,1,9,0,16,0,0,0,0,2,1,1,1,6,2,35,6,1587,1,10,-1,1,-1
201543P310055,1,19,0,18,0,0,0,0,0,0,1,1,6,1,-1,-1,-1,-1,-1,-1,-1,-1
201543P310055,2,9,0,16,0,0,0,0,0,0,1,1,6,2,25,5,1360,1,12,-1,1,-1
201543P310065,1,19,0,18,0,0,5,4,7,10,1,1,6,1,25,5,1753,2,7,-1,1,-1
201543P310065,2,9,0,2,0,0,0,0,0,0,1,1,6,3,-1,-1,1390,1,12,-1,-1,-1
201543P310065,3,19,0,2,0,0,0,0,0,0,2,1,6,3,-1,-1,1598,2,2,-1,-1,-1
201543P310085,1,9,0,4,0,0,0,7,1,1,1,1,6,1,90,11,1796,1,9,-1,1,-1
201543P310095,1,5,0,9,0,5,0,0,0,0,2,1,6,1,39,7,1299,1,11,-1,1,-1
201543P310095,2,5,0,9,0,1,0,0,0,0,1,1,6,2,43,7,696,1,3,-1,-1,-1
201543P310115,1,9,0,17,0,0,1,0,8,4,4,1,6,1,21,5,1975,1,8,-1,3,-1
201543P311015,1,9,0,18,0,1,0,0,0,0,1,1,6,2,20,4,998,1,1,-1,1,-1
201543P311015,2,9,0,3,0,1,0,0,0,0,2,1,1,2,55,8,-1,-1,-1,-1,3,-1
201543P311015,3,9,0,9,0,1,0,0,0,0,0,1,6,3,-1,-1,-1,-1,-1,-1,-1,-1
201543P311045,1,8,0,5,0,4,0,0,0,0,1,1,6,1,-1,-1,2402,2,12,-1,-1,-1
201543P311045,2,1,0,18,0,8,0,0,0,0,4,1,6,1,30,6,-1,-1,-1,-1,1,-1
201543P311065,1,9,0,9,0,5,0,0,0,0,1,1,2,1,73,10,1396,1,14,-1,-1,-1
201543P311065,2,1,0,3,0,1,0,0,0,0,1,1,6,2,34,6,-1,-1,-1,-1,2,-1
201543P311095,1,9,0,3,0,2,0,0,0,0,1,1,6,1,38,7,2979,1,14,-1,-1,-1
201543P311095,2,9,0,1,0,2,0,0,0,0,2,1,6,1,-1,-1,1598,1,14,-1,-1,-1
201543P311105,1,21,0,11,0,1,0,0,0,0,0,1,6,3,-1,-1,-1,-1,-1,-1,-1,-1
201543P311105,2,9,0,18,0,1,0,10,1,1,1,1,6,1,42,7,1997,2,12,-1,3,-1
201543P312025,1,9,0,9,0,6,0,0,0,0,1,1,6,1,-1,-1,-1,-1,-1,-1,-1,-1
201543P312025,2,1,0,7,0,5,0,0,0,0,1,1,6,1,28,6,-1,-1,-1,-1,1,-1
201543P312045,1,9,0,4,0,2,0,0,0,0,1,1,6,2,34,6,2143,2,5,-1,1,-1
201543P312045,2,9,0,2,0,2,0,0,0,0,1,1,6,2,34,6,1910,2,7,-1,1,-1
201543P312055,1,1,0,18,0,1,0,0,0,0,0,1,6,1,52,8,-1,-1,-1,-1,1,-1
201543P312075,1,9,0,18,0,0,5,4,0,0,1,1,6,1,89,11,1299,1,15,-1,1,-1
201543P312075,2,9,0,2,0,0,0,0,0,0,1,1,6,3,-1,-1,1296,1,7,-1,1,-1
201543P312105,1,9,0,18,0,0,1,0,0,0,1,1,6,1,20,4,1124,1,11,-1,1,-1
201543P312105,2,9,0,18,0,0,1,0,0,0,2,1,6,1,33,6,2231,2,7,-1,1,-1
201543P312105,3,9,0,18,0,0,0,0,0,0,2,1,6,1,42,7,1587,7,8,-1,-1,-1
201543P312105,4,9,0,18,0,0,0,0,0,0,2,1,6,2,44,7,2685,2,11,-1,-1,-1
201543P312115,1,9,0,17,0,0,5,0,1,7,1,1,6,1,73,10,1995,2,1,-1,1,-1
201543P312125,1,9,0,18,0,1,0,0,0,0,4,1,6,2,30,6,1124,1,18,-1,1,-1
201543P313025,1,9,0,5,0,4,0,0,0,0,1,1,6,1,29,6,1595,2,5,-1,1,-1
201543P313025,2,5,0,18,0,8,0,0,0,0,4,1,6,1,32,6,656,1,5,-1,1,-1
201543P313035,1,9,0,7,0,4,0,0,0,0,3,1,6,1,49,8,1560,2,3,-1,-1,-1
201543P313035,2,1,0,18,0,8,0,0,0,0,1,1,6,1,77,11,-1,-1,-1,-1,3,-1
201543P313055,1,9,0,5,0,0,0,0,0,0,1,1,6,1,19,4,998,1,12,-1,2,-1
201543P313085,1,9,0,18,0,0,0,0,0,0,1,1,6,1,76,11,1998,1,14,-1,3,-1
201543P313085,2,1,0,18,0,0,1,0,0,0,1,1,6,1,63,9,-1,-1,-1,-1,1,-1
201543P313105,1,21,1,18,0,0,5,0,1,9,4,1,1,1,55,8,11967,2,4,-1,1,-1
201543P313115,1,9,0,9,0,6,0,0,0,0,0,1,6,3,-1,-1,-1,-1,-1,-1,-1,-1
201543P313115,2,9,0,18,0,1,1,0,1,11,4,1,6,2,23,5,1242,1,8,-1,2,-1
201543P313125,1,9,0,18,0,8,1,0,3,0,1,1,6,1,86,11,1390,1,5,-1,1,-1
201543P313125,2,9,0,18,0,8,0,0,0,0,1,1,6,1,44,7,1598,2,2,-1,1,-1
201543P314025,1,19,0,18,0,2,0,0,1,2,1,1,1,1,24,5,-1,-1,-1,-1,1,-1
201543P314025,2,8,0,18,0,1,1,0,1,0,1,1,6,2,21,5,-1,-1,-1,-1,-1,-1
201543P314045,1,9,0,18,0,1,0,0,0,0,1,1,3,2,37,7,-1,-1,-1,-1,2,-1
201543P314055,1,9,0,7,0,5,2,0,3,1,1,1,6,2,32,6,999,1,1,-1,1,-1
201543P314085,1,9,0,4,0,0,0,0,0,0,1,1,6,1,21,5,-1,-1,-1,-1,3,-1
201543P314085,2,9,0,3,0,0,0,0,0,0,2,1,6,2,21,5,1299,1,11,-1,1,-1
201543P314085,3,8,0,3,0,0,0,0,0,0,3,1,6,1,38,7,-1,-1,-1,-1,1,-1
201543P314105,1,9,0,18,0,8,0,0,7,4,1,1,1,1,27,6,1560,2,1,-1,1,-1
201543P314105,2,9,0,18,0,8,0,0,1,4,1,1,1,1,64,9,-1,-1,-1,-1,3,-1
201543P314125,1,9,0,18,0,0,0,0,0,0,1,1,6,2,24,5,1086,1,9,-1,3,-1
201543P314125,2,19,0,2,0,0,0,0,0,0,2,1,6,1,44,7,1870,2,11,-1,1,-1
201543P315025,1,9,0,18,0,0,0,0,0,0,1,1,6,1,21,5,1997,2,2,-1,1,-1
201543P315035,1,1,0,7,0,6,0,0,0,0,0,1,6,2,-1,-1,-1,-1,-1,-1,-1,-1
201543P315035,2,9,0,18,0,1,0,0,0,0,2,1,6,1,18,4,1242,1,4,-1,1,-1
201543P315035,3,1,0,18,0,1,0,0,0,0,1,1,6,1,27,6,-1,-1,-1,-1,1,-1
201543P315045,1,9,0,9,0,5,0,0,0,0,1,1,2,2,59,9,1242,1,17,-1,1,-1
201543P315045,2,9,0,18,0,8,1,0,1,0,1,1,6,1,55,8,1998,1,13,-1,2,-1
201543P315055,1,9,0,3,0,1,0,0,0,0,2,1,2,1,70,10,1598,1,2,-1,-1,-1
201543P315055,2,9,0,18,0,1,1,0,0,0,1,1,6,2,46,8,2179,2,6,-1,3,-1
201543P315075,1,9,0,18,0,0,0,0,0,0,1,1,1,3,-1,-1,1199,1,16,-1,1,-1
201543P315075,2,9,0,3,0,0,0,0,0,0,2,1,1,1,23,5,1999,1,8,-1,1,-1
201543P315075,3,9,0,3,0,0,0,0,0,0,2,1,1,3,-1,-1,1984,1,1,-1,-1,-1
201543P315125,1,9,0,16,0,0,5,0,0,0,1,1,6,2,39,7,1900,2,17,-1,1,-1
201543P315125,2,9,0,2,0,0,0,0,0,0,2,1,6,3,48,8,1969,2,-1,-1,-1,-1
201543P315125,3,9,0,2,0,0,0,0,0,0,1,1,6,3,58,9,1781,1,10,-1,1,-1
201543P316025,1,9,0,16,0,0,1,0,0,0,1,1,6,1,19,4,-1,-1,-1,-1,3,-1
201543P316025,2,9,0,17,0,0,0,0,0,0,1,1,6,2,35,6,1398,1,3,-1,3,-1
201543P316075,1,9,0,17,0,1,5,0,2,4,1,1,6,2,18,4,1560,2,4,-1,1,-1
201543P316085,1,9,0,18,0,8,0,0,3,9,1,1,6,2,66,10,1299,1,15,-1,2,-1
201543P316095,1,9,0,5,0,4,0,0,0,0,3,1,6,2,68,10,1198,1,6,-1,1,-1
201543P316095,2,3,0,18,0,8,0,0,0,0,4,1,2,1,19,4,125,1,2,-1,3,-1
201543P316125,1,9,0,18,0,0,0,0,0,0,1,1,6,1,47,8,1596,1,9,-1,2,-1
201543P316125,2,1,0,18,0,0,0,0,0,0,2,1,6,1,40,7,-1,-1,-1,-1,1,-1
201543P317025,1,9,0,18,0,0,2,0,1,9,1,1,6,2,47,8,2793,1,19,-1,1,-1
201543P317035,1,1,0,18,0,8,0,0,0,0,3,1,2,1,-1,-1,-1,-1,-1,-1,-1,-1
201543P317035,2,9,0,5,0,8,0,0,0,0,1,1,6,1,73,10,1598,1,5,-1,1,-1
201543P317055,1,9,0,17,0,0,2,0,7,4,4,1,1,1,23,5,2402,2,4,-1,2,-1
201543P317065,1,1,0,9,4,8,0,0,0,0,4,1,6,1,49,8,-1,-1,-1,-1,1,-1
201543P317065,2,9,0,7,0,8,0,0,0,0,4,1,6,3,-1,-1,1364,1,5,-1,1,-1
201543P317085,1,9,0,18,0,8,0,0,0,0,3,1,6,2,32,6,1329,1,6,-1,1,-1
201543P317085,2,9,0,18,0,3,0,0,0,0,1,1,6,2,67,10,1968,2,2,-1,1,-1
201543P317105,1,1,0,12,0,0,0,0,0,0,3,1,6,1,15,3,-1,-1,-1,-1,-1,-1
201543P317105,2,9,0,18,0,0,0,0,0,0,4,1,6,2,49,8,-1,-1,-1,-1,3,-1
201543P318025,1,9,0,7,0,6,0,0,0,0,3,1,2,2,29,6,1598,1,1,-1,1,-1
201543P318025,2,5,0,17,0,1,1,0,0,0,1,1,2,1,24,5,645,1,14,-1,2,-1
201543P318045,1,9,0,17,0,1,0,0,1,0,1,1,2,1,52,8,1998,8,-1,-1,3,-1
201543P318045,2,9,0,16,0,2,0,0,1,0,1,1,2,2,25,5,1951,2,9,-1,3,-1
201543P318065,1,9,0,18,0,1,0,0,0,0,0,1,6,3,-1,-1,-1,-1,-1,-1,-1,-1
201543P318075,1,9,0,18,0,0,2,0,4,6,4,1,6,2,65,9,1796,1,9,-1,1,-1
201543P318075,2,11,0,18,0,0,0,0,0,0,3,1,1,1,31,6,9360,2,4,-1,1,-1
201543P318125,1,1,0,18,9,2,0,0,0,0,1,1,6,1,-1,-1,-1,-1,-1,-1,-1,-1
201543P319025,1,9,0,17,0,0,0,0,0,0,1,1,6,1,23,5,1896,2,10,-1,1,-1
201543P319025,2,21,0,16,0,0,0,0,0,0,0,1,1,3,-1,-1,-1,-1,-1,-1,-1,-1
201543P319055,1,9,0,7,0,0,0,0,0,0,4,1,6,2,49,8,1997,2,4,-1,3,-1
201543P319055,2,1,0,15,4,0,0,0,0,0,3,1,6,1,21,5,-1,-1,-1,-1,1,-1
201543P319065,1,9,0,18,0,0,0,0,0,0,4,1,3,1,-1,-1,1242,1,6,-1,-1,-1
201543P319075,1,1,0,18,0,1,0,0,0,0,3,1,2,1,25,5,-1,-1,-1,-1,1,-1
201543P319075,2,9,0,4,0,1,0,0,0,0,1,1,6,2,40,7,1242,1,4,-1,1,-1
201543P319085,1,9,0,18,0,0,0,0,7,0,1,1,2,1,18,4,1388,1,17,-1,1,-1
201543P319085,2,9,0,18,0,0,0,0,1,9,3,1,6,1,31,6,1497,1,12,-1,1,-1
201543P319125,1,9,0,18,0,0,0,0,0,0,1,1,6,2,63,9,1997,2,5,-1,3,-1
201543P319125,2,9,0,18,0,0,0,0,0,0,1,1,6,1,73,10,3960,1,15,-1,3,-1
201543P319125,3,9,0,3,0,0,0,0,0,0,2,1,6,1,54,8,2967,2,1,-1,3,-1
201543P319125,4,9,0,3,0,0,0,0,0,0,2,1,6,1,70,10,2993,2,9,-1,2,-1
201543P320035,1,9,0,9,0,6,0,0,0,0,1,1,6,2,74,10,1560,2,4,-1,2,-1
201543P320035,2,9,0,18,0,8,0,0,0,0,4,1,6,2,68,10,1599,1,10,-1,3,-1
201543P320055,1,9,0,3,0,0,0,0,0,0,0,1,6,2,35,6,1395,1,2,-1,3,-1
201543P320055,2,9,0,3,0,0,0,0,0,0,2,1,6,1,51,8,1783,1,11,-1,1,-1
201543P320055,3,9,0,18,0,0,0,0,0,0,1,1,6,1,34,6,1598,1,1,-1,1,-1
201543P320065,1,9,0,18,0,2,0,0,0,0,4,1,6,2,65,9,-1,-1,-1,-1,1,-1
201543P320085,1,9,0,4,0,0,0,0,0,0,1,1,6,1,-1,-1,1896,2,12,-1,1,-1
201543P320085,2,9,0,4,0,0,0,0,0,0,2,1,1,1,41,7,1197,1,-1,-1,3,-1
201543P320105,1,9,0,18,0,0,0,0,1,4,1,1,1,2,22,5,1587,1,13,-1,1,-1
201543P320115,1,9,0,18,0,1,0,0,0,0,1,1,6,1,-1,-1,1398,8,1,-1,1,-1
201543P320115,2,3,0,10,0,1,0,0,0,0,2,1,1,1,17,4,-1,-1,-1,-1,3,-1
201543P320115,3,9,0,18,0,1,0,0,0,0,1,1,6,1,-1,-1,-1,-1,-1,-1,3,-1
201543P320125,1,9,0,4,0,1,0,0,0,0,1,1,6,1,19,4,1229,1,1,-1,1,-1
201543P320125,2,9,0,4,0,1,0,0,0,0,2,1,6,2,22,5,1560,2,3,-1,1,-1
201543P320125,3,19,0,4,0,1,0,0,0,0,2,1,1,1,44,7,2298,2,1,-1,1,-1
201543P321015,1,9,0,18,0,2,0,0,0,0,1,1,6,1,50,8,1956,2,5,-1,1,-1
201543P321015,2,9,0,3,0,2,0,0,0,0,2,1,6,2,52,8,-1,-1,-1,-1,1,-1
201543P321075,1,9,0,18,0,1,0,0,0,0,1,1,2,2,28,6,1598,1,11,-1,1,-1
201543P321075,2,9,0,3,0,1,0,0,0,0,2,1,6,2,47,8,1598,1,1,-1,1,-1
201543P321075,3,9,0,3,0,1,0,0,0,0,2,1,6,2,45,7,1598,1,3,-1,3,-1
201543P321085,1,9,0,13,0,0,1,0,0,0,4,1,2,1,31,6,1968,2,4,-1,1,-1
201543P321085,2,21,1,18,0,0,2,0,0,0,3,1,1,1,66,10,6870,2,5,-1,1,-1
201543P321085,3,9,0,13,0,0,0,0,0,0,4,1,1,2,24,5,1600,2,6,-1,3,-1
201543P321095,1,9,0,9,0,6,0,0,0,0,3,1,6,1,-1,-1,-1,-1,-1,-1,-1,-1
201543P321095,2,1,0,18,0,8,0,0,0,0,1,1,4,1,17,4,-1,-1,-1,-1,1,-1
201543P321105,1,9,0,18,0,1,0,0,0,0,1,1,6,1,-1,-1,-1,-1,-1,-1,-1,-1
201543P321105,2,9,0,3,0,1,0,0,0,0,2,1,2,2,19,4,1149,1,13,-1,1,-1
201543P321105,3,19,0,3,0,1,0,0,0,0,2,1,2,1,36,7,1995,2,3,-1,1,-1
201543P322015,1,9,0,18,0,0,0,0,0,0,4,1,3,2,23,5,1796,1,12,-1,1,-1
201543P322025,1,9,0,18,0,1,0,0,0,0,1,1,6,2,40,7,2148,2,14,-1,-1,-1
201543P322025,2,9,0,3,0,1,0,0,0,0,2,1,6,2,51,8,1998,1,13,-1,1,-1
201543P322055,1,9,0,7,0,4,0,0,0,0,1,1,6,2,84,11,1360,1,9,-1,3,-1
201543P322055,2,3,0,18,0,8,0,0,0,0,3,1,6,1,17,4,124,1,3,-1,1,-1
201543P322085,1,9,0,13,0,1,2,0,1,10,3,1,6,1,31,6,1753,2,15,-1,-1,-1
201543P322085,2,9,0,10,0,1,0,0,7,0,2,1,6,2,38,7,1560,2,4,-1,2,-1
201543P322085,3,19,0,10,0,1,0,0,0,0,0,1,6,1,48,8,-1,-1,-1,-1,-1,-1
201543P322105,1,1,0,9,0,5,1,0,0,0,0,1,2,1,49,8,-1,-1,-1,-1,1,-1
201543P322115,1,3,0,4,0,0,1,0,0,0,3,1,2,1,22,5,125,1,1,-1,1,-1
201543P322115,2,1,0,18,0,0,0,0,0,0,0,1,6,3,-1,-1,-1,-1,-1,-1,-1,-1
201543P322125,1,9,0,18,0,0,0,0,0,0,1,1,2,1,63,9,998,1,14,-1,1,-1
201543P322125,2,1,0,12,0,0,0,0,0,0,2,1,2,1,30,6,-1,-1,-1,-1,-1,-1
201543P323015,1,9,0,13,0,1,0,0,0,0,1,1,1,1,37,7,1248,2,2,-1,1,-1
201543P323015,2,9,0,9,0,5,0,0,0,0,3,1,6,1,44,7,1596,1,4,-1,1,-1
201543P323015,3,9,0,3,0,6,0,0,0,0,4,1,6,2,72,10,1560,2,5,-1,1,-1
201543P323025,1,22,0,18,0,8,0,0,0,0,1,1,6,1,74,10,-1,3,-1,-1,1,-1
201543P323025,2,9,0,7,9,8,0,0,0,0,4,1,6,2,57,9,1995,2,5,-1,3,-1
201543P323035,1,2,0,18,0,1,0,0,0,0,1,1,1,1,18,4,-1,-1,-1,-1,1,-1
201543P323035,2,9,0,4,0,1,0,0,0,0,2,1,6,2,21,5,1149,1,13,-1,1,-1
201543P323065,1,9,0,18,0,1,0,0,0,0,4,1,6,3,-1,-1,-1,-1,-1,-1,-1,-1
201543P323065,2,1,0,18,0,1,0,0,0,0,3,1,6,1,50,8,-1,-1,-1,-1,1,-1
201543P323085,1,9,0,18,0,0,0,0,1,0,1,1,6,2,47,8,1686,2,10,-1,1,-1
201543P323085,2,9,0,18,0,0,0,0,0,0,1,1,6,2,17,4,1198,1,11,-1,1,-1
201543P323085,3,21,0,18,0,0,0,0,0,0,0,1,1,3,-1,-1,-1,-1,-1,-1,-1,-1
201543P323115,1,9,0,7,0,2,0,0,0,0,1,1,6,1,-1,-1,-1,-1,-1,-1,-1,-1
201543P323125,1,9,0,4,0,0,0,0,0,0,4,1,1,1,36,7,-1,-1,-1,-1,1,-1
201543P324015,1,19,0,18,0,0,0,0,0,0,1,1,1,1,63,9,2143,2,2,-1,1,-1
201543P324015,2,9,0,4,0,0,0,0,0,0,2,1,1,1,39,7,2926,2,13,-1,1,-1
201543P324025,1,9,0,9,0,4,0,0,0,0,3,1,1,1,68,10,-1,-1,-1,-1,1,-1
201543P324025,2,1,0,18,0,8,0,0,0,0,1,1,6,1,54,8,-1,-1,-1,-1,1,-1
201543P324035,1,9,0,13,0,0,0,0,0,0,4,1,1,2,29,6,1248,1,2,-1,1,-1
201543P324035,2,1,0,18,0,0,0,0,0,0,3,1,6,1,37,7,-1,-1,-1,-1,3,-1
201543P324075,1,21,0,13,0,0,0,0,0,0,0,1,1,1,-1,-1,12740,2,1,-1,-1,-1
201543P324075,2,1,0,17,0,0,0,0,0,0,3,1,6,1,68,10,-1,-1,-1,-1,1,-1
201543P324075,3,16,0,17,0,0,0,0,0,0,1,1,6,2,40,7,-1,-1,-1,-1,-1,-1
201543P324075,4,9,0,17,0,0,0,0,0,0,0,1,6,3,-1,-1,-1,-1,-1,-1,-1,-1
201543P324085,1,9,0,13,0,3,0,0,0,0,0,1,1,1,29,6,1248,2,2,-1,1,-1
201543P324085,2,9,0,18,0,3,0,0,0,0,1,1,6,2,52,8,1999,1,12,-1,1,-1
201543P324085,3,9,0,18,0,3,0,0,0,0,2,1,6,1,61,9,1796,1,-1,-1,1,-1
201543P324095,1,1,0,18,5,0,0,0,0,0,0,1,6,1,76,11,-1,-1,-1,-1,3,-1
201543P324105,1,9,0,9,0,6,0,0,0,0,1,1,6,1,30,6,1968,2,9,-1,3,-1
201543P324105,2,9,0,18,0,8,0,0,0,0,4,1,6,2,19,4,1360,1,10,-1,3,-1
201543P324125,1,9,0,18,0,1,0,0,0,0,1,1,6,2,20,4,1298,1,13,-1,3,-1
201543P324125,2,9,0,18,0,1,0,0,0,0,1,1,6,1,24,5,1587,1,17,-1,1,-1
201543P325035,1,9,0,9,0,6,0,0,7,11,1,1,6,2,41,7,-1,-1,-1,-1,2,-1
201543P325035,2,9,0,18,0,1,0,0,0,0,1,1,6,1,23,5,-1,-1,-1,-1,3,-1
201543P325075,1,9,0,17,0,0,2,0,1,0,1,1,6,1,36,7,2979,1,12,-1,1,-1
201543P325085,1,9,0,8,0,6,0,0,0,0,1,1,2,1,39,7,3960,6,16,-1,1,-1
201543P325085,2,1,0,18,0,8,0,0,0,0,3,1,6,1,39,7,-1,-1,-1,-1,3,-1
201543P325105,1,9,0,7,0,3,0,0,0,0,4,1,6,2,19,4,1461,2,8,-1,1,-1
201543P325105,2,1,0,18,0,8,0,0,0,0,1,1,6,1,42,7,-1,-1,-1,-1,1,-1
201543P325125,1,8,0,18,0,3,0,0,0,0,3,1,6,1,26,6,1797,8,5,-1,1,-1
201543P326035,1,9,0,18,0,0,5,0,1,11,1,1,1,2,20,4,-1,-1,-1,-1,3,-1
201543P326045,1,1,0,18,0,0,0,0,0,0,1,1,6,2,21,5,-1,-1,-1,-1,-1,-1
201543P326045,2,1,0,18,0,0,0,0,0,0,2,1,6,3,-1,-1,-1,-1,-1,-1,-1,-1
201543P326045,3,1,0,18,0,0,0,0,0,0,2,1,6,3,-1,-1,-1,-1,-1,-1,-1,-1
201543P326045,4,1,0,18,0,0,0,0,0,0,2,1,6,3,-1,-1,-1,-1,-1,-1,-1,-1
201543P326045,5,1,0,18,0,0,0,0,0,0,2,1,6,3,-1,-1,-1,-1,-1,-1,-1,-1
201543P326045,6,1,0,18,0,0,0,0,0,0,2,1,6,3,-1,-1,-1,-1,-1,-1,-1,-1
201543P327035,1,19,0,4,0,1,1,0,0,0,1,1,1,1,27,6,2143,2,3,-1,1,-1
201543P327035,2,9,0,10,0,1,0,0,0,0,2,1,6,1,21,5,-1,-1,-1,-1,1,-1
201543P327045,1,9,0,18,0,0,1,0,1,7,1,1,6,1,39,7,-1,-1,-1,-1,3,-1
201543P328015,1,9,0,18,0,6,0,0,0,0,1,1,6,1,73,10,-1,-1,-1,-1,3,-1
201543P328015,2,90,0,18,0,8,0,0,0,0,3,1,1,1,36,7,6870,2,8,-1,1,-1
201543P328035,1,5,0,13,0,0,0,0,0,0,4,1,1,1,37,7,-1,-1,-1,-1,1,-1
201543P328035,2,9,0,12,0,0,0,0,0,0,3,1,6,1,37,7,1560,2,10,-1,1,-1
201543P328035,3,9,0,18,0,0,0,0,0,0,2,1,6,1,60,9,1598,2,-1,-1,3,-1
201543P328045,1,5,0,17,0,0,1,0,1,0,3,1,6,1,56,9,998,1,5,-1,1,-1
201543P329015,1,9,0,18,0,1,0,0,0,0,1,1,2,1,50,8,998,1,2,-1,1,-1
201543P329015,2,9,0,3,0,1,0,0,0,0,2,1,6,2,48,8,1598,2,3,-1,3,-1
201543P329015,3,9,0,10,0,1,0,0,0,0,0,1,6,3,-1,-1,-1,-1,-1,-1,-1,-1
201543P329065,1,19,0,18,0,0,2,0,1,0,1,1,6,1,22,5,1248,2,1,-1,1,-1
201543P329065,2,9,0,18,0,0,0,0,0,0,2,1,6,1,79,11,2499,1,8,-1,1,-1
201543P329075,1,8,0,9,0,6,0,0,0,0,1,1,1,1,38,7,1797,8,4,-1,1,-1
201543P329075,2,3,0,18,0,1,0,0,0,0,1,1,2,1,30,6,125,1,2,-1,1,-1
201543P329115,1,9,0,18,0,0,1,6,8,10,1,1,6,1,23,5,1598,1,7,-1,2,-1
201543P329125,1,9,0,9,0,6,0,0,0,0,1,1,6,2,-1,-1,-1,-1,-1,-1,-1,-1
201543P329125,2,9,0,18,0,8,0,0,0,0,1,1,6,2,28,6,1242,1,11,-1,1,-1
201543P330045,1,9,0,18,0,0,0,0,0,0,1,1,6,3,-1,-1,-1,-1,-1,-1,-1,-1
201543P330045,2,1,0,18,0,0,0,0,0,0,2,1,6,1,50,8,-1,-1,-1,-1,1,-1