Accident_Index,Vehicle_Reference,Vehicle_Type,Towing_and_Articulation,Vehicle_Manoeuvre,Vehicle_Location-Restricted_Lane,Junction_Location,Skidding_and_Overturning,Hit_Object_in_Carriageway,Vehicle_Leaving_Carriageway,Hit_Object_off_Carriageway,1st_Point_of_Impact,Was_Vehicle_Left_Hand_Drive?,Journey_Purpose_of_Driver,Sex_of_Driver,Age_of_Driver,Age_Band_of_Driver,Engine_Capacity_(CC),Propulsion_Code,Age_of_Vehicle,Driver_IMD_Decile,Driver_Home_Area_Type,Vehicle_IMD_Decile
201543R076105,1,9,0,7,0,1,0,0,0,0,4,1,6,2,32,6,1390,1,8,-1,1,-1
201543R076105,2,1,0,18,0,1,0,0,0,0,1,1,6,1,58,9,-1,-1,-1,-1,1,-1
201543R076115,1,9,0,18,0,8,0,0,0,0,1,1,6,1,-1,-1,-1,-1,-1,-1,-1,-1
201543R076115,2,1,0,5,0,8,0,0,0,0,3,1,4,1,14,3,-1,-1,-1,-1,1,-1
201543R077055,1,9,0,9,0,5,0,0,0,0,3,1,6,2,20,4,-1,-1,-1,-1,1,-1
201543R077055,2,9,0,18,0,8,0,0,0,0,1,1,2,1,20,4,1149,1,15,-1,1,-1
201543R077075,1,9,0,3,0,0,0,0,0,0,3,1,6,1,29,6,1598,2,-1,-1,1,-1
201543R077075,2,9,0,3,0,0,0,0,0,0,2,1,6,1,46,8,1995,2,9,-1,1,-1
201543R077075,3,9,0,18,0,0,1,0,0,0,1,1,6,1,56,9,2143,2,2,-1,1,-1
201543R077105,1,9,0,13,0,8,0,0,1,11,3,1,6,1,55,8,1360,1,11,-1,3,-1
201543R077105,2,8,0,18,0,8,0,0,0,0,3,1,1,1,40,7,-1,-1,-1,-1,1,-1
201543R078025,1,9,0,7,0,6,0,0,0,0,1,1,1,1,44,7,-1,-1,-1,-1,1,-1
201543R078025,2,1,0,18,0,1,0,0,0,0,3,1,6,1,26,6,-1,-1,-1,-1,1,-1
201543R078045,1,9,0,17,0,0,2,0,1,11,1,1,6,1,43,7,-1,-1,-1,-1,1,-1
201543R078085,1,9,0,18,0,1,0,0,0,0,1,1,6,1,68,10,1086,1,10,-1,1,-1
201543R078085,2,9,0,3,0,1,0,0,0,0,2,1,6,2,35,6,1596,1,9,-1,1,-1
201543R078085,3,9,0,10,0,8,0,0,0,0,2,1,6,2,61,9,1298,1,8,-1,1,-1
201543R078115,1,9,0,9,0,6,0,0,0,0,1,1,6,2,-1,-1,1198,1,9,-1,1,-1
201543R079065,1,9,0,7,0,8,0,0,0,0,4,1,2,1,-1,-1,1587,1,13,-1,1,-1
201543R079065,2,1,0,17,4,8,0,0,0,0,3,1,6,1,30,6,-1,-1,-1,-1,1,-1
201543R079085,1,9,0,18,0,1,0,0,0,0,1,1,6,2,45,7,3199,1,14,-1,3,-1
201543R079085,2,1,0,10,0,1,0,0,0,0,2,1,6,1,55,8,-1,-1,-1,-1,1,-1
201543R079095,1,1,0,18,9,6,0,0,0,0,3,1,2,1,31,6,-1,-1,-1,-1,1,-1
201543R079095,2,9,0,7,0,6,0,0,0,0,1,1,2,2,37,7,2000,2,5,-1,1,-1
201543R079115,1,9,0,9,0,6,0,0,0,0,3,1,6,3,-1,-1,-1,-1,-1,-1,-1,-1
201543R079115,2,1,0,18,0,8,0,0,0,0,1,1,6,1,46,8,-1,-1,-1,-1,1,-1
201543R080055,1,9,0,18,0,4,0,0,0,0,1,1,6,1,64,9,3179,1,10,-1,1,-1
201543R080055,2,4,0,9,0,8,0,0,0,0,4,1,6,1,47,8,748,1,26,-1,1,-1
201543R080115,1,9,0,7,0,3,0,0,0,0,1,2,1,2,-1,-1,-1,-1,-1,-1,-1,-1
201543R081095,1,9,0,18,0,6,0,0,0,0,1,1,6,2,29,6,1598,1,12,-1,1,-1
201543R081095,2,9,0,7,0,1,0,0,0,0,2,1,6,1,65,9,2199,2,5,-1,1,-1
201543R081105,1,9,0,4,0,1,0,0,0,0,1,1,6,2,20,4,1242,1,9,-1,-1,-1
201543R081105,2,9,0,3,0,1,0,0,0,0,2,1,6,1,36,7,-1,-1,-1,-1,1,-1
201543R082015,1,9,0,4,0,0,0,0,1,7,1,1,6,2,23,5,-1,-1,-1,-1,1,-1
201543R082015,2,9,0,3,0,0,0,0,0,0,2,1,6,1,34,6,-1,-1,-1,-1,3,-1
201543R082025,1,9,0,9,0,1,0,0,0,0,3,1,1,2,60,9,1598,2,1,-1,3,-1
201543R082025,2,3,0,4,0,1,0,0,0,0,1,1,1,1,20,4,125,1,4,-1,1,-1
201543R082055,1,9,0,1,9,0,0,0,0,0,4,1,6,1,-1,-1,-1,-1,-1,-1,-1,-1
201543R082105,1,8,0,18,0,0,0,7,0,0,1,1,1,1,36,7,1984,2,8,-1,-1,-1
201543R082115,1,9,0,18,0,0,0,0,0,0,3,1,6,1,44,7,1995,2,6,-1,1,-1
201543R082115,2,1,0,18,0,0,0,0,0,0,1,1,6,2,71,10,-1,-1,-1,-1,1,-1
201543R083035,1,9,0,18,0,4,0,0,0,0,3,1,6,1,68,10,1197,1,5,-1,1,-1
201543R083035,2,1,0,9,0,8,0,0,0,0,1,1,6,1,43,7,-1,-1,-1,-1,1,-1
201543R083045,1,9,0,1,0,8,0,0,0,0,2,1,6,2,68,10,1198,1,1,-1,1,-1
201543R083065,1,9,0,9,0,5,0,0,0,0,4,1,6,1,19,4,1229,1,1,-1,-1,-1
201543R083065,2,3,0,18,0,8,0,0,0,0,1,1,2,1,22,5,124,1,2,-1,2,-1
201543R083095,1,9,0,9,0,6,0,0,0,0,1,1,3,1,78,11,1896,2,12,-1,1,-1
201543R083095,2,3,0,18,0,1,0,0,0,0,4,1,6,1,18,4,124,1,-1,-1,1,-1
201543R083115,1,9,0,7,0,4,0,0,0,0,4,1,6,2,60,9,957,1,34,-1,1,-1
201543R083115,2,1,0,18,0,8,0,0,0,0,2,1,6,2,25,5,-1,-1,-1,-1,1,-1
201543R084035,1,9,0,9,0,8,0,0,0,0,1,1,3,2,38,7,-1,-1,-1,-1,3,-1
201543R084035,2,9,0,18,0,8,0,0,0,0,1,1,6,2,55,8,1968,2,4,-1,1,-1
201543R084045,1,9,0,9,0,6,0,0,0,0,3,1,6,1,-1,-1,1896,2,12,-1,1,-1
201543R084045,2,1,0,18,0,8,0,0,0,0,1,1,6,2,21,5,-1,-1,-1,-1,1,-1
201543R084055,1,9,0,18,0,1,0,0,0,0,4,1,6,1,28,6,1968,2,10,-1,1,-1
201543R084055,2,1,0,18,0,8,0,0,0,0,1,1,6,1,18,4,-1,-1,-1,-1,1,-1
201543R084065,1,9,0,9,0,8,0,0,0,0,1,1,6,1,-1,-1,1896,2,14,-1,-1,-1
201543R084065,2,9,0,10,0,8,0,0,0,0,2,1,6,1,25,5,1198,1,7,-1,1,-1
201543R084095,1,5,0,4,0,0,1,0,0,0,1,1,2,1,46,8,1137,1,17,-1,2,-1
201543R084095,2,9,0,4,0,0,0,0,0,0,2,1,2,1,51,8,-1,-1,-1,-1,3,-1
201543R084125,1,9,0,9,0,5,0,0,0,0,1,1,6,1,-1,-1,-1,-1,-1,-1,-1,-1
201543R084125,2,2,0,18,0,8,0,0,0,0,1,1,6,1,17,4,49,1,14,-1,1,-1
201543R085095,1,9,0,9,0,8,0,0,0,0,4,1,6,2,26,6,1590,1,13,-1,1,-1
201543R085095,2,9,0,15,2,1,0,0,0,0,1,1,6,1,30,6,2993,2,3,-1,1,-1
201543R085125,1,9,0,18,0,8,1,0,0,0,1,1,6,3,69,10,1995,1,4,-1,1,-1
201543R085125,2,9,0,9,0,5,0,0,0,0,4,1,6,2,60,9,1197,1,1,-1,1,-1
201543R086035,1,20,0,18,0,0,1,4,0,0,1,1,1,1,24,5,-1,-1,-1,-1,1,-1
201543R086035,2,9,0,2,0,0,0,0,0,0,3,1,6,3,65,9,-1,-1,-1,-1,1,-1
201543R086035,3,9,0,2,0,0,0,0,0,0,3,1,6,3,29,6,-1,-1,-1,-1,1,-1
201543R086035,4,9,0,2,0,0,0,0,0,0,3,1,6,3,57,9,1598,1,13,-1,1,-1
201543R086055,1,9,0,3,0,2,0,0,0,0,1,1,2,1,35,6,1124,1,11,-1,1,-1
201543R086055,2,1,0,3,0,2,0,0,0,0,2,1,2,1,30,6,-1,-1,-1,-1,1,-1
201543R087025,1,9,0,18,0,1,5,0,0,0,3,1,6,1,19,4,1390,1,2,-1,1,-1
201543R087025,2,9,0,2,0,1,0,0,0,0,4,1,6,2,-1,-1,1596,1,11,-1,-1,-1
201543R087035,1,9,0,12,0,7,1,0,5,6,1,1,2,1,20,4,1360,1,14,-1,1,-1
201543R087035,2,9,0,18,0,8,0,0,0,0,3,1,6,1,51,8,1997,2,1,-1,1,-1
201543R087035,3,9,0,18,0,8,0,0,0,0,3,1,6,1,54,8,-1,-1,-1,-1,1,-1
201543R087065,1,9,0,18,0,0,1,0,7,11,1,1,6,1,24,5,2993,2,9,-1,1,-1
201543R087065,2,9,0,4,0,0,1,0,7,11,2,1,6,1,28,6,1968,2,7,-1,1,-1
201543R087085,1,9,0,7,0,8,0,0,0,0,1,1,6,1,46,8,998,1,4,-1,1,-1
201543R087085,2,1,0,18,0,8,0,0,0,0,3,1,6,1,20,4,-1,-1,-1,-1,1,-1
201543R087125,1,9,0,7,0,2,0,0,0,0,4,1,6,1,30,6,-1,-1,-1,-1,-1,-1
201543R088045,1,9,0,16,0,0,0,0,0,0,3,1,6,1,42,7,1753,2,12,-1,1,-1
201543R088045,2,9,0,17,0,0,0,0,1,9,3,1,6,1,74,10,1598,1,8,-1,1,-1
201543R088095,1,9,0,15,0,1,1,0,0,0,1,1,6,1,-1,-1,1984,1,7,-1,-1,-1
201543R088095,2,19,0,18,0,1,0,0,0,0,2,1,1,1,23,5,2198,2,2,-1,1,-1
201543R088105,1,9,0,9,0,8,0,0,0,0,1,1,6,1,42,7,1598,1,14,-1,-1,-1
201543R088105,2,9,0,3,0,8,0,0,0,0,1,1,6,1,21,5,1600,2,5,-1,3,-1
201543R088105,3,9,0,2,0,2,0,0,0,0,2,1,6,1,21,5,1242,1,9,-1,-1,-1
201543R089015,1,9,0,18,0,4,0,0,0,0,3,1,2,1,25,5,1246,1,7,-1,1,-1
201543R089015,2,1,0,9,0,8,0,0,0,0,1,1,2,2,36,7,-1,-1,-1,-1,1,-1
201543R089025,1,9,0,7,0,2,0,0,0,0,1,1,1,1,25,5,-1,-1,-1,-1,-1,-1
201543R089055,1,9,0,9,0,8,1,0,0,0,1,1,6,2,28,6,1398,1,13,-1,1,-1
201543R089055,2,9,0,18,0,8,0,0,0,0,1,1,6,3,38,7,1997,1,10,-1,1,-1
201543R089055,3,9,0,18,0,1,0,0,0,0,2,1,6,3,45,7,1798,1,8,-1,1,-1
201543R089065,1,9,0,5,0,2,0,0,0,0,1,1,6,1,-1,-1,-1,-1,-1,-1,-1,-1
201543R089065,2,2,0,5,0,2,0,0,0,0,2,1,6,1,16,4,49,1,10,-1,1,-1
201543R089075,1,9,0,18,0,0,0,0,0,0,0,1,1,2,25,5,1248,2,-1,-1,1,-1
201543R089075,2,9,0,13,0,0,0,0,0,0,3,1,6,2,24,5,1198,1,3,-1,1,-1
201543R089075,3,5,0,13,0,0,0,0,0,0,1,1,6,1,43,7,1293,1,5,-1,1,-1
201543R089085,1,9,0,3,0,0,0,0,4,6,1,1,1,2,27,6,1598,1,9,-1,1,-1
201543R089085,2,9,0,3,0,0,0,0,0,0,0,1,1,1,35,6,2993,2,11,-1,1,-1
201543R089085,3,9,0,3,0,0,0,0,5,6,2,1,1,2,37,7,1995,2,7,-1,1,-1
201543R089085,4,8,0,18,0,0,0,0,0,0,1,1,1,1,55,8,2148,2,7,-1,1,-1
201543R090015,1,2,0,18,0,0,0,0,0,0,4,1,6,1,16,4,50,1,1,-1,1,-1
201543R090015,2,9,0,4,0,0,0,0,0,0,0,1,3,2,61,9,1560,2,4,-1,1,-1
201543R090045,1,19,0,18,0,0,0,0,0,0,3,1,1,1,48,8,-1,-1,-1,-1,1,-1
201543R090055,1,9,0,18,0,0,1,0,6,0,2,1,1,1,26,6,1988,1,12,-1,1,-1
201543R090055,2,9,0,18,0,0,0,0,0,0,1,1,1,2,17,4,-1,-1,-1,-1,1,-1
201543R090085,1,9,0,18,0,1,0,0,0,0,1,1,6,1,-1,-1,-1,-1,-1,-1,-1,-1
201543R090085,2,9,0,3,0,1,0,0,0,0,2,1,6,2,23,5,4663,1,3,-1,1,-1
201543R090115,1,9,0,18,0,0,0,0,0,0,1,1,6,2,60,9,2995,1,11,-1,3,-1
201543R090115,2,9,0,3,0,0,0,0,0,0,2,1,6,1,24,5,998,1,4,-1,3,-1
201543R090115,3,9,0,3,0,0,0,0,0,0,2,1,6,1,33,6,1596,1,10,-1,1,-1
201543R090115,4,9,0,3,0,0,0,0,0,0,2,1,6,1,42,7,1598,1,6,-1,1,-1
201543R090115,5,9,0,3,0,0,0,0,0,0,2,1,6,2,64,9,1242,1,4,-1,1,-1
201543R091035,1,90,0,7,0,1,0,0,0,0,4,1,6,3,-1,-1,-1,-1,-1,-1,-1,-1
201543R091035,2,1,0,7,0,1,0,0,0,0,3,1,2,1,51,8,-1,-1,-1,-1,3,-1
201543R091055,1,1,0,18,0,1,1,0,0,0,1,1,6,1,36,7,-1,-1,-1,-1,1,-1
201543R091055,2,9,0,3,0,1,0,0,0,0,2,1,6,1,52,8,1497,1,11,-1,1,-1
201543R091115,1,19,0,9,0,6,0,0,0,0,4,1,6,1,51,8,-1,-1,-1,-1,1,-1
201543R091115,2,9,0,18,0,8,0,0,0,0,1,1,6,1,25,5,1995,2,11,-1,1,-1
201543R092015,1,21,0,18,0,0,0,0,0,0,1,1,1,1,62,9,6693,2,1,-1,1,-1
201543R092015,2,9,0,18,0,0,0,0,1,4,2,1,6,1,43,7,1995,1,12,-1,1,-1
201543R092025,1,9,0,18,0,0,0,0,7,4,1,1,6,1,26,6,2143,2,1,-1,1,-1
201543R092035,1,9,0,17,0,0,0,0,1,1,1,1,6,1,28,6,-1,-1,-1,-1,1,-1
201543R092055,1,9,0,18,0,0,2,0,1,4,1,1,6,1,21,5,1398,1,1,-1,1,-1
201543R092065,1,19,0,9,0,6,0,0,0,0,1,1,1,1,25,5,2143,2,2,-1,1,-1
201543R092065,2,9,0,18,0,8,0,0,0,0,4,1,6,1,79,11,1368,1,2,-1,1,-1
201543R092065,3,9,0,18,0,8,0,0,0,0,1,1,6,2,59,9,1689,2,13,-1,1,-1
201543R092115,1,9,0,18,0,8,0,0,1,0,1,1,6,1,23,5,1984,1,1,-1,1,-1
201543R092115,2,9,0,9,0,6,0,0,0,0,2,1,6,1,27,6,1596,1,4,-1,1,-1
201543R093015,1,9,0,6,0,0,0,0,0,0,3,1,6,1,25,5,1995,2,6,-1,1,-1
201543R093015,2,5,0,14,0,0,1,0,0,0,1,1,6,1,27,6,660,1,8,-1,1,-1
201543R093065,1,9,0,18,0,0,0,0,0,0,1,1,6,1,36,7,1896,2,13,-1,1,-1
201543R093115,1,1,0,18,0,8,0,0,0,0,1,1,4,1,15,3,-1,-1,-1,-1,1,-1
201543R093115,2,9,0,18,0,1,0,0,0,0,4,1,6,3,-1,-1,-1,-1,-1,-1,-1,-1
201543R094055,1,9,0,1,0,8,0,0,0,0,4,1,6,2,-1,-1,1490,1,10,-1,1,-1
201543R094055,2,9,0,1,0,6,0,0,0,0,2,1,6,2,38,7,1199,1,12,-1,1,-1
201543R094125,1,9,5,18,0,0,0,0,0,0,1,1,6,1,28,6,-1,-1,-1,-1,-1,-1
201543R094125,2,9,0,3,0,0,0,0,0,0,2,1,6,1,41,7,1461,2,5,-1,1,-1
201543R095015,1,9,0,4,0,2,0,0,0,0,1,1,2,2,41,7,1598,1,10,-1,1,-1
201543R095095,1,9,0,18,0,8,0,7,0,0,4,1,1,1,30,6,1997,1,11,-1,1,-1
201543R095095,2,9,0,18,0,8,0,0,0,0,1,1,1,1,35,6,1995,2,-1,-1,1,-1
201543R096015,1,98,0,11,0,0,1,0,0,0,1,1,1,1,51,8,2198,2,5,-1,1,-1
201543R096015,2,9,0,4,0,0,0,0,0,0,2,1,1,2,43,7,1796,1,9,-1,1,-1
201543R096015,3,9,0,4,0,0,0,0,0,0,2,1,1,2,32,6,1995,2,7,-1,1,-1
201543R096025,1,9,0,16,0,0,2,0,1,0,1,1,6,1,42,7,-1,-1,-1,-1,3,-1
201543R096085,1,9,0,4,0,0,0,0,0,0,1,1,6,2,27,6,1360,1,7,-1,1,-1
201543R096085,2,9,0,3,0,0,0,0,1,7,2,1,6,1,49,8,2993,2,7,-1,1,-1
201543R096085,3,9,0,3,0,0,0,0,0,0,2,1,6,1,36,7,1896,2,9,-1,1,-1
201543R096085,4,9,0,3,0,0,0,0,0,0,2,1,6,1,44,7,1598,1,3,-1,1,-1
201543R096085,5,9,0,3,0,0,0,0,0,0,2,1,6,2,47,8,1598,2,1,-1,1,-1
201543R096125,1,19,0,18,0,0,0,0,0,0,1,1,6,1,-1,-1,-1,-1,-1,-1,-1,-1
201543R096125,2,9,0,3,0,0,0,0,0,0,2,1,6,1,40,7,1242,1,12,-1,1,-1
201543R096125,3,9,0,3,0,0,0,0,0,0,2,1,6,3,55,8,-1,-1,-1,-1,3,-1
201543R096125,4,9,0,3,0,0,0,0,0,0,2,1,6,3,32,6,1364,1,-1,-1,1,-1
201543R097015,1,97,0,9,0,5,0,0,0,0,4,1,6,1,52,8,638,1,6,-1,1,-1
201543R097015,2,9,0,18,0,8,0,0,0,0,1,1,6,1,33,6,1968,2,9,-1,1,-1
201543R097075,1,9,0,4,0,7,0,0,0,0,2,1,6,1,20,4,1600,1,11,-1,1,-1
201543R097075,2,9,0,3,0,7,0,0,0,0,2,1,6,2,53,8,-1,3,1,-1,1,-1
201543R097075,3,9,0,18,0,7,0,0,0,0,1,1,6,1,25,5,1598,1,9,-1,-1,-1
201543R098025,1,20,0,18,0,0,0,0,0,0,3,1,1,1,28,6,3920,2,10,-1,3,-1
201543R098025,2,9,0,18,0,0,1,0,0,0,4,1,2,2,49,8,-1,-1,-1,-1,2,-1
201543R098025,3,21,0,4,0,0,0,0,0,0,2,1,1,1,49,8,11705,2,7,-1,1,-1
201543R098025,4,21,0,4,0,0,0,0,0,0,2,1,1,1,61,9,7146,2,3,-1,1,-1
201543R098045,1,9,0,7,0,6,0,0,0,0,3,1,6,1,-1,-1,-1,-1,-1,-1,-1,-1
201543R098045,2,3,0,18,0,1,0,0,0,0,4,1,1,1,28,6,125,1,-1,-1,1,-1
201543R098055,1,9,0,18,0,1,0,0,0,0,1,1,3,2,38,7,1998,2,7,-1,3,-1
201543R098055,2,9,0,4,0,1,0,0,0,0,2,1,2,1,23,5,1560,2,1,-1,1,-1
201543R098055,3,9,0,3,0,4,0,0,0,0,2,1,3,2,74,10,-1,-1,-1,-1,1,-1
201543R098055,4,9,0,9,0,8,0,0,0,0,4,1,3,2,42,7,1198,1,1,-1,1,-1
201543R099045,1,9,0,7,0,5,0,0,0,0,1,1,6,2,22,5,-1,-1,-1,-1,1,-1
201543R099045,2,9,0,3,0,6,0,0,0,0,1,1,6,1,29,6,1199,1,14,-1,1,-1
201543R099085,1,1,0,9,0,8,0,0,0,0,2,1,6,1,14,3,-1,-1,-1,-1,3,-1
201543R099085,2,9,0,18,0,8,0,0,0,0,1,1,6,2,42,7,1984,1,5,-1,1,-1
201543R100025,1,9,0,18,0,4,0,0,0,0,1,1,2,1,38,7,2099,1,13,-1,1,-1
201543R100025,2,1,0,18,0,4,0,0,0,0,2,1,6,1,22,5,-1,-1,-1,-1,3,-1
201543R100045,1,9,0,18,0,4,0,0,2,7,1,1,2,1,35,6,1199,1,13,-1,1,-1
201543R100065,1,9,0,18,0,0,0,0,0,0,1,1,6,2,46,8,3199,1,12,-1,1,-1
201543R100065,2,21,5,18,0,0,0,0,0,0,2,1,1,1,56,9,12777,2,-1,-1,1,-1
201543R100075,1,9,0,7,0,6,0,0,0,0,3,1,6,1,23,5,998,1,9,-1,1,-1
201543R100075,2,9,0,18,0,8,0,0,0,0,1,1,6,1,32,6,998,1,16,-1,1,-1
201543R100085,1,9,0,18,0,0,0,0,0,0,1,1,6,2,25,5,1388,1,4,-1,1,-1
201543R100085,2,9,0,3,0,0,0,0,0,0,2,1,6,1,27,6,998,1,-1,-1,1,-1
201543R100085,3,9,0,3,0,0,0,0,0,0,2,1,6,3,22,5,1896,2,8,-1,1,-1
201543R100095,1,9,0,18,0,8,0,0,0,0,1,1,2,1,31,6,1299,1,13,-1,1,-1
201543R100095,2,9,0,18,0,8,0,0,0,0,1,1,6,3,-1,-1,-1,-1,-1,-1,-1,-1
201543R100095,3,1,0,18,0,8,0,0,0,0,2,1,6,1,15,3,-1,-1,-1,-1,1,-1
201543R100115,1,9,0,18,0,0,1,0,2,7,1,1,6,1,28,6,1198,1,12,-1,1,-1
201543R100125,1,1,0,18,9,0,0,0,0,0,1,1,6,3,-1,-1,-1,-1,-1,-1,-1,-1
201543R101035,1,9,0,16,0,2,1,7,0,0,1,1,6,2,24,5,-1,-1,-1,-1,1,-1
201543R101045,1,3,0,18,0,1,1,0,0,0,1,1,6,1,19,4,49,1,5,-1,1,-1
201543R101045,2,9,0,10,0,1,0,0,0,0,3,1,6,2,50,8,995,1,8,-1,1,-1
201543R101055,1,9,0,11,0,0,1,0,0,0,4,1,6,1,22,5,998,1,3,-1,-1,-1
201543R101055,2,9,0,18,0,0,1,0,4,0,3,1,6,1,51,8,1997,1,16,-1,1,-1
201543R101085,1,9,0,12,0,3,0,0,0,0,3,1,1,1,35,6,1997,2,12,-1,1,-1
201543R101085,2,9,0,18,0,3,0,0,0,0,4,1,2,1,-1,-1,1798,1,5,-1,1,-1
201543R101095,1,9,0,13,0,2,0,0,0,0,1,1,6,2,46,8,1396,1,6,-1,1,-1
201543R101095,2,9,0,18,0,1,0,0,0,1,1,1,6,2,65,9,1596,1,9,-1,1,-1
201543R101095,3,9,0,18,0,2,0,0,0,0,3,1,6,2,47,8,1598,1,1,-1,1,-1
201543R101105,1,9,0,6,0,0,0,0,0,0,3,1,6,1,54,8,1796,1,5,-1,1,-1
201543R101105,2,1,0,14,0,0,0,0,0,0,1,1,2,1,51,8,-1,-1,-1,-1,1,-1
201543R101125,1,9,0,18,0,1,0,0,0,0,1,1,6,1,-1,-1,1390,1,7,-1,-1,-1
201543R101125,2,9,0,3,0,1,0,0,0,0,3,1,1,2,42,7,998,1,15,-1,1,-1
201543R102055,1,1,0,17,0,0,1,0,1,9,1,1,6,1,51,8,-1,-1,-1,-1,1,-1
201543R102065,1,9,0,12,0,0,1,0,5,6,1,1,6,2,23,5,-1,-1,-1,-1,1,-1
201543R102105,1,9,0,5,0,6,0,0,0,0,3,1,1,1,53,8,3189,1,10,-1,1,-1
201543R102105,2,1,0,18,0,8,0,0,0,0,4,1,1,1,47,8,-1,-1,-1,-1,1,-1
201543R102115,1,9,0,18,0,1,0,0,0,0,1,1,6,1,42,7,-1,-1,-1,-1,3,-1
201543R102115,2,9,0,9,0,6,0,0,0,0,2,1,6,1,83,11,1560,2,3,-1,1,-1
201543R103015,1,1,0,9,0,6,0,0,0,0,1,1,4,1,12,3,-1,-1,-1,-1,1,-1
201543R103015,2,9,0,18,0,8,0,0,0,0,3,1,3,2,30,6,1598,1,9,-1,1,-1
201543R103115,1,2,0,18,0,4,0,0,0,0,3,1,6,2,16,4,125,1,3,-1,1,-1
201543R103115,2,9,0,9,0,8,0,0,0,0,4,1,6,2,27,6,1799,1,8,-1,1,-1
201543R104025,1,9,0,7,0,3,0,0,0,0,4,1,1,1,72,10,1596,1,11,-1,1,-1
201543R104025,2,1,0,9,0,8,0,0,0,0,3,1,1,1,46,8,-1,-1,-1,-1,1,-1
201543R104065,1,3,0,9,0,5,0,0,7,9,4,1,2,2,31,6,124,1,-1,-1,1,-1
201543R104065,2,4,0,13,0,8,0,0,0,0,3,1,6,1,36,7,250,1,10,-1,1,-1
201543R104115,1,9,0,18,0,0,1,0,1,11,1,1,6,2,42,7,2993,2,2,-1,3,-1
201543R104115,2,9,0,2,9,0,0,0,0,0,4,1,6,1,27,6,1988,1,15,-1,3,-1
201543R104125,1,9,0,18,0,0,0,0,0,0,1,1,6,1,-1,-1,-1,-1,-1,-1,1,-1
201543R104125,2,9,0,18,0,0,0,0,0,0,2,1,6,2,24,5,1390,1,2,-1,2,-1
201543R105055,1,5,0,18,0,1,0,0,0,0,1,1,6,1,25,5,600,1,11,-1,1,-1
201543R105055,2,5,0,10,0,1,0,0,0,0,2,1,6,1,26,6,999,1,4,-1,1,-1
201543R105075,1,9,0,9,0,8,0,0,0,0,4,1,6,1,23,5,2979,1,11,-1,1,-1
201543R105075,2,9,0,18,0,8,1,0,7,11,4,1,6,1,39,7,1600,1,14,-1,1,-1
201543R105085,1,21,1,4,0,0,0,0,0,0,1,1,1,1,46,8,12900,2,7,-1,1,-1
201543R105085,2,19,0,3,0,0,0,0,0,0,2,1,1,1,48,8,1995,2,2,-1,1,-1
201543R105085,3,21,1,3,0,0,0,0,0,0,2,1,1,1,67,10,11967,2,1,-1,1,-1
201543R105095,1,9,0,4,0,0,1,0,0,0,1,1,6,1,29,6,1796,1,12,-1,1,-1
201543R105095,2,9,0,3,0,0,0,0,0,0,2,1,6,1,57,9,1968,2,4,-1,1,-1
201543R105095,3,19,0,3,0,0,0,0,0,0,2,1,1,1,19,4,1598,2,-1,-1,3,-1
201543R105095,4,19,0,3,0,0,0,0,0,0,2,1,1,1,44,7,2299,2,1,-1,1,-1
201543R105105,1,9,0,18,9,6,0,0,0,0,1,1,6,1,-1,-1,-1,-1,-1,-1,1,-1
201543R105105,2,1,0,18,9,8,0,0,0,0,1,1,6,2,30,6,-1,-1,-1,-1,1,-1
201543R105115,1,9,0,18,0,1,0,0,0,0,1,1,6,1,35,6,1299,1,9,-1,1,-1
201543R105115,2,9,0,3,0,1,0,0,0,0,2,1,2,2,27,6,1149,1,12,-1,1,-1
201543R106015,1,9,0,18,0,0,0,0,0,0,1,1,6,1,40,7,1753,2,13,-1,1,-1
201543R106075,1,9,0,9,0,8,0,0,0,0,3,1,1,1,19,4,1998,2,10,-1,1,-1
201543R106075,2,19,0,18,0,8,1,0,0,0,1,1,1,2,48,8,-1,-1,-1,-1,1,-1
201543R106085,1,9,0,18,0,6,0,0,0,0,1,1,2,1,38,7,1490,1,9,-1,1,-1
201543R106085,2,19,0,3,0,6,0,0,0,0,2,1,2,1,29,6,2198,2,1,-1,1,-1
201543R107085,1,9,0,17,0,0,0,0,0,0,1,1,6,1,23,5,1299,1,8,-1,1,-1
201543R107085,2,9,0,16,0,0,0,0,0,0,1,1,6,1,65,9,2149,2,8,-1,1,-1
201543R107105,1,19,0,18,0,0,0,0,0,0,1,1,6,3,-1,-1,1686,2,14,-1,1,-1
201543R107105,2,9,0,4,0,0,0,0,0,0,2,1,6,1,35,6,1797,8,5,-1,1,-1
201543R108035,1,9,0,9,0,5,0,0,0,0,0,1,3,2,42,7,2143,2,2,-1,1,-1
201543R108035,2,1,0,18,0,2,0,0,0,0,3,1,2,1,25,5,-1,-1,-1,-1,1,-1
201543R108085,1,9,0,18,0,0,0,0,0,0,1,1,6,1,61,9,2492,1,14,-1,1,-1
201543R108085,2,9,0,4,0,0,0,0,0,0,2,1,6,2,50,8,1598,1,3,-1,2,-1
201543R108085,3,9,0,4,0,0,0,0,0,0,2,1,6,2,56,9,2143,2,4,-1,-1,-1
201543R108085,4,9,0,4,0,0,0,0,0,0,2,1,6,1,-1,-1,1984,1,15,-1,2,-1