Accident_Index,Vehicle_Reference,Vehicle_Type,Towing_and_Articulation,Vehicle_Manoeuvre,Vehicle_Location-Restricted_Lane,Junction_Location,Skidding_and_Overturning,Hit_Object_in_Carriageway,Vehicle_Leaving_Carriageway,Hit_Object_off_Carriageway,1st_Point_of_Impact,Was_Vehicle_Left_Hand_Drive?,Journey_Purpose_of_Driver,Sex_of_Driver,Age_of_Driver,Age_Band_of_Driver,Engine_Capacity_(CC),Propulsion_Code,Age_of_Vehicle,Driver_IMD_Decile,Driver_Home_Area_Type,Vehicle_IMD_Decile
201543S005125,3,9,0,8,0,1,0,0,0,0,3,1,6,1,50,8,2198,2,8,-1,-1,-1
201543S006015,1,9,0,9,0,6,0,0,0,0,1,1,1,1,42,7,1798,8,2,-1,1,-1
201543S006015,2,1,0,18,0,8,0,0,0,0,4,1,6,2,47,8,-1,-1,-1,-1,3,-1
201543S006125,1,9,0,18,0,4,0,0,0,0,3,1,6,1,45,7,1998,2,5,-1,1,-1
201543S006125,2,4,0,18,0,3,0,0,0,0,1,1,6,1,53,8,-1,-1,-1,-1,1,-1
201543S007055,1,9,0,18,0,4,0,0,0,0,1,1,6,2,22,5,1598,1,9,-1,1,-1
201543S007055,2,9,0,18,0,8,0,0,0,0,4,1,6,1,18,4,1598,1,9,-1,1,-1
201543S007095,1,9,0,9,0,4,0,0,0,0,1,1,6,2,47,8,-1,-1,-1,-1,3,-1
201543S007095,2,3,0,18,0,8,0,0,0,0,4,1,6,2,17,4,124,1,2,-1,3,-1
201543S007125,1,9,0,18,0,8,0,0,7,11,1,1,6,2,37,7,1968,2,-1,-1,-1,-1
201543S007125,2,9,0,18,0,8,0,0,0,0,1,1,6,2,34,6,1997,2,10,-1,1,-1
201543S008015,1,9,0,18,0,8,0,0,0,0,1,1,6,3,-1,-1,-1,-1,-1,-1,-1,-1
201543S008025,1,9,0,18,0,0,0,0,0,0,1,1,2,2,25,5,-1,-1,-1,-1,1,-1
201543S008025,2,9,0,4,0,0,0,0,0,0,2,1,2,2,23,5,1197,1,1,-1,1,-1
201543S008025,3,9,0,4,0,0,0,0,0,0,2,1,6,1,45,7,-1,-1,-1,-1,1,-1
201543S008065,1,9,0,9,0,8,0,0,0,0,4,1,2,1,61,9,1198,1,9,-1,-1,-1
201543S008065,2,9,0,18,0,1,0,0,0,0,1,1,3,2,19,4,1198,1,5,-1,3,-1
201543S008065,3,9,0,10,0,1,0,0,0,0,1,1,2,1,45,7,954,1,19,-1,1,-1
201543S008095,1,9,0,9,0,6,0,0,0,0,1,1,6,1,22,5,1395,1,1,-1,1,-1
201543S008095,2,3,0,18,0,1,0,0,0,0,4,1,6,1,18,4,125,1,-1,-1,1,-1
201543S009025,1,9,0,18,0,0,0,0,0,0,1,1,6,1,39,7,1783,1,13,-1,1,-1
201543S009025,2,9,0,3,0,0,0,0,0,0,2,1,6,1,72,10,-1,-1,-1,-1,1,-1
201543S009065,1,9,0,9,0,6,0,0,0,0,3,1,6,1,74,10,1797,1,24,-1,2,-1
201543S009065,2,9,0,18,0,1,0,0,0,0,1,1,2,1,29,6,1086,1,7,-1,1,-1
201543S009085,1,90,0,18,9,0,0,0,0,0,1,1,6,1,45,7,-1,-1,-1,-1,1,-1
201543S010015,1,9,0,1,0,0,0,0,7,10,2,1,6,2,83,11,1248,1,3,-1,1,-1
201543S010025,1,9,0,9,0,8,0,0,0,0,1,1,6,2,57,9,1598,1,15,-1,1,-1
201543S010025,2,9,0,18,0,8,1,0,0,0,3,1,6,2,27,6,1984,2,9,-1,1,-1
201543S010025,3,9,0,10,0,1,0,0,0,0,1,1,1,1,27,6,1124,1,14,-1,1,-1
201543S010045,1,9,0,18,0,0,0,0,0,0,1,1,1,1,55,8,-1,-1,-1,-1,1,-1
201543S010055,1,3,0,11,0,0,1,0,0,0,3,1,1,1,19,4,124,1,10,-1,1,-1
201543S010065,1,9,0,2,0,0,0,0,0,0,1,1,3,3,50,8,1560,2,7,-1,-1,-1
201543S010095,1,9,0,18,0,1,0,0,0,0,1,1,6,2,72,10,2360,1,7,-1,1,-1
201543S010095,2,9,0,3,0,1,0,0,0,0,2,1,6,1,51,8,1998,8,-1,-1,1,-1
201543S010095,3,9,0,3,0,1,0,0,0,0,2,1,6,2,40,7,998,1,3,-1,3,-1
201543S010095,4,19,0,3,0,1,0,0,0,0,2,1,6,1,35,6,2143,2,-1,-1,1,-1
201543S010105,1,9,0,18,0,8,0,0,0,0,1,1,6,1,-1,-1,1910,2,7,-1,1,-1
201543S010105,2,9,0,18,0,8,0,0,0,0,4,1,6,1,24,5,1229,1,-1,-1,1,-1
201543S010115,1,9,0,18,0,0,0,0,0,0,3,1,3,1,-1,-1,-1,-1,-1,-1,-1,-1
201543S011025,1,19,0,1,0,0,0,0,0,0,2,1,1,1,36,7,2998,2,5,-1,1,-1
201543S011025,2,9,0,3,0,0,0,0,0,0,1,1,6,2,35,6,1598,1,3,-1,2,-1
201543S011045,1,9,0,7,0,6,0,0,1,4,2,1,6,1,58,9,-1,-1,-1,-1,1,-1
201543S011045,2,9,0,18,0,8,0,0,0,0,1,1,6,1,32,6,3189,1,9,-1,1,-1
201543S011045,3,9,0,18,0,8,0,0,6,0,0,1,6,1,35,6,1596,1,1,-1,3,-1
201543S012115,1,19,0,18,0,0,1,0,0,0,1,1,1,1,25,5,1995,2,1,-1,1,-1
201543S012115,2,9,0,2,0,0,0,0,0,0,2,1,6,1,27,6,1798,1,6,-1,1,-1
201543S013035,1,9,0,7,0,6,0,0,0,0,1,1,1,1,55,8,1995,2,4,-1,3,-1
201543S013035,2,9,0,18,0,8,0,0,0,0,4,1,1,2,43,7,1598,1,10,-1,1,-1
201543S013075,1,9,0,7,0,3,0,0,0,0,1,1,6,1,48,8,1596,1,1,-1,1,-1
201543S013075,2,21,1,18,0,8,0,0,0,0,4,1,1,1,37,7,11946,2,3,-1,1,-1
201543S013095,1,9,0,5,0,1,0,0,0,0,1,1,6,2,37,7,1896,2,15,-1,-1,-1
201543S013095,2,9,0,4,0,1,0,0,0,0,2,1,6,2,30,6,1398,1,-1,-1,1,-1
201543S013115,1,9,0,18,0,0,1,0,0,0,1,1,6,1,25,5,1199,1,13,-1,1,-1
201543S014025,1,9,0,16,0,0,2,0,7,0,1,1,2,2,34,6,-1,-1,-1,-1,2,-1
201543S014045,1,3,0,17,0,0,1,0,1,0,3,1,6,1,17,4,124,1,3,-1,1,-1
201543S014075,1,9,0,4,0,0,0,0,0,0,2,1,6,2,21,5,1386,1,11,-1,1,-1
201543S014075,2,9,0,4,0,0,0,0,0,0,2,1,6,2,21,5,1995,1,8,-1,2,-1
201543S014075,3,9,0,4,0,0,0,0,0,0,2,1,6,2,68,10,1332,1,6,-1,-1,-1
201543S014075,4,9,0,4,0,0,0,0,0,0,1,1,6,2,25,5,2993,2,5,-1,1,-1
201543S014085,1,9,0,18,0,1,0,0,0,0,1,1,6,1,27,6,3199,1,14,-1,1,-1
201543S014085,2,9,0,4,0,1,0,0,0,0,2,1,6,2,29,6,1591,1,-1,-1,1,-1
201543S014095,1,9,0,18,0,4,0,0,0,0,1,1,2,1,42,7,1991,1,2,-1,1,-1
201543S014095,2,1,0,18,0,8,0,0,0,0,2,1,2,1,58,9,-1,-1,-1,-1,1,-1
201543S014115,1,9,0,18,0,1,0,0,0,0,1,1,6,3,-1,-1,2993,2,8,-1,1,-1
201543S014115,2,9,0,4,0,1,0,0,0,0,2,1,1,1,37,7,1968,2,7,-1,1,-1
201543S015035,1,9,0,6,0,8,0,0,4,6,3,1,1,1,42,7,1956,2,-1,-1,1,-1
201543S015035,2,9,0,18,0,1,0,0,0,0,1,1,6,1,17,4,1896,2,14,-1,1,-1
201543S015045,1,9,0,18,0,1,2,10,1,1,1,1,6,1,28,6,1896,2,13,-1,3,-1
201543S015115,1,9,0,9,0,4,0,0,0,0,3,1,1,1,33,6,1598,2,-1,-1,3,-1
201543S015115,2,9,0,18,0,8,0,0,0,0,1,1,1,1,40,7,2179,2,1,-1,2,-1
201543S016035,1,9,0,18,0,0,5,0,1,0,2,1,6,1,60,9,-1,-1,-1,-1,1,-1
201543S016035,2,21,1,18,0,0,0,0,0,0,1,2,1,1,31,6,-1,-1,-1,-1,-1,-1
201543S016075,1,9,0,9,0,6,0,0,0,0,1,1,2,1,30,6,-1,-1,-1,-1,1,-1
201543S016075,2,9,0,14,0,1,1,0,0,0,1,1,2,2,26,6,1560,2,1,-1,1,-1
201543S016095,1,8,0,18,0,1,0,0,0,0,1,1,1,1,32,6,1797,8,6,-1,1,-1
201543S016095,2,9,0,3,0,1,0,0,0,0,2,1,6,1,55,8,1896,2,11,-1,-1,-1
201543S017035,1,9,0,18,0,1,0,0,0,0,4,1,6,1,40,7,1332,1,7,-1,1,-1
201543S017045,1,21,1,9,0,8,0,0,0,0,1,1,1,1,30,6,11967,2,4,-1,1,-1
201543S017045,2,9,0,18,0,1,0,0,0,0,1,1,6,2,54,8,-1,-1,-1,-1,3,-1
201543S017075,1,9,0,9,0,6,0,0,0,0,1,1,6,1,-1,-1,1991,1,-1,-1,-1,-1
201543S017075,2,9,0,7,0,5,0,0,0,0,4,1,6,1,49,8,1910,2,5,-1,1,-1
201543S018015,1,9,0,7,0,6,0,0,0,0,3,1,6,1,36,7,1988,2,11,-1,1,-1
201543S018015,2,9,0,18,0,1,0,0,7,0,1,1,6,2,26,6,998,1,9,-1,1,-1
201543S018015,3,19,0,2,0,2,0,0,0,0,4,1,6,1,35,6,2298,2,3,-1,1,-1
201543S018075,1,9,0,9,0,6,0,0,0,0,3,1,2,1,19,4,1390,1,15,-1,1,-1
201543S018075,2,9,0,18,0,1,1,0,0,0,1,1,6,2,61,9,1331,1,21,-1,1,-1
201543S018105,1,9,0,14,0,0,0,0,0,0,1,1,6,2,23,5,1197,1,3,-1,1,-1
201543S018115,1,9,0,9,0,8,0,0,0,1,3,1,1,1,34,6,1956,2,1,-1,2,-1
201543S018115,2,9,0,18,0,8,0,0,0,0,1,1,1,2,50,8,1242,1,14,-1,1,-1
201543S019015,1,9,0,12,0,0,0,0,0,0,2,1,6,2,48,8,1240,1,10,-1,1,-1
201543S019015,2,9,0,18,0,0,0,0,0,0,1,1,6,2,46,8,1124,1,14,-1,1,-1
201543S019035,1,9,0,5,0,1,0,0,0,0,1,1,6,2,40,7,1390,1,3,-1,3,-1
201543S019035,2,9,0,3,0,1,0,0,0,0,2,1,6,2,36,7,1796,1,10,-1,3,-1
201543S019065,1,9,0,18,0,0,0,0,0,0,1,1,6,1,38,7,1596,1,13,-1,1,-1
201543S019115,1,-1,0,18,0,0,0,0,0,0,3,1,6,3,-1,-1,-1,-1,-1,-1,-1,-1
201543S019115,2,9,0,18,0,0,0,0,7,9,3,1,2,2,62,9,1995,2,-1,-1,3,-1
201543S020015,1,9,0,18,0,0,1,0,2,7,4,1,6,2,19,4,-1,-1,-1,-1,1,-1
201543S020015,2,9,0,18,0,0,0,0,0,0,0,1,6,1,52,8,1461,2,1,-1,2,-1
201543S020035,1,9,0,18,0,0,0,0,0,0,4,1,6,3,-1,-1,-1,-1,-1,-1,-1,-1
201543S020045,1,9,0,18,0,8,0,0,0,0,3,1,6,1,42,7,1910,2,7,-1,2,-1
201543S020045,2,9,0,5,0,8,0,0,0,0,1,1,6,1,60,9,1560,2,6,-1,2,-1
201543S020105,1,9,0,18,0,4,0,0,0,0,1,1,6,3,-1,-1,-1,-1,-1,-1,-1,-1
201543S020105,2,1,0,9,0,3,0,0,0,0,2,1,6,1,34,6,-1,-1,-1,-1,1,-1
201543S022085,1,9,0,12,0,0,0,0,0,0,3,1,6,1,48,8,2967,2,9,-1,1,-1
201543S022085,2,9,0,18,0,0,0,0,0,0,4,1,1,1,53,8,1997,2,-1,-1,1,-1
201543S023045,1,19,0,18,0,0,0,0,0,0,-1,1,6,1,-1,-1,-1,-1,-1,-1,-1,-1
201543S023055,1,9,0,9,0,8,0,0,0,0,3,1,6,1,32,6,1896,2,7,-1,1,-1
201543S023055,2,3,0,18,0,1,1,0,0,0,1,1,6,1,34,6,124,1,14,-1,1,-1
201543S023125,1,9,0,5,0,1,0,0,0,0,1,1,6,1,65,9,-1,-1,-1,-1,1,-1
201543S023125,2,9,0,8,0,1,0,0,0,0,2,1,6,1,23,5,1598,2,4,-1,1,-1
201543S024025,1,21,1,18,0,1,1,0,0,0,1,1,1,1,40,7,11705,2,3,-1,3,-1
201543S024025,2,9,4,3,0,1,0,0,0,0,2,1,6,1,36,7,-1,-1,-1,-1,2,-1
201543S024025,3,9,0,10,0,8,0,0,0,0,2,1,6,1,38,7,-1,-1,-1,-1,1,-1
201543S024025,4,9,0,3,0,1,0,0,1,0,2,1,6,1,-1,-1,2495,2,19,-1,2,-1
201543S024035,1,9,0,9,0,1,0,0,0,0,1,1,6,3,-1,-1,-1,-1,-1,-1,-1,-1
201543S024075,1,9,0,18,0,0,0,0,0,0,4,1,6,2,34,6,1896,2,7,-1,1,-1
201543S024085,1,9,0,4,0,0,0,0,0,0,2,1,6,1,26,6,-1,-1,-1,-1,1,-1
201543S024085,2,97,0,12,0,0,1,0,0,0,1,1,6,1,25,5,599,1,15,-1,-1,-1
201543S024105,1,21,0,12,0,0,0,0,0,0,2,1,1,1,32,6,4500,2,8,-1,1,-1
201543S024105,2,9,0,18,0,0,1,0,0,0,1,1,6,1,26,6,1984,1,-1,-1,-1,-1
201543S025015,1,9,0,9,0,5,0,0,0,0,1,1,6,2,24,5,1598,1,13,-1,1,-1
201543S025025,1,9,0,3,0,1,0,0,0,0,2,1,6,1,53,8,1560,2,1,-1,3,-1
201543S025025,2,9,0,5,0,1,0,0,0,0,1,1,6,2,28,6,1896,2,10,-1,1,-1
201543S025055,1,9,0,18,0,1,0,0,0,0,1,1,6,3,-1,-1,1598,1,5,-1,-1,-1
201543S025055,2,9,0,3,0,1,0,0,0,0,2,1,6,1,34,6,1995,2,11,-1,1,-1
201543S025105,1,9,0,9,0,8,0,0,0,0,1,1,6,1,29,6,1199,1,11,-1,1,-1
201543S025105,2,9,0,18,0,8,0,0,1,0,3,1,6,2,19,4,1242,1,8,-1,2,-1
201543S025105,3,9,0,10,0,1,0,0,0,0,1,1,6,1,49,8,1598,1,15,-1,1,-1
201543S026045,1,9,0,11,0,0,0,0,0,0,1,1,2,1,22,5,1198,1,13,-1,1,-1
201543S026045,2,19,0,4,0,0,0,0,0,0,2,1,2,1,45,7,2148,2,8,-1,1,-1
201543S026055,1,9,0,4,0,1,0,0,0,0,2,1,2,2,39,7,1998,2,8,-1,2,-1
201543S026055,2,9,0,4,0,1,0,0,0,0,1,1,2,2,59,9,1498,1,6,-1,3,-1
201543S026085,1,9,0,18,0,0,1,0,0,0,1,1,6,1,80,11,1299,1,16,-1,1,-1
201543S026085,2,9,0,3,0,0,0,0,0,0,2,1,6,1,53,8,1149,1,4,-1,1,-1
201543S026105,1,9,0,18,0,6,0,0,0,0,1,1,6,1,21,5,1781,1,17,-1,1,-1
201543S026105,2,9,0,18,0,8,0,0,0,0,4,1,1,1,46,8,1596,1,12,-1,1,-1
201543S027095,1,9,0,18,0,8,0,0,0,0,3,1,6,1,43,7,2179,2,2,-1,3,-1
201543S027095,2,9,0,7,0,3,0,0,0,0,4,1,6,2,42,7,-1,-1,-1,-1,1,-1
201543S027105,1,9,0,18,0,1,0,0,0,0,1,1,6,2,36,7,1968,2,9,-1,-1,-1
201543S027105,2,9,0,4,0,1,0,0,0,0,2,1,6,2,50,8,1360,1,8,-1,1,-1
201543S028025,1,9,0,18,0,0,0,0,0,0,1,1,2,1,36,7,1995,2,9,-1,1,-1
201543S028025,2,9,0,18,0,0,5,0,1,7,2,1,6,2,44,7,1299,1,14,-1,1,-1
201543S028035,1,9,0,9,0,2,0,0,0,0,1,1,6,1,-1,-1,1840,1,13,-1,-1,-1
201543S028035,2,9,0,1,0,1,0,0,0,0,2,1,6,2,49,8,1686,2,2,-1,1,-1
201543S028085,1,9,0,18,0,8,0,0,1,11,1,1,1,1,22,5,1910,2,7,-1,1,-1
201543S028085,2,19,0,9,0,8,0,0,7,4,1,1,6,1,48,8,1868,2,13,-1,1,-1
201543S028105,1,9,0,18,0,0,1,0,5,6,1,1,6,2,54,8,1248,2,6,-1,1,-1
201543S028115,1,98,0,11,0,0,0,0,1,0,4,1,1,1,34,6,6692,2,7,-1,1,-1
201543S028115,2,9,0,18,0,0,0,0,0,0,3,1,2,2,67,10,1493,2,8,-1,1,-1
201543S028125,1,9,0,7,0,4,0,0,0,0,1,1,2,1,35,6,1598,2,-1,-1,1,-1
201543S028125,2,1,0,18,0,8,0,0,0,0,4,1,2,1,44,7,-1,-1,-1,-1,1,-1
201543S029085,1,19,0,9,0,8,0,0,0,0,1,2,1,1,66,10,-1,-1,-1,-1,-1,-1
201543S029085,2,9,0,12,0,1,1,0,4,0,3,1,2,1,26,6,1595,1,7,-1,1,-1
201543S029105,1,3,0,4,0,1,1,0,0,0,4,1,1,1,22,5,125,1,1,-1,1,-1
201543S029115,1,9,0,9,0,8,0,0,0,0,1,1,6,2,28,6,2143,2,-1,-1,2,-1
201543S029115,2,9,0,9,0,8,0,0,0,0,2,1,6,1,21,5,1590,1,10,-1,1,-1
201543S029125,1,9,0,18,0,1,0,0,0,0,1,1,6,1,50,8,1997,2,6,-1,-1,-1
201543S029125,2,9,0,4,0,1,0,0,0,0,2,1,6,2,36,7,2198,1,12,-1,1,-1
201543S030025,1,19,0,18,0,0,1,0,0,0,1,1,6,1,32,6,2198,2,3,-1,1,-1
201543S030025,2,9,0,3,0,0,0,0,0,0,2,1,2,1,22,5,1998,1,7,-1,1,-1
201543S030025,3,9,0,3,0,0,0,0,0,0,2,1,2,2,33,6,1596,1,7,-1,1,-1
201543S030025,4,9,0,3,0,0,0,0,0,0,2,1,6,2,64,9,1997,1,15,-1,1,-1
201543S030095,1,9,0,18,0,1,0,0,0,0,1,1,6,2,44,7,1360,1,9,-1,1,-1
201543S030095,2,9,0,4,0,1,0,0,0,0,2,1,6,1,59,9,-1,-1,-1,-1,1,-1
201543S030105,1,9,0,17,0,0,0,0,1,9,1,1,2,2,28,6,1796,1,13,-1,1,-1
201543S030125,1,9,0,5,0,0,0,0,0,0,3,1,6,1,26,6,1910,2,8,-1,1,-1
201543S030125,2,5,0,13,0,0,0,0,0,0,4,1,6,1,36,7,745,1,17,-1,1,-1
201543S030125,3,9,0,18,0,0,0,0,0,0,3,1,3,1,44,7,1339,1,10,-1,1,-1
201543S031035,1,9,0,9,0,8,0,0,0,0,1,1,3,1,43,7,1598,1,10,-1,1,-1
201543S031035,2,9,0,18,0,1,0,0,1,0,3,1,3,1,50,8,1497,8,7,-1,1,-1
201543S031105,1,9,0,18,0,0,0,0,0,0,1,1,2,2,33,6,1995,2,-1,-1,1,-1
201543S031105,2,9,0,4,0,0,0,0,0,0,2,1,2,2,51,8,1560,2,1,-1,3,-1
201543S031115,1,9,0,18,0,0,0,0,0,0,1,1,6,2,31,6,1896,2,13,-1,1,-1
201543S031115,2,9,0,4,0,0,0,0,0,0,2,1,6,1,33,6,1198,1,7,-1,1,-1
201543S031115,3,9,0,4,0,0,0,0,0,0,2,1,6,2,35,6,1618,1,-1,-1,2,-1
201543S031125,1,9,0,9,0,8,0,0,0,0,1,1,6,1,34,6,1995,2,12,-1,1,-1
201543S031125,2,9,0,18,0,1,0,0,0,0,1,1,6,2,49,8,1997,2,14,-1,1,-1
201543S031125,3,9,0,10,0,1,0,0,0,0,1,1,6,1,54,8,1998,2,11,-1,1,-1
201543S032015,1,9,0,18,0,0,1,0,2,7,1,1,6,1,28,6,1598,1,16,-1,-1,-1
201543S032015,2,9,0,18,0,0,0,0,0,0,2,1,6,2,62,9,-1,-1,-1,-1,1,-1
201543S032035,1,9,0,9,0,8,0,0,0,0,1,1,6,1,20,4,1596,1,14,-1,-1,-1
201543S032035,2,9,0,1,0,8,0,0,0,0,2,1,6,1,18,4,1199,1,13,-1,1,-1
201543S032055,1,9,0,9,0,8,0,0,0,0,1,1,6,2,31,6,1598,1,15,-1,1,-1
201543S032055,2,4,0,18,0,1,0,0,0,0,1,1,2,2,20,4,124,1,3,-1,1,-1
201543S032105,1,9,0,14,0,0,0,0,0,0,1,1,3,2,35,6,1498,1,4,-1,-1,-1
201543S032105,2,9,0,18,0,0,0,0,0,0,1,1,2,2,45,7,1598,1,4,-1,1,-1
201543S032125,1,9,0,18,0,1,0,0,0,0,2,1,6,2,-1,-1,-1,-1,-1,-1,-1,-1
201543S032125,2,1,0,18,0,1,0,0,0,0,4,1,6,1,13,3,-1,-1,-1,-1,1,-1
201543S033045,1,21,0,18,0,0,0,0,0,0,4,1,1,1,40,7,12740,2,-1,-1,1,-1
201543S033045,2,9,0,2,0,0,0,0,0,0,3,1,6,1,71,10,2179,2,-1,-1,2,-1
201543S033055,1,10,0,9,0,6,0,0,0,0,3,1,6,1,55,8,2402,2,12,-1,1,-1
201543S033055,2,9,0,18,0,1,0,0,0,0,1,1,6,1,32,6,1689,2,12,-1,1,-1
201543S033095,1,9,0,9,0,8,0,0,0,0,1,1,2,2,54,8,1995,2,4,-1,-1,-1
201543S033095,2,9,0,18,0,1,0,0,0,0,1,1,2,2,42,7,2198,2,7,-1,1,-1
201543S033095,3,9,0,18,0,1,0,0,0,0,1,1,2,1,22,5,-1,-1,-1,-1,1,-1
201543S034035,1,9,0,18,0,1,0,7,3,1,1,1,6,1,24,5,1596,1,6,-1,3,-1
201543S035015,1,9,0,13,0,0,0,0,0,0,2,1,6,1,28,6,1199,1,15,-1,1,-1
201543S035015,2,9,0,18,0,0,0,0,1,0,1,1,6,1,29,6,-1,-1,-1,-1,1,-1
201543S035015,3,8,0,18,0,0,0,0,1,0,1,1,6,1,29,6,1896,2,5,-1,1,-1
201543S035015,4,9,0,18,0,0,0,0,0,0,1,1,6,1,22,5,1248,2,3,-1,1,-1
201543S035035,1,9,0,18,0,0,1,0,0,0,1,1,6,1,79,11,1587,1,11,-1,2,-1
201543S035035,2,9,0,2,0,0,0,0,0,0,1,1,6,3,-1,-1,1596,1,4,-1,2,-1
201543S035055,1,9,0,18,0,6,0,0,0,0,1,1,6,2,40,7,1598,1,1,-1,1,-1
201543S035055,2,1,0,18,0,1,0,0,0,0,4,1,6,1,15,3,-1,-1,-1,-1,1,-1
201543S035125,1,9,0,6,0,0,0,0,0,0,3,1,6,1,30,6,1598,1,16,-1,-1,-1
201543S035125,2,3,0,18,0,0,0,0,0,0,1,1,2,1,31,6,125,1,1,-1,1,-1
201543S036045,1,21,0,18,0,0,5,0,1,4,1,1,1,1,45,7,4500,2,-1,-1,1,-1
201543S036085,1,8,0,18,0,0,0,0,0,0,4,1,6,1,45,7,1497,1,6,-1,1,-1
201543S036085,2,1,0,18,0,0,0,0,0,0,1,1,6,1,15,3,-1,-1,-1,-1,1,-1
201543S036095,1,9,0,18,0,1,0,0,0,0,1,1,6,1,65,9,1599,1,8,-1,-1,-1
201543S036095,2,9,0,3,0,1,0,0,0,0,2,1,6,2,32,6,1598,1,8,-1,3,-1
201543S036125,1,9,0,5,0,1,0,0,0,0,1,1,2,2,31,6,1783,1,12,-1,1,-1
201543S036125,2,9,0,3,0,1,0,0,0,0,2,1,2,2,34,6,998,1,2,-1,2,-1
201543S037065,1,1,0,18,0,1,1,0,0,0,3,1,6,1,15,3,-1,-1,-1,-1,1,-1
201543S037065,2,9,0,18,0,1,0,0,0,0,1,1,6,3,-1,-1,-1,-1,-1,-1,-1,-1
201543S037105,1,9,0,6,0,0,0,0,0,0,3,1,1,1,45,7,2400,2,3,-1,-1,-1
201543S037105,2,9,0,18,0,0,0,0,0,0,1,1,2,1,21,5,1796,1,8,-1,1,-1
201543S038025,1,9,0,17,0,0,1,10,8,11,1,1,6,2,41,7,-1,-1,-1,-1,2,-1
201543S038035,1,9,0,18,0,0,0,0,0,0,1,1,1,1,19,4,1398,2,3,-1,1,-1
201543S038035,2,9,0,4,0,0,0,0,0,0,2,1,6,1,29,6,1686,2,4,-1,1,-1
201543S038045,1,9,0,18,0,0,0,0,1,4,1,1,6,2,61,9,-1,-1,-1,-1,1,-1
201543S038065,1,19,0,9,0,8,0,0,0,0,1,1,1,1,46,8,2198,2,4,-1,1,-1
201543S038065,2,9,0,18,0,1,0,0,0,0,1,1,6,2,25,5,1086,1,9,-1,1,-1
201543S038095,1,9,0,9,0,8,0,0,0,0,1,1,6,1,47,8,1560,2,6,-1,1,-1
201543S038095,2,9,0,18,0,1,1,0,0,0,1,1,6,2,38,7,1499,1,-1,-1,3,-1
201543S039035,1,9,0,18,0,0,1,0,1,1,1,1,6,1,41,7,1796,1,11,-1,1,-1
201543S040035,1,19,2,15,0,0,0,0,0,0,3,1,6,3,-1,-1,2461,2,5,-1,-1,-1
201543S040035,2,11,0,18,0,0,0,0,0,0,4,1,3,1,61,9,12902,2,1,-1,1,-1
201543S040075,1,9,0,18,0,0,0,0,0,0,1,1,1,1,42,7,1999,1,8,-1,1,-1
201543S040075,2,9,0,18,0,0,0,0,1,0,1,1,1,2,33,6,1364,1,8,-1,1,-1
201543S040085,1,5,0,18,0,4,1,0,1,0,0,1,6,1,26,6,599,1,8,-1,1,-1
201543S041025,1,9,0,9,0,8,0,0,0,0,3,1,6,1,78,11,1799,1,6,-1,1,-1
201543S041025,2,9,0,18,0,1,1,0,0,0,1,1,6,1,39,7,1398,1,2,-1,1,-1
201543S041045,1,3,0,14,0,0,0,0,0,0,4,1,2,1,27,6,124,1,11,-1,1,-1
201543S041085,1,9,0,9,0,8,0,0,0,0,4,1,2,1,63,9,-1,-1,-1,-1,1,-1
201543S041085,2,9,0,18,0,1,0,0,4,4,3,1,6,1,60,9,1799,1,17,-1,1,-1
201543S041125,1,9,0,18,0,1,0,0,0,0,1,1,6,1,35,6,1796,1,12,-1,-1,-1
201543S041125,2,9,0,3,0,1,0,0,0,0,2,1,6,2,34,6,1560,2,4,-1,1,-1
201543S042015,1,9,0,18,0,0,0,0,1,0,1,1,6,1,45,7,1689,2,11,-1,3,-1
201543S042015,2,9,0,18,0,0,0,0,1,0,3,1,6,2,34,6,1686,2,11,-1,1,-1
201543S042015,3,9,0,18,0,0,0,0,1,0,1,1,6,3,-1,-1,-1,-1,-1,-1,-1,-1
201543S042045,1,9,0,18,0,8,0,0,0,0,1,1,6,2,43,7,1596,1,4,-1,1,-1
201543S042045,2,9,0,18,0,8,0,0,0,0,2,1,6,1,25,5,-1,-1,-1,-1,-1,-1
201543S042055,1,9,0,18,0,8,1,9,1,7,1,1,6,1,23,5,1781,1,13,-1,-1,-1
201543S042065,1,9,0,5,0,1,0,0,0,0,1,1,6,1,40,7,1596,1,12,-1,-1,-1
201543S042065,2,9,0,4,0,1,0,0,0,0,2,1,6,2,54,8,999,1,16,-1,1,-1
201543S042105,1,9,0,18,0,0,0,0,0,0,1,1,6,1,-1,-1,1598,1,9,-1,-1,-1
201543S042115,1,3,0,9,0,8,1,0,0,0,0,1,6,1,17,4,-1,-1,-1,-1,1,-1
201543S043015,1,9,0,9,0,8,0,0,0,0,1,1,2,1,61,9,1395,1,1,-1,1,-1
201543S043015,2,3,0,18,0,1,0,0,0,0,3,1,2,1,29,6,124,1,2,-1,2,-1
201543S043025,1,9,0,18,0,8,0,0,0,0,1,1,2,1,37,7,1968,2,2,-1,1,-1
201543S043025,2,9,0,18,0,1,0,0,0,0,3,1,2,2,23,5,-1,-1,-1,-1,2,-1
201543S043055,1,9,0,5,0,4,0,0,0,0,1,1,6,2,67,10,1248,2,6,-1,1,-1