Accident_Index,Vehicle_Reference,Vehicle_Type,Towing_and_Articulation,Vehicle_Manoeuvre,Vehicle_Location-Restricted_Lane,Junction_Location,Skidding_and_Overturning,Hit_Object_in_Carriageway,Vehicle_Leaving_Carriageway,Hit_Object_off_Carriageway,1st_Point_of_Impact,Was_Vehicle_Left_Hand_Drive?,Journey_Purpose_of_Driver,Sex_of_Driver,Age_of_Driver,Age_Band_of_Driver,Engine_Capacity_(CC),Propulsion_Code,Age_of_Vehicle,Driver_IMD_Decile,Driver_Home_Area_Type,Vehicle_IMD_Decile
201543S043055,2,9,0,18,0,8,0,0,0,0,4,1,6,1,35,6,3800,1,1,-1,1,-1
201543S043055,3,9,0,5,0,4,0,0,0,0,1,1,6,1,33,6,1686,2,13,-1,1,-1
201543S043065,1,3,0,16,0,0,1,0,0,0,0,1,6,1,20,4,124,1,6,-1,-1,-1
201543S043065,2,9,0,17,0,0,0,0,0,0,0,1,3,2,37,7,1149,1,10,-1,3,-1
201543S043075,1,8,0,18,0,0,0,0,0,0,4,1,1,1,49,8,2143,2,2,-1,1,-1
201543S043085,1,9,0,9,0,8,0,0,0,0,1,1,6,2,30,6,1797,8,3,-1,1,-1
201543S043085,2,9,0,18,0,8,0,0,7,10,3,1,6,2,47,8,1061,1,9,-1,1,-1
201543S043115,1,8,0,18,0,0,0,0,0,0,1,1,1,3,-1,-1,-1,-1,-1,-1,-1,-1
201543S044065,1,9,0,9,0,6,0,0,0,0,1,1,6,2,77,11,1796,1,10,-1,1,-1
201543S044065,2,9,0,18,0,1,0,0,0,0,1,1,1,2,32,6,1149,1,1,-1,-1,-1
201543S044095,1,9,0,9,0,1,1,0,4,2,1,1,2,2,44,7,1896,2,13,-1,1,-1
201543S045025,1,9,0,5,0,4,0,0,0,0,1,1,6,1,43,7,1598,2,1,-1,1,-1
201543S045025,2,5,0,18,0,8,0,0,0,0,4,1,6,1,36,7,599,1,11,-1,1,-1
201543S045035,1,9,0,18,0,8,1,0,0,0,1,1,6,2,34,6,-1,-1,-1,-1,1,-1
201543S045035,2,9,0,18,0,8,1,0,0,0,3,1,6,2,48,8,3301,1,16,-1,3,-1
201543S045045,1,9,0,18,0,3,0,0,7,4,4,1,6,1,32,6,1590,1,16,-1,-1,-1
201543S045065,1,9,0,9,0,8,0,0,0,0,4,1,1,2,63,9,2179,2,1,-1,1,-1
201543S045065,2,3,0,14,0,1,0,0,0,0,1,1,1,1,23,5,124,1,1,-1,3,-1
201543S045075,1,9,0,18,0,0,2,0,1,4,1,1,6,1,40,7,1868,2,16,-1,-1,-1
201543S045095,1,9,0,18,0,0,2,0,0,0,1,1,6,2,34,6,1590,1,12,-1,1,-1
201543S045095,2,9,0,4,0,0,0,0,0,0,2,1,6,1,39,7,2143,2,-1,-1,3,-1
201543S045095,3,9,0,4,0,0,0,0,0,0,2,1,6,1,58,9,2179,2,4,-1,2,-1
201543S045115,1,9,0,9,0,6,0,0,0,0,3,1,6,1,48,8,1998,1,1,-1,1,-1
201543S045115,2,1,0,18,0,1,0,0,0,0,1,1,6,1,45,7,-1,-1,-1,-1,2,-1
201543S045125,1,9,0,5,0,1,0,0,0,0,1,1,6,1,55,8,2143,2,4,-1,3,-1
201543S045125,2,9,0,3,0,1,0,0,0,0,2,1,6,1,30,6,1995,2,-1,-1,1,-1
201543S046055,1,19,0,18,0,4,0,0,0,0,1,1,6,1,58,9,1753,2,8,-1,1,-1
201543S046055,2,9,0,18,0,8,0,0,0,0,4,1,6,2,29,6,1781,1,15,-1,3,-1
201543S046055,3,9,0,18,0,8,0,0,0,0,1,1,6,2,42,7,1198,1,1,-1,2,-1
201543S046085,1,9,0,18,0,8,2,9,1,2,1,1,6,1,40,7,1560,2,1,-1,1,-1
201543S046115,1,9,0,9,0,4,0,0,0,0,1,1,6,1,-1,-1,1968,2,-1,-1,-1,-1
201543S046115,2,9,0,18,0,8,0,0,0,0,4,1,6,1,36,7,998,1,15,-1,1,-1
201543S047065,1,9,0,5,0,6,0,0,0,0,1,1,6,2,27,6,1598,1,8,-1,1,-1
201543S047065,2,9,0,18,0,8,0,0,0,0,4,1,6,1,44,7,2143,2,2,-1,3,-1
201543S047085,1,9,0,18,0,0,0,0,4,6,1,1,6,1,21,5,1242,1,14,-1,1,-1
201543S047085,2,9,0,18,0,0,0,0,0,0,2,1,6,1,58,9,2143,2,4,-1,1,-1
201543S047125,1,9,0,9,0,8,0,7,1,10,4,1,6,1,50,8,1896,2,11,-1,1,-1
201543S047125,2,9,0,18,0,1,0,0,0,0,1,1,6,1,37,7,4367,2,3,-1,1,-1
201543S048015,1,9,0,9,0,6,0,0,0,0,1,1,6,1,27,6,1397,1,7,-1,1,-1
201543S048015,2,9,0,18,0,1,0,0,0,0,4,1,6,1,23,5,-1,-1,-1,-1,1,-1
201543S048055,1,9,0,18,0,1,0,0,0,0,1,1,6,1,65,9,1596,1,14,-1,-1,-1
201543S048055,2,9,0,8,0,1,0,0,0,0,2,1,6,1,30,6,2148,2,8,-1,1,-1
201543S048085,1,9,0,9,0,6,0,0,0,0,1,1,6,1,37,7,1596,1,9,-1,1,-1
201543S048085,2,9,0,18,0,1,0,0,0,0,4,1,1,2,60,9,2179,2,-1,-1,2,-1
201543S049025,1,9,0,18,0,0,0,0,7,11,1,1,6,1,35,6,-1,-1,-1,-1,1,-1
201543S049045,1,9,0,18,0,8,0,0,0,0,3,1,6,1,39,7,1198,1,2,-1,2,-1
201543S049045,2,5,0,18,0,8,0,0,0,0,1,1,6,1,22,5,599,1,16,-1,1,-1
201543S049075,1,9,0,9,0,8,1,0,3,4,1,1,6,2,31,6,1368,1,8,-1,1,-1
201543S049085,1,9,0,4,0,1,1,0,0,0,1,1,6,2,62,9,1598,1,5,-1,1,-1
201543S049085,2,9,0,4,0,1,0,0,0,0,2,1,6,1,74,10,1488,2,20,-1,1,-1
201543S049085,3,9,0,10,0,1,0,0,0,0,2,1,6,1,27,6,1598,1,2,-1,3,-1
201543S050015,1,9,0,5,0,1,0,0,0,0,1,1,6,1,54,8,1596,1,5,-1,2,-1
201543S050015,2,9,0,8,0,1,0,0,0,0,2,1,6,1,38,7,1968,2,1,-1,1,-1
201543S050025,1,98,0,1,0,0,0,0,0,0,2,1,6,1,25,5,11705,2,7,-1,3,-1
201543S050025,2,9,0,2,0,0,0,0,0,0,2,1,6,1,46,8,2143,2,4,-1,1,-1
201543S050045,1,1,0,18,0,0,0,0,0,0,1,1,1,1,58,9,-1,-1,-1,-1,1,-1
201543S050045,2,9,0,2,0,0,0,0,0,0,2,1,1,2,39,7,1386,1,8,-1,1,-1
201543S050055,1,9,0,18,0,8,0,0,1,7,1,1,6,1,20,4,1124,1,16,-1,1,-1
201543S051055,1,19,0,7,0,1,0,0,0,0,1,1,1,1,21,5,2198,2,3,-1,3,-1
201543S051055,2,9,0,4,0,1,0,0,0,0,2,1,6,2,39,7,1199,1,11,-1,1,-1
201543S051075,1,9,0,18,0,2,0,0,4,4,1,1,2,2,26,6,1364,1,6,-1,1,-1
201543S051095,1,9,0,18,0,0,0,0,1,0,1,1,6,1,20,4,1242,1,15,-1,1,-1
201543S051095,2,9,0,2,0,0,0,0,0,0,2,1,6,1,68,10,1596,1,18,-1,1,-1
201543S051115,1,9,0,18,0,4,0,0,0,0,0,1,6,1,43,7,1968,2,10,-1,1,-1
201543S051115,2,3,0,18,0,8,0,0,0,0,0,1,2,1,19,4,124,1,1,-1,1,-1
201543S051125,1,9,0,18,0,1,0,0,0,0,1,1,6,2,-1,-1,1900,2,10,-1,1,-1
201543S051125,2,9,0,8,0,1,0,0,0,0,2,1,6,2,43,7,1396,1,18,-1,1,-1
201543S052015,1,21,1,18,0,0,0,0,0,0,1,2,1,1,53,8,-1,-1,-1,-1,-1,-1
201543S052015,2,9,0,4,0,0,0,0,0,0,2,1,6,1,39,7,-1,-1,-1,-1,1,-1
201543S052015,3,9,0,4,0,0,0,0,0,0,2,1,2,1,50,8,1995,1,5,-1,-1,-1
201543S052015,4,9,0,4,0,0,0,0,0,0,2,1,2,1,49,8,1596,1,11,-1,1,-1
201543S052015,5,9,0,4,0,0,0,0,0,0,2,1,2,1,43,7,-1,-1,-1,-1,1,-1
201543S052035,1,9,0,9,0,6,0,0,0,0,1,1,6,1,52,8,1995,2,3,-1,1,-1
201543S052035,2,9,0,18,0,1,5,0,0,0,4,1,6,2,34,6,-1,-1,-1,-1,2,-1
201543S052035,3,9,0,2,0,1,0,0,0,0,2,1,6,3,-1,-1,-1,-1,-1,-1,-1,-1
201543S052035,4,9,0,2,0,1,0,0,0,0,1,1,6,3,-1,-1,1596,1,14,-1,-1,-1
201543S052035,5,9,0,2,0,1,0,0,0,0,1,1,6,3,-1,-1,1998,2,14,-1,-1,-1
201543S052055,1,9,0,9,0,6,0,0,0,0,3,1,6,2,34,6,1598,1,2,-1,3,-1
201543S052055,2,9,0,18,0,1,0,0,0,0,1,1,6,2,26,6,1396,1,-1,-1,1,-1
201543S052065,1,9,0,18,0,0,0,0,0,0,1,1,6,2,18,4,1339,1,11,-1,2,-1
201543S052065,2,1,0,18,0,0,0,0,0,0,4,1,6,1,17,4,-1,-1,-1,-1,1,-1
201543S052095,1,9,0,18,0,0,0,0,0,0,1,1,6,1,-1,-1,2494,1,16,-1,1,-1
201543S052115,1,9,0,18,0,1,0,0,0,0,1,1,6,2,19,4,1995,2,4,-1,1,-1
201543S052115,2,9,0,3,0,1,0,0,0,0,2,1,6,1,33,6,2204,2,8,-1,2,-1
201543S053055,1,9,0,18,0,0,0,0,0,0,1,1,6,1,33,6,1242,1,13,-1,1,-1
201543S053095,1,9,0,18,0,1,0,0,8,3,1,1,6,1,72,10,2204,2,9,-1,1,-1
201543S053095,2,9,0,18,0,2,0,0,0,0,4,1,1,1,50,8,-1,-1,-1,-1,1,-1
201543S053115,1,9,0,17,0,0,2,0,7,9,1,1,6,1,25,5,1596,1,15,-1,2,-1
201543S054015,1,9,0,4,0,4,0,0,0,0,2,1,6,2,26,6,1390,1,12,-1,3,-1
201543S054015,2,9,0,5,0,4,0,0,0,0,1,1,6,2,34,6,1598,1,10,-1,3,-1
201543S054025,1,9,0,14,0,0,0,0,0,0,4,1,6,1,-1,-1,1995,2,12,-1,-1,-1
201543S054025,2,9,0,2,0,0,0,0,0,0,3,1,6,2,61,9,1399,1,8,-1,2,-1
201543S054035,1,9,0,6,0,8,0,0,0,0,1,1,6,2,30,6,1781,1,12,-1,1,-1
201543S054035,2,9,0,13,0,8,0,0,0,0,4,1,6,2,55,8,1299,1,11,-1,-1,-1
201543S054055,1,9,0,9,0,6,0,0,0,0,3,1,6,2,54,8,1582,2,1,-1,1,-1
201543S054055,2,3,0,18,0,1,0,0,0,0,1,1,6,1,18,4,125,1,5,-1,1,-1
201543S054115,1,9,0,16,0,0,2,0,1,4,3,1,1,1,24,5,1248,2,1,-1,1,-1
201543S054125,1,9,0,9,0,6,0,0,0,0,3,1,2,1,45,7,1560,2,2,-1,1,-1
201543S054125,2,9,0,18,0,1,0,0,0,0,1,1,6,1,63,9,1242,1,5,-1,1,-1
201543S055015,1,9,0,1,0,6,0,0,0,0,2,1,6,1,-1,-1,1396,1,11,-1,1,-1
201543S055015,2,9,0,18,0,1,0,0,0,0,1,1,6,2,46,8,1499,1,18,-1,1,-1
201543S055025,1,9,0,18,0,4,0,0,0,0,3,1,6,2,24,5,1968,2,9,-1,2,-1
201543S055025,2,9,0,18,0,8,0,0,0,0,1,1,1,2,43,7,-1,-1,-1,-1,1,-1
201543S055035,1,9,0,18,0,0,0,0,0,0,1,1,6,1,65,9,1796,1,3,-1,2,-1
201543S055045,1,9,0,18,0,0,0,0,0,0,1,1,6,2,19,4,1299,1,13,-1,2,-1
201543S055055,1,9,0,9,0,6,0,0,0,0,1,1,6,1,46,8,1956,2,5,-1,1,-1
201543S055055,2,9,0,18,0,1,0,0,7,0,1,1,6,1,71,10,1598,1,6,-1,1,-1
201543S055065,1,9,0,9,0,8,0,0,0,0,4,1,6,1,31,6,1598,2,1,-1,1,-1
201543S055065,2,3,0,18,0,1,0,0,1,0,1,1,6,1,18,4,124,1,1,-1,1,-1
201543S055125,1,9,0,18,0,0,0,0,0,0,1,1,6,2,-1,-1,1086,1,8,-1,-1,-1
201543S056035,1,9,0,9,0,6,0,0,0,0,3,1,6,1,49,8,2231,2,9,-1,1,-1
201543S056035,2,9,0,18,0,1,0,0,0,0,1,1,6,1,62,9,-1,-1,-1,-1,1,-1
201543S056055,1,9,0,18,0,0,0,0,0,0,1,1,6,1,25,5,1598,2,6,-1,1,-1
201543S056065,1,9,0,4,0,8,0,0,0,0,1,1,6,2,25,5,973,1,12,-1,-1,-1
201543S056065,2,9,0,4,0,8,0,0,0,0,2,1,2,2,52,8,1598,2,4,-1,3,-1
201543S056095,1,9,0,18,0,0,0,0,0,0,4,1,6,1,30,6,1997,2,7,-1,-1,-1
201543S056125,1,9,0,18,0,1,0,0,0,0,1,1,6,1,45,7,1995,2,7,-1,1,-1
201543S056125,2,9,0,3,0,1,0,0,0,0,2,1,6,2,27,6,1397,1,15,-1,1,-1
201543S057055,1,9,0,18,0,8,0,0,0,0,1,1,1,1,40,7,1248,2,2,-1,1,-1
201543S057055,2,9,0,18,0,4,2,0,3,0,3,1,6,2,25,5,1422,2,7,-1,1,-1
201543S057075,1,9,0,18,0,1,0,0,7,11,1,1,1,1,49,8,1998,1,15,-1,1,-1
201543S057075,2,9,0,10,0,8,0,0,0,0,1,1,2,2,33,6,1998,2,6,-1,1,-1
201543S057075,3,9,0,18,0,1,0,0,0,0,1,1,2,2,42,7,1390,1,7,-1,2,-1
201543S057075,4,9,0,2,0,2,0,0,0,0,2,1,6,1,-1,-1,1598,1,10,-1,1,-1
201543S057095,1,9,0,18,0,1,0,0,0,0,1,1,6,1,-1,-1,1798,1,8,-1,1,-1
201543S057095,2,9,0,3,0,1,0,0,0,0,2,1,6,2,46,8,1397,1,13,-1,1,-1
201543S057105,1,9,0,18,0,0,2,0,1,9,1,1,6,1,38,7,1591,1,2,-1,1,-1
201543S057105,2,9,0,18,0,0,0,0,0,0,2,1,6,2,60,9,1343,1,10,-1,1,-1
201543S058105,1,9,0,18,0,0,0,0,0,0,0,1,1,2,36,7,1248,2,3,-1,1,-1
201543S058105,2,5,0,18,0,0,1,0,0,0,0,1,6,1,28,6,1250,1,16,-1,1,-1
201543S058125,1,9,0,18,0,0,0,0,0,0,1,1,6,2,33,6,1998,1,12,-1,1,-1
201543S058125,2,9,0,18,0,0,0,0,0,0,1,1,6,1,32,6,1998,1,10,-1,1,-1
201543S059015,1,19,0,9,0,5,0,0,0,0,4,1,2,2,52,8,2198,2,2,-1,1,-1
201543S059035,1,9,0,9,0,8,5,0,0,0,4,1,6,2,48,8,1390,1,11,-1,2,-1
201543S059035,2,9,0,18,0,1,2,0,0,0,1,1,6,2,34,6,-1,-1,-1,-1,1,-1
201543S059075,1,9,0,9,0,8,0,0,0,0,1,1,3,2,48,8,1587,1,8,-1,1,-1
201543S059075,2,9,0,18,0,8,2,0,1,10,3,1,2,2,17,4,973,1,15,-1,1,-1
201543S059095,1,9,0,7,0,4,0,0,0,0,1,1,6,1,-1,-1,-1,-1,-1,-1,-1,-1
201543S059095,2,9,0,18,0,8,0,0,0,0,4,1,2,2,37,7,1798,1,6,-1,1,-1
201543S059105,1,9,0,3,0,1,0,0,0,0,1,1,6,1,34,6,1796,1,7,-1,1,-1
201543S059105,2,9,0,18,0,1,0,0,0,0,2,1,6,2,45,7,1397,1,6,-1,2,-1
201543S059125,1,9,0,18,0,0,0,0,0,0,3,1,6,1,50,8,1796,1,12,-1,1,-1
201543S059125,2,9,0,18,0,0,0,0,0,0,4,1,6,1,25,5,1149,1,12,-1,1,-1
201543S060035,1,9,0,18,0,1,0,0,0,0,1,1,6,2,30,6,2993,2,1,-1,1,-1
201543S060035,2,9,0,18,0,8,0,0,0,0,4,1,6,1,26,6,1995,2,7,-1,1,-1
201543S060035,3,9,0,2,0,2,0,0,0,0,1,1,6,2,38,7,1910,2,7,-1,2,-1
201543S060075,1,9,0,18,0,1,0,0,0,0,1,1,6,2,72,10,1896,2,11,-1,1,-1
201543S060075,2,9,0,4,0,1,0,0,0,0,2,1,1,2,30,6,1398,1,2,-1,2,-1
201543S060075,3,9,0,9,0,1,0,0,0,0,2,1,6,2,34,6,-1,-1,-1,-1,1,-1
201543S060085,1,9,0,18,0,1,0,0,0,0,1,1,2,1,29,6,799,2,6,-1,1,-1
201543S060085,2,9,0,8,0,1,0,0,0,0,2,1,6,2,33,6,1360,1,8,-1,1,-1
201543S060105,1,19,0,18,0,0,0,5,0,0,1,1,6,1,32,6,2148,2,7,-1,-1,-1
201543S061065,1,9,0,1,0,0,0,0,0,0,2,1,3,2,-1,-1,1997,2,13,-1,1,-1
201543S061075,1,9,0,9,0,8,0,0,0,0,3,1,6,2,58,9,1591,1,6,-1,1,-1
201543S061075,2,9,0,18,0,1,0,0,0,0,1,1,2,2,57,9,1598,1,9,-1,1,-1
201543S061085,1,9,0,16,0,1,1,0,0,0,1,1,6,1,20,4,1896,2,15,-1,1,-1
201543S061085,2,9,0,16,0,1,1,10,0,0,1,1,6,1,20,4,1900,2,17,-1,1,-1
201543S061085,3,19,0,9,0,5,0,10,0,0,3,1,1,1,50,8,1753,2,2,-1,3,-1
201543S061095,1,9,0,18,0,0,0,0,0,0,1,1,1,2,39,7,1299,1,11,-1,1,-1
201543S061095,2,19,0,4,0,0,0,0,0,0,2,1,1,1,23,5,2500,2,7,-1,1,-1
201543S061105,1,9,0,6,0,0,0,4,1,10,3,1,6,1,74,10,1686,2,5,-1,2,-1
201543S062035,1,9,0,5,0,1,0,0,0,0,1,1,6,2,23,5,1598,2,3,-1,-1,-1
201543S062035,2,9,0,4,0,1,0,0,0,0,2,1,6,1,38,7,1968,2,6,-1,1,-1
201543S062125,1,9,0,9,0,8,0,0,0,0,1,1,6,1,47,8,2835,2,19,-1,2,-1
201543S062125,2,1,0,9,0,8,0,0,0,0,1,1,6,1,17,4,-1,-1,-1,-1,1,-1
201543S063045,1,9,0,9,0,8,5,0,0,0,4,1,6,1,71,10,1910,2,8,-1,1,-1
201543S063045,2,9,0,18,0,1,1,0,0,0,1,1,6,1,61,9,1753,2,6,-1,2,-1
201543S063055,1,9,0,18,0,0,1,0,1,4,4,1,6,1,24,5,-1,-1,-1,-1,1,-1
201543S063055,2,21,1,18,0,0,0,0,0,0,3,1,1,1,44,7,12900,2,5,-1,-1,-1
201543S063075,1,9,0,18,0,3,1,0,4,0,4,1,6,1,51,8,1900,2,17,-1,3,-1
201543S063075,2,21,0,9,0,8,0,0,0,0,1,1,1,1,45,7,10677,2,1,-1,1,-1
201543S063095,1,19,0,5,0,1,0,0,0,0,1,1,2,1,57,9,1598,2,2,-1,1,-1
201543S063095,2,9,0,3,0,1,0,0,0,0,2,1,2,1,48,8,1598,1,13,-1,1,-1
201543S063105,1,5,0,14,0,0,1,0,1,2,1,1,6,1,48,8,598,1,19,-1,1,-1
201543S064035,1,9,0,18,0,0,0,0,4,6,1,1,6,2,28,6,-1,-1,-1,-1,1,-1
201543S064045,1,9,0,17,0,8,0,0,1,4,1,1,6,1,28,6,1199,1,13,-1,1,-1
201543S064055,1,9,0,9,0,4,0,0,0,0,3,1,1,1,52,8,1229,1,3,-1,1,-1
201543S064055,2,5,0,18,0,8,0,0,0,0,1,1,1,1,56,9,782,1,1,-1,2,-1
201543S064075,1,9,0,5,0,4,0,0,0,0,3,1,6,1,69,10,996,1,1,-1,1,-1
201543S064075,2,97,0,18,0,8,0,0,0,0,1,1,6,1,42,7,847,1,-1,-1,1,-1
201543S064095,1,9,0,7,0,1,0,0,0,0,1,1,6,1,32,6,1997,2,7,-1,1,-1
201543S064095,2,9,0,8,0,1,0,0,0,0,2,1,6,1,35,6,998,1,2,-1,1,-1
201543S065025,1,9,0,9,0,6,0,0,0,0,3,1,6,2,57,9,-1,-1,-1,-1,2,-1
201543S065025,2,9,0,18,0,1,1,0,0,0,1,1,6,2,34,6,2231,2,4,-1,1,-1
201543S065045,1,9,0,18,0,1,0,0,0,0,1,1,6,2,39,7,1364,1,10,-1,1,-1
201543S065045,2,9,0,3,0,1,0,0,0,0,2,1,6,1,38,7,1998,1,3,-1,1,-1
201543S065045,3,9,0,3,0,1,0,0,0,0,2,1,6,2,24,5,1341,1,13,-1,1,-1
201543S065055,1,9,0,5,0,1,0,0,0,0,1,1,1,2,42,7,1364,1,8,-1,1,-1
201543S065055,2,9,0,4,0,1,0,0,0,0,2,1,1,2,38,7,1584,1,13,-1,1,-1
201543S065065,1,9,0,14,0,1,0,0,0,0,1,1,6,2,52,8,1329,1,5,-1,2,-1
201543S065075,1,9,0,3,0,1,0,0,0,0,3,1,1,2,50,8,1896,2,13,-1,1,-1
201543S065075,2,1,0,18,0,8,0,0,0,0,1,1,1,1,49,8,-1,-1,-1,-1,1,-1
201543S065095,1,9,0,11,0,3,0,0,0,0,4,1,2,2,40,7,2143,2,2,-1,1,-1
201543S065095,2,4,0,18,0,3,0,0,0,0,3,1,2,1,37,7,-1,-1,-1,-1,1,-1
201543S065115,1,9,0,7,0,6,0,0,0,0,0,1,6,3,-1,-1,-1,-1,-1,-1,-1,-1
201543S065115,2,5,0,18,0,1,1,0,0,0,0,1,6,1,55,8,1284,1,10,-1,3,-1
201543S065125,1,9,0,9,0,5,0,0,0,0,1,1,6,1,34,6,1686,2,5,-1,1,-1
201543S065125,2,1,0,18,0,1,0,0,0,0,1,1,6,1,47,8,-1,-1,-1,-1,1,-1
201543S066015,1,9,0,13,0,0,0,0,7,0,4,1,1,1,57,9,1461,2,1,-1,2,-1
201543S066015,2,1,0,18,0,0,0,0,7,0,3,1,6,1,74,10,-1,-1,-1,-1,1,-1
201543S066045,1,9,0,18,0,0,0,0,0,0,1,1,6,1,50,8,-1,-1,-1,-1,1,-1
201543S066075,1,9,0,18,0,0,0,0,0,0,1,1,6,1,30,6,-1,-1,-1,-1,-1,-1
201543S066075,2,1,0,18,0,0,0,0,0,0,1,1,6,1,13,3,-1,-1,-1,-1,1,-1
201543S066095,1,9,0,12,0,0,0,0,1,4,2,1,6,1,48,8,1995,2,4,-1,1,-1
201543S066095,2,9,0,18,0,0,0,0,0,0,1,1,6,1,26,6,1769,1,11,-1,1,-1
201543S067025,1,9,0,10,0,8,0,0,0,0,2,1,2,2,36,7,1595,1,1,-1,1,-1
201543S067025,2,9,0,18,0,1,0,0,0,0,1,1,2,1,34,6,1197,1,1,-1,1,-1
201543S067055,1,9,0,18,0,1,0,0,0,0,1,1,6,2,45,7,1242,1,9,-1,1,-1
201543S067055,2,9,0,3,0,1,0,0,0,0,2,1,6,2,40,7,1998,1,8,-1,1,-1
201543S067085,1,5,0,13,0,0,1,0,0,0,1,1,1,1,28,6,648,1,8,-1,2,-1
201543S067085,2,9,0,12,0,0,0,0,0,0,2,1,1,1,60,9,1956,2,3,-1,1,-1
201543S067095,1,9,0,9,0,8,0,0,0,0,1,1,2,1,40,7,-1,-1,-1,-1,1,-1
201543S067095,2,8,0,18,0,1,0,0,1,2,1,1,1,1,49,8,1794,1,10,-1,1,-1
201543S068025,1,9,0,18,0,0,0,0,0,0,1,1,6,2,48,8,996,1,1,-1,1,-1
201543S068025,2,9,0,4,0,0,0,0,0,0,2,1,6,1,51,8,2498,2,17,-1,1,-1
201543S068035,1,19,0,5,0,1,0,0,0,0,1,1,1,2,51,8,1753,2,5,-1,1,-1
201543S068035,2,9,0,8,0,1,0,0,0,0,2,1,6,1,29,6,1900,2,10,-1,1,-1
201543S068065,1,9,0,18,0,4,0,0,0,0,1,1,6,2,42,7,1997,2,10,-1,1,-1
201543S068065,2,1,0,9,0,8,0,0,0,0,2,1,6,1,50,8,-1,-1,-1,-1,1,-1
201543S069015,1,9,0,9,0,8,0,0,0,0,1,1,3,2,42,7,1794,1,12,-1,1,-1
201543S069015,2,1,0,18,0,8,0,0,0,0,3,1,6,1,62,9,-1,-1,-1,-1,1,-1
201543S069025,1,9,0,18,0,0,0,0,0,0,1,1,6,1,31,6,1199,1,11,-1,1,-1
201543S069025,2,9,0,2,0,0,0,0,0,0,2,1,6,1,51,8,1988,2,10,-1,1,-1
201543S069045,1,9,0,18,0,0,0,0,1,4,1,1,6,1,26,6,1598,1,11,-1,2,-1
201543S069065,1,9,0,18,0,4,1,0,0,0,1,1,6,3,-1,-1,-1,-1,-1,-1,-1,-1
201543S069065,2,9,0,18,0,8,0,0,0,0,4,1,6,1,24,5,1598,1,10,-1,1,-1
201543S070015,1,9,0,18,0,0,0,0,1,4,1,1,2,2,46,8,-1,-1,-1,-1,1,-1
201543S070025,1,9,0,18,0,1,0,0,0,0,1,1,6,1,35,6,-1,-1,-1,-1,-1,-1
201543S070025,2,9,0,3,0,1,0,0,0,0,2,1,6,2,32,6,1998,2,10,-1,1,-1
201543S070055,1,9,0,18,0,1,0,0,0,0,1,1,6,2,43,7,1560,2,5,-1,1,-1
201543S070065,1,11,0,18,0,1,0,0,0,0,3,1,1,1,36,7,4250,2,7,-1,1,-1
201543S070065,2,9,0,9,0,8,0,0,0,0,1,1,6,2,56,9,1349,1,5,-1,1,-1
201543S071025,1,21,1,9,0,8,0,0,0,0,3,2,1,1,50,8,-1,-1,-1,-1,-1,-1
201543S071025,2,9,0,18,0,1,0,0,0,0,3,1,2,2,54,8,1399,2,12,-1,1,-1
201543S071075,1,9,0,9,0,8,0,0,0,0,0,1,6,1,20,4,998,1,15,-1,1,-1
201543S071075,2,11,0,18,0,1,0,0,0,0,0,1,1,1,54,8,4250,2,7,-1,1,-1
201543S072015,1,19,0,18,0,0,0,0,0,0,1,1,6,1,30,6,2496,2,19,-1,-1,-1
201543S072015,2,8,0,3,0,0,0,0,0,0,2,1,6,1,42,7,1797,8,6,-1,1,-1
201543S072015,3,9,0,3,0,0,0,0,0,0,2,1,6,2,25,5,1240,1,12,-1,-1,-1
201543S072035,1,19,0,18,0,4,0,0,0,0,3,1,1,1,26,6,2477,2,1,-1,-1,-1
201543S072035,2,19,0,18,0,8,0,0,0,0,1,1,1,1,43,7,1461,2,8,-1,1,-1
201543S072085,1,9,0,7,0,6,0,0,0,0,3,1,6,1,73,10,1598,1,5,-1,3,-1
201543S072085,2,9,0,18,0,1,0,0,4,10,1,1,6,1,26,6,2996,1,5,-1,1,-1
201543S072115,1,9,0,18,0,4,0,0,0,0,0,1,1,1,44,7,1248,2,1,-1,1,-1
201543S072115,2,9,0,18,0,8,1,9,3,2,1,1,6,1,19,4,1596,1,13,-1,-1,-1
201543S072125,1,9,0,18,0,0,0,0,0,0,1,1,6,1,35,6,-1,-1,-1,-1,2,-1
201543S072125,2,9,0,4,0,0,0,0,0,0,2,1,2,1,27,6,1997,2,4,-1,-1,-1
201543S073045,1,9,0,18,0,1,0,0,0,0,1,1,6,2,30,6,1242,1,6,-1,-1,-1
201543S073045,2,9,0,3,0,1,0,0,0,0,2,1,6,2,55,8,1242,1,3,-1,1,-1
201543S073075,1,9,0,18,0,0,1,11,5,6,1,1,2,2,25,5,1390,1,6,-1,2,-1
201543S073085,1,9,0,9,0,6,0,0,0,0,1,1,6,1,17,4,1198,1,3,-1,1,-1
201543S073085,2,9,0,18,0,1,0,0,1,11,1,1,6,1,53,8,2400,2,5,-1,1,-1
201543S073125,1,9,0,18,0,1,0,0,0,0,1,1,6,1,30,6,1364,1,8,-1,-1,-1