Accident_Index,Vehicle_Reference,Vehicle_Type,Towing_and_Articulation,Vehicle_Manoeuvre,Vehicle_Location-Restricted_Lane,Junction_Location,Skidding_and_Overturning,Hit_Object_in_Carriageway,Vehicle_Leaving_Carriageway,Hit_Object_off_Carriageway,1st_Point_of_Impact,Was_Vehicle_Left_Hand_Drive?,Journey_Purpose_of_Driver,Sex_of_Driver,Age_of_Driver,Age_Band_of_Driver,Engine_Capacity_(CC),Propulsion_Code,Age_of_Vehicle,Driver_IMD_Decile,Driver_Home_Area_Type,Vehicle_IMD_Decile
201543S073125,2,9,0,4,0,1,0,0,0,0,2,1,6,2,23,5,1598,1,14,-1,1,-1
201543S074025,1,9,0,18,0,1,0,0,0,0,1,1,6,2,35,6,5998,1,6,-1,-1,-1
201543S074025,2,9,0,3,0,1,0,0,0,0,2,1,6,2,19,4,1368,1,6,-1,1,-1
201543S075015,1,9,0,18,0,0,5,0,1,9,2,1,6,1,75,10,1229,1,8,-1,1,-1
201543S075015,2,9,0,18,0,0,0,0,0,0,1,1,6,2,36,7,1870,2,10,-1,3,-1
201543S075045,1,9,0,9,0,8,0,0,0,0,4,1,2,1,40,7,1997,2,-1,-1,-1,-1
201543S075045,2,3,0,18,0,1,0,0,0,0,1,1,2,1,23,5,125,1,11,-1,1,-1
201543S075055,1,9,0,18,0,0,0,0,0,0,1,1,6,3,-1,-1,-1,-1,-1,-1,-1,-1
201543S075055,2,9,0,18,0,0,0,0,4,0,2,1,6,1,42,7,1995,2,6,-1,1,-1
201543S075095,1,8,0,3,0,1,0,0,0,0,2,1,1,1,40,7,1686,2,6,-1,1,-1
201543S075095,2,9,0,5,0,1,0,0,0,0,1,1,3,1,75,10,1796,1,13,-1,1,-1
201543S075115,1,9,0,18,0,1,0,0,0,0,1,1,6,1,34,6,1368,1,6,-1,1,-1
201543S075115,2,1,0,18,0,6,0,0,0,0,1,1,2,1,19,4,-1,-1,-1,-1,1,-1
201543S075125,1,19,0,18,0,0,2,0,1,0,1,1,6,1,29,6,2686,2,13,-1,1,-1
201543S075125,2,9,0,2,0,0,0,0,0,0,2,1,6,1,36,7,1956,2,5,-1,1,-1
201543S075125,3,19,0,2,0,0,0,0,0,0,2,1,6,1,34,6,1998,2,9,-1,1,-1
201543S076075,1,9,0,16,0,0,0,0,0,0,3,1,6,3,-1,-1,-1,-1,-1,-1,-1,-1
201543S076075,2,9,0,17,0,0,0,0,0,0,3,1,6,2,27,6,1248,2,8,-1,1,-1
201543S076085,1,9,0,18,0,0,0,0,0,0,4,1,6,1,-1,-1,-1,-1,-1,-1,-1,-1
201543S076095,1,5,0,7,0,1,1,0,0,0,4,1,1,2,49,8,954,1,13,-1,3,-1
201543S076105,1,9,0,18,0,0,0,0,0,0,3,1,6,1,23,5,1840,1,16,-1,1,-1
201543S076125,1,9,0,18,0,0,0,0,0,0,1,1,6,1,26,6,1595,1,-1,-1,1,-1
201543S076125,2,9,0,4,0,0,0,0,0,0,2,1,6,1,34,6,1598,2,2,-1,1,-1
201543S076125,3,9,0,3,0,0,0,0,0,0,2,1,6,1,21,5,1998,1,10,-1,2,-1
201543S077085,1,9,0,9,0,6,0,0,0,0,1,1,1,1,45,7,1910,2,6,-1,1,-1
201543S077085,2,9,0,18,0,1,0,0,0,0,1,1,6,2,60,9,1598,1,5,-1,1,-1
201543S077085,3,9,0,18,0,1,0,0,0,0,3,1,6,1,37,7,1968,2,6,-1,1,-1
201543S077085,4,9,0,18,0,1,0,0,0,0,3,1,6,2,56,9,1149,1,12,-1,1,-1
201543S077105,1,9,0,12,0,0,0,0,0,0,2,1,1,1,31,6,1587,1,13,-1,1,-1
201543S077105,2,9,0,18,0,0,0,0,0,0,1,1,2,1,36,7,1995,2,4,-1,1,-1
201543S078075,1,9,0,5,0,6,0,0,0,0,4,1,6,2,38,7,1997,1,5,-1,1,-1
201543S078075,2,9,0,5,0,6,0,0,0,0,1,1,1,2,26,6,1968,2,8,-1,1,-1
201543S078085,1,9,0,18,0,1,0,0,0,0,1,1,6,2,35,6,1587,1,9,-1,1,-1
201543S078085,2,9,0,3,0,1,0,0,0,0,2,1,6,1,44,7,1560,2,2,-1,3,-1
201543S078095,1,9,0,18,0,4,0,0,0,0,1,1,2,1,55,8,1598,1,10,-1,-1,-1
201543S078095,2,9,0,18,0,8,0,0,1,2,4,1,6,2,59,9,1598,1,6,-1,2,-1
201543S078125,1,9,0,9,0,3,0,0,0,0,1,1,6,2,83,11,1248,1,2,-1,1,-1
201543S079075,1,9,0,18,0,1,0,0,0,0,1,1,1,1,26,6,1998,1,2,-1,1,-1
201543S079075,2,9,0,10,0,8,0,0,0,0,2,1,1,1,32,6,2616,1,9,-1,1,-1
201543S079085,1,2,0,16,0,0,1,0,0,0,3,1,1,1,25,5,49,1,15,-1,1,-1
201543S079095,1,9,0,18,0,3,0,0,0,0,1,1,2,1,18,4,1086,1,10,-1,2,-1
201543S079105,1,21,1,5,0,1,0,0,0,0,1,1,1,1,-1,-1,12780,2,3,-1,-1,-1
201543S079105,2,9,0,3,0,1,0,0,0,0,2,1,1,1,39,7,2231,2,8,-1,1,-1
201543S079115,1,9,0,9,0,5,0,0,0,0,1,1,6,2,43,7,2099,2,9,-1,1,-1
201543S079115,2,3,0,18,0,1,0,0,0,0,1,1,6,1,39,7,-1,-1,-1,-1,1,-1
201543S079125,1,9,0,2,0,0,0,0,0,0,0,1,1,1,55,8,2400,2,1,-1,-1,-1
201543S079125,2,9,0,18,0,0,1,0,1,4,1,1,2,1,50,8,1248,2,7,-1,1,-1
201543S079125,3,9,0,2,0,0,0,0,0,0,0,1,6,2,-1,-1,1781,1,16,-1,-1,-1
201543S080025,1,9,0,18,0,0,0,0,0,0,1,1,1,2,22,5,1197,1,1,-1,1,-1
201543S080025,2,9,0,4,0,0,0,0,0,0,2,1,1,2,27,6,1988,1,13,-1,1,-1
201543S080055,1,9,0,12,0,1,0,0,0,0,3,1,6,1,27,6,1956,2,6,-1,1,-1
201543S080055,2,9,0,18,0,1,0,0,0,0,4,1,6,2,49,8,1910,2,7,-1,1,-1
201543S080075,1,9,0,9,0,8,0,0,1,1,1,1,6,1,20,4,1242,1,3,-1,1,-1
201543S080075,2,9,0,18,0,1,0,0,0,0,1,1,6,2,44,7,1339,1,7,-1,1,-1
201543S080125,1,9,0,11,0,0,1,0,1,7,1,1,6,3,27,6,1796,1,12,-1,-1,-1
201543S080125,2,9,0,18,0,0,0,0,0,0,2,1,6,3,24,5,1499,2,-1,-1,1,-1
201543S081015,1,9,0,4,0,1,0,0,0,0,1,1,6,2,-1,-1,1339,1,7,-1,-1,-1
201543S081045,1,9,0,18,0,0,2,0,7,0,4,1,6,2,25,5,998,1,12,-1,1,-1
201543S081045,2,9,0,18,0,0,1,0,0,0,1,1,6,2,35,6,1198,1,-1,-1,3,-1
201543S082105,1,9,0,9,0,6,0,0,0,0,3,1,6,2,53,8,1242,1,7,-1,1,-1
201543S082105,2,9,0,18,0,1,0,0,7,0,1,1,6,1,71,10,998,1,7,-1,1,-1
201543S082105,3,9,0,18,0,1,0,0,0,0,1,1,6,1,55,8,2400,1,13,-1,1,-1
201543S083035,1,9,0,16,0,0,0,0,1,10,1,1,6,2,47,8,1248,1,1,-1,1,-1
201543S083065,1,2,0,18,5,0,0,0,0,0,1,1,6,1,16,4,-1,-1,-1,-1,-1,-1
201543S083105,1,9,0,12,0,0,0,0,0,0,1,1,2,1,18,4,973,1,13,-1,-1,-1
201543S083105,2,9,0,11,0,0,0,0,0,0,2,1,2,1,29,6,2497,2,9,-1,1,-1
201543S083105,3,9,0,4,0,0,0,0,0,0,2,1,2,1,54,8,2996,1,7,-1,1,-1
201543S084035,1,9,0,7,0,6,0,0,0,0,3,1,6,1,45,7,1995,2,5,-1,1,-1
201543S084035,2,1,0,18,0,8,0,0,0,0,1,1,2,1,37,7,-1,-1,-1,-1,2,-1
201543S084085,1,9,0,18,0,0,0,0,0,0,1,1,6,1,-1,-1,1598,1,12,-1,-1,-1
201543S084085,2,1,0,18,0,0,0,0,0,0,2,1,6,1,31,6,-1,-1,-1,-1,1,-1
201543S084105,1,9,0,4,0,1,1,0,0,0,1,1,6,2,19,4,1198,1,3,-1,1,-1
201543S084105,2,9,0,8,0,1,0,0,0,0,2,1,6,2,27,6,1229,1,3,-1,1,-1
201543S085015,1,9,0,18,0,0,0,0,0,0,1,1,1,1,51,8,2987,2,2,-1,1,-1
201543S085015,2,9,0,4,0,0,0,0,0,0,2,1,1,2,21,5,1598,2,3,-1,3,-1
201543S085035,1,9,0,9,0,8,0,0,0,0,4,1,6,1,45,7,1998,1,12,-1,1,-1
201543S085035,2,9,0,18,0,1,0,0,0,0,1,1,6,1,37,7,1388,1,6,-1,2,-1
201543S085035,3,9,0,10,0,1,0,0,0,0,3,1,6,1,41,7,1968,2,4,-1,3,-1
201543S085045,1,9,0,18,0,8,0,0,1,1,1,1,6,1,64,9,-1,-1,-1,-1,1,-1
201543S085045,2,9,0,9,0,8,0,0,0,0,1,1,6,2,53,8,1586,1,4,-1,3,-1
201543S085055,1,9,0,9,0,8,0,0,1,0,1,1,2,2,24,5,1390,1,2,-1,-1,-1
201543S085055,2,9,0,18,0,8,0,0,0,0,1,1,6,2,69,10,1798,1,6,-1,-1,-1
201543S085105,1,9,0,9,0,8,0,0,0,0,1,1,6,1,58,9,1988,1,14,-1,-1,-1
201543S085105,2,9,0,18,0,1,0,0,0,0,3,1,6,2,36,7,2720,2,6,-1,2,-1
201543S085115,1,9,0,18,0,0,0,0,0,0,1,1,6,3,-1,-1,-1,-1,-1,-1,-1,-1
201543S085115,2,1,0,18,0,0,0,0,0,0,3,1,4,1,11,3,-1,-1,-1,-1,1,-1
201543S086105,1,9,0,7,0,1,0,0,0,0,1,1,2,1,44,7,1796,1,5,-1,2,-1
201543S086105,2,9,0,8,0,1,0,0,0,0,2,1,2,1,52,8,1400,1,12,-1,-1,-1
201543S087015,1,9,0,12,0,0,0,0,0,0,1,1,6,2,38,7,2967,2,1,-1,3,-1
201543S087015,2,9,0,4,0,0,0,0,4,0,2,1,6,1,82,11,1242,1,6,-1,1,-1
201543S087035,1,1,0,9,0,6,0,0,0,0,3,1,6,1,21,5,-1,-1,-1,-1,1,-1
201543S087035,2,9,0,18,0,1,0,0,0,0,1,1,6,3,-1,-1,-1,-1,-1,-1,-1,-1
201543S087065,1,9,0,4,0,1,0,0,0,0,1,1,6,1,62,9,5204,1,1,-1,3,-1
201543S087065,2,9,0,3,0,1,0,0,0,0,2,1,1,2,37,7,1910,2,9,-1,3,-1
201543S088025,1,9,0,18,0,8,0,0,0,0,1,1,1,1,56,9,1248,2,1,-1,-1,-1
201543S088025,2,9,0,18,0,4,1,0,0,0,3,1,6,2,21,5,1422,2,7,-1,-1,-1
201543S088055,1,9,0,4,0,1,0,0,0,0,1,1,6,2,43,7,-1,-1,-1,-1,-1,-1
201543S088055,2,9,0,4,0,1,0,0,0,0,2,1,6,1,32,6,1686,2,11,-1,1,-1
201543S088105,1,9,0,18,0,1,0,0,0,0,1,1,2,2,35,6,1242,1,-1,-1,1,-1
201543S088105,2,9,0,3,0,1,0,0,0,0,2,1,2,1,39,7,1299,1,10,-1,1,-1
201543S089015,1,9,0,4,0,1,0,0,0,0,1,1,6,2,34,6,1198,1,1,-1,1,-1
201543S089015,2,5,0,3,0,1,0,0,0,0,2,1,6,1,32,6,-1,-1,-1,-1,-1,-1
201543S089035,1,9,0,18,0,8,1,0,1,4,1,1,2,2,49,8,1242,1,5,-1,1,-1
201543S089035,2,9,0,7,0,2,0,0,0,0,0,1,2,2,32,6,1199,1,11,-1,1,-1
201543S089075,1,9,0,9,0,6,5,0,4,0,3,1,6,1,44,7,1798,8,2,-1,3,-1
201543S089075,2,9,0,18,0,1,0,0,0,0,1,1,6,1,74,10,998,1,4,-1,1,-1
201543S089105,1,9,0,1,0,0,0,0,0,0,2,1,6,1,-1,-1,-1,-1,-1,-1,-1,-1
201543S089115,1,9,0,12,0,0,0,0,0,0,4,1,6,1,37,7,1388,1,3,-1,1,-1
201543S090015,1,9,0,18,0,0,2,0,1,9,0,1,2,1,29,6,-1,-1,-1,-1,2,-1
201543S090015,2,1,0,18,0,0,0,0,0,0,0,1,6,3,30,6,-1,-1,-1,-1,-1,-1
201543S090035,1,9,0,18,0,8,0,0,0,0,1,1,6,1,22,5,998,1,13,-1,-1,-1
201543S090035,2,9,0,3,0,8,0,0,0,0,2,1,6,2,40,7,-1,-1,-1,-1,-1,-1
201543S090075,1,9,0,7,0,6,0,0,0,0,3,1,6,1,21,5,1998,1,11,-1,1,-1
201543S090075,2,9,0,18,0,1,0,0,0,0,1,1,6,1,25,5,1398,1,3,-1,1,-1
201543S090115,1,9,0,18,0,4,0,0,0,0,1,1,6,1,47,8,2143,2,3,-1,1,-1
201543S090115,2,1,0,18,0,8,0,0,0,0,4,1,6,1,39,7,-1,-1,-1,-1,1,-1
201543S091065,1,9,0,5,0,1,0,0,0,0,1,1,6,1,29,6,1598,1,6,-1,1,-1
201543S091065,2,9,0,3,0,1,0,0,0,0,2,1,6,1,42,7,1868,2,16,-1,1,-1
201543S091075,1,1,0,18,0,0,0,0,0,0,1,1,6,1,35,6,-1,-1,-1,-1,-1,-1
201543S091075,2,9,0,5,0,0,0,0,0,0,4,1,6,1,30,6,1995,2,4,-1,1,-1
201543S092025,1,9,0,4,0,1,0,0,0,0,1,1,6,2,34,6,1582,2,1,-1,3,-1
201543S092025,2,9,0,3,0,1,0,0,0,0,2,1,6,2,49,8,1598,1,2,-1,1,-1
201543S092045,1,9,0,9,0,6,0,0,0,0,1,1,1,1,44,7,1798,8,3,-1,2,-1
201543S092045,2,9,0,9,0,8,0,0,0,0,3,1,6,2,25,5,1124,1,11,-1,1,-1
201543S092065,1,9,0,9,0,8,5,0,0,0,1,1,2,2,30,6,1753,2,8,-1,1,-1
201543S092065,2,9,0,18,0,1,0,0,0,0,1,1,6,1,70,10,998,1,13,-1,1,-1
201543S092075,1,9,0,18,0,8,0,9,3,4,1,1,2,1,39,7,2179,2,3,-1,1,-1
201543S092095,1,19,0,12,0,0,0,0,0,0,3,1,6,3,-1,-1,1753,2,4,-1,-1,-1
201543S092095,2,2,0,18,0,0,0,0,4,0,1,1,1,1,22,5,125,1,8,-1,1,-1
201543S092105,1,21,1,18,0,0,0,0,0,0,1,1,1,1,49,8,7790,2,1,-1,1,-1
201543S092105,2,21,1,18,0,0,0,0,0,0,2,1,1,1,49,8,9200,2,4,-1,1,-1
201543S093025,1,9,0,18,0,1,0,0,0,0,4,1,6,3,-1,-1,-1,-1,-1,-1,-1,-1
201543S093045,1,9,0,5,0,4,0,0,0,0,1,1,6,1,26,6,1995,2,9,-1,2,-1
201543S093045,2,9,0,4,0,4,0,0,0,0,2,1,6,2,39,7,1242,1,5,-1,1,-1
201543S093065,1,9,0,9,0,8,0,0,0,0,4,1,6,1,33,6,2993,2,-1,-1,1,-1
201543S093065,2,9,0,18,0,1,0,0,1,0,1,1,6,2,30,6,1388,1,11,-1,3,-1
201543S094035,1,9,0,18,0,1,1,0,0,0,1,1,6,2,26,6,-1,-1,-1,-1,2,-1
201543S094035,2,9,0,9,0,8,1,0,0,0,1,1,6,2,48,8,1598,1,11,-1,1,-1
201543S094065,1,9,0,11,0,0,0,0,0,0,4,1,1,1,25,5,2400,2,1,-1,1,-1
201543S094065,2,3,0,18,0,0,0,0,0,0,3,1,2,1,20,4,124,1,3,-1,2,-1
201543S094065,3,9,0,3,0,0,0,0,0,0,2,1,2,2,28,6,1591,1,6,-1,2,-1
201543S094105,1,9,0,9,0,8,0,0,0,0,3,1,6,2,36,7,1199,1,13,-1,1,-1
201543S094105,2,9,0,18,0,8,0,0,0,0,4,1,6,1,21,5,1598,1,14,-1,2,-1
201543S095025,1,11,0,9,0,1,0,0,0,0,0,1,6,1,-1,-1,-1,-1,-1,-1,-1,-1
201543S095025,2,9,0,18,0,1,0,0,0,0,0,1,6,1,30,6,1595,1,13,-1,1,-1
201543S095055,1,9,0,9,0,8,0,0,0,0,3,1,2,2,39,7,1390,1,14,-1,1,-1
201543S095055,2,9,0,18,0,1,0,0,6,0,1,1,2,1,45,7,1995,2,7,-1,1,-1
201543S095105,1,9,0,17,0,0,0,0,0,0,1,1,2,1,23,5,1984,1,8,-1,2,-1
201543S095125,1,9,0,9,0,8,0,0,0,0,2,1,1,1,22,5,1586,1,-1,-1,1,-1
201543S095125,2,9,0,18,0,1,0,0,0,0,1,1,1,2,31,6,1560,2,-1,-1,1,-1
201543S096055,1,9,0,18,0,0,0,0,0,0,1,1,6,1,26,6,1968,2,3,-1,1,-1
201543S096055,2,9,0,3,0,0,0,0,0,0,2,1,6,1,28,6,1598,2,4,-1,1,-1
201543S096085,1,9,0,13,0,0,1,0,1,4,4,1,6,1,21,5,1560,2,8,-1,1,-1
201543S096085,2,11,0,18,0,0,0,0,0,0,1,1,1,1,60,9,9000,2,8,-1,1,-1
201543S096105,1,9,0,18,0,0,2,0,2,9,1,1,6,1,34,6,1896,2,10,-1,1,-1
201543S096125,1,9,0,9,0,8,0,0,0,0,1,1,6,1,48,8,1995,2,5,-1,3,-1
201543S096125,2,9,0,10,0,8,0,0,0,0,2,1,6,1,43,7,1299,1,13,-1,1,-1
201543S097015,1,20,0,18,0,0,0,0,0,0,3,1,1,2,40,7,-1,-1,-1,-1,3,-1
201543S097035,1,19,0,2,0,0,0,0,0,0,3,1,1,1,48,8,2143,2,2,-1,1,-1
201543S097045,1,9,0,18,0,0,1,0,1,7,1,1,6,2,34,6,1299,1,11,-1,1,-1
201543S097055,1,3,0,18,0,3,0,0,1,0,3,1,1,1,24,5,108,1,2,-1,1,-1
201543S097105,1,19,0,18,0,0,0,0,0,0,1,2,1,2,49,8,-1,-1,-1,-1,-1,-1
201543S097105,2,21,1,18,0,0,0,0,0,0,2,2,1,1,28,6,-1,-1,-1,-1,-1,-1
201543S098015,1,9,0,5,0,1,0,0,0,0,1,1,6,2,18,4,1299,1,12,-1,2,-1
201543S098015,2,9,0,3,0,1,0,0,0,0,2,1,6,2,40,7,1298,1,13,-1,1,-1
201543S098025,1,9,0,18,0,1,0,0,0,0,1,1,6,3,-1,-1,-1,-1,-1,-1,-1,-1
201543S098025,2,3,0,8,0,1,0,0,0,0,2,1,1,1,53,8,124,1,3,-1,-1,-1
201543S098045,1,98,1,12,0,0,0,0,0,0,3,1,6,3,-1,-1,-1,-1,-1,-1,-1,-1
201543S098045,2,9,0,18,0,0,0,0,4,6,4,1,6,2,25,5,1364,1,9,-1,3,-1
201543S098055,1,9,0,1,0,0,0,0,0,0,2,1,1,1,35,6,3200,1,8,-1,1,-1
201543S098075,1,9,0,18,0,0,0,0,0,0,4,1,6,2,-1,-1,1199,1,13,-1,-1,-1
201543S098115,1,9,0,9,0,8,0,0,0,0,1,1,2,2,37,7,1995,2,9,-1,1,-1
201543S098115,2,9,0,18,0,1,0,0,0,0,1,1,6,1,37,7,2521,1,8,-1,1,-1
201543S099025,1,9,0,18,0,0,0,0,0,0,1,1,1,1,40,7,1149,1,12,-1,1,-1
201543S099065,1,19,0,18,0,0,1,0,0,0,1,1,2,1,30,6,1896,2,14,-1,1,-1
201543S099065,2,19,0,4,0,0,0,0,0,0,2,1,2,1,39,7,1560,2,5,-1,1,-1
201543S099105,1,9,0,18,0,0,0,0,0,0,1,1,6,2,48,8,1242,1,9,-1,1,-1
201543S099105,2,1,0,18,0,0,0,0,0,0,3,1,6,1,11,3,-1,-1,-1,-1,1,-1
201543S100025,1,9,0,5,0,1,0,0,0,0,1,1,2,1,20,4,1596,1,9,-1,3,-1
201543S100025,2,9,0,8,0,1,0,0,0,0,2,1,2,1,38,7,1596,1,13,-1,1,-1
201543S100035,1,8,0,18,0,0,0,0,0,0,1,1,6,1,-1,-1,-1,-1,-1,-1,-1,-1
201543S100035,2,9,0,18,0,0,0,0,0,0,2,1,6,3,-1,-1,-1,-1,-1,-1,-1,-1
201543S100065,1,20,0,9,0,5,0,0,0,0,4,1,1,1,46,8,4461,2,3,-1,1,-1
201543S100065,2,9,0,18,0,1,0,0,0,0,1,1,6,2,59,9,2496,1,13,-1,2,-1
201543S100105,1,20,0,5,0,1,0,0,0,0,1,1,1,1,48,8,3920,2,11,-1,1,-1
201543S100105,2,8,0,8,0,1,0,0,0,0,2,1,1,1,22,5,-1,-1,-1,-1,1,-1
201543S101045,1,9,0,18,0,0,0,0,0,0,1,1,6,1,-1,-1,-1,-1,-1,-1,-1,-1
201543S101045,2,1,0,18,0,0,0,0,0,0,1,1,6,1,12,3,-1,-1,-1,-1,1,-1
201543S101055,1,19,0,9,0,8,0,0,0,0,1,1,1,1,36,7,1248,2,3,-1,1,-1
201543S101055,2,9,0,18,0,8,0,0,0,0,3,1,2,2,57,9,1399,2,3,-1,1,-1
201543S101065,1,9,0,18,0,1,0,0,0,0,1,1,2,2,42,7,1422,2,14,-1,1,-1
201543S101065,2,9,0,10,0,8,0,0,0,0,2,1,2,2,45,7,1968,2,-1,-1,1,-1
201543S101105,1,9,0,9,0,8,0,0,0,0,4,1,6,1,34,6,1461,2,5,-1,1,-1
201543S101105,2,9,0,18,0,1,0,0,0,0,1,1,2,2,24,5,1389,1,11,-1,1,-1
201543S101125,1,9,0,18,0,0,0,0,0,0,1,1,6,2,41,7,1598,1,3,-1,3,-1
201543S101125,2,10,0,18,0,0,0,0,0,0,1,1,6,1,28,6,2402,2,8,-1,1,-1
201543S102025,1,9,0,18,0,1,0,0,0,0,1,1,6,1,34,6,1596,1,11,-1,1,-1
201543S102025,2,9,0,3,0,1,0,0,0,0,2,1,6,2,53,8,-1,-1,-1,-1,1,-1
201543S102065,1,9,0,18,0,0,1,0,2,0,4,1,6,2,19,4,1229,1,7,-1,1,-1
201543S102075,1,9,0,12,0,0,2,0,1,0,0,1,6,2,37,7,1598,1,5,-1,1,-1
201543S102085,1,9,0,13,0,0,0,0,0,0,1,1,6,1,-1,-1,1197,1,-1,-1,-1,-1
201543S102085,2,9,0,18,0,0,0,0,0,0,2,1,6,1,31,6,-1,-1,-1,-1,1,-1
201543S102095,1,21,1,18,0,4,5,9,0,0,1,1,1,1,40,7,12777,2,3,-1,-1,-1
201543S102105,1,5,0,12,0,0,0,0,0,0,1,1,6,1,43,7,1261,1,11,-1,1,-1
201543S102105,2,9,0,12,0,0,0,0,0,0,2,1,6,2,23,5,1598,1,12,-1,3,-1
201543S102115,1,9,0,4,0,0,0,0,0,0,1,1,6,2,33,6,2792,1,12,-1,1,-1
201543S102115,2,9,0,4,0,0,0,0,0,0,2,1,6,2,53,8,1596,1,11,-1,1,-1
201543S102125,1,9,0,18,0,0,1,0,1,4,1,1,6,2,31,6,1598,1,6,-1,3,-1
201543S103025,1,19,0,9,0,6,0,0,1,0,3,1,6,1,23,5,1997,2,1,-1,1,-1
201543S103025,2,9,0,18,0,1,0,0,0,0,1,1,6,2,23,5,-1,-1,-1,-1,1,-1
201543S103075,1,9,0,18,0,1,0,0,0,0,1,1,6,1,25,5,-1,-1,-1,-1,-1,-1
201543S103075,2,9,0,3,0,1,0,0,0,0,2,1,2,2,18,4,-1,-1,-1,-1,1,-1
201543S103115,1,9,0,9,0,6,0,0,0,0,3,1,6,1,60,9,1796,1,13,-1,1,-1
201543S103115,2,5,0,18,0,1,0,0,0,0,1,1,6,1,58,9,781,1,15,-1,1,-1
201543S103125,1,9,0,18,0,1,0,0,0,0,2,1,6,3,-1,-1,-1,-1,-1,-1,-1,-1
201543S103125,2,9,0,18,0,1,0,0,0,0,1,1,6,1,24,5,1198,1,13,-1,1,-1
201543S104015,1,9,0,5,0,0,0,0,0,0,1,1,6,1,59,9,1781,1,18,-1,1,-1
201543S104015,2,9,0,3,0,0,0,0,0,0,2,1,6,2,34,6,1998,2,9,-1,1,-1
201543S104035,1,9,0,16,0,0,1,0,0,0,1,1,6,2,19,4,-1,-1,-1,-1,1,-1
201543S104035,2,9,0,3,0,0,0,0,0,0,2,1,6,1,29,6,1910,2,8,-1,1,-1
201543S104065,1,19,0,5,0,1,0,0,0,0,1,1,6,1,35,6,2148,2,10,-1,1,-1
201543S104065,2,8,0,10,0,1,0,0,0,0,2,1,1,1,60,9,-1,-1,-1,-1,1,-1
201543S104095,1,9,0,7,0,6,0,0,0,0,0,1,6,2,75,10,1329,1,1,-1,1,-1
201543S104095,2,5,0,18,0,1,0,0,0,0,0,1,6,1,26,6,1202,1,3,-1,1,-1
201543S104115,1,9,0,12,0,0,0,0,0,0,3,1,6,2,20,4,1242,1,3,-1,1,-1
201543S104115,2,3,0,18,0,0,0,0,0,0,4,1,6,2,19,4,125,1,4,-1,1,-1
201543S104125,1,9,0,9,0,8,0,0,0,0,1,1,6,2,32,6,1399,2,5,-1,1,-1
201543S104125,2,8,0,18,0,8,0,0,0,0,1,1,1,1,37,7,1896,2,6,-1,1,-1
201543S105055,1,9,0,18,0,4,0,0,1,0,3,1,6,2,38,7,1598,1,9,-1,1,-1
201543S105055,2,9,0,9,0,8,0,0,7,0,4,1,6,2,25,5,1229,1,9,-1,1,-1
201543S105065,1,9,0,9,0,8,0,0,0,0,1,2,6,1,33,6,-1,-1,-1,-1,1,-1
201543S105065,2,9,0,18,0,1,0,0,0,0,1,1,6,1,-1,-1,1998,1,15,-1,2,-1
201543S105095,1,9,0,18,0,4,0,0,0,0,3,1,1,1,24,5,1595,1,8,-1,1,-1
201543S105095,2,3,0,9,0,8,0,0,0,0,1,1,1,1,51,8,124,1,1,-1,-1,-1
201543S105115,1,9,0,18,0,1,0,0,2,4,1,1,6,1,27,6,-1,-1,-1,-1,1,-1
201543S105115,2,9,0,9,0,2,0,0,0,0,1,1,6,1,26,6,1582,2,-1,-1,1,-1
201543S105125,1,19,0,11,0,0,0,0,0,0,1,1,1,1,37,7,2198,2,7,-1,1,-1
201543S105125,2,21,0,11,0,0,0,0,0,0,2,1,1,1,31,6,6870,2,8,-1,1,-1
201543S106025,1,9,0,9,0,5,0,0,0,0,1,1,6,1,76,11,2099,1,12,-1,3,-1
201543S106075,1,9,0,18,0,1,0,0,0,0,1,1,6,1,28,6,-1,-1,-1,-1,-1,-1
201543S106075,2,9,0,10,0,1,0,0,0,0,2,1,6,2,33,6,1242,1,14,-1,2,-1
201543S106105,1,19,0,9,0,6,0,0,4,0,3,1,1,1,27,6,2198,2,6,-1,1,-1
201543S106105,2,9,0,18,0,1,0,0,4,4,1,1,6,1,57,9,1388,1,11,-1,1,-1
201543S106115,1,9,0,5,0,1,0,0,0,0,1,1,6,2,31,6,1461,2,6,-1,1,-1
201543S106115,2,9,0,3,0,1,0,0,0,0,2,1,6,1,27,6,1499,1,-1,-1,1,-1
201543S107055,1,1,0,8,0,1,0,0,0,0,1,1,2,2,22,5,-1,-1,-1,-1,1,-1
201543S107055,2,9,0,9,0,5,0,0,0,0,3,1,6,1,30,6,-1,-1,-1,-1,-1,-1
201543S107065,1,9,0,18,0,8,0,0,3,4,1,1,6,1,41,7,1587,1,10,-1,1,-1
201543S107095,1,21,1,4,0,0,0,0,0,0,1,1,1,1,59,9,12419,2,-1,-1,1,-1
201543S107095,2,21,1,4,0,0,0,0,0,0,2,1,1,1,61,9,10677,2,1,-1,1,-1
201543S107105,1,9,0,18,0,0,2,0,1,4,1,1,6,1,30,6,1598,1,12,-1,1,-1
201543S107115,1,9,0,18,0,0,0,12,0,0,1,1,6,1,75,10,1296,1,8,-1,2,-1
201543S108025,1,9,0,16,0,0,2,0,7,11,1,1,2,1,47,8,1329,1,4,-1,2,-1