Accident_Index,Vehicle_Reference,Vehicle_Type,Towing_and_Articulation,Vehicle_Manoeuvre,Vehicle_Location-Restricted_Lane,Junction_Location,Skidding_and_Overturning,Hit_Object_in_Carriageway,Vehicle_Leaving_Carriageway,Hit_Object_off_Carriageway,1st_Point_of_Impact,Was_Vehicle_Left_Hand_Drive?,Journey_Purpose_of_Driver,Sex_of_Driver,Age_of_Driver,Age_Band_of_Driver,Engine_Capacity_(CC),Propulsion_Code,Age_of_Vehicle,Driver_IMD_Decile,Driver_Home_Area_Type,Vehicle_IMD_Decile
201543W056085,2,3,0,18,0,8,0,0,0,0,1,1,6,1,28,6,124,1,-1,-1,1,-1
201543W056095,1,9,0,16,0,0,2,0,1,9,1,1,6,1,59,9,2980,2,18,-1,1,-1
201543W056125,1,9,0,18,0,3,0,0,0,0,1,1,6,2,45,7,1753,2,15,-1,1,-1
201543W056125,2,1,0,18,0,3,0,0,0,0,4,1,6,1,46,8,-1,-1,-1,-1,1,-1
201543W057035,1,9,0,4,0,0,0,0,0,0,2,1,6,2,21,5,998,1,2,-1,3,-1
201543W057035,2,90,0,4,0,0,0,0,0,0,1,1,1,1,26,6,2299,2,1,-1,1,-1
201543W057055,1,9,0,1,9,1,0,0,7,11,1,1,6,1,71,10,1199,1,14,-1,1,-1
201543W057075,1,9,0,18,0,1,0,0,0,0,2,1,1,1,24,5,1248,2,3,-1,1,-1
201543W057075,2,19,0,4,0,1,0,0,0,0,1,1,2,1,29,6,-1,-1,-1,-1,-1,-1
201543W057075,3,9,0,4,0,1,0,0,0,0,2,1,2,2,27,6,2497,2,17,-1,1,-1
201543W057115,1,21,1,5,0,1,0,0,0,0,1,1,1,1,32,6,12777,2,6,-1,1,-1
201543W058085,1,2,0,18,0,8,0,0,0,0,1,1,6,1,18,4,-1,-1,-1,-1,-1,-1
201543W058085,2,9,0,7,0,8,0,0,0,0,4,1,6,1,59,9,1390,1,8,-1,1,-1
201543W059035,1,19,0,18,0,3,0,0,0,0,1,1,6,1,-1,-1,2464,2,7,-1,-1,-1
201543W059035,2,9,0,18,0,3,0,0,0,0,2,1,6,1,30,6,2993,2,7,-1,1,-1
201543W059045,1,9,0,18,0,1,0,0,0,0,1,1,6,3,-1,-1,-1,-1,-1,-1,-1,-1
201543W059045,2,9,0,2,9,8,0,0,0,0,1,1,6,3,-1,-1,999,1,14,-1,-1,-1
201543W059065,1,9,0,4,0,0,0,0,0,0,2,1,6,1,21,5,1995,2,5,-1,3,-1
201543W059065,2,19,0,18,0,0,0,0,0,0,1,1,6,1,-1,-1,2148,2,8,-1,-1,-1
201543W059075,1,9,0,18,0,1,0,0,0,0,1,1,6,1,86,11,1686,2,11,-1,1,-1
201543W059075,2,1,0,18,0,1,0,0,0,0,4,1,4,1,13,3,-1,-1,-1,-1,1,-1
201543W060105,1,9,0,18,0,2,0,0,0,0,1,2,2,1,36,7,2148,2,7,-1,1,-1
201543W060105,2,9,0,3,0,2,0,0,0,0,2,1,2,1,40,7,-1,-1,-1,-1,3,-1
201543W060105,3,9,0,3,0,2,0,0,0,0,2,1,2,2,21,5,2698,2,7,-1,1,-1
201543W061025,1,9,0,14,0,0,0,0,0,0,4,1,1,1,54,8,1798,1,3,-1,3,-1
201543W061025,2,9,0,2,0,0,0,10,1,11,3,1,6,1,24,5,-1,-1,-1,-1,3,-1
201543W061035,1,9,0,16,0,0,1,10,1,11,1,1,6,1,33,6,1363,2,12,-1,1,-1
201543W062045,1,9,0,18,0,1,0,0,0,0,1,1,6,1,65,9,1685,2,1,-1,1,-1
201543W062045,2,9,0,10,0,1,0,0,0,0,2,1,6,1,21,5,1000,1,15,-1,1,-1
201543W062065,1,9,0,18,0,1,0,0,0,0,1,1,6,2,-1,-1,-1,-1,-1,-1,-1,-1
201543W062065,2,1,0,18,0,8,0,0,0,0,3,1,4,1,14,3,-1,-1,-1,-1,1,-1
201543W062115,1,19,0,18,0,0,0,0,0,0,4,1,1,1,53,8,2198,2,2,-1,1,-1
201543W063055,1,9,0,18,0,1,0,0,0,0,1,1,6,2,-1,-1,1753,2,7,-1,-1,-1
201543W063055,2,9,0,3,0,1,0,0,0,0,2,1,6,2,44,7,1598,2,1,-1,1,-1
201543W063095,1,9,0,4,6,5,0,0,0,0,4,1,6,1,40,7,2199,2,1,-1,1,-1
201543W063115,1,9,0,18,0,0,0,0,0,0,3,1,6,1,24,5,1229,1,3,-1,-1,-1
201543W064025,1,9,0,7,0,1,0,0,0,0,2,1,1,1,28,6,1598,1,2,-1,1,-1
201543W064025,2,9,0,8,0,1,0,0,0,0,2,1,1,2,22,5,-1,-1,-1,-1,1,-1
201543W064025,3,9,0,18,0,1,0,0,0,0,1,1,1,1,44,7,2993,2,2,-1,1,-1
201543W064075,1,19,0,9,0,6,0,0,0,0,0,1,6,3,-1,-1,-1,-1,-1,-1,-1,-1
201543W064075,2,1,0,18,0,8,1,0,0,0,3,1,2,1,51,8,-1,-1,-1,-1,3,-1
201543W064115,1,1,0,18,0,8,0,0,0,0,1,1,6,1,32,6,-1,-1,-1,-1,-1,-1
201543W064115,2,9,0,18,0,8,0,0,0,0,4,1,1,1,40,7,2179,2,4,-1,3,-1
201543W065025,1,11,0,18,2,0,0,0,0,0,1,1,1,1,23,5,9000,2,8,-1,1,-1
201543W065065,1,9,0,18,0,0,0,0,0,0,4,1,6,3,-1,-1,-1,-1,-1,-1,-1,-1
201543W066025,1,9,0,9,0,8,0,0,0,0,0,1,6,2,-1,-1,-1,-1,-1,-1,-1,-1
201543W066025,2,3,0,3,0,3,0,0,0,0,4,1,6,1,19,4,125,1,3,-1,1,-1
201543W066085,1,9,0,18,0,1,0,0,0,0,1,1,6,1,-1,-1,-1,-1,-1,-1,-1,-1
201543W066085,2,9,0,3,0,1,0,0,0,0,2,1,6,1,32,6,1587,1,13,-1,1,-1
201543W066115,1,1,0,18,0,8,0,0,0,0,1,1,6,2,-1,-1,-1,-1,-1,-1,-1,-1
201543W066115,2,9,0,7,0,6,0,0,0,0,4,1,6,2,35,6,1999,1,13,-1,-1,-1
201543W067045,1,1,0,18,0,0,0,0,0,0,1,1,6,1,23,5,-1,-1,-1,-1,1,-1
201543W067045,2,9,0,2,0,0,0,0,0,0,2,1,6,1,-1,-1,1368,1,4,-1,-1,-1
201543W067085,1,9,0,9,0,6,0,0,0,0,1,1,6,2,-1,-1,-1,-1,-1,-1,-1,-1
201543W067085,2,1,0,18,0,8,0,0,0,0,4,1,6,1,13,3,-1,-1,-1,-1,1,-1
201543W067095,1,8,0,18,0,2,0,0,0,0,4,1,1,1,29,6,2499,2,9,-1,1,-1
201543W067115,1,5,0,9,0,6,0,0,0,0,4,1,6,1,67,10,1340,1,2,-1,1,-1
201543W067115,2,9,0,18,0,8,0,0,0,0,1,1,2,1,23,5,1498,1,3,-1,1,-1
201543W068035,1,9,0,5,0,6,0,0,0,0,1,1,6,3,-1,-1,-1,-1,-1,-1,-1,-1
201543W068035,2,1,0,18,5,8,0,0,0,0,4,1,6,1,31,6,-1,-1,-1,-1,1,-1
201543W068045,1,9,0,2,0,8,0,0,0,0,2,1,6,2,55,8,1388,1,10,-1,1,-1
201543W068045,2,9,0,12,0,7,0,0,0,0,1,1,6,1,33,6,-1,-1,-1,-1,1,-1
201543W068045,3,9,0,18,0,8,0,0,0,0,1,1,6,2,37,7,1781,1,15,-1,1,-1
201543W068055,1,19,0,1,0,0,0,0,0,0,2,1,6,1,-1,-1,1870,2,9,-1,-1,-1
201543W068085,1,9,0,18,0,6,0,0,0,0,4,1,6,1,66,10,2958,2,13,-1,1,-1
201543W068085,2,9,0,18,0,8,0,0,0,0,1,1,6,2,34,6,1598,1,4,-1,1,-1
201543W068105,1,9,0,12,0,0,0,0,0,0,1,1,6,1,71,10,1991,2,5,-1,2,-1
201543W068105,2,9,0,17,0,0,0,0,1,4,1,1,2,1,36,7,1984,1,1,-1,3,-1
201543W069075,1,9,0,18,0,1,5,0,0,0,1,1,6,2,71,10,1275,1,20,-1,-1,-1
201543W069075,2,9,0,4,0,1,0,0,0,0,2,1,6,2,53,8,1798,1,7,-1,3,-1
201543W069095,1,9,0,7,0,6,0,0,0,0,1,1,6,1,-1,-1,-1,-1,-1,-1,-1,-1
201543W069095,2,9,0,18,0,1,0,0,0,0,1,1,6,1,19,4,1149,1,10,-1,-1,-1
201543W069125,1,9,0,5,0,6,0,0,0,0,1,1,6,1,24,5,1248,2,10,-1,1,-1
201543W069125,2,9,0,17,0,8,0,0,0,0,4,1,6,2,34,6,1390,1,6,-1,1,-1
201543W070015,1,19,0,17,0,1,0,0,0,0,1,1,1,1,54,8,2143,2,1,-1,1,-1
201543W070075,1,9,0,9,0,6,0,0,0,0,1,1,6,2,51,8,1598,1,2,-1,3,-1
201543W070085,1,1,0,7,0,2,0,0,0,0,3,1,6,1,11,3,-1,-1,-1,-1,-1,-1
201543W070085,2,9,0,8,0,1,0,0,0,0,3,1,2,2,51,8,1598,2,3,-1,1,-1
201543W071045,1,9,0,18,0,1,0,0,0,0,1,1,6,2,65,9,1798,1,3,-1,1,-1
201543W071045,2,9,0,18,0,1,0,0,0,0,2,1,6,2,36,7,2143,2,2,-1,3,-1
201543W071045,3,9,0,7,0,1,0,0,0,0,2,1,6,1,40,7,1968,2,4,-1,1,-1
201543W071075,1,4,0,18,0,0,0,0,2,5,4,1,6,1,49,8,645,1,2,-1,1,-1
201543W071095,1,11,0,18,2,0,0,0,0,0,1,1,1,3,-1,-1,-1,-1,-1,-1,-1,-1
201543W071095,2,1,0,18,2,0,1,0,0,0,3,1,1,2,52,8,-1,-1,-1,-1,1,-1
201543W071115,1,9,0,9,0,4,0,0,0,0,3,1,6,1,18,4,1242,1,8,-1,-1,-1
201543W071115,2,9,0,18,0,8,0,0,0,0,1,1,6,2,24,5,1587,1,10,-1,3,-1
201543W072015,1,19,0,9,0,6,0,0,0,0,1,1,6,1,41,7,-1,-1,-1,-1,1,-1
201543W072015,2,9,0,18,0,8,0,0,2,11,4,1,6,1,28,6,2198,1,7,-1,-1,-1
201543W072025,1,9,0,16,0,8,2,0,0,0,1,1,1,1,35,6,-1,-1,-1,-1,1,-1
201543W072025,2,9,0,16,0,8,0,0,0,0,2,1,2,1,18,4,-1,-1,-1,-1,3,-1
201543W072025,3,9,0,17,0,8,0,0,0,0,3,1,6,2,37,7,-1,-1,-1,-1,1,-1
201543W072025,4,9,0,16,0,8,0,0,0,0,2,1,1,1,46,8,-1,-1,-1,-1,1,-1
201543W072025,5,9,0,16,0,8,0,0,0,0,2,1,6,3,-1,-1,1598,1,13,-1,1,-1
201543W072045,1,5,0,16,0,8,1,0,7,1,1,1,6,1,63,9,748,1,16,-1,1,-1
201543W072055,1,9,0,17,0,0,0,0,1,4,1,1,6,2,80,11,1598,2,4,-1,3,-1
201543W072115,1,9,0,5,0,4,0,0,0,0,1,1,6,1,78,11,1951,2,11,-1,1,-1
201543W072115,2,9,0,18,0,8,0,0,0,0,1,1,1,1,50,8,-1,-1,-1,-1,3,-1
201543W073015,1,9,0,9,0,6,0,0,0,0,1,1,6,1,40,7,998,1,1,-1,1,-1
201543W073015,2,1,0,18,0,8,0,0,0,0,4,1,6,2,28,6,-1,-1,-1,-1,1,-1
201543W073025,1,9,0,18,0,0,0,10,7,11,1,1,6,1,80,11,1590,1,18,-1,2,-1
201543W073065,1,9,0,18,0,8,0,0,0,0,4,1,6,1,48,8,-1,-1,-1,-1,2,-1
201543W073075,1,9,0,7,0,5,0,0,0,0,4,1,6,1,29,6,1999,2,8,-1,1,-1
201543W073085,1,9,0,18,0,0,0,0,0,0,1,1,6,2,30,6,998,1,1,-1,1,-1
201543W073085,2,9,0,18,0,0,0,0,0,0,1,1,6,2,27,6,-1,-1,-1,-1,3,-1
201543W073105,1,9,0,16,0,8,2,0,8,11,1,1,6,1,20,4,1199,1,12,-1,-1,-1
201543W073105,2,9,0,17,0,8,0,0,0,0,4,1,6,2,33,6,1598,2,5,-1,1,-1
201543W073115,1,9,0,16,0,0,1,0,2,10,1,1,2,2,63,9,998,1,7,-1,1,-1
201543W074055,1,9,0,9,0,8,1,0,0,0,1,1,6,1,17,4,1596,1,15,-1,1,-1
201543W074055,2,9,0,18,0,8,1,0,0,0,3,1,6,1,48,8,1995,2,3,-1,1,-1
201543W074065,1,9,0,16,0,0,2,10,0,0,4,1,6,2,36,7,1246,1,10,-1,1,-1
201543W074075,1,9,0,6,0,0,0,0,0,0,3,1,6,1,21,5,1596,1,9,-1,3,-1
201543W074075,2,5,0,13,0,0,0,0,0,0,1,1,6,1,57,9,998,1,12,-1,1,-1
201543W074085,1,9,0,18,0,0,0,0,0,0,1,1,6,2,25,5,1198,1,9,-1,2,-1
201543W074085,2,9,0,4,0,0,0,0,0,0,2,1,6,1,26,6,998,1,10,-1,1,-1
201543W074105,1,9,3,18,0,0,1,0,0,0,1,1,6,3,51,8,-1,-1,-1,-1,2,-1
201543W074105,2,9,0,18,0,0,1,0,0,0,1,1,6,3,-1,-1,1968,2,6,-1,1,-1
201543W074105,3,9,0,18,0,0,1,0,1,0,1,1,6,1,25,5,2231,2,9,-1,1,-1
201543W074105,4,9,0,18,0,0,1,0,0,0,1,1,6,1,54,8,1956,2,2,-1,1,-1
201543W074105,5,9,0,18,0,0,1,0,0,0,1,1,6,1,-1,-1,1242,1,6,-1,2,-1
201543W074105,6,9,0,18,0,0,1,0,0,0,1,1,6,1,-1,-1,1598,2,-1,-1,-1,-1
201543W074105,7,9,0,12,0,0,0,0,0,0,2,1,6,2,-1,-1,1598,1,13,-1,-1,-1
201543W074115,1,9,0,18,0,0,1,0,0,0,1,1,6,2,38,7,-1,-1,-1,-1,1,-1
201543W075025,1,9,0,18,0,1,0,0,0,0,1,1,6,2,53,8,1598,1,3,-1,1,-1
201543W075025,2,9,0,4,0,1,0,0,0,0,2,1,2,1,54,8,1598,1,5,-1,1,-1
201543W075025,3,19,0,4,0,1,0,0,0,0,2,1,2,1,24,5,1753,2,10,-1,3,-1
201543W075065,1,9,0,18,0,8,0,0,0,0,4,1,6,3,-1,-1,-1,-1,-1,-1,-1,-1
201543W075075,1,9,0,18,0,0,0,0,0,0,3,1,6,1,68,10,2987,2,7,-1,-1,-1
201543W075075,2,9,0,18,0,0,0,0,0,0,3,1,6,3,-1,-1,-1,-1,-1,-1,-1,-1
201543W076025,1,3,0,17,0,0,1,0,0,0,3,1,2,2,52,8,124,1,2,-1,1,-1
201543W076065,1,9,0,18,0,0,2,0,0,0,1,1,6,1,34,6,1398,1,11,-1,1,-1
201543W076075,1,9,0,4,0,1,0,0,0,0,1,1,6,1,50,8,1896,2,13,-1,-1,-1
201543W076075,2,9,0,3,0,1,0,0,0,0,2,1,6,1,54,8,1360,1,12,-1,1,-1
201543W076085,1,5,0,18,0,0,1,0,0,0,1,1,6,1,48,8,-1,-1,-1,-1,1,-1
201543W076085,2,9,0,4,0,0,0,0,0,0,2,1,6,1,52,8,1995,2,3,-1,1,-1
201543W077025,1,9,0,7,0,6,0,0,0,0,1,1,6,2,50,8,1198,1,2,-1,1,-1
201543W077025,2,1,0,18,0,6,0,0,0,0,0,1,6,2,30,6,-1,-1,-1,-1,-1,-1
201543W077055,1,9,0,18,0,2,0,0,0,0,1,1,1,1,41,7,2184,2,9,-1,1,-1
201543W077055,2,9,0,3,0,2,0,0,0,0,2,1,1,2,24,5,1596,1,12,-1,1,-1
201543W077055,3,9,0,3,0,2,0,0,0,0,2,1,1,1,-1,-1,-1,-1,-1,-1,-1,-1
201543W077055,4,9,0,3,0,2,0,0,0,0,2,1,1,1,-1,-1,1296,1,7,-1,-1,-1
201543W077065,1,9,0,9,0,6,0,0,0,0,1,1,6,1,82,11,1997,1,-1,-1,1,-1
201543W077065,2,9,0,18,0,8,0,0,7,0,1,1,6,1,40,7,1995,2,12,-1,2,-1
201543W077095,1,9,0,7,0,6,0,0,0,0,1,1,6,2,17,4,1560,2,2,-1,3,-1
201543W077095,2,1,0,18,0,1,0,0,0,0,4,1,6,2,45,7,-1,-1,-1,-1,3,-1
201543W077105,1,9,0,18,0,6,0,0,0,0,4,1,6,2,49,8,-1,-1,-1,-1,2,-1
201543W077105,2,9,0,18,0,8,0,0,0,0,1,1,6,1,46,8,2800,2,31,-1,3,-1
201543W078025,1,9,0,16,0,0,1,0,0,0,3,1,6,2,34,6,-1,-1,-1,-1,1,-1
201543W078065,1,9,0,7,0,5,0,0,1,10,1,1,6,2,20,4,1229,1,10,-1,1,-1
201543W078065,2,9,0,18,0,1,0,0,0,0,3,1,6,2,66,10,1390,1,1,-1,3,-1
201543W078095,1,9,0,2,0,0,0,0,1,0,2,1,6,1,42,7,-1,-1,-1,-1,-1,-1
201543W078095,2,9,0,11,0,0,0,0,0,0,1,1,6,1,18,4,1870,2,10,-1,1,-1
201543W078105,1,5,0,18,0,0,0,0,0,0,1,1,6,1,55,8,999,1,2,-1,1,-1
201543W078105,2,9,0,18,0,0,0,0,0,0,3,1,6,2,50,8,1596,1,6,-1,1,-1
201543W079035,1,5,0,18,0,8,1,0,1,9,3,1,6,1,49,8,996,1,14,-1,3,-1
201543W079065,1,9,0,18,0,6,0,0,0,0,1,1,6,1,24,5,1796,1,5,-1,1,-1
201543W079065,2,9,0,9,0,8,0,0,0,0,3,1,6,2,53,8,1339,1,6,-1,1,-1
201543W079095,1,9,0,4,0,1,0,0,0,0,4,1,6,2,39,7,1994,1,8,-1,1,-1
201543W080045,1,3,0,7,0,3,1,7,0,0,1,1,6,1,39,7,125,1,3,-1,1,-1
201543W080055,1,9,0,9,0,1,0,0,0,0,1,1,6,3,-1,-1,-1,-1,-1,-1,-1,-1
201543W080095,1,9,0,5,0,4,0,0,0,0,1,1,2,1,30,6,1598,2,3,-1,1,-1
201543W080095,2,9,0,4,0,4,0,0,0,0,2,1,6,1,29,6,1968,2,6,-1,1,-1
201543W080105,1,9,0,9,0,6,0,0,0,0,1,1,6,3,-1,-1,-1,-1,-1,-1,-1,-1
201543W080105,2,1,0,18,5,3,0,0,0,0,4,1,6,1,81,11,-1,-1,-1,-1,1,-1
201543W080125,1,9,0,16,0,0,0,0,0,0,4,2,6,3,-1,-1,-1,-1,-1,-1,-1,-1
201543W081035,1,9,0,18,0,0,0,0,0,0,1,1,2,1,23,5,-1,-1,-1,-1,1,-1
201543W081035,2,9,0,3,0,0,0,0,0,0,2,1,2,1,19,4,-1,-1,-1,-1,1,-1
201543W081035,3,9,0,3,0,0,0,0,0,0,2,1,2,2,47,8,-1,-1,-1,-1,2,-1
201543W081055,1,9,0,18,0,2,0,0,7,0,1,1,2,1,29,6,1997,2,-1,-1,3,-1
201543W081055,2,9,0,18,0,1,0,0,0,0,1,1,2,1,40,7,-1,-1,-1,-1,3,-1
201543W081065,1,1,0,12,0,0,0,0,0,0,1,1,2,1,28,6,-1,-1,-1,-1,1,-1
201543W081065,2,9,0,18,0,0,0,0,0,0,1,1,2,1,28,6,-1,-1,-1,-1,1,-1
201543W081065,3,9,0,18,0,0,0,0,0,0,1,1,2,2,54,8,1598,1,10,-1,-1,-1
201543W081085,1,3,0,9,0,6,1,0,0,0,0,1,6,2,32,6,-1,-1,-1,-1,1,-1
201543W081095,1,9,0,18,0,8,5,9,0,0,1,1,6,1,35,6,5461,1,-1,-1,1,-1
201543W082025,1,9,0,18,0,1,0,0,0,0,1,1,6,3,-1,-1,-1,-1,-1,-1,1,-1
201543W082025,2,9,0,10,0,1,0,0,0,0,2,1,6,1,18,4,998,1,-1,-1,1,-1
201543W082075,1,9,0,12,0,0,0,0,0,0,1,1,1,1,40,7,1296,1,7,-1,1,-1
201543W082075,2,9,0,4,0,0,0,0,0,0,2,1,1,2,28,6,1995,2,3,-1,1,-1
201543W082075,3,9,0,18,0,0,0,0,0,0,2,1,1,1,36,7,2400,2,2,-1,1,-1
201543W082095,1,9,0,17,0,0,0,0,7,4,4,1,6,1,34,6,1998,1,13,-1,3,-1
201543W082105,1,1,0,5,0,0,0,10,0,0,1,1,6,1,44,7,-1,-1,-1,-1,1,-1
201543W082125,1,98,0,7,0,4,0,0,0,0,1,1,2,1,55,8,2402,2,5,-1,3,-1
201543W083035,1,9,0,16,0,5,5,7,7,11,1,1,6,1,67,10,1197,1,1,-1,1,-1
201543W083055,1,9,0,9,0,8,0,0,0,0,1,1,6,1,85,11,1388,1,4,-1,3,-1
201543W083055,2,9,0,18,0,8,0,0,0,0,1,1,2,2,50,8,1968,2,8,-1,3,-1
201543W083065,1,9,0,18,0,8,0,0,0,0,1,1,6,2,19,4,998,1,12,-1,2,-1
201543W083065,2,9,0,18,0,8,0,0,0,0,3,1,6,2,42,7,1596,1,12,-1,1,-1
201543W083075,1,9,0,18,0,2,0,0,0,0,1,1,2,2,40,7,1364,1,8,-1,1,-1
201543W083075,2,9,0,4,0,2,0,0,0,0,2,1,3,2,45,7,1796,1,5,-1,-1,-1
201543W083075,3,19,0,4,0,2,0,0,0,0,2,1,2,1,59,9,2198,2,1,-1,1,-1
201543W083085,1,9,0,9,0,1,0,0,0,0,1,1,1,1,53,8,1598,2,3,-1,1,-1
201543W083085,2,1,0,18,0,1,0,0,0,0,1,1,1,1,54,8,-1,-1,-1,-1,1,-1
201543W083095,1,9,0,18,0,0,5,0,0,0,4,1,6,2,53,8,1599,1,10,-1,1,-1
201543W083095,2,9,0,2,0,0,0,0,0,0,3,1,6,3,-1,-1,1242,1,9,-1,1,-1
201543W083105,1,9,0,13,0,0,0,0,0,0,0,1,6,3,-1,-1,-1,-1,-1,-1,-1,-1
201543W083105,2,1,0,18,0,0,1,10,1,10,1,1,6,1,29,6,-1,-1,-1,-1,-1,-1
201543W084065,1,9,0,4,0,0,0,0,0,0,1,1,2,1,45,7,2143,2,3,-1,2,-1
201543W084065,2,9,0,4,0,0,0,0,0,0,2,1,2,1,26,6,-1,-1,-1,-1,1,-1
201543W084065,3,9,0,4,0,0,0,0,0,0,2,1,2,2,36,7,1197,1,3,-1,1,-1
201543W084075,1,9,0,7,0,5,0,0,0,0,1,1,6,1,22,5,-1,-1,-1,-1,1,-1
201543W084075,2,1,0,18,0,8,0,0,0,0,4,1,4,1,14,3,-1,-1,-1,-1,1,-1
201543W084095,1,9,0,17,0,8,5,10,0,0,1,1,6,2,21,5,1197,1,4,-1,3,-1
201543W084115,1,9,0,18,0,4,0,0,0,0,3,2,6,3,-1,-1,-1,-1,-1,-1,-1,-1
201543W084115,2,1,0,18,0,8,0,0,0,0,1,1,6,1,18,4,-1,-1,-1,-1,1,-1
201543W084125,1,9,0,18,0,0,5,4,0,0,1,1,6,1,-1,-1,1149,1,12,-1,1,-1
201543W084125,2,9,0,2,0,0,0,0,1,0,1,1,6,2,-1,-1,1242,1,1,-1,1,-1
201543W085025,1,9,0,18,0,1,0,0,0,0,1,1,6,3,-1,-1,-1,-1,-1,-1,-1,-1
201543W085025,2,9,0,9,0,5,0,0,0,0,2,1,1,1,27,6,-1,-1,-1,-1,1,-1
201543W085055,1,9,0,18,0,2,0,0,0,0,1,1,6,2,-1,-1,-1,-1,-1,-1,-1,-1
201543W085065,1,1,0,18,0,0,0,0,0,0,3,1,6,1,53,8,-1,-1,-1,-1,1,-1
201543W085075,1,9,0,9,0,5,0,0,0,0,1,1,2,2,61,9,-1,-1,-1,-1,1,-1
201543W085075,2,1,0,18,0,8,0,0,0,0,3,1,2,1,18,4,-1,-1,-1,-1,-1,-1
201543W085105,1,9,0,18,0,8,0,0,0,0,4,1,6,1,74,10,1598,1,2,-1,1,-1
201543W085105,2,2,0,18,0,8,0,0,0,0,3,1,6,2,61,9,49,1,10,-1,-1,-1
201543W086035,1,9,0,18,0,4,0,0,0,0,1,1,6,2,-1,-1,-1,-1,-1,-1,-1,-1
201543W086035,2,5,0,18,0,8,0,0,0,0,4,1,1,1,32,6,600,1,10,-1,1,-1
201543W086095,1,9,0,7,0,6,0,0,0,0,1,1,6,1,26,6,1956,2,3,-1,1,-1
201543W086095,2,9,0,5,0,1,0,0,0,0,1,1,6,1,55,8,-1,-1,-1,-1,1,-1
201543W086115,1,9,0,18,0,0,0,0,0,0,1,2,6,2,50,8,-1,-1,-1,-1,-1,-1
201543W087025,1,9,0,9,0,1,0,0,0,0,1,1,6,1,87,11,-1,-1,-1,-1,1,-1
201543W087025,2,9,0,17,0,1,0,0,0,0,3,1,6,1,51,8,1995,2,3,-1,1,-1
201543W087035,1,9,0,18,0,0,0,0,1,4,1,1,6,1,18,4,999,1,1,-1,3,-1
201543W087045,1,9,0,13,0,0,0,0,0,0,4,1,6,1,20,4,-1,-1,-1,-1,-1,-1
201543W087045,2,1,0,18,0,0,1,0,1,10,3,1,1,1,28,6,-1,-1,-1,-1,1,-1
201543W087065,1,9,0,4,0,1,0,0,0,0,1,1,6,1,79,11,1998,2,12,-1,1,-1
201543W087065,2,9,0,4,0,1,0,0,0,0,2,1,6,1,82,11,1339,1,10,-1,1,-1
201543W087075,1,21,1,18,0,1,1,0,0,0,1,1,1,1,34,6,-1,-1,-1,-1,-1,-1
201543W087075,2,9,0,11,0,1,0,0,0,0,2,1,6,2,32,6,1796,1,7,-1,1,-1
201543W087095,1,4,0,17,0,1,1,0,0,0,4,1,6,1,54,8,399,1,26,-1,1,-1
201543W088025,1,19,0,7,0,8,0,0,0,0,4,1,2,1,39,7,1560,2,2,-1,1,-1
201543W088025,2,1,0,18,4,8,0,0,0,0,1,1,6,1,21,5,-1,-1,-1,-1,2,-1
201543W088055,1,19,0,18,0,1,0,0,0,0,1,1,1,1,50,8,2151,2,14,-1,2,-1
201543W088055,2,9,0,10,0,1,0,0,0,0,2,1,1,2,43,7,1968,2,4,-1,2,-1
201543W088105,1,9,0,18,0,0,0,10,4,2,1,1,6,1,18,4,1229,1,10,-1,1,-1
201543W088125,1,9,0,18,0,1,1,0,0,0,1,1,2,1,21,5,2495,2,17,-1,1,-1
201543W088125,2,9,0,10,0,5,0,0,0,0,2,1,2,1,28,6,1870,2,11,-1,1,-1
201543W089025,1,9,0,16,0,0,5,0,0,0,1,1,6,1,25,5,-1,-1,-1,-1,1,-1
201543W089095,1,9,0,9,0,6,0,0,0,0,3,1,6,1,19,4,1229,1,3,-1,1,-1
201543W089095,2,1,0,18,0,1,0,0,0,0,1,1,1,1,50,8,-1,-1,-1,-1,1,-1
201543W089105,1,9,0,18,0,0,1,0,2,7,2,1,6,1,36,7,1798,1,-1,-1,2,-1
201543W089125,1,9,0,4,0,1,1,0,0,0,1,1,1,1,52,8,1968,2,2,-1,1,-1
201543W089125,2,9,0,3,0,1,0,0,0,0,2,1,1,2,21,5,1242,1,2,-1,3,-1
201543W090015,1,9,0,18,0,8,0,9,0,0,1,1,6,1,85,11,1390,1,4,-1,1,-1
201543W090015,2,9,0,18,0,4,0,0,0,0,1,1,6,1,28,6,-1,-1,-1,-1,1,-1
201543W090085,1,1,0,18,9,0,0,0,0,0,1,1,6,1,44,7,-1,-1,-1,-1,3,-1
201543W090095,1,9,0,18,0,8,2,10,0,0,4,1,6,1,23,5,1086,1,9,-1,-1,-1
201543W090105,1,9,0,9,0,6,0,0,0,0,1,1,2,2,49,8,1339,1,4,-1,2,-1
201543W090105,2,8,0,18,0,8,0,0,0,0,1,1,1,1,47,8,-1,-1,-1,-1,1,-1
201543W090125,1,21,0,1,0,2,0,0,0,0,3,1,1,1,45,7,4461,2,4,-1,1,-1
201543W091015,1,9,0,14,0,0,1,4,0,0,1,1,2,1,46,8,-1,-1,-1,-1,1,-1
201543W091015,2,19,0,2,0,0,0,4,0,0,2,1,6,1,57,9,2461,2,7,-1,1,-1
201543W091015,3,9,0,2,0,0,0,0,0,0,2,1,6,1,36,7,2143,2,5,-1,-1,-1