Accident_Index,Vehicle_Reference,Vehicle_Type,Towing_and_Articulation,Vehicle_Manoeuvre,Vehicle_Location-Restricted_Lane,Junction_Location,Skidding_and_Overturning,Hit_Object_in_Carriageway,Vehicle_Leaving_Carriageway,Hit_Object_off_Carriageway,1st_Point_of_Impact,Was_Vehicle_Left_Hand_Drive?,Journey_Purpose_of_Driver,Sex_of_Driver,Age_of_Driver,Age_Band_of_Driver,Engine_Capacity_(CC),Propulsion_Code,Age_of_Vehicle,Driver_IMD_Decile,Driver_Home_Area_Type,Vehicle_IMD_Decile
201543W091065,1,9,0,18,0,8,0,0,0,0,1,1,6,3,-1,-1,-1,-1,-1,-1,-1,-1
201543W091065,2,3,0,18,0,8,0,0,0,0,2,1,6,1,39,7,125,1,-1,-1,1,-1
201543W091075,1,19,0,4,0,1,0,0,0,0,1,1,1,1,-1,-1,-1,-1,-1,-1,-1,-1
201543W091075,2,11,0,3,0,2,0,0,0,0,3,1,1,1,-1,-1,-1,-1,-1,-1,-1,-1
201543W091085,1,9,0,18,0,2,5,0,1,1,1,1,6,2,23,5,1339,1,3,-1,1,-1
201543W091105,1,9,0,18,0,1,0,0,0,0,1,1,6,1,25,5,1781,1,14,-1,1,-1
201543W091105,2,9,0,3,0,1,0,0,0,0,2,1,2,1,34,6,2400,1,15,-1,1,-1
201543W092085,1,19,0,9,0,8,0,0,0,0,1,1,6,1,35,6,2143,2,1,-1,1,-1
201543W092085,2,9,0,18,0,1,0,0,0,0,1,1,1,2,19,4,1349,1,5,-1,1,-1
201543W092115,1,9,0,13,0,0,0,0,0,0,0,1,6,1,47,8,-1,-1,-1,-1,1,-1
201543W092115,2,1,0,18,0,0,0,0,0,0,0,1,6,1,23,5,-1,-1,-1,-1,1,-1
201543W093085,1,8,0,18,0,0,0,10,1,0,1,1,2,1,52,8,-1,-1,-1,-1,1,-1
201543W093095,1,9,0,18,0,0,0,0,0,0,1,1,6,3,-1,-1,-1,-1,-1,-1,-1,-1
201543W093095,2,9,0,18,0,0,0,0,0,0,1,1,6,2,78,11,1086,1,9,-1,1,-1
201543W093095,3,9,0,18,0,0,0,0,0,0,3,1,6,3,-1,-1,1968,2,1,-1,1,-1
201543W093105,1,9,0,18,0,2,0,0,0,0,1,1,6,1,32,6,1753,2,8,-1,1,-1
201543W094045,1,9,0,18,0,0,0,0,0,0,2,1,6,1,-1,-1,-1,-1,-1,-1,1,-1
201543W094085,1,2,0,9,0,8,0,7,0,0,3,1,6,1,17,4,49,1,1,-1,1,-1
201543W094115,1,9,0,12,0,8,0,0,0,0,1,1,6,1,28,6,1598,1,14,-1,1,-1
201543W094115,2,9,0,18,0,8,0,0,0,0,2,1,6,1,35,6,1997,1,12,-1,1,-1
201543W094125,1,9,0,16,0,0,0,0,7,0,1,1,6,2,34,6,1490,1,6,-1,3,-1
201543W094125,2,9,0,17,0,0,0,0,0,0,1,1,6,2,48,8,1796,1,14,-1,3,-1
201543W095045,1,9,0,12,0,0,1,0,6,0,1,1,6,1,66,10,1598,1,6,-1,1,-1
201543W095045,2,9,0,18,0,0,0,0,1,0,1,1,6,1,56,9,1197,1,2,-1,1,-1
201543W095085,1,9,0,17,0,0,0,0,0,0,1,1,6,2,21,5,1598,1,1,-1,1,-1
201543W095085,2,9,0,16,0,0,0,0,0,0,1,1,6,2,49,8,-1,-1,-1,-1,3,-1
201543W095105,1,9,0,1,0,0,0,0,0,0,2,1,6,1,83,11,1242,1,4,-1,1,-1
201543W096015,1,1,0,18,0,0,0,0,0,0,3,1,6,1,18,4,-1,-1,-1,-1,1,-1
201543W096015,2,4,0,13,0,0,0,0,0,0,4,1,2,1,22,5,124,1,5,-1,1,-1
201543W096035,1,9,0,18,0,0,0,0,0,0,1,1,6,2,55,8,1149,1,7,-1,1,-1
201543W096045,1,19,0,18,0,0,5,0,1,2,1,1,1,1,58,9,-1,-1,-1,-1,-1,-1
201543W096055,1,9,0,18,0,0,0,0,0,0,1,1,6,1,57,9,2967,2,1,-1,3,-1
201543W096085,1,9,0,18,0,6,0,0,0,0,3,1,1,1,58,9,1560,2,4,-1,1,-1
201543W096085,2,1,0,18,0,8,0,0,0,0,1,1,1,2,56,9,-1,-1,-1,-1,1,-1
201543W096105,1,9,0,4,0,0,0,0,0,0,1,1,6,1,-1,-1,2148,2,7,-1,1,-1
201543W096105,2,9,0,3,0,0,0,0,0,0,2,1,6,2,35,6,1198,1,1,-1,1,-1
201543W096105,3,9,0,3,0,0,0,0,0,0,2,1,6,1,-1,-1,1956,2,2,-1,-1,-1
201543W096115,1,9,0,9,0,5,0,0,0,0,0,1,6,3,-1,-1,-1,-1,-1,-1,-1,-1
201543W096115,2,9,0,18,0,8,1,0,1,2,1,1,1,1,70,10,1995,2,-1,-1,1,-1
201543W096115,3,9,0,8,0,1,0,0,1,1,3,1,6,1,66,10,2179,2,7,-1,1,-1
201543W097015,1,9,0,9,0,5,0,0,0,0,4,1,6,1,35,6,2967,2,7,-1,3,-1
201543W097015,2,1,0,18,0,8,0,0,0,0,1,1,6,1,41,7,-1,-1,-1,-1,3,-1
201543W097025,1,9,0,9,0,5,0,0,0,0,4,1,6,1,-1,-1,1461,2,4,-1,-1,-1
201543W097025,2,19,0,17,0,8,0,0,0,0,3,1,6,1,25,5,1968,2,1,-1,3,-1
201543W097055,1,9,0,9,0,2,0,0,0,0,1,1,6,3,-1,-1,-1,-1,-1,-1,-1,-1
201543W097105,1,9,0,5,0,4,0,0,0,0,3,1,2,1,31,6,1999,1,9,-1,1,-1
201543W097105,2,1,0,18,0,8,0,0,0,0,2,1,2,1,47,8,-1,-1,-1,-1,1,-1
201543W098045,1,9,0,18,0,4,0,0,0,0,1,1,1,1,39,7,-1,-1,-1,-1,-1,-1
201543W098045,2,1,0,18,0,8,0,0,0,0,4,1,6,1,30,6,-1,-1,-1,-1,-1,-1
201543W098075,1,9,0,4,0,0,0,0,0,0,1,1,6,1,77,11,998,1,10,-1,1,-1
201543W098085,1,9,0,18,0,8,0,0,0,0,3,1,1,2,23,5,1248,2,3,-1,1,-1
201543W098085,2,9,0,18,0,8,0,0,0,0,1,1,6,2,24,5,1198,1,7,-1,1,-1
201543W098095,1,1,0,18,0,0,0,0,0,0,4,1,6,2,39,7,-1,-1,-1,-1,3,-1
201543W099015,1,9,0,9,0,5,0,0,0,0,1,1,6,1,44,7,1968,2,4,-1,1,-1
201543W099015,2,5,0,18,0,8,0,0,0,0,3,1,6,1,51,8,1157,1,12,-1,1,-1
201543W099025,1,9,0,17,0,0,2,0,0,0,4,1,1,1,28,6,1968,2,5,-1,1,-1
201543W099085,1,9,0,18,0,0,0,0,0,0,3,1,6,3,-1,-1,-1,-1,-1,-1,-1,-1
201543W099105,1,9,0,16,0,0,2,0,2,10,1,1,6,2,22,5,1596,1,13,-1,2,-1
201543W099125,1,9,0,16,0,0,0,0,0,0,3,1,2,1,24,5,1968,2,-1,-1,2,-1
201543W099125,2,9,0,17,0,0,0,0,0,0,3,1,2,1,62,9,1796,1,9,-1,1,-1
201543W100025,1,19,0,9,0,8,0,0,0,0,1,1,6,1,29,6,1560,2,1,-1,1,-1
201543W100025,2,8,0,18,0,8,0,0,0,0,1,1,1,1,46,8,1896,2,11,-1,1,-1
201543W100115,1,8,0,4,0,1,0,0,0,0,0,1,1,1,46,8,2143,2,5,-1,1,-1
201543W100125,1,4,0,17,0,0,1,0,1,3,1,1,1,1,28,6,279,1,-1,-1,1,-1
201543W101035,1,9,0,18,0,2,0,0,0,0,1,1,6,3,28,6,-1,-1,-1,-1,-1,-1
201543W101035,2,9,0,18,0,2,0,0,0,0,2,1,6,1,24,5,1796,1,12,-1,1,-1
201543W101055,1,9,0,18,0,0,0,0,0,0,1,1,6,1,-1,-1,-1,-1,-1,-1,-1,-1
201543W101055,2,1,0,18,0,0,0,0,0,0,3,1,6,1,19,4,-1,-1,-1,-1,1,-1
201543W101095,1,2,0,4,0,8,0,0,0,0,1,1,6,1,17,4,49,1,8,-1,-1,-1
201543W101095,2,9,0,5,0,8,0,0,0,0,1,1,6,1,24,5,-1,-1,-1,-1,3,-1
201543W101105,1,19,0,18,0,0,0,0,0,0,3,1,6,3,-1,-1,-1,-1,-1,-1,-1,-1
201543W101115,1,98,0,5,8,0,0,0,0,0,1,1,6,1,-1,-1,1686,2,11,-1,-1,-1
201543W101115,2,9,0,18,0,0,0,0,0,0,1,1,3,2,34,6,1600,1,11,-1,1,-1
201543W101125,1,9,0,18,0,1,1,0,2,6,1,1,6,1,33,6,-1,-1,-1,-1,2,-1
201543W102035,1,3,0,14,0,0,0,0,0,0,0,1,6,1,29,6,125,1,-1,-1,1,-1
201543W102085,1,9,0,16,0,0,0,0,0,0,0,1,6,1,65,9,1896,2,13,-1,1,-1
201543W102085,2,3,0,17,0,0,0,0,1,9,0,1,6,1,18,4,124,1,3,-1,3,-1
201543W102095,1,3,0,18,0,0,0,0,0,0,4,1,6,2,21,5,124,1,-1,-1,1,-1
201543W103045,1,9,0,9,0,0,0,0,0,0,0,1,1,2,36,7,999,1,-1,-1,1,-1
201543W103045,2,2,0,14,0,0,0,0,0,0,1,1,6,1,47,8,1078,1,6,-1,2,-1
201543W103065,1,9,0,18,0,1,1,0,0,0,1,1,6,1,-1,-1,2521,1,8,-1,-1,-1
201543W103065,2,9,0,4,0,1,1,0,0,0,2,1,1,1,43,7,1997,1,11,-1,2,-1
201543W103085,1,9,0,18,0,0,0,0,0,0,1,1,6,1,26,6,2993,2,6,-1,1,-1
201543W103095,1,9,0,9,0,5,0,0,0,0,3,1,6,1,36,7,2987,2,9,-1,1,-1
201543W103095,2,1,0,18,4,1,0,0,0,0,1,1,6,1,48,8,-1,-1,-1,-1,1,-1
201543W103105,1,9,0,9,0,5,0,0,0,0,1,1,6,1,58,9,2967,1,16,-1,2,-1
201543W103105,2,3,0,18,0,8,0,0,0,0,1,1,6,1,44,7,124,1,3,-1,2,-1
201543W103125,1,9,0,18,0,1,0,0,0,0,1,1,6,1,30,6,1116,1,26,-1,1,-1
201543W104015,1,9,0,18,0,4,0,0,0,0,1,1,6,2,30,6,1242,1,6,-1,1,-1
201543W104015,2,1,0,9,0,8,0,0,0,0,4,1,2,1,17,4,-1,-1,-1,-1,1,-1
201543W104035,1,9,0,7,0,7,0,0,0,0,3,1,6,1,38,7,2616,1,11,-1,1,-1
201543W104035,2,1,0,18,0,2,0,0,0,0,1,1,6,1,19,4,-1,-1,-1,-1,1,-1
201543W104065,1,9,0,18,0,1,0,0,0,0,2,1,6,1,60,9,1796,1,11,-1,-1,-1
201543W104065,2,9,0,18,0,1,0,0,0,0,1,1,6,1,-1,-1,-1,-1,-1,-1,-1,-1
201543W104065,3,9,0,18,0,1,0,0,0,0,2,1,6,1,-1,-1,-1,-1,-1,-1,-1,-1
201543W104095,1,2,0,4,0,0,1,0,0,0,1,1,6,1,27,6,49,1,5,-1,3,-1
201543W104095,2,9,0,4,0,0,0,0,0,0,2,1,6,2,54,8,1229,1,9,-1,1,-1
201543W104105,1,9,0,18,0,0,1,0,0,0,3,1,6,1,72,10,1299,1,13,-1,1,-1
201543W104105,2,9,0,18,0,0,0,0,0,0,3,1,6,1,52,8,-1,-1,-1,-1,1,-1
201543W105015,1,9,0,18,0,2,0,0,0,0,1,1,6,2,17,4,1390,1,13,-1,1,-1
201543W105105,1,9,0,18,0,1,1,0,0,0,1,1,2,1,29,6,1997,2,2,-1,1,-1
201543W105105,2,19,0,4,0,1,0,0,0,0,2,1,2,1,30,6,2500,2,6,-1,1,-1
201543W106015,1,9,0,7,0,6,0,0,0,0,2,1,3,2,-1,-1,2179,2,3,-1,3,-1
201543W106015,2,9,0,18,0,8,1,0,0,0,1,1,2,1,23,5,-1,-1,-1,-1,1,-1
201543W106085,1,9,0,9,0,5,0,0,0,0,1,1,6,2,31,6,1242,1,9,-1,1,-1
201543W106085,2,9,0,18,0,8,0,0,0,0,1,1,6,1,45,7,1998,2,7,-1,1,-1
201543W107035,1,9,0,9,0,6,0,0,0,0,3,1,2,1,57,9,2993,2,1,-1,3,-1
201543W107035,2,9,0,18,0,8,0,0,0,0,4,1,2,2,45,7,1686,2,9,-1,1,-1
201543W107055,1,9,0,9,0,5,0,0,0,0,4,1,6,2,71,10,1598,2,2,-1,1,-1
201543W107055,2,9,0,18,0,8,0,0,0,0,1,1,6,1,50,8,1598,1,2,-1,1,-1
201543W107075,1,3,0,17,0,0,1,0,0,0,3,1,6,2,51,8,90,1,39,-1,1,-1
201543W107125,1,9,0,18,0,0,0,0,1,7,4,1,6,1,62,9,1339,1,13,-1,1,-1
201543W108015,1,3,0,18,0,1,0,0,1,0,1,1,6,1,17,4,124,1,11,-1,2,-1
201543W108015,2,9,0,3,0,1,0,0,0,0,2,1,6,1,69,10,1797,8,5,-1,1,-1
201543W108075,1,19,0,4,0,1,1,0,0,0,1,1,1,1,50,8,2198,2,3,-1,-1,-1
201543W108075,2,19,0,3,0,1,0,0,0,0,2,1,1,1,56,9,-1,-1,-1,-1,1,-1
201543W108085,1,9,0,18,0,1,1,0,0,0,1,1,6,2,-1,-1,998,1,10,-1,-1,-1
201543W108085,2,1,0,18,0,8,1,0,0,0,3,1,1,1,22,5,-1,-1,-1,-1,1,-1
201543W109035,1,9,0,18,0,0,1,0,5,7,3,1,6,1,28,6,2995,1,1,-1,1,-1
201543W109075,1,9,0,18,0,0,0,0,1,0,3,1,6,1,18,4,998,1,8,-1,1,-1
201543W109075,2,8,0,18,0,0,0,0,0,0,3,1,6,1,61,9,-1,-1,-1,-1,1,-1
201543W110035,1,9,0,18,0,0,1,0,4,0,1,1,2,1,24,5,-1,-1,-1,-1,-1,-1
201543W110075,1,9,0,6,0,8,0,0,0,0,4,1,1,1,33,6,1997,2,1,-1,1,-1
201543W110075,2,1,0,13,0,8,0,0,0,0,1,1,1,1,46,8,-1,-1,-1,-1,-1,-1
201543W110125,1,9,0,7,0,6,0,0,0,0,3,1,1,2,-1,-1,1360,1,11,-1,-1,-1
201543W110125,2,1,0,18,0,8,1,0,0,0,1,1,1,2,32,6,-1,-1,-1,-1,1,-1
201543W111035,1,9,0,12,0,2,0,0,0,0,3,1,6,1,-1,-1,1598,2,-1,-1,1,-1
201543W111035,2,3,0,18,0,2,0,0,0,0,4,1,2,1,45,7,599,1,12,-1,1,-1
201543W111045,1,11,0,4,2,1,0,0,0,0,1,1,1,1,23,5,9000,5,1,-1,-1,-1
201543W111075,1,11,0,18,0,1,0,0,0,0,1,1,1,1,30,6,-1,-1,-1,-1,1,-1
201543W111075,2,17,0,4,0,1,0,0,0,0,2,1,1,1,49,8,-1,-1,-1,-1,1,-1
201543W111085,1,9,0,9,0,6,0,0,0,0,4,1,6,3,-1,-1,-1,-1,-1,-1,-1,-1
201543W111085,2,5,0,18,0,8,1,0,0,0,1,1,2,1,21,5,-1,-1,-1,-1,1,-1
201543W111125,1,9,0,18,0,8,0,0,0,0,1,1,6,1,66,10,1796,1,12,-1,3,-1
201543W111125,2,11,0,7,0,8,0,0,0,0,3,1,1,1,77,11,-1,-1,-1,-1,1,-1
201543W112045,1,9,0,18,0,4,0,0,0,0,1,1,1,1,35,6,1242,1,11,-1,1,-1
201543W112045,2,9,0,18,0,8,0,0,4,0,4,1,1,1,48,8,1598,1,16,-1,1,-1
201543W112065,1,9,0,5,0,8,0,0,0,0,0,1,6,1,44,7,2496,1,13,-1,1,-1
201543W112095,1,21,0,12,0,0,0,0,0,0,3,2,1,1,54,8,-1,-1,-1,-1,-1,-1
201543W112095,2,9,0,18,0,0,1,0,4,0,4,1,6,1,55,8,1490,1,6,-1,1,-1
201543W112105,1,9,0,1,0,6,0,0,0,0,2,1,6,2,-1,-1,-1,-1,-1,-1,-1,-1
201543W112105,2,1,0,17,0,8,0,0,0,0,4,1,6,1,80,11,-1,-1,-1,-1,1,-1
201543W112125,1,9,0,9,0,5,0,0,0,0,4,1,6,1,34,6,998,1,-1,-1,3,-1
201543W112125,2,9,0,17,0,8,0,0,0,0,1,1,6,1,30,6,1598,2,2,-1,3,-1
201543W113045,1,9,0,16,0,2,0,10,0,7,3,1,6,2,40,7,2231,2,1,-1,1,-1
201543W113105,1,9,0,9,0,6,0,0,0,0,1,1,3,2,30,6,-1,-1,-1,-1,1,-1
201543W113105,2,1,0,18,0,8,0,0,0,0,4,1,2,1,28,6,-1,-1,-1,-1,1,-1
201543W114045,1,9,0,4,0,0,0,0,0,0,2,1,6,2,25,5,1896,2,11,-1,1,-1
201543W114045,2,9,0,18,0,0,1,0,0,0,1,1,6,1,32,6,1956,2,4,-1,1,-1
201543W114115,1,9,0,18,0,4,0,0,0,0,1,1,6,2,35,6,-1,-1,-1,-1,1,-1
201543W114115,2,1,0,9,0,8,0,0,0,0,4,1,6,1,36,7,-1,-1,-1,-1,1,-1
201543W115065,1,9,0,5,8,0,0,0,0,0,3,1,6,2,40,7,1124,1,7,-1,-1,-1
201543W115065,2,9,0,18,0,0,0,0,0,0,4,1,6,2,18,4,998,1,4,-1,1,-1
201543W115075,1,9,0,18,0,1,0,0,0,0,1,1,6,2,26,6,1995,2,5,-1,1,-1
201543W115075,2,8,0,3,0,1,0,0,0,0,2,1,1,1,51,8,1997,2,7,-1,1,-1
201543W115075,3,9,0,3,0,1,0,0,0,0,2,1,6,1,49,8,1896,2,8,-1,1,-1
201543W115105,1,9,0,1,0,0,0,4,0,0,2,1,3,1,-1,-1,-1,-1,-1,-1,-1,-1
201543W115105,2,9,0,2,0,0,0,0,0,0,1,1,3,2,44,7,1800,1,15,-1,1,-1
201543W116055,1,9,0,18,0,0,0,0,0,0,4,2,1,1,-1,-1,-1,-1,-1,-1,-1,-1
201543W116065,1,9,0,18,0,0,0,0,0,0,1,1,6,1,80,11,1997,2,1,-1,-1,-1
201543W116075,1,9,0,18,0,8,0,0,0,0,1,1,6,2,28,6,1364,1,10,-1,1,-1
201543W116075,2,1,0,18,0,8,0,0,0,0,3,1,6,1,13,3,-1,-1,-1,-1,1,-1
201543W116115,1,9,0,5,0,8,0,0,0,0,3,1,6,2,-1,-1,1799,1,6,-1,-1,-1
201543W116115,2,9,0,9,0,5,0,0,0,0,3,1,6,2,22,5,1149,1,12,-1,1,-1
201543W117075,1,9,0,18,0,8,1,7,0,0,1,1,6,1,22,5,1149,1,15,-1,1,-1
201543W117115,1,9,0,4,0,1,0,0,0,0,1,1,2,1,51,8,-1,-1,-1,-1,1,-1
201543W117115,2,1,0,5,0,8,0,0,0,0,4,1,4,1,16,4,-1,-1,-1,-1,3,-1
201543W118045,1,1,0,18,9,1,0,0,0,0,0,1,6,1,45,7,-1,-1,-1,-1,-1,-1
201543W118095,1,9,0,18,0,0,0,0,0,0,1,1,2,1,24,5,1600,1,16,-1,1,-1
201543W119045,1,9,0,18,0,0,0,0,0,0,2,1,6,2,36,7,-1,-1,-1,-1,1,-1
201543W119045,2,9,0,18,0,0,1,0,0,0,1,1,2,1,28,6,1560,2,4,-1,1,-1
201543W119045,3,9,0,18,0,0,1,0,0,0,1,1,2,1,59,9,1997,2,11,-1,1,-1
201543W119075,1,11,0,4,2,0,0,0,0,0,4,1,1,2,24,5,-1,-1,-1,-1,1,-1
201543W120055,1,21,0,7,0,1,0,0,0,0,1,1,1,1,62,9,-1,-1,-1,-1,3,-1
201543W120055,2,19,0,16,0,1,0,0,1,11,1,1,1,1,37,7,-1,-1,-1,-1,1,-1
201543W120075,1,9,0,9,0,6,0,0,0,0,0,1,2,2,41,7,1364,1,10,-1,1,-1
201543W120075,2,3,0,18,0,8,1,0,0,0,0,1,6,1,18,4,124,1,5,-1,1,-1
201543W120085,1,98,0,18,0,0,0,0,0,0,2,1,6,1,21,5,2402,2,11,-1,-1,-1
201543W120085,2,9,0,18,0,0,1,0,0,0,1,1,6,2,32,6,1598,1,4,-1,1,-1
201543W122045,1,9,0,9,0,8,0,0,0,0,3,1,6,2,20,4,1598,1,10,-1,1,-1
201543W122045,2,4,0,18,0,8,0,0,0,0,1,1,6,1,21,5,124,1,4,-1,2,-1
201543W122125,1,9,0,5,0,1,0,0,0,0,1,1,6,1,-1,-1,-1,-1,-1,-1,-1,-1
201543W123035,1,9,0,18,0,0,2,0,2,4,2,1,6,2,51,8,1968,2,5,-1,1,-1
201543W123045,1,1,0,5,0,6,0,0,0,0,3,1,6,1,65,9,-1,-1,-1,-1,1,-1
201543W123045,2,9,0,18,0,8,0,0,0,0,1,1,1,1,38,7,-1,-1,-1,-1,1,-1
201543W124015,1,9,0,18,0,0,0,0,0,0,1,1,6,1,-1,-1,2720,2,8,-1,-1,-1
201543W124015,2,9,0,2,0,0,0,0,0,0,2,1,6,1,29,6,1598,2,4,-1,1,-1
201543W124025,1,9,0,18,0,0,0,0,0,0,1,1,6,1,-1,-1,2959,2,12,-1,-1,-1
201543W124025,2,9,0,3,0,0,0,0,0,0,2,1,6,1,29,6,1896,2,10,-1,1,-1
201543W124075,1,9,0,6,0,5,0,0,0,0,1,1,6,1,55,8,1900,2,10,-1,1,-1
201543W124075,2,1,0,18,0,8,0,0,0,0,3,1,6,1,44,7,-1,-1,-1,-1,1,-1
201543W125045,1,9,0,7,0,8,0,0,0,0,3,1,6,2,27,6,1900,2,16,-1,1,-1
201543W125045,2,9,0,4,0,1,0,0,0,0,1,1,6,2,21,5,1242,1,3,-1,2,-1
201543W125055,1,9,0,9,0,8,0,0,0,0,3,1,6,2,19,4,998,1,9,-1,3,-1
201543W125055,2,9,0,18,0,8,0,0,0,0,1,1,6,2,50,8,-1,-1,-1,-1,1,-1
201543W125055,3,9,0,4,0,1,0,0,0,0,1,1,6,3,-1,-1,-1,-1,-1,-1,-1,-1
201543W125075,1,9,0,5,0,4,0,0,0,0,1,1,2,2,57,9,1999,1,7,-1,1,-1
201543W125075,2,5,0,9,0,8,0,0,0,0,4,1,2,1,58,9,1200,1,28,-1,3,-1
201543W126025,1,19,0,9,0,6,0,0,0,0,0,1,1,1,30,6,2143,2,4,-1,1,-1
201543W126025,2,9,0,18,0,1,0,0,0,0,1,1,6,2,47,8,2000,2,10,-1,-1,-1
201543W126115,1,9,0,9,0,6,0,0,0,0,1,1,6,2,73,10,1242,1,1,-1,1,-1
201543W126115,2,9,0,18,0,8,2,0,0,0,3,1,6,1,49,8,2204,2,10,-1,1,-1
201543W127015,1,9,0,18,0,1,0,0,0,0,1,1,6,1,31,6,3200,1,8,-1,1,-1
201543W127015,2,9,0,5,0,6,0,0,0,0,3,1,6,2,24,5,-1,-1,-1,-1,1,-1
201543W127075,1,9,0,1,0,0,0,0,0,0,2,1,6,2,-1,-1,-1,-1,-1,-1,-1,-1
201543W127085,1,9,0,18,0,1,0,0,1,9,1,1,6,1,52,8,1839,1,11,-1,1,-1
201543W127085,2,8,0,1,0,5,0,0,0,0,3,1,6,1,37,7,2987,2,5,-1,1,-1
201543W127105,1,8,0,18,0,0,0,0,0,0,1,1,1,1,47,8,1598,2,1,-1,1,-1
201543W127125,1,9,0,18,0,0,0,0,0,0,1,1,1,1,64,9,2793,1,17,-1,3,-1
201543W128015,1,9,0,18,0,8,0,0,0,0,1,1,1,2,25,5,-1,-1,-1,-1,1,-1
201543W128015,2,9,0,18,0,8,0,0,1,0,2,1,6,2,23,5,-1,-1,-1,-1,1,-1
201543W128025,1,21,0,18,0,8,0,0,0,0,1,1,1,1,39,7,4462,2,2,-1,1,-1
201543W128025,2,9,0,10,0,8,0,0,0,0,2,1,6,1,88,11,-1,-1,-1,-1,1,-1
201543W128035,1,9,0,5,0,0,0,0,0,0,1,1,6,2,-1,-1,1248,2,6,-1,3,-1
201543W128035,2,9,0,2,0,0,0,0,0,0,2,1,6,1,28,6,1896,2,13,-1,1,-1
201543W128075,1,9,0,18,0,4,0,0,0,0,1,1,6,1,-1,-1,2171,1,10,-1,1,-1
201543W128075,2,1,0,18,0,8,0,0,0,0,4,1,6,1,35,6,-1,-1,-1,-1,1,-1
201543W128115,1,9,0,18,0,4,0,0,0,0,3,1,6,1,30,6,2231,2,6,-1,-1,-1
201543W128115,2,1,0,18,0,8,0,0,0,0,4,1,6,1,17,4,-1,-1,-1,-1,1,-1
201543W129025,1,19,0,18,0,0,0,0,0,0,1,1,1,1,22,5,-1,-1,-1,-1,1,-1
201543W129025,2,19,0,18,0,0,0,0,0,0,1,1,1,1,65,9,1598,2,1,-1,1,-1
201543W129025,3,9,0,4,0,0,0,0,0,0,2,1,6,1,34,6,1896,2,7,-1,1,-1
201543W129065,1,9,0,4,0,1,0,0,0,0,4,1,3,1,35,6,1329,1,1,-1,1,-1
201543W129105,1,9,0,5,0,4,0,0,0,0,1,1,6,1,66,10,1596,1,6,-1,2,-1
201543W129105,2,4,0,3,0,4,0,0,0,0,2,1,6,1,32,6,124,1,3,-1,3,-1
201543W129125,1,9,0,9,0,6,0,0,0,0,1,1,1,1,42,7,1968,2,2,-1,-1,-1
201543W129125,2,9,0,18,0,8,0,0,0,0,1,1,1,1,43,7,1997,2,6,-1,-1,-1
201543W130045,1,9,0,7,0,4,0,0,0,0,1,1,1,2,55,8,1997,2,3,-1,1,-1
201543W130045,2,1,0,18,0,8,0,0,0,0,1,1,1,1,44,7,-1,-1,-1,-1,1,-1
201543W130065,1,9,0,18,0,0,0,0,0,0,1,1,6,2,21,5,1461,2,13,-1,1,-1
201543W130065,2,9,0,18,0,0,0,0,0,0,2,1,1,1,24,5,-1,-1,-1,-1,1,-1
201543W130125,1,1,0,18,0,0,0,0,0,0,4,1,2,2,20,4,-1,-1,-1,-1,1,-1
201543W130125,2,9,0,18,0,0,0,0,0,0,1,1,6,1,21,5,1895,1,15,-1,1,-1
201543W131015,1,9,0,2,0,0,0,0,0,0,1,1,1,1,-1,-1,1796,1,5,-1,-1,-1
201543W131015,2,8,0,18,0,0,0,0,0,0,2,1,1,1,44,7,-1,-1,-1,-1,1,-1
201543W131065,1,9,0,6,0,0,0,0,0,0,3,1,2,1,65,9,1998,2,6,-1,3,-1
201543W131065,2,9,0,13,0,0,0,0,0,0,4,1,2,1,57,9,-1,-1,-1,-1,1,-1
201543W131125,1,2,0,4,0,0,1,0,0,0,0,1,4,1,16,4,49,1,3,-1,1,-1
201543W132035,1,9,0,18,0,8,0,0,3,10,1,1,6,1,25,5,1149,1,8,-1,1,-1
201543W132055,1,9,0,5,0,8,0,0,0,0,1,1,6,2,54,8,-1,-1,-1,-1,1,-1
201543W132055,2,9,0,18,0,8,0,0,0,0,4,1,6,1,30,6,-1,-1,-1,-1,1,-1
201543W132085,1,4,0,4,0,1,1,0,0,0,1,1,6,1,57,9,1137,1,14,-1,2,-1
201543W132085,2,9,0,4,0,1,0,0,0,0,2,1,2,1,43,7,998,1,-1,-1,-1,-1
201543W132105,1,9,0,16,0,8,0,0,0,0,4,1,1,2,42,7,-1,-1,-1,-1,3,-1
201543W132105,2,9,0,16,0,4,0,0,0,0,1,1,6,1,51,8,2776,2,9,-1,2,-1
201543W132125,1,9,0,9,0,6,0,0,0,0,1,1,6,1,53,8,2143,2,-1,-1,1,-1
201543W132125,2,4,0,14,0,8,0,0,0,0,3,1,2,1,20,4,373,1,1,-1,1,-1
201543W133035,1,5,0,4,0,0,1,0,1,2,1,1,2,1,26,6,599,1,10,-1,1,-1
201543W133065,1,9,0,17,0,0,0,0,2,4,1,1,6,1,56,9,2170,2,10,-1,1,-1
201543W133065,2,19,0,18,0,0,0,0,0,0,1,1,1,1,48,8,1868,2,10,-1,1,-1
201543W133115,1,11,0,18,0,0,0,0,0,0,1,1,1,1,39,7,9000,5,2,-1,1,-1
201543W133115,2,9,0,3,0,0,0,0,0,0,2,1,2,2,29,6,1798,8,-1,-1,1,-1
201543W133125,1,9,0,18,0,0,0,0,0,0,1,1,2,1,31,6,-1,-1,-1,-1,1,-1