Accident_Index,Vehicle_Reference,Vehicle_Type,Towing_and_Articulation,Vehicle_Manoeuvre,Vehicle_Location-Restricted_Lane,Junction_Location,Skidding_and_Overturning,Hit_Object_in_Carriageway,Vehicle_Leaving_Carriageway,Hit_Object_off_Carriageway,1st_Point_of_Impact,Was_Vehicle_Left_Hand_Drive?,Journey_Purpose_of_Driver,Sex_of_Driver,Age_of_Driver,Age_Band_of_Driver,Engine_Capacity_(CC),Propulsion_Code,Age_of_Vehicle,Driver_IMD_Decile,Driver_Home_Area_Type,Vehicle_IMD_Decile
201543W211015,1,1,0,18,0,0,0,0,0,0,3,1,6,2,19,4,-1,-1,-1,-1,1,-1
201543W211015,2,9,0,18,0,0,0,0,0,0,1,1,6,1,54,8,2198,1,9,-1,1,-1
201543W211025,1,10,0,18,0,0,1,0,0,0,4,1,1,1,31,6,-1,-1,-1,-1,1,-1
201543W211025,2,9,0,2,6,0,0,0,1,0,3,1,1,2,23,5,1390,1,2,-1,1,-1
201543W211045,1,9,0,4,0,1,0,0,0,0,1,1,6,3,-1,-1,1988,1,14,-1,-1,-1
201543W211045,2,9,0,4,0,1,0,0,0,0,2,1,6,1,35,6,1995,1,9,-1,1,-1
201543W211075,1,9,0,17,0,0,0,0,2,10,1,1,6,2,20,4,1242,1,9,-1,1,-1
201543W211115,1,9,0,18,0,0,0,0,0,0,3,1,6,1,38,7,1398,1,12,-1,1,-1
201543W212035,1,9,0,18,0,0,0,0,0,0,1,1,6,3,-1,-1,-1,-1,-1,-1,-1,-1
201543W212035,2,9,0,18,0,0,0,0,0,0,2,1,6,1,73,10,1527,2,20,-1,1,-1
201543W212045,1,20,0,18,0,8,1,0,0,0,1,1,1,1,44,7,-1,-1,-1,-1,2,-1
201543W212045,2,9,0,5,0,8,0,0,0,0,2,1,6,1,72,10,-1,-1,-1,-1,1,-1
201543W212065,1,98,0,18,0,0,0,0,0,0,1,1,6,1,-1,-1,2198,2,4,-1,1,-1
201543W212065,2,9,0,4,0,0,0,0,0,0,2,1,2,2,35,6,1598,1,13,-1,1,-1
201543W212085,1,9,0,18,0,0,0,0,0,0,1,1,6,1,44,7,2720,2,10,-1,1,-1
201543W212085,2,19,0,18,0,0,0,0,1,2,1,1,1,1,43,7,1968,2,2,-1,1,-1
201543W212125,1,9,0,9,0,5,0,0,0,0,4,1,2,1,50,8,2143,2,5,-1,1,-1
201543W212125,2,1,0,18,0,8,0,0,0,0,1,1,6,1,39,7,-1,-1,-1,-1,3,-1
201543W213035,1,9,0,18,0,0,1,0,0,0,1,1,6,2,25,5,1991,2,8,-1,-1,-1
201543W213035,2,9,0,18,0,0,0,0,1,11,1,1,1,2,59,9,-1,-1,-1,-1,1,-1
201543W213055,1,5,0,7,0,3,0,0,0,0,1,1,6,1,24,5,599,1,18,-1,3,-1
201543W213065,1,9,0,7,0,5,0,0,0,0,4,1,3,2,49,8,-1,-1,-1,-1,1,-1
201543W213085,1,9,0,4,0,0,0,0,0,0,1,1,6,1,32,6,1598,1,12,-1,1,-1
201543W213085,2,9,0,4,0,0,0,0,0,0,2,1,6,1,21,5,1560,2,-1,-1,1,-1
201543W214035,1,9,0,18,0,8,0,0,0,0,1,1,2,2,44,7,1598,1,5,-1,1,-1
201543W214035,2,9,0,10,0,5,0,0,0,0,2,1,2,2,55,8,2179,2,6,-1,3,-1
201543W214065,1,9,0,9,0,5,0,0,0,0,4,1,6,2,62,9,998,1,4,-1,1,-1
201543W214065,2,9,0,18,0,8,0,0,0,0,1,1,6,2,47,8,-1,-1,-1,-1,1,-1
201543W214075,1,90,0,18,0,0,0,0,0,0,4,1,6,1,-1,-1,-1,-1,-1,-1,-1,-1
201543W214095,1,9,0,18,0,0,0,0,0,0,1,1,6,3,49,8,1995,2,1,-1,1,-1
201543W214095,2,9,0,3,0,0,0,0,0,0,2,1,6,2,35,6,1995,1,5,-1,1,-1
201543W214095,3,9,0,3,0,0,0,0,0,0,2,1,6,3,71,10,1395,1,1,-1,-1,-1
201543W214125,1,9,0,18,0,0,0,0,0,0,1,1,6,1,25,5,-1,-1,-1,-1,1,-1
201543W214125,2,9,0,18,0,0,2,0,1,4,2,1,6,1,37,7,1149,1,13,-1,1,-1
201543W215025,1,9,0,10,0,1,0,0,0,0,2,1,1,1,39,7,1910,2,9,-1,1,-1
201543W215025,2,1,0,18,0,1,0,0,0,0,1,1,1,1,31,6,-1,-1,-1,-1,1,-1
201543W215035,1,9,0,18,0,0,0,0,0,0,3,1,6,2,19,4,-1,-1,-1,-1,3,-1
201543W215035,2,9,0,18,0,0,0,0,1,0,3,1,6,1,61,9,1461,2,2,-1,3,-1
201543W216035,1,9,0,6,0,1,0,0,0,0,3,1,2,1,30,6,1242,1,8,-1,1,-1
201543W216035,2,5,0,18,0,1,0,0,0,0,1,1,2,1,24,5,599,1,4,-1,1,-1
201543W216065,1,3,0,15,0,0,0,0,0,0,1,1,2,1,30,6,124,1,7,-1,1,-1
201543W216085,1,2,0,16,0,3,1,0,0,0,4,1,1,1,28,6,49,1,9,-1,1,-1
201543W216115,1,9,0,18,0,0,0,0,0,0,1,1,6,2,20,4,-1,-1,-1,-1,3,-1
201543W216115,2,9,0,4,0,0,0,0,0,0,2,1,6,1,47,8,1598,1,7,-1,1,-1
201543W216125,1,19,0,4,0,0,0,0,0,0,1,1,1,1,22,5,2299,2,1,-1,1,-1
201543W216125,2,9,0,4,0,0,0,0,0,0,2,1,6,1,56,9,1995,1,8,-1,1,-1
201543W217025,1,9,0,17,0,0,2,0,2,4,4,1,1,1,37,7,1560,2,9,-1,1,-1
201543W217055,1,98,0,18,0,2,0,0,0,0,1,1,1,1,46,8,2198,2,2,-1,1,-1
201543W217055,2,9,0,4,0,2,0,0,0,0,2,1,2,1,43,7,-1,-1,-1,-1,1,-1
201543W217055,3,9,0,3,0,2,0,0,0,0,2,1,2,1,40,7,-1,-1,-1,-1,1,-1
201543W217085,1,9,0,9,0,5,0,0,0,0,1,1,6,1,42,7,1149,1,7,-1,3,-1
201543W217085,2,9,0,18,0,8,0,0,0,0,1,1,6,1,63,9,1956,2,2,-1,1,-1
201543W217115,1,9,0,18,0,0,0,0,1,2,1,1,6,1,27,6,1686,2,13,-1,1,-1
201543W218045,1,9,0,11,0,0,0,0,0,0,4,1,6,1,71,10,1988,1,16,-1,1,-1
201543W218045,2,98,0,12,0,0,2,0,5,6,3,1,1,1,47,8,12913,2,8,-1,1,-1
201543W218085,1,5,0,18,0,0,0,0,1,4,1,1,1,1,55,8,645,1,8,-1,3,-1
201543W218085,2,9,0,18,0,0,0,0,0,0,2,1,6,2,71,10,1388,1,9,-1,2,-1
201543W218105,1,11,0,18,0,2,0,0,0,0,3,1,1,1,51,8,4500,2,5,-1,1,-1
201543W219025,1,9,0,17,0,0,5,0,1,4,4,1,6,1,24,5,1968,2,4,-1,1,-1
201543W219025,2,9,0,17,0,0,0,0,0,0,0,1,6,1,28,6,1598,1,5,-1,1,-1
201543W219035,1,9,0,18,0,0,0,0,0,0,1,1,1,1,34,6,1998,1,13,-1,1,-1
201543W219035,2,9,0,18,0,0,0,0,1,4,1,1,6,1,75,10,5998,1,7,-1,3,-1
201543W219085,1,1,0,18,0,0,0,12,0,0,1,1,6,1,60,9,-1,-1,-1,-1,3,-1
201543W220025,1,9,0,18,0,2,0,0,1,0,1,1,6,1,26,6,1587,1,13,-1,1,-1
201543W220035,1,9,4,18,0,0,0,0,0,0,4,1,1,1,30,6,2720,2,8,-1,1,-1
201543W220045,1,9,0,18,0,0,1,0,1,0,3,1,6,2,33,6,1229,1,9,-1,1,-1
201543W220085,1,9,0,7,0,5,0,0,7,9,1,1,6,2,28,6,1560,2,7,-1,1,-1
201543W221045,1,9,0,18,0,0,0,0,5,6,1,1,6,1,46,8,-1,-1,-1,-1,1,-1
201543W221045,2,9,0,18,0,0,0,0,0,0,1,1,6,2,45,7,2179,2,4,-1,2,-1
201543W221055,1,9,0,18,0,1,0,0,0,0,1,1,6,2,45,7,1299,1,15,-1,1,-1
201543W221055,2,9,0,5,0,4,0,0,0,0,2,1,6,2,50,8,-1,-1,-1,-1,1,-1
201543W221075,1,9,0,18,0,0,0,0,0,0,1,1,6,2,-1,-1,1596,1,5,-1,1,-1
201543W221075,2,9,0,3,0,0,0,0,0,0,2,1,1,2,61,9,1461,2,10,-1,1,-1
201543W221095,1,9,0,17,0,0,0,0,0,0,1,1,6,2,41,7,2199,2,4,-1,3,-1
201543W221095,2,9,0,16,0,0,0,0,0,0,1,1,6,1,27,6,1124,1,20,-1,2,-1
201543W222035,1,9,0,18,0,0,1,0,0,0,1,1,6,1,19,4,1242,1,5,-1,1,-1
201543W222035,2,9,0,18,0,0,0,0,0,0,2,1,6,2,22,5,1598,1,2,-1,1,-1
201543W222045,1,21,0,18,0,0,5,0,0,7,4,1,1,1,30,6,9186,2,2,-1,1,-1
201543W222065,1,1,0,18,0,0,0,0,0,0,3,1,6,1,13,3,-1,-1,-1,-1,1,-1
201543W222065,2,9,0,18,0,0,0,0,0,0,1,1,6,2,36,7,1600,1,17,-1,1,-1
201543W222085,1,9,0,7,0,4,5,0,7,10,1,1,6,1,22,5,1995,2,1,-1,1,-1
201543W222085,2,9,0,18,0,8,1,0,0,0,1,1,6,1,60,9,1995,2,4,-1,1,-1
201543W222095,1,3,0,9,0,6,0,0,0,0,4,1,6,2,73,10,-1,-1,-1,-1,1,-1
201543W222095,2,9,0,18,0,1,0,0,0,0,3,1,6,1,43,7,2148,2,10,-1,1,-1
201543W223055,1,9,0,17,0,0,0,0,7,0,1,1,6,1,30,6,1796,1,10,-1,1,-1
201543W223105,1,9,0,16,0,0,1,0,7,4,1,1,6,2,38,7,1896,2,12,-1,1,-1
201543W224045,1,9,0,14,0,0,5,0,0,0,1,1,6,2,18,4,998,1,14,-1,1,-1
201543W224045,2,9,0,2,0,0,0,0,0,0,1,1,6,3,-1,-1,1596,1,4,-1,-1,-1
201543W224055,1,9,0,18,0,8,0,0,0,0,1,1,6,2,54,8,1783,1,14,-1,1,-1
201543W224055,2,9,0,18,0,4,0,0,0,0,3,1,6,1,-1,-1,1242,1,9,-1,-1,-1
201543W224075,1,1,0,5,0,1,0,0,0,0,4,1,2,1,39,7,-1,-1,-1,-1,1,-1
201543W224075,2,5,0,10,0,1,0,0,0,0,3,1,2,1,45,7,883,1,15,-1,1,-1
201543W224095,1,9,0,18,0,0,0,0,0,0,1,1,6,1,49,8,2987,2,5,-1,1,-1
201543W224105,1,9,0,18,0,0,0,0,0,0,1,1,6,1,37,7,1794,1,12,-1,3,-1
201543W224105,2,1,0,18,0,0,0,0,0,0,3,1,6,1,29,6,-1,-1,-1,-1,1,-1
201543W225035,1,5,0,18,0,2,1,0,0,0,3,1,6,1,59,9,955,1,11,-1,1,-1
201543W225035,2,20,0,9,0,8,0,0,0,0,0,1,1,1,43,7,4580,2,16,-1,-1,-1
201543W225045,1,8,0,18,0,0,0,0,0,0,4,1,6,1,-1,-1,2402,2,10,-1,1,-1
201543W225065,1,9,0,1,0,8,0,0,0,0,2,1,6,2,-1,-1,-1,-1,-1,-1,-1,-1
201543W225115,1,2,0,18,0,0,1,0,0,0,1,1,6,1,17,4,49,1,4,-1,3,-1
201543W225115,2,9,0,18,0,0,0,0,0,0,1,1,6,2,51,8,-1,-1,-1,-1,-1,-1
201543W226065,1,9,0,16,0,1,0,9,1,1,1,1,6,1,27,6,-1,-1,-1,-1,1,-1
201543W226065,2,9,0,16,0,1,0,0,0,0,1,1,6,2,-1,-1,1397,1,8,-1,1,-1
201543W226095,1,1,0,18,0,0,0,0,0,0,1,1,6,1,50,8,-1,-1,-1,-1,1,-1
201543W226105,1,9,0,7,0,6,0,0,0,0,3,1,6,1,64,9,1598,2,5,-1,1,-1
201543W226105,2,5,0,18,0,8,0,0,0,0,1,1,6,1,27,6,645,1,12,-1,1,-1
201543W227015,1,9,0,3,0,1,0,0,0,0,2,1,6,1,40,7,1995,2,4,-1,1,-1
201543W227015,2,9,0,5,0,1,0,0,0,0,1,1,6,1,25,5,1749,1,10,-1,1,-1
201543W227065,1,9,0,9,0,6,0,0,0,0,3,1,6,2,27,6,1598,1,14,-1,1,-1
201543W227065,2,9,0,18,0,8,0,0,0,0,3,1,6,2,53,8,1984,1,4,-1,1,-1
201543W227075,1,9,0,18,0,1,0,0,0,0,1,2,6,2,-1,-1,-1,-1,-1,-1,-1,-1
201543W227075,2,9,0,3,0,1,0,0,0,0,2,1,6,1,71,10,1986,1,4,-1,1,-1
201543W227105,1,9,0,9,0,5,0,0,0,0,3,2,6,2,43,7,1753,2,6,-1,1,-1
201543W227105,2,5,0,14,0,8,0,0,0,0,4,1,2,1,45,7,-1,-1,-1,-1,1,-1
201543W227125,1,1,0,18,0,0,0,0,1,0,1,1,6,1,48,8,-1,-1,-1,-1,1,-1
201543W228015,1,9,0,5,2,0,0,0,0,0,0,1,6,3,-1,-1,-1,-1,-1,-1,-1,-1
201543W228015,2,11,0,18,2,0,0,0,0,0,0,1,1,1,-1,-1,-1,-1,-1,-1,-1,-1
201543W228035,1,9,0,9,0,8,0,0,0,0,1,1,6,1,45,7,2198,1,9,-1,2,-1
201543W228035,2,9,0,18,0,4,0,0,0,0,1,1,3,1,51,8,1794,1,12,-1,-1,-1
201543W228045,1,9,0,2,0,1,0,0,0,0,4,1,6,1,-1,-1,1242,1,12,-1,-1,-1
201543W228045,2,1,0,15,0,1,0,0,0,0,3,1,6,1,25,5,-1,-1,-1,-1,1,-1
201543W228065,1,9,0,9,0,5,0,0,0,0,4,1,6,2,67,10,1461,2,11,-1,3,-1
201543W228065,2,1,0,17,0,8,0,0,0,0,1,1,6,2,23,5,-1,-1,-1,-1,1,-1
201543W228075,1,9,0,18,0,0,0,10,2,2,1,1,6,1,29,6,2230,1,8,-1,-1,-1
201543W229015,1,9,0,9,0,6,0,0,0,0,1,1,6,3,-1,-1,-1,-1,-1,-1,-1,-1
201543W229095,1,19,0,13,0,0,0,0,0,0,1,1,1,1,36,7,2151,2,11,-1,-1,-1
201543W229095,2,9,0,17,0,0,0,0,0,0,1,1,1,1,58,9,3222,2,11,-1,3,-1
201543W229105,1,9,0,11,0,0,0,0,0,0,4,1,6,1,40,7,1997,2,-1,-1,1,-1
201543W229105,2,9,0,18,0,0,0,0,0,0,3,1,2,2,43,7,1197,1,5,-1,1,-1
201543W229115,1,9,0,18,0,8,0,0,0,0,1,1,6,2,22,5,1299,1,16,-1,1,-1
201543W229115,2,9,0,10,0,8,0,0,0,0,2,1,6,2,32,6,998,1,15,-1,1,-1
201543W230085,1,9,0,9,0,6,0,0,0,0,4,1,1,1,55,8,-1,-1,-1,-1,-1,-1
201543W230085,2,1,0,18,5,8,1,0,0,0,1,1,6,1,15,3,-1,-1,-1,-1,1,-1
201543W230105,1,9,0,7,0,4,0,0,0,0,0,1,6,2,-1,-1,-1,-1,-1,-1,-1,-1
201543W230105,2,1,0,18,0,8,0,0,0,0,0,1,1,1,30,6,-1,-1,-1,-1,1,-1
201543W230115,1,9,0,9,0,6,0,0,0,0,3,1,6,1,30,6,1390,1,5,-1,1,-1
201543W230115,2,9,0,18,0,8,0,0,0,0,1,1,6,1,28,6,1199,1,13,-1,1,-1
201543W230125,1,9,0,9,0,2,0,0,0,0,1,1,6,1,45,7,-1,-1,-1,-1,-1,-1
201543W231045,1,1,0,18,9,0,0,0,0,0,1,1,6,1,-1,-1,-1,-1,-1,-1,-1,-1
201543W231075,1,9,0,18,0,0,0,0,0,0,1,1,6,1,23,5,1796,1,10,-1,1,-1
201543W231075,2,19,0,3,0,0,0,0,0,0,2,1,1,1,19,4,2198,2,3,-1,1,-1
201543W231075,3,8,0,11,0,0,0,0,0,0,3,1,1,1,51,8,2143,2,2,-1,1,-1
201543W231085,1,9,0,8,0,7,0,0,0,0,1,1,6,2,56,9,1339,8,3,-1,1,-1
201543W231085,2,19,0,8,0,7,0,0,0,0,2,1,1,1,56,9,1998,2,9,-1,1,-1
201543W231085,3,9,0,8,0,7,0,0,0,0,2,1,6,2,33,6,1896,2,13,-1,1,-1
201543W231095,1,9,0,18,0,1,0,0,0,0,1,1,6,1,31,6,1389,1,19,-1,1,-1
201543W231095,2,9,0,3,0,1,0,0,0,0,2,1,6,2,33,6,-1,-1,-1,-1,-1,-1
201543W231105,1,9,0,18,0,3,1,0,1,10,3,1,1,1,26,6,1598,1,14,-1,1,-1
201543W231105,2,9,0,18,0,3,0,0,0,0,4,1,6,1,22,5,1590,1,11,-1,1,-1
201543W231115,1,9,0,9,0,8,0,0,0,0,3,1,6,1,30,6,2497,2,11,-1,1,-1
201543W231115,2,9,0,18,0,8,0,0,0,0,4,1,6,1,37,7,1587,1,10,-1,1,-1
201543W232105,1,9,0,18,0,0,0,0,0,0,3,1,6,3,-1,-1,-1,-1,-1,-1,-1,-1
201543W232105,2,9,0,18,0,0,0,0,0,0,3,1,6,1,31,6,1598,1,10,-1,1,-1
201543W233015,1,9,0,18,0,1,0,0,0,0,1,1,6,2,32,6,1390,1,7,-1,1,-1
201543W233015,2,9,0,4,0,1,0,0,0,0,2,1,6,1,35,6,1242,1,12,-1,1,-1
201543W233035,1,9,0,18,0,0,0,0,0,0,4,1,6,3,-1,-1,-1,-1,-1,-1,-1,-1
201543W233075,1,19,0,18,0,0,0,0,0,0,1,1,1,1,22,5,2287,2,4,-1,1,-1
201543W233075,2,10,0,18,0,0,0,0,0,0,2,1,1,1,38,7,-1,-1,-1,-1,2,-1
201543W233075,3,9,0,4,0,0,0,0,0,0,2,1,6,1,64,9,2993,2,3,-1,2,-1
201543W233125,1,9,0,18,0,0,0,0,0,0,4,1,6,2,73,10,1364,1,8,-1,1,-1
201543W233125,2,21,0,2,0,0,0,0,0,0,2,1,1,1,-1,-1,5880,2,8,-1,1,-1
201543W233125,3,9,0,2,0,0,0,0,0,0,0,1,1,1,38,7,2400,2,1,-1,-1,-1
201543W234015,1,9,0,9,0,6,1,0,1,0,3,1,1,1,62,9,-1,-1,-1,-1,2,-1
201543W234015,2,21,0,18,0,8,1,0,0,0,1,1,1,1,27,6,-1,-1,-1,-1,3,-1
201543W234035,1,9,0,18,0,0,0,0,0,0,1,1,6,2,22,5,-1,-1,-1,-1,1,-1
201543W235015,1,9,0,9,0,5,0,0,0,0,3,1,6,1,33,6,1984,1,7,-1,-1,-1
201543W235015,2,1,0,14,0,8,1,0,0,0,1,1,6,1,26,6,-1,-1,-1,-1,-1,-1
201543W235045,1,9,0,3,0,0,0,0,0,0,2,1,1,1,21,5,-1,-1,-1,-1,1,-1
201543W235045,2,9,0,5,0,0,0,0,0,0,1,1,1,2,54,8,-1,-1,-1,-1,1,-1
201543W235065,1,9,0,9,0,5,0,0,0,0,1,1,6,2,24,5,1598,2,1,-1,3,-1
201543W235065,2,1,0,18,0,8,0,0,0,0,3,1,6,1,25,5,-1,-1,-1,-1,-1,-1
201543W235105,1,9,0,18,0,0,0,0,0,0,4,1,6,3,-1,-1,-1,-1,-1,-1,-1,-1
201543W236015,1,9,0,16,0,1,1,0,0,0,3,1,6,1,20,4,-1,-1,-1,-1,2,-1
201543W236015,2,9,0,17,0,2,1,0,2,11,3,1,1,2,26,6,875,1,4,-1,1,-1
201543W236035,1,1,0,18,0,0,0,0,0,0,1,1,6,2,31,6,-1,-1,-1,-1,1,-1
201543W236045,1,9,0,18,0,0,0,12,0,0,1,1,6,2,75,10,999,1,-1,-1,3,-1
201543W236075,1,19,0,9,0,5,0,0,0,0,3,1,1,1,63,9,2402,2,7,-1,1,-1
201543W236075,2,9,0,18,0,1,0,0,0,0,3,1,6,2,30,6,1686,2,2,-1,1,-1
201543W236085,1,9,0,1,0,8,0,0,0,0,2,1,6,1,19,4,-1,-1,-1,-1,-1,-1
201543W236085,2,8,0,18,0,1,0,0,0,0,1,1,1,1,37,7,2499,2,4,-1,-1,-1
201543W236105,1,9,0,18,0,1,0,0,0,0,4,1,6,2,46,8,2993,2,8,-1,1,-1
201543W237015,1,9,0,18,0,1,0,0,0,0,1,1,6,1,-1,-1,1497,1,13,-1,-1,-1
201543W237015,2,1,0,18,0,1,0,0,0,0,2,1,2,2,34,6,-1,-1,-1,-1,1,-1
201543W237035,1,9,0,18,0,0,0,0,0,0,1,1,6,1,19,4,-1,-1,-1,-1,1,-1
201543W237035,2,9,0,18,0,0,0,0,0,0,3,1,6,1,34,6,1798,1,8,-1,1,-1
201543W237085,1,1,0,18,0,8,0,0,0,0,3,1,1,1,27,6,-1,-1,-1,-1,1,-1
201543W237085,2,9,0,7,0,8,0,0,0,0,4,1,1,1,51,8,-1,-1,-1,-1,1,-1
201543W238035,1,9,0,7,0,6,0,0,0,0,1,1,1,1,45,7,-1,-1,-1,-1,1,-1
201543W238035,2,9,0,18,0,1,0,0,0,0,4,1,2,2,47,8,1248,1,5,-1,1,-1
201543W238105,1,9,0,18,0,1,0,0,0,0,1,1,6,1,74,10,1985,1,30,-1,1,-1
201543W238105,2,9,0,18,0,1,0,0,0,0,2,1,2,2,20,4,1398,1,-1,-1,3,-1
201543W239015,1,20,0,18,0,1,0,0,0,0,1,1,1,1,30,6,3920,2,3,-1,-1,-1
201543W239015,2,9,0,3,0,1,0,0,0,0,2,1,1,2,35,6,1242,1,18,-1,1,-1
201543W239075,1,9,0,2,0,8,0,0,0,0,3,1,6,1,-1,-1,-1,-1,-1,-1,-1,-1
201543W239075,2,1,0,14,0,8,0,0,0,0,4,1,6,1,20,4,-1,-1,-1,-1,1,-1
201543W241015,1,9,0,18,0,2,0,0,0,0,1,1,6,1,23,5,1396,1,11,-1,1,-1
201543W241015,2,9,0,18,0,2,0,0,0,0,2,1,6,1,76,11,1596,1,1,-1,1,-1
201543W241085,1,5,0,18,0,1,0,0,0,0,1,1,6,1,-1,-1,-1,-1,-1,-1,-1,-1
201543W241085,2,9,0,9,0,5,0,0,0,0,1,1,6,2,40,7,-1,-1,-1,-1,3,-1
201543W241115,1,8,0,18,0,0,0,0,0,0,1,1,1,1,49,8,2499,2,4,-1,1,-1
201543W241115,2,8,0,2,0,0,0,0,0,0,2,1,1,1,36,7,2664,2,14,-1,1,-1
201543W241125,1,9,0,9,7,5,0,0,0,0,1,1,6,1,18,4,1229,1,2,-1,1,-1
201543W242015,1,9,0,5,0,8,0,0,0,0,1,1,6,1,47,8,1998,1,10,-1,1,-1
201543W242015,2,9,0,9,0,8,0,0,0,0,4,1,6,1,66,10,-1,-1,-1,-1,1,-1
201543W242075,1,11,0,5,0,0,0,0,0,0,0,1,1,3,46,8,-1,-1,-1,-1,1,-1
201543W243075,1,9,0,18,0,1,0,0,0,0,1,1,6,1,-1,-1,-1,-1,-1,-1,-1,-1
201543W243075,2,9,0,18,0,1,0,0,0,0,4,1,6,1,50,8,1997,2,2,-1,1,-1
201543W243085,1,9,0,18,0,1,0,0,0,0,1,1,6,1,44,7,1796,1,14,-1,1,-1
201543W243085,2,9,0,3,0,1,0,0,0,0,2,1,6,1,35,6,1896,2,9,-1,1,-1
201543W243085,3,9,0,3,0,1,0,0,0,0,2,1,6,2,30,6,1364,1,8,-1,3,-1
201543W243125,1,9,0,1,0,8,0,0,0,0,2,1,6,3,-1,-1,-1,-1,-1,-1,-1,-1
201543W244105,1,9,0,18,0,0,0,0,0,0,4,1,6,3,-1,-1,-1,-1,-1,-1,-1,-1
201543W245115,1,1,0,18,0,8,1,0,1,0,3,1,1,1,40,7,-1,-1,-1,-1,2,-1
201543W245115,2,9,0,9,0,5,0,0,0,0,1,1,6,2,67,10,1388,1,5,-1,1,-1
201543W246075,1,9,0,18,0,0,0,0,0,0,4,1,6,1,34,6,1868,2,13,-1,-1,-1
201543W246075,2,9,0,18,0,0,0,0,0,0,0,1,6,2,23,5,1499,1,-1,-1,2,-1
201543W246115,1,19,0,18,0,0,0,0,0,0,1,1,1,1,39,7,1968,2,3,-1,3,-1
201543W246115,2,19,0,18,0,0,0,0,0,0,2,1,1,1,29,6,1995,2,1,-1,1,-1
201543W247065,1,9,0,18,0,4,0,0,0,0,1,1,6,1,21,5,1149,1,10,-1,-1,-1
201543W247065,2,9,0,9,0,8,0,0,0,0,4,1,6,2,20,4,2987,2,4,-1,1,-1
201543W247075,1,9,0,9,0,6,0,0,0,0,3,1,6,1,59,9,2993,2,3,-1,3,-1
201543W247075,2,9,0,18,0,8,0,0,0,0,1,1,6,1,30,6,1998,1,12,-1,1,-1
201543W249075,1,9,0,18,0,8,0,0,0,0,4,1,1,3,34,6,1248,2,1,-1,1,-1
201543W249075,2,9,0,18,0,8,0,0,0,0,1,1,6,3,80,11,-1,3,2,-1,1,-1
201543W249105,1,9,0,18,0,0,0,0,0,0,1,1,6,1,57,9,2198,2,8,-1,-1,-1
201543W250105,1,9,0,9,0,6,0,0,0,0,3,1,6,2,-1,-1,1598,1,12,-1,-1,-1
201543W250105,2,9,0,18,0,8,0,0,0,0,4,1,2,2,33,6,998,1,2,-1,1,-1
201543W252075,1,8,0,18,0,2,0,0,0,0,1,1,1,1,41,7,2499,2,8,-1,1,-1
201543W252075,2,9,0,18,0,2,0,0,0,0,2,1,6,2,43,7,1796,1,10,-1,1,-1
201543W253105,1,9,0,5,0,8,0,0,0,0,1,1,6,1,20,4,1389,1,12,-1,1,-1
201543W253105,2,9,0,2,0,8,0,0,0,0,2,1,6,3,-1,-1,1997,1,13,-1,1,-1
201543W254075,1,5,0,14,0,8,0,0,7,0,4,1,6,1,29,6,898,1,1,-1,1,-1
201543W254075,2,9,0,9,0,5,0,0,0,0,3,1,6,1,63,9,1968,2,3,-1,1,-1
201543W256105,1,21,0,1,0,8,0,0,1,11,4,1,1,1,32,6,-1,-1,-1,-1,1,-1
201543W256115,1,9,0,12,0,4,0,0,0,0,4,1,6,2,-1,-1,2231,2,10,-1,1,-1
201543W256115,2,9,0,18,0,4,0,0,0,0,3,1,6,1,58,9,1598,1,11,-1,1,-1
201543W258065,1,9,0,18,0,0,0,0,0,0,1,1,6,1,30,6,1598,1,9,-1,1,-1
201543W258065,2,9,0,4,0,0,0,0,0,0,2,1,6,1,66,10,1997,2,3,-1,2,-1
201543W258065,3,9,0,4,0,0,0,0,0,0,2,1,6,2,50,8,2143,2,2,-1,3,-1
201543W258105,1,9,0,9,0,8,0,0,0,0,4,1,2,1,46,8,1596,1,1,-1,1,-1
201543W258105,2,1,0,4,4,1,1,0,0,0,1,1,2,1,24,5,-1,-1,-1,-1,1,-1
201543W259065,1,9,0,18,0,1,0,0,0,0,1,1,6,2,32,6,1360,1,12,-1,2,-1
201543W259065,2,9,0,9,0,6,0,0,0,0,3,1,6,1,57,9,2494,1,15,-1,2,-1
201543W259105,1,9,0,18,0,0,0,0,0,0,1,1,6,3,-1,-1,-1,-1,-1,-1,-1,-1
201543W260105,1,21,0,3,0,4,0,0,0,0,1,1,1,1,-1,-1,-1,-1,-1,-1,-1,-1
201543W260105,2,9,0,18,0,4,0,0,0,0,2,1,1,1,70,10,1398,2,1,-1,1,-1
201543W262075,1,9,0,5,0,0,0,0,0,0,1,1,6,2,18,4,1199,1,13,-1,1,-1
201543W262075,2,9,0,5,0,0,0,0,0,0,2,1,6,1,30,6,1870,2,13,-1,-1,-1
201543W262105,1,9,0,9,0,6,0,0,0,0,3,1,1,1,40,7,998,1,14,-1,1,-1
201543W262105,2,5,0,14,0,1,0,0,0,0,1,1,6,1,49,8,998,1,11,-1,1,-1
201543W263115,1,9,0,18,0,0,1,0,0,0,1,1,1,1,44,7,-1,-1,-1,-1,1,-1
201543W263115,2,21,0,18,0,0,0,0,0,0,1,1,1,1,38,7,-1,-1,-1,-1,1,-1
201543W264065,1,1,0,12,0,0,0,0,0,0,1,1,6,1,28,6,-1,-1,-1,-1,1,-1