Accident_Index,Vehicle_Reference,Vehicle_Type,Towing_and_Articulation,Vehicle_Manoeuvre,Vehicle_Location-Restricted_Lane,Junction_Location,Skidding_and_Overturning,Hit_Object_in_Carriageway,Vehicle_Leaving_Carriageway,Hit_Object_off_Carriageway,1st_Point_of_Impact,Was_Vehicle_Left_Hand_Drive?,Journey_Purpose_of_Driver,Sex_of_Driver,Age_of_Driver,Age_Band_of_Driver,Engine_Capacity_(CC),Propulsion_Code,Age_of_Vehicle,Driver_IMD_Decile,Driver_Home_Area_Type,Vehicle_IMD_Decile
2015440038139,2,19,0,18,0,1,0,0,0,0,1,1,6,1,20,4,1870,2,12,-1,1,-1
2015440038260,1,9,0,16,0,0,2,0,0,0,4,1,6,1,25,5,-1,-1,-1,-1,1,-1
2015440038380,1,9,0,17,0,0,1,0,1,1,1,1,2,1,37,7,1396,1,16,-1,1,-1
2015440038573,1,97,0,18,0,1,0,0,0,0,0,1,6,1,24,5,-1,-1,-1,-1,2,-1
2015440038573,2,9,0,1,0,8,0,0,0,0,0,1,6,2,-1,-1,-1,-1,-1,-1,-1,-1
2015440038595,1,9,0,18,0,8,1,0,8,3,1,1,3,1,40,7,1598,1,7,-1,2,-1
2015440038595,2,9,0,4,0,8,1,0,0,0,1,1,2,2,21,5,-1,-1,-1,-1,2,-1
2015440038826,1,9,0,9,0,8,1,10,0,0,1,1,6,1,23,5,-1,-1,-1,-1,1,-1
2015440038826,2,9,0,18,0,1,0,0,0,0,1,1,6,1,27,6,1910,2,6,-1,1,-1
2015440039040,1,9,0,9,0,8,1,0,7,11,1,1,6,1,26,6,1596,1,9,-1,1,-1
2015440039056,1,9,0,12,0,8,0,0,0,0,1,1,6,2,46,8,1998,1,4,-1,1,-1
2015440039056,2,9,0,18,0,8,0,0,0,0,1,1,6,1,23,5,-1,-1,-1,-1,1,-1
2015440039269,1,11,0,5,0,1,0,0,0,0,4,1,1,1,49,8,6696,2,2,-1,1,-1
2015440039411,1,9,0,4,0,1,0,0,0,0,2,1,6,2,33,6,1560,2,7,-1,3,-1
2015440039411,2,9,0,4,0,1,0,0,0,0,2,1,6,2,60,9,1796,1,13,-1,1,-1
2015440039411,3,9,0,18,0,1,0,0,0,0,1,1,6,3,-1,-1,1461,2,10,-1,-1,-1
2015440039552,1,1,0,18,0,1,0,0,0,0,1,1,2,1,36,7,-1,-1,-1,-1,1,-1
2015440039552,2,9,0,7,0,6,0,0,0,0,3,1,2,2,44,7,1896,2,10,-1,1,-1
2015440039609,1,9,0,18,0,0,0,0,0,0,1,1,6,1,21,5,1998,1,16,-1,3,-1
2015440039648,1,9,0,18,0,8,0,0,0,0,4,1,2,1,53,8,1596,1,11,-1,1,-1
2015440039648,2,1,0,18,0,8,0,0,0,0,3,1,2,2,48,8,-1,-1,-1,-1,1,-1
2015440039653,1,9,0,9,0,8,0,0,0,0,1,1,2,1,43,7,1781,1,18,-1,1,-1
2015440039653,2,1,0,18,0,8,0,0,0,0,4,1,2,2,22,5,-1,-1,-1,-1,2,-1
2015440039780,1,9,0,6,0,0,0,0,0,0,3,1,2,1,40,7,1794,1,13,-1,2,-1
2015440039780,2,9,0,18,0,0,0,0,0,0,1,1,2,1,69,10,2204,2,5,-1,1,-1
2015440039785,1,9,0,18,0,1,1,0,0,0,1,1,2,1,25,5,1248,2,3,-1,1,-1
2015440039785,2,9,0,4,0,1,0,0,0,0,2,1,3,1,38,7,1997,2,7,-1,1,-1
2015440040365,1,19,0,18,0,0,1,0,7,4,1,1,1,1,25,5,2402,2,4,-1,1,-1
2015440040473,1,9,0,18,0,1,0,0,0,0,1,1,6,1,35,6,1998,2,14,-1,1,-1
2015440040473,2,9,0,4,0,1,0,0,0,0,2,1,6,2,36,7,1461,2,1,-1,1,-1
2015440040473,3,19,0,4,0,1,0,0,0,0,2,1,6,1,31,6,1598,2,3,-1,1,-1
2015440040521,1,9,0,9,0,8,0,0,0,0,3,1,2,1,50,8,1242,1,13,-1,2,-1
2015440040521,2,9,0,17,0,1,0,0,0,0,1,1,2,1,42,7,2204,2,10,-1,1,-1
2015440040549,1,9,0,8,0,1,0,0,0,0,4,1,6,1,62,9,1796,1,15,-1,1,-1
2015440040549,2,1,0,18,0,1,0,0,0,0,1,1,6,1,40,7,-1,-1,-1,-1,1,-1
2015440040579,1,9,0,18,0,0,0,0,0,0,1,1,6,1,38,7,1984,1,14,-1,1,-1
2015440040579,2,17,0,14,0,0,0,0,0,0,1,1,1,1,20,4,5702,2,9,-1,3,-1
2015440040589,1,9,0,9,0,5,0,0,0,0,4,1,2,2,33,6,-1,-1,-1,-1,3,-1
2015440040589,2,9,0,18,0,1,1,0,0,0,1,1,2,1,30,6,1910,2,9,-1,1,-1
2015440040609,1,9,0,18,0,0,0,0,0,0,1,1,6,2,28,6,-1,-1,-1,-1,1,-1
2015440040609,2,9,0,4,0,0,0,0,0,0,2,1,6,1,26,6,-1,-1,-1,-1,1,-1
2015440040609,3,9,0,4,0,0,0,0,0,0,2,1,6,1,22,5,1149,1,13,-1,1,-1
2015440040609,4,19,0,18,0,0,0,0,0,0,1,1,6,1,56,9,1686,2,18,-1,1,-1
2015440040643,1,9,0,1,0,6,0,0,0,0,2,1,6,3,-1,-1,-1,-1,-1,-1,-1,-1
2015440040827,1,9,0,16,0,1,1,0,1,2,1,1,6,1,27,6,-1,-1,-1,-1,-1,-1
2015440041258,1,19,0,17,0,0,2,10,1,0,4,1,1,1,29,6,2287,2,7,-1,2,-1
2015440041385,1,21,0,7,0,8,0,0,0,0,4,1,1,1,62,9,11967,2,3,-1,1,-1
2015440041385,2,1,0,15,0,8,0,0,0,0,1,1,6,2,38,7,-1,-1,-1,-1,1,-1
2015440041649,1,5,0,18,0,8,0,0,0,0,1,1,6,1,67,10,1050,1,3,-1,1,-1
2015440041649,2,19,0,9,0,8,0,0,0,0,1,1,1,1,61,9,2143,2,2,-1,1,-1
2015440041868,1,9,0,12,0,0,0,0,0,0,1,1,2,2,32,6,1999,1,8,-1,1,-1
2015440041868,2,9,0,18,0,0,0,0,0,0,1,1,2,2,27,6,-1,-1,-1,-1,3,-1
2015440041868,3,9,0,18,0,0,0,0,0,0,1,1,2,2,22,5,1587,1,13,-1,1,-1
2015440041919,1,19,0,18,0,8,0,0,0,0,1,1,6,2,28,6,2477,2,11,-1,1,-1
2015440041919,2,9,0,9,0,8,0,0,4,0,2,1,6,2,43,7,-1,-1,-1,-1,1,-1
2015440042270,1,9,0,16,0,1,0,0,0,0,1,1,1,1,48,8,1686,2,4,-1,1,-1
2015440042270,2,9,0,17,0,1,0,0,0,0,1,1,2,1,43,7,-1,-1,-1,-1,1,-1
2015440042441,1,9,0,13,0,0,0,0,0,0,1,1,2,1,28,6,-1,-1,-1,-1,2,-1
2015440042441,2,9,0,18,0,0,0,0,0,0,1,1,2,1,41,7,-1,-1,-1,-1,1,-1
2015440042441,3,9,0,18,0,0,0,0,1,0,0,1,2,1,21,5,1497,1,14,-1,2,-1
2015440042441,4,9,0,18,0,0,0,0,0,0,1,1,6,1,51,8,-1,-1,-1,-1,1,-1
2015440042464,1,11,0,18,0,0,0,0,0,0,0,1,1,3,-1,-1,-1,-1,-1,-1,-1,-1
2015440042641,1,5,0,18,0,2,0,7,0,0,1,1,6,1,55,8,1450,1,13,-1,1,-1
2015440042954,1,21,0,16,0,0,0,0,0,0,1,1,1,1,53,8,5900,2,8,-1,1,-1
2015440042954,2,9,0,18,0,0,0,0,0,0,1,1,6,2,63,9,1595,1,2,-1,1,-1
2015440043061,1,9,0,9,0,8,0,0,0,0,1,1,2,1,-1,-1,1299,1,11,-1,-1,-1
2015440043061,2,1,0,18,0,8,0,0,0,0,1,1,2,2,61,9,-1,-1,-1,-1,1,-1
2015440043094,1,9,0,13,0,1,0,0,0,0,1,1,1,1,23,5,-1,-1,-1,-1,3,-1
2015440043094,2,9,0,9,0,1,0,0,0,0,3,1,2,1,30,6,1390,1,12,-1,1,-1
2015440043449,1,9,0,17,0,0,0,0,0,0,1,1,6,2,27,6,-1,-1,-1,-1,3,-1
2015440043449,2,9,0,16,0,0,0,0,0,0,1,1,6,1,52,8,1339,1,11,-1,1,-1
2015440043478,1,9,0,17,0,0,5,0,0,0,3,1,2,1,18,4,1229,1,10,-1,1,-1
2015440043489,1,9,0,16,0,0,2,0,7,11,1,1,2,1,20,4,-1,-1,-1,-1,1,-1
2015440043562,1,19,0,18,0,0,1,0,0,0,1,1,6,1,41,7,2402,2,7,-1,1,-1
2015440043562,2,8,0,3,0,0,0,0,0,0,2,1,1,1,47,8,1797,8,5,-1,1,-1
2015440043576,1,9,0,18,0,1,1,0,1,11,1,1,6,1,41,7,-1,-1,-1,-1,1,-1
2015440043768,1,9,0,18,0,2,0,0,0,0,1,1,6,2,46,8,1995,2,8,-1,1,-1
2015440043800,1,9,0,18,0,1,0,0,0,0,1,1,6,2,61,9,998,1,7,-1,3,-1
2015440043800,2,9,0,9,0,8,0,0,0,0,4,1,6,3,-1,-1,-1,-1,-1,-1,-1,-1
2015440043837,1,9,0,18,0,8,1,0,2,7,1,1,6,1,41,7,1248,1,4,-1,-1,-1
2015440043837,2,9,0,12,0,8,0,0,1,0,2,1,6,1,29,6,-1,-1,-1,-1,-1,-1
2015440043837,3,9,0,18,0,8,0,0,0,0,1,1,6,1,32,6,-1,-1,-1,-1,1,-1
2015440043854,1,9,0,17,0,0,0,0,1,4,1,1,6,2,22,5,-1,-1,-1,-1,2,-1
2015440043864,1,9,0,17,0,0,1,0,1,9,1,1,6,2,21,5,-1,-1,-1,-1,1,-1
2015440043923,1,9,0,5,0,8,0,0,1,1,1,1,6,2,74,10,1390,1,12,-1,1,-1
2015440043968,1,9,0,18,0,8,0,0,0,0,3,1,6,1,27,6,1242,1,16,-1,1,-1
2015440043968,2,9,0,18,0,8,0,0,0,0,1,1,6,2,21,5,1364,1,8,-1,1,-1
2015440044065,1,2,0,4,0,2,1,0,1,0,1,1,6,1,16,4,-1,-1,-1,-1,1,-1
2015440044065,2,9,0,4,0,1,0,0,0,0,2,1,6,2,53,8,1896,2,10,-1,1,-1
2015440044102,1,9,0,18,0,1,0,0,0,0,3,1,6,2,49,8,998,1,2,-1,-1,-1
2015440044102,2,9,0,13,0,1,1,0,5,6,1,1,6,1,35,6,-1,-1,-1,-1,1,-1
2015440044175,1,11,0,17,0,1,0,0,0,0,2,1,1,2,53,8,6696,2,2,-1,3,-1
2015440044916,1,9,0,5,0,1,0,0,0,0,1,1,6,1,48,8,2967,2,2,-1,3,-1
2015440044916,2,1,0,18,0,8,0,0,0,0,4,1,6,1,17,4,-1,-1,-1,-1,1,-1
2015440045086,1,9,0,4,0,1,0,0,0,0,0,1,6,1,27,6,1360,1,11,-1,-1,-1
2015440045086,2,5,0,13,0,1,1,0,0,0,0,1,6,1,73,10,645,1,2,-1,1,-1
2015440045105,1,11,0,18,0,8,0,0,0,0,4,1,1,1,51,8,6696,2,2,-1,1,-1
2015440045105,2,9,0,7,0,8,0,0,0,0,1,1,6,1,35,6,-1,-1,-1,-1,3,-1
2015440045190,1,5,0,9,0,8,1,0,0,0,3,1,6,1,38,7,748,1,9,-1,1,-1
2015440045224,1,9,0,18,0,8,0,0,0,0,4,1,6,2,50,8,1248,1,3,-1,3,-1
2015440045224,2,9,0,18,0,8,0,0,0,0,1,1,6,2,42,7,-1,-1,-1,-1,2,-1
2015440045248,1,1,0,18,0,8,0,0,0,0,4,1,2,1,29,6,-1,-1,-1,-1,1,-1
2015440045248,2,9,0,7,0,8,0,0,0,0,1,1,6,3,-1,-1,-1,-1,-1,-1,-1,-1
2015440045273,1,9,0,3,0,1,0,0,0,0,2,1,6,2,51,8,1493,2,4,-1,-1,-1
2015440045273,2,9,0,3,0,1,0,0,0,0,2,1,6,1,47,8,1984,1,8,-1,-1,-1
2015440045273,3,9,0,18,0,1,1,0,0,0,1,1,6,1,29,6,1598,1,16,-1,-1,-1
2015440045306,1,19,0,18,0,1,0,0,0,0,0,1,6,1,40,7,2148,2,11,-1,1,-1
2015440045306,2,9,0,9,0,8,0,0,0,0,1,1,6,1,34,6,1995,2,5,-1,1,-1
2015440045306,3,8,0,18,0,8,0,0,0,0,3,1,1,1,36,7,1598,2,4,-1,1,-1
2015440045346,1,9,0,18,0,0,0,0,0,0,2,1,6,2,32,6,1968,2,11,-1,1,-1
2015440045346,2,9,0,18,0,0,0,0,0,0,1,1,6,1,25,5,-1,-1,-1,-1,1,-1
2015440045427,1,9,0,18,0,0,5,0,1,0,4,1,6,2,51,8,1242,1,1,-1,3,-1
2015440045442,1,1,0,18,0,0,0,0,0,0,0,1,6,1,52,8,-1,-1,-1,-1,1,-1
2015440045524,1,9,0,9,0,8,0,0,0,0,1,1,6,1,22,5,1149,1,13,-1,-1,-1
2015440045524,2,1,0,18,0,8,0,0,0,0,1,1,6,1,24,5,-1,-1,-1,-1,1,-1
2015440045537,1,9,0,9,0,8,0,0,7,11,3,1,6,1,53,8,1328,1,13,-1,1,-1
2015440045537,2,9,0,14,0,1,0,0,0,0,1,1,6,2,60,9,-1,-1,-1,-1,1,-1
2015440045724,1,9,0,10,0,1,0,0,0,0,2,1,1,2,37,7,1598,1,3,-1,1,-1
2015440045724,2,9,0,4,0,1,0,0,0,0,1,1,6,1,-1,-1,1798,1,35,-1,-1,-1
2015440045761,1,9,0,18,0,2,0,0,0,0,1,1,2,2,37,7,-1,-1,-1,-1,1,-1
2015440045761,2,9,0,3,0,2,0,0,0,0,2,1,1,1,69,10,1598,1,9,-1,1,-1
2015440046221,1,9,0,18,0,0,5,0,1,4,1,1,6,2,20,4,-1,-1,-1,-1,1,-1
2015440046437,1,9,0,9,0,8,0,0,0,0,4,1,6,1,33,6,-1,-1,-1,-1,1,-1
2015440046437,2,21,1,18,0,8,0,0,0,0,1,1,1,1,66,10,12777,2,-1,-1,1,-1
2015440046556,1,9,0,5,0,8,0,0,0,0,3,1,1,1,50,8,1998,2,9,-1,1,-1
2015440046556,2,2,0,18,0,8,0,0,0,0,1,1,6,1,22,5,49,1,8,-1,1,-1
2015440046589,1,9,0,18,0,0,5,0,0,0,1,1,6,1,80,11,-1,-1,-1,-1,3,-1
2015440046589,2,9,0,2,0,0,0,0,0,0,2,1,6,3,-1,-1,-1,-1,-1,-1,-1,-1
2015440046600,1,3,0,4,0,0,1,0,0,0,0,1,6,1,18,4,124,1,8,-1,1,-1
2015440046633,1,21,0,18,0,0,0,0,0,0,4,1,1,1,30,6,6370,2,9,-1,3,-1
2015440046711,1,9,0,18,0,8,0,0,0,0,1,1,2,1,61,9,1968,2,-1,-1,2,-1
2015440046711,2,2,0,9,0,8,0,0,0,0,1,1,6,1,17,4,49,1,2,-1,1,-1
2015440046726,1,19,0,7,0,8,0,0,0,0,1,1,6,1,43,7,1248,2,7,-1,-1,-1
2015440046726,2,1,0,18,0,8,0,0,0,0,4,1,6,2,53,8,-1,-1,-1,-1,1,-1
2015440046761,1,9,0,18,0,0,1,0,6,6,1,1,6,1,61,9,-1,-1,-1,-1,1,-1
2015440046761,2,9,0,18,0,0,0,0,0,0,1,1,1,1,65,9,1598,1,13,-1,1,-1
2015440046761,3,9,0,18,0,0,0,0,0,0,1,1,6,1,22,5,1595,1,8,-1,1,-1
2015440046883,1,9,0,18,0,1,0,0,0,0,1,1,6,3,-1,-1,-1,-1,-1,-1,-1,-1
2015440046883,2,1,0,18,0,1,0,0,0,0,4,1,6,1,26,6,-1,-1,-1,-1,1,-1
2015440047208,1,9,0,18,0,0,0,0,0,0,1,1,2,1,51,8,5000,1,6,-1,1,-1
2015440047208,2,9,0,18,0,0,0,0,0,0,2,1,2,1,51,8,2000,2,11,-1,1,-1
2015440047243,1,9,0,14,0,0,0,0,0,0,4,1,2,1,40,7,1796,1,12,-1,1,-1
2015440047243,2,9,0,5,0,0,0,0,0,0,3,1,6,2,29,6,-1,-1,-1,-1,1,-1
2015440047337,1,9,0,9,0,8,0,0,0,0,3,1,2,1,25,5,1390,1,14,-1,1,-1
2015440047337,2,9,0,4,0,1,0,0,0,0,1,1,3,1,31,6,1995,2,10,-1,1,-1
2015440047337,3,9,0,18,0,1,2,0,0,0,1,1,3,2,39,7,1796,1,13,-1,1,-1
2015440047944,1,9,0,18,0,1,0,0,0,0,1,1,2,1,24,5,2487,2,15,-1,1,-1
2015440047944,2,9,0,3,0,1,0,0,0,0,2,1,6,2,84,11,998,1,3,-1,2,-1
2015440047983,1,9,0,18,0,0,0,0,0,0,1,1,6,2,42,7,1997,2,8,-1,3,-1
2015440047983,2,9,0,3,0,0,0,0,0,0,2,1,2,1,32,6,1998,1,12,-1,1,-1
2015440047992,1,21,1,7,0,8,0,0,0,0,4,1,1,1,60,9,12902,2,2,-1,1,-1
2015440048118,1,9,0,18,0,0,0,0,0,0,1,1,6,2,47,8,-1,-1,-1,-1,1,-1
2015440048118,2,9,0,3,0,0,0,0,0,0,2,1,6,1,44,7,1497,8,2,-1,1,-1
2015440048118,3,9,0,3,0,0,0,0,0,0,2,1,6,2,41,7,1360,1,11,-1,1,-1
2015440048131,1,9,0,12,0,1,0,0,0,0,0,1,6,1,31,6,1597,1,16,-1,1,-1
2015440048131,2,2,0,18,0,1,0,0,0,0,4,1,6,1,20,4,49,1,3,-1,1,-1
2015440048161,1,9,0,18,0,1,0,0,0,0,1,1,6,1,24,5,998,1,3,-1,1,-1
2015440048161,2,1,0,9,0,6,0,0,0,0,3,1,2,1,54,8,-1,-1,-1,-1,1,-1
2015440048403,1,9,0,9,0,8,0,0,0,0,1,1,6,1,40,7,1596,1,3,-1,1,-1
2015440048403,2,3,0,18,0,8,0,0,0,0,1,1,6,1,20,4,124,1,7,-1,1,-1
2015440048467,1,8,0,18,0,0,1,0,2,4,1,1,1,1,47,8,1997,2,1,-1,1,-1
2015440048543,1,9,0,5,0,1,0,0,0,0,1,1,1,1,21,5,1999,1,10,-1,1,-1
2015440048543,2,9,0,4,0,1,0,0,0,0,2,1,2,1,46,8,-1,-1,-1,-1,3,-1
2015440048607,1,9,0,9,0,8,0,0,0,0,4,1,1,1,74,10,2720,2,9,-1,1,-1
2015440048607,2,1,0,18,0,8,0,0,0,0,1,1,6,1,23,5,-1,-1,-1,-1,1,-1
2015440048618,1,9,0,9,0,8,0,0,0,0,3,1,1,1,45,7,-1,-1,-1,-1,2,-1
2015440048618,2,1,0,18,0,8,0,0,0,0,1,1,6,1,42,7,-1,-1,-1,-1,1,-1
2015440048635,1,9,0,18,0,1,1,0,0,0,1,1,2,1,32,6,1391,1,14,-1,1,-1
2015440048650,1,9,0,3,0,0,0,0,0,0,4,1,1,1,-1,-1,3400,6,16,-1,-1,-1
2015440048650,2,1,0,15,0,0,0,0,0,0,1,1,6,1,31,6,-1,-1,-1,-1,1,-1
2015440048753,1,2,0,17,0,0,1,0,1,1,1,1,2,1,21,5,49,1,8,-1,2,-1
2015440048912,1,9,0,18,0,8,0,0,0,0,3,1,6,2,42,7,1560,2,1,-1,3,-1
2015440048912,2,9,0,5,0,8,0,0,0,0,1,1,1,1,31,6,-1,-1,-1,-1,1,-1
2015440048931,1,2,0,18,0,0,0,0,0,11,1,1,6,1,22,5,49,1,14,-1,2,-1
2015440048931,2,19,0,18,0,0,1,0,0,0,1,1,6,1,75,10,1753,2,14,-1,2,-1
2015440049017,1,9,0,18,0,0,0,2,1,0,1,1,2,1,29,6,1598,1,8,-1,1,-1
2015440049064,1,9,0,9,0,5,0,0,0,0,3,1,6,2,22,5,1332,1,17,-1,1,-1
2015440049064,2,5,0,13,0,1,1,0,7,0,1,1,6,1,57,9,998,1,21,-1,1,-1
2015440049154,1,9,0,18,0,0,0,0,0,0,1,1,6,3,-1,-1,-1,-1,-1,-1,-1,-1
2015440049155,1,9,0,18,0,8,0,0,0,0,1,1,6,1,18,4,-1,-1,-1,-1,1,-1
2015440049155,2,9,0,18,0,8,0,0,0,0,2,1,6,1,34,6,1995,2,2,-1,-1,-1
2015440049155,3,9,0,18,0,8,0,0,0,0,2,1,6,1,34,6,1956,2,-1,-1,1,-1
2015440049471,1,9,0,4,0,1,0,0,0,0,2,1,2,2,46,8,1910,2,5,-1,1,-1
2015440049471,2,9,0,18,0,1,0,0,0,0,1,1,6,3,-1,-1,1798,1,7,-1,-1,-1
2015440049534,1,9,0,4,0,2,0,0,1,0,2,1,6,1,20,4,1968,2,10,-1,1,-1
2015440049534,2,9,0,4,0,2,0,0,0,0,1,1,6,1,21,5,1991,1,-1,-1,3,-1
2015440049598,1,19,0,16,0,0,0,0,1,11,1,1,1,1,27,6,1248,2,4,-1,2,-1
2015440049688,1,9,0,16,0,1,5,0,0,1,1,1,6,1,82,11,-1,-1,-1,-1,3,-1
2015440049966,1,9,0,18,0,0,0,0,1,7,1,1,6,2,41,7,-1,-1,-1,-1,1,-1
2015440049972,1,9,0,18,0,0,1,0,1,4,1,1,2,2,30,6,1390,1,3,-1,1,-1
2015440049972,2,9,0,6,0,0,0,0,0,0,0,1,6,3,-1,-1,-1,-1,-1,-1,-1,-1
2015440050014,1,9,0,17,0,0,5,0,7,11,1,1,1,2,41,7,2497,1,14,-1,2,-1
2015440050054,1,19,0,18,0,0,1,0,0,0,1,1,1,1,39,7,1998,2,11,-1,1,-1
2015440050054,2,9,0,4,0,0,0,0,0,0,2,1,2,2,21,5,-1,-1,-1,-1,2,-1
2015440050054,3,9,0,4,0,0,0,0,0,0,2,1,2,2,20,4,1242,1,13,-1,1,-1
2015440050054,4,9,0,4,0,0,0,0,0,0,2,1,2,2,40,7,1242,1,11,-1,-1,-1
2015440050159,1,9,0,5,0,2,0,0,0,0,0,1,6,2,-1,-1,-1,-1,-1,-1,-1,-1
2015440050866,1,9,0,18,0,0,0,0,0,0,1,1,6,2,30,6,-1,-1,-1,-1,1,-1
2015440050866,2,9,0,4,0,0,0,0,0,0,2,1,6,2,75,10,1596,1,5,-1,1,-1
2015440050866,3,9,0,4,0,0,0,0,0,0,2,1,6,2,53,8,1896,2,10,-1,1,-1
2015440050943,1,9,0,18,0,0,0,0,1,4,1,1,6,1,24,5,-1,-1,-1,-1,3,-1
2015440050972,1,5,0,4,0,1,1,0,0,0,4,1,6,1,22,5,659,1,8,-1,1,-1
2015440051236,1,1,0,18,0,1,0,0,0,0,1,1,2,1,34,6,-1,-1,-1,-1,1,-1
2015440051236,2,9,0,7,0,1,0,0,0,0,2,1,6,3,-1,-1,1560,2,4,-1,-1,-1
2015440051292,1,9,0,3,0,1,0,0,0,0,2,1,2,2,51,8,998,1,4,-1,2,-1
2015440051292,2,9,0,18,0,1,0,0,0,0,1,1,2,1,18,4,1229,1,1,-1,1,-1
2015440051383,1,9,0,18,0,0,0,0,0,0,1,1,3,1,37,7,1198,1,4,-1,3,-1
2015440051383,2,9,0,18,0,0,0,0,0,0,1,1,2,2,42,7,1598,1,11,-1,3,-1
2015440051389,1,19,5,13,0,2,0,0,0,0,4,1,1,3,-1,-1,-1,-1,-1,-1,-1,-1
2015440051389,2,1,0,18,0,2,0,0,0,0,3,1,6,1,43,7,-1,-1,-1,-1,3,-1
2015440051643,1,9,0,5,0,8,0,0,0,0,1,1,6,1,69,10,1339,1,4,-1,2,-1
2015440051643,2,1,0,18,0,8,0,0,0,0,3,1,6,2,82,11,-1,-1,-1,-1,1,-1
2015440051880,1,9,0,4,0,8,0,0,0,0,2,1,6,2,74,10,1242,1,1,-1,1,-1
2015440051880,2,9,0,16,0,8,0,0,0,0,1,1,1,1,50,8,-1,-1,-1,-1,1,-1
2015440051885,1,97,0,11,0,0,1,0,0,0,4,1,6,1,24,5,649,1,7,-1,1,-1
2015440051973,1,9,0,18,0,2,0,0,0,0,1,1,6,2,31,6,-1,-1,-1,-1,1,-1
2015440051973,2,9,0,3,0,2,0,0,0,0,2,1,6,2,29,6,1598,1,12,-1,1,-1
2015440052027,1,19,0,18,0,8,0,0,0,0,1,1,1,1,51,8,1868,2,9,-1,1,-1
2015440052027,2,1,0,18,0,8,0,0,0,0,3,1,6,2,11,3,-1,-1,-1,-1,1,-1
2015440052100,1,19,0,9,0,8,0,0,0,0,1,1,2,1,32,6,2461,2,14,-1,3,-1
2015440052100,2,9,0,18,0,8,0,0,0,0,1,1,2,2,52,8,-1,-1,-1,-1,1,-1
2015440052164,1,3,0,18,0,0,1,0,0,0,1,1,6,1,18,4,124,1,5,-1,1,-1
2015440052164,2,9,0,6,0,0,0,0,0,0,4,1,6,1,36,7,1796,1,10,-1,1,-1
2015440052172,1,9,0,5,0,8,0,0,0,0,1,1,6,1,87,11,-1,-1,-1,-1,1,-1
2015440052172,2,9,0,18,0,8,0,0,0,0,3,1,6,1,70,10,1761,1,18,-1,1,-1
2015440052240,1,9,0,9,0,8,0,0,0,0,1,1,6,2,81,11,1360,1,17,-1,1,-1
2015440052422,1,9,0,18,0,2,1,7,1,2,1,1,6,1,18,4,998,1,11,-1,1,-1
2015440052585,1,9,0,16,0,2,2,0,7,9,1,1,6,1,34,6,-1,-1,-1,-1,1,-1
2015440052803,1,9,0,7,0,8,0,0,0,0,0,1,6,3,-1,-1,-1,-1,-1,-1,-1,-1
2015440052803,2,1,0,18,0,8,0,0,0,0,0,1,6,1,69,10,-1,-1,-1,-1,3,-1
2015440052887,1,9,0,4,0,1,0,0,0,0,1,1,6,1,26,6,1229,1,10,-1,1,-1
2015440052887,2,9,0,3,0,1,0,0,0,0,2,1,6,1,57,9,1686,2,15,-1,1,-1
2015440053026,1,9,0,16,0,0,1,0,1,0,1,1,6,1,21,5,-1,-1,-1,-1,3,-1
2015440053026,2,9,0,17,0,0,0,0,0,0,3,1,6,1,48,8,-1,3,1,-1,3,-1
2015440053036,1,9,0,3,0,8,0,0,0,0,2,1,6,2,41,7,1399,1,6,-1,1,-1
2015440053036,2,9,0,3,0,8,0,0,0,0,2,1,6,2,56,9,-1,-1,-1,-1,1,-1
2015440053036,3,9,0,11,0,8,0,0,0,0,1,1,2,1,19,4,-1,-1,-1,-1,1,-1
2015440053094,1,11,0,3,0,8,0,0,0,0,0,1,1,3,-1,-1,9000,2,6,-1,-1,-1
2015440053101,1,9,0,1,0,8,0,0,0,0,2,1,6,2,30,6,1560,2,9,-1,1,-1
2015440053101,2,9,0,7,0,8,0,0,0,0,1,1,6,2,-1,-1,1968,2,6,-1,-1,-1
2015440053108,1,5,0,5,0,8,1,0,0,0,3,1,6,1,51,8,599,1,18,-1,1,-1
2015440053108,2,9,0,18,0,8,0,0,0,0,1,1,6,1,23,5,1299,1,12,-1,1,-1
2015440053274,1,9,0,18,0,0,5,0,6,1,4,1,6,2,28,6,1398,1,3,-1,1,-1
2015440053791,1,9,0,5,0,0,0,0,0,0,4,1,6,1,55,8,2143,2,1,-1,1,-1
2015440053791,2,1,0,18,0,0,0,0,0,0,4,1,6,1,18,4,-1,-1,-1,-1,1,-1
2015440053848,1,9,0,4,0,1,0,0,0,0,1,1,6,2,23,5,1364,1,8,-1,1,-1
2015440053848,2,9,0,18,0,1,0,0,0,0,2,1,6,2,27,6,1560,2,1,-1,1,-1
2015440053876,1,9,0,18,0,8,1,0,0,0,1,1,6,2,25,5,1896,2,16,-1,1,-1
2015440053876,2,9,0,3,0,8,0,0,1,0,2,1,6,1,45,7,-1,-1,-1,-1,1,-1
2015440053991,1,9,0,4,0,1,0,0,0,0,1,1,6,1,36,7,2324,1,12,-1,1,-1
2015440053991,2,1,0,18,0,1,0,0,0,0,3,1,6,1,76,11,-1,-1,-1,-1,1,-1
2015440054174,1,9,0,9,0,8,0,0,0,0,4,1,6,1,19,4,1598,1,13,-1,1,-1
2015440054174,2,19,0,18,0,8,0,0,0,0,3,1,6,1,49,8,2000,2,14,-1,1,-1