Accident_Index,Vehicle_Reference,Vehicle_Type,Towing_and_Articulation,Vehicle_Manoeuvre,Vehicle_Location-Restricted_Lane,Junction_Location,Skidding_and_Overturning,Hit_Object_in_Carriageway,Vehicle_Leaving_Carriageway,Hit_Object_off_Carriageway,1st_Point_of_Impact,Was_Vehicle_Left_Hand_Drive?,Journey_Purpose_of_Driver,Sex_of_Driver,Age_of_Driver,Age_Band_of_Driver,Engine_Capacity_(CC),Propulsion_Code,Age_of_Vehicle,Driver_IMD_Decile,Driver_Home_Area_Type,Vehicle_IMD_Decile
2015440101795,1,9,0,5,0,8,0,0,0,0,4,1,6,2,62,9,999,1,9,-1,3,-1
2015440101795,2,9,0,18,0,8,0,0,0,0,1,1,6,2,22,5,1422,2,8,-1,1,-1
2015440101935,1,9,0,18,0,2,0,0,0,0,1,1,6,1,32,6,1596,1,14,-1,-1,-1
2015440102000,1,21,0,18,0,0,0,0,0,0,1,1,6,1,53,8,12902,2,1,-1,1,-1
2015440102000,2,9,0,4,0,0,0,0,0,0,2,1,2,1,45,7,1600,1,13,-1,1,-1
2015440102000,3,9,0,18,0,0,0,0,0,0,2,1,2,1,39,7,1497,8,4,-1,2,-1
2015440102000,4,9,0,18,0,0,0,0,0,0,2,1,1,1,29,6,1598,1,10,-1,1,-1
2015440102000,5,9,0,18,0,0,0,0,0,0,2,1,6,1,63,9,1997,2,5,-1,1,-1
2015440102314,1,9,0,1,0,0,0,0,0,0,2,1,6,2,38,7,1560,2,10,-1,1,-1
2015440102362,1,9,0,7,0,6,0,0,0,0,1,1,6,3,-1,-1,-1,-1,-1,-1,-1,-1
2015440102362,2,1,0,18,0,8,0,0,0,0,3,1,6,1,26,6,-1,-1,-1,-1,-1,-1
2015440102393,1,9,0,16,0,0,0,0,0,0,1,1,6,2,91,11,1396,1,18,-1,3,-1
2015440102393,2,9,0,18,0,0,0,0,0,0,1,1,6,1,75,10,1598,1,2,-1,3,-1
2015440102483,1,9,0,9,0,6,0,0,0,0,3,1,6,1,74,10,1398,1,10,-1,1,-1
2015440102483,2,97,0,18,0,1,0,0,0,0,1,1,6,1,64,9,-1,-1,-1,-1,1,-1
2015440102542,1,9,0,18,0,8,0,0,0,0,4,1,2,2,39,7,1149,1,11,-1,1,-1
2015440102542,2,2,0,18,0,8,0,0,0,0,1,1,2,1,19,4,49,1,32,-1,1,-1
2015440102545,1,9,0,12,0,1,0,0,0,0,3,1,2,2,37,7,1461,2,5,-1,1,-1
2015440102545,2,3,0,4,0,1,1,0,0,0,4,1,2,1,25,5,124,1,12,-1,1,-1
2015440102565,1,9,0,4,0,1,0,0,0,0,2,1,6,1,47,8,2184,2,22,-1,1,-1
2015440102565,2,9,0,18,0,1,0,0,0,0,1,1,6,1,56,9,2993,2,6,-1,1,-1
2015440102565,3,9,0,18,0,1,0,0,0,0,1,1,2,2,58,9,1242,1,2,-1,1,-1
2015440102613,1,1,0,15,0,8,0,0,0,0,1,1,2,1,22,5,-1,-1,-1,-1,1,-1
2015440102613,2,9,0,7,0,8,0,0,0,0,4,1,6,2,-1,-1,1998,1,12,-1,1,-1
2015440102615,1,1,0,18,0,8,0,0,0,0,4,1,2,1,26,6,-1,-1,-1,-1,1,-1
2015440102615,2,9,0,7,0,8,0,0,0,0,3,1,2,2,27,6,1461,2,11,-1,1,-1
2015440102617,1,9,0,18,0,0,0,0,0,0,1,1,6,2,46,8,1329,1,3,-1,1,-1
2015440102810,1,9,0,18,0,0,1,0,1,4,3,1,2,1,50,8,-1,-1,-1,-1,1,-1
2015440103029,1,1,0,18,0,8,0,0,0,0,1,1,2,1,39,7,-1,-1,-1,-1,1,-1
2015440103029,2,9,0,18,0,8,0,0,0,0,3,1,2,1,61,9,1341,1,9,-1,1,-1
2015440103277,1,9,0,16,0,1,0,0,7,4,1,1,6,1,47,8,-1,-1,-1,-1,1,-1
2015440103285,1,2,0,9,0,8,0,0,0,0,4,1,6,1,19,4,124,1,15,-1,1,-1
2015440103285,2,9,0,7,0,4,0,0,0,0,1,1,2,1,30,6,1560,2,3,-1,1,-1
2015440103400,1,9,0,1,0,1,0,0,0,0,2,1,6,1,78,11,1599,1,10,-1,1,-1
2015440103400,2,9,0,2,0,1,0,0,0,0,2,1,6,1,28,6,1364,1,10,-1,1,-1
2015440103645,1,19,0,18,0,8,0,4,0,0,3,1,1,1,65,9,1753,2,7,-1,1,-1
2015440103645,2,9,0,18,0,8,0,0,1,11,1,1,6,1,29,6,-1,-1,-1,-1,1,-1
2015440103645,3,9,0,2,0,1,0,0,0,0,3,1,6,2,68,10,1591,1,1,-1,-1,-1
2015440103650,1,9,0,18,0,0,0,0,0,0,1,1,6,2,22,5,998,1,3,-1,1,-1
2015440103650,2,9,0,4,0,0,0,0,0,0,2,1,6,3,-1,-1,1398,1,15,-1,-1,-1
2015440103650,3,9,0,4,0,0,0,0,0,0,2,1,6,3,-1,-1,1248,2,1,-1,-1,-1
2015440103650,4,9,0,18,0,0,0,0,0,0,1,1,6,3,-1,-1,2497,2,10,-1,-1,-1
2015440103764,1,9,0,3,0,0,0,0,0,0,4,1,6,2,35,6,1368,1,8,-1,1,-1
2015440103764,2,1,0,15,0,0,0,0,0,0,1,1,6,1,15,3,-1,-1,-1,-1,1,-1
2015440103845,1,5,0,18,0,8,1,0,0,0,0,1,6,1,30,6,599,1,11,-1,1,-1
2015440103845,2,9,0,5,0,8,0,0,0,0,0,1,6,1,19,4,1984,1,13,-1,1,-1
2015440103886,1,9,0,18,0,1,1,0,0,0,1,1,2,1,50,8,1461,2,1,-1,1,-1
2015440103984,1,9,0,5,0,8,0,0,0,0,3,1,6,1,23,5,1390,1,10,-1,1,-1
2015440103984,2,1,0,18,0,8,0,0,0,0,1,1,6,1,17,4,-1,-1,-1,-1,1,-1
2015440104266,1,9,0,18,0,0,5,0,1,4,4,1,6,2,19,4,1299,1,10,-1,1,-1
2015440104439,1,9,0,18,0,2,0,4,0,0,1,1,6,1,21,5,-1,-1,-1,-1,-1,-1
2015440104439,2,9,0,2,0,2,0,0,0,0,2,1,6,2,61,9,-1,-1,-1,-1,-1,-1
2015440104439,3,9,0,2,0,2,0,0,0,0,2,1,6,1,38,7,2000,2,10,-1,-1,-1
2015440104439,4,9,0,2,0,2,0,0,0,0,2,1,6,2,61,9,1242,1,14,-1,-1,-1
2015440104439,5,19,0,2,0,2,0,0,0,0,2,1,6,1,42,7,2460,2,8,-1,-1,-1
2015440104513,1,9,0,18,0,0,0,0,0,0,1,1,6,2,25,5,1798,1,4,-1,1,-1
2015440104513,2,1,0,18,0,0,0,0,0,0,1,1,6,1,19,4,-1,-1,-1,-1,1,-1
2015440104838,1,19,0,14,0,0,0,0,0,0,1,1,6,1,48,8,1686,2,15,-1,1,-1
2015440104838,2,3,0,18,0,0,1,0,0,0,1,1,6,1,24,5,125,1,7,-1,1,-1
2015440104866,1,9,0,18,0,0,0,0,0,0,1,1,1,2,57,9,1349,1,5,-1,1,-1
2015440104866,2,9,0,18,0,0,0,0,0,0,1,1,6,1,40,7,1995,1,10,-1,1,-1
2015440104943,1,9,0,18,0,1,0,0,0,0,1,1,6,2,20,4,1349,1,-1,-1,1,-1
2015440104949,1,9,0,3,0,1,0,0,0,0,0,1,6,2,41,7,2993,2,5,-1,1,-1
2015440104949,2,9,0,9,0,6,0,0,0,0,3,1,6,1,69,10,1299,1,15,-1,1,-1
2015440104949,3,9,0,14,0,1,0,0,0,0,1,1,6,1,21,5,1794,1,15,-1,1,-1
2015440105219,1,9,0,18,0,1,0,0,0,0,1,1,6,1,64,9,1242,1,3,-1,1,-1
2015440105219,2,9,0,9,0,8,0,0,0,0,3,1,6,2,24,5,1951,2,12,-1,1,-1
2015440105521,1,9,0,7,9,8,0,0,0,0,1,1,6,1,73,10,2500,1,16,-1,1,-1
2015440105724,1,11,0,18,0,1,0,0,0,0,1,1,1,1,36,7,4461,2,2,-1,1,-1
2015440105724,2,9,0,3,0,1,0,0,0,0,2,1,6,1,35,6,1598,1,10,-1,1,-1
2015440105834,1,9,0,7,0,8,0,0,1,0,3,1,6,1,28,6,2616,1,12,-1,1,-1
2015440105834,2,9,0,18,0,1,0,0,0,0,1,1,6,1,19,4,1124,1,11,-1,1,-1
2015440106049,1,9,0,18,0,2,0,0,0,0,4,1,6,3,-1,-1,-1,-1,-1,-1,-1,-1
2015440106519,1,9,0,4,0,1,0,0,0,0,1,1,2,2,55,8,1956,2,5,-1,1,-1
2015440106519,2,1,0,18,0,1,0,0,0,0,3,1,2,1,11,3,-1,-1,-1,-1,1,-1
2015440106562,1,9,0,18,0,1,0,0,0,0,1,1,2,1,46,8,-1,-1,-1,-1,1,-1
2015440106562,2,20,0,9,0,8,0,0,0,0,3,1,1,1,53,8,12913,2,1,-1,1,-1
2015440106588,1,9,0,9,0,8,0,0,0,0,3,1,1,1,63,9,1997,2,1,-1,1,-1
2015440106588,2,9,0,18,0,8,0,0,0,0,1,1,6,1,56,9,-1,-1,-1,-1,1,-1
2015440106601,1,9,0,13,0,1,0,0,0,0,1,1,1,1,43,7,1997,2,3,-1,1,-1
2015440106601,2,9,0,9,0,1,0,0,0,0,3,1,1,2,29,6,1229,1,8,-1,1,-1
2015440106687,1,9,0,9,0,8,0,0,0,0,3,1,6,2,35,6,1461,2,2,-1,1,-1
2015440106694,1,9,0,3,0,0,0,0,0,0,2,1,6,1,64,9,2401,2,7,-1,1,-1
2015440106694,2,9,0,18,0,0,0,0,0,0,1,1,1,1,48,8,-1,-1,-1,-1,1,-1
2015440106699,1,9,0,5,0,8,0,0,0,0,1,1,2,2,-1,-1,1781,1,12,-1,-1,-1
2015440106856,1,9,0,10,0,8,0,0,0,0,2,1,6,2,70,10,1598,1,16,-1,2,-1
2015440106856,2,9,0,18,0,8,0,0,0,0,1,1,6,1,27,6,1896,2,5,-1,3,-1
2015440106878,1,19,0,4,0,8,0,0,0,0,3,1,6,1,29,6,1995,2,7,-1,1,-1
2015440106878,2,9,0,18,0,8,0,0,0,0,1,1,6,1,37,7,2720,2,10,-1,1,-1
2015440106954,1,9,0,18,0,0,0,0,0,0,1,1,6,3,-1,-1,-1,-1,-1,-1,-1,-1
2015440107020,1,9,0,12,0,0,0,0,0,0,0,1,6,1,-1,-1,-1,-1,-1,-1,-1,-1
2015440107020,2,5,0,18,0,0,0,0,0,0,1,1,2,1,35,6,124,1,1,-1,1,-1
2015440107153,1,9,0,2,0,1,0,0,0,0,3,1,6,1,33,6,1753,2,12,-1,1,-1
2015440107153,2,98,0,14,0,1,0,0,0,0,4,1,1,3,-1,-1,-1,-1,-1,-1,-1,-1
2015440107202,1,9,0,2,0,1,0,0,0,0,3,1,3,2,-1,-1,1390,1,12,-1,-1,-1
2015440107202,2,1,0,18,0,1,0,0,0,0,1,1,3,1,13,3,-1,-1,-1,-1,1,-1
2015440107308,1,9,0,18,0,2,0,0,0,0,1,1,6,2,31,6,1587,1,8,-1,1,-1
2015440107308,2,9,0,4,0,2,0,0,0,0,2,1,6,2,75,10,1360,1,10,-1,1,-1
2015440107308,3,9,0,4,0,2,0,0,0,0,2,1,6,1,47,8,1968,2,1,-1,1,-1
2015440107538,1,11,0,18,0,0,0,0,0,0,0,1,1,1,52,8,6370,2,8,-1,1,-1
2015440107539,1,9,0,9,0,8,0,0,0,0,4,1,6,1,18,4,1149,1,15,-1,1,-1
2015440107539,2,9,0,18,0,8,0,0,0,0,3,1,2,1,24,5,1896,2,5,-1,2,-1
2015440107592,1,9,0,18,0,8,0,0,3,0,1,1,2,2,24,5,1988,1,14,-1,1,-1
2015440107775,1,11,0,5,0,0,0,0,0,0,0,1,1,3,-1,-1,-1,-1,-1,-1,-1,-1
2015440108138,1,9,0,1,0,2,0,0,7,11,2,1,6,2,92,11,1117,1,25,-1,3,-1
2015440108530,1,8,0,1,0,0,0,0,0,0,2,1,6,1,-1,-1,-1,-1,-1,-1,-1,-1
2015440109030,1,9,0,18,0,0,0,0,0,0,2,1,2,1,68,10,-1,-1,-1,-1,1,-1
2015440109030,2,9,0,18,0,0,0,0,0,0,1,1,2,1,48,8,1749,1,12,-1,1,-1
2015440109030,3,19,0,18,0,0,0,0,0,0,3,1,1,1,30,6,1998,2,13,-1,1,-1
2015440109150,1,3,0,18,0,1,0,0,0,0,0,1,1,1,49,8,124,1,9,-1,1,-1
2015440109167,1,9,0,4,0,0,0,0,0,0,1,1,6,2,43,7,-1,-1,-1,-1,1,-1
2015440109167,2,9,0,4,0,0,0,0,0,0,2,1,1,1,52,8,2402,2,4,-1,1,-1
2015440109175,1,9,0,3,0,8,0,0,0,0,3,1,6,2,29,6,1798,1,9,-1,1,-1
2015440109175,2,21,1,7,0,8,0,0,0,0,3,1,1,1,56,9,12777,2,4,-1,-1,-1
2015440109281,1,9,0,18,0,0,0,0,0,0,1,1,6,1,83,11,1598,1,8,-1,3,-1
2015440109281,2,9,0,4,0,0,0,0,0,0,2,1,6,2,49,8,2993,2,6,-1,2,-1
2015440109282,1,1,0,18,0,0,1,0,1,0,1,1,6,1,61,9,-1,-1,-1,-1,1,-1
2015440109282,2,9,0,3,0,0,0,0,0,0,2,1,6,2,81,11,1769,1,13,-1,1,-1
2015440109418,1,9,0,18,0,8,0,0,1,0,1,1,6,1,59,9,1968,2,1,-1,3,-1
2015440109418,2,9,0,10,0,8,0,0,0,0,2,1,6,1,67,10,-1,-1,-1,-1,3,-1
2015440109441,1,9,0,5,0,8,0,0,0,0,1,1,3,2,45,7,1400,2,11,-1,1,-1
2015440109441,2,1,0,17,0,8,0,0,0,0,4,1,6,2,53,8,-1,-1,-1,-1,3,-1
2015440109525,1,97,0,9,0,8,0,0,0,0,3,1,2,1,27,6,124,1,10,-1,1,-1
2015440109525,2,9,0,18,0,8,0,0,0,0,1,1,2,2,28,6,1149,1,8,-1,1,-1
2015440109767,1,9,0,1,0,8,0,0,0,0,2,1,6,1,51,8,1398,2,12,-1,1,-1
2015440109793,1,9,0,18,0,0,0,0,1,4,1,1,6,1,52,8,1956,2,2,-1,1,-1
2015440109820,1,90,0,5,0,8,0,0,0,0,1,1,1,3,-1,-1,12913,2,8,-1,-1,-1
2015440109820,2,1,0,18,5,8,0,0,0,0,3,1,6,1,62,9,-1,-1,-1,-1,1,-1
2015440109847,1,9,0,9,0,8,0,0,0,0,1,1,6,1,65,9,2982,2,18,-1,3,-1
2015440109847,2,9,0,18,0,8,0,0,0,0,1,1,2,1,27,6,1984,1,18,-1,1,-1
2015440109847,3,9,0,3,0,8,0,0,0,0,1,1,6,1,45,7,1598,1,2,-1,3,-1
2015440110096,1,19,0,9,0,8,0,0,0,0,4,1,1,1,20,4,2143,2,5,-1,1,-1
2015440110096,2,9,0,18,0,8,0,0,0,0,1,1,6,1,22,5,1597,1,24,-1,1,-1
2015440110206,1,9,0,9,0,4,0,0,0,0,3,1,6,1,20,4,1388,1,11,-1,1,-1
2015440110206,2,9,0,18,0,8,0,0,0,0,1,1,6,2,22,5,1781,1,15,-1,1,-1
2015440110249,1,9,0,18,0,0,0,0,0,0,4,1,6,3,-1,-1,-1,-1,-1,-1,-1,-1
2015440110411,1,19,0,9,0,8,0,0,0,0,3,1,1,1,48,8,2835,2,10,-1,1,-1
2015440110411,2,3,0,13,0,8,0,0,0,0,1,1,6,1,39,7,124,1,5,-1,1,-1
2015440110412,1,9,0,3,0,0,0,0,0,0,2,1,2,1,25,5,1598,1,9,-1,1,-1
2015440110412,2,9,0,3,0,0,0,0,0,0,2,1,2,1,31,6,1587,1,13,-1,1,-1
2015440110412,3,9,0,4,0,0,0,0,0,0,1,1,3,2,36,7,1598,1,17,-1,1,-1
2015440110459,1,9,0,3,0,0,0,0,0,0,2,1,6,1,44,7,1598,2,2,-1,1,-1
2015440110459,2,3,0,4,0,0,0,0,0,0,1,1,6,2,24,5,124,1,1,-1,1,-1
2015440110507,1,19,0,18,0,0,0,0,0,0,1,1,6,1,-1,-1,1248,2,4,-1,-1,-1
2015440110507,2,9,0,2,0,0,0,0,0,0,3,1,6,3,-1,-1,1598,1,15,-1,-1,-1
2015440110602,1,9,0,18,0,0,5,0,1,9,1,1,6,1,61,9,2497,2,9,-1,-1,-1
2015440110604,1,9,0,18,0,0,0,0,0,0,1,1,6,1,-1,-1,1360,1,9,-1,-1,-1
2015440110604,2,9,0,2,0,0,0,0,0,0,3,1,6,3,-1,-1,-1,-1,-1,-1,-1,-1
2015440110640,1,9,0,18,0,1,0,0,0,0,4,1,6,3,-1,-1,1995,2,3,-1,-1,-1
2015440110696,1,3,0,3,0,8,0,0,0,0,2,1,2,2,24,5,125,1,7,-1,1,-1
2015440110696,2,9,0,4,0,8,0,0,0,0,1,1,6,3,-1,-1,-1,-1,-1,-1,-1,-1
2015440110983,1,8,0,18,0,1,0,0,0,0,3,1,1,3,-1,-1,-1,-1,-1,-1,-1,-1
2015440111143,1,9,0,1,0,0,0,0,0,0,2,1,6,1,31,6,1910,2,7,-1,1,-1
2015440111345,1,9,0,9,0,8,0,0,0,0,3,1,6,2,50,8,1560,2,-1,-1,1,-1
2015440111369,1,9,0,17,0,0,0,0,0,0,1,1,6,3,-1,-1,-1,-1,-1,-1,-1,-1
2015440111450,1,21,1,17,0,8,5,0,1,7,4,1,1,1,61,9,12900,2,3,-1,1,-1
2015440111545,1,9,0,18,0,8,0,0,0,0,1,1,6,2,65,9,998,1,6,-1,-1,-1
2015440111702,1,9,0,17,0,8,0,0,1,1,1,1,6,1,80,11,1599,1,11,-1,1,-1
2015440111743,1,9,0,18,0,0,0,0,0,0,1,1,6,1,22,5,1596,1,16,-1,1,-1
2015440111743,2,9,0,2,0,0,0,0,0,0,3,1,6,1,67,10,2191,2,2,-1,-1,-1
2015440111743,3,9,0,2,0,0,0,0,0,0,3,1,6,1,45,7,1968,2,11,-1,-1,-1
2015440111743,4,9,0,2,0,0,0,0,0,0,4,1,6,1,30,6,2488,2,10,-1,-1,-1
2015440111743,5,9,0,2,0,0,0,0,0,0,3,1,6,3,-1,-1,1598,2,3,-1,-1,-1
2015440111743,6,9,0,2,0,0,0,0,0,0,4,1,6,3,-1,-1,-1,-1,-1,-1,-1,-1
2015440111753,1,5,0,18,0,0,0,0,0,0,1,1,2,1,52,8,1050,1,6,-1,2,-1
2015440111831,1,1,0,14,0,0,0,0,0,0,4,1,6,1,63,9,-1,-1,-1,-1,1,-1
2015440111831,2,19,0,2,0,0,0,0,0,0,3,1,6,1,-1,-1,-1,-1,-1,-1,-1,-1
2015440111869,1,9,0,9,0,8,0,0,0,0,3,1,6,1,52,8,-1,-1,-1,-1,1,-1
2015440111869,2,9,0,18,0,8,0,0,0,0,1,1,6,1,45,7,1753,2,16,-1,3,-1
2015440111937,1,9,0,3,0,0,0,0,0,0,2,1,6,1,37,7,1598,1,9,-1,1,-1
2015440111937,2,9,0,3,0,0,0,0,0,0,2,1,6,1,28,6,-1,-1,-1,-1,1,-1
2015440111937,3,9,0,3,0,0,0,0,0,0,2,1,6,1,31,6,1590,1,3,-1,-1,-1
2015440111937,4,10,0,4,0,0,0,0,0,0,1,1,1,1,29,6,2198,2,3,-1,1,-1
2015440111984,1,9,0,12,0,2,0,0,0,0,3,1,6,2,30,6,875,1,2,-1,1,-1
2015440111984,2,9,0,18,0,2,0,0,0,0,4,1,6,2,24,5,1896,2,13,-1,1,-1
2015440112319,1,1,0,18,0,0,0,0,0,0,1,1,6,1,20,4,-1,-1,-1,-1,1,-1
2015440112319,2,9,0,18,0,0,0,0,0,0,1,1,1,1,44,7,2231,2,9,-1,1,-1
2015440112396,1,9,0,18,0,8,0,0,0,0,1,1,6,2,33,6,1248,2,8,-1,1,-1
2015440112396,2,9,0,9,0,8,0,0,0,0,3,1,6,1,34,6,1984,7,14,-1,1,-1
2015440112424,1,9,0,18,0,0,0,0,0,0,1,1,6,1,46,8,1362,1,1,-1,1,-1
2015440112424,2,9,0,18,0,0,0,0,0,0,2,1,6,1,35,6,1896,2,14,-1,1,-1
2015440112687,1,9,0,18,0,0,2,0,0,0,4,1,6,1,22,5,-1,-1,-1,-1,1,-1
2015440112893,1,9,0,18,0,0,0,0,0,0,4,1,6,3,-1,-1,-1,-1,-1,-1,-1,-1
2015440113098,1,9,0,4,0,0,0,0,0,0,2,1,6,2,30,6,1796,1,16,-1,1,-1
2015440113098,2,9,0,4,0,0,0,0,0,0,1,1,6,1,-1,-1,1781,1,18,-1,-1,-1
2015440113139,1,9,0,6,0,8,0,0,0,0,4,1,6,1,32,6,-1,-1,-1,-1,1,-1
2015440113139,2,11,0,18,0,8,0,0,0,0,1,1,1,1,22,5,4250,2,9,-1,1,-1
2015440113251,1,5,0,4,0,1,0,0,0,0,1,1,6,1,53,8,-1,-1,-1,-1,3,-1
2015440113251,2,9,0,3,0,8,0,0,0,0,2,1,6,1,53,8,1781,1,14,-1,1,-1
2015440113375,1,9,0,9,0,5,0,0,0,0,1,1,6,1,62,9,1997,2,1,-1,1,-1
2015440113375,2,9,0,18,0,1,1,0,0,0,3,1,6,1,19,4,1796,1,12,-1,1,-1
2015440113393,1,9,0,3,0,0,0,0,0,0,2,1,2,2,25,5,1299,1,15,-1,1,-1
2015440113393,2,9,0,18,0,0,0,0,0,0,1,1,6,1,33,6,2148,2,12,-1,1,-1
2015440113456,1,9,0,18,0,1,0,0,0,0,4,1,6,2,37,7,1968,2,5,-1,1,-1
2015440113457,1,9,0,9,0,2,0,0,0,0,3,1,6,1,53,8,2183,2,4,-1,1,-1
2015440113612,1,9,0,18,0,6,0,0,0,0,3,1,6,2,50,8,1598,2,4,-1,1,-1
2015440113951,1,5,0,17,0,8,1,0,0,0,3,1,6,1,40,7,1157,1,14,-1,-1,-1
2015440114040,1,11,0,4,0,0,0,4,0,0,4,1,1,1,20,4,9000,2,11,-1,1,-1
2015440114040,2,9,0,2,0,0,0,0,0,0,3,1,6,3,-1,-1,1240,1,6,-1,-1,-1
2015440114079,1,9,0,9,0,8,0,0,0,0,4,1,6,2,30,6,2179,2,4,-1,1,-1
2015440114079,2,5,0,18,0,1,1,0,0,0,1,1,6,1,67,10,955,1,11,-1,3,-1
2015440114102,1,9,0,11,0,0,0,0,0,0,0,1,6,3,-1,-1,-1,-1,-1,-1,-1,-1
2015440114102,2,9,0,4,0,0,0,0,0,0,1,1,6,2,62,9,-1,-1,-1,-1,1,-1
2015440114118,1,19,0,18,0,0,0,0,0,0,1,1,6,1,31,6,2143,2,5,-1,1,-1
2015440114118,2,9,0,4,0,0,0,0,0,0,2,1,6,1,56,9,1956,2,3,-1,1,-1
2015440114118,3,9,0,4,0,0,0,0,0,0,2,1,6,1,32,6,1798,8,2,-1,1,-1
2015440114118,4,9,0,4,0,0,0,0,0,0,2,1,6,1,46,8,1997,2,1,-1,1,-1
2015440114130,1,9,0,18,0,1,0,0,0,0,4,1,6,2,47,8,1364,1,6,-1,1,-1
2015440114130,2,9,0,9,0,8,0,0,0,0,1,1,6,1,-1,-1,999,1,-1,-1,-1,-1
2015440114158,1,9,0,7,0,8,0,0,0,0,2,1,6,1,65,9,1400,1,9,-1,3,-1
2015440114158,2,90,0,18,0,1,0,0,0,0,4,1,6,1,50,8,1971,1,25,-1,1,-1
2015440114195,1,9,0,18,0,0,0,0,5,6,3,1,6,1,27,6,1791,8,4,-1,3,-1
2015440114421,1,9,0,18,0,0,0,0,1,11,1,1,1,1,31,6,1560,2,2,-1,1,-1
2015440114620,1,9,0,11,0,0,0,0,1,0,4,1,6,1,20,4,-1,-1,-1,-1,1,-1
2015440114953,1,9,0,18,0,1,0,0,0,0,1,1,6,1,46,8,1560,2,4,-1,1,-1
2015440114953,2,9,0,3,0,1,0,0,0,0,2,1,6,1,28,6,1896,2,6,-1,-1,-1
2015440114953,3,9,0,3,0,1,0,0,0,0,2,1,6,1,42,7,1598,2,2,-1,3,-1
2015440115019,1,5,0,18,0,0,0,0,0,0,1,1,6,1,42,7,998,1,7,-1,1,-1
2015440115055,1,9,0,18,0,1,0,0,0,0,3,1,6,1,27,6,1596,1,10,-1,2,-1
2015440115055,2,1,0,18,0,8,0,0,0,0,1,1,6,1,8,2,-1,-1,-1,-1,3,-1
2015440115077,1,9,0,18,0,1,0,0,0,0,1,1,6,1,21,5,1242,1,18,-1,1,-1
2015440115077,2,9,0,3,0,1,0,0,0,0,2,1,6,2,43,7,-1,-1,-1,-1,-1,-1
2015440115077,3,9,0,3,0,1,0,0,0,0,2,1,6,1,37,7,1896,2,10,-1,1,-1
2015440115090,1,2,0,18,0,1,0,0,0,0,1,1,6,1,53,8,124,1,13,-1,1,-1
2015440115090,2,9,0,4,0,1,0,0,0,0,2,1,6,3,-1,-1,-1,-1,-1,-1,-1,-1
2015440115097,1,1,0,16,0,8,1,0,0,0,3,1,6,1,53,8,-1,-1,-1,-1,3,-1
2015440115106,1,9,0,9,0,8,0,0,0,0,3,1,6,1,54,8,1598,1,8,-1,1,-1
2015440115106,2,9,0,18,0,1,0,0,0,0,1,1,6,1,66,10,1995,2,12,-1,1,-1
2015440115112,1,9,0,18,0,8,0,0,0,0,4,1,1,1,45,7,1685,2,2,-1,1,-1
2015440115112,2,9,0,9,0,8,0,0,0,0,1,1,1,1,-1,-1,2497,1,9,-1,-1,-1
2015440115600,1,19,0,18,0,0,0,0,0,0,1,1,1,1,29,6,1686,2,3,-1,1,-1
2015440115600,2,9,0,2,0,0,0,0,0,0,2,1,6,3,-1,-1,-1,-1,-1,-1,-1,-1
2015440115689,1,9,0,4,0,1,0,0,0,0,2,1,6,2,28,6,998,1,4,-1,1,-1
2015440115689,2,9,0,18,0,1,0,0,0,0,1,1,6,3,-1,-1,-1,-1,-1,-1,-1,-1
2015440115874,1,9,0,18,0,4,0,0,0,0,1,1,6,1,72,10,2495,2,11,-1,2,-1
2015440115874,2,1,0,18,0,8,0,0,0,0,4,1,6,1,31,6,-1,-1,-1,-1,1,-1
2015440116031,1,5,0,9,0,8,0,0,0,0,1,1,6,1,79,11,745,1,16,-1,1,-1
2015440116031,2,9,0,18,0,8,0,0,0,0,1,1,6,1,82,11,1796,1,7,-1,1,-1
2015440116337,1,3,0,17,0,1,1,0,0,0,1,1,6,2,31,6,124,1,15,-1,1,-1
2015440116337,2,19,0,2,0,8,0,0,0,0,2,1,6,3,-1,-1,2198,2,1,-1,-1,-1
2015440116422,1,9,0,4,0,8,0,0,0,0,2,1,6,2,38,7,1799,1,9,-1,1,-1
2015440116422,2,9,0,18,0,8,0,0,0,0,1,1,6,1,67,10,-1,-1,-1,-1,1,-1
2015440116449,1,9,0,18,0,1,0,0,0,0,1,1,6,1,64,9,-1,-1,-1,-1,1,-1
2015440116560,1,9,0,18,0,0,0,0,0,0,4,1,6,3,-1,-1,-1,-1,-1,-1,-1,-1
2015440116560,2,1,0,18,0,0,0,0,0,0,3,1,6,1,14,3,-1,-1,-1,-1,1,-1
2015440116595,1,9,0,1,9,2,0,0,0,0,2,1,6,1,-1,-1,-1,-1,-1,-1,-1,-1
2015440117016,1,9,0,16,0,0,1,10,7,7,3,1,1,2,35,6,-1,-1,-1,-1,1,-1
2015440117299,1,9,0,3,0,1,0,0,0,0,2,1,6,1,33,6,1339,1,3,-1,3,-1
2015440117299,2,20,0,18,0,1,0,0,0,0,1,1,1,1,-1,-1,2143,2,3,-1,-1,-1
2015440117333,1,9,0,3,0,1,0,0,0,0,2,1,3,1,49,8,2959,2,12,-1,1,-1
2015440117333,2,19,0,4,0,1,0,0,0,0,1,1,1,1,42,7,-1,-1,-1,-1,1,-1
2015440117553,1,9,0,18,0,0,0,0,0,0,1,1,6,1,50,8,1686,2,10,-1,1,-1
2015440117553,2,1,0,18,0,0,0,0,0,0,4,1,6,1,15,3,-1,-1,-1,-1,1,-1