Accident_Index,Vehicle_Reference,Vehicle_Type,Towing_and_Articulation,Vehicle_Manoeuvre,Vehicle_Location-Restricted_Lane,Junction_Location,Skidding_and_Overturning,Hit_Object_in_Carriageway,Vehicle_Leaving_Carriageway,Hit_Object_off_Carriageway,1st_Point_of_Impact,Was_Vehicle_Left_Hand_Drive?,Journey_Purpose_of_Driver,Sex_of_Driver,Age_of_Driver,Age_Band_of_Driver,Engine_Capacity_(CC),Propulsion_Code,Age_of_Vehicle,Driver_IMD_Decile,Driver_Home_Area_Type,Vehicle_IMD_Decile
2015440133338,1,9,0,9,0,8,0,0,0,0,1,1,3,2,21,5,2000,2,6,-1,1,-1
2015440133338,2,5,0,18,0,8,0,0,1,10,3,1,6,1,46,8,998,1,29,-1,1,-1
2015440133435,1,9,0,3,0,1,0,0,0,0,1,1,2,1,37,7,1968,2,1,-1,1,-1
2015440133435,2,9,0,18,0,1,0,0,0,0,1,1,6,2,41,7,1398,1,11,-1,1,-1
2015440133447,1,19,0,5,0,0,0,0,0,0,4,1,1,1,34,6,2402,2,8,-1,3,-1
2015440133553,1,9,0,4,0,1,0,0,0,0,2,1,6,1,50,8,1956,2,1,-1,1,-1
2015440133553,2,5,0,4,0,1,1,0,0,0,1,1,6,1,50,8,849,1,19,-1,1,-1
2015440133656,1,11,0,5,0,0,0,0,0,0,0,1,1,3,-1,-1,-1,-1,-1,-1,-1,-1
2015440133680,1,9,0,4,0,0,0,0,0,0,2,1,6,2,34,6,1598,1,7,-1,2,-1
2015440133680,2,21,0,18,0,0,0,0,0,0,1,1,1,1,54,8,8867,2,7,-1,2,-1
2015440133680,3,9,0,18,0,0,0,0,0,0,4,1,6,2,47,8,1596,1,11,-1,1,-1
2015440133689,1,19,0,4,0,0,0,0,0,0,2,1,1,1,23,5,1753,2,12,-1,1,-1
2015440133689,2,9,0,4,0,0,0,0,0,0,1,1,2,1,-1,-1,1999,1,7,-1,1,-1
2015440133780,1,9,0,13,0,0,0,0,0,0,4,1,6,1,33,6,1560,2,7,-1,1,-1
2015440133780,2,9,0,13,0,0,0,0,0,0,3,1,6,1,45,7,1598,1,12,-1,1,-1
2015440133808,1,9,0,4,0,1,0,0,0,0,2,1,2,2,45,7,1998,1,13,-1,1,-1
2015440133808,2,9,0,4,0,1,0,0,0,0,1,1,2,3,-1,-1,1598,2,3,-1,-1,-1
2015440133946,1,9,0,4,0,0,0,0,0,0,2,1,2,2,43,7,1995,2,3,-1,1,-1
2015440133946,2,9,0,4,0,0,0,0,0,0,2,1,2,1,35,6,1596,1,9,-1,3,-1
2015440133946,3,9,0,4,0,0,0,0,0,0,1,1,2,1,45,7,1998,1,12,-1,1,-1
2015440133947,1,9,0,5,0,1,0,0,0,0,1,1,6,1,33,6,1910,2,10,-1,1,-1
2015440133947,2,9,0,8,0,1,0,0,0,0,2,1,6,2,25,5,2198,1,10,-1,1,-1
2015440134442,1,9,0,7,0,8,0,0,0,0,1,1,2,1,60,9,1968,2,1,-1,1,-1
2015440134442,2,1,0,18,0,8,0,0,0,0,4,1,2,1,32,6,-1,-1,-1,-1,1,-1
2015440134453,1,9,0,9,0,8,0,0,0,0,1,1,2,2,43,7,1686,2,13,-1,1,-1
2015440134453,2,9,0,18,0,8,0,0,0,0,1,1,2,1,51,8,1749,1,12,-1,1,-1
2015440134531,1,9,0,13,0,0,0,0,0,0,4,1,6,3,-1,-1,-1,-1,-1,-1,-1,-1
2015440134531,2,1,0,18,0,0,0,0,0,0,3,1,6,1,25,5,-1,-1,-1,-1,1,-1
2015440134723,1,9,0,9,0,8,0,0,0,0,4,1,6,2,40,7,1396,1,14,-1,3,-1
2015440134723,2,9,0,18,0,8,0,0,0,0,1,1,2,2,37,7,1598,1,3,-1,2,-1
2015440134741,1,9,0,18,0,1,0,0,0,0,1,1,1,1,65,9,-1,-1,-1,-1,1,-1
2015440134741,2,19,0,10,0,1,0,0,0,0,2,1,1,1,59,9,2488,2,2,-1,3,-1
2015440134934,1,11,0,4,0,1,0,0,0,0,0,1,1,3,-1,-1,7300,2,3,-1,-1,-1
2015440135241,1,9,0,9,0,6,0,0,0,0,3,1,6,1,77,11,1149,1,8,-1,1,-1
2015440135241,2,9,0,18,0,1,0,0,0,0,1,1,6,2,22,5,1595,1,16,-1,3,-1
2015440135302,1,9,0,14,0,0,0,0,0,0,1,1,6,2,50,8,1796,1,8,-1,1,-1
2015440135302,2,11,0,3,0,0,0,0,0,0,0,1,1,1,27,6,-1,-1,-1,-1,-1,-1
2015440135336,1,1,0,18,0,8,0,0,0,0,4,1,2,1,48,8,-1,-1,-1,-1,1,-1
2015440135336,2,9,0,5,0,8,0,0,0,0,1,1,6,1,-1,-1,1360,1,16,-1,-1,-1
2015440135362,1,9,0,2,0,1,0,0,0,0,3,1,6,1,50,8,1995,2,5,-1,1,-1
2015440135362,2,1,0,14,0,1,0,0,0,0,1,1,6,1,24,5,-1,-1,-1,-1,1,-1
2015440135375,1,9,0,16,0,8,0,0,0,0,0,1,6,3,-1,-1,-1,-1,-1,-1,-1,-1
2015440135392,1,9,0,4,0,1,0,0,0,0,2,1,6,2,22,5,1199,1,12,-1,1,-1
2015440135392,2,90,0,4,0,1,0,0,0,0,1,1,1,1,45,7,6693,2,2,-1,1,-1
2015440135438,1,9,0,9,0,8,0,0,0,0,1,1,6,2,77,11,1910,2,7,-1,1,-1
2015440135438,2,1,0,18,0,8,0,0,0,0,1,1,6,1,30,6,-1,-1,-1,-1,1,-1
2015440135451,1,9,0,18,0,8,0,0,0,0,1,1,6,1,87,11,995,1,10,-1,1,-1
2015440135451,2,9,0,9,0,8,0,0,0,0,3,1,6,1,28,6,1796,1,8,-1,1,-1
2015440135461,1,9,0,18,0,1,0,0,0,0,1,1,6,3,-1,-1,-1,-1,-1,-1,-1,-1
2015440135461,2,9,0,3,0,1,0,0,0,0,2,1,6,2,77,11,1299,1,11,-1,1,-1
2015440135461,3,9,0,3,0,1,0,0,0,0,2,1,6,3,-1,-1,-1,-1,-1,-1,-1,-1
2015440135558,1,9,0,4,0,0,0,0,0,0,2,1,2,2,34,6,1390,1,9,-1,1,-1
2015440135558,2,9,0,4,0,0,0,0,0,0,1,1,2,3,-1,-1,1796,1,12,-1,-1,-1
2015440135599,1,9,0,9,0,8,0,0,0,0,4,1,6,1,21,5,1781,1,12,-1,1,-1
2015440135599,2,3,0,18,0,8,0,0,0,0,1,1,6,1,44,7,125,1,10,-1,1,-1
2015440135720,1,5,0,18,0,0,0,0,0,0,1,1,6,1,21,5,599,1,13,-1,1,-1
2015440135720,2,9,0,16,0,0,1,0,0,0,1,1,6,3,-1,-1,-1,-1,-1,-1,-1,-1
2015440135864,1,1,0,12,0,0,0,0,0,0,3,1,2,1,17,4,-1,-1,-1,-1,1,-1
2015440135864,2,11,0,18,0,0,0,0,0,0,4,1,1,1,32,6,4461,2,2,-1,1,-1
2015440135878,1,19,0,4,0,0,0,0,0,0,1,1,2,1,32,6,1399,2,4,-1,1,-1
2015440135878,2,9,0,4,0,0,0,0,0,0,2,1,2,1,31,6,1984,1,8,-1,2,-1
2015440135878,3,9,0,4,0,0,0,0,0,0,2,1,2,1,28,6,1560,2,4,-1,1,-1
2015440135878,4,9,0,4,0,0,0,0,0,0,3,1,2,2,52,8,1198,1,3,-1,1,-1
2015440135967,1,9,0,18,0,0,0,0,0,0,4,1,6,3,-1,-1,1997,2,12,-1,-1,-1
2015440135969,1,9,0,9,0,8,0,0,0,0,3,1,1,2,48,8,1992,2,9,-1,1,-1
2015440135969,2,5,0,13,0,8,0,0,0,0,1,1,1,1,46,8,1188,1,28,-1,2,-1
2015440135973,1,11,0,5,0,8,0,0,0,0,4,1,1,1,67,10,5900,2,17,-1,1,-1
2015440136009,1,11,0,18,0,0,0,0,0,0,3,1,1,2,48,8,7300,2,6,-1,1,-1
2015440136203,1,9,0,6,0,1,0,0,0,0,3,1,1,1,47,8,1598,2,5,-1,1,-1
2015440136203,2,9,0,18,0,1,0,0,0,0,1,1,6,2,66,10,1997,1,13,-1,1,-1
2015440136338,1,9,0,7,0,8,0,0,0,0,0,1,6,3,-1,-1,1795,1,17,-1,-1,-1
2015440136338,2,1,0,18,0,1,0,0,0,0,0,1,6,1,54,8,-1,-1,-1,-1,1,-1
2015440136569,1,9,0,13,0,0,0,0,0,0,4,1,6,2,42,7,1994,1,10,-1,3,-1
2015440136569,2,9,0,13,0,0,0,0,0,0,3,1,6,3,-1,-1,-1,-1,-1,-1,-1,-1
2015440136668,1,9,0,18,0,0,0,0,0,0,3,1,2,1,41,7,1596,1,7,-1,1,-1
2015440136784,1,9,0,18,0,0,0,0,0,0,1,1,6,2,53,8,2967,2,8,-1,1,-1
2015440136784,2,9,0,4,0,0,0,0,0,0,2,1,2,2,31,6,2477,2,10,-1,1,-1
2015440136858,1,5,0,18,0,8,1,0,0,0,3,1,2,1,47,8,1157,1,18,-1,1,-1
2015440136858,2,19,0,5,0,8,0,0,0,0,1,1,2,1,25,5,-1,-1,-1,-1,1,-1
2015440136919,1,9,0,7,0,6,0,0,0,0,1,1,6,3,-1,-1,1997,1,9,-1,-1,-1
2015440136919,2,1,0,18,0,8,0,0,0,0,3,1,6,1,39,7,-1,-1,-1,-1,1,-1
2015440136932,1,9,0,18,0,1,0,0,0,0,1,1,6,2,31,6,1461,2,5,-1,1,-1
2015440136932,2,19,0,3,0,1,0,0,0,0,2,1,2,1,36,7,1998,2,11,-1,1,-1
2015440136932,3,9,0,10,0,1,0,0,0,0,2,1,6,2,31,6,1149,1,3,-1,1,-1
2015440137282,1,9,0,16,0,8,2,10,0,0,4,1,6,1,23,5,1242,1,14,-1,1,-1
2015440137375,1,9,0,9,0,8,0,0,0,0,1,1,2,1,21,5,1398,1,-1,-1,2,-1
2015440137375,2,5,0,18,0,8,1,0,0,0,4,1,2,1,51,8,1052,1,15,-1,1,-1
2015440137519,1,9,0,12,0,0,0,0,0,0,3,1,6,1,69,10,1299,1,9,-1,2,-1
2015440137519,2,9,0,18,0,0,0,0,0,0,4,1,6,1,63,9,1461,2,8,-1,1,-1
2015440137519,3,9,0,18,0,0,0,0,0,0,3,1,2,2,31,6,1999,1,12,-1,1,-1
2015440137519,4,9,0,18,0,0,0,0,0,0,3,1,2,2,21,5,1360,1,13,-1,1,-1
2015440137573,1,19,0,9,0,8,0,0,0,0,1,1,1,1,54,8,2198,2,1,-1,1,-1
2015440137573,2,9,0,18,0,8,0,0,0,0,1,1,6,1,64,9,1896,2,13,-1,1,-1
2015440137729,1,9,0,17,0,0,0,0,0,0,1,1,6,2,36,7,1124,1,15,-1,1,-1
2015440137729,2,9,0,16,0,0,0,0,0,0,1,1,6,1,65,9,1149,1,1,-1,3,-1
2015440137753,1,9,0,18,0,8,0,0,0,0,4,1,6,1,22,5,1198,1,2,-1,1,-1
2015440137753,2,9,0,5,0,8,0,0,0,0,1,1,6,2,77,11,1248,1,5,-1,1,-1
2015440137763,1,2,0,18,0,8,0,0,0,0,4,1,6,2,17,4,49,1,2,-1,1,-1
2015440137763,2,9,0,9,0,8,0,0,0,0,1,1,6,1,47,8,999,1,1,-1,3,-1
2015440137923,1,9,0,8,0,8,0,0,1,0,2,1,6,1,68,10,1248,1,5,-1,1,-1
2015440137923,2,9,0,18,0,8,0,0,7,0,1,1,6,2,23,5,1598,1,14,-1,1,-1
2015440137929,1,19,0,12,0,8,0,0,0,0,0,1,1,1,49,8,2148,2,7,-1,1,-1
2015440137929,2,5,0,18,0,8,1,0,4,6,3,1,2,1,40,7,996,1,11,-1,1,-1
2015440138027,1,9,0,13,0,8,1,0,0,0,4,1,1,1,52,8,-1,-1,-1,-1,1,-1
2015440138027,2,9,0,9,0,8,0,0,7,1,3,1,6,2,65,9,1598,1,13,-1,1,-1
2015440138105,1,19,0,18,0,0,0,0,0,0,1,1,6,1,73,10,1248,2,10,-1,3,-1
2015440138105,2,9,0,3,0,0,0,0,0,0,2,1,6,2,39,7,1388,1,13,-1,2,-1
2015440138216,1,9,0,4,0,2,0,0,0,0,2,1,2,1,56,9,1061,1,10,-1,1,-1
2015440138216,2,9,0,7,0,2,0,0,0,0,1,1,2,1,42,7,1997,2,14,-1,1,-1
2015440138250,1,9,0,18,0,8,0,0,4,6,2,1,1,2,21,5,-1,-1,-1,-1,1,-1
2015440138250,2,9,0,18,0,8,0,0,0,0,1,1,2,2,43,7,1398,1,-1,-1,1,-1
2015440138268,1,9,0,9,0,8,0,0,0,0,4,1,2,2,25,5,1997,1,14,-1,3,-1
2015440138268,2,9,0,18,0,8,0,0,0,0,1,1,2,1,41,7,1686,2,7,-1,1,-1
2015440138268,3,9,0,8,0,1,0,0,0,0,1,1,6,1,57,9,1240,1,8,-1,3,-1
2015440138459,1,5,0,18,0,0,1,0,0,0,1,1,6,1,19,4,649,1,1,-1,1,-1
2015440138459,2,9,0,5,0,0,0,0,0,0,2,1,6,1,38,7,1997,2,12,-1,1,-1
2015440138459,3,8,0,18,0,0,0,0,0,0,1,1,1,1,33,6,1560,2,2,-1,-1,-1
2015440138560,1,9,0,18,0,8,0,0,0,0,1,1,6,1,40,7,1997,2,1,-1,1,-1
2015440138560,2,9,0,9,0,8,0,0,0,0,4,1,6,1,80,11,1598,1,11,-1,1,-1
2015440138598,1,9,0,18,0,0,1,0,1,11,2,1,6,1,19,4,1242,1,15,-1,1,-1
2015440138856,1,9,0,18,0,0,0,0,0,0,1,1,6,1,51,8,1998,1,14,-1,1,-1
2015440138856,2,9,0,3,0,0,0,0,0,0,2,1,6,2,23,5,1796,1,9,-1,-1,-1
2015440138943,1,1,0,16,0,0,0,0,0,0,1,1,6,1,33,6,-1,-1,-1,-1,1,-1
2015440138943,2,9,0,17,0,0,0,0,0,0,1,1,6,1,68,10,1797,8,1,-1,1,-1
2015440138955,1,9,0,18,0,0,0,4,0,0,1,1,6,1,91,11,1398,1,3,-1,1,-1
2015440138955,2,9,0,2,0,0,0,0,0,0,2,1,6,1,43,7,2148,2,9,-1,-1,-1
2015440138955,3,9,0,2,0,0,0,0,0,0,2,1,6,1,33,6,1390,1,13,-1,-1,-1
2015440138998,1,9,0,3,0,0,0,0,0,0,2,1,6,2,35,6,1493,2,5,-1,1,-1
2015440138998,2,9,0,18,0,0,0,0,0,0,1,1,6,3,-1,-1,1198,1,3,-1,-1,-1
2015440139208,1,9,0,7,0,8,0,0,0,0,1,1,6,1,45,7,1560,2,6,-1,1,-1
2015440139208,2,1,0,18,0,8,0,0,0,0,4,1,6,1,12,3,-1,-1,-1,-1,1,-1
2015440139231,1,9,0,4,0,0,0,0,0,0,2,1,6,1,50,8,-1,-1,-1,-1,1,-1
2015440139231,2,9,0,18,0,0,0,0,0,0,1,1,6,3,-1,-1,1900,2,9,-1,-1,-1
2015440139317,1,9,0,7,0,8,0,0,0,0,3,1,2,1,37,7,1598,1,14,-1,1,-1
2015440139317,2,1,0,18,0,8,0,0,0,0,1,1,2,1,18,4,-1,-1,-1,-1,1,-1
2015440139352,1,9,0,9,0,6,0,0,0,0,1,1,6,2,46,8,1762,1,15,-1,1,-1
2015440139352,2,9,0,18,0,1,0,10,0,0,3,1,1,1,39,7,1560,2,2,-1,1,-1
2015440139356,1,9,0,12,0,8,0,0,0,0,3,1,6,2,29,6,1398,1,3,-1,1,-1
2015440139356,2,5,0,18,0,8,0,0,0,0,1,1,6,1,22,5,899,1,16,-1,1,-1
2015440139956,1,19,0,18,0,0,0,0,0,0,1,1,6,1,23,5,2148,2,9,-1,1,-1
2015440140115,1,9,0,4,0,0,0,0,0,0,2,1,6,2,33,6,1910,2,8,-1,1,-1
2015440140115,2,9,0,18,0,0,0,0,0,0,1,1,6,3,-1,-1,3222,2,12,-1,-1,-1
2015440140119,1,9,0,5,0,1,0,0,0,0,0,1,6,2,42,7,1461,2,1,-1,1,-1
2015440140119,2,1,0,18,0,8,0,0,0,0,0,1,6,1,36,7,-1,-1,-1,-1,1,-1
2015440140202,1,9,0,16,0,7,0,0,0,0,4,1,6,2,23,5,-1,-1,-1,-1,1,-1
2015440140272,1,9,0,18,0,0,1,0,0,0,0,1,6,3,-1,-1,-1,-1,-1,-1,-1,-1
2015440140272,2,19,0,6,0,0,0,0,0,0,0,1,6,3,-1,-1,2198,2,1,-1,-1,-1
2015440140276,1,9,0,7,0,5,0,0,0,0,4,1,6,1,66,10,1796,2,2,-1,1,-1
2015440140406,1,9,0,18,0,8,0,0,0,0,2,1,1,2,20,4,998,1,6,-1,1,-1
2015440140406,2,1,0,5,0,4,0,0,0,0,1,1,6,2,34,6,-1,-1,-1,-1,1,-1
2015440140447,1,9,0,18,0,1,0,0,0,0,1,1,6,1,42,7,1968,2,4,-1,1,-1
2015440140447,2,1,0,18,0,1,0,0,0,0,3,1,6,2,11,3,-1,-1,-1,-1,1,-1
2015440140526,1,9,0,3,0,1,0,0,0,0,4,1,6,1,29,6,1596,1,13,-1,1,-1
2015440140526,2,8,0,18,0,1,0,0,0,0,3,1,6,3,-1,-1,2993,2,11,-1,-1,-1
2015440140531,1,9,0,18,0,0,5,0,2,7,1,1,6,1,49,8,1998,1,10,-1,3,-1
2015440140683,1,3,0,18,0,0,0,0,0,0,1,1,6,1,22,5,124,1,5,-1,1,-1
2015440140683,2,9,0,6,0,0,0,0,0,0,3,1,6,3,-1,-1,-1,-1,-1,-1,-1,-1
2015440140835,1,8,0,14,0,1,0,0,0,0,1,1,1,1,74,10,1598,2,3,-1,1,-1
2015440140835,2,1,0,18,0,8,0,0,0,0,4,1,6,2,14,3,-1,-1,-1,-1,1,-1
2015440140928,1,9,0,18,0,8,0,0,0,0,1,1,3,2,39,7,1390,1,9,-1,1,-1
2015440140928,2,9,0,4,0,8,0,0,0,0,2,1,2,1,49,8,1870,2,4,-1,2,-1
2015440140928,3,9,0,4,0,8,0,0,0,0,2,1,3,1,43,7,1329,1,6,-1,1,-1
2015440140934,1,9,0,12,0,0,0,0,0,0,3,1,2,1,25,5,1968,2,5,-1,1,-1
2015440140934,2,2,0,18,0,0,0,0,0,0,4,1,2,2,18,4,125,1,11,-1,1,-1
2015440140996,1,9,0,18,0,0,0,0,0,0,4,1,6,1,53,8,1229,1,9,-1,1,-1
2015440140996,2,1,0,18,0,0,0,0,0,0,3,1,6,1,34,6,-1,-1,-1,-1,1,-1
2015440141491,1,90,0,9,0,8,5,9,0,0,3,1,1,1,58,9,6370,2,9,-1,1,-1
2015440141644,1,19,0,18,0,1,1,10,0,0,1,1,1,1,22,5,1560,2,1,-1,1,-1
2015440141644,2,9,0,9,0,8,0,0,0,0,2,1,2,1,25,5,1598,1,9,-1,1,-1
2015440141691,1,9,0,16,0,1,0,0,0,0,1,1,6,2,28,6,1968,2,4,-1,1,-1
2015440141691,2,9,0,17,0,1,0,0,0,0,1,1,6,1,64,9,1591,1,4,-1,1,-1
2015440141728,1,9,0,18,0,1,0,0,0,0,1,1,6,2,57,9,1995,1,14,-1,1,-1
2015440141728,2,9,0,3,0,1,0,0,0,0,2,1,6,1,51,8,2179,2,8,-1,2,-1
2015440141778,1,8,0,7,0,2,0,0,0,0,1,1,1,1,25,5,1598,2,4,-1,1,-1
2015440141778,2,9,0,18,0,2,0,0,0,0,1,1,6,1,41,7,1360,1,14,-1,1,-1
2015440141778,3,9,0,2,0,2,0,0,0,0,1,1,6,3,-1,-1,1784,1,10,-1,-1,-1
2015440141778,4,9,0,2,0,2,0,0,0,0,1,1,6,3,-1,-1,2494,1,14,-1,-1,-1
2015440141781,1,9,0,18,0,8,0,0,0,0,3,1,6,2,67,10,1198,1,3,-1,2,-1
2015440141781,2,9,0,18,0,8,0,0,0,0,1,1,6,3,-1,-1,-1,-1,-1,-1,-1,-1
2015440141984,1,97,0,18,0,0,0,0,0,0,1,1,6,1,45,7,-1,-1,-1,-1,1,-1
2015440142209,1,1,0,18,0,1,0,0,0,0,1,1,4,1,13,3,-1,-1,-1,-1,1,-1
2015440142209,2,9,0,5,0,8,0,0,0,0,3,1,2,2,49,8,1598,1,1,-1,1,-1
2015440142213,1,21,0,17,0,8,0,0,0,0,1,1,2,3,-1,-1,9290,2,3,-1,-1,-1
2015440142213,2,9,0,18,0,3,0,0,0,0,4,1,2,2,47,8,1560,2,1,-1,1,-1
2015440142245,1,9,0,8,0,1,0,0,0,0,2,1,6,2,54,8,1560,2,3,-1,3,-1
2015440142245,2,9,0,5,0,1,0,0,0,0,1,1,1,1,47,8,1995,2,10,-1,1,-1
2015440142256,1,9,0,5,0,2,0,0,0,0,3,1,2,2,-1,-1,1329,1,6,-1,1,-1
2015440142279,1,9,0,9,0,8,0,0,0,0,1,1,2,1,40,7,1896,2,14,-1,1,-1
2015440142279,2,9,0,18,0,8,5,0,0,0,1,1,2,1,35,6,1896,2,7,-1,1,-1
2015440142279,3,9,0,18,0,8,0,0,0,0,1,1,6,2,31,6,1870,2,10,-1,3,-1
2015440142333,1,5,0,18,0,1,1,0,1,0,4,1,6,2,38,7,1200,1,16,-1,1,-1
2015440142433,1,9,0,18,0,0,0,0,0,0,1,1,6,1,84,11,1560,2,8,-1,1,-1
2015440142433,2,9,0,2,0,0,0,0,0,0,3,1,6,3,-1,-1,1461,2,7,-1,-1,-1
2015440142451,1,9,0,5,0,1,0,0,0,0,2,1,2,2,62,9,1328,1,14,-1,3,-1
2015440142451,2,9,0,5,0,1,0,0,0,0,1,1,6,1,52,8,1596,1,9,-1,1,-1
2015440142541,1,9,0,18,0,2,0,0,0,0,1,1,6,1,-1,-1,1360,1,8,-1,1,-1
2015440142576,1,9,0,18,0,1,0,0,0,0,1,1,1,2,75,10,1242,1,6,-1,1,-1
2015440142576,2,9,0,18,0,2,0,0,0,0,3,1,6,1,34,6,1997,2,11,-1,1,-1
2015440142644,1,21,1,11,0,8,0,0,0,0,4,1,1,1,39,7,12740,2,2,-1,1,-1
2015440142644,2,9,0,18,0,8,1,0,5,6,3,1,3,2,58,9,954,1,17,-1,1,-1
2015440142689,1,9,0,13,0,2,0,0,0,0,4,1,6,2,31,6,1798,1,10,-1,1,-1
2015440142689,2,1,0,18,0,2,0,0,0,0,3,1,6,1,13,3,-1,-1,-1,-1,1,-1
2015440142752,1,19,0,2,0,2,0,0,0,0,3,1,1,1,34,6,1968,2,5,-1,1,-1
2015440142752,2,1,0,14,0,2,0,0,0,0,1,1,6,1,35,6,-1,-1,-1,-1,1,-1
2015440142918,1,9,0,5,0,8,0,0,0,0,1,1,2,2,-1,-1,1390,1,4,-1,1,-1
2015440142918,2,9,0,18,0,8,0,0,0,0,1,1,2,1,24,5,1362,1,1,-1,1,-1
2015440142946,1,9,0,18,0,7,0,0,0,0,1,1,6,2,18,4,998,1,13,-1,1,-1
2015440142946,2,1,0,18,0,8,0,0,0,0,1,1,6,1,39,7,-1,-1,-1,-1,1,-1
2015440143026,1,9,0,18,0,8,0,0,0,0,1,1,6,3,-1,-1,-1,-1,-1,-1,-1,-1
2015440143028,1,9,0,18,0,0,1,0,0,0,1,1,2,1,31,6,1596,1,15,-1,2,-1
2015440143028,2,9,0,18,0,0,1,0,0,0,1,1,2,1,30,6,1598,1,14,-1,1,-1
2015440143034,1,9,0,9,0,5,0,0,0,0,3,1,6,2,22,5,1598,1,12,-1,1,-1
2015440143034,2,5,0,13,0,1,0,0,0,0,1,1,6,1,53,8,-1,-1,-1,-1,1,-1
2015440143412,1,3,0,4,0,1,1,0,0,0,1,1,2,2,23,5,125,1,2,-1,1,-1
2015440143417,1,9,0,9,0,8,0,0,0,0,1,1,6,2,32,6,1598,1,13,-1,1,-1
2015440143417,2,9,0,18,0,1,0,0,0,0,1,1,6,2,43,7,1896,2,9,-1,1,-1
2015440143653,1,9,0,18,0,0,0,0,0,0,1,1,6,2,19,4,1391,1,18,-1,1,-1
2015440143739,1,9,0,18,0,8,0,0,0,0,3,1,6,2,55,8,1299,1,9,-1,1,-1
2015440143739,2,1,0,18,0,8,0,0,0,0,1,1,6,1,20,4,-1,-1,-1,-1,1,-1
2015440143745,1,9,0,18,0,0,0,0,0,0,2,1,1,1,37,7,1390,1,1,-1,1,-1
2015440143745,2,9,0,18,0,0,0,0,0,0,1,1,6,1,45,7,1120,2,1,-1,2,-1
2015440143776,1,9,0,18,0,0,0,0,0,0,2,1,1,1,45,7,1560,2,7,-1,1,-1
2015440143776,2,9,0,4,0,0,0,0,0,0,2,1,2,2,23,5,1497,1,14,-1,1,-1
2015440143776,3,9,0,18,0,0,0,0,0,0,1,1,6,1,24,5,1400,1,15,-1,1,-1
2015440144074,1,9,0,18,0,1,0,0,0,0,1,1,2,2,46,8,1198,1,12,-1,1,-1
2015440144074,2,9,0,4,0,1,0,0,0,0,2,1,2,1,28,6,1200,1,1,-1,1,-1
2015440144074,3,9,0,4,0,1,0,0,0,0,2,1,2,2,32,6,1329,1,6,-1,1,-1
2015440144192,1,9,0,18,0,0,0,0,2,7,4,1,6,2,59,9,998,1,8,-1,1,-1
2015440144275,1,9,0,13,0,0,0,0,0,0,4,1,6,3,-1,-1,1390,1,8,-1,-1,-1
2015440144275,2,1,0,18,0,0,0,0,0,0,3,1,6,1,33,6,-1,-1,-1,-1,1,-1
2015440144419,1,2,0,18,0,8,0,0,0,0,1,1,6,1,17,4,-1,-1,-1,-1,1,-1
2015440144419,2,9,0,5,0,4,0,0,0,0,3,1,6,2,73,10,1596,1,8,-1,1,-1
2015440144600,1,9,0,18,0,8,1,0,3,4,1,1,6,1,18,4,1199,1,14,-1,1,-1
2015440144687,1,9,0,18,0,8,0,0,0,0,1,1,2,1,42,7,998,1,13,-1,1,-1
2015440144687,2,9,0,18,0,8,0,0,0,0,4,1,2,1,42,7,1781,1,14,-1,1,-1
2015440144728,1,1,0,18,0,8,0,0,0,0,1,1,4,1,15,3,-1,-1,-1,-1,1,-1
2015440144728,2,9,0,7,0,8,0,0,0,0,4,1,6,1,35,6,2993,2,3,-1,1,-1
2015440144767,1,5,0,16,0,0,0,0,0,0,1,1,2,1,52,8,1450,1,14,-1,1,-1
2015440144777,1,9,0,7,0,8,0,0,0,0,3,1,2,1,35,6,1596,1,10,-1,1,-1
2015440144777,2,1,0,18,0,1,0,0,0,0,1,1,2,1,35,6,-1,-1,-1,-1,1,-1
2015440144810,1,9,0,18,0,2,0,0,0,0,0,1,6,1,72,10,1596,1,7,-1,2,-1
2015440144829,1,9,0,18,0,8,0,0,0,0,1,1,6,2,20,4,1595,1,17,-1,1,-1
2015440144829,2,9,0,18,0,8,5,0,0,0,4,1,2,2,32,6,2204,2,7,-1,1,-1
2015440144846,1,4,0,18,0,0,0,0,0,0,0,1,2,1,56,9,250,1,-1,-1,1,-1
2015440145019,1,1,0,18,0,0,0,0,0,0,3,1,6,2,48,8,-1,-1,-1,-1,1,-1
2015440145019,2,19,0,18,0,0,0,0,0,0,4,1,6,3,-1,-1,-1,-1,-1,-1,-1,-1
2015440145045,1,1,0,18,0,0,0,0,0,0,3,1,6,2,22,5,-1,-1,-1,-1,1,-1
2015440145045,2,8,0,13,0,0,0,0,0,0,4,1,6,1,58,9,1598,2,4,-1,1,-1
2015440145138,1,9,0,3,0,1,0,0,0,0,2,1,6,3,-1,-1,-1,-1,-1,-1,-1,-1
2015440145138,2,9,0,3,0,1,0,0,0,0,2,1,6,3,-1,-1,-1,-1,-1,-1,-1,-1
2015440145138,3,9,0,3,0,1,0,0,0,0,2,1,6,3,-1,-1,-1,-1,-1,-1,-1,-1
2015440145138,4,9,0,3,0,1,0,0,0,0,2,1,6,2,30,6,1995,2,2,-1,1,-1
2015440145138,5,9,0,18,0,1,0,0,0,0,1,1,6,3,-1,-1,-1,-1,-1,-1,-1,-1