Accident_Index,Vehicle_Reference,Vehicle_Type,Towing_and_Articulation,Vehicle_Manoeuvre,Vehicle_Location-Restricted_Lane,Junction_Location,Skidding_and_Overturning,Hit_Object_in_Carriageway,Vehicle_Leaving_Carriageway,Hit_Object_off_Carriageway,1st_Point_of_Impact,Was_Vehicle_Left_Hand_Drive?,Journey_Purpose_of_Driver,Sex_of_Driver,Age_of_Driver,Age_Band_of_Driver,Engine_Capacity_(CC),Propulsion_Code,Age_of_Vehicle,Driver_IMD_Decile,Driver_Home_Area_Type,Vehicle_IMD_Decile
2015440159164,2,9,0,13,0,0,1,0,0,0,1,1,6,1,17,4,1405,1,10,-1,1,-1
2015440159238,1,9,0,2,0,0,0,0,1,0,2,1,6,2,23,5,1896,2,12,-1,1,-1
2015440159238,2,21,0,18,0,0,1,0,0,0,1,1,1,1,51,8,11967,2,4,-1,1,-1
2015440159241,1,9,0,18,0,0,5,10,7,9,1,1,2,1,20,4,1149,1,6,-1,2,-1
2015440159347,1,3,0,4,0,2,0,0,0,0,1,1,2,1,19,4,125,1,-1,-1,1,-1
2015440159347,2,9,0,1,0,2,0,0,0,0,2,1,6,1,36,7,1997,2,8,-1,2,-1
2015440159400,1,9,0,9,0,8,0,0,0,0,3,1,6,2,34,6,1998,1,14,-1,1,-1
2015440159400,2,5,0,18,0,8,1,0,0,0,1,1,6,1,50,8,1402,1,12,-1,1,-1
2015440159583,1,9,0,18,0,0,0,0,0,0,1,1,6,1,55,8,1596,1,2,-1,2,-1
2015440159588,1,9,0,9,0,8,0,0,0,0,4,1,6,2,54,8,1973,1,15,-1,1,-1
2015440159669,1,9,0,18,0,8,0,0,3,11,1,1,6,2,54,8,1753,2,15,-1,1,-1
2015440159699,1,9,0,18,0,0,5,0,1,4,4,1,2,1,36,7,1248,2,10,-1,1,-1
2015440159804,1,9,0,8,0,8,0,0,0,0,2,1,1,1,65,9,1461,2,4,-1,1,-1
2015440159804,2,4,0,18,0,8,0,0,0,0,1,1,6,1,23,5,125,1,3,-1,3,-1
2015440159960,1,9,0,18,0,8,0,0,0,0,1,1,6,1,49,8,-1,-1,-1,-1,1,-1
2015440159960,2,9,0,10,0,8,0,0,0,0,2,1,6,2,45,7,1910,2,5,-1,3,-1
2015440159971,1,3,0,13,0,1,0,0,0,0,1,1,6,1,20,4,125,1,5,-1,1,-1
2015440159971,2,9,0,9,0,8,0,0,0,0,3,1,6,2,50,8,1124,1,17,-1,1,-1
2015440159981,1,90,0,9,0,8,5,0,0,2,4,1,1,1,64,9,-1,-1,-1,-1,1,-1
2015440159981,2,9,0,10,0,1,0,0,0,0,1,1,1,2,24,5,1997,2,2,-1,2,-1
2015440160070,1,9,0,4,0,0,0,0,0,0,2,1,6,2,45,7,1781,1,13,-1,1,-1
2015440160070,2,9,0,18,0,0,0,0,0,0,1,1,6,1,45,7,2200,1,14,-1,-1,-1
2015440160169,1,9,0,4,0,1,0,0,0,0,2,1,2,1,32,6,1497,1,12,-1,1,-1
2015440160169,2,19,0,4,0,1,0,0,0,0,1,1,1,1,51,8,2299,2,2,-1,1,-1
2015440160213,1,9,0,18,0,2,0,0,0,0,1,1,6,1,68,10,1896,2,12,-1,1,-1
2015440160288,1,9,0,14,0,1,5,0,0,0,1,1,2,1,53,8,1999,1,9,-1,1,-1
2015440160288,2,90,0,2,0,1,0,0,0,0,1,1,1,1,51,8,5900,2,8,-1,1,-1
2015440160327,1,9,0,18,0,0,0,0,0,0,1,1,6,1,49,8,1200,1,-1,-1,-1,-1
2015440160327,2,9,0,4,0,0,0,0,0,0,2,1,1,1,64,9,1587,1,17,-1,1,-1
2015440160487,1,9,0,18,0,0,0,0,0,0,1,1,6,1,72,10,1796,1,2,-1,2,-1
2015440160487,2,1,0,18,0,0,0,0,0,0,2,1,6,1,15,3,-1,-1,-1,-1,1,-1
2015440160677,1,9,0,18,0,8,0,0,0,0,1,1,6,1,25,5,1199,1,13,-1,1,-1
2015440160677,2,3,0,18,0,8,0,0,0,0,1,1,2,1,28,6,124,1,12,-1,1,-1
2015440160739,1,9,0,2,0,0,0,0,0,0,2,1,6,3,-1,-1,998,1,15,-1,-1,-1
2015440160739,2,9,0,14,0,0,1,0,0,0,1,1,2,1,25,5,1796,1,13,-1,1,-1
2015440161028,1,5,0,4,0,0,0,0,0,0,4,1,6,1,52,8,645,1,6,-1,-1,-1
2015440161187,1,22,0,18,9,0,0,0,0,0,1,1,6,1,-1,-1,-1,-1,-1,-1,-1,-1
2015440161211,1,9,0,9,0,8,0,0,0,0,3,1,2,2,45,7,1596,1,11,-1,1,-1
2015440161211,2,10,0,17,0,8,0,0,0,0,1,1,1,1,55,8,2198,2,3,-1,3,-1
2015440161343,1,3,0,7,0,8,0,0,0,0,4,1,2,2,52,8,124,1,4,-1,1,-1
2015440161343,2,97,0,15,0,8,0,0,0,0,1,1,6,3,-1,-1,-1,-1,-1,-1,-1,-1
2015440161412,1,9,0,18,0,0,1,0,2,4,1,1,6,2,23,5,1364,1,6,-1,1,-1
2015440161531,1,19,0,17,0,8,0,0,0,0,1,1,2,2,45,7,1560,2,8,-1,1,-1
2015440161531,2,9,0,16,0,8,0,0,0,0,1,1,2,2,53,8,799,2,4,-1,2,-1
2015440162499,1,20,0,2,0,2,0,0,0,0,3,1,6,1,39,7,2402,2,15,-1,1,-1
2015440162499,2,1,0,14,0,2,0,0,0,0,1,1,6,2,18,4,-1,-1,-1,-1,1,-1
2015440162560,1,2,0,7,0,8,1,0,0,0,3,1,4,1,16,4,49,1,1,-1,3,-1
2015440162656,1,9,0,18,0,8,0,0,0,0,2,1,6,2,24,5,1398,2,6,-1,1,-1
2015440162656,2,9,0,9,0,8,0,0,0,0,1,1,6,3,-1,-1,-1,-1,-1,-1,-1,-1
2015440162681,1,11,0,18,0,1,1,0,0,0,1,1,1,1,50,8,3900,2,9,-1,1,-1
2015440162681,2,1,0,18,0,1,1,0,0,0,3,1,6,2,21,5,-1,-1,-1,-1,1,-1
2015440162859,1,3,0,18,0,0,1,0,0,0,4,1,6,1,23,5,-1,-1,-1,-1,1,-1
2015440162877,1,9,0,4,0,0,0,0,0,0,2,1,2,2,58,9,1339,1,9,-1,2,-1
2015440162877,2,9,0,18,0,0,1,0,0,0,1,1,2,1,49,8,1951,2,15,-1,1,-1
2015440163003,1,9,0,18,0,1,0,0,7,0,1,1,2,1,61,9,2143,2,4,-1,1,-1
2015440163003,2,11,0,18,0,1,0,0,1,0,1,1,1,1,43,7,6696,2,2,-1,1,-1
2015440163046,1,9,0,16,0,0,1,0,1,4,3,1,6,2,21,5,1587,1,12,-1,1,-1
2015440163177,1,9,0,18,0,0,5,0,1,11,4,1,6,1,32,6,1599,1,10,-1,1,-1
2015440163434,1,9,0,9,0,1,0,0,0,0,3,1,6,2,68,10,1599,1,15,-1,1,-1
2015440163434,2,1,0,13,0,1,0,0,0,0,1,1,6,1,19,4,-1,-1,-1,-1,1,-1
2015440163439,1,21,1,18,0,1,0,0,0,0,3,1,1,1,51,8,12777,2,3,-1,2,-1
2015440163439,2,9,0,13,0,1,0,0,0,0,4,1,6,1,78,11,1598,1,2,-1,1,-1
2015440163445,1,9,0,18,0,2,0,0,0,0,1,1,6,3,-1,-1,-1,-1,-1,-1,-1,-1
2015440163472,1,9,0,7,0,8,0,0,0,0,1,1,6,1,79,11,1598,1,6,-1,1,-1
2015440163472,2,3,0,18,0,8,0,0,0,0,1,1,6,1,72,10,108,1,1,-1,1,-1
2015440163540,1,9,0,4,0,0,0,0,0,0,2,1,6,2,51,8,1461,2,1,-1,1,-1
2015440163540,2,1,0,18,0,0,0,0,0,0,1,1,6,1,29,6,-1,-1,-1,-1,1,-1
2015440163580,1,9,0,3,0,1,0,0,0,0,2,1,1,1,64,9,1242,1,16,-1,1,-1
2015440163580,2,9,0,18,0,1,0,0,0,0,1,1,6,1,18,4,1600,1,15,-1,1,-1
2015440163821,1,9,0,4,0,2,0,0,0,0,1,1,6,1,34,6,1796,1,8,-1,1,-1
2015440163982,1,1,0,13,0,1,0,0,0,0,4,1,6,1,24,5,-1,-1,-1,-1,2,-1
2015440163982,2,19,0,5,0,1,0,0,0,0,1,1,6,1,36,7,2198,2,4,-1,1,-1
2015440164004,1,9,0,9,0,6,0,0,0,0,3,1,6,1,30,6,1590,1,10,-1,1,-1
2015440164004,2,9,0,18,0,1,0,0,0,0,1,1,6,1,23,5,2393,1,12,-1,1,-1
2015440164004,3,9,0,3,0,1,0,0,0,0,1,1,6,1,66,10,1598,1,11,-1,1,-1
2015440164033,1,9,0,9,0,8,0,0,0,0,1,1,6,1,32,6,1198,1,10,-1,1,-1
2015440164033,2,9,0,9,0,8,0,0,0,0,1,1,6,2,53,8,1686,2,5,-1,1,-1
2015440164105,1,2,0,18,0,0,0,0,0,0,1,1,6,1,19,4,49,1,2,-1,1,-1
2015440164105,2,9,0,18,0,0,0,0,0,0,1,1,6,1,46,8,1910,2,8,-1,1,-1
2015440164367,1,8,0,9,0,8,0,0,0,0,1,1,1,1,55,8,1997,2,6,-1,1,-1
2015440164611,1,9,0,2,0,0,0,0,0,0,4,1,6,1,58,9,2776,2,9,-1,1,-1
2015440164611,2,9,0,18,0,0,2,4,1,0,1,1,6,1,48,8,1686,2,5,-1,1,-1
2015440164757,1,97,0,18,0,1,0,12,0,0,1,1,6,1,63,9,-1,-1,-1,-1,2,-1
2015440164916,1,9,0,18,0,0,1,0,0,0,1,1,6,2,21,5,1598,1,7,-1,3,-1
2015440164916,2,9,0,4,0,0,0,0,0,0,2,1,6,1,58,9,1997,2,3,-1,3,-1
2015440164916,3,9,0,4,0,0,0,0,0,0,2,1,6,1,60,9,-1,-1,-1,-1,-1,-1
2015440164916,4,9,0,4,0,0,0,0,0,0,2,1,6,1,34,6,1398,1,-1,-1,1,-1
2015440164929,1,19,0,17,0,0,0,0,0,0,3,1,1,1,41,7,2402,2,4,-1,1,-1
2015440164929,2,1,0,16,0,0,0,0,0,0,1,1,6,1,51,8,-1,-1,-1,-1,1,-1
2015440164978,1,9,0,9,0,8,0,0,0,0,4,1,6,1,27,6,1364,1,8,-1,1,-1
2015440164978,2,9,0,18,0,8,0,0,0,0,1,1,6,1,61,9,2987,2,2,-1,1,-1
2015440165014,1,9,0,18,0,0,1,0,0,0,1,1,6,1,28,6,2993,2,11,-1,3,-1
2015440165014,2,9,0,18,0,0,2,0,0,0,1,1,6,1,55,8,1753,2,18,-1,1,-1
2015440165015,1,1,0,18,0,8,0,0,0,0,1,1,6,1,49,8,-1,-1,-1,-1,1,-1
2015440165141,1,9,0,5,0,8,0,0,0,0,3,1,6,1,48,8,1796,1,10,-1,1,-1
2015440165141,2,1,0,18,0,8,0,0,0,0,1,1,6,1,55,8,-1,-1,-1,-1,1,-1
2015440165148,1,2,0,18,0,0,0,0,7,2,1,1,6,2,31,6,49,1,15,-1,2,-1
2015440165229,1,9,0,5,0,8,0,0,0,0,1,1,6,1,52,8,1956,2,4,-1,1,-1
2015440165229,2,1,0,18,0,8,0,0,0,0,4,1,6,1,15,3,-1,-1,-1,-1,1,-1
2015440165283,1,9,0,18,0,0,0,0,1,4,1,1,6,1,77,11,2494,8,-1,-1,3,-1
2015440165448,1,9,0,18,0,0,0,0,1,10,1,1,6,1,77,11,1598,1,12,-1,1,-1
2015440165475,1,5,0,18,0,1,1,11,0,0,0,1,6,1,38,7,-1,-1,-1,-1,1,-1
2015440165913,1,9,0,18,0,8,0,0,0,0,4,1,6,1,74,10,1240,1,7,-1,1,-1
2015440165913,2,1,0,18,4,8,0,0,0,0,3,1,6,1,29,6,-1,-1,-1,-1,1,-1
2015440165918,1,9,0,11,0,2,0,0,2,7,1,1,6,1,26,6,1390,1,5,-1,1,-1
2015440165934,1,9,0,9,0,8,0,0,0,0,1,1,6,2,21,5,1390,1,14,-1,1,-1
2015440165934,2,5,0,18,0,8,0,0,0,0,4,1,6,1,49,8,800,1,1,-1,1,-1
2015440166233,1,1,0,18,0,2,0,0,0,0,3,1,6,1,24,5,-1,-1,-1,-1,1,-1
2015440166233,2,9,0,18,0,2,0,0,0,0,1,1,6,1,-1,-1,-1,-1,-1,-1,-1,-1
2015440166392,1,9,0,9,0,8,0,0,0,0,4,1,1,1,18,4,1229,1,7,-1,1,-1
2015440166392,2,9,0,18,0,8,0,0,0,0,1,1,6,2,18,4,1388,1,12,-1,2,-1
2015440166458,1,9,0,18,0,0,5,12,1,4,1,1,6,1,43,7,1686,2,3,-1,2,-1
2015440166611,1,9,0,18,0,0,2,0,1,11,1,1,6,1,19,4,-1,-1,-1,-1,1,-1
2015440166611,2,9,0,2,0,0,0,0,0,0,2,1,6,3,-1,-1,1560,2,5,-1,-1,-1
2015440166812,1,5,0,16,0,0,1,0,7,0,0,1,2,1,31,6,892,1,16,-1,2,-1
2015440167067,1,9,0,5,4,8,0,0,0,0,1,1,6,2,27,6,1997,2,14,-1,1,-1
2015440167067,2,1,0,17,4,8,0,0,0,0,4,1,6,1,44,7,-1,-1,-1,-1,1,-1
2015440167152,1,9,0,18,0,8,0,0,0,0,1,1,6,1,81,11,1589,1,16,-1,1,-1
2015440167152,2,9,0,9,0,8,0,0,0,0,3,1,6,2,57,9,1391,1,14,-1,1,-1
2015440167318,1,9,0,18,0,1,0,0,0,0,1,1,6,1,18,4,1149,1,13,-1,1,-1
2015440167318,2,9,0,5,0,1,0,0,0,0,2,1,2,1,19,4,1995,1,3,-1,1,-1
2015440167318,3,9,0,10,0,1,0,0,0,0,2,1,6,2,29,6,1798,1,7,-1,1,-1
2015440167490,1,9,0,17,0,0,0,0,0,0,1,1,6,1,56,9,1997,1,13,-1,2,-1
2015440167490,2,9,0,4,0,0,0,0,0,0,2,1,6,1,44,7,1390,1,8,-1,1,-1
2015440167490,3,9,0,4,0,0,0,0,0,0,2,1,6,2,46,8,1995,2,5,-1,1,-1
2015440167499,1,19,0,18,0,0,0,0,0,0,1,1,6,1,54,8,1248,2,2,-1,2,-1
2015440167499,2,9,0,4,0,0,0,0,0,0,2,1,6,1,49,8,1560,2,2,-1,1,-1
2015440167591,1,9,0,3,0,1,0,0,0,0,2,1,6,2,50,8,1396,1,20,-1,1,-1
2015440167591,2,19,0,3,0,1,0,0,0,0,2,1,1,1,67,10,1686,2,15,-1,1,-1
2015440167591,3,9,0,4,0,1,0,0,0,0,1,1,6,2,48,8,1560,2,5,-1,1,-1
2015440167748,1,9,0,18,0,0,0,0,0,0,1,1,6,3,-1,-1,-1,-1,-1,-1,-1,-1
2015440167786,1,9,0,18,0,0,0,4,0,0,1,1,6,1,20,4,1198,1,1,-1,1,-1
2015440167786,2,9,0,2,0,0,0,0,0,0,2,1,6,1,32,6,1910,2,8,-1,1,-1
2015440167994,1,9,0,6,0,0,0,0,0,0,1,1,3,2,49,8,1997,2,14,-1,1,-1
2015440167994,2,9,0,18,0,0,0,0,0,0,3,1,4,2,18,4,1198,1,9,-1,1,-1
2015440168044,1,9,0,9,0,8,0,0,0,0,2,1,1,1,41,7,1997,2,4,-1,1,-1
2015440168044,2,3,0,18,0,8,0,0,0,0,1,1,6,1,28,6,125,1,2,-1,1,-1
2015440168082,1,9,0,18,0,0,0,0,0,0,4,1,6,3,-1,-1,-1,-1,-1,-1,-1,-1
2015440168516,1,9,0,18,0,0,0,0,0,0,4,1,6,3,-1,-1,-1,-1,-1,-1,-1,-1
2015440168561,1,9,0,18,0,1,0,0,0,0,1,1,6,2,34,6,1598,1,6,-1,1,-1
2015440168561,2,9,0,9,0,8,0,0,0,0,1,1,6,1,68,10,1386,1,9,-1,1,-1
2015440168647,1,9,0,18,0,1,0,0,0,0,1,1,6,1,86,11,1699,1,4,-1,3,-1
2015440168647,2,9,0,3,0,1,0,0,0,0,2,1,1,3,-1,-1,-1,-1,-1,-1,-1,-1
2015440168754,1,9,0,9,0,8,0,0,0,0,3,1,6,1,20,4,1390,1,15,-1,2,-1
2015440168754,2,9,0,18,0,1,0,0,0,0,1,1,6,2,89,11,1339,1,7,-1,2,-1
2015440169177,1,9,0,18,0,0,0,0,0,0,1,1,6,1,19,4,1248,1,1,-1,1,-1
2015440169177,2,9,0,4,0,0,0,0,0,0,2,1,6,1,41,7,1149,1,10,-1,1,-1
2015440169177,3,9,0,4,0,0,0,0,0,0,2,1,6,1,19,4,1598,1,14,-1,1,-1
2015440169228,1,9,0,18,0,1,5,0,7,0,1,1,6,2,37,7,1493,2,8,-1,1,-1
2015440169228,2,9,0,9,0,8,0,0,0,0,3,1,6,1,61,9,1956,2,2,-1,1,-1
2015440169236,1,9,0,7,0,2,0,0,0,0,4,1,6,1,56,9,-1,-1,-1,-1,1,-1
2015440169317,1,9,0,9,0,8,1,0,0,0,4,1,6,1,80,11,1560,2,6,-1,3,-1
2015440169317,2,9,0,3,0,1,0,0,0,0,1,1,6,2,-1,-1,2720,2,6,-1,1,-1
2015440169317,3,9,0,18,0,1,1,0,7,9,1,1,1,1,22,5,1598,1,11,-1,1,-1
2015440169317,4,9,0,3,0,1,0,0,0,0,1,1,6,2,48,8,1896,2,13,-1,3,-1
2015440169517,1,9,0,4,0,0,0,0,0,0,2,1,6,3,-1,-1,1598,1,8,-1,-1,-1
2015440169517,2,19,0,18,0,0,0,0,0,0,1,1,6,1,45,7,1868,2,10,-1,1,-1
2015440169517,3,19,0,18,0,0,0,0,0,0,1,1,6,3,-1,-1,2198,2,2,-1,-1,-1
2015440169550,1,9,0,18,0,0,0,0,5,6,3,1,6,1,23,5,1686,2,9,-1,1,-1
2015440169810,1,9,0,18,0,0,0,0,0,0,1,1,6,1,31,6,-1,-1,-1,-1,1,-1
2015440169810,2,9,0,18,0,0,0,0,0,0,2,1,6,1,25,5,1794,1,12,-1,1,-1
2015440169816,1,9,0,18,0,0,0,0,6,0,1,1,6,1,37,7,1995,1,12,-1,1,-1
2015440169816,2,9,0,18,0,0,0,0,0,0,2,1,6,1,22,5,1242,1,7,-1,2,-1
2015440169816,3,9,0,18,0,0,0,0,0,0,3,1,6,2,60,9,1595,1,15,-1,1,-1
2015440169816,4,9,0,18,0,0,0,0,0,0,1,1,6,1,43,7,2400,2,7,-1,3,-1
2015440169816,5,9,0,18,0,0,0,0,0,0,1,1,6,1,32,6,1968,2,-1,-1,3,-1
2015440169816,6,19,0,18,0,0,0,0,0,0,1,1,6,1,54,8,2143,2,1,-1,1,-1
2015440169899,1,9,0,5,0,0,0,0,0,0,1,1,2,1,70,10,2000,1,8,-1,1,-1
2015440169899,2,1,0,18,0,0,0,0,0,0,3,1,4,1,14,3,-1,-1,-1,-1,1,-1
2015440169931,1,1,0,18,0,8,0,0,0,0,1,1,6,1,24,5,-1,-1,-1,-1,1,-1
2015440169931,2,8,0,18,0,8,0,0,0,0,2,1,1,1,56,9,1797,8,5,-1,1,-1
2015440170035,1,9,0,18,0,2,0,0,0,0,4,1,6,1,64,9,1896,2,10,-1,1,-1
2015440170393,1,9,0,11,0,8,0,0,1,1,1,1,6,2,83,11,1596,1,10,-1,1,-1
2015440170445,1,5,0,18,0,0,0,0,0,0,1,1,6,1,38,7,998,1,6,-1,1,-1
2015440170445,2,5,0,18,0,0,0,0,0,0,2,1,6,1,27,6,998,1,7,-1,1,-1
2015440170445,3,5,0,18,0,0,0,0,0,0,4,1,6,1,52,8,998,1,8,-1,1,-1
2015440170445,4,5,0,18,0,0,0,0,0,0,4,1,6,1,30,6,1000,1,12,-1,1,-1
2015440170631,1,9,0,10,0,8,0,0,7,0,2,1,1,2,40,7,1242,1,1,-1,2,-1
2015440170631,2,21,0,18,0,8,0,0,0,0,1,1,1,1,23,5,11946,2,4,-1,1,-1
2015440170665,1,9,0,18,0,0,0,0,0,0,4,1,3,2,36,7,1998,2,13,-1,1,-1
2015440170847,1,9,0,18,0,2,0,0,0,0,4,1,6,3,-1,-1,-1,-1,-1,-1,-1,-1
2015440170903,1,11,0,2,0,0,0,0,0,0,1,1,1,1,37,7,-1,-1,-1,-1,1,-1
2015440170903,2,90,0,18,0,0,0,0,0,0,2,1,1,2,-1,-1,2287,2,4,-1,-1,-1
2015440170926,1,9,0,6,0,8,1,0,0,0,1,1,6,2,19,4,999,1,18,-1,1,-1
2015440170926,2,9,0,18,0,8,5,0,0,0,4,1,6,1,36,7,1686,2,8,-1,1,-1
2015440171047,1,19,0,5,0,1,0,0,0,0,1,1,6,1,36,7,2402,2,10,-1,1,-1
2015440171047,2,1,0,3,0,1,0,0,0,0,2,1,6,2,39,7,-1,-1,-1,-1,1,-1
2015440171059,1,9,0,7,0,8,0,0,0,0,1,1,6,2,17,4,1299,1,13,-1,2,-1
2015440171254,1,9,0,3,0,1,0,0,0,0,2,1,6,2,47,8,1560,2,2,-1,1,-1
2015440171254,2,9,0,4,0,1,0,0,0,0,1,1,2,3,-1,-1,1242,1,3,-1,-1,-1
2015440171278,1,5,0,18,0,0,0,0,0,0,4,1,6,1,65,9,865,1,4,-1,1,-1
2015440171351,1,9,0,9,0,8,0,0,0,0,3,1,6,1,16,4,-1,-1,-1,-1,3,-1
2015440171351,2,9,0,18,0,8,0,0,0,0,1,1,6,1,45,7,1242,1,14,-1,1,-1
2015440171485,1,9,0,7,0,8,0,0,0,0,3,1,6,1,34,6,1968,2,6,-1,1,-1
2015440171485,2,1,0,18,0,1,0,0,0,0,1,1,6,1,60,9,-1,-1,-1,-1,1,-1
2015440171584,1,9,0,3,0,8,0,0,0,0,2,1,2,2,40,7,1240,1,11,-1,1,-1
2015440171584,2,9,0,4,0,8,0,0,0,0,1,1,6,1,-1,-1,1968,2,1,-1,-1,-1
2015440171724,1,9,0,18,0,8,0,0,0,0,3,1,6,1,44,7,1497,1,9,-1,1,-1
2015440171724,2,9,0,9,0,8,0,0,0,0,1,1,6,1,20,4,1896,2,10,-1,1,-1
2015440172065,1,9,0,18,0,8,0,0,0,0,1,1,6,2,31,6,1560,2,1,-1,1,-1
2015440172065,2,1,0,18,0,8,0,0,0,0,4,1,6,1,15,3,-1,-1,-1,-1,1,-1
2015440172093,1,9,0,4,0,0,0,0,0,0,2,1,6,2,37,7,1870,2,17,-1,1,-1
2015440172093,2,21,0,18,0,0,0,0,0,0,1,1,1,1,28,6,-1,-1,-1,-1,-1,-1
2015440172111,1,9,0,5,0,8,0,0,0,0,1,1,6,2,63,9,1598,1,9,-1,1,-1
2015440172111,2,9,0,18,0,8,0,0,0,0,4,1,6,2,38,7,1560,2,6,-1,3,-1
2015440172117,1,5,0,13,0,8,0,0,0,0,1,1,6,1,21,5,1000,1,13,-1,1,-1
2015440172117,2,9,0,9,0,8,0,0,0,0,3,1,6,1,-1,-1,1199,1,14,-1,-1,-1
2015440172126,1,9,0,18,0,0,0,0,0,0,3,1,6,1,44,7,1242,1,7,-1,1,-1
2015440172126,2,9,0,5,0,0,0,0,0,0,4,1,6,2,33,6,1968,2,6,-1,1,-1
2015440172268,1,9,0,3,0,8,0,0,0,0,2,1,6,1,33,6,1685,2,2,-1,1,-1
2015440172268,2,9,0,18,0,8,0,0,0,0,1,1,6,2,66,10,999,1,5,-1,1,-1
2015440172376,1,9,0,12,0,2,0,0,0,0,3,1,6,1,43,7,1999,1,4,-1,1,-1
2015440172376,2,5,0,18,0,2,1,0,0,0,1,1,6,1,23,5,599,1,18,-1,1,-1
2015440172540,1,9,0,18,0,0,0,0,0,0,1,1,2,1,47,8,-1,-1,-1,-1,1,-1
2015440172540,2,9,0,4,0,0,0,0,0,0,2,1,6,1,35,6,2720,2,8,-1,3,-1
2015440172551,1,9,0,18,0,8,0,0,0,0,1,1,3,1,46,8,1910,2,8,-1,1,-1
2015440172551,2,9,0,18,0,1,0,0,0,0,4,1,6,2,50,8,1086,1,5,-1,1,-1
2015440172551,3,9,0,2,0,2,0,0,0,0,3,1,6,3,-1,-1,998,1,15,-1,-1,-1
2015440172749,1,9,0,2,0,2,0,0,0,0,3,1,6,1,34,6,1598,2,3,-1,1,-1
2015440172749,2,9,0,18,0,2,0,0,0,0,4,1,6,2,23,5,1596,1,5,-1,1,-1
2015440172909,1,9,0,18,0,1,0,0,0,0,1,1,6,2,19,4,1299,1,15,-1,1,-1
2015440173317,1,9,0,18,0,0,0,0,0,0,1,1,6,1,39,7,1461,2,7,-1,1,-1
2015440173317,2,9,0,18,0,0,0,0,0,0,1,1,6,1,59,9,1248,1,2,-1,1,-1
2015440173553,1,5,0,13,0,1,1,0,0,0,1,1,2,1,21,5,599,1,13,-1,3,-1
2015440173553,2,9,0,9,0,8,0,0,0,0,3,1,2,2,51,8,-1,-1,-1,-1,1,-1
2015440173560,1,9,0,11,0,0,0,0,0,0,4,1,6,1,43,7,1364,1,1,-1,1,-1
2015440173560,2,9,0,18,0,0,0,0,0,0,3,1,6,1,32,6,1242,1,14,-1,1,-1
2015440173603,1,9,0,18,0,0,0,0,0,0,1,1,6,2,51,8,1984,1,4,-1,1,-1
2015440173604,1,9,0,4,0,0,0,0,0,0,1,1,6,1,61,9,1396,1,12,-1,1,-1
2015440173604,2,9,0,3,0,0,0,0,0,0,2,1,6,1,50,8,1598,1,10,-1,2,-1
2015440173674,1,1,0,18,0,0,0,0,0,0,1,1,6,1,40,7,-1,-1,-1,-1,1,-1
2015440173696,1,9,0,6,0,0,0,0,0,0,3,1,6,1,20,4,1796,2,2,-1,1,-1
2015440173696,2,5,0,13,0,0,0,0,7,11,4,1,6,1,52,8,-1,-1,-1,-1,1,-1
2015440173712,1,9,0,4,0,0,0,0,0,0,1,1,6,1,75,10,1769,1,11,-1,1,-1
2015440173712,2,9,0,4,0,0,0,0,0,0,2,1,6,1,51,8,1560,2,4,-1,1,-1
2015440173712,3,9,0,4,0,0,0,0,0,0,2,1,6,1,68,10,1794,1,13,-1,1,-1
2015440173712,4,9,0,4,0,0,0,0,0,0,2,1,6,1,40,7,3724,1,11,-1,1,-1
2015440173712,5,9,0,4,0,0,0,0,0,0,2,1,6,2,43,7,2199,2,3,-1,1,-1
2015440173763,1,9,0,18,0,0,0,0,1,9,1,1,6,1,18,4,973,1,14,-1,1,-1
2015440173993,1,9,0,13,0,0,0,0,0,0,4,1,6,3,-1,-1,2171,1,13,-1,-1,-1
2015440173993,2,1,0,18,0,0,0,0,0,0,3,1,6,1,91,11,-1,-1,-1,-1,1,-1
2015440174035,1,9,0,9,0,8,0,0,0,0,3,1,6,1,53,8,-1,-1,-1,-1,-1,-1
2015440174035,2,5,0,13,0,8,0,0,0,0,4,1,6,1,61,9,1500,1,14,-1,1,-1
2015440174754,1,9,0,16,0,0,0,0,0,0,1,1,6,2,35,6,1600,1,17,-1,2,-1
2015440174754,2,9,0,17,0,0,0,0,0,0,3,1,6,1,40,7,1242,1,3,-1,1,-1
2015440174905,1,3,0,13,0,8,0,0,0,0,1,1,6,1,18,4,124,1,8,-1,1,-1
2015440174905,2,19,0,9,0,8,0,0,0,0,3,1,6,1,-1,-1,1968,2,3,-1,-1,-1
2015440175195,1,9,0,17,0,0,0,0,0,0,3,1,6,1,88,11,1587,1,6,-1,1,-1
2015440175195,2,1,0,18,0,0,1,0,1,0,3,1,6,2,27,6,-1,-1,-1,-1,1,-1
2015440175195,3,9,0,18,0,0,0,0,0,0,1,1,6,2,57,9,1596,1,11,-1,2,-1
2015440175195,4,9,0,18,0,0,0,0,0,0,1,1,6,1,68,10,1560,2,2,-1,3,-1
2015440175275,1,2,0,16,0,0,0,0,0,0,1,1,6,1,16,4,49,1,11,-1,1,-1