Accident_Index,Vehicle_Reference,Vehicle_Type,Towing_and_Articulation,Vehicle_Manoeuvre,Vehicle_Location-Restricted_Lane,Junction_Location,Skidding_and_Overturning,Hit_Object_in_Carriageway,Vehicle_Leaving_Carriageway,Hit_Object_off_Carriageway,1st_Point_of_Impact,Was_Vehicle_Left_Hand_Drive?,Journey_Purpose_of_Driver,Sex_of_Driver,Age_of_Driver,Age_Band_of_Driver,Engine_Capacity_(CC),Propulsion_Code,Age_of_Vehicle,Driver_IMD_Decile,Driver_Home_Area_Type,Vehicle_IMD_Decile
2015440175295,1,1,0,16,0,8,0,0,0,0,3,1,6,2,31,6,-1,-1,-1,-1,1,-1
2015440175295,2,9,0,9,0,8,0,0,0,0,1,1,6,3,-1,-1,-1,-1,-1,-1,-1,-1
2015440175317,1,5,0,16,0,0,1,0,7,0,1,1,6,1,48,8,1299,1,12,-1,1,-1
2015440175317,2,9,0,17,0,0,1,0,0,0,1,1,6,1,44,7,1598,1,5,-1,3,-1
2015440175787,1,90,0,17,0,0,5,0,1,11,1,1,6,1,64,9,-1,-1,-1,-1,3,-1
2015440175789,1,21,1,6,0,1,0,0,0,0,4,1,1,1,44,7,12740,2,3,-1,-1,-1
2015440175873,1,9,0,10,0,8,0,0,0,0,2,1,6,3,-1,-1,1685,2,4,-1,-1,-1
2015440175873,2,9,0,3,0,8,0,0,0,0,2,1,6,1,72,10,1149,1,17,-1,1,-1
2015440175873,3,9,0,18,0,8,0,0,0,0,1,1,6,3,-1,-1,1997,2,15,-1,-1,-1
2015440175905,1,9,0,18,0,1,0,0,0,0,1,1,6,1,77,11,1341,1,11,-1,1,-1
2015440175905,2,1,0,18,0,8,0,0,0,0,3,1,6,2,47,8,-1,-1,-1,-1,1,-1
2015440176040,1,9,0,18,0,0,1,0,0,0,1,1,6,1,54,8,2993,2,1,-1,1,-1
2015440176040,2,9,0,18,0,0,1,0,0,0,1,1,6,1,31,6,3189,1,8,-1,1,-1
2015440176040,3,19,0,4,0,0,0,0,0,0,2,1,1,1,39,7,1995,2,3,-1,1,-1
2015440176073,1,9,0,18,0,0,0,0,0,0,1,1,6,1,88,11,954,1,22,-1,1,-1
2015440176073,2,1,0,18,0,0,0,0,0,0,1,1,6,1,49,8,-1,-1,-1,-1,1,-1
2015440176106,1,9,0,5,0,1,0,0,0,0,2,1,6,1,48,8,1598,1,9,-1,1,-1
2015440176106,2,9,0,5,0,1,0,0,0,0,1,1,6,1,43,7,1997,2,16,-1,1,-1
2015440176243,1,9,0,18,0,0,0,0,0,0,4,1,6,1,-1,-1,1998,2,10,-1,1,-1
2015440176251,1,9,0,17,0,0,0,0,1,9,1,1,6,2,44,7,1956,2,3,-1,1,-1
2015440176256,1,9,0,18,0,0,0,0,0,0,1,1,1,2,33,6,1995,2,1,-1,1,-1
2015440176256,2,19,5,18,0,0,0,0,0,0,1,1,1,1,23,5,1968,2,-1,-1,2,-1
2015440176517,1,9,0,18,0,0,1,12,5,7,3,1,6,1,20,4,1999,1,12,-1,2,-1
2015440176670,1,19,0,12,0,1,0,0,0,0,3,1,6,1,31,6,2298,2,-1,-1,1,-1
2015440176670,2,4,0,18,0,1,0,0,0,0,4,1,2,2,22,5,599,1,8,-1,1,-1
2015440176811,1,9,0,18,0,0,0,0,0,0,4,1,6,1,28,6,-1,-1,-1,-1,1,-1
2015440176985,1,9,0,4,0,8,0,0,0,0,2,1,6,1,24,5,1242,1,15,-1,1,-1
2015440176985,2,9,0,18,0,8,0,0,0,0,1,1,1,1,21,5,1398,2,1,-1,1,-1
2015440176987,1,19,0,18,0,8,0,0,0,0,1,1,1,1,42,7,-1,-1,-1,-1,3,-1
2015440176987,2,9,0,18,0,8,0,0,0,0,2,1,6,2,70,10,1339,1,1,-1,1,-1
2015440176987,3,9,0,18,0,8,0,0,0,0,2,1,6,2,76,11,1998,1,9,-1,1,-1
2015440177005,1,9,0,18,0,0,0,0,0,0,1,1,6,1,80,11,1468,1,22,-1,1,-1
2015440177038,1,1,0,18,0,1,0,0,0,0,1,1,6,1,24,5,-1,-1,-1,-1,3,-1
2015440177038,2,9,0,2,0,1,0,0,0,0,3,1,6,3,-1,-1,-1,-1,-1,-1,-1,-1
2015440177208,1,9,0,18,0,1,0,0,0,0,1,1,6,1,-1,-1,1781,1,25,-1,-1,-1
2015440177208,2,97,0,3,0,1,0,0,0,0,2,1,6,1,40,7,998,1,11,-1,1,-1
2015440177341,1,2,0,13,0,8,0,0,0,0,1,1,6,1,16,4,50,1,8,-1,1,-1
2015440177341,2,9,0,9,0,8,0,0,0,0,3,1,1,2,34,6,1248,2,7,-1,1,-1
2015440177360,1,8,0,4,0,1,0,0,0,0,0,1,1,1,38,7,1997,2,6,-1,1,-1
2015440177378,1,9,0,18,0,0,0,0,0,0,1,1,2,2,23,5,1599,1,11,-1,1,-1
2015440177383,1,9,0,18,0,0,0,0,0,0,1,1,6,1,67,10,1590,1,21,-1,1,-1
2015440177563,1,9,0,18,0,8,0,0,0,0,1,1,6,1,34,6,2664,2,14,-1,1,-1
2015440177563,2,9,0,3,0,8,0,0,0,0,4,1,1,2,51,8,2993,2,2,-1,1,-1
2015440177837,1,1,0,14,0,8,0,0,0,0,1,1,6,1,33,6,-1,-1,-1,-1,1,-1
2015440177837,2,9,0,2,0,8,0,0,0,0,3,1,6,3,-1,-1,1587,1,13,-1,-1,-1
2015440178315,1,19,0,9,0,8,0,0,0,0,1,1,6,1,57,9,-1,-1,-1,-1,2,-1
2015440178315,2,5,0,18,0,8,1,0,0,0,1,1,6,1,45,7,919,1,13,-1,1,-1
2015440178337,1,5,0,16,0,1,1,0,7,0,0,1,6,1,78,11,883,1,11,-1,1,-1
2015440178337,2,9,0,18,0,8,0,0,0,0,1,1,2,1,40,7,1997,2,2,-1,1,-1
2015440178337,3,90,0,18,0,8,0,0,0,0,1,1,1,2,50,8,2298,2,-1,-1,1,-1
2015440178429,1,9,0,9,0,8,0,0,0,0,3,1,6,2,73,10,1560,2,1,-1,1,-1
2015440178429,2,1,0,18,0,8,0,0,0,0,1,1,6,2,25,5,-1,-1,-1,-1,1,-1
2015440178465,1,9,0,17,0,8,0,0,0,0,1,1,6,1,73,10,-1,-1,-1,-1,1,-1
2015440178465,2,9,0,5,0,8,0,0,0,0,1,1,1,1,44,7,1995,2,4,-1,1,-1
2015440178495,1,8,0,5,0,0,0,0,0,0,0,1,1,1,25,5,1598,2,3,-1,1,-1
2015440178598,1,9,0,18,0,2,0,0,0,0,1,1,6,3,-1,-1,-1,-1,-1,-1,-1,-1
2015440178598,2,1,0,18,0,2,0,0,0,0,2,1,6,1,15,3,-1,-1,-1,-1,1,-1
2015440178702,1,9,0,3,0,8,0,0,0,0,2,1,6,2,25,5,1598,2,2,-1,1,-1
2015440178702,2,9,0,18,0,8,0,0,0,0,1,1,6,1,-1,-1,1396,1,13,-1,-1,-1
2015440178859,1,1,0,18,0,0,0,0,0,0,1,1,6,1,45,7,-1,-1,-1,-1,1,-1
2015440178859,2,9,0,18,0,0,0,0,0,0,2,1,6,3,-1,-1,1799,1,20,-1,-1,-1
2015440178870,1,20,3,18,0,0,0,0,0,0,4,1,1,3,-1,-1,-1,-1,-1,-1,-1,-1
2015440178941,1,9,0,10,0,1,0,0,0,0,2,1,6,1,50,8,1598,1,12,-1,1,-1
2015440178941,2,9,0,3,0,1,0,0,0,0,2,1,6,1,72,10,1248,1,5,-1,1,-1
2015440178941,3,9,0,18,0,1,0,0,0,0,1,1,6,1,29,6,1598,2,2,-1,1,-1
2015440178975,1,1,0,18,0,8,0,0,0,0,3,1,6,1,12,3,-1,-1,-1,-1,1,-1
2015440178975,2,9,0,18,0,8,0,0,0,0,1,1,6,3,-1,-1,-1,-1,-1,-1,-1,-1
2015440178998,1,9,0,4,0,2,0,0,0,0,2,1,2,1,27,6,1970,1,10,-1,1,-1
2015440178998,2,9,0,18,0,2,0,0,0,0,1,1,6,3,-1,-1,-1,-1,-1,-1,-1,-1
2015440179022,1,9,0,18,0,0,0,7,0,0,1,1,6,1,58,9,2148,2,12,-1,1,-1
2015440179272,1,3,0,13,0,0,0,0,0,0,4,1,2,1,17,4,-1,-1,-1,-1,1,-1
2015440179272,2,9,0,12,0,0,0,0,0,0,3,1,2,2,27,6,995,1,2,-1,1,-1
2015440179305,1,19,0,18,0,1,0,0,0,0,1,1,6,1,28,6,1248,2,1,-1,1,-1
2015440179305,2,9,0,3,0,1,0,0,0,0,2,1,6,2,48,8,1598,1,4,-1,1,-1
2015440179305,3,9,0,3,0,1,0,0,0,0,2,1,6,2,47,8,1124,1,13,-1,1,-1
2015440179365,1,9,0,18,0,1,1,0,1,9,1,1,2,1,23,5,1984,1,8,-1,1,-1
2015440179365,2,9,0,9,0,6,0,0,0,0,0,1,1,3,-1,-1,1149,1,9,-1,-1,-1
2015440179588,1,9,3,18,0,0,4,0,4,6,3,1,6,1,46,8,2184,2,12,-1,1,-1
2015440179596,1,9,0,18,0,1,0,0,0,0,1,1,6,2,21,5,1298,1,12,-1,1,-1
2015440179596,2,9,0,18,0,1,0,0,0,0,1,1,6,3,-1,-1,-1,-1,-1,-1,-1,-1
2015440179734,1,3,0,18,0,8,0,0,0,0,1,1,1,1,22,5,124,1,-1,-1,1,-1
2015440179734,2,9,0,18,0,8,0,0,0,0,3,1,6,1,66,10,1749,1,14,-1,1,-1
2015440179942,1,9,0,3,0,2,0,0,0,0,2,1,6,1,34,6,-1,-1,-1,-1,1,-1
2015440179942,2,3,0,18,0,2,1,0,0,0,1,1,2,1,24,5,124,1,1,-1,1,-1
2015440179985,1,9,0,11,0,1,0,0,0,0,2,1,6,1,31,6,1124,1,15,-1,3,-1
2015440179985,2,9,0,18,0,1,0,0,0,0,1,1,6,3,-1,-1,1396,1,11,-1,-1,-1
2015440180045,1,9,0,10,0,1,0,0,0,0,2,1,6,2,44,7,2179,2,3,-1,2,-1
2015440180045,2,9,0,18,0,1,0,0,0,0,1,1,6,1,72,10,1990,1,15,-1,2,-1
2015440180082,1,9,0,18,0,1,0,0,0,0,1,1,2,1,26,6,1360,1,16,-1,1,-1
2015440180082,2,9,0,9,0,6,0,0,0,0,3,1,2,2,39,7,1968,2,7,-1,1,-1
2015440180123,1,3,0,13,0,8,1,0,0,0,4,1,6,1,33,6,125,1,8,-1,-1,-1
2015440180123,2,9,0,9,0,6,0,0,0,0,1,1,6,1,60,9,1598,1,8,-1,1,-1
2015440180167,1,9,0,18,0,8,0,0,0,0,3,1,6,2,58,9,1796,1,5,-1,3,-1
2015440180167,2,5,0,18,0,8,0,0,0,0,1,1,6,1,52,8,660,1,6,-1,1,-1
2015440180677,1,9,0,4,0,0,0,0,0,0,2,1,2,2,47,8,1968,2,6,-1,1,-1
2015440180677,2,3,0,18,0,0,0,0,0,0,1,1,1,1,21,5,124,1,4,-1,1,-1
2015440180767,1,9,0,3,0,8,0,0,0,0,2,1,1,2,29,6,998,1,6,-1,1,-1
2015440180767,2,1,0,18,0,8,0,0,0,0,1,1,6,1,19,4,-1,-1,-1,-1,1,-1
2015440180910,1,9,0,18,0,8,0,0,0,0,1,1,6,3,-1,-1,1796,1,17,-1,-1,-1
2015440180910,2,9,0,7,0,8,0,0,0,0,3,1,6,3,-1,-1,1796,1,8,-1,-1,-1
2015440180938,1,9,0,7,0,6,0,0,0,0,1,1,1,2,25,5,1198,1,12,-1,1,-1
2015440180938,2,9,0,18,0,1,0,0,0,0,4,1,1,1,39,7,1998,2,11,-1,1,-1
2015440180959,1,9,0,18,0,1,0,0,0,0,3,1,6,2,54,8,1988,1,14,-1,1,-1
2015440180959,2,9,0,11,0,1,0,0,0,0,4,1,2,1,47,8,1396,1,14,-1,-1,-1
2015440180982,1,9,0,16,0,1,2,0,7,0,1,1,6,1,59,9,1986,2,10,-1,3,-1
2015440181034,1,9,0,5,0,8,0,0,0,0,1,1,6,1,71,10,1560,2,4,-1,1,-1
2015440181034,2,1,0,18,0,8,0,0,0,0,1,1,6,1,12,3,-1,-1,-1,-1,1,-1
2015440181244,1,1,0,18,0,1,0,0,0,0,1,1,2,1,46,8,-1,-1,-1,-1,1,-1
2015440181244,2,9,0,2,0,1,0,0,0,0,2,1,6,2,-1,-1,1598,1,3,-1,-1,-1
2015440181260,1,9,0,18,0,0,0,0,0,0,1,1,6,1,23,5,1781,1,16,-1,-1,-1
2015440181260,2,9,0,18,0,0,0,0,0,0,2,1,6,1,55,8,1364,1,6,-1,1,-1
2015440181278,1,9,0,2,0,2,0,0,0,0,3,1,6,1,26,6,1493,2,6,-1,1,-1
2015440181278,2,1,0,18,0,2,0,0,0,0,1,1,6,1,12,3,-1,-1,-1,-1,1,-1
2015440181327,1,5,0,7,0,8,0,0,0,0,1,1,2,1,42,7,654,1,6,-1,1,-1
2015440181327,2,9,0,18,0,8,0,0,0,0,3,1,1,1,51,8,1998,2,11,-1,1,-1
2015440181352,1,19,0,17,0,8,0,0,0,0,1,1,1,1,41,7,-1,-1,-1,-1,-1,-1
2015440181352,2,9,0,16,0,8,0,0,1,0,1,1,6,2,51,8,1598,1,8,-1,3,-1
2015440181352,3,9,0,16,0,8,0,0,0,0,1,1,6,2,28,6,1598,2,5,-1,3,-1
2015440181417,1,9,0,18,0,0,0,0,0,0,2,1,6,2,25,5,-1,-1,-1,-1,1,-1
2015440181417,2,9,0,18,0,0,0,0,0,0,1,1,6,3,-1,-1,-1,-1,-1,-1,-1,-1
2015440181488,1,9,0,3,0,1,0,0,0,0,2,1,6,1,48,8,1360,1,13,-1,1,-1
2015440181488,2,9,0,4,0,1,0,0,0,0,1,1,6,2,37,7,1968,2,5,-1,1,-1
2015440181598,1,9,0,18,0,0,1,0,0,0,1,1,6,1,17,4,1596,1,18,-1,1,-1
2015440181598,2,9,0,18,0,0,0,0,1,0,1,1,6,1,53,8,1795,1,16,-1,2,-1
2015440181860,1,9,0,18,0,0,5,0,7,4,1,1,6,2,20,4,973,1,13,-1,3,-1
2015440182138,1,5,0,18,0,8,0,0,0,0,3,1,6,1,69,10,1063,1,19,-1,2,-1
2015440182138,2,9,0,7,0,8,0,0,0,0,4,1,6,2,33,6,1242,1,11,-1,1,-1
2015440182187,1,9,0,4,0,2,0,0,0,0,2,1,6,1,38,7,1997,2,7,-1,1,-1
2015440182187,2,1,0,18,0,2,0,0,0,0,1,1,6,1,39,7,-1,-1,-1,-1,1,-1
2015440182192,1,9,0,18,0,0,5,0,8,1,1,1,6,1,59,9,1997,1,2,-1,3,-1
2015440182277,1,9,0,5,0,8,0,0,0,0,3,1,6,1,76,11,1198,1,1,-1,1,-1
2015440182277,2,97,0,18,0,8,0,0,0,0,1,1,6,1,74,10,646,1,-1,-1,1,-1
2015440182641,1,9,0,5,0,8,0,0,0,0,4,1,6,1,70,10,1341,1,12,-1,1,-1
2015440182641,2,9,0,18,0,1,0,0,0,0,1,1,2,1,21,5,973,1,15,-1,1,-1
2015440182854,1,9,0,18,0,0,2,4,0,0,1,1,6,1,41,7,1596,1,10,-1,1,-1
2015440182854,2,9,0,2,0,0,0,4,0,0,1,1,6,2,43,7,1968,2,5,-1,-1,-1
2015440182854,3,19,0,2,0,0,0,4,0,0,1,1,6,1,57,9,2463,2,10,-1,-1,-1
2015440182860,1,9,0,18,0,0,0,0,5,6,1,1,6,1,23,5,1998,2,10,-1,1,-1
2015440182860,2,9,0,18,0,0,0,0,0,0,1,1,6,1,56,9,1396,1,12,-1,1,-1
2015440182860,3,9,0,18,0,0,0,0,0,0,3,1,6,1,46,8,2204,2,6,-1,3,-1
2015440182870,1,11,0,18,0,0,0,0,0,0,2,1,1,1,47,8,12000,2,7,-1,2,-1
2015440182870,2,9,0,18,0,0,0,0,0,0,1,1,6,3,-1,-1,2231,2,2,-1,-1,-1
2015440183029,1,9,0,5,0,4,0,0,0,0,1,1,6,1,44,7,1995,2,-1,-1,3,-1
2015440183029,2,1,0,17,0,8,0,0,0,0,4,1,6,2,41,7,-1,-1,-1,-1,1,-1
2015440183186,1,9,0,18,0,1,0,0,0,0,4,1,6,3,-1,-1,-1,-1,-1,-1,-1,-1
2015440183257,1,9,0,9,0,8,0,0,0,0,4,1,6,2,81,11,998,1,16,-1,1,-1
2015440183257,2,9,0,18,0,8,0,0,0,0,1,1,6,1,32,6,1686,2,7,-1,1,-1
2015440183383,1,9,0,3,0,1,0,0,0,0,2,1,6,2,37,7,1968,2,5,-1,1,-1
2015440183383,2,9,0,3,0,1,0,0,0,0,2,1,6,2,44,7,1124,1,12,-1,1,-1
2015440183383,3,9,0,3,0,1,0,0,0,0,2,1,6,2,61,9,1598,1,1,-1,1,-1
2015440183383,4,9,0,18,0,1,1,0,0,0,1,1,6,2,18,4,1598,1,1,-1,1,-1
2015440183392,1,97,0,18,0,1,1,0,0,0,3,1,6,1,18,4,125,1,1,-1,1,-1
2015440183830,1,9,0,18,0,0,0,0,0,0,4,1,1,2,51,8,1390,1,4,-1,1,-1
2015440183902,1,9,0,9,0,8,0,0,0,0,1,1,6,2,17,4,1598,1,13,-1,3,-1
2015440183902,2,9,0,18,0,8,0,0,0,0,3,1,6,2,41,7,1905,2,18,-1,1,-1
2015440183944,1,9,0,18,0,8,0,0,0,0,1,1,1,2,54,8,1798,1,1,-1,1,-1
2015440184081,1,9,0,18,0,1,0,0,0,0,0,1,6,2,78,11,995,1,8,-1,1,-1
2015440184081,2,9,0,1,0,1,0,0,0,0,2,1,6,3,-1,-1,-1,-1,-1,-1,-1,-1
2015440184195,1,9,0,18,0,8,0,0,0,0,1,1,2,2,52,8,1968,2,5,-1,-1,-1
2015440184195,2,1,0,18,0,8,0,0,0,0,4,1,2,1,36,7,-1,-1,-1,-1,1,-1
2015440184216,1,9,0,18,0,1,0,0,0,0,3,1,6,2,21,5,1299,1,12,-1,1,-1
2015440184216,2,9,0,9,0,8,0,0,0,0,1,1,6,1,-1,-1,1149,1,13,-1,-1,-1
2015440184533,1,9,0,3,0,1,0,0,0,0,2,1,6,2,23,5,1229,1,5,-1,1,-1
2015440184533,2,9,0,7,0,1,0,0,0,0,3,1,6,3,-1,-1,1360,1,6,-1,-1,-1
2015440184595,1,21,0,18,0,0,0,0,0,0,1,1,1,3,-1,-1,-1,-1,-1,-1,-1,-1
2015440184595,2,9,0,18,0,0,0,0,0,0,2,1,2,2,27,6,1388,1,8,-1,1,-1
2015440185092,1,9,0,18,0,0,1,0,1,0,1,1,6,2,42,7,1896,2,8,-1,1,-1
2015440185099,1,9,0,8,9,8,0,0,0,0,4,1,2,1,34,6,1275,1,19,-1,1,-1
2015440185099,2,1,0,18,9,8,0,0,0,0,1,1,6,1,14,3,-1,-1,-1,-1,1,-1
2015440185149,1,9,0,7,0,6,0,0,0,0,3,1,2,1,47,8,-1,-1,-1,-1,1,-1
2015440185149,2,1,0,18,0,1,0,0,0,0,1,1,6,1,44,7,-1,-1,-1,-1,1,-1
2015440185386,1,9,0,3,0,0,0,0,0,0,2,1,6,1,38,7,1242,1,6,-1,3,-1
2015440185386,2,9,0,18,0,0,0,0,0,0,1,1,6,3,-1,-1,1587,1,13,-1,-1,-1
2015440185505,1,4,0,16,0,0,1,0,0,0,3,1,6,1,49,8,449,1,2,-1,2,-1
2015440185505,2,9,0,17,0,0,0,0,0,0,3,1,2,2,28,6,1598,1,12,-1,2,-1
2015440185571,1,9,0,18,0,0,1,0,7,9,1,1,6,1,22,5,1598,1,13,-1,1,-1
2015440185618,1,9,0,3,0,1,0,0,0,0,2,1,6,2,26,6,1388,1,11,-1,1,-1
2015440185618,2,20,0,4,0,1,0,0,0,0,1,1,1,1,52,8,11946,2,2,-1,1,-1
2015440185716,1,11,0,18,0,1,0,0,0,0,1,1,1,1,37,7,-1,-1,-1,-1,-1,-1
2015440185716,2,19,0,18,0,2,0,0,0,0,0,1,1,1,24,5,2287,2,3,-1,1,-1
2015440185745,1,9,0,4,0,1,0,0,0,0,4,1,6,2,50,8,1560,2,4,-1,1,-1
2015440185745,2,1,0,18,0,1,0,0,0,0,1,1,6,1,49,8,-1,-1,-1,-1,2,-1
2015440185771,1,9,0,9,0,8,0,0,0,0,1,1,6,2,22,5,1242,1,9,-1,1,-1
2015440185771,2,9,0,18,0,1,0,0,0,0,1,1,6,2,24,5,1360,1,9,-1,1,-1
2015440185960,1,3,0,17,0,0,0,12,0,0,1,1,6,1,18,4,-1,-1,-1,-1,3,-1
2015440186008,1,9,0,9,0,6,0,0,0,0,1,1,6,1,34,6,1798,1,12,-1,1,-1
2015440186008,2,3,0,13,0,1,0,0,0,0,4,1,6,1,27,6,125,1,1,-1,1,-1
2015440186190,1,9,0,18,0,0,2,0,1,11,1,1,6,1,22,5,1998,1,17,-1,1,-1
2015440186190,2,9,0,18,0,0,1,0,0,0,1,1,2,1,62,9,1761,1,19,-1,1,-1
2015440186469,1,19,0,1,0,0,0,0,0,0,2,1,6,1,-1,-1,-1,-1,-1,-1,-1,-1
2015440186469,2,1,0,18,0,0,0,0,0,0,1,1,6,1,63,9,-1,-1,-1,-1,1,-1
2015440186475,1,9,0,11,0,2,0,0,0,0,0,1,2,2,40,7,1595,1,4,-1,1,-1
2015440186475,2,9,0,18,0,2,2,0,5,6,1,1,2,1,32,6,1248,1,5,-1,1,-1
2015440186646,1,8,0,18,0,1,0,0,0,0,1,1,1,1,33,6,1595,1,4,-1,1,-1
2015440186646,2,9,0,9,0,8,0,0,0,0,1,1,3,2,40,7,2171,2,12,-1,1,-1
2015440186664,1,9,0,10,0,1,0,0,0,0,2,1,6,2,32,6,1124,1,9,-1,1,-1
2015440186664,2,20,0,18,0,1,0,0,0,0,1,1,1,1,53,8,12902,2,2,-1,3,-1
2015440186677,1,9,0,5,0,4,0,0,0,0,1,1,1,1,45,7,1461,2,2,-1,1,-1
2015440186677,2,1,0,18,0,7,0,0,0,0,4,1,6,1,25,5,-1,-1,-1,-1,1,-1
2015440186816,1,9,0,18,0,8,0,0,0,0,1,1,6,2,41,7,1598,1,2,-1,-1,-1
2015440186816,2,9,0,9,0,8,0,0,0,0,4,1,6,1,33,6,1968,2,5,-1,1,-1
2015440187061,1,3,0,3,0,1,0,0,0,0,2,1,2,1,30,6,124,1,1,-1,1,-1
2015440187061,2,9,0,4,0,1,0,0,0,0,1,1,2,2,41,7,1995,2,11,-1,1,-1
2015440187135,1,5,0,18,0,8,0,0,0,0,4,1,2,1,37,7,599,1,14,-1,1,-1
2015440187135,2,1,0,18,0,8,0,0,0,0,0,1,4,1,13,3,-1,-1,-1,-1,1,-1
2015440187140,1,21,0,4,0,0,0,0,0,0,1,1,1,1,47,8,12777,2,8,-1,1,-1
2015440187140,2,1,0,9,0,0,0,0,0,0,3,1,6,2,15,3,-1,-1,-1,-1,1,-1
2015440187320,1,9,0,18,0,1,0,0,0,0,1,1,6,1,18,4,1229,1,11,-1,1,-1
2015440187320,2,9,0,4,0,1,0,0,0,0,2,1,6,1,31,6,998,1,-1,-1,1,-1
2015440187320,3,9,0,3,0,1,0,0,0,0,2,1,6,1,50,8,1994,2,17,-1,1,-1
2015440187841,1,9,0,5,0,0,0,0,0,0,2,1,6,1,59,9,1598,1,12,-1,1,-1
2015440187841,2,9,0,5,0,0,0,0,0,0,1,1,1,2,21,5,1242,1,3,-1,1,-1
2015440188054,1,9,0,16,0,8,0,0,0,0,4,1,6,2,21,5,1229,1,10,-1,1,-1
2015440188103,1,9,0,5,0,1,0,0,0,0,2,1,6,2,18,4,1398,2,8,-1,1,-1
2015440188103,2,9,0,5,0,1,0,0,0,0,1,1,6,2,-1,-1,1968,2,2,-1,-1,-1
2015440188357,1,9,0,5,0,1,0,0,0,0,0,1,6,1,54,8,1597,1,12,-1,1,-1
2015440188413,1,9,0,18,0,1,0,0,0,0,1,1,6,2,60,9,1360,1,8,-1,1,-1
2015440188413,2,1,0,18,0,1,0,0,0,0,3,1,6,1,12,3,-1,-1,-1,-1,1,-1
2015440188492,1,97,0,18,0,2,0,0,0,0,4,1,6,3,-1,-1,-1,-1,-1,-1,-1,-1
2015440188561,1,9,0,4,0,0,0,0,0,0,2,1,6,3,-1,-1,1198,1,12,-1,-1,-1
2015440188561,2,9,0,4,0,0,0,0,0,0,1,1,6,2,48,8,1598,1,13,-1,1,-1
2015440188697,1,9,0,18,0,1,0,0,0,0,1,1,6,3,-1,-1,-1,-1,-1,-1,-1,-1
2015440188697,2,1,0,18,0,8,0,0,0,0,3,1,6,2,14,3,-1,-1,-1,-1,1,-1
2015440188833,1,5,0,18,0,0,0,0,0,0,1,1,6,1,18,4,-1,-1,-1,-1,1,-1
2015440188833,2,9,0,2,0,0,0,0,0,0,1,1,6,3,-1,-1,1973,1,14,-1,-1,-1
2015440188833,3,9,0,2,0,0,0,0,0,0,3,1,6,3,-1,-1,1598,1,8,-1,-1,-1
2015440188833,4,9,0,2,0,0,0,0,0,0,1,1,6,3,-1,-1,-1,-1,-1,-1,-1,-1
2015440188892,1,9,0,10,0,1,0,0,0,0,2,1,6,2,21,5,1242,1,13,-1,1,-1
2015440188892,2,19,0,18,0,1,0,0,0,0,1,1,6,1,-1,-1,1560,2,6,-1,-1,-1
2015440189099,1,19,0,18,0,1,0,0,0,0,1,1,1,1,32,6,2402,2,12,-1,1,-1
2015440189099,2,4,0,9,0,8,0,0,0,0,1,1,2,1,46,8,499,1,10,-1,1,-1
2015440189122,1,3,0,4,0,0,1,0,0,0,0,1,6,2,17,4,-1,-1,-1,-1,1,-1
2015440189157,1,20,0,17,0,0,0,0,0,0,1,1,1,1,41,7,-1,-1,-1,-1,1,-1
2015440189157,2,19,0,16,0,0,0,0,0,0,1,1,2,1,45,7,2151,2,12,-1,1,-1
2015440189188,1,1,0,18,0,1,0,0,0,0,3,1,6,1,54,8,-1,-1,-1,-1,1,-1
2015440189188,2,9,0,7,0,8,0,0,0,0,4,1,6,1,24,5,-1,-1,-1,-1,1,-1
2015440189315,1,9,0,7,0,1,0,0,0,0,1,1,6,2,24,5,998,1,16,-1,1,-1
2015440189315,2,9,0,8,0,1,0,0,0,0,2,1,6,1,76,11,-1,-1,-1,-1,1,-1
2015440189429,1,9,0,18,0,2,0,0,0,0,1,1,6,1,62,9,1296,1,7,-1,2,-1
2015440189704,1,8,0,18,0,8,0,0,0,0,1,1,1,1,-1,-1,998,1,1,-1,-1,-1
2015440189704,2,1,0,18,0,8,0,0,0,0,2,1,1,2,59,9,-1,-1,-1,-1,1,-1
2015440189742,1,9,0,18,0,1,0,0,0,0,1,1,6,2,-1,-1,-1,-1,-1,-1,-1,-1
2015440189742,2,1,0,18,0,1,0,0,0,0,3,1,2,2,22,5,-1,-1,-1,-1,1,-1
2015440189763,1,9,0,18,0,2,0,0,0,0,1,1,6,1,67,10,1598,1,14,-1,1,-1
2015440189819,1,9,0,4,0,0,0,0,0,0,2,1,2,2,26,6,998,1,2,-1,1,-1
2015440189819,2,9,0,18,0,0,0,0,0,0,1,1,6,3,-1,-1,-1,-1,-1,-1,-1,-1
2015440189895,1,19,0,4,0,0,0,0,0,0,2,1,6,1,38,7,1560,2,1,-1,1,-1
2015440189895,2,5,0,18,0,0,0,0,0,0,1,1,6,1,49,8,798,1,6,-1,1,-1
2015440189979,1,9,0,16,0,0,0,0,0,0,1,1,2,1,55,8,1399,1,9,-1,1,-1
2015440189979,2,9,0,17,0,0,0,0,0,0,1,1,6,1,39,7,1587,1,12,-1,1,-1
2015440189986,1,9,0,7,0,8,0,0,0,0,3,1,6,1,54,8,1997,2,14,-1,1,-1
2015440190371,1,8,0,4,0,1,0,0,0,0,2,1,1,1,33,6,1598,2,3,-1,1,-1
2015440190371,2,9,0,5,0,1,0,0,0,0,1,1,6,1,24,5,1390,1,9,-1,1,-1