Accident_Index,Vehicle_Reference,Vehicle_Type,Towing_and_Articulation,Vehicle_Manoeuvre,Vehicle_Location-Restricted_Lane,Junction_Location,Skidding_and_Overturning,Hit_Object_in_Carriageway,Vehicle_Leaving_Carriageway,Hit_Object_off_Carriageway,1st_Point_of_Impact,Was_Vehicle_Left_Hand_Drive?,Journey_Purpose_of_Driver,Sex_of_Driver,Age_of_Driver,Age_Band_of_Driver,Engine_Capacity_(CC),Propulsion_Code,Age_of_Vehicle,Driver_IMD_Decile,Driver_Home_Area_Type,Vehicle_IMD_Decile
2015440294322,1,9,0,17,0,8,0,0,0,0,1,1,6,2,28,6,1395,1,1,-1,1,-1
2015440294348,1,3,0,18,0,8,0,0,0,0,0,1,6,1,47,8,124,1,14,-1,1,-1
2015440294348,2,9,0,18,0,8,0,0,0,0,0,1,6,1,59,9,-1,-1,-1,-1,1,-1
2015440294886,1,9,0,18,0,1,0,0,0,0,1,1,6,2,42,7,1389,1,17,-1,1,-1
2015440295024,1,9,0,5,0,8,0,0,0,0,1,1,1,1,49,8,-1,-1,-1,-1,-1,-1
2015440295024,2,1,0,18,0,8,0,0,0,0,1,1,6,1,25,5,-1,-1,-1,-1,1,-1
2015440295077,1,9,0,18,0,0,2,0,1,4,4,1,6,1,20,4,1390,1,14,-1,1,-1
2015440295197,1,1,0,18,0,8,0,0,0,0,1,1,6,2,43,7,-1,-1,-1,-1,1,-1
2015440295197,2,9,0,5,0,8,0,0,0,0,1,1,6,3,-1,-1,-1,-1,-1,-1,-1,-1
2015440295212,1,9,0,16,0,1,1,0,1,10,3,1,6,1,49,8,1753,2,9,-1,1,-1
2015440295251,1,9,0,10,0,1,0,0,0,0,2,1,2,2,39,7,1999,1,4,-1,1,-1
2015440295251,2,9,0,18,0,1,1,0,0,0,1,1,2,2,32,6,1493,2,4,-1,1,-1
2015440295268,1,9,0,16,0,8,1,0,1,11,1,1,6,2,46,8,1596,1,12,-1,1,-1
2015440295682,1,9,0,4,0,0,0,0,0,0,2,1,2,1,27,6,1781,1,13,-1,1,-1
2015440295682,2,19,0,4,0,0,0,0,0,0,1,1,1,1,46,8,2143,2,5,-1,1,-1
2015440295763,1,9,0,18,0,0,0,0,0,0,1,1,1,1,24,5,-1,-1,-1,-1,2,-1
2015440295771,1,19,0,18,0,1,1,0,0,0,1,1,6,1,30,6,1560,2,7,-1,1,-1
2015440295771,2,9,0,18,0,2,1,0,0,0,1,1,6,1,21,5,1198,1,12,-1,1,-1
2015440295856,1,9,0,17,0,0,2,0,7,9,0,1,6,1,18,4,1149,1,11,-1,1,-1
2015440295856,2,9,0,16,0,0,0,0,0,0,0,1,6,3,-1,-1,-1,-1,-1,-1,-1,-1
2015440296127,1,1,0,18,0,8,0,0,0,0,3,1,6,1,14,3,-1,-1,-1,-1,1,-1
2015440296127,2,8,0,18,0,8,0,0,0,0,1,1,1,1,-1,-1,-1,-1,-1,-1,-1,-1
2015440296359,1,9,0,18,0,8,1,0,0,0,1,1,1,1,44,7,1951,2,13,-1,1,-1
2015440296359,2,9,0,9,0,8,1,0,0,0,4,1,6,1,44,7,2401,2,9,-1,3,-1
2015440296366,1,9,0,9,0,5,0,0,0,0,1,1,2,1,54,8,1242,1,14,-1,2,-1
2015440296366,2,1,0,18,0,1,0,0,0,0,3,1,6,1,40,7,-1,-1,-1,-1,1,-1
2015440296385,1,9,0,7,0,8,0,10,7,11,1,1,6,2,66,10,1386,1,8,-1,1,-1
2015440296396,1,9,0,9,0,8,0,0,0,0,4,1,6,2,25,5,1364,1,10,-1,1,-1
2015440296396,2,3,0,18,0,8,0,0,0,0,1,1,6,1,17,4,124,1,14,-1,1,-1
2015440296710,1,9,0,17,0,0,1,0,7,0,2,1,2,1,18,4,1995,2,9,-1,1,-1
2015440296710,2,9,0,16,0,0,0,0,0,0,1,1,6,2,49,8,1896,2,14,-1,2,-1
2015440296852,1,9,0,18,0,1,0,10,7,2,4,1,6,1,19,4,1388,1,4,-1,1,-1
2015440296919,1,3,0,18,0,0,1,0,0,0,1,1,2,1,19,4,124,1,8,-1,2,-1
2015440296946,1,9,0,4,0,0,0,0,0,0,2,1,6,2,44,7,-1,-1,-1,-1,1,-1
2015440296946,2,19,0,4,0,0,0,0,0,0,2,1,1,1,48,8,1399,2,4,-1,1,-1
2015440296946,3,9,0,4,0,0,5,0,0,0,2,1,6,1,39,7,-1,-1,-1,-1,1,-1
2015440296946,4,9,0,18,0,0,0,0,0,0,1,1,6,2,18,4,1242,1,10,-1,3,-1
2015440297018,1,11,0,18,0,2,0,0,0,0,0,1,1,2,53,8,-1,-1,-1,-1,1,-1
2015440297018,2,9,0,18,0,2,0,0,0,0,0,1,6,3,-1,-1,-1,-1,-1,-1,-1,-1
2015440297267,1,9,0,9,0,8,0,0,0,0,3,1,6,1,83,11,1229,1,11,-1,1,-1
2015440297267,2,9,0,18,0,8,0,0,0,0,1,1,6,1,47,8,-1,-1,-1,-1,1,-1
2015440297522,1,9,0,18,0,0,0,0,1,10,1,1,6,1,42,7,1998,1,12,-1,1,-1
2015440297592,1,9,0,5,0,8,0,0,0,0,1,1,6,1,59,9,-1,-1,-1,-1,1,-1
2015440297592,2,1,0,18,0,8,0,0,0,0,1,1,6,1,17,4,-1,-1,-1,-1,1,-1
2015440297658,1,19,0,5,0,8,0,0,0,0,0,1,2,1,58,9,1870,2,11,-1,1,-1
2015440297669,1,9,0,18,0,8,0,0,0,0,4,1,6,2,81,11,1364,2,9,-1,1,-1
2015440297786,1,9,0,5,0,8,0,0,0,0,1,1,6,1,73,10,2494,1,27,-1,1,-1
2015440297786,2,9,0,18,0,8,0,0,0,0,3,1,6,1,45,7,1968,2,9,-1,1,-1
2015440297820,1,9,0,18,0,8,0,0,0,0,3,1,6,2,59,9,1560,2,9,-1,1,-1
2015440297902,1,9,0,18,0,0,0,0,0,0,4,1,6,2,73,10,1242,1,5,-1,1,-1
2015440298025,1,9,0,17,0,0,5,0,0,0,4,1,2,1,22,5,-1,-1,-1,-1,1,-1
2015440298069,1,9,0,18,0,8,0,0,0,0,1,1,6,1,65,9,1998,2,9,-1,3,-1
2015440298069,2,9,0,4,0,8,1,0,0,0,1,1,6,1,24,5,1956,2,3,-1,2,-1
2015440298377,1,9,0,18,0,0,0,0,0,0,1,1,6,2,31,6,1229,1,1,-1,1,-1
2015440298377,2,21,0,2,0,0,0,0,0,0,2,1,1,1,47,8,-1,-1,-1,-1,-1,-1
2015440298383,1,21,0,18,0,0,0,0,0,0,1,1,1,1,49,8,11967,2,4,-1,1,-1
2015440298383,2,90,0,18,0,0,0,0,0,0,2,1,1,1,61,9,-1,4,-1,-1,2,-1
2015440298547,1,9,0,7,0,8,0,0,0,0,1,1,6,2,58,9,1398,1,-1,-1,2,-1
2015440298547,2,9,0,18,0,8,0,0,0,0,4,1,6,2,73,10,847,1,17,-1,1,-1
2015440298573,1,9,0,18,0,0,0,0,0,0,1,1,6,2,23,5,1229,1,3,-1,1,-1
2015440298573,2,22,0,18,0,0,0,0,0,0,1,1,6,1,83,11,-1,-1,-1,-1,1,-1
2015440298591,1,9,0,4,0,1,0,0,0,0,1,1,2,1,54,8,1799,1,7,-1,3,-1
2015440298591,2,9,0,3,0,1,0,0,0,0,2,1,2,1,37,7,1339,1,1,-1,1,-1
2015440298591,3,9,0,3,0,1,0,0,0,0,2,1,6,2,47,8,1388,1,5,-1,1,-1
2015440298680,1,9,0,18,0,0,0,0,0,0,1,1,6,1,33,6,1560,2,4,-1,1,-1
2015440298680,2,9,0,2,0,0,0,0,0,0,1,1,6,3,-1,-1,1360,1,11,-1,-1,-1
2015440298698,1,9,0,18,0,8,0,0,0,0,1,1,6,1,23,5,1597,1,15,-1,1,-1
2015440298698,2,9,0,18,0,8,0,0,0,0,3,1,1,1,23,5,1390,1,4,-1,2,-1
2015440298701,1,3,0,18,0,0,0,0,0,0,3,1,6,1,41,7,124,1,16,-1,1,-1
2015440298701,2,9,0,11,0,0,0,0,0,0,4,1,6,1,26,6,1399,2,3,-1,1,-1
2015440298765,1,9,0,18,0,2,0,0,0,0,2,1,6,2,49,8,1339,1,11,-1,3,-1
2015440298765,2,9,0,18,0,2,0,0,0,0,1,1,6,2,38,7,1997,2,13,-1,1,-1
2015440298765,3,9,0,18,0,2,0,0,0,0,1,1,6,2,62,9,1597,2,2,-1,1,-1
2015440298806,1,3,0,16,0,0,0,0,7,7,3,1,6,1,17,4,124,1,-1,-1,1,-1
2015440298814,1,9,0,9,0,8,0,0,0,0,3,1,6,2,40,7,2993,2,5,-1,1,-1
2015440298814,2,9,0,15,0,8,0,0,0,0,1,1,6,1,30,6,1248,2,8,-1,1,-1
2015440298822,1,9,0,4,0,2,0,0,0,0,1,1,6,1,22,5,2143,2,1,-1,1,-1
2015440298822,2,9,0,3,0,1,0,0,0,0,2,1,6,1,56,9,1499,1,6,-1,1,-1
2015440298870,1,9,0,9,0,8,0,0,0,0,1,1,6,1,86,11,-1,-1,-1,-1,3,-1
2015440298870,2,4,0,18,0,8,0,0,0,0,4,1,6,1,61,9,1450,1,13,-1,1,-1
2015440298885,1,9,0,3,0,1,0,0,0,0,2,1,2,2,33,6,1596,1,13,-1,1,-1
2015440298885,2,9,0,18,0,1,0,0,0,0,1,1,6,3,-1,-1,-1,-1,-1,-1,-1,-1
2015440298890,1,5,0,18,0,0,1,0,0,0,3,1,1,1,33,6,750,1,14,-1,1,-1
2015440298890,2,9,0,18,0,0,0,0,0,0,4,1,2,1,55,8,1587,1,13,-1,1,-1
2015440298890,3,9,0,18,0,0,0,0,0,0,2,1,2,1,63,9,1988,1,11,-1,1,-1
2015440298989,1,9,0,7,0,8,0,0,0,0,4,1,6,2,-1,-1,-1,-1,-1,-1,-1,-1
2015440298989,2,1,0,18,0,8,0,0,0,0,3,1,2,1,39,7,-1,-1,-1,-1,1,-1
2015440299071,1,9,0,2,0,0,0,0,0,0,3,1,6,2,21,5,1198,1,12,-1,1,-1
2015440299071,2,9,0,1,0,0,0,0,0,0,1,1,6,3,-1,-1,1870,2,9,-1,-1,-1
2015440299360,1,9,0,5,0,8,0,0,0,0,3,1,6,1,29,6,1497,1,11,-1,1,-1
2015440299360,2,9,0,18,0,1,1,0,0,0,1,1,6,1,37,7,1896,2,11,-1,3,-1
2015440299409,1,9,0,17,0,1,1,0,1,2,1,1,6,1,20,4,2494,1,16,-1,1,-1
2015440299427,1,9,0,18,0,1,0,0,0,0,1,1,6,1,43,7,1995,2,4,-1,1,-1
2015440299427,2,9,0,18,0,2,0,0,0,0,1,1,6,1,17,4,973,1,13,-1,1,-1
2015440299722,1,9,0,9,0,6,0,0,0,0,1,1,6,2,38,7,1997,2,2,-1,1,-1
2015440299722,2,2,0,13,0,1,0,0,0,0,4,1,6,1,49,8,198,1,12,-1,1,-1
2015440299723,1,9,0,18,0,8,0,0,0,0,4,1,6,1,54,8,1781,1,14,-1,3,-1
2015440299723,2,1,0,18,0,8,0,0,0,0,1,1,6,1,24,5,-1,-1,-1,-1,1,-1
2015440299805,1,19,0,18,0,0,0,0,0,0,3,1,6,3,-1,-1,-1,-1,-1,-1,-1,-1
2015440299809,1,5,0,14,0,0,0,0,0,0,1,1,6,1,25,5,599,1,11,-1,1,-1
2015440299809,2,9,0,3,0,0,0,0,0,0,2,1,6,1,62,9,3947,1,21,-1,1,-1
2015440299809,3,9,0,3,0,0,0,0,0,0,3,1,6,3,-1,-1,1149,1,11,-1,-1,-1
2015440299809,4,9,0,3,0,0,0,0,0,0,3,1,6,3,-1,-1,2199,2,4,-1,-1,-1
2015440300072,1,16,0,3,0,0,0,0,0,0,0,1,6,2,60,9,-1,-1,-1,-1,3,-1
2015440300244,1,9,0,9,0,8,0,0,0,0,3,1,6,2,39,7,1400,1,9,-1,1,-1
2015440300244,2,9,0,18,0,1,0,0,0,0,1,1,6,2,26,6,1299,1,15,-1,1,-1
2015440300357,1,2,0,18,0,0,1,0,0,0,1,1,6,2,17,4,49,1,14,-1,1,-1
2015440300539,1,9,0,18,0,8,0,0,0,0,1,1,6,1,24,5,1997,2,11,-1,1,-1
2015440300539,2,9,0,18,0,8,0,0,0,0,4,1,6,1,19,4,1398,1,1,-1,1,-1
2015440300571,1,9,0,18,0,1,0,0,0,0,1,1,6,3,-1,-1,-1,-1,-1,-1,-1,-1
2015440300734,1,2,0,4,0,0,1,0,0,0,3,1,6,1,46,8,124,1,12,-1,1,-1
2015440300745,1,9,0,11,0,0,0,0,4,6,3,1,6,2,34,6,1598,1,13,-1,1,-1
2015440300745,2,9,0,18,0,0,0,0,0,0,0,1,6,1,62,9,-1,-1,-1,-1,1,-1
2015440300908,1,9,0,3,0,1,0,0,0,0,2,1,6,1,28,6,1242,1,4,-1,1,-1
2015440300908,2,9,0,5,0,1,0,0,0,0,1,1,6,2,29,6,1598,1,11,-1,1,-1
2015440300913,1,19,0,18,0,1,0,0,0,0,1,1,1,1,33,6,1598,2,-1,-1,1,-1
2015440300920,1,9,0,18,0,8,0,0,0,0,4,1,6,1,33,6,1686,2,6,-1,-1,-1
2015440300922,1,9,0,18,0,1,5,0,0,0,1,1,6,1,52,8,1995,2,11,-1,1,-1
2015440300922,2,9,0,18,0,2,1,10,0,0,3,1,6,1,53,8,1968,2,3,-1,1,-1
2015440300926,1,9,0,18,0,8,0,0,0,0,1,1,1,2,65,9,1997,2,7,-1,3,-1
2015440300926,2,9,0,9,0,8,0,0,0,0,3,1,6,2,83,11,1997,2,5,-1,3,-1
2015440300959,1,19,0,18,0,2,0,0,0,0,4,1,6,3,-1,-1,-1,-1,-1,-1,-1,-1
2015440301045,1,19,0,18,0,1,0,0,0,0,1,1,6,1,-1,-1,2143,2,1,-1,-1,-1
2015440301045,2,9,0,3,0,1,0,0,0,0,2,1,6,1,45,7,2996,1,6,-1,1,-1
2015440301045,3,9,0,3,0,1,0,0,0,0,2,1,6,1,-1,-1,-1,-1,-1,-1,1,-1
2015440301168,1,9,4,16,0,0,0,0,1,10,1,1,6,1,84,11,1360,1,6,-1,3,-1
2015440301341,1,9,0,18,0,0,0,0,0,0,1,1,6,1,65,9,1590,1,14,-1,1,-1
2015440301341,2,9,0,18,0,0,0,0,0,0,1,1,6,2,67,10,1388,1,4,-1,1,-1
2015440301433,1,9,0,16,0,8,2,7,7,2,3,1,6,1,41,7,-1,-1,-1,-1,1,-1
2015440301623,1,9,0,18,0,0,2,0,1,11,4,1,6,1,21,5,1998,1,10,-1,3,-1
2015440301647,1,9,0,17,0,0,2,0,7,0,1,1,6,1,54,8,998,1,4,-1,2,-1
2015440301678,1,9,0,17,0,1,5,0,2,2,1,1,6,2,18,4,1229,1,9,-1,3,-1
2015440301719,1,8,0,18,0,8,0,0,0,0,1,1,1,1,37,7,1997,2,4,-1,1,-1
2015440301719,2,8,0,18,0,8,0,0,0,0,1,1,1,1,28,6,1598,2,4,-1,1,-1
2015440301985,1,9,0,9,0,8,0,0,0,0,1,1,2,1,68,10,1560,2,9,-1,1,-1
2015440301985,2,5,0,18,0,8,1,0,0,0,4,1,6,1,50,8,1000,1,14,-1,2,-1
2015440302004,1,9,0,17,0,0,1,0,2,7,4,1,6,2,28,6,1360,1,11,-1,1,-1
2015440302007,1,9,0,18,0,0,0,0,0,0,1,1,6,3,-1,-1,-1,-1,-1,-1,-1,-1
2015440302007,2,22,0,18,0,0,0,0,0,0,3,1,6,1,70,10,-1,-1,-1,-1,1,-1
2015440302064,1,9,0,18,0,2,0,0,0,0,2,1,6,1,26,6,1995,2,4,-1,1,-1
2015440302064,2,19,0,18,0,2,0,0,0,0,1,1,6,1,32,6,2464,2,5,-1,1,-1
2015440302116,1,3,0,4,0,1,1,0,0,0,0,1,6,1,49,8,124,1,14,-1,1,-1
2015440302171,1,9,0,8,0,1,0,0,0,0,2,1,6,2,34,6,1998,2,6,-1,1,-1
2015440302171,2,9,0,5,0,1,0,0,0,0,1,1,6,2,36,7,1999,1,9,-1,1,-1
2015440302248,1,9,0,7,0,6,0,0,0,0,2,1,6,2,47,8,1364,1,1,-1,1,-1
2015440302248,2,2,0,18,0,1,0,0,0,0,1,1,6,1,16,4,49,1,12,-1,1,-1
2015440302321,1,1,0,16,0,0,1,0,0,0,1,1,6,2,48,8,-1,-1,-1,-1,1,-1
2015440302321,2,9,0,17,0,0,0,0,0,0,1,1,6,2,29,6,996,1,1,-1,1,-1
2015440302331,1,9,0,18,0,8,0,0,0,0,1,1,1,1,58,9,1248,2,5,-1,1,-1
2015440302331,2,9,0,7,0,8,0,0,0,0,1,1,6,1,32,6,1796,1,6,-1,1,-1
2015440302404,1,9,0,16,0,1,5,10,3,1,1,1,6,2,64,9,1299,1,13,-1,1,-1
2015440302674,1,5,0,18,0,8,1,0,0,0,1,1,1,1,36,7,599,1,14,-1,1,-1
2015440302674,2,9,0,9,0,8,0,0,0,0,0,1,1,1,33,6,1390,1,14,-1,1,-1
2015440302674,3,9,0,2,0,8,0,0,0,0,1,1,6,3,-1,-1,1329,1,5,-1,-1,-1
2015440302676,1,9,0,4,0,2,0,0,0,0,2,1,2,2,52,8,1685,2,1,-1,1,-1
2015440302676,2,9,0,4,0,2,0,0,0,0,1,1,2,1,19,4,999,1,16,-1,1,-1
2015440302676,3,9,0,4,0,2,0,0,0,0,2,1,2,1,47,8,1998,2,9,-1,1,-1
2015440302676,4,9,0,4,0,2,0,0,0,0,1,1,2,1,54,8,1798,8,1,-1,1,-1
2015440302703,1,3,0,3,0,1,0,0,0,0,2,1,1,2,21,5,125,1,1,-1,1,-1
2015440302703,2,9,0,5,0,1,0,0,0,0,1,1,1,2,45,7,1597,2,-1,-1,1,-1
2015440302815,1,8,0,18,0,1,0,0,0,0,1,1,6,1,62,9,1997,2,4,-1,1,-1
2015440302815,2,9,0,3,0,1,0,0,0,0,2,1,6,2,43,7,2495,2,20,-1,1,-1
2015440302815,3,9,0,18,0,8,0,0,0,0,1,1,6,1,47,8,2996,1,8,-1,1,-1
2015440302819,1,9,0,4,0,0,0,0,0,0,1,1,2,1,22,5,1149,1,14,-1,1,-1
2015440302819,2,9,0,4,0,0,0,0,0,0,2,1,6,2,34,6,1390,1,14,-1,1,-1
2015440302819,3,21,0,4,0,0,0,0,0,0,2,1,1,1,35,6,10518,2,4,-1,-1,-1
2015440302893,1,19,0,3,0,2,0,0,0,0,2,1,6,1,50,8,2198,2,2,-1,1,-1
2015440302893,2,9,0,18,0,2,0,0,0,0,1,1,6,1,-1,-1,-1,-1,-1,-1,-1,-1
2015440302908,1,19,0,4,0,0,0,0,0,0,2,1,1,1,56,9,1598,2,2,-1,1,-1
2015440302908,2,9,0,4,0,0,0,0,0,0,2,1,6,1,34,6,1686,2,3,-1,1,-1
2015440302908,3,9,0,4,0,0,0,0,0,0,2,1,6,2,32,6,3628,2,5,-1,1,-1
2015440302908,4,9,0,4,0,0,0,0,0,0,1,1,4,2,25,5,899,1,2,-1,1,-1
2015440302910,1,11,0,18,0,0,0,0,0,0,0,1,1,3,-1,-1,-1,-1,-1,-1,-1,-1
2015440303467,1,9,0,4,0,1,0,0,0,0,2,1,6,2,47,8,-1,-1,-1,-1,3,-1
2015440303467,2,9,0,4,0,1,0,0,0,0,1,1,6,1,51,8,1997,2,6,-1,1,-1
2015440303910,1,19,0,18,0,0,0,0,0,0,2,1,1,1,33,6,1968,2,1,-1,1,-1
2015440303910,2,9,0,18,0,0,0,0,0,0,2,1,1,1,61,9,1995,2,4,-1,1,-1
2015440303910,3,9,0,18,0,0,0,0,0,0,2,1,1,1,56,9,1396,1,4,-1,1,-1
2015440304008,1,9,0,18,0,8,0,0,0,0,1,1,1,1,27,6,1997,2,4,-1,3,-1
2015440304008,2,9,0,10,0,8,0,0,0,0,2,1,6,2,51,8,2993,2,9,-1,1,-1
2015440304039,1,9,0,9,0,8,0,0,0,0,3,1,6,2,32,6,1360,1,5,-1,1,-1
2015440304039,2,5,0,18,0,8,1,0,0,0,1,1,6,1,38,7,781,1,15,-1,1,-1
2015440304092,1,9,0,18,0,8,0,0,0,0,3,1,6,2,76,11,1364,1,3,-1,1,-1
2015440304092,2,9,0,18,0,8,0,0,0,0,1,1,2,1,54,8,-1,-1,-1,-1,1,-1
2015440304096,1,21,0,18,0,1,0,0,0,0,1,1,1,1,41,7,10837,2,1,-1,3,-1
2015440304096,2,9,0,18,0,1,0,0,0,0,2,1,6,1,74,10,2143,2,-1,-1,-1,-1
2015440304096,3,19,0,7,0,1,0,0,0,0,2,1,1,1,55,8,1560,2,3,-1,2,-1
2015440304128,1,21,0,7,0,1,0,0,0,0,4,1,1,3,-1,-1,8970,2,7,-1,-1,-1
2015440304135,1,9,0,9,0,8,0,0,0,0,1,1,6,2,87,11,1332,1,16,-1,1,-1
2015440304135,2,9,0,18,0,8,0,0,0,0,1,1,6,2,66,10,1586,1,7,-1,3,-1
2015440304135,3,9,0,8,0,8,0,0,0,0,1,1,1,1,55,8,1689,2,12,-1,1,-1
2015440304232,1,5,0,13,0,5,0,0,0,0,1,1,6,1,43,7,636,1,9,-1,3,-1
2015440304232,2,9,0,9,0,8,0,0,0,0,3,1,6,1,74,10,1339,1,2,-1,1,-1
2015440304612,1,19,0,4,0,0,0,0,0,0,1,1,1,1,39,7,1461,2,1,-1,1,-1
2015440304612,2,9,0,5,0,0,0,0,0,0,2,1,1,1,67,10,-1,-1,-1,-1,1,-1
2015440304612,3,9,0,5,0,0,0,0,0,0,2,1,6,2,-1,-1,1598,1,4,-1,3,-1
2015440304678,1,20,0,18,0,8,0,0,0,0,4,1,6,3,-1,-1,-1,-1,-1,-1,-1,-1
2015440304678,2,1,0,4,0,8,0,0,0,0,4,1,6,1,72,10,-1,-1,-1,-1,1,-1
2015440304792,1,9,0,18,0,8,0,0,0,0,1,1,6,2,26,6,1799,1,7,-1,2,-1
2015440304792,2,1,0,9,0,8,0,0,0,0,4,1,6,1,29,6,-1,-1,-1,-1,1,-1
2015440304803,1,9,0,4,0,0,0,0,0,0,2,1,6,1,19,4,1596,1,10,-1,1,-1
2015440304803,2,9,0,4,0,0,0,0,0,0,1,1,6,1,-1,-1,1328,1,10,-1,-1,-1
2015440304908,1,9,0,18,0,8,0,0,0,0,1,1,6,3,-1,-1,2143,2,2,-1,-1,-1
2015440304908,2,1,0,9,0,8,0,0,0,0,2,1,6,2,23,5,-1,-1,-1,-1,1,-1
2015440304991,1,9,0,18,0,8,0,0,0,0,1,1,6,2,32,6,998,1,1,-1,1,-1
2015440304991,2,9,0,4,0,8,0,0,0,0,2,1,6,2,17,4,1870,2,14,-1,1,-1
2015440305120,1,8,0,7,0,8,0,0,0,0,4,1,1,1,56,9,2198,2,-1,-1,1,-1
2015440305120,2,11,0,17,0,8,0,0,0,0,3,1,1,1,39,7,4461,2,2,-1,1,-1
2015440305294,1,1,0,18,0,1,0,0,0,0,3,1,1,1,27,6,-1,-1,-1,-1,1,-1
2015440305294,2,19,0,13,0,1,0,0,0,0,4,1,6,3,-1,-1,-1,-1,-1,-1,-1,-1
2015440305344,1,9,0,18,0,8,0,0,0,0,4,1,2,1,57,9,1797,1,16,-1,1,-1
2015440305402,1,9,0,18,0,1,0,0,0,0,1,1,6,2,36,7,1598,1,7,-1,1,-1
2015440305474,1,9,0,4,0,0,0,0,0,0,2,1,6,2,42,7,1871,2,13,-1,1,-1
2015440305474,2,9,0,4,0,0,0,0,0,0,1,1,6,1,36,7,-1,-1,-1,-1,-1,-1
2015440305521,1,19,0,18,0,1,0,0,0,0,4,1,6,2,64,9,2987,2,3,-1,1,-1
2015440305567,1,9,0,18,0,0,2,0,1,4,1,1,6,1,18,4,1229,1,4,-1,-1,-1
2015440305665,1,9,0,16,0,0,0,0,0,0,1,1,6,2,35,6,1596,1,13,-1,1,-1
2015440305665,2,19,0,17,0,0,0,0,0,0,1,1,6,3,-1,-1,-1,-1,-1,-1,-1,-1
2015440305769,1,90,0,17,0,0,1,0,1,4,1,1,1,2,43,7,5480,2,11,-1,-1,-1
2015440305785,1,9,0,16,0,0,0,0,1,1,1,1,6,1,83,11,2494,1,13,-1,2,-1
2015440306059,1,1,0,18,0,8,0,0,0,0,4,1,6,2,43,7,-1,-1,-1,-1,1,-1
2015440306059,2,9,0,5,0,8,0,0,0,0,1,1,6,1,-1,-1,1497,8,-1,-1,-1,-1
2015440306075,1,9,0,4,0,0,0,0,0,0,2,1,6,1,17,4,1149,1,10,-1,1,-1
2015440306075,2,9,0,18,0,0,0,0,0,0,1,1,6,3,-1,-1,-1,-1,-1,-1,-1,-1
2015440306090,1,9,0,9,0,8,0,0,0,0,1,1,6,1,68,10,1497,8,-1,-1,1,-1
2015440306090,2,1,0,18,0,8,0,0,0,0,1,1,6,1,25,5,-1,-1,-1,-1,1,-1
2015440306107,1,9,0,11,0,0,0,0,0,0,4,1,2,2,27,6,999,1,6,-1,1,-1
2015440306107,2,20,0,18,0,0,0,0,0,0,3,1,1,1,-1,-1,4462,2,3,-1,-1,-1
2015440306113,1,9,0,18,0,8,0,0,0,0,1,1,6,1,34,6,1798,1,9,-1,1,-1
2015440306113,2,9,0,18,0,8,0,0,7,11,4,1,6,2,22,5,1388,1,8,-1,1,-1
2015440306524,1,9,0,18,0,0,0,0,0,0,1,1,2,1,59,9,1984,1,12,-1,1,-1
2015440306524,2,9,0,3,0,0,0,0,0,0,2,1,6,1,24,5,1240,1,8,-1,1,-1
2015440306558,1,97,0,18,0,1,1,0,0,0,1,1,1,1,50,8,107,1,3,-1,1,-1
2015440306558,2,9,0,18,0,4,0,0,0,0,0,1,6,3,-1,-1,-1,-1,-1,-1,-1,-1
2015440306693,1,9,0,18,0,1,0,0,0,0,1,1,6,1,18,4,1560,2,4,-1,1,-1
2015440306693,2,9,0,18,0,1,0,0,0,0,1,1,6,1,73,10,1242,1,9,-1,1,-1
2015440307113,1,9,0,18,0,1,5,0,0,0,1,1,6,1,35,6,1850,1,15,-1,-1,-1
2015440307113,2,9,0,18,0,1,0,0,0,0,1,1,2,1,31,6,1995,2,3,-1,1,-1
2015440307147,1,9,0,18,0,0,0,0,0,0,1,1,6,2,70,10,1999,1,11,-1,1,-1
2015440307158,1,9,0,18,0,0,0,0,0,0,1,1,6,1,58,9,1896,2,11,-1,1,-1
2015440307333,1,1,0,18,0,8,0,0,0,0,3,1,6,1,14,3,-1,-1,-1,-1,1,-1
2015440307333,2,19,0,9,0,8,0,0,0,0,1,1,1,1,24,5,2143,2,5,-1,-1,-1
2015440307362,1,9,0,16,0,0,0,0,7,3,1,1,6,1,60,9,1997,2,12,-1,3,-1
2015440307366,1,9,0,17,0,8,0,0,0,0,1,1,2,1,38,7,1753,2,6,-1,1,-1
2015440307366,2,9,0,5,0,4,0,0,0,0,3,1,2,1,23,5,1389,1,15,-1,1,-1
2015440307383,1,3,0,18,0,8,0,0,0,0,4,1,6,1,23,5,124,1,-1,-1,1,-1
2015440307383,2,19,0,18,0,4,0,0,0,0,1,1,6,3,-1,-1,-1,-1,-1,-1,-1,-1
2015440307743,1,9,0,18,0,8,0,0,0,0,3,1,6,2,20,4,1198,1,-1,-1,1,-1
2015440307743,2,9,0,18,0,8,0,0,0,0,1,1,2,1,41,7,1598,1,-1,-1,1,-1
2015440307913,1,9,0,5,0,4,0,0,0,0,3,1,6,2,47,8,1560,2,1,-1,1,-1
2015440307913,2,1,0,18,0,8,0,0,0,0,1,1,6,2,27,6,-1,-1,-1,-1,2,-1
2015440308076,1,9,0,18,0,0,2,0,1,4,4,1,6,1,19,4,1598,1,11,-1,2,-1
2015440308150,1,9,0,18,0,0,0,0,0,0,1,1,6,2,18,4,1149,1,15,-1,1,-1