Accident_Index,Vehicle_Reference,Vehicle_Type,Towing_and_Articulation,Vehicle_Manoeuvre,Vehicle_Location-Restricted_Lane,Junction_Location,Skidding_and_Overturning,Hit_Object_in_Carriageway,Vehicle_Leaving_Carriageway,Hit_Object_off_Carriageway,1st_Point_of_Impact,Was_Vehicle_Left_Hand_Drive?,Journey_Purpose_of_Driver,Sex_of_Driver,Age_of_Driver,Age_Band_of_Driver,Engine_Capacity_(CC),Propulsion_Code,Age_of_Vehicle,Driver_IMD_Decile,Driver_Home_Area_Type,Vehicle_IMD_Decile
2015440308150,2,9,0,18,0,0,0,0,0,0,1,1,6,2,60,9,1796,1,13,-1,1,-1
2015440308152,1,9,0,18,0,4,0,0,0,0,3,1,6,2,61,9,1364,1,-1,-1,1,-1
2015440308152,2,9,0,9,0,8,0,0,0,0,1,1,6,1,57,9,1120,1,21,-1,1,-1
2015440308160,1,8,0,9,0,8,0,0,0,0,1,1,1,1,39,7,1753,2,7,-1,1,-1
2015440308160,2,2,0,18,0,8,0,0,0,0,1,1,6,1,17,4,49,1,8,-1,1,-1
2015440308208,1,9,0,1,0,2,0,0,7,11,2,1,6,1,85,11,1386,1,12,-1,1,-1
2015440308332,1,1,0,18,0,0,0,0,0,0,1,1,6,1,70,10,-1,-1,-1,-1,1,-1
2015440308332,2,9,0,2,0,0,0,0,0,0,3,1,6,1,68,10,2720,2,7,-1,1,-1
2015440308401,1,9,0,18,0,0,0,0,0,0,1,1,6,1,52,8,-1,-1,-1,-1,1,-1
2015440308401,2,9,0,2,0,0,0,0,0,0,2,1,6,3,-1,-1,1998,1,25,-1,-1,-1
2015440308412,1,9,0,18,0,1,0,0,0,0,1,1,6,2,35,6,1998,1,9,-1,1,-1
2015440308412,2,1,0,18,0,8,0,0,0,0,4,1,6,3,-1,-1,-1,-1,-1,-1,-1,-1
2015440308481,1,9,0,18,0,8,0,0,0,0,3,1,6,1,30,6,1997,1,11,-1,1,-1
2015440308481,2,9,0,7,0,8,0,0,0,0,1,1,6,2,37,7,1796,1,5,-1,1,-1
2015440308490,1,9,0,9,0,8,0,0,0,0,4,1,6,2,47,8,1229,1,2,-1,1,-1
2015440308490,2,3,0,18,0,1,0,0,0,0,1,1,6,1,19,4,49,1,13,-1,1,-1
2015440308648,1,2,0,18,0,8,0,0,0,0,4,1,6,1,17,4,49,1,7,-1,1,-1
2015440308648,2,9,0,15,0,8,0,0,0,0,3,1,6,1,30,6,1560,2,9,-1,1,-1
2015440309049,1,5,0,5,0,0,0,0,0,0,0,1,6,1,26,6,750,1,4,-1,1,-1
2015440309125,1,9,0,18,0,0,0,0,0,0,1,1,6,1,42,7,1995,1,9,-1,1,-1
2015440309125,2,9,0,4,0,0,0,0,0,0,2,1,6,1,37,7,1799,1,8,-1,1,-1
2015440309125,3,9,0,4,0,0,0,0,0,0,2,1,6,1,39,7,2967,2,6,-1,1,-1
2015440309132,1,9,0,14,0,1,0,0,0,0,1,1,6,2,26,6,1200,1,-1,-1,-1,-1
2015440309132,2,9,0,8,0,1,0,0,0,0,2,1,6,2,46,8,1997,2,5,-1,1,-1
2015440309138,1,9,0,16,0,0,0,0,0,0,1,1,6,1,81,11,1390,1,5,-1,1,-1
2015440309138,2,9,0,17,0,0,0,0,0,0,1,1,6,1,24,5,3999,1,2,-1,1,-1
2015440309179,1,9,0,16,0,0,0,0,0,0,1,1,6,1,21,5,1398,1,5,-1,1,-1
2015440309179,2,9,0,17,0,0,0,0,0,0,1,1,6,3,-1,-1,2446,2,24,-1,-1,-1
2015440309197,1,9,0,18,0,1,0,0,0,0,1,1,6,2,86,11,998,1,7,-1,1,-1
2015440309197,2,9,0,3,0,1,0,0,0,0,2,1,6,2,55,8,1242,1,11,-1,1,-1
2015440309331,1,9,0,12,0,0,0,0,0,0,0,1,6,3,-1,-1,-1,-1,-1,-1,-1,-1
2015440309331,2,9,0,18,0,0,1,0,5,6,3,1,6,1,18,4,1598,1,12,-1,1,-1
2015440309331,3,9,0,18,0,0,0,0,5,6,1,1,6,2,30,6,1582,2,3,-1,1,-1
2015440309331,4,9,0,18,0,0,0,0,0,0,1,1,6,2,38,7,1995,2,2,-1,1,-1
2015440309355,1,19,0,18,0,2,0,0,0,0,0,1,6,1,37,7,2370,2,17,-1,-1,-1
2015440309355,2,9,0,18,0,1,0,0,0,0,1,1,6,1,48,8,-1,-1,-1,-1,1,-1
2015440309371,1,9,0,17,0,0,0,0,0,0,3,1,6,1,42,7,2967,2,8,-1,1,-1
2015440309371,2,9,0,16,0,0,0,0,0,0,3,1,6,1,69,10,4701,1,13,-1,1,-1
2015440309397,1,9,0,16,0,1,5,7,0,0,1,1,6,2,76,11,1248,1,2,-1,2,-1
2015440309410,1,9,0,18,0,1,0,0,0,0,1,1,6,1,47,8,1248,2,9,-1,1,-1
2015440309410,2,9,0,3,0,1,0,0,0,0,2,1,6,2,20,4,1360,1,10,-1,1,-1
2015440309410,3,9,0,3,0,1,0,0,0,0,2,1,6,2,18,4,1242,1,5,-1,1,-1
2015440309477,1,9,0,16,0,0,1,0,0,0,3,1,6,1,23,5,1396,1,12,-1,1,-1
2015440309477,2,9,0,17,0,0,0,0,0,0,3,1,6,1,18,4,1716,2,13,-1,1,-1
2015440309583,1,9,0,18,0,0,1,0,7,11,1,1,6,1,21,5,1598,1,4,-1,1,-1
2015440309583,2,9,0,18,0,0,0,0,0,0,1,1,6,1,22,5,1389,1,17,-1,1,-1
2015440309583,3,9,0,18,0,0,0,0,0,0,3,1,1,1,62,9,1598,2,3,-1,1,-1
2015440309902,1,9,0,9,0,8,0,0,0,0,2,1,1,1,69,10,1998,1,14,-1,1,-1
2015440309902,2,5,0,9,0,8,0,0,0,0,3,1,1,1,47,8,1043,1,1,-1,1,-1
2015440310185,1,9,0,9,0,8,0,0,0,0,1,1,6,1,50,8,1360,1,6,-1,1,-1
2015440310439,1,9,0,18,0,0,0,4,7,0,1,1,6,1,21,5,1398,1,-1,-1,1,-1
2015440310439,2,9,0,2,0,0,0,0,0,0,2,1,6,3,-1,-1,1248,1,6,-1,-1,-1
2015440310543,1,9,0,5,0,8,0,0,0,0,3,1,1,2,74,10,1339,1,2,-1,1,-1
2015440310543,2,3,0,17,0,8,0,0,0,0,1,1,6,1,19,4,124,1,3,-1,1,-1
2015440310638,1,9,0,18,0,0,0,0,0,0,2,1,1,2,50,8,-1,-1,-1,-1,1,-1
2015440310638,2,3,0,18,0,0,0,0,0,0,1,1,1,1,26,6,124,1,3,-1,1,-1
2015440310676,1,9,0,4,0,0,0,0,0,0,2,1,2,1,31,6,1598,1,12,-1,1,-1
2015440310676,2,9,0,18,0,0,0,0,0,0,1,1,2,2,22,5,999,1,2,-1,3,-1
2015440310679,1,9,0,18,0,0,0,0,0,0,1,1,6,3,-1,-1,-1,-1,-1,-1,-1,-1
2015440310679,2,1,0,18,0,0,0,0,0,0,2,1,4,2,13,3,-1,-1,-1,-1,1,-1
2015440310690,1,9,0,9,0,8,0,0,0,0,0,1,6,2,42,7,1896,2,11,-1,-1,-1
2015440310690,2,5,0,18,0,8,0,0,1,0,0,1,6,1,23,5,599,1,6,-1,1,-1
2015440310715,1,1,0,18,0,8,0,0,0,0,3,1,6,1,30,6,-1,-1,-1,-1,-1,-1
2015440310715,2,9,0,7,0,8,0,0,0,0,3,1,6,2,56,9,998,1,1,-1,1,-1
2015440310753,1,9,0,5,0,0,0,0,0,11,1,1,6,2,59,9,1339,8,5,-1,1,-1
2015440310822,1,9,0,18,0,0,5,0,1,7,1,1,2,1,30,6,1200,1,3,-1,1,-1
2015440310822,2,9,0,18,0,0,0,0,0,0,2,1,6,2,55,8,1242,1,4,-1,1,-1
2015440310941,1,3,0,17,0,8,1,0,0,0,0,1,2,2,21,5,124,1,-1,-1,2,-1
2015440311080,1,9,0,4,0,0,0,0,0,0,2,1,6,1,29,6,1596,1,13,-1,1,-1
2015440311080,2,1,0,18,0,0,0,0,0,0,1,1,6,1,75,10,-1,-1,-1,-1,1,-1
2015440311166,1,9,0,18,0,8,0,0,0,0,4,1,2,1,17,4,1149,1,11,-1,1,-1
2015440311166,2,9,0,18,0,8,0,0,0,0,1,1,6,3,-1,-1,1124,1,14,-1,-1,-1
2015440311298,1,19,0,7,0,8,0,0,0,0,4,1,1,1,34,6,2198,2,2,-1,1,-1
2015440311298,2,1,0,7,0,8,0,0,0,0,3,1,2,1,39,7,-1,-1,-1,-1,1,-1
2015440311336,1,19,0,7,0,6,0,0,0,0,3,1,6,1,-1,-1,-1,-1,-1,-1,-1,-1
2015440311336,2,1,0,18,0,1,0,0,0,0,1,1,6,1,36,7,-1,-1,-1,-1,1,-1
2015440311627,1,9,0,18,0,2,0,0,0,0,1,1,6,2,-1,-1,-1,-1,-1,-1,-1,-1
2015440311663,1,9,0,5,0,8,0,0,0,0,1,1,6,1,76,11,-1,-1,-1,-1,3,-1
2015440311663,2,1,0,17,0,8,0,0,0,0,2,1,6,1,61,9,-1,-1,-1,-1,1,-1
2015440311747,1,11,0,5,0,2,0,0,0,0,1,1,1,1,47,8,9400,2,10,-1,3,-1
2015440311899,1,9,0,2,0,0,0,0,0,0,3,1,6,2,66,10,1298,1,10,-1,1,-1
2015440311899,2,1,0,17,0,0,0,0,0,0,1,1,6,1,61,9,-1,-1,-1,-1,1,-1
2015440311930,1,9,0,9,0,8,0,0,0,0,2,1,6,1,60,9,-1,-1,-1,-1,1,-1
2015440311930,2,9,0,18,0,8,0,0,0,0,4,1,6,2,18,4,1086,1,5,-1,1,-1
2015440312050,1,1,0,18,0,0,0,0,0,0,1,1,6,1,16,4,-1,-1,-1,-1,1,-1
2015440312050,2,9,0,9,0,0,0,0,0,0,4,1,6,1,16,4,1396,1,12,-1,1,-1
2015440312131,1,9,0,16,0,0,0,0,0,0,1,1,6,1,39,7,-1,-1,-1,-1,1,-1
2015440312158,1,1,0,18,0,8,1,0,0,0,3,1,6,1,17,4,-1,-1,-1,-1,1,-1
2015440312158,2,9,0,9,0,8,0,0,0,0,3,1,6,1,-1,-1,2191,2,1,-1,1,-1
2015440312413,1,2,0,18,0,0,0,0,1,0,4,1,4,1,17,4,49,1,1,-1,3,-1
2015440312567,1,3,0,18,0,0,0,0,0,0,3,1,6,1,28,6,125,1,1,-1,1,-1
2015440312567,2,9,0,11,0,0,0,0,0,0,4,1,6,3,-1,-1,-1,-1,-1,-1,-1,-1
2015440312589,1,20,0,18,0,0,0,0,0,0,3,1,1,1,29,6,7201,2,7,-1,1,-1
2015440312589,2,1,0,18,0,0,0,0,0,0,3,1,6,1,29,6,-1,-1,-1,-1,1,-1
2015440312594,1,9,0,18,0,0,0,0,0,0,3,1,6,1,22,5,1995,2,13,-1,1,-1
2015440312594,2,19,0,2,0,0,0,0,0,0,3,1,6,3,-1,-1,1598,2,-1,-1,-1,-1
2015440312594,3,9,0,2,0,0,0,0,0,0,1,1,6,1,19,4,1299,1,11,-1,-1,-1
2015440312702,1,9,0,4,0,8,0,0,0,0,0,1,6,2,45,7,1968,2,7,-1,1,-1
2015440312702,2,9,0,12,0,8,0,0,0,0,2,1,6,2,28,6,998,1,4,-1,1,-1
2015440312702,3,21,0,18,0,8,1,0,0,0,1,1,1,1,51,8,9200,2,8,-1,1,-1
2015440312702,4,9,0,12,0,8,0,0,0,0,1,1,6,1,73,10,3952,1,17,-1,1,-1
2015440313336,1,9,0,7,0,8,0,0,0,0,3,1,6,3,-1,-1,1896,2,15,-1,-1,-1
2015440313336,2,1,0,18,0,8,0,0,0,0,1,1,6,1,40,7,-1,-1,-1,-1,1,-1
2015440313400,1,9,0,12,0,0,0,0,0,0,2,1,6,2,-1,-1,998,1,4,-1,1,-1
2015440313400,2,5,0,18,0,0,0,0,0,0,1,1,6,1,43,7,599,1,10,-1,1,-1
2015440313750,1,9,0,18,0,0,0,0,0,0,1,1,6,1,50,8,1781,1,16,-1,1,-1
2015440313750,2,9,0,18,0,0,0,0,0,0,2,1,6,2,35,6,-1,-1,-1,-1,1,-1
2015440313909,1,8,0,13,0,0,0,0,0,0,0,1,6,3,-1,-1,-1,-1,-1,-1,-1,-1
2015440313909,2,1,0,18,0,0,0,0,1,0,0,1,6,1,44,7,-1,-1,-1,-1,1,-1
2015440314067,1,9,0,9,0,8,0,0,0,0,1,1,6,1,23,5,1229,1,2,-1,1,-1
2015440314095,1,9,0,3,0,1,0,0,0,0,2,1,6,2,61,9,1598,1,10,-1,3,-1
2015440314095,2,19,0,4,0,1,0,0,0,0,1,1,6,2,32,6,1896,2,6,-1,-1,-1
2015440314397,1,9,0,4,0,1,0,0,0,0,1,1,6,1,20,4,1598,1,8,-1,1,-1
2015440314397,2,9,0,4,0,1,0,0,0,0,2,1,6,1,36,7,-1,-1,-1,-1,1,-1
2015440314475,1,9,0,18,0,0,0,0,0,0,2,1,6,2,41,7,1600,1,4,-1,3,-1
2015440314475,2,9,0,18,0,0,0,0,0,0,1,1,6,3,-1,-1,-1,-1,-1,-1,-1,-1
2015440314502,1,9,0,3,0,1,0,0,0,0,2,1,1,1,34,6,1560,2,2,-1,1,-1
2015440314502,2,9,0,16,0,1,0,0,0,0,1,1,2,1,23,5,1364,1,8,-1,1,-1
2015440314512,1,9,0,17,0,0,0,0,7,4,3,1,6,1,73,10,1339,1,8,-1,2,-1
2015440314552,1,9,0,7,0,0,0,0,0,0,4,1,6,1,42,7,1968,2,8,-1,3,-1
2015440314552,2,5,0,15,0,0,0,0,0,0,1,1,2,1,51,8,1050,1,5,-1,2,-1
2015440314552,3,9,0,2,0,0,0,0,0,0,1,1,6,3,-1,-1,1968,2,3,-1,-1,-1
2015440314552,4,9,0,2,0,0,0,0,0,0,1,1,6,3,-1,-1,1341,1,11,-1,-1,-1
2015440314562,1,1,0,14,0,8,0,0,0,0,1,1,6,1,17,4,-1,-1,-1,-1,-1,-1
2015440314562,2,9,0,9,0,8,0,0,0,0,1,1,6,1,27,6,1999,1,9,-1,1,-1
2015440314593,1,9,0,9,0,8,0,0,0,0,1,1,6,1,20,4,1299,1,7,-1,1,-1
2015440314593,2,1,0,18,0,8,1,0,0,0,1,1,6,1,31,6,-1,-1,-1,-1,2,-1
2015440314759,1,9,0,18,0,0,0,0,7,10,4,1,6,1,21,5,1956,2,5,-1,1,-1
2015440314877,1,1,0,17,0,8,0,0,0,0,2,1,6,2,23,5,-1,-1,-1,-1,1,-1
2015440314877,2,9,0,17,0,8,0,0,0,0,1,1,1,1,46,8,1595,1,15,-1,-1,-1
2015440314938,1,9,0,5,0,8,0,0,0,0,3,1,1,2,48,8,1598,1,9,-1,1,-1
2015440314938,2,1,0,18,0,8,0,0,0,0,1,1,2,1,48,8,-1,-1,-1,-1,1,-1
2015440314954,1,9,0,9,0,8,0,0,0,0,3,1,1,1,44,7,-1,-1,-1,-1,3,-1
2015440314954,2,3,0,18,0,8,0,0,0,0,1,1,6,1,23,5,125,1,2,-1,1,-1
2015440314973,1,19,0,18,0,1,0,0,0,0,1,1,1,1,48,8,2198,2,7,-1,1,-1
2015440314973,2,9,0,8,0,1,0,0,0,0,2,1,3,2,35,6,1591,1,1,-1,2,-1
2015440314973,3,9,0,8,0,1,0,0,0,0,2,1,2,1,23,5,1388,1,7,-1,1,-1
2015440315002,1,9,0,17,0,0,0,0,2,4,1,1,1,2,28,6,998,1,2,-1,2,-1
2015440315019,1,9,0,9,0,8,0,0,0,0,1,1,3,2,38,7,1998,2,8,-1,1,-1
2015440315019,2,9,0,18,0,1,0,0,0,0,4,1,6,1,40,7,2987,2,9,-1,1,-1
2015440315295,1,9,0,18,0,1,0,0,0,0,1,1,6,1,-1,-1,1975,1,9,-1,1,-1
2015440315295,2,9,0,9,0,6,0,0,0,0,3,1,6,2,52,8,2996,1,9,-1,1,-1
2015440315344,1,9,0,9,0,4,0,0,0,0,1,1,6,2,27,6,1998,1,23,-1,1,-1
2015440315344,2,1,0,18,0,8,0,0,0,0,4,1,2,1,21,5,-1,-1,-1,-1,1,-1
2015440316012,1,9,0,9,0,8,0,0,0,0,3,1,6,2,19,4,-1,-1,-1,-1,1,-1
2015440316089,1,9,0,7,0,5,0,0,0,0,1,1,6,1,42,7,1870,2,10,-1,1,-1
2015440316089,2,9,0,10,0,1,0,0,0,0,3,1,6,1,72,10,998,1,2,-1,1,-1
2015440316447,1,9,0,17,0,8,0,0,0,0,1,1,2,2,45,7,-1,-1,-1,-1,3,-1
2015440316447,2,9,0,18,0,8,0,0,0,0,1,1,6,2,59,9,1086,1,5,-1,1,-1
2015440316496,1,9,0,16,0,2,1,0,7,10,1,1,6,1,23,5,1988,1,14,-1,1,-1
2015440316537,1,9,0,18,0,0,0,0,0,0,1,1,6,2,18,4,1242,1,15,-1,3,-1
2015440316537,2,9,0,4,0,0,1,0,0,0,2,1,6,1,54,8,2995,1,1,-1,2,-1
2015440316575,1,9,0,11,0,0,0,0,0,0,2,1,6,1,48,8,1364,2,8,-1,1,-1
2015440316575,2,9,0,18,0,0,0,0,0,0,1,1,6,2,30,6,1796,1,3,-1,1,-1
2015440316575,3,9,0,18,0,0,0,0,0,0,1,1,6,1,57,9,1299,1,11,-1,-1,-1
2015440316698,1,9,0,3,0,1,0,0,0,0,2,1,6,2,19,4,1299,1,17,-1,1,-1
2015440316698,2,9,0,18,0,1,0,0,0,0,1,1,6,3,-1,-1,1951,2,12,-1,-1,-1
2015440316700,1,9,0,18,0,8,0,0,0,0,1,1,6,1,73,10,1560,2,7,-1,1,-1
2015440316700,2,9,0,18,0,8,0,0,0,0,3,1,6,1,73,10,1995,2,8,-1,1,-1
2015440316825,1,9,0,13,0,0,1,0,0,0,3,1,6,1,26,6,1587,1,15,-1,1,-1
2015440316825,2,5,0,18,0,0,0,0,0,0,3,1,6,1,54,8,1170,1,4,-1,1,-1
2015440316834,1,9,0,3,0,1,0,0,0,0,2,1,6,2,52,8,1124,1,18,-1,1,-1
2015440316834,2,9,0,18,0,1,0,0,0,0,1,1,6,1,-1,-1,1598,1,8,-1,1,-1
2015440316877,1,9,0,18,0,8,0,0,0,0,1,1,6,2,51,8,1968,2,4,-1,1,-1
2015440316877,2,9,0,18,0,8,0,0,1,2,3,1,6,2,38,7,1968,2,5,-1,1,-1
2015440316969,1,9,0,3,0,1,0,0,0,0,2,1,6,1,35,6,1798,1,8,-1,1,-1
2015440316969,2,9,0,18,0,1,0,0,0,0,1,1,6,3,-1,-1,998,1,16,-1,-1,-1
2015440316977,1,9,0,5,0,8,0,9,3,1,1,1,6,1,23,5,1397,1,13,-1,1,-1
2015440317064,1,9,0,18,0,1,0,0,0,0,2,1,6,1,40,7,998,1,8,-1,-1,-1
2015440317064,2,19,0,18,0,1,0,0,0,0,1,1,6,1,43,7,1753,2,11,-1,1,-1
2015440317438,1,9,0,18,0,8,0,0,0,0,3,1,6,1,27,6,1248,1,5,-1,-1,-1
2015440317438,2,9,0,18,0,8,0,0,0,0,1,1,6,2,18,4,1108,1,11,-1,1,-1
2015440317503,1,5,0,16,0,0,0,0,0,0,0,1,6,1,21,5,599,1,13,-1,1,-1
2015440317732,1,9,0,5,0,1,0,0,0,0,1,1,6,1,55,8,2179,2,2,-1,1,-1
2015440317755,1,5,0,18,0,0,0,0,0,0,1,1,6,1,50,8,883,1,9,-1,1,-1
2015440317755,2,9,0,18,0,0,0,0,0,0,1,1,6,3,-1,-1,-1,-1,-1,-1,-1,-1
2015440317850,1,5,0,13,0,8,0,0,0,0,1,1,6,1,53,8,1293,1,-1,-1,1,-1
2015440317850,2,9,0,9,0,8,0,0,0,0,3,1,6,2,63,9,999,1,-1,-1,1,-1
2015440317987,1,9,0,9,0,8,0,0,0,0,3,1,6,2,36,7,1600,1,17,-1,1,-1
2015440317987,2,5,0,18,0,8,0,0,0,0,1,1,6,1,60,9,1450,1,14,-1,1,-1
2015440318064,1,19,0,16,0,0,1,0,1,4,1,1,6,1,28,6,1598,2,1,-1,1,-1
2015440318080,1,2,0,9,0,8,0,0,0,0,1,1,6,1,17,4,49,1,8,-1,1,-1
2015440318080,2,9,0,18,0,1,0,0,0,0,1,1,6,1,26,6,1388,1,11,-1,1,-1
2015440318275,1,9,0,9,0,8,0,0,0,0,1,1,6,1,22,5,1596,1,9,-1,1,-1
2015440318275,2,1,0,18,0,8,1,0,0,0,4,1,6,2,17,4,-1,-1,-1,-1,1,-1
2015440318295,1,5,0,18,0,8,0,0,0,0,1,1,6,1,18,4,120,1,-1,-1,1,-1
2015440318295,2,9,0,9,0,8,0,0,0,0,3,1,6,1,23,5,1591,1,8,-1,1,-1
2015440318499,1,3,0,17,0,8,0,0,0,0,0,1,6,1,20,4,124,1,-1,-1,1,-1
2015440318567,1,9,0,18,0,0,1,0,2,7,1,1,2,1,40,7,2616,1,8,-1,1,-1
2015440318631,1,9,0,18,0,8,0,0,0,0,1,1,2,2,59,9,1968,2,5,-1,1,-1
2015440318631,2,1,0,17,0,8,1,0,0,0,4,1,2,1,43,7,-1,-1,-1,-1,1,-1
2015440318688,1,9,0,18,0,8,1,0,0,0,3,1,6,1,64,9,2495,2,14,-1,2,-1
2015440318688,2,9,0,18,0,8,0,0,0,0,3,1,1,1,32,6,-1,-1,-1,-1,1,-1
2015440318707,1,97,0,9,0,8,0,0,0,0,4,1,6,1,17,4,-1,-1,-1,-1,1,-1
2015440318707,2,9,0,18,0,8,0,0,0,0,1,1,6,3,-1,-1,-1,-1,-1,-1,-1,-1
2015440318793,1,9,0,18,0,0,0,0,0,0,1,1,6,1,20,4,1229,1,2,-1,1,-1
2015440318793,2,9,0,18,0,0,0,0,0,0,1,1,6,1,57,9,998,1,8,-1,1,-1
2015440318793,3,9,0,18,0,0,0,0,0,0,1,1,6,2,33,6,1198,1,6,-1,1,-1
2015440318805,1,4,0,4,0,8,0,0,0,0,0,1,2,2,33,6,249,1,17,-1,2,-1
2015440318893,1,1,0,18,0,0,0,0,0,0,3,1,2,1,48,8,-1,-1,-1,-1,3,-1
2015440318893,2,9,0,13,0,0,0,0,0,0,4,1,6,3,-1,-1,1242,1,11,-1,-1,-1
2015440319023,1,9,0,9,0,8,0,0,0,0,1,1,6,2,30,6,2143,2,-1,-1,1,-1
2015440319023,2,9,0,17,0,8,0,0,0,0,1,1,6,2,35,6,1598,1,10,-1,1,-1
2015440319053,1,1,0,18,0,8,0,0,0,0,1,1,6,1,34,6,-1,-1,-1,-1,1,-1
2015440319053,2,9,0,7,0,8,0,0,0,0,4,1,6,2,49,8,2143,2,4,-1,1,-1
2015440319145,1,19,0,15,0,2,0,0,0,0,4,1,6,3,-1,-1,-1,-1,-1,-1,-1,-1
2015440319358,1,9,0,18,0,0,0,0,0,0,1,1,6,2,70,10,1242,1,11,-1,1,-1
2015440319358,2,9,0,18,0,0,0,0,0,0,1,1,6,2,65,9,1560,2,8,-1,1,-1
2015440319358,3,9,0,18,0,0,0,0,0,0,1,1,6,2,41,7,998,1,6,-1,1,-1
2015440319378,1,19,0,14,0,0,0,0,0,0,4,1,6,1,62,9,2287,2,3,-1,1,-1
2015440319546,1,9,0,18,0,0,5,0,7,4,1,1,2,1,18,4,1198,1,10,-1,3,-1
2015440319558,1,9,0,9,0,8,0,0,0,0,1,1,2,2,48,8,1461,2,-1,-1,1,-1
2015440319558,2,9,0,18,0,8,0,0,0,0,1,1,6,2,35,6,-1,-1,-1,-1,1,-1
2015440319558,3,9,0,7,0,8,0,0,0,0,1,1,6,1,25,5,1685,2,1,-1,1,-1
2015440319598,1,9,0,18,0,8,0,0,0,0,1,1,1,1,49,8,1997,2,2,-1,1,-1
2015440319598,2,9,0,3,0,8,0,0,0,0,2,1,6,1,44,7,2261,1,7,-1,1,-1
2015440319598,3,9,0,3,0,8,0,0,0,0,2,1,6,1,-1,-1,1598,1,11,-1,-1,-1
2015440319653,1,9,0,18,0,8,0,0,0,0,1,1,6,1,80,11,3498,1,8,-1,3,-1
2015440319653,2,9,0,18,0,8,0,0,0,0,4,1,6,1,43,7,1560,2,7,-1,1,-1
2015440319696,1,16,0,18,0,0,0,0,0,0,3,1,6,2,31,6,-1,-1,-1,-1,2,-1
2015440319696,2,9,0,13,0,0,0,0,0,0,4,1,6,2,47,8,1596,1,8,-1,1,-1
2015440319803,1,9,0,18,0,0,0,0,0,0,1,1,6,1,19,4,1360,1,11,-1,1,-1
2015440319811,1,9,0,16,0,0,2,0,7,1,1,1,6,1,19,4,1198,1,7,-1,1,-1
2015440319935,1,9,0,4,0,1,0,0,0,0,2,1,2,2,34,6,2143,2,1,-1,3,-1
2015440319935,2,9,0,4,0,1,1,0,0,0,1,1,6,1,44,7,-1,-1,-1,-1,2,-1
2015440320069,1,2,0,17,0,0,1,0,0,0,1,1,1,1,16,4,49,1,-1,-1,1,-1
2015440320109,1,9,0,2,0,0,0,0,0,0,2,1,6,2,36,7,1598,1,15,-1,1,-1
2015440320109,2,9,0,18,0,0,0,4,0,0,1,1,6,1,47,8,-1,-1,-1,-1,1,-1
2015440320215,1,9,0,18,0,0,0,0,0,0,1,1,6,1,35,6,1753,2,7,-1,1,-1
2015440320215,2,9,0,18,0,0,0,0,0,0,1,1,6,2,49,8,1598,1,5,-1,1,-1
2015440320454,1,9,0,18,0,8,0,0,0,0,1,1,6,1,66,10,1124,1,20,-1,1,-1
2015440320592,1,9,0,18,0,0,0,0,0,0,3,1,6,1,40,7,1997,1,5,-1,3,-1
2015440320623,1,8,0,3,0,1,0,0,0,0,3,1,1,3,-1,-1,1685,2,1,-1,-1,-1
2015440320623,2,8,0,14,0,1,0,0,0,0,1,1,1,3,-1,-1,1560,2,8,-1,-1,-1
2015440320784,1,9,0,17,0,1,0,0,0,0,1,1,6,2,24,5,1598,1,3,-1,1,-1
2015440320784,2,9,0,9,0,8,0,0,0,0,3,1,6,2,48,8,1242,1,6,-1,1,-1
2015440321066,1,1,0,18,0,8,0,0,0,0,1,1,6,1,17,4,-1,-1,-1,-1,1,-1
2015440321066,2,8,0,18,0,1,0,0,0,0,1,1,1,3,-1,-1,-1,-1,-1,-1,-1,-1
2015440321458,1,9,0,4,0,1,0,0,0,0,2,1,1,1,58,9,1896,2,9,-1,1,-1
2015440321458,2,11,0,18,0,1,0,0,0,0,1,1,1,1,39,7,-1,-1,-1,-1,1,-1
2015440321501,1,9,0,9,0,8,0,0,0,0,1,1,6,1,38,7,1598,2,5,-1,1,-1
2015440321501,2,9,0,18,0,8,0,0,0,0,1,1,6,2,26,6,1360,1,14,-1,1,-1
2015440321540,1,9,0,18,0,8,0,0,0,0,3,1,1,1,62,9,1997,2,5,-1,1,-1
2015440321540,2,9,0,9,0,8,0,0,0,0,3,1,6,1,-1,-1,1599,1,8,-1,-1,-1
2015440321602,1,9,0,18,0,1,0,10,3,2,1,1,6,1,81,11,1994,1,9,-1,-1,-1
2015440321602,2,9,0,10,0,1,0,10,3,2,2,1,6,1,76,11,998,1,1,-1,1,-1
2015440321603,1,9,0,17,0,0,1,0,0,9,1,1,1,1,38,7,1124,1,11,-1,3,-1
2015440321615,1,9,3,7,0,8,0,0,0,0,2,1,6,3,-1,-1,2400,2,6,-1,-1,-1
2015440321615,2,9,0,18,0,8,0,0,0,0,4,1,6,1,46,8,-1,-1,-1,-1,1,-1
2015440321651,1,2,0,17,0,8,1,0,0,0,4,1,6,1,17,4,49,1,10,-1,1,-1
2015440321651,2,9,0,7,0,8,0,0,0,0,1,1,6,3,-1,-1,-1,-1,-1,-1,-1,-1
2015440321689,1,9,0,4,0,1,0,0,0,0,2,1,2,1,41,7,1997,2,10,-1,1,-1