Accident_Index,Vehicle_Reference,Vehicle_Type,Towing_and_Articulation,Vehicle_Manoeuvre,Vehicle_Location-Restricted_Lane,Junction_Location,Skidding_and_Overturning,Hit_Object_in_Carriageway,Vehicle_Leaving_Carriageway,Hit_Object_off_Carriageway,1st_Point_of_Impact,Was_Vehicle_Left_Hand_Drive?,Journey_Purpose_of_Driver,Sex_of_Driver,Age_of_Driver,Age_Band_of_Driver,Engine_Capacity_(CC),Propulsion_Code,Age_of_Vehicle,Driver_IMD_Decile,Driver_Home_Area_Type,Vehicle_IMD_Decile
2015440321689,2,19,0,4,0,1,0,0,0,0,1,1,6,3,-1,-1,-1,-1,-1,-1,-1,-1
2015440321919,1,9,0,9,0,8,0,0,0,0,1,1,6,1,79,11,1997,2,10,-1,3,-1
2015440321979,1,2,0,18,0,0,0,0,0,0,1,1,4,1,16,4,49,1,-1,-1,1,-1
2015440321979,2,9,0,5,0,0,0,0,0,0,4,1,6,3,-1,-1,1591,1,4,-1,-1,-1
2015440321997,1,9,0,18,0,0,1,0,7,0,0,1,2,1,46,8,-1,-1,-1,-1,2,-1
2015440322087,1,90,0,16,0,0,0,0,0,0,1,1,1,1,49,8,2148,2,8,-1,1,-1
2015440322087,2,9,0,17,0,0,1,0,1,4,1,1,3,2,46,8,1242,1,3,-1,1,-1
2015440322145,1,9,0,13,0,0,1,0,1,0,1,1,2,1,25,5,1595,1,19,-1,1,-1
2015440322145,2,9,0,16,0,0,1,0,7,0,2,1,6,2,76,11,1339,1,-1,-1,1,-1
2015440322145,3,9,0,18,0,0,0,0,0,0,1,1,6,2,36,7,1997,2,5,-1,1,-1
2015440322235,1,9,0,16,0,4,1,0,7,7,1,1,6,1,19,4,1248,2,8,-1,1,-1
2015440322445,1,9,0,18,0,0,0,0,0,0,1,1,2,3,-1,-1,1598,1,6,-1,-1,-1
2015440322445,2,9,0,3,0,0,0,0,0,0,2,1,2,2,30,6,1995,2,8,-1,1,-1
2015440322445,3,9,0,3,0,0,0,0,0,0,2,1,2,2,41,7,998,1,14,-1,1,-1
2015440322445,4,19,0,3,0,0,0,0,0,0,2,1,2,3,-1,-1,1248,2,-1,-1,-1,-1
2015440322453,1,9,0,18,0,1,0,0,0,0,4,1,6,1,53,8,1328,1,10,-1,-1,-1
2015440322467,1,9,0,3,0,2,0,0,0,0,2,1,3,2,32,6,1997,2,2,-1,1,-1
2015440322467,2,9,0,4,0,2,0,0,0,0,2,1,2,2,59,9,1596,1,7,-1,1,-1
2015440322467,3,9,0,4,0,2,0,0,0,0,1,1,2,1,57,9,1951,2,9,-1,1,-1
2015440322559,1,9,0,18,0,8,0,0,0,0,4,1,6,1,76,11,1596,1,11,-1,1,-1
2015440322559,2,9,0,18,0,8,0,0,0,0,1,1,6,1,77,11,1596,1,11,-1,1,-1
2015440322711,1,19,0,4,0,0,0,0,0,0,2,1,6,1,49,8,1686,2,12,-1,1,-1
2015440322711,2,9,0,18,0,0,0,0,0,0,2,1,6,2,61,9,1597,1,17,-1,1,-1
2015440322711,3,9,0,18,0,0,0,0,0,0,2,1,6,1,66,10,1461,2,1,-1,-1,-1
2015440322711,4,9,0,18,0,0,0,0,0,0,1,1,6,2,50,8,1995,2,2,-1,1,-1
2015440323047,1,9,0,4,0,0,0,0,0,0,1,1,2,1,73,10,1794,1,10,-1,1,-1
2015440323047,2,9,0,18,0,0,0,0,0,0,1,1,1,2,62,9,1498,1,4,-1,1,-1
2015440323047,3,9,0,4,0,0,0,0,0,0,2,1,6,1,50,8,-1,-1,-1,-1,1,-1
2015440323047,4,9,0,4,0,0,0,0,0,0,2,1,6,2,56,9,1560,2,6,-1,1,-1
2015440323070,1,2,0,13,0,1,0,0,0,0,1,1,6,1,16,4,49,1,16,-1,3,-1
2015440323070,2,9,0,9,0,5,0,0,0,0,3,1,2,1,32,6,1349,1,6,-1,1,-1
2015440323088,1,9,0,18,0,1,0,0,0,0,3,1,6,3,-1,-1,-1,-1,-1,-1,-1,-1
2015440323160,1,9,0,7,0,2,0,0,0,0,1,1,6,3,-1,-1,1910,2,6,-1,-1,-1
2015440323374,1,9,0,18,0,0,0,0,0,0,1,1,6,2,23,5,1149,1,12,-1,1,-1
2015440323374,2,9,0,15,0,0,1,0,0,0,1,1,1,1,60,9,1397,1,14,-1,1,-1
2015440323403,1,19,0,9,0,8,0,0,0,0,3,1,6,1,31,6,1700,2,16,-1,1,-1
2015440323403,2,2,0,18,0,8,0,0,0,0,1,1,6,1,22,5,49,1,7,-1,1,-1
2015440323403,3,3,0,18,0,8,0,0,0,0,1,1,6,1,16,4,124,1,14,-1,1,-1
2015440323412,1,90,0,18,0,1,0,0,7,0,1,1,6,3,-1,-1,-1,-1,-1,-1,-1,-1
2015440323597,1,9,0,4,0,1,0,0,0,0,1,1,2,1,50,8,1200,1,1,-1,1,-1
2015440323597,2,1,0,18,0,8,0,0,0,0,1,1,3,1,14,3,-1,-1,-1,-1,1,-1
2015440323623,1,1,0,18,0,1,0,0,0,0,1,1,2,1,50,8,-1,-1,-1,-1,1,-1
2015440323627,1,9,0,9,0,8,0,0,0,0,3,1,2,1,74,10,1769,1,10,-1,1,-1
2015440323627,2,2,0,18,0,8,0,0,0,0,1,1,6,1,61,9,-1,-1,-1,-1,1,-1
2015440323637,1,19,0,18,0,0,0,0,0,0,1,1,1,1,23,5,1996,2,4,-1,3,-1
2015440323637,2,9,0,4,0,0,0,0,0,0,2,1,2,2,50,8,1198,1,2,-1,1,-1
2015440323637,3,9,0,4,0,0,0,0,0,0,2,1,6,1,48,8,2987,2,2,-1,1,-1
2015440323792,1,11,0,4,0,0,0,0,0,0,0,1,1,2,32,6,-1,-1,-1,-1,1,-1
2015440323897,1,9,0,18,0,8,0,0,0,0,1,1,6,1,63,9,3436,1,6,-1,1,-1
2015440323897,2,9,0,17,0,8,0,0,0,0,4,1,6,2,58,9,1968,2,4,-1,1,-1
2015440323979,1,9,0,9,0,8,0,0,0,0,3,1,6,2,63,9,1598,1,14,-1,1,-1
2015440323979,2,9,0,18,0,8,0,0,0,0,1,1,6,1,47,8,-1,-1,-1,-1,1,-1
2015440324029,1,1,0,18,0,8,0,0,0,0,4,1,6,2,35,6,-1,-1,-1,-1,1,-1
2015440324029,2,8,0,5,0,8,0,0,0,0,1,1,1,1,42,7,1910,2,5,-1,1,-1
2015440324060,1,19,0,18,0,0,0,0,0,0,1,1,1,1,26,6,2198,2,3,-1,1,-1
2015440324060,2,8,0,4,0,0,0,0,0,0,2,1,1,1,60,9,1968,2,8,-1,1,-1
2015440324060,3,1,0,18,0,0,0,0,0,0,3,1,6,1,46,8,-1,-1,-1,-1,1,-1
2015440324191,1,9,0,5,0,8,0,0,0,0,1,1,6,1,45,7,1968,2,9,-1,1,-1
2015440324191,2,1,0,18,0,2,0,0,0,0,4,1,2,1,34,6,-1,-1,-1,-1,1,-1
2015440324288,1,9,0,18,0,0,0,0,0,0,1,1,6,1,51,8,2497,1,14,-1,1,-1
2015440324288,2,9,0,4,0,0,0,0,0,0,2,1,6,1,36,7,2967,2,-1,-1,1,-1
2015440324288,3,9,0,4,0,0,0,0,0,0,2,1,6,1,45,7,4999,1,2,-1,1,-1
2015440324390,1,9,0,18,0,1,0,0,0,0,1,1,6,2,66,10,1299,1,8,-1,1,-1
2015440325186,1,9,0,16,0,0,1,0,0,0,1,1,6,1,19,4,998,1,12,-1,3,-1
2015440325186,2,1,0,17,0,0,0,0,0,0,1,1,6,2,59,9,-1,-1,-1,-1,3,-1
2015440325187,1,9,0,18,0,0,0,0,0,0,3,1,6,2,23,5,1242,1,19,-1,1,-1
2015440325202,1,9,0,4,0,0,0,0,0,0,2,1,6,1,27,6,1349,1,11,-1,1,-1
2015440325202,2,9,0,4,0,0,0,0,0,0,1,1,1,1,21,5,1598,2,-1,-1,1,-1
2015440325276,1,9,0,9,0,8,0,0,0,0,3,1,6,2,86,11,1198,1,4,-1,1,-1
2015440325276,2,9,0,18,0,8,0,0,1,0,3,1,6,1,24,5,1998,1,15,-1,3,-1
2015440325315,1,9,0,4,0,0,0,0,0,0,1,1,6,1,24,5,1995,2,8,-1,1,-1
2015440325315,2,9,0,4,0,0,0,0,0,0,2,1,6,2,49,8,1598,2,-1,-1,1,-1
2015440325315,3,9,0,18,0,0,0,0,0,0,2,1,6,1,66,10,1796,1,6,-1,1,-1
2015440325599,1,9,0,18,0,4,0,0,0,0,1,1,6,1,21,5,1364,1,-1,-1,1,-1
2015440325599,2,9,0,9,0,8,0,0,0,0,4,1,6,2,38,7,1798,1,7,-1,1,-1
2015440326419,1,9,0,4,0,1,0,0,0,0,2,1,6,2,52,8,1598,1,3,-1,2,-1
2015440326419,2,9,0,18,0,1,0,0,0,0,1,1,6,2,52,8,1360,1,9,-1,1,-1
2015440326429,1,9,0,1,0,8,0,0,0,0,2,1,6,1,76,11,1598,1,13,-1,1,-1
2015440326429,2,1,0,18,0,1,0,0,0,0,1,1,6,1,69,10,-1,-1,-1,-1,1,-1
2015440326508,1,9,0,6,0,1,0,0,0,0,3,1,2,1,57,9,1397,1,14,-1,1,-1
2015440326508,2,11,0,18,0,1,0,0,0,0,1,1,1,1,52,8,6700,2,7,-1,1,-1
2015440326591,1,5,0,4,0,8,0,0,0,0,2,1,6,1,48,8,998,1,11,-1,1,-1
2015440326591,2,9,0,18,0,8,0,0,0,0,1,1,6,1,59,9,1999,1,7,-1,1,-1
2015440326600,1,9,0,18,0,2,0,0,0,0,1,1,6,1,18,4,-1,-1,-1,-1,1,-1
2015440326600,2,9,0,5,0,2,0,0,0,0,2,1,1,1,52,8,1968,2,-1,-1,1,-1
2015440326769,1,1,0,18,0,0,0,0,0,0,1,1,6,1,6,2,-1,-1,-1,-1,1,-1
2015440326769,2,9,0,18,0,0,0,0,0,0,4,1,6,1,69,10,1197,1,4,-1,1,-1
2015440326802,1,9,0,18,0,8,0,0,0,0,4,1,6,1,33,6,2148,2,10,-1,1,-1
2015440326802,2,9,0,18,0,8,0,0,0,0,1,1,6,1,57,9,998,1,16,-1,1,-1
2015440326836,1,5,0,18,0,1,1,0,0,0,1,1,6,1,40,7,599,1,21,-1,1,-1
2015440326887,1,9,0,4,0,0,0,0,0,0,2,1,6,2,58,9,1124,1,15,-1,1,-1
2015440326887,2,9,0,4,0,0,0,0,0,0,2,1,6,2,23,5,2171,1,14,-1,1,-1
2015440326887,3,9,0,18,0,0,0,0,0,0,1,1,6,1,22,5,1796,1,15,-1,3,-1
2015440327095,1,9,0,18,0,0,0,0,0,0,1,1,6,3,-1,-1,-1,-1,-1,-1,-1,-1
2015440327095,2,9,0,18,0,0,0,0,0,0,2,1,1,1,40,7,2993,2,2,-1,1,-1
2015440327095,3,9,0,18,0,0,0,0,0,0,2,1,1,1,41,7,2993,2,2,-1,1,-1
2015440327095,4,9,0,18,0,0,0,0,0,0,2,1,1,1,-1,-1,2400,2,2,-1,1,-1
2015440327182,1,3,0,13,0,8,1,0,7,11,1,1,2,1,17,4,124,1,17,-1,1,-1
2015440327182,2,9,0,9,0,8,0,0,0,0,3,1,6,1,77,11,1796,1,11,-1,1,-1
2015440327192,1,9,0,4,0,1,0,0,0,0,2,1,2,1,20,4,875,1,-1,-1,3,-1
2015440327192,2,19,0,5,0,1,0,0,0,0,1,1,1,1,56,9,2198,2,-1,-1,1,-1
2015440327195,1,9,0,18,0,1,0,0,0,0,4,1,6,3,-1,-1,-1,-1,-1,-1,-1,-1
2015440327203,1,9,0,9,0,8,0,0,0,0,1,1,2,1,48,8,1796,1,6,-1,1,-1
2015440327203,2,9,0,18,0,8,0,0,0,0,3,1,2,2,25,5,1299,1,7,-1,1,-1
2015440327235,1,9,0,18,0,8,0,0,0,0,3,1,2,1,62,9,1598,2,6,-1,1,-1
2015440327235,2,9,0,18,0,8,0,0,0,0,1,1,2,1,54,8,4556,1,15,-1,3,-1
2015440327239,1,2,0,18,0,8,0,0,0,0,4,1,4,1,16,4,49,1,4,-1,1,-1
2015440327239,2,9,0,18,0,8,0,0,0,0,1,1,1,2,43,7,1242,1,1,-1,1,-1
2015440327258,1,3,0,18,0,1,1,0,0,0,1,1,1,2,24,5,124,1,9,-1,1,-1
2015440327733,1,1,0,16,0,0,1,0,0,0,0,1,6,1,52,8,-1,-1,-1,-1,2,-1
2015440327792,1,9,0,18,0,0,1,0,0,0,4,1,2,1,83,11,1389,1,18,-1,-1,-1
2015440327792,2,20,0,18,0,0,0,0,0,0,1,1,1,1,46,8,2998,2,3,-1,1,-1
2015440327801,1,9,0,18,0,0,0,0,0,0,1,1,6,1,18,4,1242,1,7,-1,2,-1
2015440327801,2,9,0,18,0,0,0,0,0,0,2,1,6,2,36,7,1598,1,-1,-1,-1,-1
2015440327873,1,9,0,5,0,1,0,0,0,0,1,1,1,3,-1,-1,2149,2,8,-1,-1,-1
2015440327873,2,9,0,3,0,1,0,0,0,0,2,1,6,2,51,8,1339,1,-1,-1,1,-1
2015440327974,1,9,0,14,0,2,0,0,0,0,2,1,6,1,69,10,-1,-1,-1,-1,1,-1
2015440327974,2,1,0,18,0,2,0,0,0,0,1,1,6,1,67,10,-1,-1,-1,-1,1,-1
2015440327998,1,9,0,18,0,0,0,0,0,0,1,1,3,2,27,6,1124,1,15,-1,1,-1
2015440327998,2,9,0,3,0,0,0,0,0,0,2,1,6,2,30,6,1968,2,9,-1,1,-1
2015440328087,1,9,0,5,0,2,0,0,0,0,1,1,2,1,51,8,2143,2,4,-1,2,-1
2015440328087,2,11,0,3,0,2,0,0,0,0,2,1,1,1,56,9,5132,2,-1,-1,3,-1
2015440328116,1,9,0,9,0,8,0,0,0,0,3,1,6,1,26,6,1560,2,2,-1,1,-1
2015440328116,2,1,0,18,0,8,0,0,0,0,1,1,6,1,49,8,-1,-1,-1,-1,1,-1
2015440328135,1,19,0,18,0,1,5,10,7,11,3,1,6,1,39,7,2402,2,11,-1,1,-1
2015440328205,1,9,0,17,0,0,1,0,7,9,3,1,2,1,36,7,1998,1,16,-1,1,-1
2015440328259,1,9,0,9,0,8,0,0,0,0,4,1,6,1,60,9,1598,1,14,-1,1,-1
2015440328259,2,1,0,18,0,8,1,0,0,0,1,1,6,1,51,8,-1,-1,-1,-1,3,-1
2015440328267,1,9,0,9,0,6,1,0,0,0,1,1,6,1,17,4,999,1,14,-1,1,-1
2015440328267,2,9,0,2,0,1,0,0,0,0,4,1,6,1,41,7,1997,2,14,-1,-1,-1
2015440328267,3,9,0,2,0,1,0,0,0,0,2,1,6,2,37,7,1753,2,9,-1,-1,-1
2015440328460,1,9,0,18,0,0,0,0,0,0,1,1,2,1,23,5,1368,1,9,-1,1,-1
2015440328460,2,9,0,13,0,0,0,0,0,0,2,1,2,1,41,7,1461,2,-1,-1,1,-1
2015440328466,1,9,0,18,0,0,0,0,0,0,0,1,6,2,-1,-1,1998,1,12,-1,1,-1
2015440328466,2,22,0,18,0,0,0,0,0,0,0,1,6,1,72,10,-1,-1,-1,-1,1,-1
2015440328550,1,9,0,9,0,8,0,0,0,0,3,1,6,1,45,7,1598,1,8,-1,1,-1
2015440328550,2,9,0,18,0,8,0,0,0,0,1,1,6,2,43,7,1390,1,4,-1,1,-1
2015440328603,1,9,0,18,0,0,0,0,0,0,1,1,6,2,20,4,1299,1,15,-1,1,-1
2015440328706,1,21,0,9,0,8,0,0,0,0,1,1,1,1,37,7,5880,2,11,-1,3,-1
2015440328706,2,19,0,18,0,8,0,0,0,0,3,1,1,2,29,6,2198,2,6,-1,1,-1
2015440328771,1,9,0,18,0,0,0,0,1,11,4,1,6,2,87,11,998,1,12,-1,1,-1
2015440328771,2,9,0,2,0,0,0,0,0,0,3,1,6,3,-1,-1,1396,1,13,-1,-1,-1
2015440328771,3,9,0,2,0,0,0,0,0,0,4,1,6,3,-1,-1,1596,1,4,-1,-1,-1
2015440328771,4,9,0,2,0,0,0,0,0,0,4,1,6,3,-1,-1,1995,1,13,-1,-1,-1
2015440328771,5,9,0,2,0,0,0,0,0,0,2,1,6,3,-1,-1,1970,1,13,-1,-1,-1
2015440328771,6,9,0,2,0,0,0,0,0,0,2,1,6,3,-1,-1,1398,1,9,-1,-1,-1
2015440328771,7,9,0,2,0,0,0,0,0,0,2,1,6,3,-1,-1,1590,1,14,-1,-1,-1
2015440329083,1,9,0,9,0,8,0,0,0,0,1,1,6,1,24,5,1598,1,9,-1,2,-1
2015440329083,2,1,0,9,0,8,0,0,0,0,3,1,6,1,26,6,-1,-1,-1,-1,1,-1
2015440329092,1,9,0,9,0,8,0,0,0,0,3,1,6,1,82,11,1999,1,5,-1,1,-1
2015440329092,2,21,0,18,0,8,0,0,0,0,4,1,2,1,52,8,2800,2,13,-1,1,-1
2015440329102,1,9,0,18,0,8,0,0,0,0,4,1,3,2,36,7,1598,1,13,-1,1,-1
2015440329102,2,9,0,9,0,8,0,0,0,0,3,1,2,1,29,6,2495,2,20,-1,1,-1
2015440329174,1,9,0,18,0,1,0,0,0,0,1,1,6,1,28,6,1587,1,15,-1,1,-1
2015440329231,1,9,0,18,0,0,0,0,0,0,2,1,6,2,44,7,1587,1,9,-1,2,-1
2015440329231,2,9,0,18,0,0,0,0,0,0,1,1,6,1,34,6,2830,2,20,-1,1,-1
2015440329312,1,9,0,5,0,2,0,0,0,0,4,1,6,1,50,8,1587,1,17,-1,1,-1
2015440329430,1,3,0,13,0,8,0,0,0,0,4,1,6,2,18,4,124,1,-1,-1,1,-1
2015440329430,2,9,0,9,0,8,0,0,0,0,1,1,6,2,47,8,1997,2,5,-1,3,-1
2015440329485,1,8,0,18,0,0,0,0,0,0,3,1,6,1,38,7,1910,2,7,-1,1,-1
2015440329485,2,3,0,13,0,0,0,0,0,0,1,1,6,1,20,4,124,1,-1,-1,1,-1
2015440329706,1,1,0,18,0,8,0,0,0,0,1,1,6,1,32,6,-1,-1,-1,-1,1,-1
2015440329706,2,19,0,5,0,8,0,0,0,0,1,1,2,1,56,9,2402,2,5,-1,1,-1
2015440329707,1,5,0,18,0,8,1,0,0,0,1,1,2,1,23,5,600,1,12,-1,1,-1
2015440329707,2,21,0,7,0,1,0,0,0,0,3,1,1,1,49,8,12900,2,4,-1,3,-1
2015440329721,1,9,0,18,0,8,0,0,0,0,1,1,6,3,-1,-1,-1,-1,-1,-1,-1,-1
2015440329721,2,1,0,18,0,8,0,0,0,0,2,1,1,1,33,6,-1,-1,-1,-1,1,-1
2015440329738,1,9,0,5,0,8,0,0,0,0,3,1,1,2,23,5,1199,1,12,-1,1,-1
2015440329738,2,1,0,18,0,8,0,0,0,0,1,1,1,2,35,6,-1,-1,-1,-1,1,-1
2015440329783,1,9,0,18,0,1,0,4,0,0,1,1,3,1,51,8,2429,1,10,-1,1,-1
2015440329783,2,9,0,2,0,2,0,0,1,10,1,1,6,3,-1,-1,996,1,6,-1,-1,-1
2015440329796,1,9,0,18,0,0,0,0,0,0,1,1,6,1,67,10,1956,2,4,-1,1,-1
2015440329805,1,9,0,18,0,1,0,0,0,0,1,1,2,1,28,6,999,1,1,-1,3,-1
2015440329805,2,9,0,4,0,1,0,0,0,0,2,1,2,2,58,9,1896,2,12,-1,1,-1
2015440330034,1,9,0,18,0,8,0,0,0,0,3,1,6,1,21,5,2967,2,4,-1,1,-1
2015440330034,2,22,0,9,0,8,0,0,0,0,1,1,6,1,93,11,-1,-1,-1,-1,1,-1
2015440330069,1,9,0,5,0,8,0,0,0,0,1,1,2,1,26,6,1598,1,12,-1,1,-1
2015440330069,2,9,0,17,0,8,0,0,0,0,4,1,6,1,76,11,998,1,9,-1,1,-1
2015440330162,1,2,0,17,0,8,0,0,0,0,4,1,2,1,18,4,49,1,5,-1,1,-1
2015440330469,1,9,0,9,0,1,0,0,0,0,1,1,6,1,44,7,3189,1,10,-1,-1,-1
2015440330469,2,9,0,7,0,6,0,0,0,0,2,1,6,1,34,6,1396,1,17,-1,3,-1
2015440330525,1,9,0,7,0,8,0,0,0,0,1,1,6,1,42,7,-1,-1,-1,-1,1,-1
2015440330525,2,1,0,18,0,1,0,0,0,0,4,1,6,1,51,8,-1,-1,-1,-1,1,-1
2015440330545,1,9,0,5,0,1,0,0,0,0,1,1,2,2,32,6,1198,1,5,-1,1,-1
2015440330545,2,5,0,3,0,1,0,0,0,0,2,1,2,1,62,9,1100,1,13,-1,1,-1
2015440330566,1,9,0,9,0,8,0,0,0,0,4,1,6,2,52,8,1948,1,18,-1,3,-1
2015440330566,2,9,0,18,0,8,0,0,0,0,1,1,6,1,65,9,1560,2,-1,-1,1,-1
2015440330581,1,9,0,3,0,0,0,0,0,0,2,1,6,2,37,7,2204,2,10,-1,1,-1
2015440330581,2,9,0,4,0,0,0,0,0,0,1,1,6,3,-1,-1,1796,1,8,-1,-1,-1
2015440330650,1,1,0,18,9,0,0,0,0,0,4,1,6,1,11,3,-1,-1,-1,-1,1,-1
2015440330666,1,9,0,6,0,0,0,0,0,0,0,1,2,1,50,8,2720,2,7,-1,1,-1
2015440330666,2,1,0,18,0,0,1,0,0,0,0,1,2,1,26,6,-1,-1,-1,-1,1,-1
2015440330727,1,19,0,18,0,8,0,0,0,0,3,1,6,2,59,9,-1,-1,-1,-1,3,-1
2015440330727,2,5,0,18,0,8,0,0,0,0,1,1,6,1,45,7,1043,1,-1,-1,1,-1
2015440330779,1,19,0,1,0,8,0,0,0,0,2,1,1,3,-1,-1,2287,2,3,-1,-1,-1
2015440330779,2,2,0,7,0,8,0,0,0,0,1,1,6,1,17,4,49,1,-1,-1,1,-1
2015440330834,1,9,0,18,0,8,0,0,3,4,1,1,6,1,22,5,2993,2,1,-1,1,-1
2015440331055,1,9,0,9,0,8,0,0,0,0,1,1,1,1,36,7,-1,-1,-1,-1,1,-1
2015440331055,2,1,0,7,0,8,0,0,0,0,4,1,1,1,44,7,-1,-1,-1,-1,1,-1
2015440331075,1,1,0,18,0,1,0,0,0,0,4,1,6,2,37,7,-1,-1,-1,-1,1,-1
2015440331075,2,9,0,7,0,8,0,0,0,0,1,1,6,2,69,10,1388,1,12,-1,1,-1
2015440331170,1,9,0,3,0,0,0,0,0,0,2,1,1,2,65,9,1598,1,8,-1,1,-1
2015440331170,2,9,0,18,0,0,0,0,1,2,1,1,1,1,27,6,1988,2,12,-1,1,-1
2015440331184,1,9,0,18,0,0,0,0,0,0,1,1,2,2,23,5,-1,-1,-1,-1,1,-1
2015440331184,2,9,0,18,0,0,0,0,0,0,2,1,2,1,39,7,-1,-1,-1,-1,1,-1
2015440331200,1,2,0,18,0,0,0,0,0,0,3,1,6,2,16,4,49,1,4,-1,1,-1
2015440331200,2,9,0,13,0,0,0,0,0,0,4,1,6,3,-1,-1,-1,-1,-1,-1,-1,-1
2015440331271,1,9,0,6,0,0,0,0,0,0,3,1,1,1,47,8,1956,2,1,-1,1,-1
2015440331271,2,9,0,18,0,0,0,0,0,0,1,1,1,1,49,8,-1,-1,-1,-1,1,-1
2015440331426,1,19,0,18,0,1,0,0,0,0,1,1,1,1,34,6,2402,2,8,-1,1,-1
2015440331426,2,9,0,3,0,1,0,0,0,0,2,1,6,1,61,9,1399,2,3,-1,1,-1
2015440331426,3,9,0,3,0,8,0,0,0,0,2,1,1,1,17,4,796,1,14,-1,1,-1
2015440331436,1,19,0,18,0,8,0,0,0,0,4,1,6,1,17,4,2198,2,-1,-1,1,-1
2015440331436,2,9,0,18,0,8,0,0,0,0,1,1,6,2,67,10,1560,2,1,-1,1,-1
2015440331559,1,1,0,9,0,8,0,0,0,0,2,1,2,1,23,5,-1,-1,-1,-1,1,-1
2015440331559,2,9,0,18,0,8,0,0,0,0,1,1,6,1,-1,-1,1248,1,2,-1,-1,-1
2015440331715,1,4,0,18,0,8,0,0,0,0,4,1,6,3,-1,-1,-1,-1,-1,-1,-1,-1
2015440331732,1,19,0,1,0,0,0,0,0,0,2,1,1,3,-1,-1,2148,2,8,-1,-1,-1
2015440331765,1,97,0,9,0,8,0,0,0,0,2,1,4,1,16,4,50,1,3,-1,-1,-1
2015440331765,2,19,0,18,0,8,0,0,0,0,1,1,1,1,56,9,1248,2,6,-1,1,-1
2015440331841,1,3,0,13,0,8,0,0,0,0,1,1,1,1,30,6,125,1,-1,-1,1,-1
2015440331841,2,9,0,9,0,8,0,0,0,0,3,1,6,1,60,9,1999,1,13,-1,1,-1
2015440331933,1,9,0,18,0,8,1,6,0,0,1,1,6,1,20,4,1868,2,15,-1,3,-1
2015440332101,1,9,0,18,0,2,0,0,0,0,1,1,6,2,32,6,1198,1,5,-1,1,-1
2015440332558,1,9,0,10,0,8,0,0,0,0,2,1,6,2,28,6,1595,1,14,-1,1,-1
2015440332558,2,9,0,18,0,8,0,0,0,0,1,1,1,1,26,6,2996,1,6,-1,1,-1
2015440332567,1,9,0,16,0,0,5,0,7,4,4,1,2,2,30,6,1390,1,3,-1,1,-1
2015440332603,1,9,0,9,0,8,0,0,0,0,1,1,1,1,45,7,1596,1,8,-1,1,-1
2015440332603,2,9,0,13,0,8,0,0,0,0,4,1,2,1,45,7,-1,-1,-1,-1,1,-1
2015440332801,1,19,0,18,0,0,0,0,0,0,1,1,1,1,-1,-1,1560,2,-1,-1,1,-1
2015440332801,2,19,0,18,0,0,0,0,0,0,2,1,1,1,34,6,2143,2,2,-1,1,-1
2015440332996,1,19,0,5,0,1,0,0,0,0,4,1,6,3,-1,-1,1995,2,5,-1,-1,-1
2015440332996,2,1,0,18,0,2,0,0,0,0,4,1,6,1,27,6,-1,-1,-1,-1,1,-1
2015440333016,1,9,0,3,0,0,0,0,0,0,2,1,2,1,41,7,1396,1,10,-1,1,-1
2015440333016,2,9,0,4,0,0,0,0,0,0,1,1,2,3,-1,-1,1896,2,8,-1,-1,-1
2015440333091,1,9,0,5,0,8,5,0,1,3,4,1,6,2,57,9,4164,2,12,-1,1,-1
2015440333091,2,9,0,18,0,8,0,0,1,0,1,1,1,1,39,7,-1,-1,-1,-1,1,-1
2015440333166,1,4,0,18,0,1,0,0,0,0,1,1,1,1,20,4,398,1,18,-1,3,-1
2015440333166,2,17,4,9,0,8,0,0,0,0,3,1,1,1,53,8,6728,2,-1,-1,-1,-1
2015440333288,1,9,0,16,0,0,1,0,0,0,3,1,6,1,43,7,1995,2,10,-1,1,-1
2015440333288,2,21,1,17,0,0,0,0,0,0,3,1,1,1,29,6,12902,2,1,-1,-1,-1
2015440333322,1,9,0,18,0,0,0,0,0,0,3,1,6,2,38,7,1796,1,5,-1,1,-1
2015440333322,2,1,0,18,0,0,0,0,0,0,1,1,6,1,13,3,-1,-1,-1,-1,1,-1
2015440333324,1,11,0,18,0,8,0,0,0,0,1,1,1,1,27,6,6700,2,4,-1,1,-1
2015440333324,2,9,0,18,0,8,0,0,0,0,3,1,6,1,50,8,1124,1,14,-1,1,-1
2015440333438,1,9,0,9,0,8,0,0,0,0,1,1,6,3,-1,-1,-1,-1,-1,-1,-1,-1
2015440333616,1,9,0,5,0,0,0,0,0,0,1,1,6,1,18,4,1598,1,14,-1,1,-1
2015440333616,2,9,0,18,0,0,0,0,0,0,1,1,1,1,-1,-1,2400,2,2,-1,1,-1
2015440333800,1,9,0,18,0,1,0,0,0,0,1,1,6,1,24,5,1397,1,6,-1,1,-1
2015440333800,2,90,0,2,0,1,0,0,0,0,3,1,6,3,-1,-1,-1,-1,-1,-1,-1,-1
2015440334118,1,9,0,18,0,1,0,0,0,0,1,1,6,1,27,6,1997,2,12,-1,1,-1
2015440334118,2,9,0,4,0,1,0,0,0,0,2,1,6,1,38,7,1586,1,-1,-1,1,-1
2015440334118,3,9,0,10,0,1,0,0,0,0,2,1,6,2,40,7,1995,2,5,-1,1,-1