Accident_Index,Vehicle_Reference,Vehicle_Type,Towing_and_Articulation,Vehicle_Manoeuvre,Vehicle_Location-Restricted_Lane,Junction_Location,Skidding_and_Overturning,Hit_Object_in_Carriageway,Vehicle_Leaving_Carriageway,Hit_Object_off_Carriageway,1st_Point_of_Impact,Was_Vehicle_Left_Hand_Drive?,Journey_Purpose_of_Driver,Sex_of_Driver,Age_of_Driver,Age_Band_of_Driver,Engine_Capacity_(CC),Propulsion_Code,Age_of_Vehicle,Driver_IMD_Decile,Driver_Home_Area_Type,Vehicle_IMD_Decile
2015440334124,1,9,0,9,0,8,0,0,0,0,1,1,6,1,43,7,1339,1,12,-1,2,-1
2015440334124,2,9,0,9,0,8,0,0,0,0,3,1,6,2,54,8,1368,1,-1,-1,2,-1
2015440334235,1,5,0,18,0,0,0,11,0,0,1,1,6,1,27,6,1000,1,7,-1,2,-1
2015440334249,1,9,0,18,0,8,5,0,0,0,1,1,6,2,27,6,1198,1,1,-1,1,-1
2015440334249,2,9,0,4,0,1,0,0,0,0,2,1,6,2,27,6,1461,2,1,-1,2,-1
2015440334267,1,9,0,18,0,8,0,0,1,10,1,1,6,2,75,10,973,1,15,-1,1,-1
2015440334652,1,3,0,4,0,1,0,0,0,0,4,1,6,1,32,6,124,1,1,-1,1,-1
2015440334826,1,9,0,9,0,8,0,0,0,0,1,1,6,3,-1,-1,-1,-1,-1,-1,-1,-1
2015440335075,1,9,0,13,0,1,0,0,0,0,4,1,6,3,-1,-1,-1,-1,-1,-1,-1,-1
2015440335075,2,1,0,4,0,1,0,0,0,0,3,1,2,1,37,7,-1,-1,-1,-1,1,-1
2015440335308,1,9,0,17,0,0,0,0,0,0,1,1,6,1,53,8,1984,2,2,-1,3,-1
2015440335308,2,9,0,16,0,0,0,0,0,0,1,1,6,2,27,6,1560,2,5,-1,3,-1
2015440335357,1,9,0,18,0,2,0,0,1,4,1,1,6,1,74,10,1395,8,-1,-1,1,-1
2015440335433,1,9,0,18,0,0,2,0,4,0,3,1,6,1,20,4,1299,1,14,-1,1,-1
2015440335459,1,9,0,17,0,8,0,0,0,0,1,1,6,1,34,6,1598,1,16,-1,1,-1
2015440335459,2,9,0,18,0,8,0,0,0,0,3,1,6,2,63,9,1796,1,13,-1,1,-1
2015440335462,1,9,0,2,0,0,0,0,0,0,1,1,3,2,57,9,998,1,3,-1,1,-1
2015440335462,2,9,0,1,0,0,0,0,0,0,2,1,3,2,24,5,1995,2,4,-1,1,-1
2015440335464,1,9,0,4,0,0,0,0,0,0,1,1,6,1,29,6,1405,1,11,-1,3,-1
2015440335464,2,9,0,3,0,0,0,0,0,0,2,1,6,1,63,9,1997,2,4,-1,1,-1
2015440335464,3,9,0,3,0,0,0,0,0,0,2,1,6,2,28,6,1956,2,-1,-1,-1,-1
2015440335546,1,9,0,18,0,8,0,0,0,0,1,1,6,1,28,6,1796,1,8,-1,1,-1
2015440335546,2,5,0,18,0,8,0,0,0,0,4,1,6,1,29,6,599,1,12,-1,1,-1
2015440335588,1,9,0,13,0,8,0,0,7,10,1,1,6,1,28,6,-1,-1,-1,-1,1,-1
2015440335588,2,9,0,9,0,8,0,0,0,0,3,1,6,1,55,8,2179,2,1,-1,1,-1
2015440335613,1,19,0,18,0,8,0,0,0,0,4,1,1,1,-1,-1,-1,-1,-1,-1,-1,-1
2015440335672,1,9,0,18,0,1,0,0,0,0,1,1,6,2,37,7,1364,1,6,-1,1,-1
2015440335672,2,5,0,3,0,1,0,0,0,0,2,1,6,1,20,4,599,1,28,-1,1,-1
2015440336066,1,9,0,18,0,8,0,0,0,0,1,1,2,1,37,7,1299,1,17,-1,1,-1
2015440336066,2,9,0,18,0,8,0,0,0,0,4,1,2,1,-1,-1,1598,1,17,-1,-1,-1
2015440336169,1,4,0,17,0,8,0,0,0,0,4,1,6,1,50,8,278,1,1,-1,1,-1
2015440336169,2,9,0,5,0,4,0,0,0,0,1,1,3,1,66,10,1364,1,9,-1,1,-1
2015440336204,1,9,0,4,0,0,0,0,0,0,2,1,6,2,42,7,1499,1,-1,-1,1,-1
2015440336204,2,9,0,4,0,0,0,0,0,0,1,1,6,1,55,8,-1,-1,-1,-1,1,-1
2015440336204,3,9,0,4,0,0,0,0,4,0,2,1,6,1,25,5,2521,1,8,-1,1,-1
2015440336204,4,19,0,4,0,0,0,0,0,0,2,1,6,1,60,9,1995,2,1,-1,1,-1
2015440336204,5,9,0,4,0,0,0,0,4,0,2,1,6,1,46,8,1582,2,1,-1,1,-1
2015440336204,6,9,0,4,0,0,0,0,0,0,1,1,6,1,69,10,3226,2,13,-1,1,-1
2015440336289,1,9,0,14,0,0,0,0,0,0,3,1,6,3,-1,-1,-1,-1,-1,-1,-1,-1
2015440336289,2,1,0,18,0,0,0,0,0,0,3,1,6,1,47,8,-1,-1,-1,-1,1,-1
2015440336404,1,9,0,6,0,0,0,0,0,0,3,1,6,1,49,8,-1,-1,-1,-1,1,-1
2015440336404,2,9,0,13,0,0,0,0,0,0,4,1,6,2,34,6,1997,2,11,-1,2,-1
2015440336581,1,9,0,4,0,8,0,0,0,0,1,1,6,1,81,11,2179,2,8,-1,3,-1
2015440336581,2,9,0,18,0,8,0,0,0,0,4,1,6,2,21,5,998,1,7,-1,1,-1
2015440336652,1,19,0,18,0,0,0,0,1,0,3,1,1,1,58,9,2198,2,1,-1,1,-1
2015440336652,2,9,0,18,0,0,0,0,0,0,1,1,6,1,25,5,2000,2,10,-1,1,-1
2015440336659,1,1,0,18,0,1,0,0,0,0,3,1,6,1,13,3,-1,-1,-1,-1,1,-1
2015440336659,2,9,0,18,0,1,0,0,0,0,1,1,6,1,51,8,2902,2,8,-1,-1,-1
2015440336806,1,9,0,12,0,0,0,0,0,0,3,1,6,1,22,5,1240,1,10,-1,1,-1
2015440336806,2,1,0,18,0,0,0,0,0,0,4,1,6,1,27,6,-1,-1,-1,-1,1,-1
2015440336809,1,19,0,18,0,0,0,0,0,0,1,1,1,1,32,6,2151,2,11,-1,1,-1
2015440336809,2,9,0,4,0,0,0,0,0,0,2,1,6,1,58,9,1956,2,4,-1,1,-1
2015440336809,3,9,0,4,0,0,0,0,0,0,2,1,6,1,63,9,2993,2,7,-1,1,-1
2015440336897,1,9,0,11,0,0,0,0,0,0,1,1,1,1,23,5,2979,1,-1,-1,1,-1
2015440336897,2,9,0,11,0,0,0,0,0,0,2,1,1,2,51,8,1586,1,4,-1,1,-1
2015440336975,1,3,0,13,0,8,0,0,0,0,1,1,6,1,20,4,124,1,-1,-1,1,-1
2015440336975,2,9,0,9,0,8,0,0,0,0,3,1,6,2,54,8,-1,-1,-1,-1,3,-1
2015440337139,1,9,0,9,0,8,0,0,0,0,4,1,6,1,-1,-1,1968,2,6,-1,-1,-1
2015440337139,2,1,0,18,0,8,0,0,0,0,1,1,6,2,20,4,-1,-1,-1,-1,1,-1
2015440337177,1,9,0,14,0,0,0,0,0,0,4,1,6,1,32,6,1895,1,15,-1,1,-1
2015440338084,1,19,0,1,0,1,0,0,0,0,2,1,6,1,20,4,2496,2,16,-1,1,-1
2015440338084,2,3,0,3,0,1,0,0,0,0,1,1,6,1,20,4,124,1,-1,-1,1,-1
2015440338335,1,5,0,18,0,8,0,0,1,5,1,1,2,1,46,8,582,1,12,-1,1,-1
2015440338367,1,9,0,18,0,0,0,0,0,0,3,1,6,3,-1,-1,-1,-1,-1,-1,-1,-1
2015440338367,2,9,0,18,0,0,0,0,0,0,3,1,6,2,50,8,1349,1,5,-1,1,-1
2015440338370,1,9,0,18,0,2,0,0,0,0,1,1,6,3,-1,-1,-1,-1,-1,-1,-1,-1
2015440338374,1,9,0,4,0,0,0,0,0,0,2,1,2,2,29,6,1242,1,14,-1,1,-1
2015440338374,2,3,0,18,0,0,1,0,0,0,1,1,6,2,21,5,125,1,4,-1,1,-1
2015440338374,3,90,0,13,0,0,0,0,0,0,0,1,1,1,27,6,2987,2,-1,-1,1,-1
2015440338409,1,9,0,9,0,8,0,0,0,0,1,1,6,1,50,8,1587,1,5,-1,1,-1
2015440338409,2,5,0,13,0,8,0,0,0,0,1,1,6,1,54,8,1064,1,9,-1,2,-1
2015440338422,1,9,0,18,0,0,0,0,0,0,3,1,6,1,27,6,1390,1,3,-1,1,-1
2015440338422,2,1,0,18,0,0,0,0,0,0,1,1,6,2,9,2,-1,-1,-1,-1,1,-1
2015440338451,1,9,0,9,0,8,0,0,3,0,3,1,6,2,76,11,1997,2,12,-1,1,-1
2015440338451,2,11,0,17,0,8,0,0,0,0,1,1,6,1,20,4,4500,2,8,-1,1,-1
2015440338832,1,9,0,9,0,2,0,0,0,0,1,1,2,2,39,7,1560,2,3,-1,1,-1
2015440338887,1,19,0,1,0,8,0,0,0,0,2,1,1,1,57,9,1686,2,17,-1,1,-1
2015440338887,2,9,0,18,0,8,0,0,0,0,1,1,2,2,47,8,1997,1,15,-1,1,-1
2015440338887,3,9,0,2,0,2,0,0,0,0,2,1,6,3,-1,-1,1197,1,2,-1,-1,-1
2015440338943,1,9,0,17,0,8,0,0,7,7,4,1,2,2,20,4,1229,1,8,-1,1,-1
2015440338943,2,20,0,17,0,8,0,0,0,0,3,1,6,3,-1,-1,-1,-1,-1,-1,-1,-1
2015440339012,1,9,0,9,0,8,0,0,0,0,3,1,6,1,62,9,1560,2,2,-1,1,-1
2015440339012,2,3,0,18,0,8,1,0,0,0,1,1,4,1,17,4,124,1,1,-1,1,-1
2015440339353,1,21,0,4,0,0,0,0,0,0,1,1,1,1,24,5,11946,2,3,-1,1,-1
2015440339353,2,21,0,4,0,0,0,0,0,0,2,1,1,1,49,8,12902,2,2,-1,2,-1
2015440339353,3,21,0,18,0,0,0,0,0,0,2,1,1,1,46,8,12777,2,3,-1,1,-1
2015440339357,1,19,0,18,0,8,0,0,3,1,1,1,1,2,21,5,1248,2,4,-1,1,-1
2015440339357,2,19,0,18,0,8,5,0,1,10,3,1,1,1,61,9,1399,2,4,-1,1,-1
2015440339365,1,9,0,17,0,2,0,0,0,0,1,1,6,2,-1,-1,-1,-1,-1,-1,-1,-1
2015440339479,1,9,0,5,0,4,0,0,0,0,1,1,6,2,44,7,-1,-1,-1,-1,1,-1
2015440339479,2,1,0,18,0,8,0,0,0,0,4,1,6,1,45,7,-1,-1,-1,-1,1,-1
2015440339544,1,9,0,9,0,8,0,0,0,0,1,1,6,1,77,11,1995,2,7,-1,1,-1
2015440339544,2,9,0,18,0,8,0,0,0,0,3,1,6,1,24,5,1596,1,12,-1,1,-1
2015440339570,1,9,0,9,0,8,0,0,0,0,3,1,2,2,46,8,1498,1,8,-1,1,-1
2015440339570,2,9,0,18,0,8,0,0,0,0,1,1,2,1,51,8,-1,-1,-1,-1,1,-1
2015440339580,1,9,0,18,0,8,0,0,0,0,1,1,6,1,64,9,1598,1,8,-1,1,-1
2015440339580,2,1,0,9,0,8,0,0,0,0,3,1,6,1,14,3,-1,-1,-1,-1,1,-1
2015440339660,1,21,0,9,0,8,0,0,0,0,1,1,1,1,44,7,5880,2,10,-1,1,-1
2015440339660,2,9,0,18,0,8,0,0,0,0,1,1,6,1,80,11,1798,1,12,-1,1,-1
2015440339667,1,1,0,18,0,1,0,0,1,0,3,1,6,1,40,7,-1,-1,-1,-1,1,-1
2015440339667,2,9,0,9,0,6,0,0,0,0,1,1,6,1,66,10,3200,2,11,-1,1,-1
2015440339696,1,9,0,18,0,0,0,0,0,0,1,1,2,1,36,7,1391,1,15,-1,1,-1
2015440339701,1,9,0,18,0,8,0,0,0,0,4,1,6,2,56,9,1364,1,5,-1,1,-1
2015440339701,2,1,0,18,0,8,0,0,0,0,1,1,6,1,14,3,-1,-1,-1,-1,1,-1
2015440339747,1,19,0,5,0,6,0,0,0,0,1,1,2,1,65,9,1753,2,10,-1,1,-1
2015440339747,2,1,0,17,0,1,0,0,0,0,4,1,6,1,58,9,-1,-1,-1,-1,1,-1
2015440340140,1,9,0,18,0,8,0,0,0,0,1,1,6,1,22,5,1797,8,5,-1,1,-1
2015440340140,2,9,0,18,0,8,0,0,0,0,1,1,2,1,58,9,2387,2,8,-1,1,-1
2015440340205,1,9,0,9,0,8,0,0,0,0,4,1,6,1,21,5,1422,1,9,-1,1,-1
2015440340205,2,1,0,18,0,1,0,0,0,0,1,1,2,1,68,10,-1,-1,-1,-1,1,-1
2015440340215,1,9,0,5,0,4,0,0,0,0,1,1,1,1,55,8,1560,2,2,-1,1,-1
2015440340215,2,1,0,9,0,8,0,0,0,0,4,1,6,1,24,5,-1,-1,-1,-1,1,-1
2015440340280,1,9,0,3,0,1,0,0,0,0,4,1,6,2,26,6,1242,1,1,-1,1,-1
2015440340557,1,9,0,18,0,1,0,0,0,0,3,1,6,2,23,5,1242,1,3,-1,1,-1
2015440340557,2,9,0,18,0,1,0,0,0,0,4,1,6,3,-1,-1,-1,-1,-1,-1,-1,-1
2015440340890,1,9,0,18,0,8,0,0,0,0,1,1,6,2,32,6,1997,2,5,-1,1,-1
2015440340890,2,9,0,9,0,8,0,0,0,0,4,1,6,1,18,4,2568,1,23,-1,1,-1
2015440340999,1,9,0,5,0,8,0,0,0,0,4,1,6,2,88,11,1390,1,20,-1,1,-1
2015440340999,2,9,0,18,0,8,0,0,0,0,1,1,6,3,-1,-1,1587,1,13,-1,-1,-1
2015440341110,1,9,0,18,0,0,0,0,0,0,1,1,6,2,32,6,1596,1,13,-1,2,-1
2015440341116,1,5,0,18,0,0,1,0,0,0,0,1,2,1,46,8,599,1,19,-1,1,-1
2015440341120,1,9,0,5,0,0,0,0,0,0,1,1,6,1,25,5,1398,1,4,-1,1,-1
2015440341120,2,9,0,3,0,0,0,0,0,0,2,1,6,1,22,5,1998,1,10,-1,1,-1
2015440341120,3,9,0,3,0,0,0,0,0,0,3,1,6,1,25,5,1364,1,7,-1,1,-1
2015440341204,1,9,0,18,0,8,0,0,0,0,1,1,2,2,21,5,1598,1,-1,-1,1,-1
2015440341204,2,9,0,4,0,8,0,0,0,0,2,1,2,1,28,6,-1,-1,-1,-1,1,-1
2015440341204,3,9,0,10,0,8,0,0,0,0,2,1,1,1,23,5,1398,2,2,-1,1,-1
2015440341583,1,19,0,9,0,8,0,0,0,0,1,1,1,1,46,8,2460,2,9,-1,3,-1
2015440341583,2,1,0,18,0,8,0,0,0,0,3,1,2,1,42,7,-1,-1,-1,-1,1,-1
2015440341612,1,9,0,18,0,8,0,0,0,0,4,1,6,1,29,6,1596,1,12,-1,1,-1
2015440341612,2,9,0,5,0,8,0,0,0,0,1,1,6,2,57,9,1997,2,13,-1,1,-1
2015440341655,1,9,0,9,0,8,0,0,0,0,4,1,1,2,50,8,1596,1,13,-1,1,-1
2015440341655,2,19,0,18,0,8,0,0,0,0,1,1,1,1,37,7,1995,2,6,-1,1,-1
2015440341708,1,9,0,18,0,0,0,0,0,0,3,1,1,1,40,7,1995,2,9,-1,1,-1
2015440341846,1,9,0,17,0,0,2,0,2,10,1,1,3,2,33,6,1400,1,16,-1,1,-1
2015440341913,1,3,0,17,0,0,1,0,1,11,4,1,1,1,20,4,124,1,5,-1,1,-1
2015440341936,1,9,0,5,0,8,0,0,0,0,1,1,6,1,22,5,1995,2,4,-1,1,-1
2015440341936,2,1,0,18,0,8,0,0,0,0,3,1,6,1,25,5,-1,-1,-1,-1,1,-1
2015440342120,1,16,0,18,0,0,0,0,0,0,0,1,6,2,36,7,-1,-1,-1,-1,1,-1
2015440342120,2,1,0,18,0,0,0,0,0,0,0,1,6,3,-1,-1,-1,-1,-1,-1,-1,-1
2015440342133,1,9,0,13,0,0,0,0,0,0,1,1,2,2,25,5,1587,1,8,-1,1,-1
2015440342133,2,9,0,18,0,0,0,0,1,0,1,1,2,2,49,8,1598,1,3,-1,1,-1
2015440342167,1,9,0,18,0,2,0,0,0,0,1,1,6,2,52,8,898,1,2,-1,1,-1
2015440342167,2,9,0,3,0,2,0,0,0,0,2,1,6,2,63,9,1839,1,20,-1,1,-1
2015440342211,1,9,0,7,0,8,0,0,0,0,4,1,3,2,28,6,1587,1,15,-1,2,-1
2015440342211,2,1,0,18,0,8,0,0,0,0,3,1,6,2,62,9,-1,-1,-1,-1,2,-1
2015440342342,1,1,0,18,0,8,0,0,0,0,1,1,2,2,24,5,-1,-1,-1,-1,1,-1
2015440342342,2,9,0,5,0,8,0,0,0,0,3,1,2,2,51,8,1968,2,2,-1,1,-1
2015440342349,1,2,0,17,0,0,0,0,0,0,0,1,6,1,16,4,49,1,16,-1,1,-1
2015440342349,2,9,0,16,0,0,0,0,0,0,0,1,6,3,-1,-1,-1,-1,-1,-1,-1,-1
2015440342357,1,5,0,9,0,2,0,0,1,10,1,1,6,1,53,8,-1,-1,-1,-1,2,-1
2015440342484,1,9,0,9,0,8,0,0,0,0,3,1,6,1,53,8,998,1,8,-1,1,-1
2015440342484,2,3,0,18,0,8,1,0,0,0,1,1,2,1,20,4,124,1,9,-1,1,-1
2015440342574,1,9,0,18,0,1,0,0,0,0,1,1,6,3,-1,-1,-1,-1,-1,-1,-1,-1
2015440342588,1,9,0,14,0,1,0,0,0,0,1,1,6,1,18,4,1796,1,11,-1,1,-1
2015440342588,2,9,0,3,0,1,0,0,0,0,2,1,6,1,19,4,875,1,2,-1,1,-1
2015440342611,1,9,0,18,0,0,0,0,0,0,1,1,6,1,17,4,1364,1,10,-1,1,-1
2015440342849,1,3,0,18,0,0,0,0,0,0,2,1,2,1,21,5,124,1,17,-1,1,-1
2015440342849,2,9,0,18,0,0,0,0,0,0,1,1,6,3,-1,-1,-1,-1,-1,-1,-1,-1
2015440343019,1,9,0,18,0,0,1,0,2,7,1,1,6,2,27,6,1388,1,14,-1,1,-1
2015440343101,1,19,0,4,0,0,0,0,0,0,2,1,2,1,-1,-1,1998,2,13,-1,1,-1
2015440343101,2,9,0,18,0,0,0,0,0,0,1,1,2,1,39,7,1968,2,8,-1,1,-1
2015440343256,1,2,0,18,0,2,0,0,0,0,1,1,6,2,18,4,49,1,3,-1,1,-1
2015440343256,2,9,0,4,0,2,0,0,0,0,2,1,6,2,46,8,1598,1,10,-1,1,-1
2015440343319,1,9,0,9,0,8,0,0,0,0,4,1,6,1,-1,-1,1229,1,8,-1,1,-1
2015440343319,2,1,0,18,0,8,0,0,0,0,1,1,2,2,47,8,-1,-1,-1,-1,1,-1
2015440343338,1,9,0,18,0,0,0,0,0,0,1,1,6,2,31,6,1598,1,10,-1,1,-1
2015440343374,1,9,0,4,0,0,0,0,0,0,1,1,6,3,-1,-1,1968,2,6,-1,-1,-1
2015440343374,2,9,0,4,0,0,0,0,0,0,2,1,6,1,-1,-1,2143,2,2,-1,-1,-1
2015440343399,1,9,0,5,0,1,0,0,0,0,4,1,6,1,80,11,1968,2,7,-1,1,-1
2015440343419,1,20,0,13,0,0,0,0,0,0,0,1,1,1,39,7,5193,2,4,-1,1,-1
2015440343419,2,1,0,18,0,0,1,0,0,0,0,1,6,1,67,10,-1,-1,-1,-1,1,-1
2015440343611,1,90,0,18,0,0,0,0,0,0,3,1,6,2,51,8,-1,-1,-1,-1,1,-1
2015440343611,2,9,0,13,0,0,2,0,0,0,4,1,6,1,27,6,2792,1,29,-1,1,-1
2015440343629,1,9,0,4,0,0,0,0,0,0,2,1,6,2,59,9,1240,1,9,-1,-1,-1
2015440343629,2,9,0,18,0,0,0,0,0,0,1,1,6,2,29,6,1240,1,9,-1,1,-1
2015440343713,1,3,0,18,0,1,0,0,0,0,1,1,2,1,46,8,125,1,1,-1,1,-1
2015440343713,2,9,0,7,0,1,0,0,0,0,2,1,1,1,29,6,1781,1,14,-1,1,-1
2015440343714,1,5,0,13,0,0,1,0,0,0,1,1,6,1,36,7,1000,1,16,-1,1,-1
2015440343714,2,9,0,6,0,0,0,0,0,0,3,1,6,2,36,7,1388,1,6,-1,3,-1
2015440343765,1,19,0,5,0,2,0,0,0,0,4,1,6,1,-1,-1,-1,-1,-1,-1,-1,-1
2015440344012,1,1,0,4,0,8,1,10,1,11,1,1,6,1,18,4,-1,-1,-1,-1,1,-1
2015440344177,1,9,0,18,0,0,0,0,0,0,1,1,6,1,28,6,1388,1,18,-1,1,-1
2015440344312,1,9,0,12,0,0,0,0,4,6,1,1,6,2,22,5,1229,1,3,-1,1,-1
2015440344312,2,9,0,11,0,0,0,0,0,0,0,1,6,3,-1,-1,-1,-1,-1,-1,-1,-1
2015440344316,1,11,0,18,0,0,0,0,0,0,4,1,1,1,60,9,12000,2,5,-1,1,-1
2015440344415,1,9,0,7,0,8,0,0,0,0,1,1,6,2,19,4,1360,1,8,-1,1,-1
2015440344415,2,1,0,18,0,8,0,0,0,0,2,1,6,2,15,3,-1,-1,-1,-1,1,-1
2015440344597,1,9,0,5,0,8,0,0,0,0,4,1,6,1,70,10,1984,1,9,-1,3,-1
2015440344597,2,1,0,18,0,8,1,0,0,0,1,1,6,2,55,8,-1,-1,-1,-1,2,-1
2015440344615,1,19,0,17,0,2,1,0,1,9,1,1,6,1,27,6,2143,2,5,-1,2,-1
2015440344848,1,9,0,13,0,0,1,0,7,0,3,1,6,1,70,10,3960,1,15,-1,3,-1
2015440344848,2,3,0,13,0,0,1,0,7,0,1,1,6,1,21,5,125,1,9,-1,2,-1
2015440344978,1,11,0,3,0,0,0,0,0,0,0,1,1,1,59,9,6370,2,8,-1,2,-1
2015440345139,1,19,0,12,0,0,0,0,0,0,1,1,1,1,22,5,1868,2,9,-1,1,-1
2015440345139,2,19,0,12,0,0,0,0,0,0,2,1,1,1,37,7,2287,2,3,-1,1,-1
2015440345241,1,9,0,7,0,8,0,0,0,0,4,1,6,3,-1,-1,-1,-1,-1,-1,-1,-1
2015440345241,2,1,0,18,0,1,0,0,0,0,1,1,6,1,15,3,-1,-1,-1,-1,1,-1
2015440345320,1,9,0,18,0,8,0,0,0,0,4,1,2,2,44,7,1596,1,7,-1,1,-1
2015440345320,2,9,0,18,0,8,0,0,0,0,1,1,2,2,20,4,1360,1,8,-1,1,-1
2015440345327,1,1,0,18,0,8,0,0,0,0,4,1,4,1,12,3,-1,-1,-1,-1,-1,-1
2015440345327,2,9,0,7,0,8,0,0,0,0,1,1,6,1,-1,-1,-1,-1,-1,-1,-1,-1
2015440345470,1,9,0,17,0,0,0,0,0,0,4,1,3,2,43,7,1598,1,4,-1,1,-1
2015440345587,1,9,0,9,0,1,0,0,0,0,1,1,6,2,68,10,1997,2,7,-1,1,-1
2015440345587,2,9,0,18,0,2,0,0,7,11,2,1,6,2,80,11,1497,1,12,-1,1,-1
2015440345595,1,19,0,4,0,2,0,0,0,0,1,1,1,1,-1,-1,2143,2,-1,-1,-1,-1
2015440345614,1,9,0,7,0,8,0,0,0,0,4,1,6,2,82,11,1398,1,5,-1,3,-1
2015440345614,2,5,0,18,0,8,0,0,0,0,1,1,1,1,48,8,645,1,12,-1,1,-1
2015440345625,1,9,0,12,0,8,5,7,0,0,3,1,6,1,61,9,1560,2,-1,-1,1,-1
2015440345625,2,9,0,18,0,8,0,0,0,0,4,1,6,2,29,6,1329,1,3,-1,1,-1
2015440345715,1,9,0,8,0,1,0,0,0,0,2,1,6,2,23,5,1560,2,10,-1,1,-1
2015440345715,2,9,0,4,0,1,0,0,0,0,0,1,6,2,28,6,1968,2,4,-1,1,-1
2015440345715,3,9,0,4,0,1,1,0,0,0,1,1,2,1,23,5,-1,-1,-1,-1,1,-1
2015440345726,1,9,0,17,0,0,0,0,0,0,3,1,6,1,25,5,1910,2,9,-1,1,-1
2015440345726,2,9,0,16,0,0,0,0,0,0,3,1,6,3,-1,-1,-1,-1,-1,-1,-1,-1
2015440345972,1,9,0,17,0,0,0,0,7,4,1,1,1,1,52,8,2400,2,6,-1,1,-1
2015440345972,2,9,0,16,0,0,0,0,7,4,1,1,6,1,35,6,1596,1,10,-1,2,-1
2015440345984,1,9,0,9,0,8,0,0,0,0,3,1,6,2,23,5,998,1,17,-1,1,-1
2015440345984,2,9,0,14,0,8,0,0,0,0,1,1,2,1,21,5,1761,1,14,-1,1,-1
2015440346018,1,9,0,17,0,0,2,0,0,0,4,1,6,2,19,4,1124,1,13,-1,1,-1
2015440346046,1,9,0,18,0,8,2,0,5,6,3,1,6,2,35,6,2494,1,14,-1,3,-1
2015440346097,1,9,0,18,0,1,0,0,0,0,1,1,6,2,48,8,1761,1,16,-1,1,-1
2015440346097,2,9,0,3,0,1,0,0,0,0,2,1,6,2,38,7,999,1,2,-1,3,-1
2015440346102,1,9,0,7,0,8,0,0,0,0,4,1,2,1,66,10,1997,2,17,-1,1,-1
2015440346102,2,1,0,18,0,1,0,0,0,0,1,1,6,2,26,6,-1,-1,-1,-1,1,-1
2015440346127,1,9,0,18,0,8,0,0,0,0,1,1,6,3,-1,-1,-1,-1,-1,-1,-1,-1
2015440346127,2,1,0,18,0,8,0,0,0,0,4,1,6,2,16,4,-1,-1,-1,-1,1,-1
2015440346166,1,9,0,18,0,0,1,0,7,11,1,1,6,2,17,4,1997,2,14,-1,1,-1
2015440346389,1,9,0,18,0,0,1,0,2,7,1,1,2,2,66,10,1199,1,11,-1,1,-1
2015440346389,2,9,0,11,0,0,0,0,0,0,0,1,6,3,-1,-1,-1,-1,-1,-1,-1,-1
2015440346404,1,21,0,2,0,0,0,0,0,0,2,1,1,1,42,7,12900,2,3,-1,1,-1
2015440346404,2,9,0,5,0,0,0,0,0,0,1,1,6,2,69,10,1586,1,-1,-1,2,-1
2015440346433,1,9,0,5,0,4,0,0,0,0,1,1,2,2,54,8,1598,2,1,-1,1,-1
2015440346433,2,1,0,18,0,8,0,0,0,0,4,1,2,2,40,7,-1,-1,-1,-1,1,-1
2015440346604,1,9,0,18,0,0,1,0,0,0,1,1,2,1,55,8,1461,2,-1,-1,1,-1
2015440346604,2,9,0,18,0,0,0,0,0,0,2,1,2,1,43,7,2793,1,15,-1,1,-1
2015440346604,3,19,0,18,0,0,0,0,0,0,3,1,1,1,46,8,2198,2,3,-1,1,-1
2015440346888,1,9,0,5,0,8,0,0,0,0,1,1,6,3,-1,-1,1582,2,3,-1,-1,-1
2015440346888,2,1,0,9,0,8,0,0,0,0,4,1,6,1,43,7,-1,-1,-1,-1,1,-1
2015440347157,1,9,0,9,0,6,0,0,0,0,3,1,6,2,59,9,2148,2,12,-1,-1,-1
2015440347157,2,9,0,14,0,1,0,0,0,0,1,1,6,2,35,6,1781,1,14,-1,-1,-1
2015440347249,1,9,0,13,0,8,2,0,1,4,1,1,2,2,43,7,998,1,15,-1,1,-1
2015440347264,1,9,0,3,0,8,0,0,0,0,2,1,6,1,27,6,1560,2,2,-1,3,-1
2015440347264,2,9,0,3,0,8,0,0,0,0,2,1,6,2,23,5,1598,1,3,-1,1,-1
2015440347264,3,9,0,4,0,8,0,0,0,0,1,1,2,2,48,8,1242,1,16,-1,3,-1
2015440347283,1,9,0,4,0,8,1,0,0,0,1,1,6,2,30,6,1360,1,16,-1,1,-1
2015440347283,2,9,0,4,0,8,0,0,0,0,2,1,6,1,27,6,1560,2,10,-1,2,-1
2015440347358,1,9,0,17,0,0,1,0,4,6,1,1,6,2,23,5,1598,1,11,-1,1,-1
2015440347407,1,9,0,4,0,0,1,0,0,0,2,1,6,2,-1,-1,1596,1,-1,-1,-1,-1
2015440347407,2,9,0,18,0,0,1,0,0,0,1,1,6,1,52,8,1560,2,-1,-1,1,-1
2015440347438,1,9,0,18,0,8,2,0,1,2,4,1,6,1,37,7,1229,1,10,-1,2,-1
2015440347438,2,9,0,18,0,8,0,0,1,4,1,1,6,1,75,10,1900,2,10,-1,3,-1