Accident_Index,Vehicle_Reference,Vehicle_Type,Towing_and_Articulation,Vehicle_Manoeuvre,Vehicle_Location-Restricted_Lane,Junction_Location,Skidding_and_Overturning,Hit_Object_in_Carriageway,Vehicle_Leaving_Carriageway,Hit_Object_off_Carriageway,1st_Point_of_Impact,Was_Vehicle_Left_Hand_Drive?,Journey_Purpose_of_Driver,Sex_of_Driver,Age_of_Driver,Age_Band_of_Driver,Engine_Capacity_(CC),Propulsion_Code,Age_of_Vehicle,Driver_IMD_Decile,Driver_Home_Area_Type,Vehicle_IMD_Decile
2015440431544,2,97,0,18,0,8,0,0,0,0,3,1,6,1,17,4,-1,-1,-1,-1,3,-1
2015440431782,1,9,0,9,0,6,0,0,0,0,1,1,6,2,41,7,1461,2,4,-1,1,-1
2015440431782,2,9,0,18,0,1,1,0,1,5,4,1,6,2,56,9,1198,1,1,-1,1,-1
2015440431825,1,9,0,7,0,8,0,0,0,0,3,1,2,1,63,9,1598,1,6,-1,-1,-1
2015440431841,1,9,0,9,0,8,0,0,0,0,4,1,6,2,37,7,1598,1,11,-1,1,-1
2015440431841,2,9,0,18,0,4,0,0,0,0,1,1,6,2,68,10,995,1,11,-1,1,-1
2015440431844,1,9,0,4,0,0,0,0,0,0,2,1,6,2,48,8,1329,1,-1,-1,1,-1
2015440431844,2,9,0,4,0,0,0,0,0,0,2,1,6,1,26,6,1596,1,12,-1,-1,-1
2015440431844,3,9,0,18,0,0,0,0,0,0,1,1,6,1,26,6,-1,-1,-1,-1,1,-1
2015440431875,1,9,0,4,0,1,0,0,0,0,2,1,2,2,48,8,1461,2,6,-1,1,-1
2015440431875,2,9,0,18,0,1,0,0,0,0,1,1,2,1,18,4,1229,1,8,-1,1,-1
2015440431875,3,9,0,3,0,1,0,0,0,0,2,1,2,1,34,6,2000,2,6,-1,3,-1
2015440431875,4,9,0,3,0,1,0,0,0,0,2,1,2,1,47,8,1968,2,1,-1,1,-1
2015440431875,5,9,0,18,0,1,0,0,0,0,1,1,2,1,45,7,-1,-1,-1,-1,1,-1
2015440431875,6,9,0,18,0,1,0,0,0,0,1,1,2,1,55,8,1796,1,9,-1,1,-1
2015440431889,1,9,0,3,0,0,0,0,0,0,2,1,6,2,39,7,1998,1,12,-1,1,-1
2015440431889,2,19,0,3,0,0,0,0,0,0,2,1,6,1,49,8,2198,2,2,-1,2,-1
2015440431889,3,19,0,18,0,0,0,0,0,0,1,1,6,1,31,6,1868,2,13,-1,1,-1
2015440431889,4,19,0,18,0,0,0,0,0,0,3,1,6,1,32,6,1686,2,5,-1,1,-1
2015440431907,1,9,0,18,0,0,0,0,0,0,1,1,6,1,53,8,1598,1,1,-1,1,-1
2015440431916,1,9,0,9,0,8,0,0,0,0,1,1,6,1,62,9,1582,2,7,-1,1,-1
2015440431938,1,9,0,9,0,8,0,0,0,0,3,1,1,1,56,9,1997,2,6,-1,3,-1
2015440431938,2,9,0,18,0,8,0,0,0,0,1,1,6,1,64,9,1896,2,10,-1,3,-1
2015440431974,1,9,0,10,0,8,0,0,0,0,2,1,6,1,22,5,1199,1,14,-1,1,-1
2015440431974,2,9,0,18,0,8,0,0,0,0,1,1,6,2,26,6,1389,1,11,-1,1,-1
2015440431974,3,9,0,18,0,8,0,0,0,0,3,1,6,2,28,6,1299,1,14,-1,-1,-1
2015440431988,1,9,0,18,0,8,1,0,1,0,1,1,6,2,28,6,1587,1,13,-1,1,-1
2015440432039,1,8,0,18,0,1,0,0,0,0,3,1,1,1,-1,-1,1598,2,1,-1,-1,-1
2015440432040,1,9,0,18,0,8,0,0,0,0,1,1,1,1,43,7,973,1,15,-1,1,-1
2015440432040,2,9,0,9,0,8,0,0,0,0,4,1,6,1,66,10,2496,1,10,-1,3,-1
2015440432072,1,9,0,18,0,0,1,0,2,7,1,1,6,2,28,6,1598,1,10,-1,1,-1
2015440432127,1,9,0,18,0,0,1,0,4,6,1,1,6,1,29,6,1595,1,18,-1,1,-1
2015440432129,1,9,0,17,0,0,5,0,1,9,4,1,6,1,68,10,2184,2,10,-1,3,-1
2015440432139,1,9,0,18,0,2,0,0,0,0,1,1,6,1,26,6,3199,1,13,-1,1,-1
2015440432547,1,9,0,10,0,1,0,0,0,0,2,1,3,1,35,6,1198,1,-1,-1,1,-1
2015440432547,2,9,0,18,0,1,0,0,0,0,1,1,2,2,62,9,1242,1,7,-1,1,-1
2015440432881,1,9,0,18,0,0,1,0,2,7,1,1,6,2,18,4,1198,1,10,-1,1,-1
2015440432916,1,9,0,18,0,0,0,0,0,0,1,1,6,2,44,7,1796,1,11,-1,1,-1
2015440432985,1,21,0,5,0,2,0,0,0,0,4,1,1,1,28,6,7790,2,2,-1,1,-1
2015440433102,1,9,0,18,0,2,0,0,0,0,1,1,2,1,39,7,1956,2,5,-1,1,-1
2015440433102,2,19,0,18,0,1,0,0,0,0,1,1,2,1,24,5,2198,2,6,-1,1,-1
2015440433111,1,20,0,18,0,0,0,0,0,0,1,1,1,1,70,10,2800,2,13,-1,3,-1
2015440433111,2,10,0,4,0,0,0,0,0,0,2,1,1,1,43,7,-1,-1,-1,-1,1,-1
2015440433120,1,9,0,18,0,1,0,0,0,0,4,1,6,2,26,6,1686,2,3,-1,1,-1
2015440433163,1,19,0,5,0,0,0,0,0,0,2,1,6,1,45,7,2143,2,4,-1,3,-1
2015440433163,2,9,0,18,0,0,1,0,0,0,1,1,6,2,48,8,1598,1,14,-1,1,-1
2015440433187,1,9,0,18,0,8,0,0,0,0,1,1,1,2,25,5,1796,1,10,-1,1,-1
2015440433218,1,9,0,1,0,2,0,0,0,0,2,1,6,3,-1,-1,1796,1,6,-1,-1,-1
2015440433218,2,9,0,2,0,2,0,0,0,0,2,1,6,3,-1,-1,1995,2,10,-1,-1,-1
2015440433519,1,9,0,9,0,6,0,0,0,0,3,1,6,1,26,6,1149,1,13,-1,1,-1
2015440433519,2,3,0,18,0,1,0,0,0,0,1,1,6,1,18,4,125,1,-1,-1,1,-1
2015440433637,1,9,0,18,0,0,0,0,0,0,1,1,6,1,58,9,2151,2,13,-1,2,-1
2015440433699,1,9,0,4,0,0,0,0,0,0,2,1,2,1,59,9,899,1,1,-1,1,-1
2015440433699,2,9,0,18,0,0,0,0,0,0,1,1,6,2,31,6,995,1,8,-1,1,-1
2015440433741,1,9,0,18,0,0,2,0,1,11,1,1,6,1,30,6,1988,1,13,-1,1,-1
2015440433744,1,9,0,14,0,0,0,0,0,0,4,1,6,3,-1,-1,-1,-1,-1,-1,-1,-1
2015440433966,1,9,0,18,0,0,1,4,1,2,1,1,6,2,51,8,1398,2,11,-1,1,-1
2015440433966,2,9,0,2,0,0,0,0,0,0,3,1,6,3,-1,-1,1242,1,7,-1,-1,-1
2015440433966,3,9,0,2,0,0,0,0,0,0,3,1,6,3,-1,-1,1299,1,11,-1,-1,-1
2015440433966,4,19,0,2,0,0,0,0,0,0,3,1,6,3,-1,-1,1753,2,8,-1,-1,-1
2015440434148,1,9,0,4,0,0,0,0,0,0,2,1,6,1,51,8,1560,2,5,-1,1,-1
2015440434148,2,9,0,4,0,0,0,0,0,0,1,1,6,3,-1,-1,998,1,12,-1,-1,-1
2015440434360,1,9,0,18,0,0,0,0,0,0,1,1,6,1,76,11,1596,1,10,-1,1,-1
2015440434401,1,9,0,16,0,0,1,0,7,4,1,1,6,2,48,8,1364,1,10,-1,1,-1
2015440434554,1,1,0,18,0,0,0,0,0,0,2,1,6,1,66,10,-1,-1,-1,-1,1,-1
2015440434554,2,9,0,18,0,0,0,0,0,0,1,1,6,2,82,11,1400,1,8,-1,1,-1
2015440434789,1,3,0,18,0,8,0,0,0,0,3,1,6,2,23,5,124,1,2,-1,1,-1
2015440434789,2,9,0,5,0,8,0,0,0,0,1,1,6,2,39,7,2926,2,11,-1,1,-1
2015440434789,3,9,0,3,0,1,0,0,0,0,1,1,6,1,48,8,1968,2,4,-1,1,-1
2015440434882,1,9,0,18,0,0,5,0,1,4,1,1,6,2,18,4,998,1,-1,-1,2,-1
2015440434946,1,9,0,18,0,1,0,0,0,0,3,1,6,1,19,4,1596,1,15,-1,1,-1
2015440434946,2,9,0,1,0,6,0,0,0,0,2,1,6,3,-1,-1,1997,2,-1,-1,-1,-1
2015440435360,1,5,0,18,0,8,0,0,0,0,1,1,6,1,23,5,599,1,16,-1,1,-1
2015440435360,2,9,0,18,0,8,0,0,0,0,1,1,6,1,33,6,1596,1,9,-1,1,-1
2015440435644,1,9,0,5,0,0,0,0,0,0,1,1,6,1,22,5,1686,2,4,-1,1,-1
2015440435644,2,9,0,18,0,0,0,0,0,0,1,1,6,1,59,9,1493,2,7,-1,1,-1
2015440435644,3,9,0,2,0,0,0,0,0,0,2,1,6,2,59,9,1582,2,3,-1,1,-1
2015440435644,4,9,0,18,0,0,0,0,0,0,1,1,6,1,43,7,1582,2,3,-1,1,-1
2015440435851,1,9,0,18,0,8,0,0,0,0,1,1,6,1,36,7,1998,2,9,-1,3,-1
2015440435851,2,1,0,18,0,8,0,0,0,0,2,1,6,2,16,4,-1,-1,-1,-1,1,-1
2015440435914,1,9,0,18,0,8,0,0,0,0,1,1,6,2,26,6,1598,1,17,-1,1,-1
2015440435914,2,8,0,1,0,8,0,0,0,0,2,1,6,3,-1,-1,1598,2,1,-1,-1,-1
2015440435919,1,3,0,18,0,8,0,0,0,0,0,1,6,1,39,7,-1,-1,-1,-1,1,-1
2015440435919,2,9,0,9,0,8,0,0,0,0,0,1,6,1,23,5,1598,1,-1,-1,-1,-1
2015440435982,1,9,0,16,0,0,1,0,7,4,3,1,6,1,33,6,1598,1,13,-1,1,-1
2015440435982,2,9,0,17,0,0,0,0,0,0,1,1,6,1,38,7,1995,2,13,-1,1,-1
2015440435994,1,9,0,18,0,8,0,0,0,0,0,1,6,2,45,7,1299,1,15,-1,1,-1
2015440435994,2,9,0,18,0,8,0,0,0,0,0,1,6,3,-1,-1,-1,-1,-1,-1,-1,-1
2015440436296,1,9,0,17,0,0,0,7,1,11,1,1,6,2,31,6,954,1,17,-1,3,-1
2015440436439,1,1,0,12,0,0,0,0,0,0,0,1,1,1,32,6,-1,-1,-1,-1,1,-1
2015440436439,2,9,0,18,0,0,0,0,0,0,2,1,1,1,24,5,1998,1,10,-1,1,-1
2015440436439,3,9,0,18,0,0,0,0,0,0,1,1,3,1,63,9,1390,1,12,-1,1,-1
2015440436445,1,9,0,18,0,0,2,0,1,11,1,1,6,1,21,5,1360,1,8,-1,3,-1
2015440436573,1,9,0,18,0,1,0,0,0,0,2,1,1,2,46,8,1968,2,-1,-1,2,-1
2015440436573,2,9,0,18,0,8,0,0,0,0,1,1,1,2,46,8,2198,1,10,-1,1,-1
2015440436772,1,9,0,18,0,1,0,0,0,0,1,1,6,2,33,6,1242,1,1,-1,1,-1
2015440436772,2,9,0,7,0,6,0,0,0,0,3,1,6,3,-1,-1,1590,1,11,-1,-1,-1
2015440436800,1,9,0,18,0,1,0,0,0,0,1,1,6,2,41,7,1560,2,-1,-1,2,-1
2015440436800,2,9,0,4,0,1,0,0,0,0,2,1,2,1,47,8,1968,2,6,-1,3,-1
2015440436800,3,9,0,3,0,1,0,0,0,0,2,1,2,1,53,8,1796,1,13,-1,2,-1
2015440436800,4,9,0,3,0,1,0,0,0,0,2,1,2,1,59,9,1968,2,-1,-1,2,-1
2015440436897,1,19,0,18,0,0,5,0,1,4,1,1,1,1,28,6,1753,2,12,-1,2,-1
2015440437126,1,19,0,18,0,0,0,0,0,0,1,1,6,3,-1,-1,-1,-1,-1,-1,-1,-1
2015440437126,2,22,0,18,0,0,0,0,0,0,3,1,6,2,63,9,-1,-1,-1,-1,1,-1
2015440437140,1,9,0,12,0,8,0,0,0,0,3,1,6,1,64,9,2830,2,21,-1,1,-1
2015440437140,2,2,0,18,0,8,1,0,0,0,1,1,2,2,17,4,-1,-1,-1,-1,1,-1
2015440437256,1,9,0,1,0,0,0,0,0,0,2,1,6,1,54,8,1588,1,12,-1,1,-1
2015440437256,2,9,0,2,0,0,0,0,0,0,1,1,6,3,-1,-1,1910,2,11,-1,-1,-1
2015440437395,1,9,0,18,0,1,0,0,0,0,1,1,6,2,73,10,1149,1,10,-1,1,-1
2015440437395,2,3,0,7,0,8,0,0,0,0,1,1,2,1,22,5,125,1,2,-1,1,-1
2015440437538,1,9,0,18,0,0,0,0,0,0,4,1,6,1,20,4,1396,1,11,-1,1,-1
2015440437538,2,1,0,18,0,0,0,0,0,0,1,1,6,1,33,6,-1,-1,-1,-1,1,-1
2015440437638,1,9,0,18,0,0,0,0,1,4,1,1,6,1,85,11,1999,1,14,-1,2,-1
2015440437682,1,9,0,3,0,1,0,0,0,0,2,1,2,2,49,8,1242,1,1,-1,2,-1
2015440437682,2,9,0,18,0,1,0,0,0,0,1,1,6,1,32,6,1389,1,17,-1,3,-1
2015440437695,1,9,0,4,0,1,0,0,0,0,2,1,6,1,25,5,1229,1,1,-1,3,-1
2015440437695,2,9,0,18,0,1,0,0,0,0,1,1,6,3,-1,-1,-1,-1,-1,-1,-1,-1
2015440437696,1,9,0,2,0,0,0,0,0,0,3,1,6,2,-1,-1,-1,-1,-1,-1,-1,-1
2015440437696,2,1,0,18,0,0,0,0,0,0,1,1,6,2,19,4,-1,-1,-1,-1,1,-1
2015440437719,1,9,0,18,0,0,0,0,0,0,1,1,6,1,34,6,1242,1,14,-1,2,-1
2015440437719,2,9,0,4,0,0,0,0,0,0,2,1,6,1,38,7,1995,2,3,-1,1,-1
2015440437822,1,9,0,18,0,0,0,0,1,3,1,1,6,1,88,11,1389,1,10,-1,2,-1
2015440437830,1,1,0,18,0,1,0,0,0,0,4,1,2,1,21,5,-1,-1,-1,-1,1,-1
2015440437830,2,9,0,7,0,8,0,0,0,0,1,1,6,3,-1,-1,1240,1,12,-1,-1,-1
2015440437863,1,9,0,2,0,0,0,0,0,0,1,1,6,1,26,6,2688,2,13,-1,1,-1
2015440437863,2,9,0,1,0,0,0,0,0,0,2,1,6,1,49,8,-1,-1,-1,-1,1,-1
2015440437864,1,1,0,18,0,0,0,4,0,0,1,1,6,1,13,3,-1,-1,-1,-1,3,-1
2015440437864,2,9,0,2,0,0,0,0,0,0,2,1,6,3,-1,-1,1896,2,9,-1,-1,-1
2015440437895,1,9,0,18,0,1,0,0,0,0,1,1,6,2,17,4,1199,1,11,-1,1,-1
2015440437895,2,9,0,18,0,8,0,0,7,0,4,1,6,2,44,7,1995,2,3,-1,1,-1
2015440438207,1,19,0,7,0,6,0,0,4,6,3,1,1,1,32,6,2198,2,4,-1,2,-1
2015440438207,2,19,0,18,0,1,0,0,4,6,1,1,1,1,55,8,1995,2,1,-1,1,-1
2015440438315,1,9,0,7,0,8,0,0,0,0,3,1,6,2,69,10,1586,1,1,-1,1,-1
2015440438315,2,1,0,17,0,8,0,0,0,0,1,1,6,2,47,8,-1,-1,-1,-1,1,-1
2015440438473,1,3,0,18,0,0,0,0,0,0,4,1,6,1,22,5,124,1,1,-1,1,-1
2015440438473,2,9,0,1,0,0,0,0,0,0,2,1,6,3,-1,-1,1299,1,15,-1,-1,-1
2015440438689,1,97,0,4,0,0,0,0,0,0,2,1,6,1,18,4,50,1,3,-1,1,-1
2015440438689,2,97,0,4,0,0,1,0,0,0,1,1,6,1,17,4,49,1,9,-1,3,-1
2015440439041,1,9,0,7,0,8,0,0,0,0,3,1,6,1,68,10,1560,2,1,-1,1,-1
2015440439041,2,1,0,18,0,1,0,0,0,0,1,1,2,1,23,5,-1,-1,-1,-1,1,-1
2015440439113,1,1,0,4,0,1,0,0,0,0,2,1,6,2,21,5,-1,-1,-1,-1,1,-1
2015440439113,2,9,0,18,0,1,0,0,0,0,1,1,6,3,-1,-1,-1,-1,-1,-1,-1,-1
2015440439321,1,9,0,18,0,0,0,0,0,0,1,1,6,1,35,6,1587,1,11,-1,1,-1
2015440439332,1,9,0,9,0,8,0,0,0,0,3,1,2,1,26,6,1975,1,13,-1,1,-1
2015440439332,2,1,0,18,0,8,0,0,0,0,1,1,2,1,43,7,-1,-1,-1,-1,3,-1
2015440439384,1,9,0,4,0,0,0,0,0,0,2,1,2,2,53,8,1149,1,2,-1,-1,-1
2015440439384,2,9,0,18,0,0,0,0,0,0,1,1,2,1,34,6,1999,1,7,-1,1,-1
2015440439384,3,9,0,4,0,0,0,0,0,0,2,1,2,2,21,5,1395,1,-1,-1,3,-1
2015440439432,1,5,0,18,0,0,1,0,5,6,3,1,6,1,51,8,-1,-1,-1,-1,1,-1
2015440439441,1,9,0,18,0,8,0,0,0,0,1,1,2,1,19,4,1461,2,6,-1,3,-1
2015440439441,2,9,0,18,0,8,0,0,0,0,4,1,2,2,33,6,1986,2,10,-1,1,-1
2015440439441,3,9,0,3,0,1,0,0,0,0,1,1,2,2,20,4,998,1,-1,-1,1,-1
2015440439473,1,8,0,18,0,4,0,0,0,0,3,1,1,1,36,7,1685,2,3,-1,1,-1
2015440439473,2,1,0,18,0,8,0,0,0,0,1,1,1,2,45,7,-1,-1,-1,-1,1,-1
2015440439498,1,1,0,18,0,8,0,0,0,0,1,1,6,1,30,6,-1,-1,-1,-1,1,-1
2015440439498,2,9,0,5,0,4,0,0,0,0,1,1,6,1,84,11,1399,2,12,-1,1,-1
2015440439499,1,9,0,4,0,0,0,0,0,0,2,1,6,1,34,6,1798,8,1,-1,1,-1
2015440439499,2,9,0,18,0,0,0,0,0,0,1,1,6,3,-1,-1,1560,2,5,-1,-1,-1
2015440439499,3,9,0,4,0,0,0,0,0,0,2,1,6,3,-1,-1,1364,1,6,-1,-1,-1
2015440439502,1,9,0,9,0,8,0,0,1,0,4,1,6,1,71,10,1910,2,7,-1,1,-1
2015440439502,2,9,0,18,0,8,0,0,0,0,1,1,6,2,18,4,1242,1,-1,-1,1,-1
2015440439526,1,9,0,9,0,6,0,0,0,0,3,1,6,1,24,5,1997,2,2,-1,1,-1
2015440439526,2,9,0,18,0,1,0,0,0,0,1,1,6,1,61,9,2487,2,15,-1,1,-1
2015440439527,1,9,0,9,0,8,0,0,0,0,3,1,6,3,-1,-1,-1,-1,-1,-1,-1,-1
2015440439527,2,1,0,18,0,8,1,0,0,0,0,1,6,1,14,3,-1,-1,-1,-1,1,-1
2015440439612,1,9,0,4,0,8,2,9,0,0,1,1,6,1,79,11,1560,2,10,-1,1,-1
2015440439875,1,3,0,18,0,1,0,0,0,0,4,1,6,1,17,4,-1,-1,-1,-1,1,-1
2015440439916,1,9,0,9,0,6,0,0,0,0,3,1,2,2,56,9,1598,1,13,-1,1,-1
2015440439916,2,5,0,18,0,1,0,0,0,0,1,1,2,1,37,7,649,1,4,-1,1,-1
2015440439923,1,5,0,15,0,1,0,0,0,0,1,1,2,1,39,7,-1,-1,-1,-1,1,-1
2015440439923,2,9,0,9,0,8,0,0,0,0,4,1,6,1,62,9,2198,1,15,-1,1,-1
2015440439974,1,9,0,18,0,1,0,0,0,0,1,1,6,2,26,6,998,1,4,-1,1,-1
2015440439974,2,9,0,10,0,1,0,0,0,0,2,1,6,2,58,9,1596,1,1,-1,1,-1
2015440440510,1,9,0,5,0,1,0,0,0,0,4,1,6,2,55,8,1242,1,3,-1,3,-1
2015440440510,2,22,0,5,0,8,0,0,0,0,1,1,6,1,62,9,-1,-1,-1,-1,1,-1
2015440440738,1,9,0,7,0,8,0,0,0,0,1,1,6,3,-1,-1,-1,-1,-1,-1,-1,-1
2015440440797,1,9,0,18,0,0,0,0,0,0,3,1,4,1,49,8,1364,1,4,-1,1,-1
2015440440876,1,9,0,18,0,0,0,0,0,0,3,1,2,2,70,10,1198,1,8,-1,2,-1
2015440440876,2,9,0,18,0,0,0,0,0,0,3,1,6,3,-1,-1,-1,-1,-1,-1,-1,-1
2015440440893,1,5,0,13,0,8,1,0,0,0,4,1,6,1,23,5,988,1,11,-1,1,-1
2015440440893,2,9,0,18,0,8,0,0,0,0,0,1,6,2,54,8,1560,2,7,-1,2,-1
2015440440927,1,9,0,3,0,1,0,0,0,0,2,1,6,1,62,9,1991,2,5,-1,3,-1
2015440440927,2,9,0,4,0,1,0,0,0,0,1,1,6,3,-1,-1,1299,1,13,-1,-1,-1
2015440440969,1,2,0,18,0,8,0,0,0,0,4,1,6,1,56,9,48,1,4,-1,1,-1
2015440440969,2,9,0,7,0,8,0,0,0,0,3,1,6,2,56,9,1364,1,8,-1,1,-1
2015440441012,1,9,0,7,0,8,0,0,0,0,3,1,6,2,86,11,1248,1,5,-1,1,-1
2015440441012,2,3,0,18,0,8,0,0,0,0,4,1,2,1,27,6,125,1,2,-1,1,-1
2015440441051,1,9,0,4,0,0,0,0,0,0,2,1,6,2,20,4,998,1,2,-1,1,-1
2015440441051,2,3,0,4,0,0,1,0,0,0,1,1,6,1,17,4,125,1,2,-1,2,-1
2015440441089,1,9,0,18,0,0,0,0,0,0,1,1,6,1,70,10,1560,2,2,-1,3,-1
2015440441089,2,9,0,18,0,0,0,0,0,0,1,1,6,2,58,9,1396,2,5,-1,1,-1
2015440441335,1,9,0,9,0,8,0,0,0,0,4,1,1,1,24,5,-1,-1,-1,-1,1,-1
2015440441335,2,9,0,18,0,8,0,0,0,0,3,1,2,1,59,9,2987,2,6,-1,3,-1
2015440441338,1,9,0,17,0,0,5,0,1,4,4,1,6,2,26,6,1596,1,14,-1,1,-1
2015440441526,1,1,0,18,0,8,0,0,0,0,3,1,4,1,14,3,-1,-1,-1,-1,1,-1
2015440441526,2,9,0,9,0,8,0,0,0,0,1,1,3,2,32,6,1598,1,7,-1,1,-1
2015440441600,1,9,0,9,0,8,0,0,0,0,3,1,6,1,48,8,1968,2,1,-1,2,-1
2015440441600,2,9,0,18,0,8,0,0,0,0,1,1,6,1,36,7,1587,1,11,-1,1,-1
2015440441776,1,9,0,17,0,8,0,0,0,0,3,1,6,2,25,5,998,1,1,-1,1,-1
2015440441776,2,21,0,17,0,8,0,0,0,0,4,1,1,1,27,6,-1,-1,-1,-1,1,-1
2015440441922,1,9,0,18,0,0,0,0,0,0,4,1,6,2,72,10,999,1,-1,-1,1,-1
2015440442123,1,9,0,5,0,8,0,0,0,0,0,1,6,1,20,4,1390,1,5,-1,1,-1
2015440442123,2,9,0,18,0,8,0,0,0,0,2,1,6,1,30,6,1390,1,2,-1,1,-1
2015440442123,3,9,0,18,0,8,0,0,0,0,1,1,6,1,29,6,1995,2,-1,-1,1,-1
2015440442232,1,9,0,18,0,0,0,0,0,0,3,1,3,2,31,6,1799,1,7,-1,1,-1
2015440442232,2,9,0,18,0,0,0,0,0,0,3,1,6,2,24,5,1388,1,10,-1,1,-1
2015440442296,1,9,0,18,0,8,0,0,0,0,3,1,6,2,66,10,1299,1,13,-1,1,-1
2015440442296,2,9,0,18,0,8,0,0,0,0,1,1,6,1,54,8,1596,1,10,-1,1,-1
2015440442393,1,9,0,18,0,1,0,0,0,0,2,1,6,1,72,10,1769,1,10,-1,1,-1
2015440442393,2,9,0,18,0,1,0,0,0,0,1,1,6,1,39,7,1769,1,10,-1,1,-1
2015440442454,1,9,0,18,0,8,0,0,0,0,2,1,2,1,34,6,1968,2,1,-1,3,-1
2015440442454,2,9,0,18,0,8,0,0,0,0,1,1,2,1,33,6,1998,1,10,-1,1,-1
2015440442489,1,9,0,16,0,0,0,0,0,0,1,1,6,1,30,6,1597,1,17,-1,1,-1
2015440442489,2,9,0,17,0,0,0,0,0,0,1,1,6,1,51,8,1229,1,8,-1,2,-1
2015440442530,1,9,0,18,0,8,1,0,3,1,1,1,1,1,22,5,1910,2,9,-1,1,-1
2015440442530,2,9,0,9,0,8,0,0,0,0,1,1,6,2,19,4,999,1,3,-1,1,-1
2015440442584,1,9,0,18,0,0,0,0,0,0,1,1,6,1,28,6,1956,2,-1,-1,1,-1
2015440442584,2,9,0,18,0,0,0,0,0,0,1,1,6,1,63,9,2290,1,20,-1,1,-1
2015440442599,1,8,0,18,0,8,0,0,0,0,1,1,1,1,28,6,1598,2,4,-1,1,-1
2015440442599,2,1,0,18,4,8,0,0,0,0,4,1,2,2,16,4,-1,-1,-1,-1,1,-1
2015440442658,1,9,0,18,0,0,0,0,0,0,1,1,6,1,18,4,3999,1,5,-1,1,-1
2015440442891,1,4,0,3,0,0,0,0,0,0,3,1,2,1,58,9,459,1,11,-1,1,-1
2015440442891,2,9,0,18,0,0,0,0,0,0,3,1,6,3,-1,-1,-1,-1,-1,-1,-1,-1
2015440442981,1,9,0,5,0,1,0,0,0,0,4,1,6,1,62,9,1461,2,-1,-1,1,-1
2015440442981,2,9,0,5,0,1,0,0,0,0,3,1,6,2,-1,-1,1461,2,1,-1,1,-1
2015440443330,1,22,0,18,0,8,5,0,0,0,0,1,6,2,-1,-1,-1,-1,-1,-1,1,-1
2015440443499,1,19,0,9,0,5,0,0,0,0,1,1,6,3,-1,-1,-1,-1,-1,-1,-1,-1
2015440443588,1,9,0,16,0,2,0,0,0,0,1,1,6,1,24,5,2000,1,21,-1,1,-1
2015440443588,2,9,0,17,0,1,0,0,0,0,1,1,2,1,49,8,1242,1,8,-1,1,-1
2015440443733,1,19,0,9,0,8,0,0,0,0,4,1,1,1,27,6,2198,2,-1,-1,1,-1
2015440443733,2,9,0,18,0,1,0,0,0,0,1,1,6,1,68,10,1796,1,13,-1,1,-1
2015440443743,1,1,0,18,0,8,0,0,0,0,1,1,2,1,30,6,-1,-1,-1,-1,1,-1
2015440443743,2,19,0,18,0,8,0,0,0,0,3,1,6,3,-1,-1,-1,-1,-1,-1,-1,-1
2015440443849,1,9,0,5,0,4,0,0,0,0,1,1,6,1,81,11,999,1,6,-1,1,-1
2015440443849,2,1,0,18,0,8,0,0,0,0,4,1,6,1,17,4,-1,-1,-1,-1,1,-1
2015440443865,1,19,0,6,0,8,0,0,0,0,3,1,1,1,49,8,1248,2,4,-1,1,-1
2015440443865,2,5,0,18,0,8,0,0,0,0,1,1,2,1,29,6,564,1,25,-1,1,-1
2015440444001,1,5,0,18,0,8,0,0,0,0,1,1,6,1,34,6,998,1,11,-1,1,-1
2015440444001,2,1,0,18,0,8,0,0,0,0,4,1,6,1,47,8,-1,-1,-1,-1,1,-1
2015440444001,3,9,0,2,0,2,0,0,0,0,2,1,6,3,-1,-1,1796,1,13,-1,-1,-1
2015440444001,4,9,0,2,0,2,0,0,0,0,2,1,6,3,-1,-1,1686,2,10,-1,-1,-1
2015440444001,5,19,0,2,0,2,0,0,0,0,2,1,6,3,-1,-1,2198,2,7,-1,-1,-1
2015440444066,1,9,0,4,0,1,0,0,0,0,1,1,2,1,27,6,1560,2,-1,-1,1,-1
2015440444066,2,9,0,3,0,1,0,0,0,0,2,1,2,1,21,5,1598,2,-1,-1,1,-1
2015440444100,1,9,0,9,0,4,0,0,0,0,1,1,6,2,61,9,1794,1,12,-1,1,-1
2015440444100,2,3,0,18,0,8,0,0,0,0,4,1,2,1,50,8,125,1,9,-1,1,-1
2015440444239,1,9,0,18,0,0,0,4,0,0,1,1,6,2,17,4,1242,1,6,-1,1,-1
2015440444239,2,9,0,2,0,0,0,0,0,0,1,1,6,1,72,10,1995,2,10,-1,-1,-1
2015440444831,1,9,0,16,0,0,1,0,0,0,1,1,6,2,20,4,1598,1,16,-1,1,-1
2015440444831,2,1,0,17,0,0,0,0,0,0,1,1,6,1,42,7,-1,-1,-1,-1,1,-1
2015440444865,1,9,0,18,0,0,0,0,1,4,1,1,6,1,23,5,1299,1,15,-1,1,-1
2015440444937,1,9,0,18,0,1,0,0,0,0,4,1,6,2,49,8,1560,2,2,-1,1,-1