Accident_Index,Vehicle_Reference,Vehicle_Type,Towing_and_Articulation,Vehicle_Manoeuvre,Vehicle_Location-Restricted_Lane,Junction_Location,Skidding_and_Overturning,Hit_Object_in_Carriageway,Vehicle_Leaving_Carriageway,Hit_Object_off_Carriageway,1st_Point_of_Impact,Was_Vehicle_Left_Hand_Drive?,Journey_Purpose_of_Driver,Sex_of_Driver,Age_of_Driver,Age_Band_of_Driver,Engine_Capacity_(CC),Propulsion_Code,Age_of_Vehicle,Driver_IMD_Decile,Driver_Home_Area_Type,Vehicle_IMD_Decile
2015450022914,1,9,0,9,0,5,0,0,0,0,1,1,6,2,49,8,-1,-1,-1,-1,1,-1
2015450022914,2,9,0,18,0,8,5,0,1,4,1,1,2,2,51,8,-1,-1,-1,-1,1,-1
2015450022922,1,9,0,18,0,0,0,0,0,0,1,1,2,2,63,9,1364,1,6,-1,3,-1
2015450022922,2,9,0,4,0,0,1,0,0,0,2,1,1,1,31,6,1968,2,9,-1,1,-1
2015450022926,1,9,0,11,0,4,0,0,0,0,1,1,6,1,33,6,1800,1,15,-1,1,-1
2015450022926,2,9,0,11,0,4,0,0,0,0,2,1,6,1,34,6,3596,1,13,-1,2,-1
2015450022930,1,9,0,18,0,0,0,4,0,0,4,1,6,1,21,5,-1,-1,-1,-1,1,-1
2015450022930,2,20,0,2,0,0,0,0,0,0,1,1,6,1,35,6,5880,2,11,-1,1,-1
2015450022934,1,9,0,18,0,2,0,0,0,0,1,1,6,2,19,4,1398,1,2,-1,1,-1
2015450022934,2,9,0,18,0,2,0,0,0,0,2,1,6,2,33,6,1753,2,14,-1,1,-1
2015450022937,1,9,0,17,0,0,1,0,7,4,1,1,6,1,17,4,1794,1,7,-1,1,-1
2015450022940,1,9,0,18,0,0,0,0,0,0,1,1,2,2,37,7,2969,2,10,-1,1,-1
2015450022940,2,9,0,3,0,0,0,0,0,0,2,1,1,2,50,8,1199,2,1,-1,1,-1
2015450022944,1,9,0,18,0,1,0,0,0,0,1,1,6,2,46,8,1973,1,18,-1,1,-1
2015450022945,1,9,0,18,0,8,0,0,0,0,1,1,6,2,66,10,1364,2,7,-1,3,-1
2015450022945,2,19,0,9,0,1,0,0,0,0,1,1,6,1,63,9,2198,2,8,-1,1,-1
2015450022946,1,9,0,18,0,2,0,0,0,0,1,1,1,1,32,6,1797,8,1,-1,1,-1
2015450022946,2,1,0,18,0,3,5,0,0,0,2,1,2,1,44,7,-1,-1,-1,-1,1,-1
2015450022947,1,9,0,3,0,1,0,0,0,0,2,1,6,2,42,7,1390,1,15,-1,1,-1
2015450022947,2,9,0,18,0,1,0,0,0,0,1,1,6,1,18,4,2494,2,3,-1,1,-1
2015450022948,1,9,0,16,0,0,0,0,0,0,1,1,6,1,72,10,1999,1,13,-1,1,-1
2015450022948,2,9,0,17,0,0,1,0,0,0,1,1,6,1,40,7,2000,1,15,-1,1,-1
2015450022950,1,9,0,18,0,0,0,0,0,0,1,1,6,1,23,5,1596,1,12,-1,1,-1
2015450022951,1,9,0,18,0,0,0,0,0,0,1,1,6,1,81,11,1242,1,2,-1,1,-1
2015450022952,1,1,0,7,0,5,0,0,0,0,1,1,2,1,22,5,-1,-1,-1,-1,1,-1
2015450022952,2,9,0,4,0,1,0,0,0,0,1,1,2,1,58,9,1998,1,7,-1,1,-1
2015450022955,1,9,0,18,0,0,0,0,0,0,2,1,6,1,56,9,1598,1,9,-1,1,-1
2015450022955,2,9,0,4,0,0,0,0,0,0,2,1,1,1,52,8,1896,2,9,-1,1,-1
2015450022955,3,9,0,4,0,0,0,0,0,0,1,1,2,1,38,7,1910,2,4,-1,3,-1
2015450022957,1,3,0,4,0,4,2,0,0,0,4,1,2,1,26,6,108,1,2,-1,1,-1
2015450022958,1,9,0,16,0,0,1,10,1,2,3,1,6,1,54,8,948,1,-1,-1,1,-1
2015450022961,1,9,0,18,0,1,0,0,0,0,1,1,6,1,25,5,1598,1,13,-1,1,-1
2015450022961,2,9,0,9,0,6,0,0,0,0,3,1,6,2,24,5,1299,1,12,-1,1,-1
2015450022962,1,9,0,17,0,0,2,0,7,0,1,1,6,2,27,6,1124,1,7,-1,1,-1
2015450022973,1,9,0,7,0,6,0,0,0,0,1,1,6,3,-1,-1,-1,-1,-1,-1,-1,-1
2015450022973,2,1,0,18,0,8,0,0,0,0,1,1,1,1,36,7,-1,-1,-1,-1,1,-1
2015450022973,3,9,0,10,0,1,0,0,0,0,0,1,6,3,-1,-1,-1,-1,-1,-1,-1,-1
2015450022975,1,9,0,9,0,8,0,0,0,0,3,1,1,1,29,6,-1,-1,-1,-1,1,-1
2015450022975,2,5,0,18,0,8,0,0,1,0,3,1,1,1,52,8,1064,1,15,-1,3,-1
2015450022980,1,21,0,18,0,1,0,0,0,0,1,1,1,1,51,8,12900,2,3,-1,1,-1
2015450022980,2,9,0,4,0,1,0,0,0,0,2,1,6,1,69,10,2198,2,7,-1,1,-1
2015450022981,1,9,0,9,0,8,0,0,0,0,1,1,6,1,28,6,1389,1,14,-1,3,-1
2015450022981,2,9,0,18,0,8,0,0,0,0,1,1,6,1,28,6,-1,-1,-1,-1,1,-1
2015450022982,1,9,0,3,0,0,0,0,0,0,1,1,1,1,63,9,1560,2,3,-1,1,-1
2015450022982,2,9,0,1,0,0,0,0,0,0,2,1,6,1,49,8,2204,2,8,-1,1,-1
2015450022985,1,9,0,16,0,0,0,0,0,0,1,1,6,2,22,5,-1,-1,-1,-1,1,-1
2015450022986,1,9,0,17,0,0,1,0,0,0,4,1,1,1,35,6,999,1,2,-1,3,-1
2015450022986,2,9,0,16,0,0,0,0,0,0,3,1,6,3,-1,-1,-1,-1,-1,-1,-1,-1
2015450022987,1,9,0,18,0,0,0,0,0,0,4,1,6,2,66,10,2496,1,10,-1,1,-1
2015450022992,1,20,0,18,0,0,1,0,0,0,1,1,1,1,33,6,-1,-1,-1,-1,1,-1
2015450022992,2,19,0,3,0,0,0,0,0,0,2,1,6,1,53,8,2198,2,1,-1,1,-1
2015450022992,3,20,0,3,0,0,0,0,0,0,2,1,1,1,34,6,6693,2,2,-1,1,-1
2015450022994,1,9,0,9,0,5,0,0,0,0,1,1,6,2,23,5,1229,1,8,-1,2,-1
2015450022994,2,3,0,18,0,8,0,0,0,0,1,1,6,1,46,8,125,1,1,-1,1,-1
2015450022998,1,5,0,14,0,1,0,0,0,0,1,1,2,1,27,6,998,1,6,-1,1,-1
2015450022998,2,9,0,9,0,5,0,0,0,0,3,1,2,1,49,8,-1,-1,-1,-1,1,-1
2015450022998,3,9,0,4,0,1,0,0,0,0,0,1,6,1,46,8,2400,2,6,-1,1,-1
2015450022998,4,9,0,18,0,1,0,0,0,0,1,1,1,1,52,8,1198,1,10,-1,1,-1
2015450022998,5,9,0,18,0,1,2,0,0,0,1,1,2,1,50,8,-1,-1,-1,-1,1,-1
2015450022998,6,9,0,18,0,1,0,0,1,0,1,1,1,1,46,8,-1,-1,-1,-1,1,-1
2015450022999,1,11,0,18,0,8,0,0,0,0,0,1,6,1,45,7,9000,2,8,-1,1,-1
2015450022999,2,9,0,18,0,8,0,0,0,0,0,1,6,3,-1,-1,-1,-1,-1,-1,-1,-1
2015450023000,1,9,0,18,0,3,0,0,0,0,4,1,1,1,26,6,2685,2,13,-1,1,-1
2015450023000,2,9,0,9,0,8,1,0,0,0,3,1,6,2,42,7,-1,-1,-1,-1,1,-1
2015450023000,3,9,0,3,0,1,0,0,0,0,3,1,6,2,58,9,1364,1,8,-1,3,-1
2015450023001,1,9,0,3,0,1,0,0,0,0,2,1,6,1,23,5,1796,1,13,-1,1,-1
2015450023001,2,9,0,18,0,1,0,4,0,0,1,1,6,1,29,6,1348,1,14,-1,1,-1
2015450023002,1,9,0,1,0,1,0,0,0,0,1,1,6,1,54,8,1799,1,9,-1,1,-1
2015450023002,2,1,0,4,0,1,0,0,0,0,1,1,6,2,-1,-1,-1,-1,-1,-1,1,-1
2015450023004,1,9,0,4,0,1,0,0,0,0,2,1,1,1,49,8,-1,-1,-1,-1,2,-1
2015450023004,2,9,0,4,0,6,0,0,0,0,2,1,2,1,31,6,1396,1,5,-1,1,-1
2015450023004,3,9,0,4,0,6,0,0,0,0,1,1,2,1,62,9,-1,-1,-1,-1,1,-1
2015450023008,1,9,0,4,0,0,0,0,0,0,2,1,6,1,43,7,1997,2,7,-1,1,-1
2015450023008,2,9,0,18,0,0,0,0,0,0,2,1,6,1,37,7,1995,2,2,-1,1,-1
2015450023008,3,9,0,18,0,0,0,0,0,0,2,1,6,1,80,11,1299,1,13,-1,1,-1
2015450023008,4,9,0,4,0,0,0,0,0,0,1,1,6,1,33,6,1796,1,9,-1,1,-1
2015450023010,1,9,0,18,0,8,0,0,0,0,4,1,2,1,45,7,1595,1,12,-1,1,-1
2015450023010,2,9,0,18,0,1,0,0,0,0,1,1,2,1,42,7,-1,-1,-1,-1,1,-1
2015450023012,1,9,0,1,0,0,0,0,0,0,2,1,6,1,21,5,1910,2,8,-1,1,-1
2015450023014,1,9,0,18,0,1,0,0,0,0,4,1,6,1,21,5,1995,2,7,-1,1,-1
2015450023017,1,9,0,18,0,0,0,0,0,0,1,1,6,1,35,6,1840,1,18,-1,1,-1
2015450023020,1,9,0,4,0,1,0,0,0,0,3,1,6,1,84,11,1560,2,3,-1,1,-1
2015450023020,2,9,0,3,0,1,0,0,7,10,2,1,6,1,26,6,1242,1,4,-1,1,-1
2015450023022,1,1,0,18,0,0,0,0,0,0,3,1,2,2,52,8,-1,-1,-1,-1,1,-1
2015450023022,2,19,0,18,0,0,0,0,0,0,4,1,6,3,-1,-1,-1,-1,-1,-1,-1,-1
2015450023026,1,9,0,18,0,0,2,0,1,0,1,1,6,1,26,6,-1,-1,-1,-1,3,-1
2015450023032,1,9,0,12,0,7,0,0,0,0,2,1,6,2,31,6,1560,2,5,-1,1,-1
2015450023032,2,9,0,18,0,1,0,0,0,0,1,1,6,2,-1,-1,-1,-1,-1,-1,-1,-1
2015450023034,1,9,0,3,0,3,0,0,0,0,2,1,2,1,-1,-1,1360,1,14,-1,1,-1
2015450023034,2,9,0,3,0,3,0,0,0,0,1,1,6,2,23,5,1399,2,7,-1,1,-1
2015450023035,1,9,0,17,0,0,1,0,1,0,1,1,6,1,29,6,-1,-1,-1,-1,1,-1
2015450023036,1,9,0,16,0,3,0,0,0,0,2,1,2,2,20,4,998,1,3,-1,1,-1
2015450023036,2,9,0,4,0,4,1,0,0,0,1,1,3,1,39,7,998,1,5,-1,1,-1
2015450023043,1,9,0,17,0,0,0,0,8,0,3,1,6,2,34,6,2143,2,4,-1,3,-1
2015450023043,2,9,0,16,0,0,0,0,0,0,4,1,6,2,79,11,1998,1,12,-1,3,-1
2015450023045,1,5,0,17,0,0,2,0,1,0,1,1,6,1,24,5,599,1,15,-1,1,-1
2015450023048,1,9,0,18,0,1,0,0,0,0,1,1,6,3,-1,-1,-1,-1,-1,-1,-1,-1
2015450023063,1,9,0,18,0,2,0,0,0,0,4,1,6,2,18,4,998,1,12,-1,2,-1
2015450023064,1,9,0,7,0,1,0,0,0,0,3,1,6,1,19,4,1341,1,12,-1,1,-1
2015450023064,2,9,0,18,0,1,0,0,0,0,4,1,6,2,38,7,-1,-1,-1,-1,1,-1
2015450023065,1,9,0,1,9,0,0,0,0,0,2,1,6,1,78,11,1275,1,17,-1,2,-1
2015450023066,1,3,0,16,0,0,0,0,0,0,1,1,6,1,17,4,125,1,1,-1,1,-1
2015450023066,2,9,0,17,0,0,0,0,0,0,3,1,6,1,52,8,2000,2,5,-1,3,-1
2015450023067,1,9,0,18,0,0,0,7,1,0,4,1,2,1,29,6,-1,-1,-1,-1,1,-1
2015450023076,1,9,0,14,0,0,1,0,1,0,4,1,6,2,27,6,1242,1,2,-1,1,-1
2015450023076,2,21,1,12,0,0,0,0,0,0,1,1,1,1,51,8,-1,-1,-1,-1,-1,-1
2015450023076,3,20,0,12,0,0,0,0,0,0,1,1,6,2,47,8,5861,2,21,-1,3,-1
2015450023088,1,1,0,17,0,1,0,0,0,0,1,1,2,2,65,9,-1,-1,-1,-1,1,-1
2015450023088,2,9,0,5,0,2,0,0,0,0,1,1,6,1,79,11,3456,8,2,-1,1,-1
2015450023092,1,3,0,16,0,2,2,0,0,0,0,1,6,1,38,7,125,1,4,-1,2,-1
2015450023094,1,9,0,9,0,8,0,0,0,0,4,1,2,1,28,6,1968,2,8,-1,3,-1
2015450023094,2,9,0,18,2,8,0,0,0,0,1,1,6,2,54,8,1598,1,16,-1,-1,-1
2015450023096,1,9,0,9,0,8,0,0,0,0,1,1,2,1,37,7,1229,1,9,-1,1,-1
2015450023096,2,9,0,18,0,8,0,0,1,10,4,1,6,1,37,7,-1,-1,-1,-1,1,-1
2015450023099,1,19,0,18,0,0,0,0,0,0,0,1,6,1,40,7,1968,2,11,-1,1,-1
2015450023101,1,1,0,18,5,0,0,7,0,0,1,1,2,1,52,8,-1,-1,-1,-1,1,-1
2015450023101,2,9,0,2,5,0,0,0,0,0,0,1,6,2,38,7,1598,1,11,-1,1,-1
2015450023102,1,9,0,4,0,1,1,0,0,0,1,1,2,1,33,6,1796,1,7,-1,3,-1
2015450023102,2,9,0,16,0,1,1,0,0,0,2,1,6,2,29,6,2495,2,16,-1,3,-1
2015450023103,1,9,0,18,0,3,0,0,0,0,2,1,3,2,26,6,1995,1,9,-1,1,-1
2015450023103,2,9,0,18,0,3,0,0,0,0,1,1,6,3,-1,-1,-1,-1,-1,-1,-1,-1
2015450023104,1,9,0,17,0,0,1,0,1,0,1,1,6,1,17,4,1390,1,9,-1,1,-1
2015450023105,1,9,0,9,0,6,0,0,0,0,1,1,2,2,31,6,1368,1,3,-1,1,-1
2015450023105,2,1,0,18,0,1,0,0,0,0,4,1,2,1,48,8,-1,-1,-1,-1,1,-1
2015450023107,1,9,0,5,0,4,0,0,0,0,4,1,2,2,48,8,1364,1,6,-1,1,-1
2015450023107,2,9,0,9,0,3,0,0,0,0,4,1,4,2,48,8,1896,2,12,-1,1,-1
2015450023108,1,9,0,18,0,3,0,0,0,0,2,1,6,1,35,6,1968,2,4,-1,1,-1
2015450023108,2,9,0,18,0,3,0,0,0,0,1,1,6,1,-1,-1,1986,2,9,-1,-1,-1
2015450023109,1,9,0,7,0,5,0,4,0,0,1,1,6,1,35,6,3199,1,8,-1,1,-1
2015450023109,2,19,0,2,0,1,0,0,0,0,1,1,6,3,-1,-1,2143,2,2,-1,1,-1
2015450023111,1,90,0,1,0,0,0,0,0,0,1,1,1,1,41,7,5883,2,10,-1,1,-1
2015450023113,1,19,0,18,0,0,0,0,0,0,3,1,1,2,36,7,2287,2,3,-1,2,-1
2015450023113,2,9,0,18,0,0,0,0,0,0,3,1,6,2,38,7,1598,1,7,-1,1,-1
2015450023114,1,9,0,4,0,0,0,0,0,0,1,1,6,3,-1,-1,-1,-1,-1,-1,-1,-1
2015450023114,2,9,0,4,0,0,0,0,0,0,2,1,6,1,58,9,1560,2,1,-1,2,-1
2015450023114,3,9,0,4,0,0,0,0,0,0,2,1,6,2,33,6,1364,1,8,-1,1,-1
2015450023117,1,9,0,9,0,6,0,0,0,0,1,1,1,1,29,6,1968,2,1,-1,1,-1
2015450023117,2,3,0,18,0,1,0,0,0,0,4,1,1,2,21,5,124,1,1,-1,1,-1
2015450023118,1,9,0,18,0,0,0,0,0,0,1,1,6,1,58,9,1781,1,14,-1,1,-1
2015450023119,1,22,0,5,9,1,5,0,0,0,0,1,6,2,78,11,-1,-1,-1,-1,1,-1
2015450023120,1,9,0,18,0,0,0,0,0,0,0,1,6,2,41,7,1240,1,12,-1,3,-1
2015450023120,2,9,0,15,0,0,0,0,0,0,0,1,6,1,-1,-1,-1,-1,-1,-1,-1,-1
2015450023121,1,9,0,11,0,0,0,0,0,0,0,1,6,3,-1,-1,-1,-1,-1,-1,-1,-1
2015450023121,2,9,0,18,0,0,0,0,1,7,4,1,6,2,23,5,1398,1,1,-1,1,-1
2015450023122,1,3,0,17,0,0,2,0,0,0,4,1,6,2,21,5,124,1,10,-1,1,-1
2015450023126,1,1,0,18,5,0,5,0,1,2,1,1,6,1,71,10,-1,-1,-1,-1,1,-1
2015450023127,1,9,0,4,0,8,0,0,0,0,2,1,6,1,31,6,1596,1,5,-1,1,-1
2015450023127,2,21,1,18,0,1,0,0,0,0,1,1,1,1,27,6,-1,-1,-1,-1,-1,-1
2015450023128,1,9,0,9,0,6,0,0,0,0,1,1,6,1,28,6,-1,-1,-1,-1,1,-1
2015450023128,2,9,0,18,0,8,0,0,0,0,3,1,6,2,65,9,-1,-1,-1,-1,1,-1
2015450023130,1,5,0,18,0,0,0,0,0,0,4,1,6,3,-1,-1,-1,-1,-1,-1,-1,-1
2015450023130,2,9,0,2,0,0,0,0,0,0,3,1,6,2,21,5,1242,1,2,-1,1,-1
2015450023132,1,9,0,18,0,0,0,0,1,0,1,1,4,2,42,7,1596,1,10,-1,1,-1
2015450023133,1,9,0,8,0,1,0,0,0,0,1,1,6,2,21,5,1242,1,2,-1,1,-1
2015450023133,2,3,0,4,0,1,0,0,0,0,2,1,6,1,22,5,124,1,2,-1,1,-1
2015450023136,1,9,0,17,0,0,0,0,1,0,1,1,2,2,18,4,-1,-1,-1,-1,1,-1
2015450023137,1,9,0,8,0,1,0,0,0,0,2,1,6,1,39,7,1596,1,15,-1,1,-1
2015450023137,2,9,0,4,0,1,0,0,0,0,1,1,6,1,25,5,1248,1,2,-1,1,-1
2015450023138,1,3,0,18,0,8,0,0,0,0,0,1,1,1,23,5,124,1,10,-1,1,-1
2015450023138,2,9,0,7,0,6,0,0,0,0,0,1,6,2,66,10,1997,1,24,-1,1,-1
2015450023139,1,9,0,18,0,1,0,0,0,0,1,1,6,2,70,10,1997,1,8,-1,1,-1
2015450023144,1,9,0,18,0,0,0,0,0,0,1,1,6,1,35,6,1968,2,-1,-1,1,-1
2015450023144,2,9,0,4,0,0,0,0,0,0,2,1,6,2,42,7,-1,-1,-1,-1,1,-1
2015450023144,3,9,0,4,0,0,0,0,0,0,2,1,6,1,52,8,1984,1,3,-1,1,-1
2015450023150,1,9,0,17,0,0,0,0,0,0,2,1,6,1,19,4,1242,1,3,-1,1,-1
2015450023150,2,9,0,18,0,0,0,0,0,0,1,1,6,1,-1,-1,-1,-1,-1,-1,-1,-1
2015450023151,1,5,0,4,0,0,0,0,0,0,2,1,6,1,43,7,689,1,1,-1,1,-1
2015450023151,2,9,0,18,0,0,0,0,0,0,1,1,6,1,78,11,2204,2,9,-1,1,-1
2015450023154,1,19,0,9,0,5,0,0,0,0,1,1,6,1,25,5,1995,2,5,-1,1,-1
2015450023154,2,3,0,18,0,8,5,0,0,0,1,1,6,1,28,6,124,1,5,-1,1,-1
2015450023156,1,9,0,5,0,1,0,0,0,0,0,1,6,2,-1,-1,1598,1,14,-1,1,-1
2015450023160,1,9,0,5,0,8,0,0,0,0,1,1,6,1,82,11,4999,1,13,-1,1,-1
2015450023160,2,9,0,18,0,1,0,7,0,0,1,1,6,2,82,11,-1,-1,-1,-1,1,-1
2015450023163,1,1,0,18,0,0,0,0,0,0,1,1,6,3,47,8,-1,-1,-1,-1,1,-1
2015450023165,1,3,0,5,9,1,5,0,0,0,1,1,6,2,40,7,124,1,4,-1,1,-1
2015450023166,1,9,0,1,9,0,0,0,0,0,2,1,2,2,37,7,1998,1,11,-1,1,-1
2015450023167,1,3,0,17,0,0,1,0,0,0,3,1,1,1,34,6,125,1,5,-1,3,-1
2015450023171,1,9,0,18,0,0,0,0,0,0,0,1,6,1,70,10,1339,1,9,-1,1,-1
2015450023172,1,9,0,4,0,0,0,0,0,0,2,1,3,1,65,9,1997,1,3,-1,1,-1
2015450023172,2,9,0,18,0,0,0,0,0,0,1,1,6,2,32,6,-1,-1,-1,-1,1,-1
2015450023174,1,9,0,7,0,5,0,0,0,0,4,1,6,1,31,6,2993,2,7,-1,1,-1
2015450023174,2,2,0,18,0,1,5,0,0,0,3,1,6,2,38,7,49,1,3,-1,1,-1
2015450023175,1,19,0,18,0,1,0,12,0,0,1,1,2,1,52,8,2402,2,11,-1,1,-1
2015450023181,1,9,0,17,0,0,1,0,1,3,1,1,6,1,30,6,1461,2,-1,-1,1,-1
2015450023189,1,9,0,18,0,8,0,0,7,1,4,1,2,1,54,8,2143,2,3,-1,1,-1
2015450023189,2,9,0,18,0,8,0,0,0,0,1,1,1,1,50,8,1798,1,16,-1,3,-1
2015450023190,1,9,0,18,0,0,0,0,0,0,1,1,6,1,22,5,1896,2,14,-1,1,-1
2015450023190,2,9,0,18,0,0,0,0,0,0,1,1,6,2,23,5,1124,1,11,-1,3,-1
2015450023191,1,9,0,16,0,1,0,0,0,0,0,1,6,1,71,10,1390,1,9,-1,1,-1
2015450023191,2,9,0,16,0,1,0,0,0,0,0,1,6,1,87,11,2198,2,7,-1,2,-1
2015450023191,3,5,0,17,0,1,0,0,0,0,0,1,6,1,25,5,805,1,15,-1,1,-1
2015450023192,1,9,0,9,0,8,0,0,0,0,3,1,6,2,71,10,1299,1,18,-1,1,-1
2015450023192,2,9,0,5,0,8,0,0,0,0,4,1,6,2,22,5,1149,1,12,-1,1,-1
2015450023193,1,9,0,5,0,1,0,0,0,0,1,1,2,2,23,5,875,1,4,-1,1,-1
2015450023193,2,1,0,9,0,4,0,0,0,0,1,1,6,1,52,8,-1,-1,-1,-1,1,-1
2015450023194,1,9,0,3,0,0,0,0,0,0,2,1,2,2,37,7,1598,1,10,-1,1,-1
2015450023194,2,9,0,4,0,0,0,0,0,0,1,1,2,1,23,5,1242,1,9,-1,1,-1
2015450023195,1,9,0,18,0,6,0,0,1,0,1,1,6,2,33,6,1984,1,11,-1,1,-1
2015450023195,2,9,0,18,0,8,5,0,7,0,4,1,6,1,43,7,1598,1,5,-1,1,-1
2015450023196,1,9,0,17,0,0,0,0,0,0,3,1,6,1,86,11,1870,2,14,-1,3,-1
2015450023196,2,9,0,16,0,0,0,0,7,0,1,1,1,1,28,6,-1,-1,-1,-1,1,-1
2015450023198,1,9,0,4,0,4,0,0,0,0,1,1,6,1,44,7,1997,2,5,-1,1,-1
2015450023198,2,1,0,9,0,8,0,0,0,0,1,1,6,1,63,9,-1,-1,-1,-1,1,-1
2015450023199,1,9,0,4,0,0,0,0,0,0,2,1,1,1,50,8,1997,2,6,-1,1,-1
2015450023199,2,9,0,4,0,0,0,0,0,0,1,1,6,2,42,7,-1,-1,-1,-1,1,-1
2015450023199,3,9,0,4,0,0,0,0,0,0,1,1,6,1,83,11,1997,2,13,-1,1,-1
2015450023199,4,9,0,18,0,0,0,0,0,0,1,1,6,1,81,11,1685,2,3,-1,3,-1
2015450023202,1,5,0,5,0,1,0,0,0,0,4,1,6,1,45,7,599,1,7,-1,1,-1
2015450023202,2,9,0,9,0,2,0,0,0,0,4,1,6,2,43,7,1905,2,19,-1,1,-1
2015450023210,1,19,0,18,0,0,1,0,0,0,1,1,6,1,29,6,7146,2,6,-1,1,-1
2015450023210,2,9,0,16,0,0,0,0,0,0,1,1,6,1,39,7,-1,-1,-1,-1,1,-1
2015450023225,1,9,0,18,0,8,0,0,0,0,4,1,6,2,41,7,2268,2,2,-1,1,-1
2015450023225,2,9,0,18,0,8,0,0,0,0,3,1,6,1,-1,-1,2477,2,22,-1,1,-1
2015450023228,1,9,0,18,0,1,0,0,0,0,1,1,6,2,55,8,1299,1,7,-1,1,-1
2015450023228,2,9,0,5,0,1,1,0,7,0,4,1,6,2,31,6,1242,1,7,-1,1,-1
2015450023229,1,9,0,3,0,1,0,0,0,0,2,1,6,1,38,7,1968,2,8,-1,1,-1
2015450023229,2,9,0,4,0,1,0,0,0,0,1,1,6,1,29,6,1229,1,5,-1,1,-1
2015450023230,1,20,0,18,0,0,0,0,0,0,1,1,1,1,44,7,9365,2,8,-1,1,-1
2015450023230,2,9,0,4,0,0,0,0,0,0,2,1,1,2,30,6,1198,1,1,-1,2,-1
2015450023230,3,21,1,4,0,0,0,0,0,0,2,1,1,1,59,9,12809,2,2,-1,1,-1
2015450023232,1,9,0,9,0,5,0,0,0,0,1,1,2,2,39,7,-1,-1,-1,-1,1,-1
2015450023232,2,9,0,18,0,8,0,0,1,0,1,1,6,2,43,7,1781,1,10,-1,1,-1
2015450023236,1,9,0,7,0,1,0,0,0,0,0,1,6,1,67,10,1497,8,1,-1,1,-1
2015450023240,1,9,0,4,0,1,0,0,0,0,1,1,6,3,-1,-1,-1,-1,-1,-1,-1,-1
2015450023240,2,9,0,4,0,1,0,0,0,0,2,1,6,2,24,5,998,1,2,-1,1,-1
2015450023241,1,9,0,11,0,0,0,0,0,0,3,1,6,1,29,6,-1,-1,-1,-1,1,-1
2015450023243,1,9,0,18,0,1,0,0,1,0,1,1,6,2,25,5,-1,-1,-1,-1,-1,-1
2015450023243,2,9,0,9,0,6,0,0,0,0,3,1,6,1,58,9,1999,1,4,-1,3,-1
2015450023249,1,9,0,18,0,1,0,0,3,11,1,1,6,1,30,6,1124,1,14,-1,1,-1
2015450023250,1,9,0,9,0,6,0,0,0,0,3,1,6,3,-1,-1,-1,-1,-1,-1,-1,-1
2015450023250,2,1,0,17,0,1,0,0,0,0,1,1,2,1,32,6,-1,-1,-1,-1,3,-1
2015450023251,1,9,0,5,0,0,0,0,0,0,2,1,6,2,29,6,2143,2,-1,-1,1,-1
2015450023251,2,9,0,18,0,0,0,0,0,0,2,1,6,2,30,6,1499,2,2,-1,1,-1
2015450023251,3,9,0,18,0,0,0,0,0,0,1,1,6,2,33,6,1560,2,2,-1,1,-1
2015450023257,1,9,0,18,0,2,5,0,1,2,1,1,6,1,21,5,1242,1,1,-1,1,-1
2015450023258,1,9,0,7,0,6,0,0,0,0,1,1,6,1,22,5,1997,2,10,-1,1,-1
2015450023258,2,9,0,18,0,1,0,0,0,0,3,1,6,1,60,9,1242,1,8,-1,1,-1
2015450023259,1,9,0,18,0,0,0,0,0,0,1,1,6,2,30,6,2199,2,3,-1,1,-1
2015450023259,2,9,0,4,0,0,0,0,0,0,2,1,6,1,77,11,-1,-1,-1,-1,1,-1
2015450023260,1,9,0,18,0,1,5,4,0,0,4,1,6,2,87,11,1397,1,5,-1,1,-1
2015450023260,2,9,0,2,0,1,0,0,0,0,3,1,6,1,36,7,1995,2,7,-1,1,-1
2015450023262,1,9,0,18,0,1,0,0,0,0,2,1,6,2,59,9,1498,1,5,-1,1,-1
2015450023262,2,9,0,18,0,1,0,0,0,0,2,1,6,2,37,7,1587,1,12,-1,1,-1
2015450023262,3,9,0,18,0,1,0,0,0,0,1,1,6,2,58,9,3199,1,17,-1,1,-1
2015450023263,1,9,0,1,0,1,0,0,0,0,2,1,6,2,27,6,2987,2,8,-1,1,-1
2015450023263,2,9,0,18,0,1,0,0,0,0,1,1,6,1,17,4,998,1,10,-1,1,-1
2015450023265,1,19,0,13,0,0,2,0,0,0,3,1,2,1,41,7,1753,2,11,-1,1,-1
2015450023266,1,9,0,9,0,6,0,0,0,0,3,1,1,1,28,6,1299,1,12,-1,1,-1
2015450023266,2,9,0,18,0,1,0,0,0,0,1,1,6,2,26,6,1968,2,11,-1,3,-1
2015450023268,1,9,0,18,0,0,0,0,0,0,2,1,6,2,35,6,2401,2,6,-1,1,-1
2015450023268,2,9,0,18,0,0,0,0,0,0,1,1,6,2,63,9,1386,1,9,-1,1,-1
2015450023269,1,9,0,18,0,5,2,0,0,0,3,1,6,3,-1,-1,3724,1,10,-1,-1,-1
2015450023269,2,1,0,18,0,1,0,0,0,0,1,1,6,1,47,8,-1,-1,-1,-1,2,-1