Accident_Index,Vehicle_Reference,Vehicle_Type,Towing_and_Articulation,Vehicle_Manoeuvre,Vehicle_Location-Restricted_Lane,Junction_Location,Skidding_and_Overturning,Hit_Object_in_Carriageway,Vehicle_Leaving_Carriageway,Hit_Object_off_Carriageway,1st_Point_of_Impact,Was_Vehicle_Left_Hand_Drive?,Journey_Purpose_of_Driver,Sex_of_Driver,Age_of_Driver,Age_Band_of_Driver,Engine_Capacity_(CC),Propulsion_Code,Age_of_Vehicle,Driver_IMD_Decile,Driver_Home_Area_Type,Vehicle_IMD_Decile
2015450029298,1,9,0,3,0,0,0,0,0,0,2,1,6,1,31,6,1968,2,8,-1,1,-1
2015450029298,2,9,0,4,0,0,0,0,0,0,2,1,6,1,19,4,1397,1,8,-1,1,-1
2015450029298,3,9,0,18,0,0,0,0,0,0,1,1,6,1,24,5,1198,1,7,-1,3,-1
2015450029322,1,9,0,16,0,0,1,0,0,0,1,1,1,1,23,5,1388,1,9,-1,2,-1
2015450029326,1,9,0,9,0,5,0,0,0,0,1,1,6,2,27,6,-1,-1,-1,-1,1,-1
2015450029326,2,9,0,18,0,4,0,0,0,0,1,1,6,1,24,5,1895,1,14,-1,1,-1
2015450029333,1,5,0,18,0,0,0,0,0,0,0,1,1,1,20,4,599,1,10,-1,1,-1
2015450029337,1,9,0,3,0,0,0,0,0,0,2,1,6,1,21,5,1398,2,10,-1,1,-1
2015450029337,2,9,0,18,0,0,0,0,0,0,1,1,6,2,31,6,1753,2,11,-1,1,-1
2015450029340,1,9,0,7,0,6,0,0,0,0,1,1,6,2,24,5,998,1,7,-1,3,-1
2015450029340,2,9,0,18,0,8,0,0,0,0,4,1,2,2,47,8,1598,1,8,-1,1,-1
2015450029345,1,9,0,8,0,1,0,0,0,0,1,1,6,1,44,7,1995,2,11,-1,2,-1
2015450029345,2,9,0,9,0,1,0,0,0,0,1,1,6,2,-1,-1,1598,1,1,-1,1,-1
2015450029347,1,9,0,3,0,0,0,0,0,0,2,1,6,1,50,8,2143,2,1,-1,1,-1
2015450029347,2,9,0,3,0,0,0,0,0,0,2,1,6,1,66,10,2996,1,5,-1,1,-1
2015450029347,3,9,0,18,0,0,0,0,0,0,1,1,6,1,24,5,1229,1,1,-1,1,-1
2015450029348,1,9,0,18,0,1,1,0,0,0,1,1,2,2,21,5,998,1,1,-1,1,-1
2015450029348,2,19,0,4,0,1,0,0,0,0,1,1,6,2,27,6,-1,-1,-1,-1,1,-1
2015450029350,1,9,0,18,0,1,0,0,0,0,1,1,6,1,56,9,1198,1,5,-1,1,-1
2015450029357,1,9,0,18,0,1,0,0,0,0,1,1,6,1,41,7,1598,1,6,-1,1,-1
2015450029357,2,9,0,4,0,1,0,0,0,0,2,1,2,2,40,7,1198,1,8,-1,1,-1
2015450029357,3,9,0,7,0,5,0,0,0,0,2,1,6,1,45,7,999,1,5,-1,1,-1
2015450029358,1,9,0,5,0,0,0,0,0,0,1,1,3,2,20,4,1199,1,12,-1,1,-1
2015450029358,2,9,0,18,0,0,0,0,0,0,1,1,2,2,53,8,1360,1,9,-1,1,-1
2015450029372,1,1,0,18,0,1,0,0,0,0,3,1,6,1,40,7,-1,-1,-1,-1,1,-1
2015450029372,2,9,0,13,0,1,0,0,0,0,4,1,6,1,26,6,3999,1,8,-1,1,-1
2015450029375,1,9,0,18,0,0,0,0,0,0,1,1,6,1,83,11,1461,2,-1,-1,1,-1
2015450029375,2,9,0,4,0,0,0,0,0,0,2,1,6,1,57,9,2143,2,5,-1,1,-1
2015450029382,1,3,0,18,0,1,5,0,0,0,1,1,1,1,49,8,125,1,7,-1,1,-1
2015450029390,1,21,1,12,0,0,0,0,0,0,3,1,1,1,55,8,-1,-1,-1,-1,-1,-1
2015450029390,2,9,0,18,0,0,1,0,1,0,4,1,6,1,51,8,2324,1,14,-1,1,-1
2015450029394,1,9,0,17,0,0,0,0,0,0,1,1,6,1,33,6,3500,1,31,-1,3,-1
2015450029394,2,9,0,10,0,0,0,0,0,0,3,1,6,2,82,11,-1,-1,-1,-1,3,-1
2015450029395,1,9,0,18,0,0,0,0,0,0,1,1,6,1,17,4,1360,1,16,-1,1,-1
2015450029399,1,9,0,4,0,0,0,0,0,0,2,1,6,2,50,8,998,1,3,-1,1,-1
2015450029399,2,9,0,18,0,0,0,0,0,0,1,1,6,2,20,4,1198,1,4,-1,1,-1
2015450029404,1,9,0,5,0,8,0,0,0,0,3,1,6,1,50,8,1781,1,18,-1,1,-1
2015450029404,2,9,0,18,0,1,0,0,0,0,1,1,6,2,28,6,2776,2,11,-1,1,-1
2015450029414,1,9,0,16,0,0,1,0,5,0,1,1,1,2,39,7,1560,2,11,-1,1,-1
2015450029415,1,9,0,18,0,1,0,0,0,0,2,1,6,1,36,7,1598,1,12,-1,1,-1
2015450029415,2,9,0,18,0,1,0,0,0,0,1,1,6,2,-1,-1,1598,1,9,-1,1,-1
2015450029415,3,9,0,18,0,1,0,0,0,0,1,1,6,3,-1,-1,-1,-1,-1,-1,-1,-1
2015450029446,1,9,0,18,0,1,0,0,4,4,1,1,2,1,44,7,1596,1,13,-1,1,-1
2015450029446,2,19,0,18,0,1,0,0,0,0,0,1,1,1,34,6,1686,2,11,-1,1,-1
2015450029452,1,9,0,18,0,0,0,0,0,0,1,1,2,2,21,5,1150,1,8,-1,1,-1
2015450029452,2,9,0,18,0,0,0,0,0,0,2,1,6,1,53,8,1968,2,2,-1,1,-1
2015450029452,3,9,0,18,0,0,0,0,0,0,1,1,6,1,-1,-1,1595,1,12,-1,1,-1
2015450029452,4,9,0,18,0,0,0,0,0,0,2,1,6,1,44,7,1997,2,6,-1,2,-1
2015450029458,1,9,0,1,0,0,0,4,0,0,2,1,6,2,33,6,2902,2,10,-1,2,-1
2015450029458,2,9,0,2,0,0,0,0,0,0,1,1,6,2,19,4,1197,1,2,-1,2,-1
2015450029459,1,9,0,9,0,5,0,0,0,0,3,1,6,2,21,5,1587,1,9,-1,1,-1
2015450029459,2,9,0,18,0,8,0,0,0,0,1,1,6,1,30,6,1461,2,1,-1,1,-1
2015450029462,1,9,0,18,0,1,0,0,1,4,1,1,6,1,19,4,-1,-1,-1,-1,3,-1
2015450029462,2,9,0,18,0,1,0,0,0,0,0,1,6,3,-1,-1,-1,-1,-1,-1,-1,-1
2015450029463,1,3,0,13,0,8,0,0,0,0,1,1,6,1,18,4,124,1,13,-1,1,-1
2015450029463,2,9,0,9,0,5,0,0,0,0,3,1,1,1,58,9,1896,2,8,-1,1,-1
2015450029466,1,9,0,4,0,0,0,0,0,0,1,1,6,1,73,10,1560,2,6,-1,1,-1
2015450029466,2,5,0,4,0,0,0,0,1,0,1,1,6,1,48,8,954,1,13,-1,1,-1
2015450029466,3,9,0,18,0,0,0,0,0,0,2,1,6,1,82,11,1560,2,10,-1,1,-1
2015450029467,1,3,0,18,0,0,0,0,0,0,1,1,6,1,17,4,125,1,6,-1,3,-1
2015450029467,2,5,0,16,0,0,0,0,0,0,1,1,6,1,-1,-1,599,1,10,-1,2,-1
2015450029467,3,5,0,16,0,0,0,0,0,0,0,1,6,1,-1,-1,-1,-1,-1,-1,-1,-1
2015450029468,1,2,0,14,0,0,0,0,0,0,1,1,1,1,22,5,600,1,13,-1,1,-1
2015450029468,2,9,0,6,0,0,0,0,0,0,1,1,6,1,54,8,1560,2,2,-1,1,-1
2015450029469,1,9,0,5,0,0,0,0,0,0,4,1,6,1,56,9,1598,1,12,-1,1,-1
2015450029469,2,21,1,12,0,0,0,0,0,0,4,1,1,1,44,7,-1,-1,-1,-1,-1,-1
2015450029477,1,9,0,18,0,0,0,0,0,0,1,1,6,1,58,9,2967,2,7,-1,1,-1
2015450029477,2,9,0,4,0,0,0,0,0,0,2,1,6,1,32,6,1796,1,10,-1,1,-1
2015450029477,3,9,0,4,0,0,0,0,0,0,2,1,6,1,80,11,2184,2,8,-1,1,-1
2015450029478,1,9,0,18,0,0,5,11,0,0,1,1,6,2,30,6,1560,2,3,-1,1,-1
2015450029491,1,1,0,18,0,0,5,0,0,0,2,1,6,2,17,4,-1,-1,-1,-1,1,-1
2015450029491,2,9,0,18,0,0,0,0,0,0,1,1,6,3,-1,-1,-1,-1,-1,-1,-1,-1
2015450029495,1,19,0,17,0,1,0,0,0,0,1,1,2,2,46,8,-1,-1,-1,-1,1,-1
2015450029495,2,9,0,5,0,1,0,0,0,0,1,1,6,2,43,7,1968,2,-1,-1,-1,-1
2015450029497,1,9,0,18,0,0,0,0,0,0,1,1,6,3,-1,-1,-1,-1,-1,-1,-1,-1
2015450029509,1,9,0,18,0,0,0,0,0,0,1,1,6,2,27,6,1388,1,13,-1,1,-1
2015450029509,2,5,0,18,0,0,2,0,0,0,1,1,2,1,70,10,1130,1,13,-1,1,-1
2015450029518,1,9,0,12,0,0,1,0,0,0,1,1,2,1,36,7,1598,1,9,-1,3,-1
2015450029518,2,9,0,3,0,0,0,0,0,0,2,1,2,1,48,8,-1,-1,-1,-1,1,-1
2015450029518,3,9,0,11,0,0,1,0,0,0,1,1,2,2,39,7,1598,2,-1,-1,2,-1
2015450029518,4,9,0,18,0,0,0,0,0,0,1,1,1,1,53,8,-1,-1,-1,-1,1,-1
2015450029521,1,19,0,18,0,4,0,0,0,0,1,1,1,1,42,7,1598,2,-1,-1,1,-1
2015450029521,2,9,0,18,0,3,0,0,0,0,1,1,6,2,17,4,-1,-1,-1,-1,1,-1
2015450029529,1,9,0,9,0,1,0,0,0,0,1,1,6,2,79,11,1086,1,6,-1,3,-1
2015450029529,2,9,0,18,0,1,1,0,0,0,4,1,1,2,41,7,1896,2,9,-1,1,-1
2015450029530,1,9,0,9,0,5,0,0,0,0,1,1,6,2,26,6,1994,1,16,-1,1,-1
2015450029530,2,9,0,18,0,1,0,0,0,0,1,1,6,2,50,8,1390,1,18,-1,1,-1
2015450029537,1,9,0,18,0,0,0,0,0,0,1,1,6,2,24,5,1198,1,8,-1,1,-1
2015450029537,2,20,0,2,0,0,1,0,1,0,2,1,6,1,59,9,-1,-1,-1,-1,1,-1
2015450029538,1,9,0,18,0,1,0,0,0,0,1,1,6,2,37,7,2143,2,3,-1,1,-1
2015450029538,2,9,0,9,0,6,0,0,0,0,1,1,1,1,31,6,1998,2,-1,-1,1,-1
2015450029541,1,19,0,18,0,0,0,0,2,2,1,1,1,1,22,5,1560,2,5,-1,1,-1
2015450029542,1,9,0,18,0,1,1,0,0,0,1,1,6,2,38,7,1995,2,1,-1,3,-1
2015450029542,2,9,0,10,0,1,0,0,0,0,2,1,6,2,31,6,1598,1,5,-1,1,-1
2015450029543,1,9,0,18,0,8,0,0,0,0,3,1,2,1,25,5,1200,1,-1,-1,1,-1
2015450029543,2,9,0,18,0,8,0,0,0,0,4,1,2,2,21,5,1399,2,11,-1,1,-1
2015450029545,1,9,0,18,0,8,0,0,0,0,3,1,6,1,31,6,1389,1,16,-1,1,-1
2015450029549,1,20,1,18,0,0,1,0,0,0,1,1,1,1,43,7,-1,-1,-1,-1,-1,-1
2015450029549,2,9,0,18,0,0,1,0,0,0,4,1,6,1,42,7,1796,1,8,-1,1,-1
2015450029549,3,9,0,18,0,0,0,0,0,0,2,1,2,1,30,6,1461,2,-1,-1,1,-1
2015450029549,4,9,0,18,0,0,0,0,0,0,0,1,1,1,56,9,-1,-1,-1,-1,3,-1
2015450029550,1,9,0,18,0,1,0,0,0,0,1,1,2,2,37,7,2494,1,16,-1,1,-1
2015450029550,2,9,0,3,0,1,0,0,0,0,2,1,1,1,28,6,1598,1,9,-1,1,-1
2015450029552,1,9,0,18,0,1,0,0,0,0,1,1,6,3,-1,-1,-1,-1,-1,-1,-1,-1
2015450029552,2,5,0,18,0,1,0,0,0,0,2,1,6,1,28,6,599,1,15,-1,1,-1
2015450029553,1,9,0,3,0,0,0,0,0,0,0,1,6,2,54,8,2967,2,1,-1,1,-1
2015450029553,2,9,0,18,0,0,0,0,0,0,1,1,2,1,43,7,1598,1,2,-1,1,-1
2015450029553,3,9,0,18,0,0,0,0,0,0,0,1,6,1,42,7,1246,1,9,-1,1,-1
2015450029553,4,9,0,18,0,0,0,0,0,0,1,1,2,2,47,8,2776,2,12,-1,1,-1
2015450029559,1,9,0,9,0,8,0,0,0,0,1,1,6,2,29,6,1596,1,9,-1,1,-1
2015450029559,2,1,0,18,0,1,0,0,0,0,1,1,6,1,24,5,-1,-1,-1,-1,-1,-1
2015450029566,1,3,0,14,0,0,0,0,0,0,1,1,2,1,34,6,124,1,2,-1,1,-1
2015450029566,2,11,0,3,0,0,0,0,0,0,0,1,1,1,38,7,4500,2,8,-1,1,-1
2015450029570,1,9,0,18,0,0,0,0,0,0,1,1,6,1,31,6,1461,2,5,-1,1,-1
2015450029570,2,9,0,18,0,0,0,0,1,7,2,1,6,1,35,6,998,1,7,-1,1,-1
2015450029573,1,9,0,18,0,1,0,0,0,0,4,1,6,3,-1,-1,-1,-1,-1,-1,-1,-1
2015450029584,1,9,0,5,0,0,0,0,1,0,1,1,6,1,18,4,1390,1,11,-1,1,-1
2015450029589,1,9,0,16,0,0,0,0,0,0,1,1,6,1,17,4,1198,1,9,-1,3,-1
2015450029589,2,19,0,17,0,0,1,0,0,0,1,1,6,1,54,8,2143,2,1,-1,1,-1
2015450029590,1,9,0,18,0,0,1,0,0,0,1,1,6,1,23,5,1896,2,13,-1,1,-1
2015450029590,2,9,0,18,0,0,0,0,0,0,1,1,6,1,25,5,1398,2,9,-1,1,-1
2015450029594,1,9,0,9,0,1,0,0,7,0,2,1,6,1,56,9,3000,2,21,-1,1,-1
2015450029594,2,9,0,16,0,1,0,0,4,0,1,1,2,1,34,6,1995,2,3,-1,1,-1
2015450029597,1,9,0,18,0,1,0,0,0,0,4,1,6,2,40,7,1499,1,-1,-1,1,-1
2015450029598,1,9,0,18,0,0,0,0,1,7,1,1,6,2,34,6,1998,1,11,-1,1,-1
2015450029598,2,9,0,11,0,0,0,0,0,0,2,1,6,3,-1,-1,-1,-1,-1,-1,-1,-1
2015450029601,1,9,0,18,0,0,1,0,0,0,2,1,6,1,79,11,2849,1,26,-1,1,-1
2015450029601,2,9,0,18,0,0,1,0,0,0,3,1,1,1,30,6,1956,2,4,-1,1,-1
2015450029601,3,9,0,18,0,0,0,0,0,0,3,1,1,1,58,9,2148,2,7,-1,1,-1
2015450029601,4,9,0,18,0,0,1,0,0,0,2,1,6,1,41,7,1799,1,8,-1,1,-1
2015450029602,1,1,0,18,0,0,0,0,0,0,1,1,6,1,52,8,-1,-1,-1,-1,1,-1
2015450029602,2,19,0,18,0,0,0,0,0,0,1,1,6,1,39,7,1995,2,2,-1,1,-1
2015450029604,1,1,0,16,0,0,1,0,0,0,4,1,6,1,30,6,-1,-1,-1,-1,1,-1
2015450029611,1,9,0,18,0,0,0,0,0,0,1,1,2,1,22,5,1596,1,3,-1,1,-1
2015450029611,2,9,0,4,0,0,0,0,0,0,2,1,6,2,30,6,1461,2,4,-1,2,-1
2015450029611,3,9,0,4,0,0,0,0,0,0,2,1,6,1,37,7,1997,1,6,-1,1,-1
2015450029611,4,9,0,4,0,0,0,0,0,0,2,1,6,2,48,8,1596,1,8,-1,2,-1
2015450029617,1,1,0,18,0,1,0,0,0,0,2,1,2,1,31,6,-1,-1,-1,-1,1,-1
2015450029617,2,9,0,18,0,1,0,0,0,0,1,1,6,2,37,7,998,1,2,-1,1,-1
2015450029621,1,9,0,17,0,0,0,0,0,0,1,1,6,2,27,6,1248,1,4,-1,1,-1
2015450029621,2,1,0,18,0,0,0,0,0,0,3,1,6,1,13,3,-1,-1,-1,-1,1,-1
2015450029623,1,1,0,18,9,0,0,0,0,0,1,1,6,3,-1,-1,-1,-1,-1,-1,-1,-1
2015450029625,1,9,0,18,0,8,0,0,0,0,3,1,6,3,-1,-1,-1,-1,-1,-1,-1,-1
2015450029625,2,9,0,18,0,8,0,0,0,0,4,1,6,2,22,5,1197,1,-1,-1,1,-1
2015450029627,1,9,0,18,0,0,0,0,0,0,4,1,6,1,91,11,1120,1,16,-1,1,-1
2015450029628,1,3,0,4,0,1,2,0,0,0,1,1,1,1,17,4,124,1,6,-1,1,-1
2015450029628,2,9,0,9,0,6,0,0,0,0,3,1,1,1,40,7,1968,2,2,-1,1,-1
2015450029636,1,9,0,9,0,8,0,0,0,0,4,1,1,2,35,6,1560,2,4,-1,1,-1
2015450029636,2,1,0,18,0,1,0,0,0,0,1,1,6,1,26,6,-1,-1,-1,-1,3,-1
2015450029643,1,9,0,4,0,1,0,0,0,0,2,1,3,2,49,8,1796,1,11,-1,1,-1
2015450029643,2,19,0,4,0,1,0,0,0,0,1,1,6,1,-1,-1,1870,2,11,-1,-1,-1
2015450029657,1,9,0,18,0,1,1,0,0,0,1,1,2,1,32,6,1599,1,11,-1,1,-1
2015450029658,1,9,0,17,0,0,0,0,1,0,1,1,2,1,38,7,2198,1,7,-1,1,-1
2015450029660,1,4,0,12,0,0,0,0,0,0,3,1,6,1,37,7,399,1,5,-1,2,-1
2015450029660,2,9,0,4,0,0,5,0,0,0,4,1,6,1,27,6,1598,2,1,-1,1,-1
2015450029664,1,9,0,18,0,4,0,10,3,0,1,1,6,1,34,6,1598,1,18,-1,-1,-1
2015450029674,1,9,0,16,0,0,0,0,0,0,1,1,6,2,31,6,1364,1,8,-1,1,-1
2015450029674,2,9,0,17,0,0,0,0,0,0,1,1,2,2,52,8,1997,2,15,-1,1,-1
2015450029677,1,9,0,18,0,3,0,0,0,0,4,1,6,1,55,8,1997,1,1,-1,1,-1
2015450029677,2,9,0,18,9,3,0,0,0,0,3,1,6,1,-1,-1,-1,-1,-1,-1,-1,-1
2015450029684,1,9,0,18,0,0,0,0,0,0,1,1,6,2,81,11,1400,1,8,-1,1,-1
2015450029689,1,1,0,16,0,0,0,0,0,0,1,1,6,1,14,3,-1,-1,-1,-1,-1,-1
2015450029691,1,3,0,7,0,1,1,0,0,0,1,1,6,1,21,5,124,1,-1,-1,1,-1
2015450029694,1,11,0,16,0,0,0,0,0,0,3,1,1,1,58,9,4580,2,8,-1,1,-1
2015450029694,2,17,4,17,0,0,0,0,0,0,4,1,1,3,-1,-1,-1,-1,-1,-1,-1,-1
2015450029696,1,9,0,12,0,0,0,0,0,0,1,1,6,2,18,4,1149,1,14,-1,1,-1
2015450029696,2,19,0,16,0,0,0,0,0,0,4,1,1,1,40,7,2295,1,15,-1,1,-1
2015450029705,1,19,0,12,0,0,0,0,0,0,1,1,2,1,46,8,-1,-1,-1,-1,-1,-1
2015450029705,2,9,0,18,0,0,0,0,0,0,4,1,1,2,52,8,1598,2,2,-1,1,-1
2015450029706,1,1,0,18,0,0,0,4,0,0,4,1,6,1,16,4,-1,-1,-1,-1,1,-1
2015450029706,2,9,0,2,0,0,0,0,0,0,2,1,6,2,-1,-1,1299,1,11,-1,1,-1
2015450029717,1,9,0,4,0,0,0,0,0,0,1,1,3,2,34,6,2720,2,9,-1,1,-1
2015450029717,2,9,0,4,0,0,0,0,0,0,2,1,2,2,56,9,995,1,7,-1,1,-1
2015450029722,1,9,0,10,0,1,0,0,0,0,2,1,1,2,31,6,999,1,2,-1,1,-1
2015450029722,2,19,0,4,0,1,0,0,0,0,1,1,1,1,46,8,2143,2,5,-1,1,-1
2015450029725,1,4,0,18,0,0,2,0,0,0,1,1,6,1,24,5,249,1,5,-1,1,-1
2015450029727,1,9,0,5,0,6,0,0,0,0,1,1,6,2,62,9,1339,1,4,-1,1,-1
2015450029727,2,9,0,17,0,8,0,0,1,0,4,1,6,1,63,9,1339,1,10,-1,1,-1
2015450029732,1,9,0,18,0,4,0,0,0,0,1,1,6,2,56,9,1598,2,1,-1,1,-1
2015450029732,2,1,0,18,0,8,0,0,0,0,4,1,6,1,53,8,-1,-1,-1,-1,1,-1
2015450029735,1,9,0,18,0,8,0,0,0,0,4,1,6,1,57,9,1796,1,1,-1,1,-1
2015450029735,2,1,0,9,0,8,0,0,0,0,1,1,6,1,32,6,-1,-1,-1,-1,1,-1
2015450029739,1,9,0,18,0,0,0,0,0,0,1,1,6,2,27,6,1598,1,9,-1,1,-1
2015450029740,1,19,0,18,0,0,0,0,0,0,1,1,6,1,34,6,1686,2,12,-1,1,-1
2015450029740,2,9,0,3,0,0,0,0,0,0,0,1,6,2,42,7,1229,1,1,-1,1,-1
2015450029741,1,9,0,18,0,0,0,0,0,0,1,1,6,3,-1,-1,-1,-1,-1,-1,-1,-1
2015450029742,1,9,0,18,0,1,0,0,0,0,1,1,6,2,42,7,1560,2,-1,-1,1,-1
2015450029742,2,9,0,18,0,7,1,0,1,7,2,1,6,2,67,10,1997,2,15,-1,3,-1
2015450029743,1,9,0,5,0,1,0,0,8,0,4,1,6,2,21,5,1560,2,6,-1,1,-1
2015450029743,2,9,0,18,0,8,0,0,1,0,1,1,6,1,31,6,1398,1,2,-1,3,-1
2015450029744,1,9,0,3,0,0,0,0,0,0,1,1,6,2,21,5,1242,1,4,-1,1,-1
2015450029746,1,9,0,4,0,0,0,0,0,0,2,1,6,1,-1,-1,1598,2,5,-1,3,-1
2015450029746,2,9,0,4,0,0,0,0,0,0,2,1,6,1,53,8,1229,1,10,-1,1,-1
2015450029746,3,9,0,4,0,0,0,0,0,0,2,1,6,1,47,8,1997,2,11,-1,1,-1
2015450029746,4,21,1,18,0,0,0,0,0,0,1,1,1,1,50,8,-1,-1,-1,-1,-1,-1
2015450029751,1,9,0,9,0,8,0,0,0,0,1,1,6,1,52,8,1595,1,10,-1,1,-1
2015450029751,2,1,0,18,0,1,2,0,0,0,1,1,6,2,32,6,-1,-1,-1,-1,1,-1
2015450029754,1,9,0,17,0,3,0,0,1,0,1,1,6,2,73,10,1198,1,1,-1,1,-1
2015450029757,1,9,0,4,0,1,0,0,0,0,1,1,3,2,43,7,2204,2,8,-1,1,-1
2015450029757,2,1,0,18,9,6,0,0,0,0,1,1,1,1,14,3,-1,-1,-1,-1,1,-1
2015450029759,1,9,0,18,0,0,0,0,0,0,4,1,6,2,68,10,1242,1,10,-1,-1,-1
2015450029765,1,9,0,7,0,8,0,0,0,0,4,1,6,2,55,8,1995,2,3,-1,1,-1
2015450029769,1,9,0,18,0,1,0,0,0,0,1,1,6,1,-1,-1,-1,-1,-1,-1,-1,-1
2015450029769,2,1,0,18,9,1,0,0,0,0,1,1,6,1,13,3,-1,-1,-1,-1,1,-1
2015450029774,1,1,0,18,0,0,0,0,0,0,0,1,2,1,29,6,-1,-1,-1,-1,1,-1
2015450029776,1,19,0,11,0,1,0,0,0,0,4,1,1,1,23,5,1461,2,4,-1,1,-1
2015450029776,2,5,0,5,0,1,0,0,0,0,3,1,6,1,36,7,670,1,3,-1,1,-1
2015450029782,1,9,0,2,0,0,0,0,0,0,3,1,6,2,58,9,-1,-1,-1,-1,1,-1
2015450029782,2,2,0,18,0,0,0,4,0,0,1,1,6,1,18,4,124,1,-1,-1,1,-1
2015450029786,1,4,0,18,0,8,5,0,0,0,1,1,2,1,31,6,449,1,-1,-1,1,-1
2015450029786,2,9,0,9,0,6,0,0,0,0,1,1,6,2,75,10,998,1,1,-1,1,-1
2015450029787,1,9,0,18,0,8,0,0,0,0,2,1,6,1,21,5,1597,1,7,-1,1,-1
2015450029787,2,8,0,18,0,8,0,0,0,0,1,1,1,1,47,8,2231,2,10,-1,1,-1
2015450029796,1,9,0,6,0,0,0,0,0,0,3,1,6,1,40,7,1598,1,1,-1,1,-1
2015450029796,2,3,0,14,0,0,5,0,0,0,4,1,2,1,33,6,124,1,1,-1,1,-1
2015450029803,1,9,0,9,0,5,0,0,0,0,1,1,6,1,22,5,1124,1,15,-1,1,-1
2015450029803,2,3,0,5,0,8,0,0,0,0,3,1,6,1,37,7,124,1,12,-1,-1,-1
2015450029811,1,9,0,4,0,1,0,0,0,0,2,1,6,1,44,7,998,1,8,-1,1,-1
2015450029811,2,20,0,4,0,1,0,0,0,0,1,1,1,1,59,9,4500,2,8,-1,1,-1
2015450029816,1,9,0,4,0,0,0,0,0,0,2,1,2,2,23,5,1390,1,2,-1,1,-1
2015450029816,2,9,0,4,0,0,0,0,0,0,2,1,6,2,64,9,1968,2,2,-1,2,-1
2015450029816,3,9,0,4,0,0,0,0,0,0,2,1,6,2,33,6,1998,1,10,-1,1,-1
2015450029816,4,9,0,18,0,0,0,0,0,0,1,1,6,1,47,8,1998,2,8,-1,1,-1
2015450029820,1,9,0,17,0,0,0,0,0,0,1,1,6,1,49,8,1596,1,9,-1,1,-1
2015450029820,2,9,0,16,0,0,0,0,0,0,1,1,2,1,38,7,1896,2,14,-1,3,-1
2015450029823,1,9,0,16,9,2,1,10,7,4,1,1,1,2,42,7,999,1,2,-1,-1,-1
2015450029824,1,9,0,9,0,5,0,0,0,0,1,1,6,1,55,8,1595,1,14,-1,1,-1
2015450029824,2,19,0,18,0,1,0,0,0,0,1,1,6,1,51,8,1686,2,7,-1,2,-1
2015450029826,1,19,0,3,0,1,0,0,0,0,2,1,1,2,44,7,1499,2,1,-1,2,-1
2015450029826,2,9,0,3,0,1,0,0,0,0,1,1,3,1,58,9,1975,1,10,-1,1,-1
2015450029835,1,5,0,18,0,0,0,0,0,0,1,1,6,1,-1,-1,599,1,16,-1,1,-1
2015450029836,1,9,0,3,0,1,0,0,0,0,3,1,6,2,29,6,1299,1,8,-1,-1,-1
2015450029838,1,19,0,18,0,6,0,0,0,0,3,1,6,3,-1,-1,-1,-1,-1,-1,-1,-1
2015450029838,2,1,0,18,0,1,0,0,0,0,1,1,6,1,39,7,-1,-1,-1,-1,1,-1
2015450029839,1,1,0,18,0,0,0,0,1,0,4,1,6,1,43,7,-1,-1,-1,-1,1,-1
2015450029843,1,9,0,18,0,1,0,0,0,0,1,1,6,3,-1,-1,-1,-1,-1,-1,-1,-1
2015450029843,2,9,0,3,0,1,0,0,0,0,2,1,1,1,46,8,1587,1,10,-1,1,-1
2015450029843,3,9,0,10,0,5,0,0,0,0,2,1,3,2,32,6,1997,2,1,-1,1,-1
2015450029850,1,9,0,15,0,1,0,0,0,0,1,1,2,1,74,10,1986,2,8,-1,1,-1
2015450029850,2,9,0,9,0,5,0,0,0,0,1,1,6,2,52,8,1995,2,1,-1,1,-1
2015450029850,3,19,0,4,0,1,0,0,0,0,0,1,1,1,25,5,2198,2,4,-1,1,-1
2015450029855,1,9,0,13,0,0,0,0,0,0,0,1,1,1,67,10,1598,1,13,-1,1,-1
2015450029855,2,1,0,18,0,0,0,0,0,0,0,1,6,2,40,7,-1,-1,-1,-1,1,-1
2015450029857,1,1,0,16,0,0,0,0,0,0,4,1,1,1,26,6,-1,-1,-1,-1,1,-1
2015450029857,2,8,0,5,0,0,0,0,0,0,1,1,6,3,-1,-1,-1,-1,-1,-1,-1,-1
2015450029858,1,19,0,5,0,1,0,0,0,0,0,1,6,3,-1,-1,1998,2,11,-1,-1,-1
2015450029859,1,9,0,16,0,0,0,0,0,0,0,1,6,1,53,8,2967,2,8,-1,3,-1
2015450029859,2,3,0,18,0,0,0,11,0,0,1,1,6,2,35,6,124,1,33,-1,1,-1
2015450029861,1,9,0,9,0,6,0,0,0,0,1,1,2,1,28,6,1998,1,13,-1,1,-1
2015450029861,2,9,0,18,0,8,0,0,0,0,4,1,1,2,22,5,1395,1,2,-1,1,-1
2015450029864,1,9,0,17,0,0,0,0,4,0,1,1,6,2,47,8,-1,-1,-1,-1,1,-1
2015450029872,1,9,0,18,0,0,1,2,0,0,1,1,6,2,51,8,1598,1,8,-1,1,-1