Accident_Index,Vehicle_Reference,Vehicle_Type,Towing_and_Articulation,Vehicle_Manoeuvre,Vehicle_Location-Restricted_Lane,Junction_Location,Skidding_and_Overturning,Hit_Object_in_Carriageway,Vehicle_Leaving_Carriageway,Hit_Object_off_Carriageway,1st_Point_of_Impact,Was_Vehicle_Left_Hand_Drive?,Journey_Purpose_of_Driver,Sex_of_Driver,Age_of_Driver,Age_Band_of_Driver,Engine_Capacity_(CC),Propulsion_Code,Age_of_Vehicle,Driver_IMD_Decile,Driver_Home_Area_Type,Vehicle_IMD_Decile
2015450030388,5,19,0,18,0,0,0,0,0,0,2,1,2,1,65,9,2148,2,9,-1,1,-1
2015450030390,1,9,0,18,0,5,0,0,0,0,3,1,6,3,-1,-1,-1,-1,-1,-1,-1,-1
2015450030390,2,1,0,18,0,1,0,0,0,0,1,1,2,1,47,8,-1,-1,-1,-1,1,-1
2015450030395,1,3,0,14,0,1,2,0,7,0,1,1,2,1,26,6,124,1,1,-1,1,-1
2015450030395,2,19,0,9,0,5,0,0,0,0,1,1,2,1,25,5,2488,2,1,-1,1,-1
2015450030404,1,9,0,16,0,0,2,0,7,4,1,1,6,1,28,6,1997,1,10,-1,1,-1
2015450030407,1,3,0,16,0,2,0,0,0,0,4,1,2,1,28,6,125,1,14,-1,1,-1
2015450030407,2,19,0,16,0,2,0,0,0,0,3,1,6,3,-1,-1,-1,-1,-1,-1,-1,-1
2015450030410,1,9,0,4,0,0,0,0,0,0,2,1,6,2,63,9,1386,1,6,-1,1,-1
2015450030410,2,9,0,18,0,0,0,0,0,0,1,1,6,1,-1,-1,-1,-1,-1,-1,-1,-1
2015450030411,1,9,0,17,0,0,1,0,1,10,1,1,6,1,33,6,2996,1,9,-1,1,-1
2015450030414,1,19,0,4,0,0,0,0,0,0,0,1,1,1,30,6,1995,2,1,-1,1,-1
2015450030414,2,5,0,18,0,0,0,0,0,0,1,1,2,1,51,8,1731,1,3,-1,1,-1
2015450030416,1,9,0,18,0,0,2,0,0,0,0,1,1,1,19,4,-1,-1,-1,-1,1,-1
2015450030417,1,9,0,4,0,0,0,0,0,0,1,1,6,2,58,9,1598,1,3,-1,1,-1
2015450030417,2,1,0,2,0,0,0,0,0,0,1,1,6,3,-1,-1,-1,-1,-1,-1,-1,-1
2015450030419,1,9,0,4,0,0,0,0,0,0,1,1,6,2,35,6,1995,1,8,-1,1,-1
2015450030421,1,21,1,11,0,0,0,0,0,0,4,1,1,1,38,7,12902,2,2,-1,1,-1
2015450030421,2,9,0,18,0,0,1,0,0,0,3,1,6,2,56,9,1968,2,11,-1,1,-1
2015450030434,1,9,0,9,0,6,0,0,0,0,3,1,3,2,33,6,993,1,12,-1,1,-1
2015450030434,2,9,0,18,0,1,0,0,0,0,1,1,1,2,23,5,1124,1,14,-1,2,-1
2015450030435,1,9,0,18,0,0,0,0,0,0,1,1,6,2,39,7,1995,2,5,-1,1,-1
2015450030435,2,9,0,18,0,0,0,0,0,0,1,1,6,2,-1,-1,3222,2,12,-1,3,-1
2015450030436,1,1,0,18,0,0,0,0,0,0,1,1,6,3,-1,-1,-1,-1,-1,-1,-1,-1
2015450030437,1,22,0,18,9,0,0,0,0,0,0,1,6,3,-1,-1,-1,-1,-1,-1,-1,-1
2015450030439,1,9,0,4,0,1,0,0,0,0,0,1,1,1,46,8,1560,2,2,-1,1,-1
2015450030439,2,9,0,4,0,8,0,0,0,0,2,1,6,1,40,7,1597,2,1,-1,1,-1
2015450030439,3,9,0,4,0,8,0,0,0,0,1,1,6,2,31,6,1598,2,5,-1,1,-1
2015450030440,1,9,0,3,0,0,0,0,0,0,1,1,2,2,45,7,1229,1,1,-1,1,-1
2015450030440,2,9,0,9,0,0,0,0,0,0,1,1,2,1,45,7,1560,2,2,-1,1,-1
2015450030448,1,1,0,18,0,0,2,0,0,0,0,1,4,1,12,3,-1,-1,-1,-1,1,-1
2015450030449,1,9,0,4,0,0,5,0,1,4,3,1,6,2,22,5,1124,1,13,-1,3,-1
2015450030452,1,9,0,18,0,0,0,0,0,0,1,1,1,2,23,5,1242,1,3,-1,3,-1
2015450030452,2,9,0,3,0,0,0,0,0,0,2,1,3,2,44,7,1968,2,4,-1,1,-1
2015450030455,1,9,0,18,0,0,0,0,0,0,1,1,6,1,47,8,1360,1,14,-1,1,-1
2015450030455,2,9,0,3,0,0,0,0,0,0,2,1,6,2,35,6,2720,2,9,-1,1,-1
2015450030457,1,9,0,18,0,1,0,0,0,0,1,1,6,1,17,4,1390,1,14,-1,1,-1
2015450030457,2,9,0,3,0,1,0,0,0,0,2,1,2,2,60,9,1796,1,13,-1,3,-1
2015450030457,3,9,0,3,0,1,0,0,0,0,2,1,6,2,38,7,1896,2,7,-1,1,-1
2015450030459,1,1,0,18,0,0,0,0,0,0,1,1,6,1,41,7,-1,-1,-1,-1,1,-1
2015450030459,2,1,0,7,0,0,0,0,0,0,1,1,4,1,12,3,-1,-1,-1,-1,1,-1
2015450030460,1,9,0,18,0,0,0,0,0,0,1,1,6,1,43,7,2967,2,7,-1,1,-1
2015450030460,2,9,0,4,0,0,0,0,0,0,2,1,6,1,59,9,2495,2,12,-1,3,-1
2015450030460,3,9,0,18,0,0,0,0,0,0,2,1,6,1,59,9,1997,2,6,-1,1,-1
2015450030461,1,9,0,18,0,1,0,0,0,0,1,1,1,1,32,6,1986,2,9,-1,1,-1
2015450030461,2,9,0,18,0,1,0,0,0,0,2,1,1,2,61,9,1598,1,12,-1,1,-1
2015450030469,1,9,0,14,0,1,0,0,0,0,4,1,6,1,29,6,1798,8,3,-1,1,-1
2015450030469,2,9,0,9,0,6,0,0,0,0,1,1,6,2,19,4,1229,1,8,-1,1,-1
2015450030471,1,9,0,18,0,1,0,0,0,0,1,1,6,2,80,11,1781,1,13,-1,1,-1
2015450030472,1,5,0,5,0,0,0,0,0,0,2,1,1,2,38,7,599,1,11,-1,1,-1
2015450030472,2,9,0,3,0,0,0,0,0,0,1,1,6,3,-1,-1,-1,-1,-1,-1,-1,-1
2015450030474,1,19,0,18,0,3,0,0,0,0,1,1,6,1,41,7,3920,2,8,-1,3,-1
2015450030474,2,9,0,18,0,3,0,0,0,0,3,1,6,2,25,5,1229,1,7,-1,1,-1
2015450030478,1,9,0,18,0,0,0,0,0,0,2,1,6,1,47,8,1896,2,15,-1,3,-1
2015450030478,2,9,0,18,0,0,0,0,0,0,1,1,6,1,24,5,1968,2,2,-1,1,-1
2015450030480,1,9,0,18,0,0,0,0,0,0,4,1,2,1,45,7,2497,2,8,-1,1,-1
2015450030485,1,3,0,16,0,1,1,0,3,1,1,1,6,1,17,4,124,1,5,-1,1,-1
2015450030486,1,9,0,3,0,0,0,0,0,0,3,1,6,1,68,10,1242,1,6,-1,1,-1
2015450030486,2,9,0,1,0,0,0,0,0,0,2,1,6,2,25,5,1388,1,3,-1,1,-1
2015450030492,1,9,0,18,0,8,0,0,0,0,1,1,6,2,76,11,1390,1,8,-1,1,-1
2015450030493,1,2,0,18,0,0,0,0,1,0,2,1,6,1,16,4,49,1,11,-1,1,-1
2015450030493,2,9,0,18,0,0,0,0,0,0,1,1,6,1,19,4,-1,-1,-1,-1,1,-1
2015450030506,1,9,0,17,0,0,2,0,1,0,1,1,2,1,18,4,1149,1,13,-1,1,-1
2015450030508,1,5,0,18,0,1,0,0,0,0,1,1,6,1,44,7,1215,1,1,-1,1,-1
2015450030508,2,9,0,18,0,4,0,0,0,0,2,1,6,2,45,7,1390,1,4,-1,2,-1
2015450030509,1,1,0,18,0,0,0,0,0,0,1,1,2,1,22,5,-1,-1,-1,-1,3,-1
2015450030509,2,9,0,8,0,0,0,0,0,0,1,1,2,2,58,9,1388,1,8,-1,3,-1
2015450030510,1,9,0,18,0,0,2,0,1,0,1,1,6,1,33,6,1896,2,17,-1,1,-1
2015450030513,1,9,0,12,0,4,0,0,0,0,2,1,3,2,43,7,1595,1,1,-1,1,-1
2015450030513,2,5,0,13,0,4,1,0,0,0,3,1,1,1,43,7,656,1,7,-1,1,-1
2015450030514,1,9,0,18,0,0,0,0,0,0,1,1,6,1,21,5,1229,1,2,-1,1,-1
2015450030514,2,9,0,3,0,0,0,0,0,0,2,1,6,1,85,11,1587,1,13,-1,1,-1
2015450030515,1,3,0,12,0,4,1,0,0,0,1,1,6,1,17,4,125,1,5,-1,1,-1
2015450030516,1,9,0,9,0,4,0,0,2,2,1,1,2,1,22,5,998,1,1,-1,1,-1
2015450030516,2,9,0,9,0,3,0,0,0,0,0,1,6,3,-1,-1,-1,-1,-1,-1,-1,-1
2015450030518,1,9,0,18,0,0,0,0,0,0,1,1,1,1,43,7,2143,2,1,-1,1,-1
2015450030523,1,9,0,9,0,2,0,0,0,0,1,1,6,2,58,9,875,1,3,-1,1,-1
2015450030524,1,9,0,18,0,0,1,0,1,3,1,1,6,2,21,5,-1,-1,-1,-1,3,-1
2015450030528,1,9,0,18,0,3,0,0,0,0,0,1,2,1,27,6,2995,1,1,-1,1,-1
2015450030528,2,9,0,18,0,3,0,0,0,0,2,1,6,1,54,8,2987,2,4,-1,-1,-1
2015450030528,3,21,1,18,0,3,0,0,0,0,2,1,1,1,43,7,10837,2,3,-1,1,-1
2015450030529,1,19,0,18,0,0,0,0,0,0,4,1,1,2,35,6,2198,2,4,-1,1,-1
2015450030532,1,9,0,4,0,0,0,0,0,0,1,1,1,1,57,9,2143,2,2,-1,1,-1
2015450030532,2,19,0,4,0,0,0,0,0,0,2,1,1,1,23,5,-1,-1,-1,-1,-1,-1
2015450030535,1,1,0,18,0,8,5,0,0,0,4,1,6,1,-1,-1,-1,-1,-1,-1,-1,-1
2015450030535,2,9,0,7,0,2,0,0,0,0,3,1,6,2,59,9,1360,1,7,-1,1,-1
2015450030538,1,9,0,5,0,3,1,0,1,2,1,1,6,1,80,11,1598,1,6,-1,1,-1
2015450030539,1,8,0,1,0,0,0,0,0,0,2,1,1,1,40,7,1896,2,6,-1,1,-1
2015450030540,1,19,0,18,0,0,0,0,0,0,1,1,6,1,24,5,2402,2,7,-1,1,-1
2015450030540,2,9,0,4,0,0,0,0,0,0,2,1,6,1,50,8,1995,2,4,-1,3,-1
2015450030541,1,9,0,7,0,8,0,0,0,0,1,1,6,2,62,9,1984,1,14,-1,1,-1
2015450030547,1,19,0,18,0,0,0,0,0,0,1,1,1,1,46,8,1995,2,7,-1,1,-1
2015450030547,2,21,1,18,0,0,0,0,0,0,2,1,1,1,58,9,12900,2,4,-1,-1,-1
2015450030548,1,9,0,5,0,6,0,0,0,0,1,1,1,2,18,4,1229,1,6,-1,1,-1
2015450030548,2,9,0,18,0,8,1,0,0,0,3,1,6,1,76,11,1498,1,10,-1,1,-1
2015450030549,1,9,0,3,0,0,0,0,0,0,2,1,6,2,29,6,1596,1,14,-1,1,-1
2015450030549,2,9,0,4,0,0,0,0,0,0,1,1,6,2,74,10,2720,2,10,-1,1,-1
2015450030550,1,9,0,13,0,2,1,0,1,11,1,1,6,1,18,4,1198,1,6,-1,1,-1
2015450030550,2,9,0,7,0,5,0,0,0,0,2,1,6,2,58,9,1242,1,15,-1,3,-1
2015450030552,1,9,0,16,0,0,0,0,1,11,1,1,6,1,23,5,1242,1,11,-1,1,-1
2015450030556,1,9,0,6,0,0,0,0,0,0,3,1,6,1,58,9,-1,-1,-1,-1,3,-1
2015450030556,2,4,0,18,0,0,1,0,0,0,1,1,6,1,61,9,1127,1,24,-1,1,-1
2015450030561,1,19,0,14,0,0,0,0,0,0,2,1,6,1,56,9,2198,2,9,-1,1,-1
2015450030561,2,1,0,18,0,0,5,0,1,0,1,1,6,1,54,8,-1,-1,-1,-1,1,-1
2015450030568,1,9,0,3,0,0,0,0,0,0,2,1,6,1,43,7,2967,2,8,-1,1,-1
2015450030568,2,9,0,3,0,0,0,0,0,0,2,1,6,1,24,5,-1,-1,-1,-1,1,-1
2015450030568,3,9,0,18,0,0,0,0,0,0,1,1,6,1,49,8,1596,1,4,-1,1,-1
2015450030573,2,9,-1,-1,-1,0,-1,-1,-1,0,-1,1,6,1,-1,-1,1198,1,12,-1,3,-1
2015450030574,1,9,0,18,0,1,1,0,0,0,1,1,3,2,51,8,1968,2,7,-1,3,-1
2015450030578,1,9,0,4,0,0,0,0,0,0,2,1,6,1,52,8,1968,2,-1,-1,-1,-1
2015450030578,2,1,0,18,0,0,0,0,0,0,1,1,6,1,49,8,-1,-1,-1,-1,-1,-1
2015450030586,1,5,0,18,0,0,0,0,0,0,1,1,6,1,-1,-1,-1,-1,-1,-1,-1,-1
2015450030589,1,9,0,9,0,5,0,0,0,0,1,1,2,2,39,7,1299,1,12,-1,1,-1
2015450030589,2,3,0,18,0,1,0,0,0,0,1,1,1,1,20,4,125,1,-1,-1,1,-1
2015450030593,1,9,0,7,0,6,0,0,0,0,1,1,6,1,52,8,1781,1,14,-1,1,-1
2015450030603,1,1,0,18,0,1,1,0,0,0,0,1,2,1,48,8,-1,-1,-1,-1,3,-1
2015450030604,1,9,0,10,0,0,0,0,0,0,0,1,6,2,46,8,2179,2,4,-1,1,-1
2015450030604,2,3,0,18,0,0,2,0,0,0,0,1,6,1,-1,-1,125,1,-1,-1,1,-1
2015450030613,1,9,0,17,0,0,2,0,1,4,1,1,2,1,19,4,998,1,17,-1,1,-1
2015450030614,1,1,0,14,0,0,0,0,0,0,1,1,6,2,29,6,-1,-1,-1,-1,1,-1
2015450030614,2,9,0,18,0,0,0,0,0,0,3,1,6,2,57,9,1598,1,10,-1,1,-1
2015450030615,1,9,0,18,0,0,0,0,0,0,1,1,6,2,36,7,1398,1,1,-1,1,-1
2015450030615,2,9,0,2,0,0,0,0,0,0,2,1,6,1,-1,-1,-1,-1,-1,-1,1,-1
2015450030616,1,19,0,18,0,6,0,0,0,0,0,1,2,1,48,8,-1,-1,-1,-1,1,-1
2015450030617,1,3,0,14,0,1,0,0,0,0,4,1,2,1,35,6,124,1,10,-1,1,-1
2015450030617,2,9,0,9,0,5,0,0,0,0,3,1,2,2,43,7,-1,-1,-1,-1,1,-1
2015450030618,1,9,0,4,0,0,0,0,0,0,2,1,3,1,62,9,-1,-1,-1,-1,1,-1
2015450030618,2,9,0,4,0,0,0,0,0,0,2,1,1,1,33,6,-1,-1,-1,-1,1,-1
2015450030618,3,9,0,18,0,0,0,0,0,0,1,1,2,2,28,6,1596,1,6,-1,1,-1
2015450030621,1,19,0,9,0,5,0,0,0,0,4,1,2,1,50,8,2800,2,11,-1,1,-1
2015450030621,2,5,0,5,0,1,0,0,0,0,4,1,2,2,25,5,125,1,2,-1,-1,-1
2015450030625,1,1,0,7,0,1,0,0,0,0,2,1,6,1,17,4,-1,-1,-1,-1,1,-1
2015450030625,2,9,0,18,0,1,0,0,0,0,1,1,6,3,-1,-1,-1,-1,-1,-1,-1,-1
2015450030632,1,9,0,18,0,1,0,0,0,0,1,1,1,1,57,9,1248,2,4,-1,2,-1
2015450030632,2,9,0,12,0,1,0,0,0,0,2,1,1,2,23,5,1061,1,10,-1,1,-1
2015450030632,3,9,0,3,0,1,0,0,0,0,3,1,2,1,44,7,1798,1,7,-1,1,-1
2015450030632,4,9,0,18,0,1,0,0,0,0,1,1,1,1,35,6,1910,2,8,-1,1,-1
2015450030635,1,11,0,18,0,0,0,0,4,6,3,1,1,1,64,9,4249,2,8,-1,1,-1
2015450030636,1,9,0,18,0,1,0,0,0,0,1,1,6,2,78,11,1149,1,7,-1,1,-1
2015450030636,2,9,0,3,0,2,0,0,0,0,2,1,6,1,77,11,2493,8,2,-1,1,-1
2015450030642,1,21,0,3,0,1,0,0,0,0,4,1,1,1,49,8,10518,2,2,-1,1,-1
2015450030643,1,9,0,9,0,8,0,0,0,0,4,1,6,3,47,8,1248,2,11,-1,1,-1
2015450030643,2,9,0,18,0,8,0,0,0,0,1,1,6,1,78,11,1598,1,13,-1,2,-1
2015450030646,1,9,0,3,0,1,0,0,0,0,2,1,6,2,39,7,-1,-1,-1,-1,-1,-1
2015450030646,2,9,0,4,0,1,0,0,0,0,1,1,6,1,-1,-1,1242,1,13,-1,2,-1
2015450030647,1,9,0,4,0,1,0,0,0,0,1,1,6,1,82,11,1596,1,12,-1,1,-1
2015450030647,2,1,0,18,0,1,0,0,0,0,1,1,4,1,15,3,-1,-1,-1,-1,1,-1
2015450030650,1,9,0,15,0,1,0,0,0,0,0,1,6,2,34,6,2179,2,5,-1,1,-1
2015450030650,2,9,0,14,0,1,1,0,7,0,1,1,1,1,34,6,1560,2,3,-1,1,-1
2015450030650,3,9,0,4,0,1,0,0,0,0,0,1,6,2,27,6,1598,1,11,-1,-1,-1
2015450030650,4,9,0,18,0,1,0,0,0,0,0,1,6,1,58,9,1499,2,2,-1,1,-1
2015450030652,1,9,0,18,0,0,0,0,0,0,0,1,6,2,33,6,1686,2,10,-1,1,-1
2015450030657,1,9,0,18,0,0,0,0,7,0,4,1,6,1,20,4,698,1,11,-1,1,-1
2015450030657,2,9,0,2,9,0,0,0,0,0,2,1,6,2,-1,-1,1242,1,7,-1,1,-1
2015450030657,3,9,0,2,9,0,0,0,0,0,1,1,6,1,-1,-1,1364,1,6,-1,1,-1
2015450030661,1,1,0,4,9,1,0,0,0,0,4,1,2,1,35,6,-1,-1,-1,-1,1,-1
2015450030662,1,9,0,18,0,0,0,0,0,0,1,1,6,1,-1,-1,2987,2,4,-1,3,-1
2015450030662,2,9,0,3,0,0,0,0,0,0,2,1,6,2,32,6,1796,1,9,-1,1,-1
2015450030663,1,19,0,18,0,8,5,7,7,0,1,1,6,1,23,5,-1,-1,-1,-1,1,-1
2015450030663,2,9,0,5,0,3,0,0,0,0,4,1,6,2,25,5,1995,2,-1,-1,2,-1
2015450030663,3,9,0,18,0,1,0,0,0,0,4,1,6,1,39,7,1560,2,10,-1,2,-1
2015450030663,4,9,0,18,0,1,0,0,0,0,3,1,6,2,50,8,1596,1,-1,-1,1,-1
2015450030664,1,9,0,18,0,0,5,0,0,0,3,1,6,1,33,6,1560,2,2,-1,2,-1
2015450030664,2,9,0,18,0,0,0,0,0,0,1,1,6,1,36,7,-1,-1,-1,-1,1,-1
2015450030665,1,4,0,7,0,8,0,0,0,0,1,1,6,1,78,11,171,1,3,-1,1,-1
2015450030665,2,9,0,18,0,4,0,0,0,0,1,1,6,1,40,7,1386,1,6,-1,1,-1
2015450030666,1,19,0,18,0,0,0,0,0,0,1,1,6,3,-1,-1,2198,2,5,-1,-1,-1
2015450030666,2,9,0,18,0,0,0,0,0,0,2,1,6,1,48,8,-1,-1,-1,-1,3,-1
2015450030666,3,19,0,18,0,0,0,0,0,0,2,1,6,3,-1,-1,1968,2,-1,-1,-1,-1
2015450030667,1,9,0,18,0,0,0,0,0,0,1,1,2,1,31,6,-1,-1,-1,-1,-1,-1
2015450030667,2,19,0,3,0,0,0,0,0,0,2,1,2,1,40,7,1461,2,3,-1,1,-1
2015450030672,1,9,0,9,0,5,0,0,0,0,1,1,6,1,48,8,1997,1,6,-1,-1,-1
2015450030672,2,3,0,18,0,1,0,0,1,0,1,1,6,1,17,4,125,1,5,-1,1,-1
2015450030673,1,21,0,3,0,2,0,0,0,0,2,1,1,1,39,7,9364,2,9,-1,1,-1
2015450030673,2,9,0,3,0,2,0,0,0,0,2,1,6,1,70,10,1396,1,6,-1,2,-1
2015450030673,3,19,0,18,0,2,0,0,0,0,1,1,1,1,28,6,2461,2,4,-1,2,-1
2015450030673,4,9,0,3,0,2,0,0,0,0,0,1,6,3,-1,-1,-1,-1,-1,-1,-1,-1
2015450030674,1,9,0,3,0,1,0,0,0,0,2,1,2,2,55,8,1242,1,-1,-1,1,-1
2015450030674,2,9,0,4,0,1,0,0,0,0,1,1,6,1,-1,-1,1598,1,7,-1,1,-1
2015450030676,1,11,0,3,0,0,0,0,0,0,1,1,1,1,52,8,4250,2,5,-1,1,-1
2015450030676,2,9,0,3,0,0,0,0,0,0,2,1,6,1,50,8,-1,-1,-1,-1,1,-1
2015450030679,1,9,0,9,0,6,0,0,0,0,1,1,6,1,50,8,1995,2,6,-1,1,-1
2015450030680,1,21,1,12,0,0,0,0,0,0,4,1,6,3,-1,-1,-1,-1,-1,-1,-1,-1
2015450030680,2,9,0,18,0,0,0,0,0,0,3,1,6,1,52,8,1461,2,-1,-1,1,-1
2015450030681,1,9,0,4,0,1,0,0,0,0,1,1,2,1,52,8,1363,2,11,-1,1,-1
2015450030681,2,1,0,18,0,1,0,0,0,0,3,1,2,2,25,5,-1,-1,-1,-1,1,-1
2015450030682,1,9,0,16,0,0,1,0,1,2,3,1,2,1,42,7,4163,1,7,-1,1,-1
2015450030683,1,9,0,16,0,0,1,0,7,4,1,1,2,1,37,7,1390,1,9,-1,1,-1
2015450030686,1,9,0,18,0,1,0,0,0,0,1,1,1,1,32,6,-1,-1,-1,-1,3,-1
2015450030686,2,9,0,18,0,1,0,0,0,0,2,1,5,1,67,10,1360,1,9,-1,-1,-1
2015450030699,1,5,0,18,0,0,0,0,0,0,1,1,6,1,48,8,1000,1,1,-1,1,-1
2015450030699,2,19,0,18,0,0,5,0,0,0,4,1,6,3,-1,-1,-1,-1,-1,-1,-1,-1
2015450030702,1,9,0,16,0,0,1,0,0,0,3,1,6,1,19,4,1199,2,4,-1,2,-1
2015450030709,1,9,0,12,0,0,0,0,2,7,1,1,2,1,48,8,1364,1,8,-1,1,-1
2015450030709,2,9,0,3,0,0,0,0,0,0,2,1,1,2,25,5,1149,1,13,-1,1,-1
2015450030711,1,9,0,9,0,6,0,0,0,0,4,1,6,1,49,8,1686,2,4,-1,1,-1
2015450030711,2,19,0,4,0,1,0,0,0,0,3,1,1,1,32,6,2198,2,4,-1,1,-1
2015450030712,1,9,0,4,0,1,0,0,0,0,2,1,6,3,-1,-1,-1,-1,-1,-1,-1,-1
2015450030712,2,5,0,18,0,1,0,0,0,0,1,1,6,1,60,9,650,1,-1,-1,1,-1
2015450030717,1,9,0,18,0,0,0,0,1,0,4,1,6,1,63,9,1242,1,14,-1,1,-1
2015450030717,2,21,1,15,0,0,0,0,0,0,1,1,1,1,27,6,-1,-1,-1,-1,-1,-1
2015450030721,1,1,0,18,0,1,0,0,0,0,1,1,6,1,27,6,-1,-1,-1,-1,1,-1
2015450030721,2,9,0,5,0,1,0,0,0,0,3,1,6,1,56,9,1997,2,-1,-1,1,-1
2015450030722,1,9,0,18,0,0,0,0,0,0,1,1,6,2,77,11,1498,1,7,-1,1,-1
2015450030722,2,9,0,18,0,0,0,0,0,0,3,1,6,1,50,8,1499,2,-1,-1,1,-1
2015450030724,1,9,0,18,0,6,0,0,0,0,1,1,3,2,31,6,1560,2,7,-1,1,-1
2015450030725,1,9,0,18,0,0,0,0,0,0,1,1,6,3,-1,-1,-1,-1,-1,-1,-1,-1
2015450030726,1,9,0,18,0,0,0,0,7,11,1,1,6,1,42,7,1396,1,17,-1,3,-1
2015450030726,2,20,0,18,0,0,0,0,0,0,0,1,6,3,-1,-1,-1,-1,-1,-1,-1,-1
2015450030729,1,5,0,4,0,0,5,0,0,0,2,1,1,1,52,8,583,1,23,-1,-1,-1
2015450030729,2,8,0,4,0,0,0,0,0,0,1,1,6,2,51,8,2995,8,1,-1,3,-1
2015450030734,1,9,0,18,0,1,0,0,0,0,4,1,6,1,33,6,1240,1,12,-1,1,-1
2015450030734,2,21,0,18,0,1,0,0,0,0,3,1,6,1,57,9,-1,-1,-1,-1,-1,-1
2015450030744,1,9,0,18,0,0,0,0,0,0,1,1,1,2,61,9,1386,1,9,-1,1,-1
2015450030745,1,9,0,3,0,4,0,0,0,0,2,1,3,2,36,7,2143,2,4,-1,1,-1
2015450030745,2,9,0,5,0,4,0,0,0,0,1,1,2,1,57,9,2230,1,11,-1,1,-1
2015450030747,1,9,0,6,0,0,0,0,0,0,0,1,6,3,-1,-1,-1,-1,-1,-1,-1,-1
2015450030747,2,1,0,18,0,0,0,0,0,0,0,1,6,1,26,6,-1,-1,-1,-1,1,-1
2015450030752,1,9,0,9,0,6,0,0,0,0,1,1,2,1,58,9,1499,2,-1,-1,1,-1
2015450030752,2,9,0,18,0,1,0,0,0,0,4,1,2,2,25,5,1587,1,8,-1,1,-1
2015450030753,1,9,0,18,0,1,0,0,0,0,1,1,1,2,23,5,1000,1,1,-1,3,-1
2015450030753,2,19,0,9,0,5,0,0,0,0,2,1,1,1,36,7,2460,2,10,-1,3,-1
2015450030757,1,9,0,7,0,5,0,0,0,0,4,1,1,1,42,7,998,1,15,-1,1,-1
2015450030757,2,3,0,18,0,1,5,0,0,0,3,1,6,1,17,4,124,1,3,-1,1,-1
2015450030771,1,9,0,18,0,1,0,0,4,1,1,1,2,1,23,5,1461,2,3,-1,2,-1
2015450030771,2,9,0,5,0,6,0,0,0,0,1,1,3,1,49,8,-1,-1,-1,-1,1,-1
2015450030775,1,9,0,18,0,0,0,0,0,0,1,1,2,1,29,6,1896,2,14,-1,1,-1
2015450030775,2,9,0,2,0,0,0,0,1,0,1,1,6,2,62,9,998,1,-1,-1,1,-1
2015450030776,1,5,0,13,0,1,0,0,0,0,1,1,2,1,41,7,675,1,3,-1,1,-1
2015450030776,2,9,0,4,0,1,0,0,0,0,1,1,5,1,26,6,1997,1,11,-1,1,-1
2015450030780,1,19,0,2,0,2,0,0,0,0,2,1,1,1,25,5,2198,2,-1,-1,1,-1
2015450030780,2,1,0,18,0,2,5,4,0,0,1,1,6,1,67,10,-1,-1,-1,-1,3,-1
2015450030786,1,9,0,18,0,0,0,0,0,0,1,1,3,1,-1,-1,1956,2,6,-1,-1,-1
2015450030786,2,9,0,3,0,0,0,0,0,0,2,1,3,1,75,10,1339,1,6,-1,1,-1
2015450030789,1,9,0,18,0,0,0,0,0,0,3,1,6,1,51,8,1685,2,3,-1,1,-1
2015450030789,2,9,0,18,0,0,0,0,0,0,3,1,6,2,70,10,1242,1,6,-1,1,-1
2015450030790,1,9,0,18,0,0,0,0,0,0,1,1,6,1,78,11,-1,-1,-1,-1,1,-1
2015450030790,2,19,0,4,0,0,0,0,0,0,2,1,1,1,30,6,1968,2,1,-1,1,-1
2015450030790,3,9,0,4,0,0,0,0,0,0,2,1,2,2,38,7,1000,1,24,-1,1,-1
2015450030790,4,4,0,4,0,0,0,0,0,0,2,1,6,1,28,6,498,1,18,-1,1,-1
2015450030790,5,19,0,4,0,0,0,0,0,0,2,1,6,1,29,6,2198,2,5,-1,1,-1
2015450030791,1,9,0,9,0,5,0,0,0,0,1,1,6,1,23,5,1242,1,13,-1,1,-1
2015450030791,2,9,0,5,0,1,0,0,0,0,1,1,6,2,18,4,998,1,6,-1,1,-1
2015450030796,1,9,0,18,0,0,0,0,0,0,4,1,1,2,52,8,1229,1,2,-1,1,-1
2015450030804,1,9,0,18,0,1,0,0,0,0,1,1,6,1,90,11,1388,1,19,-1,1,-1
2015450030804,2,19,0,10,0,5,0,0,0,0,2,1,1,1,33,6,2287,2,1,-1,1,-1
2015450030805,1,9,0,3,0,0,0,0,0,0,0,1,1,2,40,7,1560,2,1,-1,1,-1
2015450030805,2,9,0,4,0,0,0,0,0,0,2,1,1,1,24,5,1896,2,12,-1,1,-1
2015450030805,3,9,0,18,0,0,0,0,0,0,1,1,2,2,52,8,1240,1,10,-1,1,-1
2015450030807,1,9,0,18,0,0,0,0,0,0,1,1,6,1,33,6,1968,2,-1,-1,1,-1
2015450030807,2,9,0,2,0,0,0,4,1,0,3,1,6,1,-1,-1,1560,2,2,-1,1,-1
2015450030807,3,9,0,2,0,0,0,0,0,0,0,1,6,2,-1,-1,1598,1,9,-1,1,-1
2015450030809,1,17,4,9,0,8,0,0,1,0,3,1,1,1,18,4,9000,2,8,-1,3,-1