Accident_Index,Vehicle_Reference,Vehicle_Type,Towing_and_Articulation,Vehicle_Manoeuvre,Vehicle_Location-Restricted_Lane,Junction_Location,Skidding_and_Overturning,Hit_Object_in_Carriageway,Vehicle_Leaving_Carriageway,Hit_Object_off_Carriageway,1st_Point_of_Impact,Was_Vehicle_Left_Hand_Drive?,Journey_Purpose_of_Driver,Sex_of_Driver,Age_of_Driver,Age_Band_of_Driver,Engine_Capacity_(CC),Propulsion_Code,Age_of_Vehicle,Driver_IMD_Decile,Driver_Home_Area_Type,Vehicle_IMD_Decile
2015450030809,2,9,0,13,0,1,0,0,0,0,4,1,2,1,33,6,1598,1,5,-1,-1,-1
2015450030811,1,1,0,16,0,0,0,0,0,0,1,1,6,1,25,5,-1,-1,-1,-1,1,-1
2015450030811,2,9,0,18,0,0,0,0,0,0,1,1,2,2,50,8,1242,1,2,-1,1,-1
2015450030814,1,9,0,3,0,0,0,0,0,0,2,1,6,1,22,5,1560,2,3,-1,1,-1
2015450030814,2,9,0,4,0,0,0,0,0,0,1,1,6,1,45,7,1798,1,11,-1,1,-1
2015450030815,1,21,1,12,0,0,0,0,0,0,3,1,1,1,61,9,-1,-1,-1,-1,-1,-1
2015450030815,2,9,0,18,0,0,0,0,0,0,4,1,6,2,57,9,1390,1,3,-1,1,-1
2015450030819,1,9,0,17,0,0,0,0,1,2,4,1,1,1,54,8,-1,-1,-1,-1,1,-1
2015450030822,1,9,0,4,0,0,0,0,0,0,2,1,1,2,28,6,1796,1,9,-1,1,-1
2015450030822,2,9,0,18,0,0,0,0,0,0,1,1,6,1,29,6,2497,2,9,-1,-1,-1
2015450030822,3,9,0,18,0,0,0,0,0,0,1,1,2,2,24,5,1198,1,9,-1,1,-1
2015450030827,1,3,0,9,0,8,1,0,0,0,1,1,6,1,26,6,124,1,4,-1,1,-1
2015450030827,2,9,0,17,0,8,0,0,0,0,3,1,2,2,23,5,998,1,-1,-1,1,-1
2015450030828,1,9,0,4,0,1,0,0,0,0,4,1,6,1,61,9,1598,2,4,-1,1,-1
2015450030828,2,1,0,18,0,1,0,0,0,0,1,1,6,1,35,6,-1,-1,-1,-1,1,-1
2015450030832,1,9,0,18,0,0,0,0,0,0,0,1,2,2,21,5,1360,1,7,-1,1,-1
2015450030834,1,19,0,16,0,8,0,0,0,0,1,1,1,1,45,7,-1,-1,-1,-1,1,-1
2015450030840,1,9,0,1,0,0,0,0,0,0,2,1,6,1,35,6,-1,-1,-1,-1,1,-1
2015450030840,2,3,0,5,0,0,0,0,0,0,1,1,6,1,33,6,125,1,2,-1,1,-1
2015450030845,1,9,0,17,0,0,2,0,1,0,4,1,2,2,21,5,1299,1,15,-1,1,-1
2015450030850,1,9,0,18,0,0,0,0,0,0,1,1,2,2,52,8,1597,1,15,-1,-1,-1
2015450030850,2,19,0,18,0,0,0,0,0,0,2,1,2,1,42,7,2198,2,4,-1,1,-1
2015450030850,3,19,0,3,0,0,0,0,0,0,2,1,1,1,29,6,2143,2,1,-1,1,-1
2015450030851,1,9,0,18,0,2,0,0,0,0,1,1,6,2,59,9,998,1,6,-1,1,-1
2015450030851,2,9,0,3,0,4,0,0,0,0,2,1,1,1,32,6,1998,2,5,-1,1,-1
2015450030853,1,9,0,4,0,0,0,0,0,0,2,1,6,2,50,8,1596,1,11,-1,1,-1
2015450030853,2,5,0,18,0,0,0,0,0,0,1,1,2,1,46,8,1298,1,9,-1,-1,-1
2015450030857,1,9,0,3,0,0,0,0,0,0,2,1,6,1,51,8,2435,1,15,-1,1,-1
2015450030857,2,9,0,18,0,0,0,0,0,0,1,1,6,1,41,7,998,1,-1,-1,1,-1
2015450030858,1,5,0,18,0,1,0,0,0,0,1,1,1,1,23,5,649,1,8,-1,1,-1
2015450030858,2,9,0,18,0,1,0,0,0,0,1,1,1,1,52,8,1598,2,2,-1,1,-1
2015450030861,1,9,0,4,0,0,0,0,0,0,2,1,1,2,49,8,1396,1,6,-1,1,-1
2015450030861,2,5,0,4,0,0,2,0,0,0,1,1,2,1,50,8,652,1,11,-1,1,-1
2015450030861,3,9,0,4,0,0,0,0,0,0,2,1,2,1,24,5,1995,2,3,-1,1,-1
2015450030861,4,9,0,4,0,0,0,0,0,0,2,1,2,1,60,9,2993,2,6,-1,1,-1
2015450030861,5,9,0,18,0,0,0,0,0,0,1,1,2,1,47,8,1951,2,11,-1,1,-1
2015450030863,1,4,0,16,0,0,2,10,1,0,4,1,2,1,19,4,125,1,14,-1,1,-1
2015450030881,1,9,0,16,0,1,1,0,0,0,1,1,6,1,24,5,1391,1,14,-1,1,-1
2015450030881,2,9,0,17,0,2,0,0,0,0,1,1,6,2,23,5,998,1,8,-1,3,-1
2015450030884,1,11,0,18,0,0,0,0,0,0,0,1,1,1,42,7,4580,2,7,-1,1,-1
2015450030887,1,9,0,18,0,0,0,0,0,0,4,1,6,2,38,7,1991,2,12,-1,1,-1
2015450030888,1,9,0,18,0,0,0,0,1,4,1,1,6,1,53,8,2997,1,13,-1,3,-1
2015450030889,1,8,0,5,0,0,0,0,0,0,4,1,6,3,-1,-1,-1,-1,-1,-1,-1,-1
2015450030892,1,9,0,3,0,4,0,0,0,0,1,1,6,1,21,5,1896,2,12,-1,1,-1
2015450030892,2,9,0,4,0,4,0,0,0,0,2,1,6,1,24,5,998,1,2,-1,1,-1
2015450030895,1,9,0,9,0,5,0,0,0,0,1,1,2,1,37,7,1598,1,14,-1,1,-1
2015450030895,2,3,0,5,0,8,0,0,0,0,1,1,6,1,33,6,847,1,1,-1,1,-1
2015450030909,1,9,0,3,8,1,0,0,0,0,2,1,1,1,42,7,1968,2,6,-1,1,-1
2015450030909,2,19,0,4,0,1,0,0,0,0,1,1,6,3,-1,-1,1998,2,10,-1,-1,-1
2015450030909,3,9,0,3,0,1,0,0,0,0,2,1,1,1,54,8,1598,1,16,-1,1,-1
2015450030911,1,9,0,18,0,0,0,0,0,0,1,1,6,1,30,6,1149,1,11,-1,1,-1
2015450030911,2,9,0,18,0,0,0,0,0,0,2,1,1,1,44,7,2993,2,2,-1,1,-1
2015450030911,3,9,0,18,0,0,0,0,0,0,0,1,1,1,31,6,2993,2,1,-1,-1,-1
2015450030911,4,9,0,18,0,0,0,0,0,0,0,1,1,1,33,6,2967,2,1,-1,1,-1
2015450030912,1,9,0,18,0,0,0,0,0,0,1,1,6,3,-1,-1,-1,-1,-1,-1,-1,-1
2015450030912,2,1,0,18,0,0,0,0,0,0,1,1,6,1,45,7,-1,-1,-1,-1,1,-1
2015450030915,1,9,0,18,0,4,5,7,7,0,4,1,6,2,81,11,1590,1,11,-1,2,-1
2015450030915,2,9,0,5,0,3,0,0,0,0,0,1,6,2,62,9,1240,1,5,-1,1,-1
2015450030928,1,9,0,18,0,0,0,0,0,0,3,1,2,2,56,9,1599,1,12,-1,1,-1
2015450030928,2,1,0,18,0,0,0,0,0,0,4,1,6,1,16,4,-1,-1,-1,-1,1,-1
2015450030936,1,9,0,18,0,0,0,0,0,0,2,1,6,2,23,5,1248,2,7,-1,1,-1
2015450030936,2,9,0,18,0,0,0,0,0,0,1,1,6,1,25,5,-1,-1,-1,-1,1,-1
2015450030939,1,9,0,4,0,0,0,0,0,0,2,1,2,2,27,6,1388,1,12,-1,2,-1
2015450030939,2,9,0,18,0,0,0,0,0,0,1,1,2,1,40,7,1998,2,13,-1,2,-1
2015450030942,1,3,0,13,0,1,0,0,0,0,1,1,6,1,17,4,125,1,-1,-1,1,-1
2015450030942,2,19,0,9,0,5,0,0,0,0,1,1,6,1,28,6,1870,2,12,-1,1,-1
2015450030942,3,9,0,2,0,1,0,0,0,0,1,1,6,1,-1,-1,2148,2,10,-1,1,-1
2015450030948,1,9,0,3,0,0,0,0,0,0,3,1,6,1,30,6,-1,-1,-1,-1,3,-1
2015450030948,2,9,0,18,0,0,0,0,0,0,1,1,6,2,43,7,1360,1,9,-1,-1,-1
2015450030954,1,9,0,7,0,1,0,0,0,0,2,1,6,2,17,4,999,1,-1,-1,-1,-1
2015450030954,2,9,0,18,0,1,0,0,0,0,1,1,6,3,-1,-1,-1,-1,-1,-1,-1,-1
2015450030955,1,9,0,9,0,5,0,0,0,0,3,1,6,1,42,7,1339,1,11,-1,-1,-1
2015450030955,2,1,0,13,0,1,5,0,0,0,1,1,6,1,26,6,-1,-1,-1,-1,1,-1
2015450030958,1,9,0,18,0,0,0,7,0,0,1,1,6,1,53,8,1769,1,13,-1,1,-1
2015450030958,2,19,0,18,0,0,0,0,0,0,1,1,1,1,52,8,1896,2,10,-1,1,-1
2015450030961,1,9,0,16,0,0,1,7,0,0,1,1,6,1,36,7,1360,1,7,-1,1,-1
2015450030961,2,19,0,18,0,0,0,0,0,0,3,1,1,1,23,5,2198,2,4,-1,1,-1
2015450030961,3,19,0,18,0,0,0,0,0,0,4,1,6,1,34,6,2287,2,8,-1,1,-1
2015450030963,1,19,0,4,0,1,0,0,7,1,2,1,1,1,39,7,2148,2,7,-1,1,-1
2015450030967,1,3,0,5,0,0,1,0,0,0,1,1,6,2,17,4,125,1,10,-1,1,-1
2015450030967,2,9,0,4,0,0,0,0,0,0,2,1,6,1,29,6,1968,2,6,-1,1,-1
2015450030970,1,9,0,10,0,5,0,0,0,0,2,1,1,2,55,8,1461,2,5,-1,1,-1
2015450030970,2,9,0,18,0,8,0,0,0,0,1,1,6,2,18,4,1242,1,3,-1,1,-1
2015450030971,1,20,0,18,0,0,0,0,0,0,3,1,1,1,29,6,6692,2,3,-1,-1,-1
2015450030971,2,9,0,18,0,0,0,0,0,0,4,1,1,1,52,8,1997,2,2,-1,2,-1
2015450030974,1,21,1,11,0,0,1,0,0,0,4,1,1,1,32,6,-1,-1,-1,-1,-1,-1
2015450030974,2,9,0,18,0,0,1,0,1,7,4,1,6,1,44,7,1999,1,12,-1,1,-1
2015450030976,1,9,0,3,0,0,0,0,0,0,2,1,6,1,55,8,1591,1,4,-1,1,-1
2015450030976,2,9,0,18,0,0,0,0,0,0,1,1,6,1,-1,-1,2993,2,4,-1,2,-1
2015450030977,1,19,0,18,0,1,0,0,0,0,1,1,6,1,41,7,1598,2,4,-1,1,-1
2015450030977,2,9,0,2,0,1,0,0,0,0,0,1,6,3,-1,-1,-1,-1,-1,-1,-1,-1
2015450030980,1,20,1,18,0,1,0,0,0,0,3,1,6,1,46,8,-1,-1,-1,-1,1,-1
2015450030980,2,9,0,18,0,1,0,0,0,0,4,1,1,1,28,6,1120,2,2,-1,1,-1
2015450030981,1,9,0,18,0,0,0,0,0,0,4,1,6,1,63,9,1598,1,2,-1,1,-1
2015450030982,1,9,0,18,0,0,0,0,0,0,1,1,6,3,-1,-1,1896,2,7,-1,-1,-1
2015450030995,1,9,0,17,0,0,0,0,3,10,1,1,6,2,89,11,1390,1,4,-1,-1,-1
2015450030999,1,9,0,18,0,1,0,0,0,0,1,1,2,2,25,5,1997,1,8,-1,1,-1
2015450031001,1,1,0,18,0,0,5,0,0,0,4,1,6,1,24,5,-1,-1,-1,-1,1,-1
2015450031008,1,1,0,18,0,1,0,0,0,0,3,1,6,1,31,6,-1,-1,-1,-1,1,-1
2015450031008,2,9,0,18,0,1,0,0,0,0,4,1,6,3,-1,-1,-1,-1,-1,-1,-1,-1
2015450031010,1,9,0,3,0,1,0,0,0,0,1,1,6,3,56,9,2148,2,6,-1,1,-1
2015450031010,2,9,0,18,0,6,0,0,0,0,1,1,6,2,44,7,1685,2,1,-1,1,-1
2015450031012,1,9,0,2,0,0,0,0,0,0,2,1,6,3,51,8,2987,2,9,-1,-1,-1
2015450031012,2,9,0,18,0,0,0,0,0,0,1,1,2,2,43,7,1596,1,9,-1,1,-1
2015450031012,3,9,0,18,0,0,0,4,0,0,1,1,2,1,63,9,2295,1,12,-1,1,-1
2015450031013,1,9,0,9,0,4,0,0,0,0,1,1,2,2,30,6,1749,1,14,-1,1,-1
2015450031013,2,5,0,11,0,8,0,0,4,0,4,1,2,1,43,7,849,1,17,-1,1,-1
2015450031015,1,9,0,18,0,0,1,0,0,0,1,1,6,1,50,8,2993,2,5,-1,1,-1
2015450031015,2,1,0,18,0,0,0,0,0,0,1,1,6,1,8,2,-1,-1,-1,-1,1,-1
2015450031018,1,1,0,4,9,1,0,0,0,0,1,1,2,2,57,9,-1,-1,-1,-1,1,-1
2015450031018,2,9,0,5,0,6,0,0,0,0,1,1,2,1,23,5,998,1,10,-1,1,-1
2015450031019,1,9,0,18,0,1,0,0,0,0,1,1,6,2,26,6,1598,1,13,-1,1,-1
2015450031020,1,19,0,18,0,1,0,0,0,0,3,1,1,1,30,6,1686,2,12,-1,1,-1
2015450031020,2,9,0,9,0,6,5,0,7,1,1,1,6,2,66,10,998,1,6,-1,1,-1
2015450031022,1,1,0,18,0,0,0,0,0,0,0,1,4,1,12,3,-1,-1,-1,-1,1,-1
2015450031024,1,9,0,5,0,0,0,0,0,0,3,1,6,1,31,6,1781,1,18,-1,1,-1
2015450031025,1,5,0,18,0,0,5,0,0,0,3,1,6,1,49,8,1450,1,12,-1,1,-1
2015450031025,2,9,0,12,0,0,0,0,0,0,0,1,6,2,49,8,1796,1,8,-1,1,-1
2015450031026,1,9,0,18,0,0,0,0,0,0,2,1,6,1,38,7,1956,2,1,-1,2,-1
2015450031026,2,9,0,18,0,0,0,0,0,0,1,1,6,2,42,7,1399,2,2,-1,3,-1
2015450031030,1,1,0,18,0,0,0,4,0,0,1,1,6,1,37,7,-1,-1,-1,-1,1,-1
2015450031030,2,9,0,2,0,0,0,0,0,0,2,1,6,1,-1,-1,2720,2,10,-1,1,-1
2015450031031,1,9,0,16,0,0,2,0,1,4,3,1,1,2,43,7,1596,1,12,-1,1,-1
2015450031037,1,9,0,18,0,1,0,0,0,0,4,1,6,3,-1,-1,-1,-1,-1,-1,-1,-1
2015450031039,1,9,0,9,0,4,0,0,0,0,3,1,6,1,68,10,1794,1,13,-1,1,-1
2015450031039,2,3,0,18,0,8,5,0,0,0,1,1,1,1,22,5,125,1,4,-1,1,-1
2015450031041,1,9,0,18,0,0,0,0,0,0,2,1,6,1,37,7,-1,-1,-1,-1,1,-1
2015450031041,2,9,0,18,0,0,0,0,0,0,1,1,6,1,30,6,1910,2,9,-1,1,-1
2015450031050,1,19,0,17,0,2,0,0,0,0,2,1,1,1,27,6,2402,2,10,-1,1,-1
2015450031050,2,9,0,18,0,8,0,0,0,0,2,1,6,3,-1,-1,1598,1,14,-1,-1,-1
2015450031050,3,9,0,18,0,8,0,0,0,0,1,1,6,3,-1,-1,-1,-1,-1,-1,-1,-1
2015450031053,1,9,0,18,0,1,0,0,0,0,4,1,6,1,71,10,1999,1,12,-1,1,-1
2015450031058,1,9,0,18,0,6,0,0,0,0,3,1,2,1,24,5,1781,1,13,-1,1,-1
2015450031058,2,1,0,18,0,8,0,0,0,0,4,1,6,1,15,3,-1,-1,-1,-1,1,-1
2015450031061,1,9,0,18,0,0,0,0,0,0,4,1,6,1,78,11,1398,1,8,-1,2,-1
2015450031064,1,3,0,5,0,2,0,0,0,0,1,1,6,2,17,4,125,1,-1,-1,1,-1
2015450031064,2,9,0,5,0,2,0,0,0,0,2,1,6,2,26,6,1197,1,-1,-1,1,-1
2015450031068,1,9,0,5,0,6,0,0,0,0,1,1,6,2,66,10,1399,2,5,-1,3,-1
2015450031068,2,11,0,18,0,1,0,0,0,0,3,1,1,1,40,7,4500,2,-1,-1,1,-1
2015450031069,1,9,0,18,0,1,0,0,1,0,1,1,6,1,20,4,1796,1,13,-1,1,-1
2015450031074,1,9,0,17,0,1,1,0,0,4,1,1,6,1,50,8,1598,2,2,-1,-1,-1
2015450031076,1,9,0,18,0,6,0,0,0,0,1,1,6,1,40,7,1398,2,12,-1,1,-1
2015450031078,1,19,0,16,0,0,2,0,0,0,1,1,1,1,25,5,-1,-1,-1,-1,1,-1
2015450031088,1,9,0,7,0,2,0,0,0,0,1,1,6,1,29,6,1399,2,4,-1,-1,-1
2015450031088,2,9,0,3,0,1,0,0,0,0,1,1,6,1,20,4,1198,1,4,-1,1,-1
2015450031089,1,9,0,11,0,0,0,0,0,0,0,1,6,3,-1,-1,-1,-1,-1,-1,-1,-1
2015450031089,2,9,0,18,0,0,0,0,0,0,2,1,2,1,21,5,1242,1,1,-1,1,-1
2015450031089,3,9,0,18,0,0,0,0,0,0,1,1,2,2,23,5,1388,1,13,-1,-1,-1
2015450031096,1,9,0,7,0,8,0,0,8,0,1,1,2,1,44,7,1390,1,3,-1,2,-1
2015450031100,1,1,0,18,0,0,0,0,0,0,2,1,6,1,-1,-1,-1,-1,-1,-1,1,-1
2015450031100,2,9,0,18,0,0,0,0,0,0,1,1,6,3,-1,-1,-1,-1,-1,-1,-1,-1
2015450031105,1,9,0,17,0,0,2,0,1,0,1,1,6,1,33,6,1998,1,12,-1,-1,-1
2015450031106,1,9,0,18,0,0,0,0,0,0,4,1,6,2,42,7,1124,1,15,-1,3,-1
2015450031106,2,21,1,12,0,0,0,0,0,0,3,1,1,1,60,9,-1,-1,-1,-1,-1,-1
2015450031108,1,9,0,18,0,0,0,0,0,0,1,1,6,1,36,7,1149,1,16,-1,1,-1
2015450031108,2,19,0,18,0,0,0,0,0,0,1,1,1,1,37,7,1753,2,4,-1,1,-1
2015450031108,3,9,0,4,0,0,0,0,0,0,2,1,2,1,33,6,1995,2,7,-1,1,-1
2015450031109,1,11,0,18,0,0,0,0,0,0,1,1,1,1,51,8,3900,2,10,-1,1,-1
2015450031109,2,1,0,18,0,0,2,0,0,0,1,1,6,1,16,4,-1,-1,-1,-1,1,-1
2015450031110,1,9,0,9,0,6,0,0,0,0,1,1,6,1,43,7,1390,1,14,-1,3,-1
2015450031110,2,9,0,18,0,1,0,0,0,0,3,1,6,1,78,11,1984,1,-1,-1,3,-1
2015450031111,1,9,0,9,0,6,0,0,0,0,3,1,6,2,68,10,1968,2,7,-1,1,-1
2015450031111,2,4,0,14,0,1,0,0,0,0,1,1,6,1,46,8,918,1,19,-1,1,-1
2015450031112,1,9,0,18,0,8,0,0,0,0,1,1,6,3,-1,-1,-1,-1,-1,-1,-1,-1
2015450031112,2,1,0,18,0,8,0,0,0,0,2,1,6,1,75,10,-1,-1,-1,-1,1,-1
2015450031113,1,9,0,5,0,2,0,0,0,0,1,1,6,1,34,6,1998,2,13,-1,1,-1
2015450031114,1,9,0,18,0,1,0,0,7,2,1,1,2,1,29,6,1968,2,3,-1,1,-1
2015450031114,2,9,0,2,9,1,0,0,0,0,1,1,6,1,-1,-1,2495,2,26,-1,1,-1
2015450031116,1,9,0,18,0,0,1,0,7,0,1,1,2,1,17,4,1124,1,10,-1,3,-1
2015450031117,1,1,0,18,0,0,0,0,0,0,3,1,6,2,43,7,-1,-1,-1,-1,2,-1
2015450031117,2,9,0,18,0,0,0,0,0,0,4,1,6,1,87,11,1598,1,-1,-1,1,-1
2015450031129,1,5,0,9,0,1,0,0,0,0,3,1,6,1,21,5,645,1,12,-1,3,-1
2015450031129,2,5,0,13,0,1,0,0,0,0,4,1,6,1,30,6,999,1,10,-1,1,-1
2015450031130,1,2,0,18,0,1,1,0,0,0,1,1,6,1,29,6,49,1,2,-1,1,-1
2015450031135,1,9,0,18,0,0,0,0,0,0,1,1,6,1,-1,-1,1390,1,13,-1,1,-1
2015450031136,1,9,0,18,0,0,1,11,2,7,1,1,6,2,23,5,1242,1,9,-1,1,-1
2015450031138,1,9,0,16,0,0,5,0,0,0,1,1,6,1,33,6,1991,2,6,-1,1,-1
2015450031139,1,9,0,18,0,0,0,0,0,0,2,1,6,1,68,10,2720,2,10,-1,1,-1
2015450031139,2,9,0,3,0,0,0,0,0,0,2,1,6,2,20,4,1598,1,9,-1,1,-1
2015450031139,3,9,0,3,0,0,0,0,0,0,2,1,6,2,33,6,1598,1,9,-1,-1,-1
2015450031139,4,19,0,12,0,0,0,0,0,0,1,1,2,1,47,8,1399,2,5,-1,1,-1
2015450031145,1,1,0,16,0,0,1,0,0,0,1,1,6,1,47,8,-1,-1,-1,-1,1,-1
2015450031145,2,9,0,4,0,0,0,0,0,0,1,1,6,1,56,9,1395,1,2,-1,2,-1
2015450031149,1,9,0,5,0,6,0,0,0,0,1,1,1,2,26,6,1343,1,15,-1,1,-1
2015450031149,2,5,0,15,0,1,0,0,7,0,1,1,6,1,26,6,599,1,2,-1,1,-1
2015450031157,1,9,0,18,0,2,0,0,0,0,1,1,6,2,60,9,1198,1,13,-1,1,-1
2015450031158,1,9,0,18,0,1,0,0,0,0,1,1,6,1,29,6,1560,2,3,-1,1,-1
2015450031158,2,1,0,18,0,1,0,0,0,0,1,1,6,1,22,5,-1,-1,-1,-1,1,-1
2015450031161,1,9,0,17,0,0,2,10,1,9,1,1,2,2,44,7,1242,1,6,-1,2,-1
2015450031164,1,9,0,17,0,0,2,7,0,0,1,1,6,2,21,5,1149,1,7,-1,1,-1
2015450031167,1,9,0,4,0,0,0,0,0,0,0,1,2,2,51,8,2495,2,12,-1,1,-1
2015450031167,2,5,0,4,0,0,0,0,0,0,1,1,2,1,48,8,645,1,3,-1,1,-1
2015450031167,3,19,0,3,0,0,0,0,0,0,1,1,1,1,35,6,2198,2,1,-1,2,-1
2015450031167,4,19,0,3,0,0,0,0,0,0,1,1,1,1,42,7,-1,-1,-1,-1,1,-1
2015450031167,5,9,0,4,0,0,0,0,0,0,1,1,1,2,54,8,1229,1,2,-1,1,-1
2015450031167,6,9,0,4,0,0,1,0,0,0,1,1,2,3,37,7,1797,8,5,-1,1,-1
2015450031176,1,9,0,17,0,8,0,7,1,7,1,1,6,1,18,4,998,1,12,-1,1,-1
2015450031179,1,5,0,5,0,8,0,0,0,0,4,1,2,1,35,6,998,1,14,-1,1,-1
2015450031181,1,19,0,18,0,0,0,0,0,0,1,1,6,1,28,6,1560,2,3,-1,1,-1
2015450031185,1,9,0,9,0,1,0,0,0,0,1,1,2,1,25,5,1598,2,-1,-1,1,-1
2015450031185,2,9,0,18,0,1,0,0,0,0,4,1,1,2,59,9,2184,2,11,-1,1,-1
2015450031186,1,9,0,18,0,8,0,0,0,0,0,1,6,3,-1,-1,-1,-1,-1,-1,-1,-1
2015450031186,2,9,0,3,0,4,0,0,0,0,1,1,2,1,52,8,2685,2,11,-1,1,-1
2015450031186,3,1,0,18,0,8,0,0,0,0,4,1,6,1,72,10,-1,-1,-1,-1,1,-1
2015450031201,1,9,0,3,0,0,0,0,0,0,2,1,6,1,38,7,1339,1,9,-1,1,-1
2015450031201,2,9,0,3,0,0,0,0,0,0,1,1,6,1,22,5,1968,2,-1,-1,2,-1
2015450031206,1,9,0,18,0,0,0,0,7,4,1,1,6,1,30,6,1560,2,7,-1,1,-1
2015450031208,1,9,0,18,0,0,0,0,0,0,1,1,2,1,28,6,1997,2,12,-1,1,-1
2015450031208,2,9,0,18,0,0,1,0,0,0,1,1,1,1,20,4,1149,1,15,-1,1,-1
2015450031209,1,1,0,18,0,1,0,0,0,0,1,1,6,1,54,8,-1,-1,-1,-1,1,-1
2015450031209,2,9,0,1,0,6,0,0,0,0,2,1,6,1,-1,-1,1895,1,16,-1,3,-1
2015450031211,1,9,0,3,0,0,0,0,0,0,2,1,6,1,34,6,2993,2,4,-1,3,-1
2015450031211,2,9,0,3,0,0,0,0,0,0,2,1,6,1,40,7,1997,6,15,-1,3,-1
2015450031211,3,9,0,3,0,0,0,0,0,0,2,1,6,2,64,9,1984,2,1,-1,3,-1
2015450031211,4,9,0,18,0,0,0,0,0,0,1,1,6,1,73,10,-1,-1,-1,-1,-1,-1
2015450031214,1,9,0,17,0,8,1,0,2,7,1,1,6,1,41,7,4806,1,7,-1,-1,-1
2015450031214,2,9,0,18,0,8,0,0,0,0,2,1,2,1,64,9,1560,2,-1,-1,1,-1
2015450031217,1,9,0,3,0,1,0,0,0,0,1,1,6,1,36,7,2179,2,6,-1,1,-1
2015450031217,2,9,0,5,0,1,0,0,0,0,1,1,6,2,25,5,1197,1,-1,-1,1,-1
2015450031217,3,9,0,18,0,1,0,0,0,0,3,1,2,1,35,6,1999,1,9,-1,1,-1
2015450031221,1,5,0,18,0,3,0,0,0,0,1,1,1,1,40,7,-1,-1,-1,-1,1,-1
2015450031221,2,9,0,9,0,8,0,0,0,0,3,1,6,1,35,6,-1,-1,-1,-1,1,-1
2015450031222,1,9,0,18,0,0,1,0,0,0,1,1,2,1,37,7,1390,1,17,-1,1,-1
2015450031222,2,9,0,4,0,0,0,0,0,0,2,1,1,2,53,8,1685,2,1,-1,1,-1
2015450031226,1,9,0,18,0,0,0,0,0,0,4,1,6,2,29,6,1599,1,12,-1,1,-1
2015450031229,1,9,0,18,0,1,0,0,7,0,1,1,6,2,42,7,1988,1,12,-1,1,-1
2015450031233,1,9,0,3,0,2,0,0,0,0,1,1,6,1,22,5,1400,1,16,-1,1,-1
2015450031233,2,9,0,3,0,1,0,0,0,0,2,1,6,2,39,7,1596,1,7,-1,2,-1
2015450031243,1,19,0,6,0,0,0,0,0,0,1,1,1,1,48,8,2295,7,12,-1,1,-1
2015450031243,2,9,0,18,0,0,2,0,1,2,1,1,6,2,30,6,1598,2,4,-1,1,-1
2015450031250,1,20,0,18,0,1,0,0,0,0,1,1,6,1,-1,-1,-1,-1,-1,-1,-1,-1
2015450031251,1,9,0,15,0,0,2,0,0,0,0,1,1,2,41,7,2143,2,2,-1,3,-1
2015450031251,2,3,0,4,0,0,2,0,0,0,4,1,1,1,31,6,124,1,3,-1,1,-1
2015450031251,3,9,0,2,0,0,0,0,0,0,0,1,6,1,32,6,1686,2,4,-1,1,-1
2015450031254,1,9,0,17,0,0,1,0,2,0,1,1,6,1,23,5,1598,1,11,-1,1,-1
2015450031255,1,19,0,11,0,0,0,0,0,0,4,1,1,1,27,6,-1,-1,-1,-1,-1,-1
2015450031255,2,9,0,18,0,0,0,0,0,0,2,1,1,1,47,8,2993,2,-1,-1,1,-1
2015450031255,3,21,1,18,0,0,0,0,0,0,1,1,2,1,51,8,15607,2,5,-1,-1,-1
2015450031257,1,9,0,6,0,2,0,0,0,0,2,1,6,1,23,5,1242,1,9,-1,1,-1
2015450031257,2,9,0,18,0,1,0,0,1,0,2,1,6,1,62,9,1299,1,12,-1,1,-1
2015450031259,1,9,4,18,0,0,4,0,0,0,1,1,1,1,42,7,3700,1,14,-1,3,-1
2015450031259,2,9,0,18,0,0,0,0,0,0,1,1,6,1,58,9,1598,1,10,-1,1,-1
2015450031260,1,9,0,18,0,1,0,0,0,0,1,1,6,3,-1,-1,1900,2,16,-1,-1,-1
2015450031260,2,9,0,4,0,1,0,0,0,0,2,1,6,2,58,9,1598,1,16,-1,1,-1
2015450031263,1,9,0,17,0,0,1,0,1,0,1,1,2,2,21,5,1240,1,10,-1,-1,-1
2015450031266,1,9,0,9,0,5,0,0,1,0,3,1,6,1,69,10,2172,2,12,-1,1,-1
2015450031266,2,9,0,18,0,1,0,0,0,0,1,1,6,1,26,6,1990,1,16,-1,1,-1
2015450031267,1,9,0,18,0,0,1,0,0,0,1,1,6,2,43,7,1596,1,8,-1,1,-1
2015450031267,2,9,0,18,0,0,0,0,0,0,1,1,6,3,-1,-1,-1,-1,-1,-1,-1,-1
2015450031271,1,19,0,18,0,1,0,0,0,0,1,1,2,1,20,4,1248,2,8,-1,-1,-1
2015450031271,2,5,0,10,0,1,0,0,0,0,2,1,2,1,35,6,599,1,6,-1,-1,-1
2015450031272,1,9,0,18,0,0,0,0,0,0,2,1,6,2,-1,-1,1995,2,8,-1,1,-1