Accident_Index,Vehicle_Reference,Vehicle_Type,Towing_and_Articulation,Vehicle_Manoeuvre,Vehicle_Location-Restricted_Lane,Junction_Location,Skidding_and_Overturning,Hit_Object_in_Carriageway,Vehicle_Leaving_Carriageway,Hit_Object_off_Carriageway,1st_Point_of_Impact,Was_Vehicle_Left_Hand_Drive?,Journey_Purpose_of_Driver,Sex_of_Driver,Age_of_Driver,Age_Band_of_Driver,Engine_Capacity_(CC),Propulsion_Code,Age_of_Vehicle,Driver_IMD_Decile,Driver_Home_Area_Type,Vehicle_IMD_Decile
2015450031272,2,9,0,18,0,0,0,0,0,0,1,1,6,2,-1,-1,2987,2,5,-1,1,-1
2015450031273,1,9,0,18,0,1,0,0,0,0,1,1,6,3,-1,-1,-1,-1,-1,-1,-1,-1
2015450031275,1,9,0,18,0,0,0,0,0,0,2,1,2,2,39,7,-1,-1,-1,-1,1,-1
2015450031275,2,9,0,18,0,0,0,0,0,0,2,1,2,2,30,6,1242,1,4,-1,1,-1
2015450031275,3,9,0,18,0,0,0,0,0,0,1,1,2,2,20,4,1124,1,12,-1,1,-1
2015450031277,1,19,0,11,0,0,0,0,0,0,0,1,2,1,23,5,1996,2,1,-1,-1,-1
2015450031277,2,9,0,12,0,0,0,0,0,0,0,1,6,3,-1,-1,-1,-1,-1,-1,-1,-1
2015450031279,1,3,0,18,0,0,5,0,0,0,1,1,1,1,20,4,125,1,-1,-1,1,-1
2015450031279,2,9,0,11,0,0,0,0,0,0,4,1,2,2,27,6,1995,2,5,-1,1,-1
2015450031282,1,9,0,16,0,0,1,0,0,0,1,1,2,1,18,4,-1,-1,-1,-1,2,-1
2015450031282,2,9,0,17,0,0,0,0,1,10,1,1,6,2,57,9,1332,1,18,-1,3,-1
2015450031283,1,9,0,4,0,1,1,0,1,1,3,1,6,1,24,5,1598,1,12,-1,1,-1
2015450031287,1,1,0,9,0,1,1,0,0,0,0,1,6,1,29,6,-1,-1,-1,-1,3,-1
2015450031288,1,9,0,18,0,1,0,0,0,0,4,1,6,2,30,6,1390,1,9,-1,1,-1
2015450031308,1,9,0,18,0,1,0,0,7,0,1,1,1,1,31,6,1389,1,16,-1,1,-1
2015450031308,2,9,0,9,0,4,1,0,1,0,2,1,1,1,57,9,1587,1,7,-1,3,-1
2015450031314,1,9,0,7,0,2,0,0,0,0,1,1,6,1,49,8,1598,1,13,-1,1,-1
2015450031321,1,9,0,18,0,1,0,0,0,0,1,1,6,1,85,11,1596,1,14,-1,1,-1
2015450031321,2,1,0,10,0,5,0,0,0,0,2,1,6,1,46,8,-1,-1,-1,-1,1,-1
2015450031325,1,9,0,18,0,0,0,4,0,0,1,1,6,2,88,11,-1,-1,-1,-1,2,-1
2015450031325,2,9,0,2,0,0,0,0,0,0,1,1,6,1,-1,-1,1995,2,7,-1,1,-1
2015450031326,1,9,0,18,0,0,0,0,0,0,4,1,1,2,34,6,1198,1,4,-1,1,-1
2015450031326,2,21,1,18,0,0,0,0,0,0,1,1,6,1,43,7,-1,2,8,-1,1,-1
2015450031328,1,9,0,18,0,8,0,0,1,9,1,1,6,1,66,10,1299,1,9,-1,1,-1
2015450031328,2,9,0,18,0,1,0,0,0,0,1,1,6,1,82,11,1997,2,10,-1,1,-1
2015450031328,3,9,0,3,0,1,0,0,0,0,1,1,6,1,39,7,3200,2,4,-1,3,-1
2015450031330,1,20,0,16,0,0,0,0,7,4,1,1,1,1,47,8,7146,2,7,-1,-1,-1
2015450031333,1,19,0,9,0,5,0,0,0,0,1,1,2,1,51,8,1461,2,4,-1,1,-1
2015450031333,2,3,0,18,0,1,0,0,0,0,1,1,6,1,40,7,124,1,2,-1,-1,-1
2015450031339,1,1,0,18,0,0,0,0,0,0,1,1,2,1,40,7,-1,-1,-1,-1,1,-1
2015450031339,2,9,0,2,0,0,0,0,0,0,2,1,1,1,46,8,-1,-1,-1,-1,1,-1
2015450031342,1,5,0,9,0,4,2,0,0,0,3,1,2,1,44,7,499,1,16,-1,1,-1
2015450031346,1,9,0,9,0,4,0,0,0,0,3,1,2,2,34,6,1149,1,8,-1,1,-1
2015450031346,2,5,0,18,0,8,5,0,0,0,1,1,2,1,36,7,749,1,5,-1,1,-1
2015450031349,1,2,0,18,0,0,0,0,0,0,1,1,6,2,79,11,49,1,5,-1,2,-1
2015450031352,1,3,0,18,0,1,0,0,0,0,1,1,2,1,39,7,114,1,1,-1,1,-1
2015450031352,2,9,0,9,0,6,0,0,0,0,1,1,6,2,42,7,1124,1,12,-1,1,-1
2015450031353,1,9,0,3,0,1,0,0,0,0,2,1,6,1,39,7,2720,2,7,-1,1,-1
2015450031353,2,9,0,4,0,1,0,0,0,0,1,1,6,1,34,6,1968,2,2,-1,1,-1
2015450031354,1,1,0,18,0,1,0,0,0,0,0,1,6,1,68,10,-1,-1,-1,-1,1,-1
2015450031357,1,9,0,9,0,6,0,0,0,0,1,1,6,3,74,10,1198,1,8,-1,1,-1
2015450031357,2,5,0,18,0,1,0,0,0,0,4,1,6,1,46,8,998,1,6,-1,1,-1
2015450031362,1,19,0,18,0,0,0,0,0,0,4,1,1,3,-1,-1,-1,-1,-1,-1,-1,-1
2015450031392,1,19,0,1,0,1,0,0,0,0,2,1,6,1,32,6,-1,-1,-1,-1,1,-1
2015450031392,2,3,0,3,0,1,0,0,0,0,1,1,2,1,19,4,125,1,4,-1,1,-1
2015450031399,1,19,0,18,0,0,0,0,0,0,2,1,1,1,63,9,-1,-1,-1,-1,1,-1
2015450031399,2,9,0,18,0,0,0,0,0,0,1,1,6,1,89,11,1388,1,9,-1,1,-1
2015450031399,3,19,0,2,6,0,0,0,0,0,3,1,1,1,22,5,-1,-1,-1,-1,1,-1
2015450031401,1,9,0,4,0,0,0,0,0,0,2,1,6,2,36,7,1596,1,-1,-1,1,-1
2015450031401,2,9,0,4,0,0,0,0,0,0,1,1,6,1,93,11,1390,1,13,-1,1,-1
2015450031402,1,9,0,18,0,0,0,0,0,0,1,1,6,2,38,7,2987,2,4,-1,1,-1
2015450031402,2,9,0,18,0,0,0,0,0,0,2,1,6,1,45,7,1560,2,2,-1,2,-1
2015450031404,1,9,0,7,0,5,0,0,0,0,4,1,6,3,-1,-1,1896,2,11,-1,-1,-1
2015450031404,2,1,0,18,0,8,0,0,0,0,1,1,6,1,27,6,-1,-1,-1,-1,1,-1
2015450031412,1,21,4,18,0,1,0,0,0,0,1,1,1,1,51,8,2300,2,10,-1,2,-1
2015450031412,2,9,0,9,9,5,0,0,0,0,4,1,6,2,33,6,1598,1,8,-1,1,-1
2015450031416,1,1,0,18,0,8,0,0,0,0,4,1,6,2,18,4,-1,-1,-1,-1,1,-1
2015450031416,2,9,0,9,0,4,0,0,0,0,1,1,6,3,-1,-1,-1,-1,-1,-1,-1,-1
2015450031420,1,9,0,11,0,0,1,0,5,0,4,1,6,1,39,7,2295,1,18,-1,1,-1
2015450031420,2,10,0,18,0,0,0,0,0,0,3,1,1,2,58,9,2198,2,3,-1,2,-1
2015450031422,1,19,0,18,0,0,1,0,0,0,1,1,1,1,48,8,2143,2,2,-1,1,-1
2015450031422,2,19,0,18,0,0,0,0,0,0,4,1,1,1,32,6,-1,-1,-1,-1,1,-1
2015450031424,1,9,0,3,0,0,0,0,0,0,2,1,2,1,43,7,3628,2,7,-1,1,-1
2015450031424,2,9,0,3,0,0,0,0,0,0,2,1,2,1,40,7,1390,1,2,-1,1,-1
2015450031424,3,21,0,3,0,0,0,0,0,0,1,1,1,1,50,8,12900,2,5,-1,1,-1
2015450031425,1,9,0,7,0,4,0,0,0,0,1,1,6,2,77,11,1389,1,11,-1,2,-1
2015450031425,2,3,0,9,0,3,1,0,0,0,4,1,6,1,27,6,124,1,17,-1,1,-1
2015450031430,1,9,0,9,0,8,0,10,0,0,4,1,6,1,18,4,998,1,-1,-1,1,-1
2015450031430,2,8,0,18,0,8,0,0,0,0,1,1,1,1,48,8,2499,2,2,-1,1,-1
2015450031432,1,9,0,18,0,0,0,0,0,0,1,1,6,2,66,10,1248,1,2,-1,1,-1
2015450031433,1,9,0,18,0,0,0,0,0,0,1,1,6,1,58,9,1596,1,1,-1,1,-1
2015450031438,1,9,0,9,0,6,0,0,0,0,1,1,1,1,37,7,-1,-1,-1,-1,1,-1
2015450031438,2,9,0,18,0,1,0,0,1,10,1,1,2,2,33,6,1997,1,10,-1,1,-1
2015450031439,1,9,0,10,0,5,0,0,0,0,1,1,6,2,26,6,1149,1,9,-1,1,-1
2015450031439,2,3,0,18,0,1,2,0,0,0,1,1,1,1,24,5,-1,-1,-1,-1,1,-1
2015450031444,1,3,0,4,0,8,0,0,0,0,0,1,1,1,29,6,125,1,2,-1,1,-1
2015450031446,1,9,0,6,0,0,0,0,0,0,1,1,6,1,19,4,1995,2,-1,-1,3,-1
2015450031449,1,9,0,4,0,1,1,7,1,10,1,1,6,1,17,4,1199,1,11,-1,1,-1
2015450031450,1,9,0,3,0,0,0,0,0,0,2,1,6,2,45,7,1995,2,2,-1,1,-1
2015450031450,2,9,0,3,0,0,0,0,0,0,2,1,2,2,50,8,1796,1,11,-1,1,-1
2015450031450,3,9,0,4,0,0,0,0,0,0,1,1,2,2,22,5,999,1,3,-1,1,-1
2015450031458,1,9,0,18,0,0,0,0,0,0,1,1,6,1,-1,-1,-1,-1,-1,-1,1,-1
2015450031458,2,9,0,18,0,0,0,0,0,0,2,1,6,2,19,4,1200,1,13,-1,1,-1
2015450031458,3,9,0,18,0,0,0,0,0,0,2,1,6,1,-1,-1,1197,1,2,-1,-1,-1
2015450031505,1,9,0,12,0,1,0,0,0,0,3,1,2,2,50,8,1596,1,11,-1,1,-1
2015450031505,2,5,0,18,0,1,5,0,0,0,4,1,2,1,33,6,999,1,-1,-1,1,-1
2015450031507,1,9,0,16,0,0,1,0,1,0,1,1,2,1,19,4,1199,1,13,-1,1,-1
2015450031508,1,19,0,15,0,0,0,0,7,11,1,1,1,1,53,8,5880,2,7,-1,1,-1
2015450031511,1,9,0,18,0,0,5,0,1,9,1,1,6,1,78,11,1149,1,7,-1,-1,-1
2015450031512,1,9,0,9,0,8,0,0,1,0,4,1,6,2,60,9,1839,1,10,-1,1,-1
2015450031516,1,9,0,16,0,0,2,0,7,0,3,1,6,1,67,10,5000,1,5,-1,1,-1
2015450031518,1,1,0,18,0,1,0,0,0,0,1,1,6,3,-1,-1,-1,-1,-1,-1,-1,-1
2015450031518,2,19,0,4,0,1,0,0,0,0,2,1,2,1,38,7,2198,2,2,-1,1,-1
2015450031520,1,9,0,18,0,0,0,0,0,0,1,1,6,1,22,5,1968,2,7,-1,1,-1
2015450031520,2,9,0,18,0,0,0,0,0,0,1,1,6,1,-1,-1,1995,2,9,-1,1,-1
2015450031522,1,5,0,17,0,1,1,0,0,0,1,1,2,1,60,9,599,1,5,-1,3,-1
2015450031522,2,9,0,9,0,5,0,0,0,0,4,1,6,2,37,7,1998,2,8,-1,1,-1
2015450031526,1,9,0,3,0,0,0,0,0,0,2,1,6,2,52,8,2685,2,12,-1,1,-1
2015450031526,2,19,0,18,0,0,0,0,0,0,1,1,6,1,23,5,-1,-1,-1,-1,3,-1
2015450031528,1,3,0,4,0,1,2,0,0,0,3,1,6,1,20,4,125,1,-1,-1,1,-1
2015450031532,1,9,0,16,0,0,2,0,7,0,3,1,6,2,30,6,1328,1,5,-1,1,-1
2015450031533,1,9,0,9,0,6,0,0,0,0,3,1,2,2,29,6,1595,1,6,-1,1,-1
2015450031533,2,9,0,17,0,2,0,0,0,0,1,1,2,2,67,10,1398,1,6,-1,1,-1
2015450031534,1,9,0,18,0,0,0,0,0,0,1,1,6,1,23,5,-1,-1,-1,-1,1,-1
2015450031534,2,9,0,18,0,0,0,0,0,0,1,1,6,2,28,6,1560,2,7,-1,1,-1
2015450031543,1,9,0,16,0,0,1,0,0,0,1,1,6,2,20,4,1229,1,9,-1,1,-1
2015450031587,1,19,0,9,0,6,0,0,0,0,3,1,1,1,51,8,2198,2,2,-1,1,-1
2015450031587,2,1,0,18,0,8,0,0,0,0,1,1,4,1,14,3,-1,-1,-1,-1,1,-1
2015450031589,1,9,0,17,0,8,0,0,0,0,1,1,2,2,33,6,1595,1,12,-1,1,-1
2015450031589,2,1,0,18,0,4,0,0,0,0,3,1,2,2,42,7,-1,-1,-1,-1,1,-1
2015450031593,1,9,0,4,0,0,0,0,0,0,2,1,6,2,49,8,1997,1,8,-1,1,-1
2015450031593,2,9,0,4,0,0,0,0,0,0,2,1,2,1,31,6,1496,2,-1,-1,2,-1
2015450031593,3,9,0,3,0,0,0,0,0,0,2,1,6,1,43,7,1896,2,6,-1,1,-1
2015450031593,4,9,0,3,0,0,0,0,0,0,2,1,6,2,34,6,1598,1,6,-1,1,-1
2015450031593,5,21,1,12,0,0,0,0,0,0,1,1,1,1,24,5,11967,2,5,-1,1,-1
2015450031599,1,9,0,17,0,0,0,0,0,0,1,1,6,2,32,6,1229,1,1,-1,1,-1
2015450031599,2,1,0,17,0,0,5,0,0,0,1,1,6,1,44,7,-1,-1,-1,-1,3,-1
2015450031600,1,9,0,16,0,0,0,0,0,0,4,1,1,1,43,7,998,1,2,-1,-1,-1
2015450031600,2,1,0,16,0,0,0,0,0,0,3,1,6,1,25,5,-1,-1,-1,-1,1,-1
2015450031603,1,1,0,18,0,1,0,0,0,0,3,1,1,1,37,7,-1,-1,-1,-1,1,-1
2015450031603,2,9,0,7,0,1,0,0,0,0,4,1,6,1,27,6,2143,2,-1,-1,1,-1
2015450031606,1,9,0,18,9,0,0,0,1,4,1,1,6,2,80,11,1598,2,5,-1,2,-1
2015450031611,1,9,0,9,0,4,0,0,0,0,2,1,2,2,36,7,1598,1,10,-1,1,-1
2015450031611,2,1,0,18,0,8,0,0,0,0,4,1,2,2,27,6,-1,-1,-1,-1,1,-1
2015450031615,1,9,0,18,0,0,0,0,0,0,1,1,6,2,50,8,1328,1,12,-1,1,-1
2015450031615,2,9,0,18,0,0,0,0,0,0,2,1,2,1,34,6,2995,1,1,-1,1,-1
2015450031616,1,9,0,9,0,5,0,0,0,0,3,1,3,2,37,7,2400,2,5,-1,1,-1
2015450031616,2,5,0,13,0,1,1,0,0,0,1,1,2,1,29,6,998,1,5,-1,1,-1
2015450031619,1,9,0,6,0,0,0,0,0,0,1,1,1,2,19,4,1389,1,17,-1,1,-1
2015450031619,2,19,0,18,0,0,0,0,0,0,3,1,6,1,25,5,2198,2,7,-1,3,-1
2015450031620,1,9,0,18,0,0,1,0,7,0,1,1,1,1,40,7,1360,1,9,-1,1,-1
2015450031620,2,9,0,17,0,0,0,0,0,0,1,1,6,1,37,7,1796,2,2,-1,1,-1
2015450031620,3,9,0,18,0,0,0,0,0,0,4,1,6,1,66,10,1398,1,1,-1,-1,-1
2015450031620,4,9,0,18,0,0,0,0,0,0,0,1,6,3,-1,-1,-1,-1,-1,-1,-1,-1
2015450031628,1,9,0,18,0,1,1,0,1,1,1,1,2,1,24,5,1896,1,17,-1,-1,-1
2015450031628,2,9,0,18,0,1,0,0,0,0,0,1,6,3,-1,-1,-1,-1,-1,-1,-1,-1
2015450031629,1,19,0,18,0,1,0,0,0,0,1,1,2,1,38,7,-1,-1,-1,-1,1,-1
2015450031629,2,9,0,8,0,1,0,0,0,0,2,1,6,2,51,8,1796,1,6,-1,1,-1
2015450031632,1,9,0,18,0,1,0,0,0,0,1,1,3,1,56,9,1998,1,10,-1,1,-1
2015450031632,2,5,0,3,0,1,0,0,0,0,2,1,6,1,48,8,744,1,2,-1,1,-1
2015450031700,1,9,0,18,0,0,0,0,0,0,1,1,6,2,79,11,1360,1,13,-1,3,-1
2015450031707,1,9,0,18,0,0,0,0,0,0,1,1,6,2,70,10,1998,1,8,-1,-1,-1
2015450031707,2,9,0,7,0,0,0,0,0,0,3,1,6,1,23,5,1360,1,9,-1,1,-1
2015450031711,1,9,0,18,0,0,0,0,0,0,2,1,6,2,21,5,1595,1,14,-1,1,-1
2015450031711,2,9,0,18,0,0,0,0,0,0,2,1,6,2,21,5,1596,1,6,-1,1,-1
2015450031711,3,9,0,18,0,0,0,0,0,0,1,1,6,1,20,4,1839,1,21,-1,1,-1
2015450031716,1,9,0,18,0,0,0,0,0,0,1,1,6,1,-1,-1,1995,2,-1,-1,3,-1
2015450031716,2,5,0,18,0,0,0,0,0,0,1,1,6,1,-1,-1,-1,-1,-1,-1,2,-1
2015450031726,1,9,0,18,0,1,0,0,1,3,1,1,6,1,66,10,1997,2,8,-1,1,-1
2015450031727,1,9,0,18,0,0,0,0,0,0,2,1,2,1,46,8,1275,1,16,-1,1,-1
2015450031727,2,9,0,18,0,0,0,0,0,0,1,1,6,3,-1,-1,-1,-1,-1,-1,-1,-1
2015450031731,1,19,0,8,0,6,0,0,0,0,1,1,1,2,41,7,1149,1,12,-1,1,-1
2015450031731,2,9,0,3,0,6,0,0,0,0,2,1,6,2,55,8,1242,1,4,-1,1,-1
2015450031734,1,9,0,18,0,0,0,0,0,0,1,1,2,2,54,8,1598,1,9,-1,2,-1
2015450031734,2,9,0,3,0,0,0,0,0,0,2,1,2,2,23,5,1199,1,12,-1,1,-1
2015450031736,1,1,0,18,9,0,0,0,0,0,1,1,6,1,-1,-1,-1,-1,-1,-1,-1,-1
2015450031737,1,9,0,18,0,0,1,0,2,7,3,1,6,1,40,7,1995,2,4,-1,1,-1
2015450031737,2,9,0,18,0,0,0,0,0,0,4,1,6,1,40,7,1968,2,9,-1,3,-1
2015450031741,1,9,0,8,0,1,0,0,0,0,2,1,6,2,28,6,1796,1,16,-1,1,-1
2015450031741,2,9,0,7,0,1,0,0,0,0,1,1,2,1,23,5,1289,1,18,-1,1,-1
2015450031744,1,9,0,16,0,0,5,0,1,0,3,1,2,2,29,6,-1,-1,-1,-1,3,-1
2015450031748,1,9,0,18,0,0,0,0,0,0,4,1,6,2,47,8,1699,1,8,-1,1,-1
2015450031748,2,9,0,18,0,0,0,0,0,0,1,1,6,2,55,8,1995,2,3,-1,1,-1
2015450031767,1,9,0,9,0,8,1,0,0,0,3,1,2,2,50,8,1598,1,14,-1,1,-1
2015450031767,2,19,0,4,0,4,0,0,0,0,3,1,1,1,25,5,2198,2,1,-1,1,-1
2015450031782,1,9,0,18,0,0,0,0,0,0,2,1,6,1,26,6,1341,1,12,-1,1,-1
2015450031782,2,9,0,18,0,0,0,0,0,0,1,1,6,1,39,7,1364,1,9,-1,1,-1
2015450031783,1,1,0,18,0,1,0,0,0,0,0,1,6,1,54,8,-1,-1,-1,-1,1,-1
2015450031786,1,8,0,5,0,0,0,0,0,0,0,1,6,3,-1,-1,-1,-1,-1,-1,-1,-1
2015450031787,1,9,0,3,0,0,0,0,0,0,2,1,2,2,55,8,1242,1,16,-1,1,-1
2015450031787,2,19,0,18,0,0,0,0,0,0,1,1,6,3,-1,-1,-1,-1,-1,-1,-1,-1
2015450031788,1,9,0,1,0,0,0,0,0,0,2,1,6,2,-1,-1,-1,-1,-1,-1,-1,-1
2015450031790,1,9,0,16,0,0,0,0,1,4,1,1,6,1,17,4,1396,1,12,-1,1,-1
2015450031791,1,9,0,18,0,1,0,0,0,0,3,1,2,2,19,4,1360,1,11,-1,1,-1
2015450031791,2,1,0,18,0,1,0,0,0,0,1,1,2,1,64,9,-1,-1,-1,-1,-1,-1
2015450031796,1,2,0,4,0,0,1,0,0,0,3,1,6,1,16,4,49,1,5,-1,3,-1
2015450031806,1,9,0,16,0,0,1,0,7,10,4,1,6,1,23,5,1388,1,12,-1,1,-1
2015450031807,1,9,0,4,0,0,0,0,0,0,2,1,1,2,22,5,1229,1,6,-1,3,-1
2015450031807,2,9,0,4,0,0,0,0,0,0,2,1,1,2,52,8,1229,1,-1,-1,1,-1
2015450031807,3,9,0,4,0,0,0,0,0,0,1,1,6,1,-1,-1,1984,1,11,-1,1,-1
2015450031810,1,1,0,18,0,0,2,4,0,0,1,1,6,1,40,7,-1,-1,-1,-1,2,-1
2015450031810,2,9,0,2,6,0,0,0,0,0,2,1,6,2,-1,-1,1781,1,13,-1,1,-1
2015450031813,1,9,0,18,0,0,0,0,0,0,4,1,6,1,46,8,1600,1,15,-1,1,-1
2015450031816,1,9,0,18,0,0,0,0,0,0,3,1,6,1,70,10,1796,1,15,-1,1,-1
2015450031816,2,9,0,18,0,0,0,0,0,0,4,1,6,1,68,10,2480,1,2,-1,1,-1
2015450031821,1,9,0,5,0,8,0,0,0,0,1,1,6,1,28,6,3199,1,15,-1,2,-1
2015450031821,2,1,0,18,0,8,0,0,0,0,3,1,6,1,51,8,-1,-1,-1,-1,1,-1
2015450031823,1,9,0,18,0,0,2,0,1,4,1,1,2,2,27,6,1124,1,13,-1,2,-1
2015450031827,1,9,0,16,0,0,0,0,0,0,1,1,6,1,23,5,1896,2,9,-1,1,-1
2015450031829,1,9,0,17,0,0,1,2,7,4,1,1,6,1,22,5,1596,1,6,-1,1,-1
2015450031833,1,5,0,18,0,0,0,0,0,0,3,1,6,1,55,8,1043,1,1,-1,1,-1
2015450031833,2,9,0,18,0,0,0,0,0,0,4,1,6,2,-1,-1,1597,2,1,-1,2,-1
2015450031838,1,9,0,4,0,0,0,0,0,0,2,1,6,1,38,7,1988,1,12,-1,1,-1
2015450031838,2,2,0,18,0,0,0,0,0,0,1,1,6,1,21,5,49,1,1,-1,1,-1
2015450031839,1,9,0,12,0,1,1,0,7,9,1,1,6,1,66,10,998,1,-1,-1,1,-1
2015450031842,1,9,0,18,0,4,0,0,0,0,3,1,6,2,47,8,1368,1,8,-1,1,-1
2015450031842,2,1,0,18,0,8,0,0,0,0,1,1,6,1,31,6,-1,-1,-1,-1,1,-1
2015450031845,1,3,0,13,0,8,0,0,0,0,4,1,2,2,20,4,125,1,8,-1,1,-1
2015450031845,2,9,0,9,0,5,0,0,0,0,1,1,6,2,35,6,1397,1,13,-1,1,-1
2015450031850,1,9,0,4,0,2,0,0,0,0,4,1,2,2,26,6,1498,1,9,-1,1,-1
2015450031872,1,10,0,18,0,0,0,0,0,0,1,1,3,1,29,6,-1,-1,-1,-1,1,-1
2015450031872,2,1,0,10,0,0,5,0,0,0,2,1,6,1,59,9,-1,-1,-1,-1,1,-1
2015450031872,3,9,0,18,0,0,1,0,1,0,1,1,6,2,22,5,1598,1,9,-1,1,-1
2015450031875,1,9,0,18,0,0,0,0,1,4,1,1,6,1,79,11,973,1,12,-1,3,-1
2015450031881,1,19,0,9,0,5,0,0,7,0,3,1,1,1,54,8,2402,2,12,-1,1,-1
2015450031881,2,5,0,14,0,1,1,0,0,0,4,1,2,1,34,6,599,1,15,-1,1,-1
2015450031882,1,4,0,13,0,2,0,0,0,0,1,1,2,2,22,5,250,1,-1,-1,1,-1
2015450031882,2,9,0,18,0,1,0,0,0,0,1,1,1,1,29,6,1198,1,2,-1,1,-1
2015450031882,3,9,0,9,0,6,0,0,0,0,0,1,3,2,49,8,1360,1,8,-1,1,-1
2015450031885,1,9,0,18,0,0,0,0,0,0,1,1,6,1,61,9,1998,1,25,-1,1,-1
2015450031885,2,9,0,4,0,0,0,0,0,0,2,1,6,2,25,5,1388,1,7,-1,1,-1
2015450031885,3,19,0,4,0,0,0,0,0,0,2,1,1,1,55,8,1753,2,6,-1,1,-1
2015450031885,4,9,0,4,0,0,0,0,0,0,2,1,6,2,49,8,1896,2,10,-1,1,-1
2015450031886,1,9,0,16,0,0,0,0,7,0,1,1,6,2,68,10,1149,1,6,-1,1,-1
2015450031886,2,19,0,17,0,0,0,0,0,0,3,1,2,1,37,7,2198,2,4,-1,3,-1
2015450031886,3,9,0,17,0,0,0,0,1,0,1,1,2,2,46,8,1910,2,8,-1,1,-1
2015450031892,1,9,0,18,0,0,0,0,0,0,3,1,2,1,21,5,1199,1,12,-1,1,-1
2015450031892,2,9,0,18,0,0,0,0,0,0,3,1,1,1,26,6,1968,2,5,-1,1,-1
2015450031895,1,9,0,7,0,6,0,0,0,0,1,1,6,2,73,10,998,1,15,-1,1,-1
2015450031895,2,19,0,16,0,8,0,0,0,0,4,1,1,1,28,6,1968,2,1,-1,2,-1
2015450031899,1,9,0,4,0,4,0,0,0,0,2,1,6,2,34,6,1995,2,4,-1,1,-1
2015450031899,2,9,0,3,0,1,0,0,0,0,1,1,6,2,45,7,1560,2,1,-1,1,-1
2015450031900,1,9,0,5,0,2,0,0,0,0,1,1,6,2,45,7,1991,2,5,-1,1,-1
2015450031901,1,9,0,18,0,0,0,0,0,0,1,1,1,1,52,8,1200,1,1,-1,1,-1
2015450031901,2,9,0,2,0,0,0,0,0,0,1,1,6,2,-1,-1,1149,1,11,-1,1,-1
2015450031902,1,9,0,18,0,0,0,0,0,0,1,1,6,1,70,10,1339,1,7,-1,1,-1
2015450031902,2,9,0,2,0,0,0,0,0,0,2,1,6,1,17,4,1199,1,13,-1,1,-1
2015450031902,3,9,0,2,0,0,0,0,0,0,3,1,6,2,-1,-1,1397,1,7,-1,1,-1
2015450031906,1,9,0,10,0,6,0,0,0,0,3,1,2,2,36,7,1386,1,10,-1,1,-1
2015450031906,2,9,0,18,0,8,1,0,0,0,1,1,6,2,22,5,1560,2,3,-1,1,-1
2015450031909,1,9,0,3,0,0,0,0,0,0,1,1,2,1,33,6,1598,2,1,-1,1,-1
2015450031909,2,9,0,3,0,0,0,0,0,0,2,1,1,1,23,5,-1,-1,-1,-1,1,-1
2015450031912,1,9,0,17,0,1,0,0,0,0,1,1,2,1,48,8,1998,1,12,-1,1,-1
2015450031912,2,9,0,5,0,6,0,0,0,0,3,1,2,2,19,4,1398,1,4,-1,1,-1
2015450031913,1,9,0,3,0,0,0,0,0,0,0,1,2,1,22,5,1596,1,10,-1,1,-1
2015450031913,2,19,0,18,0,0,0,0,0,0,0,1,6,1,-1,-1,-1,-1,-1,-1,-1,-1
2015450031920,1,9,0,17,0,0,0,0,1,4,1,1,1,2,23,5,1598,1,8,-1,1,-1
2015450031921,1,1,0,17,0,0,0,0,0,0,3,1,2,1,44,7,-1,-1,-1,-1,1,-1
2015450031921,2,9,0,9,0,0,1,0,0,0,1,1,2,1,-1,-1,1596,1,14,-1,1,-1
2015450031922,1,9,0,1,9,0,0,0,0,0,2,1,6,3,-1,-1,-1,-1,-1,-1,-1,-1
2015450031924,1,3,0,18,0,0,1,0,0,0,4,1,1,1,17,4,125,1,10,-1,2,-1
2015450031932,1,9,0,9,0,0,0,0,0,0,3,1,2,2,48,8,1229,1,10,-1,1,-1
2015450031937,1,9,0,18,0,1,0,0,0,0,1,1,6,1,23,5,1595,1,12,-1,1,-1
2015450031937,2,9,0,18,0,5,0,0,0,0,1,1,2,2,18,4,998,1,11,-1,1,-1
2015450031946,1,9,0,17,0,0,1,0,1,4,1,1,6,2,33,6,1149,1,13,-1,1,-1
2015450031963,1,9,0,18,0,0,0,0,0,0,1,1,6,1,33,6,3799,1,4,-1,3,-1
2015450031963,2,9,0,18,0,0,0,0,1,0,1,1,6,2,37,7,2967,2,-1,-1,2,-1
2015450031966,1,9,0,18,0,1,0,0,0,1,3,1,6,1,39,7,1598,1,15,-1,1,-1
2015450031971,1,19,0,17,0,0,5,0,8,4,1,1,6,1,26,6,1753,2,9,-1,1,-1
2015450031978,1,21,1,12,0,0,0,0,0,0,3,1,1,1,55,8,-1,-1,-1,-1,-1,-1
2015450031978,2,9,0,18,0,0,0,0,5,0,1,1,6,1,36,7,1582,2,-1,-1,2,-1
2015450031982,1,9,0,7,0,6,0,0,0,0,1,1,6,1,18,4,998,1,15,-1,1,-1
2015450031982,2,9,0,17,0,1,0,0,0,0,4,1,6,2,23,5,1124,1,12,-1,1,-1