Accident_Index,Vehicle_Reference,Vehicle_Type,Towing_and_Articulation,Vehicle_Manoeuvre,Vehicle_Location-Restricted_Lane,Junction_Location,Skidding_and_Overturning,Hit_Object_in_Carriageway,Vehicle_Leaving_Carriageway,Hit_Object_off_Carriageway,1st_Point_of_Impact,Was_Vehicle_Left_Hand_Drive?,Journey_Purpose_of_Driver,Sex_of_Driver,Age_of_Driver,Age_Band_of_Driver,Engine_Capacity_(CC),Propulsion_Code,Age_of_Vehicle,Driver_IMD_Decile,Driver_Home_Area_Type,Vehicle_IMD_Decile
2015450031987,1,9,0,9,0,4,0,0,0,0,1,1,6,1,84,11,1360,1,13,-1,1,-1
2015450031987,2,9,0,18,0,4,0,0,0,0,3,1,6,3,-1,-1,-1,-1,-1,-1,-1,-1
2015450031993,1,9,0,18,0,0,1,0,0,0,1,1,6,1,22,5,2979,1,-1,-1,1,-1
2015450031993,2,9,0,2,6,0,0,0,0,0,3,1,1,1,49,8,1368,1,11,-1,3,-1
2015450031993,3,9,0,2,6,0,0,0,0,0,3,1,6,2,38,7,1798,1,11,-1,1,-1
2015450032000,1,9,0,17,0,0,1,0,2,0,1,1,6,2,21,5,1299,1,13,-1,1,-1
2015450032000,2,9,0,17,0,0,0,0,0,0,0,1,6,3,-1,-1,-1,-1,-1,-1,-1,-1
2015450032004,1,9,0,5,0,1,0,0,0,0,4,1,6,2,80,11,1364,1,6,-1,1,-1
2015450032008,1,9,0,18,0,0,1,0,7,4,2,1,6,2,18,4,998,1,5,-1,1,-1
2015450032012,1,9,0,7,0,6,0,0,0,0,3,1,6,1,44,7,1461,2,4,-1,1,-1
2015450032012,2,9,0,7,0,6,0,0,0,0,0,1,2,2,36,7,1598,1,13,-1,1,-1
2015450032013,1,9,0,18,0,0,0,0,0,0,3,1,6,1,32,6,2000,2,10,-1,1,-1
2015450032013,2,1,0,18,9,0,0,0,0,0,4,1,6,1,34,6,-1,-1,-1,-1,1,-1
2015450032030,1,21,1,18,0,0,3,0,0,0,1,1,1,1,42,7,-1,-1,-1,-1,-1,-1
2015450032030,2,9,0,18,0,0,0,0,1,0,4,1,2,1,45,7,1968,2,7,-1,1,-1
2015450032030,3,20,0,18,0,0,0,0,0,0,1,1,1,1,31,6,4462,2,2,-1,2,-1
2015450032033,1,2,0,5,0,1,0,0,0,0,1,1,6,1,30,6,124,1,8,-1,1,-1
2015450032033,2,9,0,9,0,5,0,0,0,0,1,1,1,1,79,11,1596,1,13,-1,1,-1
2015450032042,1,9,0,18,0,0,0,0,0,0,1,1,6,3,-1,-1,-1,-1,-1,-1,-1,-1
2015450032060,1,9,0,5,0,1,0,0,0,0,1,1,6,1,84,11,1997,1,18,-1,1,-1
2015450032060,2,9,0,18,0,1,0,0,0,0,1,1,6,2,44,7,1391,1,21,-1,2,-1
2015450032065,1,9,0,18,0,0,0,0,8,4,1,1,6,1,59,9,1948,1,13,-1,2,-1
2015450032072,1,5,0,16,0,0,0,0,0,0,1,1,6,2,53,8,498,1,13,-1,1,-1
2015450032072,2,9,0,17,0,0,0,0,0,0,1,1,6,1,55,8,1248,1,1,-1,2,-1
2015450032073,1,9,0,17,0,1,1,0,8,0,1,1,6,1,31,6,1364,1,9,-1,1,-1
2015450032076,1,9,0,16,0,0,2,0,8,0,1,1,2,1,19,4,1360,1,15,-1,-1,-1
2015450032083,1,9,0,2,9,0,0,0,0,0,2,1,6,1,78,11,1582,2,2,-1,2,-1
2015450032084,1,9,0,18,0,6,0,0,0,0,4,1,6,1,42,7,1364,1,-1,-1,1,-1
2015450032084,2,9,0,18,0,1,0,0,0,0,1,1,6,1,27,6,1968,2,2,-1,3,-1
2015450032088,1,9,0,17,0,0,0,0,0,0,1,1,3,2,47,8,1798,8,2,-1,3,-1
2015450032092,1,19,0,18,0,1,0,0,0,0,4,1,6,3,-1,-1,-1,-1,-1,-1,-1,-1
2015450032092,2,9,0,18,0,1,0,0,0,0,3,1,1,1,40,7,1797,8,5,-1,1,-1
2015450032093,1,9,0,6,0,1,0,0,0,0,3,1,6,1,27,6,1686,2,10,-1,1,-1
2015450032093,2,9,0,18,0,1,0,0,0,0,1,1,6,1,46,8,1240,1,5,-1,1,-1
2015450032094,1,19,0,4,0,1,1,0,0,0,1,1,6,1,25,5,1461,2,5,-1,1,-1
2015450032094,2,19,0,10,0,1,0,0,0,0,2,1,1,2,27,6,1598,2,4,-1,1,-1
2015450032098,1,9,0,9,0,1,0,0,0,0,3,1,6,1,80,11,1956,2,-1,-1,1,-1
2015450032098,2,9,0,18,0,1,0,0,0,0,1,1,6,2,23,5,875,1,1,-1,3,-1
2015450032101,1,9,0,18,0,0,0,0,0,0,1,1,6,1,39,7,698,1,12,-1,1,-1
2015450032102,1,9,0,18,0,1,0,0,0,0,1,1,6,2,33,6,1896,2,8,-1,1,-1
2015450032102,2,9,0,9,0,8,0,0,0,0,3,1,6,2,71,10,1392,1,16,-1,1,-1
2015450032108,1,19,0,18,0,0,0,0,0,0,1,1,6,1,49,8,1461,2,3,-1,1,-1
2015450032109,1,9,0,18,0,0,0,0,0,0,1,1,2,1,29,6,-1,-1,-1,-1,1,-1
2015450032124,1,9,0,5,0,1,0,0,0,0,3,1,6,2,32,6,1598,1,4,-1,1,-1
2015450032124,2,1,0,5,0,8,0,0,0,0,2,1,6,2,16,4,-1,-1,-1,-1,1,-1
2015450032178,1,19,0,2,0,0,0,0,0,0,3,1,6,2,33,6,2477,2,11,-1,1,-1
2015450032178,2,9,0,18,0,0,0,0,0,0,4,1,6,2,73,10,998,1,3,-1,1,-1
2015450032197,1,9,0,9,0,5,0,0,0,0,3,1,6,1,62,9,2685,2,12,-1,1,-1
2015450032197,2,9,0,14,0,1,0,0,7,4,1,1,1,1,47,8,1997,2,6,-1,1,-1
2015450032211,1,9,0,9,0,5,0,0,0,0,3,1,6,1,65,9,1998,1,10,-1,1,-1
2015450032211,2,3,0,18,0,1,0,0,0,0,1,1,2,1,24,5,124,1,12,-1,1,-1
2015450032212,1,9,0,17,0,0,0,0,1,4,1,1,6,2,43,7,-1,-1,-1,-1,1,-1
2015450032213,1,9,0,5,0,6,0,0,0,0,1,1,6,2,51,8,1600,1,16,-1,1,-1
2015450032213,2,9,0,18,0,1,0,0,0,0,1,1,6,2,24,5,1299,1,13,-1,1,-1
2015450032221,1,1,0,18,0,0,0,0,0,0,0,1,6,1,53,8,-1,-1,-1,-1,1,-1
2015450032221,2,9,0,13,0,0,0,0,0,0,3,1,6,1,75,10,1598,1,-1,-1,3,-1
2015450032222,1,9,0,3,0,1,0,0,0,0,2,1,6,2,29,6,1398,1,2,-1,1,-1
2015450032222,2,9,0,4,0,1,0,0,0,0,1,1,6,3,-1,-1,1500,1,14,-1,-1,-1
2015450032230,1,9,0,8,0,1,0,0,0,0,3,1,6,2,37,7,1598,2,3,-1,1,-1
2015450032230,2,1,0,15,0,1,0,0,0,0,1,1,6,2,-1,-1,-1,-1,-1,-1,1,-1
2015450032230,3,9,0,18,0,1,0,0,0,0,0,1,6,3,-1,-1,-1,-1,-1,-1,-1,-1
2015450032231,1,9,0,17,0,0,0,0,2,10,1,1,1,1,36,7,1598,2,1,-1,1,-1
2015450032240,1,9,0,16,0,0,0,4,0,0,1,1,6,2,32,6,1598,1,11,-1,1,-1
2015450032240,2,9,0,2,0,0,0,0,0,0,2,1,6,1,18,4,1391,1,13,-1,1,-1
2015450032242,1,9,0,2,0,0,0,0,0,0,2,1,6,2,-1,-1,1998,1,11,-1,3,-1
2015450032242,2,9,0,2,0,0,0,0,0,0,2,1,6,2,-1,-1,1598,1,14,-1,3,-1
2015450032242,3,9,0,17,0,0,2,4,0,0,1,1,6,1,66,10,2179,2,13,-1,1,-1
2015450032254,1,9,0,2,0,0,0,0,0,0,2,1,6,1,24,5,1995,2,7,-1,2,-1
2015450032254,2,9,0,18,0,0,0,0,0,0,1,1,6,1,40,7,2993,2,9,-1,3,-1
2015450032263,1,9,0,18,0,0,0,0,0,0,1,1,6,1,44,7,1248,1,4,-1,1,-1
2015450032263,2,9,0,4,0,0,0,0,0,0,2,1,6,1,33,6,1598,1,4,-1,1,-1
2015450032266,1,9,0,18,0,8,0,0,0,0,3,1,6,2,20,4,1360,1,12,-1,1,-1
2015450032266,4,9,-1,18,0,8,0,0,0,0,1,1,6,1,40,7,1496,1,-1,-1,1,-1
2015450032279,1,9,0,11,0,1,0,0,0,0,2,1,6,1,60,9,2143,2,-1,-1,1,-1
2015450032279,2,5,0,18,0,1,0,0,0,0,1,1,6,1,65,9,1050,1,8,-1,3,-1
2015450032296,1,9,0,3,0,1,0,0,0,0,2,1,6,2,30,6,1242,1,4,-1,1,-1
2015450032296,2,9,0,18,0,1,0,0,0,0,1,1,6,1,-1,-1,-1,-1,-1,-1,-1,-1
2015450032302,1,9,0,17,0,0,1,0,1,4,1,1,6,1,22,5,1395,1,-1,-1,1,-1
2015450032324,1,9,0,18,0,0,0,11,1,0,4,1,1,1,22,5,1951,2,12,-1,1,-1
2015450032328,1,9,0,4,0,1,0,0,0,0,2,1,6,1,38,7,1956,2,3,-1,3,-1
2015450032328,2,5,0,4,0,1,0,0,0,0,1,1,6,1,40,7,599,1,10,-1,-1,-1
2015450032328,3,9,0,18,0,1,0,0,0,0,2,1,6,2,43,7,999,1,-1,-1,1,-1
2015450032329,1,1,0,18,0,1,0,0,0,0,1,1,6,1,51,8,-1,-1,-1,-1,1,-1
2015450032329,2,9,0,18,0,1,0,0,0,0,4,1,6,2,-1,-1,-1,-1,-1,-1,-1,-1
2015450032333,1,9,0,7,0,1,0,0,1,0,1,1,6,2,25,5,1598,1,11,-1,1,-1
2015450032333,2,9,0,18,0,1,0,0,0,0,1,1,6,1,36,7,1968,2,4,-1,1,-1
2015450032339,1,9,0,5,0,1,0,0,0,0,1,1,1,1,46,8,1368,1,-1,-1,-1,-1
2015450032339,2,9,0,18,0,8,0,0,0,0,3,1,3,1,76,11,1796,1,14,-1,1,-1
2015450032341,1,19,0,18,0,0,0,0,0,0,0,1,1,3,-1,-1,-1,-1,-1,-1,-1,-1
2015450032341,2,9,0,12,0,0,0,0,0,0,3,1,6,2,49,8,1396,1,2,-1,1,-1
2015450032341,3,4,0,18,0,0,0,0,0,0,4,1,6,1,24,5,249,1,1,-1,1,-1
2015450032348,1,9,0,18,0,8,0,0,0,0,3,1,1,2,26,6,2400,2,7,-1,1,-1
2015450032348,2,9,0,9,0,6,0,0,0,0,1,1,6,2,58,9,2179,2,2,-1,3,-1
2015450032352,1,9,0,18,0,8,0,0,0,0,1,1,6,1,40,7,1598,1,12,-1,1,-1
2015450032352,2,9,0,10,0,1,0,0,0,0,2,1,2,2,61,9,2171,1,12,-1,1,-1
2015450032354,1,9,0,13,0,0,1,0,1,11,1,1,6,1,17,4,1242,1,13,-1,1,-1
2015450032362,1,19,0,1,0,1,0,0,0,0,2,1,1,1,50,8,1968,2,4,-1,1,-1
2015450032364,1,5,0,18,0,0,2,0,0,0,1,1,6,1,31,6,599,1,13,-1,1,-1
2015450032364,2,9,0,4,0,0,0,0,0,0,2,1,2,1,68,10,1796,1,13,-1,1,-1
2015450032365,1,9,0,18,0,1,0,0,0,0,1,1,2,2,50,8,1598,1,5,-1,1,-1
2015450032365,2,5,0,5,0,1,0,0,0,0,3,1,2,1,62,9,1170,1,-1,-1,1,-1
2015450032379,1,9,0,18,0,0,2,11,2,10,1,1,1,2,28,6,1242,1,8,-1,1,-1
2015450032380,1,19,0,18,0,0,0,0,0,0,4,1,2,1,23,5,1248,2,2,-1,1,-1
2015450032380,2,9,0,18,0,0,0,0,0,0,1,1,1,2,40,7,1984,1,-1,-1,1,-1
2015450032380,3,9,0,3,0,0,0,0,0,0,2,1,2,1,23,5,1198,1,9,-1,1,-1
2015450032380,4,19,0,18,0,0,1,0,0,0,1,1,2,1,54,8,2402,2,9,-1,1,-1
2015450032380,5,19,0,18,0,0,0,0,0,0,2,1,6,1,49,8,-1,-1,-1,-1,1,-1
2015450032380,6,19,0,18,0,0,0,0,0,0,2,1,6,3,-1,-1,2148,2,8,-1,1,-1
2015450032381,1,9,0,18,0,4,0,0,0,0,3,1,6,2,68,10,1582,2,2,-1,1,-1
2015450032381,2,1,0,18,0,3,0,0,0,0,2,1,6,1,53,8,-1,-1,-1,-1,1,-1
2015450032388,1,9,0,3,0,0,0,0,0,0,3,1,3,2,40,7,1984,1,12,-1,1,-1
2015450032388,2,1,0,18,0,0,0,0,0,0,1,1,6,1,48,8,-1,-1,-1,-1,1,-1
2015450032402,1,9,0,6,0,0,0,0,0,0,3,1,6,1,23,5,1796,1,16,-1,3,-1
2015450032402,2,2,0,14,0,0,0,0,1,0,1,1,4,1,16,4,50,1,9,-1,-1,-1
2015450032406,1,9,0,16,0,0,5,0,7,0,1,1,6,1,64,9,1193,1,1,-1,1,-1
2015450032415,1,9,0,18,0,0,0,0,0,0,3,1,6,1,42,7,2199,2,-1,-1,1,-1
2015450032448,1,9,0,9,0,6,0,0,0,0,1,1,6,2,29,6,1596,1,11,-1,1,-1
2015450032448,2,9,0,18,0,8,0,0,0,0,1,1,6,1,58,9,1998,1,18,-1,3,-1
2015450032466,1,1,0,18,0,1,0,0,0,0,3,1,1,1,42,7,-1,-1,-1,-1,1,-1
2015450032466,2,9,0,18,0,1,0,0,0,0,4,1,1,1,-1,-1,1968,2,3,-1,1,-1
2015450032473,1,9,0,3,0,0,0,0,0,0,1,1,6,2,40,7,1390,1,4,-1,1,-1
2015450032473,2,9,0,1,6,0,0,0,0,0,2,1,6,3,-1,-1,-1,-1,-1,-1,-1,-1
2015450032482,1,1,0,18,0,8,0,0,0,0,1,1,6,1,-1,-1,-1,-1,-1,-1,-1,-1
2015450032482,2,9,0,9,0,6,0,0,0,0,3,1,6,1,28,6,1968,2,4,-1,2,-1
2015450032485,1,9,0,3,0,1,0,0,0,0,2,1,2,2,61,9,1997,2,6,-1,2,-1
2015450032485,2,9,0,18,0,1,0,0,0,0,2,1,6,2,46,8,998,1,16,-1,1,-1
2015450032485,3,9,0,18,0,1,0,0,0,0,1,1,2,1,39,7,-1,-1,-1,-1,1,-1
2015450032497,1,9,0,10,0,1,0,0,0,0,2,1,6,1,22,5,1968,2,9,-1,1,-1
2015450032497,2,9,0,18,0,1,0,0,0,0,1,1,6,2,42,7,1598,1,7,-1,-1,-1
2015450032499,1,9,0,18,0,0,0,11,0,0,1,1,6,1,32,6,1896,2,8,-1,3,-1
2015450032500,1,9,0,17,0,0,5,0,2,0,1,1,2,1,31,6,2616,1,7,-1,1,-1
2015450032504,1,19,0,18,0,1,0,0,0,0,1,1,1,1,51,8,1968,2,-1,-1,1,-1
2015450032504,2,9,0,18,0,6,0,0,0,0,3,1,6,1,92,11,1149,1,15,-1,1,-1
2015450032509,1,9,0,9,0,1,0,0,0,0,1,1,6,1,55,8,998,1,1,-1,1,-1
2015450032512,1,9,0,4,0,0,5,0,0,0,2,1,6,1,71,10,1299,1,17,-1,3,-1
2015450032512,2,19,0,18,0,0,5,0,0,0,1,1,1,1,41,7,1686,2,11,-1,1,-1
2015450032512,3,9,0,18,0,0,5,0,0,0,1,1,6,2,55,8,1395,1,-1,-1,-1,-1
2015450032516,1,9,0,4,0,0,0,0,0,0,1,1,6,3,-1,-1,-1,-1,-1,-1,-1,-1
2015450032519,1,9,0,13,0,0,1,0,0,0,1,1,2,1,40,7,1968,2,1,-1,1,-1
2015450032520,1,9,0,18,0,4,0,0,0,0,1,1,6,1,26,6,1198,1,10,-1,1,-1
2015450032520,2,9,0,3,0,4,0,0,0,0,2,1,6,1,39,7,1598,2,1,-1,1,-1
2015450032520,3,9,0,3,0,4,0,0,0,0,2,1,6,2,31,6,998,1,7,-1,1,-1
2015450032520,4,90,0,18,0,8,0,0,0,0,0,1,1,2,30,6,2148,2,8,-1,1,-1
2015450032523,1,9,0,18,0,0,0,0,0,0,3,1,6,1,64,9,1596,1,25,-1,3,-1
2015450032523,2,9,0,18,0,0,0,0,0,0,3,1,6,3,-1,-1,-1,-1,-1,-1,-1,-1
2015450032527,1,9,0,18,0,8,0,0,1,0,1,1,6,2,54,8,1995,1,5,-1,-1,-1
2015450032527,2,19,0,18,0,1,0,0,7,0,1,1,2,1,21,5,1560,2,1,-1,1,-1
2015450032530,1,9,0,6,0,0,0,0,0,0,4,1,2,1,31,6,1596,1,4,-1,1,-1
2015450032530,2,5,0,14,0,0,0,0,0,0,1,1,6,1,39,7,748,1,10,-1,1,-1
2015450032537,1,3,0,13,0,1,0,0,0,0,1,1,4,1,18,4,125,1,9,-1,2,-1
2015450032537,2,9,0,9,0,6,0,0,0,0,1,1,2,1,25,5,1461,2,10,-1,1,-1
2015450032540,1,9,0,18,0,0,0,0,0,0,3,1,6,3,-1,-1,-1,-1,-1,-1,-1,-1
2015450032540,2,9,0,18,0,0,0,0,0,0,3,1,2,2,19,4,1242,1,13,-1,3,-1
2015450032563,1,9,0,4,0,1,1,10,0,0,1,1,6,2,20,4,1598,1,13,-1,1,-1
2015450032576,1,9,0,17,0,1,0,0,0,0,1,1,2,2,30,6,1388,1,5,-1,-1,-1
2015450032576,2,9,0,7,0,6,0,0,0,0,1,1,6,1,37,7,1998,2,10,-1,1,-1
2015450032599,1,9,0,4,0,0,0,0,0,0,2,1,6,2,55,8,998,1,13,-1,1,-1
2015450032599,2,9,0,18,0,0,0,0,0,0,1,1,6,2,50,8,2457,1,13,-1,1,-1
2015450032615,1,9,0,3,0,0,0,0,0,0,2,1,6,2,43,7,-1,-1,-1,-1,1,-1
2015450032615,2,9,0,18,0,0,0,0,0,0,1,1,6,2,34,6,1686,2,13,-1,1,-1
2015450032619,1,9,0,7,0,1,0,0,1,0,0,1,6,1,30,6,1299,1,13,-1,3,-1
2015450032623,1,9,0,2,0,0,0,0,0,0,3,1,1,1,34,6,2143,2,4,-1,1,-1
2015450032623,2,19,4,18,0,0,0,0,0,0,4,1,6,3,-1,-1,-1,-1,-1,-1,-1,-1
2015450032624,1,9,0,3,0,0,0,0,0,0,2,1,6,2,50,8,1586,1,7,-1,1,-1
2015450032624,2,19,0,4,0,0,0,0,0,0,1,1,6,1,-1,-1,-1,-1,-1,-1,-1,-1
2015450032625,1,9,0,3,0,0,0,0,0,0,2,1,2,1,57,9,1796,1,9,-1,2,-1
2015450032625,2,9,0,4,0,0,0,0,0,0,2,1,5,1,59,9,898,1,-1,-1,1,-1
2015450032625,3,9,0,12,0,0,0,0,0,0,1,1,2,2,25,5,1490,1,8,-1,-1,-1
2015450032631,1,9,0,18,0,0,0,0,0,0,4,1,6,2,48,8,1242,1,16,-1,1,-1
2015450032635,1,9,0,18,0,1,0,0,0,0,4,1,1,1,27,6,1560,2,3,-1,1,-1
2015450032635,2,9,0,9,0,5,0,0,0,0,3,1,6,1,67,10,1596,1,6,-1,1,-1
2015450032642,1,9,0,13,0,0,0,0,1,0,4,1,6,1,28,6,1997,1,13,-1,3,-1
2015450032642,2,9,0,18,0,0,0,0,0,0,1,1,6,1,57,9,2993,2,2,-1,-1,-1
2015450032644,1,19,0,1,0,0,0,0,0,0,4,1,6,1,42,7,2148,2,9,-1,-1,-1
2015450032644,2,9,0,18,0,0,0,0,0,0,1,1,6,1,73,10,1753,2,13,-1,-1,-1
2015450032648,1,5,0,18,0,1,1,0,0,0,1,1,6,1,34,6,599,1,11,-1,1,-1
2015450032648,2,19,0,4,0,1,0,0,0,0,2,1,3,2,27,6,1870,2,11,-1,1,-1
2015450032649,1,9,0,18,0,0,0,0,0,0,1,1,2,2,28,6,1968,2,5,-1,1,-1
2015450032649,2,9,0,3,0,0,0,0,0,0,2,1,3,2,44,7,1995,2,2,-1,1,-1
2015450032660,1,9,0,18,0,3,0,0,7,0,1,1,6,1,28,6,2157,1,15,-1,1,-1
2015450032660,2,9,0,6,0,3,0,0,0,0,2,1,6,1,35,6,1799,1,8,-1,1,-1
2015450032667,1,9,0,18,0,0,5,0,1,0,4,1,6,1,22,5,2979,1,11,-1,1,-1
2015450032681,1,3,0,7,0,1,1,0,0,0,3,1,6,1,30,6,125,1,2,-1,1,-1
2015450032701,1,5,0,4,0,0,1,0,4,6,3,1,6,1,24,5,998,1,11,-1,3,-1
2015450032711,1,19,0,18,0,4,1,0,7,10,1,1,6,1,24,5,1753,2,9,-1,1,-1
2015450032712,1,9,0,16,0,0,1,0,0,0,1,1,6,2,29,6,1364,1,9,-1,1,-1
2015450032717,1,3,0,18,0,0,0,0,0,0,1,1,2,1,27,6,124,1,4,-1,1,-1
2015450032749,1,9,0,3,0,0,0,0,0,0,2,1,6,1,30,6,1586,1,-1,-1,1,-1
2015450032749,2,9,0,3,0,0,1,0,0,0,1,1,6,1,27,6,1598,1,15,-1,1,-1
2015450032754,1,9,0,18,0,1,0,0,0,0,1,1,6,2,17,4,998,1,4,-1,2,-1
2015450032754,2,9,0,10,0,5,0,0,0,0,1,1,6,1,50,8,2996,1,5,-1,1,-1
2015450032761,1,9,0,18,0,4,0,0,0,0,1,1,1,1,24,5,1390,1,8,-1,1,-1
2015450032761,2,9,0,18,0,3,0,0,0,0,4,1,6,2,50,8,1124,1,12,-1,1,-1
2015450032779,1,9,0,3,0,0,0,0,0,0,0,1,6,2,52,8,1995,2,5,-1,3,-1
2015450032779,2,9,0,3,0,0,0,0,0,0,0,1,6,2,78,11,1590,1,11,-1,2,-1
2015450032779,3,9,0,16,0,0,0,0,0,0,3,1,6,1,52,8,2477,2,11,-1,3,-1
2015450032779,4,3,0,18,0,0,1,11,0,0,4,1,6,1,19,4,645,1,16,-1,1,-1
2015450032779,5,19,0,18,0,0,0,0,0,0,1,1,1,1,41,7,1868,2,11,-1,1,-1
2015450032780,1,9,0,3,0,1,0,0,0,0,2,1,6,2,21,5,1596,1,9,-1,1,-1
2015450032780,2,9,0,18,0,1,1,0,0,0,1,1,6,1,71,10,998,1,6,-1,1,-1
2015450032781,1,9,0,3,0,0,0,0,0,0,2,1,6,2,35,6,2000,2,8,-1,1,-1
2015450032781,2,9,0,18,0,0,0,0,0,0,1,1,6,3,51,8,899,1,16,-1,1,-1
2015450032783,1,4,0,9,0,4,0,0,0,0,4,1,6,1,52,8,347,1,71,-1,1,-1
2015450032783,2,9,0,6,0,4,0,0,0,0,3,1,6,1,43,7,2000,2,5,-1,1,-1
2015450032796,1,9,0,7,0,5,0,0,3,0,1,1,6,2,45,7,1560,2,-1,-1,1,-1
2015450032801,1,1,0,18,0,0,5,0,0,0,0,1,6,1,47,8,-1,-1,-1,-1,1,-1
2015450032801,2,9,0,18,0,0,0,0,0,0,2,1,2,1,46,8,2171,1,12,-1,-1,-1
2015450032804,1,1,0,18,0,1,0,0,0,0,0,1,6,1,38,7,-1,-1,-1,-1,1,-1
2015450032812,1,9,0,18,0,0,1,0,7,4,1,1,6,1,53,8,1360,1,12,-1,2,-1
2015450032830,1,9,0,18,0,0,0,4,0,0,4,1,6,1,48,8,2497,1,11,-1,1,-1
2015450032830,2,9,0,2,0,0,0,0,0,0,3,1,6,2,-1,-1,1997,1,13,-1,1,-1
2015450032830,3,9,0,18,0,0,0,0,0,0,0,1,6,3,-1,-1,-1,-1,-1,-1,-1,-1
2015450032910,1,1,0,18,0,8,0,0,0,0,3,1,3,1,14,3,-1,-1,-1,-1,1,-1
2015450032910,2,9,0,9,0,4,0,0,0,0,2,1,6,1,65,9,1900,2,10,-1,1,-1
2015450032916,1,1,0,18,0,1,0,0,0,0,1,1,6,1,30,6,-1,-1,-1,-1,1,-1
2015450032916,2,9,0,7,0,6,0,0,0,0,4,1,6,1,39,7,1997,2,2,-1,1,-1
2015450032921,1,9,0,18,0,4,5,0,1,1,1,1,6,2,49,8,1199,1,13,-1,3,-1
2015450032922,1,9,0,10,0,5,0,0,0,0,2,1,1,1,25,5,1248,1,2,-1,1,-1
2015450032922,2,9,0,18,0,1,0,0,0,0,1,1,6,2,23,5,2720,2,9,-1,1,-1
2015450032932,1,9,0,18,0,0,0,0,0,0,3,1,6,2,25,5,1596,1,14,-1,1,-1
2015450032932,2,9,0,18,0,0,0,0,0,0,0,1,6,1,43,7,3311,8,7,-1,-1,-1
2015450032932,3,9,0,18,0,0,0,0,0,0,1,1,6,1,24,5,1124,1,14,-1,1,-1
2015450032943,1,9,0,18,0,0,0,0,0,0,1,1,6,2,71,10,1999,1,8,-1,1,-1
2015450032943,2,9,0,4,0,0,0,0,0,0,2,1,3,1,37,7,1796,1,8,-1,2,-1
2015450032949,1,9,0,3,0,1,0,0,0,0,2,1,2,1,28,6,1389,1,14,-1,2,-1
2015450032949,2,9,0,18,0,1,0,0,0,0,1,1,2,1,51,8,1996,1,14,-1,1,-1
2015450032951,1,9,0,16,0,0,0,0,7,0,4,1,6,2,24,5,1397,1,8,-1,1,-1
2015450032951,2,9,0,17,0,0,0,0,0,0,1,1,2,2,57,9,1390,1,3,-1,3,-1
2015450032955,1,22,0,5,9,0,5,0,0,0,3,1,6,2,67,10,-1,-1,-1,-1,1,-1
2015450032956,1,2,0,11,0,8,1,0,0,0,2,1,6,2,23,5,49,1,-1,-1,1,-1
2015450032956,2,9,0,5,0,4,1,0,0,0,1,1,6,1,29,6,2969,2,9,-1,2,-1
2015450032957,1,9,0,16,0,0,0,0,2,7,1,1,6,1,39,7,3980,1,18,-1,1,-1
2015450032967,1,1,0,18,0,1,0,11,0,0,4,1,2,1,32,6,-1,-1,-1,-1,1,-1
2015450032972,1,9,0,5,0,6,0,0,0,0,1,1,6,1,-1,-1,1598,2,1,-1,1,-1
2015450032975,1,9,0,16,0,0,1,0,7,0,2,1,1,1,33,6,1598,1,11,-1,1,-1
2015450032977,1,9,0,18,0,2,2,0,7,9,2,1,6,1,27,6,-1,-1,-1,-1,1,-1
2015450032982,1,21,1,12,0,0,0,0,0,0,1,1,1,1,47,8,-1,-1,-1,-1,-1,-1
2015450032982,2,9,0,18,0,0,0,0,0,0,4,1,2,1,34,6,2497,2,9,-1,1,-1
2015450033000,1,9,0,18,0,4,0,0,0,0,3,1,2,1,40,7,1560,2,1,-1,1,-1
2015450033000,2,19,0,9,0,8,0,0,0,0,1,1,1,1,29,6,1598,2,-1,-1,1,-1
2015450033001,1,3,0,18,0,0,0,0,0,0,3,1,2,1,17,4,124,1,1,-1,1,-1
2015450033005,1,1,0,16,0,0,1,0,0,0,0,1,6,1,21,5,-1,-1,-1,-1,1,-1
2015450033055,1,9,0,9,0,6,1,0,7,0,1,1,2,1,30,6,1349,1,7,-1,1,-1
2015450033055,2,9,0,18,0,1,0,0,0,0,4,1,6,1,61,9,1363,2,11,-1,1,-1
2015450033055,3,9,0,2,0,2,0,0,0,0,1,1,6,3,-1,-1,1686,2,9,-1,-1,-1
2015450033074,1,19,0,18,0,0,0,0,0,0,4,1,6,3,-1,-1,2148,2,7,-1,-1,-1
2015450033083,1,9,0,18,0,0,0,0,0,0,1,1,6,2,21,5,1242,1,11,-1,1,-1
2015450033083,2,9,0,18,0,0,0,0,0,0,2,1,6,1,36,7,1968,2,-1,-1,1,-1
2015450033088,1,9,0,3,0,0,0,0,0,0,2,1,6,2,28,6,1364,1,5,-1,1,-1
2015450033088,2,9,0,4,0,0,0,0,0,0,1,1,1,1,40,7,-1,-1,-1,-1,1,-1
2015450033088,3,9,0,3,0,0,0,0,0,0,2,1,6,2,-1,-1,-1,-1,-1,-1,-1,-1
2015450033119,1,9,0,18,0,0,0,0,0,0,3,1,6,3,-1,-1,-1,-1,-1,-1,-1,-1