Accident_Index,Vehicle_Reference,Vehicle_Type,Towing_and_Articulation,Vehicle_Manoeuvre,Vehicle_Location-Restricted_Lane,Junction_Location,Skidding_and_Overturning,Hit_Object_in_Carriageway,Vehicle_Leaving_Carriageway,Hit_Object_off_Carriageway,1st_Point_of_Impact,Was_Vehicle_Left_Hand_Drive?,Journey_Purpose_of_Driver,Sex_of_Driver,Age_of_Driver,Age_Band_of_Driver,Engine_Capacity_(CC),Propulsion_Code,Age_of_Vehicle,Driver_IMD_Decile,Driver_Home_Area_Type,Vehicle_IMD_Decile
2015450033119,2,9,0,18,0,0,0,0,0,0,3,1,6,2,41,7,1968,2,-1,-1,3,-1
2015450033222,1,9,0,18,0,0,0,0,0,0,3,1,6,1,41,7,1896,2,13,-1,1,-1
2015450033229,1,3,0,4,0,0,5,0,0,0,1,1,6,1,24,5,125,1,6,-1,1,-1
2015450033229,2,9,0,4,0,0,0,0,0,0,2,1,2,2,38,7,2179,2,2,-1,1,-1
2015450033234,1,9,0,18,0,1,0,0,0,0,1,1,1,1,28,6,1149,1,7,-1,1,-1
2015450033234,2,9,0,3,0,1,0,0,0,0,2,1,6,2,62,9,1598,1,10,-1,1,-1
2015450033234,3,9,0,10,0,5,0,0,0,0,2,1,6,2,75,10,1396,1,1,-1,1,-1
2015450033240,1,9,0,17,0,0,0,0,1,0,1,1,2,2,22,5,1299,1,14,-1,1,-1
2015450033240,2,9,0,16,0,0,0,0,0,0,4,1,2,2,50,8,998,1,5,-1,1,-1
2015450033259,1,1,0,18,0,8,5,0,0,0,4,1,6,1,78,11,-1,-1,-1,-1,1,-1
2015450033259,2,19,0,18,0,8,0,0,0,0,3,1,1,1,38,7,1598,2,-1,-1,1,-1
2015450033265,1,9,0,5,0,0,0,0,0,0,1,1,1,2,42,7,1799,1,16,-1,1,-1
2015450033268,1,19,0,18,0,1,0,0,0,0,1,1,6,1,25,5,1753,2,9,-1,1,-1
2015450033268,2,9,0,7,0,4,0,0,0,0,3,1,6,1,26,6,1360,1,14,-1,1,-1
2015450033268,3,9,0,18,0,1,0,0,0,0,1,1,6,1,56,9,1900,2,15,-1,1,-1
2015450033277,1,9,0,9,0,6,0,0,0,0,3,1,6,2,93,11,1598,1,9,-1,1,-1
2015450033277,2,9,0,18,0,1,0,0,0,0,4,1,6,2,28,6,1198,1,2,-1,1,-1
2015450033282,1,9,0,18,0,8,0,0,0,0,1,1,6,2,69,10,1997,1,7,-1,3,-1
2015450033282,2,4,0,7,0,6,0,0,0,0,3,1,6,1,36,7,499,1,17,-1,-1,-1
2015450033283,1,9,0,18,0,0,0,7,0,0,1,1,6,2,80,11,1275,1,20,-1,1,-1
2015450033292,1,9,0,7,0,7,0,0,0,0,1,1,3,2,43,7,1390,1,11,-1,1,-1
2015450033292,2,1,0,12,0,4,0,0,0,0,4,1,6,1,59,9,-1,-1,-1,-1,1,-1
2015450033297,1,9,0,9,0,5,0,0,0,0,2,1,3,2,19,4,1998,1,10,-1,1,-1
2015450033297,2,2,0,18,0,1,0,0,0,0,1,1,2,1,17,4,49,1,3,-1,2,-1
2015450033298,1,9,0,9,0,5,0,0,0,0,1,1,6,1,76,11,1560,2,4,-1,3,-1
2015450033298,2,1,0,16,0,1,0,0,1,0,1,1,6,1,53,8,-1,-1,-1,-1,1,-1
2015450033302,1,2,0,13,0,1,0,0,0,0,1,1,4,1,16,4,49,1,10,-1,1,-1
2015450033302,2,19,0,9,0,5,0,0,0,0,3,1,1,1,29,6,2402,2,7,-1,1,-1
2015450033306,1,9,0,18,0,2,0,7,0,0,1,1,6,2,79,11,1400,1,9,-1,1,-1
2015450033308,1,9,0,18,0,0,0,0,0,0,3,1,6,1,21,5,1690,1,27,-1,3,-1
2015450033308,2,9,0,2,0,0,0,0,0,0,3,1,6,1,27,6,1995,2,10,-1,-1,-1
2015450033324,1,19,0,9,0,5,0,0,0,0,1,1,1,1,61,9,1968,2,-1,-1,1,-1
2015450033324,2,1,0,18,0,8,0,0,0,0,2,1,6,1,15,3,-1,-1,-1,-1,-1,-1
2015450033326,1,1,0,18,0,0,0,0,0,0,3,1,6,2,-1,-1,-1,-1,-1,-1,3,-1
2015450033326,2,9,0,13,0,0,0,0,0,0,4,1,6,3,-1,-1,-1,-1,-1,-1,-1,-1
2015450033327,1,9,0,9,0,6,0,0,0,0,1,1,6,2,82,11,1896,2,12,-1,3,-1
2015450033327,2,9,0,18,0,1,0,0,0,0,1,1,1,1,30,6,-1,-1,-1,-1,1,-1
2015450033354,1,3,0,3,0,1,0,0,0,0,1,1,2,1,32,6,124,1,-1,-1,1,-1
2015450033354,2,9,0,4,0,1,0,0,0,0,2,1,2,2,28,6,1229,1,10,-1,1,-1
2015450033408,1,9,0,9,0,6,0,0,0,0,1,1,6,2,77,11,1329,1,4,-1,1,-1
2015450033408,2,9,0,18,0,2,1,0,0,0,3,1,6,2,27,6,1198,1,8,-1,-1,-1
2015450033409,1,9,0,18,0,0,5,0,0,0,4,1,6,2,18,4,998,1,3,-1,1,-1
2015450033416,1,9,0,18,0,1,0,0,0,0,1,1,1,1,28,6,-1,-1,-1,-1,1,-1
2015450033416,2,1,0,18,0,2,0,0,1,0,2,1,2,1,38,7,-1,-1,-1,-1,1,-1
2015450033422,1,9,0,16,0,0,0,0,0,0,1,1,6,1,18,4,1242,1,8,-1,3,-1
2015450033422,2,9,0,18,0,0,0,0,0,0,1,1,6,2,71,10,1799,1,9,-1,3,-1
2015450033426,1,20,0,3,0,1,0,0,0,0,1,1,6,1,26,6,-1,-1,-1,-1,1,-1
2015450033426,2,9,0,4,0,1,0,0,0,0,2,1,6,1,23,5,1339,8,6,-1,1,-1
2015450033442,1,9,0,16,0,0,0,0,1,0,3,1,6,1,26,6,2967,1,14,-1,1,-1
2015450033452,1,9,0,1,0,0,5,0,0,0,0,1,6,1,51,8,1975,1,6,-1,3,-1
2015450033457,1,9,0,18,0,0,0,0,0,0,1,1,6,1,33,6,1998,1,17,-1,1,-1
2015450033457,2,9,0,2,0,0,0,0,0,0,1,1,6,1,-1,-1,1998,2,12,-1,1,-1
2015450033460,1,9,0,1,0,0,0,0,1,0,1,1,6,1,50,8,1998,1,10,-1,-1,-1
2015450033460,2,5,0,2,0,0,0,0,0,0,0,1,6,1,56,9,-1,-1,-1,-1,1,-1
2015450033460,3,9,0,2,0,0,0,0,0,0,1,1,6,2,50,8,1587,1,11,-1,-1,-1
2015450033466,1,9,0,5,0,1,0,0,0,0,1,1,2,2,19,4,796,1,14,-1,1,-1
2015450033466,2,9,0,5,0,6,0,0,0,0,1,1,2,1,35,6,1995,1,8,-1,1,-1
2015450033489,1,1,0,4,0,0,0,0,0,0,4,1,6,1,48,8,-1,-1,-1,-1,1,-1
2015450033489,2,19,0,18,0,0,0,0,0,0,2,1,6,1,82,11,-1,-1,-1,-1,1,-1
2015450033612,1,9,0,18,0,0,0,0,0,0,1,1,3,2,51,8,1240,1,5,-1,1,-1
2015450033612,2,9,0,1,0,0,0,0,0,0,1,1,6,2,53,8,1461,2,-1,-1,-1,-1
2015450033630,1,9,0,9,0,6,0,0,0,0,1,1,1,2,44,7,2995,1,11,-1,2,-1
2015450033630,2,9,0,18,0,1,0,0,0,0,1,1,2,2,18,4,1360,1,5,-1,1,-1
2015450033643,1,1,0,4,0,0,0,0,0,0,0,1,6,1,54,8,-1,-1,-1,-1,1,-1
2015450033648,2,9,0,1,0,0,0,0,0,0,2,1,6,2,54,8,1995,2,1,-1,3,-1
2015450033659,1,9,0,4,0,0,0,0,0,0,2,1,6,2,52,8,2143,2,1,-1,1,-1
2015450033659,2,9,0,4,0,0,0,0,0,0,2,1,1,2,46,8,1685,2,3,-1,1,-1
2015450033659,3,9,0,4,0,0,0,0,0,0,1,1,6,1,48,8,1995,2,1,-1,1,-1
2015450033674,1,19,0,18,0,0,0,0,0,0,1,1,6,2,44,7,2477,2,14,-1,1,-1
2015450033674,2,9,4,18,0,0,0,0,0,0,2,1,1,1,36,7,4164,2,15,-1,1,-1
2015450033683,1,19,0,3,0,0,0,4,0,0,0,1,6,3,-1,-1,-1,-1,-1,-1,1,-1
2015450033683,2,9,0,4,0,0,0,0,0,0,1,1,1,2,26,6,1360,1,6,-1,1,-1
2015450033800,1,19,0,5,0,0,0,0,0,0,0,1,6,1,23,5,1997,2,-1,-1,1,-1
2015450033800,2,9,0,3,0,0,0,0,0,0,2,1,2,2,29,6,1595,1,10,-1,1,-1
2015450033800,3,10,0,3,0,0,0,0,0,0,1,1,6,1,26,6,2446,2,14,-1,1,-1
2015450033813,1,9,0,11,0,0,0,0,0,0,4,1,6,1,30,6,1896,2,14,-1,1,-1
2015450033813,2,5,0,4,0,0,2,0,0,0,3,1,2,1,57,9,1085,1,18,-1,1,-1
2015450033814,1,9,0,4,0,1,0,0,0,0,0,1,2,1,35,6,998,1,7,-1,1,-1
2015450033814,2,3,0,18,0,1,0,0,0,0,0,1,6,3,-1,-1,-1,-1,-1,-1,-1,-1
2015450033820,1,9,0,5,0,6,0,0,0,0,0,1,2,1,54,8,2616,1,10,-1,3,-1
2015450033821,1,9,0,18,0,0,0,0,0,0,2,1,6,1,37,7,1197,1,5,-1,1,-1
2015450033821,2,9,0,18,0,0,0,0,0,0,2,1,6,1,46,8,1598,2,3,-1,-1,-1
2015450033821,3,9,0,18,0,0,1,0,0,0,1,1,1,1,32,6,1968,2,3,-1,1,-1
2015450033824,1,9,0,18,0,0,1,0,1,0,2,1,6,2,64,9,998,1,15,-1,-1,-1
2015450033824,2,21,1,12,0,0,0,0,0,0,4,1,1,1,54,8,-1,-1,-1,-1,-1,-1
2015450033825,1,9,0,2,0,0,0,0,0,0,0,1,6,1,57,9,1796,1,13,-1,1,-1
2015450033825,2,19,0,5,0,0,0,0,0,0,0,1,6,1,-1,-1,2198,2,8,-1,-1,-1
2015450033831,1,9,0,16,0,0,1,10,1,0,3,1,2,1,26,6,1781,1,11,-1,1,-1
2015450033837,1,1,0,18,0,0,5,0,0,0,0,1,4,1,11,3,-1,-1,-1,-1,-1,-1
2015450033839,1,9,0,9,0,2,0,0,0,0,1,1,6,3,-1,-1,1998,2,18,-1,-1,-1
2015450033839,2,1,0,18,0,1,2,0,0,0,1,1,6,2,45,7,-1,-1,-1,-1,1,-1
2015450033841,1,5,0,7,0,0,0,0,0,0,4,1,6,1,21,5,803,1,3,-1,1,-1
2015450033844,1,9,0,18,0,1,0,0,0,0,1,1,6,2,18,4,1149,1,13,-1,1,-1
2015450033844,2,9,0,1,0,1,0,0,0,0,2,1,6,1,-1,-1,1590,1,12,-1,1,-1
2015450033844,3,9,0,2,0,1,0,0,0,0,4,1,6,3,-1,-1,1598,1,8,-1,-1,-1
2015450033851,1,19,0,14,0,0,2,0,7,0,1,1,1,1,58,9,-1,-1,-1,-1,3,-1
2015450033851,2,9,0,18,0,0,0,0,0,0,3,1,6,2,48,8,1968,2,3,-1,3,-1
2015450033851,3,19,0,5,0,0,0,0,0,0,0,1,6,3,-1,-1,-1,-1,-1,-1,-1,-1
2015450033865,1,9,0,9,0,1,0,0,0,0,1,1,6,1,19,4,1329,1,4,-1,2,-1
2015450033865,2,19,0,18,0,1,1,0,1,9,1,1,1,1,65,9,3198,2,-1,-1,1,-1
2015450033865,3,9,0,3,0,1,0,0,0,0,2,1,1,1,49,8,2231,2,10,-1,1,-1
2015450033865,4,9,0,10,0,1,0,0,0,0,1,1,2,2,39,7,1798,1,5,-1,2,-1
2015450033913,1,9,0,3,0,0,0,0,0,0,2,1,6,2,30,6,-1,-1,-1,-1,1,-1
2015450033913,2,9,0,4,0,0,0,0,0,0,1,1,6,2,-1,-1,1200,1,1,-1,1,-1
2015450033919,1,9,0,18,0,4,0,0,0,0,1,1,1,1,48,8,1242,1,19,-1,2,-1
2015450033919,2,1,0,18,0,4,0,0,0,0,1,1,4,2,18,4,-1,-1,-1,-1,1,-1
2015450033969,1,9,0,17,0,1,0,0,0,0,4,1,6,2,64,9,-1,-1,-1,-1,-1,-1
2015450033969,2,9,0,12,0,7,0,0,0,0,1,1,6,2,-1,-1,987,1,24,-1,1,-1
2015450033970,1,9,0,17,0,0,1,0,2,0,1,1,2,2,25,5,1360,1,12,-1,1,-1
2015450033971,1,9,0,18,0,1,0,0,0,0,1,1,6,2,51,8,2993,2,3,-1,1,-1
2015450033971,2,9,0,17,0,1,0,0,0,0,1,1,6,3,-1,-1,998,1,6,-1,-1,-1
2015450033974,1,9,0,18,0,8,0,0,0,0,1,1,2,1,44,7,1896,2,13,-1,1,-1
2015450033974,2,9,0,9,0,5,0,0,0,0,1,1,2,2,49,8,1595,1,14,-1,1,-1
2015450033986,1,9,0,9,0,5,0,0,0,0,1,1,6,1,76,11,1686,2,9,-1,1,-1
2015450033986,2,3,0,18,0,1,0,0,0,0,0,1,6,1,28,6,124,1,4,-1,1,-1
2015450034015,1,1,0,18,0,0,1,0,0,0,0,1,6,1,64,9,-1,-1,-1,-1,3,-1
2015450034051,1,9,0,18,0,2,0,0,0,0,1,1,6,2,45,7,1998,1,12,-1,1,-1
2015450034063,1,9,0,5,0,1,0,0,0,0,2,1,6,2,69,10,995,1,9,-1,1,-1
2015450034063,2,9,0,5,0,1,0,0,0,0,1,1,2,1,34,6,-1,-1,-1,-1,1,-1
2015450034067,1,1,0,7,0,1,0,0,0,0,3,1,6,1,22,5,-1,-1,-1,-1,1,-1
2015450034067,2,9,0,10,0,1,0,0,0,0,3,1,6,1,-1,-1,1199,1,11,-1,1,-1
2015450034120,1,9,0,18,0,0,0,0,1,11,1,1,6,1,51,8,1498,1,9,-1,1,-1
2015450034120,2,9,0,18,0,0,0,0,0,0,1,1,6,1,33,6,1800,1,21,-1,1,-1
2015450034122,1,9,0,18,0,0,0,0,0,0,1,1,6,1,52,8,1796,1,8,-1,1,-1
2015450034123,1,9,0,12,0,0,0,0,0,0,1,1,6,1,63,9,1870,2,10,-1,3,-1
2015450034123,2,9,0,18,0,0,0,0,7,10,3,1,6,1,82,11,1868,2,13,-1,2,-1
2015450034123,3,9,0,18,0,0,0,0,0,0,1,1,2,1,32,6,1360,1,10,-1,3,-1
2015450034127,1,9,0,18,0,4,0,0,0,0,1,1,6,2,80,11,1296,1,7,-1,1,-1
2015450034127,2,1,0,18,0,8,0,0,0,0,1,1,6,1,53,8,-1,-1,-1,-1,1,-1
2015450034133,1,9,0,9,0,8,0,0,0,0,3,1,1,1,41,7,1997,2,5,-1,1,-1
2015450034143,1,9,0,18,0,1,5,0,0,0,0,1,1,1,26,6,1198,1,12,-1,1,-1
2015450034146,1,9,0,5,0,6,0,0,0,0,1,1,6,2,51,8,1896,2,8,-1,1,-1
2015450034146,2,5,0,18,0,1,0,0,0,0,4,1,6,1,50,8,745,1,1,-1,1,-1
2015450034149,1,9,0,10,0,5,0,0,0,0,2,1,2,2,21,5,1390,1,10,-1,3,-1
2015450034149,2,19,0,4,0,1,0,0,0,0,1,1,1,2,45,7,1461,2,1,-1,1,-1
2015450034149,3,19,0,18,0,1,0,0,0,0,3,1,1,2,27,6,2460,2,8,-1,1,-1
2015450034157,1,19,0,9,0,5,0,0,0,0,1,1,6,1,22,5,2402,2,15,-1,1,-1
2015450034157,2,1,0,18,0,1,0,0,0,0,1,1,6,1,63,9,-1,-1,-1,-1,1,-1
2015450034161,1,9,0,3,0,0,0,0,0,0,2,1,6,1,46,8,1995,2,1,-1,1,-1
2015450034161,2,9,0,18,0,0,0,0,0,0,1,1,6,2,26,6,998,1,13,-1,1,-1
2015450034162,1,9,0,18,0,4,0,0,0,0,1,1,6,1,40,7,1781,1,20,-1,1,-1
2015450034162,2,1,0,18,0,8,0,0,0,0,4,1,6,1,21,5,-1,-1,-1,-1,-1,-1
2015450034166,1,19,0,18,0,0,0,0,0,0,0,1,1,1,51,8,-1,-1,-1,-1,1,-1
2015450034166,2,9,0,18,0,0,0,0,1,0,4,1,6,2,49,8,989,1,9,-1,2,-1
2015450034166,3,10,0,18,0,0,0,0,0,0,3,1,1,1,62,9,2464,2,6,-1,1,-1
2015450034166,4,9,0,18,0,0,0,0,0,0,1,1,6,2,69,10,1198,1,5,-1,1,-1
2015450034166,5,9,0,18,0,0,0,0,0,0,4,1,6,1,53,8,2400,2,6,-1,1,-1
2015450034170,1,9,0,4,0,0,0,0,0,0,1,1,6,2,-1,-1,1560,2,5,-1,3,-1
2015450034170,2,9,0,4,0,0,0,0,0,0,2,1,6,2,35,6,5461,1,2,-1,1,-1
2015450034178,1,9,0,9,0,5,0,0,0,0,4,1,1,2,29,6,999,1,2,-1,1,-1
2015450034178,2,9,0,18,0,1,0,0,0,0,1,1,6,1,63,9,1598,2,3,-1,1,-1
2015450034196,1,20,0,18,0,0,0,0,0,0,3,1,1,3,31,6,-1,-1,-1,-1,-1,-1
2015450034196,2,9,0,18,0,0,0,0,0,0,1,1,6,2,28,6,1124,1,13,-1,1,-1
2015450034199,1,9,0,18,0,0,0,0,0,0,1,1,6,3,50,8,2199,2,1,-1,1,-1
2015450034199,2,9,0,4,0,0,0,0,0,0,2,1,6,1,59,9,-1,-1,-1,-1,1,-1
2015450034199,3,9,0,18,0,0,0,0,0,0,2,1,6,2,57,9,1796,1,14,-1,1,-1
2015450034207,1,4,0,18,0,0,0,0,0,0,4,1,2,1,36,7,599,1,12,-1,-1,-1
2015450034207,2,19,0,18,0,0,0,0,0,0,1,1,1,2,32,6,-1,-1,-1,-1,-1,-1
2015450034229,1,9,0,16,0,0,1,0,1,0,1,1,6,1,-1,-1,2700,1,14,-1,3,-1
2015450034274,1,9,0,5,0,0,0,0,0,0,1,1,6,2,58,9,2179,2,2,-1,3,-1
2015450034274,2,9,0,18,0,0,0,0,0,0,3,1,2,1,64,9,1560,2,4,-1,3,-1
2015450034279,1,9,0,9,0,6,0,0,0,0,1,1,6,1,22,5,1229,1,10,-1,2,-1
2015450034279,2,3,0,18,0,1,0,0,0,0,1,1,6,1,29,6,124,1,1,-1,2,-1
2015450034281,1,3,0,18,0,1,2,0,0,0,1,1,1,1,48,8,-1,-1,-1,-1,1,-1
2015450034281,2,9,0,9,0,6,0,0,0,0,4,1,3,2,42,7,2979,1,13,-1,1,-1
2015450034287,1,9,0,9,0,6,0,0,0,0,1,1,6,1,56,9,1781,1,20,-1,1,-1
2015450034287,2,5,0,18,0,1,5,0,0,0,4,1,6,1,49,8,-1,-1,-1,-1,1,-1
2015450034292,1,19,0,18,0,0,0,0,0,0,1,1,6,1,52,8,-1,-1,-1,-1,-1,-1
2015450034292,2,9,0,18,0,0,0,0,0,0,2,1,6,2,41,7,1396,1,12,-1,1,-1
2015450034292,3,9,0,3,0,0,0,0,0,0,2,1,6,1,27,6,1968,2,8,-1,1,-1
2015450034295,1,9,0,18,0,1,0,0,0,0,1,1,6,2,85,11,1389,1,10,-1,1,-1
2015450034295,2,9,0,3,0,1,0,0,0,0,2,1,6,1,21,5,1800,1,15,-1,1,-1
2015450034295,3,9,0,3,0,1,0,0,0,0,2,1,6,1,51,8,1998,8,-1,-1,1,-1
2015450034298,1,19,0,9,0,5,0,0,0,0,1,1,6,1,56,9,2198,2,-1,-1,1,-1
2015450034298,2,9,0,18,0,1,1,0,0,0,3,1,6,2,31,6,1998,1,9,-1,1,-1
2015450034299,1,9,0,5,0,6,0,0,0,0,0,1,1,2,42,7,1560,2,5,-1,1,-1
2015450034304,1,9,0,18,0,4,0,0,0,0,4,1,6,2,69,10,1991,2,11,-1,1,-1
2015450034304,2,9,0,3,0,4,0,0,0,0,3,1,6,1,25,5,1995,2,1,-1,1,-1
2015450034315,1,9,0,5,0,6,0,0,0,0,3,1,6,2,51,8,1598,1,8,-1,1,-1
2015450034315,2,19,0,18,0,1,1,0,0,0,1,1,2,1,23,5,1870,2,12,-1,1,-1
2015450034321,1,9,0,4,0,0,0,0,0,0,1,1,2,1,23,5,2179,2,3,-1,1,-1
2015450034321,2,9,0,3,0,0,0,0,0,0,2,1,6,2,53,8,1796,1,10,-1,1,-1
2015450034321,3,9,0,3,0,0,0,0,0,0,2,1,2,2,55,8,2656,1,10,-1,1,-1
2015450034324,1,9,0,17,0,0,0,0,1,0,1,1,6,3,-1,-1,-1,-1,-1,-1,-1,-1
2015450034324,2,9,0,16,0,0,1,0,0,0,4,1,6,1,52,8,1968,2,-1,-1,1,-1
2015450034329,1,9,0,3,0,4,0,0,0,0,2,1,6,1,43,7,2199,2,2,-1,1,-1
2015450034329,2,9,0,18,0,4,0,0,0,0,1,1,6,1,48,8,1995,2,3,-1,1,-1
2015450034342,1,9,0,18,0,1,0,0,7,0,1,1,2,1,20,4,1596,1,12,-1,1,-1
2015450034342,2,9,0,9,0,6,0,0,0,0,3,1,6,1,17,4,1596,1,6,-1,1,-1
2015450034448,1,9,0,18,6,5,0,0,0,0,1,1,2,1,30,6,2179,2,2,-1,1,-1
2015450034448,2,9,0,18,0,1,0,0,7,10,1,1,6,2,22,5,1242,1,11,-1,1,-1
2015450034455,1,1,0,18,0,0,0,0,0,0,3,1,6,1,45,7,-1,-1,-1,-1,1,-1
2015450034455,2,98,0,15,0,0,0,0,0,0,4,1,1,1,49,8,-1,2,8,-1,1,-1
2015450034469,1,9,0,18,0,0,0,0,0,0,3,1,6,2,28,6,1984,1,15,-1,1,-1
2015450034469,2,9,0,18,0,0,0,0,0,0,1,1,6,1,34,6,1596,1,3,-1,1,-1
2015450034472,1,9,0,17,0,0,1,0,1,4,1,1,6,1,17,4,1242,1,8,-1,1,-1
2015450034477,1,9,0,18,0,0,0,0,1,9,1,1,6,1,74,10,1999,1,13,-1,2,-1
2015450034483,1,19,0,18,0,0,0,0,7,0,1,1,6,1,31,6,2198,2,-1,-1,1,-1
2015450034489,1,9,0,9,0,1,0,0,0,0,1,1,1,1,43,7,1598,1,8,-1,1,-1
2015450034492,1,9,0,9,0,6,0,0,0,0,1,1,6,1,29,6,1598,1,8,-1,1,-1
2015450034492,2,3,0,18,0,1,0,0,0,0,1,1,6,1,40,7,125,1,11,-1,1,-1
2015450034493,1,9,0,17,0,8,5,0,7,0,1,1,1,1,18,4,1598,1,16,-1,1,-1
2015450034494,1,9,0,18,9,0,0,0,0,0,1,1,6,1,77,11,1596,1,-1,-1,-1,-1
2015450034494,2,9,0,2,0,0,0,0,0,0,0,1,6,3,-1,-1,1989,1,16,-1,-1,-1
2015450034496,1,9,0,3,0,4,0,0,0,0,2,1,2,2,53,8,1388,1,7,-1,1,-1
2015450034496,2,9,0,18,0,4,0,0,0,0,1,1,6,3,-1,-1,-1,-1,-1,-1,-1,-1
2015450034503,1,9,0,18,0,0,0,0,0,0,1,1,6,2,31,6,2179,2,5,-1,1,-1
2015450034503,2,9,0,18,0,0,0,0,0,0,2,1,6,3,-1,-1,1598,1,5,-1,-1,-1
2015450034520,1,9,0,9,0,8,0,0,0,0,1,1,6,1,42,7,1339,1,-1,-1,-1,-1
2015450034520,2,9,0,18,0,8,1,0,0,0,4,1,2,2,47,8,1397,1,14,-1,1,-1
2015450034583,1,9,0,18,0,0,0,0,0,0,1,1,6,1,26,6,1590,1,19,-1,3,-1
2015450034583,2,19,0,1,0,0,0,0,0,0,4,1,6,1,46,8,2402,2,7,-1,1,-1
2015450034593,1,9,0,5,0,6,0,0,0,0,1,1,6,1,71,10,1999,1,11,-1,1,-1
2015450034593,2,9,0,18,0,8,0,0,1,4,4,1,6,1,50,8,1242,1,7,-1,1,-1
2015450034617,1,9,0,4,0,0,1,0,0,0,1,1,1,1,30,6,1124,1,12,-1,1,-1
2015450034617,2,9,0,3,0,0,0,0,0,0,2,1,1,2,26,6,1560,2,7,-1,2,-1
2015450034624,1,9,0,9,0,6,0,0,0,0,1,1,6,1,67,10,2967,2,7,-1,3,-1
2015450034624,2,3,0,18,0,1,0,0,0,0,1,1,6,1,20,4,124,1,9,-1,-1,-1
2015450034630,1,9,0,5,0,4,0,0,0,0,1,1,2,2,24,5,998,1,-1,-1,1,-1
2015450034630,2,5,0,3,0,8,0,0,0,0,2,1,2,1,29,6,847,1,-1,-1,1,-1
2015450034640,1,9,0,18,0,0,0,0,0,0,1,1,6,1,18,4,1229,1,3,-1,1,-1
2015450034640,2,9,0,18,0,0,0,0,0,0,1,1,6,2,35,6,1598,2,4,-1,1,-1
2015450034648,1,9,0,18,0,0,0,0,0,0,1,1,6,1,34,6,1199,1,12,-1,1,-1
2015450034649,1,9,0,18,0,0,0,0,0,0,3,1,6,1,41,7,1995,2,8,-1,1,-1
2015450034649,2,9,0,18,0,0,0,0,0,0,3,1,6,1,24,5,1390,1,9,-1,1,-1
2015450034657,1,22,0,18,9,0,5,0,0,0,0,1,6,1,33,6,-1,-1,-1,-1,1,-1
2015450034657,2,9,0,18,0,0,0,0,0,0,0,1,6,2,-1,-1,998,1,3,-1,3,-1
2015450034671,1,9,0,17,0,2,1,0,1,4,1,1,2,1,18,4,1781,1,14,-1,1,-1
2015450034711,1,9,0,9,0,6,0,0,0,0,3,1,6,2,26,6,1197,1,1,-1,1,-1
2015450034711,2,1,0,18,0,8,0,0,0,0,1,1,6,1,40,7,-1,-1,-1,-1,1,-1
2015450034713,1,9,0,16,0,0,0,0,1,0,1,1,6,1,64,9,1968,2,9,-1,1,-1
2015450034713,2,20,0,17,0,0,0,0,0,0,3,1,6,1,58,9,6370,2,9,-1,1,-1
2015450034732,1,9,0,9,0,6,0,0,0,0,1,1,2,2,36,7,1598,1,6,-1,1,-1
2015450034732,2,3,0,18,0,1,0,0,0,0,1,1,6,1,17,4,-1,-1,-1,-1,1,-1
2015450034737,1,19,0,4,0,3,0,0,0,0,1,1,1,1,25,5,2198,2,-1,-1,2,-1
2015450034737,2,9,0,4,0,3,0,0,0,0,2,1,6,2,27,6,1422,2,-1,-1,1,-1
2015450034743,1,9,0,4,0,0,0,0,0,0,1,1,2,1,27,6,1149,1,17,-1,1,-1
2015450034743,2,9,0,3,0,0,0,0,0,0,2,1,1,2,24,5,1242,1,15,-1,1,-1
2015450034751,1,3,0,18,0,8,0,0,0,0,4,1,6,1,22,5,125,1,-1,-1,2,-1
2015450034751,2,9,0,9,0,6,0,0,0,0,1,1,6,3,-1,-1,-1,-1,-1,-1,-1,-1
2015450034756,1,90,0,18,0,0,0,0,0,0,1,1,6,1,62,9,-1,-1,-1,-1,1,-1
2015450034756,2,9,0,18,0,0,0,0,0,0,1,1,6,2,78,11,1968,2,4,-1,-1,-1
2015450034770,1,9,0,9,0,5,0,0,0,0,3,1,6,1,31,6,1991,2,8,-1,1,-1
2015450034770,2,3,0,14,0,1,0,0,0,0,1,1,6,1,18,4,124,1,2,-1,3,-1
2015450034790,1,9,0,3,0,4,0,0,0,0,2,1,2,2,35,6,998,1,-1,-1,2,-1
2015450034790,2,9,0,3,0,4,0,0,0,0,1,1,6,1,72,10,1997,2,3,-1,1,-1
2015450034796,1,1,0,18,0,0,2,0,0,0,0,1,6,1,47,8,-1,-1,-1,-1,1,-1
2015450034799,1,9,0,18,8,0,1,0,1,2,1,1,6,2,22,5,1587,1,13,-1,1,-1
2015450034832,1,19,0,8,0,8,0,0,0,0,4,1,2,1,54,8,2143,2,3,-1,1,-1
2015450034832,2,9,0,3,0,1,0,0,0,0,2,1,2,1,61,9,698,1,11,-1,1,-1
2015450034832,3,9,0,18,0,1,1,0,0,0,1,1,6,1,-1,-1,1391,1,19,-1,-1,-1
2015450034834,1,9,0,18,0,0,0,0,0,0,1,1,6,1,46,8,2198,2,7,-1,1,-1
2015450034834,2,9,0,3,0,0,0,0,0,0,2,1,6,1,51,8,2400,2,5,-1,1,-1