Accident_Index,Vehicle_Reference,Vehicle_Type,Towing_and_Articulation,Vehicle_Manoeuvre,Vehicle_Location-Restricted_Lane,Junction_Location,Skidding_and_Overturning,Hit_Object_in_Carriageway,Vehicle_Leaving_Carriageway,Hit_Object_off_Carriageway,1st_Point_of_Impact,Was_Vehicle_Left_Hand_Drive?,Journey_Purpose_of_Driver,Sex_of_Driver,Age_of_Driver,Age_Band_of_Driver,Engine_Capacity_(CC),Propulsion_Code,Age_of_Vehicle,Driver_IMD_Decile,Driver_Home_Area_Type,Vehicle_IMD_Decile
2015460251780,1,9,0,9,0,5,0,0,0,0,1,1,1,1,53,8,1587,1,14,-1,-1,-1
2015460251780,2,4,0,18,0,1,0,0,0,0,1,1,6,1,19,4,124,1,1,-1,3,-1
2015460251781,1,9,0,4,0,0,0,0,7,9,1,1,1,2,31,6,1596,1,13,-1,1,-1
2015460251786,1,9,0,18,0,1,0,0,0,0,1,1,6,1,79,11,1596,1,14,-1,1,-1
2015460251786,2,9,0,4,0,2,0,0,0,0,2,1,1,1,36,7,1248,2,4,-1,1,-1
2015460251792,1,1,0,7,0,3,0,0,0,0,2,1,6,1,43,7,-1,-1,-1,-1,3,-1
2015460251792,2,9,0,18,0,3,0,0,0,0,2,1,1,1,47,8,-1,-1,-1,-1,1,-1
2015460251795,1,9,0,18,0,1,0,12,0,0,1,1,1,2,24,5,1598,2,5,-1,1,-1
2015460251803,1,9,0,18,0,0,0,0,7,0,1,1,6,1,20,4,1560,2,4,-1,1,-1
2015460251803,2,9,0,2,0,0,0,0,0,0,2,1,6,2,21,5,1229,1,10,-1,1,-1
2015460251809,1,9,0,11,0,5,0,0,0,0,0,1,2,1,45,7,2477,2,9,-1,1,-1
2015460251809,2,5,0,11,0,5,1,0,0,0,4,1,2,1,33,6,645,1,7,-1,1,-1
2015460251813,1,9,0,18,0,0,0,0,0,0,1,1,2,2,28,6,1995,2,9,-1,1,-1
2015460251813,2,9,0,4,0,0,0,0,0,0,2,1,2,1,37,7,1896,2,14,-1,2,-1
2015460251813,3,9,0,4,0,0,0,0,0,0,2,1,2,1,46,8,-1,-1,-1,-1,2,-1
2015460251814,1,9,0,17,0,0,1,0,2,10,3,1,1,2,24,5,1198,1,4,-1,2,-1
2015460251814,2,9,0,16,0,0,0,0,0,0,3,1,6,1,50,8,1598,1,6,-1,3,-1
2015460251817,1,9,0,11,0,1,1,0,1,7,4,1,6,1,40,7,2993,2,5,-1,1,-1
2015460251819,1,20,1,11,0,0,0,0,0,0,4,1,1,1,22,5,-1,-1,-1,-1,1,-1
2015460251819,2,9,0,18,0,0,1,0,0,0,3,1,6,1,72,10,1298,1,5,-1,1,-1
2015460251819,3,9,0,18,0,0,0,0,0,0,3,1,1,1,54,8,-1,-1,-1,-1,1,-1
2015460251823,1,20,0,11,0,3,0,0,0,0,1,1,6,3,-1,-1,-1,-1,-1,-1,-1,-1
2015460251823,2,4,0,5,0,3,0,0,0,0,1,1,6,1,23,5,125,1,1,-1,1,-1
2015460251824,1,9,0,18,0,0,2,0,1,4,1,1,1,2,19,4,1124,1,11,-1,2,-1
2015460251825,1,21,0,18,0,1,0,0,0,0,1,1,1,3,-1,-1,-1,-1,-1,-1,-1,-1
2015460251825,2,9,0,18,0,8,0,0,0,0,2,1,6,2,24,5,1242,1,1,-1,1,-1
2015460251825,3,9,0,18,0,8,0,0,0,0,1,1,2,1,55,8,-1,-1,-1,-1,1,-1
2015460251828,1,9,0,18,0,4,0,0,0,0,1,1,2,1,23,5,1995,2,8,-1,1,-1
2015460251828,2,9,0,4,0,4,0,0,0,0,2,1,6,2,27,6,-1,-1,-1,-1,1,-1
2015460251830,1,9,0,18,0,6,0,0,0,0,1,1,6,1,51,8,2401,2,13,-1,1,-1
2015460251830,2,5,0,18,0,8,0,0,0,0,4,1,6,1,21,5,649,1,8,-1,1,-1
2015460251831,1,9,0,18,0,1,0,9,0,0,1,1,6,1,83,11,-1,-1,-1,-1,1,-1
2015460251832,1,19,0,6,0,1,0,0,0,0,3,1,6,1,34,6,1753,2,12,-1,1,-1
2015460251832,2,9,0,18,0,1,0,0,0,0,1,1,6,2,38,7,1910,2,7,-1,1,-1
2015460251833,1,9,0,18,0,1,0,0,0,0,1,1,2,2,30,6,-1,-1,-1,-1,1,-1
2015460251833,2,9,0,18,0,1,0,0,0,0,2,1,2,1,40,7,-1,-1,-1,-1,1,-1
2015460251833,3,9,0,3,0,1,0,0,0,0,2,1,2,2,57,9,1596,1,5,-1,1,-1
2015460251839,1,9,0,18,0,1,0,0,0,0,0,1,6,2,24,5,1299,1,14,-1,2,-1
2015460251839,2,1,0,18,0,1,0,0,0,0,4,1,6,1,50,8,-1,-1,-1,-1,2,-1
2015460251844,1,9,0,9,0,5,0,0,0,0,1,1,1,1,28,6,-1,-1,-1,-1,-1,-1
2015460251844,2,9,0,18,0,8,0,0,0,0,1,1,6,1,53,8,1560,2,9,-1,2,-1
2015460251845,1,19,0,1,0,1,0,0,0,0,2,1,6,3,-1,-1,-1,-1,-1,-1,-1,-1
2015460251849,1,9,0,18,0,1,0,0,0,0,1,1,6,2,66,10,1299,1,14,-1,1,-1
2015460251849,2,9,0,3,0,1,0,0,0,0,2,1,3,2,27,6,2143,2,4,-1,-1,-1
2015460251855,1,9,0,15,0,0,0,4,0,0,4,1,6,1,84,11,1798,1,3,-1,2,-1
2015460251855,2,9,0,2,0,0,0,0,0,0,3,1,6,2,30,6,2261,1,7,-1,3,-1
2015460251860,1,9,0,18,0,0,5,10,0,0,1,1,6,2,38,7,1991,2,6,-1,1,-1
2015460251861,1,9,0,15,0,4,0,0,0,0,2,1,6,1,21,5,1998,1,8,-1,1,-1
2015460251861,2,9,0,18,0,4,0,0,0,0,1,1,6,1,47,8,1995,2,10,-1,2,-1
2015460251862,1,9,0,17,0,0,0,0,0,0,3,1,6,1,29,6,-1,-1,-1,-1,3,-1
2015460251862,2,9,0,16,0,0,0,0,0,0,4,1,6,1,29,6,1388,1,7,-1,-1,-1
2015460251866,1,9,0,18,0,1,0,0,0,0,4,1,6,2,41,7,1560,2,6,-1,-1,-1
2015460251866,2,1,0,18,0,1,0,0,0,0,4,1,6,2,31,6,-1,-1,-1,-1,1,-1
2015460251869,1,9,0,18,0,0,0,0,0,0,1,1,2,1,18,4,1360,1,12,-1,1,-1
2015460251869,2,9,0,4,0,0,0,0,0,0,2,1,2,1,27,6,1995,2,5,-1,3,-1
2015460251869,3,9,0,4,0,0,0,0,0,0,2,1,2,2,32,6,1560,2,2,-1,1,-1
2015460251875,1,9,0,9,0,6,0,0,0,0,1,1,3,1,31,6,1910,2,8,-1,3,-1
2015460251875,2,9,0,18,0,8,0,0,7,10,1,1,1,1,19,4,1397,1,6,-1,3,-1
2015460251885,1,9,0,18,0,1,0,0,0,0,1,1,6,3,-1,-1,-1,-1,-1,-1,-1,-1
2015460251890,1,9,0,18,0,0,0,0,0,0,1,1,6,2,33,6,1397,1,3,-1,1,-1
2015460251891,1,11,0,7,0,6,0,0,0,0,0,1,1,1,54,8,6370,2,3,-1,1,-1
2015460251896,1,9,0,18,0,1,0,0,0,0,1,1,6,1,46,8,-1,-1,-1,-1,-1,-1
2015460251897,1,1,0,18,0,8,0,0,0,0,3,1,6,1,41,7,-1,-1,-1,-1,2,-1
2015460251897,2,9,0,9,0,6,0,0,0,0,1,1,6,1,41,7,1781,1,11,-1,3,-1
2015460251898,1,9,0,4,0,1,0,0,0,0,1,1,6,1,71,10,-1,-1,-1,-1,1,-1
2015460251898,2,9,0,3,0,1,0,0,0,0,2,1,6,2,26,6,998,1,1,-1,1,-1
2015460251901,1,1,2,7,0,5,1,0,0,0,0,1,1,2,54,8,-1,-1,-1,-1,1,-1
2015460251907,1,9,0,18,0,0,1,0,1,7,2,1,6,1,51,8,1998,2,7,-1,1,-1
2015460251911,1,9,0,12,0,0,2,0,1,4,4,1,1,1,43,7,-1,-1,-1,-1,1,-1
2015460251911,2,21,0,18,0,0,0,0,0,0,0,1,1,1,64,9,9364,2,12,-1,1,-1
2015460251912,1,9,0,18,0,0,0,0,0,0,1,1,2,1,63,9,1956,2,2,-1,1,-1
2015460251916,1,9,0,7,0,6,0,0,0,0,0,1,6,3,-1,-1,-1,-1,-1,-1,-1,-1
2015460251916,2,9,0,18,0,1,0,0,0,0,0,1,6,1,60,9,1240,1,6,-1,1,-1
2015460251916,3,9,0,18,0,1,0,0,0,0,2,1,2,2,27,6,2993,2,9,-1,1,-1
2015460251916,4,9,0,18,0,1,0,0,0,0,1,1,3,2,29,6,1390,1,14,-1,1,-1
2015460251918,1,9,0,5,0,0,0,0,0,0,1,1,6,1,48,8,1461,2,10,-1,1,-1
2015460251919,1,9,0,6,0,1,0,0,0,0,1,1,6,2,28,6,2198,1,13,-1,1,-1
2015460251921,1,21,1,12,0,0,0,0,0,0,3,2,1,1,31,6,-1,-1,-1,-1,-1,-1
2015460251921,2,9,0,18,0,0,0,0,0,0,4,1,2,1,31,6,-1,-1,-1,-1,-1,-1
2015460251924,1,9,0,18,0,4,0,0,7,7,3,1,6,2,19,4,-1,-1,-1,-1,1,-1
2015460251924,2,9,0,12,0,4,0,0,0,0,0,1,6,3,-1,-1,-1,-1,-1,-1,-1,-1
2015460251925,1,9,0,18,0,1,0,0,0,0,1,1,6,2,18,4,1149,1,13,-1,1,-1
2015460251925,2,9,0,18,0,1,0,0,0,0,2,1,6,1,40,7,1497,8,9,-1,1,-1
2015460251926,1,9,0,4,0,1,0,0,0,0,1,1,1,1,29,6,-1,-1,-1,-1,1,-1
2015460251929,1,5,0,18,0,8,0,0,1,2,1,1,2,1,48,8,1157,1,12,-1,1,-1
2015460251929,2,9,0,9,0,8,0,0,0,0,4,1,6,1,58,9,1461,2,1,-1,3,-1
2015460251930,1,9,0,18,0,0,1,10,0,0,3,1,6,1,50,8,1242,1,15,-1,1,-1
2015460251930,2,8,0,18,0,0,0,0,0,0,3,1,6,1,63,9,-1,-1,-1,-1,1,-1
2015460251930,3,9,0,18,0,0,0,0,0,0,3,1,6,2,57,9,1587,1,23,-1,1,-1
2015460251934,1,4,0,14,0,1,0,0,0,0,1,1,2,2,29,6,-1,-1,-1,-1,1,-1
2015460251934,2,9,0,9,0,2,0,0,0,0,1,1,6,1,26,6,-1,-1,-1,-1,1,-1
2015460251936,1,9,0,18,0,2,0,0,0,0,1,1,6,1,18,4,1229,1,10,-1,1,-1
2015460251936,2,9,0,18,0,2,0,0,1,2,1,1,6,2,48,8,1598,1,8,-1,1,-1
2015460251939,1,8,0,13,0,0,0,0,4,0,4,1,1,1,50,8,2499,2,1,-1,2,-1
2015460251939,2,21,1,12,0,0,0,0,0,0,3,1,1,1,21,5,-1,-1,-1,-1,-1,-1
2015460251945,1,21,1,4,0,0,0,0,0,0,1,1,1,1,29,6,12740,2,2,-1,1,-1
2015460251945,2,19,0,4,0,0,0,0,8,6,2,1,1,1,69,10,-1,-1,-1,-1,1,-1
2015460251948,1,9,0,13,0,0,1,0,1,0,4,1,6,1,32,6,1781,1,16,-1,1,-1
2015460251948,2,9,0,18,0,0,1,0,1,10,3,1,6,2,40,7,-1,-1,-1,-1,3,-1
2015460251949,1,9,0,7,0,6,0,0,0,0,1,1,6,2,21,5,-1,-1,-1,-1,1,-1
2015460251949,2,9,0,18,0,1,0,0,0,0,4,1,6,1,29,6,2494,1,12,-1,1,-1
2015460251950,1,9,0,18,0,0,0,0,0,0,0,1,6,3,-1,-1,-1,-1,-1,-1,-1,-1
2015460251950,2,9,0,18,0,0,1,0,1,10,4,1,1,1,23,5,1560,2,3,-1,1,-1
2015460251951,1,19,0,18,0,1,0,0,0,0,1,1,1,1,48,8,1560,2,1,-1,-1,-1
2015460251951,2,9,0,3,0,1,0,0,0,0,2,1,1,1,34,6,1997,2,4,-1,-1,-1
2015460251951,3,9,0,3,0,1,0,0,0,0,2,1,3,1,48,8,998,1,4,-1,-1,-1
2015460251953,1,9,0,18,0,4,0,0,0,0,1,1,6,1,51,8,1997,1,9,-1,-1,-1
2015460251954,1,9,0,9,0,8,0,0,0,0,3,1,6,1,25,5,-1,-1,-1,-1,1,-1
2015460251954,2,9,0,18,0,1,0,0,0,0,1,1,6,1,67,10,-1,-1,-1,-1,1,-1
2015460251955,1,9,0,18,0,4,0,0,0,0,1,1,6,1,41,7,1783,1,13,-1,1,-1
2015460251955,2,9,0,18,0,8,1,0,0,0,4,1,2,1,62,9,1598,1,14,-1,3,-1
2015460251957,1,9,0,18,0,0,0,11,0,0,3,1,2,2,28,6,1596,1,13,-1,3,-1
2015460251958,1,9,0,9,0,8,0,0,0,0,1,1,6,1,18,4,1598,1,12,-1,1,-1
2015460251958,2,9,0,18,0,8,0,0,0,0,3,1,6,2,26,6,3311,8,7,-1,1,-1
2015460251959,1,20,0,12,0,0,0,0,2,7,3,2,1,1,40,7,-1,-1,-1,-1,-1,-1
2015460251959,2,9,0,12,0,0,0,0,4,6,4,1,2,1,36,7,-1,-1,-1,-1,1,-1
2015460251961,1,19,0,18,0,0,0,0,0,0,4,1,1,1,37,7,1598,2,1,-1,1,-1
2015460251966,1,9,0,18,0,1,0,0,0,0,1,1,6,1,84,11,1796,1,8,-1,1,-1
2015460251966,2,5,0,10,0,1,0,0,0,0,2,1,6,1,23,5,124,1,5,-1,1,-1
2015460251966,3,9,0,18,0,1,0,0,0,0,3,1,6,2,60,9,1997,2,11,-1,1,-1
2015460251970,1,9,0,18,0,1,0,0,0,0,1,1,1,1,26,6,-1,-1,-1,-1,1,-1
2015460251970,2,9,0,10,0,5,0,0,0,0,2,1,6,2,51,8,1108,1,16,-1,2,-1
2015460251971,1,19,0,18,0,0,5,0,1,7,4,1,1,1,39,7,1896,2,7,-1,1,-1
2015460251983,1,9,0,18,0,1,0,0,0,0,1,1,6,1,66,10,-1,-1,-1,-1,-1,-1
2015460251983,2,9,0,18,0,1,0,0,0,0,1,1,6,1,67,10,1998,2,10,-1,-1,-1
2015460251983,3,9,0,18,0,1,0,0,0,0,1,1,6,2,52,8,1339,1,12,-1,-1,-1
2015460251984,1,9,0,18,9,0,0,0,0,2,1,1,6,2,64,9,-1,-1,-1,-1,1,-1
2015460251986,1,9,0,18,0,0,0,0,0,0,1,1,6,1,-1,-1,-1,-1,-1,-1,-1,-1
2015460251986,2,9,0,18,0,0,0,0,0,0,2,1,6,2,25,5,1364,1,6,-1,1,-1
2015460251987,1,2,0,18,0,1,0,0,0,0,2,1,6,1,17,4,49,1,6,-1,1,-1
2015460251987,2,9,0,3,0,1,0,0,0,0,1,1,6,2,29,6,1992,2,10,-1,1,-1
2015460251989,1,9,0,3,0,1,0,0,0,0,1,1,3,2,17,4,1124,1,9,-1,2,-1
2015460251990,1,9,0,17,0,0,1,0,2,4,1,1,6,1,20,4,1598,1,12,-1,3,-1
2015460251995,1,9,0,16,0,4,0,0,0,0,4,1,2,1,20,4,1799,1,9,-1,1,-1
2015460251995,2,9,0,16,0,4,0,0,0,0,3,1,2,1,32,6,-1,-1,-1,-1,1,-1
2015460251998,1,9,0,14,0,1,0,0,0,0,1,1,6,1,39,7,-1,-1,-1,-1,1,-1
2015460251998,2,2,0,10,0,1,0,0,0,0,2,1,6,1,17,4,49,1,10,-1,1,-1
2015460251999,1,9,0,18,0,0,0,0,0,0,1,1,6,1,36,7,1390,1,4,-1,-1,-1
2015460251999,2,9,0,18,0,0,0,0,0,0,2,1,2,1,41,7,1896,2,6,-1,-1,-1
2015460252002,1,9,0,9,0,2,0,0,0,0,1,1,6,1,25,5,1360,1,12,-1,1,-1
2015460252002,2,9,0,18,0,1,0,0,0,0,2,1,6,2,25,5,1399,2,8,-1,1,-1
2015460252007,1,9,0,18,0,0,0,11,0,0,1,1,6,2,33,6,1360,1,14,-1,3,-1
2015460252008,1,9,0,17,0,3,0,0,0,0,4,1,6,3,-1,-1,-1,-1,-1,-1,-1,-1
2015460252008,2,9,0,17,0,3,0,0,0,0,3,1,6,2,65,9,1560,2,9,-1,1,-1
2015460252009,1,9,0,18,0,0,0,4,0,0,4,1,6,1,82,11,1596,1,8,-1,1,-1
2015460252009,2,19,0,2,9,0,0,0,0,0,3,1,6,1,38,7,-1,-1,-1,-1,1,-1
2015460252009,3,9,0,18,0,0,0,0,0,0,4,1,1,1,38,7,1998,1,11,-1,-1,-1
2015460252011,1,9,0,9,0,6,0,0,0,0,1,1,2,1,74,10,996,1,3,-1,3,-1
2015460252011,2,9,0,18,0,1,0,0,0,0,4,1,2,2,35,6,1560,2,7,-1,3,-1
2015460252012,1,9,0,17,0,0,2,0,8,4,1,1,6,1,28,6,1242,1,2,-1,1,-1
2015460252014,1,9,0,9,0,8,0,0,0,0,1,1,6,1,30,6,-1,-1,-1,-1,1,-1
2015460252014,2,9,0,18,0,8,0,0,0,0,4,1,6,1,56,9,-1,-1,-1,-1,1,-1
2015460252016,1,9,0,9,0,1,0,0,0,0,1,1,6,1,65,9,2993,2,2,-1,-1,-1
2015460252016,2,1,0,18,0,1,0,0,0,0,1,1,1,2,47,8,-1,-1,-1,-1,-1,-1
2015460252018,1,9,0,5,0,6,0,0,1,0,1,1,6,2,36,7,2993,2,10,-1,1,-1
2015460252018,2,9,0,18,0,1,1,0,1,10,3,1,6,1,36,7,-1,-1,-1,-1,3,-1
2015460252021,1,9,0,18,0,1,0,0,0,0,1,1,6,2,51,8,1388,1,16,-1,2,-1
2015460252021,2,9,0,18,0,1,0,0,0,0,1,1,6,1,59,9,-1,-1,-1,-1,2,-1
2015460252023,1,9,0,3,0,1,1,0,0,0,1,1,3,1,21,5,-1,-1,-1,-1,1,-1
2015460252023,2,9,0,9,9,1,0,0,0,0,2,1,6,2,78,11,1587,1,8,-1,1,-1
2015460252026,1,9,0,18,0,1,0,0,0,0,1,1,6,3,-1,-1,1560,2,7,-1,-1,-1
2015460252026,2,9,0,18,0,8,0,0,0,0,3,1,6,1,32,6,1199,1,11,-1,-1,-1
2015460252027,1,9,0,16,0,0,1,0,7,4,3,1,6,1,22,5,-1,-1,-1,-1,3,-1
2015460252029,1,9,0,7,0,2,1,0,0,0,1,1,6,1,20,4,1242,1,1,-1,1,-1
2015460252029,2,9,0,18,0,8,0,0,0,0,1,1,6,1,19,4,-1,-1,-1,-1,1,-1
2015460252030,1,9,0,12,0,3,0,0,0,0,3,1,6,3,-1,-1,999,1,14,-1,-1,-1
2015460252030,2,9,0,7,0,3,0,0,0,0,4,1,2,2,21,5,1199,2,1,-1,1,-1
2015460252036,1,9,0,18,0,0,0,0,0,0,4,1,6,3,-1,-1,-1,-1,-1,-1,-1,-1
2015460252039,1,9,0,7,0,2,0,0,0,0,3,1,6,2,46,8,2494,1,14,-1,1,-1
2015460252039,2,9,0,18,0,1,0,0,0,0,1,1,6,1,53,8,1587,1,12,-1,1,-1
2015460252039,3,9,0,2,0,1,0,0,0,0,1,1,6,1,55,8,1398,1,10,-1,1,-1
2015460252040,1,9,0,18,0,8,0,0,0,0,3,1,6,1,63,9,-1,-1,-1,-1,3,-1
2015460252046,1,9,0,4,0,1,0,0,0,0,1,1,6,1,32,6,2902,2,13,-1,1,-1
2015460252046,2,9,0,3,0,1,0,0,0,0,2,1,6,2,45,7,1596,1,12,-1,1,-1
2015460252050,1,9,0,18,0,0,1,0,0,0,1,1,6,1,29,6,-1,-1,-1,-1,2,-1
2015460252050,2,19,0,18,0,0,0,0,0,0,1,1,1,1,57,9,2998,2,7,-1,3,-1
2015460252056,1,90,0,18,0,8,0,0,1,10,1,1,1,1,42,7,2987,2,5,-1,1,-1
2015460252056,2,9,0,18,0,8,0,0,1,10,4,1,2,1,19,4,-1,-1,-1,-1,3,-1
2015460252059,1,9,0,16,0,0,0,6,0,0,1,1,6,1,35,6,1753,2,14,-1,1,-1
2015460252059,2,21,0,17,0,0,0,0,0,0,1,1,1,1,56,9,12900,2,8,-1,1,-1
2015460252069,1,9,0,17,0,0,0,0,0,0,0,1,6,3,-1,-1,-1,-1,-1,-1,-1,-1
2015460252069,2,2,0,17,0,0,1,0,0,0,3,1,6,2,18,4,49,1,1,-1,1,-1
2015460252073,1,9,0,18,0,0,0,0,0,0,4,1,2,1,45,7,1248,1,4,-1,2,-1
2015460252075,1,9,0,18,0,0,1,10,8,2,4,1,6,1,23,5,1800,1,15,-1,1,-1
2015460252078,1,9,0,6,0,2,0,0,0,0,1,1,6,1,54,8,-1,-1,-1,-1,1,-1
2015460252078,2,1,0,18,0,1,0,0,0,0,1,1,6,1,11,3,-1,-1,-1,-1,1,-1
2015460252080,1,9,0,15,0,1,0,0,0,0,4,1,6,3,-1,-1,-1,-1,-1,-1,-1,-1
2015460252080,2,90,0,18,0,1,0,0,0,0,1,1,6,2,64,9,-1,-1,-1,-1,-1,-1
2015460252081,1,9,0,5,0,4,0,0,0,0,1,1,6,3,-1,-1,-1,-1,-1,-1,-1,-1
2015460252081,2,9,0,18,0,8,0,0,0,0,4,1,2,2,24,5,1598,1,11,-1,1,-1
2015460252082,1,9,0,18,0,0,0,0,0,0,1,1,6,1,23,5,1896,2,11,-1,3,-1
2015460252082,2,11,0,18,0,0,0,0,0,0,1,1,3,1,36,7,-1,-1,-1,-1,1,-1
2015460252084,1,9,0,18,0,8,0,0,1,1,1,1,6,2,46,8,-1,-1,-1,-1,2,-1
2015460252086,1,9,0,17,0,0,2,0,1,4,4,1,6,1,34,6,-1,-1,-1,-1,2,-1
2015460252087,1,9,0,9,0,5,1,0,7,4,3,1,2,1,26,6,-1,-1,-1,-1,1,-1
2015460252092,1,9,0,9,0,6,0,0,0,0,4,1,6,2,46,8,1598,1,12,-1,2,-1
2015460252092,2,9,0,18,0,1,0,0,0,0,1,1,6,2,43,7,998,1,13,-1,-1,-1
2015460252095,1,9,0,16,0,8,1,0,0,0,1,1,6,1,34,6,-1,-1,-1,-1,2,-1
2015460252095,2,9,0,17,0,8,0,0,0,0,1,1,6,2,47,8,1560,2,6,-1,1,-1
2015460252097,1,20,0,9,0,6,0,0,0,0,3,1,6,1,23,5,-1,-1,-1,-1,1,-1
2015460252097,2,3,0,18,0,1,0,0,0,0,1,1,6,1,28,6,124,1,2,-1,1,-1
2015460252098,1,9,0,5,0,1,1,0,0,0,1,1,3,2,38,7,1461,2,2,-1,-1,-1
2015460252098,2,9,0,3,0,1,0,0,0,0,2,1,3,1,32,6,1984,1,13,-1,-1,-1
2015460252099,1,9,0,9,0,8,0,0,0,0,4,1,2,1,56,9,1398,1,1,-1,1,-1
2015460252099,2,3,0,18,0,1,0,0,0,0,1,1,2,1,59,9,-1,-1,-1,-1,2,-1
2015460252100,1,9,0,5,0,1,0,0,0,0,1,1,6,3,-1,-1,-1,-1,-1,-1,-1,-1
2015460252103,1,9,0,9,0,6,0,0,0,0,1,1,6,1,33,6,1149,1,12,-1,1,-1
2015460252103,2,9,0,18,0,1,0,0,0,0,3,1,6,1,-1,-1,-1,-1,-1,-1,1,-1
2015460252112,1,2,0,18,0,0,0,0,0,0,1,1,6,1,-1,-1,124,1,13,-1,-1,-1
2015460252112,2,9,0,2,0,0,0,0,0,0,3,1,6,1,-1,-1,1896,2,12,-1,1,-1
2015460252113,1,9,0,9,0,5,0,0,0,0,4,1,6,2,53,8,-1,-1,-1,-1,1,-1
2015460252113,2,9,0,18,0,1,0,0,0,0,1,1,2,2,31,6,1390,1,7,-1,1,-1
2015460252115,1,9,0,18,0,1,0,4,0,0,1,1,3,1,47,8,-1,-1,-1,-1,1,-1
2015460252115,2,9,0,2,0,1,0,4,0,0,2,1,3,2,45,7,1968,2,4,-1,1,-1
2015460252115,3,9,0,2,0,1,0,0,0,0,2,1,3,1,48,8,1598,2,2,-1,1,-1
2015460252116,1,9,0,6,0,1,0,0,0,0,3,1,6,2,53,8,1390,1,7,-1,-1,-1
2015460252116,2,3,0,18,0,1,0,0,0,0,1,1,6,1,19,4,124,1,1,-1,2,-1
2015460252119,1,9,0,9,0,2,0,0,0,0,1,1,6,1,24,5,1998,1,10,-1,1,-1
2015460252119,2,9,0,18,0,1,0,0,0,0,3,1,6,2,29,6,1390,1,14,-1,1,-1
2015460252121,1,9,0,9,0,8,0,0,0,0,1,1,6,1,-1,-1,1229,1,1,-1,1,-1
2015460252121,2,1,0,18,0,8,0,0,0,0,4,1,1,1,61,9,-1,-1,-1,-1,1,-1
2015460252122,1,19,0,18,0,0,0,0,0,0,1,1,6,1,30,6,-1,-1,-1,-1,3,-1
2015460252122,2,21,1,3,0,0,0,0,0,0,2,2,1,1,56,9,-1,-1,-1,-1,-1,-1
2015460252126,1,11,0,18,0,2,0,0,0,0,0,1,6,1,36,7,9000,2,6,-1,1,-1
2015460252132,1,3,0,4,0,1,0,0,0,0,1,1,2,2,27,6,123,1,1,-1,1,-1
2015460252132,2,19,0,5,0,1,0,0,0,0,2,1,1,1,53,8,2198,2,2,-1,1,-1
2015460252134,1,9,0,18,0,8,0,0,0,0,4,1,6,1,66,10,1686,2,4,-1,1,-1
2015460252137,1,19,0,18,0,0,0,10,8,10,1,1,1,1,46,8,2198,2,4,-1,1,-1
2015460252139,1,21,0,18,0,0,0,0,0,0,2,2,1,1,48,8,-1,-1,-1,-1,-1,-1
2015460252139,2,9,0,18,0,0,0,0,1,7,1,1,6,1,60,9,1598,2,2,-1,1,-1
2015460252140,1,9,0,9,0,6,0,0,0,0,3,1,6,2,62,9,2231,2,8,-1,3,-1
2015460252140,2,5,0,18,0,1,1,0,0,0,1,1,6,1,28,6,599,1,16,-1,1,-1
2015460252142,1,9,0,4,0,1,0,0,0,0,4,1,2,2,31,6,1598,1,14,-1,1,-1
2015460252149,1,19,0,18,0,6,0,0,0,0,4,1,6,1,27,6,1753,2,4,-1,1,-1
2015460252149,2,9,0,18,0,8,0,0,0,0,1,1,6,2,28,6,-1,-1,-1,-1,1,-1
2015460252156,1,9,0,18,0,0,0,0,0,0,4,1,6,2,30,6,1997,1,11,-1,1,-1
2015460252158,1,9,0,18,0,2,1,0,0,0,1,1,2,2,48,8,1968,2,4,-1,3,-1
2015460252158,2,21,1,18,0,2,0,0,0,0,2,1,1,1,65,9,-1,-1,-1,-1,1,-1
2015460252161,1,5,0,18,0,0,1,0,0,0,4,1,6,1,-1,-1,900,1,19,-1,-1,-1
2015460252161,2,9,0,5,0,0,0,0,0,0,2,1,6,2,32,6,1390,1,2,-1,1,-1
2015460252161,3,9,0,2,0,0,0,0,0,0,2,1,6,1,-1,-1,1560,2,8,-1,1,-1
2015460252166,1,9,0,18,0,6,0,0,0,0,4,1,6,1,69,10,2993,2,5,-1,3,-1
2015460252166,2,9,0,18,0,1,0,0,0,0,3,1,6,2,72,10,-1,-1,-1,-1,2,-1
2015460252174,1,9,0,18,0,4,0,0,0,0,1,1,6,1,31,6,-1,-1,-1,-1,-1,-1
2015460252174,2,9,0,18,0,4,0,0,0,0,2,1,6,2,31,6,1596,1,14,-1,1,-1
2015460252175,1,21,0,18,0,0,0,0,0,0,1,1,1,1,38,7,12740,2,2,-1,3,-1
2015460252175,2,2,0,18,0,0,0,0,1,0,2,1,6,2,27,6,49,1,1,-1,2,-1
2015460252182,1,9,0,18,0,4,0,0,0,0,1,1,6,1,50,8,1798,1,11,-1,1,-1
2015460252182,2,9,0,5,0,4,0,0,0,0,2,1,6,2,47,8,1388,1,13,-1,1,-1
2015460252185,1,9,0,18,0,0,1,0,0,0,1,1,6,1,38,7,1388,1,11,-1,1,-1
2015460252185,2,19,0,18,0,0,0,0,0,0,2,1,1,1,29,6,2198,2,1,-1,1,-1
2015460252191,1,9,0,18,0,0,1,0,7,2,4,1,6,2,18,4,-1,-1,-1,-1,1,-1
2015460252203,1,9,0,18,0,0,1,0,7,4,1,1,6,1,21,5,1289,1,18,-1,1,-1