Accident_Index,Vehicle_Reference,Vehicle_Type,Towing_and_Articulation,Vehicle_Manoeuvre,Vehicle_Location-Restricted_Lane,Junction_Location,Skidding_and_Overturning,Hit_Object_in_Carriageway,Vehicle_Leaving_Carriageway,Hit_Object_off_Carriageway,1st_Point_of_Impact,Was_Vehicle_Left_Hand_Drive?,Journey_Purpose_of_Driver,Sex_of_Driver,Age_of_Driver,Age_Band_of_Driver,Engine_Capacity_(CC),Propulsion_Code,Age_of_Vehicle,Driver_IMD_Decile,Driver_Home_Area_Type,Vehicle_IMD_Decile
2015460252205,1,1,0,18,0,0,0,0,0,0,3,1,4,1,14,3,-1,-1,-1,-1,1,-1
2015460252205,2,9,0,18,0,0,0,0,0,0,1,1,2,2,39,7,1242,1,11,-1,1,-1
2015460252211,1,21,1,18,0,1,0,0,0,0,1,1,6,1,-1,-1,-1,-1,-1,-1,3,-1
2015460252211,2,9,0,10,0,1,0,0,0,0,2,1,3,2,40,7,1229,1,2,-1,1,-1
2015460252220,1,2,0,18,0,0,0,0,0,0,1,1,6,3,-1,-1,-1,-1,-1,-1,-1,-1
2015460252229,1,9,0,18,0,8,0,0,0,0,1,1,6,2,23,5,-1,-1,-1,-1,1,-1
2015460252229,2,9,0,18,0,8,0,0,0,0,2,1,6,2,30,6,1796,1,8,-1,1,-1
2015460252231,1,9,0,18,0,0,0,0,0,0,1,1,6,1,31,6,-1,-1,-1,-1,-1,-1
2015460252231,2,9,0,18,0,0,0,0,0,0,2,1,6,2,53,8,-1,-1,-1,-1,1,-1
2015460252243,1,9,0,18,0,8,0,0,0,0,1,1,6,1,29,6,1895,1,14,-1,1,-1
2015460252243,2,9,0,18,0,8,0,0,0,0,3,1,3,1,49,8,-1,-1,-1,-1,1,-1
2015460252245,1,9,0,18,0,0,0,0,0,0,1,1,6,2,44,7,1753,2,6,-1,1,-1
2015460252248,1,19,0,18,0,0,0,0,0,0,1,1,1,1,37,7,2143,2,3,-1,-1,-1
2015460252248,2,19,0,4,0,0,0,0,0,0,2,1,1,1,59,9,2287,2,3,-1,2,-1
2015460252257,1,9,0,15,0,0,0,0,0,0,0,1,6,3,-1,-1,-1,-1,-1,-1,-1,-1
2015460252257,2,9,0,18,0,0,2,0,2,6,3,1,6,2,30,6,-1,-1,-1,-1,1,-1
2015460252257,3,9,0,18,0,0,1,0,5,6,4,1,6,1,38,7,-1,-1,-1,-1,1,-1
2015460252259,1,9,0,18,0,1,0,0,4,6,1,1,6,1,39,7,1956,2,2,-1,-1,-1
2015460252259,2,9,0,4,0,8,0,0,0,0,2,1,1,1,43,7,-1,-1,-1,-1,1,-1
2015460252261,1,9,0,18,0,0,1,0,0,0,1,1,6,1,39,7,1968,2,6,-1,-1,-1
2015460252261,2,9,0,18,0,0,0,0,0,0,2,1,6,1,68,10,1896,2,17,-1,-1,-1
2015460252263,1,9,0,9,0,5,0,0,0,0,4,1,6,3,-1,-1,-1,-1,-1,-1,-1,-1
2015460252263,2,2,0,9,0,8,0,0,0,0,1,1,6,1,16,4,49,1,17,-1,2,-1
2015460252264,1,9,0,18,0,3,0,0,1,4,1,1,6,2,21,5,1388,1,11,-1,-1,-1
2015460252267,1,9,0,18,0,0,0,0,0,0,4,1,1,1,43,7,2151,2,13,-1,1,-1
2015460252268,1,9,0,18,0,4,0,0,0,0,1,1,6,1,23,5,1896,2,13,-1,1,-1
2015460252268,2,9,0,4,0,4,0,0,0,0,2,1,6,1,33,6,1299,1,13,-1,3,-1
2015460252274,1,19,0,7,0,0,0,0,0,0,4,1,6,1,43,7,2461,2,5,-1,1,-1
2015460252274,2,9,0,18,0,0,0,0,0,0,3,1,6,2,52,8,1124,1,14,-1,1,-1
2015460252279,1,9,0,18,0,0,0,0,0,0,1,1,6,3,-1,-1,-1,-1,-1,-1,-1,-1
2015460252279,2,9,0,2,0,0,0,0,0,0,0,1,6,2,26,6,1796,1,8,-1,1,-1
2015460252289,1,9,0,4,0,1,0,0,0,0,1,1,6,2,67,10,1399,2,5,-1,1,-1
2015460252289,2,9,0,3,0,1,0,0,0,0,2,1,6,2,39,7,1598,1,14,-1,3,-1
2015460252289,3,9,0,3,0,1,0,0,0,0,2,1,6,2,30,6,2143,2,1,-1,1,-1
2015460252290,1,9,0,18,0,4,0,0,0,0,3,1,2,1,47,8,1995,2,8,-1,1,-1
2015460252291,1,9,0,18,0,1,0,0,0,0,1,1,3,3,-1,-1,1117,1,29,-1,-1,-1
2015460252291,2,9,0,18,0,1,0,0,0,0,2,1,6,2,65,9,1598,1,8,-1,1,-1
2015460252296,1,21,0,11,0,0,0,0,0,0,1,1,1,1,59,9,10518,2,4,-1,1,-1
2015460252296,2,9,0,15,0,0,0,0,0,0,2,1,6,1,31,6,1998,1,13,-1,1,-1
2015460252299,1,9,0,18,0,0,0,0,0,0,1,1,6,1,24,5,1910,2,9,-1,1,-1
2015460252304,1,9,0,18,0,0,1,0,0,0,1,1,6,1,18,4,1896,2,11,-1,3,-1
2015460252304,2,9,0,18,0,0,0,0,0,0,1,1,6,1,65,9,1997,2,1,-1,2,-1
2015460252305,1,9,0,17,0,0,0,0,0,0,1,1,2,1,41,7,1998,2,8,-1,-1,-1
2015460252305,2,9,0,16,0,0,0,0,0,0,1,1,6,1,58,9,-1,-1,-1,-1,2,-1
2015460252307,1,9,0,18,0,2,0,0,0,0,1,1,6,1,31,6,-1,-1,-1,-1,1,-1
2015460252308,1,9,0,18,0,1,0,0,0,0,1,1,6,1,43,7,1596,1,3,-1,1,-1
2015460252308,2,9,0,18,0,2,0,0,0,0,1,1,1,2,21,5,1399,2,4,-1,1,-1
2015460252312,1,9,0,18,0,0,0,4,0,0,1,1,6,1,44,7,1399,2,7,-1,3,-1
2015460252312,2,9,0,2,0,0,0,0,0,0,1,1,6,1,41,7,1997,2,10,-1,3,-1
2015460252313,1,9,0,16,0,0,1,0,0,0,0,1,2,2,25,5,1229,1,2,-1,1,-1
2015460252313,2,9,0,1,0,0,0,0,0,0,0,1,2,1,32,6,1339,8,8,-1,3,-1
2015460252314,1,9,0,7,0,2,0,0,0,0,4,1,6,1,70,10,1994,1,19,-1,1,-1
2015460252315,1,9,0,9,0,1,0,0,0,0,1,2,1,1,29,6,-1,-1,-1,-1,-1,-1
2015460252315,2,9,0,18,0,1,0,0,7,0,3,1,6,2,30,6,1598,2,3,-1,-1,-1
2015460252316,1,9,0,18,0,4,0,0,0,0,1,1,6,2,37,7,-1,-1,-1,-1,-1,-1
2015460252316,2,9,0,9,0,3,0,0,0,0,4,1,6,2,64,9,1997,2,3,-1,2,-1
2015460252329,1,9,0,12,0,8,0,0,0,0,0,1,6,3,-1,-1,-1,-1,-1,-1,-1,-1
2015460252329,2,9,0,18,0,8,0,0,5,6,2,1,6,1,42,7,-1,-1,-1,-1,1,-1
2015460252332,1,9,0,18,0,1,0,10,0,0,1,1,6,1,26,6,-1,-1,-1,-1,1,-1
2015460252333,1,9,0,18,0,0,0,0,0,0,1,1,6,1,35,6,1596,1,13,-1,-1,-1
2015460252333,2,9,0,4,0,0,1,0,0,0,1,1,2,1,31,6,-1,-1,-1,-1,3,-1
2015460252338,1,9,0,18,0,0,0,0,0,0,4,1,6,3,-1,-1,1997,1,2,-1,-1,-1
2015460252343,1,9,0,18,0,0,0,0,0,0,4,1,6,1,76,11,1389,1,11,-1,1,-1
2015460252351,1,9,4,18,0,0,1,6,2,7,1,1,1,1,44,7,-1,-1,-1,-1,2,-1
2015460252355,1,9,0,12,0,0,0,0,0,0,1,1,2,2,67,10,-1,-1,-1,-1,1,-1
2015460252355,2,9,0,18,0,0,0,0,0,0,2,1,2,1,28,6,1229,1,3,-1,-1,-1
2015460252358,1,11,0,5,2,0,0,0,0,0,0,1,1,1,53,8,5850,2,13,-1,3,-1
2015460252366,1,9,0,9,0,8,0,0,0,0,1,1,6,1,63,9,1461,2,1,-1,1,-1
2015460252368,1,9,0,12,0,7,0,0,0,0,0,1,6,3,-1,-1,-1,-1,-1,-1,-1,-1
2015460252368,2,9,0,18,0,8,0,0,0,0,2,1,1,1,55,8,-1,-1,-1,-1,1,-1
2015460252368,3,20,0,18,0,8,1,0,0,0,1,1,1,1,49,8,7201,2,7,-1,1,-1
2015460252372,1,21,1,11,0,0,0,0,0,0,4,1,1,1,44,7,12809,2,1,-1,1,-1
2015460252372,2,9,0,18,0,0,0,0,0,0,3,1,2,2,25,5,1390,1,12,-1,1,-1
2015460252376,1,9,0,9,0,2,0,0,0,0,4,1,2,1,30,6,999,1,2,-1,1,-1
2015460252378,1,9,0,18,0,0,5,0,0,0,1,1,6,1,23,5,1599,1,9,-1,1,-1
2015460252378,2,9,0,2,0,0,0,0,0,0,2,1,6,3,-1,-1,998,1,6,-1,1,-1
2015460252378,3,9,0,2,0,0,0,0,0,0,2,1,6,3,-1,-1,-1,-1,-1,-1,1,-1
2015460252384,1,9,0,18,0,0,0,0,0,0,1,1,6,1,18,4,1598,1,2,-1,1,-1
2015460252384,2,9,0,18,0,0,0,0,0,0,2,1,6,2,38,7,-1,-1,-1,-1,1,-1
2015460252385,1,9,0,4,0,2,0,0,0,0,1,1,6,1,20,4,-1,-1,-1,-1,1,-1
2015460252385,2,9,0,3,0,2,0,0,0,0,2,1,1,2,23,5,1390,1,1,-1,1,-1
2015460252387,1,9,0,5,0,1,0,0,0,0,1,1,2,1,47,8,1796,1,7,-1,2,-1
2015460252390,1,9,0,17,0,0,1,10,0,0,1,1,6,1,50,8,-1,-1,-1,-1,1,-1
2015460252390,2,9,0,16,0,0,0,0,1,10,1,1,6,2,35,6,1598,2,4,-1,1,-1
2015460252393,1,9,0,5,0,2,0,0,0,0,1,1,6,1,50,8,1796,1,13,-1,1,-1
2015460252393,2,9,0,18,0,8,0,0,0,0,4,1,6,1,23,5,1390,1,5,-1,1,-1
2015460252396,1,9,0,18,0,0,0,0,1,0,4,1,6,2,40,7,2967,1,13,-1,1,-1
2015460252397,1,21,1,18,0,0,3,0,0,0,3,1,1,1,29,6,12740,2,2,-1,1,-1
2015460252397,2,21,1,18,0,0,0,0,0,0,4,1,1,1,26,6,10837,2,2,-1,1,-1
2015460252398,1,9,0,9,0,8,0,0,0,0,3,1,6,2,23,5,1598,1,8,-1,1,-1
2015460252398,2,4,0,14,0,1,0,0,0,0,1,1,6,1,38,7,124,1,1,-1,1,-1
2015460252398,3,9,0,3,0,1,0,0,0,0,0,1,6,1,25,5,1995,2,6,-1,1,-1
2015460252402,1,1,0,18,0,0,0,0,0,0,1,1,6,2,54,8,-1,-1,-1,-1,1,-1
2015460252402,2,1,0,18,0,0,0,0,0,0,1,1,6,2,35,6,-1,-1,-1,-1,3,-1
2015460252408,1,20,0,3,0,0,0,0,0,0,2,1,1,1,37,7,-1,-1,-1,-1,1,-1
2015460252408,2,20,0,3,0,0,0,0,0,0,2,1,1,1,40,7,-1,-1,-1,-1,1,-1
2015460252408,3,20,0,3,0,0,0,0,0,0,1,1,1,1,40,7,-1,-1,-1,-1,1,-1
2015460252409,1,9,0,18,0,0,1,0,5,6,1,1,6,2,22,5,1242,1,2,-1,1,-1
2015460252409,2,9,0,18,0,0,0,0,0,0,3,1,1,1,40,7,1598,1,7,-1,3,-1
2015460252410,1,9,0,4,0,1,0,0,0,0,1,1,6,1,30,6,-1,-1,-1,-1,3,-1
2015460252410,2,20,0,3,0,1,0,0,0,0,2,1,1,1,38,7,-1,-1,-1,-1,3,-1
2015460252410,3,9,0,3,0,1,0,0,0,0,2,1,6,1,81,11,1599,1,9,-1,3,-1
2015460252411,1,9,0,18,0,0,1,0,4,6,3,1,1,1,62,9,-1,-1,-1,-1,1,-1
2015460252412,1,9,0,9,0,8,0,0,0,0,3,1,6,2,35,6,1560,2,8,-1,1,-1
2015460252412,2,5,0,18,0,1,0,0,0,0,1,1,2,1,35,6,1255,1,5,-1,1,-1
2015460252417,1,9,0,9,0,5,0,0,0,0,1,1,6,1,20,4,1229,1,10,-1,2,-1
2015460252417,2,9,0,18,0,5,0,0,2,10,1,1,6,2,57,9,1061,1,11,-1,1,-1
2015460252423,1,9,0,5,0,8,0,0,0,0,4,1,6,1,81,11,1998,1,-1,-1,1,-1
2015460252423,2,9,0,18,0,8,0,0,0,0,3,1,6,2,55,8,-1,-1,-1,-1,1,-1
2015460252425,1,9,0,18,0,8,1,0,0,0,1,1,1,2,18,4,-1,-1,-1,-1,2,-1
2015460252425,2,9,0,9,0,8,0,0,0,0,2,1,1,1,59,9,2286,1,33,-1,2,-1
2015460252425,3,9,0,18,0,8,1,0,1,0,3,1,6,1,64,9,1798,1,10,-1,3,-1
2015460252426,1,9,0,9,0,6,0,0,0,0,3,1,6,1,70,10,1360,1,12,-1,2,-1
2015460252426,2,1,0,18,9,1,1,0,0,0,1,1,1,1,35,6,-1,-1,-1,-1,1,-1
2015460252428,1,9,0,18,0,8,0,0,0,0,1,1,2,1,47,8,-1,-1,-1,-1,1,-1
2015460252428,2,9,0,9,0,8,0,0,0,0,3,1,2,1,36,7,1995,2,9,-1,1,-1
2015460252429,1,9,0,17,0,2,1,0,7,10,1,1,6,1,23,5,-1,-1,-1,-1,1,-1
2015460252430,1,9,0,18,0,2,0,0,0,0,1,1,1,2,22,5,1386,1,9,-1,-1,-1
2015460252438,1,9,0,18,0,1,0,0,0,0,1,1,2,2,39,7,2143,2,1,-1,2,-1
2015460252438,2,9,0,10,0,1,0,0,0,0,2,1,2,2,23,5,1998,2,9,-1,2,-1
2015460252441,1,3,0,18,0,3,0,0,0,0,3,1,6,1,18,4,125,1,1,-1,-1,-1
2015460252441,2,9,0,18,0,3,0,0,0,0,4,1,2,1,77,11,1995,2,2,-1,-1,-1
2015460252445,1,9,0,2,0,2,0,0,1,10,2,1,6,2,36,7,1398,1,2,-1,1,-1
2015460252446,1,9,0,13,0,0,1,0,1,4,4,1,2,2,36,7,-1,-1,-1,-1,-1,-1
2015460252446,2,11,0,5,0,0,0,0,0,0,3,1,1,1,49,8,9600,2,19,-1,-1,-1
2015460252456,1,21,0,7,0,5,0,0,0,0,3,1,1,1,24,5,-1,-1,-1,-1,-1,-1
2015460252456,2,9,0,18,0,8,0,0,0,0,1,1,1,1,40,7,-1,-1,-1,-1,1,-1
2015460252457,1,9,0,18,0,4,0,0,0,0,1,1,6,1,38,7,-1,-1,-1,-1,-1,-1
2015460252457,2,9,0,17,0,3,0,0,2,7,4,1,6,2,19,4,-1,-1,-1,-1,2,-1
2015460252458,1,19,0,18,0,1,0,0,0,0,1,1,6,1,24,5,2287,2,3,-1,1,-1
2015460252458,2,9,0,3,0,1,0,0,0,0,2,1,6,1,24,5,1998,1,1,-1,1,-1
2015460252467,1,9,0,18,0,3,0,0,0,0,1,1,6,1,-1,-1,1360,1,9,-1,2,-1
2015460252467,2,1,0,9,0,3,0,0,0,0,4,1,6,1,46,8,-1,-1,-1,-1,2,-1
2015460252469,1,2,0,9,0,5,1,0,0,0,0,1,1,1,33,6,399,1,14,-1,-1,-1
2015460252477,1,9,0,1,0,0,0,0,0,0,2,1,1,2,41,7,1198,1,7,-1,3,-1
2015460252478,1,9,0,5,0,4,0,0,0,0,3,1,6,1,81,11,1968,2,6,-1,1,-1
2015460252478,2,1,0,18,0,8,0,0,0,0,1,1,6,2,61,9,-1,-1,-1,-1,1,-1
2015460252481,1,9,0,13,0,0,0,0,8,6,1,1,6,2,22,5,1296,1,8,-1,1,-1
2015460252481,2,19,0,13,0,0,0,0,0,0,1,1,1,2,33,6,1753,2,4,-1,-1,-1
2015460252481,3,9,0,13,0,0,1,0,0,0,2,1,6,2,45,7,898,1,2,-1,1,-1
2015460252482,1,9,0,18,0,0,1,0,1,4,1,1,6,3,-1,-1,1596,1,6,-1,-1,-1
2015460252483,1,9,0,9,0,6,0,0,0,0,3,1,3,2,40,7,1396,1,10,-1,1,-1
2015460252483,2,9,0,18,0,1,0,0,0,0,1,1,6,1,23,5,1360,1,14,-1,1,-1
2015460252488,1,9,0,18,0,0,1,0,0,0,0,1,6,1,29,6,-1,-1,-1,-1,1,-1
2015460252491,1,21,1,12,0,0,0,0,0,0,3,1,1,1,-1,-1,-1,-1,-1,-1,-1,-1
2015460252491,2,9,0,18,0,0,0,0,0,0,4,1,1,1,56,9,1968,2,2,-1,1,-1
2015460252492,1,9,0,7,0,6,0,0,0,0,1,1,3,2,43,7,1390,1,13,-1,1,-1
2015460252492,2,1,0,18,0,8,0,0,0,0,1,1,1,1,38,7,-1,-1,-1,-1,1,-1
2015460252495,1,9,0,18,0,8,0,0,1,1,1,1,6,2,51,8,1798,1,8,-1,1,-1
2015460252497,1,1,0,18,0,4,0,0,0,0,0,1,1,1,33,6,-1,-1,-1,-1,1,-1
2015460252497,2,9,0,18,0,4,1,0,0,0,0,1,1,2,36,7,2143,2,-1,-1,1,-1
2015460252498,1,9,0,9,0,6,0,0,0,0,3,1,6,1,33,6,1753,2,7,-1,-1,-1
2015460252498,2,9,0,18,0,1,0,0,0,0,1,1,6,2,73,10,-1,-1,-1,-1,-1,-1
2015460252499,1,1,0,18,9,0,0,0,0,0,0,1,6,1,47,8,-1,-1,-1,-1,1,-1
2015460252500,1,9,0,9,0,2,0,10,1,10,1,1,3,1,17,4,1242,1,8,-1,1,-1
2015460252502,1,9,0,18,0,1,0,0,0,0,3,1,1,1,48,8,1598,2,5,-1,1,-1
2015460252503,1,9,0,18,0,1,2,0,0,0,4,1,6,3,-1,-1,998,1,17,-1,-1,-1
2015460252503,2,9,0,18,0,1,1,0,0,0,1,1,6,1,31,6,1400,1,8,-1,1,-1
2015460252504,1,9,0,3,0,2,0,0,0,0,1,1,6,1,46,8,1560,2,4,-1,1,-1
2015460252506,1,9,0,9,0,1,0,0,0,0,1,1,6,1,45,7,1590,1,17,-1,1,-1
2015460252506,2,9,0,18,0,1,0,0,0,0,4,1,6,2,18,4,998,1,11,-1,1,-1
2015460252508,1,21,1,2,0,1,0,0,0,0,2,2,1,1,38,7,-1,-1,-1,-1,-1,-1
2015460252508,2,9,0,18,0,1,0,4,0,0,1,1,2,1,44,7,-1,-1,-1,-1,1,-1
2015460252510,1,9,0,18,0,0,0,0,0,0,1,1,6,1,71,10,1968,2,1,-1,3,-1
2015460252510,2,9,0,18,0,0,0,0,0,0,2,1,6,1,66,10,1328,1,9,-1,-1,-1
2015460252510,3,9,0,18,0,0,0,0,0,0,3,1,6,1,56,9,1984,2,3,-1,-1,-1
2015460252516,1,9,0,18,0,0,0,0,0,0,1,1,6,1,23,5,-1,-1,-1,-1,1,-1
2015460252516,2,1,0,18,0,0,0,0,0,0,2,1,2,1,38,7,-1,-1,-1,-1,1,-1
2015460252520,1,9,0,6,0,8,0,0,0,0,3,1,6,1,73,10,1199,2,4,-1,3,-1
2015460252520,2,5,0,18,0,8,0,0,0,0,1,1,6,1,47,8,748,1,11,-1,1,-1
2015460252521,1,19,0,9,0,2,0,0,0,0,1,1,6,1,35,6,2402,2,10,-1,3,-1
2015460252521,2,5,0,18,0,8,0,0,0,0,3,1,6,1,34,6,599,1,17,-1,3,-1
2015460252522,1,9,0,4,0,4,0,0,0,0,1,1,2,2,37,7,1248,2,2,-1,1,-1
2015460252522,2,4,0,4,0,4,0,0,0,0,2,1,2,1,26,6,124,1,2,-1,1,-1
2015460252529,1,9,0,18,0,6,0,0,0,0,1,1,6,1,39,7,2993,2,11,-1,2,-1
2015460252529,2,9,0,9,0,6,0,0,0,0,3,1,6,1,31,6,1951,2,12,-1,1,-1
2015460252533,1,9,0,7,0,1,1,0,0,0,2,1,6,1,-1,-1,1229,1,6,-1,1,-1
2015460252533,2,9,0,18,0,1,0,0,0,0,1,1,6,2,-1,-1,1242,1,13,-1,1,-1
2015460252535,1,9,0,18,9,0,0,0,1,2,4,1,6,1,31,6,1360,1,15,-1,1,-1
2015460252536,1,9,0,18,0,0,0,0,0,0,4,1,6,1,65,9,1998,2,12,-1,1,-1
2015460252537,1,9,0,18,9,0,0,0,2,10,1,1,6,1,18,4,-1,-1,-1,-1,-1,-1
2015460252539,1,9,0,10,0,1,0,0,1,10,4,1,6,2,19,4,-1,-1,-1,-1,3,-1
2015460252539,2,20,0,18,0,1,1,0,1,10,1,1,1,1,39,7,2143,2,1,-1,2,-1
2015460252540,1,9,0,18,0,1,0,0,0,0,1,1,6,2,82,11,-1,-1,-1,-1,-1,-1
2015460252540,2,9,0,18,0,1,0,0,0,0,1,1,6,2,17,4,-1,-1,-1,-1,-1,-1
2015460252540,3,9,0,18,0,1,0,0,0,0,2,1,6,1,38,7,-1,-1,-1,-1,-1,-1
2015460252542,1,9,0,18,0,0,5,0,1,0,0,1,6,1,19,4,-1,-1,-1,-1,1,-1
2015460252543,1,9,0,18,0,0,0,0,0,0,1,1,6,1,28,6,1396,1,13,-1,1,-1
2015460252543,2,9,0,18,0,0,0,0,0,0,2,1,6,2,32,6,-1,-1,-1,-1,1,-1
2015460252543,3,9,0,18,0,0,0,0,0,0,2,1,6,2,27,6,1798,1,9,-1,1,-1
2015460252545,1,9,0,4,0,2,0,0,0,0,1,1,6,1,41,7,1685,2,2,-1,1,-1
2015460252545,2,9,0,4,0,1,0,0,0,0,2,1,6,1,37,7,1360,1,13,-1,1,-1
2015460252548,1,9,0,5,0,1,0,0,0,0,1,1,6,3,-1,-1,-1,-1,-1,-1,-1,-1
2015460252548,2,9,0,18,0,1,0,4,0,0,4,1,6,2,38,7,1598,1,2,-1,1,-1
2015460252548,3,9,0,2,0,1,0,10,0,0,3,1,6,2,-1,-1,1598,1,6,-1,1,-1
2015460252550,1,9,0,9,0,5,0,0,0,0,4,1,2,2,49,8,1461,2,10,-1,1,-1
2015460252550,2,2,0,18,0,1,0,0,0,0,1,1,6,1,16,4,49,1,13,-1,1,-1
2015460252551,1,9,0,16,0,0,0,0,1,0,1,1,6,1,73,10,-1,-1,-1,-1,1,-1
2015460252551,2,9,0,2,9,0,0,0,0,0,2,1,6,1,27,6,2996,1,9,-1,1,-1
2015460252553,1,4,0,18,0,0,0,0,0,0,1,1,2,1,23,5,125,1,3,-1,1,-1
2015460252553,2,9,0,3,0,0,0,0,0,0,2,1,2,2,40,7,-1,-1,-1,-1,1,-1
2015460252554,1,9,0,18,0,0,0,0,0,0,1,1,6,1,23,5,1596,1,16,-1,1,-1
2015460252554,2,9,0,18,0,0,0,0,0,0,1,1,6,2,21,5,-1,-1,-1,-1,1,-1
2015460252555,1,9,0,7,0,8,0,0,0,0,1,1,6,2,27,6,1598,1,8,-1,1,-1
2015460252557,1,9,0,9,0,8,0,0,0,0,1,1,6,1,36,7,2324,1,13,-1,1,-1
2015460252557,2,9,0,18,0,1,0,0,0,0,3,1,6,1,17,4,-1,-1,-1,-1,2,-1
2015460252562,1,9,0,18,0,0,0,0,0,0,4,1,6,1,62,9,-1,-1,-1,-1,1,-1
2015460252562,2,90,0,2,0,0,0,0,0,0,3,1,6,1,-1,-1,2499,2,19,-1,1,-1
2015460252562,3,9,0,2,0,0,0,0,0,0,4,1,6,1,32,6,2494,2,2,-1,1,-1
2015460252567,1,9,0,18,0,0,0,0,0,0,1,1,6,1,20,4,1229,1,5,-1,1,-1
2015460252567,2,9,0,4,0,0,0,0,0,0,2,1,6,3,-1,-1,-1,-1,-1,-1,-1,-1
2015460252574,1,9,0,6,0,1,0,7,0,0,1,1,6,1,22,5,-1,-1,-1,-1,1,-1
2015460252574,2,9,0,18,0,1,5,0,0,0,1,1,6,1,69,10,1596,1,1,-1,2,-1
2015460252575,1,19,0,9,0,8,0,0,0,0,3,1,2,1,58,9,2198,2,3,-1,1,-1
2015460252575,2,4,0,18,0,1,1,0,0,0,1,1,2,1,33,6,-1,-1,-1,-1,2,-1
2015460252577,1,21,0,18,0,8,0,0,0,0,1,2,1,1,31,6,-1,-1,-1,-1,-1,-1
2015460252577,2,9,0,18,0,3,0,0,0,0,2,1,2,2,22,5,1229,1,7,-1,1,-1
2015460252578,1,9,0,18,0,0,0,0,0,0,0,1,6,3,-1,-1,-1,-1,-1,-1,-1,-1
2015460252578,2,1,0,18,0,0,0,0,0,0,0,1,6,1,17,4,-1,-1,-1,-1,1,-1
2015460252583,1,19,0,9,0,6,0,0,0,0,1,1,1,1,34,6,1248,2,4,-1,-1,-1
2015460252584,1,9,0,18,0,0,0,0,0,0,1,1,6,1,57,9,1560,2,8,-1,1,-1
2015460252584,2,9,0,4,0,0,0,0,0,0,2,1,6,1,-1,-1,1332,1,19,-1,-1,-1
2015460252588,1,9,0,18,0,8,0,0,0,0,1,1,2,1,43,7,1997,2,5,-1,1,-1
2015460252588,2,9,0,9,0,6,0,0,0,0,3,1,2,1,27,6,-1,-1,-1,-1,1,-1
2015460252589,1,9,0,17,0,0,0,0,0,0,1,1,6,2,52,8,1968,2,11,-1,3,-1
2015460252589,2,9,0,16,0,0,0,0,0,0,1,1,6,2,41,7,-1,-1,-1,-1,1,-1
2015460252590,1,11,0,5,0,0,0,0,0,0,0,1,1,1,40,7,4461,2,2,-1,1,-1
2015460252593,1,9,0,13,0,0,0,0,0,0,4,1,6,1,87,11,1329,1,3,-1,3,-1
2015460252593,2,1,0,18,0,0,0,0,1,10,3,1,6,1,66,10,-1,-1,-1,-1,1,-1
2015460252596,1,9,0,18,0,0,1,0,0,0,1,1,6,2,31,6,1198,1,4,-1,1,-1
2015460252596,2,9,0,18,0,0,1,0,0,0,2,1,6,1,24,5,1995,2,3,-1,1,-1
2015460252596,3,19,0,18,0,0,1,0,0,0,2,1,6,1,25,5,1753,2,5,-1,1,-1
2015460252596,4,9,0,18,0,0,1,0,0,0,2,1,6,2,24,5,1242,1,7,-1,1,-1
2015460252597,1,9,0,1,0,2,0,0,0,0,2,1,6,3,-1,-1,1995,1,9,-1,-1,-1
2015460252599,1,9,0,18,0,0,0,0,0,0,0,1,6,3,-1,-1,-1,-1,-1,-1,-1,-1
2015460252599,2,9,0,4,0,0,0,0,0,0,1,1,6,1,50,8,-1,-1,-1,-1,1,-1
2015460252599,3,9,0,4,0,0,0,11,0,0,2,1,1,1,48,8,-1,-1,-1,-1,3,-1
2015460252600,1,9,0,12,0,0,1,0,7,6,4,1,6,1,39,7,1360,1,12,-1,1,-1
2015460252600,2,9,0,18,0,0,1,0,7,10,1,1,2,2,22,5,1396,1,14,-1,2,-1
2015460252600,3,9,0,18,0,0,0,0,0,0,2,1,2,1,20,4,1560,2,3,-1,1,-1
2015460252602,1,9,0,1,0,0,0,0,0,0,0,1,6,2,58,9,1984,1,9,-1,2,-1
2015460252605,1,9,0,18,0,7,0,0,4,0,2,1,6,1,20,4,-1,-1,-1,-1,1,-1
2015460252605,2,9,0,18,0,8,0,0,0,0,1,1,2,1,47,8,-1,-1,-1,-1,1,-1
2015460252606,1,19,0,4,0,0,1,0,0,0,1,1,6,1,29,6,1870,2,12,-1,1,-1
2015460252606,2,9,0,4,0,0,0,0,0,0,2,1,6,1,57,9,1560,2,1,-1,1,-1
2015460252606,3,9,0,4,0,0,0,0,0,0,2,1,6,1,41,7,-1,-1,-1,-1,1,-1
2015460252608,1,16,0,18,0,0,0,0,0,0,0,1,6,2,21,5,-1,-1,-1,-1,1,-1
2015460252609,1,9,0,5,0,0,0,0,0,0,3,1,1,1,57,9,1198,1,3,-1,3,-1
2015460252609,2,9,0,18,0,0,1,0,0,0,1,1,6,1,53,8,1998,2,12,-1,1,-1
2015460252610,1,9,0,5,0,4,0,0,0,0,4,1,3,1,39,7,1364,1,1,-1,-1,-1
2015460252610,2,9,0,18,0,8,0,0,0,0,3,1,6,1,71,10,-1,-1,-1,-1,-1,-1
2015460252612,1,21,1,12,0,0,0,0,0,0,3,2,1,1,54,8,-1,-1,-1,-1,-1,-1