Accident_Index,Vehicle_Reference,Vehicle_Type,Towing_and_Articulation,Vehicle_Manoeuvre,Vehicle_Location-Restricted_Lane,Junction_Location,Skidding_and_Overturning,Hit_Object_in_Carriageway,Vehicle_Leaving_Carriageway,Hit_Object_off_Carriageway,1st_Point_of_Impact,Was_Vehicle_Left_Hand_Drive?,Journey_Purpose_of_Driver,Sex_of_Driver,Age_of_Driver,Age_Band_of_Driver,Engine_Capacity_(CC),Propulsion_Code,Age_of_Vehicle,Driver_IMD_Decile,Driver_Home_Area_Type,Vehicle_IMD_Decile
2015460252612,2,9,0,18,0,0,0,0,0,0,4,1,6,1,62,9,-1,-1,-1,-1,1,-1
2015460252616,1,9,0,7,0,6,0,0,0,0,0,1,6,1,53,8,2953,2,13,-1,1,-1
2015460252619,1,9,0,18,0,0,0,0,0,0,1,1,6,2,77,11,996,1,5,-1,1,-1
2015460252619,2,9,0,2,0,0,0,0,0,0,2,1,6,2,-1,-1,1390,1,11,-1,1,-1
2015460252623,1,9,0,17,0,1,1,7,2,1,1,1,2,2,21,5,-1,-1,-1,-1,1,-1
2015460252625,1,9,0,18,0,0,1,0,0,0,3,1,6,2,35,6,998,1,5,-1,1,-1
2015460252625,2,9,0,4,0,0,1,0,0,0,3,1,1,1,24,5,-1,-1,-1,-1,3,-1
2015460252633,1,9,0,18,0,0,0,0,1,1,1,1,6,1,22,5,1149,1,14,-1,2,-1
2015460252633,2,9,0,18,0,0,0,0,0,0,0,1,1,1,-1,-1,1968,2,2,-1,-1,-1
2015460252633,3,9,0,18,0,0,0,0,0,0,0,1,1,1,45,7,1560,2,3,-1,-1,-1
2015460252636,1,4,0,13,0,8,0,0,0,0,1,1,2,1,20,4,124,1,5,-1,1,-1
2015460252636,2,9,0,9,0,8,0,0,0,0,1,1,3,2,31,6,1497,8,9,-1,1,-1
2015460252639,1,20,0,4,0,1,0,0,0,0,1,1,6,1,-1,-1,-1,-1,-1,-1,-1,-1
2015460252639,2,9,0,4,0,6,0,0,0,0,2,1,6,2,38,7,1598,2,1,-1,1,-1
2015460252640,1,9,0,17,0,0,1,0,0,0,1,1,2,1,23,5,-1,-1,-1,-1,1,-1
2015460252640,2,9,0,3,0,0,0,0,0,0,1,1,2,1,53,8,-1,-1,-1,-1,-1,-1
2015460252648,1,9,0,16,0,0,0,0,0,0,1,1,2,1,41,7,-1,-1,-1,-1,2,-1
2015460252648,2,21,1,17,0,0,0,0,0,0,2,1,1,1,53,8,11946,2,6,-1,1,-1
2015460252650,1,9,0,18,0,0,0,0,0,0,4,1,6,2,46,8,1339,1,6,-1,1,-1
2015460252651,1,9,0,7,0,1,0,0,0,0,2,1,6,1,68,10,1364,1,1,-1,1,-1
2015460252651,2,4,0,15,0,1,0,0,0,0,1,1,6,1,41,7,498,1,18,-1,1,-1
2015460252653,1,9,0,18,0,0,1,0,0,0,4,1,6,3,-1,-1,-1,-1,-1,-1,-1,-1
2015460252656,1,9,0,18,0,0,1,4,0,0,4,1,6,2,28,6,-1,-1,-1,-1,1,-1
2015460252656,2,9,0,2,0,0,0,0,0,0,3,1,6,2,35,6,1995,2,2,-1,1,-1
2015460252665,1,9,0,18,0,0,0,0,0,0,4,1,2,1,39,7,1149,1,13,-1,1,-1
2015460252666,1,9,0,18,0,0,0,0,0,0,4,1,6,1,71,10,3980,1,22,-1,1,-1
2015460252669,1,9,0,18,0,1,0,0,0,0,4,1,1,1,50,8,-1,-1,-1,-1,1,-1
2015460252669,2,9,0,3,0,1,0,0,1,10,3,1,6,1,73,10,1598,1,9,-1,3,-1
2015460252671,1,9,0,18,0,8,0,0,0,0,4,1,2,1,46,8,1560,2,3,-1,1,-1
2015460252675,1,9,0,18,0,0,0,0,1,4,4,1,6,1,48,8,-1,-1,-1,-1,1,-1
2015460252675,2,21,1,18,0,0,0,0,0,0,1,1,6,1,34,6,-1,-1,-1,-1,-1,-1
2015460252677,1,1,0,7,4,5,0,0,0,0,0,1,1,1,50,8,-1,-1,-1,-1,1,-1
2015460252680,1,9,0,18,0,0,1,0,0,0,1,1,6,1,35,6,1997,1,14,-1,3,-1
2015460252686,1,9,0,18,0,0,0,4,0,0,1,1,6,1,73,10,-1,-1,-1,-1,3,-1
2015460252686,2,9,0,2,0,0,0,4,0,0,2,1,6,1,43,7,1686,2,9,-1,3,-1
2015460252686,3,9,0,2,0,0,0,4,0,0,2,1,6,1,23,5,-1,-1,-1,-1,-1,-1
2015460252688,1,2,0,18,0,0,1,0,0,0,3,1,6,1,20,4,124,1,-1,-1,1,-1
2015460252689,1,19,0,18,0,0,0,0,0,0,4,1,6,3,-1,-1,-1,-1,-1,-1,-1,-1
2015460252689,2,9,0,2,0,0,0,0,0,0,0,1,6,1,-1,-1,-1,-1,-1,-1,1,-1
2015460252691,1,9,0,18,0,8,5,0,1,0,3,1,6,1,24,5,-1,-1,-1,-1,1,-1
2015460252696,1,9,0,9,0,1,0,0,0,0,1,1,6,1,72,10,-1,-1,-1,-1,1,-1
2015460252696,2,9,0,18,0,3,0,0,1,4,1,1,6,2,49,8,1997,2,1,-1,3,-1
2015460252700,1,9,0,9,0,6,0,0,0,0,3,1,6,1,27,6,-1,-1,-1,-1,3,-1
2015460252700,2,9,0,18,0,1,0,0,0,0,1,1,6,2,83,11,998,1,20,-1,2,-1
2015460252702,1,19,0,18,0,1,0,0,0,0,1,1,6,1,40,7,2461,2,7,-1,1,-1
2015460252702,2,9,0,18,0,8,0,0,0,0,2,1,6,1,72,10,-1,-1,-1,-1,1,-1
2015460252703,1,9,0,4,0,0,0,0,0,0,1,1,2,1,59,9,-1,-1,-1,-1,3,-1
2015460252703,2,5,0,18,0,0,1,0,0,0,1,1,2,1,47,8,892,1,17,-1,3,-1
2015460252704,1,9,0,5,0,0,0,0,0,0,1,1,6,1,24,5,1995,1,13,-1,2,-1
2015460252704,2,9,0,3,0,0,0,0,0,0,2,1,6,1,52,8,2191,2,1,-1,3,-1
2015460252707,1,9,0,9,0,1,0,0,0,0,0,1,6,2,23,5,1242,1,4,-1,1,-1
2015460252707,2,9,0,18,0,1,0,0,0,0,0,1,6,2,49,8,2199,2,3,-1,1,-1
2015460252708,1,9,0,4,0,8,0,0,0,0,1,1,6,2,46,8,1895,1,15,-1,1,-1
2015460252708,2,9,0,4,0,8,0,0,0,0,2,1,6,1,63,9,1781,1,14,-1,2,-1
2015460252710,1,9,0,18,9,6,0,0,0,0,1,1,1,2,46,8,1242,1,1,-1,3,-1
2015460252712,1,9,0,4,0,8,0,0,0,0,2,1,6,1,46,8,2987,2,8,-1,1,-1
2015460252712,2,9,0,18,0,8,0,0,0,0,1,1,6,1,48,8,1560,2,7,-1,1,-1
2015460252715,1,21,0,4,0,0,1,0,0,0,1,1,1,1,51,8,8867,2,7,-1,1,-1
2015460252715,2,9,0,4,0,0,1,0,0,0,2,1,6,2,37,7,-1,-1,-1,-1,1,-1
2015460252715,3,19,0,3,0,0,0,0,0,0,2,1,1,1,54,8,2460,2,9,-1,1,-1
2015460252719,1,9,0,16,0,0,1,10,1,10,1,1,6,2,26,6,1397,1,11,-1,1,-1
2015460252720,1,9,0,18,0,0,1,0,5,6,1,1,6,2,34,6,-1,-1,-1,-1,1,-1
2015460252724,1,9,0,18,0,0,0,0,0,0,1,1,6,1,23,5,-1,-1,-1,-1,1,-1
2015460252724,2,9,0,18,0,0,0,0,0,0,2,1,1,1,37,7,-1,-1,-1,-1,1,-1
2015460252724,3,9,0,18,0,0,0,0,0,0,2,1,1,1,35,6,1796,1,2,-1,1,-1
2015460252726,1,9,0,18,0,7,0,0,0,0,1,1,6,1,33,6,-1,-1,-1,-1,1,-1
2015460252726,2,9,0,18,0,7,0,0,0,0,2,1,6,2,22,5,1596,1,15,-1,1,-1
2015460252727,1,5,0,14,0,0,0,0,0,0,1,1,6,3,-1,-1,656,1,9,-1,-1,-1
2015460252727,2,11,0,2,0,0,0,0,0,0,0,1,1,1,-1,-1,-1,-1,-1,-1,-1,-1
2015460252730,1,9,0,17,0,8,1,0,1,1,4,1,6,2,24,5,1124,1,8,-1,1,-1
2015460252736,1,19,0,18,0,0,0,0,0,0,1,1,1,1,29,6,2198,2,5,-1,3,-1
2015460252736,2,9,0,18,0,0,0,0,0,0,1,1,2,1,40,7,-1,-1,-1,-1,1,-1
2015460252737,1,9,0,13,0,0,0,0,0,0,1,1,6,1,43,7,2987,2,10,-1,-1,-1
2015460252737,2,9,0,18,0,0,0,0,2,7,2,1,6,1,30,6,-1,-1,-1,-1,-1,-1
2015460252740,1,19,0,18,0,0,1,0,0,0,1,1,1,1,38,7,-1,-1,-1,-1,1,-1
2015460252740,2,9,0,18,0,0,0,0,0,0,2,1,2,2,45,7,1397,1,5,-1,1,-1
2015460252741,1,9,0,9,0,8,0,0,0,0,4,1,6,2,84,11,999,1,1,-1,1,-1
2015460252741,2,19,0,18,0,8,0,0,0,0,1,1,1,1,26,6,2402,2,5,-1,1,-1
2015460252744,1,10,0,18,7,0,0,0,1,1,1,1,1,1,28,6,-1,-1,-1,-1,3,-1
2015460252745,1,9,0,5,0,0,0,0,0,0,3,1,1,2,22,5,1299,1,11,-1,1,-1
2015460252745,2,9,0,18,0,0,0,0,0,0,1,1,6,2,57,9,1560,2,2,-1,1,-1
2015460252756,1,4,0,7,0,4,0,0,0,0,1,1,2,1,40,7,-1,-1,-1,-1,2,-1
2015460252756,2,3,0,9,0,8,0,0,0,0,4,1,2,1,18,4,125,1,18,-1,3,-1
2015460252758,1,9,0,4,0,0,0,0,0,0,1,1,1,1,37,7,1199,1,13,-1,-1,-1
2015460252758,2,9,0,4,0,0,0,0,0,0,2,1,6,2,35,6,1461,2,6,-1,-1,-1
2015460252761,1,9,0,18,0,0,1,0,0,0,4,1,1,2,56,9,-1,-1,-1,-1,1,-1
2015460252761,2,9,0,18,0,0,1,0,0,0,1,1,2,2,24,5,1149,1,7,-1,1,-1
2015460252762,1,9,0,18,0,1,0,0,0,0,1,1,1,1,26,6,698,1,10,-1,1,-1
2015460252762,2,9,0,9,0,6,0,0,0,0,3,1,6,1,19,4,1124,1,13,-1,1,-1
2015460252763,1,19,0,9,0,1,0,0,0,0,1,1,1,1,34,6,2143,2,1,-1,3,-1
2015460252766,1,9,0,18,0,0,1,7,2,7,4,1,6,1,20,4,1390,1,14,-1,-1,-1
2015460252770,1,9,0,16,0,8,1,0,7,9,1,1,1,1,18,4,1388,1,12,-1,3,-1
2015460252770,2,9,0,17,0,8,1,0,0,0,1,1,6,2,67,10,-1,-1,-1,-1,3,-1
2015460252771,1,9,0,7,0,1,0,0,0,0,1,1,6,2,26,6,1587,1,13,-1,-1,-1
2015460252774,1,9,0,7,0,6,0,0,0,0,1,1,6,1,56,9,-1,-1,-1,-1,1,-1
2015460252774,2,9,0,18,0,1,0,0,0,0,4,1,6,2,46,8,1598,2,4,-1,1,-1
2015460252780,1,9,0,18,0,2,0,0,0,0,1,1,6,3,-1,-1,-1,-1,-1,-1,-1,-1
2015460252781,1,9,0,18,0,0,0,10,1,10,1,1,6,2,22,5,-1,-1,-1,-1,3,-1
2015460252786,1,1,0,18,0,0,0,0,0,0,1,1,6,1,27,6,-1,-1,-1,-1,1,-1
2015460252786,2,9,0,9,0,0,0,0,0,0,0,1,1,1,44,7,1796,1,27,-1,3,-1
2015460252793,1,9,0,3,0,1,0,0,0,0,1,1,6,3,-1,-1,1390,1,15,-1,-1,-1
2015460252793,2,9,0,3,0,1,0,0,0,0,2,1,6,2,21,5,1796,1,15,-1,1,-1
2015460252794,1,9,0,16,0,0,2,0,1,0,4,1,1,1,35,6,1398,2,12,-1,-1,-1
2015460252798,1,11,0,9,0,1,0,7,0,0,4,1,1,1,53,8,4580,2,7,-1,1,-1
2015460252803,1,19,0,18,0,8,0,0,0,0,1,1,6,1,40,7,-1,-1,-1,-1,-1,-1
2015460252803,2,9,0,18,0,8,0,0,0,0,4,1,6,2,57,9,1399,2,9,-1,1,-1
2015460252806,1,9,0,18,0,0,0,0,0,0,1,1,3,2,43,7,1242,1,11,-1,1,-1
2015460252819,1,9,0,18,0,0,5,10,7,4,1,1,6,1,22,5,1905,2,17,-1,2,-1
2015460252820,1,9,0,18,0,2,0,0,0,0,4,1,6,1,59,9,1198,1,5,-1,1,-1
2015460252821,1,9,0,7,0,6,0,0,0,0,1,1,6,3,-1,-1,1997,1,1,-1,-1,-1
2015460252821,2,1,0,18,9,8,0,0,0,0,1,1,6,1,26,6,-1,-1,-1,-1,3,-1
2015460252822,1,11,0,5,0,2,0,0,0,0,0,1,1,1,27,6,6370,2,3,-1,1,-1
2015460252829,1,9,0,18,0,8,0,0,0,0,1,1,6,3,-1,-1,-1,-1,-1,-1,-1,-1
2015460252829,2,9,0,9,0,8,0,0,0,0,4,1,6,2,22,5,1229,1,5,-1,1,-1
2015460252832,1,3,0,18,0,2,0,0,0,0,4,1,1,1,48,8,108,1,1,-1,1,-1
2015460252838,1,9,0,18,0,1,0,0,0,0,1,1,6,3,-1,-1,1999,1,1,-1,-1,-1
2015460252838,2,9,0,3,0,1,0,0,0,0,0,1,6,1,66,10,1968,2,2,-1,1,-1
2015460252846,1,9,0,4,0,0,1,0,1,3,1,1,6,1,22,5,1296,1,9,-1,1,-1
2015460252853,1,9,0,4,0,0,0,0,0,0,0,1,6,1,-1,-1,-1,-1,-1,-1,-1,-1
2015460252853,2,9,0,4,0,0,1,0,1,0,1,1,6,1,40,7,-1,-1,-1,-1,1,-1
2015460252853,3,9,0,4,0,0,0,0,1,0,2,1,6,1,79,11,1339,1,8,-1,2,-1
2015460252853,4,9,0,4,0,0,0,0,0,0,0,1,6,2,47,8,1360,1,7,-1,1,-1
2015460252854,1,5,0,13,0,1,0,0,0,0,1,1,6,1,41,7,803,1,2,-1,1,-1
2015460252854,2,9,0,9,0,8,0,0,0,0,3,1,6,2,36,7,1364,1,1,-1,1,-1
2015460252862,1,9,0,9,0,8,0,0,0,0,3,1,6,1,40,7,1797,8,5,-1,1,-1
2015460252862,2,9,0,18,0,1,0,0,0,0,1,1,6,1,39,7,4163,1,11,-1,1,-1
2015460252867,1,19,0,1,0,1,0,0,0,0,2,1,6,3,-1,-1,2143,2,3,-1,-1,-1
2015460252867,2,90,0,18,0,8,0,0,0,0,4,1,6,1,81,11,-1,-1,-1,-1,2,-1
2015460252869,1,9,0,9,0,8,0,0,0,0,3,1,6,1,34,6,1796,1,10,-1,1,-1
2015460252869,2,9,0,18,0,8,0,0,0,0,1,1,6,2,32,6,-1,-1,-1,-1,1,-1
2015460252871,1,9,0,9,0,5,0,0,0,0,2,1,6,1,27,6,1686,2,3,-1,2,-1
2015460252871,2,9,0,18,0,8,0,0,0,0,1,1,6,1,68,10,-1,-1,-1,-1,2,-1
2015460252874,1,9,0,18,0,0,0,0,0,0,3,1,2,2,26,6,-1,-1,-1,-1,1,-1
2015460252878,1,9,0,18,0,8,2,0,0,0,1,1,1,2,39,7,1595,1,10,-1,2,-1
2015460252878,2,9,0,9,0,1,1,0,0,0,3,1,4,2,34,6,-1,-1,-1,-1,1,-1
2015460252881,1,9,0,18,0,0,0,0,0,0,1,1,6,1,40,7,1984,2,2,-1,-1,-1
2015460252881,2,9,0,18,0,0,1,0,0,0,1,1,6,1,40,7,-1,-1,-1,-1,1,-1
2015460252882,1,9,0,17,0,8,0,0,0,0,1,1,1,1,23,5,1595,1,11,-1,3,-1
2015460252882,2,9,0,16,0,8,0,0,0,0,1,1,6,1,78,11,2148,2,13,-1,3,-1
2015460252883,1,9,0,3,0,1,2,4,0,0,1,1,6,1,27,6,-1,-1,-1,-1,3,-1
2015460252883,2,9,0,3,0,1,0,0,0,0,0,1,6,1,27,6,1596,1,19,-1,1,-1
2015460252883,3,9,0,2,0,1,0,0,0,0,2,1,6,3,-1,-1,1796,1,10,-1,-1,-1
2015460252898,1,9,0,5,0,6,0,0,0,0,4,1,6,2,52,8,-1,-1,-1,-1,1,-1
2015460252898,2,9,0,18,0,1,0,0,0,0,3,1,6,2,55,8,1998,1,12,-1,-1,-1
2015460252900,1,9,0,9,0,8,0,0,0,0,3,1,1,1,59,9,2706,1,2,-1,1,-1
2015460252900,2,9,0,18,0,8,0,0,0,0,3,1,6,2,24,5,-1,-1,-1,-1,3,-1
2015460252902,1,3,0,4,0,1,1,0,0,0,4,1,6,1,17,4,125,1,3,-1,3,-1
2015460252903,1,9,0,18,0,0,1,0,0,0,1,1,1,1,31,6,-1,-1,-1,-1,2,-1
2015460252903,2,9,0,18,0,0,1,0,0,0,2,1,1,2,22,5,1242,1,3,-1,2,-1
2015460252904,1,19,0,18,0,1,0,0,0,0,1,1,6,3,-1,-1,-1,-1,-1,-1,-1,-1
2015460252904,2,9,0,18,0,1,0,0,0,0,2,1,2,2,30,6,1596,1,8,-1,-1,-1
2015460252913,1,2,0,18,0,2,0,0,0,0,1,1,6,1,16,4,50,1,3,-1,1,-1
2015460252913,2,9,0,18,0,2,0,0,0,0,2,1,6,1,33,6,-1,-1,-1,-1,1,-1
2015460252918,1,9,0,4,0,1,0,0,0,0,1,1,6,1,66,10,-1,-1,-1,-1,2,-1
2015460252918,2,9,0,3,0,1,0,0,0,0,2,1,6,2,35,6,2179,2,1,-1,3,-1
2015460252925,1,9,0,17,0,0,0,0,1,4,3,1,6,2,19,4,-1,-1,-1,-1,2,-1
2015460252927,1,9,0,18,0,4,5,0,0,0,1,1,2,1,30,6,1997,2,5,-1,1,-1
2015460252927,2,9,0,18,0,3,0,0,0,0,1,1,2,1,47,8,-1,-1,-1,-1,3,-1
2015460252932,1,9,0,18,0,8,0,0,0,0,3,1,6,2,37,7,1598,1,4,-1,1,-1
2015460252932,2,9,0,7,0,3,0,0,0,0,4,1,6,2,20,4,1390,1,14,-1,1,-1
2015460252934,1,9,0,18,0,0,5,0,1,9,0,1,2,1,38,7,-1,-1,-1,-1,-1,-1
2015460252935,1,9,0,18,0,8,0,0,1,2,1,1,6,1,62,9,1598,1,1,-1,1,-1
2015460252936,1,9,0,4,7,0,0,10,0,0,1,1,6,2,82,11,1598,1,6,-1,1,-1
2015460252936,2,9,0,2,6,0,0,0,1,10,2,1,6,2,25,5,1298,1,14,-1,1,-1
2015460252936,3,9,0,2,6,0,0,0,0,0,2,1,6,1,25,5,1598,1,14,-1,3,-1
2015460252937,1,9,0,18,0,0,0,4,7,0,1,1,6,1,60,9,998,1,2,-1,2,-1
2015460252937,2,9,0,2,0,0,0,0,1,2,2,1,6,2,28,6,1200,1,2,-1,2,-1
2015460252938,1,9,0,18,0,0,2,0,1,0,4,1,1,1,25,5,-1,-1,-1,-1,1,-1
2015460252941,1,9,0,6,0,5,0,0,0,0,4,1,6,2,44,7,1395,1,2,-1,-1,-1
2015460252941,2,1,0,17,0,8,0,0,0,0,1,1,6,1,26,6,-1,-1,-1,-1,1,-1
2015460252942,1,9,0,18,0,8,0,0,0,0,1,1,6,1,74,10,-1,-1,-1,-1,1,-1
2015460252942,2,9,0,9,0,8,0,0,0,0,3,1,6,2,37,7,1769,1,11,-1,1,-1
2015460252945,1,9,0,4,0,2,0,0,0,0,1,1,6,1,-1,-1,-1,-1,-1,-1,1,-1
2015460252945,2,9,0,3,0,2,0,0,0,0,2,1,6,1,74,10,1997,2,13,-1,1,-1
2015460252946,1,9,0,18,0,0,2,0,0,0,4,1,6,2,23,5,-1,-1,-1,-1,1,-1
2015460252947,1,9,0,18,0,1,0,0,7,4,1,1,6,1,49,8,-1,-1,-1,-1,3,-1
2015460252948,1,9,0,4,0,1,1,0,0,0,2,1,6,1,56,9,1870,2,11,-1,1,-1
2015460252948,2,9,0,4,0,1,0,0,0,0,1,1,2,2,24,5,1968,2,7,-1,3,-1
2015460252948,3,9,0,4,0,1,0,0,0,0,2,1,6,3,-1,-1,-1,-1,-1,-1,-1,-1
2015460252951,1,9,0,18,0,0,0,4,0,0,1,1,6,3,-1,-1,-1,-1,-1,-1,-1,-1
2015460252951,2,9,0,2,0,0,0,0,0,0,3,1,6,1,20,4,1896,2,14,-1,1,-1
2015460252954,1,9,0,18,0,0,0,0,0,0,1,1,1,2,58,9,1390,1,12,-1,1,-1
2015460252956,1,9,0,18,0,0,0,0,0,0,4,1,6,2,68,10,-1,-1,-1,-1,1,-1
2015460252956,2,9,0,13,0,0,0,0,0,0,4,1,6,1,31,6,1995,2,5,-1,3,-1
2015460252957,1,9,0,2,0,0,0,0,0,0,0,1,6,1,25,5,-1,-1,-1,-1,-1,-1
2015460252957,2,1,0,18,0,0,0,0,0,0,4,1,2,1,56,9,-1,-1,-1,-1,-1,-1
2015460252961,1,9,0,18,0,0,1,0,1,0,1,1,6,1,22,5,1360,1,7,-1,2,-1
2015460252961,2,9,0,4,0,0,0,0,1,4,2,1,6,2,62,9,1108,1,13,-1,3,-1
2015460252964,1,9,0,16,0,0,2,0,0,0,1,1,6,1,19,4,-1,-1,-1,-1,2,-1
2015460252965,1,9,0,9,0,6,0,0,0,0,3,1,6,1,85,11,998,1,14,-1,1,-1
2015460252965,2,11,0,18,0,1,0,0,0,0,1,1,3,1,45,7,9600,2,19,-1,1,-1
2015460252966,1,3,0,16,0,0,0,10,0,0,1,1,2,1,52,8,-1,-1,-1,-1,1,-1
2015460252967,1,9,0,18,0,0,0,0,1,2,4,1,6,2,43,7,-1,-1,-1,-1,1,-1
2015460252970,1,9,0,5,0,4,0,0,0,0,1,1,6,2,18,4,1598,1,9,-1,2,-1
2015460252970,2,9,0,5,0,4,0,0,0,0,2,1,6,1,68,10,875,1,2,-1,3,-1
2015460252973,1,9,0,18,0,1,0,0,0,0,1,1,6,1,-1,-1,1747,1,12,-1,-1,-1
2015460252973,2,9,0,18,0,1,0,0,0,0,2,1,6,1,46,8,1997,1,15,-1,-1,-1
2015460252981,1,10,0,18,0,0,0,0,0,0,3,1,1,1,65,9,2402,2,7,-1,1,-1
2015460252982,1,9,0,4,0,0,0,0,0,0,3,1,6,2,37,7,-1,-1,-1,-1,1,-1
2015460252982,2,9,0,14,0,0,0,0,0,0,3,1,6,2,18,4,1598,1,13,-1,1,-1
2015460252988,1,9,0,12,0,7,0,0,0,0,0,1,6,3,-1,-1,-1,-1,-1,-1,-1,-1
2015460252988,2,9,0,11,0,8,0,0,1,7,1,1,1,2,30,6,1364,1,6,-1,1,-1
2015460252990,1,9,0,18,0,0,0,0,0,0,1,1,1,1,21,5,1794,1,13,-1,1,-1
2015460252990,2,9,0,4,0,0,0,0,0,0,2,1,1,2,42,7,998,1,3,-1,-1,-1
2015460252999,1,9,0,14,0,0,0,0,0,0,4,1,3,2,36,7,1896,2,8,-1,3,-1
2015460252999,2,9,0,2,0,0,0,0,0,0,0,1,1,1,28,6,2979,1,13,-1,1,-1
2015460253001,1,1,0,18,0,0,0,0,0,0,3,1,6,1,14,3,-1,-1,-1,-1,1,-1
2015460253001,2,90,0,18,0,0,0,0,0,0,3,1,1,1,25,5,-1,-1,-1,-1,-1,-1
2015460253002,1,9,0,18,0,0,0,0,0,0,1,1,6,3,-1,-1,-1,-1,-1,-1,-1,-1
2015460253005,1,1,0,18,0,0,0,0,0,0,0,1,6,1,51,8,-1,-1,-1,-1,3,-1
2015460253013,1,9,0,4,0,4,0,0,0,0,1,1,6,1,33,6,1199,1,13,-1,1,-1
2015460253013,2,9,0,4,0,4,0,0,0,0,2,1,6,1,43,7,-1,-1,-1,-1,1,-1
2015460253016,1,9,0,18,0,1,0,0,0,0,4,1,6,2,47,8,1461,2,11,-1,1,-1
2015460253016,2,9,0,18,0,1,0,0,0,0,1,1,6,1,50,8,-1,-1,-1,-1,1,-1
2015460253020,1,9,0,13,0,0,0,4,0,0,3,1,2,1,55,8,-1,-1,-1,-1,1,-1
2015460253020,2,9,0,18,0,0,0,0,0,0,3,1,6,2,26,6,1598,1,13,-1,1,-1
2015460253020,3,9,0,2,0,0,0,0,0,0,1,1,2,1,-1,-1,4398,1,13,-1,1,-1
2015460253020,4,9,0,18,0,0,0,0,0,0,3,1,6,1,42,7,-1,-1,-1,-1,1,-1
2015460253021,1,9,0,18,0,0,0,4,1,0,1,1,6,2,22,5,1399,1,11,-1,1,-1
2015460253021,2,9,0,2,0,0,0,0,0,0,1,1,6,1,56,9,-1,-1,-1,-1,1,-1
2015460253023,1,9,0,4,0,0,0,0,0,0,1,1,6,1,21,5,-1,-1,-1,-1,-1,-1
2015460253023,2,9,0,4,0,0,0,0,0,0,3,1,6,2,22,5,-1,-1,-1,-1,1,-1
2015460253023,3,9,0,4,0,0,0,0,0,0,1,1,6,2,45,7,1896,2,12,-1,1,-1
2015460253023,4,9,0,4,0,0,0,0,0,0,1,1,6,2,46,8,998,1,6,-1,-1,-1
2015460253024,1,9,0,18,0,0,0,0,0,0,1,1,6,2,49,8,-1,-1,-1,-1,1,-1
2015460253024,2,9,0,3,0,0,0,0,0,0,2,1,6,1,50,8,-1,-1,-1,-1,1,-1
2015460253024,3,9,0,3,0,0,0,0,0,0,2,1,6,1,76,11,1951,2,13,-1,3,-1
2015460253027,1,9,0,15,0,2,0,0,0,0,1,1,6,1,35,6,1968,2,4,-1,2,-1
2015460253027,2,1,0,18,0,2,0,0,0,0,2,1,2,1,59,9,-1,-1,-1,-1,2,-1
2015460253030,1,9,0,17,0,0,0,0,0,0,1,1,2,1,19,4,999,1,14,-1,-1,-1
2015460253030,2,9,0,16,0,0,0,0,0,0,1,1,6,2,68,10,2149,2,8,-1,-1,-1
2015460253034,1,9,0,18,0,1,0,0,1,9,1,1,6,1,51,8,1997,2,2,-1,3,-1
2015460253038,1,9,0,18,0,0,1,0,1,3,4,1,6,1,51,8,-1,-1,-1,-1,3,-1
2015460253043,1,9,0,18,0,0,0,0,0,0,3,1,6,3,-1,-1,-1,-1,-1,-1,-1,-1
2015460253045,1,1,0,17,0,8,0,0,0,0,0,1,2,1,44,7,-1,-1,-1,-1,1,-1
2015460253047,1,9,0,18,0,0,0,0,1,7,0,1,6,1,36,7,-1,-1,-1,-1,1,-1
2015460253048,1,9,0,9,0,8,0,0,0,0,3,1,6,2,63,9,1975,1,11,-1,1,-1
2015460253048,2,2,0,18,0,1,0,0,0,0,1,1,6,1,18,4,120,1,5,-1,1,-1
2015460253049,1,9,0,18,0,8,0,0,0,0,1,1,6,1,38,7,1798,1,13,-1,1,-1
2015460253049,2,9,0,18,0,8,0,0,0,0,1,1,6,1,57,9,-1,-1,-1,-1,3,-1
2015460253054,1,9,0,4,0,0,0,0,0,0,1,1,6,1,83,11,-1,-1,-1,-1,3,-1
2015460253054,2,9,0,4,0,0,0,0,0,0,2,1,6,1,56,9,1388,1,13,-1,2,-1
2015460253056,1,9,0,18,0,0,0,0,0,0,3,1,1,1,29,6,1596,1,9,-1,1,-1
2015460253056,2,4,0,18,0,0,0,0,0,0,1,1,1,1,22,5,471,1,1,-1,1,-1
2015460253056,3,9,0,18,0,0,0,0,0,0,3,1,1,1,49,8,-1,-1,-1,-1,1,-1
2015460253059,1,9,0,18,0,0,0,4,0,0,1,1,6,1,36,7,1497,8,7,-1,-1,-1
2015460253059,2,9,0,2,0,0,0,0,0,0,1,1,6,1,29,6,-1,-1,-1,-1,-1,-1
2015460253059,3,9,0,2,0,0,0,0,0,0,1,1,6,2,29,6,-1,-1,-1,-1,-1,-1
2015460253063,1,9,0,4,0,0,1,0,1,9,1,1,1,1,28,6,-1,-1,-1,-1,3,-1
2015460253064,1,9,0,11,0,0,1,12,1,4,3,1,2,2,27,6,-1,-1,-1,-1,1,-1
2015460253066,1,9,0,18,0,0,5,0,7,4,3,1,1,1,22,5,1199,1,11,-1,1,-1
2015460253068,1,9,0,14,0,0,0,0,1,0,1,1,6,2,61,9,1360,1,14,-1,1,-1
2015460253068,2,3,0,18,0,0,0,0,0,0,1,1,1,1,22,5,125,1,3,-1,1,-1