Accident_Index,Vehicle_Reference,Vehicle_Type,Towing_and_Articulation,Vehicle_Manoeuvre,Vehicle_Location-Restricted_Lane,Junction_Location,Skidding_and_Overturning,Hit_Object_in_Carriageway,Vehicle_Leaving_Carriageway,Hit_Object_off_Carriageway,1st_Point_of_Impact,Was_Vehicle_Left_Hand_Drive?,Journey_Purpose_of_Driver,Sex_of_Driver,Age_of_Driver,Age_Band_of_Driver,Engine_Capacity_(CC),Propulsion_Code,Age_of_Vehicle,Driver_IMD_Decile,Driver_Home_Area_Type,Vehicle_IMD_Decile
2015460253893,1,9,0,18,0,4,0,0,0,0,1,1,2,2,58,9,1796,1,12,-1,1,-1
2015460253893,2,9,0,18,0,8,0,0,0,0,4,1,6,2,20,4,1299,1,16,-1,1,-1
2015460253896,1,9,0,18,0,0,0,0,1,3,1,1,6,1,43,7,-1,-1,-1,-1,1,-1
2015460253896,2,9,0,2,9,0,0,0,0,0,1,1,6,1,51,8,1560,2,3,-1,1,-1
2015460253897,1,9,0,9,0,5,0,0,0,0,3,1,3,2,40,7,-1,-1,-1,-1,3,-1
2015460253897,2,5,0,9,0,5,0,0,0,0,1,1,6,1,46,8,599,1,19,-1,1,-1
2015460253899,1,21,0,12,0,8,0,0,0,0,3,1,1,1,40,7,-1,-1,-1,-1,-1,-1
2015460253899,2,9,0,18,0,8,1,0,1,7,4,1,6,1,36,7,1997,2,9,-1,-1,-1
2015460253904,1,9,0,18,0,0,1,0,0,0,1,1,6,2,35,6,1197,1,-1,-1,2,-1
2015460253904,2,9,0,4,0,0,0,0,0,0,2,1,6,2,39,7,2179,2,4,-1,3,-1
2015460253904,3,21,0,18,0,0,0,0,0,0,1,2,6,1,28,6,-1,-1,-1,-1,-1,-1
2015460253905,1,9,0,18,0,0,0,0,0,0,1,1,6,1,27,6,-1,-1,-1,-1,-1,-1
2015460253905,2,9,0,18,0,0,0,0,0,0,2,1,6,1,52,8,-1,-1,-1,-1,1,-1
2015460253907,1,9,0,12,0,0,0,0,0,0,3,1,6,1,26,6,1998,2,10,-1,1,-1
2015460253907,2,9,0,18,0,0,0,0,0,0,4,1,1,1,63,9,-1,-1,-1,-1,-1,-1
2015460253907,3,9,0,18,0,0,0,0,0,0,1,1,6,1,20,4,-1,-1,-1,-1,-1,-1
2015460253907,4,9,0,18,0,0,0,0,0,0,1,1,6,1,36,7,-1,-1,-1,-1,-1,-1
2015460253908,1,9,0,18,0,0,0,0,0,0,1,1,6,1,21,5,1248,2,11,-1,2,-1
2015460253908,2,9,0,18,0,0,0,0,0,0,2,1,6,1,33,6,1560,2,5,-1,1,-1
2015460253909,1,9,0,13,0,2,0,0,0,0,1,1,6,2,59,9,1753,2,13,-1,1,-1
2015460253909,2,9,0,4,0,2,1,0,7,0,3,1,6,1,28,6,1396,1,13,-1,3,-1
2015460253910,1,9,0,18,0,0,0,0,0,0,4,1,6,3,-1,-1,2000,2,11,-1,-1,-1
2015460253912,1,9,0,13,0,0,0,0,0,0,2,1,6,3,-1,-1,1461,2,10,-1,-1,-1
2015460253912,2,9,0,4,0,0,0,0,0,0,1,1,6,2,31,6,1796,2,2,-1,-1,-1
2015460253913,1,9,0,9,0,6,0,0,0,0,3,1,6,2,48,8,1956,2,1,-1,-1,-1
2015460253913,2,9,0,18,0,8,0,0,0,0,1,1,6,2,68,10,1248,2,1,-1,-1,-1
2015460253915,1,9,0,18,0,1,0,0,0,0,1,1,6,2,31,6,1995,2,4,-1,-1,-1
2015460253915,2,9,0,4,0,1,0,0,0,0,2,1,6,1,75,10,-1,-1,-1,-1,-1,-1
2015460253918,1,4,0,18,0,0,0,0,0,0,3,1,6,1,54,8,1064,1,15,-1,1,-1
2015460253918,2,9,0,18,0,0,0,0,0,0,4,1,2,1,36,7,1968,2,5,-1,1,-1
2015460253919,1,9,0,18,0,1,1,0,2,7,1,1,6,1,42,7,-1,-1,-1,-1,1,-1
2015460253920,1,21,0,12,0,0,0,0,0,0,3,2,1,1,-1,-1,-1,-1,-1,-1,-1,-1
2015460253920,2,9,0,18,0,0,0,0,1,7,4,1,1,2,56,9,1461,2,1,-1,1,-1
2015460253922,1,9,0,6,0,2,0,0,0,0,3,1,6,1,41,7,2495,1,14,-1,1,-1
2015460253922,2,9,0,18,0,2,0,0,0,0,1,1,6,2,52,8,1339,1,9,-1,1,-1
2015460253933,1,9,0,18,0,3,1,0,1,2,1,1,6,1,19,4,1596,1,10,-1,1,-1
2015460253934,1,9,0,9,0,8,1,0,0,0,4,1,6,1,18,4,1388,1,10,-1,1,-1
2015460253934,2,9,0,18,0,8,0,0,0,0,3,1,6,1,19,4,-1,-1,-1,-1,-1,-1
2015460253936,1,9,0,18,0,1,0,0,0,0,1,1,1,2,50,8,1753,2,7,-1,-1,-1
2015460253936,2,9,0,3,0,1,0,0,0,0,2,1,6,2,85,11,998,1,9,-1,-1,-1
2015460253939,1,9,0,5,0,6,0,0,0,0,1,1,6,2,23,5,998,1,1,-1,1,-1
2015460253939,2,1,0,17,0,1,0,0,0,0,2,1,6,1,25,5,-1,-1,-1,-1,1,-1
2015460253945,1,9,0,9,0,8,0,4,1,10,1,1,6,1,54,8,1834,1,14,-1,3,-1
2015460253945,2,9,0,18,0,1,0,0,0,0,0,1,6,2,28,6,-1,-1,-1,-1,3,-1
2015460253945,3,9,0,2,0,2,0,0,0,0,2,1,6,1,-1,-1,1590,1,10,-1,3,-1
2015460253945,4,9,0,2,0,1,0,0,0,0,1,1,6,1,-1,-1,1798,1,10,-1,3,-1
2015460253946,1,10,0,7,0,8,0,0,0,0,1,1,6,2,50,8,2500,2,14,-1,1,-1
2015460253946,2,9,0,7,0,8,0,0,0,0,2,1,6,2,40,7,1339,1,3,-1,1,-1
2015460253948,1,3,0,18,0,0,0,0,0,0,0,1,6,1,19,4,124,1,6,-1,1,-1
2015460253953,1,9,0,18,0,0,0,0,0,0,1,1,6,2,27,6,1995,1,12,-1,1,-1
2015460253953,2,9,0,18,0,0,0,0,0,0,1,1,6,1,59,9,1999,1,13,-1,3,-1
2015460253957,1,19,0,18,0,0,1,0,0,0,1,1,6,1,25,5,2198,2,2,-1,3,-1
2015460253957,2,9,0,18,0,0,0,0,0,0,2,1,6,2,34,6,1968,2,3,-1,2,-1
2015460253957,3,9,0,18,0,0,0,0,0,0,2,1,6,2,35,6,1596,1,7,-1,1,-1
2015460253957,4,9,0,18,0,0,0,0,0,0,2,1,6,2,24,5,1360,1,14,-1,-1,-1
2015460253957,5,19,0,18,0,0,0,0,0,0,2,1,6,1,45,7,1995,2,1,-1,1,-1
2015460253958,1,9,0,7,0,1,0,0,0,0,0,1,6,1,54,8,1968,2,5,-1,1,-1
2015460253964,1,9,0,18,0,0,1,0,0,0,1,1,1,2,31,6,1998,1,15,-1,-1,-1
2015460253964,2,9,0,18,0,0,0,0,0,0,2,1,6,1,36,7,2993,2,2,-1,1,-1
2015460253965,1,9,0,5,0,0,0,0,4,6,3,1,6,2,24,5,-1,-1,-1,-1,3,-1
2015460253967,1,9,0,15,0,0,0,0,0,0,0,1,1,3,-1,-1,-1,-1,-1,-1,-1,-1
2015460253968,1,9,0,18,0,1,0,0,7,10,1,1,6,1,29,6,-1,-1,-1,-1,-1,-1
2015460253968,2,9,0,4,0,1,0,0,0,0,2,1,6,2,32,6,1240,1,11,-1,-1,-1
2015460253969,1,9,0,5,0,6,0,0,0,0,1,1,6,2,33,6,1560,2,6,-1,1,-1
2015460253969,2,5,0,18,0,3,0,0,0,0,2,1,6,1,43,7,656,1,8,-1,1,-1
2015460253971,1,9,0,18,0,1,0,0,0,0,1,1,6,2,34,6,1368,1,4,-1,1,-1
2015460253971,2,9,0,18,0,1,0,0,0,0,1,1,6,2,52,8,-1,-1,-1,-1,1,-1
2015460253971,3,9,0,18,0,1,0,0,0,0,1,1,6,1,41,7,1560,2,4,-1,1,-1
2015460253971,4,9,0,18,0,1,0,0,0,0,2,1,6,1,28,6,1248,1,3,-1,1,-1
2015460253974,1,9,0,18,0,1,0,0,0,0,1,1,6,3,-1,-1,-1,-1,-1,-1,-1,-1
2015460253975,1,9,0,18,0,6,1,0,1,0,1,1,1,1,28,6,-1,-1,-1,-1,1,-1
2015460253975,2,9,0,18,0,1,1,0,0,0,1,1,1,1,47,8,1242,1,7,-1,1,-1
2015460253979,1,19,0,18,0,0,0,0,0,0,1,1,1,1,25,5,1560,2,1,-1,1,-1
2015460253979,2,9,0,18,0,0,0,0,0,0,2,1,6,1,33,6,2979,1,1,-1,1,-1
2015460253979,3,9,0,18,0,0,0,0,0,0,2,1,6,1,45,7,1560,2,1,-1,1,-1
2015460253979,4,9,0,18,0,0,0,0,0,0,2,1,6,2,35,6,1598,2,1,-1,1,-1
2015460253980,1,19,0,18,0,0,0,0,0,0,1,1,6,1,28,6,1995,2,7,-1,1,-1
2015460253983,1,2,0,18,0,1,1,0,0,0,1,1,6,1,14,3,-1,-1,-1,-1,1,-1
2015460253985,1,9,0,9,0,8,0,0,0,0,4,1,6,1,39,7,2198,1,11,-1,1,-1
2015460253985,2,5,0,18,0,1,0,0,0,0,1,1,2,1,29,6,645,1,4,-1,1,-1
2015460253986,1,21,0,18,0,1,0,0,0,0,1,1,6,1,66,10,-1,2,8,-1,2,-1
2015460253986,2,9,0,18,0,1,0,0,0,0,2,1,6,1,50,8,1329,1,4,-1,1,-1
2015460253987,1,9,0,18,0,0,0,0,7,0,3,1,6,2,39,7,1997,2,2,-1,1,-1
2015460253988,1,9,0,5,0,0,0,0,0,0,1,1,2,2,48,8,1685,2,2,-1,3,-1
2015460253988,2,9,0,3,0,0,0,0,0,0,2,1,6,3,-1,-1,1781,1,13,-1,-1,-1
2015460253991,1,9,0,18,0,0,0,0,0,0,1,1,6,1,37,7,-1,-1,-1,-1,1,-1
2015460253991,2,9,0,2,0,0,0,0,0,0,2,1,6,1,28,6,1984,1,11,-1,1,-1
2015460253993,1,9,0,4,0,0,0,0,0,0,1,1,6,1,26,6,-1,-1,-1,-1,1,-1
2015460253993,2,9,0,3,0,0,0,0,0,0,2,1,6,2,40,7,1999,1,11,-1,1,-1
2015460253994,1,19,0,1,0,1,0,0,0,0,2,1,6,3,-1,-1,-1,-1,-1,-1,-1,-1
2015460253994,2,9,0,18,0,1,0,0,0,0,2,1,3,1,43,7,998,1,1,-1,1,-1
2015460253997,1,5,0,16,0,0,0,0,0,0,1,1,6,1,45,7,996,1,15,-1,3,-1
2015460253997,2,9,0,17,0,0,0,0,0,0,1,1,6,1,62,9,1995,2,11,-1,3,-1
2015460254000,1,9,0,18,0,8,0,12,0,0,1,1,6,1,36,7,1956,2,3,-1,1,-1
2015460254002,1,9,0,3,0,0,0,0,0,0,1,1,1,2,67,10,1796,1,7,-1,1,-1
2015460254003,1,20,0,18,0,0,0,0,0,0,1,2,1,1,24,5,-1,-1,-1,-1,-1,-1
2015460254003,2,20,0,18,0,0,0,0,0,0,2,1,1,1,44,7,-1,-1,-1,-1,-1,-1
2015460254003,3,9,0,18,0,0,1,0,0,0,1,1,1,1,41,7,-1,-1,-1,-1,1,-1
2015460254007,1,9,0,18,0,0,0,0,0,0,0,1,3,2,34,6,1596,1,6,-1,1,-1
2015460254009,1,9,0,18,0,0,0,0,0,0,1,1,6,3,-1,-1,-1,-1,-1,-1,-1,-1
2015460254009,2,9,0,18,0,0,0,0,2,0,3,1,2,2,24,5,1242,1,15,-1,1,-1
2015460254010,1,19,0,18,0,1,1,0,0,0,1,1,6,1,28,6,1998,2,10,-1,-1,-1
2015460254010,2,9,0,9,0,5,0,0,0,0,2,1,6,2,59,9,1498,1,8,-1,1,-1
2015460254011,1,4,0,13,0,1,1,0,0,0,1,1,6,1,45,7,781,1,15,-1,1,-1
2015460254011,2,9,0,9,0,5,0,0,0,0,3,1,6,1,31,6,1995,1,1,-1,1,-1
2015460254014,1,9,0,5,0,6,0,0,0,0,3,1,6,2,54,8,2204,2,6,-1,3,-1
2015460254014,2,9,0,18,0,1,0,0,0,0,1,1,6,1,45,7,2495,2,10,-1,3,-1
2015460254015,1,9,0,18,0,4,1,0,3,1,1,1,6,1,20,4,-1,-1,-1,-1,1,-1
2015460254017,1,8,0,13,0,1,0,0,0,0,1,1,6,1,61,9,1995,2,2,-1,1,-1
2015460254017,2,9,0,9,0,8,0,0,0,0,3,1,3,2,33,6,-1,-1,-1,-1,1,-1
2015460254018,1,9,0,18,0,4,0,0,0,0,1,1,6,1,67,10,1968,2,1,-1,1,-1
2015460254018,2,5,0,18,0,8,0,0,0,0,4,1,1,1,53,8,125,1,6,-1,3,-1
2015460254020,1,9,0,18,0,6,0,0,0,0,3,1,3,2,27,6,1598,1,8,-1,1,-1
2015460254020,2,9,0,18,0,1,0,0,0,0,1,1,6,1,44,7,1896,2,14,-1,1,-1
2015460254022,1,9,0,5,0,6,0,0,0,0,3,1,6,1,24,5,1390,1,4,-1,1,-1
2015460254022,2,9,0,18,0,8,0,0,0,0,2,1,6,1,32,6,1248,1,3,-1,1,-1
2015460254025,1,1,0,18,0,0,1,0,0,0,0,1,6,2,49,8,-1,-1,-1,-1,1,-1
2015460254033,1,9,0,18,0,3,0,0,8,0,1,1,6,2,17,4,1242,1,3,-1,1,-1
2015460254042,1,9,0,9,0,8,0,0,0,0,4,1,2,2,39,7,-1,-1,-1,-1,1,-1
2015460254042,2,9,0,18,0,1,0,0,0,0,1,1,6,2,27,6,998,1,5,-1,1,-1
2015460254047,1,9,0,18,0,1,0,0,0,0,1,1,6,1,44,7,2993,2,1,-1,1,-1
2015460254047,2,9,0,7,0,8,0,0,0,0,2,1,6,2,30,6,1242,1,15,-1,1,-1
2015460254048,1,9,0,18,0,8,0,0,0,0,1,1,6,1,23,5,1596,1,8,-1,1,-1
2015460254048,2,9,0,18,0,8,0,0,0,0,2,1,6,1,50,8,1796,1,7,-1,3,-1
2015460254050,1,19,0,18,0,1,0,0,0,0,4,1,6,3,-1,-1,-1,-1,-1,-1,-1,-1
2015460254054,1,9,0,2,0,0,0,0,0,0,1,1,6,2,56,9,999,1,2,-1,-1,-1
2015460254054,2,9,0,2,0,0,0,0,0,0,2,1,3,2,27,6,1242,1,1,-1,1,-1
2015460254057,1,9,0,18,0,1,0,0,0,0,1,1,6,3,-1,-1,-1,-1,-1,-1,-1,-1
2015460254057,2,9,0,4,0,4,0,0,0,0,2,1,6,1,22,5,1149,1,11,-1,1,-1
2015460254058,1,9,0,16,0,0,1,4,0,0,1,1,6,1,28,6,-1,-1,-1,-1,1,-1
2015460254058,2,17,0,18,0,0,0,0,0,0,2,1,1,1,54,8,-1,-1,-1,-1,1,-1
2015460254060,1,9,0,18,0,6,0,0,0,0,1,1,6,2,65,9,1582,2,6,-1,1,-1
2015460254060,2,9,0,18,0,8,1,0,0,0,4,1,6,2,45,7,1560,2,1,-1,1,-1
2015460254060,3,1,0,18,0,8,1,0,1,9,0,1,6,3,-1,-1,-1,-1,-1,-1,-1,-1
2015460254062,1,9,0,12,0,1,0,0,0,0,1,1,6,1,74,10,2967,1,15,-1,1,-1
2015460254062,2,9,0,18,0,1,0,0,0,0,2,1,6,2,47,8,-1,-1,-1,-1,1,-1
2015460254062,3,9,0,18,0,1,0,0,0,0,1,1,6,1,38,7,1896,2,12,-1,1,-1
2015460254067,1,9,0,9,0,5,0,0,0,0,1,1,6,2,46,8,1956,2,3,-1,3,-1
2015460254068,1,9,0,5,0,2,0,0,0,0,3,1,6,2,37,7,1997,2,5,-1,1,-1
2015460254073,1,10,4,13,0,0,0,0,0,0,4,1,1,1,30,6,-1,-1,-1,-1,-1,-1
2015460254073,2,1,0,18,0,0,0,0,0,0,3,1,6,1,17,4,-1,-1,-1,-1,1,-1
2015460254074,1,9,0,11,0,5,0,0,0,0,0,1,6,3,-1,-1,-1,-1,-1,-1,-1,-1
2015460254074,2,9,0,4,0,8,0,0,0,0,2,1,6,1,42,7,1360,1,9,-1,1,-1
2015460254074,3,9,0,4,0,8,0,0,0,0,1,1,2,2,57,9,1363,2,10,-1,1,-1
2015460254074,4,9,0,4,0,8,0,0,0,0,1,1,6,1,27,6,-1,-1,-1,-1,1,-1
2015460254079,1,5,0,18,0,3,0,0,0,0,0,1,6,1,45,7,1000,1,6,-1,-1,-1
2015460254082,1,3,0,7,9,1,0,0,0,0,1,1,6,3,-1,-1,-1,-1,-1,-1,-1,-1
2015460254088,1,4,0,18,0,0,1,0,0,0,1,1,6,1,26,6,-1,-1,-1,-1,1,-1
2015460254088,2,9,0,3,0,0,0,0,0,0,2,1,6,1,30,6,1956,2,5,-1,1,-1
2015460254088,3,9,0,3,0,0,0,0,0,0,2,1,6,2,29,6,1986,2,9,-1,1,-1
2015460254092,1,9,0,18,0,1,0,0,7,0,3,1,6,1,47,8,2179,2,8,-1,1,-1
2015460254092,2,9,0,18,0,1,0,0,0,0,3,1,6,2,49,8,-1,-1,-1,-1,3,-1
2015460254093,1,9,0,18,0,0,0,0,0,0,1,1,6,1,59,9,1598,1,5,-1,1,-1
2015460254093,2,9,0,18,0,0,0,0,0,0,2,1,6,1,56,9,1910,2,9,-1,2,-1
2015460254094,1,9,0,9,0,6,0,0,0,0,4,1,1,1,43,7,1956,2,5,-1,3,-1
2015460254094,2,9,0,18,0,8,0,0,0,0,1,1,1,1,29,6,2495,2,14,-1,-1,-1
2015460254094,3,9,0,4,0,6,0,0,0,0,3,1,1,2,47,8,1956,2,1,-1,-1,-1
2015460254095,1,9,0,11,0,3,0,0,0,0,3,1,6,1,25,5,1781,1,17,-1,3,-1
2015460254095,2,9,0,11,0,3,0,7,7,1,4,1,6,1,60,9,-1,-1,-1,-1,-1,-1
2015460254096,1,9,0,5,0,4,0,0,0,0,1,1,3,2,61,9,1587,1,10,-1,3,-1
2015460254096,2,9,0,4,0,4,0,0,0,0,2,1,6,1,41,7,1242,1,8,-1,1,-1
2015460254096,3,9,0,5,0,3,0,0,0,0,3,1,2,1,41,7,1461,2,2,-1,1,-1
2015460254098,1,9,0,9,0,6,0,0,0,0,1,1,6,3,-1,-1,-1,-1,-1,-1,-1,-1
2015460254099,1,9,0,9,0,6,0,0,0,0,1,1,6,2,45,7,998,1,3,-1,-1,-1
2015460254099,2,9,0,5,0,6,0,0,0,0,3,1,6,1,47,8,1686,2,2,-1,-1,-1
2015460254100,1,9,0,18,0,0,5,4,1,0,1,1,6,1,83,11,-1,-1,-1,-1,1,-1
2015460254100,2,9,0,2,6,0,0,0,0,0,2,1,1,2,34,6,1242,1,11,-1,1,-1
2015460254100,3,9,0,18,0,0,0,0,0,0,3,1,6,1,47,8,1995,2,13,-1,1,-1
2015460254100,4,19,0,2,6,0,0,0,0,0,0,1,1,1,26,6,2198,2,3,-1,1,-1
2015460254104,1,9,0,18,0,0,0,0,0,0,3,1,6,1,-1,-1,1896,2,12,-1,3,-1
2015460254104,2,9,0,18,0,0,0,0,0,0,3,1,6,1,25,5,1598,1,16,-1,1,-1
2015460254107,1,9,0,18,0,1,0,0,0,0,1,1,6,1,21,5,998,1,10,-1,1,-1
2015460254113,1,1,0,18,0,0,0,0,0,0,3,1,2,1,58,9,-1,-1,-1,-1,1,-1
2015460254113,2,9,0,18,0,0,1,0,0,0,1,1,6,2,39,7,1796,1,3,-1,1,-1
2015460254114,1,21,1,15,0,0,0,0,0,0,1,1,6,1,56,9,9200,2,9,-1,-1,-1
2015460254114,2,9,0,18,0,0,0,0,0,0,4,1,6,2,18,4,1198,1,2,-1,1,-1
2015460254115,1,9,0,14,0,0,0,0,0,0,1,1,6,1,30,6,1560,2,4,-1,-1,-1
2015460254117,1,9,0,12,0,6,0,0,5,6,1,1,6,1,17,4,1598,1,1,-1,3,-1
2015460254120,1,9,0,18,0,1,0,0,0,0,1,1,2,1,30,6,1595,1,17,-1,1,-1
2015460254120,2,9,0,10,0,1,0,0,0,0,2,1,3,1,68,10,1598,2,1,-1,1,-1
2015460254122,1,9,0,18,0,0,0,0,0,0,0,1,6,3,-1,-1,-1,-1,-1,-1,-1,-1
2015460254122,2,9,0,18,0,0,1,11,4,6,1,1,1,1,48,8,2198,2,9,-1,1,-1
2015460254122,3,9,0,18,0,0,1,11,4,6,0,1,2,1,57,9,-1,-1,-1,-1,1,-1
2015460254123,1,9,0,11,0,8,0,0,0,0,4,1,2,1,38,7,-1,-1,-1,-1,1,-1
2015460254123,2,9,0,15,0,8,0,4,1,0,3,1,2,2,33,6,2685,2,11,-1,1,-1
2015460254123,3,11,0,3,6,8,0,0,0,0,2,1,1,1,48,8,12778,2,4,-1,1,-1
2015460254124,1,9,0,18,0,3,0,0,0,0,1,1,6,3,-1,-1,1994,1,16,-1,-1,-1
2015460254124,2,9,0,3,0,3,0,0,0,0,2,1,6,2,48,8,998,1,1,-1,1,-1
2015460254130,1,9,0,2,0,0,0,0,0,0,3,1,1,1,-1,-1,-1,-1,-1,-1,1,-1
2015460254130,2,1,0,14,0,0,0,0,0,0,2,1,6,2,41,7,-1,-1,-1,-1,-1,-1
2015460254131,1,9,0,18,0,0,2,0,0,0,0,1,6,1,25,5,-1,-1,-1,-1,-1,-1
2015460254132,1,9,0,9,0,6,1,0,0,0,1,1,6,2,19,4,-1,-1,-1,-1,2,-1
2015460254132,2,19,0,18,0,1,0,0,0,0,1,1,1,1,42,7,2402,2,5,-1,1,-1
2015460254139,1,9,0,7,0,6,0,0,0,0,1,1,6,3,-1,-1,-1,-1,-1,-1,-1,-1
2015460254139,2,1,0,18,0,8,0,0,0,0,4,1,6,2,32,6,-1,-1,-1,-1,1,-1
2015460254140,1,9,0,18,0,1,1,0,0,0,1,1,6,3,-1,-1,2171,1,10,-1,-1,-1
2015460254140,2,9,0,18,0,1,1,4,0,0,1,1,3,2,52,8,1686,2,5,-1,1,-1
2015460254140,3,9,0,2,0,1,0,0,0,0,2,1,6,1,63,9,2198,1,9,-1,1,-1
2015460254142,1,9,0,6,0,0,0,0,0,0,1,1,6,1,71,10,1951,2,13,-1,1,-1
2015460254142,2,9,0,18,0,0,0,0,0,0,1,1,6,2,31,6,1560,2,2,-1,1,-1
2015460254144,1,9,0,18,0,2,0,0,0,0,1,1,6,2,51,8,-1,-1,-1,-1,1,-1
2015460254145,1,9,0,18,0,0,1,0,0,0,1,1,6,1,23,5,999,1,1,-1,-1,-1
2015460254145,2,9,0,4,0,0,0,0,0,0,2,1,6,1,54,8,1753,2,8,-1,1,-1
2015460254146,1,9,0,9,0,5,0,0,0,0,1,1,1,1,24,5,1200,1,2,-1,2,-1
2015460254146,2,1,0,10,0,1,0,0,0,0,1,1,6,1,33,6,-1,-1,-1,-1,1,-1
2015460254149,1,9,0,18,0,1,0,0,7,10,3,1,6,2,33,6,-1,-1,-1,-1,1,-1
2015460254149,2,9,0,16,0,1,0,0,0,0,0,1,6,2,20,4,796,1,12,-1,1,-1
2015460254149,3,9,0,18,0,1,0,0,0,0,4,1,6,2,18,4,1248,1,2,-1,1,-1
2015460254150,1,3,0,18,0,8,0,0,0,0,4,1,2,1,33,6,125,1,8,-1,1,-1
2015460254150,2,9,0,11,0,8,0,0,0,0,0,1,2,1,29,6,1686,2,7,-1,1,-1
2015460254161,1,19,0,18,0,0,0,0,0,0,1,1,6,1,44,7,2148,2,8,-1,1,-1
2015460254161,2,9,0,3,0,0,0,0,0,0,2,1,6,2,32,6,1149,1,11,-1,1,-1
2015460254164,1,19,0,18,0,0,0,0,0,0,1,1,6,1,51,8,1248,2,8,-1,3,-1
2015460254164,2,4,0,18,0,0,0,0,0,0,2,1,6,1,52,8,1000,1,-1,-1,3,-1
2015460254166,1,9,0,11,0,0,0,0,0,0,2,1,6,3,-1,-1,-1,-1,-1,-1,-1,-1
2015460254166,2,9,0,18,0,0,1,0,0,0,3,1,6,1,19,4,1149,1,10,-1,-1,-1
2015460254166,3,9,0,18,0,0,1,0,1,4,3,1,6,1,51,8,1229,1,3,-1,-1,-1
2015460254173,1,9,0,18,0,0,0,0,0,0,1,1,3,2,23,5,1598,1,8,-1,2,-1
2015460254173,2,9,0,3,0,0,0,0,0,0,2,1,6,2,31,6,1124,1,10,-1,1,-1
2015460254173,3,9,0,3,0,0,0,0,0,0,2,1,6,1,66,10,1198,1,2,-1,3,-1
2015460254189,1,9,0,17,0,0,0,0,0,0,1,1,6,2,41,7,1597,1,16,-1,1,-1
2015460254189,2,9,0,2,0,0,0,0,0,0,2,1,6,1,32,6,-1,-1,-1,-1,1,-1
2015460254189,3,9,0,2,0,0,0,0,0,0,2,1,6,1,34,6,-1,-1,-1,-1,1,-1
2015460254192,1,9,0,11,0,0,0,0,0,0,4,1,6,3,-1,-1,-1,-1,-1,-1,-1,-1
2015460254192,2,9,0,18,0,0,1,0,4,6,3,1,6,2,29,6,1598,1,12,-1,1,-1
2015460254196,1,9,0,5,0,6,0,0,0,0,1,1,6,1,69,10,2494,1,15,-1,1,-1
2015460254196,2,9,0,18,0,8,5,0,8,10,3,1,6,1,46,8,1870,2,11,-1,1,-1
2015460254202,1,9,0,18,0,4,0,0,0,0,1,1,6,2,-1,-1,998,1,7,-1,-1,-1
2015460254202,2,1,0,18,0,4,0,0,0,0,2,1,1,1,42,7,-1,-1,-1,-1,1,-1
2015460254204,1,9,0,5,0,2,0,0,0,0,1,1,1,1,29,6,1995,2,1,-1,1,-1
2015460254204,2,9,0,18,0,1,0,0,1,0,1,1,6,2,21,5,1796,1,12,-1,2,-1
2015460254209,1,9,0,18,0,1,1,0,2,6,3,1,6,1,30,6,1997,1,7,-1,1,-1
2015460254211,1,8,0,18,0,1,0,0,0,0,4,1,1,1,63,9,1896,2,9,-1,3,-1
2015460254214,1,9,0,18,0,6,0,0,0,0,4,1,6,1,65,9,1120,2,1,-1,3,-1
2015460254214,2,2,0,18,0,1,0,0,0,0,1,1,6,2,25,5,124,1,4,-1,3,-1
2015460254216,1,9,0,16,0,5,0,0,7,7,1,1,1,1,29,6,1956,2,1,-1,1,-1
2015460254217,1,9,0,17,0,0,1,0,1,4,3,1,2,1,60,9,-1,-1,-1,-1,3,-1
2015460254219,1,9,0,7,0,5,0,0,0,0,1,1,6,2,54,8,1398,1,11,-1,1,-1
2015460254220,1,9,0,17,0,0,0,0,1,0,1,1,6,1,35,6,-1,-1,-1,-1,3,-1
2015460254220,2,9,0,16,0,0,0,0,0,0,1,1,2,2,18,4,-1,-1,-1,-1,2,-1
2015460254222,1,19,0,18,0,1,0,0,0,0,4,1,1,1,45,7,2198,2,2,-1,1,-1
2015460254224,1,9,0,17,0,0,5,0,7,9,1,1,6,2,25,5,1596,1,6,-1,1,-1
2015460254226,1,9,0,14,0,1,0,7,0,0,1,1,6,1,78,11,1242,1,2,-1,1,-1
2015460254226,2,9,0,2,0,1,0,0,0,0,2,1,6,2,61,9,1598,2,1,-1,3,-1
2015460254230,1,9,0,16,0,0,1,0,1,10,1,1,6,2,18,4,-1,-1,-1,-1,-1,-1
2015460254232,1,9,0,18,0,8,0,0,0,0,4,1,1,1,66,10,1995,2,2,-1,1,-1
2015460254234,1,9,0,2,0,1,0,0,0,0,1,1,6,1,32,6,-1,-1,-1,-1,1,-1
2015460254234,2,9,0,2,0,1,0,0,0,0,2,1,1,1,54,8,-1,-1,-1,-1,1,-1
2015460254237,1,9,0,8,0,0,0,0,0,0,1,1,6,1,59,9,1560,2,5,-1,1,-1
2015460254237,2,9,0,8,0,0,0,0,0,0,2,1,6,2,46,8,1461,2,5,-1,1,-1
2015460254238,1,9,0,18,0,0,1,4,0,0,3,1,2,1,26,6,1229,1,2,-1,3,-1
2015460254238,2,9,0,2,0,0,0,0,0,0,3,1,6,1,-1,-1,-1,-1,-1,-1,1,-1