Accident_Index,Vehicle_Reference,Vehicle_Type,Towing_and_Articulation,Vehicle_Manoeuvre,Vehicle_Location-Restricted_Lane,Junction_Location,Skidding_and_Overturning,Hit_Object_in_Carriageway,Vehicle_Leaving_Carriageway,Hit_Object_off_Carriageway,1st_Point_of_Impact,Was_Vehicle_Left_Hand_Drive?,Journey_Purpose_of_Driver,Sex_of_Driver,Age_of_Driver,Age_Band_of_Driver,Engine_Capacity_(CC),Propulsion_Code,Age_of_Vehicle,Driver_IMD_Decile,Driver_Home_Area_Type,Vehicle_IMD_Decile
2015460254672,4,9,0,2,0,2,0,0,0,0,1,1,6,1,36,7,2387,2,7,-1,1,-1
2015460254673,1,9,0,18,0,0,0,0,0,0,1,1,6,2,30,6,1149,1,13,-1,2,-1
2015460254673,2,9,0,4,0,0,0,0,0,0,2,1,1,1,59,9,999,1,1,-1,-1,-1
2015460254673,3,9,0,18,0,0,0,0,0,0,0,1,6,1,30,6,2179,2,2,-1,1,-1
2015460254675,1,9,0,18,0,0,0,0,0,0,1,1,6,3,-1,-1,3600,1,12,-1,-1,-1
2015460254675,2,9,0,3,0,0,0,0,0,0,2,1,2,2,29,6,1349,1,8,-1,1,-1
2015460254683,1,9,0,18,0,0,0,0,0,0,3,1,6,3,-1,-1,1995,2,10,-1,-1,-1
2015460254683,2,9,0,18,0,0,0,0,0,0,3,1,2,2,42,7,1368,1,7,-1,1,-1
2015460254686,1,9,0,1,0,2,0,0,0,0,2,1,6,3,-1,-1,-1,-1,-1,-1,-1,-1
2015460254686,2,9,0,2,0,1,0,0,0,0,1,1,6,2,26,6,-1,-1,-1,-1,1,-1
2015460254692,1,9,0,18,0,2,0,0,0,0,1,1,1,2,24,5,1997,2,5,-1,-1,-1
2015460254706,1,90,0,18,0,0,0,0,0,0,1,1,1,1,56,9,-1,-1,-1,-1,1,-1
2015460254709,1,19,0,5,0,4,0,0,0,0,4,1,2,2,28,6,-1,-1,-1,-1,1,-1
2015460254709,2,1,0,5,0,4,0,0,0,0,3,1,6,1,24,5,-1,-1,-1,-1,1,-1
2015460254710,1,3,0,3,0,8,0,0,0,0,1,1,6,1,23,5,114,1,1,-1,1,-1
2015460254710,2,9,0,3,0,1,0,0,0,0,0,1,6,2,44,7,2198,1,9,-1,1,-1
2015460254710,3,1,0,13,4,8,0,0,0,0,2,1,6,1,44,7,-1,-1,-1,-1,1,-1
2015460254714,1,5,0,18,0,1,0,0,0,0,4,1,6,1,36,7,7817,1,11,-1,1,-1
2015460254715,1,9,0,18,0,0,0,7,8,10,1,1,6,2,40,7,1796,1,13,-1,1,-1
2015460254722,1,9,0,9,0,8,0,0,0,0,1,1,6,1,23,5,1798,1,8,-1,1,-1
2015460254722,2,3,0,18,0,1,0,0,0,0,1,1,6,1,79,11,125,1,8,-1,2,-1
2015460254727,1,9,0,12,0,1,1,0,0,0,1,1,1,2,42,7,1248,1,4,-1,1,-1
2015460254727,2,9,0,3,0,1,0,0,0,0,2,1,6,1,51,8,2993,2,7,-1,1,-1
2015460254729,1,9,0,18,0,8,0,0,0,0,1,1,6,1,-1,-1,-1,-1,-1,-1,-1,-1
2015460254729,2,9,0,4,0,8,0,0,0,0,2,1,6,2,65,9,1364,1,10,-1,1,-1
2015460254730,1,9,0,18,0,4,0,0,0,0,1,1,6,1,53,8,1461,2,3,-1,-1,-1
2015460254730,2,1,0,18,0,8,0,0,0,0,2,1,6,1,49,8,-1,-1,-1,-1,1,-1
2015460254732,1,9,0,18,0,0,0,0,2,3,1,1,6,1,23,5,1199,1,12,-1,1,-1
2015460254737,1,9,0,12,0,0,0,0,0,0,1,1,6,2,27,6,1753,2,12,-1,1,-1
2015460254737,2,9,0,18,0,0,0,0,0,0,4,1,1,2,38,7,1992,2,8,-1,1,-1
2015460254737,3,9,0,11,0,0,0,0,0,0,0,1,6,3,-1,-1,-1,-1,-1,-1,-1,-1
2015460254743,1,21,0,18,0,8,5,0,0,0,4,1,1,1,49,8,12740,2,2,-1,3,-1
2015460254744,1,9,0,9,0,8,0,0,0,0,1,1,6,1,70,10,1198,1,4,-1,1,-1
2015460254744,2,4,0,18,0,3,0,0,0,0,4,1,6,1,66,10,599,1,5,-1,1,-1
2015460254752,1,21,1,11,0,0,0,0,0,0,4,1,1,1,26,6,11705,2,8,-1,1,-1
2015460254752,2,9,0,18,0,0,0,0,0,0,3,1,1,2,28,6,1598,1,8,-1,1,-1
2015460254756,1,9,0,18,0,8,0,0,0,0,1,1,6,1,39,7,1968,2,4,-1,1,-1
2015460254756,2,9,0,18,0,8,0,0,0,0,1,1,6,1,55,8,1796,1,11,-1,1,-1
2015460254757,1,9,0,17,0,0,2,0,1,0,1,1,6,1,21,5,1198,1,11,-1,1,-1
2015460254759,1,19,0,1,0,1,0,0,0,0,2,1,6,3,-1,-1,1598,2,2,-1,-1,-1
2015460254761,1,90,0,18,0,0,5,0,0,0,1,1,6,1,12,3,-1,-1,-1,-1,-1,-1
2015460254761,2,19,0,2,0,0,0,0,0,0,2,1,6,1,50,8,1598,2,-1,-1,1,-1
2015460254761,3,9,0,2,0,0,0,0,0,0,2,1,6,1,54,8,-1,-1,-1,-1,1,-1
2015460254761,4,9,0,2,0,0,0,0,0,0,3,1,6,3,-1,-1,1998,1,12,-1,1,-1
2015460254761,5,9,0,2,0,0,0,0,0,0,2,1,6,3,-1,-1,-1,-1,-1,-1,1,-1
2015460254763,1,9,0,18,0,0,1,0,1,7,3,1,6,1,32,6,1997,2,3,-1,1,-1
2015460254764,1,9,0,18,0,1,1,0,0,0,1,1,1,1,31,6,-1,-1,-1,-1,1,-1
2015460254764,2,9,0,18,0,1,0,0,0,0,2,1,1,1,23,5,1242,1,8,-1,1,-1
2015460254765,1,9,0,9,0,2,0,0,0,0,3,1,6,1,38,7,-1,-1,-1,-1,2,-1
2015460254766,1,9,0,18,0,0,0,0,4,6,1,1,6,1,19,4,-1,-1,-1,-1,3,-1
2015460254766,2,9,0,18,0,0,0,0,0,0,1,1,6,1,43,7,-1,-1,-1,-1,1,-1
2015460254766,3,9,0,4,0,0,0,0,0,0,2,1,6,1,24,5,1753,2,9,-1,1,-1
2015460254769,1,9,0,18,0,8,1,0,4,6,3,1,6,1,41,7,3999,1,7,-1,-1,-1
2015460254788,1,9,0,4,0,0,0,0,0,0,1,1,2,1,41,7,1995,2,8,-1,1,-1
2015460254788,2,9,0,4,0,0,0,0,0,0,2,1,2,1,34,6,1995,2,11,-1,1,-1
2015460254788,3,9,0,4,0,0,0,0,0,0,1,1,2,1,58,9,1997,2,13,-1,1,-1
2015460254793,1,2,0,13,0,1,0,0,0,0,4,1,6,1,26,6,49,1,10,-1,1,-1
2015460254793,2,9,0,9,0,1,0,0,0,0,3,1,6,2,42,7,1229,1,10,-1,1,-1
2015460254794,1,9,0,5,0,1,0,0,0,0,1,1,6,1,83,11,1798,1,8,-1,1,-1
2015460254794,2,9,0,18,0,1,0,0,0,0,4,1,3,2,35,6,1956,2,1,-1,1,-1
2015460254795,1,9,0,18,0,4,0,0,0,0,1,1,6,1,24,5,1398,1,2,-1,-1,-1
2015460254795,2,9,0,4,0,4,0,0,0,0,2,1,2,1,29,6,2996,1,8,-1,1,-1
2015460254795,3,90,0,18,0,8,0,0,0,0,0,1,1,3,-1,-1,-1,-1,-1,-1,-1,-1
2015460254798,1,21,0,12,0,0,0,0,0,0,3,1,1,1,27,6,-1,-1,-1,-1,-1,-1
2015460254798,2,9,0,18,0,0,0,0,0,0,4,1,2,2,33,6,-1,-1,-1,-1,1,-1
2015460254800,1,19,0,4,0,0,1,0,0,0,1,1,6,1,39,7,2402,2,4,-1,1,-1
2015460254800,2,19,0,3,0,0,0,0,0,0,2,1,6,1,32,6,2198,2,4,-1,1,-1
2015460254800,3,9,0,3,0,0,0,0,0,0,2,1,6,2,32,6,1242,1,11,-1,2,-1
2015460254800,4,9,0,3,0,0,0,0,0,0,2,1,6,1,43,7,1600,1,15,-1,-1,-1
2015460254803,1,9,0,18,0,1,0,0,0,0,4,1,6,2,38,7,1896,2,11,-1,1,-1
2015460254810,1,9,0,18,0,0,0,0,0,0,4,1,6,2,79,11,995,1,5,-1,1,-1
2015460254812,1,90,0,18,9,2,0,0,0,0,1,1,6,3,-1,-1,-1,-1,-1,-1,-1,-1
2015460254814,1,9,0,16,0,0,0,0,0,0,1,1,6,1,30,6,-1,-1,-1,-1,-1,-1
2015460254814,2,9,0,17,0,0,0,0,0,0,1,1,6,1,54,8,-1,-1,-1,-1,1,-1
2015460254816,1,9,0,9,0,1,0,0,0,0,4,1,6,1,79,11,1329,1,1,-1,3,-1
2015460254816,2,9,0,18,0,1,0,0,3,0,4,1,6,1,40,7,1124,1,14,-1,3,-1
2015460254820,1,5,5,17,0,2,0,0,0,0,0,1,6,1,44,7,1052,1,16,-1,1,-1
2015460254825,1,9,0,11,0,5,5,0,1,0,4,1,6,1,23,5,-1,-1,-1,-1,1,-1
2015460254825,2,20,0,18,0,1,0,0,0,0,1,1,1,1,53,8,2198,2,1,-1,1,-1
2015460254826,1,9,0,18,0,0,0,0,1,9,1,1,6,1,53,8,1896,2,9,-1,3,-1
2015460254829,1,9,0,14,0,0,0,0,0,0,4,1,2,1,28,6,1390,1,1,-1,1,-1
2015460254829,2,9,0,18,0,0,0,0,0,0,1,1,2,1,26,6,1299,1,10,-1,1,-1
2015460254829,3,20,0,2,0,0,0,0,0,0,4,1,6,1,30,6,-1,-1,-1,-1,1,-1
2015460254831,1,9,0,18,0,0,0,0,0,0,1,1,6,2,30,6,1360,1,13,-1,1,-1
2015460254837,1,9,0,18,0,1,0,0,0,0,3,1,6,1,51,8,1997,2,16,-1,1,-1
2015460254838,1,9,0,9,0,6,1,0,2,10,2,1,6,2,23,5,1242,1,9,-1,1,-1
2015460254838,2,9,0,18,0,1,0,0,0,0,1,1,6,1,18,4,973,1,12,-1,1,-1
2015460254841,1,9,0,18,0,0,0,0,0,0,4,1,6,1,66,10,2401,2,12,-1,1,-1
2015460254844,1,9,0,18,0,1,0,0,0,0,1,1,2,2,29,6,1242,1,1,-1,1,-1
2015460254844,2,9,0,3,0,1,0,0,0,0,2,1,2,1,42,7,1995,2,13,-1,1,-1
2015460254844,3,9,0,3,0,1,0,0,0,0,2,1,6,1,24,5,1595,1,5,-1,1,-1
2015460254844,4,9,0,3,0,1,0,0,0,0,2,1,6,2,51,8,2295,1,14,-1,1,-1
2015460254846,1,9,0,5,0,2,0,0,0,0,1,1,6,1,27,6,1995,2,1,-1,1,-1
2015460254846,2,9,0,4,0,2,0,0,0,0,2,1,6,2,56,9,1197,1,1,-1,1,-1
2015460254847,1,9,0,9,0,2,0,0,0,0,1,1,6,1,52,8,1910,2,8,-1,1,-1
2015460254847,2,1,0,18,0,2,0,0,0,0,3,1,1,1,26,6,-1,-1,-1,-1,1,-1
2015460254848,1,9,0,18,0,1,0,0,0,0,1,1,6,1,29,6,-1,-1,-1,-1,1,-1
2015460254848,2,9,0,18,0,1,0,0,0,0,2,1,6,2,31,6,1598,1,9,-1,-1,-1
2015460254851,1,9,0,18,0,0,1,0,0,0,1,1,6,2,23,5,2477,2,15,-1,2,-1
2015460254851,2,9,0,18,0,0,0,0,0,0,2,1,6,1,20,4,2204,2,9,-1,2,-1
2015460254852,1,9,0,12,0,0,0,0,0,0,3,1,1,1,53,8,-1,-1,-1,-1,-1,-1
2015460254852,2,9,0,18,0,0,0,0,0,0,4,1,6,2,41,7,1796,1,7,-1,1,-1
2015460254852,3,9,0,18,0,0,0,0,0,0,1,1,6,1,25,5,1390,1,4,-1,1,-1
2015460254856,1,9,0,18,0,1,0,0,0,0,1,1,1,1,25,5,1753,2,7,-1,1,-1
2015460254856,2,9,0,5,0,1,0,0,0,0,2,1,6,2,36,7,-1,-1,-1,-1,3,-1
2015460254859,1,9,0,1,0,0,0,0,0,0,3,1,6,3,-1,-1,-1,-1,-1,-1,-1,-1
2015460254859,2,9,0,2,0,0,0,0,0,0,3,1,6,1,27,6,1796,1,12,-1,1,-1
2015460254860,1,9,0,9,0,5,0,0,0,0,3,1,6,1,28,6,1198,1,8,-1,1,-1
2015460254860,2,5,0,13,0,1,0,0,0,0,4,1,6,1,48,8,1340,1,6,-1,1,-1
2015460254862,1,9,0,18,0,1,0,0,0,0,1,1,6,1,54,8,-1,-1,-1,-1,-1,-1
2015460254862,2,9,0,18,0,1,0,0,0,0,2,1,6,1,28,6,1390,1,3,-1,3,-1
2015460254862,3,9,0,4,0,5,0,0,0,0,2,1,6,1,59,9,1242,1,4,-1,2,-1
2015460254864,1,9,0,18,0,0,1,0,1,4,4,1,6,2,43,7,1124,1,13,-1,3,-1
2015460254864,2,9,0,13,0,0,0,0,0,0,0,1,6,1,31,6,1896,2,13,-1,1,-1
2015460254867,1,9,0,18,0,8,0,0,0,0,1,1,6,1,22,5,1242,1,8,-1,1,-1
2015460254868,1,90,0,18,0,0,0,0,0,0,1,1,6,2,67,10,-1,-1,-1,-1,1,-1
2015460254868,2,9,0,18,0,0,0,0,0,0,1,1,6,1,42,7,2967,1,13,-1,1,-1
2015460254869,1,9,0,16,0,0,0,0,0,0,1,1,6,2,18,4,1388,1,17,-1,1,-1
2015460254869,2,9,0,17,0,0,0,0,0,0,1,1,2,1,58,9,1299,1,18,-1,3,-1
2015460254870,1,9,0,18,0,0,0,0,0,0,1,1,6,2,49,8,-1,-1,-1,-1,1,-1
2015460254872,1,9,0,7,0,8,0,0,0,0,1,1,6,1,47,8,1248,1,5,-1,1,-1
2015460254872,2,1,0,18,0,1,0,0,0,0,4,1,6,1,20,4,-1,-1,-1,-1,1,-1
2015460254873,1,9,0,7,0,8,0,0,0,0,1,1,6,1,-1,-1,1598,1,4,-1,1,-1
2015460254874,1,9,0,18,0,0,2,0,0,0,1,1,6,1,26,6,1149,1,15,-1,3,-1
2015460254876,1,9,0,9,0,6,0,0,0,0,1,1,6,1,63,9,1896,2,9,-1,1,-1
2015460254876,2,9,0,9,0,5,0,0,0,0,3,1,6,2,41,7,1995,2,1,-1,1,-1
2015460254877,1,3,0,15,0,1,0,0,0,0,1,1,2,1,19,4,125,1,3,-1,3,-1
2015460254877,2,9,0,9,0,6,0,0,0,0,3,1,2,1,48,8,1388,1,10,-1,1,-1
2015460254879,1,9,0,4,0,3,0,0,0,0,1,1,3,1,21,5,1198,1,11,-1,1,-1
2015460254879,2,9,0,4,0,3,0,0,0,0,2,1,1,2,49,8,1598,1,12,-1,1,-1
2015460254879,3,9,0,3,0,3,0,0,0,0,2,1,1,2,56,9,1396,2,4,-1,1,-1
2015460254881,1,4,0,18,0,4,0,0,0,0,1,1,6,1,61,9,599,1,18,-1,-1,-1
2015460254881,2,9,0,18,0,4,0,0,0,0,2,1,6,1,61,9,-1,-1,-1,-1,1,-1
2015460254882,1,9,0,5,8,0,0,0,0,0,3,1,6,1,75,10,1798,1,9,-1,1,-1
2015460254882,2,9,0,18,0,0,1,0,0,0,1,1,6,1,46,8,1968,2,8,-1,1,-1
2015460254886,1,9,0,3,0,1,0,0,0,0,3,1,6,1,28,6,1198,1,1,-1,1,-1
2015460254886,2,19,0,18,0,1,0,0,0,0,1,1,6,1,19,4,2198,2,1,-1,1,-1
2015460254887,1,9,0,9,0,6,0,0,0,0,1,1,6,2,48,8,1598,1,8,-1,1,-1
2015460254887,2,5,0,18,0,1,0,0,0,0,1,1,6,1,45,7,1050,1,1,-1,1,-1
2015460254888,1,9,0,16,0,1,1,0,1,10,1,1,6,1,21,5,-1,-1,-1,-1,2,-1
2015460254888,2,9,0,2,0,2,0,0,1,0,3,1,6,1,33,6,1363,2,12,-1,-1,-1
2015460254889,1,9,0,18,0,0,0,0,0,0,1,1,6,3,-1,-1,-1,-1,-1,-1,-1,-1
2015460254889,2,9,0,3,0,0,0,0,0,0,2,1,6,2,18,4,1086,1,11,-1,1,-1
2015460254889,3,9,0,3,0,0,0,0,0,0,2,1,6,2,27,6,1108,1,7,-1,1,-1
2015460254892,1,9,0,18,0,0,0,0,0,0,0,1,6,3,-1,-1,-1,-1,-1,-1,-1,-1
2015460254892,2,9,0,18,0,0,2,0,0,0,1,1,6,2,19,4,-1,-1,-1,-1,1,-1
2015460254894,1,9,0,18,0,8,0,0,7,10,1,1,6,1,35,6,1560,2,7,-1,1,-1
2015460254899,1,9,0,9,0,1,0,0,1,0,1,1,6,1,17,4,1149,1,8,-1,1,-1
2015460254899,2,9,0,18,0,1,0,0,7,1,1,1,6,2,26,6,1997,1,12,-1,1,-1
2015460254900,1,9,0,9,0,1,0,0,0,0,4,1,6,1,61,9,-1,-1,-1,-1,1,-1
2015460254900,2,9,0,18,0,1,0,0,7,10,1,1,2,2,39,7,-1,-1,-1,-1,1,-1
2015460254902,1,9,0,18,0,1,0,0,0,0,1,1,6,1,34,6,1896,2,9,-1,1,-1
2015460254902,2,9,0,3,0,1,0,0,0,0,2,1,1,2,30,6,1598,2,2,-1,1,-1
2015460254903,1,21,1,12,0,0,0,0,0,0,3,2,6,3,-1,-1,-1,-1,-1,-1,-1,-1
2015460254903,2,9,0,18,0,0,0,0,0,0,4,1,6,2,26,6,1390,1,1,-1,3,-1
2015460254904,1,9,0,9,0,8,0,0,0,0,4,1,6,1,17,4,-1,-1,-1,-1,1,-1
2015460254904,2,9,0,18,0,1,0,0,0,0,1,1,6,1,36,7,1998,1,10,-1,3,-1
2015460254904,3,9,0,3,0,1,0,0,0,0,1,1,6,1,41,7,2987,2,5,-1,1,-1
2015460254908,1,9,0,18,0,0,0,10,0,0,1,1,6,2,53,8,1396,1,12,-1,1,-1
2015460254908,2,9,0,18,0,0,0,0,0,0,1,1,6,1,49,8,1896,2,14,-1,2,-1
2015460254909,1,9,0,3,0,0,0,0,0,0,2,1,6,3,-1,-1,1198,1,13,-1,-1,-1
2015460254909,2,9,0,18,0,0,0,0,0,0,1,1,6,1,75,10,1560,2,2,-1,-1,-1
2015460254910,1,9,0,5,0,0,0,0,0,0,1,1,6,2,23,5,1197,1,2,-1,1,-1
2015460254914,1,9,0,18,0,5,0,0,7,10,1,1,6,2,86,11,1796,1,9,-1,1,-1
2015460254914,2,9,0,18,0,8,0,0,1,10,3,1,6,2,52,8,1956,2,3,-1,1,-1
2015460254917,1,9,0,18,0,0,0,0,0,0,1,1,6,1,44,7,1995,2,3,-1,1,-1
2015460254917,2,9,0,18,0,0,0,0,0,0,2,1,6,2,22,5,1198,1,4,-1,1,-1
2015460254917,3,9,0,18,0,0,0,0,0,0,2,1,6,1,24,5,1560,2,1,-1,-1,-1
2015460254918,1,9,0,18,0,0,0,0,0,0,1,1,6,1,65,9,1560,2,1,-1,3,-1
2015460254918,2,90,0,3,0,0,0,0,0,0,2,1,6,1,69,10,124,1,4,-1,1,-1
2015460254920,1,9,0,18,0,5,0,0,0,0,1,1,2,1,59,9,1598,1,6,-1,1,-1
2015460254920,2,9,0,18,0,1,0,0,0,0,1,1,6,1,63,9,1984,1,14,-1,1,-1
2015460254927,1,9,0,18,0,3,0,0,0,0,3,2,1,1,47,8,-1,-1,-1,-1,-1,-1
2015460254927,2,9,0,18,0,3,0,0,5,0,4,1,6,2,28,6,998,1,1,-1,1,-1
2015460254930,1,9,0,9,0,6,0,0,0,0,1,1,6,2,68,10,1390,1,6,-1,2,-1
2015460254930,2,9,0,18,0,8,0,0,0,0,1,1,6,1,81,11,1497,8,10,-1,3,-1
2015460254931,1,9,0,18,0,0,0,0,0,0,1,1,6,2,29,6,1389,1,20,-1,1,-1
2015460254931,2,90,0,18,0,0,0,0,0,0,1,1,1,1,24,5,2686,2,9,-1,1,-1
2015460254936,1,9,0,1,0,8,0,0,0,0,2,1,6,1,81,11,2198,2,7,-1,3,-1
2015460254937,1,9,0,18,0,0,0,7,0,0,1,1,6,1,28,6,1242,1,11,-1,1,-1
2015460254938,1,9,0,18,0,0,1,0,7,3,1,1,1,1,56,9,-1,-1,-1,-1,2,-1
2015460254941,1,9,0,18,0,6,0,0,0,0,1,1,6,1,19,4,1124,1,12,-1,3,-1
2015460254941,2,9,0,18,0,8,0,0,1,10,3,1,6,1,73,10,1998,1,13,-1,1,-1
2015460254942,1,1,0,18,0,0,1,0,0,0,1,1,6,1,57,9,-1,-1,-1,-1,1,-1
2015460254942,2,1,0,18,0,0,0,0,0,0,2,1,6,1,33,6,-1,-1,-1,-1,1,-1
2015460254943,1,2,0,14,0,1,0,0,0,0,1,1,2,1,21,5,125,1,6,-1,1,-1
2015460254943,2,19,0,9,0,8,0,0,0,0,1,1,2,1,34,6,2464,2,8,-1,1,-1
2015460254944,1,9,0,18,0,0,0,0,0,0,3,1,6,3,-1,-1,-1,-1,-1,-1,-1,-1
2015460254949,1,9,0,9,0,5,0,0,0,0,1,1,6,1,32,6,1997,2,12,-1,1,-1
2015460254949,2,9,0,18,0,1,0,0,0,0,1,1,2,2,20,4,-1,-1,-1,-1,2,-1
2015460254951,1,9,0,18,0,0,0,0,0,0,1,1,6,2,52,8,1339,1,3,-1,1,-1
2015460254955,1,19,0,18,0,0,0,0,2,4,1,1,6,1,29,6,1753,2,10,-1,1,-1
2015460254962,1,9,0,9,0,6,0,0,0,0,3,1,6,2,30,6,1910,2,7,-1,1,-1
2015460254962,2,4,0,18,0,8,0,0,0,0,1,1,6,1,18,4,125,1,5,-1,3,-1
2015460254963,1,9,0,18,0,0,0,0,0,0,1,1,6,1,19,4,1598,1,11,-1,2,-1
2015460254963,2,9,0,18,0,0,0,0,0,0,1,1,6,1,45,7,1997,2,14,-1,2,-1
2015460254965,1,9,0,9,0,8,0,0,0,0,4,1,6,1,56,9,1997,2,-1,-1,-1,-1
2015460254965,2,5,0,18,0,1,0,0,0,0,1,1,6,1,26,6,636,1,11,-1,1,-1
2015460254967,1,9,0,9,0,8,0,0,0,0,4,1,6,1,43,7,1124,1,11,-1,1,-1
2015460254967,2,9,0,18,0,1,0,0,0,0,1,1,6,2,59,9,1124,1,18,-1,1,-1
2015460254968,1,4,0,16,0,0,1,0,0,0,4,1,6,1,17,4,125,1,9,-1,1,-1
2015460254970,1,9,0,10,0,1,0,0,0,0,1,1,6,2,52,8,1598,1,1,-1,2,-1
2015460254970,2,5,0,10,0,1,0,0,0,0,3,1,6,1,59,9,779,1,4,-1,2,-1
2015460254973,1,9,0,18,0,8,0,0,0,0,1,1,2,1,35,6,1398,1,15,-1,1,-1
2015460254973,2,9,0,18,0,8,2,0,0,0,1,1,2,1,36,7,1590,1,10,-1,1,-1
2015460254973,3,9,0,2,0,1,0,4,0,0,4,1,6,2,-1,-1,1598,1,10,-1,1,-1
2015460254973,4,9,0,2,0,1,0,4,0,0,3,1,6,3,-1,-1,1781,1,13,-1,1,-1
2015460254978,1,9,0,4,0,1,0,0,0,0,1,1,6,1,41,7,1598,1,14,-1,1,-1
2015460254978,2,9,0,3,0,1,0,0,0,0,2,1,2,2,19,4,1299,1,10,-1,1,-1
2015460254979,1,9,0,18,0,1,2,4,0,0,4,1,6,1,40,7,1991,1,15,-1,1,-1
2015460254979,2,9,0,2,0,1,0,0,0,0,1,1,6,2,-1,-1,1600,1,16,-1,1,-1
2015460254979,3,9,0,2,0,1,0,0,0,0,1,1,6,1,-1,-1,1997,2,13,-1,1,-1
2015460254979,4,9,0,2,0,1,0,0,0,0,1,1,6,1,-1,-1,-1,-1,-1,-1,1,-1
2015460254984,1,5,0,6,0,0,0,0,0,0,2,1,6,1,24,5,1043,1,1,-1,2,-1
2015460254984,2,4,0,18,0,0,0,0,0,0,1,1,6,1,20,4,398,1,8,-1,1,-1
2015460254986,1,9,0,11,0,3,0,0,0,0,0,1,6,3,-1,-1,-1,-1,-1,-1,-1,-1
2015460254986,2,9,0,18,0,3,0,7,4,6,4,1,6,1,40,7,1388,1,6,-1,1,-1
2015460254987,1,9,0,18,0,0,0,0,7,0,1,1,1,1,18,4,998,1,9,-1,3,-1
2015460254987,2,9,0,18,0,0,0,0,7,0,3,1,6,1,62,9,2993,2,4,-1,3,-1
2015460254989,1,9,0,8,0,1,0,0,0,0,1,1,6,2,50,8,1951,2,12,-1,1,-1
2015460254990,1,9,0,18,0,1,0,0,0,0,1,1,6,1,41,7,1968,2,2,-1,1,-1
2015460254990,2,9,0,3,0,1,0,0,0,0,2,1,6,1,19,4,1596,1,14,-1,-1,-1
2015460254991,1,9,0,9,0,6,0,0,0,0,4,1,6,1,29,6,-1,-1,-1,-1,1,-1
2015460254991,2,9,0,18,0,1,0,0,0,0,3,1,6,1,44,7,3400,6,16,-1,1,-1
2015460254991,3,9,0,8,0,1,0,0,0,0,3,1,6,2,75,10,1360,1,8,-1,1,-1
2015460254993,1,9,0,18,0,4,1,0,0,0,3,1,6,1,24,5,1896,2,11,-1,1,-1
2015460254993,2,9,0,9,0,8,0,0,0,0,4,1,6,2,48,8,1360,1,12,-1,1,-1
2015460254993,3,9,0,2,0,1,0,0,0,0,1,1,6,1,-1,-1,2198,1,12,-1,2,-1
2015460254995,1,9,0,18,0,8,0,0,0,0,1,1,6,3,-1,-1,1800,1,15,-1,-1,-1
2015460255000,1,9,0,14,0,2,0,0,0,0,0,1,6,1,69,10,1390,1,14,-1,1,-1
2015460255003,1,9,0,18,0,0,0,0,0,0,1,1,6,1,29,6,1396,1,13,-1,1,-1
2015460255003,2,9,0,3,0,0,0,0,0,0,2,1,6,2,53,8,1871,2,11,-1,1,-1
2015460255004,1,9,0,9,0,6,0,0,0,0,3,1,6,1,65,9,4293,1,14,-1,1,-1
2015460255004,2,9,0,18,0,8,1,0,0,0,1,1,6,2,48,8,1587,1,14,-1,1,-1
2015460255005,1,9,0,18,0,1,0,0,0,0,1,1,6,2,21,5,998,1,3,-1,-1,-1
2015460255005,2,9,0,4,0,1,0,0,0,0,2,1,6,2,32,6,1598,2,1,-1,1,-1
2015460255005,3,9,0,10,0,1,0,0,0,0,2,1,6,1,51,8,1598,1,9,-1,-1,-1
2015460255011,1,9,0,3,0,0,0,0,0,0,1,1,6,1,34,6,-1,-1,-1,-1,3,-1
2015460255011,2,9,0,3,0,0,0,0,0,0,2,1,6,2,67,10,3199,1,11,-1,1,-1
2015460255013,1,9,0,18,0,0,0,0,0,0,1,1,6,1,85,11,1596,1,13,-1,1,-1
2015460255013,2,9,0,18,0,0,0,0,0,0,2,1,6,2,58,9,-1,-1,-1,-1,1,-1
2015460255014,1,9,0,5,0,1,0,0,0,0,1,1,6,1,33,6,3189,1,12,-1,1,-1
2015460255017,1,9,0,3,0,1,0,0,0,0,1,1,2,1,28,6,1598,1,14,-1,1,-1
2015460255017,2,9,0,3,0,1,0,0,0,0,2,1,6,2,41,7,1389,1,20,-1,1,-1
2015460255017,3,9,0,4,0,4,0,0,0,0,0,1,2,2,31,6,1242,1,1,-1,1,-1
2015460255028,1,9,0,9,0,1,1,0,0,0,4,1,6,1,27,6,-1,-1,-1,-1,1,-1
2015460255028,2,9,0,18,0,1,1,0,0,0,1,1,6,2,19,4,1229,1,9,-1,2,-1
2015460255032,1,9,0,18,0,8,0,0,0,0,1,1,2,2,34,6,-1,-1,-1,-1,2,-1
2015460255032,2,9,0,3,0,8,0,0,0,0,2,1,2,1,25,5,-1,-1,-1,-1,1,-1
2015460255032,3,9,0,3,0,8,0,0,0,0,2,1,6,2,70,10,-1,-1,-1,-1,1,-1
2015460255033,1,9,0,4,0,0,0,0,0,0,1,1,6,1,34,6,-1,-1,-1,-1,1,-1
2015460255033,2,9,0,4,0,0,0,0,0,0,2,1,2,1,32,6,1598,1,13,-1,1,-1
2015460255033,3,9,0,4,0,0,0,0,0,0,2,1,6,1,40,7,-1,-1,-1,-1,1,-1