Accident_Index,Vehicle_Reference,Vehicle_Type,Towing_and_Articulation,Vehicle_Manoeuvre,Vehicle_Location-Restricted_Lane,Junction_Location,Skidding_and_Overturning,Hit_Object_in_Carriageway,Vehicle_Leaving_Carriageway,Hit_Object_off_Carriageway,1st_Point_of_Impact,Was_Vehicle_Left_Hand_Drive?,Journey_Purpose_of_Driver,Sex_of_Driver,Age_of_Driver,Age_Band_of_Driver,Engine_Capacity_(CC),Propulsion_Code,Age_of_Vehicle,Driver_IMD_Decile,Driver_Home_Area_Type,Vehicle_IMD_Decile
2015460255464,5,9,0,4,0,0,0,0,0,0,2,1,6,1,26,6,1600,1,11,-1,1,-1
2015460255464,6,9,0,4,0,0,0,0,0,0,2,1,6,2,48,8,1896,2,11,-1,1,-1
2015460255464,7,9,0,4,0,0,0,0,0,0,1,1,6,1,72,10,-1,-1,-1,-1,1,-1
2015460255467,1,9,0,18,0,0,0,0,5,6,1,1,6,1,43,7,3496,1,19,-1,3,-1
2015460255468,1,9,0,18,0,1,0,0,0,0,3,1,6,1,23,5,1984,1,18,-1,1,-1
2015460255468,2,9,0,18,0,1,2,0,0,0,1,1,6,1,20,4,1598,1,3,-1,3,-1
2015460255468,3,9,0,9,0,8,0,0,0,0,4,1,6,1,48,8,2179,2,4,-1,1,-1
2015460255469,1,3,0,18,0,0,0,0,0,0,1,1,6,1,17,4,-1,-1,-1,-1,1,-1
2015460255469,2,9,0,18,0,0,0,0,0,0,3,1,6,1,18,4,1086,1,10,-1,1,-1
2015460255469,3,9,0,2,0,0,0,0,0,0,1,1,6,1,55,8,-1,-1,-1,-1,1,-1
2015460255475,1,9,0,13,0,1,0,0,0,0,1,1,6,2,37,7,1997,2,6,-1,3,-1
2015460255475,2,19,0,9,0,6,0,0,0,0,3,1,1,1,18,4,1248,2,9,-1,3,-1
2015460255476,1,9,0,11,0,0,0,0,5,6,4,1,6,1,25,5,1149,1,11,-1,-1,-1
2015460255476,2,9,0,18,0,0,0,0,0,0,3,1,2,1,50,8,-1,-1,-1,-1,-1,-1
2015460255478,1,9,0,18,0,0,0,0,0,0,1,1,6,2,64,9,1086,1,10,-1,1,-1
2015460255478,2,9,0,2,0,0,0,0,0,0,2,1,6,1,60,9,-1,-1,-1,-1,1,-1
2015460255478,3,9,0,2,0,0,0,0,0,0,2,1,6,3,-1,-1,1796,1,15,-1,-1,-1
2015460255479,1,9,0,9,0,8,0,0,0,0,4,1,6,1,75,10,2488,1,11,-1,-1,-1
2015460255479,2,9,0,18,0,1,1,0,0,0,1,1,6,1,19,4,1364,1,6,-1,1,-1
2015460255482,1,9,4,18,0,0,3,0,0,0,3,1,1,1,47,8,-1,-1,-1,-1,1,-1
2015460255482,2,9,0,18,0,0,0,0,0,0,1,1,6,2,55,8,1299,1,15,-1,-1,-1
2015460255483,1,9,0,9,0,8,0,0,0,0,1,1,6,2,58,9,1587,1,8,-1,1,-1
2015460255483,2,9,0,18,0,8,0,0,0,0,1,1,6,1,20,4,-1,-1,-1,-1,1,-1
2015460255487,1,9,0,18,0,1,0,0,0,0,1,1,6,2,29,6,1598,1,7,-1,1,-1
2015460255488,1,9,0,18,0,0,0,0,0,0,1,1,2,1,69,10,1896,2,13,-1,1,-1
2015460255488,2,9,0,4,0,0,0,0,0,0,2,1,2,1,46,8,1598,1,6,-1,1,-1
2015460255493,1,9,0,1,7,0,0,0,0,0,2,1,6,1,53,8,1995,2,7,-1,1,-1
2015460255494,1,9,0,18,0,1,0,0,7,10,1,1,6,1,20,4,1598,1,7,-1,1,-1
2015460255494,2,9,0,2,0,2,0,0,0,0,2,1,6,2,21,5,998,1,4,-1,3,-1
2015460255494,3,9,0,2,0,2,0,0,0,0,2,1,6,2,-1,-1,1968,2,7,-1,1,-1
2015460255494,4,9,0,2,0,2,0,0,0,0,2,1,6,3,-1,-1,-1,-1,-1,-1,-1,-1
2015460255496,1,21,0,12,0,0,0,0,0,0,1,1,1,1,54,8,-1,-1,-1,-1,-1,-1
2015460255496,2,9,0,13,0,0,0,0,0,0,2,1,6,1,76,11,1398,1,14,-1,-1,-1
2015460255500,1,9,0,18,0,1,0,0,0,0,1,1,6,1,49,8,-1,-1,-1,-1,-1,-1
2015460255500,2,9,0,10,0,1,0,0,0,0,2,1,6,2,35,6,1995,2,8,-1,-1,-1
2015460255501,1,9,0,4,0,0,0,0,0,0,1,1,6,2,70,10,1422,2,9,-1,1,-1
2015460255501,2,19,0,4,0,0,0,0,0,0,2,1,1,1,49,8,2198,2,1,-1,1,-1
2015460255506,1,9,0,9,0,8,0,0,0,0,1,1,6,1,44,7,3498,1,7,-1,1,-1
2015460255506,2,2,0,18,0,1,1,0,0,0,1,1,6,1,19,4,124,1,2,-1,1,-1
2015460255508,1,9,0,9,0,8,0,0,0,0,1,1,2,1,26,6,-1,-1,-1,-1,1,-1
2015460255508,2,9,0,18,0,8,0,0,0,0,4,1,6,2,48,8,1997,2,2,-1,2,-1
2015460255512,1,9,0,18,0,8,0,0,0,0,1,1,1,1,44,7,1398,1,5,-1,1,-1
2015460255512,2,9,0,9,0,8,0,0,0,0,3,1,1,2,19,4,1242,1,5,-1,2,-1
2015460255513,1,9,0,18,0,0,0,0,0,0,1,1,1,1,49,8,1560,2,1,-1,1,-1
2015460255514,1,9,0,18,0,1,0,0,0,0,1,1,6,2,35,6,1598,1,12,-1,2,-1
2015460255514,2,9,0,10,0,1,0,0,0,0,2,1,6,1,25,5,1360,1,14,-1,2,-1
2015460255514,3,9,0,18,0,2,0,0,0,0,3,1,2,1,45,7,-1,-1,-1,-1,3,-1
2015460255516,1,4,0,13,0,8,0,0,0,0,1,1,6,1,21,5,-1,-1,-1,-1,1,-1
2015460255516,2,17,0,9,0,8,0,0,0,0,3,1,1,1,-1,-1,4485,2,5,-1,2,-1
2015460255517,1,21,0,18,0,8,0,0,0,0,1,2,1,1,50,8,-1,-1,-1,-1,-1,-1
2015460255517,2,9,0,7,0,3,0,0,0,0,4,1,6,2,32,6,1598,1,1,-1,1,-1
2015460255519,1,9,0,18,0,1,2,0,1,10,1,1,6,2,23,5,1596,1,5,-1,1,-1
2015460255519,2,8,0,18,0,2,0,0,0,0,1,1,1,1,23,5,-1,-1,-1,-1,1,-1
2015460255520,1,9,0,18,0,1,0,6,0,0,4,1,6,2,70,10,1248,1,-1,-1,-1,-1
2015460255520,2,9,0,4,0,1,0,0,0,0,0,1,6,1,64,9,-1,-1,-1,-1,1,-1
2015460255525,1,9,0,18,0,6,0,4,0,0,1,1,6,1,38,7,-1,-1,-1,-1,1,-1
2015460255525,2,9,0,2,0,1,0,0,0,0,2,1,6,2,51,8,1997,2,16,-1,2,-1
2015460255532,1,9,0,18,0,0,1,0,1,0,1,1,6,1,56,9,-1,-1,-1,-1,-1,-1
2015460255532,2,21,0,18,0,0,0,0,0,0,1,1,1,1,48,8,-1,-1,-1,-1,-1,-1
2015460255532,3,9,0,18,0,0,0,0,0,0,2,1,6,2,54,8,-1,-1,-1,-1,2,-1
2015460255534,1,9,0,18,0,0,0,0,0,0,1,1,6,2,29,6,1997,1,2,-1,-1,-1
2015460255534,2,9,0,3,0,0,0,0,0,0,2,1,6,2,56,9,998,1,1,-1,1,-1
2015460255534,3,9,0,3,0,0,0,0,0,0,2,1,6,3,-1,-1,-1,-1,-1,-1,-1,-1
2015460255535,1,9,0,18,0,8,0,0,0,0,1,1,2,1,41,7,1598,1,8,-1,1,-1
2015460255535,2,1,0,18,0,8,0,0,0,0,1,1,2,1,34,6,-1,-1,-1,-1,1,-1
2015460255539,1,9,0,18,0,0,0,0,0,0,1,1,1,1,37,7,1461,2,1,-1,1,-1
2015460255542,1,9,0,18,0,1,0,0,0,0,2,1,6,3,-1,-1,-1,-1,-1,-1,-1,-1
2015460255545,1,1,0,18,0,6,0,0,0,0,3,1,6,1,22,5,-1,-1,-1,-1,1,-1
2015460255545,2,9,0,18,0,1,0,0,0,0,1,1,2,2,23,5,1398,2,12,-1,1,-1
2015460255548,1,9,0,18,0,2,0,0,0,0,1,1,6,3,-1,-1,-1,-1,-1,-1,-1,-1
2015460255548,2,9,0,18,0,1,0,0,0,0,2,1,6,1,22,5,-1,-1,-1,-1,1,-1
2015460255551,1,9,0,9,0,8,0,0,0,0,1,1,6,2,-1,-1,-1,-1,-1,-1,-1,-1
2015460255551,2,1,0,9,0,8,0,0,0,0,1,1,6,1,12,3,-1,-1,-1,-1,1,-1
2015460255557,1,9,0,18,0,0,0,0,0,0,1,1,6,3,-1,-1,-1,-1,-1,-1,-1,-1
2015460255573,1,19,0,9,0,5,0,0,0,0,1,1,1,1,19,4,1248,2,2,-1,1,-1
2015460255573,2,9,0,18,0,1,0,0,0,0,1,1,6,1,70,10,1461,2,11,-1,1,-1
2015460255579,1,9,0,9,0,1,0,0,0,0,3,1,6,1,20,4,1796,1,11,-1,1,-1
2015460255579,2,5,0,13,0,1,0,0,0,0,1,1,2,1,48,8,1170,1,6,-1,1,-1
2015460255583,1,5,0,16,0,0,0,0,0,0,1,1,6,1,21,5,599,1,18,-1,1,-1
2015460255583,2,9,0,17,0,0,0,0,0,0,1,1,6,2,49,8,998,1,1,-1,3,-1
2015460255592,1,21,0,12,0,7,0,0,0,0,1,1,1,1,22,5,-1,-1,-1,-1,-1,-1
2015460255592,2,9,0,18,0,1,0,0,0,0,1,1,1,2,50,8,1248,1,5,-1,1,-1
2015460255595,1,9,0,18,0,2,0,0,0,0,1,1,6,3,-1,-1,-1,-1,-1,-1,-1,-1
2015460255595,2,1,0,18,0,6,0,0,0,0,1,1,6,1,4,1,-1,-1,-1,-1,-1,-1
2015460255602,1,9,0,18,0,0,5,7,7,7,3,1,6,1,21,5,1995,2,5,-1,1,-1
2015460255603,1,9,0,18,0,2,0,0,0,0,4,1,1,2,43,7,1461,2,4,-1,-1,-1
2015460255605,1,9,0,18,0,1,0,0,0,0,1,1,6,3,-1,-1,1968,2,2,-1,-1,-1
2015460255605,2,9,0,3,0,2,0,0,0,0,2,1,6,2,42,7,998,1,4,-1,1,-1
2015460255615,1,21,0,11,0,0,0,0,0,0,4,1,6,3,-1,-1,-1,-1,-1,-1,-1,-1
2015460255615,2,9,0,18,0,0,0,0,0,0,1,1,6,2,48,8,-1,-1,-1,-1,-1,-1
2015460255617,1,19,0,5,0,6,0,0,0,0,3,1,1,1,29,6,1868,2,10,-1,1,-1
2015460255617,2,9,4,4,0,1,0,0,0,0,1,1,1,1,44,7,2198,2,3,-1,-1,-1
2015460255618,1,9,0,18,0,2,0,0,0,0,3,1,6,2,40,7,1598,1,5,-1,1,-1
2015460255618,2,9,0,18,0,8,0,0,0,0,4,1,6,1,23,5,1994,2,7,-1,1,-1
2015460255621,1,9,0,18,0,0,0,0,0,0,1,1,6,3,-1,-1,-1,-1,-1,-1,-1,-1
2015460255621,2,9,0,18,0,0,0,0,0,0,2,1,6,1,17,4,1364,1,7,-1,1,-1
2015460255624,1,4,0,7,0,6,0,0,0,0,0,1,6,3,-1,-1,-1,-1,-1,-1,-1,-1
2015460255628,1,1,0,5,0,0,0,0,0,0,4,1,6,1,39,7,-1,-1,-1,-1,2,-1
2015460255628,2,9,0,14,0,0,0,0,0,0,4,1,6,1,80,11,1108,1,6,-1,2,-1
2015460255630,1,9,0,18,0,8,0,0,0,0,1,1,6,1,43,7,1896,2,9,-1,2,-1
2015460255630,2,9,0,18,0,8,0,0,1,0,3,1,6,1,76,11,996,1,1,-1,1,-1
2015460255631,1,9,0,18,0,1,0,0,0,0,1,1,1,2,71,10,1299,1,12,-1,1,-1
2015460255633,1,9,0,18,0,0,0,0,0,0,1,1,6,2,40,7,1560,2,9,-1,1,-1
2015460255633,2,9,0,18,0,0,0,0,7,0,1,1,6,2,52,8,1229,1,2,-1,3,-1
2015460255634,1,9,0,9,0,1,0,0,0,0,4,1,6,1,80,11,1560,2,4,-1,1,-1
2015460255634,2,9,0,9,0,1,0,0,0,0,1,1,3,2,47,8,1995,2,6,-1,3,-1
2015460255635,1,9,0,18,0,0,1,0,0,0,1,1,6,1,-1,-1,1753,2,16,-1,3,-1
2015460255635,2,1,0,18,0,0,0,0,0,0,2,1,6,1,46,8,-1,-1,-1,-1,3,-1
2015460255638,1,9,0,18,0,2,0,0,0,0,1,1,1,2,64,9,1598,1,9,-1,3,-1
2015460255639,1,9,0,9,0,6,0,0,0,0,3,1,6,1,82,11,989,1,16,-1,1,-1
2015460255639,2,9,0,7,0,1,0,0,0,0,4,1,6,2,35,6,1968,2,10,-1,1,-1
2015460255640,1,9,0,18,0,8,1,0,0,0,4,1,6,1,37,7,1997,2,9,-1,1,-1
2015460255640,2,9,0,18,0,8,0,0,0,0,3,1,6,1,70,10,-1,-1,-1,-1,-1,-1
2015460255641,1,9,0,18,0,1,0,0,0,0,1,1,6,2,48,8,1598,1,4,-1,1,-1
2015460255646,1,9,0,5,0,0,0,4,0,0,1,1,6,2,75,10,1591,1,1,-1,3,-1
2015460255646,2,8,0,2,0,0,0,0,0,0,1,1,1,1,39,7,2143,2,3,-1,1,-1
2015460255648,1,9,0,18,0,1,1,0,0,0,1,1,6,2,65,9,1240,1,5,-1,3,-1
2015460255648,2,9,0,4,0,1,0,0,0,0,2,1,6,2,59,9,998,1,11,-1,1,-1
2015460255648,3,9,0,3,0,1,0,0,0,0,2,1,6,2,25,5,1386,1,10,-1,1,-1
2015460255651,1,9,0,18,0,0,0,0,0,0,3,1,6,1,30,6,1998,2,13,-1,-1,-1
2015460255651,2,9,0,18,0,0,0,0,0,0,3,1,6,2,35,6,1595,1,2,-1,-1,-1
2015460255651,3,9,0,18,0,0,0,0,0,0,1,1,6,2,40,7,1997,2,7,-1,-1,-1
2015460255652,1,11,0,12,8,0,0,0,0,0,4,1,3,1,51,8,-1,2,15,-1,1,-1
2015460255652,2,9,0,12,8,0,0,0,0,0,3,1,6,2,55,8,1124,1,8,-1,1,-1
2015460255653,1,9,0,5,0,6,0,0,0,0,4,1,6,2,72,10,1598,1,9,-1,3,-1
2015460255653,2,9,0,18,0,8,0,0,1,1,1,1,6,2,47,8,1596,1,6,-1,1,-1
2015460255656,1,21,1,4,0,2,0,0,0,0,1,1,1,1,37,7,12902,2,-1,-1,1,-1
2015460255656,2,9,0,18,0,2,0,0,0,0,2,1,6,2,40,7,998,1,1,-1,-1,-1
2015460255656,3,9,0,18,0,2,0,0,0,0,2,1,6,1,65,9,1560,2,3,-1,1,-1
2015460255658,1,9,0,18,0,1,0,0,0,0,1,1,6,1,68,10,1997,2,5,-1,-1,-1
2015460255658,2,9,0,3,0,1,0,0,0,0,2,1,6,1,30,6,-1,-1,-1,-1,-1,-1
2015460255658,3,9,0,9,0,5,0,0,0,0,2,1,6,2,66,10,1598,1,8,-1,-1,-1
2015460255661,1,9,0,16,0,2,0,0,0,0,3,1,6,1,25,5,1149,1,10,-1,-1,-1
2015460255661,2,9,0,17,0,1,0,0,0,0,3,1,6,1,64,9,-1,-1,-1,-1,-1,-1
2015460255665,1,1,0,18,0,0,0,0,0,0,0,1,6,1,47,8,-1,-1,-1,-1,3,-1
2015460255666,1,9,0,18,0,1,0,0,1,2,1,1,6,1,31,6,1968,2,10,-1,1,-1
2015460255668,1,9,0,7,0,8,0,0,0,0,4,1,2,2,34,6,1799,1,8,-1,1,-1
2015460255668,2,4,0,7,0,8,0,0,0,0,3,1,2,1,37,7,636,1,10,-1,1,-1
2015460255669,1,9,0,18,0,8,0,0,5,6,1,1,6,2,20,4,1598,1,12,-1,1,-1
2015460255671,1,9,0,7,0,5,0,10,1,0,3,1,6,2,76,11,1296,1,9,-1,1,-1
2015460255671,2,9,0,4,0,1,0,0,0,0,3,1,6,2,47,8,1596,1,9,-1,1,-1
2015460255672,1,9,0,7,0,8,0,0,0,0,4,1,6,2,-1,-1,796,1,13,-1,1,-1
2015460255672,2,1,0,18,0,1,0,0,0,0,1,1,6,1,39,7,-1,-1,-1,-1,1,-1
2015460255673,1,9,0,18,0,1,0,0,0,0,1,1,2,1,47,8,1497,8,8,-1,1,-1
2015460255673,2,9,0,3,0,1,0,0,0,0,2,1,2,1,19,4,1242,1,8,-1,1,-1
2015460255680,1,9,0,9,0,6,0,0,0,0,1,1,3,2,47,8,1991,2,9,-1,1,-1
2015460255680,2,3,0,18,0,1,0,0,0,0,4,1,6,1,18,4,125,1,2,-1,1,-1
2015460255682,1,9,0,13,0,1,0,0,6,9,4,1,6,1,67,10,1598,1,3,-1,1,-1
2015460255682,2,21,0,18,0,1,0,0,0,0,3,1,1,1,50,8,10837,2,2,-1,1,-1
2015460255685,1,9,0,12,0,1,0,0,0,0,2,1,6,2,44,7,1598,1,10,-1,3,-1
2015460255685,2,21,1,18,0,1,0,0,0,0,1,2,1,1,46,8,-1,-1,-1,-1,-1,-1
2015460255685,3,21,1,2,0,1,0,0,0,0,3,2,1,1,49,8,-1,-1,-1,-1,-1,-1
2015460255685,4,21,0,2,0,1,0,0,0,0,3,2,1,1,50,8,-1,-1,-1,-1,-1,-1
2015460255688,1,9,0,4,0,0,0,0,0,0,2,1,6,2,71,10,1596,1,11,-1,3,-1
2015460255688,2,9,0,4,0,0,0,0,5,6,1,1,6,2,67,10,1248,1,1,-1,1,-1
2015460255688,3,9,0,4,0,0,0,0,0,0,1,1,6,1,55,8,1968,2,-1,-1,2,-1
2015460255688,4,9,0,12,0,0,0,0,4,6,1,1,6,1,66,10,-1,-1,-1,-1,3,-1
2015460255706,1,9,0,16,0,0,0,10,3,7,1,1,6,1,64,9,1968,2,3,-1,-1,-1
2015460255710,1,9,0,18,0,2,0,0,1,10,1,1,6,1,39,7,1999,1,12,-1,1,-1
2015460255711,1,1,0,18,0,0,1,0,0,0,1,1,6,1,67,10,-1,-1,-1,-1,3,-1
2015460255713,1,9,0,13,0,0,2,0,7,9,3,1,6,1,34,6,1798,1,7,-1,-1,-1
2015460255713,2,9,0,18,0,0,0,0,0,0,3,1,2,2,19,4,1395,1,1,-1,-1,-1
2015460255713,3,9,0,18,0,0,0,0,0,0,0,1,6,1,57,9,1398,1,11,-1,-1,-1
2015460255719,1,9,0,18,0,0,1,0,0,0,1,1,6,3,-1,-1,-1,-1,-1,-1,-1,-1
2015460255721,1,9,0,18,0,0,1,0,0,0,1,1,6,1,50,8,2720,2,6,-1,2,-1
2015460255721,2,9,0,4,0,0,0,0,0,0,2,1,6,1,46,8,-1,-1,-1,-1,2,-1
2015460255722,1,9,0,18,0,1,0,0,0,0,1,1,6,2,57,9,2179,2,7,-1,1,-1
2015460255722,2,9,0,4,0,1,0,0,0,0,2,1,3,2,45,7,1149,1,11,-1,1,-1
2015460255723,1,9,0,9,0,6,0,0,0,0,3,1,6,1,21,5,1598,1,9,-1,1,-1
2015460255723,2,3,0,18,0,1,0,0,0,0,1,1,6,1,26,6,125,1,1,-1,1,-1
2015460255728,1,9,0,18,0,0,0,0,0,0,1,1,6,2,55,8,2488,1,9,-1,-1,-1
2015460255728,2,1,0,18,0,0,0,0,0,0,3,1,6,1,41,7,-1,-1,-1,-1,-1,-1
2015460255729,1,9,0,9,0,6,0,0,0,0,1,1,1,1,49,8,-1,-1,-1,-1,1,-1
2015460255729,2,9,0,9,0,5,0,0,0,0,3,1,6,1,52,8,998,1,5,-1,1,-1
2015460255730,1,9,0,18,0,1,0,0,0,0,1,1,6,3,-1,-1,-1,-1,-1,-1,-1,-1
2015460255730,2,9,0,18,0,1,0,0,0,0,2,1,6,2,54,8,973,1,14,-1,1,-1
2015460255732,1,9,0,18,0,0,0,0,0,0,3,1,6,3,-1,-1,-1,-1,-1,-1,-1,-1
2015460255732,2,9,0,18,0,0,0,0,0,0,3,1,6,1,44,7,1246,1,9,-1,2,-1
2015460255734,1,9,0,18,0,6,0,0,0,0,1,1,6,2,-1,-1,2198,1,11,-1,1,-1
2015460255734,2,1,0,18,0,8,0,0,0,0,1,1,1,1,-1,-1,-1,-1,-1,-1,1,-1
2015460255739,1,9,0,18,0,1,0,0,0,0,1,1,6,1,21,5,1149,1,5,-1,3,-1
2015460255739,2,9,0,4,0,1,0,0,0,0,2,1,6,1,43,7,1968,2,3,-1,1,-1
2015460255743,1,9,0,9,0,6,0,0,0,0,1,1,6,1,51,8,1997,2,1,-1,1,-1
2015460255743,2,5,0,18,0,1,0,0,0,0,4,1,6,1,50,8,1043,1,-1,-1,1,-1
2015460255743,3,20,0,16,0,5,0,0,0,0,0,1,1,1,-1,-1,-1,-1,-1,-1,-1,-1
2015460255750,1,9,0,18,0,1,0,10,0,0,3,1,6,1,54,8,1598,1,11,-1,3,-1
2015460255756,1,9,0,9,0,8,0,0,0,0,4,1,6,1,22,5,1229,1,10,-1,1,-1
2015460255756,2,9,0,18,0,8,0,0,0,0,4,2,6,1,19,4,-1,-1,-1,-1,1,-1
2015460255760,1,9,0,11,0,1,2,0,2,4,1,1,2,2,19,4,1229,1,1,-1,1,-1
2015460255760,2,21,0,18,0,1,0,0,0,0,1,1,2,1,59,9,-1,2,12,-1,3,-1
2015460255762,1,21,4,12,0,0,0,0,1,7,3,1,6,1,60,9,-1,-1,-1,-1,-1,-1
2015460255762,2,9,0,18,0,0,0,0,0,0,4,1,6,1,30,6,998,1,14,-1,1,-1
2015460255765,1,20,0,18,0,0,0,0,0,0,1,1,2,1,38,7,-1,-1,-1,-1,2,-1
2015460255765,2,9,0,18,0,0,0,0,0,0,2,1,2,2,52,8,1242,1,3,-1,3,-1
2015460255765,3,9,0,18,0,0,0,0,0,0,2,1,4,1,19,4,1199,1,12,-1,1,-1
2015460255765,4,9,0,18,0,0,0,0,0,0,2,1,6,1,47,8,1461,2,-1,-1,1,-1
2015460255766,1,9,0,18,0,1,0,0,0,0,1,1,6,3,-1,-1,-1,-1,-1,-1,-1,-1
2015460255768,1,9,0,18,0,1,0,0,0,0,1,1,6,1,41,7,2204,2,10,-1,-1,-1
2015460255769,1,19,0,1,0,1,0,0,0,0,2,1,6,1,19,4,2402,2,13,-1,-1,-1
2015460255769,2,9,0,3,0,1,0,0,0,0,1,1,6,2,27,6,1598,1,2,-1,2,-1
2015460255772,1,9,0,18,0,1,0,0,7,10,4,1,6,1,24,5,2987,2,5,-1,1,-1
2015460255772,2,9,0,18,0,1,0,0,0,0,0,1,6,1,33,6,1968,2,2,-1,1,-1
2015460255772,3,9,0,9,0,1,0,0,8,1,3,1,6,2,25,5,1598,1,13,-1,3,-1
2015460255773,1,9,0,18,0,1,0,0,0,0,1,1,6,2,-1,-1,1984,1,2,-1,1,-1
2015460255773,2,9,0,8,0,1,0,0,0,0,2,1,6,1,31,6,-1,-1,-1,-1,3,-1
2015460255774,1,9,0,4,0,0,0,0,0,0,1,1,6,1,70,10,-1,-1,-1,-1,1,-1
2015460255774,2,9,0,18,0,0,0,0,0,0,2,1,6,1,31,6,1896,2,14,-1,1,-1
2015460255776,1,9,0,4,0,0,0,0,0,0,1,1,6,2,44,7,1229,1,7,-1,1,-1
2015460255776,2,9,0,4,0,0,0,0,0,0,2,1,2,1,61,9,1997,2,14,-1,1,-1
2015460255776,3,19,0,4,0,0,0,0,0,0,0,1,2,1,37,7,2198,2,4,-1,1,-1
2015460255778,1,9,0,16,0,0,2,0,1,0,3,1,6,1,38,7,1598,1,13,-1,1,-1
2015460255778,2,9,0,17,0,0,0,0,0,0,3,1,6,1,40,7,1995,2,8,-1,1,-1
2015460255785,1,9,0,18,0,1,1,0,0,0,1,1,6,2,22,5,1242,1,10,-1,1,-1
2015460255788,1,3,0,18,0,1,0,0,0,0,1,1,6,1,23,5,124,1,1,-1,1,-1
2015460255788,2,9,0,9,0,8,0,0,0,0,3,1,6,2,32,6,1598,1,8,-1,1,-1
2015460255790,1,20,0,18,0,6,0,0,0,0,1,1,1,1,55,8,-1,-1,-1,-1,1,-1
2015460255790,2,9,0,18,0,8,0,0,7,0,1,1,6,1,60,9,-1,-1,-1,-1,3,-1
2015460255791,1,9,0,18,0,0,0,0,0,0,0,1,6,1,45,7,1390,1,2,-1,1,-1
2015460255791,2,9,0,18,0,0,2,0,2,10,4,1,2,2,24,5,1299,1,17,-1,1,-1
2015460255794,1,9,0,9,0,6,0,0,0,0,1,1,6,2,61,9,1968,2,8,-1,1,-1
2015460255794,2,9,0,18,0,8,0,0,0,0,1,1,6,2,36,7,1200,1,2,-1,1,-1
2015460255795,1,1,0,9,0,6,0,0,0,0,1,1,6,1,35,6,-1,-1,-1,-1,1,-1
2015460255795,2,19,0,18,0,1,0,0,0,0,4,1,1,1,54,8,1870,2,9,-1,3,-1
2015460255796,1,5,0,18,0,1,1,0,0,0,4,1,6,1,25,5,999,1,10,-1,2,-1
2015460255798,1,9,0,18,0,0,0,0,0,0,1,1,6,1,79,11,998,1,4,-1,1,-1
2015460255801,1,9,0,18,0,1,1,0,0,0,1,1,2,1,30,6,2191,2,2,-1,-1,-1
2015460255801,2,9,0,3,0,1,0,0,0,0,2,1,2,2,54,8,1560,2,7,-1,-1,-1
2015460255801,3,9,0,3,0,1,0,0,0,0,2,1,2,1,51,8,1597,1,17,-1,-1,-1
2015460255802,1,9,0,18,0,3,0,0,0,0,1,1,6,3,-1,-1,-1,-1,-1,-1,-1,-1
2015460255802,2,1,0,18,0,8,0,0,0,0,1,1,2,1,27,6,-1,-1,-1,-1,1,-1
2015460255804,1,21,1,1,8,0,0,0,0,0,3,2,1,1,37,7,-1,-1,-1,-1,-1,-1
2015460255804,2,9,0,18,0,0,0,0,0,0,1,1,6,2,68,10,1339,1,3,-1,1,-1
2015460255807,1,9,0,18,0,8,0,0,0,0,1,1,6,1,34,6,2401,2,11,-1,1,-1
2015460255807,2,9,0,18,0,8,0,0,0,0,2,1,6,2,20,4,1598,1,10,-1,3,-1
2015460255807,3,9,0,18,0,8,0,0,4,6,3,1,6,1,35,6,1560,2,3,-1,1,-1
2015460255807,4,19,0,18,0,8,0,0,0,0,1,1,6,1,25,5,2198,2,2,-1,1,-1
2015460255810,1,9,0,18,0,4,0,0,0,0,1,1,6,2,69,10,1591,1,2,-1,2,-1
2015460255810,2,1,0,18,0,3,1,0,0,0,2,1,6,1,35,6,-1,-1,-1,-1,1,-1
2015460255811,1,3,0,18,0,0,0,4,0,0,1,1,2,1,20,4,249,1,-1,-1,1,-1
2015460255811,2,9,0,2,0,0,0,0,0,0,2,1,6,2,26,6,-1,-1,-1,-1,1,-1
2015460255817,1,9,0,9,0,1,0,0,0,0,3,1,6,2,44,7,1242,1,5,-1,1,-1
2015460255817,2,9,0,18,0,1,0,0,0,0,4,1,6,2,36,7,1995,2,12,-1,1,-1
2015460255822,1,9,0,16,0,3,5,0,1,4,1,1,2,2,41,7,2776,2,12,-1,3,-1
2015460255848,1,9,0,18,0,1,0,0,0,0,1,1,6,3,-1,-1,-1,-1,-1,-1,-1,-1
2015460255849,1,9,0,18,0,8,0,0,0,0,1,1,6,1,21,5,1124,1,12,-1,-1,-1
2015460255849,2,9,0,18,0,8,0,0,0,0,2,1,6,2,-1,-1,4999,1,16,-1,1,-1
2015460255851,1,9,0,18,0,1,0,0,0,0,1,1,6,2,-1,-1,1299,1,14,-1,-1,-1
2015460255851,2,9,0,10,0,5,0,0,0,0,2,1,6,2,33,6,1124,1,13,-1,-1,-1
2015460255854,1,21,0,8,0,1,1,0,0,0,1,1,1,1,51,8,-1,-1,-1,-1,1,-1
2015460255854,2,9,0,3,0,1,0,0,0,0,2,1,1,1,37,7,-1,-1,-1,-1,1,-1
2015460255854,3,9,0,3,0,1,0,0,0,0,2,1,1,1,27,6,1986,2,8,-1,1,-1
2015460255856,1,9,0,18,0,1,0,0,0,0,4,1,6,2,70,10,799,2,5,-1,1,-1