Accident_Index,Vehicle_Reference,Vehicle_Type,Towing_and_Articulation,Vehicle_Manoeuvre,Vehicle_Location-Restricted_Lane,Junction_Location,Skidding_and_Overturning,Hit_Object_in_Carriageway,Vehicle_Leaving_Carriageway,Hit_Object_off_Carriageway,1st_Point_of_Impact,Was_Vehicle_Left_Hand_Drive?,Journey_Purpose_of_Driver,Sex_of_Driver,Age_of_Driver,Age_Band_of_Driver,Engine_Capacity_(CC),Propulsion_Code,Age_of_Vehicle,Driver_IMD_Decile,Driver_Home_Area_Type,Vehicle_IMD_Decile
2015460255859,1,9,0,9,0,6,0,0,0,0,0,1,6,1,43,7,1149,1,6,-1,1,-1
2015460255859,2,3,0,18,0,1,1,0,0,0,3,1,6,1,25,5,124,1,14,-1,1,-1
2015460255860,1,9,0,18,1,0,0,0,0,0,1,1,6,1,70,10,1560,2,10,-1,1,-1
2015460255861,1,9,0,14,0,0,0,0,0,0,1,1,1,1,28,6,-1,-1,-1,-1,-1,-1
2015460255861,2,9,0,10,0,0,0,0,0,0,3,1,1,2,68,10,1598,2,4,-1,-1,-1
2015460255864,1,9,0,5,0,1,0,0,0,0,0,1,6,1,46,8,2179,2,2,-1,2,-1
2015460255864,2,2,0,18,0,1,0,0,0,0,0,1,6,1,16,4,49,1,9,-1,2,-1
2015460255869,1,9,0,18,0,0,0,0,0,0,3,1,6,3,-1,-1,-1,-1,-1,-1,-1,-1
2015460255869,2,9,0,18,0,0,5,0,7,0,3,1,6,1,68,10,1396,1,-1,-1,1,-1
2015460255870,1,9,0,18,0,0,0,0,0,0,4,1,1,1,31,6,1984,1,3,-1,1,-1
2015460255870,2,9,0,18,0,0,1,0,1,0,3,1,6,1,22,5,-1,-1,-1,-1,1,-1
2015460255871,1,9,0,18,0,1,0,0,0,0,0,1,6,3,-1,-1,-1,-1,-1,-1,-1,-1
2015460255871,2,9,0,9,0,6,0,0,0,0,0,1,1,1,55,8,1560,2,-1,-1,1,-1
2015460255873,1,9,0,14,0,0,0,0,0,0,0,1,6,3,-1,-1,-1,-1,-1,-1,-1,-1
2015460255873,2,9,0,4,0,0,0,0,0,0,2,1,6,1,58,9,1598,2,3,-1,1,-1
2015460255873,3,9,0,18,0,0,0,0,0,0,1,1,6,1,18,4,1399,2,6,-1,1,-1
2015460255875,1,1,0,18,0,0,0,11,0,0,0,1,6,1,55,8,-1,-1,-1,-1,1,-1
2015460255875,2,1,0,18,0,0,0,11,0,0,1,1,6,1,49,8,-1,-1,-1,-1,1,-1
2015460255875,3,1,0,18,0,0,0,11,0,0,1,1,6,1,55,8,-1,-1,-1,-1,2,-1
2015460255883,1,9,0,18,0,2,0,0,0,0,1,1,6,2,19,4,1388,1,11,-1,1,-1
2015460255883,2,9,0,18,0,2,0,0,0,0,2,1,1,2,21,5,1229,1,3,-1,1,-1
2015460255885,1,21,1,12,0,0,0,0,0,0,1,1,1,1,35,6,12809,2,1,-1,1,-1
2015460255885,2,9,0,18,0,0,0,0,0,0,4,2,6,1,70,10,-1,-1,-1,-1,-1,-1
2015460255886,1,5,0,18,0,0,1,0,1,10,4,1,6,1,26,6,599,1,17,-1,2,-1
2015460255891,1,9,0,13,0,0,0,0,0,0,0,1,6,3,-1,-1,-1,-1,-1,-1,-1,-1
2015460255891,2,9,0,2,0,0,0,0,0,0,2,1,6,1,-1,-1,1341,1,11,-1,1,-1
2015460255891,3,1,0,14,0,0,0,0,0,0,4,1,6,1,22,5,-1,-1,-1,-1,1,-1
2015460255894,1,9,0,16,0,0,0,4,8,2,1,1,6,3,-1,-1,1896,2,12,-1,-1,-1
2015460255894,2,11,0,2,0,0,0,0,0,0,0,1,1,1,58,9,4250,2,11,-1,3,-1
2015460255894,3,9,0,18,0,0,0,0,0,0,1,1,6,2,18,4,1149,1,13,-1,1,-1
2015460255896,1,20,0,18,0,1,0,0,0,0,1,1,1,1,41,7,9200,2,8,-1,1,-1
2015460255896,2,9,0,9,0,5,0,0,0,0,2,1,6,2,39,7,1497,8,8,-1,3,-1
2015460255898,1,1,0,18,0,0,0,0,0,0,2,1,6,2,-1,-1,-1,-1,-1,-1,-1,-1
2015460255898,2,1,0,18,0,0,0,0,0,0,1,1,6,2,50,8,-1,-1,-1,-1,3,-1
2015460255900,1,9,0,18,0,3,0,0,8,10,1,1,6,1,37,7,1997,2,15,-1,1,-1
2015460255903,1,9,0,18,0,1,0,0,0,0,3,1,6,3,-1,-1,1598,1,16,-1,-1,-1
2015460255906,1,9,0,18,0,0,0,0,7,3,1,1,6,3,-1,-1,-1,-1,-1,-1,-1,-1
2015460255911,1,21,0,18,0,0,0,0,0,0,1,1,1,3,-1,-1,9364,2,11,-1,-1,-1
2015460255911,2,9,0,18,0,0,0,0,0,0,2,1,6,2,28,6,1364,1,8,-1,1,-1
2015460255916,1,9,0,18,0,1,0,0,0,0,1,1,6,1,35,6,-1,-1,-1,-1,2,-1
2015460255917,1,9,0,9,0,6,0,0,0,0,3,1,2,2,50,8,1149,1,19,-1,2,-1
2015460255917,2,9,0,18,0,8,0,0,0,0,1,1,2,1,44,7,1598,1,9,-1,1,-1
2015460255921,1,9,0,7,0,8,0,0,0,0,2,1,6,1,24,5,1896,2,8,-1,1,-1
2015460255921,2,9,0,8,0,8,0,0,0,0,2,1,6,1,32,6,1870,2,13,-1,2,-1
2015460255922,1,9,0,6,0,0,1,0,0,0,1,1,6,3,-1,-1,-1,-1,-1,-1,-1,-1
2015460255922,2,1,0,16,0,0,1,0,0,0,1,1,6,1,36,7,-1,-1,-1,-1,1,-1
2015460255924,1,1,0,9,0,8,0,0,0,0,0,1,6,1,60,9,-1,-1,-1,-1,1,-1
2015460255930,1,9,0,18,0,2,0,0,0,0,1,1,6,1,30,6,-1,-1,-1,-1,-1,-1
2015460255930,2,10,0,2,0,2,0,0,0,0,1,1,6,1,61,9,-1,-1,-1,-1,1,-1
2015460255932,1,4,0,5,0,1,0,7,0,0,4,1,6,1,88,11,124,1,11,-1,1,-1
2015460255935,1,9,0,18,0,0,5,10,2,2,1,1,6,2,67,10,1229,1,3,-1,1,-1
2015460255938,1,20,0,18,0,1,0,0,0,0,4,1,1,1,51,8,-1,-1,-1,-1,2,-1
2015460255938,2,9,0,10,0,1,0,0,0,0,3,1,6,2,33,6,1360,1,14,-1,2,-1
2015460255939,1,9,0,7,0,3,0,10,7,2,1,1,6,1,21,5,1229,1,9,-1,1,-1
2015460255944,1,9,0,9,0,8,0,0,0,0,1,1,6,1,17,4,1124,1,13,-1,3,-1
2015460255944,2,9,0,18,0,8,0,0,0,0,1,1,6,1,40,7,1999,1,14,-1,2,-1
2015460255950,1,8,0,16,0,0,0,0,0,0,1,1,1,1,28,6,-1,-1,-1,-1,1,-1
2015460255950,2,9,0,17,0,0,0,0,1,9,1,1,6,1,67,10,1998,2,6,-1,1,-1
2015460255955,1,10,0,9,0,2,0,0,0,0,3,1,6,1,70,10,1968,2,4,-1,1,-1
2015460255955,2,9,0,10,0,1,0,0,0,0,3,1,6,2,52,8,1364,1,-1,-1,2,-1
2015460255956,1,20,0,18,9,0,0,0,1,10,1,1,1,3,-1,-1,-1,-1,-1,-1,-1,-1
2015460255958,1,9,0,7,0,1,0,0,0,0,1,1,6,2,51,8,1328,1,12,-1,1,-1
2015460255963,1,3,0,13,0,1,0,0,0,0,1,1,1,1,34,6,125,1,4,-1,1,-1
2015460255963,2,9,0,9,0,5,0,0,0,0,3,1,2,2,56,9,1905,2,18,-1,1,-1
2015460255964,1,9,0,18,0,8,0,0,0,0,3,1,6,1,25,5,2204,2,8,-1,1,-1
2015460255965,1,9,0,15,0,0,0,0,0,0,4,1,3,2,49,8,1242,1,5,-1,1,-1
2015460255966,1,9,0,18,0,0,1,0,0,0,1,1,1,2,62,9,1598,1,7,-1,1,-1
2015460255966,2,9,0,18,0,0,0,0,0,0,2,1,6,2,45,7,-1,-1,-1,-1,1,-1
2015460255967,1,9,0,9,0,1,0,7,7,1,3,2,6,1,38,7,-1,-1,-1,-1,1,-1
2015460255967,2,9,0,18,0,1,0,0,0,0,1,1,6,1,60,9,1598,1,2,-1,3,-1
2015460255971,1,19,0,18,0,0,1,0,0,0,1,1,1,1,40,7,2402,2,4,-1,1,-1
2015460255971,2,9,3,18,0,0,0,0,0,0,2,1,6,1,75,10,2179,2,6,-1,1,-1
2015460255974,1,9,0,18,0,1,0,0,0,0,1,1,6,3,-1,-1,-1,-1,-1,-1,-1,-1
2015460255974,2,1,0,18,0,1,0,0,0,0,2,1,6,1,56,9,-1,-1,-1,-1,1,-1
2015460255977,1,9,0,16,0,0,0,0,0,0,0,1,6,3,-1,-1,-1,-1,-1,-1,-1,-1
2015460255977,2,9,0,17,0,0,5,0,7,9,1,1,2,1,41,7,1968,2,4,-1,1,-1
2015460255981,1,9,0,18,0,0,1,0,7,9,3,1,6,2,21,5,998,1,14,-1,2,-1
2015460255981,2,9,0,18,0,0,0,0,0,0,0,1,1,2,41,7,1968,2,2,-1,1,-1
2015460255985,1,1,0,18,0,0,0,0,0,0,0,1,6,1,74,10,-1,-1,-1,-1,1,-1
2015460255990,1,9,0,4,0,0,0,0,0,0,1,1,6,2,31,6,1242,1,4,-1,1,-1
2015460255990,2,9,0,4,0,0,0,0,0,0,2,1,6,1,27,6,-1,-1,-1,-1,1,-1
2015460255992,1,3,0,12,0,8,0,0,0,0,3,1,6,1,50,8,124,1,5,-1,1,-1
2015460255992,2,9,0,18,0,8,0,0,0,0,4,1,6,2,24,5,1596,1,9,-1,1,-1
2015460255993,1,1,0,18,0,0,0,0,0,0,1,1,2,1,16,4,-1,-1,-1,-1,1,-1
2015460255993,2,9,0,18,0,0,0,0,0,0,2,1,2,1,20,4,1299,1,13,-1,1,-1
2015460255995,1,9,0,18,0,0,1,0,1,6,3,1,6,1,48,8,1461,2,10,-1,1,-1
2015460255995,2,9,0,18,0,0,0,0,0,0,4,1,6,1,52,8,1995,1,21,-1,1,-1
2015460255997,1,3,0,4,0,8,0,0,0,0,1,1,6,1,21,5,125,1,1,-1,3,-1
2015460255997,2,9,0,4,0,8,0,0,0,0,2,1,1,1,48,8,-1,-1,-1,-1,1,-1
2015460255997,3,9,0,18,0,8,0,0,0,0,1,1,6,2,39,7,1397,1,13,-1,1,-1
2015460256000,1,9,0,5,0,6,0,0,0,0,1,1,6,1,78,11,1242,1,11,-1,2,-1
2015460256000,2,9,0,18,0,1,0,0,0,0,1,1,6,2,26,6,1360,1,12,-1,2,-1
2015460256009,1,9,0,18,0,0,0,0,0,0,1,1,6,2,23,5,1598,1,11,-1,1,-1
2015460256009,2,9,0,18,0,0,0,0,0,0,2,1,6,2,48,8,1991,2,7,-1,1,-1
2015460256010,1,9,0,18,0,8,0,0,7,0,1,1,1,1,36,7,1560,2,3,-1,3,-1
2015460256010,2,9,0,18,0,8,0,0,1,0,1,1,6,1,29,6,998,1,16,-1,-1,-1
2015460256015,1,21,0,9,0,6,0,0,0,0,4,1,1,1,-1,-1,12882,2,2,-1,-1,-1
2015460256024,1,9,0,9,0,1,0,0,0,0,1,1,6,3,-1,-1,-1,-1,-1,-1,-1,-1
2015460256024,2,9,0,18,0,1,0,0,0,0,4,1,6,1,30,6,1390,1,19,-1,1,-1
2015460256026,1,9,0,7,0,8,0,0,0,0,1,1,6,1,18,4,1199,1,15,-1,1,-1
2015460256026,2,9,0,18,0,8,0,0,0,0,1,1,6,1,31,6,-1,-1,-1,-1,1,-1
2015460256026,3,9,0,10,0,8,0,0,0,0,1,1,6,2,45,7,2000,1,10,-1,1,-1
2015460256031,1,9,0,11,0,0,0,0,0,0,4,1,6,2,22,5,998,1,-1,-1,1,-1
2015460256031,2,9,0,18,0,0,1,0,1,10,1,1,6,1,26,6,1997,1,17,-1,1,-1
2015460256034,1,5,0,18,0,0,1,0,0,0,0,1,2,1,27,6,899,1,17,-1,1,-1
2015460256043,1,9,0,18,0,0,0,0,0,0,4,1,6,3,-1,-1,-1,-1,-1,-1,-1,-1
2015460256043,2,1,0,18,0,0,0,0,0,0,3,1,4,1,13,3,-1,-1,-1,-1,1,-1
2015460256050,1,9,0,7,0,8,0,0,0,0,1,1,6,3,-1,-1,-1,-1,-1,-1,-1,-1
2015460256050,2,9,0,7,0,8,0,0,0,0,2,1,6,2,59,9,1598,2,-1,-1,1,-1
2015460256069,1,9,0,18,0,1,0,0,0,0,1,1,6,1,43,7,2926,2,15,-1,2,-1
2015460256069,2,9,0,18,0,1,1,0,1,6,2,1,6,1,35,6,-1,-1,-1,-1,3,-1
2015460256071,1,9,0,4,0,0,0,0,0,0,1,1,6,2,25,5,1229,1,3,-1,1,-1
2015460256071,2,9,0,4,0,0,0,0,0,0,2,1,6,1,28,6,1995,1,8,-1,1,-1
2015460256071,3,9,0,4,0,0,0,0,0,0,1,1,6,1,58,9,-1,-1,-1,-1,3,-1
2015460256071,4,9,0,4,0,0,0,0,0,0,2,1,1,1,25,5,998,1,1,-1,1,-1
2015460256071,5,9,0,4,0,0,0,0,0,0,4,1,6,1,51,8,-1,-1,-1,-1,1,-1
2015460256073,1,11,0,18,0,0,0,0,0,0,2,1,1,2,25,5,-1,-1,-1,-1,-1,-1
2015460256073,2,19,0,18,0,0,0,0,0,0,1,1,1,1,33,6,1998,2,9,-1,1,-1
2015460256073,3,19,0,18,0,0,0,0,0,0,1,1,1,1,25,5,1598,2,3,-1,1,-1
2015460256082,1,9,0,17,9,0,0,0,1,0,1,1,6,1,55,8,-1,-1,-1,-1,1,-1
2015460256082,2,4,0,16,0,0,0,0,0,0,1,1,6,1,19,4,499,1,12,-1,1,-1
2015460256086,1,2,0,13,0,1,0,0,0,0,1,1,6,1,36,7,49,1,6,-1,3,-1
2015460256086,2,21,0,9,0,5,0,0,0,0,3,1,6,1,47,8,12777,2,1,-1,2,-1
2015460256089,1,9,0,9,0,1,0,0,0,0,1,1,6,1,44,7,1560,2,1,-1,3,-1
2015460256089,2,3,0,18,0,1,0,0,0,0,4,1,6,1,32,6,124,1,2,-1,1,-1
2015460256089,3,9,0,9,0,5,0,0,0,0,0,1,6,1,-1,-1,-1,-1,-1,-1,-1,-1
2015460256091,1,9,0,5,0,0,0,0,0,0,4,1,6,1,68,10,1598,1,3,-1,1,-1
2015460256092,1,9,0,18,0,0,2,0,1,0,1,1,6,2,34,6,1590,1,11,-1,-1,-1
2015460256092,2,19,0,18,0,0,1,0,1,0,4,1,6,3,-1,-1,2402,2,4,-1,-1,-1
2015460256092,3,9,0,18,0,0,1,0,1,0,0,1,6,1,32,6,1499,2,-1,-1,-1,-1
2015460256092,4,9,0,18,0,0,1,0,1,0,1,1,6,1,33,6,-1,-1,-1,-1,-1,-1
2015460256093,1,9,0,18,0,1,0,0,0,0,1,1,6,1,30,6,1242,1,8,-1,1,-1
2015460256093,2,9,0,3,0,1,0,0,0,0,2,1,6,1,35,6,1598,1,11,-1,1,-1
2015460256094,1,9,0,18,0,0,1,0,5,6,1,1,6,2,30,6,1248,1,7,-1,1,-1
2015460256095,1,9,0,7,0,6,0,0,0,0,1,1,6,1,53,8,1968,2,-1,-1,-1,-1
2015460256095,2,9,0,18,0,2,0,0,0,0,4,1,6,2,47,8,-1,-1,-1,-1,-1,-1
2015460256096,1,9,0,18,0,3,0,0,0,0,1,1,6,2,58,9,998,1,1,-1,1,-1
2015460256096,2,9,0,4,0,3,0,0,0,0,2,1,6,2,40,7,1769,1,11,-1,1,-1
2015460256101,1,20,0,18,0,0,0,0,0,0,4,1,1,1,32,6,4250,2,3,-1,2,-1
2015460256103,1,9,0,18,0,6,0,0,0,0,1,1,6,1,40,7,1598,1,13,-1,1,-1
2015460256103,2,9,0,18,0,1,0,0,0,0,4,1,6,1,30,6,1560,2,6,-1,1,-1
2015460256105,1,9,0,9,0,8,0,10,1,2,4,1,6,2,41,7,1968,2,11,-1,3,-1
2015460256105,2,9,0,18,0,8,0,0,0,0,0,1,6,3,-1,-1,-1,-1,-1,-1,-1,-1
2015460256107,1,9,0,18,0,2,0,0,0,0,1,1,6,1,40,7,1968,2,6,-1,2,-1
2015460256107,2,9,0,4,0,2,0,0,0,0,2,1,6,1,45,7,1994,2,7,-1,2,-1
2015460256111,1,9,0,12,0,2,0,0,0,0,3,1,6,2,26,6,998,1,7,-1,1,-1
2015460256111,2,5,0,18,0,2,0,0,0,0,4,1,6,1,51,8,1063,1,13,-1,1,-1
2015460256115,1,3,0,4,0,1,1,0,0,0,1,1,6,1,23,5,124,1,3,-1,1,-1
2015460256116,1,9,0,18,0,8,0,0,0,0,1,1,6,2,30,6,998,1,7,-1,1,-1
2015460256116,2,9,0,7,0,3,0,0,7,10,4,1,6,2,35,6,1598,1,11,-1,1,-1
2015460256117,1,9,0,18,0,1,0,0,0,0,1,1,1,3,-1,-1,-1,-1,-1,-1,-1,-1
2015460256117,2,9,0,3,0,1,0,0,0,0,2,1,6,2,40,7,1360,1,13,-1,-1,-1
2015460256119,1,9,0,18,0,1,0,0,0,0,2,1,1,1,31,6,1390,1,4,-1,2,-1
2015460256119,2,9,0,4,0,1,0,0,0,0,1,1,1,1,49,8,999,1,-1,-1,3,-1
2015460256119,3,9,0,18,0,2,0,0,0,0,3,1,1,1,53,8,2495,2,11,-1,3,-1
2015460256120,1,9,0,1,0,0,0,0,0,0,2,1,6,2,32,6,1598,1,9,-1,1,-1
2015460256120,2,9,0,2,0,0,0,0,0,0,1,1,6,2,26,6,1596,1,13,-1,1,-1
2015460256127,1,9,0,12,0,8,0,0,0,0,3,1,6,1,37,7,1968,2,5,-1,1,-1
2015460256127,2,9,0,7,0,3,0,0,0,0,4,1,6,1,70,10,2776,2,9,-1,-1,-1
2015460256136,1,1,0,18,0,0,0,0,0,0,0,1,1,2,57,9,-1,-1,-1,-1,1,-1
2015460256141,1,9,0,18,0,1,0,0,0,0,1,1,6,1,29,6,1995,2,11,-1,-1,-1
2015460256141,2,9,0,9,0,5,0,0,0,0,2,1,6,2,25,5,1397,1,5,-1,1,-1
2015460256142,1,9,0,9,0,5,0,0,0,0,4,1,6,2,28,6,1388,1,5,-1,2,-1
2015460256142,2,9,0,18,0,1,0,0,0,0,1,1,6,1,56,9,1229,1,2,-1,3,-1
2015460256142,3,9,0,10,0,1,0,0,0,0,1,1,2,1,51,8,998,1,1,-1,2,-1
2015460256144,1,9,0,18,0,8,0,0,0,0,1,1,6,1,28,6,1199,1,13,-1,1,-1
2015460256144,2,1,0,18,0,8,0,0,0,0,2,1,6,1,60,9,-1,-1,-1,-1,2,-1
2015460256146,1,9,0,18,6,3,1,10,7,10,1,1,6,2,59,9,1896,2,10,-1,3,-1
2015460256147,1,9,0,17,0,0,1,0,0,0,3,1,6,2,46,8,2184,2,13,-1,2,-1
2015460256147,2,11,0,16,0,0,0,0,0,0,3,2,3,2,43,7,-1,-1,-1,-1,-1,-1
2015460256149,1,1,0,18,0,6,0,0,0,0,4,1,6,1,8,2,-1,-1,-1,-1,1,-1
2015460256149,2,9,0,18,0,1,0,0,0,0,3,1,6,2,30,6,1870,2,12,-1,1,-1
2015460256150,1,8,0,18,0,1,0,0,0,0,1,1,6,2,46,8,2664,2,16,-1,-1,-1
2015460256150,2,9,0,18,0,1,0,0,0,0,2,1,6,2,83,11,998,1,14,-1,-1,-1
2015460256152,1,4,0,18,0,0,1,0,0,0,3,1,6,1,25,5,599,1,19,-1,-1,-1
2015460256152,2,9,0,3,0,0,0,0,0,0,2,1,6,2,18,4,1124,1,10,-1,2,-1
2015460256156,1,9,0,18,0,1,0,0,0,0,1,1,6,1,-1,-1,-1,-1,-1,-1,-1,-1
2015460256156,2,1,0,9,0,6,0,0,0,0,1,1,6,1,26,6,-1,-1,-1,-1,1,-1
2015460256157,1,9,0,18,0,0,0,0,0,0,4,1,6,1,53,8,1896,2,13,-1,-1,-1
2015460256157,2,9,0,18,0,0,0,7,1,7,3,1,6,2,52,8,1749,1,11,-1,1,-1
2015460256163,1,9,0,18,0,1,0,0,7,10,1,1,6,2,71,10,1598,2,3,-1,1,-1
2015460256164,1,9,0,18,0,1,0,0,0,0,1,1,6,1,-1,-1,1998,2,7,-1,1,-1
2015460256164,2,9,0,3,0,1,0,0,0,0,2,1,6,2,35,6,1686,2,7,-1,1,-1
2015460256166,1,9,0,9,0,5,0,0,7,0,4,1,6,1,36,7,1870,2,5,-1,1,-1
2015460256166,2,5,0,18,0,1,1,0,0,0,1,1,6,1,55,8,1198,1,5,-1,3,-1
2015460256168,1,9,0,5,0,6,0,0,0,0,1,1,6,1,42,7,1796,1,12,-1,1,-1
2015460256168,2,9,0,18,0,1,0,0,0,0,1,1,6,1,25,5,1598,1,14,-1,1,-1
2015460256175,1,9,0,18,0,0,0,0,0,0,0,1,1,2,70,10,998,1,11,-1,1,-1
2015460256175,2,9,0,18,0,0,0,0,0,0,1,1,6,1,36,7,-1,-1,-1,-1,1,-1
2015460256177,1,9,0,18,0,8,1,0,0,0,1,1,2,1,37,7,1995,2,4,-1,1,-1
2015460256177,2,9,0,18,0,8,1,0,0,0,3,1,6,1,47,8,1995,2,2,-1,3,-1
2015460256178,1,9,0,18,0,0,0,0,0,0,1,1,6,1,78,11,1560,2,2,-1,1,-1
2015460256178,2,9,0,18,0,0,0,0,0,0,1,1,6,1,33,6,1990,1,18,-1,1,-1
2015460256178,3,9,0,18,0,0,0,0,0,0,1,1,6,2,57,9,1461,2,2,-1,1,-1
2015460256178,4,9,0,18,0,0,0,0,0,0,1,1,6,1,51,8,1956,2,5,-1,1,-1
2015460256178,5,9,0,18,0,0,0,0,0,0,1,1,6,1,79,11,1596,1,2,-1,1,-1
2015460256178,6,9,0,18,0,0,0,0,0,0,1,1,6,1,66,10,1198,1,7,-1,1,-1
2015460256178,7,9,0,18,0,0,0,0,0,0,2,1,6,2,-1,-1,1560,2,7,-1,1,-1
2015460256178,8,9,0,18,0,0,0,0,0,0,1,1,6,1,40,7,1560,2,8,-1,1,-1
2015460256179,1,1,0,18,0,0,0,0,0,0,0,1,6,2,49,8,-1,-1,-1,-1,1,-1
2015460256184,1,9,0,5,0,1,0,0,0,0,3,1,6,1,30,6,1596,1,8,-1,1,-1
2015460256184,2,5,0,18,0,1,0,0,0,0,1,1,6,1,16,4,49,1,1,-1,1,-1
2015460256185,1,9,0,18,0,0,0,0,0,0,4,1,6,1,68,10,1560,2,1,-1,1,-1
2015460256185,2,9,0,5,0,0,0,0,0,0,3,1,6,2,24,5,1997,2,12,-1,1,-1
2015460256186,1,9,0,18,0,1,0,0,0,0,1,1,6,1,35,6,1995,1,6,-1,2,-1
2015460256186,2,5,0,9,0,6,0,0,0,0,2,1,6,1,30,6,-1,-1,-1,-1,1,-1
2015460256187,1,8,0,18,0,1,0,0,0,0,1,1,6,1,-1,-1,-1,-1,-1,-1,1,-1
2015460256187,2,9,0,18,0,4,0,0,0,0,2,1,2,1,21,5,1598,1,10,-1,1,-1
2015460256193,1,9,0,4,0,0,0,0,0,0,2,1,6,1,41,7,1242,1,7,-1,3,-1
2015460256193,2,9,0,18,0,0,0,0,0,0,1,1,6,2,30,6,-1,-1,-1,-1,1,-1
2015460256210,1,9,0,18,0,0,1,0,0,0,2,1,6,1,29,6,1997,2,5,-1,1,-1
2015460256210,2,9,0,18,0,0,0,0,0,0,1,1,6,2,29,6,998,1,16,-1,1,-1
2015460256210,3,9,0,18,0,0,0,0,0,0,3,1,1,1,59,9,-1,-1,-1,-1,1,-1
2015460256210,4,21,0,18,0,0,0,0,0,0,2,1,1,1,30,6,-1,-1,-1,-1,-1,-1
2015460256211,1,9,0,12,0,0,0,0,0,0,3,1,6,1,29,6,1368,1,4,-1,1,-1
2015460256211,2,9,0,18,0,0,0,0,4,6,4,1,6,1,19,4,1796,1,9,-1,1,-1
2015460256220,1,9,0,6,0,0,0,0,0,0,3,1,1,1,60,9,1397,1,13,-1,1,-1
2015460256220,2,3,0,14,0,0,0,0,0,0,1,1,2,1,24,5,124,1,13,-1,1,-1
2015460256221,1,90,0,18,0,0,1,0,0,0,1,1,1,1,46,8,2987,2,5,-1,1,-1
2015460256224,1,9,0,9,0,5,1,0,0,0,4,1,6,1,20,4,1598,1,14,-1,2,-1
2015460256224,2,9,0,18,0,8,1,0,1,0,1,1,6,2,28,6,1796,1,16,-1,1,-1
2015460256228,1,9,0,4,0,0,0,0,0,0,1,1,2,1,23,5,998,1,8,-1,-1,-1
2015460256228,2,9,0,4,0,0,0,0,0,0,2,1,2,2,48,8,1968,2,8,-1,3,-1
2015460256228,3,9,0,18,0,0,0,0,0,0,2,1,2,2,34,6,1598,1,2,-1,-1,-1
2015460256229,1,9,0,5,0,6,0,0,0,0,1,1,6,1,28,6,1598,1,2,-1,1,-1
2015460256229,2,1,0,18,0,1,0,0,0,0,4,1,6,1,42,7,-1,-1,-1,-1,1,-1
2015460256235,1,5,0,17,0,0,0,0,1,9,1,1,6,2,58,9,599,1,14,-1,-1,-1
2015460256240,1,9,0,18,0,0,5,0,2,4,1,1,6,1,43,7,1910,2,7,-1,-1,-1
2015460256242,1,9,0,18,0,0,0,0,0,0,0,1,1,3,-1,-1,-1,-1,-1,-1,-1,-1
2015460256242,2,9,0,18,0,0,0,0,0,0,0,1,6,1,38,7,1390,1,1,-1,1,-1
2015460256247,1,9,0,18,0,0,0,4,0,0,1,1,6,1,18,4,1242,1,4,-1,-1,-1
2015460256247,2,9,0,2,0,0,0,0,0,0,1,1,6,2,26,6,1360,1,13,-1,3,-1
2015460256248,1,19,0,18,0,0,0,0,0,0,1,1,2,1,25,5,2198,2,7,-1,3,-1
2015460256248,2,9,0,4,0,0,0,0,0,0,2,1,6,1,77,11,2996,1,9,-1,-1,-1
2015460256248,3,9,0,4,0,0,0,0,0,0,2,1,6,1,48,8,1598,1,15,-1,1,-1
2015460256252,1,9,0,18,0,4,0,0,0,0,1,1,2,1,35,6,1242,1,8,-1,1,-1
2015460256252,2,9,0,18,0,8,5,0,0,0,4,1,2,1,59,9,1198,1,-1,-1,1,-1
2015460256257,1,1,0,18,0,6,0,0,0,0,3,1,1,1,30,6,-1,-1,-1,-1,-1,-1
2015460256257,2,5,0,18,0,2,0,0,7,0,1,1,1,1,56,9,897,1,10,-1,2,-1
2015460256260,1,9,0,5,0,4,0,0,0,0,4,1,1,2,30,6,1598,1,12,-1,1,-1
2015460256260,2,1,0,16,0,3,0,0,0,0,1,1,1,1,42,7,-1,-1,-1,-1,1,-1
2015460256263,1,9,0,18,0,0,0,0,0,0,1,1,6,3,-1,-1,-1,-1,-1,-1,-1,-1
2015460256265,1,9,0,4,0,1,0,0,0,0,1,1,6,1,31,6,-1,-1,-1,-1,1,-1
2015460256265,2,9,0,3,0,1,0,0,0,0,2,1,6,2,38,7,1299,1,15,-1,1,-1
2015460256269,1,9,0,18,0,8,0,0,0,0,3,1,1,1,54,8,1996,2,5,-1,1,-1
2015460256269,2,21,0,18,0,8,0,0,0,0,4,1,1,1,27,6,-1,-1,-1,-1,-1,-1
2015460256270,1,1,0,18,0,1,1,0,0,0,0,1,6,1,61,9,-1,-1,-1,-1,1,-1
2015460256276,1,9,0,17,0,0,0,0,0,0,1,1,2,2,30,6,1461,2,8,-1,3,-1
2015460256276,2,9,0,16,0,0,0,0,0,0,3,1,2,1,27,6,1598,1,10,-1,1,-1
2015460256278,1,9,0,18,0,1,0,0,0,0,3,1,6,2,27,6,2148,2,7,-1,1,-1
2015460256280,1,9,0,11,0,8,0,0,0,0,3,1,6,3,-1,-1,-1,-1,-1,-1,-1,-1
2015460256280,2,19,0,12,0,8,0,0,0,0,1,1,6,1,23,5,1598,2,2,-1,3,-1