Accident_Index,Vehicle_Reference,Vehicle_Type,Towing_and_Articulation,Vehicle_Manoeuvre,Vehicle_Location-Restricted_Lane,Junction_Location,Skidding_and_Overturning,Hit_Object_in_Carriageway,Vehicle_Leaving_Carriageway,Hit_Object_off_Carriageway,1st_Point_of_Impact,Was_Vehicle_Left_Hand_Drive?,Journey_Purpose_of_Driver,Sex_of_Driver,Age_of_Driver,Age_Band_of_Driver,Engine_Capacity_(CC),Propulsion_Code,Age_of_Vehicle,Driver_IMD_Decile,Driver_Home_Area_Type,Vehicle_IMD_Decile
2015460257513,1,9,0,6,0,0,0,0,0,0,0,1,6,3,-1,-1,-1,-1,-1,-1,-1,-1
2015460257513,2,11,0,18,0,0,0,0,0,0,0,1,1,1,59,9,4500,2,6,-1,1,-1
2015460257514,1,1,0,18,0,0,0,0,0,0,1,1,6,1,29,6,-1,-1,-1,-1,1,-1
2015460257514,2,9,0,18,0,0,0,0,0,0,3,1,6,2,34,6,1242,1,11,-1,1,-1
2015460257522,1,9,0,9,0,2,0,0,0,0,3,1,6,1,24,5,1968,2,6,-1,1,-1
2015460257522,2,9,0,18,0,2,0,0,0,0,1,1,1,1,-1,-1,1896,2,5,-1,1,-1
2015460257522,3,9,0,18,0,2,0,0,0,0,1,1,1,1,-1,-1,1968,2,4,-1,1,-1
2015460257524,1,9,0,18,0,0,1,0,0,0,1,1,6,1,35,6,1560,2,11,-1,-1,-1
2015460257524,2,9,0,18,0,0,0,0,0,0,1,1,6,2,67,10,1598,1,1,-1,-1,-1
2015460257526,1,9,0,11,0,0,0,0,0,0,4,1,6,1,69,10,2204,2,10,-1,1,-1
2015460257526,2,9,0,18,0,0,0,0,1,7,3,1,2,2,58,9,1362,1,2,-1,3,-1
2015460257527,1,21,0,18,0,1,0,0,0,0,1,1,6,3,-1,-1,-1,-1,-1,-1,-1,-1
2015460257527,2,9,0,18,0,1,0,0,0,0,2,1,6,1,50,8,998,1,1,-1,1,-1
2015460257527,3,9,0,12,0,1,0,0,0,0,0,1,6,2,-1,-1,-1,-1,-1,-1,-1,-1
2015460257532,1,9,0,18,0,0,1,0,0,0,1,1,6,1,49,8,-1,-1,-1,-1,1,-1
2015460257532,2,9,0,18,0,0,2,0,1,4,1,1,6,1,33,6,-1,-1,-1,-1,3,-1
2015460257534,1,19,0,9,0,6,0,0,0,0,3,1,1,2,38,7,-1,-1,-1,-1,1,-1
2015460257534,2,9,0,18,0,1,0,0,0,0,1,1,6,1,47,8,2198,2,9,-1,1,-1
2015460257534,3,9,0,18,0,1,0,0,0,0,1,1,6,1,42,7,1984,1,6,-1,1,-1
2015460257538,1,90,0,17,0,0,2,0,0,0,3,1,6,1,19,4,499,1,4,-1,2,-1
2015460257538,2,9,0,16,0,0,0,0,0,0,4,1,6,2,51,8,1560,2,6,-1,1,-1
2015460257544,1,21,0,18,0,1,0,0,1,1,1,1,1,1,33,6,10837,2,1,-1,-1,-1
2015460257544,2,9,0,3,0,1,0,0,0,0,2,1,6,2,38,7,1198,1,1,-1,1,-1
2015460257544,3,9,0,3,0,1,0,0,0,0,2,1,6,1,49,8,1753,2,15,-1,1,-1
2015460257544,4,19,0,18,0,1,0,0,0,0,2,1,6,1,33,6,-1,-1,-1,-1,1,-1
2015460257544,5,9,0,3,0,2,0,0,0,0,2,1,6,1,24,5,1329,1,3,-1,1,-1
2015460257544,6,9,0,3,0,2,0,0,0,0,2,1,6,1,48,8,1998,2,5,-1,1,-1
2015460257544,7,9,0,3,0,2,0,0,0,0,2,1,6,2,38,7,1198,1,3,-1,1,-1
2015460257544,8,9,0,3,0,2,0,0,0,0,2,1,6,2,29,6,1686,2,10,-1,-1,-1
2015460257544,9,9,0,18,0,1,0,0,0,0,1,1,6,1,25,5,1598,2,1,-1,-1,-1
2015460257544,10,9,0,18,0,1,0,0,0,0,2,1,6,2,43,7,-1,-1,-1,-1,-1,-1
2015460257544,11,9,0,18,0,1,0,0,0,0,1,1,6,1,67,10,1999,1,12,-1,1,-1
2015460257544,12,9,0,18,0,1,0,0,0,0,1,1,6,1,30,6,-1,-1,-1,-1,2,-1
2015460257544,13,9,0,18,0,1,0,0,0,0,1,1,6,1,46,8,2143,2,3,-1,2,-1
2015460257544,14,11,0,18,0,1,0,0,0,0,1,1,6,1,53,8,9360,2,8,-1,-1,-1
2015460257552,1,9,0,18,0,7,0,0,0,0,2,1,6,2,56,9,1753,2,12,-1,1,-1
2015460257552,2,21,1,18,0,7,1,0,0,0,1,1,1,1,37,7,1115,2,11,-1,-1,-1
2015460257554,1,9,0,18,0,1,0,0,0,0,4,1,6,1,21,5,1242,1,14,-1,3,-1
2015460257554,2,9,0,18,0,1,0,0,0,0,1,1,3,2,35,6,1560,2,7,-1,1,-1
2015460257555,1,9,0,16,0,8,1,0,1,7,1,1,6,1,23,5,1229,1,3,-1,1,-1
2015460257556,1,9,0,18,0,0,0,0,0,0,3,1,1,2,55,8,1396,2,1,-1,1,-1
2015460257558,1,9,0,18,0,1,0,0,0,0,0,1,6,2,17,4,1984,1,12,-1,1,-1
2015460257560,1,9,0,15,0,1,0,0,0,0,1,1,6,2,64,9,1299,1,8,-1,-1,-1
2015460257562,1,9,0,18,0,0,0,0,1,6,1,1,2,1,54,8,2148,2,9,-1,1,-1
2015460257562,2,9,0,18,0,0,0,0,0,0,1,1,2,2,46,8,1998,1,8,-1,1,-1
2015460257562,3,21,0,18,0,0,0,0,0,0,2,1,1,1,25,5,6692,2,6,-1,1,-1
2015460257563,1,9,0,18,9,3,0,0,1,0,1,1,6,3,-1,-1,899,1,1,-1,1,-1
2015460257577,1,9,0,18,0,1,0,0,0,0,3,1,6,1,43,7,1997,2,13,-1,1,-1
2015460257577,2,9,0,18,0,1,0,0,0,0,4,1,6,1,26,6,1242,1,15,-1,1,-1
2015460257578,1,9,0,16,0,0,0,0,0,0,1,1,6,1,30,6,1368,1,7,-1,2,-1
2015460257578,2,9,0,17,0,0,0,0,0,0,1,1,6,1,30,6,2777,2,4,-1,3,-1
2015460257582,1,9,0,18,0,0,0,0,0,0,1,1,1,1,52,8,1910,2,9,-1,1,-1
2015460257593,1,9,0,18,0,6,0,0,0,0,4,1,3,2,35,6,1598,1,13,-1,-1,-1
2015460257593,2,9,0,18,0,6,0,0,0,0,3,1,2,2,45,7,1339,1,7,-1,-1,-1
2015460257598,1,9,0,18,0,1,0,0,0,0,2,1,6,1,20,4,1596,1,11,-1,1,-1
2015460257598,2,9,0,18,0,1,0,0,0,0,1,1,6,3,-1,-1,998,1,2,-1,-1,-1
2015460257599,1,9,0,18,0,1,0,0,0,0,1,1,6,1,-1,-1,1796,1,12,-1,1,-1
2015460257599,2,9,0,18,0,1,0,0,0,0,4,1,6,1,25,5,1229,1,4,-1,1,-1
2015460257604,1,9,0,4,0,0,0,0,0,0,1,1,1,1,23,5,1598,1,1,-1,1,-1
2015460257604,2,9,0,3,0,0,0,0,0,0,2,1,1,1,36,7,2143,2,5,-1,1,-1
2015460257608,1,9,0,18,0,0,0,0,0,0,1,1,6,3,-1,-1,1796,1,12,-1,-1,-1
2015460257608,2,9,0,2,0,0,0,0,0,0,0,1,6,2,39,7,1587,1,9,-1,-1,-1
2015460257610,1,9,0,5,0,0,0,0,0,0,0,1,1,1,44,7,1968,2,7,-1,1,-1
2015460257612,1,9,0,7,0,6,0,0,0,0,1,1,6,2,33,6,1596,1,16,-1,1,-1
2015460257612,2,9,0,18,0,8,0,0,0,0,4,1,6,2,59,9,1086,1,10,-1,1,-1
2015460257613,1,9,0,4,0,3,0,0,0,0,1,1,1,2,42,7,-1,-1,-1,-1,1,-1
2015460257613,2,9,0,4,0,8,0,0,0,0,2,1,1,2,44,7,1599,1,10,-1,1,-1
2015460257613,3,9,0,4,0,3,0,0,0,0,4,1,6,2,42,7,1242,1,4,-1,-1,-1
2015460257619,1,5,0,17,0,0,0,0,0,0,3,1,6,1,47,8,955,1,15,-1,1,-1
2015460257620,1,9,0,4,0,0,0,0,0,0,0,1,2,1,40,7,1364,1,4,-1,1,-1
2015460257621,1,9,0,9,0,6,0,0,0,0,1,1,6,1,77,11,1198,1,2,-1,2,-1
2015460257621,2,9,0,18,0,1,0,0,0,0,4,1,6,1,19,4,-1,-1,-1,-1,1,-1
2015460257624,1,9,0,18,0,1,0,0,0,0,1,1,6,3,-1,-1,-1,-1,-1,-1,-1,-1
2015460257625,1,9,0,9,0,5,0,0,0,0,1,1,6,2,26,6,1997,2,12,-1,1,-1
2015460257625,2,9,0,9,0,5,0,0,0,0,3,1,6,2,40,7,1396,1,11,-1,-1,-1
2015460257625,3,9,0,18,0,1,0,0,0,0,1,1,1,1,41,7,1560,2,2,-1,1,-1
2015460257627,1,9,0,17,0,1,0,10,7,4,1,1,6,1,18,4,1149,1,10,-1,3,-1
2015460257633,1,9,0,9,0,6,0,0,0,0,1,1,6,2,49,8,1198,1,-1,-1,1,-1
2015460257633,2,9,0,18,0,1,0,0,0,0,1,1,6,2,31,6,1997,2,10,-1,1,-1
2015460257635,1,9,0,7,0,6,0,0,0,0,1,1,6,3,-1,-1,-1,-1,-1,-1,-1,-1
2015460257635,2,9,0,18,0,1,0,0,0,0,1,1,2,1,39,7,2184,2,11,-1,1,-1
2015460257636,1,9,0,18,0,4,0,0,0,0,1,1,6,1,47,8,1296,1,7,-1,1,-1
2015460257636,2,5,0,9,0,8,0,0,0,0,0,1,6,1,35,6,748,1,11,-1,1,-1
2015460257638,1,90,0,18,0,0,0,0,0,0,0,1,6,1,66,10,-1,-1,-1,-1,-1,-1
2015460257639,1,9,0,5,0,1,0,0,0,0,1,1,6,1,57,9,1997,1,16,-1,-1,-1
2015460257639,2,9,0,3,0,1,0,0,0,0,2,1,6,2,48,8,1597,1,16,-1,-1,-1
2015460257640,1,9,0,18,0,0,0,0,0,0,1,1,2,1,35,6,998,1,5,-1,1,-1
2015460257641,1,9,0,12,0,4,0,0,0,0,1,1,6,1,75,10,1328,1,10,-1,1,-1
2015460257641,2,1,0,18,0,4,0,0,0,0,2,1,1,2,50,8,-1,-1,-1,-1,1,-1
2015460257642,1,9,0,18,0,1,0,0,0,0,2,1,1,1,62,9,-1,-1,-1,-1,2,-1
2015460257642,2,9,0,9,0,6,0,0,0,0,1,1,6,2,25,5,1598,2,1,-1,3,-1
2015460257643,1,9,0,18,0,2,0,0,0,0,1,1,6,3,-1,-1,-1,-1,-1,-1,-1,-1
2015460257643,2,9,0,3,0,1,0,0,0,0,1,1,6,2,29,6,-1,-1,-1,-1,3,-1
2015460257644,1,5,0,18,0,0,0,0,0,0,1,1,2,1,55,8,744,1,37,-1,1,-1
2015460257647,1,9,0,18,0,0,0,0,0,0,4,1,6,1,64,9,1997,1,3,-1,1,-1
2015460257647,2,21,0,18,0,0,0,0,0,0,3,2,1,1,30,6,-1,-1,-1,-1,-1,-1
2015460257649,1,9,0,5,0,3,0,0,0,0,1,1,6,1,60,9,2435,1,19,-1,-1,-1
2015460257649,2,9,0,7,0,3,0,0,0,0,2,1,6,1,31,6,1994,2,16,-1,-1,-1
2015460257651,1,9,0,7,0,8,0,0,0,0,3,1,1,1,27,6,1968,2,5,-1,2,-1
2015460257651,2,5,0,14,0,1,0,0,0,0,1,1,6,1,36,7,649,1,9,-1,1,-1
2015460257653,1,9,0,18,0,2,0,4,0,0,1,1,6,1,45,7,1896,2,13,-1,1,-1
2015460257653,2,20,0,2,9,1,0,4,0,0,2,1,6,1,44,7,-1,-1,-1,-1,1,-1
2015460257653,3,9,0,2,9,1,0,4,0,0,2,1,6,1,49,8,1997,2,15,-1,1,-1
2015460257653,4,9,0,2,0,2,0,4,0,0,2,1,6,2,48,8,2231,2,3,-1,3,-1
2015460257655,1,9,0,18,0,1,0,0,0,0,1,1,6,1,28,6,1560,2,1,-1,1,-1
2015460257655,2,9,0,18,0,1,0,0,0,0,2,1,6,1,26,6,1870,2,12,-1,1,-1
2015460257655,3,9,0,9,0,1,0,0,0,0,2,1,6,3,-1,-1,-1,-1,-1,-1,-1,-1
2015460257656,1,9,0,18,0,8,0,0,0,0,1,1,1,1,63,9,-1,-1,-1,-1,1,-1
2015460257656,2,9,0,9,0,5,0,0,0,0,1,1,6,2,62,9,1398,1,4,-1,2,-1
2015460257659,1,3,0,14,0,1,0,0,0,0,1,1,6,1,30,6,124,1,-1,-1,1,-1
2015460257659,2,19,0,9,0,5,0,0,0,0,3,1,6,1,45,7,2463,2,11,-1,3,-1
2015460257660,1,9,0,5,0,1,0,0,0,0,1,1,1,1,59,9,-1,-1,-1,-1,1,-1
2015460257660,2,9,0,10,0,8,0,0,0,0,2,1,3,2,40,7,1199,1,14,-1,1,-1
2015460257662,1,9,0,18,0,1,0,0,0,0,1,1,6,1,19,4,1124,1,16,-1,1,-1
2015460257662,2,9,0,18,0,1,0,0,0,0,2,1,6,1,53,8,1997,2,2,-1,1,-1
2015460257664,1,9,0,18,0,0,0,4,0,0,1,1,6,2,23,5,1587,1,12,-1,1,-1
2015460257664,2,9,0,2,0,0,0,0,7,0,2,1,6,1,73,10,1686,2,10,-1,1,-1
2015460257665,1,9,0,12,0,0,0,0,0,0,3,1,6,1,44,7,-1,-1,-1,-1,1,-1
2015460257665,2,9,0,18,0,0,0,0,4,6,4,1,6,1,24,5,1910,2,11,-1,1,-1
2015460257667,1,9,0,18,0,0,0,0,8,6,1,1,6,1,36,7,2286,1,33,-1,1,-1
2015460257668,1,9,0,18,0,0,0,0,1,1,3,1,6,1,35,6,1991,1,-1,-1,-1,-1
2015460257673,1,9,0,9,0,6,0,0,4,0,3,1,6,1,83,11,1596,1,11,-1,3,-1
2015460257673,2,9,0,18,0,8,0,0,0,0,1,1,6,1,24,5,1781,1,12,-1,1,-1
2015460257675,1,11,0,5,0,0,0,0,0,0,1,1,1,3,-1,-1,-1,-1,-1,-1,-1,-1
2015460257676,1,9,0,18,0,1,0,0,0,0,0,1,6,2,51,8,1275,1,17,-1,1,-1
2015460257679,1,9,0,16,0,1,0,0,0,0,0,1,6,3,-1,-1,-1,-1,-1,-1,-1,-1
2015460257679,2,9,0,17,0,1,1,0,1,10,4,1,6,1,18,4,1399,2,6,-1,1,-1
2015460257681,1,9,0,6,0,1,0,0,0,0,3,1,6,1,18,4,1299,1,10,-1,1,-1
2015460257681,2,9,0,18,0,1,0,0,0,0,1,1,6,2,30,6,1910,2,9,-1,2,-1
2015460257683,1,3,0,18,0,1,0,0,1,0,0,1,2,1,40,7,124,1,12,-1,1,-1
2015460257686,1,9,0,18,0,1,0,0,7,10,1,1,6,1,26,6,1598,1,15,-1,2,-1
2015460257686,2,9,0,18,0,1,0,0,0,0,2,1,6,1,41,7,2996,2,16,-1,1,-1
2015460257692,1,1,0,18,0,1,0,0,0,0,1,1,6,1,19,4,-1,-1,-1,-1,3,-1
2015460257699,1,9,0,17,0,0,0,0,0,0,1,1,6,1,23,5,1587,1,14,-1,1,-1
2015460257699,2,9,0,16,0,0,0,0,0,0,1,1,6,1,64,9,1199,1,13,-1,1,-1
2015460257699,3,2,0,16,0,0,0,0,0,0,0,1,6,1,42,7,50,1,-1,-1,3,-1
2015460257701,1,1,0,9,0,1,0,0,0,0,2,1,4,1,13,3,-1,-1,-1,-1,1,-1
2015460257701,2,9,0,18,0,1,0,0,0,0,1,1,6,2,59,9,2497,2,7,-1,1,-1
2015460257702,1,9,0,9,0,8,0,0,0,0,1,1,6,2,-1,-1,-1,-1,-1,-1,-1,-1
2015460257702,2,9,0,9,0,8,0,0,0,0,2,1,6,2,62,9,1769,1,10,-1,1,-1
2015460257707,1,9,0,18,0,0,0,0,0,0,1,1,6,1,22,5,1388,1,5,-1,1,-1
2015460257707,2,9,0,18,0,0,0,0,0,0,2,1,6,1,29,6,1390,1,7,-1,1,-1
2015460257707,3,9,0,18,0,0,0,0,0,0,2,1,6,1,29,6,1997,2,1,-1,2,-1
2015460257716,1,9,0,18,0,1,0,0,0,0,4,1,6,3,-1,-1,-1,-1,-1,-1,-1,-1
2015460257716,2,1,0,18,0,1,0,10,1,0,4,1,6,1,53,8,-1,-1,-1,-1,1,-1
2015460257717,1,9,0,17,0,0,0,0,0,0,1,1,6,1,53,8,2987,2,3,-1,3,-1
2015460257717,2,9,0,18,0,0,5,0,0,0,1,1,6,1,56,9,1086,1,6,-1,3,-1
2015460257718,1,5,0,18,0,0,0,0,0,0,1,1,6,1,20,4,599,1,17,-1,1,-1
2015460257718,2,2,0,13,0,0,0,0,0,0,0,1,6,1,21,5,124,1,3,-1,1,-1
2015460257718,3,9,0,18,0,0,0,0,0,0,2,1,6,2,34,6,1896,2,6,-1,-1,-1
2015460257723,1,9,0,9,0,5,0,0,0,0,1,1,6,1,38,7,1998,2,6,-1,1,-1
2015460257723,2,9,0,18,0,1,0,0,0,0,1,1,6,1,28,6,1229,1,1,-1,1,-1
2015460257726,1,9,0,18,0,1,0,0,0,0,1,1,2,1,37,7,1997,2,3,-1,3,-1
2015460257726,2,5,0,18,0,1,0,0,0,0,2,1,2,1,43,7,998,1,7,-1,1,-1
2015460257728,1,9,0,18,0,8,0,0,0,0,1,1,6,2,31,6,1596,1,4,-1,1,-1
2015460257728,2,9,0,3,0,8,0,0,0,0,0,1,6,2,60,9,1598,1,5,-1,1,-1
2015460257729,1,9,0,18,0,0,0,0,0,0,3,1,2,2,56,9,1896,2,10,-1,1,-1
2015460257731,1,9,0,4,0,1,0,0,0,0,1,1,1,1,55,8,1896,2,12,-1,1,-1
2015460257731,2,9,0,3,0,1,0,0,0,0,2,1,6,2,47,8,1896,2,12,-1,1,-1
2015460257734,1,9,0,18,0,1,0,0,0,0,4,1,6,2,81,11,998,1,10,-1,1,-1
2015460257734,2,20,0,10,0,1,0,0,0,0,1,1,1,1,29,6,6370,2,12,-1,3,-1
2015460257735,1,20,0,18,0,0,0,0,0,0,0,1,6,3,-1,-1,-1,-1,-1,-1,-1,-1
2015460257735,2,9,0,18,0,0,0,11,0,0,1,1,1,1,38,7,1598,1,11,-1,1,-1
2015460257741,1,9,0,17,0,0,0,0,0,0,3,1,6,1,45,7,1360,1,16,-1,1,-1
2015460257741,2,9,0,16,0,0,0,0,0,0,3,1,6,2,24,5,2793,2,16,-1,1,-1
2015460257743,1,9,0,18,0,1,0,0,0,0,1,1,6,2,31,6,1781,1,8,-1,2,-1
2015460257743,2,9,0,9,0,1,0,0,0,0,2,1,6,2,28,6,1968,2,10,-1,3,-1
2015460257746,1,9,0,18,0,0,0,0,0,0,3,1,6,1,20,4,1242,1,2,-1,1,-1
2015460257750,1,19,0,7,0,8,0,0,0,0,0,1,6,1,67,10,1399,2,6,-1,-1,-1
2015460257750,2,1,0,4,0,1,1,0,0,0,0,1,6,1,47,8,-1,-1,-1,-1,-1,-1
2015460257756,1,9,0,17,0,0,0,0,0,0,1,1,6,1,24,5,1198,1,11,-1,1,-1
2015460257756,2,4,0,4,0,0,0,0,0,0,2,1,6,1,22,5,686,1,7,-1,1,-1
2015460257759,1,9,0,18,0,0,0,0,0,0,1,1,6,2,51,8,1200,1,-1,-1,1,-1
2015460257761,1,9,0,17,0,0,1,0,0,0,1,1,6,2,52,8,2967,1,16,-1,1,-1
2015460257761,2,9,0,16,0,0,1,0,0,0,1,1,6,1,51,8,2494,2,28,-1,1,-1
2015460257763,1,9,0,4,0,1,0,0,0,0,1,1,6,3,-1,-1,-1,-1,-1,-1,-1,-1
2015460257765,1,1,0,18,0,8,0,0,0,0,0,1,6,1,37,7,-1,-1,-1,-1,1,-1
2015460257766,1,9,0,3,0,1,0,0,0,0,1,1,6,1,25,5,1598,1,15,-1,1,-1
2015460257766,2,9,0,4,0,5,0,0,1,0,2,1,6,1,70,10,1870,2,8,-1,1,-1
2015460257771,1,9,0,9,0,6,0,0,1,0,1,1,6,1,80,11,1596,1,5,-1,1,-1
2015460257771,2,9,0,18,0,8,1,0,0,0,4,1,2,1,20,4,1198,1,11,-1,1,-1
2015460257772,1,10,0,18,0,0,0,0,0,0,3,1,6,1,41,7,2198,2,3,-1,1,-1
2015460257772,2,9,0,2,0,0,0,0,0,0,4,1,6,2,31,6,1364,1,5,-1,1,-1
2015460257773,1,19,0,18,0,1,0,0,0,0,4,1,6,3,-1,-1,2143,2,2,-1,-1,-1
2015460257775,1,19,0,18,0,2,0,0,0,0,1,1,6,3,-1,-1,1998,2,13,-1,-1,-1
2015460257775,2,9,0,2,0,2,0,0,0,0,2,1,6,1,-1,-1,-1,-1,-1,-1,1,-1
2015460257777,1,9,0,16,0,0,0,0,0,0,1,1,2,1,30,6,1870,2,10,-1,2,-1
2015460257777,2,9,0,17,0,0,0,0,1,9,1,1,1,1,22,5,-1,-1,-1,-1,-1,-1
2015460257780,1,9,0,4,0,1,0,0,0,0,1,1,2,1,23,5,1329,1,1,-1,2,-1
2015460257780,2,9,0,9,0,1,0,0,0,0,2,1,2,1,36,7,1973,1,14,-1,1,-1
2015460257785,1,9,0,12,0,2,0,0,0,0,3,2,6,3,-1,-1,-1,-1,-1,-1,-1,-1
2015460257785,2,9,0,18,0,2,0,0,0,0,4,1,6,2,32,6,2295,1,15,-1,1,-1
2015460257788,1,5,0,11,0,8,1,0,0,0,1,1,6,1,60,9,-1,-1,-1,-1,-1,-1
2015460257788,2,9,0,18,0,8,0,0,0,0,2,1,6,1,27,6,1997,2,10,-1,1,-1
2015460257789,1,9,0,18,0,1,0,0,0,0,1,1,2,1,24,5,1587,1,18,-1,1,-1
2015460257789,2,9,0,9,0,2,0,0,0,0,3,1,6,1,20,4,1600,1,16,-1,1,-1
2015460257794,1,11,0,7,0,8,0,0,0,0,0,1,1,2,64,9,5883,2,14,-1,-1,-1
2015460257801,1,9,0,18,0,0,0,0,0,0,3,1,6,2,43,7,1910,2,9,-1,1,-1
2015460257801,2,9,0,18,0,0,0,0,0,0,3,1,6,1,76,11,1783,1,15,-1,1,-1
2015460257802,1,9,0,2,0,0,0,0,0,0,3,1,1,2,50,8,1968,2,-1,-1,1,-1
2015460257802,2,1,0,14,0,0,0,8,0,0,4,1,1,1,22,5,-1,-1,-1,-1,1,-1
2015460257803,1,9,0,7,0,8,0,0,0,0,0,1,6,3,-1,-1,-1,-1,-1,-1,-1,-1
2015460257803,2,9,0,7,0,8,0,0,0,0,0,1,6,1,39,7,1796,1,12,-1,1,-1
2015460257805,1,9,0,18,0,1,0,0,0,0,3,1,1,2,33,6,1390,1,14,-1,1,-1
2015460257805,2,9,0,18,0,2,0,0,0,0,3,1,1,2,50,8,1339,1,3,-1,1,-1
2015460257813,1,17,0,18,0,0,5,0,1,0,1,1,1,1,52,8,229,1,9,-1,3,-1
2015460257813,2,17,0,18,0,0,0,0,0,0,1,1,1,1,43,7,6800,2,4,-1,3,-1
2015460257814,1,9,0,18,0,0,2,0,2,10,1,1,6,1,62,9,1951,2,14,-1,3,-1
2015460257814,2,9,0,4,0,0,0,0,0,0,4,1,6,1,49,8,1596,1,3,-1,3,-1
2015460257815,1,5,0,13,0,1,0,10,7,10,1,1,6,1,29,6,649,1,6,-1,1,-1
2015460257815,2,9,0,9,0,1,0,0,0,0,3,1,6,1,48,8,2231,2,-1,-1,1,-1
2015460257815,3,9,0,9,0,1,0,0,0,0,1,1,6,1,50,8,-1,-1,-1,-1,1,-1
2015460257819,1,9,0,9,0,0,0,0,0,0,1,1,6,1,45,7,2143,2,-1,-1,2,-1
2015460257819,2,4,0,9,0,0,0,0,0,0,1,1,6,2,28,6,-1,-1,-1,-1,1,-1
2015460257820,1,21,4,17,0,0,0,0,2,1,4,1,1,1,41,7,12740,2,5,-1,3,-1
2015460257822,1,8,0,9,0,1,0,0,0,0,3,1,6,1,45,7,1598,1,6,-1,1,-1
2015460257822,2,3,0,18,0,1,0,0,0,0,1,1,6,1,28,6,-1,-1,-1,-1,1,-1
2015460257825,1,9,0,7,0,6,0,0,0,0,0,1,6,1,29,6,2993,2,1,-1,3,-1
2015460257825,2,1,0,18,0,8,0,0,0,0,0,1,6,1,29,6,-1,-1,-1,-1,2,-1
2015460257834,1,9,0,18,0,0,0,0,1,0,4,1,2,1,20,4,1598,1,8,-1,3,-1
2015460257838,1,3,0,4,0,0,1,0,0,0,1,1,2,1,20,4,124,1,5,-1,1,-1
2015460257838,2,9,0,4,0,0,0,0,0,0,2,1,2,2,45,7,1242,1,7,-1,1,-1
2015460257842,1,21,0,17,0,0,5,10,1,9,1,1,1,3,-1,-1,11967,2,6,-1,-1,-1
2015460257844,1,9,0,17,0,1,0,0,0,0,0,1,6,3,-1,-1,-1,-1,-1,-1,-1,-1
2015460257844,2,9,0,16,0,1,0,0,7,10,3,1,6,1,32,6,1995,1,13,-1,1,-1
2015460257847,1,9,0,12,0,4,1,0,0,0,1,1,6,3,-1,-1,-1,-1,-1,-1,-1,-1
2015460257847,2,9,0,11,0,3,0,0,0,0,4,1,6,1,40,7,1598,2,4,-1,2,-1
2015460257848,1,9,0,1,0,2,0,0,0,0,2,1,6,3,-1,-1,-1,-1,-1,-1,-1,-1
2015460257848,2,9,0,18,0,2,0,0,0,0,1,1,6,1,39,7,-1,-1,-1,-1,1,-1
2015460257850,1,9,0,18,0,3,0,0,1,7,1,1,6,2,31,6,2488,2,9,-1,1,-1
2015460257852,1,1,0,18,0,1,0,0,0,0,3,1,6,1,25,5,-1,-1,-1,-1,1,-1
2015460257852,2,9,0,18,0,1,0,0,0,0,1,1,6,1,54,8,1796,1,8,-1,3,-1
2015460257853,1,9,0,18,0,0,1,0,0,0,3,1,6,1,37,7,1598,1,3,-1,1,-1
2015460257853,2,9,0,2,0,0,0,0,0,0,0,1,6,1,38,7,2171,2,16,-1,1,-1
2015460257857,1,9,0,18,0,0,0,0,0,0,1,1,6,2,21,5,998,1,3,-1,1,-1
2015460257857,2,9,0,1,0,0,0,0,0,0,2,1,6,2,31,6,1587,1,10,-1,1,-1
2015460257858,1,9,0,9,0,6,0,0,0,0,1,1,6,2,77,11,1762,1,17,-1,3,-1
2015460257858,2,9,0,18,0,1,1,0,7,0,1,1,6,2,27,6,1598,1,9,-1,3,-1
2015460257860,1,19,0,9,0,6,0,0,0,0,3,1,1,2,56,9,-1,-1,-1,-1,3,-1
2015460257860,2,3,0,18,0,8,0,0,0,0,1,1,6,1,18,4,124,1,6,-1,2,-1
2015460257861,1,2,0,18,0,0,0,0,0,0,1,1,6,1,16,4,49,1,3,-1,1,-1
2015460257861,2,9,0,4,0,0,0,0,0,0,2,1,6,1,30,6,3199,1,13,-1,1,-1
2015460257862,1,9,0,9,0,1,0,0,0,0,0,1,6,2,39,7,-1,-1,-1,-1,-1,-1
2015460257862,2,9,0,7,0,6,0,0,1,10,1,1,6,1,38,7,1796,1,14,-1,1,-1
2015460257868,1,9,0,18,0,1,0,0,0,0,3,1,6,2,67,10,998,1,1,-1,3,-1
2015460257869,1,9,0,18,0,1,1,0,0,0,1,1,1,1,44,7,1997,2,15,-1,2,-1
2015460257869,2,9,0,18,0,2,0,0,0,0,2,1,6,1,61,9,1840,1,14,-1,1,-1
2015460257876,1,5,0,18,0,0,0,10,1,10,1,1,6,1,47,8,805,1,7,-1,1,-1
2015460257877,1,9,0,18,0,0,0,0,1,0,1,1,6,1,48,8,2664,2,17,-1,2,-1
2015460257877,2,9,4,2,0,0,0,0,0,0,2,1,6,1,48,8,2495,2,11,-1,3,-1
2015460257882,1,9,0,18,0,2,0,0,0,0,1,1,3,2,38,7,1560,2,4,-1,1,-1
2015460257882,2,9,0,2,0,2,0,0,0,0,0,1,6,3,-1,-1,1560,2,9,-1,-1,-1