Accident_Index,Vehicle_Reference,Vehicle_Type,Towing_and_Articulation,Vehicle_Manoeuvre,Vehicle_Location-Restricted_Lane,Junction_Location,Skidding_and_Overturning,Hit_Object_in_Carriageway,Vehicle_Leaving_Carriageway,Hit_Object_off_Carriageway,1st_Point_of_Impact,Was_Vehicle_Left_Hand_Drive?,Journey_Purpose_of_Driver,Sex_of_Driver,Age_of_Driver,Age_Band_of_Driver,Engine_Capacity_(CC),Propulsion_Code,Age_of_Vehicle,Driver_IMD_Decile,Driver_Home_Area_Type,Vehicle_IMD_Decile
2015460260416,2,1,0,18,0,0,0,0,0,0,4,1,6,1,88,11,-1,-1,-1,-1,1,-1
2015460260419,1,9,0,18,0,8,0,0,0,0,1,1,6,1,-1,-1,3222,2,12,-1,-1,-1
2015460260419,2,9,0,18,0,8,0,0,0,0,4,1,2,1,38,7,1388,1,15,-1,1,-1
2015460260419,3,9,0,2,9,2,0,0,0,0,0,1,6,3,-1,-1,3996,1,16,-1,1,-1
2015460260419,4,9,0,2,9,8,0,0,0,0,0,1,6,3,-1,-1,1124,1,14,-1,1,-1
2015460260421,1,3,0,9,0,8,1,0,0,0,0,1,6,1,22,5,125,1,1,-1,1,-1
2015460260424,1,1,0,18,0,8,0,0,0,0,0,1,6,1,36,7,-1,-1,-1,-1,-1,-1
2015460260430,1,1,0,18,0,0,0,0,0,0,1,1,6,2,61,9,-1,-1,-1,-1,1,-1
2015460260430,2,9,0,2,0,0,0,0,0,0,2,1,6,2,18,4,998,1,10,-1,1,-1
2015460260431,1,9,0,17,0,0,0,0,1,0,4,1,6,2,30,6,-1,-1,-1,-1,-1,-1
2015460260433,1,9,0,5,0,1,0,0,0,0,1,1,6,3,-1,-1,-1,-1,-1,-1,-1,-1
2015460260434,1,9,0,13,0,6,0,0,0,0,4,1,6,3,-1,-1,-1,-1,-1,-1,-1,-1
2015460260435,1,9,0,9,0,6,0,0,0,0,4,1,6,2,85,11,1086,1,9,-1,-1,-1
2015460260435,2,9,0,18,0,1,0,0,0,0,4,1,6,1,43,7,1587,1,14,-1,1,-1
2015460260436,1,9,0,3,0,1,0,0,0,0,1,1,6,1,67,10,1796,1,15,-1,1,-1
2015460260436,2,9,0,7,0,5,0,0,1,10,2,1,6,1,25,5,1896,2,12,-1,1,-1
2015460260440,1,19,0,18,0,1,1,0,0,0,1,1,6,1,-1,-1,2464,2,7,-1,-1,-1
2015460260440,2,9,0,4,0,1,0,0,0,0,2,1,6,1,31,6,2446,1,11,-1,1,-1
2015460260449,1,9,0,11,0,8,0,0,0,0,1,1,6,1,17,4,1242,1,12,-1,1,-1
2015460260449,2,5,0,18,0,8,0,0,0,0,4,1,6,1,27,6,599,1,4,-1,1,-1
2015460260454,1,5,4,18,0,0,1,0,0,0,0,1,6,1,45,7,1500,1,27,-1,2,-1
2015460260457,1,9,0,4,0,0,0,0,0,0,1,1,6,2,17,4,1328,1,7,-1,3,-1
2015460260458,1,9,0,5,8,6,0,0,0,0,1,1,3,1,38,7,1598,1,14,-1,3,-1
2015460260458,2,9,0,18,0,1,0,10,7,0,4,1,2,2,53,8,1999,1,4,-1,2,-1
2015460260473,1,19,0,7,0,5,0,0,7,10,2,1,1,1,50,8,2300,2,12,-1,1,-1
2015460260475,1,9,0,9,0,2,0,0,0,0,0,1,6,3,-1,-1,-1,-1,-1,-1,-1,-1
2015460260475,2,9,0,18,0,1,0,0,0,0,2,1,6,2,61,9,1968,2,1,-1,3,-1
2015460260475,3,9,0,18,0,1,0,0,0,0,1,1,6,2,69,10,1298,1,15,-1,1,-1
2015460260480,1,9,0,18,0,1,0,0,0,0,1,1,6,1,20,4,1896,2,12,-1,1,-1
2015460260480,2,9,0,3,0,1,0,0,0,0,2,1,6,1,24,5,998,1,-1,-1,1,-1
2015460260481,1,5,0,18,0,1,1,0,0,0,1,1,6,2,63,9,883,1,-1,-1,1,-1
2015460260481,2,5,0,8,0,1,0,0,0,0,2,1,6,1,45,7,1064,1,8,-1,1,-1
2015460260485,1,9,0,9,0,1,1,0,0,0,1,1,6,1,-1,-1,1968,2,9,-1,2,-1
2015460260485,2,9,0,7,0,1,0,0,0,0,3,1,6,2,20,4,1124,1,14,-1,2,-1
2015460260486,1,9,0,3,0,0,0,0,1,0,1,1,6,1,42,7,1998,1,14,-1,1,-1
2015460260486,2,9,0,3,0,0,0,0,0,0,2,1,6,2,50,8,1360,1,8,-1,1,-1
2015460260486,3,9,0,18,0,0,0,0,0,0,2,1,6,2,38,7,1995,2,5,-1,1,-1
2015460260490,1,20,4,13,0,0,0,0,0,0,4,1,6,1,42,7,2402,2,10,-1,1,-1
2015460260490,2,1,0,18,0,0,0,0,0,0,3,1,6,1,43,7,-1,-1,-1,-1,2,-1
2015460260494,1,8,0,18,0,0,0,0,0,0,1,1,6,3,-1,-1,2499,2,5,-1,-1,-1
2015460260494,2,9,0,18,0,0,0,0,0,0,2,1,6,3,-1,-1,1390,1,15,-1,-1,-1
2015460260496,1,5,0,17,0,0,0,0,1,9,0,1,6,1,32,6,998,1,8,-1,1,-1
2015460260497,1,9,0,5,0,1,0,0,0,0,3,1,6,3,-1,-1,1461,2,1,-1,-1,-1
2015460260497,2,9,0,3,0,1,0,0,0,0,0,1,6,1,59,9,1398,1,13,-1,1,-1
2015460260502,1,9,0,18,0,0,5,4,0,0,1,1,6,1,76,11,1560,2,1,-1,1,-1
2015460260502,2,9,0,2,0,0,0,0,0,0,4,1,6,1,-1,-1,2198,2,6,-1,1,-1
2015460260502,3,9,0,2,0,0,0,0,0,0,3,1,3,2,-1,-1,2494,1,16,-1,1,-1
2015460260517,1,9,0,9,0,6,1,0,0,0,1,1,6,1,21,5,-1,-1,-1,-1,1,-1
2015460260517,2,9,0,18,0,8,1,0,0,0,4,1,6,1,51,8,-1,-1,-1,-1,1,-1
2015460260525,1,9,0,18,0,0,0,0,0,0,1,1,6,1,50,8,1329,1,5,-1,1,-1
2015460260525,2,19,0,2,0,0,0,0,0,0,2,1,6,1,29,6,2800,2,11,-1,3,-1
2015460260533,1,9,0,5,9,0,0,0,0,0,0,1,1,1,76,11,1328,1,11,-1,-1,-1
2015460260542,1,9,0,17,0,0,0,0,1,4,4,1,6,1,18,4,1400,1,15,-1,3,-1
2015460260552,1,19,0,9,0,6,0,0,1,0,1,1,1,1,33,6,2143,2,4,-1,-1,-1
2015460260552,2,8,0,18,0,6,0,0,1,0,3,1,1,1,51,8,2499,2,5,-1,1,-1
2015460260553,1,9,0,7,0,6,0,0,0,0,1,1,6,1,48,8,-1,-1,-1,-1,1,-1
2015460260553,2,9,0,18,0,8,0,0,0,0,4,1,6,1,30,6,1986,2,8,-1,1,-1
2015460260554,1,9,0,18,0,0,1,0,1,10,3,1,2,1,25,5,1598,1,9,-1,1,-1
2015460260566,1,9,0,18,0,8,0,0,0,0,1,1,6,1,58,9,2231,2,5,-1,1,-1
2015460260566,2,9,0,18,0,8,0,0,0,0,4,1,6,2,21,5,1242,1,5,-1,1,-1
2015460260567,1,4,0,18,0,0,0,0,0,0,3,1,1,1,18,4,108,1,-1,-1,1,-1
2015460260568,1,8,0,1,9,6,0,0,0,0,2,1,1,1,40,7,1991,2,10,-1,1,-1
2015460260572,1,19,0,9,0,6,0,0,0,0,1,1,1,1,47,8,-1,-1,-1,-1,1,-1
2015460260572,2,1,0,18,0,1,0,0,0,0,2,1,1,1,63,9,-1,-1,-1,-1,1,-1
2015460260574,1,9,0,5,0,4,0,0,0,0,1,1,6,2,69,10,1341,1,15,-1,1,-1
2015460260574,2,5,0,5,0,4,0,0,0,0,2,1,6,2,30,6,645,1,15,-1,2,-1
2015460260575,1,9,0,18,0,0,2,11,0,0,1,1,6,2,31,6,1061,1,12,-1,-1,-1
2015460260575,2,9,0,18,0,0,1,0,0,0,1,1,6,1,43,7,1998,2,11,-1,-1,-1
2015460260576,1,19,0,18,0,4,0,0,0,0,4,1,6,3,-1,-1,-1,-1,-1,-1,-1,-1
2015460260576,2,9,0,18,0,4,0,7,1,10,3,1,6,2,21,5,1998,2,14,-1,1,-1
2015460260577,1,9,0,9,0,1,0,0,0,0,1,1,2,1,26,6,1998,2,11,-1,1,-1
2015460260577,2,9,0,18,0,1,0,0,0,0,1,1,2,1,64,9,1395,1,1,-1,1,-1
2015460260577,3,9,0,4,0,1,0,0,0,0,1,1,2,2,49,8,2143,2,4,-1,2,-1
2015460260581,1,9,0,12,0,0,5,0,1,0,3,1,6,1,23,5,1364,1,7,-1,-1,-1
2015460260581,2,9,0,18,0,0,0,0,0,0,4,1,6,1,52,8,1910,2,6,-1,-1,-1
2015460260582,1,9,0,18,9,3,1,10,1,2,1,1,6,2,17,4,1242,1,9,-1,1,-1
2015460260584,1,9,0,18,0,0,0,0,0,0,4,1,6,1,35,6,1598,1,8,-1,1,-1
2015460260587,1,2,0,4,0,0,1,0,0,0,1,1,6,1,17,4,49,1,6,-1,1,-1
2015460260587,2,9,0,9,0,0,0,0,0,0,0,1,1,1,33,6,-1,-1,-1,-1,-1,-1
2015460260591,1,9,0,6,0,0,0,0,0,0,3,1,2,1,31,6,1896,2,8,-1,1,-1
2015460260591,2,1,0,18,0,0,0,0,0,0,1,1,6,1,21,5,-1,-1,-1,-1,1,-1
2015460260595,1,9,0,9,0,5,0,0,0,0,3,1,1,1,50,8,2987,2,2,-1,-1,-1
2015460260595,2,9,0,18,0,1,0,0,0,0,4,1,6,2,34,6,1422,2,7,-1,1,-1
2015460260596,1,9,0,4,0,0,0,0,0,0,1,1,6,2,30,6,1390,1,14,-1,-1,-1
2015460260596,2,9,0,3,0,0,0,0,0,0,2,1,1,2,26,6,-1,-1,-1,-1,2,-1
2015460260598,1,5,0,18,0,0,1,0,0,0,3,1,6,1,41,7,599,1,12,-1,1,-1
2015460260600,1,9,0,9,0,6,0,0,0,0,4,1,6,1,56,9,2982,2,9,-1,3,-1
2015460260600,2,19,0,18,0,8,0,0,0,0,1,1,6,2,52,8,2198,2,5,-1,3,-1
2015460260603,1,4,0,7,0,1,1,10,1,0,4,1,6,1,39,7,918,1,18,-1,1,-1
2015460260604,1,9,0,3,0,0,0,0,0,0,1,1,6,1,-1,-1,2987,2,5,-1,1,-1
2015460260604,2,9,0,3,0,0,0,0,0,0,2,1,2,1,34,6,1599,1,12,-1,1,-1
2015460260605,1,1,0,18,0,6,0,0,0,0,1,1,6,1,40,7,-1,-1,-1,-1,1,-1
2015460260605,2,9,0,18,0,1,0,0,0,0,3,1,6,1,23,5,1686,2,14,-1,1,-1
2015460260607,1,9,0,11,0,1,0,0,0,0,0,1,6,1,35,6,1598,1,4,-1,1,-1
2015460260607,2,9,0,18,0,1,1,0,1,4,1,1,6,2,19,4,1781,1,16,-1,1,-1
2015460260610,1,9,0,5,0,6,0,0,0,0,4,1,2,1,23,5,-1,-1,-1,-1,-1,-1
2015460260610,2,9,0,18,0,8,0,0,1,4,1,1,6,2,50,8,1398,1,2,-1,-1,-1
2015460260613,1,9,0,18,0,0,0,0,0,0,1,1,6,3,-1,-1,1910,2,7,-1,-1,-1
2015460260613,2,9,0,18,0,0,1,0,0,0,3,1,1,2,36,7,1995,2,10,-1,1,-1
2015460260614,1,9,0,18,0,8,0,0,0,0,1,1,6,2,52,8,999,1,2,-1,1,-1
2015460260614,2,9,0,4,0,2,0,0,0,0,2,1,6,1,46,8,1796,1,10,-1,1,-1
2015460260615,1,9,0,9,0,6,0,0,0,0,1,1,6,2,34,6,1396,1,19,-1,1,-1
2015460260615,2,3,0,18,0,1,0,0,0,0,4,1,6,1,21,5,125,1,1,-1,1,-1
2015460260616,1,19,5,9,0,8,0,0,0,0,4,1,1,1,24,5,2300,2,12,-1,1,-1
2015460260616,2,9,0,18,0,1,0,0,0,0,1,1,6,2,89,11,1124,1,18,-1,2,-1
2015460260618,1,9,0,18,0,0,0,0,0,0,1,1,6,1,57,9,-1,-1,-1,-1,1,-1
2015460260618,2,9,0,4,0,0,0,0,0,0,2,1,6,1,69,10,1461,2,5,-1,1,-1
2015460260618,3,9,0,4,0,0,0,0,0,0,2,1,6,1,41,7,1399,2,3,-1,1,-1
2015460260618,4,9,0,4,0,0,0,0,0,0,2,1,6,1,61,9,1998,1,17,-1,-1,-1
2015460260618,5,9,0,4,0,0,0,0,0,0,2,1,6,2,45,7,1599,1,10,-1,1,-1
2015460260620,1,1,0,18,0,1,0,0,0,0,1,1,1,1,55,8,-1,-1,-1,-1,1,-1
2015460260620,2,9,0,4,0,1,0,0,0,0,4,1,1,2,35,6,1598,1,8,-1,1,-1
2015460260621,1,9,0,7,0,1,0,0,0,0,2,1,6,1,30,6,875,1,3,-1,1,-1
2015460260621,2,1,0,4,0,1,1,0,0,0,1,1,6,1,29,6,-1,-1,-1,-1,-1,-1
2015460260627,1,19,0,9,0,5,0,0,0,0,1,1,6,1,28,6,2198,2,8,-1,2,-1
2015460260627,2,1,0,18,0,8,0,0,1,0,3,1,6,1,50,8,-1,-1,-1,-1,3,-1
2015460260628,1,9,0,18,0,8,0,0,0,0,1,1,6,1,81,11,1206,1,5,-1,1,-1
2015460260628,2,9,0,18,0,8,0,0,0,0,1,1,6,2,50,8,1995,2,11,-1,1,-1
2015460260635,1,9,0,18,0,0,0,0,0,0,1,1,6,3,-1,-1,1598,1,7,-1,-1,-1
2015460260635,2,1,0,18,0,0,0,0,0,0,2,1,2,1,58,9,-1,-1,-1,-1,1,-1
2015460260640,1,9,0,9,0,5,0,0,0,0,1,1,1,1,47,8,1870,2,12,-1,1,-1
2015460260640,2,9,0,18,0,8,0,0,0,0,3,1,1,1,56,9,1984,1,10,-1,3,-1
2015460260640,3,9,0,3,0,1,0,0,0,0,1,1,1,2,31,6,1753,2,7,-1,-1,-1
2015460260649,1,9,0,12,0,1,0,0,1,2,3,1,6,2,30,6,1149,1,8,-1,1,-1
2015460260649,2,9,0,18,0,1,0,0,0,0,1,1,6,1,22,5,1242,1,15,-1,1,-1
2015460260649,3,9,0,18,0,1,0,0,0,0,1,1,6,2,32,6,1896,2,13,-1,1,-1
2015460260654,1,9,0,4,0,1,0,0,0,0,1,1,6,2,49,8,1596,1,10,-1,1,-1
2015460260657,1,5,0,15,0,0,0,0,0,0,1,1,2,1,20,4,656,1,10,-1,3,-1
2015460260657,2,9,0,11,0,0,0,0,0,0,4,1,2,1,23,5,1587,1,8,-1,1,-1
2015460260659,1,9,0,18,0,4,0,0,0,0,0,1,6,1,74,10,1995,2,-1,-1,1,-1
2015460260659,2,1,0,18,0,8,1,0,0,0,0,1,6,1,53,8,-1,-1,-1,-1,3,-1
2015460260660,1,9,0,18,0,1,1,0,0,0,2,1,6,2,42,7,1975,1,6,-1,1,-1
2015460260660,2,9,0,10,0,1,0,0,0,0,2,1,1,1,30,6,1896,2,10,-1,1,-1
2015460260662,1,9,0,4,0,0,0,0,0,0,1,1,6,1,46,8,1839,1,19,-1,1,-1
2015460260662,2,9,0,2,0,0,0,0,0,0,2,1,6,2,24,5,1598,2,1,-1,1,-1
2015460260664,1,9,0,17,0,0,0,0,1,10,1,1,6,1,26,6,1360,1,11,-1,-1,-1
2015460260665,1,9,0,18,0,0,0,0,0,0,1,1,6,2,46,8,1339,1,5,-1,1,-1
2015460260665,2,9,0,18,0,0,0,0,0,0,1,1,6,1,60,9,1995,2,8,-1,2,-1
2015460260670,1,9,0,18,0,0,0,0,0,0,1,1,6,1,28,6,1360,1,16,-1,1,-1
2015460260670,2,9,0,3,0,0,0,0,0,0,2,1,6,1,45,7,1995,1,5,-1,1,-1
2015460260672,1,9,0,18,0,0,0,0,0,0,3,1,6,3,-1,-1,-1,-1,-1,-1,-1,-1
2015460260672,2,9,0,18,0,0,0,0,0,0,3,1,6,1,39,7,1598,1,5,-1,-1,-1
2015460260675,1,9,0,18,0,0,5,0,1,4,1,1,6,1,17,4,1229,1,11,-1,3,-1
2015460260675,2,9,0,18,0,0,0,0,0,0,3,1,6,2,41,7,1798,1,5,-1,1,-1
2015460260677,1,9,0,18,0,0,0,0,0,0,4,1,6,3,-1,-1,-1,-1,-1,-1,-1,-1
2015460260680,1,9,0,3,0,6,0,0,0,0,1,1,6,1,77,11,1396,1,12,-1,-1,-1
2015460260680,2,9,0,18,0,1,0,0,0,0,1,1,6,1,38,7,1910,2,8,-1,-1,-1
2015460260684,1,9,0,18,0,1,0,0,0,0,3,1,6,1,-1,-1,-1,-1,-1,-1,-1,-1
2015460260686,1,9,0,18,0,4,0,0,0,0,1,1,6,2,24,5,1364,1,8,-1,1,-1
2015460260686,2,2,0,18,0,8,0,0,0,0,2,1,6,2,32,6,50,1,1,-1,1,-1
2015460260688,1,20,0,5,0,6,0,0,0,0,4,1,1,1,31,6,8867,2,6,-1,1,-1
2015460260688,2,9,0,18,0,1,0,0,1,10,3,1,6,1,65,9,1560,2,-1,-1,1,-1
2015460260692,1,9,0,18,0,0,2,0,7,6,1,1,2,1,36,7,1598,1,12,-1,1,-1
2015460260693,1,9,0,9,0,1,0,0,0,0,1,1,6,2,34,6,2231,2,8,-1,2,-1
2015460260693,2,9,0,18,0,2,0,0,0,0,4,1,1,1,39,7,998,1,2,-1,1,-1
2015460260695,1,9,0,4,0,0,0,0,0,0,1,1,6,2,52,8,1968,2,8,-1,1,-1
2015460260695,2,9,0,4,0,0,0,0,0,0,2,1,6,2,22,5,1242,1,4,-1,1,-1
2015460260695,3,9,0,4,0,0,0,0,0,0,2,1,6,2,42,7,1796,1,15,-1,2,-1
2015460260697,1,9,0,9,0,5,0,0,0,0,4,1,1,1,50,8,1753,2,8,-1,1,-1
2015460260697,2,9,0,18,0,1,1,0,0,0,1,1,6,1,47,8,1560,2,4,-1,3,-1
2015460260698,1,9,0,18,0,1,1,0,0,0,1,1,6,1,18,4,1061,1,10,-1,1,-1
2015460260698,2,9,0,4,0,1,0,0,0,0,2,1,6,2,34,6,1968,2,9,-1,3,-1
2015460260701,1,9,0,18,0,0,0,0,0,0,1,1,6,3,16,4,-1,-1,-1,-1,-1,-1
2015460260701,2,2,0,18,0,0,0,0,0,0,2,1,6,1,17,4,-1,-1,-1,-1,3,-1
2015460260702,1,9,0,18,0,1,0,0,0,0,1,1,6,3,-1,-1,1199,1,14,-1,-1,-1
2015460260702,2,9,0,10,0,1,0,0,0,0,2,1,6,2,63,9,1242,1,6,-1,1,-1
2015460260703,1,9,0,18,0,1,0,0,0,0,1,1,6,3,-1,-1,1998,1,11,-1,-1,-1
2015460260703,2,9,0,4,0,1,0,0,0,0,2,1,6,1,40,7,1242,1,12,-1,1,-1
2015460260705,1,9,0,9,0,6,0,0,0,0,1,1,6,2,47,8,1798,1,5,-1,1,-1
2015460260705,2,9,0,18,0,1,0,0,0,0,1,1,2,2,26,6,1149,1,13,-1,1,-1
2015460260711,1,9,0,18,0,0,0,11,4,6,3,1,6,2,46,8,1328,1,7,-1,3,-1
2015460260712,1,9,0,18,0,1,1,0,0,0,1,1,6,2,25,5,1360,1,13,-1,2,-1
2015460260712,2,9,0,10,0,1,0,0,0,0,1,1,6,1,43,7,1388,1,10,-1,1,-1
2015460260712,3,9,0,18,0,1,0,0,0,0,3,1,6,2,67,10,1343,1,11,-1,1,-1
2015460260713,1,9,0,18,0,0,1,0,8,6,3,1,6,1,35,6,1242,1,10,-1,1,-1
2015460260716,1,21,4,6,0,8,0,0,0,0,3,2,1,1,44,7,-1,-1,-1,-1,-1,-1
2015460260716,2,9,0,6,0,8,0,0,0,0,4,1,6,1,68,10,1997,2,5,-1,1,-1
2015460260719,1,21,0,18,0,0,0,0,7,10,1,1,1,1,45,7,4461,2,5,-1,1,-1
2015460260719,2,9,0,18,0,0,0,0,7,10,2,1,6,1,38,7,2261,1,7,-1,1,-1
2015460260719,3,9,0,2,6,0,0,0,1,10,2,1,6,1,46,8,-1,-1,-1,-1,1,-1
2015460260719,4,9,0,2,6,0,0,0,1,10,1,1,6,1,50,8,1242,1,-1,-1,1,-1
2015460260719,5,9,0,2,6,0,0,0,1,10,1,1,6,1,35,6,1896,2,16,-1,1,-1
2015460260721,1,9,0,18,0,0,0,0,1,10,1,1,6,1,49,8,1560,2,11,-1,1,-1
2015460260722,1,9,0,18,0,0,1,0,0,0,1,1,6,1,-1,-1,1995,1,12,-1,-1,-1
2015460260722,2,9,0,9,0,0,0,0,0,0,4,1,6,1,31,6,1596,1,13,-1,2,-1
2015460260723,1,9,0,18,0,1,1,0,0,0,1,1,1,1,-1,-1,1984,1,10,-1,1,-1
2015460260723,2,9,0,4,0,8,0,0,1,0,4,1,1,2,58,9,1248,1,-1,-1,3,-1
2015460260724,1,11,0,5,8,2,0,0,0,0,0,1,1,3,-1,-1,4250,2,11,-1,-1,-1
2015460260724,2,2,0,14,0,2,1,0,0,0,0,1,6,2,16,4,49,1,3,-1,1,-1
2015460260726,1,3,0,4,0,1,1,0,0,0,0,1,1,2,20,4,125,1,2,-1,1,-1
2015460260731,1,9,0,18,0,0,0,0,0,0,1,1,6,1,85,11,1598,2,-1,-1,1,-1
2015460260733,1,9,0,18,0,1,0,0,2,2,1,1,6,1,30,6,1590,1,12,-1,1,-1
2015460260733,2,9,0,18,0,1,0,0,0,0,2,1,6,1,20,4,1198,1,4,-1,1,-1
2015460260733,3,9,0,9,0,1,0,0,0,0,0,1,6,3,-1,-1,-1,-1,-1,-1,-1,-1
2015460260734,1,9,0,18,0,2,0,0,0,0,1,1,6,2,29,6,1596,1,14,-1,1,-1
2015460260734,2,9,0,4,0,2,0,0,0,0,2,1,6,1,71,10,1275,1,39,-1,1,-1
2015460260734,3,9,0,4,0,2,0,0,0,0,2,1,6,1,29,6,1199,1,12,-1,1,-1
2015460260736,1,9,0,18,0,0,0,0,0,0,3,1,6,1,21,5,1984,1,4,-1,1,-1
2015460260736,2,5,0,18,0,0,0,0,0,0,1,1,6,1,38,7,-1,-1,-1,-1,-1,-1
2015460260736,3,9,0,18,0,0,0,0,0,0,4,1,6,1,33,6,2204,2,10,-1,-1,-1
2015460260746,1,9,0,10,0,1,0,0,0,0,3,1,2,1,51,8,1984,1,12,-1,1,-1
2015460260746,2,9,0,18,0,8,0,0,0,0,3,1,6,2,18,4,1390,1,12,-1,1,-1
2015460260748,1,9,0,1,0,0,0,0,0,0,2,1,6,3,-1,-1,1997,2,8,-1,-1,-1
2015460260748,2,9,0,2,0,0,0,0,0,0,1,1,6,1,18,4,1124,1,11,-1,3,-1
2015460260749,1,9,0,18,0,1,0,0,0,0,3,1,6,2,25,5,1360,1,9,-1,3,-1
2015460260749,2,9,0,18,0,1,0,0,0,0,3,1,6,2,22,5,1242,1,10,-1,3,-1
2015460260750,1,9,0,9,0,6,0,0,0,0,1,1,6,2,69,10,2400,2,4,-1,1,-1
2015460260751,1,9,0,9,0,1,0,0,0,0,3,1,6,2,18,4,1242,1,8,-1,1,-1
2015460260751,2,4,0,18,0,1,0,0,0,0,4,1,6,1,48,8,125,1,6,-1,1,-1
2015460260757,1,9,0,9,0,3,0,0,1,10,1,1,6,3,-1,-1,1910,2,8,-1,-1,-1
2015460260758,1,9,0,18,0,0,0,0,0,0,1,1,6,2,58,9,1560,2,4,-1,-1,-1
2015460260758,2,19,0,18,0,0,0,0,0,0,2,1,6,1,39,7,1598,2,1,-1,1,-1
2015460260758,3,9,0,4,0,0,0,0,0,0,2,1,6,1,19,4,1598,1,12,-1,-1,-1
2015460260758,4,9,0,4,0,0,0,0,0,0,2,1,6,2,39,7,1995,2,4,-1,3,-1
2015460260761,1,9,0,18,0,3,1,0,1,2,3,1,6,1,68,10,3940,1,20,-1,1,-1
2015460260763,1,9,0,18,0,1,1,0,0,0,1,1,6,1,30,6,1796,1,16,-1,1,-1
2015460260763,2,9,0,9,0,1,1,0,0,0,1,1,6,2,45,7,1970,1,10,-1,3,-1
2015460260768,1,3,0,17,0,2,1,0,0,0,1,1,6,1,21,5,-1,-1,-1,-1,2,-1
2015460260770,1,2,0,18,0,0,0,0,0,0,0,1,6,1,15,3,-1,-1,-1,-1,1,-1
2015460260772,1,1,0,18,0,0,0,0,0,0,1,1,6,3,-1,-1,-1,-1,-1,-1,-1,-1
2015460260776,1,9,0,5,0,1,0,0,0,0,1,1,6,2,75,10,1991,2,9,-1,1,-1
2015460260776,2,90,0,5,0,2,0,0,0,0,3,1,6,2,78,11,-1,-1,-1,-1,1,-1
2015460260777,1,9,0,17,0,0,0,0,1,4,1,1,6,1,18,4,1149,1,12,-1,2,-1
2015460260778,1,9,0,18,0,8,1,0,5,7,3,1,6,1,37,7,2496,1,11,-1,1,-1
2015460260778,2,21,0,18,0,8,0,0,0,0,3,1,1,1,34,6,6871,2,-1,-1,1,-1
2015460260782,1,9,0,17,0,1,1,0,0,0,1,1,6,1,19,4,1997,1,12,-1,1,-1
2015460260782,2,9,0,2,0,1,0,0,7,0,2,1,6,2,-1,-1,998,1,9,-1,1,-1
2015460260782,3,9,0,2,0,1,0,0,0,0,2,1,6,2,-1,-1,2688,2,12,-1,1,-1
2015460260782,4,9,0,2,0,1,0,0,0,0,1,1,6,3,-1,-1,-1,-1,-1,-1,1,-1
2015460260784,1,9,0,18,0,1,0,0,0,0,1,1,6,2,78,11,1588,1,12,-1,1,-1
2015460260787,1,9,0,18,0,6,0,0,1,0,1,1,6,1,50,8,2429,1,12,-1,1,-1
2015460260787,2,9,0,18,0,6,0,0,1,0,2,1,6,2,24,5,1242,1,3,-1,1,-1
2015460260788,1,9,0,18,0,8,0,0,0,0,1,1,1,1,32,6,1364,1,10,-1,1,-1
2015460260790,1,9,0,18,0,0,0,0,0,0,1,1,6,1,34,6,1910,2,9,-1,3,-1
2015460260790,2,9,0,18,0,0,0,0,0,0,2,1,2,2,32,6,2521,1,8,-1,2,-1
2015460260796,1,9,0,4,0,0,1,0,1,10,4,1,1,2,23,5,1360,1,12,-1,2,-1
2015460260798,1,9,0,18,0,0,0,4,0,0,1,1,2,1,35,6,1242,1,11,-1,1,-1
2015460260798,2,19,0,2,0,0,0,0,0,0,2,1,1,1,60,9,-1,-1,-1,-1,1,-1
2015460260799,1,9,0,18,0,0,1,0,1,6,3,1,6,1,31,6,2996,1,9,-1,1,-1
2015460260800,1,9,0,18,0,0,0,0,0,0,0,1,6,2,32,6,1796,1,9,-1,1,-1
2015460260800,2,21,1,18,0,0,0,0,0,0,2,1,1,1,53,8,-1,-1,-1,-1,1,-1
2015460260800,3,9,0,18,0,0,1,0,0,0,1,2,6,1,42,7,-1,-1,-1,-1,-1,-1
2015460260803,1,5,0,18,0,0,0,0,0,0,1,1,6,3,-1,-1,-1,-1,-1,-1,-1,-1
2015460260803,2,9,0,18,0,0,0,0,0,0,2,1,6,2,44,7,1997,2,12,-1,1,-1
2015460260807,1,9,0,17,0,0,2,0,1,3,1,1,2,1,62,9,1396,1,18,-1,1,-1
2015460260807,2,17,0,10,0,0,0,0,0,0,0,1,1,1,63,9,-1,2,34,-1,3,-1
2015460260810,1,9,0,4,0,0,0,0,0,0,4,1,1,1,35,6,1997,2,1,-1,1,-1
2015460260811,1,1,0,18,0,1,1,0,0,0,1,1,6,1,14,3,-1,-1,-1,-1,1,-1
2015460260811,2,9,0,18,0,1,0,0,0,0,1,1,2,1,21,5,1390,1,12,-1,2,-1
2015460260812,1,9,0,17,0,0,0,0,7,4,3,1,6,2,66,10,1299,1,13,-1,2,-1
2015460260813,1,9,0,17,0,0,0,0,0,0,1,1,6,1,74,10,1388,1,5,-1,1,-1
2015460260813,2,9,0,16,0,0,1,0,7,4,1,1,6,1,25,5,1362,1,2,-1,1,-1