Accident_Index,Vehicle_Reference,Vehicle_Type,Towing_and_Articulation,Vehicle_Manoeuvre,Vehicle_Location-Restricted_Lane,Junction_Location,Skidding_and_Overturning,Hit_Object_in_Carriageway,Vehicle_Leaving_Carriageway,Hit_Object_off_Carriageway,1st_Point_of_Impact,Was_Vehicle_Left_Hand_Drive?,Journey_Purpose_of_Driver,Sex_of_Driver,Age_of_Driver,Age_Band_of_Driver,Engine_Capacity_(CC),Propulsion_Code,Age_of_Vehicle,Driver_IMD_Decile,Driver_Home_Area_Type,Vehicle_IMD_Decile
2015460261639,1,9,0,4,0,1,0,0,0,0,1,1,2,1,29,6,1560,2,7,-1,1,-1
2015460261639,2,9,0,3,0,2,0,0,0,0,2,1,2,2,23,5,1388,1,4,-1,1,-1
2015460261640,1,5,0,18,0,0,0,0,0,0,0,1,6,1,47,8,535,1,18,-1,2,-1
2015460261641,1,9,0,18,0,1,0,10,1,10,1,1,6,1,21,5,1587,1,12,-1,3,-1
2015460261641,2,9,0,2,0,2,0,0,0,0,1,1,6,1,-1,-1,-1,-1,-1,-1,-1,-1
2015460261641,3,9,0,2,0,2,0,0,0,0,2,1,6,1,22,5,1461,2,9,-1,1,-1
2015460261641,4,9,0,2,0,1,0,0,0,0,3,1,6,1,41,7,1896,2,10,-1,1,-1
2015460261641,5,9,0,2,0,1,0,0,0,0,3,1,6,1,34,6,1995,2,8,-1,1,-1
2015460261641,6,9,0,2,0,1,0,0,0,0,3,1,6,1,33,6,2993,2,11,-1,1,-1
2015460261641,7,9,0,2,0,1,0,0,0,0,2,1,6,1,51,8,1895,1,17,-1,1,-1
2015460261641,8,9,0,2,0,1,0,0,0,0,3,1,6,1,43,7,1796,1,14,-1,1,-1
2015460261641,9,9,0,2,0,1,0,0,0,0,3,1,6,2,57,9,1242,1,17,-1,-1,-1
2015460261641,10,9,0,2,0,1,0,0,0,0,3,1,6,1,54,8,-1,-1,-1,-1,1,-1
2015460261643,1,19,0,2,0,0,0,0,0,0,2,1,1,1,20,4,1598,2,-1,-1,1,-1
2015460261643,2,9,0,2,0,0,0,0,0,0,2,1,6,2,25,5,1390,1,6,-1,1,-1
2015460261643,3,9,0,2,0,0,0,0,0,0,2,1,6,2,18,4,988,1,23,-1,3,-1
2015460261643,4,9,0,2,0,0,0,0,0,0,2,1,6,2,56,9,1349,1,7,-1,1,-1
2015460261651,1,9,0,9,0,6,0,0,0,0,3,1,6,2,80,11,1318,1,-1,-1,1,-1
2015460261651,2,19,0,18,0,8,0,0,0,0,1,1,6,1,43,7,-1,-1,-1,-1,3,-1
2015460261653,1,9,0,18,0,1,0,0,0,0,1,1,6,3,-1,-1,-1,-1,-1,-1,-1,-1
2015460261657,1,2,0,18,0,0,0,0,0,0,1,1,6,3,-1,-1,-1,-1,-1,-1,-1,-1
2015460261657,2,11,0,2,0,0,0,0,0,0,0,1,1,3,-1,-1,-1,-1,-1,-1,-1,-1
2015460261658,1,5,0,16,0,0,1,0,0,0,3,1,6,1,21,5,798,1,7,-1,3,-1
2015460261658,2,9,0,17,0,0,0,0,0,0,1,1,6,2,51,8,1753,2,8,-1,2,-1
2015460261659,1,1,0,17,0,1,0,0,0,0,4,1,6,1,44,7,-1,-1,-1,-1,-1,-1
2015460261661,1,9,0,5,0,0,0,0,0,0,4,1,1,1,29,6,1991,2,6,-1,1,-1
2015460261662,1,1,0,9,0,8,0,0,0,0,1,1,6,1,76,11,-1,-1,-1,-1,3,-1
2015460261662,2,9,0,18,0,1,0,0,0,0,1,1,6,2,28,6,1197,1,1,-1,1,-1
2015460261662,3,9,0,18,0,8,0,0,0,0,1,1,6,2,66,10,1390,1,10,-1,-1,-1
2015460261668,1,9,0,18,0,0,0,0,0,0,1,1,6,1,41,7,1995,2,10,-1,1,-1
2015460261668,2,9,0,4,0,0,0,0,0,0,2,1,6,2,19,4,1240,1,12,-1,3,-1
2015460261671,1,9,0,18,0,0,0,0,0,0,4,1,2,2,17,4,998,1,13,-1,-1,-1
2015460261671,2,9,0,18,0,0,0,0,0,0,0,1,6,1,57,9,-1,-1,-1,-1,-1,-1
2015460261672,1,9,0,9,0,8,0,0,0,0,1,1,6,2,42,7,1596,1,8,-1,-1,-1
2015460261672,2,9,0,18,0,1,0,0,0,0,1,1,2,2,35,6,1242,1,13,-1,-1,-1
2015460261676,1,9,0,3,0,0,0,0,0,0,3,1,6,1,82,11,998,1,2,-1,1,-1
2015460261676,2,1,0,15,0,0,0,0,0,0,1,1,6,1,62,9,-1,-1,-1,-1,1,-1
2015460261678,1,9,0,18,0,1,0,0,0,0,1,1,6,1,74,10,2204,2,10,-1,2,-1
2015460261678,2,9,0,6,0,6,0,0,0,0,1,1,1,1,23,5,-1,-1,-1,-1,1,-1
2015460261684,1,9,0,18,0,0,1,0,2,0,0,1,6,1,83,11,1086,1,10,-1,1,-1
2015460261689,1,9,0,9,0,6,0,0,0,0,1,1,3,2,47,8,1986,2,8,-1,1,-1
2015460261689,2,9,0,18,0,1,0,0,0,0,4,1,6,1,70,10,1799,1,7,-1,1,-1
2015460261689,3,9,0,7,0,1,0,0,0,0,1,1,2,2,49,8,1399,2,10,-1,1,-1
2015460261690,1,9,0,18,0,2,0,0,0,0,1,1,1,2,46,8,998,1,5,-1,3,-1
2015460261697,1,9,0,18,0,6,0,0,0,0,1,1,6,1,27,6,1796,1,12,-1,1,-1
2015460261697,2,9,0,18,0,8,0,0,1,10,3,1,6,1,42,7,2295,1,15,-1,1,-1
2015460261699,1,9,0,18,0,0,1,0,0,0,1,1,6,2,41,7,1596,1,14,-1,2,-1
2015460261699,2,19,0,18,0,0,0,0,0,0,2,1,2,1,33,6,1753,2,9,-1,3,-1
2015460261699,3,9,0,18,0,0,0,0,0,0,2,1,6,2,76,11,1597,1,19,-1,1,-1
2015460261701,1,11,0,5,0,1,0,0,0,0,4,1,1,1,51,8,4580,2,7,-1,-1,-1
2015460261701,2,1,0,18,9,1,1,0,0,0,1,1,6,2,50,8,-1,-1,-1,-1,1,-1
2015460261703,1,9,0,9,0,1,0,0,0,0,3,1,1,2,24,5,1242,1,9,-1,1,-1
2015460261703,2,9,0,18,0,6,0,0,0,0,3,1,1,1,29,6,-1,-1,-1,-1,1,-1
2015460261705,1,9,0,18,0,2,0,0,0,0,1,1,6,2,27,6,1968,2,2,-1,1,-1
2015460261705,2,9,0,3,0,2,0,0,0,0,2,1,3,2,31,6,1598,1,11,-1,-1,-1
2015460261709,1,9,0,11,0,0,0,0,0,0,3,1,2,2,21,5,1587,1,14,-1,1,-1
2015460261709,2,9,0,18,0,0,0,0,0,0,4,1,6,1,20,4,1198,1,4,-1,1,-1
2015460261711,1,9,0,18,0,0,0,0,0,0,4,1,6,1,38,7,1896,2,15,-1,1,-1
2015460261711,2,9,0,18,0,0,0,0,1,0,3,1,6,1,31,6,1796,1,6,-1,1,-1
2015460261712,1,9,0,6,0,0,0,0,0,0,3,1,6,2,48,8,2400,2,4,-1,3,-1
2015460261712,2,5,0,18,0,0,0,0,0,0,1,1,6,1,61,9,1237,1,-1,-1,-1,-1
2015460261719,1,19,0,17,0,0,0,0,0,0,3,1,6,3,-1,-1,-1,-1,-1,-1,-1,-1
2015460261719,2,1,0,16,0,0,0,0,1,9,3,1,6,1,59,9,-1,-1,-1,-1,-1,-1
2015460261720,1,5,0,18,0,1,0,0,0,0,4,1,6,1,-1,-1,599,1,16,-1,-1,-1
2015460261720,2,9,0,10,0,1,0,0,0,0,3,1,6,2,20,4,1390,1,13,-1,1,-1
2015460261722,1,9,0,18,0,0,0,0,0,0,2,1,6,2,22,5,1229,1,5,-1,1,-1
2015460261722,2,5,0,18,0,0,0,0,0,0,1,1,2,1,49,8,919,1,10,-1,2,-1
2015460261722,3,9,0,18,0,0,0,0,0,0,1,1,2,2,25,5,1995,2,-1,-1,1,-1
2015460261722,4,9,0,18,0,0,0,0,0,0,2,1,6,1,34,6,1998,1,11,-1,1,-1
2015460261729,1,9,0,18,0,0,5,0,7,9,3,1,2,2,59,9,1596,1,7,-1,-1,-1
2015460261729,2,9,0,18,0,0,0,0,0,0,3,1,6,1,47,8,-1,-1,-1,-1,-1,-1
2015460261729,3,9,0,18,0,0,0,0,0,0,3,1,6,1,58,9,1990,1,10,-1,-1,-1
2015460261729,4,9,0,18,0,0,0,0,0,0,4,1,6,1,35,6,-1,-1,-1,-1,-1,-1
2015460261730,1,5,0,13,0,8,0,0,0,0,3,1,6,1,20,4,689,1,-1,-1,1,-1
2015460261730,2,9,0,9,0,8,0,0,0,0,2,1,6,1,55,8,3189,1,7,-1,3,-1
2015460261730,3,9,0,18,0,8,0,0,0,0,0,1,6,1,-1,-1,-1,-1,-1,-1,2,-1
2015460261732,1,19,0,12,0,1,0,0,0,0,2,2,1,1,46,8,-1,-1,-1,-1,-1,-1
2015460261732,2,9,0,18,0,1,0,0,0,0,1,1,6,2,21,5,1124,1,16,-1,-1,-1
2015460261736,1,9,0,16,0,1,0,0,0,0,1,1,3,2,34,6,1798,1,8,-1,1,-1
2015460261743,1,5,0,18,0,2,0,0,0,0,1,1,1,1,34,6,599,1,10,-1,1,-1
2015460261743,2,9,0,18,0,2,0,0,0,0,1,1,1,1,20,4,1995,2,8,-1,1,-1
2015460261744,1,11,0,4,0,1,0,0,0,0,0,1,6,1,33,6,4580,2,7,-1,1,-1
2015460261746,1,9,0,18,0,8,0,0,0,0,1,1,2,1,30,6,1598,1,12,-1,1,-1
2015460261746,2,9,0,18,0,8,0,0,0,0,3,1,2,1,25,5,-1,-1,-1,-1,1,-1
2015460261751,1,9,0,18,0,1,0,0,0,0,1,1,6,2,-1,-1,1240,1,12,-1,1,-1
2015460261751,2,9,0,4,0,1,0,0,0,0,2,1,6,1,32,6,1398,1,-1,-1,1,-1
2015460261752,1,9,0,18,0,0,1,4,0,0,1,1,6,1,47,8,-1,-1,-1,-1,1,-1
2015460261752,2,9,0,18,0,0,0,0,0,0,2,1,6,2,52,8,1242,1,11,-1,-1,-1
2015460261753,1,9,0,18,0,1,0,0,0,0,4,1,6,2,41,7,2488,1,11,-1,3,-1
2015460261754,1,3,0,18,0,1,0,0,0,0,0,1,2,1,23,5,125,1,1,-1,1,-1
2015460261754,2,21,0,7,0,1,0,0,0,0,0,1,6,3,-1,-1,-1,-1,-1,-1,-1,-1
2015460261756,1,9,0,4,0,1,0,0,1,7,4,1,6,1,83,11,2494,1,14,-1,3,-1
2015460261756,2,9,0,2,0,1,0,0,0,0,1,1,6,1,-1,-1,1240,1,9,-1,1,-1
2015460261756,3,9,0,2,0,1,0,0,0,0,1,1,6,1,-1,-1,1560,2,5,-1,1,-1
2015460261756,4,9,0,2,0,1,0,0,0,0,1,1,6,1,-1,-1,1149,1,13,-1,1,-1
2015460261756,5,9,0,2,0,1,0,0,0,0,1,1,6,2,-1,-1,1248,2,7,-1,1,-1
2015460261760,1,9,0,18,0,0,0,0,0,0,4,1,6,1,72,10,1198,1,2,-1,1,-1
2015460261761,1,9,0,9,0,5,0,0,0,0,1,1,6,2,58,9,2198,1,9,-1,1,-1
2015460261773,1,9,0,17,0,0,1,0,0,0,1,1,1,2,21,5,1598,1,8,-1,1,-1
2015460261773,2,9,0,16,0,0,0,0,0,0,1,1,6,2,50,8,1242,1,1,-1,1,-1
2015460261778,1,9,0,18,0,8,0,0,0,0,0,1,6,3,-1,-1,-1,-1,-1,-1,-1,-1
2015460261778,2,4,0,18,0,4,0,0,0,0,0,1,6,1,18,4,125,1,-1,-1,1,-1
2015460261781,1,9,0,5,0,0,0,0,0,0,3,1,3,2,40,7,2000,2,5,-1,1,-1
2015460261781,2,2,0,18,0,0,0,0,0,0,1,1,4,1,16,4,50,1,5,-1,1,-1
2015460261782,1,9,0,18,0,1,0,0,0,0,1,1,6,2,30,6,1796,1,1,-1,3,-1
2015460261782,2,9,0,9,0,6,0,0,0,0,1,1,6,2,26,6,1997,2,6,-1,1,-1
2015460261784,1,9,0,9,0,6,0,0,0,0,3,1,6,1,52,8,-1,-1,-1,-1,3,-1
2015460261784,2,9,0,18,0,8,1,0,0,0,1,1,6,1,73,10,1560,2,7,-1,1,-1
2015460261788,1,19,0,6,0,0,0,0,0,0,1,1,1,1,37,7,2287,2,2,-1,1,-1
2015460261790,1,11,0,6,0,8,0,0,0,0,3,1,1,1,53,8,9600,2,13,-1,-1,-1
2015460261790,2,9,0,18,0,1,0,0,0,0,3,1,6,1,57,9,1984,1,9,-1,-1,-1
2015460261791,1,5,0,12,0,0,1,0,0,0,3,1,6,1,27,6,599,1,9,-1,1,-1
2015460261791,2,9,0,13,0,0,0,0,0,0,4,1,6,1,53,8,-1,-1,-1,-1,2,-1
2015460261793,1,9,0,1,0,1,0,0,0,0,2,1,6,1,30,6,1968,2,1,-1,1,-1
2015460261796,1,2,0,7,0,5,1,0,0,0,4,1,6,2,16,4,49,1,-1,-1,2,-1
2015460261800,1,9,0,15,0,3,0,0,1,2,1,1,6,1,47,8,6300,1,8,-1,1,-1
2015460261804,1,9,0,3,0,0,0,0,0,0,2,1,6,1,76,11,1598,1,9,-1,1,-1
2015460261804,2,1,0,3,0,0,0,0,0,0,1,1,6,1,-1,-1,-1,-1,-1,-1,-1,-1
2015460261806,1,9,0,5,0,0,0,0,0,0,3,1,6,1,28,6,1388,1,6,-1,-1,-1
2015460261806,2,4,0,17,0,0,0,0,0,0,1,1,6,1,22,5,124,1,4,-1,1,-1
2015460261807,1,9,0,18,0,1,0,0,0,0,1,1,6,2,86,11,1242,1,11,-1,-1,-1
2015460261808,1,21,0,18,0,0,0,0,0,0,0,1,6,1,60,9,4461,2,6,-1,-1,-1
2015460261809,1,5,0,18,0,1,0,0,0,0,1,1,6,1,20,4,599,1,16,-1,1,-1
2015460261809,2,9,0,9,0,1,0,0,0,0,3,1,6,1,31,6,1398,2,2,-1,1,-1
2015460261811,1,9,0,7,0,1,0,0,0,0,1,1,1,1,39,7,1560,2,10,-1,1,-1
2015460261811,2,9,0,18,0,8,0,0,0,0,4,1,2,1,36,7,-1,-1,-1,-1,1,-1
2015460261811,3,9,0,18,0,8,0,0,0,0,1,1,6,1,53,8,-1,-1,-1,-1,1,-1
2015460261814,1,9,0,18,0,0,0,0,0,0,1,1,6,2,59,9,1598,1,12,-1,1,-1
2015460261814,2,9,0,3,0,0,0,0,0,0,2,1,2,2,62,9,1364,1,6,-1,3,-1
2015460261815,1,9,0,18,0,1,0,0,0,0,1,1,6,2,79,11,998,1,4,-1,1,-1
2015460261815,2,9,0,3,0,1,0,0,0,0,2,1,6,1,64,9,1796,1,9,-1,1,-1
2015460261820,1,9,0,18,0,1,0,0,0,0,1,1,6,2,47,8,1895,1,15,-1,2,-1
2015460261820,2,9,0,6,0,1,0,0,0,0,3,1,1,1,35,6,2792,1,13,-1,1,-1
2015460261821,1,5,0,18,0,8,0,0,0,0,1,1,2,1,42,7,998,1,11,-1,2,-1
2015460261823,1,9,0,5,0,1,0,0,0,0,1,1,1,1,57,9,2148,2,10,-1,3,-1
2015460261823,2,9,0,4,0,4,0,0,0,0,2,1,6,1,45,7,1242,1,10,-1,3,-1
2015460261824,1,9,0,18,0,8,0,0,0,0,1,1,1,2,25,5,1995,2,3,-1,1,-1
2015460261824,2,9,0,18,0,8,0,0,0,0,4,1,1,1,28,6,2993,2,10,-1,1,-1
2015460261826,1,9,0,9,0,1,0,0,0,0,1,1,6,3,-1,-1,-1,-1,-1,-1,-1,-1
2015460261826,2,1,0,18,0,1,0,0,0,0,2,1,6,1,48,8,-1,-1,-1,-1,1,-1
2015460261833,1,9,0,18,0,0,0,0,0,0,1,1,1,2,-1,-1,2987,2,9,-1,3,-1
2015460261833,2,9,0,18,0,0,0,0,0,0,2,1,1,1,53,8,1390,1,14,-1,2,-1
2015460261833,3,9,0,18,0,0,0,0,0,0,2,1,1,1,-1,-1,1796,1,7,-1,1,-1
2015460261834,1,19,0,18,0,1,1,0,0,0,1,1,2,1,23,5,1998,2,12,-1,3,-1
2015460261834,2,9,0,10,0,1,0,0,0,0,2,1,2,2,21,5,1242,1,2,-1,1,-1
2015460261836,1,3,0,16,0,0,0,0,0,0,1,1,2,1,28,6,-1,-1,-1,-1,-1,-1
2015460261838,1,9,0,18,0,4,0,0,0,0,3,1,6,1,66,10,1329,1,6,-1,1,-1
2015460261838,2,1,0,18,0,8,0,0,0,0,1,1,6,1,48,8,-1,-1,-1,-1,1,-1
2015460261843,1,5,0,18,0,0,0,0,0,0,1,1,6,1,70,10,800,1,10,-1,2,-1
2015460261843,2,9,0,1,0,0,0,0,0,0,4,1,6,1,72,10,2402,2,6,-1,1,-1
2015460261844,1,9,0,18,0,0,1,0,7,9,4,1,6,2,32,6,1995,2,6,-1,1,-1
2015460261847,1,9,0,18,0,6,0,0,0,0,1,1,6,2,19,4,1149,1,12,-1,1,-1
2015460261847,2,8,0,18,0,8,0,10,0,0,4,1,1,1,29,6,1753,2,9,-1,2,-1
2015460261853,1,9,0,6,8,6,0,0,0,0,3,1,6,1,68,10,-1,-1,-1,-1,1,-1
2015460261853,2,9,0,18,0,1,1,0,0,0,1,1,6,1,27,6,1995,1,8,-1,3,-1
2015460261864,1,9,0,18,0,0,0,0,0,0,1,1,2,2,37,7,1991,2,9,-1,3,-1
2015460261864,2,9,0,18,0,0,0,0,0,0,2,1,2,2,23,5,1242,1,1,-1,1,-1
2015460261864,3,9,0,18,0,0,0,0,0,0,2,1,2,1,57,9,1870,2,10,-1,3,-1
2015460261864,4,20,0,3,0,0,0,0,0,0,2,1,2,1,49,8,6870,2,13,-1,3,-1
2015460261869,1,9,0,11,0,1,0,0,0,0,0,1,2,1,36,7,1582,2,2,-1,1,-1
2015460261869,2,5,0,18,0,1,0,0,0,0,0,1,2,1,32,6,649,1,4,-1,-1,-1
2015460261872,1,9,0,18,0,4,0,0,0,0,1,1,6,2,27,6,-1,-1,-1,-1,1,-1
2015460261872,2,9,0,18,0,4,0,0,0,0,2,1,6,2,30,6,1598,2,3,-1,-1,-1
2015460261873,1,9,0,9,0,6,0,0,0,0,1,1,1,1,27,6,2143,2,3,-1,1,-1
2015460261873,2,5,0,9,0,1,5,0,0,0,4,1,1,2,38,7,599,1,18,-1,2,-1
2015460261875,1,9,0,9,0,5,0,0,0,0,4,1,6,1,85,11,1149,1,4,-1,1,-1
2015460261875,2,9,0,18,0,1,0,0,0,0,1,1,1,1,62,9,1997,2,10,-1,3,-1
2015460261877,1,9,0,1,0,0,0,0,0,0,2,1,6,1,36,7,1596,1,15,-1,1,-1
2015460261877,2,1,0,3,0,0,0,0,0,0,1,1,6,2,25,5,-1,-1,-1,-1,1,-1
2015460261879,1,1,0,18,0,0,0,0,0,0,1,1,6,1,43,7,-1,-1,-1,-1,1,-1
2015460261879,2,1,0,18,0,0,0,0,0,0,2,1,6,1,44,7,-1,-1,-1,-1,1,-1
2015460261882,1,9,0,18,0,0,0,0,0,0,1,1,6,3,-1,-1,-1,-1,-1,-1,-1,-1
2015460261884,1,1,0,18,0,1,0,0,0,0,4,1,4,1,14,3,-1,-1,-1,-1,1,-1
2015460261884,2,9,0,18,0,1,0,0,0,0,1,1,3,2,27,6,1998,2,2,-1,1,-1
2015460261885,1,9,0,9,0,8,0,0,0,0,3,1,6,1,39,7,1798,1,12,-1,1,-1
2015460261885,2,5,0,18,0,8,0,0,0,0,1,1,2,1,41,7,636,1,13,-1,1,-1
2015460261894,1,19,0,4,0,0,1,0,0,0,1,1,1,1,70,10,2800,2,9,-1,1,-1
2015460261894,2,9,0,4,0,0,0,0,0,0,2,1,1,1,54,8,-1,-1,-1,-1,2,-1
2015460261894,3,9,0,4,0,0,0,0,0,0,2,1,6,1,38,7,-1,-1,-1,-1,3,-1
2015460261896,1,9,0,18,0,1,0,0,0,0,4,1,1,2,53,8,1248,2,7,-1,1,-1
2015460261897,1,9,0,5,0,6,0,0,0,0,3,1,6,3,-1,-1,-1,-1,-1,-1,-1,-1
2015460261897,2,1,0,18,0,1,0,0,0,0,1,1,3,1,15,3,-1,-1,-1,-1,-1,-1
2015460261899,1,9,0,5,0,6,0,0,0,0,1,1,2,1,62,9,-1,-1,-1,-1,-1,-1
2015460261899,2,9,0,18,0,8,0,0,0,0,1,1,2,1,62,9,1998,1,11,-1,-1,-1
2015460261901,1,9,0,9,0,8,0,0,0,0,1,1,6,2,51,8,998,1,3,-1,1,-1
2015460261901,2,9,0,18,0,8,0,10,0,0,1,1,6,2,45,7,1396,1,15,-1,1,-1
2015460261902,1,9,0,9,0,5,0,0,0,0,0,1,6,2,72,10,1598,1,10,-1,1,-1
2015460261902,2,9,0,3,0,1,0,0,0,0,3,1,6,1,69,10,1560,2,4,-1,1,-1
2015460261902,3,9,0,18,0,1,1,0,0,0,3,1,6,1,24,5,1422,2,7,-1,3,-1
2015460261903,1,9,0,9,0,6,0,0,0,0,1,1,6,1,59,9,1229,1,10,-1,1,-1
2015460261907,1,9,0,9,0,6,0,0,0,0,3,1,2,2,43,7,1560,2,3,-1,1,-1
2015460261907,2,20,4,18,0,1,0,0,0,0,1,1,1,1,53,8,5880,2,5,-1,1,-1
2015460261907,3,19,0,3,0,1,0,0,0,0,3,1,1,1,31,6,-1,-1,-1,-1,-1,-1
2015460261909,1,9,0,9,0,5,0,0,0,0,2,1,6,1,70,10,1497,1,10,-1,1,-1
2015460261909,2,1,0,10,0,1,0,0,0,0,1,1,6,1,49,8,-1,-1,-1,-1,1,-1
2015460261911,1,9,0,11,0,0,0,0,0,0,1,1,6,1,29,6,1560,2,5,-1,-1,-1
2015460261911,2,9,0,3,0,0,0,0,0,0,2,1,6,1,42,7,1598,1,18,-1,2,-1
2015460261911,3,9,0,3,0,0,0,0,0,0,2,1,6,2,22,5,1951,2,11,-1,1,-1
2015460261911,4,9,0,3,0,0,0,0,0,0,2,1,6,2,21,5,1596,1,12,-1,1,-1
2015460261912,1,9,0,17,0,1,5,10,1,10,1,1,6,1,25,5,1397,1,14,-1,-1,-1
2015460261913,1,9,0,4,0,0,0,0,0,0,1,1,2,1,40,7,1598,1,11,-1,1,-1
2015460261913,2,9,0,3,0,0,0,0,0,0,2,1,6,1,36,7,1598,1,15,-1,1,-1
2015460261913,3,9,0,3,0,0,0,0,0,0,2,1,2,1,48,8,1398,2,4,-1,3,-1
2015460261913,4,9,0,3,0,0,0,0,0,0,2,1,6,1,30,6,-1,-1,-1,-1,1,-1
2015460261915,1,9,0,18,0,0,0,0,0,0,1,1,6,3,-1,-1,2979,1,14,-1,-1,-1
2015460261915,2,9,0,18,0,0,0,0,0,0,2,1,6,1,49,8,1332,1,8,-1,-1,-1
2015460261917,1,5,0,18,0,0,0,0,0,0,0,1,6,1,75,10,-1,-1,-1,-1,3,-1
2015460261918,1,9,0,18,0,0,0,0,0,0,4,1,6,2,54,8,1796,1,11,-1,1,-1
2015460261919,1,9,0,9,0,6,0,0,0,0,1,1,2,2,31,6,1994,1,14,-1,-1,-1
2015460261919,2,3,0,18,0,1,0,0,0,0,1,1,2,1,31,6,124,1,-1,-1,-1,-1
2015460261921,1,9,0,18,0,1,0,0,0,0,0,1,6,3,-1,-1,-1,-1,-1,-1,-1,-1
2015460261924,1,19,0,18,0,0,0,0,0,0,0,1,1,1,29,6,-1,-1,-1,-1,2,-1
2015460261924,2,4,0,18,0,0,1,0,0,0,0,1,2,1,29,6,124,1,-1,-1,1,-1
2015460261925,1,9,0,4,0,1,0,0,0,0,1,1,6,3,-1,-1,-1,-1,-1,-1,-1,-1
2015460261925,2,9,0,8,0,1,0,0,0,0,2,1,6,2,42,7,2401,2,9,-1,1,-1
2015460261926,1,9,0,18,0,0,0,0,0,0,1,1,2,1,30,6,1998,1,12,-1,1,-1
2015460261926,2,9,0,18,0,0,0,0,0,0,1,1,2,2,50,8,1560,2,1,-1,2,-1
2015460261927,1,9,0,4,0,4,0,0,0,0,1,1,6,1,62,9,1997,2,7,-1,1,-1
2015460261927,2,9,0,18,0,4,0,0,0,0,2,1,6,1,64,9,1198,1,3,-1,1,-1
2015460261928,1,2,0,18,0,2,0,0,0,0,0,1,6,2,21,5,-1,-1,-1,-1,-1,-1
2015460261928,2,9,0,18,0,2,0,0,0,0,0,1,6,3,-1,-1,-1,-1,-1,-1,-1,-1
2015460261931,1,9,0,6,0,2,0,0,0,0,3,1,1,1,43,7,1598,1,10,-1,1,-1
2015460261931,2,3,0,18,0,2,0,0,0,0,1,1,1,1,18,4,125,1,4,-1,1,-1
2015460261933,1,9,0,18,0,2,0,0,0,0,0,1,2,2,19,4,1242,1,9,-1,-1,-1
2015460261935,1,9,0,3,0,0,0,0,0,0,1,1,6,2,20,4,1242,1,19,-1,1,-1
2015460261935,2,19,0,3,0,0,0,0,0,0,2,1,1,1,24,5,1598,2,-1,-1,1,-1
2015460261935,3,9,0,3,0,0,0,0,0,0,1,1,6,3,-1,-1,-1,-1,-1,-1,-1,-1
2015460261936,1,1,0,18,0,6,0,0,0,0,1,1,2,1,31,6,-1,-1,-1,-1,1,-1
2015460261936,2,9,0,16,0,2,0,0,0,0,1,1,6,1,50,8,1997,1,15,-1,1,-1
2015460261937,1,9,0,11,0,0,2,0,1,4,4,1,6,2,49,8,2685,2,11,-1,-1,-1
2015460261937,2,9,0,18,0,0,0,0,0,0,3,2,1,1,30,6,-1,-1,-1,-1,-1,-1
2015460261939,1,9,0,7,0,1,0,0,0,0,1,1,6,2,18,4,1400,1,9,-1,1,-1
2015460261939,2,1,0,17,0,8,0,0,0,0,1,1,6,1,54,8,-1,-1,-1,-1,1,-1
2015460261945,1,9,0,12,0,0,5,7,4,6,3,1,6,1,21,5,1149,1,12,-1,1,-1
2015460261945,2,19,0,18,0,0,0,0,0,0,1,1,1,1,29,6,2143,2,2,-1,1,-1
2015460261945,3,21,0,18,0,0,0,0,7,6,1,1,1,1,56,9,16120,2,8,-1,3,-1
2015460261947,1,9,0,18,0,0,0,0,4,6,1,1,1,1,36,7,1896,2,11,-1,2,-1
2015460261947,2,9,0,18,0,0,0,0,0,0,1,1,1,1,42,7,1968,2,-1,-1,1,-1
2015460261947,3,9,0,18,0,0,0,11,0,0,1,1,1,1,45,7,-1,-1,-1,-1,1,-1
2015460261949,1,1,0,18,0,0,0,0,0,0,1,1,6,1,40,7,-1,-1,-1,-1,1,-1
2015460261952,1,21,0,1,0,0,0,0,0,0,2,1,1,1,32,6,7790,2,6,-1,1,-1
2015460261952,2,4,0,18,0,0,0,0,0,0,1,1,6,1,20,4,125,1,14,-1,2,-1
2015460261954,1,9,0,18,0,0,0,0,0,0,1,1,6,2,26,6,1781,1,14,-1,1,-1
2015460261954,2,9,0,2,0,0,0,4,0,0,1,1,6,1,38,7,1598,1,13,-1,1,-1
2015460261954,3,9,0,2,0,0,0,0,0,0,1,1,6,1,35,6,3165,1,14,-1,1,-1
2015460261954,4,9,0,2,0,0,0,0,0,0,1,1,6,2,36,7,1997,2,7,-1,1,-1
2015460261955,1,9,0,18,0,0,0,0,0,0,3,1,6,1,-1,-1,996,1,1,-1,1,-1
2015460261955,2,1,0,18,0,0,0,0,0,0,4,1,6,1,34,6,-1,-1,-1,-1,1,-1
2015460261957,1,1,0,18,0,0,0,0,0,0,1,1,6,1,28,6,-1,-1,-1,-1,1,-1
2015460261957,2,9,0,2,0,0,0,0,0,0,2,1,6,3,-1,-1,-1,-1,-1,-1,-1,-1
2015460261958,1,9,0,18,0,8,0,0,0,0,2,1,6,1,36,7,1769,1,14,-1,1,-1
2015460261958,2,9,0,18,0,8,0,0,0,0,1,1,6,1,24,5,1229,1,10,-1,1,-1
2015460261961,1,17,0,17,0,0,1,0,1,4,0,1,1,1,76,11,-1,2,4,-1,3,-1