Accident_Index,Vehicle_Reference,Vehicle_Type,Towing_and_Articulation,Vehicle_Manoeuvre,Vehicle_Location-Restricted_Lane,Junction_Location,Skidding_and_Overturning,Hit_Object_in_Carriageway,Vehicle_Leaving_Carriageway,Hit_Object_off_Carriageway,1st_Point_of_Impact,Was_Vehicle_Left_Hand_Drive?,Journey_Purpose_of_Driver,Sex_of_Driver,Age_of_Driver,Age_Band_of_Driver,Engine_Capacity_(CC),Propulsion_Code,Age_of_Vehicle,Driver_IMD_Decile,Driver_Home_Area_Type,Vehicle_IMD_Decile
2015460263412,1,9,0,18,0,0,1,0,1,4,1,1,6,2,22,5,-1,-1,-1,-1,1,-1
2015460263417,1,9,0,18,0,1,0,0,0,0,1,1,2,1,28,6,1994,1,13,-1,1,-1
2015460263417,2,9,0,18,0,1,0,0,1,10,4,1,3,2,68,10,1600,1,15,-1,3,-1
2015460263418,1,9,0,18,0,1,0,0,7,2,0,1,6,1,25,5,1242,1,14,-1,1,-1
2015460263419,1,9,0,9,0,8,0,0,0,0,1,1,6,1,28,6,-1,-1,-1,-1,-1,-1
2015460263419,2,9,0,18,0,8,0,0,0,0,1,1,6,2,31,6,1400,1,9,-1,2,-1
2015460263424,1,21,0,11,0,0,0,0,0,0,1,1,6,1,-1,-1,12777,2,1,-1,3,-1
2015460263424,2,9,0,18,0,0,0,0,0,0,2,1,6,1,39,7,1388,1,13,-1,1,-1
2015460263427,1,9,0,9,0,6,0,0,0,0,3,1,6,1,81,11,1360,1,13,-1,1,-1
2015460263427,2,9,0,18,0,1,0,0,0,0,1,1,6,1,81,11,1396,1,15,-1,1,-1
2015460263428,1,9,0,7,0,6,0,0,0,0,1,1,2,1,75,10,1598,2,4,-1,1,-1
2015460263428,2,9,0,7,0,6,0,0,0,0,2,1,2,2,49,8,998,1,1,-1,1,-1
2015460263429,1,9,0,18,0,0,0,0,0,0,1,1,6,3,-1,-1,-1,-1,-1,-1,-1,-1
2015460263430,1,9,0,18,0,5,0,0,0,0,1,1,6,3,-1,-1,-1,-1,-1,-1,-1,-1
2015460263432,1,19,0,18,0,1,0,0,0,0,1,1,6,1,41,7,1753,2,20,-1,1,-1
2015460263432,2,9,0,3,0,8,0,0,0,0,2,1,6,2,55,8,1360,1,15,-1,3,-1
2015460263434,1,9,0,18,0,1,0,0,0,0,1,1,6,3,-1,-1,-1,-1,-1,-1,-1,-1
2015460263434,2,2,0,18,0,1,0,0,0,0,2,1,2,1,16,4,49,1,5,-1,1,-1
2015460263435,1,4,0,7,0,1,0,0,0,0,4,1,6,1,53,8,675,1,4,-1,-1,-1
2015460263437,1,9,0,18,0,1,0,0,0,0,1,1,6,2,-1,-1,2199,2,5,-1,2,-1
2015460263437,2,9,0,9,6,2,0,0,1,0,3,1,2,2,23,5,1598,1,4,-1,3,-1
2015460263437,3,9,0,9,0,2,0,0,0,0,3,1,2,2,-1,-1,1798,1,11,-1,2,-1
2015460263438,1,3,0,18,0,1,0,0,0,0,1,1,6,1,33,6,124,1,4,-1,1,-1
2015460263438,2,9,0,7,0,1,0,0,0,0,1,1,6,1,33,6,1598,1,15,-1,1,-1
2015460263439,1,9,0,7,0,5,0,0,0,0,1,1,6,1,-1,-1,1299,1,7,-1,-1,-1
2015460263442,1,9,0,18,0,0,0,0,0,0,1,1,2,1,28,6,1360,1,12,-1,-1,-1
2015460263442,2,9,0,4,0,0,0,0,0,0,2,1,2,1,56,9,1390,1,6,-1,-1,-1
2015460263442,3,9,0,4,0,0,0,0,0,0,2,1,6,1,67,10,1497,1,14,-1,-1,-1
2015460263443,1,9,0,4,0,1,0,0,0,0,1,1,6,2,56,9,1299,1,17,-1,3,-1
2015460263443,2,9,0,4,0,1,0,0,0,0,2,1,6,2,56,9,1596,1,5,-1,3,-1
2015460263446,1,8,0,18,0,1,0,0,0,0,1,1,1,1,32,6,1422,2,-1,-1,1,-1
2015460263447,1,9,0,18,0,1,0,0,0,0,1,1,6,3,-1,-1,-1,-1,-1,-1,-1,-1
2015460263458,1,1,0,11,0,1,0,0,0,0,4,1,2,1,21,5,-1,-1,-1,-1,-1,-1
2015460263458,2,9,0,9,0,6,0,0,0,0,3,1,2,1,50,8,-1,-1,-1,-1,-1,-1
2015460263460,1,11,0,5,0,4,0,0,0,0,1,1,1,1,35,6,4580,2,7,-1,1,-1
2015460263460,2,9,0,5,0,4,0,0,0,0,2,1,6,1,66,10,1686,2,8,-1,2,-1
2015460263466,1,9,0,7,0,6,0,0,0,0,4,1,1,2,42,7,1360,1,4,-1,1,-1
2015460263466,2,1,0,18,0,1,0,0,0,0,1,1,1,1,58,9,-1,-1,-1,-1,1,-1
2015460263468,1,21,0,12,0,0,0,0,0,0,3,1,1,1,37,7,-1,-1,-1,-1,-1,-1
2015460263468,2,9,0,18,0,0,1,0,1,7,4,1,6,2,47,8,1150,1,10,-1,1,-1
2015460263470,1,2,0,18,0,0,0,0,0,0,0,1,1,1,20,4,-1,-1,-1,-1,-1,-1
2015460263473,1,9,0,9,0,6,0,0,0,0,1,1,6,3,-1,-1,-1,-1,-1,-1,-1,-1
2015460263473,2,9,0,18,0,1,0,0,0,0,4,1,6,1,43,7,3200,1,14,-1,1,-1
2015460263476,1,9,0,18,0,0,0,0,0,0,3,1,6,2,56,9,1598,1,7,-1,1,-1
2015460263481,1,9,0,4,0,1,0,0,0,0,1,1,6,1,55,8,1584,1,9,-1,1,-1
2015460263482,1,9,0,9,0,6,0,0,0,0,4,1,6,3,-1,-1,-1,-1,-1,-1,-1,-1
2015460263482,2,9,0,18,0,8,0,0,0,0,1,1,6,1,43,7,1796,6,15,-1,1,-1
2015460263485,1,2,0,4,0,0,0,0,0,0,1,1,6,1,20,4,49,1,-1,-1,1,-1
2015460263485,2,9,0,4,0,0,0,0,0,0,2,1,6,2,32,6,1596,1,4,-1,1,-1
2015460263490,1,9,0,9,0,6,0,0,0,0,0,1,6,3,-1,-1,-1,-1,-1,-1,-1,-1
2015460263490,2,9,0,4,0,1,0,7,0,0,4,1,6,1,19,4,1198,1,2,-1,1,-1
2015460263492,1,2,0,4,0,0,1,0,0,0,4,1,2,2,27,6,49,1,5,-1,3,-1
2015460263493,1,9,0,4,0,0,0,0,0,0,1,1,6,1,32,6,-1,-1,-1,-1,-1,-1
2015460263493,2,9,0,18,0,0,0,0,0,0,2,1,6,1,59,9,1997,1,8,-1,-1,-1
2015460263493,3,21,0,18,0,0,0,0,0,0,2,1,6,3,-1,-1,-1,-1,-1,-1,-1,-1
2015460263497,1,9,0,9,0,8,0,0,0,0,1,1,6,2,45,7,1968,2,7,-1,1,-1
2015460263497,2,9,0,10,0,1,0,0,0,0,2,1,6,1,26,6,1149,1,11,-1,3,-1
2015460263497,3,9,0,18,0,1,0,0,0,0,3,1,6,1,56,9,1783,1,15,-1,1,-1
2015460263497,4,9,0,8,0,1,0,0,0,0,3,1,6,1,44,7,1895,1,14,-1,3,-1
2015460263498,1,9,0,18,0,0,1,0,0,0,3,1,6,1,29,6,1242,1,3,-1,2,-1
2015460263498,2,1,0,18,0,0,0,0,0,0,3,1,6,1,29,6,-1,-1,-1,-1,1,-1
2015460263504,1,9,0,4,0,4,1,0,3,0,1,1,2,2,20,4,1242,1,13,-1,1,-1
2015460263506,1,4,0,18,0,0,0,0,0,0,1,1,6,1,64,9,1137,1,18,-1,1,-1
2015460263506,2,9,0,18,0,0,0,0,0,0,2,1,6,3,-1,-1,-1,-1,-1,-1,-1,-1
2015460263508,1,9,0,4,0,0,0,0,0,0,1,1,6,1,26,6,1870,2,12,-1,1,-1
2015460263508,2,9,0,4,0,0,0,0,0,0,2,1,6,2,66,10,1242,1,7,-1,1,-1
2015460263508,3,9,0,4,0,0,0,0,0,0,2,1,6,1,30,6,1896,1,17,-1,1,-1
2015460263512,1,9,0,7,0,5,0,0,0,0,1,1,6,1,73,10,1995,1,6,-1,1,-1
2015460263514,1,9,0,3,0,1,0,0,0,0,4,1,1,1,24,5,1598,2,1,-1,1,-1
2015460263514,2,9,0,18,0,8,1,0,0,0,1,1,6,1,33,6,-1,-1,-1,-1,1,-1
2015460263522,1,19,0,18,0,0,0,0,0,0,0,1,6,3,-1,-1,-1,-1,-1,-1,-1,-1
2015460263522,2,9,0,18,0,0,0,11,0,0,3,1,6,2,27,6,1461,2,6,-1,3,-1
2015460263523,1,9,0,4,0,0,0,0,0,0,1,1,6,2,28,6,2499,1,6,-1,1,-1
2015460263523,2,9,0,4,0,0,0,0,0,0,2,1,2,2,43,7,1598,1,12,-1,1,-1
2015460263523,3,9,0,4,0,0,0,0,0,0,2,1,6,2,48,8,2179,2,-1,-1,1,-1
2015460263526,1,21,0,18,0,1,0,0,0,0,1,1,1,1,34,6,11967,2,2,-1,1,-1
2015460263526,2,9,0,3,0,1,0,0,1,1,2,1,6,1,67,10,1995,2,5,-1,-1,-1
2015460263526,3,9,0,3,0,1,0,0,0,0,2,1,6,1,41,7,-1,-1,-1,-1,2,-1
2015460263526,4,9,0,10,0,1,0,0,0,0,2,1,6,2,66,10,1600,2,5,-1,3,-1
2015460263527,1,9,0,18,0,0,0,4,0,0,1,1,6,2,27,6,1995,2,11,-1,1,-1
2015460263527,2,9,0,2,0,0,0,0,0,0,2,1,6,2,26,6,1796,1,9,-1,1,-1
2015460263528,1,11,0,4,0,0,1,0,0,0,1,1,1,1,39,7,7300,2,11,-1,-1,-1
2015460263528,2,19,0,4,0,0,1,0,0,0,2,1,2,1,57,9,2494,2,13,-1,-1,-1
2015460263528,3,9,0,4,0,0,0,0,0,0,2,1,1,1,38,7,1600,1,17,-1,-1,-1
2015460263528,4,9,0,4,0,0,0,0,0,0,2,1,6,2,18,4,998,1,1,-1,-1,-1
2015460263530,1,9,0,4,0,0,1,0,0,0,1,1,6,1,29,6,1598,1,7,-1,1,-1
2015460263530,2,9,0,4,0,0,0,0,0,0,2,1,1,2,33,6,1685,2,-1,-1,3,-1
2015460263530,3,19,0,4,0,0,0,0,0,0,2,1,6,1,21,5,2198,2,5,-1,3,-1
2015460263533,1,9,0,18,0,0,0,0,0,0,3,1,6,2,20,4,1229,1,4,-1,3,-1
2015460263533,2,1,0,3,0,0,0,0,0,0,1,1,6,1,58,9,-1,-1,-1,-1,-1,-1
2015460263537,1,9,0,5,0,2,0,0,0,0,0,1,2,2,29,6,1560,2,8,-1,-1,-1
2015460263540,1,9,0,18,0,0,0,0,0,0,3,1,6,2,40,7,1388,1,9,-1,1,-1
2015460263541,1,9,0,13,0,1,1,0,0,0,4,1,6,1,31,6,2171,1,12,-1,1,-1
2015460263541,2,9,0,9,0,8,0,0,0,0,4,1,6,1,68,10,1956,2,4,-1,2,-1
2015460263542,1,9,0,17,0,0,2,0,8,10,1,1,6,1,22,5,1398,2,10,-1,3,-1
2015460263548,1,9,0,7,0,5,0,7,7,2,1,1,6,1,24,5,1242,1,10,-1,2,-1
2015460263549,1,9,0,18,0,0,0,0,0,0,3,1,6,3,-1,-1,1242,1,3,-1,-1,-1
2015460263555,1,9,0,18,0,2,0,0,0,0,1,1,2,1,46,8,-1,-1,-1,-1,1,-1
2015460263562,1,9,0,7,0,6,0,0,0,0,1,1,1,1,21,5,-1,-1,-1,-1,2,-1
2015460263562,2,9,0,18,0,1,0,7,0,0,1,1,1,1,21,5,1968,2,9,-1,1,-1
2015460263562,3,9,0,18,0,1,0,0,0,0,1,1,1,2,46,8,1364,1,9,-1,1,-1
2015460263565,1,9,0,18,0,6,0,0,0,0,1,1,1,2,45,7,1598,1,1,-1,-1,-1
2015460263567,1,9,0,18,0,1,0,0,0,0,3,1,6,1,17,4,1229,1,8,-1,3,-1
2015460263567,2,9,0,18,0,1,0,0,0,0,2,1,6,2,64,9,1783,1,15,-1,1,-1
2015460263567,3,9,0,18,0,1,0,0,0,0,4,1,6,1,43,7,1461,2,8,-1,2,-1
2015460263569,1,9,0,9,0,6,0,0,0,0,2,1,6,1,57,9,1560,2,1,-1,1,-1
2015460263569,2,5,0,18,0,1,0,0,1,10,1,1,6,1,25,5,1137,1,14,-1,1,-1
2015460263572,1,90,0,4,0,1,1,0,0,0,1,1,1,1,28,6,2686,2,9,-1,1,-1
2015460263572,2,9,0,4,0,1,0,0,0,0,2,1,6,2,34,6,-1,-1,-1,-1,1,-1
2015460263572,3,90,0,9,0,5,0,0,0,0,0,1,1,1,38,7,-1,-1,-1,-1,1,-1
2015460263575,1,19,0,4,0,1,0,0,0,0,1,1,2,1,23,5,1598,2,1,-1,1,-1
2015460263575,2,9,0,4,0,1,0,0,0,0,2,1,6,1,30,6,1686,2,13,-1,1,-1
2015460263576,1,9,0,18,0,0,1,0,2,7,4,1,1,2,19,4,1364,2,12,-1,1,-1
2015460263581,1,3,0,18,0,0,1,0,0,0,0,1,2,2,25,5,125,1,1,-1,3,-1
2015460263582,1,9,0,17,0,0,1,0,3,0,0,1,6,1,40,7,1398,1,3,-1,1,-1
2015460263585,1,9,0,16,0,2,0,0,7,10,3,1,6,1,62,9,-1,-1,-1,-1,2,-1
2015460263587,1,9,0,18,0,4,0,0,0,0,1,1,6,1,36,7,-1,-1,-1,-1,1,-1
2015460263587,2,9,0,18,0,8,0,0,0,0,4,1,6,2,23,5,1242,1,13,-1,2,-1
2015460263591,1,9,0,18,0,1,0,0,0,0,1,1,6,1,40,7,1984,1,1,-1,1,-1
2015460263591,2,9,0,8,0,1,0,0,0,0,2,1,1,1,46,8,998,1,5,-1,1,-1
2015460263593,1,9,0,18,0,1,0,0,0,0,0,1,6,3,-1,-1,-1,-1,-1,-1,-1,-1
2015460263593,2,9,0,12,0,1,1,0,8,6,3,1,2,1,20,4,-1,-1,-1,-1,-1,-1
2015460263600,1,9,0,18,0,0,0,0,0,0,4,1,6,3,-1,-1,-1,-1,-1,-1,-1,-1
2015460263605,1,2,0,17,0,8,0,0,0,0,0,1,6,2,24,5,49,1,1,-1,2,-1
2015460263608,1,5,0,16,0,0,1,0,0,0,4,1,6,1,58,9,800,1,2,-1,1,-1
2015460263612,1,9,0,18,0,1,0,0,0,0,1,1,6,1,20,4,1396,1,13,-1,-1,-1
2015460263612,2,9,0,10,0,1,0,0,0,0,2,1,6,1,25,5,1390,1,14,-1,3,-1
2015460263613,1,9,0,12,0,1,1,0,4,6,2,1,6,1,46,8,1598,1,7,-1,1,-1
2015460263613,2,9,0,18,0,1,1,0,0,0,1,1,6,1,22,5,1998,1,10,-1,1,-1
2015460263613,3,9,0,18,0,1,1,0,0,0,1,1,6,1,62,9,3498,1,10,-1,3,-1
2015460263613,4,9,0,4,0,1,1,0,0,0,1,1,6,2,31,6,1398,2,2,-1,1,-1
2015460263620,1,9,0,18,0,0,0,0,0,0,4,1,2,1,49,8,1995,2,3,-1,-1,-1
2015460263620,2,9,0,18,0,0,0,0,1,7,3,1,6,2,52,8,-1,-1,-1,-1,-1,-1
2015460263621,1,9,0,18,0,0,0,0,1,4,3,1,6,2,63,9,2402,2,8,-1,2,-1
2015460263624,1,1,0,18,0,0,0,0,0,0,4,1,6,1,54,8,-1,-1,-1,-1,1,-1
2015460263625,1,11,0,5,0,2,0,0,0,0,1,1,1,2,60,9,6370,2,3,-1,1,-1
2015460263626,1,9,0,7,0,2,2,0,0,0,3,1,6,1,32,6,1896,2,13,-1,1,-1
2015460263626,2,9,0,18,0,1,0,0,0,0,3,1,6,2,36,7,1997,2,14,-1,1,-1
2015460263626,3,9,0,5,0,6,0,0,0,0,0,1,6,3,-1,-1,-1,-1,-1,-1,-1,-1
2015460263628,1,9,0,9,0,1,0,0,0,0,3,1,6,2,22,5,1753,2,6,-1,1,-1
2015460263628,2,9,0,18,0,1,0,0,0,0,1,1,6,1,69,10,1598,1,2,-1,1,-1
2015460263629,1,11,0,5,0,1,0,0,0,0,1,1,6,1,65,9,-1,2,14,-1,1,-1
2015460263629,2,9,0,3,0,2,0,0,0,0,2,1,6,1,24,5,1753,2,5,-1,1,-1
2015460263629,3,9,0,3,0,2,0,0,0,0,2,1,6,1,52,8,1461,2,5,-1,1,-1
2015460263629,4,9,0,3,0,2,0,0,0,0,2,1,6,1,47,8,1360,1,12,-1,1,-1
2015460263629,5,9,0,3,0,2,0,0,0,0,2,1,6,1,51,8,1968,2,8,-1,1,-1
2015460263630,1,9,0,18,0,3,1,4,1,7,1,1,2,1,42,7,1598,1,16,-1,1,-1
2015460263630,2,9,0,2,0,2,0,4,0,0,1,1,2,1,69,10,1598,1,11,-1,1,-1
2015460263631,1,9,0,18,0,2,1,0,0,0,1,1,6,1,20,4,1364,1,8,-1,-1,-1
2015460263631,2,9,0,18,0,2,1,0,0,0,2,1,6,1,24,5,1199,1,15,-1,3,-1
2015460263637,1,1,0,18,0,0,0,0,0,0,0,1,6,1,40,7,-1,-1,-1,-1,-1,-1
2015460263639,1,9,0,18,0,1,0,0,0,0,1,1,6,2,28,6,1905,2,22,-1,1,-1
2015460263639,2,19,0,4,0,5,0,0,0,0,2,1,1,1,35,6,-1,-1,-1,-1,-1,-1
2015460263653,1,9,0,5,0,6,0,0,0,0,1,1,1,1,35,6,1388,1,13,-1,1,-1
2015460263653,2,9,0,18,0,1,0,0,0,0,1,1,6,1,22,5,1968,2,3,-1,1,-1
2015460263656,1,9,0,18,0,8,0,0,0,0,1,1,6,3,-1,-1,2993,2,5,-1,-1,-1
2015460263656,2,9,0,18,0,8,0,0,0,0,1,1,2,2,18,4,1124,1,14,-1,3,-1
2015460263658,1,9,0,18,0,1,0,7,0,10,4,1,6,2,63,9,1240,1,7,-1,-1,-1
2015460263662,1,9,0,7,0,6,0,0,0,0,1,1,6,1,55,8,1560,2,4,-1,-1,-1
2015460263662,2,9,0,18,0,2,0,0,0,0,2,1,6,1,61,9,1560,2,1,-1,1,-1
2015460263665,1,9,0,1,0,6,0,0,0,0,3,1,6,2,29,6,1299,1,9,-1,2,-1
2015460263665,2,9,0,17,0,1,0,0,0,0,4,1,3,1,27,6,1968,2,2,-1,1,-1
2015460263668,1,9,0,9,0,6,0,0,0,0,3,1,6,2,19,4,1198,1,1,-1,1,-1
2015460263668,2,9,0,18,0,8,0,0,0,0,1,1,6,1,30,6,-1,-1,-1,-1,2,-1
2015460263670,1,9,0,16,0,8,0,0,0,0,3,1,6,2,72,10,1242,1,10,-1,1,-1
2015460263670,2,9,0,17,0,8,2,10,0,0,3,1,6,1,21,5,1598,1,8,-1,1,-1
2015460263672,1,9,0,18,0,6,0,0,0,0,1,1,6,1,45,7,1587,1,15,-1,1,-1
2015460263672,2,9,0,18,0,8,0,0,0,0,4,1,6,2,53,8,1198,1,1,-1,1,-1
2015460263675,1,9,0,6,0,0,0,0,0,0,4,1,6,3,-1,-1,1124,1,11,-1,-1,-1
2015460263675,2,9,0,18,0,0,0,0,0,0,1,1,6,2,19,4,1398,2,2,-1,2,-1
2015460263676,1,9,0,18,0,0,0,0,0,0,1,1,2,1,20,4,1242,1,13,-1,1,-1
2015460263676,2,9,0,3,0,0,0,0,0,0,2,1,1,1,50,8,-1,-1,-1,-1,1,-1
2015460263682,1,9,0,16,0,1,5,4,0,0,1,1,6,1,70,10,1390,1,3,-1,2,-1
2015460263682,2,9,0,2,0,2,0,0,0,0,1,1,6,2,21,5,1596,1,12,-1,2,-1
2015460263684,1,9,0,18,0,4,0,0,0,0,1,1,6,2,48,8,1560,2,7,-1,1,-1
2015460263684,2,9,0,18,0,3,0,0,0,0,4,1,6,1,69,10,1956,2,5,-1,1,-1
2015460263687,1,9,0,16,0,0,2,0,7,4,1,1,6,1,20,4,1149,1,6,-1,1,-1
2015460263688,1,19,0,18,0,6,0,0,0,0,4,1,6,1,-1,-1,1248,2,9,-1,3,-1
2015460263688,2,9,0,18,0,8,0,0,0,0,1,1,2,1,72,10,1896,2,14,-1,3,-1
2015460263688,3,9,0,7,0,6,0,0,0,0,1,1,6,2,53,8,-1,-1,-1,-1,-1,-1
2015460263691,1,9,0,18,0,0,0,0,0,0,1,1,6,1,79,11,2198,2,6,-1,1,-1
2015460263691,2,9,0,18,0,0,0,0,0,0,1,1,6,2,35,6,2495,2,12,-1,1,-1
2015460263692,1,9,0,18,0,0,0,0,0,0,1,1,6,1,49,8,1124,1,13,-1,2,-1
2015460263692,2,17,0,18,0,0,0,0,0,0,2,1,6,3,-1,-1,-1,-1,-1,-1,-1,-1
2015460263698,1,9,0,9,0,1,0,0,0,0,3,1,6,2,51,8,2143,2,2,-1,3,-1
2015460263702,1,8,0,1,9,2,0,0,0,0,2,1,1,1,34,6,1968,2,1,-1,1,-1
2015460263705,1,9,0,7,0,5,0,0,0,0,4,1,3,3,-1,-1,-1,-1,-1,-1,-1,-1
2015460263708,1,9,0,18,0,0,0,0,0,0,1,1,6,1,45,7,2148,2,10,-1,1,-1
2015460263708,2,19,0,2,0,0,0,0,0,0,4,1,6,3,-1,-1,2402,2,5,-1,3,-1
2015460263712,1,19,0,16,0,0,0,0,0,0,3,1,6,3,-1,-1,-1,-1,-1,-1,-1,-1
2015460263712,2,9,0,4,0,0,0,0,1,4,3,1,6,2,31,6,1587,1,8,-1,3,-1
2015460263713,1,2,0,18,0,0,0,0,0,0,1,1,4,1,16,4,49,1,-1,-1,1,-1
2015460263713,2,9,0,18,0,0,0,0,0,0,2,1,6,2,53,8,4164,2,14,-1,3,-1
2015460263721,1,9,0,9,0,6,0,0,0,0,1,1,1,1,25,5,-1,-1,-1,-1,1,-1
2015460263721,2,4,0,14,0,1,0,0,7,0,1,1,6,2,19,4,125,1,1,-1,-1,-1
2015460263723,1,9,0,5,0,4,0,0,0,0,1,1,6,2,61,9,998,1,18,-1,1,-1
2015460263723,2,9,0,3,0,4,0,0,0,0,2,1,6,1,20,4,1149,1,9,-1,1,-1
2015460263725,1,9,0,11,0,8,0,0,0,0,4,1,6,2,-1,-1,1598,2,4,-1,-1,-1
2015460263725,2,9,0,15,0,8,0,0,0,0,3,1,6,2,60,9,1198,1,6,-1,1,-1
2015460263726,1,9,0,18,0,0,5,0,1,0,1,1,6,2,53,8,1248,1,-1,-1,1,-1
2015460263728,1,9,0,4,0,1,0,0,0,0,1,1,6,1,-1,-1,1796,1,10,-1,1,-1
2015460263728,2,9,0,3,0,1,0,0,0,0,2,1,6,2,34,6,1753,2,7,-1,1,-1
2015460263729,1,9,0,18,0,0,0,0,0,0,1,1,6,3,-1,-1,1999,1,11,-1,-1,-1
2015460263729,2,9,0,2,0,0,0,0,0,0,4,1,6,2,29,6,1968,2,2,-1,-1,-1
2015460263730,1,9,0,18,0,0,1,0,1,4,1,1,6,1,18,4,1999,1,13,-1,1,-1
2015460263733,1,3,0,4,0,0,0,0,1,0,2,1,2,1,24,5,124,1,-1,-1,1,-1
2015460263733,2,9,0,4,0,0,0,0,0,0,1,1,2,1,34,6,1598,1,6,-1,1,-1
2015460263735,1,19,0,9,0,5,0,0,0,0,1,1,6,1,-1,-1,-1,-1,-1,-1,1,-1
2015460263735,2,4,0,18,0,1,0,0,0,0,4,1,6,1,36,7,125,1,-1,-1,1,-1
2015460263738,1,9,0,9,0,1,0,0,0,0,1,1,6,1,71,10,1299,1,9,-1,1,-1
2015460263738,2,1,0,18,0,1,0,0,0,0,4,1,6,2,45,7,-1,-1,-1,-1,1,-1
2015460263739,1,9,0,4,0,1,0,0,0,0,1,1,2,2,74,10,2148,2,10,-1,3,-1
2015460263739,2,9,0,4,0,1,0,0,0,0,2,1,2,2,37,7,1870,2,11,-1,1,-1
2015460263739,3,9,0,18,0,1,0,0,0,0,2,1,6,2,43,7,1398,1,5,-1,1,-1
2015460263741,1,5,0,12,0,0,0,0,0,0,3,1,6,1,56,9,599,1,10,-1,1,-1
2015460263741,2,5,0,18,0,0,0,0,0,0,4,1,6,1,22,5,-1,-1,-1,-1,1,-1
2015460263742,1,9,0,18,0,0,1,0,0,0,1,1,6,1,25,5,1242,1,14,-1,1,-1
2015460263742,2,9,0,18,0,0,0,0,0,0,2,1,6,1,39,7,1968,2,1,-1,1,-1
2015460263743,1,9,0,18,0,8,0,0,0,0,1,1,6,1,35,6,1999,1,14,-1,-1,-1
2015460263743,2,9,0,18,0,8,0,0,0,0,3,1,6,2,23,5,998,1,1,-1,-1,-1
2015460263746,1,9,0,16,0,0,2,0,7,4,1,1,2,2,20,4,1400,1,9,-1,1,-1
2015460263747,1,9,0,18,0,0,0,0,0,0,1,1,6,2,50,8,-1,-1,-1,-1,3,-1
2015460263747,2,9,0,18,0,0,0,0,0,0,1,1,3,2,22,5,1242,1,7,-1,2,-1
2015460263751,1,9,0,18,0,0,0,0,0,0,1,1,1,1,62,9,1968,2,-1,-1,1,-1
2015460263751,2,9,0,18,0,0,0,0,0,0,2,1,1,1,-1,-1,-1,-1,-1,-1,-1,-1
2015460263751,3,19,0,18,0,0,0,0,0,0,2,1,1,1,46,8,2148,2,8,-1,1,-1
2015460263754,1,9,0,4,0,0,0,0,0,0,1,1,1,2,24,5,1229,1,3,-1,1,-1
2015460263754,2,9,0,4,0,0,0,0,0,0,2,1,1,1,45,7,1560,2,3,-1,1,-1
2015460263754,3,19,0,4,0,0,0,0,0,0,2,1,1,1,61,9,1248,2,4,-1,3,-1
2015460263754,4,19,0,4,0,0,0,0,0,0,1,1,1,1,49,8,2198,2,5,-1,1,-1
2015460263754,5,19,0,4,0,0,0,0,0,0,1,1,1,1,35,6,2198,2,5,-1,1,-1
2015460263758,1,9,0,18,0,1,1,0,1,0,3,1,1,1,44,7,1560,2,3,-1,-1,-1
2015460263758,2,9,0,17,0,8,0,0,0,0,3,1,6,1,77,11,2143,2,2,-1,-1,-1
2015460263760,1,9,0,7,0,6,0,0,0,0,1,1,2,1,59,9,1398,1,2,-1,1,-1
2015460263760,2,9,0,18,0,8,0,0,0,0,4,1,6,2,32,6,1598,1,6,-1,1,-1
2015460263765,1,1,0,18,0,8,1,0,0,0,2,1,6,1,17,4,-1,-1,-1,-1,1,-1
2015460263765,2,9,0,9,0,5,0,0,0,0,1,1,6,1,32,6,2204,2,6,-1,1,-1
2015460263767,1,9,0,18,0,0,0,0,0,0,1,1,6,1,51,8,1364,1,-1,-1,1,-1
2015460263767,2,9,0,5,0,0,0,0,0,0,2,1,2,2,50,8,1598,1,1,-1,1,-1
2015460263768,1,9,0,16,0,0,1,0,0,0,1,1,6,3,-1,-1,-1,-1,-1,-1,-1,-1
2015460263768,2,9,0,18,0,0,0,0,1,0,1,1,1,1,30,6,1598,1,2,-1,1,-1
2015460263769,1,9,0,1,0,0,0,0,0,0,2,1,6,2,27,6,1200,1,2,-1,1,-1
2015460263769,2,9,0,3,0,0,0,0,0,0,1,1,6,2,55,8,1796,1,10,-1,1,-1
2015460263773,1,9,0,18,0,0,0,4,1,10,1,1,6,2,27,6,1596,1,9,-1,1,-1
2015460263773,2,9,0,2,0,0,0,0,0,0,1,1,6,2,29,6,1197,1,2,-1,1,-1
2015460263773,3,9,0,2,0,0,0,0,0,0,2,1,6,2,29,6,1248,1,3,-1,1,-1
2015460263784,1,9,0,18,0,0,0,0,0,0,1,1,6,2,77,11,2231,2,8,-1,3,-1
2015460263785,1,9,0,18,0,1,0,0,0,0,4,1,6,1,18,4,1198,1,7,-1,2,-1
2015460263786,1,9,0,9,0,6,0,0,0,0,1,1,6,2,38,7,999,1,1,-1,1,-1
2015460263786,2,9,0,18,0,5,0,0,0,0,1,1,6,1,71,10,1560,2,5,-1,-1,-1
2015460263787,1,9,0,17,0,2,0,0,0,0,1,1,6,1,22,5,1398,1,-1,-1,-1,-1
2015460263791,1,9,0,18,0,6,0,0,0,0,1,1,2,1,40,7,1910,2,7,-1,-1,-1
2015460263791,2,9,0,9,0,8,0,0,0,0,1,1,2,1,35,6,3498,1,-1,-1,3,-1