Accident_Index,Vehicle_Reference,Vehicle_Type,Towing_and_Articulation,Vehicle_Manoeuvre,Vehicle_Location-Restricted_Lane,Junction_Location,Skidding_and_Overturning,Hit_Object_in_Carriageway,Vehicle_Leaving_Carriageway,Hit_Object_off_Carriageway,1st_Point_of_Impact,Was_Vehicle_Left_Hand_Drive?,Journey_Purpose_of_Driver,Sex_of_Driver,Age_of_Driver,Age_Band_of_Driver,Engine_Capacity_(CC),Propulsion_Code,Age_of_Vehicle,Driver_IMD_Decile,Driver_Home_Area_Type,Vehicle_IMD_Decile
2015460263791,3,9,0,3,0,1,0,0,0,0,3,1,2,1,35,6,1997,2,6,-1,1,-1
2015460263792,1,9,0,18,0,1,0,0,0,0,1,1,6,1,19,4,1798,1,13,-1,-1,-1
2015460263792,2,9,0,18,0,1,0,0,0,0,0,1,1,1,29,6,-1,-1,-1,-1,1,-1
2015460263793,1,21,0,4,0,1,1,0,0,0,1,1,1,1,67,10,12580,2,11,-1,1,-1
2015460263793,2,10,0,10,0,1,0,0,1,4,2,1,1,1,29,6,2402,2,13,-1,3,-1
2015460263793,3,9,0,18,0,1,0,0,0,0,3,1,6,1,66,10,1461,2,4,-1,2,-1
2015460263795,1,9,0,9,0,0,0,0,0,0,1,1,2,2,77,11,1198,1,-1,-1,-1,-1
2015460263796,1,9,0,4,0,0,2,0,1,0,3,1,6,2,22,5,1598,1,8,-1,1,-1
2015460263798,1,9,0,18,0,0,1,0,2,7,0,1,6,2,28,6,1598,1,11,-1,-1,-1
2015460263802,1,9,0,9,0,5,0,0,0,0,4,1,6,2,74,10,1298,1,12,-1,1,-1
2015460263817,1,9,0,14,0,0,0,0,0,0,1,1,6,1,55,8,-1,-1,-1,-1,-1,-1
2015460263817,2,11,0,2,0,0,0,0,0,0,0,1,1,1,-1,-1,-1,-1,-1,-1,-1,-1
2015460263823,1,9,0,16,0,1,0,0,0,0,1,1,6,1,39,7,1339,1,2,-1,1,-1
2015460263824,1,9,0,13,0,0,0,0,1,10,1,1,6,1,24,5,1968,2,1,-1,2,-1
2015460263826,1,5,0,13,0,8,0,0,0,0,4,1,6,1,25,5,865,1,6,-1,1,-1
2015460263826,2,9,0,17,0,8,0,0,0,0,3,1,6,1,55,8,1753,2,10,-1,1,-1
2015460263829,1,90,0,18,0,0,0,0,0,0,1,1,6,1,28,6,-1,-1,-1,-1,1,-1
2015460263829,2,9,0,18,0,0,0,0,0,0,1,1,6,2,52,8,1299,1,14,-1,-1,-1
2015460263830,1,9,0,18,0,0,0,0,0,0,3,1,6,3,-1,-1,-1,-1,-1,-1,-1,-1
2015460263830,2,9,0,18,0,0,0,0,0,0,3,1,6,1,43,7,-1,-1,-1,-1,2,-1
2015460263831,1,9,0,3,0,1,0,0,0,0,1,1,2,2,23,5,1598,1,4,-1,3,-1
2015460263831,2,9,0,3,0,1,0,0,0,0,2,1,2,2,24,5,1242,1,1,-1,1,-1
2015460263833,1,9,0,18,0,1,0,0,0,0,4,1,6,2,50,8,1798,1,4,-1,-1,-1
2015460263833,2,9,0,3,0,6,0,0,0,0,2,1,6,1,58,9,1596,1,5,-1,1,-1
2015460263834,1,9,0,4,0,1,1,0,0,0,1,1,6,2,25,5,1783,1,15,-1,2,-1
2015460263834,2,9,0,10,0,1,0,0,0,0,2,1,2,1,48,8,2477,2,11,-1,1,-1
2015460263834,3,9,0,10,0,1,0,0,0,0,2,1,2,1,39,7,1753,2,11,-1,1,-1
2015460263834,4,9,0,10,0,1,0,0,0,0,2,1,2,1,40,7,1686,2,7,-1,1,-1
2015460263835,1,19,0,4,0,1,1,0,0,0,3,1,1,1,41,7,4461,2,4,-1,1,-1
2015460263835,2,9,0,10,0,1,0,0,0,0,3,1,6,2,33,6,1591,1,4,-1,2,-1
2015460263837,1,1,0,9,0,1,0,0,0,0,3,1,6,2,25,5,-1,-1,-1,-1,1,-1
2015460263837,2,9,0,18,0,1,0,0,0,0,4,1,6,2,-1,-1,1598,1,1,-1,1,-1
2015460263838,1,9,0,9,0,6,0,0,0,0,1,1,1,1,64,9,2148,2,8,-1,2,-1
2015460263838,2,1,0,9,0,6,0,0,0,0,2,1,6,1,28,6,-1,-1,-1,-1,1,-1
2015460263841,1,9,0,7,0,3,0,0,0,0,4,1,1,2,54,8,1598,1,5,-1,1,-1
2015460263841,2,21,0,18,0,8,0,0,0,0,3,1,1,1,46,8,-1,-1,-1,-1,-1,-1
2015460263847,1,9,0,18,0,8,1,7,7,10,1,1,6,1,20,4,1229,1,7,-1,1,-1
2015460263847,2,9,0,18,0,8,0,4,0,0,1,1,6,2,26,6,1360,1,12,-1,-1,-1
2015460263847,3,9,0,2,0,2,0,0,0,0,2,1,6,3,66,10,1896,2,14,-1,-1,-1
2015460263849,1,9,0,9,0,5,0,0,0,0,1,1,2,2,25,5,1299,1,15,-1,3,-1
2015460263849,2,9,0,18,0,1,0,0,0,0,1,1,6,1,47,8,998,1,9,-1,1,-1
2015460263852,1,9,0,18,0,0,0,0,0,0,1,2,6,3,-1,-1,-1,-1,-1,-1,-1,-1
2015460263856,1,9,0,9,0,5,0,0,0,0,4,1,6,1,81,11,998,1,7,-1,1,-1
2015460263856,2,9,0,18,0,8,0,0,0,0,3,1,6,2,46,8,-1,-1,-1,-1,1,-1
2015460263856,3,19,0,18,0,8,0,0,0,0,1,1,1,1,53,8,1896,2,9,-1,1,-1
2015460263859,1,9,0,18,8,7,0,0,0,0,1,1,6,2,72,10,2143,2,5,-1,1,-1
2015460263859,2,9,0,4,0,1,0,0,0,0,3,1,1,1,30,6,1686,2,3,-1,1,-1
2015460263860,1,19,0,18,0,0,0,4,1,10,1,1,6,1,40,7,2198,2,8,-1,2,-1
2015460263860,2,4,0,2,0,0,1,0,0,0,3,1,6,1,62,9,-1,-1,-1,-1,-1,-1
2015460263861,1,9,0,4,0,6,0,0,3,9,1,1,6,1,18,4,1149,1,5,-1,-1,-1
2015460263863,1,9,0,5,0,4,0,0,0,0,4,1,6,2,28,6,1598,1,9,-1,2,-1
2015460263864,1,19,0,18,0,8,0,0,0,0,4,1,6,1,-1,-1,2198,2,7,-1,1,-1
2015460263866,1,9,0,5,0,1,0,0,0,0,4,1,6,2,18,4,996,1,1,-1,1,-1
2015460263869,1,11,0,13,0,0,0,0,0,0,4,1,1,3,-1,-1,9000,2,5,-1,-1,-1
2015460263869,2,9,0,18,0,0,0,0,0,0,3,1,6,1,28,6,1997,2,13,-1,2,-1
2015460263873,1,1,0,18,0,2,0,0,0,0,1,1,6,1,62,9,-1,-1,-1,-1,1,-1
2015460263877,1,4,0,13,0,8,1,0,0,0,1,1,1,1,20,4,125,1,2,-1,1,-1
2015460263877,2,1,0,9,0,5,0,0,0,0,2,1,1,1,61,9,-1,-1,-1,-1,2,-1
2015460263879,1,9,0,18,0,0,1,0,5,6,3,1,6,1,39,7,1461,2,6,-1,-1,-1
2015460263880,1,9,0,18,0,3,0,0,0,0,3,1,6,1,61,9,2496,1,10,-1,1,-1
2015460263880,2,9,0,18,0,8,0,0,3,2,4,1,6,1,22,5,-1,-1,-1,-1,1,-1
2015460263881,1,9,0,5,0,6,0,0,0,0,3,1,6,2,83,11,998,1,14,-1,1,-1
2015460263881,2,9,0,18,0,8,0,0,0,0,4,1,2,2,67,10,1299,1,8,-1,1,-1
2015460263882,1,19,0,6,0,2,0,0,0,0,1,1,6,1,30,6,2198,2,9,-1,-1,-1
2015460263882,2,1,0,18,0,2,0,0,0,0,1,1,6,1,40,7,-1,-1,-1,-1,-1,-1
2015460263886,1,9,0,18,0,0,0,0,0,0,1,1,2,2,28,6,1299,1,14,-1,3,-1
2015460263886,2,9,0,18,0,0,0,0,0,0,2,1,3,2,49,8,1596,1,1,-1,1,-1
2015460263887,1,9,0,7,0,1,0,0,0,0,3,1,3,1,27,6,1390,1,15,-1,1,-1
2015460263887,2,9,0,18,0,1,0,0,0,0,1,1,2,2,19,4,1242,1,-1,-1,1,-1
2015460263890,1,9,0,5,0,0,0,0,0,0,3,1,6,2,19,4,998,1,6,-1,-1,-1
2015460263890,2,9,0,18,0,0,0,0,0,0,1,1,2,2,24,5,1910,2,8,-1,1,-1
2015460263894,1,21,1,18,0,4,0,0,0,0,1,1,1,1,48,8,-1,-1,-1,-1,-1,-1
2015460263894,2,9,0,18,0,4,0,0,0,0,2,1,6,1,34,6,1799,1,4,-1,-1,-1
2015460263895,1,9,0,6,0,0,0,0,0,0,3,1,6,1,45,7,1498,1,-1,-1,1,-1
2015460263895,2,11,0,13,0,0,0,0,0,0,1,1,1,1,64,9,4461,2,-1,-1,1,-1
2015460263899,1,9,0,18,0,8,0,0,0,0,1,1,1,1,18,4,1198,1,4,-1,1,-1
2015460263899,2,9,0,9,0,6,0,0,0,0,1,1,1,2,25,5,998,1,2,-1,1,-1
2015460263901,1,9,0,18,0,0,0,0,0,0,1,1,6,2,59,9,1997,1,14,-1,1,-1
2015460263902,1,9,0,18,0,0,0,0,1,7,1,1,6,1,57,9,-1,-1,-1,-1,1,-1
2015460263902,2,9,0,18,0,0,0,0,0,0,2,1,6,1,27,6,1686,2,10,-1,1,-1
2015460263902,3,19,0,18,0,0,0,0,0,0,2,1,6,1,61,9,1248,2,4,-1,1,-1
2015460263904,1,9,0,17,0,0,0,0,1,4,1,1,6,1,92,11,1229,1,4,-1,2,-1
2015460263905,1,19,0,18,0,0,0,0,0,0,0,1,6,3,-1,-1,-1,-1,-1,-1,-1,-1
2015460263905,2,9,0,18,0,0,1,0,4,6,1,1,6,2,38,7,2967,2,3,-1,1,-1
2015460263906,1,9,0,18,0,0,0,0,0,0,1,1,6,1,30,6,1794,1,9,-1,1,-1
2015460263907,1,9,0,18,0,1,0,0,0,0,1,1,6,3,-1,-1,-1,-1,-1,-1,-1,-1
2015460263907,2,9,0,8,0,1,0,0,0,0,2,1,1,2,44,7,1560,2,-1,-1,2,-1
2015460263908,1,9,0,4,0,0,0,0,0,0,1,1,6,1,30,6,1197,1,3,-1,1,-1
2015460263908,2,9,0,18,0,0,0,0,0,0,2,1,6,1,45,7,1389,1,12,-1,1,-1
2015460263909,1,9,0,9,0,8,0,0,0,0,1,1,6,2,38,7,1360,1,13,-1,1,-1
2015460263909,2,5,0,9,0,8,0,0,0,0,1,1,6,1,38,7,670,1,3,-1,1,-1
2015460263911,1,3,0,16,0,3,1,0,0,0,0,1,6,2,35,6,124,1,18,-1,-1,-1
2015460263913,1,9,0,18,0,1,0,4,1,0,1,1,6,2,26,6,1596,1,15,-1,1,-1
2015460263913,2,9,0,2,0,1,0,0,0,0,3,1,6,3,-1,-1,-1,-1,-1,-1,-1,-1
2015460263919,1,9,0,17,0,0,0,10,0,0,1,1,6,1,27,6,1998,1,8,-1,1,-1
2015460263919,2,9,0,17,0,0,0,0,0,0,2,1,6,2,43,7,1386,1,7,-1,1,-1
2015460263920,1,9,0,16,9,2,1,10,7,10,1,1,6,1,28,6,1397,1,13,-1,1,-1
2015460263922,1,9,0,1,0,0,0,0,0,0,2,1,6,2,-1,-1,-1,-1,-1,-1,2,-1
2015460263922,2,19,0,2,0,0,0,0,0,0,2,1,1,2,47,8,1248,2,6,-1,2,-1
2015460263923,1,9,0,18,0,0,0,12,0,0,1,1,3,1,42,7,1339,1,11,-1,1,-1
2015460263925,1,9,0,18,0,8,0,0,0,0,1,1,1,2,47,8,1753,2,8,-1,1,-1
2015460263929,1,9,0,18,0,0,0,0,0,0,1,1,6,3,-1,-1,-1,-1,-1,-1,-1,-1
2015460263931,1,2,0,13,0,0,0,0,0,0,0,1,6,1,29,6,-1,-1,-1,-1,-1,-1
2015460263931,2,9,0,18,0,0,0,0,0,0,0,1,6,2,49,8,-1,-1,-1,-1,1,-1
2015460263934,1,2,0,13,0,1,0,0,0,0,1,1,6,1,14,3,-1,-1,-1,-1,1,-1
2015460263934,2,9,0,9,0,1,0,0,0,0,3,1,6,1,61,9,-1,-1,-1,-1,1,-1
2015460263938,1,9,0,18,0,0,0,0,0,0,1,1,6,1,25,5,2148,2,7,-1,1,-1
2015460263946,1,9,0,9,0,8,0,0,0,0,3,1,6,1,48,8,1229,1,9,-1,1,-1
2015460263946,2,9,0,18,0,8,0,0,0,0,3,1,6,1,36,7,-1,-1,-1,-1,2,-1
2015460263949,1,19,0,18,0,1,0,0,0,0,1,1,1,1,44,7,1560,2,1,-1,1,-1
2015460263949,2,9,0,4,0,1,0,0,0,0,2,1,6,1,50,8,1995,2,1,-1,-1,-1
2015460263949,3,9,0,3,0,1,0,0,0,0,2,1,6,2,38,7,2494,1,12,-1,1,-1
2015460263953,1,9,0,4,0,1,0,0,0,0,1,1,6,3,-1,-1,-1,-1,-1,-1,-1,-1
2015460263953,2,9,0,4,0,1,0,0,0,0,2,1,6,3,-1,-1,-1,-1,-1,-1,-1,-1
2015460263953,3,9,0,8,0,1,0,0,0,0,2,1,6,2,20,4,1197,1,-1,-1,1,-1
2015460263954,1,9,0,9,0,8,0,0,0,0,3,1,3,1,43,7,1598,1,13,-1,1,-1
2015460263954,2,3,0,18,0,8,0,0,0,0,1,1,2,1,17,4,125,1,2,-1,1,-1
2015460263958,1,9,0,18,0,0,0,0,0,0,1,1,6,3,-1,-1,-1,-1,-1,-1,-1,-1
2015460263958,2,9,0,3,0,0,0,0,0,0,2,1,6,2,35,6,1686,2,11,-1,1,-1
2015460263960,1,9,0,18,0,0,1,0,0,0,3,1,6,2,24,5,-1,-1,-1,-1,1,-1
2015460263960,2,9,0,18,0,0,0,0,0,0,1,1,6,2,28,6,1399,2,4,-1,1,-1
2015460263962,1,9,0,18,0,0,0,0,0,0,1,1,3,1,39,7,1796,1,1,-1,-1,-1
2015460263962,2,11,0,3,0,0,0,0,0,0,0,1,1,3,-1,-1,-1,-1,-1,-1,-1,-1
2015460263967,1,9,0,18,0,0,0,0,0,0,1,1,6,2,31,6,1598,2,4,-1,-1,-1
2015460263967,2,5,0,18,0,0,0,0,0,0,1,1,6,1,51,8,675,1,4,-1,1,-1
2015460263968,1,19,0,18,0,8,0,0,0,0,1,1,6,3,-1,-1,2287,2,-1,-1,1,-1
2015460263973,1,21,1,12,0,8,0,0,0,0,1,2,1,1,52,8,-1,-1,-1,-1,-1,-1
2015460263973,2,9,0,18,0,8,0,0,0,0,2,1,6,2,56,9,1590,1,12,-1,3,-1
2015460263973,3,9,0,18,0,8,0,0,0,0,2,1,1,1,50,8,-1,-1,-1,-1,1,-1
2015460263973,4,5,0,18,0,8,0,0,0,0,1,1,1,1,38,7,1352,1,7,-1,1,-1
2015460263973,5,9,0,18,0,8,0,0,0,0,3,1,6,2,50,8,2179,2,5,-1,1,-1
2015460263981,1,9,0,5,0,6,0,0,0,0,1,1,2,1,20,4,1598,1,2,-1,1,-1
2015460263981,2,9,0,18,0,1,0,0,0,0,1,1,2,1,25,5,1896,2,11,-1,1,-1
2015460263982,1,9,0,5,0,6,0,0,0,0,1,1,2,1,66,10,-1,-1,-1,-1,1,-1
2015460263982,2,9,0,18,0,1,1,0,7,0,4,1,3,1,29,6,2435,1,14,-1,1,-1
2015460263983,1,9,0,9,0,2,0,0,0,0,3,1,6,1,62,9,1086,1,5,-1,1,-1
2015460263983,2,3,0,18,0,1,0,0,0,0,1,1,6,1,27,6,124,1,10,-1,1,-1
2015460263985,1,9,0,18,0,0,0,0,0,0,1,1,6,1,18,4,1242,1,5,-1,3,-1
2015460263985,2,9,0,3,0,0,0,0,0,0,2,1,6,2,64,9,1386,1,9,-1,3,-1
2015460263986,1,9,0,18,0,0,0,0,7,7,1,1,2,1,51,8,1560,2,6,-1,-1,-1
2015460263988,1,9,0,18,0,1,0,0,0,0,2,1,6,3,-1,-1,-1,-1,-1,-1,-1,-1
2015460263988,2,9,0,18,0,1,1,0,1,7,2,1,1,2,29,6,1240,1,10,-1,1,-1
2015460263988,3,21,0,18,0,1,0,0,0,0,2,1,1,1,38,7,-1,-1,-1,-1,-1,-1
2015460263991,1,9,0,18,0,0,0,7,0,0,1,1,6,1,89,11,1986,1,23,-1,-1,-1
2015460263993,1,9,0,11,0,3,1,0,8,0,1,1,6,1,18,4,1229,1,3,-1,2,-1
2015460263995,1,9,0,18,0,0,1,0,0,0,1,1,6,1,36,7,1997,2,4,-1,1,-1
2015460263995,2,9,0,4,0,0,0,0,0,0,2,1,6,2,57,9,1398,1,14,-1,1,-1
2015460263995,3,9,0,4,0,0,0,0,0,0,2,1,6,1,75,10,1560,2,6,-1,-1,-1
2015460263996,1,9,0,7,0,6,0,0,0,0,3,1,3,2,49,8,1968,2,-1,-1,2,-1
2015460263996,2,9,0,18,0,1,0,0,0,0,3,1,2,1,29,6,1229,1,5,-1,3,-1
2015460263996,3,19,0,2,0,1,0,0,0,0,1,1,6,1,24,5,-1,-1,-1,-1,3,-1
2015460263997,1,9,0,11,0,0,1,0,2,7,1,1,1,1,28,6,1388,1,12,-1,1,-1
2015460264010,1,9,0,16,0,0,1,0,0,0,3,1,6,2,33,6,1339,1,12,-1,1,-1
2015460264010,2,9,0,17,0,0,0,0,0,0,3,1,6,2,41,7,1596,1,13,-1,2,-1
2015460264013,1,9,0,7,0,6,0,0,0,0,3,1,1,1,44,7,1997,2,4,-1,1,-1
2015460264013,2,5,0,18,0,1,1,0,0,0,1,1,6,1,25,5,599,1,18,-1,1,-1
2015460264014,1,9,0,18,0,2,0,0,0,0,1,1,6,2,78,11,1598,1,7,-1,1,-1
2015460264016,1,21,0,12,0,0,0,0,0,0,3,1,1,1,45,7,-1,-1,-1,-1,-1,-1
2015460264016,2,9,0,18,0,0,0,0,2,7,4,1,1,1,46,8,-1,-1,-1,-1,1,-1
2015460264018,1,9,0,9,0,6,0,0,0,0,1,1,6,2,23,5,1360,1,12,-1,1,-1
2015460264019,1,9,0,18,0,8,0,0,0,0,4,1,6,2,56,9,1386,1,2,-1,1,-1
2015460264019,2,9,0,18,0,8,0,0,0,0,3,1,6,1,81,11,1850,1,16,-1,1,-1
2015460264020,1,9,0,18,0,2,0,0,0,0,1,1,2,1,54,8,1596,1,4,-1,3,-1
2015460264020,2,9,0,4,0,2,0,0,0,0,2,1,2,1,36,7,1686,2,10,-1,3,-1
2015460264021,1,9,0,11,0,8,0,0,0,0,2,1,6,3,-1,-1,-1,-1,-1,-1,-1,-1
2015460264021,2,9,0,18,0,1,1,0,1,7,1,1,6,2,40,7,1200,1,13,-1,1,-1
2015460264025,1,19,0,18,9,0,0,0,0,0,4,1,2,1,56,9,2143,2,2,-1,1,-1
2015460264039,1,9,0,18,0,0,1,0,0,0,1,1,6,2,26,6,1086,1,8,-1,1,-1
2015460264039,2,9,0,4,0,0,0,0,0,0,2,1,1,2,44,7,1229,1,1,-1,1,-1
2015460264040,1,19,0,18,0,0,1,0,0,0,1,1,1,1,56,9,1868,2,15,-1,1,-1
2015460264040,2,9,0,18,0,0,1,0,0,0,1,1,3,1,39,7,1587,1,13,-1,3,-1
2015460264043,1,9,0,18,0,0,0,0,0,0,4,1,6,2,42,7,1968,2,9,-1,1,-1
2015460264045,1,9,0,18,0,0,0,0,0,0,1,1,6,1,18,4,1149,1,15,-1,1,-1
2015460264045,2,9,0,3,0,0,0,0,0,0,2,1,6,1,19,4,1242,1,17,-1,1,-1
2015460264045,3,9,0,3,0,0,0,0,0,0,2,1,6,1,59,9,2143,2,-1,-1,1,-1
2015460264046,1,9,0,18,0,0,0,4,0,0,1,1,6,1,29,6,1596,1,3,-1,1,-1
2015460264046,2,9,0,2,0,0,0,0,0,0,2,1,6,2,37,7,1995,2,10,-1,1,-1
2015460264048,1,9,0,18,9,2,0,0,8,1,3,1,6,1,73,10,-1,-1,-1,-1,1,-1
2015460264054,1,9,0,9,0,0,0,0,0,0,4,1,6,2,38,7,1598,1,16,-1,1,-1
2015460264054,2,9,0,18,0,0,0,0,0,0,1,1,6,1,18,4,1362,1,2,-1,3,-1
2015460264055,1,9,0,18,0,0,2,0,1,0,0,1,6,1,51,8,1798,1,14,-1,-1,-1
2015460264059,1,9,0,18,0,0,0,0,0,0,1,1,6,3,-1,-1,1332,1,18,-1,-1,-1
2015460264059,2,9,0,3,0,0,0,0,0,0,2,1,2,2,20,4,1596,1,3,-1,1,-1
2015460264060,1,9,0,18,0,8,0,0,0,0,1,1,6,2,62,9,1798,1,2,-1,1,-1
2015460264061,1,3,0,18,0,1,0,0,0,0,0,1,1,2,21,5,125,1,-1,-1,-1,-1
2015460264062,1,9,0,18,0,0,0,0,0,0,1,1,6,2,51,8,1598,1,8,-1,2,-1
2015460264063,1,9,0,18,0,0,0,0,0,0,3,1,3,1,23,5,1242,1,17,-1,1,-1
2015460264063,2,9,0,18,0,0,0,0,1,4,3,1,3,2,26,6,1399,1,9,-1,1,-1
2015460264064,1,9,0,4,0,1,1,0,1,10,1,1,2,2,65,9,1796,1,12,-1,3,-1
2015460264064,2,9,0,3,0,1,0,0,0,0,2,1,6,2,53,8,1560,2,7,-1,3,-1
2015460264066,1,9,0,18,0,1,0,0,0,0,1,1,6,2,36,7,2993,2,8,-1,2,-1
2015460264067,1,9,0,1,0,8,0,0,0,0,2,1,6,1,-1,-1,1584,1,13,-1,1,-1
2015460264067,2,9,0,2,0,2,0,0,0,0,1,1,6,1,53,8,2967,2,3,-1,3,-1
2015460264067,3,9,0,2,0,2,0,0,0,0,0,1,6,1,56,9,1910,2,5,-1,1,-1
2015460264070,1,9,0,9,0,5,0,0,0,0,4,1,6,2,20,4,1587,1,12,-1,-1,-1
2015460264070,2,9,0,18,0,1,0,0,0,0,1,1,6,1,40,7,1422,2,6,-1,-1,-1
2015460264070,3,9,0,18,0,1,0,0,0,0,1,1,6,2,30,6,1596,1,6,-1,-1,-1
2015460264071,1,9,0,4,0,1,0,0,0,0,1,1,6,1,68,10,2495,2,18,-1,1,-1
2015460264071,2,9,0,10,0,8,0,0,0,0,2,1,6,2,50,8,1248,2,5,-1,3,-1
2015460264074,1,9,0,18,0,0,0,0,0,0,1,1,6,3,-1,-1,-1,-1,-1,-1,-1,-1
2015460264074,2,9,0,18,0,0,0,0,0,0,2,1,6,2,31,6,2143,2,5,-1,-1,-1
2015460264076,1,9,0,18,0,0,2,4,0,0,1,1,6,2,69,10,1364,1,7,-1,1,-1
2015460264076,2,9,0,2,0,0,0,0,0,0,2,1,6,3,-1,-1,1197,1,4,-1,-1,-1
2015460264079,1,9,0,9,0,5,0,0,0,0,1,1,1,1,50,8,1582,2,3,-1,1,-1
2015460264084,1,9,0,1,0,0,0,0,0,0,2,1,6,1,73,10,2191,2,1,-1,1,-1
2015460264086,1,5,0,18,0,1,0,0,0,0,1,1,6,1,72,10,800,1,-1,-1,1,-1
2015460264086,2,9,0,9,0,5,0,0,0,0,3,1,6,2,21,5,2179,2,6,-1,1,-1
2015460264094,1,9,0,9,0,6,0,0,0,0,3,1,6,2,70,10,2148,2,9,-1,1,-1
2015460264094,2,9,0,18,0,1,1,0,0,0,1,1,2,1,28,6,599,1,13,-1,1,-1
2015460264096,1,9,0,9,0,1,0,0,0,0,3,1,2,1,25,5,1910,2,10,-1,1,-1
2015460264096,2,5,0,18,0,1,1,0,0,0,3,1,6,1,47,8,654,1,7,-1,2,-1
2015460264103,1,9,0,12,0,0,0,0,0,0,1,1,6,1,22,5,-1,-1,-1,-1,-1,-1
2015460264103,2,9,0,18,0,0,0,0,0,0,2,1,1,1,28,6,1560,2,3,-1,1,-1
2015460264104,1,9,0,18,0,0,0,0,0,0,1,1,6,1,80,11,1598,1,8,-1,-1,-1
2015460264106,1,9,0,9,0,4,0,0,0,0,1,1,6,2,31,6,1339,1,3,-1,1,-1
2015460264106,2,1,0,18,0,8,0,0,0,0,4,1,2,1,30,6,-1,-1,-1,-1,1,-1
2015460264107,1,9,0,7,0,8,0,0,0,0,4,1,6,3,-1,-1,-1,-1,-1,-1,-1,-1
2015460264108,1,9,0,18,0,4,0,0,1,7,1,1,1,1,36,7,-1,-1,-1,-1,1,-1
2015460264108,2,9,0,18,0,8,0,0,0,0,4,1,6,1,31,6,2494,1,11,-1,1,-1
2015460264112,1,9,0,18,0,4,0,0,0,0,1,1,6,1,40,7,1956,2,5,-1,2,-1
2015460264112,2,9,0,18,0,4,0,0,0,0,2,1,6,1,56,9,1796,1,14,-1,1,-1
2015460264114,1,19,0,18,0,0,2,4,1,10,1,1,6,1,20,4,2402,2,8,-1,2,-1
2015460264114,2,9,0,2,0,0,0,0,0,0,3,1,6,1,-1,-1,1390,1,7,-1,3,-1
2015460264119,1,5,0,18,0,1,0,0,0,0,1,1,6,1,58,9,583,1,22,-1,1,-1
2015460264121,1,9,0,18,0,0,0,0,0,0,0,1,6,3,-1,-1,-1,-1,-1,-1,-1,-1
2015460264121,2,3,0,18,0,0,1,0,0,0,3,1,6,1,29,6,124,1,7,-1,-1,-1
2015460264124,1,3,0,11,0,1,0,0,0,0,2,1,6,1,20,4,-1,-1,-1,-1,3,-1
2015460264124,2,9,0,12,0,1,0,0,0,0,3,1,6,1,22,5,1388,1,12,-1,2,-1
2015460264126,1,9,0,18,0,1,0,0,0,0,3,1,6,1,84,11,1598,1,16,-1,1,-1
2015460264129,1,9,0,18,0,4,0,0,0,0,3,1,6,2,22,5,1390,1,3,-1,1,-1
2015460264129,2,9,0,18,0,4,0,0,0,0,1,1,6,2,34,6,1364,2,9,-1,1,-1
2015460264130,1,3,0,18,0,0,0,0,0,0,1,1,6,1,17,4,124,1,18,-1,2,-1
2015460264132,1,9,0,18,0,8,0,0,0,0,1,1,2,1,-1,-1,1995,2,2,-1,3,-1
2015460264132,2,9,0,5,0,8,0,0,3,1,3,1,2,1,51,8,-1,-1,-1,-1,2,-1
2015460264135,1,9,0,12,0,2,0,0,0,0,3,1,6,1,22,5,1364,1,5,-1,1,-1
2015460264135,2,9,0,18,0,2,0,0,0,0,4,1,2,1,49,8,998,1,15,-1,1,-1
2015460264150,1,9,0,7,0,2,0,0,0,0,1,1,2,1,21,5,998,1,12,-1,1,-1
2015460264153,1,9,0,4,0,1,0,0,0,0,1,1,6,1,49,8,1998,2,8,-1,1,-1
2015460264153,2,9,0,3,0,1,0,0,0,0,2,1,6,1,-1,-1,1598,1,10,-1,1,-1
2015460264153,3,9,0,3,0,1,0,0,0,0,2,1,6,2,41,7,-1,-1,-1,-1,3,-1
2015460264154,1,9,0,5,0,4,0,0,0,0,1,1,6,1,30,6,1794,1,15,-1,1,-1
2015460264154,2,4,0,18,0,3,0,0,0,0,2,1,1,1,24,5,124,1,3,-1,1,-1
2015460264154,3,9,0,5,0,4,0,0,0,0,3,1,6,2,35,6,1896,2,8,-1,1,-1
2015460264158,1,9,0,4,0,0,0,0,0,0,1,1,3,1,54,8,1797,8,1,-1,1,-1
2015460264159,1,9,0,2,0,0,0,0,0,0,2,1,6,2,27,6,1956,2,2,-1,1,-1
2015460264159,2,9,0,18,0,0,0,0,0,0,1,1,6,1,48,8,1896,2,11,-1,-1,-1
2015460264160,1,9,0,9,0,6,0,0,0,0,3,1,6,2,25,5,1242,1,1,-1,1,-1
2015460264160,2,9,0,18,0,1,0,0,0,0,1,1,6,2,56,9,1998,2,10,-1,2,-1
2015460264160,3,9,0,4,0,1,0,0,0,0,0,1,6,1,51,8,2148,2,7,-1,3,-1
2015460264160,4,9,0,4,0,1,0,0,0,0,2,1,6,1,-1,-1,1995,2,4,-1,2,-1
2015460264160,5,9,0,4,0,1,0,0,0,0,1,1,6,1,21,5,1360,1,13,-1,-1,-1
2015460264161,1,9,0,18,0,0,1,0,0,0,1,1,6,1,44,7,1364,1,7,-1,3,-1