Accident_Index,Vehicle_Reference,Vehicle_Type,Towing_and_Articulation,Vehicle_Manoeuvre,Vehicle_Location-Restricted_Lane,Junction_Location,Skidding_and_Overturning,Hit_Object_in_Carriageway,Vehicle_Leaving_Carriageway,Hit_Object_off_Carriageway,1st_Point_of_Impact,Was_Vehicle_Left_Hand_Drive?,Journey_Purpose_of_Driver,Sex_of_Driver,Age_of_Driver,Age_Band_of_Driver,Engine_Capacity_(CC),Propulsion_Code,Age_of_Vehicle,Driver_IMD_Decile,Driver_Home_Area_Type,Vehicle_IMD_Decile
2015460264556,1,9,0,18,0,0,0,0,1,9,4,1,6,2,18,4,796,1,13,-1,1,-1
2015460264557,1,9,0,9,0,5,0,0,0,0,2,1,6,2,45,7,1598,1,12,-1,1,-1
2015460264557,2,1,0,18,0,8,0,0,0,0,1,1,6,1,48,8,-1,-1,-1,-1,1,-1
2015460264561,1,9,0,7,0,6,0,0,0,0,1,1,6,2,35,6,1229,1,1,-1,1,-1
2015460264561,2,9,0,18,0,8,0,0,0,0,1,1,6,1,29,6,1149,1,1,-1,3,-1
2015460264563,1,19,0,18,0,0,0,0,0,0,1,1,6,1,61,9,2446,2,14,-1,3,-1
2015460264563,2,19,0,4,0,0,0,0,0,0,2,1,6,1,41,7,1870,2,12,-1,1,-1
2015460264566,1,5,0,14,0,0,1,0,0,0,3,1,6,1,44,7,-1,-1,-1,-1,3,-1
2015460264566,2,9,0,14,0,0,0,0,0,0,1,1,6,2,31,6,1242,1,4,-1,1,-1
2015460264567,1,19,0,18,0,0,0,0,0,0,1,1,1,1,25,5,1998,2,11,-1,1,-1
2015460264567,2,19,0,4,0,0,0,0,0,0,2,1,1,1,26,6,1598,2,-1,-1,1,-1
2015460264572,1,9,0,18,0,0,1,0,1,0,1,1,2,1,49,8,-1,-1,-1,-1,1,-1
2015460264572,2,21,0,2,6,0,0,0,0,0,3,1,1,1,33,6,-1,-1,-1,-1,-1,-1
2015460264572,3,21,0,2,6,0,0,0,0,0,3,1,1,1,33,6,-1,-1,-1,-1,-1,-1
2015460264574,1,9,0,18,0,6,0,0,0,0,1,1,6,2,-1,-1,1390,1,19,-1,1,-1
2015460264574,2,9,0,18,0,1,0,0,0,0,4,1,6,2,19,4,1198,1,7,-1,1,-1
2015460264577,1,9,0,14,0,0,0,0,0,0,1,1,6,2,48,8,1240,1,8,-1,1,-1
2015460264579,1,21,0,18,0,0,0,0,0,0,1,1,6,1,-1,-1,-1,-1,-1,-1,-1,-1
2015460264579,2,9,0,18,0,0,0,0,0,0,1,1,6,2,54,8,1560,2,5,-1,1,-1
2015460264580,1,9,0,9,0,6,0,0,0,0,1,1,6,1,22,5,-1,-1,-1,-1,2,-1
2015460264580,2,9,0,18,0,2,0,0,0,0,1,1,6,2,29,6,1596,1,4,-1,-1,-1
2015460264581,1,19,0,18,0,1,1,0,0,0,1,1,1,1,32,6,2148,2,9,-1,2,-1
2015460264581,2,9,0,4,0,1,0,0,0,0,2,1,2,2,25,5,1598,1,19,-1,3,-1
2015460264581,3,9,0,10,0,1,0,0,0,0,2,1,2,1,47,8,1997,2,7,-1,3,-1
2015460264588,1,9,0,18,0,1,0,0,0,0,1,1,6,1,41,7,1896,2,14,-1,1,-1
2015460264588,2,9,0,10,0,1,0,0,0,0,2,1,6,1,25,5,1781,1,13,-1,1,-1
2015460264595,1,9,0,13,0,1,0,0,0,0,1,1,6,1,50,8,1364,1,8,-1,1,-1
2015460264595,2,9,0,9,0,5,0,0,0,0,3,1,6,1,76,11,-1,-1,-1,-1,3,-1
2015460264596,1,9,0,18,0,6,0,0,0,0,1,1,6,1,87,11,1598,1,7,-1,-1,-1
2015460264596,2,9,0,18,0,8,5,0,8,10,4,1,1,1,34,6,-1,-1,-1,-1,3,-1
2015460264600,1,9,0,18,0,8,0,0,0,0,1,1,1,1,61,9,-1,-1,-1,-1,3,-1
2015460264600,2,9,0,18,0,8,0,0,0,0,2,1,1,1,36,7,-1,-1,-1,-1,-1,-1
2015460264602,1,9,0,16,0,0,0,0,1,4,1,1,6,1,23,5,1198,1,11,-1,1,-1
2015460264604,1,3,0,18,0,0,0,10,1,0,4,1,6,2,25,5,124,1,11,-1,1,-1
2015460264605,1,9,0,18,0,0,0,0,1,10,1,1,6,1,86,11,1339,1,6,-1,3,-1
2015460264606,1,9,0,9,0,5,0,0,0,0,3,1,6,3,-1,-1,2171,2,13,-1,-1,-1
2015460264606,2,2,0,18,0,8,0,0,0,0,4,1,2,1,17,4,49,1,1,-1,3,-1
2015460264608,1,9,0,18,0,7,0,0,0,0,1,1,6,2,60,9,998,1,2,-1,1,-1
2015460264608,2,9,0,4,0,7,0,0,0,0,2,1,1,2,50,8,1910,2,7,-1,1,-1
2015460264609,1,9,0,18,0,8,0,0,0,0,1,1,3,2,30,6,2496,1,7,-1,1,-1
2015460264609,2,9,0,9,0,5,0,0,0,0,4,1,3,2,47,8,1560,2,1,-1,1,-1
2015460264610,1,9,0,18,0,0,0,0,2,0,1,1,4,1,35,6,1596,1,13,-1,2,-1
2015460264611,1,9,0,18,0,8,0,0,0,0,4,1,6,1,58,9,-1,-1,-1,-1,3,-1
2015460264613,1,9,0,18,0,1,0,0,0,0,1,1,6,1,20,4,998,1,1,-1,1,-1
2015460264616,1,9,0,18,0,0,0,10,1,4,3,1,1,1,22,5,1229,1,10,-1,1,-1
2015460264621,1,9,0,18,0,1,0,0,0,0,1,1,6,1,-1,-1,1798,1,-1,-1,1,-1
2015460264622,1,19,0,18,0,0,1,0,0,0,1,1,1,1,47,8,1995,2,1,-1,1,-1
2015460264622,2,9,0,3,0,0,0,0,0,0,2,1,1,1,28,6,1598,1,4,-1,1,-1
2015460264622,3,9,0,3,0,0,0,0,0,0,2,1,1,1,31,6,1248,1,6,-1,-1,-1
2015460264622,4,9,0,3,0,0,0,0,0,0,2,1,1,2,49,8,1461,2,1,-1,1,-1
2015460264623,1,9,0,1,0,8,0,0,0,0,2,1,2,3,-1,-1,-1,-1,-1,-1,-1,-1
2015460264624,1,9,0,9,0,5,0,0,0,0,2,1,6,1,52,8,1598,1,2,-1,1,-1
2015460264624,2,9,0,18,0,8,0,0,0,0,3,1,1,2,23,5,1590,1,16,-1,1,-1
2015460264625,1,9,0,18,0,5,0,2,0,0,1,1,6,3,-1,-1,1200,1,-1,-1,-1,-1
2015460264626,1,9,0,16,0,0,1,0,0,0,1,1,6,1,23,5,998,1,1,-1,-1,-1
2015460264626,2,9,0,18,0,0,0,0,0,0,1,1,6,1,53,8,1798,1,6,-1,-1,-1
2015460264628,1,3,0,11,0,1,1,10,1,7,1,1,2,1,19,4,124,1,3,-1,3,-1
2015460264630,1,1,0,18,0,1,0,0,0,0,1,1,4,1,16,4,-1,-1,-1,-1,1,-1
2015460264630,2,9,0,18,0,1,0,0,0,0,3,1,1,1,42,7,-1,-1,-1,-1,1,-1
2015460264635,1,9,0,18,0,1,0,0,0,0,1,1,6,2,32,6,1360,1,13,-1,1,-1
2015460264635,2,9,0,18,0,2,0,0,0,0,1,1,6,2,60,9,1597,2,1,-1,1,-1
2015460264635,3,9,0,5,0,1,0,0,0,0,0,1,6,1,38,7,1598,1,16,-1,3,-1
2015460264637,1,3,0,16,0,0,0,0,7,9,1,1,6,1,19,4,125,1,7,-1,3,-1
2015460264637,2,9,0,17,0,0,0,0,0,0,1,1,6,2,49,8,1560,2,-1,-1,1,-1
2015460264638,1,9,0,18,0,0,0,0,0,0,1,1,6,1,20,4,-1,-1,-1,-1,1,-1
2015460264639,1,9,0,18,0,0,2,0,1,0,4,1,1,1,18,4,1108,1,14,-1,-1,-1
2015460264644,1,9,0,4,0,8,0,0,0,0,1,1,6,1,-1,-1,1991,1,19,-1,2,-1
2015460264644,2,3,0,4,0,8,0,0,0,0,3,1,6,1,17,4,125,1,-1,-1,3,-1
2015460264647,1,9,0,18,0,6,0,0,0,0,4,1,1,1,59,9,1798,8,1,-1,-1,-1
2015460264647,2,1,0,18,9,8,0,0,0,0,1,1,6,1,15,3,-1,-1,-1,-1,-1,-1
2015460264649,1,9,0,16,0,1,0,0,0,0,1,1,6,1,66,10,1560,2,-1,-1,1,-1
2015460264649,2,9,0,6,0,1,0,0,0,0,3,1,6,1,20,4,-1,-1,-1,-1,-1,-1
2015460264650,1,21,4,2,6,2,0,0,0,0,2,2,1,1,39,7,-1,-1,-1,-1,-1,-1
2015460264650,2,9,0,18,0,7,0,0,1,0,1,1,6,2,74,10,1461,2,2,-1,1,-1
2015460264655,1,9,0,18,0,0,0,0,0,0,1,1,6,3,-1,-1,1390,1,16,-1,-1,-1
2015460264655,2,9,0,18,0,0,0,0,0,0,2,1,6,1,26,6,-1,-1,-1,-1,1,-1
2015460264656,1,9,0,7,0,2,0,0,0,0,4,1,3,2,45,7,1998,2,9,-1,3,-1
2015460264657,1,9,0,18,0,1,0,0,0,0,1,1,6,2,80,11,1991,2,5,-1,3,-1
2015460264657,2,21,0,18,0,4,0,0,0,0,3,1,1,1,55,8,12900,2,8,-1,1,-1
2015460264657,3,9,0,2,0,1,0,0,0,0,3,1,6,3,-1,-1,1341,1,12,-1,1,-1
2015460264658,1,9,0,18,0,0,0,0,0,0,1,1,1,1,20,4,1086,1,12,-1,1,-1
2015460264658,2,9,0,3,0,0,0,0,0,0,2,1,1,1,22,5,1242,1,11,-1,1,-1
2015460264658,3,9,0,3,0,0,0,0,0,0,2,1,1,1,27,6,-1,-1,-1,-1,1,-1
2015460264660,1,9,0,18,0,0,0,0,0,0,4,1,6,2,58,9,2198,2,9,-1,1,-1
2015460264660,2,9,0,18,0,0,0,0,0,0,1,1,6,1,64,9,1991,2,7,-1,1,-1
2015460264660,3,9,0,18,0,0,0,0,0,0,3,1,6,2,37,7,1587,1,7,-1,1,-1
2015460264668,1,9,0,9,0,6,0,0,0,0,4,1,6,2,17,4,999,1,-1,-1,1,-1
2015460264668,2,9,0,18,0,8,0,0,0,0,1,1,6,3,-1,-1,1796,1,14,-1,-1,-1
2015460264671,1,9,0,18,0,0,0,0,0,0,1,1,6,2,-1,-1,1598,1,2,-1,-1,-1
2015460264675,1,11,0,14,0,4,0,0,0,0,4,1,1,1,55,8,9000,2,6,-1,1,-1
2015460264675,2,90,0,13,0,4,0,0,0,0,0,1,1,3,-1,-1,2987,2,1,-1,1,-1
2015460264676,1,9,0,13,0,0,0,0,0,0,0,1,6,3,-1,-1,-1,-1,-1,-1,-1,-1
2015460264676,2,9,0,18,0,0,2,0,0,0,1,1,6,2,41,7,1390,1,17,-1,1,-1
2015460264676,3,9,0,18,0,0,0,0,0,0,2,1,6,1,36,7,1497,8,11,-1,1,-1
2015460264676,4,21,0,18,0,0,0,0,0,0,1,1,1,1,59,9,11705,2,3,-1,-1,-1
2015460264680,1,9,0,13,0,0,0,0,0,0,4,1,6,3,-1,-1,-1,-1,-1,-1,-1,-1
2015460264680,2,1,0,18,0,0,0,0,0,0,3,1,6,1,18,4,-1,-1,-1,-1,1,-1
2015460264681,1,9,0,18,0,8,0,0,0,0,4,1,6,3,-1,-1,-1,-1,-1,-1,-1,-1
2015460264685,1,9,0,5,0,6,0,0,3,0,3,1,6,1,31,6,1242,1,17,-1,3,-1
2015460264685,2,4,0,18,0,1,0,0,0,0,1,1,6,1,19,4,124,1,-1,-1,1,-1
2015460264686,1,11,0,18,0,1,0,0,0,0,3,1,1,1,53,8,4461,2,1,-1,1,-1
2015460264686,2,1,0,18,0,1,0,0,0,0,1,1,6,3,-1,-1,-1,-1,-1,-1,-1,-1
2015460264687,1,9,0,9,0,5,0,0,0,0,1,1,6,1,62,9,1390,1,1,-1,1,-1
2015460264688,1,9,0,17,0,0,0,10,1,10,0,1,6,1,28,6,1242,1,15,-1,1,-1
2015460264689,1,9,0,9,0,8,1,0,3,10,1,1,6,1,24,5,1781,1,16,-1,1,-1
2015460264690,1,9,0,5,0,0,0,0,0,0,1,1,6,3,-1,-1,-1,-1,-1,-1,-1,-1
2015460264694,1,9,0,5,0,1,0,0,0,0,1,1,6,3,-1,-1,-1,-1,-1,-1,-1,-1
2015460264695,1,9,0,9,0,1,0,0,0,0,1,1,3,1,30,6,-1,-1,-1,-1,1,-1
2015460264695,2,3,0,3,0,2,0,0,0,0,4,1,2,1,18,4,124,1,3,-1,3,-1
2015460264699,1,3,0,18,0,1,1,0,0,0,1,1,6,1,25,5,125,1,-1,-1,1,-1
2015460264699,2,9,0,3,0,1,0,0,0,0,2,1,6,2,49,8,1598,1,2,-1,1,-1
2015460264700,1,9,0,18,0,1,0,0,0,0,1,1,6,2,-1,-1,1868,2,16,-1,1,-1
2015460264700,2,9,0,3,0,1,0,0,0,0,2,1,2,1,50,8,1870,2,10,-1,1,-1
2015460264702,1,9,0,1,0,6,0,0,0,0,2,1,6,1,56,9,2902,2,8,-1,3,-1
2015460264706,1,9,0,18,0,0,1,0,1,4,1,1,6,2,20,4,1400,2,15,-1,1,-1
2015460264708,1,9,0,18,0,1,1,0,0,0,1,1,6,1,31,6,1998,2,8,-1,3,-1
2015460264708,2,9,0,3,0,1,0,0,0,0,2,1,6,1,23,5,1798,1,5,-1,3,-1
2015460264708,3,9,0,3,0,1,0,0,0,0,2,1,6,2,58,9,2495,2,13,-1,1,-1
2015460264710,1,9,0,18,0,0,0,0,0,0,1,1,6,1,26,6,1769,1,14,-1,-1,-1
2015460264710,2,9,0,18,0,0,0,0,0,0,1,1,6,1,45,7,1794,1,8,-1,1,-1
2015460264712,1,21,0,18,0,0,0,0,0,0,0,1,1,1,57,9,7146,2,3,-1,-1,-1
2015460264712,2,9,0,2,0,0,0,0,0,0,0,1,6,1,77,11,1598,1,3,-1,1,-1
2015460264713,1,9,0,18,0,0,1,0,0,0,1,1,6,1,54,8,-1,-1,-1,-1,1,-1
2015460264713,2,9,0,4,0,0,0,0,6,0,2,1,6,1,51,8,1339,1,7,-1,1,-1
2015460264721,1,9,0,9,0,6,0,0,3,10,1,1,6,2,47,8,1339,1,10,-1,1,-1
2015460264722,1,9,0,18,0,1,0,0,0,0,1,1,1,1,42,7,1598,1,-1,-1,1,-1
2015460264722,2,9,0,9,0,1,0,0,0,0,2,1,2,1,29,6,-1,-1,-1,-1,3,-1
2015460264724,1,9,0,5,0,8,0,0,0,0,1,1,6,1,64,9,1969,2,-1,-1,2,-1
2015460264724,2,9,0,18,0,8,1,0,0,0,3,1,6,2,60,9,1339,1,7,-1,1,-1
2015460264725,1,9,0,18,0,2,0,0,0,0,1,1,2,2,77,11,1396,1,6,-1,2,-1
2015460264726,1,9,0,10,0,1,0,0,0,0,3,1,6,1,74,10,1248,2,2,-1,1,-1
2015460264726,2,9,0,18,0,1,0,0,0,0,1,1,6,1,24,5,1995,2,5,-1,1,-1
2015460264726,3,9,0,9,0,1,0,0,0,0,4,1,6,1,35,6,1956,2,1,-1,1,-1
2015460264727,1,9,0,18,0,8,0,0,0,0,1,1,6,1,22,5,1198,1,6,-1,1,-1
2015460264729,1,9,0,18,0,1,1,0,0,0,1,1,2,1,35,6,1598,1,10,-1,1,-1
2015460264729,2,9,0,3,0,1,0,0,0,0,2,1,6,2,36,7,1598,1,11,-1,1,-1
2015460264732,1,21,0,12,0,0,0,0,0,0,3,1,6,1,44,7,-1,-1,-1,-1,-1,-1
2015460264732,2,9,0,13,0,0,0,0,1,0,4,1,1,2,51,8,1910,2,8,-1,1,-1
2015460264735,1,9,0,18,0,1,0,0,0,0,1,1,1,2,30,6,998,1,4,-1,1,-1
2015460264735,2,9,0,3,0,1,0,0,0,0,2,1,1,2,25,5,1242,1,15,-1,3,-1
2015460264735,3,9,0,3,0,1,0,0,0,0,2,1,1,1,31,6,1896,2,7,-1,3,-1
2015460264735,4,9,0,10,0,1,0,0,0,0,2,1,1,1,53,8,1997,2,4,-1,3,-1
2015460264740,1,9,0,18,0,4,0,0,0,0,3,1,6,3,-1,-1,-1,-1,-1,-1,-1,-1
2015460264740,2,3,0,18,0,4,0,0,0,0,4,1,1,1,20,4,125,1,3,-1,-1,-1
2015460264741,1,9,0,18,0,0,0,0,0,0,4,1,6,3,-1,-1,-1,-1,-1,-1,-1,-1
2015460264742,1,9,0,5,0,0,0,0,0,0,1,1,6,1,-1,-1,2179,2,1,-1,-1,-1
2015460264742,2,9,0,18,0,0,0,0,0,0,2,1,6,3,-1,-1,-1,-1,-1,-1,-1,-1
2015460264742,3,9,0,18,0,0,0,0,0,0,1,1,6,3,-1,-1,-1,-1,-1,-1,-1,-1
2015460264744,1,9,0,18,0,1,1,0,0,0,1,1,1,1,44,7,1969,2,-1,-1,1,-1
2015460264744,2,9,0,3,0,1,0,0,0,0,2,1,2,1,23,5,1242,1,1,-1,3,-1
2015460264744,3,9,0,18,0,2,0,0,0,0,1,1,2,2,45,7,1329,1,1,-1,1,-1
2015460264746,1,9,0,9,0,6,0,0,0,0,1,1,6,2,40,7,-1,-1,-1,-1,3,-1
2015460264746,2,1,0,18,0,8,0,0,0,0,2,1,6,1,71,10,-1,-1,-1,-1,3,-1
2015460264750,1,9,0,18,0,0,0,0,0,0,1,1,6,3,-1,-1,-1,-1,-1,-1,-1,-1
2015460264750,2,9,0,18,0,0,0,0,0,0,2,1,1,2,20,4,1199,1,13,-1,1,-1
2015460264755,1,9,0,18,0,0,0,0,0,0,1,1,6,1,28,6,1229,1,1,-1,3,-1
2015460264755,2,9,0,4,0,0,0,0,0,0,2,1,6,2,57,9,1999,2,-1,-1,1,-1
2015460264756,1,9,0,18,0,1,0,0,0,0,1,1,6,1,37,7,3189,1,10,-1,1,-1
2015460264759,1,19,0,5,0,0,0,0,0,0,1,1,1,1,30,6,2148,2,10,-1,1,-1
2015460264759,2,9,0,3,0,0,0,0,0,0,2,1,6,2,-1,-1,1968,2,4,-1,1,-1
2015460264759,3,9,0,3,0,0,0,0,0,0,2,1,6,2,51,8,1364,1,7,-1,1,-1
2015460264760,1,9,0,18,0,8,0,0,0,0,3,1,2,1,-1,-1,1968,2,1,-1,-1,-1
2015460264761,1,9,0,5,0,6,0,0,0,0,3,1,6,2,71,10,1493,2,5,-1,1,-1
2015460264761,2,9,0,18,0,8,0,0,0,0,1,1,1,1,21,5,2792,1,18,-1,1,-1
2015460264762,1,11,0,18,0,1,0,0,0,0,0,1,1,2,43,7,9000,2,6,-1,1,-1
2015460264764,1,9,0,5,0,2,2,10,1,1,2,1,6,1,43,7,1998,1,2,-1,-1,-1
2015460264764,2,9,0,9,0,5,0,0,0,0,0,1,6,1,37,7,-1,-1,-1,-1,-1,-1
2015460264769,1,20,0,11,0,0,0,0,0,0,4,1,1,1,35,6,-1,-1,-1,-1,1,-1
2015460264769,2,5,0,18,0,0,0,0,0,0,3,1,1,2,34,6,599,1,14,-1,1,-1
2015460264770,1,9,0,17,0,8,0,0,0,0,1,1,6,1,23,5,1587,1,11,-1,1,-1
2015460264770,2,5,0,17,0,8,0,0,0,0,3,1,6,1,24,5,689,1,-1,-1,1,-1
2015460264772,1,9,0,18,0,3,0,0,0,0,1,1,2,1,61,9,2967,1,12,-1,1,-1
2015460264772,2,9,0,4,0,3,0,0,0,0,2,1,2,1,32,6,2000,2,4,-1,1,-1
2015460264773,1,9,0,18,0,4,0,0,1,1,1,1,6,1,20,4,1242,1,18,-1,1,-1
2015460264774,1,9,0,18,0,4,1,0,0,0,1,1,6,1,19,4,1229,1,1,-1,1,-1
2015460264774,2,9,0,18,0,4,0,0,0,0,2,1,6,2,78,11,1198,1,2,-1,1,-1
2015460264776,1,9,0,18,0,4,0,0,0,0,3,1,6,2,71,10,1598,1,5,-1,1,-1
2015460264776,2,3,0,18,0,8,0,0,0,0,1,1,1,1,28,6,114,1,1,-1,-1,-1
2015460264777,1,9,0,9,0,6,0,0,0,0,4,1,1,2,56,9,1242,1,8,-1,1,-1
2015460264777,2,5,0,18,0,1,0,0,0,0,1,1,6,1,53,8,748,1,22,-1,1,-1
2015460264779,1,9,0,7,0,3,0,0,0,0,3,1,6,2,56,9,1997,2,1,-1,1,-1
2015460264779,2,9,0,7,0,3,0,0,0,0,4,1,6,2,36,7,1753,2,8,-1,1,-1
2015460264795,1,19,0,18,0,6,0,0,0,0,1,1,6,1,29,6,1995,2,8,-1,1,-1
2015460264795,2,9,0,18,0,8,0,0,0,0,4,1,6,2,35,6,993,1,16,-1,1,-1
2015460264796,1,9,0,18,0,0,0,0,0,0,0,1,6,3,-1,-1,-1,-1,-1,-1,-1,-1
2015460264796,2,11,0,18,0,0,0,0,0,0,0,1,1,1,31,6,4760,2,2,-1,1,-1
2015460264797,1,9,0,18,0,0,0,0,0,0,1,1,6,1,26,6,-1,-1,-1,-1,1,-1
2015460264797,2,9,0,4,0,0,0,0,0,0,2,1,6,1,46,8,999,1,-1,-1,1,-1
2015460264799,1,19,0,18,0,0,1,0,0,0,1,1,1,1,23,5,2402,2,8,-1,3,-1
2015460264799,2,5,0,4,0,0,0,0,0,0,2,1,2,1,64,9,582,1,1,-1,1,-1
2015460264799,3,9,0,4,0,0,0,0,0,0,2,1,2,1,48,8,-1,-1,-1,-1,1,-1
2015460264801,1,9,0,5,0,6,0,0,0,0,3,1,6,1,29,6,-1,-1,-1,-1,1,-1
2015460264801,2,9,0,18,0,8,0,0,0,0,1,1,6,1,19,4,1240,1,12,-1,1,-1
2015460264804,1,9,0,1,0,0,0,0,0,0,2,1,6,3,-1,-1,1797,8,5,-1,-1,-1
2015460264804,2,1,0,18,0,0,0,0,0,0,1,1,6,2,33,6,-1,-1,-1,-1,-1,-1
2015460264805,1,9,0,18,0,0,0,0,0,0,1,1,6,1,58,9,1984,1,11,-1,-1,-1
2015460264806,1,9,0,18,0,8,5,0,0,0,0,1,2,1,31,6,1560,2,3,-1,1,-1
2015460264808,1,9,0,9,0,6,0,0,0,0,3,1,6,1,50,8,999,1,3,-1,1,-1
2015460264808,2,9,0,18,0,1,0,0,0,0,1,1,6,1,24,5,1781,1,15,-1,-1,-1
2015460264810,1,9,0,18,0,1,0,0,0,0,1,1,6,1,21,5,2500,6,18,-1,1,-1
2015460264810,2,9,0,10,0,1,0,0,0,0,2,1,6,2,26,6,1198,1,12,-1,1,-1
2015460264811,1,9,0,9,0,5,0,0,0,0,3,1,6,2,53,8,1998,1,12,-1,1,-1
2015460264813,1,9,0,16,0,1,0,0,0,0,1,1,6,1,35,6,1386,1,8,-1,1,-1
2015460264813,2,9,0,10,0,1,0,0,0,0,2,1,6,2,43,7,2000,2,4,-1,1,-1
2015460264815,1,9,0,5,0,4,0,0,0,0,1,1,2,1,35,6,1598,2,2,-1,1,-1
2015460264815,2,1,0,18,0,8,0,0,0,0,4,1,6,1,66,10,-1,-1,-1,-1,1,-1
2015460264819,1,9,0,18,0,0,0,0,1,0,2,1,1,3,-1,-1,-1,-1,-1,-1,-1,-1
2015460264819,2,9,0,18,0,0,0,0,0,0,4,1,6,1,-1,-1,2987,2,7,-1,2,-1
2015460264825,1,9,0,18,0,1,0,0,0,0,3,1,6,2,65,9,2521,1,8,-1,2,-1
2015460264829,1,9,0,9,0,5,0,0,0,0,1,1,6,3,26,6,1998,1,7,-1,-1,-1
2015460264829,2,4,0,13,0,1,1,0,0,0,1,1,6,1,18,4,125,1,3,-1,1,-1
2015460264830,1,5,0,18,0,2,0,0,0,0,1,1,6,1,46,8,599,1,17,-1,1,-1
2015460264830,2,9,0,18,0,2,0,0,0,0,3,1,6,1,46,8,1781,1,11,-1,1,-1
2015460264833,1,9,0,3,0,4,0,0,0,0,1,1,6,1,26,6,1900,2,10,-1,-1,-1
2015460264833,2,9,0,5,0,4,0,0,0,0,2,1,6,1,38,7,998,1,2,-1,3,-1
2015460264834,1,9,0,6,0,1,0,0,0,0,1,1,2,1,49,8,1560,2,8,-1,1,-1
2015460264834,2,2,0,13,0,2,0,0,0,0,2,1,2,1,25,5,125,1,-1,-1,1,-1
2015460264835,1,9,0,16,0,0,5,10,7,10,1,1,6,1,39,7,1596,1,10,-1,-1,-1
2015460264836,1,9,0,17,0,0,0,0,0,0,0,1,1,1,59,9,1995,2,3,-1,1,-1
2015460264837,1,9,0,1,0,2,0,4,0,0,2,1,6,2,71,10,1390,1,3,-1,1,-1
2015460264837,2,9,0,2,0,2,0,0,0,0,3,1,6,1,25,5,1910,2,7,-1,1,-1
2015460264839,1,9,0,18,9,3,1,7,2,10,1,1,6,2,44,7,1242,1,16,-1,1,-1
2015460264842,1,9,0,9,0,6,0,0,0,0,3,1,2,1,32,6,1896,2,12,-1,1,-1
2015460264842,2,5,0,18,0,1,0,0,0,0,1,1,6,1,60,9,1064,1,20,-1,3,-1
2015460264844,1,9,0,18,0,1,0,0,0,0,1,1,2,2,44,7,2435,1,14,-1,1,-1
2015460264844,2,9,0,10,0,1,0,0,0,0,2,1,2,1,31,6,1997,2,4,-1,1,-1
2015460264846,1,9,0,18,0,0,2,0,7,10,1,1,3,1,33,6,1461,2,7,-1,-1,-1
2015460264847,1,9,0,17,0,8,1,0,1,1,1,1,1,2,37,7,1198,1,1,-1,1,-1
2015460264849,1,9,0,9,0,6,0,0,0,0,3,1,6,1,-1,-1,2597,1,14,-1,3,-1
2015460264849,2,9,0,18,0,1,0,0,0,0,1,1,2,2,49,8,1796,1,10,-1,2,-1
2015460264850,1,19,0,12,0,0,0,0,0,0,3,1,1,1,35,6,2198,2,3,-1,1,-1
2015460264850,2,5,0,18,0,0,0,0,0,0,4,1,2,1,35,6,1690,1,1,-1,-1,-1
2015460264852,1,9,0,18,0,0,0,0,0,0,3,1,6,1,23,5,2987,2,5,-1,1,-1
2015460264852,2,9,0,18,0,0,0,0,0,0,1,1,6,1,18,4,1560,2,3,-1,1,-1
2015460264852,3,9,0,18,0,0,0,0,0,0,2,1,6,1,33,6,1598,1,15,-1,3,-1
2015460264853,1,9,0,18,0,0,0,0,0,0,1,1,6,1,42,7,1149,1,1,-1,-1,-1
2015460264853,2,9,0,18,0,0,0,0,0,0,2,1,1,2,31,6,1968,2,3,-1,2,-1
2015460264854,1,9,0,9,0,6,0,0,0,0,3,1,6,2,64,9,1560,2,10,-1,1,-1
2015460264854,2,2,0,18,0,8,0,0,0,0,2,1,6,2,16,4,49,1,11,-1,3,-1
2015460264859,1,9,0,18,0,8,0,0,0,0,3,1,6,3,-1,-1,-1,-1,-1,-1,-1,-1
2015460264859,2,9,0,11,0,8,0,0,0,0,4,1,1,1,46,8,1197,1,-1,-1,1,-1
2015460264859,3,19,0,4,0,2,0,0,0,0,2,1,1,1,38,7,4462,2,1,-1,1,-1
2015460264860,1,11,0,18,0,0,0,0,0,0,3,1,1,1,35,6,8300,2,9,-1,1,-1
2015460264860,2,21,0,18,0,0,0,0,0,0,3,1,1,1,42,7,3920,2,4,-1,2,-1
2015460264861,1,9,0,17,0,0,0,0,0,0,1,1,6,1,71,10,1997,2,6,-1,2,-1
2015460264863,1,9,0,17,0,0,0,0,7,10,4,1,6,1,34,6,1388,1,12,-1,2,-1
2015460264863,2,9,0,16,0,0,0,0,0,0,4,1,6,1,61,9,-1,-1,-1,-1,1,-1
2015460264865,1,9,0,18,0,2,0,0,0,0,1,1,6,1,32,6,1598,2,3,-1,1,-1
2015460264865,2,9,0,18,0,2,0,0,0,0,2,1,1,1,26,6,1598,2,3,-1,1,-1
2015460264865,3,19,0,18,0,2,0,0,0,0,2,1,1,1,29,6,2402,2,4,-1,1,-1
2015460264866,1,21,1,12,0,0,0,0,0,0,3,1,6,3,-1,-1,-1,-1,-1,-1,-1,-1
2015460264866,2,9,0,18,0,0,0,0,0,0,4,1,6,1,48,8,1390,1,8,-1,1,-1