Accident_Index,Vehicle_Reference,Vehicle_Type,Towing_and_Articulation,Vehicle_Manoeuvre,Vehicle_Location-Restricted_Lane,Junction_Location,Skidding_and_Overturning,Hit_Object_in_Carriageway,Vehicle_Leaving_Carriageway,Hit_Object_off_Carriageway,1st_Point_of_Impact,Was_Vehicle_Left_Hand_Drive?,Journey_Purpose_of_Driver,Sex_of_Driver,Age_of_Driver,Age_Band_of_Driver,Engine_Capacity_(CC),Propulsion_Code,Age_of_Vehicle,Driver_IMD_Decile,Driver_Home_Area_Type,Vehicle_IMD_Decile
2015460265218,1,9,0,18,0,0,1,0,0,0,1,1,6,2,44,7,998,1,2,-1,1,-1
2015460265218,2,9,0,18,0,0,0,0,0,0,2,1,6,1,31,6,1685,2,-1,-1,2,-1
2015460265218,3,9,0,18,0,0,0,0,0,0,2,1,6,2,40,7,1595,1,8,-1,1,-1
2015460265227,1,19,0,18,0,8,0,0,0,0,1,2,6,3,-1,-1,-1,-1,-1,-1,-1,-1
2015460265227,2,9,0,3,0,8,0,0,0,0,2,1,6,1,37,7,-1,-1,-1,-1,1,-1
2015460265228,1,19,0,7,0,6,0,0,0,0,1,1,6,1,-1,-1,1560,2,1,-1,3,-1
2015460265228,2,9,0,18,0,8,0,0,0,0,4,1,2,2,56,9,998,1,13,-1,1,-1
2015460265229,1,3,0,18,0,1,1,0,1,0,1,1,6,1,20,4,125,1,-1,-1,1,-1
2015460265229,2,9,0,18,0,1,0,0,0,0,2,1,6,1,57,9,2148,2,12,-1,1,-1
2015460265248,1,9,0,18,0,0,0,10,1,4,1,1,6,1,18,4,1242,1,9,-1,3,-1
2015460265249,1,19,0,1,9,0,0,0,0,0,2,1,6,1,-1,-1,2874,2,16,-1,-1,-1
2015460265250,1,9,0,17,0,0,5,0,2,10,1,1,4,1,28,6,1598,1,7,-1,2,-1
2015460265250,2,9,0,17,0,0,0,0,0,0,2,1,6,2,37,7,1997,1,11,-1,2,-1
2015460265253,1,5,0,7,0,6,1,0,0,0,3,1,6,1,47,8,999,1,4,-1,1,-1
2015460265255,1,9,0,1,0,1,0,0,0,0,2,1,6,1,66,10,-1,-1,-1,-1,1,-1
2015460265256,1,9,0,18,0,1,0,7,1,10,1,1,6,1,86,11,-1,-1,-1,-1,-1,-1
2015460265256,2,9,0,18,0,1,0,0,0,0,3,1,6,1,73,10,1368,1,1,-1,1,-1
2015460265256,3,9,0,2,0,1,0,0,0,0,3,1,6,2,30,6,1799,1,6,-1,-1,-1
2015460265256,4,9,0,18,0,1,0,0,0,0,3,1,6,1,31,6,-1,-1,-1,-1,1,-1
2015460265256,5,9,0,18,0,1,0,0,0,0,2,1,1,1,42,7,1686,2,3,-1,1,-1
2015460265261,1,9,0,18,0,0,0,0,0,0,1,1,6,2,42,7,2400,2,3,-1,3,-1
2015460265261,2,9,0,18,0,0,0,0,0,0,2,1,1,2,41,7,1560,2,8,-1,3,-1
2015460265264,1,9,0,18,0,0,0,0,0,0,1,1,6,1,35,6,1997,2,12,-1,3,-1
2015460265264,2,9,0,18,0,0,0,0,0,0,1,1,6,2,46,8,1598,2,1,-1,3,-1
2015460265274,1,9,0,5,0,0,0,0,0,0,3,1,1,2,17,4,1242,1,9,-1,1,-1
2015460265274,2,9,0,14,0,0,0,0,0,0,4,1,1,2,48,8,1199,2,2,-1,1,-1
2015460265275,1,4,0,15,0,0,0,0,0,0,4,1,6,1,19,4,124,1,10,-1,1,-1
2015460265275,2,11,0,18,0,0,0,0,0,0,3,1,1,1,49,8,4250,2,2,-1,1,-1
2015460265275,3,9,0,2,0,0,0,0,0,0,3,1,6,3,-1,-1,1398,2,12,-1,-1,-1
2015460265280,1,19,0,18,0,0,0,0,0,0,1,1,6,3,-1,-1,-1,-1,-1,-1,-1,-1
2015460265280,2,9,0,3,0,0,0,0,0,0,2,1,6,2,28,6,1598,1,9,-1,1,-1
2015460265282,1,9,0,18,0,0,0,0,0,0,1,1,6,1,35,6,1242,1,1,-1,1,-1
2015460265286,1,9,0,13,0,0,0,0,0,0,3,1,6,1,33,6,2143,2,-1,-1,1,-1
2015460265286,2,9,0,18,0,0,0,0,0,0,3,1,2,2,21,5,1199,1,11,-1,2,-1
2015460265288,1,9,0,18,0,0,1,0,4,7,1,1,1,1,26,6,1560,2,1,-1,1,-1
2015460265289,1,9,0,4,0,0,1,0,0,0,1,1,6,1,18,4,1360,1,13,-1,1,-1
2015460265289,2,9,0,3,0,0,0,0,1,10,2,1,6,1,17,4,1242,1,11,-1,1,-1
2015460265294,1,9,0,16,0,4,0,0,0,0,1,1,6,3,-1,-1,1598,1,9,-1,-1,-1
2015460265294,2,9,0,17,0,4,0,0,0,0,3,1,6,1,36,7,1598,1,11,-1,1,-1
2015460265295,1,9,0,18,0,3,0,0,0,0,1,1,2,1,63,9,1798,1,10,-1,1,-1
2015460265298,1,9,0,8,0,1,0,0,0,0,4,1,6,2,29,6,1896,2,8,-1,1,-1
2015460265301,1,21,0,12,0,0,1,0,0,0,1,1,1,1,53,8,12740,2,-1,-1,2,-1
2015460265301,2,9,0,3,0,0,0,0,0,0,2,1,2,2,30,6,1242,1,6,-1,2,-1
2015460265301,3,19,0,3,0,0,0,0,0,0,2,1,1,1,26,6,2198,2,6,-1,-1,-1
2015460265301,4,19,0,3,0,0,0,0,1,9,2,1,1,1,24,5,1753,2,11,-1,1,-1
2015460265301,5,9,0,3,0,0,0,0,0,0,2,1,6,2,69,10,1968,2,6,-1,1,-1
2015460265302,1,19,0,5,0,8,0,0,0,0,4,1,1,1,24,5,1998,2,15,-1,3,-1
2015460265306,1,9,0,9,0,6,0,0,1,0,1,1,2,1,28,6,-1,-1,-1,-1,-1,-1
2015460265306,2,9,0,18,0,8,0,0,0,0,1,1,2,1,41,7,1896,2,14,-1,1,-1
2015460265308,1,9,0,17,0,1,0,0,0,0,1,1,6,1,28,6,1363,2,12,-1,1,-1
2015460265311,1,9,0,1,6,0,0,0,0,0,2,1,6,2,50,8,1598,1,13,-1,1,-1
2015460265312,1,9,0,4,0,4,0,0,0,0,1,1,6,1,32,6,-1,-1,-1,-1,-1,-1
2015460265312,2,9,0,18,0,3,0,0,0,0,2,1,6,2,33,6,1995,1,6,-1,-1,-1
2015460265314,1,5,0,18,0,0,0,0,0,0,1,1,6,1,33,6,654,1,5,-1,1,-1
2015460265314,2,9,0,18,0,0,0,0,0,0,2,1,6,2,31,6,1968,2,3,-1,1,-1
2015460265317,1,9,0,6,0,0,0,0,0,0,3,1,6,2,28,6,1198,1,1,-1,1,-1
2015460265317,2,2,0,18,0,0,0,0,0,0,1,1,6,1,34,6,125,1,-1,-1,1,-1
2015460265318,1,9,0,18,0,0,5,0,1,0,4,1,6,1,23,5,1299,1,12,-1,-1,-1
2015460265320,1,9,0,18,0,1,1,0,0,0,1,1,6,2,27,6,1388,1,13,-1,1,-1
2015460265320,2,9,0,10,0,1,0,0,7,0,2,1,6,1,52,8,1910,2,7,-1,-1,-1
2015460265322,1,9,0,18,0,1,0,0,0,0,1,1,1,1,27,6,-1,-1,-1,-1,-1,-1
2015460265322,2,9,0,4,0,1,0,0,0,0,2,1,6,2,55,8,1149,1,5,-1,-1,-1
2015460265324,1,9,0,18,0,3,0,0,0,0,4,1,6,1,55,8,2179,2,8,-1,1,-1
2015460265324,2,9,0,18,0,3,0,0,0,0,1,1,6,1,45,7,1994,1,16,-1,1,-1
2015460265325,1,9,0,18,0,0,0,0,2,7,1,1,6,1,26,6,1149,1,8,-1,1,-1
2015460265326,1,9,0,18,0,3,1,10,8,6,1,1,1,2,20,4,1242,1,12,-1,2,-1
2015460265328,1,9,0,18,0,0,0,0,0,0,4,1,6,1,67,10,1995,2,1,-1,-1,-1
2015460265330,1,9,0,5,0,2,0,0,0,0,0,1,6,3,-1,-1,-1,-1,-1,-1,-1,-1
2015460265330,2,11,0,9,0,2,0,0,0,0,0,1,1,1,49,8,3900,2,12,-1,1,-1
2015460265331,1,2,0,13,0,1,0,0,1,2,1,1,6,1,21,5,125,1,6,-1,1,-1
2015460265331,2,9,0,9,0,6,0,0,0,0,0,1,6,1,61,9,2685,2,12,-1,1,-1
2015460265331,3,9,0,18,0,1,0,0,0,0,0,1,6,2,53,8,999,1,8,-1,1,-1
2015460265331,4,9,0,18,0,1,0,0,0,0,0,1,6,1,63,9,2979,1,8,-1,1,-1
2015460265335,1,19,0,4,0,0,0,0,0,0,1,1,6,1,73,10,1968,2,5,-1,1,-1
2015460265335,2,9,0,4,0,0,0,0,0,0,2,1,6,2,27,6,1896,2,13,-1,1,-1
2015460265335,3,9,0,4,0,0,0,0,0,0,2,1,6,1,33,6,-1,-1,-1,-1,1,-1
2015460265336,1,9,0,18,0,0,5,0,7,0,1,1,2,1,60,9,1948,1,15,-1,2,-1
2015460265342,1,9,0,18,0,0,0,0,0,0,1,1,6,3,-1,-1,2926,2,12,-1,-1,-1
2015460265343,1,9,0,9,0,5,0,0,0,0,1,1,6,2,43,7,1329,1,-1,-1,3,-1
2015460265345,1,9,0,4,0,0,0,4,0,0,4,1,6,2,82,11,1596,1,9,-1,3,-1
2015460265345,2,9,0,2,0,0,0,0,0,0,3,1,6,1,67,10,3200,2,2,-1,3,-1
2015460265346,1,11,0,18,0,0,0,0,0,0,0,1,6,1,56,9,9000,2,6,-1,1,-1
2015460265347,1,9,0,18,0,4,0,0,0,0,1,1,6,3,-1,-1,-1,-1,-1,-1,-1,-1
2015460265347,2,9,0,18,0,4,0,0,0,0,2,1,1,1,35,6,1388,1,15,-1,1,-1
2015460265349,1,9,0,18,0,4,0,0,0,0,3,1,6,1,56,9,1296,1,7,-1,1,-1
2015460265349,2,9,0,18,0,8,0,0,0,0,1,1,6,1,20,4,1299,1,12,-1,1,-1
2015460265357,1,9,0,1,0,0,0,0,0,0,2,1,6,1,-1,-1,2000,1,9,-1,-1,-1
2015460265358,1,9,0,4,0,0,0,0,0,0,1,1,6,3,-1,-1,1749,1,14,-1,-1,-1
2015460265358,2,9,0,4,0,0,0,0,0,0,1,1,6,1,48,8,1086,1,7,-1,2,-1
2015460265359,1,9,0,18,0,0,0,0,1,2,1,1,6,1,15,3,1499,2,-1,-1,1,-1
2015460265360,1,9,0,18,0,0,0,0,0,0,1,1,6,1,47,8,-1,-1,-1,-1,1,-1
2015460265364,1,9,0,18,0,0,0,0,0,0,4,1,6,3,-1,-1,-1,-1,-1,-1,-1,-1
2015460265366,1,9,0,8,0,6,0,0,0,0,2,1,6,1,56,9,2435,1,19,-1,3,-1
2015460265366,2,9,0,18,0,1,0,0,0,0,1,1,6,2,34,6,2151,2,14,-1,-1,-1
2015460265369,1,9,0,9,0,6,0,0,0,0,1,1,6,2,31,6,1956,2,6,-1,1,-1
2015460265369,2,9,0,18,0,1,0,0,0,0,1,1,6,2,30,6,1997,1,8,-1,1,-1
2015460265372,1,9,0,18,0,0,0,0,0,0,1,1,6,2,54,8,1598,1,13,-1,1,-1
2015460265377,1,9,0,7,0,1,0,0,1,0,4,1,6,2,19,4,1596,1,13,-1,-1,-1
2015460265377,2,21,1,18,0,1,0,0,0,0,1,1,6,1,62,9,-1,-1,-1,-1,-1,-1
2015460265378,1,9,0,18,0,0,0,0,0,0,1,1,6,3,-1,-1,-1,-1,-1,-1,-1,-1
2015460265378,2,9,0,18,0,0,0,0,8,10,4,1,6,2,44,7,1995,2,-1,-1,-1,-1
2015460265379,1,9,0,18,0,0,0,0,0,0,1,1,6,1,-1,-1,-1,-1,-1,-1,-1,-1
2015460265379,2,9,0,2,0,0,0,0,0,0,3,1,6,2,53,8,1386,1,13,-1,1,-1
2015460265381,1,21,0,18,0,1,1,0,0,0,1,1,1,1,48,8,4485,2,1,-1,-1,-1
2015460265381,2,21,0,4,0,1,0,0,0,0,2,1,1,1,46,8,10837,2,1,-1,2,-1
2015460265381,3,21,0,4,0,1,0,0,0,0,2,1,1,1,41,7,-1,-1,-1,-1,-1,-1
2015460265383,1,9,0,7,0,6,0,0,0,0,1,1,6,1,70,10,-1,-1,-1,-1,-1,-1
2015460265383,2,9,0,18,0,1,0,0,2,2,1,1,6,1,43,7,1686,2,10,-1,1,-1
2015460265384,1,9,0,16,0,0,1,0,0,0,1,1,6,2,49,8,1329,1,-1,-1,3,-1
2015460265384,2,9,0,17,0,0,0,0,0,0,3,1,1,2,38,7,-1,-1,-1,-1,1,-1
2015460265387,1,9,0,9,0,4,1,0,1,0,1,1,6,2,24,5,1360,1,11,-1,1,-1
2015460265387,2,9,0,18,0,4,0,0,0,0,2,1,6,1,55,8,1598,1,4,-1,1,-1
2015460265389,1,9,0,17,0,0,2,0,2,4,1,1,2,1,30,6,2199,2,-1,-1,-1,-1
2015460265391,1,9,0,18,0,0,0,0,0,0,1,1,6,3,-1,-1,-1,-1,-1,-1,-1,-1
2015460265393,1,9,0,18,0,0,1,0,0,0,1,1,6,1,47,8,1598,1,9,-1,3,-1
2015460265393,2,20,0,1,0,0,0,0,0,0,3,1,6,1,25,5,-1,-1,-1,-1,1,-1
2015460265395,1,21,0,18,0,8,0,0,0,0,1,1,6,1,62,9,12419,2,1,-1,-1,-1
2015460265395,2,9,0,18,0,8,0,0,0,0,3,1,1,2,40,7,998,1,5,-1,-1,-1
2015460265405,1,9,0,5,0,6,0,0,0,0,3,1,6,2,-1,-1,1229,1,8,-1,-1,-1
2015460265405,2,9,0,18,0,1,0,0,0,0,4,1,6,1,39,7,1800,1,17,-1,1,-1
2015460265407,1,9,0,9,0,6,0,0,0,0,4,1,6,1,32,6,1896,2,9,-1,1,-1
2015460265407,2,19,0,18,0,1,0,0,0,0,1,1,6,1,44,7,5880,2,15,-1,3,-1
2015460265410,1,21,0,18,0,0,0,0,0,0,1,1,6,3,-1,-1,-1,-1,-1,-1,-1,-1
2015460265411,1,9,0,16,0,0,0,4,0,0,3,1,1,1,41,7,1997,1,15,-1,1,-1
2015460265411,2,9,0,2,0,0,0,0,0,0,3,1,6,1,18,4,1598,1,12,-1,1,-1
2015460265411,3,9,0,2,0,0,0,0,0,0,3,1,6,2,25,5,998,1,7,-1,1,-1
2015460265415,1,9,0,7,0,4,0,0,0,0,1,1,1,1,18,4,1198,1,8,-1,1,-1
2015460265415,2,9,0,18,0,8,0,0,0,0,4,1,6,1,31,6,-1,-1,-1,-1,1,-1
2015460265416,1,9,0,7,0,1,0,0,0,0,1,1,6,1,19,4,1242,1,8,-1,-1,-1
2015460265416,2,9,0,8,0,1,0,0,0,0,3,1,6,2,23,5,998,1,7,-1,-1,-1
2015460265422,1,21,1,13,0,0,0,0,0,0,4,1,6,3,-1,-1,-1,-1,-1,-1,-1,-1
2015460265422,2,9,0,18,0,0,1,0,1,7,3,1,2,2,25,5,1364,1,8,-1,-1,-1
2015460265425,1,21,1,1,7,5,0,0,0,0,0,2,1,1,41,7,-1,-1,-1,-1,-1,-1
2015460265425,2,9,0,18,0,8,0,0,0,0,3,1,6,1,45,7,1596,1,13,-1,-1,-1
2015460265425,3,9,0,18,0,8,0,0,0,0,4,1,6,1,26,6,1994,2,11,-1,-1,-1
2015460265426,1,1,0,18,0,1,0,0,0,0,0,1,6,1,37,7,-1,-1,-1,-1,2,-1
2015460265427,1,9,0,16,0,0,2,0,2,0,1,1,6,1,20,4,1149,1,13,-1,1,-1
2015460265433,1,9,0,18,0,8,0,0,0,0,1,1,6,1,38,7,1781,1,13,-1,1,-1
2015460265433,2,9,0,9,0,8,0,0,0,0,3,1,6,1,46,8,1596,1,5,-1,1,-1
2015460265446,1,9,0,18,0,1,0,0,0,0,1,1,6,2,21,5,1599,1,11,-1,1,-1
2015460265446,2,4,0,3,0,4,0,0,0,0,2,1,6,1,33,6,125,1,4,-1,1,-1
2015460265449,1,21,0,18,0,0,0,0,0,0,1,1,6,1,34,6,-1,-1,-1,-1,-1,-1
2015460265449,2,19,0,18,0,0,0,0,0,0,2,1,6,1,22,5,1998,2,9,-1,3,-1
2015460265449,3,9,0,18,0,0,0,0,0,0,2,1,6,1,52,8,2231,2,8,-1,1,-1
2015460265449,4,9,0,18,0,0,0,0,0,0,2,1,6,1,35,6,-1,-1,-1,-1,-1,-1
2015460265453,1,9,0,18,0,0,0,0,1,4,4,1,6,2,31,6,1679,1,16,-1,1,-1
2015460265458,1,9,0,18,0,1,0,0,0,0,3,1,6,1,48,8,1796,1,6,-1,-1,-1
2015460265458,2,1,0,7,0,6,0,0,0,0,1,1,6,1,12,3,-1,-1,-1,-1,1,-1
2015460265464,1,9,0,18,0,0,0,0,0,0,1,1,6,1,-1,-1,1796,1,11,-1,1,-1
2015460265464,2,9,0,18,0,0,0,0,0,0,2,1,6,3,-1,-1,3222,2,11,-1,-1,-1
2015460265466,1,9,0,17,0,0,1,0,0,0,1,1,6,2,24,5,1199,1,11,-1,3,-1
2015460265466,2,9,0,16,0,0,1,0,0,0,1,1,6,1,62,9,1999,1,14,-1,3,-1
2015460265468,1,21,1,18,0,0,5,0,1,0,4,1,6,1,66,10,-1,-1,-1,-1,-1,-1
2015460265482,1,9,0,9,0,5,0,0,0,0,1,1,1,2,48,8,999,1,-1,-1,3,-1
2015460265482,2,9,0,18,0,1,0,0,1,0,1,1,6,2,68,10,1399,1,7,-1,1,-1
2015460265484,1,9,0,18,0,0,1,7,8,6,3,1,6,1,28,6,1753,2,9,-1,1,-1
2015460265488,1,9,0,18,0,3,0,0,0,0,1,1,2,1,46,8,2148,2,11,-1,1,-1
2015460265488,2,1,0,18,0,3,0,0,0,0,1,1,6,1,-1,-1,-1,-1,-1,-1,1,-1
2015460265501,1,9,0,9,0,5,0,0,0,0,3,1,6,2,36,7,-1,-1,-1,-1,1,-1
2015460265504,1,5,0,18,0,1,0,0,1,10,4,1,6,1,24,5,398,1,8,-1,1,-1
2015460265505,1,9,0,11,0,0,0,0,1,7,2,1,2,2,32,6,1299,1,15,-1,1,-1
2015460265505,2,9,0,18,0,0,0,0,0,0,1,1,1,1,62,9,-1,-1,-1,-1,1,-1
2015460265507,1,19,0,17,0,0,1,0,1,3,1,1,6,1,37,7,1996,2,5,-1,1,-1
2015460265515,1,9,0,18,0,0,1,0,0,0,1,1,2,1,50,8,1390,1,8,-1,1,-1
2015460265515,2,9,0,18,0,0,0,0,0,0,2,1,6,1,26,6,2179,2,-1,-1,1,-1
2015460265521,1,9,0,18,0,0,0,0,0,0,2,1,6,1,25,5,1388,1,5,-1,1,-1
2015460265521,2,19,0,18,0,0,0,0,0,0,2,1,6,1,47,8,2143,2,5,-1,1,-1
2015460265521,3,9,0,18,0,0,0,0,5,6,1,1,6,1,37,7,1595,1,9,-1,1,-1
2015460265521,4,9,0,18,0,0,0,0,0,0,3,1,6,1,52,8,1997,2,5,-1,1,-1
2015460265526,1,9,0,4,0,0,0,0,0,0,1,1,6,2,47,8,1956,2,2,-1,1,-1
2015460265526,2,9,0,4,0,0,0,0,0,0,2,1,6,2,58,9,1998,1,14,-1,1,-1
2015460265526,3,9,0,4,0,0,0,0,0,0,2,1,6,1,34,6,1995,2,10,-1,1,-1
2015460265531,1,19,0,16,0,0,1,11,0,0,0,1,2,1,30,6,1399,2,10,-1,-1,-1
2015460265532,1,9,0,18,0,8,0,0,0,0,1,1,1,1,57,9,1988,1,13,-1,1,-1
2015460265532,2,9,0,10,0,8,0,0,1,10,3,1,1,2,36,7,1229,1,6,-1,1,-1
2015460265536,1,9,0,18,6,5,5,0,1,10,1,1,6,1,81,11,2495,1,12,-1,1,-1
2015460265537,1,4,0,18,0,1,1,0,0,0,1,1,6,1,20,4,125,1,7,-1,1,-1
2015460265537,2,9,0,4,0,1,0,0,0,0,3,1,6,1,26,6,2979,1,-1,-1,1,-1
2015460265541,1,9,0,18,0,0,0,0,0,0,1,1,6,1,64,9,1868,2,13,-1,1,-1
2015460265541,2,9,0,18,0,0,0,0,0,0,2,1,6,2,40,7,1798,1,3,-1,1,-1
2015460265542,1,9,0,18,0,3,0,4,0,0,1,1,6,1,29,6,2987,2,5,-1,-1,-1
2015460265542,2,9,0,2,0,2,0,0,0,0,2,1,6,2,26,6,1968,2,8,-1,1,-1
2015460265547,1,9,0,18,0,8,0,0,0,0,2,1,6,1,33,6,1596,1,6,-1,1,-1
2015460265547,2,9,0,18,0,8,0,0,0,0,2,1,6,1,33,6,1598,1,7,-1,1,-1
2015460265547,3,9,0,18,0,8,0,0,0,0,1,1,6,2,55,8,1329,1,5,-1,1,-1
2015460265547,4,9,0,18,0,8,0,0,0,0,1,1,6,1,25,5,2720,2,10,-1,1,-1
2015460265547,5,5,0,18,0,8,0,0,0,0,1,1,6,1,24,5,999,1,-1,-1,1,-1
2015460265548,1,9,0,18,0,8,1,0,1,2,1,1,6,1,30,6,1995,2,10,-1,3,-1
2015460265548,2,9,0,18,0,8,1,0,1,0,3,1,6,1,59,9,1240,1,6,-1,1,-1
2015460265549,1,1,0,18,0,8,0,0,0,0,1,1,6,1,51,8,-1,-1,-1,-1,1,-1
2015460265549,2,9,0,18,0,8,0,0,0,0,2,1,6,1,23,5,1390,1,8,-1,2,-1
2015460265552,1,9,0,9,0,6,0,0,0,0,1,1,2,1,47,8,1796,1,1,-1,1,-1
2015460265552,2,9,0,17,0,8,0,0,0,0,4,1,2,1,42,7,-1,-1,-1,-1,1,-1
2015460265553,1,11,0,5,2,0,0,0,0,0,0,1,1,1,39,7,4250,2,10,-1,1,-1
2015460265555,1,9,0,18,0,0,0,0,7,10,3,1,6,1,17,4,1124,1,15,-1,3,-1
2015460265557,1,9,0,18,0,0,0,0,0,0,1,1,6,2,53,8,1598,1,9,-1,1,-1
2015460265557,2,9,0,3,0,0,0,0,0,0,2,1,6,1,21,5,998,1,8,-1,1,-1
2015460265557,3,9,0,3,0,0,0,0,0,0,2,1,6,1,28,6,1360,1,8,-1,-1,-1
2015460265557,4,9,0,3,0,0,0,0,0,0,2,1,6,1,71,10,1349,1,5,-1,-1,-1
2015460265558,1,3,0,4,0,0,0,0,0,0,0,1,2,1,45,7,-1,-1,-1,-1,1,-1
2015460265559,1,9,0,5,0,0,0,0,0,0,1,1,6,2,27,6,998,1,9,-1,2,-1
2015460265559,2,1,0,18,0,0,0,0,0,0,3,1,6,1,50,8,-1,-1,-1,-1,3,-1
2015460265575,1,9,0,7,0,5,1,0,0,0,1,1,6,1,18,4,999,1,-1,-1,3,-1
2015460265575,2,9,0,4,0,1,0,0,0,0,1,1,6,1,69,10,1395,1,2,-1,1,-1
2015460265577,1,9,0,18,0,1,0,0,0,0,1,1,6,2,33,6,1398,2,9,-1,3,-1
2015460265577,2,9,0,3,0,1,0,0,0,0,2,1,6,2,51,8,1299,1,14,-1,2,-1
2015460265577,3,9,0,3,0,1,0,0,0,0,2,1,6,2,49,8,1560,2,9,-1,3,-1
2015460265580,1,9,0,18,0,0,0,0,0,0,1,1,6,1,34,6,2993,2,-1,-1,-1,-1
2015460265609,1,9,0,4,0,8,0,0,0,0,1,1,6,1,27,6,1995,1,4,-1,1,-1
2015460265609,2,9,0,4,0,8,0,0,0,0,2,1,6,1,51,8,1582,2,1,-1,1,-1
2015460265609,3,9,0,5,0,4,0,0,0,0,0,1,1,2,35,6,1560,2,1,-1,1,-1
2015460265613,1,9,0,18,0,0,0,0,8,10,1,1,6,3,-1,-1,-1,-1,-1,-1,-1,-1
2015460265613,2,9,0,18,0,0,5,0,8,10,3,1,6,1,35,6,1994,1,19,-1,2,-1
2015460265622,1,1,0,18,0,0,0,10,0,0,1,1,6,1,59,9,-1,-1,-1,-1,-1,-1
2015460265625,1,9,0,2,6,2,0,0,0,0,3,1,6,1,36,7,1598,1,11,-1,1,-1
2015460265625,2,1,0,18,9,2,0,0,0,0,1,1,6,1,40,7,-1,-1,-1,-1,1,-1
2015460265630,1,9,0,9,0,6,0,0,0,0,1,1,2,1,45,7,1598,2,1,-1,1,-1
2015460265630,2,1,0,9,0,5,0,0,0,0,1,1,2,1,34,6,-1,-1,-1,-1,1,-1
2015460265677,1,9,0,18,0,0,0,4,0,0,1,1,6,2,34,6,1240,1,13,-1,1,-1
2015460265677,2,9,0,2,0,0,0,0,0,0,3,1,6,2,45,7,1796,1,11,-1,-1,-1
2015460265677,3,9,0,2,0,0,0,0,1,0,2,1,6,1,45,7,2993,2,9,-1,-1,-1
2015460265681,1,1,0,18,0,0,0,0,0,0,0,1,6,1,78,11,-1,-1,-1,-1,1,-1
2015460265694,1,9,0,1,0,0,0,4,1,10,2,1,6,1,92,11,1998,1,11,-1,-1,-1
2015460265694,2,9,0,2,0,0,0,0,0,0,3,1,6,1,25,5,1388,1,5,-1,-1,-1
2015460265704,1,19,0,18,0,0,5,0,0,0,1,1,1,1,30,6,2198,2,2,-1,1,-1
2015460265704,2,9,0,18,0,0,0,0,0,0,1,1,6,2,33,6,1796,2,3,-1,2,-1
2015460265717,1,9,0,18,0,0,0,0,0,0,2,1,6,3,-1,-1,-1,-1,-1,-1,-1,-1
2015460265717,2,9,0,18,0,0,0,0,0,0,1,1,6,1,21,5,1368,1,-1,-1,1,-1
2015460265717,3,9,0,18,0,0,0,0,0,0,1,1,6,1,28,6,1124,1,16,-1,1,-1
2015460265750,1,9,0,9,0,6,0,0,0,0,1,1,6,1,79,11,1339,1,1,-1,-1,-1
2015460265750,2,9,0,18,0,1,0,0,0,0,1,1,6,1,25,5,1995,2,6,-1,1,-1
2015460265760,1,9,0,1,0,1,0,0,0,0,2,1,6,2,51,8,973,1,14,-1,1,-1
2015460265804,1,9,0,18,0,0,0,0,0,0,3,1,1,2,46,8,998,1,12,-1,2,-1
2015460265813,1,19,0,18,0,2,5,0,1,0,3,1,6,1,25,5,1560,2,1,-1,1,-1
2015460265817,1,9,0,18,0,0,0,0,0,0,2,1,6,3,-1,-1,1781,1,14,-1,1,-1
2015460265817,2,9,0,18,0,0,0,0,0,0,3,1,6,2,46,8,1124,1,10,-1,1,-1
2015460265835,1,2,0,18,9,1,0,0,1,10,1,1,6,3,-1,-1,-1,-1,-1,-1,-1,-1
2015460265884,1,9,0,9,0,6,0,0,0,0,3,1,6,1,67,10,-1,-1,-1,-1,3,-1
2015460265884,2,4,0,18,0,1,0,0,0,0,1,1,6,1,18,4,124,1,29,-1,3,-1
2015460265895,1,9,0,6,0,0,0,0,0,0,3,1,3,1,36,7,1598,1,6,-1,1,-1
2015460265895,2,2,0,14,0,0,1,0,0,0,1,1,2,1,54,8,125,1,9,-1,1,-1
2015460265899,1,9,0,18,0,0,0,0,0,0,1,1,6,1,80,11,1242,1,12,-1,1,-1
2015460265899,2,9,0,18,0,0,0,0,0,0,2,1,1,1,47,8,1590,1,10,-1,-1,-1
2015460265912,1,9,0,9,0,5,0,0,0,0,4,1,6,1,73,10,-1,-1,-1,-1,-1,-1
2015460265912,2,9,0,18,0,1,0,0,0,0,1,1,6,2,19,4,1242,1,-1,-1,-1,-1
2015460265936,1,9,0,18,9,2,0,0,0,0,4,1,6,1,26,6,2979,1,-1,-1,2,-1
2015460265982,1,9,0,18,0,0,1,0,1,3,1,1,6,1,17,4,1242,1,9,-1,2,-1
2015460265982,2,19,0,18,0,0,0,0,0,0,0,1,6,3,-1,-1,-1,-1,-1,-1,-1,-1
2015460266187,1,9,0,18,0,0,0,0,0,0,4,1,6,2,28,6,998,1,5,-1,3,-1
2015460266188,1,9,0,13,0,0,1,0,1,4,1,1,6,1,26,6,1796,1,9,-1,-1,-1
2015460266190,1,9,0,18,0,1,0,0,0,0,1,1,6,1,18,4,1390,1,15,-1,1,-1
2015460266190,2,8,0,9,0,1,0,0,0,0,3,1,1,1,53,8,1753,2,8,-1,3,-1