Accident_Index,Vehicle_Reference,Vehicle_Type,Towing_and_Articulation,Vehicle_Manoeuvre,Vehicle_Location-Restricted_Lane,Junction_Location,Skidding_and_Overturning,Hit_Object_in_Carriageway,Vehicle_Leaving_Carriageway,Hit_Object_off_Carriageway,1st_Point_of_Impact,Was_Vehicle_Left_Hand_Drive?,Journey_Purpose_of_Driver,Sex_of_Driver,Age_of_Driver,Age_Band_of_Driver,Engine_Capacity_(CC),Propulsion_Code,Age_of_Vehicle,Driver_IMD_Decile,Driver_Home_Area_Type,Vehicle_IMD_Decile
2015471501448,2,9,0,18,0,8,0,0,0,0,4,1,6,1,44,7,1598,1,8,-1,3,-1
2015471501450,1,9,0,9,0,5,0,0,0,0,1,1,6,2,21,5,1595,1,13,-1,1,-1
2015471501450,2,1,0,18,0,1,0,0,0,0,1,1,6,1,43,7,-1,-1,-1,-1,1,-1
2015471501454,1,9,0,16,0,0,0,0,0,0,3,1,6,2,34,6,-1,-1,-1,-1,2,-1
2015471501454,2,11,0,17,0,0,0,0,0,0,3,1,6,1,32,6,6700,2,5,-1,-1,-1
2015471501457,1,9,0,17,0,0,5,0,7,4,1,1,6,2,26,6,2477,2,9,-1,3,-1
2015471501459,1,9,0,9,0,5,0,0,0,0,0,1,6,3,-1,-1,-1,-1,-1,-1,-1,-1
2015471501462,1,5,0,18,0,3,0,0,0,0,1,1,6,1,27,6,885,1,21,-1,1,-1
2015471501462,2,9,0,4,0,3,0,0,0,0,2,1,6,1,39,7,2200,1,14,-1,1,-1
2015471501463,1,8,0,5,0,4,0,0,0,0,3,1,1,1,57,9,1997,2,2,-1,1,-1
2015471501463,2,1,0,9,0,8,0,0,0,0,4,1,1,1,45,7,-1,-1,-1,-1,2,-1
2015471501464,1,9,0,7,0,6,0,0,0,0,3,1,6,2,78,11,1248,1,5,-1,1,-1
2015471501464,2,1,0,17,0,2,0,0,0,0,4,1,6,1,26,6,-1,-1,-1,-1,1,-1
2015471501466,1,9,0,18,0,1,0,0,0,0,3,1,6,2,50,8,1968,2,3,-1,1,-1
2015471501466,2,9,0,18,0,1,0,0,0,0,4,1,6,2,35,6,2400,2,7,-1,3,-1
2015471501468,1,9,0,4,0,0,1,0,0,0,1,1,6,2,73,10,1596,1,9,-1,1,-1
2015471501468,2,9,0,4,0,0,0,0,0,0,2,1,6,2,25,5,1896,2,12,-1,1,-1
2015471501469,1,9,0,18,0,1,0,0,0,0,1,1,6,2,45,7,-1,-1,-1,-1,1,-1
2015471501469,2,9,0,3,0,1,0,0,0,0,2,1,6,2,37,7,1984,1,15,-1,2,-1
2015471501473,1,9,0,18,0,0,0,0,0,0,1,1,6,3,-1,-1,-1,-1,-1,-1,-1,-1
2015471501474,1,9,0,5,0,0,0,0,0,0,0,1,6,1,31,6,1800,1,15,-1,3,-1
2015471501474,2,11,0,5,0,0,0,0,0,0,0,1,1,1,67,10,2685,2,10,-1,3,-1
2015471501477,1,9,0,18,0,1,0,4,7,11,1,1,6,1,26,6,-1,-1,-1,-1,1,-1
2015471501477,2,9,0,2,0,1,0,0,7,11,2,1,6,3,-1,-1,1798,1,11,-1,-1,-1
2015471501478,1,9,0,18,0,1,0,0,0,0,1,1,6,1,24,5,1796,1,10,-1,3,-1
2015471501478,2,9,0,7,0,2,0,0,1,10,2,1,6,2,31,6,1242,1,3,-1,1,-1
2015471501479,1,9,0,9,0,1,0,0,0,0,1,1,6,1,18,4,1198,1,12,-1,1,-1
2015471501479,2,1,0,18,0,1,0,0,0,0,1,1,6,1,47,8,-1,-1,-1,-1,3,-1
2015471501484,1,9,0,18,0,1,0,0,0,0,1,1,6,2,22,5,1598,1,13,-1,-1,-1
2015471501484,2,8,0,8,0,1,0,0,0,0,0,1,1,1,38,7,1896,2,5,-1,1,-1
2015471501486,1,9,0,18,0,1,0,0,0,0,4,1,2,1,68,10,1299,1,11,-1,1,-1
2015471501486,2,1,0,18,0,1,0,0,0,0,3,1,6,2,24,5,-1,-1,-1,-1,1,-1
2015471501487,1,9,0,18,0,1,0,0,0,0,0,1,6,1,27,6,-1,-1,-1,-1,1,-1
2015471501489,1,9,0,18,0,8,0,0,0,0,1,1,6,1,35,6,-1,-1,-1,-1,-1,-1
2015471501489,2,1,0,18,0,8,0,0,0,0,3,1,1,2,40,7,-1,-1,-1,-1,1,-1
2015471501493,1,9,0,7,0,2,0,0,0,0,1,1,6,1,40,7,1598,1,14,-1,3,-1
2015471501493,2,1,0,18,0,8,0,0,0,0,4,1,1,2,31,6,-1,-1,-1,-1,1,-1
2015471501497,1,9,0,9,0,8,0,0,0,0,1,1,6,1,43,7,1995,2,1,-1,1,-1
2015471501497,2,5,0,18,0,8,0,0,0,0,4,1,6,1,28,6,520,1,9,-1,2,-1
2015471501499,1,9,0,18,0,1,1,0,0,0,1,1,6,1,20,4,-1,-1,-1,-1,1,-1
2015471501499,2,9,0,4,0,8,0,0,0,0,2,1,1,1,49,8,-1,-1,-1,-1,2,-1
2015471501500,1,9,0,18,0,3,0,0,0,0,4,1,1,2,43,7,1998,1,11,-1,3,-1
2015471501500,2,9,0,18,0,3,0,0,0,0,3,1,6,1,37,7,1118,1,23,-1,1,-1
2015471501501,1,3,0,9,0,1,1,0,0,0,1,1,2,1,30,6,124,1,6,-1,1,-1
2015471501501,2,9,0,18,0,8,0,0,0,0,1,1,2,1,35,6,1598,1,11,-1,-1,-1
2015471501502,1,9,0,9,0,6,0,0,0,0,1,1,6,1,39,7,1796,1,12,-1,1,-1
2015471501502,2,9,0,18,0,1,0,0,0,0,1,1,2,2,37,7,2231,2,3,-1,3,-1
2015471501503,1,8,0,18,0,1,0,0,0,0,1,1,6,1,45,7,1560,2,5,-1,1,-1
2015471501503,2,9,0,4,0,1,0,0,0,0,2,1,6,1,72,10,1242,1,14,-1,1,-1
2015471501504,1,8,0,1,0,8,0,0,0,0,2,1,6,1,40,7,-1,-1,-1,-1,1,-1
2015471501506,1,9,0,4,0,1,1,0,0,0,3,1,6,1,50,8,1868,2,15,-1,3,-1
2015471501506,2,9,0,17,0,8,0,0,0,0,1,1,6,1,64,9,1968,2,7,-1,3,-1
2015471501508,1,9,0,9,0,5,0,0,0,0,1,1,6,2,20,4,998,1,16,-1,2,-1
2015471501508,2,5,0,18,0,1,0,0,0,0,1,1,2,2,24,5,-1,-1,-1,-1,1,-1
2015471501509,1,9,0,18,0,8,0,0,0,0,1,1,6,1,47,8,1968,2,7,-1,1,-1
2015471501509,2,9,0,17,0,1,0,0,0,0,1,1,6,2,23,5,1598,1,8,-1,1,-1
2015471501510,1,21,0,18,0,0,0,0,0,0,1,1,1,1,36,7,12130,2,16,-1,1,-1
2015471501510,2,1,0,18,0,0,0,0,0,0,2,1,6,1,67,10,-1,-1,-1,-1,1,-1
2015471501511,1,9,0,16,0,0,0,0,0,0,4,1,1,1,47,8,1499,2,1,-1,-1,-1
2015471501511,2,5,0,2,6,0,0,0,0,0,3,1,1,1,39,7,1170,1,2,-1,2,-1
2015471501513,1,1,0,17,9,2,0,0,0,0,1,1,6,1,20,4,-1,-1,-1,-1,-1,-1
2015471501514,1,9,0,18,0,1,0,0,0,0,1,1,1,2,62,9,1998,1,13,-1,1,-1
2015471501514,2,9,0,18,0,1,0,0,0,0,2,1,1,1,28,6,1910,2,7,-1,1,-1
2015471501519,1,9,0,18,0,0,0,0,0,0,1,1,6,1,35,6,-1,-1,-1,-1,2,-1
2015471501519,2,9,0,18,0,0,0,0,0,0,1,1,6,2,43,7,1798,1,8,-1,1,-1
2015471501520,1,9,0,9,0,2,0,0,0,0,3,1,6,1,34,6,1120,1,16,-1,1,-1
2015471501520,2,5,0,5,0,2,0,0,0,0,3,1,6,2,30,6,-1,-1,-1,-1,1,-1
2015471501521,1,9,0,18,0,1,0,0,0,0,1,2,6,1,20,4,-1,-1,-1,-1,1,-1
2015471501521,2,9,0,3,0,1,0,0,0,0,2,2,6,1,56,9,1910,2,10,-1,1,-1
2015471501523,1,19,0,18,0,4,0,0,0,0,1,1,1,1,64,9,2148,2,8,-1,1,-1
2015471501523,2,1,0,18,0,8,0,0,0,0,1,1,1,1,17,4,-1,-1,-1,-1,3,-1
2015471501524,1,9,0,18,0,1,0,0,0,0,1,1,6,1,36,7,1997,2,10,-1,1,-1
2015471501524,2,9,0,4,0,1,0,0,0,0,2,1,6,2,43,7,1299,1,13,-1,1,-1
2015471501524,3,19,0,4,0,1,0,0,0,0,2,1,6,1,46,8,1870,2,13,-1,1,-1
2015471501525,1,19,4,18,0,0,4,0,0,4,4,1,2,1,66,10,2800,2,10,-1,3,-1
2015471501525,2,9,0,18,0,0,0,0,1,0,1,1,6,1,28,6,1598,2,5,-1,1,-1
2015471501526,1,9,0,9,0,1,0,0,0,0,1,1,6,1,22,5,1900,2,11,-1,1,-1
2015471501526,2,9,0,4,0,1,0,0,0,0,1,1,1,1,54,8,1497,8,14,-1,1,-1
2015471501528,1,9,0,1,0,1,0,0,0,0,2,2,6,3,-1,-1,2494,1,16,-1,-1,-1
2015471501529,1,9,0,6,0,1,0,0,0,0,3,1,6,1,48,8,1248,1,6,-1,1,-1
2015471501529,2,5,0,18,0,1,0,0,0,0,1,1,6,1,42,7,849,1,17,-1,1,-1
2015471501530,1,19,0,5,0,3,0,0,0,0,3,1,6,1,45,7,2143,2,4,-1,1,-1
2015471501530,2,1,0,18,0,8,0,0,0,0,4,1,6,1,48,8,-1,-1,-1,-1,1,-1
2015471501536,1,9,0,5,0,2,0,0,0,0,1,1,6,3,-1,-1,-1,-1,-1,-1,-1,-1
2015471501536,2,1,0,18,9,1,0,0,0,0,2,1,6,1,20,4,-1,-1,-1,-1,1,-1
2015471501537,1,9,0,9,0,8,5,0,3,1,4,1,6,2,32,6,-1,-1,-1,-1,1,-1
2015471501537,2,9,0,18,0,8,1,0,0,0,1,1,6,1,28,6,2996,1,7,-1,3,-1
2015471501538,1,9,0,18,0,3,0,0,0,0,4,1,6,3,-1,-1,-1,-1,-1,-1,-1,-1
2015471501539,1,9,0,9,0,5,0,0,0,0,1,1,6,2,79,11,1995,2,7,-1,1,-1
2015471501539,2,1,0,18,0,1,0,0,0,0,1,1,6,1,28,6,-1,-1,-1,-1,1,-1
2015471501540,1,9,0,18,0,1,5,4,1,0,1,1,6,1,90,11,1596,1,2,-1,1,-1
2015471501540,2,19,0,2,0,2,0,0,0,0,2,1,6,3,-1,-1,2496,2,19,-1,-1,-1
2015471501541,1,9,0,18,0,0,1,0,0,0,1,1,6,1,67,10,4300,1,16,-1,1,-1
2015471501541,2,9,0,4,0,0,1,0,6,0,2,1,6,2,68,10,1339,1,7,-1,1,-1
2015471501543,1,9,0,10,0,1,0,0,0,0,1,1,6,1,-1,-1,-1,-1,-1,-1,1,-1
2015471501543,2,9,0,4,0,1,0,0,0,0,3,1,6,1,89,11,-1,-1,-1,-1,1,-1
2015471501552,1,9,0,18,0,8,0,0,0,0,1,1,6,1,67,10,1398,2,1,-1,1,-1
2015471501552,2,9,0,18,0,8,0,0,0,0,2,1,6,1,50,8,6208,1,9,-1,1,-1
2015471501553,1,19,0,18,0,0,0,0,0,0,1,1,1,1,24,5,1598,2,1,-1,1,-1
2015471501553,2,20,0,18,0,0,0,0,0,0,2,1,1,1,31,6,2287,2,5,-1,1,-1
2015471501553,3,21,0,18,0,0,0,0,0,0,0,1,1,2,45,7,11946,2,4,-1,1,-1
2015471501554,1,19,0,18,0,0,0,0,0,0,1,1,1,1,32,6,1560,2,2,-1,1,-1
2015471501554,2,9,0,18,0,0,0,0,0,0,2,1,6,1,24,5,-1,-1,-1,-1,1,-1
2015471501554,3,9,0,18,0,0,0,0,0,0,2,1,6,1,67,10,-1,-1,-1,-1,1,-1
2015471501554,4,9,0,18,0,0,0,0,0,0,1,1,2,1,50,8,3179,1,11,-1,1,-1
2015471501554,5,19,0,18,0,0,0,0,0,0,2,1,1,1,32,6,1995,2,2,-1,1,-1
2015471501555,1,9,0,5,0,0,0,0,0,0,3,1,6,3,30,6,-1,-1,-1,-1,-1,-1
2015471501555,2,3,0,18,0,0,0,0,0,0,4,1,6,1,17,4,124,1,7,-1,1,-1
2015471501557,1,1,0,18,9,1,0,0,0,0,0,1,1,1,53,8,-1,-1,-1,-1,1,-1
2015471501557,2,9,0,4,0,1,0,0,0,0,0,1,6,1,40,7,-1,-1,-1,-1,-1,-1
2015471501559,1,9,0,18,0,1,0,0,0,0,1,1,6,1,30,6,-1,-1,-1,-1,1,-1
2015471501559,2,9,0,18,0,1,0,0,0,0,1,1,6,2,63,9,-1,-1,-1,-1,1,-1
2015471501560,1,9,0,18,0,0,0,0,0,0,4,1,6,2,44,7,1339,1,12,-1,1,-1
2015471501562,1,9,0,9,0,8,0,0,0,0,4,1,6,2,31,6,1598,2,4,-1,1,-1
2015471501562,2,9,0,18,0,1,0,0,0,0,1,1,6,2,18,4,1339,1,4,-1,1,-1
2015471501564,1,9,0,18,0,6,0,0,0,0,1,1,3,2,39,7,1497,1,9,-1,1,-1
2015471501564,2,1,0,18,0,8,0,0,0,0,4,1,6,1,36,7,-1,-1,-1,-1,1,-1
2015471501566,1,9,0,18,0,0,0,0,0,0,1,1,6,2,77,11,1973,1,15,-1,1,-1
2015471501566,2,9,0,2,0,0,0,0,0,0,2,1,6,3,-1,-1,-1,-1,-1,-1,-1,-1
2015471501567,1,9,0,3,0,8,0,0,0,0,1,1,6,3,-1,-1,1600,1,17,-1,-1,-1
2015471501567,2,9,0,18,0,8,0,0,0,0,2,1,6,2,27,6,998,1,9,-1,3,-1
2015471501569,1,9,0,5,0,1,0,0,0,0,3,1,6,1,24,5,1796,1,16,-1,1,-1
2015471501569,2,9,0,18,0,1,0,0,0,0,1,1,6,1,26,6,1753,2,13,-1,1,-1
2015471501570,1,21,0,18,0,0,0,0,0,0,1,1,1,1,22,5,9186,2,2,-1,1,-1
2015471501570,2,9,0,3,0,0,0,0,0,0,2,1,6,1,66,10,1956,2,6,-1,-1,-1
2015471501571,1,19,0,18,0,1,0,0,0,0,1,1,2,1,21,5,1910,2,12,-1,1,-1
2015471501571,2,9,0,10,0,1,0,0,0,0,2,1,6,1,22,5,1242,1,3,-1,1,-1
2015471501572,1,9,0,18,0,0,0,0,7,3,3,1,6,2,22,5,-1,-1,-1,-1,2,-1
2015471501574,1,19,4,18,0,1,3,0,0,0,1,1,1,1,36,7,2999,2,5,-1,1,-1
2015471501574,2,9,0,9,0,1,0,0,0,0,2,1,6,1,79,11,1242,1,6,-1,3,-1
2015471501574,3,9,0,18,0,8,0,0,0,0,3,1,6,1,50,8,-1,-1,-1,-1,3,-1
2015471501574,4,9,0,18,0,1,0,0,0,0,2,1,6,2,42,7,1896,2,7,-1,2,-1
2015471501578,1,9,0,4,0,8,0,0,0,0,1,1,6,2,43,7,-1,-1,-1,-1,1,-1
2015471501578,2,9,0,4,0,2,0,0,0,0,2,1,6,1,56,9,998,1,17,-1,1,-1
2015471501582,1,9,0,9,0,8,0,0,0,0,4,1,6,1,24,5,1398,1,1,-1,1,-1
2015471501582,2,1,0,18,4,8,0,0,0,0,1,1,6,1,21,5,-1,-1,-1,-1,1,-1
2015471501583,1,11,0,5,0,1,0,0,0,0,1,1,6,1,54,8,4500,2,3,-1,1,-1
2015471501584,1,9,0,18,0,0,0,0,0,0,1,1,6,1,53,8,-1,-1,-1,-1,3,-1
2015471501584,2,9,0,3,0,0,0,0,0,0,2,1,6,2,26,6,-1,-1,-1,-1,3,-1
2015471501584,3,9,0,3,0,0,0,0,0,0,2,1,6,1,30,6,-1,-1,-1,-1,1,-1
2015471501587,1,9,0,1,0,1,0,0,0,0,4,1,6,1,77,11,1968,2,7,-1,2,-1
2015471501589,1,9,0,18,0,8,0,0,0,0,1,1,6,1,40,7,998,1,1,-1,1,-1
2015471501589,2,9,0,18,0,8,0,0,0,0,1,1,6,1,55,8,2497,2,18,-1,3,-1
2015471501592,1,9,0,9,0,8,0,0,0,0,1,1,1,1,68,10,-1,-1,-1,-1,1,-1
2015471501592,2,9,0,18,0,8,0,0,0,0,1,1,6,2,74,10,-1,-1,-1,-1,1,-1
2015471501593,1,5,0,18,0,0,1,0,0,0,3,1,6,1,44,7,744,1,-1,-1,1,-1
2015471501597,1,5,0,18,0,0,0,0,0,0,3,1,6,1,25,5,599,1,4,-1,1,-1
2015471501597,2,9,0,2,6,0,0,0,0,0,1,1,6,3,-1,-1,1560,2,5,-1,-1,-1
2015471501601,1,9,0,18,0,0,0,0,0,0,1,1,6,1,17,4,1796,1,7,-1,1,-1
2015471501601,2,9,0,18,0,0,0,0,0,0,3,1,6,2,50,8,2982,2,5,-1,1,-1
2015471501601,3,9,0,2,0,0,0,0,0,0,3,1,6,3,-1,-1,1331,1,20,-1,-1,-1
2015471501601,4,9,0,18,0,0,0,0,0,0,0,1,1,1,37,7,2993,2,5,-1,1,-1
2015471501602,1,9,0,18,2,2,0,0,0,0,1,1,6,3,-1,-1,-1,-1,-1,-1,-1,-1
2015471501602,2,11,0,2,0,2,0,0,0,0,0,1,1,3,-1,-1,-1,-1,-1,-1,-1,-1
2015471501603,1,9,0,17,0,2,2,10,0,0,1,1,6,2,24,5,-1,-1,-1,-1,1,-1
2015471501604,1,9,0,13,0,1,0,0,0,0,0,1,1,3,30,6,-1,-1,-1,-1,-1,-1
2015471501604,2,11,0,18,2,1,0,0,0,0,0,1,1,1,61,9,9360,2,2,-1,1,-1
2015471501606,1,9,0,17,0,0,0,0,2,4,4,1,6,1,21,5,1396,1,10,-1,1,-1
2015471501607,1,9,0,4,0,1,0,0,0,0,1,1,6,1,17,4,1199,1,13,-1,1,-1
2015471501607,2,9,0,4,0,4,0,0,0,0,2,1,6,2,32,6,1360,1,16,-1,1,-1
2015471501612,1,19,0,18,0,1,0,0,0,0,1,1,6,3,30,6,-1,-1,-1,-1,-1,-1
2015471501616,1,9,0,18,0,2,0,0,0,0,4,1,6,2,34,6,2148,2,10,-1,1,-1
2015471501617,1,9,0,7,0,6,0,0,0,0,1,1,6,1,55,8,998,1,11,-1,2,-1
2015471501617,2,1,0,18,0,8,0,0,0,0,2,1,6,1,40,7,-1,-1,-1,-1,3,-1
2015471501618,1,9,0,5,0,7,0,0,0,0,1,1,6,1,40,7,1197,1,1,-1,2,-1
2015471501618,2,9,0,18,0,2,0,0,0,0,3,1,6,2,52,8,1368,1,5,-1,2,-1
2015471501619,1,9,0,9,0,2,0,0,0,0,1,1,6,3,-1,-1,-1,-1,-1,-1,-1,-1
2015471501620,1,9,0,5,0,2,0,0,0,0,2,1,6,2,32,6,1389,1,13,-1,1,-1
2015471501620,2,19,0,18,0,2,0,0,0,0,1,1,1,1,49,8,2148,2,8,-1,1,-1
2015471501622,1,9,0,4,0,3,0,0,0,0,1,1,2,1,46,8,-1,-1,-1,-1,1,-1
2015471501622,2,9,0,4,0,3,0,0,0,0,2,1,2,1,33,6,1781,1,14,-1,1,-1
2015471501623,1,9,0,18,0,4,0,0,1,4,3,1,6,1,44,7,-1,-1,-1,-1,1,-1
2015471501623,2,9,5,17,0,4,0,0,0,0,4,1,6,1,43,7,-1,-1,-1,-1,3,-1
2015471501624,1,9,0,18,0,1,0,0,0,0,4,1,2,1,41,7,1968,2,3,-1,1,-1
2015471501627,1,9,0,18,0,6,0,0,0,0,1,1,2,2,25,5,1198,1,6,-1,1,-1
2015471501629,1,9,0,18,0,0,0,0,0,0,1,1,6,1,27,6,1390,1,9,-1,1,-1
2015471501629,2,1,0,18,0,0,0,0,0,0,3,1,6,1,56,9,-1,-1,-1,-1,1,-1
2015471501631,1,9,0,14,0,0,0,0,0,0,4,1,2,2,26,6,-1,-1,-1,-1,1,-1
2015471501631,2,9,0,9,0,0,0,0,0,0,1,1,6,1,50,8,-1,-1,-1,-1,1,-1
2015471501634,1,9,0,1,0,8,0,0,0,0,2,1,6,1,69,10,1598,2,3,-1,1,-1
2015471501634,2,9,0,5,0,8,0,0,0,0,4,1,6,1,53,8,2000,1,9,-1,1,-1
2015471501635,1,9,0,9,0,8,0,0,0,0,3,1,6,2,54,8,1596,1,7,-1,1,-1
2015471501635,2,5,0,18,0,1,0,0,0,0,1,1,1,1,32,6,654,1,8,-1,1,-1
2015471501636,1,9,0,5,0,6,0,0,0,0,4,1,6,1,74,10,-1,-1,-1,-1,3,-1
2015471501636,2,9,0,18,0,8,0,0,0,0,1,1,6,1,80,11,1339,1,9,-1,1,-1
2015471501636,3,9,0,18,0,8,0,0,0,0,1,1,6,2,54,8,1461,2,11,-1,2,-1
2015471501639,1,9,0,9,0,6,0,0,0,0,1,1,6,2,35,6,1390,1,7,-1,1,-1
2015471501639,2,9,0,18,0,5,0,0,0,0,4,1,6,2,18,4,1527,2,15,-1,2,-1
2015471501640,1,21,0,9,0,1,2,0,1,4,4,1,1,1,49,8,-1,2,15,-1,1,-1
2015471501641,1,9,0,17,0,0,2,0,1,10,4,1,6,1,32,6,1124,1,15,-1,1,-1
2015471501642,1,9,0,18,0,8,0,0,0,0,1,1,1,2,22,5,1496,2,1,-1,1,-1
2015471501642,2,9,0,3,0,2,0,0,0,0,2,1,6,2,20,4,1242,1,5,-1,1,-1
2015471501643,1,9,0,9,0,4,0,0,0,0,3,1,6,1,82,11,1997,2,11,-1,3,-1
2015471501643,2,3,0,9,0,4,0,0,0,0,4,1,6,1,19,4,125,1,6,-1,1,-1
2015471501644,1,9,0,13,0,1,1,0,0,0,4,1,6,1,24,5,1910,2,8,-1,1,-1
2015471501644,2,5,0,18,0,1,0,0,1,0,3,1,2,1,28,6,-1,-1,-1,-1,3,-1
2015471501645,1,9,0,8,0,2,0,0,0,0,1,1,1,1,51,8,1686,2,5,-1,1,-1
2015471501645,2,1,0,18,0,1,0,0,0,0,1,1,6,1,60,9,-1,-1,-1,-1,1,-1
2015471501647,1,90,0,15,0,1,0,0,0,0,3,1,1,1,50,8,2987,2,2,-1,1,-1
2015471501647,2,9,0,3,0,1,0,0,0,0,4,1,6,2,33,6,1246,1,9,-1,2,-1
2015471501648,1,9,0,14,0,8,0,0,0,0,4,1,6,1,63,9,1997,2,16,-1,1,-1
2015471501648,2,11,0,2,0,8,0,0,0,0,0,1,1,1,63,9,4250,2,3,-1,3,-1
2015471501651,1,9,0,18,0,0,0,0,0,0,1,1,6,1,40,7,1299,1,14,-1,1,-1
2015471501651,2,19,0,7,0,0,0,0,0,0,2,1,1,1,47,8,1248,2,3,-1,1,-1
2015471501652,1,9,0,18,0,1,0,0,0,0,1,1,6,2,25,5,1497,8,2,-1,1,-1
2015471501652,2,9,0,4,0,1,0,0,0,0,2,1,6,2,45,7,-1,-1,-1,-1,1,-1
2015471501652,3,19,0,3,0,1,0,0,0,0,2,1,6,1,34,6,1968,2,3,-1,3,-1
2015471501653,1,9,5,12,0,0,0,0,0,0,1,1,6,3,-1,-1,-1,-1,-1,-1,-1,-1
2015471501653,2,2,0,18,0,0,0,0,1,4,2,1,6,2,20,4,124,1,19,-1,1,-1
2015471501654,1,9,0,18,0,6,0,0,7,0,4,1,2,1,42,7,1461,2,5,-1,1,-1
2015471501654,2,19,0,18,0,6,0,0,1,1,4,1,1,1,53,8,2299,2,3,-1,-1,-1
2015471501655,1,19,0,7,0,2,0,0,0,0,4,1,6,1,67,10,2148,2,8,-1,1,-1
2015471501655,2,9,0,2,0,2,0,0,0,0,2,1,6,3,-1,-1,1997,2,13,-1,-1,-1
2015471501656,1,9,0,17,0,0,2,10,0,0,4,1,2,1,21,5,-1,-1,-1,-1,2,-1
2015471501657,1,9,0,3,0,0,0,0,0,0,1,1,6,1,33,6,1596,1,11,-1,1,-1
2015471501657,2,9,0,4,0,0,0,0,0,0,2,1,6,2,25,5,2401,2,13,-1,2,-1
2015471501659,1,9,0,7,0,8,0,0,0,0,1,1,6,2,29,6,1679,1,15,-1,2,-1
2015471501659,2,20,0,18,0,1,0,0,0,0,1,1,1,1,73,10,4751,2,13,-1,1,-1
2015471501660,1,9,0,18,0,4,0,0,0,0,1,1,6,1,26,6,1596,1,10,-1,1,-1
2015471501660,2,9,0,9,0,3,0,0,7,11,3,1,2,1,21,5,1149,1,9,-1,1,-1
2015471501661,1,9,0,18,0,4,0,0,0,0,1,1,6,1,26,6,1968,2,9,-1,-1,-1
2015471501661,2,9,0,4,0,4,0,0,0,0,2,1,6,1,41,7,1242,1,17,-1,1,-1
2015471501661,3,9,0,18,0,4,0,0,0,0,0,1,1,1,37,7,2494,2,5,-1,1,-1
2015471501664,1,5,0,18,0,1,0,0,0,0,3,1,2,1,24,5,535,1,20,-1,1,-1
2015471501664,2,9,0,18,0,1,0,0,0,0,3,1,2,2,33,6,998,1,-1,-1,1,-1
2015471501665,1,9,0,18,0,2,0,0,0,0,3,1,6,1,43,7,1360,1,16,-1,1,-1
2015471501666,1,10,0,18,0,0,0,0,1,4,1,1,2,1,43,7,-1,-1,-1,-1,3,-1
2015471501668,1,9,0,5,9,2,0,0,0,0,1,1,6,1,85,11,1242,1,4,-1,1,-1
2015471501668,2,1,0,18,9,1,0,0,0,0,1,1,6,1,54,8,-1,-1,-1,-1,1,-1
2015471501673,1,19,0,18,0,0,0,0,0,0,1,1,6,3,-1,-1,1997,2,8,-1,-1,-1
2015471501673,2,9,0,18,0,0,0,0,0,0,2,1,6,1,66,10,1248,1,5,-1,3,-1
2015471501675,1,9,0,18,0,2,0,0,0,0,1,1,6,1,40,7,3400,1,14,-1,3,-1
2015471501675,2,9,0,18,0,2,0,0,0,0,2,1,6,1,40,7,1896,2,12,-1,1,-1
2015471501675,3,9,0,18,0,2,0,0,0,0,2,1,6,1,41,7,1590,1,13,-1,1,-1
2015471501680,1,2,0,14,0,0,0,0,0,0,0,1,6,1,25,5,49,1,12,-1,1,-1
2015471501680,2,8,0,18,0,0,0,0,0,0,0,1,1,1,42,7,1995,2,9,-1,1,-1
2015471501680,3,9,0,3,0,0,0,0,0,0,0,1,6,1,-1,-1,-1,-1,-1,-1,-1,-1
2015471501682,1,9,0,18,0,6,0,0,0,0,3,1,6,2,42,7,-1,-1,-1,-1,2,-1
2015471501682,2,9,0,18,0,8,0,0,0,0,1,1,6,1,39,7,2354,1,12,-1,1,-1
2015471501683,1,9,0,18,0,4,0,0,0,0,1,1,6,1,40,7,1868,2,14,-1,1,-1
2015471501683,2,1,0,18,0,3,0,0,0,0,4,1,6,1,27,6,-1,-1,-1,-1,1,-1
2015471501684,1,9,0,18,0,0,0,0,1,4,1,1,6,1,27,6,1870,2,12,-1,1,-1
2015471501685,1,8,0,18,0,8,0,0,0,0,1,2,1,3,-1,-1,-1,-1,-1,-1,-1,-1
2015471501686,1,9,0,11,0,0,1,0,0,0,2,1,6,3,-1,-1,-1,-1,-1,-1,-1,-1
2015471501686,2,11,0,18,0,0,0,0,0,0,1,1,1,1,47,8,9000,2,2,-1,1,-1
2015471501689,1,2,0,4,0,1,1,10,1,11,1,1,6,2,78,11,49,1,-1,-1,1,-1
2015471501690,1,9,0,17,0,0,2,10,7,9,3,1,6,2,21,5,-1,-1,-1,-1,2,-1
2015471501691,1,9,0,18,0,0,0,0,0,0,4,1,2,1,55,8,1299,1,13,-1,3,-1
2015471501692,1,19,0,18,0,0,0,0,0,0,3,1,6,1,40,7,-1,-1,-1,-1,3,-1
2015471501692,2,19,0,18,0,0,0,0,0,0,0,1,6,2,34,6,2148,2,8,-1,3,-1
2015471501693,1,9,0,9,0,8,0,0,0,0,1,1,2,1,27,6,1796,1,10,-1,-1,-1
2015471501693,2,1,0,18,0,8,0,0,0,0,3,1,6,2,46,8,-1,-1,-1,-1,1,-1