Accident_Index,Vehicle_Reference,Vehicle_Type,Towing_and_Articulation,Vehicle_Manoeuvre,Vehicle_Location-Restricted_Lane,Junction_Location,Skidding_and_Overturning,Hit_Object_in_Carriageway,Vehicle_Leaving_Carriageway,Hit_Object_off_Carriageway,1st_Point_of_Impact,Was_Vehicle_Left_Hand_Drive?,Journey_Purpose_of_Driver,Sex_of_Driver,Age_of_Driver,Age_Band_of_Driver,Engine_Capacity_(CC),Propulsion_Code,Age_of_Vehicle,Driver_IMD_Decile,Driver_Home_Area_Type,Vehicle_IMD_Decile
2015471501694,1,9,0,18,0,0,0,4,0,0,1,1,2,2,28,6,1390,1,2,-1,3,-1
2015471501694,2,9,0,3,0,0,0,0,0,0,2,1,2,2,31,6,1299,1,11,-1,1,-1
2015471501696,1,9,0,18,0,0,0,0,0,0,0,1,6,2,73,10,1390,1,9,-1,1,-1
2015471501699,1,9,0,18,0,4,0,0,0,0,1,1,2,2,63,9,996,1,2,-1,1,-1
2015471501699,2,9,0,18,0,4,0,0,7,2,4,2,2,2,60,9,1598,1,1,-1,1,-1
2015471501701,1,8,0,9,0,8,0,0,0,0,1,1,1,1,34,6,1910,2,8,-1,1,-1
2015471501701,2,1,0,18,0,8,0,0,0,0,1,1,6,2,45,7,-1,-1,-1,-1,1,-1
2015471501702,1,9,0,9,0,6,0,0,0,0,3,1,6,1,49,8,2993,2,3,-1,3,-1
2015471501702,2,5,0,18,0,8,1,0,0,0,1,1,6,1,52,8,998,1,8,-1,3,-1
2015471501703,1,9,0,9,0,8,0,0,0,0,1,1,6,2,34,6,1598,1,6,-1,1,-1
2015471501703,2,9,0,18,0,8,1,0,1,2,3,1,6,1,83,11,1248,1,2,-1,2,-1
2015471501704,1,9,0,18,0,0,0,0,0,0,1,1,2,1,54,8,-1,-1,-1,-1,1,-1
2015471501704,2,9,0,18,0,0,0,0,0,0,2,1,1,1,33,6,1781,1,15,-1,-1,-1
2015471501706,1,9,0,18,0,0,0,0,0,0,1,1,6,1,20,4,1149,1,13,-1,1,-1
2015471501706,2,9,0,3,0,0,0,0,0,0,2,1,1,1,33,6,1997,2,-1,-1,-1,-1
2015471501707,1,9,0,18,0,1,5,0,1,0,3,1,6,2,18,4,1242,1,11,-1,1,-1
2015471501709,1,9,0,1,0,8,0,0,0,0,2,1,2,2,24,5,1198,1,8,-1,3,-1
2015471501710,1,1,0,18,0,4,0,0,0,0,1,1,2,1,23,5,-1,-1,-1,-1,1,-1
2015471501710,2,9,0,9,0,4,0,0,0,0,4,1,2,1,27,6,1796,1,11,-1,1,-1
2015471501712,1,9,0,9,0,6,0,0,0,0,3,1,6,2,20,4,1299,1,7,-1,1,-1
2015471501712,2,9,0,18,0,2,0,0,0,0,0,1,6,2,18,4,999,1,3,-1,3,-1
2015471501713,1,9,0,18,0,0,0,0,0,0,1,1,6,2,23,5,1587,1,13,-1,1,-1
2015471501713,2,9,0,18,0,0,0,0,0,0,1,1,6,2,51,8,2477,2,10,-1,3,-1
2015471501714,1,9,0,18,0,1,0,0,0,0,1,1,6,1,77,11,1461,2,2,-1,1,-1
2015471501714,2,1,0,18,0,8,0,0,0,0,4,1,6,2,45,7,-1,-1,-1,-1,1,-1
2015471501718,1,9,0,5,0,1,0,0,0,0,1,1,6,2,22,5,998,1,1,-1,1,-1
2015471501718,2,4,0,5,0,1,0,0,0,0,2,1,6,1,50,8,745,1,9,-1,1,-1
2015471501720,1,9,0,18,0,0,1,0,1,7,1,1,6,1,50,8,-1,-1,-1,-1,1,-1
2015471501721,1,9,0,18,0,0,5,0,7,0,1,1,6,1,42,7,1368,1,-1,-1,2,-1
2015471501724,1,9,0,9,0,8,0,0,0,0,3,1,6,2,28,6,1598,1,15,-1,1,-1
2015471501724,2,5,0,18,0,8,0,0,0,0,1,1,6,1,57,9,1200,1,6,-1,2,-1
2015471501726,1,9,0,7,0,5,0,0,0,0,4,1,6,2,58,9,2967,1,14,-1,1,-1
2015471501726,2,1,0,7,5,1,0,0,0,0,1,1,6,1,25,5,-1,-1,-1,-1,1,-1
2015471501727,1,9,0,9,0,8,0,0,1,0,1,1,6,2,58,9,-1,-1,-1,-1,1,-1
2015471501727,2,9,0,18,0,8,0,0,0,0,1,1,6,2,19,4,1598,1,9,-1,1,-1
2015471501728,1,9,0,18,0,0,0,0,0,0,1,1,1,1,50,8,1560,2,4,-1,1,-1
2015471501730,1,9,0,4,0,4,0,0,0,0,1,1,6,1,79,11,1149,1,7,-1,1,-1
2015471501730,2,9,0,5,0,4,0,0,0,0,2,1,6,2,27,6,2979,1,14,-1,1,-1
2015471501731,1,9,0,18,0,0,0,0,0,0,1,1,6,2,60,9,1390,1,12,-1,1,-1
2015471501733,1,9,0,18,0,1,1,0,0,0,1,1,2,1,29,6,1587,1,15,-1,1,-1
2015471501733,2,9,0,4,0,1,0,0,0,0,2,1,6,2,29,6,1242,1,4,-1,1,-1
2015471501734,1,9,0,3,0,1,0,0,0,0,1,1,6,1,76,11,1598,1,11,-1,1,-1
2015471501738,1,9,0,18,0,0,0,0,2,1,1,1,6,2,48,8,1240,1,9,-1,1,-1
2015471501739,1,9,0,18,0,1,0,0,0,0,1,1,6,1,26,6,-1,-1,-1,-1,1,-1
2015471501739,2,9,0,2,0,1,0,0,0,0,2,1,6,3,-1,-1,1360,1,15,-1,-1,-1
2015471501740,1,9,0,9,0,6,0,0,0,0,3,1,6,1,21,5,1596,1,10,-1,1,-1
2015471501740,2,9,0,18,0,1,0,0,1,0,3,1,6,1,54,8,1597,2,-1,-1,1,-1
2015471501742,1,8,0,6,0,6,0,0,1,0,1,1,6,1,53,8,1399,2,6,-1,3,-1
2015471501742,2,8,0,18,0,7,0,0,0,0,1,1,6,1,42,7,-1,-1,-1,-1,1,-1
2015471501743,1,9,0,18,0,0,0,0,0,0,1,1,6,2,22,5,1242,1,9,-1,1,-1
2015471501743,2,9,0,4,0,0,0,0,0,0,2,1,1,2,35,6,1461,2,5,-1,1,-1
2015471501745,1,9,0,18,0,0,0,4,0,0,1,1,6,2,85,11,1390,1,10,-1,2,-1
2015471501745,2,90,0,2,0,0,0,0,0,0,1,1,1,3,-1,-1,4400,2,6,-1,-1,-1
2015471501745,3,21,0,2,0,0,0,0,0,0,0,1,1,3,-1,-1,7146,2,2,-1,-1,-1
2015471501747,1,9,0,18,0,8,0,0,0,0,1,1,6,1,59,9,602,1,28,-1,2,-1
2015471501750,1,1,0,18,0,8,0,0,0,0,1,1,1,1,40,7,-1,-1,-1,-1,-1,-1
2015471501750,2,9,0,2,0,2,0,0,0,0,4,1,6,3,-1,-1,1699,1,5,-1,-1,-1
2015471501751,1,9,0,3,0,1,0,0,0,0,1,1,6,1,82,11,1390,1,3,-1,1,-1
2015471501751,2,9,0,3,0,1,0,0,0,0,2,1,6,2,22,5,1197,1,1,-1,1,-1
2015471501753,1,9,0,11,0,2,0,0,0,0,1,1,6,1,26,6,1596,1,12,-1,1,-1
2015471501753,2,9,0,4,0,2,0,0,0,0,2,1,6,1,37,7,1596,1,15,-1,2,-1
2015471501753,3,9,0,18,0,2,0,0,0,0,0,1,1,1,51,8,1753,2,6,-1,1,-1
2015471501757,1,19,0,18,0,8,0,0,0,0,4,1,1,1,33,6,2402,2,12,-1,1,-1
2015471501757,2,4,0,18,0,8,0,0,0,0,1,1,6,1,63,9,-1,-1,-1,-1,1,-1
2015471501759,1,9,0,18,0,1,0,0,0,0,1,1,6,1,20,4,1398,2,13,-1,1,-1
2015471501759,2,9,0,3,0,1,0,0,0,0,2,1,6,1,67,10,1988,1,12,-1,1,-1
2015471501759,3,9,0,5,0,1,0,0,0,0,0,1,6,2,25,5,1598,1,11,-1,1,-1
2015471501760,1,2,0,18,0,0,0,4,0,0,1,1,6,1,16,4,49,1,-1,-1,1,-1
2015471501760,2,9,0,2,0,0,0,0,0,0,1,1,6,3,-1,-1,1995,2,9,-1,-1,-1
2015471501761,1,11,0,18,0,0,0,0,0,0,4,1,1,1,26,6,9360,2,4,-1,1,-1
2015471501762,1,9,0,18,0,0,0,0,0,0,4,1,6,1,29,6,1796,1,14,-1,1,-1
2015471501762,2,9,0,18,0,0,0,0,0,0,0,1,1,1,37,7,1997,2,2,-1,1,-1
2015471501762,3,9,0,3,0,0,0,0,0,0,4,1,1,1,37,7,2993,2,3,-1,2,-1
2015471501762,4,9,0,3,0,0,0,0,0,0,3,1,6,2,56,9,1560,2,7,-1,1,-1
2015471501762,5,9,0,3,0,0,0,0,0,0,3,1,6,1,49,8,-1,-1,-1,-1,1,-1
2015471501763,1,9,0,6,0,1,0,0,0,0,3,1,6,1,48,8,1396,1,12,-1,1,-1
2015471501763,2,5,0,18,0,1,0,0,0,0,1,1,6,1,40,7,636,1,13,-1,1,-1
2015471501764,1,9,0,17,0,0,1,0,1,4,3,1,6,2,49,8,1390,1,12,-1,3,-1
2015471501770,1,19,0,18,0,8,0,0,0,0,1,1,1,1,34,6,2402,2,4,-1,1,-1
2015471501770,2,9,0,18,0,8,0,0,0,0,1,1,6,1,56,9,996,1,6,-1,1,-1
2015471501771,1,19,0,18,0,2,0,0,0,0,1,1,1,1,43,7,1968,2,8,-1,-1,-1
2015471501771,2,9,0,18,0,2,0,0,0,0,1,1,6,1,80,11,1390,1,13,-1,1,-1
2015471501771,3,9,0,18,0,2,0,0,0,0,1,1,6,1,24,5,1198,1,10,-1,1,-1
2015471501773,1,9,0,7,0,8,0,0,0,0,4,1,6,3,-1,-1,-1,-1,-1,-1,-1,-1
2015471501774,1,1,0,9,0,8,0,10,7,0,2,1,2,1,24,5,-1,-1,-1,-1,1,-1
2015471501774,2,9,0,13,0,8,0,0,7,0,1,1,1,2,50,8,1560,2,1,-1,1,-1
2015471501775,1,8,0,9,0,2,0,0,0,0,3,1,1,3,-1,-1,2183,2,4,-1,-1,-1
2015471501775,2,1,0,14,0,2,0,0,0,0,4,1,6,1,22,5,-1,-1,-1,-1,1,-1
2015471501777,1,9,0,18,0,8,0,0,0,0,1,1,6,3,-1,-1,-1,-1,-1,-1,-1,-1
2015471501779,1,9,0,18,0,0,1,11,7,0,1,1,6,1,60,9,1596,1,4,-1,3,-1
2015471501780,1,19,0,4,0,0,0,0,0,0,1,1,2,1,62,9,1248,2,4,-1,1,-1
2015471501781,1,9,0,18,0,1,0,0,0,0,1,1,6,-1,-1,-1,-1,-1,-1,-1,-1,-1
2015471501781,2,8,0,8,0,4,0,0,0,0,2,1,6,2,54,8,1598,2,3,-1,3,-1
2015471501782,1,9,0,7,4,8,0,0,0,0,1,1,6,1,70,10,2438,1,18,-1,1,-1
2015471501782,2,1,0,18,4,8,0,0,0,0,4,1,6,2,63,9,-1,-1,-1,-1,1,-1
2015471501788,1,9,0,4,0,0,0,0,0,0,1,1,6,2,37,7,1968,2,8,-1,1,-1
2015471501788,2,9,0,4,0,0,0,0,0,0,2,1,6,2,45,7,1598,2,2,-1,3,-1
2015471501788,3,9,0,4,0,0,0,0,0,0,2,1,6,2,39,7,1995,2,4,-1,1,-1
2015471501790,1,1,0,4,0,0,0,0,0,0,1,1,6,1,14,3,-1,-1,-1,-1,1,-1
2015471501790,2,9,0,4,0,0,0,0,0,0,2,1,2,1,36,7,1596,1,10,-1,1,-1
2015471501792,1,9,0,9,0,8,0,0,0,0,1,1,6,2,25,5,1242,1,9,-1,1,-1
2015471501792,2,1,0,18,0,8,0,0,1,0,1,1,2,2,31,6,-1,-1,-1,-1,1,-1
2015471501794,1,9,0,1,9,0,1,0,7,11,3,1,6,2,42,7,-1,-1,-1,-1,1,-1
2015471501795,1,9,0,9,0,1,0,0,0,0,4,1,1,1,30,6,1364,1,9,-1,1,-1
2015471501795,2,3,0,18,0,1,0,0,0,0,1,1,6,1,21,5,125,1,12,-1,1,-1
2015471501797,1,9,0,2,0,2,0,0,0,0,3,1,6,1,49,8,1598,1,1,-1,1,-1
2015471501797,2,1,0,18,0,2,0,0,0,0,1,1,6,1,46,8,-1,-1,-1,-1,1,-1
2015471501798,1,9,0,9,0,1,0,0,0,0,3,1,6,1,28,6,-1,-1,-1,-1,1,-1
2015471501798,2,9,0,7,0,1,0,0,0,0,1,1,2,1,36,7,1956,2,4,-1,1,-1
2015471501799,1,9,0,9,0,8,0,0,0,0,3,1,2,2,36,7,-1,-1,-1,-1,3,-1
2015471501799,2,9,0,17,0,8,0,0,0,0,1,1,2,2,55,8,1598,1,16,-1,1,-1
2015471501800,1,9,0,9,0,5,0,0,0,0,1,1,6,2,44,7,1910,2,13,-1,1,-1
2015471501800,2,9,0,18,0,1,0,0,0,0,1,1,6,1,35,6,-1,-1,-1,-1,1,-1
2015471501803,1,9,0,5,0,7,0,0,0,0,1,1,6,1,37,7,2544,1,17,-1,1,-1
2015471501804,1,9,0,4,0,1,0,0,0,0,1,1,6,2,38,7,2987,2,1,-1,1,-1
2015471501804,2,9,0,4,0,1,0,0,0,0,2,1,6,2,31,6,2494,1,16,-1,1,-1
2015471501807,1,9,0,18,0,4,0,10,3,0,1,1,6,1,56,9,1591,1,4,-1,1,-1
2015471501807,2,9,0,18,0,8,0,10,1,0,3,1,6,2,19,4,1461,2,9,-1,1,-1
2015471501807,3,9,0,18,0,8,0,10,1,0,4,1,6,2,63,9,1587,1,12,-1,1,-1
2015471501808,1,9,0,18,0,8,0,0,0,0,1,1,6,1,35,6,2993,2,1,-1,1,-1
2015471501808,2,9,0,18,0,8,0,0,0,0,3,1,6,1,29,6,-1,-1,-1,-1,1,-1
2015471501809,1,21,0,18,0,1,0,0,0,0,1,1,1,1,45,7,11967,2,5,-1,1,-1
2015471501809,2,9,0,18,0,1,0,0,0,0,2,1,6,1,47,8,1388,1,8,-1,1,-1
2015471501810,1,9,0,18,0,0,1,0,4,0,2,1,6,2,28,6,-1,-1,-1,-1,1,-1
2015471501810,2,9,0,18,0,0,1,0,1,0,1,1,6,1,28,6,-1,-1,-1,-1,1,-1
2015471501813,1,9,0,13,0,0,0,0,0,0,3,1,6,1,59,9,2987,2,4,-1,2,-1
2015471501813,2,3,0,17,0,0,1,0,0,0,4,1,2,1,30,6,124,1,3,-1,1,-1
2015471501814,1,9,0,18,0,1,0,0,0,0,1,1,6,2,40,7,1587,1,7,-1,1,-1
2015471501814,2,9,0,3,0,1,0,0,0,0,2,1,6,2,44,7,-1,-1,-1,-1,1,-1
2015471501815,1,9,0,9,0,6,0,0,0,0,1,1,6,1,40,7,1686,2,10,-1,1,-1
2015471501815,2,19,0,18,0,8,0,0,0,0,3,1,1,1,51,8,2198,2,8,-1,1,-1
2015471501821,1,19,0,14,0,8,0,0,0,0,1,1,1,1,25,5,2402,2,10,-1,1,-1
2015471501821,2,9,0,14,0,8,0,0,0,0,4,1,6,2,36,7,1595,1,15,-1,1,-1
2015471501823,1,9,0,16,0,1,0,11,0,0,1,1,6,1,18,4,1242,1,12,-1,1,-1
2015471501827,1,9,0,4,0,1,0,0,0,0,1,1,6,1,78,11,2835,2,16,-1,2,-1
2015471501827,2,9,0,4,0,1,0,0,0,0,2,1,6,1,28,6,1360,1,8,-1,1,-1
2015471501828,1,9,0,13,0,0,0,0,1,0,1,1,6,1,80,11,1598,1,4,-1,3,-1
2015471501828,2,21,1,18,0,0,1,0,1,11,1,1,1,1,59,9,12900,2,4,-1,1,-1
2015471501830,1,9,0,9,0,5,0,0,0,0,1,1,6,1,81,11,1998,1,15,-1,1,-1
2015471501830,2,9,0,18,0,8,0,0,0,0,1,1,6,2,50,8,1360,1,13,-1,2,-1
2015471501831,1,8,0,9,0,5,0,0,0,0,1,1,1,1,36,7,1995,2,2,-1,1,-1
2015471501831,2,5,0,18,0,1,1,0,0,0,1,1,6,1,32,6,600,1,15,-1,1,-1
2015471501832,1,9,0,1,0,0,0,0,0,0,1,1,6,2,38,7,1995,2,1,-1,3,-1
2015471501834,1,2,0,16,0,0,0,0,1,0,0,1,2,1,19,4,49,1,10,-1,1,-1
2015471501836,1,9,0,18,0,1,0,0,1,0,3,1,6,1,23,5,-1,-1,-1,-1,1,-1
2015471501837,1,9,3,18,0,0,0,0,0,0,0,1,6,2,43,7,2982,2,9,-1,1,-1
2015471501837,2,19,0,18,0,0,1,0,0,0,1,1,6,1,42,7,1896,2,19,-1,1,-1
2015471501837,3,9,0,4,0,0,1,0,0,0,2,1,6,1,77,11,1599,1,12,-1,1,-1
2015471501837,4,9,0,4,0,0,0,0,0,0,2,1,6,2,39,7,1999,1,9,-1,1,-1
2015471501838,1,5,0,18,0,2,0,0,0,0,1,1,6,1,28,6,909,1,9,-1,1,-1
2015471501838,2,9,0,4,0,2,0,0,0,0,2,1,6,1,21,5,1598,1,11,-1,1,-1
2015471501839,1,9,0,18,0,8,0,0,0,0,4,1,6,1,40,7,-1,-1,-1,-1,-1,-1
2015471501839,2,9,0,18,0,8,0,0,0,0,3,1,6,1,28,6,2261,1,8,-1,1,-1
2015471501840,1,9,0,18,0,1,0,0,0,0,1,1,6,1,52,8,1997,2,4,-1,3,-1
2015471501840,2,9,0,4,0,1,0,0,0,0,2,1,6,1,35,6,1582,2,2,-1,1,-1
2015471501841,1,9,0,1,4,2,0,0,0,0,2,1,6,1,23,5,2987,2,9,-1,1,-1
2015471501841,2,1,0,18,4,2,0,0,0,0,2,1,6,1,46,8,-1,-1,-1,-1,1,-1
2015471501844,1,3,0,16,0,1,0,0,0,0,1,1,2,1,19,4,125,1,2,-1,2,-1
2015471501844,2,9,0,16,0,1,0,0,0,0,2,1,6,1,48,8,2792,1,19,-1,1,-1
2015471501850,1,9,0,16,0,0,1,0,1,4,3,1,2,2,19,4,1388,1,11,-1,1,-1
2015471501852,1,9,0,18,0,0,1,0,0,0,1,1,6,2,32,6,999,1,9,-1,1,-1
2015471501852,2,19,0,4,0,0,0,0,0,0,2,1,1,1,59,9,2143,2,1,-1,1,-1
2015471501853,1,9,0,17,0,0,0,0,8,4,1,1,2,1,40,7,1296,1,9,-1,1,-1
2015471501853,2,19,0,18,0,0,0,0,0,0,4,1,1,1,41,7,-1,-1,-1,-1,1,-1
2015471501854,1,3,0,18,0,8,1,0,0,0,3,1,6,1,20,4,125,1,-1,-1,1,-1
2015471501856,1,9,0,18,0,3,0,0,0,0,3,1,6,1,65,9,1560,2,4,-1,1,-1
2015471501856,2,9,0,18,0,3,0,0,0,0,4,1,6,1,23,5,1749,1,11,-1,1,-1
2015471501857,1,9,0,18,0,0,0,0,0,0,1,1,6,3,-1,-1,1998,1,13,-1,-1,-1
2015471501858,1,9,0,18,0,0,0,0,1,4,1,1,6,1,19,4,-1,-1,-1,-1,1,-1
2015471501860,1,9,0,18,0,1,0,0,0,0,1,1,6,1,27,6,1975,1,13,-1,2,-1
2015471501860,2,9,0,3,0,1,0,0,0,0,2,1,6,1,71,10,1968,2,5,-1,2,-1
2015471501860,3,9,0,3,0,1,0,0,0,0,2,1,6,2,41,7,1598,1,9,-1,1,-1
2015471501860,4,9,0,4,0,1,0,0,0,0,0,1,6,1,30,6,-1,-1,-1,-1,-1,-1
2015471501860,5,9,0,7,0,6,0,0,0,0,0,1,6,1,30,6,-1,-1,-1,-1,-1,-1
2015471501861,1,11,0,4,0,1,0,0,0,0,0,1,1,1,31,6,9000,2,6,-1,1,-1
2015471501862,1,9,0,18,0,0,0,0,0,0,1,1,6,1,47,8,1896,2,14,-1,2,-1
2015471501862,2,9,0,2,0,0,0,0,6,0,2,1,6,1,38,7,1686,2,4,-1,1,-1
2015471501864,1,9,0,7,0,6,0,0,0,0,1,1,2,1,23,5,1590,1,18,-1,1,-1
2015471501864,2,9,0,18,0,1,0,0,0,0,1,1,2,1,42,7,2993,2,10,-1,1,-1
2015471501868,1,5,0,17,0,1,0,10,1,11,1,1,6,1,33,6,599,1,10,-1,1,-1
2015471501870,1,9,0,18,0,0,0,0,5,6,1,1,6,1,26,6,1360,1,13,-1,1,-1
2015471501870,2,9,0,18,0,0,0,0,0,0,0,1,6,3,-1,-1,-1,-1,-1,-1,-1,-1
2015471501871,1,9,0,18,0,0,0,0,0,0,1,1,6,1,24,5,1796,1,12,-1,-1,-1
2015471501871,2,8,0,18,0,0,0,0,0,0,1,1,6,1,51,8,1997,2,3,-1,1,-1
2015471501873,1,9,0,7,0,8,0,0,0,0,4,1,6,1,40,7,1598,1,1,-1,1,-1
2015471501873,2,1,0,18,0,8,0,0,0,0,3,1,6,2,47,8,-1,-1,-1,-1,1,-1
2015471501874,1,9,0,18,0,1,0,0,0,0,1,1,6,1,30,6,1461,2,1,-1,1,-1
2015471501874,2,9,0,7,0,1,0,0,0,0,2,1,6,1,58,9,1398,2,6,-1,1,-1
2015471501875,1,11,0,18,2,0,0,0,0,0,0,1,1,1,62,9,8970,2,12,-1,1,-1
2015471501877,1,5,0,18,0,0,0,0,1,1,1,1,6,1,70,10,779,1,4,-1,1,-1
2015471501877,2,5,0,7,0,0,0,0,0,0,2,1,6,1,54,8,600,1,3,-1,1,-1
2015471501878,1,9,0,18,0,0,0,0,7,0,1,1,6,1,27,6,1796,1,14,-1,1,-1
2015471501878,2,9,0,2,6,0,0,0,0,0,2,1,6,3,-1,-1,1390,1,13,-1,-1,-1
2015471501879,1,9,0,18,0,1,0,0,0,0,1,1,6,1,84,11,1497,8,3,-1,1,-1
2015471501879,2,9,0,2,0,1,0,0,0,0,1,1,6,3,-1,-1,1988,1,13,-1,-1,-1
2015471501879,3,9,0,2,0,2,0,0,0,0,2,1,6,1,38,7,1999,1,9,-1,1,-1
2015471501879,4,9,0,2,0,2,0,0,0,0,2,1,6,3,-1,-1,1598,1,8,-1,-1,-1
2015471501880,1,9,0,6,0,0,0,0,0,0,1,1,6,2,57,9,1560,2,7,-1,1,-1
2015471501880,2,8,0,18,0,0,0,0,0,0,4,1,6,1,37,7,1598,2,3,-1,2,-1
2015471501883,1,9,0,17,0,0,0,10,1,11,1,1,6,1,40,7,1997,1,15,-1,3,-1
2015471501887,1,9,0,18,0,0,0,0,0,0,4,1,6,2,44,7,1896,2,7,-1,2,-1
2015471501887,2,9,0,2,0,0,0,0,0,0,3,1,6,3,-1,-1,-1,-1,-1,-1,-1,-1
2015471501887,3,9,0,2,0,0,0,0,0,0,3,1,6,3,-1,-1,1587,1,13,-1,-1,-1
2015471501888,1,9,0,18,0,0,0,0,1,0,1,1,6,1,34,6,1995,2,12,-1,2,-1
2015471501888,2,9,0,18,0,0,0,0,0,0,3,1,2,1,53,8,1198,1,9,-1,3,-1
2015471501890,1,9,0,18,0,8,0,0,0,0,3,1,6,1,50,8,-1,-1,-1,-1,1,-1
2015471501890,2,11,0,18,3,4,0,0,0,0,1,1,1,1,32,6,7300,2,1,-1,1,-1
2015471501891,1,9,0,18,0,1,0,0,0,0,4,1,6,2,66,10,1149,1,8,-1,1,-1
2015471501891,2,1,0,15,0,1,0,0,0,0,3,1,6,1,55,8,-1,-1,-1,-1,1,-1
2015471501892,1,9,0,4,0,1,0,0,0,0,1,1,6,1,43,7,1599,1,11,-1,1,-1
2015471501892,2,4,0,3,0,1,0,0,0,0,2,1,6,1,46,8,-1,-1,-1,-1,3,-1
2015471501894,1,9,0,16,0,1,1,0,1,10,1,1,2,1,33,6,-1,-1,-1,-1,2,-1
2015471501895,1,9,0,4,0,1,0,0,0,0,1,1,6,1,48,8,1560,2,5,-1,1,-1
2015471501895,2,9,0,7,0,3,0,0,0,0,2,1,6,1,19,4,1242,1,13,-1,1,-1
2015471501896,1,9,0,5,0,6,0,0,0,0,3,1,6,1,79,11,1339,1,1,-1,1,-1
2015471501896,2,1,0,18,0,1,0,0,0,0,1,1,6,1,30,6,-1,-1,-1,-1,1,-1
2015471501897,1,9,0,9,0,6,0,0,0,0,3,1,6,1,83,11,1840,1,12,-1,1,-1
2015471501897,2,9,0,18,0,8,0,0,0,0,1,1,6,1,22,5,3500,1,39,-1,2,-1
2015471501898,1,9,0,6,0,1,0,0,0,0,3,1,6,2,49,8,1368,1,5,-1,3,-1
2015471501898,2,3,0,14,0,1,0,0,0,0,1,1,6,1,16,4,49,1,5,-1,1,-1
2015471501902,1,19,0,18,0,1,0,0,0,0,1,1,1,1,26,6,-1,-1,-1,-1,3,-1
2015471501902,2,19,0,18,0,1,0,0,0,0,2,1,1,1,37,7,2402,2,13,-1,3,-1
2015471501906,1,9,0,9,0,1,0,0,0,0,3,1,6,2,63,9,1997,1,5,-1,1,-1
2015471501906,2,1,0,18,0,1,0,0,0,0,1,1,6,1,43,7,-1,-1,-1,-1,1,-1
2015471501909,1,9,0,18,0,2,0,0,0,0,1,1,6,2,41,7,1398,2,12,-1,3,-1
2015471501909,2,20,0,18,0,2,0,0,0,0,1,1,1,1,48,8,4580,2,7,-1,1,-1
2015471501910,1,5,0,18,0,3,0,0,0,0,0,1,2,1,68,10,1100,1,14,-1,1,-1
2015471501910,2,9,0,18,0,4,0,0,0,0,0,1,1,1,36,7,1997,2,2,-1,1,-1
2015471501911,1,9,0,18,0,0,5,0,0,0,4,1,1,2,19,4,1242,1,-1,-1,1,-1
2015471501911,2,9,0,2,0,0,0,0,0,0,4,1,6,3,-1,-1,1896,2,14,-1,-1,-1
2015471501915,1,9,0,18,0,0,0,0,0,0,1,1,6,3,-1,-1,-1,-1,-1,-1,-1,-1
2015471501917,1,5,0,18,0,8,0,0,0,0,1,1,6,1,24,5,-1,-1,-1,-1,1,-1
2015471501917,2,4,0,8,0,8,0,0,0,0,2,1,6,1,49,8,1170,1,10,-1,1,-1
2015471501919,1,9,0,9,0,6,0,0,0,0,3,1,6,1,25,5,1242,1,2,-1,3,-1
2015471501919,2,9,0,18,0,1,0,0,0,0,1,1,6,2,57,9,1998,1,13,-1,3,-1
2015471501920,1,9,0,9,0,8,0,0,0,0,4,1,6,1,20,4,1762,1,19,-1,1,-1
2015471501920,2,1,0,18,4,8,0,0,0,0,1,1,6,1,28,6,-1,-1,-1,-1,1,-1
2015471501921,1,9,0,18,0,2,0,0,0,0,1,1,6,1,83,11,2499,1,9,-1,1,-1
2015471501921,2,9,0,18,0,1,0,0,0,0,1,1,6,2,19,4,1124,1,13,-1,3,-1
2015471501921,3,9,0,18,0,1,0,0,0,0,4,1,6,1,23,5,1229,1,7,-1,1,-1
2015471501923,1,9,0,9,0,1,0,0,1,0,1,1,6,1,42,7,1968,1,9,-1,3,-1
2015471501923,2,8,0,18,0,2,0,0,0,0,1,1,1,1,29,6,1968,2,7,-1,1,-1
2015471501925,1,9,0,16,0,0,5,0,1,3,1,1,6,2,46,8,1364,1,10,-1,3,-1
2015471501926,1,11,0,18,2,0,0,0,0,0,1,1,1,1,45,7,9000,2,8,-1,1,-1
2015471501927,1,9,0,17,0,0,1,0,7,10,1,1,6,2,19,4,-1,-1,-1,-1,1,-1
2015471501928,1,19,0,5,0,2,0,0,0,0,0,1,1,1,42,7,1896,2,9,-1,1,-1
2015471501928,2,5,0,18,0,1,1,4,0,0,2,1,1,1,48,8,998,1,16,-1,1,-1
2015471501928,3,19,0,2,0,1,0,0,0,0,2,1,6,3,-1,-1,1560,2,6,-1,-1,-1
2015471501933,1,8,0,9,0,8,0,0,0,0,3,1,1,1,37,7,1968,2,6,-1,1,-1
2015471501933,2,9,0,18,0,8,0,0,0,0,4,1,6,1,41,7,1598,1,15,-1,1,-1
2015471501934,1,19,0,18,0,0,0,0,0,0,1,1,1,1,25,5,2999,2,8,-1,1,-1
2015471501934,2,19,0,3,0,0,0,0,0,0,2,1,1,1,19,4,2402,2,4,-1,3,-1
2015471501934,3,9,0,9,0,0,0,0,0,0,2,1,6,1,58,9,1896,2,10,-1,2,-1