Accident_Index,Vehicle_Reference,Vehicle_Type,Towing_and_Articulation,Vehicle_Manoeuvre,Vehicle_Location-Restricted_Lane,Junction_Location,Skidding_and_Overturning,Hit_Object_in_Carriageway,Vehicle_Leaving_Carriageway,Hit_Object_off_Carriageway,1st_Point_of_Impact,Was_Vehicle_Left_Hand_Drive?,Journey_Purpose_of_Driver,Sex_of_Driver,Age_of_Driver,Age_Band_of_Driver,Engine_Capacity_(CC),Propulsion_Code,Age_of_Vehicle,Driver_IMD_Decile,Driver_Home_Area_Type,Vehicle_IMD_Decile
2015471502172,2,1,0,18,0,8,0,0,0,0,1,1,6,1,34,6,-1,-1,-1,-1,1,-1
2015471502173,1,9,0,18,0,1,0,0,0,0,1,1,6,1,51,8,2495,2,22,-1,3,-1
2015471502173,2,9,0,18,0,1,0,0,0,0,2,1,6,2,43,7,1560,2,2,-1,2,-1
2015471502173,3,9,0,4,0,1,0,0,0,0,2,1,6,2,35,6,1461,2,9,-1,2,-1
2015471502175,1,3,0,12,0,8,0,0,0,0,3,1,2,1,22,5,125,1,6,-1,1,-1
2015471502175,2,9,0,18,0,8,0,0,0,0,4,1,6,2,22,5,1296,1,7,-1,1,-1
2015471502176,1,9,0,18,0,1,0,0,0,0,1,1,6,1,30,6,1388,1,12,-1,1,-1
2015471502176,2,9,0,4,0,1,0,0,0,0,2,1,6,1,25,5,1598,1,13,-1,1,-1
2015471502178,1,1,0,18,0,1,0,0,1,0,0,1,6,1,51,8,-1,-1,-1,-1,1,-1
2015471502180,1,9,0,18,0,5,0,0,0,0,3,1,6,2,36,7,1598,2,3,-1,3,-1
2015471502180,2,9,0,18,0,1,0,0,0,0,1,1,6,2,36,7,1299,1,13,-1,1,-1
2015471502181,1,19,0,16,0,0,2,10,1,1,1,1,1,1,46,8,2143,2,-1,-1,1,-1
2015471502181,2,19,0,16,0,0,0,10,1,0,2,1,6,1,56,9,1896,2,7,-1,1,-1
2015471502182,1,9,0,3,0,1,0,0,0,0,1,1,6,2,70,10,-1,-1,-1,-1,2,-1
2015471502182,2,9,0,3,0,1,0,0,0,0,2,1,6,1,56,9,1242,1,14,-1,1,-1
2015471502183,1,9,0,4,0,0,0,0,0,0,1,1,6,1,22,5,1968,2,6,-1,3,-1
2015471502183,2,9,0,3,0,0,0,0,0,0,2,1,6,2,75,10,1388,1,11,-1,1,-1
2015471502183,3,9,0,3,0,0,0,0,0,0,2,1,6,2,43,7,1242,1,6,-1,1,-1
2015471502184,1,20,0,12,0,0,0,0,0,0,0,1,6,3,30,6,-1,-1,-1,-1,-1,-1
2015471502184,2,9,0,18,0,0,1,0,0,6,1,1,6,2,23,5,1753,2,11,-1,1,-1
2015471502185,1,9,0,5,0,0,0,0,0,0,3,1,6,1,35,6,-1,-1,-1,-1,-1,-1
2015471502185,2,2,0,18,0,0,0,0,0,0,1,1,6,1,17,4,49,1,9,-1,1,-1
2015471502187,1,9,0,9,0,8,0,0,0,0,1,1,6,1,54,8,2460,2,8,-1,1,-1
2015471502187,2,1,0,18,0,8,0,0,0,0,1,1,6,1,54,8,-1,-1,-1,-1,1,-1
2015471502188,1,9,0,9,0,8,0,0,0,0,1,1,6,1,77,11,2902,2,11,-1,1,-1
2015471502188,2,1,0,18,0,8,0,0,0,0,1,1,6,1,43,7,-1,-1,-1,-1,1,-1
2015471502189,1,9,0,7,4,5,0,0,0,0,4,1,6,3,-1,-1,-1,-1,-1,-1,-1,-1
2015471502189,2,1,0,18,4,1,0,0,0,0,3,1,6,1,26,6,-1,-1,-1,-1,1,-1
2015471502195,1,9,0,17,0,0,0,0,1,3,1,1,6,2,74,10,1198,1,-1,-1,1,-1
2015471502199,1,9,0,4,0,6,0,0,0,0,1,1,6,1,35,6,1896,2,12,-1,1,-1
2015471502199,2,9,0,3,0,1,0,0,0,0,2,1,6,1,44,7,-1,-1,-1,-1,1,-1
2015471502204,1,9,0,9,0,6,0,0,0,0,3,1,2,2,25,5,1388,1,6,-1,1,-1
2015471502204,2,9,0,18,0,8,0,0,0,0,4,1,6,1,69,10,1598,1,11,-1,3,-1
2015471502205,1,9,0,12,0,2,1,0,0,0,1,1,1,1,39,7,1998,1,12,-1,1,-1
2015471502205,2,9,0,18,0,2,0,0,0,0,2,1,6,1,41,7,-1,-1,-1,-1,1,-1
2015471502205,3,9,0,12,0,2,0,0,0,0,2,1,6,1,41,7,1397,1,6,-1,3,-1
2015471502206,1,9,0,18,0,0,0,0,0,0,1,1,6,2,46,8,2793,1,17,-1,1,-1
2015471502206,2,9,0,18,0,0,0,0,1,0,1,1,2,1,45,7,1339,1,7,-1,1,-1
2015471502207,1,9,0,18,0,0,0,0,0,0,4,1,6,2,45,7,1242,1,16,-1,1,-1
2015471502208,1,9,0,9,0,3,0,0,0,0,1,1,2,1,18,4,1497,1,11,-1,1,-1
2015471502208,2,9,0,4,0,1,0,0,0,0,1,1,2,2,49,8,1124,1,13,-1,3,-1
2015471502209,1,9,0,1,9,0,0,0,0,0,1,1,6,1,19,4,-1,-1,-1,-1,3,-1
2015471502210,1,19,0,18,0,2,1,0,0,0,1,1,1,1,48,8,1968,2,1,-1,3,-1
2015471502210,2,9,0,10,0,1,0,0,0,0,2,1,6,1,27,6,1896,2,10,-1,1,-1
2015471502212,1,9,0,9,0,6,0,0,0,0,3,1,6,1,71,10,2685,2,13,-1,3,-1
2015471502212,2,9,0,18,0,8,0,0,0,0,1,1,6,1,79,11,1360,1,15,-1,1,-1
2015471502213,1,9,0,18,0,8,0,0,0,0,1,1,6,1,86,11,2996,1,8,-1,1,-1
2015471502213,2,9,0,2,0,8,0,0,0,0,3,1,6,3,-1,-1,1242,1,15,-1,-1,-1
2015471502215,1,9,0,6,0,0,0,0,0,0,3,1,6,1,30,6,1598,1,9,-1,1,-1
2015471502215,2,3,0,14,0,0,0,0,0,0,1,1,6,1,29,6,79,1,20,-1,1,-1
2015471502216,1,9,0,18,0,2,0,0,0,0,1,1,6,1,35,6,2495,1,15,-1,2,-1
2015471502216,2,9,0,18,0,2,0,0,0,0,2,1,2,1,40,7,2993,2,10,-1,1,-1
2015471502217,1,9,0,9,0,6,0,0,0,0,3,1,6,1,75,10,1998,1,18,-1,1,-1
2015471502217,2,3,0,18,0,8,0,0,0,0,1,1,6,1,17,4,124,1,4,-1,1,-1
2015471502218,1,9,0,18,0,0,0,0,0,0,1,1,6,2,21,5,1199,1,11,-1,1,-1
2015471502218,2,9,0,4,0,0,0,0,0,0,2,1,6,1,44,7,998,1,12,-1,1,-1
2015471502220,1,9,0,18,0,1,0,0,0,0,3,1,6,2,44,7,1398,1,2,-1,1,-1
2015471502222,1,5,0,9,0,8,0,0,0,0,4,1,6,1,43,7,748,1,8,-1,1,-1
2015471502222,2,9,0,9,0,8,0,0,0,0,2,1,6,1,41,7,2295,1,12,-1,1,-1
2015471502225,1,1,0,18,0,1,1,0,0,0,1,1,6,1,27,6,-1,-1,-1,-1,-1,-1
2015471502225,2,19,0,5,0,1,0,0,0,0,2,1,1,1,49,8,1298,1,12,-1,1,-1
2015471502225,3,9,0,18,0,2,0,0,0,0,3,1,1,1,51,8,1997,2,6,-1,1,-1
2015471502226,1,11,0,4,0,1,0,0,0,0,0,1,6,2,65,9,9000,2,6,-1,1,-1
2015471502228,1,9,0,13,0,0,1,0,2,10,4,1,2,1,36,7,-1,-1,-1,-1,1,-1
2015471502228,2,9,0,18,0,0,0,0,1,4,1,1,6,2,18,4,1199,1,10,-1,3,-1
2015471502228,3,9,0,18,0,0,0,0,0,0,0,1,6,1,30,6,-1,-1,-1,-1,-1,-1
2015471502229,1,9,0,18,0,0,1,0,1,7,1,1,2,1,51,8,2199,1,19,-1,1,-1
2015471502229,2,9,0,18,0,0,1,0,1,0,3,1,6,2,24,5,1390,1,6,-1,2,-1
2015471502231,1,9,0,18,0,1,0,0,0,0,1,1,6,3,-1,-1,-1,-1,-1,-1,-1,-1
2015471502232,1,9,0,3,0,1,0,4,0,0,2,1,6,1,34,6,1598,1,15,-1,1,-1
2015471502232,2,9,0,3,0,1,0,0,0,0,2,1,6,2,63,9,1242,1,6,-1,1,-1
2015471502234,1,1,0,18,0,4,0,0,0,0,3,1,6,1,30,6,-1,-1,-1,-1,3,-1
2015471502234,2,9,0,18,0,4,0,0,0,0,1,1,6,1,26,6,1900,2,11,-1,2,-1
2015471502235,1,9,0,16,0,0,0,0,0,0,1,1,6,1,76,11,1595,1,13,-1,1,-1
2015471502235,2,21,0,17,0,0,0,0,1,0,1,1,1,1,48,8,6370,2,3,-1,1,-1
2015471502236,1,9,0,18,0,0,0,4,0,0,4,1,6,1,82,11,998,1,3,-1,1,-1
2015471502236,2,9,0,2,0,0,0,0,0,0,2,1,6,3,-1,-1,998,1,2,-1,-1,-1
2015471502236,3,9,0,2,0,0,0,0,0,0,2,1,6,3,-1,-1,1590,1,13,-1,-1,-1
2015471502237,1,9,0,5,0,8,0,0,0,0,4,1,6,1,58,9,2987,2,4,-1,1,-1
2015471502237,2,9,0,7,0,3,0,0,0,0,0,1,6,2,30,6,1398,2,5,-1,1,-1
2015471502239,1,19,0,18,0,1,0,0,0,0,1,1,1,1,23,5,1248,2,2,-1,1,-1
2015471502239,2,19,0,7,0,1,0,0,0,0,2,1,1,1,41,7,2198,2,2,-1,2,-1
2015471502241,1,9,0,18,0,0,0,0,0,0,1,1,6,2,68,10,2688,2,10,-1,2,-1
2015471502241,2,9,0,4,0,0,0,0,0,0,2,1,6,2,53,8,1998,1,-1,-1,1,-1
2015471502241,3,9,0,4,0,0,0,0,0,0,2,1,6,2,38,7,1798,1,7,-1,3,-1
2015471502242,1,9,0,9,0,6,0,0,0,0,1,1,6,1,46,8,1600,1,14,-1,2,-1
2015471502242,2,1,0,18,0,8,0,0,0,0,4,1,6,1,58,9,-1,-1,-1,-1,1,-1
2015471502245,1,90,0,18,0,2,0,0,0,0,1,1,6,1,37,7,-1,-1,-1,-1,1,-1
2015471502246,1,9,0,13,0,1,0,0,0,0,4,1,6,2,40,7,1991,2,5,-1,1,-1
2015471502246,2,9,0,9,0,1,0,0,0,0,3,1,3,2,43,7,1796,1,6,-1,1,-1
2015471502247,1,21,4,11,0,0,0,0,0,0,4,1,1,1,54,8,11946,2,10,-1,1,-1
2015471502247,2,9,0,18,0,0,0,0,0,0,3,1,6,2,17,4,1299,1,12,-1,1,-1
2015471502250,1,9,0,18,0,1,0,0,0,0,1,1,6,2,42,7,1798,1,9,-1,2,-1
2015471502250,2,9,0,9,0,1,0,0,0,0,2,1,6,2,48,8,1997,1,7,-1,2,-1
2015471502251,1,9,0,18,0,2,0,0,0,0,2,1,6,2,59,9,1896,2,7,-1,1,-1
2015471502251,2,9,0,18,0,2,0,0,0,0,1,1,6,1,30,6,1396,1,6,-1,1,-1
2015471502252,1,9,0,18,0,0,0,0,0,0,2,1,6,2,47,8,1360,1,11,-1,1,-1
2015471502252,2,9,0,2,0,0,0,0,0,0,2,1,6,2,27,6,1753,2,7,-1,1,-1
2015471502253,1,8,0,18,0,1,0,0,0,0,4,1,1,2,39,7,1560,2,2,-1,1,-1
2015471502253,2,1,0,18,0,1,0,0,0,0,1,1,6,1,28,6,-1,-1,-1,-1,1,-1
2015471502254,1,9,0,5,8,0,0,0,0,0,1,1,6,1,51,8,2521,1,10,-1,1,-1
2015471502254,2,1,0,18,0,0,0,0,0,0,4,1,4,1,16,4,-1,-1,-1,-1,1,-1
2015471502256,1,9,0,18,0,3,0,0,0,0,4,1,6,2,43,7,1360,1,13,-1,1,-1
2015471502256,2,1,0,9,0,3,0,0,0,0,1,1,6,1,21,5,-1,-1,-1,-1,1,-1
2015471502258,1,11,0,18,0,1,0,0,0,0,0,1,1,1,52,8,9360,2,2,-1,1,-1
2015471502258,2,1,0,18,0,1,0,0,0,0,0,1,6,1,40,7,-1,-1,-1,-1,-1,-1
2015471502259,1,9,0,7,0,1,0,0,0,0,4,1,6,2,-1,-1,-1,-1,-1,-1,-1,-1
2015471502259,2,1,0,18,0,8,0,0,0,1,1,1,1,2,20,4,-1,-1,-1,-1,1,-1
2015471502260,1,9,0,9,0,8,0,0,0,0,1,1,1,1,18,4,998,1,1,-1,1,-1
2015471502260,2,1,0,18,0,8,0,0,0,0,1,1,2,2,23,5,-1,-1,-1,-1,1,-1
2015471502261,1,9,0,9,0,2,0,0,0,0,1,1,6,1,39,7,1199,1,11,-1,1,-1
2015471502263,1,9,0,9,0,2,0,0,0,0,1,1,6,1,33,6,1299,1,16,-1,1,-1
2015471502263,2,9,0,18,0,1,0,0,0,0,1,1,6,1,54,8,1997,2,-1,-1,2,-1
2015471502264,1,9,0,18,0,0,0,0,0,0,1,1,2,1,78,11,1796,1,13,-1,1,-1
2015471502265,1,9,0,18,0,8,0,0,0,0,3,1,6,2,34,6,2656,1,13,-1,1,-1
2015471502265,2,9,0,18,0,8,0,0,0,0,1,1,6,2,35,6,1984,1,13,-1,1,-1
2015471502268,1,90,0,18,0,8,0,0,0,0,1,1,6,1,28,6,399,1,10,-1,1,-1
2015471502268,2,9,0,10,0,1,0,0,0,0,3,1,6,1,31,6,1461,2,10,-1,1,-1
2015471502269,1,9,0,18,0,8,0,0,0,0,1,1,1,1,20,4,1360,1,12,-1,1,-1
2015471502269,2,8,0,18,0,8,0,0,0,0,1,1,6,1,36,7,1968,2,1,-1,1,-1
2015471502269,3,9,0,18,0,8,0,0,0,0,1,1,6,1,34,6,1242,1,9,-1,1,-1
2015471502271,1,9,0,9,0,8,0,0,0,0,3,1,6,1,20,4,1895,1,15,-1,1,-1
2015471502271,2,9,0,17,0,8,0,0,0,0,1,1,6,1,68,10,1360,1,14,-1,1,-1
2015471502272,1,9,0,1,0,1,0,0,0,0,2,1,1,1,27,6,-1,-1,-1,-1,1,-1
2015471502273,1,19,0,7,0,1,0,0,0,0,4,1,1,1,46,8,1995,2,2,-1,1,-1
2015471502273,2,1,0,18,0,1,0,0,0,0,4,1,6,1,21,5,-1,-1,-1,-1,1,-1
2015471502277,1,9,0,18,0,1,0,0,0,0,1,1,6,2,45,7,1389,1,14,-1,1,-1
2015471502277,2,9,0,17,0,8,0,0,0,0,4,1,6,2,58,9,1198,1,3,-1,1,-1
2015471502278,1,21,1,18,0,8,0,0,0,0,3,1,1,1,61,9,10677,2,1,-1,1,-1
2015471502278,2,9,0,18,0,8,0,0,0,0,4,1,6,2,24,5,998,1,9,-1,1,-1
2015471502280,1,9,0,18,0,8,0,0,3,2,3,1,6,1,24,5,2393,1,13,-1,-1,-1
2015471502280,2,8,0,18,0,8,0,0,0,0,1,1,1,1,75,10,1582,2,3,-1,1,-1
2015471502280,3,9,0,18,0,1,0,0,0,0,0,1,1,1,45,7,2993,2,2,-1,1,-1
2015471502283,1,9,0,18,0,0,0,4,0,0,1,1,6,2,72,10,1582,2,5,-1,1,-1
2015471502283,2,9,0,2,0,0,0,4,0,0,2,1,6,3,-1,-1,1798,1,12,-1,-1,-1
2015471502283,3,9,0,2,0,0,0,4,0,0,2,1,6,3,-1,-1,2099,1,13,-1,-1,-1
2015471502284,1,19,4,18,0,0,1,0,0,0,1,1,1,1,26,6,2198,2,3,-1,1,-1
2015471502284,2,9,0,4,0,0,0,0,0,0,2,1,6,1,32,6,998,1,5,-1,1,-1
2015471502284,3,9,0,3,0,0,0,0,0,0,2,1,6,1,26,6,1596,1,12,-1,2,-1
2015471502284,4,9,0,3,0,0,0,0,0,0,2,1,6,2,43,7,2656,1,12,-1,2,-1
2015471502286,1,9,0,17,0,0,1,0,1,9,1,1,6,2,18,4,998,1,7,-1,1,-1
2015471502289,1,9,0,18,0,0,5,4,0,0,1,1,6,2,17,4,1242,1,3,-1,1,-1
2015471502289,2,9,0,2,0,0,0,0,0,0,2,1,6,3,-1,-1,1242,1,8,-1,-1,-1
2015471502289,3,9,0,2,0,0,0,0,0,0,3,1,6,3,-1,-1,998,1,2,-1,-1,-1
2015471502290,1,11,0,18,0,1,0,0,0,0,0,1,6,1,58,9,-1,-1,-1,-1,1,-1
2015471502291,1,9,0,9,0,8,0,0,0,0,4,1,6,1,21,5,2996,2,17,-1,1,-1
2015471502291,2,9,0,18,0,8,0,0,0,0,1,1,6,2,41,7,1248,2,7,-1,1,-1
2015471502295,1,4,0,18,0,0,1,0,4,6,3,1,6,1,19,4,499,1,19,-1,1,-1
2015471502297,1,3,0,18,0,1,1,0,0,0,1,1,6,1,24,5,124,1,1,-1,1,-1
2015471502297,2,9,0,18,0,8,0,0,0,0,3,1,6,1,41,7,1590,1,10,-1,1,-1
2015471502299,1,9,0,18,0,0,1,0,0,0,4,1,6,1,22,5,2967,2,2,-1,1,-1
2015471502299,2,9,0,18,0,0,0,0,0,0,1,1,6,1,21,5,1364,1,6,-1,1,-1
2015471502299,3,9,0,18,0,0,2,0,1,4,3,1,6,1,23,5,1968,2,7,-1,1,-1
2015471502302,1,9,0,18,0,0,0,0,1,0,1,1,6,1,25,5,1198,1,1,-1,1,-1
2015471502302,2,9,0,18,0,0,0,0,0,0,1,1,6,2,31,6,1390,1,12,-1,2,-1
2015471502302,3,9,0,18,0,0,0,0,0,0,1,1,1,2,42,7,1995,2,4,-1,2,-1
2015471502303,1,9,0,18,0,0,0,4,0,0,1,1,6,1,80,11,1386,1,8,-1,1,-1
2015471502303,2,9,0,2,0,0,0,0,0,0,2,1,6,1,20,4,1242,1,17,-1,1,-1
2015471502304,1,9,0,5,0,0,0,0,0,0,3,1,6,1,48,8,1596,1,13,-1,1,-1
2015471502304,2,3,0,18,0,0,0,0,0,0,4,1,6,1,26,6,-1,-1,-1,-1,1,-1
2015471502306,1,9,0,5,0,1,0,0,0,0,4,1,6,2,35,6,1796,1,11,-1,1,-1
2015471502306,2,2,0,5,0,1,0,0,0,0,3,1,6,1,16,4,49,1,10,-1,1,-1
2015471502314,1,20,0,17,0,8,0,0,0,0,1,1,1,1,33,6,-1,-1,-1,-1,1,-1
2015471502314,2,19,0,16,0,8,0,0,0,0,1,1,1,1,56,9,1598,2,1,-1,1,-1
2015471502315,1,9,0,9,0,0,0,0,0,0,3,1,6,1,42,7,-1,-1,-1,-1,2,-1
2015471502315,2,9,0,14,0,0,0,0,0,0,1,1,6,2,19,4,1242,1,3,-1,1,-1
2015471502316,1,19,0,18,0,0,1,0,0,0,1,1,1,1,26,6,1998,2,14,-1,1,-1
2015471502316,2,9,0,3,0,0,0,0,0,0,2,1,1,1,71,10,998,1,12,-1,3,-1
2015471502316,3,9,0,3,0,0,0,0,0,0,2,1,1,1,52,8,1995,2,-1,-1,1,-1
2015471502317,1,9,0,18,0,1,0,0,0,0,4,1,6,1,77,11,1242,1,11,-1,1,-1
2015471502318,1,19,0,7,4,1,0,0,0,0,0,1,6,1,63,9,1998,1,17,-1,1,-1
2015471502318,2,1,0,15,4,1,0,0,0,0,1,1,6,1,48,8,-1,-1,-1,-1,1,-1
2015471502318,3,9,0,8,0,1,0,0,0,0,1,1,6,2,19,4,1368,1,7,-1,1,-1
2015471502319,1,19,0,12,0,1,0,0,0,0,1,1,6,3,40,7,2461,2,13,-1,-1,-1
2015471502319,2,9,0,18,0,1,0,0,0,0,1,1,6,1,36,7,1242,1,6,-1,1,-1
2015471502321,1,9,0,10,0,6,0,0,0,0,3,1,2,1,20,4,1598,2,2,-1,1,-1
2015471502321,2,9,0,17,0,1,0,0,0,0,1,1,6,2,25,5,1198,1,12,-1,1,-1
2015471502324,1,19,0,10,0,6,0,0,0,0,1,1,6,1,70,10,2143,2,3,-1,3,-1
2015471502324,2,9,0,18,0,1,0,0,0,0,4,1,6,2,48,8,998,1,2,-1,1,-1
2015471502325,1,9,0,17,0,8,1,0,7,1,1,1,6,1,23,5,1368,1,6,-1,-1,-1
2015471502326,1,9,0,9,0,3,0,0,0,0,1,1,2,2,30,6,1596,1,7,-1,2,-1
2015471502326,2,9,0,18,0,3,0,0,0,0,4,1,2,2,31,6,1598,1,11,-1,1,-1
2015471502330,1,19,0,18,0,0,0,0,0,0,0,1,6,1,36,7,2198,2,7,-1,1,-1
2015471502333,1,9,0,9,0,8,0,0,0,0,4,1,6,2,75,10,1560,2,6,-1,3,-1
2015471502333,2,19,0,18,0,8,1,0,0,0,1,1,1,1,19,4,1686,2,12,-1,1,-1
2015471502336,1,9,0,18,0,1,0,0,0,0,1,1,6,1,21,5,1781,1,-1,-1,1,-1
2015471502338,1,9,0,18,0,0,0,4,0,0,1,1,2,2,41,7,1984,1,5,-1,2,-1
2015471502338,2,9,0,2,0,0,0,0,0,0,2,1,6,3,-1,-1,1598,1,12,-1,-1,-1
2015471502339,1,1,0,18,0,0,0,0,0,0,0,1,6,2,25,5,-1,-1,-1,-1,-1,-1
2015471502339,2,11,0,18,0,0,0,0,0,0,0,1,1,1,47,8,11000,2,10,-1,1,-1
2015471502341,1,9,0,18,0,2,0,0,0,0,1,1,6,2,44,7,1124,1,12,-1,1,-1
2015471502341,2,9,0,2,0,2,0,0,0,0,2,1,6,3,-1,-1,-1,-1,-1,-1,-1,-1
2015471502342,1,9,0,5,0,6,0,0,0,0,3,1,6,1,47,8,1796,1,12,-1,1,-1
2015471502342,2,3,0,9,0,8,1,0,0,0,1,1,6,1,18,4,124,1,1,-1,3,-1
2015471502343,1,9,0,18,9,0,0,0,7,11,1,1,6,1,86,11,1590,1,13,-1,3,-1
2015471502344,1,3,0,18,0,0,1,0,0,0,1,1,6,1,38,7,125,1,11,-1,3,-1
2015471502344,2,9,0,18,0,0,0,0,0,0,3,1,6,2,66,10,1951,2,9,-1,3,-1
2015471502345,1,9,0,17,0,0,0,0,0,0,1,1,6,2,92,11,1360,1,14,-1,3,-1
2015471502346,1,9,0,17,0,1,0,10,2,11,4,1,6,1,85,11,1948,1,14,-1,1,-1
2015471502347,1,9,0,11,0,4,0,0,0,0,1,1,3,2,28,6,1560,2,1,-1,1,-1
2015471502347,2,9,0,18,0,4,0,0,0,0,2,1,6,1,45,7,4511,1,9,-1,1,-1
2015471502347,3,9,0,18,0,4,0,0,0,0,2,1,6,1,51,8,1968,2,2,-1,-1,-1
2015471502348,1,9,0,18,0,1,1,0,1,11,1,1,6,1,19,4,-1,-1,-1,-1,1,-1
2015471502348,2,10,0,18,0,1,0,0,0,0,2,1,1,1,43,7,2198,2,3,-1,1,-1
2015471502350,1,9,0,18,0,4,0,0,0,0,1,1,1,1,53,8,1598,1,9,-1,1,-1
2015471502350,2,2,0,9,0,3,0,0,0,0,2,1,4,1,16,4,49,1,7,-1,1,-1
2015471502351,1,9,0,18,0,1,0,0,0,0,1,1,6,1,65,9,1783,1,11,-1,1,-1
2015471502352,1,19,0,7,0,1,0,0,0,0,1,1,1,1,40,7,1870,2,12,-1,1,-1
2015471502352,2,9,0,8,0,1,0,0,0,0,2,1,6,2,47,8,1598,1,14,-1,1,-1
2015471502353,1,9,0,18,0,0,1,0,0,0,1,1,6,1,45,7,2720,2,9,-1,2,-1
2015471502353,2,9,0,3,0,0,0,0,0,0,2,1,2,1,25,5,1149,1,17,-1,1,-1
2015471502353,3,9,0,3,0,0,0,0,0,0,2,1,6,2,25,5,1197,1,-1,-1,1,-1
2015471502357,1,9,0,9,0,6,0,0,0,0,1,1,6,1,76,11,1598,1,7,-1,1,-1
2015471502357,2,9,0,18,0,8,1,0,1,4,4,1,6,1,21,5,1998,1,10,-1,1,-1
2015471502361,1,9,0,18,0,1,0,0,0,0,1,1,6,1,40,7,1229,1,10,-1,-1,-1
2015471502361,2,1,0,18,0,1,0,0,0,0,2,1,6,1,26,6,-1,-1,-1,-1,1,-1
2015471502364,1,1,0,9,0,1,0,0,0,0,1,1,4,1,10,2,-1,-1,-1,-1,1,-1
2015471502364,2,9,0,15,0,1,0,0,0,0,4,1,6,1,18,4,1364,1,11,-1,1,-1
2015471502365,1,9,0,18,0,0,0,0,0,0,1,1,6,1,64,9,2400,2,5,-1,3,-1
2015471502365,2,9,0,18,0,0,0,0,0,0,2,1,6,2,51,8,1390,1,10,-1,1,-1
2015471502368,1,19,0,18,0,2,0,0,0,0,1,1,2,1,36,7,2402,2,12,-1,1,-1
2015471502368,2,9,0,4,0,2,0,0,0,0,2,1,6,1,31,6,1360,1,16,-1,1,-1
2015471502368,3,9,0,4,0,2,0,0,0,0,2,1,6,1,57,9,1461,2,-1,-1,1,-1
2015471502370,1,9,0,18,0,0,1,7,1,10,1,1,6,1,36,7,1998,1,12,-1,1,-1
2015471502371,1,3,0,7,0,8,0,11,0,0,3,1,4,1,19,4,124,1,1,-1,1,-1
2015471502374,1,19,0,9,0,0,0,0,0,0,1,1,6,1,56,9,1248,2,10,-1,1,-1
2015471502374,2,9,0,18,0,0,0,0,0,0,0,1,6,1,19,4,1995,2,1,-1,1,-1
2015471502375,1,9,0,18,0,1,0,0,0,0,1,1,6,1,31,6,1998,2,2,-1,1,-1
2015471502375,2,9,0,10,0,1,0,0,0,0,2,1,6,2,48,8,1560,2,4,-1,1,-1
2015471502380,1,9,0,18,0,0,0,0,0,0,1,1,6,2,38,7,1242,1,13,-1,1,-1
2015471502380,2,9,0,4,0,0,0,0,0,0,2,1,6,1,57,9,1596,1,1,-1,1,-1
2015471502381,1,9,0,18,0,0,0,0,0,0,1,1,6,2,40,7,1991,2,6,-1,3,-1
2015471502381,2,9,0,18,0,0,0,0,0,0,2,1,6,2,47,8,2993,2,-1,-1,3,-1
2015471502381,3,9,0,4,0,0,0,0,0,0,2,1,6,2,72,10,1598,1,20,-1,3,-1
2015471502381,4,9,0,2,0,0,0,0,0,0,0,1,6,3,-1,-1,-1,-1,-1,-1,-1,-1
2015471502382,1,5,0,18,0,1,1,0,0,0,1,1,6,1,65,9,999,1,5,-1,-1,-1
2015471502382,2,19,0,9,0,1,0,0,0,0,2,1,1,1,25,5,2461,2,5,-1,1,-1
2015471502383,1,19,0,18,0,0,0,0,4,0,1,1,1,1,30,6,1995,2,4,-1,1,-1
2015471502383,2,9,0,4,0,0,0,0,4,0,2,1,6,1,46,8,998,1,12,-1,1,-1
2015471502383,3,9,0,4,0,0,0,0,0,0,2,1,6,1,60,9,5439,1,11,-1,1,-1
2015471502384,1,9,0,18,0,0,0,0,7,4,1,1,6,1,84,11,1386,1,9,-1,2,-1
2015471502384,2,9,0,18,0,0,0,0,0,0,1,1,6,1,17,4,1149,1,13,-1,3,-1
2015471502386,1,9,0,18,0,4,0,0,3,4,4,1,2,1,53,8,1560,2,1,-1,1,-1
2015471502387,1,9,0,18,0,6,0,0,0,0,1,1,2,1,39,7,1600,2,6,-1,1,-1
2015471502387,2,3,0,18,0,8,0,0,0,0,3,1,2,1,61,9,-1,-1,-1,-1,1,-1
2015471502391,1,9,0,18,0,2,0,0,0,0,1,1,6,1,40,7,-1,-1,-1,-1,1,-1
2015471502391,2,8,0,9,0,2,0,0,0,0,2,1,6,1,37,7,1061,1,10,-1,1,-1
2015471502393,1,9,0,12,0,0,0,0,0,0,1,1,6,2,33,6,1598,1,7,-1,1,-1
2015471502393,2,9,0,4,0,0,0,0,0,0,2,1,6,1,40,7,1995,2,2,-1,1,-1
2015471502394,1,9,0,18,0,1,0,0,0,0,1,1,6,1,17,4,1242,1,10,-1,3,-1
2015471502394,2,9,0,18,0,1,0,0,0,0,4,1,6,1,43,7,1399,1,10,-1,1,-1
2015471502395,1,9,0,9,0,8,0,0,0,0,4,1,6,2,17,4,1199,1,11,-1,1,-1