Accident_Index,Vehicle_Reference,Vehicle_Type,Towing_and_Articulation,Vehicle_Manoeuvre,Vehicle_Location-Restricted_Lane,Junction_Location,Skidding_and_Overturning,Hit_Object_in_Carriageway,Vehicle_Leaving_Carriageway,Hit_Object_off_Carriageway,1st_Point_of_Impact,Was_Vehicle_Left_Hand_Drive?,Journey_Purpose_of_Driver,Sex_of_Driver,Age_of_Driver,Age_Band_of_Driver,Engine_Capacity_(CC),Propulsion_Code,Age_of_Vehicle,Driver_IMD_Decile,Driver_Home_Area_Type,Vehicle_IMD_Decile
2015471506174,1,1,0,18,0,0,0,0,0,0,3,1,6,2,71,10,-1,-1,-1,-1,1,-1
2015471506175,1,9,0,1,0,2,0,0,0,0,2,2,6,1,50,8,-1,-1,-1,-1,-1,-1
2015471506178,1,11,0,9,0,1,0,0,0,0,1,1,1,1,24,5,9000,2,11,-1,1,-1
2015471506179,1,19,0,18,0,0,0,0,0,0,1,1,1,1,41,7,2198,2,3,-1,3,-1
2015471506179,2,9,0,3,0,0,0,0,0,0,2,1,2,2,22,5,1275,1,15,-1,3,-1
2015471506180,1,11,0,18,0,4,0,0,0,0,0,1,6,1,40,7,11967,2,1,-1,-1,-1
2015471506180,2,9,0,18,0,4,0,0,0,0,0,1,6,1,17,4,1124,1,9,-1,1,-1
2015471506182,1,9,0,18,0,8,0,0,0,0,1,1,6,1,23,5,1200,1,3,-1,1,-1
2015471506182,2,1,0,10,0,8,0,0,0,0,0,1,6,1,28,6,-1,-1,-1,-1,1,-1
2015471506185,1,9,0,17,0,0,0,0,0,0,1,1,6,1,41,7,1598,1,13,-1,-1,-1
2015471506185,2,9,0,16,0,0,0,0,0,0,1,1,6,1,58,9,1149,1,19,-1,1,-1
2015471506187,1,9,0,9,0,6,1,10,0,10,1,1,2,1,77,11,999,1,-1,-1,1,-1
2015471506188,1,9,0,5,0,1,0,0,0,0,1,1,6,2,35,6,1598,1,10,-1,2,-1
2015471506188,2,9,0,10,0,1,0,0,0,0,2,1,6,1,67,10,1360,1,12,-1,3,-1
2015471506190,1,9,0,18,0,4,0,0,0,0,1,1,2,2,19,4,1397,1,8,-1,3,-1
2015471506190,2,2,0,18,0,4,0,0,0,0,2,1,2,1,56,9,49,1,1,-1,1,-1
2015471506191,1,9,0,18,0,0,0,4,0,0,4,1,6,1,26,6,1796,1,15,-1,1,-1
2015471506191,2,9,0,2,0,0,0,10,0,0,3,1,6,3,-1,-1,1968,2,4,-1,-1,-1
2015471506193,1,9,0,18,0,8,0,0,0,0,1,1,6,2,76,11,998,1,6,-1,1,-1
2015471506194,1,9,0,9,0,5,0,0,0,0,4,1,6,1,31,6,1598,1,9,-1,1,-1
2015471506194,2,2,0,5,0,1,0,0,0,0,1,1,2,1,54,8,-1,-1,-1,-1,1,-1
2015471506196,1,9,0,17,0,8,1,0,0,0,1,1,6,1,25,5,-1,-1,-1,-1,3,-1
2015471506196,2,9,0,16,0,8,0,0,1,0,1,1,6,2,64,9,1399,2,11,-1,1,-1
2015471506197,1,90,0,18,0,6,0,0,7,4,3,1,1,2,38,7,2143,2,-1,-1,2,-1
2015471506197,2,9,0,18,0,8,0,0,7,4,4,1,6,1,48,8,2995,1,-1,-1,1,-1
2015471506198,1,19,0,18,0,0,0,0,0,0,1,2,6,1,28,6,1896,2,15,-1,1,-1
2015471506198,2,19,0,18,0,0,0,0,0,0,1,1,6,1,43,7,1997,2,13,-1,-1,-1
2015471506199,1,9,0,16,0,0,2,0,8,10,2,1,2,2,28,6,875,1,-1,-1,1,-1
2015471506200,1,9,0,11,0,1,1,10,2,4,1,1,6,2,34,6,2993,2,8,-1,1,-1
2015471506202,1,11,0,10,0,1,0,0,0,0,0,1,1,1,57,9,5132,2,-1,-1,1,-1
2015471506204,1,9,0,12,0,3,0,0,0,0,0,1,1,3,30,6,1388,1,12,-1,1,-1
2015471506204,2,1,0,18,0,8,0,0,0,0,0,1,2,1,28,6,-1,-1,-1,-1,1,-1
2015471506207,1,9,0,18,0,0,1,0,0,0,1,1,6,1,57,9,999,1,16,-1,3,-1
2015471506207,2,9,0,3,0,0,0,0,0,0,2,1,6,1,22,5,1840,1,15,-1,1,-1
2015471506209,1,9,0,9,0,6,0,0,0,0,1,1,6,1,53,8,2688,2,13,-1,1,-1
2015471506209,2,4,0,14,0,8,0,0,0,0,4,1,6,1,25,5,500,1,19,-1,1,-1
2015471506210,1,9,0,9,0,8,0,10,0,0,4,1,6,2,19,4,1299,1,11,-1,1,-1
2015471506213,1,9,0,5,0,0,0,0,0,0,1,1,6,2,26,6,1968,2,9,-1,1,-1
2015471506213,2,5,0,18,0,0,0,0,0,5,1,1,2,1,54,8,865,1,1,-1,3,-1
2015471506214,1,9,0,18,0,0,0,0,0,0,1,1,6,1,44,7,1560,2,2,-1,1,-1
2015471506214,2,9,0,4,0,0,0,0,0,0,2,1,6,1,38,7,1149,1,14,-1,1,-1
2015471506214,3,9,0,4,0,0,0,0,0,0,2,1,6,1,67,10,1797,8,5,-1,1,-1
2015471506214,4,9,0,4,0,0,0,0,0,0,2,1,6,2,31,6,698,1,9,-1,1,-1
2015471506215,1,9,0,9,0,5,0,0,0,0,1,1,6,2,24,5,1200,1,1,-1,1,-1
2015471506215,2,9,0,18,0,8,0,0,0,0,1,1,6,1,42,7,1560,2,3,-1,1,-1
2015471506219,1,9,0,18,0,0,5,7,7,2,4,1,6,1,30,6,2979,1,11,-1,1,-1
2015471506219,2,9,0,18,0,0,0,0,0,0,0,1,2,1,17,4,998,1,-1,-1,1,-1
2015471506220,1,9,0,18,0,1,0,0,0,0,4,1,6,1,40,7,-1,-1,-1,-1,-1,-1
2015471506221,1,9,0,9,0,5,0,0,0,0,4,1,6,1,55,8,1598,1,1,-1,3,-1
2015471506221,2,9,0,18,0,1,0,0,0,0,1,1,6,1,84,11,2198,1,13,-1,3,-1
2015471506226,1,9,0,5,0,4,0,0,0,0,4,1,6,1,21,5,1910,2,8,-1,1,-1
2015471506226,2,5,0,5,0,4,0,0,0,0,3,1,6,1,51,8,800,1,-1,-1,-1,-1
2015471506227,1,9,0,5,0,8,0,0,0,0,1,1,6,1,73,10,2996,1,9,-1,1,-1
2015471506227,2,5,0,18,0,8,1,0,0,0,2,1,1,1,40,7,900,1,-1,-1,1,-1
2015471506228,1,9,0,3,0,1,0,0,0,0,1,1,6,3,-1,-1,-1,-1,-1,-1,-1,-1
2015471506230,1,9,0,17,0,2,2,0,1,11,1,1,6,2,29,6,1398,1,11,-1,1,-1
2015471506231,1,9,0,17,0,0,5,0,7,11,1,1,6,1,47,8,1588,1,11,-1,3,-1
2015471506234,1,9,0,9,0,1,0,0,1,0,3,1,6,1,87,11,1497,8,7,-1,1,-1
2015471506234,2,9,0,18,0,1,0,0,0,0,3,1,6,1,66,10,1910,2,6,-1,1,-1
2015471506235,1,9,0,18,0,8,0,0,0,0,1,1,6,1,18,4,1587,1,9,-1,1,-1
2015471506235,2,5,0,18,0,8,0,0,0,0,2,1,6,1,31,6,600,1,3,-1,1,-1
2015471506236,1,19,0,9,0,8,0,0,0,0,1,1,6,1,50,8,2461,2,14,-1,1,-1
2015471506236,2,9,0,9,0,8,0,0,0,0,2,1,6,2,48,8,1390,1,15,-1,1,-1
2015471506238,1,1,0,18,0,8,0,0,0,0,1,1,6,1,45,7,-1,-1,-1,-1,1,-1
2015471506238,2,9,0,4,0,8,0,0,0,0,2,1,6,1,58,9,1461,2,9,-1,1,-1
2015471506240,1,9,0,18,0,0,0,0,0,0,1,1,1,1,52,8,1997,2,4,-1,3,-1
2015471506241,1,9,0,18,0,0,0,0,0,0,4,1,6,3,-1,-1,-1,-1,-1,-1,-1,-1
2015471506242,1,9,0,17,0,0,1,0,1,0,3,1,6,1,24,5,1242,1,14,-1,1,-1
2015471506243,1,3,0,18,0,0,0,0,0,0,3,1,2,1,21,5,124,1,3,-1,1,-1
2015471506245,1,9,0,18,0,0,5,0,2,2,1,1,6,1,44,7,1997,1,14,-1,3,-1
2015471506246,1,8,0,7,0,7,0,11,7,1,1,1,6,1,26,6,1968,2,5,-1,1,-1
2015471506250,1,9,0,16,0,0,0,0,7,11,1,1,2,1,36,7,2560,1,16,-1,1,-1
2015471506250,2,9,0,17,0,0,0,0,7,4,1,1,6,1,64,9,1242,1,6,-1,2,-1
2015471506252,1,9,0,18,0,8,0,0,0,0,4,1,6,1,30,6,2179,2,1,-1,1,-1
2015471506252,2,9,0,5,0,8,0,0,0,0,4,1,6,1,68,10,-1,-1,-1,-1,1,-1
2015471506254,1,9,0,7,0,1,0,0,0,0,4,1,6,1,41,7,2495,1,12,-1,1,-1
2015471506254,2,1,0,17,0,1,0,0,0,0,1,1,1,2,57,9,-1,-1,-1,-1,1,-1
2015471506255,1,9,0,9,0,1,0,0,0,0,1,1,6,1,40,7,-1,-1,-1,-1,-1,-1
2015471506255,2,9,0,18,0,1,0,0,0,0,3,1,6,2,56,9,1896,2,18,-1,1,-1
2015471506257,1,9,0,9,0,1,0,0,0,0,0,1,6,3,-1,-1,-1,-1,-1,-1,-1,-1
2015471506257,2,11,0,18,2,1,0,0,0,0,0,1,1,1,24,5,9360,2,2,-1,1,-1
2015471506261,1,9,0,9,0,6,5,0,0,0,3,1,6,2,73,10,1395,1,-1,-1,2,-1
2015471506261,2,9,0,18,0,8,1,0,0,0,1,1,6,1,69,10,1489,1,18,-1,-1,-1
2015471506265,1,9,0,7,0,8,0,0,0,0,3,1,6,2,49,8,1968,2,6,-1,1,-1
2015471506265,2,3,0,18,0,8,0,0,0,0,4,1,6,1,23,5,124,1,1,-1,1,-1
2015471506266,1,9,0,9,0,8,0,0,0,0,4,1,6,2,63,9,1360,1,14,-1,1,-1
2015471506266,2,1,0,18,4,8,0,0,0,0,3,1,6,1,46,8,-1,-1,-1,-1,1,-1
2015471506266,3,19,0,3,0,1,0,0,0,0,0,1,6,1,40,7,-1,-1,-1,-1,1,-1
2015471506268,1,22,0,18,9,5,0,0,0,0,1,1,6,1,68,10,-1,-1,-1,-1,1,-1
2015471506269,1,9,0,18,0,8,0,0,0,0,3,1,2,1,49,8,1392,1,20,-1,1,-1
2015471506269,2,1,0,18,0,8,0,0,0,0,2,1,2,1,32,6,-1,-1,-1,-1,3,-1
2015471506270,1,3,0,18,0,0,0,11,1,10,4,1,6,1,17,4,125,1,-1,-1,1,-1
2015471506271,1,9,0,9,0,8,0,0,0,0,4,1,1,2,28,6,1388,1,9,-1,1,-1
2015471506271,2,1,0,18,0,8,0,0,0,0,1,1,6,1,44,7,-1,-1,-1,-1,1,-1
2015471506274,1,9,0,16,0,8,0,0,7,11,1,1,6,1,23,5,1560,2,4,-1,3,-1
2015471506275,1,9,0,18,0,1,0,0,0,0,1,1,6,1,83,11,1598,1,2,-1,-1,-1
2015471506275,2,9,0,18,0,1,0,0,0,0,2,1,6,2,42,7,1560,2,3,-1,3,-1
2015471506277,1,9,0,11,0,0,0,0,0,0,1,1,6,2,27,6,1124,1,12,-1,1,-1
2015471506277,2,9,0,18,0,0,0,0,0,0,3,1,6,2,25,5,2231,2,5,-1,1,-1
2015471506277,3,9,0,18,0,0,0,0,4,6,2,1,6,1,57,9,1686,2,10,-1,1,-1
2015471506279,1,9,0,9,0,6,0,0,1,11,1,1,6,2,90,11,1390,1,6,-1,1,-1
2015471506279,2,8,0,18,0,1,0,0,0,0,0,1,1,1,40,7,-1,-1,-1,-1,-1,-1
2015471506281,1,9,0,18,0,8,0,0,7,9,1,1,6,2,83,11,1399,1,8,-1,1,-1
2015471506281,2,9,0,10,0,8,0,0,0,0,2,1,6,1,64,9,1590,1,15,-1,3,-1
2015471506282,1,9,0,9,0,8,0,0,0,0,1,1,6,2,88,11,1199,1,10,-1,1,-1
2015471506282,2,9,0,18,0,1,0,0,0,0,1,1,2,2,31,6,1332,1,15,-1,2,-1
2015471506284,1,9,0,9,0,5,0,0,0,0,4,1,6,1,74,10,1598,1,3,-1,1,-1
2015471506284,2,9,0,18,0,1,0,0,0,0,1,1,2,1,42,7,1332,1,17,-1,1,-1
2015471506284,3,9,0,18,0,1,0,0,0,0,1,1,1,1,59,9,2967,2,5,-1,1,-1
2015471506288,1,9,0,18,0,8,0,0,0,0,1,1,1,2,35,6,1560,2,4,-1,1,-1
2015471506288,2,9,0,18,0,8,0,0,0,0,1,1,6,1,67,10,2199,2,5,-1,1,-1
2015471506293,1,9,0,18,0,4,0,0,0,0,1,1,6,1,30,6,1798,1,10,-1,1,-1
2015471506293,2,9,0,3,0,4,0,0,0,0,2,1,2,1,32,6,2972,1,15,-1,1,-1
2015471506295,1,9,0,18,0,0,0,0,0,0,1,1,6,2,17,4,1149,1,4,-1,1,-1
2015471506295,2,9,0,3,0,0,0,0,0,0,2,1,6,2,29,6,1586,1,-1,-1,1,-1
2015471506302,1,19,0,18,0,4,0,0,3,4,1,1,1,1,57,9,2143,2,2,-1,-1,-1
2015471506303,1,9,0,9,0,6,0,0,0,0,4,1,6,-1,-1,-1,-1,-1,-1,-1,-1,-1
2015471506303,2,9,0,18,0,8,0,0,1,11,1,1,2,2,22,5,-1,-1,-1,-1,1,-1
2015471506304,1,9,0,9,0,5,0,0,0,0,1,1,6,2,72,10,3222,2,12,-1,-1,-1
2015471506304,2,1,0,18,0,8,0,0,0,0,3,1,6,1,63,9,-1,-1,-1,-1,1,-1
2015471506306,1,9,0,18,0,0,0,0,0,0,1,1,6,3,40,7,1995,2,9,-1,-1,-1
2015471506306,2,1,0,18,0,0,0,0,0,0,2,1,1,1,19,4,-1,-1,-1,-1,3,-1
2015471506307,1,9,0,16,0,1,5,10,1,11,3,1,1,2,29,6,1386,1,5,-1,1,-1
2015471506307,2,9,0,18,0,1,0,0,0,0,0,1,6,3,-1,-1,-1,-1,-1,-1,-1,-1
2015471506314,1,9,0,8,0,6,0,0,0,0,1,1,6,1,37,7,1587,1,13,-1,1,-1
2015471506314,2,1,0,18,0,8,0,0,0,0,4,1,6,2,21,5,-1,-1,-1,-1,1,-1
2015471506319,1,9,0,5,0,6,0,0,0,0,1,1,6,2,41,7,1781,1,11,-1,1,-1
2015471506319,2,9,0,18,0,8,0,0,0,0,1,1,6,2,71,10,1598,1,10,-1,1,-1
2015471506319,3,9,0,10,0,8,0,0,0,0,1,1,6,2,47,8,1997,2,7,-1,2,-1
2015471506320,1,9,0,5,0,1,0,0,0,0,3,1,6,1,81,11,1299,1,13,-1,1,-1
2015471506320,2,1,0,18,0,1,0,0,0,0,1,1,6,1,40,7,-1,-1,-1,-1,1,-1
2015471506322,1,9,0,12,0,8,0,0,0,0,0,1,6,3,-1,-1,-1,-1,-1,-1,-1,-1
2015471506322,2,9,0,18,0,8,0,0,0,0,2,1,6,1,47,8,1086,1,12,-1,1,-1
2015471506322,3,9,0,18,0,8,0,0,0,0,1,1,6,2,51,8,1595,1,13,-1,1,-1
2015471506324,1,9,0,18,0,5,1,7,2,7,1,1,6,2,23,5,998,1,6,-1,-1,-1
2015471506324,2,9,0,18,0,5,0,0,7,0,4,1,6,1,46,8,1896,2,13,-1,1,-1
2015471506326,1,9,0,16,0,0,0,0,0,0,1,1,6,1,18,4,-1,-1,-1,-1,1,-1
2015471506326,2,9,0,16,0,0,0,0,0,0,2,1,6,1,28,6,2000,2,9,-1,1,-1
2015471506327,1,9,0,6,0,8,0,0,0,0,4,1,6,2,36,7,1390,1,11,-1,1,-1
2015471506327,2,4,0,18,0,8,0,10,1,0,3,1,6,1,68,10,500,1,43,-1,1,-1
2015471506330,1,9,0,17,0,0,5,0,7,4,3,1,3,1,21,5,998,1,12,-1,1,-1
2015471506334,1,9,0,17,0,0,5,0,0,0,1,1,2,2,26,6,1461,2,10,-1,3,-1
2015471506335,1,9,0,18,0,0,1,0,0,0,1,1,6,1,17,4,1360,1,10,-1,1,-1
2015471506335,2,9,0,4,0,0,0,0,0,0,2,1,6,2,19,4,998,1,15,-1,1,-1
2015471506336,1,19,0,5,0,0,0,0,0,0,1,1,6,3,-1,-1,-1,-1,-1,-1,-1,-1
2015471506336,2,1,0,18,0,0,0,0,0,0,1,1,2,2,67,10,-1,-1,-1,-1,1,-1
2015471506342,1,9,0,2,0,0,0,0,0,0,3,1,6,1,39,7,1995,2,10,-1,1,-1
2015471506342,2,1,0,18,0,0,0,0,0,0,1,1,6,2,34,6,-1,-1,-1,-1,2,-1
2015471506345,1,9,0,9,0,6,0,0,0,0,3,1,6,2,72,10,1796,1,12,-1,1,-1
2015471506348,1,1,0,18,0,6,0,0,0,0,1,1,6,1,30,6,-1,-1,-1,-1,-1,-1
2015471506348,2,9,0,4,0,1,0,0,0,0,3,1,6,2,37,7,1248,2,7,-1,1,-1
2015471506349,1,9,0,5,0,8,0,0,0,0,3,1,6,1,86,11,1388,1,5,-1,1,-1
2015471506349,2,1,0,18,0,8,0,0,0,0,1,1,6,1,52,8,-1,-1,-1,-1,3,-1
2015471506350,1,9,0,1,0,1,0,0,0,0,2,1,6,1,67,10,998,1,5,-1,1,-1
2015471506351,1,9,0,10,0,6,0,0,0,0,3,1,6,1,21,5,998,1,1,-1,1,-1
2015471506351,2,3,0,18,0,1,0,0,0,0,1,1,2,2,20,4,124,1,14,-1,1,-1
2015471506352,1,9,0,18,0,0,1,0,0,0,1,1,6,2,83,11,1396,1,5,-1,1,-1
2015471506352,2,9,0,18,0,0,0,0,0,0,2,1,6,1,48,8,1389,1,14,-1,1,-1
2015471506353,1,9,0,18,0,0,0,0,1,0,3,1,2,1,32,6,-1,-1,-1,-1,1,-1
2015471506358,1,9,0,18,0,0,0,0,8,4,1,1,6,1,55,8,2184,2,1,-1,2,-1
2015471506362,1,9,0,17,0,0,1,0,7,4,1,1,2,1,25,5,1686,2,10,-1,3,-1
2015471506363,1,9,0,17,0,0,5,0,7,9,1,1,6,2,21,5,1242,1,3,-1,3,-1
2015471506364,1,9,0,7,0,6,0,0,0,0,3,1,6,2,81,11,1388,1,13,-1,3,-1
2015471506364,2,9,0,18,0,8,0,0,0,0,1,1,2,1,29,6,1598,2,-1,-1,1,-1
2015471506365,1,9,0,18,0,0,0,0,0,0,1,1,6,1,30,6,1596,1,12,-1,1,-1
2015471506365,2,9,0,5,0,0,0,0,0,0,2,1,6,2,54,8,1598,1,8,-1,1,-1
2015471506368,1,9,0,12,0,0,0,0,4,0,2,1,6,1,33,6,2494,1,12,-1,1,-1
2015471506368,2,9,0,18,0,0,0,0,0,0,4,1,6,2,49,8,1997,2,5,-1,1,-1
2015471506369,1,9,0,9,0,6,0,0,0,0,1,1,6,1,71,10,2319,1,12,-1,1,-1
2015471506369,2,5,0,18,0,1,0,0,0,0,4,1,6,1,38,7,865,1,-1,-1,1,-1
2015471506370,1,9,0,6,0,1,0,0,0,0,1,1,6,3,-1,-1,998,1,9,-1,-1,-1
2015471506370,2,9,0,9,0,1,0,0,0,0,2,1,6,2,22,5,1588,1,11,-1,1,-1
2015471506374,1,9,0,18,0,2,1,0,0,0,1,1,6,1,72,10,1998,1,11,-1,1,-1
2015471506374,2,9,0,18,0,1,0,0,0,0,0,1,6,1,46,8,2498,1,17,-1,-1,-1
2015471506375,1,9,0,17,0,8,1,4,0,0,1,1,6,2,27,6,1124,1,11,-1,1,-1
2015471506375,2,9,0,2,0,8,0,0,0,0,2,1,6,2,55,8,-1,-1,-1,-1,1,-1
2015471506375,3,9,0,2,0,8,0,0,0,0,2,1,6,3,-1,-1,1870,2,12,-1,-1,-1
2015471506378,1,9,0,14,0,1,0,0,0,0,4,1,6,2,21,5,796,1,14,-1,1,-1
2015471506378,2,1,0,18,9,8,0,0,0,0,1,1,6,1,14,3,-1,-1,-1,-1,1,-1
2015471506379,1,3,0,18,0,0,0,10,0,0,1,1,6,1,22,5,125,1,2,-1,1,-1
2015471506380,1,9,0,18,0,0,0,0,0,0,1,1,6,1,28,6,1119,1,20,-1,1,-1
2015471506380,2,9,0,18,0,0,0,0,0,0,1,1,6,1,52,8,1968,2,3,-1,1,-1
2015471506383,1,9,0,2,0,0,0,0,0,0,3,1,6,1,36,7,1799,1,7,-1,1,-1
2015471506383,2,1,0,14,0,0,0,8,0,0,1,1,6,1,53,8,-1,-1,-1,-1,1,-1
2015471506385,1,9,0,5,0,1,0,0,0,0,4,1,1,2,50,8,1997,2,1,-1,1,-1
2015471506385,2,8,0,5,0,8,0,0,0,0,1,1,1,1,40,7,1910,2,7,-1,1,-1
2015471506386,1,9,0,18,0,0,1,0,7,0,1,1,6,2,46,8,2597,1,11,-1,1,-1
2015471506386,2,9,0,18,0,0,0,0,0,0,1,1,6,1,25,5,1997,1,15,-1,3,-1
2015471506386,3,9,0,2,0,0,0,0,0,0,2,1,6,3,-1,-1,1598,1,8,-1,-1,-1
2015471506388,1,9,0,18,0,1,0,0,0,0,1,1,6,1,42,7,2143,2,-1,-1,3,-1
2015471506389,1,2,0,18,0,0,0,0,0,0,1,1,6,2,17,4,49,1,-1,-1,1,-1
2015471506389,2,9,0,4,0,0,0,0,0,0,2,1,6,2,42,7,1598,1,8,-1,1,-1
2015471506390,1,19,0,18,0,0,0,0,0,0,1,1,1,1,28,6,2143,2,1,-1,1,-1
2015471506390,2,9,0,16,0,0,0,0,0,0,1,1,6,2,72,10,1997,1,17,-1,2,-1
2015471506392,1,9,0,18,0,2,0,0,0,0,1,1,2,1,25,5,1388,1,9,-1,1,-1
2015471506392,2,9,0,3,0,2,0,0,0,0,2,1,6,2,74,10,1199,2,4,-1,1,-1
2015471506392,3,9,0,3,0,2,0,0,0,0,2,1,6,1,24,5,1390,1,5,-1,1,-1
2015471506393,1,1,0,18,0,0,0,11,0,0,1,1,6,1,66,10,-1,-1,-1,-1,3,-1
2015471506394,1,9,0,13,0,0,0,0,7,4,1,1,6,1,49,8,1397,1,13,-1,1,-1
2015471506394,2,9,0,18,0,0,0,0,0,0,3,1,6,1,27,6,2495,2,22,-1,3,-1
2015471506395,1,9,0,16,0,0,1,0,0,0,1,1,6,2,39,7,1896,2,14,-1,1,-1
2015471506395,2,9,0,17,0,0,1,0,1,0,3,1,6,1,21,5,2494,2,9,-1,3,-1
2015471506397,1,9,0,18,0,1,0,4,0,0,1,1,6,2,21,5,1598,1,3,-1,1,-1
2015471506397,2,9,0,2,0,1,0,0,1,0,2,1,6,3,-1,-1,1198,1,2,-1,-1,-1
2015471506403,1,5,0,4,0,0,0,0,0,0,2,1,6,1,62,9,955,1,14,-1,2,-1
2015471506403,2,9,0,18,0,0,1,0,0,0,1,1,2,1,39,7,1596,1,12,-1,-1,-1
2015471506405,1,9,0,9,0,5,0,0,0,0,1,1,6,2,49,8,998,1,11,-1,2,-1
2015471506405,2,3,0,18,0,1,0,0,0,0,1,1,6,1,23,5,124,1,3,-1,1,-1
2015471506407,1,9,0,9,0,1,0,0,0,0,4,1,6,1,20,4,1149,1,13,-1,1,-1
2015471506407,2,9,0,18,0,1,0,0,0,0,1,1,6,2,68,10,1586,1,-1,-1,1,-1
2015471506409,1,9,0,15,0,1,0,0,0,0,1,1,1,1,66,10,1968,2,8,-1,1,-1
2015471506409,2,11,0,2,0,1,0,0,0,0,0,1,1,3,-1,-1,-1,-1,-1,-1,-1,-1
2015471506411,1,9,0,5,0,4,0,0,0,0,1,1,6,1,25,5,1595,1,16,-1,1,-1
2015471506411,2,3,0,9,0,8,0,0,0,0,1,1,6,1,17,4,125,1,2,-1,1,-1
2015471506414,1,9,0,18,0,1,0,0,0,0,1,1,6,2,37,7,1991,1,2,-1,3,-1
2015471506414,2,9,4,2,0,1,0,0,0,0,2,1,6,3,-1,-1,2495,2,11,-1,-1,-1
2015471506415,1,9,0,16,0,1,0,0,0,0,1,2,6,1,34,6,-1,-1,-1,-1,1,-1
2015471506415,2,9,0,17,0,1,0,0,0,0,1,1,6,1,54,8,-1,-1,-1,-1,1,-1
2015471506419,1,9,0,4,0,0,0,0,0,0,4,1,6,2,55,8,1560,2,4,-1,1,-1
2015471506420,1,9,0,5,0,4,0,0,0,0,1,1,6,1,69,10,1560,2,10,-1,1,-1
2015471506420,2,3,0,5,0,4,0,0,0,0,4,1,6,2,21,5,125,1,-1,-1,1,-1
2015471506428,1,9,0,18,0,0,0,0,0,0,1,1,6,2,21,5,1400,1,10,-1,1,-1
2015471506428,2,9,0,18,0,0,0,0,0,0,2,1,2,1,51,8,1991,1,1,-1,1,-1
2015471506429,1,9,0,1,9,0,0,0,0,0,4,1,6,2,46,8,4367,2,3,-1,3,-1
2015471506429,2,1,0,18,0,0,0,0,0,0,1,1,1,1,61,9,-1,-1,-1,-1,3,-1
2015471506432,1,9,0,15,0,1,0,0,0,0,3,2,6,1,50,8,1896,2,10,-1,3,-1
2015471506432,2,9,0,18,0,6,0,0,0,0,4,1,6,1,63,9,1995,2,4,-1,3,-1
2015471506434,1,9,0,18,0,8,0,0,0,0,1,1,6,1,89,11,1240,1,12,-1,3,-1
2015471506434,2,9,0,18,0,8,0,0,0,0,3,1,6,1,44,7,1995,2,10,-1,3,-1
2015471506435,1,19,0,5,0,8,0,0,0,0,3,1,2,1,62,9,2143,2,3,-1,3,-1
2015471506435,2,1,0,18,0,8,0,0,0,0,1,1,6,1,48,8,-1,-1,-1,-1,1,-1
2015471506436,1,5,0,18,0,1,1,0,0,0,1,1,6,1,70,10,1050,1,-1,-1,1,-1
2015471506436,2,9,0,10,0,5,0,0,0,0,2,1,6,1,69,10,1968,2,1,-1,2,-1
2015471506437,1,9,0,18,0,4,0,0,0,0,1,1,6,2,45,7,1686,2,2,-1,1,-1
2015471506437,2,1,0,9,0,8,0,0,0,0,4,1,6,1,38,7,-1,-1,-1,-1,1,-1
2015471506440,1,9,0,18,0,1,0,0,0,0,3,1,6,2,44,7,2401,2,7,-1,1,-1
2015471506440,2,16,0,18,0,1,0,0,0,0,4,1,6,2,54,8,-1,-1,-1,-1,1,-1
2015471506441,1,1,0,18,4,1,0,0,2,0,1,1,2,1,28,6,-1,-1,-1,-1,1,-1
2015471506441,2,9,0,2,0,1,0,0,0,0,4,1,6,3,-1,-1,1896,2,13,-1,-1,-1
2015471506443,1,3,0,18,0,0,0,0,0,0,1,1,2,1,40,7,124,1,3,-1,1,-1
2015471506444,1,9,0,18,0,1,0,0,0,0,1,1,2,1,28,6,2184,2,9,-1,1,-1
2015471506444,2,11,0,2,2,8,0,0,0,0,0,1,1,1,37,7,9000,2,9,-1,1,-1
2015471506448,1,9,0,9,0,8,0,0,0,0,3,1,6,2,58,9,1388,1,3,-1,1,-1
2015471506449,1,9,0,9,0,8,0,0,0,0,1,1,6,3,-1,-1,1242,1,14,-1,-1,-1
2015471506449,2,9,0,18,0,8,0,0,0,0,1,1,6,2,47,8,999,1,15,-1,1,-1
2015471506450,1,9,0,4,0,1,0,0,0,0,0,1,6,3,40,7,-1,-1,-1,-1,-1,-1
2015471506450,2,11,0,4,0,1,0,0,0,0,0,1,1,1,43,7,9360,2,2,-1,1,-1
2015471506451,1,19,0,13,0,1,0,0,0,0,1,1,6,3,-1,-1,1998,2,10,-1,-1,-1
2015471506451,2,1,0,18,0,1,0,0,0,0,3,1,6,1,48,8,-1,-1,-1,-1,1,-1
2015471506452,1,9,0,18,0,0,0,0,0,0,4,1,6,2,76,11,999,1,2,-1,1,-1
2015471506454,1,9,0,7,9,5,0,0,0,0,4,1,6,2,57,9,1995,2,10,-1,1,-1
2015471506460,1,9,0,9,0,2,0,0,0,0,1,1,6,1,84,11,1999,1,12,-1,-1,-1