Accident_Index,Vehicle_Reference,Vehicle_Type,Towing_and_Articulation,Vehicle_Manoeuvre,Vehicle_Location-Restricted_Lane,Junction_Location,Skidding_and_Overturning,Hit_Object_in_Carriageway,Vehicle_Leaving_Carriageway,Hit_Object_off_Carriageway,1st_Point_of_Impact,Was_Vehicle_Left_Hand_Drive?,Journey_Purpose_of_Driver,Sex_of_Driver,Age_of_Driver,Age_Band_of_Driver,Engine_Capacity_(CC),Propulsion_Code,Age_of_Vehicle,Driver_IMD_Decile,Driver_Home_Area_Type,Vehicle_IMD_Decile
2015471506460,2,9,0,18,0,1,0,0,0,0,1,1,6,1,81,11,1799,1,6,-1,-1,-1
2015471506460,3,9,0,18,0,1,0,0,0,0,1,1,6,2,28,6,1461,2,2,-1,1,-1
2015471506462,1,9,0,18,0,1,0,0,0,0,4,1,1,1,27,6,1870,2,10,-1,1,-1
2015471506464,1,1,0,18,0,8,0,0,0,0,1,1,4,1,11,3,-1,-1,-1,-1,1,-1
2015471506464,2,9,0,18,0,8,0,0,0,0,1,1,6,2,49,8,1598,1,2,-1,1,-1
2015471506466,1,9,0,4,0,0,0,0,0,0,1,2,6,1,39,7,-1,-1,-1,-1,-1,-1
2015471506466,2,19,0,4,0,0,0,0,0,0,2,1,2,1,50,8,2287,2,3,-1,3,-1
2015471506466,3,9,0,4,0,0,0,0,0,0,1,1,6,1,34,6,1753,2,13,-1,-1,-1
2015471506466,4,9,0,9,0,0,0,0,0,0,0,1,6,1,-1,-1,-1,-1,-1,-1,-1,-1
2015471506467,1,9,0,16,0,0,0,0,7,0,1,1,6,2,70,10,1398,2,2,-1,-1,-1
2015471506474,1,9,0,17,0,0,0,0,0,0,1,1,6,1,17,4,1149,1,15,-1,3,-1
2015471506474,2,19,0,17,0,0,0,0,0,0,1,1,1,1,51,8,2148,2,9,-1,1,-1
2015471506476,1,9,0,18,0,8,0,0,1,11,4,1,6,2,54,8,1386,1,4,-1,1,-1
2015471506476,2,19,0,18,0,8,0,0,0,0,1,1,1,1,49,8,2998,2,9,-1,1,-1
2015471506476,3,9,0,2,0,2,0,0,0,0,2,1,6,3,-1,-1,1498,1,-1,-1,-1,-1
2015471506476,4,19,0,2,0,1,0,0,0,0,2,1,6,3,-1,-1,1298,1,11,-1,-1,-1
2015471506477,1,9,0,18,0,1,0,0,0,0,1,1,6,3,30,6,1995,2,11,-1,-1,-1
2015471506477,2,9,0,3,0,1,0,0,0,0,2,1,6,1,25,5,1560,2,1,-1,1,-1
2015471506477,3,9,0,10,0,1,0,0,0,0,2,1,6,2,42,7,1968,2,-1,-1,2,-1
2015471506480,1,11,0,18,0,0,0,0,0,0,1,1,6,1,67,10,8300,2,17,-1,1,-1
2015471506480,2,19,0,18,0,0,0,0,1,0,1,1,2,1,31,6,2198,2,7,-1,1,-1
2015471506480,3,9,0,18,0,0,0,0,0,0,1,1,1,1,36,7,2987,2,-1,-1,1,-1
2015471506482,1,9,0,18,0,1,0,0,0,0,1,1,6,2,46,8,1364,1,6,-1,1,-1
2015471506482,2,9,0,3,0,4,0,0,0,0,2,1,2,2,28,6,1999,1,9,-1,1,-1
2015471506483,1,9,0,4,0,1,0,0,0,0,1,2,6,1,70,10,2316,1,18,-1,1,-1
2015471506483,2,9,0,9,0,5,0,0,0,0,1,2,6,1,21,5,1753,2,7,-1,1,-1
2015471506484,1,3,0,18,0,4,0,0,0,0,1,1,6,1,19,4,124,1,22,-1,1,-1
2015471506484,2,9,0,18,0,4,0,0,0,0,4,1,6,2,44,7,1968,2,1,-1,1,-1
2015471506485,1,9,0,9,0,8,0,0,0,0,1,1,6,3,25,5,1783,1,14,-1,1,-1
2015471506485,2,1,0,18,0,8,0,0,0,0,1,1,6,1,33,6,-1,-1,-1,-1,1,-1
2015471506486,1,19,0,18,0,8,0,0,0,0,3,1,6,1,-1,-1,-1,-1,-1,-1,3,-1
2015471506486,2,9,0,18,0,8,0,0,0,0,3,1,6,2,17,4,1560,2,8,-1,1,-1
2015471506487,1,9,0,18,0,2,0,0,0,0,1,1,3,2,38,7,1596,1,15,-1,1,-1
2015471506488,1,1,0,18,0,0,0,0,0,0,1,1,6,1,61,9,-1,-1,-1,-1,1,-1
2015471506493,1,9,0,18,0,0,0,0,0,0,1,1,6,2,73,10,1360,1,6,-1,1,-1
2015471506493,2,9,0,2,0,0,0,0,0,0,3,1,6,3,-1,-1,1248,2,5,-1,-1,-1
2015471506494,1,9,0,18,0,8,0,0,0,0,1,1,2,1,43,7,2997,1,13,-1,1,-1
2015471506494,2,9,0,9,0,8,0,0,0,0,3,1,6,2,45,7,1599,1,11,-1,1,-1
2015471506495,1,19,0,14,0,8,0,0,0,0,1,1,1,1,45,7,1560,2,1,-1,1,-1
2015471506495,2,11,0,3,0,8,0,0,0,0,0,1,1,3,-1,-1,-1,-1,-1,-1,-1,-1
2015471506496,1,9,0,18,0,0,1,0,8,11,1,1,6,1,19,4,1560,2,8,-1,3,-1
2015471506497,1,9,0,18,0,1,0,0,0,0,1,1,6,2,18,4,1360,1,12,-1,1,-1
2015471506501,1,9,0,18,0,8,0,0,0,0,2,1,6,2,45,7,1368,1,7,-1,-1,-1
2015471506501,2,3,0,9,0,8,0,0,0,0,1,1,6,1,31,6,124,1,9,-1,1,-1
2015471506503,1,9,0,18,0,4,0,0,0,0,3,1,6,2,71,10,1499,1,1,-1,1,-1
2015471506503,2,1,0,18,0,8,0,0,0,0,1,1,6,1,36,7,-1,-1,-1,-1,1,-1
2015471506509,1,20,0,1,0,1,0,0,0,0,2,1,1,1,35,6,2148,2,6,-1,1,-1
2015471506509,2,9,0,3,0,1,0,0,0,0,1,1,6,1,41,7,1198,1,1,-1,1,-1
2015471506509,3,9,0,1,0,1,0,0,0,0,0,1,6,2,32,6,1984,1,3,-1,1,-1
2015471506510,1,9,0,3,0,0,0,0,0,0,1,1,1,2,20,4,1199,1,13,-1,1,-1
2015471506510,2,9,0,3,0,0,0,0,0,0,2,1,1,1,32,6,1364,1,8,-1,1,-1
2015471506510,3,9,0,3,0,0,0,0,0,0,2,1,1,1,35,6,-1,-1,-1,-1,-1,-1
2015471506511,1,9,0,7,0,6,0,0,0,0,1,1,6,2,65,9,1329,1,-1,-1,1,-1
2015471506513,1,9,0,18,0,1,0,0,0,0,0,1,6,1,30,6,-1,-1,-1,-1,-1,-1
2015471506513,2,4,0,18,0,2,1,0,0,0,0,1,6,1,18,4,125,1,2,-1,1,-1
2015471506515,1,9,0,18,0,4,0,0,0,0,1,1,6,1,40,7,-1,-1,-1,-1,1,-1
2015471506515,2,2,0,9,0,8,0,0,0,0,1,1,6,1,16,4,50,1,2,-1,1,-1
2015471506517,1,9,0,18,0,4,0,0,0,0,1,1,6,2,64,9,1422,2,11,-1,3,-1
2015471506517,2,5,0,11,0,3,0,0,0,0,4,1,1,1,33,6,1170,1,1,-1,1,-1
2015471506518,1,9,0,18,0,5,0,0,0,0,1,1,6,1,45,7,1598,1,9,-1,1,-1
2015471506519,1,9,0,18,0,0,0,4,0,0,1,1,6,2,89,11,998,1,4,-1,3,-1
2015471506519,2,21,0,2,0,0,0,0,0,0,2,1,6,3,-1,-1,4116,2,11,-1,-1,-1
2015471506520,1,9,0,18,0,8,0,0,1,1,3,1,6,1,22,5,1991,2,5,-1,1,-1
2015471506520,2,8,0,18,0,1,0,0,0,0,1,1,6,1,28,6,1560,2,3,-1,1,-1
2015471506521,1,9,0,6,0,8,0,0,0,0,1,1,6,1,40,7,1796,1,16,-1,-1,-1
2015471506522,1,9,0,18,0,0,0,0,0,0,1,1,6,1,71,10,2495,2,13,-1,3,-1
2015471506522,2,21,1,18,0,0,0,0,0,0,3,1,1,1,43,7,12809,2,1,-1,1,-1
2015471506522,3,21,0,18,0,0,0,0,0,0,3,1,1,1,43,7,6692,2,3,-1,1,-1
2015471506522,4,9,0,18,0,0,0,0,0,0,1,1,6,1,80,11,2184,2,9,-1,3,-1
2015471506525,1,9,0,18,0,8,1,9,1,2,1,1,6,1,24,5,1461,2,-1,-1,1,-1
2015471506527,1,9,0,17,0,0,2,0,1,9,1,1,2,2,17,4,1596,1,13,-1,1,-1
2015471506527,2,19,0,16,0,0,0,0,0,0,2,1,1,1,70,10,1753,2,5,-1,1,-1
2015471506527,3,9,0,16,0,0,0,0,1,0,3,1,3,2,54,8,1968,2,4,-1,3,-1
2015471506533,1,19,0,18,0,0,1,0,1,7,4,1,6,1,26,6,-1,-1,-1,-1,1,-1
2015471506533,2,19,0,18,0,0,1,0,1,0,0,1,1,1,22,5,2198,2,-1,-1,1,-1
2015471506533,3,19,0,18,0,0,1,0,1,0,1,1,1,1,26,6,-1,-1,-1,-1,1,-1
2015471506536,1,5,0,18,0,1,0,0,0,0,1,1,1,1,36,7,598,1,15,-1,1,-1
2015471506536,2,9,0,9,0,1,0,0,0,0,1,1,1,1,40,7,2993,2,11,-1,1,-1
2015471506537,1,9,0,5,0,4,1,0,0,0,1,1,2,1,32,6,1598,1,7,-1,1,-1
2015471506537,2,9,0,4,0,4,0,0,0,0,2,1,6,2,64,9,1198,1,3,-1,1,-1
2015471506538,1,9,0,11,0,0,5,0,1,2,2,1,6,1,25,5,1149,1,15,-1,1,-1
2015471506539,1,9,0,7,0,8,0,0,0,0,4,1,6,2,48,8,1591,1,3,-1,1,-1
2015471506541,1,9,0,1,0,8,0,0,0,0,2,1,6,1,55,8,1560,2,4,-1,1,-1
2015471506541,2,3,0,18,0,8,0,0,0,0,1,1,2,1,21,5,125,1,3,-1,1,-1
2015471506542,1,9,0,17,0,8,0,0,0,0,1,1,6,1,17,4,1598,2,-1,-1,1,-1
2015471506542,2,9,0,18,0,1,0,0,0,0,1,1,6,1,29,6,1686,2,3,-1,1,-1
2015471506544,1,9,0,4,0,0,1,0,2,7,1,1,2,1,21,5,1364,1,9,-1,1,-1
2015471506544,2,20,0,4,0,0,0,0,0,0,2,1,1,1,28,6,2287,2,-1,-1,1,-1
2015471506545,1,5,0,4,0,1,1,0,0,0,0,1,6,2,32,6,805,1,11,-1,1,-1
2015471506545,2,9,0,10,0,1,0,0,0,0,0,1,2,1,29,6,-1,-1,-1,-1,1,-1
2015471506546,1,9,0,18,0,2,0,0,0,0,2,1,6,2,21,5,1299,1,13,-1,1,-1
2015471506546,2,9,0,18,0,2,1,0,0,0,1,1,6,2,50,8,998,1,11,-1,1,-1
2015471506547,1,9,0,18,0,0,0,0,0,0,1,1,6,1,36,7,2720,2,7,-1,1,-1
2015471506547,2,8,0,3,0,0,0,0,0,0,3,1,1,1,43,7,1968,2,5,-1,1,-1
2015471506550,1,9,0,9,0,8,0,0,0,0,1,1,6,1,76,11,1598,1,17,-1,1,-1
2015471506555,1,9,0,17,0,8,1,0,0,0,1,1,6,2,35,6,1910,2,7,-1,1,-1
2015471506555,2,9,0,16,0,8,0,0,0,0,0,1,6,3,-1,-1,-1,-1,-1,-1,-1,-1
2015471506556,1,9,0,13,0,1,0,0,0,0,0,1,6,3,-1,-1,-1,-1,-1,-1,-1,-1
2015471506556,2,11,0,18,2,1,0,0,0,0,0,1,1,1,64,9,9000,2,9,-1,1,-1
2015471506557,1,9,0,17,0,0,0,0,1,4,1,1,6,2,24,5,1299,1,13,-1,1,-1
2015471506562,1,9,0,18,0,0,0,0,0,0,4,1,6,1,19,4,1390,1,12,-1,1,-1
2015471506562,2,9,0,2,0,0,0,0,0,0,3,1,6,3,-1,-1,1896,2,12,-1,-1,-1
2015471506562,3,9,0,2,0,0,0,0,0,0,3,1,6,3,-1,-1,1679,1,17,-1,-1,-1
2015471506562,4,9,0,2,0,0,0,0,1,0,2,1,6,3,-1,-1,2198,1,9,-1,-1,-1
2015471506562,5,8,0,18,0,0,0,0,0,0,1,1,1,1,39,7,1997,2,7,-1,1,-1
2015471506566,1,9,0,18,0,2,1,0,6,6,1,1,6,2,53,8,998,1,9,-1,1,-1
2015471506566,2,9,0,18,0,2,0,0,0,0,3,1,6,2,51,8,1796,1,1,-1,1,-1
2015471506567,1,19,0,9,0,6,0,0,0,0,1,1,6,1,29,6,1868,2,10,-1,2,-1
2015471506568,1,9,4,7,0,2,0,0,0,0,1,1,6,1,86,11,2685,2,10,-1,1,-1
2015471506568,2,1,0,17,0,1,0,0,0,0,4,1,6,1,63,9,-1,-1,-1,-1,1,-1
2015471506569,1,9,0,7,0,6,0,0,0,0,1,1,6,2,53,8,1390,1,14,-1,1,-1
2015471506569,2,9,0,18,0,1,0,0,0,0,1,1,6,1,72,10,1997,2,12,-1,3,-1
2015471506571,1,9,0,5,0,8,0,0,2,3,1,1,2,2,40,7,1598,1,13,-1,1,-1
2015471506571,2,21,1,18,0,1,0,0,7,4,1,1,1,1,25,5,6374,2,2,-1,2,-1
2015471506572,1,19,0,18,0,1,1,0,0,0,1,1,6,1,30,6,-1,-1,-1,-1,1,-1
2015471506572,2,9,0,18,0,1,0,0,0,0,2,1,6,2,32,6,1968,2,9,-1,1,-1
2015471506572,3,9,0,18,0,1,0,0,0,0,1,1,6,1,21,5,1242,1,4,-1,1,-1
2015471506572,4,9,0,9,0,5,0,0,0,0,0,1,6,1,-1,-1,-1,-1,-1,-1,-1,-1
2015471506574,1,20,0,18,0,0,0,0,0,0,1,1,1,1,46,8,2143,2,-1,-1,1,-1
2015471506574,2,9,0,18,0,0,0,0,0,0,2,1,6,2,39,7,1461,2,5,-1,1,-1
2015471506576,1,9,0,9,0,1,0,0,0,0,4,1,6,1,30,6,1598,1,8,-1,1,-1
2015471506577,1,19,0,16,0,0,0,0,0,0,1,1,2,1,25,5,1968,2,4,-1,2,-1
2015471506577,2,9,0,16,0,0,0,0,0,0,2,1,6,1,25,5,1108,1,13,-1,2,-1
2015471506579,1,9,0,17,0,0,1,0,0,0,1,1,6,1,52,8,1596,1,16,-1,3,-1
2015471506579,2,9,0,17,0,0,0,0,0,0,2,1,6,1,39,7,1461,2,1,-1,3,-1
2015471506583,1,3,0,18,0,1,1,0,0,0,1,1,1,1,40,7,125,1,3,-1,1,-1
2015471506583,2,9,0,10,0,1,0,0,0,0,1,1,6,1,35,6,1560,2,10,-1,1,-1
2015471506586,1,9,0,9,0,8,0,0,0,0,3,1,6,1,32,6,1995,1,9,-1,1,-1
2015471506586,2,3,0,18,0,8,0,0,0,0,1,1,6,1,34,6,124,1,6,-1,3,-1
2015471506587,1,9,0,18,0,8,0,0,0,0,1,1,6,2,52,8,1388,1,14,-1,1,-1
2015471506587,2,9,0,18,0,8,0,0,0,0,2,1,6,1,58,9,1998,1,10,-1,2,-1
2015471506588,1,9,0,18,0,8,0,0,0,0,1,1,6,3,-1,-1,-1,-1,-1,-1,-1,-1
2015471506588,2,9,0,18,0,8,0,0,0,0,3,1,6,1,43,7,1796,1,16,-1,-1,-1
2015471506589,1,9,0,4,0,1,1,0,0,0,2,1,6,1,18,4,1124,1,16,-1,1,-1
2015471506589,2,9,0,4,0,1,0,0,0,0,2,1,6,2,30,6,1198,1,3,-1,1,-1
2015471506589,3,9,0,3,0,1,0,0,0,0,0,1,6,2,34,6,1996,1,19,-1,-1,-1
2015471506592,1,9,0,18,0,8,0,0,0,0,1,1,6,2,57,9,2495,2,8,-1,1,-1
2015471506592,2,9,0,18,0,8,0,0,0,0,3,1,6,2,83,11,1199,1,16,-1,1,-1
2015471506594,1,9,0,18,0,0,0,0,0,0,3,1,6,1,25,5,1753,2,7,-1,2,-1
2015471506597,1,9,0,18,0,0,0,0,7,0,1,1,6,1,27,6,1968,2,1,-1,2,-1
2015471506597,2,9,0,18,0,0,0,0,0,0,3,1,6,1,70,10,1753,2,7,-1,1,-1
2015471506597,3,9,0,18,0,0,0,0,1,0,1,1,6,2,56,9,998,1,10,-1,1,-1
2015471506597,4,9,0,18,0,0,0,0,0,0,3,1,6,1,57,9,1896,2,7,-1,1,-1
2015471506597,5,9,0,16,0,0,0,0,0,0,1,1,6,1,52,8,2199,2,-1,-1,3,-1
2015471506598,1,9,0,16,0,0,0,0,8,4,1,1,6,2,23,5,999,1,15,-1,3,-1
2015471506601,1,9,0,17,0,0,5,0,7,10,3,1,6,1,26,6,1587,1,14,-1,1,-1
2015471506603,1,9,0,2,0,0,0,0,0,0,3,1,2,2,20,4,1124,1,13,-1,3,-1
2015471506603,2,9,0,18,0,0,0,0,0,0,1,1,2,2,28,6,998,1,14,-1,1,-1
2015471506604,1,3,0,18,0,0,0,0,0,0,1,1,2,1,18,4,124,1,-1,-1,1,-1
2015471506604,2,21,0,1,0,0,0,0,0,0,2,1,1,1,39,7,-1,-1,-1,-1,1,-1
2015471506605,1,9,0,18,0,1,0,0,0,0,1,1,1,2,30,6,-1,-1,-1,-1,1,-1
2015471506605,2,19,0,3,0,1,0,0,0,0,2,1,1,1,29,6,1598,2,-1,-1,1,-1
2015471506606,1,9,0,18,0,1,0,0,0,0,4,1,6,2,40,7,-1,-1,-1,-1,-1,-1
2015471506609,1,9,0,18,0,1,0,0,0,0,1,1,6,2,47,8,1124,1,12,-1,1,-1
2015471506609,2,9,0,6,0,1,0,0,0,0,3,1,6,2,32,6,3059,2,21,-1,1,-1
2015471506612,1,9,0,18,0,4,0,0,0,0,1,1,6,1,25,5,1598,1,3,-1,-1,-1
2015471506612,2,4,0,3,0,3,0,0,0,0,1,1,6,1,20,4,125,1,6,-1,1,-1
2015471506614,1,9,0,9,0,8,0,0,0,0,4,1,2,1,63,9,1598,1,15,-1,1,-1
2015471506614,2,2,0,14,0,8,1,0,0,0,1,1,6,1,16,4,-1,-1,-1,-1,1,-1
2015471506616,1,9,0,18,0,3,0,0,0,0,1,1,6,1,77,11,1246,1,10,-1,1,-1
2015471506616,2,9,0,3,0,3,0,0,0,0,2,1,6,2,22,5,875,1,3,-1,1,-1
2015471506617,1,9,0,18,0,0,0,0,0,0,1,1,6,1,22,5,2967,1,13,-1,1,-1
2015471506617,2,9,0,18,0,0,0,0,0,0,2,1,6,1,22,5,1896,2,12,-1,1,-1
2015471506619,1,8,0,17,0,0,1,0,1,11,1,1,6,1,44,7,1198,1,4,-1,3,-1
2015471506621,1,9,0,18,0,0,0,0,0,0,1,1,6,1,36,7,1360,1,13,-1,-1,-1
2015471506621,2,10,0,3,0,0,0,0,0,0,2,1,3,1,41,7,2198,2,2,-1,1,-1
2015471506621,3,9,0,3,0,0,0,0,0,0,2,1,6,1,30,6,1398,1,-1,-1,1,-1
2015471506622,1,9,0,18,0,0,0,0,0,0,1,1,6,1,22,5,1299,1,14,-1,1,-1
2015471506623,1,9,0,18,0,1,0,0,0,0,1,1,2,1,24,5,1229,1,6,-1,1,-1
2015471506625,1,9,0,18,0,2,0,0,7,10,1,1,1,1,63,9,1397,1,5,-1,1,-1
2015471506626,1,9,0,18,0,4,0,0,0,0,1,1,6,1,67,10,1984,1,13,-1,1,-1
2015471506626,2,1,0,18,0,8,0,0,0,0,4,1,2,1,48,8,-1,-1,-1,-1,3,-1
2015471506627,1,9,0,18,0,8,0,0,0,0,4,1,2,1,41,7,1968,2,1,-1,1,-1
2015471506627,2,11,0,2,0,8,0,0,0,0,0,1,1,1,32,6,5900,2,12,-1,1,-1
2015471506628,1,9,0,18,0,0,1,0,1,0,1,1,6,1,22,5,1995,1,13,-1,3,-1
2015471506628,2,21,0,3,0,0,0,0,0,0,2,1,2,1,49,8,4500,2,8,-1,1,-1
2015471506630,1,19,0,4,0,1,0,0,0,0,1,1,1,1,41,7,1560,2,3,-1,1,-1
2015471506630,2,9,0,3,0,1,0,0,0,0,2,1,1,1,34,6,1999,1,1,-1,1,-1
2015471506631,1,9,0,13,0,8,0,0,0,0,1,1,6,1,23,5,1360,1,16,-1,1,-1
2015471506631,2,9,0,18,0,8,0,0,0,0,1,1,6,2,32,6,1799,1,7,-1,2,-1
2015471506632,1,9,0,1,0,1,0,0,0,0,2,1,6,3,40,7,1781,1,17,-1,-1,-1
2015471506633,1,19,0,18,0,0,1,0,0,0,3,1,1,1,23,5,2446,2,19,-1,1,-1
2015471506633,2,21,0,18,0,0,0,0,0,0,1,1,1,1,69,10,7146,2,6,-1,3,-1
2015471506634,1,9,0,9,0,8,0,0,0,0,1,1,6,1,55,8,1598,1,14,-1,1,-1
2015471506634,2,9,0,9,0,8,0,0,0,0,4,1,6,2,19,4,1197,1,-1,-1,2,-1
2015471506639,1,9,0,1,0,0,0,0,0,0,2,1,6,1,40,7,-1,-1,-1,-1,-1,-1
2015471506640,1,9,0,18,0,4,0,0,0,0,1,1,6,2,58,9,1299,1,16,-1,1,-1
2015471506640,2,1,0,9,0,3,0,0,0,0,2,1,6,2,57,9,-1,-1,-1,-1,1,-1
2015471506641,1,9,0,18,0,6,0,0,0,0,1,1,6,3,50,8,1390,1,13,-1,-1,-1
2015471506641,2,9,0,18,0,8,0,0,0,0,4,1,6,1,27,6,1588,1,14,-1,1,-1
2015471506643,1,9,0,17,0,0,0,0,0,0,3,1,1,1,42,7,1108,1,15,-1,3,-1
2015471506647,1,9,0,13,0,0,0,0,0,0,1,1,6,3,39,7,5439,1,10,-1,2,-1
2015471506647,2,9,0,13,0,0,0,0,0,0,2,1,6,2,54,8,2720,2,7,-1,3,-1
2015471506648,1,9,0,18,0,1,0,0,0,0,1,1,6,1,20,4,1360,1,8,-1,1,-1
2015471506648,2,19,0,7,0,1,0,0,0,0,2,1,6,2,43,7,2459,2,17,-1,1,-1
2015471506649,1,9,0,9,0,1,0,0,0,0,1,1,6,1,29,6,1796,1,11,-1,1,-1
2015471506649,2,2,0,18,0,1,0,0,0,0,1,1,6,1,17,4,50,1,1,-1,3,-1
2015471506653,1,9,0,18,0,8,0,0,0,0,1,1,2,2,66,10,1396,1,15,-1,1,-1
2015471506653,2,20,0,4,0,8,0,0,0,0,2,1,1,1,48,8,6692,2,7,-1,1,-1
2015471506653,3,19,0,18,0,1,0,0,0,0,1,1,1,2,43,7,-1,-1,-1,-1,1,-1
2015471506654,1,1,0,18,0,0,0,0,0,0,1,1,4,1,20,4,-1,-1,-1,-1,1,-1
2015471506654,2,9,0,2,0,0,0,0,0,0,2,1,6,3,-1,-1,2967,2,9,-1,-1,-1
2015471506655,1,10,0,18,0,0,0,0,0,0,1,1,1,1,62,9,-1,-1,-1,-1,1,-1
2015471506655,2,8,0,3,0,0,0,0,0,0,2,1,6,1,63,9,1997,2,10,-1,1,-1
2015471506655,3,9,0,3,0,0,0,0,0,0,2,1,6,1,48,8,1596,1,8,-1,1,-1
2015471506656,1,9,0,1,0,0,0,0,0,0,2,1,3,2,40,7,1149,1,11,-1,1,-1
2015471506657,1,9,0,9,0,6,0,0,0,0,1,1,6,1,60,9,1124,1,14,-1,-1,-1
2015471506657,2,1,0,18,0,1,0,0,0,0,1,1,2,1,30,6,-1,-1,-1,-1,1,-1
2015471506659,1,9,0,18,2,1,0,0,0,0,0,1,6,1,40,7,2496,1,9,-1,3,-1
2015471506659,2,11,0,18,2,1,0,0,0,0,0,1,1,1,27,6,9360,2,2,-1,1,-1
2015471506660,1,9,0,18,0,8,0,0,0,0,1,1,6,1,18,4,998,1,3,-1,3,-1
2015471506660,2,9,0,18,0,8,0,0,2,0,0,1,4,1,18,4,998,1,7,-1,1,-1
2015471506663,1,19,0,1,0,1,0,0,0,0,2,1,6,3,-1,-1,2198,2,5,-1,-1,-1
2015471506663,2,9,0,2,0,1,0,0,0,0,1,1,6,2,19,4,1229,1,1,-1,1,-1
2015471506664,1,9,0,7,0,1,0,0,0,0,2,1,6,1,51,8,2993,2,1,-1,1,-1
2015471506664,2,9,0,8,0,1,0,0,0,0,2,1,6,1,80,11,1086,1,4,-1,1,-1
2015471506666,1,11,0,9,0,8,0,0,0,0,0,1,1,2,24,5,9000,2,11,-1,1,-1
2015471506667,1,1,0,18,0,0,0,0,0,0,1,1,4,2,15,3,-1,-1,-1,-1,1,-1
2015471506667,2,9,0,16,0,0,0,0,0,0,1,1,6,2,21,5,1198,1,7,-1,3,-1
2015471506668,1,19,0,7,0,4,0,0,0,0,1,1,6,2,39,7,1968,2,-1,-1,1,-1
2015471506668,2,1,0,18,0,4,0,0,0,0,2,1,6,2,48,8,-1,-1,-1,-1,1,-1
2015471506669,1,19,0,9,0,8,0,0,0,0,3,1,1,1,23,5,1896,2,7,-1,1,-1
2015471506669,2,21,0,18,0,1,0,0,0,0,1,1,1,1,58,9,11705,2,19,-1,3,-1
2015471506670,1,9,0,4,0,1,0,0,0,0,1,1,6,2,61,9,1991,2,5,-1,1,-1
2015471506670,2,9,0,8,0,4,0,0,0,0,2,1,6,2,38,7,1248,1,1,-1,1,-1
2015471506670,3,9,0,18,0,1,0,0,0,0,3,1,6,1,63,9,-1,-1,-1,-1,3,-1
2015471506671,1,9,0,5,0,4,0,0,0,0,1,1,6,3,-1,-1,-1,-1,-1,-1,-1,-1
2015471506671,2,19,0,18,0,8,0,0,0,0,4,1,1,1,60,9,1868,2,9,-1,2,-1
2015471506673,1,9,0,18,0,1,0,0,0,0,1,1,6,1,30,6,1229,1,10,-1,1,-1
2015471506673,2,9,0,18,0,1,0,0,0,0,1,1,6,1,25,5,1796,1,9,-1,1,-1
2015471506674,1,9,0,18,0,4,0,0,0,0,3,1,6,2,93,11,1896,2,12,-1,3,-1
2015471506674,2,9,0,9,0,8,0,0,0,0,1,1,6,2,33,6,1896,2,14,-1,2,-1
2015471506676,1,9,0,4,0,0,0,0,1,0,1,1,2,1,32,6,1896,2,15,-1,1,-1
2015471506676,2,9,0,4,0,0,0,0,1,0,2,1,6,1,30,6,1896,2,10,-1,1,-1
2015471506676,3,9,0,4,0,0,0,0,0,0,2,1,1,1,53,8,2493,8,2,-1,1,-1
2015471506677,1,9,0,18,0,0,0,0,0,0,1,1,2,2,17,4,1149,1,13,-1,1,-1
2015471506678,1,9,0,18,0,1,0,0,0,0,1,1,6,1,32,6,1598,1,12,-1,1,-1
2015471506678,2,9,0,4,0,1,0,0,0,0,2,1,6,1,33,6,-1,-1,-1,-1,1,-1
2015471506682,1,9,0,17,0,0,1,0,1,4,3,1,6,1,20,4,2494,1,16,-1,3,-1
2015471506683,1,9,0,18,0,0,0,0,0,0,0,1,6,3,-1,-1,-1,-1,-1,-1,-1,-1
2015471506684,1,9,0,18,0,3,0,9,3,2,1,1,6,2,34,6,1329,1,-1,-1,1,-1
2015471506685,1,9,0,18,0,0,0,0,0,0,1,1,6,3,-1,-1,-1,-1,-1,-1,-1,-1
2015471506686,1,9,0,18,0,0,0,0,1,11,1,1,6,1,47,8,1796,1,11,-1,1,-1
2015471506687,1,8,0,3,0,8,0,0,0,0,1,1,1,1,45,7,1797,8,6,-1,1,-1
2015471506688,1,9,0,1,0,2,0,0,0,0,2,1,6,1,37,7,-1,-1,-1,-1,1,-1
2015471506688,2,3,0,3,0,1,0,0,0,0,1,1,6,1,23,5,125,1,4,-1,1,-1
2015471506689,1,9,0,16,0,3,2,0,7,0,1,1,2,1,31,6,2494,8,-1,-1,1,-1
2015471506689,2,9,0,12,0,3,0,0,7,0,2,1,6,1,35,6,1956,2,4,-1,1,-1
2015471506690,1,9,0,18,0,1,0,0,0,0,1,1,6,2,46,8,1197,1,4,-1,1,-1
2015471506690,2,19,0,18,0,1,0,0,0,0,1,1,6,1,48,8,2402,2,10,-1,1,-1
2015471506692,1,9,0,11,0,0,0,0,0,0,1,1,6,1,47,8,1997,2,6,-1,1,-1
2015471506692,2,9,0,18,0,0,0,0,0,0,2,1,1,2,47,8,1598,1,13,-1,2,-1