Accident_Index,Vehicle_Reference,Vehicle_Type,Towing_and_Articulation,Vehicle_Manoeuvre,Vehicle_Location-Restricted_Lane,Junction_Location,Skidding_and_Overturning,Hit_Object_in_Carriageway,Vehicle_Leaving_Carriageway,Hit_Object_off_Carriageway,1st_Point_of_Impact,Was_Vehicle_Left_Hand_Drive?,Journey_Purpose_of_Driver,Sex_of_Driver,Age_of_Driver,Age_Band_of_Driver,Engine_Capacity_(CC),Propulsion_Code,Age_of_Vehicle,Driver_IMD_Decile,Driver_Home_Area_Type,Vehicle_IMD_Decile
2015471506695,1,9,0,18,0,1,0,0,0,0,1,1,6,3,-1,-1,1149,1,8,-1,-1,-1
2015471506695,2,1,0,3,0,1,0,0,0,0,2,1,6,1,40,7,-1,-1,-1,-1,1,-1
2015471506696,1,11,0,9,0,5,0,0,0,0,3,1,1,1,64,9,9000,2,10,-1,1,-1
2015471506699,1,9,0,18,0,0,0,0,0,0,3,1,6,1,53,8,2435,1,14,-1,1,-1
2015471506699,2,11,0,2,0,0,0,0,0,0,0,1,4,1,40,7,-1,-1,-1,-1,-1,-1
2015471506701,1,9,0,18,2,1,0,0,0,0,3,2,6,1,30,6,-1,-1,-1,-1,-1,-1
2015471506701,2,1,0,18,2,1,0,0,0,0,1,1,6,1,39,7,-1,-1,-1,-1,1,-1
2015471506702,1,1,0,18,0,0,0,0,0,0,4,1,6,3,-1,-1,-1,-1,-1,-1,-1,-1
2015471506702,2,9,0,2,0,0,0,0,0,0,4,1,6,3,-1,-1,2993,2,10,-1,-1,-1
2015471506703,1,9,0,4,0,1,0,0,0,0,1,1,2,1,51,8,1587,1,16,-1,1,-1
2015471506703,2,9,0,4,0,1,0,0,0,0,2,1,2,1,39,7,1299,1,13,-1,1,-1
2015471506704,1,9,0,18,0,8,0,0,7,0,1,1,2,2,61,9,1995,2,5,-1,1,-1
2015471506704,2,9,0,18,0,1,0,0,0,0,4,1,2,1,36,7,1598,1,1,-1,1,-1
2015471506705,1,9,0,9,0,2,0,0,0,0,1,1,6,1,24,5,1686,2,5,-1,1,-1
2015471506706,1,9,0,18,0,0,0,0,0,0,4,1,6,3,-1,-1,-1,-1,-1,-1,-1,-1
2015471506707,1,9,0,18,0,1,1,0,0,0,1,1,6,2,21,5,1124,1,11,-1,2,-1
2015471506707,2,9,0,4,0,1,0,0,0,0,2,1,6,1,70,10,1299,1,13,-1,1,-1
2015471506707,3,9,0,10,0,5,0,0,0,0,2,1,1,2,44,7,2967,2,9,-1,2,-1
2015471506708,1,9,0,7,0,4,0,0,0,0,1,1,2,2,41,7,1398,2,12,-1,1,-1
2015471506708,2,1,0,18,0,4,0,0,0,0,3,1,2,1,41,7,-1,-1,-1,-1,1,-1
2015471506712,1,19,0,18,0,0,0,0,0,0,4,1,2,1,48,8,2198,2,4,-1,1,-1
2015471506712,2,21,0,3,0,0,0,0,0,0,0,1,1,1,60,9,12902,2,-1,-1,1,-1
2015471506714,1,9,0,9,0,1,0,0,0,0,1,1,6,1,25,5,-1,-1,-1,-1,-1,-1
2015471506714,2,9,0,18,0,8,0,0,0,0,4,1,1,1,26,6,1388,1,11,-1,1,-1
2015471506715,1,1,0,18,9,1,0,0,0,0,1,1,4,1,13,3,-1,-1,-1,-1,1,-1
2015471506715,2,9,0,10,0,1,0,0,0,0,4,1,6,1,52,8,1598,1,13,-1,1,-1
2015471506716,1,9,0,5,0,1,0,0,0,0,1,1,6,2,41,7,1596,1,2,-1,1,-1
2015471506716,2,1,0,5,0,1,0,0,0,0,0,1,6,1,20,4,-1,-1,-1,-1,1,-1
2015471506718,1,9,0,5,0,8,0,0,0,0,1,1,6,2,51,8,1198,1,1,-1,1,-1
2015471506718,2,9,0,18,0,1,0,0,0,0,4,1,6,2,30,6,1328,1,5,-1,1,-1
2015471506720,1,9,0,7,0,5,0,0,0,0,1,1,1,1,35,6,1598,2,2,-1,1,-1
2015471506721,1,19,0,7,0,0,0,0,0,0,3,1,2,1,35,6,1560,2,-1,-1,1,-1
2015471506721,2,3,0,18,0,0,0,0,0,0,1,1,1,2,51,8,125,1,5,-1,1,-1
2015471506722,1,1,0,18,0,0,0,0,0,0,1,1,4,1,13,3,-1,-1,-1,-1,1,-1
2015471506722,2,9,0,18,0,0,0,0,0,0,2,1,3,1,54,8,2143,2,2,-1,1,-1
2015471506723,1,9,0,5,0,6,0,0,0,0,1,1,6,1,52,8,799,2,5,-1,1,-1
2015471506723,2,3,0,7,0,2,0,0,0,0,1,1,2,2,31,6,124,1,1,-1,1,-1
2015471506724,1,11,0,4,2,0,0,0,0,0,1,1,1,1,53,8,-1,-1,-1,-1,-1,-1
2015471506724,2,9,0,18,0,0,0,0,0,0,0,1,6,3,30,6,-1,-1,-1,-1,-1,-1
2015471506727,1,9,0,3,0,1,0,0,0,0,1,1,1,1,54,8,1388,1,9,-1,1,-1
2015471506728,1,9,0,7,0,8,0,0,7,10,1,1,6,1,21,5,1999,1,1,-1,1,-1
2015471506730,1,9,0,18,0,1,0,0,0,0,1,1,6,1,28,6,1796,1,10,-1,1,-1
2015471506730,2,9,0,2,0,2,0,0,0,0,1,1,6,3,-1,-1,1910,2,9,-1,-1,-1
2015471506730,3,9,0,2,0,2,0,0,0,0,1,1,6,3,-1,-1,1596,1,9,-1,-1,-1
2015471506730,4,9,0,2,0,2,0,0,0,0,0,1,6,3,-1,-1,1769,1,13,-1,-1,-1
2015471506733,1,19,0,17,0,0,0,0,0,0,1,1,1,1,42,7,1248,2,7,-1,1,-1
2015471506733,2,21,1,16,0,0,0,0,0,0,1,1,1,1,40,7,12900,2,4,-1,2,-1
2015471506735,1,9,0,18,0,0,0,0,0,0,1,1,6,1,20,4,1560,2,10,-1,1,-1
2015471506735,2,9,0,18,0,0,0,0,0,0,1,1,6,1,65,9,1997,1,9,-1,1,-1
2015471506743,1,5,0,17,0,0,1,0,2,11,1,1,6,1,26,6,749,1,15,-1,3,-1
2015471506744,1,9,0,16,0,0,1,0,2,0,4,1,6,2,20,4,1796,1,16,-1,2,-1
2015471506744,2,9,0,18,0,0,0,0,0,0,1,1,6,2,22,5,1198,1,3,-1,1,-1
2015471506745,1,19,0,1,0,1,0,0,0,0,2,1,6,1,30,6,1248,2,5,-1,1,-1
2015471506745,2,2,0,8,0,1,0,0,0,0,1,1,6,1,28,6,125,1,-1,-1,1,-1
2015471506746,1,3,0,9,0,8,0,0,0,0,1,1,6,2,19,4,125,1,15,-1,1,-1
2015471506746,2,9,0,18,0,8,0,0,0,0,1,1,6,1,54,8,1796,1,16,-1,1,-1
2015471506747,1,2,0,4,0,1,1,0,0,0,4,1,6,1,18,4,124,1,-1,-1,1,-1
2015471506747,2,9,0,2,0,1,0,0,0,0,2,1,6,3,-1,-1,1796,1,12,-1,-1,-1
2015471506750,1,9,0,7,0,5,0,0,0,0,4,1,2,2,55,8,1997,1,12,-1,1,-1
2015471506750,2,1,0,18,0,8,0,0,0,0,3,1,2,1,45,7,-1,-1,-1,-1,1,-1
2015471506751,1,5,0,7,0,1,0,0,0,0,3,1,6,1,23,5,644,1,8,-1,1,-1
2015471506751,2,21,1,18,0,8,0,0,0,0,4,1,1,1,38,7,15607,2,7,-1,1,-1
2015471506754,1,9,0,16,0,1,0,0,0,0,1,1,1,1,25,5,1596,1,13,-1,1,-1
2015471506754,2,9,0,16,0,1,0,0,0,0,2,1,6,2,78,11,1299,1,10,-1,1,-1
2015471506754,3,9,0,16,0,1,0,0,0,0,2,1,6,1,19,4,1242,1,9,-1,1,-1
2015471506755,1,9,0,18,0,8,5,0,3,0,1,1,6,1,18,4,1242,1,13,-1,1,-1
2015471506757,1,5,0,13,0,0,1,0,1,0,1,1,6,1,53,8,599,1,20,-1,1,-1
2015471506757,2,19,0,18,0,0,0,0,0,0,0,1,6,1,28,6,2402,2,12,-1,1,-1
2015471506757,3,9,0,18,0,0,0,0,0,0,1,1,6,2,30,6,1197,1,1,-1,3,-1
2015471506758,1,8,0,18,0,1,0,0,0,0,4,1,1,1,45,7,1753,2,5,-1,1,-1
2015471506761,1,9,0,18,6,0,0,0,1,1,1,1,6,1,70,10,1248,1,1,-1,1,-1
2015471506764,1,9,0,18,0,4,0,0,0,0,1,1,6,1,22,5,1995,2,2,-1,3,-1
2015471506764,2,9,0,18,0,8,0,0,1,0,4,1,2,2,48,8,1762,1,17,-1,1,-1
2015471506766,1,9,0,18,0,2,0,0,0,0,1,1,6,1,35,6,1798,1,9,-1,1,-1
2015471506766,2,9,0,3,0,2,0,0,0,0,2,1,6,2,41,7,2035,1,9,-1,1,-1
2015471506768,1,9,0,18,0,0,0,0,0,0,1,1,6,3,-1,-1,-1,-1,-1,-1,-1,-1
2015471506768,2,9,0,18,0,0,0,0,0,0,3,1,6,1,23,5,1598,1,12,-1,1,-1
2015471506769,1,3,0,18,0,8,0,0,0,0,1,1,1,1,20,4,124,1,1,-1,1,-1
2015471506769,2,19,0,3,0,8,0,0,0,0,2,1,1,1,30,6,-1,-1,-1,-1,-1,-1
2015471506772,1,9,0,18,0,0,0,0,0,0,3,1,6,2,21,5,1198,1,7,-1,3,-1
2015471506772,2,9,0,18,0,0,0,0,0,0,3,1,6,2,32,6,1796,1,7,-1,1,-1
2015471506778,1,9,0,4,0,1,0,0,0,0,1,1,6,2,26,6,1598,1,10,-1,-1,-1
2015471506778,2,9,0,4,0,1,0,0,0,0,2,1,6,2,40,7,1248,1,1,-1,1,-1
2015471506779,1,9,0,18,0,8,0,0,0,0,1,1,6,1,83,11,1299,1,14,-1,1,-1
2015471506780,1,9,0,9,0,1,0,0,0,0,3,1,6,1,35,6,1968,2,-1,-1,1,-1
2015471506780,2,5,0,18,0,1,0,0,0,0,4,1,6,1,67,10,599,1,13,-1,1,-1
2015471506781,1,9,0,9,0,1,0,0,0,0,3,1,6,2,44,7,1598,2,-1,-1,1,-1
2015471506781,2,9,0,18,0,1,0,0,0,0,3,1,6,1,42,7,1997,2,4,-1,1,-1
2015471506783,1,9,0,6,0,1,0,0,0,0,3,1,6,1,51,8,2993,2,4,-1,1,-1
2015471506783,2,9,0,18,0,1,0,0,0,0,1,1,6,1,19,4,2143,2,1,-1,1,-1
2015471506784,1,9,0,9,0,4,0,0,1,1,3,1,6,1,22,5,1796,1,13,-1,1,-1
2015471506784,2,8,0,18,0,4,0,0,0,0,1,1,6,1,59,9,1364,2,2,-1,1,-1
2015471506786,1,9,0,9,0,4,0,0,0,0,3,1,6,2,67,10,1461,2,6,-1,1,-1
2015471506786,2,2,0,18,0,8,0,0,0,0,1,1,6,1,16,4,49,1,-1,-1,1,-1
2015471506791,1,9,0,9,0,6,0,0,0,0,1,1,6,1,30,6,1995,2,3,-1,1,-1
2015471506791,2,9,0,18,0,8,0,0,0,0,4,1,6,2,21,5,1360,1,14,-1,1,-1
2015471506792,1,9,0,13,0,1,1,0,7,9,1,1,2,1,61,9,1598,1,17,-1,1,-1
2015471506792,2,9,0,7,0,6,0,0,0,0,4,1,6,2,37,7,1998,1,13,-1,1,-1
2015471506792,3,9,0,18,0,1,0,0,0,0,0,1,6,1,43,7,-1,-1,-1,-1,-1,-1
2015471506793,1,9,0,9,0,6,0,0,0,0,1,1,6,1,40,7,998,1,-1,-1,1,-1
2015471506793,2,9,0,18,0,2,0,0,0,0,3,1,2,2,23,5,1364,1,8,-1,1,-1
2015471506794,1,9,0,9,0,8,0,0,0,0,3,1,6,1,61,9,1997,1,8,-1,1,-1
2015471506794,2,1,0,18,0,8,0,0,0,0,1,1,1,1,47,8,-1,-1,-1,-1,1,-1
2015471506796,1,9,0,1,0,0,0,0,0,0,2,1,6,1,50,8,-1,-1,-1,-1,-1,-1
2015471506796,2,9,0,5,0,0,0,0,0,0,1,1,6,2,36,7,1596,1,9,-1,1,-1
2015471506798,1,8,0,18,0,1,0,0,0,0,4,1,1,3,-1,-1,-1,-1,-1,-1,-1,-1
2015471506798,2,1,0,18,0,1,0,0,0,0,3,1,2,1,46,8,-1,-1,-1,-1,1,-1
2015471506799,1,9,0,18,0,1,0,0,0,0,1,1,6,1,60,9,1968,2,-1,-1,1,-1
2015471506799,2,9,0,9,0,2,0,0,0,0,3,1,6,1,55,8,1968,2,6,-1,1,-1
2015471506800,1,19,0,7,0,5,0,0,0,0,1,1,6,2,46,8,1686,2,8,-1,1,-1
2015471506800,2,1,0,5,0,8,0,0,0,0,1,1,6,1,48,8,-1,-1,-1,-1,1,-1
2015471506803,1,9,0,18,0,4,0,0,0,0,1,1,1,2,31,6,1242,1,6,-1,1,-1
2015471506803,2,1,0,18,0,3,0,0,0,0,4,1,3,1,17,4,-1,-1,-1,-1,1,-1
2015471506803,3,9,0,3,0,4,0,0,0,0,4,1,1,1,18,4,1796,1,10,-1,1,-1
2015471506805,1,9,0,1,0,0,0,0,0,0,0,1,6,-1,-1,-1,1461,2,2,-1,-1,-1
2015471506805,2,9,0,2,0,0,0,0,0,0,0,1,1,3,-1,-1,1796,1,4,-1,-1,-1
2015471506806,1,9,0,16,0,0,1,0,1,11,1,1,6,1,24,5,1596,1,13,-1,3,-1
2015471506807,1,9,0,9,0,6,0,0,0,0,1,1,2,1,28,6,1339,1,8,-1,1,-1
2015471506810,1,9,0,18,0,0,0,0,8,4,3,1,6,1,34,6,1990,1,21,-1,3,-1
2015471506813,1,9,0,13,0,1,0,0,0,0,4,1,6,1,41,7,2792,1,13,-1,1,-1
2015471506813,2,11,0,9,0,8,0,0,0,0,1,1,1,1,63,9,9000,2,9,-1,1,-1
2015471506814,1,19,0,18,0,8,0,0,0,0,4,1,1,1,47,8,1896,2,6,-1,1,-1
2015471506814,2,9,0,18,0,1,1,0,0,0,1,1,1,1,30,6,1124,1,13,-1,1,-1
2015471506816,1,9,0,4,0,0,0,0,0,0,4,1,3,2,33,6,1248,1,2,-1,1,-1
2015471506816,2,1,0,18,0,0,0,0,0,0,1,1,1,1,37,7,-1,-1,-1,-1,1,-1
2015471506817,1,19,0,9,0,8,0,0,0,0,1,1,2,1,52,8,2800,2,13,-1,3,-1
2015471506817,2,9,0,17,0,1,0,0,0,0,1,1,6,2,36,7,1229,1,2,-1,3,-1
2015471506820,1,9,0,18,0,8,0,0,0,0,1,1,6,2,51,8,2993,2,1,-1,1,-1
2015471506820,2,9,0,18,0,1,5,0,0,0,4,1,6,2,22,5,1242,1,14,-1,1,-1
2015471506821,1,8,0,18,0,0,0,0,0,0,3,1,6,1,40,7,1798,1,11,-1,1,-1
2015471506821,2,9,0,1,0,0,0,0,0,0,2,1,6,1,41,7,1995,2,12,-1,1,-1
2015471506822,1,5,0,13,0,1,0,0,0,0,1,1,6,1,52,8,1585,2,6,-1,1,-1
2015471506822,2,9,0,9,0,1,0,0,0,0,2,1,6,2,45,7,1390,1,15,-1,3,-1
2015471506823,1,9,0,18,0,1,0,0,0,0,3,1,2,1,52,8,1598,1,9,-1,1,-1
2015471506823,2,9,0,18,0,3,0,0,0,0,4,1,1,2,39,7,1461,2,-1,-1,2,-1
2015471506824,1,9,0,18,0,1,1,0,0,10,1,1,6,2,47,8,1951,2,11,-1,1,-1
2015471506824,2,9,0,9,0,1,1,0,0,0,2,1,6,2,60,9,998,1,-1,-1,3,-1
2015471506825,1,5,0,13,0,0,0,7,0,0,1,1,1,1,45,7,600,1,9,-1,1,-1
2015471506825,2,9,0,18,0,0,0,0,0,0,1,1,6,1,55,8,1968,2,2,-1,3,-1
2015471506825,3,9,0,18,0,0,0,0,0,0,0,1,6,3,25,5,-1,-1,-1,-1,-1,-1
2015471506827,1,9,0,10,0,6,0,0,0,0,3,1,6,1,41,7,1991,2,7,-1,1,-1
2015471506827,2,3,0,18,0,1,0,0,0,0,1,1,6,1,22,5,124,1,9,-1,1,-1
2015471506828,1,9,0,18,0,2,0,0,0,0,1,1,2,1,25,5,1896,2,14,-1,1,-1
2015471506828,2,9,0,18,0,2,0,0,1,0,2,1,2,2,63,9,1242,1,3,-1,1,-1
2015471506829,1,9,0,3,0,3,0,0,0,0,1,2,6,2,50,8,-1,-1,-1,-1,-1,-1
2015471506830,1,9,0,4,0,0,0,0,0,0,1,1,6,2,30,6,1399,2,6,-1,1,-1
2015471506830,2,9,0,4,0,0,0,0,0,0,2,1,6,1,44,7,1332,1,17,-1,1,-1
2015471506832,1,9,0,4,0,0,1,10,2,11,4,1,6,2,38,7,1296,1,7,-1,1,-1
2015471506832,2,9,0,4,0,0,0,0,0,0,1,1,6,1,24,5,1956,2,4,-1,1,-1
2015471506833,1,21,1,7,0,8,0,0,0,1,4,1,1,1,52,8,12419,2,-1,-1,2,-1
2015471506834,1,9,0,2,0,2,0,0,0,0,3,1,6,2,30,6,1998,2,8,-1,1,-1
2015471506834,2,1,0,18,0,2,0,0,0,0,4,1,2,2,25,5,-1,-1,-1,-1,1,-1
2015471506839,1,9,0,9,0,6,0,0,0,0,3,1,6,2,40,7,1896,2,8,-1,1,-1
2015471506839,2,9,0,9,0,5,0,0,0,0,3,1,6,2,55,8,1796,1,10,-1,1,-1
2015471506840,1,9,0,9,0,5,0,0,0,0,4,1,6,2,42,7,1587,1,9,-1,1,-1
2015471506840,2,1,0,18,0,1,0,0,0,0,1,1,2,1,24,5,-1,-1,-1,-1,1,-1
2015471506840,3,9,0,3,0,1,0,0,0,0,0,1,6,3,30,6,-1,-1,-1,-1,-1,-1
2015471506841,1,9,0,18,0,0,0,0,8,10,1,1,6,1,46,8,1582,2,1,-1,1,-1
2015471506841,2,9,0,4,0,0,0,0,1,11,2,1,6,1,40,7,1598,2,1,-1,1,-1
2015471506843,1,9,0,18,0,4,0,0,0,0,1,1,2,2,18,4,1229,1,8,-1,2,-1
2015471506843,2,1,0,9,0,8,0,0,0,0,4,1,2,1,34,6,-1,-1,-1,-1,1,-1
2015471506845,1,9,0,2,0,0,0,0,0,0,3,1,3,2,27,6,1598,2,-1,-1,1,-1
2015471506845,2,1,0,18,0,0,0,0,0,0,1,1,2,1,23,5,-1,-1,-1,-1,1,-1
2015471506846,1,11,0,5,0,6,0,0,0,0,0,1,1,1,48,8,9360,2,3,-1,1,-1
2015471506847,1,9,0,18,0,0,1,0,0,0,1,1,1,1,30,6,-1,-1,-1,-1,1,-1
2015471506847,2,9,0,4,0,0,0,0,0,0,2,1,6,2,50,8,1984,1,8,-1,1,-1
2015471506847,3,9,0,4,0,0,0,0,0,0,0,1,1,1,23,5,1560,2,5,-1,1,-1
2015471506850,1,11,0,5,0,4,0,0,0,0,1,1,1,1,47,8,9000,2,10,-1,1,-1
2015471506850,2,9,0,5,0,4,0,0,0,0,2,1,6,1,50,8,1248,1,3,-1,1,-1
2015471506851,1,9,0,5,0,2,0,0,0,0,1,1,2,2,28,6,1900,2,9,-1,1,-1
2015471506851,2,3,0,18,0,1,0,0,0,0,1,1,2,1,22,5,124,1,10,-1,1,-1
2015471506853,1,9,0,18,0,1,0,0,0,0,4,1,6,1,67,10,1398,2,10,-1,1,-1
2015471506853,2,9,0,2,0,1,0,0,0,0,3,1,6,1,60,9,4701,7,13,-1,1,-1
2015471506854,1,21,0,4,0,1,0,0,0,0,1,1,1,1,46,8,2977,2,8,-1,1,-1
2015471506854,2,9,0,10,0,1,0,0,0,0,2,1,6,1,34,6,1995,2,10,-1,1,-1
2015471506855,1,9,0,5,0,1,0,0,0,0,1,1,6,2,75,10,1248,1,2,-1,1,-1
2015471506855,2,3,0,17,0,8,0,0,0,0,4,1,2,1,45,7,124,1,1,-1,1,-1
2015471506856,1,8,0,5,9,6,0,0,0,0,0,1,1,1,37,7,1560,2,5,-1,1,-1
2015471506856,2,1,0,18,9,1,0,0,0,0,1,1,4,1,15,3,-1,-1,-1,-1,-1,-1
2015471506858,1,9,0,17,0,0,0,0,0,0,1,1,6,1,64,9,1998,1,11,-1,1,-1
2015471506858,2,9,0,18,0,0,0,0,0,0,1,1,6,2,24,5,1242,1,5,-1,1,-1
2015471506859,1,9,0,14,0,1,0,0,0,0,4,2,6,1,27,6,1398,1,10,-1,1,-1
2015471506859,2,9,0,9,0,6,0,0,0,0,1,2,6,2,56,9,1197,1,2,-1,1,-1
2015471506860,1,9,0,9,0,8,0,0,0,0,3,1,2,2,41,7,1497,8,8,-1,1,-1
2015471506860,2,5,0,18,0,8,0,0,0,0,4,1,2,1,31,6,1170,1,5,-1,1,-1
2015471506863,1,9,0,5,0,2,0,0,0,0,1,1,1,2,38,7,2143,2,2,-1,1,-1
2015471506864,1,9,0,11,0,1,0,0,0,0,2,1,6,2,54,8,1968,2,9,-1,3,-1
2015471506864,2,3,0,18,0,1,0,0,0,0,1,1,2,1,17,4,125,1,-1,-1,1,-1
2015471506865,1,9,0,18,0,0,0,0,0,0,1,1,6,1,24,5,1988,1,12,-1,1,-1
2015471506865,2,9,0,18,0,0,0,0,0,0,2,1,1,1,36,7,1493,1,17,-1,1,-1
2015471506866,1,9,0,18,0,1,0,0,0,0,4,1,2,2,73,10,1796,1,9,-1,3,-1
2015471506866,2,1,0,18,0,1,0,0,0,0,1,1,2,1,33,6,-1,-1,-1,-1,1,-1
2015471506868,1,9,0,18,0,1,0,0,0,0,1,1,6,3,-1,-1,-1,-1,-1,-1,-1,-1
2015471506869,1,9,0,18,0,0,0,0,0,0,4,1,6,1,19,4,1242,1,3,-1,1,-1
2015471506869,2,9,0,2,0,0,0,0,1,0,3,1,6,3,-1,-1,998,1,1,-1,-1,-1
2015471506869,3,19,0,2,0,0,0,0,0,0,3,1,6,3,-1,-1,2459,2,13,-1,-1,-1
2015471506870,1,9,0,18,0,0,0,0,0,0,1,1,2,2,19,4,998,1,9,-1,3,-1
2015471506870,2,9,0,3,0,0,0,0,0,0,2,1,2,1,38,7,-1,-1,-1,-1,2,-1
2015471506870,3,9,0,18,0,0,0,0,0,0,0,1,1,1,48,8,2967,2,-1,-1,1,-1
2015471506871,1,5,0,18,0,6,0,0,0,0,3,1,2,1,26,6,583,1,14,-1,1,-1
2015471506873,1,9,0,7,0,8,0,0,0,0,4,1,1,1,37,7,1995,2,2,-1,1,-1
2015471506873,2,19,0,18,0,8,0,0,0,0,3,1,1,1,68,10,-1,-1,-1,-1,3,-1
2015471506874,1,9,0,14,0,0,0,0,0,0,1,1,6,1,56,9,2720,2,10,-1,3,-1
2015471506874,2,11,0,3,0,0,0,0,0,0,0,1,1,3,28,6,-1,-1,-1,-1,-1,-1
2015471506875,1,9,0,18,0,0,0,0,8,10,3,1,6,2,27,6,1400,1,17,-1,2,-1
2015471506879,1,9,0,18,0,0,0,0,2,2,4,1,6,1,30,6,998,1,3,-1,1,-1
2015471506880,1,19,0,6,0,8,0,0,0,0,3,1,1,1,51,8,2400,2,11,-1,1,-1
2015471506880,2,1,0,18,0,8,0,0,0,0,1,1,2,1,30,6,-1,-1,-1,-1,1,-1
2015471506882,1,9,0,18,0,0,5,4,0,0,1,1,6,2,71,10,1973,1,17,-1,1,-1
2015471506882,2,9,0,2,0,0,0,0,0,0,3,1,6,3,-1,-1,1560,2,8,-1,-1,-1
2015471506883,1,9,0,4,0,1,0,0,3,1,1,1,2,1,46,8,1598,1,4,-1,1,-1
2015471506886,1,1,5,8,5,6,0,0,0,0,1,1,6,1,52,8,-1,-1,-1,-1,-1,-1
2015471506886,2,9,0,5,0,1,0,0,0,0,4,2,6,1,55,8,1560,2,3,-1,1,-1
2015471506888,1,9,0,18,0,0,1,0,7,0,3,1,6,1,61,9,3496,1,18,-1,1,-1
2015471506888,2,9,0,18,0,0,0,0,0,0,3,1,6,3,-1,-1,1796,1,13,-1,-1,-1
2015471506889,1,9,0,5,0,6,0,0,0,0,0,1,6,3,-1,-1,-1,-1,-1,-1,-1,-1
2015471506889,2,9,0,18,0,8,0,0,4,0,0,1,6,2,32,6,1984,1,15,-1,1,-1
2015471506890,1,9,0,18,0,0,0,0,0,0,1,1,6,1,44,7,998,1,-1,-1,1,-1
2015471506893,1,9,0,17,0,0,1,0,7,0,4,1,6,2,43,7,875,1,4,-1,1,-1
2015471506893,2,9,0,16,0,0,1,0,1,0,1,1,6,1,59,9,1986,2,6,-1,1,-1
2015471506894,1,20,0,18,0,1,0,0,0,0,1,1,1,1,31,6,4461,2,3,-1,1,-1
2015471506894,2,9,0,3,0,1,0,0,0,0,2,1,6,1,26,6,1199,1,11,-1,1,-1
2015471506895,1,5,0,17,0,0,0,12,1,1,4,1,6,1,67,10,1290,1,6,-1,-1,-1
2015471506898,1,9,0,9,0,5,0,0,0,0,1,1,6,3,-1,-1,1598,1,13,-1,-1,-1
2015471506898,2,1,0,18,0,8,0,0,0,0,1,1,6,1,55,8,-1,-1,-1,-1,1,-1
2015471506899,1,9,0,18,0,0,0,0,0,0,1,1,6,1,46,8,1910,2,11,-1,1,-1
2015471506899,2,9,0,2,0,0,0,0,0,0,2,1,6,1,64,9,1896,2,7,-1,2,-1
2015471506900,1,1,0,16,0,0,0,0,0,0,1,1,6,1,40,7,-1,-1,-1,-1,3,-1
2015471506900,2,9,0,17,0,0,0,0,0,0,1,1,6,1,62,9,1995,2,1,-1,3,-1
2015471506901,1,19,0,18,0,0,5,0,2,4,1,1,6,1,38,7,1870,2,11,-1,1,-1
2015471506903,1,19,0,9,0,8,0,0,0,0,0,1,1,1,49,8,1560,2,2,-1,1,-1
2015471506903,2,1,0,18,4,1,0,0,0,0,1,1,6,2,45,7,-1,-1,-1,-1,1,-1
2015471506903,3,21,0,3,0,8,0,0,0,0,0,2,6,1,-1,-1,-1,-1,-1,-1,-1,-1
2015471506906,1,9,0,9,0,6,0,0,0,0,0,1,6,1,68,10,1596,1,-1,-1,1,-1
2015471506906,2,1,0,18,0,1,0,0,0,0,0,1,6,1,19,4,-1,-1,-1,-1,3,-1
2015471506910,1,9,0,9,0,6,0,0,0,0,3,1,6,1,75,10,998,1,12,-1,1,-1
2015471506910,2,9,0,18,0,8,0,0,0,0,3,1,6,1,77,11,1896,2,13,-1,1,-1
2015471506911,1,9,0,18,0,0,0,0,0,0,1,1,2,1,35,6,1995,2,4,-1,1,-1
2015471506911,2,9,0,1,0,0,0,0,0,0,2,1,2,1,19,4,1587,1,15,-1,1,-1
2015471506911,3,9,0,2,0,0,0,0,0,0,3,1,6,1,60,9,2204,2,9,-1,1,-1
2015471506912,1,9,0,18,0,1,0,0,0,0,0,1,6,1,48,8,998,1,1,-1,1,-1
2015471506912,2,9,0,18,0,1,0,0,0,0,2,1,6,1,68,10,1798,1,2,-1,1,-1
2015471506912,3,19,0,18,0,1,1,0,0,0,1,1,2,1,52,8,1248,2,10,-1,1,-1
2015471506912,4,9,0,18,0,1,1,0,0,0,1,1,2,1,57,9,1995,2,3,-1,2,-1
2015471506914,1,9,0,18,0,0,0,0,0,0,1,1,3,2,38,7,1390,1,9,-1,3,-1
2015471506914,2,9,0,18,0,0,2,0,2,4,3,1,6,2,40,7,1422,2,14,-1,1,-1
2015471506916,1,19,0,18,0,0,0,0,0,0,4,2,6,3,-1,-1,-1,-1,-1,-1,-1,-1
2015471506919,1,3,0,17,0,0,0,0,1,7,1,1,6,1,21,5,124,1,4,-1,1,-1
2015471506921,1,9,0,9,0,6,0,0,0,0,2,1,6,1,76,11,1794,1,13,-1,1,-1
2015471506921,2,1,0,9,0,5,0,0,0,0,2,1,2,2,42,7,-1,-1,-1,-1,1,-1
2015471506922,1,1,0,18,0,8,0,0,0,0,1,1,6,1,16,4,-1,-1,-1,-1,-1,-1
2015471506922,2,9,0,18,0,8,0,0,0,0,3,1,2,2,48,8,1200,1,-1,-1,1,-1
2015471506923,1,9,0,18,0,0,5,10,1,4,4,1,2,1,29,6,1998,1,18,-1,2,-1