Accident_Index,Vehicle_Reference,Vehicle_Type,Towing_and_Articulation,Vehicle_Manoeuvre,Vehicle_Location-Restricted_Lane,Junction_Location,Skidding_and_Overturning,Hit_Object_in_Carriageway,Vehicle_Leaving_Carriageway,Hit_Object_off_Carriageway,1st_Point_of_Impact,Was_Vehicle_Left_Hand_Drive?,Journey_Purpose_of_Driver,Sex_of_Driver,Age_of_Driver,Age_Band_of_Driver,Engine_Capacity_(CC),Propulsion_Code,Age_of_Vehicle,Driver_IMD_Decile,Driver_Home_Area_Type,Vehicle_IMD_Decile
201550BC2I012,3,9,0,18,0,0,0,0,0,0,1,1,6,1,45,7,1984,1,3,-1,1,-1
201550BC2I013,1,9,0,17,0,0,0,0,8,11,1,1,6,1,45,7,1587,1,12,-1,3,-1
201550BC2I014,1,1,0,18,0,0,0,0,0,0,1,1,6,1,15,3,-1,-1,-1,-1,2,-1
201550BC2I014,2,20,0,2,0,0,0,0,0,0,2,1,1,1,56,9,3920,2,9,-1,1,-1
201550BC2L001,1,9,0,18,0,0,0,0,0,0,1,1,6,2,24,5,1596,1,10,-1,1,-1
201550BC2L001,2,9,0,3,0,0,0,0,0,0,2,1,6,2,30,6,1598,1,12,-1,1,-1
201550BC2L001,3,9,0,3,0,0,0,0,0,0,2,1,6,2,50,8,-1,-1,-1,-1,1,-1
201550BC2L002,1,9,0,4,0,0,0,0,0,0,2,1,6,2,53,8,1596,1,1,-1,1,-1
201550BC2L002,2,9,0,13,0,0,0,0,0,0,1,1,6,1,48,8,-1,-1,-1,-1,2,-1
201550BC2L003,1,9,0,3,0,2,0,0,0,0,1,1,6,1,67,10,2198,2,7,-1,2,-1
201550BC2L003,2,9,0,3,0,2,0,0,0,0,2,1,6,1,55,8,2966,1,-1,-1,3,-1
201550BC2L004,1,9,0,6,0,6,0,0,0,0,1,1,1,1,29,6,1968,2,1,-1,1,-1
201550BC2L004,2,9,0,18,0,8,0,0,7,11,1,1,6,2,52,8,1299,1,11,-1,3,-1
201550BC2M001,1,9,0,13,0,1,0,0,7,11,1,1,6,1,35,6,-1,-1,-1,-1,1,-1
201550BC2M001,2,17,0,9,0,5,0,0,0,0,0,1,1,1,17,4,6788,2,5,-1,3,-1
201550BD2B001,1,9,0,18,0,0,0,0,0,0,1,1,6,1,31,6,1395,1,1,-1,3,-1
201550BD2B001,2,9,0,18,0,0,0,0,0,0,1,1,6,2,29,6,1299,1,13,-1,3,-1
201550BD2B002,1,9,0,18,0,0,0,0,0,0,1,1,6,1,24,5,1360,1,15,-1,-1,-1
201550BD2B002,2,9,0,18,0,0,0,0,0,0,1,1,6,1,61,9,-1,-1,-1,-1,-1,-1
201550BD2B002,3,9,0,18,0,0,0,0,0,0,1,1,6,2,35,6,-1,-1,-1,-1,2,-1
201550BD2B003,1,9,0,17,0,0,0,0,7,11,1,1,6,1,59,9,999,1,1,-1,2,-1
201550BD2B004,1,9,0,18,0,0,5,0,1,7,0,1,6,1,20,4,1360,1,10,-1,1,-1
201550BD2B005,1,9,0,9,0,6,0,0,7,9,2,1,1,1,67,10,-1,-1,-1,-1,2,-1
201550BD2B005,2,21,1,18,0,1,1,0,0,0,1,1,1,1,58,9,12900,2,6,-1,2,-1
201550BD2B006,1,9,0,16,0,1,0,0,0,0,1,1,6,1,53,8,-1,-1,-1,-1,1,-1
201550BD2B006,2,9,0,10,0,1,0,0,7,7,2,1,6,2,61,9,998,1,3,-1,1,-1
201550BD2B006,3,9,0,17,0,1,0,0,0,0,1,1,6,1,22,5,1686,2,11,-1,1,-1
201550BD2B007,1,9,0,18,0,1,5,0,1,9,4,1,6,1,21,5,1360,1,16,-1,3,-1
201550BD2B007,2,9,0,4,0,1,0,0,0,0,3,1,6,1,65,9,2199,2,-1,-1,1,-1
201550BD2B008,1,9,0,18,0,0,5,0,4,6,1,1,2,2,29,6,1242,1,2,-1,3,-1
201550BD2B009,1,9,0,16,0,0,0,0,0,0,1,1,1,1,43,7,-1,-1,-1,-1,1,-1
201550BD2B009,2,9,0,17,0,0,0,0,0,0,1,1,6,1,83,11,1124,1,14,-1,3,-1
201550BD2B009,3,9,0,17,0,0,0,0,1,4,1,1,1,1,27,6,-1,-1,-1,-1,3,-1
201550BD2B010,1,9,0,16,0,0,1,0,0,0,1,1,1,1,35,6,1896,2,11,-1,3,-1
201550BD2B010,2,21,0,17,0,0,0,0,0,0,2,1,1,1,35,6,-1,-1,-1,-1,2,-1
201550BD2C001,1,9,0,18,0,0,0,0,0,0,1,1,1,1,19,4,1761,1,15,-1,3,-1
201550BD2C001,2,9,0,3,0,0,0,0,0,0,2,1,1,2,47,8,1560,2,1,-1,3,-1
201550BD2C003,1,9,0,9,0,6,0,0,0,0,3,1,6,1,62,9,1951,2,15,-1,2,-1
201550BD2C003,2,9,0,18,0,1,0,0,0,0,1,1,6,2,18,4,1868,2,16,-1,2,-1
201550BD2C004,1,9,0,6,0,0,0,0,0,0,3,1,6,1,37,7,1388,1,14,-1,3,-1
201550BD2C004,2,5,0,16,0,0,0,0,0,0,1,1,6,1,36,7,998,1,16,-1,3,-1
201550BD2C006,1,17,4,18,0,0,0,0,0,0,0,1,1,1,-1,-1,-1,2,11,-1,-1,-1
201550BD2C006,2,9,0,18,0,0,0,0,0,0,2,1,6,1,61,9,1461,2,-1,-1,2,-1
201550BD2C007,1,9,0,18,0,0,0,0,0,0,1,1,6,3,-1,-1,1587,1,18,-1,-1,-1
201550BD2C007,2,9,0,18,0,0,0,0,0,1,2,1,6,2,27,6,2496,2,14,-1,3,-1
201550BD2C008,1,9,0,16,0,2,0,0,2,11,1,1,2,1,33,6,1296,1,17,-1,3,-1
201550BD2D001,1,9,0,10,0,2,0,0,0,0,1,1,6,1,69,10,1997,1,12,-1,3,-1
201550BD2D001,2,5,0,16,0,1,0,0,0,0,4,1,6,1,55,8,-1,-1,-1,-1,3,-1
201550BD2D003,1,19,0,9,0,8,0,0,0,0,1,1,6,2,26,6,2460,2,7,-1,2,-1
201550BD2D003,2,9,0,18,0,8,0,0,0,0,1,1,6,1,55,8,1870,2,12,-1,3,-1
201550BD2D003,3,9,0,4,0,8,0,0,0,0,1,1,6,1,29,6,1598,1,9,-1,3,-1
201550BD2E001,1,9,0,18,0,0,1,0,0,0,1,1,2,1,53,8,1796,1,7,-1,1,-1
201550BD2E001,2,20,0,18,0,0,0,0,0,0,1,1,1,1,56,9,2998,2,4,-1,1,-1
201550BD2E002,1,9,0,18,0,1,0,0,0,0,1,1,6,2,49,8,-1,3,1,-1,3,-1
201550BD2E002,2,9,0,10,0,5,0,0,0,0,2,1,6,1,70,10,1461,2,3,-1,2,-1
201550BD2E003,1,9,0,16,0,0,0,0,0,0,1,1,6,1,85,11,1390,1,4,-1,3,-1
201550BD2E003,2,9,0,17,0,0,0,0,1,0,1,1,2,1,24,5,-1,-1,-1,-1,1,-1
201550BD2E004,1,9,0,4,0,1,0,0,0,0,2,1,6,1,39,7,1388,1,10,-1,1,-1
201550BD2E004,2,19,0,18,0,1,0,0,0,0,1,1,1,1,23,5,2287,2,2,-1,-1,-1
201550BD2E005,1,9,0,18,0,0,0,0,0,0,0,1,6,3,-1,-1,-1,-1,-1,-1,-1,-1
201550BD2E005,2,3,0,4,0,0,5,0,0,0,0,1,6,1,49,8,125,1,-1,-1,3,-1
201550BD2E006,1,9,0,6,0,1,0,0,0,0,3,1,6,1,31,6,1461,2,6,-1,1,-1
201550BD2E006,2,9,0,18,0,1,0,0,0,0,1,1,6,1,38,7,1995,2,2,-1,1,-1
201550BD2E007,1,9,0,18,0,0,0,0,1,4,1,1,6,1,22,5,-1,-1,-1,-1,2,-1
201550BD2E007,2,19,0,18,0,0,0,0,0,0,1,1,6,1,43,7,1870,2,11,-1,2,-1
201550BD2F001,1,9,4,18,0,0,1,0,0,0,1,1,6,1,65,9,2495,2,11,-1,3,-1
201550BD2F002,1,19,0,18,0,0,1,0,0,0,1,1,1,1,36,7,2198,2,2,-1,1,-1
201550BD2F002,2,9,0,16,0,0,1,0,0,0,1,1,2,2,50,8,1753,2,8,-1,3,-1
201550BD2F004,1,5,0,15,0,1,0,0,0,0,1,1,6,1,43,7,592,1,21,-1,1,-1
201550BD2F004,2,9,0,9,0,5,0,0,0,0,2,1,6,2,57,9,1560,2,3,-1,3,-1
201550BD2G002,1,9,0,14,0,0,0,0,0,0,1,1,6,2,44,7,1598,1,2,-1,1,-1
201550BD2G002,2,3,0,18,0,0,5,0,0,0,3,1,6,1,29,6,123,1,-1,-1,1,-1
201550BD2G003,1,9,0,16,0,0,5,0,1,4,1,1,6,2,18,4,-1,-1,-1,-1,2,-1
201550BD2G009,1,19,0,1,0,1,0,0,0,0,0,1,1,1,28,6,1598,2,1,-1,3,-1
201550BD2G010,1,9,0,17,0,0,2,0,1,4,3,1,6,2,22,5,1364,1,11,-1,2,-1
201550BD2G011,1,9,0,18,0,1,1,0,1,9,1,1,1,1,27,6,-1,-1,-1,-1,2,-1
201550BD2G011,2,9,0,10,0,1,0,0,0,0,2,1,6,1,37,7,1998,2,3,-1,1,-1
201550BD2G011,3,9,0,18,0,1,0,0,0,0,3,1,6,1,29,6,1596,1,11,-1,1,-1
201550BD2G013,1,9,0,9,0,0,0,0,0,0,1,1,6,1,21,5,2495,2,21,-1,2,-1
201550BD2G013,2,9,0,18,0,0,0,0,0,0,3,1,6,2,48,8,1896,2,8,-1,3,-1
201550BD2G014,1,9,0,17,0,1,0,10,1,10,1,1,6,1,33,6,1388,1,9,-1,1,-1
201550BD2G015,1,9,0,18,0,1,0,0,0,1,3,1,6,1,66,10,1560,2,1,-1,2,-1
201550BD2G015,2,9,0,9,0,1,0,0,0,1,1,1,6,1,-1,-1,1598,1,-1,-1,-1,-1
201550BD2G016,1,9,0,7,0,6,0,0,0,0,1,1,6,1,-1,-1,1686,2,18,-1,2,-1
201550BD2G016,2,9,0,18,0,1,0,0,0,0,4,1,6,2,25,5,1360,1,12,-1,2,-1
201550BD2H001,1,9,0,18,0,0,0,0,0,0,1,1,6,1,70,10,1951,2,11,-1,2,-1
201550BD2H001,2,9,0,18,0,0,0,0,0,0,1,1,6,2,78,11,1250,1,-1,-1,3,-1
201550BD2I006,1,9,0,5,0,6,0,0,0,0,1,1,6,1,17,4,1968,2,3,-1,3,-1
201550BD2I006,2,9,0,18,0,1,0,0,7,0,1,1,1,1,58,9,-1,-1,-1,-1,1,-1
201550BD2I007,1,9,0,17,0,0,5,0,1,11,1,1,6,1,36,7,1588,1,-1,-1,2,-1
201550BD2I009,1,9,0,18,0,4,0,0,0,0,1,1,3,1,63,9,2720,2,8,-1,1,-1
201550BD2I009,2,19,0,9,0,8,0,0,0,0,4,1,1,1,53,8,1560,2,-1,-1,2,-1
201550BD2I013,1,9,0,18,0,2,0,0,0,0,1,1,6,1,48,8,-1,-1,-1,-1,2,-1
201550BD2I014,1,9,0,18,0,0,1,4,0,0,1,1,6,1,22,5,1968,2,11,-1,2,-1
201550BD2I014,2,9,0,2,0,0,0,4,1,0,1,1,6,1,50,8,1299,1,15,-1,2,-1
201550BD2I014,3,9,0,2,0,0,0,4,0,0,1,1,6,1,41,7,1910,2,9,-1,2,-1
201550BD2I014,4,9,0,2,0,0,0,0,0,0,1,1,6,1,-1,-1,1997,2,10,-1,3,-1
201550BD2J002,1,19,0,12,0,1,0,0,4,0,4,1,2,1,41,7,2488,2,7,-1,3,-1
201550BD2J002,2,9,0,13,0,1,1,0,0,0,1,1,6,2,24,5,1995,2,9,-1,3,-1
201550BD2J004,1,9,0,9,0,6,0,0,0,0,2,1,6,1,82,11,1388,1,12,-1,2,-1
201550BD2J004,2,9,0,18,0,1,0,0,0,0,1,1,1,2,46,8,1248,2,3,-1,-1,-1
201550BD2J006,1,9,0,12,0,7,1,0,4,6,1,1,6,1,47,8,1596,1,12,-1,2,-1
201550BD2J006,2,9,0,18,0,2,0,0,0,0,0,1,6,1,29,6,1998,1,10,-1,2,-1
201550BD2J007,1,17,0,18,0,0,0,0,0,0,1,1,6,1,-1,-1,-1,2,7,-1,3,-1
201550BD2J007,2,9,0,18,0,0,0,0,0,0,1,1,6,2,27,6,1360,1,10,-1,3,-1
201550BD2J008,1,5,0,18,0,8,0,0,0,0,1,1,6,1,57,9,942,1,2,-1,3,-1
201550BD2J010,1,9,0,4,0,1,2,0,3,11,1,1,2,1,18,4,1360,1,17,-1,2,-1
201550BD2K001,1,3,0,17,0,0,5,0,0,0,3,1,6,1,18,4,125,1,2,-1,3,-1
201550BD2K002,1,9,0,18,0,0,1,0,0,10,1,1,6,2,28,6,1910,2,8,-1,2,-1
201550BD2K002,2,20,4,18,0,0,3,0,0,0,4,1,1,1,52,8,2287,2,6,-1,1,-1
201550BD2K003,1,9,0,18,0,0,0,0,0,0,1,1,6,1,78,11,1364,2,5,-1,3,-1
201550BD2K003,2,9,0,18,0,0,0,0,0,0,1,1,6,2,42,7,1598,1,13,-1,1,-1
201550BD2K004,1,9,0,18,0,0,1,0,0,0,1,1,1,1,18,4,1242,1,12,-1,2,-1
201550BD2K004,2,19,0,4,0,0,0,0,0,0,1,1,2,1,52,8,1997,2,12,-1,1,-1
201550BD2M004,1,9,0,17,0,0,0,0,1,0,1,1,6,2,61,9,1560,2,3,-1,2,-1
201550BD2M004,2,9,0,3,0,0,0,0,7,0,2,1,1,2,37,7,1248,1,3,-1,3,-1
201550BD2M006,1,9,0,9,0,6,0,0,0,0,1,1,1,1,42,7,1364,1,9,-1,2,-1
201550BD2M008,1,9,0,18,0,0,0,0,0,0,1,1,6,1,63,9,3200,2,-1,-1,3,-1
201550BD2M009,1,9,0,13,0,0,0,0,5,6,1,1,6,2,29,6,1997,1,14,-1,2,-1
201550BD2M009,2,17,4,18,0,0,0,0,0,0,4,1,1,1,50,8,-1,2,1,-1,3,-1
201550BD2M010,1,9,0,18,0,0,0,0,0,0,1,1,6,2,47,8,1398,2,12,-1,2,-1
201550BD2M010,2,19,0,3,0,0,0,0,0,0,3,1,1,1,21,5,2198,2,-1,-1,1,-1
201550BD2M011,1,9,0,18,0,0,0,0,0,0,1,1,2,2,20,4,1360,1,13,-1,2,-1
201550BD2M012,1,9,0,9,0,5,0,0,0,0,1,1,6,2,36,7,1598,2,1,-1,3,-1
201550BD2M013,1,9,0,18,0,3,0,0,0,0,4,1,6,1,20,4,1398,2,6,-1,2,-1
201550BD2M014,1,9,0,18,0,0,0,0,0,0,4,1,6,1,81,11,848,1,17,-1,2,-1
201550BD2M014,2,1,0,18,0,0,0,0,0,0,4,1,6,1,7,2,-1,-1,-1,-1,2,-1
201550BD2M016,1,19,0,4,0,1,0,0,0,0,1,1,6,1,58,9,2148,2,9,-1,3,-1
201550BD2M016,2,9,0,9,0,2,1,0,0,0,1,1,6,1,23,5,1968,2,10,-1,2,-1
201550BD2M017,1,2,0,18,0,0,0,0,0,0,1,1,6,1,25,5,49,1,6,-1,3,-1
201550BD2M018,1,9,0,11,0,0,0,2,0,1,2,1,2,1,29,6,1499,2,-1,-1,1,-1
201550BD2M018,2,9,0,11,0,0,0,0,0,0,2,1,2,1,32,6,1399,2,12,-1,3,-1
201550BD2M018,3,9,0,11,0,0,0,0,0,0,1,1,2,1,29,6,-1,-1,-1,-1,3,-1
201550BD2N002,1,9,0,16,0,0,0,0,0,0,1,1,6,1,32,6,-1,-1,-1,-1,3,-1
201550BD2N002,2,9,0,17,0,0,0,0,0,0,1,1,6,2,54,8,1769,2,21,-1,3,-1
201550BE2A003,1,21,0,17,0,1,0,0,0,0,1,1,1,1,61,9,6000,2,13,-1,2,-1
201550BE2A003,2,9,0,17,0,8,0,0,0,0,2,1,6,1,58,9,1995,2,2,-1,3,-1
201550BE2A004,1,9,0,18,0,0,0,0,0,0,1,1,6,1,75,10,1991,2,7,-1,1,-1
201550BE2A004,2,9,0,18,0,0,0,0,0,0,1,1,6,2,55,8,1242,1,1,-1,2,-1
201550BE2A004,3,9,0,18,0,0,0,0,0,0,2,1,6,2,41,7,1596,1,3,-1,3,-1
201550BE2A005,1,9,0,18,0,1,0,0,0,0,1,1,6,1,23,5,1149,1,13,-1,2,-1
201550BE2A005,2,9,0,18,0,2,0,0,0,0,2,1,6,1,33,6,1896,2,14,-1,3,-1
201550BE2A007,1,9,0,9,0,8,0,0,0,0,3,1,1,1,49,8,1896,2,10,-1,2,-1
201550BE2A007,2,9,0,18,0,8,0,0,0,0,1,1,6,1,54,8,1360,1,11,-1,3,-1
201550BE2E002,1,9,0,17,0,0,1,0,0,0,1,1,1,2,55,8,1399,2,12,-1,3,-1
201550BE2E002,2,19,0,16,0,0,0,0,0,0,1,1,1,1,52,8,2999,2,3,-1,2,-1
201550BE2E003,1,9,0,18,0,0,1,0,0,0,1,1,6,1,51,8,2979,1,11,-1,3,-1
201550BE2E003,2,10,0,18,0,0,0,0,0,0,1,1,1,1,59,9,-1,-1,-1,-1,2,-1
201550BE2E003,3,9,0,18,0,0,0,0,0,0,0,1,1,1,-1,-1,2993,2,1,-1,-1,-1
201550BE2F002,1,5,0,15,0,1,5,0,0,0,4,1,1,1,44,7,988,1,12,-1,3,-1
201550BE2F002,2,9,0,5,0,1,0,0,0,0,3,1,6,1,27,6,1968,2,4,-1,1,-1
201550BE2G001,1,3,0,4,0,0,1,0,0,0,4,1,2,1,18,4,124,1,3,-1,3,-1
201550BE2G003,1,9,0,18,0,0,0,0,0,0,0,1,6,3,-1,-1,-1,-1,-1,-1,-1,-1
201550BE2G003,2,9,0,18,0,0,1,0,0,0,4,1,6,1,25,5,1596,1,13,-1,1,-1
201550BE2H003,1,9,0,18,0,0,0,0,0,0,1,1,6,1,23,5,973,1,15,-1,3,-1
201550BE2H004,1,9,0,18,0,0,0,0,0,0,3,1,6,1,41,7,1598,1,9,-1,2,-1
201550BE2H005,1,9,0,5,0,0,0,0,0,0,0,1,6,1,72,10,1968,2,7,-1,3,-1
201550BE2H007,1,9,0,17,0,0,0,0,1,7,1,1,6,2,63,9,2493,1,11,-1,3,-1
201550BE2H010,1,9,0,18,0,0,0,0,0,0,4,1,1,2,34,6,1686,2,5,-1,3,-1
201550BE2H011,1,9,0,18,0,0,0,0,0,0,4,1,6,2,34,6,1598,1,6,-1,1,-1
201550BE2H013,1,17,0,2,0,0,0,0,0,0,3,1,6,1,28,6,-1,2,10,-1,3,-1
201550BE2H013,2,9,0,18,0,0,0,4,1,11,1,1,6,1,31,6,1896,2,18,-1,2,-1
201550BE2H015,1,9,0,9,0,1,0,0,0,0,4,1,6,3,-1,-1,-1,-1,-1,-1,-1,-1
201550BE2H015,2,9,0,10,0,8,0,0,0,0,3,1,6,1,47,8,-1,-1,-1,-1,-1,-1
201550BE2H016,1,9,0,18,0,0,0,0,0,0,1,1,6,1,21,5,998,1,12,-1,1,-1
201550BE2H017,1,10,0,18,0,0,0,0,0,0,1,1,1,1,61,9,-1,-1,-1,-1,3,-1
201550BE2H019,1,9,0,18,0,0,5,0,0,11,4,1,6,1,69,10,1998,1,8,-1,3,-1
201550BE2H019,2,9,0,18,0,0,0,0,0,0,1,1,6,2,27,6,1390,1,7,-1,2,-1
201550BE2I001,1,9,0,18,0,0,0,0,0,0,4,1,1,2,38,7,1686,2,2,-1,3,-1
201550BE2I002,1,9,0,17,0,2,5,0,1,4,1,1,6,1,54,8,1298,1,9,-1,1,-1
201550BE2I003,1,9,0,18,0,0,0,0,0,0,1,1,6,1,46,8,1834,1,15,-1,2,-1
201550BE2I003,2,9,0,18,0,0,0,0,0,0,1,1,6,1,42,7,1988,1,14,-1,1,-1
201550BE2I004,1,9,0,18,0,0,0,0,0,0,0,1,1,2,-1,-1,1686,2,2,-1,-1,-1
201550BE2I004,2,19,0,4,0,0,0,0,0,0,2,1,6,1,66,10,1598,2,-1,-1,2,-1
201550BE2I004,3,3,0,18,0,0,0,0,0,0,1,1,6,1,18,4,-1,-1,-1,-1,1,-1
201550BE2I006,1,9,0,5,0,8,0,0,7,0,4,1,6,1,64,9,1991,2,6,-1,3,-1
201550BE2I006,2,9,0,18,0,1,0,0,1,0,1,1,6,1,21,5,1753,2,9,-1,2,-1
201550BE2I007,1,9,0,4,0,0,0,0,0,0,4,1,4,2,24,5,1248,1,1,-1,1,-1
201550BL2A001,1,9,0,16,0,1,0,0,7,1,1,1,6,1,79,11,-1,-1,-1,-1,2,-1
201550BL2G002,1,9,0,18,0,0,1,6,0,11,1,1,6,1,31,6,1997,1,9,-1,1,-1
201550BL2H001,1,9,0,18,0,0,0,0,7,9,3,1,6,1,24,5,1388,1,10,-1,1,-1
201550BL2H002,1,9,0,17,0,0,5,0,1,11,1,1,6,1,85,11,2457,1,11,-1,1,-1
201550BL2J002,1,9,0,18,0,0,0,0,0,0,3,1,6,2,34,6,-1,-1,-1,-1,2,-1
201550BL2J002,2,9,0,18,0,0,1,0,0,11,1,1,6,1,19,4,1360,1,14,-1,2,-1
201550BL2K001,1,9,0,18,0,0,0,0,0,0,3,1,2,3,-1,-1,1198,1,11,-1,-1,-1
201550BL2K002,1,9,0,18,0,0,1,0,0,6,3,1,6,1,20,4,-1,-1,-1,-1,3,-1
201550BL2K002,2,9,0,18,0,0,1,0,0,0,1,1,6,1,58,9,1968,2,1,-1,3,-1
201550BL2K005,1,9,0,18,0,5,0,0,5,6,1,1,6,2,42,7,2497,2,11,-1,2,-1
201550BL2K006,1,9,0,18,0,1,0,0,0,0,1,1,6,3,80,11,1984,1,15,-1,3,-1
201550BL2K006,2,9,0,10,0,1,0,0,0,0,2,1,6,1,19,4,1229,1,10,-1,2,-1
201550BL2K007,1,9,0,18,0,0,1,0,5,0,1,1,1,1,25,5,1968,2,4,-1,1,-1
201550BL2K009,1,9,0,4,0,1,0,0,0,0,1,1,6,2,20,4,1753,2,11,-1,3,-1
201550BL2K009,2,9,0,3,0,1,0,0,0,0,2,1,6,1,62,9,1997,2,4,-1,2,-1
201550BL2K009,3,9,0,10,0,5,0,0,0,0,2,1,6,1,34,6,1461,2,8,-1,2,-1
201550BL2K010,1,9,0,8,0,7,0,0,0,0,2,1,6,2,39,7,1587,1,9,-1,3,-1
201550BL2K010,2,9,0,16,0,5,0,0,0,0,1,1,1,2,46,8,1956,2,1,-1,2,-1
201550BL2K012,1,9,0,18,0,1,0,0,0,0,1,1,6,1,24,5,1998,1,16,-1,2,-1
201550BL2K017,1,19,0,17,0,2,0,0,1,0,1,1,1,1,34,6,-1,-1,-1,-1,1,-1
201550BL2K017,2,9,0,7,0,2,0,0,0,0,4,1,1,1,50,8,-1,-1,-1,-1,3,-1
201550BL2K020,1,9,0,16,0,5,0,0,0,0,1,1,6,1,25,5,1596,1,21,-1,2,-1
201550BL2K020,2,9,0,18,0,1,0,0,0,0,1,1,1,1,22,5,-1,-1,-1,-1,2,-1
201550BL2K022,1,9,0,17,0,2,0,0,1,11,1,1,6,2,21,5,1360,1,10,-1,2,-1
201550BL2K023,1,9,0,9,0,1,0,0,0,0,2,1,6,2,66,10,1197,1,2,-1,3,-1
201550BL2K023,2,9,0,18,0,1,0,0,0,0,1,1,6,2,41,7,1598,2,5,-1,1,-1
201550BL2K025,1,90,0,16,0,0,0,0,0,0,4,1,6,1,75,10,2300,2,10,-1,1,-1
201550BL2K025,2,9,0,2,0,0,0,0,0,0,2,1,6,2,55,8,1956,2,1,-1,3,-1
201550BL2K026,1,9,0,17,0,0,0,0,0,0,1,1,6,2,19,4,1360,1,16,-1,3,-1
201550BL2K028,1,9,0,18,0,1,0,0,0,0,1,1,6,2,55,8,1995,2,4,-1,1,-1
201550BL2K028,2,9,0,9,0,5,1,0,0,0,2,1,6,1,72,10,1989,1,15,-1,1,-1
201550BL2K031,1,9,0,18,0,1,0,0,0,0,1,1,2,1,26,6,1489,1,18,-1,2,-1
201550BL2K031,2,9,0,3,0,1,0,0,0,0,2,1,6,1,57,9,1870,2,11,-1,3,-1
201550BL2K031,3,9,0,3,0,1,0,0,0,0,2,1,6,2,36,7,1968,2,4,-1,2,-1
201550BL2K032,1,1,0,18,0,1,1,0,0,0,1,1,6,1,15,3,-1,-1,-1,-1,2,-1
201550BL2K032,2,9,0,18,0,1,0,0,0,0,1,1,6,2,87,11,1360,1,8,-1,3,-1
201550BL2K034,1,9,0,18,0,0,0,0,0,0,0,1,6,1,31,6,1997,2,7,-1,2,-1
201550BL2K035,1,9,0,18,0,0,0,0,0,0,1,1,6,2,60,9,1461,2,3,-1,1,-1
201550BL2K035,2,9,0,4,0,0,0,0,0,0,2,1,2,1,53,8,1598,2,5,-1,2,-1
201550BL2K037,1,9,0,16,0,0,1,0,0,0,1,1,6,3,-1,-1,-1,-1,-1,-1,-1,-1
201550BL2K037,2,9,0,17,0,0,0,10,7,0,1,1,6,1,18,4,1248,2,3,-1,1,-1
201550BL2K039,1,9,0,8,0,1,0,0,0,0,1,1,2,1,32,6,1997,2,3,-1,3,-1
201550BL2K039,2,9,0,8,0,1,0,0,0,0,2,1,6,2,21,5,1242,1,16,-1,3,-1
201550BL2K041,1,4,0,18,0,8,0,0,0,0,0,1,6,1,60,9,499,1,9,-1,3,-1
201550BL2K042,1,9,0,18,0,0,5,0,1,11,1,1,6,2,23,5,1396,1,12,-1,2,-1
201550BL2L001,1,19,0,18,0,0,0,0,1,0,1,1,1,1,51,8,2402,2,7,-1,2,-1
201550BL2L001,2,9,0,18,0,0,0,0,4,0,2,1,1,1,33,6,2400,2,1,-1,3,-1
201550BL2L002,1,9,0,18,0,0,5,0,1,10,1,1,6,1,30,6,-1,-1,-1,-1,-1,-1
201550BL2L003,1,9,0,18,0,1,0,0,0,0,1,1,6,1,73,10,1834,1,15,-1,1,-1
201550BL2L003,2,19,0,8,0,1,0,0,0,0,2,1,1,2,36,7,1753,2,8,-1,-1,-1
201550BL2L004,1,9,0,18,0,0,1,0,2,7,4,1,1,1,58,9,1560,2,-1,-1,3,-1
201550BL2L006,1,9,0,18,0,1,1,0,2,9,1,1,6,1,18,4,1368,1,9,-1,3,-1
201550BL2L009,1,9,0,13,0,0,1,0,0,0,1,1,6,1,21,5,-1,-1,-1,-1,1,-1
201550BL2L009,2,3,0,18,0,0,1,0,0,0,2,1,6,1,27,6,124,1,-1,-1,3,-1
201550BL2L011,1,9,0,18,0,0,1,0,2,1,1,1,6,2,74,10,1997,2,14,-1,1,-1
201550BL2L012,1,9,0,18,0,0,5,0,1,10,1,1,6,2,59,9,1560,2,3,-1,1,-1
201550BL2L013,1,9,0,13,0,0,1,0,1,0,0,1,2,1,47,8,1995,2,1,-1,2,-1
201550BL2L014,1,9,0,5,0,1,0,0,4,0,3,1,6,1,52,8,1995,2,13,-1,3,-1
201550BL2L014,2,9,0,18,0,1,0,0,4,0,1,1,6,2,51,8,1995,2,4,-1,-1,-1
201550BL2M001,1,9,0,18,0,0,0,0,2,7,4,1,2,1,30,6,2204,2,6,-1,2,-1
201550BL2M002,1,9,0,5,0,1,1,0,0,0,1,1,6,2,75,10,-1,-1,-1,-1,3,-1
201550BL2M002,2,9,0,18,0,1,0,0,0,0,1,1,6,1,65,9,2494,1,21,-1,3,-1
201550BL2M003,1,9,0,18,0,0,0,0,0,0,3,1,1,2,60,9,998,1,3,-1,2,-1
201550BL2M003,2,21,1,11,0,0,0,0,0,0,1,1,1,1,64,9,12777,2,5,-1,3,-1
201550BL2M004,1,9,0,9,0,6,0,0,0,0,1,1,6,2,28,6,1896,2,10,-1,3,-1
201550BL2M004,2,9,0,18,0,8,0,0,0,0,4,1,6,1,42,7,1995,2,8,-1,2,-1
201550BL2M005,1,9,0,9,0,6,0,0,0,0,1,1,6,2,79,11,2200,2,23,-1,2,-1
201550BL2M005,2,9,0,18,0,1,0,0,0,0,1,1,6,1,37,7,1993,1,27,-1,1,-1
201550BL2M005,3,9,0,10,0,5,0,0,0,0,1,1,6,1,65,9,2495,2,23,-1,2,-1
201550BL2N001,1,19,0,18,0,0,0,0,0,0,1,1,6,1,23,5,1560,2,7,-1,3,-1
201550BL2N001,2,19,0,18,0,0,0,0,0,0,1,1,1,1,-1,-1,1997,2,3,-1,2,-1
201550BL2N001,3,9,0,18,0,0,0,0,0,0,2,1,6,2,-1,-1,1997,2,2,-1,1,-1
201550BL2N002,1,19,0,18,0,7,1,0,0,0,1,1,1,2,19,4,1997,2,1,-1,3,-1
201550BL2N002,2,9,0,18,0,7,0,0,2,0,2,1,6,2,51,8,1198,1,7,-1,3,-1