Accident_Index,Vehicle_Reference,Vehicle_Type,Towing_and_Articulation,Vehicle_Manoeuvre,Vehicle_Location-Restricted_Lane,Junction_Location,Skidding_and_Overturning,Hit_Object_in_Carriageway,Vehicle_Leaving_Carriageway,Hit_Object_off_Carriageway,1st_Point_of_Impact,Was_Vehicle_Left_Hand_Drive?,Journey_Purpose_of_Driver,Sex_of_Driver,Age_of_Driver,Age_Band_of_Driver,Engine_Capacity_(CC),Propulsion_Code,Age_of_Vehicle,Driver_IMD_Decile,Driver_Home_Area_Type,Vehicle_IMD_Decile
201550CB2J001,3,9,0,18,0,0,0,0,0,0,0,1,6,1,44,7,1299,1,12,-1,2,-1
201550CB2J002,1,9,0,16,0,0,1,0,0,0,1,1,1,1,22,5,-1,-1,-1,-1,1,-1
201550CB2J002,2,9,0,17,0,0,0,0,0,0,1,1,2,2,22,5,1598,1,10,-1,3,-1
201550CB2J003,1,9,0,18,0,8,0,0,0,0,0,1,6,2,51,8,1598,2,3,-1,3,-1
201550CB2J003,2,19,0,18,0,8,0,0,2,0,0,1,1,1,50,8,-1,-1,-1,-1,1,-1
201550CB2K001,1,9,0,18,0,0,0,0,0,0,1,1,6,2,18,4,1396,1,11,-1,3,-1
201550CB2K002,1,3,0,17,0,0,0,0,1,9,1,1,6,1,37,7,124,1,2,-1,1,-1
201550CB2L001,1,9,0,17,0,0,5,0,0,0,4,1,2,1,36,7,1527,2,15,-1,3,-1
201550CB2L002,1,9,0,16,0,0,5,0,0,0,4,1,6,1,33,6,1796,1,5,-1,1,-1
201550CB2N002,1,9,0,16,0,1,2,0,0,11,3,1,6,1,27,6,-1,-1,-1,-1,-1,-1
201550CB2N003,1,9,0,18,0,0,0,0,0,0,3,1,6,1,57,9,-1,-1,-1,-1,1,-1
201550CB2N003,2,9,0,18,0,0,0,0,0,0,3,1,6,2,21,5,-1,-1,-1,-1,3,-1
201550CB2N006,1,19,4,18,0,6,5,7,1,10,1,1,6,2,25,5,1896,2,6,-1,3,-1
201550CB2N007,1,9,0,6,0,1,0,0,0,0,2,1,6,1,85,11,1339,1,4,-1,3,-1
201550CB2N007,2,9,0,18,0,1,1,0,7,10,1,1,6,1,56,9,2179,2,4,-1,3,-1
201550CB2Q002,1,3,0,17,0,0,2,0,0,0,3,1,6,1,53,8,124,1,2,-1,3,-1
201550CB2Q003,1,9,0,18,0,0,0,0,1,2,1,1,6,2,30,6,-1,-1,-1,-1,1,-1
201550CB2Q004,1,9,0,18,0,0,0,0,0,0,2,1,6,1,43,7,2993,2,7,-1,1,-1
201550CB2Q004,2,9,0,18,0,0,0,0,0,0,1,1,6,1,50,8,1951,2,9,-1,1,-1
201550CB2Q005,1,9,0,18,0,1,1,0,8,10,1,1,4,2,17,4,1242,1,10,-1,3,-1
201550CB2Q006,1,9,0,2,0,1,0,0,0,0,2,1,3,2,30,6,1896,2,11,-1,1,-1
201550CB2Q006,2,19,0,18,0,1,1,0,0,0,1,1,1,1,29,6,2198,2,5,-1,1,-1
201550CB2Q008,1,9,0,9,0,5,0,0,0,0,4,1,6,1,41,7,2993,2,5,-1,1,-1
201550CB2Q008,2,9,0,18,0,8,0,0,0,0,1,1,6,1,83,11,1242,1,4,-1,1,-1
201550CB2Q009,1,5,0,9,0,8,0,0,0,0,4,1,6,1,72,10,750,1,28,-1,1,-1
201550CB2Q010,1,9,0,9,0,6,0,0,0,0,1,1,2,1,27,6,1398,1,-1,-1,1,-1
201550CB2Q010,2,5,0,18,0,8,5,0,7,0,4,1,2,1,20,4,649,1,9,-1,1,-1
201550CB2Q011,1,9,0,4,0,0,1,0,0,0,1,1,2,2,29,6,1596,1,10,-1,1,-1
201550CB2Q011,2,9,0,12,0,0,0,0,7,0,3,1,2,1,31,6,1364,2,12,-1,1,-1
201550CB2Q012,1,9,4,16,0,0,1,0,0,0,2,1,6,1,41,7,1997,2,7,-1,2,-1
201550CB2Q012,2,9,0,17,0,0,1,0,8,7,1,1,6,1,56,9,1248,1,6,-1,1,-1
201550CB2Q012,3,9,0,16,0,0,1,0,0,0,1,1,6,1,51,8,2495,2,13,-1,1,-1
201550CB2Q013,1,9,0,18,0,0,0,0,8,7,1,1,6,2,20,4,1360,1,12,-1,3,-1
201550CB2Q015,1,5,0,16,0,0,0,0,0,0,0,1,6,1,43,7,998,1,10,-1,1,-1
201550CB2R001,1,9,0,16,0,3,0,0,0,0,1,1,1,1,30,6,-1,-1,-1,-1,3,-1
201550CB2R001,2,1,0,18,0,8,5,0,0,0,3,1,6,1,83,11,-1,-1,-1,-1,1,-1
201550CB2R004,1,9,0,18,0,3,0,0,0,0,4,1,6,1,45,7,1968,2,3,-1,2,-1
201550CB2R004,2,11,0,18,0,1,0,0,0,0,1,1,6,1,28,6,-1,-1,-1,-1,2,-1
201550CB2R004,3,9,0,18,0,4,0,0,0,0,0,1,6,1,26,6,-1,-1,-1,-1,1,-1
201550CB2R005,1,9,0,9,0,5,0,0,0,0,4,1,6,1,28,6,1783,1,11,-1,1,-1
201550CB2R005,2,9,0,18,0,8,0,0,0,0,1,1,6,2,49,8,698,1,10,-1,1,-1
201550CB2R009,1,9,0,18,0,0,0,0,0,0,1,1,6,1,26,6,1390,1,6,-1,2,-1
201550CB2R009,2,9,0,18,0,0,1,0,1,0,1,1,6,1,42,7,1596,1,13,-1,1,-1
201550CB2R015,1,9,0,9,0,2,0,0,0,0,1,1,1,1,58,9,1968,2,5,-1,3,-1
201550CB2S001,1,9,0,4,0,0,1,0,5,6,3,1,6,2,28,6,1598,1,15,-1,1,-1
201550CB2S005,1,9,0,3,0,0,0,0,0,0,1,1,6,1,44,7,1299,1,15,-1,3,-1
201550CB2S005,2,1,0,4,0,0,0,0,0,0,2,1,6,1,44,7,-1,-1,-1,-1,1,-1
201550CB2S006,1,11,0,5,0,4,0,0,0,0,1,1,1,1,66,10,9000,2,2,-1,3,-1
201550CB2S006,2,1,0,18,0,8,0,0,0,0,4,1,6,1,46,8,-1,-1,-1,-1,1,-1
201550CB2S008,1,9,0,9,0,1,0,0,0,0,4,1,6,1,28,6,1798,1,14,-1,1,-1
201550CB2S008,2,9,0,4,0,1,0,0,0,0,1,1,6,2,40,7,1360,1,9,-1,1,-1
201550CB2S009,1,9,0,18,0,1,0,0,0,0,4,1,6,3,-1,-1,-1,-1,-1,-1,-1,-1
201550CB2S010,1,9,0,16,0,0,0,7,0,0,1,1,1,1,37,7,1995,2,1,-1,1,-1
201550CB2S017,1,9,0,18,0,1,0,0,0,0,1,1,6,1,-1,-1,1747,1,12,-1,-1,-1
201550CB2S017,2,9,0,8,0,1,0,0,0,0,2,1,2,2,23,5,998,1,7,-1,1,-1
201550CB2S018,1,9,0,18,0,2,0,0,0,0,1,1,6,3,-1,-1,-1,-1,-1,-1,-1,-1
201550CB2S019,1,9,0,9,0,2,0,0,0,0,1,1,2,1,65,9,-1,-1,-1,-1,1,-1
201550CB2S021,1,9,0,18,0,1,0,0,0,0,1,1,6,2,63,9,1997,2,9,-1,1,-1
201550CB2S021,2,3,0,9,0,1,0,0,0,0,1,1,2,1,21,5,124,1,7,-1,1,-1
201550CB2T003,1,9,0,17,0,1,0,0,8,10,1,1,6,2,56,9,998,1,11,-1,3,-1
201550CB2T003,2,9,0,10,0,1,0,0,0,0,1,1,6,1,48,8,1997,2,13,-1,1,-1
201550CB2U004,1,9,0,9,0,1,0,0,0,0,1,1,6,1,53,8,1997,2,2,-1,1,-1
201550CB2U004,2,19,0,3,0,2,0,0,0,0,1,1,6,1,38,7,1995,2,6,-1,1,-1
201550CB2U004,3,9,0,18,0,8,0,0,0,0,3,1,6,2,27,6,1398,2,9,-1,1,-1
201550CB2U007,1,9,0,5,0,2,0,4,8,11,1,1,6,1,84,11,-1,-1,-1,-1,1,-1
201550CB2U007,2,9,0,2,0,1,0,0,0,0,4,1,6,2,25,5,1299,1,13,-1,1,-1
201550CB2U007,3,9,0,2,0,1,0,0,0,0,3,1,6,2,40,7,-1,-1,-1,-1,1,-1
201550CB2U009,1,9,0,18,0,0,0,0,0,0,1,1,6,2,57,9,1149,1,6,-1,1,-1
201550CB2U009,2,9,0,3,0,0,0,0,0,0,4,1,6,1,57,9,1587,1,11,-1,1,-1
201550CB2U010,1,9,0,18,0,4,0,9,1,2,1,1,6,2,71,10,1596,1,10,-1,2,-1
201550CB2U011,1,9,0,18,0,8,0,0,0,0,1,1,1,2,36,7,1968,2,5,-1,1,-1
201550CB2U011,2,9,0,18,0,8,0,0,0,0,1,1,6,1,87,11,1596,1,6,-1,1,-1
201550CB2U018,1,3,0,18,0,0,2,0,0,0,1,1,6,1,31,6,124,1,5,-1,2,-1
201550CB2U018,2,9,0,2,0,0,0,0,0,0,0,1,6,1,38,7,2401,2,10,-1,1,-1
201550CB2U018,3,9,0,5,0,0,0,0,0,0,0,1,6,2,44,7,1461,2,-1,-1,1,-1
201550CB2V001,1,2,0,17,0,0,1,0,0,0,1,1,6,1,16,4,49,1,3,-1,1,-1
201550CB2V001,2,9,0,5,0,0,0,0,0,0,1,1,6,1,33,6,1598,1,11,-1,1,-1
201550CB2V002,1,3,0,4,0,0,2,4,0,0,1,1,6,1,25,5,-1,-1,-1,-1,-1,-1
201550CB2V002,2,9,0,4,0,0,0,0,0,0,2,1,6,2,52,8,1988,1,14,-1,1,-1
201550CB2V002,3,9,0,2,0,0,0,0,0,0,2,1,6,1,31,6,1392,1,24,-1,1,-1
201550CB2V003,1,9,0,18,0,0,0,0,0,0,1,1,1,1,45,7,-1,-1,-1,-1,1,-1
201550CB2V003,2,9,0,4,0,0,0,0,0,0,2,1,6,2,25,5,1229,1,9,-1,3,-1
201550CB2V003,3,9,0,4,0,0,0,0,0,0,2,1,1,2,26,6,1753,2,7,-1,3,-1
201550CB2V004,1,97,0,18,0,0,0,4,0,0,1,1,6,1,20,4,-1,-1,-1,-1,1,-1
201550CB2V004,2,9,0,2,0,0,0,0,0,0,4,1,6,1,-1,-1,2497,2,4,-1,-1,-1
201550CB2W001,1,9,0,10,0,8,0,0,0,0,2,1,4,2,29,6,1390,1,15,-1,1,-1
201550CB2W001,2,9,0,3,0,1,0,0,0,0,2,1,6,1,50,8,998,1,8,-1,3,-1
201550CB2W001,3,9,0,18,0,1,0,0,0,0,1,1,6,1,29,6,1329,1,4,-1,1,-1
201550CB2W006,1,9,0,18,0,0,0,4,7,11,1,1,6,1,81,11,1339,1,9,-1,3,-1
201550CB2W006,2,9,0,2,0,0,0,0,0,0,2,1,6,1,54,8,1461,2,5,-1,1,-1
201550CB2W007,1,19,0,18,0,4,0,0,0,0,3,1,6,1,68,10,-1,-1,-1,-1,1,-1
201550CB2W007,2,1,0,9,0,4,0,0,0,0,1,1,6,1,27,6,-1,-1,-1,-1,1,-1
201550CB2W010,1,19,0,3,0,4,0,0,0,0,1,1,1,1,55,8,-1,-1,-1,-1,1,-1
201550CB2W010,2,9,0,3,0,4,0,0,0,0,2,1,6,2,33,6,1598,1,7,-1,2,-1
201550CB2W010,3,9,0,3,0,4,0,0,0,0,2,1,6,1,68,10,2184,2,12,-1,3,-1
201550CB2W013,1,9,0,12,0,8,0,0,0,0,3,1,6,2,28,6,1596,1,13,-1,1,-1
201550CB2W013,2,4,0,18,0,8,1,10,7,1,1,1,6,1,20,4,249,1,6,-1,1,-1
201550CB3A001,1,9,0,10,0,1,0,0,0,0,2,1,6,2,29,6,1900,2,15,-1,1,-1
201550CB3A001,2,9,0,18,0,1,0,0,0,0,1,1,6,3,-1,-1,1997,1,15,-1,-1,-1
201550CB3A005,1,9,0,18,0,1,0,0,0,0,4,1,2,2,53,8,1998,1,10,-1,3,-1
201550CB3A006,1,9,0,7,0,1,0,0,0,0,4,1,6,1,58,9,-1,-1,-1,-1,3,-1
201550CB3A007,1,9,0,18,0,1,0,0,0,0,4,1,6,2,33,6,1560,2,4,-1,1,-1
201550CB3B001,1,9,0,9,0,1,0,0,0,0,1,1,6,2,28,6,1248,1,6,-1,1,-1
201550CB3B001,2,9,0,16,0,1,0,0,0,0,1,1,6,1,26,6,1896,2,9,-1,1,-1
201550CB3B002,1,9,0,16,0,1,1,0,3,1,1,1,6,2,18,4,1596,1,13,-1,1,-1
201550CB3C002,1,19,0,9,0,2,0,0,0,0,0,1,6,1,44,7,1998,2,10,-1,1,-1
201550CB3C002,2,3,0,18,0,1,0,0,0,0,0,1,6,1,17,4,125,1,1,-1,1,-1
201550CB3C004,1,9,0,18,0,8,0,0,0,0,1,1,6,1,35,6,1896,2,12,-1,2,-1
201550CB3C004,2,1,0,18,0,1,0,0,0,0,4,1,6,1,24,5,-1,-1,-1,-1,1,-1
201550CB3C006,1,9,0,18,0,0,0,0,0,0,1,1,6,1,21,5,1753,2,14,-1,1,-1
201550CB3C006,2,9,0,18,0,0,0,0,1,0,2,1,6,2,53,8,1997,1,13,-1,1,-1
201550CB3C007,1,9,0,5,0,0,0,0,0,0,1,1,2,2,29,6,1968,2,1,-1,1,-1
201550CB3C007,2,9,0,3,0,0,0,0,0,0,2,1,6,1,70,10,2362,1,15,-1,1,-1
201550CB3D002,1,9,0,5,0,0,0,0,0,0,1,1,6,2,51,8,1360,1,9,-1,2,-1
201550CB3D002,2,5,0,18,0,0,0,0,0,0,4,1,6,2,23,5,585,1,13,-1,3,-1
201550CB3D003,1,9,0,18,0,1,0,0,0,0,1,1,6,1,21,5,2499,2,17,-1,2,-1
201550CB3D003,2,9,0,3,0,1,0,0,0,0,2,1,6,1,25,5,998,1,2,-1,1,-1
201550CB3D004,1,9,0,18,0,0,0,0,0,10,1,1,6,2,91,11,998,1,6,-1,3,-1
201550CB3D005,1,9,0,17,0,0,2,0,1,9,1,1,6,1,20,4,1195,1,18,-1,2,-1
201550CB3D005,2,9,0,16,0,0,0,0,0,0,0,1,6,3,-1,-1,-1,-1,-1,-1,-1,-1
201550CD2C001,1,9,0,18,0,0,0,0,0,0,1,1,6,1,40,7,1995,1,11,-1,1,-1
201550CD2C001,2,9,0,18,0,0,0,0,0,0,1,1,6,1,67,10,1386,1,11,-1,2,-1
201550CD2C002,1,9,0,18,0,8,0,0,0,0,1,1,6,2,34,6,1360,1,12,-1,2,-1
201550CD2C002,2,9,0,10,0,1,0,0,0,0,2,1,6,2,48,8,1396,1,15,-1,1,-1
201550CD2C003,1,9,0,9,0,1,0,0,0,0,1,1,6,2,33,6,1596,1,4,-1,1,-1
201550CD2C003,2,9,0,16,0,1,0,0,0,0,1,1,6,2,40,7,1242,1,2,-1,1,-1
201550CD2D001,1,9,0,18,0,0,0,0,0,0,1,1,2,1,22,5,2926,2,13,-1,2,-1
201550CD2D001,2,9,0,18,0,0,0,0,0,0,2,1,2,2,51,8,1968,2,3,-1,3,-1
201550CD2E003,1,9,0,18,0,1,0,0,0,0,1,1,6,1,47,8,1973,1,14,-1,1,-1
201550CD2E004,1,9,0,9,0,4,0,0,0,0,1,1,6,2,25,5,1242,1,1,-1,1,-1
201550CD2E004,2,9,0,18,0,4,0,0,0,0,1,1,6,1,18,4,1396,1,13,-1,1,-1
201550CD2E005,1,17,4,18,0,0,3,0,0,0,4,1,1,1,16,4,-1,2,1,-1,3,-1
201550CD2E005,2,10,0,4,0,0,0,0,0,0,3,1,1,1,31,6,2198,2,3,-1,3,-1
201550CD2E006,1,9,0,18,0,1,0,0,0,0,1,1,6,1,26,6,1998,1,16,-1,2,-1
201550CD2E006,2,1,0,5,0,6,0,0,0,0,4,1,6,1,82,11,-1,-1,-1,-1,1,-1
201550CD2E007,1,2,0,4,0,0,0,0,0,0,0,1,1,2,24,5,49,1,8,-1,1,-1
201550CD2E008,1,9,0,18,0,1,0,0,0,0,1,1,1,1,54,8,1299,1,15,-1,1,-1
201550CD2E008,2,9,0,10,0,2,0,0,0,0,2,1,6,1,55,8,1968,2,5,-1,1,-1
201550CD2E009,1,9,0,9,0,6,0,0,0,0,1,1,2,1,61,9,1596,1,5,-1,1,-1
201550CD2E009,2,9,0,14,0,1,0,10,0,0,1,1,2,1,55,8,1956,2,-1,-1,1,-1
201550CD2E011,1,5,0,18,0,0,1,0,0,0,0,1,6,1,56,9,1130,1,12,-1,1,-1
201550CD2F003,1,9,0,18,0,0,1,0,0,0,2,1,6,1,42,7,1998,1,8,-1,1,-1
201550CD2G001,1,9,0,16,0,0,1,0,0,0,1,1,6,2,51,8,1299,1,12,-1,3,-1
201550CD2G001,2,9,0,17,0,0,0,0,0,0,1,1,6,2,25,5,1769,1,10,-1,3,-1
201550CD2H001,1,9,0,18,0,0,0,0,0,0,1,1,2,1,63,9,1587,1,9,-1,3,-1
201550CD2H001,2,1,0,18,0,0,0,0,0,0,2,1,6,1,18,4,-1,-1,-1,-1,3,-1
201550CD2I001,1,9,0,18,0,0,0,0,2,11,1,1,6,1,52,8,1997,2,2,-1,2,-1
201550CD2I002,1,9,0,17,0,0,0,0,0,0,1,1,6,1,57,9,1596,1,11,-1,3,-1
201550CD2I002,2,9,0,16,0,0,0,0,0,0,1,1,6,1,24,5,1398,1,10,-1,1,-1
201550CD2I003,1,9,0,17,0,0,5,0,0,10,1,1,6,2,17,4,1242,1,10,-1,1,-1
201550CD2J001,1,9,0,17,0,0,1,0,1,0,2,1,6,2,18,4,-1,-1,-1,-1,2,-1
201550CD2J002,1,5,0,16,0,0,2,0,0,0,1,1,6,1,28,6,599,1,13,-1,1,-1
201550CD2J002,2,9,0,17,0,0,1,0,0,0,1,1,6,2,23,5,1398,1,2,-1,3,-1
201550CD2J003,1,19,0,18,0,0,1,0,1,11,3,1,1,2,21,5,1753,2,10,-1,3,-1
201550CD2K002,1,5,0,13,0,1,2,0,0,0,1,1,6,1,44,7,998,1,10,-1,1,-1
201550CD2K002,2,9,0,9,0,5,1,0,1,0,2,1,6,2,49,8,1896,2,8,-1,1,-1
201550CD2K003,1,1,0,18,0,0,0,0,0,0,2,1,6,1,58,9,-1,-1,-1,-1,1,-1
201550CD2K003,2,9,3,18,0,0,0,0,0,0,2,1,6,1,70,10,3200,2,8,-1,3,-1
201550CD2K004,1,9,0,18,0,0,0,0,0,0,1,1,6,1,27,6,1362,1,3,-1,1,-1
201550CD2K004,2,9,0,18,0,0,0,0,0,0,3,1,6,1,43,7,1995,2,1,-1,-1,-1
201550CD2L001,1,9,0,16,0,0,0,0,0,0,3,1,6,1,43,7,-1,-1,-1,-1,3,-1
201550CD2L001,2,9,0,17,0,0,0,0,0,0,3,1,6,2,43,7,1896,2,11,-1,3,-1
201550CD2L004,1,9,0,18,0,0,0,0,0,0,1,1,6,1,66,10,1200,1,1,-1,1,-1
201550CD2L004,2,9,0,18,0,0,0,0,0,0,2,1,6,1,54,8,1968,2,5,-1,1,-1
201550CD2L005,1,9,0,17,0,0,2,0,1,10,1,1,6,1,82,11,1997,2,13,-1,3,-1
201550CD2Q001,1,21,0,5,0,2,0,0,0,0,1,1,1,1,49,8,-1,-1,-1,-1,2,-1
201550CD2Q001,2,4,0,18,0,1,0,0,7,0,4,1,6,1,49,8,498,1,10,-1,2,-1
201550CD2Q002,1,9,0,16,0,0,1,0,0,0,1,1,6,1,26,6,1968,2,4,-1,1,-1
201550CD2Q002,2,9,0,16,0,0,0,0,0,0,1,1,6,1,47,8,1360,1,10,-1,3,-1
201550CD3B001,1,9,0,3,0,1,0,0,0,0,1,1,6,1,24,5,-1,-1,-1,-1,1,-1
201550CD3B001,2,9,0,4,0,1,0,0,0,0,2,1,6,2,50,8,1360,1,13,-1,-1,-1
201550CD3B002,1,9,0,18,0,0,1,0,0,0,1,1,6,2,39,7,1587,1,20,-1,3,-1
201550CD3B002,2,1,0,18,0,0,0,0,0,0,2,1,6,1,-1,-1,-1,-1,-1,-1,2,-1
201550CD3B003,1,9,0,18,0,0,0,0,7,11,1,1,6,2,69,10,1753,2,9,-1,1,-1
201550CD3C001,1,9,0,9,0,1,0,0,0,0,1,1,3,2,33,6,1798,1,12,-1,1,-1
201550CD3C001,2,9,0,18,0,8,0,0,1,11,2,1,3,1,48,8,1998,7,14,-1,1,-1
201550CD3D001,1,9,0,18,0,1,0,0,0,0,1,1,6,1,28,6,1386,1,9,-1,1,-1
201550CD3D001,2,8,0,17,0,1,0,0,0,0,1,1,1,2,49,8,1968,2,8,-1,1,-1
201550CD3D003,1,9,0,9,0,8,0,0,0,0,1,1,6,2,75,10,1596,1,7,-1,2,-1
201550CD3D003,2,4,0,18,0,8,0,0,0,0,3,1,6,1,51,8,498,1,13,-1,3,-1
201550CD3D008,1,9,0,9,0,2,0,0,0,0,1,1,6,1,38,7,1999,1,2,-1,1,-1
201550CD3D009,1,9,0,18,0,0,0,0,0,0,3,1,6,1,69,10,1391,1,13,-1,2,-1
201550CD3D011,1,9,0,9,0,8,0,0,0,0,4,1,1,1,76,11,2461,2,17,-1,1,-1
201550CD3D011,2,1,0,8,0,8,0,10,0,0,1,1,1,1,49,8,-1,-1,-1,-1,2,-1
201550CD3D012,1,9,0,1,0,0,0,0,0,0,2,1,6,1,68,10,-1,-1,-1,-1,1,-1
201550CD3D013,1,8,0,18,0,2,0,0,0,0,4,1,1,1,63,9,1991,1,15,-1,1,-1
201550CD3D017,1,9,0,18,0,1,5,10,1,11,4,1,6,1,22,5,1596,1,14,-1,3,-1
201550CD3D017,2,9,0,8,0,1,0,0,0,0,1,1,6,2,75,10,998,1,-1,-1,3,-1
201550CD3D018,1,19,0,18,0,0,0,0,0,0,1,1,6,1,26,6,1688,2,12,-1,2,-1
201550CD3D021,1,1,0,16,0,3,1,0,0,0,0,1,6,1,40,7,-1,-1,-1,-1,1,-1
201550CD3D021,2,9,0,15,0,1,0,0,0,0,0,1,6,1,51,8,1461,2,12,-1,1,-1
201550CD3D022,1,9,0,18,0,0,0,0,0,0,3,1,6,1,51,8,1896,2,11,-1,1,-1
201550CD3D024,1,9,0,18,0,0,0,0,0,0,1,1,6,1,46,8,1997,2,11,-1,1,-1
201550CD3E001,1,9,0,18,0,0,0,0,0,0,1,1,2,1,32,6,1995,2,4,-1,3,-1
201550CD3E001,2,9,0,18,0,0,0,0,0,0,2,1,2,1,36,7,1984,1,14,-1,1,-1
201550CD3E003,1,9,0,9,0,5,0,0,0,0,1,1,6,1,85,11,1398,2,7,-1,1,-1
201550CD3E003,2,9,0,18,0,8,0,0,0,0,1,1,6,2,39,7,1600,1,15,-1,2,-1
201550CD3E005,1,9,0,9,0,6,0,0,0,0,1,1,6,1,25,5,1998,2,11,-1,1,-1
201550CD3E005,2,9,0,18,0,1,0,0,0,0,1,1,6,2,63,9,1397,1,8,-1,1,-1
201550CD3E007,1,9,0,7,0,3,0,0,0,0,1,1,6,1,24,5,2792,1,18,-1,1,-1
201550CD3E007,2,9,0,18,0,4,0,0,0,0,1,1,6,1,40,7,-1,-1,-1,-1,1,-1
201550CD3E015,1,9,0,18,0,0,0,0,0,0,1,1,2,2,43,7,1560,2,9,-1,1,-1
201550CD3F001,1,9,0,18,0,0,0,0,0,0,2,1,6,2,18,4,998,1,9,-1,3,-1
201550CD3F001,2,9,0,18,0,0,0,0,0,0,1,1,6,1,62,9,1997,2,1,-1,3,-1
201550CD3F002,1,9,0,4,0,0,5,0,0,0,1,1,2,2,36,7,1360,1,9,-1,1,-1
201550CD3F002,2,9,0,4,0,0,0,0,0,0,2,1,6,1,31,6,1242,1,4,-1,1,-1
201550CD3F002,3,9,0,4,0,0,0,0,0,0,2,1,6,2,26,6,1560,2,6,-1,1,-1
201550CD3F004,1,9,0,18,0,0,0,0,0,0,3,1,6,2,43,7,1995,2,10,-1,1,-1
201550CD3G001,1,9,0,10,0,1,0,0,0,0,2,1,6,2,28,6,1598,1,17,-1,1,-1
201550CD3G001,2,9,0,18,0,1,0,0,0,0,1,1,6,2,19,4,1390,1,14,-1,1,-1
201550CD3H001,1,9,0,18,0,0,0,0,0,0,1,1,6,1,74,10,-1,-1,-1,-1,3,-1
201550CD3H001,2,9,0,18,0,0,0,0,0,0,1,1,6,1,74,10,1956,2,1,-1,3,-1
201550CD3I001,1,9,0,3,0,4,0,0,0,0,1,1,6,1,59,9,1796,1,21,-1,1,-1
201550CD3I001,2,9,0,3,0,4,0,0,0,0,2,1,6,2,33,6,1596,1,10,-1,1,-1
201550CD3I002,1,9,0,3,0,4,0,0,0,0,1,1,6,1,76,11,2993,2,4,-1,1,-1
201550CD3I002,2,9,0,3,0,4,0,0,0,0,2,1,1,2,43,7,1198,1,1,-1,1,-1
201550CD3I003,1,9,0,5,0,0,0,0,0,0,3,1,6,1,66,10,1120,2,4,-1,1,-1
201550CD3I003,2,9,0,18,0,0,0,0,0,0,1,1,1,2,45,7,-1,-1,-1,-1,3,-1
201550CD3I004,1,19,0,1,0,2,0,0,0,0,4,1,1,1,32,6,2402,2,4,-1,1,-1
201550CD3I005,1,9,0,8,0,1,0,0,0,0,1,1,6,1,67,10,1995,1,10,-1,1,-1
201550CD3I005,2,9,0,18,0,1,0,0,0,0,2,1,6,3,57,9,-1,-1,-1,-1,3,-1
201550CD3I007,1,9,0,16,0,0,0,10,7,11,1,1,6,1,19,4,1390,1,16,-1,1,-1
201550CH2D001,1,9,0,17,0,0,2,0,8,4,1,1,6,2,72,10,1086,1,9,-1,3,-1
201550CH2D002,1,9,0,17,0,0,2,0,0,0,1,1,6,1,19,4,1488,1,28,-1,3,-1
201550CH2D003,1,19,0,16,0,0,0,0,0,0,3,1,1,1,26,6,-1,-1,-1,-1,1,-1
201550CH2D003,2,9,0,16,0,0,0,0,0,0,3,1,6,2,29,6,2993,2,8,-1,3,-1
201550CH2D004,1,3,0,17,0,0,2,0,1,0,1,1,6,1,23,5,124,1,2,-1,2,-1
201550CH2F001,1,9,0,18,0,0,5,0,7,10,1,1,1,1,55,8,1998,2,11,-1,3,-1
201550CH2J001,1,90,0,9,0,5,0,0,0,0,3,1,6,1,56,9,2287,2,9,-1,1,-1
201550CH2J001,2,19,4,13,0,1,2,0,0,0,1,1,6,1,72,10,1868,2,15,-1,2,-1
201550CH2L003,1,3,0,17,0,0,5,0,0,0,4,1,6,1,39,7,125,1,3,-1,1,-1
201550CH2L004,1,9,0,18,0,8,0,0,0,0,0,1,1,2,37,7,1596,1,1,-1,2,-1
201550CH2L004,2,1,0,18,0,8,0,0,0,0,0,1,6,1,46,8,-1,-1,-1,-1,2,-1
201550CH2L005,1,9,0,9,0,5,0,0,0,0,1,1,6,1,77,11,2401,2,10,-1,2,-1
201550CH2L005,2,9,0,18,0,8,0,0,0,0,1,1,6,2,59,9,2204,2,9,-1,3,-1
201550CH2L005,3,9,0,18,0,8,0,0,0,0,3,1,6,2,59,9,998,1,1,-1,3,-1
201550CH2L006,1,9,0,18,0,0,0,0,0,0,1,1,6,1,54,8,1994,1,14,-1,3,-1
201550CH2L007,1,9,0,18,0,0,0,0,0,0,1,1,3,2,40,7,1997,2,10,-1,2,-1
201550CH2L007,2,9,0,2,0,0,0,0,0,0,2,1,6,1,30,6,1598,2,4,-1,2,-1
201550CH2L008,1,9,0,16,0,0,5,0,1,10,1,1,6,2,18,4,1248,2,6,-1,3,-1
201550CH2M001,1,9,0,18,0,0,2,0,7,0,3,1,6,1,32,6,1298,1,12,-1,3,-1
201550CH2M002,1,9,0,7,0,6,0,0,0,0,3,1,6,1,78,11,1398,2,12,-1,1,-1
201550CH2M002,2,9,0,18,0,1,1,0,0,0,1,1,2,1,21,5,1242,1,15,-1,2,-1
201550CH2M003,1,21,0,18,0,0,0,0,0,0,0,1,1,1,63,9,12419,2,-1,-1,1,-1
201550CH2M003,2,9,0,18,0,0,0,0,0,0,1,1,6,1,28,6,-1,-1,-1,-1,2,-1
201550CH2M003,3,3,0,18,0,0,1,0,0,0,0,1,6,1,-1,-1,125,1,8,-1,3,-1
201550CH2N001,1,19,0,18,0,1,0,0,0,0,1,1,1,1,46,8,1995,2,8,-1,1,-1
201550CH2N001,2,9,0,9,0,8,0,0,7,0,2,1,6,1,36,7,1149,1,11,-1,3,-1
201550CH2N002,1,9,0,18,0,0,0,0,1,9,1,1,6,2,22,5,1596,1,9,-1,3,-1
201550CH2N003,1,90,0,18,0,2,0,0,0,0,1,2,6,1,45,7,-1,-1,-1,-1,3,-1
201550CH2N003,2,9,0,7,0,5,0,0,0,0,1,1,6,2,42,7,1598,1,9,-1,3,-1
201550CH2N005,1,9,0,5,0,6,0,0,0,0,3,1,6,1,76,11,1498,1,3,-1,2,-1