Accident_Index,Vehicle_Reference,Vehicle_Type,Towing_and_Articulation,Vehicle_Manoeuvre,Vehicle_Location-Restricted_Lane,Junction_Location,Skidding_and_Overturning,Hit_Object_in_Carriageway,Vehicle_Leaving_Carriageway,Hit_Object_off_Carriageway,1st_Point_of_Impact,Was_Vehicle_Left_Hand_Drive?,Journey_Purpose_of_Driver,Sex_of_Driver,Age_of_Driver,Age_Band_of_Driver,Engine_Capacity_(CC),Propulsion_Code,Age_of_Vehicle,Driver_IMD_Decile,Driver_Home_Area_Type,Vehicle_IMD_Decile
201550CT3Y006,1,9,0,18,0,0,1,0,0,0,1,1,6,1,21,5,1527,2,17,-1,3,-1
201550CT3Y006,2,9,0,18,0,0,0,0,0,0,1,1,6,2,39,7,2231,2,2,-1,3,-1
201550CT3Y007,1,9,0,17,0,0,0,0,7,0,3,1,6,2,38,7,1360,1,12,-1,3,-1
201550CT3Y008,1,9,0,17,0,0,0,0,1,0,4,1,2,2,19,4,-1,-1,-1,-1,3,-1
201550CT3Y010,1,9,0,17,0,1,1,6,1,9,1,1,3,1,46,8,1560,2,5,-1,3,-1
201550CT4A001,1,9,0,4,0,1,0,0,0,0,2,1,6,1,34,6,1984,1,7,-1,3,-1
201550CT4A001,2,5,0,18,0,1,5,0,0,0,1,1,6,1,39,7,600,1,15,-1,3,-1
201550DE2A001,1,9,0,18,0,1,0,0,0,11,1,1,6,1,21,5,-1,-1,-1,-1,1,-1
201550DE2A002,1,9,0,17,0,0,2,0,0,0,4,1,6,1,72,10,-1,-1,-1,-1,3,-1
201550DE2A003,1,9,0,1,0,2,0,0,0,0,2,1,6,1,-1,-1,1598,1,4,-1,1,-1
201550DE2A003,2,9,0,3,0,2,0,0,0,0,1,1,6,1,21,5,1360,1,9,-1,1,-1
201550DE2A004,1,9,0,1,0,1,0,0,0,0,2,1,6,2,22,5,1199,1,13,-1,1,-1
201550DE2A004,2,9,0,18,0,1,0,0,0,0,3,1,6,1,47,8,1995,2,7,-1,1,-1
201550DE2A007,1,1,0,18,0,0,0,0,0,0,1,1,6,2,22,5,-1,-1,-1,-1,1,-1
201550DE2A007,2,19,0,2,0,0,0,0,0,0,1,1,6,1,39,7,2198,2,4,-1,1,-1
201550DE2A009,1,5,0,17,0,0,0,0,0,0,1,1,1,1,21,5,937,1,20,-1,1,-1
201550DE2A009,2,9,0,4,0,0,0,0,0,0,1,1,6,1,24,5,1298,1,16,-1,1,-1
201550DE2A010,1,9,0,18,0,1,0,0,0,0,4,1,6,1,59,9,2445,2,20,-1,1,-1
201550DE2A010,2,1,0,18,0,1,0,0,0,0,1,1,6,1,12,3,-1,-1,-1,-1,1,-1
201550DE2A011,1,9,0,15,0,8,0,0,0,0,1,1,6,1,73,10,1798,1,6,-1,3,-1
201550DE2A011,2,9,0,9,0,8,0,0,0,0,4,1,2,1,22,5,1398,2,1,-1,1,-1
201550DE2B001,1,9,0,18,0,0,0,4,0,0,1,1,6,2,79,11,1798,1,1,-1,2,-1
201550DE2B001,2,9,0,2,0,0,0,0,0,0,1,1,6,2,-1,-1,1997,1,10,-1,1,-1
201550DE2B002,1,9,0,9,0,1,1,0,0,0,4,1,6,1,26,6,-1,-1,-1,-1,1,-1
201550DE2B002,2,5,0,18,0,1,1,0,0,0,1,1,6,1,31,6,988,1,10,-1,1,-1
201550DE2B003,1,9,0,5,0,4,0,0,0,0,1,1,6,2,23,5,2179,2,8,-1,3,-1
201550DE2B003,2,4,0,9,0,3,2,0,0,0,1,1,6,1,31,6,-1,-1,-1,-1,2,-1
201550DE2B004,1,9,0,7,0,5,0,0,0,0,1,1,1,1,47,8,1497,8,7,-1,1,-1
201550DE2B005,1,1,0,18,0,0,0,0,0,0,0,1,6,3,-1,-1,-1,-1,-1,-1,-1,-1
201550DE2B006,1,9,0,16,0,0,0,0,0,2,1,1,6,1,58,9,1560,2,1,-1,1,-1
201550DE2B007,1,9,0,4,0,1,0,0,0,0,1,1,2,2,29,6,1596,1,12,-1,2,-1
201550DE2B007,2,1,0,17,0,1,0,0,0,0,1,1,2,1,24,5,-1,-1,-1,-1,1,-1
201550DE2B008,1,9,0,9,0,1,0,0,0,0,1,1,1,1,68,10,2494,1,14,-1,3,-1
201550DE2B008,2,9,0,18,0,1,0,0,0,0,1,1,6,2,25,5,1229,1,5,-1,2,-1
201550DE2B009,1,9,0,18,0,0,0,0,0,0,0,1,2,1,22,5,1368,1,5,-1,1,-1
201550DE2C003,1,9,0,18,0,0,0,0,0,0,3,1,3,1,42,7,1997,2,2,-1,1,-1
201550DE2D001,1,9,0,3,0,0,0,0,0,0,2,1,6,1,49,8,1591,1,3,-1,1,-1
201550DE2D001,2,9,0,3,0,0,0,0,0,0,2,1,6,2,43,7,1248,1,3,-1,1,-1
201550DE2D001,3,9,0,4,0,0,0,0,0,0,1,1,6,1,24,5,973,1,12,-1,1,-1
201550DE2D002,1,9,0,14,0,0,1,4,0,0,4,1,2,2,24,5,1199,1,11,-1,1,-1
201550DE2D002,2,9,0,2,0,0,0,0,0,0,3,1,6,2,43,7,1242,1,11,-1,1,-1
201550DE2D003,1,11,0,4,0,0,0,0,0,0,0,1,1,1,54,8,4250,2,11,-1,1,-1
201550DE2D003,2,1,0,18,0,0,0,0,0,0,0,1,6,3,-1,-1,-1,-1,-1,-1,-1,-1
201550DE2D004,1,9,0,18,0,1,0,0,0,0,1,1,6,2,20,4,-1,-1,-1,-1,1,-1
201550DE2D004,2,1,0,18,0,1,0,0,0,0,2,1,6,2,20,4,-1,-1,-1,-1,1,-1
201550DE2D005,1,9,0,10,0,2,0,0,0,0,1,1,6,1,48,8,1796,1,15,-1,1,-1
201550DE2D005,2,5,0,18,0,1,0,0,0,0,4,1,6,1,45,7,980,1,33,-1,1,-1
201550DE2D011,1,9,0,5,0,0,0,0,0,0,1,1,6,2,25,5,2996,1,9,-1,1,-1
201550DE2E003,1,21,0,5,0,0,0,0,0,0,4,1,1,1,-1,-1,12809,2,1,-1,-1,-1
201550DE2E007,1,9,0,18,0,1,0,0,0,0,1,1,6,2,26,6,-1,-1,-1,-1,1,-1
201550DE2E007,2,5,0,10,0,1,0,0,0,0,2,1,6,2,52,8,865,1,2,-1,1,-1
201550DE2E008,1,9,0,18,0,0,0,0,0,0,1,1,6,2,41,7,1753,2,8,-1,1,-1
201550DE2E012,1,19,0,13,0,0,0,0,0,0,4,1,1,1,40,7,2198,2,4,-1,1,-1
201550DE2E012,2,2,0,18,0,0,0,0,0,0,3,1,6,1,17,4,49,1,16,-1,1,-1
201550DE2E017,1,19,0,18,0,0,0,0,0,0,1,1,1,1,24,5,1248,2,9,-1,1,-1
201550DE2E017,2,1,0,12,0,0,0,0,0,0,4,1,2,1,26,6,-1,-1,-1,-1,1,-1
201550DE2E018,1,3,0,18,0,0,0,0,0,0,1,1,1,1,38,7,124,1,-1,-1,3,-1
201550DE2E019,1,9,0,5,0,8,0,0,0,0,3,1,6,1,36,7,1389,1,15,-1,1,-1
201550DE2E019,2,3,0,14,0,8,0,0,0,0,4,1,6,2,20,4,124,1,2,-1,1,-1
201550DE2E020,1,9,0,7,0,6,0,0,0,0,2,1,6,3,-1,-1,1997,2,9,-1,-1,-1
201550DE2E020,2,1,0,18,0,1,0,0,0,0,1,1,1,1,29,6,-1,-1,-1,-1,1,-1
201550DE2E022,1,9,0,18,0,8,0,0,0,0,1,1,6,1,56,9,1590,1,22,-1,3,-1
201550DE2E022,2,1,0,18,0,8,0,0,0,0,4,1,6,1,60,9,-1,-1,-1,-1,1,-1
201550DE2E023,1,9,0,9,0,8,0,0,0,0,1,1,6,3,-1,-1,-1,-1,-1,-1,-1,-1
201550DE2E023,2,2,0,18,0,8,0,0,0,0,3,1,4,2,16,4,49,1,-1,-1,1,-1
201550DE2E024,1,19,0,1,0,8,0,0,0,0,2,1,1,1,32,6,1248,2,4,-1,3,-1
201550DE2E026,1,9,0,9,0,1,0,0,0,0,1,1,6,1,60,9,1796,1,16,-1,1,-1
201550DE2E026,2,1,0,18,0,1,0,0,0,0,1,1,6,1,41,7,-1,-1,-1,-1,1,-1
201550DE2E027,1,1,0,18,0,1,0,0,0,0,4,1,6,1,-1,-1,-1,-1,-1,-1,-1,-1
201550DE2E027,2,9,0,18,0,1,0,0,0,0,1,1,1,1,33,6,1686,2,4,-1,1,-1
201550DE2E030,1,9,0,7,0,2,0,0,0,0,1,1,6,2,51,8,1968,2,5,-1,1,-1
201550DE2E030,2,1,0,18,0,2,0,0,0,0,2,1,2,2,54,8,-1,-1,-1,-1,1,-1
201550DE2E031,1,17,4,9,0,6,5,0,1,0,4,1,1,1,19,4,-1,2,5,-1,3,-1
201550DE2F001,1,9,0,18,0,0,0,0,0,0,4,1,6,2,53,8,2500,1,5,-1,3,-1
201550DE2F008,1,9,0,18,0,0,0,0,0,0,1,1,6,1,60,9,1399,1,6,-1,2,-1
201550DE2F010,1,9,0,18,0,0,2,4,0,0,1,1,6,2,22,5,1598,2,5,-1,3,-1
201550DE2F010,2,9,0,1,0,0,0,0,0,0,1,1,6,1,34,6,1896,2,13,-1,1,-1
201550DE2F012,1,9,0,4,0,1,0,0,0,0,1,1,6,2,55,8,1997,2,10,-1,3,-1
201550DE2F012,2,19,0,3,0,1,0,0,0,0,2,1,1,2,30,6,-1,-1,-1,-1,1,-1
201550DE2F016,1,9,0,2,0,0,0,0,0,0,0,1,6,1,55,8,1388,1,3,-1,1,-1
201550DE2F016,2,1,0,18,0,0,0,0,0,0,0,1,6,1,46,8,-1,-1,-1,-1,1,-1
201550DE2F017,1,3,0,14,0,1,0,0,0,0,1,1,6,3,-1,-1,125,1,-1,-1,-1,-1
201550DE2F018,1,9,0,18,0,0,0,4,0,0,1,1,6,1,28,6,1796,1,13,-1,1,-1
201550DE2F018,2,9,0,2,0,0,0,4,0,0,1,1,6,1,-1,-1,1997,2,5,-1,1,-1
201550DE2F018,3,19,0,2,0,0,0,4,0,0,1,1,6,1,-1,-1,1461,2,6,-1,3,-1
201550DE2F018,4,9,0,2,0,0,0,0,0,0,1,1,6,1,-1,-1,-1,-1,-1,-1,1,-1
201550DE2F019,1,9,0,18,0,1,0,0,0,0,1,1,6,2,-1,-1,2720,2,9,-1,2,-1
201550DE2F019,2,9,0,3,0,1,0,0,0,0,2,1,2,2,24,5,1149,1,10,-1,1,-1
201550DE2F020,1,22,0,18,0,8,0,0,0,0,3,1,6,2,69,10,-1,-1,-1,-1,1,-1
201550DE2F020,2,9,0,9,0,8,0,0,0,0,1,1,6,3,-1,-1,-1,-1,-1,-1,-1,-1
201550DE2F021,1,9,0,4,0,1,0,0,0,0,1,1,6,1,55,8,1984,1,7,-1,1,-1
201550DE2F021,2,9,0,4,0,1,0,0,0,0,2,1,2,2,28,6,1896,2,15,-1,1,-1
201550DE2F022,1,9,0,5,0,4,0,0,0,0,1,1,1,2,42,7,1910,2,8,-1,3,-1
201550DE2F022,2,1,0,18,0,4,0,0,0,0,1,1,6,2,45,7,-1,-1,-1,-1,3,-1
201550DE2F023,1,9,0,9,0,5,0,0,0,0,3,1,6,2,20,4,998,1,7,-1,1,-1
201550DE2F023,2,5,0,18,0,1,1,0,0,0,1,1,6,1,21,5,599,1,18,-1,1,-1
201550DE2G001,1,9,0,9,0,8,0,0,0,0,1,1,6,1,50,8,1461,2,7,-1,1,-1
201550DE2G001,2,9,0,18,0,8,0,0,0,0,2,1,6,2,54,8,1299,1,12,-1,1,-1
201550DE2G006,1,9,0,9,0,6,0,0,0,0,1,1,6,2,31,6,1596,1,10,-1,1,-1
201550DE2G008,1,9,0,13,0,0,0,0,0,0,0,1,6,2,43,7,1595,1,9,-1,1,-1
201550DE2G008,2,5,0,18,0,0,1,10,1,0,1,1,6,1,38,7,649,1,13,-1,1,-1
201550DE2G010,1,9,0,18,0,0,0,0,0,0,1,1,6,3,-1,-1,-1,-1,-1,-1,-1,-1
201550DE2G011,1,90,0,18,0,6,0,0,0,0,1,1,6,1,-1,-1,-1,-1,-1,-1,-1,-1
201550DE2G011,2,9,0,18,0,1,0,0,0,0,3,1,2,2,19,4,2378,1,10,-1,1,-1
201550DE2G012,1,11,0,18,0,1,0,0,0,0,0,1,1,2,32,6,-1,-1,-1,-1,1,-1
201550DE2G012,2,1,0,10,0,1,0,0,0,0,3,1,6,1,26,6,-1,-1,-1,-1,1,-1
201550DE2G013,1,3,0,18,0,3,0,0,0,0,1,1,6,1,19,4,-1,-1,-1,-1,1,-1
201550DE2G013,2,9,0,18,0,1,0,0,0,0,3,1,6,2,25,5,1997,2,12,-1,1,-1
201550DE2G014,1,9,0,9,0,5,0,0,0,0,1,1,6,1,25,5,1871,2,12,-1,1,-1
201550DE2G014,2,1,0,15,0,1,0,0,0,0,1,1,6,1,25,5,-1,-1,-1,-1,1,-1
201550DE2G015,1,9,0,18,0,8,0,0,0,0,1,1,1,1,33,6,1598,2,3,-1,1,-1
201550DE2G015,2,9,0,9,0,6,0,0,0,0,3,1,6,1,26,6,1587,1,8,-1,1,-1
201550DE2G016,1,9,0,18,0,0,0,7,0,0,1,1,2,1,32,6,1560,2,4,-1,2,-1
201550DE2H001,1,9,0,18,0,4,0,0,0,0,1,1,6,2,57,9,1397,1,13,-1,1,-1
201550DE2H001,2,1,0,18,0,4,0,0,0,0,3,1,1,1,37,7,-1,-1,-1,-1,1,-1
201550DE2H004,1,9,0,18,0,0,0,0,0,0,1,1,6,3,-1,-1,-1,-1,-1,-1,-1,-1
201550DE2H004,2,1,0,18,0,0,0,0,0,0,2,1,6,2,50,8,-1,-1,-1,-1,1,-1
201550DE2H005,1,9,0,18,0,0,0,0,0,0,3,1,6,3,-1,-1,-1,-1,-1,-1,-1,-1
201550DE2H006,1,9,0,18,0,1,5,0,0,0,1,1,2,1,24,5,-1,-1,-1,-1,1,-1
201550DE2H007,1,1,0,18,9,1,0,0,0,0,1,1,6,1,12,3,-1,-1,-1,-1,1,-1
201550DE2H007,2,9,0,5,9,6,0,0,0,0,3,1,6,2,23,5,1397,1,13,-1,1,-1
201550DE2H009,1,9,0,18,0,0,0,0,2,2,1,1,2,1,18,4,1124,1,15,-1,3,-1
201550DE2H010,1,9,0,9,0,4,0,0,0,0,3,1,6,1,22,5,1497,8,4,-1,1,-1
201550DE2H010,2,3,0,18,0,4,1,0,0,0,1,1,6,1,17,4,125,1,-1,-1,3,-1
201550DE2H011,1,9,0,9,0,8,0,0,0,0,1,1,6,1,31,6,1199,1,16,-1,1,-1
201550DE2H011,2,1,0,18,0,8,0,0,0,0,4,1,6,1,31,6,-1,-1,-1,-1,1,-1
201550DE2H012,1,9,0,18,0,0,0,0,0,0,4,1,6,3,-1,-1,-1,-1,-1,-1,-1,-1
201550DE2H013,1,9,0,18,0,0,1,0,0,0,1,1,6,1,42,7,2494,2,28,-1,3,-1
201550DE2H013,2,9,0,4,0,0,0,0,0,0,2,1,6,2,26,6,1998,1,7,-1,1,-1
201550DE2H014,1,9,0,18,0,1,0,0,0,0,1,1,6,1,24,5,1896,2,13,-1,1,-1
201550DE2H014,2,1,0,18,0,6,0,0,0,0,1,1,6,1,13,3,-1,-1,-1,-1,1,-1
201550DE2H015,1,3,0,14,0,0,0,0,0,0,1,1,1,1,28,6,125,1,3,-1,2,-1
201550DE2H015,2,9,0,10,0,0,0,0,0,0,3,1,3,2,35,6,1968,2,3,-1,1,-1
201550DE2H016,1,19,0,3,0,1,0,0,0,0,1,1,1,1,53,8,1998,2,10,-1,1,-1
201550DE2H016,2,9,0,3,0,1,0,0,0,0,2,1,6,1,44,7,1560,2,2,-1,2,-1
201550DE2H017,1,9,0,10,0,6,0,0,0,0,3,1,2,2,23,5,-1,-1,-1,-1,1,-1
201550DE2H017,2,3,0,18,0,1,2,0,0,0,1,1,2,1,27,6,124,1,2,-1,1,-1
201550DE2H018,1,9,0,18,0,1,0,0,0,0,1,1,6,3,-1,-1,-1,-1,-1,-1,-1,-1
201550DE2H018,2,9,0,2,0,1,0,0,0,0,4,1,6,1,23,5,1229,1,5,-1,1,-1
201550DE2H019,1,9,0,9,0,6,0,0,0,0,1,1,1,1,53,8,1910,2,9,-1,1,-1
201550DE2H019,2,9,0,18,0,1,0,0,0,0,1,1,6,1,30,6,1995,2,2,-1,1,-1
201550DE2H020,1,9,0,5,0,0,0,0,0,0,0,1,6,2,29,6,1198,1,6,-1,1,-1
201550DE2H021,1,9,0,9,0,1,0,0,0,0,4,1,2,2,28,6,1242,1,11,-1,1,-1
201550DE2H021,2,1,0,18,9,1,1,0,0,0,1,1,6,1,33,6,-1,-1,-1,-1,1,-1
201550DE2H022,1,9,0,18,0,0,0,0,0,0,1,1,6,1,-1,-1,-1,-1,-1,-1,-1,-1
201550DE2H022,2,1,0,18,0,0,0,0,0,0,3,1,2,1,13,3,-1,-1,-1,-1,1,-1
201550DE2H023,1,9,0,5,0,8,0,0,0,0,1,1,6,1,83,11,1332,1,5,-1,1,-1
201550DE2H023,2,1,0,18,0,1,0,0,0,0,1,1,6,1,10,2,-1,-1,-1,-1,1,-1
201550DE2I001,1,9,0,11,0,8,0,0,0,0,1,1,6,1,61,9,1834,1,14,-1,1,-1
201550DE2I001,2,9,0,18,0,8,0,0,0,0,3,1,6,2,24,5,1299,1,15,-1,1,-1
201550DE2I002,1,9,4,3,0,1,0,0,0,0,1,1,6,1,66,10,1870,2,10,-1,1,-1
201550DE2I002,2,3,0,3,0,1,0,0,0,0,2,1,6,2,66,10,109,1,2,-1,1,-1
201550DE2I003,1,9,0,18,0,3,0,0,0,0,1,1,1,1,18,4,1896,2,9,-1,1,-1
201550DE2I003,2,1,0,18,0,1,0,0,0,0,1,1,6,1,18,4,-1,-1,-1,-1,1,-1
201550DE2I004,1,9,0,2,0,0,0,0,0,0,3,1,6,1,37,7,1390,1,12,-1,1,-1
201550DE2I004,2,1,0,18,0,0,0,0,0,0,1,1,6,2,18,4,-1,-1,-1,-1,1,-1
201550DE2I005,1,9,0,9,0,5,0,0,0,0,3,1,6,2,32,6,998,1,11,-1,1,-1
201550DE2I008,1,8,0,18,0,0,0,0,0,0,4,1,1,1,27,6,-1,-1,-1,-1,1,-1
201550DE2I010,1,9,0,9,0,5,0,0,0,0,3,1,6,2,61,9,1598,1,1,-1,3,-1
201550DE2I010,2,1,0,18,0,1,0,0,0,0,1,1,4,1,17,4,-1,-1,-1,-1,1,-1
201550DE2I011,1,11,0,18,0,0,0,0,0,0,0,1,1,1,53,8,4500,2,4,-1,2,-1
201550DE2I012,1,9,0,1,9,0,0,0,0,0,2,1,1,2,44,7,-1,-1,-1,-1,2,-1
201550DE2I014,1,3,0,17,0,0,1,0,0,0,0,1,6,2,22,5,125,1,1,-1,1,-1
201550DE2I021,1,19,0,7,0,5,0,0,0,0,0,1,1,1,22,5,2143,2,4,-1,1,-1
201550DE2I021,2,1,0,18,0,1,0,0,0,0,4,1,6,1,20,4,-1,-1,-1,-1,1,-1
201550DE2I025,1,9,0,5,0,1,0,0,0,0,1,1,6,2,59,9,1397,1,3,-1,2,-1
201550DE2I026,1,8,0,5,0,1,0,0,0,0,1,1,1,1,42,7,1497,8,8,-1,1,-1
201550DE2I028,1,9,0,9,0,1,0,0,0,0,3,1,6,1,21,5,1988,1,13,-1,3,-1
201550DE2I028,2,1,0,18,0,1,0,0,0,0,1,1,2,1,44,7,-1,-1,-1,-1,1,-1
201550DE2I029,1,9,0,4,0,0,0,0,0,0,1,1,6,1,20,4,1796,1,13,-1,1,-1
201550DE2I029,2,9,0,4,0,0,0,0,0,0,2,1,6,1,33,6,1800,1,16,-1,1,-1
201550DE2I029,3,9,0,4,0,0,0,0,0,0,3,1,6,1,25,5,1995,2,11,-1,1,-1
201550DE2I030,1,9,0,4,0,0,0,0,0,0,1,1,6,1,56,9,2494,1,14,-1,3,-1
201550DE2I030,2,9,0,3,0,0,0,0,0,0,2,1,6,2,29,6,1598,1,9,-1,1,-1
201550DE2I031,1,9,0,18,0,1,0,0,0,0,1,1,6,1,35,6,2835,2,17,-1,1,-1
201550DE2I031,2,9,0,3,0,1,0,0,0,0,2,1,6,1,35,6,-1,-1,-1,-1,2,-1
201550DE2I032,1,9,0,18,0,0,0,0,0,0,0,1,6,2,76,11,1797,8,5,-1,1,-1
201550DE2I034,1,21,0,18,0,1,0,0,0,0,1,1,1,1,33,6,10518,2,3,-1,2,-1
201550DE2I036,1,9,0,17,0,0,1,10,1,2,1,1,6,1,18,4,1149,1,8,-1,1,-1
201550DE2I037,1,9,0,9,0,4,0,0,0,0,1,1,1,1,-1,-1,1753,2,5,-1,1,-1
201550DE2I037,2,1,0,9,0,4,0,0,0,0,1,1,1,1,43,7,-1,-1,-1,-1,1,-1
201550DE2I044,1,9,0,17,0,0,1,10,8,11,3,1,6,1,19,4,1149,1,14,-1,1,-1
201550DE2I045,1,1,0,18,0,0,0,0,0,0,1,1,6,1,-1,-1,-1,-1,-1,-1,-1,-1
201550DE2I046,1,1,0,18,5,1,0,0,0,0,1,1,6,2,71,10,-1,-1,-1,-1,1,-1
201550DE2I046,2,1,0,3,5,1,0,0,0,0,1,1,2,1,57,9,-1,-1,-1,-1,1,-1
201550DE2I048,1,9,0,9,0,1,0,0,0,0,3,1,6,1,40,7,1896,2,11,-1,1,-1
201550DE2I048,2,1,0,13,0,1,0,0,0,0,1,1,6,1,-1,-1,-1,-1,-1,-1,1,-1
201550DE2I051,1,1,0,9,0,8,0,0,0,0,4,1,2,1,49,8,-1,-1,-1,-1,1,-1
201550DE2I051,2,9,0,9,0,8,0,0,0,0,1,1,6,1,72,10,1896,2,8,-1,3,-1
201550DE2I053,1,11,0,18,0,0,0,0,0,0,0,1,1,3,-1,-1,-1,-1,-1,-1,-1,-1
201550DE2I053,2,1,0,18,0,0,0,0,0,0,0,1,1,1,17,4,-1,-1,-1,-1,1,-1
201550DE2I054,1,9,0,4,0,1,0,0,0,0,1,1,2,1,23,5,1896,2,15,-1,1,-1
201550DE2I054,2,9,0,4,0,1,0,0,0,0,2,1,2,1,38,7,1850,1,15,-1,1,-1
201550DE2I054,3,9,0,3,0,1,0,0,0,0,0,1,1,1,30,6,1686,2,2,-1,-1,-1
201550DE2I055,1,9,0,18,0,2,0,0,0,0,0,1,6,3,-1,-1,-1,-1,-1,-1,-1,-1
201550DE2I056,1,9,0,17,9,2,0,10,7,11,1,1,6,1,39,7,2497,2,17,-1,3,-1
201550DE2I057,1,9,0,9,2,8,0,0,0,0,0,1,6,2,22,5,1390,1,5,-1,1,-1
201550DE2I057,2,1,0,18,0,1,1,0,0,0,0,1,1,1,20,4,-1,-1,-1,-1,1,-1
201550DE2I060,1,9,0,5,0,4,0,0,0,0,1,1,6,2,45,7,1991,2,10,-1,2,-1
201550DE2I060,2,5,0,18,0,8,0,0,0,0,4,1,6,1,50,8,599,1,18,-1,1,-1
201550DE2I061,1,9,0,1,0,1,0,0,0,0,2,1,6,1,25,5,1395,1,-1,-1,1,-1
201550DE2I062,1,9,0,9,0,5,0,0,0,0,3,2,1,1,20,4,1596,1,13,-1,1,-1
201550DE2I062,2,5,0,14,0,1,0,0,0,0,1,1,1,1,45,7,599,1,16,-1,3,-1
201550DE2I065,1,1,0,15,0,0,0,0,0,0,3,1,6,1,17,4,-1,-1,-1,-1,1,-1
201550DE2I065,2,19,0,3,0,0,0,0,0,0,4,1,6,3,-1,-1,-1,-1,-1,-1,-1,-1
201550DE2J006,1,9,0,14,0,1,0,0,0,0,1,1,6,2,72,10,-1,-1,-1,-1,1,-1
201550DE2J007,1,9,0,4,0,1,0,0,0,0,1,1,6,2,60,9,1461,2,2,-1,3,-1
201550DE2J007,2,9,0,2,0,1,0,0,0,0,2,1,6,1,53,8,-1,-1,-1,-1,1,-1
201550DE2J008,1,9,0,18,0,0,0,0,0,0,1,1,1,2,-1,-1,1998,2,1,-1,-1,-1
201550DE2J008,2,9,0,3,0,0,0,0,0,0,2,1,6,1,58,9,1781,1,11,-1,1,-1
201550DE2J008,3,9,0,3,0,0,0,0,0,0,2,1,6,1,52,8,2400,2,7,-1,3,-1
201550DE2J010,1,1,0,18,9,1,0,4,0,0,1,1,6,1,-1,-1,-1,-1,-1,-1,-1,-1
201550DE2J010,2,9,0,5,0,1,0,0,0,0,1,1,6,2,45,7,1399,2,7,-1,1,-1
201550DE2J011,1,19,0,18,0,0,0,4,0,0,4,1,1,1,46,8,-1,-1,-1,-1,1,-1
201550DE2J011,2,9,0,2,0,0,0,4,0,0,2,1,6,1,46,8,1598,1,1,-1,1,-1
201550DE2J011,3,9,0,2,0,0,0,4,0,0,1,1,6,2,66,10,1363,2,11,-1,1,-1
201550DE2J011,4,9,0,2,0,0,0,4,0,0,2,1,6,1,56,9,1560,2,10,-1,1,-1
201550DE2J011,5,9,0,2,0,0,0,4,0,0,2,1,6,1,56,9,2398,1,19,-1,1,-1
201550DE2J012,1,9,0,2,0,0,0,0,0,0,3,1,6,2,-1,-1,-1,-1,-1,-1,-1,-1
201550DE2J012,2,1,0,18,0,0,1,4,0,0,1,1,6,2,35,6,-1,-1,-1,-1,1,-1
201550DE2J013,1,9,0,4,0,0,0,0,0,0,0,1,6,1,24,5,1995,2,5,-1,2,-1
201550DE2J013,2,9,0,18,0,0,0,0,0,0,1,1,6,1,27,6,1248,2,1,-1,1,-1
201550DE2J015,1,11,0,4,2,0,0,0,0,0,1,1,1,1,49,8,9000,2,1,-1,1,-1
201550DE2J020,1,9,0,7,0,1,0,0,0,0,4,1,1,2,50,8,998,1,-1,-1,3,-1
201550DE2J020,2,1,0,18,0,1,0,0,0,0,3,1,6,1,41,7,-1,-1,-1,-1,1,-1
201550DE2J029,1,9,0,18,0,1,0,0,0,0,1,1,6,3,-1,-1,1328,1,13,-1,-1,-1
201550DE2J029,2,9,0,3,0,1,0,0,0,0,2,1,6,2,54,8,1598,1,7,-1,1,-1
201550DE2J031,1,9,0,9,0,1,0,0,0,0,4,1,6,1,31,6,1689,2,13,-1,1,-1
201550DE2J031,2,9,0,18,0,1,0,0,0,0,1,1,6,1,55,8,1997,2,14,-1,1,-1
201550DE2J032,1,1,0,4,0,0,0,0,0,0,1,1,2,1,28,6,-1,-1,-1,-1,1,-1
201550DE2J032,2,9,0,3,0,0,0,0,0,0,2,1,2,2,57,9,1956,2,-1,-1,1,-1
201550DE2J033,1,9,0,18,0,8,0,0,0,0,1,1,1,2,47,8,2198,2,10,-1,1,-1
201550DE2J034,1,9,0,10,0,1,0,0,0,0,1,1,6,2,41,7,1388,1,3,-1,2,-1
201550DE2J036,1,1,0,15,0,1,0,0,0,0,1,1,6,2,-1,-1,-1,-1,-1,-1,-1,-1
201550DE2J036,2,1,0,18,0,1,0,0,0,0,4,1,6,1,47,8,-1,-1,-1,-1,1,-1
201550DE2J039,1,9,0,5,0,0,0,0,0,0,3,1,6,1,39,7,1896,2,13,-1,-1,-1
201550DE2J039,2,3,0,14,0,0,0,0,0,0,4,1,6,1,18,4,125,1,-1,-1,3,-1
201550DE2J042,1,11,0,10,0,1,0,0,0,0,1,1,1,3,-1,-1,-1,-1,-1,-1,-1,-1
201550DE2J043,1,9,0,5,0,1,0,0,0,0,1,1,6,3,-1,-1,-1,-1,-1,-1,-1,-1
201550DE2K003,1,9,0,9,0,8,0,0,0,0,1,1,6,1,27,6,1299,1,12,-1,1,-1
201550DE2K003,2,1,0,18,0,8,0,0,0,0,1,1,2,2,32,6,-1,-1,-1,-1,1,-1
201550DE2K006,1,9,0,9,0,2,0,0,0,0,4,1,6,1,35,6,1798,1,13,-1,1,-1
201550DE2K010,1,9,0,5,0,1,0,0,0,0,1,1,2,2,28,6,1582,2,2,-1,2,-1
201550DE2K013,1,19,0,9,0,8,0,0,0,0,0,1,1,1,53,8,1753,2,6,-1,2,-1
201550DE2K013,2,9,0,18,0,8,0,0,0,0,0,1,6,2,35,6,1422,2,12,-1,1,-1
201550DE2K015,1,9,0,13,0,0,0,0,0,0,2,1,1,1,23,5,1149,1,6,-1,1,-1
201550DE2K015,2,1,0,18,0,0,0,0,0,0,1,1,6,1,48,8,-1,-1,-1,-1,1,-1
201550DE2K016,1,9,0,4,0,1,0,0,0,0,1,1,6,1,52,8,2993,2,-1,-1,1,-1
201550DE2K016,2,19,0,3,0,1,0,0,0,0,2,1,1,1,25,5,-1,-1,-1,-1,1,-1
201550DE2K017,1,9,0,18,0,0,0,4,0,0,1,1,6,3,-1,-1,1590,1,19,-1,-1,-1
201550DE2K017,2,9,0,2,0,0,0,0,0,0,4,1,3,2,36,7,2967,2,11,-1,3,-1
201550DE2K019,1,9,0,9,0,5,0,0,0,0,1,1,6,1,29,6,1870,2,10,-1,1,-1
201550DE2K019,2,1,0,18,0,1,1,0,0,0,1,1,3,1,18,4,-1,-1,-1,-1,1,-1