Accident_Index,Vehicle_Reference,Vehicle_Type,Towing_and_Articulation,Vehicle_Manoeuvre,Vehicle_Location-Restricted_Lane,Junction_Location,Skidding_and_Overturning,Hit_Object_in_Carriageway,Vehicle_Leaving_Carriageway,Hit_Object_off_Carriageway,1st_Point_of_Impact,Was_Vehicle_Left_Hand_Drive?,Journey_Purpose_of_Driver,Sex_of_Driver,Age_of_Driver,Age_Band_of_Driver,Engine_Capacity_(CC),Propulsion_Code,Age_of_Vehicle,Driver_IMD_Decile,Driver_Home_Area_Type,Vehicle_IMD_Decile
201550EC2D001,1,19,0,1,0,0,0,0,0,0,2,1,2,1,35,6,1399,2,5,-1,1,-1
201550EC2D001,2,3,0,3,0,0,0,0,0,0,1,1,6,1,67,10,125,1,3,-1,1,-1
201550EC2D002,1,5,0,18,0,0,0,0,0,0,4,1,2,1,23,5,806,1,1,-1,1,-1
201550EC2D004,1,9,0,16,0,0,1,0,7,11,4,1,6,1,20,4,1999,1,9,-1,1,-1
201550EC2D006,1,9,0,18,0,0,0,0,0,0,1,1,6,2,70,10,1598,1,1,-1,1,-1
201550EC2D007,1,1,0,18,0,0,0,0,0,0,3,1,6,1,21,5,-1,-1,-1,-1,1,-1
201550EC2D007,2,11,0,18,0,0,0,0,0,0,4,1,1,2,58,9,6700,2,7,-1,1,-1
201550EC2D008,1,19,0,18,0,1,0,0,0,0,1,1,1,1,26,6,1560,2,2,-1,1,-1
201550EC2D008,2,8,0,9,0,1,0,0,0,0,2,1,1,1,59,9,1910,2,8,-1,1,-1
201550EC2D011,1,9,0,5,0,0,0,0,0,0,1,1,6,1,45,7,1984,1,13,-1,1,-1
201550EC2D011,2,9,0,2,0,0,0,0,0,0,1,1,6,2,26,6,1398,1,1,-1,1,-1
201550EC2D011,3,9,0,2,0,0,0,0,0,0,2,1,6,2,57,9,998,1,13,-1,1,-1
201550EC2D011,4,9,0,2,0,0,0,0,0,0,1,1,6,1,36,7,1618,1,3,-1,1,-1
201550EC2D015,1,1,0,18,0,0,0,0,0,0,1,1,6,1,-1,-1,-1,-1,-1,-1,-1,-1
201550EC2D016,1,9,0,5,0,3,0,0,0,0,3,1,2,1,40,7,1997,2,13,-1,1,-1
201550EC2D019,1,5,0,14,0,1,0,0,0,0,1,1,6,1,36,7,599,1,15,-1,1,-1
201550EC2D019,2,9,0,10,0,2,0,0,0,0,3,1,6,1,52,8,1798,1,9,-1,1,-1
201550EC2D022,1,3,0,18,0,0,0,0,0,0,1,1,6,1,25,5,124,1,1,-1,1,-1
201550EC2D022,2,9,0,2,0,0,0,0,0,0,1,1,6,2,-1,-1,1360,1,11,-1,1,-1
201550EC2D023,1,9,0,18,0,1,0,0,0,0,1,1,6,1,42,7,1299,1,15,-1,3,-1
201550EC2D023,2,9,0,3,0,2,0,0,0,0,2,1,6,2,58,9,1999,1,12,-1,1,-1
201550EC2D024,1,9,0,6,0,1,0,0,0,0,3,1,6,1,38,7,1198,1,-1,-1,1,-1
201550EC2D024,2,9,0,12,0,1,0,0,0,0,1,1,6,2,38,7,1388,1,12,-1,1,-1
201550EC2D025,1,9,0,3,0,1,0,0,0,0,1,1,6,2,34,6,-1,-1,-1,-1,1,-1
201550EC2D026,1,9,0,18,0,4,0,0,0,0,1,1,2,1,26,6,1339,1,13,-1,1,-1
201550EC2D026,2,9,0,4,0,4,0,0,0,0,2,1,6,2,45,7,1997,2,11,-1,1,-1
201550EC2D029,1,9,0,18,0,2,0,0,0,0,1,1,6,2,46,8,1998,1,10,-1,1,-1
201550EC2D029,2,9,0,7,0,1,0,0,0,0,1,1,6,2,50,8,1242,1,14,-1,1,-1
201550EC2D030,1,2,0,18,0,3,0,0,0,0,1,1,6,1,17,4,49,1,12,-1,1,-1
201550EC2D035,1,9,0,18,0,2,0,0,0,0,1,1,6,2,46,8,1198,1,11,-1,1,-1
201550EC2D035,2,1,0,18,0,2,0,0,0,0,3,1,6,1,21,5,-1,-1,-1,-1,1,-1
201550EC2D039,1,9,0,18,0,0,0,0,0,0,1,1,6,1,39,7,1910,2,8,-1,1,-1
201550EC2D041,1,8,0,5,0,1,0,0,0,0,1,1,1,1,29,6,1497,8,7,-1,1,-1
201550EC2D041,2,1,0,18,0,1,0,0,0,0,4,1,6,1,12,3,-1,-1,-1,-1,1,-1
201550EC2D042,1,9,0,5,0,4,0,0,0,0,1,1,6,2,44,7,1397,1,15,-1,3,-1
201550EC2D042,2,3,0,18,0,8,0,0,0,0,1,1,6,1,26,6,124,1,1,-1,1,-1
201550EC2D044,1,9,0,18,0,1,0,0,0,0,4,1,6,1,22,5,1299,1,14,-1,1,-1
201550EC2D044,2,22,0,18,0,1,5,0,1,0,3,1,6,1,32,6,-1,-1,-1,-1,1,-1
201550EC2D047,1,9,0,9,0,6,0,0,0,0,3,1,1,2,31,6,1496,2,1,-1,2,-1
201550EC2D047,2,5,0,18,0,8,2,0,0,0,1,1,6,1,19,4,599,1,17,-1,1,-1
201550EC2D048,1,9,0,1,0,0,0,0,0,0,2,1,1,1,64,9,-1,-1,-1,-1,1,-1
201550EC2D049,1,9,0,18,0,1,0,0,0,0,1,1,1,1,34,6,1797,8,1,-1,1,-1
201550EC2D052,1,9,0,7,0,2,0,0,0,0,4,1,6,2,50,8,1461,2,-1,-1,1,-1
201550EC2D053,1,9,0,18,0,1,0,0,0,0,1,1,6,1,17,4,-1,-1,-1,-1,1,-1
201550EC2D053,2,9,0,9,0,8,0,0,0,0,4,1,6,1,27,6,1388,1,12,-1,1,-1
201550EC2E002,1,9,0,18,0,0,0,0,0,0,4,1,6,2,36,7,1598,2,3,-1,1,-1
201550EC2E004,1,9,0,9,0,1,0,0,0,0,3,1,2,2,40,7,1796,1,16,-1,1,-1
201550EC2E004,2,9,0,14,0,1,0,0,0,0,4,1,6,1,22,5,-1,-1,-1,-1,1,-1
201550EC2E005,1,9,0,11,0,3,0,0,0,0,4,1,6,1,46,8,2967,2,2,-1,1,-1
201550EC2E005,2,5,0,17,0,8,0,0,0,0,3,1,6,1,56,9,1690,1,1,-1,1,-1
201550EC2E007,1,9,0,18,0,0,0,0,0,0,1,1,1,1,49,8,-1,-1,-1,-1,1,-1
201550EC2E009,1,9,0,18,0,4,0,0,0,0,4,1,6,2,45,7,1598,1,7,-1,1,-1
201550EC2E009,2,9,0,18,0,4,0,0,0,0,3,1,6,2,45,7,1995,2,12,-1,1,-1
201550EC2E011,1,3,0,17,0,0,0,10,0,0,1,1,6,1,19,4,125,1,2,-1,2,-1
201550EC2E012,1,9,0,18,0,1,0,0,0,0,1,1,6,1,80,11,1398,1,3,-1,1,-1
201550EC2E012,2,9,0,5,0,1,0,0,0,0,4,1,6,1,23,5,-1,-1,-1,-1,1,-1
201550EC2E013,1,9,0,9,0,5,0,0,0,0,4,1,6,2,66,10,1596,1,9,-1,1,-1
201550EC2E013,2,1,0,18,0,1,0,0,0,0,1,1,6,1,28,6,-1,-1,-1,-1,1,-1
201550EC2E017,1,9,0,3,0,0,0,0,0,0,1,1,6,2,19,4,1149,1,16,-1,3,-1
201550EC2E017,2,9,0,18,0,0,0,0,0,0,2,1,6,2,39,7,1388,1,13,-1,1,-1
201550EC2E018,1,9,0,18,0,1,0,0,0,0,1,1,2,1,23,5,1364,1,8,-1,1,-1
201550EC2E018,2,9,0,3,0,1,0,0,0,0,2,1,2,1,34,6,1753,2,15,-1,1,-1
201550EC2E026,1,9,0,9,0,5,0,0,0,0,4,1,6,2,59,9,1796,1,17,-1,1,-1
201550EC2E026,2,1,0,18,0,1,0,0,0,0,1,1,6,1,39,7,-1,-1,-1,-1,1,-1
201550EC2E028,1,16,0,5,2,0,0,0,0,0,4,1,1,1,31,6,-1,-1,-1,-1,3,-1
201550EC2E030,1,9,0,18,0,1,0,0,0,0,1,1,6,1,34,6,1761,1,18,-1,1,-1
201550EC2E030,2,9,0,4,0,1,0,0,0,0,2,1,6,1,29,6,2793,1,15,-1,1,-1
201550EC2E030,3,9,0,3,0,1,0,0,0,0,2,1,6,2,38,7,1598,1,15,-1,1,-1
201550EC2E033,1,9,0,11,0,6,0,0,0,0,1,1,6,1,31,6,1968,2,9,-1,1,-1
201550EC2E033,2,9,0,18,0,6,0,0,0,0,2,1,6,2,55,8,1798,1,10,-1,1,-1
201550EC2E035,1,9,0,3,0,1,0,0,0,0,1,1,6,3,-1,-1,-1,-1,-1,-1,-1,-1
201550EC2E035,2,9,0,3,0,1,0,0,0,0,2,1,6,2,25,5,1242,1,11,-1,1,-1
201550EC2E039,1,8,0,5,0,0,0,0,0,0,1,1,1,1,37,7,1997,2,11,-1,1,-1
201550EC2E040,1,9,0,18,0,1,0,0,0,0,2,1,6,1,38,7,2494,1,16,-1,1,-1
201550EC2E040,2,9,0,3,0,1,0,0,0,0,0,1,6,1,19,4,973,1,13,-1,1,-1
201550EC2E041,1,9,0,5,0,0,0,0,0,0,1,1,6,1,83,11,1299,1,10,-1,1,-1
201550EC2E043,1,9,0,18,0,1,0,0,0,0,1,1,6,1,62,9,2099,1,11,-1,1,-1
201550EC2E043,2,9,0,4,0,1,0,0,0,0,2,1,6,2,54,8,2460,2,11,-1,1,-1
201550EC2E043,3,9,0,4,0,1,0,0,0,0,2,1,6,2,43,7,1596,1,14,-1,1,-1
201550EC2E043,4,9,0,4,0,1,0,0,0,0,2,1,6,2,59,9,1360,1,8,-1,1,-1
201550EC2E043,5,9,0,4,0,1,0,0,0,0,2,1,6,2,41,7,1560,2,1,-1,1,-1
201550EC2E046,1,3,0,18,0,3,1,0,0,0,1,1,6,1,25,5,124,1,3,-1,1,-1
201550EC2E047,1,9,0,4,0,1,0,0,0,0,1,1,6,1,17,4,-1,-1,-1,-1,1,-1
201550EC2E047,2,9,0,4,0,1,0,0,0,0,2,1,2,1,65,9,1598,1,7,-1,1,-1
201550EC2E047,3,10,0,4,0,1,0,0,0,0,2,1,1,1,59,9,2998,2,1,-1,1,-1
201550EC2E048,1,1,0,4,0,4,0,0,0,0,1,1,6,1,25,5,-1,-1,-1,-1,1,-1
201550EC2E048,2,9,0,18,0,4,0,0,0,0,2,1,6,1,44,7,1753,2,9,-1,1,-1
201550EC2E050,1,97,0,3,0,0,0,0,0,0,3,1,6,1,50,8,125,1,5,-1,1,-1
201550EC2E050,2,9,0,3,0,0,0,0,0,0,3,1,6,2,28,6,999,1,-1,-1,1,-1
201550EC2E051,1,19,0,5,0,0,0,0,0,0,3,1,1,1,49,8,1998,2,14,-1,1,-1
201550EC2E055,1,9,0,8,0,1,0,0,0,0,4,1,6,1,40,7,1997,2,11,-1,1,-1
201550EC2E055,2,1,0,15,4,1,0,0,0,0,3,1,6,1,48,8,-1,-1,-1,-1,1,-1
201550EC2E059,1,9,0,4,0,2,0,0,0,0,3,1,6,1,40,7,1686,2,1,-1,1,-1
201550EC2E059,2,22,0,18,0,1,0,0,0,0,1,1,6,1,32,6,-1,-1,-1,-1,1,-1
201550EC2E061,1,8,0,18,2,0,0,0,0,0,1,1,1,1,67,10,2499,2,6,-1,1,-1
201550EC2E063,1,11,0,4,0,3,0,10,0,1,1,1,1,1,47,8,7300,2,14,-1,1,-1
201550EC2E064,1,9,0,18,0,1,0,0,0,0,1,1,1,1,47,8,1248,2,3,-1,-1,-1
201550EC2E064,2,9,0,18,0,1,0,7,0,1,0,1,1,2,61,9,2148,2,5,-1,-1,-1
201550EC2E068,1,9,0,18,4,8,0,10,1,2,1,1,6,3,-1,-1,1598,1,12,-1,-1,-1
201550EC2E069,1,9,0,5,0,1,0,0,0,0,1,1,6,3,21,5,1399,2,12,-1,1,-1
201550EC2E069,2,9,0,3,0,1,0,0,0,0,2,1,6,2,38,7,1796,1,8,-1,1,-1
201550EC2E072,1,9,0,9,0,6,0,0,0,0,1,1,6,2,37,7,1995,2,11,-1,1,-1
201550EC2E072,2,5,0,3,0,1,0,0,0,0,3,1,6,1,28,6,806,1,1,-1,1,-1
201550EC2E075,1,9,0,18,0,3,0,0,0,0,1,1,6,1,47,8,1000,1,15,-1,1,-1
201550EC2E075,2,9,0,4,0,3,0,0,0,0,2,1,6,2,31,6,1997,1,15,-1,1,-1
201550EC2E076,1,9,0,3,0,1,0,0,0,0,1,1,6,3,-1,-1,-1,-1,-1,-1,-1,-1
201550EC2E076,2,1,0,3,0,1,0,0,0,0,2,1,1,1,32,6,-1,-1,-1,-1,-1,-1
201550EC2E077,1,9,0,18,0,1,0,0,0,0,1,1,6,3,-1,-1,-1,-1,-1,-1,-1,-1
201550EC2E077,2,9,0,3,0,1,0,0,0,0,2,1,6,2,23,5,1598,1,10,-1,1,-1
201550EC2E078,1,9,0,4,0,1,0,0,0,0,1,1,6,2,24,5,1390,1,13,-1,1,-1
201550EC2E078,2,9,0,3,0,1,0,0,0,0,2,1,6,2,40,7,1200,1,1,-1,1,-1
201550EC2E080,1,9,0,18,0,4,0,0,0,0,3,1,6,2,26,6,1242,1,8,-1,1,-1
201550EC2E080,2,1,0,18,0,8,0,0,0,0,1,1,1,1,32,6,-1,-1,-1,-1,2,-1
201550EC2E081,1,1,0,18,0,4,0,0,0,0,1,1,6,1,13,3,-1,-1,-1,-1,1,-1
201550EC2E081,2,9,0,9,0,3,0,0,0,0,1,1,6,1,68,10,1560,2,4,-1,1,-1
201550EC2E082,1,9,0,18,0,2,0,0,0,0,1,1,1,1,42,7,-1,-1,-1,-1,1,-1
201550EC2E085,1,9,0,5,0,8,0,10,7,7,3,1,6,2,39,7,1390,1,11,-1,1,-1
201550EC2E086,1,9,0,18,0,3,0,0,0,0,1,1,6,2,27,6,1995,2,5,-1,1,-1
201550EC2E086,2,1,0,18,0,3,0,0,0,0,2,1,6,1,26,6,-1,-1,-1,-1,1,-1
201550EC2E088,1,8,0,2,2,0,0,0,0,0,3,1,1,1,49,8,1997,2,5,-1,1,-1
201550EC2E088,2,1,0,14,2,0,0,4,0,0,4,1,6,1,11,3,-1,-1,-1,-1,1,-1
201550EC2E089,1,9,0,18,0,0,0,0,0,0,1,1,2,1,38,7,1560,2,9,-1,1,-1
201550EC2E091,1,9,0,6,0,0,0,0,0,0,0,1,1,1,-1,-1,1686,2,2,-1,-1,-1
201550EC2E091,2,9,0,18,0,0,0,0,0,0,0,1,1,1,68,10,-1,-1,-1,-1,1,-1
201550EC2E092,1,9,0,3,0,1,0,0,0,0,4,1,2,1,59,9,-1,-1,-1,-1,1,-1
201550EC2E092,2,1,0,18,0,1,0,0,0,0,4,1,6,1,59,9,-1,-1,-1,-1,1,-1
201550EC2E097,1,11,0,18,0,1,0,0,0,0,1,1,1,1,31,6,5883,2,14,-1,1,-1
201550EC2E104,1,9,0,18,0,1,0,0,0,0,4,1,2,1,46,8,2204,2,10,-1,1,-1
201550EC2E106,1,9,0,7,0,5,0,0,0,0,2,1,2,2,24,5,1598,1,-1,-1,1,-1
201550EC2E106,2,11,0,4,2,1,0,0,0,0,1,1,1,1,59,9,4461,2,1,-1,1,-1
201550EC2E107,1,9,0,3,0,8,0,0,0,0,2,1,6,1,34,6,1995,2,8,-1,1,-1
201550EC2E107,2,9,0,18,0,8,0,0,0,0,1,1,6,3,-1,-1,-1,-1,-1,-1,-1,-1
201550EC2E110,1,9,0,18,0,0,0,0,0,0,4,1,6,2,-1,-1,-1,-1,-1,-1,-1,-1
201550EC2E111,1,9,0,17,0,8,0,0,0,0,1,1,6,2,54,8,1149,1,7,-1,1,-1
201550EC2E111,2,9,0,18,0,3,0,0,0,0,4,1,6,2,30,6,1598,1,12,-1,1,-1
201550EC2E112,1,9,0,1,0,2,0,0,1,11,2,1,6,1,50,8,1598,1,2,-1,1,-1
201550EC2F001,1,9,0,3,0,1,0,0,0,0,1,1,6,1,39,7,1598,1,11,-1,1,-1
201550EC2F001,2,9,0,4,0,1,0,0,0,0,2,1,6,2,67,10,1995,2,5,-1,1,-1
201550EC2F002,1,3,0,15,2,8,1,0,0,0,1,1,6,1,21,5,124,1,12,-1,1,-1
201550EC2F002,2,9,4,7,0,8,0,0,0,0,4,1,6,1,44,7,-1,-1,-1,-1,1,-1
201550EC2F004,1,9,0,8,0,1,0,0,0,0,2,1,6,1,33,6,1800,1,16,-1,1,-1
201550EC2F004,2,19,0,18,0,1,1,4,0,0,1,1,1,1,26,6,2148,2,6,-1,1,-1
201550EC2G002,1,9,0,1,0,1,0,0,0,0,2,1,2,1,35,6,-1,-1,-1,-1,1,-1
201550EC2G002,2,3,0,2,0,1,0,0,0,0,1,1,6,1,25,5,-1,-1,-1,-1,1,-1
201550EC2G009,1,9,0,18,0,0,0,0,0,0,1,1,6,2,19,4,998,1,4,-1,1,-1
201550EC2G011,1,9,0,18,0,0,0,0,0,0,4,1,6,2,43,7,1461,2,3,-1,1,-1
201550EC2G016,1,9,0,9,0,8,0,0,0,0,4,1,6,1,72,10,998,1,1,-1,1,-1
201550EC2G016,2,9,0,18,0,1,0,0,0,0,1,1,6,2,27,6,1588,1,13,-1,1,-1
201550EC2G018,1,9,0,7,0,1,0,0,0,0,1,1,6,1,59,9,875,1,1,-1,1,-1
201550EC2G018,2,1,0,18,0,1,0,0,0,0,3,1,6,1,45,7,-1,-1,-1,-1,1,-1
201550EC2G020,1,9,0,18,0,8,1,0,7,10,1,1,6,2,50,8,998,1,7,-1,1,-1
201550EC2G020,2,9,0,5,0,2,1,0,0,0,4,1,6,1,35,6,1796,1,15,-1,1,-1
201550EC2G020,3,98,0,2,9,1,0,0,0,0,0,1,6,1,48,8,-1,-1,-1,-1,1,-1
201550EC2G026,1,8,0,5,8,0,0,0,0,0,3,1,1,3,-1,-1,-1,-1,-1,-1,-1,-1
201550EC2G026,2,3,0,18,0,0,1,0,0,0,4,1,1,1,48,8,124,1,15,-1,1,-1
201550EC2G027,1,9,0,18,0,1,0,0,0,0,1,1,1,1,-1,-1,1248,2,1,-1,-1,-1
201550EC2H001,1,9,0,18,0,1,0,0,0,0,1,1,6,2,19,4,796,1,11,-1,3,-1
201550EC2H001,2,9,0,4,0,1,0,0,0,0,4,1,6,2,28,6,1598,1,11,-1,1,-1
201550EC2H002,1,9,0,18,0,0,0,0,0,0,3,1,6,1,31,6,1497,1,14,-1,1,-1
201550EC2H006,1,9,0,18,0,0,0,0,0,0,1,1,1,2,40,7,-1,-1,-1,-1,1,-1
201550EC2H007,1,9,0,18,0,0,0,0,0,0,1,1,6,1,25,5,1900,2,12,-1,1,-1
201550EC2H009,1,9,0,9,0,2,0,0,0,0,1,1,6,2,78,11,1560,2,6,-1,1,-1
201550EC2H009,2,3,0,18,0,1,0,0,0,0,1,1,2,1,17,4,124,1,-1,-1,1,-1
201550EC2H012,1,9,0,18,0,0,0,0,0,0,1,1,6,2,19,4,-1,-1,-1,-1,1,-1
201550EC2H012,2,9,0,18,0,0,0,0,0,0,2,1,6,2,29,6,1988,1,14,-1,1,-1
201550EC2H013,1,9,0,18,0,0,0,0,0,0,1,1,6,2,28,6,1242,1,9,-1,1,-1
201550EC2H014,1,9,0,5,0,1,0,0,0,0,1,1,6,1,24,5,1598,1,11,-1,3,-1
201550EC2H014,2,97,0,18,0,1,0,0,0,0,1,1,6,1,22,5,124,1,14,-1,1,-1
201550EC2H014,3,9,0,2,0,1,0,0,0,0,1,1,2,2,47,8,1598,1,10,-1,1,-1
201550EC2H015,1,8,0,18,0,0,0,0,0,0,1,1,1,1,35,6,1997,2,1,-1,1,-1
201550EC2H017,1,9,0,1,0,0,0,0,0,0,2,1,6,1,37,7,2198,2,10,-1,1,-1
201550EC2H017,2,9,0,18,0,0,0,0,0,0,3,1,6,1,25,5,1596,1,9,-1,1,-1
201550EC2H020,1,9,0,3,0,2,0,0,0,0,1,1,6,1,34,6,1299,1,14,-1,1,-1
201550EC2H020,2,3,0,7,0,8,0,0,0,0,1,1,6,2,20,4,124,1,11,-1,1,-1
201550EC2H021,1,9,0,3,0,1,0,0,0,0,4,1,6,1,19,4,1560,2,7,-1,1,-1
201550EC2H021,2,3,0,18,0,1,0,0,0,0,1,1,2,2,49,8,125,1,6,-1,1,-1
201550EC2H024,1,8,0,18,2,0,0,0,0,0,2,1,1,1,40,7,1560,2,7,-1,1,-1
201550EC2H024,2,8,0,18,2,0,0,0,0,0,1,1,1,1,30,6,1997,2,9,-1,1,-1
201550EC2H027,1,9,0,5,0,2,0,0,0,0,4,1,6,1,41,7,1598,1,8,-1,1,-1
201550EC2H029,1,11,0,18,0,0,0,0,0,0,4,1,1,2,49,8,6370,2,8,-1,3,-1
201550EC2H031,1,9,0,11,0,0,0,0,0,0,1,1,6,1,59,9,1499,2,1,-1,1,-1
201550EC2H031,2,9,0,4,0,0,0,0,0,0,2,1,6,1,30,6,-1,-1,-1,-1,1,-1
201550EC2H032,1,9,0,9,0,5,0,0,0,0,1,1,1,1,25,5,1299,1,11,-1,1,-1
201550EC2H032,2,1,0,18,9,1,0,0,0,0,3,1,6,1,18,4,-1,-1,-1,-1,1,-1
201550EC2H034,1,9,0,8,0,1,0,0,0,0,1,1,6,1,20,4,1587,1,15,-1,1,-1
201550EC2H034,2,9,0,7,0,1,0,0,0,0,2,1,6,2,56,9,1598,1,10,-1,1,-1
201550EC2H035,1,8,0,4,0,0,0,0,0,0,1,1,1,1,47,8,1910,2,10,-1,1,-1
201550EC2H036,1,9,0,18,0,0,0,0,0,0,1,1,1,1,62,9,999,1,-1,-1,1,-1
201550EC2H037,1,9,0,10,0,0,0,0,0,0,1,1,2,2,20,4,1086,1,5,-1,1,-1
201550EC2H037,2,9,0,18,0,0,0,0,0,0,4,1,6,2,22,5,1390,1,9,-1,1,-1
201550EC2H038,1,9,0,18,0,2,0,0,0,0,2,1,6,1,27,6,2000,2,11,-1,1,-1
201550EC2H038,2,5,0,18,0,2,0,0,0,0,1,1,6,1,35,6,599,1,14,-1,1,-1
201550EC2H040,1,9,0,18,0,0,0,0,0,0,0,1,6,2,53,8,1997,2,9,-1,1,-1
201550EC2H042,1,9,0,9,0,8,0,0,0,0,1,1,1,1,28,6,1360,1,14,-1,1,-1
201550EC2H042,2,1,0,18,0,8,0,0,3,11,2,1,1,1,42,7,-1,-1,-1,-1,1,-1
201550EC2J001,1,11,0,18,0,1,0,0,0,0,1,1,1,1,47,8,6696,2,1,-1,1,-1
201550EC2J004,1,9,0,18,0,0,0,4,0,0,1,1,6,3,-1,-1,-1,-1,-1,-1,-1,-1
201550EC2J004,2,9,0,18,0,0,0,0,0,0,1,1,6,3,-1,-1,1796,1,11,-1,-1,-1
201550EC2J004,3,9,0,5,0,0,0,0,0,0,3,1,6,2,51,8,-1,-1,-1,-1,1,-1
201550EC2J004,4,9,0,2,0,0,0,0,7,0,2,1,6,2,56,9,1598,1,10,-1,1,-1
201550EC2J004,5,9,0,2,0,0,0,0,0,0,2,1,6,2,36,7,1997,2,12,-1,1,-1
201550EC2J005,1,20,0,9,0,2,0,0,0,0,1,1,1,1,57,9,4250,2,15,-1,3,-1
201550EC2J005,2,3,0,18,0,1,0,0,0,0,1,1,1,1,27,6,125,1,6,-1,1,-1
201550EC2J006,1,9,0,18,0,1,0,0,0,0,1,1,6,2,24,5,1360,1,11,-1,1,-1
201550EC2J006,2,9,0,3,0,1,0,0,0,0,2,1,6,1,32,6,1896,2,14,-1,1,-1
201550EC2J007,1,9,0,11,0,1,0,0,0,0,3,1,1,2,24,5,1598,2,3,-1,1,-1
201550EC2J007,2,2,0,18,2,1,0,0,0,0,4,1,2,2,23,5,49,1,2,-1,-1,-1
201550EC2J008,1,9,0,3,0,1,0,0,0,0,1,1,6,2,27,6,1598,1,16,-1,1,-1
201550EC2J008,2,9,0,8,0,1,0,0,0,0,0,1,6,1,29,6,2198,1,12,-1,1,-1
201550EC2J009,1,9,0,3,0,0,0,0,0,0,1,1,6,2,36,7,2204,2,9,-1,1,-1
201550EC2J009,2,9,0,3,0,0,0,0,0,0,2,1,6,2,46,8,1598,1,8,-1,1,-1
201550EC2J012,1,9,0,18,0,1,1,0,0,0,1,1,6,1,26,6,1997,2,14,-1,1,-1
201550EC2J012,2,9,0,5,0,1,0,0,0,0,3,1,6,1,48,8,1368,1,6,-1,1,-1
201550EC2J013,1,9,0,9,0,1,0,0,0,0,1,1,1,1,27,6,1997,1,13,-1,1,-1
201550EC2J013,2,9,0,18,0,1,0,0,0,0,1,1,1,1,41,7,-1,-1,-1,-1,1,-1
201550EC2J014,1,9,0,18,0,1,1,0,1,1,3,1,6,1,19,4,1242,1,17,-1,1,-1
201550EC2J014,2,9,0,5,0,6,0,0,0,0,3,1,3,2,36,7,1242,1,4,-1,1,-1
201550EC2J015,1,3,0,18,0,0,0,0,0,0,1,1,1,1,20,4,125,1,2,-1,1,-1
201550EC2J015,2,9,0,18,0,0,0,0,0,0,2,1,1,1,58,9,-1,-1,-1,-1,1,-1
201550EC2J016,1,9,0,3,0,0,0,0,0,0,2,1,2,2,31,6,996,1,1,-1,1,-1
201550EC2J016,2,9,0,3,0,0,0,0,0,0,1,1,3,2,34,6,1242,1,9,-1,1,-1
201550EC2J016,3,9,0,18,0,0,0,0,0,0,1,1,2,2,43,7,-1,-1,-1,-1,1,-1
201550EC2J017,1,9,0,18,0,6,0,0,7,0,1,1,6,2,75,10,1339,1,8,-1,3,-1
201550EC2J017,2,9,0,18,0,1,0,0,0,0,3,1,6,1,66,10,2143,2,2,-1,1,-1
201550EC2J017,3,21,1,18,0,6,0,0,0,0,1,1,1,1,56,9,12777,2,6,-1,2,-1
201550EC2J018,1,9,0,18,0,3,0,0,0,0,1,1,6,1,24,5,-1,-1,-1,-1,1,-1
201550EC2J018,2,9,0,5,0,4,0,0,0,0,1,1,6,2,74,10,1398,1,3,-1,1,-1
201550EC2J019,1,9,0,18,0,1,0,0,0,0,1,1,6,2,18,4,973,1,13,-1,1,-1
201550EC2J019,2,9,0,3,0,1,0,0,0,0,2,1,1,2,33,6,1998,1,9,-1,1,-1
201550EC2J023,1,11,0,18,0,0,0,0,0,0,4,1,1,1,63,9,5900,2,17,-1,1,-1
201550EC2J023,2,1,0,18,0,0,2,0,0,0,3,1,2,1,28,6,-1,-1,-1,-1,2,-1
201550EC2J025,1,9,0,11,0,1,0,0,0,0,4,1,1,1,20,4,1753,2,6,-1,1,-1
201550EC2J025,2,3,0,18,0,1,0,0,0,0,3,1,1,1,20,4,125,1,4,-1,1,-1
201550EC2J028,1,19,0,9,0,8,0,0,0,0,4,1,1,1,52,8,1598,2,-1,-1,1,-1
201550EC2J028,2,9,0,18,1,8,0,0,0,0,1,1,6,1,52,8,1200,1,-1,-1,1,-1
201550EC2J029,1,19,0,6,9,0,0,0,0,0,4,1,2,1,54,8,2198,2,1,-1,1,-1
201550EC2J029,2,3,0,15,9,0,0,0,0,0,1,1,2,1,23,5,124,1,23,-1,1,-1
201550EC2J031,1,9,0,18,0,0,0,0,0,0,4,1,6,1,55,8,1956,2,2,-1,1,-1
201550EC2J031,2,1,0,18,0,0,0,0,0,0,3,1,1,1,51,8,-1,-1,-1,-1,1,-1
201550EC2J033,1,9,0,18,0,0,0,4,0,0,1,1,6,2,22,5,1598,1,14,-1,1,-1
201550EC2J033,2,8,0,3,0,0,0,0,0,0,2,1,1,1,48,8,1910,2,8,-1,1,-1
201550EC2J034,1,9,0,4,0,0,0,0,0,0,1,1,6,1,21,5,1229,1,3,-1,1,-1
201550EC2J034,2,9,0,4,0,0,0,0,0,0,2,1,6,1,34,6,2171,1,10,-1,1,-1
201550EC2J034,3,9,0,4,0,0,0,0,0,0,2,1,6,1,45,7,1598,1,10,-1,1,-1
201550EC2J034,4,9,0,4,0,0,0,0,0,0,2,1,6,1,36,7,1997,2,11,-1,1,-1
201550EC2J035,1,98,0,12,0,3,0,0,0,0,3,1,1,1,26,6,-1,-1,-1,-1,1,-1
201550EC2J035,2,9,0,17,0,3,0,0,0,0,4,1,6,1,57,9,1560,2,2,-1,1,-1
201550EC2J037,1,19,0,5,0,8,0,0,0,0,1,1,1,1,25,5,2402,2,8,-1,1,-1
201550EC2J037,2,9,0,3,0,8,0,0,0,0,2,1,6,1,48,8,1590,1,16,-1,1,-1
201550EC2J038,1,9,0,18,0,0,0,0,0,0,1,1,6,2,18,4,1299,1,7,-1,2,-1
201550EC2J038,2,9,0,3,0,0,0,0,0,0,2,1,6,1,34,6,2477,2,8,-1,1,-1
201550EC2J039,1,9,0,17,0,1,0,0,0,0,1,1,6,1,61,9,1560,2,6,-1,1,-1
201550EC2J039,2,9,0,7,0,6,0,0,0,0,2,1,6,2,26,6,1686,2,4,-1,1,-1
201550EC2J039,3,9,0,18,0,1,0,0,0,0,2,1,6,1,-1,-1,1360,1,12,-1,1,-1