Accident_Index,Vehicle_Reference,Vehicle_Type,Towing_and_Articulation,Vehicle_Manoeuvre,Vehicle_Location-Restricted_Lane,Junction_Location,Skidding_and_Overturning,Hit_Object_in_Carriageway,Vehicle_Leaving_Carriageway,Hit_Object_off_Carriageway,1st_Point_of_Impact,Was_Vehicle_Left_Hand_Drive?,Journey_Purpose_of_Driver,Sex_of_Driver,Age_of_Driver,Age_Band_of_Driver,Engine_Capacity_(CC),Propulsion_Code,Age_of_Vehicle,Driver_IMD_Decile,Driver_Home_Area_Type,Vehicle_IMD_Decile
201550FT2I022,1,9,0,9,0,0,0,0,0,0,1,1,6,3,-1,-1,-1,-1,-1,-1,-1,-1
201550FT2I027,1,9,0,18,0,0,0,0,1,11,1,1,6,2,25,5,1390,1,9,-1,1,-1
201550FT2I028,1,9,0,3,0,4,0,0,0,0,2,1,6,2,57,9,1200,1,2,-1,1,-1
201550FT2I028,2,9,0,18,0,4,0,0,0,0,1,1,6,1,30,6,1796,1,12,-1,2,-1
201550FT2I029,1,9,0,9,0,8,0,0,0,0,3,1,6,2,23,5,1900,2,10,-1,1,-1
201550FT2I029,2,5,0,5,0,8,0,0,0,0,4,1,1,1,51,8,599,1,18,-1,1,-1
201550FT2I030,1,9,0,18,0,0,0,0,0,0,1,1,6,3,-1,-1,1587,1,11,-1,-1,-1
201550FT2I030,2,9,0,3,0,0,0,0,0,0,2,1,6,2,69,10,1390,1,9,-1,1,-1
201550FT2I031,1,11,0,18,0,8,0,0,0,0,3,1,1,1,45,7,3900,2,9,-1,1,-1
201550FT2I031,2,9,0,7,0,8,0,0,0,0,1,1,6,2,28,6,1598,1,10,-1,2,-1
201550FT2I033,1,9,0,4,0,0,0,0,0,0,2,1,6,1,57,9,1968,2,6,-1,1,-1
201550FT2I033,2,9,0,18,0,0,0,0,0,0,1,1,6,1,20,4,2198,1,14,-1,3,-1
201550FT2I033,3,9,0,4,0,0,0,0,0,0,0,1,6,3,-1,-1,-1,-1,-1,-1,-1,-1
201550FT2I034,1,97,0,18,0,0,0,0,0,0,1,1,6,1,18,4,125,1,5,-1,1,-1
201550FT2I034,2,9,0,18,0,0,0,0,0,0,2,1,6,1,66,10,-1,-1,-1,-1,1,-1
201550FT2I036,1,9,0,7,0,0,2,0,8,0,1,1,6,1,21,5,1598,1,11,-1,1,-1
201550FT2I038,1,9,0,4,0,2,0,0,0,0,1,1,6,1,24,5,1800,1,16,-1,1,-1
201550FT2I038,2,9,0,3,0,2,0,0,0,0,2,1,6,1,43,7,-1,-1,-1,-1,1,-1
201550FT2I039,1,9,0,7,0,6,0,0,0,0,1,1,6,1,68,10,1991,2,8,-1,1,-1
201550FT2I039,2,9,0,18,0,1,0,0,1,11,4,1,6,1,71,10,1248,1,3,-1,2,-1
201550FT2I039,3,98,0,2,0,2,0,0,0,0,0,1,6,1,-1,-1,6870,2,3,-1,-1,-1
201550FT2I040,1,9,0,16,0,1,1,0,0,0,1,1,6,1,21,5,1850,1,13,-1,1,-1
201550FT2I040,2,9,0,9,0,6,0,0,0,0,2,1,6,2,63,9,1332,1,17,-1,1,-1
201550FT2I045,1,9,0,5,0,8,0,0,0,0,3,1,6,1,43,7,1995,2,1,-1,1,-1
201550FT2I045,2,1,0,9,0,8,0,0,0,0,3,1,6,2,20,4,-1,-1,-1,-1,2,-1
201550FT2I046,1,19,0,18,0,0,0,0,0,0,1,1,1,1,12,3,1753,2,6,-1,1,-1
201550FT2I047,1,9,0,18,0,0,0,0,0,0,1,1,6,1,34,6,1998,1,12,-1,1,-1
201550FT2I047,2,97,0,18,0,0,0,0,0,0,1,1,6,1,47,8,998,1,11,-1,1,-1
201550FT2I047,3,9,0,2,0,0,0,0,0,0,1,1,6,1,33,6,1956,2,2,-1,1,-1
201550FT2I048,1,9,0,5,0,4,0,0,0,0,1,1,6,2,80,11,-1,3,-1,-1,1,-1
201550FT2I048,2,1,0,5,0,4,0,0,0,0,1,1,6,1,58,9,-1,-1,-1,-1,1,-1
201550FT2J001,1,9,0,18,0,0,0,0,0,0,1,1,6,2,37,7,1086,1,9,-1,1,-1
201550FT2J002,1,9,0,9,0,8,0,0,0,0,3,1,6,2,24,5,1360,1,15,-1,-1,-1
201550FT2J002,2,3,0,18,0,2,0,0,0,0,3,1,1,1,44,7,124,1,11,-1,1,-1
201550FT2J005,1,9,0,18,0,0,1,0,0,0,1,1,6,2,42,7,1997,2,3,-1,1,-1
201550FT2J005,2,9,0,3,0,0,0,0,0,0,2,1,6,1,70,10,1560,2,6,-1,1,-1
201550FT2J005,3,9,0,3,0,0,0,0,0,0,2,1,6,1,48,8,1364,1,2,-1,1,-1
201550FT2J006,1,9,0,4,0,0,0,0,0,0,1,1,2,1,50,8,1395,1,-1,-1,1,-1
201550FT2J006,2,9,0,4,0,0,0,0,0,0,2,1,6,2,40,7,2401,2,7,-1,2,-1
201550FT2J007,1,9,0,18,0,0,0,0,0,0,1,1,6,1,67,10,1995,1,8,-1,1,-1
201550FT2J008,1,9,0,9,0,8,0,0,0,0,3,1,1,1,39,7,1560,2,6,-1,1,-1
201550FT2J008,2,3,0,13,0,8,5,0,0,0,1,1,6,1,18,4,124,1,14,-1,1,-1
201550FT2J009,1,9,0,18,0,0,0,0,0,0,3,1,6,2,56,9,1493,2,9,-1,1,-1
201550FT2J011,1,9,0,3,0,0,0,0,0,0,2,1,6,1,38,7,-1,-1,-1,-1,1,-1
201550FT2J011,2,11,0,3,0,0,0,0,0,0,2,1,1,1,45,7,9000,2,3,-1,1,-1
201550FT2J012,1,9,0,18,0,0,0,0,0,0,4,1,6,1,24,5,1242,1,14,-1,1,-1
201550FT2J014,1,11,0,18,0,0,0,0,0,0,3,1,6,2,32,6,8268,2,9,-1,1,-1
201550FT2J015,1,3,0,18,0,0,2,0,0,0,0,1,6,1,46,8,125,1,2,-1,1,-1
201550FT2J016,1,9,0,16,0,1,0,0,0,0,1,1,6,2,27,6,1242,1,6,-1,1,-1
201550FT2J016,2,9,0,9,0,1,0,0,0,0,1,1,6,1,45,7,1560,2,9,-1,1,-1
201550FT2J018,1,9,0,18,0,8,1,0,0,0,1,1,1,2,46,8,-1,-1,-1,-1,1,-1
201550FT2J018,2,9,0,18,0,8,0,0,0,0,1,1,6,2,21,5,1229,1,10,-1,1,-1
201550FT2J020,1,9,0,3,0,0,0,0,0,0,2,1,6,2,42,7,1999,1,7,-1,1,-1
201550FT2J020,2,9,0,18,0,0,0,0,0,0,1,1,6,1,24,5,1796,1,16,-1,1,-1
201550FT2J022,1,9,0,1,0,1,0,0,0,0,2,1,6,1,42,7,4398,1,13,-1,1,-1
201550FT2J025,1,9,0,18,0,1,0,0,0,0,4,1,6,2,77,11,1587,1,9,-1,1,-1
201550FT2J025,2,9,0,18,0,1,0,0,0,0,3,1,6,1,67,10,1399,2,7,-1,1,-1
201550FT2J026,1,9,0,18,0,0,0,0,0,0,1,1,1,1,48,8,2993,2,5,-1,1,-1
201550FT2J026,2,9,0,3,0,0,0,0,0,0,2,1,2,1,22,5,-1,-1,-1,-1,1,-1
201550FT2J026,3,9,0,3,0,0,0,0,0,0,2,1,6,2,28,6,1910,2,9,-1,1,-1
201550FT2J026,4,19,0,3,0,0,0,0,0,0,2,1,6,1,24,5,1560,2,3,-1,2,-1
201550FT2J027,1,11,0,3,0,0,0,0,0,0,0,1,1,3,-1,-1,9000,2,2,-1,-1,-1
201550FT2J028,1,9,0,18,0,8,0,0,0,0,4,1,6,1,23,5,1796,1,6,-1,1,-1
201550FT2J028,2,19,0,18,0,8,0,0,0,0,1,1,6,2,30,6,1499,2,-1,-1,1,-1
201550FT2J036,1,9,0,18,0,1,0,0,0,0,3,1,6,1,22,5,-1,-1,-1,-1,1,-1
201550FT2J037,1,11,0,8,0,1,0,0,0,0,0,1,1,1,31,6,-1,2,16,-1,1,-1
201550FT2J039,1,9,0,1,0,8,0,0,0,0,2,1,6,1,-1,-1,1796,1,11,-1,-1,-1
201550FT2J039,2,4,0,3,0,8,0,0,0,0,1,1,2,1,19,4,321,1,-1,-1,1,-1
201550FT2J042,1,9,0,14,4,0,0,0,0,0,4,1,6,1,57,9,1984,1,-1,-1,1,-1
201550FT2J042,2,1,0,18,4,0,0,0,0,0,4,1,6,1,27,6,-1,-1,-1,-1,1,-1
201550FT2J046,1,9,0,9,0,5,0,10,1,11,1,1,2,2,18,4,1149,1,12,-1,1,-1
201550FT2K003,1,9,0,18,0,1,0,0,0,0,1,1,6,3,-1,-1,1783,1,13,-1,-1,-1
201550FT2K003,2,9,0,3,0,1,0,0,0,0,2,1,6,1,-1,-1,-1,-1,-1,-1,1,-1
201550FT2K004,1,9,0,4,0,0,0,0,0,0,0,1,2,2,36,7,1461,2,12,-1,1,-1
201550FT2K004,2,9,0,18,0,0,0,0,0,0,1,1,1,1,-1,-1,1686,2,2,-1,1,-1
201550FT2K004,3,1,0,18,0,0,0,0,0,0,1,1,6,1,17,4,-1,-1,-1,-1,2,-1
201550FT2K008,1,3,0,18,0,1,0,0,0,0,1,1,6,1,18,4,124,1,10,-1,1,-1
201550FT2K008,2,8,0,9,0,1,0,0,0,0,3,1,1,1,60,9,1560,2,1,-1,1,-1
201550FT2K010,1,9,0,18,0,1,0,0,0,0,1,1,6,2,57,9,1910,2,7,-1,1,-1
201550FT2K010,2,9,0,18,0,1,0,0,0,0,1,1,6,2,36,7,1753,2,6,-1,1,-1
201550FT2K011,1,9,0,9,0,5,0,0,0,0,4,1,6,1,79,11,1396,1,10,-1,1,-1
201550FT2K011,2,1,0,18,0,1,0,0,0,0,4,1,2,1,49,8,-1,-1,-1,-1,-1,-1
201550FT2K012,1,9,0,18,0,0,5,4,0,0,1,1,6,2,33,6,1598,1,6,-1,1,-1
201550FT2K012,2,9,0,2,0,0,0,4,0,0,4,1,6,2,-1,-1,1198,1,-1,-1,1,-1
201550FT2K012,3,9,0,2,0,0,0,4,0,0,1,1,6,1,-1,-1,2143,2,2,-1,1,-1
201550FT2K012,4,19,0,2,0,0,0,0,0,0,2,1,6,1,-1,-1,-1,-1,-1,-1,1,-1
201550FT2L004,1,9,0,18,0,0,0,0,1,11,1,1,6,2,28,6,1360,1,10,-1,1,-1
201550FT2L005,1,9,0,12,0,0,1,0,5,6,1,1,6,1,22,5,2790,1,8,-1,1,-1
201550FT2L005,2,9,0,18,0,0,0,0,0,0,0,1,6,2,-1,-1,1600,1,16,-1,1,-1
201550FT2L005,3,9,0,18,0,0,0,0,0,0,0,1,6,3,-1,-1,-1,-1,-1,-1,-1,-1
201550FT2L006,1,8,0,9,0,6,0,0,0,0,0,1,1,1,69,10,1997,2,6,-1,1,-1
201550FT2L006,2,1,0,18,0,8,0,0,0,0,0,1,6,1,30,6,-1,-1,-1,-1,1,-1
201550FT2L007,1,9,0,18,0,1,0,0,0,0,4,1,6,1,69,10,3960,1,18,-1,1,-1
201550FT2L007,2,9,0,5,0,6,0,0,0,0,1,1,6,1,67,10,-1,-1,-1,-1,1,-1
201550FT2L009,1,9,0,4,0,0,0,0,0,0,2,1,6,1,50,8,-1,-1,-1,-1,1,-1
201550FT2L009,2,1,0,18,0,0,0,0,0,0,1,1,2,1,26,6,-1,-1,-1,-1,1,-1
201550FT2L011,1,9,0,18,0,0,5,0,0,0,1,1,2,2,21,5,1242,1,5,-1,1,-1
201550FT2L013,1,9,0,7,0,1,0,0,0,0,0,1,6,3,-1,-1,-1,-1,-1,-1,-1,-1
201550FT2L013,2,1,0,18,0,1,0,0,0,0,0,1,6,1,20,4,-1,-1,-1,-1,1,-1
201550FT2L014,1,9,0,17,0,0,0,0,0,0,1,1,6,1,34,6,1896,2,13,-1,1,-1
201550FT2L016,1,9,0,3,0,0,0,0,0,0,4,1,6,1,48,8,2401,2,12,-1,1,-1
201550FT2L016,2,1,0,18,4,0,0,0,1,0,3,1,2,1,44,7,-1,-1,-1,-1,1,-1
201550FT2L018,1,9,0,3,0,0,0,0,0,0,2,1,2,1,54,8,-1,-1,-1,-1,1,-1
201550FT2L018,2,9,0,3,0,0,0,0,0,0,2,1,6,1,29,6,1229,1,3,-1,1,-1
201550FT2L018,3,9,0,12,0,0,0,0,0,0,1,1,2,1,53,8,1339,1,2,-1,1,-1
201550FT2L019,1,9,0,17,0,0,0,0,0,0,4,1,6,1,73,10,2967,1,11,-1,1,-1
201550FT2L020,1,9,0,9,0,8,1,0,3,11,1,1,6,1,24,5,2490,1,19,-1,1,-1
201550FT2L020,2,9,0,18,0,8,1,0,3,11,1,1,6,1,33,6,1461,2,8,-1,1,-1
201550FT2L024,1,9,0,4,0,0,0,0,0,0,1,1,6,2,39,7,1587,1,16,-1,1,-1
201550FT2L024,2,9,0,3,0,0,0,0,0,0,2,1,1,1,55,8,1997,2,6,-1,1,-1
201550FT2L025,1,9,0,5,0,3,0,0,0,0,1,1,6,1,50,8,1598,1,8,-1,1,-1
201550FT2L025,2,3,0,5,0,3,0,0,0,0,2,1,6,1,56,9,124,1,10,-1,1,-1
201550FT2L026,1,9,0,18,0,8,0,0,1,10,1,1,6,1,53,8,998,1,9,-1,1,-1
201550FT2L026,2,9,0,2,0,2,0,0,0,0,2,1,6,1,64,9,1753,2,15,-1,3,-1
201550FT2L027,1,9,0,18,0,0,0,0,0,0,1,1,1,2,22,5,1360,1,6,-1,2,-1
201550FT2L027,2,9,0,3,0,0,0,0,0,0,2,1,6,1,28,6,2993,2,11,-1,1,-1
201550FT2L028,1,3,0,4,0,2,0,0,0,0,1,1,6,1,30,6,124,1,17,-1,1,-1
201550FT2L028,2,9,0,5,0,2,0,0,0,0,3,1,2,2,63,9,1396,1,15,-1,1,-1
201550FT2L029,1,9,0,9,0,8,0,0,0,0,3,1,6,1,17,4,1590,1,11,-1,1,-1
201550FT2L029,2,9,0,18,0,8,0,0,0,0,1,1,6,2,28,6,1461,2,8,-1,2,-1
201550FT2L030,1,9,0,17,0,0,0,4,0,0,1,1,6,1,21,5,1149,1,14,-1,1,-1
201550FT2L030,2,9,0,2,0,0,0,0,0,0,2,1,6,2,39,7,1685,2,1,-1,1,-1
201550FT2M002,1,9,0,18,0,8,0,0,0,0,4,1,6,2,60,9,1560,2,7,-1,3,-1
201550FT2M002,2,9,0,18,0,8,0,0,0,0,1,1,6,1,39,7,1998,1,16,-1,1,-1
201550FT2M003,1,9,0,9,0,1,0,0,0,0,1,1,6,2,27,6,1796,1,15,-1,1,-1
201550FT2M003,2,9,0,18,0,8,0,0,0,0,1,1,1,2,32,6,1995,1,9,-1,3,-1
201550FT2M004,1,9,0,5,0,4,0,0,0,0,3,1,2,2,49,8,1298,1,3,-1,1,-1
201550FT2M004,2,3,0,5,0,4,0,0,0,0,1,1,2,1,36,7,125,1,4,-1,1,-1
201550FT2M008,1,1,0,18,0,8,0,0,0,0,1,1,2,1,45,7,-1,-1,-1,-1,1,-1
201550FT2M008,2,9,0,9,0,2,0,0,0,0,1,1,6,3,-1,-1,-1,-1,-1,-1,-1,-1
201550FT2M010,1,9,0,18,0,5,0,0,0,0,1,1,6,1,70,10,1386,1,2,-1,2,-1
201550FT2M010,2,9,0,9,0,8,0,0,0,0,3,1,6,1,28,6,1600,1,17,-1,1,-1
201550FT2M012,1,9,0,18,0,1,0,0,0,0,1,1,6,2,-1,-1,1248,1,3,-1,1,-1
201550FT2M012,2,9,0,18,0,2,0,0,0,0,2,1,6,2,53,8,1339,1,8,-1,1,-1
201550FT2M016,1,9,0,18,0,1,0,0,0,0,1,1,6,2,58,9,1199,2,5,-1,-1,-1
201550FT2M016,2,9,0,3,0,1,0,0,0,0,2,1,6,1,34,6,1149,1,11,-1,1,-1
201550FT2M017,1,9,0,18,0,4,0,0,0,0,4,1,6,3,-1,-1,-1,-1,-1,-1,-1,-1
201550FT2M017,2,3,0,18,0,4,0,0,0,0,3,1,6,1,20,4,125,1,1,-1,2,-1
201550FT2M019,1,9,0,18,0,1,0,0,0,0,1,1,2,2,24,5,1124,1,14,-1,1,-1
201550FT2M019,2,9,0,10,0,6,0,0,0,0,3,1,2,2,61,9,1995,2,4,-1,1,-1
201550FT2M021,1,9,0,9,0,8,0,0,0,0,1,1,6,2,82,11,1560,2,1,-1,2,-1
201550FT2M021,2,9,0,18,0,8,0,0,0,0,1,1,6,2,82,11,1171,1,16,-1,2,-1
201550FT2M023,1,9,0,5,0,1,0,0,0,0,3,1,6,2,45,7,1390,1,13,-1,1,-1
201550FT2M023,2,9,0,17,0,1,0,0,0,0,1,1,2,2,23,5,1242,1,4,-1,2,-1
201550FT2M024,1,9,0,18,0,0,0,0,0,0,1,1,6,3,-1,-1,-1,-1,-1,-1,-1,-1
201550GA2A003,1,9,0,16,0,0,1,7,7,0,1,1,6,2,22,5,1199,1,13,-1,3,-1
201550GA2A005,1,9,0,18,0,2,0,0,0,0,1,1,2,1,28,6,1896,2,11,-1,1,-1
201550GA2A005,2,19,0,18,0,2,0,0,0,0,2,1,1,1,18,4,1996,2,4,-1,2,-1
201550GA2A007,1,9,0,9,0,1,0,0,0,0,4,1,6,1,-1,-1,-1,-1,-1,-1,3,-1
201550GA2A007,2,1,0,9,0,1,0,0,0,0,1,1,6,1,-1,-1,-1,-1,-1,-1,2,-1
201550GA2A008,1,9,0,2,0,0,0,0,0,0,2,1,6,2,20,4,1896,2,13,-1,3,-1
201550GA2A008,2,1,0,18,0,0,0,0,0,0,1,1,6,1,55,8,-1,-1,-1,-1,3,-1
201550GA2A009,1,9,0,18,0,7,0,0,1,7,1,1,6,1,35,6,-1,-1,-1,-1,2,-1
201550GA2A010,1,9,0,5,0,4,0,0,0,0,1,1,2,1,41,7,1995,2,8,-1,1,-1
201550GA2A010,2,9,0,5,0,4,0,0,0,0,2,1,6,1,22,5,998,1,9,-1,-1,-1
201550GA2A011,1,9,0,9,0,1,0,0,7,0,1,1,6,2,55,8,1197,1,3,-1,2,-1
201550GA2A011,2,5,0,18,0,1,0,0,0,0,1,1,6,1,22,5,599,1,12,-1,3,-1
201550GA2A012,1,9,0,5,0,4,0,0,0,0,0,1,6,3,-1,-1,-1,-1,-1,-1,-1,-1
201550GA2A012,2,5,0,18,0,3,0,0,0,0,0,1,6,1,43,7,1000,1,-1,-1,3,-1
201550GA2A013,1,9,0,18,0,0,0,0,0,0,1,1,6,1,22,5,1905,2,18,-1,3,-1
201550GA2A013,2,9,0,4,0,0,0,0,0,0,2,1,6,1,47,8,1598,1,13,-1,1,-1
201550GA2A015,1,19,0,15,0,0,2,0,1,11,1,1,6,1,57,9,1998,2,11,-1,3,-1
201550GA2B001,1,9,0,18,0,0,0,0,0,0,1,1,6,2,29,6,1910,2,8,-1,2,-1
201550GA2B002,1,9,0,16,0,0,1,0,0,0,1,1,3,2,27,6,-1,-1,-1,-1,2,-1
201550GA2B003,1,9,0,18,0,8,1,0,7,1,4,1,6,1,27,6,-1,-1,-1,-1,3,-1
201550GA2B003,2,9,0,9,0,6,0,0,0,0,1,1,6,1,25,5,1587,1,12,-1,1,-1
201550GA2B006,1,9,0,17,0,0,0,0,0,1,1,1,6,2,30,6,1796,1,9,-1,3,-1
201550GA2C002,1,9,0,9,0,2,0,0,0,0,2,1,6,2,23,5,1598,1,11,-1,1,-1
201550GA2C002,2,9,0,18,0,8,0,0,0,0,1,1,6,1,22,5,1390,1,1,-1,3,-1
201550GA2C003,1,9,0,18,0,1,0,0,0,0,1,1,6,3,-1,-1,-1,-1,-1,-1,-1,-1
201550GA2C004,1,9,0,17,0,8,1,0,1,11,1,1,6,2,53,8,-1,-1,-1,-1,2,-1
201550GA2C008,1,9,0,17,0,0,1,0,0,11,1,1,1,1,19,4,999,1,15,-1,3,-1
201550GA2C009,1,2,0,16,0,2,0,0,0,0,1,1,6,2,19,4,49,1,2,-1,2,-1
201550GA2C009,2,19,0,17,0,1,0,0,0,0,1,1,1,1,47,8,2198,2,1,-1,3,-1
201550GA2C010,1,9,0,18,0,0,0,0,0,0,1,1,6,1,20,4,1995,1,12,-1,3,-1
201550GA2C010,2,9,0,3,0,0,0,0,0,0,3,1,6,2,48,8,1398,2,10,-1,3,-1
201550GA2C011,1,9,0,18,0,0,0,0,0,0,4,1,6,1,-1,-1,1984,1,-1,-1,1,-1
201550GA2C013,1,9,0,17,0,0,1,4,0,0,1,1,6,1,17,4,1360,1,14,-1,3,-1
201550GA2C013,2,9,0,2,6,0,0,0,0,0,3,1,6,1,24,5,3200,1,12,-1,2,-1
201550GA2C013,3,9,0,18,0,0,0,0,0,0,1,1,6,1,59,9,1798,1,4,-1,1,-1
201550GA2C014,1,9,0,17,0,0,2,0,1,11,1,1,6,2,21,5,1149,1,7,-1,3,-1
201550GA2C016,1,9,0,18,0,1,0,0,0,0,1,1,6,2,45,7,1248,1,5,-1,3,-1
201550GA2C016,2,9,0,5,0,6,0,0,0,0,1,1,6,2,41,7,1560,2,-1,-1,3,-1
201550GA2C018,1,3,0,18,0,0,1,4,0,0,4,1,2,1,17,4,124,1,10,-1,2,-1
201550GA2C018,2,9,0,18,0,0,0,0,0,0,1,1,6,2,39,7,1781,1,13,-1,3,-1
201550GA2C018,3,19,0,2,0,0,0,0,0,0,1,1,6,1,43,7,2402,2,11,-1,1,-1
201550GA2D001,1,9,0,18,0,0,0,0,0,0,1,1,6,1,79,11,1968,2,2,-1,2,-1
201550GA2D001,2,9,0,18,0,0,0,0,0,0,1,1,6,1,28,6,1242,1,8,-1,2,-1
201550GA2D002,1,9,0,17,0,1,0,0,1,0,3,1,6,1,20,4,1360,1,14,-1,1,-1
201550GA2D002,2,9,0,16,0,1,0,0,0,0,1,1,1,1,44,7,1995,2,8,-1,2,-1
201550GA2D002,3,9,0,18,0,1,0,0,0,0,0,1,6,1,21,5,1124,1,13,-1,2,-1
201550GA2D003,1,9,0,18,0,0,0,0,0,11,1,1,6,1,29,6,-1,-1,-1,-1,2,-1
201550GA2D004,1,9,0,18,0,1,0,0,0,0,1,1,6,1,79,11,1598,1,11,-1,2,-1
201550GA2D004,2,9,0,3,0,1,0,0,0,0,2,1,6,1,33,6,1598,1,6,-1,2,-1
201550GA2D006,1,5,0,13,0,0,0,0,0,0,3,1,6,1,45,7,600,1,2,-1,1,-1
201550GA2D006,2,9,0,18,0,0,0,0,0,0,3,1,6,1,63,9,1242,1,3,-1,-1,-1
201550GA2D007,1,9,0,13,0,8,5,0,7,11,1,1,6,1,28,6,1598,1,14,-1,2,-1
201550GA2D007,2,8,0,9,0,1,0,0,0,0,3,1,1,1,34,6,1997,2,6,-1,2,-1
201550GA2D008,1,9,0,18,0,0,0,4,0,0,1,1,6,1,35,6,999,1,1,-1,2,-1
201550GA2D008,2,9,0,2,0,0,0,0,0,0,2,1,6,2,-1,-1,1984,1,20,-1,3,-1
201550GA2D009,1,9,0,18,0,0,0,0,0,0,0,1,6,3,-1,-1,-1,-1,-1,-1,-1,-1
201550GA2D009,2,9,0,18,0,0,0,0,0,0,1,1,6,2,19,4,1386,1,10,-1,3,-1
201550GA2D009,3,9,0,18,0,0,0,0,0,0,2,1,6,2,18,4,1398,2,9,-1,3,-1
201550GA2D010,1,9,0,9,0,6,0,0,0,0,3,1,2,2,20,4,1461,2,9,-1,3,-1
201550GA2D010,2,9,0,18,0,7,0,0,0,0,1,1,1,1,22,5,1596,1,14,-1,1,-1
201550GA2D011,1,9,0,18,0,0,1,0,0,0,1,1,6,1,38,7,1783,1,12,-1,3,-1
201550GA2D011,2,9,0,4,0,0,0,0,0,0,2,1,6,2,23,5,1997,1,14,-1,2,-1
201550GA2D011,3,9,0,2,0,0,0,0,0,0,2,1,6,1,79,11,1598,1,16,-1,2,-1
201550GA2D012,1,3,0,16,0,0,1,7,7,9,1,1,6,1,33,6,124,1,10,-1,3,-1
201550GA2D013,1,20,0,9,0,8,0,0,0,0,1,1,6,3,-1,-1,-1,-1,-1,-1,-1,-1
201550GA2D013,2,9,0,18,0,1,0,0,0,0,3,1,6,2,20,4,1995,2,5,-1,2,-1
201550GA2D014,1,9,0,1,0,0,0,10,0,11,2,1,6,1,80,11,1598,1,11,-1,2,-1
201550GA2D015,1,9,0,9,0,6,0,0,0,0,1,1,6,2,41,7,1399,2,4,-1,3,-1
201550GA2D015,2,9,0,18,0,8,5,0,7,11,1,1,2,1,26,6,-1,-1,-1,-1,2,-1
201550GA2D016,1,9,0,18,0,0,0,0,0,0,1,1,1,1,59,9,1598,2,-1,-1,3,-1
201550GA2D019,1,5,0,17,0,0,1,0,1,11,1,1,6,1,-1,-1,1000,1,27,-1,3,-1
201550GA2D020,1,9,0,18,0,2,0,0,0,0,1,1,1,2,18,4,1390,1,14,-1,1,-1
201550GA2D020,2,9,0,18,0,2,0,0,0,0,2,1,1,1,45,7,-1,-1,-1,-1,1,-1
201550GA2E002,1,5,0,14,0,1,0,0,0,0,1,1,6,1,50,8,599,1,4,-1,-1,-1
201550GA2E002,2,9,0,9,0,2,0,0,0,0,1,1,6,1,50,8,1896,2,13,-1,1,-1
201550GA2E003,1,9,0,18,0,0,0,0,0,0,1,1,6,1,18,4,-1,-1,-1,-1,2,-1
201550GA2E003,2,9,0,3,0,0,0,0,0,0,2,1,6,1,17,4,1360,1,11,-1,2,-1
201550GA2E004,1,9,0,5,0,2,0,0,0,0,1,1,1,1,25,5,-1,-1,-1,-1,1,-1
201550GA2E004,2,5,0,18,0,2,0,0,0,0,1,1,1,1,49,8,599,1,11,-1,1,-1
201550GA2E005,1,9,0,4,0,0,0,0,0,0,2,1,6,2,21,5,1199,1,16,-1,2,-1
201550GA2E005,2,9,0,4,0,0,0,0,0,0,2,1,6,2,18,4,1242,1,3,-1,2,-1
201550GA2E005,3,9,0,4,0,0,0,0,0,0,1,1,6,2,46,8,1360,1,15,-1,1,-1
201550GA2E006,1,9,0,18,0,0,0,0,0,0,1,1,6,1,25,5,1800,1,25,-1,2,-1
201550GA2E006,2,9,0,18,0,0,0,0,0,0,1,1,6,2,37,7,1781,1,15,-1,1,-1
201550GA2F001,1,9,0,17,0,0,1,0,0,10,1,1,1,2,24,5,1229,1,3,-1,1,-1
201550GA2F001,2,9,0,17,0,0,2,0,0,10,1,1,1,1,36,7,1997,2,12,-1,1,-1
201550GA2F002,1,9,0,18,0,0,0,0,0,0,4,1,6,1,19,4,998,1,13,-1,-1,-1
201550GA2F002,2,1,0,9,0,0,5,0,0,0,4,1,6,1,-1,-1,-1,-1,-1,-1,3,-1
201550GA2F003,1,3,0,18,0,0,0,0,0,0,1,1,2,1,24,5,-1,-1,-1,-1,1,-1
201550GA2F003,2,9,0,4,0,0,0,0,0,0,2,1,6,1,64,9,1587,1,14,-1,1,-1
201550GA2F004,1,9,0,18,0,0,0,0,0,0,2,1,6,1,49,8,5439,1,13,-1,1,-1
201550GA2F004,2,1,0,18,0,0,0,0,0,11,3,1,6,1,54,8,-1,-1,-1,-1,3,-1
201550GA2G001,1,9,0,4,0,0,0,0,0,0,2,1,6,2,78,11,1197,1,2,-1,3,-1
201550GA2G001,2,9,0,18,0,0,0,0,0,0,1,1,6,2,59,9,998,1,6,-1,3,-1
201550GA2G002,1,9,0,18,0,1,1,0,0,0,1,1,1,2,27,6,1997,2,12,-1,1,-1
201550GA2G002,2,9,0,10,0,1,0,0,0,0,2,1,2,2,24,5,-1,-1,-1,-1,3,-1
201550GA2H001,1,9,0,17,0,2,5,0,2,0,1,1,1,1,18,4,1149,1,15,-1,1,-1
201550GA2H001,2,9,0,18,0,1,0,0,0,0,3,1,6,1,72,10,-1,-1,-1,-1,-1,-1
201550GA2H002,1,9,0,18,0,6,0,0,3,0,3,1,6,2,43,7,1397,1,11,-1,3,-1
201550GA2H002,2,9,0,18,0,1,0,0,0,0,1,1,2,2,36,7,1461,2,10,-1,1,-1
201550GA2H003,1,9,0,16,0,0,0,0,0,0,1,1,6,2,54,8,1242,1,14,-1,2,-1
201550GA2H003,2,19,0,17,0,0,0,0,0,0,1,1,6,1,25,5,1686,2,3,-1,-1,-1
201550GA2I001,1,9,0,17,0,0,2,0,7,10,1,1,6,2,33,6,1248,2,3,-1,2,-1
201550GA2I004,1,9,0,18,0,6,0,0,0,0,1,1,6,2,46,8,1242,1,-1,-1,-1,-1
201550GA2I004,2,9,0,18,0,8,5,0,0,0,1,1,6,2,74,10,1197,1,2,-1,3,-1
201550GA2I005,1,9,0,10,0,1,0,0,0,0,1,1,6,2,55,8,1999,1,9,-1,1,-1
201550GA2I005,2,9,0,18,0,1,0,0,0,0,4,1,6,1,35,6,1968,2,-1,-1,2,-1