Accident_Index,Vehicle_Reference,Vehicle_Type,Towing_and_Articulation,Vehicle_Manoeuvre,Vehicle_Location-Restricted_Lane,Junction_Location,Skidding_and_Overturning,Hit_Object_in_Carriageway,Vehicle_Leaving_Carriageway,Hit_Object_off_Carriageway,1st_Point_of_Impact,Was_Vehicle_Left_Hand_Drive?,Journey_Purpose_of_Driver,Sex_of_Driver,Age_of_Driver,Age_Band_of_Driver,Engine_Capacity_(CC),Propulsion_Code,Age_of_Vehicle,Driver_IMD_Decile,Driver_Home_Area_Type,Vehicle_IMD_Decile
201550GN2L013,1,9,0,9,0,8,0,0,0,0,1,1,6,1,39,7,2401,2,7,-1,2,-1
201550GN2L013,2,5,0,18,0,1,0,0,1,0,3,1,6,1,60,9,1360,1,19,-1,3,-1
201550GN2L014,1,9,0,9,0,4,0,0,0,0,3,1,6,1,34,6,1582,2,5,-1,1,-1
201550GN2L014,2,3,0,18,0,4,0,0,0,0,1,1,6,1,20,4,124,1,27,-1,1,-1
201550GN2L015,1,9,0,5,0,1,0,0,0,0,4,1,1,1,60,9,1896,2,9,-1,1,-1
201550GP2A001,1,9,0,1,0,1,0,0,0,0,2,1,6,1,22,5,1196,1,20,-1,3,-1
201550GP2A002,1,9,0,18,0,1,0,0,0,0,1,1,6,1,18,4,-1,-1,-1,-1,-1,-1
201550GP2A002,2,9,0,9,0,1,0,0,0,0,1,1,6,1,25,5,-1,-1,-1,-1,1,-1
201550GP2A009,1,9,0,2,0,1,0,0,0,0,2,1,6,2,27,6,1769,1,10,-1,1,-1
201550GP2A009,2,9,0,10,0,1,0,0,0,0,2,1,6,2,67,10,1390,1,6,-1,1,-1
201550GP2A011,1,9,0,18,0,0,0,0,0,0,4,1,6,3,-1,-1,1360,1,12,-1,-1,-1
201550GP2A013,1,9,0,18,0,1,0,0,0,0,0,1,6,3,-1,-1,-1,-1,-1,-1,-1,-1
201550GP2A017,1,9,0,1,0,0,0,0,7,11,2,1,6,1,64,9,1997,2,-1,-1,1,-1
201550GP2A018,1,9,0,5,0,8,0,0,0,0,1,1,6,2,58,9,989,1,17,-1,1,-1
201550GP2A018,2,4,0,18,0,1,0,0,0,0,4,1,6,2,19,4,385,1,14,-1,1,-1
201550GP2A020,1,22,0,18,0,1,5,0,0,0,4,1,6,1,85,11,-1,3,-1,-1,1,-1
201550GP2A020,2,9,0,2,0,1,0,0,0,0,4,1,6,1,53,8,1896,2,12,-1,1,-1
201550GP2B001,1,9,0,17,0,1,0,0,0,0,3,1,6,3,-1,-1,-1,-1,-1,-1,-1,-1
201550GP2B002,1,9,0,17,0,1,0,0,0,0,1,1,6,2,21,5,1397,1,15,-1,1,-1
201550GP2B002,2,9,0,1,0,6,0,0,0,0,2,1,6,2,40,7,1968,2,7,-1,1,-1
201550GP2B007,1,9,0,9,0,8,0,0,0,0,1,1,1,1,43,7,1199,1,13,-1,1,-1
201550GP2B007,2,3,0,18,0,8,0,0,0,0,4,1,2,1,17,4,124,1,10,-1,1,-1
201550GP2B008,1,10,0,18,0,3,0,0,0,0,0,1,1,2,64,9,-1,-1,-1,-1,1,-1
201550GP2B010,1,9,0,4,0,0,0,0,0,0,1,1,6,1,76,11,1896,2,13,-1,1,-1
201550GP2B010,2,9,0,4,0,0,0,0,0,0,1,1,6,3,-1,-1,-1,-1,-1,-1,-1,-1
201550GP2B014,1,9,0,2,0,0,0,0,0,0,3,1,6,2,43,7,1868,2,13,-1,1,-1
201550GP2B014,2,1,0,18,0,0,0,0,0,0,1,1,6,1,29,6,-1,-1,-1,-1,-1,-1
201550GP2B019,1,9,0,17,0,3,0,0,0,0,4,1,6,2,52,8,1199,1,15,-1,1,-1
201550GP2B019,2,9,0,18,0,4,0,0,0,0,1,1,6,2,40,7,1397,1,12,-1,1,-1
201550GP2B023,1,22,0,18,0,0,0,0,1,0,1,1,1,1,73,10,-1,-1,-1,-1,1,-1
201550GP2B024,1,9,0,18,0,0,0,0,0,0,1,1,6,1,21,5,1527,2,19,-1,1,-1
201550GP2B024,2,19,0,2,0,0,0,0,0,0,3,1,6,1,50,8,2300,2,11,-1,1,-1
201550GP2C001,1,9,0,17,0,2,5,0,1,11,1,1,1,1,35,6,-1,-1,-1,-1,-1,-1
201550GP2C004,1,9,0,16,0,0,2,0,0,0,0,1,2,2,23,5,1461,2,10,-1,3,-1
201550GP2D001,1,8,0,2,0,1,0,0,0,0,1,1,1,1,30,6,-1,-1,-1,-1,3,-1
201550GP2D002,1,9,0,18,0,0,1,0,1,7,1,1,2,1,25,5,-1,-1,-1,-1,1,-1
201550GP2D002,2,9,0,18,0,0,5,0,0,0,2,1,6,1,22,5,-1,-1,-1,-1,1,-1
201550GP2D009,1,9,0,18,0,0,0,0,0,0,4,1,6,1,21,5,-1,-1,-1,-1,2,-1
201550GP2D011,1,9,0,18,0,0,0,0,0,0,1,1,6,2,66,10,1240,1,9,-1,3,-1
201550GP2D011,2,9,0,18,0,0,0,0,0,0,1,1,6,1,76,11,1997,2,15,-1,1,-1
201550GP2D016,1,9,0,5,0,0,0,0,0,0,4,1,2,1,64,9,2198,2,7,-1,1,-1
201550GP2D021,1,1,0,18,0,1,0,0,0,0,3,1,6,1,23,5,-1,-1,-1,-1,1,-1
201550GP2D021,2,9,0,9,0,2,0,0,0,0,3,1,6,3,-1,-1,-1,-1,-1,-1,-1,-1
201550GP2D022,1,9,0,18,0,0,0,0,0,0,1,1,6,1,54,8,1198,1,8,-1,1,-1
201550GP2D023,1,1,0,18,0,1,0,0,0,0,1,1,6,2,27,6,-1,-1,-1,-1,1,-1
201550GP2E003,1,9,0,5,0,6,0,0,0,0,3,1,6,1,71,10,1560,2,-1,-1,2,-1
201550GP2E003,2,9,0,17,0,1,0,0,0,0,1,1,6,1,48,8,2495,2,15,-1,3,-1
201550GP2E004,1,9,0,18,0,0,5,0,8,10,1,1,2,1,52,8,1995,1,14,-1,1,-1
201550GP2I002,1,9,0,18,0,8,0,0,0,0,1,1,6,2,20,4,1242,1,-1,-1,1,-1
201550GP2I003,1,9,0,18,0,2,0,0,0,0,1,1,6,2,48,8,1753,2,8,-1,3,-1
201550GP2I010,1,9,0,18,9,0,0,0,0,0,0,1,6,1,31,6,1595,1,15,-1,1,-1
201550GP2J003,1,9,0,16,0,0,0,0,0,0,1,1,6,2,19,4,1298,1,15,-1,1,-1
201550GP2J004,1,9,0,17,0,0,0,0,0,0,1,1,6,2,34,6,1998,1,13,-1,3,-1
201550GP2J004,2,9,0,18,0,0,0,0,0,0,1,1,6,2,31,6,1968,2,10,-1,1,-1
201550GP2J005,1,9,0,16,0,0,0,0,0,0,1,1,6,2,27,6,1328,1,8,-1,1,-1
201550GP2J006,1,5,0,13,0,1,0,0,7,1,3,1,6,1,53,8,996,1,18,-1,3,-1
201550GP2J006,2,9,0,9,0,1,0,0,0,0,1,1,6,1,47,8,-1,-1,-1,-1,3,-1
201550GP2K001,1,9,0,5,0,1,0,0,0,0,1,1,6,1,61,9,1598,1,10,-1,2,-1
201550GP2K001,2,3,0,18,0,1,0,0,0,0,3,1,6,1,-1,-1,124,1,15,-1,1,-1
201550GP2K002,1,9,0,18,0,0,0,0,0,0,1,1,2,2,23,5,1396,1,6,-1,1,-1
201550GP2K002,2,9,0,4,0,0,0,0,0,0,2,1,6,1,22,5,998,1,8,-1,3,-1
201550GP2K002,3,9,0,3,0,0,0,0,0,0,2,1,1,2,27,6,2143,2,4,-1,2,-1
201550GP2K003,1,9,0,9,0,2,0,0,0,0,4,1,6,1,84,11,1598,1,9,-1,2,-1
201550GP2K003,2,9,0,18,0,8,0,0,0,0,3,1,1,2,45,7,1242,1,3,-1,2,-1
201550GP2K004,1,9,0,18,0,0,1,0,0,0,4,1,6,1,31,6,1364,1,6,-1,1,-1
201550GP2K004,2,9,0,18,0,0,0,0,0,0,1,1,6,1,52,8,1984,1,8,-1,1,-1
201550GR2A001,1,19,0,18,0,5,2,0,1,11,1,1,6,1,26,6,-1,-1,-1,-1,2,-1
201550GR2A002,1,19,0,18,0,8,0,0,1,9,4,1,2,1,31,6,2151,2,13,-1,1,-1
201550GR2A002,2,9,0,5,0,6,1,0,0,0,1,1,6,1,70,10,1798,1,11,-1,3,-1
201550GR2A004,1,9,0,5,0,6,0,0,3,0,3,1,6,1,18,4,-1,-1,-1,-1,1,-1
201550GR2A004,2,21,0,18,0,1,1,0,0,0,1,1,1,1,53,8,6692,2,5,-1,1,-1
201550GR2A005,1,9,0,18,0,1,0,0,0,3,1,1,6,1,17,4,1360,1,13,-1,3,-1
201550GR2A006,1,9,0,18,0,0,5,0,7,4,1,1,6,1,26,6,1796,1,9,-1,2,-1
201550GR2A007,1,9,0,5,0,6,0,0,0,0,1,1,6,1,56,9,1798,1,11,-1,3,-1
201550GR2A007,2,5,0,18,0,8,0,0,0,0,1,1,6,1,65,9,749,1,29,-1,3,-1
201550GR2A008,1,5,0,16,0,0,1,0,0,0,1,1,6,1,26,6,1000,1,-1,-1,3,-1
201550GR2A009,1,9,0,5,0,1,0,0,0,0,1,1,6,1,51,8,1991,2,8,-1,1,-1
201550GR2A009,2,9,0,18,0,8,1,0,0,0,4,1,6,1,70,10,1587,1,17,-1,2,-1
201550GR2A010,1,9,0,18,0,0,1,0,1,9,1,1,6,1,41,7,1390,1,2,-1,2,-1
201550GR2A011,1,9,0,9,0,6,0,0,0,0,1,1,6,1,40,7,-1,-1,-1,-1,2,-1
201550GR2A011,2,9,0,18,0,8,0,0,0,0,4,1,2,1,20,4,1560,2,10,-1,2,-1
201550GR2A011,3,9,0,3,0,1,0,0,0,0,1,1,2,2,41,7,2204,2,6,-1,2,-1
201550GR2A011,4,9,0,3,0,1,0,0,0,0,1,1,2,2,67,10,1339,1,12,-1,2,-1
201550GR2B001,1,9,0,17,0,0,0,0,1,9,1,1,6,1,30,6,-1,-1,-1,-1,2,-1
201550GR2B005,1,9,0,9,0,6,0,0,0,0,1,1,1,2,21,5,1198,1,12,-1,2,-1
201550GR2B005,2,97,0,18,0,1,0,0,0,0,4,1,6,1,48,8,1470,1,18,-1,2,-1
201550GR2B005,3,9,0,18,0,1,0,0,0,0,1,1,6,1,45,7,-1,-1,-1,-1,3,-1
201550GR2B007,1,9,0,18,0,0,0,0,0,0,1,1,2,2,18,4,1349,1,6,-1,3,-1
201550GR2B009,1,9,0,15,0,0,0,0,0,0,4,1,6,3,-1,-1,-1,-1,-1,-1,-1,-1
201550GR2B009,2,1,4,18,0,0,0,0,0,0,3,1,6,1,22,5,-1,-1,-1,-1,1,-1
201550GR2B010,1,9,0,18,0,0,2,0,0,4,1,1,6,2,28,6,1149,1,2,-1,1,-1
201550GR2B012,1,9,0,4,0,1,0,0,0,0,1,1,6,2,68,10,995,1,11,-1,2,-1
201550GR2B012,2,9,0,3,0,1,0,0,0,0,2,1,6,1,49,8,998,1,-1,-1,-1,-1
201550GR2B012,3,9,0,10,0,1,0,0,0,0,2,1,6,2,22,5,1299,1,13,-1,1,-1
201550GR2B015,1,9,0,17,0,2,0,0,1,10,1,1,6,1,80,11,1242,1,10,-1,3,-1
201550GR2B017,1,9,0,16,0,0,0,0,1,10,1,1,6,1,44,7,2400,2,2,-1,2,-1
201550GR2B017,2,9,0,17,0,0,0,0,0,0,1,1,6,2,39,7,1360,1,13,-1,3,-1
201550GR2B018,1,19,0,18,0,0,0,0,0,0,2,1,6,1,65,9,1753,2,12,-1,3,-1
201550GR2B018,2,9,0,3,0,0,0,0,0,0,1,1,6,1,28,6,1796,1,14,-1,1,-1
201550GR2B020,1,11,0,4,0,0,0,0,0,0,4,1,2,1,56,9,-1,-1,-1,-1,1,-1
201550GR2B023,1,19,0,18,0,8,0,0,0,0,4,1,1,1,24,5,2143,2,1,-1,2,-1
201550GR2B023,2,9,0,18,0,8,1,0,0,0,1,1,2,2,53,8,1242,1,15,-1,1,-1
201550GR2B024,1,9,0,13,0,8,1,0,0,0,4,1,6,1,33,6,2993,2,9,-1,1,-1
201550GR2B024,2,9,0,9,0,5,0,0,0,0,3,1,6,2,30,6,1496,1,-1,-1,3,-1
201550GR2B025,1,9,0,18,0,8,1,0,0,0,1,1,6,1,44,7,4134,2,1,-1,3,-1
201550GR2B025,2,9,0,4,0,8,0,0,0,0,2,1,6,2,21,5,1360,1,8,-1,1,-1
201550GR2C001,1,9,0,18,0,0,0,0,0,0,4,1,6,2,34,6,-1,-1,-1,-1,1,-1
201550GR2C002,1,9,0,16,0,0,0,0,0,0,1,1,6,2,42,7,1598,1,9,-1,1,-1
201550GR2C005,1,9,0,1,0,0,0,0,0,0,2,1,6,1,24,5,2494,2,7,-1,2,-1
201550GR2C006,1,9,0,18,0,0,0,0,1,9,1,1,6,3,-1,-1,2995,1,6,-1,-1,-1
201550GR2D001,1,98,4,13,0,0,0,0,0,0,4,1,6,1,46,8,-1,-1,-1,-1,3,-1
201550GR2D001,2,1,0,18,0,0,0,0,0,0,1,1,6,2,53,8,-1,-1,-1,-1,3,-1
201550GR2D003,1,3,0,18,0,4,2,0,0,0,1,1,6,1,22,5,125,1,1,-1,3,-1
201550GR2D003,2,9,0,9,0,3,1,0,0,0,1,1,6,2,26,6,1798,1,12,-1,3,-1
201550GR2D004,1,9,0,13,0,0,0,0,0,0,1,1,6,1,56,9,-1,-1,-1,-1,1,-1
201550GR2D004,2,9,0,13,0,0,0,0,0,0,2,1,1,1,36,7,1968,2,2,-1,3,-1
201550GR2D006,1,21,0,18,0,1,1,0,0,0,1,1,1,1,53,8,5480,2,16,-1,3,-1
201550GR2D006,2,9,0,10,0,5,0,0,0,0,2,1,6,2,32,6,1229,1,10,-1,3,-1
201550GR2D009,1,9,0,18,0,8,0,0,0,0,4,1,1,2,22,5,998,1,1,-1,3,-1
201550GR2D009,2,9,0,18,0,8,0,0,0,0,3,1,6,2,45,7,1360,1,8,-1,3,-1
201550GR2D010,1,9,0,17,0,0,5,0,1,0,1,1,6,1,24,5,1796,1,15,-1,1,-1
201550GR2E003,1,9,0,16,0,0,0,0,7,4,1,1,6,1,92,11,1248,2,2,-1,3,-1
201550GR2E004,1,19,0,7,0,1,0,0,0,0,1,1,6,1,37,7,1998,2,13,-1,1,-1
201550GR2E004,2,9,0,4,0,1,0,0,0,0,2,1,6,1,39,7,698,1,10,-1,1,-1
201550GR2E005,1,9,0,8,0,1,0,0,0,0,1,1,6,1,19,4,1399,2,9,-1,1,-1
201550GR2E005,2,9,0,8,0,1,0,0,0,0,2,1,6,2,28,6,1596,1,14,-1,1,-1
201550GR2E006,1,21,0,11,0,0,0,0,0,0,1,1,1,1,26,6,8970,2,11,-1,1,-1
201550GR2E006,2,9,0,18,0,0,0,0,4,6,4,1,6,1,56,9,1560,2,8,-1,2,-1
201550GR2F002,1,9,0,13,0,1,0,0,0,0,1,1,6,1,30,6,1896,2,12,-1,1,-1
201550GR2F002,2,9,0,9,0,2,0,0,0,0,3,1,6,1,45,7,2993,2,-1,-1,3,-1
201550GR2F003,1,9,0,5,0,2,0,0,0,0,3,1,6,1,21,5,1997,1,3,-1,2,-1
201550GR2F003,2,9,0,18,0,1,0,0,0,0,1,1,6,2,41,7,1461,2,7,-1,1,-1
201550GR2F004,1,9,0,18,0,1,1,0,0,0,1,1,6,1,18,4,2495,2,12,-1,3,-1
201550GR2F004,2,9,0,4,0,1,0,0,0,0,2,1,6,1,18,4,1390,1,9,-1,3,-1
201550GR2F005,1,9,0,16,0,0,1,0,0,0,1,1,2,1,20,4,1348,1,14,-1,1,-1
201550GR2F005,2,9,0,17,0,0,0,0,0,0,1,1,6,2,45,7,1598,2,10,-1,3,-1
201550GR2G001,1,9,0,5,0,6,0,0,0,0,3,1,1,1,33,6,1598,1,17,-1,1,-1
201550GR2G001,2,5,0,18,0,1,1,0,0,0,1,1,1,1,26,6,749,1,5,-1,3,-1
201550GR2G002,1,9,0,13,0,8,0,0,0,0,4,1,6,2,26,6,1364,1,8,-1,1,-1
201550GR2G002,2,17,0,9,0,5,2,0,0,0,3,1,1,1,48,8,4485,2,5,-1,2,-1
201550GR2G004,1,9,0,18,0,1,0,0,0,0,3,1,6,1,50,8,2204,2,9,-1,1,-1
201550GR2G004,2,9,0,18,0,1,0,0,1,0,2,1,6,3,-1,-1,1998,1,15,-1,-1,-1
201550GR2G006,1,9,0,18,0,1,0,0,1,0,1,1,2,1,25,5,-1,-1,-1,-1,1,-1
201550GR2G006,2,17,4,9,0,6,0,0,0,0,4,1,1,1,36,7,-1,2,7,-1,3,-1
201550GT3D005,1,9,0,4,0,0,1,0,7,3,1,1,6,1,20,4,1198,1,12,-1,3,-1
201550GT3D007,1,9,0,18,0,1,1,0,0,0,1,1,1,1,34,6,-1,-1,-1,-1,1,-1
201550GT3D007,2,9,0,3,0,1,0,0,0,0,2,1,6,1,29,6,1999,1,9,-1,1,-1
201550GT3D008,1,5,0,18,0,1,0,0,0,0,1,1,6,1,21,5,689,1,-1,-1,3,-1
201550GT3D008,2,9,0,15,0,1,0,0,0,0,3,1,6,2,39,7,1560,2,10,-1,3,-1
201550GT3D008,3,9,0,18,0,1,0,0,0,0,1,1,6,1,64,9,1997,2,12,-1,1,-1
201550GT3D009,1,9,0,18,0,0,0,0,0,0,0,1,6,1,67,10,2400,2,-1,-1,1,-1
201550GT3D009,2,19,0,13,0,0,2,0,1,11,1,1,2,1,40,7,1248,2,1,-1,1,-1
201550GT3D011,1,9,0,3,0,0,0,0,0,0,3,1,6,2,36,7,1598,1,8,-1,1,-1
201550GT3D011,2,9,0,18,0,0,0,0,0,0,3,1,6,3,-1,-1,-1,-1,-1,-1,-1,-1
201550GT3D012,1,9,0,18,0,0,0,0,0,0,1,1,1,2,48,8,1108,1,8,-1,3,-1
201550GT3D012,2,9,0,4,0,0,0,0,0,0,2,1,1,1,36,7,1956,2,1,-1,1,-1
201550GT3D012,3,9,0,18,0,0,0,0,0,0,1,1,6,1,40,7,1198,1,12,-1,1,-1
201550GT3D013,1,3,0,14,0,1,0,0,0,0,1,1,6,1,20,4,50,1,16,-1,3,-1
201550GT3D013,2,9,0,10,0,1,0,0,0,0,3,1,6,1,18,4,1124,1,7,-1,3,-1
201550GT3E001,1,9,0,18,0,0,0,0,0,0,3,1,6,2,23,5,1248,2,6,-1,1,-1
201550GT3E004,1,9,0,18,0,0,0,4,0,0,1,1,6,3,-1,-1,1299,1,14,-1,-1,-1
201550GT3E004,2,9,0,18,0,0,0,0,0,0,2,1,6,2,20,4,1229,1,8,-1,1,-1
201550GT3F001,1,9,0,5,0,1,0,0,0,0,1,1,6,1,28,6,2976,1,12,-1,1,-1
201550GT3F001,2,9,0,3,0,1,0,0,0,0,2,1,6,1,61,9,1597,2,2,-1,1,-1
201550GT3F002,1,19,0,18,0,0,0,10,0,0,1,1,6,1,37,7,1461,2,5,-1,1,-1
201550GT3F003,1,9,0,18,0,0,1,0,4,6,1,1,6,1,25,5,1396,1,12,-1,1,-1
201550GT3F004,1,9,0,13,0,3,0,0,7,6,1,1,6,2,29,6,-1,-1,-1,-1,3,-1
201550GT3F004,2,9,0,18,0,3,0,0,0,0,3,1,6,1,55,8,-1,-1,-1,-1,1,-1
201550GT3F005,1,9,0,18,0,1,0,0,0,0,1,1,6,1,28,6,1995,2,6,-1,1,-1
201550GT3F005,2,9,0,18,0,1,0,0,0,0,1,1,6,2,39,7,1584,1,9,-1,1,-1
201550GT3F007,1,3,0,18,0,4,0,0,0,0,0,1,1,1,27,6,125,1,1,-1,1,-1
201550GT3F008,1,9,0,18,0,1,0,0,0,0,1,1,6,1,63,9,1686,2,11,-1,3,-1
201550GT3F008,2,9,0,18,0,1,0,0,0,0,2,1,6,2,38,7,1598,1,15,-1,1,-1
201550GT3F009,1,9,0,9,0,8,0,0,0,0,3,2,6,2,22,5,-1,-1,-1,-1,2,-1
201550GT3F009,2,5,0,13,0,8,0,0,0,0,3,1,6,1,35,6,998,1,11,-1,1,-1
201550GT3F010,1,9,0,18,0,0,0,0,0,0,1,1,1,1,40,7,2400,2,2,-1,3,-1
201550GT3F010,2,9,0,3,0,0,0,0,0,0,2,1,6,1,30,6,1896,2,13,-1,2,-1
201550GT3F011,1,9,0,4,0,0,0,0,0,0,1,1,1,2,24,5,998,1,7,-1,1,-1
201550GT3F011,2,21,0,4,0,0,0,0,0,0,2,1,1,1,47,8,4461,2,6,-1,1,-1
201550GT3F012,1,3,0,9,0,2,0,0,0,0,0,1,6,1,23,5,125,1,7,-1,3,-1
201550GT3F014,1,9,0,18,0,0,0,0,0,0,1,1,6,2,19,4,1198,1,3,-1,2,-1
201550GT3F014,2,19,0,18,0,0,1,0,0,0,1,1,1,1,42,7,2953,2,10,-1,-1,-1
201550GT3F018,1,9,0,18,0,0,2,0,0,0,1,1,1,1,18,4,1198,1,9,-1,3,-1
201550GT3F018,2,9,0,18,0,0,1,0,4,6,2,1,1,1,43,7,1686,2,1,-1,3,-1
201550GT3F020,1,9,0,18,0,1,1,0,0,0,1,1,6,2,19,4,1360,1,8,-1,2,-1
201550GT3F020,2,9,0,10,0,1,0,0,0,0,2,1,2,2,24,5,1399,2,3,-1,3,-1
201550GT3F021,1,9,0,18,0,0,0,0,0,0,4,1,1,1,30,6,1560,2,-1,-1,1,-1
201550GT3F021,2,9,0,18,0,0,0,0,0,0,3,1,1,1,22,5,1360,1,17,-1,1,-1
201550GT3F024,1,3,0,11,0,8,0,0,0,0,4,1,6,1,21,5,124,1,16,-1,3,-1
201550GT3F024,2,5,0,5,0,4,0,0,0,0,3,1,6,1,69,10,839,1,7,-1,1,-1
201550GT3F025,1,9,0,11,0,3,2,0,0,0,1,1,6,1,83,11,2993,2,4,-1,2,-1
201550GT3F025,2,9,0,17,0,8,0,0,0,0,3,1,2,1,32,6,2616,1,11,-1,1,-1
201550GT3F026,1,9,0,9,0,1,0,0,0,0,3,1,6,1,52,8,-1,-1,-1,-1,1,-1
201550GT3F026,2,1,0,14,0,1,0,0,0,0,1,1,6,1,22,5,-1,-1,-1,-1,1,-1
201550GT3F027,1,9,0,4,0,0,1,0,0,0,1,1,6,1,22,5,1598,2,5,-1,2,-1
201550GT3F027,2,19,0,4,0,0,0,0,0,0,2,1,1,1,52,8,1996,2,2,-1,1,-1
201550GT3F027,3,8,0,3,0,0,0,0,0,0,2,1,1,1,55,8,1998,2,-1,-1,1,-1
201550GT3F028,1,9,0,18,0,3,0,0,0,0,4,1,6,1,27,6,1896,2,13,-1,1,-1
201550GT3F028,2,9,0,18,0,3,0,0,0,0,3,1,6,2,23,5,1390,1,11,-1,2,-1
201550GT3F031,1,9,0,16,0,4,0,0,0,0,1,1,6,2,-1,-1,998,1,1,-1,-1,-1
201550GT3F031,2,9,0,16,0,4,0,0,0,0,2,1,6,1,27,6,1896,2,10,-1,1,-1
201550GT3F034,1,9,0,5,0,2,0,0,0,0,3,1,1,2,18,4,1199,1,13,-1,3,-1
201550GT3F034,2,9,0,18,0,8,0,0,0,0,1,1,1,2,66,10,1870,2,12,-1,1,-1
201550GT3F035,1,3,0,14,0,1,5,0,7,0,1,1,6,1,17,4,124,1,8,-1,1,-1
201550GT3F035,2,9,0,4,0,6,0,0,0,0,1,1,6,2,22,5,1968,2,8,-1,3,-1
201550GT3F037,1,9,0,18,0,0,0,0,0,0,1,1,6,1,62,9,2387,2,9,-1,3,-1
201550GT3F037,2,9,0,18,0,0,0,0,0,11,1,1,6,1,72,10,1596,1,13,-1,1,-1
201550GT3F038,1,9,0,3,0,0,0,0,0,0,2,1,6,2,61,9,1124,1,13,-1,3,-1
201550GT3F038,2,9,0,4,0,0,0,0,0,0,2,1,6,2,49,8,1398,1,1,-1,1,-1
201550GT3F038,3,9,0,4,0,0,0,0,0,0,2,1,6,1,33,6,2496,1,14,-1,2,-1
201550GT3F038,4,9,0,4,0,0,0,0,0,0,2,1,6,2,28,6,1582,2,8,-1,1,-1
201550GT3F038,5,19,0,4,0,0,0,0,0,0,2,1,6,1,52,8,1905,2,15,-1,1,-1
201550GT3F038,6,9,0,4,0,0,0,0,0,0,1,1,6,2,41,7,1461,2,-1,-1,2,-1
201550GT3F040,1,9,0,9,0,6,0,0,0,0,4,1,6,2,-1,-1,1149,1,16,-1,1,-1
201550GT3F040,2,19,0,18,0,1,0,0,0,0,3,1,6,1,26,6,2402,2,13,-1,3,-1
201550GT3F041,1,9,0,18,0,1,0,0,0,0,1,1,6,1,48,8,-1,-1,-1,-1,2,-1
201550GT3F041,2,9,0,18,0,1,0,0,0,0,2,1,6,1,48,8,-1,-1,-1,-1,1,-1
201550GT3F042,1,9,0,4,0,0,0,0,0,0,1,1,6,1,51,8,1598,1,4,-1,1,-1
201550GT3F042,2,9,0,4,0,0,0,0,0,0,2,1,6,2,28,6,1997,2,11,-1,2,-1
201550GT3F043,1,9,0,4,0,0,1,0,0,0,1,1,1,2,49,8,1598,7,9,-1,3,-1
201550GT3F043,2,9,0,3,0,0,0,0,0,0,2,1,1,1,57,9,1390,1,6,-1,1,-1
201550GT3I002,1,5,0,17,0,0,5,0,1,9,1,1,6,1,51,8,599,1,12,-1,1,-1
201550GT3I003,1,9,0,17,0,0,5,0,0,0,1,1,6,2,-1,-1,1390,1,5,-1,-1,-1
201550GT3J001,1,9,0,17,0,1,0,0,0,0,3,1,1,1,55,8,-1,-1,-1,-1,2,-1
201550GT3J001,2,9,0,18,0,1,1,0,7,11,3,1,2,1,49,8,-1,-1,-1,-1,2,-1
201550GT3J002,1,9,0,4,0,0,0,0,0,0,2,1,6,1,62,9,1582,2,2,-1,1,-1
201550GT3J002,2,9,0,4,0,0,1,0,0,0,1,1,6,2,37,7,1461,2,4,-1,1,-1
201550GT3J002,3,9,0,4,0,0,1,0,0,0,1,1,6,2,22,5,-1,-1,-1,-1,1,-1
201550GT3J004,1,9,0,18,0,0,0,0,0,0,1,1,6,2,28,6,1868,2,15,-1,3,-1
201550GT3J004,2,9,0,3,0,0,0,0,0,0,2,1,6,1,52,8,1749,1,13,-1,1,-1
201550GT3J004,3,9,0,3,0,0,0,0,0,0,2,1,6,2,77,11,998,1,2,-1,3,-1
201550GT3J005,1,3,0,18,0,0,0,0,0,0,1,1,6,2,21,5,124,1,12,-1,2,-1
201550GT3J005,2,9,0,18,0,0,0,0,0,0,2,1,6,2,52,8,1596,1,10,-1,-1,-1
201550GT3J006,1,9,0,18,0,0,0,0,0,0,1,1,6,1,21,5,1388,1,17,-1,-1,-1
201550GT3J006,2,9,0,18,0,0,0,0,0,0,3,1,6,2,50,8,1995,2,10,-1,3,-1
201550GT3J006,3,9,0,18,0,0,2,0,1,4,1,1,6,2,-1,-1,1997,2,2,-1,-1,-1
201550GT3K001,1,9,0,18,0,0,0,0,0,0,1,1,6,2,49,8,1229,1,10,-1,1,-1
201550GT3K001,2,16,0,18,0,0,0,0,0,0,3,1,6,1,52,8,-1,-1,-1,-1,3,-1
201550GT3K005,1,9,0,12,0,0,0,0,0,0,3,1,2,2,28,6,1198,1,4,-1,1,-1
201550GT3K005,2,9,0,18,0,0,2,7,4,7,1,1,3,2,41,7,1896,2,5,-1,3,-1
201550GT3K005,3,9,0,4,0,0,0,0,0,0,2,1,6,2,66,10,1198,1,6,-1,3,-1
201550GT3K009,1,9,0,18,0,1,0,0,0,0,1,1,6,1,35,6,1685,2,-1,-1,-1,-1
201550GT3K009,2,9,0,18,0,1,5,0,1,0,2,1,6,1,76,11,1598,1,11,-1,1,-1
201550GT3K009,3,9,0,18,0,1,1,0,0,0,4,1,6,1,33,6,-1,-1,-1,-1,3,-1
201550GT3K010,1,9,0,18,0,1,1,0,5,6,3,1,6,1,47,8,1956,2,-1,-1,2,-1
201550GT3K011,1,9,0,18,0,0,1,0,1,4,4,1,6,2,17,4,2776,2,9,-1,1,-1
201550GT3K012,1,9,0,18,0,3,0,0,1,3,1,1,6,1,-1,-1,1149,1,6,-1,-1,-1
201550GT3K013,1,9,0,18,0,1,0,0,0,0,1,1,6,1,78,11,998,1,7,-1,1,-1
201550GT3K013,2,9,0,18,0,1,0,0,0,0,1,1,6,2,52,8,1200,1,1,-1,1,-1
201550GT3V003,1,9,0,17,0,6,0,0,0,0,3,1,6,1,67,10,1198,1,8,-1,1,-1
201550GT3V003,2,9,0,18,0,1,0,0,0,11,1,1,1,1,44,7,1560,2,4,-1,1,-1
201550GT3W001,1,9,0,3,0,0,1,0,0,0,1,1,6,1,22,5,1124,1,16,-1,1,-1