Accident_Index,Vehicle_Reference,Vehicle_Type,Towing_and_Articulation,Vehicle_Manoeuvre,Vehicle_Location-Restricted_Lane,Junction_Location,Skidding_and_Overturning,Hit_Object_in_Carriageway,Vehicle_Leaving_Carriageway,Hit_Object_off_Carriageway,1st_Point_of_Impact,Was_Vehicle_Left_Hand_Drive?,Journey_Purpose_of_Driver,Sex_of_Driver,Age_of_Driver,Age_Band_of_Driver,Engine_Capacity_(CC),Propulsion_Code,Age_of_Vehicle,Driver_IMD_Decile,Driver_Home_Area_Type,Vehicle_IMD_Decile
201550JC3K002,3,5,0,16,0,0,0,0,0,0,3,1,6,1,60,9,865,1,6,-1,1,-1
201550JC3L001,1,9,0,4,0,0,0,0,0,0,1,1,6,2,64,9,1461,2,12,-1,2,-1
201550JC3L001,2,9,0,4,0,0,0,0,0,0,1,1,6,1,35,6,-1,-1,-1,-1,2,-1
201550JC3L002,1,5,0,13,0,1,1,0,7,0,1,1,6,1,31,6,942,1,11,-1,2,-1
201550JC3L002,2,9,0,10,0,1,0,0,0,0,3,1,6,1,42,7,1598,1,10,-1,3,-1
201550JC3L003,1,9,0,18,0,0,0,0,0,0,1,1,6,1,51,8,2495,2,22,-1,3,-1
201550JC3L003,2,1,0,18,0,0,0,0,0,0,1,1,6,1,25,5,-1,-1,-1,-1,1,-1
201550JC3L004,1,1,0,18,0,0,0,0,0,0,1,1,6,1,68,10,-1,-1,-1,-1,1,-1
201550JC3L005,1,9,0,16,0,0,0,0,0,0,1,1,6,1,86,11,1595,1,17,-1,2,-1
201550JC3L005,2,1,0,16,0,0,0,0,1,10,2,1,6,1,39,7,-1,-1,-1,-1,3,-1
201550JC3L006,1,3,0,17,0,0,0,0,0,0,3,1,6,1,45,7,124,1,29,-1,1,-1
201550JC3O001,1,2,0,18,0,0,0,4,0,0,1,1,6,1,16,4,49,1,7,-1,2,-1
201550JC3O001,2,9,0,2,0,0,0,0,0,0,2,1,6,1,42,7,1995,2,13,-1,3,-1
201550JC3O003,1,9,0,18,0,0,0,12,0,0,1,1,2,2,65,9,1229,1,3,-1,3,-1
201550JC3O003,2,9,0,18,0,0,0,0,0,0,1,1,2,1,25,5,2495,2,25,-1,2,-1
201550JC3O007,1,9,0,18,0,0,0,0,0,0,1,1,6,1,19,4,1968,2,8,-1,1,-1
201550JC3O008,1,9,0,12,0,0,1,0,2,7,2,1,6,2,20,4,1399,1,11,-1,1,-1
201550JC4O001,1,9,0,18,0,0,1,0,0,4,1,1,6,1,53,8,1360,1,15,-1,1,-1
201550JC4O001,2,9,0,18,0,0,1,0,0,4,1,1,6,2,68,10,1598,1,1,-1,3,-1
201550JC4O002,1,9,0,9,0,8,1,0,0,10,1,1,2,2,41,7,1498,1,-1,-1,1,-1
201550JC4O003,1,9,0,18,0,0,1,0,8,4,1,1,6,1,39,7,1798,8,1,-1,1,-1
201550JC4O005,1,19,0,15,0,0,1,0,1,10,4,1,2,1,32,6,-1,-1,-1,-1,3,-1
201550JC4O005,2,19,0,11,0,0,1,0,1,10,1,1,2,2,40,7,2283,2,13,-1,2,-1
201550JC4P001,1,9,0,18,0,8,0,0,0,0,4,1,6,2,27,6,1461,2,5,-1,1,-1
201550JC4P001,2,1,0,9,0,5,0,0,0,0,1,1,6,1,65,9,-1,-1,-1,-1,3,-1
201550JC4P003,1,9,0,13,0,1,0,0,7,0,1,1,6,1,30,6,1896,2,13,-1,3,-1
201550JC4P003,2,9,0,9,0,1,5,0,7,0,3,1,1,1,26,6,2402,2,4,-1,1,-1
201550JC4P004,1,9,0,16,0,0,1,0,0,0,3,1,2,1,28,6,1389,1,15,-1,3,-1
201550JC4P004,2,9,0,17,0,0,0,0,0,0,3,1,1,2,31,6,1198,1,1,-1,2,-1
201550JC4P005,1,9,0,18,0,0,0,0,1,0,1,1,6,1,46,8,1956,2,3,-1,1,-1
201550JC4Q001,1,9,0,11,0,0,1,0,1,7,1,1,6,1,40,7,-1,-1,-1,-1,1,-1
201550JC4Q001,2,9,0,16,0,0,0,1,0,0,3,1,1,2,41,7,2400,2,2,-1,1,-1
201550JC4Q002,1,9,0,16,0,0,0,0,0,0,1,1,6,2,44,7,1296,1,15,-1,1,-1
201550JC4Q002,2,10,0,17,0,0,1,0,0,0,1,1,1,2,39,7,-1,-1,-1,-1,1,-1
201550JC4R001,1,19,0,18,0,1,0,4,0,0,1,1,6,1,55,8,2500,2,14,-1,2,-1
201550JC4R001,2,9,0,2,0,1,0,0,0,0,2,1,6,1,33,6,1968,2,4,-1,2,-1
201550JC4R001,3,9,0,2,0,7,0,0,0,0,2,1,6,2,58,9,1997,2,15,-1,2,-1
201550JC4U001,1,9,0,12,0,0,0,0,0,0,1,1,2,1,64,9,-1,-1,-1,-1,2,-1
201550JC4U001,2,17,0,18,0,0,0,0,0,0,2,1,1,1,48,8,3318,2,7,-1,1,-1
201550JC4U002,1,9,0,4,0,7,0,0,0,0,1,1,1,2,52,8,1398,2,4,-1,1,-1
201550JC4U002,2,9,0,3,0,7,0,0,0,0,2,1,1,2,48,8,1587,1,9,-1,1,-1
201550JC4U003,1,21,0,11,0,0,0,0,0,0,1,1,1,2,31,6,12900,2,8,-1,1,-1
201550JC4U003,2,9,0,18,0,0,0,0,0,0,3,1,6,2,31,6,-1,-1,-1,-1,1,-1
201550JC4U004,1,9,0,16,0,0,1,0,1,4,4,1,6,1,23,5,1364,1,8,-1,1,-1
201550JC4U007,1,9,0,18,0,0,0,0,7,6,1,1,6,1,35,6,1895,1,15,-1,2,-1
201550JC4U007,2,9,0,3,0,0,0,0,0,0,3,1,6,1,50,8,1242,1,8,-1,1,-1
201550JC4U007,3,9,0,3,0,0,0,0,0,0,3,1,6,1,32,6,-1,-1,-1,-1,1,-1
201550JC4U007,4,9,0,3,0,0,0,0,0,0,4,1,6,1,36,7,1968,2,4,-1,2,-1
201550JC4U007,5,9,0,3,0,0,0,0,0,0,2,1,6,2,24,5,1299,1,11,-1,1,-1
201550JC4U007,6,9,0,3,0,0,0,0,0,0,1,1,6,1,64,9,-1,-1,-1,-1,1,-1
201550JC4U007,7,9,0,3,0,0,0,0,0,0,2,1,6,1,53,8,1560,2,1,-1,1,-1
201550JC4U010,1,9,0,4,0,1,0,0,0,0,1,1,2,2,50,8,1896,2,11,-1,2,-1
201550JC4U010,2,9,0,3,0,1,0,0,0,0,2,1,6,1,28,6,-1,-1,-1,-1,1,-1
201550JC4U010,3,9,0,3,0,1,0,0,0,0,2,1,6,1,69,10,1985,1,14,-1,1,-1
201550JC4U011,1,9,0,17,0,0,1,0,1,0,1,1,6,1,23,5,1850,1,16,-1,2,-1
201550JC4U012,1,9,0,18,0,1,0,0,0,0,1,1,6,1,24,5,1396,1,4,-1,1,-1
201550JC4U012,2,9,0,18,0,1,0,0,0,0,2,1,6,1,27,6,1896,2,13,-1,1,-1
201550JC4U013,1,5,0,18,0,1,5,0,0,0,1,1,6,1,45,7,1043,1,4,-1,1,-1
201550JC4U016,1,9,0,18,0,1,0,0,0,0,0,1,1,1,17,4,1124,1,10,-1,2,-1
201550JC4U016,2,5,0,18,0,1,0,0,0,0,2,1,6,1,34,6,599,1,4,-1,1,-1
201550JC4U018,1,9,0,18,0,0,0,0,0,0,1,1,6,1,53,8,973,1,12,-1,1,-1
201550JC4U018,2,9,0,18,0,0,0,0,0,0,1,1,6,1,20,4,1968,2,9,-1,1,-1
201550JC4U019,1,9,0,11,0,1,0,0,0,0,0,1,6,3,-1,-1,-1,-1,-1,-1,-1,-1
201550JC4U019,2,9,0,11,0,1,0,0,0,0,4,1,6,2,45,7,1753,2,7,-1,3,-1
201550JC4U019,3,5,0,15,0,1,2,0,0,0,1,1,2,1,29,6,645,1,16,-1,1,-1
201550JC4U020,1,9,0,16,0,0,2,0,4,6,1,1,6,2,25,5,1242,1,8,-1,1,-1
201550JC4U026,1,5,0,16,0,0,0,0,5,6,1,1,6,1,63,9,675,1,3,-1,1,-1
201550JC4V002,1,4,0,18,0,0,0,0,0,0,1,1,6,1,23,5,-1,-1,-1,-1,1,-1
201550JC4V002,2,19,0,18,0,0,0,0,0,0,1,1,1,1,26,6,-1,-1,-1,-1,1,-1
201550JC4V002,3,9,0,18,0,0,0,0,0,0,0,1,1,2,50,8,1598,1,4,-1,1,-1
201550JC4V003,1,9,0,18,0,3,0,0,0,0,4,1,6,1,20,4,1753,2,12,-1,2,-1
201550JC4V003,2,1,0,18,0,3,0,0,0,0,0,1,6,1,43,7,-1,-1,-1,-1,1,-1
201550JC4V004,1,9,0,18,0,4,1,0,0,0,1,1,2,2,26,6,1299,1,13,-1,1,-1
201550JC4V004,2,1,0,18,0,8,0,0,0,0,4,1,2,2,49,8,-1,-1,-1,-1,2,-1
201550JC4V005,1,3,0,16,0,5,1,0,0,0,1,1,6,1,43,7,124,1,1,-1,1,-1
201550JC4V006,1,1,0,16,0,1,0,0,0,0,0,1,6,1,45,7,-1,-1,-1,-1,2,-1
201550JC4V006,2,19,0,17,0,1,0,0,0,0,0,1,6,2,28,6,-1,-1,-1,-1,2,-1
201550JC4V007,1,9,0,17,0,0,1,0,0,0,1,1,6,2,22,5,1360,1,15,-1,-1,-1
201550JC4V008,1,5,0,16,0,0,0,0,5,6,1,1,6,1,22,5,1084,1,14,-1,1,-1
201550JC4V009,1,9,0,15,0,0,0,0,0,0,0,1,6,1,-1,-1,-1,-1,-1,-1,-1,-1
201550JC4V009,2,1,0,18,0,0,2,0,0,0,0,1,6,2,26,6,-1,-1,-1,-1,2,-1
201550JC4V010,1,9,0,7,0,2,1,0,1,11,1,1,6,1,47,8,2198,1,12,-1,1,-1
201550JC4V011,1,9,0,4,0,3,0,0,0,0,4,1,2,2,60,9,1299,1,15,-1,1,-1
201550JC4V011,2,2,0,17,0,3,0,0,0,0,1,1,6,1,60,9,49,1,5,-1,1,-1
201550JC4V012,1,9,0,4,0,0,1,0,0,0,1,1,6,1,90,11,1199,1,15,-1,1,-1
201550JC4V012,2,9,0,4,0,0,0,0,0,0,2,1,6,2,34,6,2987,2,6,-1,1,-1
201550JC4V013,1,3,0,17,0,0,0,0,7,0,1,1,6,2,43,7,124,1,6,-1,1,-1
201550JC4V014,1,9,0,18,0,4,0,0,0,0,1,1,6,1,62,9,1796,1,12,-1,-1,-1
201550JC4V014,2,9,0,3,0,4,0,0,0,0,2,1,6,1,42,7,1596,1,6,-1,1,-1
201550JC4V014,3,9,5,3,0,4,0,0,0,0,2,1,6,1,39,7,2179,2,11,-1,2,-1
201550JC4V015,1,9,0,17,0,0,0,0,4,6,1,1,6,1,26,6,1999,1,9,-1,1,-1
201550JC4V016,1,5,0,16,0,0,2,0,5,6,1,1,6,1,26,6,929,1,14,-1,1,-1
201550JC4V017,1,9,0,18,0,1,0,0,0,0,1,1,6,2,49,8,1242,1,-1,-1,1,-1
201550JC4V017,2,1,0,9,0,1,0,0,0,0,2,1,6,2,53,8,-1,-1,-1,-1,3,-1
201550JC4V019,1,9,0,18,0,0,1,0,7,0,4,1,3,2,34,6,1149,1,8,-1,1,-1
201550JC4V019,2,9,0,18,0,0,0,0,0,0,4,1,6,1,27,6,1956,2,3,-1,3,-1
201550JG2A001,1,9,0,18,0,0,0,0,7,11,3,1,6,2,27,6,1896,2,13,-1,2,-1
201550JG2A006,1,9,0,18,0,1,0,10,2,0,1,1,6,2,42,7,1997,2,7,-1,1,-1
201550JG2A006,2,9,0,18,0,1,0,0,0,0,1,1,6,2,41,7,1591,1,2,-1,1,-1
201550JG2B001,1,9,0,9,0,6,0,0,0,0,1,1,1,2,33,6,1598,1,10,-1,1,-1
201550JG2B001,2,2,0,18,0,1,0,0,0,0,3,1,6,1,16,4,49,1,6,-1,2,-1
201550JG2B003,1,19,0,4,0,0,0,0,0,0,0,1,1,1,32,6,1870,2,11,-1,1,-1
201550JG2B003,2,9,0,18,0,0,0,0,0,0,1,1,2,2,58,9,-1,-1,-1,-1,1,-1
201550JG2B004,1,9,0,10,0,5,0,0,0,0,2,1,1,1,-1,-1,1753,2,9,-1,1,-1
201550JG2B004,2,9,0,18,0,1,0,0,0,0,1,1,6,2,74,10,1390,1,9,-1,1,-1
201550JG2B005,1,9,0,5,0,6,0,0,0,0,3,1,6,1,68,10,1598,2,2,-1,1,-1
201550JG2B005,2,9,0,16,0,1,0,0,0,0,4,1,1,2,52,8,1589,1,18,-1,2,-1
201550JG2B006,1,9,0,9,0,8,0,0,0,0,4,1,6,1,17,4,-1,-1,-1,-1,3,-1
201550JG2B006,2,1,0,17,0,1,1,0,0,0,1,1,6,1,37,7,-1,-1,-1,-1,1,-1
201550JG2C001,1,9,0,18,0,0,0,11,0,0,1,1,6,1,17,4,1124,1,12,-1,1,-1
201550JG2C001,2,16,0,18,0,0,0,0,0,0,2,1,6,2,52,8,-1,-1,-1,-1,3,-1
201550JG2C001,3,16,0,18,0,0,0,0,0,0,2,1,6,1,62,9,-1,-1,-1,-1,3,-1
201550JG2D001,1,9,0,9,0,6,0,0,0,0,3,1,6,2,31,6,1989,1,16,-1,1,-1
201550JG2D001,2,9,0,18,0,8,0,0,0,0,1,1,6,1,51,8,1598,2,2,-1,3,-1
201550JG2D002,1,9,0,18,0,0,0,0,7,10,3,1,6,1,47,8,1896,2,13,-1,3,-1
201550JG2D002,2,9,0,16,0,0,1,0,0,10,1,1,6,1,31,6,1975,1,12,-1,1,-1
201550JG2D003,1,9,0,7,0,0,1,0,0,0,1,1,6,1,69,10,1388,1,6,-1,1,-1
201550JG2D003,2,9,0,9,0,0,0,0,0,0,1,1,6,1,37,7,1199,1,12,-1,1,-1
201550JG2D004,1,9,0,18,0,0,0,0,1,4,1,1,2,2,67,10,1299,1,14,-1,1,-1
201550JG2D005,1,9,0,17,0,0,0,0,1,0,1,1,6,1,19,4,1198,1,13,-1,1,-1
201550JG2D005,2,9,0,18,0,0,0,0,0,0,1,1,6,1,34,6,1998,2,12,-1,1,-1
201550JG2D006,1,9,0,16,0,0,1,0,2,10,3,1,6,1,74,10,1796,1,10,-1,1,-1
201550JG2D006,2,9,0,17,0,0,0,0,0,0,3,1,6,1,38,7,1197,1,-1,-1,1,-1
201550JG2D006,3,9,0,2,0,0,0,0,0,0,3,1,6,1,26,6,1679,1,16,-1,1,-1
201550JG2D006,4,9,0,18,0,0,0,0,0,0,1,1,6,1,49,8,1395,1,1,-1,1,-1
201550JG2D006,5,9,0,17,0,0,0,0,0,0,3,1,6,2,58,9,1598,1,11,-1,3,-1
201550JG2E001,1,9,0,18,0,0,0,8,0,0,1,1,6,1,64,9,1560,2,1,-1,1,-1
201550JG2E001,2,9,0,2,0,0,0,0,0,0,3,1,6,2,25,5,1896,2,16,-1,1,-1
201550JG2E002,1,5,0,13,0,1,0,0,0,0,1,1,2,1,49,8,847,1,1,-1,1,-1
201550JG2E002,2,11,0,17,0,1,0,0,0,0,3,1,1,1,50,8,-1,-1,-1,-1,3,-1
201550JG2E002,3,11,0,16,0,1,0,0,0,0,0,1,1,1,56,9,-1,-1,-1,-1,1,-1
201550JG2E006,1,9,0,17,0,0,0,0,0,0,1,1,1,1,40,7,1686,2,2,-1,1,-1
201550JG2E006,2,9,0,16,0,0,1,0,0,0,1,1,1,1,34,6,998,1,16,-1,1,-1
201550JG2E007,1,11,0,18,0,0,0,0,0,0,1,1,6,1,62,9,8300,2,8,-1,1,-1
201550JG2E007,2,9,0,18,0,0,0,0,0,0,0,1,1,1,39,7,2993,2,1,-1,1,-1
201550JG2F001,1,9,0,16,0,0,0,0,7,11,1,1,6,1,30,6,1997,2,13,-1,1,-1
201550JG2F001,2,9,0,16,0,0,0,0,0,0,1,1,1,1,45,7,2170,2,10,-1,1,-1
201550JG2F002,1,10,3,18,0,0,0,0,0,0,2,1,6,3,58,9,-1,-1,-1,-1,1,-1
201550JG2F002,2,1,0,18,0,0,0,0,0,0,3,1,6,1,-1,-1,-1,-1,-1,-1,1,-1
201550JG2H002,1,9,0,17,0,0,0,0,0,0,1,1,2,2,27,6,998,1,30,-1,1,-1
201550JG2H002,2,9,0,16,0,0,0,0,0,0,1,1,6,1,35,6,1796,1,9,-1,3,-1
201550JG2H004,1,9,0,5,0,1,0,0,0,0,1,1,6,1,43,7,2497,2,3,-1,1,-1
201550JG2H005,1,9,0,5,0,0,0,0,0,0,1,1,6,1,56,9,996,1,1,-1,2,-1
201550JG2H006,1,9,0,2,0,0,0,0,0,0,3,1,1,2,46,8,998,1,18,-1,1,-1
201550JG2H006,2,9,0,4,0,0,0,4,0,0,1,1,1,2,34,6,1999,1,1,-1,1,-1
201550JG2H007,1,8,0,3,0,1,0,0,0,0,1,1,1,1,-1,-1,1968,2,7,-1,-1,-1
201550JG2H009,1,9,0,5,0,1,0,0,0,0,1,1,1,2,25,5,1598,1,8,-1,1,-1
201550JG2H009,2,1,0,18,0,1,0,0,0,0,1,1,2,1,23,5,-1,-1,-1,-1,1,-1
201550JG3G001,1,9,0,14,0,0,1,0,0,0,1,1,1,1,54,8,-1,-1,-1,-1,1,-1
201550JG3G001,2,9,0,18,0,0,0,0,0,0,2,1,1,2,49,8,1398,1,4,-1,1,-1
201550JG3G001,3,8,0,18,0,0,0,0,0,0,2,1,6,1,-1,-1,-1,-1,-1,-1,1,-1
201550JG3G003,1,9,0,18,0,0,0,0,0,0,1,1,6,1,-1,-1,2398,1,16,-1,2,-1
201550JG3G003,2,19,0,2,0,0,0,0,0,0,4,1,6,2,-1,-1,1998,2,11,-1,2,-1
201550JG3G003,3,9,0,2,0,0,0,0,0,0,1,1,6,1,-1,-1,1061,1,10,-1,-1,-1
201550JG3G003,4,9,0,18,0,0,0,0,0,0,1,1,6,2,-1,-1,1797,8,-1,-1,-1,-1
201550JG3G004,1,9,0,9,0,1,0,0,0,0,1,1,1,1,55,8,1596,1,11,-1,3,-1
201550JG3G004,2,9,0,17,0,1,0,0,0,0,1,1,6,2,45,7,1598,1,15,-1,1,-1
201550JG3G005,1,19,0,18,0,0,0,4,0,0,1,1,6,1,47,8,2402,2,4,-1,1,-1
201550JG3G005,2,9,0,2,0,0,0,0,0,0,2,1,6,3,-1,-1,1248,2,9,-1,-1,-1
201550JG3G005,3,9,0,2,0,0,0,0,0,0,1,1,6,3,-1,-1,1598,1,12,-1,-1,-1
201550JG3G007,1,9,0,9,0,1,0,0,0,0,1,1,6,2,48,8,1240,1,7,-1,1,-1
201550JG3G007,2,5,0,13,0,1,0,0,0,0,1,1,6,1,46,8,1200,1,11,-1,1,-1
201550JG3G009,1,9,0,16,0,1,0,0,0,0,1,1,6,1,45,7,1229,1,7,-1,1,-1
201550JG3G009,2,9,0,3,0,1,0,0,0,0,2,1,1,2,49,8,1910,2,8,-1,1,-1
201550JG3G009,3,9,0,10,0,1,0,0,0,0,2,1,2,1,57,9,2143,2,1,-1,3,-1
201550JG3G010,1,9,0,10,0,1,0,0,0,10,4,1,6,2,61,9,1598,1,8,-1,2,-1
201550JG3G010,2,9,0,18,0,1,0,0,0,0,3,1,2,2,50,8,-1,-1,-1,-1,1,-1
201550JG3G011,1,9,0,9,0,6,0,0,0,0,1,1,1,2,27,6,1242,1,7,-1,1,-1
201550JG3G011,2,9,0,17,0,1,0,0,0,0,1,1,3,2,47,8,2184,2,13,-1,2,-1
201550JG3G012,1,9,0,9,0,6,0,0,0,0,1,1,6,1,52,8,1396,1,3,-1,1,-1
201550JG3G012,2,3,0,18,0,1,2,0,0,0,1,1,6,1,19,4,124,1,-1,-1,1,-1
201550JG3G013,1,9,0,9,0,2,0,0,0,0,3,1,2,1,36,7,1968,2,6,-1,1,-1
201550JG3G013,2,1,0,18,0,1,1,0,0,0,1,1,2,1,36,7,-1,-1,-1,-1,1,-1
201550JG3G014,1,9,0,7,0,8,0,0,8,11,1,1,6,2,23,5,1596,1,14,-1,1,-1
201550JG3G015,1,9,0,18,0,0,0,0,0,0,1,1,6,2,43,7,1560,2,9,-1,1,-1
201550JG3G015,2,9,0,14,0,0,0,4,0,0,1,1,6,2,36,7,1560,2,3,-1,1,-1
201550JG3G015,3,19,0,2,0,0,0,0,0,0,2,1,6,1,-1,-1,2198,2,-1,-1,1,-1
201550JG3G016,1,9,0,9,0,0,0,0,0,0,0,1,6,1,43,7,1905,2,21,-1,1,-1
201550JG3G017,1,9,0,3,0,1,0,0,0,0,1,1,6,2,39,7,1598,2,3,-1,2,-1
201550JG3G017,2,9,0,3,0,1,0,0,0,0,2,1,6,1,75,10,1390,1,12,-1,1,-1
201550JG3G017,3,9,0,3,0,1,0,0,0,0,2,1,6,2,50,8,1395,1,2,-1,1,-1
201550JG3G018,1,5,0,18,0,0,0,0,0,0,2,1,6,1,45,7,-1,-1,-1,-1,1,-1
201550JG3H001,1,5,0,4,0,6,0,0,0,0,1,1,6,1,55,8,558,1,33,-1,1,-1
201550JG3H001,2,9,0,3,0,1,0,0,0,0,2,1,6,1,86,11,1560,2,4,-1,3,-1
201550JG3H003,1,9,0,18,0,1,1,0,0,0,1,1,6,1,29,6,-1,-1,-1,-1,1,-1
201550JG3H003,2,9,0,3,0,1,0,0,0,0,2,1,6,2,26,6,1388,1,10,-1,1,-1
201550JG3H004,1,9,0,16,0,0,2,0,1,10,1,1,6,2,20,4,1229,1,10,-1,1,-1
201550JG3J002,1,9,0,18,0,0,0,0,0,0,1,1,6,1,24,5,998,1,5,-1,1,-1
201550JG3J004,1,9,0,9,0,6,0,0,0,0,1,1,2,1,30,6,1968,2,10,-1,1,-1
201550JG3J004,2,9,0,16,0,8,1,0,7,0,4,1,2,1,30,6,-1,-1,-1,-1,1,-1
201550JG3J006,1,4,0,13,0,0,0,0,0,0,1,1,6,2,21,5,398,1,13,-1,1,-1
201550JG3J006,2,9,0,14,0,0,0,0,0,0,2,1,6,1,23,5,1998,1,13,-1,1,-1
201550JG3J007,1,9,0,17,0,0,0,0,1,11,1,1,6,1,30,6,1461,2,11,-1,1,-1
201550JG3J008,1,9,0,17,0,0,1,0,1,4,1,1,1,1,22,5,1975,1,12,-1,1,-1
201550JG3J009,1,5,0,12,0,0,0,0,0,0,1,1,6,1,25,5,1002,1,26,-1,2,-1
201550JG3J009,2,9,0,17,0,0,0,0,0,0,1,1,6,2,38,7,1900,2,9,-1,2,-1
201550JG3J010,1,9,0,9,0,1,0,0,0,0,4,1,2,2,18,4,1229,1,7,-1,1,-1
201550JG3J010,2,5,0,18,0,1,0,0,0,0,1,1,6,1,59,9,782,1,8,-1,2,-1
201550JG3J011,1,9,0,17,0,0,2,0,2,0,1,1,6,2,38,7,1679,1,16,-1,1,-1
201550JG3J013,1,9,0,18,0,1,0,0,0,3,1,1,1,2,52,8,1560,2,9,-1,1,-1
201550JG3J014,1,9,0,17,0,0,1,0,0,0,1,1,6,1,18,4,1368,1,8,-1,1,-1
201550JG3J014,2,9,0,16,0,0,5,0,0,0,3,1,6,2,39,7,2696,2,9,-1,1,-1
201550JG3J015,1,9,0,17,0,0,5,0,7,10,1,1,1,1,25,5,1389,1,12,-1,1,-1
201550JG3J016,1,98,0,17,0,0,0,0,0,0,1,1,1,1,58,9,-1,-1,-1,-1,2,-1
201550JG3J016,2,9,0,16,0,0,0,0,0,0,1,1,6,2,76,11,1198,1,5,-1,3,-1
201550JG3J017,1,19,0,18,0,0,0,0,1,9,1,1,1,1,63,9,2151,2,12,-1,1,-1
201550JG3J019,1,9,0,18,0,0,1,0,0,0,1,1,6,2,25,5,1461,2,9,-1,1,-1
201550JG3J019,2,9,0,18,0,0,0,0,0,0,1,1,6,2,34,6,1600,2,5,-1,2,-1
201550JG3J020,1,9,0,13,0,0,2,10,8,10,3,1,2,1,52,8,1299,1,14,-1,2,-1
201550JG3J020,2,9,0,16,0,0,0,0,0,0,0,1,2,1,46,8,2495,2,15,-1,1,-1
201550JG3M006,1,19,0,5,0,2,0,0,0,0,1,1,6,1,59,9,1998,2,13,-1,1,-1
201550JG3M006,2,3,0,14,0,8,0,0,0,0,1,1,6,1,21,5,124,1,-1,-1,1,-1
201550JG3M007,1,9,0,18,0,2,1,4,0,0,1,1,6,1,19,4,1391,1,15,-1,1,-1
201550JG3M007,2,8,0,18,0,1,0,0,0,0,1,1,1,1,59,9,1997,2,5,-1,3,-1
201550JG3M007,3,9,0,2,0,2,0,0,0,0,4,1,6,1,27,6,1984,1,13,-1,1,-1
201550JG3N002,1,9,0,18,0,8,0,0,0,0,1,1,6,2,34,6,1497,1,12,-1,1,-1
201550JG3N002,2,9,0,9,0,8,0,0,0,0,3,1,6,2,37,7,1850,1,15,-1,1,-1
201550JG3N004,1,9,0,17,0,2,0,2,0,0,1,1,6,1,17,4,999,1,14,-1,1,-1
201550JG3N005,1,9,0,18,0,0,0,0,0,0,1,1,6,1,54,8,2088,2,17,-1,1,-1
201550JG3N007,1,9,0,9,0,6,0,0,0,0,3,1,6,1,58,9,1339,1,11,-1,1,-1
201550JG3N007,2,3,0,18,0,1,1,0,0,0,4,1,6,1,62,9,124,1,5,-1,1,-1
201550JG3N009,1,9,0,18,0,0,0,0,0,11,1,1,6,1,21,5,1242,1,14,-1,1,-1
201550JG3N012,1,9,0,18,0,0,0,0,0,11,1,1,6,2,22,5,-1,-1,-1,-1,1,-1
201550JG3N014,1,9,0,5,0,0,0,0,0,0,3,1,6,2,-1,-1,-1,-1,-1,-1,1,-1
201550JG3N018,1,9,0,18,0,2,0,4,0,0,1,1,1,1,44,7,-1,-1,-1,-1,1,-1
201550JG3N018,2,19,0,2,0,2,0,4,0,0,2,1,6,1,47,8,1998,2,11,-1,1,-1
201550JG3N018,3,9,0,2,0,2,0,4,0,0,1,1,6,2,82,11,698,1,9,-1,1,-1
201550JH2C001,1,9,0,7,0,1,0,0,0,0,4,1,6,2,34,6,1597,2,2,-1,2,-1
201550JH2C001,2,1,0,18,0,1,0,0,0,0,1,1,6,1,50,8,-1,-1,-1,-1,1,-1
201550JH2C002,1,9,0,17,0,1,0,0,1,11,1,1,6,2,64,9,1560,2,4,-1,2,-1
201550JH2D001,1,9,0,18,0,0,0,0,7,0,4,1,6,1,20,4,1296,1,20,-1,2,-1
201550JH2D001,2,9,0,18,0,0,0,0,1,0,1,1,6,2,31,6,1422,2,7,-1,3,-1
201550JH2D001,3,9,0,18,0,0,0,0,1,0,1,1,6,2,41,7,-1,-1,-1,-1,3,-1
201550JH2D003,1,9,0,4,0,0,1,0,0,0,1,1,6,3,-1,-1,-1,-1,-1,-1,-1,-1
201550JH2D003,2,9,0,3,0,0,0,0,0,0,2,1,6,1,27,6,1229,1,10,-1,2,-1
201550JH2E001,1,9,0,18,0,1,1,0,0,0,1,1,6,1,21,5,-1,-1,-1,-1,2,-1
201550JH2E001,2,9,0,10,0,1,0,0,0,0,1,1,6,1,42,7,1994,1,17,-1,3,-1
201550JH2E002,1,9,0,18,0,1,0,0,0,0,3,1,6,1,77,11,3199,1,14,-1,1,-1
201550JH2E002,2,9,0,7,0,2,0,0,0,0,1,1,6,1,70,10,1341,1,15,-1,1,-1
201550JH2F001,1,5,0,16,0,0,1,0,0,0,0,1,6,1,51,8,654,1,9,-1,1,-1
201550JH2F001,2,9,0,17,0,0,0,0,0,0,1,1,6,2,37,7,1149,1,7,-1,3,-1
201550JH2H003,1,5,0,16,0,1,0,0,0,0,1,1,2,1,43,7,670,1,3,-1,3,-1
201550JH2H004,1,9,0,18,0,0,0,0,0,0,1,1,6,1,68,10,1498,1,7,-1,2,-1
201550JH2H006,1,4,0,16,0,2,0,4,0,0,3,1,6,1,37,7,449,1,12,-1,2,-1
201550JH2H006,2,9,0,2,0,1,0,0,0,0,1,1,6,1,54,8,3195,1,9,-1,3,-1
201550JH2H008,1,9,0,2,0,0,0,0,0,0,3,1,6,1,57,9,1560,2,3,-1,2,-1
201550JH2H010,1,9,0,18,0,1,0,0,0,0,1,1,6,2,89,11,1242,1,11,-1,3,-1
201550JH2H010,2,5,0,3,0,1,0,0,0,0,2,1,6,1,51,8,-1,-1,-1,-1,3,-1
201550JH2H010,3,9,0,3,0,1,0,0,0,0,2,1,1,2,47,8,1560,2,1,-1,1,-1
201550JH2H011,1,19,0,17,0,0,2,0,0,0,3,1,6,1,27,6,-1,-1,-1,-1,3,-1
201550JH2H012,1,9,0,14,0,0,0,0,0,0,1,1,6,2,48,8,1198,1,11,-1,2,-1
201550JH3H005,1,11,0,18,0,0,0,0,0,0,0,1,1,1,52,8,12000,2,10,-1,3,-1