Accident_Index,Vehicle_Reference,Vehicle_Type,Towing_and_Articulation,Vehicle_Manoeuvre,Vehicle_Location-Restricted_Lane,Junction_Location,Skidding_and_Overturning,Hit_Object_in_Carriageway,Vehicle_Leaving_Carriageway,Hit_Object_off_Carriageway,1st_Point_of_Impact,Was_Vehicle_Left_Hand_Drive?,Journey_Purpose_of_Driver,Sex_of_Driver,Age_of_Driver,Age_Band_of_Driver,Engine_Capacity_(CC),Propulsion_Code,Age_of_Vehicle,Driver_IMD_Decile,Driver_Home_Area_Type,Vehicle_IMD_Decile
201550KU2E010,1,9,0,18,0,0,0,0,0,0,1,1,6,1,35,6,1968,2,4,-1,3,-1
201550KU2E010,2,90,0,18,0,0,0,0,0,0,2,1,6,1,40,7,-1,-1,-1,-1,1,-1
201550KU2F002,1,9,0,18,0,1,0,0,0,0,1,1,6,1,27,6,1998,2,8,-1,3,-1
201550KU2F002,2,19,0,2,0,1,0,0,0,0,1,1,6,1,-1,-1,1868,2,12,-1,3,-1
201550KU2F002,3,9,0,2,0,1,0,0,0,0,2,1,6,1,55,8,1596,1,13,-1,2,-1
201550KU2G001,1,9,0,4,0,0,1,0,0,0,2,1,6,3,-1,-1,-1,-1,-1,-1,-1,-1
201550KU2G001,2,1,0,18,0,0,1,0,0,0,1,1,6,1,42,7,-1,-1,-1,-1,3,-1
201550KU2G002,1,9,0,17,0,1,0,0,0,10,1,1,6,1,69,10,1598,1,14,-1,3,-1
201550KU2G003,1,9,0,18,0,0,1,0,0,0,1,1,6,1,46,8,1598,1,9,-1,3,-1
201550KU2G003,2,9,0,18,0,0,0,0,0,0,1,1,6,2,51,8,1364,1,8,-1,-1,-1
201550KU2H001,1,9,0,18,0,1,1,0,0,0,1,1,1,2,18,4,1199,1,12,-1,2,-1
201550KU2H001,2,9,0,3,0,1,0,0,0,0,2,1,6,1,54,8,2000,1,-1,-1,3,-1
201550KU2H001,3,9,0,3,0,1,0,0,0,0,2,1,6,1,44,7,1753,2,12,-1,1,-1
201550KU2H001,4,9,0,3,0,1,0,0,0,0,2,1,6,1,73,10,1198,1,8,-1,2,-1
201550KU2I001,1,9,0,18,0,0,1,0,4,0,2,1,6,1,80,11,-1,-1,-1,-1,1,-1
201550KU2I001,2,9,0,18,0,0,1,4,1,0,1,1,6,1,61,9,1798,1,3,-1,3,-1
201550KU2I001,3,21,1,2,6,0,0,0,0,0,2,1,1,1,44,7,12902,2,2,-1,1,-1
201550KU2I002,1,9,4,9,0,6,0,0,1,4,3,1,2,1,48,8,2499,2,15,-1,3,-1
201550KU2I002,2,9,0,18,0,1,0,0,0,0,3,1,6,2,28,6,1996,1,13,-1,2,-1
201550KU2I003,1,9,3,13,0,0,2,0,5,6,3,1,6,2,62,9,2497,2,9,-1,1,-1
201550KU2I007,1,20,0,18,0,0,0,0,0,0,1,1,6,1,-1,-1,-1,-1,-1,-1,3,-1
201550KU2I007,2,9,0,18,0,0,0,0,0,0,2,1,6,1,62,9,2650,2,44,-1,3,-1
201550KU2J001,1,21,0,16,0,0,0,0,1,0,1,1,1,1,64,9,12777,2,6,-1,1,-1
201550KU2J001,2,9,0,2,0,0,0,0,1,0,2,1,6,2,58,9,2198,1,12,-1,3,-1
201550KU2J002,1,8,0,17,0,0,1,0,0,0,1,1,6,1,62,9,1997,2,6,-1,3,-1
201550KU2J002,2,9,0,16,0,0,1,0,0,0,1,1,6,2,29,6,1910,2,8,-1,1,-1
201550KU2J003,1,9,0,13,0,0,1,0,2,7,1,1,6,1,19,4,-1,-1,-1,-1,2,-1
201550KU2J004,1,1,0,18,0,0,0,0,7,1,1,1,6,2,44,7,-1,-1,-1,-1,-1,-1
201550KU2J005,1,9,0,17,0,0,0,0,0,0,1,1,6,1,54,8,505,1,9,-1,2,-1
201550KU2J005,2,9,0,16,0,0,0,0,0,0,1,1,1,1,49,8,2993,2,11,-1,1,-1
201550KU2J006,1,19,0,4,0,0,1,0,0,7,1,1,6,1,62,9,2402,2,12,-1,2,-1
201550KU2J007,1,9,0,18,0,0,5,0,2,7,1,1,6,2,28,6,1598,1,9,-1,1,-1
201550KU2J008,1,19,0,18,0,0,1,0,0,0,1,1,6,1,-1,-1,-1,-1,-1,-1,1,-1
201550KU2J008,2,19,0,2,6,0,0,0,0,0,2,1,1,1,24,5,1968,2,1,-1,1,-1
201550KU2J008,3,9,0,18,0,0,5,0,0,11,0,1,6,2,29,6,1910,2,6,-1,1,-1
201550KU2J009,1,9,0,18,0,0,0,0,7,0,1,1,6,1,24,5,1781,1,15,-1,2,-1
201550KU2K001,1,9,0,18,0,0,5,0,7,10,1,1,6,1,24,5,1396,1,13,-1,3,-1
201550KU2K003,1,9,0,16,0,0,5,0,0,10,4,1,1,1,38,7,1796,1,8,-1,2,-1
201550KU2K004,1,3,0,18,0,1,0,0,0,0,1,1,6,1,19,4,124,1,2,-1,3,-1
201550KU2P001,1,19,0,18,0,1,0,0,0,0,1,1,2,1,42,7,1968,2,2,-1,2,-1
201550KU2P001,2,9,0,10,0,1,0,0,0,0,2,1,6,1,60,9,998,1,19,-1,2,-1
201550KU2Q001,1,9,0,18,0,2,0,0,0,0,4,1,6,1,18,4,1596,1,11,-1,1,-1
201550KU2Q001,2,19,0,6,0,1,0,0,0,0,1,1,1,1,57,9,-1,-1,-1,-1,2,-1
201550KU2R004,1,9,0,5,0,4,0,0,0,0,1,1,6,2,22,5,1587,1,13,-1,3,-1
201550KU2R004,2,1,0,18,0,8,0,0,0,0,1,1,6,1,51,8,-1,-1,-1,-1,3,-1
201550KU2R008,1,9,0,18,0,0,0,0,0,0,1,1,6,2,21,5,-1,-1,-1,-1,3,-1
201550KU2R010,1,9,0,13,0,0,0,0,8,0,2,1,6,1,57,9,1395,1,-1,-1,1,-1
201550KU2R010,2,9,0,13,0,0,1,0,0,0,1,1,6,1,39,7,2967,2,6,-1,1,-1
201550KU2R010,3,9,3,13,0,0,4,0,1,7,3,1,6,1,70,10,2495,2,11,-1,3,-1
201550KU2R011,1,9,0,18,0,0,0,0,0,0,1,1,6,3,-1,-1,-1,-1,-1,-1,-1,-1
201550KU2R015,1,9,0,18,0,3,0,0,0,0,1,1,6,1,25,5,1299,1,17,-1,3,-1
201550KU2R015,2,9,0,18,0,4,0,0,0,0,1,1,6,1,20,4,1242,1,15,-1,2,-1
201550KU2R016,1,9,0,4,0,1,0,0,0,0,4,1,6,1,37,7,1998,2,10,-1,2,-1
201550KU2R017,1,9,0,9,0,8,0,0,0,0,1,1,2,2,46,8,1360,1,5,-1,-1,-1
201550KU2R018,1,9,0,18,0,0,0,0,0,0,4,1,3,3,-1,-1,-1,-1,-1,-1,-1,-1
201550KU2S002,1,9,0,18,0,1,0,10,1,4,1,1,2,1,24,5,1339,8,4,-1,2,-1
201550KU2S004,1,9,0,13,0,1,2,10,1,11,4,1,6,1,25,5,1390,1,14,-1,2,-1
201550KU2S004,2,17,4,9,0,1,0,0,0,0,1,1,1,1,18,4,4525,2,3,-1,3,-1
201550KU2S006,1,9,0,18,0,1,1,0,0,0,1,1,2,1,34,6,-1,-1,-1,-1,2,-1
201550KU2S006,2,9,0,10,0,5,0,0,0,0,2,1,2,1,27,6,1795,1,15,-1,1,-1
201550KU2S007,1,1,0,18,0,0,0,0,1,10,2,1,6,1,34,6,-1,-1,-1,-1,2,-1
201550KU2S007,2,9,0,13,0,0,0,0,0,0,4,1,6,1,26,6,1998,2,11,-1,1,-1
201550KU2W001,1,2,0,18,0,0,0,0,0,0,0,1,6,1,17,4,-1,-1,-1,-1,1,-1
201550KU2W002,1,21,0,18,0,0,2,4,1,9,1,1,1,1,50,8,4461,2,6,-1,1,-1
201550KU2W002,2,9,0,2,0,0,0,0,1,9,2,1,2,1,48,8,1997,2,9,-1,1,-1
2015520500078,1,9,0,18,0,8,0,0,0,0,1,-1,6,2,21,5,1598,1,5,-1,1,-1
2015520500078,2,5,0,18,0,8,0,0,0,0,1,1,6,1,53,8,798,1,6,-1,3,-1
2015520500078,3,9,0,18,0,8,0,0,0,0,1,-1,6,1,52,8,1896,2,8,-1,3,-1
2015520500078,4,9,0,18,0,8,0,0,0,0,0,-1,6,3,-1,-1,-1,-1,-1,-1,-1,-1
2015520500119,1,10,0,16,0,0,0,0,0,0,1,-1,6,2,28,6,-1,-1,-1,-1,1,-1
2015520500119,2,9,0,17,0,0,0,0,0,0,1,-1,6,1,88,11,-1,-1,-1,-1,2,-1
2015520500290,1,9,0,5,0,0,0,0,0,0,1,-1,1,2,23,5,1242,1,3,-1,1,-1
2015520500298,1,19,0,18,0,0,0,0,0,0,0,-1,6,3,-1,-1,-1,-1,-1,-1,-1,-1
2015520500319,1,9,0,18,0,8,1,0,0,0,4,-1,6,1,73,10,1799,1,19,-1,3,-1
2015520500319,2,9,0,9,0,8,0,0,0,0,1,-1,6,1,84,11,1398,2,13,-1,2,-1
2015520500438,1,9,0,17,0,0,0,0,7,0,1,-1,6,1,47,8,2000,1,11,-1,1,-1
2015520500438,2,9,0,18,0,0,0,0,0,0,1,-1,6,1,25,5,1998,1,16,-1,3,-1
2015520500440,1,9,0,18,0,4,0,0,0,0,1,-1,6,1,54,8,-1,-1,-1,-1,1,-1
2015520500440,2,1,0,18,0,3,0,0,0,0,1,1,6,1,17,4,-1,-1,-1,-1,2,-1
2015520500472,1,9,0,18,0,8,0,0,0,0,1,-1,6,2,51,8,1390,1,2,-1,1,-1
2015520500472,2,1,0,9,0,6,0,0,0,0,1,1,6,1,79,11,-1,-1,-1,-1,3,-1
2015520500507,1,9,0,10,0,6,0,0,0,0,1,-1,6,2,36,7,1968,2,7,-1,2,-1
2015520500507,2,9,0,9,0,5,0,0,0,0,1,-1,6,2,32,6,2521,1,6,-1,1,-1
2015520500549,1,9,0,18,0,0,0,0,0,0,1,-1,6,1,77,11,-1,-1,-1,-1,3,-1
2015520500549,2,9,0,18,0,0,0,0,0,0,1,-1,6,1,54,8,-1,-1,-1,-1,2,-1
2015520500587,1,9,0,18,0,0,0,0,0,4,1,-1,6,2,33,6,-1,-1,-1,-1,1,-1
2015520500588,1,9,0,4,0,0,0,0,0,0,1,-1,6,2,63,9,1386,1,5,-1,3,-1
2015520500591,1,9,0,18,0,0,0,0,0,0,1,-1,6,1,29,6,1995,2,11,-1,1,-1
2015520500591,2,9,0,18,0,0,0,0,0,0,1,-1,6,1,59,9,1796,1,9,-1,2,-1
2015520500593,1,19,0,16,0,0,0,0,0,11,1,-1,6,1,18,4,2800,2,17,-1,1,-1
2015520500593,2,9,0,16,0,0,0,0,0,0,1,-1,6,2,55,8,-1,-1,-1,-1,1,-1
2015520500593,3,9,0,16,0,0,0,0,0,0,1,-1,6,1,59,9,2438,1,16,-1,3,-1
2015520500593,4,9,0,16,0,0,0,0,0,0,1,-1,6,2,57,9,1968,2,5,-1,3,-1
2015520500593,5,9,0,16,0,0,0,0,0,0,1,-1,6,2,25,5,2000,2,11,-1,3,-1
2015520500598,1,9,0,5,0,0,0,0,0,0,1,-1,6,2,77,11,2477,2,25,-1,2,-1
2015520500598,2,9,0,18,0,0,0,0,0,0,1,-1,6,2,48,8,2184,2,9,-1,2,-1
2015520500599,1,9,0,18,0,0,0,0,0,0,1,-1,6,1,38,7,-1,-1,-1,-1,1,-1
2015520500599,2,9,0,18,0,0,0,0,0,0,1,-1,6,2,36,7,1999,1,5,-1,1,-1
2015520500615,1,19,0,9,0,8,0,0,0,0,1,-1,6,1,34,6,1968,2,4,-1,2,-1
2015520500615,2,1,0,18,0,8,0,0,0,0,1,1,6,1,35,6,-1,-1,-1,-1,1,-1
2015520500652,1,9,0,18,0,8,0,0,0,0,1,-1,6,1,31,6,1910,2,9,-1,1,-1
2015520500652,2,9,0,7,0,8,0,0,0,0,1,-1,6,2,25,5,1598,1,13,-1,3,-1
2015520500652,3,9,0,2,0,2,0,0,0,0,4,-1,6,2,40,7,998,1,7,-1,1,-1
2015520500678,1,19,0,9,0,1,0,0,0,0,1,-1,6,1,45,7,7698,2,-1,-1,2,-1
2015520500678,2,19,0,18,0,1,0,0,0,0,1,-1,6,1,59,9,-1,-1,-1,-1,1,-1
2015520500685,1,9,0,18,0,0,0,0,0,0,1,-1,6,2,22,5,-1,-1,-1,-1,3,-1
2015520500685,2,9,0,18,0,0,0,0,0,0,2,-1,6,1,30,6,1560,2,3,-1,1,-1
2015520500685,3,9,0,3,0,0,0,0,0,0,0,-1,6,1,23,5,-1,-1,-1,-1,3,-1
2015520500685,4,19,0,3,0,0,0,0,0,0,0,-1,6,1,48,8,-1,-1,-1,-1,1,-1
2015520500687,1,9,0,16,0,8,0,0,7,2,1,-1,6,1,26,6,-1,-1,-1,-1,1,-1
2015520500750,1,9,0,18,0,0,0,0,0,0,1,-1,6,2,63,9,-1,-1,-1,-1,3,-1
2015520500750,2,9,0,18,0,0,0,0,0,0,1,-1,6,1,21,5,-1,-1,-1,-1,2,-1
2015520500794,1,9,0,14,0,0,0,0,0,0,4,-1,6,1,55,8,1390,1,5,-1,1,-1
2015520500813,1,9,0,18,0,0,1,0,0,0,1,-1,6,1,18,4,1199,1,16,-1,1,-1
2015520500813,2,9,0,13,0,0,0,0,0,0,2,-1,6,3,-1,-1,-1,-1,-1,-1,-1,-1
2015520500850,1,9,0,18,0,0,0,0,0,0,1,-1,6,1,33,6,-1,-1,-1,-1,1,-1
2015520500850,2,9,0,18,0,0,0,0,0,0,1,-1,6,1,66,10,-1,-1,-1,-1,1,-1
2015520500851,1,19,0,1,0,1,0,0,0,0,2,-1,6,1,47,8,1598,2,-1,-1,1,-1
2015520500854,1,9,0,9,0,4,0,0,0,0,1,-1,6,2,47,8,1560,2,9,-1,1,-1
2015520500854,2,9,0,18,0,4,0,0,0,0,0,-1,6,1,-1,-1,1390,1,2,-1,3,-1
2015520500854,3,1,0,18,0,3,0,0,0,0,1,1,6,1,37,7,-1,-1,-1,-1,1,-1
2015520500855,1,9,0,18,0,0,0,0,0,0,3,-1,6,1,20,4,1229,1,1,-1,1,-1
2015520500855,2,9,0,5,0,0,0,0,0,0,1,-1,6,1,18,4,1199,1,14,-1,2,-1
2015520500857,1,9,0,18,0,0,0,0,0,0,1,-1,6,1,22,5,1275,1,17,-1,1,-1
2015520500857,2,9,0,18,0,0,0,0,0,0,2,-1,6,2,51,8,2976,1,11,-1,1,-1
2015520500858,1,9,0,18,0,0,0,0,0,0,1,-1,6,1,17,4,1390,1,15,-1,1,-1
2015520500864,1,9,0,18,0,1,0,0,0,0,1,-1,6,2,50,8,1560,2,2,-1,3,-1
2015520500864,2,9,0,9,0,1,0,0,0,0,1,-1,6,2,67,10,1396,1,10,-1,3,-1
2015520500866,1,9,0,18,0,0,0,0,0,0,1,-1,6,1,64,9,1968,2,1,-1,1,-1
2015520500866,2,9,0,2,0,0,0,0,0,0,2,-1,6,1,37,7,1995,2,2,-1,1,-1
2015520500866,3,9,0,2,0,0,0,0,0,0,2,-1,6,2,35,6,1248,2,1,-1,1,-1
2015520500869,1,9,0,18,0,0,0,0,0,0,1,-1,6,1,20,4,-1,-1,-1,-1,2,-1
2015520500869,2,9,0,18,0,0,0,0,0,0,1,-1,6,1,48,8,1986,2,10,-1,3,-1
2015520500869,3,9,0,18,0,0,0,0,0,0,2,-1,6,1,43,7,1995,2,2,-1,1,-1
2015520500869,4,9,0,18,0,0,0,0,0,0,2,-1,6,2,50,8,1390,1,1,-1,1,-1
2015520500903,1,9,0,2,0,0,0,0,0,0,3,-1,6,2,52,8,1360,1,9,-1,2,-1
2015520500903,2,9,0,18,0,0,0,0,0,0,4,-1,6,3,-1,-1,-1,-1,-1,-1,-1,-1
2015520500906,1,20,0,18,0,0,0,0,0,0,1,-1,6,1,56,9,10837,2,1,-1,1,-1
2015520500906,2,9,0,18,0,0,0,0,0,0,1,-1,6,1,83,11,1339,1,7,-1,3,-1
2015520500910,1,9,0,18,0,0,0,0,0,0,1,-1,6,2,59,9,1248,1,2,-1,2,-1
2015520500910,2,9,0,18,0,0,0,0,0,0,1,-1,6,2,19,4,-1,-1,-1,-1,3,-1
2015520500924,1,9,0,18,0,0,0,0,0,0,1,-1,6,2,20,4,-1,-1,-1,-1,3,-1
2015520500946,1,9,0,9,0,5,0,0,0,0,3,-1,6,1,36,7,1242,1,11,-1,3,-1
2015520500946,2,9,0,9,0,6,0,0,0,0,1,-1,6,1,40,7,1994,1,12,-1,1,-1
2015520500952,1,9,0,1,0,2,0,0,0,0,2,-1,6,1,60,9,-1,-1,-1,-1,-1,-1
2015520500962,1,9,0,2,0,0,0,0,0,0,3,-1,3,2,60,9,-1,-1,-1,-1,2,-1
2015520500962,2,8,0,18,0,0,0,0,0,0,0,-1,6,1,36,7,1951,2,11,-1,-1,-1
2015520500977,1,9,0,18,0,6,0,0,0,0,1,-1,6,1,-1,-1,1956,2,2,-1,2,-1
2015520500977,2,9,0,18,0,8,0,0,0,0,3,-1,6,2,19,4,1149,1,12,-1,1,-1
2015520500979,1,9,0,18,0,0,0,0,0,0,4,-1,6,3,-1,-1,-1,-1,-1,-1,-1,-1
2015520500980,1,9,0,9,0,6,0,0,0,0,3,-1,6,2,46,8,1995,2,10,-1,2,-1
2015520500980,2,9,0,18,0,1,0,0,0,0,1,-1,6,2,-1,-1,-1,-1,-1,-1,2,-1
2015520500981,1,9,0,18,0,0,0,0,0,0,1,-1,6,1,48,8,1275,1,22,-1,3,-1
2015520500982,1,9,0,18,0,0,0,0,0,0,1,-1,6,2,52,8,1997,2,12,-1,1,-1
2015520500984,1,9,0,18,0,1,0,0,0,0,1,-1,6,1,22,5,2143,2,5,-1,1,-1
2015520500984,2,9,0,9,0,6,0,0,0,0,1,-1,6,2,52,8,-1,-1,-1,-1,1,-1
2015520500985,1,9,0,4,0,1,0,0,0,0,4,-1,6,2,71,10,1400,1,9,-1,3,-1
2015520500985,2,1,0,18,0,1,0,0,0,0,1,1,6,1,35,6,-1,-1,-1,-1,1,-1
2015520500986,1,9,0,18,0,0,5,0,0,0,1,-1,6,1,59,9,-1,-1,-1,-1,3,-1
2015520500987,1,9,0,10,0,1,0,0,0,0,2,-1,6,2,67,10,-1,-1,-1,-1,1,-1
2015520500987,2,9,0,18,0,1,0,0,0,0,1,-1,6,1,73,10,-1,-1,-1,-1,1,-1
2015520500987,3,19,0,18,0,1,0,0,0,0,1,-1,6,1,53,8,2198,2,3,-1,1,-1
2015520500989,1,9,0,9,0,1,0,0,0,0,1,-1,6,2,28,6,1761,1,14,-1,1,-1
2015520500991,1,9,0,18,0,0,1,0,0,0,3,-1,6,1,20,4,2495,2,13,-1,3,-1
2015520500991,2,19,0,18,0,0,0,0,0,0,3,-1,6,1,41,7,2198,2,7,-1,1,-1
2015520500993,1,9,0,5,0,0,0,0,0,0,2,-1,6,2,50,8,998,1,2,-1,1,-1
2015520500993,2,9,0,18,0,0,0,0,0,0,1,-1,6,1,32,6,1870,2,12,-1,1,-1
2015520500994,1,9,0,13,0,8,0,0,0,0,4,-1,6,1,47,8,-1,-1,-1,-1,1,-1
2015520500994,2,1,0,9,0,5,0,0,0,0,4,1,6,2,50,8,-1,-1,-1,-1,1,-1
2015520500997,1,9,0,18,0,0,5,0,2,10,1,-1,6,1,18,4,-1,-1,-1,-1,3,-1
2015520500998,1,9,0,18,0,0,0,0,0,0,1,-1,6,1,18,4,-1,-1,-1,-1,1,-1
2015520500999,1,9,0,18,0,0,0,0,2,7,1,-1,6,2,66,10,1560,2,3,-1,2,-1
2015520501001,1,9,0,18,0,0,1,0,8,1,1,-1,6,2,23,5,-1,-1,-1,-1,2,-1
2015520501002,1,9,0,9,0,5,0,0,0,0,1,-1,6,1,22,5,999,1,1,-1,1,-1
2015520501002,2,9,0,18,0,1,0,0,0,0,1,-1,6,1,61,9,-1,-1,-1,-1,1,-1
2015520501004,1,9,0,9,0,6,0,0,0,0,3,-1,6,1,17,4,1868,2,16,-1,3,-1
2015520501004,2,9,0,18,0,1,0,0,0,0,1,-1,6,2,19,4,954,1,18,-1,1,-1
2015520501008,1,9,0,4,0,1,0,0,0,0,2,-1,6,1,47,8,-1,-1,-1,-1,1,-1
2015520501008,2,9,0,18,0,1,0,0,0,0,1,-1,6,1,72,10,1686,2,5,-1,1,-1
2015520501008,3,9,0,4,0,1,0,0,0,0,2,-1,6,1,-1,-1,2494,1,14,-1,1,-1
2015520501012,1,9,0,9,0,6,0,0,0,0,4,-1,6,2,68,10,1490,1,8,-1,2,-1
2015520501012,2,3,0,18,0,1,0,0,0,0,1,1,6,1,37,7,124,1,1,-1,2,-1
2015520501026,1,1,0,5,0,3,0,0,0,0,1,1,6,2,23,5,-1,-1,-1,-1,3,-1
2015520501026,2,9,0,9,0,3,0,0,0,0,1,-1,6,2,70,10,1596,1,7,-1,1,-1
2015520501061,1,19,0,18,0,0,0,0,0,0,4,-1,6,1,53,8,2143,2,2,-1,1,-1
2015520501062,1,9,0,18,0,0,0,0,0,0,2,-1,6,1,27,6,-1,-1,-1,-1,1,-1
2015520501062,2,9,0,18,0,0,1,0,0,0,1,-1,6,2,49,8,1388,1,13,-1,1,-1
2015520501070,1,19,0,1,0,0,0,0,0,0,2,-1,6,1,38,7,2143,2,1,-1,1,-1
2015520501072,1,5,0,9,0,1,0,0,0,0,2,1,6,1,26,6,782,1,5,-1,3,-1
2015520501072,2,9,0,9,0,1,0,0,0,0,1,-1,6,2,39,7,1753,2,9,-1,1,-1
2015520501072,3,9,0,18,0,1,0,0,0,0,0,-1,6,2,59,9,1995,2,12,-1,3,-1
2015520501080,1,9,0,1,9,0,0,0,0,0,4,-1,6,2,36,7,1598,1,11,-1,1,-1
2015520501093,1,3,0,7,0,7,0,0,0,0,1,1,6,1,63,9,124,1,2,-1,2,-1
2015520501093,2,9,0,18,0,1,0,0,0,0,1,-1,6,2,31,6,1968,2,6,-1,3,-1
2015520501095,1,9,0,18,0,0,0,0,0,0,1,-1,6,2,20,4,1299,1,16,-1,1,-1
2015520501097,1,19,0,16,0,8,0,0,0,0,1,-1,6,1,38,7,2148,2,7,-1,1,-1
2015520501097,2,9,0,17,0,8,1,0,0,0,1,-1,6,1,70,10,-1,-1,-1,-1,1,-1
2015520501098,1,9,0,18,0,8,0,0,0,0,3,-1,6,1,33,6,2477,2,19,-1,3,-1
2015520501098,2,9,0,18,0,6,0,0,0,0,1,-1,6,2,17,4,-1,-1,-1,-1,1,-1
2015520501100,1,9,0,3,0,1,0,0,0,0,2,-1,6,2,40,7,2143,2,1,-1,2,-1
2015520501100,2,9,0,18,0,1,0,0,0,0,1,-1,6,1,55,8,1584,1,9,-1,3,-1
2015520501103,1,9,0,6,0,0,0,0,0,0,3,-1,6,1,34,6,1493,2,6,-1,1,-1
2015520501103,2,9,0,18,0,0,0,0,0,0,4,-1,6,1,57,9,1560,2,10,-1,1,-1
2015520501105,1,9,0,5,0,0,0,0,0,0,1,-1,6,1,50,8,1686,2,1,-1,1,-1
2015520501106,1,4,0,18,0,0,0,0,0,0,1,1,6,1,19,4,125,1,1,-1,1,-1
2015520501106,2,9,0,18,0,0,0,0,0,0,1,-1,6,3,-1,-1,-1,-1,-1,-1,-1,-1
2015520501107,1,19,0,4,0,0,0,0,0,0,1,-1,6,1,42,7,2188,2,13,-1,1,-1
2015520501107,2,9,0,3,0,0,0,0,0,0,2,-1,6,1,25,5,2488,2,10,-1,1,-1
2015520501107,3,9,0,3,0,0,0,0,0,0,2,-1,6,2,49,8,-1,-1,-1,-1,1,-1
2015520501107,4,9,0,3,0,0,0,0,0,0,2,-1,6,1,48,8,1968,2,1,-1,1,-1
2015520501108,1,9,0,18,0,0,0,0,0,0,1,-1,6,2,60,9,-1,-1,-1,-1,-1,-1
2015520501111,1,9,0,5,0,6,0,0,0,0,3,-1,6,1,66,10,1461,2,4,-1,1,-1
2015520501111,2,9,0,18,0,1,0,0,0,0,4,-1,6,2,38,7,-1,-1,-1,-1,3,-1
2015520501116,1,9,0,17,0,0,0,0,0,10,1,1,6,1,23,5,-1,-1,-1,-1,1,-1
2015520501121,1,9,0,16,0,0,0,0,0,0,1,-1,6,1,29,6,1997,2,14,-1,3,-1
2015520501121,2,9,0,18,0,0,0,0,0,0,1,-1,6,1,54,8,-1,-1,-1,-1,1,-1
2015520501123,1,9,0,9,0,2,0,0,0,0,1,-1,6,2,51,8,1896,2,9,-1,3,-1
2015520501123,2,5,0,18,0,1,0,0,0,0,1,1,6,1,23,5,535,1,22,-1,2,-1
2015520501152,1,9,0,7,0,0,0,0,0,0,2,-1,6,2,31,6,1343,1,14,-1,1,-1
2015520501152,2,9,0,18,0,0,0,0,0,0,1,-1,6,3,-1,-1,-1,-1,-1,-1,-1,-1
2015520501165,1,9,0,5,0,8,0,0,3,11,1,-1,6,1,65,9,1995,1,17,-1,2,-1
2015520501193,1,9,0,18,0,4,0,0,0,0,3,-1,6,3,60,9,-1,-1,-1,-1,-1,-1
2015520501193,2,1,0,18,0,8,0,0,0,0,4,1,6,2,45,7,-1,-1,-1,-1,2,-1
2015520501197,1,21,0,18,0,8,0,0,0,0,1,-1,1,1,55,8,9200,2,11,-1,3,-1
2015520501197,2,9,0,10,0,1,0,0,0,0,2,-1,6,2,64,9,999,1,13,-1,2,-1
2015520501197,3,21,2,18,0,1,0,0,1,0,3,-1,1,1,37,7,12740,2,2,-1,1,-1
2015520501266,1,9,0,9,0,8,0,0,0,0,0,-1,6,1,48,8,999,1,6,-1,2,-1
2015520501266,2,9,0,18,0,1,0,0,0,0,3,-1,6,2,-1,-1,-1,-1,-1,-1,1,-1
2015520501266,3,9,0,18,0,1,0,0,0,0,3,-1,6,2,44,7,-1,-1,-1,-1,1,-1
2015520501279,1,9,0,9,0,4,0,0,0,0,1,-1,6,2,88,11,1396,1,13,-1,1,-1
2015520501279,2,9,0,9,0,4,0,0,0,0,1,-1,6,2,68,10,998,1,1,-1,3,-1
2015520501286,1,9,0,18,0,0,0,0,0,0,3,-1,6,1,17,4,-1,-1,-1,-1,2,-1
2015520501286,2,9,0,18,0,0,0,0,0,0,0,-1,6,1,17,4,1598,1,13,-1,2,-1
2015520501286,3,9,0,2,0,0,0,0,0,0,3,-1,6,2,-1,-1,1798,1,6,-1,2,-1
2015520501286,4,9,0,2,0,0,0,0,0,0,2,-1,6,2,-1,-1,-1,-1,-1,-1,2,-1
2015520501286,5,9,0,2,0,0,0,0,0,0,3,-1,6,1,-1,-1,1995,2,7,-1,2,-1
2015520501286,6,9,0,2,0,0,0,0,0,0,3,-1,6,2,-1,-1,1896,2,11,-1,-1,-1
2015520501289,1,9,0,18,0,1,0,0,0,0,4,-1,6,1,31,6,-1,-1,-1,-1,1,-1
2015520501289,2,9,0,9,0,1,0,0,0,0,1,-1,6,3,-1,-1,-1,-1,-1,-1,-1,-1
2015520501290,1,9,0,17,0,0,1,0,1,10,4,-1,6,1,26,6,1368,1,9,-1,1,-1
2015520501291,1,9,0,18,0,0,0,0,0,0,1,-1,6,1,49,8,2464,1,19,-1,1,-1
2015520501291,2,9,0,18,0,0,0,0,0,0,1,-1,6,1,57,9,-1,-1,-1,-1,3,-1
2015520501300,1,9,0,4,0,1,0,0,0,0,4,-1,6,2,59,9,1796,1,11,-1,1,-1
2015520501317,1,9,0,18,0,3,0,0,0,0,1,-1,6,1,83,11,1360,1,6,-1,1,-1
2015520501324,1,9,0,18,0,1,0,0,0,0,4,-1,6,1,38,7,1997,2,8,-1,1,-1
2015520501324,2,9,0,18,0,1,0,0,0,0,1,-1,6,1,62,9,-1,-1,-1,-1,3,-1
2015520501327,1,9,0,18,0,0,0,0,1,10,4,-1,6,1,85,11,1398,1,2,-1,3,-1
2015520501341,1,9,0,18,0,0,0,0,0,0,3,1,6,1,64,9,2792,1,16,-1,1,-1
2015520501351,1,9,0,18,0,0,0,0,0,0,3,-1,6,2,79,11,1595,1,1,-1,2,-1
2015520501351,2,9,0,5,0,0,0,0,0,0,4,-1,6,2,50,8,1997,1,14,-1,3,-1