Accident_Index,Vehicle_Reference,Vehicle_Type,Towing_and_Articulation,Vehicle_Manoeuvre,Vehicle_Location-Restricted_Lane,Junction_Location,Skidding_and_Overturning,Hit_Object_in_Carriageway,Vehicle_Leaving_Carriageway,Hit_Object_off_Carriageway,1st_Point_of_Impact,Was_Vehicle_Left_Hand_Drive?,Journey_Purpose_of_Driver,Sex_of_Driver,Age_of_Driver,Age_Band_of_Driver,Engine_Capacity_(CC),Propulsion_Code,Age_of_Vehicle,Driver_IMD_Decile,Driver_Home_Area_Type,Vehicle_IMD_Decile
2015520502594,1,9,0,12,0,0,0,0,0,0,3,-1,6,2,49,8,1910,2,4,-1,1,-1
2015520502594,2,5,0,18,0,0,0,0,0,0,1,1,6,1,40,7,1170,1,2,-1,-1,-1
2015520502600,1,9,0,4,0,1,0,0,0,0,1,1,6,2,83,11,-1,-1,-1,-1,2,-1
2015520502600,2,9,0,3,0,8,0,0,0,0,2,1,6,2,-1,-1,1798,1,12,-1,3,-1
2015520502601,1,9,0,13,0,0,0,0,0,0,1,-1,6,1,27,6,-1,-1,-1,-1,1,-1
2015520502601,2,9,0,18,0,0,0,0,0,0,1,-1,6,1,28,6,2979,1,8,-1,1,-1
2015520502601,3,9,0,18,0,0,0,0,0,0,3,-1,6,1,50,8,1598,2,1,-1,1,-1
2015520502604,1,9,0,17,0,0,5,0,7,0,0,1,6,1,36,7,1984,1,14,-1,1,-1
2015520502607,1,9,0,18,0,0,0,0,0,0,2,1,6,1,58,9,1988,1,13,-1,1,-1
2015520502607,2,9,0,18,0,0,0,0,0,0,1,1,6,1,28,6,2435,1,15,-1,1,-1
2015520502608,1,9,0,4,0,1,0,0,0,0,2,1,6,2,35,6,1598,2,2,-1,3,-1
2015520502608,2,9,0,18,0,1,0,0,0,0,1,1,6,2,31,6,-1,-1,-1,-1,2,-1
2015520502609,1,9,0,16,0,0,0,0,0,0,1,-1,6,1,-1,-1,1396,1,14,-1,-1,-1
2015520502618,1,9,0,18,0,0,0,0,0,0,0,-1,6,1,63,9,1998,1,13,-1,1,-1
2015520502623,1,9,0,18,0,0,0,0,0,0,1,-1,6,1,30,6,-1,-1,-1,-1,1,-1
2015520502623,2,9,0,18,0,0,5,0,0,0,4,-1,6,1,48,8,-1,-1,-1,-1,1,-1
2015520502623,3,9,0,18,0,0,0,0,0,0,3,-1,6,1,59,9,1797,8,2,-1,1,-1
2015520502645,1,11,0,18,0,0,0,0,0,0,4,1,6,3,-1,-1,-1,-1,-1,-1,-1,-1
2015520502668,1,22,0,18,5,0,0,0,0,0,1,1,6,2,77,11,-1,-1,-1,-1,1,-1
2015520502668,2,9,0,16,0,0,1,0,0,0,1,1,6,2,45,7,1598,1,9,-1,1,-1
2015520502704,1,21,0,18,0,8,0,0,0,0,2,1,6,1,57,9,12777,2,1,-1,3,-1
2015520502704,2,21,0,18,0,8,0,0,0,0,1,1,6,1,34,6,-1,-1,-1,-1,2,-1
2015520502723,1,11,0,2,2,0,0,0,0,0,0,1,1,1,18,4,12000,2,8,-1,-1,-1
2015520502767,1,9,0,18,0,2,0,0,0,0,1,1,6,1,27,6,1149,1,13,-1,1,-1
2015520502782,1,9,0,9,0,5,0,0,0,0,1,-1,6,1,23,5,2495,2,18,-1,3,-1
2015520502782,2,9,0,18,0,8,0,0,0,0,1,-1,6,1,43,7,-1,-1,-1,-1,1,-1
2015520502786,1,9,0,5,0,1,0,0,0,0,1,1,6,1,56,9,1596,1,7,-1,3,-1
2015520502786,2,9,0,5,0,1,0,0,0,0,2,1,6,1,57,9,1870,2,22,-1,1,-1
2015520502812,1,9,0,18,0,0,0,0,0,0,1,-1,6,1,48,8,1108,1,13,-1,2,-1
2015520502815,1,9,0,18,0,0,0,0,1,0,1,1,6,1,29,6,1598,1,12,-1,3,-1
2015520502815,2,9,0,3,0,0,0,0,0,0,2,1,6,1,67,10,2967,2,1,-1,3,-1
2015520502827,1,9,0,18,0,8,0,0,0,0,1,1,6,2,37,7,1796,1,3,-1,3,-1
2015520502827,2,9,0,18,0,8,0,0,0,0,1,1,6,1,59,9,1998,2,9,-1,1,-1
2015520502836,1,9,0,16,0,0,0,0,0,0,1,-1,6,1,22,5,-1,-1,-1,-1,-1,-1
2015520502836,2,9,0,17,0,0,0,0,0,0,3,-1,6,1,43,7,2926,2,13,-1,-1,-1
2015520502837,1,9,0,2,6,0,0,0,0,0,2,1,6,1,20,4,1598,2,1,-1,1,-1
2015520502837,2,9,0,18,0,0,0,0,0,0,4,1,6,1,72,10,2497,1,10,-1,1,-1
2015520502837,3,9,0,18,0,0,0,0,0,0,1,1,6,1,64,9,1206,1,5,-1,3,-1
2015520502849,1,9,0,18,0,0,0,0,0,0,1,-1,6,1,25,5,1598,1,13,-1,2,-1
2015520502849,2,9,0,18,0,0,0,0,0,0,2,-1,6,1,34,6,1956,2,4,-1,1,-1
2015520502857,1,9,0,18,0,2,2,0,0,5,4,1,6,1,31,6,-1,-1,-1,-1,3,-1
2015520502857,2,9,0,18,0,1,1,0,0,0,1,1,6,1,28,6,1968,2,3,-1,-1,-1
2015520502874,1,9,0,3,0,2,0,0,0,0,2,1,6,2,35,6,1598,1,9,-1,1,-1
2015520502874,2,9,0,18,0,2,0,0,0,0,1,1,6,2,45,7,1229,1,10,-1,3,-1
2015520502893,1,9,0,3,0,2,0,0,0,0,2,1,6,2,38,7,1796,1,16,-1,1,-1
2015520502893,2,9,0,14,0,1,0,0,0,0,1,1,6,1,35,6,-1,-1,-1,-1,-1,-1
2015520502904,1,9,0,18,0,8,0,0,0,0,3,1,6,2,52,8,-1,-1,-1,-1,1,-1
2015520502904,2,19,4,11,0,8,0,0,0,0,4,1,1,3,-1,-1,-1,-1,-1,-1,-1,-1
2015520502938,1,9,0,18,0,0,0,0,0,0,1,1,6,1,49,8,1968,2,5,-1,-1,-1
2015520502938,2,9,0,4,0,0,0,0,0,0,2,1,6,1,28,6,1968,2,5,-1,1,-1
2015520502938,3,9,0,4,0,0,0,0,0,0,2,1,6,1,27,6,-1,-1,-1,-1,1,-1
2015520502938,4,9,0,4,0,0,0,0,0,0,2,1,6,1,64,9,998,1,2,-1,-1,-1
2015520502956,1,9,0,3,0,1,0,0,0,0,3,-1,6,1,49,8,1997,2,1,-1,1,-1
2015520502956,2,19,0,18,0,8,0,0,0,0,0,-1,6,3,-1,-1,-1,-1,-1,-1,-1,-1
2015520502964,1,9,0,18,0,0,0,0,0,0,4,1,6,2,19,4,1242,1,1,-1,2,-1
2015520502964,2,9,0,5,0,0,0,0,0,0,1,1,6,3,-1,-1,-1,-1,-1,-1,-1,-1
2015520502968,1,1,0,18,0,8,0,0,0,0,3,1,6,1,59,9,-1,-1,-1,-1,1,-1
2015520502968,2,9,0,7,0,5,0,0,0,0,3,1,6,1,25,5,2497,2,18,-1,1,-1
2015520502988,1,9,0,18,0,0,5,0,0,0,1,1,6,2,68,10,-1,-1,-1,-1,2,-1
2015520502988,2,9,0,18,0,0,0,0,1,10,2,1,6,2,44,7,1299,1,15,-1,2,-1
2015520502988,3,9,0,18,0,0,0,0,0,0,0,1,6,3,-1,-1,-1,-1,-1,-1,-1,-1
2015520502991,1,9,0,18,0,1,0,0,0,0,1,1,6,1,92,11,1591,1,4,-1,1,-1
2015520502991,2,9,0,4,0,1,0,0,0,0,2,1,6,1,51,8,1753,2,7,-1,1,-1
2015520502991,3,9,0,9,0,5,0,0,0,0,4,1,6,1,41,7,2199,2,2,-1,3,-1
2015520502995,1,9,0,18,0,8,1,0,0,0,1,1,6,2,78,11,1388,1,6,-1,2,-1
2015520502995,2,9,0,5,0,7,0,0,0,0,0,1,6,3,-1,-1,-1,-1,-1,-1,-1,-1
2015520502998,1,1,0,9,0,1,0,0,0,0,4,1,6,2,31,6,-1,-1,-1,-1,1,-1
2015520502998,2,9,0,18,0,1,0,0,0,0,3,1,6,3,-1,-1,-1,-1,-1,-1,-1,-1
2015520503001,1,9,0,9,0,8,0,0,0,0,4,-1,6,1,32,6,1993,1,25,-1,3,-1
2015520503001,2,9,0,18,0,1,0,0,0,0,1,-1,6,1,37,7,1995,2,12,-1,1,-1
2015520503014,1,9,0,18,0,8,0,0,0,0,1,1,6,3,30,6,1198,1,3,-1,-1,-1
2015520503014,2,9,0,3,0,8,0,0,0,0,2,1,6,2,57,9,1679,1,15,-1,1,-1
2015520503022,1,9,0,18,0,0,2,0,7,9,2,1,6,1,24,5,1587,1,13,-1,1,-1
2015520503028,1,11,0,13,0,0,0,0,0,0,4,1,6,1,54,8,6871,2,9,-1,1,-1
2015520503028,2,1,0,18,0,0,0,0,0,0,3,1,6,1,24,5,-1,-1,-1,-1,-1,-1
2015520503029,1,9,0,4,0,0,0,0,0,0,3,1,6,2,57,9,2295,1,17,-1,3,-1
2015520503029,2,9,0,18,0,0,0,0,7,9,4,1,6,1,21,5,1995,2,9,-1,3,-1
2015520503041,1,9,0,18,0,0,0,0,0,0,0,1,6,2,20,4,-1,-1,-1,-1,1,-1
2015520503065,1,4,0,16,0,3,0,0,0,0,1,1,6,1,65,9,150,1,10,-1,2,-1
2015520503065,2,9,0,5,0,4,0,0,0,0,3,1,6,2,24,5,-1,-1,-1,-1,3,-1
2015520503066,1,9,0,17,0,0,5,0,8,10,1,-1,6,1,30,6,-1,-1,-1,-1,1,-1
2015520503073,1,9,0,18,0,8,0,0,0,0,3,1,6,2,53,8,1242,1,2,-1,1,-1
2015520503073,2,9,0,18,0,8,0,0,0,0,1,1,6,2,48,8,1396,1,24,-1,1,-1
2015520503076,1,9,0,18,0,0,0,0,0,0,2,1,6,1,53,8,-1,-1,-1,-1,1,-1
2015520503076,2,4,0,18,0,0,0,0,0,0,1,1,6,1,21,5,-1,-1,-1,-1,1,-1
2015520503098,1,9,0,18,0,0,0,0,0,0,1,1,6,1,64,9,2993,2,11,-1,1,-1
2015520503098,2,9,0,2,0,0,0,0,0,0,1,1,6,1,75,10,1587,1,10,-1,1,-1
2015520503152,1,9,0,18,0,0,0,0,1,10,3,1,6,1,29,6,2143,2,1,-1,3,-1
2015520503152,2,19,0,18,0,0,0,0,1,10,3,1,6,2,57,9,2402,2,9,-1,3,-1
2015520503161,1,9,0,18,0,0,0,0,0,0,1,1,6,1,25,5,1988,1,12,-1,2,-1
2015520503161,2,5,0,18,0,0,0,0,0,0,1,1,6,1,20,4,487,1,17,-1,3,-1
2015520503183,1,9,0,18,0,1,0,0,0,0,2,1,6,2,42,7,1997,2,14,-1,1,-1
2015520503183,2,9,0,1,0,1,0,0,0,0,2,1,6,1,23,5,1598,1,13,-1,1,-1
2015520503189,1,9,0,18,0,0,0,0,0,0,1,1,6,1,54,8,-1,-1,-1,-1,1,-1
2015520503206,1,9,0,18,0,8,0,0,0,0,1,1,6,1,49,8,-1,-1,-1,-1,1,-1
2015520503206,2,1,0,18,0,8,0,0,0,0,1,1,6,1,44,7,-1,-1,-1,-1,-1,-1
2015520503209,1,9,0,18,0,1,0,0,0,0,3,-1,6,3,-1,-1,1997,2,14,-1,-1,-1
2015520503209,2,9,0,18,0,8,0,0,0,0,4,-1,6,1,49,8,-1,-1,-1,-1,2,-1
2015520503210,1,9,0,9,0,2,0,0,0,0,3,1,6,2,37,7,1796,1,12,-1,1,-1
2015520503210,2,9,0,18,0,1,0,0,0,0,1,1,6,1,84,11,1560,2,6,-1,2,-1
2015520503223,1,9,0,18,0,0,0,0,1,9,1,1,6,1,20,4,1598,1,15,-1,1,-1
2015520503244,1,9,0,9,0,6,0,0,0,0,3,1,6,1,37,7,1968,2,7,-1,1,-1
2015520503244,2,3,0,14,0,1,0,0,0,0,1,1,6,1,18,4,124,1,9,-1,1,-1
2015520503272,1,9,0,18,0,0,0,0,0,0,1,1,6,1,19,4,1396,1,12,-1,2,-1
2015520503272,2,9,0,18,0,0,0,0,0,0,1,1,6,1,57,9,1560,2,3,-1,2,-1
2015520503274,1,9,0,18,0,0,0,0,0,0,4,1,6,1,62,9,1868,2,13,-1,2,-1
2015520503279,1,9,0,18,0,4,0,0,0,0,4,1,6,1,25,5,1242,1,4,-1,2,-1
2015520503279,2,9,0,18,0,4,0,0,0,0,3,1,6,2,81,11,1360,1,9,-1,1,-1
2015520503281,1,21,1,18,0,0,0,0,0,0,1,1,6,1,54,8,12902,2,2,-1,1,-1
2015520503281,2,9,0,18,0,0,0,0,0,0,2,1,6,1,34,6,1686,2,11,-1,1,-1
2015520503283,1,5,0,18,0,0,1,0,7,9,1,1,6,1,52,8,-1,-1,-1,-1,1,-1
2015520503283,2,5,0,18,0,0,0,0,0,0,2,1,6,1,47,8,998,1,6,-1,1,-1
2015520503297,1,9,0,18,0,0,0,0,0,0,1,1,6,3,30,6,-1,-1,-1,-1,-1,-1
2015520503302,1,9,0,18,0,0,0,0,0,0,0,1,6,2,52,8,2685,2,11,-1,2,-1
2015520503310,1,9,0,13,0,0,0,0,0,0,4,1,6,2,64,9,1560,2,4,-1,2,-1
2015520503310,2,1,0,18,0,0,0,0,0,0,3,1,6,2,24,5,-1,-1,-1,-1,-1,-1
2015520503310,3,1,0,18,0,0,0,0,0,0,3,1,6,1,46,8,-1,-1,-1,-1,1,-1
2015520503324,1,9,0,16,0,0,5,0,1,0,1,1,6,1,25,5,1868,2,15,-1,3,-1
2015520503325,1,9,0,16,0,0,0,0,0,0,3,1,6,1,27,6,1461,2,5,-1,3,-1
2015520503325,2,1,0,17,0,0,0,0,0,0,4,1,6,1,47,8,-1,-1,-1,-1,1,-1
2015520503327,1,9,0,1,0,6,0,0,0,0,3,1,6,2,61,9,999,1,15,-1,2,-1
2015520503331,1,9,0,5,0,1,0,0,0,0,1,1,6,1,32,6,1560,2,9,-1,-1,-1
2015520503331,2,9,0,5,0,2,0,0,0,0,2,1,6,1,17,4,1391,1,13,-1,3,-1
2015520503339,1,9,0,17,0,0,0,0,0,0,1,1,6,2,53,8,1296,1,8,-1,1,-1
2015520503339,2,11,0,16,0,0,0,0,0,0,1,1,1,1,60,9,-1,-1,-1,-1,1,-1
2015520503354,1,9,0,18,0,1,0,0,0,0,1,1,6,1,25,5,-1,-1,-1,-1,3,-1
2015520503356,1,9,0,5,0,1,0,0,0,0,4,1,3,2,26,6,1360,1,15,-1,1,-1
2015520503356,2,4,0,5,0,1,0,0,0,0,3,1,6,1,50,8,-1,-1,-1,-1,-1,-1
2015520503361,1,9,0,18,0,0,0,0,1,0,4,1,6,1,17,4,1149,1,17,-1,3,-1
2015520503361,2,9,0,18,0,0,0,0,1,10,4,1,6,2,22,5,-1,-1,-1,-1,2,-1
2015520503367,1,9,0,18,0,0,5,0,0,0,4,1,6,1,70,10,1600,1,15,-1,2,-1
2015520503367,2,9,0,2,0,0,0,0,0,0,1,1,6,2,-1,-1,2231,2,8,-1,2,-1
2015520503371,1,9,0,9,0,6,0,0,7,10,1,1,6,2,88,11,1596,1,9,-1,3,-1
2015520503371,2,19,0,17,0,1,0,0,1,0,3,1,1,1,65,9,2198,2,3,-1,1,-1
2015520503380,1,9,0,18,0,1,0,0,0,0,1,1,6,3,-1,-1,-1,-1,-1,-1,-1,-1
2015520503381,1,9,0,18,0,0,1,10,0,10,1,1,6,1,18,4,-1,-1,-1,-1,3,-1
2015520503389,1,1,0,18,0,0,0,0,0,0,1,1,6,1,13,3,-1,-1,-1,-1,1,-1
2015520503389,2,8,0,18,0,0,0,0,0,0,1,1,1,1,47,8,1997,2,5,-1,1,-1
2015520503397,1,1,0,18,0,0,0,0,0,0,2,1,6,1,45,7,-1,-1,-1,-1,3,-1
2015520503397,2,1,0,18,0,0,0,0,0,0,0,1,6,1,12,3,-1,-1,-1,-1,3,-1
2015520503397,3,9,0,18,0,0,0,0,0,0,1,1,6,3,-1,-1,-1,-1,-1,-1,-1,-1
2015520503404,1,9,0,9,0,5,0,0,0,0,1,-1,6,2,45,7,-1,-1,-1,-1,3,-1
2015520503404,2,9,0,18,0,1,5,0,0,0,1,-1,6,2,40,7,1298,1,14,-1,1,-1
2015520503418,1,9,0,4,0,0,0,0,0,0,2,1,6,1,45,7,1596,1,1,-1,1,-1
2015520503418,2,9,0,3,0,0,0,0,0,0,2,1,6,2,24,5,1360,1,15,-1,1,-1
2015520503422,1,9,0,18,0,8,0,0,0,0,1,1,6,1,60,9,-1,-1,-1,-1,2,-1
2015520503423,1,9,0,5,0,0,0,0,0,0,4,1,6,3,-1,-1,-1,-1,-1,-1,-1,-1
2015520503430,1,5,0,18,0,0,0,0,1,0,1,1,6,1,41,7,1002,1,26,-1,1,-1
2015520503430,2,9,0,2,0,0,0,0,0,0,1,1,6,3,-1,-1,1368,1,5,-1,-1,-1
2015520503436,1,9,0,15,0,1,0,0,0,0,3,1,6,1,19,4,1595,1,14,-1,1,-1
2015520503436,2,5,0,15,0,1,0,0,0,0,1,1,6,1,30,6,996,1,11,-1,1,-1
2015520503444,1,9,0,1,0,0,0,0,0,0,2,1,6,3,-1,-1,2993,2,10,-1,-1,-1
2015520503468,1,9,0,18,0,8,0,0,0,0,1,1,6,1,72,10,2685,2,12,-1,2,-1
2015520503468,2,11,0,18,0,8,0,0,0,0,1,1,6,1,61,9,5880,2,11,-1,1,-1
2015520503471,1,9,0,18,0,1,0,0,0,0,2,1,6,2,58,9,998,1,16,-1,1,-1
2015520503471,2,9,0,18,0,1,0,0,0,0,1,1,6,2,58,9,1590,1,12,-1,2,-1
2015520503478,1,9,0,7,0,6,0,0,0,0,3,-1,6,1,22,5,-1,-1,-1,-1,1,-1
2015520503478,2,9,0,18,0,1,0,0,0,0,1,-1,6,1,45,7,1998,2,12,-1,2,-1
2015520503481,1,9,0,18,0,8,0,0,0,0,1,1,6,2,21,5,998,1,8,-1,3,-1
2015520503481,2,9,0,9,0,8,1,0,0,0,2,1,6,1,41,7,1991,1,19,-1,-1,-1
2015520503481,3,9,0,18,0,8,1,0,7,9,1,1,6,1,40,7,-1,-1,-1,-1,1,-1
2015520503481,4,9,0,18,0,8,1,0,0,0,2,1,6,2,45,7,1582,2,1,-1,1,-1
2015520503493,1,9,0,9,0,8,0,0,0,0,4,1,6,1,55,8,1598,1,17,-1,1,-1
2015520503493,2,9,0,18,0,8,0,0,0,0,1,1,6,1,51,8,-1,-1,-1,-1,1,-1
2015520503504,1,9,0,18,0,0,0,0,4,6,1,1,6,1,26,6,1560,2,3,-1,1,-1
2015520503504,2,9,0,18,0,0,0,0,0,0,2,1,6,1,70,10,1796,1,11,-1,1,-1
2015520503506,1,9,0,4,0,0,0,0,0,0,2,1,6,1,61,9,-1,-1,-1,-1,1,-1
2015520503506,2,2,0,18,0,0,0,0,0,0,1,1,6,1,17,4,49,1,10,-1,3,-1
2015520503507,1,9,0,3,0,3,0,0,0,0,3,1,6,2,19,4,1388,1,9,-1,1,-1
2015520503507,2,21,1,4,0,3,0,0,0,0,4,1,2,1,40,7,12900,2,3,-1,-1,-1
2015520503510,1,9,0,9,0,0,0,0,0,0,1,1,6,1,20,4,1796,1,10,-1,1,-1
2015520503514,1,9,0,9,0,8,0,0,0,0,1,1,6,2,55,8,-1,-1,-1,-1,1,-1
2015520503514,2,4,0,9,0,4,0,0,0,0,1,1,6,1,71,10,198,1,19,-1,3,-1
2015520503522,1,9,0,4,0,1,0,0,0,0,2,1,1,2,26,6,1598,1,3,-1,2,-1
2015520503522,2,9,0,18,0,1,0,0,0,0,1,1,6,3,-1,-1,-1,-1,-1,-1,-1,-1
2015520503524,1,9,0,3,0,1,0,0,0,0,2,1,6,2,53,8,1598,2,3,-1,1,-1
2015520503524,2,9,0,3,0,1,0,0,0,0,2,1,6,1,36,7,1582,2,2,-1,1,-1
2015520503524,3,9,0,18,0,1,0,0,0,0,1,1,6,1,39,7,1956,2,1,-1,2,-1
2015520503565,1,4,0,18,0,0,0,0,0,0,1,1,1,1,56,9,279,1,4,-1,1,-1
2015520503565,2,9,0,9,0,0,0,0,0,0,4,1,6,1,60,9,1997,2,11,-1,1,-1
2015520503583,1,20,5,11,7,5,0,0,0,0,2,1,1,1,59,9,5880,2,5,-1,1,-1
2015520503583,2,9,0,18,0,1,0,2,0,0,1,1,6,1,51,8,1396,1,1,-1,-1,-1
2015520503586,1,9,0,9,0,2,0,0,0,0,3,1,6,2,26,6,1968,2,11,-1,1,-1
2015520503586,2,9,0,18,0,1,0,0,0,0,1,1,6,2,30,6,1997,2,14,-1,3,-1
2015520503597,1,11,0,9,0,8,0,0,0,0,1,1,6,1,65,9,7300,2,1,-1,-1,-1
2015520503597,2,19,0,18,0,1,0,0,0,0,2,1,1,1,56,9,2496,2,16,-1,1,-1
2015520503608,1,9,0,18,0,0,0,0,0,0,3,1,6,2,36,7,1896,2,11,-1,1,-1
2015520503608,2,9,0,18,0,0,0,0,0,0,3,1,6,1,60,9,-1,-1,-1,-1,1,-1
2015520503615,1,9,0,9,0,8,0,0,0,0,1,1,6,2,49,8,1910,2,9,-1,1,-1
2015520503615,2,1,0,18,4,1,0,0,0,0,1,1,6,2,19,4,-1,-1,-1,-1,-1,-1
2015520503643,1,1,0,18,0,0,0,0,0,0,3,1,6,1,38,7,-1,-1,-1,-1,1,-1
2015520503643,2,9,0,18,0,0,0,0,0,0,4,1,6,2,32,6,1398,2,2,-1,1,-1
2015520503645,1,9,0,18,0,8,0,0,0,0,1,1,6,2,53,8,1124,1,14,-1,2,-1
2015520503645,2,1,0,18,0,8,0,0,0,0,1,1,6,1,37,7,-1,-1,-1,-1,1,-1
2015520503649,1,9,0,18,0,0,0,0,0,0,1,1,6,2,58,9,1995,2,8,-1,1,-1
2015520503649,2,1,0,18,0,0,0,0,0,0,1,1,6,1,12,3,-1,-1,-1,-1,1,-1
2015520503650,1,9,0,18,0,3,0,0,0,0,1,1,6,3,-1,-1,1560,2,1,-1,-1,-1
2015520503650,2,9,0,8,0,3,0,0,0,0,1,1,6,2,34,6,1560,2,4,-1,1,-1
2015520503652,1,9,0,9,0,5,0,0,0,0,4,1,6,2,66,10,1461,2,4,-1,3,-1
2015520503652,2,9,0,18,0,8,0,0,0,0,1,1,6,1,77,11,1198,1,6,-1,1,-1
2015520503655,1,9,0,18,0,0,0,0,0,0,1,1,2,1,24,5,1595,1,7,-1,3,-1
2015520503655,2,9,0,18,0,0,0,0,0,0,1,1,2,2,19,4,1490,1,9,-1,2,-1
2015520503655,3,9,0,18,0,0,0,0,0,0,1,1,2,1,32,6,2179,2,6,-1,3,-1
2015520503656,1,9,0,16,0,1,0,0,0,0,1,1,6,1,38,7,1596,1,14,-1,1,-1
2015520503656,2,9,0,18,0,1,0,0,0,0,1,1,6,2,30,6,1598,1,16,-1,3,-1
2015520503662,1,9,0,18,0,0,0,0,0,0,1,1,6,1,77,11,-1,-1,-1,-1,1,-1
2015520503666,1,9,0,7,0,5,0,0,0,0,4,1,6,1,80,11,1364,1,7,-1,1,-1
2015520503666,2,9,0,9,0,6,0,0,0,0,1,1,6,2,35,6,1242,1,1,-1,1,-1
2015520503670,1,9,0,16,0,0,0,0,0,0,4,1,6,2,34,6,1587,1,15,-1,3,-1
2015520503674,1,9,0,18,0,2,0,4,0,0,1,1,6,2,23,5,2495,2,19,-1,1,-1
2015520503674,2,9,0,2,0,2,0,0,0,0,3,1,6,3,-1,-1,1995,2,2,-1,-1,-1
2015520503678,1,9,0,4,0,0,0,0,4,6,1,1,1,2,71,10,1910,2,7,-1,1,-1
2015520503678,2,9,0,4,0,0,0,0,0,0,0,1,6,3,-1,-1,-1,-1,-1,-1,-1,-1
2015520503683,1,9,0,18,0,1,0,0,0,0,1,1,6,1,25,5,1796,1,13,-1,2,-1
2015520503683,2,9,0,9,0,8,0,0,0,0,3,1,6,2,56,9,1998,7,13,-1,3,-1
2015520503690,1,9,0,18,0,0,0,0,0,0,3,1,6,2,26,6,1596,1,9,-1,3,-1
2015520503690,2,21,0,18,0,0,0,0,0,0,4,1,6,1,44,7,-1,-1,-1,-1,3,-1
2015520503696,1,9,0,9,0,6,0,0,0,0,3,1,6,2,65,9,1360,1,6,-1,1,-1
2015520503696,2,1,0,18,0,8,0,0,0,0,1,1,6,1,68,10,-1,-1,-1,-1,3,-1
2015520503698,1,21,0,9,0,0,0,0,0,0,0,1,6,1,44,7,6871,2,17,-1,1,-1
2015520503698,2,5,0,18,0,0,0,0,0,0,1,1,6,1,40,7,583,1,23,-1,3,-1
2015520503704,1,9,0,1,0,0,0,0,0,0,2,1,6,2,51,8,2616,1,10,-1,1,-1
2015520503714,1,9,0,18,0,0,2,0,1,10,4,1,6,1,40,7,-1,-1,-1,-1,1,-1
2015520503715,1,9,0,18,0,0,0,0,0,0,3,1,6,1,19,4,2663,2,19,-1,3,-1
2015520503715,2,9,0,18,0,0,0,0,0,0,3,1,6,1,77,11,-1,-1,-1,-1,2,-1
2015520503728,1,9,0,1,0,1,0,0,0,0,2,1,6,1,67,10,1461,2,8,-1,1,-1
2015520503728,2,1,0,1,0,2,0,0,0,0,2,1,6,1,70,10,-1,-1,-1,-1,3,-1
2015520503738,1,9,0,9,0,5,0,0,0,0,3,1,6,1,18,4,1242,1,8,-1,3,-1
2015520503738,2,9,0,18,0,1,0,0,0,0,3,1,6,1,25,5,1995,1,13,-1,2,-1
2015520503752,1,9,0,18,0,0,0,0,0,0,0,1,6,1,62,9,2000,1,16,-1,1,-1
2015520503757,1,9,0,7,0,8,0,0,0,0,3,1,6,1,36,7,1796,1,-1,-1,1,-1
2015520503757,2,9,0,18,0,8,0,0,0,0,3,1,6,2,57,9,1968,2,6,-1,3,-1
2015520503758,1,9,0,18,0,1,2,0,1,10,1,1,1,1,25,5,1596,1,12,-1,2,-1
2015520503762,1,9,0,18,0,8,0,0,3,10,1,1,6,1,73,10,2496,2,11,-1,3,-1
2015520503789,1,3,0,18,0,8,0,0,0,0,1,1,6,1,20,4,123,1,25,-1,1,-1
2015520503789,2,9,0,9,0,8,0,0,0,0,1,1,6,3,30,6,-1,-1,-1,-1,-1,-1
2015520503800,1,9,0,13,0,0,0,0,4,0,4,1,6,1,20,4,1796,1,13,-1,1,-1
2015520503800,2,9,0,13,0,0,0,0,4,0,3,1,1,2,52,8,1560,2,1,-1,1,-1
2015520503801,1,9,0,18,0,1,0,0,0,0,1,1,6,1,38,7,1598,1,16,-1,3,-1
2015520503801,2,9,0,9,0,1,0,0,0,0,2,1,6,2,63,9,1360,1,6,-1,1,-1
2015520503811,1,9,0,17,0,0,0,0,0,10,1,1,6,1,32,6,1968,2,6,-1,1,-1
2015520503817,1,9,0,18,0,0,0,0,0,0,0,1,6,2,20,4,1149,1,7,-1,1,-1
2015520503837,1,9,0,1,0,6,0,0,0,0,2,1,6,2,62,9,998,1,1,-1,1,-1
2015520503846,1,9,0,18,0,1,0,0,0,0,4,1,6,2,60,9,1596,1,15,-1,3,-1
2015520503846,2,9,0,18,0,1,0,0,0,0,1,1,6,2,32,6,2231,2,5,-1,1,-1
2015520503852,1,9,0,9,0,6,0,0,0,0,1,1,6,2,26,6,1198,1,9,-1,3,-1
2015520503852,2,9,0,2,0,2,0,0,0,0,0,1,6,3,-1,-1,-1,-1,-1,-1,-1,-1
2015520503852,3,1,0,18,0,8,0,0,0,0,1,1,6,1,38,7,-1,-1,-1,-1,3,-1
2015520503855,1,9,0,18,0,0,0,0,0,0,1,1,6,2,27,6,899,1,2,-1,1,-1
2015520503855,2,9,0,18,0,0,0,0,0,0,2,1,6,1,27,6,1560,2,1,-1,3,-1
2015520503855,3,19,0,18,0,0,0,0,0,0,0,1,6,3,-1,-1,-1,-1,-1,-1,-1,-1