Accident_Index,Vehicle_Reference,Vehicle_Type,Towing_and_Articulation,Vehicle_Manoeuvre,Vehicle_Location-Restricted_Lane,Junction_Location,Skidding_and_Overturning,Hit_Object_in_Carriageway,Vehicle_Leaving_Carriageway,Hit_Object_off_Carriageway,1st_Point_of_Impact,Was_Vehicle_Left_Hand_Drive?,Journey_Purpose_of_Driver,Sex_of_Driver,Age_of_Driver,Age_Band_of_Driver,Engine_Capacity_(CC),Propulsion_Code,Age_of_Vehicle,Driver_IMD_Decile,Driver_Home_Area_Type,Vehicle_IMD_Decile
2015520506251,2,9,0,18,0,0,0,0,0,0,1,1,6,1,28,6,1124,1,19,-1,1,-1
2015520506280,1,21,0,18,0,5,0,0,0,0,4,1,1,1,25,5,12777,2,7,-1,1,-1
2015520506280,2,1,0,18,5,5,0,0,0,0,1,1,6,1,26,6,-1,-1,-1,-1,3,-1
2015520506286,1,9,0,17,0,0,0,0,0,0,1,1,6,2,53,8,999,1,6,-1,1,-1
2015520506286,2,9,0,16,0,0,0,0,0,0,1,1,6,1,23,5,1398,1,5,-1,1,-1
2015520506296,1,9,0,4,0,1,0,0,0,0,1,1,6,1,19,4,1560,2,2,-1,1,-1
2015520506296,2,9,0,4,0,1,0,0,0,0,2,1,6,2,24,5,1560,2,4,-1,3,-1
2015520506307,1,9,0,4,0,0,0,0,7,10,3,1,6,2,60,9,1598,1,5,-1,2,-1
2015520506315,1,3,0,18,0,0,0,0,0,0,1,1,6,1,21,5,-1,-1,-1,-1,1,-1
2015520506317,1,9,0,9,0,2,0,0,0,0,3,1,6,1,18,4,1390,1,7,-1,3,-1
2015520506317,2,1,0,18,0,1,0,0,0,0,1,1,6,1,66,10,-1,-1,-1,-1,2,-1
2015520506350,1,9,0,18,0,0,0,0,0,0,1,1,6,1,23,5,1998,1,12,-1,1,-1
2015520506350,2,21,1,5,8,0,0,0,0,0,3,1,6,1,33,6,12809,2,-1,-1,1,-1
2015520506361,1,21,1,18,0,1,0,0,0,0,1,1,6,1,53,8,10518,2,9,-1,1,-1
2015520506361,2,3,0,10,0,1,0,0,0,0,2,1,6,1,33,6,124,1,28,-1,3,-1
2015520506366,1,9,0,18,0,0,0,0,0,0,0,1,6,1,58,9,2902,2,10,-1,1,-1
2015520506367,1,5,5,18,0,8,0,0,7,10,3,1,6,1,75,10,650,1,-1,-1,3,-1
2015520506405,1,9,0,5,0,8,0,0,0,0,1,1,6,1,66,10,1596,1,11,-1,2,-1
2015520506405,2,1,0,18,0,8,0,0,0,0,1,1,6,1,53,8,-1,-1,-1,-1,2,-1
2015520506407,1,9,0,16,0,0,0,0,0,0,1,1,6,1,56,9,1995,1,3,-1,2,-1
2015520506407,2,9,0,16,0,0,0,0,0,0,2,1,6,1,57,9,2179,2,8,-1,3,-1
2015520506407,3,9,0,16,0,0,0,0,0,0,2,1,6,2,40,7,1596,1,3,-1,3,-1
2015520506416,1,9,0,18,0,1,0,0,0,0,1,1,6,1,37,7,2199,2,4,-1,3,-1
2015520506416,2,9,0,18,0,1,0,0,0,0,1,1,6,2,57,9,998,1,1,-1,3,-1
2015520506416,3,9,0,18,0,1,0,0,0,0,1,1,6,1,-1,-1,-1,-1,-1,-1,1,-1
2015520506416,4,9,0,2,0,1,0,0,0,0,1,1,6,3,-1,-1,-1,-1,-1,-1,-1,-1
2015520506426,1,9,0,9,0,0,0,0,0,0,1,1,6,1,49,8,1796,1,9,-1,1,-1
2015520506426,2,9,0,18,0,0,0,0,0,0,1,1,6,1,57,9,999,1,3,-1,3,-1
2015520506427,1,5,0,9,0,5,0,0,0,0,1,1,6,1,55,8,660,1,21,-1,1,-1
2015520506427,2,9,0,13,0,1,0,0,0,0,1,1,6,1,24,5,1587,1,16,-1,1,-1
2015520506429,1,9,0,18,0,0,0,0,0,0,1,1,6,1,29,6,1896,2,13,-1,1,-1
2015520506429,2,3,0,18,0,0,0,0,0,0,1,1,6,1,23,5,124,1,3,-1,1,-1
2015520506429,3,9,0,2,0,0,0,0,0,0,1,1,6,3,-1,-1,1910,2,7,-1,-1,-1
2015520506432,1,9,0,16,0,1,1,0,7,2,2,1,6,1,17,4,-1,-1,-1,-1,1,-1
2015520506432,2,9,0,16,0,1,0,0,0,0,1,1,6,1,19,4,1124,1,14,-1,1,-1
2015520506432,3,9,0,7,0,6,0,0,0,0,1,1,6,1,61,9,1587,1,9,-1,1,-1
2015520506436,1,9,0,10,0,1,0,0,0,0,2,1,6,1,41,7,1242,1,8,-1,1,-1
2015520506436,2,19,0,15,0,1,0,0,0,0,1,1,1,1,39,7,2143,2,3,-1,1,-1
2015520506452,1,9,0,3,0,1,0,0,0,0,2,1,6,2,23,5,1896,2,15,-1,3,-1
2015520506452,2,9,0,18,0,1,0,0,0,0,1,1,6,1,75,10,1596,1,12,-1,1,-1
2015520506459,1,5,0,17,0,0,1,0,1,0,0,1,6,1,82,11,600,1,58,-1,1,-1
2015520506461,1,19,0,9,0,6,0,0,0,0,3,1,1,1,50,8,2287,2,6,-1,1,-1
2015520506461,2,9,0,18,0,8,0,0,0,0,1,1,6,2,49,8,2488,1,12,-1,2,-1
2015520506462,1,9,0,18,0,1,0,0,1,10,1,1,6,1,36,7,1598,1,15,-1,-1,-1
2015520506462,2,9,0,2,0,2,0,0,0,0,2,1,6,3,-1,-1,1272,1,25,-1,-1,-1
2015520506462,3,9,0,2,0,2,0,0,0,0,2,1,6,3,-1,-1,2183,2,5,-1,-1,-1
2015520506469,1,9,0,16,0,8,5,0,1,10,1,1,6,2,49,8,1149,1,14,-1,1,-1
2015520506471,1,9,0,3,0,4,0,0,0,0,2,1,6,2,47,8,1999,1,13,-1,3,-1
2015520506471,2,9,0,18,0,4,0,0,0,0,1,1,6,3,-1,-1,1968,2,4,-1,-1,-1
2015520506472,1,9,0,18,0,0,0,0,4,6,3,1,6,2,48,8,1587,1,11,-1,1,-1
2015520506475,1,9,0,14,0,1,0,0,1,10,1,1,6,1,21,5,1999,1,9,-1,2,-1
2015520506475,2,9,0,18,0,2,0,0,0,0,1,1,6,2,24,5,1200,1,3,-1,1,-1
2015520506486,1,9,0,3,0,4,0,0,0,0,2,1,6,1,79,11,1998,1,14,-1,2,-1
2015520506486,2,9,0,18,0,4,0,0,0,0,1,1,6,1,25,5,2000,2,15,-1,-1,-1
2015520506492,1,20,0,4,0,1,0,0,0,0,4,1,2,1,41,7,-1,-1,-1,-1,1,-1
2015520506492,2,1,0,18,0,6,0,0,0,0,1,1,4,1,11,3,-1,-1,-1,-1,-1,-1
2015520506519,1,9,0,18,0,0,0,0,0,0,1,1,6,3,30,6,-1,-1,-1,-1,-1,-1
2015520506527,1,9,0,18,0,0,0,0,1,7,4,1,6,1,58,9,1560,2,1,-1,1,-1
2015520506534,1,9,0,17,0,0,0,0,0,0,3,1,6,1,20,4,1242,1,12,-1,3,-1
2015520506534,2,9,0,16,0,0,0,0,0,0,3,1,6,1,20,4,1149,1,9,-1,3,-1
2015520506559,1,9,0,18,0,0,0,0,0,0,1,1,6,1,54,8,1296,1,-1,-1,1,-1
2015520506559,2,1,0,18,0,0,0,0,0,0,1,1,6,1,29,6,-1,-1,-1,-1,1,-1
2015520506563,1,9,0,18,0,0,0,0,0,0,1,1,6,2,32,6,1299,1,13,-1,1,-1
2015520506563,2,9,0,18,0,0,0,0,0,0,2,1,6,2,21,5,1596,1,7,-1,1,-1
2015520506566,1,9,0,13,0,0,0,0,0,0,3,1,6,1,78,11,1339,1,4,-1,3,-1
2015520506566,2,5,0,13,0,0,0,0,0,0,1,1,6,2,35,6,675,1,2,-1,1,-1
2015520506602,1,9,0,18,0,0,0,0,1,10,1,1,6,1,25,5,1951,2,14,-1,1,-1
2015520506605,1,9,0,18,0,8,0,0,0,0,1,1,6,2,19,4,1388,1,11,-1,1,-1
2015520506605,2,9,0,18,0,8,0,0,0,0,1,1,6,1,45,7,1997,2,1,-1,1,-1
2015520506606,1,9,0,18,0,0,0,4,0,0,1,1,6,2,66,10,1896,2,17,-1,3,-1
2015520506606,2,9,0,2,0,0,0,0,0,0,1,1,6,3,-1,-1,1560,2,9,-1,-1,-1
2015520506607,1,9,0,18,0,8,0,0,0,0,1,1,6,1,27,6,1990,1,21,-1,2,-1
2015520506607,2,9,0,18,0,8,0,0,0,0,1,1,6,2,21,5,1242,1,11,-1,3,-1
2015520506613,1,16,0,4,0,0,0,0,0,0,1,1,6,2,29,6,-1,-1,-1,-1,3,-1
2015520506613,2,9,0,18,0,0,0,0,0,0,1,1,6,1,61,9,2204,2,8,-1,3,-1
2015520506621,1,9,0,5,0,1,0,0,0,0,1,1,1,2,58,9,1839,1,11,-1,2,-1
2015520506621,2,1,0,18,0,6,0,0,0,0,4,1,4,1,7,2,-1,-1,-1,-1,-1,-1
2015520506628,1,9,0,18,0,0,2,0,0,0,1,1,6,2,19,4,1360,1,9,-1,3,-1
2015520506630,1,9,0,18,0,0,0,0,0,0,4,1,6,2,32,6,1388,1,12,-1,3,-1
2015520506630,2,9,0,18,0,0,0,0,0,0,1,1,6,1,23,5,-1,-1,-1,-1,2,-1
2015520506633,1,9,0,5,0,8,0,0,0,0,1,1,6,1,42,7,-1,-1,-1,-1,1,-1
2015520506633,2,19,0,18,0,8,0,0,0,0,1,1,6,1,21,5,1560,2,1,-1,1,-1
2015520506636,1,9,0,18,0,0,0,0,0,0,4,1,6,1,62,9,1329,1,1,-1,2,-1
2015520506663,1,9,0,9,0,8,0,0,0,0,1,1,6,1,72,10,2435,1,9,-1,2,-1
2015520506663,2,1,0,18,0,1,0,0,0,0,3,1,6,1,40,7,-1,-1,-1,-1,2,-1
2015520506682,1,9,0,18,0,1,0,0,0,0,3,1,6,1,50,8,1598,1,8,-1,3,-1
2015520506682,2,9,0,9,0,6,0,0,0,0,1,1,6,2,20,4,998,1,3,-1,3,-1
2015520506687,1,9,0,18,0,0,0,0,0,0,1,1,6,1,22,5,1590,1,14,-1,2,-1
2015520506687,2,9,0,3,0,0,0,0,0,0,2,1,6,1,32,6,1242,1,17,-1,1,-1
2015520506687,3,9,0,3,0,0,0,0,0,0,2,1,6,2,27,6,1590,1,11,-1,2,-1
2015520506687,4,9,0,18,0,0,0,0,0,0,1,1,6,1,33,6,1968,2,3,-1,1,-1
2015520506692,1,9,0,18,0,0,0,0,0,0,3,1,6,3,-1,-1,-1,-1,-1,-1,-1,-1
2015520506692,2,9,0,18,0,0,0,0,0,0,2,1,6,2,40,7,1248,2,8,-1,-1,-1
2015520506692,3,9,0,18,0,0,0,0,0,0,3,1,6,2,57,9,1388,1,3,-1,-1,-1
2015520506692,4,1,0,18,0,0,0,0,0,0,1,1,6,1,44,7,-1,-1,-1,-1,3,-1
2015520506693,1,9,4,18,0,0,0,0,4,6,2,1,6,1,25,5,2402,2,8,-1,1,-1
2015520506706,1,5,0,4,0,0,1,0,0,0,3,1,6,1,46,8,899,1,11,-1,1,-1
2015520506723,1,9,0,18,0,0,0,0,7,3,1,1,6,2,69,10,-1,-1,-1,-1,3,-1
2015520506723,2,9,0,18,0,0,0,0,1,10,1,1,6,1,43,7,1968,2,4,-1,1,-1
2015520506767,1,9,0,5,0,4,0,0,0,0,3,1,6,2,18,4,1598,1,13,-1,2,-1
2015520506767,2,9,0,18,0,8,0,0,0,0,1,1,6,2,46,8,4163,1,11,-1,1,-1
2015520506773,1,9,0,9,0,6,0,0,0,0,3,1,6,1,66,10,1997,2,3,-1,1,-1
2015520506773,2,9,0,18,0,1,0,0,0,0,1,1,6,1,24,5,2494,1,17,-1,1,-1
2015520506776,1,9,0,4,0,0,0,0,0,0,2,1,6,1,64,9,2400,2,6,-1,3,-1
2015520506776,2,9,0,4,0,0,0,0,0,0,2,1,6,2,22,5,1490,1,8,-1,1,-1
2015520506776,3,9,0,18,0,0,0,0,0,0,1,1,6,1,18,4,1298,1,8,-1,1,-1
2015520506779,1,9,0,18,0,0,0,0,0,0,1,1,6,1,67,10,1951,2,12,-1,1,-1
2015520506779,2,5,0,18,0,0,0,0,0,0,1,1,6,1,52,8,996,1,18,-1,2,-1
2015520506788,1,9,0,16,0,0,1,0,7,10,1,1,6,1,26,6,2521,1,9,-1,1,-1
2015520506795,1,9,0,18,0,0,0,0,0,0,1,1,6,1,27,6,-1,-1,-1,-1,1,-1
2015520506795,2,9,0,4,0,0,0,0,0,0,2,1,6,2,70,10,998,1,2,-1,1,-1
2015520506795,3,9,0,4,0,0,0,0,0,0,2,1,6,1,62,9,1397,1,14,-1,3,-1
2015520506795,4,9,0,4,0,0,0,0,0,0,2,1,6,1,55,8,1995,2,4,-1,1,-1
2015520506806,1,9,0,17,0,0,0,0,0,0,1,1,6,1,70,10,1349,1,4,-1,3,-1
2015520506806,2,9,0,16,0,0,0,0,0,0,1,1,6,1,22,5,1995,2,9,-1,3,-1
2015520506808,1,9,4,18,0,0,0,0,0,0,2,1,6,1,20,4,-1,-1,-1,-1,3,-1
2015520506808,2,1,0,18,0,0,0,0,0,0,1,1,6,1,22,5,-1,-1,-1,-1,2,-1
2015520506828,1,9,0,18,0,0,0,0,0,0,4,1,6,3,-1,-1,-1,-1,-1,-1,-1,-1
2015520506832,1,9,0,17,0,0,0,0,0,0,1,1,6,1,24,5,1686,2,10,-1,1,-1
2015520506832,2,9,0,16,0,0,0,0,0,0,1,1,6,1,31,6,-1,-1,-1,-1,2,-1
2015520506838,1,9,0,4,0,0,0,0,0,0,2,1,6,2,21,5,1390,1,12,-1,2,-1
2015520506838,2,9,0,4,0,0,0,0,0,0,1,1,6,1,62,9,1995,2,11,-1,3,-1
2015520506843,1,1,0,4,0,8,0,0,0,0,1,1,6,1,28,6,-1,-1,-1,-1,-1,-1
2015520506843,2,9,0,18,0,8,0,0,0,0,1,1,6,2,61,9,1586,1,9,-1,1,-1
2015520506849,1,9,0,9,0,1,0,0,0,0,3,1,6,2,38,7,973,1,17,-1,1,-1
2015520506849,2,9,0,18,0,1,0,0,0,0,1,1,6,1,51,8,2967,1,14,-1,1,-1
2015520506850,1,9,0,17,0,0,0,0,0,0,4,1,6,2,27,6,1296,1,9,-1,-1,-1
2015520506850,2,1,0,17,0,0,0,0,0,0,3,1,6,1,72,10,-1,-1,-1,-1,-1,-1
2015520506851,1,9,0,18,0,0,0,0,0,0,1,1,6,1,65,9,1242,1,7,-1,2,-1
2015520506854,1,9,0,18,0,0,0,0,0,0,1,1,6,1,38,7,1598,1,12,-1,1,-1
2015520506858,1,9,0,9,0,8,0,0,0,0,1,1,6,1,63,9,-1,-1,-1,-1,3,-1
2015520506858,2,9,0,18,0,8,0,0,0,0,1,1,6,1,18,4,-1,-1,-1,-1,2,-1
2015520506862,1,9,0,18,0,0,0,0,0,0,4,1,6,1,41,7,999,1,2,-1,3,-1
2015520506862,2,4,0,13,0,0,0,0,0,0,4,1,6,1,20,4,-1,-1,-1,-1,2,-1
2015520506864,1,9,0,18,0,0,0,0,0,0,1,1,6,1,51,8,2400,2,5,-1,2,-1
2015520506864,2,9,0,18,0,0,0,0,0,0,1,1,6,1,17,4,1198,1,13,-1,1,-1
2015520506867,1,9,0,18,0,1,0,0,0,0,4,1,6,1,39,7,2976,1,13,-1,-1,-1
2015520506867,2,1,0,9,0,4,0,0,0,0,3,1,6,1,64,9,-1,-1,-1,-1,1,-1
2015520506870,1,9,0,18,0,0,0,0,7,4,1,1,6,2,69,10,1968,2,2,-1,1,-1
2015520506877,1,9,0,7,0,3,0,0,0,0,2,1,2,2,34,6,2204,2,8,-1,3,-1
2015520506877,2,3,0,18,0,8,0,0,0,0,4,1,2,1,-1,-1,125,1,4,-1,2,-1
2015520506888,1,9,0,9,0,8,0,0,0,0,2,1,6,2,22,5,998,1,-1,-1,3,-1
2015520506888,2,9,0,18,0,1,0,0,0,0,1,1,6,2,40,7,1339,1,11,-1,2,-1
2015520506890,1,9,0,9,0,1,0,0,0,0,1,1,6,1,38,7,2179,2,12,-1,1,-1
2015520506890,2,3,0,18,0,1,0,0,0,0,4,1,6,1,18,4,124,1,26,-1,1,-1
2015520506893,1,19,0,17,0,0,0,0,1,1,1,1,6,1,51,8,2198,2,-1,-1,3,-1
2015520506895,1,17,0,11,0,0,0,0,0,0,0,1,1,1,61,9,-1,2,10,-1,2,-1
2015520506895,2,9,0,4,0,0,0,0,0,0,2,1,6,1,52,8,1390,1,12,-1,2,-1
2015520506895,3,9,0,18,0,0,0,0,0,0,2,1,6,1,40,7,1910,2,9,-1,1,-1
2015520506898,1,9,0,18,0,0,2,0,7,10,1,1,6,1,31,6,1698,2,20,-1,3,-1
2015520506903,1,9,0,18,0,0,0,0,1,10,1,1,6,2,19,4,1198,1,9,-1,1,-1
2015520506909,1,9,0,9,0,8,0,0,0,0,4,1,6,2,19,4,1149,1,11,-1,1,-1
2015520506909,2,9,0,18,0,8,0,0,0,0,1,1,6,1,24,5,1598,2,3,-1,1,-1
2015520506911,1,9,0,18,0,8,0,0,0,0,1,1,6,1,24,5,1461,2,-1,-1,1,-1
2015520506911,2,9,0,9,0,6,0,0,0,0,1,1,6,2,78,11,1248,1,5,-1,3,-1
2015520506912,1,9,0,18,0,0,0,0,0,0,1,1,6,2,52,8,-1,-1,-1,-1,1,-1
2015520506912,2,9,0,4,0,0,0,0,0,0,2,1,6,1,18,4,998,1,3,-1,3,-1
2015520506912,3,9,0,4,0,0,0,0,0,0,2,1,6,2,43,7,1598,1,12,-1,1,-1
2015520506912,4,9,0,4,0,0,0,0,0,0,2,1,6,1,46,8,1242,1,11,-1,1,-1
2015520506914,1,9,0,18,7,0,0,0,0,0,2,1,6,2,37,7,1910,2,9,-1,1,-1
2015520506914,2,9,0,18,7,0,0,0,0,0,2,1,6,1,65,9,1587,1,9,-1,1,-1
2015520506914,3,9,0,18,7,0,0,0,0,0,2,1,6,2,34,6,1598,1,9,-1,1,-1
2015520506914,4,9,0,18,7,0,0,0,0,0,1,1,6,2,34,6,-1,-1,-1,-1,3,-1
2015520506917,1,9,0,18,0,1,0,0,0,0,2,1,6,1,24,5,1968,2,1,-1,3,-1
2015520506917,2,9,0,18,0,1,0,0,0,0,1,1,6,1,44,7,1229,1,-1,-1,1,-1
2015520506918,1,9,0,18,0,1,0,0,0,0,1,1,6,2,79,11,1360,1,15,-1,3,-1
2015520506918,2,9,0,9,0,1,0,0,0,0,2,1,6,2,39,7,1598,2,2,-1,1,-1
2015520506923,1,9,0,17,0,0,1,0,1,10,4,1,6,2,17,4,1299,1,12,-1,3,-1
2015520506928,1,9,0,18,0,0,0,0,0,0,1,1,6,1,53,8,1590,1,16,-1,1,-1
2015520506928,2,9,0,18,0,0,0,0,0,0,1,1,6,1,40,7,1598,2,-1,-1,-1,-1
2015520506934,1,9,0,5,0,6,0,0,0,0,1,1,6,1,31,6,999,1,1,-1,-1,-1
2015520506934,2,9,0,18,0,1,0,0,0,0,1,1,6,1,30,6,-1,-1,-1,-1,1,-1
2015520506943,1,8,0,4,7,0,0,0,0,0,4,1,6,2,60,9,-1,-1,-1,-1,-1,-1
2015520506957,1,1,0,18,4,1,0,0,0,0,1,1,6,1,19,4,-1,-1,-1,-1,1,-1
2015520506957,2,9,0,7,4,1,0,0,0,0,4,1,6,2,28,6,1995,2,5,-1,1,-1
2015520506967,1,9,0,18,0,8,0,0,0,0,1,1,6,1,83,11,1364,1,9,-1,3,-1
2015520506967,2,9,0,5,0,8,0,0,0,0,1,1,6,1,56,9,1797,8,2,-1,3,-1
2015520506972,1,9,0,4,0,0,0,0,0,0,2,1,6,1,73,10,1560,2,1,-1,1,-1
2015520506972,2,19,0,18,0,0,0,0,0,0,1,1,6,1,59,9,-1,-1,-1,-1,1,-1
2015520506983,1,9,0,9,0,5,0,0,0,0,1,1,6,1,60,9,1598,1,7,-1,-1,-1
2015520506986,1,9,0,18,0,1,5,12,2,10,1,1,6,1,20,4,1598,1,13,-1,1,-1
2015520506988,1,9,0,3,0,0,0,0,0,0,2,1,6,1,53,8,1997,2,10,-1,2,-1
2015520506988,2,9,0,3,0,0,0,0,0,0,2,1,6,1,51,8,1797,8,2,-1,1,-1
2015520506988,3,9,0,3,0,0,0,0,0,0,2,1,6,1,48,8,1598,1,7,-1,1,-1
2015520506988,4,9,0,3,0,0,0,0,0,0,2,1,6,1,76,11,1360,1,4,-1,1,-1
2015520506988,5,19,0,18,0,0,0,0,0,0,1,1,6,1,50,8,1461,2,3,-1,2,-1
2015520507016,1,5,0,18,0,8,0,0,0,0,1,1,6,1,27,6,599,1,9,-1,1,-1
2015520507016,2,17,0,9,0,8,0,0,0,0,2,1,6,1,50,8,-1,2,15,-1,3,-1
2015520507021,1,9,0,4,0,0,0,0,0,0,2,1,6,1,78,11,1595,1,2,-1,2,-1
2015520507021,2,19,0,18,0,0,0,0,0,0,1,1,1,1,30,6,-1,-1,-1,-1,-1,-1
2015520507028,1,9,0,18,0,8,0,0,0,0,4,1,6,1,36,7,-1,-1,-1,-1,2,-1
2015520507028,2,9,0,18,0,8,0,0,0,0,1,1,6,1,57,9,998,1,11,-1,2,-1
2015520507045,1,1,0,18,4,8,0,0,0,0,4,1,6,2,26,6,-1,-1,-1,-1,1,-1
2015520507045,2,9,0,7,0,6,0,0,0,0,1,1,6,1,26,6,998,1,14,-1,1,-1
2015520507047,1,2,0,18,0,8,0,0,0,0,1,1,6,1,17,4,49,1,1,-1,3,-1
2015520507047,2,9,0,7,0,8,0,0,0,0,4,1,6,1,19,4,1299,1,12,-1,2,-1
2015520507051,1,9,0,18,0,1,0,0,0,0,4,1,6,1,56,9,2179,2,1,-1,3,-1
2015520507051,2,9,0,9,0,6,0,0,0,0,1,1,6,3,90,11,-1,-1,-1,-1,-1,-1
2015520507052,1,9,0,18,0,0,0,0,0,0,4,1,6,3,-1,-1,-1,-1,-1,-1,-1,-1
2015520507053,1,9,0,4,0,0,0,0,0,0,1,1,6,2,25,5,989,1,11,-1,3,-1
2015520507053,2,9,0,4,0,0,0,0,0,0,2,1,6,1,60,9,-1,-1,-1,-1,1,-1
2015520507060,1,9,0,18,0,1,0,0,0,0,1,1,6,1,34,6,1596,1,4,-1,3,-1
2015520507060,2,9,0,18,0,1,0,0,0,0,2,1,6,1,44,7,-1,-1,-1,-1,1,-1
2015520507060,3,9,0,18,0,1,0,0,0,0,2,1,6,3,-1,-1,1797,8,-1,-1,1,-1
2015520507063,1,2,0,16,0,1,1,0,0,0,3,1,6,1,16,4,49,1,-1,-1,3,-1
2015520507067,1,9,0,18,0,0,5,0,7,10,0,1,6,2,65,9,1461,2,4,-1,1,-1
2015520507071,1,9,0,18,0,1,0,0,7,0,4,1,2,2,21,5,1390,1,2,-1,2,-1
2015520507071,2,9,5,17,0,2,0,0,0,0,3,1,6,1,-1,-1,-1,-1,-1,-1,-1,-1
2015520507074,1,9,0,18,0,0,0,0,0,0,1,1,6,1,67,10,1597,1,10,-1,1,-1
2015520507074,2,17,4,18,0,0,0,0,0,0,2,1,6,1,65,9,-1,2,13,-1,3,-1
2015520507098,1,9,0,18,0,0,0,0,0,0,1,1,6,1,94,11,973,1,12,-1,3,-1
2015520507098,2,1,0,18,0,0,0,0,0,0,2,1,6,2,57,9,-1,-1,-1,-1,1,-1
2015520507112,1,3,0,18,0,0,0,0,0,0,4,1,6,1,23,5,125,1,3,-1,2,-1
2015520507112,2,19,0,2,0,0,0,0,0,0,3,1,1,1,57,9,3920,2,7,-1,1,-1
2015520507118,1,9,0,18,0,0,0,0,7,4,1,1,6,1,22,5,1242,1,13,-1,1,-1
2015520507133,1,4,0,13,0,0,0,0,0,0,1,1,6,1,22,5,124,1,1,-1,2,-1
2015520507133,2,9,0,9,0,0,0,0,0,0,3,1,6,2,19,4,1149,1,10,-1,2,-1
2015520507147,1,9,0,18,0,1,0,0,0,0,1,1,6,2,35,6,2362,1,12,-1,1,-1
2015520507149,1,5,0,13,0,0,0,0,7,10,4,1,6,1,37,7,929,1,14,-1,1,-1
2015520507149,2,9,0,13,0,0,0,0,0,0,3,1,6,1,24,5,2171,2,12,-1,2,-1
2015520507149,3,9,0,18,0,0,0,0,0,0,0,1,6,1,68,10,1598,1,11,-1,1,-1
2015520507153,1,9,0,18,0,0,2,0,0,0,1,1,6,1,39,7,1948,1,16,-1,3,-1
2015520507160,1,9,0,9,0,6,0,0,0,0,3,1,6,1,38,7,2720,2,10,-1,3,-1
2015520507160,2,9,0,18,0,8,0,0,0,0,1,1,6,1,84,11,1910,2,6,-1,1,-1
2015520507171,1,19,0,16,0,0,0,0,7,0,1,1,6,1,20,4,1248,2,7,-1,3,-1
2015520507171,2,21,1,5,0,0,0,0,0,0,1,1,1,1,49,8,-1,-1,-1,-1,1,-1
2015520507178,1,9,0,4,0,0,0,0,0,0,2,1,6,2,24,5,1968,2,4,-1,3,-1
2015520507178,2,9,0,18,0,0,0,0,0,0,1,1,6,1,31,6,1968,2,9,-1,1,-1
2015520507220,1,9,0,18,0,0,0,0,0,0,1,1,6,1,18,4,1198,1,3,-1,1,-1
2015520507220,2,9,0,4,0,0,0,0,0,0,2,1,6,2,36,7,1598,2,1,-1,2,-1
2015520507220,3,9,0,4,0,0,0,0,0,0,2,1,6,1,33,6,1560,2,-1,-1,1,-1
2015520507220,4,9,0,4,0,0,0,0,0,0,2,1,6,1,47,8,1368,1,2,-1,1,-1
2015520507225,1,9,0,18,0,0,0,0,0,0,1,1,6,1,21,5,-1,-1,-1,-1,1,-1
2015520507225,2,9,0,4,0,0,0,0,0,0,2,1,6,3,-1,-1,-1,-1,-1,-1,-1,-1
2015520507233,1,9,0,18,0,6,0,0,0,0,1,1,6,2,30,6,-1,-1,-1,-1,-1,-1
2015520507233,2,9,0,18,0,1,0,10,1,10,3,1,6,1,33,6,1900,2,9,-1,1,-1
2015520507234,1,9,0,7,0,7,0,0,0,0,1,1,6,1,54,8,1896,2,9,-1,1,-1
2015520507234,2,9,0,7,0,7,0,0,0,0,2,1,6,1,67,10,998,1,2,-1,1,-1
2015520507240,1,9,0,18,0,1,0,0,0,0,3,1,6,2,45,7,-1,-1,-1,-1,-1,-1
2015520507251,1,9,0,3,0,0,0,0,0,0,2,1,6,1,57,9,1598,1,12,-1,2,-1
2015520507251,2,9,0,18,0,0,0,0,0,0,1,1,6,1,71,10,1329,1,1,-1,1,-1
2015520507255,1,9,0,18,0,8,0,0,0,0,4,1,6,1,61,9,1560,2,5,-1,1,-1
2015520507255,2,19,0,18,0,8,0,0,0,0,1,1,1,1,51,8,-1,-1,-1,-1,3,-1
2015520507256,1,9,0,18,0,0,0,0,0,0,4,1,6,3,-1,-1,-1,-1,-1,-1,-1,-1
2015520507270,1,9,0,18,0,8,0,0,0,0,1,1,6,1,57,9,1461,2,2,-1,2,-1
2015520507270,2,9,0,9,0,8,0,0,0,0,1,1,6,1,20,4,1242,1,10,-1,2,-1
2015520507272,1,19,0,18,0,0,0,0,0,0,1,1,1,1,48,8,1968,2,2,-1,1,-1
2015520507272,2,9,0,18,0,0,0,0,0,0,2,1,6,2,70,10,1796,1,12,-1,3,-1
2015520507275,1,5,0,15,0,0,0,0,0,0,1,1,6,1,52,8,1284,1,11,-1,1,-1
2015520507275,2,9,0,18,0,0,0,0,0,0,1,1,6,1,48,8,-1,-1,-1,-1,2,-1
2015520507281,1,9,0,3,0,0,0,0,0,0,2,1,6,1,-1,-1,1461,2,-1,-1,3,-1
2015520507281,2,9,0,3,0,0,0,0,0,0,2,1,6,1,49,8,5654,1,9,-1,1,-1
2015520507281,3,9,0,4,0,0,0,0,0,0,2,1,6,1,57,9,1997,1,10,-1,3,-1