Accident_Index,Vehicle_Reference,Vehicle_Type,Towing_and_Articulation,Vehicle_Manoeuvre,Vehicle_Location-Restricted_Lane,Junction_Location,Skidding_and_Overturning,Hit_Object_in_Carriageway,Vehicle_Leaving_Carriageway,Hit_Object_off_Carriageway,1st_Point_of_Impact,Was_Vehicle_Left_Hand_Drive?,Journey_Purpose_of_Driver,Sex_of_Driver,Age_of_Driver,Age_Band_of_Driver,Engine_Capacity_(CC),Propulsion_Code,Age_of_Vehicle,Driver_IMD_Decile,Driver_Home_Area_Type,Vehicle_IMD_Decile
2015521500202,2,9,0,18,0,1,0,0,0,0,1,1,6,1,30,6,1598,1,16,-1,-1,-1
2015521500203,1,5,0,18,0,8,0,0,0,0,1,1,6,1,66,10,1085,1,19,-1,1,-1
2015521500203,2,19,0,9,0,5,0,0,0,0,1,1,6,1,40,7,-1,-1,-1,-1,-1,-1
2015521500206,1,9,0,8,0,6,0,0,0,0,4,1,6,1,61,9,1896,2,12,-1,3,-1
2015521500206,2,1,0,18,0,8,0,0,0,0,1,1,6,1,20,4,-1,-1,-1,-1,-1,-1
2015521500221,1,9,0,13,0,0,0,0,0,0,4,1,6,1,22,5,-1,-1,-1,-1,1,-1
2015521500221,2,1,0,18,0,0,0,0,0,0,3,1,6,2,22,5,-1,-1,-1,-1,1,-1
2015521500230,1,3,0,10,0,1,0,0,0,0,1,1,2,2,44,7,124,1,15,-1,1,-1
2015521500230,2,10,0,9,0,5,0,0,7,0,1,1,3,1,66,10,-1,-1,-1,-1,1,-1
2015521500237,1,9,0,9,0,5,0,0,0,0,1,1,6,1,35,6,1368,1,11,-1,1,-1
2015521500237,2,1,0,18,0,8,0,0,0,0,1,1,6,2,26,6,-1,-1,-1,-1,1,-1
2015521500258,1,9,0,3,0,1,0,0,0,0,2,1,2,2,38,7,1870,2,11,-1,3,-1
2015521500258,2,9,0,18,0,1,0,0,0,0,1,1,2,1,40,7,1997,2,8,-1,1,-1
2015521500263,1,11,1,18,0,0,0,0,0,0,3,1,1,1,28,6,6370,2,13,-1,1,-1
2015521500263,2,9,0,11,0,0,0,0,0,0,4,1,6,3,-1,-1,1560,2,2,-1,-1,-1
2015521500274,1,9,0,9,0,6,0,0,0,0,1,1,6,3,-1,-1,1396,1,12,-1,-1,-1
2015521500274,2,1,0,10,0,5,0,0,0,0,3,1,6,1,37,7,-1,-1,-1,-1,1,-1
2015521500275,1,9,0,9,0,5,0,0,0,0,1,1,6,1,81,11,-1,-1,-1,-1,1,-1
2015521500277,1,9,0,18,0,0,0,0,4,0,1,1,6,1,66,10,3200,2,14,-1,3,-1
2015521500284,1,9,0,3,0,0,0,0,0,0,1,1,6,1,31,6,1149,1,13,-1,-1,-1
2015521500284,2,19,0,1,0,0,0,0,0,0,2,1,6,3,30,6,1753,2,12,-1,-1,-1
2015521500285,1,9,0,9,0,6,0,0,0,0,3,1,1,1,35,6,1968,2,5,-1,1,-1
2015521500285,2,9,0,18,0,1,0,0,0,0,1,1,6,2,24,5,1390,1,14,-1,1,-1
2015521500286,1,9,0,16,0,1,5,4,0,0,1,1,6,2,32,6,1598,1,2,-1,1,-1
2015521500286,2,9,0,2,0,1,0,0,0,0,2,1,6,3,-1,-1,-1,-1,-1,-1,-1,-1
2015521500286,3,9,0,2,0,1,0,0,0,0,1,1,6,3,-1,-1,1998,1,19,-1,-1,-1
2015521500293,1,21,0,16,0,8,0,0,0,0,3,1,6,1,53,8,10518,2,9,-1,1,-1
2015521500293,2,9,0,16,0,8,0,0,0,0,4,1,6,2,60,9,1560,2,10,-1,3,-1
2015521500296,1,9,0,18,0,0,5,0,1,9,1,1,6,2,38,7,-1,-1,-1,-1,1,-1
2015521500308,1,2,0,5,0,8,0,0,0,0,1,1,2,1,28,6,49,1,5,-1,1,-1
2015521500308,2,9,0,9,0,6,0,0,0,0,4,1,6,3,-1,-1,1299,1,15,-1,-1,-1
2015521500310,1,5,0,7,0,2,1,0,0,0,3,1,6,1,25,5,649,1,8,-1,1,-1
2015521500310,2,9,0,3,0,1,0,0,0,0,1,1,6,1,45,7,1991,2,5,-1,1,-1
2015521500313,1,9,0,3,0,0,0,0,0,0,2,1,6,1,39,7,1995,2,9,-1,1,-1
2015521500313,2,9,0,18,0,0,0,0,0,0,1,1,6,2,18,4,1995,2,9,-1,-1,-1
2015521500314,1,3,0,18,0,1,0,0,0,0,4,1,6,1,21,5,124,1,7,-1,1,-1
2015521500314,2,9,0,9,0,1,0,0,0,0,3,1,6,1,57,9,2179,2,4,-1,1,-1
2015521500317,1,9,0,18,0,0,0,0,0,0,2,1,6,1,41,7,1896,2,10,-1,1,-1
2015521500317,2,9,0,18,0,0,0,0,0,0,1,1,6,1,51,8,999,1,2,-1,1,-1
2015521500317,3,9,0,18,0,0,0,0,0,0,1,1,6,2,49,8,2776,2,10,-1,3,-1
2015521500324,1,9,0,7,0,2,0,0,0,0,1,1,6,2,65,9,995,1,8,-1,1,-1
2015521500334,1,1,0,18,0,0,0,0,0,0,3,1,6,2,31,6,-1,-1,-1,-1,1,-1
2015521500334,2,8,0,6,0,0,0,0,0,0,4,1,6,1,50,8,-1,-1,-1,-1,-1,-1
2015521500348,1,1,0,18,0,8,0,0,0,0,4,1,1,1,41,7,-1,-1,-1,-1,1,-1
2015521500348,2,9,0,9,0,6,0,0,0,0,3,1,1,2,25,5,1242,1,11,-1,-1,-1
2015521500358,1,9,0,1,9,0,0,0,0,0,2,1,3,2,35,6,2179,2,7,-1,1,-1
2015521500359,1,9,0,18,0,0,0,7,8,2,1,1,6,2,28,6,998,1,2,-1,1,-1
2015521500372,1,9,0,7,0,6,0,0,0,0,1,1,6,1,74,10,1995,2,2,-1,3,-1
2015521500372,2,1,0,18,0,8,0,0,0,0,1,1,6,1,23,5,-1,-1,-1,-1,1,-1
2015521500377,1,9,0,10,0,1,0,0,0,0,2,1,6,2,47,8,1339,1,2,-1,1,-1
2015521500377,2,9,0,9,0,1,0,0,0,0,1,1,6,3,-1,-1,1997,1,9,-1,-1,-1
2015521500384,1,1,0,5,0,8,0,0,0,0,3,1,2,1,37,7,-1,-1,-1,-1,1,-1
2015521500384,2,9,0,7,0,5,0,0,0,0,4,1,6,2,50,8,-1,-1,-1,-1,1,-1
2015521500391,1,9,0,18,0,1,0,0,0,0,1,1,6,2,77,11,1597,1,17,-1,1,-1
2015521500398,1,3,0,18,0,1,0,0,0,0,2,1,6,1,21,5,-1,-1,-1,-1,1,-1
2015521500398,2,8,0,13,0,1,0,0,0,0,1,1,6,3,-1,-1,-1,-1,-1,-1,-1,-1
2015521500427,1,1,0,18,0,0,0,0,0,0,2,1,1,1,18,4,-1,-1,-1,-1,-1,-1
2015521500427,2,8,0,13,0,0,0,0,0,0,4,1,6,3,30,6,-1,-1,-1,-1,-1,-1
2015521500444,1,9,0,18,0,0,1,0,1,2,1,1,6,1,59,9,1388,1,6,-1,1,-1
2015521500445,1,9,0,9,0,5,0,0,0,0,1,1,6,1,67,10,1896,2,12,-1,1,-1
2015521500447,1,9,0,9,0,5,0,0,0,0,4,1,6,1,22,5,2521,1,5,-1,1,-1
2015521500447,2,9,0,18,0,8,0,0,0,0,1,1,6,1,53,8,-1,-1,-1,-1,1,-1
2015521500456,1,9,0,9,0,5,0,0,0,0,3,1,6,1,58,9,1986,1,5,-1,1,-1
2015521500456,2,3,0,18,0,8,0,0,0,0,3,1,6,1,20,4,124,1,10,-1,1,-1
2015521500466,1,1,0,18,0,0,0,0,0,0,4,1,6,2,23,5,-1,-1,-1,-1,1,-1
2015521500466,2,9,0,12,0,0,0,0,0,0,3,1,6,3,-1,-1,-1,-1,-1,-1,-1,-1
2015521500467,1,9,0,3,0,0,0,0,0,0,2,1,6,2,29,6,1587,1,8,-1,1,-1
2015521500467,2,9,0,3,0,0,0,0,0,0,2,1,6,2,39,7,1781,1,11,-1,1,-1
2015521500467,3,9,0,18,0,0,0,0,0,0,1,1,1,1,83,11,1229,1,11,-1,1,-1
2015521500468,1,8,0,3,0,1,0,0,0,0,2,1,3,2,36,7,1364,1,5,-1,1,-1
2015521500468,2,9,0,4,0,1,0,0,0,0,1,1,6,1,45,7,1997,2,12,-1,1,-1
2015521500475,1,22,0,18,0,1,0,0,0,0,3,1,6,2,65,9,-1,-1,-1,-1,1,-1
2015521500475,2,9,0,14,0,1,0,0,0,0,1,1,6,2,48,8,-1,-1,-1,-1,-1,-1
2015521500477,1,1,0,18,0,0,0,0,0,0,3,1,6,2,36,7,-1,-1,-1,-1,1,-1
2015521500477,2,19,0,13,0,0,0,0,0,0,4,1,6,1,50,8,-1,-1,-1,-1,-1,-1
2015521500478,1,9,0,18,0,6,0,0,0,0,4,1,6,1,40,7,1984,1,4,-1,1,-1
2015521500478,2,9,0,18,0,8,0,0,0,0,1,1,6,1,43,7,-1,-1,-1,-1,1,-1
2015521500484,1,9,0,9,0,8,0,0,0,0,3,1,6,1,29,6,1995,2,7,-1,1,-1
2015521500484,2,1,0,9,0,8,0,0,0,0,1,1,6,1,51,8,-1,-1,-1,-1,1,-1
2015521500486,1,9,0,6,0,8,0,0,0,0,3,1,6,2,61,9,-1,-1,-1,-1,1,-1
2015521500486,2,9,0,18,0,8,0,0,0,0,1,1,6,1,54,8,1798,1,10,-1,1,-1
2015521500490,1,9,0,18,0,0,0,0,0,0,4,1,6,2,33,6,1596,1,12,-1,1,-1
2015521500491,1,9,0,18,0,8,1,0,0,0,1,1,6,3,-1,-1,-1,-1,-1,-1,-1,-1
2015521500491,2,9,0,18,0,8,0,0,0,0,2,1,6,1,53,8,-1,-1,-1,-1,1,-1
2015521500491,3,9,0,18,0,8,0,0,0,0,1,1,6,1,46,8,1997,2,1,-1,1,-1
2015521500492,1,9,0,18,0,6,0,0,0,0,1,1,6,2,-1,-1,1794,1,10,-1,-1,-1
2015521500492,2,1,0,18,0,8,0,0,0,0,3,1,6,1,27,6,-1,-1,-1,-1,1,-1
2015521500499,1,2,0,10,0,8,0,0,0,0,4,1,6,1,52,8,49,1,3,-1,1,-1
2015521500499,2,9,0,7,0,8,0,0,0,0,3,1,6,1,24,5,1364,1,8,-1,1,-1
2015521500518,1,9,0,9,0,5,0,0,0,0,3,1,6,2,42,7,1796,2,3,-1,1,-1
2015521500521,1,9,0,9,0,5,0,0,0,0,4,1,6,1,81,11,1390,1,2,-1,2,-1
2015521500521,2,9,0,18,0,8,0,0,0,0,1,1,6,1,51,8,-1,-1,-1,-1,1,-1
2015521500521,3,9,0,8,0,1,0,0,0,0,3,1,6,1,31,6,-1,-1,-1,-1,-1,-1
2015521500521,4,9,0,18,0,1,0,0,0,0,3,1,6,1,60,9,-1,-1,-1,-1,3,-1
2015521500525,1,9,0,18,0,8,0,0,0,0,4,1,4,2,36,7,-1,-1,-1,-1,1,-1
2015521500525,2,9,0,18,0,6,0,0,0,0,1,1,6,2,26,6,-1,-1,-1,-1,1,-1
2015521500539,1,9,0,18,0,1,0,0,0,0,3,1,6,1,40,7,1560,2,4,-1,1,-1
2015521500542,1,9,0,4,0,1,0,0,0,0,1,1,6,2,24,5,1108,1,14,-1,1,-1
2015521500542,2,9,0,3,0,8,0,0,0,0,2,1,6,2,62,9,1598,1,2,-1,1,-1
2015521500542,3,9,0,10,0,8,0,0,0,0,2,1,6,2,39,7,1560,2,5,-1,3,-1
2015521500551,1,9,0,18,0,0,0,0,0,0,1,-1,6,3,-1,-1,-1,-1,-1,-1,-1,-1
2015521500564,1,9,0,9,0,1,0,0,0,0,1,-1,2,1,56,9,1461,2,1,-1,1,-1
2015521500564,2,1,0,18,0,1,0,0,0,0,1,1,6,1,29,6,-1,-1,-1,-1,3,-1
2015521500570,1,9,0,18,0,0,2,0,1,9,1,1,6,2,40,7,1991,2,9,-1,3,-1
2015521500572,1,3,0,18,0,0,0,0,0,0,1,1,6,1,25,5,124,1,1,-1,-1,-1
2015521500577,1,3,0,11,0,3,0,0,0,0,2,1,6,1,48,8,123,1,33,-1,1,-1
2015521500577,2,9,0,12,0,8,0,0,0,0,1,1,6,2,-1,-1,-1,-1,-1,-1,-1,-1
2015521500578,1,9,0,6,0,0,1,0,0,0,1,1,6,2,23,5,1896,2,7,-1,1,-1
2015521500578,2,9,0,18,0,0,0,4,0,0,1,1,6,1,22,5,-1,-1,-1,-1,1,-1
2015521500578,3,9,0,2,0,0,0,0,0,0,3,1,6,3,-1,-1,1796,1,5,-1,-1,-1
2015521500596,1,9,0,18,0,0,0,0,1,3,1,1,6,2,32,6,-1,-1,-1,-1,1,-1
2015521500609,1,9,0,18,0,1,0,0,0,0,1,1,6,1,74,10,1248,1,1,-1,1,-1
2015521500609,2,9,0,9,0,1,0,0,0,0,4,1,6,2,78,11,-1,-1,-1,-1,2,-1
2015521500614,1,9,0,18,0,0,0,0,0,0,1,1,6,1,21,5,1242,1,8,-1,1,-1
2015521500619,1,9,0,18,0,0,5,0,1,4,1,1,6,1,31,6,1840,1,17,-1,1,-1
2015521500637,1,1,0,11,0,2,0,0,0,0,4,1,6,1,31,6,-1,-1,-1,-1,1,-1
2015521500637,2,9,0,12,0,2,0,0,0,0,3,1,6,1,30,6,1997,1,15,-1,-1,-1
2015521500647,1,19,0,16,0,0,0,0,0,0,4,1,6,1,66,10,1753,2,4,-1,1,-1
2015521500650,1,5,0,18,0,1,0,0,0,0,0,1,6,1,37,7,999,1,5,-1,-1,-1
2015521500650,2,11,0,9,0,5,0,0,0,0,0,1,1,3,-1,-1,9600,2,17,-1,-1,-1
2015521500657,1,9,0,18,0,1,0,0,0,0,1,1,6,2,57,9,1992,2,8,-1,3,-1
2015521500657,2,9,0,3,0,1,0,0,0,0,2,1,6,1,34,6,2204,2,11,-1,2,-1
2015521500657,3,9,0,3,0,1,0,0,0,0,2,1,6,2,36,7,-1,-1,-1,-1,1,-1
2015521500657,4,9,0,3,0,1,0,0,0,0,2,1,6,1,23,5,-1,-1,-1,-1,2,-1
2015521500657,5,9,0,3,0,1,0,0,0,0,2,1,6,1,57,9,1461,2,4,-1,1,-1
2015521500657,6,9,0,3,0,1,0,0,0,0,2,1,6,1,51,8,2143,2,3,-1,1,-1
2015521500663,1,9,0,18,0,2,1,0,0,0,4,1,6,1,43,7,1596,1,10,-1,1,-1
2015521500671,1,9,0,6,0,8,0,0,0,0,3,1,6,2,24,5,1968,2,6,-1,1,-1
2015521500671,2,5,0,18,0,8,0,0,0,0,1,1,6,1,45,7,675,1,5,-1,1,-1
2015521500674,1,19,0,18,0,0,0,0,0,0,1,1,1,1,49,8,2402,2,4,-1,1,-1
2015521500674,2,19,0,18,0,0,0,0,0,0,0,1,1,1,25,5,2198,2,5,-1,1,-1
2015521500676,1,9,0,18,0,8,0,0,0,0,3,1,6,2,37,7,1339,1,9,-1,1,-1
2015521500680,1,1,0,7,0,1,0,0,0,0,1,1,6,1,46,8,-1,-1,-1,-1,1,-1
2015521500680,2,9,0,2,0,1,0,0,0,0,3,1,6,3,-1,-1,-1,-1,-1,-1,-1,-1
2015521500681,1,21,1,9,0,8,0,0,0,0,4,1,6,1,61,9,12777,2,7,-1,1,-1
2015521500681,2,1,0,18,4,8,0,0,0,0,3,1,6,2,24,5,-1,-1,-1,-1,1,-1
2015521500692,1,9,0,18,0,1,5,10,7,2,1,1,6,1,90,11,1388,1,7,-1,1,-1
2015521500696,1,9,0,7,0,5,0,0,0,0,4,1,6,1,30,6,1596,1,3,-1,1,-1
2015521500696,2,1,0,18,0,8,0,0,0,0,1,1,6,1,29,6,-1,-1,-1,-1,1,-1
2015521500704,1,3,0,18,0,8,0,0,0,0,4,1,6,1,29,6,125,1,5,-1,1,-1
2015521500704,2,9,0,7,0,6,0,0,0,0,1,1,6,2,35,6,-1,-1,-1,-1,-1,-1
2015521500713,1,9,0,18,0,0,0,0,0,0,1,1,6,1,68,10,1686,2,3,-1,1,-1
2015521500716,1,17,4,7,0,5,0,0,0,0,2,1,6,1,20,4,-1,-1,-1,-1,1,-1
2015521500716,2,9,0,18,0,8,0,0,0,0,3,1,6,1,25,5,1390,1,12,-1,1,-1
2015521500721,1,9,0,3,0,1,0,0,0,0,2,1,2,1,42,7,2993,2,5,-1,2,-1
2015521500721,2,9,0,18,0,1,0,0,0,0,1,1,6,2,30,6,1560,2,1,-1,1,-1
2015521500726,1,8,0,18,0,2,0,0,0,0,4,1,6,1,50,8,-1,-1,-1,-1,-1,-1
2015521500734,1,9,0,18,0,0,0,0,0,0,4,1,6,2,24,5,-1,-1,-1,-1,1,-1
2015521500734,2,9,0,2,0,0,0,0,0,0,3,1,6,3,-1,-1,1956,2,4,-1,-1,-1
2015521500735,1,3,0,18,0,0,0,0,0,0,3,1,2,1,28,6,124,1,6,-1,1,-1
2015521500735,2,9,0,13,0,0,0,0,0,0,4,1,6,3,-1,-1,-1,-1,-1,-1,-1,-1
2015521500736,1,9,0,9,0,6,0,0,0,0,3,1,6,1,28,6,1988,1,12,-1,1,-1
2015521500736,2,1,0,18,0,8,0,0,0,0,1,1,6,1,48,8,-1,-1,-1,-1,1,-1
2015521500749,1,1,0,8,0,1,0,0,0,0,3,1,1,1,47,8,-1,-1,-1,-1,3,-1
2015521500749,2,19,0,13,0,1,0,0,0,0,3,1,6,3,-1,-1,-1,-1,-1,-1,-1,-1
2015521500751,1,1,0,18,0,1,0,0,1,0,3,1,6,2,51,8,-1,-1,-1,-1,1,-1
2015521500751,2,20,0,7,0,1,0,0,0,0,4,1,1,1,38,7,2300,2,12,-1,1,-1
2015521500755,1,9,0,2,0,0,0,0,0,0,2,1,6,2,57,9,2148,2,12,-1,1,-1
2015521500755,2,9,0,5,0,0,0,0,0,0,1,1,6,3,-1,-1,-1,-1,-1,-1,-1,-1
2015521500772,1,9,0,18,0,8,0,0,0,0,1,1,6,1,42,7,1461,2,13,-1,1,-1
2015521500772,2,9,0,1,0,6,0,0,0,0,3,1,6,2,33,6,1364,1,1,-1,1,-1
2015521500776,1,9,0,18,0,1,0,0,0,0,2,1,6,1,53,8,2979,1,14,-1,1,-1
2015521500776,2,9,0,18,0,1,0,0,0,0,1,1,6,1,20,4,1198,1,8,-1,1,-1
2015521500776,3,9,0,9,0,6,0,4,0,0,4,1,6,3,-1,-1,-1,-1,-1,-1,-1,-1
2015521500776,4,19,0,2,0,2,0,0,0,0,3,1,6,3,-1,-1,1998,2,12,-1,-1,-1
2015521500777,1,9,0,18,0,1,0,0,0,0,4,1,6,2,26,6,1596,1,14,-1,1,-1
2015521500783,1,9,0,18,0,0,0,12,0,0,1,1,6,1,51,8,-1,-1,-1,-1,2,-1
2015521500831,1,9,0,5,0,8,0,0,0,0,2,1,6,1,51,8,1360,1,15,-1,1,-1
2015521500831,2,9,0,5,0,8,0,0,0,0,1,1,6,1,-1,-1,-1,-1,-1,-1,-1,-1
2015521500833,1,1,0,17,0,8,0,0,0,0,4,1,6,1,17,4,-1,-1,-1,-1,1,-1
2015521500833,2,9,0,12,0,4,0,0,0,0,3,1,6,3,-1,-1,-1,-1,-1,-1,-1,-1
2015521500834,1,9,0,4,0,1,0,0,0,0,1,1,6,1,61,9,-1,-1,-1,-1,1,-1
2015521500836,1,9,0,18,0,8,0,0,0,0,1,1,6,2,24,5,1598,2,1,-1,1,-1
2015521500836,2,9,0,9,0,6,0,0,0,0,3,1,6,2,66,10,1997,2,1,-1,3,-1
2015521500840,1,3,0,18,0,1,0,0,0,0,1,1,6,1,20,4,124,1,2,-1,1,-1
2015521500840,2,9,0,13,0,1,0,0,0,0,1,1,6,3,-1,-1,-1,-1,-1,-1,-1,-1
2015521500848,1,9,0,5,0,1,0,0,0,0,1,1,6,1,60,9,1596,1,4,-1,1,-1
2015521500848,2,1,0,18,0,1,0,0,0,0,1,1,6,2,22,5,-1,-1,-1,-1,1,-1
2015521500853,1,9,0,9,0,6,0,0,0,0,4,1,6,2,43,7,1596,1,9,-1,1,-1
2015521500853,2,5,0,18,0,8,0,0,0,0,3,1,6,1,28,6,636,1,1,-1,3,-1
2015521500856,1,9,0,8,0,6,0,0,0,0,2,1,6,1,60,9,1596,1,11,-1,1,-1
2015521500856,2,9,0,7,0,6,0,0,0,0,1,1,6,1,34,6,1997,1,11,-1,1,-1
2015521500859,1,9,0,18,0,0,0,0,0,0,1,1,6,2,64,9,1341,1,10,-1,1,-1
2015521500865,1,9,0,4,0,0,5,0,0,0,1,1,6,2,21,5,898,1,1,-1,3,-1
2015521500865,2,9,0,4,0,0,0,0,0,0,3,1,6,1,77,11,-1,-1,-1,-1,1,-1
2015521500867,1,9,0,10,0,1,0,0,0,0,2,1,6,1,43,7,-1,-1,-1,-1,1,-1
2015521500867,2,9,0,18,0,1,0,0,0,0,1,1,6,2,27,6,-1,-1,-1,-1,1,-1
2015521500870,1,5,0,18,0,0,0,0,0,0,1,1,6,2,18,4,125,1,6,-1,1,-1
2015521500875,1,9,0,18,0,2,0,0,0,0,1,1,6,1,60,9,1753,2,15,-1,1,-1
2015521500878,1,9,0,18,0,0,0,0,0,0,1,1,6,1,22,5,1461,2,4,-1,1,-1
2015521500878,2,19,0,18,0,0,0,0,0,0,2,1,6,2,55,8,-1,-1,-1,-1,1,-1
2015521500878,3,21,0,12,0,0,0,0,0,0,1,1,6,1,42,7,12902,2,2,-1,1,-1
2015521500880,1,9,0,7,0,1,0,0,0,0,2,1,6,1,30,6,1896,2,14,-1,1,-1
2015521500880,2,9,0,18,0,1,0,0,0,0,1,1,6,3,-1,-1,-1,-1,-1,-1,-1,-1
2015521500884,1,9,0,16,0,0,5,0,1,10,1,1,6,2,17,4,-1,-1,-1,-1,1,-1
2015521500886,1,1,0,18,0,8,0,0,0,0,1,1,6,1,32,6,-1,-1,-1,-1,1,-1
2015521500886,2,9,0,9,0,6,0,0,0,0,3,1,6,2,58,9,998,1,10,-1,1,-1
2015521500892,1,9,0,18,0,0,0,0,0,0,1,1,6,2,33,6,1349,1,6,-1,1,-1
2015521500892,2,9,0,3,0,0,0,0,0,0,2,1,6,1,66,10,-1,-1,-1,-1,1,-1
2015521500892,3,9,0,3,0,0,0,0,0,0,2,1,6,2,19,4,1198,1,4,-1,1,-1
2015521500893,1,9,0,4,0,8,0,0,0,0,2,1,6,1,49,8,1997,1,3,-1,1,-1
2015521500893,2,1,0,18,0,8,0,0,0,0,1,1,6,1,43,7,-1,-1,-1,-1,1,-1
2015521500893,3,9,0,18,0,1,0,0,0,0,0,1,1,1,33,6,1753,2,6,-1,-1,-1
2015521500901,1,9,0,17,0,0,1,0,0,0,1,1,6,2,24,5,-1,-1,-1,-1,1,-1
2015521500901,2,9,0,16,0,0,0,0,0,0,1,1,6,2,36,7,-1,-1,-1,-1,2,-1
2015521500905,1,9,0,18,0,0,0,0,0,0,4,1,6,1,74,10,1753,2,8,-1,1,-1
2015521500911,1,3,0,8,0,1,0,0,0,0,2,1,6,1,33,6,124,1,8,-1,1,-1
2015521500911,2,9,0,4,0,1,0,0,0,0,1,1,6,2,41,7,1560,2,5,-1,1,-1
2015521500914,1,9,0,18,0,3,0,0,0,0,4,1,6,1,29,6,1753,2,10,-1,2,-1
2015521500914,2,9,0,18,0,8,0,0,0,2,1,1,6,2,73,10,-1,-1,-1,-1,1,-1
2015521500935,1,9,0,18,0,1,0,0,0,0,4,1,6,1,64,9,1392,1,17,-1,1,-1
2015521500935,2,1,0,18,0,8,0,0,0,0,1,1,6,2,30,6,-1,-1,-1,-1,-1,-1
2015521500940,1,9,0,18,0,0,0,0,0,0,4,1,6,1,29,6,1248,2,11,-1,1,-1
2015521500945,1,19,0,1,0,0,0,0,0,0,2,1,6,3,-1,-1,-1,-1,-1,-1,-1,-1
2015521500948,1,11,0,5,0,8,0,0,0,0,3,1,1,1,55,8,7300,2,9,-1,1,-1
2015521500948,2,9,0,11,0,8,0,0,0,0,1,1,6,3,-1,-1,-1,-1,-1,-1,-1,-1
2015521500956,1,9,0,3,0,0,0,0,0,0,2,1,6,2,39,7,1360,1,3,-1,1,-1
2015521500956,2,9,0,3,0,0,0,0,0,0,2,1,6,2,42,7,1398,2,4,-1,1,-1
2015521500956,3,9,0,4,0,0,0,0,0,0,1,1,6,1,19,4,-1,-1,-1,-1,1,-1
2015521500959,1,11,0,5,0,0,0,0,0,0,0,1,1,1,47,8,7300,2,10,-1,1,-1
2015521500963,1,9,0,6,0,0,0,0,7,0,3,1,6,1,49,8,-1,-1,-1,-1,1,-1
2015521500963,2,1,0,14,0,0,0,0,7,0,1,1,2,1,37,7,-1,-1,-1,-1,1,-1
2015521500969,1,9,0,1,0,0,0,0,0,0,1,1,1,2,25,5,998,1,7,-1,1,-1
2015521500969,2,1,0,18,0,0,0,0,0,0,1,1,2,1,30,6,-1,-1,-1,-1,-1,-1
2015521500992,1,9,0,18,0,1,0,0,0,0,1,1,6,1,40,7,-1,-1,-1,-1,1,-1
2015521501007,1,9,0,12,0,7,0,0,0,0,3,1,2,1,44,7,1398,2,6,-1,1,-1
2015521501007,2,1,0,18,0,8,0,0,0,0,4,1,6,1,54,8,-1,-1,-1,-1,1,-1
2015521501013,1,9,0,10,0,8,0,0,0,0,2,1,6,2,58,9,1364,1,10,-1,1,-1
2015521501013,2,9,0,18,0,8,0,0,0,0,1,1,6,3,-1,-1,-1,-1,-1,-1,-1,-1
2015521501016,1,9,0,9,0,5,0,0,0,0,4,1,2,1,71,10,1896,2,11,-1,1,-1
2015521501016,2,1,0,18,0,8,0,0,0,0,1,1,2,1,48,8,-1,-1,-1,-1,1,-1
2015521501017,1,9,0,18,0,0,0,0,0,0,0,1,6,3,-1,-1,-1,-1,-1,-1,-1,-1
2015521501017,2,1,0,18,0,0,0,0,0,0,0,1,6,1,53,8,-1,-1,-1,-1,1,-1
2015521501020,1,9,0,3,0,1,0,0,0,0,2,1,6,2,18,4,1242,1,6,-1,1,-1
2015521501020,2,9,0,4,0,1,0,0,0,0,1,1,6,2,78,11,998,1,15,-1,1,-1
2015521501025,1,1,0,18,4,8,0,0,0,0,3,1,2,1,27,6,-1,-1,-1,-1,1,-1
2015521501025,2,9,0,9,0,5,0,0,0,0,1,1,6,1,42,7,1388,1,12,-1,-1,-1
2015521501053,1,9,0,16,0,0,0,0,0,0,1,1,6,2,22,5,-1,-1,-1,-1,2,-1
2015521501053,2,9,0,17,0,0,0,0,0,0,1,1,6,1,64,9,2993,2,11,-1,1,-1
2015521501054,1,1,0,18,0,8,0,0,0,0,1,1,6,2,23,5,-1,-1,-1,-1,1,-1
2015521501054,2,9,0,18,0,6,0,0,0,0,4,1,6,1,62,9,1968,2,5,-1,1,-1
2015521501059,1,1,0,18,2,0,0,8,0,0,1,1,6,2,52,8,-1,-1,-1,-1,1,-1
2015521501059,2,20,0,2,2,0,0,0,0,0,3,1,6,1,35,6,-1,-1,-1,-1,1,-1
2015521501074,1,1,0,18,0,8,0,0,0,0,3,1,6,1,21,5,-1,-1,-1,-1,1,-1
2015521501074,2,9,0,13,0,8,0,0,0,0,4,1,6,1,25,5,1242,1,12,-1,1,-1
2015521501078,1,19,0,18,0,0,0,0,0,0,1,1,1,1,51,8,2287,2,6,-1,2,-1
2015521501078,2,9,0,18,0,0,0,0,0,0,1,1,2,1,18,4,-1,-1,-1,-1,3,-1
2015521501079,1,11,0,3,0,0,0,0,0,0,0,1,1,1,47,8,7300,2,15,-1,1,-1
2015521501082,1,19,0,18,0,0,0,0,0,0,1,1,1,1,32,6,2198,2,2,-1,1,-1
2015521501082,2,9,0,3,0,0,0,0,0,0,2,1,6,1,23,5,1390,1,5,-1,1,-1
2015521501088,1,9,0,9,0,6,0,0,0,0,3,1,6,2,45,7,1560,2,9,-1,3,-1
2015521501088,2,9,0,18,0,8,0,0,7,0,1,1,6,2,21,5,-1,-1,-1,-1,3,-1
2015521501104,1,9,0,16,0,0,5,0,1,10,1,1,6,1,20,4,-1,-1,-1,-1,1,-1