Accident_Index,Vehicle_Reference,Vehicle_Type,Towing_and_Articulation,Vehicle_Manoeuvre,Vehicle_Location-Restricted_Lane,Junction_Location,Skidding_and_Overturning,Hit_Object_in_Carriageway,Vehicle_Leaving_Carriageway,Hit_Object_off_Carriageway,1st_Point_of_Impact,Was_Vehicle_Left_Hand_Drive?,Journey_Purpose_of_Driver,Sex_of_Driver,Age_of_Driver,Age_Band_of_Driver,Engine_Capacity_(CC),Propulsion_Code,Age_of_Vehicle,Driver_IMD_Decile,Driver_Home_Area_Type,Vehicle_IMD_Decile
2015521503112,1,9,0,8,0,1,0,0,0,0,2,1,1,2,44,7,1956,2,3,-1,1,-1
2015521503112,2,9,0,18,0,1,0,0,0,0,1,1,6,1,71,10,1598,1,8,-1,3,-1
2015521503119,1,1,0,15,0,0,0,0,0,0,3,1,6,1,54,8,-1,-1,-1,-1,1,-1
2015521503119,2,9,0,11,0,0,0,0,0,0,4,1,6,2,30,6,-1,-1,-1,-1,-1,-1
2015521503133,1,1,0,18,4,8,0,0,0,0,4,1,6,1,29,6,-1,-1,-1,-1,1,-1
2015521503133,2,19,0,7,0,6,0,0,1,0,1,1,1,1,45,7,2143,2,1,-1,-1,-1
2015521503140,1,9,0,9,0,6,0,0,0,0,1,1,6,2,65,9,2179,2,7,-1,2,-1
2015521503140,2,21,0,18,0,8,0,0,0,0,1,1,6,1,49,8,16123,2,9,-1,2,-1
2015521503148,1,9,0,18,0,0,0,0,0,0,1,1,6,2,39,7,1998,2,8,-1,1,-1
2015521503148,2,9,0,18,0,0,0,0,0,0,2,1,6,2,20,4,1242,1,4,-1,1,-1
2015521503148,3,9,0,18,0,0,0,0,0,0,2,1,6,2,27,6,1364,1,6,-1,1,-1
2015521503148,4,9,0,18,0,0,0,0,0,0,2,1,6,2,48,8,999,1,3,-1,1,-1
2015521503149,1,9,0,9,0,5,0,0,0,0,4,1,1,1,51,8,1968,2,6,-1,3,-1
2015521503149,2,20,0,18,0,8,0,0,0,0,1,1,1,2,59,9,2998,2,4,-1,1,-1
2015521503150,1,9,0,7,0,6,0,0,0,0,1,1,6,1,34,6,1968,2,3,-1,1,-1
2015521503150,2,1,0,18,0,8,0,0,0,0,1,1,6,1,32,6,-1,-1,-1,-1,1,-1
2015521503151,1,9,0,18,0,0,0,0,0,0,4,1,6,1,49,8,-1,-1,-1,-1,1,-1
2015521503158,1,9,0,9,0,5,0,0,0,0,3,1,6,1,34,6,2979,1,7,-1,1,-1
2015521503158,2,5,0,13,0,8,0,0,0,0,4,1,6,2,25,5,645,1,6,-1,1,-1
2015521503177,1,9,0,9,0,8,0,0,0,0,4,1,6,1,68,10,1999,1,12,-1,1,-1
2015521503177,2,9,0,18,0,8,0,0,0,0,1,1,6,2,33,6,1968,2,7,-1,1,-1
2015521503180,1,5,0,14,0,8,0,0,0,0,1,1,6,1,45,7,1100,1,15,-1,3,-1
2015521503180,2,9,0,9,0,5,0,0,0,0,3,1,6,1,35,6,1598,2,2,-1,1,-1
2015521503181,1,2,0,13,0,0,0,0,1,0,4,1,6,1,29,6,124,1,2,-1,1,-1
2015521503181,2,1,0,17,0,0,0,0,0,0,1,1,6,1,35,6,-1,-1,-1,-1,1,-1
2015521503190,1,9,0,5,0,2,0,0,0,0,3,1,6,1,52,8,1896,2,6,-1,1,-1
2015521503190,2,5,0,18,0,2,0,0,0,0,4,1,6,1,68,10,670,1,2,-1,1,-1
2015521503190,3,9,0,2,0,2,0,0,0,0,3,1,6,3,-1,-1,1995,2,6,-1,-1,-1
2015521503193,1,9,0,18,0,8,0,0,7,0,1,1,6,1,82,11,2494,1,15,-1,1,-1
2015521503193,2,9,0,8,0,8,0,0,0,0,1,1,6,2,38,7,998,1,3,-1,1,-1
2015521503196,1,9,0,5,0,0,0,0,0,0,1,1,6,1,32,6,-1,-1,-1,-1,-1,-1
2015521503201,1,21,0,18,0,1,0,0,0,0,2,1,6,1,58,9,12740,2,3,-1,1,-1
2015521503201,2,5,0,11,0,1,0,0,0,0,1,1,6,1,45,7,918,1,19,-1,1,-1
2015521503202,1,9,0,18,0,0,5,0,5,0,1,1,6,2,50,8,996,1,3,-1,3,-1
2015521503207,1,19,0,18,0,0,0,0,0,0,1,1,6,3,-1,-1,-1,-1,-1,-1,-1,-1
2015521503207,2,9,0,18,0,0,0,0,2,7,2,1,6,1,25,5,1590,1,11,-1,1,-1
2015521503218,1,9,0,13,0,1,0,0,0,0,1,1,6,3,-1,-1,2979,1,-1,-1,-1,-1
2015521503218,2,1,0,18,0,1,0,0,0,0,3,1,6,1,42,7,-1,-1,-1,-1,1,-1
2015521503219,1,1,0,18,0,8,0,0,0,0,1,1,6,1,49,8,-1,-1,-1,-1,2,-1
2015521503220,1,8,0,1,0,6,0,0,0,0,2,1,1,1,35,6,-1,-1,-1,-1,1,-1
2015521503220,2,9,0,9,0,8,0,0,0,0,1,1,6,1,45,7,-1,-1,-1,-1,-1,-1
2015521503222,1,9,0,18,0,1,0,0,0,0,1,1,6,1,34,6,1198,1,8,-1,1,-1
2015521503224,1,9,0,7,0,5,0,0,0,0,4,1,6,1,31,6,1149,1,14,-1,1,-1
2015521503224,2,1,0,18,0,8,0,0,0,0,1,1,6,1,25,5,-1,-1,-1,-1,1,-1
2015521503232,1,1,0,17,0,8,0,0,0,0,1,1,6,2,25,5,-1,-1,-1,-1,1,-1
2015521503232,2,9,0,7,0,6,0,0,0,0,1,1,6,2,17,4,1299,1,14,-1,-1,-1
2015521503243,1,11,0,3,0,2,0,0,0,0,1,1,1,1,43,7,-1,-1,-1,-1,-1,-1
2015521503246,1,1,0,18,0,1,0,0,0,0,1,1,4,1,12,3,-1,-1,-1,-1,-1,-1
2015521503246,2,9,0,10,0,1,0,0,0,0,1,1,6,3,-1,-1,1560,2,2,-1,-1,-1
2015521503271,1,9,0,18,0,0,0,0,0,0,1,1,6,1,32,6,1197,1,2,-1,1,-1
2015521503271,2,9,0,12,0,0,0,0,0,0,1,1,6,1,48,8,1995,2,6,-1,3,-1
2015521503275,1,9,0,8,0,1,0,0,0,0,2,1,6,2,40,7,1986,2,7,-1,1,-1
2015521503275,2,9,0,7,0,6,0,0,0,0,1,1,6,1,26,6,1248,2,4,-1,1,-1
2015521503276,1,8,0,17,0,1,0,0,0,0,3,1,6,1,25,5,1584,1,7,-1,1,-1
2015521503284,1,9,0,18,0,0,0,0,0,0,0,1,6,1,39,7,-1,-1,-1,-1,1,-1
2015521503289,1,9,0,18,0,0,0,0,0,0,1,1,6,2,44,7,1299,1,14,-1,1,-1
2015521503294,1,9,0,9,0,5,0,0,0,0,1,1,6,1,39,7,1686,2,3,-1,1,-1
2015521503299,1,9,0,18,0,0,0,0,5,6,1,1,6,1,22,5,1399,2,3,-1,1,-1
2015521503304,1,9,0,5,0,0,0,0,0,0,1,1,1,1,63,9,1685,2,-1,-1,1,-1
2015521503307,1,9,0,14,0,0,0,0,0,0,3,1,6,2,27,6,1364,1,8,-1,1,-1
2015521503311,1,9,0,9,0,6,0,0,0,0,1,1,6,1,24,5,1399,2,13,-1,1,-1
2015521503314,1,9,0,18,0,8,0,0,0,0,4,1,6,1,21,5,1598,1,13,-1,1,-1
2015521503314,2,9,0,9,0,6,0,0,0,0,3,1,6,2,80,11,1598,1,10,-1,1,-1
2015521503317,1,9,0,18,0,1,0,0,0,0,1,1,6,2,26,6,1587,1,11,-1,1,-1
2015521503330,1,9,0,18,0,8,0,0,0,0,4,1,6,1,23,5,-1,-1,-1,-1,1,-1
2015521503330,2,1,0,18,0,4,0,0,0,0,1,1,6,1,51,8,-1,-1,-1,-1,1,-1
2015521503335,1,9,0,1,0,5,0,0,0,0,4,1,6,1,43,7,1364,1,8,-1,1,-1
2015521503335,2,9,0,18,0,8,0,0,0,0,1,1,6,1,54,8,-1,-1,-1,-1,1,-1
2015521503340,1,3,0,18,0,8,0,0,0,0,1,1,6,2,21,5,109,1,2,-1,1,-1
2015521503341,1,9,0,11,0,8,0,0,0,0,1,1,6,2,30,6,1368,1,8,-1,1,-1
2015521503341,2,9,0,11,0,8,0,0,0,0,1,1,6,1,41,7,1596,1,3,-1,1,-1
2015521503353,1,9,0,7,0,6,0,0,1,0,1,1,6,2,77,11,1240,1,9,-1,1,-1
2015521503353,2,9,0,18,0,8,0,0,1,4,4,1,6,2,38,7,-1,-1,-1,-1,1,-1
2015521503359,1,9,0,16,0,1,0,0,4,6,1,1,6,1,23,5,1995,1,12,-1,1,-1
2015521503362,1,4,0,18,0,8,1,0,0,0,4,1,6,1,30,6,249,1,9,-1,1,-1
2015521503362,2,9,0,7,0,8,0,0,0,0,3,1,6,1,50,8,1560,2,7,-1,1,-1
2015521503364,1,9,0,18,0,0,0,0,0,0,1,1,6,1,24,5,1587,1,13,-1,1,-1
2015521503366,1,1,0,18,0,1,0,8,0,0,1,1,2,1,48,8,-1,-1,-1,-1,1,-1
2015521503366,2,9,0,2,0,1,0,0,0,0,3,1,6,3,35,6,-1,-1,-1,-1,-1,-1
2015521503372,1,9,0,2,0,0,0,0,0,0,4,1,6,1,39,7,1248,1,6,-1,1,-1
2015521503372,2,9,0,16,0,0,0,0,0,0,4,1,6,2,30,6,1900,2,16,-1,1,-1
2015521503382,1,9,0,18,0,0,0,4,0,0,1,1,6,2,85,11,1086,1,5,-1,1,-1
2015521503382,2,9,0,2,0,0,0,0,0,0,1,1,6,3,-1,-1,-1,-1,-1,-1,-1,-1
2015521503393,1,19,0,18,0,0,0,0,0,0,4,1,6,3,-1,-1,-1,-1,-1,-1,-1,-1
2015521503402,1,9,0,7,0,5,0,0,0,0,2,1,6,1,35,6,2494,1,13,-1,1,-1
2015521503402,2,9,0,18,0,1,0,0,0,0,1,1,6,2,22,5,1390,1,8,-1,1,-1
2015521503406,1,1,0,7,0,6,0,0,0,0,2,1,4,1,15,3,-1,-1,-1,-1,1,-1
2015521503406,2,9,0,18,0,8,0,0,0,0,1,1,6,2,30,6,-1,-1,-1,-1,2,-1
2015521503407,1,9,0,4,0,0,0,0,0,0,4,1,6,1,75,10,1499,2,1,-1,1,-1
2015521503407,2,1,0,15,0,0,0,0,0,0,1,1,6,1,36,7,-1,-1,-1,-1,1,-1
2015521503414,1,3,0,17,0,2,0,0,0,0,4,1,6,1,33,6,125,1,-1,-1,1,-1
2015521503419,1,9,0,10,0,1,0,0,0,0,2,1,6,1,29,6,1391,1,22,-1,1,-1
2015521503419,2,4,0,18,0,1,0,0,0,0,1,1,6,1,20,4,125,1,1,-1,1,-1
2015521503425,1,9,0,10,0,8,0,0,0,0,3,1,6,1,27,6,1390,1,5,-1,3,-1
2015521503425,2,9,0,7,0,6,0,0,0,0,1,1,6,3,-1,-1,1968,2,5,-1,-1,-1
2015521503426,1,9,0,18,0,4,0,0,0,0,1,1,6,1,51,8,-1,-1,-1,-1,1,-1
2015521503426,2,1,0,18,0,8,0,0,0,0,1,1,6,2,28,6,-1,-1,-1,-1,1,-1
2015521503435,1,9,0,18,0,8,0,0,7,2,1,1,6,2,22,5,1229,1,9,-1,2,-1
2015521503439,1,9,0,18,0,0,0,0,0,0,2,1,6,2,33,6,1598,2,3,-1,-1,-1
2015521503439,2,9,0,3,0,0,0,0,0,0,2,1,2,1,51,8,1796,1,11,-1,1,-1
2015521503439,3,9,0,18,0,0,0,0,0,0,1,1,2,1,46,8,-1,-1,-1,-1,1,-1
2015521503441,1,9,0,9,0,5,0,0,0,0,4,1,6,1,64,9,2544,1,16,-1,1,-1
2015521503441,2,5,0,18,0,8,0,0,0,0,1,1,6,1,47,8,748,1,8,-1,1,-1
2015521503455,1,9,0,18,0,2,0,0,0,0,4,1,6,2,28,6,1956,2,4,-1,1,-1
2015521503456,1,1,0,18,0,8,0,0,0,0,4,1,6,1,45,7,-1,-1,-1,-1,1,-1
2015521503456,2,19,0,5,0,6,0,0,0,0,1,1,6,1,40,7,1686,2,11,-1,-1,-1
2015521503470,1,9,0,9,0,5,0,0,0,0,4,1,6,2,30,6,1560,2,5,-1,1,-1
2015521503470,2,1,0,17,0,8,0,0,0,0,1,1,6,1,25,5,-1,-1,-1,-1,1,-1
2015521503472,1,9,0,18,0,8,0,0,0,0,1,1,6,1,48,8,-1,-1,-1,-1,3,-1
2015521503472,2,9,0,9,0,8,0,0,0,0,3,1,6,1,32,6,-1,-1,-1,-1,1,-1
2015521503474,1,1,0,16,0,8,0,0,0,0,1,1,6,1,19,4,-1,-1,-1,-1,1,-1
2015521503474,2,11,0,17,0,8,0,0,0,0,1,1,6,1,62,9,-1,-1,-1,-1,1,-1
2015521503475,1,5,0,15,0,0,0,0,0,0,1,1,6,1,47,8,998,1,9,-1,1,-1
2015521503475,2,5,0,18,0,0,0,0,0,0,0,1,6,1,25,5,649,1,7,-1,1,-1
2015521503475,3,21,1,18,0,0,0,0,0,0,0,1,6,3,-1,-1,-1,-1,-1,-1,-1,-1
2015521503475,4,17,0,18,0,0,0,0,0,0,2,1,6,1,52,8,-1,2,9,-1,1,-1
2015521503484,1,9,0,3,0,1,0,0,0,0,2,1,2,1,51,8,1598,2,1,-1,1,-1
2015521503484,2,9,0,18,0,1,0,0,0,0,1,1,6,1,34,6,1998,2,8,-1,1,-1
2015521503487,1,5,0,18,0,0,0,12,0,0,1,1,6,1,42,7,-1,-1,-1,-1,3,-1
2015521503495,1,9,0,9,0,5,0,0,0,10,4,1,6,1,25,5,-1,-1,-1,-1,1,-1
2015521503495,2,9,0,18,0,8,0,0,0,0,1,1,6,2,20,4,-1,-1,-1,-1,1,-1
2015521503501,1,5,0,18,0,0,0,10,7,10,3,1,6,1,23,5,899,1,16,-1,1,-1
2015521503503,1,9,0,6,0,8,0,0,0,0,3,1,6,1,41,7,1968,2,6,-1,1,-1
2015521503503,2,5,0,18,0,8,0,0,0,0,1,1,6,1,23,5,598,1,16,-1,1,-1
2015521503503,3,9,0,2,0,1,0,0,0,0,1,1,6,1,42,7,1997,2,10,-1,2,-1
2015521503508,1,9,0,18,0,1,0,0,0,0,1,1,6,1,25,5,-1,-1,-1,-1,1,-1
2015521503508,2,9,0,3,0,1,0,0,0,0,2,1,6,2,46,8,1598,1,9,-1,1,-1
2015521503511,1,1,0,18,0,8,1,0,0,0,3,1,2,2,42,7,-1,-1,-1,-1,1,-1
2015521503511,2,19,0,9,0,5,0,0,0,0,1,1,6,1,25,5,1560,2,3,-1,1,-1
2015521503519,1,9,0,18,0,1,0,10,7,3,3,1,6,1,27,6,1796,1,20,-1,1,-1
2015521503521,1,9,0,11,9,0,0,0,1,0,4,1,6,3,-1,-1,-1,-1,-1,-1,-1,-1
2015521503526,1,9,0,5,0,1,0,0,0,0,4,1,6,2,-1,-1,1796,1,8,-1,1,-1
2015521503527,1,9,0,18,0,1,0,0,0,0,1,1,6,2,-1,-1,1360,1,13,-1,1,-1
2015521503527,2,9,0,3,0,1,0,0,0,0,2,1,6,2,25,5,-1,-1,-1,-1,3,-1
2015521503533,1,8,0,18,0,2,0,0,0,0,1,1,1,1,39,7,1595,1,4,-1,1,-1
2015521503536,1,9,0,15,0,1,0,0,0,0,4,1,6,1,41,7,1590,1,12,-1,2,-1
2015521503542,1,5,0,3,0,0,0,0,0,0,2,1,6,1,47,8,1170,1,9,-1,1,-1
2015521503542,2,9,0,18,0,0,0,0,0,0,1,1,6,1,55,8,-1,-1,-1,-1,2,-1
2015521503543,1,9,0,4,9,0,0,0,1,0,4,1,4,1,38,7,1198,1,11,-1,-1,-1
2015521503546,1,4,0,9,0,1,0,0,0,0,1,1,6,1,20,4,124,1,16,-1,1,-1
2015521503546,2,9,0,18,0,1,0,0,0,0,1,1,6,1,24,5,1248,2,1,-1,2,-1
2015521503546,3,9,0,9,0,1,0,0,0,0,2,1,6,1,-1,-1,1910,2,8,-1,1,-1
2015521503550,1,9,0,18,0,1,5,4,0,0,1,1,6,1,39,7,1896,2,11,-1,1,-1
2015521503550,2,9,0,2,0,1,0,0,0,0,3,1,6,3,-1,-1,1999,1,14,-1,-1,-1
2015521503552,1,9,0,5,0,0,0,0,0,0,3,1,6,1,31,6,-1,-1,-1,-1,1,-1
2015521503552,2,1,0,18,0,0,0,0,0,0,1,1,6,2,35,6,-1,-1,-1,-1,1,-1
2015521503555,1,8,0,2,6,0,0,0,0,0,2,1,1,1,64,9,2362,1,15,-1,1,-1
2015521503555,2,9,0,4,0,0,0,0,0,0,1,1,6,1,25,5,2199,2,5,-1,1,-1
2015521503558,1,9,0,7,0,6,0,0,0,0,1,1,6,2,25,5,1598,2,1,-1,1,-1
2015521503561,1,1,0,18,2,0,0,0,0,0,3,1,6,2,43,7,-1,-1,-1,-1,1,-1
2015521503561,2,20,0,11,0,0,0,0,0,0,4,1,1,1,-1,-1,-1,-1,-1,-1,-1,-1
2015521503566,1,9,0,2,0,0,0,0,0,0,0,1,6,2,79,11,-1,-1,-1,-1,1,-1
2015521503566,2,9,0,18,0,0,0,0,0,0,1,1,6,3,-1,-1,-1,-1,-1,-1,-1,-1
2015521503566,3,9,0,2,0,0,0,0,0,0,0,1,6,3,-1,-1,-1,-1,-1,-1,-1,-1
2015521503567,1,9,0,18,0,8,0,0,0,0,1,1,6,1,51,8,-1,-1,-1,-1,1,-1
2015521503567,2,9,0,18,0,8,0,0,7,0,1,1,6,1,69,10,1560,2,9,-1,1,-1
2015521503568,1,1,0,18,0,8,0,0,0,0,3,1,2,1,33,6,-1,-1,-1,-1,1,-1
2015521503568,2,9,0,9,0,6,0,0,0,0,1,1,6,1,50,8,1968,2,3,-1,-1,-1
2015521503577,1,1,0,18,0,1,0,0,0,0,2,1,6,2,38,7,-1,-1,-1,-1,1,-1
2015521503577,2,8,0,13,0,1,0,0,0,0,1,1,6,3,-1,-1,-1,-1,-1,-1,-1,-1
2015521503578,1,9,0,9,0,5,0,0,0,0,1,1,6,1,72,10,-1,-1,-1,-1,1,-1
2015521503578,2,5,0,18,0,8,0,0,0,0,1,1,6,1,44,7,-1,-1,-1,-1,1,-1
2015521503580,1,8,0,18,2,0,0,0,0,0,4,1,1,1,46,8,1996,2,8,-1,1,-1
2015521503594,1,9,0,18,0,0,0,0,0,0,1,1,6,1,85,11,1497,1,13,-1,1,-1
2015521503594,2,9,0,2,0,0,0,0,0,0,4,1,6,3,-1,-1,1560,2,5,-1,-1,-1
2015521503594,3,9,0,2,0,0,0,0,0,0,3,1,6,3,-1,-1,-1,-1,-1,-1,-1,-1
2015521503594,4,9,0,2,0,0,0,0,0,0,4,1,6,3,-1,-1,1800,1,14,-1,-1,-1
2015521503594,5,9,0,2,0,0,0,0,0,0,4,1,6,3,-1,-1,1834,1,16,-1,-1,-1
2015521503594,6,9,0,2,0,0,0,0,0,0,3,1,6,3,-1,-1,-1,-1,-1,-1,-1,-1
2015521503594,7,9,0,2,0,0,0,0,0,0,3,1,6,3,-1,-1,2999,2,9,-1,-1,-1
2015521503603,1,9,0,9,0,5,0,0,0,0,3,1,6,1,21,5,1198,1,9,-1,1,-1
2015521503603,2,1,0,18,0,8,0,0,0,0,1,1,6,1,24,5,-1,-1,-1,-1,1,-1
2015521503606,1,9,0,16,0,0,0,0,0,0,1,1,6,3,-1,-1,2967,1,11,-1,-1,-1
2015521503606,2,9,0,17,0,0,0,0,0,0,1,1,6,1,73,10,-1,-1,-1,-1,1,-1
2015521503607,1,19,0,7,0,6,0,0,0,0,1,1,6,2,50,8,1870,2,11,-1,1,-1
2015521503607,2,97,0,18,0,8,0,0,0,0,1,1,6,1,45,7,656,1,7,-1,-1,-1
2015521503618,1,9,0,17,0,0,0,0,0,0,3,1,2,1,33,6,2204,2,8,-1,1,-1
2015521503618,2,1,0,16,0,0,0,0,0,0,4,1,6,1,40,7,-1,-1,-1,-1,1,-1
2015521503622,1,19,0,18,0,0,0,0,0,0,4,1,6,1,45,7,-1,-1,-1,-1,-1,-1
2015521503647,1,9,0,4,0,0,0,0,0,0,2,1,6,1,70,10,998,1,-1,-1,1,-1
2015521503647,2,9,0,18,0,0,0,0,0,0,1,1,6,2,39,7,1598,1,13,-1,1,-1
2015521503648,1,9,0,10,0,8,0,0,0,0,1,1,6,1,56,9,-1,-1,-1,-1,1,-1
2015521503648,2,21,0,11,0,8,0,0,0,0,1,1,6,1,35,6,-1,-1,-1,-1,1,-1
2015521503651,1,9,0,3,0,0,0,0,0,0,1,1,6,1,52,8,4196,1,12,-1,2,-1
2015521503651,2,9,0,3,0,0,0,0,0,0,2,1,6,1,26,6,-1,-1,-1,-1,2,-1
2015521503651,3,9,0,18,0,0,0,0,0,0,1,1,6,1,55,8,1896,2,13,-1,1,-1
2015521503657,1,9,0,18,0,1,0,0,0,0,1,1,6,2,40,7,-1,-1,-1,-1,3,-1
2015521503657,2,9,0,18,0,1,0,0,0,0,1,1,6,1,29,6,-1,-1,-1,-1,1,-1
2015521503660,1,9,0,7,9,6,0,0,0,0,4,1,3,2,25,5,-1,-1,-1,-1,-1,-1
2015521503669,1,9,0,3,0,2,0,0,0,0,2,1,6,1,32,6,1998,1,5,-1,1,-1
2015521503669,2,9,0,18,0,2,0,0,0,0,1,1,6,2,31,6,-1,-1,-1,-1,1,-1
2015521503680,1,9,0,2,0,0,0,0,0,0,3,1,6,2,-1,-1,1329,1,4,-1,1,-1
2015521503680,2,1,0,18,0,0,0,4,0,0,1,1,6,1,28,6,-1,-1,-1,-1,1,-1
2015521503681,1,9,0,9,0,6,0,0,0,0,1,1,6,2,18,4,1242,1,1,-1,3,-1
2015521503681,2,9,0,13,0,1,0,0,0,0,1,1,6,2,44,7,1598,1,9,-1,3,-1
2015521503693,1,9,0,5,0,0,0,0,0,0,3,1,6,1,26,6,1896,2,13,-1,3,-1
2015521503693,2,9,0,18,0,0,0,0,0,0,3,1,6,2,28,6,1398,1,11,-1,1,-1
2015521503695,1,3,0,18,0,8,1,0,0,0,0,1,6,2,32,6,125,1,1,-1,1,-1
2015521503695,2,9,0,18,0,4,0,0,0,0,0,1,6,3,25,5,-1,-1,-1,-1,-1,-1
2015521503697,1,9,0,9,0,0,0,0,0,0,1,1,6,2,40,7,1986,2,8,-1,2,-1
2015521503697,2,3,0,18,0,0,0,0,0,0,1,1,6,1,33,6,124,1,4,-1,1,-1
2015521503702,1,9,0,7,0,5,0,0,0,0,1,1,6,1,60,9,1999,1,6,-1,1,-1
2015521503703,1,4,0,18,0,0,0,0,0,0,1,1,6,1,66,10,1164,1,11,-1,1,-1
2015521503703,2,9,0,13,0,0,0,0,0,0,0,1,6,3,-1,-1,-1,-1,-1,-1,-1,-1
2015521503705,1,5,0,18,0,2,1,0,0,0,1,1,6,1,32,6,1500,1,16,-1,1,-1
2015521503706,1,9,0,9,0,6,0,0,0,0,1,1,6,1,42,7,1968,2,9,-1,1,-1
2015521503706,2,1,0,18,0,8,0,0,0,0,4,1,6,1,17,4,-1,-1,-1,-1,1,-1
2015521503707,1,9,0,9,0,5,0,0,0,0,4,1,6,3,64,9,1560,2,3,-1,1,-1
2015521503707,2,1,0,18,0,1,0,0,0,0,1,1,6,1,40,7,-1,-1,-1,-1,1,-1
2015521503712,1,3,0,18,0,0,1,0,0,0,0,1,6,1,42,7,955,1,11,-1,1,-1
2015521503712,2,9,0,11,0,0,0,0,0,0,0,1,6,3,48,8,1796,1,9,-1,1,-1
2015521503713,1,1,0,18,0,1,0,0,0,0,1,1,6,1,21,5,-1,-1,-1,-1,1,-1
2015521503713,2,9,0,1,0,5,0,0,0,0,2,1,6,1,34,6,-1,-1,-1,-1,1,-1
2015521503720,1,5,0,18,0,1,0,0,0,0,4,1,6,1,47,8,1098,1,14,-1,3,-1
2015521503720,2,9,0,18,0,1,0,0,0,0,0,1,6,3,-1,-1,-1,-1,-1,-1,-1,-1
2015521503721,1,9,0,18,0,1,0,0,0,0,0,1,6,1,36,7,2000,2,15,-1,1,-1
2015521503723,1,9,0,3,0,1,0,0,0,0,2,1,6,2,38,7,1598,1,9,-1,1,-1
2015521503723,2,9,0,18,0,1,0,0,0,0,1,1,6,3,-1,-1,-1,-1,-1,-1,-1,-1
2015521503725,1,9,0,9,0,5,0,0,0,0,1,1,6,2,47,8,-1,-1,-1,-1,1,-1
2015521503725,2,9,0,18,0,8,0,0,0,0,1,1,6,1,39,7,-1,-1,-1,-1,1,-1
2015521503729,1,9,0,13,0,2,0,0,0,0,4,1,6,3,-1,-1,1248,2,6,-1,-1,-1
2015521503729,2,9,0,2,0,2,0,0,0,0,0,1,6,3,-1,-1,1985,1,15,-1,-1,-1
2015521503729,3,1,0,14,0,2,0,0,0,0,3,1,6,1,70,10,-1,-1,-1,-1,1,-1
2015521503733,1,9,0,5,0,0,0,0,0,0,1,1,6,2,28,6,1242,1,6,-1,1,-1
2015521503734,1,9,0,18,0,1,0,0,0,0,1,1,6,2,-1,-1,-1,-1,-1,-1,1,-1
2015521503734,2,1,0,12,0,1,0,0,0,0,2,1,6,2,21,5,-1,-1,-1,-1,-1,-1
2015521503741,1,9,0,18,0,0,0,0,0,0,4,1,6,1,32,6,1596,1,14,-1,1,-1
2015521503741,2,1,0,18,0,0,0,0,0,0,1,1,6,1,19,4,-1,-1,-1,-1,1,-1
2015521503751,1,20,0,18,0,0,0,0,0,0,0,1,6,1,50,8,-1,-1,-1,-1,2,-1
2015521503751,2,9,0,18,0,0,5,0,4,6,1,1,6,1,32,6,1598,1,13,-1,1,-1
2015521503756,1,9,0,18,0,2,0,0,0,0,4,1,6,1,26,6,2967,1,13,-1,1,-1
2015521503761,1,1,0,18,9,0,0,0,0,0,2,1,6,1,14,3,-1,-1,-1,-1,1,-1
2015521503761,2,9,0,18,9,0,0,0,0,0,1,1,6,3,-1,-1,-1,-1,-1,-1,-1,-1
2015521503764,1,9,0,18,0,8,0,0,0,0,1,1,6,2,28,6,1461,2,-1,-1,1,-1
2015521503764,2,9,0,9,0,6,0,0,0,0,3,1,6,2,43,7,1598,1,6,-1,1,-1
2015521503766,1,9,0,18,0,0,0,0,0,0,1,1,6,1,65,9,1242,1,6,-1,1,-1
2015521503766,2,5,0,17,0,0,0,0,0,0,1,1,6,1,22,5,599,1,14,-1,1,-1
2015521503788,1,9,0,4,0,4,0,0,0,0,2,1,6,1,75,10,1339,1,6,-1,1,-1
2015521503788,2,9,0,18,0,4,0,0,0,0,1,1,6,3,35,6,-1,-1,-1,-1,-1,-1
2015521503790,1,9,0,2,0,0,0,0,0,0,0,1,6,1,36,7,-1,-1,-1,-1,1,-1
2015521503790,2,9,0,18,0,0,0,0,0,0,1,1,6,3,25,5,1997,1,9,-1,-1,-1
2015521503797,1,9,0,18,0,1,0,0,0,0,4,1,6,1,57,9,1968,2,4,-1,1,-1
2015521503803,1,9,0,18,0,0,0,0,0,0,1,1,6,2,58,9,1392,1,23,-1,1,-1
2015521503803,2,9,0,18,0,0,0,0,0,0,1,1,6,2,33,6,1391,1,14,-1,1,-1
2015521503804,1,9,0,3,0,1,0,0,0,0,2,1,6,1,36,7,1299,1,10,-1,3,-1
2015521503804,2,9,0,3,0,1,0,0,0,0,1,1,6,1,47,8,-1,-1,-1,-1,1,-1
2015521503807,1,19,0,17,0,8,0,0,0,0,1,1,6,1,64,9,-1,-1,-1,-1,1,-1
2015521503808,1,9,0,16,0,0,5,4,0,0,4,1,6,3,22,5,1896,2,14,-1,1,-1
2015521503808,2,9,0,2,0,0,0,0,0,0,3,1,6,3,-1,-1,1995,2,1,-1,-1,-1
2015521503808,3,9,0,2,0,0,0,0,0,0,3,1,6,3,-1,-1,1390,1,9,-1,-1,-1
2015521503808,4,9,0,2,0,0,0,0,0,0,3,1,6,3,-1,-1,1910,2,9,-1,-1,-1
2015521503810,1,9,0,18,0,0,0,0,0,0,3,1,6,1,45,7,-1,-1,-1,-1,1,-1