Accident_Index,Vehicle_Reference,Vehicle_Type,Towing_and_Articulation,Vehicle_Manoeuvre,Vehicle_Location-Restricted_Lane,Junction_Location,Skidding_and_Overturning,Hit_Object_in_Carriageway,Vehicle_Leaving_Carriageway,Hit_Object_off_Carriageway,1st_Point_of_Impact,Was_Vehicle_Left_Hand_Drive?,Journey_Purpose_of_Driver,Sex_of_Driver,Age_of_Driver,Age_Band_of_Driver,Engine_Capacity_(CC),Propulsion_Code,Age_of_Vehicle,Driver_IMD_Decile,Driver_Home_Area_Type,Vehicle_IMD_Decile
2015521503810,2,9,0,2,0,0,0,0,0,0,0,1,6,3,-1,-1,1596,1,4,-1,-1,-1
2015521503813,1,9,0,9,0,6,0,0,0,0,4,1,6,2,32,6,1997,2,5,-1,1,-1
2015521503814,1,3,0,18,0,8,0,0,0,0,0,1,6,1,20,4,125,1,2,-1,1,-1
2015521503814,2,9,0,9,0,8,0,0,0,0,0,1,6,1,30,6,1461,2,1,-1,-1,-1
2015521503815,1,9,0,7,0,8,0,0,0,0,1,1,6,2,28,6,598,1,11,-1,2,-1
2015521503815,2,9,0,10,0,8,0,0,0,0,2,1,6,2,47,8,1360,1,8,-1,1,-1
2015521503818,1,9,0,4,0,1,0,0,0,0,1,1,6,1,23,5,1560,2,4,-1,1,-1
2015521503818,2,2,0,8,0,1,0,0,0,0,2,1,6,2,21,5,49,1,4,-1,3,-1
2015521503821,1,2,0,18,0,2,0,0,0,0,1,1,6,3,-1,-1,-1,-1,-1,-1,-1,-1
2015521503823,1,19,4,2,0,0,0,0,0,0,0,1,1,1,53,8,2148,2,11,-1,1,-1
2015521503823,2,19,0,5,0,0,0,4,0,0,4,1,6,1,-1,-1,1753,2,12,-1,1,-1
2015521503823,3,9,0,2,0,0,0,0,0,0,3,1,6,3,-1,-1,1968,2,3,-1,-1,-1
2015521503823,4,9,0,2,0,0,0,0,0,0,4,1,6,3,-1,-1,2143,2,1,-1,-1,-1
2015521503823,5,9,0,2,0,0,0,0,0,0,3,1,6,3,-1,-1,1984,1,7,-1,-1,-1
2015521503823,6,9,0,2,0,0,0,0,0,0,3,1,6,3,-1,-1,1968,2,5,-1,-1,-1
2015521503829,1,9,0,3,0,1,0,0,0,0,2,1,6,2,32,6,1360,1,4,-1,2,-1
2015521503829,2,9,0,18,0,1,0,0,0,0,1,1,6,1,28,6,1149,1,11,-1,1,-1
2015521503840,1,9,0,18,0,8,0,0,0,0,1,1,6,1,39,7,1596,1,14,-1,1,-1
2015521503840,2,90,0,9,0,8,0,0,0,0,3,1,1,2,25,5,-1,-1,-1,-1,1,-1
2015521503841,1,9,0,18,0,0,0,0,0,0,4,1,6,1,30,6,2521,1,10,-1,1,-1
2015521503842,1,1,0,18,0,8,0,0,0,0,4,1,6,1,33,6,-1,-1,-1,-1,1,-1
2015521503842,2,9,0,18,0,4,0,0,0,0,1,1,6,2,55,8,1298,1,9,-1,-1,-1
2015521503847,1,9,0,18,0,8,0,0,0,0,1,1,6,2,60,9,1798,1,7,-1,1,-1
2015521503847,2,9,0,9,0,5,0,0,0,0,1,1,6,2,49,8,1997,2,10,-1,1,-1
2015521503850,1,19,0,18,0,0,0,0,1,0,0,1,1,3,30,6,-1,-1,-1,-1,-1,-1
2015521503853,1,9,0,18,0,1,0,0,0,0,1,1,6,1,51,8,1198,1,8,-1,1,-1
2015521503853,2,4,0,3,0,1,0,0,0,0,2,1,6,1,49,8,471,1,2,-1,1,-1
2015521503859,1,9,0,18,0,2,0,0,0,0,1,1,6,1,35,6,2720,2,7,-1,1,-1
2015521503859,2,1,0,5,0,6,0,0,0,0,1,1,6,1,12,3,-1,-1,-1,-1,1,-1
2015521503866,1,9,0,9,0,3,0,0,0,0,1,1,6,2,20,4,1248,2,9,-1,1,-1
2015521503873,1,9,0,18,0,0,0,0,0,0,2,1,6,1,22,5,1999,1,8,-1,1,-1
2015521503873,2,9,0,18,0,0,0,0,0,0,1,1,6,2,-1,-1,995,1,9,-1,1,-1
2015521503883,1,9,0,4,0,0,0,0,0,0,2,1,6,1,40,7,1242,1,2,-1,1,-1
2015521503883,2,9,0,18,0,0,0,0,0,0,1,1,6,2,18,4,1248,2,3,-1,1,-1
2015521503886,1,9,0,17,0,2,0,4,0,0,1,1,6,1,23,5,1968,2,8,-1,1,-1
2015521503886,2,9,0,2,0,2,0,0,0,0,3,1,6,3,-1,-1,-1,-1,-1,-1,-1,-1
2015521503886,3,9,0,2,0,2,0,0,0,0,3,1,6,3,-1,-1,1086,1,9,-1,-1,-1
2015521503886,4,9,0,2,0,2,0,0,0,0,3,1,6,3,-1,-1,1969,2,1,-1,-1,-1
2015521503889,1,9,0,9,0,5,5,0,0,0,3,1,6,1,35,6,1896,2,12,-1,1,-1
2015521503889,2,9,0,18,0,8,0,0,0,0,1,1,6,2,29,6,1596,1,1,-1,1,-1
2015521503892,1,9,0,17,0,0,0,0,2,10,1,1,6,1,34,6,-1,-1,-1,-1,1,-1
2015521503893,1,9,0,18,0,0,0,0,0,0,4,1,6,1,78,11,1197,1,-1,-1,1,-1
2015521503893,2,1,0,18,0,0,0,0,0,0,1,1,6,2,7,2,-1,-1,-1,-1,1,-1
2015521503898,1,9,0,2,0,1,0,0,0,10,4,1,6,2,30,6,1199,1,12,-1,1,-1
2015521503898,2,9,0,18,0,1,1,4,0,10,1,1,6,3,-1,-1,1896,2,8,-1,-1,-1
2015521503915,1,9,0,18,0,0,0,0,0,0,1,1,6,1,28,6,-1,-1,-1,-1,1,-1
2015521503915,2,9,0,18,0,0,0,0,0,0,1,1,6,2,45,7,1339,1,13,-1,2,-1
2015521503917,1,5,0,18,0,8,0,0,0,0,4,1,6,1,50,8,749,1,9,-1,3,-1
2015521503917,2,9,0,9,0,6,0,0,0,0,3,1,6,2,77,11,1242,1,6,-1,2,-1
2015521503919,1,9,0,7,0,5,0,0,0,0,1,1,6,1,46,8,998,1,3,-1,1,-1
2015521503919,2,21,1,4,0,1,0,0,0,0,1,1,6,1,46,8,12777,2,2,-1,3,-1
2015521503922,1,21,1,18,0,0,0,0,0,0,1,1,6,1,35,6,4500,2,1,-1,1,-1
2015521503922,2,9,0,10,0,0,0,0,0,0,2,1,6,1,50,8,1686,2,3,-1,1,-1
2015521503924,1,9,0,18,0,8,0,0,0,0,2,1,6,2,18,4,1395,1,-1,-1,-1,-1
2015521503924,2,9,0,18,0,1,0,0,0,0,1,1,6,3,-1,-1,-1,-1,-1,-1,-1,-1
2015521503925,1,9,0,10,0,1,0,0,0,0,1,1,6,2,22,5,1242,1,14,-1,1,-1
2015521503925,2,8,0,18,0,6,1,0,0,0,1,1,1,1,48,8,1997,2,8,-1,1,-1
2015521503925,3,9,0,6,0,8,0,0,0,0,0,1,6,3,-1,-1,1395,1,-1,-1,-1,-1
2015521503932,1,20,0,18,0,8,0,0,0,0,4,1,6,3,-1,-1,-1,-1,-1,-1,-1,-1
2015521503938,1,1,0,18,0,2,0,0,1,0,3,1,6,2,35,6,-1,-1,-1,-1,1,-1
2015521503938,2,9,0,18,0,2,0,0,0,0,4,1,6,1,50,8,1685,2,-1,-1,-1,-1
2015521503944,1,9,0,7,0,5,0,0,0,0,4,1,6,1,69,10,1495,1,14,-1,1,-1
2015521503945,1,9,0,7,0,6,0,0,0,0,1,1,6,2,48,8,1995,1,13,-1,1,-1
2015521503945,2,9,0,18,0,8,0,0,0,0,4,1,6,2,60,9,-1,-1,-1,-1,1,-1
2015521503945,3,9,0,10,0,5,0,0,0,0,1,1,6,1,51,8,-1,-1,-1,-1,3,-1
2015521503948,1,9,0,12,0,0,0,0,0,0,1,1,6,1,57,9,1397,1,14,-1,1,-1
2015521503948,2,9,0,4,0,0,0,0,0,0,2,1,6,1,31,6,1995,2,-1,-1,1,-1
2015521503949,1,9,0,18,0,0,0,0,0,0,1,1,6,2,-1,-1,-1,-1,-1,-1,-1,-1
2015521503953,1,9,0,3,0,1,0,0,0,0,2,1,6,1,28,6,-1,-1,-1,-1,1,-1
2015521503953,2,9,0,18,0,1,1,0,0,0,1,1,6,2,35,6,2000,1,11,-1,1,-1
2015521503957,1,9,0,7,0,6,0,0,0,0,1,1,6,1,42,7,2143,2,2,-1,1,-1
2015521503957,2,2,0,18,0,8,0,0,0,0,4,1,6,1,19,4,124,1,-1,-1,1,-1
2015521503960,1,1,0,18,0,2,0,0,0,0,0,1,6,1,16,4,-1,-1,-1,-1,1,-1
2015521503960,2,11,0,18,0,2,0,0,0,0,0,1,6,1,39,7,7300,2,13,-1,1,-1
2015521503967,1,2,0,3,0,1,0,0,0,0,2,1,6,1,23,5,49,1,13,-1,1,-1
2015521503967,2,9,0,18,0,1,0,0,0,0,1,1,6,2,32,6,1598,1,9,-1,-1,-1
2015521503968,1,1,0,9,0,0,0,0,0,0,2,1,6,1,20,4,-1,-1,-1,-1,1,-1
2015521503968,2,9,0,18,0,0,0,0,0,0,1,1,6,3,-1,-1,-1,-1,-1,-1,-1,-1
2015521503988,1,9,0,3,0,0,0,0,0,0,2,1,6,1,20,4,1598,1,13,-1,1,-1
2015521503988,2,9,0,5,0,0,0,0,0,0,1,1,6,1,22,5,1598,2,4,-1,-1,-1
2015521503991,1,9,0,13,0,0,0,0,0,0,4,1,6,1,55,8,1598,1,2,-1,-1,-1
2015521503991,2,1,0,18,0,0,0,0,0,0,3,1,6,2,36,7,-1,-1,-1,-1,-1,-1
2015521503993,1,9,0,18,0,8,0,0,0,0,4,1,6,2,29,6,1900,2,10,-1,1,-1
2015521503993,2,9,0,18,0,6,0,0,0,0,1,1,6,3,-1,-1,1997,2,12,-1,-1,-1
2015521503994,1,9,0,18,0,8,0,0,0,0,1,1,6,1,20,4,-1,-1,-1,-1,1,-1
2015521503994,2,9,0,9,0,6,0,0,0,0,1,1,6,2,25,5,1149,1,14,-1,1,-1
2015521503995,1,1,0,18,0,8,0,0,0,0,1,1,6,2,25,5,-1,-1,-1,-1,1,-1
2015521503995,2,9,0,18,0,8,0,0,0,0,1,1,6,3,30,6,-1,-1,-1,-1,-1,-1
2015521503996,1,9,0,18,0,1,0,0,0,0,4,1,6,1,54,8,-1,-1,-1,-1,1,-1
2015521503996,2,1,0,18,0,8,0,0,0,0,1,1,6,1,39,7,-1,-1,-1,-1,1,-1
2015521504016,1,9,0,18,0,6,0,0,0,0,1,1,6,1,66,10,1910,2,11,-1,1,-1
2015521504016,2,9,0,18,0,8,0,0,0,0,1,1,6,2,38,7,1124,1,10,-1,1,-1
2015521504018,1,1,0,18,0,8,0,0,0,0,1,1,6,1,44,7,-1,-1,-1,-1,1,-1
2015521504018,2,9,0,9,0,5,0,0,0,0,1,1,6,1,65,9,1997,2,13,-1,-1,-1
2015521504033,1,9,0,7,0,5,0,4,0,0,1,1,6,1,22,5,2000,2,11,-1,-1,-1
2015521504033,2,9,0,2,0,2,0,0,0,0,3,1,6,3,-1,-1,1781,1,16,-1,-1,-1
2015521504033,3,9,0,2,0,2,0,0,0,0,3,1,6,3,-1,-1,1461,2,8,-1,-1,-1
2015521504033,4,9,0,2,0,2,0,0,0,0,4,1,6,3,-1,-1,-1,-1,-1,-1,-1,-1
2015521504033,5,9,0,2,0,2,0,0,0,0,1,1,6,3,-1,-1,1595,1,9,-1,-1,-1
2015521504044,1,3,0,18,0,6,0,0,3,11,1,1,6,1,21,5,125,1,4,-1,1,-1
2015521504049,1,9,0,3,0,2,0,0,0,0,2,1,6,1,45,7,1242,1,7,-1,3,-1
2015521504049,2,1,0,18,0,8,0,0,0,0,1,1,6,1,44,7,-1,-1,-1,-1,1,-1
2015521504050,1,9,0,4,0,0,0,0,0,0,1,1,6,1,82,11,1149,1,6,-1,1,-1
2015521504050,2,9,0,3,0,0,0,0,0,0,2,1,6,1,76,11,1248,1,1,-1,1,-1
2015521504050,3,9,0,3,0,0,0,0,0,0,2,1,6,1,33,6,1956,2,5,-1,1,-1
2015521504058,1,1,0,18,0,0,0,0,0,0,2,1,6,1,33,6,-1,-1,-1,-1,1,-1
2015521504058,2,9,0,18,0,0,0,0,0,0,1,1,6,3,-1,-1,1598,1,10,-1,-1,-1
2015521504062,1,5,0,14,0,0,0,0,0,0,1,1,6,1,43,7,998,1,5,-1,1,-1
2015521504062,2,9,0,5,0,0,0,0,0,0,1,1,6,1,34,6,1998,1,8,-1,1,-1
2015521504065,1,9,0,4,0,0,0,0,0,0,2,1,6,1,49,8,2179,2,6,-1,1,-1
2015521504065,2,9,0,18,0,0,0,0,0,0,1,1,6,1,69,10,-1,-1,-1,-1,1,-1
2015521504067,1,9,0,18,0,0,1,4,0,0,2,1,6,1,27,6,1679,1,15,-1,1,-1
2015521504067,2,9,0,3,0,0,0,0,0,0,1,1,6,1,44,7,1686,2,12,-1,1,-1
2015521504067,3,9,0,2,0,0,0,0,0,0,3,1,6,3,-1,-1,1398,1,1,-1,-1,-1
2015521504071,1,9,0,6,0,2,0,0,0,0,1,1,6,1,54,8,2400,2,5,-1,1,-1
2015521504071,2,1,0,18,0,2,0,0,0,0,1,1,6,2,27,6,-1,-1,-1,-1,1,-1
2015521504079,1,5,0,13,0,1,0,0,0,0,1,1,6,1,19,4,599,1,5,-1,1,-1
2015521504079,2,9,0,9,0,8,0,0,0,0,2,1,6,2,23,5,1596,1,6,-1,1,-1
2015521504086,1,1,0,18,0,0,1,0,0,0,1,1,6,1,13,3,-1,-1,-1,-1,1,-1
2015521504086,2,9,0,18,0,0,0,0,0,0,4,1,6,1,61,9,1198,1,1,-1,1,-1
2015521504089,1,1,0,18,0,8,0,0,0,0,3,1,6,1,33,6,-1,-1,-1,-1,1,-1
2015521504089,2,9,0,9,0,8,0,0,0,0,1,1,6,3,-1,-1,-1,-1,-1,-1,-1,-1
2015521504092,1,9,0,7,0,6,0,0,0,0,3,1,6,1,22,5,1910,2,9,-1,1,-1
2015521504092,2,20,0,18,0,8,0,0,0,0,1,1,1,1,27,6,-1,-1,-1,-1,1,-1
2015521504093,1,9,0,4,0,0,0,0,0,0,1,1,6,1,22,5,1242,1,1,-1,1,-1
2015521504093,2,9,0,4,0,0,0,0,0,0,2,1,6,2,56,9,-1,-1,-1,-1,1,-1
2015521504094,1,9,0,18,0,8,0,0,0,0,1,1,6,1,26,6,1896,2,8,-1,1,-1
2015521504102,1,9,0,18,5,8,0,0,0,0,1,1,6,1,60,9,1984,2,8,-1,-1,-1
2015521504115,1,9,0,9,0,8,0,0,0,0,1,1,6,1,43,7,3600,1,13,-1,1,-1
2015521504115,2,9,0,5,0,4,0,0,0,0,3,1,6,1,47,8,1995,2,3,-1,1,-1
2015521504122,1,9,0,18,0,1,0,0,0,0,4,1,6,2,43,7,999,1,1,-1,1,-1
2015521504123,1,9,0,18,0,0,0,0,0,0,1,1,6,1,58,9,1995,2,2,-1,1,-1
2015521504124,1,9,0,18,0,0,0,0,0,0,1,1,6,2,22,5,1461,2,11,-1,1,-1
2015521504124,2,9,0,3,0,0,0,0,0,0,2,1,6,1,55,8,1596,1,21,-1,1,-1
2015521504135,1,19,4,18,0,0,0,0,0,0,1,1,6,1,-1,-1,-1,-1,-1,-1,-1,-1
2015521504135,2,21,1,18,0,0,0,0,0,0,2,1,6,1,49,8,-1,-1,-1,-1,-1,-1
2015521504136,1,9,0,18,0,8,0,0,0,0,4,1,6,2,50,8,1246,1,9,-1,1,-1
2015521504136,2,9,0,18,0,6,0,0,0,0,4,1,6,1,32,6,1994,1,12,-1,1,-1
2015521504163,1,9,0,18,0,8,0,0,0,0,3,1,6,1,42,7,1798,1,6,-1,1,-1
2015521504163,2,9,0,18,0,8,0,0,0,0,4,1,6,3,-1,-1,2997,1,16,-1,-1,-1
2015521504174,1,1,0,11,0,0,0,4,0,0,1,1,6,1,20,4,-1,-1,-1,-1,1,-1
2015521504174,2,9,0,18,0,0,0,0,0,0,0,1,6,3,-1,-1,-1,-1,-1,-1,-1,-1
2015521504176,1,9,0,11,0,2,0,0,0,0,4,1,6,2,42,7,1999,1,12,-1,1,-1
2015521504178,1,9,0,9,0,6,0,0,0,0,1,1,6,3,-1,-1,1149,1,13,-1,-1,-1
2015521504178,2,1,0,9,0,5,0,0,0,0,1,1,6,1,36,7,-1,-1,-1,-1,1,-1
2015521504179,1,9,0,10,0,1,0,0,0,0,4,1,6,1,49,8,-1,-1,-1,-1,1,-1
2015521504179,2,1,0,12,0,1,0,0,0,0,3,1,6,1,18,4,-1,-1,-1,-1,1,-1
2015521504183,1,9,0,18,0,2,0,0,0,0,1,1,6,1,50,8,2671,1,17,-1,1,-1
2015521504187,1,9,0,9,0,5,0,0,0,0,4,1,1,1,18,4,-1,-1,-1,-1,1,-1
2015521504187,2,9,0,18,0,8,0,0,0,0,1,1,6,2,25,5,1364,1,6,-1,1,-1
2015521504189,1,9,0,18,0,1,0,0,0,0,1,1,6,2,20,4,1339,1,8,-1,3,-1
2015521504189,2,9,0,10,0,1,0,0,0,0,2,1,6,1,41,7,1968,2,-1,-1,3,-1
2015521504190,1,9,0,12,0,6,0,0,0,0,3,1,6,1,70,10,1560,2,-1,-1,-1,-1
2015521504190,2,9,0,16,0,1,5,0,0,0,4,1,6,2,22,5,1242,1,3,-1,1,-1
2015521504198,1,9,0,18,0,2,0,0,0,0,1,1,6,1,48,8,-1,-1,-1,-1,1,-1
2015521504198,2,9,0,4,0,2,0,0,0,0,2,1,6,1,41,7,1995,2,10,-1,1,-1
2015521504203,1,19,0,7,0,5,0,0,0,0,1,1,1,1,43,7,1461,2,5,-1,1,-1
2015521504204,1,9,0,9,0,8,0,0,0,0,4,1,6,2,23,5,1248,2,8,-1,3,-1
2015521504204,2,9,0,18,0,1,0,0,0,0,1,1,6,1,19,4,-1,-1,-1,-1,1,-1
2015521504204,3,9,0,18,0,1,0,0,0,0,1,1,6,2,39,7,1598,1,6,-1,1,-1
2015521504204,4,9,0,18,0,1,0,0,0,0,0,1,6,1,50,8,1956,2,6,-1,1,-1
2015521504206,1,19,0,3,0,1,0,0,0,0,2,1,6,1,25,5,8970,2,14,-1,2,-1
2015521504206,2,9,0,18,0,1,0,0,0,0,1,1,6,1,53,8,-1,-1,-1,-1,1,-1
2015521504211,1,9,0,18,0,0,0,0,0,0,1,1,6,1,40,7,1598,1,16,-1,1,-1
2015521504217,1,9,0,6,0,0,0,0,0,0,4,1,6,3,-1,-1,1994,2,12,-1,-1,-1
2015521504217,2,4,0,18,0,0,0,0,0,0,1,1,6,1,25,5,125,1,2,-1,1,-1
2015521504219,1,1,0,18,0,0,0,0,0,0,1,1,6,1,57,9,-1,-1,-1,-1,1,-1
2015521504219,2,9,0,6,0,0,0,0,0,0,3,1,6,1,20,4,1199,1,13,-1,-1,-1
2015521504223,1,21,1,9,0,8,0,0,0,0,1,1,1,1,46,8,12900,2,8,-1,1,-1
2015521504223,2,9,0,9,0,8,0,0,0,0,2,1,6,2,45,7,1364,1,11,-1,1,-1
2015521504224,1,1,0,12,0,0,0,0,0,0,1,1,6,1,24,5,-1,-1,-1,-1,-1,-1
2015521504229,1,9,0,18,0,1,0,0,0,0,0,1,6,3,-1,-1,-1,-1,-1,-1,-1,-1
2015521504229,2,4,0,7,0,8,1,0,0,0,0,1,6,2,48,8,250,1,14,-1,1,-1
2015521504235,1,9,0,18,0,0,0,0,0,0,1,1,6,3,-1,-1,-1,-1,-1,-1,-1,-1
2015521504237,1,9,0,4,0,1,0,0,0,0,1,1,6,3,40,7,1998,1,10,-1,-1,-1
2015521504237,2,9,0,3,0,1,0,0,0,0,2,1,6,1,23,5,1995,2,8,-1,3,-1
2015521504241,1,9,0,18,0,8,0,0,0,0,1,1,6,1,29,6,-1,-1,-1,-1,-1,-1
2015521504241,2,3,0,17,0,8,0,0,0,0,1,1,6,2,43,7,125,1,1,-1,1,-1
2015521504241,3,9,0,3,0,1,0,0,0,0,3,1,6,1,36,7,-1,-1,-1,-1,1,-1
2015521504259,1,1,0,18,0,1,0,0,0,0,1,1,6,2,25,5,-1,-1,-1,-1,1,-1
2015521504259,2,8,0,9,0,1,0,0,0,0,0,1,1,1,35,6,1956,2,3,-1,-1,-1
2015521504273,1,9,0,18,0,8,0,0,1,1,4,1,6,1,68,10,1339,1,4,-1,1,-1
2015521504277,1,9,0,18,0,8,0,0,0,0,3,1,6,1,32,6,1796,1,6,-1,1,-1
2015521504277,2,8,0,18,0,6,0,0,0,0,1,1,1,1,43,7,2664,2,15,-1,1,-1
2015521504279,1,3,0,18,0,8,0,0,0,0,1,1,6,1,23,5,-1,-1,-1,-1,1,-1
2015521504279,2,9,0,9,0,5,0,0,0,0,4,1,6,1,32,6,1396,1,13,-1,1,-1
2015521504284,1,9,0,18,0,0,0,0,0,0,1,1,6,2,71,10,1198,1,3,-1,1,-1
2015521504284,2,9,0,4,0,0,0,0,0,0,2,1,6,1,65,9,1199,2,4,-1,2,-1
2015521504284,3,9,0,4,0,0,0,0,0,0,2,1,6,1,45,7,1995,2,1,-1,1,-1
2015521504293,1,90,0,18,0,8,0,0,0,0,4,1,2,1,49,8,-1,-1,-1,-1,1,-1
2015521504293,2,9,0,18,0,1,0,0,0,0,1,1,6,1,24,5,973,1,17,-1,-1,-1
2015521504294,1,9,0,9,0,5,0,0,0,0,1,1,6,3,-1,-1,-1,-1,-1,-1,-1,-1
2015521504295,1,9,0,18,0,0,5,0,1,4,4,1,6,1,81,11,1360,1,9,-1,1,-1
2015521504296,1,9,0,9,0,5,0,0,0,0,1,1,6,1,81,11,1799,1,5,-1,1,-1
2015521504296,2,9,0,18,0,8,0,0,0,0,1,1,6,2,61,9,1242,1,6,-1,1,-1
2015521504299,1,9,0,12,0,8,0,0,0,0,3,1,6,1,36,7,1896,2,7,-1,1,-1
2015521504299,2,9,0,18,0,8,0,0,0,0,1,1,6,1,25,5,1584,1,7,-1,1,-1
2015521504301,1,9,0,9,0,6,0,0,0,0,1,1,6,2,52,8,1997,1,9,-1,1,-1
2015521504301,2,9,0,18,0,8,0,0,1,2,4,1,6,2,61,9,1388,1,6,-1,1,-1
2015521504316,1,9,0,18,0,0,0,0,0,0,1,1,6,2,18,4,1124,1,14,-1,2,-1
2015521504316,2,9,0,18,0,0,0,0,0,0,1,1,6,1,54,8,1968,2,3,-1,2,-1
2015521504321,1,9,0,18,0,0,0,0,0,0,1,1,6,1,35,6,-1,-1,-1,-1,-1,-1
2015521504338,1,9,0,18,0,0,0,0,0,3,1,1,6,1,71,10,1560,2,3,-1,1,-1
2015521504346,1,9,0,12,0,0,0,0,0,0,3,1,6,3,-1,-1,-1,-1,-1,-1,-1,-1
2015521504347,1,9,0,18,0,0,0,0,0,0,1,1,6,1,25,5,-1,-1,-1,-1,1,-1
2015521504347,2,9,0,12,0,0,0,0,0,0,2,1,6,1,48,8,1973,1,16,-1,1,-1
2015521504347,3,9,0,2,0,0,0,0,0,0,2,1,6,3,-1,-1,-1,-1,-1,-1,-1,-1
2015521504347,4,9,0,2,0,0,0,0,0,0,2,1,6,3,-1,-1,1587,1,14,-1,-1,-1
2015521504351,1,9,0,4,0,0,0,0,0,0,2,1,6,1,30,6,2198,2,9,-1,1,-1
2015521504351,2,9,0,18,0,0,0,0,0,0,1,1,6,2,75,10,1242,1,2,-1,1,-1
2015521504352,1,9,0,9,0,5,0,0,0,0,2,1,6,1,23,5,1781,1,12,-1,3,-1
2015521504352,2,3,0,18,0,8,0,0,0,0,1,1,6,1,41,7,124,1,8,-1,1,-1
2015521504354,1,9,0,18,0,0,0,0,0,0,1,1,6,1,53,8,-1,-1,-1,-1,1,-1
2015521504354,2,9,0,4,0,0,0,0,0,0,2,1,6,2,19,4,-1,-1,-1,-1,2,-1
2015521504354,3,9,0,4,0,0,0,0,0,0,2,1,6,1,46,8,1598,1,12,-1,1,-1
2015521504354,4,9,0,3,0,0,0,0,0,0,2,1,6,1,45,7,1956,2,2,-1,1,-1
2015521504355,1,9,0,18,0,8,0,0,0,0,1,1,6,2,36,7,1124,1,7,-1,2,-1
2015521504355,2,9,0,9,0,6,0,0,0,0,1,1,6,2,20,4,1400,1,15,-1,1,-1
2015521504356,1,9,0,9,0,5,0,0,0,0,1,1,6,1,49,8,1997,1,15,-1,1,-1
2015521504356,2,9,0,18,0,8,0,0,0,0,1,1,6,1,50,8,-1,-1,-1,-1,1,-1
2015521504358,1,9,0,18,9,5,0,0,1,10,1,1,6,2,41,7,1242,1,3,-1,2,-1
2015521504359,1,1,0,18,0,0,0,0,0,0,3,1,6,1,27,6,-1,-1,-1,-1,1,-1
2015521504359,2,11,0,18,0,0,0,0,0,0,4,1,1,1,50,8,4461,2,1,-1,-1,-1
2015521504360,1,9,0,18,0,3,0,0,1,10,1,1,6,1,29,6,-1,-1,-1,-1,-1,-1
2015521504368,1,1,0,18,0,8,0,0,0,0,1,1,6,1,49,8,-1,-1,-1,-1,1,-1
2015521504368,2,9,0,9,0,6,0,0,0,0,1,1,6,3,42,7,1349,1,6,-1,3,-1
2015521504370,1,1,0,15,0,1,0,0,0,0,1,1,6,1,35,6,-1,-1,-1,-1,1,-1
2015521504370,2,9,0,3,0,1,0,0,0,0,4,1,6,2,28,6,1896,2,13,-1,1,-1
2015521504376,1,9,0,12,0,2,0,0,0,0,1,1,6,1,68,10,1598,1,9,-1,1,-1
2015521504376,2,9,0,18,0,1,0,0,0,0,1,1,6,1,49,8,1598,1,13,-1,1,-1
2015521504386,1,9,0,4,0,0,0,0,0,0,2,1,6,1,26,6,1242,1,7,-1,1,-1
2015521504386,2,9,0,4,0,0,0,0,1,10,1,1,6,1,66,10,1896,2,7,-1,1,-1
2015521504390,1,9,0,16,0,0,0,0,1,7,4,1,6,1,19,4,1242,1,5,-1,1,-1
2015521504412,1,1,0,3,0,3,0,0,0,0,0,1,1,2,24,5,-1,-1,-1,-1,1,-1
2015521504412,2,9,0,3,0,3,0,0,0,0,3,1,6,2,30,6,1360,1,13,-1,-1,-1
2015521504415,1,9,0,9,0,6,0,0,0,0,1,1,6,2,57,9,1997,1,2,-1,1,-1
2015521504415,2,1,0,18,0,8,0,0,0,0,4,1,6,1,55,8,-1,-1,-1,-1,1,-1
2015521504417,1,3,0,18,0,0,0,0,0,0,0,1,6,1,17,4,125,1,1,-1,1,-1
2015521504417,2,9,0,18,0,0,0,0,0,0,0,1,6,3,-1,-1,-1,-1,-1,-1,-1,-1
2015521504422,1,9,0,7,0,5,0,0,0,0,4,1,6,2,26,6,1360,1,8,-1,1,-1
2015521504422,2,5,0,15,4,8,0,10,1,0,3,1,6,1,42,7,1203,1,8,-1,1,-1
2015521504426,1,1,0,18,0,2,0,0,0,0,1,1,2,1,41,7,-1,-1,-1,-1,1,-1
2015521504426,2,9,0,2,0,2,0,0,0,0,3,1,6,1,25,5,1586,1,3,-1,-1,-1
2015521504428,1,9,0,18,0,8,0,0,0,0,3,1,6,2,24,5,1598,1,3,-1,1,-1
2015521504428,2,9,0,9,0,6,0,0,0,0,1,1,6,2,25,5,1360,1,12,-1,1,-1
2015521504435,1,9,0,3,0,1,0,0,0,0,2,1,6,1,22,5,1598,1,5,-1,1,-1
2015521504435,2,9,0,18,0,1,0,0,0,0,2,1,6,2,37,7,1596,1,9,-1,1,-1
2015521504435,3,9,0,18,0,1,0,0,0,0,1,1,6,1,40,7,1388,1,12,-1,1,-1
2015521504438,1,9,0,17,0,8,0,0,0,0,3,1,6,2,37,7,1798,1,10,-1,1,-1
2015521504438,2,1,0,16,0,8,0,0,0,0,1,1,6,1,55,8,-1,-1,-1,-1,1,-1
2015521504442,1,9,0,3,0,1,0,0,0,0,2,1,6,1,56,9,1998,2,10,-1,1,-1
2015521504442,2,9,0,18,0,1,0,0,0,0,1,1,6,1,23,5,1242,1,8,-1,1,-1
2015521504443,1,11,0,5,0,0,0,0,0,0,4,1,1,1,43,7,7300,2,11,-1,1,-1