Accident_Index,Vehicle_Reference,Vehicle_Type,Towing_and_Articulation,Vehicle_Manoeuvre,Vehicle_Location-Restricted_Lane,Junction_Location,Skidding_and_Overturning,Hit_Object_in_Carriageway,Vehicle_Leaving_Carriageway,Hit_Object_off_Carriageway,1st_Point_of_Impact,Was_Vehicle_Left_Hand_Drive?,Journey_Purpose_of_Driver,Sex_of_Driver,Age_of_Driver,Age_Band_of_Driver,Engine_Capacity_(CC),Propulsion_Code,Age_of_Vehicle,Driver_IMD_Decile,Driver_Home_Area_Type,Vehicle_IMD_Decile
2015521505107,1,9,0,18,0,1,0,0,0,0,1,1,6,2,38,7,1198,1,5,-1,1,-1
2015521505107,2,9,0,3,0,1,0,0,0,0,2,1,6,1,30,6,1598,1,9,-1,2,-1
2015521505107,3,9,0,3,0,1,0,0,0,0,2,1,6,1,26,6,1560,2,1,-1,2,-1
2015521505107,4,9,0,3,0,1,0,0,0,0,2,1,6,2,41,7,1598,1,11,-1,1,-1
2015521505109,1,8,0,18,0,8,0,0,0,0,4,1,6,1,40,7,1896,2,6,-1,1,-1
2015521505109,2,1,0,18,0,1,0,0,0,0,1,1,6,2,19,4,-1,-1,-1,-1,1,-1
2015521505115,1,9,0,7,0,2,0,0,0,0,1,1,6,1,22,5,1242,1,1,-1,1,-1
2015521505115,2,9,0,2,0,2,0,0,0,0,1,1,6,1,-1,-1,-1,-1,-1,-1,1,-1
2015521505131,1,9,0,18,0,8,0,0,0,0,1,1,6,2,27,6,1686,2,10,-1,1,-1
2015521505131,2,9,0,9,0,8,0,0,0,0,4,1,6,1,37,7,1686,2,13,-1,1,-1
2015521505136,1,9,0,13,0,0,0,0,0,0,1,1,6,1,43,7,1781,1,12,-1,3,-1
2015521505136,2,1,0,18,0,0,0,0,0,0,2,1,6,1,52,8,-1,-1,-1,-1,3,-1
2015521505139,1,9,0,18,0,8,0,0,1,10,1,1,6,3,25,5,1242,1,17,-1,-1,-1
2015521505141,1,9,0,18,0,8,0,0,0,0,1,1,6,1,60,9,1597,2,-1,-1,1,-1
2015521505141,2,9,0,7,0,8,0,0,0,0,1,1,6,1,25,5,1242,1,15,-1,-1,-1
2015521505155,1,11,0,18,0,8,0,0,0,0,1,1,6,1,54,8,4461,2,2,-1,1,-1
2015521505174,1,9,0,3,0,2,0,0,0,0,1,1,6,2,24,5,1199,1,14,-1,1,-1
2015521505174,2,9,0,1,0,2,0,0,0,0,2,1,6,1,20,4,-1,-1,-1,-1,-1,-1
2015521505191,1,9,0,9,0,8,0,0,0,0,1,1,6,1,29,6,1590,1,11,-1,3,-1
2015521505191,2,3,0,18,0,8,0,0,0,0,1,1,6,1,18,4,-1,-1,-1,-1,1,-1
2015521505195,1,9,0,9,0,8,0,0,0,0,1,1,6,1,26,6,1587,1,14,-1,1,-1
2015521505195,2,9,0,18,0,8,0,0,0,0,1,1,6,3,40,7,2000,2,10,-1,-1,-1
2015521505199,1,9,0,18,0,0,0,0,0,0,1,1,6,1,20,4,1596,1,17,-1,1,-1
2015521505199,2,9,0,18,0,0,0,0,1,9,2,1,6,1,49,8,-1,-1,-1,-1,1,-1
2015521505200,1,9,0,18,0,0,0,0,0,0,1,1,6,2,21,5,998,1,5,-1,1,-1
2015521505200,2,9,0,18,0,0,0,0,0,0,1,1,6,1,28,6,998,1,13,-1,1,-1
2015521505200,3,9,0,18,0,0,0,0,0,0,2,1,6,1,21,5,1968,2,5,-1,1,-1
2015521505217,1,9,0,18,0,8,0,0,0,0,3,1,6,1,21,5,-1,-1,-1,-1,1,-1
2015521505217,2,9,0,18,0,3,0,0,0,0,4,1,6,1,28,6,1560,2,4,-1,1,-1
2015521505219,1,9,0,18,0,1,0,0,0,0,1,1,6,1,76,11,1339,1,10,-1,1,-1
2015521505219,2,19,0,9,0,6,0,0,0,0,4,1,6,1,23,5,1870,2,10,-1,1,-1
2015521505223,1,9,0,9,0,8,0,0,0,0,1,1,6,2,29,6,1395,1,1,-1,1,-1
2015521505223,2,1,0,18,0,8,0,0,0,0,1,1,6,1,48,8,-1,-1,-1,-1,1,-1
2015521505224,1,1,0,5,0,1,0,0,0,0,1,1,6,1,23,5,-1,-1,-1,-1,1,-1
2015521505224,2,9,0,18,0,8,0,0,0,0,1,1,6,1,17,4,1124,1,10,-1,1,-1
2015521505226,1,9,0,18,0,1,1,0,0,0,4,1,6,1,27,6,1388,1,9,-1,1,-1
2015521505226,2,4,0,18,0,1,0,0,0,0,1,1,6,1,53,8,250,1,-1,-1,1,-1
2015521505239,1,9,0,18,0,0,0,0,7,10,1,1,6,1,46,8,2457,1,9,-1,1,-1
2015521505240,1,9,0,18,0,0,0,0,0,0,4,1,6,1,43,7,1968,2,2,-1,1,-1
2015521505240,2,1,0,18,0,0,0,0,0,0,3,1,1,1,55,8,-1,-1,-1,-1,1,-1
2015521505241,1,1,0,18,0,1,0,0,0,0,1,1,6,1,24,5,-1,-1,-1,-1,1,-1
2015521505241,2,9,0,9,0,6,0,0,0,0,1,1,6,1,25,5,1995,2,4,-1,1,-1
2015521505243,1,9,0,18,0,0,0,0,0,0,1,1,6,1,21,5,1400,1,15,-1,2,-1
2015521505243,2,9,0,18,0,0,0,0,0,0,3,1,6,1,35,6,1868,2,16,-1,1,-1
2015521505243,3,9,0,2,0,0,0,0,0,0,3,1,6,3,-1,-1,1997,1,13,-1,-1,-1
2015521505245,1,21,1,18,0,1,0,0,0,0,4,1,6,1,45,7,12580,2,9,-1,3,-1
2015521505245,2,9,0,12,0,6,0,0,0,0,3,1,6,2,38,7,1086,1,5,-1,1,-1
2015521505246,1,9,0,18,0,4,0,0,3,1,1,1,6,2,21,5,2295,1,13,-1,1,-1
2015521505248,1,1,0,18,0,8,0,0,0,0,0,1,6,1,42,7,-1,-1,-1,-1,1,-1
2015521505248,2,9,0,7,0,8,0,0,0,0,0,1,6,1,42,7,1597,1,21,-1,-1,-1
2015521505253,1,9,0,9,0,0,0,0,0,0,3,1,6,2,36,7,1997,2,5,-1,1,-1
2015521505253,2,9,0,18,0,0,0,0,0,0,4,1,6,1,42,7,1560,2,4,-1,1,-1
2015521505255,1,3,0,18,0,5,0,0,0,0,1,1,6,1,21,5,124,1,3,-1,2,-1
2015521505255,2,9,0,18,0,1,0,0,0,0,1,1,6,1,49,8,1896,2,11,-1,1,-1
2015521505258,1,9,0,4,0,0,0,0,0,0,2,1,6,1,20,4,1988,1,12,-1,3,-1
2015521505258,2,9,0,18,0,0,0,0,0,0,1,1,6,2,20,4,1390,1,-1,-1,1,-1
2015521505259,1,20,0,3,0,1,0,0,0,0,3,1,1,1,49,8,-1,-1,-1,-1,3,-1
2015521505259,2,21,1,17,0,8,5,0,0,0,4,1,1,1,21,5,11021,2,13,-1,1,-1
2015521505262,1,9,0,17,0,0,0,0,0,0,1,1,6,1,18,4,1396,1,15,-1,1,-1
2015521505262,2,9,0,16,0,0,0,0,0,0,1,1,6,1,27,6,1839,1,11,-1,1,-1
2015521505266,1,3,0,18,0,0,0,0,0,0,1,1,6,1,29,6,954,1,12,-1,1,-1
2015521505266,2,98,0,6,0,0,0,0,0,0,3,1,6,1,50,8,2198,2,1,-1,1,-1
2015521505270,1,9,0,18,0,0,0,0,0,0,1,1,6,1,43,7,998,1,4,-1,1,-1
2015521505272,1,9,0,18,0,0,0,0,0,0,1,1,6,1,73,10,1796,1,15,-1,1,-1
2015521505272,2,9,0,5,0,0,0,0,0,2,1,1,6,1,24,5,1390,1,4,-1,1,-1
2015521505274,1,9,0,10,0,0,0,0,0,0,2,1,6,1,59,9,2143,2,2,-1,1,-1
2015521505274,2,9,0,18,0,0,0,0,0,0,1,1,6,1,20,4,1422,2,10,-1,1,-1
2015521505279,1,9,0,18,0,0,0,0,0,0,1,1,6,1,24,5,-1,-1,-1,-1,1,-1
2015521505279,2,9,0,2,0,0,0,0,0,10,1,1,6,1,20,4,1753,2,7,-1,1,-1
2015521505286,1,9,0,18,0,8,0,0,0,0,1,1,6,1,31,6,1895,1,16,-1,1,-1
2015521505286,2,9,0,9,0,8,0,0,1,0,1,1,6,1,52,8,1995,2,2,-1,1,-1
2015521505297,1,9,0,7,0,8,0,0,0,0,3,1,6,1,37,7,999,1,3,-1,1,-1
2015521505297,2,9,0,18,0,8,0,0,0,0,1,2,6,1,29,6,1598,1,15,-1,1,-1
2015521505297,3,19,0,2,0,8,0,0,0,0,4,1,6,3,-1,-1,-1,-1,-1,-1,-1,-1
2015521505298,1,9,0,1,0,5,0,0,0,0,2,1,6,3,-1,-1,1896,2,8,-1,-1,-1
2015521505300,1,21,0,18,0,2,0,0,0,0,1,1,6,1,59,9,12740,2,-1,-1,1,-1
2015521505300,2,9,0,5,0,1,0,0,0,0,2,1,6,1,88,11,1390,1,11,-1,1,-1
2015521505314,1,9,0,5,0,8,0,0,0,0,1,1,6,1,44,7,1598,2,4,-1,1,-1
2015521505314,2,1,0,18,0,8,0,0,0,0,2,1,6,1,57,9,-1,-1,-1,-1,1,-1
2015521505318,1,9,0,9,0,6,1,0,0,0,1,1,6,3,-1,-1,1598,1,11,-1,-1,-1
2015521505318,2,9,0,18,0,1,0,0,0,0,1,1,6,1,62,9,1968,2,1,-1,1,-1
2015521505318,3,9,0,2,0,1,0,0,0,0,1,1,6,3,-1,-1,-1,-1,-1,-1,-1,-1
2015521505334,1,9,0,18,0,3,0,0,0,0,1,1,6,2,27,6,1596,1,8,-1,1,-1
2015521505334,2,9,0,11,0,3,0,0,0,0,4,1,6,1,47,8,2720,2,10,-1,3,-1
2015521505349,1,9,0,18,0,0,0,0,0,0,1,1,6,1,57,9,-1,-1,-1,-1,1,-1
2015521505349,2,9,0,4,0,0,0,0,0,0,2,1,6,1,18,4,1686,2,8,-1,1,-1
2015521505349,3,9,0,4,0,0,0,0,0,0,2,1,6,1,51,8,-1,-1,-1,-1,1,-1
2015521505355,1,9,0,17,0,1,0,0,0,0,1,1,6,1,53,8,2967,2,11,-1,1,-1
2015521505355,2,9,0,16,0,1,0,0,0,0,1,1,6,2,28,6,998,1,1,-1,1,-1
2015521505359,1,9,0,18,0,0,0,4,0,0,1,1,6,1,35,6,1997,2,7,-1,1,-1
2015521505359,2,9,0,2,0,0,0,4,0,0,1,1,6,3,-1,-1,1242,1,18,-1,-1,-1
2015521505359,3,9,0,2,0,0,0,4,0,0,2,1,6,3,-1,-1,1840,1,15,-1,-1,-1
2015521505360,1,9,0,18,0,0,0,0,0,0,1,1,6,2,36,7,1968,2,8,-1,1,-1
2015521505360,2,9,0,4,0,0,0,0,0,0,2,1,6,1,77,11,2179,2,3,-1,1,-1
2015521505360,3,9,0,4,0,0,0,0,0,0,2,1,6,1,50,8,1796,1,10,-1,1,-1
2015521505360,4,9,0,4,0,0,0,0,0,0,2,1,6,1,36,7,1598,1,9,-1,1,-1
2015521505364,1,9,0,18,0,8,0,0,0,0,1,1,6,1,27,6,2000,2,11,-1,1,-1
2015521505364,2,9,0,18,0,8,0,0,0,10,1,1,6,1,29,6,1956,2,4,-1,1,-1
2015521505364,3,9,0,2,0,8,0,0,0,0,1,1,6,3,-1,-1,1870,2,12,-1,-1,-1
2015521505369,1,9,0,9,0,8,0,0,0,0,1,1,6,2,26,6,1598,1,3,-1,1,-1
2015521505369,2,9,0,18,0,8,0,0,0,0,1,1,6,2,31,6,1598,1,14,-1,1,-1
2015521505375,1,9,0,18,0,3,0,0,0,0,3,1,1,1,37,7,1896,2,15,-1,1,-1
2015521505375,2,9,0,11,0,3,0,0,0,0,4,1,6,1,45,7,1149,1,14,-1,1,-1
2015521505382,1,11,0,18,0,0,0,0,0,0,1,1,6,1,68,10,-1,-1,-1,-1,1,-1
2015521505388,1,9,0,3,0,0,0,0,0,0,2,1,6,1,34,6,1248,1,6,-1,2,-1
2015521505388,2,9,0,18,0,0,0,0,0,0,1,1,6,1,-1,-1,1968,2,10,-1,1,-1
2015521505391,1,9,0,9,0,0,0,0,0,0,0,1,6,1,55,8,-1,-1,-1,-1,1,-1
2015521505391,2,1,0,18,0,0,0,0,0,0,0,1,6,1,56,9,-1,-1,-1,-1,1,-1
2015521505394,1,9,0,6,0,8,0,0,0,0,1,1,6,2,20,4,1796,1,13,-1,1,-1
2015521505394,2,9,0,18,0,8,0,0,0,0,1,1,6,1,29,6,1986,2,6,-1,1,-1
2015521505399,1,1,0,18,0,1,0,0,0,0,1,1,6,1,21,5,-1,-1,-1,-1,-1,-1
2015521505399,2,9,0,18,0,1,0,0,0,0,1,1,6,1,-1,-1,-1,-1,-1,-1,-1,-1
2015521505402,1,5,0,14,0,5,0,0,0,0,1,1,6,1,49,8,1255,1,7,-1,1,-1
2015521505402,2,9,0,3,0,5,0,0,0,0,3,1,6,2,26,6,998,1,16,-1,1,-1
2015521505402,3,9,0,3,0,5,0,0,0,0,3,1,6,1,52,8,1984,1,15,-1,1,-1
2015521505405,1,19,4,4,0,0,0,0,0,0,1,1,6,1,-1,-1,2198,2,6,-1,-1,-1
2015521505405,2,9,0,4,0,0,0,0,0,0,2,1,6,1,32,6,1560,2,1,-1,3,-1
2015521505406,1,9,0,9,0,6,0,0,0,0,3,1,6,1,58,9,2987,2,2,-1,2,-1
2015521505406,2,9,0,18,0,1,0,0,0,0,1,1,6,1,50,8,1896,2,12,-1,1,-1
2015521505408,1,9,0,7,0,8,0,0,0,0,4,1,6,1,27,6,1229,1,10,-1,1,-1
2015521505408,2,9,5,18,0,8,0,0,0,0,3,1,6,1,73,10,2179,2,1,-1,1,-1
2015521505409,1,4,0,14,0,6,0,0,0,0,1,1,6,1,54,8,249,1,21,-1,1,-1
2015521505409,2,9,0,9,0,6,0,0,0,0,3,1,6,1,-1,-1,-1,-1,-1,-1,-1,-1
2015521505411,1,9,0,18,0,1,0,0,0,0,1,1,6,1,18,4,1798,1,10,-1,1,-1
2015521505411,2,9,0,9,0,6,0,0,0,0,1,1,6,1,34,6,1590,1,23,-1,1,-1
2015521505413,1,9,0,13,0,0,0,0,0,0,4,1,6,2,23,5,-1,-1,-1,-1,3,-1
2015521505413,2,9,0,12,0,0,0,0,0,0,3,1,6,1,42,7,1753,2,11,-1,1,-1
2015521505418,1,9,0,18,0,0,5,0,1,9,1,1,6,1,28,6,1124,1,14,-1,1,-1
2015521505427,1,9,0,18,0,1,0,0,0,0,1,1,6,2,25,5,1995,2,3,-1,2,-1
2015521505427,2,9,0,3,0,1,0,0,0,0,2,1,6,1,52,8,-1,-1,-1,-1,1,-1
2015521505427,3,9,0,3,0,1,0,0,0,0,2,1,6,1,56,9,1896,2,7,-1,3,-1
2015521505431,1,9,0,18,0,8,0,0,0,0,3,1,6,2,52,8,1360,1,8,-1,3,-1
2015521505431,2,19,0,9,0,8,0,7,0,0,1,1,6,3,-1,-1,2300,2,15,-1,-1,-1
2015521505435,1,1,0,18,0,1,0,0,0,0,3,1,6,1,30,6,-1,-1,-1,-1,1,-1
2015521505435,2,9,0,18,0,1,0,0,0,0,4,1,6,3,-1,-1,-1,-1,-1,-1,-1,-1
2015521505440,1,9,0,13,0,1,0,0,0,0,3,1,6,3,-1,-1,-1,-1,-1,-1,-1,-1
2015521505440,2,1,0,18,0,1,0,0,0,0,1,1,6,1,10,2,-1,-1,-1,-1,2,-1
2015521505444,1,9,0,2,0,1,0,0,0,0,4,1,6,1,45,7,1968,2,7,-1,1,-1
2015521505444,2,9,0,18,0,1,0,0,0,0,1,1,6,1,45,7,-1,-1,-1,-1,-1,-1
2015521505453,1,9,0,18,0,8,0,0,0,0,1,1,6,2,45,7,1834,1,15,-1,1,-1
2015521505453,2,9,0,3,0,8,0,0,0,0,1,1,6,1,37,7,1994,2,12,-1,1,-1
2015521505457,1,9,0,9,0,8,0,0,0,0,3,1,6,1,78,11,1240,1,8,-1,1,-1
2015521505457,2,5,0,18,0,8,0,0,0,0,1,1,6,1,43,7,806,1,-1,-1,1,-1
2015521505458,1,9,0,18,0,1,0,0,1,11,1,1,6,2,27,6,1596,1,11,-1,1,-1
2015521505458,2,9,0,2,0,8,0,0,0,0,1,1,6,3,-1,-1,1598,1,9,-1,-1,-1
2015521505459,1,9,0,18,0,6,0,0,0,0,1,1,6,1,23,5,1560,2,10,-1,1,-1
2015521505459,2,9,0,18,0,8,0,0,0,0,4,1,6,1,29,6,1995,2,7,-1,1,-1
2015521505469,1,9,0,18,0,1,0,0,0,0,2,1,6,2,73,10,1299,1,11,-1,3,-1
2015521505469,2,9,0,18,0,2,0,0,0,0,1,1,6,1,45,7,3628,2,8,-1,-1,-1
2015521505517,1,9,0,18,0,8,0,0,0,0,1,1,6,3,-1,-1,1679,1,14,-1,-1,-1
2015521505517,2,9,0,11,0,8,0,0,0,0,1,1,6,2,45,7,1794,1,10,-1,1,-1
2015521505517,3,9,0,3,0,8,0,0,0,0,1,1,6,1,39,7,1275,1,15,-1,3,-1
2015521505517,4,9,0,3,0,8,0,0,0,0,2,1,6,2,28,6,1596,1,14,-1,1,-1
2015521505522,1,9,0,1,0,0,0,0,0,0,4,1,6,1,41,7,1991,2,7,-1,1,-1
2015521505522,2,1,0,18,0,0,0,0,0,0,1,1,6,1,43,7,-1,-1,-1,-1,1,-1
2015521505524,1,9,0,9,0,8,0,0,0,0,1,1,6,1,25,5,1560,2,7,-1,1,-1
2015521505524,2,3,0,18,0,8,0,0,0,0,1,1,6,1,22,5,124,1,6,-1,1,-1
2015521505526,1,9,0,18,0,1,0,0,0,0,2,1,6,1,62,9,1896,2,7,-1,3,-1
2015521505526,2,9,0,18,0,1,0,0,0,0,1,1,6,1,53,8,2362,1,10,-1,1,-1
2015521505528,1,9,0,3,0,4,0,0,0,0,0,1,6,1,32,6,-1,-1,-1,-1,1,-1
2015521505528,2,9,0,5,0,4,0,0,0,0,1,1,6,3,-1,-1,-1,-1,-1,-1,-1,-1
2015521505532,1,9,0,16,0,0,0,0,0,0,3,1,6,2,24,5,1900,2,17,-1,1,-1
2015521505532,2,9,0,17,0,0,0,0,0,0,3,1,6,2,43,7,1499,2,1,-1,3,-1
2015521505540,1,9,0,18,0,8,5,0,0,0,1,1,6,2,34,6,999,1,5,-1,1,-1
2015521505540,2,9,0,2,0,8,0,0,0,0,0,1,6,3,-1,-1,1781,1,15,-1,-1,-1
2015521505542,1,9,0,18,0,0,0,0,0,0,1,1,6,1,24,5,1968,2,1,-1,1,-1
2015521505542,2,9,0,18,0,0,0,0,0,0,2,1,6,1,40,7,-1,-1,-1,-1,1,-1
2015521505544,1,9,0,18,0,8,0,0,0,0,1,1,6,2,87,11,998,1,13,-1,1,-1
2015521505544,2,9,0,3,0,1,0,0,0,0,2,1,6,1,45,7,1995,2,5,-1,1,-1
2015521505546,1,9,0,16,0,1,0,0,0,0,4,1,6,2,40,7,1198,1,6,-1,1,-1
2015521505546,2,9,0,10,0,1,0,0,0,0,2,1,6,1,32,6,1997,1,12,-1,1,-1
2015521505552,1,9,0,9,0,8,0,0,0,0,1,1,6,1,28,6,-1,-1,-1,-1,1,-1
2015521505552,2,9,0,18,0,8,0,0,0,0,1,1,6,2,44,7,-1,-1,-1,-1,1,-1
2015521505554,1,11,0,18,0,0,0,0,1,4,1,1,1,2,39,7,5861,2,13,-1,3,-1
2015521505556,1,9,0,2,0,0,0,0,0,0,2,1,6,1,49,8,-1,-1,-1,-1,1,-1
2015521505556,2,9,0,18,0,0,0,0,0,0,1,1,6,1,48,8,1968,2,5,-1,1,-1
2015521505564,1,9,0,1,0,0,0,0,0,0,1,1,6,2,31,6,-1,-1,-1,-1,2,-1
2015521505564,2,21,1,18,0,0,0,0,0,0,3,1,1,1,66,10,10837,2,2,-1,1,-1
2015521505569,1,9,0,3,0,4,0,0,0,0,1,1,6,1,39,7,1299,1,7,-1,1,-1
2015521505569,2,5,0,18,0,4,0,0,0,0,2,1,6,1,38,7,898,1,1,-1,2,-1
2015521505570,1,9,0,3,0,2,0,0,0,0,2,1,6,1,24,5,1360,1,15,-1,1,-1
2015521505570,2,9,0,3,0,2,0,0,0,0,1,1,6,2,26,6,1360,1,8,-1,1,-1
2015521505572,1,9,0,18,0,0,0,0,0,0,1,1,6,1,41,7,1997,2,11,-1,1,-1
2015521505572,2,9,0,3,0,0,0,0,0,0,2,1,6,1,61,9,1590,1,12,-1,3,-1
2015521505572,3,9,0,3,0,0,0,0,0,0,2,1,6,1,33,6,1796,1,10,-1,1,-1
2015521505572,4,9,0,3,0,0,0,0,0,0,2,1,6,1,28,6,1398,2,4,-1,1,-1
2015521505576,1,9,0,16,0,0,0,0,1,1,4,1,6,1,22,5,1390,1,14,-1,3,-1
2015521505577,1,1,0,18,0,1,0,0,0,0,0,1,6,1,40,7,-1,-1,-1,-1,1,-1
2015521505577,2,9,0,9,0,5,0,0,0,0,0,1,6,3,-1,-1,1391,1,19,-1,-1,-1
2015521505578,1,9,0,16,0,0,0,0,0,0,1,1,6,1,45,7,1997,2,9,-1,1,-1
2015521505578,2,5,0,17,0,0,0,0,0,0,1,1,6,1,31,6,599,1,14,-1,1,-1
2015521505581,1,9,0,3,0,1,0,0,0,0,2,1,6,1,33,6,1686,2,3,-1,1,-1
2015521505581,2,9,0,4,0,8,0,0,0,0,1,1,6,2,36,7,1149,1,14,-1,1,-1
2015521505583,1,9,0,10,0,0,0,0,0,0,0,1,6,2,28,6,1299,1,7,-1,1,-1
2015521505583,2,9,0,18,0,0,0,0,5,0,1,1,6,1,22,5,998,1,3,-1,1,-1
2015521505587,1,9,0,18,0,1,0,0,0,0,1,1,6,2,59,9,2300,1,33,-1,1,-1
2015521505589,1,9,0,3,0,2,0,0,0,0,2,1,6,1,52,8,1599,1,11,-1,1,-1
2015521505589,2,9,0,7,0,8,0,0,0,0,1,1,6,1,46,8,2198,2,-1,-1,1,-1
2015521505598,1,9,0,18,0,1,0,0,0,0,1,1,6,1,41,7,-1,-1,-1,-1,1,-1
2015521505602,1,1,0,18,0,1,0,0,0,0,1,1,6,1,36,7,-1,-1,-1,-1,1,-1
2015521505602,2,9,0,18,0,6,0,0,0,0,1,1,6,3,-1,-1,-1,-1,-1,-1,-1,-1
2015521505609,1,9,0,3,0,0,0,0,0,0,2,1,6,2,44,7,1598,1,2,-1,3,-1
2015521505609,2,9,0,4,0,0,0,2,0,0,1,1,6,1,35,6,-1,-1,-1,-1,-1,-1
2015521505617,1,9,0,18,0,1,0,0,0,0,1,1,6,1,45,7,-1,-1,-1,-1,1,-1
2015521505623,1,21,1,18,0,0,0,0,1,7,1,1,6,1,65,9,4580,2,5,-1,1,-1
2015521505623,2,21,1,18,0,0,0,0,0,0,2,1,6,1,19,4,12740,2,4,-1,3,-1
2015521505624,1,9,0,18,0,1,0,0,0,0,1,1,6,2,20,4,1422,2,7,-1,1,-1
2015521505628,1,19,0,9,0,6,0,0,0,0,1,1,1,1,63,9,-1,-1,-1,-1,1,-1
2015521505629,1,9,0,9,0,8,0,0,0,0,1,1,6,1,26,6,1560,2,4,-1,1,-1
2015521505629,2,1,0,18,0,8,0,0,0,0,1,1,6,1,29,6,-1,-1,-1,-1,1,-1
2015521505631,1,9,0,7,0,5,0,0,0,0,4,1,6,1,53,8,1998,2,9,-1,1,-1
2015521505631,2,1,0,18,0,8,0,0,0,0,3,1,6,1,48,8,-1,-1,-1,-1,1,-1
2015521505635,1,9,0,13,0,0,0,0,0,0,1,1,6,1,26,6,1587,1,14,-1,2,-1
2015521505635,2,9,0,18,0,0,0,0,0,0,1,1,6,1,61,9,1995,2,5,-1,3,-1
2015521505635,3,20,1,18,0,0,0,0,0,0,2,1,6,1,47,8,12777,2,7,-1,1,-1
2015521505636,1,19,0,12,0,0,0,0,0,0,0,1,6,3,-1,-1,-1,-1,-1,-1,-1,-1
2015521505636,2,5,0,18,0,0,0,4,0,0,1,1,6,1,34,6,749,1,16,-1,1,-1
2015521505636,3,9,0,2,0,0,0,0,0,0,2,1,6,3,-1,-1,-1,-1,-1,-1,-1,-1
2015521505640,1,1,0,18,0,2,0,0,0,0,1,1,6,1,29,6,-1,-1,-1,-1,-1,-1
2015521505640,2,2,0,18,0,1,0,0,0,0,1,1,6,3,-1,-1,-1,-1,-1,-1,-1,-1
2015521505650,1,9,0,18,0,1,0,0,0,0,0,1,6,1,-1,-1,1753,2,4,-1,-1,-1
2015521505650,2,4,0,18,0,1,0,0,1,10,2,1,6,1,31,6,125,1,-1,-1,1,-1
2015521505650,3,9,0,18,0,1,0,0,0,0,1,1,6,2,27,6,1390,1,6,-1,1,-1
2015521505654,1,8,0,18,0,0,0,0,0,0,3,1,6,1,54,8,2664,2,15,-1,1,-1
2015521505654,2,11,0,18,0,0,0,0,0,0,3,1,6,1,52,8,-1,-1,-1,-1,1,-1
2015521505657,1,9,0,10,0,0,0,0,0,0,2,1,6,2,61,9,-1,-1,-1,-1,1,-1
2015521505657,2,9,0,16,0,0,0,0,0,0,1,1,6,2,62,9,1587,1,11,-1,1,-1
2015521505660,1,90,0,3,0,1,0,0,0,0,1,1,6,1,43,7,-1,-1,-1,-1,1,-1
2015521505660,2,9,0,18,0,8,0,0,0,0,1,1,6,3,-1,-1,-1,-1,-1,-1,-1,-1
2015521505663,1,9,0,10,0,6,0,0,0,0,3,1,6,1,84,11,1896,2,12,-1,1,-1
2015521505663,2,9,0,18,0,1,0,0,1,1,4,1,6,2,26,6,1896,2,7,-1,1,-1
2015521505677,1,9,0,7,0,1,0,0,0,0,4,1,6,2,53,8,-1,-1,-1,-1,1,-1
2015521505705,1,9,0,9,9,6,0,0,0,0,0,1,6,1,62,9,-1,-1,-1,-1,1,-1
2015521505705,2,3,0,18,0,2,0,0,0,0,1,1,6,1,43,7,-1,-1,-1,-1,1,-1
2015521505710,1,9,0,13,0,8,0,0,0,0,1,1,6,2,19,4,1390,1,11,-1,3,-1
2015521505710,2,9,0,18,0,8,0,0,0,0,1,1,6,2,44,7,1199,1,12,-1,3,-1
2015521505710,3,9,0,4,0,1,0,0,0,0,1,1,6,2,48,8,1686,2,10,-1,3,-1
2015521505712,1,9,0,18,0,1,0,0,0,0,1,1,6,2,34,6,1598,1,13,-1,1,-1
2015521505712,2,9,0,4,0,1,0,0,0,0,2,1,6,2,27,6,1299,1,8,-1,1,-1
2015521505712,3,9,0,4,0,1,0,0,0,0,2,1,6,1,66,10,2143,2,2,-1,1,-1
2015521505714,1,1,0,18,0,4,0,0,0,0,1,1,6,1,29,6,-1,-1,-1,-1,1,-1
2015521505714,2,9,0,9,0,4,0,0,0,0,1,1,6,1,47,8,1995,2,2,-1,1,-1
2015521505718,1,9,0,9,0,0,0,0,0,0,1,1,6,1,20,4,1900,2,16,-1,1,-1
2015521505718,2,1,0,18,0,0,0,0,0,0,1,1,6,1,20,4,-1,-1,-1,-1,1,-1
2015521505719,1,9,0,18,0,1,0,0,0,0,1,1,6,1,24,5,1995,2,12,-1,1,-1
2015521505719,2,9,0,9,0,6,0,0,0,0,1,1,6,1,57,9,2499,2,13,-1,1,-1
2015521505722,1,9,0,5,0,8,0,0,0,0,1,1,6,1,37,7,1597,1,12,-1,1,-1
2015521505722,2,9,0,18,0,8,0,0,0,0,1,1,6,1,48,8,-1,-1,-1,-1,1,-1
2015521505724,1,9,0,3,0,1,0,0,0,0,3,1,6,2,38,7,1149,1,17,-1,1,-1
2015521505724,2,9,0,3,0,1,0,0,0,0,3,1,6,1,30,6,-1,-1,-1,-1,-1,-1
2015521505725,1,2,0,18,0,1,0,0,0,0,1,1,6,1,15,3,50,1,9,-1,1,-1
2015521505725,2,9,0,2,0,2,0,0,0,0,1,1,6,3,-1,-1,1794,1,10,-1,-1,-1
2015521505726,1,9,0,6,0,8,0,0,0,0,3,1,6,1,21,5,-1,-1,-1,-1,1,-1