Accident_Index,Vehicle_Reference,Vehicle_Type,Towing_and_Articulation,Vehicle_Manoeuvre,Vehicle_Location-Restricted_Lane,Junction_Location,Skidding_and_Overturning,Hit_Object_in_Carriageway,Vehicle_Leaving_Carriageway,Hit_Object_off_Carriageway,1st_Point_of_Impact,Was_Vehicle_Left_Hand_Drive?,Journey_Purpose_of_Driver,Sex_of_Driver,Age_of_Driver,Age_Band_of_Driver,Engine_Capacity_(CC),Propulsion_Code,Age_of_Vehicle,Driver_IMD_Decile,Driver_Home_Area_Type,Vehicle_IMD_Decile
2015521505726,2,1,0,18,0,8,0,0,0,0,1,1,6,1,52,8,-1,-1,-1,-1,1,-1
2015521505727,1,1,0,18,0,8,0,0,0,0,1,1,6,2,52,8,-1,-1,-1,-1,1,-1
2015521505727,2,9,0,18,0,8,0,0,0,0,3,1,6,1,45,7,-1,-1,-1,-1,1,-1
2015521505729,1,21,1,7,0,8,0,0,0,0,4,1,6,1,59,9,7146,2,7,-1,-1,-1
2015521505729,2,5,0,18,0,8,0,0,0,0,3,1,6,1,62,9,-1,-1,-1,-1,1,-1
2015521505736,1,9,0,3,0,8,0,0,0,0,0,1,6,1,27,6,2993,2,8,-1,-1,-1
2015521505736,2,9,0,5,0,8,0,0,0,0,1,1,6,1,23,5,1248,2,6,-1,1,-1
2015521505737,1,9,0,4,0,1,0,0,0,0,2,1,6,1,45,7,1968,2,3,-1,3,-1
2015521505737,2,9,0,4,0,1,0,0,0,0,2,1,6,2,38,7,1560,2,2,-1,1,-1
2015521505737,3,9,0,4,0,1,0,0,0,0,1,1,6,2,38,7,1242,1,19,-1,1,-1
2015521505743,1,9,0,18,0,8,0,0,0,0,1,1,6,1,86,11,998,1,4,-1,1,-1
2015521505743,2,9,0,18,0,4,0,0,1,1,3,1,6,1,51,8,1124,1,11,-1,2,-1
2015521505744,1,1,0,18,0,1,0,0,0,0,1,1,6,1,26,6,-1,-1,-1,-1,1,-1
2015521505744,2,9,0,7,0,5,0,0,0,0,1,1,6,1,31,6,-1,-1,-1,-1,1,-1
2015521505745,1,9,0,16,0,0,0,0,0,0,1,1,6,1,23,5,1998,2,9,-1,1,-1
2015521505745,2,9,0,17,0,0,1,0,1,4,1,1,6,2,29,6,1400,1,10,-1,1,-1
2015521505747,1,9,0,4,0,0,0,0,0,0,1,1,6,1,39,7,-1,-1,-1,-1,1,-1
2015521505747,2,9,0,4,0,0,0,0,0,0,2,1,6,2,51,8,1591,1,7,-1,1,-1
2015521505750,1,9,0,7,0,6,0,0,0,0,3,1,6,2,32,6,1996,1,14,-1,1,-1
2015521505750,2,9,0,18,0,8,0,0,0,0,1,1,6,2,54,8,1200,1,1,-1,2,-1
2015521505755,1,9,0,9,0,8,0,0,0,0,1,1,6,1,44,7,1956,2,-1,-1,1,-1
2015521505755,2,4,0,18,0,8,0,0,0,0,4,1,6,2,48,8,200,1,1,-1,1,-1
2015521505757,1,9,0,16,0,8,0,0,0,0,1,1,6,1,17,4,1299,1,16,-1,1,-1
2015521505758,1,5,0,18,0,8,0,0,0,0,1,1,6,1,43,7,1000,1,16,-1,1,-1
2015521505758,2,9,0,9,0,8,0,0,0,0,1,1,6,2,35,6,1598,1,10,-1,1,-1
2015521505759,1,9,0,4,0,1,0,0,0,0,2,1,6,2,36,7,1390,1,6,-1,1,-1
2015521505759,2,9,0,4,0,1,0,0,0,0,1,1,6,1,34,6,2000,2,11,-1,1,-1
2015521505760,1,9,0,7,0,8,0,0,0,0,3,1,6,1,41,7,2497,2,11,-1,1,-1
2015521505760,2,2,0,15,0,8,0,0,0,0,1,1,6,1,22,5,49,1,13,-1,1,-1
2015521505763,1,9,0,18,0,0,0,0,0,0,1,1,6,2,43,7,2766,2,10,-1,1,-1
2015521505763,2,9,0,18,0,0,0,0,0,0,2,1,6,1,35,6,-1,-1,-1,-1,1,-1
2015521505763,3,9,0,18,0,0,0,0,0,0,2,1,6,2,43,7,1598,1,12,-1,1,-1
2015521505769,1,19,0,4,0,1,0,0,0,0,4,1,1,1,27,6,1598,2,-1,-1,1,-1
2015521505769,2,1,0,15,0,1,0,0,0,0,3,1,6,1,30,6,-1,-1,-1,-1,1,-1
2015521505771,1,9,0,9,0,5,0,0,0,0,1,1,6,1,55,8,1596,1,4,-1,1,-1
2015521505771,2,9,0,18,0,8,0,0,0,0,1,1,6,1,18,4,1242,1,8,-1,1,-1
2015521505773,1,9,3,17,0,0,0,0,0,0,2,1,6,1,70,10,1896,2,12,-1,1,-1
2015521505773,2,1,0,16,0,0,0,0,0,0,1,1,6,2,44,7,-1,-1,-1,-1,1,-1
2015521505783,1,3,0,18,0,1,0,0,0,0,4,1,1,1,26,6,125,1,-1,-1,1,-1
2015521505783,2,9,0,12,0,1,0,0,0,0,3,1,6,2,45,7,1398,1,-1,-1,-1,-1
2015521505784,1,9,0,18,0,4,0,0,0,0,1,1,6,1,52,8,-1,-1,-1,-1,-1,-1
2015521505785,1,9,0,18,0,8,0,0,0,0,1,1,6,1,37,7,1956,2,5,-1,1,-1
2015521505785,2,9,0,4,0,8,0,0,0,0,2,1,6,2,46,8,1997,2,14,-1,1,-1
2015521505792,1,1,0,18,0,8,0,0,0,0,4,1,2,1,54,8,-1,-1,-1,-1,1,-1
2015521505792,2,9,0,7,0,6,0,0,0,0,1,1,6,1,50,8,1364,1,1,-1,-1,-1
2015521505793,1,9,0,9,0,5,0,0,0,0,4,1,6,2,63,9,1229,1,2,-1,1,-1
2015521505793,2,4,0,18,0,8,0,0,0,0,3,1,6,1,29,6,250,1,18,-1,1,-1
2015521505796,1,9,0,4,0,0,0,0,0,0,1,1,6,1,23,5,-1,-1,-1,-1,3,-1
2015521505796,2,9,0,4,0,0,0,0,0,0,2,1,6,2,35,6,1396,2,3,-1,2,-1
2015521505796,3,9,0,4,0,0,0,0,0,0,2,1,6,1,33,6,1999,1,9,-1,1,-1
2015521505796,4,9,0,4,0,0,0,0,0,0,2,1,6,2,34,6,1198,1,2,-1,2,-1
2015521505798,1,19,0,4,0,1,0,0,0,0,1,1,6,1,27,6,4580,2,5,-1,1,-1
2015521505798,2,9,0,10,0,5,0,0,0,0,2,1,6,1,45,7,1149,1,12,-1,3,-1
2015521505799,1,9,0,18,0,8,0,0,0,0,1,1,2,2,26,6,1390,1,11,-1,1,-1
2015521505800,1,9,0,18,0,0,0,0,0,0,4,1,6,2,27,6,1598,1,13,-1,1,-1
2015521505800,2,9,0,2,0,0,0,0,1,10,3,1,6,3,-1,-1,1598,1,10,-1,-1,-1
2015521505801,1,9,0,16,0,0,0,0,0,0,1,1,6,1,57,9,1997,2,12,-1,1,-1
2015521505801,2,9,0,17,0,0,0,0,0,0,4,1,6,1,26,6,1997,2,15,-1,2,-1
2015521505809,1,22,0,18,9,0,0,0,0,0,1,1,6,1,-1,-1,-1,-1,-1,-1,-1,-1
2015521505811,1,1,0,18,0,8,0,0,0,0,0,1,6,1,30,6,-1,-1,-1,-1,1,-1
2015521505811,2,9,0,10,0,6,0,0,0,0,4,1,6,1,40,7,-1,-1,-1,-1,1,-1
2015521505814,1,9,0,7,0,5,0,0,0,0,4,1,6,1,27,6,1968,2,7,-1,1,-1
2015521505814,2,5,0,18,2,1,0,0,0,0,3,1,6,1,66,10,1063,1,17,-1,1,-1
2015521505817,1,9,0,17,0,0,5,0,7,4,1,1,6,2,19,4,1360,1,11,-1,1,-1
2015521505819,1,1,0,14,0,1,0,0,0,0,0,1,6,1,45,7,-1,-1,-1,-1,1,-1
2015521505819,2,19,0,2,0,1,0,0,0,0,0,1,6,1,40,7,-1,-1,-1,-1,-1,-1
2015521505823,1,9,0,4,0,1,0,0,0,0,2,1,6,2,54,8,1968,2,9,-1,1,-1
2015521505823,2,9,0,4,0,1,5,0,0,0,1,1,6,2,50,8,1329,1,3,-1,1,-1
2015521505828,1,9,0,9,0,8,0,0,0,0,1,1,6,1,36,7,1242,1,3,-1,1,-1
2015521505828,2,1,0,18,0,8,0,0,0,0,3,1,6,1,59,9,-1,-1,-1,-1,1,-1
2015521505834,1,9,0,18,0,0,0,0,0,0,1,1,6,1,59,9,1896,2,13,-1,1,-1
2015521505834,2,9,0,4,0,0,0,0,0,0,2,1,6,1,53,8,-1,-1,-1,-1,1,-1
2015521505834,3,9,0,4,0,0,0,0,0,0,2,1,6,1,70,10,1968,2,4,-1,2,-1
2015521505836,1,3,0,18,0,8,0,0,0,0,1,1,6,1,27,6,124,1,-1,-1,1,-1
2015521505836,2,9,0,9,0,8,0,0,0,0,1,1,6,1,67,10,1870,2,6,-1,3,-1
2015521505838,1,9,0,18,0,8,0,0,0,0,4,1,6,3,-1,-1,-1,-1,-1,-1,-1,-1
2015521505838,2,1,0,9,0,8,0,0,0,0,1,1,6,2,25,5,-1,-1,-1,-1,1,-1
2015521505839,1,9,0,18,0,0,0,0,0,0,1,1,6,1,42,7,1598,1,13,-1,1,-1
2015521505840,1,9,0,18,0,7,0,0,0,0,1,1,6,1,18,4,2231,2,7,-1,1,-1
2015521505846,1,9,0,18,0,0,0,0,0,0,1,1,6,1,38,7,1242,1,7,-1,1,-1
2015521505846,2,9,0,18,0,0,0,0,0,0,2,1,6,2,23,5,1200,1,1,-1,1,-1
2015521505846,3,9,0,18,0,0,0,0,0,0,1,1,6,3,-1,-1,-1,-1,-1,-1,-1,-1
2015521505851,1,9,0,16,0,0,0,0,0,0,1,1,6,1,44,7,1598,1,13,-1,1,-1
2015521505851,2,9,0,17,0,0,0,0,0,0,1,1,6,1,70,10,1398,2,6,-1,2,-1
2015521505852,1,9,0,18,0,0,0,0,0,0,3,1,6,2,64,9,-1,-1,-1,-1,1,-1
2015521505852,2,9,0,13,0,0,0,0,0,0,4,1,6,1,24,5,-1,-1,-1,-1,1,-1
2015521505853,1,9,0,13,0,0,0,0,1,0,4,1,6,2,67,10,1242,1,5,-1,1,-1
2015521505853,2,1,0,18,0,0,0,0,0,0,3,1,6,2,46,8,-1,-1,-1,-1,3,-1
2015521505858,1,9,0,18,0,0,0,0,0,0,4,1,6,1,29,6,-1,-1,-1,-1,1,-1
2015521505862,1,9,0,7,0,8,0,0,0,0,3,1,6,2,17,4,998,1,2,-1,1,-1
2015521505862,2,1,0,9,0,8,0,0,0,0,1,1,6,1,58,9,-1,-1,-1,-1,3,-1
2015521505870,1,9,0,18,0,8,0,0,0,0,3,1,6,1,22,5,1598,1,8,-1,1,-1
2015521505870,2,9,0,17,0,8,0,0,0,0,1,1,6,3,17,4,-1,-1,-1,-1,-1,-1
2015521505891,1,1,0,9,0,2,0,0,0,0,3,1,6,1,60,9,-1,-1,-1,-1,1,-1
2015521505891,2,9,0,7,0,2,0,0,0,0,4,1,6,1,35,6,1582,2,-1,-1,-1,-1
2015521505895,1,9,0,18,0,0,0,0,0,0,4,1,6,1,-1,-1,1587,1,13,-1,1,-1
2015521505895,2,9,0,18,0,0,0,0,0,0,3,1,6,1,24,5,-1,-1,-1,-1,1,-1
2015521505895,3,9,0,18,0,0,0,0,0,0,0,1,6,1,-1,-1,1399,2,5,-1,-1,-1
2015521505909,1,9,0,9,0,1,0,0,0,0,4,1,6,2,37,7,1596,1,-1,-1,-1,-1
2015521505909,2,21,0,18,0,1,0,0,0,0,1,1,6,1,46,8,12900,2,3,-1,1,-1
2015521505909,3,9,0,3,0,2,0,0,0,0,1,1,6,2,-1,-1,1910,2,7,-1,1,-1
2015521505915,1,20,0,18,0,8,0,0,0,0,1,1,6,1,47,8,4250,2,14,-1,1,-1
2015521505915,2,9,0,9,0,8,0,0,0,0,4,1,6,2,35,6,998,1,9,-1,1,-1
2015521505916,1,9,0,12,0,7,0,0,1,0,3,1,6,2,71,10,2685,2,10,-1,1,-1
2015521505916,2,9,0,18,0,8,0,0,0,0,4,1,6,1,53,8,-1,-1,-1,-1,3,-1
2015521505918,1,21,1,18,0,0,0,0,0,0,3,1,6,1,56,9,11946,2,8,-1,1,-1
2015521505918,2,9,3,13,0,0,3,0,0,0,4,1,6,2,54,8,1998,1,6,-1,1,-1
2015521505919,1,9,0,18,0,0,0,0,0,0,1,1,6,1,19,4,1398,2,5,-1,3,-1
2015521505919,2,9,0,18,0,0,0,0,0,0,2,1,6,1,-1,-1,2493,8,2,-1,1,-1
2015521505919,3,9,0,18,0,0,0,0,0,0,2,1,6,1,25,5,1560,2,5,-1,2,-1
2015521505922,1,1,0,18,0,0,0,0,0,0,1,1,6,1,17,4,-1,-1,-1,-1,1,-1
2015521505922,2,9,0,18,0,0,0,0,0,0,1,1,6,2,31,6,1968,2,7,-1,1,-1
2015521505924,1,9,0,18,0,0,0,4,0,0,1,1,6,2,25,5,1968,2,6,-1,2,-1
2015521505924,2,9,0,2,0,0,0,0,0,10,2,1,6,1,19,4,1124,1,8,-1,2,-1
2015521505925,1,9,0,18,0,0,0,0,0,0,1,1,6,2,43,7,1560,2,5,-1,1,-1
2015521505925,2,20,0,18,0,0,0,0,0,0,2,1,6,1,61,9,-1,-1,-1,-1,1,-1
2015521505926,1,9,0,18,0,1,0,0,0,0,1,1,6,1,54,8,1995,2,10,-1,1,-1
2015521505928,1,9,0,18,0,0,0,0,0,0,3,1,6,1,34,6,1685,2,-1,-1,1,-1
2015521505928,2,9,0,18,0,0,0,0,0,0,4,1,6,1,47,8,1995,2,2,-1,1,-1
2015521505929,1,9,0,9,0,8,0,0,0,0,1,1,6,1,50,8,-1,-1,-1,-1,1,-1
2015521505929,2,9,0,18,0,8,0,0,0,0,3,1,6,2,55,8,1598,1,11,-1,1,-1
2015521505933,1,19,0,1,0,0,0,0,1,0,3,1,6,1,42,7,2689,2,13,-1,1,-1
2015521505933,2,5,0,18,0,0,0,0,0,0,1,1,6,1,57,9,-1,-1,-1,-1,1,-1
2015521505943,1,9,0,18,0,1,0,0,0,0,0,1,6,2,25,5,1389,1,12,-1,1,-1
2015521505943,2,9,0,13,0,1,5,0,7,10,1,1,6,2,19,4,2198,2,1,-1,1,-1
2015521505943,3,9,0,18,0,1,0,0,0,0,0,1,6,2,46,8,1229,1,2,-1,1,-1
2015521505953,1,9,0,18,0,1,0,0,0,0,0,1,6,1,35,6,1360,1,14,-1,1,-1
2015521505953,2,2,0,18,0,1,0,0,0,0,1,1,6,1,40,7,124,1,6,-1,1,-1
2015521505959,1,5,0,18,0,0,1,0,0,0,1,1,6,1,43,7,2294,1,5,-1,3,-1
2015521505959,2,9,0,6,0,0,0,0,0,0,3,1,6,2,20,4,1598,1,10,-1,-1,-1
2015521505961,1,11,0,18,2,0,0,0,0,0,4,1,6,1,32,6,11000,2,11,-1,1,-1
2015521505961,2,1,0,18,2,0,0,0,0,0,1,1,6,2,20,4,-1,-1,-1,-1,1,-1
2015521505968,1,9,0,18,0,1,0,0,1,1,4,1,6,1,18,4,998,1,2,-1,1,-1
2015521505974,1,1,0,18,0,1,0,0,0,0,1,1,6,1,42,7,-1,-1,-1,-1,1,-1
2015521505974,2,9,0,3,0,1,0,0,0,0,2,1,6,1,-1,-1,1800,1,16,-1,-1,-1
2015521505978,1,3,0,18,0,2,0,0,0,0,2,1,1,1,32,6,124,1,6,-1,1,-1
2015521505978,2,9,0,18,0,2,0,0,0,0,1,1,6,2,40,7,1998,1,11,-1,-1,-1
2015521505982,1,9,0,18,0,0,0,0,0,0,1,1,6,1,22,5,-1,-1,-1,-1,1,-1
2015521505987,1,3,0,18,0,1,0,0,0,0,1,1,6,1,44,7,101,1,8,-1,2,-1
2015521505987,2,9,0,18,0,1,0,0,0,0,0,1,6,3,-1,-1,-1,-1,-1,-1,-1,-1
2015521505987,3,9,5,3,0,1,0,0,0,0,2,1,6,2,39,7,1686,2,2,-1,1,-1
2015521505988,1,9,0,18,0,8,0,0,0,0,1,1,6,1,33,6,1968,2,8,-1,1,-1
2015521505988,2,1,0,18,0,8,0,0,0,0,1,1,6,1,19,4,-1,-1,-1,-1,1,-1
2015521505990,1,9,0,18,0,8,0,0,0,0,1,1,6,2,58,9,1968,2,1,-1,1,-1
2015521505990,2,9,0,9,0,8,0,0,0,0,1,1,6,1,59,9,-1,-1,-1,-1,3,-1
2015521505996,1,9,0,18,0,2,0,7,0,0,1,1,6,1,56,9,998,1,15,-1,1,-1
2015521505996,2,9,0,18,0,1,0,0,0,0,3,1,6,1,65,9,2497,2,17,-1,3,-1
2015521505998,1,1,0,18,0,3,0,0,0,0,1,1,6,1,27,6,-1,-1,-1,-1,2,-1
2015521505998,2,9,0,18,0,4,0,0,0,0,4,1,6,2,54,8,1991,2,8,-1,1,-1
2015521506004,1,9,0,18,0,8,0,0,0,0,3,1,2,2,19,4,1149,1,12,-1,1,-1
2015521506004,2,1,0,18,0,5,0,0,0,0,1,1,2,2,29,6,-1,-1,-1,-1,1,-1
2015521506006,1,1,0,18,0,1,0,0,0,0,4,1,6,1,47,8,-1,-1,-1,-1,1,-1
2015521506006,2,9,0,2,0,1,0,0,0,0,3,1,6,1,55,8,1700,2,17,-1,-1,-1
2015521506016,1,9,0,18,0,0,0,0,7,10,1,1,6,1,75,10,1998,1,13,-1,1,-1
2015521506018,1,9,0,1,0,1,0,0,0,0,3,1,1,1,45,7,1995,2,1,-1,1,-1
2015521506018,2,1,0,5,0,1,1,0,0,0,1,1,6,1,40,7,-1,-1,-1,-1,-1,-1
2015521506020,1,9,0,16,0,0,0,0,0,0,1,1,6,1,32,6,1390,1,17,-1,1,-1
2015521506020,2,9,0,17,0,0,0,0,0,0,1,1,6,1,49,8,2198,1,10,-1,1,-1
2015521506024,1,9,0,18,0,0,0,0,0,0,2,1,6,1,40,7,1598,1,8,-1,1,-1
2015521506024,2,9,0,18,0,0,0,0,0,0,2,1,6,2,25,5,1598,1,7,-1,1,-1
2015521506024,3,9,0,18,0,0,0,0,0,0,2,1,6,1,57,9,1995,2,3,-1,3,-1
2015521506024,4,9,0,18,0,0,0,0,0,0,2,1,6,2,24,5,1560,2,1,-1,1,-1
2015521506027,1,9,0,9,0,6,0,0,0,0,0,1,6,2,52,8,-1,-1,-1,-1,1,-1
2015521506027,2,97,0,18,0,1,0,10,0,10,4,1,6,1,25,5,805,1,19,-1,1,-1
2015521506050,1,9,0,18,0,4,0,0,0,0,2,1,6,2,32,6,1390,1,11,-1,1,-1
2015521506050,2,9,0,18,0,1,0,0,0,0,1,1,6,1,35,6,1968,2,10,-1,-1,-1
2015521506054,1,9,0,10,0,1,0,0,0,0,3,1,6,2,17,4,998,1,9,-1,1,-1
2015521506054,2,9,0,7,0,1,0,0,0,0,3,1,6,1,25,5,-1,-1,-1,-1,-1,-1
2015521506061,1,9,0,18,0,0,0,0,0,0,1,1,6,3,-1,-1,-1,-1,-1,-1,-1,-1
2015521506062,1,9,0,9,0,8,0,0,0,0,1,1,6,1,62,9,1998,2,8,-1,1,-1
2015521506062,2,1,0,18,0,8,0,0,0,0,1,1,6,1,35,6,-1,-1,-1,-1,-1,-1
2015521506064,1,5,0,9,0,0,0,0,0,0,1,1,6,1,55,8,-1,-1,-1,-1,1,-1
2015521506064,2,1,0,18,0,0,0,0,0,0,1,1,6,1,23,5,-1,-1,-1,-1,1,-1
2015521506066,1,9,0,1,0,0,0,0,0,0,2,1,6,1,35,6,-1,-1,-1,-1,1,-1
2015521506069,1,9,0,9,0,4,0,0,0,0,1,1,6,1,21,5,-1,-1,-1,-1,1,-1
2015521506069,2,1,0,7,0,3,0,0,0,0,1,1,6,1,23,5,-1,-1,-1,-1,1,-1
2015521506074,1,9,0,18,0,1,0,0,0,0,4,1,6,1,57,9,1796,1,7,-1,2,-1
2015521506074,2,9,0,7,0,6,0,0,0,0,1,1,6,1,35,6,1199,2,3,-1,1,-1
2015521506078,1,9,0,9,0,5,0,0,0,0,3,1,6,1,57,9,1399,2,6,-1,3,-1
2015521506078,2,9,0,18,0,1,0,0,0,0,1,1,6,2,75,10,1596,1,11,-1,1,-1
2015521506078,3,9,0,18,0,1,0,0,0,0,1,1,6,1,25,5,1998,1,12,-1,1,-1
2015521506079,1,8,0,5,0,8,0,0,0,0,2,1,6,1,40,7,1956,2,6,-1,-1,-1
2015521506079,2,9,0,4,0,8,0,4,0,0,1,1,6,2,30,6,1794,1,15,-1,-1,-1
2015521506080,1,9,0,18,0,0,0,0,0,0,1,1,6,3,-1,-1,-1,-1,-1,-1,-1,-1
2015521506089,1,9,0,18,0,0,0,0,7,7,1,1,6,1,23,5,1349,1,6,-1,1,-1
2015521506099,1,1,0,18,0,0,0,8,0,0,1,1,6,1,24,5,-1,-1,-1,-1,1,-1
2015521506099,2,9,0,3,0,0,0,0,0,0,0,1,6,2,35,6,1497,1,12,-1,-1,-1
2015521506106,1,9,0,18,0,1,0,0,0,0,4,1,6,1,18,4,1124,1,14,-1,1,-1
2015521506106,2,9,0,2,0,2,0,0,0,0,3,1,6,1,23,5,-1,-1,-1,-1,1,-1
2015521506109,1,9,0,18,0,4,0,0,0,0,4,1,6,2,35,6,2497,2,13,-1,1,-1
2015521506109,2,9,0,18,0,4,0,0,0,0,3,1,6,1,42,7,1598,1,9,-1,1,-1
2015521506115,1,9,0,5,0,0,0,0,0,0,3,1,6,1,28,6,2497,2,11,-1,1,-1
2015521506115,2,1,0,18,9,0,0,0,0,0,0,1,6,2,25,5,-1,-1,-1,-1,1,-1
2015521506116,1,8,0,4,0,4,0,0,0,0,3,1,2,1,68,10,995,1,4,-1,1,-1
2015521506116,2,9,0,11,0,4,0,0,0,0,4,1,6,3,-1,-1,-1,-1,-1,-1,-1,-1
2015521506121,1,9,0,9,0,1,0,0,0,0,3,1,6,1,56,9,1329,1,-1,-1,1,-1
2015521506121,2,4,0,18,0,1,0,0,0,0,3,1,6,1,29,6,399,1,27,-1,1,-1
2015521506122,1,9,0,4,0,2,0,0,1,4,1,1,6,2,79,11,998,1,5,-1,1,-1
2015521506123,1,5,0,18,0,8,0,0,0,0,1,1,6,1,56,9,1052,1,22,-1,3,-1
2015521506123,2,9,0,3,0,1,0,0,0,0,3,1,6,1,53,8,1596,1,4,-1,1,-1
2015521506123,3,9,0,18,0,4,0,0,0,0,0,1,6,3,-1,-1,-1,-1,-1,-1,-1,-1
2015521506141,1,9,0,3,0,1,0,0,3,0,2,1,6,1,30,6,1299,1,15,-1,1,-1
2015521506141,2,9,0,5,0,1,0,0,0,0,1,1,6,3,-1,-1,-1,-1,-1,-1,-1,-1
2015521506144,1,9,0,5,0,1,0,0,0,0,1,1,6,1,38,7,1461,2,6,-1,1,-1
2015521506144,2,9,0,4,0,4,0,0,0,0,2,1,6,2,19,4,1390,1,16,-1,1,-1
2015521506147,1,9,0,18,0,0,5,0,1,7,1,1,6,1,26,6,-1,-1,-1,-1,1,-1
2015521506149,1,1,0,18,4,0,1,0,0,0,2,1,6,2,26,6,-1,-1,-1,-1,1,-1
2015521506149,2,11,0,18,0,0,0,0,0,0,4,1,1,1,50,8,-1,-1,-1,-1,-1,-1
2015521506150,1,9,0,18,0,1,0,0,0,0,1,1,6,2,73,10,1968,2,3,-1,1,-1
2015521506150,2,9,0,9,0,5,0,0,7,10,2,1,6,2,50,8,998,1,1,-1,1,-1
2015521506151,1,19,0,18,0,0,0,0,0,0,1,1,1,1,55,8,2464,2,7,-1,1,-1
2015521506151,2,9,0,18,0,0,0,0,0,0,1,1,6,1,20,4,1560,2,5,-1,1,-1
2015521506153,1,9,0,17,0,0,0,0,0,0,3,1,6,1,21,5,1299,1,14,-1,1,-1
2015521506153,2,9,0,16,0,0,0,0,0,0,3,1,6,2,37,7,1499,2,-1,-1,1,-1
2015521506155,1,9,0,18,0,0,0,0,0,0,1,1,6,2,29,6,1198,1,11,-1,1,-1
2015521506158,1,1,0,18,0,1,0,0,0,0,2,1,6,1,29,6,-1,-1,-1,-1,1,-1
2015521506158,2,9,0,6,0,1,0,0,0,0,3,1,6,1,22,5,1998,1,11,-1,1,-1
2015521506170,1,9,0,5,0,0,0,0,0,0,3,1,6,1,39,7,1997,2,1,-1,1,-1
2015521506171,1,9,0,18,0,0,0,0,0,0,2,1,6,2,39,7,1395,1,-1,-1,2,-1
2015521506171,2,9,0,18,0,0,0,0,0,0,1,1,6,2,20,4,1390,1,14,-1,2,-1
2015521506172,1,9,0,18,0,0,0,0,0,0,1,1,6,2,24,5,1108,1,10,-1,1,-1
2015521506172,2,9,0,3,0,0,0,0,0,0,2,1,6,2,49,8,1595,1,2,-1,1,-1
2015521506172,3,9,0,3,0,0,0,0,0,0,2,1,6,1,46,8,1896,2,16,-1,2,-1
2015521506172,4,9,0,3,0,0,0,0,0,0,2,1,6,2,43,7,3200,2,11,-1,1,-1
2015521506173,1,9,0,10,0,1,0,0,0,0,4,1,6,1,21,5,1242,1,10,-1,1,-1
2015521506173,2,1,0,18,0,1,0,0,0,0,1,1,6,1,26,6,-1,-1,-1,-1,1,-1
2015521506174,1,9,0,16,0,0,0,6,7,8,1,1,6,1,17,4,1397,1,8,-1,3,-1
2015521506175,1,9,0,7,0,2,0,0,0,0,1,1,6,1,17,4,1199,1,12,-1,3,-1
2015521506175,2,10,0,7,0,5,0,0,0,0,1,1,6,2,27,6,-1,-1,-1,-1,1,-1
2015521506178,1,1,0,18,0,8,0,0,0,0,3,1,6,1,51,8,-1,-1,-1,-1,1,-1
2015521506178,2,9,0,9,0,8,0,0,0,0,1,1,6,1,64,9,799,2,5,-1,1,-1
2015521506180,1,11,0,9,0,8,0,0,0,0,0,1,6,1,27,6,4461,2,1,-1,1,-1
2015521506189,1,9,0,18,0,0,0,0,0,0,4,1,6,1,41,7,998,1,8,-1,1,-1
2015521506189,2,9,0,18,0,0,0,0,0,0,3,1,6,3,-1,-1,-1,-1,-1,-1,-1,-1
2015521506200,1,9,0,18,0,1,0,0,0,0,1,1,6,2,48,8,1399,1,6,-1,1,-1
2015521506200,2,9,0,3,0,1,0,0,0,0,2,1,6,1,30,6,-1,-1,-1,-1,-1,-1
2015521506201,1,9,0,7,0,6,0,0,0,0,4,1,6,2,54,8,1242,1,2,-1,1,-1
2015521506201,2,1,0,18,0,1,0,0,0,0,1,1,6,2,20,4,-1,-1,-1,-1,1,-1
2015521506227,1,9,0,16,0,8,0,10,0,0,3,1,6,2,21,5,1388,1,10,-1,1,-1
2015521506234,1,1,0,18,0,0,0,0,0,0,0,1,6,1,59,9,-1,-1,-1,-1,1,-1
2015521506234,2,9,0,18,0,0,0,0,0,0,3,1,6,1,35,6,-1,-1,-1,-1,-1,-1
2015521506238,1,11,0,18,0,0,0,0,0,0,0,1,6,1,41,7,9360,2,8,-1,1,-1
2015521506242,1,19,0,5,0,0,0,0,0,0,1,-1,1,1,53,8,2143,2,4,-1,1,-1
2015521506249,1,9,0,7,0,4,0,0,0,0,4,1,6,1,39,7,1242,1,6,-1,1,-1
2015521506249,2,1,0,18,0,4,0,0,0,0,3,1,6,1,56,9,-1,-1,-1,-1,1,-1
2015521506253,1,9,0,18,0,0,0,0,0,0,2,1,6,1,75,10,1229,1,10,-1,1,-1
2015521506253,2,9,0,18,0,0,0,0,0,0,1,1,6,1,50,8,-1,-1,-1,-1,1,-1
2015521506267,1,9,0,18,0,1,0,0,0,7,1,1,6,2,31,6,1149,1,13,-1,1,-1
2015521506268,1,9,0,18,0,4,0,0,0,0,1,1,6,2,18,4,1360,1,9,-1,1,-1
2015521506268,2,9,0,9,0,4,0,0,0,0,2,1,6,1,50,8,2171,1,10,-1,1,-1
2015521506275,1,5,0,3,0,0,0,0,0,0,2,1,6,1,48,8,-1,-1,-1,-1,1,-1
2015521506275,2,9,0,5,0,0,0,0,0,0,1,1,6,1,25,5,2148,2,10,-1,1,-1
2015521506281,1,9,0,18,0,8,0,0,0,0,1,1,6,2,53,8,1242,1,12,-1,1,-1