Accident_Index,Vehicle_Reference,Vehicle_Type,Towing_and_Articulation,Vehicle_Manoeuvre,Vehicle_Location-Restricted_Lane,Junction_Location,Skidding_and_Overturning,Hit_Object_in_Carriageway,Vehicle_Leaving_Carriageway,Hit_Object_off_Carriageway,1st_Point_of_Impact,Was_Vehicle_Left_Hand_Drive?,Journey_Purpose_of_Driver,Sex_of_Driver,Age_of_Driver,Age_Band_of_Driver,Engine_Capacity_(CC),Propulsion_Code,Age_of_Vehicle,Driver_IMD_Decile,Driver_Home_Area_Type,Vehicle_IMD_Decile
2015521508616,2,9,0,16,0,0,0,0,0,0,1,1,6,2,19,4,1716,2,14,-1,1,-1
2015521508616,3,9,0,3,0,0,0,0,0,0,2,1,6,1,60,9,1995,2,-1,-1,1,-1
2015521508617,1,1,0,5,0,8,0,0,0,0,2,1,6,1,48,8,-1,-1,-1,-1,1,-1
2015521508617,2,9,0,18,0,8,0,0,0,0,1,1,6,2,45,7,1997,2,9,-1,1,-1
2015521508619,1,9,0,7,0,4,0,0,0,10,1,1,6,2,18,4,1364,1,9,-1,-1,-1
2015521508622,1,9,0,18,0,0,0,0,0,0,1,1,6,1,27,6,-1,-1,-1,-1,1,-1
2015521508624,1,9,0,2,0,0,0,0,0,0,3,1,6,1,44,7,-1,-1,-1,-1,-1,-1
2015521508624,2,9,0,2,0,0,0,0,0,0,1,1,6,1,79,11,1596,1,8,-1,-1,-1
2015521508624,3,9,0,2,0,0,0,0,0,0,1,1,6,1,36,7,1299,1,15,-1,-1,-1
2015521508624,4,9,0,18,0,0,0,0,0,0,1,1,6,2,49,8,999,1,9,-1,1,-1
2015521508626,1,1,0,5,0,0,0,0,0,0,4,1,6,1,24,5,-1,-1,-1,-1,1,-1
2015521508626,2,9,0,18,0,0,0,0,0,0,1,1,6,3,-1,-1,-1,-1,-1,-1,-1,-1
2015521508627,1,9,0,18,0,8,0,0,0,0,4,1,6,2,44,7,2495,1,13,-1,1,-1
2015521508627,2,9,0,7,0,6,0,0,0,0,3,1,6,1,28,6,1497,1,13,-1,1,-1
2015521508639,1,1,0,18,0,5,0,0,0,0,4,1,6,1,26,6,-1,-1,-1,-1,1,-1
2015521508639,2,9,0,9,0,1,0,0,0,0,1,1,6,1,40,7,-1,-1,-1,-1,-1,-1
2015521508647,1,9,0,18,0,0,0,0,0,0,1,1,6,1,43,7,1998,8,-1,-1,1,-1
2015521508653,1,4,0,18,0,0,0,0,0,0,1,1,6,1,18,4,-1,-1,-1,-1,1,-1
2015521508653,2,9,0,2,0,0,0,0,0,0,2,1,6,1,60,9,1870,2,11,-1,1,-1
2015521508660,1,9,0,5,0,8,0,0,0,0,1,1,6,2,58,9,1598,1,8,-1,1,-1
2015521508660,2,1,0,18,0,8,0,0,0,0,2,1,6,2,49,8,-1,-1,-1,-1,1,-1
2015521508661,1,11,0,7,0,8,0,0,0,0,1,1,6,1,48,8,7300,2,11,-1,1,-1
2015521508661,2,9,0,7,0,1,0,0,0,0,3,1,6,2,21,5,1086,1,10,-1,1,-1
2015521508665,1,9,0,9,0,8,0,0,0,0,2,1,6,1,46,8,999,1,3,-1,3,-1
2015521508665,2,9,0,18,0,1,0,0,0,0,1,1,6,3,-1,-1,1956,2,1,-1,-1,-1
2015521508666,1,9,0,4,0,1,0,0,0,0,2,1,6,2,36,7,998,1,-1,-1,1,-1
2015521508666,2,9,0,18,0,1,0,0,0,0,1,1,6,1,24,5,1390,1,13,-1,1,-1
2015521508672,1,9,0,4,0,1,0,0,0,0,1,1,6,2,45,7,-1,-1,-1,-1,1,-1
2015521508672,2,9,0,4,0,1,0,0,0,0,0,1,6,1,54,8,-1,-1,-1,-1,1,-1
2015521508675,1,9,4,9,0,5,0,0,0,0,0,1,6,3,-1,-1,-1,-1,-1,-1,-1,-1
2015521508675,2,16,0,18,0,1,0,0,0,0,0,1,6,2,33,6,-1,-1,-1,-1,1,-1
2015521508677,1,9,0,18,0,0,0,0,0,0,1,1,6,1,28,6,1598,1,11,-1,1,-1
2015521508677,2,9,0,18,0,0,0,0,0,0,2,1,6,2,50,8,1360,1,5,-1,1,-1
2015521508677,3,9,0,4,0,0,0,0,0,0,2,1,6,2,-1,-1,1398,1,5,-1,1,-1
2015521508681,1,9,0,18,0,8,0,0,0,0,4,1,6,1,48,8,1086,1,7,-1,1,-1
2015521508683,1,9,0,18,0,8,0,0,0,0,4,1,6,1,29,6,1582,2,3,-1,1,-1
2015521508683,2,9,0,18,0,8,0,0,0,0,1,1,6,2,20,4,1199,1,13,-1,1,-1
2015521508686,1,9,0,7,0,6,0,0,0,0,1,1,6,2,52,8,1984,1,5,-1,1,-1
2015521508686,2,1,0,18,0,8,0,0,0,0,1,1,6,1,77,11,-1,-1,-1,-1,1,-1
2015521508688,1,9,0,5,0,0,0,0,0,0,3,1,6,2,55,8,1896,2,13,-1,1,-1
2015521508697,1,9,0,18,0,8,0,0,0,0,1,1,6,2,35,6,2179,2,5,-1,1,-1
2015521508699,1,9,0,9,0,8,0,0,0,0,1,1,6,2,34,6,1598,1,11,-1,1,-1
2015521508699,2,1,0,9,9,1,0,0,0,0,1,1,6,2,34,6,-1,-1,-1,-1,1,-1
2015521508700,1,22,0,18,0,0,0,0,7,10,1,1,6,1,70,10,-1,-1,-1,-1,1,-1
2015521508701,1,9,0,2,0,0,0,0,0,0,4,1,6,1,-1,-1,1395,1,1,-1,1,-1
2015521508701,2,1,0,18,0,0,0,0,0,0,1,1,6,2,56,9,-1,-1,-1,-1,1,-1
2015521508702,1,9,0,18,0,0,0,0,0,0,4,1,6,2,47,8,1596,1,9,-1,1,-1
2015521508709,1,4,0,18,0,8,0,0,0,0,3,1,6,1,40,7,125,1,-1,-1,1,-1
2015521508709,2,9,0,11,0,8,0,0,0,0,1,1,6,2,33,6,1461,2,4,-1,1,-1
2015521508710,1,9,0,5,0,0,0,0,0,0,1,1,6,3,-1,-1,1596,1,12,-1,-1,-1
2015521508712,1,9,0,18,0,0,0,0,0,0,1,1,6,2,34,6,1560,2,1,-1,1,-1
2015521508712,2,9,0,18,0,0,0,0,0,0,2,1,6,1,49,8,-1,-1,-1,-1,-1,-1
2015521508713,1,9,0,18,0,8,5,0,1,2,1,1,6,1,19,4,1198,1,13,-1,1,-1
2015521508714,1,9,0,18,0,1,0,0,0,0,1,1,6,1,16,4,1896,2,17,-1,1,-1
2015521508714,2,9,0,18,0,1,0,0,0,0,3,1,6,1,28,6,-1,-1,-1,-1,1,-1
2015521508717,1,9,0,5,0,4,0,0,0,0,1,1,6,2,50,8,1198,1,2,-1,1,-1
2015521508717,2,1,0,9,0,8,0,0,0,0,4,1,6,1,55,8,-1,-1,-1,-1,1,-1
2015521508720,1,9,0,18,0,8,0,0,0,0,1,1,6,2,22,5,-1,-1,-1,-1,1,-1
2015521508726,1,9,0,18,0,0,0,0,1,7,3,1,6,2,19,4,1124,1,6,-1,1,-1
2015521508726,2,9,0,-1,0,0,0,0,0,0,1,1,6,3,-1,-1,-1,-1,-1,-1,-1,-1
2015521508729,1,9,0,18,0,0,0,0,0,0,1,1,6,2,91,11,1400,1,9,-1,1,-1
2015521508729,2,21,0,3,0,0,0,0,0,0,2,1,1,1,47,8,6700,2,-1,-1,1,-1
2015521508729,3,9,0,3,0,0,0,0,0,0,2,1,6,1,68,10,2993,2,-1,-1,1,-1
2015521508729,4,9,0,3,0,0,0,0,0,0,3,1,6,1,23,5,998,1,1,-1,1,-1
2015521508739,1,9,0,18,0,0,0,0,0,0,2,1,6,1,24,5,1199,1,11,-1,1,-1
2015521508742,1,9,0,18,0,0,0,0,0,0,1,1,6,1,23,5,1988,1,13,-1,1,-1
2015521508743,1,9,0,18,0,0,0,0,0,0,1,1,6,1,43,7,1995,1,12,-1,1,-1
2015521508744,1,11,0,18,0,0,0,0,0,0,0,1,6,1,59,9,7300,2,10,-1,1,-1
2015521508748,1,9,0,18,0,5,0,0,0,0,1,1,6,1,36,7,1998,1,11,-1,1,-1
2015521508749,1,9,0,18,0,8,0,0,0,0,4,1,6,1,43,7,1560,2,6,-1,1,-1
2015521508749,2,3,0,18,0,8,0,0,0,0,3,1,6,2,23,5,125,1,-1,-1,1,-1
2015521508751,1,9,0,9,0,8,0,0,0,0,4,1,6,1,17,4,1968,2,1,-1,3,-1
2015521508751,2,9,0,18,0,8,0,0,0,0,1,1,6,2,33,6,1390,1,4,-1,3,-1
2015521508757,1,9,0,18,0,8,0,0,0,0,0,1,6,1,45,7,1560,2,4,-1,1,-1
2015521508757,2,9,0,18,0,8,0,0,0,0,0,1,6,2,41,7,1422,2,7,-1,1,-1
2015521508760,1,9,0,7,0,5,0,10,0,0,1,1,6,2,19,4,1599,1,11,-1,1,-1
2015521508760,2,9,0,4,0,1,0,0,0,0,1,1,6,1,17,4,1499,2,-1,-1,1,-1
2015521508761,1,9,0,4,0,2,0,0,0,0,2,1,6,1,39,7,2993,2,-1,-1,-1,-1
2015521508761,2,9,0,18,0,2,0,0,0,0,1,1,6,1,43,7,-1,-1,-1,-1,1,-1
2015521508767,1,9,0,17,0,0,1,0,0,0,4,1,6,1,22,5,2171,1,13,-1,1,-1
2015521508767,2,9,0,18,0,0,0,0,0,0,1,1,6,2,41,7,2495,2,10,-1,3,-1
2015521508784,1,9,0,9,0,6,0,0,0,0,3,1,6,1,42,7,-1,-1,-1,-1,1,-1
2015521508784,2,5,0,16,0,8,0,0,0,0,1,1,6,1,28,6,999,1,5,-1,1,-1
2015521508785,1,9,0,13,0,1,0,0,0,0,4,1,6,1,47,8,-1,-1,-1,-1,3,-1
2015521508785,2,4,0,9,0,5,0,0,0,0,1,1,6,1,75,10,-1,-1,-1,-1,3,-1
2015521508789,1,9,0,9,0,5,0,0,0,0,4,1,6,1,37,7,1783,1,12,-1,1,-1
2015521508789,2,1,0,18,0,8,0,0,0,0,1,1,6,1,33,6,-1,-1,-1,-1,1,-1
2015521508793,1,9,0,17,0,0,0,0,0,0,4,1,6,2,20,4,1995,2,10,-1,2,-1
2015521508793,2,19,0,16,0,0,0,0,0,0,3,1,6,2,56,9,1753,2,7,-1,1,-1
2015521508799,1,9,0,18,0,0,0,0,0,0,1,1,6,2,55,8,1395,1,2,-1,3,-1
2015521508799,2,9,4,18,0,0,3,0,0,0,4,1,6,1,53,8,2495,2,12,-1,3,-1
2015521508807,1,9,0,18,0,8,0,0,0,0,1,1,6,1,37,7,1968,2,7,-1,1,-1
2015521508807,2,9,0,18,0,6,0,0,0,0,1,1,6,2,60,9,-1,-1,-1,-1,1,-1
2015521508809,1,9,0,18,0,0,5,4,0,0,4,1,6,1,37,7,1396,1,15,-1,1,-1
2015521508809,2,9,0,2,0,0,0,0,0,0,3,1,6,3,-1,-1,1598,1,10,-1,-1,-1
2015521508809,3,9,0,2,0,0,0,0,0,0,3,1,6,3,-1,-1,1461,2,3,-1,-1,-1
2015521508809,4,9,0,2,0,0,0,0,0,0,3,1,6,3,-1,-1,1598,1,2,-1,-1,-1
2015521508812,1,21,0,18,0,8,0,0,0,0,3,1,1,1,43,7,-1,-1,-1,-1,1,-1
2015521508812,2,9,0,18,0,8,0,0,0,0,1,1,6,1,30,6,1973,1,15,-1,1,-1
2015521508816,1,9,0,4,0,2,0,0,0,0,1,1,6,2,39,7,1596,1,11,-1,1,-1
2015521508816,2,8,0,4,0,2,0,0,0,0,2,1,6,1,39,7,1686,2,3,-1,1,-1
2015521508818,1,8,0,18,0,0,0,0,0,0,4,1,1,1,60,9,1968,2,2,-1,1,-1
2015521508818,2,1,0,18,0,0,0,0,0,0,1,1,6,1,30,6,-1,-1,-1,-1,-1,-1
2015521508830,1,9,0,17,0,0,5,0,0,0,4,1,6,1,20,4,-1,-1,-1,-1,1,-1
2015521508836,1,9,0,18,0,8,0,0,0,0,1,1,6,1,31,6,1968,2,10,-1,1,-1
2015521508836,2,9,0,18,0,8,0,0,0,0,4,1,6,1,23,5,1497,1,15,-1,1,-1
2015521508839,1,9,0,7,0,8,0,0,0,0,2,1,6,1,23,5,998,1,-1,-1,2,-1
2015521508839,2,9,0,18,0,8,0,0,0,0,1,1,6,1,-1,-1,1968,2,5,-1,1,-1
2015521508842,1,9,0,18,0,0,0,0,0,0,1,1,6,1,18,4,1364,1,7,-1,1,-1
2015521508842,2,9,0,3,0,0,0,0,0,0,2,1,6,1,27,6,-1,-1,-1,-1,1,-1
2015521508842,3,9,0,3,0,0,0,0,0,0,2,1,6,1,-1,-1,-1,-1,-1,-1,-1,-1
2015521508845,1,9,0,18,0,1,0,0,0,0,1,1,6,2,41,7,1360,1,10,-1,1,-1
2015521508862,1,1,0,18,0,0,0,0,0,0,2,1,6,1,32,6,-1,-1,-1,-1,1,-1
2015521508862,2,9,0,18,0,0,0,0,0,0,1,1,6,3,-1,-1,2143,2,-1,-1,-1,-1
2015521508870,1,3,0,3,0,1,0,0,0,0,2,1,6,1,31,6,-1,-1,-1,-1,-1,-1
2015521508870,2,9,0,18,0,1,0,0,0,0,1,1,6,1,65,9,1339,1,4,-1,-1,-1
2015521508883,1,9,0,9,0,2,0,0,0,0,0,1,2,2,21,5,998,1,1,-1,1,-1
2015521508883,2,3,0,18,0,6,0,0,0,0,4,1,6,1,21,5,-1,-1,-1,-1,-1,-1
2015521508886,1,90,0,18,0,8,0,0,0,0,1,1,1,2,35,6,-1,-1,-1,-1,1,-1
2015521508886,2,9,0,9,0,5,0,0,0,0,3,1,6,3,-1,-1,-1,-1,-1,-1,-1,-1
2015521508914,1,9,0,18,0,0,5,0,0,0,1,1,6,2,29,6,1461,2,1,-1,1,-1
2015521508918,1,1,0,18,0,1,0,0,0,0,3,1,6,2,24,5,-1,-1,-1,-1,1,-1
2015521508918,2,9,0,9,0,1,0,0,0,0,1,1,6,2,35,6,-1,-1,-1,-1,-1,-1
2015521508921,1,9,0,18,0,8,0,0,0,0,0,1,6,1,46,8,1994,2,13,-1,1,-1
2015521508921,2,3,0,18,0,8,0,0,0,0,3,1,6,2,46,8,109,1,-1,-1,1,-1
2015521508924,1,1,0,9,0,8,0,0,0,0,1,1,4,1,16,4,-1,-1,-1,-1,1,-1
2015521508924,2,9,0,18,0,8,0,0,0,0,1,1,6,2,60,9,1598,1,8,-1,-1,-1
2015521508928,1,9,0,18,0,0,0,0,0,0,0,1,6,3,-1,-1,2494,1,13,-1,-1,-1
2015521508928,2,9,0,18,0,0,0,0,0,0,1,1,6,1,25,5,1753,2,6,-1,1,-1
2015521508928,3,9,0,9,0,0,0,0,0,0,3,1,6,2,19,4,1240,1,10,-1,1,-1
2015521508928,4,9,0,9,0,0,0,0,0,0,3,1,6,2,54,8,1400,1,8,-1,1,-1
2015521508928,5,9,0,2,0,0,0,0,0,0,3,1,6,1,21,5,1299,1,8,-1,1,-1
2015521508933,1,1,0,18,0,0,0,0,0,0,2,1,6,2,38,7,-1,-1,-1,-1,1,-1
2015521508933,2,9,0,18,0,0,0,0,0,0,1,1,6,3,-1,-1,-1,-1,-1,-1,-1,-1
2015521508939,1,9,0,5,0,6,0,0,0,0,1,-1,6,1,42,7,-1,-1,-1,-1,1,-1
2015521508939,2,1,0,18,0,8,0,0,0,0,1,1,6,1,42,7,-1,-1,-1,-1,1,-1
2015521508945,1,9,0,3,0,8,0,0,0,0,2,1,6,2,46,8,1598,1,10,-1,1,-1
2015521508945,2,4,0,18,0,8,0,0,0,0,1,1,6,1,18,4,-1,-1,-1,-1,1,-1
2015521508946,1,4,0,6,0,0,0,0,0,0,2,1,6,1,45,7,124,1,2,-1,1,-1
2015521508946,2,9,0,18,0,0,0,0,0,0,1,1,6,2,52,8,1598,1,2,-1,1,-1
2015521508947,1,9,0,9,0,8,0,0,0,0,1,1,6,1,63,9,1560,2,3,-1,1,-1
2015521508948,1,9,0,18,0,5,0,0,0,0,1,1,6,3,-1,-1,1389,1,22,-1,-1,-1
2015521508948,2,9,0,18,0,1,0,0,0,0,1,1,6,1,21,5,1499,2,1,-1,-1,-1
2015521508949,1,9,0,18,0,0,0,0,0,0,1,1,6,1,45,7,1390,1,19,-1,-1,-1
2015521508950,1,9,0,10,0,8,0,0,0,0,0,1,6,2,21,5,1242,1,-1,-1,-1,-1
2015521508950,2,1,0,4,0,8,0,0,0,0,0,1,6,2,29,6,-1,-1,-1,-1,1,-1
2015521508951,1,9,0,18,0,8,0,0,0,0,4,1,6,2,36,7,998,1,-1,-1,1,-1
2015521508951,2,9,0,7,0,8,0,0,0,0,1,1,6,2,18,4,1360,1,11,-1,1,-1
2015521508954,1,1,0,18,0,2,0,0,0,0,4,1,2,2,62,9,-1,-1,-1,-1,1,-1
2015521508954,2,9,0,5,0,1,0,0,0,0,4,1,6,1,30,6,-1,-1,-1,-1,-1,-1
2015521508956,1,9,0,18,0,0,0,0,0,0,0,1,6,3,-1,-1,-1,-1,-1,-1,-1,-1
2015521508958,1,9,0,10,0,1,0,0,0,0,4,1,6,1,40,7,1986,2,7,-1,1,-1
2015521508958,2,8,0,12,0,1,0,0,0,0,1,1,1,1,40,7,1997,2,10,-1,-1,-1
2015521508960,1,9,0,18,0,0,0,0,0,0,1,1,6,1,33,6,-1,-1,-1,-1,1,-1
2015521508960,2,9,0,4,0,0,0,0,4,6,2,1,6,2,51,8,1398,1,-1,-1,1,-1
2015521508965,1,9,0,16,0,0,0,0,7,11,1,1,6,1,66,10,2720,2,10,-1,1,-1
2015521508967,1,9,0,18,0,4,0,0,0,0,3,1,6,2,50,8,875,1,4,-1,1,-1
2015521508967,2,19,0,11,0,4,0,0,0,0,1,1,1,3,-1,-1,-1,-1,-1,-1,-1,-1
2015521508973,1,9,0,18,0,0,0,0,0,0,1,1,6,1,20,4,1493,1,18,-1,1,-1
2015521508975,1,9,0,5,0,6,0,0,0,0,4,1,6,1,43,7,1991,2,7,-1,1,-1
2015521508975,2,9,0,10,0,1,0,0,0,0,1,1,6,2,34,6,1596,1,13,-1,1,-1
2015521508975,3,1,0,18,0,8,0,0,0,0,1,1,6,1,29,6,-1,-1,-1,-1,1,-1
2015521508977,1,9,0,18,0,1,0,0,0,0,1,1,6,2,20,4,1598,1,8,-1,2,-1
2015521508977,2,9,0,18,0,1,0,0,0,0,1,1,6,1,37,7,1998,1,10,-1,1,-1
2015521508978,1,9,0,9,0,6,0,0,0,0,3,1,6,1,23,5,1229,1,5,-1,1,-1
2015521508978,2,1,0,18,0,8,0,0,0,0,1,1,6,1,77,11,-1,-1,-1,-1,1,-1
2015521508979,1,19,0,18,0,0,0,0,0,0,4,1,1,1,42,7,1560,2,1,-1,1,-1
2015521508983,1,3,0,18,0,0,0,0,0,0,3,1,6,3,-1,-1,-1,-1,-1,-1,-1,-1
2015521509000,1,9,0,3,0,1,0,0,0,0,2,1,6,2,-1,-1,2179,2,-1,-1,3,-1
2015521509000,2,9,0,3,0,1,0,0,0,0,2,1,6,2,60,9,-1,-1,-1,-1,1,-1
2015521509000,3,9,0,3,0,1,0,0,0,0,2,1,6,2,54,8,1968,2,2,-1,1,-1
2015521509000,4,9,0,3,0,1,0,0,0,0,2,1,6,1,42,7,1248,2,7,-1,1,-1
2015521509000,5,9,0,18,0,1,0,0,0,0,1,1,6,1,30,6,-1,-1,-1,-1,2,-1
2015521509002,1,9,0,9,0,8,0,0,0,0,1,1,6,1,50,8,2360,1,8,-1,1,-1
2015521509006,1,9,0,1,0,6,0,0,0,0,2,1,6,3,-1,-1,-1,-1,-1,-1,-1,-1
2015521509016,1,9,0,18,0,2,0,0,0,0,4,1,6,1,18,4,973,1,14,-1,-1,-1
2015521509016,2,21,1,18,0,2,0,0,0,0,3,1,1,1,40,7,-1,-1,-1,-1,-1,-1
2015521509018,1,1,0,18,0,3,0,0,0,0,4,1,2,1,29,6,-1,-1,-1,-1,1,-1
2015521509018,2,9,0,5,0,3,0,0,1,0,1,1,6,3,-1,-1,-1,-1,-1,-1,-1,-1
2015521509034,1,1,0,18,0,8,0,0,1,0,4,1,6,1,40,7,-1,-1,-1,-1,1,-1
2015521509034,2,9,0,9,0,6,0,0,0,0,1,1,6,2,50,8,-1,-1,-1,-1,-1,-1
2015521509035,1,1,0,18,0,0,0,0,0,0,1,1,6,1,30,6,-1,-1,-1,-1,-1,-1
2015521509037,1,9,0,18,0,8,0,0,0,0,1,1,6,2,34,6,1995,2,10,-1,1,-1
2015521509047,1,10,0,1,9,0,0,0,0,0,2,1,1,1,71,10,-1,-1,-1,-1,-1,-1
2015521509053,1,9,0,18,0,0,0,0,0,0,1,1,6,1,49,8,-1,-1,-1,-1,1,-1
2015521509056,1,9,0,18,0,8,0,0,0,0,4,1,6,2,74,10,1896,2,11,-1,1,-1
2015521509056,2,9,0,18,0,6,0,0,0,0,1,1,6,2,36,7,1587,1,14,-1,3,-1
2015521509057,1,3,0,18,0,0,0,0,0,0,0,1,6,1,26,6,125,1,-1,-1,1,-1
2015521509060,1,9,0,18,0,3,0,0,0,0,1,-1,6,2,18,4,1364,1,8,-1,1,-1
2015521509065,1,9,0,18,0,0,0,0,0,0,1,1,6,2,39,7,2179,2,1,-1,1,-1
2015521509066,1,9,0,18,0,6,0,0,0,0,4,1,6,2,47,8,1598,1,3,-1,1,-1
2015521509066,2,9,0,18,0,8,0,0,0,0,1,1,6,1,27,6,1364,1,10,-1,1,-1
2015521509081,1,9,0,9,0,5,0,0,0,0,3,1,6,3,-1,-1,-1,-1,-1,-1,-1,-1
2015521509083,1,9,0,4,0,1,0,0,0,0,2,1,6,1,54,8,-1,-1,-1,-1,1,-1
2015521509083,2,21,0,18,0,1,0,0,0,0,1,1,1,1,31,6,12740,2,-1,-1,1,-1
2015521509093,1,9,0,18,0,1,0,0,0,0,1,1,6,1,41,7,1794,1,9,-1,1,-1
2015521509093,2,9,0,7,0,1,0,0,0,0,1,1,6,1,23,5,-1,-1,-1,-1,3,-1
2015521509093,3,9,0,2,0,1,0,0,0,0,0,1,6,3,-1,-1,-1,-1,-1,-1,-1,-1
2015521509093,4,9,0,2,0,1,0,0,0,0,0,1,6,3,-1,-1,-1,-1,-1,-1,-1,-1
2015521509113,1,9,0,3,0,2,0,0,0,0,2,1,6,2,30,6,1242,1,-1,-1,1,-1
2015521509113,2,19,0,18,0,2,0,0,0,0,1,1,6,3,-1,-1,1753,2,11,-1,-1,-1
2015521509121,1,9,0,18,0,1,0,0,0,0,0,1,6,1,58,9,1968,2,3,-1,1,-1
2015521509127,1,9,0,18,0,0,0,0,1,9,1,1,6,1,23,5,-1,-1,-1,-1,1,-1
2015521509128,1,2,0,18,0,8,0,0,0,0,3,1,6,2,17,4,49,1,1,-1,1,-1
2015521509128,2,9,0,7,0,5,0,0,0,0,1,1,6,3,-1,-1,-1,-1,-1,-1,-1,-1
2015521509132,1,9,0,5,0,6,0,0,0,0,4,1,6,1,44,7,1360,1,11,-1,3,-1
2015521509132,2,1,0,18,0,8,0,0,0,0,1,1,6,2,24,5,-1,-1,-1,-1,3,-1
2015521509137,1,2,0,9,0,8,0,0,0,0,3,1,6,1,28,6,-1,-1,-1,-1,1,-1
2015521509137,2,1,0,18,0,8,0,0,0,0,1,1,6,3,-1,-1,-1,-1,-1,-1,-1,-1
2015521509147,1,9,0,9,0,6,0,0,0,0,1,1,6,2,26,6,-1,-1,-1,-1,1,-1
2015521509147,2,9,0,18,0,1,0,0,0,0,4,1,6,2,25,5,1390,1,6,-1,1,-1
2015521509151,1,9,0,4,0,0,0,0,0,0,2,1,6,1,26,6,1197,1,-1,-1,1,-1
2015521509151,2,9,0,18,0,0,0,0,0,0,1,1,2,2,19,4,1124,1,11,-1,1,-1
2015521509153,1,8,0,2,0,0,0,0,0,0,0,1,1,1,36,7,2143,2,-1,-1,1,-1
2015521509161,1,9,0,1,0,0,0,0,0,0,2,1,6,1,80,11,-1,-1,-1,-1,3,-1
2015521509163,1,9,0,4,0,0,0,0,0,0,2,1,6,1,33,6,1968,2,9,-1,1,-1
2015521509163,2,9,0,18,0,0,0,0,0,0,1,1,6,2,28,6,1364,1,10,-1,1,-1
2015521509165,1,9,0,18,0,0,0,0,0,0,1,1,6,1,48,8,1199,1,15,-1,1,-1
2015521509188,1,1,0,18,0,8,0,0,0,0,1,1,6,1,19,4,-1,-1,-1,-1,1,-1
2015521509188,2,9,0,5,0,7,0,0,0,0,1,1,6,3,-1,-1,-1,-1,-1,-1,-1,-1
2015521509191,1,9,0,18,0,0,0,0,0,0,1,1,6,1,21,5,998,1,2,-1,1,-1
2015521509192,1,9,0,10,0,5,0,0,0,0,2,1,6,2,27,6,1968,2,3,-1,3,-1
2015521509192,2,9,0,18,0,1,0,0,0,0,2,1,6,1,67,10,-1,-1,-1,-1,1,-1
2015521509197,1,5,0,18,0,1,0,0,0,0,1,1,6,1,30,6,883,1,2,-1,1,-1
2015521509197,2,19,0,5,0,8,0,0,0,0,3,1,6,3,-1,-1,1968,2,-1,-1,-1,-1
2015521509209,1,9,0,18,0,8,0,0,0,0,3,1,6,2,43,7,998,1,2,-1,1,-1
2015521509209,2,9,0,9,0,8,0,0,0,0,1,1,6,1,35,6,2598,1,19,-1,1,-1
2015521509213,1,9,0,5,0,6,0,0,0,0,3,1,6,1,21,5,-1,-1,-1,-1,3,-1
2015521509213,2,9,0,18,0,8,0,0,0,0,1,1,6,2,24,5,1198,1,9,-1,1,-1
2015521509214,1,9,0,6,0,0,0,0,0,0,1,1,6,2,52,8,999,1,3,-1,2,-1
2015521509214,2,1,0,18,0,0,0,0,0,0,1,1,6,1,20,4,-1,-1,-1,-1,1,-1
2015521509225,1,9,0,5,0,4,0,0,0,0,1,1,6,1,51,8,1997,2,3,-1,1,-1
2015521509225,2,1,0,18,0,8,0,0,0,0,4,1,6,1,52,8,-1,-1,-1,-1,1,-1
2015521509230,1,9,0,18,0,0,0,0,0,0,1,1,6,1,24,5,1598,2,1,-1,1,-1
2015521509230,2,9,0,18,0,0,0,0,0,0,1,1,6,2,52,8,1896,2,11,-1,1,-1
2015521509234,1,9,0,9,0,5,0,0,0,0,1,1,6,1,22,5,1368,1,6,-1,1,-1
2015521509235,1,9,0,1,0,0,0,0,0,0,2,1,6,1,42,7,1560,2,9,-1,1,-1
2015521509235,2,90,0,18,0,0,0,0,0,0,1,1,6,1,30,6,-1,-1,-1,-1,-1,-1
2015521509239,1,9,0,8,0,1,0,0,0,0,2,1,2,2,23,5,1242,1,12,-1,2,-1
2015521509239,2,9,0,4,0,1,0,0,0,0,1,1,6,1,70,10,-1,-1,-1,-1,-1,-1
2015521509240,1,9,0,9,0,1,0,0,0,0,1,1,6,1,24,5,-1,-1,-1,-1,1,-1
2015521509240,2,1,0,18,0,6,0,0,0,0,1,1,6,1,34,6,-1,-1,-1,-1,1,-1
2015521509245,1,9,0,5,0,6,0,0,0,0,1,1,6,2,34,6,1997,2,10,-1,1,-1
2015521509245,2,3,0,18,0,1,0,0,0,0,1,1,6,1,16,4,-1,-1,-1,-1,1,-1
2015521509245,3,9,0,18,0,1,0,0,0,0,1,1,6,1,39,7,1461,2,6,-1,1,-1
2015521509245,4,9,0,13,0,1,0,0,0,0,1,1,6,2,29,6,1998,1,10,-1,-1,-1
2015521509246,1,9,0,16,0,8,0,0,0,0,1,1,6,1,25,5,1998,2,9,-1,1,-1
2015521509249,1,3,0,18,0,1,0,0,0,0,1,1,6,1,47,8,125,1,10,-1,1,-1
2015521509249,2,3,0,7,0,8,0,0,0,0,1,1,6,2,16,4,49,1,6,-1,1,-1
2015521509257,1,9,0,11,0,0,0,0,0,0,2,1,6,1,49,8,1560,2,1,-1,1,-1
2015521509257,2,9,0,18,0,0,0,0,0,0,1,1,6,3,-1,-1,-1,-1,-1,-1,-1,-1
2015521509263,1,9,0,18,0,1,0,0,0,0,1,1,6,1,50,8,1995,1,6,-1,1,-1
2015521509263,2,1,0,18,0,5,0,0,0,0,1,1,6,1,21,5,-1,-1,-1,-1,1,-1