Accident_Index,Vehicle_Reference,Vehicle_Type,Towing_and_Articulation,Vehicle_Manoeuvre,Vehicle_Location-Restricted_Lane,Junction_Location,Skidding_and_Overturning,Hit_Object_in_Carriageway,Vehicle_Leaving_Carriageway,Hit_Object_off_Carriageway,1st_Point_of_Impact,Was_Vehicle_Left_Hand_Drive?,Journey_Purpose_of_Driver,Sex_of_Driver,Age_of_Driver,Age_Band_of_Driver,Engine_Capacity_(CC),Propulsion_Code,Age_of_Vehicle,Driver_IMD_Decile,Driver_Home_Area_Type,Vehicle_IMD_Decile
2015521509266,1,9,0,18,0,2,0,0,0,0,2,1,6,2,27,6,1796,2,1,-1,1,-1
2015521509266,2,9,0,18,0,2,0,0,0,0,1,1,6,3,35,6,998,1,4,-1,-1,-1
2015521600027,1,9,0,18,0,0,0,0,1,10,1,1,6,1,39,7,1598,1,11,-1,-1,-1
2015521600038,1,9,0,18,0,0,0,0,0,0,3,1,6,2,28,6,1997,2,13,-1,1,-1
2015521600038,2,9,0,18,0,0,0,0,0,0,3,1,6,1,29,6,2835,2,22,-1,3,-1
2015521600038,3,9,0,18,0,0,0,0,0,0,3,1,6,1,21,5,2156,1,21,-1,1,-1
2015521600043,1,9,0,17,0,8,0,0,7,11,1,1,6,1,33,6,1242,1,5,-1,1,-1
2015521600045,1,9,0,18,0,8,0,0,0,0,1,1,6,1,46,8,1686,2,21,-1,1,-1
2015521600045,2,9,0,9,0,5,5,0,0,0,4,1,6,1,20,4,-1,-1,-1,-1,2,-1
2015521600045,3,9,0,7,0,5,0,0,0,0,3,1,6,1,34,6,-1,-1,-1,-1,1,-1
2015521600061,1,9,0,18,0,1,0,0,0,0,3,1,6,1,31,6,1910,2,7,-1,1,-1
2015521600061,2,9,0,9,0,8,0,0,0,0,3,1,6,1,27,6,1560,2,1,-1,1,-1
2015521600063,1,9,0,17,0,2,0,0,0,0,1,1,6,1,25,5,2148,2,7,-1,1,-1
2015521600063,2,1,0,18,0,1,0,0,0,0,3,1,6,2,24,5,-1,-1,-1,-1,1,-1
2015521600080,1,3,0,18,0,0,0,0,0,0,1,1,1,1,30,6,600,1,1,-1,2,-1
2015521600080,2,9,0,6,0,0,0,0,0,0,4,1,6,1,34,6,2179,2,3,-1,1,-1
2015521600081,1,19,0,1,0,0,0,0,0,0,2,1,6,3,-1,-1,-1,-1,-1,-1,-1,-1
2015521600093,1,9,0,18,0,2,0,0,0,0,1,1,6,2,50,8,998,1,6,-1,1,-1
2015521600093,2,9,0,18,0,1,0,0,0,0,1,1,6,2,30,6,2204,2,8,-1,1,-1
2015521600100,1,9,0,9,0,5,0,0,0,0,1,1,6,2,86,11,1598,1,11,-1,1,-1
2015521600100,2,1,0,18,0,8,0,0,0,0,1,1,6,1,53,8,-1,-1,-1,-1,1,-1
2015521600109,1,9,0,18,0,0,0,0,0,0,3,1,6,1,19,4,1360,1,13,-1,2,-1
2015521600112,1,9,0,9,0,8,0,0,0,0,1,1,6,2,39,7,1560,2,8,-1,1,-1
2015521600112,2,9,0,18,0,8,0,0,0,0,1,1,6,2,40,7,1364,1,8,-1,3,-1
2015521600114,1,19,0,18,0,8,0,0,0,0,1,1,6,1,46,8,1248,2,1,-1,-1,-1
2015521600114,2,5,0,4,0,8,0,0,0,0,2,1,6,1,38,7,-1,-1,-1,-1,1,-1
2015521600175,1,9,0,3,0,0,0,0,0,0,2,1,6,2,47,8,1397,1,7,-1,1,-1
2015521600175,2,9,0,18,0,0,0,0,0,0,1,1,6,2,80,11,1498,1,14,-1,1,-1
2015521600175,3,9,0,3,0,0,0,0,0,0,1,1,6,1,39,7,1968,2,3,-1,1,-1
2015521600177,1,9,0,4,0,0,0,0,0,0,1,1,6,1,51,8,2993,2,2,-1,3,-1
2015521600177,2,9,0,4,0,0,0,0,0,0,1,1,6,2,38,7,1796,1,7,-1,1,-1
2015521600188,1,9,0,4,0,8,0,0,0,0,2,1,6,2,65,9,1968,2,7,-1,1,-1
2015521600188,2,9,0,18,0,8,0,0,0,0,1,1,6,1,42,7,-1,-1,-1,-1,1,-1
2015521600199,1,9,0,2,0,1,0,0,0,0,3,1,6,1,60,9,1995,2,13,-1,1,-1
2015521600199,2,9,0,2,0,1,0,0,0,0,2,1,6,2,18,4,998,1,4,-1,1,-1
2015521600199,3,1,0,18,0,1,0,0,0,0,1,1,6,1,37,7,-1,-1,-1,-1,1,-1
2015521600204,1,9,0,9,0,2,0,0,0,0,1,1,6,2,50,8,1591,1,2,-1,1,-1
2015521600204,2,9,0,18,0,8,0,0,0,0,1,1,6,1,32,6,2148,2,7,-1,1,-1
2015521600204,3,9,0,2,0,1,0,0,0,0,4,1,6,2,56,9,1587,1,14,-1,1,-1
2015521600204,4,9,0,2,0,1,0,0,0,0,3,1,6,1,-1,-1,1968,2,8,-1,1,-1
2015521600210,1,9,0,9,0,8,0,0,0,0,3,1,6,1,66,10,3165,1,12,-1,1,-1
2015521600210,2,5,0,18,0,8,0,0,0,0,1,1,6,1,23,5,660,1,6,-1,1,-1
2015521600213,1,9,0,18,0,0,0,0,0,0,3,1,6,2,30,6,1198,1,6,-1,1,-1
2015521600213,2,9,0,18,0,0,0,0,7,0,3,1,6,2,20,4,1124,1,12,-1,2,-1
2015521600213,3,9,0,18,0,0,0,0,7,0,3,1,6,2,47,8,1242,1,2,-1,1,-1
2015521600215,1,21,1,10,0,8,0,0,0,0,3,1,6,1,44,7,-1,-1,-1,-1,-1,-1
2015521600215,2,9,0,7,0,8,0,0,0,0,1,1,6,2,70,10,1389,1,10,-1,1,-1
2015521600220,1,9,0,9,0,1,0,0,0,0,2,1,6,1,39,7,1998,1,7,-1,2,-1
2015521600220,2,9,0,4,0,1,0,0,0,0,2,1,6,2,53,8,1796,1,8,-1,2,-1
2015521600220,3,9,0,4,0,1,0,0,0,0,1,1,6,1,52,8,-1,-1,-1,-1,3,-1
2015521600221,1,9,0,18,0,0,1,0,1,4,4,1,6,2,20,4,1389,1,13,-1,1,-1
2015521600225,1,9,0,18,0,0,0,0,0,0,1,1,6,1,29,6,1360,1,11,-1,1,-1
2015521600225,2,1,0,18,0,0,0,0,0,0,1,1,6,1,40,7,-1,-1,-1,-1,1,-1
2015521600228,1,9,0,4,0,1,0,0,0,0,2,1,6,1,48,8,1560,2,4,-1,1,-1
2015521600228,2,9,0,4,0,1,0,0,0,0,1,1,6,3,-1,-1,1973,1,17,-1,-1,-1
2015521600231,1,9,0,9,0,5,0,0,0,0,3,1,6,2,42,7,1997,2,4,-1,1,-1
2015521600231,2,9,0,1,0,8,0,0,0,0,2,1,6,1,37,7,-1,-1,-1,-1,1,-1
2015521600237,1,9,0,3,0,0,0,0,0,0,2,1,6,1,29,6,2231,2,8,-1,1,-1
2015521600237,2,9,0,18,0,0,0,0,0,0,1,1,6,1,80,11,1598,1,10,-1,1,-1
2015521600241,1,1,0,18,0,2,0,10,0,0,0,1,6,1,20,4,-1,-1,-1,-1,3,-1
2015521600241,2,21,0,13,0,2,0,0,0,0,0,1,6,3,-1,-1,-1,-1,-1,-1,-1,-1
2015521600246,1,1,0,18,0,8,0,0,0,0,1,1,6,1,44,7,-1,-1,-1,-1,1,-1
2015521600246,2,9,0,7,0,6,0,0,0,0,3,1,6,1,34,6,1398,2,8,-1,1,-1
2015521600247,1,9,0,18,0,1,0,0,0,0,1,1,6,2,36,7,1360,1,13,-1,1,-1
2015521600247,2,1,0,18,0,1,0,0,0,0,2,1,6,1,44,7,-1,-1,-1,-1,1,-1
2015521600249,1,9,0,18,0,8,0,0,0,0,4,1,6,2,45,7,1199,1,13,-1,1,-1
2015521600249,2,9,0,18,0,8,0,0,0,0,1,1,6,1,22,5,-1,-1,-1,-1,1,-1
2015521600251,1,9,0,10,0,8,0,0,0,0,2,1,6,1,25,5,1339,1,4,-1,1,-1
2015521600251,2,9,0,18,0,1,0,0,0,0,1,1,6,2,31,6,1199,1,13,-1,-1,-1
2015521600267,1,9,0,18,0,8,0,0,0,0,3,1,6,1,59,9,1339,1,8,-1,1,-1
2015521600267,2,9,0,8,0,8,0,0,0,0,3,1,6,2,18,4,998,1,-1,-1,1,-1
2015521600276,1,1,0,9,0,0,0,0,0,0,1,1,6,1,50,8,-1,-1,-1,-1,1,-1
2015521600276,2,9,0,18,0,0,0,0,0,0,3,1,6,2,33,6,1422,2,8,-1,2,-1
2015521600281,1,9,0,16,0,0,0,0,0,0,1,1,6,1,34,6,1299,1,8,-1,1,-1
2015521600281,2,9,0,17,0,0,0,0,0,0,1,1,6,2,45,7,1248,1,4,-1,2,-1
2015521600283,1,3,0,18,0,2,0,0,0,0,1,1,6,1,57,9,645,1,5,-1,1,-1
2015521600283,2,3,0,18,0,1,0,0,0,0,1,1,6,3,-1,-1,-1,-1,-1,-1,-1,-1
2015521600307,1,9,0,16,0,0,0,10,7,11,1,1,6,2,20,4,1388,1,8,-1,3,-1
2015521600308,1,9,0,9,0,5,0,0,0,0,4,1,6,1,62,9,1360,1,8,-1,1,-1
2015521600308,2,5,0,18,0,8,0,0,0,0,1,1,6,1,57,9,738,1,19,-1,1,-1
2015521600318,1,9,0,14,0,0,0,0,0,0,3,1,6,3,-1,-1,-1,-1,-1,-1,-1,-1
2015521600320,1,9,0,1,0,8,0,0,0,0,2,1,6,1,41,7,1399,1,12,-1,1,-1
2015521600320,2,9,0,18,0,8,0,0,0,0,3,1,6,1,46,8,2993,2,3,-1,-1,-1
2015521600320,3,9,0,4,0,8,0,0,0,0,1,1,1,1,31,6,2993,2,5,-1,-1,-1
2015521600320,4,9,0,18,0,8,0,0,0,0,1,1,1,1,40,7,1753,2,6,-1,-1,-1
2015521600320,5,9,0,4,0,8,0,0,0,0,2,1,1,1,44,7,2993,2,5,-1,-1,-1
2015521600320,6,9,0,18,0,8,0,0,0,0,4,1,6,2,36,7,1598,1,11,-1,1,-1
2015521600368,1,9,0,9,0,8,0,0,0,0,1,1,6,2,37,7,1229,1,5,-1,1,-1
2015521600368,2,9,0,18,0,8,0,0,0,0,2,1,6,1,20,4,1560,2,6,-1,-1,-1
2015521600392,1,9,0,18,0,0,0,0,0,0,1,1,6,2,39,7,-1,-1,-1,-1,1,-1
2015521600392,2,9,0,18,0,0,0,0,0,0,1,1,6,1,46,8,1986,2,10,-1,2,-1
2015521600394,1,9,0,2,0,0,0,0,0,0,3,1,6,2,24,5,1896,2,13,-1,1,-1
2015521600394,2,1,0,18,0,0,0,0,0,0,4,1,6,1,-1,-1,-1,-1,-1,-1,1,-1
2015521600419,1,9,0,18,0,8,0,0,0,0,1,1,6,2,35,6,1499,2,-1,-1,1,-1
2015521600419,2,9,0,5,0,4,0,0,0,0,3,1,6,2,32,6,2143,2,-1,-1,1,-1
2015521600430,1,3,0,10,0,8,0,0,0,0,4,1,6,1,25,5,124,1,9,-1,1,-1
2015521600430,2,9,0,18,0,8,0,0,0,0,4,1,6,2,45,7,1968,2,1,-1,3,-1
2015521600439,1,9,0,4,0,1,0,0,0,0,3,1,6,2,49,8,1560,2,2,-1,1,-1
2015521600439,2,9,0,9,0,6,0,0,0,0,3,1,6,3,-1,-1,1396,1,14,-1,-1,-1
2015521600441,1,4,0,18,0,2,0,0,0,0,1,1,6,1,25,5,-1,-1,-1,-1,2,-1
2015521600447,1,9,0,9,0,6,0,0,0,0,3,1,6,1,89,11,1797,8,-1,-1,1,-1
2015521600447,2,9,0,18,0,8,0,0,7,11,1,1,6,1,38,7,-1,-1,-1,-1,1,-1
2015521600493,1,5,0,18,0,2,0,4,0,0,1,1,6,1,21,5,487,1,20,-1,1,-1
2015521600493,2,9,0,2,0,8,0,0,0,0,1,1,6,1,40,7,1596,1,10,-1,1,-1
2015521600505,1,9,0,18,0,0,0,0,1,4,1,1,6,1,18,4,998,1,14,-1,2,-1
2015521600508,1,9,0,18,0,8,0,0,0,0,1,1,6,1,19,4,1124,1,14,-1,1,-1
2015521600555,1,1,0,18,0,8,0,0,0,0,1,1,6,1,34,6,-1,-1,-1,-1,1,-1
2015521600555,2,9,0,18,0,4,0,0,0,0,3,1,6,3,-1,-1,-1,-1,-1,-1,-1,-1
2015521600560,1,9,0,18,0,0,0,0,0,0,3,1,6,1,53,8,1598,2,1,-1,1,-1
2015521600566,1,9,0,9,0,8,0,0,0,0,4,1,6,1,67,10,1968,2,10,-1,1,-1
2015521600566,2,1,0,18,0,8,0,0,0,0,1,1,6,1,50,8,-1,-1,-1,-1,1,-1
2015521600579,1,9,0,3,0,1,0,0,0,0,2,1,6,2,50,8,1248,1,1,-1,2,-1
2015521600579,2,9,0,5,0,1,0,0,0,0,1,1,6,1,57,9,1798,1,10,-1,2,-1
2015521600584,1,9,0,18,0,3,0,0,0,0,1,1,6,1,36,7,2259,1,15,-1,1,-1
2015521600584,2,1,0,18,0,8,0,0,0,0,1,1,6,1,54,8,-1,-1,-1,-1,1,-1
2015521600585,1,9,0,9,0,8,0,0,0,0,1,1,6,1,36,7,-1,-1,-1,-1,1,-1
2015521600585,2,1,0,18,0,8,0,0,0,0,1,1,6,1,26,6,-1,-1,-1,-1,1,-1
2015521600593,1,9,0,18,0,0,0,0,0,0,0,1,6,3,-1,-1,1984,1,7,-1,-1,-1
2015521600594,1,9,0,18,0,0,0,0,0,0,1,1,6,2,30,6,1995,2,7,-1,3,-1
2015521600594,2,1,0,18,0,0,0,0,0,0,3,1,6,1,13,3,-1,-1,-1,-1,1,-1
2015521600595,1,9,0,16,0,0,1,0,2,11,1,1,6,1,24,5,1398,1,14,-1,1,-1
2015521600595,2,21,1,18,0,0,0,0,0,0,1,1,1,1,58,9,12902,2,-1,-1,3,-1
2015521600595,3,9,0,16,0,0,0,0,0,0,1,1,6,1,30,6,1582,2,1,-1,1,-1
2015521600616,1,9,0,18,0,0,5,0,1,10,1,1,6,1,19,4,1198,1,2,-1,3,-1
2015521600616,2,9,0,18,0,0,0,0,0,0,1,1,6,3,-1,-1,-1,-1,-1,-1,-1,-1
2015521600622,1,9,0,7,0,8,0,0,0,0,1,1,6,1,42,7,-1,-1,-1,-1,3,-1
2015521600622,2,9,0,16,0,8,0,0,0,0,1,1,6,1,30,6,1968,2,5,-1,1,-1
2015521600632,1,2,0,18,0,1,0,0,0,0,1,1,6,2,16,4,49,1,6,-1,1,-1
2015521600632,2,9,0,10,0,1,0,0,0,0,2,1,6,2,25,5,1360,1,5,-1,1,-1
2015521600632,3,9,0,10,0,1,0,0,0,0,0,1,6,3,-1,-1,-1,-1,-1,-1,-1,-1
2015521600635,1,9,0,8,0,1,0,0,0,0,2,1,6,2,25,5,1398,1,-1,-1,1,-1
2015521600635,2,9,0,18,0,1,0,0,0,0,1,1,6,1,22,5,-1,-1,-1,-1,1,-1
2015521600636,1,9,0,18,0,1,0,0,0,0,1,1,6,1,21,5,1360,1,14,-1,1,-1
2015521600636,2,9,0,18,0,1,0,0,0,0,3,1,6,1,72,10,1997,2,4,-1,1,-1
2015521600636,3,9,0,9,0,5,0,0,0,0,2,1,6,1,59,9,1749,1,13,-1,1,-1
2015521600664,1,9,0,18,0,0,0,0,0,0,1,1,6,2,34,6,1596,1,10,-1,1,-1
2015521600672,1,9,0,18,0,1,0,7,1,0,1,1,6,2,60,9,1598,1,5,-1,1,-1
2015521600672,2,9,0,2,6,2,0,0,0,0,4,1,6,3,-1,-1,1242,1,5,-1,-1,-1
2015521600676,1,9,0,18,0,0,0,0,0,0,3,1,6,2,73,10,-1,-1,-1,-1,1,-1
2015521600676,2,21,0,18,0,0,0,0,0,0,3,1,6,3,-1,-1,-1,-1,-1,-1,-1,-1
2015521600679,1,9,0,18,0,0,0,0,0,0,3,1,6,2,26,6,1991,2,10,-1,1,-1
2015521600694,1,2,0,3,0,8,0,0,0,0,1,1,6,2,37,7,49,1,11,-1,1,-1
2015521600694,2,9,0,9,0,5,0,0,0,0,2,1,6,1,19,4,1995,2,10,-1,1,-1
2015521600696,1,9,0,18,0,1,0,0,0,0,1,1,6,2,51,8,-1,-1,-1,-1,2,-1
2015521600696,2,9,0,18,0,1,0,0,0,0,4,1,6,1,40,7,1997,2,6,-1,1,-1
2015521600790,1,9,0,3,0,1,0,11,0,0,1,1,6,1,63,9,1997,1,26,-1,1,-1
2015521600836,1,9,0,18,0,0,0,0,0,0,1,1,6,1,26,6,1560,2,3,-1,1,-1
2015521600836,2,9,0,2,0,0,0,0,0,0,1,1,6,1,37,7,1798,1,12,-1,1,-1
2015521600836,3,9,0,2,0,0,0,0,0,0,3,1,6,1,59,9,1242,1,6,-1,1,-1
2015521600836,4,9,0,2,0,0,0,0,0,0,3,1,6,2,80,11,995,1,7,-1,1,-1
2015521600848,1,9,0,18,0,0,0,0,0,0,1,1,6,2,27,6,1686,2,1,-1,1,-1
2015521600848,2,9,0,18,0,0,0,0,0,0,1,1,6,2,21,5,999,1,1,-1,2,-1
2015521600855,1,9,0,18,0,0,0,0,0,0,1,1,6,3,-1,-1,-1,-1,-1,-1,-1,-1
2015521600863,1,9,0,18,0,1,0,0,0,0,3,1,6,1,40,7,-1,-1,-1,-1,1,-1
2015521600863,2,9,0,5,0,1,0,0,0,0,4,1,6,1,60,9,1348,1,14,-1,1,-1
2015521600909,1,9,0,18,0,1,0,0,0,0,3,1,6,2,36,7,1399,1,5,-1,1,-1
2015521600915,1,9,0,5,0,6,0,0,0,0,1,1,6,1,-1,-1,2400,2,4,-1,3,-1
2015521600915,2,1,0,18,0,8,0,0,0,0,4,1,6,1,33,6,-1,-1,-1,-1,1,-1
2015521600918,1,9,0,9,0,8,0,0,0,0,1,1,6,1,22,5,999,1,2,-1,1,-1
2015521600918,2,3,0,18,0,8,0,0,0,0,3,1,6,1,20,4,124,1,12,-1,-1,-1
2015521601026,1,9,0,18,0,0,0,0,2,1,1,1,6,1,30,6,1596,1,15,-1,1,-1
2015521601028,1,9,0,9,0,8,0,0,1,4,1,1,6,2,32,6,1587,1,11,-1,1,-1
2015521601053,1,9,0,4,0,0,0,0,0,0,2,1,6,2,30,6,1999,1,10,-1,1,-1
2015521601053,2,9,0,18,0,0,0,0,0,0,1,1,6,1,58,9,1968,2,1,-1,1,-1
2015521601098,1,9,0,1,0,0,0,10,1,10,4,1,6,2,68,10,2835,2,19,-1,1,-1
2015521601201,1,9,0,18,0,0,2,0,2,10,1,1,6,1,23,5,1461,2,6,-1,-1,-1
2015521601234,1,2,0,18,0,8,0,0,0,0,1,1,6,1,20,4,50,1,2,-1,1,-1
2015521601234,2,9,0,9,0,5,0,0,0,0,1,1,6,1,66,10,1389,1,18,-1,1,-1
2015521601334,1,9,0,16,0,1,2,10,1,10,3,1,6,1,19,4,1598,1,14,-1,1,-1
2015521601358,1,9,0,18,0,1,0,0,0,0,1,1,6,3,-1,-1,1299,1,16,-1,-1,-1
2015521601358,2,9,0,18,0,1,0,0,0,0,2,1,6,1,35,6,1896,2,14,-1,1,-1
2015521601362,1,9,0,18,0,8,0,0,0,0,0,1,6,2,52,8,2999,2,9,-1,1,-1
2015521601378,1,9,0,18,0,0,0,0,0,0,4,1,6,3,-1,-1,-1,-1,-1,-1,-1,-1
2015521601378,2,9,0,18,0,0,1,10,0,0,4,1,6,1,50,8,1398,1,13,-1,1,-1
2015521601407,1,9,0,5,0,6,0,0,0,0,1,1,6,2,40,7,1390,1,9,-1,1,-1
2015521601407,2,3,0,18,0,8,0,0,0,0,1,1,6,1,18,4,124,1,12,-1,1,-1
2015521601454,1,9,0,7,0,5,0,0,0,0,1,1,6,2,55,8,1149,1,6,-1,1,-1
2015521601559,1,9,0,18,0,0,0,0,0,0,2,1,6,1,34,6,998,1,-1,-1,1,-1
2015521601559,2,9,0,18,0,0,0,0,0,0,1,1,6,1,36,7,1999,1,-1,-1,1,-1
2015521601634,1,9,0,18,0,1,0,0,0,0,1,1,6,1,55,8,1399,2,10,-1,1,-1
2015521601634,2,9,0,2,0,1,0,0,0,0,0,1,6,3,-1,-1,-1,-1,-1,-1,-1,-1
2015521601634,3,1,0,18,0,6,0,0,0,0,1,1,6,1,37,7,-1,-1,-1,-1,1,-1
2015521602010,1,3,0,18,2,8,0,0,0,0,3,1,6,1,34,6,125,1,-1,-1,1,-1
2015521602010,2,9,0,7,0,5,0,0,0,0,4,1,6,1,36,7,1248,2,12,-1,1,-1
2015521602073,1,9,0,18,0,8,0,0,0,0,1,1,6,2,62,9,1490,1,6,-1,1,-1
2015521602073,2,9,0,9,0,6,0,0,0,0,3,1,6,2,45,7,1596,1,9,-1,1,-1
2015521602170,1,4,0,17,0,1,0,0,0,0,3,1,6,1,29,6,-1,-1,-1,-1,2,-1
2015521602170,2,9,0,9,0,1,0,0,0,0,1,1,6,1,50,8,-1,-1,-1,-1,1,-1
2015521602311,1,9,0,18,0,1,0,0,0,0,3,1,6,1,39,7,-1,-1,-1,-1,1,-1
2015521602311,2,1,0,18,0,1,0,0,0,0,1,1,6,1,32,6,-1,-1,-1,-1,1,-1
2015521603059,1,9,0,18,0,0,0,0,0,0,1,1,6,1,89,11,1896,2,10,-1,1,-1
2015521603135,1,9,0,7,0,6,0,0,0,0,1,1,6,1,76,11,2148,2,10,-1,1,-1
2015521603135,2,1,0,18,0,8,0,0,0,0,2,1,6,1,38,7,-1,-1,-1,-1,1,-1
2015521603272,1,9,0,18,0,8,0,0,0,0,1,1,6,2,31,6,1399,1,9,-1,1,-1
2015521603272,2,9,0,9,0,8,0,0,0,0,4,1,6,2,61,9,2499,1,5,-1,3,-1
2015530035400,1,9,0,5,0,6,0,0,0,0,1,1,6,1,49,8,1598,2,2,-1,3,-1
2015530035400,2,1,0,18,0,8,0,0,0,0,4,1,6,1,14,3,-1,-1,-1,-1,1,-1
2015530035408,1,9,0,18,0,3,0,0,0,0,3,1,6,1,56,9,-1,-1,-1,-1,-1,-1
2015530035408,2,9,0,18,0,3,0,10,3,1,4,1,6,1,25,5,1596,1,14,-1,1,-1
2015530035431,1,9,0,18,0,0,1,0,0,0,1,1,1,1,32,6,-1,-1,-1,-1,1,-1
2015530035431,2,9,0,3,0,0,0,0,0,0,2,1,6,1,62,9,1368,1,-1,-1,3,-1
2015530035431,3,9,0,3,0,0,0,0,0,0,2,1,6,1,52,8,1560,2,1,-1,1,-1
2015530035432,1,9,0,9,0,5,0,0,0,0,1,1,6,1,35,6,1769,1,10,-1,3,-1
2015530035432,2,9,0,18,0,8,0,0,0,0,1,1,6,2,44,7,1596,1,11,-1,1,-1
2015530035471,1,9,0,12,0,1,0,0,0,0,1,1,6,1,18,4,1600,1,11,-1,1,-1
2015530035471,2,9,0,18,0,1,5,10,6,0,2,1,6,1,71,10,1296,1,9,-1,1,-1
2015530035549,1,9,0,18,0,4,0,7,1,0,1,1,6,1,24,5,1198,1,1,-1,1,-1
2015530035564,1,9,0,18,0,1,0,0,0,0,1,1,6,3,-1,-1,-1,-1,-1,-1,-1,-1
2015530035613,1,9,0,9,0,6,0,0,0,0,1,1,1,1,72,10,1596,1,8,-1,1,-1
2015530035613,2,5,0,18,0,8,0,0,0,0,4,1,1,1,54,8,1157,1,14,-1,1,-1
2015530035838,1,9,0,18,0,2,0,0,0,0,1,1,2,2,52,8,1598,1,16,-1,1,-1
2015530035859,1,98,0,17,0,3,0,0,0,0,3,1,1,1,29,6,4764,2,1,-1,1,-1
2015530035859,2,9,4,16,0,1,0,0,0,0,3,1,2,2,65,9,2495,2,13,-1,3,-1
2015530035888,1,19,0,4,0,1,0,0,0,0,1,1,1,1,42,7,1868,2,9,-1,1,-1
2015530035888,2,5,0,4,0,1,0,0,0,0,2,1,6,1,52,8,781,1,11,-1,2,-1
2015530035941,1,9,0,9,0,6,0,0,0,0,0,1,1,2,46,8,1360,1,9,-1,1,-1
2015530035941,2,3,0,18,0,1,0,0,0,0,3,1,2,2,38,7,125,1,4,-1,1,-1
2015530036261,1,9,0,18,0,6,0,0,0,0,3,1,1,2,52,8,999,1,2,-1,1,-1
2015530036261,2,9,0,18,0,8,0,0,7,0,1,1,6,1,27,6,1461,2,5,-1,3,-1
2015530036287,1,3,0,18,0,0,0,0,1,0,1,1,6,1,65,9,125,1,2,-1,3,-1
2015530036288,1,19,0,1,0,1,0,0,0,0,2,1,6,1,32,6,1968,2,4,-1,1,-1
2015530036314,1,9,0,17,0,0,1,0,1,4,1,1,6,2,21,5,875,1,4,-1,2,-1
2015530036360,1,98,0,18,0,0,0,0,0,0,2,1,1,1,-1,-1,12419,2,-1,-1,1,-1
2015530036360,2,9,0,18,0,0,0,0,0,0,1,1,6,1,43,7,1997,2,13,-1,1,-1
2015530036360,3,9,0,18,0,0,0,0,0,0,1,1,6,1,24,5,2290,1,11,-1,1,-1
2015530036360,4,9,0,18,0,0,0,0,0,0,2,1,1,1,46,8,-1,-1,-1,-1,1,-1
2015530036360,5,9,0,18,0,0,0,0,0,0,1,1,6,1,58,9,1299,1,7,-1,1,-1
2015530036360,6,9,0,18,0,0,0,0,0,0,2,1,6,1,57,9,1596,1,13,-1,1,-1
2015530036360,7,9,0,18,0,0,0,0,0,0,2,1,6,1,49,8,1248,1,1,-1,1,-1
2015530036360,8,9,0,18,0,0,0,0,0,0,2,1,6,1,37,7,-1,-1,-1,-1,1,-1
2015530036412,1,9,0,3,0,0,0,0,0,0,2,1,6,1,72,10,1595,2,6,-1,1,-1
2015530036412,2,9,0,3,0,0,0,0,0,0,2,1,6,1,66,10,1587,1,12,-1,3,-1
2015530036412,3,9,0,4,0,0,0,0,0,0,1,1,6,2,21,5,1242,1,6,-1,1,-1
2015530036461,1,9,0,17,0,0,1,0,1,0,2,1,6,2,25,5,998,1,20,-1,1,-1
2015530036461,2,9,0,18,0,0,0,0,0,0,1,1,6,1,44,7,2179,2,-1,-1,2,-1
2015530036484,1,9,0,8,0,1,0,0,0,0,2,1,1,1,59,9,1398,2,9,-1,2,-1
2015530036484,2,9,0,7,0,1,0,0,0,0,1,1,6,2,46,8,1997,2,1,-1,1,-1
2015530036494,1,9,0,1,0,0,0,0,1,0,2,1,6,2,42,7,1389,1,17,-1,1,-1
2015530036494,2,9,0,18,0,0,0,0,0,0,1,1,6,1,40,7,-1,-1,-1,-1,1,-1
2015530036494,3,9,0,4,0,0,0,0,0,0,2,1,6,2,22,5,1364,1,7,-1,1,-1
2015530036501,1,19,0,18,0,6,0,0,1,0,1,1,1,1,61,9,2287,2,5,-1,1,-1
2015530036501,2,21,0,18,0,8,0,0,0,0,1,1,1,1,46,8,11946,2,8,-1,1,-1
2015530036529,1,1,0,18,0,8,0,0,0,0,3,1,6,1,10,2,-1,-1,-1,-1,1,-1
2015530036529,2,9,0,1,0,6,0,0,0,0,4,1,6,1,-1,-1,-1,-1,-1,-1,-1,-1
2015530036665,1,9,0,17,0,0,0,0,0,0,1,1,2,1,43,7,1299,1,11,-1,3,-1
2015530036665,2,19,0,16,0,0,0,0,0,0,1,1,1,1,31,6,1753,2,7,-1,1,-1
2015530037253,1,9,0,18,0,0,0,0,0,0,1,1,6,1,67,10,1582,2,6,-1,1,-1
2015530037253,2,20,0,18,0,0,2,0,0,0,1,1,6,1,35,6,4580,2,8,-1,3,-1
2015530037278,1,9,0,18,0,6,0,0,1,0,1,1,6,1,42,7,1390,1,13,-1,3,-1
2015530037278,2,9,0,18,0,8,0,0,1,0,3,1,6,1,47,8,1998,8,-1,-1,2,-1
2015530037282,1,9,0,18,0,0,1,0,0,0,1,1,1,1,50,8,1968,2,-1,-1,1,-1
2015530037282,2,9,0,18,0,0,0,0,1,0,2,1,6,1,73,10,1086,1,5,-1,1,-1
2015530037290,1,19,0,17,0,0,1,0,0,0,1,1,6,1,21,5,1686,2,11,-1,1,-1