Accident_Index,Vehicle_Reference,Vehicle_Type,Towing_and_Articulation,Vehicle_Manoeuvre,Vehicle_Location-Restricted_Lane,Junction_Location,Skidding_and_Overturning,Hit_Object_in_Carriageway,Vehicle_Leaving_Carriageway,Hit_Object_off_Carriageway,1st_Point_of_Impact,Was_Vehicle_Left_Hand_Drive?,Journey_Purpose_of_Driver,Sex_of_Driver,Age_of_Driver,Age_Band_of_Driver,Engine_Capacity_(CC),Propulsion_Code,Age_of_Vehicle,Driver_IMD_Decile,Driver_Home_Area_Type,Vehicle_IMD_Decile
2015530037290,2,9,0,18,0,0,0,0,1,0,1,1,6,1,37,7,1896,2,15,-1,1,-1
2015530037292,1,9,0,13,0,0,1,0,7,0,4,1,6,1,84,11,1560,2,6,-1,3,-1
2015530037292,2,9,0,13,0,0,1,0,0,0,3,1,6,1,18,4,999,1,-1,-1,3,-1
2015530037292,3,21,1,18,0,0,0,0,0,0,3,1,1,1,54,8,12900,2,4,-1,1,-1
2015530037299,1,9,0,16,0,0,1,0,7,0,2,1,6,1,19,4,1396,1,12,-1,-1,-1
2015530037306,1,9,0,18,0,0,0,0,0,0,1,1,2,2,22,5,1490,1,10,-1,1,-1
2015530037306,2,9,0,3,0,0,0,0,0,0,2,1,6,2,28,6,1997,2,14,-1,1,-1
2015530037306,3,9,0,3,0,0,0,0,0,0,2,1,1,1,39,7,1299,1,13,-1,3,-1
2015530037309,1,98,0,5,0,0,0,0,0,0,0,1,1,1,40,7,2148,2,8,-1,-1,-1
2015530037362,1,9,0,3,0,0,0,0,0,0,0,1,1,2,39,7,1598,1,7,-1,1,-1
2015530037362,2,9,0,3,0,0,0,0,0,0,1,1,1,1,40,7,1783,1,15,-1,3,-1
2015530037362,3,9,0,4,0,0,0,0,0,0,2,1,1,2,21,5,1299,1,7,-1,3,-1
2015530037394,1,9,0,17,0,1,0,0,1,11,4,1,6,1,70,10,1299,1,8,-1,2,-1
2015530037397,1,9,0,18,0,2,1,0,1,5,1,1,6,1,81,11,1796,1,11,-1,3,-1
2015530037444,1,9,0,9,0,5,0,0,0,0,1,1,6,2,73,10,1343,1,10,-1,1,-1
2015530037444,2,3,0,18,0,8,5,0,0,0,3,1,2,1,51,8,125,1,1,-1,1,-1
2015530037458,1,9,0,7,0,2,0,0,0,0,4,1,6,1,32,6,1587,1,13,-1,1,-1
2015530037486,1,9,0,16,0,0,1,0,1,0,3,1,6,2,42,7,-1,-1,-1,-1,1,-1
2015530037486,2,9,0,14,0,0,0,0,0,0,1,1,6,1,57,9,1798,8,1,-1,1,-1
2015530037507,1,9,0,18,0,8,1,0,0,0,1,1,6,1,17,4,1198,1,13,-1,1,-1
2015530037507,2,9,0,9,0,6,0,0,0,0,4,1,6,2,55,8,1398,1,4,-1,1,-1
2015530037536,1,9,0,18,0,1,0,0,0,0,4,1,6,1,26,6,1995,1,10,-1,1,-1
2015530037962,1,98,0,18,0,0,0,0,0,0,1,1,6,1,-1,-1,2461,2,8,-1,-1,-1
2015530037962,2,9,0,2,0,0,0,0,0,0,2,1,6,1,42,7,-1,-1,-1,-1,2,-1
2015530038288,1,9,0,18,0,2,0,0,0,0,1,1,6,1,62,9,1998,1,8,-1,1,-1
2015530038298,1,9,0,18,0,0,0,0,0,0,2,1,6,1,26,6,1995,2,-1,-1,1,-1
2015530038298,2,9,0,18,0,0,1,0,1,0,1,1,6,1,37,7,1686,2,3,-1,1,-1
2015530038301,1,9,0,4,0,1,0,0,0,0,1,1,6,1,73,10,1995,1,9,-1,1,-1
2015530038404,1,9,0,9,0,5,0,0,1,0,3,1,6,1,21,5,999,1,3,-1,1,-1
2015530038404,2,9,0,13,0,8,0,0,7,0,1,1,6,1,21,5,1388,1,3,-1,1,-1
2015530038438,1,9,0,5,0,6,2,0,3,0,3,1,6,1,70,10,2179,2,1,-1,-1,-1
2015530038438,2,9,0,18,0,8,2,0,0,0,1,1,6,2,23,5,1398,1,-1,-1,1,-1
2015530038443,1,1,0,18,0,8,0,0,0,0,1,1,6,1,32,6,-1,-1,-1,-1,1,-1
2015530038443,2,9,0,9,0,6,0,0,0,0,1,1,6,1,36,7,-1,-1,-1,-1,3,-1
2015530038593,1,9,0,18,0,8,1,0,0,0,4,1,1,1,51,8,-1,-1,-1,-1,1,-1
2015530038593,2,9,0,9,0,6,0,0,0,0,4,1,6,1,41,7,2496,2,12,-1,1,-1
2015530038631,1,9,0,18,0,0,0,0,0,0,1,1,1,1,45,7,1995,2,7,-1,-1,-1
2015530038645,1,9,0,18,0,0,0,0,0,0,1,1,6,2,88,11,1596,1,26,-1,1,-1
2015530038645,2,9,0,3,0,0,0,0,0,0,2,1,6,1,23,5,1596,1,1,-1,1,-1
2015530038645,3,9,0,3,0,0,0,0,0,0,2,1,6,1,41,7,-1,-1,-1,-1,3,-1
2015530039016,1,9,0,18,0,0,1,11,7,0,1,1,6,1,63,9,-1,-1,-1,-1,3,-1
2015530039016,2,9,0,18,0,0,1,0,0,0,1,1,6,1,43,7,1598,1,9,-1,3,-1
2015530039029,1,9,0,17,0,2,0,0,0,0,1,1,6,1,17,4,1364,1,5,-1,1,-1
2015530039409,1,9,0,5,0,4,0,11,0,0,3,1,2,1,47,8,1397,1,13,-1,3,-1
2015530039409,2,9,0,18,0,3,0,10,0,0,1,1,6,2,36,7,1968,2,1,-1,3,-1
2015530039566,1,9,0,17,0,0,0,0,0,0,1,1,6,1,20,4,1598,1,13,-1,1,-1
2015530039566,2,9,0,16,0,0,0,0,0,0,1,1,6,1,57,9,2521,1,10,-1,1,-1
2015530040447,1,9,0,3,0,2,0,0,0,0,2,1,6,2,29,6,1896,2,7,-1,2,-1
2015530040447,2,9,0,4,0,2,0,0,1,0,1,1,6,1,33,6,1794,1,14,-1,3,-1
2015530040933,1,9,0,18,0,0,0,0,0,0,3,1,6,2,71,10,1242,1,3,-1,3,-1
2015530040933,2,1,0,18,0,0,0,0,0,0,3,1,6,1,69,10,-1,-1,-1,-1,1,-1
2015530040978,1,3,0,7,0,8,2,0,0,0,1,1,6,1,18,4,-1,-1,-1,-1,2,-1
2015530040978,2,9,0,9,0,8,0,0,0,0,1,1,6,2,43,7,1389,1,15,-1,1,-1
2015530041158,1,9,0,4,0,1,0,0,0,0,0,1,6,2,73,10,1999,1,6,-1,-1,-1
2015530041400,1,9,0,16,0,1,0,0,7,7,1,1,6,1,44,7,-1,-1,-1,-1,1,-1
2015530043528,1,9,0,18,0,4,2,10,1,11,1,1,6,2,30,6,1498,1,-1,-1,1,-1
2015530047875,1,3,0,4,0,0,0,0,0,0,1,1,6,2,23,5,125,1,1,-1,1,-1
2015530047875,2,9,0,3,0,0,0,0,0,0,0,1,6,1,36,7,2967,2,1,-1,1,-1
2015530057224,1,9,0,17,0,0,1,0,0,0,1,1,6,1,20,4,1598,1,10,-1,1,-1
2015530057224,2,9,0,18,0,0,1,0,0,0,1,1,6,1,29,6,-1,-1,-1,-1,-1,-1
2015530209223,1,9,0,18,0,0,0,0,1,4,1,1,6,2,43,7,1796,1,8,-1,3,-1
2015530209224,1,9,0,18,0,0,0,0,0,0,1,1,1,1,46,8,-1,-1,-1,-1,1,-1
2015530209224,2,9,0,18,0,0,0,0,0,0,2,1,6,2,69,10,-1,-1,-1,-1,1,-1
2015530209224,3,9,0,18,0,0,0,0,0,0,2,1,6,2,44,7,1422,2,9,-1,1,-1
2015530209225,1,9,0,18,0,1,0,0,0,0,1,1,6,1,27,6,-1,-1,-1,-1,1,-1
2015530209225,2,9,0,10,0,1,0,0,0,0,2,1,6,2,43,7,1997,2,6,-1,1,-1
2015530209226,1,9,0,3,0,0,0,0,0,0,1,1,6,2,20,4,-1,-1,-1,-1,1,-1
2015530209227,1,9,0,18,0,1,0,0,0,0,1,1,6,1,91,11,-1,-1,-1,-1,1,-1
2015530209227,2,9,0,18,0,1,0,0,0,0,1,1,6,1,75,10,1360,1,5,-1,1,-1
2015530209227,3,9,0,18,0,1,0,0,0,0,1,1,6,2,85,11,1598,1,6,-1,1,-1
2015530209227,4,9,0,18,0,1,0,0,0,0,1,1,6,2,63,9,1596,1,4,-1,1,-1
2015530209228,1,9,0,1,0,0,0,0,0,0,2,1,6,2,32,6,1386,1,12,-1,2,-1
2015530209228,2,9,0,18,0,0,0,0,0,0,4,1,6,1,56,9,1200,1,2,-1,1,-1
2015530209229,1,9,0,18,0,6,0,0,0,0,3,1,1,2,28,6,-1,-1,-1,-1,1,-1
2015530209229,2,9,0,18,0,8,0,0,0,0,1,1,6,2,60,9,1388,1,5,-1,3,-1
2015530209230,1,9,0,18,0,0,0,0,7,4,1,1,6,1,27,6,-1,-1,-1,-1,1,-1
2015530209231,1,9,0,17,0,0,0,0,1,0,1,1,6,1,52,8,1997,2,10,-1,1,-1
2015530209232,1,9,0,1,0,8,0,0,0,0,2,1,6,3,28,6,-1,-1,-1,-1,-1,-1
2015530209232,2,1,0,18,0,1,0,0,0,0,1,1,6,2,81,11,-1,-1,-1,-1,1,-1
2015530209233,1,21,0,1,0,0,0,0,0,0,2,1,1,1,51,8,11946,2,6,-1,1,-1
2015530209234,1,4,0,18,0,1,0,0,0,0,2,1,1,1,62,9,279,1,1,-1,1,-1
2015530209234,2,9,0,3,0,1,0,0,0,0,2,1,1,1,50,8,1997,2,8,-1,2,-1
2015530209235,1,9,0,18,0,8,0,0,0,0,1,1,6,1,83,11,-1,-1,-1,-1,1,-1
2015530209235,2,20,0,4,0,8,0,0,0,0,2,1,1,1,50,8,-1,-1,-1,-1,1,-1
2015530209236,1,9,0,9,0,2,0,0,0,0,0,1,6,1,48,8,-1,-1,-1,-1,3,-1
2015530209236,2,9,0,18,0,1,0,0,0,0,2,1,3,2,49,8,1995,2,7,-1,1,-1
2015530209236,3,9,0,18,0,1,0,0,0,0,1,1,6,1,18,4,1390,1,9,-1,1,-1
2015530209237,1,9,0,18,0,8,0,0,0,0,3,1,6,1,40,7,1799,1,8,-1,1,-1
2015530209237,2,9,0,18,0,8,0,0,0,0,4,1,1,1,29,6,-1,-1,-1,-1,1,-1
2015530209238,1,9,0,18,0,0,0,0,0,0,1,1,1,1,32,6,1584,1,9,-1,1,-1
2015530209239,1,9,0,18,0,2,0,0,0,0,1,1,1,1,56,9,-1,-1,-1,-1,1,-1
2015530209240,1,9,0,18,0,0,0,0,0,0,1,1,1,1,28,6,1686,2,2,-1,1,-1
2015530209240,2,1,0,18,0,0,0,0,0,0,3,1,6,1,34,6,-1,-1,-1,-1,3,-1
2015530209241,1,9,0,18,0,0,0,0,0,0,1,1,6,2,22,5,-1,-1,-1,-1,1,-1
2015530209241,2,9,0,3,0,0,0,0,0,0,4,1,6,1,46,8,1598,1,3,-1,3,-1
2015530209241,3,9,0,2,0,0,0,0,0,0,1,1,6,2,52,8,1490,1,8,-1,1,-1
2015530209241,4,9,0,18,0,0,0,0,0,0,1,1,2,2,27,6,1248,1,2,-1,3,-1
2015530209242,1,9,0,18,0,0,0,0,0,0,1,1,2,1,56,9,1995,2,3,-1,2,-1
2015530209242,2,19,0,2,0,0,0,0,0,0,2,1,1,1,37,7,2402,2,7,-1,1,-1
2015530209243,1,9,0,4,0,0,1,10,0,0,3,1,2,1,28,6,-1,-1,-1,-1,3,-1
2015530209244,1,9,0,18,0,0,0,0,1,11,1,1,2,1,55,8,-1,-1,-1,-1,1,-1
2015530209245,1,9,0,5,0,1,0,0,0,0,1,1,6,1,82,11,1796,1,15,-1,1,-1
2015530209246,1,9,0,16,0,0,0,0,0,0,1,1,6,2,84,11,1968,2,3,-1,3,-1
2015530209246,2,1,0,16,0,0,0,0,0,0,2,1,1,1,49,8,-1,-1,-1,-1,1,-1
2015530209247,1,9,0,18,0,0,1,0,7,4,1,1,6,1,19,4,-1,-1,-1,-1,1,-1
2015530209248,1,9,0,9,0,5,0,0,0,0,2,1,2,1,31,6,1896,2,18,-1,1,-1
2015530209248,2,19,0,18,0,8,0,0,0,0,1,1,1,1,45,7,2143,2,3,-1,2,-1
2015530209249,1,9,0,18,0,0,1,0,7,10,2,1,1,1,50,8,-1,-1,-1,-1,1,-1
2015530209249,2,20,0,18,0,0,0,0,0,0,1,1,1,1,52,8,3920,2,9,-1,1,-1
2015530209250,1,9,0,18,0,0,1,0,1,1,3,1,6,2,25,5,1242,1,9,-1,1,-1
2015530209251,1,9,0,18,0,8,0,0,0,0,1,1,1,1,59,9,-1,-1,-1,-1,1,-1
2015530209251,2,9,0,18,0,8,0,0,0,0,1,1,6,1,32,6,-1,-1,-1,-1,1,-1
2015530209252,1,9,0,18,0,2,0,0,0,0,1,1,3,2,28,6,1596,1,9,-1,1,-1
2015530209252,2,19,0,4,0,2,0,0,0,0,0,1,1,1,46,8,1995,2,4,-1,1,-1
2015530209253,1,9,0,5,0,6,0,0,0,0,3,1,6,1,51,8,-1,-1,-1,-1,2,-1
2015530209253,2,9,0,18,0,8,0,0,0,0,1,1,6,1,34,6,1395,1,1,-1,3,-1
2015530209254,1,9,0,18,0,0,0,0,0,0,1,1,6,3,70,10,-1,-1,-1,-1,-1,-1
2015530209254,2,1,0,18,0,0,0,0,0,0,2,1,6,1,11,3,-1,-1,-1,-1,3,-1
2015530209255,1,9,0,9,0,8,0,0,0,0,1,1,3,2,38,7,1598,1,9,-1,1,-1
2015530209256,1,9,0,18,0,0,0,4,0,0,1,1,6,1,35,6,-1,-1,-1,-1,1,-1
2015530209256,2,9,0,2,0,0,0,4,0,0,2,1,6,2,66,10,1598,1,5,-1,3,-1
2015530209256,3,9,0,2,0,0,0,0,0,0,2,1,6,3,-1,-1,1686,2,2,-1,-1,-1
2015530209257,1,9,0,17,0,0,2,0,1,4,1,1,6,2,48,8,-1,-1,-1,-1,1,-1
2015530209258,1,9,0,18,0,8,0,0,0,0,1,1,6,1,46,8,1686,2,2,-1,1,-1
2015530209259,1,4,0,3,0,3,0,0,0,0,2,1,6,1,30,6,779,1,3,-1,3,-1
2015530209259,2,9,0,5,0,3,0,0,0,0,1,1,6,1,53,8,1560,2,5,-1,1,-1
2015530209260,1,9,0,16,0,0,2,0,7,0,3,1,6,2,22,5,-1,-1,-1,-1,1,-1
2015530209261,1,9,0,18,0,8,0,0,0,0,1,1,6,2,66,10,2979,1,4,-1,1,-1
2015530209261,2,9,0,3,0,2,0,0,0,0,2,1,6,2,36,7,1360,1,12,-1,1,-1
2015530209261,3,9,0,3,0,8,0,0,0,0,2,1,6,2,35,6,-1,-1,-1,-1,3,-1
2015530209262,1,9,0,17,0,0,1,0,2,11,4,1,2,1,36,7,-1,-1,-1,-1,1,-1
2015530209263,1,9,0,18,0,1,1,0,0,0,1,1,2,1,21,5,2495,2,17,-1,2,-1
2015530209263,2,9,0,3,0,1,0,0,0,0,2,1,3,2,36,7,1956,2,5,-1,2,-1
2015530209264,1,20,0,18,0,1,0,0,0,0,1,2,1,1,44,7,-1,-1,-1,-1,-1,-1
2015530209264,2,21,1,3,0,1,0,0,0,0,2,1,1,1,52,8,12777,2,2,-1,3,-1
2015530209264,3,20,0,3,0,1,0,0,0,0,2,1,1,1,51,8,5193,2,2,-1,1,-1
2015530209265,1,9,0,5,0,8,0,0,0,0,3,1,6,2,36,7,1527,2,18,-1,1,-1
2015530209267,1,9,0,18,0,0,0,0,1,0,1,1,6,2,76,11,1598,1,10,-1,2,-1
2015530209268,1,9,0,18,0,1,0,0,0,0,1,1,6,2,26,6,-1,-1,-1,-1,1,-1
2015530209268,2,9,0,9,0,1,0,0,0,0,2,1,6,2,65,9,1360,1,12,-1,1,-1
2015530209269,1,9,0,5,0,0,0,0,0,0,1,1,1,2,25,5,1686,2,2,-1,1,-1
2015530209269,2,9,0,5,0,0,0,0,0,0,2,1,2,2,55,8,1598,2,2,-1,1,-1
2015530209270,1,9,0,9,0,2,0,0,0,0,1,1,6,1,34,6,1999,1,13,-1,1,-1
2015530209271,1,9,0,3,0,1,0,0,0,0,2,1,1,2,47,8,-1,-1,-1,-1,3,-1
2015530209271,2,21,0,4,0,1,1,0,0,0,1,1,1,1,42,7,11946,2,9,-1,1,-1
2015530209272,1,9,0,5,0,6,0,0,0,0,4,1,2,1,54,8,-1,-1,-1,-1,3,-1
2015530209272,2,9,0,18,0,8,0,0,0,0,1,1,2,1,33,6,1968,2,4,-1,3,-1
2015530209272,3,9,0,3,0,1,0,0,0,0,1,1,2,1,26,6,-1,-1,-1,-1,1,-1
2015530209273,1,9,0,17,0,0,5,0,8,10,1,1,2,2,32,6,-1,-1,-1,-1,1,-1
2015530209274,1,9,0,9,0,8,0,0,0,0,1,1,6,1,21,5,1198,1,12,-1,1,-1
2015530209274,2,9,0,18,0,8,0,0,0,0,1,1,6,1,42,7,-1,-1,-1,-1,1,-1
2015530209275,1,9,0,12,0,0,0,0,0,0,2,1,6,1,83,11,-1,-1,-1,-1,3,-1
2015530209275,2,9,0,18,0,0,1,0,4,6,4,1,6,1,28,6,1994,1,16,-1,1,-1
2015530209276,1,9,0,18,0,0,1,0,2,7,1,1,6,1,19,4,-1,-1,-1,-1,-1,-1
2015530209277,1,9,0,16,0,0,2,0,1,4,1,1,1,2,23,5,-1,-1,-1,-1,2,-1
2015530209278,1,9,0,16,0,8,1,0,0,0,1,1,6,2,64,9,1398,2,2,-1,1,-1
2015530209278,2,9,0,17,0,8,1,0,1,0,1,1,6,2,68,10,-1,-1,-1,-1,3,-1
2015530209279,1,9,0,4,0,0,0,0,0,0,1,1,1,1,21,5,-1,-1,-1,-1,2,-1
2015530209279,2,9,0,4,0,0,0,0,0,0,2,1,1,1,21,5,1124,1,7,-1,3,-1
2015530209280,1,9,0,18,0,2,1,0,0,0,1,1,6,2,48,8,1390,1,13,-1,2,-1
2015530209280,2,16,0,18,0,8,0,0,0,0,2,1,6,2,48,8,-1,-1,-1,-1,3,-1
2015530209281,1,9,0,5,0,6,0,0,0,0,1,1,6,1,33,6,1800,1,16,-1,2,-1
2015530209281,2,9,0,18,0,8,0,0,0,0,1,1,2,2,56,9,1248,2,7,-1,3,-1
2015530209282,1,9,0,4,0,1,0,0,0,0,1,1,6,1,30,6,1598,2,1,-1,1,-1
2015530209282,2,9,0,4,0,1,0,0,0,0,2,1,6,1,43,7,1968,2,2,-1,1,-1
2015530209282,3,9,0,3,0,1,0,0,0,0,0,1,6,2,48,8,2435,1,8,-1,1,-1
2015530209283,1,9,0,18,0,8,0,0,0,0,1,1,1,1,67,10,-1,-1,-1,-1,3,-1
2015530209283,2,9,0,9,0,5,0,0,0,0,1,1,6,1,70,10,2521,1,5,-1,2,-1
2015530209284,1,9,0,18,0,1,1,0,0,0,1,1,6,2,77,11,-1,-1,-1,-1,3,-1
2015530209284,2,9,0,18,0,1,1,0,0,0,0,1,6,2,44,7,-1,-1,-1,-1,3,-1
2015530209284,3,9,0,2,0,1,0,0,0,0,2,1,6,1,62,9,1997,2,2,-1,1,-1
2015530209284,4,9,0,18,0,1,1,0,0,0,4,1,6,2,37,7,1968,2,1,-1,1,-1
2015530209285,1,9,0,9,0,1,0,0,0,0,1,1,6,2,21,5,1598,1,13,-1,1,-1
2015530209285,2,90,0,14,0,1,0,0,0,0,4,1,1,2,40,7,2148,2,7,-1,1,-1
2015530209286,1,9,0,18,0,0,0,0,2,7,1,1,6,1,53,8,-1,-1,-1,-1,1,-1
2015530209286,2,9,0,18,0,0,0,0,0,0,2,1,6,2,55,8,995,1,6,-1,1,-1
2015530209287,1,9,0,5,0,0,0,0,0,0,0,1,6,2,34,6,1597,2,2,-1,1,-1
2015530209288,1,9,0,4,0,4,0,0,0,0,1,1,6,3,-1,-1,-1,-1,-1,-1,-1,-1
2015530209288,2,1,0,18,0,4,0,0,0,0,4,1,6,1,44,7,-1,-1,-1,-1,1,-1
2015530209289,1,9,0,4,0,0,0,0,0,0,1,1,1,1,51,8,1968,2,3,-1,1,-1
2015530209289,2,9,0,4,0,0,0,0,0,0,2,1,1,2,40,7,1596,1,6,-1,1,-1
2015530209289,3,9,0,4,0,0,0,0,0,0,1,1,1,2,24,5,1998,1,17,-1,1,-1
2015530209290,1,9,0,18,0,0,0,0,0,0,1,1,6,1,53,8,2497,2,10,-1,1,-1
2015530209291,1,9,0,9,0,8,0,0,0,0,4,1,6,2,47,8,1997,2,3,-1,2,-1
2015530209291,2,3,0,18,0,8,0,0,0,0,1,1,6,1,31,6,-1,-1,-1,-1,2,-1
2015530209292,1,9,0,4,0,1,0,0,0,0,1,1,6,1,18,4,-1,-1,-1,-1,2,-1
2015530209292,2,9,0,4,0,1,0,0,0,0,1,1,6,1,41,7,2179,2,5,-1,1,-1
2015530209292,3,9,0,4,0,1,0,0,0,0,1,1,6,1,30,6,1896,2,6,-1,1,-1
2015530209293,1,9,0,16,0,0,0,0,7,1,3,1,6,1,47,8,1896,2,13,-1,2,-1
2015530209293,2,9,0,17,0,0,0,0,0,0,3,1,6,2,19,4,1598,2,3,-1,2,-1
2015530209294,1,9,0,9,0,5,0,0,0,0,4,1,1,1,37,7,2494,1,16,-1,1,-1
2015530209294,2,1,0,18,0,1,0,0,0,0,1,1,2,1,53,8,-1,-1,-1,-1,1,-1
2015530209295,1,9,0,9,0,2,0,0,0,0,1,1,6,1,22,5,1995,2,1,-1,1,-1
2015530209296,1,9,0,9,0,6,0,0,0,0,2,1,3,2,43,7,1248,2,2,-1,3,-1
2015530209296,2,9,0,18,0,8,0,0,0,0,1,1,3,1,59,9,3528,1,17,-1,3,-1
2015530209297,1,1,0,12,2,0,0,0,0,0,1,1,2,1,30,6,-1,-1,-1,-1,3,-1
2015530209297,2,11,0,18,2,0,0,0,0,0,4,1,1,1,53,8,5883,2,14,-1,1,-1
2015530209298,1,9,0,9,0,2,0,0,0,0,1,1,6,1,41,7,1984,1,11,-1,1,-1
2015530209299,1,19,4,18,0,0,3,0,0,0,4,1,6,2,52,8,1461,2,10,-1,3,-1
2015530209300,1,9,0,18,0,1,0,0,0,0,1,1,2,1,44,7,1994,2,12,-1,1,-1
2015530209300,2,9,0,3,0,1,0,0,0,0,2,1,2,1,44,7,-1,-1,-1,-1,1,-1
2015530209301,1,21,1,12,0,6,0,0,0,0,1,1,1,1,60,9,12900,2,7,-1,1,-1
2015530209301,2,1,0,18,0,8,0,0,0,0,4,1,6,1,43,7,-1,-1,-1,-1,1,-1
2015530209302,1,9,0,9,0,8,0,0,1,1,1,1,6,1,22,5,1997,1,14,-1,1,-1
2015530209302,2,9,0,18,0,1,0,0,0,0,0,1,1,1,33,6,2993,2,1,-1,1,-1
2015530209303,1,1,0,5,0,8,0,0,0,0,4,1,1,1,52,8,-1,-1,-1,-1,1,-1
2015530209303,2,9,0,9,0,8,0,0,0,0,1,1,1,2,35,6,1598,2,6,-1,1,-1
2015530209304,1,9,0,9,0,1,0,0,0,0,1,1,6,1,50,8,1498,1,10,-1,3,-1
2015530209304,2,9,0,18,0,1,0,0,0,0,2,1,6,1,33,6,-1,-1,-1,-1,1,-1
2015530209306,1,9,0,18,0,1,0,0,0,0,1,1,6,3,-1,-1,-1,-1,-1,-1,-1,-1
2015530209306,2,9,0,3,0,1,0,0,0,0,2,1,2,1,49,8,1198,1,2,-1,1,-1
2015530209307,1,9,0,9,0,6,0,0,0,0,3,1,6,1,57,9,2499,1,6,-1,3,-1
2015530209307,2,9,0,18,0,1,0,0,0,0,1,1,6,2,72,10,1560,2,5,-1,3,-1
2015530209307,3,17,0,10,0,1,0,0,0,0,1,1,1,1,44,7,-1,-1,-1,-1,3,-1
2015530209309,1,9,0,18,0,0,0,0,1,1,1,1,2,1,34,6,1461,2,4,-1,1,-1
2015530209310,1,9,0,9,0,8,0,0,0,0,1,1,6,2,42,7,1398,2,11,-1,1,-1
2015530209310,2,1,0,18,0,8,0,0,0,0,3,1,3,1,42,7,-1,-1,-1,-1,1,-1
2015530209311,1,9,0,9,0,6,0,0,0,0,1,1,6,1,79,11,-1,-1,-1,-1,1,-1
2015530209311,2,9,0,18,0,8,0,0,0,0,1,1,6,1,58,9,-1,-1,-1,-1,3,-1
2015530209312,1,9,0,18,0,0,0,0,0,0,1,1,1,2,28,6,1598,1,6,-1,1,-1
2015530209312,2,9,0,4,0,0,0,0,0,0,2,1,1,2,43,7,1968,2,2,-1,1,-1
2015530209313,1,9,0,6,0,0,0,0,0,0,3,1,6,2,59,9,1560,2,3,-1,3,-1
2015530209313,2,5,0,18,0,0,0,0,0,0,1,1,6,1,71,10,741,1,40,-1,1,-1
2015530209314,1,9,0,13,0,0,0,0,0,0,1,1,6,1,84,11,1560,2,7,-1,1,-1
2015530209314,2,1,0,18,0,0,0,0,0,0,2,1,2,2,28,6,-1,-1,-1,-1,-1,-1
2015530209315,1,9,0,18,0,0,0,0,0,0,1,1,6,1,23,5,1995,1,11,-1,3,-1
2015530209316,1,9,0,13,0,1,1,0,0,0,1,1,6,1,19,4,1998,1,27,-1,1,-1
2015530209316,2,9,0,10,0,1,0,0,0,0,2,1,6,1,75,10,1968,2,1,-1,3,-1
2015530209317,1,9,0,18,0,8,0,0,0,0,1,1,6,3,38,7,3226,2,13,-1,3,-1
2015530209317,2,9,0,9,0,8,0,0,0,0,1,1,6,2,22,5,1198,1,10,-1,3,-1
2015530209318,1,9,0,16,0,0,0,0,0,0,1,1,6,2,39,7,1998,2,10,-1,2,-1
2015530209318,2,9,0,18,0,0,0,0,0,0,1,1,2,1,53,8,-1,-1,-1,-1,3,-1
2015530209319,1,9,0,18,0,0,0,0,0,0,2,1,6,2,38,7,1199,2,3,-1,1,-1
2015530209319,2,9,0,18,0,0,0,0,0,0,1,1,6,2,66,10,996,1,6,-1,3,-1
2015530209319,3,9,0,18,0,0,0,0,0,0,1,1,6,1,28,6,1599,1,10,-1,2,-1
2015530209321,1,9,0,18,0,0,0,0,1,0,1,1,6,1,21,5,1242,1,9,-1,1,-1
2015530209321,2,9,0,18,0,0,0,0,1,0,1,1,3,1,25,5,1995,2,1,-1,2,-1
2015530209321,3,9,0,18,0,0,0,0,0,0,1,1,1,1,23,5,-1,-1,-1,-1,2,-1
2015530209322,1,9,0,13,0,0,0,0,0,0,1,1,6,1,39,7,-1,-1,-1,-1,1,-1
2015530209322,2,9,0,18,0,0,0,0,0,0,1,1,6,1,60,9,2993,2,4,-1,1,-1
2015530209323,1,9,0,18,0,6,0,0,0,0,3,1,6,2,83,11,1398,1,3,-1,3,-1
2015530209323,2,9,0,18,0,8,0,0,0,0,1,1,6,2,22,5,-1,-1,-1,-1,2,-1
2015530209324,1,9,0,16,0,0,2,0,7,4,3,1,6,1,18,4,1229,1,9,-1,2,-1
2015530209325,1,9,0,18,0,6,0,0,0,0,1,1,6,1,61,9,-1,-1,-1,-1,3,-1
2015530209325,2,9,0,18,0,8,0,0,0,0,4,1,1,1,18,4,1390,1,16,-1,1,-1
2015530209326,1,9,0,16,0,0,2,0,1,0,1,1,6,1,23,5,1781,1,14,-1,1,-1
2015530209327,1,9,0,17,0,0,5,0,1,4,1,1,6,1,72,10,1598,1,9,-1,3,-1
2015530209328,1,9,0,17,0,0,0,0,0,0,4,1,6,2,19,4,-1,-1,-1,-1,1,-1
2015530209328,2,9,0,18,0,0,0,0,0,0,1,1,6,2,65,9,-1,-1,-1,-1,2,-1
2015530209329,1,9,0,18,0,0,0,0,0,0,1,1,1,2,39,7,-1,-1,-1,-1,1,-1
2015530209329,2,19,0,18,0,0,0,0,0,0,1,1,1,1,32,6,1998,2,9,-1,3,-1
2015530209330,1,20,0,9,0,5,0,0,0,0,1,1,1,1,45,7,-1,-1,-1,-1,-1,-1
2015530209330,2,9,0,18,0,8,0,0,0,0,3,1,1,1,26,6,-1,-1,-1,-1,1,-1