Accident_Index,Vehicle_Reference,Vehicle_Type,Towing_and_Articulation,Vehicle_Manoeuvre,Vehicle_Location-Restricted_Lane,Junction_Location,Skidding_and_Overturning,Hit_Object_in_Carriageway,Vehicle_Leaving_Carriageway,Hit_Object_off_Carriageway,1st_Point_of_Impact,Was_Vehicle_Left_Hand_Drive?,Journey_Purpose_of_Driver,Sex_of_Driver,Age_of_Driver,Age_Band_of_Driver,Engine_Capacity_(CC),Propulsion_Code,Age_of_Vehicle,Driver_IMD_Decile,Driver_Home_Area_Type,Vehicle_IMD_Decile
2015543504915,1,9,0,12,0,1,0,0,0,0,3,1,6,2,30,6,796,1,11,-1,1,-1
2015543504915,2,3,0,18,0,1,0,0,0,0,4,1,6,1,17,4,125,1,10,-1,2,-1
2015543507715,1,19,0,4,0,8,0,0,0,0,1,1,2,1,59,9,1753,2,4,-1,1,-1
2015543507715,2,1,0,18,0,6,0,0,0,0,1,1,4,2,13,3,-1,-1,-1,-1,2,-1
2015543513515,1,9,4,13,0,0,0,0,0,0,4,1,6,1,32,6,-1,-1,-1,-1,1,-1
2015543513515,2,1,0,18,0,0,0,10,0,0,1,1,6,2,58,9,-1,-1,-1,-1,3,-1
2015543513515,3,9,0,18,0,0,0,0,0,0,0,1,6,3,-1,-1,-1,-1,-1,-1,-1,-1
2015543522615,1,8,0,18,0,2,0,0,0,0,4,1,6,3,-1,-1,-1,-1,-1,-1,-1,-1
2015543540315,1,9,0,3,0,1,0,0,0,0,2,1,6,2,39,7,1198,1,9,-1,1,-1
2015543540315,2,9,0,4,0,1,0,0,0,0,1,1,6,3,-1,-1,-1,-1,-1,-1,-1,-1
2015543544115,1,9,0,18,0,0,0,0,0,0,1,1,6,1,46,8,1796,1,7,-1,1,-1
2015543544115,2,9,0,4,0,0,0,0,0,0,2,1,6,2,39,7,2184,2,9,-1,1,-1
2015543544115,3,9,0,4,0,0,0,0,0,0,2,1,6,2,36,7,1386,1,9,-1,1,-1
2015543546115,1,9,0,9,0,5,0,0,0,0,1,1,1,2,34,6,1461,2,3,-1,1,-1
2015543546115,2,9,0,18,0,8,0,0,0,0,1,1,6,1,55,8,2149,2,7,-1,3,-1
2015543549115,1,9,0,18,0,0,0,0,0,0,3,1,6,2,31,6,2401,2,11,-1,3,-1
2015543549115,2,9,0,18,0,0,0,0,1,4,3,1,6,1,39,7,1587,1,8,-1,2,-1
2015543551015,1,1,0,18,0,0,0,4,0,0,1,1,6,1,54,8,-1,-1,-1,-1,2,-1
2015543551015,2,21,1,2,0,0,0,0,0,0,2,1,1,1,47,8,10308,2,3,-1,1,-1
2015543567715,1,9,0,18,0,0,5,0,1,9,1,1,6,1,40,7,1560,2,1,-1,1,-1
2015543578615,1,9,0,18,0,1,0,0,0,0,1,1,6,1,18,4,1242,1,15,-1,-1,-1
2015543578615,2,9,0,3,0,1,0,0,0,0,2,1,6,2,32,6,998,1,14,-1,1,-1
2015543586515,1,9,0,16,0,0,0,0,1,0,3,1,6,1,23,5,1198,1,2,-1,1,-1
2015543586515,2,19,0,17,0,0,1,0,0,0,4,1,6,1,44,7,2300,2,12,-1,2,-1
2015543586515,3,9,0,14,0,0,0,0,0,0,1,1,6,1,49,8,1595,1,18,-1,1,-1
2015543586515,4,9,0,17,0,0,1,0,0,0,1,1,6,2,36,7,1686,2,2,-1,1,-1
2015543587015,1,9,0,16,0,3,0,0,1,2,3,1,6,1,21,5,1299,1,15,-1,3,-1
2015543588115,1,9,0,17,0,0,2,0,0,0,4,1,6,2,52,8,-1,-1,-1,-1,2,-1
2015543589115,1,21,0,6,0,8,0,0,0,0,3,1,1,1,30,6,4462,2,2,-1,1,-1
2015543589115,2,3,0,18,0,8,0,0,0,0,1,1,6,1,24,5,125,1,-1,-1,1,-1
2015543591415,1,9,0,18,0,0,2,10,7,0,3,1,2,2,20,4,1149,1,14,-1,1,-1
2015543609315,1,9,0,17,0,0,2,0,7,0,3,1,6,1,24,5,1998,1,13,-1,3,-1
2015543613415,1,9,0,18,0,3,1,4,0,0,1,1,6,1,24,5,1198,1,13,-1,1,-1
2015543613415,2,9,0,2,0,2,0,0,1,0,3,1,6,1,20,4,1560,2,6,-1,3,-1
2015543638915,1,5,0,18,0,0,1,0,0,0,4,1,6,1,51,8,675,1,4,-1,2,-1
2015543640615,1,19,0,5,0,4,0,0,0,0,1,1,6,1,22,5,1753,2,10,-1,3,-1
2015543640615,2,1,0,18,0,8,0,0,0,0,4,1,6,1,43,7,-1,-1,-1,-1,1,-1
2015543645015,1,9,0,18,0,6,0,0,1,4,4,1,6,1,37,7,-1,-1,-1,-1,2,-1
2015543645015,2,19,0,18,0,8,0,0,1,1,1,1,1,1,61,9,-1,-1,-1,-1,2,-1
2015543666015,1,9,0,18,0,2,0,0,0,0,1,1,1,2,49,8,1360,1,13,-1,3,-1
2015543666015,2,9,0,4,0,2,0,0,0,0,2,1,6,1,71,10,1390,1,6,-1,3,-1
2015543667215,1,8,0,18,0,1,0,0,0,0,1,1,1,1,37,7,1598,2,4,-1,1,-1
2015543667215,2,9,0,9,0,1,0,0,0,0,2,1,2,1,27,6,1360,1,13,-1,1,-1
2015543679115,1,9,0,5,0,4,0,0,0,0,3,1,6,2,61,9,2000,2,4,-1,1,-1
2015543679115,2,1,0,11,0,8,0,0,0,0,1,1,2,1,23,5,-1,-1,-1,-1,1,-1
2015543684115,1,19,0,18,0,1,0,0,0,0,1,1,1,1,26,6,1998,2,12,-1,1,-1
2015543684115,2,9,0,3,0,1,0,0,0,0,2,1,6,2,74,10,1299,1,11,-1,3,-1
2015543685115,1,9,0,9,0,5,0,0,0,0,3,1,6,2,66,10,1400,1,9,-1,1,-1
2015543685115,2,3,0,9,0,5,0,0,0,0,4,1,6,2,44,7,124,1,7,-1,1,-1
2015543692115,1,8,0,18,0,1,0,0,0,0,4,1,6,1,-1,-1,-1,-1,-1,-1,-1,-1
2015543697715,1,9,0,16,0,1,0,10,8,11,1,1,2,2,53,8,1995,2,7,-1,2,-1
2015543701215,1,1,0,18,0,0,0,0,0,0,3,1,6,1,9,2,-1,-1,-1,-1,2,-1
2015543701215,2,9,0,13,0,0,0,0,0,0,4,1,6,1,31,6,1388,1,6,-1,1,-1
2015543702115,1,9,0,18,0,0,0,0,1,1,1,1,6,1,37,7,1781,1,14,-1,-1,-1
2015543703515,1,1,0,18,0,0,1,0,0,0,4,1,6,1,16,4,-1,-1,-1,-1,1,-1
2015543703515,2,9,0,18,0,0,0,0,0,0,1,1,1,1,18,4,996,1,5,-1,1,-1
2015543706515,1,19,0,7,0,4,0,0,0,0,3,1,2,1,25,5,2143,2,1,-1,3,-1
2015543706515,2,1,0,18,0,8,0,0,0,0,1,1,6,1,52,8,-1,-1,-1,-1,1,-1
2015543706815,1,19,0,16,0,1,0,0,7,10,1,1,1,1,52,8,2148,2,6,-1,1,-1
2015543736515,1,9,0,18,0,1,0,0,0,0,1,1,6,3,-1,-1,-1,-1,-1,-1,-1,-1
2015543741715,1,5,0,17,0,0,1,10,0,0,1,1,6,1,27,6,744,1,8,-1,1,-1
2015543747015,1,9,0,18,0,0,0,0,7,11,1,1,6,1,58,9,4461,2,2,-1,1,-1
2015543747015,2,9,0,18,0,0,0,0,0,0,0,1,6,3,-1,-1,-1,-1,-1,-1,-1,-1
2015543752615,1,9,0,3,0,1,0,0,0,0,2,1,6,1,40,7,1910,2,10,-1,1,-1
2015543752615,2,9,0,3,0,1,0,0,0,0,2,1,6,1,20,4,1968,2,11,-1,1,-1
2015543752615,3,9,0,18,0,1,0,0,0,0,1,1,6,1,26,6,1597,1,14,-1,3,-1
2015543753615,1,3,0,18,0,8,0,0,0,0,3,1,2,1,28,6,125,1,8,-1,3,-1
2015543753615,2,9,0,9,0,5,0,0,0,0,1,1,2,1,51,8,1590,1,5,-1,1,-1
2015543785615,1,9,0,9,0,8,0,0,0,0,1,1,1,1,48,8,1339,1,7,-1,1,-1
2015543785615,2,19,0,18,0,4,0,0,0,0,3,1,1,1,29,6,2198,2,7,-1,1,-1
2015543786315,1,9,0,7,0,6,0,0,0,0,3,1,6,2,50,8,1199,1,11,-1,1,-1
2015543786315,2,1,0,18,0,8,0,0,0,0,1,1,6,1,37,7,-1,-1,-1,-1,1,-1
2015543790215,1,19,0,1,0,0,0,0,0,0,2,1,1,1,46,8,2461,2,14,-1,1,-1
2015543790215,2,5,0,18,0,0,0,0,0,0,1,1,2,1,43,7,781,1,12,-1,1,-1
2015543790215,3,21,0,18,0,0,0,0,0,0,0,1,1,1,50,8,15607,2,8,-1,3,-1
2015543796115,1,3,0,17,0,0,0,0,0,0,1,1,6,1,18,4,125,1,-1,-1,1,-1
2015543815915,1,9,0,14,0,0,0,4,0,0,1,1,6,1,28,6,1598,1,1,-1,-1,-1
2015543815915,2,9,0,2,0,0,0,0,0,0,2,1,6,1,51,8,2494,1,9,-1,2,-1
2015543845715,1,9,0,17,0,0,1,10,1,11,1,1,6,1,21,5,1149,1,12,-1,1,-1
2015543853015,1,9,0,18,0,2,0,0,0,0,4,1,6,1,26,6,2993,2,2,-1,3,-1
2015543853015,2,1,0,18,0,1,0,0,0,0,4,1,6,1,38,7,-1,-1,-1,-1,1,-1
2015543858015,1,9,0,18,0,0,0,0,1,7,1,1,6,1,68,10,1461,2,2,-1,1,-1
2015543877815,1,9,0,18,0,0,1,0,5,6,1,1,6,1,53,8,1870,2,10,-1,1,-1
2015543877815,2,9,0,18,0,0,1,0,0,0,1,1,6,1,-1,-1,1598,2,1,-1,2,-1
2015543879415,1,9,0,12,0,8,0,0,0,0,2,1,6,1,21,5,1390,1,6,-1,3,-1
2015543879415,2,5,0,13,0,8,1,0,0,0,1,1,6,1,51,8,1170,1,2,-1,1,-1
2015543884015,1,9,0,18,0,0,0,0,1,11,4,1,6,1,61,9,2400,2,8,-1,3,-1
2015543890615,1,9,0,18,0,0,1,0,0,0,1,1,6,1,26,6,1560,2,4,-1,2,-1
2015543890615,2,9,0,4,0,0,0,0,0,0,2,1,6,2,54,8,2997,1,7,-1,1,-1
2015543912815,1,5,0,14,0,8,0,0,0,0,4,1,6,1,42,7,1084,1,19,-1,3,-1
2015543912815,2,19,0,9,0,5,0,0,0,0,3,1,1,1,20,4,2402,2,4,-1,1,-1
2015543916615,1,9,0,3,0,1,0,0,0,0,2,1,6,2,23,5,1461,2,-1,-1,1,-1
2015543916615,2,9,0,5,0,1,0,0,0,0,1,1,1,2,25,5,1198,1,5,-1,3,-1
2015543920015,1,9,0,18,0,2,0,4,0,0,1,1,6,1,19,4,1229,1,9,-1,1,-1
2015543920015,2,9,0,2,0,1,0,0,0,0,1,1,6,2,46,8,1582,2,2,-1,1,-1
2015543920015,3,19,0,2,0,1,0,0,0,0,1,1,6,1,17,4,2143,2,4,-1,1,-1
2015543927115,1,9,0,18,0,0,1,0,1,7,4,1,2,1,43,7,1997,2,3,-1,3,-1
2015543929115,1,9,0,18,0,1,0,0,0,0,1,1,2,2,53,8,1596,1,10,-1,1,-1
2015543929115,2,19,0,3,0,1,0,0,0,0,1,1,2,1,47,8,1968,2,1,-1,3,-1
2015543929115,3,19,0,10,0,1,0,0,0,0,2,1,3,1,45,7,1870,2,12,-1,1,-1
2015543940615,1,9,0,18,0,2,0,0,0,0,1,1,6,1,23,5,1896,2,14,-1,3,-1
2015543952715,1,9,0,18,0,0,0,0,0,0,4,1,6,1,85,11,1339,1,11,-1,3,-1
2015543954415,1,20,0,18,0,0,0,0,0,0,3,1,6,1,66,10,-1,-1,-1,-1,1,-1
2015543954415,2,9,0,18,0,0,0,0,0,0,4,1,6,2,36,7,1399,1,9,-1,1,-1
2015543962615,1,9,0,11,0,0,5,0,1,4,1,1,6,1,27,6,1240,1,5,-1,2,-1
2015543965915,1,9,0,18,0,0,0,0,0,0,1,1,6,1,28,6,1398,1,1,-1,1,-1
2015543965915,2,9,0,18,0,0,0,0,0,0,2,1,6,1,31,6,998,1,16,-1,1,-1
2015543966815,1,9,0,9,2,6,0,0,0,0,1,1,6,1,48,8,1951,2,11,-1,3,-1
2015543966815,2,10,0,18,2,8,0,0,0,0,1,1,6,1,36,7,2198,2,-1,-1,1,-1
2015543966815,3,9,0,18,0,2,0,0,0,0,2,1,6,1,20,4,1339,1,-1,-1,1,-1
2015543999215,1,9,0,16,0,0,1,0,1,9,3,1,6,2,37,7,6208,1,4,-1,3,-1
2015543999215,2,11,0,17,0,0,1,0,7,0,3,1,1,1,60,9,3900,2,10,-1,2,-1
2015544003715,1,9,0,18,0,0,1,0,0,0,1,1,6,1,39,7,1796,1,15,-1,3,-1
2015544003715,2,9,0,18,0,0,2,0,1,10,1,1,6,1,38,7,1997,2,10,-1,1,-1
2015544024115,1,9,0,5,0,1,0,0,0,0,1,1,2,1,37,7,1468,1,9,-1,2,-1
2015544024115,2,9,0,3,0,1,0,0,0,0,2,1,6,1,17,4,1896,2,16,-1,1,-1
2015544032115,1,9,0,9,0,2,0,10,1,11,1,1,6,1,19,4,1995,2,5,-1,2,-1
2015544039215,1,9,0,4,0,0,0,0,0,0,2,1,6,1,75,10,1124,1,7,-1,1,-1
2015544039215,2,9,0,4,0,0,0,0,0,0,1,1,6,1,70,10,1248,2,4,-1,1,-1
2015544041015,1,9,0,7,0,4,0,0,0,0,3,1,6,1,-1,-1,1968,2,6,-1,-1,-1
2015544042115,1,9,0,18,0,0,0,0,0,0,0,1,6,3,-1,-1,-1,-1,-1,-1,-1,-1
2015544058615,1,9,0,17,0,0,2,0,7,10,1,1,2,1,23,5,1595,1,17,-1,3,-1
2015544068915,1,9,0,17,0,0,2,0,1,9,1,1,6,1,25,5,1896,2,14,-1,-1,-1
2015544073515,1,9,0,17,0,0,5,0,1,10,1,1,6,2,19,4,1349,1,4,-1,3,-1
2015544080915,1,9,0,18,0,0,0,0,0,0,1,1,6,2,26,6,999,1,3,-1,1,-1
2015544080915,2,1,0,18,0,0,0,0,0,0,4,1,4,1,10,2,-1,-1,-1,-1,1,-1
2015544084515,1,1,0,18,9,0,0,0,0,0,1,1,1,1,-1,-1,-1,-1,-1,-1,-1,-1
2015544094615,1,19,0,5,0,6,0,0,0,0,1,1,1,2,41,7,1995,2,5,-1,3,-1
2015544094615,2,1,0,18,0,8,0,0,0,0,4,1,6,2,52,8,-1,-1,-1,-1,3,-1
2015544111015,1,9,0,18,0,0,0,0,0,0,1,1,6,2,59,9,1596,1,6,-1,1,-1
2015544111015,2,9,0,18,0,0,0,0,0,0,1,1,6,1,61,9,1968,2,7,-1,3,-1
2015544111015,3,19,0,18,0,0,0,0,0,0,4,1,1,1,65,9,1968,2,1,-1,1,-1
2015544112615,1,9,0,18,0,8,0,0,0,0,1,1,2,1,47,8,2792,1,6,-1,3,-1
2015544112615,2,19,0,1,0,5,0,0,0,0,4,1,1,1,25,5,2198,2,5,-1,1,-1
2015544115015,1,9,0,16,0,3,0,0,5,2,1,1,6,2,20,4,1399,2,5,-1,1,-1
2015544131615,1,9,0,5,0,0,0,0,0,0,1,1,6,2,82,11,1390,1,9,-1,3,-1
2015544131615,2,9,0,3,0,0,0,0,0,0,1,1,6,1,40,7,1399,2,8,-1,3,-1
2015544142415,1,9,0,9,0,5,0,0,0,0,1,1,6,2,25,5,1596,1,8,-1,1,-1
2015544142415,2,9,0,18,0,8,0,0,0,0,1,1,6,1,59,9,1598,1,15,-1,1,-1
2015544143815,1,9,0,9,0,5,0,0,0,0,4,1,6,1,60,9,1560,2,10,-1,1,-1
2015544143815,2,2,0,18,0,8,1,0,0,0,1,1,6,1,34,6,124,1,5,-1,1,-1
2015544144615,1,9,0,18,0,0,0,0,0,0,1,1,6,2,45,7,2685,2,11,-1,3,-1
2015544145415,1,9,0,5,9,6,0,0,0,0,1,1,6,2,64,9,1390,1,6,-1,1,-1
2015544145415,2,1,0,18,9,8,0,0,0,0,1,1,6,1,8,2,-1,-1,-1,-1,1,-1
2015544155015,1,9,0,9,0,5,0,0,0,0,4,1,6,1,64,9,996,1,1,-1,1,-1
2015544155015,2,1,0,18,0,8,0,0,0,0,1,1,2,1,54,8,-1,-1,-1,-1,1,-1
2015544159815,1,19,0,18,0,0,1,0,0,0,1,1,1,1,68,10,2143,2,1,-1,3,-1
2015544159815,2,9,0,3,0,0,0,0,0,0,3,1,6,1,34,6,1198,1,13,-1,1,-1
2015544159815,3,9,0,2,0,0,0,0,0,0,3,1,6,1,26,6,2497,2,18,-1,2,-1
2015544162615,1,9,0,18,0,0,1,0,1,4,1,1,2,1,31,6,1686,2,11,-1,3,-1
2015544170615,1,9,0,9,0,6,0,0,0,0,3,1,6,2,48,8,1598,2,2,-1,2,-1
2015544170615,2,9,0,18,0,8,0,0,0,0,1,1,6,1,32,6,1598,1,15,-1,1,-1
2015544177615,1,9,0,18,0,0,0,0,7,4,1,1,6,1,72,10,1390,1,4,-1,3,-1
2015544178615,1,9,0,9,0,6,0,0,0,0,1,1,2,2,42,7,1199,2,2,-1,3,-1
2015544178615,2,9,0,18,0,8,0,0,0,0,1,1,3,2,39,7,1598,2,4,-1,2,-1
2015544179215,1,21,1,4,0,1,0,0,0,0,1,1,1,1,32,6,11946,2,8,-1,1,-1
2015544179215,2,9,0,3,0,1,0,0,0,0,2,1,6,2,45,7,1596,1,6,-1,3,-1
2015544179515,1,19,0,1,0,6,0,0,0,0,2,1,6,1,29,6,2143,2,3,-1,1,-1
2015544179515,2,9,0,18,0,8,0,0,0,0,3,1,6,2,23,5,1349,1,2,-1,1,-1
2015544179915,1,9,0,17,0,0,1,0,1,4,3,1,6,1,17,4,1422,2,13,-1,1,-1
2015544186215,1,9,0,13,0,8,0,0,7,2,1,1,6,1,17,4,1149,1,7,-1,1,-1
2015544186215,2,9,0,9,0,5,0,0,0,0,3,1,6,2,43,7,1968,2,1,-1,1,-1
2015544188515,1,9,5,4,0,0,2,0,1,1,1,1,1,1,42,7,2495,2,18,-1,1,-1
2015544188515,2,9,0,4,0,0,0,0,0,0,1,1,1,1,49,8,2926,2,13,-1,1,-1
2015544195015,1,9,0,18,0,0,0,0,0,0,3,1,6,1,47,8,1995,2,4,-1,2,-1
2015544199015,1,19,0,9,0,5,0,0,0,0,1,1,1,1,20,4,1868,2,12,-1,1,-1
2015544199015,2,9,0,17,0,8,0,0,0,0,1,1,6,2,25,5,1398,2,11,-1,1,-1
2015544206815,1,19,0,4,0,1,1,0,0,0,1,1,1,1,29,6,2198,2,2,-1,1,-1
2015544206815,2,9,0,3,0,1,0,0,0,0,2,1,6,1,70,10,1997,2,10,-1,1,-1
2015544222915,1,9,0,9,0,6,0,0,0,0,3,1,6,1,26,6,1598,1,2,-1,3,-1
2015544222915,2,9,0,18,0,8,1,0,0,0,1,1,6,2,20,4,1149,1,16,-1,2,-1
2015544245915,1,21,1,12,0,0,0,0,0,0,0,1,1,1,55,8,10837,2,2,-1,1,-1
2015544245915,2,19,0,18,0,0,0,0,0,0,3,1,1,1,32,6,2402,2,10,-1,1,-1
2015544245915,3,9,0,18,0,0,0,0,4,6,4,1,6,1,80,11,1596,1,11,-1,3,-1
2015544252915,1,1,0,16,0,0,0,0,0,0,4,1,2,2,28,6,-1,-1,-1,-1,2,-1
2015544254015,1,9,0,18,0,0,0,0,0,0,1,1,6,1,73,10,1598,1,1,-1,3,-1
2015544254015,2,9,0,18,0,0,0,0,0,0,1,1,6,2,40,7,1995,2,9,-1,1,-1
2015544254015,3,9,0,18,0,0,0,0,0,0,1,1,2,1,36,7,1796,1,12,-1,2,-1
2015544256915,1,19,0,9,0,6,0,0,0,0,1,1,1,1,27,6,2151,2,15,-1,1,-1
2015544256915,2,1,0,14,0,8,0,0,0,0,3,1,6,1,38,7,-1,-1,-1,-1,1,-1
2015544259915,1,19,0,18,0,0,1,0,0,0,3,1,2,2,47,8,2689,2,11,-1,3,-1
2015544259915,2,17,0,18,0,0,0,0,0,0,3,1,2,1,22,5,-1,2,2,-1,3,-1
2015544267615,1,9,0,16,0,0,1,10,7,11,1,1,6,1,18,4,1124,1,15,-1,3,-1
2015544279615,1,9,0,18,0,0,5,0,7,3,1,1,6,1,80,11,2198,2,6,-1,3,-1
2015544292415,1,9,0,18,0,0,1,0,1,11,1,1,6,1,35,6,1498,1,15,-1,3,-1
2015544304215,1,5,0,18,0,0,0,0,0,0,0,1,6,1,48,8,865,1,1,-1,1,-1
2015544304315,1,9,0,9,0,5,0,0,0,0,1,1,6,1,69,10,2967,1,16,-1,2,-1
2015544304315,2,1,0,14,0,8,0,0,0,0,4,1,6,1,46,8,-1,-1,-1,-1,2,-1
2015544304615,1,9,0,3,0,1,0,0,0,0,2,1,6,2,44,7,1461,2,10,-1,1,-1
2015544304615,2,9,0,18,0,1,0,0,0,0,1,1,6,2,35,6,1596,1,9,-1,1,-1
2015544317015,1,9,0,4,0,1,0,0,0,0,1,1,6,2,55,8,1499,2,1,-1,1,-1
2015544317015,2,9,0,4,0,1,0,0,0,0,2,1,6,2,30,6,1248,2,2,-1,1,-1
2015544333515,1,9,0,18,0,0,1,0,7,0,1,1,6,1,21,5,1796,1,13,-1,1,-1
2015544333515,2,9,0,2,0,0,0,0,0,0,2,1,6,1,21,5,1995,2,9,-1,1,-1
2015544334315,1,9,0,9,0,6,0,0,1,0,2,1,6,1,62,9,1598,2,4,-1,3,-1
2015544334315,2,9,0,18,0,8,0,0,1,0,1,1,1,1,48,8,1197,1,1,-1,1,-1
2015544346715,1,9,0,5,0,4,0,0,0,0,1,1,6,1,47,8,2926,2,10,-1,3,-1
2015544346715,2,9,0,3,0,4,0,0,0,0,2,1,6,1,71,10,1783,1,12,-1,1,-1
2015544351415,1,9,0,17,0,0,2,10,2,4,4,1,6,1,20,4,1796,1,11,-1,1,-1
2015544361115,1,5,0,16,0,1,1,7,0,0,3,1,2,1,25,5,599,1,8,-1,1,-1
2015544377315,1,9,0,10,0,1,0,0,0,0,2,1,6,1,59,9,2231,2,8,-1,3,-1
2015544377315,2,2,0,16,0,1,0,0,1,9,1,1,6,1,17,4,50,1,6,-1,3,-1
2015544378215,1,9,0,3,0,8,0,0,0,0,1,1,6,1,22,5,1229,1,10,-1,1,-1
2015544378215,2,9,0,18,0,8,0,0,0,0,2,1,6,2,43,7,1598,1,11,-1,2,-1
2015544379715,1,19,0,18,0,0,1,0,0,0,1,1,1,1,48,8,2198,2,3,-1,1,-1
2015544379715,2,9,0,3,0,0,0,0,0,0,2,1,6,1,32,6,1984,1,7,-1,1,-1
2015544379715,3,9,0,3,0,0,0,0,0,0,2,1,1,1,59,9,-1,-1,-1,-1,3,-1
2015544402915,1,9,0,18,0,2,0,0,0,0,1,1,6,3,-1,-1,-1,-1,-1,-1,-1,-1
2015544402915,2,1,0,18,0,1,0,0,0,0,2,1,1,2,17,4,-1,-1,-1,-1,1,-1
2015544407515,1,9,0,13,0,0,0,0,0,0,4,1,6,3,-1,-1,-1,-1,-1,-1,-1,-1
2015544407515,2,1,0,18,0,0,0,0,0,0,3,1,2,1,25,5,-1,-1,-1,-1,2,-1
2015544418215,1,11,0,18,0,1,0,0,0,0,1,1,1,1,42,7,9000,2,5,-1,1,-1
2015544421415,1,9,0,18,0,0,0,0,0,0,3,1,6,2,54,8,1598,1,5,-1,3,-1
2015544425515,1,19,0,9,0,6,0,0,0,0,4,1,1,1,30,6,1560,2,2,-1,1,-1
2015544425515,2,9,0,18,0,8,1,0,0,0,1,1,6,2,42,7,1498,1,8,-1,2,-1
2015544442915,1,9,0,7,0,4,0,0,0,0,4,1,6,1,22,5,1896,2,8,-1,1,-1
2015544442915,2,1,0,7,0,4,0,0,0,0,3,1,6,1,41,7,-1,-1,-1,-1,1,-1
2015544450615,1,9,0,17,0,1,0,10,1,0,1,1,6,1,49,8,1975,1,8,-1,1,-1
2015544451715,1,9,0,18,0,3,0,10,7,4,1,1,6,1,18,4,1995,2,4,-1,-1,-1
2015544480915,1,9,0,18,0,0,0,8,0,0,4,1,6,2,75,10,998,1,13,-1,1,-1
2015544480915,2,9,0,2,0,0,0,0,0,0,4,1,6,2,36,7,1951,2,13,-1,1,-1
2015544499815,1,9,0,18,0,1,1,0,1,7,2,1,6,2,53,8,1461,2,7,-1,1,-1
2015544500215,1,9,0,9,0,6,0,0,0,0,3,1,6,2,59,9,1990,1,12,-1,3,-1
2015544500215,2,1,0,16,0,8,0,0,0,0,1,1,6,1,32,6,-1,-1,-1,-1,1,-1
2015544504715,1,21,1,18,0,0,1,0,1,11,1,1,1,1,59,9,12777,2,-1,-1,3,-1
2015544518315,1,9,0,3,0,4,0,0,0,0,2,1,6,2,30,6,1598,1,11,-1,1,-1
2015544518315,2,9,0,5,0,4,0,0,0,0,1,1,6,1,27,6,1998,1,21,-1,3,-1
2015544529915,1,5,0,17,0,0,0,0,0,0,1,1,6,1,27,6,-1,-1,-1,-1,1,-1
2015544529915,2,9,0,16,0,0,1,0,0,0,1,1,6,1,83,11,1149,1,6,-1,1,-1
2015544531315,1,9,0,9,0,8,0,0,0,0,1,1,6,2,19,4,1328,1,13,-1,1,-1
2015544531315,2,9,0,18,0,8,0,10,1,10,1,1,6,1,45,7,2231,2,8,-1,1,-1
2015544548315,1,9,0,18,0,1,0,0,0,0,3,1,6,1,20,4,1896,2,13,-1,1,-1
2015544548315,2,1,0,13,0,1,0,0,0,0,1,1,6,1,59,9,-1,-1,-1,-1,3,-1
2015544570815,1,3,0,13,0,8,0,0,0,0,4,1,6,1,18,4,124,1,1,-1,1,-1
2015544570815,2,8,0,9,0,8,0,0,0,0,3,1,1,1,46,8,1896,2,6,-1,1,-1
2015544580615,1,9,0,9,0,5,0,0,0,0,1,1,6,1,67,10,2987,2,9,-1,1,-1
2015544580615,2,3,0,18,0,8,0,0,1,0,1,1,2,1,38,7,124,1,29,-1,1,-1
2015544582315,1,9,0,18,0,8,0,0,0,0,4,1,2,2,33,6,1242,1,6,-1,1,-1
2015544583515,1,9,0,18,0,0,0,0,0,0,3,1,6,2,34,6,2720,2,9,-1,1,-1
2015544583515,2,9,0,18,0,0,0,0,1,10,3,1,6,1,19,4,1242,1,2,-1,3,-1
2015544584915,1,9,0,18,0,1,0,7,1,1,4,1,6,2,19,4,1242,1,4,-1,1,-1
2015544586615,1,2,0,18,0,0,0,10,0,0,4,1,1,1,22,5,109,1,2,-1,1,-1
2015544592315,1,9,0,18,0,0,5,7,0,0,1,1,2,1,35,6,-1,-1,-1,-1,1,-1
2015544612615,1,8,0,6,0,0,0,0,0,0,3,1,1,1,34,6,1896,2,6,-1,1,-1
2015544612615,2,5,0,14,0,0,0,0,0,0,1,1,6,2,31,6,599,1,18,-1,1,-1
2015544612815,1,5,0,14,0,8,0,0,0,0,4,1,2,1,45,7,749,1,8,-1,1,-1
2015544612815,2,9,0,9,0,6,0,0,0,0,1,1,2,1,20,4,1560,2,8,-1,1,-1
2015544648715,1,9,3,18,0,0,0,0,0,0,0,1,6,1,48,8,2953,2,12,-1,3,-1
2015544648715,2,9,0,16,0,0,0,11,0,0,1,1,6,2,27,6,1598,1,6,-1,1,-1
2015544649315,1,9,0,14,0,0,5,4,0,0,4,1,2,1,29,6,1242,1,12,-1,3,-1
2015544649315,2,9,0,2,0,0,0,0,0,0,3,1,6,2,47,8,1598,1,1,-1,1,-1
2015544649315,3,9,0,2,0,0,0,0,0,0,3,1,6,1,26,6,1360,1,15,-1,1,-1
2015544651515,1,9,0,4,0,2,0,0,0,0,1,1,6,2,-1,-1,-1,-1,-1,-1,-1,-1