Accident_Index,Vehicle_Reference,Vehicle_Type,Towing_and_Articulation,Vehicle_Manoeuvre,Vehicle_Location-Restricted_Lane,Junction_Location,Skidding_and_Overturning,Hit_Object_in_Carriageway,Vehicle_Leaving_Carriageway,Hit_Object_off_Carriageway,1st_Point_of_Impact,Was_Vehicle_Left_Hand_Drive?,Journey_Purpose_of_Driver,Sex_of_Driver,Age_of_Driver,Age_Band_of_Driver,Engine_Capacity_(CC),Propulsion_Code,Age_of_Vehicle,Driver_IMD_Decile,Driver_Home_Area_Type,Vehicle_IMD_Decile
2015547669115,2,3,0,18,0,8,0,0,0,0,1,1,6,1,27,6,124,1,14,-1,1,-1
2015547670815,1,9,0,14,0,0,0,0,0,0,1,1,6,1,29,6,1686,2,12,-1,2,-1
2015547676715,1,9,0,12,0,0,0,0,0,0,0,1,6,1,-1,-1,-1,-1,-1,-1,-1,-1
2015547676715,2,9,0,12,0,0,0,0,0,0,1,1,6,2,37,7,1388,1,4,-1,1,-1
2015547676715,3,9,0,4,0,0,0,0,0,0,2,1,6,2,22,5,1390,1,1,-1,1,-1
2015547676715,4,9,0,18,0,0,1,0,0,0,0,1,6,2,47,8,898,1,1,-1,1,-1
2015547679415,1,9,0,18,0,0,2,0,1,1,1,1,6,1,77,11,3200,2,4,-1,3,-1
2015547692315,1,9,0,9,0,6,0,0,7,0,3,1,6,1,66,10,1364,1,8,-1,1,-1
2015547692315,2,19,0,18,0,8,1,0,7,0,1,1,2,1,26,6,2198,2,8,-1,1,-1
2015547692815,1,9,0,17,0,0,1,0,7,0,1,1,2,1,25,5,1781,1,14,-1,1,-1
2015547692815,2,19,0,18,0,0,0,0,1,0,1,1,2,1,63,9,1399,2,3,-1,1,-1
2015547705015,1,9,0,18,0,8,0,0,7,10,1,1,6,2,25,5,1341,1,11,-1,1,-1
2015547705015,2,19,0,7,0,8,0,0,0,0,1,1,6,1,84,11,1296,1,10,-1,1,-1
2015547715515,1,19,0,4,0,0,0,0,1,0,1,1,6,1,68,10,2198,2,-1,-1,1,-1
2015547715515,2,9,0,3,0,0,0,0,0,0,2,1,6,1,51,8,1968,2,1,-1,3,-1
2015547715515,3,9,0,3,0,0,0,0,0,0,2,1,6,1,18,4,1198,1,3,-1,1,-1
2015547718315,1,9,0,18,0,2,0,0,0,0,1,1,6,2,18,4,996,1,2,-1,1,-1
2015547721215,1,9,0,16,0,1,2,0,0,0,1,1,6,2,30,6,1597,1,24,-1,3,-1
2015547723215,1,9,0,18,0,0,0,0,7,0,1,1,6,2,68,10,1339,1,9,-1,1,-1
2015547723215,2,9,0,18,0,0,0,0,1,4,1,1,6,2,39,7,1248,2,10,-1,1,-1
2015547738915,1,19,0,17,0,0,5,0,1,10,4,1,1,1,21,5,2148,2,7,-1,1,-1
2015547743015,1,19,0,18,0,8,0,0,0,0,1,1,1,1,39,7,2198,2,3,-1,1,-1
2015547743015,2,9,0,9,0,6,0,0,0,0,3,1,6,2,46,8,1339,1,11,-1,-1,-1
2015547753915,1,19,0,18,0,0,0,0,0,0,1,1,6,1,20,4,1896,2,12,-1,1,-1
2015547753915,2,9,0,3,0,0,0,0,0,0,2,1,6,2,75,10,1968,2,2,-1,3,-1
2015547753915,3,9,0,3,0,0,0,0,0,0,2,1,6,1,71,10,1339,8,1,-1,1,-1
2015547770915,1,1,0,5,0,0,0,0,0,0,3,1,6,2,12,3,-1,-1,-1,-1,1,-1
2015547770915,2,9,0,18,0,0,0,0,0,0,1,1,6,1,-1,-1,-1,-1,-1,-1,-1,-1
2015547796115,1,9,0,7,0,3,0,0,0,0,4,1,1,2,45,7,1984,1,7,-1,1,-1
2015547796115,2,1,0,18,0,8,0,0,0,0,3,1,1,1,30,6,-1,-1,-1,-1,-1,-1
2015547800515,1,9,0,16,0,0,0,0,0,0,1,1,6,1,27,6,1598,1,14,-1,1,-1
2015547800515,2,9,0,17,0,0,0,0,0,0,1,1,6,1,20,4,1596,1,9,-1,1,-1
2015547827915,1,9,0,18,0,2,0,0,0,0,1,1,6,1,43,7,1896,2,15,-1,1,-1
2015547827915,2,9,0,4,0,2,0,0,0,0,2,1,6,1,32,6,1596,1,13,-1,1,-1
2015547827915,3,9,0,4,0,2,0,0,0,0,2,1,6,2,46,8,1198,1,4,-1,1,-1
2015547835215,1,19,0,17,0,0,2,0,7,4,1,1,6,1,31,6,1686,2,14,-1,2,-1
2015547848515,1,9,0,9,0,6,0,0,0,0,1,1,6,3,-1,-1,-1,-1,-1,-1,-1,-1
2015547848515,2,2,0,18,0,8,0,0,0,0,3,1,6,1,16,4,49,1,14,-1,1,-1
2015547870615,1,9,0,18,0,0,0,0,0,0,1,1,6,1,29,6,1299,1,13,-1,1,-1
2015547870615,2,9,0,4,0,0,0,0,0,0,2,1,6,2,57,9,1198,1,-1,-1,3,-1
2015547872415,1,9,0,3,0,1,0,0,0,0,2,1,6,1,72,10,1968,2,7,-1,2,-1
2015547872415,2,9,0,4,0,1,0,0,0,0,1,1,6,1,28,6,2495,2,13,-1,1,-1
2015547878615,1,9,0,14,0,8,0,0,0,0,1,1,6,2,39,7,4197,1,10,-1,1,-1
2015547878615,2,9,0,5,0,8,0,0,0,0,3,1,6,2,37,7,2457,1,12,-1,1,-1
2015547880515,1,9,0,4,0,0,0,0,0,0,4,1,6,1,17,4,-1,-1,-1,-1,3,-1
2015547891815,1,9,0,3,0,1,0,0,0,0,2,1,6,2,34,6,1997,1,13,-1,2,-1
2015547891815,2,9,0,4,0,1,0,0,0,0,1,1,6,1,29,6,1590,1,16,-1,1,-1
2015547933315,1,1,0,18,0,0,0,0,0,0,1,1,1,1,24,5,-1,-1,-1,-1,1,-1
2015547933315,2,9,0,4,0,0,0,0,0,0,4,1,1,2,30,6,1248,2,8,-1,1,-1
2015547935415,1,9,0,9,0,5,0,0,0,0,3,1,6,1,29,6,1995,1,4,-1,1,-1
2015547935415,2,9,0,18,0,8,0,0,7,11,4,1,6,2,20,4,1199,2,3,-1,1,-1
2015547947215,1,9,0,4,0,0,1,0,0,0,1,1,2,1,21,5,2495,2,13,-1,3,-1
2015547947215,2,9,0,4,0,0,0,0,0,0,2,1,2,1,37,7,1995,2,2,-1,2,-1
2015547953015,1,9,0,7,0,3,1,0,0,0,1,1,6,1,26,6,1461,2,7,-1,1,-1
2015547953015,2,9,0,4,0,1,0,0,1,0,3,1,2,1,34,6,2497,1,14,-1,2,-1
2015547953015,3,9,0,4,0,1,0,0,0,0,1,1,2,2,32,6,1590,1,10,-1,1,-1
2015547953515,1,9,0,14,0,1,0,4,0,0,1,1,6,1,85,11,1991,2,10,-1,1,-1
2015547953515,2,19,0,2,0,1,0,0,0,0,2,1,1,1,38,7,2287,2,5,-1,1,-1
2015547957815,1,9,0,3,0,0,0,0,0,0,2,1,6,1,43,7,1390,1,4,-1,1,-1
2015547957815,2,9,0,18,0,0,0,0,0,0,1,1,6,2,54,8,1343,1,10,-1,3,-1
2015547958715,1,9,0,18,0,0,5,0,8,10,1,1,6,1,86,11,1598,2,5,-1,3,-1
2015547965315,1,9,0,18,0,8,0,0,0,0,1,1,6,1,19,4,1590,1,13,-1,2,-1
2015547965315,2,9,0,5,0,6,0,0,0,0,4,1,1,1,18,4,-1,-1,-1,-1,3,-1
2015547972615,1,9,0,13,0,0,0,0,0,0,1,1,6,2,27,6,1968,2,7,-1,3,-1
2015547972615,2,9,0,13,0,0,0,0,8,7,1,1,6,1,39,7,1968,2,6,-1,1,-1
2015547972615,3,20,1,18,0,0,0,0,0,0,3,1,6,1,49,8,11116,2,10,-1,1,-1
2015547972615,4,9,0,18,0,0,0,0,0,0,4,1,6,1,45,7,1984,2,3,-1,3,-1
2015547974715,1,9,0,7,0,6,0,0,0,0,1,1,6,1,30,6,1242,1,8,-1,1,-1
2015547985015,1,9,0,9,0,6,1,0,0,0,3,1,6,1,26,6,2231,2,9,-1,1,-1
2015547985015,2,9,0,3,0,8,0,0,0,0,1,2,6,2,25,5,1600,1,9,-1,1,-1
2015548012315,1,9,0,9,0,5,0,0,0,0,4,1,6,1,85,11,1339,1,2,-1,3,-1
2015548012315,2,3,0,18,0,8,0,0,0,0,1,1,1,1,18,4,109,1,2,-1,1,-1
2015548017915,1,9,0,18,0,0,0,0,0,0,4,1,6,3,-1,-1,-1,-1,-1,-1,-1,-1
2015548027015,1,21,4,16,0,0,2,0,1,11,1,1,1,1,51,8,10308,2,8,-1,1,-1
2015548034615,1,9,0,1,9,6,0,0,0,0,2,1,6,2,67,10,1396,1,18,-1,1,-1
2015548034815,1,19,0,18,0,1,0,0,0,0,1,1,1,1,31,6,1686,2,11,-1,2,-1
2015548034815,2,9,0,10,0,1,0,0,0,0,2,1,6,2,30,6,1560,2,7,-1,3,-1
2015548035815,1,9,0,12,0,0,5,0,5,6,1,1,6,2,19,4,1598,1,7,-1,1,-1
2015548035815,2,9,0,18,0,0,0,0,0,0,4,1,6,1,29,6,1769,1,12,-1,1,-1
2015548036115,1,9,0,18,0,0,0,0,0,0,1,1,6,1,42,7,1796,1,14,-1,1,-1
2015548036115,2,9,0,4,0,0,0,0,0,0,2,2,6,1,26,6,-1,-1,-1,-1,-1,-1
2015548036115,3,9,0,3,0,0,0,0,0,0,2,1,6,1,59,9,1995,2,1,-1,2,-1
2015548068815,1,19,0,17,0,0,0,0,2,11,1,1,6,1,41,7,1995,2,7,-1,1,-1
2015548073415,1,9,0,9,0,5,1,0,1,4,1,1,6,1,37,7,2199,2,3,-1,1,-1
2015548073415,2,9,0,18,0,1,0,0,0,0,0,1,1,1,-1,-1,1686,2,2,-1,-1,-1
2015548078115,1,17,5,18,0,0,0,0,0,0,0,1,1,1,44,7,6788,2,1,-1,3,-1
2015548078115,2,1,0,18,0,0,0,0,1,11,1,1,6,1,52,8,-1,-1,-1,-1,1,-1
2015548083315,1,17,4,1,0,0,0,0,0,0,2,1,1,1,49,8,-1,2,5,-1,3,-1
2015548083315,2,1,0,3,0,0,0,0,0,0,1,1,6,1,25,5,-1,-1,-1,-1,1,-1
2015548088515,1,9,0,5,0,6,0,0,0,0,1,1,6,2,79,11,1299,1,8,-1,3,-1
2015548088515,2,5,0,18,0,8,1,0,7,1,1,1,6,1,27,6,600,1,15,-1,1,-1
2015548089915,1,9,0,1,0,0,0,0,0,0,2,1,6,3,-1,-1,-1,-1,-1,-1,-1,-1
2015548089915,2,1,0,3,0,0,0,0,0,0,1,1,6,1,36,7,-1,-1,-1,-1,1,-1
2015548093315,1,9,0,17,0,0,2,10,0,0,4,1,6,2,23,5,1997,1,14,-1,3,-1
2015548097015,1,3,0,18,0,0,0,0,0,0,1,1,2,1,18,4,124,1,3,-1,1,-1
2015548097015,2,9,0,4,0,0,0,0,0,0,2,1,2,2,35,6,1560,2,-1,-1,1,-1
2015548098915,1,9,0,4,0,0,0,0,0,0,2,1,1,2,53,8,998,1,7,-1,2,-1
2015548098915,2,9,0,18,0,0,0,0,0,0,1,1,1,1,29,6,1299,1,12,-1,2,-1
2015548098915,3,9,0,18,0,0,0,0,0,0,1,1,1,2,25,5,1598,1,8,-1,3,-1
2015548099015,1,21,0,5,0,1,0,0,0,0,1,1,1,1,25,5,12777,2,8,-1,3,-1
2015548099015,2,9,0,3,0,1,0,0,0,0,2,1,2,2,23,5,1198,1,9,-1,1,-1
2015548099015,3,9,0,3,0,1,0,0,0,0,2,1,6,1,30,6,2967,2,2,-1,2,-1
2015548104215,1,9,0,7,0,5,0,0,0,0,4,1,6,2,30,6,1598,1,9,-1,1,-1
2015548106315,1,9,0,3,0,0,0,0,0,0,2,1,6,1,38,7,2720,2,8,-1,2,-1
2015548106315,2,9,0,18,0,0,1,0,0,0,1,1,6,1,27,6,1248,1,1,-1,2,-1
2015548107215,1,9,0,18,0,1,0,0,0,0,1,1,6,2,38,7,1685,2,3,-1,1,-1
2015548107215,2,9,0,3,0,1,0,0,0,0,2,1,6,2,28,6,1598,1,7,-1,2,-1
2015548110315,1,1,0,18,0,0,0,4,0,0,1,1,6,1,71,10,-1,-1,-1,-1,1,-1
2015548110315,2,21,0,2,0,0,0,0,0,0,2,1,1,1,45,7,4461,2,3,-1,1,-1
2015548110615,1,21,1,17,0,0,0,0,0,0,3,1,1,1,64,9,12777,2,5,-1,1,-1
2015548110615,2,21,0,16,0,0,0,0,0,0,3,1,1,1,62,9,12580,2,11,-1,2,-1
2015548110615,3,9,0,17,0,0,0,0,0,0,1,1,2,1,50,8,1364,1,8,-1,1,-1
2015548114415,1,9,0,9,0,6,0,0,0,0,3,1,6,1,90,11,1598,1,15,-1,1,-1
2015548114415,2,3,0,18,0,8,0,0,0,0,1,1,6,1,18,4,125,1,2,-1,3,-1
2015548118315,1,9,0,18,0,8,1,0,7,0,1,1,6,1,74,10,1797,8,-1,-1,3,-1
2015548118315,2,9,0,18,0,6,1,0,1,9,3,1,6,2,20,4,1248,2,4,-1,1,-1
2015548121915,1,9,0,18,0,1,0,0,0,0,1,1,2,1,27,6,1799,1,8,-1,1,-1
2015548121915,2,8,0,3,0,1,0,0,0,0,2,1,1,1,62,9,1997,2,6,-1,1,-1
2015548129015,1,9,0,18,0,2,0,0,0,0,1,1,6,2,34,6,1598,2,1,-1,3,-1
2015548129215,1,9,0,11,0,0,0,0,4,6,4,1,1,2,18,4,1229,1,10,-1,1,-1
2015548129215,2,21,1,18,0,0,0,0,0,0,3,1,1,1,43,7,12740,2,-1,-1,2,-1
2015548141715,1,9,0,4,0,0,0,0,0,0,2,2,6,1,70,10,1197,1,-1,-1,1,-1
2015548141715,2,9,0,18,0,0,0,0,0,0,1,2,6,1,41,7,1995,2,9,-1,1,-1
2015548142015,1,21,1,18,0,0,3,0,1,1,1,1,1,1,69,10,12777,2,6,-1,1,-1
2015548142015,2,21,1,2,6,0,0,0,0,0,2,1,2,1,49,8,12777,2,-1,-1,3,-1
2015548163815,1,9,0,9,0,5,0,0,0,0,1,1,3,1,43,7,1199,1,14,-1,1,-1
2015548163815,2,1,0,18,0,8,0,0,0,0,1,1,2,1,20,4,-1,-1,-1,-1,1,-1
2015548181515,1,11,0,18,0,1,0,0,0,0,3,1,1,1,35,6,4461,2,3,-1,1,-1
2015548181515,2,9,0,13,0,1,0,0,0,0,4,1,6,1,20,4,1360,1,10,-1,3,-1
2015548186915,1,9,0,18,0,0,0,0,0,0,4,1,6,2,-1,-1,1248,2,4,-1,2,-1
2015548188615,1,98,0,1,0,6,0,0,0,0,4,1,1,1,61,9,10518,2,6,-1,1,-1
2015548194615,1,9,0,18,0,8,0,0,0,0,1,1,6,2,35,6,998,1,9,-1,1,-1
2015548194615,2,19,0,9,0,8,0,0,0,0,4,1,1,1,59,9,1598,2,3,-1,2,-1
2015548204015,1,9,0,18,0,1,0,0,0,0,1,1,6,2,-1,-1,-1,-1,-1,-1,-1,-1
2015548204015,2,9,0,3,0,1,0,0,0,0,2,1,3,2,29,6,2497,1,11,-1,1,-1
2015548215815,1,8,0,3,0,2,0,0,0,0,2,1,6,1,61,9,1598,2,4,-1,1,-1
2015548215815,2,9,0,4,0,2,0,0,0,0,1,1,6,2,20,4,1242,1,5,-1,1,-1
2015548222615,1,5,0,18,0,8,1,0,0,0,1,1,2,1,24,5,599,1,13,-1,2,-1
2015548222615,2,9,0,9,0,6,0,0,0,0,0,1,2,1,32,6,1799,1,16,-1,1,-1
2015548222615,3,9,0,18,0,1,0,0,0,0,1,1,6,3,-1,-1,1497,1,11,-1,-1,-1
2015548232015,1,9,0,18,0,4,0,0,0,0,1,1,6,1,61,9,1850,1,16,-1,1,-1
2015548232015,2,1,0,18,0,8,0,0,0,0,4,1,6,1,36,7,-1,-1,-1,-1,1,-1
2015548236515,1,5,0,3,0,0,0,0,0,0,2,1,6,1,28,6,-1,-1,-1,-1,1,-1
2015548236515,2,9,0,18,0,0,0,0,0,0,1,1,6,1,-1,-1,-1,-1,-1,-1,-1,-1
2015548250815,1,9,0,5,9,6,0,0,0,0,4,1,6,1,50,8,1796,1,13,-1,3,-1
2015548250815,2,1,0,18,9,8,0,0,0,0,1,1,6,1,49,8,-1,-1,-1,-1,1,-1
2015548251615,1,9,0,9,0,5,0,0,0,0,4,1,6,1,69,10,2495,2,15,-1,1,-1
2015548251615,2,9,0,18,0,8,0,0,0,0,1,1,6,1,53,8,1598,1,12,-1,3,-1
2015548251615,3,9,0,18,0,1,0,0,0,0,1,1,6,1,28,6,1997,1,16,-1,3,-1
2015548260215,1,9,0,16,0,0,0,0,0,0,1,1,1,1,46,8,1598,2,4,-1,3,-1
2015548260215,2,9,0,17,0,0,0,0,0,0,1,1,1,1,46,8,2148,2,7,-1,1,-1
2015548263015,1,9,0,18,0,0,1,0,0,0,3,1,6,1,23,5,1799,1,9,-1,2,-1
2015548263015,2,19,0,18,0,0,0,0,0,0,3,1,1,1,57,9,4250,2,7,-1,2,-1
2015548263215,1,9,0,9,0,6,0,0,0,0,1,1,6,1,40,7,1364,1,9,-1,1,-1
2015548263215,2,9,0,18,0,8,0,0,1,1,1,1,6,2,24,5,1240,1,12,-1,1,-1
2015548271615,1,9,0,13,0,0,0,0,1,0,4,1,6,2,21,5,1149,1,15,-1,3,-1
2015548271615,2,1,0,18,0,0,0,0,1,0,3,1,6,1,70,10,-1,-1,-1,-1,3,-1
2015548276015,1,9,0,14,0,1,0,0,0,0,1,1,6,1,80,11,1797,8,2,-1,1,-1
2015548276015,2,9,0,7,0,6,0,0,0,0,0,1,6,2,41,7,1461,2,5,-1,1,-1
2015548276415,1,11,0,18,0,0,0,0,0,0,4,1,1,1,66,10,9000,2,4,-1,1,-1
2015548279915,1,9,0,18,0,6,0,0,0,0,1,1,6,2,30,6,1240,1,12,-1,1,-1
2015548279915,2,9,0,18,0,8,0,0,7,11,4,1,6,2,76,11,1587,1,11,-1,3,-1
2015548281515,1,9,0,17,0,0,0,11,1,0,1,1,6,1,70,10,1586,1,-1,-1,3,-1
2015548281515,2,17,4,16,0,0,0,0,0,0,0,1,6,1,33,6,5985,2,15,-1,3,-1
2015548298415,1,9,0,9,0,8,0,0,0,0,1,1,6,1,77,11,1596,1,1,-1,1,-1
2015548298415,2,1,0,18,0,8,0,0,0,0,1,1,6,1,32,6,-1,-1,-1,-1,3,-1
2015548305815,1,9,0,18,0,0,0,0,0,0,4,1,6,1,-1,-1,-1,-1,-1,-1,-1,-1
2015548311815,1,9,0,18,0,8,1,0,0,0,1,1,6,1,32,6,1600,1,15,-1,1,-1
2015548311815,2,9,0,18,0,8,0,0,0,0,2,1,6,1,53,8,996,1,6,-1,3,-1
2015548313115,1,9,0,17,0,0,5,0,2,4,1,1,2,2,18,4,999,1,2,-1,1,-1
2015548313315,1,9,0,18,0,0,5,0,7,9,1,1,2,1,21,5,1896,2,12,-1,1,-1
2015548331715,1,9,0,18,0,0,0,11,0,0,4,1,6,1,48,8,1956,2,-1,-1,1,-1
2015548331715,2,9,0,18,0,0,1,0,5,6,3,1,2,1,42,7,1998,1,11,-1,2,-1
2015548337015,1,9,0,7,0,3,0,0,0,0,1,1,6,1,75,10,3199,1,15,-1,1,-1
2015548337015,2,1,0,18,0,6,0,0,0,0,3,1,4,1,12,3,-1,-1,-1,-1,1,-1
2015548337215,1,19,0,18,0,8,0,0,0,0,1,1,6,1,-1,-1,2402,2,7,-1,-1,-1
2015548337215,2,9,0,18,0,8,1,0,0,0,2,1,6,2,61,9,1398,1,-1,-1,-1,-1
2015548337815,1,9,0,18,0,4,0,0,0,0,1,1,6,1,26,6,1999,1,14,-1,1,-1
2015548337815,2,1,0,9,0,8,0,0,0,0,4,1,6,1,58,9,-1,-1,-1,-1,1,-1
2015548338915,1,9,0,13,0,0,0,0,0,0,1,1,6,1,46,8,1973,2,28,-1,1,-1
2015548338915,2,9,0,18,0,0,5,0,0,0,1,1,6,2,30,6,1229,1,-1,-1,1,-1
2015548338915,3,9,0,3,0,0,0,0,0,0,2,1,6,2,45,7,1149,1,13,-1,3,-1
2015548338915,4,9,0,3,0,0,0,0,0,0,2,1,6,1,56,9,2982,2,1,-1,1,-1
2015548338915,5,98,0,18,0,0,0,0,0,0,3,1,6,1,46,8,2287,2,-1,-1,1,-1
2015548340315,1,9,0,18,0,0,2,0,5,6,1,1,6,2,28,6,1796,1,13,-1,1,-1
2015548349915,1,9,0,18,0,4,0,0,0,0,1,1,2,1,45,7,1998,2,9,-1,1,-1
2015548349915,2,1,0,18,0,8,0,0,0,0,4,1,6,1,30,6,-1,-1,-1,-1,1,-1
2015548372715,1,9,0,18,0,0,0,0,1,11,1,1,6,2,40,7,998,1,-1,-1,1,-1
2015548372715,2,21,0,18,0,0,1,0,0,0,1,1,1,1,65,9,12809,2,3,-1,1,-1
2015548372715,3,9,0,18,0,0,0,0,0,0,1,1,6,2,50,8,1598,1,10,-1,1,-1
2015548392915,1,9,0,5,0,1,0,0,0,0,1,1,6,2,48,8,1997,2,13,-1,1,-1
2015548392915,2,9,0,5,0,6,0,0,0,0,2,1,1,2,23,5,1800,1,15,-1,3,-1
2015548411715,1,9,0,17,0,0,2,0,1,4,1,1,6,1,85,11,1998,1,9,-1,2,-1
2015548416215,1,9,0,13,0,0,5,0,7,11,1,1,2,1,19,4,1199,1,12,-1,1,-1
2015548421415,1,9,0,9,0,8,0,0,0,0,1,1,6,2,44,7,1560,2,1,-1,1,-1
2015548421415,2,9,0,18,0,8,0,0,0,0,3,1,6,1,35,6,2993,2,1,-1,2,-1
2015548421415,3,8,0,18,0,8,0,0,1,10,3,1,6,1,49,8,1997,2,7,-1,2,-1
2015548434515,1,9,0,18,0,0,0,0,8,1,1,1,6,2,26,6,1596,1,6,-1,1,-1
2015548437015,1,9,0,18,0,0,0,0,0,0,1,1,6,1,80,11,1339,1,2,-1,1,-1
2015548437015,2,9,0,4,0,0,0,0,0,0,2,1,6,2,57,9,1388,1,5,-1,1,-1
2015548445215,1,3,0,16,0,2,1,0,0,0,1,1,2,1,29,6,125,1,10,-1,1,-1
2015548445215,2,19,0,18,0,1,0,0,0,0,1,1,2,1,66,10,1998,2,11,-1,2,-1
2015548445815,1,3,0,13,0,0,0,0,0,0,1,1,6,1,17,4,125,1,-1,-1,1,-1
2015548445815,2,9,0,5,0,0,0,0,0,0,3,1,1,1,47,8,1560,2,8,-1,1,-1
2015548453415,1,8,0,9,0,2,0,0,0,0,3,1,6,1,30,6,1997,2,6,-1,1,-1
2015548465015,1,9,0,18,0,1,0,0,0,0,1,1,2,1,40,7,1598,1,7,-1,1,-1
2015548465015,2,90,0,18,0,2,0,0,0,0,1,1,6,1,75,10,2286,2,8,-1,1,-1
2015548465015,3,9,0,18,0,8,0,0,0,0,1,1,6,1,75,10,1686,2,9,-1,2,-1
2015548467115,1,9,0,9,0,6,0,0,0,0,3,1,6,2,65,9,1998,2,6,-1,1,-1
2015548467115,2,1,0,18,0,8,0,0,0,0,1,1,6,2,50,8,-1,-1,-1,-1,1,-1
2015548470715,1,9,0,5,0,6,0,0,0,0,3,1,6,2,55,8,1560,2,1,-1,2,-1
2015548470715,2,9,0,18,0,8,0,0,0,0,1,1,6,2,44,7,1997,2,7,-1,3,-1
2015548470915,1,9,0,18,0,3,0,0,0,0,1,1,6,1,48,8,2976,1,13,-1,2,-1
2015548470915,2,1,0,9,0,8,0,0,0,0,3,1,6,1,37,7,-1,-1,-1,-1,1,-1
2015548484015,1,9,0,4,0,1,0,0,0,0,1,1,6,2,35,6,2401,2,13,-1,3,-1
2015548484015,2,9,0,3,0,1,0,0,0,0,2,1,6,2,39,7,1796,1,7,-1,1,-1
2015548487915,1,9,0,18,0,0,0,0,0,0,1,1,6,1,30,6,1584,1,9,-1,1,-1
2015548487915,2,1,0,18,0,0,0,0,0,0,1,1,6,1,7,2,-1,-1,-1,-1,1,-1
2015548491215,1,8,0,18,0,2,0,0,7,10,1,1,1,1,41,7,1598,2,3,-1,1,-1
2015548492115,1,9,0,17,0,0,5,0,1,4,1,1,6,1,21,5,1400,1,9,-1,2,-1
2015548493215,1,9,0,17,0,0,0,0,1,4,1,1,6,1,37,7,1910,2,8,-1,3,-1
2015548503115,1,9,0,5,0,6,0,0,0,0,1,1,6,2,88,11,999,1,11,-1,1,-1
2015548503115,2,1,0,18,0,8,0,0,0,0,2,1,6,2,45,7,-1,-1,-1,-1,1,-1
2015548509515,1,5,0,18,0,8,1,0,7,0,1,1,6,1,25,5,599,1,9,-1,1,-1
2015548509515,2,9,0,5,0,6,0,0,0,0,3,1,6,1,57,9,1995,2,14,-1,1,-1
2015548525315,1,9,0,5,0,1,0,0,0,0,1,1,6,1,35,6,1598,2,5,-1,1,-1
2015548525315,2,5,0,3,0,4,0,0,0,0,2,1,6,1,37,7,1352,1,5,-1,2,-1
2015548525815,1,9,0,18,0,2,0,0,0,0,1,1,6,3,-1,-1,-1,-1,-1,-1,-1,-1
2015548525815,2,1,0,18,0,2,0,0,0,0,3,1,6,1,12,3,-1,-1,-1,-1,1,-1
2015548528015,1,9,0,18,0,0,1,0,0,0,1,1,6,2,17,4,1299,1,10,-1,3,-1
2015548528015,2,9,0,4,0,0,0,0,7,0,2,1,2,2,39,7,1248,1,6,-1,3,-1
2015548528615,1,9,0,9,0,5,0,0,0,0,4,1,6,1,31,6,1781,1,13,-1,1,-1
2015548528615,2,3,0,18,0,8,0,0,0,0,1,1,6,2,30,6,124,1,-1,-1,1,-1
2015548529315,1,19,0,16,0,0,1,10,2,11,1,1,6,1,24,5,1248,2,10,-1,2,-1
2015548529315,2,9,0,17,0,0,0,0,0,0,3,1,6,1,72,10,1968,2,6,-1,3,-1
2015548536115,1,9,0,9,0,5,0,0,0,0,4,1,1,2,51,8,2179,2,2,-1,1,-1
2015548536115,2,9,0,18,0,8,0,0,0,0,1,1,1,1,47,8,1587,1,8,-1,2,-1
2015548536115,3,9,0,8,0,1,0,0,0,0,1,1,1,2,46,8,1242,1,12,-1,3,-1
2015548541215,1,21,0,9,0,6,0,0,0,0,4,1,1,1,67,10,-1,-1,-1,-1,1,-1
2015548541215,2,9,0,18,0,8,5,0,1,0,3,1,3,2,27,6,1497,1,10,-1,1,-1
2015548547815,1,98,0,18,0,0,1,0,0,0,1,1,6,1,46,8,12777,2,1,-1,1,-1
2015548547815,2,19,0,4,0,0,0,0,0,0,2,1,6,2,64,9,1753,2,10,-1,1,-1
2015548547815,3,9,0,3,0,0,0,0,0,0,2,1,6,2,18,4,1086,1,10,-1,1,-1
2015548547815,4,90,0,3,0,0,0,0,0,0,2,1,6,1,-1,-1,-1,-1,-1,-1,3,-1
2015548548415,1,9,0,9,0,5,0,0,0,0,4,1,6,1,72,10,999,1,14,-1,1,-1
2015548548415,2,9,0,18,0,8,0,0,0,0,1,1,6,1,26,6,1997,2,12,-1,1,-1
2015548550215,1,9,0,4,0,1,0,0,0,0,1,1,6,1,71,10,2771,1,20,-1,2,-1
2015548550215,2,9,0,3,0,1,0,0,0,0,2,1,6,2,43,7,1598,1,9,-1,1,-1
2015548559915,1,5,0,17,0,2,1,0,1,11,1,1,1,1,39,7,1043,1,3,-1,1,-1
2015548560615,1,9,0,4,0,1,0,0,0,0,1,1,6,2,19,4,973,1,14,-1,1,-1
2015548560615,2,9,0,4,0,1,0,0,0,0,2,1,1,1,54,8,1597,2,1,-1,2,-1
2015548563315,1,9,0,18,0,8,0,0,0,0,1,1,6,1,89,11,2000,1,6,-1,1,-1
2015548563315,2,9,0,10,0,8,0,0,0,0,2,1,6,2,52,8,875,1,2,-1,3,-1