Accident_Index,Vehicle_Reference,Vehicle_Type,Towing_and_Articulation,Vehicle_Manoeuvre,Vehicle_Location-Restricted_Lane,Junction_Location,Skidding_and_Overturning,Hit_Object_in_Carriageway,Vehicle_Leaving_Carriageway,Hit_Object_off_Carriageway,1st_Point_of_Impact,Was_Vehicle_Left_Hand_Drive?,Journey_Purpose_of_Driver,Sex_of_Driver,Age_of_Driver,Age_Band_of_Driver,Engine_Capacity_(CC),Propulsion_Code,Age_of_Vehicle,Driver_IMD_Decile,Driver_Home_Area_Type,Vehicle_IMD_Decile
201554A340915,2,9,0,2,0,2,0,0,0,0,0,1,6,2,58,9,1968,2,6,-1,1,-1
201554A342615,1,9,0,18,0,0,0,0,1,9,1,1,6,1,39,7,1596,1,14,-1,1,-1
201554A349715,1,9,0,18,0,8,0,0,0,0,1,1,1,1,48,8,1951,2,14,-1,2,-1
201554A349715,2,19,0,18,0,8,0,0,0,0,1,1,1,1,36,7,2402,2,8,-1,1,-1
201554A349715,3,19,0,4,0,8,0,0,0,0,2,1,1,1,49,8,1995,2,8,-1,2,-1
201554A353515,1,9,0,17,0,0,1,0,0,0,1,1,6,1,29,6,1781,1,14,-1,1,-1
201554A353515,2,9,0,16,0,0,0,0,0,0,1,1,1,2,54,8,1360,1,16,-1,1,-1
201554A353515,3,9,0,17,0,0,2,0,7,0,3,1,6,2,27,6,1149,1,9,-1,2,-1
201554A367815,1,9,0,14,0,0,0,0,0,0,1,1,6,1,69,10,1868,2,14,-1,3,-1
201554A367815,2,9,0,18,0,0,0,0,0,0,1,1,6,2,65,9,1896,2,12,-1,3,-1
201554A372915,1,9,0,14,0,0,0,0,0,0,4,1,2,2,46,8,2231,2,3,-1,1,-1
201554A372915,2,11,0,2,0,0,0,0,0,0,0,1,1,1,49,8,-1,-1,-1,-1,2,-1
201554A373415,1,19,0,18,0,1,0,0,0,0,1,1,6,1,31,6,1753,2,2,-1,1,-1
201554A373415,2,9,0,10,0,1,0,0,0,0,2,1,6,2,24,5,1997,2,12,-1,2,-1
201554A373415,3,9,0,18,0,1,0,0,0,0,1,1,6,2,97,11,1910,2,9,-1,3,-1
201554A375815,1,9,0,18,0,8,0,0,0,0,4,1,6,1,35,6,1329,1,3,-1,1,-1
201554A375815,2,1,0,18,0,4,0,0,0,0,1,1,6,1,19,4,-1,-1,-1,-1,1,-1
201554A377915,1,21,1,1,0,0,0,0,0,0,2,1,1,1,50,8,12580,2,10,-1,2,-1
201554A377915,2,21,1,1,0,0,0,0,0,0,1,1,1,1,26,6,12780,2,7,-1,2,-1
201554A377915,3,9,0,2,0,0,0,0,0,0,2,1,6,1,46,8,1956,2,1,-1,1,-1
201554A382615,1,9,0,17,0,0,0,0,0,0,4,1,6,2,52,8,1998,1,12,-1,2,-1
201554A389415,1,9,0,13,0,0,1,0,1,0,3,1,2,1,50,8,2495,2,11,-1,3,-1
201554A389415,2,9,0,18,0,0,1,0,7,9,3,1,2,1,65,9,1968,2,8,-1,2,-1
201554A392815,1,19,0,18,0,0,2,0,1,10,4,1,1,1,56,9,1870,2,9,-1,1,-1
201554A392815,2,9,0,18,0,0,1,0,4,6,1,1,1,1,45,7,2987,2,-1,-1,-1,-1
201554A392815,3,9,0,18,0,0,1,0,4,6,1,1,1,1,41,7,2967,2,1,-1,3,-1
201554A403915,1,9,0,7,0,6,0,0,0,0,3,1,6,1,56,9,1990,1,27,-1,1,-1
201554A403915,2,9,0,18,0,8,0,0,0,0,1,1,6,2,63,9,1685,2,3,-1,3,-1
201554A406715,1,9,0,18,0,0,0,0,0,0,1,1,6,1,-1,-1,-1,-1,-1,-1,-1,-1
201554A406715,2,9,0,4,0,0,0,0,0,0,2,1,6,1,17,4,1124,1,10,-1,1,-1
201554A415715,1,9,0,16,0,2,1,0,0,0,1,1,2,1,35,6,1397,1,14,-1,1,-1
201554A415715,2,9,0,18,0,1,0,0,0,0,1,1,2,2,27,6,1299,1,13,-1,2,-1
201554A430315,1,9,0,4,0,0,0,0,0,0,1,1,6,1,28,6,1598,1,-1,-1,1,-1
201554A430315,2,9,0,3,0,0,0,0,0,0,2,1,6,2,33,6,1560,2,10,-1,1,-1
201554A430315,3,9,0,3,0,0,0,0,0,0,2,1,6,1,63,9,1598,1,5,-1,1,-1
201554A435615,1,9,0,9,0,6,0,0,0,0,1,1,6,2,74,10,1596,1,15,-1,1,-1
201554A435615,2,9,0,18,0,8,0,0,0,0,4,1,6,1,49,8,1598,1,16,-1,1,-1
201554A441415,1,9,0,18,0,8,0,0,0,0,1,1,6,1,68,10,1997,2,1,-1,1,-1
201554A441415,2,9,0,18,0,8,0,0,0,0,3,1,6,1,32,6,1229,1,3,-1,1,-1
201554A442415,1,9,0,18,0,0,1,0,5,6,3,1,6,2,20,4,1248,1,2,-1,1,-1
201554A449515,1,4,0,18,0,2,1,10,0,0,1,1,2,1,36,7,125,1,-1,-1,1,-1
201554A463615,1,9,0,7,0,6,0,0,0,0,1,1,6,1,18,4,1596,1,7,-1,3,-1
201554A463615,2,9,0,7,0,6,0,0,0,0,2,1,6,2,49,8,1364,1,6,-1,2,-1
201554A479515,1,9,0,9,0,6,0,0,0,0,1,1,2,2,25,5,1798,1,7,-1,1,-1
201554A479515,2,9,0,18,0,8,0,0,0,0,3,1,2,1,47,8,1686,2,11,-1,3,-1
201554A480515,1,9,0,17,0,0,0,0,1,0,3,1,6,1,22,5,1391,1,14,-1,3,-1
201554A480515,2,9,0,16,0,0,0,0,1,0,3,1,2,1,32,6,1753,2,11,-1,1,-1
201554A484915,1,9,0,16,0,0,2,10,0,0,1,1,1,2,40,7,1840,1,17,-1,3,-1
201554A488115,1,9,0,17,0,0,5,0,7,9,1,1,6,2,24,5,998,1,10,-1,3,-1
201554A488715,1,9,0,3,0,0,0,0,0,0,2,1,6,1,62,9,1685,2,3,-1,3,-1
201554A488715,2,9,0,18,0,0,0,0,0,0,1,2,6,2,55,8,-1,-1,-1,-1,1,-1
201554A491815,1,9,0,9,0,5,0,0,0,0,1,1,6,1,20,4,1910,2,7,-1,2,-1
201554A491815,2,9,0,18,0,8,0,0,0,0,1,1,6,1,35,6,1591,1,7,-1,1,-1
201554A492115,1,9,0,5,0,2,0,0,0,0,1,1,6,1,79,11,1398,1,3,-1,1,-1
201554A494115,1,9,0,16,0,2,0,0,0,0,4,1,1,2,23,5,1956,2,1,-1,1,-1
201554A496815,1,9,0,18,0,2,0,0,0,0,1,1,6,2,18,4,1229,1,2,-1,1,-1
201554A496815,2,9,0,3,0,2,0,0,0,0,2,1,6,1,49,8,1598,2,1,-1,2,-1
201554A502015,1,9,0,4,0,2,0,0,0,0,3,1,6,2,64,9,2179,2,-1,-1,2,-1
201554A511515,1,9,0,16,0,0,1,0,7,9,1,1,2,1,34,6,1398,2,7,-1,1,-1
201554A514215,1,9,0,18,0,0,5,0,1,9,1,1,6,2,22,5,1398,2,6,-1,3,-1
201554A528515,1,9,0,4,0,0,1,0,0,0,1,1,6,1,59,9,2993,2,-1,-1,1,-1
201554A528515,2,9,0,3,0,0,0,0,0,0,2,1,6,1,63,9,1995,2,2,-1,3,-1
201554A528515,3,9,0,3,0,0,0,0,0,0,2,1,6,1,25,5,1598,1,13,-1,1,-1
201554A528515,4,9,0,3,0,0,0,0,0,0,2,1,6,1,25,5,1968,2,4,-1,1,-1
201554A528515,5,9,0,3,0,0,0,0,0,0,2,1,6,1,47,8,1598,2,2,-1,1,-1
201554A531015,1,9,0,17,0,0,1,0,1,9,1,1,6,1,22,5,1242,1,12,-1,3,-1
201554A532115,1,9,0,18,0,0,0,0,5,6,1,1,6,1,41,7,1560,2,6,-1,2,-1
201554A536215,1,10,0,4,0,0,1,0,0,0,1,1,1,1,64,9,2463,2,10,-1,1,-1
201554A536215,2,9,0,3,0,0,0,0,0,0,2,1,6,1,41,7,698,1,10,-1,1,-1
201554A536215,3,9,0,3,0,0,0,0,0,0,2,1,6,2,23,5,1398,1,2,-1,1,-1
201554A536815,1,19,0,18,0,2,0,0,0,0,1,1,1,1,52,8,1995,2,6,-1,1,-1
201554A543115,1,9,0,9,0,6,0,0,0,0,1,1,6,1,-1,-1,-1,-1,-1,-1,-1,-1
201554A543115,2,1,0,9,0,5,0,0,0,0,3,1,6,1,16,4,-1,-1,-1,-1,1,-1
201554A546115,1,9,0,16,0,0,0,0,0,0,4,1,6,3,-1,-1,-1,-1,-1,-1,-1,-1
201554A547015,1,9,0,1,0,0,0,0,0,0,2,1,6,1,51,8,1598,2,-1,-1,1,-1
201554A547015,2,9,0,18,0,0,0,0,0,0,1,1,6,2,76,11,1240,1,6,-1,2,-1
201554A551815,1,9,0,5,2,6,0,0,0,0,1,1,3,2,25,5,1595,1,3,-1,1,-1
201554A551815,2,2,0,18,2,8,1,0,0,0,4,1,6,1,19,4,124,1,5,-1,1,-1
201554A569015,1,9,0,18,0,0,2,0,5,6,1,1,6,1,19,4,1598,1,11,-1,1,-1
201554A571615,1,9,0,18,0,0,0,0,0,0,1,1,1,2,33,6,1968,2,3,-1,1,-1
201554A571615,2,9,0,4,0,0,0,0,0,0,2,1,2,1,36,7,1582,2,2,-1,1,-1
201554A585815,1,9,0,18,0,0,0,0,0,0,1,1,6,1,85,11,1910,2,7,-1,1,-1
201554A585815,2,9,0,3,0,0,0,0,0,0,2,1,6,1,60,9,1997,1,9,-1,1,-1
201554A593615,1,9,0,17,0,0,2,0,1,10,1,1,6,1,18,4,1400,1,15,-1,3,-1
201554A607615,1,9,0,18,0,8,0,0,0,0,1,1,6,1,43,7,1198,1,7,-1,1,-1
201554A607615,2,9,0,18,0,6,0,0,0,0,3,1,2,1,27,6,1997,2,6,-1,2,-1
201554A615515,1,3,0,16,0,0,1,0,0,0,1,1,6,1,18,4,124,1,1,-1,2,-1
201554A615515,2,9,0,3,0,0,0,0,0,0,2,1,6,1,68,10,1753,2,13,-1,2,-1
201554A616415,1,21,1,13,0,0,0,0,0,0,4,1,1,1,73,10,11705,2,12,-1,3,-1
201554A616415,2,1,0,17,0,0,0,0,0,0,3,1,6,1,49,8,-1,-1,-1,-1,3,-1
201554A618415,1,3,0,16,0,0,1,0,7,0,1,1,6,1,20,4,124,1,7,-1,1,-1
201554A618415,2,17,0,17,0,0,0,0,0,0,1,1,1,1,25,5,2800,2,-1,-1,3,-1
201554A619415,1,9,0,3,0,0,0,0,0,0,2,1,6,1,28,6,1984,1,-1,-1,1,-1
201554A619415,2,9,0,3,0,0,0,0,0,0,2,1,6,1,37,7,999,1,2,-1,1,-1
201554A619415,3,9,0,3,0,0,0,0,0,0,2,1,6,1,37,7,1900,2,15,-1,1,-1
201554A619415,4,9,0,3,0,0,0,0,0,0,2,1,6,1,48,8,2993,2,5,-1,3,-1
201554A619415,5,8,0,4,0,0,0,0,0,0,1,1,1,1,27,6,-1,-1,-1,-1,1,-1
201554A619415,6,9,0,4,0,0,0,0,0,0,1,1,6,1,34,6,1360,1,15,-1,1,-1
201554A625315,1,9,0,3,0,0,0,0,0,0,2,1,6,3,-1,-1,-1,-1,-1,-1,-1,-1
201554A625315,2,9,0,3,0,0,0,0,0,0,2,1,6,1,64,9,2993,2,4,-1,3,-1
201554A625315,3,9,0,3,0,0,0,0,0,0,2,1,2,1,20,4,1390,1,6,-1,1,-1
201554A625315,4,9,0,4,0,0,0,0,0,0,1,1,2,1,46,8,1968,2,2,-1,1,-1
201554A625615,1,9,0,18,0,4,0,0,0,0,1,1,1,1,72,10,999,1,6,-1,3,-1
201554A625615,2,9,0,9,0,8,0,0,0,0,4,1,6,2,39,7,1995,2,11,-1,2,-1
201554A626215,1,9,0,18,0,0,5,11,7,9,1,1,2,2,45,7,1598,2,5,-1,3,-1
201554A626215,2,9,0,18,0,0,0,11,0,0,1,1,2,1,53,8,1896,2,13,-1,3,-1
201554A640015,1,21,1,3,0,8,0,0,0,0,0,1,1,1,53,8,12777,2,-1,-1,1,-1
201554A640015,2,9,0,14,0,2,0,0,1,0,1,1,1,1,52,8,1598,1,9,-1,2,-1
201554A640015,3,9,0,18,0,1,1,0,7,0,1,1,3,2,40,7,1753,2,16,-1,2,-1
201554A641315,1,9,0,18,0,0,2,0,1,10,1,1,6,1,46,8,1124,1,17,-1,1,-1
201554A642115,1,3,0,9,0,8,0,0,0,0,4,1,6,1,19,4,124,1,4,-1,1,-1
201554A642115,2,19,0,5,0,4,0,0,0,0,3,1,1,1,24,5,1753,2,3,-1,1,-1
201554A655515,1,9,0,18,0,2,5,10,2,10,1,1,1,2,21,5,-1,-1,-1,-1,3,-1
201554A666215,1,9,0,18,0,0,0,0,0,0,3,1,6,2,54,8,1499,1,-1,-1,3,-1
201554A666215,2,9,0,18,0,0,0,0,1,0,3,1,6,2,31,6,1560,2,8,-1,3,-1
201554A668715,1,9,0,16,0,0,1,0,7,3,4,1,6,1,19,4,1360,1,11,-1,3,-1
201554A669815,1,9,0,18,0,8,0,7,1,10,1,1,6,1,17,4,1242,1,9,-1,1,-1
201554A669815,2,9,0,9,0,5,0,0,0,0,1,1,6,1,24,5,1600,1,10,-1,1,-1
201554A684015,1,19,0,18,0,0,0,0,0,0,1,1,1,1,-1,-1,1598,2,-1,-1,-1,-1
201554A686715,1,9,0,18,0,2,0,0,0,0,1,1,6,2,49,8,1596,1,6,-1,2,-1
201554A705315,1,9,0,18,0,1,0,0,1,9,4,1,6,1,28,6,1360,1,9,-1,1,-1
201554A706515,1,9,0,5,0,1,0,0,0,0,1,1,2,1,24,5,2143,2,4,-1,1,-1
201554A706515,2,9,0,3,0,1,0,0,0,0,2,1,2,2,55,8,1984,1,14,-1,1,-1
201554A707215,1,9,0,18,0,4,1,9,7,1,1,1,2,2,25,5,1587,1,13,-1,1,-1
201554A710615,1,9,0,18,0,0,1,0,1,4,1,1,6,1,27,6,1300,1,23,-1,3,-1
201554A718415,1,9,0,18,0,0,2,0,8,10,3,1,6,2,82,11,1248,1,1,-1,3,-1
201554A720115,1,9,0,18,0,2,0,0,0,0,1,1,6,1,-1,-1,-1,-1,-1,-1,-1,-1
201554A720115,2,19,0,1,0,6,0,0,0,0,0,1,6,2,-1,-1,1399,2,4,-1,1,-1
201554A725615,1,9,0,18,0,2,2,0,2,1,1,1,6,1,24,5,1990,1,12,-1,1,-1
201554A731215,1,9,0,17,0,0,1,0,0,0,1,1,6,1,25,5,1598,1,13,-1,1,-1
201554A731215,2,8,0,18,0,0,1,0,0,0,1,1,1,1,62,9,1896,2,6,-1,1,-1
201554A741215,1,9,0,18,0,0,0,0,0,0,4,1,6,1,24,5,2793,1,15,-1,1,-1
201554A749915,1,9,0,18,0,0,0,0,0,0,1,1,6,3,-1,-1,-1,-1,-1,-1,-1,-1
201554A752615,1,21,0,18,0,0,0,0,0,0,3,1,1,1,48,8,10837,2,3,-1,1,-1
201554A752615,2,19,0,18,0,0,0,0,0,0,4,1,1,1,45,7,2500,2,10,-1,1,-1
201554A752615,3,9,0,18,0,0,0,0,0,0,4,1,6,1,54,8,998,1,-1,-1,1,-1
201554A778115,1,9,0,9,0,6,0,0,0,0,3,1,2,1,42,7,1796,1,13,-1,3,-1
201554A778115,2,9,0,18,0,8,0,0,0,0,1,1,6,1,42,7,1956,2,6,-1,1,-1
201554A784115,1,9,0,7,0,6,0,0,1,0,2,1,6,2,38,7,1461,2,4,-1,3,-1
201554A784115,2,9,0,18,0,8,0,0,4,4,1,1,6,1,33,6,1560,2,2,-1,1,-1
201554A784615,1,9,0,9,0,5,0,0,0,0,1,1,6,3,-1,-1,-1,-1,-1,-1,-1,-1
201554A791115,1,1,0,18,0,8,0,0,0,0,4,1,4,1,15,3,-1,-1,-1,-1,1,-1
201554A791115,2,19,0,9,0,8,1,0,0,0,1,1,2,1,28,6,2198,2,4,-1,1,-1
201554A792815,1,9,0,18,0,8,0,0,0,0,1,1,6,1,66,10,1995,2,9,-1,1,-1
201554A792815,2,8,0,6,0,8,0,0,0,0,3,1,1,1,44,7,1896,2,8,-1,1,-1
201554A802815,1,3,0,18,0,0,0,0,0,0,1,1,6,1,21,5,124,1,3,-1,2,-1
201554A802815,2,9,0,18,0,0,0,0,0,0,1,1,6,2,50,8,2996,1,8,-1,3,-1
201554A803715,1,19,0,18,0,6,1,0,7,0,1,1,1,1,22,5,1968,2,-1,-1,1,-1
201554A803715,2,9,0,18,0,8,5,0,1,11,3,1,6,1,62,9,2993,2,-1,-1,1,-1
201554A814715,1,9,0,16,0,0,1,0,0,0,1,1,6,1,18,4,1229,1,8,-1,3,-1
201554A814715,2,9,0,17,0,0,1,0,0,0,1,1,6,1,27,6,599,1,13,-1,2,-1
201554A816815,1,9,0,18,0,8,0,0,0,0,1,1,6,1,23,5,1242,1,9,-1,1,-1
201554A816815,2,9,0,18,0,4,0,0,0,0,3,1,6,1,-1,-1,-1,-1,-1,-1,-1,-1
201554A820615,1,9,0,18,0,1,0,0,0,0,1,1,6,1,21,5,998,1,13,-1,1,-1
201554A820615,2,9,0,10,0,1,0,0,0,0,2,1,2,1,52,8,1388,1,8,-1,1,-1
201554A827515,1,9,0,18,0,0,0,0,0,0,1,1,6,1,62,9,1461,2,4,-1,1,-1
201554A827515,2,20,0,3,0,0,0,0,0,0,2,1,1,1,29,6,10518,2,8,-1,1,-1
201554A846815,1,9,0,9,0,5,0,0,0,0,1,1,6,1,46,8,1796,1,15,-1,1,-1
201554A846815,2,5,0,18,0,8,0,0,1,10,1,1,6,1,33,6,645,1,8,-1,1,-1
201554A847515,1,9,0,14,0,0,0,0,0,0,1,1,6,2,60,9,1328,1,8,-1,3,-1
201554A847815,1,9,0,9,0,5,0,0,0,0,1,1,6,2,49,8,1984,1,13,-1,1,-1
201554A847815,2,1,0,18,0,8,0,0,0,0,3,1,6,1,42,7,-1,-1,-1,-1,3,-1
201554A848615,1,9,0,18,0,0,0,0,0,0,1,1,6,2,71,10,1596,1,2,-1,1,-1
201554A848615,2,9,0,18,0,0,0,0,0,0,1,1,6,2,39,7,1769,1,14,-1,1,-1
201554A848615,3,9,0,18,0,0,0,0,0,0,1,1,6,2,43,7,1461,2,3,-1,1,-1
201554A848615,4,9,0,18,0,0,0,0,0,0,1,1,6,1,33,6,1997,2,14,-1,1,-1
201554A848615,5,9,0,18,0,0,0,0,0,0,1,1,6,2,47,8,1586,1,7,-1,3,-1
201554A850915,1,9,0,4,0,0,0,0,0,0,2,1,6,1,43,7,1995,1,10,-1,3,-1
201554A850915,2,9,0,18,0,0,0,0,0,0,1,1,6,1,72,10,1968,2,6,-1,3,-1
201554A858515,1,19,0,18,0,8,0,0,0,0,1,1,2,1,43,7,2148,2,8,-1,3,-1
201554A858515,2,19,0,9,0,5,0,0,0,1,4,1,2,1,24,5,1686,2,12,-1,1,-1
201554A882215,1,9,0,18,0,0,0,0,0,0,1,1,6,1,17,4,1686,2,13,-1,3,-1
201554A882215,2,9,0,18,0,0,0,0,0,0,1,1,6,2,69,10,1900,2,16,-1,2,-1
201554A903315,1,9,0,18,0,6,0,0,0,0,1,1,6,3,-1,-1,-1,-1,-1,-1,-1,-1
201554A903315,2,1,0,18,0,8,0,10,0,0,4,1,4,1,16,4,-1,-1,-1,-1,3,-1
201554A918115,1,19,0,18,0,0,1,0,0,0,1,1,1,1,22,5,1560,2,1,-1,2,-1
201554A918115,2,9,0,4,0,0,0,0,0,0,2,1,6,1,51,8,3200,1,8,-1,1,-1
201554A918915,1,1,0,18,0,8,0,0,0,0,4,1,2,2,40,7,-1,-1,-1,-1,1,-1
201554A918915,2,9,0,5,0,6,0,0,0,0,1,1,2,1,38,7,2204,2,8,-1,2,-1
201554A923915,1,9,0,18,0,0,0,0,0,0,1,1,6,1,28,6,4163,1,4,-1,1,-1
201554A923915,2,19,0,18,0,0,0,0,0,0,1,1,1,1,57,9,2143,2,3,-1,1,-1
201554A935715,1,9,0,18,0,0,0,0,0,0,4,1,6,1,85,11,2179,2,5,-1,3,-1
201554A937315,1,9,0,18,0,6,0,0,0,0,3,1,2,2,43,7,3500,1,8,-1,1,-1
201554A937315,2,1,0,18,0,8,0,0,0,0,4,1,6,2,51,8,-1,-1,-1,-1,1,-1
201554A937715,1,9,0,18,0,0,0,0,1,0,3,1,6,2,59,9,1598,1,17,-1,1,-1
201554A937715,2,9,0,18,0,0,0,0,1,0,3,1,6,1,69,10,1229,1,2,-1,3,-1
201554A937715,3,9,0,18,0,0,0,0,1,0,3,1,6,1,55,8,1995,2,2,-1,2,-1
201554A937715,4,9,0,18,0,0,0,0,0,0,3,1,6,1,69,10,2979,1,12,-1,1,-1
201554A941315,1,19,0,18,0,0,0,0,0,0,1,1,6,3,-1,-1,-1,-1,-1,-1,-1,-1
201554A941315,2,1,0,18,0,0,0,0,0,0,4,1,6,1,48,8,-1,-1,-1,-1,2,-1
201554A948415,1,9,0,9,0,5,0,0,0,0,1,1,6,1,47,8,1992,2,10,-1,1,-1
201554A951615,1,9,0,18,0,1,5,0,1,9,1,1,6,1,33,6,1998,1,17,-1,2,-1
201554A972515,1,9,0,16,0,0,1,0,1,0,1,1,6,1,20,4,2497,1,14,-1,1,-1
201554B003015,1,9,0,10,0,1,0,0,0,0,2,1,6,2,38,7,998,1,-1,-1,2,-1
201554B003015,2,8,0,18,0,1,0,0,0,0,1,1,1,1,51,8,1560,2,3,-1,1,-1
201554B005915,1,3,0,4,0,0,0,0,0,0,2,1,6,1,26,6,125,1,11,-1,1,-1
201554B005915,2,9,0,4,0,0,0,0,0,0,1,1,6,1,49,8,1390,1,15,-1,1,-1
201554B007115,1,9,0,5,0,6,0,0,0,0,1,1,6,2,43,7,1390,1,12,-1,1,-1
201554B008815,1,9,0,18,0,0,0,0,0,0,4,1,6,1,71,10,1910,2,7,-1,1,-1
201554B015415,1,9,0,17,0,0,1,0,1,4,1,1,6,1,37,7,1299,1,11,-1,3,-1
201554B036215,1,9,0,18,0,0,0,0,0,0,4,1,3,2,44,7,1796,1,5,-1,1,-1
201554B041715,1,9,0,5,0,0,0,0,0,0,1,1,2,1,32,6,1968,2,2,-1,1,-1
201554B041715,2,1,0,18,0,0,0,0,0,0,2,1,2,1,35,6,-1,-1,-1,-1,3,-1
201554B054715,1,9,0,18,0,1,1,0,0,0,1,1,2,1,44,7,3947,1,20,-1,2,-1
201554B054715,2,9,0,3,0,1,0,0,0,0,2,1,6,2,43,7,1299,1,7,-1,1,-1
201554B056115,1,9,0,3,0,1,0,0,0,0,1,1,6,2,57,9,1598,1,5,-1,1,-1
201554B056115,2,16,0,18,0,6,0,0,0,0,1,1,6,2,55,8,-1,-1,-1,-1,3,-1
201554B059915,1,9,0,10,0,1,0,0,0,0,2,1,6,2,51,8,1598,1,17,-1,2,-1
201554B059915,2,21,1,18,0,1,1,0,0,0,1,1,1,1,55,8,12419,2,-1,-1,1,-1
201554B065915,1,9,0,5,0,6,0,0,8,1,1,1,6,1,94,11,1422,2,7,-1,3,-1
201554B065915,2,9,0,18,0,8,1,0,0,0,1,1,6,1,69,10,1968,2,5,-1,3,-1
201554B066415,1,9,0,18,0,1,0,0,1,0,1,1,6,2,78,11,1368,1,8,-1,3,-1
201554B066415,2,21,1,18,0,2,1,0,7,10,1,1,1,1,52,8,10837,2,3,-1,3,-1
201554B066415,3,9,0,18,0,1,0,0,1,10,3,1,6,2,32,6,1596,1,11,-1,1,-1
201554B077615,1,9,0,16,0,0,1,0,0,0,1,1,6,1,46,8,1796,1,12,-1,1,-1
201554B077615,2,9,0,17,0,0,0,0,0,0,1,1,6,1,52,8,1598,2,1,-1,1,-1
201554B078515,1,9,0,13,0,0,0,0,0,0,3,1,6,1,29,6,1686,2,9,-1,1,-1
201554B078515,2,19,0,18,0,0,0,0,0,0,3,1,1,1,56,9,1968,2,-1,-1,1,-1
201554B078515,3,9,0,18,0,0,0,0,0,0,3,1,6,2,45,7,998,1,17,-1,3,-1
201554B080015,1,9,0,16,0,1,1,10,7,2,1,1,6,1,23,5,2521,1,6,-1,2,-1
201554B080015,2,9,0,2,6,2,0,0,0,0,2,1,6,2,-1,-1,1598,2,3,-1,-1,-1
201554B080015,3,9,0,2,6,2,0,0,0,0,2,1,6,1,-1,-1,1956,2,4,-1,-1,-1
201554B102615,1,9,0,5,0,1,0,0,0,0,2,1,6,2,36,7,998,1,6,-1,1,-1
201554B102615,2,9,0,5,0,1,0,0,0,0,1,1,1,2,31,6,1998,1,8,-1,1,-1
201554B108815,1,9,0,18,0,2,0,0,0,0,1,1,2,1,28,6,1149,1,10,-1,1,-1
201554B113015,1,9,0,9,0,4,0,0,0,0,1,1,6,2,-1,-1,-1,-1,-1,-1,-1,-1
201554B113015,2,1,0,18,0,8,0,0,0,0,4,1,6,1,11,3,-1,-1,-1,-1,1,-1
201554B114815,1,9,0,18,0,8,0,0,0,0,1,1,1,1,35,6,1995,2,1,-1,2,-1
201554B114815,2,9,0,18,0,8,0,0,0,0,1,1,1,1,45,7,1582,2,-1,-1,-1,-1
201554B114815,3,9,0,18,0,8,0,0,0,0,1,1,1,1,36,7,1560,2,3,-1,3,-1
201554B115815,1,9,0,18,0,8,0,7,7,1,1,1,2,1,23,5,1240,1,9,-1,1,-1
201554B116715,1,9,0,18,0,2,0,0,0,0,1,1,6,2,48,8,1124,1,13,-1,1,-1
201554B120815,1,9,0,7,0,6,0,4,0,0,1,1,2,1,35,6,1968,2,7,-1,1,-1
201554B120815,2,21,1,2,0,1,0,0,0,0,1,1,1,1,57,9,12900,2,5,-1,-1,-1
201554B124815,1,9,0,18,0,4,0,0,0,0,1,1,6,2,36,7,1598,1,3,-1,3,-1
201554B124815,2,1,0,18,0,4,0,0,0,0,2,1,2,1,35,6,-1,-1,-1,-1,1,-1
201554B140315,1,9,0,18,0,0,0,0,0,0,1,1,6,2,66,10,1968,2,1,-1,3,-1
201554B140315,2,9,0,3,0,0,0,0,0,0,2,1,6,1,25,5,1968,2,4,-1,2,-1
201554B146015,1,9,0,7,0,4,0,6,7,0,4,1,6,2,43,7,1461,2,-1,-1,1,-1
201554B146015,2,9,0,18,0,4,0,0,0,0,1,1,6,1,44,7,2993,2,5,-1,3,-1
201554B148515,1,9,0,18,0,8,0,0,0,0,1,1,6,1,50,8,1968,2,2,-1,3,-1
201554B148515,2,19,0,18,0,6,0,0,0,0,4,1,6,1,44,7,1968,2,2,-1,1,-1
201554B150715,1,9,0,4,0,1,0,0,0,0,1,1,6,2,26,6,1388,1,6,-1,1,-1
201554B150715,2,9,0,3,0,1,0,0,0,0,2,1,6,2,42,7,1968,2,6,-1,3,-1
201554B167115,1,9,0,16,0,0,2,10,2,1,1,1,6,1,32,6,1984,1,12,-1,3,-1
201554B176115,1,9,0,18,0,8,0,0,1,11,3,1,6,1,57,9,1461,2,2,-1,3,-1
201554B176115,2,9,0,18,0,6,0,0,7,11,1,1,6,2,25,5,1242,1,-1,-1,1,-1
201554B176515,1,9,0,18,0,0,0,0,0,0,1,1,6,1,46,8,1968,2,8,-1,1,-1
201554B185715,1,9,0,9,0,6,0,0,0,0,1,1,6,1,50,8,1753,2,13,-1,3,-1
201554B185715,2,9,0,13,0,8,0,0,0,0,1,1,6,1,33,6,1994,2,12,-1,1,-1
201554B186815,1,9,0,4,0,1,0,0,0,0,1,1,6,1,48,8,1686,2,3,-1,1,-1
201554B186815,2,1,0,3,0,1,0,0,0,0,2,1,6,1,43,7,-1,-1,-1,-1,1,-1
201554B192315,1,19,0,17,0,8,0,0,0,0,4,1,6,1,53,8,-1,-1,-1,-1,1,-1