Accident_Index,Vehicle_Reference,Vehicle_Type,Towing_and_Articulation,Vehicle_Manoeuvre,Vehicle_Location-Restricted_Lane,Junction_Location,Skidding_and_Overturning,Hit_Object_in_Carriageway,Vehicle_Leaving_Carriageway,Hit_Object_off_Carriageway,1st_Point_of_Impact,Was_Vehicle_Left_Hand_Drive?,Journey_Purpose_of_Driver,Sex_of_Driver,Age_of_Driver,Age_Band_of_Driver,Engine_Capacity_(CC),Propulsion_Code,Age_of_Vehicle,Driver_IMD_Decile,Driver_Home_Area_Type,Vehicle_IMD_Decile
2015551500621,1,1,0,18,0,1,0,0,0,0,4,1,4,1,11,3,-1,-1,-1,-1,-1,-1
2015551500621,2,9,0,9,0,5,0,0,0,0,1,1,6,1,26,6,1997,2,10,-1,1,-1
2015551500622,1,4,0,18,0,1,1,0,0,0,3,1,6,1,40,7,1195,1,1,-1,1,-1
2015551500622,2,9,0,9,0,8,0,0,0,0,3,1,2,1,22,5,998,1,-1,-1,1,-1
2015551500625,1,19,0,18,0,0,1,0,0,0,1,1,2,1,36,7,2198,2,1,-1,1,-1
2015551500625,2,9,0,18,0,0,0,0,0,0,2,1,1,2,53,8,2400,2,4,-1,1,-1
2015551500626,1,9,0,18,0,1,0,0,0,0,4,1,2,2,59,9,1896,2,8,-1,3,-1
2015551500626,2,9,0,18,0,1,0,0,0,0,1,1,2,2,66,10,1995,2,2,-1,3,-1
2015551500627,1,9,0,18,0,0,0,0,0,0,1,1,6,3,-1,-1,-1,-1,-1,-1,-1,-1
2015551500630,1,9,0,18,0,0,0,0,0,0,1,1,6,1,49,8,1386,1,2,-1,1,-1
2015551500631,1,9,0,18,0,0,0,0,0,0,0,1,6,2,68,10,1597,1,21,-1,3,-1
2015551500633,1,9,0,9,0,5,0,0,0,0,1,1,2,1,28,6,1596,1,15,-1,1,-1
2015551500633,2,2,0,18,0,2,0,0,0,0,1,1,6,1,26,6,100,1,8,-1,1,-1
2015551500634,1,9,0,18,0,0,1,0,0,0,1,1,3,2,29,6,1597,1,15,-1,1,-1
2015551500634,2,9,0,4,0,0,0,0,0,0,2,1,2,1,34,6,1753,2,13,-1,1,-1
2015551500637,1,9,0,9,0,8,0,0,0,0,1,1,6,2,60,9,1598,2,2,-1,2,-1
2015551500637,2,9,0,18,0,8,0,0,0,0,1,1,6,1,17,4,1149,1,11,-1,3,-1
2015551500638,1,9,0,18,0,0,0,0,0,0,1,1,6,2,36,7,1910,2,7,-1,1,-1
2015551500639,1,4,0,4,0,0,1,0,0,0,1,1,6,1,68,10,745,1,44,-1,1,-1
2015551500639,2,9,0,4,0,0,0,0,0,0,2,1,6,1,58,9,1995,2,3,-1,1,-1
2015551500640,1,9,0,7,0,1,1,0,0,0,1,2,2,2,37,7,1895,1,16,-1,1,-1
2015551500640,2,19,0,9,0,1,0,0,0,0,1,1,2,1,34,6,2198,2,3,-1,1,-1
2015551500640,3,9,0,4,0,1,1,0,1,9,1,1,6,3,-1,-1,1997,2,15,-1,-1,-1
2015551500641,1,9,0,2,0,8,0,0,0,0,3,1,1,1,41,7,1896,2,7,-1,1,-1
2015551500641,2,1,0,18,0,8,0,0,0,0,1,1,2,2,27,6,-1,-1,-1,-1,1,-1
2015551500642,1,9,0,18,0,0,5,0,0,0,1,1,6,1,39,7,1799,1,8,-1,3,-1
2015551500642,2,9,0,2,0,0,0,0,0,0,1,1,6,3,-1,-1,1588,1,15,-1,-1,-1
2015551500644,1,8,0,18,0,8,0,0,0,0,1,1,6,1,51,8,-1,-1,-1,-1,1,-1
2015551500644,2,8,0,18,0,8,0,0,0,0,1,1,1,1,41,7,1560,2,3,-1,1,-1
2015551500647,1,9,0,18,0,0,0,0,0,0,4,1,6,1,64,9,2143,2,3,-1,2,-1
2015551500647,2,19,0,2,0,0,0,0,0,0,0,1,6,3,-1,-1,2463,2,11,-1,-1,-1
2015551500649,1,9,0,2,0,0,0,0,0,0,0,1,6,3,-1,-1,999,1,1,-1,-1,-1
2015551500650,1,9,0,2,0,0,0,0,0,0,3,1,6,2,23,5,1600,1,11,-1,1,-1
2015551500650,2,1,0,14,0,0,0,0,0,0,1,1,3,1,44,7,-1,-1,-1,-1,-1,-1
2015551500654,1,3,0,10,0,1,0,0,0,0,2,1,6,1,30,6,124,1,7,-1,1,-1
2015551500654,2,9,0,9,0,1,0,0,0,0,1,1,6,1,30,6,2179,2,7,-1,1,-1
2015551500655,1,9,0,2,0,0,0,0,0,0,3,1,6,3,-1,-1,1398,1,2,-1,-1,-1
2015551500655,2,5,0,14,0,0,0,8,0,0,3,1,6,1,62,9,1255,1,4,-1,-1,-1
2015551500657,1,9,0,9,0,5,0,0,0,0,4,1,6,1,66,10,1796,1,8,-1,1,-1
2015551500657,2,1,0,18,4,1,0,0,0,0,1,1,2,1,40,7,-1,-1,-1,-1,-1,-1
2015551500662,1,9,0,15,0,0,2,10,7,10,1,1,6,1,28,6,1998,1,20,-1,-1,-1
2015551500663,1,19,0,13,0,1,1,0,7,11,1,1,2,1,62,9,1560,2,7,-1,2,-1
2015551500663,2,9,0,9,0,5,0,0,0,0,1,1,2,1,32,6,1560,2,9,-1,3,-1
2015551500664,1,9,0,4,0,1,0,0,0,0,2,1,6,3,-1,-1,-1,-1,-1,-1,-1,-1
2015551500664,2,9,0,18,0,1,0,0,0,0,2,1,6,2,44,7,1992,2,9,-1,-1,-1
2015551500665,1,9,0,9,0,1,0,0,0,0,1,1,1,1,51,8,1596,1,15,-1,2,-1
2015551500665,2,9,0,10,0,1,0,0,0,0,3,1,3,1,39,7,1390,1,8,-1,2,-1
2015551500666,1,9,0,18,0,0,1,0,0,0,1,1,6,1,65,9,998,1,16,-1,1,-1
2015551500666,2,9,0,3,0,0,0,0,0,0,2,1,2,2,43,7,1242,1,5,-1,1,-1
2015551500667,1,9,0,9,0,8,0,0,0,0,4,1,6,1,46,8,1796,1,13,-1,1,-1
2015551500667,2,1,0,18,0,8,0,0,0,0,1,1,6,1,39,7,-1,-1,-1,-1,-1,-1
2015551500668,1,9,0,18,0,0,2,0,8,2,3,1,6,1,20,4,1998,1,12,-1,2,-1
2015551500669,1,9,0,9,0,0,0,0,0,0,3,1,6,1,22,5,1388,1,5,-1,1,-1
2015551500669,2,5,0,13,0,0,0,0,0,0,1,1,6,1,21,5,652,1,24,-1,1,-1
2015551500670,1,9,0,1,0,8,0,0,0,0,2,1,2,2,54,8,1951,2,13,-1,1,-1
2015551500671,1,10,0,4,0,1,0,0,0,0,1,1,3,1,55,8,2402,2,6,-1,2,-1
2015551500671,2,3,0,10,0,8,0,0,0,0,2,1,6,2,41,7,125,1,2,-1,3,-1
2015551500672,1,9,0,18,0,0,0,0,0,0,1,1,2,2,21,5,1229,1,3,-1,1,-1
2015551500672,2,9,0,5,0,0,0,0,0,0,2,1,2,1,36,7,3189,1,8,-1,1,-1
2015551500673,1,9,0,9,0,8,0,0,0,0,1,2,6,1,30,6,-1,-1,-1,-1,1,-1
2015551500673,2,9,0,18,0,1,0,0,0,0,1,1,6,1,20,4,1596,1,12,-1,3,-1
2015551500674,1,9,0,4,0,0,1,0,0,0,1,1,2,2,21,5,1390,1,18,-1,1,-1
2015551500674,2,9,0,4,0,0,0,0,0,0,2,1,2,2,38,7,1598,1,4,-1,1,-1
2015551500675,1,9,0,18,0,1,0,0,0,0,1,1,1,2,42,7,1997,1,8,-1,1,-1
2015551500675,2,1,0,18,0,1,0,0,0,0,2,1,6,2,63,9,-1,-1,-1,-1,-1,-1
2015551500676,1,9,0,4,0,1,0,0,0,0,1,1,6,2,55,8,1150,1,7,-1,1,-1
2015551500676,2,19,0,4,0,1,0,0,0,0,2,1,6,1,33,6,1598,2,-1,-1,1,-1
2015551500677,1,9,0,18,0,0,1,0,8,11,1,1,6,2,76,11,1769,1,10,-1,3,-1
2015551500677,2,9,0,18,0,0,0,0,0,0,1,2,6,1,48,8,1997,1,14,-1,-1,-1
2015551500677,3,9,0,18,0,0,0,0,0,0,0,1,6,3,-1,-1,1499,2,-1,-1,-1,-1
2015551500679,1,9,0,9,0,6,0,0,0,0,1,1,6,1,75,10,1339,1,11,-1,1,-1
2015551500679,2,9,0,18,0,8,0,0,0,0,3,1,6,2,25,5,1896,2,10,-1,1,-1
2015551500680,1,19,0,18,0,0,0,0,0,0,4,1,1,1,46,8,5880,2,9,-1,1,-1
2015551500680,2,1,0,5,0,0,0,0,0,0,1,1,6,1,35,6,-1,-1,-1,-1,2,-1
2015551500681,1,9,0,18,0,0,0,0,0,0,1,1,6,1,51,8,1598,1,13,-1,1,-1
2015551500681,2,9,0,18,0,0,1,0,0,0,1,1,6,1,28,6,1298,1,13,-1,1,-1
2015551500683,1,9,0,16,0,8,0,0,0,0,1,1,6,2,42,7,1149,1,4,-1,1,-1
2015551500683,2,9,0,9,0,7,0,0,0,0,1,1,6,1,62,9,2204,2,9,-1,3,-1
2015551500685,1,9,0,18,0,8,0,0,0,0,3,1,6,2,35,6,1896,2,16,-1,1,-1
2015551500685,2,1,0,18,0,5,0,0,0,0,4,1,6,1,19,4,-1,-1,-1,-1,-1,-1
2015551500687,1,5,0,18,0,1,1,0,0,0,1,1,6,1,79,11,865,1,5,-1,1,-1
2015551500687,2,19,0,18,0,1,0,0,0,0,2,1,6,1,51,8,1753,2,10,-1,2,-1
2015551500688,1,9,0,18,0,8,1,0,0,0,1,1,6,1,28,6,1798,1,8,-1,1,-1
2015551500688,2,8,0,18,0,8,0,0,0,0,1,1,1,1,50,8,1995,2,3,-1,1,-1
2015551500688,3,9,0,2,0,1,0,0,0,0,1,1,6,3,-1,-1,-1,-1,-1,-1,-1,-1
2015551500688,4,9,0,2,0,1,0,0,0,0,1,1,6,3,-1,-1,1560,2,11,-1,-1,-1
2015551500688,5,9,0,2,0,1,0,0,1,0,1,1,6,1,64,9,2987,2,5,-1,2,-1
2015551500689,1,9,0,18,0,1,0,0,0,0,2,1,6,2,24,5,998,1,16,-1,1,-1
2015551500689,2,9,0,3,0,1,0,0,0,0,2,1,6,1,45,7,2143,2,5,-1,-1,-1
2015551500691,1,9,0,18,0,1,0,0,0,0,1,1,6,1,90,11,1396,1,11,-1,1,-1
2015551500691,2,9,0,4,0,1,0,0,0,0,1,1,6,2,59,9,1296,1,7,-1,1,-1
2015551500691,3,9,0,2,0,1,0,0,0,0,2,1,6,3,-1,-1,1248,2,6,-1,-1,-1
2015551500692,1,9,0,9,0,6,0,0,0,0,3,1,1,2,64,9,1422,2,8,-1,1,-1
2015551500692,2,2,0,18,0,1,1,0,0,0,1,1,6,1,16,4,49,1,-1,-1,1,-1
2015551500693,1,9,0,18,0,1,0,0,0,0,4,1,6,1,30,6,1598,2,6,-1,1,-1
2015551500696,1,9,0,7,0,1,0,7,0,0,1,1,6,2,17,4,1149,1,7,-1,1,-1
2015551500697,1,9,0,6,0,0,0,0,0,0,2,1,6,1,27,6,999,1,-1,-1,1,-1
2015551500697,2,9,0,18,0,0,0,0,0,0,3,1,6,2,18,4,-1,-1,-1,-1,1,-1
2015551500701,1,9,0,9,0,1,0,0,0,0,0,1,6,3,-1,-1,-1,-1,-1,-1,-1,-1
2015551500701,2,9,0,4,0,1,1,0,0,0,2,1,1,2,28,6,-1,-1,-1,-1,1,-1
2015551500701,3,9,0,4,0,1,1,0,0,0,1,1,2,2,25,5,1896,2,12,-1,1,-1
2015551500702,1,9,0,8,0,1,0,0,0,0,2,1,6,2,22,5,1590,1,12,-1,-1,-1
2015551500702,2,9,0,4,0,1,0,0,0,0,2,1,2,2,49,8,1998,1,11,-1,-1,-1
2015551500702,3,9,0,18,0,1,0,0,0,0,1,1,6,2,29,6,1398,2,13,-1,1,-1
2015551500707,1,9,0,18,0,1,1,7,0,0,3,1,6,1,20,4,1398,1,15,-1,1,-1
2015551500707,2,19,0,10,0,1,0,0,0,0,4,1,2,1,38,7,1399,2,5,-1,1,-1
2015551500708,1,9,0,18,0,5,2,10,1,0,1,1,6,1,20,4,1199,1,13,-1,2,-1
2015551500709,1,9,0,5,0,6,0,0,0,0,3,1,6,2,61,9,1598,1,16,-1,2,-1
2015551500709,2,9,0,18,0,1,0,0,0,0,1,1,6,2,37,7,1199,1,13,-1,3,-1
2015551500710,1,9,0,13,0,4,1,9,3,1,1,1,6,1,19,4,1596,1,11,-1,1,-1
2015551500710,2,9,0,9,0,4,1,9,3,4,1,1,6,1,27,6,1360,1,12,-1,1,-1
2015551500711,1,9,0,16,0,0,1,0,0,0,3,1,6,1,22,5,1598,1,11,-1,1,-1
2015551500711,2,9,0,17,0,0,2,0,1,9,3,1,6,1,18,4,1598,1,2,-1,1,-1
2015551500713,1,9,0,6,0,0,0,0,0,0,0,1,6,2,37,7,4398,1,12,-1,1,-1
2015551500713,2,5,0,18,0,0,0,4,7,11,3,1,6,1,45,7,598,1,20,-1,1,-1
2015551500713,3,9,0,2,0,0,0,0,0,0,3,1,6,3,-1,-1,1587,1,12,-1,-1,-1
2015551500714,1,9,0,3,0,0,0,0,0,0,2,1,6,1,50,8,1560,2,8,-1,3,-1
2015551500714,2,9,0,4,0,0,0,0,0,0,1,1,6,1,26,6,1200,1,1,-1,1,-1
2015551500714,3,9,0,3,0,0,0,0,0,0,2,1,6,1,49,8,1598,1,6,-1,1,-1
2015551500729,1,4,0,18,0,2,0,0,0,0,1,1,6,1,17,4,124,1,2,-1,1,-1
2015551500729,2,9,0,5,0,1,0,0,0,0,3,1,6,1,20,4,1149,1,14,-1,1,-1
2015551500729,3,19,0,18,0,1,0,0,0,0,4,1,6,3,-1,-1,-1,-1,-1,-1,-1,-1
2015551500731,1,9,0,4,0,0,1,0,0,0,1,1,6,1,-1,-1,1997,2,14,-1,1,-1
2015551500731,2,9,0,4,0,0,0,0,0,0,2,1,2,2,47,8,1598,2,5,-1,3,-1
2015551500732,1,9,0,18,0,1,0,0,0,0,2,1,2,2,32,6,1598,1,10,-1,1,-1
2015551500732,2,3,0,4,0,1,0,0,0,0,1,1,6,1,48,8,124,1,1,-1,-1,-1
2015551500737,1,19,0,14,0,2,5,11,0,0,1,1,6,1,66,10,1868,2,10,-1,1,-1
2015551500739,1,9,0,17,0,0,1,0,1,4,1,1,6,1,-1,-1,1086,1,7,-1,1,-1
2015551500742,1,9,0,9,0,1,0,0,0,0,1,1,3,1,47,8,1896,2,12,-1,1,-1
2015551500742,2,1,0,18,0,1,0,10,0,0,1,1,6,2,25,5,-1,-1,-1,-1,1,-1
2015551500743,1,4,0,4,0,0,0,0,0,0,1,1,6,1,18,4,124,1,5,-1,3,-1
2015551500743,2,9,0,4,0,0,0,0,0,0,2,1,6,2,43,7,1124,1,11,-1,1,-1
2015551500746,1,9,0,4,0,0,0,0,0,0,1,1,6,1,40,7,1896,2,14,-1,1,-1
2015551500746,2,9,0,4,0,0,0,0,0,0,2,1,6,2,24,5,1598,1,16,-1,1,-1
2015551500747,1,9,0,9,0,2,0,0,0,0,3,2,3,2,34,6,1360,1,10,-1,2,-1
2015551500747,2,9,0,9,0,5,0,0,0,0,3,1,3,2,50,8,1598,1,8,-1,2,-1
2015551500749,1,9,0,18,0,0,0,0,0,0,4,1,6,3,-1,-1,-1,-1,-1,-1,-1,-1
2015551500750,1,9,0,18,0,0,0,0,0,0,4,1,2,1,22,5,-1,-1,-1,-1,1,-1
2015551500750,2,1,0,18,0,0,0,0,1,7,1,1,6,1,53,8,-1,-1,-1,-1,1,-1
2015551500752,1,9,0,18,0,0,1,0,0,0,2,1,6,1,30,6,2993,2,-1,-1,3,-1
2015551500752,2,9,0,18,0,0,1,0,0,0,1,1,6,1,25,5,2494,1,14,-1,1,-1
2015551500752,3,9,0,18,0,0,1,0,0,0,1,1,6,1,26,6,1200,1,12,-1,1,-1
2015551500753,1,9,0,9,0,8,0,0,0,0,1,1,6,1,68,10,1364,1,8,-1,2,-1
2015551500753,2,9,0,18,0,8,0,0,0,0,3,1,6,2,73,10,1598,1,7,-1,1,-1
2015551500754,1,9,0,18,0,4,0,0,0,0,1,1,6,2,22,5,1229,1,7,-1,1,-1
2015551500754,2,1,0,18,0,4,0,0,0,0,1,1,6,2,23,5,-1,-1,-1,-1,-1,-1
2015551500755,1,9,0,9,0,5,0,0,0,0,4,1,6,2,66,10,1596,1,9,-1,1,-1
2015551500755,2,1,0,18,0,1,1,0,0,0,1,1,6,1,33,6,-1,-1,-1,-1,1,-1
2015551500760,1,19,0,18,0,3,0,0,0,0,4,1,6,3,-1,-1,-1,-1,-1,-1,-1,-1
2015551500760,2,1,0,18,0,2,0,0,0,0,0,1,6,1,40,7,-1,-1,-1,-1,-1,-1
2015551500761,1,19,0,18,0,0,0,0,0,0,1,1,6,1,43,7,-1,-1,-1,-1,1,-1
2015551500761,2,1,0,18,0,0,0,0,0,0,2,1,2,2,29,6,-1,-1,-1,-1,1,-1
2015551500762,1,9,0,18,0,2,0,7,0,0,1,1,6,2,66,10,1198,1,7,-1,1,-1
2015551500764,1,9,0,6,0,0,1,0,0,0,2,2,6,2,38,7,1397,1,14,-1,-1,-1
2015551500764,2,9,0,18,0,0,1,0,0,0,2,1,6,1,39,7,-1,-1,-1,-1,3,-1
2015551500766,1,19,0,18,0,8,0,0,7,11,3,1,6,1,84,11,1753,2,7,-1,1,-1
2015551500766,2,9,0,18,0,8,0,0,7,11,1,1,6,1,91,11,1498,1,6,-1,2,-1
2015551500767,1,9,0,17,0,0,0,6,1,2,1,1,6,1,28,6,1997,2,8,-1,3,-1
2015551500768,1,9,0,18,0,0,0,0,0,0,4,1,6,2,43,7,1229,1,2,-1,1,-1
2015551500769,1,9,0,9,0,1,0,0,0,0,1,1,6,2,43,7,1198,1,1,-1,1,-1
2015551500769,2,1,0,4,0,1,0,0,0,0,1,1,2,2,23,5,-1,-1,-1,-1,-1,-1
2015551500771,1,19,0,13,0,0,0,0,0,0,2,1,1,1,35,6,2198,2,1,-1,1,-1
2015551500771,2,1,0,18,0,0,0,0,0,0,1,1,2,1,26,6,-1,-1,-1,-1,-1,-1
2015551500772,1,21,0,18,0,8,5,0,1,2,4,1,1,1,21,5,7201,2,9,-1,1,-1
2015551500776,1,9,0,18,0,0,0,0,0,0,1,1,6,2,43,7,1339,1,12,-1,3,-1
2015551500776,2,9,0,18,0,0,0,0,0,0,1,1,6,1,18,4,1900,2,11,-1,2,-1
2015551500777,1,3,0,14,0,2,1,0,0,0,1,1,6,1,18,4,124,1,17,-1,1,-1
2015551500777,2,9,0,5,0,1,0,0,0,0,1,1,6,2,57,9,1242,1,13,-1,1,-1
2015551500778,1,9,0,18,0,1,0,0,0,0,1,1,2,2,54,8,999,1,1,-1,1,-1
2015551500780,1,5,0,18,0,2,1,0,1,10,3,1,6,1,46,8,955,1,12,-1,1,-1
2015551500781,1,9,0,5,0,2,0,0,0,0,2,1,6,1,18,4,998,1,8,-1,3,-1
2015551500781,2,5,0,18,0,1,0,0,0,0,1,1,6,1,67,10,955,1,8,-1,1,-1
2015551500785,1,9,0,18,0,0,0,4,0,0,1,1,6,1,19,4,999,1,-1,-1,1,-1
2015551500785,2,9,0,2,0,0,0,0,0,0,2,1,6,2,35,6,1998,1,12,-1,1,-1
2015551500788,1,9,0,3,0,1,0,0,0,0,2,1,6,2,22,5,1242,1,3,-1,1,-1
2015551500788,2,9,0,18,0,1,0,0,0,0,1,1,2,2,23,5,1586,1,1,-1,1,-1
2015551500794,1,1,0,18,0,0,0,0,0,0,1,1,6,1,47,8,-1,-1,-1,-1,-1,-1
2015551500794,2,9,0,18,0,0,0,0,0,0,1,1,2,2,32,6,1560,2,2,-1,1,-1
2015551500796,1,9,0,18,0,0,0,0,0,0,1,1,6,2,19,4,1596,1,16,-1,1,-1
2015551500796,2,9,0,18,0,0,0,0,0,0,1,1,2,1,46,8,1597,1,16,-1,1,-1
2015551500797,1,9,0,9,0,2,0,0,0,0,4,1,6,1,21,5,-1,-1,-1,-1,2,-1
2015551500797,2,1,0,18,0,1,0,0,0,0,1,1,6,2,40,7,-1,-1,-1,-1,-1,-1
2015551500798,1,9,0,2,0,2,0,0,0,0,4,1,2,1,36,7,1560,2,7,-1,1,-1
2015551500798,2,1,0,18,0,2,0,0,0,0,1,1,6,2,37,7,-1,-1,-1,-1,-1,-1
2015551500799,1,19,0,9,0,2,0,0,0,0,1,1,1,1,44,7,1870,2,9,-1,1,-1
2015551500799,2,5,0,18,0,1,1,0,0,0,1,1,2,1,50,8,849,1,7,-1,3,-1
2015551500800,1,9,0,18,0,0,0,0,0,0,1,1,2,1,46,8,998,1,8,-1,1,-1
2015551500800,2,9,0,4,0,0,0,0,0,0,2,1,6,1,69,10,1360,1,14,-1,1,-1
2015551500802,1,90,0,5,0,2,0,0,0,0,2,1,1,1,49,8,2800,2,4,-1,1,-1
2015551500802,2,1,0,18,0,1,0,0,0,0,1,1,2,1,26,6,-1,-1,-1,-1,-1,-1
2015551500803,1,11,0,4,0,0,0,0,0,0,0,1,1,1,28,6,4461,2,1,-1,1,-1
2015551500804,1,9,0,9,0,1,0,0,0,0,1,1,6,1,18,4,1390,1,12,-1,1,-1
2015551500804,2,9,0,18,0,1,0,0,0,0,3,1,6,1,30,6,1360,1,10,-1,-1,-1
2015551500805,1,3,0,18,0,8,1,0,0,0,0,1,6,1,29,6,124,1,5,-1,1,-1
2015551500806,1,9,0,18,0,8,1,0,0,0,1,1,6,1,21,5,1600,1,16,-1,-1,-1
2015551500806,2,11,0,18,0,8,0,0,7,10,1,1,1,1,40,7,6700,2,7,-1,1,-1
2015551500807,1,9,0,18,0,0,0,0,0,0,1,1,6,1,32,6,1997,2,1,-1,1,-1
2015551500807,2,9,0,18,0,0,0,0,0,0,2,1,6,2,48,8,1360,1,14,-1,1,-1
2015551500808,1,9,0,5,0,0,0,0,0,0,3,1,2,2,20,4,1248,2,2,-1,1,-1
2015551500808,2,21,0,18,0,0,0,0,0,0,3,1,1,1,49,8,12777,2,6,-1,2,-1
2015551500808,3,5,0,5,0,0,0,0,0,0,1,1,6,1,66,10,1600,1,3,-1,1,-1
2015551500809,1,1,0,4,5,0,0,0,0,0,1,1,6,3,-1,-1,-1,-1,-1,-1,-1,-1
2015551500810,1,9,0,3,0,0,0,0,0,0,1,1,2,1,64,9,1798,1,9,-1,1,-1
2015551500811,1,9,0,18,0,1,0,0,0,0,1,1,6,2,45,7,2401,2,7,-1,-1,-1
2015551500811,2,9,0,18,0,1,0,0,0,0,2,1,6,2,20,4,1984,1,15,-1,-1,-1
2015551500811,3,9,0,4,0,5,0,0,0,0,2,1,6,2,51,8,1598,1,5,-1,-1,-1
2015551500812,1,4,0,18,0,1,0,0,0,0,1,1,2,1,35,6,1002,1,24,-1,1,-1
2015551500812,2,1,0,5,0,6,0,0,0,0,1,1,6,2,20,4,-1,-1,-1,-1,-1,-1
2015551500813,1,19,0,5,0,1,0,0,0,0,1,1,1,1,20,4,1461,2,1,-1,1,-1
2015551500813,2,2,0,3,0,1,0,0,0,0,2,1,6,1,54,8,49,1,13,-1,1,-1
2015551500814,1,9,0,18,0,1,0,4,0,0,1,1,6,2,35,6,1248,1,3,-1,1,-1
2015551500814,2,9,0,2,0,1,0,0,1,0,2,1,6,3,-1,-1,1242,1,1,-1,-1,-1
2015551500814,3,9,0,2,0,1,0,0,0,0,2,1,6,3,-1,-1,1198,1,8,-1,-1,-1
2015551500818,1,9,0,18,0,1,0,0,0,0,1,1,6,2,52,8,1598,1,12,-1,1,-1
2015551500818,2,1,0,18,0,1,0,0,0,0,1,1,6,1,33,6,-1,-1,-1,-1,-1,-1
2015551500819,1,9,0,4,0,0,5,0,1,11,4,1,6,1,81,11,1596,1,9,-1,2,-1
2015551500819,2,21,1,17,0,0,0,0,0,0,3,1,1,1,57,9,10518,2,8,-1,1,-1
2015551500819,3,9,0,3,0,0,0,0,1,0,2,1,2,2,63,9,998,1,7,-1,2,-1
2015551500819,4,9,0,3,0,0,0,0,0,0,2,1,6,2,51,8,1995,2,12,-1,3,-1
2015551500819,5,21,1,4,0,0,0,0,0,0,0,1,6,3,-1,-1,-1,-1,-1,-1,-1,-1
2015551500820,1,9,0,1,9,0,0,0,0,0,4,1,6,1,54,8,2199,2,5,-1,1,-1
2015551500820,2,1,0,18,9,0,0,0,0,0,1,1,6,1,14,3,-1,-1,-1,-1,-1,-1
2015551500821,1,9,0,18,0,1,0,0,0,0,4,1,1,2,52,8,-1,-1,-1,-1,1,-1
2015551500821,2,1,0,5,0,1,0,0,0,0,3,1,6,1,75,10,-1,-1,-1,-1,-1,-1
2015551500822,1,9,0,5,0,4,0,0,0,0,1,1,6,2,40,7,1998,1,6,-1,1,-1
2015551500822,2,1,0,17,4,8,0,0,0,0,4,1,6,1,28,6,-1,-1,-1,-1,-1,-1
2015551500823,1,9,0,18,0,0,1,0,7,4,1,2,6,1,79,11,1800,1,19,-1,3,-1
2015551500823,2,9,0,18,0,0,0,0,0,0,3,1,6,1,69,10,3800,1,5,-1,3,-1
2015551500824,1,9,0,9,0,6,0,0,0,0,3,1,6,2,59,9,1598,2,5,-1,3,-1
2015551500824,2,9,0,4,0,1,0,0,0,0,1,1,6,2,46,8,1896,2,12,-1,1,-1
2015551500825,1,9,0,4,0,0,0,0,0,0,2,1,6,1,76,11,-1,-1,-1,-1,3,-1
2015551500825,2,9,0,4,0,0,0,0,0,0,1,1,6,1,21,5,1149,1,13,-1,1,-1
2015551500826,1,9,0,18,0,3,0,0,0,0,1,1,6,2,68,10,1598,1,2,-1,1,-1
2015551500826,2,1,0,18,0,2,0,0,0,0,1,1,6,1,18,4,-1,-1,-1,-1,3,-1
2015551500827,1,90,5,18,0,1,1,0,0,0,1,1,1,1,41,7,-1,-1,-1,-1,1,-1
2015551500827,2,9,0,18,0,1,0,0,0,0,2,1,6,2,22,5,1149,1,8,-1,1,-1
2015551500828,1,9,0,16,0,0,2,0,8,11,3,1,6,1,28,6,1796,1,12,-1,1,-1
2015551500829,1,9,0,9,0,5,0,0,0,0,0,1,2,1,24,5,1968,2,7,-1,1,-1
2015551500829,2,5,0,4,0,1,1,0,0,0,1,1,2,1,54,8,600,1,10,-1,3,-1
2015551500829,3,19,0,18,0,1,0,0,0,0,2,1,1,1,66,10,1998,2,12,-1,3,-1
2015551500831,1,9,0,4,0,1,0,0,0,0,4,1,6,2,54,8,1248,1,6,-1,1,-1
2015551500831,2,1,0,4,0,1,0,0,0,0,3,1,6,2,35,6,-1,-1,-1,-1,-1,-1
2015551500835,1,9,0,4,0,1,0,0,0,0,2,1,6,1,63,9,1968,2,5,-1,1,-1
2015551500835,2,9,0,3,0,1,0,0,0,0,2,1,6,2,54,8,1390,1,3,-1,1,-1
2015551500835,3,9,0,18,0,1,0,0,0,0,1,1,6,2,46,8,1995,2,7,-1,1,-1
2015551500836,1,9,0,7,0,5,0,0,0,0,1,1,6,2,31,6,1910,2,8,-1,2,-1
2015551500836,2,1,0,18,0,1,0,0,0,0,3,1,6,1,29,6,-1,-1,-1,-1,-1,-1
2015551500838,1,9,0,7,0,3,0,0,7,0,1,1,6,2,19,4,1598,1,10,-1,1,-1
2015551500839,1,9,0,18,0,0,5,0,7,4,1,1,1,2,53,8,1598,1,2,-1,1,-1
2015551500839,2,19,0,2,0,0,0,0,0,0,4,1,1,1,52,8,2500,2,14,-1,1,-1
2015551500843,1,9,0,18,0,1,0,0,0,0,1,1,6,1,48,8,1984,2,2,-1,1,-1
2015551500843,2,9,0,18,0,8,1,0,0,0,4,1,1,1,33,6,1560,2,2,-1,1,-1