Accident_Index,Vehicle_Reference,Vehicle_Type,Towing_and_Articulation,Vehicle_Manoeuvre,Vehicle_Location-Restricted_Lane,Junction_Location,Skidding_and_Overturning,Hit_Object_in_Carriageway,Vehicle_Leaving_Carriageway,Hit_Object_off_Carriageway,1st_Point_of_Impact,Was_Vehicle_Left_Hand_Drive?,Journey_Purpose_of_Driver,Sex_of_Driver,Age_of_Driver,Age_Band_of_Driver,Engine_Capacity_(CC),Propulsion_Code,Age_of_Vehicle,Driver_IMD_Decile,Driver_Home_Area_Type,Vehicle_IMD_Decile
2015551501264,1,9,0,18,0,1,0,0,0,0,1,1,6,1,73,10,995,1,3,-1,1,-1
2015551501264,2,9,0,5,0,1,0,0,0,0,1,1,2,2,45,7,1389,1,14,-1,1,-1
2015551501265,1,9,0,9,9,5,0,0,0,0,1,1,1,1,41,7,1968,2,-1,-1,1,-1
2015551501267,1,5,0,18,0,0,1,11,1,4,4,1,6,1,42,7,599,1,18,-1,3,-1
2015551501270,1,9,0,6,0,0,0,0,0,0,3,1,6,1,72,10,1998,2,6,-1,3,-1
2015551501270,2,5,0,17,0,0,0,0,7,0,1,1,6,1,63,9,798,1,-1,-1,2,-1
2015551501271,1,9,0,18,0,0,0,0,0,0,3,1,6,2,27,6,2198,2,3,-1,2,-1
2015551501271,2,9,0,18,0,0,0,0,0,0,1,1,6,2,39,7,1198,1,4,-1,1,-1
2015551501274,1,9,0,18,0,0,5,0,1,2,1,1,6,1,25,5,2967,2,-1,-1,1,-1
2015551501275,1,9,0,5,0,6,0,0,0,0,1,1,6,1,61,9,2351,1,15,-1,1,-1
2015551501275,2,1,0,18,0,8,0,0,0,0,4,1,2,1,33,6,-1,-1,-1,-1,1,-1
2015551501276,1,5,0,18,2,1,0,0,0,0,1,1,2,1,52,8,998,1,8,-1,1,-1
2015551501276,2,9,0,9,0,2,0,0,0,0,4,1,6,1,41,7,1985,1,13,-1,1,-1
2015551501282,1,9,0,11,0,3,0,0,0,0,1,1,6,1,23,5,1587,1,13,-1,1,-1
2015551501282,2,9,0,18,0,3,0,0,0,0,3,1,2,1,29,6,1783,1,11,-1,1,-1
2015551501284,1,19,0,4,0,0,1,0,0,0,1,1,2,1,49,8,1870,2,10,-1,1,-1
2015551501284,2,19,0,3,0,0,0,0,0,0,2,1,2,1,43,7,1686,2,14,-1,1,-1
2015551501284,3,19,0,3,0,0,0,0,0,0,2,1,2,1,30,6,1298,1,10,-1,1,-1
2015551501286,1,9,0,7,0,6,1,0,8,3,1,1,6,2,71,10,-1,-1,-1,-1,1,-1
2015551501286,2,9,0,18,0,1,0,0,0,0,1,1,6,1,79,11,1794,1,9,-1,1,-1
2015551501287,1,9,0,18,0,8,0,0,0,0,1,1,6,2,51,8,1790,1,12,-1,2,-1
2015551501287,2,9,0,9,0,8,0,0,0,0,3,1,6,1,22,5,1596,1,9,-1,1,-1
2015551501288,1,9,0,18,0,6,0,0,0,0,4,1,6,1,30,6,1998,1,7,-1,1,-1
2015551501288,2,22,0,5,0,6,0,0,0,0,3,1,6,3,-1,-1,-1,-1,-1,-1,-1,-1
2015551501292,1,9,0,6,0,0,0,0,0,0,3,1,6,2,47,8,1598,1,11,-1,1,-1
2015551501292,2,1,0,14,0,0,0,0,0,0,1,1,6,1,43,7,-1,-1,-1,-1,1,-1
2015551501292,3,1,0,14,0,0,0,0,0,0,1,1,6,1,48,8,-1,-1,-1,-1,3,-1
2015551501293,1,9,0,4,0,0,0,0,0,0,1,1,6,2,-1,-1,1240,1,5,-1,-1,-1
2015551501293,2,3,0,9,0,0,0,0,0,0,3,1,2,2,33,6,-1,-1,-1,-1,1,-1
2015551501294,1,9,0,10,0,1,0,0,0,0,3,1,6,1,24,5,1598,1,14,-1,2,-1
2015551501294,2,5,0,18,0,1,1,0,0,0,1,1,6,1,51,8,599,1,3,-1,1,-1
2015551501295,1,9,0,4,0,1,0,0,0,0,1,1,6,1,55,8,2495,2,18,-1,2,-1
2015551501295,2,9,0,3,0,1,0,0,0,0,2,1,6,1,68,10,1796,1,13,-1,-1,-1
2015551501295,3,9,0,9,0,1,0,0,0,0,2,1,6,1,53,8,1970,1,13,-1,2,-1
2015551501296,1,9,0,3,0,1,0,0,0,0,1,1,2,1,32,6,1896,2,14,-1,1,-1
2015551501296,2,9,0,18,0,1,0,0,0,0,1,1,2,1,40,7,1299,1,15,-1,-1,-1
2015551501297,1,9,0,7,0,6,0,0,0,0,3,1,6,1,36,7,1595,1,24,-1,1,-1
2015551501297,2,1,0,18,0,1,0,0,0,0,1,1,1,1,22,5,-1,-1,-1,-1,-1,-1
2015551501298,1,3,0,17,0,0,0,0,1,4,1,1,2,2,24,5,125,1,-1,-1,3,-1
2015551501299,1,9,0,5,0,1,0,0,0,0,0,1,6,1,68,10,1461,2,11,-1,1,-1
2015551501299,2,2,0,14,0,1,0,0,0,0,1,1,6,1,31,6,125,1,3,-1,1,-1
2015551501300,1,9,0,18,0,2,0,0,0,0,2,1,6,2,35,6,1679,1,14,-1,1,-1
2015551501300,2,9,0,18,0,2,0,0,0,0,1,1,3,2,38,7,2184,2,11,-1,1,-1
2015551501301,1,9,0,18,0,1,0,0,0,0,1,2,1,2,37,7,1390,1,7,-1,-1,-1
2015551501301,2,9,0,3,0,1,0,0,0,0,2,1,6,2,44,7,1968,2,11,-1,-1,-1
2015551501302,1,2,0,3,0,1,0,0,0,0,2,1,6,2,16,4,49,1,4,-1,-1,-1
2015551501303,1,1,0,18,5,1,0,0,0,0,0,1,1,1,49,8,-1,-1,-1,-1,-1,-1
2015551501304,1,3,0,18,0,3,0,0,0,0,0,1,2,1,17,4,-1,-1,-1,-1,1,-1
2015551501306,1,9,0,18,0,1,0,0,0,0,1,1,6,1,31,6,2231,2,7,-1,3,-1
2015551501306,2,3,0,18,0,1,0,0,0,0,1,1,2,1,19,4,125,1,-1,-1,3,-1
2015551501307,1,19,0,7,0,5,0,0,0,0,1,1,6,1,20,4,2402,2,10,-1,-1,-1
2015551501307,2,1,0,18,0,1,0,0,0,0,3,1,1,1,54,8,-1,-1,-1,-1,-1,-1
2015551501308,1,4,0,3,0,0,0,0,0,0,1,1,2,1,53,8,400,1,3,-1,1,-1
2015551501308,2,9,0,4,0,0,0,0,0,0,2,1,2,2,41,7,1598,1,2,-1,1,-1
2015551501309,1,9,0,9,0,1,0,0,1,4,4,1,2,2,18,4,1149,1,12,-1,-1,-1
2015551501310,1,9,0,4,9,8,0,0,1,3,1,1,6,1,18,4,1596,1,14,-1,1,-1
2015551501311,1,9,0,18,0,0,0,0,0,0,4,1,6,2,79,11,998,1,6,-1,1,-1
2015551501311,2,22,0,18,0,0,0,0,1,0,2,1,6,1,77,11,-1,-1,-1,-1,1,-1
2015551501312,1,4,0,18,0,1,0,0,0,0,1,1,6,1,18,4,124,1,9,-1,1,-1
2015551501312,2,9,0,9,0,8,0,0,0,0,3,1,6,2,42,7,2477,2,11,-1,-1,-1
2015551501313,1,9,0,18,0,2,0,0,0,0,4,2,6,3,-1,-1,-1,-1,-1,-1,-1,-1
2015551501314,1,9,0,6,0,1,0,0,7,0,3,1,6,2,86,11,1995,2,6,-1,2,-1
2015551501314,2,9,0,18,0,1,0,0,7,0,1,1,6,1,27,6,1587,1,7,-1,3,-1
2015551501315,1,9,0,9,0,6,0,0,0,0,0,1,6,1,24,5,1991,1,19,-1,1,-1
2015551501315,2,9,0,16,0,1,1,0,3,10,1,1,6,1,22,5,1248,2,9,-1,3,-1
2015551501316,1,1,0,18,0,1,0,0,0,0,1,1,6,1,12,3,-1,-1,-1,-1,-1,-1
2015551501316,2,9,0,4,0,1,0,0,0,0,0,1,6,1,21,5,2179,2,1,-1,1,-1
2015551501318,1,90,1,18,0,0,0,0,0,0,4,2,1,1,44,7,-1,-1,-1,-1,-1,-1
2015551501318,2,90,0,18,0,0,0,0,0,0,3,1,1,1,48,8,5861,2,15,-1,1,-1
2015551501319,1,21,0,18,0,0,1,0,0,0,1,1,1,1,48,8,6693,2,2,-1,1,-1
2015551501319,2,9,0,18,0,0,0,0,0,0,2,1,6,2,72,10,2401,2,9,-1,3,-1
2015551501320,1,9,0,4,0,0,0,0,0,0,3,1,2,1,24,5,999,1,2,-1,1,-1
2015551501320,2,9,0,2,0,0,0,0,0,0,3,1,6,1,24,5,1331,1,21,-1,1,-1
2015551501321,1,9,0,17,0,0,2,0,1,0,4,1,6,1,18,4,1396,1,14,-1,3,-1
2015551501322,1,9,0,18,0,0,1,0,8,4,3,1,6,1,23,5,2198,1,12,-1,1,-1
2015551501323,1,4,0,4,0,1,0,0,0,0,1,1,6,1,28,6,450,1,12,-1,1,-1
2015551501323,2,5,0,4,0,1,0,0,0,0,2,1,6,1,24,5,1188,1,20,-1,1,-1
2015551501324,1,9,0,16,0,0,2,0,0,0,3,1,2,1,19,4,1390,1,14,-1,3,-1
2015551501325,1,9,0,2,0,0,0,8,0,0,3,1,1,1,33,6,1896,2,5,-1,1,-1
2015551501325,2,1,0,18,0,0,0,8,0,0,4,1,6,1,30,6,-1,-1,-1,-1,-1,-1
2015551501325,3,9,0,18,0,0,0,0,0,0,2,1,6,1,44,7,2993,2,-1,-1,1,-1
2015551501326,1,19,0,16,0,0,1,0,0,0,1,2,6,1,24,5,2402,2,14,-1,2,-1
2015551501326,2,9,0,18,0,0,0,0,0,0,1,2,6,1,20,4,1999,1,11,-1,2,-1
2015551501328,1,9,3,18,0,0,0,0,0,0,0,1,6,1,57,9,2999,2,14,-1,1,-1
2015551501328,2,9,0,18,0,0,0,0,0,0,1,1,6,2,70,10,1598,1,8,-1,3,-1
2015551501328,3,5,0,18,0,0,0,11,0,0,1,1,6,1,46,8,599,1,12,-1,1,-1
2015551501329,1,9,0,9,0,6,0,0,0,0,3,1,2,2,36,7,1956,2,1,-1,2,-1
2015551501329,2,3,0,16,0,1,1,0,0,0,1,1,6,1,18,4,124,1,-1,-1,3,-1
2015551501330,1,9,0,17,0,0,2,0,2,1,1,1,6,2,76,11,1229,1,10,-1,2,-1
2015551501331,1,9,0,18,0,8,0,0,0,0,1,1,6,1,58,9,1997,2,4,-1,2,-1
2015551501331,2,1,0,9,0,8,0,0,0,0,1,1,2,1,23,5,-1,-1,-1,-1,-1,-1
2015551501332,1,9,0,9,0,5,1,10,7,1,1,1,6,2,20,4,1242,1,15,-1,1,-1
2015551501332,2,3,0,4,0,1,0,0,1,0,3,1,6,1,24,5,125,1,-1,-1,1,-1
2015551501333,1,9,0,18,0,0,0,0,0,0,1,1,2,1,22,5,-1,-1,-1,-1,1,-1
2015551501333,2,90,0,4,0,0,0,0,0,0,2,1,6,2,36,7,2459,2,16,-1,1,-1
2015551501334,1,5,0,17,0,0,0,0,1,4,1,1,6,1,48,8,748,1,5,-1,1,-1
2015551501335,1,3,0,4,0,4,1,0,0,0,0,1,2,1,18,4,100,1,11,-1,1,-1
2015551501336,1,2,0,5,0,0,0,11,0,0,1,1,6,1,16,4,49,1,2,-1,3,-1
2015551501337,1,19,0,16,0,0,0,0,0,0,1,1,6,1,25,5,1896,2,10,-1,3,-1
2015551501337,2,21,1,17,0,0,0,0,0,0,3,1,1,1,28,6,11021,2,10,-1,1,-1
2015551501338,1,9,0,10,9,6,0,0,0,0,1,1,6,3,-1,-1,-1,-1,-1,-1,-1,-1
2015551501339,1,9,0,18,0,1,0,0,0,0,1,1,6,1,81,11,1390,1,5,-1,1,-1
2015551501339,2,1,0,5,0,8,0,0,0,0,4,1,6,1,19,4,-1,-1,-1,-1,-1,-1
2015551501339,3,9,0,2,0,1,0,0,0,0,2,1,6,2,58,9,1349,1,11,-1,1,-1
2015551501339,4,19,0,2,9,1,0,0,0,0,0,1,1,1,50,8,1248,2,1,-1,1,-1
2015551501340,1,9,0,9,0,1,0,0,0,0,1,1,2,2,26,6,1584,1,7,-1,-1,-1
2015551501340,2,1,0,18,0,1,0,0,0,0,1,1,2,1,35,6,-1,-1,-1,-1,-1,-1
2015551501341,1,9,0,4,0,1,1,0,0,0,1,1,2,1,32,6,1390,1,12,-1,1,-1
2015551501341,2,9,0,3,0,1,0,0,0,0,2,1,2,1,51,8,1995,2,12,-1,1,-1
2015551501341,3,21,1,1,0,8,0,0,0,0,2,1,1,1,38,7,10837,2,2,-1,1,-1
2015551501342,1,9,0,16,0,0,0,0,0,0,1,1,6,1,25,5,2446,2,19,-1,1,-1
2015551501342,2,9,0,4,0,0,0,0,0,0,2,1,6,1,22,5,1368,1,5,-1,1,-1
2015551501343,1,9,0,2,2,0,0,0,0,0,3,1,6,2,37,7,1299,1,8,-1,1,-1
2015551501343,2,1,0,18,0,0,0,0,0,0,1,1,4,1,16,4,-1,-1,-1,-1,1,-1
2015551501344,1,9,0,9,0,2,0,0,0,0,1,1,6,2,19,4,1149,1,14,-1,1,-1
2015551501346,1,9,0,4,0,0,0,0,0,0,1,1,6,2,35,6,1560,2,8,-1,1,-1
2015551501346,2,22,0,18,0,0,5,0,0,0,4,1,6,2,64,9,-1,-1,-1,-1,1,-1
2015551501347,1,9,0,5,0,4,0,0,0,0,3,1,2,2,43,7,1339,1,9,-1,1,-1
2015551501347,2,11,0,18,0,4,0,0,0,0,4,1,6,1,32,6,9000,2,7,-1,1,-1
2015551501348,1,9,0,18,0,0,0,0,0,0,1,1,6,2,38,7,1598,1,13,-1,1,-1
2015551501348,2,9,0,3,0,0,0,0,0,0,2,1,6,1,37,7,1796,1,11,-1,1,-1
2015551501349,1,1,0,18,5,1,0,0,0,0,1,1,1,2,34,6,-1,-1,-1,-1,-1,-1
2015551501349,2,9,0,18,5,2,0,0,0,0,1,1,1,1,23,5,1560,2,3,-1,-1,-1
2015551501350,1,8,0,18,0,0,0,0,0,0,1,1,1,1,56,9,1997,2,6,-1,1,-1
2015551501352,1,9,0,18,0,0,0,0,7,0,1,1,6,1,21,5,1390,1,13,-1,2,-1
2015551501353,1,9,0,18,0,0,1,0,1,4,1,1,6,1,42,7,3189,1,8,-1,2,-1
2015551501354,1,9,0,5,0,4,0,0,0,0,3,1,6,1,75,10,-1,-1,-1,-1,1,-1
2015551501354,2,1,0,18,0,8,0,0,0,0,1,1,6,1,15,3,-1,-1,-1,-1,-1,-1
2015551501355,1,11,0,4,0,1,0,0,0,0,0,1,1,3,-1,-1,7300,2,14,-1,-1,-1
2015551501356,1,9,0,16,0,0,1,0,0,0,1,1,6,1,18,4,1299,1,13,-1,2,-1
2015551501357,1,5,0,12,0,1,1,0,0,0,3,1,6,1,26,6,599,1,12,-1,1,-1
2015551501358,1,9,0,9,0,6,0,0,0,0,1,1,2,2,20,4,1197,1,3,-1,3,-1
2015551501358,2,1,0,18,0,1,1,0,0,0,1,1,6,1,29,6,-1,-1,-1,-1,-1,-1
2015551501359,1,9,0,18,0,0,0,0,0,0,1,1,6,1,21,5,1991,1,14,-1,1,-1
2015551501360,1,3,0,4,0,0,0,0,0,0,1,1,6,1,29,6,124,1,2,-1,1,-1
2015551501360,2,5,0,4,0,0,0,0,0,0,2,1,6,1,33,6,748,1,18,-1,1,-1
2015551501361,1,1,0,18,0,8,0,0,0,0,1,1,6,1,41,7,-1,-1,-1,-1,1,-1
2015551501361,2,9,0,18,0,8,0,0,0,0,1,1,6,2,37,7,1248,1,3,-1,1,-1
2015551501362,1,9,0,18,0,1,0,0,0,0,1,1,6,2,32,6,1910,2,9,-1,3,-1
2015551501362,2,1,0,5,0,6,0,0,0,0,3,1,6,1,20,4,-1,-1,-1,-1,-1,-1
2015551501363,1,1,0,14,0,0,0,0,0,0,1,1,3,1,13,3,-1,-1,-1,-1,-1,-1
2015551501363,2,9,0,18,0,0,0,0,0,0,1,1,6,2,28,6,1598,1,10,-1,1,-1
2015551501364,1,1,0,18,0,6,0,0,0,0,1,1,4,1,9,2,-1,-1,-1,-1,-1,-1
2015551501364,2,9,0,18,0,8,0,0,0,0,4,1,2,2,52,8,998,1,-1,-1,1,-1
2015551501365,1,9,0,9,0,5,0,0,0,0,3,1,6,1,23,5,2495,2,19,-1,2,-1
2015551501365,2,1,0,4,0,1,0,0,0,0,1,1,6,1,43,7,-1,-1,-1,-1,3,-1
2015551501365,3,1,0,4,0,1,0,0,0,0,0,1,6,1,12,3,-1,-1,-1,-1,3,-1
2015551501366,1,1,0,18,0,8,0,0,0,0,1,1,6,1,25,5,-1,-1,-1,-1,-1,-1
2015551501367,1,9,0,18,0,0,0,0,0,0,1,1,6,2,19,4,1242,1,14,-1,3,-1
2015551501367,2,9,0,3,0,0,0,0,0,0,2,1,6,2,41,7,2261,1,11,-1,1,-1
2015551501367,3,19,0,3,0,0,0,0,0,0,2,1,6,1,39,7,1461,2,4,-1,-1,-1
2015551501368,1,9,0,13,0,0,0,0,0,0,1,1,2,2,55,8,2204,2,10,-1,3,-1
2015551501368,2,3,0,18,0,0,0,0,0,0,2,1,4,1,21,5,124,1,3,-1,1,-1
2015551501369,1,3,0,18,0,1,0,0,0,0,1,1,6,1,44,7,124,1,34,-1,1,-1
2015551501369,2,9,0,18,0,1,0,0,0,0,3,1,6,1,35,6,1988,1,14,-1,1,-1
2015551501370,1,1,0,9,0,0,0,0,0,0,3,1,4,1,14,3,-1,-1,-1,-1,-1,-1
2015551501370,2,9,0,18,0,0,0,0,0,0,4,1,6,1,60,9,1198,1,6,-1,1,-1
2015551501371,1,9,0,18,0,0,0,0,0,0,1,1,6,2,30,6,1968,2,8,-1,1,-1
2015551501371,2,9,0,3,0,0,0,0,0,0,2,1,6,2,32,6,1587,1,13,-1,1,-1
2015551501372,1,9,0,9,0,5,0,0,0,0,1,1,6,2,23,5,1323,1,15,-1,1,-1
2015551501372,2,5,0,18,0,1,0,0,0,0,1,1,6,1,60,9,750,1,26,-1,1,-1
2015551501373,1,9,0,4,0,1,0,0,0,0,2,1,6,2,33,6,1910,2,7,-1,1,-1
2015551501373,2,9,0,4,0,1,0,0,0,0,1,1,2,1,23,5,1360,1,11,-1,1,-1
2015551501374,1,9,0,5,0,6,0,0,0,0,1,1,6,1,34,6,1951,2,11,-1,1,-1
2015551501374,2,4,0,5,0,6,0,0,0,0,1,1,1,1,25,5,749,1,16,-1,1,-1
2015551501375,1,9,0,18,0,1,0,0,0,0,1,1,6,2,69,10,1998,1,17,-1,1,-1
2015551501375,2,19,0,1,0,6,0,0,0,0,2,1,6,1,53,8,1753,2,12,-1,1,-1
2015551501376,1,19,0,18,0,0,0,4,0,0,1,1,6,1,76,11,1998,2,14,-1,1,-1
2015551501376,2,9,0,3,0,0,0,0,0,0,2,1,6,2,64,9,1364,1,11,-1,1,-1
2015551501376,3,9,0,10,0,0,0,0,0,0,2,1,6,1,29,6,-1,-1,-1,-1,1,-1
2015551501377,1,9,0,18,0,0,0,0,0,0,1,1,6,1,31,6,1686,2,8,-1,1,-1
2015551501377,2,2,0,18,0,0,0,0,0,0,2,1,6,2,27,6,49,1,3,-1,3,-1
2015551501379,1,1,0,3,0,0,0,0,0,0,1,1,6,2,25,5,-1,-1,-1,-1,-1,-1
2015551501379,2,9,0,2,0,0,0,0,0,0,2,1,6,3,-1,-1,998,1,3,-1,-1,-1
2015551501380,1,9,0,5,0,4,0,0,0,0,1,1,6,1,53,8,1997,2,14,-1,1,-1
2015551501380,2,1,0,18,0,8,0,0,0,0,2,1,6,2,43,7,-1,-1,-1,-1,-1,-1
2015551501381,1,9,0,18,0,0,2,0,1,4,1,1,2,1,26,6,1461,2,13,-1,1,-1
2015551501383,1,5,0,18,0,0,1,0,0,0,1,1,6,1,55,8,1043,1,2,-1,1,-1
2015551501383,2,9,0,4,0,0,0,0,0,0,2,1,6,1,40,7,1560,2,4,-1,1,-1
2015551501384,1,9,0,9,0,2,0,0,0,0,1,1,6,1,50,8,2400,2,1,-1,3,-1
2015551501386,1,9,0,9,0,8,0,0,0,0,3,1,6,1,66,10,1124,1,14,-1,1,-1
2015551501386,2,1,0,9,0,8,0,0,0,0,3,1,6,1,16,4,-1,-1,-1,-1,1,-1
2015551501387,1,9,0,4,0,1,0,0,0,0,1,1,6,3,-1,-1,1598,1,27,-1,-1,-1
2015551501387,2,9,0,4,0,1,0,0,0,0,2,1,6,2,49,8,998,1,14,-1,1,-1
2015551501391,1,9,0,9,0,6,0,0,0,0,1,1,1,2,21,5,1390,1,4,-1,-1,-1
2015551501391,2,9,0,18,0,1,0,0,7,0,1,1,6,2,79,11,1490,1,10,-1,3,-1
2015551501392,1,9,0,18,0,0,5,0,1,10,4,1,6,1,92,11,2495,2,19,-1,3,-1
2015551501393,1,9,0,9,0,1,0,0,0,0,1,1,2,1,24,5,1968,2,3,-1,1,-1
2015551501393,2,9,0,18,0,1,0,0,0,0,1,1,2,1,27,6,2993,2,10,-1,1,-1
2015551501394,1,9,0,1,0,0,0,0,1,0,4,1,6,1,44,7,1586,1,7,-1,1,-1
2015551501395,1,9,0,2,0,0,0,0,0,0,4,1,6,3,-1,-1,1799,1,6,-1,-1,-1
2015551501396,1,9,0,9,0,2,0,0,0,0,1,1,6,1,68,10,1598,2,4,-1,1,-1
2015551501396,2,1,0,18,0,1,0,0,0,0,1,1,6,1,48,8,-1,-1,-1,-1,-1,-1
2015551501398,1,9,0,18,0,4,0,0,0,0,3,1,6,2,33,6,3199,1,15,-1,1,-1
2015551501398,2,9,0,18,0,1,0,0,0,0,4,1,6,1,25,5,1396,1,15,-1,1,-1
2015551501399,1,9,0,3,0,4,0,0,0,0,1,1,6,3,-1,-1,1984,1,14,-1,-1,-1
2015551501399,2,9,0,3,0,4,0,0,0,0,2,1,6,2,39,7,1299,1,11,-1,3,-1
2015551501400,1,9,0,18,0,3,1,0,1,2,1,1,1,2,22,5,1598,1,9,-1,1,-1
2015551501401,1,1,0,18,0,8,0,0,0,0,3,1,6,1,77,11,-1,-1,-1,-1,1,-1
2015551501401,2,9,0,9,0,2,0,0,0,0,0,1,6,2,46,8,2494,1,10,-1,1,-1
2015551501404,1,9,0,13,0,0,0,0,0,0,4,1,2,2,52,8,999,1,-1,-1,2,-1
2015551501404,2,9,0,13,0,0,0,0,0,0,1,1,6,1,61,9,2171,2,13,-1,2,-1
2015551501406,1,9,0,18,0,1,1,0,0,0,1,1,2,1,42,7,1360,1,15,-1,1,-1
2015551501406,2,9,0,9,0,8,1,0,0,0,4,1,2,1,32,6,1796,1,15,-1,1,-1
2015551501409,1,5,0,18,0,6,0,0,0,0,3,1,6,1,67,10,738,1,11,-1,1,-1
2015551501409,2,9,0,18,0,1,0,0,0,0,3,1,1,1,59,9,2494,2,11,-1,1,-1
2015551501409,3,20,0,7,0,6,0,0,0,0,1,1,1,1,63,9,4461,2,7,-1,1,-1
2015551501410,1,5,0,18,0,4,1,9,0,0,0,1,6,1,24,5,-1,-1,-1,-1,1,-1
2015551501415,1,1,0,18,0,0,0,0,1,0,3,1,6,1,16,4,-1,-1,-1,-1,1,-1
2015551501416,1,19,0,2,0,1,0,0,0,0,3,1,6,1,51,8,2143,2,5,-1,1,-1
2015551501416,2,1,0,18,0,1,0,0,0,0,1,1,6,2,51,8,-1,-1,-1,-1,-1,-1
2015551501417,1,1,0,15,0,0,1,0,0,0,0,1,1,2,33,6,-1,-1,-1,-1,-1,-1
2015551501417,2,9,0,1,0,0,0,0,0,0,0,1,6,3,-1,-1,-1,-1,-1,-1,-1,-1
2015551501420,1,1,0,18,0,1,0,4,0,0,1,1,2,1,44,7,-1,-1,-1,-1,-1,-1
2015551501420,2,9,0,2,0,1,0,0,0,0,2,1,6,3,-1,-1,1586,1,4,-1,-1,-1
2015551501421,1,9,0,4,0,4,0,0,0,0,1,1,6,1,40,7,1796,1,15,-1,1,-1
2015551501421,2,9,0,3,0,4,0,0,0,0,2,1,6,1,48,8,2400,2,4,-1,3,-1
2015551501422,1,9,0,18,0,0,1,0,8,11,4,1,6,1,18,4,1124,1,9,-1,3,-1
2015551501424,1,1,0,18,0,0,0,0,0,0,1,1,6,1,16,4,-1,-1,-1,-1,-1,-1
2015551501424,2,9,0,5,0,0,0,0,0,0,3,1,6,2,64,9,1299,1,18,-1,1,-1
2015551501426,1,9,0,13,0,0,0,0,0,0,4,1,6,3,-1,-1,-1,-1,-1,-1,-1,-1
2015551501426,2,1,0,18,0,0,0,0,0,0,3,1,6,2,52,8,-1,-1,-1,-1,1,-1
2015551501428,1,9,0,18,0,0,0,0,0,0,1,1,6,2,53,8,1149,1,13,-1,1,-1
2015551501428,2,9,0,4,0,0,0,0,0,0,2,1,6,2,48,8,1198,1,-1,-1,1,-1
2015551501428,3,9,0,4,0,0,0,0,0,0,2,1,6,1,54,8,1975,1,11,-1,1,-1
2015551501429,1,9,0,5,0,8,0,0,0,0,3,1,6,3,-1,-1,1197,1,-1,-1,-1,-1
2015551501429,2,2,0,18,0,1,0,0,0,0,1,1,6,1,16,4,49,1,12,-1,1,-1
2015551501431,1,9,0,3,0,1,0,0,0,0,2,1,6,2,42,7,1995,2,12,-1,2,-1
2015551501431,2,9,0,4,0,1,0,0,0,0,1,1,6,2,42,7,1796,1,15,-1,2,-1
2015551501432,1,9,0,18,0,1,0,0,0,0,1,1,6,1,89,11,998,1,16,-1,1,-1
2015551501432,2,9,0,9,0,6,0,0,0,0,1,1,2,1,45,7,1753,2,8,-1,1,-1
2015551501435,1,9,0,3,0,4,0,0,0,0,2,1,6,2,23,5,973,1,12,-1,1,-1
2015551501435,2,9,0,5,0,4,0,0,0,0,1,1,6,1,44,7,1995,2,3,-1,1,-1
2015551501436,1,1,0,18,0,3,0,0,0,0,2,1,1,1,23,5,-1,-1,-1,-1,-1,-1
2015551501436,2,9,0,13,0,4,0,0,0,0,1,2,2,1,32,6,1998,2,13,-1,-1,-1
2015551501439,1,9,4,18,0,0,0,0,0,0,4,1,6,1,57,9,2204,2,9,-1,-1,-1
2015551501439,2,90,0,18,0,0,1,0,4,6,3,1,6,1,30,6,1929,2,24,-1,1,-1
2015551501440,1,3,0,18,0,1,0,0,0,0,1,1,2,1,23,5,125,1,1,-1,1,-1
2015551501440,2,9,0,9,0,8,0,0,0,0,1,1,2,2,34,6,1560,2,-1,-1,1,-1
2015551501448,1,9,0,18,0,2,5,0,0,0,1,1,6,1,32,6,1994,1,14,-1,1,-1
2015551501448,2,9,0,2,0,1,0,0,0,0,3,1,6,3,-1,-1,2148,2,7,-1,-1,-1
2015551501449,1,9,0,16,0,0,2,0,8,11,1,1,1,1,21,5,1242,1,8,-1,1,-1
2015551501451,1,9,0,18,0,0,0,0,0,0,1,1,6,2,40,7,1598,1,12,-1,2,-1
2015551501451,2,19,4,18,0,0,5,0,1,0,1,1,2,1,28,6,2198,2,2,-1,3,-1
2015551501454,1,9,0,14,0,2,1,4,0,0,1,1,6,2,71,10,998,1,9,-1,1,-1
2015551501454,2,9,0,18,0,1,0,0,0,0,1,1,6,1,82,11,1390,1,9,-1,1,-1
2015551501454,3,20,0,2,0,1,0,0,0,0,1,1,6,3,-1,-1,2402,2,7,-1,-1,-1
2015551501456,1,9,0,3,0,1,0,0,0,0,2,1,6,2,65,9,3226,2,12,-1,1,-1
2015551501456,2,9,0,3,0,1,0,0,0,0,1,1,2,1,37,7,2290,1,12,-1,1,-1
2015551501457,1,9,0,5,0,8,0,0,0,0,1,1,2,1,27,6,1390,1,3,-1,1,-1
2015551501457,2,9,0,9,0,6,0,0,7,11,4,1,6,2,49,8,1390,1,15,-1,1,-1
2015551501458,1,9,0,5,0,0,0,0,0,0,1,1,6,2,43,7,1596,1,13,-1,1,-1