Accident_Index,Vehicle_Reference,Vehicle_Type,Towing_and_Articulation,Vehicle_Manoeuvre,Vehicle_Location-Restricted_Lane,Junction_Location,Skidding_and_Overturning,Hit_Object_in_Carriageway,Vehicle_Leaving_Carriageway,Hit_Object_off_Carriageway,1st_Point_of_Impact,Was_Vehicle_Left_Hand_Drive?,Journey_Purpose_of_Driver,Sex_of_Driver,Age_of_Driver,Age_Band_of_Driver,Engine_Capacity_(CC),Propulsion_Code,Age_of_Vehicle,Driver_IMD_Decile,Driver_Home_Area_Type,Vehicle_IMD_Decile
2015555997761,1,9,0,18,0,1,0,0,0,0,0,1,6,3,-1,-1,-1,-1,-1,-1,-1,-1
2015555997761,2,1,0,18,0,1,0,0,0,0,0,1,6,2,43,7,-1,-1,-1,-1,1,-1
2015555997765,1,19,0,18,0,2,0,0,0,0,1,1,6,1,32,6,2151,2,14,-1,1,-1
2015555997768,1,9,0,7,0,8,0,0,0,0,3,1,6,1,21,5,1600,1,11,-1,1,-1
2015555997768,2,1,0,18,0,8,0,0,0,0,1,1,1,1,50,8,-1,-1,-1,-1,1,-1
2015555997772,1,9,0,18,0,6,0,0,0,0,3,1,1,1,26,6,1560,2,2,-1,1,-1
2015555997772,2,2,0,14,0,8,0,0,0,0,1,1,6,1,17,4,49,1,3,-1,1,-1
2015555997776,1,9,0,3,0,1,0,0,0,0,2,1,1,2,47,8,-1,-1,-1,-1,1,-1
2015555997776,2,9,0,18,0,1,0,0,0,0,1,1,6,1,34,6,1896,2,13,-1,1,-1
2015555997780,1,9,0,9,0,8,0,0,0,0,1,1,6,1,43,7,2143,2,5,-1,1,-1
2015555997780,2,1,0,18,0,8,0,0,0,0,4,1,6,1,48,8,-1,-1,-1,-1,1,-1
2015555997784,1,11,0,4,0,1,0,0,0,0,0,1,1,1,61,9,6374,2,6,-1,1,-1
2015555997788,1,9,0,7,0,3,0,0,0,0,4,1,2,2,43,7,1199,1,14,-1,1,-1
2015555997788,2,1,0,18,0,3,0,0,0,0,3,1,6,1,43,7,-1,-1,-1,-1,1,-1
2015555997792,1,9,0,18,0,8,0,0,0,0,4,1,1,1,35,6,1248,2,2,-1,1,-1
2015555997792,2,9,0,9,0,6,0,0,0,0,1,1,1,1,49,8,-1,-1,-1,-1,1,-1
2015555997796,1,8,0,18,0,4,0,0,0,0,3,1,1,1,51,8,1598,2,2,-1,1,-1
2015555997796,2,3,0,18,0,8,0,0,0,0,4,1,6,1,33,6,125,1,4,-1,1,-1
2015555997800,1,9,0,5,0,0,0,0,0,0,1,1,6,1,17,4,1198,1,5,-1,2,-1
2015555997800,2,9,0,3,0,0,0,0,0,0,2,1,6,1,39,7,1396,2,1,-1,1,-1
2015555997804,1,8,0,18,0,2,0,0,0,0,1,1,6,1,31,6,1560,2,3,-1,1,-1
2015555997807,1,3,0,9,0,6,0,0,0,0,3,1,6,1,21,5,125,1,2,-1,1,-1
2015555997807,2,9,0,18,0,8,0,0,0,0,3,1,6,1,33,6,1968,2,11,-1,1,-1
2015555997807,3,9,0,2,0,2,0,0,0,0,2,1,6,3,-1,-1,1783,1,10,-1,-1,-1
2015555997812,1,9,0,9,0,8,0,0,0,0,1,1,6,2,21,5,-1,-1,-1,-1,1,-1
2015555997812,2,9,0,18,0,8,0,7,0,0,3,1,6,2,57,9,1598,1,9,-1,1,-1
2015555997818,1,9,0,5,0,6,0,0,0,0,1,1,6,2,54,8,-1,-1,-1,-1,1,-1
2015555997818,2,9,0,18,0,8,0,0,0,0,4,1,6,2,41,7,1905,2,20,-1,1,-1
2015555997822,1,9,0,18,0,0,5,0,7,10,1,1,6,1,23,5,973,1,15,-1,-1,-1
2015555997826,1,9,0,9,0,8,2,0,0,0,4,1,6,1,22,5,-1,-1,-1,-1,1,-1
2015555997826,2,9,0,9,0,8,0,0,0,0,1,1,6,2,30,6,1596,1,10,-1,1,-1
2015555997830,1,9,0,5,0,6,0,0,0,0,1,1,1,1,44,7,1595,1,6,-1,1,-1
2015555997830,2,1,0,18,0,2,0,0,0,0,2,1,1,1,54,8,-1,-1,-1,-1,1,-1
2015555997834,1,9,0,9,0,6,0,0,0,0,1,1,6,2,23,5,1968,2,7,-1,1,-1
2015555997834,2,1,0,18,0,8,0,0,0,0,4,1,6,1,25,5,-1,-1,-1,-1,1,-1
2015555997838,1,3,0,18,0,0,1,0,0,0,1,1,1,2,24,5,114,1,1,-1,1,-1
2015555997838,2,9,0,18,0,0,0,0,0,0,2,1,6,2,54,8,-1,-1,-1,-1,1,-1
2015555997842,1,9,0,1,0,0,0,0,0,0,2,1,6,3,-1,-1,-1,-1,-1,-1,-1,-1
2015555997845,1,9,0,18,0,8,0,0,0,0,1,1,6,1,19,4,998,1,2,-1,1,-1
2015555997845,2,9,0,18,0,8,0,0,0,0,4,1,6,1,72,10,-1,-1,-1,-1,1,-1
2015555997845,3,9,0,18,0,8,0,0,0,0,1,1,6,2,61,9,-1,-1,-1,-1,1,-1
2015555997852,1,1,0,18,9,1,0,0,0,0,1,1,6,1,-1,-1,-1,-1,-1,-1,-1,-1
2015555997855,1,9,0,18,0,0,0,0,0,0,1,1,6,1,24,5,-1,-1,-1,-1,1,-1
2015555997855,2,9,0,18,0,0,0,0,1,2,2,1,6,2,26,6,-1,-1,-1,-1,2,-1
2015555997859,1,9,0,4,0,1,1,0,0,0,1,1,6,1,18,4,-1,-1,-1,-1,1,-1
2015555997859,2,9,0,18,0,8,0,0,0,0,1,1,6,1,31,6,1988,1,11,-1,3,-1
2015555997863,1,9,0,18,0,7,5,0,5,6,1,1,6,2,28,6,1229,1,2,-1,1,-1
2015555997863,2,9,0,3,0,7,0,0,0,0,2,1,6,2,35,6,1328,1,12,-1,3,-1
2015555997863,3,9,0,18,0,8,0,0,0,0,0,1,6,3,37,7,1461,2,1,-1,1,-1
2015555997868,1,11,0,2,0,0,0,0,0,0,0,1,6,1,34,6,4500,2,6,-1,1,-1
2015555997871,1,90,0,9,0,8,0,0,0,0,1,1,6,1,44,7,-1,-1,-1,-1,1,-1
2015555997871,2,1,0,8,0,1,0,0,0,0,1,1,2,2,35,6,-1,-1,-1,-1,1,-1
2015555997875,1,1,0,18,0,0,0,0,0,0,4,1,6,2,20,4,-1,-1,-1,-1,1,-1
2015555997875,2,9,0,18,0,0,0,0,0,0,1,1,6,1,40,7,1984,1,21,-1,1,-1
2015555997879,1,9,0,18,0,0,0,0,1,4,1,1,6,1,39,7,1360,1,12,-1,1,-1
2015555997884,1,9,0,2,0,1,0,0,0,0,4,1,6,1,90,11,1086,1,8,-1,1,-1
2015555997887,1,9,0,18,0,0,0,0,0,0,1,1,6,1,27,6,2987,2,6,-1,1,-1
2015555997891,1,2,0,14,0,0,0,0,0,0,1,1,6,2,16,4,50,1,-1,-1,1,-1
2015555997891,2,9,0,3,0,0,0,0,0,0,1,1,6,1,58,9,1686,2,4,-1,1,-1
2015555997891,3,9,0,3,0,0,0,0,0,0,0,1,1,2,45,7,1896,2,13,-1,1,-1
2015555997896,1,9,0,18,0,0,0,0,1,4,1,1,6,1,29,6,1396,1,15,-1,1,-1
2015555997901,1,9,0,5,0,4,0,0,0,0,3,1,6,1,30,6,1799,1,10,-1,1,-1
2015555997901,2,1,0,18,0,8,0,0,0,0,1,1,6,1,70,10,-1,-1,-1,-1,1,-1
2015555997905,1,9,0,18,0,0,0,0,4,6,3,1,6,1,23,5,1799,1,8,-1,1,-1
2015555997908,1,9,0,4,0,1,0,0,0,0,2,1,6,1,39,7,1997,2,7,-1,1,-1
2015555997908,2,9,0,18,0,1,0,0,0,0,1,1,6,1,28,6,-1,-1,-1,-1,1,-1
2015555997912,1,9,0,4,0,1,0,0,0,0,2,1,1,2,24,5,1149,1,8,-1,1,-1
2015555997912,2,9,0,4,0,1,0,0,0,0,1,1,6,2,56,9,1390,1,15,-1,1,-1
2015555997916,1,9,0,18,0,8,0,0,0,0,4,1,1,1,34,6,1686,2,2,-1,3,-1
2015555997916,2,9,0,18,0,4,0,0,0,0,1,1,6,1,91,11,-1,-1,-1,-1,1,-1
2015555997920,1,9,0,16,0,1,0,0,1,10,1,1,6,1,32,6,1398,2,11,-1,1,-1
2015555997923,1,9,0,5,0,6,0,0,0,0,1,1,6,1,46,8,1870,2,8,-1,1,-1
2015555997923,2,1,0,18,0,8,0,0,0,0,4,1,6,1,74,10,-1,-1,-1,-1,1,-1
2015555997927,1,9,0,7,0,2,0,0,0,0,1,1,6,1,52,8,1896,2,11,-1,1,-1
2015555997927,2,1,0,18,0,1,0,0,0,0,1,1,6,1,37,7,-1,-1,-1,-1,1,-1
2015555997931,1,9,0,7,9,1,0,0,1,10,4,1,6,3,-1,-1,-1,-1,-1,-1,-1,-1
2015555997934,1,5,0,16,0,0,1,0,0,0,0,1,2,1,33,6,487,1,14,-1,1,-1
2015555997934,2,8,0,6,0,0,0,0,0,0,0,1,6,1,49,8,1598,2,5,-1,1,-1
2015555997938,1,1,0,18,0,8,0,0,0,0,1,1,2,1,47,8,-1,-1,-1,-1,1,-1
2015555997938,2,8,0,18,0,4,0,0,0,0,1,1,2,1,64,9,1686,2,4,-1,1,-1
2015555997942,1,9,0,18,0,0,0,0,0,0,1,1,6,1,24,5,1796,1,13,-1,1,-1
2015555997945,1,11,0,5,0,0,0,0,0,0,4,1,6,1,51,8,4461,2,1,-1,1,-1
2015555997948,1,9,0,4,0,0,0,0,0,0,1,1,6,1,29,6,1870,2,15,-1,1,-1
2015555997948,2,9,0,3,0,0,0,0,0,0,2,1,6,1,45,7,1995,2,4,-1,1,-1
2015555997952,1,11,0,5,0,1,0,0,0,0,0,1,1,1,41,7,4461,2,2,-1,1,-1
2015555997955,1,9,0,14,0,0,0,0,0,0,4,1,6,1,70,10,1994,2,13,-1,1,-1
2015555997955,2,11,0,3,0,0,0,0,0,0,0,1,1,1,56,9,7300,2,11,-1,1,-1
2015555997959,1,8,0,17,0,0,0,0,0,0,1,1,6,2,56,9,1753,2,5,-1,1,-1
2015555997963,1,9,0,9,0,8,0,0,0,0,1,1,6,2,17,4,-1,-1,-1,-1,1,-1
2015555997963,2,9,0,18,0,8,0,0,0,0,1,1,6,1,35,6,1900,2,11,-1,1,-1
2015555997969,1,9,0,5,0,4,0,0,0,0,1,1,6,2,20,4,1108,1,12,-1,2,-1
2015555997969,2,3,0,4,0,4,0,0,0,0,2,1,6,2,26,6,124,1,14,-1,1,-1
2015555997973,1,9,0,18,0,0,0,0,0,0,1,1,6,1,82,11,998,1,21,-1,1,-1
2015555997976,1,9,0,9,0,8,0,0,0,0,4,1,6,1,85,11,-1,-1,-1,-1,1,-1
2015555997976,2,3,0,5,0,8,0,0,0,0,4,1,6,1,29,6,124,1,2,-1,1,-1
2015555997980,1,9,0,17,0,0,0,0,1,10,1,1,6,2,25,5,1388,1,12,-1,1,-1
2015555997983,1,9,0,16,0,0,0,0,1,2,1,1,6,1,77,11,-1,-1,-1,-1,1,-1
2015555997988,1,9,0,18,0,1,0,7,0,0,1,1,6,1,81,11,1997,2,4,-1,1,-1
2015555997991,1,9,0,18,0,3,0,0,0,0,4,1,6,2,48,8,1598,2,-1,-1,1,-1
2015555997991,2,9,0,18,0,3,0,0,0,0,3,1,6,2,62,9,1299,1,14,-1,1,-1
2015555997995,1,11,0,16,0,0,0,0,0,0,1,1,1,1,22,5,7300,2,12,-1,1,-1
2015555997998,1,3,0,18,0,8,0,0,0,0,1,1,2,1,24,5,125,1,2,-1,3,-1
2015555997998,2,9,0,9,0,8,0,0,0,0,1,1,1,1,34,6,1598,1,9,-1,-1,-1
2015555998002,1,9,0,18,0,2,0,0,7,10,1,1,6,2,17,4,-1,-1,-1,-1,1,-1
2015555998005,1,9,0,9,0,1,0,0,0,0,2,1,6,2,23,5,-1,-1,-1,-1,1,-1
2015555998005,2,5,0,18,0,1,1,0,0,0,2,1,6,1,20,4,918,1,17,-1,1,-1
2015555998009,1,9,0,5,0,6,0,0,0,0,1,1,6,1,33,6,-1,-1,-1,-1,-1,-1
2015555998009,2,3,0,18,0,8,0,0,0,0,1,1,6,1,22,5,124,1,3,-1,1,-1
2015555998013,1,9,0,4,0,0,0,0,0,0,1,1,6,1,22,5,1229,1,9,-1,1,-1
2015555998013,2,9,0,3,0,0,0,0,0,0,2,1,6,1,18,4,1198,1,13,-1,1,-1
2015555998013,3,9,0,3,0,0,0,0,0,0,2,1,6,2,29,6,1240,1,6,-1,1,-1
2015555998019,1,9,0,9,0,8,0,0,0,0,3,1,6,1,30,6,1798,1,1,-1,1,-1
2015555998019,2,3,0,13,0,8,0,0,0,0,4,1,6,1,51,8,124,1,26,-1,1,-1
2015555998023,1,9,0,5,0,8,0,0,0,0,4,1,6,2,80,11,-1,-1,-1,-1,1,-1
2015555998023,2,9,0,18,0,8,0,0,0,0,1,1,6,2,59,9,1560,2,1,-1,1,-1
2015555998023,3,9,0,10,0,1,0,0,0,0,3,1,6,1,28,6,1753,2,13,-1,1,-1
2015555998028,1,9,0,9,0,6,0,0,0,0,0,1,6,1,55,8,-1,-1,-1,-1,1,-1
2015555998028,2,1,0,18,0,8,0,0,0,0,0,1,6,1,19,4,-1,-1,-1,-1,1,-1
2015555998032,1,8,0,14,0,0,0,0,0,0,0,1,1,3,-1,-1,-1,-1,-1,-1,-1,-1
2015555998032,2,3,0,18,0,0,0,0,0,0,0,1,6,1,28,6,124,1,4,-1,1,-1
2015555998036,1,9,0,18,0,2,0,0,0,0,1,1,6,1,-1,-1,1781,1,14,-1,-1,-1
2015555998036,2,9,0,4,0,2,0,0,0,0,2,1,6,1,20,4,1198,1,13,-1,1,-1
2015555998040,1,9,0,18,0,8,0,7,7,10,4,1,6,1,25,5,1124,1,15,-1,1,-1
2015555998044,1,9,0,7,0,6,0,0,0,0,3,1,6,1,82,11,1229,1,7,-1,1,-1
2015555998044,2,4,0,14,0,8,0,0,0,0,1,1,6,1,23,5,124,1,13,-1,1,-1
2015555998048,1,11,0,4,0,2,0,0,0,0,0,1,1,1,28,6,7300,2,11,-1,1,-1
2015555998054,1,1,0,18,4,8,0,0,0,0,1,1,6,1,43,7,-1,-1,-1,-1,1,-1
2015555998054,2,9,0,9,0,8,0,0,0,0,4,1,6,1,35,6,1985,1,15,-1,1,-1
2015555998058,1,9,0,18,0,0,0,4,0,0,4,1,6,1,29,6,1968,2,2,-1,1,-1
2015555998058,2,9,0,2,0,0,0,0,0,0,3,1,6,3,-1,-1,1995,2,10,-1,-1,-1
2015555998062,1,9,0,9,0,6,0,0,0,0,1,1,6,2,48,8,1997,1,8,-1,1,-1
2015555998062,2,1,0,7,0,6,0,0,0,0,2,1,2,2,30,6,-1,-1,-1,-1,1,-1
2015555998066,1,9,0,9,4,5,0,0,0,0,1,1,2,2,31,6,1149,1,4,-1,1,-1
2015555998066,2,1,0,18,4,8,0,0,0,0,1,1,2,1,26,6,-1,-1,-1,-1,1,-1
2015555998066,3,19,0,3,0,1,0,0,0,0,0,1,6,1,33,6,1598,2,-1,-1,1,-1
2015555998071,1,9,0,9,0,6,0,0,0,0,1,1,1,1,44,7,-1,-1,-1,-1,1,-1
2015555998074,1,19,0,18,0,8,0,0,0,0,4,1,6,1,69,10,2461,2,11,-1,3,-1
2015555998074,2,1,0,9,0,8,0,0,0,0,3,1,6,1,26,6,-1,-1,-1,-1,1,-1
2015555998078,1,17,0,1,0,2,0,0,0,0,4,1,1,1,60,9,-1,-1,-1,-1,1,-1
2015555998078,2,21,0,2,0,2,0,0,0,0,0,1,6,3,-1,-1,8970,2,12,-1,-1,-1
2015555998082,1,9,0,18,0,8,0,0,0,0,0,1,6,2,30,6,1396,1,6,-1,1,-1
2015555998082,2,9,0,5,0,6,0,0,0,0,3,1,6,2,75,10,1240,1,6,-1,-1,-1
2015555998086,1,1,0,18,5,8,0,0,0,0,1,1,6,1,20,4,-1,-1,-1,-1,1,-1
2015555998086,2,9,0,7,5,5,0,0,0,0,3,1,6,1,28,6,1242,1,13,-1,1,-1
2015555998090,1,9,0,1,0,1,0,0,0,0,2,1,6,1,34,6,1781,1,16,-1,1,-1
2015555998093,1,9,0,18,0,2,0,0,0,0,1,1,2,1,37,7,1997,2,12,-1,1,-1
2015555998096,1,8,0,9,0,2,0,0,0,0,1,1,6,1,65,9,1896,2,7,-1,1,-1
2015555998099,1,9,0,18,0,0,0,0,0,0,4,1,6,1,33,6,-1,-1,-1,-1,-1,-1
2015555998099,2,1,0,18,0,0,0,0,0,0,3,1,6,2,25,5,-1,-1,-1,-1,1,-1
2015555998103,1,9,0,18,0,4,0,0,0,0,1,1,6,2,19,4,1360,1,12,-1,1,-1
2015555998103,2,9,0,18,0,3,0,0,0,0,4,1,6,2,53,8,-1,-1,-1,-1,1,-1
2015555998109,1,9,0,18,0,0,0,0,0,0,1,1,6,2,33,6,1299,1,14,-1,1,-1
2015555998109,2,9,0,4,0,0,0,0,0,0,2,1,6,1,56,9,-1,-1,-1,-1,1,-1
2015555998115,1,9,0,18,0,0,0,0,0,0,1,1,2,1,32,6,1149,1,13,-1,3,-1
2015555998115,2,9,0,4,0,0,0,0,0,0,2,1,6,2,49,8,-1,-1,-1,-1,3,-1
2015555998115,3,9,0,4,0,0,0,0,0,0,2,1,1,1,31,6,2497,1,8,-1,1,-1
2015555998121,1,9,0,18,0,0,0,0,0,0,1,1,1,1,33,6,1149,1,13,-1,1,-1
2015555998124,1,9,0,18,0,8,0,0,0,0,4,1,6,2,34,6,1242,1,11,-1,1,-1
2015555998124,2,9,0,18,0,8,0,0,0,0,1,1,6,2,34,6,1398,2,12,-1,-1,-1
2015555998128,1,11,0,2,0,1,0,0,0,0,0,1,1,1,26,6,6374,2,6,-1,1,-1
2015555998131,1,9,0,3,0,7,0,0,0,0,2,1,2,2,35,6,1590,1,13,-1,1,-1
2015555998131,2,9,0,4,0,7,0,0,0,0,1,1,2,2,53,8,-1,-1,-1,-1,1,-1
2015555998135,1,20,0,11,0,0,0,0,0,0,1,1,6,1,35,6,-1,-1,-1,-1,3,-1
2015555998135,2,9,0,18,0,0,0,0,5,6,2,1,6,2,37,7,-1,-1,-1,-1,1,-1
2015555998142,1,9,0,18,0,8,0,0,0,0,0,1,6,2,35,6,1896,2,9,-1,1,-1
2015555998142,2,5,0,18,0,7,0,0,0,0,4,1,6,1,20,4,599,1,11,-1,1,-1
2015555998146,1,11,0,18,0,0,0,0,0,0,0,1,1,1,41,7,7300,2,14,-1,1,-1
2015555998149,1,9,0,5,0,6,0,0,0,0,3,1,6,2,34,6,1328,1,14,-1,1,-1
2015555998149,2,1,0,18,0,8,0,0,0,0,1,1,6,1,51,8,-1,-1,-1,-1,1,-1
2015555998153,1,9,0,5,0,1,0,0,0,0,1,1,6,3,-1,-1,-1,-1,-1,-1,-1,-1
2015555998153,2,1,0,18,0,2,0,0,0,0,1,1,6,2,27,6,-1,-1,-1,-1,1,-1
2015555998157,1,9,0,4,0,0,0,0,0,0,1,1,6,2,46,8,1997,1,12,-1,1,-1
2015555998157,2,9,0,4,0,0,0,0,0,0,2,1,6,2,44,7,1390,1,14,-1,1,-1
2015555998162,1,19,0,3,0,2,0,0,0,0,2,1,6,1,36,7,1461,2,11,-1,1,-1
2015555998162,2,9,0,5,0,2,0,0,0,0,1,1,6,2,33,6,1582,2,8,-1,-1,-1
2015555998166,1,9,0,9,0,6,0,0,0,0,1,1,6,1,27,6,1124,1,12,-1,1,-1
2015555998166,2,2,0,18,0,8,0,0,0,0,4,1,6,1,47,8,49,1,3,-1,1,-1
2015555998170,1,9,0,5,0,6,0,0,0,0,1,1,6,1,33,6,-1,-1,-1,-1,-1,-1
2015555998170,2,1,0,18,0,8,0,0,0,0,4,1,6,2,31,6,-1,-1,-1,-1,1,-1
2015555998174,1,9,0,9,0,5,0,0,0,0,3,1,6,2,17,4,1296,1,8,-1,1,-1
2015555998174,2,9,0,18,0,8,0,0,0,0,3,1,6,2,49,8,1390,1,6,-1,1,-1
2015555998178,1,9,0,7,0,5,0,0,0,0,2,1,1,2,24,5,1390,1,10,-1,1,-1
2015555998178,2,9,0,18,0,1,1,0,0,0,1,1,6,1,28,6,1598,1,7,-1,1,-1
2015555998182,1,9,0,7,0,5,0,0,0,0,4,1,6,2,44,7,999,1,2,-1,1,-1
2015555998185,1,9,0,9,0,8,0,0,0,0,3,1,6,1,42,7,1596,1,11,-1,1,-1
2015555998185,2,5,0,13,0,1,0,0,0,0,4,1,6,1,30,6,998,1,9,-1,1,-1
2015555998189,1,9,0,18,0,2,0,0,1,10,4,1,1,1,62,9,1560,2,6,-1,1,-1
2015555998192,1,19,0,5,0,4,0,0,0,0,1,1,1,1,50,8,1870,2,10,-1,1,-1
2015555998192,2,1,0,7,0,8,0,0,0,0,4,1,2,2,39,7,-1,-1,-1,-1,1,-1
2015555998196,1,1,0,9,0,6,0,0,0,0,2,1,1,2,43,7,-1,-1,-1,-1,1,-1
2015555998196,2,8,0,5,0,1,0,0,0,0,1,1,1,1,49,8,1997,2,6,-1,1,-1
2015555998200,1,9,0,5,0,1,0,0,0,0,4,1,6,2,45,7,2184,2,5,-1,1,-1
2015555998200,2,9,0,3,0,1,0,0,0,0,3,1,6,1,68,10,1598,1,7,-1,1,-1
2015555998200,3,11,0,3,0,1,0,0,0,0,0,1,1,1,33,6,9000,2,5,-1,1,-1
2015555998205,1,3,0,18,0,0,0,10,7,10,1,1,6,1,18,4,89,1,21,-1,1,-1
2015555998208,1,1,0,18,0,1,0,0,0,0,0,1,2,1,23,5,-1,-1,-1,-1,1,-1
2015555998211,1,9,0,9,0,2,0,0,0,0,4,1,6,1,61,9,1390,1,1,-1,1,-1
2015555998214,1,9,0,18,0,8,0,0,0,0,1,1,3,2,71,10,1598,1,5,-1,1,-1
2015555998214,2,3,0,18,0,8,0,0,0,0,3,1,6,1,17,4,124,2,10,-1,1,-1
2015555998214,3,90,0,10,0,1,0,0,0,0,2,1,6,2,43,7,-1,-1,-1,-1,1,-1
2015555998219,1,9,0,9,0,8,0,0,0,0,1,1,3,1,38,7,1390,1,8,-1,1,-1
2015555998219,2,9,0,18,0,8,0,0,0,0,1,1,2,2,31,6,1587,1,8,-1,1,-1
2015555998223,1,9,0,7,0,1,0,0,1,1,3,1,6,2,44,7,-1,-1,-1,-1,1,-1
2015555998223,2,21,0,16,0,1,0,0,0,0,4,1,1,1,48,8,9200,2,8,-1,1,-1
2015555998227,1,9,0,7,0,6,0,0,0,0,1,1,6,1,22,5,1199,1,14,-1,1,-1
2015555998227,2,9,0,18,0,8,0,0,0,0,4,1,6,2,39,7,1197,1,3,-1,1,-1
2015555998227,3,19,0,2,0,2,0,0,0,0,0,1,6,3,-1,-1,2400,2,11,-1,-1,-1
2015555998227,4,9,0,2,0,2,0,0,0,0,3,1,6,3,-1,-1,1988,1,15,-1,-1,-1
2015555998233,1,9,0,2,0,0,0,0,0,0,3,1,6,2,51,8,1995,2,10,-1,1,-1
2015555998233,2,1,0,18,0,0,0,0,0,0,1,1,6,1,43,7,-1,-1,-1,-1,1,-1
2015555998237,1,8,0,6,0,0,0,0,7,10,4,1,1,1,31,6,1998,2,5,-1,1,-1
2015555998237,2,9,0,18,0,0,0,0,0,0,1,1,6,2,19,4,1390,1,14,-1,1,-1
2015555998243,1,9,0,18,0,8,0,0,0,0,1,1,6,2,18,4,-1,-1,-1,-1,1,-1
2015555998243,2,9,0,18,0,8,0,0,0,0,1,1,1,1,51,8,1560,2,4,-1,1,-1
2015555998248,1,9,0,9,0,8,0,0,0,0,1,1,6,3,-1,-1,1598,1,6,-1,-1,-1
2015555998248,2,9,0,18,0,8,0,0,0,0,1,1,6,1,47,8,-1,-1,-1,-1,1,-1
2015555998252,1,3,0,18,0,8,0,0,0,0,3,1,6,1,19,4,125,1,14,-1,1,-1
2015555998252,2,19,0,9,0,6,0,0,0,0,1,1,6,3,-1,-1,-1,-1,-1,-1,-1,-1
2015555998256,1,8,0,18,0,8,0,0,0,0,4,1,1,1,40,7,1998,2,5,-1,1,-1
2015555998260,1,9,0,16,0,0,5,10,7,2,1,1,6,1,33,6,1781,1,13,-1,1,-1
2015555998263,1,9,0,18,0,6,0,0,0,0,0,1,6,3,-1,-1,-1,-1,-1,-1,-1,-1
2015555998263,2,11,0,18,0,1,0,0,0,0,0,1,1,1,36,7,4461,2,1,-1,1,-1
2015555998267,1,9,0,9,0,8,0,0,0,0,1,1,6,2,60,9,1390,1,2,-1,1,-1
2015555998267,2,9,0,18,0,8,0,0,0,0,4,1,6,1,74,10,-1,-1,-1,-1,1,-1
2015555998271,1,9,0,18,0,0,0,0,0,0,1,1,6,1,24,5,1390,1,13,-1,1,-1
2015555998271,2,9,0,3,0,0,0,0,0,0,2,1,6,1,42,7,1497,8,9,-1,1,-1
2015555998275,1,9,0,18,0,0,1,0,0,0,1,1,6,1,42,7,3490,1,12,-1,1,-1
2015555998275,2,9,0,18,0,0,0,0,0,0,1,1,6,1,29,6,1896,2,13,-1,1,-1
2015555998282,1,9,0,18,0,6,0,0,0,0,1,1,2,1,58,9,1596,1,11,-1,1,-1
2015555998282,2,9,0,18,0,8,0,0,1,4,1,1,6,1,86,11,1992,2,8,-1,1,-1
2015555998288,1,11,0,2,0,0,0,0,0,0,0,1,1,2,41,7,7300,2,13,-1,1,-1
2015555998291,1,9,0,6,0,8,0,0,0,0,3,1,6,1,30,6,-1,-1,-1,-1,1,-1
2015555998291,2,2,0,16,0,8,0,0,0,0,1,1,6,1,19,4,49,1,8,-1,1,-1
2015555998295,1,9,0,18,0,1,0,0,0,0,1,1,6,1,28,6,2494,1,24,-1,1,-1
2015555998295,2,5,0,3,0,1,0,0,0,0,2,1,6,1,25,5,599,1,10,-1,1,-1
2015555998299,1,9,0,5,8,0,0,0,0,0,3,1,6,2,68,10,1794,1,14,-1,2,-1
2015555998299,2,9,0,18,0,0,0,0,0,0,4,1,6,1,24,5,2179,2,1,-1,1,-1
2015555998303,1,9,0,9,0,6,0,0,0,0,1,1,6,2,19,4,1124,1,12,-1,1,-1
2015555998303,2,9,0,18,0,8,0,0,0,0,1,1,6,1,25,5,1598,1,12,-1,1,-1
2015555998307,1,9,0,9,0,6,0,0,0,0,4,1,2,2,27,6,1198,1,10,-1,1,-1
2015555998307,2,4,0,14,0,8,0,0,0,0,4,1,2,2,30,6,264,1,11,-1,1,-1
2015555998311,1,9,0,18,0,2,0,0,0,0,3,1,6,3,-1,-1,-1,-1,-1,-1,-1,-1
2015555998311,2,9,0,18,0,1,0,0,0,0,3,1,6,2,47,8,1499,1,1,-1,1,-1
2015555998315,1,9,0,9,0,5,0,0,0,0,1,1,6,2,18,4,1124,1,14,-1,1,-1
2015555998318,1,9,0,18,0,0,0,0,0,0,1,1,6,3,-1,-1,1794,1,9,-1,-1,-1
2015555998318,2,9,0,18,0,0,0,0,0,0,1,1,6,2,58,9,2792,1,20,-1,1,-1
2015555998322,1,9,0,3,0,0,0,0,0,0,2,1,6,2,30,6,1596,1,14,-1,1,-1
2015555998322,2,19,0,18,0,0,0,0,0,0,1,1,6,3,33,6,1995,2,7,-1,-1,-1
2015555998322,3,9,0,3,0,0,0,0,0,0,2,1,6,3,33,6,-1,-1,-1,-1,-1,-1
2015555998327,1,1,0,18,0,0,0,0,0,0,1,1,2,1,32,6,-1,-1,-1,-1,1,-1
2015555998327,2,9,0,16,0,0,0,0,0,0,4,1,2,1,24,5,1389,1,17,-1,3,-1
2015555998331,1,19,0,18,0,0,0,0,0,0,1,1,6,3,-1,-1,2402,2,7,-1,-1,-1
2015555998331,2,9,0,1,0,0,0,0,0,0,2,1,6,1,27,6,2993,2,7,-1,1,-1
2015555998335,1,9,0,18,0,1,0,0,0,0,1,1,6,2,49,8,1598,1,14,-1,1,-1