Accident_Index,Vehicle_Reference,Vehicle_Type,Towing_and_Articulation,Vehicle_Manoeuvre,Vehicle_Location-Restricted_Lane,Junction_Location,Skidding_and_Overturning,Hit_Object_in_Carriageway,Vehicle_Leaving_Carriageway,Hit_Object_off_Carriageway,1st_Point_of_Impact,Was_Vehicle_Left_Hand_Drive?,Journey_Purpose_of_Driver,Sex_of_Driver,Age_of_Driver,Age_Band_of_Driver,Engine_Capacity_(CC),Propulsion_Code,Age_of_Vehicle,Driver_IMD_Decile,Driver_Home_Area_Type,Vehicle_IMD_Decile
2015555998892,2,9,0,18,0,3,0,0,0,0,1,1,2,1,50,8,-1,-1,-1,-1,3,-1
2015555998897,1,9,0,18,0,0,0,0,0,0,1,1,6,2,23,5,-1,-1,-1,-1,2,-1
2015555998897,2,9,0,18,0,0,0,0,0,0,2,1,2,1,20,4,1398,2,9,-1,2,-1
2015555998901,1,9,0,9,0,6,0,0,0,0,1,1,6,1,23,5,1200,1,1,-1,1,-1
2015555998901,2,3,0,18,0,8,0,0,0,0,1,1,2,1,43,7,124,1,4,-1,1,-1
2015555998905,1,9,0,18,0,0,0,0,0,0,0,1,6,3,-1,-1,-1,-1,-1,-1,-1,-1
2015555998905,2,16,0,18,0,0,0,0,0,0,0,1,6,1,71,10,-1,-1,-1,-1,2,-1
2015555998909,1,9,0,18,0,0,2,10,7,10,4,1,1,1,53,8,-1,-1,-1,-1,2,-1
2015555998913,1,9,0,3,0,1,0,0,0,0,2,1,1,1,49,8,1560,2,6,-1,3,-1
2015555998913,2,9,0,5,0,1,0,0,0,0,1,1,6,2,57,9,2993,2,5,-1,3,-1
2015555998917,1,9,0,18,0,0,5,4,0,0,1,1,6,2,64,9,1108,1,6,-1,2,-1
2015555998917,2,9,0,2,0,0,0,0,0,0,2,1,6,3,-1,-1,2179,2,12,-1,-1,-1
2015555998921,1,9,0,4,0,0,0,0,0,0,2,1,6,2,62,9,1598,1,5,-1,1,-1
2015555998921,2,9,0,18,0,0,0,0,0,0,1,1,6,1,18,4,1199,1,13,-1,1,-1
2015555998925,1,9,0,18,0,0,0,0,0,0,1,1,6,2,51,8,2435,1,16,-1,1,-1
2015555998928,1,9,0,18,0,0,1,0,0,0,4,1,6,2,44,7,1364,1,6,-1,1,-1
2015555998928,2,9,0,12,0,0,0,0,0,0,1,1,6,1,76,11,-1,-1,-1,-1,3,-1
2015555998928,3,9,0,18,0,0,0,0,0,0,3,1,6,1,75,10,1998,2,8,-1,3,-1
2015555998937,1,9,0,17,0,0,0,0,7,4,1,1,6,1,76,11,1591,1,1,-1,1,-1
2015555998940,1,9,0,18,0,0,0,0,0,0,1,1,6,1,62,9,1108,1,13,-1,3,-1
2015555998940,2,1,0,18,0,0,0,0,0,0,2,1,2,1,46,8,-1,-1,-1,-1,1,-1
2015555998945,1,9,0,18,0,0,0,0,0,0,1,1,6,1,30,6,1598,1,3,-1,1,-1
2015555998945,2,9,0,4,0,0,0,0,0,0,2,1,6,2,51,8,1596,1,12,-1,1,-1
2015555998945,3,9,0,4,0,0,0,0,0,0,2,1,6,2,59,9,1248,1,1,-1,3,-1
2015555998952,1,9,0,18,0,0,0,0,0,0,1,1,3,1,39,7,1242,1,3,-1,2,-1
2015555998955,1,9,0,18,0,0,0,0,7,3,1,1,6,2,27,6,1968,2,3,-1,3,-1
2015555998955,2,9,0,2,0,0,0,0,7,10,1,1,6,3,-1,-1,1968,2,5,-1,-1,-1
2015555998959,1,9,0,9,0,6,0,0,0,0,1,1,6,2,36,7,2000,2,10,-1,3,-1
2015555998959,2,9,0,18,0,8,5,0,0,0,4,1,6,2,44,7,-1,-1,-1,-1,1,-1
2015555998963,1,2,0,18,0,2,1,0,0,0,3,1,6,1,17,4,-1,-1,-1,-1,3,-1
2015555998967,1,19,0,18,0,0,0,0,1,4,1,1,6,1,31,6,2143,2,3,-1,1,-1
2015555998970,1,20,0,18,0,0,0,0,0,0,1,1,6,1,47,8,6693,2,2,-1,3,-1
2015555998970,2,9,0,4,0,0,0,0,0,0,2,1,6,2,61,9,1395,1,1,-1,3,-1
2015555998970,3,9,0,18,0,0,0,0,0,0,0,1,1,1,28,6,1753,2,4,-1,1,-1
2015555998975,1,9,0,9,0,2,0,0,0,0,1,1,2,2,41,7,1910,2,9,-1,1,-1
2015555998978,1,2,0,5,0,2,0,0,0,0,1,1,3,1,16,4,49,1,10,-1,1,-1
2015555998981,1,9,0,18,0,0,0,0,0,0,1,1,6,3,-1,-1,1497,1,11,-1,-1,-1
2015555998984,1,9,0,18,0,8,1,11,7,10,1,1,1,1,23,5,-1,-1,-1,-1,1,-1
2015555998987,1,9,0,18,0,0,0,0,0,0,1,1,6,2,51,8,1995,1,9,-1,1,-1
2015555998987,2,9,0,3,0,0,0,0,0,0,2,1,6,2,62,9,3000,1,17,-1,1,-1
2015555998987,3,9,0,3,0,0,0,0,0,0,2,1,6,2,67,10,2184,2,9,-1,1,-1
2015555998987,4,9,0,3,0,0,0,0,0,0,2,1,6,1,42,7,1398,1,10,-1,1,-1
2015555998996,1,21,1,9,0,6,0,0,0,0,3,1,1,1,41,7,10837,2,5,-1,3,-1
2015555998996,2,9,0,17,0,1,0,0,0,0,1,1,6,1,66,10,-1,-1,-1,-1,1,-1
2015555999000,1,9,0,18,0,0,0,0,0,0,1,1,6,2,40,7,1984,1,14,-1,1,-1
2015555999000,2,9,0,18,0,0,0,0,0,0,2,1,6,2,52,8,2494,1,12,-1,3,-1
2015555999005,1,9,0,17,0,0,0,0,8,4,1,1,6,2,19,4,-1,-1,-1,-1,1,-1
2015555999008,1,19,0,1,0,0,0,0,0,0,2,1,1,1,26,6,2198,2,6,-1,3,-1
2015555999011,1,3,0,13,0,1,0,0,1,10,1,1,6,1,18,4,124,1,8,-1,1,-1
2015555999011,2,9,0,9,0,1,0,0,0,0,3,1,2,1,44,7,1998,1,12,-1,1,-1
2015555999015,1,9,0,9,0,6,0,0,0,0,0,1,6,3,-1,-1,-1,-1,-1,-1,-1,-1
2015555999015,2,9,0,18,0,1,0,0,0,0,1,1,2,2,25,5,-1,-1,-1,-1,2,-1
2015555999019,1,9,0,18,0,0,1,0,7,4,1,1,2,1,28,6,-1,-1,-1,-1,2,-1
2015555999022,1,9,0,18,0,0,5,0,7,4,2,1,6,2,24,5,-1,-1,-1,-1,1,-1
2015555999025,1,9,0,17,0,0,2,0,8,10,1,1,6,1,25,5,-1,-1,-1,-1,2,-1
2015555999025,2,9,0,18,0,0,0,0,0,0,4,1,6,1,47,8,-1,-1,-1,-1,1,-1
2015555999029,1,9,0,18,0,0,5,0,1,3,1,1,6,2,19,4,1461,2,11,-1,3,-1
2015555999032,1,11,0,18,0,1,0,0,1,1,4,1,1,1,49,8,7300,2,11,-1,1,-1
2015555999035,1,9,0,17,0,1,0,0,1,10,3,1,6,1,24,5,1398,2,9,-1,3,-1
2015555999035,2,9,0,16,0,2,0,0,0,0,1,1,6,2,47,8,-1,-1,-1,-1,1,-1
2015555999039,1,9,0,18,0,1,0,0,0,0,1,1,6,1,19,4,-1,-1,-1,-1,3,-1
2015555999039,2,9,0,3,0,1,0,0,0,0,2,1,6,2,22,5,1560,2,2,-1,3,-1
2015555999039,3,9,0,3,0,1,0,0,0,0,2,1,6,1,25,5,1995,2,11,-1,1,-1
2015555999044,1,9,0,18,0,2,0,4,0,0,4,1,1,1,64,9,1984,1,13,-1,2,-1
2015555999044,2,9,0,2,0,2,0,0,0,0,2,1,6,3,-1,-1,2499,2,14,-1,-1,-1
2015555999049,1,9,0,18,0,0,1,0,7,4,1,1,6,2,25,5,1598,1,4,-1,2,-1
2015555999049,2,9,0,18,0,0,2,0,1,10,1,1,2,1,20,4,1242,1,3,-1,2,-1
2015555999049,3,9,0,18,0,0,1,10,1,0,1,1,2,1,67,10,1796,1,9,-1,-1,-1
2015555999049,4,9,0,18,0,0,1,0,0,0,2,1,6,2,50,8,1360,1,6,-1,2,-1
2015555999055,1,9,0,10,0,1,0,0,0,0,2,1,2,2,63,9,-1,-1,-1,-1,1,-1
2015555999055,2,9,0,18,0,1,0,0,0,0,1,1,2,2,22,5,-1,-1,-1,-1,2,-1
2015555999060,1,9,0,3,0,1,0,0,0,0,4,1,3,2,38,7,1198,1,2,-1,1,-1
2015555999060,2,9,0,9,0,6,0,0,0,0,1,1,6,2,62,9,1197,1,5,-1,1,-1
2015555999064,1,9,0,18,0,0,1,0,1,9,1,1,2,1,61,9,1753,2,9,-1,1,-1
2015555999064,2,19,0,18,0,0,1,0,7,9,3,1,1,1,22,5,2494,2,9,-1,3,-1
2015555999064,3,19,0,18,0,0,1,0,0,0,0,1,1,1,52,8,1998,2,11,-1,3,-1
2015555999064,4,9,0,18,0,0,0,0,0,0,3,1,1,2,33,6,-1,-1,-1,-1,1,-1
2015555999064,5,9,0,18,0,0,1,0,0,0,0,1,2,2,18,4,999,1,-1,-1,1,-1
2015555999064,6,19,0,18,0,0,2,0,0,0,3,1,1,1,34,6,-1,-1,-1,-1,1,-1
2015555999073,1,9,0,18,0,0,5,0,7,10,1,1,6,1,49,8,-1,-1,-1,-1,3,-1
2015555999076,1,9,0,18,0,0,0,0,0,0,0,1,6,3,-1,-1,-1,-1,-1,-1,-1,-1
2015555999076,2,9,0,18,0,0,0,0,1,10,1,1,6,1,79,11,1560,2,6,-1,2,-1
2015555999080,1,9,0,14,0,0,0,0,7,10,1,1,2,2,53,8,2179,2,7,-1,2,-1
2015555999080,2,19,0,6,0,0,0,0,0,0,1,1,2,1,20,4,2299,2,1,-1,1,-1
2015555999084,1,9,0,18,0,0,0,0,7,4,1,1,6,1,47,8,-1,-1,-1,-1,1,-1
2015555999084,2,9,0,4,0,0,0,0,0,0,2,1,6,2,68,10,998,1,9,-1,3,-1
2015555999088,1,5,0,13,0,0,0,0,1,10,1,1,6,1,56,9,1298,1,12,-1,3,-1
2015555999088,2,9,0,18,0,0,0,0,0,0,1,1,6,1,38,7,1995,2,13,-1,3,-1
2015555999088,3,19,0,18,0,0,0,0,0,0,3,1,1,1,50,8,-1,-1,-1,-1,3,-1
2015555999094,1,9,0,4,0,0,0,0,0,0,2,1,6,2,44,7,1896,2,13,-1,1,-1
2015555999094,2,9,0,4,0,0,0,0,0,0,2,1,6,2,29,6,1560,2,11,-1,1,-1
2015555999094,3,9,0,4,0,0,0,0,0,0,1,1,6,1,47,8,-1,-1,-1,-1,1,-1
2015555999100,1,9,0,12,0,0,0,0,0,0,0,1,6,1,32,6,-1,-1,-1,-1,1,-1
2015555999100,2,9,0,18,0,0,2,0,1,9,3,1,2,1,26,6,-1,-1,-1,-1,1,-1
2015555999104,1,9,0,5,0,4,0,0,3,1,2,1,6,2,54,8,1596,1,12,-1,1,-1
2015555999104,2,9,0,3,0,1,0,0,0,0,3,1,6,1,85,11,1332,1,8,-1,1,-1
2015555999104,3,9,0,18,0,1,0,0,0,0,1,1,6,1,47,8,-1,-1,-1,-1,1,-1
2015555999109,1,19,0,18,0,1,0,0,0,0,4,1,6,1,45,7,2198,2,8,-1,3,-1
2015555999112,1,9,0,16,0,0,0,0,7,4,1,1,6,1,18,4,-1,-1,-1,-1,1,-1
2015555999115,1,9,0,4,0,0,0,0,0,0,1,1,6,2,51,8,-1,-1,-1,-1,1,-1
2015555999115,2,9,0,4,0,0,0,0,0,0,2,1,6,2,57,9,2987,2,2,-1,3,-1
2015555999119,1,9,0,18,0,0,5,0,0,0,3,1,6,2,56,9,-1,-1,-1,-1,1,-1
2015555999119,2,9,0,18,0,0,0,0,0,0,1,1,6,3,-1,-1,998,1,15,-1,-1,-1
2015555999123,1,9,0,17,0,0,0,0,7,10,1,1,6,1,19,4,1368,1,6,-1,2,-1
2015555999126,1,9,0,17,0,0,5,12,7,4,1,1,6,1,22,5,1398,2,6,-1,1,-1
2015555999130,1,9,0,1,0,0,0,0,0,0,1,1,6,1,85,11,1198,1,1,-1,1,-1
2015555999133,1,9,0,7,0,4,0,0,0,0,1,1,6,1,83,11,1796,1,6,-1,3,-1
2015555999133,2,1,0,18,0,8,0,0,0,0,4,1,6,2,46,8,-1,-1,-1,-1,1,-1
2015555999137,1,9,0,17,0,0,5,0,0,0,4,1,6,1,26,6,-1,-1,-1,-1,3,-1
2015555999137,2,9,0,16,0,0,0,0,0,0,4,1,2,1,59,9,1598,1,6,-1,2,-1
2015555999141,1,9,0,18,0,0,5,0,7,10,3,1,6,1,24,5,-1,-1,-1,-1,2,-1
2015555999145,1,9,0,6,0,2,0,0,0,0,4,1,6,1,41,7,-1,-1,-1,-1,3,-1
2015555999145,2,9,0,13,0,2,0,0,0,0,1,1,2,1,36,7,1896,2,9,-1,2,-1
2015555999150,1,9,0,18,0,0,5,0,0,0,0,1,6,1,51,8,-1,-1,-1,-1,1,-1
2015555999153,1,9,0,9,0,8,0,0,0,0,4,1,6,2,70,10,1598,1,12,-1,3,-1
2015555999153,2,90,0,17,0,8,0,0,0,0,1,1,1,1,43,7,-1,-1,-1,-1,1,-1
2015555999158,1,9,0,18,0,6,0,0,0,0,4,1,6,1,33,6,-1,-1,-1,-1,1,-1
2015555999161,1,9,0,18,0,0,1,0,0,0,1,1,6,1,49,8,998,1,17,-1,1,-1
2015555999161,2,9,0,3,0,0,0,0,0,0,1,1,6,1,42,7,-1,-1,-1,-1,1,-1
2015555999168,1,9,0,18,0,0,0,4,0,0,1,1,6,1,26,6,1796,1,13,-1,-1,-1
2015555999168,2,9,0,2,0,0,0,0,0,0,1,1,6,3,-1,-1,-1,-1,-1,-1,-1,-1
2015555999168,3,9,0,2,0,0,0,0,0,0,1,1,6,3,-1,-1,-1,-1,-1,-1,-1,-1
2015555999173,1,11,0,18,0,0,0,4,0,0,1,1,6,1,38,7,9360,2,4,-1,1,-1
2015555999173,2,9,0,2,0,0,0,0,0,0,2,1,1,3,-1,-1,1753,2,5,-1,-1,-1
2015555999173,3,20,0,2,0,0,0,0,0,0,0,1,1,3,-1,-1,-1,-1,-1,-1,-1,-1
2015555999182,1,9,0,18,0,8,0,0,0,0,1,1,2,1,54,8,1796,1,11,-1,1,-1
2015555999182,2,9,0,18,0,8,0,0,0,0,1,1,6,1,60,9,2112,2,25,-1,1,-1
2015555999186,1,9,0,18,0,0,0,0,7,10,1,1,6,1,54,8,2171,1,14,-1,2,-1
2015555999189,1,9,0,5,0,6,0,0,0,0,1,1,6,1,55,8,1461,2,5,-1,2,-1
2015555999189,2,9,0,18,0,8,0,0,0,0,4,1,6,2,25,5,1400,1,15,-1,1,-1
2015555999195,1,9,0,6,0,0,0,0,0,0,3,1,6,2,26,6,-1,-1,-1,-1,1,-1
2015555999195,2,2,0,18,0,0,0,0,0,0,1,1,6,1,18,4,49,1,2,-1,1,-1
2015555999199,1,9,0,17,0,0,0,0,0,0,1,1,3,2,45,7,1598,1,14,-1,3,-1
2015555999199,2,9,0,2,0,0,0,0,0,0,2,1,6,3,-1,-1,1997,2,8,-1,-1,-1
2015555999203,1,9,0,4,0,1,1,0,0,0,4,1,1,2,70,10,2494,1,14,-1,1,-1
2015555999206,1,9,0,17,0,8,1,0,3,3,1,1,3,2,68,10,1398,1,2,-1,1,-1
2015555999210,1,9,0,18,0,0,1,0,1,4,1,1,2,1,34,6,1360,1,10,-1,1,-1
2015555999213,1,9,0,18,0,8,0,0,0,0,1,1,6,2,53,8,-1,-1,-1,-1,1,-1
2015555999213,2,9,0,10,0,8,0,0,0,0,1,1,6,2,40,7,-1,-1,-1,-1,3,-1
2015555999218,1,1,0,18,9,8,0,0,0,0,3,1,4,1,12,3,-1,-1,-1,-1,1,-1
2015555999218,2,9,0,7,9,5,0,0,0,0,1,1,6,3,-1,-1,-1,-1,-1,-1,-1,-1
2015555999222,1,9,0,18,0,0,0,0,0,0,1,1,6,1,44,7,1896,2,14,-1,1,-1
2015555999222,2,9,0,4,0,0,0,0,0,0,2,1,2,2,26,6,1796,1,10,-1,1,-1
2015555999226,1,19,0,9,0,8,5,0,1,10,3,1,6,1,40,7,-1,-1,-1,-1,1,-1
2015555999226,2,17,0,18,0,8,5,0,0,0,3,1,1,1,30,6,-1,2,2,-1,3,-1
2015555999230,1,2,0,18,0,0,0,0,0,0,4,1,6,1,17,4,49,1,16,-1,3,-1
2015555999233,1,21,0,18,0,0,0,0,0,0,0,1,1,3,-1,-1,-1,-1,-1,-1,-1,-1
2015555999233,2,21,1,4,0,0,0,0,0,0,2,1,1,1,57,9,10518,2,8,-1,1,-1
2015555999233,3,9,5,4,0,0,1,0,0,0,1,1,1,1,52,8,-1,-1,-1,-1,1,-1
2015555999238,1,9,0,4,0,1,1,0,0,0,1,1,6,1,19,4,1390,1,18,-1,1,-1
2015555999238,2,9,0,18,0,1,0,0,0,0,1,1,2,2,48,8,-1,-1,-1,-1,3,-1
2015555999243,1,9,0,18,0,1,0,0,0,0,1,1,6,2,48,8,1598,1,3,-1,2,-1
2015555999246,1,9,0,5,0,7,0,0,0,0,1,1,6,2,36,7,3498,1,17,-1,1,-1
2015555999246,2,9,0,5,0,7,0,0,0,0,2,1,6,1,26,6,-1,-1,-1,-1,1,-1
2015555999250,1,11,0,5,0,4,0,0,0,0,0,1,1,1,21,5,-1,-1,-1,-1,1,-1
2015555999253,1,9,0,18,0,0,0,0,0,0,1,1,6,1,19,4,1242,1,8,-1,1,-1
2015555999253,2,16,0,18,0,0,0,0,0,0,2,1,6,2,24,5,-1,-1,-1,-1,1,-1
2015555999257,1,9,0,5,0,8,0,0,0,0,1,1,1,1,31,6,-1,-1,-1,-1,1,-1
2015555999257,2,3,0,18,0,8,0,0,0,0,2,1,2,2,44,7,124,1,6,-1,2,-1
2015555999261,1,9,0,5,0,0,0,11,0,0,1,1,6,1,71,10,-1,-1,-1,-1,1,-1
2015555999264,1,9,0,16,0,0,2,0,8,10,1,1,6,1,36,7,1870,2,10,-1,3,-1
2015555999267,1,9,0,16,0,0,0,0,0,0,1,1,6,2,22,5,-1,-1,-1,-1,2,-1
2015555999267,2,9,0,4,0,0,0,0,0,0,2,1,6,1,35,6,1587,1,11,-1,3,-1
2015555999271,1,9,0,18,0,0,5,0,7,4,1,1,6,2,54,8,-1,-1,-1,-1,1,-1
2015555999274,1,9,0,18,0,0,0,4,0,0,1,1,6,2,74,10,1461,2,-1,-1,3,-1
2015555999274,2,9,0,2,0,0,0,0,0,0,2,1,6,3,-1,-1,-1,-1,-1,-1,-1,-1
2015555999278,1,9,0,5,0,8,0,0,0,0,1,1,2,1,50,8,1598,2,2,-1,1,-1
2015555999278,2,5,0,18,0,8,0,0,0,0,4,1,2,1,41,7,997,1,25,-1,1,-1
2015555999282,1,9,0,6,0,0,0,0,0,0,3,1,6,1,60,9,1834,1,14,-1,1,-1
2015555999282,2,1,0,18,0,0,0,0,0,0,1,1,6,1,38,7,-1,-1,-1,-1,1,-1
2015555999286,1,9,0,9,0,8,0,0,0,0,3,1,6,2,45,7,3456,8,6,-1,3,-1
2015555999286,2,5,0,18,0,8,0,0,0,0,1,1,6,1,42,7,955,1,17,-1,1,-1
2015555999290,1,5,0,7,0,5,0,0,0,0,4,1,6,1,21,5,599,1,18,-1,2,-1
2015555999293,1,9,0,18,0,0,0,0,0,0,1,1,2,2,59,9,-1,-1,-1,-1,1,-1
2015555999293,2,20,0,4,0,0,0,0,0,0,2,1,6,1,57,9,2998,2,9,-1,1,-1
2015555999297,1,1,0,18,0,0,0,0,0,0,1,1,6,1,54,8,-1,-1,-1,-1,3,-1
2015555999297,2,9,0,5,0,0,0,0,0,0,2,1,6,1,44,7,-1,-1,-1,-1,1,-1
2015555999301,1,19,0,10,0,5,0,0,0,0,3,1,2,1,67,10,1248,2,11,-1,1,-1
2015555999301,2,3,0,13,0,8,0,0,0,0,3,1,6,1,18,4,124,1,11,-1,1,-1
2015555999305,1,9,0,5,0,1,0,10,3,10,0,1,6,1,26,6,1796,1,13,-1,2,-1
2015555999308,1,9,0,17,0,1,5,0,1,1,1,1,6,2,54,8,-1,-1,-1,-1,2,-1
2015555999311,1,9,0,17,0,0,2,0,7,10,1,1,1,2,37,7,1242,1,2,-1,1,-1
2015555999314,1,9,0,9,0,8,0,0,0,0,3,1,2,1,39,7,1598,1,6,-1,3,-1
2015555999314,2,9,0,18,0,8,0,0,0,0,1,1,2,2,59,9,1596,1,13,-1,3,-1
2015555999318,1,9,0,18,0,0,0,0,0,0,1,1,6,1,88,11,-1,-1,-1,-1,3,-1
2015555999318,2,9,0,2,0,0,0,0,0,0,1,1,6,1,70,10,2993,2,2,-1,3,-1
2015555999322,1,9,0,18,0,0,0,0,0,0,3,1,6,1,21,5,-1,-1,-1,-1,1,-1
2015555999322,2,9,0,18,0,0,0,0,0,0,3,1,6,2,33,6,1796,1,10,-1,1,-1
2015555999326,1,19,0,9,7,0,0,0,0,0,3,1,1,1,41,7,1996,2,2,-1,3,-1
2015555999326,2,19,0,18,0,0,0,0,0,0,1,1,1,1,27,6,2198,2,8,-1,3,-1
2015555999331,1,5,0,13,0,0,0,0,0,0,1,1,2,1,19,4,592,1,27,-1,1,-1
2015555999331,2,9,0,13,0,0,0,0,0,0,3,1,2,1,26,6,-1,-1,-1,-1,1,-1
2015555999331,3,9,0,4,0,0,0,0,0,0,0,1,6,1,68,10,1793,1,11,-1,1,-1
2015555999336,1,9,0,13,0,0,0,0,0,0,4,1,6,1,48,8,1968,2,3,-1,3,-1
2015555999336,2,9,0,18,0,0,0,0,0,0,3,1,6,2,53,8,-1,-1,-1,-1,3,-1
2015555999336,3,17,4,18,0,0,0,0,0,0,3,1,6,3,-1,-1,-1,-1,-1,-1,-1,-1
2015555999341,1,9,0,18,0,0,0,0,0,0,4,1,6,1,32,6,1868,2,15,-1,2,-1
2015555999344,1,9,0,18,0,4,0,0,0,0,2,1,6,2,72,10,1497,1,13,-1,1,-1
2015555999344,2,19,0,18,0,4,0,0,0,0,1,1,6,3,-1,-1,1560,2,3,-1,-1,-1
2015555999348,1,9,0,18,0,0,0,0,0,0,1,1,6,2,26,6,1598,1,14,-1,1,-1
2015555999348,2,9,0,18,0,0,0,0,1,10,1,1,6,2,48,8,1870,2,14,-1,2,-1
2015555999353,1,9,0,18,0,1,0,0,0,0,1,1,6,1,40,7,1896,2,12,-1,1,-1
2015555999353,2,9,0,3,0,1,0,0,0,0,2,1,6,2,29,6,1299,1,12,-1,1,-1
2015555999357,1,9,0,13,0,2,0,0,0,0,1,1,6,1,28,6,1229,1,1,-1,1,-1
2015555999357,2,8,0,4,0,2,0,0,0,0,0,1,6,3,-1,-1,-1,-1,-1,-1,-1,-1
2015555999361,1,9,0,6,0,0,0,0,0,0,4,1,6,2,27,6,1794,1,12,-1,2,-1
2015555999361,2,1,0,18,0,0,0,0,0,0,1,1,6,1,41,7,-1,-1,-1,-1,1,-1
2015555999365,1,9,0,14,0,0,0,0,0,0,1,1,6,1,70,10,-1,-1,-1,-1,-1,-1
2015555999365,2,1,0,14,0,0,0,0,0,0,2,1,6,2,69,10,-1,-1,-1,-1,1,-1
2015555999369,1,9,0,18,0,0,1,0,0,0,1,1,1,1,21,5,1598,1,16,-1,1,-1
2015555999369,2,19,0,18,0,0,0,0,0,0,2,1,1,1,40,7,2198,2,3,-1,1,-1
2015555999374,1,9,0,18,0,0,0,4,0,0,3,1,2,1,58,9,-1,-1,-1,-1,1,-1
2015555999374,2,9,0,18,0,0,0,0,0,0,3,1,6,2,62,9,1896,2,13,-1,1,-1
2015555999374,3,9,0,2,0,0,0,0,0,0,3,1,6,3,-1,-1,-1,-1,-1,-1,-1,-1
2015555999374,4,9,0,2,0,0,0,0,0,0,4,1,6,3,-1,-1,1149,1,13,-1,-1,-1
2015555999380,1,19,4,18,0,2,3,0,0,0,1,1,6,1,40,7,-1,-1,-1,-1,1,-1
2015555999380,2,9,0,18,0,1,0,0,0,0,1,1,6,2,66,10,-1,-1,-1,-1,3,-1
2015555999380,3,9,0,18,0,1,0,0,0,0,0,1,6,1,41,7,2993,2,10,-1,1,-1
2015555999385,1,2,0,18,0,1,0,0,0,0,1,1,6,1,73,10,49,1,10,-1,-1,-1
2015555999385,2,9,0,9,0,5,0,0,0,0,1,1,6,2,22,5,2184,2,11,-1,1,-1
2015555999389,1,9,0,18,0,0,0,0,0,0,2,1,6,1,28,6,1618,1,1,-1,1,-1
2015555999389,2,9,0,18,0,0,0,0,0,0,1,1,6,1,39,7,1339,1,9,-1,1,-1
2015555999393,1,1,0,18,0,0,0,0,0,0,4,1,6,1,19,4,-1,-1,-1,-1,1,-1
2015555999393,2,9,0,18,0,0,0,0,0,0,0,1,6,3,-1,-1,-1,-1,-1,-1,-1,-1
2015555999397,1,19,0,18,0,4,0,0,0,0,1,1,6,1,46,8,1995,2,7,-1,1,-1
2015555999397,2,9,0,18,0,8,0,0,0,0,3,1,6,2,40,7,-1,-1,-1,-1,1,-1
2015555999401,1,9,0,16,0,1,0,4,0,0,1,1,6,1,70,10,1598,2,5,-1,1,-1
2015555999401,2,9,0,2,0,2,0,0,0,0,3,1,6,3,-1,-1,1242,1,7,-1,-1,-1
2015555999401,3,9,0,2,0,2,0,0,0,0,1,1,6,3,-1,-1,2962,1,15,-1,-1,-1
2015555999401,4,9,0,2,0,2,0,0,0,0,0,1,6,3,-1,-1,3498,1,2,-1,-1,-1
2015555999407,1,9,0,18,0,0,0,0,0,0,0,1,6,3,-1,-1,-1,-1,-1,-1,-1,-1
2015555999407,2,1,0,18,0,0,0,0,0,0,4,1,6,2,22,5,-1,-1,-1,-1,1,-1
2015555999411,1,9,0,18,0,0,0,0,0,0,1,1,6,1,73,10,1997,2,11,-1,3,-1
2015555999411,2,9,0,3,0,0,0,0,0,0,2,1,6,2,17,4,-1,-1,-1,-1,3,-1
2015555999415,1,9,0,18,0,1,0,0,0,0,1,1,6,1,66,10,1968,2,4,-1,3,-1
2015555999415,2,1,0,18,0,8,0,0,0,0,1,1,6,1,38,7,-1,-1,-1,-1,1,-1
2015555999419,1,9,0,17,0,0,2,0,7,10,1,1,6,2,37,7,-1,-1,-1,-1,2,-1
2015555999422,1,9,0,18,0,8,0,0,0,0,1,1,6,1,71,10,1997,2,2,-1,1,-1
2015555999422,2,9,0,18,0,8,0,0,0,0,3,1,6,2,57,9,-1,-1,-1,-1,1,-1
2015555999426,1,9,0,18,0,0,0,0,0,0,1,1,6,2,19,4,-1,-1,-1,-1,2,-1
2015555999426,2,9,0,2,0,0,0,0,0,0,2,1,6,3,-1,-1,1388,1,6,-1,-1,-1
2015555999430,1,9,0,16,0,0,0,0,7,3,1,1,6,1,40,7,1998,1,17,-1,3,-1
2015555999433,1,9,0,11,0,0,0,0,1,4,1,1,2,2,17,4,-1,-1,-1,-1,1,-1
2015555999436,1,9,0,7,0,1,0,0,0,0,4,1,6,1,48,8,3248,1,15,-1,1,-1
2015555999436,2,1,0,7,0,1,0,0,0,0,4,1,6,1,22,5,-1,-1,-1,-1,1,-1
2015555999440,1,3,0,18,0,1,0,0,0,0,1,1,6,1,28,6,124,1,1,-1,1,-1
2015555999440,2,9,0,3,0,4,0,0,0,0,2,1,6,1,38,7,1199,1,15,-1,1,-1
2015555999440,3,19,0,18,0,1,0,0,0,0,0,1,6,1,38,7,2460,2,8,-1,1,-1
2015555999445,1,9,0,18,0,0,2,0,1,10,1,1,6,1,33,6,998,1,7,-1,2,-1
2015555999449,1,9,0,3,0,1,0,0,0,0,2,1,1,1,64,9,1997,2,10,-1,1,-1
2015555999449,2,9,0,4,0,1,0,0,0,0,2,1,6,2,55,8,1298,1,12,-1,3,-1
2015555999449,3,9,0,4,0,1,0,0,0,0,1,1,6,1,49,8,-1,-1,-1,-1,1,-1