Accident_Index,Vehicle_Reference,Vehicle_Type,Towing_and_Articulation,Vehicle_Manoeuvre,Vehicle_Location-Restricted_Lane,Junction_Location,Skidding_and_Overturning,Hit_Object_in_Carriageway,Vehicle_Leaving_Carriageway,Hit_Object_off_Carriageway,1st_Point_of_Impact,Was_Vehicle_Left_Hand_Drive?,Journey_Purpose_of_Driver,Sex_of_Driver,Age_of_Driver,Age_Band_of_Driver,Engine_Capacity_(CC),Propulsion_Code,Age_of_Vehicle,Driver_IMD_Decile,Driver_Home_Area_Type,Vehicle_IMD_Decile
201560S023436,2,9,0,18,0,1,0,0,0,0,1,1,6,1,68,10,-1,-1,-1,-1,-1,-1
201560S023436,3,9,0,2,0,2,0,0,0,0,2,1,6,3,-1,-1,-1,-1,-1,-1,-1,-1
201560S023534,1,1,0,18,0,0,0,0,0,0,1,1,6,1,38,7,-1,-1,-1,-1,-1,-1
201560S023944,1,1,0,18,0,0,0,0,1,9,1,1,6,1,40,7,-1,-1,-1,-1,-1,-1
201560S024116,1,9,0,1,0,1,0,0,0,0,2,1,6,1,70,10,-1,-1,-1,-1,-1,-1
201560S024171,1,1,0,18,9,1,0,0,0,0,1,1,6,1,57,9,-1,-1,-1,-1,-1,-1
201560S024353,1,9,0,11,0,6,0,0,0,0,4,1,1,2,24,5,-1,-1,-1,-1,-1,-1
201560S024353,2,21,1,7,0,6,0,0,0,0,3,1,1,1,28,6,-1,-1,-1,-1,-1,-1
201560S024425,1,9,0,3,0,0,0,0,0,0,1,1,6,1,44,7,-1,-1,-1,-1,-1,-1
201560S024425,2,9,0,1,0,0,0,0,0,0,2,1,6,1,23,5,-1,-1,-1,-1,-1,-1
201560S024473,1,9,0,18,0,0,0,0,0,0,1,1,6,2,24,5,-1,-1,-1,-1,-1,-1
201560S024473,2,1,0,18,9,0,0,0,0,0,1,1,6,1,21,5,-1,-1,-1,-1,-1,-1
201560S024935,1,9,0,13,0,0,1,0,0,0,4,1,6,1,31,6,-1,-1,-1,-1,-1,-1
201560S024935,2,9,0,18,0,0,0,0,0,0,1,1,6,1,48,8,-1,-1,-1,-1,-1,-1
201560S025010,1,9,0,17,0,8,0,0,0,0,3,1,6,1,60,9,-1,-1,-1,-1,-1,-1
201560S025010,2,4,0,17,0,8,5,0,0,0,4,1,6,1,45,7,-1,-1,-1,-1,-1,-1
201560S025110,1,9,0,18,0,2,0,0,0,0,4,1,6,3,-1,-1,-1,-1,-1,-1,-1,-1
201560S025225,1,9,0,18,0,1,0,0,0,0,1,1,6,3,-1,-1,-1,-1,-1,-1,-1,-1
201560S025225,2,19,0,3,0,1,0,0,0,0,2,1,6,1,33,6,-1,-1,-1,-1,-1,-1
201560S025370,1,9,0,17,0,2,0,0,1,9,4,1,6,1,21,5,-1,-1,-1,-1,-1,-1
201560S025465,1,10,0,18,0,0,5,0,1,7,1,1,1,1,40,7,-1,-1,-1,-1,-1,-1
201560S025465,2,10,0,18,0,0,0,0,0,0,2,2,1,1,51,8,-1,-1,-1,-1,-1,-1
201560S025530,1,9,0,4,0,0,1,0,1,3,1,1,6,2,48,8,-1,-1,-1,-1,-1,-1
201560S025631,1,9,0,18,0,0,2,0,7,9,1,1,6,1,39,7,-1,-1,-1,-1,-1,-1
201560S025808,1,9,0,16,0,0,0,0,7,11,1,1,6,1,22,5,-1,-1,-1,-1,-1,-1
201560S025860,1,9,0,18,0,0,0,0,0,0,4,1,6,1,88,11,-1,-1,-1,-1,-1,-1
201560S025866,1,19,0,18,0,0,0,0,0,0,1,1,1,1,49,8,-1,-1,-1,-1,-1,-1
201560S025866,2,9,0,18,0,0,0,0,0,0,2,1,1,2,20,4,-1,-1,-1,-1,-1,-1
201560S025866,3,9,0,18,0,0,0,0,0,0,0,1,6,1,64,9,-1,-1,-1,-1,-1,-1
201560S025881,1,19,0,18,0,1,0,0,0,0,1,1,6,1,-1,-1,-1,-1,-1,-1,-1,-1
201560S025881,2,9,0,3,0,1,0,0,0,0,2,1,1,2,35,6,-1,-1,-1,-1,-1,-1
201560S026198,1,9,0,18,0,0,0,6,0,0,1,1,6,1,18,4,-1,-1,-1,-1,-1,-1
201560S026342,1,9,0,4,0,0,0,0,0,0,1,1,6,1,71,10,-1,-1,-1,-1,-1,-1
201560S026342,2,9,0,4,0,0,0,0,0,0,2,1,1,1,53,8,-1,-1,-1,-1,-1,-1
201560S026343,1,17,4,9,0,1,0,0,0,0,3,1,1,1,34,6,-1,-1,-1,-1,-1,-1
201560S026343,2,9,0,3,0,1,0,0,0,0,3,1,6,1,38,7,-1,-1,-1,-1,-1,-1
201560S026387,1,11,0,2,0,1,0,0,0,0,0,1,1,1,45,7,-1,-1,-1,-1,-1,-1
201560S026527,1,9,0,17,0,1,2,0,1,10,1,1,6,1,48,8,-1,-1,-1,-1,-1,-1
201560S027033,1,9,0,1,0,6,0,0,0,0,2,1,6,3,-1,-1,-1,-1,-1,-1,-1,-1
201560S027113,1,9,0,18,0,2,0,0,0,0,1,1,6,1,25,5,-1,-1,-1,-1,-1,-1
201560S027113,2,9,0,4,0,2,0,0,0,0,2,1,6,2,33,6,-1,-1,-1,-1,-1,-1
201560S027204,1,9,0,9,0,6,0,0,0,0,1,1,6,2,20,4,-1,-1,-1,-1,-1,-1
201560S027204,2,3,0,18,0,8,0,0,0,0,1,1,6,1,27,6,-1,-1,-1,-1,-1,-1
201560S027433,1,98,0,18,0,1,0,0,0,0,1,1,6,1,50,8,-1,-1,-1,-1,-1,-1
201560S027433,2,9,0,4,0,1,0,0,0,0,2,1,6,1,23,5,-1,-1,-1,-1,-1,-1
201560S027479,1,9,0,18,0,0,0,0,0,0,1,1,6,2,40,7,-1,-1,-1,-1,-1,-1
201560S027479,2,98,0,3,0,0,0,0,0,0,2,1,1,1,25,5,-1,-1,-1,-1,-1,-1
201560S028137,1,9,0,18,0,0,0,0,0,0,1,1,6,2,-1,-1,-1,-1,-1,-1,-1,-1
201560S028458,1,9,0,17,0,0,0,0,1,11,4,1,6,2,29,6,-1,-1,-1,-1,-1,-1
201560S028482,1,9,0,18,0,1,0,0,0,0,1,1,6,1,68,10,-1,-1,-1,-1,-1,-1
201560S028482,2,9,0,2,0,1,0,0,0,0,2,1,6,1,42,7,-1,-1,-1,-1,-1,-1
201560S028498,1,4,0,18,0,1,0,11,1,11,4,1,6,1,62,9,-1,-1,-1,-1,-1,-1
201560S028864,1,9,0,18,0,8,0,0,0,0,4,1,6,2,32,6,-1,-1,-1,-1,-1,-1
201560S028934,1,9,0,18,0,0,2,0,8,4,1,1,6,1,21,5,-1,-1,-1,-1,-1,-1
201560S029495,1,1,0,18,0,0,0,0,0,0,1,1,6,1,41,7,-1,-1,-1,-1,-1,-1
201560S029495,2,9,0,2,0,0,0,0,0,0,2,1,6,1,39,7,-1,-1,-1,-1,-1,-1
201560S029608,1,9,0,18,0,1,0,0,0,0,1,1,6,3,-1,-1,-1,-1,-1,-1,-1,-1
201560S029608,2,9,0,18,0,1,0,0,0,0,4,1,6,2,31,6,-1,-1,-1,-1,-1,-1
201560S029688,1,9,0,9,0,5,0,0,0,0,1,1,6,1,88,11,-1,-1,-1,-1,-1,-1
201560S029688,2,1,0,7,0,5,0,0,0,0,1,1,6,1,34,6,-1,-1,-1,-1,-1,-1
201560S029707,1,3,0,4,0,1,5,0,0,0,1,1,1,1,27,6,-1,-1,-1,-1,-1,-1
201560S029707,2,9,0,3,0,1,0,0,0,0,2,1,6,1,28,6,-1,-1,-1,-1,-1,-1
201560S029725,1,9,0,5,0,2,0,0,0,0,1,1,3,2,50,8,-1,-1,-1,-1,-1,-1
201560S029725,2,9,0,3,0,2,0,0,0,0,2,1,6,2,37,7,-1,-1,-1,-1,-1,-1
201560S029894,1,8,0,5,0,0,0,0,0,0,0,1,1,1,62,9,-1,-1,-1,-1,-1,-1
201560S029921,1,9,0,16,0,0,1,0,7,11,1,1,1,1,24,5,-1,-1,-1,-1,-1,-1
201560S030050,1,4,0,18,0,1,0,0,1,0,1,1,2,1,68,10,-1,-1,-1,-1,-1,-1
201560S030112,1,19,0,1,0,1,0,0,0,0,2,1,6,1,54,8,-1,-1,-1,-1,-1,-1
201560S030112,2,22,0,18,0,2,0,0,0,0,1,1,6,1,75,10,-1,-1,-1,-1,-1,-1
201560S030167,1,9,0,18,0,1,0,0,0,0,1,1,6,1,32,6,-1,-1,-1,-1,-1,-1
201560S030167,2,9,0,3,0,1,0,0,0,0,2,1,6,2,41,7,-1,-1,-1,-1,-1,-1
201560S030167,3,9,0,3,0,1,0,0,0,0,2,1,6,1,58,9,-1,-1,-1,-1,-1,-1
201560S030167,4,9,0,3,0,1,0,0,0,0,2,1,6,1,28,6,-1,-1,-1,-1,-1,-1
201560S030213,1,9,0,18,0,0,5,11,7,9,1,1,6,2,18,4,-1,-1,-1,-1,-1,-1
201560S030352,1,8,0,18,0,1,0,0,0,0,4,1,6,3,-1,-1,-1,-1,-1,-1,-1,-1
201560S030478,1,9,0,9,0,8,0,0,0,0,4,1,6,2,63,9,-1,-1,-1,-1,-1,-1
201560S030640,1,9,0,7,0,2,0,0,0,0,1,1,6,1,18,4,-1,-1,-1,-1,-1,-1
201560S030648,1,1,0,18,9,1,0,0,0,0,1,1,6,1,27,6,-1,-1,-1,-1,-1,-1
201560S030648,2,9,0,18,0,1,0,0,0,0,4,1,1,1,38,7,-1,-1,-1,-1,-1,-1
201560S030901,1,9,0,4,0,4,0,9,3,10,1,1,6,2,34,6,-1,-1,-1,-1,-1,-1
201560S030935,1,9,0,8,0,4,0,0,0,0,1,1,2,2,28,6,-1,-1,-1,-1,-1,-1
201560S030935,2,5,0,8,0,4,1,0,0,0,2,1,2,1,38,7,-1,-1,-1,-1,-1,-1
201560S030950,1,9,0,18,0,0,0,0,0,0,0,1,6,1,77,11,-1,-1,-1,-1,-1,-1
201560S030967,1,19,0,5,0,2,0,0,0,0,2,1,6,3,-1,-1,-1,-1,-1,-1,-1,-1
201560S031034,1,9,0,18,0,0,0,0,0,0,1,1,6,3,-1,-1,-1,-1,-1,-1,-1,-1
201560S031034,2,9,0,2,0,0,0,0,0,0,2,1,1,2,23,5,-1,-1,-1,-1,-1,-1
201560S031398,1,19,0,18,0,0,0,0,0,0,3,1,6,1,65,9,-1,-1,-1,-1,-1,-1
201560S031598,1,9,0,18,0,4,0,0,0,0,1,1,6,1,-1,-1,-1,-1,-1,-1,-1,-1
201560S031598,2,9,0,3,0,4,0,0,0,0,2,1,6,2,24,5,-1,-1,-1,-1,-1,-1
201560S031650,1,9,0,18,0,2,0,0,0,0,4,1,6,3,-1,-1,-1,-1,-1,-1,-1,-1
201560S031692,1,9,0,18,0,0,0,0,0,0,1,1,6,2,23,5,-1,-1,-1,-1,-1,-1
201560S031692,2,9,0,4,0,0,0,0,0,0,2,1,6,1,58,9,-1,-1,-1,-1,-1,-1
201560S031692,3,9,0,4,0,0,0,0,0,0,2,1,6,1,62,9,-1,-1,-1,-1,-1,-1
201560S031692,4,19,4,4,0,0,0,0,0,0,0,1,6,3,-1,-1,-1,-1,-1,-1,-1,-1
201560S031748,1,9,0,18,0,1,0,0,0,0,1,1,6,2,20,4,-1,-1,-1,-1,-1,-1
201560S031748,2,9,0,3,0,1,0,0,0,0,2,1,6,2,34,6,-1,-1,-1,-1,-1,-1
201560S031758,1,9,0,18,0,0,0,0,0,0,1,1,6,2,36,7,-1,-1,-1,-1,-1,-1
201560S031994,1,9,0,16,0,2,0,0,7,11,1,1,6,2,45,7,-1,-1,-1,-1,-1,-1
201560S032785,1,9,0,18,0,4,0,0,0,0,1,1,6,2,64,9,-1,-1,-1,-1,-1,-1
201560S032785,2,9,0,9,0,8,0,0,0,0,4,1,6,1,60,9,-1,-1,-1,-1,-1,-1
201560S032877,1,8,0,4,0,1,0,0,0,0,1,1,6,1,34,6,-1,-1,-1,-1,-1,-1
201560S032877,2,9,0,10,0,1,0,0,0,0,2,1,6,2,35,6,-1,-1,-1,-1,-1,-1
201560S032918,1,1,0,9,0,8,0,0,0,0,1,1,6,1,31,6,-1,-1,-1,-1,-1,-1
201560S032918,2,9,0,18,0,8,0,0,0,0,3,1,6,2,65,9,-1,-1,-1,-1,-1,-1
201560S032933,1,9,0,12,0,6,0,0,0,0,0,1,6,3,-1,-1,-1,-1,-1,-1,-1,-1
201560S032933,2,3,0,18,0,1,0,0,0,0,1,1,6,1,23,5,-1,-1,-1,-1,-1,-1
201560S032933,3,19,0,18,0,1,0,0,0,0,2,1,1,1,23,5,-1,-1,-1,-1,-1,-1
201560S033173,1,9,0,17,0,0,2,0,8,11,1,1,1,1,28,6,-1,-1,-1,-1,-1,-1
201560S033348,1,9,0,17,0,0,1,0,0,0,1,1,6,2,29,6,-1,-1,-1,-1,-1,-1
201560S033348,2,9,0,16,0,0,0,0,0,0,1,1,6,1,52,8,-1,-1,-1,-1,-1,-1
201560S033672,1,9,0,16,0,0,2,0,1,11,1,1,6,2,38,7,-1,-1,-1,-1,-1,-1
201560S033679,1,21,0,18,0,0,1,4,0,0,1,1,1,1,35,6,-1,-1,-1,-1,-1,-1
201560S033679,2,19,0,3,0,0,1,4,0,0,2,1,1,1,52,8,-1,-1,-1,-1,-1,-1
201560S033679,3,21,1,3,0,0,0,4,0,0,2,1,1,1,54,8,-1,-1,-1,-1,-1,-1
201560S033679,4,9,0,18,0,0,0,11,0,0,3,1,2,2,55,8,-1,-1,-1,-1,-1,-1
201560S033713,1,9,0,5,0,0,0,0,0,0,4,1,6,1,82,11,-1,-1,-1,-1,-1,-1
201560S033790,1,9,0,18,0,0,0,0,0,0,1,1,6,2,40,7,-1,-1,-1,-1,-1,-1
201560S033790,2,9,0,18,0,0,0,0,0,0,2,1,6,2,23,5,-1,-1,-1,-1,-1,-1
201560S033790,3,9,0,18,0,0,0,0,0,0,1,1,6,2,76,11,-1,-1,-1,-1,-1,-1
201560S033814,1,9,0,9,0,2,0,0,0,0,1,1,6,2,47,8,-1,-1,-1,-1,-1,-1
201560S033814,2,5,0,18,0,1,0,0,0,0,1,1,6,1,61,9,-1,-1,-1,-1,-1,-1
201560S033839,1,21,0,18,0,1,0,0,0,0,1,1,1,1,40,7,-1,-1,-1,-1,-1,-1
201560S033839,2,9,0,3,0,1,0,0,0,0,2,1,2,1,36,7,-1,-1,-1,-1,-1,-1
201560S033839,3,9,0,3,0,1,0,0,0,0,2,1,6,2,45,7,-1,-1,-1,-1,-1,-1
201560S033839,4,9,0,3,0,1,0,0,0,0,2,1,2,2,39,7,-1,-1,-1,-1,-1,-1
201560S033839,5,9,0,3,0,1,0,0,0,0,2,1,6,1,70,10,-1,-1,-1,-1,-1,-1
201560S033839,6,9,0,3,0,1,0,0,0,0,2,1,6,2,63,9,-1,-1,-1,-1,-1,-1
201560S033839,7,9,0,3,0,1,0,0,0,0,2,1,6,2,32,6,-1,-1,-1,-1,-1,-1
201560S033993,1,9,0,18,0,0,0,0,7,11,1,1,2,1,66,10,-1,-1,-1,-1,-1,-1
201560S034144,1,9,0,9,0,1,0,0,0,0,1,1,6,2,25,5,-1,-1,-1,-1,-1,-1
201560S034144,2,9,0,18,0,1,0,0,0,0,1,1,6,1,77,11,-1,-1,-1,-1,-1,-1
201560S034281,1,9,0,18,0,0,0,0,0,0,3,1,6,2,57,9,-1,-1,-1,-1,-1,-1
201560S034281,2,9,0,18,0,0,0,0,0,0,3,1,6,2,37,7,-1,-1,-1,-1,-1,-1
201560S034318,1,9,0,18,0,0,5,0,0,0,1,1,6,1,19,4,-1,-1,-1,-1,-1,-1
201560S034504,1,9,0,18,0,0,0,0,0,0,1,1,6,1,39,7,-1,-1,-1,-1,-1,-1
201560S034504,2,9,0,2,0,0,0,0,0,0,4,1,6,1,37,7,-1,-1,-1,-1,-1,-1
201560S034504,3,9,0,2,0,0,0,0,0,0,4,1,6,1,37,7,-1,-1,-1,-1,-1,-1
201560S034506,1,9,0,18,0,1,0,0,0,0,1,1,6,1,19,4,-1,-1,-1,-1,-1,-1
201560S034810,1,9,0,18,0,2,0,0,0,0,1,1,6,3,-1,-1,-1,-1,-1,-1,-1,-1
201560S034810,2,9,0,3,0,2,0,0,0,0,2,1,6,2,19,4,-1,-1,-1,-1,-1,-1
201560S034885,1,10,0,18,0,1,1,0,0,0,1,1,1,1,29,6,-1,-1,-1,-1,-1,-1
201560S034885,2,9,0,3,0,1,0,0,0,0,2,1,6,2,57,9,-1,-1,-1,-1,-1,-1
201560S034885,3,11,0,8,0,1,0,0,0,0,1,1,1,1,38,7,-1,-1,-1,-1,-1,-1
201560S034901,1,9,0,5,0,2,0,0,0,0,1,1,6,2,30,6,-1,-1,-1,-1,-1,-1
201560S034901,2,8,0,18,0,1,0,0,0,0,1,1,1,1,46,8,-1,-1,-1,-1,-1,-1
201560S035071,1,9,0,18,0,0,0,10,1,1,4,1,6,1,23,5,-1,-1,-1,-1,-1,-1
201560S035121,1,9,0,13,0,8,1,0,0,0,4,1,6,1,28,6,-1,-1,-1,-1,-1,-1
201560S035121,2,9,0,12,0,6,0,0,0,0,3,1,6,1,44,7,-1,-1,-1,-1,-1,-1
201560S035157,1,9,0,18,0,1,0,0,0,0,1,1,6,1,26,6,-1,-1,-1,-1,-1,-1
201560S035157,2,9,0,3,0,1,0,0,0,0,2,1,6,2,35,6,-1,-1,-1,-1,-1,-1
201560S035274,1,9,0,18,0,0,0,0,0,0,1,1,6,1,21,5,-1,-1,-1,-1,-1,-1
201560S035274,2,9,0,4,0,0,0,0,0,0,2,1,6,1,55,8,-1,-1,-1,-1,-1,-1
201560S035311,1,9,0,5,0,6,0,0,0,0,1,1,6,1,65,9,-1,-1,-1,-1,-1,-1
201560S035311,2,9,0,18,0,1,0,0,0,0,4,1,6,2,75,10,-1,-1,-1,-1,-1,-1
201560S035420,1,9,0,13,0,0,0,0,0,0,4,1,6,3,-1,-1,-1,-1,-1,-1,-1,-1
201560S035420,2,1,0,18,0,0,0,0,0,0,3,1,6,1,22,5,-1,-1,-1,-1,-1,-1
201560S035490,1,9,0,9,0,6,0,0,0,0,3,1,6,1,43,7,-1,-1,-1,-1,-1,-1
201560S035490,2,9,0,18,0,1,0,0,0,0,1,1,6,1,39,7,-1,-1,-1,-1,-1,-1
201560S035857,1,9,0,13,0,1,0,0,0,0,4,1,6,1,67,10,-1,-1,-1,-1,-1,-1
201560S035857,2,9,0,9,0,2,0,0,0,0,1,1,6,1,34,6,-1,-1,-1,-1,-1,-1
201560S035857,3,19,0,3,0,1,0,0,0,0,0,1,6,3,-1,-1,-1,-1,-1,-1,-1,-1
201560S035888,1,9,0,18,0,1,0,0,0,0,1,1,6,2,42,7,-1,-1,-1,-1,-1,-1
201560S035888,2,1,0,18,0,6,0,0,0,0,1,1,6,1,15,3,-1,-1,-1,-1,-1,-1
201560S036231,1,8,0,18,0,1,0,0,0,0,0,1,1,1,22,5,-1,-1,-1,-1,-1,-1
201560S036399,1,5,0,13,0,0,1,0,7,11,1,1,6,1,46,8,-1,-1,-1,-1,-1,-1
201560S036405,1,3,0,17,0,0,1,0,1,10,4,1,6,1,22,5,-1,-1,-1,-1,-1,-1
201560S036496,1,9,0,9,0,6,0,0,0,0,1,1,6,1,67,10,-1,-1,-1,-1,-1,-1
201560S036496,2,1,0,18,0,1,0,0,0,0,1,1,6,1,56,9,-1,-1,-1,-1,-1,-1
201560S036521,1,23,0,5,0,1,0,0,0,0,4,1,6,1,44,7,-1,-1,-1,-1,-1,-1
201560S036598,1,9,0,18,0,0,0,0,0,0,1,1,6,1,20,4,-1,-1,-1,-1,-1,-1
201560S036620,1,9,0,18,0,1,0,0,0,0,1,1,6,3,-1,-1,-1,-1,-1,-1,-1,-1
201560S036620,2,9,0,5,0,1,0,0,0,0,2,1,6,2,20,4,-1,-1,-1,-1,-1,-1
201560S036832,1,9,0,18,0,0,0,0,0,0,1,1,6,1,38,7,-1,-1,-1,-1,-1,-1
201560S036923,1,9,0,9,0,2,0,0,0,0,1,1,6,2,41,7,-1,-1,-1,-1,-1,-1
201560S036923,2,9,0,2,0,2,0,0,0,0,2,1,6,2,45,7,-1,-1,-1,-1,-1,-1
201560S036923,3,3,0,18,0,1,0,0,0,0,1,1,6,1,19,4,-1,-1,-1,-1,-1,-1
201560S037218,1,9,0,17,0,0,0,0,7,0,1,1,6,1,30,6,-1,-1,-1,-1,-1,-1
201560S037284,1,9,0,18,0,1,0,0,0,0,1,1,6,2,76,11,-1,-1,-1,-1,-1,-1
201560S037284,2,9,0,10,0,1,0,0,0,0,2,1,6,2,40,7,-1,-1,-1,-1,-1,-1
201560S037284,3,9,0,18,0,1,0,0,0,0,1,1,6,2,57,9,-1,-1,-1,-1,-1,-1
201560S037731,1,19,0,5,0,6,0,0,0,0,1,1,6,3,-1,-1,-1,-1,-1,-1,-1,-1
201560S037731,2,9,0,18,0,1,1,0,0,0,1,1,6,1,22,5,-1,-1,-1,-1,-1,-1
201560S037876,1,9,0,18,0,1,0,0,1,11,1,1,6,1,44,7,-1,-1,-1,-1,-1,-1
201560S037921,1,9,0,13,0,1,2,0,2,0,4,1,6,1,65,9,-1,-1,-1,-1,-1,-1
201560S037921,2,9,0,9,0,1,0,0,0,0,3,1,6,1,76,11,-1,-1,-1,-1,-1,-1
201560S037921,3,9,0,18,0,1,0,0,0,0,1,1,6,1,45,7,-1,-1,-1,-1,-1,-1
201560S037927,1,9,0,1,0,0,0,0,0,0,2,1,6,3,-1,-1,-1,-1,-1,-1,-1,-1
201560S037927,2,9,0,2,0,0,0,0,0,0,1,1,6,2,26,6,-1,-1,-1,-1,-1,-1
201560S037934,1,9,0,18,0,0,0,0,0,0,1,1,6,1,93,11,-1,-1,-1,-1,-1,-1
201560S037934,2,9,0,4,0,0,0,0,0,0,2,1,6,2,47,8,-1,-1,-1,-1,-1,-1
201560S037943,1,9,0,6,0,0,0,0,0,0,1,1,2,1,54,8,-1,-1,-1,-1,-1,-1
201560S037943,2,9,0,18,0,0,0,0,0,0,1,1,6,1,65,9,-1,-1,-1,-1,-1,-1
201560S038215,1,9,0,18,0,2,0,0,0,0,1,1,6,1,64,9,-1,-1,-1,-1,-1,-1
201560S038286,1,9,0,17,0,0,0,0,7,11,1,1,6,2,22,5,-1,-1,-1,-1,-1,-1
201560S038470,1,9,0,5,0,2,0,0,0,0,1,1,6,2,49,8,-1,-1,-1,-1,-1,-1
201560S038470,2,1,0,18,0,1,0,0,0,0,3,1,6,1,11,3,-1,-1,-1,-1,-1,-1
201560S038473,1,9,0,9,0,1,0,0,0,0,1,1,6,2,53,8,-1,-1,-1,-1,-1,-1
201560S038473,2,9,0,18,0,1,0,0,0,0,1,1,2,2,35,6,-1,-1,-1,-1,-1,-1
201560S038836,1,9,0,9,0,6,0,0,0,0,3,1,6,2,58,9,-1,-1,-1,-1,-1,-1
201560S038865,1,9,0,17,0,0,2,0,7,11,1,1,6,1,21,5,-1,-1,-1,-1,-1,-1
201560S038974,1,9,0,18,0,1,0,0,0,0,1,1,6,2,23,5,-1,-1,-1,-1,-1,-1
201560S039066,1,9,0,1,0,0,0,0,0,0,2,1,6,1,72,10,-1,-1,-1,-1,-1,-1
201560S039066,2,2,0,18,0,0,1,0,0,0,1,1,6,2,16,4,-1,-1,-1,-1,-1,-1
201560S039316,1,9,0,16,0,1,1,0,0,0,1,1,6,1,22,5,-1,-1,-1,-1,-1,-1
201560S039381,1,19,0,18,0,0,0,0,0,0,1,1,1,1,38,7,-1,-1,-1,-1,-1,-1
201560S039381,2,9,0,18,0,0,0,0,0,0,1,1,6,1,50,8,-1,-1,-1,-1,-1,-1
201560S039872,1,9,0,18,0,0,0,0,0,0,4,1,1,1,30,6,-1,-1,-1,-1,-1,-1
201560S040087,1,19,0,18,0,1,0,0,0,0,1,1,6,1,29,6,-1,-1,-1,-1,-1,-1
201560S040087,2,9,0,3,0,1,0,0,0,0,2,1,6,2,50,8,-1,-1,-1,-1,-1,-1
201560S040107,1,9,0,12,0,0,0,0,0,0,1,1,6,2,28,6,-1,-1,-1,-1,-1,-1
201560S040107,2,9,0,18,0,0,0,0,0,0,1,1,6,2,52,8,-1,-1,-1,-1,-1,-1
201560S040148,1,9,0,1,0,1,0,0,0,0,2,1,6,1,51,8,-1,-1,-1,-1,-1,-1
201560S040148,2,9,0,3,0,1,0,0,0,0,1,1,6,2,29,6,-1,-1,-1,-1,-1,-1
201560S040234,1,1,0,18,0,2,0,0,0,0,2,1,6,1,51,8,-1,-1,-1,-1,-1,-1
201560S040234,2,9,0,18,0,2,0,0,0,0,1,1,6,3,-1,-1,-1,-1,-1,-1,-1,-1
201560S040273,1,9,0,7,0,6,0,0,0,0,1,1,6,2,40,7,-1,-1,-1,-1,-1,-1
201560S040273,2,9,0,1,0,6,0,0,0,0,2,1,6,2,23,5,-1,-1,-1,-1,-1,-1
201560S040288,1,19,0,17,0,0,0,0,0,0,1,2,1,1,43,7,-1,-1,-1,-1,-1,-1
201560S040288,2,9,0,16,0,0,0,0,0,0,1,1,6,2,21,5,-1,-1,-1,-1,-1,-1
201560S040401,1,9,0,18,0,0,0,0,0,0,1,1,6,2,29,6,-1,-1,-1,-1,-1,-1
201560S040625,1,9,0,9,0,1,0,0,0,0,1,1,2,2,50,8,-1,-1,-1,-1,-1,-1
201560S040625,2,9,0,18,0,1,0,0,0,0,1,1,2,1,22,5,-1,-1,-1,-1,-1,-1
201560S040625,3,9,0,3,0,1,0,0,0,0,1,1,2,2,49,8,-1,-1,-1,-1,-1,-1
201560S041003,1,1,0,18,0,4,0,0,0,0,1,1,6,1,31,6,-1,-1,-1,-1,-1,-1
201560S041003,2,9,0,18,0,4,0,0,0,0,1,1,1,1,46,8,-1,-1,-1,-1,-1,-1
201560S041148,1,9,0,18,5,1,0,0,0,0,1,1,6,1,45,7,-1,-1,-1,-1,-1,-1
201560S041178,1,1,0,18,0,0,0,0,0,0,3,1,6,2,15,3,-1,-1,-1,-1,-1,-1
201560S041178,2,9,0,2,0,0,0,0,0,0,3,1,6,3,-1,-1,-1,-1,-1,-1,-1,-1
201560S041436,1,9,0,18,0,2,0,0,0,0,1,1,6,2,25,5,-1,-1,-1,-1,-1,-1
201560S041598,1,9,0,18,0,0,0,0,0,0,1,1,6,2,21,5,-1,-1,-1,-1,-1,-1
201560S041598,2,9,0,3,0,0,0,0,0,0,2,1,6,2,54,8,-1,-1,-1,-1,-1,-1
201560S041598,3,9,0,3,0,0,0,0,0,0,2,1,6,1,65,9,-1,-1,-1,-1,-1,-1
201560S041824,1,9,0,18,0,0,0,0,0,0,4,1,6,2,68,10,-1,-1,-1,-1,-1,-1
201560S041934,1,19,0,18,0,0,0,0,0,0,1,1,1,1,19,4,-1,-1,-1,-1,-1,-1
201560S041952,1,9,0,18,0,1,1,0,1,11,1,1,1,1,32,6,-1,-1,-1,-1,-1,-1
201560S041952,2,21,0,10,0,1,0,0,0,0,3,1,6,1,59,9,-1,-1,-1,-1,-1,-1
201560S042120,1,19,0,11,0,0,0,0,0,0,2,1,2,1,38,7,-1,-1,-1,-1,-1,-1
201560S042120,2,21,0,18,0,0,0,0,0,0,1,1,1,1,66,10,-1,-1,-1,-1,-1,-1
201560S043048,1,9,0,16,0,0,1,7,1,7,1,1,6,2,31,6,-1,-1,-1,-1,-1,-1
201560S043068,1,9,0,4,0,1,1,0,0,0,1,1,6,2,21,5,-1,-1,-1,-1,-1,-1
201560S043068,2,9,0,3,0,1,0,0,0,0,2,1,6,2,46,8,-1,-1,-1,-1,-1,-1
201560S043652,1,9,0,11,0,0,1,0,1,6,1,1,6,1,23,5,-1,-1,-1,-1,-1,-1
201560S044116,1,9,0,18,0,0,0,0,0,0,1,1,6,1,23,5,-1,-1,-1,-1,-1,-1
201560S044116,2,19,0,3,0,0,0,0,0,0,2,1,1,1,53,8,-1,-1,-1,-1,-1,-1
201560S044133,1,9,0,18,0,0,0,0,0,0,1,1,6,1,71,10,-1,-1,-1,-1,-1,-1
201560S044133,2,9,0,18,0,0,0,0,0,0,2,1,6,1,26,6,-1,-1,-1,-1,-1,-1
201560S044255,1,9,0,18,0,0,0,0,0,0,4,1,6,1,58,9,-1,-1,-1,-1,-1,-1
201560S044319,1,9,0,18,0,0,0,0,0,0,3,1,6,1,24,5,-1,-1,-1,-1,-1,-1
201560S044319,2,3,0,18,0,0,0,0,0,0,3,1,6,2,25,5,-1,-1,-1,-1,-1,-1
201560S045153,1,9,0,18,0,1,0,0,0,0,1,1,6,2,56,9,-1,-1,-1,-1,-1,-1