Accident_Index,Vehicle_Reference,Vehicle_Type,Towing_and_Articulation,Vehicle_Manoeuvre,Vehicle_Location-Restricted_Lane,Junction_Location,Skidding_and_Overturning,Hit_Object_in_Carriageway,Vehicle_Leaving_Carriageway,Hit_Object_off_Carriageway,1st_Point_of_Impact,Was_Vehicle_Left_Hand_Drive?,Journey_Purpose_of_Driver,Sex_of_Driver,Age_of_Driver,Age_Band_of_Driver,Engine_Capacity_(CC),Propulsion_Code,Age_of_Vehicle,Driver_IMD_Decile,Driver_Home_Area_Type,Vehicle_IMD_Decile
201560S130763,2,9,0,18,0,1,0,0,0,0,1,1,6,1,54,8,-1,-1,-1,-1,-1,-1
201560S130763,3,19,0,18,0,1,0,0,0,0,1,1,6,1,50,8,-1,-1,-1,-1,-1,-1
201560S130878,1,9,0,18,0,8,0,0,0,0,1,1,2,2,35,6,-1,-1,-1,-1,-1,-1
201560S130878,2,9,0,18,0,1,0,0,0,0,1,1,6,1,63,9,-1,-1,-1,-1,-1,-1
201560S131025,1,9,0,18,0,0,0,12,0,0,1,1,6,1,54,8,-1,-1,-1,-1,-1,-1
201560S131094,1,9,0,9,0,8,0,0,0,0,1,1,6,2,18,4,-1,-1,-1,-1,-1,-1
201560S131094,2,5,0,18,0,1,0,0,0,0,1,1,6,1,42,7,-1,-1,-1,-1,-1,-1
201560S131111,1,9,0,5,0,1,0,0,0,0,1,1,6,1,34,6,-1,-1,-1,-1,-1,-1
201560S131111,2,2,0,3,0,1,0,0,0,0,2,1,6,1,19,4,-1,-1,-1,-1,-1,-1
201560S131157,1,9,0,12,0,0,0,0,0,0,1,1,6,2,52,8,-1,-1,-1,-1,-1,-1
201560S131157,2,9,0,3,0,0,0,0,0,0,2,1,6,2,21,5,-1,-1,-1,-1,-1,-1
201560S131159,1,98,5,7,0,8,0,0,0,0,3,1,1,1,38,7,-1,-1,-1,-1,-1,-1
201560S131159,2,1,0,3,0,1,0,0,0,0,4,1,6,1,19,4,-1,-1,-1,-1,-1,-1
201560S131296,1,21,0,16,0,1,1,0,0,0,1,1,1,1,36,7,-1,-1,-1,-1,-1,-1
201560S131410,1,9,0,4,0,1,0,0,0,0,1,1,6,1,21,5,-1,-1,-1,-1,-1,-1
201560S131410,2,1,0,5,0,1,5,0,0,0,3,1,6,1,9,2,-1,-1,-1,-1,-1,-1
201560S131450,1,9,0,18,0,1,1,0,0,0,1,1,2,1,23,5,-1,-1,-1,-1,-1,-1
201560S131450,2,9,0,10,0,5,1,0,0,0,2,1,2,1,59,9,-1,-1,-1,-1,-1,-1
201560S131450,3,9,0,18,0,1,1,0,0,0,3,1,6,2,54,8,-1,-1,-1,-1,-1,-1
201560S131979,1,9,0,16,0,0,0,0,0,0,3,1,6,3,-1,-1,-1,-1,-1,-1,-1,-1
201560S131979,2,9,0,17,0,0,0,0,0,0,3,1,6,1,37,7,-1,-1,-1,-1,-1,-1
201560S132114,1,9,0,18,0,1,5,0,0,0,4,1,6,2,27,6,-1,-1,-1,-1,-1,-1
201560S132114,2,9,0,4,0,1,0,0,0,0,1,1,6,2,17,4,-1,-1,-1,-1,-1,-1
201560S132180,1,9,0,18,0,1,0,0,0,0,1,1,6,1,66,10,-1,-1,-1,-1,-1,-1
201560S132224,1,9,0,13,0,0,0,0,0,0,1,1,6,1,26,6,-1,-1,-1,-1,-1,-1
201560S132224,2,9,0,16,0,0,1,0,0,0,1,1,6,2,48,8,-1,-1,-1,-1,-1,-1
201560S132224,3,9,0,17,0,0,0,0,0,0,3,1,6,1,51,8,-1,-1,-1,-1,-1,-1
201560S132794,1,9,0,18,0,1,0,0,0,0,1,1,6,1,23,5,-1,-1,-1,-1,-1,-1
201560S132794,2,9,0,2,0,1,0,0,0,0,3,1,6,1,56,9,-1,-1,-1,-1,-1,-1
201560S132794,3,9,0,2,0,1,0,0,0,0,4,1,6,1,83,11,-1,-1,-1,-1,-1,-1
201560S132794,4,9,0,18,0,1,0,0,0,0,0,1,1,1,36,7,-1,-1,-1,-1,-1,-1
201560S133108,1,9,0,18,0,2,0,0,0,0,1,1,1,2,38,7,-1,-1,-1,-1,-1,-1
201560S133124,1,9,0,18,0,0,0,0,7,1,1,1,6,1,42,7,-1,-1,-1,-1,-1,-1
201560S133750,1,9,0,9,0,1,0,0,0,0,1,1,1,1,40,7,-1,-1,-1,-1,-1,-1
201560S133750,2,9,0,9,0,1,0,0,0,0,3,1,6,2,35,6,-1,-1,-1,-1,-1,-1
201560S133812,1,9,0,18,0,8,0,0,0,0,1,1,6,3,-1,-1,-1,-1,-1,-1,-1,-1
201560S133812,2,9,0,3,0,8,0,0,0,0,2,1,6,2,37,7,-1,-1,-1,-1,-1,-1
201560S133968,1,9,0,16,0,0,1,0,7,11,1,1,6,1,17,4,-1,-1,-1,-1,-1,-1
201560S134070,1,9,0,18,0,1,0,0,0,0,1,1,6,1,48,8,-1,-1,-1,-1,-1,-1
201560S134070,2,9,0,4,0,1,0,0,0,0,2,1,6,2,37,7,-1,-1,-1,-1,-1,-1
201560S134193,1,9,0,18,0,0,0,0,0,0,4,1,6,1,77,11,-1,-1,-1,-1,-1,-1
201560S134249,1,9,0,13,0,1,5,0,0,0,1,1,6,1,79,11,-1,-1,-1,-1,-1,-1
201560S134249,2,9,0,18,0,1,0,0,0,0,1,1,6,1,86,11,-1,-1,-1,-1,-1,-1
201560S134249,3,9,0,18,0,1,0,0,0,0,0,1,6,1,74,10,-1,-1,-1,-1,-1,-1
201560S134251,1,9,0,18,0,0,0,0,0,0,1,1,6,1,18,4,-1,-1,-1,-1,-1,-1
201560S134251,2,9,0,18,0,0,0,0,0,0,2,1,6,1,66,10,-1,-1,-1,-1,-1,-1
201560S134261,1,9,0,9,0,1,0,0,0,0,4,1,6,2,77,11,-1,-1,-1,-1,-1,-1
201560S134261,2,3,0,16,0,1,0,0,0,0,1,1,6,1,28,6,-1,-1,-1,-1,-1,-1
201560S134264,1,9,0,17,0,2,0,0,1,11,1,1,6,1,78,11,-1,-1,-1,-1,-1,-1
201560S134294,1,11,0,7,0,1,0,0,0,0,4,1,6,3,-1,-1,-1,-1,-1,-1,-1,-1
201560S134678,1,9,0,18,0,2,1,0,0,0,1,1,6,2,24,5,-1,-1,-1,-1,-1,-1
201560S134678,2,9,0,3,0,2,0,0,0,0,2,1,1,1,32,6,-1,-1,-1,-1,-1,-1
201560S134699,1,9,0,18,0,0,0,0,0,0,4,1,6,3,-1,-1,-1,-1,-1,-1,-1,-1
201560S134736,1,9,0,4,0,6,0,0,0,0,1,1,6,1,53,8,-1,-1,-1,-1,-1,-1
201560S135072,1,4,0,18,0,1,1,0,0,0,4,1,1,1,17,4,-1,-1,-1,-1,-1,-1
201560S135072,2,9,0,10,0,1,0,0,0,0,2,1,1,1,41,7,-1,-1,-1,-1,-1,-1
201560S135251,1,9,0,1,0,8,0,0,0,0,2,1,6,2,29,6,-1,-1,-1,-1,-1,-1
201560S135336,1,9,0,18,0,2,0,0,0,0,1,1,6,1,53,8,-1,-1,-1,-1,-1,-1
201560S135386,1,5,0,18,0,0,1,0,0,0,1,1,6,1,53,8,-1,-1,-1,-1,-1,-1
201560S135386,2,20,0,3,0,0,0,0,0,0,2,1,6,1,34,6,-1,-1,-1,-1,-1,-1
201560S135404,1,9,0,18,0,0,0,0,0,0,0,1,6,1,22,5,-1,-1,-1,-1,-1,-1
201560S135404,2,9,0,13,0,0,0,0,7,0,3,1,6,1,33,6,-1,-1,-1,-1,-1,-1
201560S135457,1,9,0,17,0,1,0,0,0,0,1,1,6,1,21,5,-1,-1,-1,-1,-1,-1
201560S135457,2,1,0,18,0,1,0,0,0,0,1,1,6,1,33,6,-1,-1,-1,-1,-1,-1
201560S135602,1,10,0,13,0,1,0,0,0,0,1,1,6,1,24,5,-1,-1,-1,-1,-1,-1
201560S135602,2,1,0,9,0,1,0,0,0,0,2,1,6,2,48,8,-1,-1,-1,-1,-1,-1
201560S135840,1,9,0,18,0,8,0,0,0,0,4,1,6,1,55,8,-1,-1,-1,-1,-1,-1
201560S135840,2,1,0,9,0,8,0,0,0,0,3,1,6,2,49,8,-1,-1,-1,-1,-1,-1
201560S135849,1,9,0,9,0,6,0,0,0,0,3,1,6,2,21,5,-1,-1,-1,-1,-1,-1
201560S135849,2,9,0,18,0,1,0,0,0,0,4,1,6,2,23,5,-1,-1,-1,-1,-1,-1
201560S136435,1,9,0,18,0,0,0,0,0,0,1,1,6,1,20,4,-1,-1,-1,-1,-1,-1
201560S136435,2,9,0,4,0,0,0,0,0,0,2,1,6,1,29,6,-1,-1,-1,-1,-1,-1
201560S136843,1,19,0,18,0,0,0,0,0,0,1,1,1,1,50,8,-1,-1,-1,-1,-1,-1
201560S136843,2,9,0,4,0,0,0,0,0,0,2,1,6,1,20,4,-1,-1,-1,-1,-1,-1
201560S136845,1,9,0,1,0,1,0,0,1,0,2,1,6,1,93,11,-1,-1,-1,-1,-1,-1
201560S136845,2,9,0,2,0,1,0,0,0,0,1,1,6,2,57,9,-1,-1,-1,-1,-1,-1
201560S136845,3,9,0,2,0,1,0,0,0,0,1,1,6,1,57,9,-1,-1,-1,-1,-1,-1
201560S136845,4,9,0,3,0,1,0,0,0,0,3,1,1,1,47,8,-1,-1,-1,-1,-1,-1
201560S137109,1,9,0,4,0,1,0,0,0,0,1,1,6,2,36,7,-1,-1,-1,-1,-1,-1
201560S137109,2,9,0,4,0,1,0,0,0,0,2,1,6,2,56,9,-1,-1,-1,-1,-1,-1
201560S137109,3,9,0,3,0,1,0,0,0,0,2,1,2,2,25,5,-1,-1,-1,-1,-1,-1
201560S137137,1,9,0,18,0,1,0,0,0,0,1,1,6,2,23,5,-1,-1,-1,-1,-1,-1
201560S137137,2,8,0,3,0,1,0,0,0,0,2,1,1,1,50,8,-1,-1,-1,-1,-1,-1
201560S137209,1,9,0,1,0,1,0,0,0,0,2,1,6,3,-1,-1,-1,-1,-1,-1,-1,-1
201560S137307,1,9,0,16,0,0,1,0,0,0,1,1,6,1,22,5,-1,-1,-1,-1,-1,-1
201560S137307,2,9,0,17,0,0,0,0,0,0,1,1,6,1,28,6,-1,-1,-1,-1,-1,-1
201560S137499,1,8,0,17,0,8,0,0,0,0,0,1,1,1,40,7,-1,-1,-1,-1,-1,-1
201560S137601,1,19,0,18,0,0,0,0,0,0,1,1,6,3,-1,-1,-1,-1,-1,-1,-1,-1
201560S137601,2,22,0,18,0,0,0,0,1,9,1,1,6,2,75,10,-1,-1,-1,-1,-1,-1
201560S137681,1,9,0,14,0,1,0,0,0,0,1,1,6,2,22,5,-1,-1,-1,-1,-1,-1
201560S137681,2,1,0,14,0,1,0,0,0,0,2,1,6,1,80,11,-1,-1,-1,-1,-1,-1
201560S138034,1,9,0,18,0,0,5,0,1,1,1,1,6,1,69,10,-1,-1,-1,-1,-1,-1
201560S138403,1,9,0,18,0,0,0,0,0,0,3,1,2,2,54,8,-1,-1,-1,-1,-1,-1
201560S138563,1,9,0,18,0,1,0,0,0,0,1,1,6,1,44,7,-1,-1,-1,-1,-1,-1
201560S138563,2,9,0,3,0,1,0,0,0,0,2,1,6,2,53,8,-1,-1,-1,-1,-1,-1
201560S138669,1,9,0,5,0,6,0,0,0,0,1,1,6,1,89,11,-1,-1,-1,-1,-1,-1
201560S138669,2,9,0,18,0,8,0,0,0,0,1,1,6,2,28,6,-1,-1,-1,-1,-1,-1
201560S138952,1,9,0,10,0,6,0,0,0,0,1,1,1,2,62,9,-1,-1,-1,-1,-1,-1
201560S138952,2,9,0,14,0,1,1,0,0,0,1,1,2,2,39,7,-1,-1,-1,-1,-1,-1
201560S138952,3,9,0,3,0,2,0,0,0,0,3,1,2,2,36,7,-1,-1,-1,-1,-1,-1
201560S138952,4,9,0,3,0,2,0,0,0,0,3,1,2,2,19,4,-1,-1,-1,-1,-1,-1
201560S138976,1,9,0,16,0,0,0,0,0,0,1,1,6,2,31,6,-1,-1,-1,-1,-1,-1
201560S138976,2,11,0,17,0,0,0,0,0,0,3,1,1,1,54,8,-1,-1,-1,-1,-1,-1
201560S138976,3,9,0,17,0,0,0,0,0,0,3,1,6,1,51,8,-1,-1,-1,-1,-1,-1
201560S139248,1,9,0,13,0,1,1,0,1,1,1,1,2,1,57,9,-1,-1,-1,-1,-1,-1
201560S139248,2,9,0,9,0,8,0,0,1,1,3,1,2,1,32,6,-1,-1,-1,-1,-1,-1
201560S139266,1,9,0,18,0,0,0,0,0,0,4,1,6,3,-1,-1,-1,-1,-1,-1,-1,-1
201560S139591,1,9,0,16,0,0,1,0,0,0,1,1,6,1,35,6,-1,-1,-1,-1,-1,-1
201560S139591,2,9,0,17,0,0,0,0,1,4,1,1,6,1,62,9,-1,-1,-1,-1,-1,-1
201560S139707,1,9,0,18,0,1,0,0,0,0,1,1,1,1,42,7,-1,-1,-1,-1,-1,-1
201560S139707,2,9,0,10,0,5,0,0,0,0,1,1,1,2,59,9,-1,-1,-1,-1,-1,-1
201560S139707,3,9,0,8,0,1,0,0,0,0,1,1,1,1,51,8,-1,-1,-1,-1,-1,-1
201560S139753,1,9,0,18,0,0,0,0,1,10,1,1,6,2,66,10,-1,-1,-1,-1,-1,-1
201560S139755,1,9,0,18,0,2,0,0,0,0,1,1,6,2,24,5,-1,-1,-1,-1,-1,-1
201560S139785,1,9,0,1,0,1,0,0,0,0,2,1,6,2,89,11,-1,-1,-1,-1,-1,-1
201560S139785,2,22,0,18,0,6,0,0,0,0,3,1,6,2,47,8,-1,-1,-1,-1,-1,-1
201560S139975,1,9,0,18,0,0,0,0,0,0,1,1,6,2,21,5,-1,-1,-1,-1,-1,-1
201560S139975,2,9,0,18,0,0,0,0,0,0,1,1,6,2,59,9,-1,-1,-1,-1,-1,-1
201560S140201,1,9,0,18,0,1,0,0,0,0,1,1,6,1,60,9,-1,-1,-1,-1,-1,-1
201560S140201,2,9,0,4,0,1,0,0,0,0,2,1,6,1,63,9,-1,-1,-1,-1,-1,-1
201560S140371,1,9,0,18,0,1,0,0,0,0,1,1,6,2,27,6,-1,-1,-1,-1,-1,-1
201560S140436,1,9,0,18,0,0,1,0,0,0,1,1,2,1,34,6,-1,-1,-1,-1,-1,-1
201560S140703,1,9,0,16,0,0,2,0,7,11,1,1,2,2,30,6,-1,-1,-1,-1,-1,-1
201560S140714,1,4,0,9,0,5,0,0,0,0,0,1,2,1,39,7,-1,-1,-1,-1,-1,-1
201560S140913,1,9,4,11,0,3,0,0,0,0,4,1,6,1,71,10,-1,-1,-1,-1,-1,-1
201560S140913,2,98,0,18,0,3,0,0,1,0,3,1,1,1,24,5,-1,-1,-1,-1,-1,-1
201560S140989,1,9,0,18,0,8,0,0,3,10,4,1,2,1,60,9,-1,-1,-1,-1,-1,-1
201560S140989,2,9,0,18,0,1,0,0,0,0,1,1,6,2,31,6,-1,-1,-1,-1,-1,-1
201560S141012,1,9,0,16,0,0,2,0,1,11,1,1,6,1,19,4,-1,-1,-1,-1,-1,-1
201560S141022,1,1,0,9,0,6,0,0,0,0,1,1,6,1,8,2,-1,-1,-1,-1,-1,-1
201560S141022,2,9,0,18,0,1,0,0,0,0,1,1,6,1,33,6,-1,-1,-1,-1,-1,-1
201560S141116,1,9,0,14,0,0,0,0,0,0,4,1,6,3,-1,-1,-1,-1,-1,-1,-1,-1
201560S141116,2,3,0,14,0,0,0,0,0,0,3,1,6,1,22,5,-1,-1,-1,-1,-1,-1
201560S141116,3,9,0,2,0,0,0,0,0,0,2,1,6,1,22,5,-1,-1,-1,-1,-1,-1
201560S141149,1,9,0,18,0,0,5,0,5,6,3,1,1,2,22,5,-1,-1,-1,-1,-1,-1
201560S141229,1,19,0,18,0,0,0,0,0,0,1,1,1,1,45,7,-1,-1,-1,-1,-1,-1
201560S141229,2,9,0,3,0,0,0,0,0,0,2,1,6,2,27,6,-1,-1,-1,-1,-1,-1
201560S141243,1,9,0,9,0,6,0,0,0,0,3,1,2,1,61,9,-1,-1,-1,-1,-1,-1
201560S141243,2,9,0,18,0,1,1,0,0,0,1,1,2,2,45,7,-1,-1,-1,-1,-1,-1
201560S141297,1,9,0,16,0,0,0,0,0,0,1,1,2,2,40,7,-1,-1,-1,-1,-1,-1
201560S141297,2,9,0,16,0,0,0,0,0,0,2,1,2,2,46,8,-1,-1,-1,-1,-1,-1
201560S141322,1,9,0,13,0,1,0,0,0,0,4,1,6,1,-1,-1,-1,-1,-1,-1,-1,-1
201560S141322,2,1,0,18,0,1,0,0,0,0,3,1,2,2,50,8,-1,-1,-1,-1,-1,-1
201560S141339,1,9,0,18,0,8,0,0,0,0,2,1,6,2,32,6,-1,-1,-1,-1,-1,-1
201560S141339,2,9,0,18,0,1,0,0,0,0,1,1,6,1,47,8,-1,-1,-1,-1,-1,-1
201560S141340,1,9,0,18,0,1,0,0,0,0,1,1,6,1,-1,-1,-1,-1,-1,-1,-1,-1
201560S141463,1,4,0,18,0,1,1,0,0,0,1,1,6,1,20,4,-1,-1,-1,-1,-1,-1
201560S141463,2,9,0,4,0,1,0,0,0,0,2,1,6,2,36,7,-1,-1,-1,-1,-1,-1
201560S141500,1,9,0,18,0,1,0,0,0,0,1,1,6,1,52,8,-1,-1,-1,-1,-1,-1
201560S141500,2,9,0,3,0,1,0,0,0,0,2,1,2,2,56,9,-1,-1,-1,-1,-1,-1
201560S141500,3,9,0,3,0,1,0,0,0,0,2,1,2,1,28,6,-1,-1,-1,-1,-1,-1
201560S141752,1,9,0,4,0,0,0,0,0,0,1,1,2,2,46,8,-1,-1,-1,-1,-1,-1
201560S141752,2,9,0,4,0,0,0,0,0,0,2,1,2,2,61,9,-1,-1,-1,-1,-1,-1
201560S141752,3,9,0,4,0,0,0,0,0,0,1,1,2,1,59,9,-1,-1,-1,-1,-1,-1
201560S141752,4,9,0,4,0,0,0,0,0,0,2,1,2,2,56,9,-1,-1,-1,-1,-1,-1
201560S141880,1,9,0,18,0,0,0,0,0,0,4,1,1,1,32,6,-1,-1,-1,-1,-1,-1
201560S141880,2,1,0,18,0,0,0,0,0,0,3,1,1,1,31,6,-1,-1,-1,-1,-1,-1
201560S142025,1,1,0,18,0,1,0,0,0,0,1,1,6,2,43,7,-1,-1,-1,-1,-1,-1
201560S142025,2,9,0,9,0,1,0,0,0,0,4,1,6,1,32,6,-1,-1,-1,-1,-1,-1
201560S142133,1,9,0,18,0,1,0,0,0,0,1,1,6,1,-1,-1,-1,-1,-1,-1,-1,-1
201560S142133,2,9,0,10,0,1,0,0,0,0,2,1,6,2,21,5,-1,-1,-1,-1,-1,-1
201560S142157,1,9,0,17,0,0,1,0,7,4,1,1,6,1,19,4,-1,-1,-1,-1,-1,-1
201560S142168,1,9,0,18,0,1,0,0,1,1,1,1,6,2,64,9,-1,-1,-1,-1,-1,-1
201560S142196,1,9,0,4,0,1,0,0,0,0,0,1,6,1,22,5,-1,-1,-1,-1,-1,-1
201560S142196,2,9,0,18,0,1,0,0,0,0,0,-1,1,3,-1,-1,-1,-1,-1,-1,-1,-1
201560S142363,1,9,0,13,0,1,0,0,7,0,1,1,1,2,61,9,-1,-1,-1,-1,-1,-1
201560S142363,2,17,4,9,0,8,0,0,0,0,3,1,1,1,26,6,-1,-1,-1,-1,-1,-1
201560S142511,1,9,0,16,0,0,0,0,0,0,1,1,6,1,83,11,-1,-1,-1,-1,-1,-1
201560S142511,2,9,0,17,0,0,0,0,0,0,1,1,6,1,62,9,-1,-1,-1,-1,-1,-1
201560S142979,1,8,0,18,0,1,0,0,0,0,3,1,1,1,30,6,-1,-1,-1,-1,-1,-1
201560S142979,2,9,0,3,0,1,0,0,0,0,3,1,6,1,54,8,-1,-1,-1,-1,-1,-1
201560S143056,1,9,0,13,0,1,0,0,0,0,1,1,1,2,24,5,-1,-1,-1,-1,-1,-1
201560S143056,2,9,0,9,0,5,0,0,0,0,3,1,6,2,58,9,-1,-1,-1,-1,-1,-1
201560S143077,1,5,0,18,0,0,0,0,0,0,1,1,6,1,72,10,-1,-1,-1,-1,-1,-1
201560S143077,2,9,0,3,0,0,0,0,0,0,2,1,6,1,47,8,-1,-1,-1,-1,-1,-1
201560S143295,1,9,0,18,0,0,0,0,0,0,1,1,6,3,-1,-1,-1,-1,-1,-1,-1,-1
201560S143460,1,9,0,15,0,1,0,0,0,0,1,1,6,1,31,6,-1,-1,-1,-1,-1,-1
201560S143460,2,9,0,9,0,1,0,0,0,0,1,1,6,2,57,9,-1,-1,-1,-1,-1,-1
201560S143492,1,98,4,18,0,1,1,0,0,0,1,1,6,1,46,8,-1,-1,-1,-1,-1,-1
201560S143492,2,9,0,3,0,2,0,0,1,2,2,1,6,1,20,4,-1,-1,-1,-1,-1,-1
201560S143597,1,5,0,7,7,5,0,0,1,0,0,1,6,1,48,8,-1,-1,-1,-1,-1,-1
201560S143683,1,1,0,16,0,0,0,0,0,0,1,1,6,1,20,4,-1,-1,-1,-1,-1,-1
201560S143683,2,97,0,17,0,0,0,0,0,0,3,1,6,1,66,10,-1,-1,-1,-1,-1,-1
201560S144018,1,3,0,18,0,1,1,10,0,0,1,1,6,1,23,5,-1,-1,-1,-1,-1,-1
201560S144082,1,9,0,9,0,6,0,0,0,0,1,1,6,1,50,8,-1,-1,-1,-1,-1,-1
201560S144082,2,9,0,18,0,1,0,0,0,0,1,1,6,2,22,5,-1,-1,-1,-1,-1,-1
201560S144327,1,9,0,16,0,2,1,0,1,11,1,1,6,2,31,6,-1,-1,-1,-1,-1,-1
201560S144424,1,9,0,18,0,1,0,0,0,0,1,1,6,1,47,8,-1,-1,-1,-1,-1,-1
201560S144424,2,9,0,3,0,1,0,0,0,0,2,1,6,1,22,5,-1,-1,-1,-1,-1,-1
201560S144581,1,9,0,4,0,0,0,0,0,0,1,1,3,2,23,5,-1,-1,-1,-1,-1,-1
201560S144581,2,9,0,4,0,0,0,0,0,0,2,1,1,2,33,6,-1,-1,-1,-1,-1,-1
201560S144632,1,98,0,17,0,0,1,10,0,0,1,1,1,1,47,8,-1,-1,-1,-1,-1,-1
201560S144632,2,11,0,16,0,0,0,0,0,0,1,1,1,1,50,8,-1,-1,-1,-1,-1,-1
201560S144762,1,9,0,13,0,1,0,0,0,0,4,1,6,2,36,7,-1,-1,-1,-1,-1,-1
201560S144762,2,9,0,4,0,1,0,0,1,0,0,1,6,1,34,6,-1,-1,-1,-1,-1,-1
201560S144762,3,9,0,18,0,1,0,0,0,0,1,1,6,2,72,10,-1,-1,-1,-1,-1,-1
201560S144771,1,9,0,9,0,2,0,0,0,0,1,1,2,2,19,4,-1,-1,-1,-1,-1,-1
201560S144784,1,9,0,18,0,2,0,0,0,0,1,1,6,1,64,9,-1,-1,-1,-1,-1,-1
201560S144835,1,9,0,15,5,0,0,0,0,0,0,1,6,3,-1,-1,-1,-1,-1,-1,-1,-1
201560S144835,2,11,0,16,0,0,0,0,0,0,1,1,1,1,71,10,-1,-1,-1,-1,-1,-1
201560S144844,1,19,0,18,0,1,0,0,0,0,1,1,1,1,43,7,-1,-1,-1,-1,-1,-1
201560S144844,2,9,0,4,0,1,0,0,0,0,2,1,6,1,58,9,-1,-1,-1,-1,-1,-1
201560S145174,1,9,0,9,0,1,1,0,0,0,1,1,6,1,27,6,-1,-1,-1,-1,-1,-1
201560S145174,2,9,0,18,0,1,0,0,0,0,1,1,2,2,48,8,-1,-1,-1,-1,-1,-1
201560S145174,3,9,0,18,0,1,0,0,0,0,0,1,1,2,36,7,-1,-1,-1,-1,-1,-1
201560S145255,1,9,0,18,0,0,0,4,0,0,1,1,1,1,79,11,-1,-1,-1,-1,-1,-1
201560S145255,2,98,1,2,0,0,0,0,0,0,2,1,1,1,25,5,-1,-1,-1,-1,-1,-1
201560S145621,1,9,0,5,0,0,0,0,0,0,2,1,3,1,72,10,-1,-1,-1,-1,-1,-1
201560S145669,1,9,0,1,0,0,0,0,0,0,2,1,6,2,76,11,-1,-1,-1,-1,-1,-1
201560S145671,1,9,0,16,0,0,0,0,0,0,4,1,6,3,-1,-1,-1,-1,-1,-1,-1,-1
201560S145844,1,9,0,18,9,0,0,0,1,0,4,1,6,2,59,9,-1,-1,-1,-1,-1,-1
201560S146131,1,9,0,9,0,6,0,0,0,0,1,1,6,1,22,5,-1,-1,-1,-1,-1,-1
201560S146131,2,19,0,18,0,1,1,0,7,0,1,1,6,1,20,4,-1,-1,-1,-1,-1,-1
201560S146212,1,9,0,16,0,1,0,0,0,0,0,1,6,1,-1,-1,-1,-1,-1,-1,-1,-1
201560S146212,2,1,0,17,0,1,1,0,1,0,0,1,6,1,43,7,-1,-1,-1,-1,-1,-1
201560S146825,1,9,0,5,0,1,0,4,7,11,2,1,6,2,80,11,-1,-1,-1,-1,-1,-1
201560S146825,2,9,0,2,0,1,0,0,0,0,1,1,6,1,-1,-1,-1,-1,-1,-1,-1,-1
201560S146825,3,9,0,2,0,1,0,0,0,0,2,1,6,1,-1,-1,-1,-1,-1,-1,-1,-1
201560S146867,1,5,0,18,0,0,1,0,7,4,3,1,6,1,41,7,-1,-1,-1,-1,-1,-1
201560S146881,1,9,0,18,0,1,0,0,0,0,1,1,6,2,42,7,-1,-1,-1,-1,-1,-1
201560S146881,2,9,0,3,0,1,0,0,0,0,2,1,6,2,19,4,-1,-1,-1,-1,-1,-1
201560S146881,3,90,0,9,0,6,0,0,0,0,0,1,1,1,65,9,-1,-1,-1,-1,-1,-1
201560S146894,1,9,0,9,0,2,0,0,0,0,1,1,6,2,71,10,-1,-1,-1,-1,-1,-1
201560S146924,1,9,0,18,0,2,0,0,0,0,4,1,6,3,-1,-1,-1,-1,-1,-1,-1,-1
201560S146953,1,9,0,13,0,0,1,0,7,10,1,1,2,1,26,6,-1,-1,-1,-1,-1,-1
201560S146953,2,9,0,18,0,0,1,0,7,10,1,1,6,1,77,11,-1,-1,-1,-1,-1,-1
201560S146953,3,98,0,18,0,0,0,0,0,0,0,1,1,3,-1,-1,-1,-1,-1,-1,-1,-1
201560S147017,1,9,0,18,0,1,0,0,0,0,1,1,6,2,69,10,-1,-1,-1,-1,-1,-1
201560S147017,2,9,0,3,0,1,0,0,0,0,2,1,6,1,25,5,-1,-1,-1,-1,-1,-1
201560S147017,3,9,0,10,0,1,0,0,0,0,2,1,6,1,70,10,-1,-1,-1,-1,-1,-1
201560S147084,1,9,0,18,0,1,1,0,0,0,1,1,2,2,56,9,-1,-1,-1,-1,-1,-1
201560S147084,2,9,0,18,0,2,0,0,0,0,1,1,6,2,45,7,-1,-1,-1,-1,-1,-1
201560S147089,1,9,0,18,0,8,1,0,0,0,4,1,6,1,38,7,-1,-1,-1,-1,-1,-1
201560S147089,2,9,0,18,0,8,0,0,0,0,1,1,6,2,22,5,-1,-1,-1,-1,-1,-1
201560S147443,1,9,0,18,0,1,0,0,0,0,1,1,6,1,31,6,-1,-1,-1,-1,-1,-1
201560S147443,2,9,0,3,0,1,0,0,0,0,2,1,1,1,30,6,-1,-1,-1,-1,-1,-1
201560S147499,1,1,0,18,0,2,0,4,0,0,1,1,6,1,26,6,-1,-1,-1,-1,-1,-1
201560S147499,2,9,0,2,0,2,0,0,0,0,2,1,6,3,-1,-1,-1,-1,-1,-1,-1,-1
201560S147587,1,4,0,17,0,6,0,0,1,11,4,1,6,1,24,5,-1,-1,-1,-1,-1,-1
201560S148077,1,9,0,18,0,0,0,0,0,0,1,1,6,3,-1,-1,-1,-1,-1,-1,-1,-1
201560S148077,2,1,0,18,0,0,0,0,0,0,2,1,6,1,30,6,-1,-1,-1,-1,-1,-1
201560S148099,1,9,0,16,0,0,0,0,0,0,3,1,6,2,30,6,-1,-1,-1,-1,-1,-1
201560S148099,2,9,0,17,0,0,0,0,0,0,3,1,6,1,48,8,-1,-1,-1,-1,-1,-1
201560S148138,1,5,0,13,0,0,0,0,0,0,0,1,6,1,-1,-1,-1,-1,-1,-1,-1,-1
201560S148138,2,9,0,18,0,0,1,0,7,9,3,1,6,2,46,8,-1,-1,-1,-1,-1,-1
201560S148138,3,5,0,13,0,0,0,0,7,9,4,1,6,1,51,8,-1,-1,-1,-1,-1,-1
201560S148159,1,9,0,9,0,6,0,0,0,0,1,1,6,2,35,6,-1,-1,-1,-1,-1,-1
201560S148159,2,9,0,16,0,1,0,0,0,0,4,1,6,1,40,7,-1,-1,-1,-1,-1,-1
201560S148698,1,9,0,18,0,4,0,0,0,0,1,1,6,2,70,10,-1,-1,-1,-1,-1,-1
201560S148698,2,4,0,9,0,8,0,0,0,0,4,1,6,1,29,6,-1,-1,-1,-1,-1,-1