Accident_Index,Vehicle_Reference,Vehicle_Type,Towing_and_Articulation,Vehicle_Manoeuvre,Vehicle_Location-Restricted_Lane,Junction_Location,Skidding_and_Overturning,Hit_Object_in_Carriageway,Vehicle_Leaving_Carriageway,Hit_Object_off_Carriageway,1st_Point_of_Impact,Was_Vehicle_Left_Hand_Drive?,Journey_Purpose_of_Driver,Sex_of_Driver,Age_of_Driver,Age_Band_of_Driver,Engine_Capacity_(CC),Propulsion_Code,Age_of_Vehicle,Driver_IMD_Decile,Driver_Home_Area_Type,Vehicle_IMD_Decile
201560S171950,3,9,0,3,0,1,0,0,0,0,1,1,6,2,21,5,-1,-1,-1,-1,-1,-1
201560S171969,1,9,0,16,0,0,0,10,0,0,1,1,6,1,47,8,-1,-1,-1,-1,-1,-1
201560S171969,2,9,0,17,0,0,0,0,0,0,1,1,6,1,21,5,-1,-1,-1,-1,-1,-1
201560S172126,1,9,0,12,0,0,0,0,0,0,0,1,6,1,-1,-1,-1,-1,-1,-1,-1,-1
201560S172126,2,9,0,11,0,0,0,0,0,0,0,1,6,1,29,6,-1,-1,-1,-1,-1,-1
201560S172234,1,9,0,1,0,1,0,0,0,0,2,1,1,1,23,5,-1,-1,-1,-1,-1,-1
201560S172260,1,9,0,17,0,3,1,0,1,3,1,1,6,2,45,7,-1,-1,-1,-1,-1,-1
201560S172454,1,9,0,16,0,0,0,0,7,9,1,1,6,1,56,9,-1,-1,-1,-1,-1,-1
201560S172611,1,9,0,16,0,0,1,0,1,11,3,1,6,2,22,5,-1,-1,-1,-1,-1,-1
201560S172636,1,9,0,16,0,1,0,0,0,0,1,1,6,2,56,9,-1,-1,-1,-1,-1,-1
201560S172636,2,9,0,4,0,1,0,0,0,0,2,1,1,2,38,7,-1,-1,-1,-1,-1,-1
201560S172636,3,9,0,4,0,1,0,0,0,0,2,1,1,1,45,7,-1,-1,-1,-1,-1,-1
201560S172636,4,9,0,4,0,1,0,0,0,0,2,1,1,2,42,7,-1,-1,-1,-1,-1,-1
201560S172686,1,21,0,18,0,8,5,0,1,0,4,1,1,1,56,9,-1,-1,-1,-1,-1,-1
201560S172835,1,9,0,18,0,1,0,0,0,0,4,1,6,2,26,6,-1,-1,-1,-1,-1,-1
201560S172904,1,1,0,17,0,0,0,0,0,0,1,1,6,1,71,10,-1,-1,-1,-1,-1,-1
201560S172904,2,9,0,2,0,0,0,0,0,0,2,1,6,3,-1,-1,-1,-1,-1,-1,-1,-1
201560S172967,1,9,0,9,0,8,0,0,0,0,1,1,6,2,63,9,-1,-1,-1,-1,-1,-1
201560S173022,1,9,0,18,0,0,0,0,0,0,1,1,6,1,65,9,-1,-1,-1,-1,-1,-1
201560S173022,2,19,0,18,0,0,0,0,0,0,1,1,6,1,42,7,-1,-1,-1,-1,-1,-1
201560S173091,1,9,0,18,0,0,0,12,0,0,1,1,6,2,50,8,-1,-1,-1,-1,-1,-1
201560S173226,1,9,0,5,0,8,0,0,0,0,1,1,6,2,41,7,-1,-1,-1,-1,-1,-1
201560S173226,2,98,0,18,0,1,0,0,0,0,1,1,1,1,41,7,-1,-1,-1,-1,-1,-1
201560S173463,1,9,0,9,0,6,0,0,0,0,3,1,6,2,49,8,-1,-1,-1,-1,-1,-1
201560S173463,2,9,0,18,0,8,0,0,0,0,1,1,6,1,22,5,-1,-1,-1,-1,-1,-1
201560S173703,1,9,0,18,0,0,0,0,0,0,1,1,2,2,18,4,-1,-1,-1,-1,-1,-1
201560S173703,2,9,0,3,0,0,0,0,0,0,2,1,6,2,28,6,-1,-1,-1,-1,-1,-1
201560S173703,3,9,0,18,0,0,0,0,0,0,2,1,6,2,33,6,-1,-1,-1,-1,-1,-1
201560S173930,1,9,0,14,0,0,0,0,0,0,1,1,1,1,42,7,-1,-1,-1,-1,-1,-1
201560S173930,2,11,0,2,0,0,0,0,0,0,0,1,1,1,57,9,-1,-1,-1,-1,-1,-1
201560S174217,1,9,0,9,0,6,0,0,0,0,2,1,6,2,53,8,-1,-1,-1,-1,-1,-1
201560S174217,2,3,0,18,0,1,1,0,0,0,1,1,6,1,22,5,-1,-1,-1,-1,-1,-1
201560S174286,1,9,0,18,0,1,1,0,0,0,1,1,6,2,56,9,-1,-1,-1,-1,-1,-1
201560S174286,2,9,0,10,0,1,0,0,0,0,2,1,6,2,28,6,-1,-1,-1,-1,-1,-1
201560S174340,1,9,0,7,0,1,0,0,0,0,1,1,6,1,79,11,-1,-1,-1,-1,-1,-1
201560S174340,2,1,0,18,0,1,0,0,0,0,4,1,6,1,68,10,-1,-1,-1,-1,-1,-1
201560S174565,1,9,0,7,0,1,0,0,0,0,1,1,1,1,31,6,-1,-1,-1,-1,-1,-1
201560S174648,1,9,0,16,0,0,0,0,2,10,4,1,6,1,25,5,-1,-1,-1,-1,-1,-1
201560S174798,1,98,0,1,0,8,0,0,0,0,2,1,1,1,54,8,-1,-1,-1,-1,-1,-1
201560S175409,1,9,0,17,0,0,0,0,2,10,4,1,6,1,35,6,-1,-1,-1,-1,-1,-1
201560S175499,1,9,0,18,0,0,1,0,2,0,1,1,6,1,36,7,-1,-1,-1,-1,-1,-1
201560S175499,2,9,0,18,0,0,0,0,1,11,2,1,6,2,22,5,-1,-1,-1,-1,-1,-1
201560S175611,1,9,0,17,0,0,0,0,0,0,1,1,6,1,30,6,-1,-1,-1,-1,-1,-1
201560S175611,2,4,0,16,0,0,0,0,0,0,1,1,6,1,72,10,-1,-1,-1,-1,-1,-1
201560S175690,1,9,0,16,0,0,1,0,0,0,1,1,6,1,20,4,-1,-1,-1,-1,-1,-1
201560S175690,2,9,0,14,0,0,0,0,0,0,1,1,6,1,42,7,-1,-1,-1,-1,-1,-1
201560S175690,3,9,0,2,0,0,0,0,0,0,3,1,6,1,50,8,-1,-1,-1,-1,-1,-1
201560S175744,1,9,0,18,0,4,0,0,0,0,1,1,1,1,21,5,-1,-1,-1,-1,-1,-1
201560S175744,2,9,0,9,0,8,0,0,0,0,1,1,6,2,26,6,-1,-1,-1,-1,-1,-1
201560S175782,1,9,0,18,0,0,1,11,1,0,4,1,6,2,48,8,-1,-1,-1,-1,-1,-1
201560S175789,1,9,0,16,0,0,1,0,1,10,4,1,6,1,23,5,-1,-1,-1,-1,-1,-1
201560S175878,1,9,0,18,0,1,0,0,0,0,1,1,6,3,-1,-1,-1,-1,-1,-1,-1,-1
201560S175878,2,9,0,4,0,1,0,0,0,0,2,1,6,2,33,6,-1,-1,-1,-1,-1,-1
201560S175929,1,9,0,18,0,0,0,0,0,0,1,1,6,2,50,8,-1,-1,-1,-1,-1,-1
201560S175929,2,9,0,3,0,0,0,0,0,0,2,1,6,2,23,5,-1,-1,-1,-1,-1,-1
201560S175929,3,9,0,3,0,0,0,0,0,0,2,1,6,1,76,11,-1,-1,-1,-1,-1,-1
201560S176152,1,9,0,7,0,6,0,0,0,0,1,1,2,1,51,8,-1,-1,-1,-1,-1,-1
201560S176152,2,1,0,18,0,8,0,0,0,0,3,1,2,1,42,7,-1,-1,-1,-1,-1,-1
201560S176301,1,9,0,16,0,0,1,0,8,2,1,1,2,2,26,6,-1,-1,-1,-1,-1,-1
201560S176438,1,9,0,18,0,0,2,0,8,10,1,1,6,2,23,5,-1,-1,-1,-1,-1,-1
201560S176682,1,9,0,18,0,0,0,0,0,0,1,1,6,1,24,5,-1,-1,-1,-1,-1,-1
201560S176682,2,9,0,18,0,0,0,0,0,0,2,1,6,1,17,4,-1,-1,-1,-1,-1,-1
201560S176682,3,9,0,18,0,0,0,0,0,0,0,1,6,1,17,4,-1,-1,-1,-1,-1,-1
201560S176682,4,9,0,18,0,0,0,0,0,0,0,1,1,1,40,7,-1,-1,-1,-1,-1,-1
201560S177041,1,9,0,17,0,0,1,0,7,9,1,1,6,2,33,6,-1,-1,-1,-1,-1,-1
201560S177136,1,9,0,18,0,0,5,0,1,11,4,1,6,1,83,11,-1,-1,-1,-1,-1,-1
201560S177238,1,9,0,9,0,6,0,0,0,0,1,1,6,1,51,8,-1,-1,-1,-1,-1,-1
201560S177238,2,9,0,18,0,1,0,0,0,0,1,1,6,2,43,7,-1,-1,-1,-1,-1,-1
201560S177252,1,9,0,4,0,1,0,0,0,0,1,1,6,2,55,8,-1,-1,-1,-1,-1,-1
201560S177252,2,9,0,3,0,1,0,0,0,0,2,1,6,2,55,8,-1,-1,-1,-1,-1,-1
201560S177264,1,5,0,18,0,1,0,0,0,0,1,1,6,1,45,7,-1,-1,-1,-1,-1,-1
201560S177264,2,9,0,9,0,6,0,0,0,0,1,1,6,2,54,8,-1,-1,-1,-1,-1,-1
201560S177327,1,9,0,18,0,0,1,0,2,7,1,1,6,2,50,8,-1,-1,-1,-1,-1,-1
201560S177327,2,9,0,18,0,0,1,0,4,6,2,1,6,2,48,8,-1,-1,-1,-1,-1,-1
201560S177399,1,9,0,18,0,0,5,0,0,0,1,1,6,1,19,4,-1,-1,-1,-1,-1,-1
201560S177546,1,9,4,16,0,0,0,0,1,1,1,1,6,1,47,8,-1,-1,-1,-1,-1,-1
201560S177758,1,9,0,17,0,0,1,10,2,7,1,1,6,2,28,6,-1,-1,-1,-1,-1,-1
201560S177758,2,9,0,16,0,0,1,0,0,0,1,1,6,1,31,6,-1,-1,-1,-1,-1,-1
201560S178034,1,21,0,5,0,0,0,0,0,0,1,1,1,1,50,8,-1,-1,-1,-1,-1,-1
201560S178046,1,9,0,17,0,0,2,10,7,0,1,1,1,1,30,6,-1,-1,-1,-1,-1,-1
201560S178193,1,11,0,16,0,0,0,0,0,0,1,1,1,1,65,9,-1,-1,-1,-1,-1,-1
201560S178193,2,9,0,17,0,0,0,0,0,0,1,1,6,1,55,8,-1,-1,-1,-1,-1,-1
201560S178252,1,9,0,18,0,1,0,0,0,0,1,1,6,1,22,5,-1,-1,-1,-1,-1,-1
201560S178252,2,9,0,10,0,1,0,0,0,0,2,1,6,2,31,6,-1,-1,-1,-1,-1,-1
201560S178295,1,9,0,4,0,8,0,0,0,0,4,1,6,1,23,5,-1,-1,-1,-1,-1,-1
201560S178295,2,9,0,18,0,8,0,0,0,0,3,1,6,1,43,7,-1,-1,-1,-1,-1,-1
201560S178591,1,9,0,17,0,0,2,0,0,0,3,1,6,1,22,5,-1,-1,-1,-1,-1,-1
201560S178591,2,9,0,18,0,0,0,0,0,0,1,1,6,1,74,10,-1,-1,-1,-1,-1,-1
201560S178648,1,9,0,13,0,0,1,0,0,0,1,1,6,1,42,7,-1,-1,-1,-1,-1,-1
201560S178648,2,9,0,18,0,0,1,0,0,0,2,1,6,1,43,7,-1,-1,-1,-1,-1,-1
201560S178648,3,9,0,18,0,0,0,0,0,0,2,1,6,1,79,11,-1,-1,-1,-1,-1,-1
201560S178648,4,19,0,2,0,0,0,0,0,0,1,1,1,2,42,7,-1,-1,-1,-1,-1,-1
201560S178994,1,9,0,17,0,0,0,0,0,0,1,1,6,1,25,5,-1,-1,-1,-1,-1,-1
201560S178994,2,9,0,16,0,0,0,0,0,0,1,1,1,1,66,10,-1,-1,-1,-1,-1,-1
201560S179228,1,9,0,9,0,1,1,0,0,0,3,1,6,2,38,7,-1,-1,-1,-1,-1,-1
201560S179228,2,9,0,13,0,1,0,0,7,11,4,1,6,1,30,6,-1,-1,-1,-1,-1,-1
201560S179302,1,2,0,9,0,8,0,0,0,0,2,1,6,2,29,6,-1,-1,-1,-1,-1,-1
201560S179302,2,9,0,18,0,8,0,0,0,0,1,1,6,1,25,5,-1,-1,-1,-1,-1,-1
201560S179393,1,4,0,16,0,0,2,0,0,0,3,1,6,1,20,4,-1,-1,-1,-1,-1,-1
201560S179510,1,9,0,9,0,2,0,0,0,0,4,1,3,2,31,6,-1,-1,-1,-1,-1,-1
201560S179510,2,9,0,18,0,1,0,0,0,0,4,1,3,2,29,6,-1,-1,-1,-1,-1,-1
201560S179594,1,9,0,18,0,2,0,0,0,0,1,1,6,1,47,8,-1,-1,-1,-1,-1,-1
201560S179777,1,9,0,9,0,5,0,0,0,0,1,1,6,1,69,10,-1,-1,-1,-1,-1,-1
201560S179777,2,1,0,18,0,1,0,0,0,0,1,1,6,1,40,7,-1,-1,-1,-1,-1,-1
201560S179928,1,9,0,17,0,0,2,0,1,11,1,1,6,1,20,4,-1,-1,-1,-1,-1,-1
201560S180110,1,9,0,11,0,0,0,0,0,0,2,1,6,2,43,7,-1,-1,-1,-1,-1,-1
201560S180110,2,98,0,18,0,0,0,0,0,0,1,1,1,3,-1,-1,-1,-1,-1,-1,-1,-1
201560S180352,1,9,0,18,0,0,0,0,0,0,1,1,6,3,-1,-1,-1,-1,-1,-1,-1,-1
201560S180352,2,9,0,2,0,0,0,0,0,0,2,1,6,1,21,5,-1,-1,-1,-1,-1,-1
201560S180632,1,9,0,11,0,8,0,0,0,0,1,1,6,3,-1,-1,-1,-1,-1,-1,-1,-1
201560S180632,2,9,0,18,0,8,0,0,0,0,1,1,6,2,30,6,-1,-1,-1,-1,-1,-1
201560S180690,1,9,0,18,0,0,1,0,5,0,1,1,2,1,43,7,-1,-1,-1,-1,-1,-1
201560S180690,2,9,0,16,0,0,0,0,0,0,1,1,2,1,31,6,-1,-1,-1,-1,-1,-1
201560S180690,3,9,0,16,0,0,0,0,0,0,1,1,2,1,40,7,-1,-1,-1,-1,-1,-1
201560S180709,1,9,0,18,0,0,0,0,0,0,2,1,6,1,28,6,-1,-1,-1,-1,-1,-1
201560S180709,2,9,0,18,0,0,1,0,1,1,1,1,6,1,56,9,-1,-1,-1,-1,-1,-1
201560S180709,3,9,0,18,0,0,0,0,0,0,1,1,6,1,43,7,-1,-1,-1,-1,-1,-1
201560S180709,4,9,0,18,0,0,2,0,0,0,1,1,6,2,23,5,-1,-1,-1,-1,-1,-1
201560S180796,1,9,0,5,0,6,0,0,0,0,2,1,6,1,54,8,-1,-1,-1,-1,-1,-1
201560S180796,2,4,0,18,0,1,0,0,0,0,1,1,6,1,30,6,-1,-1,-1,-1,-1,-1
201560S181150,1,17,4,18,0,0,0,0,0,0,3,1,6,1,19,4,-1,-1,-1,-1,-1,-1
201560S181150,2,9,0,13,0,0,0,0,0,0,4,1,6,1,40,7,-1,-1,-1,-1,-1,-1
201560S181168,1,9,0,18,0,0,0,0,0,0,1,1,6,2,35,6,-1,-1,-1,-1,-1,-1
201560S181168,2,9,0,4,0,0,0,0,0,0,2,1,6,2,60,9,-1,-1,-1,-1,-1,-1
201560S181209,1,1,0,18,0,0,0,0,0,0,4,1,2,1,42,7,-1,-1,-1,-1,-1,-1
201560S181209,2,9,0,18,0,0,0,0,0,0,0,1,6,3,-1,-1,-1,-1,-1,-1,-1,-1
201560S181209,3,9,0,2,0,0,0,0,0,0,3,1,6,3,-1,-1,-1,-1,-1,-1,-1,-1
201560S181313,1,9,0,16,0,1,1,0,0,0,1,1,6,1,19,4,-1,-1,-1,-1,-1,-1
201560S181313,2,9,0,17,0,1,0,0,0,0,1,1,6,1,25,5,-1,-1,-1,-1,-1,-1
201560S181422,1,19,0,17,0,0,2,0,1,0,1,1,6,1,21,5,-1,-1,-1,-1,-1,-1
201560S181778,1,9,0,18,0,0,0,0,0,0,1,1,6,2,54,8,-1,-1,-1,-1,-1,-1
201560S181881,1,8,0,18,0,0,0,12,1,10,1,1,1,1,29,6,-1,-1,-1,-1,-1,-1
201560S181881,2,9,0,18,0,0,0,0,0,0,0,1,6,1,56,9,-1,-1,-1,-1,-1,-1
201560S181921,1,9,0,9,0,1,0,0,1,10,1,1,6,1,21,5,-1,-1,-1,-1,-1,-1
201560S181921,2,9,0,18,0,1,0,0,0,0,1,1,6,1,39,7,-1,-1,-1,-1,-1,-1
201560S181942,1,9,0,18,0,0,1,0,0,0,1,1,6,1,39,7,-1,-1,-1,-1,-1,-1
201560S181942,2,9,0,18,0,0,1,0,0,0,1,1,6,1,20,4,-1,-1,-1,-1,-1,-1
201560S181945,1,9,0,16,0,0,0,0,0,0,1,1,6,3,-1,-1,-1,-1,-1,-1,-1,-1
201560S181945,2,9,0,17,0,0,1,0,0,0,1,1,1,1,40,7,-1,-1,-1,-1,-1,-1
201560S182573,1,9,0,17,0,0,1,0,7,11,1,1,6,2,35,6,-1,-1,-1,-1,-1,-1
201560S182640,1,9,0,5,0,8,0,0,0,0,1,1,6,1,86,11,-1,-1,-1,-1,-1,-1
201560S182640,2,9,0,18,0,1,0,0,0,0,1,1,6,1,46,8,-1,-1,-1,-1,-1,-1
201560S182832,1,90,0,18,0,0,0,0,0,0,1,1,6,3,-1,-1,-1,-1,-1,-1,-1,-1
201560S182957,1,9,0,18,0,1,0,0,0,0,1,1,6,1,32,6,-1,-1,-1,-1,-1,-1
201560S182957,2,9,0,18,0,1,0,0,0,0,2,1,6,2,77,11,-1,-1,-1,-1,-1,-1
201560S183019,1,9,0,18,0,0,0,0,0,0,4,1,6,3,-1,-1,-1,-1,-1,-1,-1,-1
201560S183080,1,9,0,7,0,8,0,0,0,0,1,1,6,3,-1,-1,-1,-1,-1,-1,-1,-1
201560S183080,2,1,0,3,0,1,0,0,0,0,1,1,6,1,23,5,-1,-1,-1,-1,-1,-1
201560S183240,1,9,0,16,0,1,1,0,0,0,1,1,6,1,28,6,-1,-1,-1,-1,-1,-1
201560S183240,2,9,0,17,0,2,0,0,0,0,1,1,6,2,34,6,-1,-1,-1,-1,-1,-1
201560S183240,3,9,0,10,0,1,0,0,0,0,0,1,6,3,-1,-1,-1,-1,-1,-1,-1,-1
201560S183254,1,9,0,1,0,2,0,0,0,0,2,1,1,1,35,6,-1,-1,-1,-1,-1,-1
201560S183259,1,9,0,17,0,0,2,0,7,11,4,1,6,1,58,9,-1,-1,-1,-1,-1,-1
201560S183665,1,9,0,18,0,1,0,0,0,0,1,1,6,3,-1,-1,-1,-1,-1,-1,-1,-1
201560S183665,2,9,0,3,0,1,0,0,0,0,2,1,6,1,21,5,-1,-1,-1,-1,-1,-1
201560S183774,1,9,0,18,0,1,1,0,7,11,1,1,6,2,49,8,-1,-1,-1,-1,-1,-1
201560S184043,1,98,1,9,0,8,0,0,0,0,3,2,1,3,-1,-1,-1,-1,-1,-1,-1,-1
201560S184043,2,9,0,9,0,8,0,0,0,0,4,1,6,2,25,5,-1,-1,-1,-1,-1,-1
201560S184278,1,19,0,18,0,0,0,0,0,0,1,1,1,1,61,9,-1,-1,-1,-1,-1,-1
201560S184288,1,19,0,5,0,1,0,0,0,0,1,1,2,1,44,7,-1,-1,-1,-1,-1,-1
201560S184288,2,1,0,18,0,1,0,0,0,0,1,1,2,1,58,9,-1,-1,-1,-1,-1,-1
201560S184469,1,8,0,9,0,2,0,0,0,0,1,1,2,1,39,7,-1,-1,-1,-1,-1,-1
201560S184469,2,9,0,3,0,1,0,0,0,0,1,1,6,2,26,6,-1,-1,-1,-1,-1,-1
201560S184595,1,9,0,7,0,1,0,0,0,0,1,1,2,1,59,9,-1,-1,-1,-1,-1,-1
201560S184595,2,3,0,3,0,1,0,0,0,0,2,1,2,1,20,4,-1,-1,-1,-1,-1,-1
201560S184734,1,9,0,18,0,1,0,0,0,0,1,1,6,1,23,5,-1,-1,-1,-1,-1,-1
201560S184734,2,9,0,10,0,1,0,0,0,0,2,1,6,2,35,6,-1,-1,-1,-1,-1,-1
201560S184742,1,9,0,16,0,1,0,0,0,0,1,1,6,1,50,8,-1,-1,-1,-1,-1,-1
201560S184742,2,9,0,7,0,5,0,0,0,0,1,1,6,1,44,7,-1,-1,-1,-1,-1,-1
201560S184761,1,9,0,18,0,1,0,0,0,0,1,1,6,1,19,4,-1,-1,-1,-1,-1,-1
201560S184761,2,9,0,4,0,1,0,0,0,0,2,1,2,1,30,6,-1,-1,-1,-1,-1,-1
201560S185312,1,9,0,18,0,0,0,0,0,0,4,1,6,3,-1,-1,-1,-1,-1,-1,-1,-1
201560S185445,1,9,0,18,0,0,0,0,0,0,1,1,6,1,42,7,-1,-1,-1,-1,-1,-1
201560S185723,1,9,0,9,0,6,0,0,0,0,1,1,6,1,19,4,-1,-1,-1,-1,-1,-1
201560S185723,2,9,0,18,0,1,0,0,0,0,1,1,6,1,59,9,-1,-1,-1,-1,-1,-1
201560S186550,1,9,0,16,0,0,0,0,7,11,1,1,6,1,27,6,-1,-1,-1,-1,-1,-1
201560S186550,2,9,0,18,0,0,0,11,0,0,1,1,6,1,30,6,-1,-1,-1,-1,-1,-1
201560S186569,1,9,0,18,0,1,0,0,0,0,1,1,6,3,-1,-1,-1,-1,-1,-1,-1,-1
201560S186829,1,9,0,13,0,0,0,0,0,0,0,1,6,1,21,5,-1,-1,-1,-1,-1,-1
201560S186829,2,1,0,18,0,0,0,0,0,0,0,1,6,1,48,8,-1,-1,-1,-1,-1,-1
201560S187032,1,3,0,9,0,1,0,0,0,0,1,1,6,1,37,7,-1,-1,-1,-1,-1,-1
201560S187032,2,9,0,18,0,1,0,0,0,0,1,1,6,2,33,6,-1,-1,-1,-1,-1,-1
201560S187033,1,9,0,7,0,3,0,0,0,0,1,1,2,2,33,6,-1,-1,-1,-1,-1,-1
201560S187089,1,90,0,7,0,1,0,0,0,0,2,1,1,1,49,8,-1,-1,-1,-1,-1,-1
201560S187089,2,9,0,18,0,1,0,0,0,0,1,1,6,1,49,8,-1,-1,-1,-1,-1,-1
201560S187176,1,98,0,18,9,0,0,0,0,0,4,1,6,1,-1,-1,-1,-1,-1,-1,-1,-1
201560S187300,1,9,0,18,0,1,0,0,0,0,1,1,6,2,59,9,-1,-1,-1,-1,-1,-1
201560S187372,1,9,0,5,0,0,0,0,0,0,3,1,6,1,21,5,-1,-1,-1,-1,-1,-1
201560S187372,2,9,0,18,0,0,0,0,0,0,4,1,6,1,74,10,-1,-1,-1,-1,-1,-1
201560S187420,1,9,0,18,0,0,0,4,2,6,1,1,6,1,72,10,-1,-1,-1,-1,-1,-1
201560S187420,2,17,4,2,0,0,0,0,0,0,3,1,1,1,46,8,-1,-1,-1,-1,-1,-1
201560S187485,1,9,0,16,0,0,2,0,1,0,1,1,6,1,43,7,-1,-1,-1,-1,-1,-1
201560S187485,2,9,0,16,0,0,0,0,0,0,1,1,6,2,45,7,-1,-1,-1,-1,-1,-1
201560S187544,1,3,0,4,0,1,1,0,1,0,1,1,2,1,25,5,-1,-1,-1,-1,-1,-1
201560S187544,2,9,0,3,0,1,0,0,0,0,2,1,2,1,52,8,-1,-1,-1,-1,-1,-1
201560S187585,1,9,0,17,0,0,0,0,1,7,1,1,6,1,25,5,-1,-1,-1,-1,-1,-1
201560S187598,1,1,0,18,0,0,0,0,0,0,1,1,6,1,25,5,-1,-1,-1,-1,-1,-1
201560S187598,2,9,0,18,0,0,0,0,0,0,1,1,6,2,36,7,-1,-1,-1,-1,-1,-1
201560S188021,1,9,0,18,0,1,0,0,0,0,1,1,6,1,25,5,-1,-1,-1,-1,-1,-1
201560S188021,2,9,0,9,0,1,0,0,0,0,2,1,6,1,43,7,-1,-1,-1,-1,-1,-1
201560S188023,1,9,0,13,0,0,1,0,0,0,4,1,6,1,35,6,-1,-1,-1,-1,-1,-1
201560S188023,2,9,0,18,0,0,1,0,0,0,3,1,2,1,46,8,-1,-1,-1,-1,-1,-1
201560S188084,1,98,0,1,0,2,0,0,0,0,2,1,1,3,-1,-1,-1,-1,-1,-1,-1,-1
201560S188084,2,9,0,3,0,2,0,0,0,0,1,1,6,2,63,9,-1,-1,-1,-1,-1,-1
201560S188171,1,9,0,9,0,8,0,0,0,0,1,1,1,1,44,7,-1,-1,-1,-1,-1,-1
201560S188171,2,9,0,18,0,1,0,0,0,0,1,1,6,1,47,8,-1,-1,-1,-1,-1,-1
201560S188310,1,9,0,16,0,0,0,0,0,0,1,1,6,1,20,4,-1,-1,-1,-1,-1,-1
201560S188310,2,19,0,17,0,0,0,0,1,10,1,1,1,1,29,6,-1,-1,-1,-1,-1,-1
201560S188657,1,9,0,9,0,1,0,0,0,0,1,1,6,3,-1,-1,-1,-1,-1,-1,-1,-1
201560S188657,2,1,0,18,0,1,0,0,0,0,2,1,6,1,20,4,-1,-1,-1,-1,-1,-1
201560S188920,1,98,0,9,0,6,0,0,0,0,1,1,1,1,36,7,-1,-1,-1,-1,-1,-1
201560S188920,2,9,0,18,0,1,0,0,0,0,3,1,6,1,87,11,-1,-1,-1,-1,-1,-1
201560S188973,1,9,0,2,0,0,0,0,0,0,3,1,6,2,22,5,-1,-1,-1,-1,-1,-1
201560S188973,2,1,0,18,0,0,0,0,0,0,1,1,6,1,44,7,-1,-1,-1,-1,-1,-1
201560S189038,1,20,0,18,0,0,0,0,0,0,1,1,1,1,25,5,-1,-1,-1,-1,-1,-1
201560S189038,2,9,0,18,0,0,0,0,0,0,2,1,6,1,60,9,-1,-1,-1,-1,-1,-1
201560S189038,3,9,0,4,0,0,0,0,0,0,2,1,6,1,46,8,-1,-1,-1,-1,-1,-1
201560S189504,1,9,0,1,0,0,0,0,0,0,2,1,6,2,49,8,-1,-1,-1,-1,-1,-1
201560S189544,1,3,0,18,0,0,0,0,0,0,1,1,6,1,26,6,-1,-1,-1,-1,-1,-1
201560S189544,2,9,0,4,0,0,0,0,0,0,2,1,6,1,34,6,-1,-1,-1,-1,-1,-1
201560S189669,1,9,0,18,0,1,0,11,0,0,1,1,6,1,28,6,-1,-1,-1,-1,-1,-1
201560S189669,2,9,0,18,0,1,0,11,1,9,1,1,6,2,24,5,-1,-1,-1,-1,-1,-1
201560S189679,1,9,0,9,0,6,0,0,0,0,3,1,6,2,56,9,-1,-1,-1,-1,-1,-1
201560S189679,2,9,0,18,0,1,0,0,0,0,1,1,6,1,27,6,-1,-1,-1,-1,-1,-1
201560S190237,1,9,0,17,0,1,0,0,0,0,1,1,6,2,23,5,-1,-1,-1,-1,-1,-1
201560S190237,2,9,0,17,0,1,0,0,0,0,1,1,6,1,43,7,-1,-1,-1,-1,-1,-1
201560S190429,1,9,0,16,0,1,1,0,1,10,1,1,6,1,46,8,-1,-1,-1,-1,-1,-1
201560S190490,1,98,4,1,0,0,0,0,0,0,4,1,1,1,-1,-1,-1,-1,-1,-1,-1,-1
201560S190490,2,9,0,3,0,0,0,0,0,0,4,1,6,2,38,7,-1,-1,-1,-1,-1,-1
201560S190493,1,98,0,1,0,0,0,0,0,0,2,1,6,1,35,6,-1,-1,-1,-1,-1,-1
201560S190507,1,9,0,18,0,1,0,0,0,0,1,1,6,3,-1,-1,-1,-1,-1,-1,-1,-1
201560S190507,2,19,0,3,0,1,0,0,0,0,2,1,6,1,33,6,-1,-1,-1,-1,-1,-1
201560S190655,1,21,1,18,0,0,0,0,0,0,4,1,1,3,-1,-1,-1,-1,-1,-1,-1,-1
201560S190760,1,5,0,18,0,0,0,0,0,0,1,1,6,1,43,7,-1,-1,-1,-1,-1,-1
201560S190943,1,9,0,18,0,0,0,0,0,0,4,1,6,2,47,8,-1,-1,-1,-1,-1,-1
201560S190961,1,9,0,18,0,0,1,0,1,7,1,1,2,2,26,6,-1,-1,-1,-1,-1,-1
201560S191286,1,9,0,13,0,0,1,0,5,0,3,1,6,1,19,4,-1,-1,-1,-1,-1,-1
201560S191286,2,9,0,18,0,0,1,0,0,0,1,1,6,1,28,6,-1,-1,-1,-1,-1,-1
201560S191318,1,9,0,18,0,8,0,0,0,0,2,1,1,1,20,4,-1,-1,-1,-1,-1,-1
201560S191318,2,9,0,9,0,8,0,0,0,0,1,1,6,1,45,7,-1,-1,-1,-1,-1,-1
201560S191531,1,9,0,16,0,0,0,0,1,11,2,1,1,2,25,5,-1,-1,-1,-1,-1,-1
201560S191590,1,9,0,18,0,0,0,0,0,0,1,1,6,2,87,11,-1,-1,-1,-1,-1,-1
201560S191641,1,98,4,18,0,0,0,0,0,0,0,1,1,3,-1,-1,-1,-1,-1,-1,-1,-1
201560S191641,2,9,0,13,0,0,1,0,4,0,1,1,6,2,39,7,-1,-1,-1,-1,-1,-1
201560S191645,1,9,0,5,0,2,0,0,0,0,1,1,6,1,80,11,-1,-1,-1,-1,-1,-1
201560S191645,2,9,0,18,0,8,0,0,0,0,4,1,6,2,30,6,-1,-1,-1,-1,-1,-1
201560S191696,1,98,0,9,0,6,0,0,0,0,1,1,2,1,34,6,-1,-1,-1,-1,-1,-1
201560S191696,2,3,0,13,0,1,0,0,0,0,4,1,2,1,26,6,-1,-1,-1,-1,-1,-1
201560S191696,3,98,0,7,0,5,0,0,0,0,0,1,6,1,50,8,-1,-1,-1,-1,-1,-1
201560S191714,1,9,0,9,0,1,0,0,0,0,1,1,1,1,45,7,-1,-1,-1,-1,-1,-1