Accident_Index,Vehicle_Reference,Vehicle_Type,Towing_and_Articulation,Vehicle_Manoeuvre,Vehicle_Location-Restricted_Lane,Junction_Location,Skidding_and_Overturning,Hit_Object_in_Carriageway,Vehicle_Leaving_Carriageway,Hit_Object_off_Carriageway,1st_Point_of_Impact,Was_Vehicle_Left_Hand_Drive?,Journey_Purpose_of_Driver,Sex_of_Driver,Age_of_Driver,Age_Band_of_Driver,Engine_Capacity_(CC),Propulsion_Code,Age_of_Vehicle,Driver_IMD_Decile,Driver_Home_Area_Type,Vehicle_IMD_Decile
2015610038715,4,9,0,18,0,0,0,0,0,0,1,1,6,1,56,9,-1,-1,-1,-1,3,-1
2015610038815,1,9,0,12,0,0,0,0,0,0,3,1,6,1,45,7,-1,-1,-1,-1,1,-1
2015610038815,2,5,0,18,0,0,0,0,0,0,4,1,1,1,51,8,-1,-1,-1,-1,1,-1
2015610038915,1,9,0,18,0,1,0,0,0,0,3,1,6,1,48,8,-1,-1,-1,-1,1,-1
2015610038915,2,9,0,18,0,8,0,0,0,0,1,1,6,1,24,5,-1,-1,-1,-1,1,-1
2015610039015,1,9,0,18,9,0,0,0,1,0,4,1,6,1,27,6,-1,-1,-1,-1,1,-1
2015610039115,1,9,0,18,0,0,0,0,0,0,1,1,6,1,75,10,-1,-1,-1,-1,1,-1
2015610039115,2,9,0,18,0,0,0,0,0,0,2,1,6,1,64,9,-1,-1,-1,-1,3,-1
2015610039115,3,9,0,18,0,0,0,0,0,0,2,1,6,1,68,10,-1,-1,-1,-1,1,-1
2015610039215,1,9,0,18,0,0,0,0,0,0,1,1,6,2,-1,-1,-1,-1,-1,-1,3,-1
2015610039215,2,9,0,4,0,0,0,0,0,0,2,1,6,2,19,4,-1,-1,-1,-1,2,-1
2015610039315,1,9,0,18,0,2,0,0,0,0,3,1,6,1,-1,-1,-1,-1,-1,-1,-1,-1
2015610039315,2,1,0,5,0,6,0,0,0,0,1,1,6,1,5,1,-1,-1,-1,-1,-1,-1
2015610039315,3,1,0,5,0,6,0,0,0,0,1,1,6,1,6,2,-1,-1,-1,-1,-1,-1
2015610039415,1,9,0,5,0,4,0,0,0,0,1,1,6,2,70,10,-1,-1,-1,-1,1,-1
2015610039415,2,1,0,18,0,8,0,0,0,0,3,1,6,1,-1,-1,-1,-1,-1,-1,1,-1
2015610039515,1,9,0,18,0,0,0,0,0,0,1,1,6,1,72,10,-1,-1,-1,-1,1,-1
2015610039515,2,9,0,18,0,0,0,0,0,0,1,1,6,1,21,5,-1,-1,-1,-1,2,-1
2015610039615,1,9,0,5,0,1,0,0,0,0,1,1,6,1,49,8,-1,-1,-1,-1,-1,-1
2015610039715,1,4,0,18,0,8,0,0,0,0,3,1,6,1,43,7,-1,-1,-1,-1,2,-1
2015610039715,2,9,0,18,0,4,0,0,0,0,1,1,6,2,33,6,-1,-1,-1,-1,1,-1
2015610039815,1,9,0,18,0,4,0,0,0,0,2,1,6,2,24,5,-1,-1,-1,-1,1,-1
2015610039815,2,19,0,18,0,1,0,0,0,0,1,1,6,1,37,7,-1,-1,-1,-1,1,-1
2015610039915,1,9,0,16,0,0,0,0,7,10,3,1,6,1,52,8,-1,-1,-1,-1,-1,-1
2015610040015,1,9,0,4,0,0,0,0,0,0,2,1,6,2,47,8,-1,-1,-1,-1,-1,-1
2015610040015,2,19,0,18,0,0,0,0,0,0,1,1,1,1,31,6,-1,-1,-1,-1,1,-1
2015610040115,1,9,0,18,0,8,0,0,0,0,1,1,6,1,19,4,-1,-1,-1,-1,-1,-1
2015610040115,2,1,0,18,0,8,0,0,0,0,1,1,6,1,19,4,-1,-1,-1,-1,1,-1
2015610040215,1,8,0,18,0,0,0,0,0,0,3,1,1,1,28,6,-1,-1,-1,-1,1,-1
2015610040315,1,9,0,18,0,0,0,0,0,0,1,1,6,1,-1,-1,-1,-1,-1,-1,-1,-1
2015610040415,1,9,0,4,0,0,0,0,0,0,2,1,6,2,39,7,-1,-1,-1,-1,3,-1
2015610040415,2,19,0,17,0,0,0,0,0,0,1,1,2,1,51,8,-1,-1,-1,-1,1,-1
2015610040515,1,97,0,16,0,0,2,0,0,0,3,1,6,1,56,9,-1,-1,-1,-1,1,-1
2015610040615,1,9,0,18,0,0,0,0,0,0,2,1,2,1,49,8,-1,-1,-1,-1,3,-1
2015610040615,2,9,0,18,0,0,1,0,0,0,1,1,2,1,28,6,-1,-1,-1,-1,3,-1
2015610040715,1,9,0,18,0,0,0,0,0,0,2,1,6,2,67,10,-1,-1,-1,-1,1,-1
2015610040715,2,9,0,18,0,0,0,0,0,0,1,1,6,1,53,8,-1,-1,-1,-1,1,-1
2015610040815,1,21,0,18,0,0,0,0,0,0,2,1,1,1,72,10,-1,-1,-1,-1,1,-1
2015610040815,2,9,0,18,0,0,0,0,0,0,1,1,6,2,18,4,-1,-1,-1,-1,3,-1
2015610040915,1,9,0,18,0,0,0,0,0,0,1,1,6,2,25,5,-1,-1,-1,-1,1,-1
2015610040915,2,9,0,18,0,0,0,0,0,0,1,1,6,1,36,7,-1,-1,-1,-1,2,-1
2015610041015,1,9,0,18,0,0,0,0,0,0,1,1,6,2,21,5,-1,-1,-1,-1,1,-1
2015610041015,2,9,0,18,0,0,0,0,0,0,2,1,6,1,59,9,-1,-1,-1,-1,1,-1
2015610041015,3,9,0,18,0,0,0,0,0,0,2,1,6,1,55,8,-1,-1,-1,-1,1,-1
2015610041115,1,9,0,9,0,5,0,0,0,0,4,1,6,2,51,8,-1,-1,-1,-1,1,-1
2015610041115,2,9,0,18,0,1,0,0,0,0,1,1,6,1,67,10,-1,-1,-1,-1,1,-1
2015610041215,1,9,0,18,0,0,0,0,0,0,3,1,6,2,76,11,-1,-1,-1,-1,3,-1
2015610041215,2,9,0,2,0,0,0,0,0,0,4,1,6,1,53,8,-1,-1,-1,-1,1,-1
2015610041315,1,9,0,18,0,0,0,0,0,0,1,1,6,1,29,6,-1,-1,-1,-1,1,-1
2015610041315,2,9,0,18,0,0,1,0,0,0,1,1,6,1,19,4,-1,-1,-1,-1,1,-1
2015610041415,1,9,0,18,0,0,0,0,0,0,1,1,6,2,46,8,-1,-1,-1,-1,2,-1
2015610041415,2,9,0,18,0,0,0,0,0,0,1,1,2,1,24,5,-1,-1,-1,-1,3,-1
2015610041515,1,9,0,18,0,2,0,0,0,0,2,1,2,2,23,5,-1,-1,-1,-1,1,-1
2015610041515,2,9,0,18,0,1,0,0,0,0,1,1,1,1,32,6,-1,-1,-1,-1,1,-1
2015610041615,1,20,0,18,0,0,0,0,0,0,1,1,1,3,-1,-1,-1,-1,-1,-1,-1,-1
2015610041715,1,5,0,18,0,0,1,0,0,0,1,1,6,1,46,8,-1,-1,-1,-1,-1,-1
2015610041715,2,9,0,18,0,0,0,0,0,0,1,1,6,2,32,6,-1,-1,-1,-1,2,-1
2015610041815,1,9,0,3,0,1,0,0,0,0,1,1,6,1,46,8,-1,-1,-1,-1,1,-1
2015610041815,2,9,0,18,0,4,0,0,0,0,2,1,6,1,69,10,-1,-1,-1,-1,1,-1
2015610041915,1,9,0,18,0,1,0,0,0,0,1,1,6,1,18,4,-1,-1,-1,-1,-1,-1
2015610041915,2,9,0,10,0,5,0,0,0,0,2,1,6,2,47,8,-1,-1,-1,-1,-1,-1
2015610042015,1,9,0,2,6,0,0,0,0,0,3,1,6,1,61,9,-1,-1,-1,-1,1,-1
2015610042015,2,98,1,9,0,0,0,0,0,0,2,1,1,1,51,8,-1,-1,-1,-1,1,-1
2015610042115,1,9,0,8,0,1,0,0,0,0,1,1,1,2,53,8,-1,-1,-1,-1,1,-1
2015610042115,2,9,0,9,0,1,0,0,0,0,1,1,6,1,29,6,-1,-1,-1,-1,1,-1
2015610042215,1,21,1,1,0,0,0,4,0,0,2,1,1,1,27,6,-1,-1,-1,-1,-1,-1
2015610042215,2,9,0,3,0,0,0,0,0,0,1,1,6,2,51,8,-1,-1,-1,-1,-1,-1
2015610042315,1,9,0,18,0,0,0,0,0,0,1,1,1,1,27,6,-1,-1,-1,-1,3,-1
2015610042315,2,9,0,18,0,0,0,0,0,0,2,1,6,2,57,9,-1,-1,-1,-1,3,-1
2015610042415,1,8,0,18,0,0,0,0,0,0,4,1,1,1,30,6,-1,-1,-1,-1,1,-1
2015610042515,1,5,0,16,0,0,1,0,7,0,1,1,6,1,32,6,-1,-1,-1,-1,1,-1
2015610042515,2,1,0,17,0,0,0,0,1,0,3,1,6,1,41,7,-1,-1,-1,-1,1,-1
2015610042615,1,9,0,9,0,0,0,0,0,0,3,1,1,1,39,7,-1,-1,-1,-1,1,-1
2015610042615,2,3,0,14,0,0,0,0,0,0,1,1,6,1,20,4,-1,-1,-1,-1,1,-1
2015610042715,1,9,0,18,0,0,0,0,0,0,1,1,6,2,20,4,-1,-1,-1,-1,2,-1
2015610042715,2,9,0,18,0,0,0,0,0,0,2,1,6,2,51,8,-1,-1,-1,-1,1,-1
2015610042715,3,9,0,18,0,0,0,0,0,0,1,1,6,2,25,5,-1,-1,-1,-1,2,-1
2015610042815,1,9,0,4,9,0,0,0,0,0,1,1,6,2,26,6,-1,-1,-1,-1,-1,-1
2015610042915,1,3,0,16,0,0,1,0,0,10,1,1,2,1,21,5,-1,-1,-1,-1,1,-1
2015610043015,1,2,0,16,0,8,0,0,0,0,3,1,6,1,81,11,-1,-1,-1,-1,-1,-1
2015610043015,2,9,0,18,0,8,0,0,0,0,4,1,6,3,-1,-1,-1,-1,-1,-1,-1,-1
2015610043115,1,9,0,18,0,1,0,0,0,0,4,1,6,2,36,7,-1,-1,-1,-1,1,-1
2015610043115,2,9,0,2,0,1,0,0,0,0,3,1,6,1,24,5,-1,-1,-1,-1,1,-1
2015610043215,1,9,0,18,0,0,0,0,0,0,4,1,6,3,-1,-1,-1,-1,-1,-1,-1,-1
2015610043315,1,5,0,18,0,0,0,0,0,0,0,1,2,1,51,8,-1,-1,-1,-1,1,-1
2015610043315,2,16,0,18,0,0,0,0,0,0,0,1,6,2,67,10,-1,-1,-1,-1,3,-1
2015610043415,1,9,0,18,0,0,0,0,0,0,1,1,6,1,44,7,-1,-1,-1,-1,1,-1
2015610043515,1,9,0,18,9,0,0,0,0,0,2,1,6,1,53,8,-1,-1,-1,-1,1,-1
2015610043615,1,9,0,17,0,5,0,0,0,0,1,1,2,2,26,6,-1,-1,-1,-1,1,-1
2015610043715,1,9,0,16,0,0,0,0,0,0,1,1,6,1,26,6,-1,-1,-1,-1,1,-1
2015610043715,2,9,0,17,0,0,0,0,0,0,1,1,1,2,49,8,-1,-1,-1,-1,-1,-1
2015610043815,1,5,0,18,0,0,1,0,0,0,1,1,6,1,66,10,-1,-1,-1,-1,1,-1
2015610043815,2,20,0,18,0,0,0,0,0,0,2,1,1,1,62,9,-1,-1,-1,-1,3,-1
2015610043915,1,9,0,17,0,0,0,0,0,0,1,1,6,2,30,6,-1,-1,-1,-1,1,-1
2015610043915,2,9,0,2,0,0,0,0,0,0,2,1,6,2,-1,-1,-1,-1,-1,-1,1,-1
2015610044015,1,9,0,9,0,8,0,0,0,0,4,1,6,2,36,7,-1,-1,-1,-1,1,-1
2015610044015,2,5,0,18,0,8,0,0,0,0,1,1,6,1,53,8,-1,-1,-1,-1,3,-1
2015610044115,1,9,0,4,0,0,0,0,0,0,1,1,6,2,34,6,-1,-1,-1,-1,1,-1
2015610044115,2,9,0,3,0,0,0,0,0,0,2,1,6,1,18,4,-1,-1,-1,-1,1,-1
2015610044215,1,9,0,10,0,8,0,0,0,0,4,1,6,1,26,6,-1,-1,-1,-1,3,-1
2015610044215,2,9,0,18,0,8,0,0,0,0,1,1,6,2,28,6,-1,-1,-1,-1,-1,-1
2015610044315,1,9,0,18,0,5,0,0,1,0,4,1,6,3,-1,-1,-1,-1,-1,-1,-1,-1
2015610044415,1,9,0,18,0,0,0,0,0,0,1,1,6,2,22,5,-1,-1,-1,-1,1,-1
2015610044415,2,19,0,18,0,0,0,0,0,0,1,1,6,1,31,6,-1,-1,-1,-1,1,-1
2015610044515,1,1,0,18,0,0,0,0,0,0,1,1,6,1,6,2,-1,-1,-1,-1,-1,-1
2015610044515,2,9,0,2,0,0,0,0,0,0,1,1,6,1,35,6,-1,-1,-1,-1,-1,-1
2015610044615,1,9,0,18,0,1,0,0,0,0,1,1,6,1,23,5,-1,-1,-1,-1,3,-1
2015610044615,2,9,0,10,0,1,0,0,0,0,2,1,6,1,23,5,-1,-1,-1,-1,3,-1
2015610044715,1,9,0,18,0,0,0,0,0,0,1,1,6,3,-1,-1,-1,-1,-1,-1,-1,-1
2015610044815,1,9,0,5,0,1,0,0,0,0,1,1,6,2,39,7,-1,-1,-1,-1,1,-1
2015610044815,2,9,0,10,0,1,0,0,0,0,2,1,6,2,40,7,-1,-1,-1,-1,1,-1
2015610044915,1,9,0,9,0,6,0,0,0,0,3,1,6,1,24,5,-1,-1,-1,-1,3,-1
2015610044915,2,1,0,18,0,8,0,0,0,0,1,1,6,1,59,9,-1,-1,-1,-1,3,-1
2015610045015,1,9,0,18,0,0,0,0,0,0,1,1,6,1,22,5,-1,-1,-1,-1,1,-1
2015610045215,1,9,0,18,0,0,0,0,0,0,2,1,1,1,-1,-1,-1,-1,-1,-1,-1,-1
2015610045215,2,9,0,18,0,0,0,0,0,0,1,1,6,3,-1,-1,-1,-1,-1,-1,-1,-1
2015610045315,1,9,0,4,0,0,0,0,0,0,1,1,6,1,20,4,-1,-1,-1,-1,1,-1
2015610045315,2,9,0,4,0,0,0,0,0,0,2,1,6,2,35,6,-1,-1,-1,-1,1,-1
2015610045415,1,9,0,18,0,8,0,0,0,0,2,1,6,1,73,10,-1,-1,-1,-1,2,-1
2015610045415,2,9,0,18,0,8,0,0,0,0,2,1,6,3,-1,-1,-1,-1,-1,-1,-1,-1
2015610045415,3,9,0,18,0,8,0,0,0,0,1,1,6,3,-1,-1,-1,-1,-1,-1,-1,-1
2015610045515,1,9,0,18,0,8,0,10,7,10,1,1,6,1,25,5,-1,-1,-1,-1,-1,-1
2015610045615,1,9,0,4,0,0,0,10,1,4,4,1,6,2,-1,-1,-1,-1,-1,-1,2,-1
2015610045715,1,9,0,18,0,6,0,0,0,0,1,1,6,1,21,5,-1,-1,-1,-1,1,-1
2015610045715,2,1,0,18,0,1,0,0,0,0,4,1,6,1,20,4,-1,-1,-1,-1,-1,-1
2015610045815,1,9,0,6,0,0,0,0,0,0,0,1,6,1,67,10,-1,-1,-1,-1,1,-1
2015610045815,2,8,0,18,0,0,0,0,0,0,2,1,1,1,38,7,-1,-1,-1,-1,1,-1
2015610045815,3,9,0,18,0,0,1,0,0,0,1,1,6,2,28,6,-1,-1,-1,-1,1,-1
2015610045915,1,9,0,4,1,0,0,0,0,0,2,1,6,1,35,6,-1,-1,-1,-1,2,-1
2015610045915,2,9,0,18,0,0,0,0,0,0,2,1,6,1,42,7,-1,-1,-1,-1,1,-1
2015610045915,3,9,0,18,0,0,0,0,0,0,2,1,6,1,24,5,-1,-1,-1,-1,1,-1
2015610045915,4,9,0,18,0,0,0,0,0,0,1,1,6,1,18,4,-1,-1,-1,-1,1,-1
2015610046015,1,9,0,4,0,0,0,0,0,0,2,1,6,2,37,7,-1,-1,-1,-1,1,-1
2015610046015,2,9,0,18,0,0,0,0,0,0,1,1,6,3,-1,-1,-1,-1,-1,-1,-1,-1
2015610046115,1,9,0,18,0,0,0,0,0,0,3,1,6,1,43,7,-1,-1,-1,-1,2,-1
2015610046215,1,9,0,18,0,0,1,0,7,10,3,1,1,1,21,5,-1,-1,-1,-1,2,-1
2015610046315,1,9,0,2,0,0,0,0,0,0,3,1,6,2,46,8,-1,-1,-1,-1,1,-1
2015610046315,2,9,0,14,0,0,0,0,0,0,4,1,6,2,30,6,-1,-1,-1,-1,1,-1
2015610046415,1,9,0,10,0,5,0,0,0,0,2,1,6,2,25,5,-1,-1,-1,-1,-1,-1
2015610046415,2,9,0,18,0,1,0,0,0,0,1,1,6,2,38,7,-1,-1,-1,-1,-1,-1
2015610046515,1,9,0,5,0,4,0,0,0,0,2,1,6,2,42,7,-1,-1,-1,-1,1,-1
2015610046515,2,9,0,5,0,4,0,0,0,0,1,1,6,1,38,7,-1,-1,-1,-1,1,-1
2015610046615,1,9,0,18,0,0,0,0,0,0,0,1,6,1,35,6,-1,-1,-1,-1,1,-1
2015610046615,2,9,0,18,0,0,0,0,0,0,0,1,6,2,34,6,-1,-1,-1,-1,1,-1
2015610046715,1,9,0,5,0,4,0,0,0,0,1,1,2,2,43,7,-1,-1,-1,-1,1,-1
2015610046715,2,9,0,18,0,8,0,0,0,0,4,1,2,2,-1,-1,-1,-1,-1,-1,1,-1
2015610046815,1,9,0,18,0,0,0,0,0,0,4,1,6,1,41,7,-1,-1,-1,-1,1,-1
2015610046915,1,9,0,4,0,4,0,0,0,0,2,1,6,2,-1,-1,-1,-1,-1,-1,1,-1
2015610046915,2,9,0,4,0,1,0,0,0,0,1,1,6,1,-1,-1,-1,-1,-1,-1,1,-1
2015610047015,1,9,0,18,0,0,0,0,0,0,4,1,6,1,44,7,-1,-1,-1,-1,2,-1
2015610047015,2,9,0,2,0,0,0,0,0,0,3,1,6,1,-1,-1,-1,-1,-1,-1,1,-1
2015610047115,1,9,0,9,0,5,0,0,0,0,2,1,6,2,46,8,-1,-1,-1,-1,1,-1
2015610047115,2,9,0,18,0,1,0,0,0,0,1,1,2,1,23,5,-1,-1,-1,-1,1,-1
2015610047115,3,9,0,18,0,1,0,0,0,0,1,1,6,1,26,6,-1,-1,-1,-1,1,-1
2015610047215,1,9,0,18,0,0,0,0,0,0,4,1,6,1,34,6,-1,-1,-1,-1,1,-1
2015610047315,1,19,0,18,0,5,0,0,0,0,1,1,1,3,-1,-1,-1,-1,-1,-1,-1,-1
2015610047315,2,9,0,3,0,5,0,0,0,0,2,1,1,1,24,5,-1,-1,-1,-1,1,-1
2015610047415,1,20,0,17,0,0,0,0,0,0,3,1,1,1,32,6,-1,-1,-1,-1,1,-1
2015610047415,2,1,0,16,0,0,1,0,0,0,3,1,6,1,43,7,-1,-1,-1,-1,1,-1
2015610047515,1,8,0,18,0,0,0,0,0,0,2,1,1,1,57,9,-1,-1,-1,-1,1,-1
2015610047515,2,9,0,18,0,0,1,0,0,0,1,1,6,1,17,4,-1,-1,-1,-1,1,-1
2015610047615,1,9,0,18,0,5,1,0,0,0,4,1,6,1,-1,-1,-1,-1,-1,-1,3,-1
2015610047615,2,9,0,18,0,1,1,0,0,0,1,1,6,1,72,10,-1,-1,-1,-1,1,-1
2015610047715,1,9,0,18,0,1,0,0,0,0,1,1,6,3,-1,-1,-1,-1,-1,-1,-1,-1
2015610047715,2,9,0,18,0,1,0,0,0,0,1,1,6,1,68,10,-1,-1,-1,-1,1,-1
2015610047715,3,9,0,18,0,1,0,0,0,0,2,1,6,2,61,9,-1,-1,-1,-1,1,-1
2015610047815,1,9,0,6,0,0,0,0,0,0,3,1,6,1,30,6,-1,-1,-1,-1,1,-1
2015610047815,2,9,0,18,0,0,0,0,0,0,4,1,6,1,42,7,-1,-1,-1,-1,1,-1
2015610047915,1,97,0,18,0,0,0,0,0,0,1,1,6,1,28,6,-1,-1,-1,-1,1,-1
2015610047915,2,9,0,18,0,0,0,0,0,0,1,1,6,1,62,9,-1,-1,-1,-1,1,-1
2015610048015,1,9,0,18,0,1,0,0,0,0,4,1,6,1,23,5,-1,-1,-1,-1,-1,-1
2015610048015,2,9,0,2,0,1,0,0,0,0,3,1,1,1,47,8,-1,-1,-1,-1,-1,-1
2015610048015,3,9,0,2,0,1,0,0,0,0,3,1,1,1,-1,-1,-1,-1,-1,-1,-1,-1
2015610048115,1,9,0,18,0,5,0,0,0,0,4,1,6,1,16,4,-1,-1,-1,-1,1,-1
2015610048115,2,97,0,18,0,1,1,0,0,0,1,1,6,1,38,7,-1,-1,-1,-1,-1,-1
2015610048215,1,9,0,18,0,0,2,0,1,4,4,1,2,1,41,7,-1,-1,-1,-1,1,-1
2015610048315,1,9,0,18,0,4,0,0,0,0,3,1,6,1,70,10,-1,-1,-1,-1,1,-1
2015610048315,2,9,0,18,0,8,0,0,0,0,4,1,6,1,26,6,-1,-1,-1,-1,1,-1
2015610048415,1,9,0,18,0,0,0,0,0,0,4,1,1,1,24,5,-1,-1,-1,-1,1,-1
2015610048515,1,9,0,18,0,1,0,0,0,0,1,1,6,1,63,9,-1,-1,-1,-1,1,-1
2015610048515,2,9,0,9,0,5,1,0,0,0,4,1,6,1,25,5,-1,-1,-1,-1,-1,-1
2015610048615,1,9,0,18,0,0,0,0,0,0,0,1,6,1,28,6,-1,-1,-1,-1,1,-1
2015610048615,2,9,0,18,0,0,0,0,0,0,0,1,6,1,22,5,-1,-1,-1,-1,1,-1
2015610048715,1,9,0,18,0,4,0,0,0,0,1,1,6,2,32,6,-1,-1,-1,-1,3,-1
2015610048715,2,1,0,18,0,8,0,0,0,0,4,1,6,1,47,8,-1,-1,-1,-1,1,-1
2015610048815,1,9,0,11,0,3,0,0,1,1,1,1,6,2,17,4,-1,-1,-1,-1,2,-1
2015610048915,1,9,0,3,0,0,0,0,0,0,2,1,6,2,26,6,-1,-1,-1,-1,1,-1
2015610048915,2,19,0,3,0,0,0,0,0,0,1,1,1,1,64,9,-1,-1,-1,-1,3,-1
2015610049015,1,9,0,16,0,0,0,0,7,11,1,1,6,1,24,5,-1,-1,-1,-1,2,-1
2015610049015,2,19,0,18,0,0,0,0,0,0,1,1,6,1,25,5,-1,-1,-1,-1,1,-1
2015610049115,1,9,0,5,0,4,0,0,0,0,2,1,1,1,51,8,-1,-1,-1,-1,2,-1
2015610049115,2,9,0,5,0,4,0,0,0,0,1,1,6,1,71,10,-1,-1,-1,-1,1,-1
2015610049215,1,9,0,18,0,4,0,0,0,0,1,1,6,2,22,5,-1,-1,-1,-1,1,-1
2015610049215,2,8,0,18,0,4,0,0,0,0,3,1,6,1,36,7,-1,-1,-1,-1,1,-1
2015610049315,1,9,0,18,0,3,0,0,7,0,4,1,2,2,51,8,-1,-1,-1,-1,1,-1
2015610049315,2,9,0,18,0,3,0,0,7,0,3,1,3,2,42,7,-1,-1,-1,-1,1,-1
2015610049415,1,9,0,5,0,8,0,0,0,0,2,1,6,1,50,8,-1,-1,-1,-1,-1,-1
2015610049415,2,9,0,18,0,8,0,0,0,0,1,1,6,1,20,4,-1,-1,-1,-1,1,-1
2015610049415,3,9,0,2,0,2,0,0,0,0,2,1,6,1,-1,-1,-1,-1,-1,-1,-1,-1
2015610049415,4,9,0,2,0,2,0,0,0,0,2,1,6,1,-1,-1,-1,-1,-1,-1,-1,-1
2015610049515,1,9,0,18,0,0,0,0,0,0,1,1,6,1,-1,-1,-1,-1,-1,-1,-1,-1
2015610049515,2,9,0,4,0,0,0,0,0,0,2,1,6,2,25,5,-1,-1,-1,-1,1,-1
2015610049615,1,9,0,18,0,0,0,0,0,0,1,1,6,1,-1,-1,-1,-1,-1,-1,-1,-1
2015610049715,1,9,0,18,0,6,0,0,0,0,1,1,6,1,61,9,-1,-1,-1,-1,2,-1
2015610049715,2,9,0,18,0,1,0,0,0,0,4,1,6,2,39,7,-1,-1,-1,-1,1,-1
2015610049815,1,9,0,18,0,0,0,0,0,0,1,1,6,1,43,7,-1,-1,-1,-1,1,-1
2015610049815,2,9,0,4,0,0,0,0,0,0,2,1,6,2,24,5,-1,-1,-1,-1,2,-1
2015610049915,1,9,0,18,0,6,0,0,0,0,3,1,6,3,-1,-1,-1,-1,-1,-1,-1,-1
2015610050015,1,9,0,18,0,0,0,0,0,0,1,1,6,1,-1,-1,-1,-1,-1,-1,2,-1
2015610050015,2,9,0,18,0,0,0,0,0,0,2,1,6,2,18,4,-1,-1,-1,-1,1,-1
2015610050015,3,9,0,2,0,0,0,0,0,0,3,1,6,1,21,5,-1,-1,-1,-1,2,-1
2015610050115,1,9,0,18,0,8,0,0,0,0,1,1,6,1,75,10,-1,-1,-1,-1,1,-1
2015610050215,1,9,0,1,0,0,0,0,0,0,2,1,6,3,-1,-1,-1,-1,-1,-1,-1,-1
2015610050315,1,9,0,18,0,0,0,0,0,0,1,1,6,1,75,10,-1,-1,-1,-1,1,-1
2015610050315,2,9,0,18,0,0,0,0,0,0,1,1,6,1,69,10,-1,-1,-1,-1,1,-1
2015610050315,3,9,0,18,0,0,0,0,0,0,1,1,6,2,57,9,-1,-1,-1,-1,3,-1
2015610050315,4,9,0,18,0,0,0,0,0,0,1,1,6,1,77,11,-1,-1,-1,-1,1,-1
2015610050415,1,9,0,2,0,0,0,0,0,0,2,1,6,2,38,7,-1,-1,-1,-1,1,-1
2015610050415,2,9,0,18,0,0,1,0,0,0,1,1,6,2,56,9,-1,-1,-1,-1,1,-1
2015610050515,1,9,0,18,0,4,0,0,0,0,2,1,6,2,25,5,-1,-1,-1,-1,1,-1
2015610050515,2,9,0,18,0,1,0,0,0,0,1,1,6,3,-1,-1,-1,-1,-1,-1,-1,-1
2015610050715,1,9,0,18,0,0,0,0,0,0,2,1,6,2,-1,-1,-1,-1,-1,-1,1,-1
2015610050715,2,9,0,18,0,0,0,0,0,0,1,1,6,1,-1,-1,-1,-1,-1,-1,1,-1
2015610050715,3,19,0,18,0,0,0,0,0,0,1,1,1,1,-1,-1,-1,-1,-1,-1,1,-1
2015610050815,1,9,0,18,0,0,0,0,0,0,1,1,6,3,-1,-1,-1,-1,-1,-1,-1,-1
2015610050915,1,9,0,18,0,1,0,0,0,0,1,1,6,1,-1,-1,-1,-1,-1,-1,1,-1
2015610050915,2,1,0,18,0,6,0,0,0,0,3,1,6,1,10,2,-1,-1,-1,-1,1,-1
2015610051015,1,9,0,18,0,8,0,0,0,0,2,1,1,1,54,8,-1,-1,-1,-1,1,-1
2015610051015,2,5,0,18,0,3,0,0,0,0,1,1,6,1,53,8,-1,-1,-1,-1,1,-1
2015610051115,1,9,0,18,0,0,0,0,0,0,1,1,6,1,50,8,-1,-1,-1,-1,2,-1
2015610051115,2,11,0,18,0,0,0,0,0,0,2,1,3,1,56,9,-1,-1,-1,-1,-1,-1
2015610051215,1,9,0,18,0,5,0,0,0,0,1,1,6,1,30,6,-1,-1,-1,-1,1,-1
2015610051215,2,9,0,18,0,5,0,0,0,0,2,1,6,1,42,7,-1,-1,-1,-1,1,-1
2015610051315,1,9,0,18,0,8,0,0,1,10,4,1,6,1,24,5,-1,-1,-1,-1,1,-1
2015610051415,1,9,0,18,0,0,5,0,1,2,4,1,6,2,33,6,-1,-1,-1,-1,-1,-1
2015610051515,1,9,0,18,0,0,0,0,0,0,1,1,6,1,25,5,-1,-1,-1,-1,-1,-1
2015610051515,2,9,0,18,0,0,0,0,0,0,1,1,6,2,20,4,-1,-1,-1,-1,-1,-1
2015610051615,1,9,0,18,0,8,0,0,0,0,1,1,6,1,-1,-1,-1,-1,-1,-1,1,-1
2015610051615,2,9,0,18,0,8,0,0,0,0,4,1,6,2,-1,-1,-1,-1,-1,-1,1,-1
2015610051715,1,9,0,7,0,5,1,0,0,0,1,1,6,1,30,6,-1,-1,-1,-1,2,-1
2015610051715,2,9,0,18,0,1,0,0,0,0,1,1,6,1,44,7,-1,-1,-1,-1,1,-1
2015610051815,1,9,0,9,0,6,0,0,0,0,3,1,1,1,65,9,-1,-1,-1,-1,1,-1
2015610051815,2,9,0,18,0,1,1,0,0,0,1,1,1,2,24,5,-1,-1,-1,-1,1,-1
2015610051915,1,9,0,18,0,4,0,0,0,0,2,1,6,2,54,8,-1,-1,-1,-1,2,-1
2015610051915,2,5,0,18,0,8,1,0,0,0,1,1,6,1,52,8,-1,-1,-1,-1,1,-1
2015610052015,1,9,0,18,0,5,0,0,0,0,4,1,6,1,47,8,-1,-1,-1,-1,1,-1
2015610052015,2,1,0,18,0,1,0,0,0,0,1,1,6,1,37,7,-1,-1,-1,-1,1,-1
2015610052115,1,9,0,18,0,0,0,0,0,0,4,1,6,1,72,10,-1,-1,-1,-1,2,-1
2015610052115,2,9,0,18,0,0,0,0,0,0,3,1,6,3,-1,-1,-1,-1,-1,-1,-1,-1
2015610052215,1,9,0,10,0,5,0,0,0,0,1,1,6,1,19,4,-1,-1,-1,-1,3,-1
2015610052215,2,5,0,18,0,8,0,0,0,0,3,1,6,1,51,8,-1,-1,-1,-1,1,-1
2015610052315,1,9,0,18,0,0,0,0,0,0,4,1,6,2,89,11,-1,-1,-1,-1,1,-1
2015610052315,2,9,0,2,0,0,0,0,0,0,3,1,6,2,-1,-1,-1,-1,-1,-1,1,-1