Accident_Index,Vehicle_Reference,Vehicle_Type,Towing_and_Articulation,Vehicle_Manoeuvre,Vehicle_Location-Restricted_Lane,Junction_Location,Skidding_and_Overturning,Hit_Object_in_Carriageway,Vehicle_Leaving_Carriageway,Hit_Object_off_Carriageway,1st_Point_of_Impact,Was_Vehicle_Left_Hand_Drive?,Journey_Purpose_of_Driver,Sex_of_Driver,Age_of_Driver,Age_Band_of_Driver,Engine_Capacity_(CC),Propulsion_Code,Age_of_Vehicle,Driver_IMD_Decile,Driver_Home_Area_Type,Vehicle_IMD_Decile
2015610066715,1,9,0,5,0,1,0,0,0,0,2,1,6,2,33,6,-1,-1,-1,-1,2,-1
2015610066715,2,9,0,18,0,6,0,0,0,0,1,1,6,1,22,5,-1,-1,-1,-1,2,-1
2015610066815,1,9,0,18,0,0,0,0,0,0,1,1,2,1,22,5,-1,-1,-1,-1,1,-1
2015610066815,2,19,0,18,0,0,0,0,0,0,1,1,1,1,28,6,-1,-1,-1,-1,1,-1
2015610066815,3,9,0,18,0,0,0,0,0,0,1,1,2,1,31,6,-1,-1,-1,-1,1,-1
2015610066915,1,9,0,18,0,0,0,0,0,4,1,1,6,1,19,4,-1,-1,-1,-1,1,-1
2015610067015,1,19,0,18,0,0,0,12,0,0,1,1,2,1,48,8,-1,-1,-1,-1,3,-1
2015610067115,1,11,0,5,0,0,0,0,0,0,0,1,1,1,59,9,-1,-1,-1,-1,1,-1
2015610067215,1,9,0,7,0,1,0,0,0,0,3,1,1,2,23,5,-1,-1,-1,-1,1,-1
2015610067215,2,9,0,9,0,1,0,0,0,0,3,1,1,2,63,9,-1,-1,-1,-1,3,-1
2015610067315,1,9,0,3,0,0,0,0,0,0,2,1,6,1,78,11,-1,-1,-1,-1,1,-1
2015610067315,2,9,0,4,0,0,0,0,0,0,1,1,6,1,54,8,-1,-1,-1,-1,1,-1
2015610067415,1,9,0,12,0,0,1,0,0,0,1,1,6,1,56,9,-1,-1,-1,-1,1,-1
2015610067415,2,21,0,18,0,0,0,0,0,0,3,1,1,1,58,9,-1,-1,-1,-1,1,-1
2015610067515,1,4,0,12,0,0,0,0,2,6,3,1,2,1,49,8,-1,-1,-1,-1,1,-1
2015610067615,1,9,0,5,0,6,0,0,0,0,2,1,6,2,53,8,-1,-1,-1,-1,1,-1
2015610067615,2,9,0,18,0,8,0,0,0,0,1,1,6,1,19,4,-1,-1,-1,-1,1,-1
2015610067715,1,9,0,18,0,0,0,0,0,0,1,1,6,1,24,5,-1,-1,-1,-1,-1,-1
2015610067815,1,9,0,5,0,0,0,0,0,0,2,2,6,1,41,7,-1,-1,-1,-1,-1,-1
2015610067815,2,9,0,5,0,0,0,0,0,0,1,1,6,1,41,7,-1,-1,-1,-1,1,-1
2015610068015,1,9,0,5,0,4,0,0,0,0,1,1,6,2,29,6,-1,-1,-1,-1,1,-1
2015610068015,2,1,0,5,0,4,0,0,0,0,4,1,6,1,54,8,-1,-1,-1,-1,1,-1
2015610068115,1,11,0,18,0,1,0,0,1,2,1,1,1,1,50,8,-1,-1,-1,-1,3,-1
2015610068115,2,9,0,4,0,1,0,0,0,0,2,1,6,2,78,11,-1,-1,-1,-1,1,-1
2015610068215,1,9,0,18,0,1,0,0,0,0,4,1,6,1,-1,-1,-1,-1,-1,-1,-1,-1
2015610068215,2,9,0,10,0,1,0,0,0,0,1,1,6,1,-1,-1,-1,-1,-1,-1,-1,-1
2015610068315,1,9,0,18,0,8,0,0,0,0,3,1,1,1,-1,-1,-1,-1,-1,-1,-1,-1
2015610068315,2,9,0,9,0,8,0,0,0,0,4,1,6,2,18,4,-1,-1,-1,-1,1,-1
2015610068415,1,9,0,5,0,2,0,0,0,0,0,1,6,1,56,9,-1,-1,-1,-1,1,-1
2015610068515,1,9,0,7,0,8,0,0,0,0,1,1,1,2,76,11,-1,-1,-1,-1,1,-1
2015610068515,2,9,0,18,0,8,0,0,0,0,4,1,1,1,48,8,-1,-1,-1,-1,1,-1
2015610068615,1,5,0,16,0,0,0,0,0,11,1,1,6,1,32,6,-1,-1,-1,-1,1,-1
2015610068715,1,11,0,18,2,1,0,0,0,0,1,1,1,1,51,8,-1,-1,-1,-1,1,-1
2015610068715,2,9,0,7,0,1,0,0,0,0,4,1,6,2,57,9,-1,-1,-1,-1,1,-1
2015610068715,3,19,0,2,0,2,0,0,0,0,3,1,6,1,37,7,-1,-1,-1,-1,-1,-1
2015610068815,1,3,0,18,0,1,0,0,0,0,2,1,6,2,46,8,-1,-1,-1,-1,1,-1
2015610068815,2,9,0,18,0,1,0,0,0,0,1,1,6,1,48,8,-1,-1,-1,-1,1,-1
2015610068915,1,9,0,4,0,1,0,0,0,0,1,1,6,2,37,7,-1,-1,-1,-1,1,-1
2015610068915,2,9,0,3,0,1,0,0,0,0,2,1,6,1,51,8,-1,-1,-1,-1,1,-1
2015610069015,1,1,0,9,0,1,0,0,0,0,4,1,6,1,37,7,-1,-1,-1,-1,2,-1
2015610069015,2,9,0,7,0,1,0,0,0,0,3,1,6,1,37,7,-1,-1,-1,-1,2,-1
2015610069115,1,9,0,4,0,0,0,0,0,0,1,1,1,2,47,8,-1,-1,-1,-1,1,-1
2015610069215,1,9,0,17,0,0,0,0,0,0,1,1,6,2,-1,-1,-1,-1,-1,-1,-1,-1
2015610069315,1,19,0,5,0,1,0,0,1,0,4,1,1,1,32,6,-1,-1,-1,-1,3,-1
2015610069315,2,9,0,18,0,1,0,0,0,0,1,1,1,1,47,8,-1,-1,-1,-1,2,-1
2015610069415,1,9,0,17,0,0,0,0,0,0,1,1,6,1,39,7,-1,-1,-1,-1,2,-1
2015610069415,2,9,0,16,0,0,0,0,0,0,1,1,6,2,17,4,-1,-1,-1,-1,-1,-1
2015610069515,1,9,0,11,0,0,0,0,0,0,2,1,1,1,43,7,-1,-1,-1,-1,1,-1
2015610069515,2,9,0,18,0,0,0,0,0,0,1,1,6,1,49,8,-1,-1,-1,-1,1,-1
2015610069615,1,9,0,5,0,8,0,0,1,1,3,1,1,2,53,8,-1,-1,-1,-1,1,-1
2015610069615,2,19,0,18,0,1,0,0,1,1,1,1,1,2,54,8,-1,-1,-1,-1,1,-1
2015610069715,1,9,0,18,0,0,0,0,0,0,1,1,6,1,33,6,-1,-1,-1,-1,1,-1
2015610069715,2,9,0,18,0,0,0,0,0,0,1,1,6,2,20,4,-1,-1,-1,-1,1,-1
2015610069815,1,9,0,10,0,6,0,0,0,0,3,1,6,1,91,11,-1,-1,-1,-1,1,-1
2015610069815,2,9,0,18,0,1,0,0,0,0,1,1,6,2,51,8,-1,-1,-1,-1,1,-1
2015610069915,1,9,0,18,0,1,0,0,0,0,1,1,1,1,21,5,-1,-1,-1,-1,1,-1
2015610070015,1,21,0,2,6,5,0,0,0,0,2,2,1,1,56,9,-1,-1,-1,-1,-1,-1
2015610070015,2,9,0,18,0,5,0,4,0,0,1,1,2,1,45,7,-1,-1,-1,-1,1,-1
2015610070115,1,9,0,18,0,2,0,0,0,0,1,1,6,1,45,7,-1,-1,-1,-1,-1,-1
2015610070215,1,9,0,18,0,4,0,0,0,0,3,1,6,2,20,4,-1,-1,-1,-1,1,-1
2015610070215,2,9,0,18,0,4,0,0,0,0,1,1,2,1,34,6,-1,-1,-1,-1,1,-1
2015610070215,3,9,0,18,0,4,1,0,0,0,2,1,6,1,70,10,-1,-1,-1,-1,1,-1
2015610070215,4,9,0,18,0,4,0,0,0,0,1,1,6,1,-1,-1,-1,-1,-1,-1,1,-1
2015610070315,1,9,0,18,0,0,1,0,1,4,1,1,6,1,22,5,-1,-1,-1,-1,1,-1
2015610070415,1,8,0,18,0,2,0,0,0,0,1,1,6,1,-1,-1,-1,-1,-1,-1,-1,-1
2015610070515,1,11,0,18,0,0,0,0,0,0,1,1,1,1,54,8,-1,-1,-1,-1,1,-1
2015610070515,2,9,0,9,0,0,0,0,0,0,2,1,6,2,41,7,-1,-1,-1,-1,1,-1
2015610070615,1,9,0,9,0,1,0,0,0,0,3,1,1,2,37,7,-1,-1,-1,-1,1,-1
2015610070615,2,3,0,18,0,1,0,0,0,0,1,1,1,1,20,4,-1,-1,-1,-1,1,-1
2015610070715,1,9,0,18,0,1,0,0,0,0,0,1,6,1,-1,-1,-1,-1,-1,-1,-1,-1
2015610070815,1,9,0,9,0,2,0,0,0,0,3,1,6,2,23,5,-1,-1,-1,-1,3,-1
2015610070815,2,3,0,18,0,8,0,0,0,0,4,1,6,1,22,5,-1,-1,-1,-1,1,-1
2015610070915,1,9,0,18,0,4,0,0,0,0,4,1,6,1,27,6,-1,-1,-1,-1,1,-1
2015610070915,2,9,0,18,0,4,0,0,0,0,0,1,6,1,-1,-1,-1,-1,-1,-1,-1,-1
2015610071015,1,9,0,18,0,0,0,0,0,0,1,1,6,2,18,4,-1,-1,-1,-1,1,-1
2015610071015,2,9,0,18,0,0,0,0,0,0,1,1,6,1,59,9,-1,-1,-1,-1,1,-1
2015610071115,1,9,0,18,0,3,0,0,0,0,1,1,2,2,25,5,-1,-1,-1,-1,1,-1
2015610071115,2,9,0,18,0,8,0,0,0,0,4,1,6,2,64,9,-1,-1,-1,-1,1,-1
2015610071215,1,9,0,9,0,5,0,0,0,0,2,1,6,1,19,4,-1,-1,-1,-1,3,-1
2015610071215,2,4,0,18,0,1,1,0,0,0,1,1,6,1,43,7,-1,-1,-1,-1,1,-1
2015621500005,1,19,0,16,0,0,5,0,1,4,1,1,1,1,48,8,-1,-1,-1,-1,1,-1
2015621500005,2,9,0,4,0,0,0,0,0,0,0,1,6,2,61,9,-1,-1,-1,-1,3,-1
2015621500007,1,9,0,18,0,0,0,0,0,0,1,1,6,1,19,4,-1,-1,-1,-1,1,-1
2015621500008,1,9,0,18,0,0,0,0,6,0,1,1,6,1,60,9,-1,-1,-1,-1,1,-1
2015621500010,1,9,0,7,0,6,0,0,0,0,1,1,6,2,33,6,-1,-1,-1,-1,1,-1
2015621500010,2,9,0,18,0,1,0,0,0,0,1,1,6,2,26,6,-1,-1,-1,-1,1,-1
2015621500013,1,21,1,18,0,3,5,0,1,0,4,1,1,1,38,7,-1,-1,-1,-1,3,-1
2015621500017,1,9,0,1,0,6,0,0,0,0,2,1,6,1,32,6,-1,-1,-1,-1,1,-1
2015621500018,1,9,0,18,0,1,0,0,0,0,1,1,6,1,20,4,-1,-1,-1,-1,1,-1
2015621500018,2,9,0,3,0,1,0,0,0,0,2,1,6,1,26,6,-1,-1,-1,-1,1,-1
2015621500018,3,9,0,3,0,1,0,0,0,0,2,1,6,2,53,8,-1,-1,-1,-1,1,-1
2015621500019,1,9,0,18,0,0,0,0,0,0,4,1,6,3,-1,-1,-1,-1,-1,-1,-1,-1
2015621500020,1,9,0,18,0,8,0,7,4,10,4,1,6,1,36,7,-1,-1,-1,-1,1,-1
2015621500020,2,9,0,9,0,8,0,0,0,0,1,1,6,2,39,7,-1,-1,-1,-1,1,-1
2015621500022,1,9,0,18,0,0,1,0,0,0,1,1,2,1,42,7,-1,-1,-1,-1,1,-1
2015621500023,1,9,0,18,0,0,0,0,4,6,3,1,6,1,29,6,-1,-1,-1,-1,1,-1
2015621500024,1,9,0,9,0,5,0,0,0,0,4,1,6,1,49,8,-1,-1,-1,-1,2,-1
2015621500024,2,9,0,18,0,8,0,0,0,0,1,1,6,2,70,10,-1,-1,-1,-1,1,-1
2015621500025,1,9,0,18,0,0,0,0,0,0,1,1,6,1,22,5,-1,-1,-1,-1,1,-1
2015621500025,2,2,0,18,0,0,0,0,0,0,2,1,1,1,23,5,-1,-1,-1,-1,1,-1
2015621500026,1,19,0,18,0,0,0,0,0,0,1,1,6,1,24,5,-1,-1,-1,-1,1,-1
2015621500026,2,9,0,3,0,0,0,0,0,0,2,1,6,1,31,6,-1,-1,-1,-1,1,-1
2015621500027,1,21,1,4,0,0,0,0,0,0,1,1,1,1,45,7,-1,-1,-1,-1,1,-1
2015621500027,2,9,0,4,0,0,0,0,0,0,2,1,6,1,32,6,-1,-1,-1,-1,1,-1
2015621500028,1,9,0,16,0,0,0,0,0,0,1,1,6,1,21,5,-1,-1,-1,-1,1,-1
2015621500028,2,9,0,17,0,0,0,0,0,0,1,1,6,1,55,8,-1,-1,-1,-1,1,-1
2015621500029,1,9,0,5,0,8,0,0,0,0,1,1,2,1,42,7,-1,-1,-1,-1,1,-1
2015621500029,2,1,0,18,0,8,0,0,0,0,4,1,2,1,44,7,-1,-1,-1,-1,1,-1
2015621500030,1,9,0,7,0,8,0,0,0,0,3,1,6,1,43,7,-1,-1,-1,-1,1,-1
2015621500030,2,3,0,18,0,8,1,0,0,0,1,1,6,1,29,6,-1,-1,-1,-1,3,-1
2015621500031,1,9,0,9,0,5,0,0,0,0,1,1,1,1,41,7,-1,-1,-1,-1,1,-1
2015621500033,1,9,0,18,0,2,0,0,0,0,1,1,6,1,19,4,-1,-1,-1,-1,3,-1
2015621500034,1,19,0,18,0,0,0,0,0,0,1,1,6,1,62,9,-1,-1,-1,-1,3,-1
2015621500034,2,9,0,18,0,0,0,0,0,0,2,1,2,2,20,4,-1,-1,-1,-1,2,-1
2015621500034,3,9,0,18,0,0,0,0,0,0,2,1,2,1,52,8,-1,-1,-1,-1,1,-1
2015621500035,1,9,0,18,0,1,0,0,0,0,1,1,2,1,46,8,-1,-1,-1,-1,1,-1
2015621500035,2,9,0,3,0,1,0,0,0,0,2,1,2,2,22,5,-1,-1,-1,-1,1,-1
2015621500035,3,9,0,3,0,1,0,0,0,0,2,1,2,2,20,4,-1,-1,-1,-1,1,-1
2015621500036,1,9,0,18,0,0,1,0,0,0,1,1,2,2,50,8,-1,-1,-1,-1,3,-1
2015621500036,2,9,0,4,0,0,0,0,0,0,2,1,2,2,20,4,-1,-1,-1,-1,3,-1
2015621500036,3,9,0,4,0,0,0,0,0,0,2,1,2,2,58,9,-1,-1,-1,-1,3,-1
2015621500037,1,8,0,18,0,0,0,0,0,0,1,1,1,1,53,8,-1,-1,-1,-1,1,-1
2015621500037,2,9,0,4,0,0,0,0,0,0,2,1,6,2,31,6,-1,-1,-1,-1,1,-1
2015621500038,1,9,0,14,0,4,1,7,0,0,3,1,6,1,25,5,-1,-1,-1,-1,1,-1
2015621500038,2,9,0,18,0,8,1,0,0,0,1,1,6,1,54,8,-1,-1,-1,-1,3,-1
2015621500039,1,9,0,18,0,1,0,0,0,0,1,1,1,2,46,8,-1,-1,-1,-1,1,-1
2015621500040,1,9,0,14,0,0,0,7,0,0,1,1,6,2,37,7,-1,-1,-1,-1,1,-1
2015621500042,1,9,0,4,0,1,0,0,0,0,1,1,6,2,56,9,-1,-1,-1,-1,1,-1
2015621500042,2,9,0,3,0,1,0,0,0,0,2,1,6,1,45,7,-1,-1,-1,-1,1,-1
2015621500042,3,9,0,3,0,1,0,0,0,0,2,1,6,1,34,6,-1,-1,-1,-1,2,-1
2015621500043,1,9,0,5,0,1,0,0,0,0,1,1,6,2,21,5,-1,-1,-1,-1,1,-1
2015621500043,2,9,0,3,0,1,0,0,0,0,2,1,6,2,42,7,-1,-1,-1,-1,1,-1
2015621500044,1,9,0,4,0,0,0,0,0,0,1,1,6,2,32,6,-1,-1,-1,-1,1,-1
2015621500044,2,9,0,4,0,0,0,0,0,0,2,1,6,2,30,6,-1,-1,-1,-1,1,-1
2015621500046,1,9,0,18,0,1,0,0,0,0,4,1,6,1,22,5,-1,-1,-1,-1,1,-1
2015621500046,2,9,0,4,0,1,0,0,0,0,0,1,6,3,-1,-1,-1,-1,-1,-1,-1,-1
2015621500047,1,21,0,13,0,0,0,0,1,0,4,1,1,1,27,6,-1,-1,-1,-1,1,-1
2015621500047,2,9,0,18,0,0,0,0,1,4,2,1,6,1,66,10,-1,-1,-1,-1,1,-1
2015621500048,1,9,0,16,0,8,0,0,0,0,1,1,6,2,18,4,-1,-1,-1,-1,1,-1
2015621500048,2,9,0,17,0,8,0,0,1,10,3,1,6,1,49,8,-1,-1,-1,-1,2,-1
2015621500048,3,9,0,2,0,1,0,0,0,0,2,1,6,3,-1,-1,-1,-1,-1,-1,-1,-1
2015621500049,1,20,0,18,0,0,0,0,7,0,3,1,1,1,28,6,-1,-1,-1,-1,1,-1
2015621500050,1,9,0,13,0,0,0,0,0,0,1,1,6,1,24,5,-1,-1,-1,-1,1,-1
2015621500050,2,9,0,18,0,0,0,0,0,0,3,1,6,1,28,6,-1,-1,-1,-1,1,-1
2015621500051,1,9,0,18,0,0,1,7,0,0,1,1,6,1,40,7,-1,-1,-1,-1,1,-1
2015621500052,1,11,0,5,0,2,0,0,0,0,1,1,1,2,54,8,-1,-1,-1,-1,1,-1
2015621500053,1,9,0,18,0,0,0,0,0,0,1,1,6,1,54,8,-1,-1,-1,-1,1,-1
2015621500053,2,9,0,2,0,0,0,0,0,2,2,1,6,3,-1,-1,-1,-1,-1,-1,-1,-1
2015621500054,1,5,0,17,0,0,0,0,0,10,0,1,6,1,57,9,-1,-1,-1,-1,1,-1
2015621500055,1,9,0,5,0,4,0,0,0,0,1,1,6,2,31,6,-1,-1,-1,-1,1,-1
2015621500055,2,9,0,4,0,4,0,0,0,0,2,1,6,2,77,11,-1,-1,-1,-1,1,-1
2015621500056,1,9,0,5,0,4,0,0,0,0,3,1,6,1,80,11,-1,-1,-1,-1,1,-1
2015621500056,2,9,0,18,0,4,0,0,0,0,1,1,1,1,17,4,-1,-1,-1,-1,1,-1
2015621500057,1,9,0,18,0,0,1,0,0,0,3,1,6,1,38,7,-1,-1,-1,-1,1,-1
2015621500057,2,20,0,18,0,0,0,0,0,0,3,1,1,2,49,8,-1,-1,-1,-1,3,-1
2015621500058,1,9,0,9,0,1,0,0,0,0,4,1,6,1,36,7,-1,-1,-1,-1,2,-1
2015621500058,2,9,0,18,0,1,0,0,0,0,1,1,6,2,25,5,-1,-1,-1,-1,1,-1
2015621500059,1,4,0,18,0,1,1,0,0,0,3,1,2,1,35,6,-1,-1,-1,-1,1,-1
2015621500060,1,19,0,18,0,1,0,0,0,0,4,1,1,1,31,6,-1,-1,-1,-1,2,-1
2015621500061,1,9,0,17,0,0,0,0,1,9,1,1,6,1,20,4,-1,-1,-1,-1,1,-1
2015621500062,1,19,0,18,0,0,0,4,0,0,1,1,6,1,42,7,-1,-1,-1,-1,2,-1
2015621500062,2,9,0,18,0,0,0,4,0,0,1,1,6,2,53,8,-1,-1,-1,-1,2,-1
2015621500062,3,9,0,2,0,0,0,0,0,0,2,1,6,3,-1,-1,-1,-1,-1,-1,-1,-1
2015621500062,4,9,0,2,0,0,0,0,0,0,3,1,6,3,-1,-1,-1,-1,-1,-1,-1,-1
2015621500063,1,11,0,4,0,1,0,0,0,0,1,1,1,1,56,9,-1,-1,-1,-1,1,-1
2015621500063,2,11,0,8,0,1,0,0,0,0,2,1,1,1,42,7,-1,-1,-1,-1,1,-1
2015621500064,1,19,4,16,0,0,0,0,0,0,0,1,1,1,43,7,-1,-1,-1,-1,1,-1
2015621500064,2,1,0,16,0,0,0,0,1,0,0,1,6,1,53,8,-1,-1,-1,-1,3,-1
2015621500065,1,20,0,5,0,1,0,0,0,0,1,1,6,2,43,7,-1,-1,-1,-1,1,-1
2015621500065,2,9,0,5,0,1,0,0,0,0,4,1,6,1,83,11,-1,-1,-1,-1,1,-1
2015621500066,1,9,0,18,0,4,0,0,0,0,1,1,6,1,44,7,-1,-1,-1,-1,1,-1
2015621500066,2,9,0,4,0,4,0,0,0,0,2,1,6,1,29,6,-1,-1,-1,-1,1,-1
2015621500067,1,9,0,18,0,0,0,0,1,4,1,1,6,1,23,5,-1,-1,-1,-1,1,-1
2015621500067,2,21,1,18,0,0,0,0,0,0,2,1,1,1,61,9,-1,-1,-1,-1,-1,-1
2015621500068,1,9,0,16,0,0,1,0,1,1,1,1,6,1,48,8,-1,-1,-1,-1,1,-1
2015621500069,1,9,0,17,0,0,1,0,7,7,1,1,6,2,31,6,-1,-1,-1,-1,1,-1
2015621500070,1,9,0,18,0,1,0,0,0,0,1,1,4,2,26,6,-1,-1,-1,-1,1,-1
2015621500070,2,9,0,4,0,1,0,0,0,0,2,1,6,1,25,5,-1,-1,-1,-1,1,-1
2015621500071,1,9,0,18,0,0,0,0,0,0,1,1,6,1,78,11,-1,-1,-1,-1,1,-1
2015621500071,2,19,0,2,0,0,0,0,0,0,1,1,6,3,-1,-1,-1,-1,-1,-1,-1,-1
2015621500072,1,9,0,18,0,0,0,0,0,7,1,1,6,2,18,4,-1,-1,-1,-1,1,-1
2015621500073,1,9,0,9,0,8,0,0,0,0,1,1,6,1,25,5,-1,-1,-1,-1,1,-1
2015621500073,2,9,0,18,0,8,0,0,0,0,3,1,6,1,27,6,-1,-1,-1,-1,1,-1
2015621500074,1,9,0,16,0,0,5,0,1,2,1,1,2,1,52,8,-1,-1,-1,-1,1,-1
2015621500077,1,9,0,5,0,4,0,0,0,0,1,1,6,2,56,9,-1,-1,-1,-1,2,-1
2015621500077,2,9,0,3,0,4,0,0,0,0,2,1,6,2,41,7,-1,-1,-1,-1,1,-1
2015621500078,1,9,0,5,0,1,0,0,0,0,1,1,6,1,83,11,-1,-1,-1,-1,1,-1
2015621500078,2,9,0,18,0,1,0,0,0,0,4,1,6,2,20,4,-1,-1,-1,-1,1,-1
2015621500079,1,9,0,18,0,0,0,0,0,0,3,1,6,3,-1,-1,-1,-1,-1,-1,-1,-1
2015621500080,1,3,0,18,0,0,1,0,0,0,1,1,6,3,-1,-1,-1,-1,-1,-1,-1,-1
2015621500080,2,9,0,18,0,0,0,0,0,0,2,1,6,1,33,6,-1,-1,-1,-1,1,-1
2015621500081,1,9,0,3,0,1,0,0,0,0,1,1,6,2,24,5,-1,-1,-1,-1,1,-1
2015621500081,2,9,0,3,0,1,0,0,0,0,2,1,1,1,45,7,-1,-1,-1,-1,1,-1
2015621500082,1,9,0,18,0,0,1,0,1,3,1,1,2,1,53,8,-1,-1,-1,-1,3,-1
2015621500083,1,5,0,13,0,0,0,0,0,0,1,1,6,1,22,5,-1,-1,-1,-1,1,-1
2015621500083,2,9,0,18,0,0,0,0,0,0,1,1,6,1,52,8,-1,-1,-1,-1,1,-1
2015621500084,1,9,0,18,0,0,0,0,0,0,1,1,6,1,18,4,-1,-1,-1,-1,2,-1
2015621500084,2,9,0,4,0,0,0,0,0,0,2,1,6,1,58,9,-1,-1,-1,-1,1,-1
2015621500085,1,9,0,4,0,0,0,0,0,0,1,1,3,2,35,6,-1,-1,-1,-1,1,-1
2015621500085,2,9,0,4,0,0,0,0,0,0,2,1,1,1,54,8,-1,-1,-1,-1,1,-1
2015621500086,1,9,0,18,0,4,0,0,0,0,1,1,6,1,72,10,-1,-1,-1,-1,1,-1
2015621500086,2,1,0,11,0,3,1,0,0,0,4,1,6,1,25,5,-1,-1,-1,-1,1,-1
2015621500087,1,9,0,18,0,0,1,0,0,0,1,1,6,1,72,10,-1,-1,-1,-1,2,-1
2015621500087,2,9,0,4,0,0,0,0,0,0,2,1,1,1,25,5,-1,-1,-1,-1,2,-1
2015621500087,3,9,0,4,0,0,0,0,0,0,2,1,1,2,29,6,-1,-1,-1,-1,1,-1
2015621500088,1,9,0,18,0,4,0,0,0,0,1,1,6,1,27,6,-1,-1,-1,-1,1,-1
2015621500088,2,9,0,9,0,8,0,0,0,0,3,1,6,1,48,8,-1,-1,-1,-1,1,-1
2015621500089,1,3,0,18,0,0,1,0,0,0,0,1,2,1,27,6,-1,-1,-1,-1,1,-1
2015621500090,1,1,0,18,0,0,0,0,0,0,1,1,6,1,15,3,-1,-1,-1,-1,1,-1
2015621500090,2,9,0,18,0,0,0,0,0,0,1,1,6,1,36,7,-1,-1,-1,-1,1,-1
2015621500091,1,9,0,18,0,0,1,4,0,1,1,1,1,2,18,4,-1,-1,-1,-1,1,-1
2015621500091,2,9,0,2,0,0,0,0,0,0,2,1,6,3,-1,-1,-1,-1,-1,-1,-1,-1
2015621500091,3,20,0,18,0,0,0,0,0,0,1,1,1,1,29,6,-1,-1,-1,-1,1,-1
2015621500092,1,9,0,5,0,6,0,0,0,0,3,1,6,1,64,9,-1,-1,-1,-1,1,-1
2015621500092,2,1,0,18,0,8,0,0,0,0,1,1,6,1,36,7,-1,-1,-1,-1,1,-1
2015621500093,1,9,0,18,0,0,0,0,4,6,3,1,6,2,26,6,-1,-1,-1,-1,1,-1
2015621500094,1,11,0,18,2,2,0,0,0,0,4,1,1,1,45,7,-1,-1,-1,-1,1,-1
2015621500095,1,9,0,5,0,6,0,0,0,0,1,1,6,2,33,6,-1,-1,-1,-1,1,-1
2015621500095,2,9,0,17,0,8,0,0,0,0,4,1,6,2,58,9,-1,-1,-1,-1,1,-1
2015621500096,1,9,0,12,0,8,1,0,1,0,3,1,6,1,18,4,-1,-1,-1,-1,1,-1
2015621500096,2,9,0,18,0,8,0,0,4,0,3,1,6,1,31,6,-1,-1,-1,-1,1,-1
2015621500098,1,20,0,5,0,6,0,0,0,0,1,1,1,1,31,6,-1,-1,-1,-1,1,-1
2015621500098,2,1,0,5,0,1,0,0,0,0,4,1,2,1,47,8,-1,-1,-1,-1,1,-1
2015621500099,1,9,0,18,0,0,1,0,4,6,1,1,6,1,36,7,-1,-1,-1,-1,1,-1
2015621500100,1,9,0,5,0,1,0,0,0,0,1,1,6,3,-1,-1,-1,-1,-1,-1,-1,-1
2015621500101,1,9,0,14,0,1,0,0,0,0,1,1,2,1,46,8,-1,-1,-1,-1,1,-1
2015621500101,2,11,0,2,6,1,0,0,0,0,2,1,1,1,65,9,-1,-1,-1,-1,1,-1
2015621500102,1,9,0,18,0,1,2,0,2,10,3,1,6,2,35,6,-1,-1,-1,-1,1,-1
2015621500103,1,9,0,18,0,0,1,0,0,0,1,1,6,1,56,9,-1,-1,-1,-1,1,-1
2015621500104,1,9,0,18,0,1,0,0,0,0,1,1,6,1,34,6,-1,-1,-1,-1,1,-1
2015621500104,2,9,0,9,0,1,0,0,0,0,3,1,6,1,58,9,-1,-1,-1,-1,1,-1
2015621500105,1,9,0,18,0,0,1,0,0,0,1,1,6,2,28,6,-1,-1,-1,-1,1,-1
2015621500106,1,9,0,18,0,0,0,0,0,0,0,1,6,1,76,11,-1,-1,-1,-1,1,-1
2015621500106,2,9,0,18,0,0,1,0,1,11,4,1,2,2,43,7,-1,-1,-1,-1,1,-1
2015621500106,3,21,0,18,0,0,0,0,0,0,3,1,1,1,47,8,-1,-1,-1,-1,3,-1
2015621500107,1,9,0,18,0,0,1,0,2,7,1,1,2,2,24,5,-1,-1,-1,-1,1,-1
2015621500107,2,9,0,18,0,0,0,0,0,0,1,1,2,1,35,6,-1,-1,-1,-1,3,-1
2015621500107,3,9,0,18,0,0,0,0,0,0,1,1,2,1,39,7,-1,-1,-1,-1,1,-1
2015621500108,1,9,0,18,0,0,1,0,1,11,1,1,1,2,46,8,-1,-1,-1,-1,2,-1
2015621500109,1,9,0,9,0,1,0,0,0,0,3,1,6,1,29,6,-1,-1,-1,-1,1,-1
2015621500109,2,3,0,13,0,1,0,0,0,0,1,1,2,1,22,5,-1,-1,-1,-1,1,-1
2015621500110,1,9,0,18,0,0,0,0,1,4,1,1,6,1,20,4,-1,-1,-1,-1,1,-1
2015621500111,1,9,0,4,0,0,0,0,0,0,1,1,6,1,34,6,-1,-1,-1,-1,1,-1
2015621500111,2,9,0,3,0,0,0,0,0,0,2,1,1,1,46,8,-1,-1,-1,-1,1,-1
2015621500112,1,1,0,18,0,0,0,0,0,0,0,1,6,1,51,8,-1,-1,-1,-1,1,-1
2015621500112,2,9,0,4,0,0,0,0,0,0,1,1,6,1,38,7,-1,-1,-1,-1,1,-1
2015621500113,1,19,0,4,0,0,0,0,0,0,1,1,2,1,22,5,-1,-1,-1,-1,1,-1
2015621500113,2,9,0,3,0,0,0,0,0,0,1,1,6,2,39,7,-1,-1,-1,-1,2,-1
2015621500113,3,9,0,3,0,0,0,0,0,0,2,1,6,1,78,11,-1,-1,-1,-1,1,-1
2015621500114,1,9,0,17,0,0,1,0,1,2,1,1,6,1,60,9,-1,-1,-1,-1,2,-1
2015621500115,1,9,0,16,0,0,1,4,0,10,1,1,2,2,34,6,-1,-1,-1,-1,3,-1
2015621500115,2,9,0,2,0,0,0,0,0,0,2,1,6,3,-1,-1,-1,-1,-1,-1,-1,-1
2015621500116,1,9,0,18,0,0,0,0,0,0,1,1,6,1,51,8,-1,-1,-1,-1,1,-1
2015621500116,2,9,0,2,0,0,0,0,0,0,2,1,6,2,51,8,-1,-1,-1,-1,1,-1