Accident_Index,Vehicle_Reference,Vehicle_Type,Towing_and_Articulation,Vehicle_Manoeuvre,Vehicle_Location-Restricted_Lane,Junction_Location,Skidding_and_Overturning,Hit_Object_in_Carriageway,Vehicle_Leaving_Carriageway,Hit_Object_off_Carriageway,1st_Point_of_Impact,Was_Vehicle_Left_Hand_Drive?,Journey_Purpose_of_Driver,Sex_of_Driver,Age_of_Driver,Age_Band_of_Driver,Engine_Capacity_(CC),Propulsion_Code,Age_of_Vehicle,Driver_IMD_Decile,Driver_Home_Area_Type,Vehicle_IMD_Decile
2015621500117,1,19,0,16,0,1,1,0,0,0,1,1,1,1,24,5,-1,-1,-1,-1,1,-1
2015621500117,2,9,0,3,0,1,0,0,0,0,1,1,6,3,-1,-1,-1,-1,-1,-1,-1,-1
2015621500118,1,1,0,18,0,0,0,0,0,0,1,1,6,1,27,6,-1,-1,-1,-1,1,-1
2015621500118,2,9,0,5,0,0,0,0,0,0,1,1,6,1,44,7,-1,-1,-1,-1,1,-1
2015621500119,1,9,0,4,0,0,1,0,0,0,1,1,6,1,29,6,-1,-1,-1,-1,1,-1
2015621500119,2,9,0,4,0,0,0,0,0,0,2,1,6,2,27,6,-1,-1,-1,-1,1,-1
2015621500120,1,9,0,11,0,0,0,0,0,6,4,1,2,2,43,7,-1,-1,-1,-1,1,-1
2015621500120,2,9,0,18,0,0,0,0,0,7,3,1,2,1,47,8,-1,-1,-1,-1,1,-1
2015621500121,1,9,0,9,0,1,0,0,0,0,4,1,6,1,60,9,-1,-1,-1,-1,1,-1
2015621500121,2,1,0,18,0,8,0,0,0,0,1,1,6,2,23,5,-1,-1,-1,-1,1,-1
2015621500122,1,9,0,4,0,1,1,0,0,0,1,1,1,1,23,5,-1,-1,-1,-1,1,-1
2015621500122,2,9,0,4,0,1,0,0,0,0,2,1,1,1,67,10,-1,-1,-1,-1,2,-1
2015621500123,1,9,0,18,0,0,0,0,0,0,1,1,2,1,42,7,-1,-1,-1,-1,1,-1
2015621500123,2,9,0,4,0,0,0,0,0,0,2,1,2,1,30,6,-1,-1,-1,-1,3,-1
2015621500124,1,9,0,18,0,3,2,10,1,10,1,1,6,1,28,6,-1,-1,-1,-1,2,-1
2015621500125,1,9,0,18,0,0,0,0,2,4,1,1,6,2,21,5,-1,-1,-1,-1,1,-1
2015621500126,1,9,0,18,0,0,0,0,0,0,1,1,6,1,41,7,-1,-1,-1,-1,3,-1
2015621500126,2,9,0,18,0,0,0,0,0,0,2,1,6,2,40,7,-1,-1,-1,-1,1,-1
2015621500126,3,9,0,18,0,0,0,0,0,0,2,1,6,1,20,4,-1,-1,-1,-1,1,-1
2015621500127,1,20,0,18,0,0,0,11,0,0,1,1,1,1,51,8,-1,-1,-1,-1,1,-1
2015621500128,1,8,0,18,0,0,0,0,0,0,0,1,6,1,58,9,-1,-1,-1,-1,1,-1
2015621500128,2,11,0,18,0,0,0,0,0,0,0,1,1,1,26,6,-1,-1,-1,-1,1,-1
2015621500129,1,9,0,2,0,0,0,0,0,0,3,1,6,2,34,6,-1,-1,-1,-1,1,-1
2015621500129,2,9,0,14,0,0,0,8,0,0,1,1,6,2,20,4,-1,-1,-1,-1,1,-1
2015621500130,1,20,0,18,0,0,1,0,0,0,1,1,1,1,38,7,-1,-1,-1,-1,1,-1
2015621500130,2,9,0,4,0,0,0,0,0,0,2,1,1,1,49,8,-1,-1,-1,-1,1,-1
2015621500130,3,9,0,4,0,0,0,0,0,0,2,1,1,2,50,8,-1,-1,-1,-1,3,-1
2015621500130,4,20,0,18,0,0,0,0,0,0,2,1,1,1,35,6,-1,-1,-1,-1,1,-1
2015621500131,1,19,0,9,0,1,0,0,0,0,1,1,6,1,81,11,-1,-1,-1,-1,1,-1
2015621500131,2,9,0,18,0,1,0,0,0,0,3,1,6,1,34,6,-1,-1,-1,-1,1,-1
2015621500132,1,9,0,9,0,4,0,0,0,0,1,1,6,2,80,11,-1,-1,-1,-1,1,-1
2015621500132,2,9,0,18,0,8,0,0,0,0,4,1,6,1,79,11,-1,-1,-1,-1,1,-1
2015621500133,1,9,0,9,0,1,0,0,0,0,4,1,6,3,-1,-1,-1,-1,-1,-1,-1,-1
2015621500133,2,3,0,18,0,1,0,0,0,0,1,1,6,1,30,6,-1,-1,-1,-1,1,-1
2015621500134,1,9,0,17,0,0,1,0,5,6,1,1,6,1,43,7,-1,-1,-1,-1,1,-1
2015621500135,1,9,0,9,0,1,0,0,4,0,1,1,6,1,76,11,-1,-1,-1,-1,1,-1
2015621500136,1,9,0,18,0,0,0,0,0,0,1,1,6,3,-1,-1,-1,-1,-1,-1,-1,-1
2015621500137,1,9,0,5,0,6,0,0,0,0,1,1,6,1,62,9,-1,-1,-1,-1,3,-1
2015621500137,2,3,0,18,0,8,0,0,0,0,1,1,6,1,24,5,-1,-1,-1,-1,1,-1
2015621500138,1,9,0,7,0,8,0,0,0,0,3,1,6,2,46,8,-1,-1,-1,-1,1,-1
2015621500138,2,9,0,18,0,8,0,0,0,0,1,1,6,2,48,8,-1,-1,-1,-1,2,-1
2015621500139,1,9,0,18,0,1,0,0,0,0,1,1,6,3,-1,-1,-1,-1,-1,-1,-1,-1
2015621500140,1,9,0,1,0,1,0,0,0,0,2,1,1,1,49,8,-1,-1,-1,-1,1,-1
2015621500141,1,10,0,18,0,0,1,0,0,0,1,1,1,2,63,9,-1,-1,-1,-1,1,-1
2015621500141,2,9,0,4,0,0,0,0,0,0,2,1,6,1,40,7,-1,-1,-1,-1,1,-1
2015621500142,1,9,0,7,0,8,0,0,0,0,4,1,6,2,17,4,-1,-1,-1,-1,3,-1
2015621500143,1,9,0,18,0,0,0,0,0,0,4,1,6,3,-1,-1,-1,-1,-1,-1,-1,-1
2015621500143,2,9,0,18,0,0,1,0,4,6,3,1,6,2,49,8,-1,-1,-1,-1,3,-1
2015621500145,1,9,0,18,0,0,0,0,0,0,1,1,4,1,21,5,-1,-1,-1,-1,1,-1
2015621500145,2,9,0,4,0,0,0,0,0,0,2,1,6,2,45,7,-1,-1,-1,-1,2,-1
2015621500147,1,9,0,9,0,8,0,0,0,0,1,1,2,1,60,9,-1,-1,-1,-1,1,-1
2015621500148,1,9,0,15,0,0,0,0,0,0,4,1,6,2,34,6,-1,-1,-1,-1,1,-1
2015621500149,1,9,0,4,0,0,0,0,0,0,1,1,6,1,48,8,-1,-1,-1,-1,2,-1
2015621500149,2,9,0,4,0,0,0,0,0,0,2,1,6,2,75,10,-1,-1,-1,-1,1,-1
2015621500150,1,9,0,18,0,0,0,0,1,4,1,1,2,1,22,5,-1,-1,-1,-1,1,-1
2015621500151,1,9,0,9,0,1,2,0,0,0,4,1,6,2,24,5,-1,-1,-1,-1,2,-1
2015621500151,2,9,0,18,0,1,0,0,0,0,4,1,6,1,67,10,-1,-1,-1,-1,1,-1
2015621500152,1,9,0,3,0,1,0,0,0,0,1,1,6,1,33,6,-1,-1,-1,-1,1,-1
2015621500152,2,9,0,3,0,1,0,0,0,0,2,1,6,2,46,8,-1,-1,-1,-1,1,-1
2015621500153,1,9,0,18,0,0,0,0,0,0,3,1,6,1,43,7,-1,-1,-1,-1,2,-1
2015621500153,2,9,0,18,0,0,0,0,0,0,3,1,6,1,48,8,-1,-1,-1,-1,3,-1
2015621500154,1,9,0,18,0,1,0,0,0,0,1,1,6,3,-1,-1,-1,-1,-1,-1,-1,-1
2015621500154,2,9,0,3,0,1,0,0,0,0,2,1,2,2,30,6,-1,-1,-1,-1,2,-1
2015621500154,3,9,0,3,0,1,0,0,0,0,2,1,2,2,39,7,-1,-1,-1,-1,1,-1
2015621500155,1,9,0,9,0,8,0,0,0,0,1,1,6,2,24,5,-1,-1,-1,-1,1,-1
2015621500155,2,9,0,18,0,8,0,0,0,0,3,1,6,2,50,8,-1,-1,-1,-1,1,-1
2015621500156,1,11,0,18,0,0,0,0,0,0,1,1,1,1,62,9,-1,-1,-1,-1,1,-1
2015621500156,2,9,0,4,0,0,0,0,0,0,2,1,6,2,52,8,-1,-1,-1,-1,1,-1
2015621500156,3,9,0,4,0,0,0,0,0,0,2,1,6,2,45,7,-1,-1,-1,-1,3,-1
2015621500156,4,9,0,4,0,0,0,0,0,0,2,1,6,1,66,10,-1,-1,-1,-1,2,-1
2015621500156,5,9,0,4,0,0,0,0,0,0,2,1,6,2,37,7,-1,-1,-1,-1,2,-1
2015621500157,1,9,0,18,0,0,1,0,0,0,1,1,1,1,20,4,-1,-1,-1,-1,1,-1
2015621500157,2,9,0,4,0,0,0,0,0,0,2,1,6,1,50,8,-1,-1,-1,-1,1,-1
2015621500158,1,9,0,18,0,0,0,0,0,0,1,1,1,1,25,5,-1,-1,-1,-1,2,-1
2015621500158,2,9,0,4,0,0,0,0,0,0,2,1,1,2,52,8,-1,-1,-1,-1,1,-1
2015621500158,3,9,0,4,0,0,0,0,0,0,2,1,6,2,25,5,-1,-1,-1,-1,1,-1
2015621500160,1,9,0,9,0,6,0,0,0,0,1,1,1,1,18,4,-1,-1,-1,-1,1,-1
2015621500160,2,9,0,18,0,8,0,0,0,0,4,1,6,1,57,9,-1,-1,-1,-1,1,-1
2015621500161,1,9,0,18,0,1,0,0,0,0,1,1,6,1,33,6,-1,-1,-1,-1,1,-1
2015621500162,1,19,0,4,0,1,0,0,0,0,1,1,1,1,22,5,-1,-1,-1,-1,1,-1
2015621500162,2,9,0,3,0,1,0,0,0,0,2,1,6,2,66,10,-1,-1,-1,-1,1,-1
2015621500162,3,9,0,3,0,1,0,0,0,0,2,1,6,2,21,5,-1,-1,-1,-1,1,-1
2015621500162,4,9,0,3,0,1,0,0,0,0,2,1,6,1,43,7,-1,-1,-1,-1,1,-1
2015621500163,1,9,0,18,0,0,0,0,0,0,4,1,6,3,-1,-1,-1,-1,-1,-1,-1,-1
2015621500164,1,9,0,18,0,1,0,0,0,0,1,1,6,2,51,8,-1,-1,-1,-1,1,-1
2015621500164,2,9,0,4,0,1,0,0,0,0,2,2,6,2,29,6,-1,-1,-1,-1,1,-1
2015621500165,1,8,0,17,0,8,0,0,0,0,1,1,3,1,31,6,-1,-1,-1,-1,1,-1
2015621500166,1,9,0,18,0,0,0,0,1,0,3,1,1,1,35,6,-1,-1,-1,-1,1,-1
2015621500167,1,9,0,18,0,4,0,0,0,0,1,1,6,2,67,10,-1,-1,-1,-1,1,-1
2015621500167,2,1,0,9,0,4,0,0,0,0,4,1,6,1,39,7,-1,-1,-1,-1,3,-1
2015621500168,1,9,0,11,0,2,0,0,0,0,2,1,6,2,46,8,-1,-1,-1,-1,1,-1
2015621500168,2,9,0,18,0,2,0,0,0,0,1,1,6,2,24,5,-1,-1,-1,-1,1,-1
2015621500169,1,9,0,18,0,0,5,4,0,0,1,1,6,1,41,7,-1,-1,-1,-1,1,-1
2015621500169,2,9,0,2,0,0,0,0,0,0,4,1,6,3,-1,-1,-1,-1,-1,-1,-1,-1
2015621500170,1,9,0,9,0,1,0,0,0,0,3,1,6,1,46,8,-1,-1,-1,-1,1,-1
2015621500170,2,5,0,18,0,1,0,0,0,0,1,1,6,1,35,6,-1,-1,-1,-1,1,-1
2015621500171,1,9,0,17,0,1,1,0,0,0,1,1,6,1,19,4,-1,-1,-1,-1,1,-1
2015621500171,2,9,0,18,0,2,0,0,0,0,1,1,6,1,43,7,-1,-1,-1,-1,1,-1
2015621500172,1,9,0,4,0,1,0,0,0,0,1,1,6,3,-1,-1,-1,-1,-1,-1,-1,-1
2015621500172,2,9,0,10,0,1,0,0,0,0,2,1,6,1,45,7,-1,-1,-1,-1,1,-1
2015621500173,1,9,0,18,0,8,1,0,7,2,1,1,6,1,35,6,-1,-1,-1,-1,3,-1
2015621500174,1,9,0,18,0,2,0,0,0,0,1,1,1,2,54,8,-1,-1,-1,-1,1,-1
2015621500174,2,9,0,18,0,1,0,0,0,0,1,1,6,1,37,7,-1,-1,-1,-1,1,-1
2015621500176,1,9,0,17,0,0,1,6,1,10,1,1,6,1,30,6,-1,-1,-1,-1,2,-1
2015621500177,1,9,0,18,0,0,1,0,0,0,1,1,2,2,26,6,-1,-1,-1,-1,1,-1
2015621500177,2,9,0,4,0,0,0,0,0,0,2,1,6,2,25,5,-1,-1,-1,-1,1,-1
2015621500177,3,9,0,3,0,0,0,0,0,0,2,1,2,2,59,9,-1,-1,-1,-1,1,-1
2015621500178,1,9,0,18,0,1,1,0,0,0,1,1,6,2,24,5,-1,-1,-1,-1,1,-1
2015621500178,2,9,0,3,0,1,0,0,0,0,2,1,6,1,53,8,-1,-1,-1,-1,2,-1
2015621500178,3,9,0,10,0,1,0,0,0,0,2,1,6,1,66,10,-1,-1,-1,-1,1,-1
2015621500179,1,9,0,9,0,8,0,0,0,0,3,1,6,1,47,8,-1,-1,-1,-1,1,-1
2015621500180,1,9,0,18,0,0,0,0,7,0,1,1,2,1,51,8,-1,-1,-1,-1,1,-1
2015621500180,2,9,0,18,0,0,0,0,1,0,3,1,2,1,45,7,-1,-1,-1,-1,1,-1
2015621500180,3,9,0,18,0,0,0,0,0,0,3,1,2,1,56,9,-1,-1,-1,-1,1,-1
2015621500181,1,11,0,18,0,1,0,0,0,0,4,1,1,1,59,9,-1,-1,-1,-1,1,-1
2015621500182,1,9,0,18,0,0,0,0,0,0,1,1,2,2,21,5,-1,-1,-1,-1,1,-1
2015621500183,1,9,0,13,0,0,0,0,7,11,4,1,6,1,24,5,-1,-1,-1,-1,1,-1
2015621500183,2,19,0,18,0,0,0,0,0,0,4,1,6,1,33,6,-1,-1,-1,-1,1,-1
2015621500185,1,9,0,5,0,4,0,0,0,0,1,1,6,1,38,7,-1,-1,-1,-1,1,-1
2015621500185,2,9,0,3,0,4,0,0,0,0,2,1,6,1,32,6,-1,-1,-1,-1,1,-1
2015621500186,1,9,0,18,0,8,0,0,0,0,4,1,6,2,18,4,-1,-1,-1,-1,1,-1
2015621500187,1,9,0,18,0,0,0,0,0,0,1,2,6,1,22,5,-1,-1,-1,-1,1,-1
2015621500187,2,9,0,2,0,0,0,0,0,0,1,1,6,3,-1,-1,-1,-1,-1,-1,-1,-1
2015621500188,1,9,0,1,0,0,0,0,0,0,2,1,1,1,25,5,-1,-1,-1,-1,1,-1
2015621500189,1,19,0,5,0,6,0,0,0,0,3,1,2,1,26,6,-1,-1,-1,-1,1,-1
2015621500189,2,1,0,18,0,1,0,0,0,0,1,1,2,1,53,8,-1,-1,-1,-1,1,-1
2015621500190,1,9,0,18,0,1,0,7,0,0,1,1,1,1,40,7,-1,-1,-1,-1,1,-1
2015621500191,1,9,0,9,0,0,0,7,0,0,1,1,6,1,54,8,-1,-1,-1,-1,1,-1
2015621500192,1,9,0,9,0,6,0,7,0,0,3,1,6,2,50,8,-1,-1,-1,-1,2,-1
2015621500193,1,9,0,5,0,4,0,0,0,0,3,1,6,2,57,9,-1,-1,-1,-1,2,-1
2015621500193,2,11,0,18,0,4,0,0,0,0,1,1,1,1,64,9,-1,-1,-1,-1,1,-1
2015621500194,1,8,0,9,0,6,0,0,0,0,1,1,1,1,51,8,-1,-1,-1,-1,1,-1
2015621500194,2,11,0,17,0,8,0,0,0,0,1,1,1,1,56,9,-1,-1,-1,-1,1,-1
2015621500195,1,9,0,18,0,0,0,0,0,0,1,1,6,1,18,4,-1,-1,-1,-1,1,-1
2015621500195,2,9,0,18,0,0,0,0,0,0,1,1,6,1,51,8,-1,-1,-1,-1,1,-1
2015621500197,1,9,0,9,0,6,0,0,0,0,4,1,6,1,79,11,-1,-1,-1,-1,1,-1
2015621500197,2,9,0,18,0,8,0,0,0,0,3,1,1,1,26,6,-1,-1,-1,-1,1,-1
2015621500198,1,9,0,17,0,0,1,4,0,0,1,1,6,2,25,5,-1,-1,-1,-1,1,-1
2015621500198,2,9,0,2,0,0,0,0,0,0,1,1,6,3,-1,-1,-1,-1,-1,-1,-1,-1
2015621500198,3,9,0,2,0,0,0,0,0,0,1,1,6,3,-1,-1,-1,-1,-1,-1,-1,-1
2015621500198,4,9,0,2,0,0,0,4,0,0,4,1,6,3,-1,-1,-1,-1,-1,-1,-1,-1
2015621500199,1,9,0,17,0,0,2,0,1,11,1,1,6,1,20,4,-1,-1,-1,-1,-1,-1
2015621500200,1,9,0,1,0,1,0,0,0,0,2,1,6,1,41,7,-1,-1,-1,-1,1,-1
2015621500201,1,9,0,18,0,1,0,0,0,0,4,1,2,2,49,8,-1,-1,-1,-1,3,-1
2015621500202,1,9,0,17,0,0,0,0,0,0,1,1,6,2,22,5,-1,-1,-1,-1,1,-1
2015621500202,2,9,0,16,0,0,1,0,1,0,1,1,6,1,23,5,-1,-1,-1,-1,3,-1
2015621500202,3,9,0,17,0,0,1,0,0,0,1,1,6,1,38,7,-1,-1,-1,-1,1,-1
2015621500202,4,9,0,17,0,0,0,0,0,0,1,1,6,2,25,5,-1,-1,-1,-1,3,-1
2015621500203,1,21,1,18,0,8,0,0,0,0,3,2,1,1,38,7,-1,-1,-1,-1,-1,-1
2015621500203,2,9,0,18,0,8,0,0,0,0,4,1,1,2,56,9,-1,-1,-1,-1,2,-1
2015621500204,1,9,0,17,0,0,0,0,0,0,1,1,6,2,50,8,-1,-1,-1,-1,1,-1
2015621500204,2,9,0,17,0,0,0,0,0,0,1,1,6,2,22,5,-1,-1,-1,-1,1,-1
2015621500205,1,9,0,3,0,1,0,0,0,0,1,1,1,2,58,9,-1,-1,-1,-1,1,-1
2015621500206,1,9,0,9,0,5,0,0,0,0,4,1,6,2,73,10,-1,-1,-1,-1,1,-1
2015621500206,2,1,0,18,0,1,0,0,0,0,1,1,6,2,35,6,-1,-1,-1,-1,1,-1
2015621500207,1,9,0,18,0,0,0,0,0,0,1,1,6,2,40,7,-1,-1,-1,-1,2,-1
2015621500207,2,20,0,2,0,0,0,0,0,0,2,1,1,1,46,8,-1,-1,-1,-1,1,-1
2015621500208,1,9,0,18,0,0,0,0,0,0,0,1,6,3,-1,-1,-1,-1,-1,-1,-1,-1
2015621500208,2,9,0,18,0,0,0,10,1,4,2,1,6,2,43,7,-1,-1,-1,-1,1,-1
2015621500209,1,9,0,5,0,6,0,0,0,0,1,1,6,1,75,10,-1,-1,-1,-1,1,-1
2015621500209,2,9,0,4,0,8,0,0,0,0,4,1,1,2,30,6,-1,-1,-1,-1,1,-1
2015621500210,1,9,0,16,0,0,1,10,1,4,1,1,6,2,18,4,-1,-1,-1,-1,2,-1
2015621500211,1,9,0,14,0,0,0,4,0,0,1,1,6,2,36,7,-1,-1,-1,-1,3,-1
2015621500211,2,9,0,2,0,0,0,0,0,0,2,1,6,3,-1,-1,-1,-1,-1,-1,-1,-1
2015621500212,1,11,0,5,0,0,0,0,0,0,4,1,1,1,48,8,-1,-1,-1,-1,1,-1
2015621500213,1,19,0,18,0,0,2,0,0,0,3,1,6,1,28,6,-1,-1,-1,-1,2,-1
2015621500214,1,9,0,18,0,0,0,0,0,0,1,1,2,1,40,7,-1,-1,-1,-1,3,-1
2015621500214,2,9,0,4,0,0,0,0,0,0,2,1,6,2,61,9,-1,-1,-1,-1,1,-1
2015621500214,3,9,0,4,0,0,0,0,0,0,2,1,6,2,22,5,-1,-1,-1,-1,1,-1
2015621500215,1,9,0,18,0,4,1,0,3,4,1,1,6,1,19,4,-1,-1,-1,-1,1,-1
2015621500216,1,10,0,18,0,1,0,0,0,0,3,1,1,1,58,9,-1,-1,-1,-1,1,-1
2015621500217,1,8,0,9,0,5,0,0,0,0,1,1,1,1,61,9,-1,-1,-1,-1,1,-1
2015621500217,2,1,0,18,0,8,0,0,0,0,3,1,6,1,54,8,-1,-1,-1,-1,1,-1
2015621500218,1,9,0,9,0,7,0,0,0,0,1,1,6,2,52,8,-1,-1,-1,-1,3,-1
2015621500218,2,9,0,18,0,8,0,0,7,10,4,1,6,2,82,11,-1,-1,-1,-1,1,-1
2015621500219,1,8,0,18,0,1,0,0,0,0,4,1,1,1,45,7,-1,-1,-1,-1,1,-1
2015621500220,1,9,0,16,0,0,0,7,0,0,1,1,6,1,23,5,-1,-1,-1,-1,1,-1
2015621500221,1,9,0,9,0,8,0,0,0,0,3,1,6,2,49,8,-1,-1,-1,-1,1,-1
2015621500221,2,5,0,18,0,8,0,0,0,0,4,1,6,1,56,9,-1,-1,-1,-1,1,-1
2015621500222,1,9,0,18,0,0,0,0,0,0,1,1,6,2,68,10,-1,-1,-1,-1,1,-1
2015621500223,1,9,0,9,0,8,0,0,0,0,1,1,6,2,32,6,-1,-1,-1,-1,1,-1
2015621500223,2,4,0,18,0,8,0,0,0,0,2,1,6,1,30,6,-1,-1,-1,-1,1,-1
2015621500224,1,9,0,18,0,0,1,0,5,6,1,1,6,2,44,7,-1,-1,-1,-1,3,-1
2015621500224,2,9,0,18,0,0,1,0,0,0,1,1,6,1,43,7,-1,-1,-1,-1,3,-1
2015621500225,1,9,0,18,0,0,0,0,0,0,1,1,2,2,18,4,-1,-1,-1,-1,1,-1
2015621500225,2,9,0,4,0,0,0,0,0,0,2,1,2,1,55,8,-1,-1,-1,-1,1,-1
2015621500225,3,9,0,4,0,0,0,0,0,0,2,1,6,1,20,4,-1,-1,-1,-1,1,-1
2015621500226,1,9,0,18,0,0,2,0,1,0,3,1,1,2,22,5,-1,-1,-1,-1,2,-1
2015621500226,2,19,0,18,0,0,1,0,0,0,3,1,1,1,30,6,-1,-1,-1,-1,1,-1
2015621500228,1,9,0,11,0,0,1,0,2,7,3,1,6,1,22,5,-1,-1,-1,-1,1,-1
2015621500231,1,2,0,18,0,0,1,0,0,0,0,1,6,1,20,4,-1,-1,-1,-1,2,-1
2015621500232,1,9,0,9,0,8,0,0,0,0,4,1,6,2,42,7,-1,-1,-1,-1,1,-1
2015621500232,2,9,0,18,0,8,0,0,0,0,1,1,6,1,47,8,-1,-1,-1,-1,1,-1
2015621500233,1,9,0,14,0,1,0,0,0,0,1,1,6,1,47,8,-1,-1,-1,-1,1,-1
2015621500233,2,9,0,18,0,2,0,0,0,0,1,1,6,2,58,9,-1,-1,-1,-1,1,-1
2015621500233,3,19,0,3,0,1,0,0,0,0,1,1,6,1,44,7,-1,-1,-1,-1,1,-1
2015621500233,4,9,0,2,0,1,0,0,0,0,2,1,6,3,-1,-1,-1,-1,-1,-1,-1,-1
2015621500233,5,9,0,2,0,1,0,0,0,0,1,1,6,3,-1,-1,-1,-1,-1,-1,-1,-1
2015621500234,1,9,0,12,0,0,0,0,0,11,1,1,6,2,61,9,-1,-1,-1,-1,2,-1
2015621500234,2,9,0,18,0,0,0,0,1,0,1,1,6,1,21,5,-1,-1,-1,-1,3,-1
2015621500235,1,9,0,18,0,0,0,0,0,0,1,1,6,1,65,9,-1,-1,-1,-1,1,-1
2015621500236,1,9,0,4,0,1,0,0,0,0,1,1,6,1,64,9,-1,-1,-1,-1,1,-1
2015621500236,2,9,0,3,0,1,0,0,0,0,2,1,6,1,62,9,-1,-1,-1,-1,1,-1
2015621500237,1,21,1,5,0,4,0,0,0,0,1,1,1,1,50,8,-1,-1,-1,-1,2,-1
2015621500237,2,9,0,5,0,4,0,0,0,0,2,1,6,2,74,10,-1,-1,-1,-1,1,-1
2015621500238,1,9,0,18,0,0,0,0,0,0,1,1,6,2,25,5,-1,-1,-1,-1,1,-1
2015621500239,1,9,0,9,0,8,2,7,1,0,1,1,2,2,18,4,-1,-1,-1,-1,1,-1
2015621500240,1,9,0,2,0,0,0,0,0,0,2,1,6,2,21,5,-1,-1,-1,-1,3,-1
2015621500240,2,9,0,18,0,0,0,4,0,0,1,1,6,1,22,5,-1,-1,-1,-1,3,-1
2015621500241,1,9,0,18,0,5,1,0,2,7,4,1,2,1,42,7,-1,-1,-1,-1,2,-1
2015621500242,1,9,0,18,0,0,5,4,0,0,1,1,6,2,32,6,-1,-1,-1,-1,1,-1
2015621500242,2,9,0,2,0,0,0,0,0,0,1,1,6,3,-1,-1,-1,-1,-1,-1,-1,-1
2015621500242,3,9,0,18,0,0,0,0,0,0,1,1,6,2,34,6,-1,-1,-1,-1,1,-1
2015621500244,1,9,0,18,0,0,0,0,0,0,1,1,6,1,66,10,-1,-1,-1,-1,1,-1
2015621500244,2,9,0,18,0,0,0,0,0,0,2,1,1,2,49,8,-1,-1,-1,-1,1,-1
2015621500245,1,19,0,18,0,0,0,0,0,0,1,1,1,2,29,6,-1,-1,-1,-1,1,-1
2015621500245,2,9,0,18,0,0,0,0,0,0,2,1,1,1,46,8,-1,-1,-1,-1,1,-1
2015621500246,1,9,0,12,0,3,0,0,0,0,4,1,6,2,25,5,-1,-1,-1,-1,1,-1
2015621500246,2,5,0,11,0,3,0,0,0,0,3,1,6,1,74,10,-1,-1,-1,-1,1,-1
2015621500247,1,9,0,18,0,1,0,0,0,10,1,1,6,1,48,8,-1,-1,-1,-1,1,-1
2015621500248,1,9,0,18,0,0,0,0,0,0,1,1,6,1,44,7,-1,-1,-1,-1,1,-1
2015621500248,2,1,0,18,0,0,0,0,0,0,1,1,6,1,22,5,-1,-1,-1,-1,1,-1
2015621500250,1,1,0,18,0,0,0,11,0,0,1,1,6,1,55,8,-1,-1,-1,-1,2,-1
2015621500251,1,9,0,18,0,0,1,0,7,9,3,1,2,2,30,6,-1,-1,-1,-1,2,-1
2015621500252,1,9,0,18,0,0,2,0,2,7,1,1,6,1,38,7,-1,-1,-1,-1,1,-1
2015621500252,2,9,0,18,0,0,2,0,1,0,1,1,1,2,36,7,-1,-1,-1,-1,1,-1
2015621500252,3,9,0,18,0,0,1,0,2,7,1,1,1,1,42,7,-1,-1,-1,-1,2,-1
2015621500253,1,9,0,18,0,0,0,0,0,0,1,1,1,2,27,6,-1,-1,-1,-1,3,-1
2015621500253,2,9,0,18,0,0,0,0,0,0,2,1,1,2,26,6,-1,-1,-1,-1,1,-1
2015621500254,1,9,0,5,0,3,0,0,0,0,1,1,6,2,36,7,-1,-1,-1,-1,1,-1
2015621500254,2,9,0,4,0,3,0,0,0,1,2,1,6,2,25,5,-1,-1,-1,-1,1,-1
2015621500255,1,19,0,18,0,0,0,0,0,0,0,1,6,1,37,7,-1,-1,-1,-1,1,-1
2015621500255,2,1,0,18,0,0,0,0,0,0,1,1,6,1,44,7,-1,-1,-1,-1,1,-1
2015621500256,1,11,0,7,0,6,0,0,0,0,1,1,1,1,66,10,-1,-1,-1,-1,1,-1
2015621500256,2,9,0,18,0,1,0,0,0,0,4,1,2,2,30,6,-1,-1,-1,-1,1,-1
2015621500257,1,9,0,9,0,4,0,0,0,0,3,1,2,2,31,6,-1,-1,-1,-1,1,-1
2015621500257,2,1,0,18,0,8,0,0,0,0,1,1,2,2,43,7,-1,-1,-1,-1,1,-1
2015621500258,1,9,0,18,0,1,0,0,0,0,4,1,6,2,27,6,-1,-1,-1,-1,1,-1
2015621500259,1,9,0,9,0,8,0,0,0,0,1,1,6,1,23,5,-1,-1,-1,-1,1,-1
2015621500261,1,9,0,17,0,0,0,0,0,0,1,1,6,2,23,5,-1,-1,-1,-1,1,-1
2015621500261,2,9,0,16,0,0,0,0,0,0,1,1,6,1,28,6,-1,-1,-1,-1,1,-1
2015621500262,1,9,0,18,0,0,0,0,0,0,1,1,1,1,29,6,-1,-1,-1,-1,2,-1
2015621500262,2,9,0,18,0,0,0,0,0,0,2,1,6,2,25,5,-1,-1,-1,-1,1,-1
2015621500263,1,9,0,18,0,4,0,0,3,11,1,1,6,2,23,5,-1,-1,-1,-1,1,-1
2015621500264,1,9,0,4,0,0,1,0,0,0,1,1,1,2,24,5,-1,-1,-1,-1,1,-1
2015621500264,2,8,0,3,0,0,0,0,0,0,2,1,1,1,46,8,-1,-1,-1,-1,1,-1
2015621500264,3,9,0,3,0,0,0,0,0,0,2,1,6,2,34,6,-1,-1,-1,-1,1,-1
2015621500265,1,9,0,18,0,0,0,0,0,0,3,1,6,3,-1,-1,-1,-1,-1,-1,-1,-1
2015621500265,2,9,0,18,0,0,0,0,0,0,3,1,6,2,51,8,-1,-1,-1,-1,1,-1
2015621500266,1,21,0,4,0,1,0,0,0,0,1,1,1,1,41,7,-1,-1,-1,-1,1,-1
2015621500266,2,9,0,3,0,1,0,0,0,0,2,1,6,1,66,10,-1,-1,-1,-1,1,-1
2015621500266,3,9,0,3,0,1,0,0,0,0,4,1,6,1,59,9,-1,-1,-1,-1,1,-1
2015621500267,1,9,0,7,0,1,0,0,0,0,1,1,6,1,24,5,-1,-1,-1,-1,1,-1
2015621500267,2,11,0,18,0,1,0,0,0,0,1,1,1,1,31,6,-1,-1,-1,-1,1,-1