Accident_Index,Vehicle_Reference,Vehicle_Type,Towing_and_Articulation,Vehicle_Manoeuvre,Vehicle_Location-Restricted_Lane,Junction_Location,Skidding_and_Overturning,Hit_Object_in_Carriageway,Vehicle_Leaving_Carriageway,Hit_Object_off_Carriageway,1st_Point_of_Impact,Was_Vehicle_Left_Hand_Drive?,Journey_Purpose_of_Driver,Sex_of_Driver,Age_of_Driver,Age_Band_of_Driver,Engine_Capacity_(CC),Propulsion_Code,Age_of_Vehicle,Driver_IMD_Decile,Driver_Home_Area_Type,Vehicle_IMD_Decile
2015621500268,1,9,0,2,0,2,0,0,0,0,3,1,1,2,39,7,-1,-1,-1,-1,1,-1
2015621500268,2,1,0,15,0,2,0,0,0,0,1,1,6,1,31,6,-1,-1,-1,-1,1,-1
2015621500269,1,9,0,9,0,6,0,0,0,0,1,1,6,1,48,8,-1,-1,-1,-1,2,-1
2015621500269,2,1,0,18,0,1,0,0,0,0,4,1,6,2,46,8,-1,-1,-1,-1,1,-1
2015621500270,1,9,0,18,0,1,0,0,0,0,4,1,6,1,22,5,-1,-1,-1,-1,2,-1
2015621500271,1,19,0,1,0,0,0,0,0,0,2,1,1,1,34,6,-1,-1,-1,-1,2,-1
2015621500272,1,9,0,9,0,6,0,0,0,0,1,1,6,1,37,7,-1,-1,-1,-1,3,-1
2015621500272,2,9,0,9,0,5,0,0,0,0,2,1,2,1,46,8,-1,-1,-1,-1,1,-1
2015621500273,1,9,0,18,0,4,0,0,0,0,4,1,6,1,59,9,-1,-1,-1,-1,1,-1
2015621500273,2,3,0,18,0,8,0,0,0,0,3,1,6,1,23,5,-1,-1,-1,-1,1,-1
2015621500274,1,9,0,18,0,0,0,0,0,0,1,1,6,2,27,6,-1,-1,-1,-1,1,-1
2015621500275,1,9,0,17,0,0,0,0,1,11,1,1,6,2,31,6,-1,-1,-1,-1,1,-1
2015621500275,2,9,0,2,0,0,0,0,0,0,1,1,6,3,-1,-1,-1,-1,-1,-1,-1,-1
2015621500275,3,9,0,2,0,0,0,0,0,0,4,1,6,3,-1,-1,-1,-1,-1,-1,-1,-1
2015621500275,4,9,0,2,0,0,0,0,0,0,3,1,6,3,-1,-1,-1,-1,-1,-1,-1,-1
2015621500275,5,9,0,2,0,0,0,0,0,0,2,1,6,3,-1,-1,-1,-1,-1,-1,-1,-1
2015621500275,6,9,0,2,0,0,0,0,0,0,4,1,6,3,-1,-1,-1,-1,-1,-1,-1,-1
2015621500276,1,9,0,6,0,0,0,0,0,0,3,1,6,2,28,6,-1,-1,-1,-1,1,-1
2015621500276,2,1,0,14,0,0,0,0,0,0,4,1,6,1,38,7,-1,-1,-1,-1,1,-1
2015621500277,1,9,0,18,0,1,0,0,1,7,1,1,6,1,20,4,-1,-1,-1,-1,1,-1
2015621500278,1,9,0,16,0,2,0,9,3,11,1,1,6,2,43,7,-1,-1,-1,-1,1,-1
2015621500279,1,9,0,9,0,8,0,0,0,0,1,1,6,2,63,9,-1,-1,-1,-1,1,-1
2015621500279,2,9,0,18,0,8,0,0,0,0,3,1,6,1,25,5,-1,-1,-1,-1,1,-1
2015621500280,1,9,0,18,0,0,0,0,0,0,4,1,6,2,51,8,-1,-1,-1,-1,1,-1
2015621500281,1,21,0,4,0,0,0,0,0,0,1,1,1,1,31,6,-1,-1,-1,-1,1,-1
2015621500281,2,9,0,4,0,0,0,0,0,0,2,1,2,2,53,8,-1,-1,-1,-1,1,-1
2015621500281,3,9,0,4,0,0,0,0,0,0,2,1,1,1,51,8,-1,-1,-1,-1,1,-1
2015621500282,1,9,0,18,0,0,0,0,0,0,1,1,3,2,57,9,-1,-1,-1,-1,1,-1
2015621500283,1,9,0,9,0,6,0,7,0,0,1,1,6,3,-1,-1,-1,-1,-1,-1,-1,-1
2015621500283,2,9,0,3,0,1,0,0,0,0,3,1,6,1,21,5,-1,-1,-1,-1,1,-1
2015621500284,1,1,0,17,0,0,0,0,0,0,0,1,6,1,42,7,-1,-1,-1,-1,3,-1
2015621500285,1,1,0,18,0,1,0,0,0,0,1,1,6,1,21,5,-1,-1,-1,-1,2,-1
2015621500285,2,9,0,3,0,1,0,0,0,0,2,1,2,1,45,7,-1,-1,-1,-1,1,-1
2015621500286,1,9,0,17,0,0,0,0,0,0,1,1,6,1,42,7,-1,-1,-1,-1,1,-1
2015621500287,1,9,0,18,0,0,0,0,0,0,1,1,6,1,43,7,-1,-1,-1,-1,2,-1
2015621500287,2,9,0,4,0,0,0,0,0,0,2,1,6,2,24,5,-1,-1,-1,-1,1,-1
2015621500287,3,9,0,4,0,0,0,0,0,0,2,1,6,1,38,7,-1,-1,-1,-1,1,-1
2015621500288,1,1,0,18,0,1,0,0,0,0,1,1,6,1,19,4,-1,-1,-1,-1,1,-1
2015621500288,2,9,0,18,0,1,0,0,0,0,4,1,6,2,30,6,-1,-1,-1,-1,3,-1
2015621500289,1,9,0,18,0,0,0,0,0,0,1,1,6,2,24,5,-1,-1,-1,-1,3,-1
2015621500289,2,9,0,3,0,0,0,0,0,0,2,1,6,2,27,6,-1,-1,-1,-1,1,-1
2015621500289,3,9,0,3,0,0,0,0,0,0,2,1,6,2,39,7,-1,-1,-1,-1,1,-1
2015621500290,1,9,0,18,0,0,0,0,0,0,1,1,6,3,-1,-1,-1,-1,-1,-1,-1,-1
2015621500290,2,1,0,18,0,0,0,0,0,0,2,1,6,1,11,3,-1,-1,-1,-1,1,-1
2015621500291,1,9,0,17,0,8,0,0,0,0,1,1,6,1,28,6,-1,-1,-1,-1,1,-1
2015621500291,2,1,0,17,0,8,0,0,0,0,2,1,6,1,22,5,-1,-1,-1,-1,1,-1
2015621500292,1,9,0,18,0,0,2,0,2,7,1,1,6,1,53,8,-1,-1,-1,-1,2,-1
2015621500293,1,9,0,9,0,1,0,0,7,0,3,1,6,1,32,6,-1,-1,-1,-1,1,-1
2015621500293,2,9,0,18,0,1,0,0,7,0,1,1,1,1,38,7,-1,-1,-1,-1,1,-1
2015621500294,1,9,0,18,0,1,0,0,0,0,4,1,6,2,55,8,-1,-1,-1,-1,1,-1
2015621500295,1,9,0,18,0,8,0,0,0,0,1,1,1,2,21,5,-1,-1,-1,-1,3,-1
2015621500295,2,9,0,18,0,8,0,0,0,0,2,1,2,2,46,8,-1,-1,-1,-1,2,-1
2015621500296,1,9,0,9,0,8,0,0,0,0,3,1,6,2,23,5,-1,-1,-1,-1,1,-1
2015621500296,2,9,0,18,0,8,0,0,0,0,1,1,6,1,29,6,-1,-1,-1,-1,1,-1
2015621500296,3,9,0,2,0,8,0,0,0,0,3,1,6,3,-1,-1,-1,-1,-1,-1,-1,-1
2015621500297,1,1,0,18,0,6,0,0,0,0,1,1,6,1,56,9,-1,-1,-1,-1,2,-1
2015621500297,2,19,0,18,0,8,0,0,0,0,4,1,6,1,41,7,-1,-1,-1,-1,1,-1
2015621500298,1,9,0,18,0,2,0,7,0,0,1,1,6,1,81,11,-1,-1,-1,-1,1,-1
2015621500299,1,9,0,18,0,6,0,0,0,0,1,1,1,2,51,8,-1,-1,-1,-1,1,-1
2015621500299,2,9,0,17,0,1,0,0,0,0,4,1,1,1,18,4,-1,-1,-1,-1,1,-1
2015621500300,1,9,0,18,6,1,0,0,1,0,1,1,6,1,85,11,-1,-1,-1,-1,1,-1
2015621500301,1,9,0,9,0,8,0,0,0,0,1,1,1,2,55,8,-1,-1,-1,-1,1,-1
2015621500301,2,9,0,18,0,8,0,0,0,0,4,1,6,2,34,6,-1,-1,-1,-1,1,-1
2015621500302,1,9,0,4,0,1,0,0,0,0,1,1,2,2,20,4,-1,-1,-1,-1,1,-1
2015621500302,2,9,0,3,0,1,0,0,0,0,2,1,2,2,43,7,-1,-1,-1,-1,1,-1
2015621500302,3,9,0,3,0,1,0,0,0,0,2,1,2,2,39,7,-1,-1,-1,-1,1,-1
2015621500303,1,9,0,18,0,0,2,10,0,0,1,1,6,1,56,9,-1,-1,-1,-1,3,-1
2015621500304,1,9,0,9,0,6,0,0,0,0,3,1,6,2,27,6,-1,-1,-1,-1,1,-1
2015621500304,2,9,0,18,0,8,0,0,0,0,1,1,6,2,33,6,-1,-1,-1,-1,1,-1
2015621500305,1,9,0,18,0,0,1,0,7,4,1,1,6,2,24,5,-1,-1,-1,-1,1,-1
2015621500306,1,9,0,5,0,1,0,0,0,0,3,1,2,2,48,8,-1,-1,-1,-1,1,-1
2015621500307,1,19,0,18,0,0,0,0,0,0,1,1,2,1,40,7,-1,-1,-1,-1,1,-1
2015621500307,2,9,0,4,0,0,0,0,0,0,2,1,2,1,54,8,-1,-1,-1,-1,2,-1
2015621500307,3,9,0,4,0,0,0,0,0,0,2,1,2,2,37,7,-1,-1,-1,-1,2,-1
2015621500307,4,9,0,4,0,0,0,0,0,0,2,1,2,2,52,8,-1,-1,-1,-1,1,-1
2015621500308,1,9,0,17,0,1,0,0,0,0,1,1,6,1,25,5,-1,-1,-1,-1,1,-1
2015621500308,2,9,0,3,0,1,0,0,0,0,2,1,6,2,46,8,-1,-1,-1,-1,1,-1
2015621500309,1,9,0,16,0,0,2,0,0,11,1,1,6,1,23,5,-1,-1,-1,-1,1,-1
2015621500310,1,9,0,4,0,6,0,0,0,0,3,1,6,1,48,8,-1,-1,-1,-1,1,-1
2015621500310,2,9,0,18,0,1,0,0,0,0,1,1,1,1,58,9,-1,-1,-1,-1,1,-1
2015621500311,1,9,0,4,0,0,0,0,0,0,1,1,6,1,22,5,-1,-1,-1,-1,1,-1
2015621500311,2,9,0,18,0,0,0,0,0,0,2,1,6,1,58,9,-1,-1,-1,-1,1,-1
2015621500312,1,9,0,5,0,0,0,0,0,0,1,1,6,2,21,5,-1,-1,-1,-1,1,-1
2015621500312,2,8,0,18,0,0,0,0,0,0,4,1,1,1,33,6,-1,-1,-1,-1,1,-1
2015621500313,1,9,0,18,0,0,0,7,0,0,1,1,2,2,17,4,-1,-1,-1,-1,3,-1
2015621500314,1,19,0,6,0,0,0,0,0,0,1,1,1,1,45,7,-1,-1,-1,-1,1,-1
2015621500314,2,9,0,18,0,0,0,0,0,0,3,1,6,1,70,10,-1,-1,-1,-1,2,-1
2015621500315,1,3,0,16,0,0,1,4,7,0,3,1,6,1,25,5,-1,-1,-1,-1,1,-1
2015621500315,2,9,0,2,0,0,0,0,0,0,4,1,6,3,-1,-1,-1,-1,-1,-1,-1,-1
2015621500318,1,9,0,18,0,0,0,0,0,0,4,1,1,2,45,7,-1,-1,-1,-1,1,-1
2015621500318,2,9,0,18,0,0,5,0,1,4,3,1,1,1,27,6,-1,-1,-1,-1,1,-1
2015621500319,1,9,0,18,0,8,0,0,0,0,1,1,6,1,41,7,-1,-1,-1,-1,1,-1
2015621500319,2,19,0,9,0,8,0,0,0,0,3,1,6,1,55,8,-1,-1,-1,-1,1,-1
2015621500320,1,9,0,18,0,0,0,0,0,0,0,1,3,2,45,7,-1,-1,-1,-1,2,-1
2015621500320,2,11,0,18,0,0,0,0,1,0,1,1,1,1,55,8,-1,-1,-1,-1,1,-1
2015621500320,3,9,0,3,0,0,0,0,0,0,2,1,6,2,42,7,-1,-1,-1,-1,2,-1
2015621500321,1,9,0,18,0,0,0,4,0,0,1,1,6,3,-1,-1,-1,-1,-1,-1,-1,-1
2015621500321,2,19,0,2,0,0,0,0,0,0,2,1,6,3,-1,-1,-1,-1,-1,-1,-1,-1
2015621500322,1,9,0,18,0,1,0,0,0,0,1,1,6,1,42,7,-1,-1,-1,-1,2,-1
2015621500322,2,9,0,18,0,1,0,0,0,0,2,1,6,1,31,6,-1,-1,-1,-1,3,-1
2015621500323,1,9,0,18,0,0,0,0,0,0,4,1,6,2,46,8,-1,-1,-1,-1,1,-1
2015621500324,1,9,0,16,0,1,0,0,2,5,1,1,6,1,37,7,-1,-1,-1,-1,1,-1
2015621500325,1,2,0,18,0,0,0,0,0,0,1,1,6,1,22,5,-1,-1,-1,-1,2,-1
2015621500325,2,9,0,18,0,0,0,0,0,0,1,1,6,1,52,8,-1,-1,-1,-1,2,-1
2015621500326,1,3,0,18,0,1,0,0,0,0,1,1,6,3,-1,-1,-1,-1,-1,-1,-1,-1
2015621500326,2,9,0,7,0,2,0,0,0,0,1,1,6,2,27,6,-1,-1,-1,-1,1,-1
2015621500327,1,9,0,4,0,0,1,0,0,0,1,1,2,1,21,5,-1,-1,-1,-1,1,-1
2015621500327,2,9,0,4,0,0,1,0,0,0,2,1,2,2,48,8,-1,-1,-1,-1,1,-1
2015621500327,3,9,0,14,0,0,0,0,0,0,0,1,6,1,69,10,-1,-1,-1,-1,3,-1
2015621500328,1,9,0,18,0,8,0,0,0,0,1,1,6,1,32,6,-1,-1,-1,-1,2,-1
2015621500328,2,1,0,18,0,8,0,0,0,0,2,1,2,1,44,7,-1,-1,-1,-1,1,-1
2015621500329,1,9,0,18,0,8,0,0,0,0,4,1,1,1,38,7,-1,-1,-1,-1,2,-1
2015621500330,1,9,0,18,0,0,0,0,1,2,1,1,1,1,51,8,-1,-1,-1,-1,2,-1
2015621500330,2,9,0,18,0,0,0,0,0,0,2,1,1,1,32,6,-1,-1,-1,-1,2,-1
2015621500331,1,9,0,9,0,1,0,0,0,0,4,1,6,1,21,5,-1,-1,-1,-1,2,-1
2015621500331,2,9,0,18,0,1,0,0,0,0,1,1,6,1,24,5,-1,-1,-1,-1,1,-1
2015621500332,1,9,0,4,0,0,0,0,0,0,1,1,3,2,38,7,-1,-1,-1,-1,1,-1
2015621500332,2,9,0,4,0,0,0,0,0,0,2,1,3,2,33,6,-1,-1,-1,-1,1,-1
2015621500333,1,9,0,9,0,1,0,0,0,0,1,1,6,2,32,6,-1,-1,-1,-1,1,-1
2015621500333,2,9,0,18,0,1,0,0,0,0,3,1,6,2,34,6,-1,-1,-1,-1,3,-1
2015621500334,1,3,0,18,0,4,0,0,0,0,1,1,6,1,29,6,-1,-1,-1,-1,1,-1
2015621500334,2,9,0,9,0,3,0,0,0,0,4,1,6,1,35,6,-1,-1,-1,-1,1,-1
2015621500335,1,9,0,5,0,1,0,0,0,10,3,1,2,2,59,9,-1,-1,-1,-1,1,-1
2015621500335,2,9,0,13,0,1,0,0,0,0,4,1,6,1,29,6,-1,-1,-1,-1,1,-1
2015621500336,1,9,0,3,0,1,0,0,0,0,1,1,6,2,27,6,-1,-1,-1,-1,1,-1
2015621500336,2,9,0,4,0,1,0,0,0,0,2,1,6,2,48,8,-1,-1,-1,-1,1,-1
2015621500337,1,9,0,16,0,0,1,0,0,0,1,1,2,2,24,5,-1,-1,-1,-1,1,-1
2015621500337,2,19,0,18,0,0,0,0,0,0,1,1,1,1,62,9,-1,-1,-1,-1,1,-1
2015621500337,3,9,0,18,0,0,0,0,0,0,3,1,3,1,34,6,-1,-1,-1,-1,1,-1
2015621500338,1,9,0,18,0,2,0,0,0,0,1,1,6,1,71,10,-1,-1,-1,-1,1,-1
2015621500339,1,9,0,9,0,6,0,7,0,0,1,1,6,2,27,6,-1,-1,-1,-1,1,-1
2015621500340,1,9,0,18,0,1,0,0,0,0,1,1,6,1,47,8,-1,-1,-1,-1,1,-1
2015621500341,1,9,0,16,0,0,0,0,8,4,1,1,6,1,37,7,-1,-1,-1,-1,1,-1
2015621500342,1,9,0,5,0,1,0,0,0,0,1,1,6,1,69,10,-1,-1,-1,-1,1,-1
2015621500343,1,9,0,9,0,6,0,0,0,0,1,1,6,1,62,9,-1,-1,-1,-1,3,-1
2015621500343,2,9,0,18,0,8,0,10,1,10,4,1,6,1,33,6,-1,-1,-1,-1,1,-1
2015621500344,1,9,0,16,0,0,2,0,2,10,1,1,2,1,23,5,-1,-1,-1,-1,2,-1
2015621500345,1,9,0,5,0,0,0,0,0,0,3,1,6,1,18,4,-1,-1,-1,-1,1,-1
2015621500345,2,9,0,18,0,0,0,0,0,0,1,1,6,1,68,10,-1,-1,-1,-1,1,-1
2015621500345,3,19,0,2,0,0,0,0,0,0,2,1,6,3,-1,-1,-1,-1,-1,-1,-1,-1
2015621500346,1,9,0,18,0,0,0,0,0,0,1,1,6,1,64,9,-1,-1,-1,-1,3,-1
2015621500346,2,9,0,3,0,0,0,0,0,0,2,1,6,2,37,7,-1,-1,-1,-1,1,-1
2015621500346,3,9,0,3,0,0,0,0,0,0,2,1,6,1,43,7,-1,-1,-1,-1,1,-1
2015621500346,4,9,0,3,0,0,0,0,0,0,2,1,6,2,46,8,-1,-1,-1,-1,1,-1
2015621500346,5,9,0,3,0,0,0,0,0,0,2,1,6,1,24,5,-1,-1,-1,-1,1,-1
2015621500347,1,19,0,18,0,8,1,0,1,3,1,1,1,1,32,6,-1,-1,-1,-1,1,-1
2015621500349,1,9,0,18,0,0,0,0,0,0,4,1,6,1,20,4,-1,-1,-1,-1,1,-1
2015621500350,1,9,0,18,0,0,1,0,5,6,1,1,6,1,21,5,-1,-1,-1,-1,1,-1
2015621500351,1,9,0,16,0,0,1,0,0,0,1,1,6,1,18,4,-1,-1,-1,-1,1,-1
2015621500351,2,9,0,18,0,0,0,0,0,0,3,1,6,1,32,6,-1,-1,-1,-1,1,-1
2015621500354,1,9,0,9,0,6,0,0,0,0,3,1,6,1,37,7,-1,-1,-1,-1,1,-1
2015621500354,2,5,0,18,0,1,0,0,0,0,1,1,1,1,51,8,-1,-1,-1,-1,1,-1
2015621500355,1,9,0,18,0,0,0,0,1,0,1,1,6,1,79,11,-1,-1,-1,-1,2,-1
2015621500356,1,9,0,9,0,6,0,0,0,0,2,1,6,1,61,9,-1,-1,-1,-1,1,-1
2015621500356,2,5,0,18,0,1,0,0,0,0,1,1,6,1,50,8,-1,-1,-1,-1,1,-1
2015621500357,1,9,0,5,0,1,0,0,0,0,1,1,3,2,42,7,-1,-1,-1,-1,1,-1
2015621500357,2,9,0,3,0,1,0,0,0,0,2,1,6,1,44,7,-1,-1,-1,-1,3,-1
2015621500358,1,9,0,18,0,0,0,0,0,0,1,1,2,1,32,6,-1,-1,-1,-1,1,-1
2015621500358,2,9,0,18,0,0,0,0,0,0,2,1,2,2,37,7,-1,-1,-1,-1,1,-1
2015621500359,1,9,0,18,0,0,1,0,1,1,4,1,1,2,38,7,-1,-1,-1,-1,3,-1
2015621500360,1,9,0,18,0,8,5,7,0,0,1,1,6,1,61,9,-1,-1,-1,-1,1,-1
2015621500361,1,9,0,18,0,0,1,0,0,0,1,1,1,1,19,4,-1,-1,-1,-1,1,-1
2015621500362,1,9,0,1,8,0,0,0,0,0,2,1,6,1,26,6,-1,-1,-1,-1,1,-1
2015621500363,1,9,0,9,0,6,0,0,0,0,1,1,4,1,18,4,-1,-1,-1,-1,1,-1
2015621500363,2,3,0,18,0,1,0,0,0,0,1,1,6,1,33,6,-1,-1,-1,-1,1,-1
2015621500365,1,9,0,18,0,1,0,0,0,0,1,1,6,1,52,8,-1,-1,-1,-1,1,-1
2015621500365,2,9,0,4,0,8,0,0,0,0,2,1,6,1,28,6,-1,-1,-1,-1,1,-1
2015621500365,3,9,0,10,0,8,0,0,0,0,2,1,6,2,39,7,-1,-1,-1,-1,2,-1
2015621500366,1,9,0,18,0,0,0,0,0,0,1,1,6,1,69,10,-1,-1,-1,-1,1,-1
2015621500366,2,9,0,18,0,0,0,0,0,0,3,1,6,2,34,6,-1,-1,-1,-1,1,-1
2015621500367,1,9,0,18,0,0,0,0,0,0,4,1,6,1,19,4,-1,-1,-1,-1,1,-1
2015621500368,1,9,0,1,0,2,0,0,0,0,1,1,6,1,31,6,-1,-1,-1,-1,1,-1
2015621500369,1,9,0,7,0,6,0,0,0,0,1,1,6,1,23,5,-1,-1,-1,-1,3,-1
2015621500369,2,9,0,18,0,8,0,0,0,0,4,1,1,1,33,6,-1,-1,-1,-1,1,-1
2015621500370,1,9,0,4,0,2,0,0,0,0,1,1,2,2,50,8,-1,-1,-1,-1,1,-1
2015621500370,2,9,0,18,0,2,0,0,0,0,2,1,1,1,40,7,-1,-1,-1,-1,1,-1
2015621500370,3,9,0,18,0,2,0,0,0,0,1,1,2,2,27,6,-1,-1,-1,-1,1,-1
2015621500371,1,9,0,9,0,5,0,0,0,0,4,1,6,1,23,5,-1,-1,-1,-1,1,-1
2015621500371,2,9,0,18,0,8,0,0,0,0,1,1,6,1,45,7,-1,-1,-1,-1,1,-1
2015621500372,1,9,0,18,0,0,0,0,0,0,1,1,6,1,35,6,-1,-1,-1,-1,2,-1
2015621500372,2,9,0,18,0,0,0,0,0,0,2,1,6,1,48,8,-1,-1,-1,-1,1,-1
2015621500373,1,9,0,18,0,0,0,0,0,0,4,1,6,2,71,10,-1,-1,-1,-1,1,-1
2015621500374,1,9,0,2,0,0,0,0,0,0,3,1,6,1,47,8,-1,-1,-1,-1,1,-1
2015621500374,2,9,0,18,0,0,0,0,7,0,4,1,6,2,78,11,-1,-1,-1,-1,1,-1
2015621500374,3,9,0,2,0,0,0,0,0,0,3,1,6,3,-1,-1,-1,-1,-1,-1,-1,-1
2015621500375,1,21,1,18,0,0,0,0,0,0,1,1,1,1,43,7,-1,-1,-1,-1,3,-1
2015621500375,2,9,0,18,0,0,5,0,1,4,3,1,2,2,30,6,-1,-1,-1,-1,1,-1
2015621500376,1,19,0,5,0,4,0,0,0,0,2,1,6,2,63,9,-1,-1,-1,-1,1,-1
2015621500376,2,5,0,18,0,8,0,0,0,0,1,1,6,1,43,7,-1,-1,-1,-1,3,-1
2015621500377,1,9,0,18,0,1,1,0,0,0,1,1,2,1,55,8,-1,-1,-1,-1,1,-1
2015621500377,2,9,0,3,0,1,1,0,0,0,2,1,2,1,33,6,-1,-1,-1,-1,1,-1
2015621500377,3,8,0,3,0,1,0,0,0,0,2,1,1,1,51,8,-1,-1,-1,-1,1,-1
2015621500378,1,9,0,18,0,1,0,7,0,0,1,1,6,2,37,7,-1,-1,-1,-1,1,-1
2015621500379,1,9,0,18,0,0,1,0,8,11,1,1,6,1,27,6,-1,-1,-1,-1,1,-1
2015621500380,1,9,0,18,0,0,0,0,0,0,1,1,6,1,44,7,-1,-1,-1,-1,1,-1
2015621500380,2,21,1,18,0,0,0,0,0,0,2,1,1,1,35,6,-1,-1,-1,-1,2,-1
2015621500381,1,9,0,9,0,6,0,0,0,0,4,1,6,1,74,10,-1,-1,-1,-1,1,-1
2015621500381,2,9,0,18,0,8,0,0,0,0,3,1,6,2,25,5,-1,-1,-1,-1,1,-1
2015621500382,1,9,0,18,0,8,0,0,0,0,1,1,3,1,43,7,-1,-1,-1,-1,2,-1
2015621500382,2,9,0,9,0,8,0,0,0,0,1,1,6,1,51,8,-1,-1,-1,-1,1,-1
2015621500383,1,8,0,18,0,1,0,0,0,0,1,1,1,1,30,6,-1,-1,-1,-1,3,-1
2015621500383,2,9,0,9,0,1,0,0,0,0,2,1,2,2,35,6,-1,-1,-1,-1,2,-1
2015621500384,1,9,0,18,0,0,1,0,0,0,1,1,6,1,53,8,-1,-1,-1,-1,3,-1
2015621500384,2,19,0,4,0,0,0,0,0,0,2,1,1,1,22,5,-1,-1,-1,-1,1,-1
2015621500385,1,9,0,18,0,0,0,0,0,0,1,1,6,1,34,6,-1,-1,-1,-1,1,-1
2015621500385,2,9,0,4,0,0,0,0,0,0,2,1,6,1,61,9,-1,-1,-1,-1,3,-1
2015621500386,1,9,0,5,0,0,0,0,0,0,1,1,2,2,33,6,-1,-1,-1,-1,1,-1
2015621500387,1,9,0,18,0,0,0,4,0,0,4,1,6,2,46,8,-1,-1,-1,-1,1,-1
2015621500387,2,19,0,2,0,0,0,0,0,0,4,1,6,3,-1,-1,-1,-1,-1,-1,-1,-1
2015621500388,1,9,0,14,0,1,0,0,0,0,0,1,6,1,30,6,-1,-1,-1,-1,1,-1
2015621500389,1,9,0,4,0,1,0,0,0,0,1,1,6,2,24,5,-1,-1,-1,-1,1,-1
2015621500389,2,9,0,9,0,1,0,0,0,0,2,1,6,1,68,10,-1,-1,-1,-1,1,-1
2015621500390,1,9,0,18,0,1,0,0,0,0,1,1,6,2,32,6,-1,-1,-1,-1,1,-1
2015621500390,2,9,0,18,0,8,0,0,0,0,4,1,6,2,34,6,-1,-1,-1,-1,1,-1
2015621500391,1,9,0,18,0,1,0,0,0,0,1,1,6,2,41,7,-1,-1,-1,-1,1,-1
2015621500391,2,9,0,18,0,1,0,0,0,0,1,1,6,2,40,7,-1,-1,-1,-1,1,-1
2015621500392,1,9,0,18,0,0,0,4,0,0,1,1,6,2,70,10,-1,-1,-1,-1,1,-1
2015621500392,2,9,0,2,0,0,0,4,0,0,2,1,6,3,-1,-1,-1,-1,-1,-1,-1,-1
2015621500392,3,8,0,2,0,0,0,0,0,0,3,1,6,3,-1,-1,-1,-1,-1,-1,-1,-1
2015621500393,1,9,0,5,0,8,0,0,0,0,2,1,6,2,51,8,-1,-1,-1,-1,1,-1
2015621500393,2,9,0,18,0,1,0,0,0,2,1,1,6,1,22,5,-1,-1,-1,-1,1,-1
2015621500394,1,5,0,18,0,0,0,0,0,0,3,1,2,1,51,8,-1,-1,-1,-1,2,-1
2015621500395,1,9,0,18,0,0,0,0,0,0,4,1,6,3,-1,-1,-1,-1,-1,-1,-1,-1
2015621500396,1,9,0,5,0,1,0,0,0,0,4,1,6,2,32,6,-1,-1,-1,-1,1,-1
2015621500396,2,2,0,18,0,1,0,0,0,0,1,1,2,1,36,7,-1,-1,-1,-1,1,-1
2015621500397,1,9,0,18,0,1,0,0,0,0,1,1,6,2,45,7,-1,-1,-1,-1,1,-1
2015621500398,1,9,0,18,0,0,0,0,0,0,4,1,6,2,18,4,-1,-1,-1,-1,1,-1
2015621500399,1,8,0,4,0,2,0,0,0,0,1,1,1,2,43,7,-1,-1,-1,-1,1,-1
2015621500399,2,9,0,3,0,2,0,0,0,0,2,1,6,1,28,6,-1,-1,-1,-1,1,-1
2015621500399,3,9,0,3,0,2,0,0,0,0,2,1,6,2,39,7,-1,-1,-1,-1,3,-1
2015621500400,1,9,0,18,0,3,0,0,7,4,1,1,6,2,24,5,-1,-1,-1,-1,1,-1
2015621500401,1,9,0,18,0,0,0,0,0,0,3,1,3,2,29,6,-1,-1,-1,-1,2,-1
2015621500402,1,9,0,17,0,0,5,0,1,7,4,1,6,1,36,7,-1,-1,-1,-1,2,-1
2015621500403,1,9,0,16,0,1,2,0,0,0,1,1,6,1,35,6,-1,-1,-1,-1,1,-1
2015621500404,1,5,0,18,0,0,1,0,1,0,3,1,6,1,30,6,-1,-1,-1,-1,1,-1
2015621500405,1,9,0,18,0,0,5,0,0,0,1,1,6,2,43,7,-1,-1,-1,-1,2,-1
2015621500406,1,9,0,18,0,1,0,0,0,0,1,1,6,2,48,8,-1,-1,-1,-1,1,-1
2015621500406,2,9,0,18,0,2,0,0,0,0,3,1,6,2,56,9,-1,-1,-1,-1,1,-1
2015621500407,1,9,0,18,0,0,0,0,7,11,3,1,6,1,25,5,-1,-1,-1,-1,2,-1
2015621500408,1,9,0,17,0,0,0,0,0,0,1,1,6,1,46,8,-1,-1,-1,-1,2,-1
2015621500408,2,9,0,16,0,0,0,0,0,0,1,1,6,1,18,4,-1,-1,-1,-1,3,-1
2015621500411,1,5,0,13,0,0,0,0,0,0,4,1,6,1,43,7,-1,-1,-1,-1,1,-1
2015621500411,2,9,0,9,0,0,0,0,0,0,3,1,6,2,43,7,-1,-1,-1,-1,1,-1
2015621500412,1,9,0,18,9,0,0,0,7,0,3,1,6,1,45,7,-1,-1,-1,-1,1,-1
2015621500413,1,20,0,5,0,8,0,0,0,0,3,2,1,1,58,9,-1,-1,-1,-1,1,-1
2015621500413,2,3,0,18,0,8,1,0,0,0,1,1,1,1,17,4,-1,-1,-1,-1,1,-1
2015621500414,1,20,0,5,0,6,0,0,0,0,1,1,1,1,59,9,-1,-1,-1,-1,1,-1
2015621500414,2,11,0,18,0,1,0,0,0,0,4,1,1,1,57,9,-1,-1,-1,-1,1,-1
2015621500415,1,9,0,18,0,0,0,0,0,0,1,1,6,2,84,11,-1,-1,-1,-1,1,-1
2015621500416,1,9,0,18,0,8,0,0,0,0,1,1,6,1,47,8,-1,-1,-1,-1,2,-1
2015621500416,2,9,0,10,0,8,0,0,0,0,2,1,6,2,58,9,-1,-1,-1,-1,1,-1
2015621500417,1,9,0,18,0,0,0,0,0,0,1,1,6,1,46,8,-1,-1,-1,-1,3,-1
2015621500418,1,9,0,18,0,4,0,0,0,0,1,1,6,2,54,8,-1,-1,-1,-1,1,-1
2015621500418,2,1,0,18,0,8,0,0,0,0,4,1,6,1,50,8,-1,-1,-1,-1,1,-1