Accident_Index,Vehicle_Reference,Vehicle_Type,Towing_and_Articulation,Vehicle_Manoeuvre,Vehicle_Location-Restricted_Lane,Junction_Location,Skidding_and_Overturning,Hit_Object_in_Carriageway,Vehicle_Leaving_Carriageway,Hit_Object_off_Carriageway,1st_Point_of_Impact,Was_Vehicle_Left_Hand_Drive?,Journey_Purpose_of_Driver,Sex_of_Driver,Age_of_Driver,Age_Band_of_Driver,Engine_Capacity_(CC),Propulsion_Code,Age_of_Vehicle,Driver_IMD_Decile,Driver_Home_Area_Type,Vehicle_IMD_Decile
2015621500838,2,9,0,18,0,1,0,0,0,0,1,1,6,1,80,11,-1,-1,-1,-1,3,-1
2015621500839,1,9,0,4,0,1,0,0,0,0,1,1,6,1,42,7,-1,-1,-1,-1,1,-1
2015621500839,2,9,0,4,0,1,0,0,0,0,2,1,6,2,24,5,-1,-1,-1,-1,1,-1
2015621500839,3,9,0,4,0,1,0,0,0,0,2,1,6,2,40,7,-1,-1,-1,-1,3,-1
2015621500839,4,9,0,10,0,1,0,0,0,0,2,1,6,1,43,7,-1,-1,-1,-1,1,-1
2015621500840,1,9,0,17,0,0,1,0,8,1,3,1,6,2,18,4,-1,-1,-1,-1,3,-1
2015621500841,1,9,0,18,0,0,5,0,2,11,1,1,2,2,23,5,-1,-1,-1,-1,1,-1
2015621500842,1,9,0,18,0,2,0,0,0,0,1,1,1,2,28,6,-1,-1,-1,-1,1,-1
2015621500842,2,9,0,18,0,1,0,0,0,0,4,1,6,1,27,6,-1,-1,-1,-1,1,-1
2015621500843,1,9,0,18,0,0,5,4,0,0,4,1,6,2,69,10,-1,-1,-1,-1,1,-1
2015621500843,2,9,0,2,0,0,0,0,0,0,4,1,6,3,-1,-1,-1,-1,-1,-1,-1,-1
2015621500843,3,9,0,2,0,0,0,0,0,0,3,1,6,3,-1,-1,-1,-1,-1,-1,-1,-1
2015621500844,1,5,0,18,0,0,0,0,0,0,1,1,6,1,32,6,-1,-1,-1,-1,1,-1
2015621500844,2,9,0,2,0,0,0,0,0,0,2,1,6,3,-1,-1,-1,-1,-1,-1,-1,-1
2015621500845,1,9,0,18,0,2,0,0,0,0,3,1,2,2,37,7,-1,-1,-1,-1,1,-1
2015621500845,2,11,0,7,0,2,0,0,0,0,4,1,1,1,55,8,-1,-1,-1,-1,1,-1
2015621500846,1,9,0,5,0,0,0,0,0,0,1,1,6,2,31,6,-1,-1,-1,-1,1,-1
2015621500846,2,9,0,18,0,0,0,0,0,0,4,1,6,1,19,4,-1,-1,-1,-1,1,-1
2015621500847,1,9,0,18,0,1,0,0,0,0,1,1,6,1,65,9,-1,-1,-1,-1,1,-1
2015621500847,2,9,0,4,0,1,0,0,0,0,2,1,6,1,41,7,-1,-1,-1,-1,1,-1
2015621500848,1,9,0,18,0,0,1,0,2,7,4,1,6,1,26,6,-1,-1,-1,-1,1,-1
2015621500849,1,9,0,9,0,4,0,0,0,0,3,1,6,1,60,9,-1,-1,-1,-1,-1,-1
2015621500849,2,5,0,18,0,4,0,0,0,0,1,1,6,1,21,5,-1,-1,-1,-1,2,-1
2015621500850,1,9,0,16,0,0,0,0,0,0,3,1,6,1,55,8,-1,-1,-1,-1,1,-1
2015621500850,2,11,0,18,0,0,0,0,0,0,3,1,1,1,40,7,-1,-1,-1,-1,1,-1
2015621500851,1,2,0,15,0,0,1,0,0,0,1,1,6,1,23,5,-1,-1,-1,-1,1,-1
2015621500852,1,9,0,9,0,8,0,0,7,0,3,1,6,1,84,11,-1,-1,-1,-1,1,-1
2015621500852,2,9,0,18,0,8,5,0,7,11,1,1,2,1,19,4,-1,-1,-1,-1,1,-1
2015621500853,1,9,0,7,0,5,2,0,3,0,1,1,6,1,18,4,-1,-1,-1,-1,1,-1
2015621500854,1,9,0,9,0,6,0,0,0,0,1,1,6,1,46,8,-1,-1,-1,-1,1,-1
2015621500854,2,1,0,18,0,8,0,0,0,0,1,1,2,1,21,5,-1,-1,-1,-1,1,-1
2015621500855,1,8,0,18,0,0,0,0,0,0,1,1,1,1,29,6,-1,-1,-1,-1,1,-1
2015621500855,2,9,0,18,0,0,0,0,0,0,2,1,6,1,46,8,-1,-1,-1,-1,1,-1
2015621500856,1,9,0,12,0,0,0,0,0,0,3,1,2,1,21,5,-1,-1,-1,-1,3,-1
2015621500856,2,9,0,13,0,0,1,0,1,9,4,1,2,1,34,6,-1,-1,-1,-1,2,-1
2015621500857,1,9,0,18,0,1,0,0,0,0,1,1,6,1,24,5,-1,-1,-1,-1,1,-1
2015621500857,2,9,0,18,0,1,0,0,0,0,4,1,6,1,23,5,-1,-1,-1,-1,1,-1
2015621500858,1,3,0,18,0,1,1,0,0,0,0,1,4,1,18,4,-1,-1,-1,-1,2,-1
2015621500859,1,9,0,18,0,0,1,0,1,7,1,1,1,1,34,6,-1,-1,-1,-1,1,-1
2015621500860,1,9,0,9,0,8,0,0,0,0,1,1,6,1,70,10,-1,-1,-1,-1,1,-1
2015621500860,2,9,0,18,0,8,0,0,7,1,3,1,6,2,24,5,-1,-1,-1,-1,1,-1
2015621500861,1,9,0,18,0,8,1,0,2,10,1,1,6,1,29,6,-1,-1,-1,-1,1,-1
2015621500861,2,9,0,18,0,8,0,0,0,0,1,1,6,2,21,5,-1,-1,-1,-1,1,-1
2015621500862,1,1,0,18,0,0,0,0,0,0,1,1,4,1,13,3,-1,-1,-1,-1,1,-1
2015621500862,2,19,0,18,0,0,0,0,0,0,3,1,6,1,31,6,-1,-1,-1,-1,1,-1
2015621500863,1,9,0,18,0,0,0,0,0,0,1,1,6,1,62,9,-1,-1,-1,-1,1,-1
2015621500863,2,19,0,4,0,0,0,0,0,0,2,1,6,1,61,9,-1,-1,-1,-1,2,-1
2015621500863,3,9,0,4,0,0,0,0,0,0,2,1,6,2,48,8,-1,-1,-1,-1,1,-1
2015621500863,4,9,0,4,0,0,0,0,0,0,2,1,6,1,61,9,-1,-1,-1,-1,2,-1
2015621500864,1,21,1,18,0,0,0,0,0,0,1,1,1,1,40,7,-1,-1,-1,-1,1,-1
2015621500865,1,9,0,18,0,0,0,0,0,0,1,1,6,2,23,5,-1,-1,-1,-1,1,-1
2015621500865,2,9,0,4,0,0,0,0,0,0,2,1,6,2,55,8,-1,-1,-1,-1,1,-1
2015621500866,1,9,0,18,0,1,0,0,0,0,1,1,6,1,32,6,-1,-1,-1,-1,1,-1
2015621500866,2,9,0,18,0,1,0,0,0,0,2,1,6,1,23,5,-1,-1,-1,-1,1,-1
2015621500866,3,9,0,10,0,1,0,0,0,0,2,1,6,1,53,8,-1,-1,-1,-1,3,-1
2015621500867,1,9,0,11,0,0,0,0,0,0,3,1,6,1,27,6,-1,-1,-1,-1,1,-1
2015621500867,2,3,0,18,0,0,0,0,0,0,3,1,6,1,24,5,-1,-1,-1,-1,1,-1
2015621500868,1,9,0,18,0,2,0,0,0,0,1,1,6,1,51,8,-1,-1,-1,-1,1,-1
2015621500869,1,9,0,18,0,1,0,0,0,0,1,1,2,1,47,8,-1,-1,-1,-1,1,-1
2015621500869,2,1,0,18,0,1,0,0,0,0,3,1,2,2,28,6,-1,-1,-1,-1,1,-1
2015621500870,1,9,0,18,0,1,0,0,0,0,1,1,6,1,28,6,-1,-1,-1,-1,1,-1
2015621500870,2,9,0,18,0,1,0,0,0,0,1,1,6,2,22,5,-1,-1,-1,-1,2,-1
2015621500871,1,9,0,18,0,0,0,0,0,0,4,1,6,2,28,6,-1,-1,-1,-1,1,-1
2015621500872,1,9,0,18,0,0,0,0,0,0,1,1,2,1,56,9,-1,-1,-1,-1,1,-1
2015621500872,2,11,0,3,0,0,0,0,0,0,2,1,1,1,59,9,-1,-1,-1,-1,1,-1
2015621500873,1,9,0,18,0,2,1,0,1,4,1,1,6,2,17,4,-1,-1,-1,-1,1,-1
2015621500874,1,9,0,18,0,4,0,0,4,1,1,1,6,1,67,10,-1,-1,-1,-1,1,-1
2015621500874,2,9,0,18,0,3,0,0,0,0,2,1,6,1,48,8,-1,-1,-1,-1,1,-1
2015621500875,1,5,0,16,0,0,1,0,0,7,1,1,6,1,51,8,-1,-1,-1,-1,2,-1
2015621500877,1,9,0,18,0,3,0,0,0,0,1,1,6,1,22,5,-1,-1,-1,-1,1,-1
2015621500878,1,9,0,7,0,8,0,0,0,0,4,1,6,1,29,6,-1,-1,-1,-1,1,-1
2015621500878,2,1,0,18,0,8,0,0,0,0,3,1,6,1,51,8,-1,-1,-1,-1,1,-1
2015621500879,1,9,0,18,0,0,0,0,0,0,1,1,2,1,24,5,-1,-1,-1,-1,1,-1
2015621500880,1,9,0,18,0,0,0,0,0,0,1,1,1,1,25,5,-1,-1,-1,-1,1,-1
2015621500880,2,9,0,4,0,0,0,0,0,0,2,1,1,2,29,6,-1,-1,-1,-1,1,-1
2015621500881,1,9,0,18,0,0,0,0,1,0,1,1,6,1,30,6,-1,-1,-1,-1,1,-1
2015621500882,1,9,0,18,0,0,0,0,0,0,1,1,6,1,19,4,-1,-1,-1,-1,2,-1
2015621500883,1,90,0,18,0,6,0,0,0,0,1,1,6,1,9,2,-1,-1,-1,-1,1,-1
2015621500883,2,9,0,9,0,5,0,0,0,0,1,1,6,2,41,7,-1,-1,-1,-1,1,-1
2015621500884,1,19,0,4,0,0,0,0,0,0,1,1,1,1,30,6,-1,-1,-1,-1,1,-1
2015621500884,2,9,0,4,0,0,0,0,0,0,2,1,6,1,53,8,-1,-1,-1,-1,2,-1
2015621500885,1,9,0,11,0,8,0,0,0,0,2,1,6,1,88,11,-1,-1,-1,-1,1,-1
2015621500885,2,11,0,18,0,8,0,0,0,0,1,1,6,1,51,8,-1,-1,-1,-1,1,-1
2015621500886,1,9,0,18,0,1,0,0,0,0,1,1,6,2,27,6,-1,-1,-1,-1,1,-1
2015621500886,2,1,0,18,0,6,0,0,0,0,4,1,6,1,30,6,-1,-1,-1,-1,1,-1
2015621500887,1,9,0,18,0,0,0,0,0,0,1,1,6,2,33,6,-1,-1,-1,-1,1,-1
2015621500887,2,9,0,4,0,0,0,0,0,0,2,1,6,1,45,7,-1,-1,-1,-1,3,-1
2015621500887,3,19,0,4,0,0,0,0,0,0,2,1,6,1,44,7,-1,-1,-1,-1,2,-1
2015621500888,1,9,0,17,0,0,5,0,0,0,1,2,6,2,37,7,-1,-1,-1,-1,1,-1
2015621500888,2,9,0,16,0,0,0,0,0,0,1,1,6,3,-1,-1,-1,-1,-1,-1,-1,-1
2015621500889,1,9,0,9,0,2,0,0,0,0,3,1,6,1,25,5,-1,-1,-1,-1,1,-1
2015621500889,2,1,0,18,0,1,0,0,0,0,1,1,6,1,35,6,-1,-1,-1,-1,1,-1
2015621500890,1,9,0,18,0,1,0,0,0,0,0,1,6,1,65,9,-1,-1,-1,-1,1,-1
2015621500891,1,5,0,18,0,3,0,0,0,0,1,1,6,1,21,5,-1,-1,-1,-1,2,-1
2015621500891,2,9,0,9,0,3,0,0,0,0,4,1,6,2,53,8,-1,-1,-1,-1,1,-1
2015621500892,1,9,0,18,0,0,0,0,0,0,1,1,6,1,38,7,-1,-1,-1,-1,3,-1
2015621500892,2,9,0,4,0,0,0,0,0,0,2,1,6,2,32,6,-1,-1,-1,-1,1,-1
2015621500892,3,9,0,4,0,0,0,0,0,0,2,1,6,2,22,5,-1,-1,-1,-1,1,-1
2015621500893,1,5,0,18,0,0,0,0,0,0,0,1,6,1,55,8,-1,-1,-1,-1,1,-1
2015621500894,1,9,0,18,0,0,5,0,2,10,4,1,6,1,64,9,-1,-1,-1,-1,1,-1
2015621500895,1,21,0,16,0,0,0,0,0,0,3,1,1,1,49,8,-1,-1,-1,-1,1,-1
2015621500895,2,9,0,4,0,0,0,0,0,0,3,1,6,2,40,7,-1,-1,-1,-1,1,-1
2015621500896,1,9,0,4,0,4,0,0,0,0,1,1,6,2,35,6,-1,-1,-1,-1,3,-1
2015621500896,2,9,0,3,0,4,0,0,0,0,2,1,6,2,32,6,-1,-1,-1,-1,1,-1
2015621500897,1,9,0,18,0,8,0,0,0,0,1,1,6,1,52,8,-1,-1,-1,-1,1,-1
2015621500898,1,9,0,18,0,0,0,0,0,3,3,1,6,1,87,11,-1,-1,-1,-1,3,-1
2015621500898,2,9,0,18,0,0,0,0,0,0,1,1,6,1,37,7,-1,-1,-1,-1,1,-1
2015621500899,1,5,0,17,0,0,0,0,0,0,3,1,6,1,24,5,-1,-1,-1,-1,3,-1
2015621500900,1,19,0,5,0,0,0,0,0,0,1,1,1,1,21,5,-1,-1,-1,-1,2,-1
2015621500900,2,9,0,5,0,0,0,0,0,0,2,1,6,1,35,6,-1,-1,-1,-1,2,-1
2015621500901,1,9,0,18,0,0,5,7,0,0,3,1,6,1,43,7,-1,-1,-1,-1,3,-1
2015621500902,1,9,0,18,0,0,1,0,1,4,1,1,6,1,24,5,-1,-1,-1,-1,1,-1
2015621500903,1,9,0,18,0,0,0,4,0,0,1,1,2,2,30,6,-1,-1,-1,-1,3,-1
2015621500903,2,21,0,2,0,0,0,0,0,0,2,1,1,1,44,7,-1,-1,-1,-1,1,-1
2015621500904,1,1,0,18,0,0,0,0,0,0,4,1,6,1,28,6,-1,-1,-1,-1,1,-1
2015621500904,2,11,0,18,0,0,0,0,0,0,1,1,1,1,47,8,-1,-1,-1,-1,1,-1
2015621500905,1,9,0,9,0,2,0,0,0,0,3,1,6,2,22,5,-1,-1,-1,-1,1,-1
2015621500905,2,19,0,18,0,1,0,0,0,0,1,1,2,1,47,8,-1,-1,-1,-1,1,-1
2015621500906,1,9,0,9,0,6,0,0,0,0,1,1,6,1,45,7,-1,-1,-1,-1,1,-1
2015621500906,2,9,0,18,0,8,1,0,0,0,4,1,6,2,23,5,-1,-1,-1,-1,1,-1
2015621500906,3,9,0,2,0,1,0,0,0,0,3,1,6,3,-1,-1,-1,-1,-1,-1,-1,-1
2015621500907,1,9,0,17,0,1,0,0,0,0,1,1,6,1,70,10,-1,-1,-1,-1,1,-1
2015621500907,2,9,0,2,0,1,0,0,0,0,2,1,6,3,-1,-1,-1,-1,-1,-1,-1,-1
2015621500908,1,4,0,7,9,6,0,10,7,11,1,1,6,1,20,4,-1,-1,-1,-1,1,-1
2015621500909,1,11,0,4,0,3,0,0,0,0,1,1,1,1,65,9,-1,-1,-1,-1,1,-1
2015621500909,2,9,0,4,0,3,0,0,0,0,2,1,6,1,61,9,-1,-1,-1,-1,2,-1
2015621500910,1,9,0,18,0,0,0,0,0,0,1,1,6,2,25,5,-1,-1,-1,-1,1,-1
2015621500910,2,9,0,18,0,0,0,0,0,0,1,1,6,2,27,6,-1,-1,-1,-1,1,-1
2015621500910,3,9,0,18,0,0,0,0,0,0,1,1,2,2,52,8,-1,-1,-1,-1,1,-1
2015621500911,1,9,0,6,0,8,0,0,0,0,3,1,6,1,46,8,-1,-1,-1,-1,2,-1
2015621500911,2,9,0,18,0,1,0,0,0,0,1,1,6,1,37,7,-1,-1,-1,-1,1,-1
2015621500912,1,10,0,18,0,8,0,0,0,0,1,1,6,1,56,9,-1,-1,-1,-1,2,-1
2015621500912,2,1,0,18,0,8,0,0,0,0,1,1,6,1,44,7,-1,-1,-1,-1,2,-1
2015621500913,1,5,0,18,0,0,1,0,0,0,1,1,6,1,31,6,-1,-1,-1,-1,1,-1
2015621500913,2,9,0,18,0,0,0,0,0,0,2,1,6,1,29,6,-1,-1,-1,-1,1,-1
2015621500914,1,9,0,17,0,2,1,10,8,4,1,1,6,1,18,4,-1,-1,-1,-1,2,-1
2015621500915,1,19,0,5,0,0,0,0,0,0,3,1,1,1,24,5,-1,-1,-1,-1,2,-1
2015621500915,2,9,0,18,0,0,0,0,0,0,4,1,6,2,29,6,-1,-1,-1,-1,2,-1
2015621500916,1,9,0,18,0,0,1,0,1,4,1,1,6,1,64,9,-1,-1,-1,-1,1,-1
2015621500917,1,9,0,13,0,0,1,0,1,7,4,1,6,1,41,7,-1,-1,-1,-1,3,-1
2015621500917,2,9,0,18,0,0,0,0,0,0,3,1,6,2,25,5,-1,-1,-1,-1,1,-1
2015621500919,1,9,0,18,0,0,0,0,0,0,1,1,6,1,33,6,-1,-1,-1,-1,1,-1
2015621500919,2,11,0,4,0,0,0,0,0,0,2,1,1,1,34,6,-1,-1,-1,-1,3,-1
2015621500920,1,9,0,9,0,8,0,0,0,0,1,1,6,2,31,6,-1,-1,-1,-1,1,-1
2015621500920,2,9,0,18,0,8,0,0,0,0,1,1,6,1,43,7,-1,-1,-1,-1,1,-1
2015621500921,1,8,0,9,0,6,0,0,0,0,3,1,1,1,51,8,-1,-1,-1,-1,1,-1
2015621500921,2,5,0,18,0,1,0,0,0,0,1,1,6,1,21,5,-1,-1,-1,-1,1,-1
2015621500922,1,9,0,9,0,8,0,0,0,0,4,1,2,1,30,6,-1,-1,-1,-1,1,-1
2015621500922,2,9,0,18,0,8,0,0,0,0,1,1,6,2,62,9,-1,-1,-1,-1,2,-1
2015621500923,1,9,0,18,0,0,0,0,0,0,1,1,2,1,52,8,-1,-1,-1,-1,1,-1
2015621500923,2,1,0,18,0,0,0,0,0,0,2,1,2,2,29,6,-1,-1,-1,-1,1,-1
2015621500924,1,9,0,18,0,0,5,7,0,0,1,1,2,1,32,6,-1,-1,-1,-1,1,-1
2015621500925,1,19,0,18,0,0,0,0,0,0,1,1,1,1,32,6,-1,-1,-1,-1,1,-1
2015621500925,2,9,0,3,0,0,0,0,0,0,2,1,6,1,49,8,-1,-1,-1,-1,1,-1
2015621500926,1,3,0,4,0,1,0,0,0,0,1,1,6,1,26,6,-1,-1,-1,-1,1,-1
2015621500926,2,9,0,4,0,1,0,0,0,0,3,1,6,2,34,6,-1,-1,-1,-1,1,-1
2015621500927,1,9,0,18,0,1,0,0,0,0,1,1,6,3,-1,-1,-1,-1,-1,-1,-1,-1
2015621500927,2,9,0,9,0,5,0,0,0,0,2,1,6,2,41,7,-1,-1,-1,-1,3,-1
2015621500928,1,9,0,18,0,0,0,0,0,0,1,1,6,2,44,7,-1,-1,-1,-1,2,-1
2015621500928,2,9,0,4,0,0,0,0,0,0,2,1,6,2,31,6,-1,-1,-1,-1,2,-1
2015621500929,1,19,0,18,0,1,0,0,0,0,1,1,1,1,45,7,-1,-1,-1,-1,1,-1
2015621500929,2,9,0,4,0,1,0,0,0,0,2,1,6,2,49,8,-1,-1,-1,-1,1,-1
2015621500929,3,9,0,4,0,1,0,0,0,0,2,1,6,3,-1,-1,-1,-1,-1,-1,-1,-1
2015621500930,1,1,0,13,0,0,0,0,0,0,1,1,6,1,25,5,-1,-1,-1,-1,1,-1
2015621500930,2,20,0,5,0,0,0,0,0,0,3,1,6,1,23,5,-1,-1,-1,-1,2,-1
2015621500931,1,9,0,6,0,0,0,0,0,0,1,1,6,1,29,6,-1,-1,-1,-1,1,-1
2015621500931,2,9,0,18,0,0,0,0,0,0,3,1,6,2,59,9,-1,-1,-1,-1,1,-1
2015621500932,1,10,0,18,0,8,0,0,0,0,1,1,1,1,40,7,-1,-1,-1,-1,2,-1
2015621500932,2,9,0,9,0,8,0,0,0,0,4,1,6,2,54,8,-1,-1,-1,-1,2,-1
2015621500933,1,19,0,18,0,2,1,0,0,0,1,1,2,1,56,9,-1,-1,-1,-1,1,-1
2015621500933,2,9,0,18,0,2,0,0,0,0,2,1,2,1,45,7,-1,-1,-1,-1,1,-1
2015621500933,3,9,0,18,0,2,0,0,0,0,2,1,2,2,55,8,-1,-1,-1,-1,1,-1
2015621500934,1,9,0,5,0,4,0,0,0,0,1,1,6,1,77,11,-1,-1,-1,-1,1,-1
2015621500934,2,9,0,3,0,4,0,0,0,0,2,1,6,2,27,6,-1,-1,-1,-1,1,-1
2015621500935,1,9,0,5,0,4,0,0,0,0,1,1,6,2,46,8,-1,-1,-1,-1,1,-1
2015621500935,2,9,0,11,0,3,0,0,0,0,1,1,6,2,34,6,-1,-1,-1,-1,1,-1
2015621500936,1,9,0,18,0,0,0,0,0,0,1,1,6,2,41,7,-1,-1,-1,-1,1,-1
2015621500936,2,9,0,4,0,0,0,0,0,0,2,1,6,2,20,4,-1,-1,-1,-1,1,-1
2015621500938,1,9,0,18,0,1,0,0,0,0,1,1,6,2,30,6,-1,-1,-1,-1,1,-1
2015621500938,2,9,0,18,0,1,0,0,0,0,2,1,6,2,69,10,-1,-1,-1,-1,1,-1
2015621500939,1,3,0,18,0,8,0,0,0,0,3,1,6,1,28,6,-1,-1,-1,-1,2,-1
2015621500940,1,9,0,18,0,1,0,0,0,0,1,1,6,1,20,4,-1,-1,-1,-1,1,-1
2015621500940,2,9,0,18,0,1,0,0,0,0,1,1,6,2,31,6,-1,-1,-1,-1,1,-1
2015621500941,1,9,0,9,0,6,0,0,0,0,1,1,6,2,46,8,-1,-1,-1,-1,3,-1
2015621500941,2,3,0,18,0,1,0,0,0,0,4,1,2,2,54,8,-1,-1,-1,-1,3,-1
2015621500942,1,9,0,18,0,8,1,0,0,0,1,1,6,1,22,5,-1,-1,-1,-1,1,-1
2015621500943,1,20,0,1,0,0,0,0,0,1,2,1,1,1,42,7,-1,-1,-1,-1,1,-1
2015621500944,1,9,0,5,0,6,0,0,0,0,3,1,6,1,20,4,-1,-1,-1,-1,1,-1
2015621500944,2,1,0,18,0,1,0,0,0,0,1,1,1,1,37,7,-1,-1,-1,-1,1,-1
2015621500945,1,9,0,18,0,0,0,4,0,0,1,1,6,2,20,4,-1,-1,-1,-1,1,-1
2015621500945,2,9,0,2,0,0,0,0,0,0,1,1,6,3,-1,-1,-1,-1,-1,-1,-1,-1
2015621500946,1,4,0,18,0,0,0,10,7,11,3,1,6,1,34,6,-1,-1,-1,-1,1,-1
2015621500947,1,11,0,4,0,0,0,0,0,5,1,1,1,1,41,7,-1,-1,-1,-1,1,-1
2015621500948,1,9,0,16,0,0,0,0,7,11,1,1,6,1,21,5,-1,-1,-1,-1,2,-1
2015621500950,1,9,0,18,0,0,5,0,1,0,1,1,6,2,77,11,-1,-1,-1,-1,1,-1
2015621500950,2,19,0,18,0,0,0,0,0,0,1,1,1,1,28,6,-1,-1,-1,-1,1,-1
2015621500951,1,9,0,18,0,0,1,0,0,0,1,1,6,1,36,7,-1,-1,-1,-1,1,-1
2015621500951,2,9,0,4,0,0,0,0,0,0,2,1,6,1,70,10,-1,-1,-1,-1,1,-1
2015621500951,3,9,0,4,0,0,0,0,0,0,2,1,6,1,58,9,-1,-1,-1,-1,1,-1
2015621500952,1,9,0,5,0,1,0,0,0,0,1,1,6,1,53,8,-1,-1,-1,-1,1,-1
2015621500952,2,9,0,3,0,1,0,0,0,0,2,1,6,1,52,8,-1,-1,-1,-1,1,-1
2015621500953,1,9,0,17,0,0,0,0,7,4,1,1,6,1,19,4,-1,-1,-1,-1,1,-1
2015621500954,1,4,0,18,0,2,0,4,0,0,1,1,6,1,22,5,-1,-1,-1,-1,-1,-1
2015621500954,2,9,0,2,0,1,0,0,0,0,3,1,6,3,-1,-1,-1,-1,-1,-1,-1,-1
2015621500954,3,9,0,2,0,1,0,0,0,0,1,1,6,3,-1,-1,-1,-1,-1,-1,-1,-1
2015621500955,1,9,0,18,0,1,0,0,0,0,1,1,6,1,24,5,-1,-1,-1,-1,1,-1
2015621500955,2,9,0,10,0,1,0,0,0,0,2,1,6,1,19,4,-1,-1,-1,-1,1,-1
2015621500956,1,9,0,18,0,0,0,0,0,0,1,1,6,1,54,8,-1,-1,-1,-1,1,-1
2015621500956,2,8,0,4,0,0,0,0,0,0,2,1,1,1,40,7,-1,-1,-1,-1,1,-1
2015621500957,1,3,0,7,0,8,0,0,0,0,1,1,6,1,35,6,-1,-1,-1,-1,1,-1
2015621500957,2,9,0,13,0,8,0,0,0,0,1,1,6,2,24,5,-1,-1,-1,-1,1,-1
2015621500958,1,9,0,18,0,0,0,0,0,0,1,1,6,1,37,7,-1,-1,-1,-1,1,-1
2015621500958,2,9,0,9,0,0,0,0,0,0,3,1,6,1,61,9,-1,-1,-1,-1,1,-1
2015621500958,3,19,0,2,0,0,0,0,0,0,3,1,6,3,-1,-1,-1,-1,-1,-1,-1,-1
2015621500959,1,9,0,18,0,1,0,0,0,0,1,1,1,1,41,7,-1,-1,-1,-1,1,-1
2015621500959,2,9,0,4,0,1,0,0,0,0,2,1,6,1,54,8,-1,-1,-1,-1,1,-1
2015621500960,1,9,0,18,0,1,0,0,0,0,1,1,6,1,67,10,-1,-1,-1,-1,1,-1
2015621500960,2,4,0,9,0,8,0,0,0,0,1,1,6,1,54,8,-1,-1,-1,-1,1,-1
2015621500961,1,5,0,16,0,0,0,0,0,0,1,1,6,1,23,5,-1,-1,-1,-1,3,-1
2015621500961,2,9,0,17,0,0,0,0,0,0,3,1,6,1,35,6,-1,-1,-1,-1,1,-1
2015621500962,1,9,0,5,0,4,0,0,0,0,1,1,6,1,46,8,-1,-1,-1,-1,1,-1
2015621500962,2,1,0,18,0,8,0,0,0,0,1,1,6,1,23,5,-1,-1,-1,-1,1,-1
2015621500963,1,9,0,18,0,1,1,0,0,0,1,1,2,1,19,4,-1,-1,-1,-1,2,-1
2015621500963,2,9,0,3,0,1,0,0,0,0,2,1,2,2,52,8,-1,-1,-1,-1,1,-1
2015621500964,1,9,0,9,0,1,1,0,0,0,4,1,6,1,21,5,-1,-1,-1,-1,1,-1
2015621500964,2,19,0,18,0,1,0,0,0,0,1,1,6,1,31,6,-1,-1,-1,-1,1,-1
2015621500965,1,9,0,18,0,0,0,0,1,0,3,1,6,1,46,8,-1,-1,-1,-1,3,-1
2015621500965,2,9,0,18,0,0,0,0,0,0,3,1,6,1,32,6,-1,-1,-1,-1,1,-1
2015621500966,1,9,0,9,0,1,0,0,0,0,0,1,6,1,25,5,-1,-1,-1,-1,3,-1
2015621500966,2,3,0,18,0,1,1,0,0,0,0,1,6,1,21,5,-1,-1,-1,-1,2,-1
2015621500967,1,21,1,18,0,0,0,0,0,0,1,1,1,1,27,6,-1,-1,-1,-1,1,-1
2015621500967,2,9,0,18,0,0,1,0,4,6,3,1,6,1,55,8,-1,-1,-1,-1,1,-1
2015621500968,1,9,0,16,0,0,2,0,1,4,3,1,2,2,23,5,-1,-1,-1,-1,1,-1
2015621500969,1,9,0,4,0,0,0,0,0,0,0,1,6,1,34,6,-1,-1,-1,-1,1,-1
2015621500969,2,3,0,18,0,0,1,0,0,0,1,1,6,1,20,4,-1,-1,-1,-1,1,-1
2015621500969,3,9,0,18,0,0,0,0,0,0,4,1,6,1,33,6,-1,-1,-1,-1,1,-1
2015621500970,1,9,0,9,0,6,0,0,0,0,1,1,6,2,38,7,-1,-1,-1,-1,1,-1
2015621500970,2,2,0,18,0,8,0,0,0,0,4,1,6,1,18,4,-1,-1,-1,-1,1,-1
2015621500971,1,9,0,14,0,0,0,0,0,0,4,1,6,1,53,8,-1,-1,-1,-1,1,-1
2015621500972,1,20,0,7,0,2,0,0,0,0,4,1,1,1,36,7,-1,-1,-1,-1,1,-1
2015621500973,1,9,0,18,0,1,0,0,0,0,4,1,6,3,-1,-1,-1,-1,-1,-1,-1,-1
2015621500973,2,1,0,18,0,1,0,0,0,0,3,1,6,1,66,10,-1,-1,-1,-1,1,-1
2015621500974,1,3,0,17,0,0,0,10,0,0,1,1,6,1,35,6,-1,-1,-1,-1,1,-1
2015621500975,1,9,0,18,0,0,1,0,0,0,1,1,2,1,33,6,-1,-1,-1,-1,1,-1
2015621500975,2,9,0,5,0,0,0,0,0,2,3,1,2,1,65,9,-1,-1,-1,-1,1,-1
2015621500975,3,9,0,2,0,0,0,0,0,0,1,1,6,3,-1,-1,-1,-1,-1,-1,-1,-1
2015621500975,4,9,0,2,0,0,0,0,0,0,1,1,6,3,-1,-1,-1,-1,-1,-1,-1,-1
2015621500976,1,9,0,5,0,2,0,0,0,0,1,1,6,2,30,6,-1,-1,-1,-1,1,-1
2015621500976,2,9,0,18,0,8,0,0,0,0,4,1,6,1,80,11,-1,-1,-1,-1,1,-1
2015621500977,1,9,0,18,0,8,0,0,0,0,1,1,1,1,64,9,-1,-1,-1,-1,1,-1
2015621500977,2,9,0,9,0,8,0,0,0,0,1,1,1,2,62,9,-1,-1,-1,-1,1,-1
2015621500978,1,9,0,18,0,0,0,4,0,0,1,1,6,1,32,6,-1,-1,-1,-1,1,-1
2015621500978,2,9,0,2,0,0,0,0,1,0,3,1,6,3,-1,-1,-1,-1,-1,-1,-1,-1
2015621500978,3,9,0,2,0,0,0,0,0,0,4,1,6,3,-1,-1,-1,-1,-1,-1,-1,-1