Accident_Index,Vehicle_Reference,Vehicle_Type,Towing_and_Articulation,Vehicle_Manoeuvre,Vehicle_Location-Restricted_Lane,Junction_Location,Skidding_and_Overturning,Hit_Object_in_Carriageway,Vehicle_Leaving_Carriageway,Hit_Object_off_Carriageway,1st_Point_of_Impact,Was_Vehicle_Left_Hand_Drive?,Journey_Purpose_of_Driver,Sex_of_Driver,Age_of_Driver,Age_Band_of_Driver,Engine_Capacity_(CC),Propulsion_Code,Age_of_Vehicle,Driver_IMD_Decile,Driver_Home_Area_Type,Vehicle_IMD_Decile
2015621500979,1,9,0,18,0,0,0,0,0,0,4,1,6,2,47,8,-1,-1,-1,-1,1,-1
2015621500980,1,9,0,18,0,0,0,0,0,0,3,1,6,1,68,10,-1,-1,-1,-1,2,-1
2015621500981,1,9,0,13,0,0,1,0,0,0,3,1,2,1,20,4,-1,-1,-1,-1,3,-1
2015621500981,2,9,0,18,0,0,0,0,1,0,3,1,2,1,52,8,-1,-1,-1,-1,1,-1
2015621500982,1,9,0,18,0,0,0,0,0,0,3,1,6,1,60,9,-1,-1,-1,-1,1,-1
2015621500982,2,9,0,18,0,0,0,0,0,0,3,1,6,2,55,8,-1,-1,-1,-1,2,-1
2015621500982,3,19,0,18,0,0,0,0,0,0,1,1,6,1,49,8,-1,-1,-1,-1,1,-1
2015621500982,4,9,0,18,0,0,0,0,0,0,1,1,6,2,20,4,-1,-1,-1,-1,2,-1
2015621500982,5,9,0,18,0,0,0,0,0,0,3,1,6,1,68,10,-1,-1,-1,-1,2,-1
2015621500983,1,9,0,5,0,1,0,0,0,0,1,1,6,1,25,5,-1,-1,-1,-1,2,-1
2015621500983,2,9,0,5,0,1,0,0,0,0,2,1,6,2,50,8,-1,-1,-1,-1,2,-1
2015621500984,1,9,0,3,0,0,0,0,0,0,1,1,1,2,45,7,-1,-1,-1,-1,2,-1
2015621500984,2,4,0,3,0,0,0,0,0,0,2,1,1,2,25,5,-1,-1,-1,-1,2,-1
2015621500984,3,9,0,3,0,0,0,0,0,0,2,1,3,1,42,7,-1,-1,-1,-1,1,-1
2015621500985,1,11,0,18,0,2,0,0,0,0,1,1,1,1,40,7,-1,-1,-1,-1,1,-1
2015621500985,2,9,0,2,0,2,0,0,0,0,2,1,1,1,48,8,-1,-1,-1,-1,2,-1
2015621500986,1,1,0,9,0,8,0,0,0,0,1,1,1,1,15,3,-1,-1,-1,-1,1,-1
2015621500986,2,9,0,18,0,1,0,0,0,0,4,1,2,2,55,8,-1,-1,-1,-1,1,-1
2015621500987,1,9,0,18,0,0,0,0,0,0,1,1,6,1,35,6,-1,-1,-1,-1,1,-1
2015621500987,2,9,0,4,0,0,0,0,0,0,2,1,6,1,59,9,-1,-1,-1,-1,1,-1
2015621500987,3,90,0,18,0,0,0,0,1,0,3,1,6,1,63,9,-1,-1,-1,-1,3,-1
2015621500988,1,9,0,18,0,1,0,0,0,0,1,1,6,2,71,10,-1,-1,-1,-1,1,-1
2015621500988,2,9,0,9,0,1,0,0,0,0,2,1,6,2,44,7,-1,-1,-1,-1,1,-1
2015621500989,1,9,0,9,0,8,0,0,0,0,1,1,6,1,55,8,-1,-1,-1,-1,3,-1
2015621500989,2,9,0,18,0,8,0,0,0,0,1,1,6,2,42,7,-1,-1,-1,-1,3,-1
2015621500990,1,8,0,9,0,2,0,0,0,0,1,1,1,1,47,8,-1,-1,-1,-1,1,-1
2015621500991,1,9,0,15,0,0,0,0,0,0,4,1,2,1,35,6,-1,-1,-1,-1,1,-1
2015621500991,2,9,0,3,0,0,0,0,0,0,2,1,1,2,56,9,-1,-1,-1,-1,1,-1
2015621500992,1,9,0,17,0,0,0,0,1,3,1,1,6,2,31,6,-1,-1,-1,-1,2,-1
2015621500993,1,9,0,18,0,1,0,0,0,0,1,1,6,2,20,4,-1,-1,-1,-1,1,-1
2015621500993,2,9,0,18,0,1,0,0,0,0,2,1,6,2,33,6,-1,-1,-1,-1,1,-1
2015621500993,3,9,0,10,0,1,0,0,0,0,2,1,6,2,42,7,-1,-1,-1,-1,1,-1
2015621500994,1,9,0,18,0,0,0,0,0,0,1,1,3,1,52,8,-1,-1,-1,-1,1,-1
2015621500995,1,9,0,18,0,8,0,0,0,0,4,1,1,2,49,8,-1,-1,-1,-1,1,-1
2015621500995,2,9,0,9,0,8,0,0,0,0,3,1,6,1,34,6,-1,-1,-1,-1,1,-1
2015621500996,1,9,0,18,0,0,1,0,7,4,1,1,2,1,29,6,-1,-1,-1,-1,1,-1
2015621500997,1,19,0,1,0,0,0,0,0,0,2,1,1,1,51,8,-1,-1,-1,-1,2,-1
2015621500998,1,9,0,6,0,0,0,0,0,0,4,1,6,1,72,10,-1,-1,-1,-1,3,-1
2015621500998,2,9,0,18,0,0,0,0,0,0,1,1,2,1,34,6,-1,-1,-1,-1,1,-1
2015621500999,1,9,0,4,0,1,0,0,0,0,1,1,6,1,65,9,-1,-1,-1,-1,1,-1
2015621500999,2,9,0,18,0,1,0,0,0,0,1,1,1,1,28,6,-1,-1,-1,-1,3,-1
2015621501000,1,9,0,13,0,0,0,0,0,0,4,1,6,2,86,11,-1,-1,-1,-1,1,-1
2015621501000,2,3,0,18,0,0,0,0,0,0,1,1,6,1,63,9,-1,-1,-1,-1,1,-1
2015621501001,1,1,0,18,0,1,0,0,0,0,1,1,6,2,23,5,-1,-1,-1,-1,1,-1
2015621501002,1,9,0,18,0,0,0,10,7,2,3,1,6,1,32,6,-1,-1,-1,-1,1,-1
2015621501003,1,9,0,18,0,0,0,0,0,0,3,1,6,2,24,5,-1,-1,-1,-1,1,-1
2015621501004,1,9,0,5,0,0,0,0,0,0,1,1,6,1,81,11,-1,-1,-1,-1,1,-1
2015621501004,2,9,0,3,0,0,0,0,0,0,2,1,6,1,25,5,-1,-1,-1,-1,2,-1
2015621501004,3,9,0,3,0,0,0,0,0,0,2,1,6,2,65,9,-1,-1,-1,-1,1,-1
2015621501005,1,9,0,4,0,1,0,0,0,0,1,1,6,2,65,9,-1,-1,-1,-1,1,-1
2015621501005,2,9,0,4,0,1,0,0,0,0,2,1,2,1,38,7,-1,-1,-1,-1,1,-1
2015621501005,3,9,0,4,0,1,0,0,0,0,2,1,2,1,19,4,-1,-1,-1,-1,2,-1
2015621501005,4,9,0,4,0,1,0,0,0,0,2,1,2,2,47,8,-1,-1,-1,-1,1,-1
2015621501006,1,9,0,18,0,0,0,0,0,0,1,1,6,2,36,7,-1,-1,-1,-1,1,-1
2015621501007,1,9,0,18,0,1,0,0,0,0,1,1,6,1,24,5,-1,-1,-1,-1,3,-1
2015621501008,1,9,0,5,0,0,0,0,0,0,1,1,6,2,20,4,-1,-1,-1,-1,3,-1
2015621501008,2,9,0,4,0,0,0,0,0,0,2,1,6,2,27,6,-1,-1,-1,-1,1,-1
2015621501009,1,9,0,4,0,8,0,0,0,0,1,1,6,1,74,10,-1,-1,-1,-1,1,-1
2015621501009,2,9,0,3,0,8,0,0,0,0,2,1,6,1,44,7,-1,-1,-1,-1,1,-1
2015621501010,1,9,0,9,0,8,0,0,0,0,4,1,6,1,30,6,-1,-1,-1,-1,1,-1
2015621501010,2,9,0,18,0,8,0,0,0,0,4,1,6,2,17,4,-1,-1,-1,-1,1,-1
2015621501011,1,9,0,16,0,0,0,0,0,0,1,1,6,1,18,4,-1,-1,-1,-1,1,-1
2015621501011,2,9,0,17,0,0,0,0,0,0,1,1,6,1,67,10,-1,-1,-1,-1,1,-1
2015621501012,1,9,0,18,0,0,0,0,0,0,1,1,6,2,27,6,-1,-1,-1,-1,1,-1
2015621501012,2,9,0,18,0,0,0,0,0,0,2,1,6,2,53,8,-1,-1,-1,-1,1,-1
2015621501012,3,9,0,18,0,0,0,0,0,0,3,1,3,1,38,7,-1,-1,-1,-1,1,-1
2015621501013,1,3,0,13,0,1,0,0,0,0,4,1,6,1,28,6,-1,-1,-1,-1,2,-1
2015621501013,2,9,0,9,0,1,0,0,0,0,3,1,1,1,50,8,-1,-1,-1,-1,2,-1
2015621501014,1,9,0,16,0,0,1,0,7,11,1,1,6,2,22,5,-1,-1,-1,-1,1,-1
2015621501015,1,9,0,18,0,1,0,0,0,0,4,1,6,3,-1,-1,-1,-1,-1,-1,-1,-1
2015621501016,1,9,0,11,0,3,0,0,0,1,1,1,6,1,86,11,-1,-1,-1,-1,1,-1
2015621501017,1,9,0,9,0,8,0,0,0,0,3,1,6,1,54,8,-1,-1,-1,-1,1,-1
2015621501017,2,9,0,7,0,3,0,0,1,2,4,1,6,2,18,4,-1,-1,-1,-1,2,-1
2015621501018,1,19,0,18,0,1,0,0,1,7,1,1,1,1,58,9,-1,-1,-1,-1,1,-1
2015621501019,1,9,0,5,0,0,0,0,0,0,1,1,6,2,24,5,-1,-1,-1,-1,1,-1
2015621501019,2,9,0,5,0,0,0,0,0,0,2,1,6,2,18,4,-1,-1,-1,-1,1,-1
2015621501019,3,9,0,5,0,0,0,0,0,0,2,1,6,2,56,9,-1,-1,-1,-1,1,-1
2015621501020,1,21,0,18,0,1,0,0,0,0,1,1,1,1,52,8,-1,-1,-1,-1,1,-1
2015621501020,2,9,0,3,0,1,0,0,0,0,2,1,6,2,38,7,-1,-1,-1,-1,1,-1
2015621501021,1,8,0,5,0,0,0,0,0,0,4,1,1,2,50,8,-1,-1,-1,-1,2,-1
2015621501022,1,9,0,18,0,0,5,0,0,0,1,1,2,2,30,6,-1,-1,-1,-1,1,-1
2015621501022,2,9,0,2,0,0,0,0,0,0,2,1,6,3,-1,-1,-1,-1,-1,-1,-1,-1
2015621501022,3,8,0,2,0,0,0,0,0,0,1,1,6,3,-1,-1,-1,-1,-1,-1,-1,-1
2015621501022,4,9,0,2,0,0,0,0,0,0,1,1,6,3,-1,-1,-1,-1,-1,-1,-1,-1
2015621501022,5,9,0,2,0,0,0,0,0,0,1,1,6,3,-1,-1,-1,-1,-1,-1,-1,-1
2015621501023,1,9,0,18,0,0,0,8,0,0,3,1,6,1,56,9,-1,-1,-1,-1,1,-1
2015621501023,2,9,0,2,0,0,0,0,0,0,4,1,6,2,21,5,-1,-1,-1,-1,3,-1
2015621501024,1,9,0,5,0,8,0,0,0,0,3,1,6,2,37,7,-1,-1,-1,-1,1,-1
2015621501024,2,1,0,17,0,8,0,0,0,0,1,1,6,1,28,6,-1,-1,-1,-1,1,-1
2015621501025,1,9,0,9,0,8,0,0,0,0,1,1,6,1,35,6,-1,-1,-1,-1,1,-1
2015621501025,2,5,0,18,0,8,0,0,0,0,1,1,6,1,58,9,-1,-1,-1,-1,2,-1
2015621501026,1,9,0,18,0,2,0,0,0,0,1,1,2,2,29,6,-1,-1,-1,-1,1,-1
2015621501026,2,9,0,4,0,2,0,0,0,0,2,1,6,1,59,9,-1,-1,-1,-1,1,-1
2015621501027,1,19,0,18,0,0,0,0,0,0,1,1,6,1,34,6,-1,-1,-1,-1,2,-1
2015621501028,1,9,0,7,0,1,0,0,0,0,1,1,6,2,44,7,-1,-1,-1,-1,1,-1
2015621501028,2,19,0,18,0,8,0,0,0,0,2,1,6,2,45,7,-1,-1,-1,-1,1,-1
2015621501029,1,9,0,4,0,4,0,0,0,0,1,1,1,2,36,7,-1,-1,-1,-1,1,-1
2015621501029,2,9,0,4,0,4,0,0,0,0,2,1,6,2,42,7,-1,-1,-1,-1,1,-1
2015621501030,1,9,0,6,0,0,0,0,0,0,3,1,6,1,39,7,-1,-1,-1,-1,1,-1
2015621501030,2,9,0,18,0,0,0,0,0,0,4,1,6,1,71,10,-1,-1,-1,-1,1,-1
2015621501032,1,9,0,18,0,0,0,0,0,0,1,1,6,2,19,4,-1,-1,-1,-1,1,-1
2015621501032,2,9,0,3,0,0,0,0,0,0,2,1,6,2,27,6,-1,-1,-1,-1,1,-1
2015621501033,1,9,0,7,0,8,0,0,0,0,4,1,6,3,-1,-1,-1,-1,-1,-1,-1,-1
2015621501034,1,9,0,17,0,0,1,0,0,7,1,1,6,1,20,4,-1,-1,-1,-1,1,-1
2015621501035,1,9,0,18,0,4,0,0,0,0,4,1,6,2,59,9,-1,-1,-1,-1,1,-1
2015621501035,2,9,0,18,0,4,0,0,0,1,1,1,6,1,34,6,-1,-1,-1,-1,1,-1
2015621501036,1,9,0,5,0,7,0,0,0,0,1,1,6,1,64,9,-1,-1,-1,-1,1,-1
2015621501036,2,9,0,4,0,7,0,0,0,0,2,1,6,1,29,6,-1,-1,-1,-1,1,-1
2015621501037,1,9,0,18,0,1,5,0,0,0,1,1,6,1,36,7,-1,-1,-1,-1,1,-1
2015621501037,2,19,0,10,0,1,5,0,0,0,2,1,6,1,50,8,-1,-1,-1,-1,1,-1
2015621501038,1,9,0,18,0,0,0,0,8,10,4,1,6,1,21,5,-1,-1,-1,-1,1,-1
2015621501038,2,9,0,3,0,0,0,0,0,0,4,1,1,1,51,8,-1,-1,-1,-1,1,-1
2015621501039,1,9,0,14,0,1,0,0,0,0,1,1,6,1,17,4,-1,-1,-1,-1,1,-1
2015621501039,2,9,0,18,0,1,0,0,0,0,1,1,6,2,70,10,-1,-1,-1,-1,1,-1
2015621501039,3,9,0,9,0,1,0,0,0,0,3,1,6,1,23,5,-1,-1,-1,-1,1,-1
2015621501040,1,9,0,18,0,0,0,0,0,0,1,1,6,1,22,5,-1,-1,-1,-1,1,-1
2015621501041,1,4,0,18,0,1,0,0,0,0,1,1,6,1,37,7,-1,-1,-1,-1,1,-1
2015621501042,1,9,0,18,0,0,0,0,0,0,4,1,6,3,-1,-1,-1,-1,-1,-1,-1,-1
2015621501043,1,9,0,18,0,0,0,0,0,0,1,1,6,1,21,5,-1,-1,-1,-1,2,-1
2015621501044,1,9,0,9,0,0,0,0,0,0,3,1,6,2,19,4,-1,-1,-1,-1,1,-1
2015621501044,2,9,0,18,0,0,0,0,0,0,4,1,6,1,38,7,-1,-1,-1,-1,3,-1
2015621501045,1,19,0,4,0,0,0,0,0,0,1,1,1,1,43,7,-1,-1,-1,-1,1,-1
2015621501045,2,9,0,3,0,0,0,0,0,0,2,1,2,2,38,7,-1,-1,-1,-1,3,-1
2015621501045,3,9,0,3,0,0,0,0,0,0,2,1,1,2,60,9,-1,-1,-1,-1,3,-1
2015621501046,1,9,0,16,0,0,0,0,0,0,3,1,6,1,49,8,-1,-1,-1,-1,2,-1
2015621501046,2,9,0,17,0,0,0,0,0,0,3,1,6,2,37,7,-1,-1,-1,-1,2,-1
2015621501047,1,9,0,18,0,0,0,12,0,0,1,1,2,1,44,7,-1,-1,-1,-1,1,-1
2015621501047,2,3,0,18,0,0,0,12,0,0,0,1,2,2,26,6,-1,-1,-1,-1,1,-1
2015621501048,1,9,0,18,0,4,0,0,0,0,1,1,1,2,33,6,-1,-1,-1,-1,1,-1
2015621501048,2,1,0,9,0,8,0,0,0,0,4,1,2,1,31,6,-1,-1,-1,-1,1,-1
2015621501049,1,19,0,13,0,0,5,0,1,0,2,1,1,1,34,6,-1,-1,-1,-1,1,-1
2015621501049,2,21,0,18,0,0,0,0,0,0,1,1,1,1,49,8,-1,-1,-1,-1,1,-1
2015621501050,1,19,0,4,0,1,0,0,0,0,1,1,6,1,63,9,-1,-1,-1,-1,2,-1
2015621501050,2,9,0,4,0,1,0,0,0,0,2,1,6,1,46,8,-1,-1,-1,-1,1,-1
2015621501051,1,9,0,18,0,0,0,0,0,0,1,1,2,2,26,6,-1,-1,-1,-1,1,-1
2015621501051,2,9,0,4,0,0,0,0,0,0,2,1,2,1,29,6,-1,-1,-1,-1,1,-1
2015621501051,3,9,0,4,0,0,0,0,0,0,2,1,2,2,50,8,-1,-1,-1,-1,1,-1
2015621501051,4,9,0,4,0,0,0,0,0,0,2,1,6,1,49,8,-1,-1,-1,-1,1,-1
2015621501052,1,9,0,18,0,1,0,0,0,0,1,1,6,1,28,6,-1,-1,-1,-1,1,-1
2015621501052,2,9,0,3,0,1,0,0,0,0,2,1,6,1,34,6,-1,-1,-1,-1,1,-1
2015621501052,3,9,0,3,0,1,0,0,0,0,2,1,6,2,22,5,-1,-1,-1,-1,1,-1
2015621501053,1,9,0,18,0,0,0,0,0,0,1,1,6,1,20,4,-1,-1,-1,-1,1,-1
2015621501053,2,9,0,4,0,0,0,0,0,0,2,1,6,1,47,8,-1,-1,-1,-1,1,-1
2015621501053,3,9,0,18,0,0,0,0,0,0,2,1,6,1,64,9,-1,-1,-1,-1,1,-1
2015621501053,4,9,0,18,0,0,0,0,0,0,2,1,6,2,40,7,-1,-1,-1,-1,1,-1
2015621501054,1,9,0,18,0,0,0,0,0,0,1,1,1,2,32,6,-1,-1,-1,-1,1,-1
2015621501055,1,9,0,16,0,0,1,0,0,0,3,1,6,1,31,6,-1,-1,-1,-1,1,-1
2015621501055,2,9,0,4,0,0,0,0,0,0,3,1,6,2,40,7,-1,-1,-1,-1,1,-1
2015621501055,3,9,0,2,0,0,0,0,0,0,2,1,6,3,-1,-1,-1,-1,-1,-1,-1,-1
2015621501056,1,9,0,18,0,1,0,0,0,0,1,1,6,2,21,5,-1,-1,-1,-1,1,-1
2015621501056,2,9,0,3,0,1,0,0,0,0,2,1,6,2,62,9,-1,-1,-1,-1,1,-1
2015621501057,1,9,0,9,0,5,0,0,0,0,1,1,6,1,82,11,-1,-1,-1,-1,1,-1
2015621501058,1,9,0,5,0,1,0,0,0,0,1,1,6,1,27,6,-1,-1,-1,-1,1,-1
2015621501058,2,9,0,18,0,1,0,0,0,0,3,1,6,2,46,8,-1,-1,-1,-1,1,-1
2015621501059,1,9,0,7,0,8,0,0,0,0,1,1,6,3,-1,-1,-1,-1,-1,-1,-1,-1
2015621501059,2,1,0,18,0,8,0,0,0,0,4,1,6,2,13,3,-1,-1,-1,-1,1,-1
2015621501060,1,9,0,18,0,0,0,0,1,0,1,1,6,2,42,7,-1,-1,-1,-1,1,-1
2015621501061,1,9,0,18,0,0,0,0,0,0,1,1,6,1,33,6,-1,-1,-1,-1,1,-1
2015621501062,1,9,0,18,0,0,1,0,7,10,1,1,6,1,40,7,-1,-1,-1,-1,1,-1
2015621501063,1,19,0,5,0,4,0,0,0,0,1,1,2,1,47,8,-1,-1,-1,-1,1,-1
2015621501063,2,1,0,18,0,8,0,0,0,0,4,1,6,1,50,8,-1,-1,-1,-1,1,-1
2015621501064,1,9,0,9,0,1,0,0,0,0,4,1,6,1,24,5,-1,-1,-1,-1,1,-1
2015621501064,2,9,0,18,0,1,0,0,0,0,1,1,6,1,46,8,-1,-1,-1,-1,1,-1
2015621501065,1,1,0,18,0,3,1,0,0,0,1,1,6,1,29,6,-1,-1,-1,-1,2,-1
2015621501065,2,9,0,3,0,3,0,0,0,0,2,1,1,2,45,7,-1,-1,-1,-1,1,-1
2015621501066,1,9,0,18,0,1,0,0,0,0,1,1,6,1,35,6,-1,-1,-1,-1,1,-1
2015621501066,2,9,0,4,0,1,0,0,0,0,2,1,6,1,31,6,-1,-1,-1,-1,1,-1
2015621501067,1,9,0,6,0,7,0,0,0,0,0,1,6,2,47,8,-1,-1,-1,-1,1,-1
2015621501067,2,5,0,18,0,1,1,0,0,0,0,1,6,1,55,8,-1,-1,-1,-1,1,-1
2015621501068,1,9,0,18,0,0,1,0,0,7,3,1,6,1,27,6,-1,-1,-1,-1,2,-1
2015621501069,1,9,0,18,0,0,0,0,0,0,1,1,6,3,-1,-1,-1,-1,-1,-1,-1,-1
2015621501069,2,1,0,18,0,0,0,0,0,0,2,1,6,1,21,5,-1,-1,-1,-1,1,-1
2015621501070,1,9,0,18,0,0,0,0,0,0,4,1,6,2,55,8,-1,-1,-1,-1,1,-1
2015621501071,1,9,0,16,0,0,2,0,7,0,3,1,6,1,35,6,-1,-1,-1,-1,1,-1
2015621501072,1,9,0,18,0,0,0,0,0,0,1,1,6,1,68,10,-1,-1,-1,-1,1,-1
2015621501072,2,9,0,18,0,0,2,0,1,0,2,1,6,1,39,7,-1,-1,-1,-1,1,-1
2015621501072,3,9,0,18,0,0,0,0,0,0,2,1,6,1,58,9,-1,-1,-1,-1,2,-1
2015621501072,4,5,0,12,0,0,0,0,0,0,2,1,6,1,34,6,-1,-1,-1,-1,2,-1
2015621501073,1,9,0,18,0,0,0,0,0,0,1,1,6,2,67,10,-1,-1,-1,-1,3,-1
2015621501073,2,9,0,2,0,0,0,0,0,0,2,1,6,3,-1,-1,-1,-1,-1,-1,-1,-1
2015621501074,1,19,0,9,0,8,0,0,0,0,1,1,1,1,35,6,-1,-1,-1,-1,1,-1
2015621501074,2,9,0,18,0,8,0,0,0,0,4,1,6,2,76,11,-1,-1,-1,-1,1,-1
2015621501075,1,9,0,18,0,1,0,0,0,0,1,1,6,3,-1,-1,-1,-1,-1,-1,-1,-1
2015621501076,1,9,0,1,0,1,0,0,0,0,2,1,6,3,-1,-1,-1,-1,-1,-1,-1,-1
2015621501076,2,9,0,9,0,1,0,0,0,0,1,1,6,1,32,6,-1,-1,-1,-1,2,-1
2015621501077,1,9,0,18,0,4,0,0,0,0,1,1,6,1,21,5,-1,-1,-1,-1,1,-1
2015621501077,2,1,0,18,0,8,0,0,0,0,4,1,6,1,23,5,-1,-1,-1,-1,1,-1
2015621501078,1,9,0,18,0,0,5,0,1,7,2,1,2,2,23,5,-1,-1,-1,-1,2,-1
2015621501079,1,9,0,18,0,8,0,0,0,0,1,1,6,1,19,4,-1,-1,-1,-1,2,-1
2015621501079,2,9,0,9,0,8,0,0,0,0,2,1,6,1,40,7,-1,-1,-1,-1,2,-1
2015621501080,1,9,0,4,0,0,0,0,0,0,3,1,3,2,33,6,-1,-1,-1,-1,1,-1
2015621501081,1,9,0,9,0,5,0,0,0,0,4,1,2,2,20,4,-1,-1,-1,-1,1,-1
2015621501081,2,9,0,18,0,8,1,0,0,0,1,1,6,1,18,4,-1,-1,-1,-1,1,-1
2015621501082,1,4,0,4,0,4,0,0,0,0,0,1,2,2,38,7,-1,-1,-1,-1,2,-1
2015621501083,1,11,0,18,0,1,0,0,0,0,1,1,1,1,28,6,-1,-1,-1,-1,3,-1
2015621501083,2,9,0,10,0,5,0,0,0,0,2,1,6,2,18,4,-1,-1,-1,-1,1,-1
2015621501084,1,9,0,18,0,1,0,0,0,0,4,1,2,2,34,6,-1,-1,-1,-1,1,-1
2015621501085,1,9,0,7,0,1,0,0,0,0,4,1,6,2,22,5,-1,-1,-1,-1,1,-1
2015621501085,2,9,0,18,0,1,0,0,0,0,1,1,6,1,20,4,-1,-1,-1,-1,1,-1
2015621501086,1,9,0,9,0,8,0,0,0,0,4,1,6,2,26,6,-1,-1,-1,-1,3,-1
2015621501086,2,9,0,18,0,8,0,0,0,0,1,1,6,2,32,6,-1,-1,-1,-1,1,-1
2015621501087,1,19,0,18,0,0,1,0,0,0,1,1,1,1,32,6,-1,-1,-1,-1,1,-1
2015621501087,2,9,0,5,0,0,0,0,0,0,2,1,6,1,66,10,-1,-1,-1,-1,1,-1
2015621501088,1,9,0,13,0,1,1,0,2,2,1,1,6,2,35,6,-1,-1,-1,-1,1,-1
2015621501090,1,9,0,18,0,1,0,0,0,0,4,1,6,2,31,6,-1,-1,-1,-1,1,-1
2015621501091,1,1,0,17,0,0,0,0,0,0,1,1,6,2,17,4,-1,-1,-1,-1,1,-1
2015621501091,2,9,0,16,0,0,1,0,0,0,1,1,6,1,17,4,-1,-1,-1,-1,1,-1
2015621501092,1,9,0,4,0,1,2,0,2,1,3,1,6,1,17,4,-1,-1,-1,-1,2,-1
2015621501093,1,9,0,17,0,0,5,0,0,0,1,1,6,1,27,6,-1,-1,-1,-1,1,-1
2015621501094,1,9,0,18,0,2,0,0,0,0,1,1,6,1,83,11,-1,-1,-1,-1,1,-1
2015621501094,2,9,0,18,0,2,0,0,0,0,2,1,1,2,50,8,-1,-1,-1,-1,1,-1
2015621501095,1,9,0,5,6,7,0,0,0,0,1,1,1,1,41,7,-1,-1,-1,-1,1,-1
2015621501096,1,9,0,18,0,0,0,0,0,0,1,1,6,1,57,9,-1,-1,-1,-1,1,-1
2015621501097,1,9,0,18,0,6,0,0,0,0,1,1,6,1,32,6,-1,-1,-1,-1,1,-1
2015621501097,2,9,0,18,0,5,0,0,0,0,3,1,6,1,23,5,-1,-1,-1,-1,1,-1
2015621501098,1,9,0,7,0,3,0,0,0,0,1,1,2,2,58,9,-1,-1,-1,-1,1,-1
2015621501098,2,1,0,18,0,2,0,0,0,0,2,1,6,1,53,8,-1,-1,-1,-1,1,-1
2015621501100,1,21,0,16,0,0,0,0,0,0,4,1,1,1,50,8,-1,-1,-1,-1,1,-1
2015621501100,2,9,0,16,0,0,0,0,1,10,4,1,2,2,43,7,-1,-1,-1,-1,1,-1
2015621501101,1,21,1,17,0,0,1,0,0,0,3,1,1,1,57,9,-1,-1,-1,-1,1,-1
2015621501101,2,9,0,16,0,0,0,0,0,0,4,1,6,2,35,6,-1,-1,-1,-1,1,-1
2015621501102,1,9,0,13,0,2,0,0,0,0,4,1,6,2,85,11,-1,-1,-1,-1,1,-1
2015621501102,2,5,0,12,0,2,0,0,0,0,3,1,6,1,55,8,-1,-1,-1,-1,1,-1
2015621501103,1,9,0,18,0,0,0,0,0,0,3,1,6,2,17,4,-1,-1,-1,-1,1,-1
2015621501104,1,11,0,9,0,2,0,0,0,0,0,1,1,1,31,6,-1,-1,-1,-1,2,-1
2015621501105,1,9,0,9,0,6,0,0,0,0,4,1,6,2,23,5,-1,-1,-1,-1,1,-1
2015621501105,2,9,0,18,0,1,0,0,0,0,1,1,6,2,24,5,-1,-1,-1,-1,1,-1
2015621501106,1,9,0,16,0,0,1,0,0,0,1,1,6,1,27,6,-1,-1,-1,-1,1,-1
2015621501106,2,9,0,17,0,0,0,0,0,0,1,1,1,1,24,5,-1,-1,-1,-1,1,-1
2015621501107,1,8,0,9,0,6,0,0,0,0,3,1,2,1,70,10,-1,-1,-1,-1,1,-1
2015621501107,2,9,0,18,0,1,0,0,0,0,4,1,6,2,23,5,-1,-1,-1,-1,1,-1
2015621501108,1,9,0,1,0,1,0,0,0,0,4,1,6,1,54,8,-1,-1,-1,-1,1,-1
2015621501108,2,5,0,3,0,1,0,0,0,0,1,1,6,1,24,5,-1,-1,-1,-1,1,-1
2015621501109,1,9,0,7,0,3,0,0,0,0,1,1,6,1,39,7,-1,-1,-1,-1,1,-1
2015621501109,2,8,0,7,0,3,0,0,0,0,2,1,1,1,31,6,-1,-1,-1,-1,1,-1
2015621501110,1,9,0,18,0,1,0,0,0,0,1,1,6,2,54,8,-1,-1,-1,-1,3,-1
2015621501110,2,9,0,4,0,1,0,0,0,0,2,1,6,2,31,6,-1,-1,-1,-1,1,-1
2015621501110,3,9,0,4,0,7,0,0,0,0,2,1,6,2,45,7,-1,-1,-1,-1,1,-1
2015621501111,1,9,0,7,0,3,0,0,0,0,4,1,6,2,27,6,-1,-1,-1,-1,1,-1
2015621501111,2,10,0,18,0,8,0,0,0,0,3,1,6,1,51,8,-1,-1,-1,-1,1,-1
2015621501112,1,9,0,9,0,2,0,0,0,0,4,1,6,2,39,7,-1,-1,-1,-1,1,-1
2015621501112,2,5,0,18,0,1,0,0,1,4,1,1,6,1,26,6,-1,-1,-1,-1,1,-1
2015621501113,1,9,0,4,0,4,0,0,0,0,1,1,6,1,72,10,-1,-1,-1,-1,1,-1
2015621501113,2,9,0,4,0,4,0,0,0,0,2,1,6,1,40,7,-1,-1,-1,-1,2,-1
2015621501114,1,9,0,18,0,0,0,4,0,0,1,1,6,1,26,6,-1,-1,-1,-1,1,-1
2015621501114,2,9,0,2,0,0,0,4,0,0,2,1,6,3,-1,-1,-1,-1,-1,-1,-1,-1
2015621501114,3,9,0,2,0,0,0,4,0,0,2,1,6,3,-1,-1,-1,-1,-1,-1,-1,-1
2015621501114,4,9,0,2,0,0,0,4,0,0,1,1,6,3,-1,-1,-1,-1,-1,-1,-1,-1
2015621501115,1,9,0,5,0,4,0,0,0,0,3,1,6,2,49,8,-1,-1,-1,-1,1,-1
2015621501115,2,1,0,18,0,8,0,0,0,0,4,1,1,1,49,8,-1,-1,-1,-1,2,-1
2015621501116,1,11,0,16,0,0,1,0,0,0,1,1,1,2,40,7,-1,-1,-1,-1,3,-1
2015621501116,2,9,0,17,0,0,0,0,0,0,1,1,6,2,53,8,-1,-1,-1,-1,2,-1
2015621501117,1,19,0,9,0,8,0,0,0,0,1,1,1,1,33,6,-1,-1,-1,-1,1,-1
2015621501117,2,9,0,18,0,8,0,0,1,0,1,1,2,2,42,7,-1,-1,-1,-1,1,-1