Accident_Index,Vehicle_Reference,Vehicle_Type,Towing_and_Articulation,Vehicle_Manoeuvre,Vehicle_Location-Restricted_Lane,Junction_Location,Skidding_and_Overturning,Hit_Object_in_Carriageway,Vehicle_Leaving_Carriageway,Hit_Object_off_Carriageway,1st_Point_of_Impact,Was_Vehicle_Left_Hand_Drive?,Journey_Purpose_of_Driver,Sex_of_Driver,Age_of_Driver,Age_Band_of_Driver,Engine_Capacity_(CC),Propulsion_Code,Age_of_Vehicle,Driver_IMD_Decile,Driver_Home_Area_Type,Vehicle_IMD_Decile
201563AC10115,1,9,0,18,0,1,1,0,0,0,3,1,6,1,31,6,-1,-1,-1,-1,3,-1
201563AC10115,2,9,0,10,0,1,0,0,0,0,2,1,6,2,29,6,-1,-1,-1,-1,3,-1
201563AC10115,3,9,0,18,0,1,1,0,0,0,3,1,2,1,31,6,-1,-1,-1,-1,1,-1
201563AC10215,1,9,0,18,0,0,1,0,0,0,1,1,6,1,17,4,-1,-1,-1,-1,3,-1
201563AC10315,1,9,0,18,0,1,0,10,1,10,1,1,6,2,26,6,-1,-1,-1,-1,3,-1
201563AC10415,1,9,0,18,0,0,5,0,1,4,1,1,6,1,37,7,-1,-1,-1,-1,3,-1
201563AC10515,1,1,0,7,0,1,0,0,0,0,3,1,6,1,16,4,-1,-1,-1,-1,2,-1
201563AC10515,2,9,4,18,0,1,0,0,0,0,3,1,1,1,29,6,-1,-1,-1,-1,1,-1
201563AC10615,1,9,0,18,0,0,1,0,0,0,1,1,6,1,20,4,-1,-1,-1,-1,2,-1
201563AC10615,2,9,0,3,0,0,0,0,0,0,2,1,6,2,36,7,-1,-1,-1,-1,3,-1
201563AC10715,1,9,0,18,0,0,0,4,0,0,1,1,6,2,45,7,-1,-1,-1,-1,1,-1
201563AC10715,2,9,0,18,0,0,0,4,0,0,2,1,6,1,46,8,-1,-1,-1,-1,1,-1
201563AC10715,3,9,0,18,0,0,0,4,0,0,2,1,6,2,40,7,-1,-1,-1,-1,1,-1
201563AC10715,4,9,0,18,0,0,0,4,0,0,2,1,6,1,35,6,-1,-1,-1,-1,1,-1
201563AC10715,5,9,0,11,0,0,0,0,0,0,2,1,6,1,33,6,-1,-1,-1,-1,1,-1
201563AC10815,1,9,0,9,0,8,0,0,0,0,4,1,6,2,19,4,-1,-1,-1,-1,3,-1
201563AC10815,2,1,0,18,0,8,0,0,0,0,1,1,6,1,38,7,-1,-1,-1,-1,-1,-1
201563AC10915,1,9,0,13,0,0,0,0,0,0,0,1,6,3,-1,-1,-1,-1,-1,-1,-1,-1
201563AC10915,2,5,0,17,0,0,1,0,1,0,3,1,6,1,69,10,-1,-1,-1,-1,1,-1
201563AC10915,3,9,0,18,0,0,0,0,0,0,0,1,6,3,-1,-1,-1,-1,-1,-1,-1,-1
201563AC11015,1,9,0,13,0,0,0,0,0,0,4,1,6,2,30,6,-1,-1,-1,-1,2,-1
201563AC11015,2,90,0,18,0,0,0,0,0,0,4,1,6,1,82,11,-1,-1,-1,-1,3,-1
201563AC11015,3,9,0,18,0,0,0,0,0,0,0,1,6,1,53,8,-1,-1,-1,-1,3,-1
201563AC11115,1,9,0,18,0,0,1,0,0,0,1,1,6,2,20,4,-1,-1,-1,-1,3,-1
201563AC11115,2,9,0,4,0,0,0,0,0,0,1,1,6,1,71,10,-1,-1,-1,-1,3,-1
201563AC11215,1,9,0,18,0,0,5,0,8,10,1,1,6,2,23,5,-1,-1,-1,-1,1,-1
201563AC11315,1,8,0,16,0,0,0,0,7,10,1,1,1,1,41,7,-1,-1,-1,-1,1,-1
201563AC11415,1,9,0,18,0,1,0,0,0,0,1,1,6,1,84,11,-1,-1,-1,-1,1,-1
201563AC11515,1,21,4,18,0,0,0,0,1,7,4,1,1,1,52,8,-1,-1,-1,-1,3,-1
201563AC11615,1,9,0,11,0,1,1,0,1,4,1,1,6,2,18,4,-1,-1,-1,-1,3,-1
201563AC11715,1,3,0,18,0,2,0,0,0,0,3,1,6,1,20,4,-1,-1,-1,-1,3,-1
201563AC11715,2,4,0,18,0,2,0,0,0,0,1,1,6,2,44,7,-1,-1,-1,-1,2,-1
201563AC11815,1,9,0,16,0,0,1,0,0,0,3,1,6,1,50,8,-1,-1,-1,-1,3,-1
201563AC11815,2,9,0,17,0,0,0,0,1,0,3,1,6,1,30,6,-1,-1,-1,-1,-1,-1
201563AC11915,1,19,5,18,0,0,0,0,0,0,0,1,1,1,53,8,-1,-1,-1,-1,1,-1
201563AC11915,2,9,0,18,0,0,0,0,0,0,1,1,6,1,26,6,-1,-1,-1,-1,3,-1
201563AC12015,1,1,0,18,0,1,0,0,0,0,1,1,6,2,27,6,-1,-1,-1,-1,2,-1
201563AC12015,2,19,0,9,0,8,0,0,0,0,3,1,6,1,36,7,-1,-1,-1,-1,3,-1
201563AC12115,1,9,0,9,0,1,0,10,7,2,1,1,6,1,19,4,-1,-1,-1,-1,3,-1
201563AC12115,2,9,0,9,0,1,0,0,0,0,3,1,6,1,22,5,-1,-1,-1,-1,1,-1
201563AC12215,1,9,0,1,6,0,0,0,7,0,2,1,6,1,81,11,-1,-1,-1,-1,1,-1
201563AC12315,1,9,0,18,0,0,0,0,0,0,3,1,6,1,19,4,-1,-1,-1,-1,3,-1
201563AC12315,2,9,0,18,0,0,0,0,0,0,3,1,6,2,41,7,-1,-1,-1,-1,1,-1
201563AC12315,3,9,0,18,0,0,0,4,0,0,1,1,6,1,20,4,-1,-1,-1,-1,3,-1
201563AC12315,4,9,0,18,0,0,0,0,0,0,2,1,6,1,30,6,-1,-1,-1,-1,3,-1
201563AC12415,1,9,0,18,0,1,0,0,0,0,1,1,6,1,46,8,-1,-1,-1,-1,1,-1
201563AC12415,2,1,0,18,0,1,0,0,0,0,1,1,6,1,7,2,-1,-1,-1,-1,1,-1
201563AC12515,1,9,0,18,0,0,0,0,0,0,1,1,6,1,29,6,-1,-1,-1,-1,-1,-1
201563AC12515,2,1,0,18,0,0,0,0,0,0,1,1,6,1,44,7,-1,-1,-1,-1,3,-1
201563AC12615,1,9,0,4,0,0,0,4,0,0,1,1,6,2,58,9,-1,-1,-1,-1,3,-1
201563AC12615,2,9,0,2,0,0,0,0,0,0,2,1,6,2,34,6,-1,-1,-1,-1,2,-1
201563AC12615,3,9,0,2,0,0,0,0,0,0,2,1,6,2,54,8,-1,-1,-1,-1,3,-1
201563AC12715,1,9,0,18,0,1,0,0,0,0,1,1,6,2,22,5,-1,-1,-1,-1,1,-1
201563AC12715,2,9,0,4,0,1,0,0,0,0,2,1,6,2,54,8,-1,-1,-1,-1,1,-1
201563AC12715,3,9,0,5,0,1,0,0,0,0,3,1,6,1,59,9,-1,-1,-1,-1,3,-1
201563AC12815,1,9,0,9,0,1,0,0,0,0,1,1,6,2,33,6,-1,-1,-1,-1,3,-1
201563AC12815,2,9,0,18,0,1,0,0,0,0,1,1,6,1,41,7,-1,-1,-1,-1,1,-1
201563AC12915,1,9,0,18,0,0,0,0,0,0,2,1,2,2,43,7,-1,-1,-1,-1,-1,-1
201563AC12915,2,9,0,3,0,0,0,0,0,0,2,1,1,2,32,6,-1,-1,-1,-1,2,-1
201563AC12915,3,9,0,3,0,0,0,0,0,0,2,1,6,1,42,7,-1,-1,-1,-1,1,-1
201563AC13015,1,9,0,18,0,8,0,0,0,0,1,1,6,1,78,11,-1,-1,-1,-1,1,-1
201563AC13115,1,9,0,18,0,0,0,0,0,0,1,1,6,1,18,4,-1,-1,-1,-1,1,-1
201563AC13115,2,9,0,18,0,0,0,0,1,10,1,1,1,1,35,6,-1,-1,-1,-1,1,-1
201563AC13215,1,9,0,5,0,2,0,0,0,0,1,1,6,1,62,9,-1,-1,-1,-1,3,-1
201563AC13215,2,2,0,18,0,8,0,0,0,0,4,1,6,1,16,4,-1,-1,-1,-1,2,-1
201563AC13315,1,9,4,18,0,0,0,0,1,4,3,1,1,1,25,5,-1,-1,-1,-1,1,-1
201563AC13415,1,19,0,18,0,5,0,0,0,0,4,1,6,3,-1,-1,-1,-1,-1,-1,-1,-1
201563AC13515,1,9,0,18,0,8,0,0,0,0,1,1,6,2,55,8,-1,-1,-1,-1,1,-1
201563AC13515,2,9,0,18,0,8,0,0,0,0,2,1,6,2,41,7,-1,-1,-1,-1,1,-1
201563AC13515,3,9,0,18,0,8,0,0,0,0,2,1,6,1,69,10,-1,-1,-1,-1,1,-1
201563AC13715,1,9,0,18,0,1,0,0,1,10,1,1,6,1,34,6,-1,-1,-1,-1,3,-1
201563AC13715,2,17,4,9,0,5,0,0,0,0,2,1,1,1,61,9,-1,-1,-1,-1,3,-1
201563AC13815,1,9,0,8,0,1,0,0,0,0,1,1,1,1,24,5,-1,-1,-1,-1,3,-1
201563AC13815,2,9,0,17,0,1,0,0,0,0,2,1,6,1,62,9,-1,-1,-1,-1,3,-1
201563AC13915,1,9,0,18,0,7,0,0,0,0,4,1,6,2,21,5,-1,-1,-1,-1,1,-1
201563AC14015,1,9,0,18,0,0,1,0,0,0,1,1,6,1,27,6,-1,-1,-1,-1,3,-1
201563AC14015,2,9,0,18,0,0,0,0,0,0,1,1,6,2,56,9,-1,-1,-1,-1,3,-1
201563AC14115,1,9,0,4,0,0,0,0,0,0,1,1,1,1,34,6,-1,-1,-1,-1,3,-1
201563AC14115,2,9,0,4,0,0,0,0,0,0,1,1,2,1,67,10,-1,-1,-1,-1,3,-1
201563AC14215,1,9,0,18,0,0,2,0,1,10,1,1,6,1,43,7,-1,-1,-1,-1,2,-1
201563AC14315,1,19,0,5,0,1,0,0,0,0,1,1,1,1,50,8,-1,-1,-1,-1,2,-1
201563AC14315,2,1,0,10,0,1,0,0,0,0,3,1,6,1,40,7,-1,-1,-1,-1,1,-1
201563AC14415,1,9,0,18,0,0,0,0,0,0,1,1,6,1,46,8,-1,-1,-1,-1,1,-1
201563AC14415,2,9,0,3,0,0,0,0,0,0,3,1,6,2,71,10,-1,-1,-1,-1,3,-1
201563AC14415,3,9,0,4,0,0,0,0,0,0,0,1,6,3,-1,-1,-1,-1,-1,-1,-1,-1
201563AC14515,1,9,0,18,0,0,5,0,1,4,1,1,6,2,77,11,-1,-1,-1,-1,3,-1
201563AC14615,1,17,0,15,0,0,0,0,0,0,3,1,6,3,-1,-1,-1,-1,-1,-1,-1,-1
201563AC14615,2,3,0,3,0,0,0,0,0,0,3,1,2,1,20,4,-1,-1,-1,-1,3,-1
201563AC14715,1,9,0,18,0,0,5,0,1,0,1,1,6,2,77,11,-1,-1,-1,-1,2,-1
201563AC14815,1,20,0,18,0,1,1,0,0,0,1,1,1,1,34,6,-1,-1,-1,-1,3,-1
201563AC14815,2,19,0,9,0,1,0,0,0,0,2,1,1,1,65,9,-1,-1,-1,-1,3,-1
201563AC14915,1,3,0,18,0,0,0,0,0,0,1,1,6,2,47,8,-1,-1,-1,-1,3,-1
201563AC14915,2,9,0,18,0,0,0,0,0,0,1,1,6,2,60,9,-1,-1,-1,-1,3,-1
201563AC15015,1,9,0,18,0,2,0,0,0,0,1,1,6,2,61,9,-1,-1,-1,-1,3,-1
201563AC15015,2,9,0,10,0,5,0,0,0,0,2,1,6,2,31,6,-1,-1,-1,-1,2,-1
201563AC15115,1,9,0,18,0,0,0,0,0,0,1,1,2,1,26,6,-1,-1,-1,-1,2,-1
201563AC15115,2,9,0,18,0,0,0,0,0,0,2,1,6,1,23,5,-1,-1,-1,-1,1,-1
201563AC15215,1,2,0,13,0,0,0,0,0,0,3,1,1,1,22,5,-1,-1,-1,-1,3,-1
201563AC15215,2,17,0,9,0,0,0,0,7,9,4,1,1,1,25,5,-1,-1,-1,-1,3,-1
201563AC15315,1,9,0,18,0,0,0,4,0,0,1,1,1,2,42,7,-1,-1,-1,-1,1,-1
201563AC15315,2,9,0,2,0,0,0,0,0,0,2,1,6,2,47,8,-1,-1,-1,-1,1,-1
201563AC15315,3,9,0,2,0,0,0,0,0,0,2,1,6,1,26,6,-1,-1,-1,-1,1,-1
201563AC15415,1,9,0,18,0,0,0,0,7,0,1,1,6,2,77,11,-1,-1,-1,-1,2,-1
201563AC15515,1,9,0,18,0,0,0,4,0,0,1,1,6,2,51,8,-1,-1,-1,-1,1,-1
201563AC15515,2,19,0,2,0,0,0,4,0,0,2,1,6,1,54,8,-1,-1,-1,-1,3,-1
201563AC15615,1,4,0,18,0,0,0,0,0,0,1,1,6,1,15,3,-1,-1,-1,-1,2,-1
201563AC15615,2,9,0,16,0,0,0,0,0,0,1,1,6,1,32,6,-1,-1,-1,-1,2,-1
201563AC15715,1,19,0,18,0,0,0,0,0,0,2,1,6,1,58,9,-1,-1,-1,-1,3,-1
201563AC15715,2,19,0,18,0,0,0,0,0,0,1,1,6,1,47,8,-1,-1,-1,-1,3,-1
201563AC15815,1,9,0,18,0,1,0,0,0,0,2,1,6,1,67,10,-1,-1,-1,-1,1,-1
201563AC15815,2,9,0,18,0,1,0,0,0,0,1,1,6,2,21,5,-1,-1,-1,-1,1,-1
201563AC15815,3,9,0,4,0,1,0,0,0,0,0,1,6,3,-1,-1,-1,-1,-1,-1,-1,-1
201563AC15915,1,9,0,1,0,0,0,0,0,0,2,1,6,2,41,7,-1,-1,-1,-1,1,-1
201563AC15915,2,9,0,18,0,0,0,0,0,0,1,1,6,3,-1,-1,-1,-1,-1,-1,-1,-1
201563AC16015,1,11,0,4,0,0,0,0,0,0,0,1,6,1,58,9,-1,-1,-1,-1,3,-1
201563AC16115,1,9,0,18,0,1,1,4,0,0,1,1,6,1,21,5,-1,-1,-1,-1,3,-1
201563AC16115,2,9,0,4,0,8,0,0,0,0,2,1,6,2,43,7,-1,-1,-1,-1,3,-1
201563AC16115,3,9,0,4,0,1,0,0,0,0,2,1,6,2,39,7,-1,-1,-1,-1,3,-1
201563AC16115,4,19,0,2,0,1,0,0,0,0,0,1,1,1,30,6,-1,-1,-1,-1,2,-1
201563AC16215,1,9,0,17,0,0,1,0,0,0,1,1,6,1,39,7,-1,-1,-1,-1,3,-1
201563AC16315,1,9,0,18,0,1,0,0,0,0,1,1,6,1,32,6,-1,-1,-1,-1,1,-1
201563AC16315,2,9,0,18,0,1,0,0,0,0,2,1,2,1,54,8,-1,-1,-1,-1,3,-1
201563AC16415,1,9,0,18,0,1,0,0,0,0,2,1,6,2,27,6,-1,-1,-1,-1,3,-1
201563AC16415,2,9,0,18,0,1,1,0,4,6,1,1,6,1,29,6,-1,-1,-1,-1,2,-1
201563AC16515,1,9,0,7,0,2,0,0,0,0,1,1,6,2,24,5,-1,-1,-1,-1,1,-1
201563AC16515,2,9,0,7,0,2,0,0,0,0,2,1,6,2,25,5,-1,-1,-1,-1,1,-1
201563AC16515,3,9,0,14,0,1,0,0,0,0,0,1,6,3,-1,-1,-1,-1,-1,-1,-1,-1
201563AC16515,4,9,0,2,0,1,0,0,0,0,0,1,6,3,-1,-1,-1,-1,-1,-1,-1,-1
201563AC16615,1,9,0,10,0,1,0,0,0,0,1,1,6,1,41,7,-1,-1,-1,-1,1,-1
201563AC16615,2,9,0,9,0,8,0,0,0,0,3,1,6,2,68,10,-1,-1,-1,-1,1,-1
201563AC16715,1,9,0,16,0,0,5,0,1,9,4,1,6,1,19,4,-1,-1,-1,-1,1,-1
201563AC16815,1,9,0,18,0,0,0,0,0,0,1,1,6,2,70,10,-1,-1,-1,-1,3,-1
201563AC16815,2,9,0,4,0,0,0,0,0,0,2,1,6,1,34,6,-1,-1,-1,-1,1,-1
201563AC16815,3,9,0,4,0,0,0,0,0,0,2,1,6,1,22,5,-1,-1,-1,-1,3,-1
201563AC16815,4,9,0,4,0,0,0,0,0,0,2,1,6,2,22,5,-1,-1,-1,-1,1,-1
201563AC16915,1,19,0,13,0,1,1,0,0,0,1,1,6,1,30,6,-1,-1,-1,-1,-1,-1
201563AC16915,2,20,0,18,0,8,0,0,1,7,1,1,1,1,40,7,-1,-1,-1,-1,3,-1
201563AC16915,3,9,0,18,0,1,0,0,0,0,0,1,6,3,-1,-1,-1,-1,-1,-1,-1,-1
201563AC17015,1,9,0,18,0,6,0,0,0,0,1,1,2,1,35,6,-1,-1,-1,-1,3,-1
201563AC17015,2,9,0,18,0,6,0,0,0,0,2,1,6,2,54,8,-1,-1,-1,-1,3,-1
201563AC17015,3,9,0,5,0,1,0,0,0,0,0,1,6,3,-1,-1,-1,-1,-1,-1,-1,-1
201563AC17115,1,1,0,17,0,8,0,0,0,0,1,1,6,2,12,3,-1,-1,-1,-1,3,-1
201563AC17115,2,1,0,16,0,8,0,0,0,0,1,1,6,1,52,8,-1,-1,-1,-1,3,-1
201563AC17215,1,21,0,3,0,2,0,0,0,0,0,1,1,1,39,7,-1,-1,-1,-1,3,-1
201563AC17215,2,11,0,3,0,2,0,0,0,0,0,1,1,1,51,8,-1,-1,-1,-1,1,-1
201563AC17415,1,9,0,10,0,1,1,0,0,0,2,1,6,2,44,7,-1,-1,-1,-1,3,-1
201563AC17415,2,9,0,18,0,1,1,0,0,0,1,1,6,2,19,4,-1,-1,-1,-1,3,-1
201563AC17515,1,9,0,18,0,0,0,4,0,0,1,1,2,2,24,5,-1,-1,-1,-1,3,-1
201563AC17515,2,19,4,2,0,0,0,0,0,0,2,1,1,1,54,8,-1,-1,-1,-1,3,-1
201563AC17615,1,21,1,18,0,8,0,0,0,0,1,1,1,1,60,9,-1,-1,-1,-1,3,-1
201563AC17615,2,3,0,7,0,1,1,0,0,0,1,1,2,1,33,6,-1,-1,-1,-1,3,-1
201563AC17715,1,9,0,18,0,0,0,0,0,0,1,1,6,2,61,9,-1,-1,-1,-1,3,-1
201563AC17715,2,9,0,18,0,0,0,0,0,0,1,1,6,2,61,9,-1,-1,-1,-1,3,-1
201563AC17815,1,9,0,18,0,0,0,0,0,0,1,1,6,3,-1,-1,-1,-1,-1,-1,-1,-1
201563AC17915,1,9,0,18,0,1,1,0,0,0,1,1,1,1,27,6,-1,-1,-1,-1,1,-1
201563AC17915,2,1,0,18,0,1,0,0,0,0,1,1,6,1,14,3,-1,-1,-1,-1,1,-1
201563AC18015,1,19,4,7,0,3,0,0,0,0,1,1,1,1,58,9,-1,-1,-1,-1,1,-1
201563AC18015,2,9,0,7,0,3,0,0,0,0,2,1,2,2,43,7,-1,-1,-1,-1,-1,-1
201563AC18115,1,9,0,18,0,0,0,0,1,0,1,1,6,1,59,9,-1,-1,-1,-1,3,-1
201563AC18215,1,9,0,18,0,2,0,0,7,10,1,1,6,1,24,5,-1,-1,-1,-1,1,-1
201563AC18315,1,11,0,4,0,4,0,0,0,0,1,1,1,1,42,7,-1,-1,-1,-1,3,-1
201563AC18315,2,9,0,3,0,4,0,0,0,0,2,1,6,2,37,7,-1,-1,-1,-1,3,-1
201563AC18415,1,9,0,18,0,8,0,0,0,0,0,1,6,1,72,10,-1,-1,-1,-1,3,-1
201563AC18415,2,19,0,18,0,1,0,0,0,0,1,1,2,1,25,5,-1,-1,-1,-1,3,-1
201563AC18415,3,19,0,18,0,1,0,0,0,0,1,1,2,1,27,6,-1,-1,-1,-1,3,-1
201563AC18515,1,9,0,18,0,1,0,0,0,0,1,1,6,3,-1,-1,-1,-1,-1,-1,-1,-1
201563AC18515,2,1,0,18,0,1,0,0,0,0,3,1,3,1,15,3,-1,-1,-1,-1,2,-1
201563AC18615,1,9,0,18,0,0,0,0,0,0,3,1,1,2,56,9,-1,-1,-1,-1,3,-1
201563AC18615,2,9,0,18,0,0,0,0,0,0,1,1,1,2,47,8,-1,-1,-1,-1,3,-1
201563AC18715,1,9,4,18,0,0,0,0,1,10,3,1,1,1,59,9,-1,-1,-1,-1,3,-1
201563AC18715,2,19,0,18,0,0,0,0,0,0,3,1,1,1,42,7,-1,-1,-1,-1,3,-1
201563AC18815,1,9,0,12,0,4,0,0,0,0,3,1,6,3,-1,-1,-1,-1,-1,-1,-1,-1
201563AC18815,2,19,0,11,0,3,0,0,0,0,4,1,1,1,32,6,-1,-1,-1,-1,1,-1
201563AC18915,1,9,0,17,0,0,2,0,0,0,0,1,6,1,30,6,-1,-1,-1,-1,2,-1
201563AC19015,1,1,0,18,0,1,0,0,0,0,4,1,6,1,15,3,-1,-1,-1,-1,-1,-1
201563AC19015,2,9,0,18,0,1,0,0,0,0,1,1,6,1,52,8,-1,-1,-1,-1,3,-1
201563AC19115,1,9,0,18,0,1,0,0,0,0,1,1,6,1,30,6,-1,-1,-1,-1,2,-1
201563AC19115,2,9,0,18,0,1,0,0,7,10,1,1,6,1,70,10,-1,-1,-1,-1,1,-1
201563AC19115,3,9,0,2,0,1,0,0,0,0,2,1,6,2,41,7,-1,-1,-1,-1,1,-1
201563AC19215,1,9,0,3,0,1,0,4,0,0,1,1,6,2,28,6,-1,-1,-1,-1,3,-1
201563AC19215,2,9,0,18,1,1,0,0,0,0,2,1,3,2,18,4,-1,-1,-1,-1,3,-1
201563AC19215,3,9,0,3,0,1,0,0,0,0,0,1,6,3,-1,-1,-1,-1,-1,-1,-1,-1
201563AC19315,1,9,0,18,0,1,0,0,0,0,1,1,6,1,31,6,-1,-1,-1,-1,1,-1
201563AC19315,2,9,0,18,0,1,0,0,0,0,2,1,6,1,49,8,-1,-1,-1,-1,1,-1
201563AC19315,3,9,0,18,0,1,0,0,0,0,2,1,6,1,35,6,-1,-1,-1,-1,1,-1
201563AC19415,1,9,0,18,0,1,0,0,1,10,1,1,6,1,28,6,-1,-1,-1,-1,2,-1
201563AC19515,1,9,0,1,0,1,0,4,0,0,1,1,6,2,53,8,-1,-1,-1,-1,3,-1
201563AC19515,2,9,0,18,0,1,0,0,0,0,2,1,6,2,23,5,-1,-1,-1,-1,3,-1
201563AC19615,1,9,0,5,0,8,0,0,0,0,3,1,6,1,50,8,-1,-1,-1,-1,3,-1
201563AC19615,2,5,0,18,0,8,0,0,0,0,1,1,6,1,53,8,-1,-1,-1,-1,3,-1
201563AC19715,1,90,0,18,0,8,0,0,0,0,1,2,6,2,67,10,-1,-1,-1,-1,-1,-1
201563AC19715,2,9,0,18,0,3,0,0,0,0,4,1,6,1,30,6,-1,-1,-1,-1,1,-1
201563AC19815,1,9,0,13,0,0,2,0,2,10,1,1,6,1,30,6,-1,-1,-1,-1,3,-1
201563AC19815,2,9,0,18,0,0,0,0,0,0,0,1,6,3,-1,-1,-1,-1,-1,-1,-1,-1
201563AC19815,3,9,0,18,0,0,0,0,0,0,0,1,6,1,45,7,-1,-1,-1,-1,1,-1
201563AC19915,1,9,0,17,0,0,2,0,1,9,4,1,6,2,19,4,-1,-1,-1,-1,2,-1
201563AC20015,1,9,0,18,0,0,0,0,0,0,0,1,1,1,24,5,-1,-1,-1,-1,2,-1
201563AC20015,2,9,0,18,0,0,1,10,0,0,4,1,6,1,54,8,-1,-1,-1,-1,2,-1
201563AC20115,1,9,0,18,0,0,0,0,0,0,1,1,6,1,53,8,-1,-1,-1,-1,1,-1
201563AC20115,2,2,0,18,0,0,0,0,0,0,2,1,6,1,16,4,-1,-1,-1,-1,3,-1
201563AC20215,1,9,0,18,0,0,0,0,0,0,2,1,6,2,52,8,-1,-1,-1,-1,1,-1
201563AC20215,2,9,0,18,0,0,0,0,0,0,1,1,6,1,28,6,-1,-1,-1,-1,3,-1
201563AC20315,1,9,0,9,0,1,0,0,0,0,3,1,6,2,61,9,-1,-1,-1,-1,1,-1
201563AC20315,2,1,0,18,0,1,0,0,0,3,3,1,6,1,45,7,-1,-1,-1,-1,1,-1
201563AC20415,1,9,0,17,0,0,1,0,0,0,1,1,6,2,20,4,-1,-1,-1,-1,1,-1
201563AC20415,2,9,0,3,0,0,0,0,0,0,1,1,6,1,26,6,-1,-1,-1,-1,3,-1
201563AC20515,1,9,0,5,0,8,0,0,0,0,3,1,6,2,51,8,-1,-1,-1,-1,1,-1
201563AC20515,2,1,0,9,0,8,0,0,0,0,4,1,6,1,55,8,-1,-1,-1,-1,1,-1
201563AC20615,1,9,0,5,0,1,0,0,0,0,1,1,2,1,28,6,-1,-1,-1,-1,3,-1
201563AC20615,2,9,0,18,0,4,0,0,0,0,4,1,2,2,17,4,-1,-1,-1,-1,3,-1
201563AC20715,1,19,0,18,0,0,1,0,0,0,1,1,1,1,23,5,-1,-1,-1,-1,-1,-1
201563AC20715,2,90,0,18,0,0,0,0,0,0,2,1,1,1,55,8,-1,-1,-1,-1,3,-1
201563AC20815,1,19,0,10,0,1,0,0,0,0,1,1,1,1,43,7,-1,-1,-1,-1,-1,-1
201563AC20815,2,19,0,17,0,1,0,0,0,0,1,1,6,1,79,11,-1,-1,-1,-1,3,-1
201563AC20915,1,9,0,18,0,1,0,0,0,0,1,1,6,2,27,6,-1,-1,-1,-1,3,-1
201563AC20915,2,9,0,18,0,4,0,0,0,0,2,1,6,2,74,10,-1,-1,-1,-1,3,-1
201563AC21015,1,21,1,16,0,8,0,0,0,0,3,1,1,1,40,7,-1,-1,-1,-1,-1,-1
201563AC21015,2,9,0,16,0,8,0,0,0,0,4,1,2,1,25,5,-1,-1,-1,-1,1,-1
201563AC21115,1,9,0,18,0,8,0,0,0,0,3,1,6,2,34,6,-1,-1,-1,-1,3,-1
201563AC21115,2,9,0,7,0,1,0,0,0,0,4,1,6,1,63,9,-1,-1,-1,-1,3,-1
201563AC21215,1,9,0,5,0,6,0,0,0,0,2,1,6,1,29,6,-1,-1,-1,-1,3,-1
201563AC21215,2,3,0,18,0,3,0,0,7,0,1,1,6,1,19,4,-1,-1,-1,-1,1,-1
201563AC21315,1,9,0,1,0,1,0,0,0,0,2,1,6,2,51,8,-1,-1,-1,-1,1,-1
201563AC21315,2,9,0,18,0,1,0,0,0,0,1,1,1,2,57,9,-1,-1,-1,-1,2,-1
201563AC21415,1,9,0,18,0,1,0,0,0,0,1,1,6,2,21,5,-1,-1,-1,-1,1,-1
201563AC21415,2,9,0,10,0,1,0,0,0,0,2,1,6,2,34,6,-1,-1,-1,-1,1,-1
201563AC21515,1,19,0,4,0,1,1,0,0,0,2,1,6,1,42,7,-1,-1,-1,-1,1,-1
201563AC21515,2,9,0,4,0,1,0,0,0,0,1,1,2,1,65,9,-1,-1,-1,-1,3,-1
201563AC21515,3,9,0,18,0,1,0,0,0,0,2,1,6,1,40,7,-1,-1,-1,-1,2,-1
201563AC21615,1,9,0,18,1,0,0,0,1,3,1,1,6,2,59,9,-1,-1,-1,-1,3,-1
201563AC21615,2,9,0,18,0,0,0,0,0,0,0,1,6,3,-1,-1,-1,-1,-1,-1,-1,-1
201563AC21715,1,4,0,13,0,0,0,0,0,0,0,1,6,3,-1,-1,-1,-1,-1,-1,-1,-1
201563AC21715,2,9,0,18,0,0,0,0,1,0,0,1,2,2,36,7,-1,-1,-1,-1,2,-1
201563AC21715,3,5,0,18,0,0,0,0,0,0,0,1,6,2,59,9,-1,-1,-1,-1,1,-1
201563AC21715,4,9,0,18,0,0,0,0,0,0,0,1,6,3,-1,-1,-1,-1,-1,-1,-1,-1
201563AC21715,5,4,0,13,0,0,0,0,0,0,0,1,4,3,-1,-1,-1,-1,-1,-1,-1,-1
201563AC21815,1,9,0,18,0,0,0,0,0,0,3,1,6,1,76,11,-1,-1,-1,-1,3,-1
201563AC21815,2,9,0,18,0,0,0,0,0,0,3,1,6,1,86,11,-1,-1,-1,-1,3,-1
201563AC21815,3,9,0,18,0,0,0,0,0,0,3,1,1,1,25,5,-1,-1,-1,-1,3,-1
201563AC21915,1,19,0,3,0,4,0,0,0,0,1,1,1,1,41,7,-1,-1,-1,-1,1,-1
201563AC21915,2,9,0,3,0,4,0,0,0,0,2,1,2,1,61,9,-1,-1,-1,-1,1,-1
201563AC22015,1,9,0,18,0,0,1,0,8,4,2,1,2,1,23,5,-1,-1,-1,-1,1,-1
201563AC22115,1,3,0,18,0,0,0,0,0,0,1,1,6,1,22,5,-1,-1,-1,-1,2,-1
201563AC22115,2,9,0,18,0,0,0,0,0,0,2,1,6,2,57,9,-1,-1,-1,-1,3,-1
201563AC22115,3,9,0,2,0,0,0,0,0,0,0,1,6,3,-1,-1,-1,-1,-1,-1,-1,-1
201563AC22215,1,4,0,16,0,0,0,0,0,0,1,1,6,1,34,6,-1,-1,-1,-1,2,-1
201563AC22215,2,9,0,18,0,0,0,0,0,0,3,1,6,2,57,9,-1,-1,-1,-1,3,-1
201563AC22315,1,2,0,13,0,0,0,0,0,0,1,1,6,1,16,4,-1,-1,-1,-1,1,-1
201563AC22315,2,9,0,18,0,0,0,0,0,0,1,1,1,1,24,5,-1,-1,-1,-1,1,-1
201563AC22315,3,11,0,18,0,0,0,0,0,0,0,1,6,3,-1,-1,-1,-1,-1,-1,-1,-1
201563AC22415,1,9,0,9,0,1,0,0,0,0,1,1,1,1,60,9,-1,-1,-1,-1,3,-1
201563AC22415,2,9,0,18,0,8,0,0,0,0,1,1,1,1,30,6,-1,-1,-1,-1,3,-1
201563AC22415,3,9,0,18,0,1,0,0,0,0,1,1,2,2,65,9,-1,-1,-1,-1,3,-1