Accident_Index,Vehicle_Reference,Vehicle_Type,Towing_and_Articulation,Vehicle_Manoeuvre,Vehicle_Location-Restricted_Lane,Junction_Location,Skidding_and_Overturning,Hit_Object_in_Carriageway,Vehicle_Leaving_Carriageway,Hit_Object_off_Carriageway,1st_Point_of_Impact,Was_Vehicle_Left_Hand_Drive?,Journey_Purpose_of_Driver,Sex_of_Driver,Age_of_Driver,Age_Band_of_Driver,Engine_Capacity_(CC),Propulsion_Code,Age_of_Vehicle,Driver_IMD_Decile,Driver_Home_Area_Type,Vehicle_IMD_Decile
201563AC35615,3,19,0,18,0,0,0,0,0,0,0,1,1,1,17,4,-1,-1,-1,-1,1,-1
201563AC35715,1,9,0,18,0,0,5,0,0,0,2,1,6,2,66,10,-1,-1,-1,-1,2,-1
201563AC35715,2,9,0,2,9,0,0,0,0,0,2,1,6,3,-1,-1,-1,-1,-1,-1,-1,-1
201563AC35715,3,9,0,18,0,0,0,0,0,0,1,1,6,2,71,10,-1,-1,-1,-1,2,-1
201563AC35715,4,9,0,2,0,0,0,0,0,0,2,1,6,3,-1,-1,-1,-1,-1,-1,-1,-1
201563AC35815,1,19,0,18,0,1,0,0,0,0,3,1,6,3,-1,-1,-1,-1,-1,-1,-1,-1
201563AC35815,2,4,0,18,0,1,1,0,4,6,1,1,6,2,43,7,-1,-1,-1,-1,1,-1
201563AC35915,1,9,0,7,0,1,0,4,0,0,1,1,6,1,17,4,-1,-1,-1,-1,3,-1
201563AC35915,2,9,0,8,0,1,0,0,0,0,2,1,6,2,60,9,-1,-1,-1,-1,1,-1
201563AC36015,1,9,0,5,0,2,0,0,0,0,1,1,6,2,20,4,-1,-1,-1,-1,1,-1
201563AC36015,2,9,0,18,0,3,0,0,0,0,4,1,6,1,70,10,-1,-1,-1,-1,-1,-1
201563AC36215,1,3,0,18,0,1,1,0,0,0,1,1,6,1,25,5,-1,-1,-1,-1,1,-1
201563AC36215,2,9,0,7,0,1,0,0,0,0,4,1,6,1,18,4,-1,-1,-1,-1,3,-1
201563AC36315,1,9,0,18,0,0,0,4,0,0,1,1,6,2,35,6,-1,-1,-1,-1,1,-1
201563AC36315,2,19,0,2,0,0,0,0,0,0,2,1,6,1,47,8,-1,-1,-1,-1,3,-1
201563AC36415,1,9,0,4,0,4,0,4,0,0,2,1,6,2,69,10,-1,-1,-1,-1,1,-1
201563AC36415,2,9,0,3,0,4,0,0,0,0,1,1,6,1,27,6,-1,-1,-1,-1,1,-1
201563AC36515,1,9,0,18,0,8,1,0,0,0,4,1,1,1,36,7,-1,-1,-1,-1,1,-1
201563AC36515,2,19,0,18,0,8,0,0,0,0,1,1,6,1,65,9,-1,-1,-1,-1,2,-1
201563AC36615,1,9,0,18,0,0,0,0,0,0,1,1,6,1,72,10,-1,-1,-1,-1,2,-1
201563AC36615,2,9,0,18,0,0,1,0,0,0,1,1,1,1,54,8,-1,-1,-1,-1,2,-1
201563AC36715,1,9,0,10,0,1,0,0,0,0,4,1,6,1,22,5,-1,-1,-1,-1,3,-1
201563AC36715,2,9,0,18,0,8,0,0,0,0,4,1,6,1,18,4,-1,-1,-1,-1,2,-1
201563AC36815,1,9,0,18,0,0,0,0,0,0,0,1,6,3,-1,-1,-1,-1,-1,-1,-1,-1
201563AC36915,1,9,0,17,0,0,1,0,7,0,1,1,6,1,25,5,-1,-1,-1,-1,3,-1
201563AC37015,1,9,0,18,0,8,0,0,0,0,1,1,1,1,27,6,-1,-1,-1,-1,1,-1
201563AC37015,2,1,0,18,0,1,0,0,0,0,3,1,6,1,13,3,-1,-1,-1,-1,1,-1
201563AC37115,1,20,0,18,0,0,1,0,2,10,1,1,1,1,31,6,-1,-1,-1,-1,1,-1
201563AC37115,2,19,0,18,0,0,0,0,0,0,1,1,1,1,33,6,-1,-1,-1,-1,2,-1
201563AC37215,1,9,0,16,0,0,0,0,7,10,1,1,6,1,42,7,-1,-1,-1,-1,3,-1
201563AC37315,1,9,0,18,0,0,0,0,0,0,2,1,6,2,23,5,-1,-1,-1,-1,2,-1
201563AC37315,2,9,0,18,0,0,0,0,0,0,1,1,6,1,56,9,-1,-1,-1,-1,1,-1
201563AC37415,1,9,0,18,0,0,0,0,0,0,1,1,6,2,51,8,-1,-1,-1,-1,3,-1
201563AC37515,1,9,0,18,0,1,0,0,0,0,1,1,1,2,23,5,-1,-1,-1,-1,2,-1
201563AC37515,2,9,0,18,0,1,1,0,0,0,3,1,1,1,18,4,-1,-1,-1,-1,3,-1
201563AC37615,1,9,0,9,0,8,0,0,0,0,1,1,6,2,40,7,-1,-1,-1,-1,2,-1
201563AC37615,2,19,0,18,0,1,0,0,0,0,1,1,1,2,68,10,-1,-1,-1,-1,3,-1
201563AC37715,1,9,0,9,0,3,0,0,0,0,1,1,6,1,26,6,-1,-1,-1,-1,1,-1
201563AC37815,1,19,0,18,0,6,0,0,0,0,0,1,6,3,-1,-1,-1,-1,-1,-1,-1,-1
201563AC37815,2,10,0,3,0,1,0,0,0,0,0,1,6,1,29,6,-1,-1,-1,-1,1,-1
201563AC37915,1,9,0,18,0,0,0,0,0,0,1,1,6,1,79,11,-1,-1,-1,-1,1,-1
201563AC38015,1,9,0,18,0,1,0,0,0,0,1,1,1,2,42,7,-1,-1,-1,-1,1,-1
201563AC38015,2,9,0,18,0,1,0,0,0,0,1,1,2,2,53,8,-1,-1,-1,-1,1,-1
201563AC38015,3,9,0,18,0,1,0,0,0,0,2,1,1,1,53,8,-1,-1,-1,-1,3,-1
201563AC38015,4,9,0,10,0,5,0,0,0,0,0,1,1,1,41,7,-1,-1,-1,-1,1,-1
201563AC38115,1,9,0,18,0,0,2,0,0,0,1,1,2,1,27,6,-1,-1,-1,-1,3,-1
201563AC38215,1,9,0,18,0,1,1,0,0,0,1,1,1,1,27,6,-1,-1,-1,-1,2,-1
201563AC38215,2,9,0,18,0,1,0,0,0,0,1,1,6,2,52,8,-1,-1,-1,-1,1,-1
201563AC38315,1,9,0,18,0,0,0,0,0,0,1,1,1,2,38,7,-1,-1,-1,-1,3,-1
201563AC38415,1,9,0,17,0,0,1,0,7,9,2,1,6,2,53,8,-1,-1,-1,-1,3,-1
201563AC38515,1,9,0,16,0,0,0,0,0,0,1,1,6,2,22,5,-1,-1,-1,-1,1,-1
201563AC38515,2,9,0,17,0,0,0,0,0,0,1,1,6,1,58,9,-1,-1,-1,-1,3,-1
201563AC38615,1,9,0,18,0,0,0,10,0,0,1,1,6,2,82,11,-1,-1,-1,-1,2,-1
201563AC38615,2,9,0,4,0,0,0,0,0,0,3,1,1,1,50,8,-1,-1,-1,-1,3,-1
201563AC38715,1,9,0,18,0,0,0,0,1,4,0,1,6,1,58,9,-1,-1,-1,-1,3,-1
201563AC38815,1,9,0,9,0,2,0,0,0,0,1,1,1,2,52,8,-1,-1,-1,-1,3,-1
201563AC38815,2,21,0,18,0,8,0,0,0,0,3,1,1,2,20,4,-1,-1,-1,-1,3,-1
201563AC38915,1,3,0,18,0,0,1,0,0,0,0,1,6,1,19,4,-1,-1,-1,-1,2,-1
201563AC39015,1,9,0,18,0,0,1,0,0,0,1,1,6,2,29,6,-1,-1,-1,-1,3,-1
201563AC39015,2,9,0,18,0,0,0,0,0,0,4,1,6,1,71,10,-1,-1,-1,-1,1,-1
201563AC39115,1,9,0,18,0,0,2,0,8,4,1,1,2,2,55,8,-1,-1,-1,-1,3,-1
201563AC39215,1,5,0,17,0,0,0,7,1,7,3,1,6,1,68,10,-1,-1,-1,-1,-1,-1
201563AC39315,1,9,0,13,0,0,0,0,0,0,1,1,6,1,39,7,-1,-1,-1,-1,2,-1
201563AC39315,2,9,0,18,0,0,0,0,1,0,1,1,6,1,51,8,-1,-1,-1,-1,3,-1
201563AC39315,3,9,0,18,0,0,0,0,0,0,1,1,6,1,47,8,-1,-1,-1,-1,3,-1
201563AC39415,1,9,0,18,0,0,0,0,1,0,4,1,2,2,24,5,-1,-1,-1,-1,2,-1
201563AC39515,1,9,0,18,0,1,0,0,0,0,1,1,2,2,39,7,-1,-1,-1,-1,2,-1
201563AC39515,2,9,0,3,0,1,0,0,0,0,2,1,6,1,65,9,-1,-1,-1,-1,1,-1
201563AC39515,3,9,0,10,0,5,0,0,0,0,2,1,6,2,40,7,-1,-1,-1,-1,1,-1
201563AC39615,1,9,0,7,0,1,1,0,3,10,4,1,1,2,36,7,-1,-1,-1,-1,1,-1
201563AC39715,1,9,0,18,0,0,5,0,8,4,1,1,6,1,63,9,-1,-1,-1,-1,3,-1
201563AC39715,2,21,5,18,0,0,0,0,0,0,0,1,1,1,60,9,-1,-1,-1,-1,1,-1
201563AC39715,3,9,0,18,0,0,0,0,0,0,0,1,1,2,44,7,-1,-1,-1,-1,2,-1
201563AC39815,1,9,0,18,0,5,0,0,0,0,1,1,6,2,58,9,-1,-1,-1,-1,1,-1
201563AC39815,2,3,0,18,0,1,0,0,0,0,1,1,6,2,17,4,-1,-1,-1,-1,1,-1
201563AC39815,3,9,0,2,0,1,0,0,0,0,1,1,6,3,-1,-1,-1,-1,-1,-1,-1,-1
201563AC39915,1,9,0,4,0,4,0,9,0,0,3,1,2,2,27,6,-1,-1,-1,-1,1,-1
201563AC39915,2,9,0,4,0,4,0,0,0,0,2,1,2,1,48,8,-1,-1,-1,-1,3,-1
201563AC40015,1,9,0,18,0,0,0,0,0,0,2,1,3,2,34,6,-1,-1,-1,-1,3,-1
201563AC40015,2,9,0,2,0,0,0,0,0,0,2,1,3,2,40,7,-1,-1,-1,-1,1,-1
201563AC40115,1,9,0,18,0,0,5,0,0,0,1,1,6,1,22,5,-1,-1,-1,-1,3,-1
201563AC40115,2,9,0,18,0,0,0,0,0,0,3,1,6,1,27,6,-1,-1,-1,-1,3,-1
201563AC40115,3,9,0,4,0,0,0,0,0,0,0,1,6,3,-1,-1,-1,-1,-1,-1,-1,-1
201563AC40215,1,9,0,6,0,8,0,0,0,0,3,1,2,2,51,8,-1,-1,-1,-1,3,-1
201563AC40215,2,19,0,18,0,8,0,0,0,0,1,1,1,1,36,7,-1,-1,-1,-1,1,-1
201563AC40315,1,9,0,18,0,0,0,0,0,0,1,1,6,2,40,7,-1,-1,-1,-1,3,-1
201563AC40315,2,9,0,18,0,0,0,0,0,2,2,1,1,2,23,5,-1,-1,-1,-1,-1,-1
201563AC40415,1,9,0,16,0,0,2,0,1,9,1,1,1,1,28,6,-1,-1,-1,-1,3,-1
201563AC40515,1,9,0,18,0,0,1,0,0,0,1,1,6,1,55,8,-1,-1,-1,-1,1,-1
201563AC40515,2,9,0,18,0,0,0,0,0,0,2,1,6,1,50,8,-1,-1,-1,-1,1,-1
201563AC40515,3,17,0,18,0,0,0,0,0,0,0,1,6,3,-1,-1,-1,-1,-1,-1,-1,-1
201563AC40615,1,21,0,18,0,1,0,0,0,0,1,1,1,1,31,6,-1,-1,-1,-1,1,-1
201563AC40615,2,9,0,18,0,1,0,0,0,0,2,1,6,1,62,9,-1,-1,-1,-1,3,-1
201563AC40715,1,9,0,16,0,0,2,0,7,0,1,1,2,2,22,5,-1,-1,-1,-1,3,-1
201563AC40815,1,9,0,18,0,0,0,0,7,9,1,1,6,1,72,10,-1,-1,-1,-1,3,-1
201563AC40915,1,9,0,5,0,1,0,0,0,0,1,1,6,2,69,10,-1,-1,-1,-1,1,-1
201563AC40915,2,9,0,18,0,1,1,0,0,0,1,1,6,2,21,5,-1,-1,-1,-1,3,-1
201563AC40915,3,9,0,18,0,1,0,0,0,0,0,1,6,3,-1,-1,-1,-1,-1,-1,-1,-1
201563AC41015,1,9,0,7,0,1,0,0,0,0,2,1,6,3,-1,-1,-1,-1,-1,-1,-1,-1
201563AC41015,2,1,0,18,0,1,0,0,0,0,1,1,3,1,14,3,-1,-1,-1,-1,1,-1
201563AC41115,1,3,0,18,0,1,1,0,0,0,0,1,6,1,27,6,-1,-1,-1,-1,1,-1
201563AC41115,2,9,0,5,0,1,0,0,0,0,0,1,6,3,-1,-1,-1,-1,-1,-1,-1,-1
201563AC41215,1,9,0,18,0,3,0,0,1,0,1,1,6,1,88,11,-1,-1,-1,-1,3,-1
201563AC41215,2,1,0,18,0,3,0,0,0,0,3,1,6,1,46,8,-1,-1,-1,-1,1,-1
201563AC41315,1,9,0,8,0,1,0,0,0,0,2,1,1,2,18,4,-1,-1,-1,-1,3,-1
201563AC41315,2,9,0,3,0,1,0,0,0,0,1,1,3,1,17,4,-1,-1,-1,-1,1,-1
201563AC41415,1,19,0,18,0,1,0,0,0,0,1,1,6,3,-1,-1,-1,-1,-1,-1,-1,-1
201563AC41515,1,9,0,18,0,0,2,0,0,0,1,1,1,1,55,8,-1,-1,-1,-1,3,-1
201563AC41615,1,9,0,18,0,0,0,0,0,0,1,1,6,1,52,8,-1,-1,-1,-1,1,-1
201563AC41615,2,9,0,18,0,0,0,0,0,0,2,1,6,1,69,10,-1,-1,-1,-1,3,-1
201563AC41615,3,9,0,18,0,0,0,0,0,0,2,1,1,1,25,5,-1,-1,-1,-1,2,-1
201563AC41615,4,9,0,18,0,0,0,0,0,0,0,1,6,3,-1,-1,-1,-1,-1,-1,-1,-1
201563AC41715,1,9,0,18,0,1,0,0,0,0,1,1,2,2,21,5,-1,-1,-1,-1,2,-1
201563AC41715,2,9,0,3,0,1,0,0,0,0,2,1,6,1,58,9,-1,-1,-1,-1,2,-1
201563AC41715,3,9,0,9,0,5,0,0,0,0,0,1,6,3,-1,-1,-1,-1,-1,-1,-1,-1
201563AC41815,1,9,0,18,0,0,0,0,8,3,1,1,6,1,55,8,-1,-1,-1,-1,3,-1
201563AC41915,1,9,0,9,0,6,5,0,1,10,1,1,6,1,79,11,-1,-1,-1,-1,1,-1
201563AC41915,2,9,0,18,0,1,0,0,0,0,0,1,6,3,-1,-1,-1,-1,-1,-1,-1,-1
201563AC42015,1,9,0,17,0,0,5,0,1,10,4,1,6,1,21,5,-1,-1,-1,-1,3,-1
201563AC42115,1,19,0,18,0,0,0,0,0,0,1,1,3,1,25,5,-1,-1,-1,-1,3,-1
201563AC42115,2,9,0,16,0,0,0,0,0,0,1,1,6,2,26,6,-1,-1,-1,-1,3,-1
201563AC42215,1,9,0,18,0,0,1,0,7,10,1,1,6,1,28,6,-1,-1,-1,-1,2,-1
201563AC42315,1,21,1,18,0,0,0,0,0,0,3,1,6,3,-1,-1,-1,-1,-1,-1,-1,-1
201563AC42315,2,9,0,18,0,0,0,0,0,0,3,1,1,1,65,9,-1,-1,-1,-1,3,-1
201563AC42415,1,9,0,18,0,0,1,0,0,0,1,1,6,2,42,7,-1,-1,-1,-1,2,-1
201563AC42515,1,9,0,18,0,1,0,0,0,0,4,1,6,3,-1,-1,-1,-1,-1,-1,-1,-1
201563AC42615,1,9,0,4,0,1,0,0,7,1,1,1,6,2,47,8,-1,-1,-1,-1,1,-1
201563AC42715,1,9,0,18,0,0,0,0,2,4,1,1,1,1,24,5,-1,-1,-1,-1,1,-1
201563AC42815,1,19,0,18,0,0,0,0,0,0,0,1,6,3,-1,-1,-1,-1,-1,-1,-1,-1
201563AC42815,2,9,0,3,0,0,0,0,0,0,0,1,6,1,50,8,-1,-1,-1,-1,3,-1
201563AC42915,1,9,0,18,6,1,0,0,0,0,1,1,6,3,-1,-1,-1,-1,-1,-1,-1,-1
201563AC43015,1,9,0,3,0,0,0,0,0,0,1,1,6,2,77,11,-1,-1,-1,-1,3,-1
201563AC43015,2,9,0,3,0,0,0,0,0,0,2,1,6,1,40,7,-1,-1,-1,-1,3,-1
201563AC43115,1,9,0,2,0,0,0,0,0,0,2,1,6,3,-1,-1,-1,-1,-1,-1,-1,-1
201563AC43115,2,9,0,2,0,0,0,10,0,0,2,1,6,3,-1,-1,-1,-1,-1,-1,-1,-1
201563AC43115,3,19,0,18,0,0,0,4,0,0,1,1,6,1,40,7,-1,-1,-1,-1,2,-1
201563AC43215,1,9,0,18,0,1,0,0,0,0,1,1,1,2,21,5,-1,-1,-1,-1,1,-1
201563AC43215,2,9,0,3,0,1,0,0,0,0,2,1,6,1,30,6,-1,-1,-1,-1,1,-1
201563AC43315,1,9,0,4,0,1,0,0,0,0,1,1,6,1,18,4,-1,-1,-1,-1,1,-1
201563AC43315,2,9,0,18,0,1,0,0,0,0,2,1,6,2,20,4,-1,-1,-1,-1,2,-1
201563AC43415,1,9,0,5,0,0,0,0,0,0,1,1,6,2,18,4,-1,-1,-1,-1,1,-1
201563AC43515,1,9,0,18,0,0,0,0,0,0,1,1,6,1,53,8,-1,-1,-1,-1,3,-1
201563AC43515,2,9,0,18,0,0,0,0,0,0,1,1,6,1,50,8,-1,-1,-1,-1,3,-1
201563AC43515,3,9,0,18,0,0,0,0,0,0,1,1,2,2,32,6,-1,-1,-1,-1,1,-1
201563AC43615,1,9,0,18,0,1,0,0,0,0,1,1,6,2,57,9,-1,-1,-1,-1,3,-1
201563AC43615,2,9,0,18,0,1,0,0,0,0,2,1,6,2,43,7,-1,-1,-1,-1,1,-1
201563AC43715,1,9,0,18,0,8,0,0,0,0,3,1,6,2,63,9,-1,-1,-1,-1,3,-1
201563AC43715,2,19,0,11,0,4,0,0,0,0,4,1,2,1,45,7,-1,-1,-1,-1,1,-1
201563AC43815,1,9,0,18,0,0,0,0,0,0,1,1,6,2,18,4,-1,-1,-1,-1,1,-1
201563AC43815,2,11,0,4,0,0,0,0,0,0,0,1,6,3,-1,-1,-1,-1,-1,-1,-1,-1
201563AC43915,1,9,0,8,0,4,0,0,0,0,3,1,2,1,38,7,-1,-1,-1,-1,1,-1
201563AC43915,2,9,0,4,0,1,0,0,0,0,1,1,6,3,-1,-1,-1,-1,-1,-1,-1,-1
201563AC44015,1,9,0,18,0,0,0,0,0,0,4,1,6,3,-1,-1,-1,-1,-1,-1,-1,-1
201563AC44115,1,9,0,9,0,6,0,0,0,0,0,1,6,2,20,4,-1,-1,-1,-1,3,-1
201563AC44115,2,9,0,18,0,1,0,0,0,0,0,1,1,2,34,6,-1,-1,-1,-1,1,-1
201563AC44215,1,9,0,6,0,1,1,0,0,0,3,1,6,1,33,6,-1,-1,-1,-1,1,-1
201563AC44215,2,9,0,18,0,1,0,0,0,0,4,1,6,1,41,7,-1,-1,-1,-1,3,-1
201563AC44315,1,9,0,17,0,0,1,0,8,10,4,1,6,1,59,9,-1,-1,-1,-1,3,-1
201563AC44415,1,9,0,18,0,0,0,0,0,0,4,1,6,1,29,6,-1,-1,-1,-1,3,-1
201563AC44515,1,21,1,18,0,0,0,0,0,0,1,1,1,1,51,8,-1,-1,-1,-1,1,-1
201563AC44515,2,20,0,18,0,0,0,0,0,0,4,1,1,2,42,7,-1,-1,-1,-1,3,-1
201563BC00115,1,9,0,18,0,2,0,0,0,0,1,1,2,2,22,5,-1,-1,-1,-1,1,-1
201563BC00215,1,9,0,18,0,1,1,0,0,0,1,1,2,1,16,4,-1,-1,-1,-1,3,-1
201563BC00215,2,9,0,10,0,1,0,0,0,0,2,1,2,2,55,8,-1,-1,-1,-1,1,-1
201563BC00215,3,9,0,18,0,1,0,0,0,0,0,1,6,2,43,7,-1,-1,-1,-1,3,-1
201563BC00215,4,9,0,4,0,1,0,0,0,0,0,1,2,2,29,6,-1,-1,-1,-1,3,-1
201563BC00315,1,9,0,16,0,0,0,0,1,4,1,1,6,1,50,8,-1,-1,-1,-1,1,-1
201563BC00415,1,9,0,18,0,0,0,0,0,0,1,1,1,1,23,5,-1,-1,-1,-1,2,-1
201563BC00415,2,8,0,18,0,0,0,0,0,0,2,1,1,1,63,9,-1,-1,-1,-1,-1,-1
201563BC00415,3,19,0,18,0,0,0,0,0,0,2,1,1,1,-1,-1,-1,-1,-1,-1,-1,-1
201563BC00515,1,9,0,18,0,0,1,0,0,0,1,1,6,2,70,10,-1,-1,-1,-1,3,-1
201563BC00515,2,9,0,18,0,0,1,0,0,0,1,1,6,2,21,5,-1,-1,-1,-1,3,-1
201563BC00615,1,9,0,18,0,6,0,0,0,0,3,1,6,3,-1,-1,-1,-1,-1,-1,-1,-1
201563BC00615,2,16,0,18,0,1,0,0,0,0,3,1,6,2,20,4,-1,-1,-1,-1,1,-1
201563BC00715,1,9,0,18,0,0,0,0,0,0,1,1,6,1,68,10,-1,-1,-1,-1,-1,-1
201563BC00715,2,9,0,2,0,0,0,0,0,0,0,1,6,3,-1,-1,-1,-1,-1,-1,-1,-1
201563BC00715,3,9,0,2,0,0,0,0,0,0,0,1,6,3,-1,-1,-1,-1,-1,-1,-1,-1
201563BC00815,1,19,0,17,0,0,5,0,1,0,1,1,1,1,34,6,-1,-1,-1,-1,1,-1
201563BC00915,1,9,0,18,0,0,0,0,0,0,1,1,2,1,19,4,-1,-1,-1,-1,3,-1
201563BC01015,1,9,0,9,0,5,0,0,0,0,1,1,2,2,63,9,-1,-1,-1,-1,3,-1
201563BC01015,2,9,0,18,0,1,0,0,0,0,1,1,2,2,58,9,-1,-1,-1,-1,2,-1
201563BC01115,1,5,0,16,0,0,0,0,0,0,1,1,6,1,64,9,-1,-1,-1,-1,3,-1
201563BC01215,1,5,0,18,0,0,1,0,0,0,0,1,6,1,69,10,-1,-1,-1,-1,3,-1
201563BC01315,1,11,0,13,0,1,0,0,0,0,4,1,1,1,53,8,-1,-1,-1,-1,3,-1
201563BC01315,2,21,1,9,0,5,0,0,0,0,3,1,1,1,53,8,-1,-1,-1,-1,2,-1
201563BC01415,1,9,0,16,0,0,0,0,1,0,4,1,6,1,21,5,-1,-1,-1,-1,3,-1
201563BC01515,1,9,0,9,0,5,0,0,0,0,1,1,1,1,37,7,-1,-1,-1,-1,-1,-1
201563BC01515,2,9,0,18,0,1,0,0,0,0,3,1,6,2,41,7,-1,-1,-1,-1,3,-1
201563BC01615,1,9,0,18,0,0,0,0,0,0,1,1,2,1,23,5,-1,-1,-1,-1,1,-1
201563BC01615,2,9,0,4,0,0,0,0,0,0,2,1,2,2,21,5,-1,-1,-1,-1,3,-1
201563BC01615,3,21,0,3,0,0,0,0,0,0,2,1,1,1,58,9,-1,-1,-1,-1,1,-1
201563BC01615,4,21,0,18,0,0,0,0,0,0,0,1,6,3,-1,-1,-1,-1,-1,-1,-1,-1
201563BC01715,1,9,0,18,0,0,1,0,0,0,1,1,1,2,37,7,-1,-1,-1,-1,3,-1
201563BC01715,2,21,1,1,0,0,0,0,0,0,2,1,1,1,49,8,-1,-1,-1,-1,3,-1
201563BC01815,1,9,0,14,0,1,1,0,0,0,1,1,1,1,68,10,-1,-1,-1,-1,3,-1
201563BC01815,2,9,0,9,0,1,1,0,0,0,3,1,1,1,49,8,-1,-1,-1,-1,3,-1
201563BC01915,1,19,0,9,0,8,0,0,0,0,1,1,1,1,29,6,-1,-1,-1,-1,3,-1
201563BC01915,2,1,0,18,0,1,0,0,0,0,1,1,6,2,30,6,-1,-1,-1,-1,3,-1
201563BC01915,3,9,0,9,0,5,0,0,0,0,0,1,6,3,-1,-1,-1,-1,-1,-1,-1,-1
201563BC02015,1,9,0,14,0,0,0,0,1,10,1,1,6,2,21,5,-1,-1,-1,-1,3,-1
201563BC02015,2,21,1,18,0,0,0,0,0,0,1,1,1,1,54,8,-1,-1,-1,-1,1,-1
201563BC02015,3,9,0,18,0,0,0,0,0,0,0,1,6,3,-1,-1,-1,-1,-1,-1,-1,-1
201563BC02115,1,9,0,17,0,0,0,0,0,0,1,1,6,2,60,9,-1,-1,-1,-1,3,-1
201563BC02115,2,9,0,16,0,0,0,0,0,0,1,1,6,2,30,6,-1,-1,-1,-1,3,-1
201563BC02215,1,9,0,18,0,1,0,0,0,0,1,1,1,1,23,5,-1,-1,-1,-1,3,-1
201563BC02215,2,9,0,10,0,1,0,0,0,0,2,1,1,2,48,8,-1,-1,-1,-1,3,-1
201563BC02315,1,9,0,18,0,0,0,0,0,0,1,1,6,2,54,8,-1,-1,-1,-1,3,-1
201563BC02315,2,9,0,18,0,0,0,0,0,0,1,1,6,2,71,10,-1,-1,-1,-1,3,-1
201563BC02415,1,9,0,17,0,0,1,0,0,0,1,1,6,1,72,10,-1,-1,-1,-1,3,-1
201563BC02515,1,9,0,7,0,6,0,0,0,0,4,1,6,2,19,4,-1,-1,-1,-1,1,-1
201563BC02515,2,9,0,18,0,1,0,0,0,0,4,1,1,1,68,10,-1,-1,-1,-1,3,-1
201563BC02615,1,9,0,9,0,2,0,0,0,0,1,1,6,1,64,9,-1,-1,-1,-1,3,-1
201563BC02715,1,9,0,9,0,0,1,10,1,9,2,1,6,1,23,5,-1,-1,-1,-1,1,-1
201563BC02815,1,9,0,16,0,0,0,0,0,0,1,1,6,2,80,11,-1,-1,-1,-1,2,-1
201563BC02815,2,9,0,17,0,0,0,0,1,0,1,1,6,1,67,10,-1,-1,-1,-1,3,-1
201563BC02815,3,9,0,16,0,0,0,0,0,0,0,1,1,3,60,9,-1,-1,-1,-1,3,-1
201563BC02915,1,9,0,18,0,0,1,0,0,0,1,1,6,1,31,6,-1,-1,-1,-1,3,-1
201563BC02915,2,9,0,18,0,0,0,0,0,0,1,1,1,1,54,8,-1,-1,-1,-1,2,-1
201563BC02915,3,9,0,18,0,0,0,0,0,0,0,1,6,3,-1,-1,-1,-1,-1,-1,-1,-1
201563BC02915,4,9,0,18,0,0,0,0,0,0,0,1,6,3,-1,-1,-1,-1,-1,-1,-1,-1
201563BC03015,1,9,0,18,0,0,2,0,7,4,4,1,2,1,21,5,-1,-1,-1,-1,3,-1
201563BC03115,1,1,0,18,5,0,0,0,0,0,0,1,6,1,16,4,-1,-1,-1,-1,-1,-1
201563BC03215,1,9,0,7,0,6,0,0,0,0,1,1,2,2,34,6,-1,-1,-1,-1,3,-1
201563BC03215,2,9,0,18,0,1,0,0,0,0,1,1,6,2,29,6,-1,-1,-1,-1,3,-1
201563BC03315,1,9,0,9,0,6,0,0,0,0,3,1,1,1,22,5,-1,-1,-1,-1,3,-1
201563BC03315,2,9,0,18,0,1,0,0,0,0,1,1,2,1,35,6,-1,-1,-1,-1,3,-1
201563BC03415,1,21,0,18,0,0,5,0,1,4,4,1,1,1,42,7,-1,-1,-1,-1,1,-1
201563BC03515,1,9,0,18,0,0,0,0,0,0,0,1,6,1,23,5,-1,-1,-1,-1,3,-1
201563BC03515,2,9,0,14,0,0,1,0,7,10,1,1,6,1,48,8,-1,-1,-1,-1,3,-1
201563BC03715,1,9,0,18,0,0,0,0,0,0,3,1,1,1,47,8,-1,-1,-1,-1,3,-1
201563BC03715,2,1,0,18,0,0,0,0,0,0,1,1,6,2,21,5,-1,-1,-1,-1,1,-1
201563BC03715,3,19,0,2,0,0,0,0,0,0,0,1,1,1,63,9,-1,-1,-1,-1,3,-1
201563BC03815,1,9,0,18,0,1,0,0,0,0,1,1,6,2,71,10,-1,-1,-1,-1,3,-1
201563BC03815,2,9,0,3,0,1,0,0,0,0,1,1,6,1,72,10,-1,-1,-1,-1,3,-1
201563BC03815,3,9,0,10,0,1,0,0,0,0,2,1,6,1,54,8,-1,-1,-1,-1,1,-1
201563BC03915,1,9,0,9,0,1,0,0,0,0,1,1,1,1,45,7,-1,-1,-1,-1,-1,-1
201563BC03915,2,9,0,18,0,1,0,0,0,0,1,1,6,1,26,6,-1,-1,-1,-1,3,-1
201563BC04015,1,9,0,9,0,5,0,0,0,0,1,1,6,1,43,7,-1,-1,-1,-1,-1,-1
201563BC04015,2,9,0,18,0,1,0,0,0,0,1,1,6,1,19,4,-1,-1,-1,-1,3,-1
201563BC04015,3,9,0,9,0,5,0,0,0,0,0,1,6,3,-1,-1,-1,-1,-1,-1,-1,-1
201563BC04115,1,19,0,4,0,8,0,0,0,0,1,1,2,1,34,6,-1,-1,-1,-1,3,-1
201563BC04215,1,9,0,18,0,1,0,0,0,0,1,1,6,2,24,5,-1,-1,-1,-1,3,-1
201563BC04215,2,1,0,18,0,1,0,0,0,0,1,1,6,2,38,7,-1,-1,-1,-1,1,-1
201563BC04315,1,9,0,16,0,0,0,0,0,0,4,1,3,2,40,7,-1,-1,-1,-1,3,-1
201563BC04315,2,17,4,9,8,0,0,0,0,0,4,1,1,1,20,4,-1,-1,-1,-1,3,-1
201563BC04415,1,5,0,5,0,0,1,0,0,0,0,1,6,2,28,6,-1,-1,-1,-1,3,-1
201563BC04515,1,19,0,18,0,0,0,0,0,0,0,1,6,3,-1,-1,-1,-1,-1,-1,-1,-1
201563BC04515,2,9,0,18,0,0,0,0,0,0,0,1,6,2,25,5,-1,-1,-1,-1,2,-1
201563BC04615,1,9,0,18,0,1,0,0,0,0,1,1,6,1,88,11,-1,-1,-1,-1,3,-1
201563BC04615,2,9,0,9,9,1,0,0,0,2,2,1,1,1,49,8,-1,-1,-1,-1,1,-1
201563BC04715,1,90,0,18,0,0,5,0,1,0,0,1,6,1,41,7,-1,-1,-1,-1,1,-1
201563BC04815,1,9,0,3,0,1,0,0,0,0,1,1,6,2,53,8,-1,-1,-1,-1,1,-1
201563BC04915,1,9,0,18,0,1,0,0,0,0,1,1,6,2,21,5,-1,-1,-1,-1,3,-1