Accident_Index,Vehicle_Reference,Vehicle_Type,Towing_and_Articulation,Vehicle_Manoeuvre,Vehicle_Location-Restricted_Lane,Junction_Location,Skidding_and_Overturning,Hit_Object_in_Carriageway,Vehicle_Leaving_Carriageway,Hit_Object_off_Carriageway,1st_Point_of_Impact,Was_Vehicle_Left_Hand_Drive?,Journey_Purpose_of_Driver,Sex_of_Driver,Age_of_Driver,Age_Band_of_Driver,Engine_Capacity_(CC),Propulsion_Code,Age_of_Vehicle,Driver_IMD_Decile,Driver_Home_Area_Type,Vehicle_IMD_Decile
201563DP29415,2,9,4,18,0,1,0,0,0,0,1,1,6,1,22,5,-1,-1,-1,-1,2,-1
201563DP29515,1,9,0,1,0,0,2,0,0,0,1,1,2,1,21,5,-1,-1,-1,-1,3,-1
201563DP29515,2,9,0,3,0,0,0,0,0,0,1,1,6,1,55,8,-1,-1,-1,-1,3,-1
201563DP29615,1,9,0,18,0,3,5,9,2,1,1,1,6,1,21,5,-1,-1,-1,-1,2,-1
201563DP29715,1,9,0,18,0,0,2,0,0,0,1,1,6,1,39,7,-1,-1,-1,-1,3,-1
201563DP29715,2,9,0,18,0,0,1,0,0,0,1,1,6,1,48,8,-1,-1,-1,-1,1,-1
201563DP29815,1,9,0,17,0,0,2,10,0,0,1,1,6,2,28,6,-1,-1,-1,-1,1,-1
201563DP29815,2,9,0,18,0,0,0,0,0,0,2,1,6,1,62,9,-1,-1,-1,-1,3,-1
201563DP29915,1,9,0,9,0,6,0,0,0,0,3,1,6,2,28,6,-1,-1,-1,-1,3,-1
201563DP29915,2,5,0,18,0,1,0,0,0,0,1,1,6,1,48,8,-1,-1,-1,-1,3,-1
201563DP30015,1,5,0,17,0,0,1,0,1,0,3,1,6,2,44,7,-1,-1,-1,-1,2,-1
201563DP30115,1,9,0,18,0,0,2,0,0,0,1,1,1,1,25,5,-1,-1,-1,-1,3,-1
201563DP30115,2,9,0,18,0,0,0,0,0,0,2,1,2,1,22,5,-1,-1,-1,-1,3,-1
201563DP30115,3,9,0,2,0,0,0,0,0,0,2,1,6,2,55,8,-1,-1,-1,-1,3,-1
201563DP30215,1,9,0,18,0,0,5,0,1,9,0,1,6,2,21,5,-1,-1,-1,-1,3,-1
201563DP30315,1,9,0,18,0,0,1,0,0,0,1,1,6,2,29,6,-1,-1,-1,-1,1,-1
201563DP30315,2,9,4,18,0,0,1,0,1,9,1,1,1,1,57,9,-1,-1,-1,-1,1,-1
201563DP30415,1,9,0,18,0,0,1,0,7,4,3,1,6,2,25,5,-1,-1,-1,-1,1,-1
201563DP30515,1,19,0,1,0,2,0,0,0,0,2,1,6,1,39,7,-1,-1,-1,-1,3,-1
201563DP30515,2,5,0,18,0,2,0,0,0,0,1,1,6,2,67,10,-1,-1,-1,-1,1,-1
201563DP30615,1,1,0,18,0,0,0,0,1,9,4,1,6,1,81,11,-1,-1,-1,-1,2,-1
201563DP30715,1,9,0,18,0,0,0,0,0,0,1,1,6,3,-1,-1,-1,-1,-1,-1,-1,-1
201563DP30715,2,1,0,18,0,0,0,0,0,0,1,1,6,1,23,5,-1,-1,-1,-1,-1,-1
201563DP30815,1,9,0,16,0,0,0,0,0,0,1,1,6,2,56,9,-1,-1,-1,-1,2,-1
201563DP30815,2,9,0,18,0,0,0,0,0,0,1,1,6,1,51,8,-1,-1,-1,-1,1,-1
201563DP30915,1,21,0,18,0,1,1,0,0,0,1,1,6,1,31,6,-1,-1,-1,-1,-1,-1
201563DP30915,2,9,0,18,0,1,0,0,0,0,2,1,6,1,32,6,-1,-1,-1,-1,1,-1
201563DP31015,1,19,0,17,0,0,0,0,0,0,4,1,6,1,31,6,-1,-1,-1,-1,3,-1
201563DP31115,1,9,0,18,0,1,1,0,0,0,1,1,6,1,54,8,-1,-1,-1,-1,2,-1
201563DP31115,2,9,0,18,0,1,0,0,0,0,2,1,6,2,43,7,-1,-1,-1,-1,3,-1
201563DP31115,3,9,0,18,0,1,0,0,0,0,2,1,1,1,48,8,-1,-1,-1,-1,1,-1
201563DP31115,4,21,0,3,0,1,0,0,0,0,0,1,6,3,-1,-1,-1,-1,-1,-1,-1,-1
201563DP31115,5,9,0,9,0,5,0,0,0,0,0,1,6,3,-1,-1,-1,-1,-1,-1,-1,-1
201563DP31215,1,9,0,18,0,0,0,0,7,9,1,1,6,1,22,5,-1,-1,-1,-1,2,-1
201563DP31315,1,9,0,17,0,1,1,12,8,10,3,1,3,2,40,7,-1,-1,-1,-1,3,-1
201563DP31415,1,9,0,9,0,1,0,0,0,0,1,1,6,2,36,7,-1,-1,-1,-1,3,-1
201563DP31415,2,9,0,18,0,1,0,0,0,0,1,1,6,1,28,6,-1,-1,-1,-1,3,-1
201563DP31515,1,17,4,4,0,1,0,0,0,0,2,1,1,1,26,6,-1,-1,-1,-1,3,-1
201563DP31515,2,9,0,18,0,1,0,0,0,0,1,1,6,2,43,7,-1,-1,-1,-1,1,-1
201563DP31615,1,19,0,18,0,0,0,0,0,0,1,1,6,1,51,8,-1,-1,-1,-1,2,-1
201563DP31615,2,1,0,18,0,0,1,0,0,0,1,1,6,1,37,7,-1,-1,-1,-1,1,-1
201563DP31715,1,9,0,9,0,2,0,0,0,0,1,1,6,1,75,10,-1,-1,-1,-1,1,-1
201563DP31715,2,21,0,18,0,1,0,0,0,0,1,1,1,2,63,9,-1,-1,-1,-1,1,-1
201563DP31815,1,17,4,18,0,0,4,0,0,0,3,1,1,1,76,11,-1,-1,-1,-1,3,-1
201563DP31915,1,9,0,5,0,1,0,0,0,0,1,1,6,1,45,7,-1,-1,-1,-1,3,-1
201563DP31915,2,9,0,3,0,2,0,0,0,0,2,1,6,1,52,8,-1,-1,-1,-1,1,-1
201563DP32015,1,9,0,18,0,8,0,0,0,0,1,1,6,2,56,9,-1,-1,-1,-1,2,-1
201563DP32015,2,9,0,18,0,8,0,0,0,0,2,1,6,2,24,5,-1,-1,-1,-1,3,-1
201563DP32115,1,9,0,17,0,0,0,0,0,0,1,1,6,1,80,11,-1,-1,-1,-1,1,-1
201563DP32115,2,9,0,16,0,0,0,0,1,0,1,1,6,1,81,11,-1,-1,-1,-1,2,-1
201563DP32215,1,21,0,9,0,8,0,0,0,0,2,1,1,1,51,8,-1,-1,-1,-1,1,-1
201563DP32215,2,21,1,18,0,8,1,0,0,0,1,1,1,1,45,7,-1,-1,-1,-1,1,-1
201563DP32315,1,9,0,18,0,0,0,0,0,0,1,1,6,1,77,11,-1,-1,-1,-1,3,-1
201563DP32315,2,9,0,18,0,0,0,0,0,0,2,1,3,1,34,6,-1,-1,-1,-1,3,-1
201563DP32315,3,9,0,2,0,0,0,0,0,0,0,1,6,3,-1,-1,-1,-1,-1,-1,-1,-1
201563DP32415,1,5,0,13,0,0,1,0,0,0,1,1,6,1,57,9,-1,-1,-1,-1,1,-1
201563DP32415,2,9,0,16,0,0,0,0,0,0,1,1,6,2,56,9,-1,-1,-1,-1,3,-1
201563DP32515,1,5,0,16,0,0,0,0,0,0,3,1,6,1,50,8,-1,-1,-1,-1,1,-1
201563DP32515,2,9,0,17,0,0,0,0,0,0,3,1,6,2,62,9,-1,-1,-1,-1,2,-1
201563DP32615,1,9,0,3,0,1,0,0,0,0,1,1,6,1,65,9,-1,-1,-1,-1,3,-1
201563DP32715,1,9,0,18,0,0,0,0,0,0,1,1,6,1,55,8,-1,-1,-1,-1,1,-1
201563DP32715,2,9,0,18,0,0,0,0,0,0,1,1,6,1,58,9,-1,-1,-1,-1,3,-1
201563DP32815,1,9,0,9,0,5,0,0,0,0,3,1,6,1,64,9,-1,-1,-1,-1,2,-1
201563DP32815,2,5,0,13,0,1,1,0,0,0,1,1,6,1,22,5,-1,-1,-1,-1,3,-1
201563DP32915,1,9,0,18,0,1,1,10,2,7,1,1,6,1,83,11,-1,-1,-1,-1,3,-1
201563DP32915,2,21,1,18,0,1,0,0,0,0,3,1,1,1,51,8,-1,-1,-1,-1,3,-1
201563DP33015,1,21,1,16,0,0,2,0,7,4,3,1,1,1,33,6,-1,-1,-1,-1,3,-1
201563DP33115,1,9,0,18,0,0,1,0,1,4,1,1,6,2,20,4,-1,-1,-1,-1,1,-1
201563DP33215,1,19,0,18,0,0,0,0,0,0,3,1,6,1,49,8,-1,-1,-1,-1,3,-1
201563DP33215,2,9,0,17,0,0,0,0,2,10,1,1,6,1,21,5,-1,-1,-1,-1,3,-1
201563DP33315,1,9,0,18,0,0,0,0,0,0,1,1,6,3,-1,-1,-1,-1,-1,-1,-1,-1
201563DP33415,1,9,0,18,0,0,2,0,0,0,4,1,6,1,21,5,-1,-1,-1,-1,1,-1
201563DP33515,1,9,0,18,0,8,0,0,1,10,4,1,6,2,81,11,-1,-1,-1,-1,3,-1
201563DP33515,2,9,0,18,0,8,0,0,0,0,3,1,6,1,64,9,-1,-1,-1,-1,3,-1
201563DP33715,1,9,0,18,0,0,1,0,1,10,1,1,1,2,25,5,-1,-1,-1,-1,1,-1
201563DP33815,1,9,0,9,0,1,0,0,0,0,1,1,6,2,21,5,-1,-1,-1,-1,2,-1
201563DP33815,2,9,0,18,0,1,1,0,1,0,1,1,6,2,57,9,-1,-1,-1,-1,2,-1
201563DP33915,1,9,0,16,0,0,5,0,1,3,3,1,2,1,20,4,-1,-1,-1,-1,3,-1
201563DP34015,1,3,0,16,0,0,0,0,0,0,0,1,2,1,40,7,-1,-1,-1,-1,3,-1
201563DP34115,1,9,0,18,0,1,0,0,0,0,1,1,6,1,59,9,-1,-1,-1,-1,1,-1
201563DP34115,2,9,0,9,0,5,0,0,0,0,2,1,6,2,71,10,-1,-1,-1,-1,3,-1
201563DP34215,1,4,0,17,0,0,0,0,0,0,1,1,6,1,45,7,-1,-1,-1,-1,1,-1
201563DP34315,1,9,0,16,0,0,1,0,7,4,1,1,6,1,55,8,-1,-1,-1,-1,3,-1
201563DP34315,2,9,0,18,0,0,0,0,0,0,1,1,6,2,41,7,-1,-1,-1,-1,2,-1
201563DP34415,1,9,0,14,0,6,0,0,0,0,1,1,6,1,68,10,-1,-1,-1,-1,3,-1
201563DP34415,2,9,0,18,0,1,0,0,0,0,1,1,2,2,60,9,-1,-1,-1,-1,1,-1
201563DP34415,3,9,0,2,0,1,0,0,0,0,0,1,6,2,36,7,-1,-1,-1,-1,1,-1
201563DP34515,1,5,0,14,0,8,1,0,0,0,3,1,6,1,45,7,-1,-1,-1,-1,1,-1
201563DP34515,2,9,0,4,0,1,0,0,0,0,3,1,6,2,47,8,-1,-1,-1,-1,3,-1
201563DP34615,1,9,0,18,0,0,0,0,0,0,1,1,6,1,71,10,-1,-1,-1,-1,3,-1
201563DP34615,2,9,0,2,0,0,0,0,0,0,2,1,2,1,71,10,-1,-1,-1,-1,3,-1
201563DP34715,1,9,0,13,0,8,5,0,7,10,1,1,6,1,72,10,-1,-1,-1,-1,3,-1
201563DP34715,2,9,0,9,0,8,0,0,0,0,0,1,1,1,53,8,-1,-1,-1,-1,3,-1
201563DP34815,1,9,0,18,0,5,0,0,0,0,1,1,6,2,51,8,-1,-1,-1,-1,3,-1
201563DP34815,2,9,0,2,0,1,0,0,0,0,0,1,6,3,-1,-1,-1,-1,-1,-1,-1,-1
201563DP34915,1,9,0,1,0,0,0,0,0,0,2,1,6,3,-1,-1,-1,-1,-1,-1,-1,-1
201563DP35015,1,19,0,5,0,6,0,0,0,0,4,1,1,1,67,10,-1,-1,-1,-1,3,-1
201563DP35015,2,9,0,18,0,8,0,0,0,0,1,1,2,2,27,6,-1,-1,-1,-1,3,-1
201563DP35115,1,9,0,9,7,5,1,0,7,4,1,1,6,1,87,11,-1,-1,-1,-1,2,-1
201563DP35215,1,9,0,18,0,2,0,0,7,0,1,1,6,1,19,4,-1,-1,-1,-1,3,-1
201563DP35215,2,9,0,18,0,2,1,0,7,10,1,1,6,2,57,9,-1,-1,-1,-1,3,-1
201563DP35315,1,9,0,18,0,0,0,0,1,10,1,1,6,1,28,6,-1,-1,-1,-1,1,-1
201563DP35415,1,9,0,18,0,8,0,0,0,0,4,1,6,1,54,8,-1,-1,-1,-1,1,-1
201563DP35415,2,9,0,9,0,6,0,0,0,0,1,1,6,2,87,11,-1,-1,-1,-1,1,-1
201563DP35515,1,9,0,9,0,8,0,0,0,0,3,1,6,1,81,11,-1,-1,-1,-1,3,-1
201563DP35515,2,21,0,18,0,1,0,0,0,0,4,1,2,1,35,6,-1,-1,-1,-1,3,-1
201563DP35615,1,9,0,14,0,1,0,0,0,0,1,1,6,1,20,4,-1,-1,-1,-1,3,-1
201563DP35615,2,9,0,2,0,1,0,0,0,0,0,1,1,2,54,8,-1,-1,-1,-1,3,-1
201563DP35715,1,9,0,18,0,1,0,0,0,0,3,1,6,1,83,11,-1,-1,-1,-1,3,-1
201563DP35715,2,9,0,18,0,3,0,0,0,0,1,1,6,2,46,8,-1,-1,-1,-1,1,-1
201563DP35815,1,9,0,17,0,0,2,0,0,0,1,1,6,1,20,4,-1,-1,-1,-1,1,-1
201563DP35915,1,9,0,10,0,1,0,0,0,0,1,1,6,2,32,6,-1,-1,-1,-1,1,-1
201563DP35915,2,9,0,18,0,1,0,0,0,0,1,1,6,1,38,7,-1,-1,-1,-1,3,-1
201563DP36015,1,9,0,18,0,0,0,0,1,4,4,1,6,1,35,6,-1,-1,-1,-1,1,-1
201563DP36115,1,9,0,3,0,1,0,0,0,0,2,1,1,1,23,5,-1,-1,-1,-1,3,-1
201563DP36115,2,9,0,3,0,1,0,0,0,0,2,1,6,1,44,7,-1,-1,-1,-1,3,-1
201563DP36115,3,9,0,18,0,1,0,0,0,0,1,1,6,1,34,6,-1,-1,-1,-1,3,-1
201563DP36115,4,9,0,9,0,5,0,0,0,0,0,1,6,3,-1,-1,-1,-1,-1,-1,-1,-1
201563DP36215,1,9,0,18,0,0,0,0,0,0,1,1,2,2,57,9,-1,-1,-1,-1,3,-1
201563DP36215,2,1,0,18,0,0,1,0,0,0,1,1,6,1,8,2,-1,-1,-1,-1,3,-1
201563DP36215,3,19,0,2,0,0,0,0,0,0,0,1,6,3,-1,-1,-1,-1,-1,-1,-1,-1
201563DP36315,1,3,0,18,0,0,1,4,0,0,4,1,6,1,18,4,-1,-1,-1,-1,3,-1
201563DP36315,2,9,0,2,0,0,0,0,0,0,4,1,6,1,17,4,-1,-1,-1,-1,1,-1
201563DP36415,1,9,0,4,0,1,0,0,0,0,2,1,6,2,81,11,-1,-1,-1,-1,3,-1
201563DP36415,2,9,0,18,0,1,1,0,0,0,1,1,6,2,73,10,-1,-1,-1,-1,3,-1
201563DP36515,1,9,0,18,0,0,0,0,0,0,1,1,6,1,24,5,-1,-1,-1,-1,1,-1
201563DP36515,2,9,0,17,0,0,0,0,1,10,1,1,6,2,31,6,-1,-1,-1,-1,3,-1
201563DP36615,1,9,0,18,0,1,0,0,0,0,0,1,6,3,-1,-1,-1,-1,-1,-1,-1,-1
201563DP36715,1,9,0,16,0,0,5,0,1,0,4,1,6,1,65,9,-1,-1,-1,-1,3,-1
201563DP36815,1,9,0,18,0,0,1,0,7,10,3,1,6,2,63,9,-1,-1,-1,-1,1,-1
201563DP36915,1,9,0,18,0,0,0,0,0,0,0,1,6,3,-1,-1,-1,-1,-1,-1,-1,-1
201563DP36915,2,19,0,18,0,0,5,0,1,9,1,1,6,2,17,4,-1,-1,-1,-1,3,-1
201563DP37015,1,9,0,17,0,0,0,0,1,7,1,1,6,2,71,10,-1,-1,-1,-1,2,-1
201563DP37115,1,9,0,17,0,0,1,0,7,9,1,1,6,2,21,5,-1,-1,-1,-1,3,-1
201563DP37215,1,9,0,18,0,0,5,0,1,10,1,1,6,1,21,5,-1,-1,-1,-1,2,-1
201563DP37315,1,9,0,16,0,0,2,0,2,10,1,1,2,1,29,6,-1,-1,-1,-1,3,-1
201563DP37415,1,9,0,18,0,0,0,0,0,0,1,1,2,1,41,7,-1,-1,-1,-1,3,-1
201563DP37415,2,9,0,18,0,0,0,0,7,9,1,1,2,2,30,6,-1,-1,-1,-1,2,-1
201563DP37515,1,9,0,17,0,0,5,0,7,0,1,1,1,2,42,7,-1,-1,-1,-1,3,-1
201563DP37615,1,9,0,18,0,0,0,0,0,0,3,1,6,1,88,11,-1,-1,-1,-1,3,-1
201563DP37615,2,9,0,18,0,0,0,0,0,0,3,1,6,2,63,9,-1,-1,-1,-1,3,-1
201563DP37715,1,3,0,7,0,2,1,0,0,0,0,1,6,1,65,9,-1,-1,-1,-1,3,-1
201563DP37815,1,9,0,18,0,8,0,0,3,10,1,1,6,1,88,11,-1,-1,-1,-1,3,-1
201563DP37915,1,19,0,18,0,0,1,0,1,4,1,1,6,1,36,7,-1,-1,-1,-1,2,-1
201563DP38015,1,19,0,16,0,0,1,0,0,0,1,1,1,1,48,8,-1,-1,-1,-1,1,-1
201563DP38015,2,9,4,17,0,0,0,0,0,0,1,1,1,2,49,8,-1,-1,-1,-1,3,-1
201563DP38115,1,9,0,18,0,8,0,0,0,0,1,1,6,2,39,7,-1,-1,-1,-1,2,-1
201563DP38115,2,19,0,7,0,8,0,0,7,10,4,1,1,1,27,6,-1,-1,-1,-1,3,-1
201563DP38215,1,5,0,18,0,1,0,0,0,0,1,1,6,1,61,9,-1,-1,-1,-1,1,-1
201563DP38215,2,9,0,7,0,1,0,0,0,0,2,1,6,1,46,8,-1,-1,-1,-1,1,-1
201563DP38315,1,9,0,17,0,0,5,0,1,0,4,1,6,2,19,4,-1,-1,-1,-1,3,-1
201563DP38415,1,19,0,9,0,1,0,0,7,0,3,1,1,1,55,8,-1,-1,-1,-1,3,-1
201563DP38415,2,9,0,13,0,1,0,0,7,0,4,1,2,2,63,9,-1,-1,-1,-1,3,-1
201563DP38515,1,9,0,17,0,0,0,4,7,2,1,1,6,1,21,5,-1,-1,-1,-1,2,-1
201563DP38515,2,9,0,2,6,0,0,4,0,0,4,1,6,3,-1,-1,-1,-1,-1,-1,-1,-1
201563DP38615,1,21,1,18,0,0,4,0,2,10,3,1,1,1,55,8,-1,-1,-1,-1,2,-1
201563DP38715,1,9,0,16,0,0,1,0,0,0,1,1,6,1,25,5,-1,-1,-1,-1,2,-1
201563DP38715,2,9,0,3,0,0,0,0,1,0,2,1,6,2,53,8,-1,-1,-1,-1,2,-1
201563DP38715,3,9,0,18,0,0,0,0,1,0,1,1,6,1,54,8,-1,-1,-1,-1,3,-1
201563DP38715,4,9,0,2,0,0,0,0,0,0,0,1,6,3,-1,-1,-1,-1,-1,-1,-1,-1
201563DP38815,1,19,0,18,0,1,0,0,0,0,1,1,6,3,-1,-1,-1,-1,-1,-1,-1,-1
201563DP38815,2,1,0,7,9,5,0,0,0,0,1,1,6,1,15,3,-1,-1,-1,-1,2,-1
201563DP38915,1,9,0,18,0,0,0,0,0,0,1,1,2,1,26,6,-1,-1,-1,-1,2,-1
201563DP38915,2,9,0,18,0,0,1,0,0,0,2,1,1,2,48,8,-1,-1,-1,-1,2,-1
201563DP38915,3,9,0,4,0,0,0,0,0,0,2,1,2,1,58,9,-1,-1,-1,-1,1,-1
201563DP38915,4,9,0,18,0,0,0,0,0,0,0,1,6,3,-1,-1,-1,-1,-1,-1,-1,-1
201563DP39015,1,19,0,18,0,1,0,0,0,0,1,1,1,1,23,5,-1,-1,-1,-1,3,-1
201563DP39015,2,9,0,18,0,1,0,0,0,0,2,1,1,1,42,7,-1,-1,-1,-1,1,-1
201563DP39015,3,9,0,4,0,1,0,0,0,0,0,1,6,3,-1,-1,-1,-1,-1,-1,-1,-1
201563DP39115,1,9,0,17,0,0,1,0,1,0,1,1,6,1,55,8,-1,-1,-1,-1,2,-1
201563DP39215,1,9,0,17,0,0,0,0,1,10,3,1,6,1,19,4,-1,-1,-1,-1,2,-1
201563DP39315,1,9,0,9,0,1,0,0,0,0,3,1,6,1,19,4,-1,-1,-1,-1,2,-1
201563DP39315,2,9,0,18,0,1,0,0,0,0,1,1,6,1,47,8,-1,-1,-1,-1,3,-1
201563DP39315,3,19,0,5,0,1,0,0,0,0,0,1,6,3,-1,-1,-1,-1,-1,-1,-1,-1
201563DP39415,1,5,0,16,0,0,1,0,1,7,4,1,6,1,29,6,-1,-1,-1,-1,1,-1
201563DP39415,2,9,0,17,0,0,0,0,1,0,1,1,6,1,78,11,-1,-1,-1,-1,2,-1
201563DP39515,1,9,0,18,0,0,2,10,1,0,1,1,6,1,20,4,-1,-1,-1,-1,3,-1
201563DP39615,1,9,0,18,0,1,0,0,7,10,2,1,6,1,41,7,-1,-1,-1,-1,2,-1
201563DP39615,2,21,1,18,0,1,1,0,0,0,1,1,1,1,63,9,-1,-1,-1,-1,3,-1
201563DP39615,3,9,0,4,0,1,0,0,0,0,0,1,6,3,-1,-1,-1,-1,-1,-1,-1,-1
201563DP39715,1,9,0,17,0,0,2,0,0,0,2,1,6,1,20,4,-1,-1,-1,-1,3,-1
201563DP39815,1,9,0,18,0,0,0,0,1,9,1,1,6,1,80,11,-1,-1,-1,-1,2,-1
201563DP39915,1,9,0,18,0,1,1,0,0,0,1,1,6,1,26,6,-1,-1,-1,-1,1,-1
201563DP39915,2,9,0,9,0,1,0,0,0,0,1,1,6,1,63,9,-1,-1,-1,-1,1,-1
201563DP40015,1,3,0,18,0,0,1,0,0,0,0,1,6,1,23,5,-1,-1,-1,-1,1,-1
201563DP40015,2,9,0,18,0,0,0,0,0,0,0,1,6,2,37,7,-1,-1,-1,-1,1,-1
201563DP40015,3,9,0,18,0,0,0,0,0,0,0,1,6,3,-1,-1,-1,-1,-1,-1,-1,-1
201563DP40115,1,9,0,18,0,1,0,0,0,0,4,1,2,1,34,6,-1,-1,-1,-1,3,-1
201563DP40115,2,9,0,9,0,6,0,0,0,0,1,1,6,1,77,11,-1,-1,-1,-1,3,-1
201563DP40215,1,9,0,9,0,2,0,0,0,0,1,1,6,1,52,8,-1,-1,-1,-1,2,-1
201563DP40215,2,9,0,18,0,1,0,0,0,0,4,1,1,2,51,8,-1,-1,-1,-1,2,-1
201563DP40215,3,19,0,2,9,1,0,4,0,0,0,1,6,3,-1,-1,-1,-1,-1,-1,-1,-1
201563DP40315,1,9,0,18,0,1,1,0,0,0,1,1,2,1,28,6,-1,-1,-1,-1,1,-1
201563DP40315,2,9,0,18,0,1,0,0,0,0,2,1,2,2,32,6,-1,-1,-1,-1,1,-1
201563DP40315,3,17,0,18,0,1,0,0,0,0,0,1,6,3,-1,-1,-1,-1,-1,-1,-1,-1
201563DP40415,1,9,0,17,0,0,1,0,0,0,1,1,2,2,23,5,-1,-1,-1,-1,2,-1
201563DP40515,1,9,0,18,0,3,0,0,0,0,1,1,6,1,35,6,-1,-1,-1,-1,2,-1
201563DP40615,1,9,0,18,0,0,1,0,4,10,1,1,1,1,31,6,-1,-1,-1,-1,1,-1
201563DP40715,1,9,0,18,0,1,1,0,0,0,1,1,1,1,41,7,-1,-1,-1,-1,1,-1
201563DP40715,2,21,0,18,0,5,0,0,0,0,2,1,1,1,48,8,-1,-1,-1,-1,3,-1
201563DP40915,1,9,0,18,0,0,1,0,1,10,3,1,6,1,43,7,-1,-1,-1,-1,3,-1
201563DP40915,2,9,0,18,0,0,1,0,0,0,1,1,1,1,49,8,-1,-1,-1,-1,3,-1
201563DP41015,1,17,5,1,0,6,0,0,0,0,3,1,1,1,54,8,-1,-1,-1,-1,3,-1
201563DP41015,2,9,0,18,0,1,0,0,0,0,1,1,1,2,50,8,-1,-1,-1,-1,1,-1
201563DP41015,3,17,0,2,0,1,0,0,0,0,0,1,1,2,49,8,-1,-1,-1,-1,3,-1
201563DP41115,1,9,0,18,0,1,0,0,0,0,1,1,2,1,45,7,-1,-1,-1,-1,1,-1
201563DP41115,2,9,0,18,0,1,0,0,0,0,3,1,2,1,62,9,-1,-1,-1,-1,3,-1
201563DP41115,3,9,0,9,0,8,0,0,0,0,0,1,1,2,23,5,-1,-1,-1,-1,3,-1
201563DP41215,1,21,1,18,0,1,5,0,1,0,1,1,1,1,38,7,-1,-1,-1,-1,1,-1
201563DP41215,2,9,0,18,0,1,0,0,0,0,0,1,6,3,-1,-1,-1,-1,-1,-1,-1,-1
201563DP41315,1,9,0,13,0,0,0,0,7,0,1,1,6,1,26,6,-1,-1,-1,-1,-1,-1
201563DP41315,2,9,0,18,0,0,0,0,0,0,1,1,1,1,52,8,-1,-1,-1,-1,3,-1
201563DP41315,3,9,0,18,0,0,0,0,0,0,0,1,6,3,-1,-1,-1,-1,-1,-1,-1,-1
201563DP41415,1,9,0,17,0,0,0,0,1,3,1,1,2,1,34,6,-1,-1,-1,-1,3,-1
201563DP41515,1,9,0,18,0,0,5,0,7,10,4,1,2,1,29,6,-1,-1,-1,-1,1,-1
201563DP41615,1,9,0,4,0,1,0,0,0,0,1,1,6,1,50,8,-1,-1,-1,-1,3,-1
201563DP41615,2,9,0,3,0,1,0,0,0,0,2,1,1,1,41,7,-1,-1,-1,-1,1,-1
201563DP41715,1,9,0,14,0,1,0,0,0,0,1,1,6,2,58,9,-1,-1,-1,-1,1,-1
201563DP41715,2,9,0,9,0,8,0,0,0,0,3,1,6,1,55,8,-1,-1,-1,-1,3,-1
201563DP41815,1,9,0,17,0,0,1,0,1,0,1,1,6,2,57,9,-1,-1,-1,-1,2,-1
201563DP41815,2,9,0,18,0,0,0,0,1,10,1,1,2,2,23,5,-1,-1,-1,-1,3,-1
201563DP41915,1,9,0,18,0,4,0,0,7,10,1,1,2,2,50,8,-1,-1,-1,-1,3,-1
201563DP41915,2,9,0,9,0,4,0,0,0,0,4,1,2,1,47,8,-1,-1,-1,-1,2,-1
201563DP42015,1,9,0,18,0,0,0,4,0,0,4,1,2,2,54,8,-1,-1,-1,-1,3,-1
201563DP42015,2,9,0,2,0,0,0,0,1,0,2,1,6,2,54,8,-1,-1,-1,-1,3,-1
201563DP42115,1,90,0,4,0,0,5,0,0,0,2,1,6,1,49,8,-1,-1,-1,-1,3,-1
201563DP42115,2,9,0,18,0,0,0,0,1,0,1,1,6,2,27,6,-1,-1,-1,-1,3,-1
201563DP42215,1,21,0,18,0,0,0,0,0,0,1,1,1,1,50,8,-1,-1,-1,-1,1,-1
201563DP42215,2,19,0,13,0,0,5,0,1,0,2,1,1,1,24,5,-1,-1,-1,-1,1,-1
201563DP42315,1,5,0,13,0,0,1,0,0,0,4,1,6,1,67,10,-1,-1,-1,-1,1,-1
201563DP42315,2,9,0,18,0,0,0,0,0,0,0,1,6,3,-1,-1,-1,-1,-1,-1,-1,-1
201563DP42415,1,9,0,16,0,0,0,0,1,0,1,1,6,1,30,6,-1,-1,-1,-1,1,-1
201563DP42515,1,9,0,18,0,0,2,0,0,0,4,1,6,1,22,5,-1,-1,-1,-1,1,-1
201563DP42615,1,9,0,16,0,0,1,0,7,4,1,1,6,1,20,4,-1,-1,-1,-1,3,-1
201563DP42715,1,9,0,5,0,1,0,0,0,0,1,1,2,2,52,8,-1,-1,-1,-1,3,-1
201563DP42715,2,1,0,18,0,1,0,0,0,0,1,1,4,1,11,3,-1,-1,-1,-1,2,-1
201563DP42815,1,4,0,18,0,1,1,0,0,0,3,1,6,1,33,6,-1,-1,-1,-1,3,-1
201563DP42815,2,9,0,18,0,1,0,0,0,0,2,1,6,1,60,9,-1,-1,-1,-1,1,-1
201563DP42915,1,9,0,9,0,6,0,0,0,0,1,1,6,2,69,10,-1,-1,-1,-1,3,-1
201563DP42915,2,9,0,18,0,1,0,10,1,1,1,1,2,2,30,6,-1,-1,-1,-1,2,-1
201563DP43015,1,9,0,18,0,1,1,0,1,10,1,1,6,1,31,6,-1,-1,-1,-1,3,-1
201563DP43115,1,9,0,17,0,0,0,0,1,7,4,1,6,1,56,9,-1,-1,-1,-1,3,-1
201563DP43215,1,9,0,18,0,4,0,0,3,9,1,1,6,1,41,7,-1,-1,-1,-1,1,-1
201563DP43315,1,9,0,18,0,0,1,0,0,0,1,1,6,1,21,5,-1,-1,-1,-1,2,-1
201563DP43315,2,9,0,18,0,0,0,0,0,0,3,1,6,1,68,10,-1,-1,-1,-1,3,-1
201563DP43315,3,9,0,18,0,0,0,0,0,0,1,1,6,1,72,10,-1,-1,-1,-1,3,-1
201563DP43415,1,19,0,18,0,1,0,0,0,0,2,1,1,1,35,6,-1,-1,-1,-1,3,-1
201563DP43415,2,19,0,18,0,1,0,0,0,0,1,1,6,3,-1,-1,-1,-1,-1,-1,-1,-1
201563DP43515,1,9,0,18,0,6,0,0,0,0,1,1,6,2,37,7,-1,-1,-1,-1,1,-1
201563DP43515,2,9,0,18,0,8,0,0,1,0,3,1,6,2,22,5,-1,-1,-1,-1,1,-1
201563DP43615,1,9,0,16,0,0,0,0,0,0,1,1,6,1,78,11,-1,-1,-1,-1,2,-1
201563DP43615,2,16,0,4,0,0,0,0,0,0,4,1,6,1,73,10,-1,-1,-1,-1,-1,-1