Accident_Index,Vehicle_Reference,Vehicle_Type,Towing_and_Articulation,Vehicle_Manoeuvre,Vehicle_Location-Restricted_Lane,Junction_Location,Skidding_and_Overturning,Hit_Object_in_Carriageway,Vehicle_Leaving_Carriageway,Hit_Object_off_Carriageway,1st_Point_of_Impact,Was_Vehicle_Left_Hand_Drive?,Journey_Purpose_of_Driver,Sex_of_Driver,Age_of_Driver,Age_Band_of_Driver,Engine_Capacity_(CC),Propulsion_Code,Age_of_Vehicle,Driver_IMD_Decile,Driver_Home_Area_Type,Vehicle_IMD_Decile
2015921500725,1,90,0,18,0,4,0,0,0,0,1,1,6,3,50,8,-1,-1,-1,-1,-1,-1
2015921500725,2,1,0,9,0,8,0,0,0,0,2,1,6,2,44,7,-1,-1,-1,-1,1,-1
2015921500728,1,9,0,18,0,4,0,0,0,0,1,1,2,2,47,8,1598,1,2,-1,3,-1
2015921500728,2,1,0,18,0,3,0,0,0,0,1,1,6,1,22,5,-1,-1,-1,-1,1,-1
2015921500729,1,9,0,18,0,1,0,0,0,0,1,1,2,1,22,5,1299,1,14,-1,3,-1
2015921500729,2,9,0,18,0,1,0,0,0,0,1,1,2,2,20,4,1984,1,8,-1,3,-1
2015921500730,1,8,0,9,0,5,5,0,0,0,4,1,6,1,57,9,1896,2,5,-1,3,-1
2015921500730,2,5,0,18,0,8,0,0,0,0,1,1,6,1,38,7,-1,-1,-1,-1,3,-1
2015921500731,1,9,0,18,6,0,0,0,1,0,1,1,1,1,57,9,1582,2,2,-1,3,-1
2015921500731,2,9,0,2,6,0,0,0,1,0,2,1,1,1,70,10,1198,1,2,-1,1,-1
2015921500733,1,9,0,17,0,0,0,0,1,4,1,1,6,2,24,5,1994,1,11,-1,3,-1
2015921500734,1,11,0,5,0,0,0,0,0,0,1,1,1,1,64,9,9600,2,14,-1,1,-1
2015921500735,1,19,0,5,0,0,0,0,0,0,4,1,1,1,67,10,2400,2,13,-1,1,-1
2015921500735,2,1,0,4,9,0,0,0,0,0,1,1,6,1,7,2,-1,-1,-1,-1,2,-1
2015921500738,1,9,0,8,0,2,0,0,7,11,1,1,6,2,82,11,1390,1,3,-1,1,-1
2015921500739,1,9,0,18,0,8,0,0,0,0,1,1,3,1,30,6,1590,1,14,-1,3,-1
2015921500739,2,9,0,10,0,8,0,0,1,0,2,1,3,2,26,6,1398,1,5,-1,3,-1
2015921500740,1,5,0,18,0,1,2,0,0,0,4,1,2,1,50,8,1450,1,10,-1,3,-1
2015921500740,2,9,0,9,8,6,0,0,0,0,1,1,2,1,19,4,998,1,2,-1,1,-1
2015921500744,1,9,0,9,0,1,0,0,0,0,3,1,1,1,43,7,-1,-1,-1,-1,1,-1
2015921500746,1,11,0,9,0,5,0,0,0,0,3,1,1,1,41,7,4500,2,3,-1,3,-1
2015921500748,1,90,0,18,0,0,0,0,0,0,4,1,6,3,30,6,-1,-1,-1,-1,-1,-1
2015921500748,2,1,0,18,0,0,0,0,0,0,3,1,6,1,56,9,-1,-1,-1,-1,1,-1
2015921500750,1,9,0,16,0,0,1,0,0,0,1,1,6,2,18,4,1242,1,9,-1,3,-1
2015921500750,2,9,0,17,0,0,0,0,0,0,1,1,6,1,21,5,1995,2,6,-1,1,-1
2015921500751,1,9,0,9,0,5,0,0,0,0,3,1,2,1,44,7,1868,2,14,-1,1,-1
2015921500751,2,1,0,18,0,8,0,0,0,0,3,1,2,1,24,5,-1,-1,-1,-1,1,-1
2015921500755,1,9,0,18,0,0,2,0,5,0,3,1,6,2,39,7,1390,1,12,-1,1,-1
2015921500759,1,9,0,13,0,0,0,0,0,0,3,1,6,1,18,4,1800,1,9,-1,3,-1
2015921500759,2,9,0,18,0,0,2,0,7,11,4,1,6,1,45,7,-1,-1,-1,-1,3,-1
2015921500759,3,9,0,18,0,0,0,0,1,9,0,1,6,2,68,10,1398,1,1,-1,2,-1
2015921500760,1,9,0,18,0,1,0,0,0,0,1,1,6,2,71,10,1390,1,-1,-1,1,-1
2015921500760,2,9,0,18,0,1,0,0,2,2,4,1,6,2,29,6,998,1,6,-1,1,-1
2015921500762,1,5,0,13,0,0,2,0,0,0,4,1,2,1,54,8,1157,1,10,-1,3,-1
2015921500762,2,9,0,13,0,0,0,0,0,0,0,2,1,1,29,6,-1,-1,-1,-1,3,-1
2015921500763,1,9,0,17,0,0,0,0,0,0,4,1,6,1,29,6,-1,-1,-1,-1,1,-1
2015921500763,2,1,0,17,0,0,0,0,1,0,2,1,6,1,40,7,-1,-1,-1,-1,1,-1
2015921500764,1,9,0,18,0,0,1,0,1,11,1,1,6,1,23,5,2000,1,5,-1,3,-1
2015921500766,1,21,1,16,0,0,0,0,0,0,3,1,1,1,43,7,11946,2,2,-1,1,-1
2015921500766,2,9,0,17,0,0,0,0,0,0,3,1,6,2,38,7,2149,2,8,-1,3,-1
2015921500767,1,4,0,18,0,1,2,11,1,1,1,1,6,1,21,5,599,1,6,-1,1,-1
2015921500767,2,9,0,9,0,6,0,0,0,0,4,1,6,1,53,8,-1,-1,-1,-1,1,-1
2015921500768,1,9,0,9,0,8,0,0,0,0,1,2,6,2,38,7,-1,-1,-1,-1,-1,-1
2015921500768,2,9,0,18,0,8,0,0,1,7,1,1,6,2,73,10,1390,1,2,-1,3,-1
2015921500769,1,9,0,18,0,0,1,0,7,4,1,1,6,1,26,6,1497,1,10,-1,3,-1
2015921500769,2,9,0,18,0,0,0,0,0,0,1,1,6,1,54,8,1998,2,4,-1,1,-1
2015921500770,1,9,0,18,0,0,1,0,1,11,2,1,6,1,22,5,1229,1,4,-1,1,-1
2015921500771,1,9,0,16,0,2,2,0,7,10,1,1,2,2,24,5,1198,1,11,-1,3,-1
2015921500773,1,9,0,18,0,1,0,0,0,0,1,1,6,1,40,7,1598,2,3,-1,-1,-1
2015921500774,1,9,0,16,0,0,1,0,8,1,1,1,1,1,19,4,1560,1,9,-1,3,-1
2015921500775,1,1,0,7,0,5,0,0,0,0,0,1,1,1,38,7,-1,-1,-1,-1,1,-1
2015921500776,1,9,0,17,0,0,0,11,0,0,4,1,6,1,86,11,1198,1,7,-1,1,-1
2015921500779,1,9,0,18,0,0,2,0,0,0,4,1,6,2,21,5,1600,1,11,-1,1,-1
2015921500783,1,9,0,5,0,6,0,0,0,0,1,1,6,1,26,6,1229,1,3,-1,1,-1
2015921500783,2,5,0,16,0,1,2,0,0,0,1,1,6,1,54,8,1137,1,17,-1,3,-1
2015921500787,1,9,0,18,0,0,2,0,8,11,1,1,2,1,21,5,1149,1,10,-1,3,-1
2015921500788,1,3,0,18,0,1,0,0,0,0,3,1,6,1,20,4,124,1,1,-1,1,-1
2015921500788,2,9,0,9,0,1,0,0,0,0,1,1,6,1,40,7,1339,1,1,-1,1,-1
2015921500793,1,1,0,14,0,0,2,0,0,0,0,1,2,1,51,8,-1,-1,-1,-1,2,-1
2015921500793,2,9,0,13,0,0,0,0,1,0,0,1,6,3,-1,-1,-1,-1,-1,-1,-1,-1
2015921500798,1,4,0,16,0,8,5,0,0,0,1,1,2,1,21,5,-1,-1,-1,-1,1,-1
2015921500798,2,19,0,16,0,8,0,0,0,0,2,1,1,1,30,6,2143,2,2,-1,1,-1
2015921500798,3,21,0,17,0,1,0,0,0,0,3,1,6,3,21,5,-1,-1,-1,-1,-1,-1
2015921500799,1,9,0,5,0,4,0,11,0,0,1,1,6,1,30,6,1198,1,11,-1,1,-1
2015921500799,2,1,0,18,0,1,0,0,0,0,4,1,6,1,44,7,-1,-1,-1,-1,1,-1
2015921500806,1,9,0,9,0,8,0,0,0,0,1,1,2,1,35,6,1753,2,6,-1,1,-1
2015921500807,1,5,0,16,0,0,0,0,7,11,1,1,2,1,28,6,998,1,10,-1,3,-1
2015921500809,1,9,0,18,0,1,0,0,0,0,4,1,6,1,20,4,1149,1,13,-1,2,-1
2015921500810,1,1,0,4,0,0,0,0,0,0,0,1,6,2,37,7,-1,-1,-1,-1,1,-1
2015921500811,1,9,0,18,0,0,0,0,0,0,1,1,1,1,41,7,1910,2,11,-1,1,-1
2015921500813,1,9,0,18,0,0,2,0,1,11,1,1,2,1,27,6,1149,1,9,-1,1,-1
2015921500814,1,9,0,4,0,4,0,0,0,0,1,1,6,2,30,6,-1,-1,-1,-1,-1,-1
2015921500814,2,9,0,4,0,4,0,0,0,0,1,1,6,1,24,5,-1,-1,-1,-1,-1,-1
2015921500814,3,9,0,4,0,4,0,0,0,0,1,1,6,1,45,7,1968,2,8,-1,-1,-1
2015921500815,1,9,0,18,0,0,0,0,0,0,1,1,6,2,32,6,1598,2,5,-1,1,-1
2015921500815,2,9,0,18,0,0,0,0,0,0,2,1,6,2,22,5,1699,1,8,-1,2,-1
2015921500816,1,17,0,11,0,0,0,0,0,0,2,1,1,1,49,8,-1,2,7,-1,1,-1
2015921500816,2,9,0,11,0,0,1,0,4,0,1,1,1,2,45,7,1299,1,11,-1,3,-1
2015921500818,1,9,0,16,0,0,1,0,8,11,1,1,6,2,19,4,1461,2,1,-1,3,-1
2015921500825,1,9,0,16,0,0,5,10,0,0,4,1,2,1,41,7,1229,1,10,-1,2,-1
2015921500826,1,9,0,18,0,0,0,0,0,0,1,1,6,1,84,11,1598,1,6,-1,1,-1
2015921500826,2,9,0,2,0,0,0,4,0,0,2,1,1,1,55,8,1198,1,2,-1,-1,-1
2015921500827,1,3,0,18,0,0,0,0,0,0,1,1,6,1,15,3,125,1,1,-1,1,-1
2015921500831,1,9,0,9,0,1,0,0,0,0,1,1,2,1,28,6,1422,2,11,-1,1,-1
2015921500831,2,9,0,18,0,1,0,0,0,0,2,1,2,2,46,8,1582,2,5,-1,3,-1
2015921500831,3,9,0,8,0,1,0,0,0,0,1,1,2,1,29,6,1896,2,12,-1,1,-1
2015921500833,1,5,0,18,0,0,1,0,0,0,0,1,6,1,49,8,647,1,11,-1,1,-1
2015921500840,1,9,0,16,0,0,2,0,7,11,3,1,6,2,35,6,-1,-1,-1,-1,1,-1
2015921500842,1,9,0,5,0,8,0,0,0,0,1,1,1,1,30,6,1364,1,10,-1,1,-1
2015921500842,2,1,0,9,0,7,0,0,0,0,4,1,2,1,37,7,-1,-1,-1,-1,3,-1
2015921500843,1,8,0,18,2,0,0,0,0,0,4,1,1,1,66,10,1956,2,4,-1,-1,-1
2015921500844,1,19,0,15,0,0,0,0,0,0,0,1,1,1,31,6,2143,2,3,-1,2,-1
2015921500844,2,19,0,16,0,0,0,0,0,0,2,1,1,1,54,8,1870,2,9,-1,3,-1
2015921500844,3,5,0,16,0,0,1,0,0,0,1,1,1,1,20,4,1298,1,13,-1,3,-1
2015921500845,1,2,0,18,0,0,0,0,1,0,0,1,6,1,16,4,50,1,9,-1,3,-1
2015921500846,1,5,0,18,0,1,0,0,0,0,1,1,6,1,25,5,636,1,-1,-1,1,-1
2015921500846,2,9,0,18,0,1,0,0,0,0,2,1,1,1,30,6,1896,2,15,-1,1,-1
2015921500849,1,9,0,4,0,8,0,0,0,0,1,1,6,1,19,4,1596,1,-1,-1,-1,-1
2015921500849,2,9,0,4,0,8,0,0,0,0,2,1,6,1,42,7,1461,2,3,-1,1,-1
2015921500850,1,9,0,3,0,4,0,0,0,0,2,1,6,1,40,7,1390,1,8,-1,3,-1
2015921500850,2,9,0,3,0,4,0,0,0,0,0,1,6,1,45,7,1242,1,13,-1,2,-1
2015921500852,1,9,0,17,0,0,1,0,7,4,4,1,1,1,30,6,3600,1,8,-1,1,-1
2015921500852,2,9,0,7,0,0,0,0,0,0,0,1,1,1,32,6,2982,2,-1,-1,3,-1
2015921500853,1,9,0,17,0,0,2,6,7,11,3,1,6,1,17,4,1596,1,8,-1,2,-1
2015921500857,1,9,0,18,0,8,0,0,0,0,3,1,6,2,47,8,1598,2,1,-1,1,-1
2015921500857,2,9,0,3,0,1,0,0,0,0,1,1,6,1,30,6,1999,1,7,-1,-1,-1
2015921500857,3,90,0,9,0,8,0,0,0,0,1,1,1,1,62,9,-1,-1,-1,-1,1,-1
2015921500860,1,9,0,18,0,2,1,0,2,3,1,1,1,1,33,6,1339,1,12,-1,1,-1
2015921500862,1,21,0,17,0,0,2,0,1,10,1,1,1,1,62,9,6693,2,1,-1,3,-1
2015921500867,1,9,0,7,0,6,0,0,3,1,1,1,6,2,58,9,1796,1,6,-1,1,-1
2015921500871,1,9,0,16,0,0,0,0,7,1,1,1,6,2,23,5,1686,2,12,-1,2,-1
2015921500872,1,9,0,18,0,0,5,0,2,11,4,1,6,1,18,4,1598,1,18,-1,3,-1
2015921500876,1,1,0,18,0,1,0,0,0,0,1,1,6,1,45,7,-1,-1,-1,-1,1,-1
2015921500876,2,9,0,7,0,6,0,0,0,0,3,1,1,1,33,6,2143,2,-1,-1,1,-1
2015921500877,1,9,0,3,0,1,0,0,0,0,2,1,6,2,68,10,1598,2,2,-1,3,-1
2015921500877,2,9,0,13,0,1,0,4,0,0,1,1,6,1,17,4,1229,1,5,-1,3,-1
2015921500879,1,9,0,17,0,1,5,0,0,0,1,1,6,1,79,11,1994,1,10,-1,3,-1
2015921500879,2,9,0,5,0,6,1,0,0,0,1,1,6,1,47,8,1968,2,2,-1,3,-1
2015921500880,1,9,0,18,0,1,0,0,0,0,1,1,6,2,76,11,-1,-1,-1,-1,1,-1
2015921500888,1,9,0,18,0,2,0,0,0,0,1,1,6,1,23,5,1998,2,7,-1,3,-1
2015921500889,1,9,0,16,0,2,0,0,0,0,3,-1,6,1,68,10,1298,1,10,-1,3,-1
2015921500889,2,9,0,16,0,0,0,1,0,0,3,1,6,1,90,11,1242,1,6,-1,2,-1
2015921500889,3,9,0,16,0,0,0,0,0,0,4,1,6,1,32,6,1796,1,11,-1,1,-1
2015921500890,1,9,0,5,0,5,0,0,0,0,1,1,6,1,26,6,-1,-1,-1,-1,3,-1
2015921500890,2,9,0,18,0,1,0,0,0,0,1,1,6,1,76,11,1390,1,13,-1,2,-1
2015921500891,1,9,0,8,0,1,0,0,0,0,1,1,6,1,19,4,1598,1,2,-1,3,-1
2015921500891,2,9,0,8,0,1,0,0,0,0,2,1,2,1,46,8,1798,1,7,-1,1,-1
2015921500892,1,9,0,16,0,0,0,0,1,11,2,1,6,1,20,4,1560,2,6,-1,3,-1
2015921500892,2,9,0,13,0,0,0,0,0,0,1,1,6,1,25,5,2793,1,16,-1,2,-1
2015921500893,1,9,0,13,0,0,0,0,0,0,3,-1,6,3,-1,-1,-1,-1,-1,-1,-1,-1
2015921500893,2,5,0,13,0,0,1,0,0,0,4,1,6,2,44,7,-1,-1,-1,-1,-1,-1
2015921500894,1,9,0,16,0,0,2,0,7,11,3,1,2,2,28,6,1388,1,5,-1,1,-1
2015921500895,1,9,0,17,0,0,0,0,0,0,1,1,6,1,50,8,999,1,-1,-1,-1,-1
2015921500895,2,9,0,16,0,0,0,0,0,0,1,1,6,1,64,9,2993,2,9,-1,1,-1
2015921500897,1,1,0,18,9,8,0,0,0,0,1,1,6,2,22,5,-1,-1,-1,-1,1,-1
2015921500897,2,9,0,7,0,1,0,0,0,0,1,1,6,1,38,7,1229,1,9,-1,-1,-1
2015921500898,1,1,0,18,0,6,0,0,0,0,1,1,2,1,35,6,-1,-1,-1,-1,3,-1
2015921500898,2,9,0,4,0,1,0,0,0,0,4,1,6,1,38,7,998,1,7,-1,1,-1
2015921500900,1,9,0,17,0,0,2,0,7,11,1,1,6,1,39,7,1596,1,10,-1,1,-1
2015921500901,1,22,0,18,0,3,1,0,0,0,0,1,6,1,16,4,-1,-1,-1,-1,1,-1
2015921500905,1,9,0,16,0,0,1,0,7,11,1,1,6,1,49,8,1229,1,10,-1,1,-1
2015921500906,1,9,0,18,0,0,1,11,7,11,1,2,6,2,36,7,1997,1,12,-1,3,-1
2015921500908,1,9,0,9,0,5,0,0,0,0,0,1,6,1,21,5,1229,1,10,-1,-1,-1
2015921500908,2,1,0,7,0,1,0,0,0,0,4,1,6,1,50,8,-1,-1,-1,-1,-1,-1
2015921500910,1,9,0,17,0,0,2,0,1,4,2,1,6,1,17,4,1590,1,10,-1,3,-1
2015921500911,1,9,0,1,0,0,0,0,1,9,3,1,6,2,56,9,1397,1,13,-1,3,-1
2015921500914,1,9,0,6,0,0,0,0,5,6,2,1,6,2,30,6,998,1,1,-1,1,-1
2015921500914,2,9,0,18,0,0,0,0,0,0,2,1,6,1,57,9,1560,2,7,-1,3,-1
2015921500915,1,9,0,18,9,3,1,0,1,2,1,1,6,1,19,4,2521,1,7,-1,1,-1
2015921500916,1,9,0,18,0,0,2,0,7,0,1,1,6,1,53,8,998,1,11,-1,3,-1
2015921500917,1,9,0,4,0,1,0,0,0,0,1,1,6,2,37,7,1398,1,3,-1,2,-1
2015921500917,2,9,0,9,0,1,0,0,0,0,2,1,6,2,33,6,2967,2,1,-1,3,-1
2015921500921,1,9,0,16,0,0,2,0,1,11,0,1,6,1,18,4,1229,1,4,-1,3,-1
2015921500922,1,9,0,17,0,0,2,0,2,1,1,1,2,1,37,7,1396,1,12,-1,3,-1
2015921500923,1,9,0,17,0,0,2,0,1,0,0,1,6,2,19,4,1229,1,5,-1,3,-1
2015921500938,1,9,0,17,0,0,1,0,0,0,2,1,6,1,29,6,1796,1,14,-1,3,-1
2015921500938,2,90,0,18,0,0,1,0,0,0,1,1,6,1,79,11,1915,1,25,-1,2,-1
2015921500939,1,9,0,13,0,8,0,0,7,0,1,1,6,1,19,4,1390,1,4,-1,1,-1
2015921500940,1,5,0,16,0,0,1,0,7,0,4,1,6,1,30,6,449,1,8,-1,1,-1
2015921500945,1,9,0,5,0,0,0,0,0,0,0,1,6,2,58,9,1598,1,11,-1,3,-1
2015921500945,2,9,0,18,0,0,1,4,0,0,1,1,6,1,45,7,2198,2,2,-1,-1,-1
2015921500945,3,9,0,2,0,0,0,4,0,0,1,1,6,2,60,9,1590,1,11,-1,1,-1
2015921500945,4,9,0,2,0,0,0,0,0,0,2,1,6,1,30,6,1991,2,8,-1,3,-1
2015921500946,1,5,0,16,0,0,0,0,0,0,1,1,6,1,29,6,599,1,12,-1,1,-1
2015921500946,2,9,0,17,0,0,0,0,0,0,1,1,6,1,56,9,1598,1,8,-1,3,-1
2015921500947,1,9,0,18,0,0,0,0,1,11,4,1,4,2,52,8,2401,2,11,-1,3,-1
2015921500950,1,19,0,1,0,0,0,0,0,0,2,1,6,1,45,7,1248,2,5,-1,3,-1
2015921500954,1,9,0,9,0,1,1,0,0,0,1,1,6,1,28,6,-1,-1,-1,-1,1,-1
2015921500954,2,9,0,18,0,1,0,10,1,2,3,1,6,2,56,9,-1,-1,-1,-1,1,-1
2015921500955,1,11,0,1,0,2,0,11,0,0,2,1,1,1,46,8,4250,2,11,-1,1,-1
2015921500955,2,9,0,3,0,2,0,11,0,0,1,1,6,2,34,6,2967,2,6,-1,3,-1
2015921500956,1,9,0,16,0,0,0,0,0,0,4,1,2,1,23,5,2198,1,11,-1,1,-1
2015921500956,2,9,0,18,0,0,0,0,0,0,1,1,6,2,33,6,1197,1,1,-1,2,-1
2015921500957,1,21,0,9,9,6,0,10,1,11,4,1,6,3,50,8,-1,-1,-1,-1,-1,-1
2015921500959,1,5,0,16,0,0,1,0,0,0,3,1,2,1,56,9,750,1,15,-1,3,-1
2015921500959,2,9,0,16,0,0,0,0,0,0,3,1,2,1,38,7,2179,2,5,-1,3,-1
2015921500959,3,17,4,17,0,0,0,0,0,0,0,1,1,1,62,9,-1,2,7,-1,3,-1
2015921500960,1,9,0,5,0,1,0,0,0,0,1,1,1,2,40,7,1242,1,3,-1,1,-1
2015921500960,2,1,0,18,0,1,0,0,0,0,0,1,1,2,50,8,-1,-1,-1,-1,-1,-1
2015921500961,1,9,0,5,0,6,0,0,0,0,3,1,6,2,78,11,1246,1,8,-1,-1,-1
2015921500961,2,9,0,18,0,8,0,0,0,0,1,1,6,2,24,5,1197,1,-1,-1,-1,-1
2015921500962,1,9,0,4,0,2,0,0,0,0,2,1,2,2,30,6,1299,1,11,-1,2,-1
2015921500962,2,9,0,4,0,2,0,0,0,0,1,1,2,1,30,6,1968,2,2,-1,2,-1
2015921500965,1,9,0,18,0,4,0,0,0,0,1,1,1,2,19,4,1968,2,5,-1,3,-1
2015921500965,2,9,0,18,0,4,0,0,0,0,2,1,1,2,22,5,1595,1,6,-1,3,-1
2015921500967,1,5,0,17,0,0,1,10,1,10,0,1,6,1,58,9,-1,-1,-1,-1,-1,-1
2015921500970,1,9,0,18,0,0,1,0,0,0,1,1,6,1,58,9,1796,1,11,-1,1,-1
2015921500971,1,2,0,4,0,8,0,0,0,0,0,1,4,1,16,4,49,1,2,-1,3,-1
2015921500974,1,9,0,7,0,8,0,0,0,0,3,1,6,1,78,11,1560,2,4,-1,1,-1
2015921500974,2,9,0,18,0,8,0,0,0,0,4,1,6,2,33,6,1242,1,6,-1,1,-1
2015921500975,1,9,0,18,0,0,0,0,0,0,1,1,6,1,22,5,1984,1,7,-1,1,-1
2015921500976,1,9,0,9,0,8,0,0,0,0,1,1,6,1,40,7,1386,1,7,-1,1,-1
2015921500976,2,1,0,18,0,1,0,0,0,0,4,1,2,2,40,7,-1,-1,-1,-1,3,-1
2015921500977,1,9,0,5,0,6,0,0,7,0,3,1,2,2,54,8,998,1,1,-1,3,-1
2015921500977,2,9,0,18,0,1,0,0,8,0,1,1,2,1,20,4,1390,1,5,-1,1,-1
2015921500979,1,5,0,17,0,1,0,0,1,1,4,1,6,1,22,5,-1,-1,-1,-1,3,-1
2015921500980,1,9,0,17,0,0,5,10,1,10,1,1,6,2,18,4,1242,1,8,-1,1,-1
2015921500983,1,9,0,18,0,2,0,4,0,0,4,1,6,1,19,4,1341,1,10,-1,1,-1
2015921500983,2,9,0,2,0,2,0,0,0,0,4,1,6,3,18,4,1240,1,10,-1,1,-1
2015921500983,3,9,0,2,0,2,0,0,0,0,2,1,6,3,18,4,-1,-1,-1,-1,-1,-1
2015921500988,1,9,0,17,0,0,1,0,1,11,1,1,2,2,38,7,1388,1,7,-1,3,-1
2015921500992,1,19,0,17,0,0,0,11,0,0,4,1,1,1,23,5,1461,2,2,-1,1,-1
2015921500993,1,9,0,18,0,1,5,4,0,0,2,1,6,1,21,5,1998,1,5,-1,1,-1
2015921500993,2,9,0,2,0,1,0,0,0,0,1,1,6,2,28,6,1999,1,4,-1,-1,-1
2015921500995,1,9,0,17,0,0,5,0,7,11,1,1,1,1,18,4,1149,1,11,-1,-1,-1
2015921500996,1,9,0,17,0,0,1,0,1,11,1,1,2,2,-1,-1,1560,2,7,-1,3,-1
2015921500998,1,9,0,18,0,0,5,0,1,1,1,1,6,1,52,8,1597,2,1,-1,2,-1
2015921501005,1,9,0,9,0,2,1,0,0,0,1,1,6,2,17,4,1390,1,-1,-1,3,-1
2015921501006,1,9,0,18,0,8,0,0,0,0,3,1,6,1,21,5,1796,1,6,-1,1,-1
2015921501006,2,1,0,18,0,8,0,0,0,0,1,1,2,1,44,7,-1,-1,-1,-1,1,-1
2015921501008,1,9,0,9,0,8,0,0,0,0,1,1,2,2,24,5,2993,2,7,-1,1,-1
2015921501008,2,1,0,18,0,8,0,0,0,0,3,1,6,1,26,6,-1,-1,-1,-1,1,-1
2015921501009,1,9,0,16,0,0,0,0,0,0,1,2,6,2,41,7,2143,2,1,-1,3,-1
2015921501009,2,9,0,17,0,0,0,0,0,0,1,2,6,2,55,8,1149,1,3,-1,3,-1
2015921501011,1,9,0,7,0,6,0,0,0,0,1,1,6,2,84,11,1339,1,9,-1,1,-1
2015921501011,2,9,0,18,0,1,0,0,0,0,1,1,2,1,55,8,1598,1,2,-1,1,-1
2015921501012,1,9,0,18,0,0,0,0,0,0,1,1,6,1,45,7,1968,2,8,-1,3,-1
2015921501015,1,9,0,1,0,0,0,0,0,0,2,1,6,2,83,11,1390,1,4,-1,1,-1
2015921501015,2,9,0,18,0,0,0,0,0,0,1,1,6,1,55,8,1799,1,8,-1,1,-1
2015921501016,1,5,0,5,0,4,0,0,0,0,2,1,6,1,32,6,599,1,12,-1,1,-1
2015921501016,2,9,0,5,0,4,0,0,0,0,1,1,6,2,20,4,1499,2,-1,-1,2,-1
2015921501021,1,9,0,4,0,8,0,0,0,0,1,1,6,1,90,11,1390,1,12,-1,1,-1
2015921501023,1,9,0,7,4,8,0,0,0,0,4,1,2,2,52,8,1497,1,13,-1,1,-1
2015921501023,2,1,0,18,4,1,0,0,0,0,1,1,6,1,21,5,-1,-1,-1,-1,1,-1
2015921501030,1,9,0,17,0,0,0,0,0,0,4,1,6,2,50,8,1560,2,5,-1,1,-1
2015921501032,1,2,0,18,0,4,0,0,0,0,3,1,6,1,16,4,50,1,8,-1,2,-1
2015921501032,2,9,0,18,0,4,0,0,0,0,1,1,6,1,24,5,1299,1,16,-1,1,-1
2015921501033,1,9,0,16,9,0,2,0,1,0,3,1,6,1,26,6,1999,1,17,-1,2,-1
2015921501036,1,9,0,9,0,8,0,0,0,0,3,1,6,1,70,10,1400,1,15,-1,3,-1
2015921501036,2,9,0,18,0,8,0,0,0,0,1,1,6,1,40,7,1395,1,-1,-1,1,-1
2015921501042,1,1,0,18,0,8,0,0,0,0,4,1,6,2,11,3,-1,-1,-1,-1,1,-1
2015921501042,2,9,0,14,0,8,0,0,0,0,1,1,2,2,65,9,998,1,1,-1,1,-1
2015921501043,1,9,0,18,0,0,5,0,4,6,1,1,6,1,36,7,3696,1,4,-1,1,-1
2015921501045,1,9,0,16,0,3,0,0,0,0,4,1,2,1,41,7,2993,2,3,-1,1,-1
2015921501045,2,90,2,9,0,8,0,0,0,0,3,1,1,1,52,8,-1,-1,-1,-1,-1,-1
2015921501046,1,9,0,18,0,0,0,0,7,0,1,1,6,2,79,11,1461,2,12,-1,-1,-1
2015921501047,1,9,0,18,0,8,5,0,3,11,1,1,6,1,81,11,1400,1,12,-1,2,-1
2015921501048,1,9,0,16,0,0,5,0,1,11,1,1,1,1,40,7,1598,1,11,-1,-1,-1
2015921501050,1,9,0,18,0,1,0,0,6,0,1,1,6,2,48,8,1968,2,3,-1,3,-1
2015921501050,2,9,0,9,0,6,0,0,6,0,3,1,1,1,28,6,-1,-1,-1,-1,1,-1
2015921501051,1,90,0,18,0,0,0,0,0,0,1,1,6,2,61,9,2198,2,4,-1,1,-1
2015921501051,2,9,0,18,0,0,0,0,7,11,1,1,6,2,76,11,1198,1,9,-1,3,-1
2015921501051,3,9,0,18,0,0,0,0,0,0,1,1,1,1,37,7,-1,-1,-1,-1,1,-1
2015921501053,1,9,0,18,0,1,1,0,0,0,4,1,6,1,73,10,1364,2,8,-1,3,-1
2015921501053,2,9,0,9,0,1,0,0,0,0,1,1,1,2,27,6,1582,2,1,-1,3,-1
2015921501055,1,9,0,18,0,0,0,0,0,0,1,1,6,2,32,6,1596,1,-1,-1,-1,-1
2015921501055,2,9,0,18,0,0,0,0,0,0,1,1,6,1,56,9,1910,2,10,-1,3,-1
2015921501057,1,9,0,18,0,0,5,0,4,6,1,1,6,1,35,6,3696,1,4,-1,1,-1
2015921501058,1,9,0,7,0,6,0,0,0,0,3,1,6,1,19,4,1995,2,12,-1,3,-1
2015921501058,2,9,0,16,0,1,0,0,0,0,1,1,6,1,57,9,2099,1,12,-1,1,-1
2015921501059,1,9,0,16,0,0,1,0,1,11,1,1,6,2,21,5,1391,1,14,-1,3,-1
2015921501060,1,9,0,8,0,6,0,0,0,0,1,1,1,2,32,6,1796,1,8,-1,3,-1