Accident_Index,Vehicle_Reference,Vehicle_Type,Towing_and_Articulation,Vehicle_Manoeuvre,Vehicle_Location-Restricted_Lane,Junction_Location,Skidding_and_Overturning,Hit_Object_in_Carriageway,Vehicle_Leaving_Carriageway,Hit_Object_off_Carriageway,1st_Point_of_Impact,Was_Vehicle_Left_Hand_Drive?,Journey_Purpose_of_Driver,Sex_of_Driver,Age_of_Driver,Age_Band_of_Driver,Engine_Capacity_(CC),Propulsion_Code,Age_of_Vehicle,Driver_IMD_Decile,Driver_Home_Area_Type,Vehicle_IMD_Decile
2015921501060,2,1,0,18,4,1,0,0,0,0,4,1,6,1,60,9,-1,-1,-1,-1,1,-1
2015921501068,1,9,0,7,0,0,0,4,0,0,1,1,6,2,83,11,1388,1,7,-1,3,-1
2015921501068,2,9,0,2,0,0,0,0,0,0,2,1,6,1,20,4,1248,2,7,-1,3,-1
2015921501068,3,9,0,2,0,0,0,0,0,0,2,1,6,1,21,5,1598,1,1,-1,3,-1
2015921501072,1,9,0,1,0,0,0,4,0,0,2,1,2,2,19,4,1248,2,4,-1,3,-1
2015921501072,2,9,0,2,0,0,0,0,0,0,4,1,2,2,56,9,1995,2,11,-1,3,-1
2015921501073,1,9,0,18,0,0,0,11,0,0,2,1,6,1,41,7,1388,1,11,-1,1,-1
2015921501075,1,9,0,18,0,0,0,0,0,0,4,1,6,1,59,9,1229,1,1,-1,1,-1
2015921501081,1,9,0,18,0,2,0,0,0,0,3,1,6,1,40,7,1956,2,3,-1,2,-1
2015921501085,1,9,0,14,0,0,0,0,0,0,4,1,1,2,18,4,1591,1,4,-1,1,-1
2015921501085,2,9,0,2,0,0,0,0,1,0,3,1,6,1,19,4,1390,1,12,-1,1,-1
2015921501088,1,9,0,1,6,0,0,0,0,0,2,1,6,1,68,10,-1,-1,-1,-1,3,-1
2015921501090,1,9,0,14,0,8,0,0,0,0,4,1,6,1,29,6,1984,1,1,-1,1,-1
2015921501090,2,17,4,18,0,8,0,4,0,0,1,1,1,1,49,8,268,2,19,-1,3,-1
2015921501090,3,9,0,2,0,8,0,0,0,0,2,1,6,3,44,7,1339,1,8,-1,-1,-1
2015921501092,1,5,0,18,0,0,5,0,1,0,0,1,6,1,31,6,999,1,-1,-1,1,-1
2015921501093,1,9,0,5,0,6,0,0,1,0,3,1,6,2,47,8,1242,1,7,-1,3,-1
2015921501093,2,9,0,18,0,1,0,0,1,0,1,1,6,2,30,6,1998,2,7,-1,3,-1
2015921501095,1,21,0,16,0,0,0,0,0,0,1,1,1,1,54,8,-1,-1,-1,-1,1,-1
2015921501095,2,20,1,17,0,0,1,0,0,0,1,1,1,1,43,7,-1,-1,-1,-1,1,-1
2015921501095,3,9,0,16,0,0,0,0,0,0,1,1,6,2,40,7,1598,1,-1,-1,-1,-1
2015921501096,1,17,4,5,0,5,0,0,0,0,1,1,1,1,76,11,-1,-1,-1,-1,3,-1
2015921501096,2,9,0,18,0,8,0,0,7,0,4,1,6,1,48,8,1956,2,1,-1,1,-1
2015921501097,1,1,0,18,0,0,0,11,0,0,0,1,2,2,21,5,-1,-1,-1,-1,1,-1
2015921501099,1,9,0,16,0,0,0,0,0,0,4,1,6,1,85,11,1299,1,13,-1,1,-1
2015921501099,2,9,0,17,0,0,0,0,0,0,1,1,1,1,42,7,-1,-1,-1,-1,3,-1
2015921501100,1,9,0,12,0,0,5,0,7,11,3,1,1,1,19,4,1368,1,5,-1,3,-1
2015921501100,2,9,0,13,0,0,1,0,7,3,4,1,6,2,39,7,1989,1,15,-1,2,-1
2015921501102,1,9,0,18,0,0,0,0,7,0,4,1,6,1,63,9,1461,2,-1,-1,1,-1
2015921501102,2,9,0,17,0,0,0,0,0,0,4,1,6,2,36,7,2487,2,15,-1,3,-1
2015921501104,1,9,0,17,0,0,1,0,0,0,1,1,2,1,28,6,1618,1,-1,-1,2,-1
2015921501104,2,9,0,16,0,0,1,0,0,0,1,1,2,1,42,7,2987,2,4,-1,1,-1
2015921501107,1,5,0,18,0,1,0,0,0,0,1,1,6,1,51,8,1137,1,9,-1,-1,-1
2015921501107,2,19,0,18,0,1,0,0,0,0,2,1,2,1,58,9,1686,2,5,-1,3,-1
2015921501107,3,9,0,18,0,1,0,0,0,0,2,1,2,2,22,5,1229,1,7,-1,3,-1
2015921501111,1,11,0,18,0,0,0,0,0,0,1,2,1,1,22,5,12000,2,6,-1,1,-1
2015921501111,2,1,0,18,4,0,5,0,0,0,2,1,6,2,26,6,-1,-1,-1,-1,1,-1
2015921501113,1,9,0,5,0,0,0,0,0,0,1,1,6,2,40,7,-1,-1,-1,-1,-1,-1
2015921501114,1,9,0,9,0,8,0,0,0,0,1,1,6,1,17,4,1598,1,11,-1,1,-1
2015921501114,2,9,0,18,0,8,5,0,0,0,1,1,6,2,26,6,1598,1,2,-1,1,-1
2015921501117,1,20,0,18,0,0,0,0,1,11,1,1,1,1,41,7,-1,-1,-1,-1,1,-1
2015921501120,1,9,0,1,6,0,0,0,0,0,2,1,2,1,50,8,-1,-1,-1,-1,3,-1
2015921501121,1,19,0,18,0,4,0,0,0,0,1,1,1,1,22,5,1461,2,1,-1,1,-1
2015921501121,2,9,0,3,0,3,0,0,0,0,2,1,1,1,76,11,1968,2,8,-1,3,-1
2015921501121,3,9,0,3,0,3,0,0,0,0,2,1,6,1,28,6,999,1,-1,-1,1,-1
2015921501121,4,9,0,3,0,3,0,0,0,0,2,1,1,1,47,8,-1,-1,-1,-1,3,-1
2015921501123,1,19,0,18,0,0,0,0,0,0,1,1,1,1,57,9,2402,2,7,-1,3,-1
2015921501123,2,9,0,4,0,0,0,0,1,4,2,1,2,1,31,6,2204,2,8,-1,1,-1
2015921501123,3,9,0,18,0,0,0,0,4,6,1,1,2,1,18,4,1596,1,3,-1,3,-1
2015921501123,4,9,0,4,0,0,0,0,0,0,2,1,2,2,50,8,1968,2,8,-1,3,-1
2015921501127,1,8,0,16,0,0,5,0,7,11,1,1,1,1,44,7,-1,-1,-1,-1,-1,-1
2015921501132,1,9,0,9,0,6,0,0,0,0,1,1,6,2,64,9,1229,1,-1,-1,3,-1
2015921501132,2,19,0,18,0,1,1,0,7,0,1,1,1,1,45,7,1868,2,9,-1,1,-1
2015921501135,1,9,0,9,0,8,0,0,0,0,1,1,6,1,59,9,-1,-1,-1,-1,3,-1
2015921501135,2,9,0,18,0,8,0,0,0,0,1,1,2,1,24,5,1149,1,8,-1,3,-1
2015921501138,1,9,0,18,0,8,0,0,0,0,1,1,6,1,61,9,2171,2,15,-1,3,-1
2015921501138,2,19,0,5,0,8,0,0,0,0,4,1,1,1,69,10,2151,2,12,-1,3,-1
2015921501140,1,9,0,10,0,8,0,0,0,0,1,1,6,1,18,4,1198,1,3,-1,3,-1
2015921501140,2,9,0,18,0,8,0,0,2,1,1,1,6,2,21,5,1968,2,2,-1,1,-1
2015921501143,1,9,0,18,0,0,0,4,0,0,1,1,2,2,31,6,1398,2,1,-1,2,-1
2015921501143,2,9,0,2,0,0,0,0,1,11,1,1,6,2,22,5,1397,1,6,-1,2,-1
2015921501144,1,9,0,18,0,3,0,0,1,0,4,1,6,2,35,6,1386,1,9,-1,-1,-1
2015921501144,2,1,0,9,0,8,0,0,0,0,1,1,1,1,17,4,-1,-1,-1,-1,-1,-1
2015921501145,1,21,1,18,0,0,0,0,0,0,1,1,1,1,56,9,12900,2,4,-1,1,-1
2015921501148,1,5,0,10,0,1,0,0,0,0,4,1,2,1,42,7,-1,-1,-1,-1,3,-1
2015921501148,2,9,0,5,0,6,0,0,0,0,1,1,2,1,47,8,2996,1,8,-1,1,-1
2015921501149,1,9,0,9,0,1,0,0,0,0,1,1,1,2,40,7,998,1,13,-1,1,-1
2015921501149,2,2,0,18,0,8,0,0,0,0,3,1,1,1,26,6,108,1,-1,-1,1,-1
2015921501151,1,9,0,9,0,5,0,0,7,11,1,1,6,1,47,8,1794,1,12,-1,2,-1
2015921501151,2,9,0,18,0,8,0,0,1,11,1,1,6,1,20,4,1242,1,8,-1,1,-1
2015921501152,1,9,0,9,0,5,0,0,0,0,4,1,6,1,22,5,1998,1,11,-1,2,-1
2015921501154,1,9,0,16,0,2,0,10,3,11,0,1,6,1,33,6,1896,2,14,-1,1,-1
2015921501155,1,5,0,17,0,0,0,0,1,0,1,1,6,1,40,7,600,1,8,-1,1,-1
2015921501157,1,9,0,5,0,1,0,0,1,9,3,1,6,1,70,10,1686,2,-1,-1,1,-1
2015921501157,2,9,0,16,0,1,0,0,0,0,1,1,6,1,75,10,1896,2,9,-1,3,-1
2015921501161,1,9,0,18,0,0,0,6,1,10,1,1,1,1,23,5,1994,1,15,-1,3,-1
2015921501164,1,9,0,7,0,4,0,0,0,0,3,1,6,2,77,11,1596,1,4,-1,1,-1
2015921501164,2,1,0,18,0,3,0,0,0,0,1,1,6,2,57,9,-1,-1,-1,-1,1,-1
2015921501165,1,9,0,18,0,2,0,0,0,0,1,1,2,1,39,7,1598,1,7,-1,-1,-1
2015921501166,1,9,0,18,0,4,0,0,0,0,1,1,6,2,24,5,1390,1,9,-1,-1,-1
2015921501166,2,1,0,18,0,3,0,0,0,0,4,1,2,1,35,6,-1,-1,-1,-1,1,-1
2015921501167,1,3,0,9,0,8,0,0,0,0,3,1,1,1,25,5,-1,-1,-1,-1,-1,-1
2015921501168,1,19,0,18,0,0,0,0,0,0,1,1,1,1,31,6,2198,2,7,-1,-1,-1
2015921501168,2,21,1,5,0,0,0,0,0,0,2,1,1,1,60,9,10800,2,1,-1,2,-1
2015921501171,1,9,0,12,0,1,0,0,0,0,1,1,2,2,20,4,1229,1,10,-1,3,-1
2015921501171,2,9,0,9,0,2,0,0,0,0,1,1,2,2,40,7,1600,2,3,-1,1,-1
2015921501172,1,9,0,18,0,8,0,0,0,0,1,1,1,2,41,7,1968,2,1,-1,3,-1
2015921501172,2,9,0,10,0,8,0,0,0,0,2,1,2,2,43,7,1108,1,6,-1,3,-1
2015921501173,1,5,0,16,0,0,0,0,7,0,1,1,6,1,26,6,600,1,9,-1,1,-1
2015921501173,2,9,0,17,0,0,0,0,0,0,1,2,6,2,54,8,2000,2,6,-1,3,-1
2015921501174,1,9,0,9,0,1,0,0,0,0,4,1,6,1,30,6,1796,1,12,-1,-1,-1
2015921501174,2,9,0,18,0,1,0,0,0,0,1,1,6,2,56,9,1299,1,7,-1,1,-1
2015921501175,1,9,0,7,0,2,0,10,7,10,1,1,1,2,50,8,1149,1,2,-1,3,-1
2015921501175,2,9,0,2,0,2,0,10,1,11,2,1,6,3,30,6,1596,1,3,-1,1,-1
2015921501176,1,9,0,18,0,0,0,0,0,0,1,1,6,1,28,6,-1,-1,-1,-1,3,-1
2015921501176,2,9,0,18,0,0,0,0,1,11,1,1,6,2,39,7,2199,2,5,-1,1,-1
2015921501177,1,5,0,18,0,8,0,0,0,0,1,1,6,1,28,6,599,1,14,-1,3,-1
2015921501177,2,9,0,9,0,8,0,0,0,0,4,1,6,1,21,5,1998,1,6,-1,3,-1
2015921501178,1,5,0,18,2,1,1,0,0,0,0,1,2,1,59,9,996,1,9,-1,1,-1
2015921501178,2,9,0,5,0,1,0,0,0,0,0,1,2,1,37,7,1796,1,10,-1,1,-1
2015921501179,1,9,0,18,0,2,0,0,3,11,3,1,6,1,35,6,1461,2,3,-1,3,-1
2015921501179,2,9,0,18,0,1,0,0,0,0,1,1,6,2,28,6,1910,2,7,-1,3,-1
2015921501181,1,97,0,4,0,0,0,0,0,0,1,1,6,1,56,9,800,1,-1,-1,-1,-1
2015921501183,1,20,0,18,0,1,2,10,8,10,1,1,1,1,49,8,4461,2,6,-1,1,-1
2015921501184,1,9,0,9,0,5,0,0,0,0,3,1,6,2,44,7,1998,1,14,-1,2,-1
2015921501184,2,9,0,14,0,8,0,0,0,0,1,1,6,3,17,4,1769,1,14,-1,-1,-1
2015921501186,1,5,0,16,0,0,5,0,0,0,1,1,6,1,27,6,599,1,6,-1,1,-1
2015921501186,2,9,0,17,0,0,0,0,0,0,1,1,6,2,50,8,1685,2,2,-1,3,-1
2015921501189,1,9,0,4,0,0,0,0,0,0,2,1,1,1,63,9,-1,-1,-1,-1,3,-1
2015921501189,2,9,0,4,0,0,0,0,0,0,2,1,6,1,82,11,1975,1,8,-1,2,-1
2015921501189,3,9,0,4,0,0,0,0,0,0,2,1,2,2,25,5,998,1,1,-1,3,-1
2015921501189,4,9,0,18,0,0,0,0,0,0,1,1,6,1,24,5,1968,2,2,-1,3,-1
2015921501189,5,9,0,18,0,0,0,1,0,0,1,1,2,2,24,5,1299,1,8,-1,2,-1
2015921501192,1,9,0,18,0,4,0,9,6,1,1,1,6,1,51,8,1686,2,3,-1,3,-1
2015921501192,2,9,0,18,4,4,0,0,1,0,1,1,6,1,60,9,1995,2,1,-1,1,-1
2015921501194,1,9,0,16,0,0,2,0,1,9,1,1,2,2,47,8,-1,-1,-1,-1,3,-1
2015921501196,1,9,0,18,0,4,0,0,7,1,1,1,6,1,33,6,-1,-1,-1,-1,3,-1
2015921501196,2,9,0,18,0,8,0,0,7,0,4,1,1,1,59,9,1560,2,3,-1,1,-1
2015921501197,1,9,0,18,0,0,0,0,1,11,1,1,2,1,46,8,1398,2,3,-1,2,-1
2015921501197,2,21,1,18,0,0,0,0,0,0,1,1,1,1,31,6,12902,2,2,-1,1,-1
2015921501198,1,9,0,18,0,0,0,0,0,0,1,1,2,1,28,6,-1,-1,-1,-1,2,-1
2015921501198,2,19,0,3,0,0,0,0,0,0,0,1,2,2,59,9,1248,2,2,-1,3,-1
2015921501198,3,9,0,3,0,0,0,0,0,0,2,1,2,1,56,9,1995,2,1,-1,3,-1
2015921501198,4,21,0,18,0,0,0,0,0,0,3,1,1,1,63,9,6692,2,3,-1,3,-1
2015921501203,1,5,0,18,0,3,1,0,0,0,4,1,6,1,54,8,1043,1,2,-1,1,-1
2015921501207,1,9,0,3,0,1,0,0,0,0,2,1,2,1,41,7,1796,1,11,-1,3,-1
2015921501207,2,9,0,4,0,1,0,0,0,0,1,1,2,1,24,5,1242,1,1,-1,1,-1
2015921501209,1,9,0,16,0,0,2,0,7,4,3,1,2,2,23,5,1248,2,2,-1,3,-1
2015921501210,1,9,0,18,0,1,0,0,0,0,1,1,1,1,42,7,1796,1,6,-1,3,-1
2015921501214,1,9,0,3,0,1,0,0,0,0,2,1,6,2,17,4,1360,1,9,-1,3,-1
2015921501214,2,9,0,4,0,1,0,0,0,0,1,1,6,1,40,7,2179,2,5,-1,1,-1
2015921501217,1,9,0,18,0,1,0,0,0,0,3,1,6,2,42,7,1984,1,15,-1,3,-1
2015921501217,2,9,0,18,0,1,0,7,1,1,1,1,2,1,53,8,1995,2,1,-1,1,-1
2015921501219,1,9,4,13,0,1,1,0,7,11,1,1,6,1,51,8,2993,2,1,-1,3,-1
2015921501219,2,9,0,13,0,1,1,0,7,1,3,1,2,2,21,5,998,1,2,-1,3,-1
2015921501220,1,9,0,9,0,6,0,0,0,0,1,1,6,2,20,4,1398,2,8,-1,3,-1
2015921501220,2,9,0,14,0,6,0,0,0,0,4,1,6,1,50,8,-1,-1,-1,-1,1,-1
2015921501221,1,9,0,18,0,0,0,0,0,0,3,1,3,2,42,7,1248,1,3,-1,1,-1
2015921501223,1,9,0,14,0,0,0,0,0,0,0,1,6,3,30,6,-1,-1,-1,-1,-1,-1
2015921501223,2,1,0,18,0,0,0,4,0,0,1,1,6,1,16,4,-1,-1,-1,-1,1,-1
2015921501224,1,21,0,18,0,0,1,11,0,0,1,1,1,1,28,6,7146,2,2,-1,1,-1
2015921501224,2,9,0,18,0,0,1,11,1,0,2,1,6,1,30,6,1248,1,-1,-1,1,-1
2015921501224,3,9,0,18,0,0,0,11,0,0,2,2,6,2,68,10,-1,-1,-1,-1,-1,-1
2015921501226,1,9,0,6,0,0,0,0,0,0,3,1,1,1,39,7,998,1,6,-1,1,-1
2015921501226,2,4,0,13,0,0,0,0,0,0,1,1,6,1,42,7,125,1,-1,-1,1,-1
2015921501227,1,9,0,16,0,0,0,0,0,0,1,1,2,2,36,7,1995,2,9,-1,3,-1
2015921501227,2,9,0,17,0,0,0,0,0,0,1,2,1,1,53,8,-1,-1,-1,-1,1,-1
2015921501230,1,9,0,16,0,8,0,0,0,0,3,1,6,1,17,4,-1,-1,-1,-1,3,-1
2015921501235,1,9,0,4,0,0,0,0,0,0,2,1,2,2,43,7,-1,-1,-1,-1,2,-1
2015921501235,2,9,0,4,0,0,0,0,0,0,1,1,6,2,28,6,-1,-1,-1,-1,1,-1
2015921501235,3,9,0,4,0,0,0,0,0,0,1,1,2,1,54,8,999,1,-1,-1,3,-1
2015921501238,1,11,0,9,0,8,0,0,0,0,0,1,1,1,55,8,4500,2,3,-1,1,-1
2015921501239,1,9,0,6,0,0,0,0,0,0,3,1,6,1,39,7,1997,2,5,-1,1,-1
2015921501239,2,4,0,18,0,0,0,0,0,0,1,1,6,1,48,8,-1,-1,-1,-1,-1,-1
2015921501240,1,19,0,13,0,8,1,0,0,0,1,1,1,1,51,8,1598,7,12,-1,1,-1
2015921501240,2,19,4,18,0,8,1,0,0,0,1,1,1,1,51,8,1968,2,3,-1,3,-1
2015921501243,1,9,0,10,0,8,0,0,0,0,3,1,1,1,22,5,-1,-1,-1,-1,3,-1
2015921501243,2,9,0,10,0,8,0,0,4,0,1,1,6,1,44,7,1984,1,13,-1,3,-1
2015921501245,1,9,0,3,0,1,0,0,0,0,1,1,6,2,45,7,1796,1,9,-1,3,-1
2015921501245,2,9,0,3,0,1,0,0,0,0,2,1,6,2,52,8,1461,2,10,-1,3,-1
2015921501245,3,9,0,4,0,1,0,0,0,0,2,1,6,2,60,9,1364,1,6,-1,1,-1
2015921501248,1,9,0,9,7,7,0,0,1,1,3,1,1,1,45,7,-1,-1,-1,-1,-1,-1
2015921501248,2,9,0,18,0,1,0,0,0,0,1,1,1,2,31,6,1753,2,7,-1,3,-1
2015921501251,1,9,0,17,0,8,1,11,7,11,4,1,6,1,21,5,1248,2,10,-1,3,-1
2015921501251,2,9,0,16,0,8,0,11,0,0,1,1,6,1,52,8,1685,2,3,-1,2,-1
2015921501252,1,9,0,18,0,4,0,0,0,0,1,1,1,1,25,5,1686,2,2,-1,1,-1
2015921501252,2,1,0,9,0,8,5,0,0,0,4,1,6,1,63,9,-1,-1,-1,-1,3,-1
2015921501253,1,9,0,18,0,6,0,0,1,9,3,1,6,2,42,7,1598,2,4,-1,2,-1
2015921501253,2,9,0,18,0,8,0,0,7,9,1,1,6,1,21,5,1229,1,10,-1,-1,-1
2015921501254,1,9,0,3,0,4,0,0,0,0,1,1,6,3,-1,-1,-1,-1,-1,-1,-1,-1
2015921501255,1,3,0,18,0,0,0,12,0,0,1,1,2,1,50,8,124,1,6,-1,3,-1
2015921501256,1,9,0,9,0,1,0,0,0,0,4,1,6,1,85,11,1197,1,3,-1,1,-1
2015921501256,2,9,0,18,0,8,0,0,0,0,3,1,6,1,41,7,-1,-1,-1,-1,1,-1
2015921501258,1,9,0,18,0,0,0,0,7,11,3,1,6,1,35,6,1984,1,13,-1,-1,-1
2015921501258,2,3,0,18,0,0,0,0,1,11,4,1,2,1,32,6,125,1,2,-1,1,-1
2015921501259,1,9,0,18,0,1,0,0,0,0,4,1,1,2,65,9,1248,2,7,-1,2,-1
2015921501259,2,19,0,9,0,1,0,0,0,0,1,1,6,1,55,8,2198,2,8,-1,3,-1
2015921501262,1,9,0,3,0,0,0,0,0,0,2,1,2,1,21,5,1591,1,2,-1,3,-1
2015921501262,2,9,0,18,0,0,0,4,0,0,1,1,2,1,62,9,1229,1,9,-1,3,-1
2015921501267,1,9,0,16,0,0,0,0,0,0,1,1,6,1,71,10,2198,2,8,-1,2,-1
2015921501267,2,9,0,16,0,0,0,0,0,0,3,1,6,1,42,7,1197,1,-1,-1,1,-1
2015921501267,3,21,1,17,0,0,0,0,1,11,1,2,1,1,25,5,-1,-1,-1,-1,-1,-1
2015921501269,1,9,0,7,0,2,0,0,0,0,4,1,6,1,48,8,2982,2,1,-1,3,-1
2015921501271,1,5,0,16,0,3,0,0,0,0,4,1,1,1,48,8,749,1,19,-1,1,-1
2015921501271,2,9,0,16,0,3,0,0,0,0,3,1,1,1,28,6,1598,2,2,-1,1,-1
2015921501279,1,9,0,5,0,8,0,0,0,0,3,1,4,1,57,9,1398,1,5,-1,1,-1
2015921501279,2,9,0,18,0,8,0,0,0,0,1,1,4,2,28,6,2184,2,9,-1,3,-1
2015921501282,1,9,0,18,0,1,0,0,0,0,1,1,1,1,36,7,1560,2,1,-1,-1,-1
2015921501282,2,9,0,3,0,1,0,0,0,0,2,1,1,1,39,7,-1,-1,-1,-1,-1,-1
2015921501282,3,9,0,3,0,1,0,0,0,0,2,1,1,1,51,8,1968,2,8,-1,1,-1
2015921501284,1,9,0,18,9,2,0,10,1,0,1,1,6,1,33,6,2188,2,8,-1,3,-1
2015921501285,1,9,0,3,0,0,0,0,0,0,3,1,6,1,46,8,2179,2,3,-1,1,-1
2015921501286,1,9,0,9,0,6,0,0,0,0,1,1,1,1,55,8,-1,-1,-1,-1,1,-1
2015921501288,1,11,0,18,0,1,0,0,0,0,1,1,1,1,22,5,5900,2,8,-1,1,-1
2015921501288,2,21,0,3,0,1,0,0,0,0,2,1,1,1,55,8,12777,2,4,-1,2,-1
2015921501290,1,9,0,12,0,1,0,0,0,0,1,1,6,1,24,5,1999,1,9,-1,1,-1
2015921501292,1,11,0,9,0,1,0,0,0,0,1,1,6,1,56,9,4250,2,12,-1,1,-1
2015921501292,2,9,0,18,0,7,0,0,0,0,4,1,6,1,76,11,1197,1,2,-1,3,-1
2015921501293,1,9,0,7,0,8,0,0,0,0,4,1,2,1,78,11,1560,2,2,-1,1,-1
2015921501293,2,1,0,18,4,8,0,0,0,0,1,1,6,1,44,7,-1,-1,-1,-1,2,-1
2015921501295,1,1,0,18,4,1,0,0,0,0,3,1,1,1,45,7,-1,-1,-1,-1,2,-1
2015921501295,2,2,0,10,0,5,0,0,0,0,1,1,6,1,16,4,49,1,-1,-1,2,-1
2015921501300,1,9,0,16,0,0,1,0,1,0,1,1,6,1,51,8,1587,1,12,-1,3,-1
2015921501307,1,9,0,18,0,0,0,0,0,0,3,1,6,2,18,4,1242,1,11,-1,1,-1
2015921501307,2,9,0,5,0,0,0,0,0,0,4,1,6,1,36,7,1896,2,12,-1,1,-1
2015921501310,1,9,0,17,0,0,1,0,7,0,4,1,1,2,31,6,1586,1,5,-1,3,-1
2015921501310,2,9,0,16,0,0,0,0,0,0,1,1,6,1,39,7,2204,2,7,-1,3,-1
2015921501311,1,9,0,18,0,4,0,9,0,0,1,1,6,1,57,9,1598,1,10,-1,3,-1
2015921501318,1,9,0,18,0,0,0,0,0,0,1,1,6,1,69,10,1198,1,-1,-1,-1,-1
2015921501318,2,9,0,18,0,0,0,0,0,0,1,1,6,2,71,10,1398,2,4,-1,2,-1
2015921501318,3,9,0,18,0,0,0,1,0,0,1,1,1,2,39,7,1896,2,5,-1,3,-1
2015921501319,1,9,0,18,0,0,0,0,0,0,1,1,6,1,21,5,1390,1,4,-1,-1,-1
2015921501320,1,9,0,5,0,5,0,0,0,0,1,1,6,2,29,6,1197,1,2,-1,1,-1
2015921501321,1,9,0,2,0,0,0,0,0,0,3,1,6,3,25,5,2993,2,4,-1,1,-1
2015921501321,2,9,0,18,0,0,0,4,0,0,4,2,6,1,36,7,1796,1,14,-1,1,-1
2015921501322,1,9,0,18,0,1,0,0,0,0,1,1,6,1,91,11,1796,1,11,-1,2,-1
2015921501322,2,9,0,10,0,1,0,0,0,0,2,1,6,1,54,8,1388,1,12,-1,3,-1
2015921501325,1,2,0,18,0,1,0,0,0,0,3,1,2,2,16,4,-1,-1,-1,-1,1,-1
2015921501325,2,9,0,18,0,1,0,0,0,0,0,1,2,2,18,4,-1,-1,-1,-1,1,-1
2015921501327,1,10,0,4,0,0,0,0,0,0,1,1,1,1,60,9,-1,-1,-1,-1,1,-1
2015921501327,2,9,0,3,0,0,0,0,0,0,2,1,2,2,40,7,1598,1,5,-1,2,-1
2015921501328,1,9,0,18,0,0,0,0,0,0,1,1,6,1,21,5,1596,1,1,-1,1,-1
2015921501330,1,9,0,18,0,0,0,12,0,0,1,1,6,1,47,8,1560,2,2,-1,3,-1
2015921501341,1,8,0,18,0,0,0,0,0,0,4,1,1,1,55,8,1984,2,4,-1,3,-1
2015921501346,1,9,0,17,0,0,2,0,7,11,1,1,2,1,56,9,1498,1,8,-1,2,-1
2015921501347,1,9,0,10,0,1,0,0,0,0,4,1,1,1,50,8,2720,2,6,-1,1,-1
2015921501347,2,1,0,7,0,1,0,0,0,0,1,1,6,1,59,9,-1,-1,-1,-1,1,-1
2015921501349,1,9,0,13,0,0,0,0,0,0,1,1,6,2,26,6,1000,1,2,-1,2,-1
2015921501349,2,9,0,18,0,0,0,0,0,0,1,1,6,1,17,4,1398,2,6,-1,2,-1
2015921501351,1,9,0,17,0,0,0,0,7,10,1,1,6,1,85,11,1242,1,8,-1,3,-1
2015921501352,1,17,4,18,0,0,4,0,7,0,3,1,1,1,23,5,6728,2,4,-1,3,-1
2015921501352,2,9,0,18,0,0,0,0,0,0,3,1,6,1,58,9,1896,2,7,-1,3,-1
2015921501353,1,1,0,18,0,1,0,0,0,0,1,1,2,1,31,6,-1,-1,-1,-1,1,-1
2015921501353,2,19,0,7,4,6,0,0,0,0,3,1,1,1,48,8,2463,2,10,-1,3,-1
2015921501354,1,9,0,9,0,6,1,0,0,0,1,1,2,1,47,8,2179,2,8,-1,1,-1
2015921501354,2,19,0,13,0,1,0,0,0,0,1,1,2,1,69,10,2298,2,3,-1,3,-1
2015921501358,1,9,0,18,0,0,0,0,0,0,3,1,6,2,27,6,1198,1,12,-1,1,-1
2015921501359,1,9,0,9,0,1,1,0,3,11,1,1,6,1,31,6,1598,1,15,-1,1,-1
2015921501362,1,9,0,4,8,5,0,10,1,11,1,1,2,1,41,7,1598,2,3,-1,1,-1
2015921501364,1,9,0,16,0,0,0,0,0,0,1,1,6,1,18,4,1149,1,14,-1,3,-1
2015921501364,2,9,0,17,0,0,0,0,1,11,1,1,6,2,28,6,1388,1,6,-1,3,-1
2015921501365,1,9,0,4,0,0,0,0,0,0,2,1,6,1,52,8,1799,1,6,-1,3,-1
2015921501365,2,9,0,18,0,0,0,0,0,0,1,1,6,2,20,4,1399,2,5,-1,2,-1
2015921501366,1,9,0,5,0,2,0,0,0,0,4,1,6,1,23,5,1229,1,3,-1,3,-1
2015921501368,1,9,0,9,0,6,0,0,0,0,0,1,6,1,74,10,1997,2,2,-1,3,-1
2015921501368,2,3,0,18,0,8,2,0,0,0,3,1,2,1,21,5,124,1,8,-1,3,-1
2015921501372,1,9,0,18,0,0,0,0,0,0,3,1,2,1,47,8,2231,2,-1,-1,3,-1
2015921501372,2,9,0,18,0,0,0,0,0,0,1,1,1,2,41,7,1198,1,4,-1,3,-1
2015921501372,3,9,0,18,0,0,0,0,0,0,1,1,6,2,75,10,1386,1,6,-1,1,-1
2015921501375,1,9,0,3,0,1,0,0,0,0,2,1,6,2,26,6,998,1,1,-1,3,-1
2015921501375,2,9,0,4,0,1,0,0,0,0,2,1,6,1,63,9,1248,1,3,-1,2,-1
2015921501375,3,19,0,4,0,1,1,0,0,0,1,1,1,1,20,4,1560,2,4,-1,2,-1
2015921501376,1,9,0,9,0,8,0,0,0,0,1,1,6,1,52,8,1956,2,4,-1,1,-1