Accident_Index,Vehicle_Reference,Vehicle_Type,Towing_and_Articulation,Vehicle_Manoeuvre,Vehicle_Location-Restricted_Lane,Junction_Location,Skidding_and_Overturning,Hit_Object_in_Carriageway,Vehicle_Leaving_Carriageway,Hit_Object_off_Carriageway,1st_Point_of_Impact,Was_Vehicle_Left_Hand_Drive?,Journey_Purpose_of_Driver,Sex_of_Driver,Age_of_Driver,Age_Band_of_Driver,Engine_Capacity_(CC),Propulsion_Code,Age_of_Vehicle,Driver_IMD_Decile,Driver_Home_Area_Type,Vehicle_IMD_Decile
2015930000377,1,9,0,18,0,1,0,0,0,0,1,1,6,1,43,7,998,1,13,-1,1,-1
2015930000377,2,9,0,10,0,1,0,0,0,0,1,1,6,2,35,6,1248,1,2,-1,1,-1
2015930000378,1,9,0,18,0,0,0,0,1,11,1,1,6,2,23,5,1796,1,11,-1,1,-1
2015930000379,1,5,0,17,0,0,1,0,0,0,1,1,6,1,54,8,1450,1,13,-1,3,-1
2015930000380,1,9,0,18,0,0,0,0,0,0,1,1,6,1,26,6,2521,1,10,-1,1,-1
2015930000380,2,9,0,10,0,1,0,0,7,10,3,1,6,1,62,9,1753,2,5,-1,1,-1
2015930000381,1,9,0,18,0,0,5,0,7,0,1,1,6,1,28,6,998,1,10,-1,3,-1
2015930000382,1,9,0,16,0,0,5,0,1,0,1,1,2,1,19,4,1390,1,13,-1,3,-1
2015930000383,1,9,0,18,0,1,0,0,0,0,1,1,6,2,20,4,1242,1,5,-1,1,-1
2015930000383,2,90,0,4,0,1,0,0,0,0,2,1,1,1,59,9,-1,-1,-1,-1,3,-1
2015930000384,1,11,0,18,0,0,0,0,0,0,1,1,1,1,57,9,7300,2,11,-1,1,-1
2015930000385,1,9,0,18,0,1,0,0,0,0,1,1,2,2,46,8,1124,1,10,-1,1,-1
2015930000386,1,-1,0,18,0,0,0,0,0,0,0,1,6,3,-1,-1,-1,-1,-1,-1,-1,-1
2015930000386,2,9,0,18,0,0,0,0,1,4,1,1,6,1,28,6,1349,1,3,-1,2,-1
2015930000387,1,20,0,16,0,0,0,0,1,4,1,1,2,1,45,7,-1,-1,-1,-1,1,-1
2015930000387,2,17,0,17,0,0,0,0,0,0,1,1,1,1,19,4,-1,-1,-1,-1,3,-1
2015930000388,1,9,0,18,0,0,0,4,0,0,1,1,6,1,73,10,1108,1,6,-1,1,-1
2015930000388,2,9,0,2,0,0,0,0,0,0,3,1,6,2,67,10,998,1,2,-1,1,-1
2015930000388,3,9,0,18,0,0,1,0,0,0,3,1,6,2,56,9,1197,1,-1,-1,1,-1
2015930000389,1,9,0,18,0,0,0,10,5,6,1,1,6,1,30,6,1596,1,4,-1,1,-1
2015930000390,1,9,0,9,0,2,0,0,0,0,4,1,6,1,65,9,-1,-1,-1,-1,3,-1
2015930000390,2,9,0,18,0,1,0,0,0,0,1,1,2,2,41,7,-1,-1,-1,-1,2,-1
2015930000391,1,21,0,18,0,0,0,0,7,4,1,1,1,1,51,8,-1,-1,-1,-1,1,-1
2015930000392,1,9,0,18,0,0,0,4,0,0,1,1,6,1,85,11,1598,1,13,-1,3,-1
2015930000392,2,21,0,2,0,0,0,0,0,0,1,1,1,1,50,8,4580,2,2,-1,1,-1
2015930000393,1,3,0,18,0,2,0,0,0,0,1,1,6,1,45,7,-1,-1,-1,-1,1,-1
2015930000393,2,11,0,18,0,2,0,0,0,0,3,1,1,1,49,8,6696,2,1,-1,1,-1
2015930000394,1,9,0,5,0,2,0,0,0,0,1,1,6,2,18,4,1229,1,-1,-1,1,-1
2015930000394,2,1,0,18,0,2,0,0,0,0,1,1,6,1,60,9,-1,-1,-1,-1,1,-1
2015930000395,1,9,0,13,0,1,0,0,0,0,1,1,6,2,61,9,1951,2,10,-1,3,-1
2015930000395,2,9,0,9,0,8,5,0,0,0,3,1,6,1,43,7,2902,2,9,-1,3,-1
2015930000396,1,5,0,13,0,1,0,0,0,0,1,1,6,1,52,8,992,1,12,-1,3,-1
2015930000396,2,9,0,9,0,1,0,0,0,0,1,1,6,1,55,8,1242,1,6,-1,3,-1
2015930000397,1,9,0,1,0,0,0,0,0,0,2,1,6,1,59,9,1598,2,2,-1,1,-1
2015930000397,2,9,2,2,0,0,0,0,0,0,4,1,6,1,19,4,1199,2,4,-1,1,-1
2015930000398,1,9,0,18,0,0,5,0,7,0,1,1,6,1,67,10,-1,-1,-1,-1,3,-1
2015930000399,1,9,0,18,0,0,0,4,0,0,4,1,6,2,71,10,1149,1,4,-1,3,-1
2015930000399,2,9,0,2,0,0,0,0,0,0,3,1,6,1,62,9,-1,-1,-1,-1,3,-1
2015930000400,1,9,0,18,0,2,0,0,0,0,1,1,6,1,41,7,1598,1,9,-1,1,-1
2015930000400,2,9,0,18,0,2,0,0,0,0,2,1,6,1,63,9,1598,1,4,-1,1,-1
2015930000401,1,9,0,9,0,1,0,0,0,0,1,1,6,2,39,7,1796,1,7,-1,3,-1
2015930000402,1,3,0,16,0,0,0,4,0,0,3,1,6,1,60,9,125,1,3,-1,3,-1
2015930000402,2,21,0,2,0,0,0,0,0,0,2,1,1,1,55,8,-1,-1,-1,-1,3,-1
2015930000403,1,9,0,5,0,2,0,0,0,0,1,1,6,1,66,10,1364,1,9,-1,1,-1
2015930000403,2,9,0,18,0,1,0,0,0,0,4,1,6,1,35,6,1997,2,3,-1,1,-1
2015930000404,1,9,0,17,0,0,0,0,1,3,1,1,6,1,67,10,1198,1,3,-1,3,-1
2015930000405,1,9,0,4,0,1,0,0,0,0,1,1,6,2,29,6,1364,1,6,-1,3,-1
2015930000406,1,9,0,18,0,0,0,0,0,0,1,1,6,1,51,8,1596,1,10,-1,1,-1
2015930000406,2,9,0,18,0,0,0,0,0,0,3,1,6,1,53,8,1968,2,-1,-1,1,-1
2015930000406,3,9,0,18,0,0,0,0,0,0,1,1,6,2,26,6,1497,1,13,-1,1,-1
2015930000407,1,9,0,5,0,2,0,0,0,0,1,1,6,2,30,6,-1,-1,-1,-1,1,-1
2015930000407,2,9,0,18,0,1,0,0,0,0,4,1,6,2,51,8,-1,-1,-1,-1,3,-1
2015930000408,1,9,0,18,0,0,0,0,0,0,1,1,6,1,32,6,1956,2,3,-1,3,-1
2015930000408,2,9,0,18,0,0,0,0,1,0,2,1,6,1,53,8,1461,2,2,-1,2,-1
2015930000409,1,9,0,18,0,2,0,0,0,0,1,1,6,1,31,6,1598,1,8,-1,1,-1
2015930000409,2,9,0,18,0,2,0,0,0,0,4,1,6,1,40,7,1910,2,10,-1,1,-1
2015930000410,1,9,0,18,0,0,0,0,7,11,1,1,6,1,32,6,1685,2,1,-1,1,-1
2015930000411,1,9,0,13,0,0,0,0,0,0,4,1,6,1,32,6,1685,2,1,-1,1,-1
2015930000411,2,1,0,18,0,0,0,0,0,0,3,1,6,1,37,7,-1,-1,-1,-1,3,-1
2015930000412,1,9,0,18,0,0,0,0,1,4,1,1,6,1,40,7,1995,2,11,-1,2,-1
2015930000413,1,9,0,16,0,0,0,12,0,0,1,1,6,2,56,9,1242,1,5,-1,3,-1
2015930000414,1,5,0,16,0,1,0,0,7,10,1,1,6,1,46,8,1198,1,-1,-1,1,-1
2015930000415,1,9,0,18,0,1,0,0,0,0,2,1,6,2,31,6,2179,2,-1,-1,1,-1
2015930000416,1,9,0,18,0,0,0,0,0,0,1,1,6,1,35,6,1560,2,9,-1,1,-1
2015930000416,2,9,0,18,0,0,0,0,0,0,2,1,6,2,49,8,1242,1,2,-1,1,-1
2015930000417,1,9,0,9,0,1,0,0,7,4,4,1,6,1,23,5,1396,1,10,-1,1,-1
2015930000418,1,9,0,16,0,0,0,11,0,0,1,1,6,3,-1,-1,-1,-1,-1,-1,-1,-1
2015930000419,1,9,0,9,0,1,0,0,0,0,4,1,6,1,18,4,1124,1,8,-1,3,-1
2015930000419,2,1,0,18,0,1,0,0,0,0,1,1,6,1,41,7,-1,-1,-1,-1,3,-1
2015930000420,1,9,0,2,0,0,0,0,0,0,1,1,6,1,19,4,1199,2,3,-1,1,-1
2015930000420,2,3,0,18,0,0,0,0,0,0,1,1,6,2,50,8,124,1,4,-1,1,-1
2015930000421,1,9,0,17,0,0,0,0,7,3,1,1,6,2,22,5,1360,1,13,-1,3,-1
2015930000422,1,9,0,18,0,2,0,0,0,0,1,1,2,2,28,6,1229,1,9,-1,1,-1
2015930000423,1,9,0,16,0,2,0,0,7,4,1,1,6,1,18,4,1332,1,10,-1,2,-1
2015930000424,1,9,0,5,0,2,0,0,0,0,3,1,6,1,77,11,1390,1,6,-1,2,-1
2015930000424,2,5,0,18,0,1,0,0,0,0,1,1,2,2,20,4,125,1,1,-1,2,-1
2015930000425,1,9,0,4,0,1,0,0,0,0,1,1,6,1,79,11,1598,2,5,-1,1,-1
2015930000425,2,9,0,18,0,1,0,0,0,0,1,1,6,2,66,10,1398,2,1,-1,2,-1
2015930000426,1,9,0,18,0,0,5,0,7,11,1,1,6,1,35,6,1396,1,10,-1,1,-1
2015930000427,1,5,0,18,0,0,0,0,1,11,1,1,6,1,53,8,1137,1,9,-1,1,-1
2015930000429,1,9,0,5,0,2,0,0,0,0,1,1,6,1,35,6,-1,-1,-1,-1,3,-1
2015930000429,2,9,0,18,0,1,0,0,0,0,4,1,6,1,68,10,1968,2,2,-1,1,-1
2015930000430,1,9,0,13,0,0,0,0,0,0,1,1,2,1,29,6,-1,-1,-1,-1,3,-1
2015930000430,2,9,0,18,0,0,0,0,1,4,1,1,6,2,32,6,1598,1,15,-1,1,-1
2015930000431,1,5,0,18,0,0,0,0,0,0,1,1,6,1,48,8,885,1,23,-1,-1,-1
2015930000431,2,9,0,18,0,0,0,0,0,0,1,1,6,1,35,6,1997,2,1,-1,1,-1
2015930000432,1,9,0,18,0,0,0,0,1,11,1,1,6,1,67,10,1560,2,4,-1,1,-1
2015930000432,2,9,2,18,0,0,0,0,1,0,1,1,6,2,54,8,1994,1,14,-1,3,-1
2015930000433,1,9,0,18,0,1,0,0,0,0,1,1,6,1,70,10,1997,2,13,-1,1,-1
2015930000434,1,19,0,5,0,1,0,0,0,0,1,1,6,1,40,7,-1,-1,-1,-1,1,-1
2015930000434,2,9,0,3,0,1,0,0,0,0,2,1,6,1,65,9,1995,2,2,-1,1,-1
2015930000435,1,1,0,5,0,2,0,0,0,0,1,1,6,1,14,3,-1,-1,-1,-1,1,-1
2015930000435,2,9,0,18,0,1,0,0,0,0,2,1,6,2,33,6,1149,1,4,-1,1,-1
2015930000436,1,9,0,13,0,0,0,0,0,0,1,1,1,1,58,9,1968,2,8,-1,-1,-1
2015930000436,2,21,0,18,0,0,0,0,0,0,0,1,1,1,51,8,7790,2,2,-1,3,-1
2015930000437,1,9,0,16,0,0,5,0,7,0,1,1,6,1,92,11,1198,1,8,-1,1,-1
2015930000438,1,9,0,5,0,2,0,0,0,0,1,1,6,1,71,10,1560,2,5,-1,1,-1
2015930000438,2,1,0,18,0,3,0,0,0,0,1,1,6,1,52,8,-1,-1,-1,-1,1,-1
2015930000439,1,9,0,18,0,1,0,0,0,0,1,1,6,1,53,8,1796,1,8,-1,1,-1
2015930000439,2,9,0,5,0,1,0,0,0,0,2,1,2,2,54,8,1149,1,3,-1,1,-1
2015930000440,1,90,0,9,0,1,0,0,0,0,1,1,6,3,-1,-1,-1,-1,-1,-1,-1,-1
2015930000440,2,1,0,4,0,1,0,0,0,0,1,1,6,1,37,7,-1,-1,-1,-1,1,-1
2015930000441,1,9,0,18,0,0,0,0,0,0,1,1,6,1,20,4,1598,1,7,-1,3,-1
2015930000441,2,9,0,18,0,0,0,0,0,0,2,1,6,1,32,6,1560,2,2,-1,2,-1
2015930000442,1,5,0,16,0,0,0,0,0,0,1,1,6,1,28,6,599,1,15,-1,1,-1
2015930000442,2,9,0,18,0,0,0,0,0,0,1,1,6,1,60,9,2231,2,2,-1,3,-1
2015930000443,1,9,0,18,0,1,0,0,0,0,1,1,3,2,35,6,1598,1,7,-1,1,-1
2015930000444,1,9,0,18,0,1,0,0,0,0,1,1,6,1,32,6,1396,1,11,-1,1,-1
2015930000444,2,9,0,10,0,1,0,0,0,0,2,1,6,1,56,9,1599,1,15,-1,1,-1
2015930000445,1,9,0,1,0,6,0,0,1,11,1,1,6,1,23,5,1149,1,6,-1,2,-1
2015930000445,2,9,0,18,0,1,0,0,1,11,1,1,6,2,41,7,998,1,13,-1,-1,-1
2015930000446,1,90,0,18,0,1,0,0,0,0,1,1,6,3,-1,-1,-1,-1,-1,-1,-1,-1
2015930000447,1,9,0,7,0,0,0,0,0,0,3,1,6,3,-1,-1,-1,-1,-1,-1,-1,-1
2015930000447,2,1,0,18,0,0,0,0,0,0,3,1,6,1,10,2,-1,-1,-1,-1,1,-1
2015930000449,1,9,0,18,0,2,0,0,0,0,1,1,6,2,35,6,1590,1,14,-1,1,-1
2015930000449,2,21,0,18,0,2,0,0,0,0,4,1,1,1,51,8,7146,2,2,-1,3,-1
2015930000450,1,9,0,18,0,2,0,0,0,0,1,1,6,1,45,7,1968,2,3,-1,1,-1
2015930000451,1,9,0,18,0,0,0,0,0,0,1,1,6,1,63,9,1560,2,3,-1,3,-1
2015930000451,2,9,0,18,0,0,0,0,0,0,1,1,6,2,53,8,1560,2,3,-1,3,-1
2015930000452,1,9,0,5,0,2,0,0,0,0,3,1,6,1,-1,-1,1984,1,12,-1,1,-1
2015930000452,2,9,0,18,0,1,0,0,0,0,1,1,2,1,28,6,1896,2,10,-1,1,-1
2015930000453,1,9,0,18,0,0,0,0,0,0,1,1,3,2,45,7,2143,2,5,-1,1,-1
2015930000454,1,9,0,9,0,1,0,0,0,0,1,1,6,1,65,9,-1,-1,-1,-1,1,-1
2015930000454,2,4,0,18,0,2,0,0,0,0,3,1,6,1,31,6,-1,-1,-1,-1,1,-1
2015930000455,1,90,0,18,0,2,0,0,0,0,1,1,6,3,-1,-1,-1,-1,-1,-1,-1,-1
2015930000455,2,9,0,18,0,2,0,0,0,0,1,1,6,1,64,9,1956,2,1,-1,1,-1
2015930000456,1,9,0,16,0,0,0,0,0,0,1,1,1,1,53,8,-1,-1,-1,-1,3,-1
2015930000456,2,9,0,17,0,0,0,0,0,0,1,1,1,1,24,5,1198,1,3,-1,1,-1
2015930000457,1,9,0,18,0,0,0,0,0,0,1,1,6,2,73,10,1560,2,10,-1,3,-1
2015930000457,2,19,0,18,0,0,0,0,0,0,1,1,1,1,50,8,2148,2,9,-1,1,-1
2015930000458,1,4,0,16,0,0,0,0,0,0,1,1,6,2,22,5,124,1,3,-1,3,-1
2015930000459,1,5,0,16,0,0,0,0,0,0,1,1,6,1,43,7,-1,-1,-1,-1,1,-1
2015930000459,2,9,0,18,0,0,0,0,1,10,3,1,6,1,30,6,1368,1,5,-1,1,-1
2015930000459,3,9,0,18,0,0,0,0,0,0,1,1,6,1,25,5,1956,2,5,-1,1,-1
2015930000460,1,17,0,18,0,0,0,0,0,0,2,1,1,1,19,4,-1,-1,-1,-1,3,-1
2015930000460,2,9,0,4,0,0,0,0,0,0,2,1,6,1,52,8,2987,2,3,-1,1,-1
2015930000461,1,9,0,16,0,0,2,0,7,4,1,1,2,2,22,5,1598,1,12,-1,1,-1
2015930000462,1,9,0,5,0,3,0,0,0,0,4,1,6,2,70,10,1339,1,6,-1,1,-1
2015930000462,2,21,0,18,0,1,0,0,0,0,1,1,1,1,52,8,9186,2,2,-1,1,-1
2015930000463,1,9,0,18,0,0,1,0,0,0,4,1,6,2,48,8,1590,1,13,-1,3,-1
2015930000463,2,9,0,18,0,0,0,0,1,0,1,1,6,1,44,7,1998,1,10,-1,1,-1
2015930000464,1,9,0,1,0,0,0,4,0,0,2,1,6,1,85,11,999,1,1,-1,1,-1
2015930000464,2,9,0,2,0,0,0,0,0,0,1,1,6,1,28,6,-1,-1,-1,-1,1,-1
2015930000464,3,9,0,2,0,0,0,0,0,0,1,1,6,2,25,5,1149,1,8,-1,1,-1
2015930000465,1,21,0,18,0,0,0,0,0,0,1,1,1,1,33,6,12777,2,7,-1,2,-1
2015930000466,1,19,0,5,0,0,0,0,0,0,1,1,6,1,40,7,2198,2,8,-1,3,-1
2015930000466,2,1,0,18,0,0,0,0,0,0,1,1,6,1,12,3,-1,-1,-1,-1,3,-1
2015930000467,1,9,0,18,0,0,0,0,0,0,1,1,6,1,27,6,1560,2,1,-1,2,-1
2015930000467,2,9,0,18,0,0,0,0,0,0,1,1,6,1,26,6,1796,1,9,-1,-1,-1
2015930000468,1,1,0,18,0,1,0,12,0,0,1,1,6,1,53,8,-1,-1,-1,-1,3,-1
2015930000469,1,9,0,5,0,2,0,0,0,0,1,1,6,2,65,9,1598,1,1,-1,1,-1
2015930000469,2,1,2,18,0,1,0,0,0,0,1,1,2,1,38,7,-1,-1,-1,-1,1,-1
2015930000470,1,9,0,5,0,2,0,0,0,0,1,1,2,1,73,10,-1,-1,-1,-1,1,-1
2015930000470,2,9,0,18,0,1,0,0,0,0,3,1,3,1,36,7,2401,2,11,-1,1,-1
2015930000471,1,9,0,16,0,0,5,0,0,0,1,1,6,1,49,8,1360,1,12,-1,-1,-1
2015930000472,1,5,0,13,0,1,0,0,0,0,1,1,6,1,51,8,-1,-1,-1,-1,2,-1
2015930000472,2,17,0,9,0,1,0,0,0,0,3,1,1,1,27,6,-1,-1,-1,-1,3,-1
2015930000473,1,20,0,5,0,2,0,0,0,0,1,1,1,1,28,6,-1,-1,-1,-1,1,-1
2015930000473,2,9,0,18,0,1,0,0,0,0,1,1,6,1,82,11,1149,1,7,-1,1,-1
2015930000474,1,9,0,18,0,1,0,0,0,0,1,1,6,1,66,10,998,1,4,-1,1,-1
2015930000475,1,2,0,13,0,0,0,0,0,0,3,1,6,1,53,8,125,1,-1,-1,1,-1
2015930000475,2,9,0,18,0,0,0,0,0,0,4,1,6,2,68,10,-1,-1,-1,-1,1,-1
2015930000476,1,9,0,18,0,1,0,0,0,0,1,1,6,1,70,10,1591,1,6,-1,1,-1
2015930000476,2,1,0,18,0,1,0,0,0,0,4,1,6,1,46,8,-1,-1,-1,-1,1,-1
2015930000477,1,9,0,18,0,0,5,0,0,0,1,1,6,1,19,4,1598,1,10,-1,3,-1
2015930000477,2,9,0,18,0,0,0,0,0,0,1,1,6,1,65,9,-1,-1,-1,-1,1,-1
2015930000478,1,9,0,4,0,1,0,0,0,0,1,1,6,1,18,4,1199,1,12,-1,2,-1
2015930000478,2,9,0,3,0,1,0,0,0,0,2,1,6,1,18,4,1229,1,9,-1,3,-1
2015930000478,3,9,0,3,0,1,0,0,0,0,2,1,6,1,71,10,1796,1,13,-1,3,-1
2015930000479,1,9,0,17,0,2,0,0,1,2,1,1,1,1,46,8,1560,2,3,-1,1,-1
2015930000480,1,9,0,18,0,0,0,0,1,4,1,1,6,1,57,9,1329,1,2,-1,3,-1
2015930000481,1,21,4,4,0,0,3,0,0,0,3,1,1,1,31,6,12777,2,9,-1,1,-1
2015930000481,2,9,0,18,0,0,5,0,0,0,1,1,6,1,69,10,1390,1,5,-1,3,-1
2015930000482,1,9,0,15,0,0,0,0,1,11,1,1,6,1,52,8,1600,1,15,-1,3,-1
2015930000483,1,9,0,9,0,0,0,0,0,0,3,1,6,1,46,8,1598,1,1,-1,3,-1
2015930000483,2,5,0,14,0,0,0,0,0,0,1,1,2,1,28,6,849,1,5,-1,1,-1
2015930000484,1,9,0,13,0,1,0,0,7,0,1,1,6,1,25,5,1600,1,25,-1,3,-1
2015930000484,2,9,0,9,0,1,0,0,0,0,2,1,6,1,71,10,999,1,9,-1,2,-1
2015930000485,1,9,0,18,0,1,0,0,0,0,1,1,1,1,47,8,-1,-1,-1,-1,3,-1
2015930000485,2,9,0,3,0,1,5,0,0,0,2,1,1,1,50,8,1995,2,11,-1,3,-1
2015930000486,1,9,0,18,0,0,0,0,0,0,0,1,1,2,44,7,1199,2,1,-1,3,-1
2015930000487,1,9,0,18,0,0,5,0,1,11,1,1,6,1,29,6,1560,2,10,-1,3,-1
2015930000488,1,9,0,18,0,0,0,0,1,11,1,1,1,2,42,7,1248,2,7,-1,-1,-1
2015930000489,1,9,0,18,0,0,0,0,0,0,1,1,6,1,71,10,998,1,-1,-1,3,-1
2015930000490,1,9,0,18,0,1,0,0,0,0,1,1,1,1,26,6,1497,1,10,-1,2,-1
2015930000491,1,19,2,1,0,1,0,0,0,0,2,1,6,1,53,8,1598,2,1,-1,1,-1
2015930000492,1,21,0,4,0,1,0,0,0,0,1,1,1,1,62,9,-1,-1,-1,-1,1,-1
2015930000492,2,9,0,4,0,1,0,0,0,0,2,1,6,1,72,10,-1,-1,-1,-1,1,-1
2015930000493,1,9,0,5,0,2,0,0,0,0,3,1,6,1,64,9,1997,2,4,-1,1,-1
2015930000493,2,2,0,18,0,1,0,0,0,0,4,1,6,1,38,7,124,1,1,-1,3,-1
2015930000494,1,5,0,16,0,0,0,0,0,0,1,1,6,1,32,6,998,1,6,-1,1,-1
2015930000494,2,20,0,18,0,0,0,0,0,0,1,1,1,1,43,7,-1,-1,-1,-1,3,-1
2015930000495,1,21,0,18,0,0,0,0,0,0,1,1,1,1,60,9,-1,-1,-1,-1,3,-1
2015930000496,1,9,0,18,0,2,0,0,0,0,2,1,1,1,82,11,1995,2,3,-1,3,-1
2015930000496,2,9,0,18,0,1,0,0,0,0,1,1,1,1,18,4,999,1,3,-1,3,-1
2015930000497,1,19,0,5,0,2,0,0,0,0,1,1,1,1,64,9,1248,2,2,-1,1,-1
2015930000497,2,1,0,18,0,1,0,0,0,0,3,1,2,1,30,6,-1,-1,-1,-1,3,-1
2015930000498,1,9,0,18,0,1,5,0,5,7,1,1,1,1,63,9,1995,2,6,-1,1,-1
2015930000499,1,9,0,17,0,2,0,0,1,11,1,1,6,1,16,4,1984,1,17,-1,1,-1
2015930000500,1,9,0,16,0,1,5,0,1,11,1,1,2,1,18,4,1248,2,6,-1,2,-1
2015930000501,1,9,0,18,0,0,0,10,7,0,1,1,6,1,60,9,1968,2,7,-1,1,-1
2015930000502,1,90,0,18,0,1,0,0,0,0,1,1,6,3,-1,-1,-1,-1,-1,-1,-1,-1
2015930000502,2,1,0,18,0,1,0,0,0,0,1,1,2,1,37,7,-1,-1,-1,-1,1,-1
2015930000503,1,90,0,18,0,1,0,0,0,0,4,1,6,3,-1,-1,-1,-1,-1,-1,-1,-1
2015930000503,2,1,0,18,0,1,0,0,0,0,3,1,6,2,55,8,-1,-1,-1,-1,1,-1
2015930000504,1,9,0,5,0,2,0,0,0,0,1,1,6,3,25,5,-1,-1,-1,-1,3,-1
2015930000504,2,9,0,18,0,1,0,0,0,0,1,1,6,2,35,6,998,1,3,-1,2,-1
2015930000504,3,20,0,18,0,1,0,0,0,0,1,1,6,1,46,8,-1,-1,-1,-1,2,-1
2015930000505,1,9,2,18,0,0,5,0,7,0,1,1,6,1,32,6,1769,1,11,-1,1,-1
2015930000506,1,9,0,18,0,0,0,0,0,0,1,1,6,2,38,7,1598,2,1,-1,3,-1
2015930000507,1,90,0,9,0,1,0,0,0,0,0,1,6,3,-1,-1,-1,-1,-1,-1,-1,-1
2015930000507,2,1,0,3,0,1,0,0,0,0,0,1,6,1,65,9,-1,-1,-1,-1,2,-1
2015930000508,1,20,0,17,0,0,5,0,1,11,1,1,6,1,30,6,-1,-1,-1,-1,2,-1
2015930000509,1,9,0,18,0,0,5,0,1,10,1,1,2,2,19,4,1198,1,9,-1,2,-1
2015930000510,1,9,0,18,0,0,0,0,0,0,1,1,6,1,41,7,1398,2,13,-1,2,-1
2015930000510,2,9,0,4,0,0,0,0,0,0,2,1,6,1,67,10,1242,1,2,-1,1,-1
2015930000511,1,9,0,18,0,0,0,0,0,0,1,1,6,2,78,11,1560,2,1,-1,3,-1
2015930000512,1,5,0,16,0,0,0,0,0,0,1,1,6,1,30,6,1050,1,6,-1,1,-1
2015930000512,2,9,0,18,0,0,0,0,0,0,1,1,6,2,62,9,1560,2,-1,-1,1,-1
2015930000513,1,9,0,5,0,1,0,0,0,0,1,1,6,2,36,7,1998,1,4,-1,3,-1
2015930000513,2,1,2,18,0,1,0,0,0,0,1,1,6,1,78,11,-1,-1,-1,-1,1,-1
2015930000514,1,9,0,18,0,1,0,0,0,0,1,1,1,1,27,6,-1,-1,-1,-1,1,-1
2015930000514,2,9,0,4,0,1,0,0,0,0,2,1,6,2,23,5,1968,2,5,-1,1,-1
2015930000515,1,9,0,18,0,0,0,0,0,0,1,1,6,1,26,6,1395,1,2,-1,1,-1
2015930000515,2,1,0,18,0,0,0,0,0,0,1,1,6,2,4,1,-1,-1,-1,-1,1,-1
2015930000516,1,9,0,18,0,2,0,0,0,0,1,1,1,1,47,8,1560,2,3,-1,1,-1
2015930000516,2,9,0,18,0,2,0,0,0,0,2,1,2,2,41,7,1496,2,-1,-1,1,-1
2015930000517,1,90,0,18,0,1,0,0,0,0,1,1,6,1,15,3,-1,-1,-1,-1,1,-1
2015930000517,2,9,0,18,0,2,0,0,0,0,1,1,6,2,48,8,1388,1,11,-1,1,-1
2015930000518,1,9,0,5,0,2,0,0,0,0,1,1,6,2,75,10,1240,1,11,-1,2,-1
2015930000518,2,9,0,18,0,1,0,0,7,11,1,1,6,1,32,6,1598,1,14,-1,2,-1
2015930000519,1,9,0,18,0,1,0,0,0,0,1,1,6,1,68,10,-1,-1,-1,-1,1,-1
2015930000520,1,90,0,18,0,0,0,0,0,0,4,1,6,3,-1,-1,-1,-1,-1,-1,-1,-1
2015930000521,1,9,0,9,0,1,0,0,0,0,1,1,6,1,81,11,1364,1,6,-1,3,-1
2015930000521,2,1,0,18,0,1,0,0,0,0,1,1,6,1,55,8,-1,-1,-1,-1,1,-1
2015930000522,1,9,0,16,0,0,0,0,7,11,1,1,6,2,63,9,998,1,3,-1,3,-1
2015930000523,1,9,0,18,0,1,0,0,0,0,1,1,6,1,56,9,1596,1,4,-1,1,-1
2015930000524,1,9,0,17,0,0,5,0,1,11,1,1,1,1,17,4,2495,2,11,-1,3,-1
2015930000525,1,20,0,5,0,3,0,0,0,0,3,1,1,1,50,8,-1,-1,-1,-1,1,-1
2015930000525,2,4,0,18,0,3,0,0,0,0,3,1,6,1,27,6,124,1,-1,-1,1,-1
2015930000526,1,9,4,18,0,0,5,0,0,0,1,1,6,1,50,8,2982,2,2,-1,3,-1
2015930000527,1,9,0,16,0,0,0,10,0,0,1,1,2,2,40,7,1798,1,7,-1,1,-1
2015930000527,2,9,0,18,0,0,0,0,0,0,1,1,6,2,18,4,1587,1,12,-1,1,-1
2015930000528,1,90,0,18,0,1,0,0,0,0,4,1,6,3,-1,-1,-1,-1,-1,-1,-1,-1
2015930000529,1,9,0,18,0,0,0,0,0,0,3,1,2,1,18,4,1242,1,11,-1,3,-1
2015930000530,1,9,0,17,0,0,0,0,0,0,1,1,2,3,24,5,1896,2,14,-1,1,-1
2015930000530,2,9,0,16,0,0,0,0,0,0,1,1,2,2,-1,-1,1198,1,2,-1,3,-1
2015930000531,1,9,0,18,0,0,0,0,7,0,1,1,6,1,40,7,1388,1,13,-1,1,-1
2015930000531,2,20,0,18,0,0,0,0,0,0,1,1,1,1,40,7,-1,-1,-1,-1,-1,-1
2015930000531,3,9,0,18,0,0,0,0,0,0,0,1,6,1,33,6,1364,1,8,-1,1,-1
2015930000532,1,9,0,18,0,0,0,0,7,0,1,1,6,1,18,4,1398,1,3,-1,3,-1
2015930000533,1,5,0,16,0,0,0,0,0,0,1,1,6,1,37,7,599,1,12,-1,1,-1