Accident_Index,Vehicle_Reference,Vehicle_Type,Towing_and_Articulation,Vehicle_Manoeuvre,Vehicle_Location-Restricted_Lane,Junction_Location,Skidding_and_Overturning,Hit_Object_in_Carriageway,Vehicle_Leaving_Carriageway,Hit_Object_off_Carriageway,1st_Point_of_Impact,Was_Vehicle_Left_Hand_Drive?,Journey_Purpose_of_Driver,Sex_of_Driver,Age_of_Driver,Age_Band_of_Driver,Engine_Capacity_(CC),Propulsion_Code,Age_of_Vehicle,Driver_IMD_Decile,Driver_Home_Area_Type,Vehicle_IMD_Decile
2015950000709,1,19,0,18,0,0,0,0,0,0,1,1,1,1,59,9,1560,2,3,-1,-1,-1
2015950000709,2,9,0,18,0,0,0,0,0,0,2,1,6,2,37,7,2685,2,11,-1,1,-1
2015950000710,1,10,0,18,0,0,0,0,4,6,1,1,6,1,56,9,2400,2,13,-1,1,-1
2015950000710,2,9,0,18,0,0,0,0,0,0,2,1,6,1,41,7,-1,-1,-1,-1,1,-1
2015950000710,3,9,0,4,0,0,0,0,0,0,2,1,6,1,47,8,2720,2,9,-1,1,-1
2015950000711,1,9,0,18,0,0,0,0,0,0,1,1,1,1,55,8,1896,2,10,-1,1,-1
2015950000712,1,19,0,9,0,8,0,0,0,0,3,1,1,1,24,5,2198,2,4,-1,1,-1
2015950000712,2,9,0,18,0,8,0,0,0,0,1,1,6,1,22,5,1198,1,8,-1,1,-1
2015950000713,1,21,0,18,0,2,0,0,0,0,4,1,1,1,41,7,9290,2,2,-1,1,-1
2015950000713,2,9,0,9,0,8,0,0,0,0,1,1,6,2,67,10,1956,2,2,-1,3,-1
2015950000714,1,9,0,4,0,1,0,0,0,0,1,1,6,1,22,5,1968,2,5,-1,3,-1
2015950000714,2,9,0,4,0,1,0,0,0,0,2,1,6,1,53,8,3700,1,6,-1,2,-1
2015950000715,1,3,0,7,0,2,0,0,0,0,1,1,2,1,28,6,125,1,9,-1,1,-1
2015950000716,1,9,0,18,0,1,0,0,0,0,4,1,2,2,26,6,1349,1,3,-1,1,-1
2015950000717,1,3,0,18,9,0,0,0,0,0,1,1,6,1,22,5,-1,-1,-1,-1,-1,-1
2015950000719,1,9,0,2,0,0,0,0,0,0,3,1,6,1,46,8,1997,1,2,-1,-1,-1
2015950000719,2,1,0,18,0,0,0,0,0,0,4,1,6,1,50,8,-1,-1,-1,-1,-1,-1
2015950000720,1,2,0,18,0,8,0,0,0,0,1,1,1,1,29,6,49,1,9,-1,1,-1
2015950000720,2,8,0,4,0,8,0,0,0,0,2,1,1,1,25,5,2664,2,17,-1,1,-1
2015950000721,1,9,0,16,0,2,2,0,8,11,3,1,1,2,17,4,1299,1,10,-1,3,-1
2015950000722,1,9,0,17,0,0,1,0,7,0,1,1,6,2,26,6,1461,2,12,-1,1,-1
2015950000722,2,9,0,16,0,0,0,0,0,0,1,1,6,1,48,8,-1,-1,-1,-1,3,-1
2015950000722,3,9,0,16,0,0,0,0,0,0,1,1,6,1,28,6,1999,1,8,-1,3,-1
2015950000723,1,9,0,9,0,8,0,0,0,0,1,1,6,1,78,11,1598,1,6,-1,1,-1
2015950000723,2,9,0,9,0,8,0,0,0,0,1,1,6,2,45,7,1390,1,13,-1,1,-1
2015950000724,1,9,0,6,0,1,0,0,0,0,1,1,6,1,77,11,1108,1,6,-1,1,-1
2015950000724,2,9,0,18,0,1,0,10,0,0,1,1,6,1,31,6,-1,-1,-1,-1,1,-1
2015950000724,3,9,0,2,0,8,0,0,0,0,2,1,6,1,30,6,1242,1,1,-1,-1,-1
2015950000732,1,9,0,9,0,8,0,0,0,0,1,1,6,1,23,5,1229,1,10,-1,1,-1
2015950000732,2,11,0,18,0,8,0,0,0,0,1,1,1,1,53,8,5132,2,1,-1,1,-1
2015950000734,1,9,0,7,0,8,0,0,0,0,4,1,6,1,47,8,1390,1,13,-1,-1,-1
2015950000734,2,1,2,18,0,8,0,0,0,0,3,1,2,1,48,8,-1,-1,-1,-1,-1,-1
2015950000735,1,9,0,18,0,1,0,0,0,0,1,1,2,2,35,6,1598,2,2,-1,-1,-1
2015950000738,1,9,0,17,0,0,0,10,1,1,4,1,6,2,19,4,1198,1,5,-1,1,-1
2015950000739,1,9,0,18,0,2,0,0,7,1,1,1,6,2,74,10,-1,-1,-1,-1,1,-1
2015950000750,1,10,0,4,0,0,0,0,0,0,1,1,6,2,56,9,-1,-1,-1,-1,-1,-1
2015950000750,2,9,0,3,0,0,0,0,0,0,2,1,6,2,56,9,1242,1,1,-1,3,-1
2015950000750,3,9,0,3,0,0,1,0,0,0,2,1,6,1,56,9,1956,2,6,-1,-1,-1
2015950000751,1,9,0,4,0,1,0,0,0,0,1,1,6,2,42,7,1149,1,10,-1,1,-1
2015950000751,2,9,0,3,0,1,0,0,0,0,2,1,6,1,52,8,1498,1,5,-1,1,-1
2015950000752,1,9,0,18,0,0,0,0,0,0,1,1,6,2,79,11,989,1,11,-1,1,-1
2015950000752,2,9,0,18,0,0,0,0,0,0,1,1,6,1,77,11,1560,2,2,-1,1,-1
2015950000757,1,9,0,7,0,3,1,0,7,1,2,1,6,1,52,8,-1,-1,-1,-1,2,-1
2015950000770,1,1,0,18,0,8,0,0,0,0,1,1,2,2,27,6,-1,-1,-1,-1,1,-1
2015950000770,2,9,0,18,0,8,0,0,0,0,1,1,6,1,44,7,1997,2,3,-1,1,-1
2015950000771,1,9,0,13,0,0,0,0,0,0,1,1,6,1,18,4,-1,-1,-1,-1,1,-1
2015950000771,2,9,0,18,0,0,0,0,0,0,1,1,6,1,18,4,1248,2,11,-1,1,-1
2015950000771,3,9,0,18,0,0,0,0,0,0,1,1,6,1,85,11,-1,-1,-1,-1,1,-1
2015950000772,1,9,0,18,0,4,0,0,0,0,4,1,6,3,-1,-1,1560,2,2,-1,-1,-1
2015950000778,1,9,0,18,0,1,0,0,0,0,1,1,6,3,-1,-1,1198,1,8,-1,-1,-1
2015950000778,2,22,0,5,9,1,0,0,0,0,3,1,6,1,46,8,-1,-1,-1,-1,1,-1
2015950000782,1,9,0,18,0,1,0,0,0,0,0,1,6,3,-1,-1,1587,1,11,-1,-1,-1
2015950000783,1,9,0,18,0,0,0,0,0,0,1,1,6,2,32,6,-1,-1,-1,-1,1,-1
2015950000783,2,9,0,4,0,0,0,0,0,0,2,1,6,2,41,7,1349,1,3,-1,1,-1
2015950000783,3,9,0,4,0,0,0,0,0,0,2,1,2,1,54,8,1910,2,8,-1,2,-1
2015950000783,4,9,0,3,0,0,0,0,0,0,2,1,2,1,18,4,1598,2,1,-1,1,-1
2015950000784,1,9,0,17,0,0,0,0,1,11,1,1,1,1,40,7,-1,-1,-1,-1,1,-1
2015950000785,1,9,0,18,0,2,0,0,0,0,4,1,1,1,50,8,1560,2,5,-1,3,-1
2015950000786,1,9,0,18,0,0,0,0,1,4,3,1,2,2,38,7,1598,1,1,-1,3,-1
2015950000792,1,11,0,18,2,1,0,0,0,0,1,1,1,1,50,8,9360,2,5,-1,3,-1
2015950000795,1,9,0,18,0,8,0,0,0,0,3,1,6,2,47,8,1910,2,7,-1,1,-1
2015950000796,1,9,0,18,0,3,0,0,0,0,1,1,6,3,-1,-1,-1,-1,-1,-1,-1,-1
2015950000797,1,9,0,18,0,0,1,0,0,0,1,1,6,1,57,9,-1,-1,-1,-1,3,-1
2015950000798,1,9,0,18,0,3,1,0,0,0,4,1,6,1,18,4,1149,1,12,-1,3,-1
2015950000798,2,21,1,18,0,4,0,0,0,0,1,1,1,1,31,6,12902,2,3,-1,1,-1
2015950000799,1,9,0,18,0,1,0,0,0,0,1,1,2,2,27,6,1398,2,5,-1,-1,-1
2015950000800,1,11,0,18,0,1,0,0,0,0,0,1,1,1,43,7,7300,2,8,-1,3,-1
2015950000801,1,9,0,18,0,0,1,0,7,11,4,1,6,1,18,4,1328,1,6,-1,-1,-1
2015950000802,1,9,0,7,0,8,0,0,0,0,1,1,6,1,32,6,-1,-1,-1,-1,1,-1
2015950000803,1,9,0,18,0,1,0,0,0,0,1,1,6,3,-1,-1,-1,-1,-1,-1,-1,-1
2015950000805,1,9,0,9,0,8,0,0,0,0,1,1,6,2,58,9,1240,1,12,-1,1,-1
2015950000805,2,3,0,18,0,8,0,0,0,0,4,1,6,1,21,5,125,1,2,-1,1,-1
2015950000806,1,9,0,18,0,1,0,0,7,11,1,1,6,1,18,4,998,1,4,-1,1,-1
2015950000807,1,9,0,18,0,1,0,0,0,0,1,1,6,3,-1,-1,-1,-1,-1,-1,-1,-1
2015950000808,1,9,0,4,0,0,0,0,0,0,0,1,6,3,-1,-1,-1,-1,-1,-1,-1,-1
2015950000808,2,9,0,4,0,0,0,0,0,0,1,1,6,2,31,6,2183,2,5,-1,1,-1
2015950000808,3,19,0,18,0,0,0,0,0,0,1,1,6,2,35,6,1686,2,7,-1,1,-1
2015950000808,4,9,0,18,0,0,0,0,0,0,1,1,6,1,54,8,-1,-1,-1,-1,1,-1
2015950000810,1,9,0,18,0,0,0,0,0,0,0,1,6,3,-1,-1,-1,-1,-1,-1,-1,-1
2015950000810,2,9,0,18,0,0,1,0,1,9,1,1,6,2,32,6,1685,2,2,-1,3,-1
2015950000811,1,9,0,18,0,8,0,0,0,0,1,1,6,1,32,6,1796,1,9,-1,2,-1
2015950000811,2,9,0,18,0,8,0,0,0,0,2,1,6,1,41,7,1120,2,3,-1,3,-1
2015950000811,3,9,0,18,0,1,0,0,0,0,2,1,6,1,77,11,1323,1,14,-1,1,-1
2015950000812,1,1,0,14,2,0,0,0,0,0,1,1,6,1,18,4,-1,-1,-1,-1,1,-1
2015950000813,1,9,0,9,0,8,0,0,0,0,1,1,6,2,18,4,998,1,2,-1,1,-1
2015950000813,2,9,0,18,0,1,0,0,0,0,1,1,6,1,50,8,998,1,1,-1,1,-1
2015950000814,1,19,0,11,0,0,0,0,1,0,4,1,2,1,52,8,1560,2,2,-1,1,-1
2015950000814,2,19,0,18,0,0,0,0,0,0,1,1,1,1,43,7,6870,2,3,-1,1,-1
2015950000828,1,4,0,11,2,0,0,0,0,0,1,1,2,1,39,7,599,1,10,-1,3,-1
2015950000829,1,11,0,18,0,1,0,0,0,0,4,1,1,1,43,7,8268,2,14,-1,1,-1
2015950000830,1,9,0,9,0,8,0,0,0,0,1,1,6,2,33,6,998,1,1,-1,1,-1
2015950000830,2,9,0,18,0,8,0,0,0,0,1,1,6,1,20,4,1796,1,9,-1,1,-1
2015950000831,1,9,0,18,0,8,0,0,0,0,1,1,6,3,-1,-1,1968,2,1,-1,-1,-1
2015950000831,2,19,0,18,0,8,0,0,0,0,1,1,6,1,29,6,2499,2,2,-1,3,-1
2015950000836,1,9,0,18,0,0,0,0,0,0,1,1,6,2,28,6,1560,2,1,-1,1,-1
2015950000836,2,9,0,18,0,0,0,0,0,0,1,1,6,1,41,7,1560,2,1,-1,2,-1
2015950000836,3,9,0,18,0,0,0,0,1,4,0,1,6,1,31,6,1398,2,1,-1,1,-1
2015950000838,1,19,0,18,0,0,0,0,0,0,1,1,6,1,25,5,1968,2,1,-1,-1,-1
2015950000838,2,9,0,4,0,0,0,0,0,0,2,1,6,1,37,7,-1,-1,-1,-1,1,-1
2015950000852,1,8,0,11,0,1,0,0,0,0,2,1,1,1,39,7,2143,2,1,-1,-1,-1
2015950000852,2,1,0,18,0,1,0,0,0,0,1,1,2,1,33,6,-1,-1,-1,-1,1,-1
2015950000858,1,9,0,4,0,1,0,0,1,4,1,1,6,1,92,11,1995,2,2,-1,1,-1
2015950000858,2,9,0,3,0,1,0,0,0,0,2,1,6,1,29,6,3999,1,2,-1,3,-1
2015950000859,1,9,0,18,0,1,0,0,0,0,1,1,2,2,41,7,1360,1,13,-1,2,-1
2015950000859,2,9,0,18,0,1,0,0,0,0,1,1,2,2,32,6,1242,1,2,-1,2,-1
2015950000860,1,19,0,1,0,1,0,0,0,0,2,1,6,3,-1,-1,-1,-1,-1,-1,-1,-1
2015950000861,1,11,0,4,0,1,0,0,0,0,1,1,4,1,56,9,-1,-1,-1,-1,3,-1
2015950000861,2,9,0,10,0,1,0,0,0,0,2,1,6,2,47,8,1598,1,11,-1,3,-1
2015950000861,3,9,0,12,0,1,0,0,0,0,2,1,6,2,51,8,2967,2,2,-1,3,-1
2015950000862,1,90,0,18,0,0,1,0,0,0,1,1,1,1,23,5,-1,-1,-1,-1,1,-1
2015950000862,2,9,0,18,0,0,0,0,0,0,2,1,6,1,31,6,1398,2,9,-1,1,-1
2015950000862,3,9,0,18,0,0,0,0,0,0,2,1,2,1,61,9,-1,-1,-1,-1,1,-1
2015950000864,1,9,0,18,0,1,0,0,0,0,1,1,6,2,29,6,1242,1,6,-1,-1,-1
2015950000865,1,9,0,18,0,0,1,0,1,11,1,1,6,1,66,10,-1,-1,-1,-1,-1,-1
2015950000866,1,19,0,18,0,0,1,0,0,0,1,1,1,1,55,8,2198,2,8,-1,1,-1
2015950000866,2,9,0,18,0,0,0,6,0,0,1,1,6,1,55,8,1998,1,10,-1,3,-1
2015950000871,1,9,0,9,0,8,0,0,0,0,1,1,6,2,58,9,1242,1,1,-1,1,-1
2015950000871,2,1,0,18,0,8,0,0,0,0,1,1,6,2,47,8,-1,-1,-1,-1,1,-1
2015950000872,1,8,0,18,0,1,0,0,0,0,1,1,1,1,25,5,2499,2,2,-1,3,-1
2015950000873,1,21,0,2,0,0,0,4,0,0,1,1,6,3,-1,-1,5880,2,10,-1,-1,-1
2015950000873,2,9,0,3,0,0,0,4,0,0,1,1,2,1,50,8,1769,1,14,-1,1,-1
2015950000873,3,9,0,2,0,0,0,0,0,0,1,1,6,3,-1,-1,1242,1,2,-1,-1,-1
2015950000873,4,9,0,2,0,0,0,0,0,0,1,1,6,3,-1,-1,1560,2,2,-1,-1,-1
2015950000873,5,9,0,2,0,0,0,0,0,0,1,1,6,3,-1,-1,1598,1,6,-1,-1,-1
2015950000874,1,9,0,7,0,2,0,0,0,0,1,1,6,1,-1,-1,-1,-1,-1,-1,-1,-1
2015950000874,2,1,0,18,0,2,0,0,0,0,2,1,6,1,32,6,-1,-1,-1,-1,1,-1
2015950000875,1,9,0,18,0,0,0,0,0,0,4,1,6,3,-1,-1,1995,1,9,-1,-1,-1
2015950000875,2,1,0,18,4,0,0,0,0,0,3,1,6,1,38,7,-1,-1,-1,-1,1,-1
2015950000876,1,9,0,9,0,8,0,0,0,0,4,1,6,2,27,6,1242,1,8,-1,-1,-1
2015950000876,2,9,0,18,0,1,0,0,0,0,1,1,6,2,58,9,1399,2,9,-1,2,-1
2015950000877,1,9,0,18,0,0,0,10,2,4,4,1,6,1,44,7,1995,2,2,-1,1,-1
2015950000878,1,9,0,16,0,0,0,0,0,0,1,1,6,2,30,6,1596,1,1,-1,3,-1
2015950000878,2,9,0,17,0,0,0,0,0,0,1,1,6,1,26,6,-1,-1,-1,-1,1,-1
2015950000879,1,9,0,9,0,8,0,0,0,0,1,1,6,1,26,6,1896,2,8,-1,1,-1
2015950000884,1,19,0,18,0,0,5,0,2,11,1,1,6,1,33,6,2198,2,3,-1,1,-1
2015950000885,1,3,0,18,0,8,2,0,0,0,4,1,6,2,42,7,689,1,-1,-1,3,-1
2015950000886,1,9,0,13,0,0,0,0,0,0,4,1,6,1,42,7,1679,1,13,-1,3,-1
2015950000886,2,1,0,18,0,0,0,0,0,0,3,1,6,1,57,9,-1,-1,-1,-1,1,-1
2015950000887,1,9,0,9,0,5,0,0,0,0,4,1,6,1,35,6,1769,1,15,-1,1,-1
2015950000890,1,9,0,18,0,8,0,0,0,0,4,1,6,2,65,9,-1,-1,-1,-1,1,-1
2015950000890,2,1,0,18,0,8,0,0,0,0,2,1,6,1,57,9,-1,-1,-1,-1,1,-1
2015950000902,1,9,0,9,0,2,0,0,0,0,1,1,6,1,60,9,2720,2,6,-1,2,-1
2015950000902,2,4,0,18,0,1,0,0,0,0,1,1,2,1,24,5,125,1,8,-1,1,-1
2015950000913,1,9,0,7,0,6,0,0,0,0,1,1,6,1,42,7,1910,2,8,-1,3,-1
2015950000927,1,9,0,18,0,0,0,0,0,0,1,1,6,1,73,10,1246,1,7,-1,1,-1
2015950000928,1,21,1,18,0,0,0,0,1,1,1,1,1,1,42,7,11946,2,4,-1,-1,-1
2015950000930,1,9,0,18,0,0,0,0,0,0,1,1,6,2,80,11,-1,-1,-1,-1,1,-1
2015950000930,2,9,0,18,0,0,0,0,0,0,1,1,6,2,50,8,1984,1,8,-1,1,-1
2015950000930,3,9,0,18,0,0,0,0,0,0,1,1,6,3,-1,-1,998,1,4,-1,-1,-1
2015950000931,1,9,0,13,0,0,0,0,2,0,4,1,6,3,-1,-1,-1,-1,-1,-1,-1,-1
2015950000931,2,1,0,18,0,0,0,0,0,0,3,1,6,1,52,8,-1,-1,-1,-1,-1,-1
2015950000936,1,9,0,9,0,8,0,0,0,0,1,1,6,2,60,9,1242,1,2,-1,1,-1
2015950000936,2,9,0,18,0,1,0,0,7,0,4,1,2,2,50,8,1995,2,1,-1,1,-1
2015950000936,3,9,0,18,0,1,0,0,0,0,3,1,6,3,-1,-1,-1,-1,-1,-1,-1,-1
2015950000946,1,9,0,18,0,0,0,0,0,10,1,1,6,1,22,5,-1,-1,-1,-1,-1,-1
2015950000954,1,1,0,5,0,0,0,0,0,0,1,1,6,1,42,7,-1,-1,-1,-1,1,-1
2015950000954,2,11,0,18,0,0,0,0,0,0,4,1,1,1,49,8,-1,-1,-1,-1,1,-1
2015950000954,3,9,0,2,0,0,0,0,0,0,3,1,6,3,-1,-1,1461,2,1,-1,-1,-1
2015950000958,1,9,0,18,0,2,0,0,0,0,1,1,2,1,59,9,1995,2,2,-1,1,-1
2015950000959,1,9,0,9,0,8,0,0,0,0,1,1,6,1,44,7,998,1,2,-1,1,-1
2015950000959,2,1,0,18,0,1,0,0,0,0,3,1,6,3,-1,-1,-1,-1,-1,-1,-1,-1
2015950000989,1,9,0,18,0,0,0,0,0,0,1,1,6,2,36,7,1364,2,1,-1,1,-1
2015950000989,2,9,0,18,0,0,0,0,0,0,3,1,6,1,24,5,1461,2,2,-1,1,-1
2015950000989,3,9,0,2,0,0,0,0,0,0,1,1,6,3,-1,-1,1985,1,14,-1,-1,-1
2015950000990,1,9,0,18,0,4,0,0,0,0,1,1,1,1,36,7,-1,-1,-1,-1,3,-1
2015950000990,2,20,0,7,0,3,0,0,0,0,2,1,1,1,62,9,8970,2,16,-1,1,-1
2015950000991,1,9,0,18,6,8,0,0,1,1,1,1,2,1,22,5,1339,1,5,-1,1,-1
2015950000999,1,21,1,4,0,1,0,0,0,0,3,1,1,3,-1,-1,-1,-1,-1,-1,-1,-1
2015950000999,2,9,0,18,0,2,0,0,0,0,3,1,6,2,19,4,1242,1,2,-1,1,-1
2015950001000,1,9,0,18,0,0,0,0,0,0,1,1,6,1,26,6,-1,-1,-1,-1,2,-1
2015950001000,2,9,0,18,0,0,0,0,0,0,2,1,2,2,44,7,-1,-1,-1,-1,2,-1
2015950001003,1,9,0,18,0,2,0,0,0,0,3,1,6,3,-1,-1,-1,-1,-1,-1,-1,-1
2015950001012,1,11,0,18,2,0,0,0,0,0,1,1,1,1,52,8,4500,2,4,-1,1,-1
2015950001013,1,19,0,18,0,0,0,0,0,0,1,1,1,1,38,7,2198,2,2,-1,1,-1
2015950001013,2,20,0,18,0,0,0,0,0,0,1,1,1,1,51,8,4764,2,2,-1,1,-1
2015950001014,1,9,0,18,0,0,0,0,0,0,1,1,6,2,58,9,1598,1,9,-1,3,-1
2015950001014,2,8,0,3,0,0,0,0,0,0,2,1,1,1,53,8,2664,2,15,-1,1,-1
2015950001015,1,9,0,18,0,0,0,0,0,0,4,1,6,2,52,8,1248,2,2,-1,2,-1
2015950001016,1,9,0,9,0,0,0,0,0,0,2,1,6,3,-1,-1,1590,1,10,-1,-1,-1
2015950001016,2,1,0,18,0,0,0,0,0,0,1,1,6,1,48,8,-1,-1,-1,-1,1,-1
2015950001018,1,9,0,18,0,8,0,0,0,0,1,1,6,3,-1,-1,-1,-1,-1,-1,-1,-1
2015950001019,1,9,0,18,0,0,0,0,0,0,1,1,6,1,41,7,1149,1,11,-1,3,-1
2015950001019,2,9,0,4,0,0,0,0,0,0,2,1,6,1,55,8,-1,-1,-1,-1,3,-1
2015950001020,1,11,0,18,0,1,0,0,0,0,0,1,1,1,32,6,7300,2,8,-1,1,-1
2015950001021,1,8,0,6,0,0,0,0,0,0,0,1,6,3,-1,-1,-1,-1,-1,-1,-1,-1
2015950001021,2,11,0,18,0,0,0,0,0,0,0,1,1,1,42,7,4760,2,1,-1,3,-1
2015950001022,1,8,0,18,0,1,0,0,0,0,1,1,6,1,59,9,2402,2,9,-1,1,-1
2015950001022,2,9,0,5,0,8,0,0,0,0,2,1,6,1,45,7,1229,1,3,-1,1,-1
2015950001029,1,9,0,9,0,8,0,0,0,0,1,1,6,2,33,6,1390,1,11,-1,-1,-1
2015950001029,2,9,0,18,0,1,0,0,0,0,4,1,1,1,48,8,1560,2,2,-1,1,-1
2015950001033,1,1,0,18,0,1,0,0,0,0,1,1,6,1,22,5,-1,-1,-1,-1,1,-1
2015950001033,2,9,0,7,0,8,0,0,0,0,3,1,6,1,32,6,1240,1,10,-1,1,-1
2015950001035,1,9,0,18,0,2,0,4,0,0,1,1,6,2,86,11,1388,1,3,-1,3,-1
2015950001035,2,19,0,2,0,2,0,0,0,0,2,1,6,3,-1,-1,2402,2,14,-1,-1,-1
2015950001036,1,9,0,3,0,1,0,0,0,0,1,1,6,1,29,6,1997,2,10,-1,1,-1
2015950001037,1,9,0,18,0,1,0,0,0,0,1,1,6,1,23,5,1398,1,11,-1,1,-1
2015950001037,2,90,0,3,0,1,0,0,0,0,2,1,1,1,43,7,2999,2,4,-1,1,-1
2015950001047,1,9,0,12,0,0,0,0,0,0,1,1,6,1,83,11,1364,1,10,-1,2,-1
2015950001047,2,9,0,18,0,0,0,0,0,0,1,1,6,1,27,6,-1,-1,-1,-1,3,-1
2015950001068,1,9,0,15,0,1,0,10,1,0,3,1,6,1,23,5,-1,-1,-1,-1,2,-1
2015950001068,2,21,1,7,0,5,0,0,0,0,1,1,1,1,54,8,-1,-1,-1,-1,3,-1
2015950001073,1,9,0,18,0,1,0,0,0,0,1,1,6,2,47,8,1995,2,4,-1,3,-1
2015950001073,2,9,0,10,0,1,0,0,0,0,2,1,2,2,38,7,1229,1,8,-1,1,-1
2015950001074,1,9,0,18,0,4,0,0,0,0,1,1,2,2,52,8,1998,1,12,-1,1,-1
2015950001074,2,1,0,18,0,8,0,0,0,0,4,1,2,1,60,9,-1,-1,-1,-1,1,-1
2015950001076,1,9,0,1,0,1,0,0,0,0,2,1,6,2,-1,-1,-1,-1,-1,-1,-1,-1
2015950001076,2,1,0,18,0,1,0,0,0,0,2,1,2,2,25,5,-1,-1,-1,-1,1,-1
2015950001077,1,11,0,5,0,0,0,0,0,0,0,1,1,1,40,7,9360,2,6,-1,2,-1
2015950001079,1,19,0,7,0,4,0,0,0,0,0,1,1,3,-1,-1,2198,2,5,-1,-1,-1
2015950001095,1,9,0,9,0,8,0,0,0,0,4,1,6,1,36,7,-1,-1,-1,-1,1,-1
2015950001095,2,4,0,18,0,8,0,4,7,0,4,1,2,1,22,5,471,1,2,-1,1,-1
2015950001095,3,9,0,2,0,1,0,0,0,0,3,1,6,3,-1,-1,1798,1,7,-1,-1,-1
2015950001100,1,9,0,18,0,0,0,0,7,4,1,1,6,1,18,4,1388,1,10,-1,3,-1
2015950001127,1,19,0,18,4,0,0,0,0,0,2,1,6,3,-1,-1,2198,2,1,-1,-1,-1
2015950001127,2,1,0,-1,0,0,0,0,0,0,0,1,6,1,57,9,-1,-1,-1,-1,1,-1
2015950001130,1,9,0,18,0,1,0,0,0,0,1,1,2,1,64,9,-1,-1,-1,-1,1,-1
2015950001130,2,9,0,9,0,8,0,0,7,0,2,1,6,1,65,9,1747,1,12,-1,3,-1
2015950001130,3,9,0,18,0,1,0,0,0,0,1,1,1,1,48,8,2179,2,6,-1,3,-1
2015950001133,1,19,0,18,0,0,0,0,7,11,1,1,6,1,37,7,-1,-1,-1,-1,-1,-1
2015950001133,2,9,0,18,0,0,0,0,1,11,3,1,2,2,24,5,1390,1,3,-1,2,-1
2015950001143,1,9,0,18,0,0,5,0,0,0,1,1,6,1,40,7,1596,1,20,-1,-1,-1
2015950001143,2,9,0,18,0,0,0,0,0,0,2,1,6,2,29,6,1229,1,1,-1,1,-1
2015950001144,1,98,0,16,0,1,0,0,0,0,3,1,6,3,-1,-1,-1,-1,-1,-1,-1,-1
2015950001144,2,19,0,17,0,2,0,0,0,0,3,1,1,1,50,8,3920,2,10,-1,1,-1
2015950001145,1,9,0,18,0,0,0,0,0,0,1,1,6,3,-1,-1,-1,-1,-1,-1,-1,-1
2015950001146,1,9,0,18,0,1,1,0,0,0,1,1,2,1,33,6,1995,2,2,-1,1,-1
2015950001146,2,9,0,3,0,2,0,0,0,0,2,1,2,2,23,5,998,1,1,-1,1,-1
2015950001148,1,9,0,17,0,1,0,0,7,3,3,1,6,2,50,8,-1,-1,-1,-1,3,-1
2015950001154,1,9,0,18,0,0,0,0,1,4,4,1,6,2,71,10,1598,2,2,-1,3,-1
2015950001160,1,9,0,9,0,2,0,0,0,0,1,1,2,1,39,7,1198,1,6,-1,1,-1
2015950001176,1,9,0,18,0,0,5,0,0,0,1,1,6,2,61,9,-1,-1,-1,-1,2,-1
2015950001176,2,9,0,3,0,0,0,0,0,0,3,1,6,1,42,7,-1,-1,-1,-1,1,-1
2015950001183,1,9,0,12,0,0,0,0,0,0,1,1,6,1,33,6,1968,2,5,-1,1,-1
2015950001183,2,9,0,6,0,0,0,0,0,0,1,1,6,1,39,7,2993,2,1,-1,3,-1
2015950001183,3,9,0,18,0,0,0,0,0,0,0,1,1,3,-1,-1,-1,-1,-1,-1,-1,-1
2015950001184,1,9,0,18,0,0,0,0,0,0,4,1,6,1,57,9,1598,2,1,-1,1,-1
2015950001185,1,9,0,18,0,1,0,10,1,11,4,1,6,2,34,6,2199,2,1,-1,1,-1
2015950001186,1,9,0,15,0,0,0,0,0,0,4,1,6,2,47,8,1834,1,12,-1,1,-1
2015950001189,1,9,0,9,0,8,0,0,0,0,4,1,3,2,38,7,1229,1,3,-1,1,-1
2015950001189,2,9,0,18,0,1,0,0,0,0,1,1,1,1,45,7,1248,2,5,-1,1,-1
2015950001193,1,9,0,18,0,2,0,0,0,0,1,1,6,2,65,9,1598,2,3,-1,1,-1
2015950001193,2,1,0,18,0,8,0,0,0,0,3,1,1,2,58,9,-1,-1,-1,-1,1,-1
2015950001194,1,9,0,7,0,1,0,0,0,0,4,1,6,1,48,8,1560,2,5,-1,1,-1
2015950001195,1,9,0,6,0,0,0,0,0,0,3,1,6,2,51,8,1598,2,2,-1,1,-1
2015950001195,2,4,0,13,0,0,5,0,0,0,1,1,6,1,49,8,800,1,-1,-1,1,-1
2015950001196,1,9,0,16,0,1,0,0,0,0,1,1,6,2,33,6,1242,1,5,-1,1,-1
2015950001196,2,9,0,18,0,1,0,0,0,0,2,1,2,2,22,5,-1,-1,-1,-1,2,-1
2015950001202,1,9,0,18,0,0,0,0,0,0,1,1,6,1,24,5,-1,-1,-1,-1,3,-1
2015950001202,2,19,0,4,0,0,0,0,0,0,2,1,1,1,36,7,1968,2,1,-1,3,-1
2015950001202,3,21,0,18,0,0,0,0,0,0,1,1,1,1,41,7,8970,2,9,-1,3,-1
2015950001203,1,9,0,16,0,0,0,0,0,0,0,1,6,1,21,5,1400,1,15,-1,1,-1
2015950001203,2,9,0,16,0,0,0,0,0,0,2,1,6,1,48,8,1598,1,5,-1,2,-1