Accident_Index,Vehicle_Reference,Vehicle_Type,Towing_and_Articulation,Vehicle_Manoeuvre,Vehicle_Location-Restricted_Lane,Junction_Location,Skidding_and_Overturning,Hit_Object_in_Carriageway,Vehicle_Leaving_Carriageway,Hit_Object_off_Carriageway,1st_Point_of_Impact,Was_Vehicle_Left_Hand_Drive?,Journey_Purpose_of_Driver,Sex_of_Driver,Age_of_Driver,Age_Band_of_Driver,Engine_Capacity_(CC),Propulsion_Code,Age_of_Vehicle,Driver_IMD_Decile,Driver_Home_Area_Type,Vehicle_IMD_Decile
2015950005702,2,1,0,18,0,8,0,0,0,0,4,1,6,1,55,8,-1,-1,-1,-1,1,-1
2015950005703,1,19,0,9,0,8,0,0,1,0,3,1,1,1,-1,-1,-1,-1,-1,-1,-1,-1
2015950005703,2,9,0,18,0,1,0,0,0,0,1,1,6,2,26,6,-1,-1,-1,-1,3,-1
2015950005704,1,9,0,7,0,2,0,0,0,0,1,1,2,2,22,5,-1,-1,-1,-1,-1,-1
2015950005704,2,1,0,18,4,8,0,0,0,0,2,1,2,2,33,6,-1,-1,-1,-1,1,-1
2015950005705,1,3,0,4,0,0,1,0,0,0,0,1,2,1,22,5,124,1,15,-1,1,-1
2015950005706,1,9,0,18,0,1,0,0,0,0,4,1,6,2,41,7,1598,1,2,-1,1,-1
2015950005706,2,9,0,4,0,8,0,0,0,0,2,1,6,2,44,7,1598,1,5,-1,-1,-1
2015950005707,1,9,0,18,0,1,0,0,1,10,1,1,2,1,52,8,1596,1,10,-1,-1,-1
2015950005711,1,9,0,18,0,0,0,0,0,10,1,1,6,1,43,7,-1,-1,-1,-1,2,-1
2015950005717,1,9,0,7,0,8,0,0,0,0,4,1,6,3,-1,-1,2995,1,10,-1,-1,-1
2015950005717,2,1,0,18,4,8,0,0,0,0,1,1,6,1,41,7,-1,-1,-1,-1,1,-1
2015950005721,1,21,0,11,0,3,0,0,0,0,1,1,6,1,29,6,15607,2,2,-1,-1,-1
2015950005721,2,9,0,18,0,3,0,0,0,0,3,1,6,2,57,9,1360,1,4,-1,2,-1
2015950005722,1,9,0,16,0,3,0,8,0,0,3,1,6,1,39,7,-1,-1,-1,-1,-1,-1
2015950005722,2,9,0,18,0,3,0,0,5,0,4,1,6,1,33,6,1596,1,12,-1,3,-1
2015950005726,1,9,0,18,0,4,1,9,7,0,4,1,1,1,35,6,1896,2,9,-1,1,-1
2015950005728,1,9,0,15,0,0,1,0,7,6,1,1,6,2,18,4,998,1,4,-1,1,-1
2015950005728,2,9,0,18,0,0,1,0,1,10,1,1,6,2,22,5,1388,1,11,-1,1,-1
2015950005729,1,9,0,16,0,0,5,0,1,1,1,1,6,2,25,5,-1,-1,-1,-1,3,-1
2015950005732,1,20,0,7,0,1,0,0,0,0,3,1,6,1,63,9,8970,2,9,-1,1,-1
2015950005732,2,9,0,3,0,1,0,0,0,0,4,1,6,1,25,5,2720,2,10,-1,1,-1
2015950005734,1,9,0,18,0,1,1,0,1,10,1,1,6,1,17,4,1994,1,12,-1,1,-1
2015950005738,1,3,0,18,0,0,0,0,1,0,4,1,2,1,29,6,124,1,12,-1,1,-1
2015950005742,1,9,0,18,0,1,0,0,0,0,1,1,2,1,21,5,1242,1,3,-1,1,-1
2015950005787,1,9,0,16,0,0,0,0,0,0,1,1,6,1,81,11,999,1,-1,-1,3,-1
2015950005787,2,9,0,17,0,0,0,0,0,0,1,1,6,2,48,8,1242,1,7,-1,3,-1
2015950005788,1,9,0,7,0,8,0,0,0,0,3,1,6,1,43,7,-1,-1,-1,-1,1,-1
2015950005788,2,4,0,18,0,1,0,0,0,0,1,1,6,1,55,8,999,1,2,-1,1,-1
2015950005789,1,9,0,1,0,0,0,0,0,0,4,1,6,1,71,10,1999,1,6,-1,1,-1
2015950005790,1,10,0,1,0,2,0,0,0,0,2,1,1,3,-1,-1,-1,-1,-1,-1,-1,-1
2015950005791,1,9,0,18,0,0,5,0,1,0,1,1,1,2,33,6,1339,1,9,-1,3,-1
2015950005799,1,19,0,1,0,0,0,0,0,0,2,1,6,1,48,8,1598,2,1,-1,1,-1
2015950005800,1,11,0,5,0,2,0,0,0,0,0,1,1,1,54,8,4500,2,4,-1,1,-1
2015950005801,1,9,0,17,0,0,1,0,2,7,4,1,6,1,69,10,1796,1,11,-1,2,-1
2015950005808,1,9,0,18,0,0,5,0,1,11,4,1,6,2,24,5,1490,1,8,-1,1,-1
2015950005810,1,9,0,18,0,8,0,0,0,0,1,1,6,1,24,5,1200,1,2,-1,1,-1
2015950005810,2,1,0,18,0,8,0,0,0,0,1,1,6,1,37,7,-1,-1,-1,-1,1,-1
2015950005812,1,9,0,14,0,0,0,0,0,0,1,1,6,1,66,10,1329,1,4,-1,1,-1
2015950005813,1,9,0,16,0,0,1,10,7,7,1,1,6,2,34,6,1149,1,9,-1,1,-1
2015950005814,1,11,0,4,0,2,0,0,0,0,0,1,1,1,32,6,9360,2,5,-1,1,-1
2015950005815,1,9,0,5,0,1,0,0,0,0,1,1,1,3,-1,-1,1968,2,9,-1,-1,-1
2015950005817,1,9,0,5,0,0,0,0,0,0,1,1,6,1,26,6,1598,1,11,-1,2,-1
2015950005819,1,9,0,18,0,0,0,0,1,10,1,1,6,2,52,8,1560,2,9,-1,1,-1
2015950005821,1,9,0,9,0,8,0,0,0,0,1,1,2,2,32,6,1997,2,13,-1,3,-1
2015950005821,2,1,0,18,0,8,0,0,0,0,1,1,2,1,42,7,-1,-1,-1,-1,1,-1
2015950005822,1,9,0,18,0,0,0,5,1,0,2,1,6,2,55,8,1560,2,1,-1,1,-1
2015950005822,2,9,0,18,0,0,0,0,0,0,1,1,2,1,31,6,2799,1,23,-1,1,-1
2015950005823,1,9,0,18,0,0,0,0,0,0,1,1,6,1,21,5,1560,2,6,-1,3,-1
2015950005823,2,9,0,18,0,0,0,0,0,0,2,1,6,1,29,6,1229,1,-1,-1,1,-1
2015950005833,1,19,0,11,0,7,0,0,1,0,4,1,1,1,23,5,2151,2,12,-1,2,-1
2015950005836,1,19,0,18,0,0,0,0,0,0,1,1,1,1,51,8,1598,2,7,-1,1,-1
2015950005836,2,9,0,18,0,0,0,0,0,0,2,1,6,2,32,6,1149,1,3,-1,1,-1
2015950005836,3,9,0,18,0,0,0,0,0,0,2,1,1,2,31,6,1598,1,1,-1,3,-1
2015950005837,1,9,0,18,0,1,0,0,1,0,1,1,6,1,71,10,2198,2,6,-1,-1,-1
2015950005838,1,9,0,5,0,4,0,0,0,0,1,1,6,1,43,7,2497,1,5,-1,3,-1
2015950005838,2,9,0,18,0,3,0,0,0,0,4,1,6,1,27,6,-1,-1,-1,-1,1,-1
2015950005839,1,9,0,4,0,1,0,0,0,0,1,1,6,2,57,9,1598,1,13,-1,1,-1
2015950005839,2,9,0,3,0,1,0,0,0,0,2,1,6,1,22,5,1600,2,5,-1,1,-1
2015950005840,1,9,0,9,0,2,0,0,0,0,1,1,6,2,79,11,1590,1,14,-1,2,-1
2015950005840,2,4,0,18,0,1,0,0,0,0,1,1,6,1,50,8,-1,-1,-1,-1,2,-1
2015950005841,1,9,0,18,0,0,2,0,1,9,1,1,2,1,19,4,1149,1,11,-1,1,-1
2015950005842,1,9,0,4,0,0,0,0,0,0,1,1,6,2,22,5,1242,1,10,-1,1,-1
2015950005842,2,9,0,4,0,0,0,0,0,0,2,1,6,1,36,7,1360,1,11,-1,2,-1
2015950005842,3,9,0,4,0,0,0,0,0,0,2,1,6,2,18,4,999,1,1,-1,1,-1
2015950005845,1,9,0,5,0,3,0,0,0,0,0,1,6,1,-1,-1,1991,2,5,-1,-1,-1
2015950005845,2,3,0,5,0,4,1,0,0,0,0,1,2,1,44,7,125,1,1,-1,1,-1
2015950005846,1,11,0,5,0,0,0,0,0,0,0,1,1,1,35,6,4760,2,1,-1,1,-1
2015950005847,1,9,0,18,0,1,0,0,0,0,0,1,6,3,-1,-1,-1,-1,-1,-1,-1,-1
2015950005847,2,11,0,5,0,1,0,0,0,0,0,1,1,1,32,6,9360,2,8,-1,2,-1
2015950005848,1,9,0,4,0,1,1,0,0,0,1,2,6,1,52,8,1975,1,11,-1,1,-1
2015950005848,2,9,0,3,0,1,0,0,0,0,2,1,2,1,43,7,1229,1,-1,-1,1,-1
2015950005849,1,9,0,13,0,0,0,0,7,11,1,1,6,1,70,10,1586,1,5,-1,2,-1
2015950005849,2,90,4,9,0,0,0,0,0,0,3,1,1,1,18,4,5883,2,13,-1,3,-1
2015950005855,1,9,0,18,0,0,0,0,1,7,1,1,6,2,51,8,1360,1,10,-1,1,-1
2015950005856,1,9,0,12,0,0,0,0,0,0,1,1,6,2,34,6,1560,2,1,-1,1,-1
2015950005856,2,9,0,18,0,0,0,0,0,0,3,1,6,1,38,7,1364,1,9,-1,1,-1
2015950005862,1,19,0,1,0,1,0,0,0,0,2,1,2,1,30,6,1998,2,13,-1,2,-1
2015950005863,1,11,0,9,0,1,0,0,0,0,1,1,1,1,53,8,4250,2,14,-1,1,-1
2015950005863,2,3,0,18,0,1,0,0,0,0,1,1,6,1,53,8,124,1,8,-1,2,-1
2015950005868,1,9,0,18,0,1,0,0,0,0,1,1,2,2,32,6,2000,2,6,-1,3,-1
2015950005873,1,9,0,18,0,0,0,0,0,0,1,1,6,1,20,4,1796,1,13,-1,2,-1
2015950005874,1,9,0,12,0,1,0,0,0,0,1,1,6,2,34,6,1598,1,7,-1,1,-1
2015950005874,2,9,0,18,0,1,0,0,0,0,1,1,1,1,37,7,1497,8,8,-1,1,-1
2015950005878,1,8,0,18,2,0,0,0,0,0,1,1,1,1,-1,-1,-1,-1,-1,-1,-1,-1
2015950005879,1,9,0,18,0,0,0,0,0,0,4,1,6,3,-1,-1,-1,-1,-1,-1,-1,-1
2015950005879,2,1,0,18,0,0,0,0,0,0,3,1,6,1,62,9,-1,-1,-1,-1,1,-1
2015950005880,1,9,0,9,0,8,0,0,0,0,1,1,2,2,43,7,1598,1,1,-1,1,-1
2015950005880,2,9,0,9,0,8,0,0,0,0,3,1,6,1,39,7,-1,-1,-1,-1,1,-1
2015950005881,1,9,0,18,0,1,0,0,0,0,4,1,6,2,36,7,1599,1,9,-1,1,-1
2015950005883,1,9,0,18,0,0,0,0,1,11,1,1,6,2,34,6,-1,-1,-1,-1,1,-1
2015950005885,1,11,0,10,0,1,0,0,0,0,0,1,1,1,37,7,7300,2,8,-1,1,-1
2015950005887,1,9,0,18,0,1,0,0,0,0,4,1,6,1,35,6,1596,1,7,-1,1,-1
2015950005888,1,9,0,18,0,1,0,0,0,0,3,1,6,3,-1,-1,-1,-1,-1,-1,-1,-1
2015950005888,2,9,0,18,0,1,0,0,0,0,3,1,6,1,41,7,1794,1,13,-1,1,-1
2015950005889,1,9,0,9,0,8,0,0,0,0,3,1,6,2,72,10,1197,1,-1,-1,1,-1
2015950005889,2,9,0,18,0,8,0,0,0,0,1,1,6,1,31,6,1398,1,3,-1,1,-1
2015950005891,1,9,0,18,0,0,0,0,1,7,1,1,6,1,89,11,1242,1,8,-1,1,-1
2015950005892,1,19,0,18,0,0,0,0,0,0,1,1,6,1,23,5,1753,2,10,-1,1,-1
2015950005892,2,9,0,18,0,0,0,0,7,0,2,1,2,2,25,5,1242,1,-1,-1,1,-1
2015950005893,1,19,0,18,0,0,1,0,7,7,1,1,1,1,30,6,1998,2,13,-1,1,-1
2015950005893,2,9,0,18,0,0,0,0,0,0,3,1,6,1,58,9,1197,1,1,-1,3,-1
2015950005893,3,21,0,18,0,0,0,0,0,0,4,1,1,1,60,9,-1,-1,-1,-1,3,-1
2015950005894,1,19,0,9,0,2,0,0,0,0,1,1,6,1,43,7,1399,2,7,-1,1,-1
2015950005895,1,9,0,9,0,8,0,0,0,0,1,1,6,1,25,5,1896,2,13,-1,3,-1
2015950005895,2,9,0,18,0,8,0,0,0,0,1,1,6,2,29,6,1798,1,11,-1,3,-1
2015950005895,3,9,0,10,0,8,0,0,0,0,1,1,6,2,48,8,1997,2,2,-1,1,-1
2015950005896,1,9,0,4,0,0,0,0,0,0,1,1,6,2,36,7,1749,1,14,-1,2,-1
2015950005896,2,9,0,4,0,0,0,0,0,0,2,1,6,2,19,4,1242,1,3,-1,2,-1
2015950005897,1,9,0,17,0,0,0,0,1,1,1,1,6,2,44,7,1997,2,4,-1,1,-1
2015950005898,1,9,0,5,0,3,0,0,0,0,1,1,6,2,78,11,1299,1,9,-1,1,-1
2015950005898,2,9,0,4,0,3,0,0,0,0,2,1,6,2,30,6,1968,2,1,-1,1,-1
2015950005900,1,9,0,4,0,8,1,0,0,0,1,1,6,1,40,7,1796,1,12,-1,2,-1
2015950005900,2,9,0,3,0,8,0,0,0,0,2,1,6,2,59,9,1242,1,10,-1,1,-1
2015950005900,3,9,0,3,0,8,0,0,0,0,2,1,6,1,37,7,1984,2,9,-1,3,-1
2015950005901,1,1,4,18,0,0,0,4,0,0,1,1,6,1,30,6,-1,-1,-1,-1,1,-1
2015950005901,2,9,0,2,0,0,0,0,0,0,2,1,6,3,-1,-1,3980,1,21,-1,-1,-1
2015950005902,1,9,0,6,0,8,0,0,0,0,0,1,6,1,64,9,2987,2,7,-1,2,-1
2015950005902,2,3,0,18,0,1,0,0,0,0,4,1,6,2,54,8,125,1,1,-1,1,-1
2015950005916,1,9,0,17,0,0,1,0,1,4,1,1,6,1,21,5,1598,1,13,-1,1,-1
2015950005926,1,9,0,9,0,8,0,0,0,0,1,1,1,1,46,8,1996,2,4,-1,2,-1
2015950005927,1,9,0,18,0,0,0,0,0,0,1,1,6,2,65,9,-1,-1,-1,-1,3,-1
2015950005928,1,9,0,5,0,1,0,0,0,0,3,1,6,2,48,8,1999,1,9,-1,1,-1
2015950005928,2,1,0,18,0,1,0,0,0,0,1,1,6,1,38,7,-1,-1,-1,-1,-1,-1
2015950005930,1,9,0,5,9,0,0,0,0,10,3,1,6,3,-1,-1,1582,2,4,-1,-1,-1
2015950005931,1,19,0,13,0,0,0,0,0,0,4,1,1,1,27,6,2298,2,-1,-1,3,-1
2015950005931,2,1,0,18,0,0,0,0,1,0,3,1,6,1,48,8,-1,-1,-1,-1,1,-1
2015950005932,1,9,0,18,0,0,0,0,0,0,1,1,6,1,48,8,1497,1,10,-1,1,-1
2015950005932,2,9,0,18,0,0,0,0,0,0,2,1,6,2,49,8,998,1,5,-1,1,-1
2015950005933,1,9,0,18,0,8,0,0,0,0,1,1,6,1,22,5,-1,-1,-1,-1,1,-1
2015950005933,2,9,0,18,0,8,0,0,0,0,3,1,6,2,58,9,1398,1,-1,-1,1,-1
2015950005941,1,9,0,18,0,2,0,11,0,0,1,1,6,2,24,5,2199,2,-1,-1,-1,-1
2015950005944,1,9,0,4,0,0,0,0,0,0,1,1,6,1,52,8,1951,2,14,-1,1,-1
2015950005945,1,9,0,9,0,8,0,0,0,0,3,1,2,2,40,7,1995,2,1,-1,1,-1
2015950005945,2,9,0,18,0,8,0,0,0,0,1,1,2,2,43,7,799,2,5,-1,1,-1
2015950005946,1,9,0,18,0,0,0,0,0,0,1,1,6,1,38,7,1248,2,4,-1,1,-1
2015950005947,1,9,0,9,0,2,0,0,0,0,3,1,6,2,56,9,1598,2,1,-1,3,-1
2015950005947,2,9,0,18,0,1,0,0,0,0,3,1,6,2,31,6,-1,-1,-1,-1,1,-1
2015950005948,1,9,0,16,0,0,0,0,0,0,1,1,6,1,86,11,1995,2,9,-1,1,-1
2015950005948,2,9,0,18,0,0,5,0,1,0,1,1,1,1,54,8,2494,2,-1,-1,1,-1
2015950005967,1,9,0,18,0,0,1,0,7,6,1,1,2,1,65,9,1586,1,11,-1,1,-1
2015950005968,1,9,0,14,0,0,0,0,0,0,4,1,6,1,47,8,1796,1,13,-1,2,-1
2015950005983,1,9,0,18,0,0,0,0,2,7,1,1,1,1,46,8,2993,2,4,-1,1,-1
201595DFT0001,1,9,0,18,0,0,0,9,0,1,1,1,6,1,29,6,-1,-1,-1,-1,3,-1
201595DFT0002,1,19,0,18,0,6,0,0,0,0,1,1,6,1,20,4,2488,2,4,-1,1,-1
201595DFT0002,2,9,0,18,0,8,0,0,7,1,1,1,6,1,37,7,-1,-1,-1,-1,1,-1
201595DFT0003,1,9,0,18,0,0,1,0,1,0,2,1,6,1,64,9,1995,2,10,-1,3,-1
201595DFT0004,1,9,0,10,0,1,0,0,0,0,1,1,6,3,-1,-1,-1,-1,-1,-1,-1,-1
201595DFT0004,2,1,0,18,0,1,0,0,0,0,1,1,6,2,22,5,-1,-1,-1,-1,1,-1
201595DFT0005,1,9,0,18,0,1,0,0,0,0,1,1,6,3,-1,-1,-1,-1,-1,-1,-1,-1
201595DFT0005,2,1,0,18,0,1,0,0,0,0,2,1,6,1,28,6,-1,-1,-1,-1,1,-1
201595DFT0006,1,21,1,11,0,0,0,0,0,0,4,1,1,1,32,6,12809,2,1,-1,1,-1
201595DFT0006,2,9,0,18,0,0,0,0,7,0,3,1,6,2,32,6,1242,1,6,-1,1,-1
201595DFT0007,1,9,0,15,0,1,0,4,0,0,4,1,6,1,67,10,-1,-1,-1,-1,1,-1
201595DFT0007,2,9,0,2,0,1,0,0,0,0,2,1,6,3,-1,-1,2231,2,1,-1,-1,-1
201595DFT0008,1,9,0,18,0,1,0,0,0,0,1,1,6,1,39,7,-1,-1,-1,-1,-1,-1
201595DFT0008,2,9,0,3,0,1,0,0,0,0,2,1,6,1,57,9,1598,1,5,-1,1,-1
201595DFT0009,1,11,0,4,2,0,0,0,0,0,0,1,1,1,40,7,9360,2,6,-1,3,-1
201595DFT0010,1,9,0,18,0,0,0,0,0,0,3,1,1,1,57,9,2198,2,1,-1,-1,-1
2015961500003,1,9,0,18,0,0,0,10,7,11,1,1,2,1,22,5,1242,1,8,-1,2,-1
2015961500006,1,1,0,18,0,8,0,0,0,0,2,1,6,1,53,8,-1,-1,-1,-1,1,-1
2015961500006,2,9,0,9,0,8,0,0,0,0,4,1,6,1,29,6,1398,2,11,-1,1,-1
2015961500011,1,9,0,18,0,1,1,0,0,0,1,1,6,1,23,5,2777,2,6,-1,1,-1
2015961500011,2,9,0,3,0,1,0,0,0,0,2,1,6,1,42,7,1598,1,1,-1,1,-1
2015961500011,3,9,0,10,0,8,0,0,0,0,0,1,6,3,50,8,1685,2,2,-1,-1,-1
2015961500016,1,9,0,18,0,1,1,10,1,4,1,1,6,1,85,11,-1,-1,-1,-1,1,-1
2015961500017,1,5,0,16,0,8,5,0,0,0,4,1,6,1,52,8,1188,1,14,-1,3,-1
2015961500020,1,19,0,18,0,8,0,0,0,0,0,1,1,2,31,6,1995,2,4,-1,1,-1
2015961500035,1,9,0,18,0,8,0,0,0,0,1,1,2,1,27,6,1799,1,9,-1,1,-1
2015961500035,2,9,0,4,0,8,0,0,0,0,2,1,2,1,34,6,1997,2,2,-1,1,-1
2015961500035,3,9,0,18,0,8,0,0,0,0,4,1,1,1,52,8,2494,2,4,-1,-1,-1
2015961500035,4,9,0,18,0,7,0,0,0,0,1,1,2,1,54,8,1242,1,11,-1,1,-1
2015961500039,1,9,0,16,0,0,2,0,1,11,1,1,6,2,51,8,-1,-1,-1,-1,3,-1
2015961500049,1,9,0,18,0,0,2,0,1,11,1,1,6,2,20,4,1248,1,3,-1,3,-1
2015961500051,1,9,0,18,0,0,0,11,0,0,1,1,6,2,57,9,1598,1,9,-1,1,-1
2015961500051,2,9,0,18,0,0,2,11,1,0,1,1,2,1,26,6,1686,2,15,-1,3,-1
2015961500054,1,9,0,9,0,8,0,0,0,0,3,1,6,2,19,4,1598,2,-1,-1,1,-1
2015961500054,2,9,0,18,0,1,0,0,0,0,1,1,6,1,55,8,1598,1,2,-1,1,-1
2015961500056,1,9,0,18,0,2,0,0,0,0,1,1,2,2,28,6,1582,2,1,-1,3,-1
2015961500056,2,9,0,2,0,2,0,0,0,0,2,1,6,1,50,8,-1,-1,-1,-1,1,-1
2015961500080,1,21,0,18,0,1,0,0,0,0,1,1,1,1,23,5,12740,2,2,-1,1,-1
2015961500080,2,9,0,9,0,1,0,0,0,0,2,1,6,1,78,11,1968,2,1,-1,1,-1
2015961500089,1,9,0,5,0,0,0,10,7,11,2,1,1,2,57,9,1242,1,1,-1,1,-1
2015961500091,1,19,0,9,0,8,0,0,0,0,1,1,1,1,54,8,1753,2,7,-1,1,-1
2015961500099,1,9,0,5,0,1,0,0,0,0,1,1,1,2,20,4,1242,1,7,-1,1,-1
2015961500099,2,9,0,5,0,4,0,0,0,0,2,1,6,2,61,9,1587,1,8,-1,1,-1
2015961500101,1,9,0,18,0,1,0,0,0,0,1,1,6,1,50,8,-1,-1,-1,-1,-1,-1
2015961500101,2,9,0,3,0,1,0,0,0,0,2,1,2,2,35,6,1242,1,2,-1,1,-1
2015961500119,1,9,0,9,0,8,0,0,0,0,1,1,6,3,-1,-1,-1,-1,-1,-1,-1,-1
2015961500119,2,1,0,10,0,1,0,0,0,0,1,1,6,1,14,3,-1,-1,-1,-1,1,-1
2015961500125,1,9,0,16,0,0,2,10,7,11,3,1,6,1,41,7,1999,1,-1,-1,2,-1
2015961500141,1,9,0,5,0,2,0,0,0,0,3,1,6,2,18,4,1360,1,8,-1,1,-1
2015961500141,2,19,0,18,0,2,0,0,0,0,1,1,2,1,35,6,1995,2,5,-1,1,-1
2015961500156,1,9,0,9,0,8,0,0,0,0,1,1,6,2,24,5,1242,1,2,-1,1,-1
2015961500156,2,9,0,18,0,8,0,0,0,0,3,1,6,2,38,7,1242,1,15,-1,1,-1
2015961500157,1,9,0,18,0,8,5,11,7,0,1,1,2,1,72,10,-1,-1,-1,-1,1,-1
2015961500162,1,9,0,16,0,0,1,0,1,11,1,1,2,2,18,4,1242,1,6,-1,3,-1
2015961500166,1,9,0,17,0,0,0,10,1,11,1,1,6,2,21,5,1198,1,7,-1,1,-1
2015961500167,1,9,0,18,0,0,1,0,0,0,1,1,6,1,47,8,1598,1,11,-1,1,-1
2015961500167,2,9,0,3,0,0,0,0,0,0,0,1,6,3,50,8,-1,-1,-1,-1,-1,-1
2015961500170,1,19,0,9,0,8,0,0,0,0,1,1,6,3,50,8,-1,-1,-1,-1,-1,-1
2015961500170,2,9,0,1,0,8,0,0,0,0,3,1,6,2,56,9,1560,2,2,-1,3,-1
2015961500179,1,9,0,9,0,8,0,0,0,0,1,1,2,1,51,8,1598,1,8,-1,1,-1
2015961500179,2,9,0,18,0,8,0,0,0,0,4,1,6,1,52,8,-1,-1,-1,-1,1,-1
2015961500186,1,9,0,9,0,8,0,0,0,0,1,1,6,1,23,5,1349,1,4,-1,1,-1
2015961500186,2,11,0,18,0,8,0,0,0,0,1,1,1,1,30,6,5900,2,12,-1,1,-1
2015961500190,1,9,0,5,0,1,0,0,0,0,0,1,6,2,65,9,1296,1,7,-1,3,-1
2015961500190,2,11,0,4,0,1,0,0,0,0,0,1,1,1,62,9,5900,2,9,-1,3,-1
2015961500196,1,9,0,18,0,0,0,0,0,0,1,1,6,1,50,8,-1,-1,-1,-1,-1,-1
2015961500196,2,19,0,3,0,0,0,0,0,0,2,1,2,1,47,8,1753,2,11,-1,1,-1
2015961500203,1,11,0,4,0,0,1,0,0,0,1,1,1,1,64,9,9600,2,16,-1,1,-1
2015961500203,2,11,0,3,0,0,0,0,0,0,2,1,1,1,33,6,9000,2,10,-1,2,-1
2015961500205,1,9,0,18,0,1,0,0,0,0,1,1,6,2,47,8,-1,-1,-1,-1,1,-1
2015961500205,2,9,0,10,0,8,0,0,0,0,2,1,6,1,27,6,2495,2,16,-1,3,-1
2015961500205,3,9,0,18,0,1,0,0,0,0,1,1,6,2,65,9,-1,-1,-1,-1,2,-1
2015961500208,1,9,0,18,0,8,0,0,0,0,1,1,6,1,21,5,1998,2,9,-1,1,-1
2015961500208,2,9,0,18,0,8,1,10,7,11,4,1,6,2,34,6,-1,-1,-1,-1,1,-1
2015961500213,1,90,0,5,0,0,0,0,0,0,3,1,1,1,45,7,-1,-1,-1,-1,3,-1
2015961500215,1,9,0,4,0,1,0,0,0,0,1,1,2,1,18,4,1242,1,4,-1,1,-1
2015961500215,2,9,0,3,0,1,0,0,0,0,2,1,2,2,22,5,1598,1,13,-1,3,-1
2015961500215,3,9,0,3,0,1,0,0,0,0,2,1,2,2,24,5,1364,1,8,-1,1,-1
2015961500219,1,9,0,17,0,0,2,0,0,0,4,1,6,1,18,4,-1,-1,-1,-1,1,-1
2015961500232,1,9,0,9,0,8,1,10,7,11,3,1,3,1,78,11,1396,1,2,-1,1,-1
2015961500232,2,11,0,17,0,8,0,0,0,0,1,1,1,1,57,9,7300,2,6,-1,-1,-1
2015961500233,1,19,0,18,0,1,0,10,7,0,1,1,1,1,24,5,2402,2,4,-1,1,-1
2015961500233,2,9,0,4,0,1,0,0,0,0,2,1,6,1,36,7,1560,2,1,-1,1,-1
2015961500233,3,9,0,18,0,2,0,10,1,0,1,1,6,1,32,6,-1,-1,-1,-1,1,-1
2015961500240,1,9,0,16,0,0,1,0,0,0,1,1,1,2,63,9,1229,1,5,-1,1,-1
2015961500240,2,9,0,3,0,0,0,0,0,0,2,1,1,1,23,5,-1,-1,-1,-1,3,-1
2015961500243,1,9,0,18,0,0,0,0,2,7,1,1,6,2,22,5,1124,1,10,-1,3,-1
2015961500243,2,9,0,18,0,0,0,1,0,0,1,1,2,1,28,6,1968,2,6,-1,3,-1
2015961500244,1,8,0,18,0,0,0,0,0,0,1,1,1,1,36,7,1896,2,6,-1,3,-1
2015961500244,2,9,0,3,0,0,0,0,0,0,2,1,6,1,22,5,1242,1,14,-1,1,-1
2015961500256,1,9,0,7,0,8,0,0,0,0,3,1,6,3,50,8,-1,-1,-1,-1,-1,-1
2015961500256,2,1,0,18,0,8,0,0,0,0,1,1,2,1,42,7,-1,-1,-1,-1,1,-1
2015961500258,1,9,0,18,0,1,0,10,5,6,1,1,6,1,26,6,1587,1,8,-1,-1,-1
2015961500260,1,21,1,5,0,4,0,0,0,0,3,1,1,1,65,9,5480,2,10,-1,1,-1
2015961500260,2,1,0,18,0,8,0,0,0,0,4,1,2,1,51,8,-1,-1,-1,-1,1,-1
2015961500261,1,9,0,18,0,0,0,0,0,0,1,1,1,2,53,8,-1,-1,-1,-1,3,-1
2015961500261,2,9,0,2,0,0,0,0,0,0,2,1,6,2,28,6,1599,1,11,-1,3,-1
2015961500267,1,9,0,9,0,8,0,0,0,0,1,1,6,1,73,10,1248,1,2,-1,1,-1
2015961500267,2,9,0,18,0,8,0,0,7,1,4,1,6,1,60,9,1360,1,9,-1,1,-1
2015961500268,1,9,0,9,0,8,1,10,1,2,1,1,6,2,29,6,1596,1,13,-1,1,-1
2015961500269,1,9,0,18,0,0,1,0,0,0,1,1,2,1,47,8,1896,2,13,-1,1,-1
2015961500269,2,19,0,18,0,0,0,0,0,0,1,1,2,1,44,7,2464,2,7,-1,2,-1
2015961500275,1,9,0,18,0,0,0,0,0,0,1,1,6,1,19,4,1149,1,8,-1,1,-1
2015961500276,1,9,0,4,0,0,1,0,0,0,1,1,6,1,24,5,1596,1,5,-1,1,-1
2015961500276,2,9,0,3,0,0,0,0,0,0,2,1,6,1,49,8,2143,2,6,-1,1,-1
2015961500280,1,9,0,17,0,0,5,10,2,3,1,1,6,1,22,5,1999,1,6,-1,1,-1
2015961500280,2,9,0,17,0,0,0,1,0,0,1,1,6,2,52,8,1896,2,10,-1,3,-1
2015961500283,1,9,0,18,0,0,0,0,0,0,1,1,6,2,21,5,996,1,2,-1,1,-1
2015961500283,2,9,0,4,0,0,0,0,0,0,2,1,6,1,22,5,1149,1,1,-1,1,-1