Accident_Index,Vehicle_Reference,Vehicle_Type,Towing_and_Articulation,Vehicle_Manoeuvre,Vehicle_Location-Restricted_Lane,Junction_Location,Skidding_and_Overturning,Hit_Object_in_Carriageway,Vehicle_Leaving_Carriageway,Hit_Object_off_Carriageway,1st_Point_of_Impact,Was_Vehicle_Left_Hand_Drive?,Journey_Purpose_of_Driver,Sex_of_Driver,Age_of_Driver,Age_Band_of_Driver,Engine_Capacity_(CC),Propulsion_Code,Age_of_Vehicle,Driver_IMD_Decile,Driver_Home_Area_Type,Vehicle_IMD_Decile
2015961500856,3,9,0,18,0,1,1,0,7,0,1,1,6,1,35,6,2497,1,11,-1,1,-1
2015961500856,4,9,0,18,0,1,0,0,0,0,1,1,6,2,47,8,1587,1,10,-1,3,-1
2015961500856,5,9,0,3,0,1,0,0,0,0,2,2,6,1,63,9,-1,-1,-1,-1,-1,-1
2015961500856,6,9,0,3,0,1,0,0,0,0,2,1,6,1,45,7,1968,2,9,-1,-1,-1
2015961500856,7,9,0,10,0,1,0,0,0,0,0,1,6,2,24,5,1242,1,4,-1,1,-1
2015961500878,1,9,0,9,0,8,0,0,0,0,1,1,6,1,85,11,-1,-1,-1,-1,1,-1
2015961500878,2,19,0,18,0,8,1,0,0,0,1,1,1,1,63,9,2402,2,4,-1,2,-1
2015961500880,1,9,0,17,0,0,2,0,1,0,2,1,6,2,22,5,1422,2,11,-1,2,-1
2015961500889,1,9,0,9,0,8,0,0,0,0,1,1,6,1,28,6,2494,1,13,-1,1,-1
2015961500889,2,9,0,7,0,8,0,0,0,0,1,1,6,2,24,5,1599,1,10,-1,1,-1
2015961500892,1,19,0,4,0,1,0,0,0,0,1,1,1,1,31,6,1753,2,8,-1,3,-1
2015961500892,2,9,0,7,0,8,0,0,0,0,2,1,3,2,25,5,1390,1,9,-1,1,-1
2015961500893,1,19,0,7,0,8,0,0,0,0,4,1,6,3,50,8,-1,-1,-1,-1,-1,-1
2015961500907,1,20,0,18,0,8,0,0,0,0,1,1,2,1,33,6,2143,2,2,-1,1,-1
2015961500907,2,9,0,9,0,8,0,0,0,0,3,1,6,2,73,10,1149,1,2,-1,2,-1
2015961500910,1,1,0,9,0,8,5,0,0,0,3,1,6,1,18,4,-1,-1,-1,-1,1,-1
2015961500910,2,9,0,18,0,8,0,0,0,0,1,1,6,1,18,4,1242,1,8,-1,3,-1
2015961500914,1,9,0,18,0,0,1,0,1,11,4,1,6,1,51,8,1796,1,8,-1,1,-1
2015961500917,1,9,0,2,0,0,0,0,0,0,3,1,6,2,30,6,1598,1,10,-1,-1,-1
2015961500917,2,9,0,18,0,0,0,8,0,0,4,1,6,1,75,10,1560,2,2,-1,2,-1
2015961500924,1,9,0,18,0,0,5,0,1,7,4,1,6,1,21,5,1229,1,9,-1,1,-1
2015961500925,1,9,0,18,0,0,0,4,0,0,4,1,6,2,33,6,1951,2,11,-1,3,-1
2015961500925,2,9,0,2,0,0,0,10,1,0,2,1,6,2,17,4,1149,1,16,-1,1,-1
2015961500929,1,1,0,5,0,0,0,0,0,0,3,1,6,1,14,3,-1,-1,-1,-1,1,-1
2015961500929,2,9,0,18,0,0,0,0,0,0,1,1,6,2,25,5,1349,1,4,-1,1,-1
2015961500930,1,9,0,18,0,1,0,0,0,0,1,1,2,2,32,6,2494,1,11,-1,1,-1
2015961500930,2,9,0,3,0,1,0,0,0,0,2,1,6,1,52,8,1328,1,7,-1,1,-1
2015961500942,1,9,0,18,0,1,0,0,0,0,1,1,6,1,29,6,1390,1,7,-1,1,-1
2015961500942,2,9,0,3,0,1,0,0,0,0,2,1,6,2,33,6,1596,1,6,-1,1,-1
2015961500943,1,9,0,18,0,0,0,10,1,11,1,1,6,1,25,5,1242,1,8,-1,1,-1
2015961500946,1,9,0,4,0,1,0,0,0,0,1,1,6,1,40,7,1956,2,2,-1,1,-1
2015961500946,2,9,0,3,0,1,0,0,0,0,2,1,6,1,58,9,1998,2,9,-1,1,-1
2015961500946,3,9,0,3,0,1,0,0,0,0,2,1,6,2,48,8,1198,1,1,-1,1,-1
2015961500947,1,5,0,18,0,0,2,12,0,0,1,1,6,1,45,7,675,1,2,-1,3,-1
2015961500949,1,9,0,18,0,0,5,0,7,7,3,1,6,1,30,6,1796,1,8,-1,1,-1
2015961500950,1,9,0,4,0,0,0,0,0,0,0,1,6,3,50,8,-1,-1,-1,-1,-1,-1
2015961500950,2,11,0,3,0,0,0,0,0,0,0,1,1,1,63,9,-1,2,15,-1,1,-1
2015961500960,1,9,0,15,0,0,5,4,7,11,1,1,6,2,71,10,1598,1,-1,-1,-1,-1
2015961500960,2,9,0,2,0,0,0,4,0,0,1,1,6,1,67,10,1598,1,6,-1,3,-1
2015961500960,3,9,0,2,0,0,0,0,0,0,2,1,6,1,49,8,998,1,7,-1,2,-1
2015961500968,1,5,0,16,0,0,0,0,0,0,3,1,6,1,73,10,1084,1,20,-1,3,-1
2015961500968,2,9,0,17,0,0,0,0,0,0,3,1,1,2,44,7,-1,-1,-1,-1,1,-1
2015961500969,1,5,0,16,0,0,0,0,0,0,1,1,6,1,53,8,-1,-1,-1,-1,-1,-1
2015961500969,2,19,0,17,0,0,0,0,0,0,1,1,6,1,38,7,1868,2,12,-1,3,-1
2015961500972,1,9,0,18,0,8,0,0,0,0,1,1,6,2,22,5,1199,1,11,-1,1,-1
2015961500972,2,19,0,18,0,8,0,0,1,0,3,1,1,1,61,9,-1,-1,-1,-1,3,-1
2015961500977,1,9,0,17,0,0,1,0,1,4,1,1,6,1,31,6,1999,1,10,-1,1,-1
2015961500982,1,9,0,16,0,3,0,10,1,1,1,1,6,2,34,6,1596,1,10,-1,-1,-1
2015961500984,1,9,0,18,0,0,5,10,6,11,3,1,6,2,25,5,1596,1,14,-1,3,-1
2015961500986,1,3,0,4,0,0,0,0,0,0,1,1,6,1,21,5,124,1,1,-1,2,-1
2015961500993,1,9,0,18,0,0,1,10,7,11,3,1,2,2,19,4,1198,1,6,-1,3,-1
2015961500999,1,9,0,11,0,0,0,0,0,0,2,1,2,2,19,4,899,1,1,-1,1,-1
2015961500999,2,9,0,18,0,0,0,0,0,0,1,1,2,2,34,6,-1,-1,-1,-1,3,-1
2015961501006,1,9,0,7,0,8,0,0,0,0,1,1,1,2,62,9,1246,1,8,-1,3,-1
2015961501015,1,9,0,17,0,8,0,10,1,0,1,1,6,1,52,8,1349,1,4,-1,1,-1
2015961501015,2,9,0,3,0,1,0,0,1,7,3,1,6,1,78,11,1686,2,3,-1,1,-1
2015961501028,1,9,0,4,0,1,0,0,0,0,1,1,6,2,25,5,-1,-1,-1,-1,-1,-1
2015961501030,1,9,0,17,0,0,1,0,0,0,1,1,6,1,40,7,1242,1,3,-1,1,-1
2015961501030,2,9,0,16,0,0,0,0,0,0,3,1,6,1,59,9,-1,-1,-1,-1,1,-1
2015961501034,1,9,0,16,0,0,0,0,0,0,1,1,6,1,87,11,1240,1,9,-1,2,-1
2015961501034,2,9,0,17,0,0,0,0,0,0,1,1,6,2,34,6,1400,1,15,-1,1,-1
2015961501037,1,9,0,1,0,0,0,0,0,0,2,1,6,2,52,8,1398,1,14,-1,-1,-1
2015961501037,2,9,0,3,0,0,0,0,0,0,1,1,6,1,38,7,1242,1,11,-1,3,-1
2015961501038,1,9,0,18,0,0,0,0,0,0,1,1,6,1,25,5,-1,-1,-1,-1,-1,-1
2015961501039,1,3,0,18,0,8,0,0,0,0,1,1,2,1,27,6,124,1,6,-1,1,-1
2015961501039,2,9,0,18,0,8,0,0,0,0,2,1,2,1,25,5,1560,2,2,-1,2,-1
2015961501042,1,9,0,18,0,0,0,0,0,0,3,1,6,3,30,6,-1,-1,-1,-1,-1,-1
2015961501042,2,9,0,18,0,0,0,0,0,0,3,1,6,2,17,4,1149,1,4,-1,1,-1
2015961501043,1,9,0,18,0,1,0,0,0,0,1,1,6,1,77,11,1984,1,12,-1,3,-1
2015961501043,2,9,0,10,0,1,0,0,0,0,2,1,2,2,50,8,1396,1,9,-1,1,-1
2015961501060,1,9,0,17,0,8,1,0,1,7,1,1,2,1,31,6,1995,2,13,-1,1,-1
2015961501064,1,9,0,9,0,8,0,0,0,0,4,1,2,1,27,6,1995,2,5,-1,1,-1
2015961501064,2,9,0,18,0,8,0,0,1,0,1,1,2,2,29,6,1242,1,1,-1,3,-1
2015961501067,1,9,0,18,0,0,5,4,0,0,1,1,6,2,89,11,1390,1,2,-1,1,-1
2015961501067,2,9,0,2,0,0,0,0,0,0,1,1,6,2,46,8,1396,1,1,-1,-1,-1
2015961501067,3,9,0,2,0,0,0,0,0,0,1,1,6,2,41,7,1400,1,9,-1,1,-1
2015961501067,4,9,0,2,0,0,0,0,0,0,2,1,6,2,48,8,1598,1,4,-1,1,-1
2015961501072,1,8,0,18,0,0,0,0,0,0,4,1,1,1,47,8,1560,2,6,-1,1,-1
2015961501077,1,9,0,13,0,0,0,0,7,0,1,1,6,1,44,7,1997,2,1,-1,-1,-1
2015961501077,2,9,0,18,0,0,0,0,7,0,1,1,6,2,32,6,1390,1,4,-1,1,-1
2015961501082,1,9,0,18,0,0,0,10,7,10,1,1,6,2,45,7,1586,1,1,-1,1,-1
2015961501083,1,9,0,9,0,8,0,0,0,0,0,1,6,3,25,5,-1,-1,-1,-1,-1,-1
2015961501083,2,11,0,18,0,1,0,0,0,0,0,1,1,1,60,9,9000,2,11,-1,1,-1
2015961501084,1,9,0,18,0,0,1,0,1,11,1,1,1,1,31,6,2993,2,1,-1,1,-1
2015961501085,1,9,0,13,0,8,0,0,0,0,4,1,1,1,32,6,1149,1,11,-1,1,-1
2015961501085,2,9,0,18,0,8,1,10,2,2,3,1,2,1,19,4,1998,2,12,-1,1,-1
2015961501087,1,9,0,18,0,1,0,0,0,0,1,1,6,1,38,7,1968,2,6,-1,2,-1
2015961501087,2,9,0,3,0,1,0,0,0,0,2,1,6,1,37,7,-1,-1,-1,-1,1,-1
2015961501097,1,9,0,17,0,0,1,0,0,0,4,1,2,2,50,8,698,1,11,-1,1,-1
2015961501097,2,20,0,16,0,0,0,0,0,0,1,1,1,1,45,7,-1,-1,-1,-1,1,-1
2015961501099,1,9,0,18,0,1,1,0,1,4,3,1,6,1,28,6,1149,1,10,-1,1,-1
2015961501101,1,9,0,16,0,0,0,0,2,11,2,1,6,2,44,7,1390,1,2,-1,3,-1
2015961501102,1,9,0,4,0,0,0,0,0,0,1,1,6,1,17,4,-1,-1,-1,-1,1,-1
2015961501102,2,9,0,3,0,0,0,0,0,0,2,1,2,1,49,8,1998,1,11,-1,1,-1
2015961501103,1,21,0,13,0,0,0,0,7,9,1,1,1,1,63,9,10837,2,7,-1,1,-1
2015961501103,2,90,0,18,0,0,0,0,0,0,0,1,6,3,50,8,-1,-1,-1,-1,-1,-1
2015961501109,1,9,0,18,0,1,1,0,1,4,3,1,2,1,50,8,2401,2,10,-1,2,-1
2015961501118,1,9,0,18,0,0,1,0,1,0,1,1,6,1,51,8,1399,1,8,-1,1,-1
2015961501118,2,9,0,4,0,0,0,0,0,0,1,1,6,1,21,5,-1,-1,-1,-1,1,-1
2015961501124,1,9,0,18,0,0,0,0,1,9,1,1,6,2,36,7,1598,1,-1,-1,-1,-1
2015961501124,2,9,0,18,0,0,0,0,1,9,1,1,6,1,54,8,2982,2,-1,-1,3,-1
2015961501128,1,9,0,16,0,0,1,0,7,0,1,1,6,2,21,5,1299,1,10,-1,3,-1
2015961501136,1,9,0,7,0,8,0,0,0,0,4,1,6,2,45,7,-1,-1,-1,-1,-1,-1
2015961501138,1,19,0,4,0,1,0,0,0,0,1,1,1,1,38,7,2198,2,2,-1,2,-1
2015961501138,2,9,0,3,0,1,0,0,0,0,2,1,6,1,35,6,1364,1,11,-1,3,-1
2015961501142,1,9,0,18,0,0,1,0,1,0,3,1,6,1,56,9,2979,1,1,-1,1,-1
2015961501142,2,9,0,18,0,0,0,0,0,0,2,1,6,2,67,10,1598,2,4,-1,2,-1
2015961501143,1,1,0,7,0,8,0,0,0,0,1,1,6,1,9,2,-1,-1,-1,-1,1,-1
2015961501143,2,9,0,18,0,8,0,0,0,0,2,1,6,2,55,8,1997,2,8,-1,1,-1
2015961501147,1,5,0,16,0,0,1,0,0,0,1,1,6,1,36,7,750,1,3,-1,1,-1
2015961501147,2,9,0,17,0,0,0,0,0,0,1,1,6,2,45,7,998,1,3,-1,1,-1
2015961501153,1,19,0,18,0,1,0,0,0,0,4,1,6,1,64,9,2198,2,3,-1,1,-1
2015961501155,1,9,0,18,0,0,1,0,2,11,1,1,6,1,25,5,1905,2,17,-1,1,-1
2015961501155,2,9,0,18,0,0,0,0,0,0,1,1,6,1,70,10,1896,2,9,-1,1,-1
2015961501155,3,9,0,18,0,0,0,0,1,0,0,1,6,2,37,7,1386,1,4,-1,3,-1
2015961501156,1,11,0,18,0,8,0,0,0,0,0,1,1,1,49,8,4250,2,9,-1,1,-1
2015961501160,1,9,0,18,0,0,0,0,0,0,1,1,6,1,33,6,1362,1,1,-1,-1,-1
2015961501160,2,19,0,18,0,0,0,0,1,9,2,1,1,1,25,5,1399,2,5,-1,3,-1
2015961501164,1,9,0,16,0,0,2,0,7,7,3,1,2,2,49,8,1149,1,8,-1,1,-1
2015961501165,1,9,0,1,0,1,0,0,0,0,2,1,2,1,48,8,1388,1,13,-1,1,-1
2015961501168,1,9,0,18,0,0,2,0,0,0,1,1,6,1,33,6,1591,1,2,-1,1,-1
2015961501169,1,9,0,16,0,8,2,0,1,0,1,1,6,2,23,5,1108,1,8,-1,1,-1
2015961501170,1,3,0,4,0,0,1,0,0,0,0,1,6,2,21,5,125,1,1,-1,1,-1
2015961501174,1,9,0,9,0,8,0,0,0,0,1,1,6,1,30,6,-1,-1,-1,-1,-1,-1
2015961501174,2,3,0,18,0,8,0,0,0,0,3,1,2,1,22,5,124,1,6,-1,1,-1
2015961501175,1,9,0,16,0,0,5,0,1,0,4,1,1,1,40,7,-1,-1,-1,-1,3,-1
2015961501178,1,9,0,16,0,0,0,0,0,0,0,1,6,3,45,7,-1,-1,-1,-1,-1,-1
2015961501178,2,9,0,17,0,0,2,0,1,11,1,1,2,2,19,4,1242,1,4,-1,3,-1
2015961501181,1,9,0,4,0,1,0,0,0,0,1,1,2,2,20,4,998,1,6,-1,1,-1
2015961501181,2,9,0,3,0,1,0,0,0,0,2,1,6,2,37,7,1398,1,3,-1,1,-1
2015961501183,1,9,0,18,0,8,1,0,0,0,4,1,6,1,30,6,1124,1,11,-1,1,-1
2015961501188,1,9,0,9,0,8,0,0,0,0,3,1,6,1,35,6,1997,2,13,-1,1,-1
2015961501188,2,4,0,9,0,8,0,0,0,0,4,1,6,2,17,4,124,1,-1,-1,1,-1
2015961501189,1,9,0,18,0,1,2,10,1,3,4,1,6,1,21,5,1242,1,10,-1,2,-1
2015961501199,1,2,0,5,0,3,1,0,0,0,3,1,2,1,19,4,124,1,10,-1,1,-1
2015961501201,1,9,0,18,0,1,0,0,0,0,1,1,6,1,19,4,1242,1,-1,-1,1,-1
2015961501201,2,9,0,4,0,1,0,0,0,0,2,1,6,1,53,8,1598,1,4,-1,1,-1
2015961501209,1,9,0,9,0,8,0,0,0,0,1,1,6,2,57,9,1242,1,2,-1,3,-1
2015961501209,2,9,0,18,0,8,0,0,0,0,1,1,6,1,24,5,1390,1,4,-1,1,-1
2015961501211,1,9,0,4,0,1,0,0,0,0,1,1,6,1,72,10,1686,2,1,-1,1,-1
2015961501211,2,9,0,3,0,1,0,0,0,0,2,1,6,1,26,6,1796,1,13,-1,3,-1
2015961501211,3,9,0,3,0,1,0,0,0,0,2,1,6,1,35,6,1995,2,5,-1,3,-1
2015961501217,1,9,0,18,0,1,0,0,0,0,1,1,6,1,83,11,1998,1,12,-1,2,-1
2015961501217,2,9,0,3,0,1,0,0,0,0,2,1,6,1,50,8,1461,2,13,-1,1,-1
2015961501217,3,9,0,3,0,1,0,0,0,0,2,1,1,1,64,9,-1,-1,-1,-1,2,-1
2015961501217,4,9,0,3,0,1,0,0,0,0,2,1,6,2,62,9,1598,1,4,-1,2,-1
2015961501217,5,9,0,10,0,1,0,0,0,0,2,1,6,2,34,6,1685,2,2,-1,3,-1
2015961501222,1,9,0,5,0,4,0,0,0,0,3,1,1,1,36,7,1956,2,4,-1,1,-1
2015961501222,2,1,0,18,0,8,2,0,0,0,1,1,1,1,39,7,-1,-1,-1,-1,1,-1
2015961501223,1,9,0,14,0,2,0,4,0,0,4,1,6,2,75,10,998,1,2,-1,2,-1
2015961501223,2,9,0,2,0,2,0,0,0,0,3,1,1,1,31,6,2993,2,3,-1,1,-1
2015961501223,3,11,0,2,0,2,0,0,0,0,0,1,1,3,50,8,-1,-1,-1,-1,-1,-1
2015961501224,1,9,0,9,0,8,0,0,0,0,1,1,2,1,46,8,1984,1,1,-1,3,-1
2015961501228,1,9,0,18,0,8,0,10,3,11,1,1,6,1,24,5,1596,1,11,-1,1,-1
2015961501237,1,9,0,9,0,2,0,0,0,0,1,1,6,2,34,6,1796,1,8,-1,2,-1
2015961501248,1,9,0,18,0,4,0,0,0,0,1,1,6,1,43,7,1598,1,13,-1,1,-1
2015961501248,2,3,0,18,0,8,0,0,0,0,4,1,6,1,25,5,125,1,2,-1,1,-1
2015961501249,1,9,0,9,0,8,0,0,0,0,3,1,6,1,18,4,1588,1,11,-1,1,-1
2015961501252,1,9,0,18,0,0,0,0,0,0,4,1,6,2,51,8,1598,2,-1,-1,-1,-1
2015961501253,1,9,0,16,0,0,1,0,0,0,1,1,6,2,48,8,2521,1,10,-1,3,-1
2015961501253,2,9,0,17,0,0,0,0,1,9,1,1,2,1,26,6,1242,1,7,-1,-1,-1
2015961501253,3,9,0,17,0,0,0,0,0,0,1,1,6,1,25,5,1390,1,13,-1,1,-1
2015961501254,1,9,0,4,0,1,0,0,0,0,1,1,2,2,24,5,1242,1,6,-1,1,-1
2015961501254,2,9,0,3,0,1,0,0,0,0,2,1,2,1,25,5,2498,2,17,-1,1,-1
2015961501265,1,9,0,4,0,0,0,7,0,0,1,1,6,2,51,8,1149,1,1,-1,3,-1
2015961501272,1,9,0,18,0,0,0,0,0,0,1,1,6,1,55,8,2199,2,3,-1,3,-1
2015961501272,2,9,0,3,0,0,0,0,0,0,2,1,6,2,63,9,1997,2,1,-1,1,-1
2015961501272,3,9,0,3,0,0,0,0,0,0,2,1,6,1,40,7,2495,2,11,-1,1,-1
2015961501272,4,9,0,3,0,0,0,0,0,0,2,1,6,1,70,10,6750,1,17,-1,3,-1
2015961501274,1,9,0,18,0,1,0,0,0,0,1,1,6,1,42,7,1998,1,6,-1,1,-1
2015961501274,2,9,0,3,0,1,0,0,0,0,2,1,6,1,47,8,1796,1,8,-1,1,-1
2015961501274,3,9,0,3,0,8,0,0,0,0,2,1,6,1,40,7,1896,2,10,-1,1,-1
2015961501275,1,9,4,18,0,1,0,0,0,0,1,1,6,1,82,11,1461,2,2,-1,1,-1
2015961501275,2,9,0,18,0,1,0,0,0,0,2,1,6,1,80,11,1970,1,11,-1,3,-1
2015961501275,3,9,0,3,0,1,0,0,0,0,2,1,6,2,51,8,1396,1,3,-1,-1,-1
2015961501278,1,1,0,9,0,8,0,0,0,0,1,1,6,1,14,3,-1,-1,-1,-1,1,-1
2015961501278,2,9,0,18,0,1,0,0,0,0,1,1,6,2,66,10,1242,1,10,-1,1,-1
2015961501281,1,9,0,18,0,0,0,0,7,4,1,1,6,1,66,10,1968,2,3,-1,-1,-1
2015961501281,2,9,0,18,0,0,0,0,1,0,1,1,6,2,77,11,1396,1,15,-1,3,-1
2015961501281,3,19,0,18,0,0,0,0,0,0,4,1,1,1,30,6,2299,2,-1,-1,1,-1
2015961501283,1,9,0,18,0,2,2,0,0,0,1,1,6,1,65,9,1968,2,10,-1,3,-1
2015961501283,2,17,4,18,0,2,3,0,7,4,2,1,1,1,21,5,6728,2,-1,-1,3,-1
2015961501288,1,1,0,7,0,8,0,0,0,0,1,1,6,1,7,2,-1,-1,-1,-1,1,-1
2015961501288,2,8,0,17,0,8,0,0,0,0,1,1,1,1,43,7,1560,2,5,-1,1,-1
2015961501290,1,9,0,18,0,1,0,0,0,0,1,1,6,1,77,11,1997,2,11,-1,2,-1
2015961501290,2,9,0,9,0,1,0,0,0,0,2,1,6,2,44,7,1242,1,5,-1,1,-1
2015961501295,1,9,0,18,0,0,0,0,0,0,1,1,6,1,58,9,3600,1,7,-1,1,-1
2015961501296,1,9,0,18,0,8,0,0,0,0,1,1,6,1,33,6,1248,1,-1,-1,-1,-1
2015961501296,2,9,0,7,0,8,0,0,0,0,4,1,6,2,21,5,1390,1,2,-1,1,-1
2015961501298,1,9,0,18,0,0,0,0,0,0,2,1,1,1,45,7,1360,1,12,-1,1,-1
2015961501298,2,9,0,3,0,0,0,0,0,0,1,1,6,2,27,6,1686,2,4,-1,2,-1
2015961501298,3,9,0,3,0,0,0,0,0,0,2,1,1,1,27,6,1995,2,1,-1,1,-1
2015961501298,4,9,0,3,0,0,0,0,0,0,2,1,1,2,45,7,1560,2,1,-1,3,-1
2015961501299,1,9,0,7,9,6,0,0,0,0,1,1,2,1,61,9,1368,1,3,-1,2,-1
2015961501299,2,1,0,18,9,8,0,0,0,0,1,1,6,2,9,2,-1,-1,-1,-1,1,-1
2015961501302,1,9,0,13,0,0,0,0,0,0,3,1,6,1,23,5,1910,2,8,-1,1,-1
2015961501302,2,5,0,13,0,0,1,0,7,0,4,1,6,1,34,6,998,1,4,-1,1,-1
2015961501306,1,9,0,18,0,0,0,0,0,0,4,1,6,3,30,6,-1,-1,-1,-1,-1,-1
2015961501320,1,5,0,18,0,1,1,10,3,1,1,1,2,1,22,5,649,1,2,-1,1,-1
2015961501322,1,9,0,5,0,8,0,0,1,0,4,2,6,1,18,4,-1,-1,-1,-1,1,-1
2015961501322,2,9,0,18,0,8,0,0,1,0,3,1,2,1,50,8,999,1,3,-1,1,-1
2015961501324,1,5,0,18,0,0,2,10,1,7,4,1,6,1,54,8,1170,1,10,-1,1,-1
2015961501326,1,9,0,5,0,0,0,0,0,0,1,1,2,2,49,8,1298,1,12,-1,1,-1
2015961501326,2,9,0,3,0,0,0,0,0,0,2,1,2,1,48,8,-1,-1,-1,-1,1,-1
2015961501326,3,9,0,3,0,0,0,0,0,0,2,1,2,2,21,5,1499,1,7,-1,1,-1
2015961501342,1,9,0,18,0,0,0,0,0,0,1,1,6,2,24,5,1498,1,7,-1,1,-1
2015961501342,2,9,0,4,0,0,0,0,0,0,2,1,6,1,19,4,1229,1,1,-1,1,-1
2015961501343,1,90,0,18,0,0,0,0,0,0,3,1,6,1,67,10,-1,-1,-1,-1,1,-1
2015961501343,2,9,0,18,0,0,0,0,0,0,3,1,6,2,27,6,1598,1,7,-1,2,-1
2015961501344,1,9,0,9,0,8,0,0,0,0,1,1,6,2,45,7,1799,1,7,-1,1,-1
2015961501344,2,5,0,7,0,8,0,0,7,0,1,1,6,1,53,8,865,1,2,-1,2,-1
2015961501356,1,21,0,18,0,2,0,0,0,0,4,1,1,1,35,6,3920,2,9,-1,1,-1
2015961501356,2,1,0,18,0,2,0,0,0,0,2,1,1,1,36,7,-1,-1,-1,-1,1,-1
2015961501357,1,9,0,4,0,0,0,0,0,0,3,1,1,1,64,9,1796,1,8,-1,1,-1
2015961501358,1,9,0,17,0,0,0,0,1,4,1,1,6,1,50,8,1275,1,19,-1,1,-1
2015961501363,1,9,0,5,0,8,0,0,0,0,3,1,6,2,39,7,1587,1,14,-1,2,-1
2015961501363,2,9,0,18,0,8,0,0,0,0,1,1,6,1,51,8,1986,2,9,-1,2,-1
2015961501363,3,9,0,3,0,1,0,0,0,0,3,1,6,2,33,6,1206,1,4,-1,2,-1
2015961501364,1,9,0,4,0,1,0,0,0,0,4,1,6,3,50,8,-1,-1,-1,-1,-1,-1
2015961501365,1,19,0,16,0,0,1,0,1,11,3,1,1,1,47,8,2198,2,1,-1,1,-1
2015961501365,2,9,0,16,0,0,0,1,0,0,1,1,6,1,55,8,2143,2,-1,-1,3,-1
2015961501368,1,10,0,18,0,0,1,0,0,0,1,1,1,1,70,10,2143,2,3,-1,3,-1
2015961501368,2,10,0,4,0,0,0,0,0,0,2,1,1,1,65,9,2143,2,3,-1,1,-1
2015961501368,3,9,0,18,0,0,0,0,0,0,1,1,6,2,53,8,1329,1,6,-1,1,-1
2015961501373,1,9,0,18,0,0,1,10,1,0,1,1,6,1,33,6,2184,2,10,-1,1,-1
2015961501373,2,1,0,18,9,0,0,0,0,0,2,1,6,1,22,5,-1,-1,-1,-1,1,-1
2015961501383,1,9,0,5,0,0,0,0,0,0,1,1,6,1,56,9,1598,1,2,-1,2,-1
2015961501383,2,9,0,18,0,0,0,0,0,0,3,1,6,2,35,6,1560,2,1,-1,1,-1
2015961501392,1,9,0,1,9,8,0,0,0,0,2,1,3,1,41,7,2188,2,13,-1,1,-1
2015961501392,2,1,0,5,9,8,0,0,0,0,3,1,4,1,5,1,-1,-1,-1,-1,1,-1
2015961501401,1,9,0,13,0,3,0,0,0,0,4,1,6,2,37,7,1339,1,5,-1,1,-1
2015961501401,2,1,0,7,0,3,0,0,0,0,1,1,6,1,56,9,-1,-1,-1,-1,2,-1
2015961501402,1,9,0,18,0,4,0,0,0,0,1,1,6,1,48,8,1364,1,8,-1,1,-1
2015961501402,2,1,0,18,0,8,0,0,0,0,4,1,6,2,51,8,-1,-1,-1,-1,2,-1
2015961501403,1,9,0,9,0,8,1,0,0,0,1,1,2,2,37,7,1999,1,5,-1,3,-1
2015961501403,2,9,0,18,0,8,0,0,0,0,4,1,2,1,41,7,1598,1,7,-1,1,-1
2015961501405,1,9,0,18,0,0,0,0,0,0,1,1,3,2,39,7,2179,2,3,-1,1,-1
2015961501405,2,9,0,4,0,0,0,0,0,0,2,1,1,1,47,8,-1,-1,-1,-1,1,-1
2015961501405,3,9,0,4,0,0,0,0,0,0,2,1,2,1,23,5,1149,1,10,-1,1,-1
2015961501408,1,9,0,18,0,0,0,0,0,0,4,1,6,1,41,7,2199,2,-1,-1,1,-1
2015961501411,1,9,0,18,0,1,0,0,0,0,1,1,6,1,17,4,1198,1,4,-1,3,-1
2015961501411,2,9,0,9,0,8,0,0,0,0,2,1,1,1,45,7,1997,2,3,-1,3,-1
2015961501436,1,9,0,9,0,8,0,0,0,0,4,1,2,2,37,7,1598,1,8,-1,1,-1
2015961501436,2,2,0,18,0,8,0,0,0,0,1,1,2,1,23,5,102,1,8,-1,1,-1
2015961501439,1,9,0,16,0,5,0,0,7,7,1,1,6,2,21,5,998,1,3,-1,1,-1
2015961501442,1,9,0,9,0,8,0,0,0,0,3,1,6,1,59,9,1229,1,6,-1,1,-1
2015961501442,2,1,0,18,0,8,1,0,0,0,1,1,4,1,15,3,-1,-1,-1,-1,-1,-1
2015961501443,1,9,0,9,0,8,0,0,0,0,1,1,6,2,35,6,2231,2,9,-1,1,-1
2015961501443,2,9,0,18,0,8,1,0,0,0,4,1,6,2,35,6,1461,2,2,-1,3,-1
2015961501444,1,9,0,18,0,2,0,0,0,0,1,1,1,2,52,8,1598,1,5,-1,1,-1
2015961501444,2,9,0,3,0,2,0,0,0,0,2,1,6,2,36,7,2198,2,9,-1,1,-1
2015961501447,1,9,0,7,0,2,0,0,0,0,1,1,6,3,40,7,-1,-1,-1,-1,-1,-1
2015961501448,1,9,0,9,0,8,0,0,0,0,3,1,6,2,67,10,1399,2,4,-1,1,-1