Accident_Index,Vehicle_Reference,Vehicle_Type,Towing_and_Articulation,Vehicle_Manoeuvre,Vehicle_Location-Restricted_Lane,Junction_Location,Skidding_and_Overturning,Hit_Object_in_Carriageway,Vehicle_Leaving_Carriageway,Hit_Object_off_Carriageway,1st_Point_of_Impact,Was_Vehicle_Left_Hand_Drive?,Journey_Purpose_of_Driver,Sex_of_Driver,Age_of_Driver,Age_Band_of_Driver,Engine_Capacity_(CC),Propulsion_Code,Age_of_Vehicle,Driver_IMD_Decile,Driver_Home_Area_Type,Vehicle_IMD_Decile
2015961501448,2,9,3,18,0,1,0,0,0,0,1,1,6,1,52,8,1997,2,8,-1,2,-1
2015961501452,1,9,0,18,0,0,0,0,0,0,1,1,6,1,26,6,1598,1,12,-1,1,-1
2015961501452,2,9,0,18,0,0,0,0,0,0,2,1,6,2,53,8,1896,2,6,-1,2,-1
2015961501453,1,5,0,4,0,1,1,0,0,0,3,1,6,1,59,9,599,1,18,-1,1,-1
2015961501455,1,9,0,18,0,0,0,0,0,0,1,1,6,1,54,8,1896,2,6,-1,3,-1
2015961501455,2,9,0,18,0,0,0,0,1,11,1,1,6,2,30,6,1560,2,6,-1,3,-1
2015961501456,1,9,0,17,0,8,0,0,0,0,1,1,6,2,50,8,1591,1,3,-1,1,-1
2015961501456,2,9,0,16,0,8,0,0,0,0,1,1,6,2,40,7,1349,1,1,-1,3,-1
2015961501461,1,5,0,18,0,0,2,0,0,0,1,1,6,1,36,7,599,1,7,-1,1,-1
2015961501461,2,5,0,18,0,0,0,0,0,0,2,1,6,1,38,7,999,1,-1,-1,1,-1
2015961501473,1,9,0,9,0,8,0,0,0,0,1,1,1,1,26,6,-1,-1,-1,-1,1,-1
2015961501473,2,9,0,18,0,8,0,0,0,0,1,1,6,2,52,8,-1,-1,-1,-1,1,-1
2015961501476,1,9,0,5,0,8,0,0,0,0,1,1,2,2,24,5,1598,2,1,-1,1,-1
2015961501476,2,9,0,3,0,8,0,0,0,0,2,1,6,2,18,4,1149,1,13,-1,1,-1
2015961501480,1,9,0,18,0,0,0,0,7,10,1,1,6,2,24,5,1124,1,12,-1,3,-1
2015961501483,1,9,0,17,0,0,1,0,1,9,4,1,6,1,19,4,1149,1,4,-1,1,-1
2015961501485,1,9,0,9,0,8,0,0,0,0,1,1,6,1,37,7,1969,2,1,-1,1,-1
2015961501485,2,1,0,9,0,8,0,0,0,0,2,1,6,1,56,9,-1,-1,-1,-1,1,-1
2015961501487,1,5,0,14,0,8,0,0,7,0,1,1,6,1,46,8,1000,1,13,-1,3,-1
2015961501487,2,5,0,14,0,8,0,0,7,0,2,1,6,1,55,8,-1,-1,-1,-1,-1,-1
2015961501488,1,5,0,13,0,8,1,10,7,0,1,1,6,1,51,8,998,1,7,-1,1,-1
2015961501488,2,9,0,9,0,8,0,0,0,0,3,1,6,1,22,5,1396,1,12,-1,1,-1
2015961501489,1,19,0,18,0,0,0,0,0,0,3,1,6,3,-1,-1,-1,-1,-1,-1,-1,-1
2015961501489,2,9,0,18,0,0,0,0,0,0,3,1,2,1,32,6,1149,1,2,-1,3,-1
2015961501493,1,5,0,18,0,1,1,0,7,0,1,1,6,1,19,4,-1,-1,-1,-1,1,-1
2015961501493,2,9,0,9,0,8,0,0,0,0,3,1,1,1,43,7,-1,-1,-1,-1,1,-1
2015961501494,1,19,0,13,0,1,0,0,0,0,1,1,1,1,29,6,1995,2,2,-1,1,-1
2015961501494,2,19,0,7,0,8,0,0,0,0,3,1,1,1,48,8,1998,2,9,-1,1,-1
2015961501494,3,9,0,18,0,1,0,0,0,0,0,1,6,3,50,8,-1,-1,-1,-1,-1,-1
2015961501495,1,9,0,5,0,4,0,0,0,0,3,1,6,2,22,5,1595,1,15,-1,1,-1
2015961501495,2,9,0,18,0,8,0,0,0,0,1,1,6,2,21,5,-1,-1,-1,-1,1,-1
2015961501505,1,9,0,18,0,4,0,10,1,0,1,1,2,1,56,9,1598,1,4,-1,3,-1
2015961501505,2,1,0,9,0,8,0,10,1,0,2,1,2,1,36,7,-1,-1,-1,-1,3,-1
2015961501508,1,4,0,13,0,8,0,0,0,0,1,1,2,1,24,5,689,1,-1,-1,2,-1
2015961501508,2,17,0,9,0,8,0,0,0,0,2,1,1,1,44,7,-1,2,33,-1,3,-1
2015961501509,1,9,0,9,0,8,0,0,0,0,0,1,1,2,20,4,1999,2,-1,-1,1,-1
2015961501519,1,9,0,5,0,8,0,0,0,0,3,1,6,1,31,6,1461,2,-1,-1,2,-1
2015961501519,2,1,0,4,0,8,0,0,0,0,4,1,6,2,20,4,-1,-1,-1,-1,1,-1
2015961501521,1,9,0,18,0,0,0,0,0,0,4,1,6,2,65,9,1598,1,6,-1,-1,-1
2015961501522,1,9,0,4,0,0,2,0,7,4,4,1,6,2,18,4,1240,1,10,-1,2,-1
2015961501523,1,9,0,16,0,1,0,0,0,0,1,1,6,2,79,11,1197,1,-1,-1,3,-1
2015961501523,2,9,0,10,0,8,0,0,0,0,2,1,6,2,28,6,1364,1,8,-1,1,-1
2015961501524,1,9,0,16,0,0,2,10,1,0,4,1,6,1,52,8,1396,1,11,-1,1,-1
2015961501525,1,9,0,7,0,0,5,0,1,9,4,1,6,1,28,6,1199,1,14,-1,1,-1
2015961501530,1,3,0,5,0,0,0,10,1,0,1,1,6,1,19,4,124,1,-1,-1,1,-1
2015961501532,1,9,0,5,0,4,0,0,0,0,1,1,6,1,75,10,2231,2,6,-1,3,-1
2015961501532,2,1,0,18,0,8,0,0,0,0,1,1,6,1,36,7,-1,-1,-1,-1,1,-1
2015961501537,1,9,0,7,0,8,0,10,7,7,1,1,6,1,90,11,1198,1,3,-1,1,-1
2015961501537,2,9,0,18,0,8,0,10,7,7,3,1,6,1,56,9,-1,-1,-1,-1,1,-1
2015961501539,1,9,0,9,0,8,0,0,0,0,4,1,6,1,17,4,1368,1,5,-1,1,-1
2015961501539,2,3,0,18,0,8,0,0,0,0,1,1,6,1,60,9,124,1,-1,-1,3,-1
2015961501544,1,9,0,18,0,4,1,9,7,1,1,1,6,2,19,4,898,1,-1,-1,1,-1
2015961501545,1,9,0,18,0,1,0,0,0,0,1,1,6,2,45,7,-1,-1,-1,-1,-1,-1
2015961501545,2,9,0,10,0,8,0,0,0,0,2,1,6,1,44,7,1397,1,6,-1,1,-1
2015961501547,1,9,0,18,0,0,0,0,0,0,1,1,6,2,19,4,1368,1,9,-1,1,-1
2015961501547,2,8,0,4,0,0,0,0,0,0,2,1,1,1,59,9,1560,2,3,-1,1,-1
2015961501548,1,19,0,17,0,0,5,0,1,11,4,1,2,1,26,6,2198,2,2,-1,3,-1
2015961501548,2,9,0,16,0,0,0,0,0,0,0,1,6,2,69,10,1596,1,12,-1,1,-1
2015961501551,1,9,0,18,0,1,0,0,0,0,1,1,6,1,25,5,1390,1,4,-1,1,-1
2015961501551,2,9,0,3,0,1,0,0,0,0,2,1,6,2,48,8,1596,1,16,-1,1,-1
2015961501562,1,9,0,1,0,0,0,0,0,0,4,1,6,2,24,5,1598,2,-1,-1,1,-1
2015961501568,1,9,0,18,0,0,0,0,0,0,4,1,1,2,54,8,1229,1,1,-1,1,-1
2015961501569,1,9,0,18,0,0,2,0,7,0,1,1,6,2,17,4,1242,1,4,-1,1,-1
2015961501570,1,3,0,13,0,0,2,0,1,0,1,1,6,1,53,8,1584,1,8,-1,1,-1
2015961501576,1,9,0,18,0,1,0,0,0,0,1,1,6,1,37,7,1149,1,12,-1,2,-1
2015961501576,2,9,0,8,0,1,0,0,0,0,2,1,6,2,20,4,1240,1,8,-1,1,-1
2015961501579,1,9,0,18,0,0,0,0,0,0,1,1,6,2,41,7,1795,1,16,-1,1,-1
2015961501579,2,9,0,3,0,0,0,0,0,0,2,1,2,1,52,8,2143,2,-1,-1,1,-1
2015961501579,3,9,0,3,0,0,0,0,0,0,2,1,6,2,40,7,-1,-1,-1,-1,3,-1
2015961501580,1,9,0,4,0,0,0,0,0,0,1,1,2,1,43,7,1968,2,1,-1,3,-1
2015961501580,2,9,0,18,0,0,0,0,0,0,2,1,2,2,35,6,1360,1,10,-1,1,-1
2015961501584,1,9,0,18,0,0,1,0,7,4,1,1,1,2,45,7,1781,1,17,-1,-1,-1
2015961501586,1,9,0,18,0,8,0,10,1,7,1,1,6,2,86,11,1198,1,1,-1,1,-1
2015961501586,2,9,0,18,0,8,1,0,0,0,4,1,6,2,44,7,1997,1,3,-1,2,-1
2015961501592,1,1,0,17,0,0,0,0,0,0,1,1,6,1,25,5,-1,-1,-1,-1,1,-1
2015961501592,2,9,0,16,0,0,0,0,0,0,3,1,2,2,47,8,1984,1,3,-1,1,-1
2015961501593,1,5,0,18,0,8,2,9,3,1,1,1,6,1,47,8,988,1,13,-1,-1,-1
2015961501599,1,9,0,18,0,0,0,0,0,0,1,1,2,1,36,7,998,1,1,-1,3,-1
2015961501599,2,9,0,3,0,0,0,0,0,0,2,1,6,2,64,9,1956,2,2,-1,1,-1
2015961501599,3,9,0,3,0,0,0,0,0,0,2,1,6,2,41,7,1229,1,6,-1,2,-1
2015961501605,1,20,0,18,0,1,0,0,0,0,1,1,1,1,39,7,4461,2,3,-1,1,-1
2015961501605,2,20,0,4,0,1,0,0,1,11,2,1,1,1,41,7,4580,2,13,-1,2,-1
2015961501607,1,8,0,7,0,8,0,0,0,0,3,1,1,2,67,10,1794,1,10,-1,1,-1
2015961501613,1,8,0,4,0,1,0,0,0,0,4,1,1,1,48,8,1996,2,7,-1,1,-1
2015961501616,1,9,0,14,0,2,5,4,0,0,1,1,2,2,58,9,1328,1,12,-1,1,-1
2015961501616,2,9,0,2,0,2,0,0,0,0,2,1,6,1,18,4,1149,1,13,-1,1,-1
2015961501616,3,9,0,2,0,2,0,0,0,0,2,1,6,2,25,5,1396,1,18,-1,1,-1
2015961501617,1,9,0,13,0,0,1,0,0,0,1,1,6,1,59,9,1753,2,12,-1,1,-1
2015961501617,2,9,0,18,0,0,0,0,0,0,1,1,6,1,51,8,2987,2,9,-1,3,-1
2015961501617,3,20,0,18,0,0,0,0,0,0,0,1,1,1,56,9,-1,-1,-1,-1,3,-1
2015961501618,1,9,0,7,0,2,0,0,0,0,3,1,6,3,50,8,-1,-1,-1,-1,-1,-1
2015961501618,2,9,0,4,0,1,0,0,0,0,3,1,2,2,40,7,998,1,13,-1,1,-1
2015961501624,1,9,0,18,0,0,0,10,0,0,4,1,6,1,42,7,1396,1,14,-1,3,-1
2015961501624,2,9,0,18,0,0,0,0,0,0,0,1,1,1,46,8,1560,2,2,-1,1,-1
2015961501626,1,11,0,18,0,1,0,0,0,0,1,1,1,1,45,7,9360,2,2,-1,1,-1
2015961501626,2,9,0,3,0,1,0,0,0,0,2,1,6,2,35,6,1596,1,5,-1,1,-1
2015961501629,1,9,0,13,0,1,5,0,7,0,1,1,6,2,58,9,1390,1,12,-1,1,-1
2015961501629,2,9,0,9,0,8,0,0,0,0,1,1,1,1,35,6,-1,-1,-1,-1,3,-1
2015961501631,1,5,0,18,0,4,2,10,3,0,1,1,6,1,22,5,636,1,2,-1,1,-1
2015961501632,1,9,0,13,0,0,1,0,1,11,3,1,6,1,50,8,2000,1,15,-1,3,-1
2015961501633,1,9,0,9,0,8,0,0,0,0,1,1,6,1,44,7,-1,-1,-1,-1,3,-1
2015961501635,1,9,0,16,0,0,2,10,8,1,3,1,6,1,22,5,1149,1,11,-1,2,-1
2015961501638,1,9,0,4,0,0,0,0,0,0,1,1,6,2,38,7,1796,1,7,-1,1,-1
2015961501638,2,9,0,4,0,0,0,0,0,0,2,1,1,1,55,8,2982,2,1,-1,1,-1
2015961501640,1,9,0,18,0,0,5,10,1,3,1,1,6,1,21,5,1598,1,7,-1,1,-1
2015961501640,2,9,0,18,0,0,0,0,0,0,0,1,6,1,39,7,1990,1,15,-1,1,-1
2015961501643,1,9,0,9,0,8,0,0,0,0,0,1,6,2,56,9,1560,2,-1,-1,1,-1
2015961501644,1,9,0,18,0,1,0,0,1,11,1,1,6,1,42,7,2982,2,8,-1,3,-1
2015961501644,2,9,0,7,0,1,0,0,1,11,2,1,6,2,49,8,1198,1,3,-1,2,-1
2015961501652,1,9,0,18,0,0,0,0,0,0,1,1,2,2,53,8,1968,2,-1,-1,1,-1
2015961501652,2,9,0,4,0,0,0,0,0,0,2,1,6,1,32,6,1781,1,13,-1,3,-1
2015961501652,3,9,0,4,0,0,0,0,0,0,2,1,6,1,35,6,1242,1,12,-1,1,-1
2015961501652,4,9,0,4,0,0,0,0,0,0,2,1,6,2,28,6,1596,1,1,-1,1,-1
2015961501655,1,9,0,5,8,0,0,0,0,0,3,2,6,1,69,10,-1,-1,-1,-1,1,-1
2015961501655,2,9,0,18,0,0,0,0,0,0,1,1,6,2,31,6,1997,2,5,-1,1,-1
2015961501661,1,19,0,7,0,8,1,0,0,0,1,1,2,1,34,6,2198,2,8,-1,1,-1
2015961501661,2,9,0,18,0,8,1,0,0,0,4,1,6,1,22,5,1490,1,11,-1,2,-1
2015961501665,1,9,0,18,0,1,0,0,0,0,1,1,6,1,30,6,1364,1,10,-1,1,-1
2015961501665,2,9,0,3,0,1,0,0,0,0,2,1,6,1,57,9,1598,1,9,-1,1,-1
2015961501677,1,9,0,18,0,0,0,10,7,0,1,1,6,1,59,9,1998,2,-1,-1,-1,-1
2015961501677,2,19,0,18,0,0,0,0,0,0,1,1,2,1,20,4,2500,2,9,-1,3,-1
2015961501680,1,9,0,18,0,8,5,9,1,11,1,1,6,1,71,10,1398,1,4,-1,1,-1
2015961501681,1,9,0,9,0,8,0,0,0,0,4,1,6,2,53,8,1242,1,7,-1,3,-1
2015961501681,2,3,0,18,0,1,0,0,0,0,1,1,6,1,19,4,125,1,6,-1,1,-1
2015961501686,1,9,0,18,0,0,0,0,0,0,1,1,6,2,51,8,1461,2,2,-1,1,-1
2015961501686,2,9,0,3,0,0,0,0,0,0,2,1,3,2,34,6,1461,2,5,-1,2,-1
2015961501688,1,9,0,9,0,8,0,0,0,0,1,1,1,1,19,4,1596,1,5,-1,3,-1
2015961501688,2,2,0,18,0,8,0,0,0,0,3,1,6,1,16,4,49,1,-1,-1,1,-1
2015961501695,1,9,0,9,0,8,0,0,0,0,3,1,6,1,55,8,1198,1,4,-1,3,-1
2015961501695,2,9,0,4,0,1,0,0,0,0,1,1,6,1,44,7,1796,1,5,-1,1,-1
2015961501699,1,9,0,18,0,1,0,0,0,0,3,1,6,1,34,6,-1,-1,-1,-1,1,-1
2015961501699,2,11,0,2,6,2,0,0,0,0,0,1,1,1,54,8,-1,2,15,-1,1,-1
2015961501704,1,9,0,9,0,8,0,0,0,0,1,1,1,1,52,8,1591,1,4,-1,3,-1
2015961501706,1,9,0,18,0,0,0,0,0,0,1,1,6,1,28,6,1998,1,13,-1,1,-1
2015961501706,2,9,0,3,0,0,0,0,0,0,2,1,3,2,44,7,1895,1,13,-1,1,-1
2015961501707,1,9,0,17,0,8,1,10,2,0,1,1,6,2,49,8,1149,1,9,-1,1,-1
2015961501708,1,9,0,18,0,1,1,0,0,0,1,1,6,1,23,5,1582,2,1,-1,1,-1
2015961501708,2,19,0,4,0,1,0,0,0,0,2,1,1,1,25,5,2953,2,3,-1,1,-1
2015961501708,3,9,0,4,0,1,0,0,0,0,2,1,6,1,40,7,2199,2,3,-1,1,-1
2015961501715,1,9,0,4,0,0,0,0,0,0,1,1,2,2,32,6,1349,1,7,-1,3,-1
2015961501716,1,9,0,9,0,8,0,0,0,0,1,1,6,1,25,5,1896,2,7,-1,1,-1
2015961501716,2,1,0,18,0,1,0,0,0,0,1,1,6,1,28,6,-1,-1,-1,-1,1,-1
2015961501722,1,9,0,7,0,2,1,10,1,4,1,1,6,1,29,6,-1,-1,-1,-1,1,-1
2015961501732,1,19,0,18,0,2,0,0,0,0,1,1,6,3,30,6,-1,-1,-1,-1,-1,-1
2015961501732,2,1,0,18,0,2,0,0,0,0,2,1,6,1,26,6,-1,-1,-1,-1,1,-1
2015961501733,1,19,0,18,0,0,0,0,0,0,3,1,2,1,33,6,1998,2,10,-1,1,-1
2015961501734,1,9,0,18,0,2,0,0,0,0,1,1,6,2,22,5,1368,1,9,-1,1,-1
2015961501734,2,9,0,4,0,2,0,0,0,0,2,1,6,1,49,8,2179,2,5,-1,3,-1
2015961501734,3,9,0,4,0,2,0,0,0,0,2,1,6,1,19,4,1242,1,8,-1,1,-1
2015961501740,1,9,0,18,0,2,1,0,1,1,1,1,1,1,19,4,-1,-1,-1,-1,3,-1
2015961501740,2,9,0,18,0,1,0,0,0,0,0,1,6,3,35,6,-1,-1,-1,-1,-1,-1
2015961501747,1,1,0,18,0,0,0,0,0,0,3,1,6,1,43,7,-1,-1,-1,-1,2,-1
2015961501748,1,9,0,9,0,8,0,0,0,0,1,1,6,2,31,6,1560,2,3,-1,1,-1
2015961501748,2,1,0,18,0,8,0,0,0,0,1,1,6,1,72,10,-1,-1,-1,-1,1,-1
2015961501753,1,9,0,18,0,0,0,0,0,0,1,1,6,2,42,7,1364,1,5,-1,3,-1
2015961501753,2,3,0,18,0,0,0,0,7,0,2,1,6,1,35,6,124,1,33,-1,3,-1
2015961501758,1,9,0,9,0,8,0,0,0,0,0,1,1,2,35,6,1598,1,14,-1,1,-1
2015961501758,2,17,4,18,0,8,4,0,0,0,4,1,1,1,52,8,6788,2,-1,-1,3,-1
2015961501772,1,9,0,9,0,8,0,0,0,0,1,1,1,2,42,7,1124,1,13,-1,1,-1
2015961501772,2,9,0,18,0,8,0,0,0,0,4,1,1,2,19,4,1149,1,14,-1,1,-1
2015961501783,1,9,0,4,0,1,0,0,0,0,1,1,6,2,41,7,1995,2,3,-1,3,-1
2015961501783,2,9,0,8,0,1,0,0,0,0,2,1,6,2,54,8,2497,2,12,-1,3,-1
2015961501784,1,21,1,18,0,0,0,12,0,0,1,1,1,1,43,7,10677,2,1,-1,1,-1
2015961501784,2,9,0,18,0,0,5,12,4,0,1,1,6,1,22,5,1242,1,6,-1,1,-1
2015961501784,3,9,0,18,0,0,5,12,4,0,1,1,6,1,28,6,1560,2,8,-1,1,-1
2015961501786,1,9,0,5,0,8,0,0,0,0,3,1,6,1,29,6,1343,1,11,-1,1,-1
2015961501786,2,9,0,18,0,8,0,0,0,0,3,1,6,1,31,6,1598,1,4,-1,1,-1
2015961501789,1,9,0,18,0,0,0,0,0,0,4,1,2,2,25,5,1248,2,2,-1,1,-1
2015961501795,1,9,0,18,0,0,0,0,0,0,1,1,6,2,24,5,1229,1,2,-1,1,-1
2015961501795,2,9,0,4,0,0,0,0,0,0,2,1,6,2,28,6,1598,1,9,-1,1,-1
2015961501795,3,9,0,4,0,0,0,0,0,0,2,1,6,2,48,8,-1,-1,-1,-1,1,-1
2015961501797,1,9,0,18,0,0,0,0,0,0,1,1,6,2,76,11,1242,1,13,-1,2,-1
2015961501797,2,9,0,3,0,0,0,0,0,0,2,1,6,2,43,7,1783,1,12,-1,1,-1
2015961501801,1,9,0,18,0,8,0,0,0,0,1,1,6,1,27,6,2993,2,10,-1,1,-1
2015961501801,2,9,0,9,0,8,0,0,0,0,1,1,1,2,35,6,1995,2,4,-1,1,-1
2015961501802,1,2,0,13,0,0,0,0,0,0,1,1,6,1,16,4,49,1,14,-1,3,-1
2015961501802,2,9,0,4,0,0,0,0,0,0,3,1,2,2,21,5,1299,1,13,-1,3,-1
2015961501804,1,19,0,18,0,0,1,0,2,11,1,1,1,1,22,5,2198,2,4,-1,1,-1
2015961501805,1,9,0,5,0,0,0,0,0,0,1,1,6,1,50,8,1398,2,10,-1,2,-1
2015961501808,1,9,0,18,0,0,5,0,7,0,3,1,6,1,28,6,1124,1,11,-1,3,-1
2015961501808,2,9,0,18,0,0,0,0,0,0,1,1,6,1,56,9,2204,2,9,-1,1,-1
2015961501810,1,9,0,18,0,1,0,0,0,0,1,1,6,2,45,7,1199,2,2,-1,1,-1
2015961501810,2,9,0,3,0,1,0,0,0,0,2,1,6,2,23,5,1349,1,1,-1,1,-1
2015961501820,1,9,0,18,0,0,1,0,0,0,1,1,6,2,38,7,1796,1,12,-1,1,-1
2015961501820,2,20,0,18,0,0,0,0,1,11,1,1,1,1,28,6,-1,-1,-1,-1,3,-1
2015961501821,1,9,0,16,0,0,1,0,1,1,3,1,6,2,46,8,1299,1,10,-1,2,-1
2015961501833,1,9,0,18,0,0,2,0,1,11,1,1,2,1,55,8,2497,2,9,-1,3,-1
2015961501835,1,9,0,4,0,0,0,0,0,0,1,1,2,2,35,6,1364,1,9,-1,2,-1
2015961501835,2,9,0,4,0,0,0,0,0,0,2,1,2,2,56,9,1390,1,5,-1,2,-1
2015961501837,1,9,0,18,0,1,0,0,0,0,4,1,6,2,45,7,-1,-1,-1,-1,-1,-1
2015961501839,1,9,0,18,0,1,1,0,0,0,1,1,1,1,28,6,1968,2,8,-1,1,-1
2015961501839,2,9,0,4,0,1,0,0,0,0,2,1,6,1,36,7,2400,1,19,-1,-1,-1
2015961501844,1,9,0,5,0,4,0,0,0,0,1,1,6,1,23,5,1149,1,8,-1,1,-1
2015961501844,2,1,0,18,0,8,0,0,0,0,4,1,2,1,57,9,-1,-1,-1,-1,1,-1
2015961501859,1,9,0,13,0,0,0,0,0,0,4,1,6,3,45,7,-1,-1,-1,-1,-1,-1
2015961501859,2,1,0,16,0,0,0,0,0,0,3,1,2,1,38,7,-1,-1,-1,-1,1,-1
2015961501863,1,9,0,5,0,8,0,0,0,0,4,1,6,2,28,6,1968,2,1,-1,1,-1
2015961501863,2,19,0,18,0,8,0,0,0,0,1,1,1,1,42,7,2143,2,2,-1,-1,-1
2015961501867,1,9,0,9,0,8,0,0,0,0,4,1,6,1,84,11,2143,2,2,-1,1,-1
2015961501867,2,9,0,18,0,8,0,0,0,0,1,1,6,2,30,6,1595,1,7,-1,1,-1
2015961501871,1,9,0,18,0,0,0,0,0,0,1,1,6,2,30,6,1560,2,6,-1,1,-1
2015961501871,2,9,0,4,0,0,0,0,0,0,2,1,6,2,35,6,1461,2,1,-1,1,-1
2015961501881,1,9,0,18,0,1,1,0,7,2,3,1,6,2,32,6,1896,2,13,-1,1,-1
2015961501881,2,9,0,18,0,1,0,0,0,0,2,1,6,2,33,6,1968,2,7,-1,3,-1
2015961501893,1,9,0,13,0,0,0,0,0,0,4,1,6,1,34,6,1398,1,4,-1,3,-1
2015961501893,2,1,0,18,0,0,0,10,1,0,3,1,2,1,50,8,-1,-1,-1,-1,1,-1
2015961501896,1,9,0,18,0,8,0,0,0,0,1,1,6,2,30,6,998,1,3,-1,-1,-1
2015961501896,2,9,0,18,0,8,0,0,1,2,2,1,6,2,19,4,1596,1,7,-1,1,-1
2015961501901,1,9,0,9,0,8,0,0,0,0,4,1,6,1,73,10,1240,1,10,-1,3,-1
2015961501901,2,9,0,18,0,8,0,0,0,0,1,1,1,2,45,7,1390,1,10,-1,1,-1
2015961501909,1,9,0,1,7,1,0,0,0,0,2,1,6,2,25,5,1499,1,1,-1,2,-1
2015961501911,1,9,0,18,0,0,0,0,0,0,1,1,6,1,30,6,-1,-1,-1,-1,-1,-1
2015961501911,2,9,0,4,0,0,0,0,0,0,1,1,6,2,24,5,1298,1,10,-1,3,-1
2015961501912,1,9,0,1,0,0,0,0,0,0,2,1,6,2,77,11,1248,1,2,-1,2,-1
2015961501916,1,9,0,18,0,0,0,0,0,0,1,1,6,1,19,4,1198,1,4,-1,1,-1
2015961501916,2,9,0,5,0,0,0,0,0,0,2,1,2,1,39,7,1968,2,1,-1,1,-1
2015961501917,1,9,0,17,0,8,2,10,1,7,4,1,1,1,40,7,-1,-1,-1,-1,1,-1
2015961501918,1,9,0,18,0,1,1,0,0,0,1,1,6,1,19,4,1124,1,9,-1,1,-1
2015961501918,2,19,0,3,0,1,0,0,0,0,2,1,6,1,20,4,1560,2,3,-1,1,-1
2015961501918,3,9,0,10,0,1,0,0,0,0,2,1,6,1,54,8,-1,-1,-1,-1,1,-1
2015961501919,1,9,0,16,0,0,0,0,0,0,1,1,6,1,27,6,1850,1,13,-1,1,-1
2015961501919,2,9,0,17,0,0,0,0,0,0,1,1,6,2,20,4,1349,1,3,-1,1,-1
2015961501920,1,8,0,18,0,2,0,0,0,0,1,1,1,1,48,8,1686,2,4,-1,2,-1
2015961501938,1,19,0,11,0,3,0,0,0,0,4,1,6,1,56,9,2198,2,-1,-1,1,-1
2015961501938,2,9,0,18,0,2,0,0,0,0,3,1,6,2,20,4,-1,-1,-1,-1,1,-1
2015961501952,1,9,0,17,0,0,5,0,0,0,1,1,6,1,19,4,-1,-1,-1,-1,3,-1
2015961501952,2,9,0,16,0,0,0,0,0,0,1,1,6,2,48,8,1598,1,5,-1,3,-1
2015961501953,1,9,0,18,0,0,0,0,0,0,1,1,6,2,33,6,1198,1,11,-1,1,-1
2015961501953,2,9,0,18,0,0,0,0,0,0,2,1,2,2,28,6,1995,1,7,-1,1,-1
2015961501953,3,9,0,18,0,0,0,0,0,0,1,1,6,2,57,9,1364,1,9,-1,1,-1
2015961501953,4,19,0,18,0,0,0,0,0,0,4,1,2,1,38,7,-1,-1,-1,-1,1,-1
2015961501953,5,19,0,18,0,0,0,0,0,0,2,1,2,1,37,7,2402,2,5,-1,1,-1
2015961501957,1,19,0,18,0,0,0,0,0,0,1,1,1,1,56,9,2464,2,6,-1,1,-1
2015961501957,2,19,0,4,0,0,0,0,0,0,2,1,6,1,28,6,-1,-1,-1,-1,3,-1
2015961501963,1,9,0,7,0,8,0,0,0,0,1,1,2,1,33,6,1598,2,1,-1,1,-1
2015961501963,2,1,0,18,0,8,0,0,0,0,4,1,2,1,50,8,-1,-1,-1,-1,1,-1
2015961501968,1,9,0,18,0,3,0,0,0,0,4,1,6,1,43,7,1968,2,4,-1,1,-1
2015961501968,2,9,0,18,0,8,0,0,0,0,3,1,2,2,28,6,1968,2,10,-1,2,-1
2015961501971,1,9,0,18,0,0,0,0,0,0,1,1,6,1,24,5,1598,1,11,-1,1,-1
2015961501971,2,9,0,18,0,0,0,0,0,0,2,1,2,2,25,5,1368,1,-1,-1,1,-1
2015961501972,1,9,0,18,0,0,0,0,0,0,1,1,6,1,54,8,1398,1,4,-1,1,-1
2015961501976,1,9,0,4,0,0,0,0,4,0,1,1,2,1,36,7,1461,2,1,-1,2,-1
2015961501976,2,9,0,3,0,0,0,0,0,0,2,1,2,1,35,6,1956,2,4,-1,1,-1
2015961501977,1,8,0,18,0,1,0,0,0,0,0,1,6,3,50,8,-1,-1,-1,-1,-1,-1
2015961501977,2,9,0,7,0,8,0,0,0,0,1,1,6,1,50,8,1498,1,9,-1,1,-1
2015961501977,3,9,0,7,0,8,0,0,0,0,2,1,6,2,61,9,2993,2,-1,-1,1,-1
2015961501990,1,8,0,18,0,0,0,0,0,0,1,1,1,1,53,8,1598,2,4,-1,1,-1
2015961501990,2,9,0,2,0,0,0,0,0,0,2,1,6,1,30,6,1870,2,11,-1,1,-1
2015961502005,1,9,0,17,0,1,0,0,0,0,3,1,6,1,43,7,1598,2,1,-1,1,-1
2015961502011,1,9,0,18,0,0,1,0,1,4,3,1,6,2,29,6,-1,-1,-1,-1,1,-1
2015961502017,1,9,0,18,0,0,0,0,2,4,1,1,6,1,18,4,1398,1,1,-1,1,-1
2015961502025,1,9,0,18,0,0,0,0,0,0,1,1,1,1,56,9,2179,2,4,-1,1,-1
2015961502026,1,9,0,9,0,8,0,0,0,0,1,1,6,1,19,4,998,1,2,-1,1,-1
2015961502026,2,9,0,18,0,8,0,0,0,0,1,1,6,1,47,8,1988,1,11,-1,1,-1