Accident_Index,Vehicle_Reference,Vehicle_Type,Towing_and_Articulation,Vehicle_Manoeuvre,Vehicle_Location-Restricted_Lane,Junction_Location,Skidding_and_Overturning,Hit_Object_in_Carriageway,Vehicle_Leaving_Carriageway,Hit_Object_off_Carriageway,1st_Point_of_Impact,Was_Vehicle_Left_Hand_Drive?,Journey_Purpose_of_Driver,Sex_of_Driver,Age_of_Driver,Age_Band_of_Driver,Engine_Capacity_(CC),Propulsion_Code,Age_of_Vehicle,Driver_IMD_Decile,Driver_Home_Area_Type,Vehicle_IMD_Decile
2015961502028,1,9,0,18,0,8,0,0,0,0,1,1,6,2,21,5,998,1,11,-1,1,-1
2015961502030,1,9,0,5,0,0,0,0,0,0,1,1,6,1,35,6,1390,1,13,-1,1,-1
2015961502033,1,9,0,16,0,0,2,0,0,0,1,1,6,1,18,4,1199,1,12,-1,1,-1
2015961502035,1,9,0,18,0,0,0,0,0,0,1,1,6,1,21,5,2997,1,17,-1,3,-1
2015961502035,2,9,0,18,0,0,0,0,5,0,2,1,6,1,62,9,1968,2,10,-1,2,-1
2015961502037,1,9,0,18,0,0,0,0,0,0,1,1,2,2,42,7,996,1,2,-1,3,-1
2015961502045,1,9,0,4,0,0,0,10,3,2,1,1,1,1,45,7,1124,1,10,-1,1,-1
2015961502046,1,19,0,18,0,0,0,0,0,0,4,1,6,1,40,7,-1,-1,-1,-1,3,-1
2015961502049,1,9,0,7,0,8,0,0,0,0,2,1,6,2,27,6,1461,2,4,-1,1,-1
2015961502049,2,3,0,18,0,8,1,0,0,0,1,1,1,1,37,7,125,1,2,-1,1,-1
2015961502051,1,4,0,18,0,0,1,0,0,0,1,1,6,1,22,5,125,1,2,-1,1,-1
2015961502051,2,20,0,2,0,0,0,0,0,0,0,1,6,3,50,8,-1,-1,-1,-1,-1,-1
2015961502052,1,9,0,18,0,0,0,0,0,0,1,1,6,1,73,10,1598,1,7,-1,1,-1
2015961502052,2,9,0,3,0,0,0,0,0,0,2,1,6,1,50,8,1598,2,1,-1,2,-1
2015961502052,3,9,0,3,0,0,0,0,0,0,2,1,6,1,37,7,999,1,1,-1,1,-1
2015961502052,4,9,0,3,0,0,0,0,0,0,2,1,6,2,40,7,1995,2,9,-1,1,-1
2015961502052,5,9,0,18,0,0,0,0,0,0,1,1,6,2,40,7,1999,1,6,-1,1,-1
2015961502053,1,9,0,9,0,8,0,10,1,0,4,1,6,1,70,10,1560,2,2,-1,1,-1
2015961502053,2,1,0,18,0,8,0,0,0,0,1,1,6,1,50,8,-1,-1,-1,-1,3,-1
2015961502057,1,9,0,18,0,0,0,0,0,0,1,1,2,2,40,7,998,1,1,-1,-1,-1
2015961502058,1,9,0,4,0,0,0,0,0,0,0,1,2,1,42,7,1598,1,6,-1,3,-1
2015961502058,2,5,0,18,0,0,2,0,1,0,4,1,2,1,45,7,599,1,18,-1,1,-1
2015961502063,1,9,0,18,0,0,0,0,0,0,4,1,6,1,55,8,1586,1,12,-1,1,-1
2015961502075,1,9,0,16,0,0,1,10,1,11,2,1,6,1,34,6,2457,1,8,-1,1,-1
2015961502076,1,11,0,7,0,8,0,0,0,0,1,1,1,1,22,5,4250,2,10,-1,3,-1
2015961502076,2,9,0,18,0,8,0,0,0,0,4,1,6,1,46,8,998,1,2,-1,1,-1
2015961502087,1,9,0,9,0,8,0,0,0,0,4,1,6,2,33,6,1968,2,-1,-1,1,-1
2015961502087,2,9,0,9,0,8,0,0,0,0,4,1,6,2,79,11,1198,1,11,-1,3,-1
2015961502088,1,11,0,16,0,0,1,0,1,0,0,1,1,1,34,6,9600,2,15,-1,2,-1
2015961502091,1,19,0,9,0,8,0,0,0,0,1,1,6,1,40,7,2500,2,8,-1,2,-1
2015961502091,2,9,0,18,0,8,0,0,0,0,1,1,1,1,27,6,1497,1,10,-1,1,-1
2015961502096,1,9,0,18,0,0,0,0,0,0,1,1,6,1,65,9,1598,2,3,-1,1,-1
2015961502096,2,9,0,18,0,0,0,0,0,0,1,1,6,2,29,6,-1,-1,-1,-1,1,-1
2015961502096,3,9,0,3,0,0,0,0,0,0,2,1,6,2,35,6,1968,2,2,-1,3,-1
2015961502097,1,19,0,18,0,0,0,0,7,4,1,1,1,1,35,6,1995,2,3,-1,2,-1
2015961502100,1,9,0,18,0,0,0,4,0,0,1,1,6,2,70,10,1386,1,11,-1,3,-1
2015961502100,2,17,4,2,0,0,0,4,0,0,4,1,1,1,35,6,-1,2,13,-1,-1,-1
2015961502108,1,9,0,17,0,0,0,0,1,0,1,1,2,1,46,8,1364,1,9,-1,1,-1
2015961502108,2,20,0,16,0,0,0,0,1,4,1,1,1,1,55,8,4462,2,2,-1,1,-1
2015961502109,1,19,0,18,0,1,0,0,0,0,1,1,1,1,40,7,2198,2,3,-1,2,-1
2015961502115,1,9,0,18,0,0,0,0,0,0,3,1,6,1,20,4,1299,1,14,-1,1,-1
2015961502119,1,9,0,7,0,8,1,10,6,4,1,1,6,2,30,6,1896,2,13,-1,2,-1
2015961502123,1,9,0,18,0,0,0,0,0,0,1,1,6,2,60,9,1999,1,12,-1,1,-1
2015961502123,2,9,0,18,0,0,0,0,0,0,2,1,6,1,67,10,1968,2,2,-1,1,-1
2015961502126,1,9,0,18,0,8,0,0,0,0,3,1,6,2,35,6,1229,1,5,-1,1,-1
2015961502128,1,9,0,9,0,2,0,0,0,0,3,1,6,1,45,7,1905,2,20,-1,1,-1
2015961502129,1,9,0,16,0,0,5,10,8,3,1,1,6,1,40,7,1796,1,13,-1,3,-1
2015961502129,2,9,0,13,0,0,0,0,0,0,0,1,6,1,19,4,1390,1,6,-1,3,-1
2015961502130,1,9,0,18,0,0,0,0,2,6,3,1,6,2,18,4,1229,1,5,-1,1,-1
2015961502131,1,9,0,18,0,1,0,0,0,0,3,1,6,1,22,5,-1,-1,-1,-1,1,-1
2015961502131,2,11,0,2,0,2,0,0,0,0,0,1,6,3,55,8,-1,-1,-1,-1,-1,-1
2015961502139,1,9,0,18,0,1,0,0,0,0,1,1,1,1,36,7,-1,-1,-1,-1,3,-1
2015961502139,2,9,0,10,0,1,0,0,0,0,2,1,6,1,20,4,1124,1,14,-1,1,-1
2015961502140,1,9,0,9,0,8,0,0,0,0,1,1,2,2,56,9,1229,1,11,-1,1,-1
2015961502140,2,3,0,18,0,8,1,0,0,0,3,1,2,1,27,6,124,1,4,-1,2,-1
2015961502143,1,9,0,9,0,8,0,0,0,0,3,1,6,1,24,5,1229,1,1,-1,3,-1
2015961502143,2,9,0,18,0,1,0,0,1,0,1,1,2,2,39,7,1242,1,7,-1,3,-1
2015961502144,1,9,0,18,0,0,0,0,0,0,1,1,6,1,29,6,1896,2,14,-1,1,-1
2015961502144,2,9,0,3,0,0,0,0,0,0,2,1,6,1,72,10,1598,1,2,-1,1,-1
2015961502151,1,9,0,18,0,1,0,0,0,0,1,1,6,1,87,11,1796,1,12,-1,3,-1
2015961502151,2,9,0,10,0,8,0,0,0,0,2,1,6,2,60,9,1968,2,-1,-1,3,-1
2015961600023,1,9,0,18,0,8,0,0,0,0,3,1,6,2,63,9,1956,2,1,-1,-1,-1
2015961600023,2,9,0,18,0,8,0,0,0,0,3,1,6,1,50,8,998,1,10,-1,1,-1
2015961600137,1,9,0,7,0,8,0,0,0,0,3,1,6,3,50,8,-1,-1,-1,-1,-1,-1
2015961600137,2,1,0,18,0,8,0,0,0,0,1,1,2,1,40,7,-1,-1,-1,-1,1,-1
2015961600152,1,9,0,18,0,1,0,0,0,0,1,1,6,2,58,9,2429,1,8,-1,1,-1
2015961600211,1,9,0,9,0,8,0,0,0,0,1,1,6,2,41,7,-1,-1,-1,-1,3,-1
2015961600211,2,9,0,18,0,8,0,0,0,0,4,1,6,2,27,6,2000,1,10,-1,1,-1
201597AB00101,1,9,0,18,0,1,0,0,0,0,1,1,6,2,38,7,1360,1,11,-1,1,-1
201597AB00101,2,9,0,18,0,1,0,0,0,0,1,1,6,2,33,6,1229,1,7,-1,1,-1
201597AB00101,3,9,0,18,0,1,0,0,0,0,1,1,1,1,31,6,-1,-1,-1,-1,-1,-1
201597AB00103,1,8,0,5,0,1,0,0,0,0,1,1,1,1,66,10,2499,2,4,-1,-1,-1
201597AB00104,1,9,0,18,0,2,0,0,0,0,0,1,6,1,40,7,1968,2,-1,-1,2,-1
201597AB00105,1,9,0,18,0,8,0,0,0,0,1,1,6,1,24,5,1390,1,7,-1,1,-1
201597AB00105,2,9,0,3,0,8,0,0,0,0,2,1,6,1,30,6,1398,1,4,-1,1,-1
201597AB00106,1,9,0,18,0,1,0,0,0,0,4,1,2,1,28,6,1995,2,4,-1,3,-1
201597AB00106,2,9,0,18,0,1,0,0,0,0,1,1,2,1,24,5,998,1,2,-1,1,-1
201597AB00202,1,9,0,9,0,2,0,0,0,0,3,1,2,1,48,8,2494,2,4,-1,1,-1
201597AB00204,1,9,0,18,0,0,0,0,0,0,1,1,6,3,50,8,-1,-1,-1,-1,-1,-1
201597AB00204,2,9,0,3,0,0,0,0,0,0,2,1,6,2,37,7,1398,2,12,-1,1,-1
201597AB00208,1,9,0,4,0,1,0,0,0,0,2,1,6,1,48,8,-1,-1,-1,-1,1,-1
201597AB00208,2,9,0,4,0,1,0,0,0,0,2,1,2,2,32,6,1199,1,12,-1,1,-1
201597AB00209,1,21,0,9,0,8,0,0,0,0,1,1,1,1,26,6,4580,2,2,-1,-1,-1
201597AB00209,2,9,0,18,0,8,1,10,1,10,3,1,2,2,24,5,1198,1,4,-1,1,-1
201597AB00211,1,9,0,1,0,0,0,0,0,0,2,1,6,3,-1,-1,-1,-1,-1,-1,-1,-1
201597AB00304,1,9,0,9,0,5,0,0,0,0,1,1,1,1,42,7,1198,1,11,-1,1,-1
201597AB00304,2,1,0,18,2,8,0,0,0,0,4,1,6,2,25,5,-1,-1,-1,-1,1,-1
201597AB00312,1,9,0,9,0,8,0,0,0,0,1,1,1,2,28,6,1560,2,4,-1,1,-1
201597AB00312,2,3,0,18,0,8,0,0,0,0,3,1,6,1,21,5,125,1,5,-1,1,-1
201597AB00402,1,9,0,18,0,1,0,0,0,0,1,1,6,1,23,5,1596,1,13,-1,1,-1
201597AB00402,2,9,0,3,0,1,0,0,0,0,2,1,6,2,59,9,-1,-1,-1,-1,1,-1
201597AB00402,3,9,0,3,0,1,0,0,0,0,2,1,6,1,37,7,-1,-1,-1,-1,-1,-1
201597AB00407,1,9,0,18,0,1,0,0,0,0,1,1,6,1,28,6,-1,-1,-1,-1,-1,-1
201597AB00407,2,1,0,18,0,1,0,0,0,0,4,1,6,2,33,6,-1,-1,-1,-1,1,-1
201597AB00412,1,1,0,18,0,0,0,0,0,0,4,1,6,2,25,5,-1,-1,-1,-1,1,-1
201597AB00412,2,9,0,18,0,0,0,0,0,0,1,1,6,2,24,5,1995,2,5,-1,1,-1
201597AB00504,1,9,0,18,0,1,0,8,0,0,1,2,1,1,36,7,-1,-1,-1,-1,1,-1
201597AB00510,1,19,0,3,0,1,0,0,0,0,1,1,1,1,43,7,1995,2,6,-1,1,-1
201597AB00510,2,9,0,4,0,1,0,0,0,0,2,1,6,1,36,7,1598,2,5,-1,-1,-1
201597AB00605,1,11,0,9,0,1,0,0,0,0,3,1,1,1,32,6,12900,2,6,-1,1,-1
201597AB00605,2,11,0,9,0,1,0,0,0,0,1,1,1,1,50,8,6370,2,10,-1,1,-1
201597AB00606,1,8,0,18,0,0,0,0,0,0,4,1,1,1,53,8,1896,2,5,-1,1,-1
201597AB00611,1,9,0,18,0,8,0,0,0,0,1,1,2,1,41,7,1896,2,16,-1,1,-1
201597AB00612,1,9,0,18,0,0,0,0,0,0,2,1,1,1,43,7,-1,-1,-1,-1,-1,-1
201597AB00811,1,8,0,18,0,1,0,0,0,0,1,1,6,1,57,9,2499,2,5,-1,1,-1
201597AB00902,1,9,0,3,0,0,0,0,0,0,3,1,6,2,21,5,998,1,6,-1,1,-1
201597AB00902,2,9,0,12,0,0,0,0,0,0,4,1,6,2,21,5,1242,1,4,-1,1,-1
201597AB00904,1,9,0,5,0,1,0,0,0,0,0,1,6,1,30,6,-1,-1,-1,-1,-1,-1
201597AB00904,2,9,0,2,0,1,0,0,0,0,0,1,6,1,18,4,1364,1,9,-1,1,-1
201597AB00906,1,9,0,18,0,0,0,0,0,0,1,1,6,2,24,5,1339,1,9,-1,1,-1
201597AB00907,1,3,0,4,0,1,0,0,0,0,1,1,2,1,30,6,125,1,5,-1,1,-1
201597AB00909,1,1,0,11,0,1,0,0,0,0,1,1,6,1,50,8,-1,-1,-1,-1,-1,-1
201597AB00909,2,9,0,9,0,1,0,0,0,0,3,1,6,1,35,6,1798,1,8,-1,2,-1
201597AB00910,1,9,0,18,0,1,0,0,0,0,4,1,2,2,41,7,1896,2,15,-1,1,-1
201597AB00910,2,9,0,17,0,6,0,0,0,0,1,1,1,2,40,7,1395,1,1,-1,1,-1
201597AB01001,1,1,0,5,0,0,0,0,1,0,1,1,6,1,19,4,-1,-1,-1,-1,-1,-1
201597AB01004,1,11,0,7,0,8,0,0,0,0,4,1,1,1,57,9,6696,2,2,-1,1,-1
201597AB01008,1,9,0,6,6,1,0,0,0,0,2,1,6,1,17,4,1995,2,7,-1,1,-1
201597AB01008,2,4,0,18,0,1,0,0,0,0,1,1,6,1,20,4,-1,-1,-1,-1,1,-1
201597AB01102,1,9,0,18,0,2,0,0,0,0,1,1,6,2,32,6,1596,1,8,-1,1,-1
201597AB01105,1,11,0,18,0,0,0,0,0,0,4,1,1,3,40,7,-1,-1,-1,-1,-1,-1
201597AB01105,2,1,0,18,0,0,0,0,0,0,3,1,6,2,29,6,-1,-1,-1,-1,1,-1
201597AB01109,1,9,0,1,0,0,0,0,0,0,2,1,6,2,27,6,1598,2,2,-1,1,-1
201597AB01110,1,9,0,9,0,0,0,0,0,0,2,2,6,2,45,7,1956,2,-1,-1,1,-1
201597AB01110,2,3,0,18,0,0,1,0,0,0,1,1,6,1,36,7,125,1,12,-1,1,-1
201597AB01112,1,9,0,18,0,0,0,0,0,0,1,1,1,1,-1,-1,-1,-1,-1,-1,-1,-1
201597AB01112,2,9,0,18,0,0,0,0,0,0,2,1,1,1,49,8,-1,-1,-1,-1,-1,-1
201597AB01206,1,11,0,18,0,0,0,0,0,0,3,1,1,1,44,7,6696,2,2,-1,-1,-1
201597AB01210,1,8,0,3,0,1,0,0,0,0,4,1,1,1,29,6,2402,2,10,-1,-1,-1
201597AB01210,2,1,0,18,0,8,0,0,0,0,2,1,2,1,25,5,-1,-1,-1,-1,1,-1
201597AB01211,1,9,0,5,0,0,0,0,0,0,4,1,1,1,30,6,-1,-1,-1,-1,-1,-1
201597AB01212,1,8,0,18,0,0,1,0,0,0,1,1,6,1,48,8,1598,2,-1,-1,1,-1
201597AB01212,2,9,0,3,0,0,0,0,0,0,0,1,6,2,43,7,1397,1,8,-1,-1,-1
201597AB01212,3,9,0,3,0,0,0,0,0,0,2,1,6,2,37,7,1399,2,7,-1,1,-1
201597AB01301,1,9,0,5,0,1,0,0,0,0,1,1,6,1,19,4,1390,1,3,-1,1,-1
201597AB01302,1,9,0,1,0,1,0,0,0,0,2,1,1,1,60,9,2967,2,3,-1,3,-1
201597AB01304,1,9,0,18,0,1,0,0,0,0,4,1,6,1,24,5,-1,-1,-1,-1,-1,-1
201597AB01407,1,9,0,9,0,1,0,0,0,0,0,1,6,3,44,7,-1,-1,-1,-1,-1,-1
201597AB01407,2,8,0,18,0,1,0,0,0,0,0,1,1,1,63,9,-1,-1,-1,-1,-1,-1
201597AB01412,1,9,0,18,0,0,0,0,0,0,1,1,6,1,80,11,1198,1,6,-1,1,-1
201597AB01507,1,8,0,18,0,8,0,0,0,0,1,1,1,1,56,9,1968,2,3,-1,1,-1
201597AB01507,2,19,0,18,0,8,5,0,0,0,3,1,1,2,46,8,1560,2,1,-1,1,-1
201597AB01605,1,9,0,18,0,8,0,0,1,1,3,1,6,1,20,4,1598,1,10,-1,1,-1
201597AB01605,2,8,0,18,0,8,0,0,0,0,4,1,1,1,54,8,1560,2,5,-1,1,-1
201597AB01701,1,9,0,2,0,2,0,0,0,0,3,1,6,1,30,6,1590,1,11,-1,1,-1
201597AB01704,1,1,0,18,5,1,0,0,0,0,1,1,2,1,25,5,-1,-1,-1,-1,1,-1
201597AB01704,2,8,0,18,0,6,0,0,0,0,3,1,1,1,57,9,2499,2,1,-1,1,-1
201597AB01704,3,8,0,18,0,1,0,0,0,0,1,1,1,1,52,8,2664,2,15,-1,1,-1
201597AB01706,1,9,0,1,6,1,0,0,0,0,2,1,6,1,28,6,-1,-1,-1,-1,-1,-1
201597AB01711,1,1,0,9,0,8,0,0,0,0,1,1,6,2,25,5,-1,-1,-1,-1,1,-1
201597AB01711,2,9,0,7,0,8,0,0,0,0,1,1,6,1,26,6,1242,1,2,-1,1,-1
201597AB01808,1,9,0,18,0,1,0,0,0,0,1,1,6,3,30,6,-1,-1,-1,-1,-1,-1
201597AB01906,1,9,0,3,0,1,0,0,0,0,1,1,6,1,34,6,1388,1,14,-1,1,-1
201597AB01906,2,9,0,3,0,1,0,0,0,0,2,1,6,1,22,5,1493,2,9,-1,1,-1
201597AB01907,1,9,0,18,0,6,0,0,0,0,1,1,2,2,19,4,999,1,-1,-1,1,-1
201597AB01907,2,9,0,18,0,8,1,0,0,0,1,1,2,1,43,7,-1,-1,-1,-1,1,-1
201597AB02109,1,9,0,18,0,1,0,0,0,0,1,1,6,2,22,5,1242,1,-1,-1,-1,-1
201597AB02109,2,9,0,3,0,1,0,0,0,0,2,1,6,1,54,8,1997,2,5,-1,3,-1
201597AB02110,1,11,0,18,0,1,0,0,0,0,1,1,1,1,30,6,-1,-1,-1,-1,-1,-1
201597AB02205,1,19,0,18,0,8,0,0,0,0,1,1,2,1,55,8,2148,2,7,-1,1,-1
201597AB02205,2,9,0,18,0,8,0,0,0,0,3,1,2,1,55,8,998,1,10,-1,1,-1
201597AB02306,1,8,0,9,0,1,0,0,0,0,4,1,1,1,40,7,1997,2,3,-1,1,-1
201597AB02306,2,9,0,18,0,1,0,0,0,0,4,1,6,1,26,6,1339,1,12,-1,1,-1
201597AB02310,1,9,0,5,0,2,0,0,0,0,3,1,6,2,21,5,-1,-1,-1,-1,1,-1
201597AB02311,1,11,0,7,0,8,0,0,0,0,3,1,1,1,60,9,7300,2,9,-1,1,-1
201597AB02404,1,9,0,5,0,1,0,0,0,0,0,1,6,3,30,6,1968,2,1,-1,-1,-1
201597AB02412,1,9,0,14,0,0,0,0,0,0,4,1,6,2,68,10,1390,1,12,-1,1,-1
201597AB02412,2,9,0,6,0,0,0,0,0,0,3,1,6,2,49,8,1596,1,2,-1,1,-1
201597AB02501,1,19,0,7,0,8,0,0,0,0,1,1,1,1,24,5,2143,2,5,-1,1,-1
201597AB02502,1,8,0,18,0,0,0,0,0,0,3,1,1,1,35,6,1560,2,4,-1,1,-1
201597AB02503,1,19,0,1,0,0,0,0,0,0,2,1,6,1,30,6,-1,-1,-1,-1,-1,-1
201597AB02509,1,9,0,7,0,6,0,0,0,0,1,1,2,2,24,5,999,1,1,-1,1,-1
201597AB02509,2,1,0,14,4,1,0,0,0,0,1,1,2,2,36,7,-1,-1,-1,-1,1,-1
201597AB02602,1,8,0,6,0,1,0,0,0,0,3,1,6,1,45,7,-1,-1,-1,-1,-1,-1
201597AB02602,2,1,0,10,0,1,0,0,0,0,1,1,2,1,25,5,-1,-1,-1,-1,-1,-1
201597AB02603,1,9,0,18,0,0,0,0,0,0,1,1,6,1,22,5,1999,1,10,-1,1,-1
201597AB02603,2,9,0,18,0,0,0,0,0,0,2,1,6,1,22,5,1124,1,10,-1,1,-1
201597AB02610,1,8,0,18,0,8,0,0,0,0,4,1,1,1,44,7,1998,2,3,-1,1,-1
201597AB02610,2,9,0,18,0,8,0,0,0,0,1,1,6,2,48,8,1896,2,6,-1,1,-1
201597AB02612,1,9,0,1,0,0,0,0,0,0,1,1,6,1,54,8,1997,1,2,-1,3,-1
201597AB02708,1,8,0,5,0,0,0,0,0,0,0,1,1,1,40,7,1149,1,1,-1,1,-1
201597AB02711,1,20,0,5,0,2,0,0,0,0,3,1,1,1,44,7,4580,2,5,-1,3,-1
201597AB02712,1,8,0,5,0,1,0,0,0,0,1,1,6,1,52,8,-1,-1,-1,-1,-1,-1
201597AB02810,1,9,0,5,0,0,0,0,0,0,3,1,6,1,50,8,1753,2,9,-1,3,-1
201597AB02810,2,9,0,1,0,0,0,0,0,0,1,1,6,2,27,6,1197,1,2,-1,1,-1
201597AB02812,1,11,0,9,0,8,0,0,0,0,1,1,1,1,61,9,9000,2,6,-1,1,-1
201597AB02908,1,8,0,5,0,1,0,0,0,0,1,1,1,1,35,6,-1,-1,-1,-1,-1,-1
201597AB03001,1,9,0,18,0,8,5,0,0,1,3,1,1,1,53,8,-1,-1,-1,-1,3,-1
201597AB03001,2,19,0,18,0,8,0,0,0,0,4,1,1,1,53,8,2198,2,3,-1,-1,-1
201597AB03011,1,9,0,1,0,0,0,0,0,0,4,1,6,1,42,7,1910,2,8,-1,1,-1
201597AB03011,2,9,0,2,0,0,0,0,0,0,3,1,6,1,38,7,-1,-1,-1,-1,-1,-1
201597AB03103,1,8,0,12,0,0,0,0,0,0,4,1,1,1,40,7,1896,2,6,-1,-1,-1
201597AB03103,2,8,0,18,0,0,0,0,0,0,3,1,1,1,47,8,2143,2,1,-1,1,-1
201597AB03108,1,9,0,18,0,2,0,0,0,0,4,1,6,1,30,6,1329,1,4,-1,-1,-1
201597AB03108,2,1,0,18,0,2,0,0,3,0,3,1,2,2,56,9,-1,-1,-1,-1,1,-1
201597AB03111,1,19,0,4,0,0,0,0,0,0,1,1,1,1,25,5,1598,2,-1,-1,1,-1
201597AB03111,2,9,0,4,0,0,0,0,0,0,2,1,2,2,29,6,3628,2,7,-1,3,-1
201597AB03112,1,9,0,1,0,0,0,0,0,0,2,1,6,1,55,8,1956,2,4,-1,1,-1
201597AB03112,2,9,0,3,0,0,0,0,0,0,3,1,6,2,19,4,1149,1,1,-1,-1,-1
201597AB03212,1,9,0,9,0,2,0,0,0,0,1,1,1,1,20,4,1200,1,2,-1,-1,-1
201597AB03303,1,9,0,18,0,0,0,0,0,0,1,1,2,2,26,6,1968,2,2,-1,1,-1
201597AB03510,1,9,0,9,0,8,0,0,0,0,1,1,6,1,30,6,1894,2,14,-1,-1,-1
201597AB03510,2,1,0,18,0,8,0,0,0,0,1,1,6,1,27,6,-1,-1,-1,-1,1,-1
201597AB03511,1,11,0,7,0,6,0,0,0,0,4,1,1,1,30,6,8900,2,6,-1,1,-1
201597AB03511,2,90,0,2,0,2,0,0,0,0,2,1,1,1,-1,-1,-1,-1,-1,-1,-1,-1
201597AB03603,1,9,0,18,0,8,0,0,0,0,4,1,6,2,22,5,1242,1,3,-1,1,-1
201597AB03603,2,9,0,18,0,8,0,0,0,0,3,1,6,2,47,8,1399,1,6,-1,1,-1
201597AB03610,1,9,0,9,0,1,0,0,0,0,1,1,2,1,42,7,2993,2,-1,-1,1,-1
201597AB03610,2,1,0,16,0,1,0,0,0,0,1,1,2,1,48,8,-1,-1,-1,-1,3,-1
201597AB03807,1,9,0,5,0,0,0,0,0,0,4,1,6,2,24,5,1339,1,9,-1,1,-1
201597AB03809,1,9,0,18,0,1,0,0,0,0,3,1,6,1,29,6,2268,2,1,-1,1,-1
201597AB03909,1,11,0,18,0,1,0,0,0,0,0,1,1,2,44,7,7300,2,9,-1,2,-1
201597AB03910,1,10,0,18,0,8,0,0,0,0,1,1,1,1,70,10,2402,2,12,-1,1,-1
201597AB03910,2,8,0,5,0,8,0,0,0,0,3,1,1,1,60,9,2664,2,15,-1,1,-1
201597AB03912,1,8,0,5,0,0,0,0,0,0,0,1,1,1,25,5,1686,2,4,-1,1,-1
201597AB04004,1,8,0,18,0,0,0,0,0,0,1,1,1,1,49,8,2664,2,15,-1,1,-1
201597AB04004,2,8,0,18,0,0,0,0,0,0,2,1,1,1,40,7,2499,2,8,-1,1,-1
201597AB04011,1,9,0,1,0,1,0,0,0,0,2,1,1,1,52,8,-1,-1,-1,-1,1,-1
201597AB04109,1,11,0,18,0,0,0,0,0,0,1,1,1,1,30,6,-1,-1,-1,-1,-1,-1
201597AB04210,1,90,1,11,0,0,0,0,0,0,4,1,6,1,30,6,-1,-1,-1,-1,2,-1
201597AB04210,2,9,0,18,0,0,0,0,0,0,3,1,6,2,50,8,1242,1,6,-1,2,-1
201597AB04711,1,8,0,1,0,0,0,0,0,0,2,1,1,1,64,9,2499,2,6,-1,1,-1
201597AB05111,1,9,0,1,0,0,0,0,0,0,2,1,6,1,33,6,1968,2,4,-1,1,-1
201597AB05212,1,11,0,18,0,8,0,0,0,0,1,1,1,1,27,6,9360,2,7,-1,1,-1
201597AB05912,1,9,0,7,0,8,0,0,0,0,0,1,6,1,40,7,-1,-1,-1,-1,-1,-1
201597AB70104,1,9,0,9,0,8,0,0,0,0,3,1,1,2,24,5,-1,-1,-1,-1,1,-1
201597AB70104,2,5,0,18,0,8,0,0,0,0,4,1,6,1,44,7,1157,1,9,-1,1,-1
201597AB70106,1,9,0,18,0,0,1,0,0,7,1,1,2,2,36,7,1149,1,7,-1,1,-1
201597AB70107,1,9,0,18,0,0,0,0,0,0,1,1,6,2,23,5,1242,1,3,-1,1,-1
201597AB70107,2,9,0,18,0,0,0,0,0,0,2,1,6,1,29,6,1200,1,1,-1,1,-1
201597AB70108,1,11,0,5,0,8,0,0,0,0,4,1,1,1,35,6,7300,2,10,-1,1,-1
201597AB70109,1,11,0,7,0,8,0,0,0,0,1,1,1,1,61,9,6700,2,3,-1,1,-1
201597AB70110,1,9,0,18,0,0,0,0,0,0,1,1,6,1,39,7,1968,2,6,-1,1,-1
201597AB70112,1,8,0,18,0,0,0,0,0,0,1,1,1,1,49,8,2499,2,8,-1,1,-1
201597AB70205,1,9,0,9,0,1,0,0,0,0,1,1,6,1,49,8,1956,2,4,-1,1,-1
201597AB70205,2,5,0,3,0,1,0,0,0,0,4,1,1,1,45,7,1298,1,2,-1,-1,-1
201597AB70206,1,9,0,18,0,0,0,0,0,0,3,1,2,1,34,6,1598,1,12,-1,1,-1
201597AB70207,1,9,0,18,0,0,1,0,0,0,1,1,6,1,28,6,1598,1,4,-1,-1,-1
201597AB70207,2,9,0,18,0,0,0,0,0,0,2,1,2,2,65,9,1339,1,10,-1,1,-1
201597AB70207,3,9,0,18,0,0,0,0,0,0,2,1,6,2,42,7,-1,-1,-1,-1,-1,-1
201597AB70210,1,9,0,18,0,5,0,0,0,0,1,1,6,1,42,7,1999,1,9,-1,3,-1
201597AB70210,2,9,0,18,0,5,0,0,0,0,1,1,6,2,48,8,1599,1,10,-1,1,-1
201597AB70210,3,9,0,4,0,5,0,0,0,0,2,1,6,2,24,5,1229,1,2,-1,1,-1
201597AB70210,4,9,0,4,0,5,0,0,0,0,2,1,6,2,22,5,998,1,13,-1,2,-1
201597AB70307,1,9,0,11,0,0,0,0,0,0,3,1,6,2,43,7,1598,2,3,-1,-1,-1
201597AB70307,2,9,0,3,0,0,0,0,0,0,1,1,1,1,36,7,2993,2,1,-1,1,-1
201597AB70308,1,9,0,4,0,0,0,0,0,0,1,1,2,1,30,6,2979,1,13,-1,1,-1
201597AB70308,2,9,0,18,0,0,0,0,0,0,2,1,6,1,50,8,1896,2,10,-1,1,-1
201597AB70311,1,9,0,16,0,0,1,0,0,0,1,1,6,1,19,4,1590,1,10,-1,1,-1
201597AB70312,1,21,0,18,0,0,0,0,0,0,1,1,1,1,43,7,12913,2,8,-1,1,-1
201597AB70312,2,9,0,18,0,0,0,0,0,0,2,1,6,2,26,6,1598,1,10,-1,1,-1
201597AB70405,1,11,0,7,0,8,0,0,0,0,4,1,1,1,59,9,8900,2,6,-1,1,-1
201597AB70407,1,9,0,16,0,0,1,0,4,6,1,1,1,1,37,7,1598,1,5,-1,1,-1