Accident_Index,Vehicle_Reference,Vehicle_Type,Towing_and_Articulation,Vehicle_Manoeuvre,Vehicle_Location-Restricted_Lane,Junction_Location,Skidding_and_Overturning,Hit_Object_in_Carriageway,Vehicle_Leaving_Carriageway,Hit_Object_off_Carriageway,1st_Point_of_Impact,Was_Vehicle_Left_Hand_Drive?,Journey_Purpose_of_Driver,Sex_of_Driver,Age_of_Driver,Age_Band_of_Driver,Engine_Capacity_(CC),Propulsion_Code,Age_of_Vehicle,Driver_IMD_Decile,Driver_Home_Area_Type,Vehicle_IMD_Decile
201597BD20701,2,8,0,2,0,0,0,0,0,0,2,1,6,2,43,7,1229,1,5,-1,1,-1
201597BD70102,1,9,0,16,0,1,2,0,1,7,2,1,6,1,20,4,1796,1,11,-1,1,-1
201597BD70103,1,10,0,18,0,4,0,0,0,0,1,1,1,1,43,7,2198,2,2,-1,-1,-1
201597BD70103,2,9,0,3,0,4,0,0,0,0,2,1,1,1,56,9,-1,-1,-1,-1,1,-1
201597BD70107,1,19,0,18,0,0,0,0,0,0,1,1,6,1,28,6,2198,2,5,-1,1,-1
201597BD70108,1,9,0,18,0,0,1,0,0,0,4,1,1,1,32,6,3200,2,3,-1,-1,-1
201597BD70108,2,9,0,18,0,0,0,0,0,0,1,1,1,1,58,9,2967,2,1,-1,1,-1
201597BD70202,1,9,0,18,0,0,0,0,5,0,1,1,6,1,19,4,998,1,3,-1,1,-1
201597BD70203,1,9,0,12,0,7,0,0,0,0,3,1,6,1,64,9,1582,2,2,-1,1,-1
201597BD70203,2,19,0,18,0,7,0,0,2,7,4,1,1,1,29,6,2198,2,9,-1,1,-1
201597BD70204,1,21,0,12,0,0,0,0,0,0,1,1,1,1,49,8,8710,2,-1,-1,1,-1
201597BD70204,2,9,0,3,0,0,0,0,0,0,2,1,2,2,40,7,1900,2,10,-1,2,-1
201597BD70204,3,9,0,3,0,0,0,0,0,0,2,1,2,1,42,7,-1,-1,-1,-1,1,-1
201597BD70204,4,9,0,3,0,0,0,0,0,0,2,1,2,1,29,6,-1,-1,-1,-1,1,-1
201597BD70204,5,9,0,3,0,0,0,0,0,0,2,1,6,2,44,7,1598,2,5,-1,-1,-1
201597BD70204,6,9,0,3,0,0,0,0,0,0,2,1,1,1,41,7,1988,1,11,-1,3,-1
201597BD70205,1,9,0,10,0,2,0,0,0,0,3,1,6,1,24,5,1997,2,2,-1,1,-1
201597BD70205,2,9,0,18,0,1,0,0,0,0,1,1,6,2,60,9,1956,2,-1,-1,1,-1
201597BD70207,1,9,0,17,0,0,1,0,0,2,1,1,6,2,38,7,1124,1,10,-1,1,-1
201597BD70302,1,9,0,18,0,7,0,0,0,0,3,1,6,1,47,8,1242,1,10,-1,1,-1
201597BD70302,2,21,0,18,0,8,0,0,0,0,1,1,1,1,48,8,5480,2,9,-1,-1,-1
201597BD70302,3,19,0,18,0,8,0,0,0,0,1,1,2,1,63,9,1998,2,9,-1,2,-1
201597BD70303,1,11,0,18,0,0,0,0,0,0,1,1,1,1,51,8,4250,2,2,-1,1,-1
201597BD70304,1,9,0,4,0,1,0,0,0,0,1,1,6,2,19,4,1590,1,14,-1,-1,-1
201597BD70304,2,9,0,4,0,1,0,0,0,0,1,1,2,2,38,7,1798,1,7,-1,1,-1
201597BD70304,3,9,0,4,0,1,0,0,0,0,2,1,2,2,44,7,1598,1,6,-1,3,-1
201597BD70401,1,9,0,18,0,0,1,0,1,4,4,1,6,2,20,4,1390,1,8,-1,1,-1
201597BD70401,2,11,0,18,0,0,0,0,0,0,1,1,1,1,46,8,12778,2,2,-1,-1,-1
201597BD70404,1,19,0,18,0,0,0,0,0,0,1,1,6,3,40,7,2198,2,8,-1,-1,-1
201597BD70404,2,9,0,18,0,0,0,0,0,0,3,1,6,1,55,8,1796,1,11,-1,1,-1
201597BD70411,1,9,0,18,0,0,1,0,0,0,4,1,6,2,37,7,1229,1,5,-1,1,-1
201597BD70411,2,9,0,18,0,0,0,0,0,0,1,1,6,1,54,8,1198,1,3,-1,1,-1
201597BD70510,1,9,0,18,0,0,0,0,0,0,4,1,6,1,23,5,1799,1,6,-1,1,-1
201597BD70604,1,9,0,17,0,0,1,0,7,0,4,1,6,2,17,4,1229,1,-1,-1,3,-1
201597BD70707,1,9,0,14,0,0,0,0,0,0,1,1,2,2,21,5,1242,1,3,-1,1,-1
201597BD70707,2,9,0,2,0,0,0,0,0,0,3,1,6,1,24,5,1248,2,1,-1,1,-1
201597BD70710,1,19,0,16,0,3,0,0,0,0,4,1,2,1,41,7,2198,2,1,-1,-1,-1
201597BD70710,2,9,0,18,0,8,0,0,0,0,3,1,2,2,33,6,1598,1,9,-1,1,-1
201597BD70802,1,11,0,4,0,0,0,0,0,0,1,1,1,1,28,6,4461,2,1,-1,1,-1
201597BD70910,1,9,0,9,0,0,0,4,0,0,1,1,6,2,73,10,1591,1,-1,-1,1,-1
201597BD70910,2,9,0,2,0,0,0,0,0,0,3,1,6,2,35,6,998,1,2,-1,1,-1
201597BD70910,3,9,0,2,0,0,0,0,0,0,1,1,6,2,35,6,1560,2,-1,-1,1,-1
201597BD71108,1,9,0,4,0,4,0,0,0,0,1,1,6,2,44,7,1598,2,3,-1,1,-1
201597BD71108,2,9,0,3,0,4,0,0,0,0,2,1,6,1,48,8,1339,1,8,-1,1,-1
201597BD71208,1,9,0,18,0,1,1,0,0,0,1,1,6,1,33,6,1598,2,1,-1,1,-1
201597BD71208,2,9,0,18,0,1,0,0,0,0,4,1,6,1,62,9,1596,1,2,-1,1,-1
201597BD71210,1,9,0,18,0,0,0,0,0,0,1,1,1,1,60,9,1995,1,12,-1,1,-1
201597BD71210,2,9,0,3,0,0,0,0,0,0,2,1,6,1,38,7,1598,1,11,-1,1,-1
201597BD71408,1,9,0,18,0,0,0,0,0,0,1,1,6,1,45,7,1597,2,1,-1,1,-1
201597BD71509,1,21,1,3,0,7,0,0,0,0,1,1,1,1,52,8,12902,2,2,-1,2,-1
201597BD71509,2,9,0,3,0,7,0,0,0,0,2,1,6,1,43,7,1796,1,12,-1,-1,-1
201597BD71609,1,21,1,9,0,1,0,0,0,0,4,1,1,1,56,9,12809,2,3,-1,1,-1
201597BD71609,2,9,0,18,0,1,1,0,0,0,1,1,6,2,51,8,1599,1,11,-1,1,-1
201597BD71709,1,21,1,11,0,0,0,0,0,0,4,1,1,1,60,9,12740,2,4,-1,2,-1
201597BD71709,2,9,0,18,0,0,1,0,0,0,3,1,6,2,66,10,2987,2,4,-1,1,-1
201597BD71709,3,9,0,18,0,0,1,0,0,0,1,1,6,2,43,7,1968,2,8,-1,1,-1
201597BD71809,1,11,0,3,0,4,0,0,0,0,1,1,1,1,36,7,12778,2,4,-1,1,-1
201597BD71809,2,21,0,3,0,4,0,0,0,0,2,1,1,1,47,8,12913,2,7,-1,1,-1
201597BD71909,1,9,0,18,0,1,0,0,0,0,1,1,2,1,44,7,1560,2,1,-1,1,-1
201597BD71909,2,9,0,3,0,1,0,0,0,0,2,1,2,2,55,8,2179,2,2,-1,1,-1
201597BD72009,1,21,1,11,0,0,0,0,0,0,4,1,1,1,49,8,12900,2,8,-1,1,-1
201597BD72009,2,9,0,18,0,0,0,0,4,0,3,1,6,2,37,7,1390,1,13,-1,1,-1
201597BD72209,1,9,0,18,0,0,0,0,0,0,1,1,6,2,32,6,1596,1,9,-1,1,-1
201597BE00110,1,8,0,18,0,0,0,0,0,0,1,1,6,3,30,6,1910,2,6,-1,-1,-1
201597BE00111,1,9,0,18,0,0,0,0,0,0,3,1,2,1,67,10,1995,2,3,-1,1,-1
201597BE00201,1,9,0,9,0,6,0,0,0,0,1,1,2,1,42,7,1798,8,1,-1,1,-1
201597BE00202,1,9,0,18,0,1,0,0,0,0,1,1,6,1,26,6,1198,1,11,-1,-1,-1
201597BE00202,2,9,0,4,0,1,0,0,0,0,2,1,6,1,42,7,698,1,11,-1,1,-1
201597BE00203,1,9,0,10,0,8,0,0,0,0,1,1,6,1,48,8,1968,2,1,-1,-1,-1
201597BE00203,2,9,0,3,0,8,0,0,0,0,1,1,6,2,58,9,1328,1,1,-1,1,-1
201597BE00301,1,9,0,18,0,0,0,0,0,0,1,1,2,1,54,8,1229,1,1,-1,3,-1
201597BE00304,1,19,0,9,0,0,0,0,0,0,1,1,1,1,26,6,-1,-1,-1,-1,1,-1
201597BE00304,2,9,0,18,0,0,0,0,0,0,4,1,2,2,43,7,1498,1,4,-1,1,-1
201597BE00309,1,9,0,11,0,0,0,0,0,0,4,1,6,3,30,6,-1,-1,-1,-1,-1,-1
201597BE00309,2,11,0,4,2,0,0,0,0,0,3,1,1,1,55,8,8268,2,12,-1,1,-1
201597BE00502,1,9,0,16,0,0,1,0,0,11,1,1,2,1,24,5,-1,-1,-1,-1,1,-1
201597BE00504,1,9,0,17,0,0,2,0,1,2,1,1,6,1,44,7,1598,1,6,-1,-1,-1
201597BE00504,2,9,0,2,0,0,0,0,0,0,4,1,6,1,50,8,1398,2,5,-1,-1,-1
201597BE00509,1,9,0,7,0,1,0,0,0,0,1,1,6,2,40,7,-1,-1,-1,-1,-1,-1
201597BE00604,1,9,0,18,0,0,0,0,0,0,1,1,6,2,30,6,1956,2,3,-1,1,-1
201597BE00604,2,9,0,18,0,0,0,0,0,0,2,1,6,1,21,5,1956,2,1,-1,1,-1
201597BE00604,3,9,0,2,0,0,0,0,0,0,3,1,6,3,30,6,1686,2,7,-1,-1,-1
201597BE00605,1,9,0,18,0,8,0,0,0,0,1,1,1,1,54,8,998,1,5,-1,1,-1
201597BE00605,2,9,0,5,0,8,0,0,0,0,3,1,6,1,54,8,4511,1,11,-1,3,-1
201597BE00607,1,4,0,14,0,1,0,0,0,0,4,1,2,1,47,8,250,1,-1,-1,1,-1
201597BE00607,2,9,0,3,0,1,0,0,0,0,3,1,1,1,43,7,1598,2,4,-1,1,-1
201597BE00702,1,9,0,9,0,1,0,0,0,0,3,1,6,1,37,7,1229,1,2,-1,1,-1
201597BE00702,2,1,0,18,0,1,0,0,0,0,1,1,6,1,40,7,-1,-1,-1,-1,-1,-1
201597BE00705,1,9,0,18,0,0,0,0,0,0,1,1,2,2,57,9,1124,1,11,-1,1,-1
201597BE00705,2,19,0,18,0,0,0,0,0,0,4,1,6,1,40,7,-1,-1,-1,-1,1,-1
201597BE00808,1,9,0,9,0,6,0,0,0,0,3,1,2,1,25,5,1995,1,5,-1,1,-1
201597BE00808,2,1,0,18,0,1,0,0,0,0,1,1,6,1,80,11,-1,-1,-1,-1,1,-1
201597BE00902,1,9,0,5,0,1,0,0,0,0,1,1,2,1,38,7,2231,2,2,-1,1,-1
201597BE00902,2,1,0,18,0,2,0,0,0,0,4,1,2,1,42,7,-1,-1,-1,-1,1,-1
201597BE00904,1,9,0,5,0,1,0,0,0,0,1,1,6,2,23,5,1396,1,2,-1,1,-1
201597BE00904,2,19,0,5,0,1,0,0,0,0,2,1,1,1,33,6,1753,2,4,-1,-1,-1
201597BE00905,1,9,0,5,0,0,0,0,0,0,0,1,6,1,55,8,1299,1,12,-1,-1,-1
201597BE00905,2,19,0,2,0,0,0,0,0,0,0,1,6,3,30,6,1753,2,2,-1,-1,-1
201597BE00909,1,8,0,8,0,0,0,0,0,0,1,1,2,1,51,8,1685,2,2,-1,1,-1
201597BE00909,2,1,0,7,0,0,0,0,0,0,2,1,6,2,38,7,-1,-1,-1,-1,1,-1
201597BE00910,1,9,0,18,0,1,0,0,0,0,2,1,2,2,48,8,1229,1,-1,-1,1,-1
201597BE00910,2,8,0,4,0,1,0,0,0,0,2,1,1,1,56,9,1560,2,6,-1,1,-1
201597BE00910,3,9,0,4,0,1,0,0,0,0,2,1,6,1,28,6,1560,2,3,-1,-1,-1
201597BE00910,4,9,0,4,0,1,0,0,0,0,1,1,6,1,28,6,2183,2,4,-1,1,-1
201597BE01002,1,9,0,18,0,0,0,0,0,0,3,1,6,1,80,11,1798,1,9,-1,1,-1
201597BE01003,1,9,0,9,0,0,0,0,0,0,4,1,6,1,36,7,1598,2,1,-1,1,-1
201597BE01005,1,20,0,18,0,0,0,0,0,0,1,1,6,1,28,6,-1,-1,-1,-1,-1,-1
201597BE01005,2,1,0,18,0,0,0,0,0,0,2,1,6,1,29,6,-1,-1,-1,-1,3,-1
201597BE01011,1,9,0,4,0,0,1,4,0,0,1,1,6,2,34,6,2982,2,8,-1,3,-1
201597BE01011,2,9,0,3,0,0,0,0,0,0,2,1,6,2,24,5,-1,-1,-1,-1,1,-1
201597BE01102,1,1,0,18,0,0,0,0,0,0,1,1,2,2,28,6,-1,-1,-1,-1,1,-1
201597BE01102,2,9,0,2,0,0,0,0,0,0,1,1,6,1,48,8,1997,2,11,-1,1,-1
201597BE01104,1,9,0,2,0,0,0,0,0,0,4,1,6,1,41,7,1896,2,9,-1,1,-1
201597BE01104,2,1,0,18,0,0,0,8,0,0,3,1,6,1,41,7,-1,-1,-1,-1,1,-1
201597BE01108,1,9,0,17,0,0,0,10,0,4,1,1,6,1,39,7,-1,-1,-1,-1,1,-1
201597BE01203,1,9,0,18,0,0,0,0,0,0,1,1,1,1,65,9,1968,2,9,-1,1,-1
201597BE01207,1,9,0,9,0,1,0,0,0,0,1,1,6,2,19,4,1229,1,4,-1,1,-1
201597BE01207,2,1,0,18,0,1,0,0,0,0,1,1,6,2,29,6,-1,-1,-1,-1,1,-1
201597BE01208,1,9,0,18,0,0,0,0,0,0,1,1,6,1,38,7,1560,2,7,-1,1,-1
201597BE01208,2,9,0,18,0,0,0,0,0,0,2,1,1,2,28,6,1242,1,4,-1,3,-1
201597BE01301,1,9,0,4,0,1,0,0,0,0,3,1,1,1,48,8,-1,-1,-1,-1,1,-1
201597BE01302,1,19,0,11,0,1,0,0,0,0,4,1,1,1,56,9,1753,2,8,-1,1,-1
201597BE01310,1,9,0,18,0,0,0,0,0,0,1,1,1,1,29,6,-1,-1,-1,-1,-1,-1
201597BE01312,1,9,0,18,0,2,0,0,0,0,1,1,2,2,19,4,1587,1,12,-1,1,-1
201597BE01401,1,2,0,18,9,0,0,0,0,0,1,1,6,1,30,6,-1,-1,-1,-1,-1,-1
201597BE01402,1,9,0,18,0,2,0,0,0,0,4,1,2,2,45,7,1248,1,4,-1,1,-1
201597BE01408,1,9,0,7,0,1,0,0,0,0,0,1,6,1,30,6,-1,-1,-1,-1,-1,-1
201597BE01411,1,8,0,1,0,1,0,0,0,0,2,1,6,3,45,7,1598,2,5,-1,1,-1
201597BE01501,1,9,0,9,0,0,0,0,0,0,1,1,2,1,35,6,1229,1,2,-1,1,-1
201597BE01504,1,9,0,4,0,1,0,0,0,0,1,1,6,2,51,8,1796,1,4,-1,1,-1
201597BE01504,2,9,0,3,0,1,0,0,0,0,2,1,6,2,47,8,1995,2,-1,-1,1,-1
201597BE01506,1,9,0,18,0,0,0,0,0,0,4,1,6,1,50,8,1995,1,10,-1,1,-1
201597BE01509,1,19,0,1,0,0,0,0,0,0,2,1,6,1,53,8,-1,-1,-1,-1,1,-1
201597BE01509,2,4,0,2,0,0,0,0,0,0,1,1,6,1,35,6,125,1,6,-1,1,-1
201597BE01601,1,8,0,9,0,5,0,0,0,0,1,1,1,1,63,9,2664,2,15,-1,2,-1
201597BE01603,1,9,0,5,0,8,0,0,0,0,1,1,6,1,36,7,4398,1,10,-1,1,-1
201597BE01603,2,9,0,5,0,8,0,0,0,0,1,1,6,1,35,6,1984,1,11,-1,1,-1
201597BE01603,3,9,0,4,0,8,0,0,0,0,2,1,6,2,33,6,1229,1,6,-1,1,-1
201597BE01605,1,9,0,9,0,4,1,0,0,0,1,1,6,2,18,4,1198,1,7,-1,1,-1
201597BE01605,2,9,0,18,0,4,1,0,0,0,1,1,1,1,57,9,1598,2,4,-1,1,-1
201597BE01607,1,9,0,1,0,0,0,0,0,0,2,1,6,1,56,9,898,1,1,-1,1,-1
201597BE01609,1,1,0,8,0,1,0,0,0,0,3,1,1,1,23,5,-1,-1,-1,-1,1,-1
201597BE01609,2,1,0,4,0,1,1,0,0,0,1,1,1,1,24,5,-1,-1,-1,-1,3,-1
201597BE01701,1,9,0,18,0,0,1,0,0,0,1,1,6,2,21,5,998,1,6,-1,1,-1
201597BE01701,2,9,0,18,0,0,1,0,0,0,2,1,6,1,26,6,1984,1,9,-1,1,-1
201597BE01701,3,9,0,18,0,0,1,0,0,0,3,1,6,2,61,9,1396,2,4,-1,1,-1
201597BE01701,4,9,0,18,0,0,1,0,0,0,1,1,6,2,61,9,1598,1,3,-1,1,-1
201597BE01701,5,9,0,18,0,0,1,0,0,0,1,1,6,2,28,6,1560,2,6,-1,1,-1
201597BE01702,1,8,0,18,0,0,0,0,0,0,1,1,1,1,55,8,2664,2,15,-1,1,-1
201597BE01702,2,9,0,2,0,0,0,0,0,0,2,1,6,2,35,6,1390,1,13,-1,1,-1
201597BE01703,1,9,0,9,0,2,0,0,0,0,4,1,6,1,53,8,1596,1,7,-1,-1,-1
201597BE01706,1,9,0,18,0,0,0,0,0,0,1,1,6,1,17,4,1598,2,5,-1,1,-1
201597BE01706,2,9,0,2,0,0,0,0,0,0,2,1,6,1,61,9,2987,2,-1,-1,3,-1
201597BE01706,3,9,0,2,0,0,0,0,0,0,2,1,6,2,64,9,1398,1,2,-1,1,-1
201597BE01801,1,9,0,16,0,0,1,0,0,0,1,1,6,2,56,9,1229,1,4,-1,1,-1
201597BE01801,2,9,0,17,0,0,0,0,0,0,1,1,6,2,46,8,1985,1,14,-1,1,-1
201597BE01801,3,9,0,16,0,0,1,0,0,0,1,1,6,2,44,7,998,1,3,-1,1,-1
201597BE01803,1,9,0,5,0,0,0,0,0,0,3,1,2,1,57,9,998,1,4,-1,3,-1
201597BE01807,1,9,0,18,9,1,1,0,1,11,1,1,6,1,19,4,1896,2,14,-1,1,-1
201597BE01807,2,9,0,18,0,1,0,0,0,0,1,1,1,1,40,7,2268,2,1,-1,1,-1
201597BE01812,1,9,0,18,0,1,0,0,0,0,1,1,6,1,86,11,1388,1,9,-1,1,-1
201597BE01812,2,9,0,18,0,1,0,0,0,0,1,1,6,1,63,9,1229,1,2,-1,1,-1
201597BE01903,1,9,0,18,0,0,0,0,0,0,1,1,1,1,39,7,1968,2,5,-1,3,-1
201597BE01903,2,9,0,18,0,0,0,0,0,0,1,1,1,1,52,8,1598,2,3,-1,1,-1
201597BE02102,1,8,0,4,0,0,0,0,0,0,1,1,1,2,47,8,1798,1,6,-1,1,-1
201597BE02107,1,9,0,18,0,0,0,0,0,0,1,1,6,1,32,6,1596,1,4,-1,1,-1
201597BE02205,1,9,0,16,0,0,1,0,7,0,3,1,2,1,35,6,1598,1,9,-1,1,-1
201597BE02205,2,9,0,17,0,0,0,0,1,0,3,1,2,1,54,8,1998,1,8,-1,3,-1
201597BE02207,1,19,0,5,0,0,0,0,0,0,1,1,1,1,45,7,2143,2,1,-1,1,-1
201597BE02708,1,9,0,2,0,0,0,0,0,0,3,1,6,2,52,8,1490,1,6,-1,3,-1
201597BE02708,2,1,0,15,0,0,0,8,0,0,1,1,6,1,53,8,-1,-1,-1,-1,1,-1
201597BE02712,1,9,0,1,0,0,0,0,0,0,2,1,1,1,36,7,1998,1,20,-1,1,-1
201597BE02808,1,9,0,4,0,1,0,0,0,0,1,1,6,1,32,6,1395,1,2,-1,1,-1
201597BE02808,2,9,0,3,0,1,0,0,0,0,2,1,6,1,63,9,1986,2,7,-1,1,-1
201597BE02811,1,9,0,18,0,8,0,0,0,0,4,1,6,1,23,5,1560,2,1,-1,1,-1
201597BE02912,1,9,0,18,0,0,0,0,0,0,3,1,6,1,20,4,1398,1,3,-1,1,-1
201597BE03011,1,9,0,18,0,0,0,0,0,0,3,1,1,1,62,9,1896,2,6,-1,1,-1
201597BE70102,1,9,0,9,0,5,0,0,0,0,1,1,6,2,55,8,1560,2,3,-1,1,-1
201597BE70103,1,9,0,9,0,8,0,0,0,0,1,1,6,2,30,6,1560,2,1,-1,1,-1
201597BE70103,2,9,0,18,0,1,0,0,0,0,4,1,6,2,46,8,898,1,1,-1,1,-1
201597BE70105,1,9,0,6,0,0,0,0,0,0,1,1,6,2,24,5,1149,1,1,-1,1,-1
201597BE70105,2,9,0,18,0,0,0,0,2,2,4,1,6,2,40,7,1328,1,12,-1,1,-1
201597BE70106,1,9,0,7,0,8,0,0,0,0,1,1,6,2,44,7,1242,1,-1,-1,1,-1
201597BE70106,2,9,0,9,0,1,0,0,0,0,1,1,6,1,17,4,1686,2,12,-1,1,-1
201597BE70106,3,9,0,10,0,1,0,0,0,0,1,1,6,2,50,8,1783,1,13,-1,1,-1
201597BE70108,1,3,0,18,0,1,0,0,0,0,1,1,6,1,17,4,125,1,7,-1,3,-1
201597BE70108,2,9,0,10,0,1,0,0,0,0,2,1,6,2,31,6,1364,1,6,-1,1,-1
201597BE70112,1,9,0,18,0,0,0,0,0,0,1,1,6,1,69,10,1598,1,4,-1,1,-1
201597BE70201,1,9,0,18,0,0,1,0,0,0,1,1,6,1,41,7,1590,1,15,-1,1,-1
201597BE70205,1,9,0,18,0,1,0,0,0,0,3,1,3,1,35,6,1598,1,8,-1,1,-1
201597BE70211,1,9,0,18,0,1,0,0,0,0,1,1,6,3,-1,-1,1398,2,4,-1,-1,-1
201597BE70211,2,11,0,3,0,1,0,0,0,0,3,1,1,1,55,8,9360,2,7,-1,1,-1
201597BE70211,3,9,0,3,0,1,0,0,0,0,2,1,6,1,42,7,1598,2,1,-1,1,-1
201597BE70211,4,9,0,3,0,1,0,0,0,0,2,1,2,2,31,6,998,1,13,-1,1,-1
201597BE70211,5,9,0,4,0,1,0,0,0,0,2,1,1,2,35,6,2777,2,5,-1,1,-1
201597BE70309,1,9,0,18,0,0,0,0,0,0,1,1,6,2,79,11,1400,1,8,-1,1,-1
201597BE70312,1,9,0,18,0,1,0,0,0,0,1,1,6,1,38,7,2993,2,9,-1,1,-1
201597BE70312,2,1,0,18,0,1,0,0,1,0,4,1,6,1,31,6,-1,-1,-1,-1,1,-1
201597BF00104,1,9,0,9,0,1,0,0,0,0,1,1,6,1,23,5,998,1,3,-1,-1,-1
201597BF00104,2,9,0,18,0,1,0,0,7,11,1,1,1,1,52,8,-1,-1,-1,-1,1,-1
201597BF00105,1,5,0,4,0,1,1,0,0,0,1,1,2,1,31,6,599,1,12,-1,1,-1
201597BF00105,2,1,0,18,0,1,0,0,0,0,2,1,2,1,57,9,-1,-1,-1,-1,1,-1
201597BF00107,1,9,0,9,0,8,0,0,0,0,1,1,6,2,85,11,1149,1,6,-1,-1,-1
201597BF00107,2,9,0,3,0,8,0,0,0,0,3,1,6,1,63,9,1995,2,3,-1,-1,-1
201597BF00107,3,9,0,3,0,8,0,0,0,0,1,1,6,1,68,10,2179,2,3,-1,3,-1
201597BF00108,1,9,0,8,0,6,0,0,0,0,4,1,6,2,47,8,1229,1,6,-1,1,-1
201597BF00108,2,1,0,4,9,1,0,0,0,0,1,1,6,1,11,3,-1,-1,-1,-1,1,-1
201597BF00110,1,20,0,15,0,0,0,0,0,0,4,1,6,3,-1,-1,-1,-1,-1,-1,-1,-1
201597BF00110,2,1,0,18,0,0,0,0,0,0,3,1,6,1,58,9,-1,-1,-1,-1,1,-1
201597BF00201,1,9,0,18,0,0,0,0,0,0,4,1,6,3,40,7,-1,-1,-1,-1,-1,-1
201597BF00301,1,9,0,6,0,0,0,0,0,0,3,1,6,1,55,8,1596,1,11,-1,1,-1
201597BF00301,2,9,0,15,0,0,0,0,0,0,4,1,6,2,59,9,-1,-1,-1,-1,-1,-1
201597BF00303,1,9,0,1,0,0,0,0,0,0,2,1,6,2,63,9,1398,1,1,-1,1,-1
201597BF00309,1,9,0,13,0,0,0,0,0,0,1,1,6,1,28,6,1999,1,7,-1,1,-1
201597BF00309,2,9,0,18,0,0,0,0,0,0,1,1,6,1,20,4,1998,1,8,-1,2,-1
201597BF00309,3,19,0,18,0,0,0,0,0,0,1,1,2,1,53,8,2198,2,-1,-1,-1,-1
201597BF00309,4,9,0,18,0,0,0,0,0,0,4,1,2,2,47,8,1595,1,6,-1,-1,-1
201597BF00405,1,9,0,17,0,0,2,0,0,0,3,1,6,2,44,7,2200,2,21,-1,1,-1
201597BF00410,1,11,0,4,0,0,0,0,0,0,1,1,6,1,43,7,-1,-1,-1,-1,1,-1
201597BF00410,2,1,0,4,0,0,0,0,0,0,1,1,6,1,8,2,-1,-1,-1,-1,1,-1
201597BF00412,1,9,0,18,0,0,1,0,0,0,3,1,6,1,31,6,1229,1,3,-1,1,-1
201597BF00412,2,9,0,18,0,0,0,0,0,0,1,1,6,1,42,7,2993,2,2,-1,1,-1
201597BF00412,3,9,0,18,0,0,0,0,0,0,3,1,6,1,58,9,1968,2,-1,-1,1,-1
201597BF00510,1,9,0,7,0,8,0,0,0,0,4,1,6,1,30,6,-1,-1,-1,-1,-1,-1
201597BF00510,2,1,0,18,0,8,0,0,0,0,3,1,2,1,46,8,-1,-1,-1,-1,1,-1
201597BF00603,1,9,0,17,0,0,0,0,0,0,1,1,2,1,31,6,1896,2,9,-1,1,-1
201597BF00611,1,9,0,5,0,1,0,0,0,0,1,1,3,1,71,10,998,1,7,-1,2,-1
201597BF00612,1,9,0,18,0,0,0,0,0,0,1,1,3,1,68,10,2188,2,6,-1,1,-1
201597BF00612,2,9,0,3,0,0,0,0,0,0,2,1,3,2,37,7,1242,1,4,-1,3,-1
201597BF00701,1,9,0,9,9,5,0,0,0,0,1,1,2,1,62,9,1560,2,1,-1,1,-1
201597BF00703,1,9,0,1,9,6,0,0,0,0,2,1,6,2,65,9,1329,1,3,-1,1,-1
201597BF00806,1,9,0,18,0,8,0,0,0,0,4,1,6,1,28,6,-1,-1,-1,-1,-1,-1
201597BF00806,2,9,0,18,0,8,0,0,0,0,1,1,2,2,51,8,1997,1,3,-1,1,-1
201597BF00809,1,9,0,18,0,0,1,0,1,10,1,1,1,2,22,5,1248,1,6,-1,1,-1
201597BF00908,1,9,0,4,0,0,0,0,0,0,1,1,2,2,34,6,1248,1,1,-1,1,-1
201597BF00908,2,9,0,4,0,0,0,0,0,0,2,1,2,2,46,8,1349,1,1,-1,1,-1
201597BF01004,1,9,0,18,0,1,0,0,0,0,1,1,6,2,50,8,1598,1,9,-1,1,-1
201597BF01004,2,9,0,18,0,1,5,0,0,0,4,1,6,1,35,6,998,1,7,-1,1,-1
201597BF01008,1,9,0,4,0,1,0,0,0,0,1,1,6,2,45,7,1397,1,7,-1,1,-1
201597BF01008,2,9,0,4,0,1,0,0,0,0,2,1,6,1,36,7,1796,1,4,-1,-1,-1
201597BF01011,1,9,0,18,0,0,0,0,0,0,1,1,6,1,-1,-1,1108,1,9,-1,1,-1
201597BF01011,2,9,0,3,0,0,0,0,0,0,2,1,6,2,23,5,1396,1,6,-1,1,-1
201597BF01101,1,9,0,17,0,0,1,0,1,5,3,2,2,2,19,4,1229,1,7,-1,1,-1
201597BF01105,1,9,0,14,0,0,0,0,0,0,4,1,6,1,66,10,1997,2,-1,-1,1,-1
201597BF01205,1,9,0,18,0,0,0,0,0,0,4,1,6,3,28,6,-1,-1,-1,-1,-1,-1
201597BF01301,1,9,0,18,0,4,0,0,0,0,1,1,6,1,19,4,1398,1,1,-1,1,-1
201597BF01301,2,5,0,18,0,3,0,0,0,0,1,1,6,1,22,5,487,1,9,-1,1,-1
201597BF01304,1,19,0,18,0,1,0,0,0,0,1,1,1,1,40,7,2198,2,2,-1,1,-1
201597BF01304,2,8,0,14,0,1,0,0,0,0,3,1,2,1,60,9,1598,2,3,-1,1,-1
201597BF01308,1,17,4,17,0,1,0,0,1,0,1,1,1,2,19,4,-1,2,8,-1,-1,-1
201597BF01309,1,9,0,9,0,6,0,0,0,0,4,1,6,2,45,7,1988,1,12,-1,1,-1
201597BF01310,1,9,0,9,0,0,0,0,1,11,1,1,2,1,48,8,-1,-1,-1,-1,2,-1
201597BF01503,1,9,0,18,0,0,0,0,0,0,4,1,6,1,38,7,2497,2,6,-1,1,-1
201597BF01512,1,9,0,10,0,1,0,0,0,0,3,1,6,1,73,10,3969,1,15,-1,1,-1