Accident_Index,Vehicle_Reference,Vehicle_Type,Towing_and_Articulation,Vehicle_Manoeuvre,Vehicle_Location-Restricted_Lane,Junction_Location,Skidding_and_Overturning,Hit_Object_in_Carriageway,Vehicle_Leaving_Carriageway,Hit_Object_off_Carriageway,1st_Point_of_Impact,Was_Vehicle_Left_Hand_Drive?,Journey_Purpose_of_Driver,Sex_of_Driver,Age_of_Driver,Age_Band_of_Driver,Engine_Capacity_(CC),Propulsion_Code,Age_of_Vehicle,Driver_IMD_Decile,Driver_Home_Area_Type,Vehicle_IMD_Decile
201597BF01512,2,9,0,18,0,1,0,0,0,0,1,1,6,2,19,4,1149,1,8,-1,1,-1
201597BF01605,1,9,0,17,0,0,0,0,7,11,4,1,6,1,58,9,1895,1,14,-1,3,-1
201597BF01605,2,9,0,18,0,0,1,0,0,0,1,1,6,1,48,8,1364,1,6,-1,1,-1
201597BF01611,1,9,0,18,0,1,0,0,0,0,1,1,6,3,-1,-1,-1,-1,-1,-1,-1,-1
201597BF01707,1,9,0,18,0,1,0,0,0,0,1,1,6,3,40,7,-1,-1,-1,-1,-1,-1
201597BF01707,2,1,0,9,0,4,0,0,0,0,1,1,6,1,16,4,-1,-1,-1,-1,1,-1
201597BF01708,1,19,0,18,0,0,2,0,1,1,4,1,6,1,38,7,2402,2,4,-1,1,-1
201597BF01709,1,9,0,16,0,0,0,0,0,0,1,1,6,2,79,11,1229,1,3,-1,2,-1
201597BF01709,2,9,0,18,0,0,0,0,0,0,3,1,6,2,50,8,1598,1,2,-1,-1,-1
201597BF01804,1,9,0,18,0,0,0,0,0,0,1,1,6,2,41,7,1598,1,11,-1,1,-1
201597BF01804,2,9,0,18,0,0,0,0,0,0,1,1,6,1,60,9,1598,1,5,-1,1,-1
201597BF01805,1,9,0,18,0,0,1,0,0,0,1,1,6,1,24,5,-1,-1,-1,-1,1,-1
201597BF01805,2,9,0,4,0,0,0,0,0,0,1,1,1,1,54,8,-1,-1,-1,-1,2,-1
201597BF01807,1,9,0,18,0,0,0,0,0,0,1,1,6,1,20,4,1124,1,12,-1,3,-1
201597BF01807,2,9,0,18,0,0,0,0,0,0,1,1,2,1,26,6,1598,1,2,-1,1,-1
201597BF01808,1,19,0,18,0,8,0,0,0,0,1,1,1,1,43,7,1461,2,3,-1,1,-1
201597BF01808,2,9,0,18,0,8,5,0,0,0,4,1,6,1,59,9,-1,-1,-1,-1,1,-1
201597BF01902,1,9,0,18,0,0,0,0,0,0,1,1,6,2,25,5,-1,-1,-1,-1,-1,-1
201597BF01907,1,9,0,16,0,1,0,0,0,0,1,1,6,1,53,8,3471,1,7,-1,3,-1
201597BF01907,2,9,0,16,0,1,0,0,0,0,4,1,6,1,35,6,2700,1,12,-1,-1,-1
201597BF01907,3,9,0,3,0,1,0,0,0,0,2,1,1,1,32,6,1398,1,-1,-1,3,-1
201597BF01908,1,1,0,7,0,3,0,0,0,4,1,1,2,2,31,6,-1,-1,-1,-1,-1,-1
201597BF01908,2,9,0,18,0,4,0,0,0,0,1,1,6,2,63,9,1998,1,2,-1,1,-1
201597BF02001,1,9,0,5,0,0,0,0,0,0,3,1,6,2,80,11,-1,-1,-1,-1,1,-1
201597BF02001,2,9,0,18,0,0,0,0,0,0,4,1,6,2,41,7,1896,2,6,-1,1,-1
201597BF02003,1,9,0,18,0,0,0,0,0,0,1,1,6,2,40,7,1560,2,2,-1,1,-1
201597BF02003,2,9,0,18,0,0,0,0,0,0,1,1,6,2,47,8,1968,2,6,-1,1,-1
201597BF02005,1,9,0,1,9,0,0,0,0,11,2,1,6,2,62,9,1461,2,1,-1,-1,-1
201597BF02005,2,9,0,2,9,0,0,0,0,0,1,1,6,2,45,7,1598,1,15,-1,1,-1
201597BF02104,1,9,0,2,0,0,0,0,0,0,3,1,6,2,44,7,-1,-1,-1,-1,1,-1
201597BF02104,2,1,0,18,0,0,0,0,0,0,1,1,6,2,30,6,-1,-1,-1,-1,1,-1
201597BF02105,1,9,0,17,0,0,0,0,1,1,1,1,6,1,24,5,1197,1,4,-1,1,-1
201597BF02203,1,9,0,7,0,1,0,0,0,0,1,1,1,1,57,9,-1,-1,-1,-1,1,-1
201597BF02203,2,5,0,18,0,1,1,0,0,0,3,1,6,1,44,7,1700,1,1,-1,2,-1
201597BF02302,1,9,0,18,0,8,0,0,0,0,4,1,2,2,35,6,1329,1,1,-1,1,-1
201597BF02303,1,9,0,18,0,2,0,0,0,0,1,1,1,1,43,7,1398,1,1,-1,1,-1
201597BF02303,2,5,0,18,0,1,0,0,0,0,4,1,6,1,53,8,1293,1,1,-1,1,-1
201597BF02304,1,9,0,18,0,1,0,0,0,0,1,1,6,1,54,8,1598,2,2,-1,1,-1
201597BF02304,2,9,0,9,0,1,0,0,0,0,1,1,6,1,23,5,-1,-1,-1,-1,1,-1
201597BF02406,1,9,0,16,0,0,0,0,0,0,0,1,6,1,40,7,1398,1,13,-1,1,-1
201597BF02406,2,1,0,17,0,0,1,10,1,4,1,1,6,1,49,8,-1,-1,-1,-1,3,-1
201597BF02506,1,9,0,10,0,4,0,0,0,0,1,1,6,1,49,8,1896,2,9,-1,3,-1
201597BF02506,2,1,0,10,0,4,0,0,0,0,2,1,6,1,45,7,-1,-1,-1,-1,1,-1
201597BF02509,1,9,0,16,0,0,1,0,7,11,1,1,6,1,21,5,1799,1,8,-1,1,-1
201597BF02707,1,9,0,7,0,1,0,0,0,0,3,1,6,1,73,10,1598,1,13,-1,1,-1
201597BF02707,2,11,0,18,0,1,0,0,0,0,1,1,6,1,47,8,-1,-1,-1,-1,-1,-1
201597BF02903,1,19,0,18,0,8,0,0,3,0,1,1,1,1,23,5,2198,2,2,-1,1,-1
201597BF02903,2,9,0,18,0,8,0,0,7,0,3,1,6,2,34,6,1248,1,3,-1,1,-1
201597BF02905,1,19,0,13,0,1,0,0,0,0,3,1,6,3,40,7,-1,-1,-1,-1,-1,-1
201597BF02905,2,1,0,18,0,1,0,0,0,0,3,1,6,1,32,6,-1,-1,-1,-1,1,-1
201597BF03001,1,9,0,9,0,5,0,0,0,0,1,1,6,1,65,9,-1,-1,-1,-1,-1,-1
201597BF03001,2,9,0,18,0,2,0,0,0,0,1,1,1,2,22,5,1242,1,1,-1,-1,-1
201597BF03003,1,9,0,3,0,0,0,0,0,0,0,1,6,2,20,4,1956,2,1,-1,1,-1
201597BF03003,2,9,0,3,0,0,0,0,0,0,2,1,6,1,72,10,1798,1,5,-1,1,-1
201597BF03008,1,5,0,16,0,8,1,0,0,0,1,1,6,1,30,6,645,1,12,-1,-1,-1
201597BF03008,2,20,0,9,0,6,0,0,0,0,3,1,1,1,42,7,4461,2,4,-1,1,-1
201597BF03011,1,9,0,4,0,1,0,0,0,0,1,1,6,1,83,11,1149,1,5,-1,1,-1
201597BF03107,1,9,0,16,0,0,0,0,0,0,1,1,6,1,27,6,1199,7,10,-1,1,-1
201597BF03107,2,9,0,17,0,0,0,0,0,0,1,1,6,2,61,9,1968,2,1,-1,-1,-1
201597BF03201,1,1,0,9,0,3,0,0,0,0,0,1,6,3,20,4,-1,-1,-1,-1,-1,-1
201597BF03201,2,11,0,5,0,4,0,0,0,0,0,1,1,1,51,8,7300,2,9,-1,1,-1
201597BF03206,1,9,0,17,0,8,5,0,3,11,1,1,1,1,28,6,1560,2,3,-1,1,-1
201597BF03403,1,9,0,18,0,0,0,0,0,0,0,1,4,2,48,8,1798,1,1,-1,3,-1
201597BF03408,1,9,0,3,0,1,1,0,0,0,1,1,6,2,19,4,1398,1,-1,-1,1,-1
201597BF03408,2,19,0,3,0,1,1,0,0,0,2,1,1,1,56,9,2143,2,-1,-1,1,-1
201597BF03504,1,9,4,18,0,1,1,0,0,0,1,1,1,1,20,4,3200,2,13,-1,3,-1
201597BF03504,2,9,0,3,0,1,0,0,0,0,2,1,6,1,32,6,4395,1,2,-1,1,-1
201597BF03504,3,9,0,9,0,1,0,0,0,0,2,1,6,1,35,6,1598,1,8,-1,1,-1
201597BF03506,1,9,0,16,0,0,1,0,7,3,1,1,3,2,26,6,1596,1,14,-1,2,-1
201597BF03511,1,9,0,16,0,8,1,0,0,0,1,1,2,2,30,6,1968,2,4,-1,1,-1
201597BF03512,1,9,0,17,0,0,1,4,2,7,2,1,6,1,17,4,1149,1,4,-1,1,-1
201597BF03512,2,9,0,1,0,0,0,0,0,0,1,1,6,2,33,6,2979,1,15,-1,1,-1
201597BF03610,1,9,0,10,0,1,0,0,0,0,1,1,6,1,46,8,-1,-1,-1,-1,3,-1
201597BF03610,2,9,0,18,0,1,0,0,0,0,1,1,6,2,30,6,1198,1,4,-1,1,-1
201597BF03701,1,9,0,9,0,6,0,0,0,0,1,1,6,2,48,8,-1,-1,-1,-1,1,-1
201597BF03701,2,1,0,18,0,1,0,0,0,0,4,1,6,1,44,7,-1,-1,-1,-1,1,-1
201597BF03703,1,9,0,5,0,6,0,0,0,0,1,1,6,1,46,8,2401,2,6,-1,1,-1
201597BF03703,2,9,0,18,0,8,1,4,0,0,4,1,6,2,60,9,1596,1,1,-1,1,-1
201597BF03703,3,9,0,2,6,2,0,0,0,0,3,1,1,1,37,7,-1,-1,-1,-1,1,-1
201597BF03808,1,9,0,18,0,1,0,0,0,0,1,1,6,1,22,5,-1,-1,-1,-1,-1,-1
201597BF03808,2,1,0,18,0,1,5,0,0,0,3,1,2,1,37,7,-1,-1,-1,-1,2,-1
201597BF03903,1,9,0,18,0,0,0,0,0,0,1,1,6,1,18,4,1599,1,6,-1,1,-1
201597BF03903,2,9,0,3,0,0,0,0,0,0,2,1,2,2,27,6,1596,1,5,-1,-1,-1
201597BF04003,1,19,0,18,0,5,0,0,0,0,1,1,6,1,28,6,2298,2,5,-1,-1,-1
201597BF04006,1,9,0,18,0,1,0,0,1,0,1,1,6,1,45,7,1598,1,11,-1,-1,-1
201597BF04006,2,9,0,4,0,1,0,0,0,0,2,1,6,1,36,7,1560,2,4,-1,1,-1
201597BF04011,1,9,0,9,0,1,0,0,0,0,3,1,6,2,55,8,1598,1,-1,-1,1,-1
201597BF04101,1,9,0,16,0,0,1,0,0,7,0,1,6,1,52,8,1956,2,1,-1,1,-1
201597BF04110,1,9,0,5,0,1,0,0,0,0,1,1,6,1,20,4,1242,1,-1,-1,1,-1
201597BF04110,2,9,0,18,0,8,0,0,0,0,1,1,6,2,57,9,999,1,6,-1,2,-1
201597BF04204,1,9,0,18,0,1,5,0,0,0,1,1,6,1,21,5,1461,2,10,-1,1,-1
201597BF04301,1,19,0,5,0,4,0,0,0,0,1,1,6,1,29,6,-1,-1,-1,-1,1,-1
201597BF04301,2,9,0,18,0,3,0,0,0,0,4,1,6,2,30,6,1388,1,6,-1,-1,-1
201597BF04303,1,9,0,2,0,0,0,0,0,0,4,1,6,1,50,8,-1,-1,-1,-1,-1,-1
201597BF04303,2,1,0,18,0,0,0,4,0,0,1,1,6,1,19,4,-1,-1,-1,-1,1,-1
201597BF04308,1,9,0,7,4,1,0,0,0,0,1,1,6,1,54,8,1968,2,11,-1,3,-1
201597BF04308,2,9,0,9,0,1,0,0,0,0,2,1,6,2,62,9,1108,1,14,-1,1,-1
201597BF04506,1,9,0,18,0,1,5,0,0,3,1,1,6,1,19,4,1598,1,7,-1,1,-1
201597BF04506,2,9,0,10,0,1,0,0,0,0,2,1,6,2,42,7,1360,1,4,-1,3,-1
201597BF04610,1,9,0,8,0,1,0,0,0,0,1,1,6,1,62,9,-1,-1,-1,-1,1,-1
201597BF04610,2,9,0,6,0,1,0,0,0,0,1,1,6,1,55,8,-1,-1,-1,-1,1,-1
201597BF04611,1,9,0,17,0,2,1,0,7,1,3,1,1,1,28,6,1229,1,7,-1,2,-1
201597BF70103,1,5,0,13,0,0,1,0,7,4,1,1,6,1,46,8,599,1,8,-1,3,-1
201597BF70103,2,9,0,18,0,0,0,0,0,0,1,1,6,1,50,8,1198,1,8,-1,1,-1
201597BF70103,3,9,0,18,0,0,0,0,0,0,0,1,6,1,45,7,1798,1,5,-1,1,-1
201597BF70107,1,9,0,10,0,1,0,0,0,0,1,1,6,2,31,6,1968,2,8,-1,1,-1
201597BF70107,2,9,0,18,0,1,0,0,0,4,1,1,6,1,42,7,1598,2,-1,-1,-1,-1
201597BF70109,1,9,0,17,0,0,0,0,7,11,1,1,2,1,45,7,1995,2,3,-1,3,-1
201597BF70110,1,21,1,18,0,0,0,0,0,0,1,1,1,1,43,7,12740,2,-1,-1,1,-1
201597BF70110,2,9,0,18,0,0,0,0,0,0,2,1,6,2,51,8,1149,1,2,-1,1,-1
201597BF70110,3,9,0,18,0,0,0,0,0,0,2,1,6,2,33,6,1398,1,-1,-1,1,-1
201597BF70110,4,19,0,18,0,0,0,0,0,0,2,1,6,3,50,8,2464,2,6,-1,-1,-1
201597GA00103,1,9,0,4,0,1,0,0,0,0,1,1,3,1,19,4,1560,2,3,-1,3,-1
201597GA00103,2,9,0,4,0,1,0,0,0,0,2,1,6,2,31,6,1242,1,2,-1,1,-1
201597GA00209,1,9,0,18,0,8,0,0,0,0,3,1,1,1,35,6,998,1,-1,-1,1,-1
201597GA00209,2,9,0,5,0,8,0,0,0,0,4,1,1,1,40,7,1242,1,3,-1,1,-1
201597GA00302,1,9,0,4,0,1,1,0,1,0,1,1,2,1,21,5,1242,1,9,-1,1,-1
201597GA00302,2,9,0,5,0,1,0,0,0,0,2,1,6,1,18,4,-1,-1,-1,-1,1,-1
201597GA00306,1,9,0,18,0,0,0,0,0,0,1,1,6,1,66,10,898,1,1,-1,1,-1
201597GA00307,1,19,0,11,0,5,0,0,0,0,4,1,1,1,50,8,1598,2,8,-1,1,-1
201597GA00307,2,21,0,18,0,1,0,0,0,0,3,1,1,1,65,9,9200,2,13,-1,1,-1
201597GA00408,1,9,0,18,0,0,0,0,0,0,1,1,1,1,43,7,-1,-1,-1,-1,-1,-1
201597GA00501,1,9,0,18,0,0,0,0,0,0,1,1,2,2,21,5,998,1,1,-1,1,-1
201597GA00501,2,9,0,18,0,0,0,0,0,0,2,1,6,1,30,6,1560,2,2,-1,1,-1
201597GA00508,1,9,0,18,0,1,0,0,1,1,1,1,1,1,57,9,1968,2,-1,-1,-1,-1
201597GA00508,2,9,0,18,0,1,0,0,0,0,1,1,2,1,64,9,1590,1,12,-1,3,-1
201597GA00511,1,9,0,9,0,1,0,0,0,0,1,2,6,1,27,6,1598,1,10,-1,1,-1
201597GA00601,1,9,0,9,0,8,0,10,4,6,4,1,6,2,58,9,1149,1,1,-1,1,-1
201597GA00601,2,9,0,18,0,8,0,0,0,0,1,1,6,1,22,5,1896,2,11,-1,-1,-1
201597GA00701,1,90,0,5,0,2,0,0,0,0,1,1,1,1,33,6,-1,-1,-1,-1,1,-1
201597GA00704,1,9,0,13,0,0,0,0,0,0,1,1,6,3,40,7,-1,-1,-1,-1,-1,-1
201597GA00704,2,9,0,18,0,0,0,0,0,0,1,1,2,1,50,8,2351,1,13,-1,1,-1
201597GA00705,1,21,5,3,0,1,0,0,0,0,2,1,1,1,25,5,6870,2,4,-1,3,-1
201597GA00708,1,9,0,18,0,0,0,0,0,0,1,1,6,2,53,8,1461,2,-1,-1,3,-1
201597GA00708,2,9,0,18,0,0,0,0,0,0,2,1,6,1,56,9,-1,-1,-1,-1,1,-1
201597GA00708,3,9,0,18,0,0,0,0,0,0,1,1,6,1,28,6,2993,2,-1,-1,1,-1
201597GA00711,1,9,0,12,0,0,0,0,0,0,3,1,2,1,29,6,1461,2,-1,-1,1,-1
201597GA00711,2,19,0,18,0,0,0,0,0,0,4,1,2,1,24,5,1995,2,8,-1,1,-1
201597GA00711,3,9,0,18,0,0,0,0,0,0,3,1,6,2,32,6,1461,2,6,-1,-1,-1
201597GA00802,1,9,0,18,0,8,0,0,0,0,1,1,6,2,19,4,1242,1,3,-1,1,-1
201597GA00803,1,9,0,5,0,0,0,0,0,0,1,1,3,2,33,6,1598,2,1,-1,1,-1
201597GA00804,1,9,0,12,0,1,0,0,0,0,1,1,6,1,27,6,1968,2,8,-1,1,-1
201597GA00804,2,8,0,3,0,1,0,0,0,0,2,1,6,1,46,8,1896,2,7,-1,1,-1
201597GA00804,3,9,0,3,0,1,0,0,0,0,2,1,6,1,58,9,1968,2,3,-1,3,-1
201597GA00902,1,9,0,18,0,8,0,0,3,5,1,1,6,2,30,6,1229,1,8,-1,1,-1
201597GA00905,1,9,0,18,0,6,0,0,0,0,3,1,6,2,62,9,1598,1,2,-1,1,-1
201597GA00905,2,9,0,18,0,8,0,0,0,0,1,1,6,1,50,8,1582,2,1,-1,1,-1
201597GA00907,1,9,0,4,0,0,0,0,0,0,1,1,2,2,29,6,1598,1,6,-1,1,-1
201597GA00907,2,9,0,4,0,0,0,0,0,0,2,1,6,2,55,8,1461,2,2,-1,1,-1
201597GA00907,3,9,0,3,0,0,0,0,0,0,2,1,6,2,53,8,1997,2,7,-1,3,-1
201597GA01001,1,9,0,7,0,5,0,0,0,0,3,1,6,1,62,9,1560,2,2,-1,1,-1
201597GA01002,1,9,0,3,0,0,0,0,0,0,1,1,6,2,37,7,1998,2,5,-1,1,-1
201597GA01002,2,9,0,3,0,0,0,0,0,0,2,1,2,1,29,6,1995,1,12,-1,1,-1
201597GA01005,1,9,0,4,0,1,0,0,0,0,1,1,6,1,30,6,-1,-1,-1,-1,-1,-1
201597GA01005,2,9,0,2,0,1,0,0,0,0,2,1,6,2,24,5,1229,1,8,-1,1,-1
201597GA01006,1,9,0,18,0,0,0,0,0,0,1,1,6,2,46,8,1242,1,4,-1,1,-1
201597GA01006,2,9,0,3,0,0,0,0,0,0,2,1,2,1,23,5,999,1,-1,-1,1,-1
201597GA01008,1,9,0,18,0,8,0,0,0,0,1,1,6,1,48,8,1248,1,6,-1,3,-1
201597GA01008,2,9,0,18,0,2,0,0,0,0,3,1,6,1,59,9,1560,2,2,-1,1,-1
201597GA01103,1,9,0,3,0,1,0,0,0,0,1,1,6,1,23,5,1896,2,8,-1,1,-1
201597GA01103,2,9,0,15,0,1,0,0,0,0,3,1,6,1,51,8,1999,1,11,-1,1,-1
201597GA01109,1,9,0,9,0,1,0,0,0,0,4,1,1,2,57,9,1242,1,1,-1,1,-1
201597GA01109,2,9,0,18,0,1,0,0,0,0,3,1,6,1,52,8,1596,1,1,-1,-1,-1
201597GA01110,1,9,0,9,0,1,0,0,0,0,1,1,1,1,54,8,-1,-1,-1,-1,3,-1
201597GA01110,2,9,0,18,0,1,0,0,0,0,0,1,6,1,27,6,998,1,15,-1,1,-1
201597GA01205,1,9,0,11,0,1,0,0,0,0,0,1,6,3,40,7,1398,2,1,-1,1,-1
201597GA01205,2,11,0,4,0,1,0,0,0,0,0,1,1,2,46,8,7300,2,9,-1,-1,-1
201597GA01209,1,9,0,9,0,2,0,0,0,0,4,1,2,1,27,6,1390,1,12,-1,1,-1
201597GA01209,2,1,0,18,0,1,0,0,0,0,3,1,2,1,37,7,-1,-1,-1,-1,1,-1
201597GA01211,1,9,0,18,0,0,0,0,0,0,0,1,1,1,32,6,1388,1,7,-1,1,-1
201597GA01211,2,4,0,18,0,0,0,0,0,0,1,1,6,1,29,6,125,1,1,-1,1,-1
201597GA01212,1,9,0,9,0,0,1,0,0,7,1,1,6,1,18,4,1586,1,-1,-1,-1,-1
201597GA01303,1,9,0,18,0,8,0,0,0,0,1,1,6,2,18,4,998,1,8,-1,1,-1
201597GA01303,2,19,0,18,0,8,0,0,0,0,4,1,2,1,58,9,2148,2,8,-1,1,-1
201597GA01306,1,11,0,9,0,1,0,0,0,7,3,1,1,1,60,9,-1,-1,-1,-1,-1,-1
201597GA01503,1,9,0,18,0,1,0,4,0,0,1,1,6,1,45,7,2496,2,13,-1,1,-1
201597GA01503,2,9,0,3,0,1,0,0,0,0,2,1,6,1,41,7,2143,2,5,-1,3,-1
201597GA01504,1,9,0,18,0,6,0,0,0,0,1,1,1,1,19,4,1388,1,6,-1,1,-1
201597GA01504,2,9,0,18,0,8,0,0,0,0,1,1,2,1,44,7,1198,1,3,-1,1,-1
201597GA01509,1,9,0,10,0,6,0,0,0,0,3,1,6,2,25,5,1229,1,4,-1,1,-1
201597GA01509,2,3,0,18,0,8,0,0,0,0,4,1,6,1,17,4,124,1,-1,-1,1,-1
201597GA01601,1,9,0,9,0,1,0,0,0,0,3,1,6,2,27,6,998,1,3,-1,1,-1
201597GA01601,2,9,0,9,0,1,0,0,0,0,3,1,6,1,43,7,1896,2,6,-1,-1,-1
201597GA01606,1,19,0,18,0,8,1,0,0,0,1,1,6,1,67,10,2464,2,6,-1,3,-1
201597GA01606,2,9,0,5,0,8,0,0,0,0,3,1,6,1,41,7,2204,2,11,-1,1,-1
201597GA01607,1,19,0,18,0,8,0,0,0,0,4,1,1,1,50,8,2298,2,5,-1,1,-1
201597GA01610,1,11,0,18,2,0,0,0,0,0,1,1,1,2,26,6,4461,2,-1,-1,1,-1
201597GA01707,1,4,0,18,0,0,0,0,0,0,4,1,1,1,32,6,124,1,6,-1,1,-1
201597GA01710,1,2,0,18,0,1,0,0,1,0,1,1,6,1,21,5,125,1,-1,-1,1,-1
201597GA01710,2,9,0,2,0,2,0,0,0,0,2,1,6,3,30,6,1968,2,4,-1,-1,-1
201597GA01712,1,9,0,18,0,0,0,0,0,0,2,1,6,1,90,11,999,1,6,-1,1,-1
201597GA01712,2,9,0,18,0,0,0,0,0,0,2,1,6,2,45,7,2777,2,7,-1,1,-1
201597GA01712,3,9,0,3,0,0,0,0,0,0,0,1,6,2,26,6,1896,2,9,-1,1,-1
201597GA01805,1,9,0,18,0,8,0,0,0,0,4,1,6,1,23,5,1242,1,-1,-1,1,-1
201597GA01805,2,8,0,18,0,8,0,0,0,0,1,1,1,1,57,9,1956,2,4,-1,1,-1
201597GA01902,1,9,0,18,0,0,0,0,0,0,1,1,6,1,65,9,1199,1,1,-1,1,-1
201597GA01902,2,9,0,3,0,0,0,0,0,0,2,1,6,2,34,6,1582,2,2,-1,1,-1
201597GA01902,3,9,0,3,0,0,0,0,0,0,2,1,6,2,48,8,1398,1,3,-1,1,-1
201597GA01908,1,9,0,18,0,6,0,0,0,0,3,1,2,2,45,7,2495,1,13,-1,1,-1
201597GA01908,2,9,0,18,0,1,0,0,0,0,1,1,2,1,37,7,1149,1,14,-1,2,-1
201597GA01909,1,9,0,9,0,0,0,0,0,0,1,1,6,3,30,6,-1,-1,-1,-1,-1,-1
201597GA01909,2,9,0,9,0,0,0,0,0,0,2,1,6,2,21,5,1229,1,1,-1,-1,-1
201597GA02008,1,9,0,4,0,0,0,0,0,0,1,1,6,2,37,7,998,1,6,-1,1,-1
201597GA02008,2,9,0,4,0,0,0,0,0,0,2,1,6,2,29,6,998,1,8,-1,1,-1
201597GA02008,3,9,0,4,0,0,0,0,0,0,2,1,6,1,60,9,1956,2,1,-1,1,-1
201597GA02011,1,11,0,3,0,1,0,0,0,0,0,1,1,1,55,8,7300,2,13,-1,1,-1
201597GA02201,1,9,0,18,0,1,0,0,0,0,1,1,6,1,28,6,1240,1,12,-1,1,-1
201597GA02201,2,9,0,5,0,2,1,0,0,0,1,1,6,1,58,9,1794,1,12,-1,1,-1
201597GA02204,1,9,0,18,0,0,0,0,0,0,4,1,6,1,35,6,-1,-1,-1,-1,-1,-1
201597GA02207,1,3,0,17,0,0,1,4,0,0,1,1,6,1,22,5,102,1,8,-1,1,-1
201597GA02207,2,9,0,2,0,0,0,0,0,0,2,1,6,3,30,6,2720,2,8,-1,-1,-1
201597GA02209,1,19,0,2,0,0,0,0,0,0,3,1,2,1,48,8,1461,2,1,-1,1,-1
201597GA02209,2,1,0,18,0,0,0,4,0,0,1,1,2,1,40,7,-1,-1,-1,-1,1,-1
201597GA02211,1,9,0,18,0,0,0,0,0,0,1,1,6,1,65,9,1956,2,3,-1,1,-1
201597GA02302,1,9,0,8,0,2,0,0,0,0,1,1,1,1,50,8,2143,2,2,-1,1,-1
201597GA02302,2,1,0,3,0,2,0,0,0,0,2,1,1,1,41,7,-1,-1,-1,-1,3,-1
201597GA02308,1,9,0,5,0,0,0,0,0,0,1,1,6,2,56,9,1590,1,3,-1,1,-1
201597GA02308,2,9,0,5,0,0,0,0,0,0,2,1,6,2,46,8,1560,2,-1,-1,1,-1
201597GA02310,1,19,0,5,0,1,0,0,0,0,1,1,6,1,50,8,1560,2,3,-1,1,-1
201597GA02310,2,1,0,18,0,1,0,0,0,0,2,1,1,1,31,6,-1,-1,-1,-1,1,-1
201597GA02410,1,9,0,18,0,0,0,0,0,0,1,1,6,3,40,7,2993,2,7,-1,1,-1
201597GA02410,2,9,0,18,0,0,0,0,1,4,2,1,6,2,50,8,1124,1,5,-1,1,-1
201597GA02511,1,9,0,18,0,1,0,0,0,0,1,1,6,1,28,6,-1,-1,-1,-1,-1,-1
201597GA02511,2,9,0,18,0,1,0,0,0,0,2,2,2,2,34,6,1910,2,9,-1,1,-1
201597GA02601,1,9,0,9,0,6,0,0,0,0,3,1,6,1,38,7,1461,2,2,-1,-1,-1
201597GA02601,2,9,0,18,0,1,0,0,0,0,1,1,1,1,61,9,1600,1,17,-1,1,-1
201597GA02605,1,9,0,18,0,0,0,0,0,0,4,1,6,1,25,5,1248,1,2,-1,1,-1
201597GA02607,1,9,0,18,0,1,0,0,0,0,1,1,6,2,30,6,1995,1,4,-1,1,-1
201597GA02607,2,9,0,4,0,1,0,0,0,0,2,1,6,1,34,6,1995,2,5,-1,1,-1
201597GA02608,1,9,0,9,0,1,0,0,0,0,1,1,6,2,49,8,1956,2,3,-1,1,-1
201597GA02608,2,1,0,18,0,1,0,0,0,0,1,1,6,1,27,6,-1,-1,-1,-1,1,-1
201597GA02711,1,9,0,13,0,0,0,0,0,0,3,1,1,1,45,7,1896,2,5,-1,1,-1
201597GA02711,2,9,0,18,0,0,0,0,0,0,3,1,6,1,47,8,-1,-1,-1,-1,1,-1
201597GA02802,1,8,0,7,0,3,0,0,0,0,4,1,1,1,39,7,1560,2,3,-1,1,-1
201597GA02803,1,9,0,4,0,0,0,0,0,0,1,1,6,1,30,6,1363,2,12,-1,1,-1
201597GA02803,2,9,0,3,0,0,0,0,0,0,2,1,6,1,49,8,1461,2,11,-1,1,-1
201597GA02805,1,9,0,14,0,0,0,4,0,0,1,1,6,1,28,6,1242,1,12,-1,1,-1
201597GA02805,2,9,0,2,0,0,0,0,0,0,1,1,6,1,28,6,1339,1,6,-1,1,-1
201597GA02805,3,9,0,2,0,0,0,0,0,0,3,1,6,2,28,6,1591,1,7,-1,1,-1
201597GA02812,1,9,0,18,0,1,0,0,0,0,1,1,6,2,19,4,1229,1,-1,-1,1,-1
201597GA02812,2,9,0,3,0,1,0,0,0,0,2,1,6,2,45,7,1596,1,10,-1,1,-1
201597GA02812,3,9,0,3,0,2,0,0,0,0,2,1,2,1,42,7,3999,1,6,-1,1,-1
201597GA02901,1,9,0,10,0,1,0,0,0,0,1,1,3,1,47,8,1685,2,3,-1,1,-1
201597GA02901,2,9,0,18,0,1,0,0,0,0,3,1,2,2,28,6,1124,1,14,-1,1,-1
201597GA02910,1,9,0,7,0,6,0,0,0,0,1,1,6,1,43,7,1149,1,11,-1,1,-1
201597GA02910,2,9,0,18,0,1,0,0,0,0,3,1,6,2,20,4,1229,1,4,-1,1,-1
201597GA02912,1,11,0,18,0,8,0,11,0,1,4,1,1,1,40,7,4461,2,1,-1,-1,-1
201597GA03002,1,3,0,13,0,0,1,0,1,0,4,1,6,1,24,5,125,1,3,-1,1,-1
201597GA03002,2,17,0,9,0,0,0,0,0,0,3,1,1,1,50,8,4400,2,7,-1,1,-1
201597GA03101,1,9,0,18,0,0,0,0,0,0,1,1,6,2,52,8,1299,1,7,-1,-1,-1
201597GA03106,1,5,0,18,0,8,5,0,1,0,1,1,6,1,34,6,1000,1,1,-1,3,-1
201597GA03106,2,9,0,18,0,8,0,0,0,0,1,1,6,1,32,6,1598,1,7,-1,1,-1
201597GA03108,1,19,0,4,0,0,0,0,0,0,1,1,6,1,40,7,2148,2,8,-1,3,-1