Accident_Index,Vehicle_Reference,Vehicle_Type,Towing_and_Articulation,Vehicle_Manoeuvre,Vehicle_Location-Restricted_Lane,Junction_Location,Skidding_and_Overturning,Hit_Object_in_Carriageway,Vehicle_Leaving_Carriageway,Hit_Object_off_Carriageway,1st_Point_of_Impact,Was_Vehicle_Left_Hand_Drive?,Journey_Purpose_of_Driver,Sex_of_Driver,Age_of_Driver,Age_Band_of_Driver,Engine_Capacity_(CC),Propulsion_Code,Age_of_Vehicle,Driver_IMD_Decile,Driver_Home_Area_Type,Vehicle_IMD_Decile
201597GB22306,1,9,0,18,0,8,0,0,0,0,0,1,1,2,52,8,1598,1,9,-1,1,-1
201597GB22306,2,4,0,18,0,8,0,0,0,0,0,1,6,1,33,6,750,1,14,-1,1,-1
201597GB22308,1,8,0,5,0,0,0,0,0,0,0,1,1,1,40,7,-1,-1,-1,-1,-1,-1
201597GB22310,1,9,0,5,0,6,0,0,0,0,1,1,6,1,87,11,1587,1,16,-1,1,-1
201597GB22310,2,9,0,18,0,1,5,0,1,11,4,1,6,1,75,10,1997,2,14,-1,1,-1
201597GB22411,1,1,0,18,0,0,0,0,0,0,1,1,6,1,54,8,-1,-1,-1,-1,1,-1
201597GB22411,2,9,0,18,0,0,0,0,0,0,1,2,6,1,64,9,1390,1,9,-1,1,-1
201597GB22508,1,9,0,18,0,2,0,0,0,0,3,1,6,1,70,10,998,1,13,-1,1,-1
201597GB22508,2,9,0,18,0,1,0,0,0,0,1,1,6,1,59,9,-1,-1,-1,-1,-1,-1
201597GB22509,1,9,0,18,0,0,0,0,1,11,1,1,2,2,41,7,1995,1,4,-1,1,-1
201597GB22512,1,9,0,18,0,8,1,0,1,9,1,1,6,1,28,6,-1,-1,-1,-1,2,-1
201597GB22512,2,9,0,12,0,8,0,0,0,0,1,1,6,3,-1,-1,-1,-1,-1,-1,-1,-1
201597GB22606,1,9,0,17,0,4,0,0,0,0,3,1,6,2,23,5,1398,1,-1,-1,1,-1
201597GB22606,2,9,0,18,9,3,1,0,1,2,1,1,6,1,26,6,4999,1,10,-1,1,-1
201597GB22710,1,19,0,3,0,1,0,0,0,0,3,1,1,1,34,6,1560,2,3,-1,1,-1
201597GB22710,2,9,0,15,0,1,0,0,6,0,1,1,1,1,50,8,1598,2,2,-1,2,-1
201597GB22802,1,9,0,5,0,0,0,0,0,0,1,1,6,1,54,8,2000,1,10,-1,1,-1
201597GB22803,1,9,0,4,0,0,0,4,0,0,1,1,6,2,32,6,898,1,1,-1,1,-1
201597GB22803,2,9,0,3,0,0,0,0,0,4,2,1,6,2,32,6,1560,2,8,-1,1,-1
201597GB22803,3,9,0,3,0,0,0,0,0,0,2,1,6,1,50,8,1999,1,5,-1,3,-1
201597GB22809,1,9,0,13,0,2,0,0,0,0,4,1,2,1,48,8,2204,2,7,-1,2,-1
201597GB22809,2,1,0,18,0,2,0,0,0,10,3,1,2,1,30,6,-1,-1,-1,-1,1,-1
201597GB22811,1,9,0,4,0,2,0,0,0,0,2,1,6,3,-1,-1,-1,-1,-1,-1,-1,-1
201597GB22902,1,9,0,9,0,3,0,0,0,0,1,1,6,1,26,6,-1,-1,-1,-1,-1,-1
201597GB22902,2,1,0,7,0,3,0,0,0,0,4,1,6,1,30,6,-1,-1,-1,-1,-1,-1
201597GB22903,1,9,0,18,0,1,0,0,0,0,1,1,6,1,45,7,1461,2,1,-1,1,-1
201597GB22903,2,9,0,3,0,1,0,0,0,0,2,1,6,1,23,5,1600,1,17,-1,1,-1
201597GB22906,1,1,0,18,0,0,0,0,0,0,1,1,6,1,35,6,-1,-1,-1,-1,1,-1
201597GB22906,2,9,0,2,0,0,0,0,0,0,3,1,6,1,35,6,1596,1,7,-1,1,-1
201597GB22910,1,9,0,18,0,0,0,0,0,0,1,1,6,2,20,4,1598,2,4,-1,1,-1
201597GB22910,2,9,0,3,0,0,0,0,0,0,2,1,6,1,42,7,998,1,-1,-1,1,-1
201597GB22910,3,9,0,3,0,0,0,0,0,0,2,1,2,2,43,7,2400,2,1,-1,1,-1
201597GB23010,1,19,0,18,0,0,0,0,0,0,4,1,1,1,51,8,1598,2,-1,-1,1,-1
201597GB23203,1,9,0,18,0,1,0,0,0,0,1,1,6,2,40,7,1769,1,10,-1,-1,-1
201597GB23203,2,9,0,3,0,1,0,0,0,0,2,1,6,2,59,9,1998,1,12,-1,1,-1
201597GB23411,1,9,0,4,0,0,0,0,0,0,1,1,6,2,36,7,1461,2,5,-1,1,-1
201597GB23411,2,9,0,3,0,0,0,0,0,0,2,1,6,1,68,10,1799,1,6,-1,1,-1
201597GB23411,3,9,0,3,0,0,0,0,0,0,2,1,6,1,31,6,1799,1,6,-1,1,-1
201597GB23810,1,9,0,18,0,0,0,4,0,0,1,1,6,2,46,8,1968,2,9,-1,1,-1
201597GB23810,2,17,0,2,0,0,0,0,0,0,1,1,6,3,30,6,-1,-1,-1,-1,1,-1
201597GB70101,1,9,0,9,0,8,0,0,0,0,1,1,6,2,24,5,998,1,1,-1,1,-1
201597GB70101,2,9,0,18,0,8,0,0,0,0,1,1,6,1,42,7,2400,2,2,-1,1,-1
201597GB70102,1,9,0,5,0,6,0,0,0,0,3,1,6,2,43,7,1598,1,1,-1,1,-1
201597GB70102,2,9,0,18,0,8,0,0,0,0,4,1,6,1,24,5,1995,2,1,-1,1,-1
201597GB70103,1,9,0,18,0,0,0,0,0,0,1,1,6,2,38,7,1560,2,7,-1,2,-1
201597GB70107,1,9,0,18,0,0,0,0,0,0,1,1,6,2,20,4,995,1,4,-1,1,-1
201597GB70107,2,9,0,18,0,0,0,0,0,0,2,1,6,1,25,5,1248,2,4,-1,1,-1
201597GB70107,3,9,0,18,0,0,0,0,0,0,2,1,6,2,65,9,1998,1,12,-1,1,-1
201597GB70207,1,9,0,18,0,0,0,0,0,0,1,1,6,1,23,5,1390,1,12,-1,1,-1
201597GB70207,2,9,0,18,0,0,0,0,0,0,2,1,2,2,45,7,1560,2,1,-1,1,-1
201597GB70210,1,3,0,11,0,4,5,0,0,0,4,1,6,1,22,5,124,1,14,-1,1,-1
201597GB70210,2,9,0,17,0,4,0,0,0,0,3,1,6,2,48,8,1598,1,5,-1,1,-1
201597GB70211,1,9,0,4,0,0,0,0,0,0,1,1,1,1,30,6,-1,-1,-1,-1,2,-1
201597GB70211,2,9,0,4,0,0,0,0,0,0,1,1,2,2,25,5,1798,1,8,-1,1,-1
201597GB70211,3,9,0,18,0,0,0,0,0,0,1,1,1,2,40,7,1560,2,2,-1,2,-1
201597GB70211,4,9,0,3,0,0,0,0,0,0,2,1,1,1,46,8,2191,2,1,-1,1,-1
201597GB70305,1,5,0,13,0,1,0,0,0,0,3,1,6,1,54,8,-1,-1,-1,-1,-1,-1
201597GB70311,1,9,0,9,0,5,0,0,0,0,1,1,6,1,60,9,1392,1,17,-1,1,-1
201597GB70311,2,9,0,18,0,6,0,0,0,0,4,1,2,1,53,8,1396,1,1,-1,-1,-1
201597GB70405,1,9,0,18,0,1,0,0,0,0,1,1,2,2,46,8,1591,1,4,-1,1,-1
201597GB70405,2,9,0,8,0,1,0,0,0,0,2,1,2,1,24,5,1229,1,1,-1,1,-1
201597GB70605,1,9,0,1,0,0,0,0,0,0,2,1,6,2,75,10,1390,1,3,-1,1,-1
201597GB70605,2,9,0,2,0,0,0,0,0,0,2,1,6,1,40,7,1388,1,11,-1,1,-1
201597GC00102,1,9,0,8,0,5,0,0,0,0,4,1,6,1,70,10,1598,1,2,-1,1,-1
201597GC00102,2,9,0,10,0,6,0,0,0,0,3,1,3,2,37,7,1995,2,1,-1,3,-1
201597GC00111,1,9,0,1,0,0,0,0,0,0,2,1,6,1,-1,-1,1968,2,5,-1,2,-1
201597GC00201,1,9,0,18,0,0,0,0,0,0,1,1,6,3,30,6,3222,2,11,-1,-1,-1
201597GC00203,1,9,0,18,0,0,1,7,0,6,2,1,2,2,30,6,2143,2,1,-1,1,-1
201597GC00203,2,9,0,18,0,0,1,0,1,0,1,1,2,2,48,8,1206,1,2,-1,1,-1
201597GC00203,3,9,0,18,0,0,1,0,1,0,1,1,2,1,33,6,1998,1,4,-1,1,-1
201597GC00203,4,9,0,18,0,0,1,0,0,0,1,1,2,1,41,7,1794,1,8,-1,1,-1
201597GC00203,5,9,0,18,0,0,1,7,5,6,3,1,1,1,46,8,2698,2,7,-1,1,-1
201597GC00209,1,9,0,18,0,8,0,0,0,0,1,1,6,2,61,9,1229,1,3,-1,1,-1
201597GC00305,1,9,0,9,0,1,0,0,0,0,1,1,1,1,28,6,2268,2,4,-1,1,-1
201597GC00305,2,11,0,5,0,1,0,0,0,0,1,1,1,1,36,7,3900,2,11,-1,1,-1
201597GC00306,1,9,0,18,0,8,0,0,1,10,1,1,6,1,46,8,3996,1,14,-1,-1,-1
201597GC00306,2,9,0,10,0,1,0,0,0,0,2,1,6,1,30,6,1796,1,11,-1,2,-1
201597GC00308,1,9,0,16,0,0,1,0,1,11,1,1,6,2,20,4,998,1,10,-1,-1,-1
201597GC00309,1,19,0,5,0,4,0,0,0,0,1,1,1,1,54,8,1560,2,1,-1,1,-1
201597GC00309,2,1,0,18,0,8,0,0,0,0,2,1,6,1,59,9,-1,-1,-1,-1,1,-1
201597GC00311,1,19,0,4,0,0,0,0,0,0,2,1,6,1,35,6,-1,-1,-1,-1,1,-1
201597GC00311,2,9,0,3,0,0,0,0,0,0,0,1,6,1,53,8,1968,2,1,-1,1,-1
201597GC00512,1,9,0,18,0,0,0,0,0,0,1,1,6,1,-1,-1,-1,-1,-1,-1,-1,-1
201597GC00602,1,2,0,18,0,0,1,0,0,0,3,1,2,1,47,8,125,1,5,-1,1,-1
201597GC00603,1,9,0,18,0,0,0,0,0,0,1,1,6,1,20,4,-1,-1,-1,-1,1,-1
201597GC00608,1,1,0,15,0,0,0,0,0,0,1,1,6,1,42,7,-1,-1,-1,-1,1,-1
201597GC00608,2,9,0,4,0,0,0,0,0,0,2,1,6,2,39,7,1198,1,4,-1,1,-1
201597GC00612,1,19,0,4,0,1,0,0,0,0,1,1,1,1,28,6,1995,2,1,-1,1,-1
201597GC00612,2,9,0,4,0,1,0,0,0,0,2,1,6,1,27,6,-1,-1,-1,-1,1,-1
201597GC00612,3,9,0,3,0,1,0,0,0,0,2,1,6,2,48,8,1339,8,3,-1,1,-1
201597GC00701,1,9,0,9,0,6,5,0,0,10,2,1,2,2,53,8,-1,-1,-1,-1,1,-1
201597GC00701,2,9,0,18,0,1,0,0,0,0,1,1,6,2,87,11,1198,1,2,-1,1,-1
201597GC00711,1,11,0,3,0,1,0,0,0,0,1,1,6,3,-1,-1,-1,-1,-1,-1,-1,-1
201597GC00711,2,9,0,7,0,5,0,0,0,0,2,1,6,2,35,6,1229,1,2,-1,1,-1
201597GC00806,1,9,0,13,0,1,0,11,0,0,1,1,6,2,74,10,1598,1,7,-1,1,-1
201597GC00806,2,9,0,7,0,2,0,11,0,0,1,1,6,2,22,5,1586,1,9,-1,1,-1
201597GC00808,1,9,0,1,0,0,0,0,0,1,0,1,6,1,46,8,2987,2,-1,-1,3,-1
201597GC00810,1,9,0,18,0,8,0,0,0,0,1,1,6,2,53,8,1461,2,4,-1,1,-1
201597GC00810,2,9,0,18,0,8,0,0,0,0,4,1,6,2,68,10,1497,1,9,-1,2,-1
201597GC00901,1,9,0,18,0,2,0,0,0,0,1,1,6,2,30,6,2982,2,3,-1,1,-1
201597GC00907,1,9,0,17,0,0,2,0,1,4,3,1,6,2,31,6,1590,1,10,-1,1,-1
201597GC00910,1,9,0,18,0,0,0,0,0,0,1,1,6,2,78,11,1599,1,6,-1,1,-1
201597GC00910,2,19,0,2,0,0,0,0,0,0,2,1,1,1,29,6,2402,2,10,-1,2,-1
201597GC01001,1,9,0,1,0,8,0,0,0,0,2,1,6,1,50,8,-1,-1,-1,-1,-1,-1
201597GC01002,1,9,0,18,0,0,0,0,0,0,0,1,3,2,39,7,1198,1,6,-1,1,-1
201597GC01102,1,9,0,18,0,4,0,0,0,0,3,1,2,1,28,6,1997,2,5,-1,3,-1
201597GC01102,2,1,0,18,0,4,0,0,0,0,4,1,6,1,39,7,-1,-1,-1,-1,1,-1
201597GC01201,1,9,0,2,0,0,0,0,0,0,2,1,6,3,-1,-1,1799,1,6,-1,1,-1
201597GC01201,2,9,0,2,0,0,0,0,0,0,2,1,6,2,43,7,1199,1,13,-1,1,-1
201597GC01204,1,19,0,18,0,1,0,0,0,0,1,1,6,1,47,8,1298,1,13,-1,1,-1
201597GC01208,1,9,0,2,0,0,0,0,0,0,3,1,6,2,25,5,1796,1,8,-1,-1,-1
201597GC01208,2,1,0,14,0,0,5,8,0,0,1,1,6,1,42,7,-1,-1,-1,-1,1,-1
201597GC01210,1,19,0,18,0,1,0,0,0,0,1,1,1,1,56,9,2198,2,1,-1,1,-1
201597GC01210,2,9,0,4,0,1,0,0,0,0,2,1,6,2,74,10,1248,1,6,-1,1,-1
201597GC01302,1,9,0,10,0,8,0,0,0,0,3,1,6,1,20,4,2179,2,1,-1,-1,-1
201597GC01302,2,9,0,18,0,1,0,0,1,0,3,1,6,1,20,4,1149,1,7,-1,2,-1
201597GC01409,1,1,0,18,0,0,0,0,0,0,1,1,2,1,30,6,-1,-1,-1,-1,1,-1
201597GC01504,1,9,0,6,0,0,0,0,0,0,3,1,6,1,50,8,1398,1,5,-1,1,-1
201597GC01504,2,1,0,18,0,0,0,0,0,0,1,1,2,1,37,7,-1,-1,-1,-1,1,-1
201597GC01603,1,9,0,18,0,0,0,0,0,0,1,1,1,2,48,8,1587,1,17,-1,1,-1
201597GC01611,1,10,0,9,0,2,0,0,0,0,1,1,1,1,37,7,-1,-1,-1,-1,1,-1
201597GC01703,1,9,0,18,0,8,1,0,1,11,2,1,2,2,39,7,1794,1,12,-1,1,-1
201597GC01710,1,9,0,5,0,0,0,0,0,0,3,1,6,2,50,8,1339,1,3,-1,1,-1
201597GC01710,2,9,0,18,0,0,0,0,0,0,4,1,6,2,25,5,1229,1,4,-1,1,-1
201597GC01805,1,9,0,6,0,0,0,0,0,0,1,1,6,1,38,7,1461,2,2,-1,-1,-1
201597GC01805,2,9,0,18,0,0,0,0,0,0,4,1,6,2,59,9,1299,1,12,-1,1,-1
201597GC01809,1,9,0,18,0,1,0,0,0,0,1,1,6,2,42,7,2261,1,7,-1,1,-1
201597GC01809,2,9,0,7,0,1,1,0,1,1,2,1,6,1,78,11,2993,2,4,-1,1,-1
201597GC01901,1,11,0,18,0,0,0,0,0,0,1,1,1,1,57,9,5883,2,13,-1,1,-1
201597GC01901,2,19,0,3,0,0,0,0,0,0,2,1,1,1,56,9,1998,2,11,-1,1,-1
201597GC01901,3,19,0,3,0,0,0,0,0,0,2,1,1,1,52,8,2287,2,4,-1,-1,-1
201597GC01901,4,9,0,3,0,0,0,0,0,0,2,1,6,2,44,7,1398,1,-1,-1,1,-1
201597GC01907,1,9,0,9,0,2,0,0,0,0,3,1,1,2,43,7,1461,2,5,-1,1,-1
201597GC01911,1,9,0,18,0,0,0,4,0,0,1,1,2,1,20,4,1198,1,8,-1,3,-1
201597GC01911,2,9,0,2,0,0,0,0,0,0,2,1,6,1,64,9,-1,-1,-1,-1,2,-1
201597GC02005,1,9,0,16,0,0,1,0,0,0,4,1,6,1,56,9,1984,1,7,-1,2,-1
201597GC02005,2,9,0,18,0,0,0,0,0,0,1,1,2,1,52,8,1461,2,2,-1,1,-1
201597GC02007,1,17,0,9,0,0,0,0,0,0,3,1,2,1,39,7,-1,-1,-1,-1,1,-1
201597GC02007,2,5,0,13,0,0,0,0,0,0,1,1,2,1,35,6,1050,1,3,-1,1,-1
201597GC02111,1,9,0,16,0,0,1,0,1,4,1,1,2,2,30,6,1248,2,4,-1,2,-1
201597GC02205,1,9,0,16,0,0,0,0,0,0,1,1,6,1,71,10,1796,1,7,-1,1,-1
201597GC02205,2,9,0,17,0,0,0,0,0,0,1,1,1,1,39,7,1798,2,5,-1,3,-1
201597GC02211,1,9,0,18,0,0,0,0,0,0,4,1,2,2,46,8,1968,2,8,-1,2,-1
201597GC02212,1,19,0,17,0,0,2,0,1,11,1,1,1,1,41,7,1248,2,6,-1,1,-1
201597GC02307,1,9,0,5,0,6,0,0,0,0,1,1,6,2,62,9,1497,1,10,-1,1,-1
201597GC02307,2,1,0,18,0,1,0,0,0,0,0,1,6,1,52,8,-1,-1,-1,-1,1,-1
201597GC02307,3,1,0,18,0,1,0,0,0,0,0,1,6,1,54,8,-1,-1,-1,-1,1,-1
201597GC02308,1,9,0,15,0,0,0,0,0,0,0,1,2,1,62,9,2987,2,10,-1,2,-1
201597GC02308,2,9,0,18,0,0,1,0,0,0,0,1,2,2,44,7,1685,2,3,-1,1,-1
201597GC02312,1,9,0,9,0,6,0,0,0,0,3,1,6,1,82,11,1968,2,-1,-1,-1,-1
201597GC02312,2,9,0,18,0,1,0,0,0,0,1,1,6,1,50,8,998,1,3,-1,1,-1
201597GC02402,1,9,0,5,0,4,0,0,0,0,3,1,6,2,43,7,1461,2,1,-1,1,-1
201597GC02402,2,9,0,18,0,8,0,0,0,0,1,1,6,1,27,6,1560,2,7,-1,1,-1
201597GC02405,1,9,0,9,0,1,0,0,0,0,3,1,6,1,69,10,1998,1,13,-1,1,-1
201597GC02405,2,1,0,18,0,1,0,0,0,0,3,1,6,1,42,7,-1,-1,-1,-1,1,-1
201597GC02406,1,9,0,18,0,0,2,0,1,3,1,1,6,2,20,4,2521,1,7,-1,3,-1
201597GC02508,1,9,0,5,0,4,0,0,0,0,1,1,6,2,35,6,1246,1,10,-1,1,-1
201597GC02508,2,9,0,3,0,4,0,0,0,0,2,1,6,2,20,4,1242,1,4,-1,-1,-1
201597GC02510,1,9,0,18,0,6,0,0,0,0,4,1,2,1,61,9,1461,2,3,-1,1,-1
201597GC02512,1,9,0,14,0,1,0,0,0,0,1,1,6,2,80,11,1339,1,5,-1,2,-1
201597GC02602,1,9,0,6,0,6,0,0,0,0,1,1,2,1,37,7,-1,-1,-1,-1,-1,-1
201597GC02602,2,9,0,18,0,1,1,0,1,1,1,1,1,2,51,8,-1,-1,-1,-1,1,-1
201597GC02604,1,9,0,5,0,6,0,0,0,0,0,1,6,1,66,10,1598,1,2,-1,1,-1
201597GC02606,1,9,0,15,0,0,0,0,0,0,1,1,6,1,43,7,1398,2,12,-1,2,-1
201597GC02606,2,9,0,18,0,0,0,0,0,0,1,1,2,1,39,7,1397,1,13,-1,1,-1
201597GC02607,1,9,0,9,0,5,0,0,1,0,4,1,6,2,80,11,1298,1,12,-1,1,-1
201597GC02607,2,9,0,18,0,1,0,0,0,0,1,1,6,1,62,9,1781,1,14,-1,1,-1
201597GC02609,1,9,0,18,0,0,0,0,0,0,3,1,6,1,75,10,2204,2,10,-1,1,-1
201597GC02804,1,9,0,9,0,1,0,0,0,0,4,1,6,1,71,10,2148,2,11,-1,-1,-1
201597GC02804,2,1,0,18,0,1,0,0,0,0,1,1,6,1,47,8,-1,-1,-1,-1,3,-1
201597GC02808,1,9,0,5,0,0,0,0,0,0,0,1,2,1,31,6,1397,1,7,-1,2,-1
201597GC02810,1,9,0,18,0,0,1,0,7,11,1,1,2,2,23,5,-1,-1,-1,-1,1,-1
201597GC02810,2,9,0,18,0,0,1,0,1,0,1,1,2,2,58,9,1229,1,2,-1,-1,-1
201597GC02901,1,9,0,17,0,0,0,0,0,0,1,1,6,1,21,5,1149,1,5,-1,3,-1
201597GC02904,1,9,0,18,0,1,0,0,7,1,1,1,6,1,82,11,1197,1,3,-1,1,-1
201597GC02904,2,19,0,18,0,1,0,0,0,0,4,1,1,1,48,8,2461,2,7,-1,1,-1
201597GC02905,1,9,0,9,0,6,0,0,0,0,1,1,1,2,46,8,1339,1,6,-1,1,-1
201597GC02907,1,19,0,9,0,1,0,0,0,0,0,1,1,1,27,6,1753,2,11,-1,1,-1
201597GC02907,2,9,0,18,0,1,0,0,1,11,1,1,6,2,25,5,1598,1,4,-1,1,-1
201597GC02911,1,9,0,4,0,1,0,0,0,0,1,1,6,2,28,6,1995,2,3,-1,1,-1
201597GC02911,2,9,0,4,0,1,0,0,0,0,2,1,6,1,35,6,1461,2,5,-1,1,-1
201597GC03001,1,9,0,16,0,1,2,10,2,11,4,1,6,1,20,4,-1,-1,-1,-1,1,-1
201597GC03004,1,9,0,18,0,4,0,0,0,0,1,1,2,1,61,9,1560,2,2,-1,2,-1
201597GC03004,2,1,0,18,0,4,0,0,0,0,1,1,2,1,43,7,-1,-1,-1,-1,1,-1
201597GC03103,1,9,0,18,0,4,0,0,0,0,1,1,6,3,40,7,-1,-1,-1,-1,-1,-1
201597GC03103,2,9,0,3,0,4,0,0,0,0,2,1,6,2,33,6,1598,1,3,-1,1,-1
201597GC03111,1,9,0,5,0,5,0,0,0,0,1,1,6,2,29,6,1598,1,2,-1,1,-1
201597GC03112,1,9,0,9,0,1,0,0,0,0,3,1,6,1,77,11,1985,1,14,-1,-1,-1
201597GC03112,2,1,0,10,0,1,0,0,0,0,1,1,6,1,15,3,-1,-1,-1,-1,1,-1
201597GC03309,1,9,0,18,0,0,0,0,0,0,1,1,6,1,40,7,1595,1,8,-1,1,-1
201597GC03403,1,9,0,18,0,0,0,0,0,0,2,1,6,1,17,4,5343,1,27,-1,3,-1
201597GC03403,2,9,0,18,0,0,0,0,0,0,1,1,6,1,63,9,-1,-1,-1,-1,1,-1
201597GC03404,1,9,0,18,0,1,0,0,0,0,1,1,6,1,35,6,-1,-1,-1,-1,-1,-1
201597GC03501,1,9,0,6,0,0,0,0,0,0,4,1,6,1,51,8,-1,-1,-1,-1,-1,-1
201597GC03501,2,1,0,18,0,0,0,0,0,0,1,1,6,2,32,6,-1,-1,-1,-1,1,-1
201597GC03709,1,9,0,7,0,4,0,0,0,0,4,1,6,1,23,5,1998,2,11,-1,1,-1
201597GC03709,2,9,0,18,0,4,0,0,0,0,3,1,6,2,38,7,1246,1,9,-1,1,-1
201597GC03810,1,9,0,5,0,2,0,0,7,1,4,1,3,2,34,6,1598,1,10,-1,1,-1
201597GC03810,2,9,0,18,0,1,0,0,0,0,1,1,2,2,47,8,1968,1,9,-1,1,-1
201597GC03912,1,9,0,18,0,1,0,0,0,0,1,1,6,2,23,5,1598,1,4,-1,1,-1
201597GC03912,2,9,0,3,0,1,0,0,0,0,2,1,6,1,43,7,1461,2,4,-1,1,-1
201597GC03912,3,9,0,10,0,1,0,0,0,0,2,1,6,1,29,6,1461,2,4,-1,1,-1
201597GC04610,1,9,0,15,0,0,0,0,0,0,4,1,6,1,30,6,1560,2,3,-1,1,-1
201597GC04610,2,9,0,2,0,0,0,0,0,0,0,1,6,2,34,6,1968,2,1,-1,1,-1
201597GC04710,1,9,0,5,0,1,0,0,0,0,1,1,6,2,20,4,1199,1,14,-1,1,-1
201597GC04710,2,19,0,4,0,1,0,0,0,0,2,1,6,1,30,6,-1,-1,-1,-1,-1,-1
201597GC20910,1,19,0,18,0,8,0,0,0,0,3,1,6,3,40,7,-1,-1,-1,-1,-1,-1
201597GC70106,1,9,0,18,0,0,2,0,1,11,4,1,6,1,23,5,1796,1,8,-1,1,-1
201597GC70108,1,9,0,18,9,1,0,10,7,0,1,1,6,2,54,8,-1,-1,-1,-1,3,-1
201597GC70204,1,9,0,18,0,1,0,0,3,11,1,1,6,1,49,8,1796,1,4,-1,1,-1
201597GC70204,2,19,0,18,0,1,0,0,0,0,4,1,6,2,66,10,1560,2,5,-1,3,-1
201597GC70206,1,21,1,17,0,3,5,0,2,2,4,1,1,1,36,7,11705,2,6,-1,1,-1
201597GC70208,1,9,0,18,0,0,0,0,0,0,1,1,6,2,18,4,1598,2,-1,-1,3,-1
201597GC70208,2,9,0,18,0,0,0,0,0,0,2,1,6,2,50,8,1398,2,11,-1,1,-1
201597GC70210,1,9,0,18,0,0,0,0,7,9,3,1,2,1,28,6,1995,2,9,-1,3,-1
201597GC70211,1,9,0,18,0,0,0,0,0,0,1,1,6,1,39,7,1968,2,-1,-1,1,-1
201597GC70211,2,9,0,18,0,0,0,0,0,0,2,1,6,2,44,7,1248,2,1,-1,1,-1
201597GC70301,1,9,0,18,0,4,0,0,0,0,1,1,2,1,67,10,1398,1,3,-1,1,-1
201597GC70301,2,19,0,18,0,3,0,0,0,0,1,1,1,1,64,9,1995,2,3,-1,1,-1
201597GC70308,1,9,0,18,0,0,0,4,0,11,1,1,6,2,87,11,1796,1,4,-1,1,-1
201597GC70308,2,9,0,2,0,0,0,0,0,11,4,1,6,3,30,6,4806,1,5,-1,-1,-1
201597GC70308,3,9,0,2,0,0,0,0,0,11,4,1,6,3,30,6,1995,2,1,-1,-1,-1
201597GC70511,1,9,0,11,0,0,0,0,0,0,4,1,6,3,-1,-1,-1,-1,-1,-1,-1,-1
201597GC70511,2,3,0,18,0,0,0,0,0,0,3,1,6,1,49,8,124,1,7,-1,-1,-1
201597GD00103,1,19,0,7,0,0,0,0,0,0,3,2,6,3,30,6,-1,-1,-1,-1,-1,-1
201597GD00103,2,1,0,7,0,0,0,0,0,0,4,1,2,1,45,7,-1,-1,-1,-1,1,-1
201597GD00104,1,9,0,9,0,8,0,0,0,0,1,1,6,2,57,9,2143,2,3,-1,3,-1
201597GD00104,2,9,0,17,0,8,0,0,0,0,1,1,1,1,22,5,1896,2,6,-1,1,-1
201597GD00108,1,19,0,1,2,0,0,0,0,0,2,1,1,1,52,8,2148,2,10,-1,2,-1
201597GD00108,2,9,0,2,2,0,0,0,0,0,2,1,6,2,26,6,998,1,3,-1,1,-1
201597GD00208,1,9,0,18,0,0,0,0,0,0,1,1,6,2,69,10,1198,1,6,-1,1,-1
201597GD00208,2,1,0,18,0,0,0,0,0,0,2,1,6,1,34,6,-1,-1,-1,-1,1,-1
201597GD00209,1,9,0,18,0,1,1,0,3,11,1,1,6,1,27,6,1984,1,1,-1,1,-1
201597GD00212,1,9,0,10,0,1,0,0,0,0,1,1,3,2,26,6,1796,1,8,-1,1,-1
201597GD00212,2,9,0,10,0,1,0,0,0,0,2,1,6,1,41,7,1390,1,12,-1,3,-1
201597GD00212,3,9,0,10,0,1,0,0,0,0,2,1,6,1,57,9,1997,2,6,-1,-1,-1
201597GD00302,1,9,0,9,0,1,0,0,0,0,1,1,6,1,30,6,998,1,2,-1,-1,-1
201597GD00302,2,9,0,18,0,1,0,0,0,0,1,1,6,1,59,9,1598,2,4,-1,1,-1
201597GD00303,1,9,0,18,0,1,0,0,0,0,1,1,6,1,20,4,1997,1,11,-1,1,-1
201597GD00304,1,8,0,18,2,0,0,0,0,0,1,1,1,1,49,8,1896,2,9,-1,1,-1
201597GD00306,1,8,0,18,0,0,0,0,0,0,1,1,1,1,68,10,2664,2,15,-1,1,-1
201597GD00312,1,9,0,2,6,0,0,0,0,0,3,1,6,1,28,6,1560,2,8,-1,1,-1
201597GD00312,2,1,0,18,0,0,0,0,0,0,4,1,2,2,26,6,-1,-1,-1,-1,1,-1
201597GD00401,1,90,0,6,0,1,0,0,0,0,3,1,1,1,37,7,9290,2,3,-1,1,-1
201597GD00401,2,9,0,13,0,1,0,0,0,0,4,1,6,2,35,6,1794,1,6,-1,1,-1
201597GD00404,1,9,0,9,0,8,0,0,1,1,4,1,6,2,24,5,998,1,5,-1,1,-1
201597GD00404,2,9,0,18,0,8,0,0,0,0,1,1,6,2,28,6,1229,1,9,-1,1,-1
201597GD00409,1,10,0,5,0,2,0,0,0,0,1,1,1,1,48,8,2198,2,3,-1,1,-1
201597GD00409,2,5,0,3,0,1,0,0,0,0,4,1,2,1,25,5,656,1,6,-1,1,-1
201597GD00502,1,9,0,5,0,0,0,0,0,0,1,1,6,3,30,6,1598,1,12,-1,-1,-1
201597GD00503,1,9,0,9,0,8,0,0,0,0,1,1,6,2,55,8,1349,1,5,-1,1,-1
201597GD00505,1,9,0,18,0,8,0,0,0,0,4,1,1,1,45,7,1896,2,7,-1,1,-1
201597GD00602,1,9,0,9,0,1,0,0,0,0,1,1,6,1,79,11,1398,2,11,-1,-1,-1