Accident_Index,Vehicle_Reference,Vehicle_Type,Towing_and_Articulation,Vehicle_Manoeuvre,Vehicle_Location-Restricted_Lane,Junction_Location,Skidding_and_Overturning,Hit_Object_in_Carriageway,Vehicle_Leaving_Carriageway,Hit_Object_off_Carriageway,1st_Point_of_Impact,Was_Vehicle_Left_Hand_Drive?,Journey_Purpose_of_Driver,Sex_of_Driver,Age_of_Driver,Age_Band_of_Driver,Engine_Capacity_(CC),Propulsion_Code,Age_of_Vehicle,Driver_IMD_Decile,Driver_Home_Area_Type,Vehicle_IMD_Decile
201597ND70310,2,9,0,18,0,0,1,0,0,0,2,1,6,2,46,8,1984,1,5,-1,1,-1
201597ND70407,1,9,0,9,0,8,0,0,0,0,4,1,2,2,55,8,2143,2,1,-1,1,-1
201597ND70407,2,9,0,18,0,8,0,0,0,0,1,1,2,1,33,6,1685,2,-1,-1,1,-1
201597ND70408,1,9,0,17,0,0,0,0,0,0,1,1,6,1,68,10,1995,2,-1,-1,-1,-1
201597ND70408,2,9,0,16,0,0,0,0,0,0,1,1,6,2,43,7,1299,1,12,-1,1,-1
201597ND70508,1,21,0,18,0,0,0,0,0,0,4,1,1,1,26,6,10677,2,-1,-1,1,-1
201597ND70508,2,9,0,2,6,0,0,0,0,0,4,1,1,1,51,8,-1,-1,-1,-1,3,-1
201597ND70511,1,9,0,17,0,0,0,10,7,11,1,1,1,2,32,6,1560,2,10,-1,1,-1
201597ND70608,1,9,0,14,0,0,0,0,0,0,1,1,6,2,65,9,998,1,7,-1,1,-1
201597NE00101,1,9,0,4,0,1,0,0,0,0,1,1,6,1,23,5,1198,1,11,-1,-1,-1
201597NE00101,2,9,0,16,0,3,0,0,0,0,4,1,6,1,77,11,-1,-1,-1,-1,-1,-1
201597NE00104,1,9,0,18,0,1,0,0,0,0,1,1,2,1,37,7,1798,1,11,-1,1,-1
201597NE00104,2,9,0,8,0,1,0,0,0,0,2,1,6,2,20,4,1242,1,2,-1,1,-1
201597NE00203,1,9,0,18,0,0,1,0,0,0,1,1,1,1,24,5,-1,-1,-1,-1,1,-1
201597NE00203,2,9,0,18,0,0,0,0,1,0,1,1,6,2,52,8,-1,-1,-1,-1,1,-1
201597NE00210,1,9,0,9,0,0,0,0,0,0,4,1,6,1,18,4,1229,1,4,-1,1,-1
201597NE00210,2,9,0,18,0,0,0,0,0,0,3,1,6,1,23,5,1968,2,3,-1,1,-1
201597NE00308,1,9,0,18,0,3,1,0,0,0,4,1,6,3,25,5,-1,-1,-1,-1,-1,-1
201597NE00308,2,19,0,18,0,3,0,0,0,0,3,1,1,2,40,7,-1,-1,-1,-1,-1,-1
201597NE00309,1,9,0,7,0,4,0,0,0,0,1,1,6,1,83,11,2290,1,11,-1,3,-1
201597NE00309,2,9,0,11,0,3,0,0,0,0,4,1,6,1,34,6,2967,2,4,-1,1,-1
201597NE00404,1,9,0,18,0,1,0,0,0,0,1,1,6,1,40,7,-1,-1,-1,-1,-1,-1
201597NE00404,2,1,0,9,0,1,0,0,0,0,2,1,6,1,15,3,-1,-1,-1,-1,1,-1
201597NE00501,1,9,0,18,0,8,0,0,0,0,1,1,1,1,41,7,1997,1,7,-1,1,-1
201597NE00501,2,9,0,4,0,1,0,0,0,0,2,1,1,2,57,9,1248,1,1,-1,-1,-1
201597NE00503,1,9,0,3,0,0,0,0,1,11,2,1,6,2,34,6,-1,-1,-1,-1,-1,-1
201597NE00509,1,9,0,16,0,0,1,0,0,0,1,1,6,1,31,6,1598,2,2,-1,3,-1
201597NE00509,2,21,0,16,0,0,0,0,0,0,3,1,6,1,39,7,-1,2,20,-1,3,-1
201597NE00512,1,9,0,18,0,0,0,0,0,0,1,1,6,1,27,6,1461,2,2,-1,1,-1
201597NE00512,2,9,0,4,0,0,0,0,0,0,2,1,6,1,22,5,1390,1,9,-1,1,-1
201597NE00606,1,9,0,18,0,0,0,0,0,0,0,1,6,1,28,6,-1,-1,-1,-1,-1,-1
201597NE00606,2,9,0,18,0,0,0,4,0,0,4,1,2,1,31,6,1997,2,8,-1,1,-1
201597NE00606,3,9,0,2,0,0,0,0,0,0,3,1,6,2,43,7,1997,2,8,-1,1,-1
201597NE00607,1,19,0,18,0,0,1,0,1,4,1,1,2,1,38,7,1560,2,2,-1,1,-1
201597NE00609,1,9,0,18,0,0,0,0,0,0,1,1,2,1,20,4,998,1,2,-1,2,-1
201597NE00609,2,9,0,3,0,0,0,0,0,0,2,1,2,2,21,5,996,1,2,-1,2,-1
201597NE00609,3,9,0,3,0,0,0,0,0,0,2,1,6,1,26,6,-1,-1,-1,-1,1,-1
201597NE00612,1,8,0,18,0,1,0,0,0,0,1,1,1,1,30,6,1598,2,1,-1,1,-1
201597NE00612,2,9,0,18,0,1,0,0,0,0,0,1,1,1,29,6,1560,2,6,-1,1,-1
201597NE00703,1,19,0,18,0,0,1,0,0,0,1,1,1,1,27,6,1968,2,2,-1,1,-1
201597NE00703,2,90,0,18,0,0,0,0,0,0,2,1,1,1,59,9,2464,2,6,-1,2,-1
201597NE00705,1,19,0,18,0,2,0,0,0,4,1,1,2,1,43,7,2198,2,1,-1,1,-1
201597NE00705,2,19,0,3,0,2,0,0,0,0,2,1,2,1,55,8,2477,2,-1,-1,1,-1
201597NE00705,3,9,0,3,0,2,0,0,0,0,2,1,6,2,60,9,1395,1,-1,-1,1,-1
201597NE00710,1,9,0,9,0,6,0,0,0,0,3,1,6,1,30,6,1248,2,3,-1,3,-1
201597NE00711,1,9,0,15,0,0,0,0,0,0,1,1,6,1,44,7,1149,1,8,-1,1,-1
201597NE00711,2,3,0,18,0,0,0,0,0,0,1,1,6,1,40,7,124,1,1,-1,1,-1
201597NE00805,1,9,0,15,0,8,0,0,0,0,1,1,6,2,52,8,1461,2,5,-1,3,-1
201597NE00805,2,9,0,10,0,8,0,0,0,0,1,1,6,2,65,9,998,1,15,-1,1,-1
201597NE00805,3,11,0,5,0,8,0,0,0,0,0,1,1,1,65,9,6696,2,2,-1,1,-1
201597NE00805,4,9,0,10,0,8,0,0,0,0,1,1,6,1,29,6,1596,1,3,-1,1,-1
201597NE00807,1,9,0,16,0,0,1,4,0,11,1,1,6,1,20,4,1590,1,10,-1,1,-1
201597NE00807,2,9,0,2,0,0,0,0,0,11,1,1,6,3,30,6,1398,2,11,-1,-1,-1
201597NE00807,3,9,0,2,0,0,0,0,0,11,3,1,6,3,30,6,-1,-1,-1,-1,-1,-1
201597NE00911,1,1,0,9,0,6,0,0,0,0,4,1,6,1,17,4,-1,-1,-1,-1,1,-1
201597NE00911,2,9,0,18,0,1,0,0,0,0,1,1,6,1,25,5,-1,-1,-1,-1,1,-1
201597NE01009,1,9,0,18,0,0,0,0,0,0,1,1,6,1,20,4,1596,1,5,-1,1,-1
201597NE01009,2,9,0,18,0,0,0,0,0,0,2,1,6,2,20,4,1968,2,9,-1,1,-1
201597NE01009,3,9,0,18,0,0,0,0,0,0,2,1,6,1,18,4,1596,1,3,-1,1,-1
201597NE01011,1,9,0,16,0,0,0,0,0,0,4,1,6,1,69,10,2685,2,11,-1,3,-1
201597NE01102,1,9,0,18,0,0,0,0,7,0,1,1,6,1,58,9,1951,2,12,-1,1,-1
201597NE01102,2,9,0,6,0,0,0,0,7,0,3,1,6,1,54,8,1598,1,11,-1,1,-1
201597NE01104,1,5,0,18,0,0,0,0,0,0,1,1,2,1,61,9,-1,-1,-1,-1,-1,-1
201597NE01207,1,9,0,18,0,6,0,0,0,0,1,1,6,1,31,6,1685,2,3,-1,3,-1
201597NE01207,2,9,0,7,0,1,0,0,1,9,4,1,6,1,70,10,1200,1,-1,-1,-1,-1
201597NE01209,1,9,0,18,0,0,0,0,0,0,1,1,6,1,18,4,1198,1,2,-1,3,-1
201597NE01305,1,9,0,17,0,0,1,10,7,11,1,1,2,1,32,6,1995,2,11,-1,1,-1
201597NE01407,1,9,0,18,0,0,0,0,0,0,1,1,1,2,60,9,1598,1,12,-1,1,-1
201597NE01407,2,9,0,4,0,0,0,0,0,0,2,1,6,1,63,9,-1,-1,-1,-1,1,-1
201597NE01410,1,9,0,18,0,1,0,0,0,0,3,1,6,2,48,8,1995,2,-1,-1,3,-1
201597NE01410,2,9,0,18,0,1,1,10,0,0,3,1,6,2,52,8,1349,1,4,-1,1,-1
201597NE01411,1,9,0,3,0,0,0,0,0,0,1,1,2,1,18,4,1598,1,13,-1,1,-1
201597NE01411,2,9,0,2,0,0,0,0,0,0,0,1,6,3,-1,-1,1360,1,13,-1,1,-1
201597NE01412,1,9,0,18,0,0,0,0,0,0,1,1,6,1,20,4,1242,1,13,-1,1,-1
201597NE01502,1,9,0,18,0,0,1,0,0,0,1,1,2,2,28,6,1598,1,6,-1,1,-1
201597NE01511,1,9,0,18,0,0,0,0,0,0,3,1,3,2,44,7,1560,2,1,-1,1,-1
201597NE01602,1,9,0,18,0,1,0,0,0,0,1,2,6,1,17,4,1242,1,3,-1,1,-1
201597NE01602,2,9,0,9,0,1,0,0,0,0,3,2,1,1,28,6,1995,2,5,-1,1,-1
201597NE01606,1,8,0,5,0,0,0,0,0,0,1,1,6,1,51,8,1685,2,1,-1,1,-1
201597NE01606,2,8,0,18,0,0,0,0,0,0,3,1,6,1,51,8,1753,2,4,-1,1,-1
201597NE01607,1,9,0,5,0,2,0,0,0,0,1,1,6,1,67,10,1560,2,1,-1,1,-1
201597NE01607,2,9,0,3,0,2,0,0,0,0,2,1,6,2,24,5,1598,1,-1,-1,1,-1
201597NE01607,3,9,0,3,0,2,0,0,0,0,2,1,6,1,22,5,998,1,2,-1,1,-1
201597NE01607,4,9,0,3,0,2,0,0,0,0,2,1,6,1,49,8,1968,2,8,-1,1,-1
201597NE01608,1,9,0,9,0,0,0,0,0,0,1,1,6,2,25,5,1998,8,-1,-1,-1,-1
201597NE01608,2,9,0,9,0,0,0,0,0,0,1,1,6,2,28,6,2000,2,15,-1,3,-1
201597NE01806,1,1,0,18,0,1,0,0,0,0,1,1,4,2,8,2,-1,-1,-1,-1,1,-1
201597NE01806,2,9,0,7,0,1,0,0,0,0,4,1,1,2,35,6,-1,-1,-1,-1,1,-1
201597NE01808,1,9,0,4,0,0,0,0,0,0,1,1,6,2,61,9,1591,1,2,-1,1,-1
201597NE01808,2,9,0,4,0,0,0,0,0,0,2,1,2,2,54,8,1686,2,1,-1,1,-1
201597NE01809,1,9,0,18,0,0,0,0,0,0,4,1,3,1,59,9,-1,-1,-1,-1,1,-1
201597NE01904,1,9,0,9,0,1,0,0,0,0,1,1,6,2,54,8,1598,2,1,-1,1,-1
201597NE01904,2,1,0,18,9,1,0,0,0,0,1,1,2,1,49,8,-1,-1,-1,-1,1,-1
201597NE01905,1,9,0,18,0,4,0,0,3,11,1,1,6,1,77,11,1560,2,2,-1,1,-1
201597NE01905,2,9,0,18,0,4,0,0,0,0,2,1,6,1,81,11,1229,1,2,-1,2,-1
201597NE01908,1,9,0,12,0,0,0,0,0,0,3,1,1,1,32,6,1390,1,2,-1,1,-1
201597NE01908,2,5,0,13,0,0,0,0,0,0,4,1,1,1,35,6,1352,1,4,-1,1,-1
201597NE01912,1,9,0,18,0,8,0,0,0,0,4,1,6,2,17,4,1198,1,11,-1,2,-1
201597NE01912,2,9,0,18,0,8,0,0,0,0,3,1,6,1,17,4,1995,2,-1,-1,2,-1
201597NE02002,1,9,0,18,0,6,0,0,0,0,1,1,6,1,83,11,1582,2,2,-1,1,-1
201597NE02009,1,1,0,9,0,6,0,0,0,0,3,1,6,2,50,8,-1,-1,-1,-1,3,-1
201597NE02009,2,9,0,18,0,1,0,0,0,0,1,1,6,1,37,7,1591,1,2,-1,1,-1
201597NE02102,1,9,0,9,0,6,0,0,0,0,1,1,6,1,58,9,998,1,1,-1,-1,-1
201597NE02102,2,9,0,18,0,8,0,0,0,0,3,1,6,2,32,6,1461,2,5,-1,1,-1
201597NE02206,1,9,0,18,0,3,1,10,3,1,1,1,6,2,58,9,1399,2,10,-1,1,-1
201597NE02208,1,9,0,18,0,1,1,0,0,0,1,1,6,2,30,6,1582,2,3,-1,1,-1
201597NE02208,2,9,0,18,0,1,0,0,0,0,1,1,1,2,39,7,1248,1,2,-1,3,-1
201597NE02208,3,9,0,9,0,1,0,0,0,0,2,1,6,2,54,8,-1,-1,-1,-1,3,-1
201597NE02210,1,9,0,9,0,4,0,0,0,0,1,1,6,1,18,4,1229,1,3,-1,1,-1
201597NE02210,2,3,0,18,0,3,0,0,0,0,4,1,6,1,23,5,125,1,1,-1,1,-1
201597NE02212,1,9,0,18,0,0,0,0,0,0,4,1,6,1,20,4,1229,1,8,-1,-1,-1
201597NE02308,1,9,0,17,0,7,0,0,0,0,2,1,2,2,20,4,998,1,8,-1,1,-1
201597NE02308,2,9,0,17,0,7,0,0,0,0,1,1,2,2,26,6,998,1,5,-1,3,-1
201597NE02311,1,9,0,1,0,8,0,0,0,0,2,1,6,1,48,8,1598,2,1,-1,1,-1
201597NE02312,1,9,0,16,0,0,1,0,1,4,4,1,2,1,55,8,1686,2,8,-1,1,-1
201597NE02502,1,9,0,18,0,1,0,0,0,0,1,1,6,2,30,6,1149,1,2,-1,1,-1
201597NE02502,2,9,0,18,0,1,0,0,0,0,1,1,6,1,30,6,1197,1,2,-1,1,-1
201597NE02502,3,9,0,2,0,2,0,0,0,0,2,1,6,1,30,6,998,1,12,-1,1,-1
201597NE02504,1,8,0,18,0,0,0,0,0,0,0,1,1,3,50,8,-1,-1,-1,-1,-1,-1
201597NE02504,2,9,0,18,0,0,0,0,0,0,0,1,6,3,40,7,-1,-1,-1,-1,-1,-1
201597NE02505,1,9,0,18,0,1,0,0,0,0,1,1,1,1,27,6,1242,1,6,-1,1,-1
201597NE02505,2,9,0,3,0,1,0,0,0,0,2,1,6,1,70,10,1560,2,-1,-1,1,-1
201597NE02509,1,9,0,4,0,0,0,0,0,0,2,1,6,1,57,9,1896,2,15,-1,1,-1
201597NE02509,2,9,0,3,0,0,0,0,0,0,1,1,6,1,46,8,1997,2,6,-1,1,-1
201597NE02511,1,9,0,18,0,0,0,0,0,0,0,1,6,1,28,6,-1,-1,-1,-1,1,-1
201597NE02511,2,9,0,18,0,0,0,0,0,0,1,1,6,2,47,8,1198,1,2,-1,1,-1
201597NE02512,1,9,0,18,9,0,5,4,0,2,1,1,2,1,37,7,1405,1,11,-1,-1,-1
201597NE02512,2,9,0,2,9,0,5,4,0,2,1,1,6,2,52,8,1796,1,6,-1,1,-1
201597NE02601,1,9,0,18,0,0,1,0,0,0,4,1,6,1,26,6,1390,1,5,-1,1,-1
201597NE02601,2,9,0,2,0,0,0,0,0,0,4,1,6,2,22,5,1598,1,1,-1,1,-1
201597NE02605,1,9,0,18,0,1,0,0,0,0,1,1,6,2,30,6,1598,2,3,-1,2,-1
201597NE02605,2,9,0,9,0,1,0,0,0,0,1,1,6,2,30,6,1242,1,1,-1,2,-1
201597NE02608,1,9,0,18,0,1,0,0,0,0,1,1,1,1,27,6,-1,-1,-1,-1,1,-1
201597NE02608,2,9,0,16,0,1,0,0,0,0,2,1,6,1,47,8,1997,2,8,-1,2,-1
201597NE02608,3,9,0,18,0,1,0,0,0,0,1,1,2,1,44,7,1997,2,1,-1,2,-1
201597NE02701,1,9,0,9,0,6,0,0,0,0,0,1,6,1,20,4,-1,-1,-1,-1,-1,-1
201597NE02701,2,11,0,18,0,8,0,0,0,0,0,1,1,1,29,6,7300,2,9,-1,1,-1
201597NE02703,1,9,0,18,0,4,0,0,0,0,3,1,6,2,31,6,1984,2,6,-1,1,-1
201597NE02703,2,9,0,9,0,3,0,0,0,0,1,1,6,1,47,8,1997,2,6,-1,-1,-1
201597NE02704,1,11,0,5,0,0,0,4,0,0,1,1,1,1,48,8,9600,2,14,-1,1,-1
201597NE02704,2,11,0,2,0,0,0,0,0,0,2,1,1,1,24,5,6696,2,2,-1,1,-1
201597NE02712,1,9,0,2,0,0,0,0,0,0,2,1,1,2,22,5,1360,1,5,-1,1,-1
201597NE02712,2,9,0,18,0,0,0,0,0,0,1,1,1,1,51,8,1248,2,7,-1,1,-1
201597NE02801,1,9,0,18,0,3,0,0,0,0,1,1,6,2,40,7,-1,-1,-1,-1,-1,-1
201597NE02801,2,9,0,18,0,4,0,0,0,0,2,1,1,2,19,4,1124,1,11,-1,1,-1
201597NE02805,1,9,0,18,0,0,0,0,0,0,1,1,6,2,23,5,973,1,13,-1,1,-1
201597NE02805,2,9,0,4,0,0,0,0,7,0,2,1,6,1,31,6,1461,2,14,-1,1,-1
201597NE02910,1,9,0,18,0,1,0,0,0,0,1,1,6,1,25,5,1598,2,3,-1,1,-1
201597NE03002,1,9,0,9,0,1,0,0,0,0,1,1,6,1,32,6,1968,2,4,-1,1,-1
201597NE03002,2,9,0,18,0,1,0,0,0,0,1,1,6,2,50,8,-1,-1,-1,-1,1,-1
201597NE03005,1,9,0,5,0,4,0,0,0,0,3,1,6,2,66,10,1461,2,2,-1,3,-1
201597NE03005,2,9,0,9,0,3,0,0,0,0,1,1,6,2,57,9,1149,1,6,-1,1,-1
201597NE03008,1,9,0,3,0,0,0,0,0,0,1,1,6,2,40,7,-1,-1,-1,-1,-1,-1
201597NE03008,2,9,0,3,0,0,0,0,0,0,2,1,6,2,29,6,3189,1,11,-1,1,-1
201597NE03011,1,9,0,15,0,0,0,0,0,0,3,1,2,1,49,8,1560,2,2,-1,-1,-1
201597NE03011,2,9,0,18,0,0,0,0,0,0,3,1,2,1,22,5,1590,1,14,-1,3,-1
201597NE03102,1,9,0,18,0,0,0,0,0,0,3,1,6,1,30,6,-1,-1,-1,-1,-1,-1
201597NE03110,1,11,0,16,9,8,0,10,0,0,4,1,1,1,40,7,-1,-1,-1,-1,-1,-1
201597NE03201,1,9,0,18,0,1,0,0,0,0,4,1,6,1,29,6,1896,2,11,-1,2,-1
201597NE03201,2,19,0,18,0,1,0,0,0,0,3,1,6,1,58,9,2143,2,2,-1,2,-1
201597NE03203,1,9,0,18,0,8,0,0,0,0,1,1,2,1,43,7,1598,1,1,-1,3,-1
201597NE03203,2,1,0,18,0,8,0,0,0,0,3,1,6,2,49,8,-1,-1,-1,-1,1,-1
201597NE03209,1,8,0,18,0,0,0,0,0,0,4,1,1,1,33,6,1896,2,6,-1,1,-1
201597NE03307,1,9,0,4,0,0,0,0,0,0,1,1,2,1,44,7,1598,1,5,-1,1,-1
201597NE03307,2,9,0,3,0,0,0,0,0,0,2,1,6,2,56,9,1685,2,-1,-1,1,-1
201597NE03310,1,9,0,4,0,2,0,0,0,0,3,1,6,2,29,6,1685,2,1,-1,1,-1
201597NE03311,1,9,0,18,0,4,0,4,0,0,1,1,2,1,24,5,1598,1,8,-1,2,-1
201597NE03311,2,9,0,4,0,4,0,0,0,0,2,1,2,2,30,6,1968,2,4,-1,-1,-1
201597NE03404,1,9,0,18,0,4,0,0,0,0,1,1,6,1,79,11,1461,2,3,-1,1,-1
201597NE03404,2,9,0,9,0,4,0,0,0,0,3,1,6,1,70,10,1686,2,10,-1,2,-1
201597NE03411,1,19,0,14,0,1,0,0,0,0,3,1,1,1,30,6,-1,-1,-1,-1,-1,-1
201597NE03411,2,9,0,9,0,6,0,0,0,0,3,1,6,2,26,6,1248,2,2,-1,1,-1
201597NE03412,1,11,0,18,0,0,0,0,0,0,1,1,1,1,45,7,7300,2,11,-1,1,-1
201597NE03605,1,9,0,4,0,1,0,0,0,0,1,1,6,2,44,7,1685,2,-1,-1,2,-1
201597NE03605,2,9,0,7,0,1,0,0,0,0,2,1,6,2,30,6,1298,1,15,-1,2,-1
201597NE03608,1,9,0,7,0,6,0,0,0,0,1,1,6,1,30,6,-1,-1,-1,-1,-1,-1
201597NE03612,1,9,0,18,0,0,0,0,0,0,2,1,2,2,49,8,1248,1,1,-1,3,-1
201597NE03612,2,9,0,18,0,0,0,0,0,0,1,1,4,1,17,4,1596,1,5,-1,3,-1
201597NE03912,1,9,0,18,0,6,0,0,3,11,4,1,6,2,40,7,1246,1,8,-1,1,-1
201597NE03912,2,9,0,18,0,1,0,0,0,0,1,1,6,2,36,7,999,1,2,-1,1,-1
201597NE04007,1,9,0,18,0,0,5,0,1,4,4,1,6,1,19,4,1242,1,11,-1,2,-1
201597NE04010,1,19,0,18,0,1,0,0,0,0,1,1,1,1,28,6,2198,2,-1,-1,1,-1
201597NE04010,2,9,0,4,0,1,0,0,0,0,2,1,1,2,64,9,1398,2,4,-1,1,-1
201597NE04112,1,8,0,18,0,6,0,0,0,0,3,1,6,2,33,6,1596,1,3,-1,1,-1
201597NE04112,2,9,0,18,0,8,0,0,0,0,1,1,2,1,18,4,-1,-1,-1,-1,-1,-1
201597NE04112,3,9,0,18,0,8,0,0,0,0,1,1,6,2,36,7,1349,1,5,-1,1,-1
201597NE04311,1,9,0,9,0,0,0,0,0,0,1,1,6,1,35,6,1242,1,1,-1,-1,-1
201597NE04312,1,9,0,2,0,0,0,0,0,0,2,1,6,1,-1,-1,1364,1,-1,-1,1,-1
201597NE04401,1,9,0,18,0,0,0,0,0,0,1,1,6,1,45,7,1560,2,2,-1,1,-1
201597NE04403,1,9,0,5,0,1,0,0,0,0,1,1,6,1,48,8,1386,1,9,-1,2,-1
201597NE04511,1,19,0,18,0,4,0,0,0,0,1,1,1,1,25,5,1753,2,6,-1,1,-1
201597NE04511,2,9,0,9,0,3,0,0,0,0,1,1,6,1,18,4,1248,2,7,-1,2,-1
201597NE04711,1,9,0,18,0,4,0,0,0,0,1,1,2,2,29,6,1984,1,5,-1,1,-1
201597NE04803,1,19,0,12,0,3,0,0,0,0,1,1,1,1,63,9,2148,2,7,-1,1,-1
201597NE04803,2,9,0,13,0,3,0,0,0,0,4,1,6,2,52,8,1149,1,5,-1,1,-1
201597NE04810,1,9,0,18,0,8,0,0,0,0,1,1,6,1,48,8,1598,1,2,-1,1,-1
201597NE04810,2,8,0,18,0,8,0,0,1,11,1,1,1,1,65,9,1598,2,2,-1,3,-1
201597NE04812,1,9,0,4,0,0,0,0,0,0,0,1,6,1,26,6,1396,1,16,-1,1,-1
201597NE04812,2,9,0,3,0,0,0,0,0,0,2,1,6,2,37,7,1969,2,1,-1,1,-1
201597NE04909,1,9,0,4,0,0,0,0,0,0,4,1,6,2,50,8,1364,1,1,-1,1,-1
201597NE04911,1,9,0,9,0,4,0,0,0,0,3,1,1,2,43,7,2777,2,7,-1,3,-1
201597NE04911,2,9,0,18,0,4,0,0,0,0,1,1,6,2,55,8,1198,1,6,-1,1,-1
201597NE04912,1,9,0,18,0,0,0,0,0,0,1,1,6,2,20,4,1364,1,10,-1,2,-1
201597NE05712,1,9,0,4,0,0,0,0,0,0,1,1,6,2,38,7,1997,2,6,-1,3,-1
201597NE06012,1,9,0,18,0,4,0,0,0,0,1,1,1,1,56,9,-1,-1,-1,-1,1,-1
201597NE06012,2,9,0,18,0,4,1,0,0,7,2,1,2,2,26,6,1390,1,10,-1,1,-1
201597NE06811,1,9,0,18,0,0,0,0,0,0,1,1,6,1,35,6,1229,1,-1,-1,3,-1
201597NE06811,2,9,0,18,0,0,0,0,0,0,1,1,6,2,37,7,1796,1,10,-1,1,-1
201597NE70101,1,9,0,9,0,2,0,0,0,0,1,1,6,2,31,6,1360,1,11,-1,1,-1
201597NE70101,2,9,0,2,9,2,0,0,0,0,3,1,1,1,53,8,1997,2,7,-1,1,-1
201597NE70107,1,9,0,9,0,8,0,0,0,0,1,1,6,2,32,6,1560,2,10,-1,-1,-1
201597NE70107,2,9,0,18,0,8,0,0,0,0,3,1,6,1,54,8,1197,1,2,-1,1,-1
201597NE70110,1,9,0,4,0,0,0,0,0,0,1,1,1,1,51,8,1896,2,5,-1,1,-1
201597NE70110,2,9,0,4,0,0,0,0,0,0,1,1,1,1,45,7,1598,2,1,-1,1,-1
201597NE70110,3,9,0,18,0,0,0,0,0,0,2,1,6,2,50,8,996,1,2,-1,1,-1
201597NE70110,4,9,0,3,0,0,0,0,0,0,2,1,6,1,44,7,2231,2,2,-1,-1,-1
201597NE70112,1,9,0,18,0,8,0,0,0,0,1,1,2,1,20,4,1364,1,5,-1,1,-1
201597NE70112,2,9,0,18,0,8,0,0,0,0,2,1,2,1,24,5,1598,2,-1,-1,1,-1
201597NE70201,1,9,0,17,0,0,0,0,1,11,1,1,6,2,26,6,-1,-1,-1,-1,1,-1
201597NE70202,1,9,0,9,0,1,0,0,0,0,0,1,6,2,33,6,1248,2,5,-1,3,-1
201597NE70202,2,9,0,18,0,1,0,4,0,0,1,1,2,1,36,7,1560,2,1,-1,3,-1
201597NE70202,3,19,0,3,0,1,0,0,0,0,1,1,1,3,20,4,1968,2,1,-1,1,-1
201597NE70205,1,9,0,17,0,0,1,0,0,0,1,1,6,1,27,6,1753,2,16,-1,2,-1
201597NE70205,2,19,0,18,0,0,0,0,0,0,1,1,6,2,44,7,1998,2,10,-1,-1,-1
201597NE70208,1,8,0,18,0,0,0,0,0,0,1,1,1,1,51,8,1560,2,4,-1,3,-1
201597NE70208,2,9,0,2,0,0,0,0,0,0,2,1,6,2,37,7,1198,1,5,-1,1,-1
201597NE70211,1,9,0,18,0,0,0,0,0,0,1,1,6,1,18,4,1229,1,1,-1,2,-1
201597NE70212,1,9,0,18,0,0,0,0,0,0,1,1,6,1,51,8,1968,2,3,-1,-1,-1
201597NE70212,2,9,0,2,0,0,0,0,0,0,2,1,6,2,30,6,1598,2,4,-1,1,-1
201597NE70305,1,9,0,7,0,6,0,0,0,0,3,1,6,2,43,7,1598,1,7,-1,1,-1
201597NE70305,2,9,0,7,0,8,0,0,0,0,3,1,6,1,28,6,1998,1,10,-1,1,-1
201597NE70307,1,9,0,13,0,0,0,0,7,0,1,1,6,1,34,6,1968,2,9,-1,1,-1
201597NE70307,2,9,0,18,0,0,0,0,0,0,1,1,6,1,54,8,2993,2,6,-1,1,-1
201597NE70309,1,11,0,18,0,0,0,0,0,0,1,1,1,2,41,7,5883,2,12,-1,1,-1
201597NE70403,1,9,0,18,0,0,0,0,0,0,1,1,6,1,52,8,-1,-1,-1,-1,2,-1
201597NE70406,1,11,0,4,0,0,0,0,0,0,4,2,1,1,57,9,7300,2,9,-1,1,-1
201597NE70409,1,9,0,4,0,0,0,0,0,0,1,1,6,1,69,10,1582,2,3,-1,3,-1
201597NE70409,2,9,0,4,0,0,0,0,0,0,2,1,6,2,46,8,1560,2,5,-1,1,-1
201597NE70409,3,9,0,3,0,0,0,0,0,0,2,1,6,1,58,9,1598,2,2,-1,1,-1
201597NE70503,1,9,0,6,0,0,0,0,0,0,3,1,6,1,21,5,1598,1,12,-1,3,-1
201597NE70503,2,5,0,18,0,0,0,0,0,0,1,1,6,1,41,7,998,1,11,-1,1,-1
201597NE70505,1,9,0,18,0,0,5,0,1,7,1,1,6,1,49,8,1341,1,13,-1,1,-1
201597NE70506,1,9,0,1,0,0,0,0,7,4,2,1,6,1,20,4,2495,2,12,-1,-1,-1
201597NE70506,2,9,0,1,0,0,1,0,7,0,1,1,1,1,36,7,2993,2,-1,-1,-1,-1
201597NE70512,1,9,0,18,0,8,0,0,0,0,3,1,2,2,22,5,1229,1,2,-1,3,-1
201597NE70512,2,3,0,18,0,8,0,0,0,0,1,1,2,1,22,5,124,1,24,-1,1,-1
201597NE70602,1,5,5,18,0,0,2,0,0,0,3,1,6,1,39,7,-1,-1,-1,-1,-1,-1
201597NE70609,1,9,0,17,9,0,0,0,1,11,1,1,6,1,24,5,1998,2,9,-1,1,-1
201597NE70611,1,19,0,16,0,0,2,0,1,9,1,1,1,1,60,9,1870,2,11,-1,1,-1
201597NE70703,1,9,0,18,0,0,0,0,0,0,1,1,2,2,18,4,-1,-1,-1,-1,1,-1
201597NE70703,2,9,0,4,0,0,0,0,0,0,2,1,6,2,31,6,1587,1,13,-1,1,-1
201597NE70711,1,9,0,4,0,0,0,0,0,0,1,2,2,1,23,5,-1,-1,-1,-1,1,-1
201597NE70711,2,9,0,4,0,0,0,4,0,0,2,1,6,1,23,5,1396,1,3,-1,1,-1