Accident_Index,Vehicle_Reference,Vehicle_Type,Towing_and_Articulation,Vehicle_Manoeuvre,Vehicle_Location-Restricted_Lane,Junction_Location,Skidding_and_Overturning,Hit_Object_in_Carriageway,Vehicle_Leaving_Carriageway,Hit_Object_off_Carriageway,1st_Point_of_Impact,Was_Vehicle_Left_Hand_Drive?,Journey_Purpose_of_Driver,Sex_of_Driver,Age_of_Driver,Age_Band_of_Driver,Engine_Capacity_(CC),Propulsion_Code,Age_of_Vehicle,Driver_IMD_Decile,Driver_Home_Area_Type,Vehicle_IMD_Decile
201597QB01709,1,9,0,18,0,3,0,0,0,0,3,1,6,3,21,5,-1,-1,-1,-1,-1,-1
201597QB01709,2,9,0,18,0,3,0,0,0,1,4,1,2,2,45,7,1461,2,3,-1,1,-1
201597QB01712,1,21,0,18,0,0,0,0,0,0,1,1,6,1,40,7,8867,2,6,-1,1,-1
201597QB01712,2,9,0,2,0,0,0,0,0,0,2,1,6,1,35,6,1396,1,11,-1,1,-1
201597QB01805,1,9,0,18,0,0,0,0,0,0,1,1,1,1,53,8,1956,2,-1,-1,1,-1
201597QB01805,2,1,0,18,0,0,0,0,0,0,4,1,4,2,10,2,-1,-1,-1,-1,1,-1
201597QB01903,1,9,0,18,0,1,0,0,0,0,1,1,6,2,33,6,1900,2,15,-1,1,-1
201597QB01903,2,9,0,18,0,1,0,0,0,0,2,1,6,2,54,8,2231,2,3,-1,1,-1
201597QB02010,1,19,0,18,0,0,0,0,0,0,4,1,1,1,57,9,-1,-1,-1,-1,3,-1
201597QB02010,2,9,0,18,0,0,0,0,0,0,3,1,6,1,47,8,-1,-1,-1,-1,1,-1
201597QB02101,1,9,0,18,0,0,0,0,1,11,1,1,6,1,27,6,998,1,7,-1,1,-1
201597QB02102,1,3,0,16,0,0,1,0,0,0,4,1,2,1,32,6,125,1,2,-1,1,-1
201597QB02105,1,3,0,14,0,0,0,0,0,0,1,1,2,1,20,4,125,1,2,-1,1,-1
201597QB02105,2,8,0,10,0,0,0,0,0,0,3,1,6,1,48,8,1896,2,5,-1,1,-1
201597QB02106,1,9,0,9,0,5,0,0,0,0,1,1,6,2,53,8,1997,2,12,-1,1,-1
201597QB02106,2,9,0,18,0,1,0,0,0,0,1,1,6,2,40,7,1560,2,1,-1,1,-1
201597QB02108,1,9,0,18,0,0,0,0,0,0,1,1,2,2,35,6,-1,-1,-1,-1,1,-1
201597QB02108,2,8,0,4,0,0,0,0,0,0,2,1,1,1,59,9,1997,2,1,-1,1,-1
201597QB02109,1,9,0,6,0,0,0,0,0,0,1,1,6,1,24,5,1197,1,4,-1,1,-1
201597QB02109,2,9,0,13,0,0,0,0,0,0,4,1,6,2,24,5,998,1,1,-1,-1,-1
201597QB02304,1,9,0,18,0,0,0,0,0,0,3,1,6,1,31,6,2143,2,-1,-1,1,-1
201597QB02304,2,8,0,18,0,0,0,0,0,0,3,1,1,2,49,8,1997,2,4,-1,1,-1
201597QB02305,1,9,0,18,9,1,5,0,7,0,1,1,6,2,47,8,998,1,10,-1,1,-1
201597QB02305,2,9,0,18,0,1,0,0,0,0,1,1,6,1,39,7,1995,2,4,-1,1,-1
201597QB02404,1,9,0,13,0,0,5,0,0,0,4,1,6,1,25,5,1390,1,11,-1,1,-1
201597QB02404,2,21,1,18,0,0,0,0,0,0,3,1,1,1,55,8,10308,2,3,-1,1,-1
201597QB02405,1,9,0,16,0,0,2,0,7,10,1,1,2,1,20,4,1229,1,4,-1,3,-1
201597QB02406,1,9,0,15,0,0,0,0,0,0,1,1,6,1,58,9,1461,2,-1,-1,1,-1
201597QB02406,2,1,0,18,0,0,0,0,0,0,0,1,2,1,50,8,-1,-1,-1,-1,1,-1
201597QB02504,1,1,0,18,0,0,0,0,0,0,1,1,6,1,4,1,-1,-1,-1,-1,-1,-1
201597QB02504,2,9,0,18,0,0,0,0,0,0,4,1,6,1,40,7,-1,-1,-1,-1,-1,-1
201597QB02509,1,9,0,18,0,0,0,0,0,0,1,1,6,2,34,6,1997,2,12,-1,2,-1
201597QB02509,2,9,0,18,0,0,0,0,0,0,1,1,6,1,71,10,1229,1,2,-1,2,-1
201597QB02608,1,5,0,17,0,0,2,0,1,10,4,1,6,1,37,7,918,1,17,-1,-1,-1
201597QB02612,1,9,0,14,0,1,0,4,0,0,1,1,6,2,48,8,1461,2,1,-1,1,-1
201597QB02612,2,9,0,3,0,1,0,0,0,0,1,1,6,1,36,7,1588,1,10,-1,1,-1
201597QB02805,1,9,0,17,9,0,2,0,8,2,1,1,6,1,35,6,1998,1,9,-1,1,-1
201597QB02808,1,11,0,3,0,4,0,0,0,0,1,1,1,1,50,8,4250,2,1,-1,1,-1
201597QB02808,2,11,0,3,0,4,0,0,0,0,2,1,1,1,34,6,6696,2,2,-1,1,-1
201597QB02810,1,9,0,7,9,6,0,0,1,11,1,1,2,2,29,6,1339,1,7,-1,1,-1
201597QB02901,1,19,0,18,0,8,0,0,0,0,1,1,1,1,40,7,1896,2,10,-1,1,-1
201597QB02904,1,9,0,18,0,0,1,0,7,11,1,1,6,1,28,6,1199,1,11,-1,1,-1
201597QB02906,1,9,0,18,0,0,0,0,0,0,1,1,6,2,50,8,1560,2,6,-1,-1,-1
201597QB02906,2,9,0,18,0,0,0,0,0,0,2,1,6,1,29,6,1595,1,11,-1,1,-1
201597QB03003,1,9,0,18,0,0,2,0,7,11,4,1,6,1,71,10,1242,1,7,-1,1,-1
201597QB03008,1,9,0,15,0,0,2,0,7,11,1,1,6,1,26,6,1731,1,13,-1,1,-1
201597QB03008,2,9,0,18,0,0,0,0,0,0,4,1,6,1,81,11,1596,1,9,-1,1,-1
201597QB03010,1,3,0,7,9,6,0,0,1,0,4,1,2,1,45,7,125,1,4,-1,1,-1
201597QB03104,1,9,0,17,0,0,2,0,0,7,4,1,6,1,27,6,1124,1,11,-1,1,-1
201597QB03106,1,19,0,1,0,0,0,0,0,0,2,1,6,1,30,6,2198,2,7,-1,-1,-1
201597QB03111,1,19,0,9,9,0,0,0,0,0,1,1,1,1,49,8,2143,2,2,-1,3,-1
201597QB03201,1,9,0,4,0,0,0,0,0,0,2,1,2,1,40,7,-1,-1,-1,-1,1,-1
201597QB03201,2,9,0,4,0,0,0,0,0,0,2,1,2,1,40,7,2231,2,4,-1,3,-1
201597QB03201,3,9,0,4,0,0,0,0,0,0,1,1,6,1,25,5,1389,1,12,-1,1,-1
201597QB03201,4,9,0,4,0,0,0,0,0,0,1,1,6,1,25,5,1895,1,13,-1,1,-1
201597QB03201,5,9,0,4,0,0,0,0,0,0,1,1,6,2,20,4,1124,1,12,-1,1,-1
201597QB03207,1,1,0,18,0,1,0,0,1,0,1,1,6,1,46,8,-1,-1,-1,-1,1,-1
201597QB03207,2,9,0,9,0,1,0,0,0,0,0,1,6,3,25,5,-1,-1,-1,-1,-1,-1
201597QB03302,1,9,0,16,0,0,0,0,0,0,1,1,2,1,30,6,-1,-1,-1,-1,2,-1
201597QB03302,2,9,0,17,0,0,0,0,0,0,1,1,6,2,30,6,1598,2,3,-1,3,-1
201597QB03306,1,9,0,18,0,0,1,0,0,0,1,1,6,1,24,5,-1,-1,-1,-1,-1,-1
201597QB03309,1,9,0,18,0,0,0,0,0,0,3,1,6,1,34,6,1397,1,3,-1,1,-1
201597QB03309,2,9,0,18,0,0,0,0,0,0,3,1,6,2,47,8,998,1,2,-1,3,-1
201597QB03310,1,11,0,18,0,1,0,0,0,0,1,1,1,2,52,8,11967,2,4,-1,1,-1
201597QB03310,2,19,0,4,0,1,0,0,0,0,2,1,6,2,22,5,2464,2,8,-1,1,-1
201597QB03311,1,9,0,18,0,4,0,0,0,0,1,1,6,2,50,8,1461,2,1,-1,1,-1
201597QB03311,2,9,0,9,0,3,0,0,0,0,4,1,6,1,19,4,1197,1,1,-1,1,-1
201597QB03402,1,9,0,6,0,7,0,0,0,0,3,1,6,1,32,6,-1,-1,-1,-1,1,-1
201597QB03402,2,9,0,18,0,1,0,0,1,2,1,1,6,2,19,4,1229,1,8,-1,1,-1
201597QB03402,3,11,0,18,0,1,0,0,0,0,1,1,6,1,31,6,12600,2,11,-1,1,-1
201597QB03405,1,9,0,18,0,0,5,0,0,0,4,1,6,2,34,6,1248,2,11,-1,1,-1
201597QB03405,2,9,0,2,0,0,0,0,0,0,3,1,6,1,28,6,1686,2,12,-1,1,-1
201597QB03405,3,9,0,2,0,0,0,0,0,0,2,1,6,1,28,6,1199,1,14,-1,1,-1
201597QB03408,1,9,0,17,0,1,0,0,0,0,1,1,1,2,24,5,-1,-1,-1,-1,1,-1
201597QB03408,2,9,0,3,0,1,0,0,0,0,2,1,6,1,24,5,1390,1,11,-1,1,-1
201597QB03408,3,9,0,10,0,1,0,0,0,0,2,1,2,2,22,5,1398,1,4,-1,1,-1
201597QB03409,1,9,0,16,0,1,0,0,0,0,0,1,6,3,39,7,-1,-1,-1,-1,-1,-1
201597QB03411,1,9,0,18,0,1,0,0,0,0,1,1,6,1,24,5,1598,1,1,-1,1,-1
201597QB03411,2,9,0,17,0,1,0,0,0,0,1,1,6,1,24,5,-1,-1,-1,-1,1,-1
201597QB03502,1,9,0,17,0,0,2,0,1,9,1,1,2,1,56,9,-1,-1,-1,-1,-1,-1
201597QB03504,1,9,0,18,0,0,0,0,0,0,4,1,6,1,25,5,1968,2,6,-1,1,-1
201597QB03601,1,9,0,5,0,0,0,0,0,0,4,1,6,2,87,11,1242,1,15,-1,1,-1
201597QB03601,2,9,0,5,0,0,0,0,0,0,3,1,6,2,20,4,1229,1,2,-1,1,-1
201597QB03603,1,9,0,4,0,1,0,0,0,0,1,1,6,1,44,7,1796,1,9,-1,1,-1
201597QB03603,2,9,0,9,0,1,0,0,0,0,2,1,3,2,32,6,1868,2,16,-1,2,-1
201597QB03607,1,9,0,16,0,0,1,0,2,2,1,1,6,1,36,7,1598,1,10,-1,1,-1
201597QB03611,1,9,0,1,0,0,0,0,0,0,2,1,6,3,30,6,2765,2,20,-1,2,-1
201597QB03611,2,9,0,2,0,0,0,0,0,0,1,1,6,2,49,8,1242,1,1,-1,1,-1
201597QB03708,1,9,0,18,0,3,0,0,0,0,0,1,6,3,60,9,1229,1,2,-1,-1,-1
201597QB03708,2,9,0,18,0,3,0,0,1,0,0,1,6,1,25,5,1364,1,-1,-1,2,-1
201597QB03712,1,9,0,5,0,8,0,0,0,0,1,1,6,2,38,7,799,2,5,-1,1,-1
201597QB03712,2,9,0,9,0,8,0,0,0,0,1,1,6,1,25,5,1598,1,6,-1,1,-1
201597QB03801,1,9,0,9,0,8,0,0,0,0,1,1,6,1,69,10,1339,1,3,-1,2,-1
201597QB03801,2,19,0,18,0,8,1,0,7,0,4,1,6,1,47,8,2198,2,2,-1,-1,-1
201597QB03804,1,9,0,5,0,0,0,0,0,0,3,1,6,1,77,11,1896,2,11,-1,3,-1
201597QB03804,2,9,0,18,0,0,0,0,0,0,1,1,2,1,35,6,1490,1,7,-1,-1,-1
201597QB03811,1,9,0,5,0,1,0,0,0,0,1,1,6,1,64,9,1149,1,9,-1,1,-1
201597QB03811,2,9,0,18,0,1,0,0,0,0,1,1,6,3,-1,-1,-1,-1,-1,-1,-1,-1
201597QB03812,1,9,0,3,0,1,0,0,0,0,4,1,6,1,-1,-1,1229,1,6,-1,1,-1
201597QB03812,2,9,0,4,0,1,0,0,1,11,3,1,6,1,30,6,1560,2,3,-1,1,-1
201597QB03905,1,9,0,18,0,1,0,0,0,0,0,1,6,2,53,8,1999,1,7,-1,3,-1
201597QB03905,2,2,0,18,0,1,0,0,0,0,4,1,6,1,19,4,49,1,14,-1,2,-1
201597QB03907,1,19,0,5,0,4,0,0,0,0,1,1,2,1,31,6,2198,2,-1,-1,1,-1
201597QB03907,2,9,0,18,0,8,0,0,0,0,4,1,2,1,54,8,1388,1,10,-1,1,-1
201597QB03910,1,9,0,7,0,0,0,0,0,0,3,1,6,1,33,6,1753,2,6,-1,2,-1
201597QB03910,2,9,0,18,0,0,0,0,0,0,1,1,6,2,78,11,1360,1,8,-1,2,-1
201597QB03911,1,2,0,18,0,0,1,0,0,0,1,1,1,1,24,5,49,1,6,-1,1,-1
201597QB03912,1,9,0,9,0,2,0,0,0,0,3,1,6,2,30,6,-1,-1,-1,-1,1,-1
201597QB04102,1,9,0,18,0,0,1,0,0,0,1,1,1,1,41,7,-1,-1,-1,-1,-1,-1
201597QB04102,2,9,0,18,0,0,0,0,1,9,1,1,6,2,53,8,-1,-1,-1,-1,1,-1
201597QB04103,1,19,0,5,0,6,0,0,0,0,3,1,6,1,18,4,2198,2,2,-1,-1,-1
201597QB04103,2,9,0,18,0,1,0,0,0,0,1,1,6,2,81,11,1398,1,11,-1,1,-1
201597QB04109,1,9,0,18,0,0,0,0,0,0,3,1,3,2,50,8,2687,1,8,-1,1,-1
201597QB04307,1,9,0,18,0,1,0,0,0,0,1,1,6,1,53,8,1560,2,2,-1,1,-1
201597QB04411,1,9,0,9,0,6,0,0,0,0,3,1,6,1,57,9,1998,1,12,-1,1,-1
201597QB04411,2,9,0,18,0,8,0,0,0,0,1,1,3,2,45,7,1582,2,2,-1,1,-1
201597QB04503,1,19,0,1,0,0,0,0,0,0,2,1,1,1,30,6,2198,2,4,-1,1,-1
201597QB04508,1,9,0,17,0,0,0,0,0,0,3,1,2,1,20,4,1242,1,9,-1,1,-1
201597QB04508,2,20,0,16,0,0,0,0,0,0,3,1,1,1,44,7,10518,2,5,-1,1,-1
201597QB04603,1,9,0,18,0,0,0,0,0,0,1,1,2,1,24,5,-1,-1,-1,-1,3,-1
201597QB04603,2,9,0,7,0,0,0,0,0,11,2,1,2,2,57,9,1198,1,6,-1,1,-1
201597QB04603,3,9,0,18,0,0,0,0,0,0,1,1,6,2,28,6,2199,2,6,-1,3,-1
201597QB04607,1,9,0,18,0,4,5,9,0,0,1,1,6,2,56,9,1598,1,12,-1,1,-1
201597QB04801,1,9,0,18,0,1,0,0,0,0,4,1,6,2,22,5,998,1,3,-1,1,-1
201597QB04801,2,9,0,9,0,1,0,0,0,0,4,1,6,1,36,7,-1,-1,-1,-1,1,-1
201597QB04809,1,9,0,5,0,0,0,0,0,0,1,1,6,2,22,5,1229,1,6,-1,1,-1
201597QB04901,1,19,0,12,0,1,0,0,0,0,3,1,1,1,45,7,4250,2,15,-1,1,-1
201597QB04901,2,9,0,18,0,1,0,0,0,0,4,1,1,1,49,8,1248,2,3,-1,1,-1
201597QB04909,1,9,0,18,0,0,0,0,0,0,4,1,6,1,68,10,1998,1,13,-1,1,-1
201597QB05011,1,9,0,18,0,3,0,0,0,0,1,1,6,1,50,8,1560,2,5,-1,1,-1
201597QB05107,1,9,0,5,0,0,0,0,0,0,1,1,6,1,45,7,1998,2,5,-1,3,-1
201597QB05107,2,9,0,5,0,0,0,0,0,0,2,1,6,2,19,4,1199,1,13,-1,2,-1
201597QB05110,1,19,0,5,0,4,0,0,0,0,3,1,2,1,63,9,2299,2,4,-1,1,-1
201597QB05110,2,90,0,18,0,3,0,0,0,0,1,1,6,1,32,6,-1,-1,-1,-1,1,-1
201597QB05212,1,9,0,4,0,0,0,0,0,0,2,1,6,2,25,5,2993,2,2,-1,1,-1
201597QB05212,2,9,0,4,0,0,0,0,0,0,2,1,6,1,61,9,2402,2,6,-1,1,-1
201597QB05212,3,9,0,4,0,0,0,0,0,0,1,1,2,2,33,6,1390,1,3,-1,1,-1
201597QB05307,1,9,0,4,0,0,0,0,0,0,1,1,6,1,60,9,1598,1,1,-1,1,-1
201597QB05307,2,1,0,18,0,0,0,0,1,0,1,1,6,1,47,8,-1,-1,-1,-1,1,-1
201597QB05312,1,9,0,9,0,3,0,0,0,0,1,1,6,1,39,7,1296,1,7,-1,1,-1
201597QB05312,2,9,0,18,0,3,0,0,0,0,4,1,6,2,53,8,1299,1,10,-1,1,-1
201597QB05407,1,20,0,18,0,0,0,0,0,0,2,1,6,1,28,6,-1,-1,-1,-1,-1,-1
201597QB05407,2,9,0,2,0,0,0,0,0,0,2,1,6,1,52,8,1598,1,-1,-1,1,-1
201597QB05412,1,9,0,17,6,0,0,0,1,0,0,1,2,1,54,8,1598,1,11,-1,3,-1
201597QB05503,1,9,0,17,0,0,2,0,8,1,3,1,6,1,21,5,-1,-1,-1,-1,1,-1
201597QB05507,1,9,0,18,0,0,0,0,0,0,1,1,6,2,37,7,1560,2,3,-1,1,-1
201597QB05507,2,9,0,4,0,0,0,0,0,0,2,1,6,2,58,9,1399,1,12,-1,2,-1
201597QB05508,1,9,0,5,0,0,0,0,0,0,4,1,6,1,67,10,1339,1,4,-1,1,-1
201597QB05607,1,1,0,18,0,0,0,0,0,0,1,1,6,2,6,2,-1,-1,-1,-1,1,-1
201597QB05607,2,9,0,4,0,0,0,0,0,0,4,1,1,1,60,9,1598,2,3,-1,1,-1
201597QB05707,1,9,0,5,0,6,0,0,3,0,1,1,6,1,49,8,1560,2,2,-1,1,-1
201597QB05707,2,9,0,18,0,1,0,0,0,0,4,1,1,1,26,6,-1,-1,-1,-1,1,-1
201597QB05708,1,9,0,18,0,0,0,0,0,0,2,1,6,1,32,6,1598,2,3,-1,-1,-1
201597QB05708,2,9,0,18,0,0,0,0,0,0,1,1,6,2,41,7,998,1,5,-1,-1,-1
201597QB05708,3,9,0,18,0,0,0,0,0,0,2,1,6,2,22,5,1399,2,3,-1,1,-1
201597QB05710,1,9,0,18,0,4,0,0,0,0,1,1,6,1,59,9,1560,2,2,-1,1,-1
201597QB05710,2,9,0,9,0,4,0,0,0,0,4,1,6,1,46,8,1339,1,6,-1,1,-1
201597QB05711,1,9,0,4,0,0,0,0,0,0,1,1,6,2,32,6,1968,2,6,-1,3,-1
201597QB05711,2,9,0,4,0,0,0,0,0,0,2,1,2,2,53,8,1248,1,-1,-1,1,-1
201597QB05711,3,9,0,4,0,0,0,0,0,0,1,1,2,2,51,8,1781,1,8,-1,1,-1
201597QB05711,4,9,0,4,0,0,0,0,0,0,2,1,6,2,32,6,1587,1,10,-1,1,-1
201597QB05810,1,9,0,1,0,0,0,0,0,0,2,1,6,1,17,4,998,1,2,-1,1,-1
201597QB05810,2,9,0,2,0,0,0,0,0,0,2,1,6,2,35,6,1995,2,3,-1,1,-1
201597QB06008,1,9,0,18,0,1,0,0,0,0,1,1,6,3,30,6,-1,-1,-1,-1,-1,-1
201597QB06008,2,1,0,18,0,1,0,0,0,0,4,1,6,2,47,8,-1,-1,-1,-1,1,-1
201597QB06010,1,9,0,18,0,3,0,0,0,0,0,1,6,2,30,6,1560,2,1,-1,1,-1
201597QB06010,2,9,0,3,0,3,0,0,0,0,1,1,6,2,21,5,1229,1,6,-1,1,-1
201597QB06111,1,9,0,18,0,8,0,0,0,0,2,1,6,2,20,4,1242,1,3,-1,-1,-1
201597QB06111,2,9,0,18,0,8,0,0,0,0,1,1,6,1,31,6,1896,2,12,-1,1,-1
201597QB06208,1,9,0,7,0,3,0,0,0,0,1,1,3,2,45,7,1598,1,10,-1,1,-1
201597QB06208,2,1,0,5,0,3,0,0,0,0,1,1,2,2,18,4,-1,-1,-1,-1,1,-1
201597QB06210,1,9,0,16,0,0,2,0,7,11,1,1,6,2,21,5,1753,2,7,-1,-1,-1
201597QB06408,1,9,0,7,0,6,0,0,0,0,1,1,6,2,62,9,1399,1,8,-1,2,-1
201597QB06408,2,11,0,14,0,1,0,0,0,0,1,1,1,1,54,8,9360,2,-1,-1,1,-1
201597QB06410,1,9,0,9,0,1,0,0,0,0,1,1,2,1,52,8,1399,1,4,-1,1,-1
201597QB06410,2,3,0,18,0,1,2,0,0,0,4,1,2,1,20,4,125,1,8,-1,1,-1
201597QB06612,1,19,0,16,0,0,5,0,1,11,1,1,2,1,31,6,2148,2,10,-1,3,-1
201597QB06812,1,21,1,15,0,1,0,0,0,0,1,1,6,3,-1,-1,-1,-1,-1,-1,-1,-1
201597QB06812,2,9,0,10,0,1,0,0,0,0,2,1,1,2,51,8,-1,-1,-1,-1,1,-1
201597QB70108,1,9,0,5,0,1,0,0,0,0,1,1,6,1,77,11,1197,1,2,-1,1,-1
201597QB70108,2,9,0,4,0,1,0,0,0,0,1,1,6,1,65,9,1496,2,1,-1,1,-1
201597QB70108,3,9,0,3,0,1,0,0,0,0,2,1,6,1,49,8,-1,-1,-1,-1,1,-1
201597QB70109,1,9,0,18,0,0,0,0,0,0,1,1,6,2,25,5,996,1,1,-1,1,-1
201597QB70109,2,9,0,4,0,0,0,0,0,0,2,1,6,2,45,7,1598,2,1,-1,1,-1
201597QB70109,3,9,0,4,0,0,0,0,0,0,2,1,6,1,53,8,1597,2,1,-1,1,-1
201597QB70109,4,9,0,18,0,0,0,0,0,0,1,1,6,1,35,6,2204,2,6,-1,1,-1
201597QB70110,1,21,1,11,0,1,0,0,0,0,1,1,1,1,49,8,12900,2,4,-1,3,-1
201597QB70110,2,9,0,18,0,1,0,0,0,0,3,1,6,2,54,8,1242,1,1,-1,3,-1
201597QB70201,1,9,0,18,0,1,0,0,0,0,3,1,6,1,42,7,-1,-1,-1,-1,1,-1
201597QB70202,1,20,0,18,0,0,0,0,0,0,1,1,1,1,67,10,-1,-1,-1,-1,1,-1
201597QB70202,2,9,0,3,0,0,1,0,0,0,2,1,1,1,47,8,-1,-1,-1,-1,1,-1
201597QB70202,3,9,0,3,0,0,0,0,0,0,2,1,1,1,75,10,2204,2,7,-1,1,-1
201597QB70202,4,9,0,3,0,0,0,0,0,0,2,1,1,1,57,9,1685,2,1,-1,-1,-1
201597QB70207,1,1,0,18,0,8,0,0,0,0,1,1,6,1,11,3,-1,-1,-1,-1,1,-1
201597QB70207,2,9,0,18,0,1,0,0,0,0,4,1,6,1,44,7,1595,2,5,-1,1,-1
201597QB70210,1,9,0,1,9,0,0,0,1,11,2,1,6,1,39,7,1398,1,2,-1,1,-1
201597QB70212,1,9,0,18,0,0,2,10,0,7,1,1,2,1,20,4,1339,1,11,-1,1,-1
201597QB70303,1,20,0,11,0,0,1,0,5,6,4,1,1,1,52,8,4462,2,2,-1,1,-1
201597QB70303,2,9,0,18,0,0,0,0,0,0,2,1,6,2,62,9,-1,-1,-1,-1,3,-1
201597QB70304,1,9,0,18,0,0,0,0,0,0,1,2,6,1,79,11,-1,-1,-1,-1,-1,-1
201597QB70304,2,9,0,3,0,0,0,0,0,0,2,1,1,1,44,7,2993,2,4,-1,1,-1
201597QB70306,1,9,0,18,0,1,0,0,0,0,3,1,6,1,27,6,1248,2,2,-1,1,-1
201597QB70308,1,9,0,4,8,0,0,0,0,0,1,1,6,2,31,6,1968,2,1,-1,3,-1
201597QB70309,1,9,0,18,0,1,0,0,0,0,1,1,6,2,40,7,1390,1,14,-1,1,-1
201597QB70309,2,9,0,10,0,1,0,0,0,0,2,1,2,2,26,6,1198,1,3,-1,1,-1
201597QB70401,1,9,0,11,0,0,0,0,0,0,1,1,2,2,27,6,1242,1,1,-1,1,-1
201597QB70401,2,9,0,18,0,0,0,0,0,0,2,1,2,2,36,7,2000,2,11,-1,1,-1
201597QB70402,1,9,0,18,0,8,0,0,0,0,1,1,6,1,87,11,1388,1,9,-1,1,-1
201597QB70402,2,9,0,18,0,8,0,0,0,0,1,1,2,2,49,8,-1,-1,-1,-1,3,-1
201597QB70404,1,21,1,18,0,0,0,2,0,10,1,1,1,1,60,9,12580,2,10,-1,-1,-1
201597QB70404,2,20,5,2,0,0,0,0,0,0,2,1,1,1,58,9,-1,-1,-1,-1,3,-1
201597QB70407,1,9,0,18,0,4,0,0,0,0,1,1,6,2,39,7,1796,1,3,-1,1,-1
201597QB70407,2,5,0,18,0,4,0,0,0,0,4,1,6,1,50,8,599,1,14,-1,1,-1
201597QB70412,1,9,0,16,0,0,5,0,0,7,1,1,6,1,56,9,1198,1,10,-1,1,-1
201597QB70501,1,19,0,18,0,0,0,0,0,0,3,1,6,1,63,9,-1,-1,-1,-1,-1,-1
201597QB70506,1,9,0,16,9,0,1,0,1,11,1,1,6,1,29,6,2521,1,5,-1,1,-1
201597QB70509,1,21,1,18,0,0,0,0,0,0,3,2,1,1,39,7,-1,-1,-1,-1,-1,-1
201597QB70509,2,9,0,18,0,0,0,0,5,0,4,1,1,1,22,5,1686,2,3,-1,3,-1
201597QB70604,1,19,4,11,0,0,0,0,0,0,4,1,1,1,24,5,2143,2,1,-1,1,-1
201597QB70604,2,19,0,18,0,0,0,0,0,0,3,1,2,1,44,7,2143,2,3,-1,1,-1
201597QB70605,1,9,0,18,0,1,0,0,1,0,1,1,6,1,18,4,1587,1,11,-1,3,-1
201597QB70605,2,17,0,8,0,1,0,0,0,0,2,1,1,1,42,7,-1,-1,-1,-1,-1,-1
201597QB70606,1,9,0,18,0,0,1,0,1,11,4,1,6,1,19,4,1560,2,2,-1,2,-1
201597QB70608,1,9,0,1,0,0,0,0,0,0,2,1,6,2,63,9,1329,1,1,-1,1,-1
201597QB70612,1,11,0,17,0,0,1,0,1,4,1,1,1,1,68,10,9600,2,19,-1,1,-1
201597QB70702,1,9,0,11,0,0,0,0,1,1,3,1,1,1,39,7,-1,-1,-1,-1,2,-1
201597QB70702,2,20,0,18,0,0,0,0,0,0,3,1,1,1,44,7,6370,2,7,-1,1,-1
201597QB70703,1,21,0,18,0,0,0,0,0,0,1,1,1,1,57,9,6692,2,6,-1,1,-1
201597QB70703,2,21,0,3,0,0,0,0,0,0,2,1,1,1,47,8,7146,2,7,-1,1,-1
201597QB70705,1,9,0,17,0,0,0,0,0,0,1,1,6,1,32,6,1388,1,11,-1,-1,-1
201597QB70705,2,9,0,16,0,0,0,0,1,0,1,1,6,2,39,7,1206,1,6,-1,2,-1
201597QB70708,1,5,0,17,0,0,0,0,2,0,4,1,6,1,24,5,748,1,9,-1,3,-1
201597QB70710,1,9,0,9,0,8,1,0,0,0,3,1,6,2,49,8,1248,2,2,-1,1,-1
201597QB70710,2,9,0,18,0,1,1,0,6,0,1,1,6,2,27,6,1968,2,7,-1,1,-1
201597QB70710,3,19,0,18,0,1,0,0,0,0,3,1,2,1,68,10,2402,2,11,-1,1,-1
201597QB70711,1,9,0,18,0,0,2,4,7,11,4,1,6,1,29,6,998,1,1,-1,1,-1
201597QB70711,2,9,0,2,0,0,0,0,0,0,1,1,6,3,-1,-1,1997,1,-1,-1,-1,-1
201597QB70711,3,9,0,2,0,0,0,0,0,0,1,1,6,3,-1,-1,2179,2,-1,-1,-1,-1
201597QB70801,1,19,0,18,0,4,0,0,0,0,1,1,1,1,45,7,1996,2,3,-1,-1,-1
201597QB70801,2,9,0,3,0,4,0,0,0,0,2,1,6,1,52,8,1560,2,1,-1,1,-1
201597QB70805,1,9,0,18,0,0,5,0,0,0,4,1,6,1,48,8,1199,1,12,-1,1,-1
201597QB70805,2,9,0,2,0,0,0,0,0,0,3,1,6,3,40,7,1242,1,7,-1,-1,-1
201597QB70805,3,19,0,18,0,0,0,0,0,0,3,1,6,1,62,9,2461,2,5,-1,-1,-1
201597QB70806,1,9,0,18,0,0,1,0,5,6,1,1,6,2,26,6,1390,1,7,-1,1,-1
201597QB70807,1,9,0,16,0,0,1,0,7,4,4,1,6,2,22,5,1229,1,7,-1,1,-1
201597QB70809,1,9,0,16,0,0,0,0,0,0,1,1,6,2,38,7,999,1,-1,-1,1,-1
201597QB70809,2,9,0,17,0,0,0,0,0,0,1,1,6,1,63,9,1461,2,-1,-1,1,-1
201597QB70810,1,9,0,18,0,8,0,0,3,10,3,1,1,1,65,9,1582,2,1,-1,1,-1
201597QB70810,2,9,0,18,0,8,1,0,7,10,1,1,2,1,57,9,1968,2,-1,-1,2,-1
201597QB70811,1,9,0,18,0,0,0,0,0,0,1,1,6,1,37,7,-1,-1,-1,-1,-1,-1
201597QB70901,1,9,0,17,0,0,1,0,2,7,1,1,6,2,58,9,1248,1,5,-1,1,-1
201597QB70907,1,9,0,18,0,8,0,0,0,0,2,1,6,1,49,8,1198,1,9,-1,1,-1
201597QB70907,2,9,0,18,0,8,0,0,0,0,1,1,6,1,23,5,1598,1,-1,-1,1,-1