Accident_Index,Vehicle_Reference,Vehicle_Type,Towing_and_Articulation,Vehicle_Manoeuvre,Vehicle_Location-Restricted_Lane,Junction_Location,Skidding_and_Overturning,Hit_Object_in_Carriageway,Vehicle_Leaving_Carriageway,Hit_Object_off_Carriageway,1st_Point_of_Impact,Was_Vehicle_Left_Hand_Drive?,Journey_Purpose_of_Driver,Sex_of_Driver,Age_of_Driver,Age_Band_of_Driver,Engine_Capacity_(CC),Propulsion_Code,Age_of_Vehicle,Driver_IMD_Decile,Driver_Home_Area_Type,Vehicle_IMD_Decile
201597QD01709,1,9,0,16,0,0,0,0,0,0,1,1,6,2,40,7,1199,1,14,-1,1,-1
201597QD01709,2,9,0,17,0,0,0,0,0,0,2,1,6,2,26,6,1598,1,2,-1,1,-1
201597QD01801,1,9,0,9,0,8,0,0,0,0,1,1,2,2,54,8,1685,2,1,-1,1,-1
201597QD01807,1,9,0,3,0,0,0,0,0,0,1,1,6,1,78,11,1582,2,2,-1,1,-1
201597QD01807,2,9,0,3,0,0,0,0,0,0,2,1,6,2,48,8,1560,2,-1,-1,1,-1
201597QD01807,3,9,0,3,0,0,0,0,0,0,1,1,1,2,50,8,1399,2,3,-1,1,-1
201597QD01812,1,8,0,5,0,1,0,0,0,0,3,1,1,1,43,7,1685,2,2,-1,1,-1
201597QD01812,2,1,0,5,0,1,0,0,0,0,4,1,2,1,57,9,-1,-1,-1,-1,1,-1
201597QD02008,1,9,0,18,0,0,0,4,0,0,1,1,6,1,45,7,1587,1,14,-1,1,-1
201597QD02008,2,9,0,2,0,0,0,4,0,0,2,1,6,1,45,7,1598,1,1,-1,1,-1
201597QD02008,3,9,0,2,0,0,0,0,0,0,2,1,6,3,40,7,1396,1,12,-1,1,-1
201597QD02010,1,9,0,18,0,0,0,0,0,0,4,1,6,1,47,8,1598,2,1,-1,-1,-1
201597QD02104,1,9,0,18,0,1,0,0,0,0,1,1,2,1,52,8,-1,-1,-1,-1,1,-1
201597QD02104,2,9,0,18,0,1,0,0,0,0,1,1,2,1,26,6,-1,-1,-1,-1,-1,-1
201597QD02111,1,9,0,9,0,5,0,0,0,0,1,1,6,2,44,7,1364,1,7,-1,1,-1
201597QD02208,1,9,0,18,0,0,0,0,0,0,1,1,6,1,21,5,1598,1,9,-1,1,-1
201597QD02210,1,9,0,16,0,0,1,0,0,0,4,1,2,2,42,7,1242,1,5,-1,1,-1
201597QD02210,2,9,0,17,0,0,0,0,0,0,3,1,2,1,58,9,1968,2,4,-1,1,-1
201597QD02212,1,9,0,16,0,0,0,0,0,0,0,1,1,3,20,4,-1,-1,-1,-1,-1,-1
201597QD02212,2,9,0,17,0,0,0,0,1,11,0,1,6,1,42,7,1997,1,4,-1,1,-1
201597QD02401,1,9,0,18,0,1,0,0,0,0,4,1,3,1,28,6,1798,1,8,-1,1,-1
201597QD02403,1,9,0,13,0,4,0,0,0,0,4,1,6,1,67,10,998,1,6,-1,1,-1
201597QD02403,2,1,0,18,0,4,0,0,0,0,3,1,6,1,42,7,-1,-1,-1,-1,1,-1
201597QD02407,1,8,0,9,0,0,0,0,0,0,2,1,6,1,20,4,2499,2,8,-1,1,-1
201597QD02407,2,9,0,16,0,8,0,0,0,0,1,1,6,1,32,6,1968,2,6,-1,1,-1
201597QD02408,1,9,0,9,0,8,0,0,0,0,1,1,2,2,22,5,998,1,6,-1,1,-1
201597QD02408,2,1,0,18,0,8,0,0,0,0,1,1,2,1,19,4,-1,-1,-1,-1,1,-1
201597QD02501,1,9,0,18,0,0,0,0,0,0,0,1,6,3,40,7,-1,-1,-1,-1,-1,-1
201597QD02511,1,9,0,18,0,0,2,0,0,0,3,1,6,1,18,4,1389,1,9,-1,1,-1
201597QD02702,1,19,0,9,0,6,0,0,0,0,3,1,6,1,28,6,-1,-1,-1,-1,-1,-1
201597QD02802,1,19,0,18,0,4,0,0,0,0,1,1,6,1,28,6,2148,2,7,-1,1,-1
201597QD02802,2,9,0,7,0,8,0,0,0,0,3,1,6,2,52,8,1386,1,5,-1,1,-1
201597QD02903,1,9,0,18,0,8,0,0,0,0,4,1,6,2,45,7,2790,1,7,-1,1,-1
201597QD02903,2,19,0,9,0,8,0,0,0,0,4,1,1,1,42,7,2198,2,3,-1,1,-1
201597QD70103,1,9,0,18,0,2,0,0,0,0,1,1,6,1,37,7,1598,1,13,-1,1,-1
201597QD70103,2,9,0,18,0,2,0,0,0,0,2,1,1,2,60,9,-1,3,3,-1,3,-1
201597QD70107,1,9,0,5,0,6,0,0,0,0,1,1,6,1,36,7,1398,1,3,-1,1,-1
201597QD70109,1,5,0,18,0,1,0,0,0,0,1,1,2,1,46,8,998,1,9,-1,1,-1
201597QD70109,2,19,0,10,0,1,0,0,0,0,3,1,1,1,35,6,1598,2,-1,-1,1,-1
201597QD70210,1,9,0,18,0,0,0,0,0,11,1,1,6,1,35,6,2143,2,-1,-1,1,-1
201597UA00102,1,9,0,17,0,0,0,0,0,0,1,1,6,3,30,6,-1,-1,-1,-1,-1,-1
201597UA00104,1,9,0,16,0,0,2,0,7,4,2,1,6,1,23,5,1242,1,4,-1,-1,-1
201597UA00105,1,9,0,9,0,8,0,0,0,0,3,2,6,2,46,8,-1,-1,-1,-1,-1,-1
201597UA00105,2,9,0,18,0,8,0,0,0,0,1,1,6,1,52,8,1493,2,10,-1,2,-1
201597UA00203,1,9,0,4,0,4,1,0,1,7,1,1,6,2,76,11,1229,1,9,-1,2,-1
201597UA00207,1,19,0,18,0,1,0,0,0,0,1,1,6,1,40,7,1998,2,9,-1,1,-1
201597UA00207,2,9,0,18,0,8,0,0,0,0,3,1,6,1,48,8,1596,1,8,-1,1,-1
201597UA00207,3,9,0,18,0,1,0,0,0,0,1,1,6,2,31,6,1360,1,4,-1,2,-1
201597UA00208,1,19,0,17,0,0,2,10,2,10,1,1,6,1,53,8,2198,2,3,-1,1,-1
201597UA00303,1,9,0,18,0,0,1,0,1,9,4,1,6,1,81,11,1598,1,11,-1,1,-1
201597UA00303,2,9,0,18,0,0,1,0,1,9,3,1,6,2,69,10,1586,1,8,-1,-1,-1
201597UA00407,1,9,0,18,0,0,0,0,0,0,1,1,6,1,18,4,1198,1,8,-1,3,-1
201597UA00409,1,1,0,7,0,1,0,0,0,0,1,1,6,2,17,4,-1,-1,-1,-1,1,-1
201597UA00409,2,9,0,17,0,1,0,0,0,0,1,1,6,1,82,11,1399,2,9,-1,3,-1
201597UA00410,1,1,0,18,0,1,0,0,0,0,2,1,6,1,7,2,-1,-1,-1,-1,-1,-1
201597UA00410,2,9,0,18,0,2,0,0,0,0,1,1,6,3,30,6,-1,-1,-1,-1,-1,-1
201597UA00604,1,9,0,18,0,0,0,0,0,0,1,1,6,1,25,5,1794,1,14,-1,1,-1
201597UA00604,2,9,0,4,0,0,0,0,0,0,2,1,1,1,24,5,1598,2,1,-1,1,-1
201597UA00607,1,1,0,18,0,0,0,0,0,0,3,1,6,1,31,6,-1,-1,-1,-1,1,-1
201597UA00607,2,9,0,13,0,0,0,0,0,0,4,1,6,2,79,11,1497,1,9,-1,1,-1
201597UA00707,1,9,0,16,0,0,0,0,7,11,1,1,6,1,31,6,1124,1,16,-1,2,-1
201597UA00707,2,9,0,17,0,0,0,0,0,0,1,1,6,1,40,7,1794,1,11,-1,1,-1
201597UA00712,1,9,0,18,0,0,0,0,0,0,1,1,6,1,53,8,1995,2,11,-1,2,-1
201597UA00712,2,9,0,2,0,0,0,0,0,0,0,1,6,2,28,6,1598,1,9,-1,2,-1
201597UA00712,3,9,0,2,0,0,0,0,0,0,0,1,6,1,25,5,1997,1,8,-1,2,-1
201597UA00805,1,9,0,9,0,6,0,0,0,0,1,1,4,2,48,8,1396,2,1,-1,1,-1
201597UA00805,2,9,0,17,0,1,0,0,0,0,1,1,4,1,44,7,1685,2,2,-1,1,-1
201597UA00809,1,9,0,4,0,2,0,0,0,0,3,1,6,1,32,6,1995,2,1,-1,2,-1
201597UA00809,2,9,0,4,0,2,0,0,0,0,2,1,6,1,68,10,1386,1,3,-1,1,-1
201597UA00809,3,9,0,18,0,2,0,0,0,0,1,1,6,1,37,7,1598,1,8,-1,1,-1
201597UA00809,4,9,0,18,0,1,0,0,0,0,3,1,6,3,30,6,1995,1,9,-1,-1,-1
201597UA00902,1,9,0,4,0,4,0,0,0,0,1,1,2,1,61,9,1399,2,4,-1,1,-1
201597UA00902,2,9,0,3,0,4,0,0,0,0,2,1,6,1,63,9,1956,2,4,-1,1,-1
201597UA00912,1,9,0,18,0,0,0,0,0,0,4,1,6,2,59,9,1599,1,11,-1,1,-1
201597UA00912,2,9,0,2,0,0,0,0,0,0,3,1,6,2,59,9,1896,2,14,-1,1,-1
201597UA01109,1,9,0,18,0,0,1,0,0,0,4,1,6,2,24,5,1461,2,2,-1,1,-1
201597UA01109,2,9,0,9,0,0,0,0,0,0,3,1,2,2,20,4,995,1,10,-1,1,-1
201597UA01203,1,9,0,18,0,0,0,0,0,0,1,1,6,2,26,6,3200,2,12,-1,1,-1
201597UA01203,2,9,0,4,0,0,0,0,0,0,2,1,6,1,45,7,1798,1,5,-1,1,-1
201597UA01208,1,9,0,18,0,0,0,12,0,0,1,1,6,2,56,9,1560,2,2,-1,2,-1
201597UA01304,1,9,0,5,0,6,0,0,1,0,1,1,2,2,24,5,1199,1,12,-1,2,-1
201597UA01304,2,9,0,18,0,1,0,0,1,0,1,1,2,1,29,6,1998,2,8,-1,1,-1
201597UA01406,1,9,0,9,0,6,0,0,0,0,3,1,6,2,21,5,998,1,16,-1,1,-1
201597UA01406,2,9,0,18,0,8,0,0,0,0,1,1,6,2,57,9,1493,2,6,-1,2,-1
201597UA01407,1,9,0,17,0,0,1,0,0,0,1,1,2,1,32,6,1910,2,7,-1,3,-1
201597UA01407,2,9,0,18,0,0,0,0,0,0,1,1,6,2,45,7,1332,1,17,-1,3,-1
201597UA01411,1,9,0,17,0,0,1,7,8,10,1,1,2,2,22,5,1199,1,11,-1,2,-1
201597UA01501,1,9,0,18,0,0,0,0,7,11,4,1,2,1,30,6,2000,1,8,-1,1,-1
201597UA01501,2,9,0,18,0,0,0,0,0,0,1,1,2,1,25,5,1198,1,2,-1,1,-1
201597UA01503,1,9,0,18,0,8,0,0,7,0,4,1,6,1,36,7,1956,2,3,-1,3,-1
201597UA01503,2,9,0,18,0,8,0,0,0,0,3,1,6,2,27,6,899,1,2,-1,2,-1
201597UA01504,1,9,0,18,0,0,0,0,8,11,1,1,6,1,19,4,1198,1,6,-1,1,-1
201597UA01507,1,9,0,18,0,2,2,0,0,0,1,1,1,1,36,7,1149,1,13,-1,3,-1
201597UA01603,1,9,0,18,0,0,0,0,7,11,1,1,6,1,32,6,-1,-1,-1,-1,2,-1
201597UA01605,1,9,0,13,0,8,0,0,0,0,4,1,6,1,60,9,1995,2,6,-1,1,-1
201597UA01605,2,1,0,13,0,8,0,0,0,0,2,1,6,1,53,8,-1,-1,-1,-1,2,-1
201597UA01606,1,9,0,18,0,1,0,0,0,0,1,1,6,1,75,10,1598,1,15,-1,-1,-1
201597UA01606,2,9,0,10,0,1,0,0,0,0,2,1,6,1,66,10,1598,1,10,-1,-1,-1
201597UA01701,1,9,0,4,0,0,0,0,0,0,3,1,6,1,70,10,1956,2,4,-1,3,-1
201597UA01704,1,9,0,9,0,6,0,0,0,0,1,1,6,1,23,5,1389,1,15,-1,1,-1
201597UA01704,2,9,0,18,0,1,0,0,0,0,1,1,6,1,64,9,1560,2,10,-1,1,-1
201597UA01708,1,9,0,18,0,8,0,0,0,0,1,1,6,1,66,10,-1,-1,-1,-1,1,-1
201597UA01708,2,9,0,18,0,8,0,0,0,0,3,1,6,1,22,5,1339,1,4,-1,-1,-1
201597UA01709,1,9,0,18,0,0,1,4,0,0,1,1,6,2,82,11,1149,1,8,-1,1,-1
201597UA01709,2,9,0,2,0,0,0,0,0,0,1,1,6,3,30,6,-1,-1,-1,-1,1,-1
201597UA01803,1,9,0,17,0,0,2,0,1,11,1,1,6,1,53,8,-1,-1,-1,-1,3,-1
201597UA01805,1,4,0,18,0,8,0,0,0,0,0,1,6,1,25,5,-1,-1,-1,-1,1,-1
201597UA01807,1,19,0,18,0,0,0,0,0,0,1,1,1,1,29,6,4580,2,12,-1,3,-1
201597UA01807,2,9,0,18,0,0,0,0,0,0,2,1,6,1,63,9,1596,1,9,-1,1,-1
201597UA01807,3,9,0,18,0,0,0,0,0,0,2,1,6,2,22,5,1229,1,1,-1,1,-1
201597UA01807,4,9,0,18,0,0,0,0,0,0,2,1,6,1,46,8,-1,-1,-1,-1,1,-1
201597UA01901,1,9,0,5,0,0,0,0,0,0,1,1,6,1,25,5,1995,2,8,-1,-1,-1
201597UA01901,2,8,0,2,0,0,0,0,0,0,2,1,1,1,50,8,1798,1,8,-1,1,-1
201597UA01905,1,9,0,18,0,4,0,0,0,0,1,1,2,1,26,6,1398,1,-1,-1,1,-1
201597UA01905,2,1,0,17,0,8,0,0,0,0,1,1,6,1,63,9,-1,-1,-1,-1,-1,-1
201597UA01911,1,9,0,18,0,0,0,0,0,0,3,1,3,1,37,7,1998,2,7,-1,-1,-1
201597UA02001,1,9,0,18,0,0,0,0,0,0,1,1,6,1,53,8,1360,1,10,-1,3,-1
201597UA02001,2,10,0,18,0,0,0,0,0,0,2,1,6,1,40,7,-1,-1,-1,-1,1,-1
201597UA02002,1,1,0,4,0,1,0,0,0,0,1,1,2,1,55,8,-1,-1,-1,-1,1,-1
201597UA02006,1,9,0,17,0,0,2,0,0,0,1,1,2,1,43,7,-1,-1,-1,-1,-1,-1
201597UA02106,1,9,0,18,0,1,0,0,0,0,1,1,6,1,24,5,-1,-1,-1,-1,3,-1
201597UA02106,2,9,0,3,0,1,0,0,0,0,2,1,6,1,39,7,996,1,1,-1,1,-1
201597UA02202,1,19,0,18,0,4,0,0,0,0,1,1,1,1,52,8,2198,2,2,-1,1,-1
201597UA02202,2,3,0,17,0,8,0,0,0,0,4,1,1,1,64,9,102,1,9,-1,1,-1
201597UA02202,3,19,0,18,0,8,0,0,0,0,1,1,1,1,67,10,3000,2,3,-1,2,-1
201597UA02203,1,9,0,18,0,0,0,0,1,0,1,1,6,1,42,7,1591,1,6,-1,1,-1
201597UA02203,2,21,0,18,0,0,2,0,1,11,1,1,1,1,54,8,12419,2,1,-1,3,-1
201597UA02204,1,1,0,18,0,8,0,0,0,0,1,1,6,2,43,7,-1,-1,-1,-1,1,-1
201597UA02204,2,9,0,7,0,8,0,0,0,0,1,1,6,2,19,4,1242,1,1,-1,-1,-1
201597UA02205,1,9,0,1,0,0,0,0,0,0,2,1,6,1,46,8,1686,2,4,-1,3,-1
201597UA02210,1,9,0,15,0,2,0,0,0,0,1,1,6,2,70,10,1108,1,10,-1,1,-1
201597UA02308,1,9,0,16,0,0,1,0,0,0,1,1,1,1,54,8,2148,2,10,-1,1,-1
201597UA02308,2,9,0,18,0,0,0,0,0,0,1,1,1,1,63,9,-1,-1,-1,-1,1,-1
201597UA02405,1,9,0,5,0,4,0,0,0,0,1,1,6,2,62,9,1390,1,3,-1,3,-1
201597UA02405,2,9,0,5,0,4,0,0,0,0,2,1,6,2,38,7,1242,1,2,-1,1,-1
201597UA02411,1,9,0,4,0,0,0,0,0,0,1,1,6,1,23,5,2143,2,-1,-1,1,-1
201597UA02411,2,9,0,18,0,0,0,0,4,0,2,1,6,1,31,6,1368,1,3,-1,1,-1
201597UA02507,1,8,0,13,0,0,0,0,0,0,4,1,6,3,50,8,1997,2,5,-1,1,-1
201597UA02507,2,1,0,18,0,0,0,0,1,10,3,1,6,1,56,9,-1,-1,-1,-1,-1,-1
201597UA02601,1,9,0,18,0,0,2,0,7,11,3,1,6,1,19,4,1796,1,12,-1,-1,-1
201597UA02604,1,9,0,18,0,0,5,0,1,0,4,1,6,1,77,11,-1,-1,-1,-1,2,-1
201597UA02701,1,9,0,13,0,0,0,0,0,0,3,1,6,1,72,10,-1,-1,-1,-1,3,-1
201597UA02701,2,5,0,18,0,0,0,0,0,0,3,1,6,1,53,8,1164,1,11,-1,1,-1
201597UA02701,3,1,0,18,0,0,0,0,0,0,0,1,6,1,49,8,-1,-1,-1,-1,-1,-1
201597UA02702,1,9,0,18,0,1,0,4,0,0,1,1,6,1,27,6,-1,-1,-1,-1,2,-1
201597UA02702,2,9,0,2,0,1,0,0,0,0,1,1,6,3,30,6,2184,2,10,-1,2,-1
201597UA02703,1,9,0,18,0,1,0,0,0,0,1,1,6,2,26,6,-1,-1,-1,-1,1,-1
201597UA02703,2,9,0,3,0,1,0,0,0,0,2,1,2,1,69,10,-1,-1,-1,-1,1,-1
201597UA02703,3,9,0,4,0,1,0,0,0,0,2,1,6,2,75,10,1124,1,9,-1,1,-1
201597UA02705,1,9,0,5,0,3,0,0,0,0,1,1,6,1,18,4,2982,2,1,-1,2,-1
201597UA02705,2,9,0,3,0,3,0,0,0,0,2,1,6,1,18,4,1360,1,9,-1,3,-1
201597UA02705,3,9,0,3,0,3,0,0,0,0,2,1,6,1,54,8,1995,1,12,-1,1,-1
201597UA02709,1,9,0,17,0,0,1,10,0,10,1,1,6,2,23,5,1396,1,14,-1,1,-1
201597UA02710,1,9,0,18,0,1,0,0,0,0,0,1,6,1,40,7,-1,-1,-1,-1,-1,-1
201597UA02710,2,11,0,18,0,1,0,0,0,0,0,1,1,1,40,7,9000,2,5,-1,1,-1
201597UA02801,1,9,0,9,0,8,0,0,0,0,1,1,6,1,77,11,998,1,6,-1,2,-1
201597UA02801,2,1,0,18,0,8,0,0,0,0,3,1,6,1,49,8,-1,-1,-1,-1,2,-1
201597UA02802,1,9,0,18,0,1,0,0,0,0,0,1,6,2,74,10,1596,1,5,-1,1,-1
201597UA02809,1,9,0,18,6,0,5,0,1,9,4,1,6,1,20,4,1242,1,11,-1,2,-1
201597UA02901,1,9,0,18,0,1,0,0,3,4,1,1,6,2,50,8,1390,1,9,-1,1,-1
201597UA02901,2,9,0,9,0,1,0,0,0,0,0,1,2,2,49,8,1598,1,9,-1,1,-1
201597UA02907,1,9,0,18,0,0,0,0,0,0,1,1,6,1,64,9,1598,1,1,-1,3,-1
201597UA02907,2,9,0,3,0,0,0,0,0,0,2,1,6,2,35,6,1242,1,4,-1,1,-1
201597UA02907,3,9,0,3,0,0,0,0,0,0,2,1,6,2,27,6,996,1,4,-1,1,-1
201597UA02911,1,9,0,18,0,0,0,0,1,9,1,1,6,1,52,8,1591,1,-1,-1,2,-1
201597UA03004,1,9,0,9,0,8,0,0,0,0,3,1,6,2,44,7,1968,2,4,-1,1,-1
201597UA03009,1,9,0,18,0,8,0,0,0,0,1,1,6,2,42,7,1397,1,7,-1,3,-1
201597UA03009,2,9,0,10,0,2,0,0,0,0,0,1,6,1,47,8,2143,2,2,-1,1,-1
201597UA03101,1,9,0,16,0,0,5,0,1,4,1,1,6,1,40,7,-1,-1,-1,-1,1,-1
201597UA03105,1,9,0,9,0,6,0,0,0,0,4,1,6,2,22,5,-1,-1,-1,-1,1,-1
201597UA03105,2,1,0,18,0,8,0,0,0,0,1,1,6,1,43,7,-1,-1,-1,-1,1,-1
201597UA03106,1,9,0,16,0,0,2,0,0,0,0,1,6,2,20,4,1199,1,11,-1,3,-1
201597UA03201,1,9,0,18,0,1,0,0,3,0,1,1,6,1,44,7,2967,2,8,-1,3,-1
201597UA03201,2,9,0,18,0,8,0,0,3,0,3,1,6,2,45,7,-1,-1,-1,-1,1,-1
201597UA03201,3,9,0,4,0,1,0,0,0,0,1,1,6,1,53,8,1896,2,5,-1,2,-1
201597UA03202,1,9,0,18,0,0,0,0,7,11,1,1,6,2,26,6,1390,1,13,-1,2,-1
201597UA03312,1,9,0,17,0,1,0,0,0,7,1,1,6,1,18,4,1229,1,7,-1,1,-1
201597UA03402,1,11,0,5,0,0,0,0,0,0,3,1,1,1,46,8,4461,2,1,-1,1,-1
201597UA03402,2,11,0,2,0,0,0,0,0,0,1,1,1,1,50,8,6871,2,7,-1,1,-1
201597UA03403,1,90,1,18,0,0,1,0,0,0,1,1,1,1,22,5,12130,2,11,-1,3,-1
201597UA03403,2,9,0,3,0,0,0,0,0,0,2,1,6,2,64,9,1461,2,8,-1,2,-1
201597UA03403,3,9,0,3,0,0,0,0,0,0,2,1,6,1,36,7,1998,2,6,-1,2,-1
201597UA03412,1,8,0,4,0,0,0,0,0,0,4,1,1,1,66,10,1998,2,9,-1,1,-1
201597UA03502,1,9,0,17,0,0,2,0,1,10,4,1,6,2,21,5,1149,1,4,-1,1,-1
201597UA03603,1,9,0,18,0,0,0,0,0,0,1,1,6,2,50,8,1997,2,10,-1,1,-1
201597UA03605,1,9,0,9,0,2,0,0,0,0,1,1,6,2,38,7,1796,1,4,-1,3,-1
201597UA03605,2,9,0,18,0,8,0,0,0,0,4,1,6,2,78,11,1242,1,-1,-1,3,-1
201597UA03606,1,9,0,18,0,0,0,0,0,0,4,1,6,2,77,11,1149,1,5,-1,1,-1
201597UA03606,2,9,0,2,0,0,0,0,0,0,2,1,1,1,28,6,-1,-1,-1,-1,1,-1
201597UA03702,1,9,0,9,0,1,0,0,0,0,1,1,6,2,36,7,1968,2,3,-1,1,-1
201597UA03702,2,9,0,18,0,1,0,0,0,0,1,1,6,2,31,6,1598,1,17,-1,1,-1
201597UA03702,3,9,0,10,0,1,0,0,0,0,1,1,6,3,49,8,-1,-1,-1,-1,1,-1
201597UA03708,1,9,0,9,0,8,0,0,0,0,4,1,6,1,41,7,1598,1,6,-1,1,-1
201597UA03708,2,9,0,18,0,8,0,0,0,0,1,1,6,2,40,7,1349,1,6,-1,1,-1
201597UA03708,3,9,0,8,0,1,0,0,0,0,1,1,6,1,42,7,1598,1,8,-1,1,-1
201597UA03709,1,9,0,5,0,2,0,0,0,0,3,1,2,1,35,6,-1,-1,-1,-1,1,-1
201597UA03709,2,1,0,13,0,2,0,0,0,0,3,1,2,1,56,9,-1,-1,-1,-1,1,-1
201597UA03802,1,1,0,13,0,1,0,0,0,0,1,1,2,1,20,4,-1,-1,-1,-1,2,-1
201597UA03802,2,9,0,3,0,1,0,0,0,0,3,1,2,1,43,7,1248,2,5,-1,1,-1
201597UA03906,1,9,0,18,0,0,1,0,0,11,1,1,3,1,37,7,-1,-1,-1,-1,-1,-1
201597UA03906,2,9,0,18,0,0,1,0,7,11,1,1,1,1,46,8,-1,-1,-1,-1,-1,-1
201597UA03906,3,19,0,18,0,0,0,0,0,0,1,1,1,1,60,9,1995,2,4,-1,-1,-1
201597UA03908,1,9,0,17,0,0,0,0,1,11,1,1,6,2,22,5,1560,2,5,-1,3,-1
201597UA03910,1,19,0,17,0,8,0,0,0,0,1,1,6,1,50,8,-1,-1,-1,-1,-1,-1
201597UA03910,2,9,0,17,0,3,0,0,0,0,4,1,6,1,39,7,1598,1,6,-1,1,-1
201597UA04001,1,9,0,5,0,8,0,0,3,0,3,1,6,2,50,8,1599,1,9,-1,1,-1
201597UA04001,2,9,0,14,0,8,0,0,3,2,4,1,6,1,27,6,-1,-1,-1,-1,-1,-1
201597UA04005,1,11,0,5,0,0,0,0,0,0,0,1,1,3,40,7,7300,2,9,-1,1,-1
201597UA04101,1,9,0,18,0,1,0,0,0,0,1,1,6,2,45,7,2204,2,6,-1,3,-1
201597UA04103,1,9,0,18,0,0,0,0,0,0,1,1,1,1,44,7,-1,-1,-1,-1,1,-1
201597UA04106,1,1,0,18,0,3,0,0,0,0,4,1,2,1,49,8,-1,-1,-1,-1,1,-1
201597UA04106,2,9,0,18,0,4,0,0,0,0,3,1,6,3,40,7,-1,-1,-1,-1,-1,-1
201597UA04211,1,9,0,18,0,0,1,0,1,2,1,1,6,1,21,5,1364,2,5,-1,2,-1
201597UA04502,1,9,0,18,0,0,1,0,1,11,1,1,2,2,35,6,1910,2,11,-1,1,-1
201597UA04506,1,9,0,5,0,8,0,0,0,0,3,1,2,1,22,5,1398,1,2,-1,1,-1
201597UA04506,2,3,0,17,0,8,0,0,0,0,1,1,2,1,17,4,125,1,8,-1,1,-1
201597UA04706,1,9,0,6,0,0,0,0,0,0,3,1,6,1,82,11,1956,2,2,-1,1,-1
201597UA04706,2,11,0,18,0,0,0,0,0,0,4,1,1,1,57,9,4500,2,3,-1,3,-1
201597UA04806,1,4,0,16,0,0,0,0,0,0,1,1,6,1,40,7,-1,-1,-1,-1,-1,-1
201597UA04810,1,11,0,7,0,2,0,0,0,0,1,1,1,1,58,9,4580,2,7,-1,-1,-1
201597UA04901,1,9,0,17,0,1,0,0,1,11,1,1,6,2,33,6,-1,-1,-1,-1,-1,-1
201597UA05008,1,9,0,16,0,0,2,0,7,9,1,1,6,2,69,10,3199,1,11,-1,1,-1
201597UA05102,1,9,0,16,0,0,1,0,7,11,1,1,6,2,29,6,-1,-1,-1,-1,1,-1
201597UA05111,1,9,0,18,0,0,1,6,0,0,1,1,6,1,29,6,1149,1,9,-1,1,-1
201597UA05202,1,9,0,17,0,0,0,0,1,0,1,1,6,2,20,4,1560,2,4,-1,2,-1
201597UA05203,1,1,0,18,0,0,0,0,0,0,1,1,6,1,86,11,-1,-1,-1,-1,3,-1
201597UA05203,2,11,0,13,0,0,0,0,0,0,4,1,1,1,49,8,4461,2,-1,-1,1,-1
201597UA05208,1,9,0,18,0,0,0,0,0,0,0,1,6,1,37,7,1242,1,8,-1,-1,-1
201597UA05302,1,19,0,18,0,2,0,0,0,0,4,1,1,1,32,6,-1,-1,-1,-1,-1,-1
201597UA05501,1,9,0,17,0,0,2,0,0,1,3,1,6,1,34,6,1870,2,9,-1,1,-1
201597UA05503,1,9,0,18,0,1,0,0,0,0,1,1,6,2,23,5,-1,-1,-1,-1,1,-1
201597UA05503,2,9,0,18,0,1,0,0,0,0,2,1,1,1,32,6,1896,2,11,-1,-1,-1
201597UA05504,1,9,0,18,0,0,1,0,5,6,1,1,6,1,36,7,1360,1,5,-1,1,-1
201597UA05602,1,9,0,18,0,1,0,0,7,5,1,1,6,1,68,10,1596,1,9,-1,3,-1
201597UA05610,1,9,0,4,0,4,0,0,0,0,1,1,6,2,41,7,1956,2,3,-1,2,-1
201597UA05610,2,9,0,4,0,4,0,0,0,0,2,1,6,2,47,8,998,1,1,-1,1,-1
201597UA05702,1,21,1,15,0,0,0,0,0,0,1,1,1,1,37,7,9364,2,12,-1,-1,-1
201597UA05702,2,19,0,2,0,0,0,0,1,0,3,1,1,1,35,6,2402,2,7,-1,1,-1
201597UA05712,1,9,0,18,0,0,1,0,7,1,1,1,6,2,22,5,1600,2,5,-1,1,-1
201597UA06003,1,9,0,18,0,0,0,0,0,0,0,1,6,3,30,6,1588,1,11,-1,-1,-1
201597UA06003,2,9,0,2,0,0,0,0,0,0,2,1,1,1,48,8,-1,-1,-1,-1,-1,-1
201597UA06202,1,9,0,18,0,0,0,0,0,0,1,1,6,1,46,8,1248,2,3,-1,2,-1
201597UA06302,1,9,0,18,0,1,0,0,0,0,4,1,6,1,54,8,1998,2,6,-1,1,-1
201597UA06303,1,9,0,11,0,0,5,0,1,0,4,1,6,1,27,6,1995,1,10,-1,1,-1
201597UA06403,1,9,0,18,0,0,0,0,0,0,1,1,2,2,22,5,1242,1,1,-1,1,-1
201597UA06403,2,9,0,18,0,0,0,0,0,0,2,1,2,2,25,5,1596,1,6,-1,2,-1
201597UA06403,3,8,0,18,0,0,0,0,0,0,2,1,2,1,53,8,1598,2,1,-1,-1,-1
201597UA06403,4,9,0,3,0,0,0,0,0,0,0,1,1,1,36,7,2993,2,3,-1,1,-1
201597UA06403,5,9,0,18,6,0,0,0,0,0,0,1,6,3,40,7,-1,-1,-1,-1,-1,-1
201597UA06803,1,9,0,18,8,0,1,0,1,4,1,1,6,2,23,5,998,1,7,-1,3,-1
201597UA07001,1,9,0,18,0,0,5,0,7,11,3,1,6,1,29,6,-1,-1,-1,-1,2,-1
201597UA70104,1,9,0,3,0,4,0,0,0,0,1,1,6,2,54,8,1587,1,10,-1,1,-1
201597UA70104,2,9,0,3,0,4,0,0,0,0,2,1,6,2,22,5,1398,1,2,-1,1,-1