Accident_Index,Vehicle_Reference,Vehicle_Type,Towing_and_Articulation,Vehicle_Manoeuvre,Vehicle_Location-Restricted_Lane,Junction_Location,Skidding_and_Overturning,Hit_Object_in_Carriageway,Vehicle_Leaving_Carriageway,Hit_Object_off_Carriageway,1st_Point_of_Impact,Was_Vehicle_Left_Hand_Drive?,Journey_Purpose_of_Driver,Sex_of_Driver,Age_of_Driver,Age_Band_of_Driver,Engine_Capacity_(CC),Propulsion_Code,Age_of_Vehicle,Driver_IMD_Decile,Driver_Home_Area_Type,Vehicle_IMD_Decile
201597UA70106,1,9,0,5,0,6,0,0,0,0,1,1,6,2,22,5,1360,1,8,-1,-1,-1
201597UA70106,2,9,0,18,0,2,0,0,0,0,3,1,6,1,51,8,1991,2,6,-1,1,-1
201597UA70107,1,9,0,18,0,0,0,0,0,0,0,1,6,1,40,7,-1,-1,-1,-1,-1,-1
201597UA70107,2,1,0,18,0,0,5,0,1,0,0,1,6,1,54,8,-1,-1,-1,-1,1,-1
201597UA70110,1,9,0,9,0,1,0,0,1,0,1,1,6,1,30,6,1399,2,8,-1,2,-1
201597UA70110,2,9,0,18,0,1,0,0,0,0,0,1,6,1,64,9,1956,2,1,-1,2,-1
201597UA70111,1,9,0,18,0,0,0,0,7,10,1,1,6,1,18,4,1124,1,10,-1,2,-1
201597UA70111,2,9,0,3,0,0,0,0,0,10,3,1,6,1,19,4,1794,1,10,-1,1,-1
201597UA70112,1,9,0,18,0,0,0,0,1,11,1,1,6,1,20,4,1242,1,8,-1,-1,-1
201597UA70205,1,9,0,9,0,5,0,0,0,0,3,1,6,3,30,6,-1,-1,-1,-1,-1,-1
201597UA70205,2,19,0,18,0,1,0,0,1,0,2,1,1,1,27,6,2461,2,8,-1,-1,-1
201597UA70205,3,9,0,18,0,1,0,0,0,0,1,1,2,1,27,6,1199,1,11,-1,1,-1
201597UA70207,1,19,0,18,0,0,0,0,0,0,4,1,1,1,40,7,2299,2,-1,-1,1,-1
201597UA70207,2,1,0,18,0,0,0,0,1,0,2,1,6,1,69,10,-1,-1,-1,-1,1,-1
201597UA70208,1,9,0,18,0,1,0,0,1,3,1,1,6,1,18,4,1229,1,-1,-1,1,-1
201597UA70209,1,9,0,18,0,8,0,0,0,0,1,1,6,2,45,7,1461,2,2,-1,1,-1
201597UA70209,2,9,0,18,0,8,0,0,0,0,2,1,6,2,28,6,1997,2,12,-1,1,-1
201597UA70209,3,9,0,18,0,8,0,0,0,0,2,1,6,1,51,8,1149,1,-1,-1,2,-1
201597UA70209,4,9,0,10,0,8,0,0,0,0,2,1,6,2,27,6,1598,1,1,-1,1,-1
201597UA70210,1,5,0,18,0,8,1,0,0,0,4,1,6,1,45,7,599,1,14,-1,3,-1
201597UA70210,2,9,0,9,0,5,0,0,0,0,3,1,6,1,60,9,1997,2,6,-1,3,-1
201597UA70211,1,9,0,16,0,0,5,0,7,0,1,1,6,1,18,4,1461,2,-1,-1,1,-1
201597UA70211,2,9,0,18,0,0,0,0,0,0,1,1,6,1,32,6,1596,1,8,-1,1,-1
201597UA70304,1,9,0,11,0,3,0,0,0,0,1,1,2,2,22,5,999,1,1,-1,1,-1
201597UA70304,2,1,0,6,0,8,0,0,0,0,2,1,6,1,38,7,-1,-1,-1,-1,1,-1
201597UA70305,1,9,0,13,0,0,0,0,0,0,1,1,2,1,51,8,1362,1,3,-1,1,-1
201597UA70305,2,9,0,18,0,0,0,0,1,11,1,1,6,1,23,5,1364,1,5,-1,1,-1
201597UA70306,1,9,0,18,0,5,0,0,0,0,1,1,6,1,48,8,1598,1,17,-1,1,-1
201597UA70306,2,2,0,18,0,1,0,0,0,0,1,1,2,1,27,6,124,1,16,-1,1,-1
201597UA70307,1,9,0,9,0,6,0,0,0,0,3,1,6,1,25,5,973,1,14,-1,1,-1
201597UA70307,2,9,0,18,0,6,0,0,0,0,3,1,6,2,49,8,-1,-1,-1,-1,1,-1
201597UA70309,1,9,0,4,0,0,0,0,0,0,4,1,6,1,28,6,1461,2,9,-1,1,-1
201597UA70312,1,19,0,5,0,0,0,0,0,0,3,1,6,1,29,6,2402,2,9,-1,3,-1
201597UA70312,2,9,0,14,0,0,0,0,0,0,1,1,6,2,42,7,998,1,9,-1,2,-1
201597UA70405,1,9,0,17,0,0,5,0,1,2,4,1,6,2,49,8,1242,1,8,-1,1,-1
201597UA70406,1,9,0,16,0,0,0,0,0,0,4,1,6,2,72,10,1390,1,11,-1,-1,-1
201597UA70408,1,9,0,18,0,1,0,0,0,0,0,1,6,2,34,6,2979,1,13,-1,1,-1
201597UA70410,1,9,0,16,0,7,0,0,7,0,1,1,6,2,55,8,-1,-1,-1,-1,1,-1
201597UA70410,2,9,0,3,0,1,0,0,0,0,3,1,2,2,40,7,1968,2,-1,-1,2,-1
201597UA70411,1,9,0,12,0,0,0,0,0,0,3,1,6,3,-1,-1,-1,-1,-1,-1,-1,-1
201597UA70412,1,9,0,18,0,3,1,0,1,4,1,1,6,1,57,9,1998,2,9,-1,3,-1
201597UA70504,1,9,0,18,0,0,1,0,0,0,1,1,2,2,28,6,1597,1,7,-1,1,-1
201597UA70504,2,9,0,18,0,0,0,0,0,0,1,1,2,2,26,6,1598,2,2,-1,1,-1
201597UA70504,3,9,0,18,0,0,0,0,0,0,1,1,2,1,35,6,2720,2,8,-1,3,-1
201597UA70504,4,9,0,18,0,0,0,0,0,0,2,1,2,1,20,4,1998,1,15,-1,3,-1
201597UA70504,5,9,0,18,0,0,0,0,0,0,2,1,2,2,43,7,2199,2,3,-1,2,-1
201597UA70505,1,9,0,3,0,2,0,0,0,0,3,1,6,1,49,8,1951,2,14,-1,2,-1
201597UA70505,2,5,0,18,0,1,0,0,0,0,1,1,6,1,65,9,1690,1,2,-1,2,-1
201597UA70507,1,9,0,18,0,6,1,0,3,0,1,1,6,1,40,7,1560,2,3,-1,3,-1
201597UA70507,2,9,0,18,0,1,1,0,7,0,1,1,6,1,29,6,2149,2,8,-1,3,-1
201597UA70508,1,9,0,18,0,0,0,0,0,0,4,1,1,1,66,10,1598,1,1,-1,1,-1
201597UA70605,1,9,0,9,0,6,0,0,0,0,3,1,6,2,27,6,1229,1,1,-1,1,-1
201597UA70605,2,3,0,18,0,1,0,0,0,0,1,1,6,2,20,4,125,1,1,-1,1,-1
201597UA70606,1,9,0,18,0,4,0,0,0,0,3,1,6,2,22,5,1229,1,5,-1,1,-1
201597UA70606,2,19,0,7,0,4,0,0,0,0,1,1,1,1,37,7,6693,2,2,-1,1,-1
201597UA70607,1,9,0,7,0,2,1,0,1,0,1,1,6,1,18,4,1242,1,11,-1,1,-1
201597UA70607,2,19,0,18,0,1,0,0,7,0,1,1,1,1,37,7,2298,2,2,-1,1,-1
201597UA70608,1,9,0,18,0,2,0,10,1,6,1,1,1,1,44,7,-1,-1,-1,-1,2,-1
201597UA70610,1,9,0,18,0,0,1,0,1,7,1,1,2,2,20,4,998,1,9,-1,1,-1
201597UA70610,2,9,0,18,0,0,2,0,4,6,1,1,6,2,45,7,1388,1,5,-1,1,-1
201597UA70612,1,9,0,18,0,2,0,0,3,11,1,1,6,1,32,6,-1,-1,-1,-1,2,-1
201597UA70708,1,9,0,4,9,0,0,0,0,0,4,1,6,2,49,8,1328,1,7,-1,1,-1
201597UA70708,2,1,0,18,0,0,0,0,0,0,1,1,6,1,69,10,-1,-1,-1,-1,2,-1
201597UA70709,1,9,0,18,0,2,0,0,0,0,3,1,6,2,68,10,1769,1,12,-1,2,-1
201597UA70709,2,5,0,18,0,2,2,0,0,0,1,1,6,1,41,7,600,1,12,-1,1,-1
201597UA70710,1,9,0,9,0,1,0,0,0,0,3,1,6,1,64,9,2688,2,14,-1,1,-1
201597UA70710,2,5,0,18,0,1,0,0,0,0,3,1,6,1,55,8,999,1,-1,-1,1,-1
201597UA70711,1,9,0,18,0,0,0,0,0,0,1,1,6,1,17,4,1497,8,4,-1,1,-1
201597UA70711,2,9,0,18,0,0,0,0,0,0,1,1,6,1,64,9,1560,2,2,-1,2,-1
201597UA70806,1,11,0,18,0,0,0,0,7,11,1,1,1,1,31,6,4580,2,8,-1,2,-1
201597UA70808,1,9,0,1,0,6,0,0,0,0,1,1,6,2,59,9,-1,-1,-1,-1,1,-1
201597UA70809,1,19,0,18,0,0,5,0,7,0,1,1,1,1,48,8,1998,2,11,-1,3,-1
201597UA70810,1,11,0,4,0,0,0,0,0,0,3,1,6,2,39,7,4580,2,8,-1,1,-1
201597UA70810,2,11,0,4,0,0,0,0,0,0,0,1,6,1,35,6,6871,2,7,-1,1,-1
201597UA70906,1,9,0,17,0,8,5,10,0,1,1,1,1,1,31,6,-1,-1,-1,-1,1,-1
201597UA70907,1,9,0,14,0,0,0,0,0,0,1,1,1,1,31,6,-1,-1,-1,-1,1,-1
201597UA70907,2,11,0,2,0,0,0,0,0,0,0,1,1,1,46,8,9000,2,5,-1,1,-1
201597UA70909,1,5,0,17,0,2,0,0,1,10,4,1,6,1,48,8,599,1,17,-1,1,-1
201597UA70910,1,9,0,18,0,0,0,0,0,0,1,1,6,1,84,11,1596,1,7,-1,1,-1
201597UA71006,1,3,0,18,0,3,0,0,0,0,0,1,6,2,58,9,1202,1,3,-1,1,-1
201597UA71008,1,9,0,18,0,0,0,0,0,0,4,1,1,2,43,7,1596,1,10,-1,1,-1
201597UA71009,1,9,0,9,0,4,0,0,0,0,1,1,6,1,19,4,1198,1,3,-1,1,-1
201597UA71009,2,11,0,18,0,8,0,0,0,0,1,1,1,1,59,9,9000,2,5,-1,-1,-1
201597UA71012,1,9,0,18,0,0,0,0,0,0,1,1,6,1,60,9,1598,1,13,-1,1,-1
201597UA71110,1,9,0,17,0,0,0,0,8,11,1,1,2,2,24,5,1242,1,5,-1,1,-1
201597UA71111,1,9,0,16,0,0,0,0,7,2,1,1,6,1,61,9,5700,1,38,-1,3,-1
201597UA71112,1,9,0,9,0,2,0,0,0,0,1,1,1,1,32,6,1598,2,2,-1,2,-1
201597UA71210,1,9,0,18,0,0,0,0,0,0,1,1,2,2,29,6,1596,1,4,-1,2,-1
201597UA71210,2,9,0,18,0,0,0,0,0,0,2,1,2,1,37,7,1998,2,11,-1,1,-1
201597UA71210,3,9,0,18,0,0,0,0,0,0,2,1,6,1,21,5,1248,2,2,-1,1,-1
201597UA71211,1,9,0,16,0,1,0,0,0,0,1,1,2,2,43,7,999,1,-1,-1,3,-1
201597UA71211,2,9,0,10,0,1,0,0,0,0,2,1,6,1,60,9,1910,2,6,-1,1,-1
201597UA71212,1,9,0,3,0,4,0,0,0,0,1,1,6,1,55,8,1956,2,4,-1,1,-1
201597UA71212,2,9,0,3,0,4,0,0,0,0,2,1,2,2,54,8,1995,2,2,-1,1,-1
201597UA71310,1,9,0,18,0,0,0,0,0,0,1,1,6,1,77,11,1299,1,13,-1,1,-1
201597UA71310,2,1,0,18,0,0,0,0,3,0,1,1,6,1,28,6,-1,-1,-1,-1,1,-1
201597UA71312,1,11,0,18,0,1,0,0,0,0,1,1,1,1,47,8,-1,-1,-1,-1,1,-1
201597UA71312,2,9,0,3,0,1,0,0,0,0,2,1,6,1,47,8,1598,1,8,-1,3,-1
201597UA71410,1,3,0,17,0,0,1,10,1,1,1,1,2,1,17,4,124,1,1,-1,1,-1
201597UA71412,1,9,0,16,0,0,0,4,0,0,1,1,2,1,28,6,1984,1,6,-1,1,-1
201597UA71412,2,9,0,16,0,0,0,0,2,6,2,1,6,1,46,8,1796,1,3,-1,1,-1
201597UA71510,1,9,0,1,9,1,0,0,0,0,2,1,1,1,51,8,-1,-1,-1,-1,3,-1
201597UA71610,1,9,0,18,0,0,0,0,0,0,1,1,2,1,18,4,1598,1,9,-1,1,-1
201597UA71610,2,9,0,18,0,0,0,0,0,0,2,1,6,2,42,7,998,1,-1,-1,-1,-1
201597UA71611,1,9,0,18,0,0,1,0,0,7,4,1,1,1,37,7,1598,2,1,-1,3,-1
201597UA71710,1,9,0,18,0,0,1,0,0,0,1,1,6,2,29,6,2171,1,11,-1,3,-1
201597UA71710,2,9,0,18,0,0,0,0,0,0,1,1,6,2,75,10,1992,2,7,-1,3,-1
201597UA71810,1,9,0,18,0,0,0,0,1,0,1,1,6,1,53,8,2143,2,3,-1,1,-1
201597UA71810,2,11,0,18,0,0,0,0,1,0,3,1,1,1,60,9,6871,2,7,-1,3,-1
201597UA71810,3,9,0,18,0,0,0,10,0,0,3,1,6,1,32,6,1596,1,4,-1,-1,-1
201597UA71812,1,9,0,16,0,0,0,0,1,1,1,1,6,1,32,6,1596,1,10,-1,1,-1
201597UA71912,1,9,0,18,0,0,0,0,0,0,1,1,6,2,54,8,1598,1,12,-1,1,-1
201597UA71912,2,9,0,4,0,0,0,0,0,0,2,1,6,2,38,7,1497,8,7,-1,1,-1
201597UC00101,1,9,0,14,0,1,0,4,1,11,1,1,6,1,23,5,2387,2,13,-1,1,-1
201597UC00101,2,9,0,2,0,1,0,0,0,0,2,1,6,1,30,6,1598,1,1,-1,-1,-1
201597UC00105,1,9,0,12,0,0,0,0,0,0,0,1,6,3,30,6,-1,-1,-1,-1,-1,-1
201597UC00105,2,9,0,18,0,0,2,7,4,6,1,1,6,2,20,4,1229,1,3,-1,1,-1
201597UC00108,1,9,0,16,0,0,2,0,1,9,1,1,6,2,36,7,1390,1,9,-1,2,-1
201597UC00205,1,9,0,7,0,3,1,0,0,2,3,1,6,2,51,8,998,1,9,-1,1,-1
201597UC00209,1,9,0,18,0,0,0,0,0,0,3,1,6,1,51,8,4367,2,3,-1,3,-1
201597UC00210,1,9,0,9,0,5,0,0,0,0,3,1,2,2,43,7,2204,2,8,-1,1,-1
201597UC00305,1,19,0,4,0,4,0,0,0,0,1,1,6,2,44,7,-1,-1,-1,-1,-1,-1
201597UC00305,2,9,0,3,0,4,0,0,0,0,2,1,6,2,18,4,1242,1,2,-1,2,-1
201597UC00306,1,20,4,5,6,1,0,0,0,0,4,1,1,1,59,9,-1,-1,-1,-1,1,-1
201597UC00403,1,9,0,18,0,0,5,0,1,7,4,1,6,2,44,7,-1,-1,-1,-1,2,-1
201597UC00408,1,9,0,9,0,5,0,0,0,0,3,1,6,2,41,7,2488,1,7,-1,3,-1
201597UC00408,2,8,0,18,0,8,1,0,0,0,1,1,1,1,63,9,1896,2,5,-1,1,-1
201597UC00410,1,9,0,18,0,2,0,0,0,0,1,1,6,1,27,6,1395,1,1,-1,1,-1
201597UC00412,1,9,0,18,0,1,0,0,0,0,1,1,6,2,41,7,1598,1,1,-1,2,-1
201597UC00412,2,9,0,4,0,1,0,0,0,0,2,1,6,2,22,5,1242,1,1,-1,1,-1
201597UC00502,1,4,0,18,0,2,0,0,0,0,3,1,6,1,32,6,-1,-1,-1,-1,1,-1
201597UC00502,2,9,0,18,0,1,1,0,0,0,1,1,6,1,31,6,-1,-1,-1,-1,1,-1
201597UC00503,1,9,0,18,0,0,2,0,1,0,4,1,6,2,36,7,1339,1,8,-1,3,-1
201597UC00508,1,9,0,18,0,0,0,0,0,0,1,1,2,1,23,5,1461,2,10,-1,-1,-1
201597UC00508,2,9,0,4,0,0,0,0,0,0,2,1,2,1,37,7,1242,1,-1,-1,1,-1
201597UC00508,3,9,0,4,0,0,0,0,0,0,2,1,2,2,30,6,2993,2,-1,-1,3,-1
201597UC00603,1,9,0,18,0,0,0,0,0,6,1,1,6,2,21,5,1598,1,7,-1,1,-1
201597UC00603,2,9,0,18,0,0,0,0,0,0,0,1,6,2,48,8,999,1,1,-1,1,-1
201597UC00609,1,9,0,9,0,8,0,0,0,0,4,1,6,1,18,4,1242,1,-1,-1,1,-1
201597UC00609,2,1,0,18,0,8,0,0,0,0,1,1,6,1,38,7,-1,-1,-1,-1,3,-1
201597UC00704,1,9,0,7,4,5,0,0,1,0,4,1,6,2,56,9,1242,1,2,-1,1,-1
201597UC00704,2,1,0,18,4,1,0,0,0,0,1,1,6,1,61,9,-1,-1,-1,-1,1,-1
201597UC00705,1,9,0,16,0,0,0,0,0,0,1,1,1,1,23,5,-1,-1,-1,-1,-1,-1
201597UC00705,2,9,0,17,0,0,0,0,0,0,1,1,1,1,76,11,1968,2,-1,-1,-1,-1
201597UC00707,1,8,0,4,0,0,0,0,0,0,3,1,1,1,49,8,1896,2,6,-1,1,-1
201597UC00712,1,9,0,18,0,0,2,0,0,6,1,1,2,2,23,5,998,1,4,-1,1,-1
201597UC00802,1,9,0,1,0,0,0,0,0,0,2,1,3,2,32,6,1229,1,-1,-1,1,-1
201597UC00802,2,9,0,4,0,0,0,0,0,0,1,1,3,2,33,6,998,1,4,-1,1,-1
201597UC00903,1,9,0,18,0,1,2,0,1,7,4,1,6,1,31,6,-1,-1,-1,-1,1,-1
201597UC00904,1,2,0,18,0,0,0,0,0,0,1,1,2,1,53,8,-1,-1,-1,-1,1,-1
201597UC01001,1,9,0,18,0,0,0,0,0,0,1,1,6,2,30,6,1560,2,4,-1,3,-1
201597UC01005,1,9,0,18,0,0,2,0,8,4,3,1,6,1,52,8,1596,1,-1,-1,1,-1
201597UC01006,1,9,0,18,0,1,0,0,0,0,1,1,6,1,59,9,-1,-1,-1,-1,3,-1
201597UC01006,2,9,0,7,0,1,0,0,0,0,2,1,6,1,29,6,-1,-1,-1,-1,2,-1
201597UC01011,1,9,0,18,0,0,1,0,0,0,3,1,2,1,54,8,-1,-1,-1,-1,1,-1
201597UC01011,2,9,0,18,0,0,0,0,0,0,1,1,2,1,65,9,1248,2,1,-1,1,-1
201597UC01107,1,9,0,17,0,0,5,0,2,4,3,1,1,1,18,4,1396,1,10,-1,2,-1
201597UC01201,1,19,0,18,0,4,0,0,0,0,1,1,1,1,50,8,2198,2,-1,-1,-1,-1
201597UC01201,2,9,0,9,0,4,0,0,0,0,3,1,6,1,60,9,-1,-1,-1,-1,-1,-1
201597UC01201,3,19,0,3,0,1,0,0,0,0,3,1,6,1,56,9,1996,2,4,-1,-1,-1
201597UC01201,4,9,0,3,0,1,0,0,0,0,1,1,6,2,61,9,1396,2,2,-1,3,-1
201597UC01203,1,9,0,18,0,0,5,0,0,10,1,1,6,1,39,7,1198,1,2,-1,1,-1
201597UC01205,1,9,0,7,0,1,0,0,0,0,1,1,1,1,53,8,1896,2,7,-1,1,-1
201597UC01205,2,9,0,8,0,2,0,0,0,0,3,1,6,2,19,4,1149,1,14,-1,1,-1
201597UC01302,1,19,0,5,0,4,0,0,0,0,1,1,6,1,50,8,-1,-1,-1,-1,-1,-1
201597UC01302,2,9,0,3,0,4,0,0,0,0,2,1,6,2,36,7,2993,2,2,-1,3,-1
201597UC01310,1,9,0,4,0,1,0,0,0,0,1,1,2,2,50,8,998,1,2,-1,1,-1
201597UC01310,2,9,0,3,0,1,0,0,0,0,2,1,2,1,36,7,1598,2,1,-1,1,-1
201597UC01310,3,9,0,3,0,1,0,0,0,0,2,1,2,1,37,7,2184,2,12,-1,-1,-1
201597UC01502,1,90,0,12,0,0,2,0,0,6,3,1,1,1,21,5,-1,-1,-1,-1,1,-1
201597UC01508,1,9,0,18,0,0,0,0,0,0,3,1,2,2,36,7,1198,1,10,-1,3,-1
201597UC01508,2,9,0,10,0,0,0,0,0,0,3,1,2,1,46,8,1339,1,-1,-1,-1,-1
201597UC01510,1,9,0,11,0,5,1,0,1,6,1,1,6,2,24,5,1598,1,9,-1,1,-1
201597UC01512,1,9,0,18,0,8,0,0,0,0,1,1,6,2,60,9,2987,2,4,-1,3,-1
201597UC01711,1,9,0,4,0,0,0,0,0,0,1,1,2,1,25,5,898,1,-1,-1,1,-1
201597UC01711,2,9,0,4,0,0,0,0,0,0,1,1,2,1,56,9,1398,1,4,-1,1,-1
201597UC01711,3,9,0,4,0,0,0,0,0,0,2,1,2,1,49,8,-1,-1,-1,-1,3,-1
201597UC01711,4,9,0,12,0,0,0,0,0,0,2,1,2,1,53,8,-1,-1,-1,-1,2,-1
201597UC01712,1,9,0,7,0,4,0,9,3,10,1,1,6,1,26,6,1199,1,13,-1,1,-1
201597UC01803,1,9,0,18,0,0,0,7,0,6,1,1,6,2,87,11,1339,1,9,-1,1,-1
201597UC01901,1,9,0,18,0,1,0,0,0,0,4,1,6,3,30,6,-1,-1,-1,-1,-1,-1
201597UC01902,1,11,0,4,0,0,0,0,0,0,0,1,1,1,47,8,9000,2,1,-1,2,-1
201597UC01908,1,9,0,18,0,0,2,0,0,4,1,1,2,1,27,6,1560,2,6,-1,2,-1
201597UC02004,1,9,0,18,0,0,2,4,0,0,4,1,6,1,23,5,1242,1,6,-1,-1,-1
201597UC02004,2,9,0,2,0,0,0,0,0,0,2,1,6,3,30,6,2204,2,9,-1,-1,-1
201597UC02004,3,9,0,2,0,0,0,0,0,0,3,1,6,3,30,6,1398,1,3,-1,-1,-1
201597UC02111,1,9,0,18,0,0,0,0,0,0,1,1,6,2,50,8,1390,1,8,-1,3,-1
201597UC02111,2,9,0,3,0,0,0,0,0,0,2,1,6,2,34,6,1997,2,5,-1,2,-1
201597UC02203,1,9,0,18,0,1,1,0,0,0,1,1,4,2,34,6,-1,-1,-1,-1,3,-1
201597UC02203,2,19,0,10,0,1,0,0,0,0,2,1,1,1,58,9,2198,2,1,-1,2,-1
201597UC02205,1,9,0,18,0,0,5,0,7,11,1,1,6,1,23,5,1198,1,2,-1,3,-1
201597UC02302,1,9,0,18,0,0,2,0,1,11,1,1,2,2,22,5,1248,2,5,-1,3,-1
201597UC02304,1,9,0,17,0,0,2,0,1,9,1,1,6,2,19,4,998,1,4,-1,2,-1
201597UC02405,1,9,0,4,0,1,1,0,0,0,1,1,6,2,20,4,1198,1,6,-1,1,-1
201597UC02405,2,9,0,4,0,1,1,0,0,0,2,1,6,1,52,8,1596,1,5,-1,1,-1
201597UC02407,1,9,0,17,0,0,1,10,1,11,1,1,6,1,41,7,1493,2,10,-1,1,-1
201597UC02412,1,9,0,9,0,1,0,0,0,0,1,1,6,2,21,5,1390,1,7,-1,3,-1
201597UC02502,1,9,0,5,0,3,0,0,0,0,1,1,6,1,49,8,1685,2,2,-1,1,-1
201597UC02502,2,9,0,8,0,3,0,0,0,0,2,1,6,2,20,4,1242,1,3,-1,1,-1
201597UC02504,1,9,0,18,0,4,0,0,0,0,1,1,6,2,30,6,1360,1,9,-1,1,-1
201597UC02504,2,9,0,3,0,4,0,0,0,0,2,1,6,2,30,6,2198,1,12,-1,1,-1
201597UC02505,1,9,0,17,0,0,1,0,1,0,4,1,6,2,18,4,1242,1,8,-1,2,-1
201597UC02601,1,9,0,16,0,0,0,0,0,0,3,1,6,2,83,11,-1,-1,-1,-1,3,-1
201597UC02601,2,9,0,4,0,0,0,0,0,0,1,1,6,2,30,6,1339,8,5,-1,2,-1
201597UC02610,1,9,0,18,0,0,0,0,0,0,1,1,6,1,30,6,-1,-1,-1,-1,3,-1
201597UC02610,2,9,0,2,0,0,0,0,1,11,2,1,1,1,31,6,1198,1,13,-1,1,-1
201597UC02707,1,9,0,18,0,0,0,0,0,0,1,1,6,1,82,11,1108,1,7,-1,2,-1
201597UC02707,2,9,0,4,0,0,0,0,0,0,2,1,6,1,28,6,-1,-1,-1,-1,2,-1
201597UC02801,1,9,0,4,0,6,1,0,0,0,1,1,2,1,19,4,1368,1,4,-1,1,-1
201597UC02801,2,9,0,18,0,8,0,0,1,10,3,1,2,1,51,8,1968,2,5,-1,1,-1
201597UC02801,3,9,0,18,0,8,1,0,7,0,1,1,6,1,50,8,1248,2,4,-1,3,-1
201597UC02810,1,9,0,18,0,0,0,0,0,0,1,1,6,1,34,6,1390,1,12,-1,2,-1
201597UC02904,1,9,0,16,0,0,0,0,8,11,1,1,2,2,29,6,1598,1,14,-1,3,-1
201597UC02907,1,9,0,18,0,0,0,0,0,0,1,1,6,1,43,7,1910,2,10,-1,-1,-1
201597UC02907,2,9,0,3,0,0,0,0,0,0,2,1,6,1,40,7,2993,2,11,-1,3,-1
201597UC02910,1,90,0,18,0,0,0,0,0,0,0,1,6,3,40,7,-1,-1,-1,-1,-1,-1
201597UC02912,1,9,0,16,0,0,2,0,1,3,1,1,2,1,22,5,1242,1,6,-1,1,-1
201597UC03002,1,19,0,18,0,0,0,0,0,0,4,1,1,1,20,4,2461,2,12,-1,-1,-1
201597UC03002,2,90,0,2,0,0,0,0,0,0,3,1,1,1,55,8,6370,2,8,-1,-1,-1
201597UC03003,1,9,0,5,0,1,0,0,0,0,3,1,1,2,57,9,1560,2,1,-1,2,-1
201597UC03003,2,9,0,18,0,1,0,0,0,0,4,1,1,2,57,9,1956,2,4,-1,2,-1
201597UC03008,1,9,0,17,0,0,0,0,0,0,4,1,6,1,82,11,1242,1,12,-1,2,-1
201597UC03102,1,11,0,17,0,1,0,0,0,0,1,1,6,1,44,7,9000,2,5,-1,-1,-1
201597UC03103,1,8,0,18,0,6,0,0,0,0,4,1,6,1,30,6,-1,-1,-1,-1,-1,-1
201597UC03104,1,9,0,16,0,0,1,0,1,4,3,1,2,1,38,7,1229,1,8,-1,2,-1
201597UC03109,1,9,0,2,0,0,0,0,0,0,3,1,2,2,45,7,1598,2,-1,-1,1,-1
201597UC03109,2,1,0,18,0,0,0,0,0,0,1,1,6,1,26,6,-1,-1,-1,-1,1,-1
201597UC03111,1,9,0,18,0,1,1,0,0,0,4,1,6,2,30,6,1598,1,8,-1,1,-1
201597UC03111,2,9,0,18,0,1,0,0,0,0,1,1,6,1,69,10,1840,1,12,-1,1,-1
201597UC03207,1,9,0,18,0,0,1,0,0,0,1,1,6,1,25,5,998,1,8,-1,-1,-1
201597UC03210,1,9,0,18,0,0,0,0,0,0,1,1,6,3,-1,-1,1781,1,12,-1,-1,-1
201597UC03210,2,9,0,18,0,0,0,0,0,0,1,1,6,2,29,6,1364,1,9,-1,1,-1
201597UC03212,1,9,0,9,0,0,0,0,0,0,1,1,6,2,29,6,1995,2,1,-1,1,-1
201597UC03212,2,9,0,17,0,0,0,0,0,0,2,1,6,1,30,6,1198,1,7,-1,3,-1
201597UC03305,1,9,0,16,0,0,1,0,1,11,1,1,6,1,34,6,1390,1,13,-1,2,-1
201597UC03404,1,9,0,18,0,4,5,0,1,0,1,1,6,1,35,6,1461,2,5,-1,1,-1
201597UC03410,1,9,0,4,0,1,0,0,0,0,1,1,6,2,19,4,1242,1,2,-1,2,-1
201597UC03410,2,9,0,4,0,1,0,0,0,0,2,1,6,1,26,6,1248,2,10,-1,3,-1
201597UC03510,1,9,0,18,0,0,0,0,0,0,3,1,1,1,46,8,1956,2,1,-1,1,-1
201597UC03512,1,19,0,18,0,1,0,0,0,0,1,1,1,1,37,7,2143,2,1,-1,-1,-1
201597UC03512,2,9,0,10,0,1,0,0,0,0,2,1,2,1,54,8,1560,2,1,-1,1,-1
201597UC03601,1,19,0,18,0,0,1,10,0,0,1,1,2,1,46,8,-1,-1,-1,-1,-1,-1
201597UC03601,2,19,0,18,0,0,1,10,0,0,2,1,2,1,50,8,2402,2,4,-1,-1,-1
201597UC03601,3,9,0,18,0,0,1,10,0,0,1,1,2,1,25,5,1398,1,1,-1,1,-1
201597UC03601,4,19,0,18,0,0,1,0,0,0,4,1,2,1,59,9,1560,2,5,-1,-1,-1
201597UC03601,5,9,0,18,0,0,1,10,0,0,1,1,2,2,45,7,2000,2,6,-1,1,-1
201597UC03601,6,21,1,18,0,0,1,10,0,0,2,1,1,1,56,9,10837,2,3,-1,-1,-1
201597UC03601,7,9,0,18,0,0,1,10,0,0,1,1,2,2,23,5,-1,-1,-1,-1,-1,-1
201597UC03602,1,9,0,18,0,0,5,4,0,0,1,1,6,1,85,11,-1,-1,-1,-1,1,-1
201597UC03602,2,9,0,2,0,0,0,0,0,0,1,1,6,3,30,6,1496,2,1,-1,-1,-1
201597UC03602,3,9,0,2,0,0,0,0,0,0,1,1,6,3,30,6,1198,1,8,-1,-1,-1
201597UC03603,1,9,0,18,0,0,0,0,0,0,3,1,1,1,35,6,1598,1,8,-1,1,-1
201597UC03603,2,9,0,18,0,0,0,4,0,0,3,1,1,1,50,8,1560,2,6,-1,1,-1