Accident_Index,Vehicle_Reference,Vehicle_Type,Towing_and_Articulation,Vehicle_Manoeuvre,Vehicle_Location-Restricted_Lane,Junction_Location,Skidding_and_Overturning,Hit_Object_in_Carriageway,Vehicle_Leaving_Carriageway,Hit_Object_off_Carriageway,1st_Point_of_Impact,Was_Vehicle_Left_Hand_Drive?,Journey_Purpose_of_Driver,Sex_of_Driver,Age_of_Driver,Age_Band_of_Driver,Engine_Capacity_(CC),Propulsion_Code,Age_of_Vehicle,Driver_IMD_Decile,Driver_Home_Area_Type,Vehicle_IMD_Decile
201597UD01005,1,9,0,18,0,6,0,0,0,0,1,1,6,2,81,11,1299,1,13,-1,2,-1
201597UD01005,2,9,0,18,0,8,0,0,0,0,4,1,6,1,71,10,2400,2,1,-1,-1,-1
201597UD01011,1,9,0,16,0,0,1,0,0,0,4,1,1,1,18,4,1149,1,9,-1,1,-1
201597UD01011,2,19,0,7,0,0,0,0,0,0,0,1,1,1,48,8,2402,2,9,-1,1,-1
201597UD01011,3,9,0,18,0,0,0,0,1,0,1,1,6,2,47,8,1242,1,11,-1,1,-1
201597UD01101,1,9,0,18,0,0,1,0,7,0,1,1,6,1,17,4,1396,1,11,-1,2,-1
201597UD01101,2,21,0,18,0,0,0,0,0,0,1,1,1,1,50,8,-1,-1,-1,-1,1,-1
201597UD01105,1,9,0,4,0,0,0,0,0,0,3,1,1,2,50,8,1149,1,9,-1,1,-1
201597UD01201,1,9,0,18,0,0,0,0,0,0,1,1,3,2,47,8,1995,2,11,-1,3,-1
201597UD01201,2,9,0,18,0,0,0,0,0,0,1,1,3,1,55,8,-1,-1,-1,-1,3,-1
201597UD01208,1,9,0,16,0,0,0,0,7,10,1,1,2,2,54,8,1399,2,6,-1,3,-1
201597UD01303,1,9,0,18,0,0,0,0,0,0,1,1,6,1,40,7,1968,2,2,-1,-1,-1
201597UD01303,2,9,0,18,0,0,0,0,0,0,1,1,6,1,19,4,1388,1,11,-1,1,-1
201597UD01310,1,9,0,16,0,6,0,0,0,0,1,1,1,1,27,6,-1,-1,-1,-1,-1,-1
201597UD01310,2,1,0,18,0,1,0,0,0,0,4,1,6,1,59,9,-1,-1,-1,-1,-1,-1
201597UD01402,1,9,0,18,0,8,0,0,0,0,1,1,6,1,67,10,1686,2,13,-1,-1,-1
201597UD01402,2,9,0,5,0,8,0,0,0,0,1,1,6,2,37,7,1796,1,10,-1,-1,-1
201597UD01408,1,21,1,11,0,0,0,0,0,0,4,1,1,1,53,8,10837,2,3,-1,2,-1
201597UD01408,2,9,0,18,0,0,0,0,7,1,3,1,2,1,37,7,1587,1,9,-1,3,-1
201597UD01409,1,9,0,17,0,8,0,0,1,11,1,1,6,2,41,7,1398,2,4,-1,1,-1
201597UD01501,1,90,0,17,0,0,0,0,0,0,3,1,1,1,46,8,8970,2,8,-1,3,-1
201597UD01501,2,9,0,16,0,0,0,0,0,0,3,1,6,2,42,7,1560,2,7,-1,-1,-1
201597UD01606,1,9,0,5,0,1,0,0,0,0,1,1,6,2,48,8,1560,2,1,-1,1,-1
201597UD01606,2,9,0,5,0,1,0,0,0,0,2,1,6,1,68,10,1560,2,9,-1,1,-1
201597UD01611,1,9,0,18,0,0,0,0,0,0,0,1,6,3,-1,-1,-1,-1,-1,-1,-1,-1
201597UD01611,2,3,0,18,0,0,0,0,0,0,0,1,2,1,20,4,125,1,-1,-1,3,-1
201597UD01807,1,9,0,18,0,0,1,0,1,3,1,1,2,2,50,8,2199,2,-1,-1,3,-1
201597UD01808,1,9,0,10,0,6,0,0,0,0,3,1,6,1,65,9,1198,1,1,-1,1,-1
201597UD01808,2,9,0,18,0,6,0,0,0,0,1,1,6,1,60,9,998,1,10,-1,-1,-1
201597UD01809,1,9,0,16,0,0,1,0,1,10,1,1,2,2,26,6,1398,2,12,-1,1,-1
201597UD01809,2,19,0,10,0,0,0,0,0,0,3,1,1,1,68,10,2198,2,-1,-1,3,-1
201597UD01811,1,9,0,10,0,6,0,0,0,0,3,1,6,1,73,10,1398,1,1,-1,1,-1
201597UD02012,1,9,0,17,0,0,2,0,1,0,0,1,6,1,23,5,1796,1,11,-1,1,-1
201597UD02103,1,11,0,18,0,0,0,0,0,0,0,1,1,1,34,6,12900,2,6,-1,3,-1
201597UD02204,1,9,0,18,0,4,0,0,0,0,1,1,6,1,40,7,1753,2,12,-1,2,-1
201597UD02204,2,3,0,18,0,4,0,0,0,0,2,1,6,1,28,6,125,1,3,-1,1,-1
201597UD02205,1,9,0,17,0,0,1,0,1,11,3,1,2,2,67,10,1598,1,8,-1,3,-1
201597UD02206,1,9,0,16,0,0,0,0,0,0,1,1,6,2,50,8,1198,1,1,-1,1,-1
201597UD02206,2,19,0,16,0,0,0,0,0,0,2,1,1,1,52,8,2402,2,10,-1,1,-1
201597UD02208,1,9,0,16,0,0,0,0,0,0,1,1,6,2,58,9,1995,1,2,-1,3,-1
201597UD02208,2,9,0,17,0,0,0,0,1,0,3,1,6,1,19,4,1596,1,8,-1,3,-1
201597UD02304,1,9,0,18,0,1,0,0,0,0,1,1,2,2,25,5,998,1,8,-1,3,-1
201597UD02304,2,9,0,10,0,1,0,0,0,0,2,1,2,2,28,6,998,1,1,-1,2,-1
201597UD02404,1,9,0,7,9,0,0,0,0,0,4,1,6,2,50,8,-1,-1,-1,-1,-1,-1
201597UD02406,1,3,0,17,0,0,0,0,1,11,1,1,6,1,29,6,125,1,-1,-1,2,-1
201597UD02407,1,9,0,18,0,0,0,0,0,0,0,1,1,3,38,7,-1,-1,-1,-1,-1,-1
201597UD02407,2,1,0,18,0,0,0,0,1,9,0,1,6,1,74,10,-1,-1,-1,-1,1,-1
201597UD02412,1,9,0,18,0,0,0,0,0,0,0,1,6,2,71,10,1995,2,5,-1,1,-1
201597UD02501,1,9,0,18,0,1,0,0,0,0,1,1,1,1,35,6,-1,-1,-1,-1,1,-1
201597UD02501,2,9,0,18,0,1,0,0,0,0,2,1,6,2,68,10,1329,1,1,-1,-1,-1
201597UD02502,1,9,0,16,0,1,1,0,0,0,1,1,6,1,18,4,-1,-1,-1,-1,3,-1
201597UD02502,2,9,0,10,0,1,0,0,0,0,2,1,6,1,82,11,1242,1,8,-1,1,-1
201597UD02508,1,9,0,18,0,1,0,0,0,0,1,1,6,1,77,11,1397,1,6,-1,1,-1
201597UD02509,1,9,0,18,0,2,0,0,0,0,1,1,6,1,26,6,1598,1,7,-1,1,-1
201597UD02511,1,9,0,16,0,0,0,0,0,0,3,1,2,2,60,9,1598,1,12,-1,1,-1
201597UD02511,2,9,0,17,0,0,0,0,0,0,3,1,2,2,19,4,1229,1,6,-1,3,-1
201597UD02604,1,9,0,18,0,8,0,0,0,0,1,1,2,2,60,9,1968,2,2,-1,1,-1
201597UD02604,2,9,0,10,0,8,0,0,0,0,2,1,2,2,28,6,1994,2,11,-1,1,-1
201597UD02607,1,9,0,9,0,2,0,0,0,0,3,1,6,1,61,9,1870,2,12,-1,-1,-1
201597UD02607,2,3,0,18,0,1,0,0,0,0,1,1,6,1,34,6,125,1,3,-1,1,-1
201597UD02611,1,9,0,18,0,0,2,0,1,11,1,1,6,2,21,5,1984,1,7,-1,1,-1
201597UD02701,1,9,0,17,0,8,1,0,7,0,4,1,6,2,21,5,-1,-1,-1,-1,2,-1
201597UD02701,2,8,0,16,0,8,0,0,0,0,1,1,1,1,50,8,1997,2,6,-1,1,-1
201597UD02706,1,4,0,17,0,0,0,0,1,10,1,1,6,1,27,6,1000,1,2,-1,-1,-1
201597UD02706,2,4,0,17,0,0,0,0,1,0,1,1,6,1,42,7,999,1,4,-1,3,-1
201597UD02803,1,9,0,4,0,4,0,0,0,0,4,1,6,1,17,4,-1,-1,-1,-1,-1,-1
201597UD02805,1,8,0,18,0,4,0,0,0,0,1,1,6,1,46,8,1968,2,1,-1,2,-1
201597UD02805,2,8,0,7,0,4,0,0,0,0,3,1,6,1,62,9,1997,2,10,-1,3,-1
201597UD02808,1,9,0,16,0,0,1,0,7,10,1,1,6,1,18,4,1388,1,8,-1,1,-1
201597UD02811,1,9,0,18,0,0,0,0,0,0,3,1,6,3,-1,-1,-1,-1,-1,-1,-1,-1
201597UD02905,1,9,0,18,0,0,0,0,0,0,1,1,6,1,34,6,1968,2,10,-1,-1,-1
201597UD02905,2,9,0,18,0,0,0,0,0,0,2,1,6,2,31,6,1956,2,3,-1,2,-1
201597UD03006,1,9,0,14,0,0,0,0,0,0,4,1,6,2,64,9,998,1,7,-1,1,-1
201597UD03006,2,1,0,10,0,0,0,0,0,0,1,1,6,2,55,8,-1,-1,-1,-1,1,-1
201597UD03107,1,9,0,9,0,2,0,0,0,0,1,1,2,2,29,6,1200,1,-1,-1,1,-1
201597UD03108,1,8,0,1,0,1,0,0,0,0,2,1,1,1,61,9,1598,2,2,-1,-1,-1
201597UD03202,1,9,0,12,0,0,0,0,0,0,4,1,6,2,37,7,1997,2,5,-1,-1,-1
201597UD03202,2,9,0,18,0,0,0,0,0,0,3,1,6,2,41,7,2204,2,9,-1,-1,-1
201597UD03202,3,9,0,18,0,0,0,0,0,0,3,1,6,1,38,7,-1,-1,-1,-1,-1,-1
201597UD03202,4,9,0,18,0,0,0,0,0,0,3,1,6,1,56,9,-1,-1,-1,-1,3,-1
201597UD03202,5,9,0,18,0,0,0,0,0,0,3,1,6,1,69,10,1796,1,4,-1,-1,-1
201597UD03202,6,9,0,18,0,0,0,0,0,0,3,1,6,2,43,7,1390,1,4,-1,-1,-1
201597UD03203,1,9,0,3,0,4,0,0,0,0,1,1,1,1,27,6,-1,-1,-1,-1,-1,-1
201597UD03203,2,9,0,3,0,4,0,0,0,0,3,1,6,1,75,10,1461,2,3,-1,3,-1
201597UD03203,3,9,0,3,0,4,0,0,0,0,2,1,2,2,32,6,998,1,3,-1,2,-1
201597UD03209,1,9,0,17,0,0,1,0,2,11,1,1,6,2,30,6,2204,2,9,-1,-1,-1
201597UD03211,1,8,0,6,8,8,0,0,0,0,3,1,1,2,56,9,1560,2,4,-1,2,-1
201597UD03211,2,9,0,17,0,8,0,0,0,0,1,1,6,2,19,4,1248,2,7,-1,3,-1
201597UD03301,1,9,0,18,0,0,0,0,0,0,1,1,6,1,18,4,1461,2,5,-1,3,-1
201597UD03301,2,9,0,4,0,0,0,0,0,0,2,1,6,1,18,4,1198,1,9,-1,-1,-1
201597UD03302,1,9,0,18,0,0,0,0,0,0,1,1,6,1,17,4,1461,2,10,-1,1,-1
201597UD03302,2,9,0,18,0,0,0,0,0,0,2,1,6,2,45,7,1618,1,1,-1,3,-1
201597UD03302,3,9,0,18,0,0,0,0,0,0,2,1,6,1,50,8,2494,2,27,-1,3,-1
201597UD03302,4,19,0,18,0,0,0,0,0,0,2,1,6,1,24,5,2198,2,4,-1,1,-1
201597UD03304,1,9,0,9,0,6,0,0,3,0,1,1,6,2,56,9,-1,-1,-1,-1,3,-1
201597UD03304,2,8,0,18,0,1,0,0,1,11,4,1,6,1,57,9,1997,2,3,-1,1,-1
201597UD03405,1,19,0,18,0,0,0,4,0,0,1,1,1,1,23,5,2198,2,3,-1,1,-1
201597UD03405,2,20,0,2,0,0,0,0,0,0,0,1,6,1,28,6,-1,-1,-1,-1,3,-1
201597UD03405,3,9,0,2,0,0,0,4,0,0,1,1,6,1,28,6,-1,-1,-1,-1,2,-1
201597UD03405,4,9,0,2,0,0,0,0,0,0,1,1,6,1,28,6,1995,2,13,-1,2,-1
201597UD03406,1,9,0,18,0,0,0,0,0,0,4,1,6,1,80,11,1595,1,7,-1,2,-1
201597UD03407,1,9,0,17,0,0,1,0,7,4,1,1,2,1,41,7,1124,1,14,-1,2,-1
201597UD03611,1,9,0,18,0,1,0,0,0,0,1,1,6,3,20,4,-1,-1,-1,-1,-1,-1
201597UD03704,1,9,0,9,0,2,0,0,0,0,3,1,6,1,17,4,1149,1,12,-1,1,-1
201597UD03704,2,9,0,18,0,1,0,0,0,0,4,1,6,2,39,7,2204,2,8,-1,2,-1
201597UD03705,1,9,0,4,0,1,0,0,0,0,1,1,1,1,42,7,-1,-1,-1,-1,-1,-1
201597UD03705,2,9,0,4,0,1,0,0,0,0,2,1,6,1,55,8,1596,1,4,-1,3,-1
201597UD03706,1,4,0,16,0,0,0,0,0,0,1,1,6,1,31,6,649,1,7,-1,2,-1
201597UD03706,2,9,0,17,0,0,0,0,0,0,1,1,6,1,55,8,1798,1,6,-1,3,-1
201597UD03709,1,21,1,18,0,0,1,0,0,0,1,1,1,1,59,9,12740,2,2,-1,1,-1
201597UD03801,1,9,0,5,0,3,0,0,0,0,1,1,6,2,21,5,1398,1,2,-1,1,-1
201597UD03801,2,9,0,3,0,3,0,0,0,0,2,1,6,1,40,7,-1,-1,-1,-1,1,-1
201597UD03802,1,9,0,18,0,0,0,0,0,0,3,1,6,3,35,6,-1,-1,-1,-1,-1,-1
201597UD03808,1,9,0,9,0,6,0,0,0,0,3,1,1,1,45,7,2143,2,-1,-1,3,-1
201597UD03808,2,9,0,18,0,1,0,0,7,7,1,1,1,2,47,8,1560,2,10,-1,3,-1
201597UD03902,1,19,0,18,0,8,0,0,0,0,1,1,6,1,27,6,-1,-1,-1,-1,-1,-1
201597UD03902,2,9,0,9,0,1,0,0,0,0,2,1,6,1,32,6,1398,1,1,-1,1,-1
201597UD03905,1,21,1,17,0,0,5,0,0,0,4,1,1,1,58,9,11705,2,9,-1,1,-1
201597UD04005,1,9,0,18,0,0,1,0,0,0,1,1,2,2,32,6,1995,2,-1,-1,3,-1
201597UD04005,2,9,0,4,0,0,0,0,0,0,2,1,2,1,55,8,2199,2,2,-1,1,-1
201597UD04011,1,9,0,18,0,0,1,0,0,0,1,1,1,1,34,6,1995,2,6,-1,-1,-1
201597UD04011,2,9,0,18,0,0,1,0,0,0,1,1,1,1,29,6,-1,-1,-1,-1,2,-1
201597UD04101,1,9,0,5,0,8,0,0,0,11,1,1,6,2,37,7,1598,1,9,-1,-1,-1
201597UD04101,2,9,0,5,0,8,0,0,0,0,4,1,6,2,56,9,1149,1,3,-1,-1,-1
201597UD04103,1,9,0,18,0,1,0,0,0,0,1,1,6,2,22,5,1299,1,13,-1,1,-1
201597UD04103,2,9,0,3,0,6,0,0,0,0,2,1,6,2,48,8,1598,1,11,-1,3,-1
201597UD04105,1,9,0,18,0,0,0,0,0,0,1,1,2,2,36,7,1598,1,6,-1,-1,-1
201597UD04105,2,9,0,4,0,0,0,0,0,0,2,1,2,2,57,9,1956,2,5,-1,1,-1
201597UD04304,1,5,0,4,0,0,1,0,0,0,0,1,6,1,50,8,1500,1,9,-1,1,-1
201597UD04307,1,9,0,17,0,0,1,0,1,4,2,1,6,2,22,5,1206,1,5,-1,2,-1
201597UD04311,1,9,0,9,0,6,0,0,0,0,1,1,6,2,78,11,1248,1,5,-1,2,-1
201597UD04311,2,9,0,18,0,1,0,0,0,0,1,1,6,2,43,7,1968,2,8,-1,3,-1
201597UD04401,1,9,0,18,0,0,1,0,0,0,1,1,6,1,40,7,-1,-1,-1,-1,2,-1
201597UD04401,2,9,0,18,0,0,0,0,0,0,2,1,6,2,32,6,1995,2,9,-1,1,-1
201597UD04403,1,11,0,4,0,0,0,0,0,0,0,1,1,1,54,8,6871,2,7,-1,3,-1
201597UD04405,1,9,0,8,0,1,1,0,0,0,1,1,6,1,35,6,-1,-1,-1,-1,3,-1
201597UD04405,2,9,0,18,0,1,1,0,0,0,4,1,6,1,51,8,1997,2,-1,-1,3,-1
201597UD04406,1,9,0,3,9,6,0,0,0,0,1,1,6,2,35,6,-1,-1,-1,-1,-1,-1
201597UD04407,1,9,0,13,0,0,2,0,7,11,2,1,6,2,19,4,1242,1,4,-1,2,-1
201597UD04407,2,21,0,18,0,0,0,0,0,0,1,1,1,1,57,9,12900,2,7,-1,2,-1
201597UD04501,1,9,0,17,0,1,0,0,0,0,1,1,6,2,78,11,-1,-1,-1,-1,-1,-1
201597UD04501,2,8,0,3,0,1,0,0,0,0,2,1,1,1,68,10,-1,-1,-1,-1,3,-1
201597UD04503,1,9,0,18,0,8,0,0,0,0,4,1,6,1,24,5,1998,2,11,-1,2,-1
201597UD04503,2,9,0,18,6,8,0,0,2,9,1,1,6,1,78,11,1995,2,9,-1,3,-1
201597UD04605,1,9,0,7,0,1,0,0,0,0,2,1,6,3,40,7,1794,1,10,-1,-1,-1
201597UD04605,2,1,0,18,0,1,0,0,0,0,2,1,6,1,44,7,-1,-1,-1,-1,3,-1
201597UD04607,1,19,0,18,0,0,0,0,0,0,1,1,1,1,37,7,2198,2,1,-1,1,-1
201597UD04607,2,21,4,4,0,0,0,0,0,0,2,1,1,1,60,9,12740,2,4,-1,3,-1
201597UD04611,1,9,0,9,0,8,0,0,0,0,1,1,2,1,20,4,998,1,2,-1,2,-1
201597UD04612,1,9,0,7,0,5,0,0,0,0,4,1,1,1,50,8,1248,2,3,-1,1,-1
201597UD04702,1,9,0,18,0,0,1,0,2,9,1,1,6,1,27,6,-1,-1,-1,-1,2,-1
201597UD04711,1,19,0,18,0,1,0,0,0,0,1,1,1,1,43,7,1995,2,2,-1,2,-1
201597UD04711,2,9,0,10,0,1,0,0,0,0,2,1,6,2,30,6,1461,2,-1,-1,3,-1
201597UD04803,1,9,0,7,0,5,0,0,0,0,1,1,6,2,37,7,1968,2,6,-1,-1,-1
201597UD04803,2,1,0,18,0,1,0,0,0,0,1,1,6,1,53,8,-1,-1,-1,-1,1,-1
201597UD04809,1,9,0,3,0,2,0,0,0,0,2,1,6,2,37,7,1995,2,-1,-1,1,-1
201597UD04809,2,9,0,3,0,2,0,0,0,0,1,1,6,1,37,7,-1,-1,-1,-1,1,-1
201597UD04901,1,9,0,4,0,6,1,0,0,0,1,1,6,1,41,7,1910,2,7,-1,3,-1
201597UD04901,2,9,0,18,0,8,1,0,0,0,1,1,6,2,67,10,1997,1,2,-1,3,-1
201597UD04904,1,9,0,17,0,5,0,0,1,11,1,1,6,1,22,5,2143,2,4,-1,1,-1
201597UD04909,1,9,0,9,0,6,0,0,0,0,3,1,6,1,57,9,1461,2,6,-1,2,-1
201597UD04909,2,5,0,18,0,8,0,0,0,0,1,1,6,1,25,5,599,1,7,-1,3,-1
201597UD05002,1,9,0,7,0,4,0,0,0,0,1,1,6,1,76,11,1229,1,-1,-1,1,-1
201597UD05002,2,9,0,9,0,3,0,0,0,0,1,1,3,2,18,4,-1,-1,-1,-1,3,-1
201597UD05003,1,9,0,18,0,1,0,0,0,0,1,1,6,2,72,10,1796,1,6,-1,3,-1
201597UD05003,2,9,0,18,0,1,0,0,0,0,1,1,6,1,55,8,-1,-1,-1,-1,1,-1
201597UD05011,1,21,0,17,0,0,2,0,1,3,4,1,1,1,46,8,12740,2,5,-1,1,-1
201597UD05109,1,9,0,18,0,8,0,0,0,0,0,1,6,3,30,6,-1,-1,-1,-1,-1,-1
201597UD05109,2,11,0,9,0,8,0,0,0,0,0,1,1,1,69,10,6370,2,3,-1,-1,-1
201597UD05202,1,9,0,14,0,0,0,0,0,0,1,1,6,2,44,7,1896,2,9,-1,2,-1
201597UD05203,1,9,0,18,0,0,0,0,1,0,1,1,1,1,49,8,1968,2,7,-1,1,-1
201597UD05203,2,20,0,18,0,0,0,0,1,0,1,1,1,1,19,4,4580,2,8,-1,-1,-1
201597UD05204,1,9,0,16,0,0,2,0,1,9,1,1,6,1,54,8,-1,-1,-1,-1,3,-1
201597UD05209,1,9,0,7,0,1,0,0,0,0,1,1,6,1,61,9,4701,1,16,-1,1,-1
201597UD05212,1,9,0,18,0,3,1,0,7,11,1,2,6,1,52,8,-1,-1,-1,-1,-1,-1
201597UD05304,1,19,0,12,0,0,1,0,0,0,1,1,1,1,25,5,2198,2,8,-1,3,-1
201597UD05304,2,9,0,18,0,0,0,0,0,0,1,1,6,2,42,7,1991,2,6,-1,3,-1
201597UD05308,1,9,0,17,0,0,0,0,1,11,1,1,6,1,25,5,1242,1,4,-1,-1,-1
201597UD05309,1,20,0,15,0,0,0,4,0,0,4,1,1,1,23,5,2143,2,1,-1,1,-1
201597UD05309,2,9,0,2,0,0,0,0,0,0,3,1,3,1,49,8,1997,2,-1,-1,1,-1
201597UD05403,1,9,0,18,0,1,0,0,0,0,1,1,6,1,28,6,-1,-1,-1,-1,1,-1
201597UD05403,2,9,0,18,0,1,0,0,0,0,2,1,6,2,34,6,1368,1,7,-1,1,-1
201597UD05408,1,9,0,18,0,0,0,0,0,0,0,1,6,2,35,6,998,1,-1,-1,2,-1
201597UD05408,2,9,0,18,0,0,0,0,0,0,0,1,6,2,47,8,999,1,4,-1,3,-1
201597UD05409,1,4,0,18,0,0,0,0,1,0,0,1,6,1,47,8,198,1,18,-1,-1,-1
201597UD05612,1,9,0,16,9,1,0,0,1,10,1,1,6,2,44,7,998,1,6,-1,2,-1
201597UD05704,1,19,0,18,0,0,0,0,0,0,3,1,6,1,49,8,2148,2,6,-1,3,-1
201597UD05712,1,9,0,18,0,1,1,0,0,0,1,1,6,2,28,6,1896,2,11,-1,1,-1
201597UD05712,2,9,0,9,0,1,0,0,0,0,2,1,6,2,21,5,1598,1,11,-1,3,-1
201597UD05912,1,9,0,18,0,1,0,0,0,0,1,1,6,2,46,8,1596,1,6,-1,1,-1
201597UD05912,2,9,0,18,0,1,0,0,0,0,3,1,6,1,43,7,1200,1,-1,-1,1,-1
201597UD05912,3,9,0,18,0,1,0,0,0,0,2,1,6,1,52,8,1997,2,16,-1,1,-1
201597UD06110,1,9,0,18,0,1,0,0,0,0,1,1,6,1,39,7,1364,1,9,-1,3,-1
201597UD06110,2,9,0,18,0,1,0,0,0,0,2,1,6,1,52,8,-1,-1,-1,-1,3,-1
201597UD06204,1,9,0,1,0,0,0,0,0,0,4,1,2,2,38,7,1968,2,4,-1,1,-1
201597UD06204,2,3,0,4,0,0,2,0,0,0,1,1,2,1,25,5,124,1,1,-1,1,-1
201597UD06312,1,9,0,17,0,0,0,0,0,0,1,1,6,2,60,9,1198,1,12,-1,-1,-1
201597UD06312,2,9,0,4,0,0,0,0,0,0,2,1,6,2,74,10,1997,2,1,-1,3,-1
201597UD06612,1,9,0,18,0,1,0,0,0,0,1,1,6,1,19,4,-1,-1,-1,-1,3,-1
201597UD06612,2,9,0,2,0,1,0,0,0,0,1,1,6,2,29,6,2143,2,4,-1,3,-1
201597UD06804,1,9,0,14,9,2,1,0,7,0,3,1,6,1,19,4,998,1,4,-1,3,-1
201597UD70108,1,5,0,16,0,0,0,0,7,11,3,1,6,1,27,6,806,1,2,-1,1,-1
201597UD70109,1,9,0,7,0,2,0,0,3,11,1,1,6,2,71,10,1991,1,13,-1,1,-1
201597UD70112,1,9,0,16,0,0,1,0,7,4,4,1,2,1,19,4,1398,1,5,-1,-1,-1
201597UD70208,1,9,0,7,0,0,0,0,0,0,3,1,6,2,21,5,1242,1,1,-1,1,-1
201597UD70208,2,9,0,18,0,0,0,0,0,0,1,1,6,1,43,7,2148,2,9,-1,3,-1
201597UD70211,1,90,0,1,0,2,0,0,0,0,2,1,1,1,49,8,-1,-1,-1,-1,1,-1
201597UD70212,1,9,0,18,0,1,0,0,0,0,1,1,2,1,22,5,1299,1,16,-1,3,-1
201597UD70212,2,21,1,9,0,5,0,0,0,0,2,1,1,1,40,7,12902,2,2,-1,3,-1
201597UD70308,1,19,0,18,0,0,0,0,0,0,1,1,6,1,45,7,1998,2,10,-1,1,-1
201597UD70308,2,9,0,4,0,0,0,0,4,0,2,1,6,2,52,8,1598,1,4,-1,1,-1
201597UD70309,1,19,0,18,0,1,0,0,0,0,1,1,1,2,48,8,1995,2,2,-1,-1,-1
201597UD70309,2,9,0,10,0,8,0,0,0,0,2,1,6,2,39,7,1560,2,2,-1,-1,-1
201597UD70310,1,9,0,4,0,1,0,0,0,0,1,1,1,1,24,5,1896,2,10,-1,2,-1
201597UD70310,2,9,0,4,0,1,0,0,0,0,2,1,6,1,45,7,1499,2,-1,-1,1,-1
201597UD70405,1,9,0,16,0,0,1,0,1,0,1,1,6,1,23,5,2000,1,20,-1,2,-1
201597UD70405,2,20,0,17,0,0,0,0,0,0,1,1,1,1,23,5,-1,-1,-1,-1,-1,-1
201597UD70405,3,20,0,18,0,0,0,0,0,0,1,1,1,1,35,6,4250,2,12,-1,-1,-1
201597UD70406,1,21,1,2,0,1,0,0,7,11,3,1,1,1,70,10,12130,2,10,-1,-1,-1
201597UD70408,1,9,0,18,0,4,0,0,0,0,1,1,6,1,71,10,1598,1,2,-1,3,-1
201597UD70408,2,9,0,18,0,8,0,0,7,1,2,1,6,1,26,6,1149,1,11,-1,1,-1
201597UD70409,1,9,0,17,0,0,0,0,1,4,1,1,1,1,49,8,1560,2,2,-1,-1,-1
201597UD70411,1,9,0,16,0,0,0,0,0,0,1,1,6,2,82,11,998,1,-1,-1,3,-1
201597UD70411,2,9,0,17,0,0,5,0,0,0,1,1,6,1,66,10,1997,2,1,-1,1,-1
201597UD70412,1,9,0,3,0,4,0,0,0,0,1,1,6,1,24,5,1229,1,1,-1,1,-1
201597UD70412,2,9,0,3,0,1,0,0,0,0,2,1,6,1,27,6,1598,1,9,-1,1,-1
201597UD70505,1,9,0,6,0,0,0,0,0,0,1,1,6,1,59,9,1587,1,12,-1,1,-1
201597UD70505,2,9,0,18,0,0,1,0,1,11,1,1,6,1,62,9,1590,1,21,-1,3,-1
201597UD70508,1,1,0,16,0,0,1,0,0,0,1,1,6,1,41,7,-1,-1,-1,-1,-1,-1
201597UD70508,2,17,5,17,0,0,0,0,0,0,2,1,1,1,58,9,-1,2,4,-1,3,-1
201597UD70511,1,9,0,18,0,2,0,0,0,0,1,1,6,2,66,10,1951,2,9,-1,1,-1
201597UD70512,1,9,0,17,0,0,0,11,0,11,1,1,3,1,35,6,1596,1,6,-1,3,-1
201597UD70512,2,9,0,16,0,0,0,0,0,0,1,1,2,2,49,8,1496,2,1,-1,1,-1
201597UD70605,1,9,0,18,0,0,0,0,0,0,3,1,2,1,28,6,2143,2,-1,-1,2,-1
201597UD70605,2,9,0,18,0,0,0,0,1,11,3,1,2,1,44,7,1975,1,9,-1,2,-1
201597UD70605,3,19,0,18,0,0,1,0,0,0,1,1,6,1,43,7,1686,2,14,-1,-1,-1
201597UD70606,1,20,1,18,0,1,1,0,0,0,1,1,1,1,53,8,-1,-1,-1,-1,3,-1
201597UD70606,2,9,0,3,0,1,0,0,0,0,2,1,6,1,67,10,1870,2,9,-1,-1,-1
201597UD70606,3,9,0,18,0,1,0,0,0,0,2,1,6,1,18,4,1598,2,3,-1,-1,-1
201597UD70606,4,9,0,3,0,1,0,0,0,0,2,1,6,1,27,6,2494,2,11,-1,-1,-1
201597UD70606,5,9,0,10,0,1,0,0,0,0,2,1,2,2,23,5,1149,1,12,-1,-1,-1
201597UD70610,1,11,0,18,0,0,0,0,0,0,0,1,1,1,33,6,9000,2,1,-1,1,-1
201597UD70706,1,9,0,18,0,1,2,0,2,0,1,1,6,2,29,6,1390,1,5,-1,1,-1
201597UD70708,1,20,1,16,0,3,5,0,0,0,4,1,1,1,45,7,-1,-1,-1,-1,1,-1
201597UD70709,1,19,0,4,0,0,0,0,0,0,2,1,1,1,56,9,1598,2,1,-1,1,-1
201597UD70709,2,4,0,4,0,0,0,0,0,0,1,1,6,1,47,8,1000,1,-1,-1,1,-1
201597UD70709,3,9,0,4,0,0,0,0,0,0,2,1,6,2,17,4,1242,1,3,-1,1,-1
201597UD70709,4,9,0,4,0,0,0,0,0,0,2,1,6,1,44,7,1997,2,-1,-1,-1,-1
201597UD70711,1,9,0,18,0,2,0,0,0,0,1,1,6,1,25,5,1242,1,3,-1,1,-1
201597UD70711,2,9,0,18,0,1,0,0,0,10,1,1,6,2,23,5,1560,2,1,-1,1,-1
201597UD70711,3,19,0,18,0,1,0,0,0,0,1,1,1,1,38,7,2198,2,1,-1,1,-1
201597UD70807,1,9,0,9,0,1,0,0,0,1,1,1,6,2,35,6,1328,1,14,-1,-1,-1