Accident_Index,Vehicle_Reference,Vehicle_Type,Towing_and_Articulation,Vehicle_Manoeuvre,Vehicle_Location-Restricted_Lane,Junction_Location,Skidding_and_Overturning,Hit_Object_in_Carriageway,Vehicle_Leaving_Carriageway,Hit_Object_off_Carriageway,1st_Point_of_Impact,Was_Vehicle_Left_Hand_Drive?,Journey_Purpose_of_Driver,Sex_of_Driver,Age_of_Driver,Age_Band_of_Driver,Engine_Capacity_(CC),Propulsion_Code,Age_of_Vehicle,Driver_IMD_Decile,Driver_Home_Area_Type,Vehicle_IMD_Decile
2015983122715,1,9,0,16,0,0,2,0,1,4,1,1,6,1,25,5,1242,1,1,-1,3,-1
2015983122915,1,19,0,18,0,1,0,0,0,0,1,1,1,1,49,8,2198,2,-1,-1,1,-1
2015983122915,2,9,0,18,0,1,0,0,0,0,2,1,6,2,27,6,1149,1,8,-1,3,-1
2015983122915,3,9,0,3,0,1,0,0,0,0,0,1,6,1,64,9,-1,-1,-1,-1,2,-1
2015983122915,4,9,0,10,0,1,0,0,0,0,0,1,1,2,21,5,1149,1,1,-1,2,-1
2015983123415,1,9,0,17,0,0,2,0,7,11,1,1,6,2,23,5,1149,1,11,-1,1,-1
2015983123615,1,11,0,18,0,8,0,0,0,0,4,1,1,1,64,9,6700,2,-1,-1,3,-1
2015983123615,2,9,0,18,0,8,0,0,0,0,1,1,6,1,65,9,1849,1,18,-1,1,-1
2015983123815,1,9,0,18,0,0,1,0,1,3,1,1,6,1,20,4,1998,1,6,-1,3,-1
2015983125415,1,19,0,18,0,0,0,0,0,0,1,1,1,1,45,7,2287,2,8,-1,1,-1
2015983125415,2,9,0,4,0,0,0,0,0,0,2,1,6,2,67,10,1596,1,5,-1,3,-1
2015983126215,1,9,0,17,0,0,2,0,7,0,3,1,6,1,26,6,1229,1,10,-1,1,-1
2015983126415,1,3,0,18,0,0,5,0,1,0,1,1,6,1,43,7,-1,-1,-1,-1,3,-1
2015983126415,2,9,0,4,0,0,0,0,0,0,1,1,6,1,30,6,1956,2,2,-1,3,-1
2015983127015,1,9,0,18,0,0,0,0,0,0,4,1,6,2,51,8,1242,1,7,-1,3,-1
2015983127115,1,9,0,5,0,1,0,0,0,0,3,1,6,2,24,5,1149,1,14,-1,1,-1
2015983127115,2,1,0,18,0,1,0,0,0,0,1,1,6,1,52,8,-1,-1,-1,-1,3,-1
2015983127315,1,9,0,18,0,1,0,12,0,0,1,1,2,1,56,9,1997,2,14,-1,3,-1
2015983127315,2,16,0,9,0,6,0,0,0,0,3,1,6,2,14,3,-1,-1,-1,-1,1,-1
2015983127515,1,9,0,18,0,4,0,0,0,0,1,1,6,2,18,4,1149,1,10,-1,3,-1
2015983127515,2,9,0,18,0,3,0,0,0,0,4,1,6,2,19,4,996,1,5,-1,1,-1
2015983127815,1,5,0,18,0,1,0,0,0,0,1,1,6,1,66,10,865,1,1,-1,1,-1
2015983127815,2,9,0,10,0,1,0,0,0,0,2,1,6,1,45,7,1197,1,4,-1,1,-1
2015983128215,1,9,0,17,0,0,2,0,1,0,1,1,6,1,21,5,1497,1,13,-1,1,-1
2015983128615,1,9,0,18,0,0,0,0,7,11,1,1,6,2,36,7,1398,2,12,-1,3,-1
2015983129015,1,9,4,9,0,6,0,0,0,0,1,1,2,1,57,9,2494,2,7,-1,3,-1
2015983129015,2,9,0,18,0,8,0,0,0,0,1,1,6,2,30,6,998,1,17,-1,2,-1
2015983129515,1,9,0,18,0,0,0,0,0,0,1,1,2,2,20,4,1242,1,-1,-1,2,-1
2015983129815,1,9,0,18,0,1,0,0,0,0,1,1,6,1,59,9,1499,2,-1,-1,-1,-1
2015983129815,2,9,0,18,0,1,0,0,1,0,1,1,6,2,62,9,1108,1,8,-1,3,-1
2015983130515,1,9,0,18,0,0,0,0,1,4,1,1,2,1,39,7,998,1,10,-1,3,-1
2015983130715,1,9,0,18,0,0,0,0,0,0,4,1,6,3,-1,-1,2000,1,16,-1,-1,-1
2015983131015,1,9,0,16,0,0,1,0,0,0,3,1,6,1,33,6,1997,2,16,-1,3,-1
2015983131015,2,21,0,17,0,0,0,0,0,0,3,1,2,1,58,9,12777,2,7,-1,3,-1
2015983132515,1,9,0,18,0,0,0,11,0,0,1,1,6,3,-1,-1,2295,1,15,-1,2,-1
2015983132615,1,9,0,9,0,0,0,0,0,0,4,1,6,2,57,9,1999,1,7,-1,1,-1
2015983132615,2,2,0,18,0,0,5,0,0,0,1,1,6,1,16,4,49,1,13,-1,3,-1
2015983132815,1,9,0,18,0,0,0,0,0,0,1,1,6,1,21,5,1199,1,13,-1,-1,-1
2015983132815,2,9,0,18,0,0,0,0,0,0,2,1,6,2,85,11,989,1,16,-1,1,-1
2015983133615,1,9,0,18,0,1,0,4,0,0,1,1,6,2,27,6,1590,1,3,-1,3,-1
2015983133615,2,9,0,2,0,2,0,0,0,0,1,-1,-1,3,-1,-1,1299,1,15,-1,-1,-1
2015983133615,3,9,0,18,0,2,0,0,1,0,1,1,6,1,47,8,2720,2,9,-1,2,-1
2015983133715,1,9,0,18,0,0,0,0,0,0,1,1,2,2,36,7,1560,2,2,-1,3,-1
2015983133715,2,9,0,18,0,0,0,0,0,0,2,1,3,2,37,7,1896,2,12,-1,1,-1
2015983134015,1,9,0,13,0,0,0,0,1,0,1,1,6,1,77,11,1560,2,2,-1,2,-1
2015983134015,2,19,0,18,0,0,1,0,0,0,1,1,1,1,65,9,2143,2,1,-1,2,-1
2015983134415,1,19,0,13,0,8,1,0,7,11,4,1,6,1,29,6,1870,2,8,-1,1,-1
2015983134415,2,9,0,9,0,8,1,0,7,11,3,1,6,2,69,10,1598,1,7,-1,2,-1
2015983134515,1,9,0,18,0,6,0,0,0,0,1,1,2,1,35,6,-1,3,1,-1,3,-1
2015983134515,2,9,0,18,0,8,1,0,1,11,1,1,6,2,54,8,1997,2,10,-1,3,-1
2015983134815,1,9,0,7,0,5,0,0,0,11,1,1,6,2,21,5,1149,1,7,-1,1,-1
2015983135615,1,1,0,18,0,0,5,10,1,0,1,1,6,1,59,9,-1,-1,-1,-1,2,-1
2015983135815,1,9,0,16,0,1,1,0,0,10,1,1,6,2,33,6,1910,2,8,-1,1,-1
2015983136515,1,9,0,18,0,0,0,11,0,0,4,1,6,2,25,5,1242,1,4,-1,1,-1
2015983136615,1,21,1,18,0,1,1,0,0,0,1,1,1,1,51,8,12777,2,2,-1,1,-1
2015983136615,2,9,0,3,0,1,0,0,0,0,2,1,1,1,43,7,1686,2,-1,-1,1,-1
2015983136615,3,9,0,7,0,5,0,0,1,0,2,1,6,1,83,11,989,1,13,-1,3,-1
2015983137415,1,9,0,13,0,0,2,0,0,2,0,1,6,1,36,7,1794,1,12,-1,2,-1
2015983137415,2,9,0,18,0,0,0,0,0,0,0,1,6,1,52,8,2400,2,1,-1,3,-1
2015983137415,3,21,1,18,0,0,0,0,0,0,0,1,1,3,-1,-1,-1,-1,-1,-1,-1,-1
2015983137615,1,9,0,18,0,0,1,0,0,0,1,1,6,1,26,6,1598,2,-1,-1,3,-1
2015983137615,2,9,0,1,0,0,0,0,0,0,3,1,6,2,58,9,1596,1,7,-1,3,-1
2015983137715,1,9,0,16,0,0,1,0,0,0,1,1,6,2,31,6,1242,1,12,-1,1,-1
2015983137715,2,9,0,18,0,0,0,0,0,0,1,1,6,2,41,7,1588,1,13,-1,3,-1
2015983138815,1,9,0,9,0,2,0,0,0,11,1,1,6,1,46,8,1000,1,2,-1,3,-1
2015983138815,2,11,0,10,0,1,0,0,0,0,1,1,1,1,39,7,6700,2,3,-1,1,-1
2015983140015,1,8,0,1,9,0,0,0,0,0,2,1,1,1,69,10,1598,2,1,-1,1,-1
2015983140515,1,9,0,18,0,0,1,0,7,11,3,1,6,1,22,5,1560,2,4,-1,3,-1
2015983141015,1,9,0,18,0,0,1,0,2,11,1,1,6,2,45,7,1582,2,4,-1,3,-1
2015983141115,1,9,0,9,0,1,0,0,0,0,1,1,6,1,50,8,1242,1,3,-1,3,-1
2015983141115,2,11,0,18,0,2,0,0,0,0,1,1,1,1,23,5,4250,2,10,-1,3,-1
2015983141215,1,9,0,18,0,0,0,0,0,0,3,1,6,2,46,8,1390,1,11,-1,1,-1
2015983141415,1,19,0,18,0,1,1,0,0,0,1,1,6,1,34,6,2496,2,15,-1,2,-1
2015983141415,2,9,0,3,0,1,0,0,0,0,2,1,6,2,35,6,2198,2,9,-1,1,-1
2015983141415,3,9,0,3,0,1,0,0,0,0,2,1,6,1,70,10,1997,2,2,-1,2,-1
2015983141415,4,9,0,10,0,1,0,0,0,0,0,1,6,3,-1,-1,-1,-1,-1,-1,-1,-1
2015983141715,1,9,0,18,0,0,1,0,1,11,1,1,2,2,36,7,1900,2,10,-1,2,-1
2015983142615,1,9,0,18,0,0,0,0,0,0,0,1,6,3,-1,-1,-1,-1,-1,-1,-1,-1
2015983142615,2,9,0,18,0,0,2,0,1,11,1,1,6,1,23,5,1598,1,1,-1,3,-1
2015983143615,1,9,0,5,0,6,0,0,0,0,3,1,1,2,48,8,1560,2,6,-1,3,-1
2015983143615,2,1,0,18,0,8,0,0,0,0,1,1,1,1,36,7,-1,-1,-1,-1,1,-1
2015983144115,1,9,0,18,0,0,5,0,0,0,4,1,6,1,60,9,1197,1,3,-1,2,-1
2015983144215,1,9,0,17,0,0,0,10,7,7,3,1,2,2,23,5,1242,1,9,-1,2,-1
2015983144415,1,9,0,5,0,1,0,0,0,0,3,1,6,3,-1,-1,-1,-1,-1,-1,-1,-1
2015983144415,2,1,0,3,4,2,0,0,0,0,4,1,6,1,56,9,-1,-1,-1,-1,3,-1
2015983144515,1,9,0,13,0,0,0,0,7,11,4,1,2,1,18,4,1124,1,13,-1,1,-1
2015983144515,2,9,0,18,0,0,0,0,0,0,1,1,2,2,20,4,1587,1,16,-1,2,-1
2015983144615,1,9,0,18,0,0,1,0,0,0,1,1,2,2,62,9,1998,1,20,-1,2,-1
2015983144615,2,9,0,4,0,0,0,0,0,0,2,1,2,1,-1,-1,-1,-1,-1,-1,3,-1
2015983144615,3,9,0,4,0,0,0,0,0,0,2,1,2,2,36,7,-1,-1,-1,-1,3,-1
2015983144815,1,19,0,5,0,1,0,0,0,0,1,2,6,2,56,9,-1,-1,-1,-1,-1,-1
2015983144815,2,9,0,18,0,8,0,0,0,0,3,1,6,2,51,8,998,1,4,-1,3,-1
2015983146615,1,9,0,17,0,0,1,0,1,3,2,1,6,1,19,4,1399,2,9,-1,3,-1
2015984100715,1,9,0,17,0,0,0,0,0,0,1,1,6,1,18,4,-1,-1,-1,-1,3,-1
2015984100715,2,9,0,18,0,0,0,0,0,0,1,1,6,2,19,4,1198,1,8,-1,3,-1
2015984100715,3,9,0,18,0,0,0,0,0,0,0,1,6,1,19,4,1197,1,4,-1,2,-1
2015984102515,1,9,0,18,0,0,1,0,2,7,4,1,6,2,25,5,2143,2,1,-1,1,-1
2015984102515,2,9,0,18,0,0,0,0,0,0,1,1,1,1,63,9,-1,-1,-1,-1,1,-1
2015984102515,3,9,0,18,0,0,0,0,0,0,2,1,6,1,51,8,1968,2,4,-1,1,-1
2015984102515,4,9,0,18,0,0,0,0,0,0,1,1,6,1,57,9,-1,-1,-1,-1,1,-1
2015984102515,5,21,1,18,0,0,0,0,0,0,3,1,1,1,29,6,15607,2,3,-1,1,-1
2015984102615,1,9,0,17,0,0,2,0,2,3,1,1,6,1,17,4,-1,-1,-1,-1,3,-1
2015984103115,1,9,0,18,0,0,0,10,0,0,1,1,1,2,53,8,996,1,1,-1,2,-1
2015984103215,1,21,1,18,0,0,0,0,0,0,2,1,1,1,26,6,12809,2,2,-1,1,-1
2015984103215,2,19,0,18,0,0,0,0,4,7,1,1,1,1,62,9,2299,2,1,-1,1,-1
2015984104015,1,9,0,18,0,0,0,12,0,0,1,1,6,1,76,11,1560,2,3,-1,3,-1
2015984104715,1,9,0,17,0,0,1,0,1,4,2,1,6,1,20,4,1388,1,10,-1,3,-1
2015984104815,1,19,0,9,0,8,0,0,0,0,3,1,1,2,24,5,1753,2,2,-1,3,-1
2015984104815,2,9,0,18,0,1,0,0,0,0,1,1,6,2,44,7,2496,2,14,-1,3,-1
2015984105015,1,21,1,18,0,0,2,0,2,0,3,2,1,1,68,10,-1,-1,-1,-1,1,-1
2015984105015,2,21,1,13,0,0,1,0,4,6,4,1,1,1,33,6,12809,2,1,-1,1,-1
2015984106115,1,19,0,18,0,0,1,0,1,4,1,1,1,1,24,5,2143,2,1,-1,1,-1
2015984106115,2,19,0,18,0,0,0,0,1,4,3,1,1,1,51,8,1968,2,5,-1,1,-1
2015984106415,1,9,0,18,0,0,1,0,0,7,1,1,6,2,60,9,2179,2,1,-1,1,-1
2015984106615,1,9,0,18,0,0,1,0,1,1,1,1,1,1,66,10,-1,-1,-1,-1,1,-1
2015984107115,1,9,0,18,0,0,1,0,5,6,4,1,6,1,48,8,-1,-1,-1,-1,1,-1
2015984107215,1,9,0,18,0,0,0,0,1,11,1,1,1,1,48,8,-1,-1,-1,-1,1,-1
2015984107915,1,9,0,17,0,0,1,0,1,4,2,1,1,2,18,4,-1,-1,-1,-1,3,-1
2015984108715,1,9,0,16,0,0,1,0,1,11,2,1,2,1,21,5,1229,1,7,-1,1,-1
2015984109015,1,9,0,7,0,8,0,0,0,0,4,1,6,2,36,7,-1,-1,-1,-1,-1,-1
2015984109015,2,1,0,7,0,8,0,0,0,0,1,1,6,2,33,6,-1,-1,-1,-1,2,-1
2015984109615,1,3,0,7,0,5,2,0,0,0,4,1,6,2,48,8,124,1,6,-1,3,-1
2015984109715,1,20,0,18,0,0,0,0,7,0,4,1,6,1,70,10,-1,-1,-1,-1,3,-1
2015984109715,2,19,0,18,0,0,0,0,0,0,1,1,1,1,27,6,1996,2,3,-1,1,-1
2015984110215,1,9,0,18,0,0,0,0,0,0,3,1,6,1,21,5,1364,1,10,-1,1,-1
2015984110215,2,9,0,5,0,0,0,0,0,0,1,1,6,2,74,10,1299,1,11,-1,3,-1
2015984111215,1,9,0,18,0,0,0,0,2,11,4,1,6,1,23,5,1995,2,9,-1,2,-1
2015984111615,1,9,0,13,0,0,2,0,4,6,4,1,6,1,42,7,1582,2,2,-1,1,-1
2015984111615,2,21,1,18,0,0,0,0,0,0,2,1,2,1,47,8,12740,2,4,-1,3,-1
2015984112815,1,9,0,17,0,0,0,0,1,7,1,1,6,1,80,11,-1,-1,-1,-1,3,-1
2015984113015,1,9,0,16,0,0,5,0,7,1,1,1,6,1,28,6,1598,2,1,-1,2,-1
2015984113715,1,9,0,16,0,0,0,0,0,0,0,1,6,3,-1,-1,-1,-1,-1,-1,-1,-1
2015984113715,2,5,0,17,0,0,5,0,1,11,1,1,6,1,56,9,998,1,7,-1,1,-1
2015984114115,1,9,0,5,9,0,-1,10,0,0,1,1,3,2,28,6,1242,1,7,-1,2,-1
2015984114315,1,19,0,4,0,0,0,0,0,0,2,1,1,2,20,4,1867,2,11,-1,-1,-1
2015984114315,2,9,0,18,0,0,0,0,0,0,1,1,2,2,36,7,1598,2,4,-1,3,-1
2015984114715,1,9,0,16,0,0,0,0,0,0,1,1,6,2,58,9,1242,1,-1,-1,3,-1
2015984114715,2,9,0,4,0,0,0,0,0,0,2,1,1,1,33,6,-1,-1,-1,-1,3,-1
2015984115415,1,9,0,18,0,0,0,0,0,0,1,1,6,1,44,7,1999,1,13,-1,3,-1
2015984115415,2,19,0,3,0,0,0,0,0,0,2,1,1,1,23,5,1248,2,3,-1,3,-1
2015984115415,3,9,0,3,0,0,0,0,0,0,2,1,6,1,47,8,1364,1,7,-1,1,-1
2015984115615,1,9,0,18,0,0,5,0,8,11,1,1,6,1,31,6,1560,2,2,-1,3,-1
2015984115915,1,9,0,17,0,0,0,0,1,11,4,1,6,1,20,4,1368,1,7,-1,1,-1
2015984116215,1,9,0,16,0,1,5,0,7,11,1,1,2,1,45,7,1896,2,11,-1,3,-1
2015984116915,1,9,0,5,0,8,0,0,0,0,1,1,6,2,53,8,1598,1,-1,-1,3,-1
2015984117315,1,9,0,2,0,0,0,0,0,0,3,1,6,2,45,7,-1,-1,-1,-1,3,-1
2015984117315,2,1,0,15,0,0,5,8,0,0,1,1,6,1,55,8,-1,-1,-1,-1,3,-1
2015984117915,1,9,0,18,0,2,5,0,0,0,1,1,6,1,40,7,1998,2,-1,-1,1,-1
2015984117915,2,9,0,18,0,2,0,0,0,0,0,1,6,1,31,6,1686,2,4,-1,1,-1
2015984118215,1,9,0,16,0,0,0,0,7,4,1,1,6,1,75,10,-1,-1,-1,-1,3,-1
2015984118715,1,9,0,18,0,0,2,0,1,6,3,1,6,2,48,8,998,1,1,-1,1,-1
2015984118715,2,9,0,18,0,0,0,0,0,0,4,1,6,1,36,7,3189,1,8,-1,1,-1
2015984118815,1,9,0,18,0,2,0,0,0,0,4,1,6,2,22,5,1229,1,2,-1,3,-1
2015984118915,1,9,0,18,0,0,0,0,0,0,1,1,6,1,19,4,1360,1,8,-1,1,-1
2015984118915,2,21,1,18,0,0,0,0,0,0,2,1,1,1,46,8,12740,2,4,-1,1,-1
2015984118915,3,21,1,18,0,0,0,0,0,0,3,1,1,1,50,8,11705,2,8,-1,1,-1
2015984119015,1,9,0,9,0,8,0,0,0,0,3,1,6,1,22,5,1998,1,4,-1,3,-1
2015984119015,2,1,0,18,0,4,0,0,0,0,1,1,6,2,41,7,-1,-1,-1,-1,2,-1
2015984120415,1,9,0,18,0,0,1,0,5,6,3,1,6,1,55,8,1796,1,9,-1,1,-1
2015984120515,1,9,0,18,0,0,0,0,0,0,3,1,6,2,24,5,1598,1,6,-1,2,-1
2015984120715,1,9,0,13,0,0,2,0,0,0,3,1,6,1,19,4,1229,1,1,-1,1,-1
2015984120715,2,9,0,18,0,0,1,0,7,4,2,1,6,2,41,7,1461,2,-1,-1,1,-1
2015984120715,3,9,0,13,0,0,0,0,0,0,4,1,6,1,38,7,1998,2,7,-1,2,-1
2015984120915,1,5,0,17,0,0,0,0,1,0,1,1,6,1,53,8,1340,1,3,-1,1,-1
2015984121415,1,9,0,17,0,0,2,0,7,4,1,1,6,2,20,4,1461,2,11,-1,3,-1
2015984122215,1,1,0,9,0,8,0,0,0,0,1,1,6,1,12,3,-1,-1,-1,-1,2,-1
2015984122215,2,9,0,18,0,1,0,0,0,0,1,1,6,2,44,7,1994,2,7,-1,2,-1
2015984122415,1,9,0,5,0,6,0,0,1,0,3,1,2,2,19,4,1229,1,-1,-1,3,-1
2015984122415,2,9,0,18,0,1,0,0,0,0,4,1,6,1,53,8,1598,2,2,-1,2,-1
2015984122415,3,9,0,18,0,1,0,11,0,0,1,1,6,2,29,6,1360,1,10,-1,1,-1
2015984122515,1,9,0,17,0,0,0,0,0,0,0,1,6,1,-1,-1,-1,-1,-1,-1,-1,-1
2015984122515,2,5,0,16,0,0,1,0,0,11,1,1,6,1,52,8,600,1,17,-1,2,-1
2015984123315,1,5,0,17,0,0,0,0,1,0,4,1,6,1,32,6,645,1,11,-1,1,-1
2015984123415,1,5,0,4,7,2,1,0,0,0,4,1,6,1,70,10,1170,1,5,-1,-1,-1
2015984123615,1,9,0,18,0,0,0,0,0,6,3,1,2,1,40,7,4197,1,10,-1,3,-1
2015984124215,1,9,0,9,0,8,0,0,0,0,0,1,6,3,-1,-1,-1,-1,-1,-1,-1,-1
2015984124215,2,9,0,4,0,1,0,0,0,0,1,1,6,2,26,6,1598,1,5,-1,3,-1
2015984124215,3,9,0,4,0,1,0,0,0,0,2,1,6,2,61,9,1560,2,2,-1,3,-1
2015984124815,1,9,0,18,0,0,2,0,4,6,1,1,2,1,29,6,1364,1,7,-1,1,-1
2015984125115,1,19,0,18,0,0,0,0,0,0,1,1,2,1,33,6,1248,2,8,-1,1,-1
2015984125115,2,21,1,18,0,0,0,0,0,0,2,2,1,1,32,6,-1,-1,-1,-1,-1,-1
2015984125315,1,9,0,16,0,1,1,0,7,7,1,1,6,2,48,8,1598,2,1,-1,1,-1
2015984125515,1,4,0,13,0,0,0,0,1,0,1,1,6,1,27,6,599,1,17,-1,1,-1
2015984125515,2,17,4,18,0,0,0,0,0,0,2,1,1,1,19,4,-1,2,14,-1,3,-1
2015984125815,1,9,0,16,0,0,0,0,0,0,1,1,6,1,77,11,1596,1,5,-1,3,-1
2015984125815,2,21,0,17,0,0,0,0,0,0,3,1,1,1,43,7,5193,2,6,-1,3,-1
2015984126115,1,9,0,9,0,1,0,0,0,2,1,1,6,2,24,5,1968,2,5,-1,2,-1
2015984126115,2,9,0,18,0,1,0,0,1,0,1,1,2,1,68,10,1998,1,9,-1,1,-1
2015984126215,1,9,0,3,0,1,0,0,0,0,2,1,2,2,35,6,1198,1,2,-1,3,-1
2015984126215,2,9,0,3,0,1,0,0,0,0,1,1,6,1,46,8,1896,2,13,-1,1,-1
2015984126215,3,19,0,3,0,1,0,0,0,0,1,1,2,1,53,8,2198,2,3,-1,3,-1
2015984126815,1,9,0,16,0,0,1,0,0,0,3,1,6,1,23,5,1598,2,1,-1,3,-1
2015984126815,2,9,0,17,0,0,0,0,2,3,3,1,6,2,59,9,2184,2,10,-1,1,-1
2015984126915,1,9,0,18,0,0,0,0,1,9,1,1,6,1,52,8,1997,2,8,-1,1,-1
2015984126915,2,9,0,18,0,0,0,0,1,9,1,1,6,1,45,7,1984,1,9,-1,1,-1
2015984127315,1,2,0,18,0,0,1,4,0,0,1,1,6,1,44,7,49,1,12,-1,2,-1
2015984127315,2,9,0,2,0,0,0,0,0,0,2,-1,-1,3,-1,-1,1422,2,5,-1,-1,-1
2015984127515,1,19,0,4,0,1,0,0,0,0,3,1,6,1,56,9,1968,2,3,-1,2,-1
2015984127515,2,1,0,7,9,1,0,0,0,0,1,1,6,1,9,2,-1,-1,-1,-1,2,-1
2015984127615,1,9,0,16,0,0,1,0,8,7,3,1,2,1,48,8,1995,2,3,-1,1,-1
2015984128215,1,9,0,17,0,0,0,6,1,7,1,1,6,1,21,5,2143,2,-1,-1,1,-1
2015984128515,1,5,0,18,0,0,0,0,7,6,1,1,6,1,50,8,996,1,17,-1,1,-1
2015984129115,1,19,0,18,0,0,0,0,0,0,1,1,1,1,48,8,1968,2,1,-1,3,-1
2015984129115,2,21,1,18,0,0,0,0,0,0,2,1,1,1,51,8,12777,2,2,-1,2,-1
2015984129715,1,9,0,5,0,6,0,0,0,0,1,1,6,1,55,8,1910,2,11,-1,3,-1
2015984129715,2,9,0,9,0,5,0,0,0,0,3,1,6,2,47,8,1461,2,1,-1,3,-1
2015984130315,1,9,0,18,0,0,0,0,0,0,4,1,6,3,-1,-1,-1,-1,-1,-1,-1,-1
2015984130315,2,1,0,18,0,0,1,0,1,9,3,1,6,1,16,4,-1,-1,-1,-1,3,-1
2015984130815,1,5,0,17,0,0,1,0,1,0,1,1,6,1,60,9,1170,1,4,-1,3,-1
2015984131215,1,21,1,18,0,0,5,0,1,9,1,1,1,1,28,6,15607,2,10,-1,-1,-1
2015984132215,1,9,0,16,0,3,0,0,0,0,1,1,6,1,-1,-1,-1,-1,-1,-1,-1,-1
2015984132315,1,9,0,16,0,0,0,0,0,0,1,1,6,1,-1,-1,1560,2,6,-1,-1,-1
2015984132315,2,9,0,17,0,0,0,0,1,0,1,1,6,2,55,8,-1,-1,-1,-1,3,-1
2015984132815,1,9,0,13,0,0,2,0,1,1,4,1,6,1,34,6,1362,1,3,-1,-1,-1
2015984132815,2,9,0,13,0,0,1,0,1,0,3,1,6,1,20,4,1242,1,11,-1,1,-1
2015984133015,1,3,0,9,0,8,0,0,0,0,1,1,6,1,27,6,125,1,-1,-1,3,-1
2015984133015,2,9,0,18,0,8,0,0,0,0,1,1,6,1,49,8,1560,2,1,-1,2,-1
2015984133115,1,9,0,16,0,0,2,0,7,11,1,1,6,2,20,4,1242,1,2,-1,3,-1
2015984133815,1,9,0,18,0,0,1,0,7,0,1,1,6,2,72,10,1149,1,6,-1,2,-1
2015984133815,2,10,0,18,0,0,1,0,7,0,1,1,4,1,61,9,1998,2,10,-1,2,-1
2015984133815,3,90,0,18,0,0,0,0,0,0,0,1,1,1,32,6,-1,-1,-1,-1,3,-1
2015984134815,1,3,0,18,0,0,0,0,0,0,1,1,6,1,25,5,124,1,1,-1,3,-1
2015984135815,1,9,0,18,0,1,0,0,0,0,1,1,6,1,74,10,2179,2,2,-1,3,-1
2015984135815,2,1,0,7,0,5,0,0,0,0,2,1,6,1,56,9,-1,-1,-1,-1,3,-1
2015984136815,1,9,0,9,0,1,0,0,0,0,3,1,6,2,50,8,1989,1,12,-1,3,-1
2015984137515,1,9,0,18,0,0,0,0,0,0,1,1,2,1,37,7,1229,1,6,-1,3,-1
2015984137515,2,9,0,18,0,0,0,0,1,0,3,1,6,1,62,9,1248,2,3,-1,2,-1
2015984137615,1,20,0,18,0,0,0,0,0,0,1,1,1,1,32,6,-1,-1,-1,-1,1,-1
2015984137615,2,8,0,18,0,0,0,0,0,0,2,1,1,1,46,8,1896,2,7,-1,2,-1
2015984139015,1,3,0,18,0,0,1,0,1,0,4,1,2,1,23,5,125,1,-1,-1,2,-1
2015984139115,1,19,0,18,0,0,1,0,0,0,1,1,2,1,38,7,1461,2,7,-1,2,-1
2015984139115,2,9,0,18,0,0,1,0,2,0,3,1,2,2,35,6,1598,2,1,-1,-1,-1
2015984139115,3,9,0,18,0,0,0,0,0,0,1,1,6,1,65,9,2179,2,1,-1,-1,-1
2015984139715,1,9,0,9,0,6,0,0,0,0,0,1,6,1,36,7,1560,2,1,-1,3,-1
2015984139715,2,9,0,18,0,8,1,0,7,9,1,1,6,2,24,5,1199,1,11,-1,3,-1
2015984140215,1,9,0,18,0,0,2,0,1,11,4,1,6,1,22,5,2926,2,12,-1,-1,-1
2015984140515,1,9,0,13,0,1,0,0,0,0,1,1,6,2,75,10,1490,1,7,-1,3,-1
2015984140515,2,9,0,7,0,7,0,0,0,0,1,1,6,1,20,4,1242,1,4,-1,1,-1
2015984140515,3,9,0,18,0,8,0,0,0,0,3,1,6,2,32,6,1598,2,1,-1,1,-1
2015984141415,1,9,0,18,0,0,1,0,1,0,0,1,6,1,34,6,2149,2,9,-1,1,-1
2015984141415,2,9,0,18,0,0,1,0,1,0,0,1,6,2,33,6,1596,1,13,-1,1,-1
2015984141415,3,9,0,18,0,0,1,0,1,9,1,1,6,1,23,5,2199,2,4,-1,2,-1
2015984141415,4,9,0,18,0,0,1,0,5,7,1,1,6,1,53,8,2993,2,-1,-1,3,-1
2015984141415,5,9,0,18,0,0,1,0,0,6,1,1,6,1,36,7,1989,1,18,-1,1,-1
2015984141415,6,9,0,18,0,0,1,0,0,0,2,1,6,1,26,6,1783,1,13,-1,1,-1
2015984141415,7,9,0,18,0,0,1,0,1,0,1,1,6,1,25,5,1968,2,-1,-1,1,-1
2015984141415,8,9,0,18,0,0,1,0,1,0,2,1,6,1,47,8,1997,2,1,-1,1,-1
2015984141415,9,9,0,18,0,0,1,0,0,0,1,1,6,1,57,9,1242,1,1,-1,1,-1
2015984141415,10,9,0,18,0,0,1,0,1,0,2,1,6,1,19,4,1422,2,-1,-1,2,-1
2015984141415,11,9,0,18,0,0,1,0,1,0,2,1,6,1,-1,-1,1596,1,5,-1,1,-1
2015984141415,12,9,0,18,0,0,1,0,0,0,2,1,6,1,29,6,1596,1,15,-1,3,-1
2015984141415,13,9,0,18,0,0,0,0,5,7,1,1,6,2,17,4,1199,1,12,-1,1,-1